# 3ds Max Wavefront OBJ Exporter v0.99 - (c)2007 guruware
# File Created: 28.04.2026 14:23:09

mtllib Banco_Stand1.mtl

#
# object Banco_Stand1
#

v  -3.4465 0.5167 15.2091
v  -3.4506 0.5175 15.2092
v  -3.4500 0.5199 15.2063
v  -3.4434 0.5185 15.2062
v  -3.1276 0.5230 15.3227
v  -3.1129 0.5230 15.3021
v  -3.1114 0.5186 15.3030
v  -3.1264 0.5186 15.3238
v  -3.4470 0.5295 15.2132
v  -3.4470 0.5296 15.2130
v  -3.4470 0.5295 15.2128
v  -3.4470 0.5295 15.2130
v  -3.4433 0.5274 15.2085
v  -3.4436 0.5274 15.2129
v  -3.4446 0.5281 15.2091
v  -3.4022 0.5274 15.0946
v  -3.4171 0.5274 15.1154
v  -3.4157 0.5230 15.1163
v  -3.4009 0.5230 15.0957
v  -3.1676 0.5281 15.3613
v  -3.1754 0.5274 15.3645
v  -3.1745 0.5280 15.3651
v  -3.1699 0.5294 15.3652
v  -3.1678 0.5274 15.3601
v  -3.1720 0.5185 15.0555
v  -3.1720 0.5186 15.0556
v  -3.2488 0.4878 15.1973
v  -3.2495 0.4844 15.1964
v  -3.1717 0.5217 15.0571
v  -3.1740 0.5281 15.0532
v  -3.1764 0.5294 15.0495
v  -3.2549 0.4949 15.1921
v  -3.2516 0.4939 15.1943
v  -3.1820 0.5274 15.0504
v  -3.1741 0.5274 15.0545
v  -3.1810 0.5280 15.0497
v  -3.2838 0.4949 15.2096
v  -3.4444 0.5281 15.2169
v  -3.2833 0.4939 15.2135
v  -3.4431 0.5274 15.2174
v  -3.2510 0.4939 15.2236
v  -3.1662 0.5252 15.3582
v  -3.2490 0.4913 15.2214
v  -3.2542 0.4949 15.2259
v  -3.2577 0.4939 15.2276
v  -3.2549 0.4813 15.1921
v  -3.1760 0.5159 15.0487
v  -3.1731 0.5166 15.0515
v  -3.2516 0.4821 15.1943
v  -3.2614 0.4844 15.1899
v  -3.1840 0.5185 15.0492
v  -3.1800 0.5166 15.0479
v  -3.2585 0.4821 15.1906
v  -3.4420 0.5216 15.2051
v  -3.4419 0.5230 15.2129
v  -3.4436 0.5186 15.2129
v  -3.4432 0.5186 15.2061
v  -3.4415 0.5230 15.2055
v  -3.2490 0.4844 15.2214
v  -3.1657 0.5185 15.3590
v  -3.1666 0.5166 15.3630
v  -3.2510 0.4821 15.2236
v  -3.1774 0.5185 15.3658
v  -3.1775 0.5186 15.3657
v  -3.2617 0.4878 15.2286
v  -3.2606 0.4844 15.2284
v  -3.1790 0.5216 15.3652
v  -3.4417 0.5216 15.2207
v  -3.4429 0.5186 15.2197
v  -3.2824 0.4844 15.2164
v  -3.2820 0.4878 15.2174
v  -3.4431 0.5185 15.2197
v  -3.1841 0.5186 15.0493
v  -3.2827 0.4844 15.2028
v  -3.2823 0.4878 15.2018
v  -3.2827 0.4913 15.2028
v  -3.4424 0.5251 15.2062
v  -3.2542 0.4813 15.2259
v  -3.1694 0.5159 15.3659
v  -3.1789 0.5230 15.3645
v  -3.1661 0.5230 15.3572
v  -3.1779 0.5251 15.3649
v  -3.4421 0.5251 15.2197
v  -3.4412 0.5230 15.2203
v  -3.1624 0.5199 15.3645
v  -3.1645 0.5175 15.3666
v  -3.2614 0.4913 15.1899
v  -3.1854 0.5230 15.0505
v  -3.1856 0.5216 15.0499
v  -3.2625 0.4878 15.1898
v  -3.1845 0.5251 15.0501
v  -3.4463 0.5167 15.2169
v  -3.2833 0.4821 15.2135
v  -3.1749 0.5263 15.3699
v  -3.1728 0.5287 15.3678
v  -3.4117 0.5230 15.3083
v  -3.3961 0.5230 15.3283
v  -3.3973 0.5186 15.3294
v  -3.4131 0.5186 15.3093
v  -3.1739 0.5199 15.3715
v  -3.1753 0.5231 15.3712
v  -3.1734 0.5166 15.3669
v  -3.1711 0.5175 15.3706
v  -3.2824 0.4913 15.2164
v  -3.1744 0.5167 15.0457
v  -3.1711 0.5175 15.0479
v  -3.1864 0.5186 15.3708
v  -3.1845 0.5159 15.3747
v  -3.1618 0.5159 15.3617
v  -3.1657 0.5186 15.3589
v  -3.1642 0.5186 15.3580
v  -3.2606 0.4913 15.2284
v  -3.1779 0.5175 15.0441
v  -3.1808 0.5199 15.0433
v  -3.1821 0.5231 15.0436
v  -3.2585 0.4939 15.1906
v  -3.1169 0.5230 15.1101
v  -3.1325 0.5230 15.0901
v  -3.1312 0.5186 15.0890
v  -3.1155 0.5186 15.1092
v  -3.1655 0.5217 15.3574
v  -3.1620 0.5231 15.3632
v  -3.1642 0.5274 15.3580
v  -3.1652 0.5230 15.3566
v  -3.1723 0.5230 15.0573
v  -3.4171 0.5186 15.1154
v  -3.4022 0.5186 15.0946
v  -3.1633 0.5263 15.3629
v  -3.1661 0.5287 15.3638
v  -3.1677 0.5167 15.3688
v  -3.1696 0.5296 15.3656
v  -3.3834 0.5230 15.0774
v  -3.3845 0.5186 15.0762
v  -3.3643 0.5186 15.0604
v  -3.3634 0.5230 15.0618
v  -3.1508 0.5230 15.0726
v  -3.1714 0.5230 15.0578
v  -3.1705 0.5186 15.0564
v  -3.1497 0.5186 15.0713
v  -3.1684 0.5231 15.0512
v  -3.1725 0.5252 15.0563
v  -3.1698 0.5263 15.0515
v  -3.4508 0.5167 15.2131
v  -3.4477 0.5160 15.2130
v  -3.4505 0.5175 15.2170
v  -3.3778 0.5230 15.3459
v  -3.3789 0.5274 15.3472
v  -3.3581 0.5274 15.3621
v  -3.3572 0.5230 15.3606
v  -3.1871 0.5230 15.3692
v  -3.3643 0.5274 15.0604
v  -3.3845 0.5274 15.0762
v  -3.4131 0.5274 15.3093
v  -3.3973 0.5274 15.3294
v  -3.4466 0.5159 15.1869
v  -3.4480 0.5159 15.2130
v  -3.4423 0.5186 15.1874
v  -3.1155 0.5274 15.1092
v  -3.1312 0.5274 15.0890
v  -3.2577 0.4821 15.2276
v  -3.3581 0.5186 15.3621
v  -3.3789 0.5186 15.3472
v  -3.1452 0.5230 15.3410
v  -3.1441 0.5274 15.3423
v  -3.1727 0.5287 15.0507
v  -3.2835 0.4821 15.2057
v  -3.4478 0.5263 15.2198
v  -3.4472 0.5287 15.2169
v  -3.3723 0.5186 15.0486
v  -3.3732 0.5230 15.0472
v  -3.3490 0.5230 15.0334
v  -3.3483 0.5186 15.0349
v  -3.3940 0.5186 15.0656
v  -3.3952 0.5230 15.0644
v  -3.4131 0.5186 15.0856
v  -3.4144 0.5230 15.0845
v  -3.4307 0.5230 15.1071
v  -3.4292 0.5186 15.1080
v  -3.4435 0.5230 15.1318
v  -3.4420 0.5186 15.1325
v  -3.4527 0.5230 15.1581
v  -3.4511 0.5186 15.1586
v  -3.4580 0.5230 15.1855
v  -3.4564 0.5186 15.1857
v  -3.4594 0.5230 15.2133
v  -3.4578 0.5186 15.2132
v  -3.4569 0.5230 15.2410
v  -3.4552 0.5186 15.2407
v  -3.4504 0.5230 15.2681
v  -3.4488 0.5186 15.2676
v  -3.4401 0.5230 15.2940
v  -3.4386 0.5186 15.2933
v  -3.4263 0.5230 15.3182
v  -3.4249 0.5186 15.3172
v  -3.4497 0.5199 15.2198
v  -3.4091 0.5230 15.3401
v  -3.4079 0.5186 15.3390
v  -3.3890 0.5230 15.3594
v  -3.3880 0.5186 15.3581
v  -3.3664 0.5230 15.3756
v  -3.3655 0.5186 15.3742
v  -3.3417 0.5230 15.3884
v  -3.3410 0.5186 15.3869
v  -3.3154 0.5230 15.3976
v  -3.3149 0.5186 15.3960
v  -3.2880 0.5230 15.4030
v  -3.2878 0.5186 15.4013
v  -3.2603 0.5186 15.4027
v  -3.2602 0.5230 15.4044
v  -3.2328 0.5186 15.4002
v  -3.2325 0.5230 15.4018
v  -3.2059 0.5186 15.3937
v  -3.2054 0.5230 15.3953
v  -3.1802 0.5186 15.3836
v  -3.1795 0.5230 15.3851
v  -3.1563 0.5186 15.3698
v  -3.1554 0.5230 15.3712
v  -3.1345 0.5186 15.3528
v  -3.1334 0.5230 15.3541
v  -3.1154 0.5186 15.3329
v  -3.1141 0.5230 15.3340
v  -3.0979 0.5230 15.3113
v  -3.0993 0.5186 15.3104
v  -3.0851 0.5230 15.2866
v  -3.0866 0.5186 15.2859
v  -3.0759 0.5230 15.2603
v  -3.0775 0.5186 15.2599
v  -3.0705 0.5230 15.2330
v  -3.0722 0.5186 15.2328
v  -3.0691 0.5230 15.2052
v  -3.0708 0.5186 15.2052
v  -3.0777 0.5159 15.1784
v  -3.0733 0.5186 15.1777
v  -3.0752 0.5159 15.2053
v  -3.0840 0.5159 15.1522
v  -3.0798 0.5186 15.1509
v  -3.0939 0.5159 15.1271
v  -3.0899 0.5186 15.1252
v  -3.1073 0.5159 15.1037
v  -3.1037 0.5186 15.1012
v  -3.1239 0.5159 15.0824
v  -3.1207 0.5186 15.0795
v  -3.1434 0.5159 15.0637
v  -3.1406 0.5186 15.0604
v  -3.1654 0.5159 15.0480
v  -3.1631 0.5186 15.0443
v  -3.1893 0.5159 15.0356
v  -3.1876 0.5186 15.0315
v  -3.2148 0.5159 15.0267
v  -3.2136 0.5186 15.0224
v  -3.2413 0.5159 15.0215
v  -3.2407 0.5186 15.0171
v  -3.2682 0.5159 15.0201
v  -3.2683 0.5186 15.0157
v  -3.2958 0.5186 15.0183
v  -3.2951 0.5159 15.0226
v  -3.0850 0.5274 15.2055
v  -3.0874 0.5274 15.1800
v  -3.0890 0.5230 15.1803
v  -3.0867 0.5230 15.2055
v  -3.0933 0.5274 15.1551
v  -3.0949 0.5230 15.1556
v  -3.1028 0.5274 15.1314
v  -3.1043 0.5230 15.1321
v  -3.1497 0.5274 15.0713
v  -3.1932 0.5274 15.0446
v  -3.1939 0.5230 15.0461
v  -3.2173 0.5274 15.0362
v  -3.2178 0.5230 15.0378
v  -3.2425 0.5274 15.0312
v  -3.2427 0.5230 15.0329
v  -3.2680 0.5274 15.0299
v  -3.2680 0.5230 15.0316
v  -3.2935 0.5274 15.0323
v  -3.2932 0.5230 15.0340
v  -3.3184 0.5274 15.0383
v  -3.3179 0.5230 15.0399
v  -3.3421 0.5274 15.0477
v  -3.3414 0.5230 15.0492
v  -3.4289 0.5274 15.1381
v  -3.4274 0.5230 15.1388
v  -3.4373 0.5274 15.1623
v  -3.4357 0.5230 15.1627
v  -3.4423 0.5274 15.1874
v  -3.4406 0.5230 15.1876
v  -3.4412 0.5274 15.2384
v  -3.4395 0.5230 15.2382
v  -3.4352 0.5274 15.2633
v  -3.4336 0.5230 15.2628
v  -3.4258 0.5274 15.2871
v  -3.4243 0.5230 15.2864
v  -3.3354 0.5274 15.3738
v  -3.3347 0.5230 15.3723
v  -3.3112 0.5274 15.3823
v  -3.3108 0.5230 15.3807
v  -3.2861 0.5274 15.3872
v  -3.2859 0.5230 15.3855
v  -3.2606 0.5274 15.3885
v  -3.2606 0.5230 15.3868
v  -3.1705 0.5274 15.0564
v  -3.2354 0.5230 15.3845
v  -3.2351 0.5274 15.3861
v  -3.2107 0.5230 15.3786
v  -3.2102 0.5274 15.3802
v  -3.1864 0.5274 15.3708
v  -3.1264 0.5274 15.3238
v  -3.1114 0.5274 15.3030
v  -3.0997 0.5274 15.2803
v  -3.1012 0.5230 15.2796
v  -3.0912 0.5274 15.2562
v  -3.0928 0.5230 15.2557
v  -3.0863 0.5274 15.2310
v  -3.0880 0.5230 15.2308
v  -3.0830 0.5301 15.1793
v  -3.0806 0.5301 15.2054
v  -3.0891 0.5301 15.1538
v  -3.0988 0.5301 15.1295
v  -3.1118 0.5301 15.1067
v  -3.1280 0.5301 15.0861
v  -3.1469 0.5301 15.0679
v  -3.1682 0.5301 15.0526
v  -3.1915 0.5301 15.0406
v  -3.2162 0.5301 15.0319
v  -3.2419 0.5301 15.0269
v  -3.2681 0.5301 15.0256
v  -3.2942 0.5301 15.0280
v  -3.3197 0.5301 15.0341
v  -3.3441 0.5301 15.0437
v  -3.3668 0.5301 15.0568
v  -3.3874 0.5301 15.0729
v  -3.4056 0.5301 15.0918
v  -3.4209 0.5301 15.1131
v  -3.4329 0.5301 15.1364
v  -3.4416 0.5301 15.1611
v  -3.4466 0.5301 15.1869
v  -3.4480 0.5301 15.2130
v  -3.4455 0.5301 15.2391
v  -3.4394 0.5301 15.2646
v  -3.4298 0.5301 15.2890
v  -3.4167 0.5301 15.3117
v  -3.4006 0.5301 15.3324
v  -3.3817 0.5301 15.3505
v  -3.3604 0.5301 15.3658
v  -3.3371 0.5301 15.3779
v  -3.3124 0.5301 15.3865
v  -3.2866 0.5301 15.3916
v  -3.2605 0.5301 15.3929
v  -3.2344 0.5301 15.3905
v  -3.2089 0.5301 15.3844
v  -3.1845 0.5301 15.3747
v  -3.1618 0.5301 15.3617
v  -3.1411 0.5301 15.3455
v  -3.1230 0.5301 15.3266
v  -3.1077 0.5301 15.3053
v  -3.0956 0.5301 15.2820
v  -3.0870 0.5301 15.2573
v  -3.0819 0.5301 15.2316
v  -3.2335 0.5301 15.3958
v  -3.2072 0.5301 15.3896
v  -3.2873 0.5301 15.3970
v  -3.2604 0.5301 15.3983
v  -3.1822 0.5301 15.3796
v  -3.1587 0.5301 15.3662
v  -3.1375 0.5301 15.3496
v  -3.1188 0.5301 15.3301
v  -3.1031 0.5301 15.3082
v  -3.0906 0.5301 15.2842
v  -3.0817 0.5301 15.2587
v  -3.0765 0.5301 15.2322
v  -3.0752 0.5301 15.2053
v  -3.0777 0.5301 15.1784
v  -3.0840 0.5301 15.1522
v  -3.0939 0.5301 15.1271
v  -3.1073 0.5301 15.1037
v  -3.1239 0.5301 15.0824
v  -3.1434 0.5301 15.0637
v  -3.1654 0.5301 15.0480
v  -3.1893 0.5301 15.0356
v  -3.2148 0.5301 15.0267
v  -3.2413 0.5301 15.0215
v  -3.3138 0.5301 15.3918
v  -3.3393 0.5301 15.3829
v  -3.3632 0.5301 15.3704
v  -3.3851 0.5301 15.3547
v  -3.4046 0.5301 15.3360
v  -3.4212 0.5301 15.3148
v  -3.4347 0.5301 15.2914
v  -3.4446 0.5301 15.2663
v  -3.4509 0.5301 15.2400
v  -3.4534 0.5301 15.2132
v  -3.4520 0.5301 15.1862
v  -3.4468 0.5301 15.1597
v  -3.4379 0.5301 15.1342
v  -3.4255 0.5301 15.1103
v  -3.4098 0.5301 15.0884
v  -3.3911 0.5301 15.0689
v  -3.3698 0.5301 15.0523
v  -3.3464 0.5301 15.0388
v  -3.3213 0.5301 15.0289
v  -3.2951 0.5301 15.0226
v  -3.2682 0.5301 15.0201
v  -3.0733 0.5274 15.1777
v  -3.0708 0.5274 15.2052
v  -3.0798 0.5274 15.1509
v  -3.0899 0.5274 15.1252
v  -3.1037 0.5274 15.1012
v  -3.1207 0.5274 15.0795
v  -3.1406 0.5274 15.0604
v  -3.1631 0.5274 15.0443
v  -3.1876 0.5274 15.0315
v  -3.2136 0.5274 15.0224
v  -3.2407 0.5274 15.0171
v  -3.2683 0.5274 15.0157
v  -3.2958 0.5274 15.0183
v  -3.3227 0.5274 15.0247
v  -3.3483 0.5274 15.0349
v  -3.3723 0.5274 15.0486
v  -3.3940 0.5274 15.0656
v  -3.4131 0.5274 15.0856
v  -3.4292 0.5274 15.1080
v  -3.4420 0.5274 15.1325
v  -3.4511 0.5274 15.1586
v  -3.4564 0.5274 15.1857
v  -3.4578 0.5274 15.2132
v  -3.4552 0.5274 15.2407
v  -3.4488 0.5274 15.2676
v  -3.4386 0.5274 15.2933
v  -3.4249 0.5274 15.3172
v  -3.4079 0.5274 15.3390
v  -3.3880 0.5274 15.3581
v  -3.3655 0.5274 15.3742
v  -3.3410 0.5274 15.3869
v  -3.3149 0.5274 15.3960
v  -3.2878 0.5274 15.4013
v  -3.2603 0.5274 15.4027
v  -3.2328 0.5274 15.4002
v  -3.2059 0.5274 15.3937
v  -3.1802 0.5274 15.3836
v  -3.1563 0.5274 15.3698
v  -3.1345 0.5274 15.3528
v  -3.1154 0.5274 15.3329
v  -3.0993 0.5274 15.3104
v  -3.0866 0.5274 15.2859
v  -3.0775 0.5274 15.2599
v  -3.0722 0.5274 15.2328
v  -3.0717 0.5230 15.1774
v  -3.0782 0.5230 15.1503
v  -3.0884 0.5230 15.1245
v  -3.1023 0.5230 15.1003
v  -3.1194 0.5230 15.0784
v  -3.1395 0.5230 15.0591
v  -3.1622 0.5230 15.0428
v  -3.1869 0.5230 15.0300
v  -3.2132 0.5230 15.0208
v  -3.2405 0.5230 15.0155
v  -3.2683 0.5230 15.0141
v  -3.2961 0.5230 15.0166
v  -3.3232 0.5230 15.0231
v  -3.3227 0.5186 15.0247
v  -3.3213 0.5159 15.0289
v  -3.3464 0.5159 15.0388
v  -3.3698 0.5159 15.0523
v  -3.3911 0.5159 15.0689
v  -3.4098 0.5159 15.0884
v  -3.4255 0.5159 15.1103
v  -3.4379 0.5159 15.1342
v  -3.4468 0.5159 15.1597
v  -3.4520 0.5159 15.1862
v  -3.4534 0.5159 15.2132
v  -3.4509 0.5159 15.2400
v  -3.4446 0.5159 15.2663
v  -3.4347 0.5159 15.2914
v  -3.4212 0.5159 15.3148
v  -3.4046 0.5159 15.3360
v  -3.3851 0.5159 15.3547
v  -3.3632 0.5159 15.3704
v  -3.3393 0.5159 15.3829
v  -3.3138 0.5159 15.3918
v  -3.2873 0.5159 15.3970
v  -3.2604 0.5159 15.3983
v  -3.2335 0.5159 15.3958
v  -3.2072 0.5159 15.3896
v  -3.1822 0.5159 15.3796
v  -3.1587 0.5159 15.3662
v  -3.1375 0.5159 15.3496
v  -3.1188 0.5159 15.3301
v  -3.1031 0.5159 15.3082
v  -3.0906 0.5159 15.2842
v  -3.0817 0.5159 15.2587
v  -3.0765 0.5159 15.2322
v  -3.2866 0.5159 15.3916
v  -3.2605 0.5159 15.3929
v  -3.3124 0.5159 15.3865
v  -3.3371 0.5159 15.3779
v  -3.3604 0.5159 15.3658
v  -3.3817 0.5159 15.3505
v  -3.4006 0.5159 15.3324
v  -3.4167 0.5159 15.3117
v  -3.4298 0.5159 15.2890
v  -3.4394 0.5159 15.2646
v  -3.4455 0.5159 15.2391
v  -3.4416 0.5159 15.1611
v  -3.4329 0.5159 15.1364
v  -3.4209 0.5159 15.1131
v  -3.4056 0.5159 15.0918
v  -3.3874 0.5159 15.0729
v  -3.3668 0.5159 15.0568
v  -3.3441 0.5159 15.0437
v  -3.3197 0.5159 15.0341
v  -3.2942 0.5159 15.0280
v  -3.2681 0.5159 15.0256
v  -3.2344 0.5159 15.3905
v  -3.2089 0.5159 15.3844
v  -3.1411 0.5159 15.3455
v  -3.1230 0.5159 15.3266
v  -3.1077 0.5159 15.3053
v  -3.0956 0.5159 15.2820
v  -3.0870 0.5159 15.2573
v  -3.0819 0.5159 15.2316
v  -3.0806 0.5159 15.2054
v  -3.0830 0.5159 15.1793
v  -3.0891 0.5159 15.1538
v  -3.0988 0.5159 15.1295
v  -3.1118 0.5159 15.1067
v  -3.1280 0.5159 15.0861
v  -3.1469 0.5159 15.0679
v  -3.1682 0.5159 15.0526
v  -3.1915 0.5159 15.0406
v  -3.2162 0.5159 15.0319
v  -3.2419 0.5159 15.0269
v  -3.1441 0.5186 15.3423
v  -3.0874 0.5186 15.1800
v  -3.0850 0.5186 15.2055
v  -3.0933 0.5186 15.1551
v  -3.1028 0.5186 15.1314
v  -3.1932 0.5186 15.0446
v  -3.2173 0.5186 15.0362
v  -3.2425 0.5186 15.0312
v  -3.2680 0.5186 15.0299
v  -3.2935 0.5186 15.0323
v  -3.3184 0.5186 15.0383
v  -3.3421 0.5186 15.0477
v  -3.4289 0.5186 15.1381
v  -3.4373 0.5186 15.1623
v  -3.4412 0.5186 15.2384
v  -3.4352 0.5186 15.2633
v  -3.4258 0.5186 15.2871
v  -3.3354 0.5186 15.3738
v  -3.3112 0.5186 15.3823
v  -3.2861 0.5186 15.3872
v  -3.2606 0.5186 15.3885
v  -3.2351 0.5186 15.3861
v  -3.2102 0.5186 15.3802
v  -3.0997 0.5186 15.2803
v  -3.0912 0.5186 15.2562
v  -3.0863 0.5186 15.2310
v  -3.2838 0.4813 15.2096
v  -3.2835 0.4939 15.2057
v  -3.4488 0.5231 15.2209
v  -3.4481 0.5263 15.2063
v  -3.4474 0.5287 15.2091
v  -3.4491 0.5231 15.2053
v  -3.2483 0.4878 15.2205
v  -3.1817 0.5263 15.0450
v  -3.1795 0.5287 15.0470
v  -3.1762 0.5296 15.0491
v  -3.2495 0.4913 15.1964
v  -3.1689 0.5199 15.0498
v  -3.3172 0.8728 15.2725
v  -3.3286 0.8604 15.3126
v  -3.3270 0.8604 15.2711
v  -2.9685 0.8728 15.2587
v  -2.9878 0.8786 15.2618
v  -2.9669 0.8728 15.3071
v  -3.1517 0.8728 15.1312
v  -3.1563 0.8786 15.1500
v  -3.1241 0.8786 15.1586
v  -2.9566 0.8604 15.2774
v  -2.9776 0.8728 15.3544
v  -2.9584 0.8604 15.3182
v  -2.9822 0.8728 15.2122
v  -3.0001 0.8786 15.2201
v  -2.9998 0.8728 15.3974
v  -2.9861 0.8604 15.3944
v  -3.0725 0.8728 15.4602
v  -3.0418 0.8604 15.4535
v  -3.0321 0.8728 15.4335
v  -3.1133 0.8728 15.4743
v  -3.0774 0.8604 15.4734
v  -3.0761 0.8522 15.4760
v  -3.0803 0.8367 15.4692
v  -3.0466 0.8367 15.4475
v  -3.0407 0.8522 15.4543
v  -3.0543 0.8232 15.4366
v  -3.0856 0.8232 15.4573
v  -3.0638 0.8128 15.4232
v  -3.0922 0.8128 15.4426
v  -3.2983 0.8728 15.3859
v  -3.2914 0.8604 15.4035
v  -3.2859 0.8728 15.3954
v  -3.1535 0.8786 15.4336
v  -3.1127 0.8786 15.4455
v  -3.2156 0.8786 15.4102
v  -3.1848 0.8786 15.4227
v  -3.0811 0.8786 15.4427
v  -3.2459 0.8786 15.3960
v  -3.1073 0.8786 15.4517
v  -3.2748 0.8786 15.3795
v  -3.2610 0.8786 15.3882
v  -3.2934 0.8786 15.3456
v  -3.2823 0.8786 15.3738
v  -3.0449 0.8786 15.4187
v  -3.2993 0.8786 15.3107
v  -3.0159 0.8786 15.3863
v  -3.2980 0.8786 15.2753
v  -2.9959 0.8786 15.3477
v  -3.2894 0.8786 15.2409
v  -2.9864 0.8786 15.3053
v  -3.2739 0.8786 15.2090
v  -3.2522 0.8786 15.1810
v  -3.2252 0.8786 15.1581
v  -3.0225 0.8786 15.1977
v  -3.1985 0.8786 15.1436
v  -3.0144 0.8786 15.1964
v  -3.1729 0.8786 15.1462
v  -3.1891 0.8786 15.1440
v  -3.0614 0.8786 15.1806
v  -3.0924 0.8786 15.1688
v  -3.0767 0.8570 15.4783
v  -3.1163 0.8604 15.4856
v  -3.1157 0.8570 15.4930
v  -3.2362 0.8728 15.1420
v  -3.2662 0.8728 15.1676
v  -3.1141 0.8522 15.4918
v  -3.1163 0.8367 15.4856
v  -3.1189 0.8232 15.4737
v  -3.1222 0.8128 15.4583
v  -3.1076 0.7951 15.4066
v  -3.1307 0.7951 15.4185
v  -3.1239 0.7826 15.3684
v  -3.1397 0.7826 15.3763
v  -3.1407 0.7754 15.3289
v  -3.1491 0.7754 15.3325
v  -3.1230 0.7754 15.2609
v  -3.1189 0.7754 15.2690
v  -3.1445 0.7735 15.2814
v  -2.9739 0.8570 15.1957
v  -2.9776 0.8604 15.1990
v  -2.9602 0.8570 15.2353
v  -2.9631 0.8604 15.2371
v  -3.0408 0.8570 15.4567
v  -3.0364 0.7951 15.2561
v  -3.0321 0.7951 15.2822
v  -3.0726 0.7826 15.2843
v  -3.0755 0.7826 15.2667
v  -3.1145 0.7754 15.2865
v  -3.1161 0.7754 15.2776
v  -3.1438 0.7735 15.2874
v  -3.1439 0.7735 15.2844
v  -2.9545 0.8570 15.3189
v  -2.9536 0.8570 15.2769
v  -2.9547 0.8522 15.3199
v  -2.9549 0.8522 15.2784
v  -3.0857 0.7951 15.3918
v  -3.1090 0.7826 15.3586
v  -3.1330 0.7754 15.3241
v  -3.1500 0.7735 15.3010
v  -3.1524 0.7735 15.3030
v  -3.0090 0.8570 15.4291
v  -3.0109 0.8604 15.4268
v  -3.0090 0.8522 15.4271
v  -3.0161 0.8367 15.4211
v  -3.0258 0.8232 15.4120
v  -3.0657 0.7951 15.3746
v  -3.0377 0.8128 15.4007
v  -3.0954 0.7826 15.3469
v  -3.1261 0.7754 15.3183
v  -3.1479 0.7735 15.2988
v  -2.9827 0.8570 15.3964
v  -2.9822 0.8522 15.3955
v  -2.9898 0.8367 15.3909
v  -3.0007 0.8232 15.3840
v  -2.9683 0.8604 15.3577
v  -2.9627 0.8570 15.3598
v  -2.9609 0.8522 15.3604
v  -2.9684 0.8367 15.3577
v  -2.9798 0.8232 15.3535
v  -2.9946 0.8128 15.3482
v  -3.0145 0.8128 15.3755
v  -3.0328 0.7951 15.3343
v  -3.0479 0.7951 15.3552
v  -3.0734 0.7826 15.3195
v  -3.0834 0.7826 15.3338
v  -3.1155 0.7754 15.3042
v  -3.1202 0.7754 15.3116
v  -3.1449 0.7735 15.2934
v  -3.1462 0.7735 15.2962
v  -2.9942 0.8570 15.1594
v  -2.9995 0.8604 15.1646
v  -2.9748 0.8522 15.1978
v  -2.9938 0.8522 15.1613
v  -2.9995 0.8367 15.1646
v  -2.9825 0.8367 15.2004
v  -2.9941 0.8232 15.2060
v  -3.0091 0.8232 15.1721
v  -3.0087 0.8128 15.2131
v  -3.0216 0.8128 15.1818
v  -3.0436 0.7951 15.2308
v  -3.0536 0.7951 15.2068
v  -3.0806 0.7826 15.2495
v  -3.0876 0.7826 15.2333
v  -3.1456 0.7735 15.2785
v  -3.3802 0.9504 15.3923
v  -3.3787 0.9377 15.3870
v  -3.3762 0.9371 15.3939
v  -3.3758 0.9250 15.3815
v  -3.3712 0.9240 15.3951
v  -2.9617 0.8522 15.2373
v  -2.9706 0.8367 15.2387
v  -2.9835 0.8232 15.2420
v  -2.9993 0.8128 15.2462
v  -2.9775 0.8232 15.2793
v  -2.9642 0.8367 15.2784
v  -2.9938 0.8128 15.2802
v  -2.9635 0.8367 15.3185
v  -2.9763 0.8232 15.3168
v  -2.9923 0.8128 15.3145
v  -3.0309 0.7951 15.3085
v  -3.0719 0.7826 15.3021
v  -3.3064 0.8604 15.3920
v  -3.1144 0.7754 15.2954
v  -3.1441 0.7735 15.2905
v  -3.0045 0.8728 15.1753
v  -3.1917 0.8728 15.4408
v  -3.1594 0.8728 15.4521
v  -3.2030 0.8728 15.1240
v  -3.1873 0.8728 15.1247
v  -3.1864 0.8604 15.1150
v  -3.4086 0.9752 15.1975
v  -3.4128 0.9670 15.1960
v  -3.4193 0.9657 15.2237
v  -3.4167 0.9745 15.2259
v  -3.4134 0.9579 15.1958
v  -3.4187 0.9563 15.2225
v  -3.4103 0.9493 15.1969
v  -3.4148 0.9472 15.2225
v  -3.4001 0.9309 15.2006
v  -3.4047 0.9299 15.2246
v  -3.3866 0.9145 15.2055
v  -3.3915 0.9142 15.2277
v  -3.3702 0.9045 15.2115
v  -3.3759 0.9041 15.2321
v  -3.0732 0.8683 15.1370
v  -3.0765 0.8647 15.1406
v  -3.0453 0.8626 15.1545
v  -3.0424 0.8646 15.1528
v  -3.4222 0.9634 15.2526
v  -3.3802 0.9039 15.2532
v  -3.3946 0.9138 15.2506
v  -3.4207 0.9725 15.2556
v  -3.4212 0.9598 15.2828
v  -3.4203 0.9690 15.2868
v  -3.4209 0.9538 15.2504
v  -3.4196 0.9502 15.2794
v  -3.4166 0.9445 15.2490
v  -3.4154 0.9410 15.2766
v  -3.1620 0.9176 15.0570
v  -3.1713 0.9184 15.0666
v  -3.1400 0.9071 15.0738
v  -3.1291 0.9052 15.0639
v  -3.1767 0.9163 15.0773
v  -3.1471 0.9057 15.0834
v  -3.1817 0.9129 15.0842
v  -3.1537 0.9034 15.0897
v  -3.1829 0.9013 15.0954
v  -3.1571 0.8939 15.0997
v  -3.1853 0.8883 15.1022
v  -3.1617 0.8832 15.1060
v  -3.1827 0.8756 15.1104
v  -3.1620 0.8728 15.1135
v  -3.1678 0.8604 15.1175
v  -3.4069 0.9285 15.2495
v  -3.4067 0.9264 15.2751
v  -3.3957 0.9130 15.2742
v  -3.3831 0.9035 15.2749
v  -3.4154 0.9543 15.3197
v  -3.4148 0.9641 15.3195
v  -3.4140 0.9443 15.3201
v  -3.4104 0.9346 15.3210
v  -3.4117 0.9683 15.2855
v  -3.4069 0.9639 15.3166
v  -3.3949 0.9617 15.3123
v  -3.4000 0.9657 15.2832
v  -3.3962 0.9581 15.3494
v  -3.3845 0.9562 15.3429
v  -3.3758 0.9505 15.3856
v  -3.3651 0.9484 15.3769
v  -3.3909 0.9717 15.2039
v  -3.3977 0.9707 15.2291
v  -3.3890 0.9664 15.2311
v  -3.3830 0.9677 15.2068
v  -3.4008 0.9687 15.2555
v  -3.3915 0.9643 15.2565
v  -3.3903 0.9614 15.2832
v  -3.4031 0.9210 15.3227
v  -3.3938 0.9083 15.3248
v  -3.3833 0.8987 15.3286
v  -3.4039 0.9478 15.3518
v  -3.4026 0.9579 15.3543
v  -3.4034 0.9375 15.3495
v  -3.4012 0.9276 15.3472
v  -3.3962 0.9151 15.3454
v  -3.3895 0.9034 15.3438
v  -3.3819 0.8939 15.3441
v  -3.3715 0.9127 15.3760
v  -3.3653 0.8992 15.3704
v  -3.3477 0.9225 15.3135
v  -3.3430 0.9187 15.3382
v  -3.3247 0.9005 15.3410
v  -3.3293 0.9028 15.3171
v  -3.3310 0.9111 15.3668
v  -3.3134 0.8939 15.3689
v  -3.4000 0.9657 15.1706
v  -3.3966 0.9745 15.1705
v  -3.3578 0.8863 15.3648
v  -3.3498 0.8747 15.3613
v  -3.3651 0.9111 15.3959
v  -3.3579 0.8986 15.3964
v  -3.3498 0.8865 15.3965
v  -3.3416 0.8747 15.3990
v  -3.2330 0.9414 15.0677
v  -3.2616 0.9504 15.0665
v  -3.2625 0.9505 15.0744
v  -3.2290 0.9406 15.0583
v  -3.2334 0.9397 15.0812
v  -3.2599 0.9484 15.0879
v  -3.2332 0.9364 15.0896
v  -3.2566 0.9444 15.0957
v  -3.2278 0.9225 15.1038
v  -3.2475 0.9288 15.1100
v  -3.2403 0.9111 15.1177
v  -3.2241 0.9068 15.1122
v  -3.2256 0.8939 15.1274
v  -3.2137 0.8915 15.1223
v  -3.2196 0.8728 15.1330
v  -3.2113 0.8728 15.1285
v  -3.2028 0.9311 15.0653
v  -3.1956 0.9294 15.0551
v  -3.3443 0.8747 15.2209
v  -3.3361 0.8562 15.2239
v  -3.3459 0.8569 15.2692
v  -3.2063 0.9300 15.0781
v  -3.2092 0.9275 15.0864
v  -3.2077 0.9156 15.0998
v  -3.2077 0.9021 15.1081
v  -3.2018 0.8889 15.1179
v  -3.1100 0.8956 15.0855
v  -3.0977 0.8927 15.0757
v  -3.1185 0.8951 15.0934
v  -3.1266 0.8938 15.0988
v  -3.1321 0.8864 15.1071
v  -3.1386 0.8781 15.1124
v  -3.3221 0.9068 15.3814
v  -3.3077 0.8915 15.3804
v  -3.3018 0.8728 15.3772
v  -3.3053 0.8728 15.3684
v  -3.3575 0.9414 15.4097
v  -3.3605 0.9406 15.4195
v  -3.3359 0.9311 15.4310
v  -3.3369 0.9294 15.4435
v  -3.3491 0.9397 15.3991
v  -3.3304 0.9300 15.4190
v  -3.3435 0.9364 15.3929
v  -3.3273 0.9275 15.4107
v  -3.3303 0.9225 15.3855
v  -3.3175 0.9156 15.4014
v  -3.3122 0.9021 15.3951
v  -3.3013 0.8889 15.3914
v  -3.3109 0.9184 15.4503
v  -3.1416 0.8701 15.1186
v  -3.1494 0.8604 15.1217
v  -3.0797 0.8840 15.1017
v  -3.0684 0.8801 15.0921
v  -3.0871 0.8843 15.1081
v  -3.0942 0.8841 15.1125
v  -3.0994 0.8789 15.1191
v  -3.1053 0.8730 15.1235
v  -3.1086 0.8673 15.1286
v  -3.1158 0.8604 15.1307
v  -3.0518 0.8738 15.1219
v  -3.0418 0.8691 15.1127
v  -3.0578 0.8747 15.1263
v  -3.0636 0.8753 15.1294
v  -3.0682 0.8721 15.1339
v  -3.0269 0.8666 15.1454
v  -3.0187 0.8615 15.1371
v  -3.0311 0.8676 15.1476
v  -3.0352 0.8685 15.1491
v  -3.0387 0.8667 15.1513
v  -3.1228 0.8618 15.4742
v  -3.1568 0.8646 15.4671
v  -3.1549 0.8667 15.4706
v  -3.1210 0.8627 15.4763
v  -3.0828 0.8604 15.1413
v  -3.0503 0.8604 15.1536
v  -3.0010 0.8620 15.1675
v  -3.0037 0.8627 15.1680
v  -3.0064 0.8635 15.1684
v  -3.0091 0.8627 15.1688
v  -3.0118 0.8618 15.1692
v  -3.0145 0.8610 15.1696
v  -3.0185 0.8604 15.1676
v  -3.4076 0.9735 15.2277
v  -3.3996 0.9742 15.2008
v  -3.4117 0.9715 15.2559
v  -3.3010 0.9417 15.1391
v  -3.2679 0.9187 15.1318
v  -3.2784 0.9369 15.1234
v  -3.2874 0.9225 15.1477
v  -3.3353 0.9286 15.2242
v  -3.3126 0.9041 15.2097
v  -3.3279 0.9277 15.2033
v  -3.3209 0.9040 15.2294
v  -3.3015 0.9039 15.1911
v  -3.3175 0.9264 15.1836
v  -3.2876 0.9035 15.1735
v  -3.3040 0.9247 15.1651
v  -3.2709 0.9028 15.1568
v  -3.2521 0.9005 15.1415
v  -3.3853 0.9577 15.3112
v  -3.3757 0.9525 15.3404
v  -3.3576 0.9444 15.3732
v  -3.3633 0.9495 15.2385
v  -3.3565 0.9508 15.2165
v  -3.3668 0.9475 15.2616
v  -3.3670 0.9449 15.2859
v  -3.3637 0.9417 15.3114
v  -3.3565 0.9369 15.3379
v  -3.3414 0.9288 15.3681
v  -3.3430 0.9277 15.2449
v  -3.3477 0.9264 15.2667
v  -3.3493 0.9247 15.2896
v  -3.3272 0.9041 15.2498
v  -3.3307 0.9039 15.2712
v  -3.3313 0.9035 15.2937
v  -3.4002 0.9563 15.1718
v  -3.3973 0.9472 15.1743
v  -3.3882 0.9299 15.1792
v  -3.3761 0.9142 15.1853
v  -3.3613 0.9041 15.1920
v  -3.1550 0.7735 15.3045
v  -3.3836 0.9634 15.1465
v  -3.3805 0.9725 15.1452
v  -3.3840 0.9538 15.1491
v  -3.3816 0.9445 15.1528
v  -3.3739 0.9285 15.1587
v  -3.3637 0.9138 15.1658
v  -3.3510 0.9039 15.1730
v  -3.2409 0.7815 15.2791
v  -3.2404 0.7830 15.2993
v  -3.2635 0.7891 15.2785
v  -3.2641 0.7910 15.3055
v  -3.2173 0.7762 15.2799
v  -3.2156 0.7771 15.2929
v  -3.1827 0.7735 15.2846
v  -3.1827 0.7735 15.2891
v  -3.3577 0.8747 15.3144
v  -3.3470 0.8576 15.3157
v  -3.3393 0.8584 15.3617
v  -3.3634 0.9598 15.1240
v  -3.3602 0.9690 15.1215
v  -3.3644 0.9502 15.1277
v  -3.3630 0.9410 15.1325
v  -3.3573 0.9264 15.1392
v  -3.3494 0.9130 15.1470
v  -3.3393 0.9035 15.1546
v  -3.3353 0.9543 15.0995
v  -3.3349 0.9641 15.1000
v  -3.3339 0.9443 15.1001
v  -3.3306 0.9346 15.1017
v  -3.3239 0.9210 15.1051
v  -3.3155 0.9083 15.1095
v  -3.3049 0.8987 15.1133
v  -3.3058 0.9478 15.0823
v  -3.3032 0.9579 15.0812
v  -3.3070 0.9375 15.0844
v  -3.3067 0.9276 15.0875
v  -3.3040 0.9151 15.0921
v  -3.2999 0.9034 15.0977
v  -3.2939 0.8939 15.1023
v  -3.2639 0.9377 15.0715
v  -3.2652 0.9250 15.0775
v  -3.2655 0.9127 15.0846
v  -3.2643 0.8992 15.0928
v  -3.2621 0.8863 15.1020
v  -3.2582 0.8747 15.1098
v  -3.2575 0.9371 15.0678
v  -3.2529 0.9240 15.0702
v  -3.2477 0.9111 15.0734
v  -3.2419 0.8986 15.0776
v  -3.2356 0.8865 15.0828
v  -3.2278 0.8747 15.0862
v  -3.3100 0.9176 15.4636
v  -3.3082 0.9163 15.4386
v  -3.3076 0.9129 15.4301
v  -3.3013 0.9013 15.4208
v  -3.2988 0.8883 15.4140
v  -3.2916 0.8756 15.4094
v  -3.2823 0.9071 15.4649
v  -3.2804 0.9052 15.4794
v  -3.2816 0.9057 15.4530
v  -3.2826 0.9034 15.4439
v  -3.2788 0.8939 15.4340
v  -3.2782 0.8832 15.4263
v  -3.2737 0.8728 15.4204
v  -3.2755 0.8604 15.4135
v  -3.2519 0.8956 15.4752
v  -3.2487 0.8927 15.4906
v  -3.2532 0.8951 15.4637
v  -3.2560 0.8938 15.4544
v  -3.2550 0.8864 15.4445
v  -3.2564 0.8781 15.4362
v  -3.2548 0.8701 15.4295
v  -3.2587 0.8604 15.4222
v  -3.2182 0.8840 15.4823
v  -3.2157 0.8801 15.4969
v  -3.2198 0.8843 15.4726
v  -3.2224 0.8841 15.4647
v  -3.2221 0.8789 15.4562
v  -3.2238 0.8730 15.4491
v  -3.2231 0.8673 15.4431
v  -3.2273 0.8604 15.4369
v  -3.1839 0.8738 15.4848
v  -3.1821 0.8691 15.4982
v  -3.1857 0.8747 15.4775
v  -3.3231 0.8442 15.3982
v  -3.3114 0.8301 15.3932
v  -3.2947 0.8284 15.4078
v  -3.3057 0.8410 15.4132
v  -3.2964 0.8171 15.3849
v  -3.2818 0.8148 15.3951
v  -3.2786 0.8053 15.3740
v  -3.2654 0.8043 15.3844
v  -3.2565 0.7949 15.3558
v  -3.2461 0.7936 15.3626
v  -3.2327 0.7861 15.3367
v  -3.2254 0.7849 15.3398
v  -3.2074 0.7789 15.3170
v  -3.2023 0.7785 15.3213
v  -3.1795 0.7735 15.2977
v  -3.1776 0.7735 15.3001
v  -3.3564 0.9287 15.4200
v  -3.3329 0.9191 15.4430
v  -3.3511 0.9165 15.4199
v  -3.3276 0.9079 15.4419
v  -3.3451 0.9051 15.4197
v  -3.3220 0.8979 15.4408
v  -3.3384 0.8922 15.4185
v  -3.3160 0.8847 15.4381
v  -3.3306 0.8813 15.4177
v  -3.3087 0.8753 15.4365
v  -3.3230 0.8693 15.4176
v  -3.3019 0.8631 15.4340
v  -3.1881 0.8753 15.4714
v  -3.1887 0.8721 15.4650
v  -3.1905 0.8683 15.4594
v  -3.1907 0.8647 15.4546
v  -3.1497 0.8666 15.4827
v  -3.1488 0.8615 15.4944
v  -3.1515 0.8676 15.4783
v  -3.1537 0.8685 15.4745
v  -3.1579 0.8626 15.4639
v  -3.1951 0.8604 15.4500
v  -3.1624 0.8604 15.4614
v  -3.1156 0.8620 15.4824
v  -3.1174 0.8627 15.4804
v  -3.1192 0.8635 15.4783
v  -3.1579 0.7735 15.3055
v  -3.1629 0.7756 15.3338
v  -3.1609 0.7735 15.3061
v  -3.1559 0.7754 15.3333
v  -3.1481 0.8604 15.4939
v  -3.1246 0.8610 15.4722
v  -3.1290 0.8604 15.4711
v  -3.3884 0.9735 15.1750
v  -3.3734 0.9715 15.1507
v  -3.3544 0.9683 15.1281
v  -3.3307 0.9639 15.1073
v  -3.3014 0.9581 15.0891
v  -3.3800 0.9707 15.1803
v  -3.3654 0.9687 15.1581
v  -3.3469 0.9657 15.1373
v  -3.3243 0.9617 15.1183
v  -3.2967 0.9562 15.1016
v  -3.3720 0.9664 15.1844
v  -3.3575 0.9643 15.1633
v  -3.3395 0.9614 15.1436
v  -3.3177 0.9577 15.1254
v  -3.2915 0.9525 15.1092
v  -3.3475 0.9495 15.1952
v  -3.3354 0.9475 15.1752
v  -3.3199 0.9449 15.1565
v  -3.1186 0.8728 15.1400
v  -3.2706 0.8728 15.4051
v  -3.2022 0.8171 15.1260
v  -3.1787 0.8043 15.1463
v  -3.1956 0.8053 15.1458
v  -3.1844 0.8148 15.1276
v  -3.1780 0.7936 15.1754
v  -3.1904 0.7949 15.1740
v  -3.1768 0.7849 15.2063
v  -3.1844 0.7861 15.2040
v  -3.1710 0.7785 15.2352
v  -3.1776 0.7789 15.2353
v  -3.1657 0.7735 15.2674
v  -3.1687 0.7735 15.2680
v  -3.1928 0.9191 15.0581
v  -3.2256 0.9287 15.0606
v  -3.1895 0.9079 15.0623
v  -3.2216 0.9165 15.0640
v  -3.1858 0.8979 15.0668
v  -3.2171 0.9051 15.0680
v  -3.1829 0.8847 15.0727
v  -3.2128 0.8922 15.0733
v  -3.1784 0.8753 15.0786
v  -3.2073 0.8813 15.0790
v  -3.1749 0.8631 15.0848
v  -3.2016 0.8693 15.0839
v  -3.1700 0.7760 15.3336
v  -3.1640 0.7735 15.3063
v  -3.3559 0.8747 15.2670
v  -3.3252 0.8388 15.2279
v  -3.3345 0.8401 15.2717
v  -3.3117 0.8229 15.2327
v  -3.3203 0.8247 15.2739
v  -3.2960 0.8089 15.2385
v  -3.3036 0.8109 15.2760
v  -3.2783 0.7969 15.2449
v  -3.2847 0.7990 15.2779
v  -3.2590 0.7872 15.2519
v  -3.2384 0.7800 15.2594
v  -3.2169 0.7753 15.2673
v  -3.1816 0.7735 15.2801
v  -3.3360 0.8415 15.3166
v  -3.3221 0.8265 15.3161
v  -3.3053 0.8130 15.3143
v  -3.1688 0.8511 15.0917
v  -3.1443 0.8329 15.1055
v  -3.1677 0.8371 15.1006
v  -3.1431 0.8463 15.0956
v  -3.1410 0.8237 15.1155
v  -3.1636 0.8262 15.1114
v  -3.1482 0.8092 15.1369
v  -3.1663 0.8121 15.1312
v  -3.1444 0.8014 15.1525
v  -3.1616 0.8030 15.1485
v  -3.1529 0.7904 15.1825
v  -3.1655 0.7921 15.1783
v  -3.2862 0.8011 15.3116
v  -3.3297 0.8429 15.3610
v  -3.3169 0.8283 15.3577
v  -3.3011 0.8150 15.3522
v  -3.2827 0.8032 15.3450
v  -3.2607 0.7930 15.3323
v  -3.2370 0.7845 15.3191
v  -3.2120 0.7780 15.3056
v  -3.1816 0.7735 15.2936
v  -3.3312 0.8591 15.3995
v  -3.3145 0.8569 15.1828
v  -3.3236 0.8747 15.1781
v  -3.3042 0.8401 15.1883
v  -3.2918 0.8247 15.1957
v  -3.2777 0.8109 15.2048
v  -3.2620 0.7990 15.2155
v  -3.2454 0.7891 15.2287
v  -3.2276 0.7815 15.2427
v  -3.2090 0.7762 15.2573
v  -3.1796 0.7735 15.2760
v  -3.2854 0.8576 15.1465
v  -3.2945 0.8747 15.1406
v  -3.2765 0.8415 15.1529
v  -3.2661 0.8265 15.1623
v  -3.2544 0.8130 15.1744
v  -3.2415 0.8011 15.1887
v  -3.2284 0.7910 15.2076
v  -3.2144 0.7830 15.2276
v  -3.1995 0.7771 15.2485
v  -3.1766 0.7735 15.2725
v  -3.2499 0.8584 15.1163
v  -3.2431 0.8429 15.1229
v  -3.2354 0.8283 15.1337
v  -3.2268 0.8150 15.1480
v  -3.2174 0.8032 15.1654
v  -3.2086 0.7930 15.1893
v  -3.1989 0.7845 15.2146
v  -3.1885 0.7780 15.2411
v  -3.1729 0.7735 15.2698
v  -3.2195 0.8591 15.0924
v  -3.2141 0.8442 15.0987
v  -3.2083 0.8301 15.1101
v  -3.2904 0.8728 15.1987
v  -3.3076 0.8728 15.2342
v  -3.2544 0.8728 15.4134
v  -3.3122 0.8728 15.3508
v  -3.2234 0.8728 15.4279
v  -3.2053 0.8604 15.1141
v  -3.3132 0.8555 15.4171
v  -3.2929 0.8511 15.4327
v  -3.2863 0.8371 15.4265
v  -3.2763 0.8262 15.4209
v  -3.2656 0.8121 15.4039
v  -3.2508 0.8030 15.3938
v  -3.2347 0.7921 15.3685
v  -3.2172 0.7836 15.3421
v  -3.3188 0.8728 15.3119
v  -3.1966 0.7781 15.3251
v  -3.1753 0.7735 15.3022
v  -3.3062 0.9088 15.4624
v  -3.3216 0.8604 15.3534
v  -3.3013 0.8986 15.4605
v  -3.2961 0.8901 15.4588
v  -3.2910 0.8767 15.4548
v  -3.2844 0.8687 15.4527
v  -3.2788 0.8565 15.4480
v  -3.2707 0.8463 15.4461
v  -3.2652 0.8329 15.4379
v  -3.2563 0.8237 15.4323
v  -3.2481 0.8092 15.4113
v  -3.2352 0.8014 15.4018
v  -3.0540 0.8728 15.1626
v  -3.2223 0.7904 15.3733
v  -3.2084 0.7823 15.3437
v  -3.1905 0.7776 15.3283
v  -3.1728 0.7735 15.3038
v  -3.2771 0.8981 15.4777
v  -3.2725 0.8889 15.4753
v  -3.2680 0.8820 15.4733
v  -3.2639 0.8684 15.4683
v  -3.2583 0.8619 15.4658
v  -3.1695 0.8728 15.1272
v  -3.2538 0.8496 15.4593
v  -3.2470 0.8412 15.4571
v  -3.2428 0.8285 15.4470
v  -3.2352 0.8210 15.4417
v  -3.2296 0.8061 15.4169
v  -3.1236 0.8728 15.4625
v  -3.2186 0.7998 15.4083
v  -3.1990 0.7808 15.3443
v  -3.2092 0.7887 15.3769
v  -3.1839 0.7771 15.3308
v  -3.1700 0.7735 15.3051
v  -3.2460 0.8872 15.4888
v  -3.2419 0.8791 15.4861
v  -3.2382 0.8738 15.4840
v  -3.2354 0.8599 15.4782
v  -3.2308 0.8549 15.4758
v  -3.2276 0.8426 15.4677
v  -3.2220 0.8361 15.4654
v  -3.2193 0.8240 15.4537
v  -3.2131 0.8182 15.4490
v  -3.2102 0.8030 15.4207
v  -3.2014 0.7981 15.4133
v  -3.1956 0.7869 15.3792
v  -3.1892 0.7793 15.3439
v  -3.1770 0.7765 15.3326
v  -3.1670 0.7735 15.3059
v  -3.2136 0.8762 15.4952
v  -3.2102 0.8691 15.4926
v  -3.2987 0.8604 15.1936
v  -3.2074 0.8654 15.4906
v  -3.2058 0.8514 15.4844
v  -3.3169 0.8604 15.2309
v  -3.2023 0.8479 15.4823
v  -3.2006 0.8355 15.4729
v  -3.1964 0.8309 15.4708
v  -3.1951 0.8195 15.4579
v  -3.1905 0.8153 15.4540
v  -3.1904 0.7998 15.4225
v  -3.1837 0.7964 15.4167
v  -3.1816 0.7851 15.3802
v  -3.1792 0.7778 15.3424
v  -3.2417 0.8604 15.1339
v  -3.2733 0.8604 15.1608
v  -3.1808 0.8667 15.4969
v  -3.1761 0.8584 15.4932
v  -3.1780 0.8606 15.4946
v  -3.1758 0.8440 15.4869
v  -3.1735 0.8419 15.4853
v  -3.1732 0.8294 15.4749
v  -3.1704 0.8266 15.4734
v  -3.1706 0.8157 15.4595
v  -3.1676 0.8131 15.4567
v  -3.1704 0.7971 15.4224
v  -3.1659 0.7951 15.4183
v  -3.1675 0.7836 15.3798
v  -3.1690 0.7766 15.3398
v  -3.1459 0.8551 15.4922
v  -3.1450 0.8540 15.4916
v  -3.1459 0.8392 15.4854
v  -3.1448 0.8382 15.4847
v  -3.1459 0.8254 15.4736
v  -3.1445 0.8241 15.4730
v  -3.1463 0.8135 15.4584
v  -3.1448 0.8123 15.4572
v  -3.1504 0.7956 15.4202
v  -3.1482 0.7947 15.4183
v  -3.1535 0.7828 15.3780
v  -3.1590 0.7758 15.3362
v  -3.0860 0.8728 15.1505
v  -3.1944 0.8555 15.0906
v  -3.1911 0.8410 15.0984
v  -3.1862 0.8284 15.1096
v  -3.0199 0.8728 15.1777
v  -3.1690 0.7836 15.2097
v  -3.1642 0.7781 15.2360
v  -3.1626 0.7735 15.2673
v  -3.1599 0.9088 15.0604
v  -3.1573 0.8986 15.0650
v  -3.1544 0.8901 15.0696
v  -3.1531 0.8767 15.0760
v  -3.1495 0.8687 15.0818
v  -3.1481 0.8565 15.0890
v  -3.1613 0.7823 15.2142
v  -3.1574 0.7776 15.2375
v  -3.1596 0.7735 15.2676
v  -3.1277 0.8981 15.0673
v  -3.1257 0.8889 15.0721
v  -3.1236 0.8820 15.0766
v  -3.1237 0.8684 15.0830
v  -3.1210 0.8619 15.0885
v  -3.1217 0.8496 15.0964
v  -3.1179 0.8412 15.1025
v  -3.1212 0.8285 15.1129
v  -3.1188 0.8210 15.1219
v  -3.1304 0.8061 15.1445
v  -3.1275 0.7998 15.1581
v  -3.1537 0.7808 15.2197
v  -3.1405 0.7887 15.1882
v  -3.1508 0.7771 15.2398
v  -3.1566 0.7735 15.2684
v  -3.0968 0.8872 15.0789
v  -3.0954 0.8791 15.0835
v  -3.0940 0.8738 15.0875
v  -3.0954 0.8599 15.0938
v  -3.0935 0.8549 15.0986
v  -3.0963 0.8426 15.1068
v  -3.0935 0.8361 15.1122
v  -3.0989 0.8240 15.1229
v  -3.0972 0.8182 15.1305
v  -3.1132 0.8030 15.1540
v  -3.1111 0.7981 15.1653
v  -3.1286 0.7869 15.1952
v  -3.1465 0.7793 15.2263
v  -3.1444 0.7765 15.2428
v  -3.1538 0.7735 15.2697
v  -3.0679 0.8762 15.0947
v  -3.0669 0.8691 15.0990
v  -3.0660 0.8654 15.1022
v  -3.0688 0.8514 15.1080
v  -3.0675 0.8479 15.1119
v  -3.0722 0.8355 15.1202
v  -3.0703 0.8309 15.1245
v  -3.0777 0.8195 15.1352
v  -3.0766 0.8153 15.1412
v  -3.0968 0.7998 15.1653
v  -3.0955 0.7964 15.1741
v  -3.1173 0.7851 15.2034
v  -3.1397 0.7778 15.2339
v  -3.1383 0.7760 15.2466
v  -3.1513 0.7735 15.2714
v  -3.0416 0.8667 15.1146
v  -3.0404 0.8584 15.1204
v  -3.0409 0.8606 15.1181
v  -3.0442 0.8440 15.1255
v  -3.0435 0.8419 15.1282
v  -3.0500 0.8294 15.1363
v  -3.0488 0.8266 15.1393
v  -3.0579 0.8157 15.1497
v  -3.0573 0.8131 15.1538
v  -3.0815 0.7971 15.1783
v  -3.0807 0.7951 15.1843
v  -3.1067 0.7836 15.2128
v  -3.1336 0.7766 15.2424
v  -3.1328 0.7756 15.2509
v  -3.1490 0.7735 15.2735
v  -3.0185 0.8604 15.1379
v  -3.0179 0.8551 15.1406
v  -3.0176 0.8540 15.1416
v  -3.0223 0.8392 15.1457
v  -3.0219 0.8382 15.1470
v  -3.0299 0.8254 15.1548
v  -3.0292 0.8241 15.1562
v  -3.0399 0.8135 15.1662
v  -3.0396 0.8123 15.1681
v  -3.0677 0.7956 15.1928
v  -3.0672 0.7947 15.1957
v  -3.0972 0.7828 15.2231
v  -3.1282 0.7758 15.2517
v  -3.1277 0.7754 15.2559
v  -3.1471 0.7735 15.2759
v  -3.2729 0.1986 15.4015
v  -3.2228 0.1986 15.3972
v  -3.2226 0.1989 15.3981
v  -3.2729 0.1989 15.4025
v  -3.0919 0.2061 15.1197
v  -3.1209 0.2061 15.0781
v  -3.1215 0.2065 15.0787
v  -3.0926 0.2065 15.1201
v  -3.1167 0.2088 15.2559
v  -3.1338 0.2122 15.2505
v  -3.1489 0.2122 15.2829
v  -3.1338 0.2088 15.2926
v  -3.0688 0.2004 15.2180
v  -3.0778 0.2004 15.2682
v  -3.0783 0.1998 15.2681
v  -3.0694 0.1998 15.2179
v  -3.0680 0.2027 15.2180
v  -3.0770 0.2027 15.2685
v  -3.0771 0.2019 15.2685
v  -3.0681 0.2019 15.2180
v  -3.2451 0.7694 15.2050
v  -3.2447 0.7694 15.2101
v  -3.2447 0.3039 15.2101
v  -3.2451 0.3039 15.2050
v  -3.2448 0.7694 15.2088
v  -3.2841 0.2896 15.2274
v  -3.2907 0.2760 15.2334
v  -3.2836 0.2760 15.2394
v  -3.2787 0.2896 15.2319
v  -3.2893 0.2633 15.2484
v  -3.2783 0.2633 15.2535
v  -3.2751 0.2760 15.2434
v  -3.1196 0.2043 15.0769
v  -3.0902 0.2043 15.1189
v  -3.0900 0.2035 15.1187
v  -3.1194 0.2035 15.0767
v  -3.3110 0.2317 15.2824
v  -3.3284 0.2317 15.2678
v  -3.3401 0.2237 15.2785
v  -3.3195 0.2237 15.2958
v  -3.3575 0.2070 15.3551
v  -3.3921 0.2070 15.3261
v  -3.4056 0.2068 15.3385
v  -3.3674 0.2068 15.3707
v  -3.4343 0.2068 15.2975
v  -3.4360 0.2065 15.2984
v  -3.4070 0.2065 15.3398
v  -3.4367 0.2061 15.2988
v  -3.4077 0.2061 15.3403
v  -3.4087 0.2004 15.3412
v  -3.4082 0.1998 15.3408
v  -3.3692 0.1998 15.3736
v  -3.3696 0.2004 15.3741
v  -3.2958 0.2516 15.2586
v  -3.3075 0.2516 15.2488
v  -3.3175 0.2410 15.2579
v  -3.3031 0.2410 15.2700
v  -3.1504 0.2172 15.2452
v  -3.1636 0.2172 15.2735
v  -3.4374 0.2056 15.2991
v  -3.4082 0.2056 15.3408
v  -3.4379 0.2050 15.2994
v  -3.4087 0.2050 15.3412
v  -3.2387 0.2896 15.2173
v  -3.2416 0.2896 15.2237
v  -3.2341 0.2760 15.2285
v  -3.2301 0.2760 15.2200
v  -3.4090 0.2043 15.3416
v  -3.4383 0.2043 15.2996
v  -3.4386 0.2035 15.2997
v  -3.4092 0.2035 15.3417
v  -3.4386 0.2027 15.2998
v  -3.4093 0.2027 15.3418
v  -3.4386 0.2019 15.2997
v  -3.4092 0.2019 15.3417
v  -3.4383 0.2011 15.2996
v  -3.4090 0.2011 15.3416
v  -3.4379 0.2004 15.2994
v  -3.4374 0.1998 15.2991
v  -3.4367 0.1992 15.2988
v  -3.4077 0.1992 15.3403
v  -3.2179 0.2633 15.2113
v  -3.2200 0.2633 15.2232
v  -3.2084 0.2516 15.2269
v  -3.2058 0.2516 15.2118
v  -3.4360 0.1989 15.2984
v  -3.4070 0.1989 15.3398
v  -3.4351 0.1986 15.2979
v  -3.4064 0.1986 15.3391
v  -3.2788 0.3039 15.2225
v  -3.2817 0.3039 15.2183
v  -3.2881 0.2896 15.2216
v  -3.2961 0.2760 15.2257
v  -3.3055 0.2633 15.2306
v  -3.2986 0.2633 15.2406
v  -3.3163 0.2516 15.2362
v  -3.3283 0.2410 15.2424
v  -3.2798 0.2410 15.1388
v  -3.2830 0.2317 15.1244
v  -3.3043 0.2317 15.1321
v  -3.2975 0.2410 15.1452
v  -3.3414 0.2317 15.2492
v  -3.3554 0.2237 15.2565
v  -3.3703 0.2172 15.2643
v  -3.3524 0.2172 15.2898
v  -3.3858 0.2122 15.2723
v  -3.3653 0.2122 15.3016
v  -3.2869 0.2896 15.1948
v  -3.2824 0.2896 15.1894
v  -3.2885 0.2760 15.1828
v  -3.2945 0.2760 15.1899
v  -3.4017 0.2088 15.2806
v  -3.3786 0.2088 15.3137
v  -3.4273 0.1989 15.1051
v  -3.3948 0.1989 15.0665
v  -3.3942 0.1986 15.0671
v  -3.4265 0.1986 15.1056
v  -3.4179 0.2070 15.2890
v  -3.4513 0.2068 15.2505
v  -3.4532 0.2065 15.2509
v  -3.4540 0.2061 15.2511
v  -3.4547 0.2056 15.2512
v  -3.4553 0.2050 15.2514
v  -3.4558 0.2043 15.2515
v  -3.4560 0.2035 15.2515
v  -3.4561 0.2027 15.2515
v  -3.4560 0.2019 15.2515
v  -3.4558 0.2011 15.2515
v  -3.4553 0.2004 15.2514
v  -3.3110 0.2088 15.3568
v  -3.3476 0.2088 15.3397
v  -3.3165 0.2070 15.3743
v  -3.3959 0.2056 15.0653
v  -3.3963 0.2050 15.0648
v  -3.4292 0.2050 15.1039
v  -3.4287 0.2056 15.1043
v  -3.4547 0.1998 15.2512
v  -3.4540 0.1992 15.2511
v  -3.4532 0.1989 15.2509
v  -3.4523 0.1986 15.2507
v  -3.2835 0.3039 15.2135
v  -3.2905 0.2896 15.2150
v  -3.2993 0.2760 15.2169
v  -3.3097 0.2633 15.2192
v  -3.3215 0.2516 15.2218
v  -3.3347 0.2410 15.2248
v  -3.3491 0.2317 15.2279
v  -3.3646 0.2237 15.2313
v  -3.3809 0.2172 15.2349
v  -3.3979 0.2122 15.2387
v  -3.4155 0.2088 15.2426
v  -3.4334 0.2070 15.2465
v  -3.4557 0.2068 15.2007
v  -3.4575 0.2065 15.2006
v  -3.4584 0.2061 15.2005
v  -3.4591 0.2056 15.2005
v  -3.4597 0.2050 15.2005
v  -3.4602 0.2043 15.2005
v  -3.4605 0.2035 15.2005
v  -3.4606 0.2027 15.2004
v  -3.4605 0.2019 15.2005
v  -3.4602 0.2011 15.2005
v  -3.4597 0.2004 15.2005
v  -3.4591 0.1998 15.2005
v  -3.4584 0.1992 15.2005
v  -3.4575 0.1989 15.2006
v  -3.4566 0.1986 15.2006
v  -3.2839 0.3039 15.2083
v  -3.2911 0.2896 15.2080
v  -3.3001 0.2760 15.2076
v  -3.3107 0.2633 15.2071
v  -3.3228 0.2516 15.2066
v  -3.3363 0.2410 15.2060
v  -3.3511 0.2317 15.2053
v  -3.3669 0.2237 15.2046
v  -3.3836 0.2172 15.2039
v  -3.2749 0.3039 15.2258
v  -3.2724 0.2896 15.2348
v  -3.2702 0.3039 15.2280
v  -3.4010 0.2122 15.2031
v  -3.4190 0.2088 15.2023
v  -3.4372 0.2070 15.2015
v  -3.4469 0.2068 15.1514
v  -3.4487 0.2065 15.1509
v  -3.4495 0.2061 15.1506
v  -3.4502 0.2056 15.1504
v  -3.4508 0.2050 15.1502
v  -3.4512 0.2043 15.1501
v  -3.4515 0.2035 15.1500
v  -3.4516 0.2027 15.1499
v  -3.4515 0.2019 15.1500
v  -3.1450 0.2172 15.2146
v  -3.1617 0.2237 15.2138
v  -3.1664 0.2237 15.2402
v  -3.4512 0.2011 15.1501
v  -3.4508 0.2004 15.1502
v  -3.4502 0.1998 15.1504
v  -3.4495 0.1992 15.1506
v  -3.4487 0.1989 15.1509
v  -3.4478 0.1986 15.1511
v  -3.2899 0.2896 15.2011
v  -3.2985 0.2760 15.1984
v  -3.3086 0.2633 15.1952
v  -3.3201 0.2516 15.1915
v  -3.3330 0.2410 15.1875
v  -3.3471 0.2317 15.1830
v  -3.3622 0.2237 15.1782
v  -3.3781 0.2172 15.1732
v  -3.3948 0.2122 15.1679
v  -3.4119 0.2088 15.1625
v  -3.4294 0.2070 15.1570
v  -3.4257 0.2068 15.1061
v  -3.4273 0.2065 15.1051
v  -3.4280 0.2061 15.1047
v  -3.4296 0.2043 15.1037
v  -3.4298 0.2035 15.1035
v  -3.4299 0.2027 15.1035
v  -3.4298 0.2019 15.1035
v  -3.4296 0.2011 15.1037
v  -3.4292 0.2004 15.1039
v  -3.4287 0.1998 15.1043
v  -3.4280 0.1992 15.1047
v  -3.0992 0.2070 15.2615
v  -3.1184 0.2070 15.3024
v  -3.2953 0.2237 15.3071
v  -3.3286 0.2172 15.3099
v  -3.3003 0.2172 15.3231
v  -3.2830 0.3039 15.2033
v  -3.2808 0.3039 15.1986
v  -3.3034 0.2633 15.1842
v  -3.3137 0.2516 15.1777
v  -3.3251 0.2410 15.1704
v  -3.3375 0.2317 15.1625
v  -3.3508 0.2237 15.1540
v  -3.3649 0.2172 15.1449
v  -3.3796 0.2122 15.1356
v  -3.3948 0.2088 15.1259
v  -3.4102 0.2070 15.1160
v  -3.3936 0.2068 15.0679
v  -3.3948 0.2065 15.0665
v  -3.3954 0.2061 15.0658
v  -3.3966 0.2043 15.0645
v  -3.3968 0.2035 15.0643
v  -3.3969 0.2027 15.0642
v  -3.3968 0.2019 15.0643
v  -3.3966 0.2011 15.0645
v  -3.3963 0.2004 15.0648
v  -3.3959 0.1998 15.0653
v  -3.3954 0.1992 15.0658
v  -3.2775 0.3039 15.1947
v  -3.2769 0.2516 15.1520
v  -3.2913 0.2516 15.1572
v  -3.2864 0.2237 15.1089
v  -3.2900 0.2172 15.0926
v  -3.3193 0.2172 15.1032
v  -3.3116 0.2237 15.1181
v  -3.0710 0.1989 15.2179
v  -3.0754 0.1989 15.1675
v  -3.0746 0.1992 15.1674
v  -3.0702 0.1992 15.2179
v  -3.2731 0.2027 15.4055
v  -3.2731 0.2019 15.4054
v  -3.2220 0.2019 15.4010
v  -3.2220 0.2027 15.4011
v  -3.3692 0.2056 15.3736
v  -3.3696 0.2050 15.3741
v  -3.2456 0.7694 15.2151
v  -3.2456 0.3039 15.2151
v  -3.2233 0.1985 15.3951
v  -3.1766 0.1985 15.3781
v  -3.3217 0.1985 15.3907
v  -3.2728 0.1985 15.3994
v  -3.1358 0.1985 15.3497
v  -3.3667 0.1985 15.3696
v  -3.1039 0.1985 15.3116
v  -3.4047 0.1985 15.3377
v  -3.0828 0.1985 15.2666
v  -3.4332 0.1985 15.2969
v  -3.0741 0.1985 15.2177
v  -3.4501 0.1985 15.2502
v  -3.0784 0.1985 15.1682
v  -3.4544 0.1985 15.2007
v  -3.0954 0.1985 15.1215
v  -3.4457 0.1985 15.1518
v  -3.1238 0.1985 15.0808
v  -3.4247 0.1985 15.1068
v  -3.1619 0.1985 15.0488
v  -3.3927 0.1985 15.0688
v  -3.2069 0.1985 15.0278
v  -3.3520 0.1985 15.0403
v  -3.2558 0.1985 15.0191
v  -3.3053 0.1985 15.0234
v  -3.3229 0.2061 15.3945
v  -3.3688 0.2061 15.3730
v  -3.3231 0.2056 15.3952
v  -3.2429 0.2633 15.2505
v  -3.2543 0.2633 15.2546
v  -3.2517 0.2516 15.2664
v  -3.2373 0.2516 15.2612
v  -3.2835 0.7694 15.2135
v  -3.2839 0.7694 15.2083
v  -3.2838 0.7694 15.2096
v  -3.2730 0.2011 15.4051
v  -3.3234 0.2011 15.3962
v  -3.3233 0.2004 15.3957
v  -3.2730 0.2004 15.4047
v  -3.2682 0.2317 15.2960
v  -3.2905 0.2317 15.2920
v  -3.2689 0.2237 15.3118
v  -3.2817 0.7694 15.2183
v  -3.2822 0.7694 15.2171
v  -3.2788 0.7694 15.2225
v  -3.2778 0.7694 15.2233
v  -3.2749 0.7694 15.2258
v  -3.3233 0.2050 15.3957
v  -3.3234 0.2043 15.3962
v  -3.2730 0.2043 15.4051
v  -3.2730 0.2050 15.4047
v  -3.1744 0.2056 15.3823
v  -3.2223 0.2056 15.3997
v  -3.2221 0.2050 15.4003
v  -3.1741 0.2050 15.3829
v  -3.3698 0.2043 15.3745
v  -3.3700 0.2035 15.3747
v  -3.3235 0.2035 15.3964
v  -3.2659 0.2760 15.2450
v  -3.2655 0.2896 15.2361
v  -3.2714 0.7694 15.2274
v  -3.2702 0.7694 15.2280
v  -3.2652 0.3039 15.2288
v  -3.2652 0.7694 15.2288
v  -3.2639 0.7694 15.2287
v  -3.2600 0.3039 15.2284
v  -3.2600 0.7694 15.2284
v  -3.2564 0.7694 15.2271
v  -3.2552 0.3039 15.2267
v  -3.2552 0.7694 15.2267
v  -3.2510 0.3039 15.2237
v  -3.2510 0.7694 15.2237
v  -3.2477 0.7694 15.2198
v  -3.2477 0.3039 15.2198
v  -3.2502 0.7694 15.2227
v  -3.2461 0.7694 15.2163
v  -3.2830 0.7694 15.2033
v  -3.2808 0.7694 15.1986
v  -3.2825 0.7694 15.2021
v  -3.1215 0.1989 15.0787
v  -3.1209 0.1992 15.0781
v  -3.0919 0.1992 15.1197
v  -3.0926 0.1989 15.1201
v  -3.2220 0.2011 15.4007
v  -3.1739 0.2011 15.3833
v  -3.1738 0.2019 15.3835
v  -3.1222 0.1986 15.0793
v  -3.0934 0.1986 15.1205
v  -3.2696 0.2172 15.3285
v  -3.2669 0.2516 15.2678
v  -3.2820 0.2516 15.2651
v  -3.2860 0.2410 15.2780
v  -3.2675 0.2410 15.2813
v  -3.3229 0.1992 15.3945
v  -3.3226 0.1989 15.3936
v  -3.2730 0.1992 15.4033
v  -3.2664 0.2633 15.2556
v  -3.1005 0.2061 15.3138
v  -3.1012 0.2065 15.3133
v  -3.1337 0.2065 15.3520
v  -3.1332 0.2061 15.3526
v  -3.2555 0.2011 15.0133
v  -3.3065 0.2011 15.0177
v  -3.3066 0.2019 15.0175
v  -3.2555 0.2019 15.0130
v  -3.2730 0.2056 15.4041
v  -3.0688 0.2050 15.2180
v  -3.0778 0.2050 15.2682
v  -3.0773 0.2043 15.2684
v  -3.0684 0.2043 15.2180
v  -3.0994 0.2050 15.3145
v  -3.1323 0.2050 15.3536
v  -3.1320 0.2043 15.3539
v  -3.0990 0.2043 15.3148
v  -3.0999 0.2056 15.3142
v  -3.1327 0.2056 15.3531
v  -3.1756 0.1986 15.3801
v  -3.1751 0.1989 15.3809
v  -3.3065 0.2043 15.0177
v  -3.3064 0.2050 15.0182
v  -3.2555 0.2050 15.0138
v  -3.2555 0.2043 15.0133
v  -3.2976 0.2088 15.0580
v  -3.3016 0.2070 15.0401
v  -3.3441 0.2070 15.0556
v  -3.3356 0.2088 15.0718
v  -3.2221 0.2004 15.4003
v  -3.1741 0.2004 15.3829
v  -3.1194 0.2019 15.0767
v  -3.0900 0.2019 15.1187
v  -3.0902 0.2011 15.1189
v  -3.1196 0.2011 15.0769
v  -3.2704 0.2122 15.3460
v  -3.3056 0.2122 15.3397
v  -3.2712 0.2088 15.3639
v  -3.3055 0.2068 15.0222
v  -3.3526 0.2068 15.0392
v  -3.2224 0.2061 15.3989
v  -3.2730 0.2061 15.4033
v  -3.1747 0.2061 15.3816
v  -3.1751 0.2065 15.3809
v  -3.2226 0.2065 15.3981
v  -3.2057 0.2061 15.0240
v  -3.2556 0.2061 15.0151
v  -3.2556 0.2065 15.0160
v  -3.2059 0.2065 15.0248
v  -3.1318 0.2035 15.3541
v  -3.0988 0.2035 15.3149
v  -3.1317 0.2027 15.3542
v  -3.0987 0.2027 15.3150
v  -3.2731 0.2035 15.4054
v  -3.2220 0.2035 15.4010
v  -3.1318 0.2019 15.3541
v  -3.0988 0.2019 15.3149
v  -3.3231 0.1998 15.3952
v  -3.2730 0.1998 15.4041
v  -3.2220 0.2043 15.4007
v  -3.1739 0.2043 15.3833
v  -3.2857 0.2633 15.1680
v  -3.2743 0.2633 15.1638
v  -3.1320 0.2011 15.3539
v  -3.0990 0.2011 15.3148
v  -3.1323 0.2004 15.3536
v  -3.0994 0.2004 15.3145
v  -3.1327 0.1998 15.3531
v  -3.0999 0.1998 15.3142
v  -3.1747 0.1992 15.3816
v  -3.2224 0.1992 15.3989
v  -3.3688 0.1992 15.3730
v  -3.1744 0.1998 15.3823
v  -3.2223 0.1998 15.3997
v  -3.1332 0.1992 15.3526
v  -3.1005 0.1992 15.3138
v  -3.1337 0.1989 15.3520
v  -3.1012 0.1989 15.3133
v  -3.3698 0.2011 15.3745
v  -3.3235 0.2019 15.3964
v  -3.3700 0.2019 15.3747
v  -3.1344 0.1986 15.3513
v  -3.1020 0.1986 15.3128
v  -3.1737 0.2027 15.3836
v  -3.3236 0.2027 15.3965
v  -3.3700 0.2027 15.3748
v  -3.2585 0.2896 15.2355
v  -3.2519 0.2896 15.2331
v  -3.3684 0.1989 15.3723
v  -3.2461 0.2896 15.2291
v  -3.2401 0.2760 15.2357
v  -3.2230 0.2122 15.0787
v  -3.2582 0.2122 15.0725
v  -3.2589 0.2172 15.0899
v  -3.2283 0.2172 15.0954
v  -3.2374 0.2896 15.2104
v  -3.2285 0.2760 15.2108
v  -3.2464 0.7694 15.2014
v  -3.2468 0.7694 15.2002
v  -3.2498 0.7694 15.1960
v  -3.2784 0.7694 15.1957
v  -3.2508 0.7694 15.1951
v  -3.2537 0.7694 15.1927
v  -3.2733 0.7694 15.1918
v  -3.2775 0.7694 15.1947
v  -3.2572 0.7694 15.1910
v  -3.2721 0.7694 15.1913
v  -3.2584 0.7694 15.1905
v  -3.2685 0.7694 15.1900
v  -3.2634 0.7694 15.1896
v  -3.2647 0.7694 15.1897
v  -3.2733 0.3039 15.1918
v  -3.2685 0.3039 15.1900
v  -3.2329 0.2633 15.2435
v  -3.2251 0.2633 15.2342
v  -3.2720 0.2760 15.1742
v  -3.2701 0.2896 15.1830
v  -3.2631 0.2896 15.1824
v  -3.2627 0.2760 15.1734
v  -3.2557 0.2068 15.0179
v  -3.2065 0.2068 15.0266
v  -3.2622 0.2633 15.1628
v  -3.2617 0.2516 15.1507
v  -3.2054 0.2056 15.0233
v  -3.2556 0.2056 15.0144
v  -3.2053 0.2050 15.0227
v  -3.2051 0.2043 15.0223
v  -3.2555 0.2035 15.0130
v  -3.2050 0.2035 15.0220
v  -3.2555 0.2027 15.0129
v  -3.2050 0.2027 15.0219
v  -3.2050 0.2019 15.0220
v  -3.2051 0.2011 15.0223
v  -3.2053 0.2004 15.0227
v  -3.2555 0.2004 15.0138
v  -3.2054 0.1998 15.0233
v  -3.2556 0.1998 15.0144
v  -3.2556 0.1992 15.0151
v  -3.2057 0.1992 15.0240
v  -3.2556 0.1989 15.0160
v  -3.2059 0.1989 15.0248
v  -3.2557 0.1986 15.0169
v  -3.2062 0.1986 15.0257
v  -3.2149 0.2516 15.2408
v  -3.2247 0.2516 15.2525
v  -3.2035 0.2410 15.2480
v  -3.2156 0.2410 15.2624
v  -3.1911 0.2317 15.2560
v  -3.2057 0.2317 15.2733
v  -3.1777 0.2237 15.2645
v  -3.1950 0.2237 15.2850
v  -3.1837 0.2172 15.2974
v  -3.2562 0.2896 15.1836
v  -3.2535 0.2760 15.1750
v  -3.1719 0.2122 15.3102
v  -3.2503 0.2633 15.1649
v  -3.1598 0.2088 15.3235
v  -3.1474 0.2070 15.3370
v  -3.2466 0.2516 15.1534
v  -3.2425 0.2410 15.1405
v  -3.2611 0.2410 15.1372
v  -3.2381 0.2317 15.1264
v  -3.2604 0.2317 15.1224
v  -3.2333 0.2237 15.1113
v  -3.2597 0.2237 15.1066
v  -3.3063 0.1998 15.0188
v  -3.3061 0.1992 15.0195
v  -3.2634 0.3039 15.1896
v  -3.2176 0.2088 15.0616
v  -3.2574 0.2088 15.0545
v  -3.2584 0.3039 15.1905
v  -3.2537 0.3039 15.1927
v  -3.2498 0.3039 15.1960
v  -3.2120 0.2070 15.0441
v  -3.2566 0.2070 15.0363
v  -3.1602 0.2065 15.0462
v  -3.1612 0.2068 15.0478
v  -3.2478 0.2760 15.2410
v  -3.1597 0.2061 15.0455
v  -3.1229 0.2068 15.0799
v  -3.1711 0.2070 15.0633
v  -3.1365 0.2070 15.0924
v  -3.1593 0.2056 15.0448
v  -3.2468 0.3039 15.2002
v  -3.1590 0.2050 15.0443
v  -3.0771 0.2035 15.2685
v  -3.1587 0.2043 15.0439
v  -3.1955 0.2410 15.2310
v  -3.1815 0.2317 15.2354
v  -3.2938 0.2122 15.0756
v  -3.0816 0.2068 15.2670
v  -3.1028 0.2068 15.3123
v  -3.1586 0.2035 15.0437
v  -3.1585 0.2027 15.0436
v  -3.1204 0.2056 15.0776
v  -3.0912 0.2056 15.1193
v  -3.0907 0.2050 15.1191
v  -3.1199 0.2050 15.0772
v  -3.0681 0.2035 15.2180
v  -3.2956 0.2633 15.1749
v  -3.1586 0.2019 15.0437
v  -3.1587 0.2011 15.0439
v  -3.2230 0.2068 15.3963
v  -3.2270 0.2070 15.3783
v  -3.2720 0.2070 15.3822
v  -3.2728 0.2068 15.4006
v  -3.1350 0.2068 15.3506
v  -3.1590 0.2004 15.0443
v  -3.1738 0.2035 15.3835
v  -3.1593 0.1998 15.0448
v  -3.1845 0.2070 15.3629
v  -3.1760 0.2068 15.3792
v  -3.1597 0.1992 15.0455
v  -3.1602 0.1989 15.0462
v  -3.1607 0.1986 15.0470
v  -3.2498 0.2896 15.1866
v  -3.2450 0.2760 15.1790
v  -3.2393 0.2633 15.1701
v  -3.0724 0.2027 15.1669
v  -3.0725 0.2019 15.1669
v  -3.0684 0.2011 15.2180
v  -3.0728 0.2011 15.1670
v  -3.0746 0.2061 15.1674
v  -3.0754 0.2065 15.1675
v  -3.0710 0.2065 15.2179
v  -3.0702 0.2061 15.2179
v  -3.0732 0.2004 15.1671
v  -3.0738 0.1998 15.1672
v  -3.2328 0.2516 15.1598
v  -3.0799 0.1989 15.2676
v  -3.0790 0.1992 15.2678
v  -3.0807 0.1986 15.2673
v  -3.2255 0.2410 15.1484
v  -3.2175 0.2317 15.1360
v  -3.2404 0.2896 15.1968
v  -3.2444 0.2896 15.1911
v  -3.2090 0.2237 15.1227
v  -3.0773 0.2011 15.2684
v  -3.0783 0.2056 15.2681
v  -3.2000 0.2172 15.1086
v  -3.1199 0.2004 15.0772
v  -3.0907 0.2004 15.1191
v  -3.0912 0.1998 15.1193
v  -3.1204 0.1998 15.0776
v  -3.3060 0.1989 15.0203
v  -3.3058 0.1986 15.0212
v  -3.1906 0.2122 15.0939
v  -3.1809 0.2088 15.0787
v  -3.0772 0.2068 15.1680
v  -3.0729 0.2068 15.2178
v  -3.3679 0.1986 15.3715
v  -3.0943 0.2068 15.1209
v  -3.1106 0.2070 15.1294
v  -3.0952 0.2070 15.1719
v  -3.0732 0.2050 15.1671
v  -3.0728 0.2043 15.1670
v  -3.0725 0.2035 15.1669
v  -3.1131 0.2088 15.1759
v  -3.1269 0.2088 15.1379
v  -3.1428 0.2122 15.1461
v  -3.1306 0.2122 15.1797
v  -3.0738 0.2056 15.1672
v  -3.1500 0.2088 15.1047
v  -3.1640 0.2237 15.1871
v  -3.1731 0.2237 15.1619
v  -3.1872 0.2317 15.1692
v  -3.1795 0.2317 15.1905
v  -3.2003 0.2410 15.1760
v  -3.1939 0.2410 15.1937
v  -3.0694 0.2056 15.2179
v  -3.2380 0.2896 15.2034
v  -3.2012 0.2122 15.3307
v  -3.2092 0.2172 15.3152
v  -3.2386 0.2172 15.3258
v  -3.2348 0.2122 15.3429
v  -3.2170 0.2237 15.3004
v  -3.2422 0.2237 15.3095
v  -3.0763 0.1986 15.1677
v  -3.2293 0.2760 15.2015
v  -3.2325 0.2760 15.1927
v  -3.1583 0.2172 15.1542
v  -3.1761 0.2172 15.1286
v  -3.1885 0.2237 15.1399
v  -3.2189 0.2633 15.1992
v  -3.2230 0.2633 15.1878
v  -3.1633 0.2122 15.1169
v  -3.2071 0.2516 15.1966
v  -3.2123 0.2516 15.1822
v  -3.1193 0.2027 15.0766
v  -3.1477 0.2172 15.1835
v  -3.0899 0.2027 15.1187
v  -3.2002 0.2317 15.1506
v  -3.2111 0.2410 15.1606
v  -3.2210 0.2516 15.1697
v  -3.1929 0.2088 15.3466
v  -3.2309 0.2088 15.3604
v  -3.2378 0.2760 15.1850
v  -3.0720 0.1986 15.2178
v  -3.2300 0.2633 15.1779
v  -3.2729 0.2065 15.4025
v  -3.3379 0.2122 15.3246
v  -3.1096 0.2088 15.2161
v  -3.0913 0.2070 15.2170
v  -3.0790 0.2061 15.2678
v  -3.3066 0.2035 15.0175
v  -3.1275 0.2122 15.2153
v  -3.1775 0.2317 15.2131
v  -3.3066 0.2027 15.0174
v  -3.1922 0.2410 15.2124
v  -3.0799 0.2065 15.2676
v  -3.3064 0.2004 15.0182
v  -3.3038 0.2516 15.1660
v  -3.3129 0.2410 15.1560
v  -3.3229 0.2317 15.1451
v  -3.3336 0.2237 15.1334
v  -3.3449 0.2172 15.1211
v  -3.3566 0.2122 15.1082
v  -3.3688 0.2088 15.0949
v  -3.3811 0.2070 15.0814
v  -3.3534 0.2065 15.0375
v  -3.3538 0.2061 15.0368
v  -3.3542 0.2056 15.0361
v  -3.3544 0.2050 15.0356
v  -3.3546 0.2043 15.0352
v  -3.3548 0.2035 15.0349
v  -3.3548 0.2027 15.0349
v  -3.3548 0.2019 15.0349
v  -3.3546 0.2011 15.0352
v  -3.3544 0.2004 15.0356
v  -3.3542 0.1998 15.0361
v  -3.3538 0.1992 15.0368
v  -3.3534 0.1989 15.0375
v  -3.2808 0.2760 15.1774
v  -3.2767 0.2896 15.1854
v  -3.3530 0.1986 15.0384
v  -3.3063 0.2056 15.0188
v  -3.3061 0.2061 15.0195
v  -3.3060 0.2065 15.0203
v  -3.2566 0.2760 15.2442
v  -3.3274 0.2122 15.0877
v  -3.2456 0.2317 15.2940
v  -3.2487 0.2410 15.2796
v  -3.2243 0.2317 15.2863
v  -3.2311 0.2410 15.2732
v  -3.3224 0.1986 15.3928
v  -3.3226 0.2065 15.3936
v  -3.3684 0.2065 15.3723
v  -3.3221 0.2068 15.3919
# 2112 vertices

vn 0.5547 -0.8074 -0.2013
vn 0.5000 -0.8403 -0.2095
vn 0.8660 -0.4851 -0.1210
vn 0.9126 -0.3967 -0.0989
vn 0.6549 0.0000 -0.7557
vn 0.5406 -0.0000 -0.8413
vn 0.4347 -0.5946 -0.6764
vn 0.5265 -0.5946 -0.6077
vn 0.0000 0.2419 -0.9703
vn -0.0618 0.4994 0.8642
vn 0.0000 0.8090 0.5878
vn 0.0000 0.5946 0.8041
vn -0.0420 0.8083 0.5873
vn -0.5265 0.5946 0.6077
vn -0.4347 0.5946 0.6764
vn -0.5406 -0.0000 0.8413
vn -0.6549 -0.0000 0.7557
vn 0.5167 0.8083 -0.2822
vn 0.7587 0.5027 -0.4143
vn 0.7570 0.5060 -0.4134
vn -0.2801 -0.5724 0.7707
vn -0.4287 -0.2511 0.8678
vn -0.4906 -0.0413 0.8704
vn -0.3243 -0.4928 0.8075
vn -0.4976 -0.0111 0.8674
vn -0.3738 0.9067 0.1953
vn -0.2129 0.9703 -0.1150
vn -0.2095 0.9703 -0.1210
vn -0.4450 0.8190 0.3624
vn -0.5167 0.8083 -0.2822
vn -0.7587 0.5027 -0.4143
vn -0.7570 0.5060 -0.4134
vn 0.0000 0.9703 0.2419
vn -0.2588 0.9372 0.2337
vn -0.3485 0.9095 0.2268
vn -0.5363 0.8190 0.2042
vn 0.0420 0.8083 0.5873
vn 0.0618 0.4994 0.8642
vn 0.5017 0.6861 0.5268
vn 0.4450 0.8190 0.3624
vn 0.3738 0.9067 0.1953
vn 0.5302 0.5534 0.6423
vn 0.5409 0.4336 0.7207
vn 0.2095 0.9703 -0.1210
vn 0.2129 0.9703 -0.1150
vn 0.0200 0.9081 -0.4183
vn -0.0913 0.8190 -0.5665
vn 0.2095 -0.9703 0.1210
vn 0.2078 -0.9703 0.1238
vn -0.0315 -0.8716 0.4892
vn -0.0717 -0.8375 0.5417
vn 0.5371 -0.4928 -0.6846
vn 0.5271 -0.5737 -0.6269
vn 0.4063 -0.8735 -0.2681
vn 0.4333 -0.8375 -0.3329
vn -0.0679 -0.3083 0.9489
vn -0.0000 0.0000 1.0000
vn 0.0000 -0.5946 0.8041
vn -0.0600 -0.5411 0.8388
vn -0.0713 -0.0499 0.9962
vn 0.3243 -0.4928 0.8075
vn 0.2801 -0.5724 0.7707
vn 0.0315 -0.8716 0.4892
vn 0.0717 -0.8375 0.5417
vn -0.5271 -0.5737 -0.6269
vn -0.5372 -0.2511 -0.8052
vn -0.5085 -0.0413 -0.8601
vn -0.5371 -0.4928 -0.6846
vn -0.5023 -0.0110 -0.8646
vn -0.9999 -0.0110 -0.0028
vn -0.9659 -0.2511 -0.0626
vn -0.8614 -0.4928 -0.1229
vn -0.9991 -0.0413 -0.0103
vn -0.8054 -0.5752 -0.1434
vn -0.7353 -0.5459 -0.4015
vn -0.5167 -0.8083 -0.2822
vn -0.7327 -0.5506 -0.4001
vn 0.8614 -0.4928 -0.1229
vn 0.9999 -0.0110 -0.0028
vn 0.9991 -0.0413 -0.0103
vn 0.9659 -0.2511 -0.0626
vn 0.8054 -0.5752 -0.1434
vn 0.8946 0.4336 0.1081
vn 0.9659 0.2511 0.0626
vn 0.8178 0.5583 0.1392
vn -0.2095 -0.9703 0.1210
vn -0.2078 -0.9703 0.1238
vn 0.8766 -0.0495 -0.4787
vn 0.8349 0.3083 -0.4559
vn 0.0679 0.3083 0.9489
vn 0.0713 -0.0499 0.9962
vn 0.3687 -0.4011 0.8386
vn 0.3283 -0.4851 0.8105
vn 0.0686 -0.8403 0.5378
vn 0.0984 -0.8120 0.5753
vn 0.3537 0.4336 -0.8288
vn 0.4287 0.2511 -0.8678
vn 0.5023 -0.0110 -0.8646
vn 0.5085 -0.0413 -0.8601
vn 0.2898 0.5559 -0.7791
vn -0.4311 -0.8755 -0.2183
vn -0.5050 -0.8375 -0.2088
vn -0.3283 0.4851 -0.8105
vn -0.0686 0.8403 -0.5378
vn -0.2054 0.6861 -0.6979
vn -0.3618 0.4162 -0.8342
vn -0.1335 0.7750 -0.6177
vn 0.5406 0.0000 0.8413
vn 0.6549 0.0000 0.7557
vn 0.5265 -0.5946 0.6077
vn 0.4347 -0.5946 0.6764
vn -0.5378 -0.4851 -0.6895
vn -0.4976 0.0111 -0.8674
vn -0.5419 -0.3989 -0.7397
vn -0.5000 0.0000 -0.8660
vn -0.4503 -0.8097 -0.3762
vn -0.4314 -0.8403 -0.3283
vn -0.8178 0.5583 0.1392
vn -0.9659 0.2511 0.0626
vn -0.8946 0.4336 0.1081
vn 0.2108 -0.9703 0.1188
vn -0.0686 -0.8403 0.5378
vn -0.0984 -0.8120 0.5753
vn 0.7314 -0.5946 -0.3340
vn 0.5167 -0.8083 -0.2822
vn 0.6832 -0.6278 -0.3730
vn 0.2694 -0.9551 -0.1230
vn 0.2492 -0.9551 -0.1601
vn 0.6860 -0.6238 -0.3746
vn 0.6764 -0.5946 -0.4347
vn -0.2898 0.5559 -0.7791
vn -0.3537 0.4336 -0.8288
vn 0.4503 -0.8097 -0.3762
vn 0.4314 -0.8403 -0.3283
vn 0.5378 -0.4851 -0.6895
vn 0.5419 -0.3989 -0.7397
vn -0.0679 0.3083 0.9489
vn 0.5372 -0.2511 -0.8052
vn 0.4976 0.0111 -0.8674
vn 0.5000 0.0000 -0.8660
vn 0.0913 0.8190 -0.5665
vn 0.2054 0.6861 -0.6979
vn -0.0200 0.9081 -0.4183
vn -0.5406 0.0000 -0.8413
vn -0.6549 0.0000 -0.7557
vn -0.5265 -0.5946 -0.6077
vn -0.4347 -0.5946 -0.6764
vn 0.4287 -0.2511 0.8678
vn 0.5023 0.0110 0.8646
vn 0.5000 0.0000 0.8660
vn 0.6764 0.5946 -0.4347
vn 0.8413 0.0000 -0.5406
vn 0.6429 0.6808 -0.3510
vn 0.8765 0.0508 -0.4786
vn -0.8766 -0.0492 -0.4787
vn -0.8349 -0.3083 -0.4559
vn -0.4347 -0.5946 0.6764
vn -0.5265 -0.5946 0.6077
vn -0.8403 0.2419 0.4851
vn -0.7557 0.0000 0.6549
vn -0.6077 -0.5946 0.5265
vn -0.6764 -0.5946 0.4347
vn -0.8413 0.0000 0.5406
vn -0.7557 0.0000 -0.6549
vn -0.8413 0.0000 -0.5406
vn -0.6764 -0.5946 -0.4347
vn -0.6077 -0.5946 -0.5265
vn -0.5000 0.0000 0.8660
vn -0.5414 0.4196 0.7286
vn -0.5372 0.2511 0.8052
vn -0.5023 0.0110 0.8646
vn -0.5378 0.4851 0.6895
vn -0.0000 -0.9703 -0.2419
vn -0.5547 -0.8074 -0.2013
vn -0.5000 -0.8403 -0.2095
vn -0.8765 0.0508 -0.4786
vn -0.6860 -0.6238 -0.3746
vn 0.7557 0.0000 0.6549
vn 0.6077 0.5946 0.5265
vn 0.6764 0.5946 0.4347
vn 0.8413 -0.0000 0.5406
vn 0.8349 -0.3083 -0.4559
vn 0.9096 -0.0000 -0.4154
vn -0.6764 0.5946 0.4347
vn -0.6077 0.5946 0.5265
vn 0.4347 0.5946 0.6764
vn 0.5265 0.5946 0.6077
vn -0.8349 0.3083 -0.4559
vn -0.2108 -0.9703 0.1188
vn 0.7327 -0.5506 -0.4001
vn 0.7353 -0.5459 -0.4015
vn -0.0422 -0.9551 0.2932
vn -0.0420 -0.8083 0.5873
vn 0.0000 -0.8090 0.5878
vn 0.0000 -0.9551 0.2962
vn -0.1144 -0.5946 0.7959
vn -0.0553 -0.6317 0.7732
vn -0.4347 0.5946 -0.6764
vn -0.5265 0.5946 -0.6077
vn -0.4333 -0.8375 -0.3329
vn -0.4063 -0.8735 -0.2681
vn -0.7071 0.6861 0.1711
vn 0.6764 -0.5946 0.4347
vn 0.6077 -0.5946 0.5265
vn 0.7557 0.0000 -0.6549
vn 0.6077 0.5946 -0.5265
vn -0.4666 0.7784 0.4200
vn -0.5017 0.6861 0.5268
vn -0.4314 0.8403 0.3283
vn 0.5050 -0.8375 -0.2088
vn 0.4311 -0.8755 -0.2183
vn -0.6064 0.7715 0.1924
vn -0.8660 0.4851 0.1210
vn -0.9050 0.4127 0.1029
vn -0.5000 0.8403 0.2095
vn 0.6846 -0.5812 -0.4400
vn 0.7402 -0.5812 -0.3380
vn 0.6150 -0.5812 -0.5329
vn 0.5329 -0.5812 -0.6150
vn 0.4400 -0.5812 -0.6846
vn 0.4154 -0.0000 -0.9096
vn 0.3380 -0.5812 -0.7402
vn 0.2817 -0.0000 -0.9595
vn 0.2293 -0.5812 -0.7808
vn 0.1423 0.0000 -0.9898
vn 0.1158 -0.5812 -0.8055
vn 0.0000 -0.0000 -1.0000
vn -0.0000 -0.5812 -0.8138
vn -0.1423 -0.0000 -0.9898
vn -0.1158 -0.5812 -0.8055
vn -0.2817 0.0000 -0.9595
vn -0.2293 -0.5812 -0.7808
vn -0.4154 0.0000 -0.9096
vn -0.3380 -0.5812 -0.7402
vn -0.4400 -0.5812 -0.6846
vn -0.8660 -0.4851 -0.1210
vn -0.9126 -0.3967 -0.0989
vn -0.5329 -0.5812 -0.6150
vn -0.6150 -0.5812 -0.5329
vn -0.6846 -0.5812 -0.4400
vn -0.9096 -0.0000 -0.4154
vn -0.7402 -0.5812 -0.3380
vn -0.9595 -0.0000 -0.2817
vn -0.7808 -0.5812 -0.2293
vn -0.9898 -0.0000 -0.1423
vn -0.8055 -0.5812 -0.1158
vn -0.8138 -0.5812 0.0000
vn -1.0000 0.0000 0.0000
vn -0.8055 -0.5812 0.1158
vn -0.9898 0.0000 0.1423
vn -0.7808 -0.5812 0.2293
vn -0.9595 0.0000 0.2817
vn -0.7402 -0.5812 0.3380
vn -0.9096 0.0000 0.4154
vn -0.6846 -0.5812 0.4400
vn -0.6150 -0.5812 0.5329
vn -0.5329 -0.5812 0.6150
vn -0.4400 -0.5812 0.6846
vn -0.4154 -0.0000 0.9096
vn -0.3380 -0.5812 0.7402
vn -0.2817 -0.0000 0.9595
vn -0.2293 -0.5812 0.7808
vn -0.1423 0.0000 0.9898
vn -0.1158 -0.5812 0.8055
vn -0.0000 -0.5812 0.8138
vn 0.0458 -0.9469 0.3183
vn 0.1158 -0.5812 0.8055
vn -0.0000 -0.9469 0.3216
vn 0.0906 -0.9469 0.3086
vn 0.2293 -0.5812 0.7808
vn 0.1336 -0.9469 0.2925
vn 0.3380 -0.5812 0.7402
vn 0.1739 -0.9469 0.2706
vn 0.4400 -0.5812 0.6846
vn 0.2106 -0.9469 0.2431
vn 0.5329 -0.5812 0.6150
vn 0.2431 -0.9469 0.2106
vn 0.6150 -0.5812 0.5329
vn 0.2706 -0.9469 0.1739
vn 0.6846 -0.5812 0.4400
vn 0.2925 -0.9469 0.1336
vn 0.7402 -0.5812 0.3380
vn 0.3086 -0.9469 0.0906
vn 0.7808 -0.5812 0.2293
vn 0.3183 -0.9469 0.0458
vn 0.8055 -0.5812 0.1158
vn 0.3216 -0.9469 -0.0000
vn 0.8138 -0.5812 -0.0000
vn 0.8055 -0.5812 -0.1158
vn 0.3183 -0.9469 -0.0458
vn 0.0000 0.5946 -0.8041
vn -0.1144 0.5946 -0.7959
vn -0.2265 0.5946 -0.7715
vn -0.3340 0.5946 -0.7314
vn -0.6077 0.5946 -0.5265
vn -0.7314 0.5946 -0.3340
vn -0.6414 0.6827 -0.3502
vn -0.7715 0.5946 -0.2265
vn -0.7959 0.5946 -0.1144
vn -0.8041 0.5946 0.0000
vn -0.7959 0.5946 0.1144
vn -0.7715 0.5946 0.2265
vn -0.7314 0.5946 0.3340
vn -0.3340 0.5946 0.7314
vn -0.2265 0.5946 0.7715
vn -0.1144 0.5946 0.7959
vn -0.0713 0.0498 0.9962
vn -0.0520 0.6846 0.7271
vn 0.0713 0.0498 0.9962
vn 0.1144 0.5946 0.7959
vn 0.1423 0.0000 0.9898
vn 0.0520 0.6846 0.7271
vn 0.2265 0.5946 0.7715
vn 0.2817 0.0000 0.9595
vn 0.3340 0.5946 0.7314
vn 0.4154 0.0000 0.9096
vn 0.7314 0.5946 0.3340
vn 0.9096 -0.0000 0.4154
vn 0.7715 0.5946 0.2265
vn 0.9595 -0.0000 0.2817
vn 0.7959 0.5946 0.1144
vn 0.9898 0.0000 0.1423
vn 0.8041 0.5946 0.0000
vn 1.0000 0.0000 -0.0000
vn -0.6764 0.5946 -0.4347
vn -0.6429 0.6808 -0.3510
vn 0.9898 0.0000 -0.1423
vn 0.7959 0.5946 -0.1144
vn 0.9595 0.0000 -0.2817
vn 0.7715 0.5946 -0.2265
vn 0.7314 0.5946 -0.3340
vn 0.6414 0.6827 -0.3502
vn 0.5265 0.5946 -0.6077
vn 0.4347 0.5946 -0.6764
vn 0.3340 0.5946 -0.7314
vn 0.2265 0.5946 -0.7715
vn 0.1144 0.5946 -0.7959
vn -0.0422 0.9551 -0.2932
vn 0.0000 0.9551 -0.2962
vn -0.0835 0.9551 -0.2842
vn -0.1230 0.9551 -0.2694
vn -0.1601 0.9551 -0.2492
vn -0.1940 0.9551 -0.2239
vn -0.2239 0.9551 -0.1940
vn -0.2492 0.9551 -0.1601
vn -0.2694 0.9551 -0.1230
vn -0.2842 0.9551 -0.0835
vn -0.2932 0.9551 -0.0422
vn -0.2962 0.9551 0.0000
vn -0.2932 0.9551 0.0422
vn -0.2842 0.9551 0.0835
vn -0.2694 0.9551 0.1230
vn -0.2492 0.9551 0.1601
vn -0.2239 0.9551 0.1940
vn -0.1940 0.9551 0.2239
vn -0.1601 0.9551 0.2492
vn -0.1230 0.9551 0.2694
vn -0.0835 0.9551 0.2842
vn -0.0422 0.9551 0.2932
vn 0.0000 0.9551 0.2962
vn 0.0422 0.9551 0.2932
vn 0.0835 0.9551 0.2842
vn 0.1230 0.9551 0.2694
vn 0.1601 0.9551 0.2492
vn 0.1940 0.9551 0.2239
vn 0.2239 0.9551 0.1940
vn 0.2492 0.9551 0.1601
vn 0.2694 0.9551 0.1230
vn 0.2842 0.9551 0.0835
vn 0.2932 0.9551 0.0422
vn 0.2962 0.9551 -0.0000
vn 0.2932 0.9551 -0.0422
vn 0.2842 0.9551 -0.0835
vn 0.2694 0.9551 -0.1230
vn 0.2492 0.9551 -0.1601
vn 0.2239 0.9551 -0.1940
vn 0.1940 0.9551 -0.2239
vn 0.1601 0.9551 -0.2492
vn 0.1230 0.9551 -0.2694
vn 0.0835 0.9551 -0.2842
vn 0.0422 0.9551 -0.2932
vn -0.3183 0.9469 0.0458
vn -0.3086 0.9469 0.0906
vn -0.3183 0.9469 -0.0458
vn -0.3216 0.9469 0.0000
vn -0.2925 0.9469 0.1336
vn -0.2706 0.9469 0.1739
vn -0.2431 0.9469 0.2106
vn -0.2106 0.9469 0.2431
vn -0.1739 0.9469 0.2706
vn -0.1336 0.9469 0.2925
vn -0.0906 0.9469 0.3086
vn -0.0458 0.9469 0.3183
vn -0.0000 0.9469 0.3216
vn 0.0458 0.9469 0.3183
vn 0.0906 0.9469 0.3086
vn 0.1336 0.9469 0.2925
vn 0.1739 0.9469 0.2706
vn 0.2106 0.9469 0.2431
vn 0.2431 0.9469 0.2106
vn 0.2706 0.9469 0.1739
vn 0.2925 0.9469 0.1336
vn 0.3086 0.9469 0.0906
vn 0.3183 0.9469 0.0458
vn -0.3086 0.9469 -0.0906
vn -0.2925 0.9469 -0.1336
vn -0.2706 0.9469 -0.1739
vn -0.2431 0.9469 -0.2106
vn -0.2106 0.9469 -0.2431
vn -0.1739 0.9469 -0.2706
vn -0.1336 0.9469 -0.2925
vn -0.0906 0.9469 -0.3086
vn -0.0458 0.9469 -0.3183
vn -0.0000 0.9469 -0.3216
vn 0.0458 0.9469 -0.3183
vn 0.0906 0.9469 -0.3086
vn 0.1336 0.9469 -0.2925
vn 0.1739 0.9469 -0.2706
vn 0.2106 0.9469 -0.2431
vn 0.2431 0.9469 -0.2106
vn 0.2706 0.9469 -0.1739
vn 0.2925 0.9469 -0.1336
vn 0.3086 0.9469 -0.0906
vn 0.3183 0.9469 -0.0458
vn 0.3216 0.9469 -0.0000
vn 0.1158 0.5812 0.8055
vn -0.0000 0.5812 0.8138
vn 0.2293 0.5812 0.7808
vn 0.3380 0.5812 0.7402
vn 0.4400 0.5812 0.6846
vn 0.5329 0.5812 0.6150
vn 0.6150 0.5812 0.5329
vn 0.6846 0.5812 0.4400
vn 0.7402 0.5812 0.3380
vn 0.7808 0.5812 0.2293
vn 0.8055 0.5812 0.1158
vn 0.8138 0.5812 -0.0000
vn 0.8055 0.5812 -0.1158
vn 0.7808 0.5812 -0.2293
vn 0.7402 0.5812 -0.3380
vn 0.6846 0.5812 -0.4400
vn 0.6150 0.5812 -0.5329
vn 0.5329 0.5812 -0.6150
vn 0.4400 0.5812 -0.6846
vn 0.3380 0.5812 -0.7402
vn 0.2293 0.5812 -0.7808
vn 0.1158 0.5812 -0.8055
vn -0.0000 0.5812 -0.8138
vn -0.1158 0.5812 -0.8055
vn -0.2293 0.5812 -0.7808
vn -0.3380 0.5812 -0.7402
vn -0.4400 0.5812 -0.6846
vn -0.5329 0.5812 -0.6150
vn -0.6150 0.5812 -0.5329
vn -0.6846 0.5812 -0.4400
vn -0.7402 0.5812 -0.3380
vn -0.7808 0.5812 -0.2293
vn -0.8055 0.5812 -0.1158
vn -0.8138 0.5812 0.0000
vn -0.8055 0.5812 0.1158
vn -0.7808 0.5812 0.2293
vn -0.7402 0.5812 0.3380
vn -0.6846 0.5812 0.4400
vn -0.6150 0.5812 0.5329
vn -0.5329 0.5812 0.6150
vn -0.4400 0.5812 0.6846
vn -0.3380 0.5812 0.7402
vn -0.2293 0.5812 0.7808
vn -0.1158 0.5812 0.8055
vn 0.7808 -0.5812 -0.2293
vn 0.3086 -0.9469 -0.0906
vn 0.2925 -0.9469 -0.1336
vn 0.2706 -0.9469 -0.1739
vn 0.2431 -0.9469 -0.2106
vn 0.2106 -0.9469 -0.2431
vn 0.1739 -0.9469 -0.2706
vn 0.1336 -0.9469 -0.2925
vn 0.0906 -0.9469 -0.3086
vn 0.0458 -0.9469 -0.3183
vn 0.0000 -0.9469 -0.3216
vn -0.0458 -0.9469 -0.3183
vn -0.0906 -0.9469 -0.3086
vn -0.1336 -0.9469 -0.2925
vn -0.1739 -0.9469 -0.2706
vn -0.2106 -0.9469 -0.2431
vn -0.2431 -0.9469 -0.2106
vn -0.2706 -0.9469 -0.1739
vn -0.2925 -0.9469 -0.1336
vn -0.3086 -0.9469 -0.0906
vn -0.3183 -0.9469 -0.0458
vn -0.3216 -0.9469 0.0000
vn -0.3183 -0.9469 0.0458
vn -0.3086 -0.9469 0.0906
vn -0.2925 -0.9469 0.1336
vn -0.2706 -0.9469 0.1739
vn -0.2431 -0.9469 0.2106
vn -0.2106 -0.9469 0.2431
vn -0.1739 -0.9469 0.2706
vn -0.1336 -0.9469 0.2925
vn -0.0906 -0.9469 0.3086
vn -0.0458 -0.9469 0.3183
vn 0.2932 -0.9551 0.0422
vn 0.2962 -0.9551 -0.0000
vn 0.2842 -0.9551 0.0835
vn 0.2694 -0.9551 0.1230
vn 0.2492 -0.9551 0.1601
vn 0.2239 -0.9551 0.1940
vn 0.1940 -0.9551 0.2239
vn 0.1601 -0.9551 0.2492
vn 0.1230 -0.9551 0.2694
vn 0.0835 -0.9551 0.2842
vn 0.0422 -0.9551 0.2932
vn -0.0835 -0.9551 0.2842
vn -0.1230 -0.9551 0.2694
vn -0.1601 -0.9551 0.2492
vn -0.1940 -0.9551 0.2239
vn -0.2239 -0.9551 0.1940
vn -0.2492 -0.9551 0.1601
vn -0.2694 -0.9551 0.1230
vn -0.2842 -0.9551 0.0835
vn -0.2932 -0.9551 0.0422
vn -0.2962 -0.9551 0.0000
vn 0.2932 -0.9551 -0.0422
vn 0.2842 -0.9551 -0.0835
vn 0.2239 -0.9551 -0.1940
vn 0.1940 -0.9551 -0.2239
vn 0.1601 -0.9551 -0.2492
vn 0.1230 -0.9551 -0.2694
vn 0.0835 -0.9551 -0.2842
vn 0.0422 -0.9551 -0.2932
vn 0.0000 -0.9551 -0.2962
vn -0.0422 -0.9551 -0.2932
vn -0.0835 -0.9551 -0.2842
vn -0.1230 -0.9551 -0.2694
vn -0.1601 -0.9551 -0.2492
vn -0.1940 -0.9551 -0.2239
vn -0.2239 -0.9551 -0.1940
vn -0.2492 -0.9551 -0.1601
vn -0.2694 -0.9551 -0.1230
vn -0.2842 -0.9551 -0.0835
vn -0.2932 -0.9551 -0.0422
vn 0.6077 -0.5946 -0.5265
vn -0.1144 -0.5946 -0.7959
vn 0.0000 -0.5946 -0.8041
vn -0.2265 -0.5946 -0.7715
vn -0.3340 -0.5946 -0.7314
vn -0.7314 -0.5946 -0.3340
vn -0.6832 -0.6278 -0.3730
vn -0.7715 -0.5946 -0.2265
vn -0.7959 -0.5946 -0.1144
vn -0.8041 -0.5946 0.0000
vn -0.7959 -0.5946 0.1144
vn -0.7715 -0.5946 0.2265
vn -0.7314 -0.5946 0.3340
vn -0.3340 -0.5946 0.7314
vn -0.2265 -0.5946 0.7715
vn 0.0420 -0.8083 0.5873
vn 0.1144 -0.5946 0.7959
vn 0.0553 -0.6317 0.7732
vn 0.2265 -0.5946 0.7715
vn 0.3340 -0.5946 0.7314
vn 0.7314 -0.5946 0.3340
vn 0.7715 -0.5946 0.2265
vn 0.7959 -0.5946 0.1144
vn 0.8041 -0.5946 0.0000
vn 0.7959 -0.5946 -0.1144
vn 0.7715 -0.5946 -0.2265
vn 0.3340 -0.5946 -0.7314
vn 0.2265 -0.5946 -0.7715
vn 0.1144 -0.5946 -0.7959
vn -0.4287 0.2511 -0.8678
vn 0.0679 -0.3083 0.9489
vn 0.5372 0.2511 0.8052
vn 0.5414 0.4196 0.7286
vn 0.5378 0.4851 0.6895
vn 0.5363 0.8190 0.2042
vn 0.7071 0.6861 0.1711
vn 0.3485 0.9095 0.2268
vn 0.2588 0.9372 0.2337
vn -0.9999 0.0113 0.0028
vn 0.8660 0.4851 0.1210
vn 0.9050 0.4127 0.1029
vn 0.6064 0.7715 0.1924
vn 0.5000 0.8403 0.2095
vn 0.9999 0.0113 0.0028
vn 0.4906 -0.0413 0.8704
vn 0.4976 -0.0111 0.8674
vn 0.4666 0.7784 0.4200
vn 0.4314 0.8403 0.3283
vn 0.2079 0.9703 -0.1237
vn 0.3618 0.4162 -0.8342
vn 0.3283 0.4851 -0.8105
vn -0.2079 0.9703 -0.1237
vn 0.0686 0.8403 -0.5378
vn 0.1335 0.7750 -0.6177
vn -0.5302 0.5534 0.6423
vn -0.5409 0.4336 0.7207
vn -0.3283 -0.4851 0.8105
vn -0.3687 -0.4011 0.8386
vn 0.8403 0.2419 0.4851
vn 0.0600 -0.5411 0.8388
vn -0.1348 -0.5568 0.8197
vn 0.0365 -0.5568 0.8299
vn 0.0866 0.7808 0.6187
vn 0.0251 0.9835 0.1789
vn -0.0697 0.7821 0.6192
vn 0.5952 0.7875 0.1599
vn 0.1650 0.9853 0.0443
vn 0.1633 0.9852 0.0518
vn 0.0296 0.5901 0.8068
vn -0.2248 0.7831 0.5799
vn -0.1249 0.6433 0.7554
vn 0.2371 0.7821 0.5763
vn 0.0693 0.9835 0.1668
vn -0.3659 0.7821 0.5044
vn -0.4169 0.6433 0.6422
vn -0.5636 0.7821 0.2659
vn -0.6592 0.6062 0.4450
vn -0.4811 0.7808 0.3986
vn -0.5945 0.7839 -0.1791
vn -0.6814 0.6759 0.2810
vn -0.8430 -0.3433 0.4141
vn -0.7622 -0.5170 0.3894
vn -0.6861 -0.5416 0.4857
vn -0.7553 -0.3802 0.5339
vn -0.5597 -0.7236 0.4039
vn -0.6153 -0.7146 0.3329
vn -0.4379 -0.8400 0.3204
vn -0.4750 -0.8381 0.2684
vn -0.3128 0.8884 -0.3360
vn -0.6809 0.5550 -0.4779
vn -0.5010 0.7854 -0.3636
vn -0.1622 0.9852 -0.0556
vn -0.1112 0.9910 -0.0742
vn -0.1555 0.9852 -0.0718
vn -0.1591 0.9852 -0.0639
vn -0.1636 0.9835 0.0765
vn -0.1518 0.9853 -0.0785
vn -0.1857 0.9811 -0.0537
vn -0.1402 0.9849 -0.1017
vn -0.1485 0.9849 -0.0892
vn -0.0443 0.9839 -0.1731
vn -0.1116 0.9817 -0.1541
vn -0.1391 0.9835 0.1153
vn -0.0078 0.9839 -0.1785
vn -0.1056 0.9835 0.1466
vn 0.0290 0.9839 -0.1763
vn -0.0653 0.9835 0.1684
vn 0.0646 0.9839 -0.1666
vn -0.0208 0.9835 0.1795
vn 0.0974 0.9839 -0.1498
vn 0.1261 0.9839 -0.1266
vn 0.1494 0.9839 -0.0980
vn 0.1322 0.9910 0.0201
vn 0.1864 0.9817 -0.0386
vn 0.1734 0.9811 0.0855
vn 0.1698 0.9849 0.0342
vn 0.1721 0.9849 0.0193
vn 0.1573 0.9852 0.0682
vn 0.1606 0.9852 0.0600
vn -0.8808 0.2811 0.3810
vn -0.6464 0.7612 -0.0527
vn -0.9054 0.3883 0.1717
vn 0.2769 0.9436 -0.1816
vn 0.2337 0.9436 -0.2346
vn -0.9504 -0.2467 0.1894
vn -0.8663 -0.4779 0.1452
vn -0.7071 -0.6963 0.1227
vn -0.5426 -0.8328 0.1097
vn -0.3550 -0.9129 0.2016
vn -0.3915 -0.9153 0.0950
vn -0.2362 -0.9629 0.1306
vn -0.2558 -0.9646 0.0640
vn -0.1222 -0.9906 0.0616
vn -0.1323 -0.9907 0.0326
vn 0.0758 -0.9907 0.1133
vn 0.0487 -0.9906 0.1278
vn 0.0197 -0.9971 0.0740
vn 0.3938 0.2811 0.8752
vn 0.3139 0.6759 0.6668
vn 0.2382 0.1765 0.9551
vn 0.1869 0.6062 0.7730
vn -0.8197 0.1765 0.5449
vn 0.0813 -0.9109 0.4046
vn 0.0339 -0.9108 0.4114
vn 0.0221 -0.9617 0.2731
vn 0.0553 -0.9618 0.2682
vn 0.0103 -0.9903 0.1382
vn 0.0302 -0.9903 0.1355
vn -0.0034 -0.9973 0.0737
vn 0.0081 -0.9971 0.0751
vn -0.1098 0.3713 0.9220
vn 0.0609 0.1984 0.9782
vn -0.0982 -0.2245 0.9695
vn 0.0537 -0.3426 0.9379
vn -0.3328 -0.9109 0.2441
vn -0.2216 -0.9618 0.1608
vn -0.1136 -0.9903 0.0797
vn -0.0566 -0.9971 0.0500
vn -0.0645 -0.9971 0.0414
vn -0.7044 0.1984 0.6816
vn -0.5657 0.5901 0.5761
vn -0.6719 -0.3426 0.6566
vn -0.6071 -0.5471 0.5763
vn -0.5031 -0.7237 0.4725
vn -0.3023 -0.9108 0.2811
vn -0.3967 -0.8406 0.3688
vn -0.2004 -0.9617 0.1868
vn -0.1007 -0.9903 0.0952
vn -0.0472 -0.9973 0.0567
vn -0.5404 0.3713 0.7551
vn -0.5810 -0.2245 0.7824
vn -0.5236 -0.5339 0.6639
vn -0.4438 -0.7148 0.5405
vn -0.2527 0.7149 0.6519
vn -0.2913 0.5922 0.7513
vn -0.3611 -0.0477 0.9313
vn -0.3113 -0.5082 0.8030
vn -0.2580 -0.7005 0.6654
vn -0.1970 -0.8385 0.5081
vn -0.3514 -0.8398 0.4138
vn -0.1449 -0.9161 0.3739
vn -0.2648 -0.9128 0.3110
vn -0.0968 -0.9635 0.2497
vn -0.1736 -0.9628 0.2072
vn -0.0495 -0.9906 0.1277
vn -0.0844 -0.9907 0.1070
vn -0.0253 -0.9975 0.0653
vn -0.0367 -0.9974 0.0613
vn 0.5530 0.3883 0.7371
vn 0.5130 0.7612 0.3968
vn 0.3436 -0.3433 0.8741
vn 0.5743 -0.2467 0.7806
vn 0.5421 -0.4779 0.6912
vn 0.3005 -0.5170 0.8015
vn 0.2301 -0.7146 0.6606
vn 0.4396 -0.6963 0.5673
vn 0.1699 -0.8381 0.5184
vn 0.3268 -0.8328 0.4468
vn 0.1264 -0.9129 0.3882
vn 0.2251 -0.9153 0.3340
vn 0.0865 -0.9629 0.2557
vn 0.1458 -0.9646 0.2197
vn 0.0317 -0.9970 0.0707
vn -0.5398 0.6468 -0.5388
vn -0.3740 -0.2606 -0.8901
vn -0.4196 -0.2152 -0.8818
vn -0.3676 -0.3473 -0.8627
vn -0.4091 -0.2861 -0.8665
vn 0.1980 -0.3802 0.9035
vn 0.1794 -0.5416 0.8213
vn 0.1412 -0.7236 0.6756
vn 0.1075 -0.8400 0.5318
vn 0.0531 -0.7237 0.6881
vn 0.0600 -0.5471 0.8349
vn 0.0444 -0.8406 0.5398
vn -0.0608 -0.5339 0.8433
vn -0.0365 -0.7148 0.6984
vn -0.0194 -0.8398 0.5425
vn -0.0140 -0.9128 0.4082
vn -0.0114 -0.9628 0.2701
vn 0.4823 -0.5692 0.6659
vn 0.4223 -0.5677 0.7067
vn 0.6515 -0.5547 0.5176
vn -0.0098 -0.9907 0.1359
vn -0.0143 -0.9974 0.0700
vn 0.5598 0.7839 0.2685
vn -0.5725 0.7870 -0.2301
vn -0.5836 0.7870 -0.2002
vn 0.4575 0.8884 -0.0374
vn 0.6152 0.7854 0.0691
vn 0.8251 0.5550 0.1060
vn 0.1865 0.8567 -0.4809
vn 0.3515 0.2338 -0.9065
vn 0.1831 0.1258 -0.9750
vn 0.0703 0.8226 -0.5643
vn 0.3590 -0.1173 -0.9259
vn 0.1774 -0.1814 -0.9673
vn 0.3356 -0.3718 -0.8655
vn 0.1739 -0.3927 -0.9031
vn 0.3091 -0.5184 -0.7973
vn 0.1678 -0.5208 -0.8370
vn 0.2545 -0.7100 -0.6566
vn 0.1542 -0.7024 -0.6949
vn 0.1122 -0.9506 -0.2895
vn 0.0870 -0.9497 -0.3008
vn -0.6759 0.7057 -0.2126
vn -0.7520 0.6020 -0.2685
vn -0.7460 0.5822 -0.3233
vn -0.6213 0.7431 -0.2487
vn 0.0594 0.0249 -0.9979
vn 0.0711 -0.9436 -0.3233
vn 0.1052 -0.6844 -0.7215
vn -0.0434 0.7794 -0.6250
vn -0.0549 -0.0482 -0.9973
vn -0.1591 0.7360 -0.6580
vn 0.0716 -0.2294 -0.9707
vn -0.0195 -0.2554 -0.9666
vn 0.0876 -0.4044 -0.9104
vn 0.0157 -0.4037 -0.9148
vn -0.2419 0.9085 0.3408
vn -0.3081 0.8882 0.3409
vn -0.2788 0.9078 0.3134
vn -0.1873 0.9177 0.3505
vn -0.4933 0.8119 0.3121
vn -0.4543 0.8605 0.2305
vn -0.6893 0.6649 0.2876
vn -0.6609 0.7404 0.1223
vn -0.8393 0.5017 0.2094
vn -0.8230 0.5679 -0.0133
vn -0.8578 0.4553 0.2386
vn -0.8673 0.4919 -0.0757
vn -0.9180 0.3539 0.1788
vn -0.8961 0.4222 -0.1369
vn -0.9578 0.2376 0.1616
vn -0.9360 0.3091 -0.1687
vn 0.0968 -0.5181 -0.8498
vn 0.0421 -0.5091 -0.8597
vn 0.0710 -0.6605 -0.7475
vn 0.0807 -0.9331 -0.3505
vn -0.2221 -0.0256 -0.9747
vn -0.2823 0.7179 -0.6364
vn -0.1735 -0.1969 -0.9650
vn -0.1143 -0.3416 -0.9329
vn -0.1303 0.9737 0.1870
vn -0.1451 0.9750 0.1685
vn -0.0951 0.9338 0.3450
vn -0.1060 0.9262 0.3619
vn -0.1506 0.9739 0.1700
vn -0.0783 0.9343 0.3477
vn -0.1480 0.9545 0.2590
vn -0.0627 0.9073 0.4158
vn -0.1436 0.9177 0.3704
vn -0.1421 0.9154 0.3765
vn -0.1694 0.8376 0.5194
vn -0.1938 0.8442 0.4998
vn -0.1243 0.9189 0.3744
vn -0.1238 0.8336 0.5384
vn -0.0738 0.8325 0.5490
vn -0.0509 -0.4575 -0.8878
vn 0.0363 -0.5986 -0.8002
vn 0.2089 -0.9017 -0.3785
vn -0.4364 -0.0682 -0.8972
vn -0.4436 0.6694 -0.5959
vn -0.4297 -0.1938 -0.8819
vn -0.4047 -0.3039 -0.8625
vn -0.3808 -0.3965 -0.8353
vn -0.3215 -0.4956 -0.8068
vn -0.1039 -0.8518 -0.5135
vn -0.3591 -0.4188 -0.8341
vn -0.3469 -0.4849 -0.8028
vn 0.0056 0.6033 0.7975
vn 0.0919 0.5873 0.8041
vn 0.0879 0.6324 0.7696
vn 0.0398 0.6077 0.7932
vn 0.2195 0.5464 0.8082
vn 0.5804 0.2839 0.7632
vn 0.5219 0.1258 -0.8437
vn 0.3284 0.8226 -0.4642
vn -0.3520 -0.5217 -0.7771
vn -0.2086 -0.4989 -0.8412
vn -0.3941 -0.3546 -0.8479
vn -0.3766 -0.4216 -0.8249
vn -0.3723 -0.4435 -0.8153
vn -0.4040 -0.4217 -0.8117
vn -0.1096 0.9242 0.3660
vn 0.7619 0.6468 -0.0341
vn -0.0653 0.9545 0.2911
vn 0.7826 0.6142 0.1017
vn -0.2643 0.8800 0.3947
vn -0.2340 0.9073 0.3494
vn -0.5045 0.7609 0.4081
vn -0.4792 0.7792 0.4039
vn -0.7250 0.5669 0.3912
vn -0.6937 0.5752 0.4335
vn -0.7069 0.5464 0.4490
vn -0.7590 0.5283 0.3806
vn -0.9432 0.2839 0.1726
vn -0.7876 0.4596 0.4104
vn -0.8367 0.5462 0.0400
vn -0.8510 0.2934 0.4357
vn -0.1681 0.9002 0.4018
vn 0.7749 0.5822 0.2462
vn 0.3324 -0.3928 -0.8574
vn 0.3253 -0.4362 -0.8390
vn 0.1209 -0.4666 -0.8761
vn -0.3333 0.8390 0.4301
vn -0.5474 0.7224 0.4226
vn -0.7300 0.5398 0.4192
vn -0.7543 0.4952 0.4311
vn -0.7341 0.4396 0.5175
vn -0.8247 0.2439 0.5102
vn -0.2391 0.9227 0.3025
vn 0.7134 0.4608 0.5281
vn -0.4037 0.8939 0.1951
vn -0.6133 0.7870 0.0671
vn -0.7786 0.6217 -0.0852
vn -0.8211 0.5532 -0.1405
vn 0.3041 0.5283 0.7928
vn 0.3051 0.4596 0.8340
vn 0.3349 0.2934 0.8954
vn 0.5911 0.5462 0.5935
vn -0.1657 0.9242 0.3442
vn -0.6466 0.6142 -0.4524
vn -0.1466 0.9002 0.4101
vn -0.7383 0.5822 -0.3405
vn -0.0708 0.8800 0.4697
vn -0.0437 0.8390 0.5423
vn 0.0976 0.7609 0.6415
vn 0.1195 0.7224 0.6811
vn 0.2718 0.5669 0.7777
vn 0.2567 0.5398 0.8017
vn 0.2666 0.4952 0.8269
vn 0.1935 0.4396 0.8771
vn 0.2653 0.2439 0.9328
vn -0.0022 0.8882 0.4595
vn -0.8565 0.4780 -0.1950
vn -0.9020 0.3695 -0.2232
vn -0.1462 0.9331 0.3284
vn 0.6988 0.3682 0.6133
vn -0.2892 0.9346 0.2071
vn -0.5090 0.8592 0.0511
vn -0.7069 0.6953 -0.1298
vn -0.7530 0.6321 -0.1829
vn -0.8037 0.5470 -0.2340
vn -0.8646 0.4312 -0.2581
vn -0.0318 0.9358 0.3510
vn 0.6615 0.2919 0.6908
vn -0.1522 0.9609 0.2312
vn -0.3943 0.9176 0.0492
vn -0.6267 0.7612 -0.1669
vn 0.0945 0.9315 0.3513
vn 0.6178 0.3141 0.7208
vn 0.0034 0.9658 0.2593
vn -0.2974 0.9539 0.0400
vn -0.5783 0.7879 -0.2118
vn 0.5583 0.8014 0.2145
vn 0.6266 0.7431 0.2351
vn 0.5699 0.7879 0.2334
vn 0.5528 0.8058 0.2123
vn -0.8316 0.4684 -0.2985
vn -0.8432 0.3888 -0.3713
vn 0.1909 0.9081 0.3726
vn 0.0841 0.9583 0.2729
vn -0.0450 0.9816 0.1855
vn -0.5514 0.8058 -0.2157
vn -0.5570 0.8014 -0.2179
vn -0.5978 0.7617 -0.2499
vn -0.8876 -0.0316 -0.4596
vn -0.1044 0.9739 0.2017
vn -0.0772 0.9769 0.1990
vn -0.1190 0.9727 0.1993
vn -0.5065 0.6713 0.5412
vn -0.6099 0.5873 0.5320
vn -0.5931 0.6357 0.4941
vn -0.5417 0.6033 0.5853
vn -0.2949 0.5783 0.7607
vn -0.3943 0.4987 0.7719
vn -0.3188 0.5874 0.7438
vn -0.3192 0.4694 0.8233
vn -0.4772 0.5378 0.6950
vn -0.4064 0.5971 0.6916
vn -0.5389 0.5732 0.6173
vn -0.4841 0.6028 0.6343
vn -0.5640 0.6077 0.5591
vn -0.5837 0.6324 0.5093
vn -0.0297 0.8319 0.5541
vn 0.0249 0.8215 0.5696
vn 0.0817 0.7792 0.6214
vn -0.2241 0.7301 0.6456
vn -0.2424 0.7418 0.6253
vn -0.1494 0.7133 0.6847
vn -0.0673 0.6942 0.7167
vn 0.0093 0.6713 0.7411
vn 0.1050 0.6357 0.7647
vn 0.2202 0.5752 0.7878
vn -0.2659 0.5874 0.7643
vn -0.1660 0.5971 0.7848
vn -0.0699 0.6028 0.7948
vn -0.2291 0.4987 0.8360
vn -0.1160 0.5378 0.8351
vn -0.0180 0.5732 0.8192
vn 0.5210 -0.1814 -0.8341
vn 0.4803 -0.3927 -0.7843
vn 0.4402 -0.5208 -0.7314
vn 0.3545 -0.7024 -0.6173
vn 0.1385 -0.9497 -0.2808
vn -0.0711 -0.9970 0.0309
vn 0.6288 0.0249 -0.7772
vn 0.4533 0.7794 -0.4324
vn 0.6014 -0.2294 -0.7653
vn 0.5490 -0.4044 -0.7315
vn 0.5014 -0.5181 -0.6930
vn 0.4086 -0.6844 -0.6038
vn 0.1654 -0.9436 -0.2867
vn -0.0597 -0.9462 -0.3181
vn -0.1050 -0.9487 -0.2983
vn -0.0243 -0.9027 -0.4296
vn -0.0866 -0.9109 -0.4033
vn -0.0815 -0.9787 -0.1886
vn -0.1093 -0.9764 -0.1862
vn -0.0013 -0.9970 -0.0778
vn -0.0235 -0.9936 -0.1104
vn -0.0364 -0.4698 -0.8820
vn -0.0483 -0.4767 -0.8778
vn -0.1530 -0.4623 -0.8734
vn 0.7128 -0.0482 -0.6997
vn 0.5610 0.7360 -0.3788
vn 0.6660 -0.2554 -0.7009
vn 0.6050 -0.4037 -0.6863
vn 0.5484 -0.5091 -0.6634
vn 0.4514 -0.6605 -0.6000
vn 0.1767 -0.9331 -0.3133
vn 0.8211 -0.0256 -0.5703
vn 0.6375 0.7179 -0.2798
vn 0.7786 -0.1969 -0.5958
vn 0.7132 -0.3416 -0.6121
vn 0.6360 -0.4575 -0.6215
vn 0.5126 -0.5986 -0.6156
vn 0.1008 -0.9017 -0.4204
vn 0.9271 -0.0682 -0.3686
vn 0.7293 0.6694 -0.1412
vn 0.9119 -0.1938 -0.3618
vn 0.8803 -0.3039 -0.3643
vn 0.8443 -0.3965 -0.3604
vn 0.7814 -0.4956 -0.3793
vn 0.4229 -0.8518 -0.3093
vn 0.8762 -0.2606 -0.4053
vn 0.8531 -0.3473 -0.3894
vn 0.8275 -0.4188 -0.3740
vn 0.7974 -0.4849 -0.3592
vn 0.7838 -0.5217 -0.3368
vn 0.7211 -0.4989 -0.4808
vn 0.9043 -0.2152 -0.3686
vn 0.8862 -0.2861 -0.3643
vn 0.8626 -0.3546 -0.3606
vn 0.8342 -0.4216 -0.3555
vn 0.8246 -0.4435 -0.3512
vn 0.8456 -0.4217 -0.3272
vn -0.0511 0.9085 0.4148
vn 0.1540 0.8119 0.5631
vn 0.3153 0.6649 0.6771
vn 0.4788 0.5017 0.7205
vn 0.4728 0.4553 0.7544
vn 0.5576 0.3539 0.7509
vn 0.5986 0.2376 0.7650
vn -0.0054 0.9078 0.4194
vn -0.0979 0.9177 0.3851
vn 0.1802 0.8605 0.4765
vn 0.4057 0.7404 0.5359
vn 0.6169 0.5679 0.5449
vn 0.6917 0.4919 0.5287
vn 0.7542 0.4222 0.5029
vn 0.8051 0.3091 0.5063
vn -0.0273 0.9227 0.3846
vn -0.8829 0.4608 -0.0908
vn 0.1667 0.8939 0.4162
vn 0.4078 0.7870 0.4630
vn 0.6326 0.6217 0.4619
vn 0.7013 0.5532 0.4497
vn 0.7641 0.4780 0.4333
vn 0.8168 0.3695 0.4431
vn -0.1134 0.9331 0.3411
vn -0.9296 0.3682 -0.0180
vn 0.0741 0.9346 0.3479
vn 0.3415 0.8592 0.3809
vn 0.6096 0.6953 0.3806
vn 0.6795 0.6321 0.3725
vn 0.7514 0.5470 0.3689
vn 0.8126 0.4312 0.3921
vn -0.2131 0.9358 0.2807
vn -0.9543 0.2919 0.0644
vn -0.0434 0.9609 0.2733
vn -0.4080 -0.4981 -0.7652
vn -0.3451 -0.6689 -0.6584
vn -0.5174 -0.6816 -0.5173
vn -0.6009 -0.5193 -0.6077
vn -0.2958 -0.7804 -0.5509
vn -0.4271 -0.7955 -0.4299
vn -0.2437 -0.8677 -0.4333
vn -0.3384 -0.8775 -0.3398
vn -0.1811 -0.9274 -0.3274
vn -0.2269 -0.9337 -0.2771
vn -0.1588 -0.9532 -0.2571
vn -0.1573 -0.9590 -0.2357
vn -0.1359 -0.9741 -0.1809
vn -0.1176 -0.9766 -0.1801
vn -0.0976 -0.9849 -0.1428
vn -0.1190 -0.9837 -0.1352
vn -0.5638 -0.2463 -0.7883
vn -0.6449 -0.2904 -0.7070
vn -0.5608 -0.3101 -0.7677
vn -0.6333 -0.3516 -0.6894
vn -0.5666 -0.3497 -0.7461
vn -0.6433 -0.3703 -0.6701
vn -0.5435 -0.4188 -0.7275
vn -0.6115 -0.4383 -0.6587
vn -0.5634 -0.4225 -0.7099
vn -0.6220 -0.4537 -0.6382
vn -0.6020 -0.3974 -0.6926
vn -0.6562 -0.4263 -0.6226
vn 0.2581 0.9176 0.3022
vn 0.5755 0.7612 0.2991
vn 0.6426 0.7057 0.2985
vn 0.7365 0.6020 0.3086
vn -0.3066 0.9315 0.1958
vn -0.9423 0.3141 0.1160
vn -0.1773 0.9658 0.1892
vn 0.1927 0.9539 0.2300
vn 0.7690 0.5822 0.2640
vn 0.8154 0.4684 0.3401
vn 0.8731 0.3888 0.2941
vn -0.3922 0.9081 0.1466
vn -0.2461 0.9583 0.1449
vn -0.0918 0.9816 0.1673
vn -0.0795 -0.9967 0.0182
vn -0.1213 -0.9915 -0.0481
vn -0.0933 -0.9956 0.0040
vn -0.1255 -0.9921 -0.0028
vn -0.9464 -0.3226 -0.0191
vn 0.6101 0.7617 0.2184
vn 0.9654 -0.0316 0.2588
vn -0.0589 0.9739 0.2193
vn -0.0465 0.9727 0.2274
vn -0.0298 0.9737 0.2260
vn -0.0064 0.9750 0.2222
vn -0.0033 0.9739 0.2271
vn -0.1489 0.9154 0.3739
vn -0.1605 0.9189 0.3603
vn -0.1656 0.9262 0.3388
vn -0.1623 0.9338 0.3190
vn -0.1765 0.9343 0.3096
vn -0.2250 0.8376 0.4978
vn -0.2715 0.8336 0.4811
vn -0.3156 0.8325 0.4553
vn -0.3515 0.8319 0.4293
vn -0.4024 0.8215 0.4040
vn -0.2696 0.7301 0.6279
vn -0.3512 0.7133 0.6065
vn -0.4334 0.6942 0.5747
vn 0.5880 0.7871 0.1865
vn -0.7131 0.5551 -0.4282
vn -0.5307 0.7854 -0.3187
vn 0.5899 -0.7804 -0.2075
vn 0.4790 -0.8775 -0.0229
vn 0.4721 -0.8677 -0.1558
vn 0.6053 -0.7955 -0.0296
vn 0.3544 -0.9337 -0.0518
vn 0.3545 -0.9274 -0.1197
vn 0.2751 -0.9590 -0.0681
vn 0.2906 -0.9532 -0.0829
vn 0.2082 -0.9766 -0.0538
vn 0.2223 -0.9741 -0.0420
vn 0.1790 -0.9837 -0.0196
vn 0.1683 -0.9849 -0.0397
vn 0.9529 -0.2904 -0.0875
vn 0.9478 -0.2463 -0.2023
vn 0.9325 -0.3516 -0.0823
vn 0.9317 -0.3101 -0.1891
vn 0.9269 -0.3703 -0.0614
vn 0.9214 -0.3497 -0.1692
vn 0.8957 -0.4383 -0.0744
vn 0.8919 -0.4188 -0.1710
vn 0.8897 -0.4537 -0.0521
vn 0.8947 -0.4225 -0.1446
vn 0.9044 -0.4263 -0.0176
vn 0.9115 -0.3974 -0.1058
vn -0.1183 -0.9887 -0.0917
vn -0.1114 -0.9937 -0.0126
vn 0.1401 -0.4425 -0.8858
vn 0.3008 -0.5546 -0.7758
vn 0.0990 -0.5629 -0.8206
vn 0.2708 -0.6625 -0.6984
vn 0.0748 -0.6689 -0.7396
vn 0.2359 -0.7578 -0.6084
vn 0.0463 -0.7608 -0.6474
vn 0.1962 -0.8399 -0.5061
vn 0.0127 -0.8409 -0.5410
vn 0.1537 -0.9051 -0.3965
vn 0.1092 -0.9533 -0.2817
vn 0.0598 -0.9862 -0.1542
vn 0.0203 -0.9984 -0.0523
vn -0.0476 -0.5583 -0.8282
vn -0.0483 -0.6734 -0.7377
vn -0.0551 -0.7678 -0.6384
vn 0.8899 -0.4559 0.0167
vn 0.7953 -0.5995 0.0904
vn 0.8280 -0.5602 0.0245
vn 0.8651 -0.4915 0.1003
vn 0.6840 -0.7251 0.0798
vn 0.7104 -0.7034 0.0232
vn 0.5601 -0.8269 0.0500
vn 0.5847 -0.8112 0.0093
vn 0.4579 -0.8881 0.0413
vn 0.4703 -0.8825 0.0071
vn 0.3473 -0.9377 -0.0052
vn 0.3535 -0.9349 -0.0307
vn -0.0684 -0.8509 -0.5209
vn -0.1391 -0.5387 -0.8309
vn -0.1256 -0.6715 -0.7303
vn -0.1203 -0.7730 -0.6229
vn -0.1208 -0.8618 -0.4926
vn -0.1296 -0.9207 -0.3681
vn -0.1397 -0.9526 -0.2702
vn -0.1366 -0.9748 -0.1761
vn -0.0588 -0.9893 -0.1338
vn -0.4117 -0.4270 -0.8051
vn 0.5012 -0.4666 -0.7287
vn 0.4936 -0.4425 -0.7487
vn 0.4800 -0.5629 -0.6729
vn 0.4433 -0.6689 -0.5967
vn 0.4022 -0.7608 -0.5094
vn 0.3553 -0.8409 -0.4082
vn 0.3076 -0.9027 -0.3009
vn 0.2585 -0.9462 -0.1948
vn 0.1873 -0.9787 -0.0844
vn 0.0534 -0.9970 -0.0566
vn 0.6273 -0.4767 -0.6158
vn 0.6214 -0.4698 -0.6270
vn 0.5934 -0.5583 -0.5797
vn 0.5329 -0.6734 -0.5123
vn 0.4710 -0.7678 -0.4344
vn 0.4016 -0.8509 -0.3387
vn 0.3358 -0.9109 -0.2396
vn 0.2786 -0.9487 -0.1496
vn 0.2062 -0.9764 -0.0639
vn 0.0918 -0.9936 -0.0657
vn 0.7017 -0.4623 -0.5421
vn 0.6629 -0.5387 -0.5200
vn 0.5850 -0.6715 -0.4548
vn 0.5087 -0.7730 -0.3790
vn 0.4213 -0.8618 -0.2825
vn 0.3438 -0.9207 -0.1845
vn 0.2853 -0.9526 -0.1054
vn 0.2196 -0.9748 -0.0380
vn 0.1337 -0.9893 -0.0592
vn 0.8468 -0.4270 -0.3172
vn 0.8171 -0.4981 -0.2902
vn 0.6988 -0.6689 -0.2537
vn 0.1806 0.9436 -0.2776
vn 0.2956 0.9430 -0.1527
vn -0.8072 0.4951 -0.3213
vn -0.0472 0.9984 0.0309
vn -0.0308 0.9984 0.0473
vn -0.0204 0.9984 0.0526
vn -0.0092 0.9984 0.0557
vn -0.7390 0.5548 -0.3822
vn -0.7553 0.5548 -0.3488
vn -0.5475 0.7875 -0.2831
vn 0.0140 0.9984 0.0547
vn 0.8129 0.4951 0.3068
vn 0.0009 -1.0000 -0.0023
vn -0.0031 -1.0000 -0.0012
vn -0.0167 -0.9998 -0.0065
vn -0.0663 -0.9978 -0.0039
vn -0.5600 0.7871 -0.2586
vn -0.7719 0.5548 -0.3103
vn -0.1401 -0.9901 0.0018
vn -0.2543 -0.9650 -0.0642
vn 0.1039 0.8518 0.5135
vn 0.0031 -1.0000 0.0012
vn 0.0167 -0.9998 0.0065
vn 0.0517 -0.9978 0.0418
vn 0.1022 -0.9901 0.0958
vn 0.2311 -0.9650 0.1240
vn -0.4229 0.8518 0.3093
vn -0.8051 -0.5692 0.1668
vn -0.8301 -0.5547 -0.0568
vn -0.7883 -0.5677 0.2374
vn -0.6218 -0.4201 -0.6610
vn -0.6686 -0.4559 -0.5875
vn -0.6281 -0.5602 -0.5400
vn -0.5404 -0.7034 -0.4617
vn -0.4382 -0.8112 -0.3873
vn -0.0822 0.9436 -0.3208
vn -0.1154 0.9430 -0.3121
vn -0.3522 -0.8825 -0.3118
vn -0.2404 -0.9349 -0.2610
vn -0.1616 -0.9619 -0.2206
vn -0.0145 0.9436 -0.3308
vn -0.1213 -0.9784 -0.1675
vn 0.2062 -0.5567 0.8047
vn 0.2886 -0.5547 0.7804
vn -0.1326 -0.9849 -0.1116
vn -0.7151 -0.3312 -0.6155
vn -0.6919 -0.3180 -0.6482
vn -0.6970 -0.3891 -0.6022
vn -0.7119 -0.3901 -0.5840
vn -0.6737 -0.4567 -0.5810
vn -0.6715 -0.4860 -0.5593
vn -0.7033 -0.4549 -0.5463
vn -0.7066 -0.4915 -0.5091
vn -0.6483 -0.5995 -0.4693
vn -0.5590 -0.7251 -0.4021
vn 0.0537 0.9436 -0.3268
vn -0.4475 -0.8269 -0.3406
vn -0.3660 -0.8881 -0.2782
vn 0.5661 0.7870 0.2455
vn -0.2530 -0.9377 -0.2379
vn -0.1656 -0.9655 -0.2009
vn -0.1248 -0.9805 -0.1517
vn -0.1388 -0.9867 -0.0851
vn -0.7742 -0.3674 -0.5153
vn -0.7510 -0.3640 -0.5509
vn -0.7514 -0.4218 -0.5075
vn -0.7704 -0.4088 -0.4892
vn -0.7274 -0.4744 -0.4958
vn -0.7106 -0.5185 -0.4756
vn 0.6068 0.7854 0.1223
vn 0.8154 0.5551 0.1644
vn -0.7419 -0.4826 -0.4654
vn -0.7352 -0.5261 -0.4274
vn -0.6602 -0.6372 -0.3976
vn -0.5719 -0.7462 -0.3407
vn -0.4523 -0.8426 -0.2925
vn -0.6830 0.5704 -0.4561
vn -0.4681 0.8266 -0.3126
vn -0.3769 -0.8943 -0.2410
vn -0.1656 -0.9696 -0.1800
vn -0.2620 -0.9417 -0.2111
vn -0.1257 -0.9829 -0.1344
vn -0.1371 -0.9889 -0.0582
vn 0.1197 0.9436 -0.3088
vn -0.8226 -0.3966 -0.4074
vn -0.7968 -0.4477 -0.4059
vn -0.8174 -0.4263 -0.3874
vn -0.7714 -0.4913 -0.4044
vn -0.7384 -0.5507 -0.3891
vn -0.7720 -0.5088 -0.3810
vn -0.7544 -0.5589 -0.3443
vn -0.6636 -0.6732 -0.3264
vn -0.5783 -0.7665 -0.2794
vn -0.4518 -0.8580 -0.2443
vn -0.3828 -0.9014 -0.2024
vn -0.2669 -0.9462 -0.1830
vn -0.1602 -0.9740 -0.1599
vn -0.1221 -0.9856 -0.1171
vn -0.1276 -0.9913 -0.0333
vn -0.8666 -0.4128 -0.2804
vn -0.8380 -0.4636 -0.2878
vn -0.4530 -0.5568 0.6963
vn -0.5863 -0.5568 0.5884
vn -0.8580 -0.4386 -0.2674
vn 0.8035 0.5548 0.2159
vn -0.8056 -0.5102 -0.3012
vn -0.3003 -0.5568 0.7745
vn -0.7632 -0.5790 -0.2869
vn -0.7964 -0.5328 -0.2862
vn -0.7697 -0.5881 -0.2485
vn -0.6608 -0.7084 -0.2480
vn -0.5834 -0.7861 -0.2042
vn -0.4466 -0.8747 -0.1884
vn -0.3895 -0.9089 -0.1487
vn 0.7931 0.5548 0.2515
vn -0.2692 -0.9525 -0.1427
vn -0.1478 -0.9799 -0.1343
vn -0.6947 -0.5567 0.4554
vn -0.7392 -0.5547 0.3819
vn -0.9132 -0.3918 -0.1118
vn -0.8942 -0.4329 -0.1139
vn -0.8843 -0.4474 -0.1334
vn -0.8403 -0.5153 -0.1683
vn -0.7926 -0.5908 -0.1507
vn -0.8251 -0.5409 -0.1632
vn -0.7879 -0.6030 -0.1246
vn -0.6640 -0.7337 -0.1443
vn -0.5939 -0.7982 -0.1008
vn -0.4494 -0.8870 -0.1061
vn -0.4044 -0.9122 -0.0663
vn -0.2688 -0.9602 -0.0761
vn -0.1416 -0.9862 -0.0864
vn -0.9267 -0.3741 -0.0364
vn -0.9141 -0.4026 -0.0476
vn -0.8828 -0.4649 -0.0677
vn -0.8086 -0.5825 -0.0830
vn -0.8645 -0.4984 -0.0655
vn -0.7922 -0.6069 -0.0637
vn -0.6851 -0.7264 -0.0553
vn -0.5988 -0.8001 -0.0357
vn -0.4729 -0.8808 -0.0234
vn -0.4133 -0.9106 -0.0036
vn -0.2615 -0.9651 -0.0123
vn -0.1524 -0.9880 -0.0256
vn 0.7794 0.5548 0.2911
vn 0.5780 0.7870 0.2159
vn 0.8120 0.5704 0.1235
vn 0.7633 0.5548 0.3310
vn 0.9049 -0.4201 -0.0691
vn 0.8534 -0.5193 -0.0438
vn 0.7309 -0.6816 -0.0333
vn 0.5564 0.8266 0.0846
vn 0.2680 -0.9619 -0.0540
vn 0.2025 -0.9784 -0.0420
vn 0.1732 -0.9849 0.0070
vn 0.9431 -0.3312 0.0274
vn 0.9480 -0.3180 -0.0125
vn 0.9208 -0.3891 0.0250
vn 0.9195 -0.3901 0.0485
vn 0.8893 -0.4567 0.0250
vn 0.8731 -0.4860 0.0395
vn 0.8878 -0.4549 0.0705
vn 0.2577 -0.9655 -0.0368
vn 0.1944 -0.9805 -0.0280
vn 0.1599 -0.9867 0.0307
vn 0.9193 -0.3674 0.1412
vn 0.9261 -0.3640 0.0992
vn 0.8971 -0.4218 0.1316
vn 0.8988 -0.4088 0.1580
vn 0.8715 -0.4744 0.1241
vn 0.8455 -0.5185 0.1277
vn 0.8618 -0.4826 0.1563
vn 0.8312 -0.5261 0.1799
vn 0.7557 -0.6372 0.1513
vn 0.6521 -0.7462 0.1338
vn 0.5312 -0.8426 0.0888
vn 0.4409 -0.8943 0.0760
vn 0.2437 -0.9696 -0.0213
vn 0.3359 -0.9417 0.0206
vn 0.1834 -0.9829 -0.0146
vn 0.1405 -0.9889 0.0494
vn 0.8823 -0.3966 0.2536
vn 0.8621 -0.4477 0.2373
vn 0.8650 -0.4263 0.2648
vn 0.8424 -0.4913 0.2213
vn 0.8078 -0.5507 0.2103
vn 0.8271 -0.5088 0.2389
vn 0.7893 -0.5589 0.2542
vn 0.7102 -0.6732 0.2062
vn 0.6155 -0.7665 0.1835
vn 0.4984 -0.8580 0.1241
vn 0.4192 -0.9014 0.1085
vn 0.3205 -0.9462 0.0447
vn 0.2261 -0.9740 -0.0101
vn 0.1691 -0.9856 -0.0042
vn 0.1167 -0.9913 0.0614
vn 0.8291 -0.4128 0.3770
vn 0.8130 -0.4636 0.3523
vn 0.8140 -0.4386 0.3808
vn 0.7981 -0.5102 0.3205
vn 0.7571 -0.5790 0.3025
vn 0.7812 -0.5328 0.3254
vn 0.7360 -0.5881 0.3353
vn 0.6553 -0.7084 0.2623
vn 0.5686 -0.7861 0.2424
vn 0.4568 -0.8747 0.1618
vn 0.3880 -0.9089 0.1527
vn 0.2950 -0.9525 0.0761
vn 0.1997 -0.9799 0.0005
vn 0.1492 -0.9887 0.0120
vn 0.0908 -0.9937 0.0658
vn 0.7499 -0.3918 0.5330
vn 0.7373 -0.4329 0.5186
vn 0.7431 -0.4474 0.4976
vn 0.7342 -0.5153 0.4421
vn 0.6871 -0.5908 0.4229
vn 0.7195 -0.5409 0.4356
vn 0.6660 -0.6030 0.4391
vn -0.7869 0.5548 -0.2700
vn 0.5877 -0.7337 0.3410
vn 0.5066 -0.7982 0.3258
vn 0.4035 -0.8870 0.2245
vn 0.3435 -0.9122 0.2236
vn 0.2498 -0.9602 0.1249
vn 0.1628 -0.9862 0.0316
vn 0.1220 -0.9915 0.0463
vn 0.0662 -0.9956 0.0659
vn 0.7119 -0.3226 0.6238
vn 0.7091 -0.3741 0.5978
vn 0.7074 -0.4026 0.5810
vn 0.6977 -0.4649 0.5451
vn 0.6533 -0.5825 0.4837
vn 0.6827 -0.4984 0.5343
vn 0.6281 -0.6069 0.4869
vn 0.5433 -0.7264 0.4209
vn 0.4664 -0.8001 0.3773
vn 0.3651 -0.8808 0.3015
vn 0.3077 -0.9106 0.2759
vn 0.2015 -0.9651 0.1672
vn 0.1298 -0.9880 0.0838
vn 0.0946 -0.9921 0.0825
vn 0.0464 -0.9967 0.0671
vn 0.0025 0.9984 0.0564
vn -0.0398 0.9984 0.0400
vn -0.2880 -0.9575 -0.0189
vn -0.2830 -0.9575 0.0563
vn -0.3801 -0.9219 0.0756
vn -0.3867 -0.9219 -0.0253
vn 0.2471 0.8293 0.5011
vn 0.3684 0.8293 0.4201
vn 0.2280 0.9383 0.2600
vn 0.1529 0.9383 0.3101
vn -0.0524 0.9866 0.1543
vn -0.0852 0.9642 0.2509
vn -0.1472 0.9642 0.2204
vn -0.0905 0.9866 0.1355
vn -0.0544 -0.5542 0.8306
vn -0.2676 -0.5542 0.7882
vn -0.2279 -0.7053 0.6713
vn -0.0464 -0.7053 0.7074
vn -0.0654 -0.0000 0.9979
vn -0.3214 -0.0000 0.9469
vn -0.3153 -0.1947 0.9288
vn -0.0642 -0.1947 0.9788
vn 0.1951 0.0000 0.9808
vn 0.0654 0.0000 0.9979
vn -0.5906 0.4445 -0.6735
vn -0.5564 0.5366 -0.6344
vn -0.7016 0.5366 -0.4688
vn -0.7448 0.4445 -0.4977
vn -0.6506 0.6226 -0.4347
vn -0.7410 0.6226 -0.2515
vn -0.7991 0.5366 -0.2712
vn 0.6094 0.3819 0.6949
vn 0.4088 0.3819 0.8289
vn 0.4338 0.1947 0.8797
vn 0.6467 0.1947 0.7374
vn -0.4576 0.8350 -0.3057
vn -0.3628 0.8350 -0.4137
vn -0.3031 0.8880 -0.3457
vn -0.3823 0.8880 -0.2554
vn -0.0492 0.9982 -0.0329
vn -0.0390 0.9982 -0.0445
vn -0.0729 0.9939 -0.0832
vn -0.0920 0.9939 -0.0615
vn -0.0489 0.9939 -0.0992
vn -0.1529 0.9383 -0.3101
vn -0.2280 0.9383 -0.2600
vn -0.2471 0.8293 -0.5011
vn -0.3684 0.8293 -0.4201
vn -0.5488 -0.5542 -0.6258
vn -0.4674 -0.7053 -0.5330
vn -0.5894 -0.7053 -0.3939
vn -0.6921 -0.5542 -0.4624
vn -0.5925 0.7016 -0.3959
vn -0.4699 0.7016 -0.5358
vn -0.4186 0.7726 -0.4773
vn -0.5279 0.7726 -0.3527
vn -0.1171 0.9313 0.3450
vn -0.2024 0.9313 0.3029
vn -0.3135 0.7053 -0.6358
vn -0.4674 0.7053 -0.5330
vn -0.3681 0.5542 -0.7465
vn -0.5488 0.5542 -0.6258
vn -0.2879 0.4445 0.8483
vn -0.4977 0.4445 0.7448
vn -0.4688 0.5366 0.7016
vn -0.2712 0.5366 0.7991
vn -0.6094 0.3819 -0.6949
vn -0.4088 0.3819 -0.8289
vn -0.4338 0.1947 -0.8797
vn -0.6467 0.1947 -0.7374
vn -0.4423 -0.0000 -0.8969
vn -0.6593 -0.0000 -0.7518
vn -0.4338 -0.1947 -0.8797
vn -0.6467 -0.1947 -0.7374
vn -0.4088 -0.3819 -0.8289
vn -0.6094 -0.3819 -0.6949
vn -0.3681 -0.5542 -0.7465
vn -0.3135 -0.7053 -0.6358
vn -0.2471 -0.8293 -0.5011
vn -0.3684 -0.8293 -0.4201
vn -0.0512 0.6226 0.7808
vn -0.2515 0.6226 0.7410
vn -0.2291 0.7016 0.6748
vn -0.0466 0.7016 0.7111
vn -0.1714 -0.9219 -0.3476
vn -0.2555 -0.9219 -0.2914
vn -0.1276 -0.9575 -0.2588
vn -0.1903 -0.9575 -0.2170
vn -0.6058 0.3948 -0.6908
vn -0.4064 0.3948 -0.8240
vn -0.3962 0.4445 -0.8034
vn -0.3732 0.5366 -0.7568
vn -0.3461 0.6226 -0.7018
vn -0.5160 0.6226 -0.5883
vn -0.3152 0.7016 -0.6391
vn -0.2808 0.7726 -0.5694
vn 0.6227 0.7726 -0.1239
vn 0.5397 0.8350 -0.1074
vn 0.4935 0.8350 -0.2434
vn 0.5694 0.7726 -0.2808
vn -0.2434 0.8350 -0.4935
vn -0.2033 0.8880 -0.4124
vn -0.1611 0.9313 -0.3267
vn -0.2402 0.9313 -0.2739
vn -0.1172 0.9642 -0.2377
vn -0.1747 0.9642 -0.1992
vn 0.4977 0.4445 -0.7448
vn 0.6735 0.4445 -0.5906
vn 0.6344 0.5366 -0.5564
vn 0.4688 0.5366 -0.7016
vn -0.0721 0.9866 -0.1461
vn -0.1074 0.9866 -0.1225
vn 0.2153 -0.9219 -0.3222
vn 0.2914 -0.9219 -0.2555
vn 0.2170 -0.9575 -0.1903
vn 0.1603 -0.9575 -0.2399
vn -0.0262 0.9982 -0.0530
vn -0.0216 0.9939 -0.1085
vn -0.0675 0.9383 -0.3392
vn -0.1090 0.8293 -0.5480
vn -0.1383 0.7053 -0.6953
vn -0.1624 0.5542 -0.8164
vn -0.1803 0.3819 -0.9065
vn -0.1914 0.1947 -0.9620
vn -0.1951 -0.0000 -0.9808
vn -0.1914 -0.1947 -0.9620
vn -0.1803 -0.3819 -0.9065
vn -0.1624 -0.5542 -0.8164
vn -0.1543 0.9866 -0.0524
vn -0.1355 0.9866 -0.0905
vn -0.0560 0.9982 -0.0190
vn 0.5330 0.7053 -0.4674
vn 0.6258 0.5542 -0.5488
vn 0.4624 0.5542 -0.6921
vn 0.3939 0.7053 -0.5894
vn -0.1383 -0.7053 -0.6953
vn -0.1090 -0.8293 -0.5480
vn -0.0756 -0.9219 -0.3801
vn -0.0563 -0.9575 -0.2830
vn -0.1792 0.3948 -0.9011
vn -0.1748 0.4445 -0.8786
vn -0.1646 0.5366 -0.8276
vn -0.1527 0.6226 -0.7675
vn -0.1390 0.7016 -0.6989
vn -0.1239 0.7726 -0.6227
vn -0.1074 0.8350 -0.5397
vn -0.0897 0.8880 -0.4509
vn -0.0711 0.9313 -0.3573
vn -0.0517 0.9642 -0.2599
vn -0.0318 0.9866 -0.1598
vn -0.0115 0.9982 -0.0580
vn 0.0072 0.9939 -0.1104
vn 0.0226 0.9383 -0.3451
vn 0.0365 0.8293 -0.5575
vn 0.0464 0.7053 -0.7074
vn 0.0544 0.5542 -0.8306
vn 0.0604 0.3819 -0.9222
vn 0.0642 0.1947 -0.9788
vn 0.0654 -0.0000 -0.9979
vn 0.0642 -0.1947 -0.9788
vn 0.0604 -0.3819 -0.9222
vn 0.0544 -0.5542 -0.8306
vn 0.0464 -0.7053 -0.7074
vn 0.0365 -0.8293 -0.5575
vn 0.0253 -0.9219 -0.3867
vn 0.0189 -0.9575 -0.2880
vn 0.0601 0.3948 -0.9168
vn 0.0586 0.4445 -0.8939
vn 0.0552 0.5366 -0.8420
vn 0.0512 0.6226 -0.7808
vn 0.0466 0.7016 -0.7111
vn 0.0415 0.7726 -0.6335
vn 0.0360 0.8350 -0.5491
vn 0.0301 0.8880 -0.4588
vn 0.0238 0.9313 -0.3635
vn -0.7639 0.3948 -0.5104
vn -0.8483 0.4445 -0.2879
vn -0.8700 0.3948 -0.2953
vn 0.0173 0.9642 -0.2644
vn 0.0107 0.9866 -0.1626
vn 0.0039 0.9982 -0.0590
vn 0.0356 0.9939 -0.1048
vn 0.1112 0.9383 -0.3274
vn 0.1796 0.8293 -0.5291
vn 0.2279 0.7053 -0.6713
vn 0.2676 0.5542 -0.7882
vn 0.2971 0.3819 -0.8752
vn 0.3153 0.1947 -0.9288
vn 0.3214 -0.0000 -0.9469
vn 0.3153 -0.1947 -0.9288
vn -0.0238 0.9313 0.3635
vn -0.0301 0.8880 0.4588
vn -0.1478 0.8880 0.4354
vn 0.2971 -0.3819 -0.8752
vn 0.2676 -0.5542 -0.7882
vn 0.2279 -0.7053 -0.6713
vn 0.1796 -0.8293 -0.5291
vn 0.1246 -0.9219 -0.3670
vn 0.0928 -0.9575 -0.2733
vn 0.2879 0.4445 -0.8483
vn 0.2712 0.5366 -0.7991
vn 0.2515 0.6226 -0.7410
vn 0.2291 0.7016 -0.6748
vn 0.2041 0.7726 -0.6012
vn 0.1769 0.8350 -0.5211
vn 0.1478 0.8880 -0.4354
vn 0.1171 0.9313 -0.3450
vn 0.0852 0.9642 -0.2509
vn 0.0524 0.9866 -0.1543
vn 0.0190 0.9982 -0.0560
vn 0.0615 0.9939 -0.0920
vn 0.1921 0.9383 -0.2875
vn 0.3104 0.8293 -0.4646
vn 0.5135 0.3819 -0.7685
vn 0.5449 0.1947 -0.8156
vn 0.5556 0.0000 -0.8315
vn 0.5449 -0.1947 -0.8156
vn 0.5135 -0.3819 -0.7685
vn 0.4624 -0.5542 -0.6921
vn 0.3939 -0.7053 -0.5894
vn 0.3104 -0.8293 -0.4646
vn -0.0190 0.9982 0.0560
vn -0.0329 0.9982 0.0492
vn -0.4354 0.8880 -0.1478
vn -0.3029 0.9313 -0.2024
vn -0.3450 0.9313 -0.1171
vn 0.2953 0.3948 -0.8700
vn 0.5104 0.3948 -0.7639
vn 0.4347 0.6226 -0.6506
vn 0.3959 0.7016 -0.5925
vn 0.3527 0.7726 -0.5279
vn 0.3057 0.8350 -0.4576
vn 0.2554 0.8880 -0.3823
vn 0.2024 0.9313 -0.3029
vn 0.1472 0.9642 -0.2204
vn 0.0905 0.9866 -0.1355
vn 0.0329 0.9982 -0.0492
vn 0.0832 0.9939 -0.0729
vn 0.2600 0.9383 -0.2280
vn 0.4201 0.8293 -0.3684
vn 0.6949 0.3819 -0.6094
vn 0.7374 0.1947 -0.6467
vn 0.7518 -0.0000 -0.6593
vn 0.7374 -0.1947 -0.6467
vn 0.6949 -0.3819 -0.6094
vn 0.6258 -0.5542 -0.5488
vn 0.5330 -0.7053 -0.4674
vn 0.4201 -0.8293 -0.3684
vn 0.6908 0.3948 -0.6058
vn 0.6989 0.7016 -0.1390
vn 0.6391 0.7016 -0.3152
vn 0.4509 0.8880 -0.0897
vn 0.3573 0.9313 -0.0711
vn 0.3267 0.9313 -0.1611
vn 0.4124 0.8880 -0.2033
vn -0.0253 -0.9219 0.3867
vn 0.0756 -0.9219 0.3801
vn 0.1090 -0.8293 0.5480
vn -0.0365 -0.8293 0.5575
vn -0.9979 -0.0000 -0.0654
vn -0.9788 -0.1947 -0.0642
vn -0.9620 -0.1947 0.1914
vn -0.9808 0.0000 0.1951
vn -0.5894 0.7053 -0.3939
vn -0.6921 0.5542 -0.4624
vn 0.0000 1.0000 -0.0000
vn -0.5291 0.8293 -0.1796
vn -0.4646 0.8293 -0.3104
vn -0.6713 0.7053 -0.2279
vn -0.7018 0.6226 0.3461
vn -0.7675 0.6226 0.1527
vn -0.6989 0.7016 0.1390
vn -0.6391 0.7016 0.3152
vn -0.0654 0.0000 -0.9979
vn -0.9222 -0.3819 -0.0604
vn -0.8752 -0.3819 -0.2971
vn -0.7882 -0.5542 -0.2676
vn -0.8306 -0.5542 -0.0544
vn -0.5491 0.8350 -0.0360
vn -0.5211 0.8350 -0.1769
vn -0.4588 0.8880 -0.0301
vn -0.3214 0.0000 -0.9469
vn -0.7518 -0.0000 -0.6593
vn -0.8315 -0.0000 -0.5556
vn -0.7882 0.5542 -0.2676
vn -0.8752 0.3819 -0.2971
vn -0.9222 0.3819 -0.0604
vn -0.8306 0.5542 -0.0544
vn -0.6358 0.7053 0.3135
vn -0.6953 0.7053 0.1383
vn -0.8164 0.5542 0.1624
vn -0.7465 0.5542 0.3681
vn -0.7685 0.3819 -0.5135
vn -0.8156 0.1947 -0.5449
vn -0.9288 0.1947 -0.3153
vn -0.8420 0.5366 -0.0552
vn -0.8939 0.4445 -0.0586
vn -0.8969 -0.0000 -0.4423
vn -0.9469 -0.0000 -0.3214
vn -0.9979 0.0000 0.0654
vn -0.9469 0.0000 0.3214
vn -0.8969 0.0000 0.4423
vn -0.7518 -0.0000 0.6593
vn -0.5556 -0.0000 0.8315
vn -0.6593 -0.0000 0.7518
vn -0.4423 -0.0000 0.8969
vn 0.4423 -0.0000 -0.8969
vn 0.2555 -0.9219 0.2914
vn 0.3684 -0.8293 0.4201
vn 0.2471 -0.8293 0.5011
vn 0.1714 -0.9219 0.3476
vn -0.9168 0.3948 -0.0601
vn -0.9065 -0.3819 0.1803
vn -0.8289 -0.3819 0.4088
vn -0.8797 -0.1947 0.4338
vn 0.1903 -0.9575 0.2170
vn 0.1276 -0.9575 0.2588
vn -0.3635 0.9313 -0.0238
vn -0.7111 0.7016 -0.0466
vn -0.6748 0.7016 -0.2291
vn -0.6012 0.7726 -0.2041
vn -0.6335 0.7726 -0.0415
vn -0.5291 -0.8293 -0.1796
vn -0.3670 -0.9219 -0.1246
vn -0.5575 -0.8293 -0.0365
vn -0.7808 0.6226 -0.0512
vn -0.3104 0.8293 0.4646
vn -0.1921 0.9383 0.2875
vn -0.2600 0.9383 0.2280
vn -0.4201 0.8293 0.3684
vn 0.9222 -0.3819 0.0604
vn 0.9065 -0.3819 -0.1803
vn 0.9620 -0.1947 -0.1914
vn 0.9788 -0.1947 0.0642
vn -0.7074 0.7053 -0.0464
vn -0.0544 0.5542 0.8306
vn -0.2676 0.5542 0.7882
vn -0.2971 0.3819 0.8752
vn -0.0604 0.3819 0.9222
vn -0.4624 0.5542 0.6921
vn -0.6258 0.5542 0.5488
vn -0.6949 0.3819 0.6094
vn -0.5135 0.3819 0.7685
vn -0.3939 0.7053 0.5894
vn -0.5330 0.7053 0.4674
vn -0.2588 -0.9575 0.1276
vn -0.3476 -0.9219 0.1714
vn 0.9065 0.3819 -0.1803
vn 0.8164 0.5542 -0.1624
vn 0.8306 0.5542 0.0544
vn 0.9222 0.3819 0.0604
vn 0.1598 0.9866 -0.0318
vn 0.0580 0.9982 -0.0115
vn 0.0530 0.9982 -0.0262
vn 0.1461 0.9866 -0.0721
vn -0.8164 -0.5542 0.1624
vn -0.7465 -0.5542 0.3681
vn 0.6467 -0.1947 0.7374
vn 0.4338 -0.1947 0.8797
vn 0.4088 -0.3819 0.8289
vn 0.6094 -0.3819 0.6949
vn -0.2644 0.9642 -0.0173
vn -0.2509 0.9642 -0.0852
vn -0.1626 0.9866 -0.0107
vn 0.1085 0.9939 -0.0216
vn 0.0992 0.9939 -0.0489
vn -0.5480 0.8293 0.1090
vn -0.5575 0.8293 -0.0365
vn -0.5011 0.8293 0.2471
vn -0.3101 0.9383 0.1529
vn -0.3392 0.9383 0.0675
vn 0.5291 0.8293 0.1796
vn 0.5575 0.8293 0.0365
vn 0.3451 0.9383 0.0226
vn 0.3274 0.9383 0.1112
vn -0.7374 0.1947 0.6467
vn -0.5449 0.1947 0.8156
vn -0.9788 0.1947 -0.0642
vn -0.9620 0.1947 0.1914
vn -0.7374 -0.1947 0.6467
vn -0.5449 -0.1947 0.8156
vn -0.6713 -0.7053 -0.2279
vn -0.7074 -0.7053 -0.0464
vn -0.9065 0.3819 0.1803
vn -0.8289 0.3819 0.4088
vn 0.7018 0.6226 -0.3461
vn 0.7675 0.6226 -0.1527
vn -0.6949 -0.3819 0.6094
vn -0.5135 -0.3819 0.7685
vn -0.6258 -0.5542 0.5488
vn -0.4624 -0.5542 0.6921
vn -0.5330 -0.7053 0.4674
vn -0.3939 -0.7053 0.5894
vn -0.5011 -0.8293 0.2471
vn -0.5480 -0.8293 0.1090
vn -0.4646 -0.8293 -0.3104
vn -0.6358 -0.7053 0.3135
vn -0.6953 -0.7053 0.1383
vn -0.4201 -0.8293 0.3684
vn -0.3104 -0.8293 0.4646
vn -0.2914 -0.9219 0.2555
vn -0.2153 -0.9219 0.3222
vn -0.7685 -0.3819 -0.5135
vn -0.9288 -0.1947 -0.3153
vn -0.8156 -0.1947 -0.5449
vn -0.2170 -0.9575 0.1903
vn -0.1603 -0.9575 0.2399
vn -0.8240 0.3948 0.4064
vn -0.9011 0.3948 0.1792
vn -0.8786 0.4445 0.1748
vn -0.8034 0.4445 0.3962
vn -0.3222 -0.9219 -0.2153
vn -0.5104 0.3948 0.7639
vn -0.6908 0.3948 0.6058
vn -0.6735 0.4445 0.5906
vn -0.6344 0.5366 0.5564
vn 0.2509 0.9642 0.0852
vn 0.2644 0.9642 0.0173
vn 0.3635 0.9313 0.0238
vn 0.3450 0.9313 0.1171
vn -0.0586 0.4445 0.8939
vn -0.0552 0.5366 0.8420
vn 0.6593 -0.0000 -0.7518
vn 0.8969 0.0000 -0.4423
vn 0.9469 0.0000 -0.3214
vn 0.9808 0.0000 -0.1951
vn -0.5883 0.6226 0.5160
vn -0.4347 0.6226 0.6506
vn 0.8276 0.5366 -0.1646
vn 0.8786 0.4445 -0.1748
vn 0.8939 0.4445 0.0586
vn 0.8420 0.5366 0.0552
vn 0.1104 0.9939 0.0072
vn 0.1048 0.9939 0.0356
vn 0.7808 0.6226 0.0512
vn 0.7111 0.7016 0.0466
vn 0.6713 0.7053 0.2279
vn 0.7074 0.7053 0.0464
vn 0.7882 0.5542 0.2676
vn 0.8752 0.3819 0.2971
vn 0.9788 0.1947 0.0642
vn 0.9288 0.1947 0.3153
vn 0.9979 -0.0000 0.0654
vn 0.9469 -0.0000 0.3214
vn 0.9288 -0.1947 0.3153
vn 0.8752 -0.3819 0.2971
vn 0.7882 -0.5542 0.2676
vn 0.8306 -0.5542 0.0544
vn 0.6713 -0.7053 0.2279
vn 0.7074 -0.7053 0.0464
vn 0.5575 -0.8293 0.0365
vn 0.5291 -0.8293 0.1796
vn 0.3867 -0.9219 0.0253
vn 0.3670 -0.9219 0.1246
vn 0.2880 -0.9575 0.0189
vn 0.2733 -0.9575 0.0928
vn -0.3959 0.7016 0.5925
vn -0.5358 0.7016 0.4699
vn -0.3527 0.7726 0.5279
vn -0.4773 0.7726 0.4186
vn -0.3057 0.8350 0.4576
vn -0.4137 0.8350 0.3628
vn -0.2554 0.8880 0.3823
vn -0.3457 0.8880 0.3031
vn -0.2739 0.9313 0.2402
vn 0.8483 0.4445 0.2879
vn 0.7991 0.5366 0.2712
vn -0.1992 0.9642 0.1747
vn 0.7410 0.6226 0.2515
vn -0.1225 0.9866 0.1074
vn -0.0445 0.9982 0.0390
vn 0.6748 0.7016 0.2291
vn 0.6012 0.7726 0.2041
vn 0.6335 0.7726 0.0415
vn 0.5211 0.8350 0.1769
vn 0.5491 0.8350 0.0360
vn 0.4354 0.8880 0.1478
vn 0.4588 0.8880 0.0301
vn 0.6953 -0.7053 -0.1383
vn 0.5480 -0.8293 -0.1090
vn 0.9979 -0.0000 -0.0654
vn 0.1543 0.9866 0.0524
vn 0.1626 0.9866 0.0107
vn 0.8969 -0.0000 0.4423
vn 0.8315 -0.0000 0.5556
vn 0.7518 -0.0000 0.6593
vn 0.6593 -0.0000 0.7518
vn 0.0560 0.9982 0.0190
vn 0.0590 0.9982 0.0039
vn 0.2875 0.9383 0.1921
vn 0.0920 0.9939 0.0615
vn -0.7568 0.5366 0.3732
vn 0.4646 0.8293 0.3104
vn 0.0729 0.9939 0.0832
vn 0.0492 0.9982 0.0329
vn 0.0390 0.9982 0.0445
vn 0.5894 0.7053 0.3939
vn 0.4423 0.0000 0.8969
vn 0.6921 0.5542 0.4624
vn 0.3214 0.0000 0.9469
vn -0.3153 0.1947 0.9288
vn 0.7685 0.3819 0.5135
vn -0.2041 0.7726 0.6012
vn -0.1769 0.8350 0.5211
vn 0.2599 0.9642 -0.0517
vn 0.9168 0.3948 0.0601
vn 0.8700 0.3948 0.2953
vn -0.0356 0.9939 0.1048
vn -0.0615 0.9939 0.0920
vn 0.8156 0.1947 0.5449
vn 0.4674 0.7053 0.5330
vn 0.3135 0.7053 0.6358
vn 0.3681 0.5542 0.7465
vn 0.5488 0.5542 0.6258
vn -0.0642 0.1947 0.9788
vn 0.5883 0.6226 -0.5160
vn -0.0601 0.3948 0.9168
vn -0.2953 0.3948 0.8700
vn 0.8156 -0.1947 0.5449
vn 0.7685 -0.3819 0.5135
vn -0.1085 0.9939 0.0216
vn -0.0580 0.9982 0.0115
vn -0.0590 0.9982 -0.0039
vn -0.1104 0.9939 -0.0072
vn -0.0832 0.9939 0.0729
vn 0.6921 -0.5542 0.4624
vn -0.8797 0.1947 0.4338
vn 0.5894 -0.7053 0.3939
vn -0.0530 0.9982 0.0262
vn -0.0992 0.9939 0.0489
vn 0.4646 -0.8293 0.3104
vn 0.3222 -0.9219 0.2153
vn 0.2399 -0.9575 0.1603
vn 0.7639 0.3948 0.5104
vn 0.7448 0.4445 0.4977
vn 0.7016 0.5366 0.4688
vn 0.6506 0.6226 0.4347
vn 0.1914 -0.1947 0.9620
vn -0.0604 -0.3819 0.9222
vn 0.1803 -0.3819 0.9065
vn 0.1090 0.8293 0.5480
vn 0.0675 0.9383 0.3392
vn -0.0226 0.9383 0.3451
vn -0.0365 0.8293 0.5575
vn 0.1624 -0.5542 0.8164
vn 0.1383 -0.7053 0.6953
vn 0.5925 0.7016 0.3959
vn -0.1246 -0.9219 0.3670
vn -0.1796 -0.8293 0.5291
vn -0.0928 -0.9575 0.2733
vn 0.5279 0.7726 0.3527
vn 0.4576 0.8350 0.3057
vn 0.6058 0.3948 0.6908
vn 0.4064 0.3948 0.8240
vn 0.3962 0.4445 0.8034
vn 0.5906 0.4445 0.6735
vn 0.3823 0.8880 0.2554
vn -0.2971 -0.3819 0.8752
vn -0.2279 0.7053 0.6713
vn 0.3029 0.9313 0.2024
vn 0.5488 -0.5542 0.6258
vn 0.3681 -0.5542 0.7465
vn 0.3135 -0.7053 0.6358
vn 0.4674 -0.7053 0.5330
vn 0.3801 -0.9219 -0.0756
vn 0.2830 -0.9575 -0.0563
vn 0.2204 0.9642 0.1472
vn 0.1355 0.9866 0.0905
vn 0.9011 0.3948 -0.1792
vn 0.0216 0.9939 0.1085
vn -0.0072 0.9939 0.1104
vn -0.2399 -0.9575 -0.1603
vn 0.0489 0.9939 0.0992
vn 0.0262 0.9982 0.0530
vn 0.0115 0.9982 0.0580
vn 0.1624 0.5542 0.8164
vn 0.1803 0.3819 0.9065
vn 0.1914 0.1947 0.9620
vn 0.0318 0.9866 0.1598
vn 0.0721 0.9866 0.1461
vn 0.1172 0.9642 0.2377
vn 0.0517 0.9642 0.2599
vn 0.1383 0.7053 0.6953
vn 0.1074 0.9866 0.1225
vn 0.0897 0.8880 0.4509
vn 0.2033 0.8880 0.4124
vn 0.2434 0.8350 0.4935
vn 0.1074 0.8350 0.5397
vn 0.2808 0.7726 0.5694
vn 0.1239 0.7726 0.6227
vn -0.0464 0.7053 0.7074
vn 0.1792 0.3948 0.9011
vn 0.1748 0.4445 0.8786
vn -0.2377 0.9642 0.1172
vn -0.3267 0.9313 0.1611
vn -0.3573 0.9313 0.0711
vn -0.2599 0.9642 0.0517
vn -0.4124 0.8880 0.2033
vn -0.4509 0.8880 0.0897
vn 0.0563 -0.9575 0.2830
vn 0.1646 0.5366 0.8276
vn 0.3732 0.5366 0.7568
vn 0.1611 0.9313 0.3267
vn 0.2402 0.9313 0.2739
vn 0.3031 0.8880 0.3457
vn 0.1527 0.6226 0.7675
vn 0.3461 0.6226 0.7018
vn 0.1747 0.9642 0.1992
vn 0.1390 0.7016 0.6989
vn 0.3152 0.7016 0.6391
vn 0.0711 0.9313 0.3573
vn 0.3628 0.8350 0.4137
vn 0.4186 0.7726 0.4773
vn 0.4699 0.7016 0.5358
vn -0.1461 0.9866 0.0721
vn -0.1598 0.9866 0.0318
vn 0.5564 0.5366 0.6344
vn -0.0189 -0.9575 0.2880
vn 0.5160 0.6226 0.5883
vn -0.3451 0.9383 -0.0226
vn -0.2204 0.9642 -0.1472
vn -0.0107 0.9866 0.1626
vn -0.0039 0.9982 0.0590
vn -0.1796 0.8293 0.5291
vn 0.9620 0.1947 -0.1914
vn -0.0173 0.9642 0.2644
vn -0.0360 0.8350 0.5491
vn -0.0415 0.7726 0.6335
vn -0.1112 0.9383 0.3274
vn 0.8164 -0.5542 -0.1624
vn 0.5358 0.7016 -0.4699
vn 0.4773 0.7726 -0.4186
vn 0.4137 0.8350 -0.3628
vn 0.3457 0.8880 -0.3031
vn 0.2739 0.9313 -0.2402
vn 0.1992 0.9642 -0.1747
vn 0.1225 0.9866 -0.1074
vn 0.0445 0.9982 -0.0390
vn 0.3101 0.9383 -0.1529
vn 0.5011 0.8293 -0.2471
vn 0.6358 0.7053 -0.3135
vn 0.7465 0.5542 -0.3681
vn 0.8289 0.3819 -0.4088
vn 0.8797 0.1947 -0.4338
vn 0.8797 -0.1947 -0.4338
vn 0.8289 -0.3819 -0.4088
vn 0.7465 -0.5542 -0.3681
vn 0.6358 -0.7053 -0.3135
vn 0.5011 -0.8293 -0.2471
vn 0.3476 -0.9219 -0.1714
vn 0.7568 0.5366 -0.3732
vn 0.8034 0.4445 -0.3962
vn 0.8240 0.3948 -0.4064
vn 0.2588 -0.9575 -0.1276
vn 0.6953 0.7053 -0.1383
vn 0.5480 0.8293 -0.1090
vn 0.3392 0.9383 -0.0675
vn -0.8276 0.5366 0.1646
vn 0.2377 0.9642 -0.1172
vn -0.5397 0.8350 0.1074
vn -0.6227 0.7726 0.1239
vn -0.4935 0.8350 0.2434
vn -0.5694 0.7726 0.2808
vn -0.2733 -0.9575 -0.0928
vn -0.3274 0.9383 -0.1112
vn -0.2875 0.9383 -0.1921
vn -0.1048 0.9939 -0.0356
# 2148 vertex normals

vt 0.0000 0.0000 0.0000
# 1 texture coords

o Banco_Stand1
g Banco_Stand1
usemtl Material__60
s off
f 1/1/1 2/1/2 3/1/3 4/1/4 
f 5/1/5 6/1/6 7/1/7 8/1/8 
f 9/1/9 10/1/9 11/1/9 12/1/9 
f 13/1/10 12/1/11 14/1/12 
f 12/1/11 13/1/10 11/1/13 
f 11/1/13 13/1/10 15/1/13 
f 16/1/14 17/1/15 18/1/16 19/1/17 
f 20/1/18 21/1/19 22/1/18 23/1/18 
f 21/1/19 20/1/18 24/1/20 
f 25/1/21 26/1/22 27/1/23 28/1/24 
f 27/1/23 26/1/22 29/1/25 
f 30/1/26 31/1/27 32/1/28 33/1/29 
f 30/1/30 34/1/31 35/1/32 
f 34/1/31 30/1/30 31/1/30 
f 34/1/31 31/1/30 36/1/30 
f 37/1/33 9/1/34 38/1/35 39/1/36 
f 9/1/34 37/1/33 10/1/33 
f 14/1/12 38/1/37 40/1/38 
f 38/1/37 14/1/12 9/1/37 
f 9/1/37 14/1/12 12/1/11 
f 24/1/39 41/1/40 20/1/41 
f 41/1/40 24/1/39 42/1/42 43/1/43 
f 20/1/41 44/1/44 23/1/45 
f 44/1/44 20/1/41 41/1/40 
f 44/1/44 22/1/46 23/1/45 
f 22/1/46 44/1/44 45/1/47 
f 46/1/48 47/1/49 48/1/50 49/1/51 
f 50/1/52 51/1/53 52/1/54 53/1/55 
f 54/1/56 55/1/57 56/1/58 57/1/59 
f 55/1/57 54/1/56 58/1/60 
f 59/1/61 60/1/62 61/1/63 62/1/64 
f 63/1/65 64/1/66 65/1/67 66/1/68 
f 65/1/67 64/1/66 67/1/69 
f 68/1/70 69/1/71 70/1/72 71/1/73 
f 70/1/72 69/1/71 72/1/74 
f 73/1/75 25/1/76 26/1/77 
f 25/1/76 73/1/75 48/1/76 
f 48/1/76 73/1/75 47/1/76 
f 47/1/76 73/1/75 51/1/76 
f 47/1/76 51/1/76 52/1/76 
f 74/1/78 54/1/79 75/1/80 
f 54/1/79 74/1/78 57/1/81 
f 57/1/81 74/1/78 4/1/82 
f 54/1/79 76/1/83 75/1/80 
f 76/1/83 54/1/79 58/1/84 
f 77/1/85 76/1/83 58/1/84 
f 48/1/50 28/1/24 49/1/51 
f 28/1/24 48/1/50 25/1/21 
f 78/1/86 62/1/64 61/1/63 79/1/87 
f 80/1/88 42/1/89 81/1/88 
f 42/1/89 80/1/88 24/1/20 
f 24/1/20 80/1/88 82/1/89 21/1/19 
f 14/1/12 83/1/90 84/1/91 55/1/57 
f 83/1/90 14/1/12 40/1/38 
f 60/1/92 85/1/93 86/1/94 61/1/95 
f 87/1/96 88/1/97 89/1/98 90/1/99 
f 88/1/97 87/1/96 91/1/100 
f 72/1/74 92/1/101 93/1/102 70/1/72 
f 94/1/103 95/1/104 21/1/105 82/1/106 
f 21/1/105 95/1/104 22/1/107 
f 96/1/108 97/1/109 98/1/110 99/1/111 
f 100/1/112 67/1/113 64/1/66 63/1/114 
f 67/1/113 100/1/112 101/1/115 
f 63/1/114 102/1/116 103/1/117 100/1/112 
f 83/1/118 84/1/119 104/1/120 
f 104/1/120 84/1/119 68/1/70 71/1/73 
f 47/1/121 105/1/48 106/1/122 48/1/123 
f 107/1/124 63/1/125 102/1/125 
f 63/1/125 107/1/124 64/1/126 
f 108/1/127 107/1/124 79/1/125 109/1/128 
f 79/1/125 107/1/124 102/1/125 
f 109/1/128 79/1/125 61/1/125 
f 109/1/128 61/1/125 60/1/125 
f 109/1/128 60/1/125 110/1/129 111/1/130 
f 82/1/131 45/1/47 112/1/132 
f 45/1/47 82/1/131 21/1/105 
f 45/1/47 21/1/105 22/1/46 
f 52/1/133 113/1/134 105/1/48 47/1/121 
f 114/1/135 113/1/134 52/1/133 51/1/136 
f 58/1/60 14/1/12 55/1/57 
f 14/1/12 58/1/60 77/1/137 
f 14/1/12 77/1/137 13/1/10 
f 73/1/138 89/1/139 114/1/135 51/1/136 
f 114/1/135 89/1/139 115/1/140 
f 116/1/141 34/1/142 91/1/100 87/1/96 
f 34/1/142 116/1/141 36/1/143 
f 117/1/144 118/1/145 119/1/146 120/1/147 
f 110/1/148 85/1/93 60/1/92 
f 85/1/93 110/1/148 121/1/149 122/1/150 
f 123/1/151 124/1/152 42/1/89 24/1/153 
f 42/1/89 124/1/152 81/1/154 
f 125/1/155 26/1/77 29/1/156 
f 26/1/77 125/1/155 88/1/155 73/1/75 
f 73/1/75 88/1/155 89/1/156 
f 19/1/17 18/1/16 126/1/157 127/1/158 
f 128/1/159 86/1/159 85/1/159 122/1/159 
f 86/1/159 128/1/159 129/1/159 130/1/159 
f 130/1/159 129/1/159 131/1/159 103/1/159 
f 103/1/159 131/1/159 95/1/159 100/1/159 
f 100/1/159 95/1/159 94/1/159 101/1/159 
f 132/1/160 133/1/161 134/1/162 135/1/163 
f 136/1/164 137/1/165 138/1/166 139/1/167 
f 140/1/168 141/1/169 125/1/170 29/1/171 
f 141/1/169 140/1/168 142/1/172 
f 143/1/173 144/1/173 92/1/174 145/1/175 
f 125/1/176 29/1/156 137/1/165 
f 137/1/165 29/1/156 26/1/177 138/1/166 
f 146/1/178 147/1/179 148/1/180 149/1/181 
f 107/1/124 67/1/182 64/1/126 
f 67/1/182 107/1/124 150/1/183 80/1/154 
f 151/1/184 152/1/185 132/1/160 135/1/163 
f 153/1/186 154/1/187 97/1/109 96/1/108 
f 141/1/188 35/1/32 88/1/155 125/1/155 
f 88/1/155 35/1/32 34/1/31 
f 88/1/155 34/1/31 91/1/188 
f 79/1/189 86/1/94 130/1/86 
f 86/1/94 79/1/189 61/1/95 
f 110/1/190 64/1/191 81/1/88 121/1/182 
f 81/1/88 64/1/191 80/1/88 
f 80/1/88 64/1/191 67/1/182 
f 155/1/192 1/1/193 144/1/194 156/1/195 
f 1/1/193 155/1/192 4/1/193 
f 4/1/193 155/1/192 157/1/196 57/1/197 
f 158/1/198 159/1/199 118/1/145 117/1/144 
f 63/1/65 66/1/68 160/1/200 102/1/201 
f 39/1/36 83/1/118 104/1/120 
f 83/1/118 39/1/36 40/1/202 
f 40/1/202 39/1/36 38/1/35 
f 161/1/203 162/1/204 146/1/178 149/1/181 
f 163/1/205 124/1/152 123/1/151 164/1/206 
f 142/1/172 30/1/207 35/1/208 141/1/169 
f 30/1/207 142/1/172 165/1/209 
f 166/1/210 1/1/211 4/1/82 74/1/78 
f 40/1/202 38/1/212 167/1/213 83/1/214 
f 167/1/213 38/1/212 168/1/215 
f 102/1/116 130/1/86 103/1/117 
f 130/1/86 102/1/116 79/1/189 
f 169/1/216 170/1/152 171/1/183 172/1/217 
f 173/1/218 174/1/205 170/1/152 169/1/216 
f 175/1/219 176/1/5 174/1/205 173/1/218 
f 177/1/6 176/1/5 175/1/219 178/1/220 
f 179/1/221 177/1/6 178/1/220 180/1/222 
f 181/1/223 179/1/221 180/1/222 182/1/224 
f 183/1/225 181/1/223 182/1/224 184/1/226 
f 185/1/227 183/1/225 184/1/226 186/1/228 
f 187/1/229 185/1/227 186/1/228 188/1/230 
f 189/1/231 187/1/229 188/1/230 190/1/232 
f 191/1/233 189/1/231 190/1/232 192/1/234 
f 193/1/144 191/1/233 192/1/234 194/1/235 
f 195/1/236 145/1/175 92/1/174 72/1/237 
f 196/1/145 193/1/144 194/1/235 197/1/238 
f 198/1/164 196/1/145 197/1/238 199/1/239 
f 200/1/165 198/1/164 199/1/239 201/1/240 
f 202/1/241 200/1/165 201/1/240 203/1/242 
f 204/1/243 202/1/241 203/1/242 205/1/244 
f 206/1/245 204/1/243 205/1/244 207/1/246 
f 206/1/245 207/1/246 208/1/247 209/1/248 
f 209/1/248 208/1/247 210/1/249 211/1/250 
f 211/1/250 210/1/249 212/1/251 213/1/252 
f 213/1/252 212/1/251 214/1/253 215/1/254 
f 215/1/254 214/1/253 216/1/255 217/1/163 
f 217/1/163 216/1/255 218/1/256 219/1/160 
f 219/1/160 218/1/256 220/1/257 221/1/17 
f 222/1/16 221/1/17 220/1/257 223/1/258 
f 224/1/259 222/1/16 223/1/258 225/1/260 
f 226/1/261 224/1/259 225/1/260 227/1/262 
f 228/1/263 226/1/261 227/1/262 229/1/264 
f 230/1/57 228/1/263 229/1/264 231/1/265 
f 232/1/266 233/1/267 231/1/265 234/1/268 
f 235/1/269 236/1/270 233/1/267 232/1/266 
f 237/1/271 238/1/272 236/1/270 235/1/269 
f 239/1/273 240/1/274 238/1/272 237/1/271 
f 241/1/275 242/1/276 240/1/274 239/1/273 
f 243/1/277 244/1/278 242/1/276 241/1/275 
f 245/1/279 246/1/280 244/1/278 243/1/277 
f 247/1/281 248/1/282 246/1/280 245/1/279 
f 249/1/283 250/1/284 248/1/282 247/1/281 
f 251/1/285 252/1/286 250/1/284 249/1/283 
f 253/1/287 254/1/288 252/1/286 251/1/285 
f 255/1/289 254/1/288 253/1/287 256/1/290 
f 9/1/34 168/1/215 38/1/212 
f 257/1/291 258/1/292 259/1/229 260/1/227 
f 258/1/292 261/1/293 262/1/231 259/1/229 
f 261/1/293 263/1/294 264/1/233 262/1/231 
f 263/1/294 158/1/198 117/1/144 264/1/233 
f 159/1/199 265/1/295 136/1/164 118/1/145 
f 266/1/296 88/1/176 91/1/188 34/1/297 
f 88/1/176 266/1/296 267/1/241 
f 268/1/298 269/1/243 267/1/241 266/1/296 
f 270/1/299 271/1/245 269/1/243 268/1/298 
f 272/1/300 273/1/248 271/1/245 270/1/299 
f 274/1/301 275/1/250 273/1/248 272/1/300 
f 274/1/301 276/1/302 277/1/252 275/1/250 
f 276/1/302 278/1/303 279/1/254 277/1/252 
f 278/1/303 151/1/184 135/1/163 279/1/254 
f 152/1/185 16/1/14 19/1/17 132/1/160 
f 17/1/15 280/1/304 281/1/259 18/1/16 
f 280/1/304 282/1/305 283/1/261 281/1/259 
f 282/1/305 284/1/306 285/1/263 283/1/261 
f 284/1/306 77/1/137 58/1/307 285/1/263 
f 77/1/137 284/1/306 13/1/308 
f 84/1/309 83/1/90 286/1/310 287/1/311 
f 286/1/310 83/1/90 40/1/312 
f 286/1/310 288/1/313 289/1/314 287/1/311 
f 288/1/313 290/1/315 291/1/316 289/1/314 
f 290/1/315 153/1/186 96/1/108 291/1/316 
f 154/1/187 147/1/179 146/1/178 97/1/109 
f 149/1/181 148/1/180 292/1/317 293/1/318 
f 293/1/318 292/1/317 294/1/319 295/1/320 
f 295/1/320 294/1/319 296/1/321 297/1/322 
f 297/1/322 296/1/321 298/1/323 299/1/324 
f 300/1/325 141/1/188 137/1/165 
f 141/1/188 300/1/325 35/1/326 
f 137/1/165 141/1/188 125/1/176 
f 301/1/327 299/1/324 298/1/323 302/1/328 
f 303/1/329 301/1/327 302/1/328 304/1/330 
f 150/1/183 303/1/329 304/1/330 305/1/331 
f 82/1/89 305/1/331 21/1/332 
f 305/1/331 82/1/89 80/1/154 150/1/183 
f 31/1/27 116/1/141 32/1/28 
f 116/1/141 31/1/27 36/1/143 
f 53/1/55 52/1/54 47/1/49 46/1/48 
f 164/1/206 306/1/333 5/1/5 163/1/205 
f 307/1/334 308/1/335 309/1/221 6/1/6 
f 308/1/335 310/1/336 311/1/223 309/1/221 
f 310/1/336 312/1/337 313/1/225 311/1/223 
f 312/1/337 257/1/291 260/1/227 313/1/225 
f 314/1/338 258/1/292 257/1/291 315/1/339 
f 314/1/338 316/1/340 261/1/293 258/1/292 
f 316/1/340 317/1/341 263/1/294 261/1/293 
f 317/1/341 318/1/342 158/1/198 263/1/294 
f 318/1/342 319/1/343 159/1/199 158/1/198 
f 319/1/343 320/1/344 265/1/295 159/1/199 
f 320/1/344 321/1/345 300/1/325 265/1/295 
f 321/1/345 35/1/326 300/1/325 
f 35/1/326 321/1/345 30/1/30 
f 30/1/30 321/1/345 322/1/346 31/1/30 
f 31/1/30 322/1/346 266/1/296 36/1/30 
f 36/1/30 266/1/296 34/1/297 
f 322/1/346 323/1/347 268/1/298 266/1/296 
f 323/1/347 324/1/348 270/1/299 268/1/298 
f 324/1/348 325/1/349 272/1/300 270/1/299 
f 272/1/300 325/1/349 326/1/350 274/1/301 
f 274/1/301 326/1/350 327/1/351 276/1/302 
f 276/1/302 327/1/351 328/1/352 278/1/303 
f 278/1/303 328/1/352 329/1/353 151/1/184 
f 151/1/184 329/1/353 330/1/354 152/1/185 
f 152/1/185 330/1/354 331/1/355 16/1/14 
f 16/1/14 331/1/355 332/1/356 17/1/15 
f 17/1/15 332/1/356 333/1/357 280/1/304 
f 280/1/304 333/1/357 334/1/358 282/1/305 
f 282/1/305 334/1/358 335/1/359 284/1/306 
f 336/1/360 12/1/11 11/1/13 335/1/359 
f 335/1/359 11/1/13 15/1/13 13/1/308 
f 335/1/359 13/1/308 284/1/306 
f 286/1/310 38/1/37 336/1/360 337/1/361 
f 38/1/37 286/1/310 40/1/312 
f 336/1/360 38/1/37 9/1/37 
f 336/1/360 9/1/37 12/1/11 
f 288/1/313 286/1/310 337/1/361 338/1/362 
f 290/1/315 288/1/313 338/1/362 339/1/363 
f 153/1/186 290/1/315 339/1/363 340/1/364 
f 154/1/187 153/1/186 340/1/364 341/1/365 
f 147/1/179 154/1/187 341/1/365 342/1/366 
f 148/1/180 147/1/179 342/1/366 343/1/367 
f 292/1/317 148/1/180 343/1/367 344/1/368 
f 294/1/319 292/1/317 344/1/368 345/1/369 
f 296/1/321 294/1/319 345/1/369 346/1/370 
f 298/1/323 296/1/321 346/1/370 347/1/371 
f 348/1/372 302/1/328 298/1/323 347/1/371 
f 349/1/373 304/1/330 302/1/328 348/1/372 
f 350/1/374 305/1/331 304/1/330 349/1/373 
f 350/1/374 351/1/375 23/1/18 305/1/331 
f 23/1/18 351/1/375 123/1/151 20/1/18 
f 20/1/18 123/1/151 24/1/153 
f 305/1/331 22/1/18 21/1/332 
f 22/1/18 305/1/331 23/1/18 
f 352/1/376 164/1/206 123/1/151 351/1/375 
f 353/1/377 306/1/333 164/1/206 352/1/376 
f 354/1/378 307/1/334 306/1/333 353/1/377 
f 355/1/379 308/1/335 307/1/334 354/1/378 
f 356/1/380 310/1/336 308/1/335 355/1/379 
f 357/1/381 312/1/337 310/1/336 356/1/380 
f 315/1/339 257/1/291 312/1/337 357/1/381 
f 358/1/382 359/1/383 360/1/384 361/1/385 
f 360/1/384 359/1/383 348/1/372 347/1/371 
f 348/1/372 359/1/383 362/1/386 349/1/373 
f 349/1/373 362/1/386 363/1/387 350/1/374 
f 350/1/374 363/1/387 364/1/388 351/1/375 
f 351/1/375 364/1/388 365/1/389 352/1/376 
f 352/1/376 365/1/389 366/1/390 353/1/377 
f 353/1/377 366/1/390 367/1/391 354/1/378 
f 354/1/378 367/1/391 368/1/392 355/1/379 
f 355/1/379 368/1/392 369/1/393 356/1/380 
f 356/1/380 369/1/393 370/1/394 357/1/381 
f 357/1/381 370/1/394 371/1/395 315/1/339 
f 315/1/339 371/1/395 316/1/340 314/1/338 
f 316/1/340 371/1/395 372/1/396 317/1/341 
f 317/1/341 372/1/396 373/1/397 318/1/342 
f 318/1/342 373/1/397 374/1/398 319/1/343 
f 319/1/343 374/1/398 375/1/399 320/1/344 
f 320/1/344 375/1/399 376/1/400 321/1/345 
f 321/1/345 376/1/400 377/1/401 322/1/346 
f 322/1/346 377/1/401 378/1/402 323/1/347 
f 323/1/347 378/1/402 379/1/403 324/1/348 
f 324/1/348 379/1/403 380/1/404 325/1/349 
f 347/1/371 346/1/370 381/1/405 360/1/384 
f 381/1/405 346/1/370 345/1/369 382/1/406 
f 382/1/406 345/1/369 344/1/368 383/1/407 
f 383/1/407 344/1/368 343/1/367 384/1/408 
f 384/1/408 343/1/367 342/1/366 385/1/409 
f 385/1/409 342/1/366 341/1/365 386/1/410 
f 386/1/410 341/1/365 340/1/364 387/1/411 
f 387/1/411 340/1/364 339/1/363 388/1/412 
f 388/1/412 339/1/363 338/1/362 389/1/413 
f 389/1/413 338/1/362 337/1/361 390/1/414 
f 390/1/414 337/1/361 336/1/360 335/1/359 
f 390/1/414 335/1/359 334/1/358 391/1/415 
f 391/1/415 334/1/358 333/1/357 392/1/416 
f 392/1/416 333/1/357 332/1/356 393/1/417 
f 393/1/417 332/1/356 331/1/355 394/1/418 
f 394/1/418 331/1/355 330/1/354 395/1/419 
f 395/1/419 330/1/354 329/1/353 396/1/420 
f 396/1/420 329/1/353 328/1/352 397/1/421 
f 397/1/421 328/1/352 327/1/351 398/1/422 
f 398/1/422 327/1/351 326/1/350 399/1/423 
f 399/1/423 326/1/350 325/1/349 400/1/424 
f 400/1/424 325/1/349 380/1/404 401/1/425 
f 402/1/426 371/1/395 370/1/394 403/1/427 
f 402/1/426 404/1/428 372/1/396 371/1/395 
f 404/1/428 405/1/429 373/1/397 372/1/396 
f 405/1/429 406/1/430 374/1/398 373/1/397 
f 406/1/430 407/1/431 375/1/399 374/1/398 
f 407/1/431 408/1/432 376/1/400 375/1/399 
f 408/1/432 409/1/433 377/1/401 376/1/400 
f 409/1/433 410/1/434 378/1/402 377/1/401 
f 410/1/434 411/1/435 379/1/403 378/1/402 
f 411/1/435 412/1/436 380/1/404 379/1/403 
f 412/1/436 413/1/437 401/1/425 380/1/404 
f 401/1/425 413/1/437 414/1/438 400/1/424 
f 400/1/424 414/1/438 415/1/439 399/1/423 
f 399/1/423 415/1/439 416/1/440 398/1/422 
f 398/1/422 416/1/440 417/1/441 397/1/421 
f 397/1/421 417/1/441 418/1/442 396/1/420 
f 396/1/420 418/1/442 419/1/443 395/1/419 
f 395/1/419 419/1/443 420/1/444 394/1/418 
f 394/1/418 420/1/444 421/1/445 393/1/417 
f 393/1/417 421/1/445 422/1/446 392/1/416 
f 392/1/416 422/1/446 423/1/447 391/1/415 
f 391/1/415 423/1/447 424/1/448 390/1/414 
f 389/1/413 390/1/414 424/1/448 425/1/449 
f 388/1/412 389/1/413 425/1/449 426/1/450 
f 387/1/411 388/1/412 426/1/450 427/1/451 
f 386/1/410 387/1/411 427/1/451 428/1/452 
f 385/1/409 386/1/410 428/1/452 429/1/453 
f 384/1/408 385/1/409 429/1/453 430/1/454 
f 383/1/407 384/1/408 430/1/454 431/1/455 
f 382/1/406 383/1/407 431/1/455 432/1/456 
f 381/1/405 382/1/406 432/1/456 433/1/457 
f 360/1/384 381/1/405 433/1/457 434/1/458 
f 361/1/385 360/1/384 434/1/458 435/1/459 
f 436/1/460 358/1/382 361/1/385 435/1/459 
f 437/1/461 359/1/383 358/1/382 436/1/460 
f 438/1/462 362/1/386 359/1/383 437/1/461 
f 439/1/463 363/1/387 362/1/386 438/1/462 
f 440/1/464 364/1/388 363/1/387 439/1/463 
f 441/1/465 365/1/389 364/1/388 440/1/464 
f 442/1/466 366/1/390 365/1/389 441/1/465 
f 443/1/467 367/1/391 366/1/390 442/1/466 
f 444/1/468 368/1/392 367/1/391 443/1/467 
f 445/1/469 369/1/393 368/1/392 444/1/468 
f 403/1/427 370/1/394 369/1/393 445/1/469 
f 402/1/426 403/1/427 230/1/57 446/1/311 
f 404/1/428 402/1/426 446/1/311 447/1/314 
f 405/1/429 404/1/428 447/1/314 448/1/316 
f 406/1/430 405/1/429 448/1/316 449/1/108 
f 407/1/431 406/1/430 449/1/108 450/1/109 
f 451/1/178 408/1/432 407/1/431 450/1/109 
f 452/1/181 409/1/433 408/1/432 451/1/178 
f 453/1/318 410/1/434 409/1/433 452/1/181 
f 454/1/320 411/1/435 410/1/434 453/1/318 
f 455/1/322 412/1/436 411/1/435 454/1/320 
f 456/1/324 413/1/437 412/1/436 455/1/322 
f 457/1/327 414/1/438 413/1/437 456/1/324 
f 457/1/327 458/1/329 415/1/439 414/1/438 
f 458/1/329 171/1/183 416/1/440 415/1/439 
f 171/1/183 170/1/152 417/1/441 416/1/440 
f 170/1/152 174/1/205 418/1/442 417/1/441 
f 174/1/205 176/1/5 419/1/443 418/1/442 
f 420/1/444 419/1/443 176/1/5 177/1/6 
f 421/1/445 420/1/444 177/1/6 179/1/221 
f 422/1/446 421/1/445 179/1/221 181/1/223 
f 423/1/447 422/1/446 181/1/223 183/1/225 
f 424/1/448 423/1/447 183/1/225 185/1/227 
f 425/1/449 424/1/448 185/1/227 187/1/229 
f 426/1/450 425/1/449 187/1/229 189/1/231 
f 427/1/451 426/1/450 189/1/231 191/1/233 
f 428/1/452 427/1/451 191/1/233 193/1/144 
f 429/1/453 428/1/452 193/1/144 196/1/145 
f 429/1/453 196/1/145 198/1/164 430/1/454 
f 430/1/454 198/1/164 200/1/165 431/1/455 
f 431/1/455 200/1/165 202/1/241 432/1/456 
f 432/1/456 202/1/241 204/1/243 433/1/457 
f 433/1/457 204/1/243 206/1/245 434/1/458 
f 434/1/458 206/1/245 209/1/248 435/1/459 
f 436/1/460 435/1/459 209/1/248 211/1/250 
f 437/1/461 436/1/460 211/1/250 213/1/252 
f 438/1/462 437/1/461 213/1/252 215/1/254 
f 439/1/463 438/1/462 215/1/254 217/1/163 
f 440/1/464 439/1/463 217/1/163 219/1/160 
f 441/1/465 440/1/464 219/1/160 221/1/17 
f 442/1/466 441/1/465 221/1/17 222/1/16 
f 443/1/467 442/1/466 222/1/16 224/1/259 
f 444/1/468 443/1/467 224/1/259 226/1/261 
f 445/1/469 444/1/468 226/1/261 228/1/263 
f 403/1/427 445/1/469 228/1/263 230/1/57 
f 446/1/311 230/1/57 231/1/265 233/1/267 
f 447/1/314 446/1/311 233/1/267 236/1/270 
f 448/1/316 447/1/314 236/1/270 238/1/272 
f 449/1/108 448/1/316 238/1/272 240/1/274 
f 450/1/109 449/1/108 240/1/274 242/1/276 
f 242/1/276 244/1/278 451/1/178 450/1/109 
f 244/1/278 246/1/280 452/1/181 451/1/178 
f 246/1/280 248/1/282 453/1/318 452/1/181 
f 248/1/282 250/1/284 454/1/320 453/1/318 
f 250/1/284 252/1/286 455/1/322 454/1/320 
f 252/1/286 254/1/288 456/1/324 455/1/322 
f 255/1/289 457/1/327 456/1/324 254/1/288 
f 459/1/470 458/1/329 457/1/327 255/1/289 
f 459/1/470 255/1/289 256/1/290 460/1/471 
f 172/1/217 459/1/470 460/1/471 461/1/472 
f 169/1/216 172/1/217 461/1/472 462/1/473 
f 173/1/218 169/1/216 462/1/473 463/1/474 
f 175/1/219 173/1/218 463/1/474 464/1/475 
f 172/1/217 171/1/183 458/1/329 459/1/470 
f 178/1/220 175/1/219 464/1/475 465/1/476 
f 180/1/222 178/1/220 465/1/476 466/1/477 
f 182/1/224 180/1/222 466/1/477 467/1/478 
f 184/1/226 182/1/224 467/1/478 468/1/479 
f 184/1/226 468/1/479 469/1/480 186/1/228 
f 186/1/228 469/1/480 470/1/481 188/1/230 
f 188/1/230 470/1/481 471/1/482 190/1/232 
f 190/1/232 471/1/482 472/1/483 192/1/234 
f 192/1/234 472/1/483 473/1/484 194/1/235 
f 300/1/325 137/1/165 136/1/164 265/1/295 
f 194/1/235 473/1/484 474/1/485 197/1/238 
f 197/1/238 474/1/485 475/1/486 199/1/239 
f 199/1/239 475/1/486 476/1/487 201/1/240 
f 201/1/240 476/1/487 477/1/488 203/1/242 
f 203/1/242 477/1/488 478/1/489 205/1/244 
f 205/1/244 478/1/489 479/1/490 207/1/246 
f 207/1/246 479/1/490 480/1/491 208/1/247 
f 480/1/491 481/1/492 210/1/249 208/1/247 
f 481/1/492 482/1/493 212/1/251 210/1/249 
f 482/1/493 483/1/494 214/1/253 212/1/251 
f 483/1/494 484/1/495 216/1/255 214/1/253 
f 484/1/495 485/1/496 218/1/256 216/1/255 
f 485/1/496 486/1/497 220/1/257 218/1/256 
f 486/1/497 487/1/498 223/1/258 220/1/257 
f 487/1/498 488/1/499 225/1/260 223/1/258 
f 488/1/499 489/1/500 227/1/262 225/1/260 
f 489/1/500 490/1/501 229/1/264 227/1/262 
f 490/1/501 234/1/268 231/1/265 229/1/264 
f 479/1/490 478/1/489 481/1/492 480/1/491 
f 481/1/492 478/1/489 491/1/502 492/1/503 
f 491/1/502 478/1/489 477/1/488 493/1/504 
f 493/1/504 477/1/488 476/1/487 494/1/505 
f 494/1/505 476/1/487 475/1/486 495/1/506 
f 495/1/506 475/1/486 474/1/485 496/1/507 
f 496/1/507 474/1/485 473/1/484 497/1/508 
f 497/1/508 473/1/484 472/1/483 498/1/509 
f 498/1/509 472/1/483 471/1/482 499/1/510 
f 499/1/510 471/1/482 470/1/481 500/1/511 
f 500/1/511 470/1/481 469/1/480 501/1/512 
f 501/1/512 469/1/480 468/1/479 156/1/195 
f 156/1/195 468/1/479 502/1/513 155/1/192 
f 502/1/513 468/1/479 467/1/478 503/1/514 
f 503/1/514 467/1/478 466/1/477 504/1/515 
f 504/1/515 466/1/477 465/1/476 505/1/516 
f 505/1/516 465/1/476 464/1/475 506/1/517 
f 506/1/517 464/1/475 463/1/474 507/1/518 
f 507/1/518 463/1/474 462/1/473 508/1/519 
f 508/1/519 462/1/473 461/1/472 509/1/520 
f 509/1/520 461/1/472 460/1/471 510/1/521 
f 510/1/521 460/1/471 256/1/290 511/1/522 
f 492/1/503 512/1/523 482/1/493 481/1/492 
f 482/1/493 512/1/523 513/1/524 483/1/494 
f 483/1/494 513/1/524 108/1/127 484/1/495 
f 484/1/495 108/1/127 109/1/128 485/1/496 
f 485/1/496 109/1/128 514/1/525 486/1/497 
f 486/1/497 514/1/525 515/1/526 487/1/498 
f 487/1/498 515/1/526 516/1/527 488/1/499 
f 488/1/499 516/1/527 517/1/528 489/1/500 
f 489/1/500 517/1/528 518/1/529 490/1/501 
f 490/1/501 518/1/529 519/1/530 234/1/268 
f 234/1/268 519/1/530 520/1/531 521/1/532 
f 234/1/268 521/1/532 522/1/533 232/1/266 
f 232/1/266 522/1/533 523/1/534 235/1/269 
f 235/1/269 523/1/534 524/1/535 237/1/271 
f 237/1/271 524/1/535 525/1/536 239/1/273 
f 239/1/273 525/1/536 526/1/537 241/1/275 
f 241/1/275 526/1/537 527/1/538 243/1/277 
f 243/1/277 527/1/538 528/1/539 245/1/279 
f 245/1/279 528/1/539 529/1/540 247/1/281 
f 247/1/281 529/1/540 530/1/541 249/1/283 
f 249/1/283 530/1/541 511/1/522 251/1/285 
f 251/1/285 511/1/522 256/1/290 253/1/287 
f 111/1/130 124/1/152 163/1/205 531/1/542 
f 532/1/543 521/1/532 520/1/531 533/1/544 
f 534/1/545 522/1/533 521/1/532 532/1/543 
f 535/1/546 523/1/534 522/1/533 534/1/545 
f 120/1/147 524/1/535 523/1/534 535/1/546 
f 119/1/146 525/1/536 524/1/535 120/1/147 
f 139/1/167 526/1/537 525/1/536 119/1/146 
f 138/1/166 527/1/538 526/1/537 139/1/167 
f 536/1/547 51/1/76 73/1/548 
f 51/1/76 536/1/547 52/1/76 
f 26/1/177 25/1/76 527/1/538 138/1/166 
f 527/1/538 25/1/76 48/1/76 
f 527/1/538 48/1/76 47/1/76 
f 527/1/538 47/1/76 528/1/539 
f 528/1/539 47/1/76 52/1/76 
f 528/1/539 52/1/76 536/1/547 
f 537/1/549 529/1/540 528/1/539 536/1/547 
f 538/1/550 530/1/541 529/1/540 537/1/549 
f 539/1/551 511/1/522 530/1/541 538/1/550 
f 510/1/521 511/1/522 539/1/551 540/1/552 
f 509/1/520 510/1/521 540/1/552 541/1/553 
f 508/1/519 509/1/520 541/1/553 542/1/554 
f 160/1/200 78/1/86 79/1/87 102/1/201 
f 507/1/518 508/1/519 542/1/554 134/1/162 
f 506/1/517 507/1/518 134/1/162 133/1/161 
f 505/1/516 506/1/517 133/1/161 127/1/158 
f 504/1/515 505/1/516 127/1/158 126/1/157 
f 503/1/514 504/1/515 126/1/157 543/1/555 
f 502/1/513 503/1/514 543/1/555 544/1/556 
f 155/1/192 502/1/513 544/1/556 157/1/196 
f 144/1/194 1/1/193 57/1/59 56/1/58 
f 57/1/59 1/1/193 4/1/193 
f 156/1/195 92/1/557 545/1/558 501/1/512 
f 545/1/558 92/1/557 72/1/557 
f 545/1/558 72/1/557 69/1/559 
f 92/1/557 156/1/195 144/1/194 
f 501/1/512 545/1/558 546/1/560 500/1/511 
f 500/1/511 546/1/560 547/1/561 499/1/510 
f 499/1/510 547/1/561 99/1/111 498/1/509 
f 498/1/509 99/1/111 98/1/110 497/1/508 
f 497/1/508 98/1/110 162/1/204 496/1/507 
f 496/1/507 162/1/204 161/1/203 495/1/506 
f 495/1/506 161/1/203 548/1/562 494/1/505 
f 494/1/505 548/1/562 549/1/563 493/1/504 
f 493/1/504 549/1/563 550/1/564 491/1/502 
f 491/1/502 550/1/564 551/1/565 492/1/503 
f 551/1/565 552/1/566 512/1/523 492/1/503 
f 552/1/566 553/1/567 513/1/524 512/1/523 
f 553/1/567 107/1/124 108/1/127 513/1/524 
f 63/1/125 79/1/125 102/1/125 
f 79/1/125 63/1/125 61/1/125 
f 61/1/125 63/1/125 64/1/191 
f 61/1/125 64/1/191 110/1/190 
f 61/1/125 110/1/190 60/1/125 
f 111/1/130 531/1/542 514/1/525 109/1/128 
f 531/1/542 8/1/8 515/1/526 514/1/525 
f 8/1/8 7/1/7 516/1/527 515/1/526 
f 7/1/7 554/1/568 517/1/528 516/1/527 
f 554/1/568 555/1/569 518/1/529 517/1/528 
f 555/1/569 556/1/570 519/1/530 518/1/529 
f 556/1/570 533/1/544 520/1/531 519/1/530 
f 260/1/227 259/1/229 532/1/543 533/1/544 
f 259/1/229 262/1/231 534/1/545 532/1/543 
f 262/1/231 264/1/233 535/1/546 534/1/545 
f 264/1/233 117/1/144 120/1/147 535/1/546 
f 118/1/145 136/1/164 139/1/167 119/1/146 
f 267/1/241 536/1/547 89/1/156 88/1/176 
f 536/1/547 73/1/548 89/1/156 
f 267/1/241 269/1/243 537/1/549 536/1/547 
f 269/1/243 271/1/245 538/1/550 537/1/549 
f 271/1/245 273/1/248 539/1/551 538/1/550 
f 275/1/250 540/1/552 539/1/551 273/1/248 
f 277/1/252 541/1/553 540/1/552 275/1/250 
f 279/1/254 542/1/554 541/1/553 277/1/252 
f 135/1/163 134/1/162 542/1/554 279/1/254 
f 67/1/69 80/1/571 112/1/132 65/1/67 
f 112/1/132 80/1/571 82/1/131 
f 19/1/17 127/1/158 133/1/161 132/1/160 
f 144/1/173 166/1/210 557/1/173 
f 166/1/210 144/1/173 1/1/211 
f 18/1/16 281/1/259 543/1/555 126/1/157 
f 281/1/259 283/1/261 544/1/556 543/1/555 
f 283/1/261 285/1/263 157/1/196 544/1/556 
f 157/1/196 285/1/263 54/1/56 57/1/197 
f 54/1/56 285/1/263 58/1/307 
f 68/1/572 287/1/311 545/1/558 69/1/559 
f 287/1/311 68/1/572 84/1/309 
f 287/1/311 289/1/314 546/1/560 545/1/558 
f 289/1/314 291/1/316 547/1/561 546/1/560 
f 291/1/316 96/1/108 99/1/111 547/1/561 
f 81/1/573 122/1/150 121/1/149 
f 122/1/150 81/1/573 42/1/574 
f 122/1/150 42/1/574 128/1/575 
f 162/1/204 98/1/110 97/1/109 146/1/178 
f 548/1/562 161/1/203 149/1/181 293/1/318 
f 77/1/85 558/1/576 76/1/83 
f 558/1/576 77/1/85 13/1/577 
f 558/1/576 13/1/577 15/1/578 
f 549/1/563 548/1/562 293/1/318 295/1/320 
f 550/1/564 549/1/563 295/1/320 297/1/322 
f 550/1/564 297/1/322 299/1/324 551/1/565 
f 551/1/565 299/1/324 301/1/327 552/1/566 
f 552/1/566 301/1/327 303/1/329 553/1/567 
f 558/1/576 11/1/579 10/1/33 37/1/33 
f 11/1/579 558/1/576 15/1/578 
f 553/1/567 303/1/329 150/1/183 107/1/124 
f 110/1/129 124/1/152 111/1/130 
f 124/1/152 110/1/129 121/1/182 
f 81/1/154 124/1/152 121/1/182 
f 531/1/542 163/1/205 5/1/5 8/1/8 
f 6/1/6 309/1/221 554/1/568 7/1/7 
f 309/1/221 311/1/223 555/1/569 554/1/568 
f 311/1/223 313/1/225 556/1/570 555/1/569 
f 313/1/225 260/1/227 533/1/544 556/1/570 
f 559/1/248 69/1/71 68/1/580 
f 69/1/71 559/1/248 72/1/237 
f 72/1/237 559/1/248 195/1/236 
f 83/1/214 68/1/580 84/1/119 
f 68/1/580 83/1/214 167/1/213 559/1/248 
f 560/1/581 13/1/577 77/1/582 
f 13/1/577 560/1/581 15/1/583 
f 15/1/583 560/1/581 561/1/584 
f 54/1/585 77/1/582 58/1/84 
f 77/1/582 54/1/585 562/1/324 560/1/581 
f 57/1/81 562/1/324 54/1/585 
f 562/1/324 57/1/81 4/1/4 
f 562/1/324 4/1/4 3/1/3 
f 563/1/586 110/1/148 60/1/62 59/1/61 
f 110/1/148 563/1/586 121/1/587 
f 43/1/43 121/1/587 563/1/586 
f 121/1/587 43/1/43 81/1/573 
f 81/1/573 43/1/43 42/1/42 
f 128/1/575 42/1/574 20/1/588 129/1/589 
f 20/1/588 42/1/574 24/1/39 
f 129/1/589 23/1/590 131/1/44 
f 23/1/590 129/1/589 20/1/588 
f 131/1/44 22/1/107 95/1/104 
f 22/1/107 131/1/44 23/1/590 
f 101/1/115 80/1/571 67/1/113 
f 80/1/571 101/1/115 82/1/106 
f 82/1/106 101/1/115 94/1/103 
f 88/1/97 115/1/140 89/1/139 
f 115/1/140 88/1/97 91/1/591 
f 115/1/140 91/1/591 564/1/592 
f 31/1/593 565/1/594 36/1/595 
f 565/1/594 31/1/593 566/1/28 
f 165/1/209 31/1/593 30/1/207 
f 31/1/593 165/1/209 566/1/28 
f 141/1/596 33/1/29 567/1/597 
f 33/1/29 141/1/596 35/1/208 
f 33/1/29 35/1/208 30/1/26 
f 29/1/25 125/1/170 567/1/597 27/1/23 
f 567/1/597 125/1/170 141/1/596 
f 568/1/598 26/1/22 25/1/599 
f 26/1/22 568/1/598 29/1/171 
f 29/1/171 568/1/598 140/1/168 
f 106/1/122 25/1/599 48/1/123 
f 25/1/599 106/1/122 568/1/598 
f 568/1/600 106/1/600 142/1/600 140/1/600 
f 142/1/600 106/1/600 105/1/600 165/1/600 
f 165/1/600 105/1/600 113/1/600 566/1/600 
f 566/1/600 113/1/600 114/1/600 565/1/600 
f 565/1/600 114/1/600 115/1/600 564/1/600 
f 145/1/9 195/1/9 2/1/9 143/1/9 
f 2/1/9 195/1/9 559/1/9 3/1/9 
f 3/1/9 559/1/9 167/1/9 562/1/9 
f 562/1/9 167/1/9 168/1/9 560/1/9 
f 560/1/9 168/1/9 9/1/9 561/1/9 
f 561/1/9 9/1/9 12/1/9 
f 11/1/9 561/1/9 12/1/9 
f 2/1/2 144/1/173 143/1/173 
f 144/1/173 2/1/2 1/1/1 
f 144/1/173 557/1/173 93/1/102 92/1/101 
f 72/1/557 56/1/58 69/1/601 
f 56/1/58 72/1/557 92/1/557 
f 56/1/58 92/1/557 144/1/194 
f 56/1/58 68/1/572 69/1/601 
f 68/1/572 56/1/58 55/1/57 
f 68/1/572 55/1/57 84/1/91 
f 90/1/99 51/1/53 50/1/52 
f 51/1/53 90/1/99 73/1/138 
f 73/1/138 90/1/99 89/1/98 
f 306/1/333 307/1/334 6/1/6 5/1/5 
f 561/1/584 11/1/579 15/1/583 
f 34/1/142 564/1/592 91/1/591 
f 564/1/592 34/1/142 565/1/594 
f 565/1/594 34/1/142 36/1/595 
usemtl Material__59
f 569/1/602 570/1/603 571/1/602 
f 572/1/604 573/1/605 574/1/606 
f 575/1/607 576/1/608 577/1/609 
f 574/1/606 578/1/610 572/1/604 
f 579/1/611 580/1/612 574/1/606 
f 581/1/613 582/1/614 572/1/604 
f 583/1/615 584/1/616 579/1/611 
f 585/1/617 586/1/618 587/1/619 
f 588/1/620 589/1/621 585/1/617 
f 590/1/622 591/1/623 592/1/624 
f 590/1/622 592/1/624 593/1/625 
f 594/1/626 591/1/623 595/1/627 
f 594/1/626 592/1/624 591/1/623 
f 596/1/628 595/1/627 597/1/629 
f 596/1/628 594/1/626 595/1/627 
f 598/1/630 599/1/631 600/1/632 
f 601/1/633 602/1/634 603/1/635 604/1/636 
f 603/1/635 602/1/634 605/1/637 606/1/638 
f 605/1/637 602/1/634 607/1/639 
f 606/1/638 605/1/637 608/1/640 609/1/641 
f 608/1/640 605/1/637 610/1/642 611/1/643 
f 610/1/642 605/1/637 612/1/644 613/1/645 
f 613/1/645 612/1/644 614/1/646 615/1/647 
f 615/1/647 614/1/646 616/1/648 617/1/649 
f 617/1/649 616/1/648 618/1/650 619/1/651 
f 619/1/651 618/1/650 573/1/605 620/1/652 
f 620/1/652 573/1/605 582/1/614 621/1/653 
f 621/1/653 582/1/614 622/1/654 623/1/655 
f 622/1/654 582/1/614 624/1/656 
f 623/1/655 622/1/654 625/1/657 626/1/658 
f 625/1/657 622/1/654 577/1/609 576/1/608 
f 577/1/609 622/1/654 627/1/659 628/1/660 
f 629/1/661 630/1/662 631/1/663 
f 632/1/664 633/1/665 621/1/653 
f 589/1/621 630/1/662 629/1/661 
f 631/1/663 634/1/666 590/1/622 
f 631/1/663 590/1/622 629/1/661 
f 635/1/667 591/1/623 634/1/666 
f 634/1/666 591/1/623 590/1/622 
f 595/1/627 635/1/667 636/1/668 
f 595/1/627 591/1/623 635/1/667 
f 597/1/629 636/1/668 637/1/669 
f 597/1/629 595/1/627 636/1/668 
f 638/1/670 637/1/669 639/1/671 
f 638/1/670 597/1/629 637/1/669 
f 640/1/672 639/1/671 641/1/673 
f 640/1/672 638/1/670 639/1/671 
f 642/1/674 641/1/673 643/1/675 
f 642/1/674 640/1/672 641/1/673 
f 644/1/676 645/1/677 646/1/678 
f 647/1/679 648/1/680 649/1/681 
f 648/1/680 650/1/682 649/1/681 
f 651/1/683 589/1/621 629/1/661 
f 586/1/618 589/1/621 651/1/683 
f 652/1/684 653/1/685 654/1/686 
f 655/1/687 656/1/688 657/1/689 
f 655/1/687 654/1/686 656/1/688 
f 657/1/689 658/1/690 659/1/691 
f 657/1/689 656/1/688 658/1/690 
f 578/1/610 660/1/692 661/1/693 
f 578/1/610 580/1/612 660/1/692 
f 661/1/693 662/1/694 663/1/695 
f 629/1/661 590/1/622 593/1/625 
f 629/1/661 593/1/625 651/1/683 
f 664/1/696 597/1/629 638/1/670 
f 664/1/696 596/1/628 597/1/629 
f 665/1/697 638/1/670 640/1/672 
f 665/1/697 664/1/696 638/1/670 
f 666/1/698 640/1/672 642/1/674 
f 666/1/698 665/1/697 640/1/672 
f 667/1/699 642/1/674 668/1/700 
f 667/1/699 666/1/698 642/1/674 
f 586/1/618 651/1/683 669/1/701 
f 586/1/618 669/1/701 670/1/702 
f 651/1/683 593/1/625 671/1/703 
f 651/1/683 671/1/703 669/1/701 
f 593/1/625 592/1/624 672/1/704 
f 593/1/625 672/1/704 671/1/703 
f 592/1/624 594/1/626 673/1/705 
f 592/1/624 673/1/705 672/1/704 
f 674/1/706 596/1/628 664/1/696 
f 674/1/706 675/1/707 596/1/628 
f 676/1/708 664/1/696 665/1/697 
f 676/1/708 674/1/706 664/1/696 
f 677/1/709 665/1/697 666/1/698 
f 677/1/709 676/1/708 665/1/697 
f 678/1/710 666/1/698 667/1/699 
f 678/1/710 677/1/709 666/1/698 
f 670/1/702 669/1/701 679/1/711 
f 584/1/616 670/1/702 679/1/711 
f 669/1/701 671/1/703 680/1/712 
f 669/1/701 680/1/712 679/1/711 
f 671/1/703 672/1/704 681/1/713 
f 671/1/703 681/1/713 680/1/712 
f 672/1/704 673/1/705 682/1/714 
f 683/1/715 584/1/616 684/1/716 
f 679/1/711 680/1/712 685/1/717 
f 679/1/711 685/1/717 684/1/716 
f 680/1/712 681/1/713 686/1/718 
f 680/1/712 686/1/718 685/1/717 
f 681/1/713 682/1/714 687/1/719 
f 681/1/713 687/1/719 686/1/718 
f 688/1/720 682/1/714 689/1/721 
f 687/1/719 682/1/714 688/1/720 
f 690/1/722 689/1/721 691/1/723 
f 690/1/722 688/1/720 689/1/721 
f 692/1/724 691/1/723 693/1/725 
f 690/1/722 691/1/723 692/1/724 
f 694/1/726 693/1/725 695/1/727 
f 692/1/724 693/1/725 694/1/726 
f 696/1/728 695/1/727 697/1/729 
f 694/1/726 695/1/727 696/1/728 
f 698/1/730 699/1/731 647/1/679 
f 699/1/731 648/1/680 647/1/679 
f 698/1/730 700/1/732 701/1/733 
f 698/1/730 647/1/679 700/1/732 
f 702/1/734 701/1/733 703/1/735 
f 701/1/733 700/1/732 703/1/735 
f 702/1/734 704/1/736 705/1/737 
f 702/1/734 703/1/735 704/1/736 
f 705/1/737 706/1/738 707/1/739 
f 705/1/737 704/1/736 706/1/738 
f 707/1/739 708/1/740 709/1/741 
f 707/1/739 706/1/738 708/1/740 
f 709/1/741 710/1/742 711/1/743 
f 709/1/741 708/1/740 710/1/742 
f 711/1/743 645/1/677 644/1/676 
f 711/1/743 710/1/742 645/1/677 
f 644/1/676 646/1/678 712/1/744 
f 713/1/745 714/1/746 715/1/747 
f 714/1/746 716/1/748 717/1/749 
f 714/1/746 717/1/749 715/1/747 
f 647/1/679 718/1/750 700/1/732 
f 649/1/681 718/1/750 647/1/679 
f 700/1/732 719/1/751 703/1/735 
f 718/1/750 719/1/751 700/1/732 
f 703/1/735 720/1/752 704/1/736 
f 703/1/735 719/1/751 720/1/752 
f 704/1/736 721/1/753 706/1/738 
f 704/1/736 720/1/752 721/1/753 
f 706/1/738 652/1/684 708/1/740 
f 706/1/738 721/1/753 652/1/684 
f 708/1/740 655/1/687 710/1/742 
f 708/1/740 652/1/684 655/1/687 
f 710/1/742 657/1/689 645/1/677 
f 710/1/742 655/1/687 657/1/689 
f 645/1/677 659/1/691 646/1/678 
f 645/1/677 657/1/689 659/1/691 
f 650/1/682 661/1/693 649/1/681 
f 578/1/610 661/1/693 650/1/682 
f 649/1/681 663/1/695 718/1/750 
f 661/1/693 663/1/695 649/1/681 
f 719/1/751 722/1/754 720/1/752 
f 723/1/755 722/1/754 719/1/751 
f 721/1/753 653/1/685 652/1/684 
f 721/1/753 724/1/756 653/1/685 
f 652/1/684 654/1/686 655/1/687 
f 660/1/692 662/1/694 661/1/693 
f 663/1/695 725/1/757 723/1/755 
f 662/1/694 725/1/757 663/1/695 
f 723/1/755 726/1/758 722/1/754 
f 725/1/757 726/1/758 723/1/755 
f 722/1/754 727/1/759 724/1/756 
f 722/1/754 726/1/758 727/1/759 
f 724/1/756 728/1/760 653/1/685 
f 724/1/756 727/1/759 728/1/760 
f 653/1/685 729/1/761 654/1/686 
f 653/1/685 728/1/760 729/1/761 
f 730/1/762 598/1/763 599/1/764 
f 654/1/686 731/1/765 656/1/688 
f 654/1/686 729/1/761 731/1/765 
f 656/1/688 732/1/766 658/1/690 
f 581/1/613 650/1/682 648/1/680 
f 733/1/767 648/1/680 699/1/731 
f 604/1/636 734/1/768 735/1/769 
f 736/1/770 737/1/771 738/1/772 
f 656/1/688 731/1/765 732/1/766 
f 580/1/612 684/1/716 660/1/692 
f 580/1/612 683/1/715 684/1/716 
f 660/1/692 685/1/717 662/1/694 
f 684/1/716 685/1/717 660/1/692 
f 662/1/694 686/1/718 725/1/757 
f 685/1/717 686/1/718 662/1/694 
f 725/1/757 687/1/719 726/1/758 
f 686/1/718 687/1/719 725/1/757 
f 726/1/758 688/1/720 727/1/759 
f 726/1/758 687/1/719 688/1/720 
f 727/1/759 690/1/722 728/1/760 
f 727/1/759 688/1/720 690/1/722 
f 728/1/760 692/1/724 729/1/761 
f 728/1/760 690/1/722 692/1/724 
f 729/1/761 694/1/726 731/1/765 
f 729/1/761 692/1/724 694/1/726 
f 731/1/765 696/1/728 732/1/766 
f 731/1/765 694/1/726 696/1/728 
f 739/1/773 740/1/774 741/1/775 
f 739/1/773 741/1/775 742/1/776 
f 740/1/774 743/1/777 744/1/778 
f 740/1/774 744/1/778 741/1/775 
f 743/1/777 745/1/779 746/1/780 
f 743/1/777 746/1/780 744/1/778 
f 745/1/779 747/1/781 748/1/782 
f 745/1/779 748/1/782 746/1/780 
f 747/1/781 749/1/783 750/1/784 
f 747/1/781 750/1/784 748/1/782 
f 751/1/785 752/1/786 749/1/783 
f 749/1/783 752/1/786 750/1/784 
f 753/1/787 754/1/788 755/1/789 
f 753/1/787 755/1/789 756/1/790 
f 742/1/776 741/1/775 757/1/791 
f 574/1/606 580/1/612 578/1/610 
f 750/1/784 758/1/792 759/1/793 
f 760/1/794 757/1/791 761/1/795 
f 760/1/794 761/1/795 762/1/796 
f 757/1/791 763/1/797 764/1/798 
f 757/1/791 764/1/798 761/1/795 
f 763/1/797 765/1/799 766/1/800 
f 763/1/797 766/1/800 764/1/798 
f 693/1/725 674/1/706 676/1/708 
f 693/1/725 691/1/723 674/1/706 
f 695/1/727 676/1/708 677/1/709 
f 695/1/727 693/1/725 676/1/708 
f 697/1/729 677/1/709 678/1/710 
f 697/1/729 695/1/727 677/1/709 
f 584/1/616 679/1/711 684/1/716 
f 767/1/801 768/1/802 769/1/803 
f 770/1/804 767/1/801 769/1/803 
f 768/1/802 771/1/805 772/1/806 
f 769/1/803 768/1/802 772/1/806 
f 771/1/805 773/1/807 774/1/808 
f 772/1/806 771/1/805 774/1/808 
f 773/1/807 775/1/809 776/1/810 
f 773/1/807 776/1/810 774/1/808 
f 775/1/809 777/1/811 778/1/812 
f 775/1/809 778/1/812 776/1/810 
f 777/1/811 779/1/813 780/1/814 
f 777/1/811 780/1/814 778/1/812 
f 738/1/815 781/1/816 779/1/813 
f 779/1/813 781/1/816 780/1/814 
f 718/1/750 723/1/755 719/1/751 
f 663/1/695 723/1/755 718/1/750 
f 742/1/776 757/1/791 760/1/794 
f 741/1/775 744/1/778 763/1/797 
f 741/1/775 763/1/797 757/1/791 
f 744/1/778 746/1/780 765/1/799 
f 744/1/778 765/1/799 763/1/797 
f 746/1/780 748/1/782 782/1/817 
f 746/1/780 782/1/817 765/1/799 
f 765/1/799 782/1/817 783/1/818 
f 765/1/799 783/1/818 766/1/800 
f 782/1/817 759/1/793 784/1/819 
f 782/1/817 784/1/819 783/1/818 
f 758/1/792 785/1/820 759/1/793 
f 759/1/793 785/1/820 784/1/819 
f 762/1/796 761/1/795 786/1/821 
f 762/1/796 786/1/821 787/1/822 
f 761/1/795 764/1/798 788/1/823 
f 761/1/795 788/1/823 786/1/821 
f 764/1/798 766/1/800 789/1/824 
f 790/1/825 791/1/826 792/1/827 
f 793/1/828 790/1/825 792/1/827 
f 791/1/826 794/1/829 795/1/830 
f 792/1/827 791/1/826 795/1/830 
f 794/1/829 796/1/831 797/1/832 
f 795/1/830 794/1/829 797/1/832 
f 798/1/833 799/1/834 800/1/835 
f 798/1/833 800/1/835 801/1/836 
f 799/1/834 802/1/837 803/1/838 
f 800/1/835 799/1/834 803/1/838 
f 802/1/837 793/1/828 804/1/839 
f 748/1/782 750/1/784 759/1/793 
f 748/1/782 759/1/793 782/1/817 
f 752/1/786 758/1/792 750/1/784 
f 764/1/798 789/1/824 788/1/823 
f 766/1/800 783/1/818 805/1/840 
f 766/1/800 805/1/840 789/1/824 
f 783/1/818 784/1/819 806/1/841 
f 783/1/818 806/1/841 805/1/840 
f 785/1/820 807/1/842 784/1/819 
f 784/1/819 807/1/842 806/1/841 
f 787/1/822 786/1/821 808/1/843 
f 787/1/822 808/1/843 809/1/844 
f 786/1/821 788/1/823 810/1/845 
f 786/1/821 810/1/845 808/1/843 
f 788/1/823 789/1/824 811/1/846 
f 788/1/823 811/1/846 810/1/845 
f 789/1/824 805/1/840 812/1/847 
f 789/1/824 812/1/847 811/1/846 
f 805/1/840 806/1/841 813/1/848 
f 805/1/840 813/1/848 812/1/847 
f 806/1/841 807/1/842 814/1/849 
f 806/1/841 814/1/849 813/1/848 
f 808/1/843 714/1/746 809/1/844 
f 809/1/844 714/1/746 713/1/745 
f 810/1/845 716/1/748 808/1/843 
f 808/1/843 716/1/748 714/1/746 
f 810/1/845 811/1/846 815/1/850 
f 810/1/845 815/1/850 716/1/748 
f 811/1/846 812/1/847 816/1/851 
f 811/1/846 816/1/851 815/1/850 
f 817/1/852 818/1/853 819/1/854 
f 817/1/852 819/1/854 820/1/855 
f 818/1/853 821/1/856 822/1/857 
f 818/1/853 822/1/857 819/1/854 
f 739/1/773 823/1/858 740/1/774 
f 739/1/773 824/1/859 823/1/858 
f 812/1/847 813/1/848 825/1/860 
f 812/1/847 825/1/860 816/1/851 
f 813/1/848 814/1/849 826/1/861 
f 813/1/848 826/1/861 825/1/860 
f 716/1/748 815/1/850 827/1/862 
f 716/1/748 827/1/862 717/1/749 
f 815/1/850 816/1/851 828/1/863 
f 815/1/850 828/1/863 827/1/862 
f 816/1/851 825/1/860 829/1/864 
f 816/1/851 829/1/864 828/1/863 
f 825/1/860 826/1/861 830/1/865 
f 829/1/864 825/1/860 830/1/865 
f 831/1/866 832/1/867 833/1/868 
f 834/1/869 832/1/867 831/1/866 
f 835/1/870 833/1/868 836/1/871 
f 831/1/866 833/1/868 835/1/870 
f 837/1/872 836/1/871 838/1/873 
f 835/1/870 836/1/871 837/1/872 
f 839/1/874 838/1/873 840/1/875 
f 837/1/872 838/1/873 839/1/874 
f 840/1/875 841/1/876 842/1/877 
f 840/1/875 842/1/877 839/1/874 
f 841/1/876 843/1/878 844/1/879 
f 841/1/876 844/1/879 842/1/877 
f 843/1/878 845/1/880 846/1/881 
f 843/1/878 846/1/881 844/1/879 
f 847/1/882 834/1/869 831/1/866 
f 848/1/883 834/1/869 847/1/882 
f 849/1/884 850/1/885 851/1/886 
f 831/1/866 835/1/870 852/1/887 
f 847/1/882 831/1/866 852/1/887 
f 853/1/888 835/1/870 837/1/872 
f 852/1/887 835/1/870 853/1/888 
f 837/1/872 839/1/874 854/1/889 
f 853/1/888 837/1/872 854/1/889 
f 839/1/874 842/1/877 855/1/890 
f 839/1/874 855/1/890 854/1/889 
f 856/1/891 842/1/877 844/1/879 
f 842/1/877 856/1/891 855/1/890 
f 844/1/879 846/1/881 736/1/892 
f 844/1/879 736/1/892 856/1/891 
f 848/1/883 847/1/882 768/1/802 
f 767/1/801 848/1/883 768/1/802 
f 847/1/882 852/1/887 771/1/805 
f 768/1/802 847/1/882 771/1/805 
f 773/1/807 852/1/887 853/1/888 
f 771/1/805 852/1/887 773/1/807 
f 853/1/888 854/1/889 775/1/809 
f 853/1/888 775/1/809 773/1/807 
f 770/1/804 769/1/803 857/1/893 
f 770/1/804 857/1/893 858/1/894 
f 769/1/803 772/1/806 859/1/895 
f 769/1/803 859/1/895 857/1/893 
f 772/1/806 774/1/808 860/1/896 
f 859/1/895 772/1/806 860/1/896 
f 774/1/808 776/1/810 861/1/897 
f 860/1/896 774/1/808 861/1/897 
f 778/1/812 862/1/898 776/1/810 
f 776/1/810 862/1/898 861/1/897 
f 821/1/856 863/1/899 864/1/900 
f 822/1/857 865/1/901 866/1/902 
f 822/1/857 864/1/900 865/1/901 
f 867/1/903 868/1/904 869/1/905 
f 868/1/904 870/1/906 869/1/905 
f 871/1/907 867/1/903 872/1/908 
f 872/1/908 867/1/903 869/1/905 
f 873/1/909 871/1/907 874/1/910 
f 871/1/907 872/1/908 874/1/910 
f 875/1/911 873/1/909 876/1/912 
f 876/1/912 873/1/909 874/1/910 
f 875/1/911 877/1/913 863/1/899 
f 875/1/911 876/1/912 877/1/913 
f 864/1/900 863/1/899 878/1/914 
f 863/1/899 877/1/913 878/1/914 
f 864/1/900 598/1/915 865/1/901 
f 864/1/900 878/1/914 598/1/915 
f 869/1/905 870/1/906 879/1/916 
f 854/1/889 855/1/890 777/1/811 
f 854/1/889 777/1/811 775/1/809 
f 855/1/890 856/1/891 779/1/813 
f 855/1/890 779/1/813 777/1/811 
f 856/1/891 736/1/892 738/1/815 
f 856/1/891 738/1/815 779/1/813 
f 778/1/812 780/1/814 880/1/917 
f 778/1/812 880/1/917 862/1/898 
f 781/1/816 881/1/918 780/1/814 
f 780/1/814 881/1/918 880/1/917 
f 858/1/894 857/1/893 882/1/919 
f 858/1/894 882/1/919 883/1/920 
f 857/1/893 859/1/895 884/1/921 
f 857/1/893 884/1/921 882/1/919 
f 859/1/895 860/1/896 885/1/922 
f 859/1/895 885/1/922 884/1/921 
f 860/1/896 861/1/897 886/1/923 
f 860/1/896 886/1/923 885/1/922 
f 862/1/898 887/1/924 861/1/897 
f 861/1/897 887/1/924 886/1/923 
f 880/1/917 888/1/925 862/1/898 
f 862/1/898 888/1/925 887/1/924 
f 881/1/918 889/1/926 880/1/917 
f 880/1/917 889/1/926 888/1/925 
f 883/1/920 882/1/919 890/1/927 
f 883/1/920 890/1/927 891/1/928 
f 882/1/919 892/1/929 890/1/927 
f 884/1/921 885/1/922 893/1/930 
f 885/1/922 886/1/923 894/1/931 
f 885/1/922 894/1/931 893/1/930 
f 887/1/924 753/1/787 886/1/923 
f 886/1/923 753/1/787 894/1/931 
f 888/1/925 754/1/788 887/1/924 
f 887/1/924 754/1/788 753/1/787 
f 891/1/928 890/1/927 895/1/932 
f 891/1/928 895/1/932 896/1/933 
f 890/1/927 892/1/929 897/1/934 
f 890/1/927 897/1/934 895/1/932 
f 892/1/929 893/1/930 898/1/935 
f 892/1/929 898/1/935 897/1/934 
f 893/1/930 894/1/931 899/1/936 
f 893/1/930 899/1/936 898/1/935 
f 894/1/931 753/1/787 756/1/790 
f 894/1/931 756/1/790 899/1/936 
f 900/1/937 901/1/938 902/1/939 
f 900/1/937 902/1/939 903/1/940 
f 904/1/941 905/1/942 754/1/788 
f 754/1/788 905/1/942 755/1/789 
f 896/1/933 895/1/932 906/1/943 
f 896/1/933 906/1/943 698/1/730 
f 895/1/932 897/1/934 907/1/944 
f 895/1/932 907/1/944 906/1/943 
f 897/1/934 898/1/935 908/1/945 
f 897/1/934 908/1/945 907/1/944 
f 898/1/935 899/1/936 909/1/946 
f 898/1/935 909/1/946 908/1/945 
f 899/1/936 756/1/790 910/1/947 
f 899/1/936 910/1/947 909/1/946 
f 756/1/790 755/1/789 911/1/948 
f 756/1/790 911/1/948 910/1/947 
f 905/1/942 912/1/949 755/1/789 
f 755/1/789 912/1/949 911/1/948 
f 739/1/773 742/1/776 913/1/950 
f 739/1/773 913/1/950 914/1/951 
f 742/1/776 760/1/794 915/1/952 
f 913/1/950 742/1/776 915/1/952 
f 760/1/794 762/1/796 790/1/825 
f 915/1/952 760/1/794 790/1/825 
f 762/1/796 787/1/822 791/1/826 
f 790/1/825 762/1/796 791/1/826 
f 787/1/822 809/1/844 794/1/829 
f 791/1/826 787/1/822 794/1/829 
f 809/1/844 713/1/745 796/1/831 
f 794/1/829 809/1/844 796/1/831 
f 914/1/951 913/1/950 799/1/834 
f 914/1/951 799/1/834 798/1/833 
f 913/1/950 915/1/952 802/1/837 
f 799/1/834 913/1/950 802/1/837 
f 916/1/953 917/1/954 918/1/955 
f 916/1/953 919/1/956 917/1/954 
f 918/1/955 841/1/876 840/1/875 
f 918/1/955 917/1/954 841/1/876 
f 920/1/957 921/1/958 922/1/959 
f 920/1/957 923/1/960 921/1/958 
f 922/1/959 924/1/961 925/1/962 
f 922/1/959 921/1/958 924/1/961 
f 925/1/962 926/1/963 927/1/964 
f 925/1/962 924/1/961 926/1/963 
f 927/1/964 928/1/965 919/1/956 
f 927/1/964 926/1/963 928/1/965 
f 919/1/956 929/1/966 917/1/954 
f 919/1/956 928/1/965 929/1/966 
f 915/1/952 790/1/825 793/1/828 
f 802/1/837 915/1/952 793/1/828 
f 803/1/838 802/1/837 804/1/839 
f 793/1/828 792/1/827 930/1/967 
f 804/1/839 793/1/828 930/1/967 
f 792/1/827 795/1/830 931/1/968 
f 930/1/967 792/1/827 931/1/968 
f 795/1/830 797/1/832 932/1/969 
f 931/1/968 795/1/830 932/1/969 
f 801/1/836 800/1/835 933/1/970 
f 801/1/836 933/1/970 934/1/971 
f 800/1/835 803/1/838 935/1/972 
f 933/1/970 800/1/835 935/1/972 
f 803/1/838 804/1/839 936/1/973 
f 935/1/972 803/1/838 936/1/973 
f 804/1/839 930/1/967 937/1/974 
f 936/1/973 804/1/839 937/1/974 
f 930/1/967 931/1/968 938/1/975 
f 937/1/974 930/1/967 938/1/975 
f 931/1/968 932/1/969 939/1/976 
f 938/1/975 931/1/968 939/1/976 
f 934/1/971 933/1/970 940/1/977 
f 934/1/971 940/1/977 920/1/957 
f 933/1/970 935/1/972 941/1/978 
f 933/1/970 941/1/978 940/1/977 
f 935/1/972 936/1/973 942/1/979 
f 935/1/972 942/1/979 941/1/978 
f 936/1/973 937/1/974 817/1/852 
f 936/1/973 817/1/852 942/1/979 
f 937/1/974 938/1/975 818/1/853 
f 937/1/974 818/1/853 817/1/852 
f 938/1/975 939/1/976 821/1/856 
f 938/1/975 821/1/856 818/1/853 
f 920/1/957 940/1/977 943/1/980 
f 920/1/957 943/1/980 923/1/960 
f 940/1/977 941/1/978 944/1/981 
f 940/1/977 944/1/981 943/1/980 
f 941/1/978 942/1/979 945/1/982 
f 941/1/978 945/1/982 944/1/981 
f 740/1/774 946/1/983 743/1/777 
f 740/1/774 823/1/858 946/1/983 
f 743/1/777 947/1/984 745/1/779 
f 743/1/777 946/1/983 947/1/984 
f 745/1/779 948/1/985 747/1/781 
f 745/1/779 947/1/984 948/1/985 
f 747/1/781 949/1/986 749/1/783 
f 747/1/781 948/1/985 949/1/986 
f 950/1/987 751/1/785 749/1/783 
f 668/1/700 643/1/675 951/1/988 
f 668/1/700 642/1/674 643/1/675 
f 672/1/704 682/1/714 681/1/713 
f 689/1/721 673/1/705 675/1/707 
f 689/1/721 682/1/714 673/1/705 
f 691/1/723 675/1/707 674/1/706 
f 691/1/723 689/1/721 675/1/707 
f 733/1/767 581/1/613 648/1/680 
f 949/1/986 950/1/987 749/1/783 
f 824/1/859 952/1/989 823/1/858 
f 824/1/859 953/1/990 952/1/989 
f 823/1/858 954/1/991 946/1/983 
f 823/1/858 952/1/989 954/1/991 
f 946/1/983 955/1/992 947/1/984 
f 946/1/983 954/1/991 955/1/992 
f 947/1/984 956/1/993 948/1/985 
f 947/1/984 955/1/992 956/1/993 
f 948/1/985 957/1/994 949/1/986 
f 948/1/985 956/1/993 957/1/994 
f 958/1/995 950/1/987 949/1/986 
f 957/1/994 958/1/995 949/1/986 
f 959/1/996 960/1/997 961/1/998 
f 961/1/998 960/1/997 962/1/999 
f 963/1/1000 964/1/1001 959/1/996 
f 959/1/996 964/1/1001 960/1/997 
f 965/1/1002 966/1/1003 963/1/1000 
f 966/1/1003 964/1/1001 963/1/1000 
f 967/1/1004 968/1/1005 969/1/1006 
f 942/1/979 817/1/852 820/1/855 
f 942/1/979 820/1/855 945/1/982 
f 953/1/990 970/1/1007 952/1/989 
f 953/1/990 971/1/1008 970/1/1007 
f 952/1/989 972/1/1009 954/1/991 
f 952/1/989 970/1/1007 972/1/1009 
f 954/1/991 973/1/1010 955/1/992 
f 954/1/991 972/1/1009 973/1/1010 
f 955/1/992 974/1/1011 956/1/993 
f 955/1/992 973/1/1010 974/1/1011 
f 956/1/993 975/1/1012 957/1/994 
f 956/1/993 974/1/1011 975/1/1012 
f 976/1/1013 958/1/995 957/1/994 
f 975/1/1012 976/1/1013 957/1/994 
f 971/1/1008 977/1/1014 970/1/1007 
f 971/1/1008 978/1/1015 977/1/1014 
f 970/1/1007 979/1/1016 972/1/1009 
f 970/1/1007 977/1/1014 979/1/1016 
f 972/1/1009 980/1/1017 973/1/1010 
f 972/1/1009 979/1/1016 980/1/1017 
f 973/1/1010 981/1/1018 974/1/1011 
f 973/1/1010 980/1/1017 981/1/1018 
f 974/1/1011 982/1/1019 975/1/1012 
f 974/1/1011 981/1/1018 982/1/1019 
f 983/1/1020 976/1/1013 975/1/1012 
f 975/1/1012 982/1/1019 983/1/1020 
f 978/1/1015 984/1/1021 977/1/1014 
f 978/1/1015 985/1/1022 984/1/1021 
f 977/1/1014 986/1/1023 979/1/1016 
f 977/1/1014 984/1/1021 986/1/1023 
f 979/1/1016 987/1/1024 980/1/1017 
f 979/1/1016 986/1/1023 987/1/1024 
f 980/1/1017 988/1/1025 981/1/1018 
f 980/1/1017 987/1/1024 988/1/1025 
f 981/1/1018 989/1/1026 982/1/1019 
f 981/1/1018 988/1/1025 989/1/1026 
f 982/1/1019 990/1/1027 983/1/1020 
f 982/1/1019 989/1/1026 990/1/1027 
f 984/1/1021 985/1/1022 991/1/1028 
f 985/1/1022 832/1/867 991/1/1028 
f 986/1/1023 984/1/1021 992/1/1029 
f 984/1/1021 991/1/1028 992/1/1029 
f 986/1/1023 993/1/1030 987/1/1024 
f 986/1/1023 992/1/1029 993/1/1030 
f 987/1/1024 994/1/1031 988/1/1025 
f 987/1/1024 993/1/1030 994/1/1031 
f 988/1/1025 995/1/1032 989/1/1026 
f 988/1/1025 994/1/1031 995/1/1032 
f 989/1/1026 996/1/1033 990/1/1027 
f 989/1/1026 995/1/1032 996/1/1033 
f 832/1/867 997/1/1034 991/1/1028 
f 991/1/1028 998/1/1035 992/1/1029 
f 991/1/1028 997/1/1034 998/1/1035 
f 992/1/1029 999/1/1036 993/1/1030 
f 992/1/1029 998/1/1035 999/1/1036 
f 993/1/1030 1000/1/1037 994/1/1031 
f 993/1/1030 999/1/1036 1000/1/1037 
f 994/1/1031 1001/1/1038 995/1/1032 
f 994/1/1031 1000/1/1037 1001/1/1038 
f 995/1/1032 1002/1/1039 996/1/1033 
f 1001/1/1038 1002/1/1039 995/1/1032 
f 796/1/831 713/1/745 867/1/903 
f 713/1/745 868/1/904 867/1/903 
f 797/1/832 796/1/831 871/1/907 
f 796/1/831 867/1/903 871/1/907 
f 932/1/969 797/1/832 873/1/909 
f 797/1/832 871/1/907 873/1/909 
f 939/1/976 932/1/969 875/1/911 
f 939/1/976 863/1/899 821/1/856 
f 939/1/976 875/1/911 863/1/899 
f 821/1/856 864/1/900 822/1/857 
f 879/1/916 870/1/906 1003/1/1040 
f 872/1/908 869/1/905 1004/1/1041 
f 1004/1/1041 869/1/905 879/1/916 
f 874/1/910 872/1/908 1005/1/1042 
f 872/1/908 1004/1/1041 1005/1/1042 
f 874/1/910 1006/1/1043 876/1/912 
f 874/1/910 1005/1/1042 1006/1/1043 
f 876/1/912 1007/1/1044 877/1/913 
f 876/1/912 1006/1/1043 1007/1/1044 
f 877/1/913 1008/1/1045 878/1/914 
f 877/1/913 1007/1/1044 1008/1/1045 
f 878/1/914 599/1/1046 598/1/915 
f 878/1/914 1008/1/1045 599/1/1046 
f 879/1/916 1003/1/1040 1009/1/1047 
f 1009/1/1047 1003/1/1040 1010/1/1048 
f 1004/1/1041 879/1/916 1011/1/1049 
f 1011/1/1049 879/1/916 1009/1/1047 
f 1005/1/1042 1004/1/1041 1012/1/1050 
f 1012/1/1050 1004/1/1041 1011/1/1049 
f 1005/1/1042 1013/1/1051 1006/1/1043 
f 1005/1/1042 1012/1/1050 1013/1/1051 
f 1006/1/1043 1014/1/1052 1007/1/1044 
f 1006/1/1043 1013/1/1051 1014/1/1052 
f 1007/1/1044 1015/1/1053 1008/1/1045 
f 1007/1/1044 1014/1/1052 1015/1/1053 
f 599/1/1046 1008/1/1045 1016/1/1054 
f 1008/1/1045 1015/1/1053 1016/1/1054 
f 1017/1/1055 1009/1/1047 1010/1/1048 
f 1017/1/1055 1010/1/1048 1018/1/1056 
f 1011/1/1049 1009/1/1047 1019/1/1057 
f 1019/1/1057 1009/1/1047 1017/1/1055 
f 1012/1/1050 1011/1/1049 1020/1/1058 
f 1020/1/1058 1011/1/1049 1019/1/1057 
f 1012/1/1050 1021/1/1059 1013/1/1051 
f 1021/1/1059 1012/1/1050 1020/1/1058 
f 1014/1/1052 1013/1/1051 1022/1/1060 
f 1013/1/1051 1021/1/1059 1022/1/1060 
f 1014/1/1052 1023/1/1061 1015/1/1053 
f 1014/1/1052 1022/1/1060 1023/1/1061 
f 1016/1/1054 1015/1/1053 1024/1/1062 
f 1015/1/1053 1023/1/1061 1024/1/1062 
f 1025/1/1063 1017/1/1055 1018/1/1056 
f 1025/1/1063 1018/1/1056 1026/1/1064 
f 1027/1/1065 1019/1/1057 1017/1/1055 
f 1027/1/1065 1017/1/1055 1025/1/1063 
f 1028/1/1066 1020/1/1058 1019/1/1057 
f 1028/1/1066 1019/1/1057 1027/1/1065 
f 1029/1/1067 1021/1/1059 1020/1/1058 
f 1029/1/1067 1020/1/1058 1028/1/1066 
f 1022/1/1060 1021/1/1059 1030/1/1068 
f 1021/1/1059 1029/1/1067 1030/1/1068 
f 1023/1/1061 1022/1/1060 1031/1/1069 
f 1022/1/1060 1030/1/1068 1031/1/1069 
f 1024/1/1062 1023/1/1061 1032/1/1070 
f 1023/1/1061 1031/1/1069 1032/1/1070 
f 1033/1/1071 1025/1/1063 1026/1/1064 
f 1033/1/1071 1026/1/1064 1034/1/1072 
f 1035/1/1073 1025/1/1063 1033/1/1071 
f 1036/1/1074 1037/1/1075 1038/1/1076 
f 1036/1/1074 1038/1/1076 1039/1/1077 
f 1040/1/1078 1041/1/1079 1037/1/1075 
f 1041/1/1079 1038/1/1076 1037/1/1075 
f 1042/1/1080 1043/1/1081 1040/1/1078 
f 1043/1/1081 1041/1/1079 1040/1/1078 
f 1044/1/1082 1045/1/1083 1042/1/1080 
f 1045/1/1083 1043/1/1081 1042/1/1080 
f 1046/1/1084 1047/1/1085 1044/1/1082 
f 1047/1/1085 1045/1/1083 1044/1/1082 
f 1048/1/1086 1049/1/1087 1046/1/1084 
f 1049/1/1087 1047/1/1085 1046/1/1084 
f 1050/1/1088 1051/1/1089 1048/1/1086 
f 1051/1/1089 1049/1/1087 1048/1/1086 
f 868/1/904 1052/1/1090 1053/1/1091 
f 868/1/904 1053/1/1091 870/1/906 
f 1052/1/1090 1054/1/1092 1055/1/1093 
f 1052/1/1090 1055/1/1093 1053/1/1091 
f 1054/1/1092 1056/1/1094 1057/1/1095 
f 1054/1/1092 1057/1/1095 1055/1/1093 
f 1056/1/1094 1058/1/1096 1059/1/1097 
f 1056/1/1094 1059/1/1097 1057/1/1095 
f 1058/1/1096 1060/1/1098 1061/1/1099 
f 1058/1/1096 1061/1/1099 1059/1/1097 
f 1060/1/1098 1062/1/1100 1063/1/1101 
f 932/1/969 873/1/909 875/1/911 
f 1064/1/1102 1028/1/1066 1027/1/1065 
f 1065/1/1103 1029/1/1067 1028/1/1066 
f 1065/1/1103 1028/1/1066 1064/1/1102 
f 1030/1/1068 1029/1/1067 1066/1/1104 
f 1029/1/1067 1065/1/1103 1066/1/1104 
f 1031/1/1069 1030/1/1068 1067/1/1105 
f 1030/1/1068 1066/1/1104 1067/1/1105 
f 1068/1/1106 1033/1/1071 1034/1/1072 
f 1068/1/1106 1034/1/1072 1069/1/1107 
f 1070/1/1108 1035/1/1073 1033/1/1071 
f 1070/1/1108 1033/1/1071 1068/1/1106 
f 1071/1/1109 1064/1/1102 1035/1/1073 
f 1071/1/1109 1035/1/1073 1070/1/1108 
f 902/1/939 1065/1/1103 1064/1/1102 
f 902/1/939 1064/1/1102 1071/1/1109 
f 901/1/938 1066/1/1104 1065/1/1103 
f 901/1/938 1065/1/1103 902/1/939 
f 1072/1/1110 1067/1/1105 1066/1/1104 
f 1072/1/1110 1066/1/1104 901/1/938 
f 1073/1/1111 1067/1/1105 1074/1/1112 
f 1067/1/1105 1072/1/1110 1074/1/1112 
f 1075/1/1113 1068/1/1106 1069/1/1107 
f 1075/1/1113 1069/1/1107 631/1/663 
f 1076/1/1114 1070/1/1108 1068/1/1106 
f 1076/1/1114 1068/1/1106 1075/1/1113 
f 1077/1/1115 1071/1/1109 1070/1/1108 
f 1077/1/1115 1070/1/1108 1076/1/1114 
f 903/1/940 902/1/939 1071/1/1109 
f 903/1/940 1071/1/1109 1077/1/1115 
f 1078/1/1116 1079/1/1117 1080/1/1118 
f 1078/1/1116 1081/1/1119 1079/1/1117 
f 1069/1/1107 1082/1/1120 631/1/663 
f 1083/1/1121 1072/1/1110 901/1/938 
f 1083/1/1121 901/1/938 900/1/937 
f 1074/1/1112 1072/1/1110 1084/1/1122 
f 1072/1/1110 1083/1/1121 1084/1/1122 
f 824/1/859 739/1/773 1085/1/1123 
f 1085/1/1123 739/1/773 914/1/951 
f 953/1/990 824/1/859 1086/1/1124 
f 1086/1/1124 824/1/859 1085/1/1123 
f 971/1/1008 953/1/990 1087/1/1125 
f 1087/1/1125 953/1/990 1086/1/1124 
f 978/1/1015 971/1/1008 1088/1/1126 
f 1088/1/1126 971/1/1008 1087/1/1125 
f 985/1/1022 978/1/1015 1089/1/1127 
f 1089/1/1127 978/1/1015 1088/1/1126 
f 832/1/867 985/1/1022 833/1/868 
f 833/1/868 985/1/1022 1089/1/1127 
f 1085/1/1123 914/1/951 1090/1/1128 
f 1090/1/1128 914/1/951 798/1/833 
f 1086/1/1124 1085/1/1123 1091/1/1129 
f 1091/1/1129 1085/1/1123 1090/1/1128 
f 1087/1/1125 1086/1/1124 1092/1/1130 
f 1092/1/1130 1086/1/1124 1091/1/1129 
f 1088/1/1126 1087/1/1125 1093/1/1131 
f 1093/1/1131 1087/1/1125 1092/1/1130 
f 1089/1/1127 1088/1/1126 1094/1/1132 
f 1094/1/1132 1088/1/1126 1093/1/1131 
f 833/1/868 1089/1/1127 836/1/871 
f 836/1/871 1089/1/1127 1094/1/1132 
f 1090/1/1128 798/1/833 1095/1/1133 
f 1095/1/1133 798/1/833 801/1/836 
f 1091/1/1129 1090/1/1128 1096/1/1134 
f 1096/1/1134 1090/1/1128 1095/1/1133 
f 1092/1/1130 1091/1/1129 1097/1/1135 
f 1097/1/1135 1091/1/1129 1096/1/1134 
f 1093/1/1131 1092/1/1130 1098/1/1136 
f 1098/1/1136 1092/1/1130 1097/1/1135 
f 1094/1/1132 1093/1/1131 1099/1/1137 
f 1099/1/1137 1093/1/1131 1098/1/1136 
f 836/1/871 1094/1/1132 838/1/873 
f 838/1/873 1094/1/1132 1099/1/1137 
f 1095/1/1133 801/1/836 1100/1/1138 
f 1100/1/1138 801/1/836 934/1/971 
f 1096/1/1134 1095/1/1133 1101/1/1139 
f 1101/1/1139 1095/1/1133 1100/1/1138 
f 1097/1/1135 1096/1/1134 1102/1/1140 
f 1102/1/1140 1096/1/1134 1101/1/1139 
f 1098/1/1136 1097/1/1135 916/1/953 
f 916/1/953 1097/1/1135 1102/1/1140 
f 1099/1/1137 1098/1/1136 918/1/955 
f 918/1/955 1098/1/1136 916/1/953 
f 838/1/873 1099/1/1137 840/1/875 
f 1103/1/1141 577/1/609 628/1/660 
f 840/1/875 1099/1/1137 918/1/955 
f 934/1/971 922/1/959 1100/1/1138 
f 600/1/632 1016/1/1142 1104/1/1143 
f 934/1/971 920/1/957 922/1/959 
f 1105/1/1144 1106/1/1145 1107/1/1146 
f 1108/1/1147 1106/1/1145 1105/1/1144 
f 1107/1/1146 1109/1/1148 1110/1/1149 
f 1106/1/1145 1109/1/1148 1107/1/1146 
f 1110/1/1149 1111/1/1150 1112/1/1151 
f 1109/1/1148 1111/1/1150 1110/1/1149 
f 1112/1/1151 1113/1/1152 1114/1/1153 
f 1111/1/1150 1113/1/1152 1112/1/1151 
f 1114/1/1153 1115/1/1154 1116/1/1155 
f 1113/1/1152 1115/1/1154 1114/1/1153 
f 834/1/869 1117/1/1156 1118/1/1157 
f 834/1/869 848/1/883 1117/1/1156 
f 1118/1/1157 1119/1/1158 1120/1/1159 
f 1118/1/1157 1117/1/1156 1119/1/1158 
f 1120/1/1159 1121/1/1160 1122/1/1161 
f 1120/1/1159 1119/1/1158 1121/1/1160 
f 1122/1/1161 1123/1/1162 1124/1/1163 
f 1122/1/1161 1121/1/1160 1123/1/1162 
f 1124/1/1163 1125/1/1164 1126/1/1165 
f 1124/1/1163 1123/1/1162 1125/1/1164 
f 1126/1/1165 1127/1/1166 1128/1/1167 
f 1100/1/1138 925/1/962 1101/1/1139 
f 1100/1/1138 922/1/959 925/1/962 
f 1101/1/1139 927/1/964 1102/1/1140 
f 1101/1/1139 925/1/962 927/1/964 
f 1102/1/1140 919/1/956 916/1/953 
f 1102/1/1140 927/1/964 919/1/956 
f 917/1/954 843/1/878 841/1/876 
f 917/1/954 929/1/966 843/1/878 
f 1080/1/1118 1129/1/1168 1130/1/1169 
f 1080/1/1118 1079/1/1117 1129/1/1168 
f 849/1/884 851/1/886 1131/1/1170 
f 850/1/885 1132/1/1171 1133/1/1172 
f 851/1/886 850/1/885 1133/1/1172 
f 1132/1/1171 1134/1/1173 1135/1/1174 
f 1133/1/1172 1132/1/1171 1135/1/1174 
f 1136/1/1175 1137/1/1176 1134/1/1173 
f 1134/1/1173 1137/1/1176 1135/1/1174 
f 1138/1/1177 1139/1/1178 1136/1/1175 
f 1136/1/1175 1139/1/1178 1137/1/1176 
f 1140/1/1179 961/1/998 1138/1/1177 
f 1138/1/1177 961/1/998 1139/1/1178 
f 1141/1/1180 959/1/996 1140/1/1179 
f 1140/1/1179 959/1/996 961/1/998 
f 1142/1/1181 963/1/1000 1141/1/1180 
f 1141/1/1180 963/1/1000 959/1/996 
f 1142/1/1181 1143/1/1182 965/1/1002 
f 1142/1/1181 965/1/1002 963/1/1000 
f 1131/1/1170 851/1/886 968/1/1005 
f 1131/1/1170 968/1/1005 967/1/1004 
f 851/1/886 1133/1/1172 1144/1/1183 
f 968/1/1005 851/1/886 1144/1/1183 
f 1133/1/1172 1135/1/1174 1145/1/1184 
f 1144/1/1183 1133/1/1172 1145/1/1184 
f 1137/1/1176 1146/1/1185 1135/1/1174 
f 1135/1/1174 1146/1/1185 1145/1/1184 
f 1147/1/1186 1148/1/1187 1149/1/1188 
f 1147/1/1186 1150/1/1189 1148/1/1187 
f 1149/1/1188 1151/1/1190 1152/1/1191 
f 1149/1/1188 1148/1/1187 1151/1/1190 
f 1152/1/1191 1153/1/1192 1154/1/1193 
f 1151/1/1190 1153/1/1192 1152/1/1191 
f 1154/1/1193 1155/1/1194 1156/1/1195 
f 1153/1/1192 1155/1/1194 1154/1/1193 
f 1156/1/1195 1157/1/1196 1158/1/1197 
f 1155/1/1194 1157/1/1196 1156/1/1195 
f 1139/1/1178 1159/1/1198 1137/1/1176 
f 1137/1/1176 1159/1/1198 1146/1/1185 
f 961/1/998 962/1/999 1139/1/1178 
f 1139/1/1178 962/1/999 1159/1/1198 
f 967/1/1004 969/1/1006 826/1/861 
f 968/1/1005 1144/1/1183 1160/1/1199 
f 969/1/1006 968/1/1005 1160/1/1199 
f 1144/1/1183 1145/1/1184 1161/1/1200 
f 1160/1/1199 1144/1/1183 1161/1/1200 
f 1146/1/1185 1162/1/1201 1145/1/1184 
f 1145/1/1184 1162/1/1201 1161/1/1200 
f 1159/1/1198 1163/1/1202 1146/1/1185 
f 1146/1/1185 1163/1/1202 1162/1/1201 
f 962/1/999 1164/1/1203 1159/1/1198 
f 1159/1/1198 1164/1/1203 1163/1/1202 
f 960/1/997 1165/1/1204 962/1/999 
f 962/1/999 1165/1/1204 1164/1/1203 
f 964/1/1001 1166/1/1205 960/1/997 
f 1166/1/1205 1165/1/1204 960/1/997 
f 966/1/1003 1167/1/1206 964/1/1001 
f 1167/1/1206 1166/1/1205 964/1/1001 
f 826/1/861 969/1/1006 1168/1/1207 
f 826/1/861 1168/1/1207 830/1/865 
f 969/1/1006 1160/1/1199 1036/1/1074 
f 1168/1/1207 969/1/1006 1036/1/1074 
f 1160/1/1199 1161/1/1200 1037/1/1075 
f 1036/1/1074 1160/1/1199 1037/1/1075 
f 1162/1/1201 1040/1/1078 1161/1/1200 
f 1161/1/1200 1040/1/1078 1037/1/1075 
f 1163/1/1202 1042/1/1080 1162/1/1201 
f 1162/1/1201 1042/1/1080 1040/1/1078 
f 1164/1/1203 1044/1/1082 1163/1/1202 
f 1163/1/1202 1044/1/1082 1042/1/1080 
f 1165/1/1204 1046/1/1084 1164/1/1203 
f 1046/1/1084 1044/1/1082 1164/1/1203 
f 1166/1/1205 1048/1/1086 1165/1/1204 
f 1048/1/1086 1046/1/1084 1165/1/1204 
f 1167/1/1206 1050/1/1088 1166/1/1205 
f 1050/1/1088 1048/1/1086 1166/1/1205 
f 849/1/884 1169/1/1208 850/1/885 
f 1170/1/1209 1169/1/1208 849/1/884 
f 850/1/885 1171/1/1210 1132/1/1171 
f 1169/1/1208 1171/1/1210 850/1/885 
f 1132/1/1171 1172/1/1211 1134/1/1173 
f 1171/1/1210 1172/1/1211 1132/1/1171 
f 1173/1/1212 1136/1/1175 1134/1/1173 
f 1172/1/1211 1173/1/1212 1134/1/1173 
f 1174/1/1213 1138/1/1177 1136/1/1175 
f 1173/1/1212 1174/1/1213 1136/1/1175 
f 1175/1/1214 1140/1/1179 1138/1/1177 
f 1174/1/1213 1175/1/1214 1138/1/1177 
f 1176/1/1215 1141/1/1180 1140/1/1179 
f 1175/1/1214 1176/1/1215 1140/1/1179 
f 1177/1/1216 1142/1/1181 1141/1/1180 
f 1176/1/1215 1177/1/1216 1141/1/1180 
f 1178/1/1217 1143/1/1182 1142/1/1181 
f 1177/1/1216 1178/1/1217 1142/1/1181 
f 1170/1/1209 1179/1/1218 1169/1/1208 
f 1180/1/1219 1179/1/1218 1170/1/1209 
f 1169/1/1208 1181/1/1220 1171/1/1210 
f 1179/1/1218 1181/1/1220 1169/1/1208 
f 1171/1/1210 1182/1/1221 1172/1/1211 
f 1181/1/1220 1182/1/1221 1171/1/1210 
f 1183/1/1222 1173/1/1212 1172/1/1211 
f 1182/1/1221 1183/1/1222 1172/1/1211 
f 1184/1/1223 1174/1/1213 1173/1/1212 
f 623/1/655 632/1/664 621/1/653 
f 1183/1/1222 1184/1/1223 1173/1/1212 
f 1185/1/1224 1175/1/1214 1174/1/1213 
f 1184/1/1223 1185/1/1224 1174/1/1213 
f 1186/1/1225 1176/1/1215 1175/1/1214 
f 1185/1/1224 1186/1/1225 1175/1/1214 
f 1187/1/1226 1177/1/1216 1176/1/1215 
f 1186/1/1225 1187/1/1226 1176/1/1215 
f 1177/1/1216 1188/1/1227 1178/1/1217 
f 1187/1/1226 1188/1/1227 1177/1/1216 
f 1180/1/1219 1189/1/1228 1179/1/1218 
f 996/1/1033 1189/1/1228 1180/1/1219 
f 1179/1/1218 1190/1/1229 1181/1/1220 
f 1189/1/1228 1190/1/1229 1179/1/1218 
f 1181/1/1220 1191/1/1230 1182/1/1221 
f 1190/1/1229 1191/1/1230 1181/1/1220 
f 1192/1/1231 1183/1/1222 1182/1/1221 
f 1191/1/1230 1192/1/1231 1182/1/1221 
f 1193/1/1232 1184/1/1223 1183/1/1222 
f 1192/1/1231 1193/1/1232 1183/1/1222 
f 1194/1/1233 1185/1/1224 1184/1/1223 
f 1193/1/1232 1194/1/1233 1184/1/1223 
f 1195/1/1234 1186/1/1225 1185/1/1224 
f 1194/1/1233 1195/1/1234 1185/1/1224 
f 1186/1/1225 1196/1/1235 1187/1/1226 
f 1195/1/1234 1196/1/1235 1186/1/1225 
f 1187/1/1226 1197/1/1236 1188/1/1227 
f 1196/1/1235 1197/1/1236 1187/1/1226 
f 996/1/1033 1198/1/1237 1189/1/1228 
f 1002/1/1039 1198/1/1237 996/1/1033 
f 1189/1/1228 1199/1/1238 1190/1/1229 
f 1198/1/1237 1199/1/1238 1189/1/1228 
f 1190/1/1229 1200/1/1239 1191/1/1230 
f 1199/1/1238 1200/1/1239 1190/1/1229 
f 1105/1/1144 1192/1/1231 1191/1/1230 
f 1200/1/1239 1105/1/1144 1191/1/1230 
f 1107/1/1146 1193/1/1232 1192/1/1231 
f 1105/1/1144 1107/1/1146 1192/1/1231 
f 1110/1/1149 1194/1/1233 1193/1/1232 
f 1107/1/1146 1110/1/1149 1193/1/1232 
f 633/1/665 1201/1/1240 620/1/652 
f 1194/1/1233 1112/1/1151 1195/1/1234 
f 1110/1/1149 1112/1/1151 1194/1/1233 
f 845/1/1241 632/1/664 623/1/655 
f 1195/1/1234 1114/1/1153 1196/1/1235 
f 1112/1/1151 1114/1/1153 1195/1/1234 
f 1196/1/1235 1116/1/1155 1197/1/1236 
f 1114/1/1153 1116/1/1155 1196/1/1235 
f 996/1/1242 632/1/1243 845/1/880 
f 675/1/707 673/1/705 596/1/628 
f 1201/1/1244 1170/1/1244 849/1/1245 1202/1/1245 
f 569/1/1246 1202/1/1245 849/1/1245 1131/1/1246 
f 1024/1/1247 1032/1/1248 1203/1/1249 
f 599/1/631 1016/1/1142 600/1/632 
f 1204/1/1250 826/1/1251 866/1/902 
f 950/1/987 923/1/1252 751/1/785 
f 1016/1/1142 1024/1/1247 1104/1/1143 
f 921/1/1253 923/1/1252 950/1/987 
f 958/1/995 924/1/1254 921/1/1253 950/1/987 
f 958/1/995 976/1/1013 926/1/1255 924/1/1254 
f 983/1/1020 926/1/1255 976/1/1013 
f 1205/1/1256 1073/1/1257 734/1/768 
f 983/1/1020 928/1/1258 926/1/1255 
f 990/1/1027 928/1/1258 983/1/1020 
f 990/1/1027 929/1/1259 928/1/1258 
f 990/1/1027 843/1/878 929/1/1259 
f 826/1/1251 822/1/857 866/1/902 
f 814/1/1260 822/1/857 826/1/1251 
f 923/1/1252 752/1/786 751/1/785 
f 923/1/1252 943/1/1261 752/1/786 
f 673/1/705 594/1/626 596/1/628 
f 758/1/792 752/1/786 943/1/1261 944/1/1262 
f 758/1/792 944/1/1262 945/1/1263 785/1/820 
f 1104/1/1143 1024/1/1247 1203/1/1249 
f 945/1/1263 807/1/842 785/1/820 
f 945/1/1263 820/1/1264 807/1/842 
f 820/1/1264 814/1/849 807/1/842 
f 820/1/1264 819/1/1265 814/1/849 
f 819/1/1265 822/1/857 814/1/849 
f 996/1/1242 845/1/880 843/1/878 
f 990/1/1266 996/1/1242 843/1/878 
f 1032/1/1248 1073/1/1257 1205/1/1256 
f 713/1/745 715/1/747 1052/1/1090 
f 713/1/745 1052/1/1090 868/1/904 
f 715/1/747 717/1/749 1054/1/1092 
f 715/1/747 1054/1/1092 1052/1/1090 
f 572/1/604 578/1/610 650/1/682 
f 1206/1/1267 738/1/1268 736/1/1269 
f 717/1/749 827/1/862 1056/1/1094 
f 717/1/749 1056/1/1094 1054/1/1092 
f 827/1/862 828/1/863 1058/1/1096 
f 827/1/862 1058/1/1096 1056/1/1094 
f 828/1/863 829/1/864 1060/1/1098 
f 828/1/863 1060/1/1098 1058/1/1096 
f 829/1/864 830/1/865 1062/1/1100 
f 829/1/864 1062/1/1100 1060/1/1098 
f 830/1/865 1168/1/1207 1207/1/1270 
f 830/1/865 1207/1/1270 1062/1/1100 
f 1168/1/1207 1036/1/1074 1039/1/1077 
f 1168/1/1207 1039/1/1077 1207/1/1270 
f 1060/1/1098 1063/1/1101 1061/1/1099 
f 1062/1/1100 1207/1/1270 1208/1/1271 
f 1062/1/1100 1208/1/1271 1063/1/1101 
f 1207/1/1270 1039/1/1077 1209/1/1272 
f 1207/1/1270 1209/1/1272 1208/1/1271 
f 1203/1/1249 1032/1/1248 1205/1/1256 
f 1039/1/1077 1038/1/1076 1210/1/1273 
f 1039/1/1077 1210/1/1273 1209/1/1272 
f 1041/1/1079 1211/1/1274 1038/1/1076 
f 610/1/642 1204/1/1275 611/1/643 
f 1211/1/1274 1210/1/1273 1038/1/1076 
f 611/1/643 1204/1/1275 866/1/1276 865/1/1276 
f 1043/1/1081 1212/1/1277 1041/1/1079 
f 1212/1/1277 1211/1/1274 1041/1/1079 
f 1045/1/1083 1213/1/1278 1043/1/1081 
f 1213/1/1278 1212/1/1277 1043/1/1081 
f 1214/1/1279 1045/1/1083 1047/1/1085 
f 611/1/643 865/1/1276 598/1/630 
f 1214/1/1279 1213/1/1278 1045/1/1083 
f 1215/1/1280 1204/1/1275 610/1/642 
f 1049/1/1087 1216/1/1281 1047/1/1085 
f 1204/1/1282 598/1/763 730/1/762 
f 598/1/763 1204/1/1282 866/1/1283 
f 598/1/763 866/1/1283 865/1/1283 
f 1216/1/1281 1214/1/1279 1047/1/1085 
f 613/1/645 1215/1/1280 610/1/642 
f 1051/1/1089 1217/1/1284 1049/1/1087 
f 1217/1/1284 1216/1/1281 1049/1/1087 
f 870/1/906 1053/1/1091 1218/1/1285 
f 870/1/906 1218/1/1285 1003/1/1286 
f 1204/1/1282 730/1/762 1219/1/1282 
f 1053/1/1091 1055/1/1093 1220/1/1287 
f 1053/1/1091 1220/1/1287 1218/1/1285 
f 1055/1/1093 1057/1/1095 1221/1/1288 
f 1055/1/1093 1221/1/1288 1220/1/1287 
f 1057/1/1095 1059/1/1097 1222/1/1289 
f 1057/1/1095 1222/1/1289 1221/1/1288 
f 1059/1/1097 1061/1/1099 1223/1/1290 
f 1059/1/1097 1223/1/1290 1222/1/1289 
f 1061/1/1099 1063/1/1101 1224/1/1291 
f 1061/1/1099 1224/1/1291 1223/1/1290 
f 1063/1/1101 1208/1/1271 1225/1/1292 
f 736/1/770 846/1/1241 845/1/1241 623/1/655 
f 1063/1/1101 1225/1/1292 1224/1/1291 
f 1208/1/1271 1209/1/1272 1226/1/1293 
f 620/1/652 1201/1/1240 619/1/651 
f 1208/1/1271 1226/1/1293 1225/1/1292 
f 1209/1/1272 1210/1/1273 1227/1/1294 
f 1209/1/1272 1227/1/1294 1226/1/1293 
f 615/1/647 569/1/1295 613/1/645 
f 1211/1/1274 1228/1/1296 1210/1/1273 
f 569/1/1295 1215/1/1280 613/1/645 
f 1228/1/1296 1227/1/1294 1210/1/1273 
f 1212/1/1277 1229/1/1297 1211/1/1274 
f 1230/1/1298 628/1/660 627/1/659 
f 1229/1/1297 1228/1/1296 1211/1/1274 
f 1213/1/1278 1231/1/1299 1212/1/1277 
f 1231/1/1299 1229/1/1297 1212/1/1277 
f 1232/1/1300 1213/1/1278 1214/1/1279 
f 1232/1/1300 1231/1/1299 1213/1/1278 
f 1216/1/1281 1233/1/1301 1214/1/1279 
f 1233/1/1301 1232/1/1300 1214/1/1279 
f 1217/1/1284 1234/1/1302 1216/1/1281 
f 1234/1/1302 1233/1/1301 1216/1/1281 
f 1003/1/1286 1218/1/1285 1235/1/1303 
f 1003/1/1286 1235/1/1303 1010/1/1304 
f 1218/1/1285 1220/1/1287 1236/1/1305 
f 1218/1/1285 1236/1/1305 1235/1/1303 
f 1220/1/1287 1221/1/1288 1237/1/1306 
f 1220/1/1287 1237/1/1306 1236/1/1305 
f 1221/1/1288 1222/1/1289 1238/1/1307 
f 1221/1/1288 1238/1/1307 1237/1/1306 
f 1222/1/1289 1223/1/1290 1239/1/1308 
f 1222/1/1289 1239/1/1308 1238/1/1307 
f 737/1/771 1240/1/1309 781/1/1310 
f 1223/1/1290 1224/1/1291 1241/1/1311 
f 1223/1/1290 1241/1/1311 1239/1/1308 
f 1224/1/1291 1225/1/1292 1242/1/1312 
f 1224/1/1291 1242/1/1312 1241/1/1311 
f 1225/1/1292 1226/1/1293 1243/1/1313 
f 1225/1/1292 1243/1/1313 1242/1/1312 
f 1226/1/1293 1227/1/1294 1244/1/1314 
f 1226/1/1293 1244/1/1314 1243/1/1313 
f 1245/1/1315 1227/1/1294 1228/1/1296 
f 735/1/769 1084/1/1316 1246/1/1317 
f 1245/1/1315 1244/1/1314 1227/1/1294 
f 1229/1/1297 1247/1/1318 1228/1/1296 
f 1247/1/1318 1245/1/1315 1228/1/1296 
f 1248/1/1319 1231/1/1299 1232/1/1300 
f 1248/1/1319 1249/1/1320 1231/1/1299 
f 1233/1/1301 1250/1/1321 1232/1/1300 
f 1250/1/1321 1248/1/1319 1232/1/1300 
f 1234/1/1302 1251/1/1322 1233/1/1301 
f 1202/1/1323 569/1/1295 615/1/647 
f 1251/1/1322 1250/1/1321 1233/1/1301 
f 1010/1/1304 1235/1/1303 1252/1/1324 
f 1010/1/1304 1252/1/1324 1018/1/1056 
f 1235/1/1303 1236/1/1305 1253/1/1325 
f 1235/1/1303 1253/1/1325 1252/1/1324 
f 1236/1/1305 1237/1/1306 1254/1/1326 
f 1236/1/1305 1254/1/1326 1253/1/1325 
f 1237/1/1306 1238/1/1307 1255/1/1327 
f 1237/1/1306 1255/1/1327 1254/1/1326 
f 1238/1/1307 1239/1/1308 1256/1/1328 
f 1238/1/1307 1256/1/1328 1255/1/1327 
f 1239/1/1308 1241/1/1311 1257/1/1329 
f 1239/1/1308 1257/1/1329 1256/1/1328 
f 1241/1/1311 1242/1/1312 1258/1/1330 
f 1241/1/1311 1258/1/1330 1257/1/1329 
f 1242/1/1312 1243/1/1313 1259/1/1331 
f 1242/1/1312 1259/1/1331 1258/1/1330 
f 1243/1/1313 1244/1/1314 1260/1/1332 
f 1260/1/1332 1259/1/1331 1243/1/1313 
f 1261/1/1333 1244/1/1314 1245/1/1315 
f 1261/1/1333 1260/1/1332 1244/1/1314 
f 1262/1/1334 1245/1/1315 1247/1/1318 
f 1262/1/1334 1261/1/1333 1245/1/1315 
f 1263/1/1335 1247/1/1318 1249/1/1320 
f 1263/1/1335 1262/1/1334 1247/1/1318 
f 1264/1/1336 1249/1/1320 1248/1/1319 
f 1264/1/1336 1263/1/1335 1249/1/1320 
f 1265/1/1337 1248/1/1319 1250/1/1321 
f 1265/1/1337 1264/1/1336 1248/1/1319 
f 1266/1/1338 1250/1/1321 1251/1/1322 
f 1266/1/1338 1265/1/1337 1250/1/1321 
f 1018/1/1056 1252/1/1324 1267/1/1339 
f 1018/1/1056 1267/1/1339 1026/1/1064 
f 1252/1/1324 1253/1/1325 1268/1/1340 
f 1252/1/1324 1268/1/1340 1267/1/1339 
f 1201/1/1341 1269/1/1341 633/1/1342 
f 1253/1/1325 1254/1/1326 1270/1/1343 
f 781/1/1310 1240/1/1309 881/1/1344 
f 1253/1/1325 1270/1/1343 1268/1/1340 
f 1254/1/1326 1255/1/1327 1271/1/1345 
f 1240/1/1309 575/1/607 881/1/1344 
f 1254/1/1326 1271/1/1345 1270/1/1343 
f 1202/1/1346 1272/1/1346 1201/1/1341 
f 1255/1/1327 1256/1/1328 1273/1/1347 
f 1255/1/1327 1273/1/1347 1271/1/1345 
f 1201/1/1341 1272/1/1346 1269/1/1341 
f 1256/1/1328 1257/1/1329 1274/1/1348 
f 1256/1/1328 1274/1/1348 1273/1/1347 
f 1202/1/1346 571/1/602 1272/1/1346 
f 1257/1/1329 1258/1/1330 1275/1/1349 
f 569/1/602 571/1/602 1202/1/1346 
f 1257/1/1329 1275/1/1349 1274/1/1348 
f 1259/1/1331 1276/1/1350 1258/1/1330 
f 1258/1/1330 1276/1/1350 1275/1/1349 
f 1259/1/1331 1260/1/1332 1277/1/1351 
f 1277/1/1351 1276/1/1350 1259/1/1331 
f 1278/1/1352 1260/1/1332 1261/1/1333 
f 1278/1/1352 1277/1/1351 1260/1/1332 
f 1279/1/1353 1261/1/1333 1262/1/1334 
f 1279/1/1353 1278/1/1352 1261/1/1333 
f 881/1/1344 575/1/607 889/1/1354 
f 1280/1/1355 1262/1/1334 1263/1/1335 
f 1280/1/1355 1279/1/1353 1262/1/1334 
f 1281/1/1356 1263/1/1335 1264/1/1336 
f 1281/1/1356 1280/1/1355 1263/1/1335 
f 736/1/1269 1282/1/1357 1206/1/1267 
f 1129/1/1168 1264/1/1336 1265/1/1337 
f 633/1/1342 1283/1/1342 632/1/1357 
f 1129/1/1168 1281/1/1356 1264/1/1336 
f 1130/1/1169 1265/1/1337 1266/1/1338 
f 1130/1/1169 1129/1/1168 1265/1/1337 
f 736/1/1269 632/1/1357 1282/1/1357 
f 632/1/1357 736/1/1269 846/1/1358 
f 632/1/1357 846/1/1358 845/1/1358 
f 1026/1/1064 1267/1/1339 1284/1/1359 
f 1026/1/1064 1284/1/1359 1034/1/1072 
f 632/1/1357 1283/1/1342 1282/1/1357 
f 1268/1/1340 1270/1/1343 1285/1/1360 
f 1268/1/1340 1285/1/1360 1286/1/1361 
f 1204/1/1282 1219/1/1282 1215/1/603 
f 1271/1/1345 1287/1/1362 1270/1/1343 
f 1270/1/1343 1287/1/1362 1285/1/1360 
f 1271/1/1345 1273/1/1347 1288/1/1363 
f 1271/1/1345 1288/1/1363 1287/1/1362 
f 1274/1/1348 1289/1/1364 1273/1/1347 
f 1273/1/1347 1289/1/1364 1288/1/1363 
f 1274/1/1348 1275/1/1349 1290/1/1365 
f 1274/1/1348 1290/1/1365 1289/1/1364 
f 585/1/617 607/1/639 588/1/620 
f 1276/1/1350 1291/1/1366 1275/1/1349 
f 1291/1/1366 1290/1/1365 1275/1/1349 
f 1276/1/1350 1277/1/1351 1292/1/1367 
f 1292/1/1367 1291/1/1366 1276/1/1350 
f 1293/1/1368 1277/1/1351 1278/1/1352 
f 633/1/1342 1269/1/1341 1283/1/1342 
f 1293/1/1368 1292/1/1367 1277/1/1351 
f 1294/1/1369 1278/1/1352 1279/1/1353 
f 605/1/637 607/1/639 585/1/617 
f 1294/1/1369 1293/1/1368 1278/1/1352 
f 617/1/649 1202/1/1323 615/1/647 
f 1295/1/1370 1279/1/1353 1280/1/1355 
f 1295/1/1370 1294/1/1369 1279/1/1353 
f 1296/1/1371 1280/1/1355 1281/1/1356 
f 1296/1/1371 1295/1/1370 1280/1/1355 
f 1079/1/1117 1281/1/1356 1129/1/1168 
f 1079/1/1117 1296/1/1371 1281/1/1356 
f 1034/1/1072 1284/1/1359 1082/1/1120 
f 1034/1/1072 1082/1/1120 1069/1/1107 
f 1284/1/1359 1286/1/1361 1297/1/1372 
f 1284/1/1359 1297/1/1372 1082/1/1120 
f 1286/1/1361 1285/1/1360 1298/1/1373 
f 575/1/607 1103/1/1141 889/1/1354 
f 1286/1/1361 1298/1/1373 1297/1/1372 
f 1287/1/1362 1299/1/1374 1285/1/1360 
f 1285/1/1360 1299/1/1374 1298/1/1373 
f 1287/1/1362 1288/1/1363 1300/1/1375 
f 1287/1/1362 1300/1/1375 1299/1/1374 
f 1289/1/1364 1301/1/1376 1288/1/1363 
f 1288/1/1363 1301/1/1376 1300/1/1375 
f 1289/1/1364 1290/1/1365 1302/1/1377 
f 1289/1/1364 1302/1/1377 1301/1/1376 
f 1303/1/1378 1290/1/1365 1291/1/1366 
f 1303/1/1378 1302/1/1377 1290/1/1365 
f 1304/1/1379 1291/1/1366 1292/1/1367 
f 1304/1/1379 1303/1/1378 1291/1/1366 
f 1305/1/1380 1292/1/1367 1293/1/1368 
f 1305/1/1380 1304/1/1379 1292/1/1367 
f 1306/1/1381 1293/1/1368 1294/1/1369 
f 1306/1/1381 1305/1/1380 1293/1/1368 
f 1307/1/1382 1294/1/1369 1295/1/1370 
f 1307/1/1382 1306/1/1381 1294/1/1369 
f 1308/1/1383 1295/1/1370 1296/1/1371 
f 1308/1/1383 1307/1/1382 1295/1/1370 
f 1081/1/1119 1296/1/1371 1079/1/1117 
f 1081/1/1119 1308/1/1383 1296/1/1371 
f 1082/1/1120 1297/1/1372 634/1/666 
f 1082/1/1120 634/1/666 631/1/663 
f 1297/1/1372 1298/1/1373 634/1/666 
f 1299/1/1374 635/1/667 1298/1/1373 
f 1298/1/1373 635/1/667 634/1/666 
f 904/1/1384 1309/1/1385 1230/1/1298 
f 1299/1/1374 1300/1/1375 635/1/667 
f 1301/1/1376 636/1/668 1300/1/1375 
f 1300/1/1375 636/1/668 635/1/667 
f 1301/1/1376 1302/1/1377 636/1/668 
f 637/1/669 1302/1/1377 1303/1/1378 
f 637/1/669 636/1/668 1302/1/1377 
f 637/1/669 1303/1/1378 1304/1/1379 
f 639/1/671 1304/1/1379 1305/1/1380 
f 639/1/671 637/1/669 1304/1/1379 
f 639/1/671 1305/1/1380 1306/1/1381 
f 641/1/673 1306/1/1381 1307/1/1382 
f 641/1/673 639/1/671 1306/1/1381 
f 643/1/675 1307/1/1382 1308/1/1383 
f 643/1/675 641/1/673 1307/1/1382 
f 643/1/675 1308/1/1383 1081/1/1119 
f 951/1/988 1081/1/1119 1078/1/1116 
f 951/1/988 643/1/675 1081/1/1119 
f 832/1/867 1118/1/1157 997/1/1034 
f 832/1/867 834/1/869 1118/1/1157 
f 997/1/1034 1120/1/1159 998/1/1035 
f 1230/1/1298 912/1/1386 905/1/1387 
f 997/1/1034 1118/1/1157 1120/1/1159 
f 998/1/1035 1122/1/1161 999/1/1036 
f 998/1/1035 1120/1/1159 1122/1/1161 
f 999/1/1036 1124/1/1163 1000/1/1037 
f 999/1/1036 1122/1/1161 1124/1/1163 
f 1000/1/1037 1126/1/1165 1001/1/1038 
f 1000/1/1037 1124/1/1163 1126/1/1165 
f 1001/1/1038 1128/1/1167 1002/1/1039 
f 1001/1/1038 1126/1/1165 1128/1/1167 
f 1002/1/1039 1310/1/1388 1198/1/1237 
f 1002/1/1039 1128/1/1167 1310/1/1388 
f 1198/1/1237 1311/1/1389 1199/1/1238 
f 1198/1/1237 1310/1/1388 1311/1/1389 
f 1199/1/1238 1312/1/1390 1200/1/1239 
f 1199/1/1238 1311/1/1389 1312/1/1390 
f 1200/1/1239 1108/1/1147 1105/1/1144 
f 912/1/1386 1313/1/1391 733/1/767 
f 1312/1/1390 1108/1/1147 1200/1/1239 
f 601/1/633 604/1/636 735/1/769 
f 1126/1/1165 1125/1/1164 1127/1/1166 
f 1128/1/1167 1147/1/1186 1310/1/1388 
f 912/1/1386 733/1/767 699/1/731 
f 1128/1/1167 1127/1/1166 1147/1/1186 
f 1310/1/1388 1149/1/1188 1311/1/1389 
f 1310/1/1388 1147/1/1186 1149/1/1188 
f 1311/1/1389 1152/1/1191 1312/1/1390 
f 1311/1/1389 1149/1/1188 1152/1/1191 
f 1312/1/1390 1154/1/1193 1108/1/1147 
f 1152/1/1191 1154/1/1193 1312/1/1390 
f 1108/1/1147 1156/1/1195 1106/1/1145 
f 1154/1/1193 1156/1/1195 1108/1/1147 
f 1106/1/1145 1158/1/1197 1109/1/1148 
f 1230/1/1298 1313/1/1391 912/1/1386 
f 1156/1/1195 1158/1/1197 1106/1/1145 
f 1109/1/1148 1314/1/1392 1111/1/1150 
f 1158/1/1197 1314/1/1392 1109/1/1148 
f 1111/1/1150 1315/1/1393 1113/1/1152 
f 1111/1/1150 1314/1/1392 1315/1/1393 
f 1113/1/1152 1316/1/1394 1115/1/1154 
f 1315/1/1393 1316/1/1394 1113/1/1152 
f 848/1/883 1317/1/1395 1117/1/1156 
f 848/1/883 767/1/1396 1317/1/1395 
f 1117/1/1156 1318/1/1397 1119/1/1158 
f 1117/1/1156 1317/1/1395 1318/1/1397 
f 1119/1/1158 1319/1/1398 1121/1/1160 
f 1119/1/1158 1318/1/1397 1319/1/1398 
f 579/1/611 614/1/646 583/1/615 
f 1121/1/1160 1320/1/1399 1123/1/1162 
f 1121/1/1160 1319/1/1398 1320/1/1399 
f 1123/1/1162 1321/1/1400 1125/1/1164 
f 579/1/611 616/1/648 614/1/646 
f 1123/1/1162 1320/1/1399 1321/1/1400 
f 1125/1/1164 1322/1/1401 1127/1/1166 
f 1125/1/1164 1321/1/1400 1322/1/1401 
f 1127/1/1166 1150/1/1189 1147/1/1186 
f 1127/1/1166 1322/1/1401 1150/1/1189 
f 1158/1/1197 1323/1/1402 1314/1/1392 
f 1157/1/1196 1323/1/1402 1158/1/1197 
f 1314/1/1392 1324/1/1403 1315/1/1393 
f 1314/1/1392 1323/1/1402 1324/1/1403 
f 1315/1/1393 1325/1/1404 1316/1/1394 
f 1324/1/1403 1325/1/1404 1315/1/1393 
f 767/1/1396 1326/1/1405 1317/1/1395 
f 767/1/1396 770/1/1406 1326/1/1405 
f 1317/1/1395 1327/1/1407 1318/1/1397 
f 1317/1/1395 1326/1/1405 1327/1/1407 
f 1318/1/1397 1328/1/1408 1319/1/1398 
f 1318/1/1397 1327/1/1407 1328/1/1408 
f 1319/1/1398 1329/1/1409 1320/1/1399 
f 1319/1/1398 1328/1/1408 1329/1/1409 
f 1320/1/1399 1330/1/1410 1321/1/1400 
f 1320/1/1399 1329/1/1409 1330/1/1410 
f 1321/1/1400 1331/1/1411 1322/1/1401 
f 1321/1/1400 1330/1/1410 1331/1/1411 
f 1322/1/1401 1332/1/1412 1150/1/1189 
f 1322/1/1401 1331/1/1411 1332/1/1412 
f 1150/1/1189 1333/1/1413 1148/1/1187 
f 1150/1/1189 1332/1/1412 1333/1/1413 
f 587/1/619 605/1/637 585/1/617 
f 1148/1/1187 1334/1/1414 1151/1/1190 
f 1148/1/1187 1333/1/1413 1334/1/1414 
f 1151/1/1190 1335/1/1415 1153/1/1192 
f 1334/1/1414 1335/1/1415 1151/1/1190 
f 1153/1/1192 1336/1/1416 1155/1/1194 
f 1153/1/1192 1335/1/1415 1336/1/1416 
f 1157/1/1196 1337/1/1417 1323/1/1402 
f 1157/1/1196 1338/1/1418 1337/1/1417 
f 1323/1/1402 1339/1/1419 1324/1/1403 
f 1323/1/1402 1337/1/1417 1339/1/1419 
f 1324/1/1403 1340/1/1420 1325/1/1404 
f 1339/1/1419 1340/1/1420 1324/1/1403 
f 770/1/1406 1341/1/1421 1326/1/1405 
f 770/1/1406 858/1/894 1341/1/1421 
f 1326/1/1405 1342/1/1422 1327/1/1407 
f 1326/1/1405 1341/1/1421 1342/1/1422 
f 1327/1/1407 1343/1/1423 1328/1/1408 
f 612/1/644 605/1/637 587/1/619 
f 1327/1/1407 1342/1/1422 1343/1/1423 
f 1328/1/1408 1344/1/1424 1329/1/1409 
f 1328/1/1408 1343/1/1423 1344/1/1424 
f 1329/1/1409 1345/1/1425 1330/1/1410 
f 1329/1/1409 1344/1/1424 1345/1/1425 
f 1330/1/1410 1346/1/1426 1331/1/1411 
f 1330/1/1410 1345/1/1425 1346/1/1426 
f 1331/1/1411 1347/1/1427 1332/1/1412 
f 1331/1/1411 1346/1/1426 1347/1/1427 
f 1332/1/1412 1348/1/1428 1333/1/1413 
f 1332/1/1412 1347/1/1427 1348/1/1428 
f 1333/1/1413 1349/1/1429 1334/1/1414 
f 1333/1/1413 1348/1/1428 1349/1/1429 
f 1334/1/1414 1350/1/1430 1335/1/1415 
f 1334/1/1414 1349/1/1429 1350/1/1430 
f 1335/1/1415 1351/1/1431 1336/1/1416 
f 1335/1/1415 1350/1/1430 1351/1/1431 
f 1336/1/1416 1352/1/1432 1338/1/1418 
f 1336/1/1416 1351/1/1431 1352/1/1432 
f 1338/1/1418 1353/1/1433 1337/1/1417 
f 1338/1/1418 1352/1/1432 1353/1/1433 
f 1337/1/1417 1354/1/1434 1339/1/1419 
f 1337/1/1417 1353/1/1433 1354/1/1434 
f 1339/1/1419 1355/1/1435 1340/1/1420 
f 1339/1/1419 1354/1/1434 1355/1/1435 
f 858/1/894 1356/1/1436 1341/1/1421 
f 858/1/894 883/1/920 1356/1/1436 
f 1341/1/1421 1357/1/1437 1342/1/1422 
f 1341/1/1421 1356/1/1436 1357/1/1437 
f 1342/1/1422 1358/1/1438 1343/1/1423 
f 1342/1/1422 1357/1/1437 1358/1/1438 
f 1343/1/1423 1359/1/1439 1344/1/1424 
f 1343/1/1423 1358/1/1438 1359/1/1439 
f 1344/1/1424 1360/1/1440 1345/1/1425 
f 1344/1/1424 1359/1/1439 1360/1/1440 
f 1345/1/1425 1361/1/1441 1346/1/1426 
f 1345/1/1425 1360/1/1440 1361/1/1441 
f 1346/1/1426 1362/1/1442 1347/1/1427 
f 1346/1/1426 1361/1/1441 1362/1/1442 
f 1348/1/1428 1347/1/1427 1363/1/1443 
f 1347/1/1427 1362/1/1442 1363/1/1443 
f 1348/1/1428 1364/1/1444 1349/1/1429 
f 1348/1/1428 1363/1/1443 1364/1/1444 
f 1349/1/1429 1365/1/1445 1350/1/1430 
f 1349/1/1429 1364/1/1444 1365/1/1445 
f 1350/1/1430 1366/1/1446 1351/1/1431 
f 1350/1/1430 1365/1/1445 1366/1/1446 
f 1351/1/1431 1367/1/1447 1352/1/1432 
f 1351/1/1431 1366/1/1446 1367/1/1447 
f 1352/1/1432 1368/1/1448 1353/1/1433 
f 1352/1/1432 1367/1/1447 1368/1/1448 
f 1353/1/1433 1369/1/1449 1354/1/1434 
f 583/1/615 612/1/644 587/1/619 
f 1353/1/1433 1368/1/1448 1369/1/1449 
f 1354/1/1434 1370/1/1450 1355/1/1435 
f 1354/1/1434 1369/1/1449 1370/1/1450 
f 883/1/920 1371/1/1451 1356/1/1436 
f 883/1/920 891/1/928 1371/1/1451 
f 1357/1/1437 1372/1/1452 1358/1/1438 
f 1357/1/1437 1373/1/1453 1372/1/1452 
f 614/1/646 612/1/644 583/1/615 
f 1359/1/1439 1358/1/1438 1374/1/1454 
f 1358/1/1438 1372/1/1452 1374/1/1454 
f 1359/1/1439 1375/1/1455 1360/1/1440 
f 1359/1/1439 1374/1/1454 1375/1/1455 
f 1361/1/1441 1360/1/1440 1376/1/1456 
f 1360/1/1440 1375/1/1455 1376/1/1456 
f 1361/1/1441 1377/1/1457 1362/1/1442 
f 1073/1/1257 1074/1/1458 735/1/769 
f 1361/1/1441 1376/1/1456 1377/1/1457 
f 1363/1/1443 1362/1/1442 1378/1/1459 
f 1362/1/1442 1377/1/1457 1378/1/1459 
f 1363/1/1443 1379/1/1460 1364/1/1444 
f 1363/1/1443 1378/1/1459 1379/1/1460 
f 1364/1/1444 1380/1/1461 1365/1/1445 
f 1364/1/1444 1379/1/1460 1380/1/1461 
f 1215/1/603 1219/1/1282 570/1/603 
f 1365/1/1445 1381/1/1462 1366/1/1446 
f 1365/1/1445 1380/1/1461 1381/1/1462 
f 1366/1/1446 1382/1/1463 1367/1/1447 
f 1366/1/1446 1381/1/1462 1382/1/1463 
f 1367/1/1447 1383/1/1464 1368/1/1448 
f 1357/1/1437 1371/1/1451 1373/1/1453 
f 1367/1/1447 1382/1/1463 1383/1/1464 
f 1368/1/1448 1384/1/1465 1369/1/1449 
f 1368/1/1448 1383/1/1464 1384/1/1465 
f 1369/1/1449 1385/1/1466 1370/1/1450 
f 904/1/1384 1230/1/1298 905/1/1387 
f 1369/1/1449 1384/1/1465 1385/1/1466 
f 891/1/928 1386/1/1467 1371/1/1451 
f 891/1/928 896/1/933 1386/1/1467 
f 1371/1/1451 1387/1/1468 1373/1/1453 
f 1371/1/1451 1386/1/1467 1387/1/1468 
f 1373/1/1453 1388/1/1469 1372/1/1452 
f 1373/1/1453 1387/1/1468 1388/1/1469 
f 1374/1/1454 1372/1/1452 1389/1/1470 
f 1372/1/1452 1388/1/1469 1389/1/1470 
f 1374/1/1454 1390/1/1471 1375/1/1455 
f 1374/1/1454 1389/1/1470 1390/1/1471 
f 1376/1/1456 1375/1/1455 1391/1/1472 
f 1375/1/1455 1390/1/1471 1391/1/1472 
f 1376/1/1456 1392/1/1473 1377/1/1457 
f 1376/1/1456 1391/1/1472 1392/1/1473 
f 1377/1/1457 1393/1/1474 1378/1/1459 
f 1377/1/1457 1392/1/1473 1393/1/1474 
f 1378/1/1459 1394/1/1475 1379/1/1460 
f 1378/1/1459 1393/1/1474 1394/1/1475 
f 1379/1/1460 1395/1/1476 1380/1/1461 
f 1379/1/1460 1394/1/1475 1395/1/1476 
f 1380/1/1461 1396/1/1477 1381/1/1462 
f 1380/1/1461 1395/1/1476 1396/1/1477 
f 1381/1/1462 1397/1/1478 1382/1/1463 
f 1381/1/1462 1396/1/1477 1397/1/1478 
f 1382/1/1463 1398/1/1479 1383/1/1464 
f 1382/1/1463 1397/1/1478 1398/1/1479 
f 1383/1/1464 1399/1/1480 1384/1/1465 
f 1383/1/1464 1398/1/1479 1399/1/1480 
f 1384/1/1465 1400/1/1481 1385/1/1466 
f 1384/1/1465 1399/1/1480 1400/1/1481 
f 896/1/933 698/1/730 1386/1/1467 
f 1386/1/1467 701/1/733 1387/1/1468 
f 1386/1/1467 698/1/730 701/1/733 
f 1387/1/1468 701/1/733 1388/1/1469 
f 1389/1/1470 1388/1/1469 702/1/734 
f 1388/1/1469 701/1/733 702/1/734 
f 1389/1/1470 702/1/734 1390/1/1471 
f 1391/1/1472 1390/1/1471 705/1/737 
f 1390/1/1471 702/1/734 705/1/737 
f 1391/1/1472 705/1/737 1392/1/1473 
f 1392/1/1473 707/1/739 1393/1/1474 
f 1392/1/1473 705/1/737 707/1/739 
f 1393/1/1474 707/1/739 1394/1/1475 
f 1394/1/1475 709/1/741 1395/1/1476 
f 1394/1/1475 707/1/739 709/1/741 
f 1395/1/1476 709/1/741 1396/1/1477 
f 1396/1/1477 711/1/743 1397/1/1478 
f 1396/1/1477 709/1/741 711/1/743 
f 1397/1/1478 644/1/676 1398/1/1479 
f 1397/1/1478 711/1/743 644/1/676 
f 1398/1/1479 644/1/676 1399/1/1480 
f 1399/1/1480 712/1/744 1400/1/1481 
f 1399/1/1480 644/1/676 712/1/744 
f 738/1/772 737/1/771 781/1/1310 
f 889/1/1354 1103/1/1141 904/1/1384 
f 1103/1/1141 1309/1/1385 904/1/1384 
f 1336/1/1416 1157/1/1196 1155/1/1194 
f 1268/1/1340 1286/1/1361 1284/1/1359 
f 735/1/769 1074/1/1458 1084/1/1316 
f 1103/1/1141 575/1/607 577/1/609 
f 1267/1/1339 1268/1/1340 1284/1/1359 
f 1356/1/1436 1371/1/1451 1357/1/1437 
f 585/1/617 589/1/621 586/1/618 
f 583/1/615 670/1/702 584/1/616 
f 1215/1/1482 967/1/1482 1204/1/1250 
f 607/1/639 1246/1/1317 588/1/620 
f 1035/1/1073 1027/1/1065 1025/1/1063 
f 621/1/653 633/1/665 620/1/652 
f 1073/1/1257 735/1/769 734/1/768 
f 1240/1/1309 737/1/771 625/1/657 
f 737/1/771 736/1/770 626/1/658 
f 1249/1/1320 1247/1/1318 1229/1/1297 
f 1249/1/1320 1229/1/1297 1231/1/1299 
f 1240/1/1309 625/1/657 576/1/608 
f 601/1/633 735/1/769 1246/1/1317 
f 1336/1/1416 1338/1/1418 1157/1/1196 
f 1064/1/1102 1027/1/1065 1035/1/1073 
f 967/1/1482 826/1/1251 1204/1/1250 
f 889/1/926 904/1/941 888/1/925 
f 575/1/607 1240/1/1309 576/1/608 
f 604/1/636 1205/1/1256 734/1/768 
f 888/1/925 904/1/941 754/1/788 
f 1309/1/1385 628/1/660 1230/1/1298 
f 733/1/767 1313/1/1391 624/1/656 
f 1309/1/1385 1103/1/1141 628/1/660 
f 603/1/635 1203/1/1249 1205/1/1256 
f 582/1/614 573/1/605 572/1/604 
f 1131/1/1246 967/1/1482 1215/1/1482 
f 569/1/1246 1131/1/1246 1215/1/1482 
f 720/1/752 722/1/754 721/1/753 
f 611/1/643 598/1/630 608/1/640 
f 606/1/638 1104/1/1143 1203/1/1249 
f 609/1/641 1104/1/1143 606/1/638 
f 608/1/640 600/1/632 609/1/641 
f 633/1/1483 1170/1/1244 1201/1/1244 
f 609/1/641 600/1/632 1104/1/1143 
f 1180/1/1483 1170/1/1244 633/1/1483 
f 1084/1/1316 630/1/662 588/1/620 
f 1201/1/1240 1202/1/1323 619/1/651 
f 619/1/651 1202/1/1323 617/1/649 
f 606/1/638 1203/1/1249 603/1/635 
f 737/1/771 626/1/658 625/1/657 
f 1215/1/603 570/1/603 569/1/602 
f 602/1/634 601/1/633 1246/1/1317 
f 721/1/753 722/1/754 724/1/756 
f 996/1/1242 1180/1/1483 632/1/1243 
f 574/1/606 616/1/648 579/1/611 
f 632/1/1243 1180/1/1483 633/1/1483 
f 572/1/604 650/1/682 581/1/613 
f 884/1/921 893/1/930 892/1/929 
f 587/1/619 586/1/618 670/1/702 
f 579/1/611 683/1/715 580/1/612 
f 579/1/611 584/1/616 683/1/715 
f 588/1/620 630/1/662 589/1/621 
f 587/1/619 670/1/702 583/1/615 
f 603/1/635 1205/1/1256 604/1/636 
f 1032/1/1070 1031/1/1069 1073/1/1111 
f 624/1/656 582/1/614 581/1/613 
f 882/1/919 884/1/921 892/1/929 
f 1031/1/1069 1067/1/1105 1073/1/1111 
f 1313/1/1391 627/1/659 622/1/654 
f 1230/1/1298 627/1/659 1313/1/1391 
f 602/1/634 1246/1/1317 607/1/639 
f 608/1/640 598/1/630 600/1/632 
f 736/1/770 623/1/655 626/1/658 
f 574/1/606 618/1/650 616/1/648 
f 573/1/605 618/1/650 574/1/606 
f 1313/1/1391 622/1/654 624/1/656 
f 1084/1/1316 588/1/620 1246/1/1317 
f 733/1/767 624/1/656 581/1/613 
usemtl Material__60
f 1401/1/1484 1402/1/1485 1403/1/1486 1404/1/1487 
f 1405/1/1488 1406/1/1489 1407/1/1490 1408/1/1491 
f 1409/1/1492 1410/1/1493 1411/1/1494 1412/1/1495 
f 1413/1/1496 1414/1/1497 1415/1/1498 1416/1/1499 
f 1417/1/1500 1418/1/1501 1419/1/1502 1420/1/1503 
f 1421/1/1504 1422/1/1500 1423/1/1500 1424/1/1504 
f 1422/1/1500 1421/1/1504 1425/1/1505 
f 1426/1/1506 1427/1/1507 1428/1/1508 1429/1/1509 
f 1428/1/1508 1430/1/1510 1431/1/1511 1432/1/1512 
f 1433/1/1513 1434/1/1514 1435/1/1515 1436/1/1516 
f 1437/1/1517 1438/1/1518 1439/1/1519 1440/1/1520 
f 1441/1/1521 1442/1/1522 1443/1/1523 1444/1/1524 
f 1443/1/1523 1445/1/1525 1446/1/1526 1447/1/1527 
f 1447/1/1527 1446/1/1526 1448/1/1528 1449/1/1529 
f 1450/1/1530 1451/1/1531 1452/1/1532 1453/1/1533 
f 1454/1/1534 1455/1/1535 1456/1/1536 1457/1/1537 
f 1410/1/1493 1458/1/1538 1459/1/1539 1411/1/1494 
f 1449/1/1529 1448/1/1528 1460/1/1540 1461/1/1541 
f 1461/1/1541 1460/1/1540 1462/1/1542 1463/1/1543 
f 1464/1/1544 1465/1/1545 1466/1/1546 1467/1/1547 
f 1468/1/1548 1469/1/1549 1470/1/1550 1471/1/1551 
f 1471/1/1551 1470/1/1550 1472/1/1552 1473/1/1553 
f 1473/1/1553 1472/1/1552 1474/1/1554 1475/1/1555 
f 1475/1/1555 1474/1/1554 1476/1/1556 1477/1/1557 
f 1477/1/1557 1476/1/1556 1478/1/1558 1450/1/1530 
f 1450/1/1530 1478/1/1558 1479/1/1559 1451/1/1531 
f 1463/1/1543 1462/1/1542 1469/1/1549 1468/1/1548 
f 1479/1/1559 1480/1/1560 1481/1/1561 1451/1/1531 
f 1482/1/1562 1483/1/1563 1484/1/1564 1485/1/1565 
f 1480/1/1560 1486/1/1566 1487/1/1567 1481/1/1561 
f 1486/1/1566 1488/1/1568 1489/1/1569 1487/1/1567 
f 1490/1/1570 1491/1/1571 1492/1/1572 1426/1/1506 
f 1426/1/1506 1492/1/1572 1493/1/1573 1427/1/1507 
f 1427/1/1507 1493/1/1573 1494/1/1574 1495/1/1575 
f 1495/1/1575 1494/1/1574 1496/1/1576 1455/1/1535 
f 1455/1/1535 1496/1/1576 1497/1/1577 1456/1/1536 
f 1498/1/1578 1499/1/1579 1500/1/1580 1501/1/1581 
f 1438/1/1518 1502/1/1582 1503/1/1583 1439/1/1519 
f 1439/1/1519 1503/1/1583 1504/1/1584 1505/1/1585 
f 1505/1/1585 1504/1/1584 1506/1/1586 1507/1/1587 
f 1508/1/1588 1509/1/1589 1510/1/1590 1511/1/1591 
f 1507/1/1587 1506/1/1586 1512/1/1592 1513/1/1593 
f 1514/1/1594 1515/1/1595 1516/1/1596 1517/1/1597 
f 1456/1/1536 1497/1/1577 1502/1/1582 1438/1/1518 
f 1513/1/1593 1512/1/1592 1518/1/1598 1442/1/1522 
f 1442/1/1522 1518/1/1598 1445/1/1525 1443/1/1523 
f 1445/1/1525 1519/1/1599 1520/1/1600 1446/1/1526 
f 1446/1/1526 1520/1/1600 1521/1/1601 1448/1/1528 
f 1448/1/1528 1521/1/1601 1522/1/1602 1460/1/1540 
f 1460/1/1540 1522/1/1602 1523/1/1603 1462/1/1542 
f 1462/1/1542 1523/1/1603 1524/1/1604 1469/1/1549 
f 1469/1/1549 1524/1/1604 1525/1/1605 1470/1/1550 
f 1470/1/1550 1525/1/1605 1526/1/1606 1472/1/1552 
f 1472/1/1552 1526/1/1606 1527/1/1607 1474/1/1554 
f 1476/1/1556 1528/1/1608 1529/1/1609 1478/1/1558 
f 1530/1/1610 1531/1/1611 1441/1/1521 1532/1/1612 
f 1533/1/1613 1534/1/1614 1535/1/1615 1536/1/1616 
f 1537/1/1617 1538/1/1618 1480/1/1560 1479/1/1559 
f 1538/1/1618 1539/1/1619 1486/1/1566 1480/1/1560 
f 1539/1/1619 1540/1/1620 1488/1/1568 1486/1/1566 
f 1491/1/1571 1541/1/1621 1542/1/1622 1492/1/1572 
f 1492/1/1572 1542/1/1622 1543/1/1623 1493/1/1573 
f 1493/1/1573 1543/1/1623 1544/1/1624 1494/1/1574 
f 1478/1/1558 1529/1/1609 1537/1/1617 1479/1/1559 
f 1494/1/1574 1544/1/1624 1545/1/1625 1496/1/1576 
f 1496/1/1576 1545/1/1625 1546/1/1626 1497/1/1577 
f 1497/1/1577 1546/1/1626 1547/1/1627 1502/1/1582 
f 1502/1/1582 1547/1/1627 1548/1/1628 1503/1/1583 
f 1503/1/1583 1548/1/1628 1549/1/1629 1504/1/1584 
f 1504/1/1584 1549/1/1629 1550/1/1630 1506/1/1586 
f 1506/1/1586 1550/1/1630 1551/1/1631 1512/1/1592 
f 1512/1/1592 1551/1/1631 1552/1/1632 1518/1/1598 
f 1518/1/1598 1552/1/1632 1519/1/1599 1445/1/1525 
f 1519/1/1599 1553/1/1633 1554/1/1634 1520/1/1600 
f 1520/1/1600 1554/1/1634 1555/1/1635 1521/1/1601 
f 1521/1/1601 1555/1/1635 1556/1/1636 1522/1/1602 
f 1522/1/1602 1556/1/1636 1557/1/1637 1523/1/1603 
f 1523/1/1603 1557/1/1637 1558/1/1638 1524/1/1604 
f 1524/1/1604 1558/1/1638 1559/1/1639 1525/1/1605 
f 1525/1/1605 1559/1/1639 1560/1/1640 1526/1/1606 
f 1526/1/1606 1560/1/1640 1561/1/1641 1527/1/1607 
f 1527/1/1607 1561/1/1641 1562/1/1642 1528/1/1608 
f 1528/1/1608 1562/1/1642 1563/1/1643 1529/1/1609 
f 1529/1/1609 1563/1/1643 1564/1/1644 1537/1/1617 
f 1564/1/1644 1565/1/1645 1538/1/1618 1537/1/1617 
f 1565/1/1645 1566/1/1646 1539/1/1619 1538/1/1618 
f 1566/1/1646 1567/1/1647 1540/1/1620 1539/1/1619 
f 1541/1/1621 1568/1/1648 1569/1/1649 1542/1/1622 
f 1542/1/1622 1569/1/1649 1570/1/1650 1543/1/1623 
f 1543/1/1623 1570/1/1650 1571/1/1651 1544/1/1624 
f 1544/1/1624 1571/1/1651 1572/1/1652 1545/1/1625 
f 1545/1/1625 1572/1/1652 1573/1/1653 1546/1/1626 
f 1546/1/1626 1573/1/1653 1574/1/1654 1547/1/1627 
f 1547/1/1627 1574/1/1654 1575/1/1655 1548/1/1628 
f 1548/1/1628 1575/1/1655 1576/1/1656 1549/1/1629 
f 1577/1/1657 1429/1/1509 1578/1/1658 1579/1/1659 
f 1550/1/1630 1580/1/1660 1581/1/1661 1551/1/1631 
f 1551/1/1631 1581/1/1661 1582/1/1662 1552/1/1632 
f 1552/1/1632 1582/1/1662 1553/1/1633 1519/1/1599 
f 1583/1/1663 1584/1/1664 1554/1/1634 1553/1/1633 
f 1584/1/1664 1585/1/1665 1555/1/1635 1554/1/1634 
f 1585/1/1665 1586/1/1666 1556/1/1636 1555/1/1635 
f 1556/1/1636 1586/1/1666 1587/1/1667 1557/1/1637 
f 1557/1/1637 1587/1/1667 1588/1/1668 1558/1/1638 
f 1558/1/1638 1588/1/1668 1589/1/1669 1559/1/1639 
f 1559/1/1639 1589/1/1669 1590/1/1670 1560/1/1640 
f 1560/1/1640 1590/1/1670 1591/1/1671 1561/1/1641 
f 1592/1/1672 1593/1/1673 1594/1/1674 1458/1/1538 
f 1561/1/1641 1591/1/1671 1595/1/1675 1562/1/1642 
f 1562/1/1642 1595/1/1675 1596/1/1676 1563/1/1643 
f 1563/1/1643 1596/1/1676 1597/1/1677 1564/1/1644 
f 1564/1/1644 1597/1/1677 1598/1/1678 1565/1/1645 
f 1565/1/1645 1598/1/1678 1599/1/1679 1566/1/1646 
f 1566/1/1646 1599/1/1679 1600/1/1680 1567/1/1647 
f 1569/1/1649 1601/1/1681 1602/1/1682 1570/1/1650 
f 1570/1/1650 1602/1/1682 1603/1/1683 1571/1/1651 
f 1571/1/1651 1603/1/1683 1604/1/1684 1572/1/1652 
f 1604/1/1684 1605/1/1685 1573/1/1653 1572/1/1652 
f 1605/1/1685 1606/1/1686 1574/1/1654 1573/1/1653 
f 1606/1/1686 1607/1/1687 1575/1/1655 1574/1/1654 
f 1607/1/1687 1608/1/1688 1576/1/1656 1575/1/1655 
f 1608/1/1688 1609/1/1689 1580/1/1660 1576/1/1656 
f 1609/1/1689 1610/1/1690 1581/1/1661 1580/1/1660 
f 1610/1/1690 1611/1/1691 1582/1/1662 1581/1/1661 
f 1611/1/1691 1583/1/1663 1553/1/1633 1582/1/1662 
f 1612/1/1692 1613/1/1693 1584/1/1664 1583/1/1663 
f 1613/1/1693 1614/1/1694 1585/1/1665 1584/1/1664 
f 1614/1/1694 1536/1/1616 1586/1/1666 1585/1/1665 
f 1586/1/1666 1536/1/1616 1535/1/1615 1587/1/1667 
f 1587/1/1667 1535/1/1615 1615/1/1695 1588/1/1668 
f 1588/1/1668 1615/1/1695 1616/1/1696 1589/1/1669 
f 1474/1/1554 1527/1/1607 1528/1/1608 1476/1/1556 
f 1589/1/1669 1616/1/1696 1617/1/1697 1590/1/1670 
f 1590/1/1670 1617/1/1697 1618/1/1698 1591/1/1671 
f 1591/1/1671 1618/1/1698 1619/1/1699 1595/1/1675 
f 1595/1/1675 1619/1/1699 1620/1/1700 1596/1/1676 
f 1596/1/1676 1620/1/1700 1621/1/1701 1597/1/1677 
f 1597/1/1677 1621/1/1701 1622/1/1702 1598/1/1678 
f 1598/1/1678 1622/1/1702 1514/1/1594 1599/1/1679 
f 1599/1/1679 1514/1/1594 1517/1/1597 1600/1/1680 
f 1623/1/1703 1409/1/1492 1412/1/1495 1624/1/1704 
f 1625/1/1705 1440/1/1520 1626/1/1706 1627/1/1707 
f 1628/1/1708 1629/1/1709 1508/1/1588 1601/1/1681 
f 1601/1/1681 1508/1/1588 1511/1/1591 1602/1/1682 
f 1602/1/1682 1511/1/1591 1630/1/1710 1603/1/1683 
f 1603/1/1683 1630/1/1710 1631/1/1711 1604/1/1684 
f 1631/1/1711 1632/1/1712 1605/1/1685 1604/1/1684 
f 1632/1/1712 1633/1/1713 1606/1/1686 1605/1/1685 
f 1633/1/1713 1634/1/1714 1607/1/1687 1606/1/1686 
f 1634/1/1714 1635/1/1715 1608/1/1688 1607/1/1687 
f 1635/1/1715 1636/1/1716 1609/1/1689 1608/1/1688 
f 1636/1/1716 1637/1/1717 1610/1/1690 1609/1/1689 
f 1637/1/1717 1638/1/1718 1611/1/1691 1610/1/1690 
f 1638/1/1718 1612/1/1692 1583/1/1663 1611/1/1691 
f 1639/1/1719 1640/1/1720 1613/1/1693 1612/1/1692 
f 1640/1/1720 1641/1/1721 1614/1/1694 1613/1/1693 
f 1641/1/1721 1533/1/1613 1536/1/1616 1614/1/1694 
f 1535/1/1615 1534/1/1614 1642/1/1722 1615/1/1695 
f 1615/1/1695 1642/1/1722 1643/1/1723 1616/1/1696 
f 1616/1/1696 1643/1/1723 1644/1/1724 1617/1/1697 
f 1617/1/1697 1644/1/1724 1645/1/1725 1618/1/1698 
f 1618/1/1698 1645/1/1725 1646/1/1726 1619/1/1699 
f 1619/1/1699 1646/1/1726 1647/1/1727 1620/1/1700 
f 1620/1/1700 1647/1/1727 1648/1/1728 1621/1/1701 
f 1621/1/1701 1648/1/1728 1649/1/1729 1622/1/1702 
f 1629/1/1709 1650/1/1730 1509/1/1589 1508/1/1588 
f 1651/1/1731 1498/1/1578 1501/1/1581 1652/1/1732 
f 1653/1/1733 1654/1/1734 1655/1/1735 1656/1/1736 
f 1657/1/1737 1658/1/1738 1659/1/1739 1660/1/1740 
f 1661/1/1741 1662/1/1742 1663/1/1743 1664/1/1744 
f 1665/1/1745 1461/1/1541 1463/1/1543 1666/1/1746 
f 1422/1/1500 1667/1/1501 1668/1/1501 1423/1/1500 
f 1669/1/1747 1670/1/1747 1671/1/1747 1672/1/1747 
f 1671/1/1747 1670/1/1747 1673/1/1747 1674/1/1747 
f 1674/1/1747 1673/1/1747 1675/1/1747 1676/1/1747 
f 1676/1/1747 1675/1/1747 1677/1/1747 1678/1/1747 
f 1678/1/1747 1677/1/1747 1679/1/1747 1680/1/1747 
f 1680/1/1747 1679/1/1747 1681/1/1747 1682/1/1747 
f 1682/1/1747 1681/1/1747 1683/1/1747 1684/1/1747 
f 1684/1/1747 1683/1/1747 1685/1/1747 1686/1/1747 
f 1686/1/1747 1685/1/1747 1687/1/1747 1688/1/1747 
f 1688/1/1747 1687/1/1747 1689/1/1747 1690/1/1747 
f 1690/1/1747 1689/1/1747 1691/1/1747 1692/1/1747 
f 1693/1/1748 1694/1/1749 1665/1/1745 1695/1/1750 
f 1696/1/1751 1697/1/1752 1698/1/1753 1699/1/1754 
f 1700/1/1606 1701/1/1640 1568/1/1640 1541/1/1606 
f 1701/1/1640 1700/1/1606 1702/1/1755 
f 1703/1/1756 1704/1/1757 1705/1/1758 1706/1/1759 
f 1707/1/1760 1708/1/1761 1625/1/1705 1709/1/1762 
f 1710/1/1552 1700/1/1606 1541/1/1606 1491/1/1552 
f 1700/1/1606 1710/1/1552 1711/1/1763 
f 1712/1/1553 1710/1/1552 1491/1/1552 1490/1/1553 
f 1713/1/1764 1490/1/1553 1577/1/1765 1714/1/1765 
f 1490/1/1553 1713/1/1764 1712/1/1553 
f 1715/1/1766 1716/1/1767 1717/1/1768 1718/1/1769 
f 1719/1/1770 1720/1/1771 1721/1/1772 1722/1/1773 
f 1723/1/1774 1724/1/1775 1725/1/1776 1716/1/1767 
f 1578/1/1658 1432/1/1512 1726/1/1777 1727/1/1778 
f 1728/1/1779 1577/1/1765 1579/1/1780 1729/1/1780 
f 1577/1/1765 1728/1/1779 1714/1/1765 
f 1729/1/1780 1579/1/1780 1730/1/1741 1731/1/1741 
f 1732/1/1781 1730/1/1741 1733/1/1744 1734/1/1744 
f 1730/1/1741 1732/1/1781 1731/1/1741 
f 1735/1/1782 1733/1/1744 1736/1/1783 1737/1/1783 
f 1733/1/1744 1735/1/1782 1734/1/1744 
f 1737/1/1783 1736/1/1783 1738/1/1784 1739/1/1784 
f 1740/1/1785 1739/1/1784 1738/1/1784 1741/1/1785 
f 1739/1/1784 1740/1/1785 1742/1/1786 
f 1667/1/1501 1740/1/1785 1741/1/1785 1668/1/1501 
f 1740/1/1785 1667/1/1501 1743/1/1787 
f 1744/1/1670 1745/1/1697 1629/1/1697 1628/1/1670 
f 1745/1/1697 1744/1/1670 1746/1/1788 
f 1701/1/1640 1744/1/1670 1628/1/1670 1568/1/1640 
f 1430/1/1510 1495/1/1575 1455/1/1535 1454/1/1534 
f 1747/1/1789 1748/1/1790 1749/1/1791 1750/1/1792 
f 1579/1/1659 1578/1/1658 1727/1/1778 1730/1/1793 
f 1663/1/1743 1751/1/1794 1752/1/1795 1753/1/1796 
f 1754/1/1797 1747/1/1789 1750/1/1792 1755/1/1798 
f 1708/1/1761 1437/1/1517 1440/1/1520 1625/1/1705 
f 1709/1/1762 1625/1/1705 1627/1/1707 1756/1/1799 
f 1757/1/1800 1758/1/1801 1759/1/1802 1760/1/1803 
f 1761/1/1804 1762/1/1805 1404/1/1487 1763/1/1806 
f 1431/1/1511 1758/1/1801 1757/1/1800 1764/1/1807 
f 1765/1/1808 1766/1/1809 1767/1/1810 1768/1/1811 
f 1769/1/1812 1770/1/1813 1771/1/1814 1772/1/1815 
f 1720/1/1771 1773/1/1816 1718/1/1769 1721/1/1772 
f 1774/1/1817 1775/1/1818 1776/1/1819 1777/1/1820 
f 1778/1/1821 1779/1/1822 1780/1/1823 1781/1/1824 
f 1782/1/1825 1765/1/1808 1768/1/1811 1783/1/1826 
f 1402/1/1485 1784/1/1827 1785/1/1828 1403/1/1486 
f 1786/1/1829 1787/1/1830 1788/1/1831 1789/1/1832 
f 1790/1/1833 1791/1/1834 1792/1/1835 1793/1/1836 
f 1549/1/1629 1576/1/1656 1580/1/1660 1550/1/1630 
f 1531/1/1611 1513/1/1593 1442/1/1522 1441/1/1521 
f 1751/1/1794 1794/1/1837 1795/1/1838 1752/1/1795 
f 1796/1/1839 1797/1/1840 1798/1/1841 1799/1/1842 
f 1778/1/1821 1782/1/1825 1783/1/1826 1779/1/1822 
f 1800/1/1843 1801/1/1844 1530/1/1610 1802/1/1845 
f 1791/1/1834 1803/1/1846 1804/1/1847 1792/1/1835 
f 1720/1/1771 1805/1/1848 1806/1/1849 1773/1/1816 
f 1807/1/1850 1808/1/1851 1809/1/1852 1805/1/1848 
f 1468/1/1548 1471/1/1551 1724/1/1775 1723/1/1774 
f 1810/1/1853 1811/1/1854 1812/1/1855 1813/1/1856 
f 1781/1/1824 1780/1/1823 1814/1/1857 1815/1/1858 
f 1815/1/1858 1814/1/1857 1816/1/1784 1817/1/1785 
f 1716/1/1767 1725/1/1776 1818/1/1859 1717/1/1768 
f 1819/1/1860 1818/1/1859 1661/1/1741 1664/1/1744 
f 1817/1/1785 1816/1/1784 1820/1/1861 1821/1/1862 
f 1706/1/1759 1705/1/1758 1822/1/1863 1823/1/1864 
f 1722/1/1773 1721/1/1772 1824/1/1865 1825/1/1866 
f 1651/1/1731 1652/1/1732 1826/1/1867 1827/1/1868 
f 1759/1/1802 1457/1/1537 1437/1/1517 1708/1/1761 
f 1821/1/1862 1820/1/1861 1828/1/1869 1829/1/1870 
f 1768/1/1811 1767/1/1810 1808/1/1851 1807/1/1850 
f 1430/1/1510 1454/1/1534 1758/1/1801 1431/1/1511 
f 1829/1/1870 1828/1/1869 1830/1/1871 1831/1/1872 
f 1758/1/1801 1454/1/1534 1457/1/1537 1759/1/1802 
f 1832/1/1873 1833/1/1874 1831/1/1872 1830/1/1871 
f 1429/1/1509 1428/1/1508 1432/1/1512 1578/1/1658 
f 1440/1/1520 1439/1/1519 1505/1/1585 1626/1/1706 
f 1694/1/1749 1449/1/1529 1461/1/1541 1665/1/1745 
f 1783/1/1826 1768/1/1811 1807/1/1850 1719/1/1770 
f 1403/1/1486 1785/1/1828 1834/1/1875 1835/1/1876 
f 1452/1/1532 1836/1/1877 1761/1/1804 1822/1/1863 
f 1835/1/1876 1834/1/1875 1837/1/1878 1838/1/1879 
f 1839/1/1880 1840/1/1881 1833/1/1874 1832/1/1873 
f 1705/1/1758 1453/1/1533 1452/1/1532 1822/1/1863 
f 1841/1/1882 1842/1/1883 1840/1/1881 1839/1/1880 
f 1704/1/1757 1843/1/1884 1453/1/1533 1705/1/1758 
f 1844/1/1885 1845/1/1886 1843/1/1884 1704/1/1757 
f 1846/1/1887 1847/1/1888 1842/1/1883 1841/1/1882 
f 1664/1/1744 1663/1/1743 1753/1/1796 1848/1/1783 
f 1849/1/1780 1850/1/1765 1845/1/1886 1844/1/1885 
f 1736/1/1889 1733/1/1890 1851/1/1891 1852/1/1892 
f 1836/1/1877 1853/1/1893 1762/1/1805 1761/1/1804 
f 1725/1/1776 1849/1/1780 1661/1/1741 1818/1/1859 
f 1661/1/1741 1849/1/1780 1844/1/1885 1662/1/1742 
f 1741/1/1894 1738/1/1895 1854/1/1896 1465/1/1545 
f 1465/1/1545 1854/1/1896 1855/1/1897 1466/1/1546 
f 1856/1/1898 1857/1/1899 1858/1/1900 1859/1/1901 
f 1860/1/1902 1464/1/1544 1467/1/1547 1861/1/1903 
f 1732/1/1747 1734/1/1747 1729/1/1747 1731/1/1747 
f 1729/1/1747 1734/1/1747 1735/1/1747 1728/1/1747 
f 1728/1/1747 1735/1/1747 1737/1/1747 1714/1/1747 
f 1714/1/1747 1737/1/1747 1739/1/1747 1713/1/1747 
f 1713/1/1747 1739/1/1747 1742/1/1747 1740/1/1747 
f 1713/1/1747 1740/1/1747 1710/1/1747 1712/1/1747 
f 1710/1/1747 1740/1/1747 1743/1/1747 1711/1/1747 
f 1711/1/1747 1743/1/1747 1667/1/1747 1700/1/1747 
f 1700/1/1747 1667/1/1747 1422/1/1747 1702/1/1747 
f 1702/1/1747 1422/1/1747 1425/1/1747 1421/1/1747 
f 1702/1/1747 1421/1/1747 1744/1/1747 1701/1/1747 
f 1744/1/1747 1421/1/1747 1862/1/1747 1746/1/1747 
f 1746/1/1747 1862/1/1747 1863/1/1747 1745/1/1747 
f 1745/1/1747 1863/1/1747 1864/1/1747 1865/1/1747 
f 1865/1/1747 1864/1/1747 1866/1/1747 1867/1/1747 
f 1865/1/1747 1867/1/1747 1868/1/1747 1869/1/1747 
f 1868/1/1747 1867/1/1747 1870/1/1747 1871/1/1747 
f 1871/1/1747 1870/1/1747 1872/1/1747 1873/1/1747 
f 1873/1/1747 1872/1/1747 1874/1/1747 1875/1/1747 
f 1745/1/1697 1869/1/1724 1650/1/1724 1629/1/1697 
f 1869/1/1724 1745/1/1697 1865/1/1904 
f 1650/1/1724 1869/1/1724 1868/1/1905 1876/1/1905 
f 1876/1/1905 1871/1/1906 1873/1/1907 1877/1/1907 
f 1871/1/1906 1876/1/1905 1868/1/1905 
f 1466/1/1546 1855/1/1897 1878/1/1908 1879/1/1909 
f 1880/1/1910 1881/1/1911 1882/1/1912 1883/1/1913 
f 1813/1/1856 1812/1/1855 1884/1/1914 1885/1/1915 
f 1651/1/1731 1827/1/1868 1886/1/1916 1887/1/1917 
f 1888/1/1918 1889/1/1919 1811/1/1854 1810/1/1853 
f 1788/1/1831 1889/1/1919 1888/1/1918 1890/1/1920 
f 1789/1/1832 1788/1/1831 1890/1/1920 1891/1/1921 
f 1892/1/1922 1789/1/1832 1891/1/1921 1893/1/1923 
f 1894/1/1924 1892/1/1922 1893/1/1923 1895/1/1925 
f 1896/1/1926 1772/1/1815 1894/1/1924 1895/1/1925 
f 1897/1/1927 1769/1/1812 1772/1/1815 1896/1/1926 
f 1898/1/1928 1899/1/1929 1769/1/1812 1897/1/1927 
f 1900/1/1930 1901/1/1931 1899/1/1929 1898/1/1928 
f 1902/1/1932 1901/1/1931 1900/1/1930 1903/1/1933 
f 1904/1/1934 1902/1/1932 1903/1/1933 1905/1/1935 
f 1906/1/1936 1904/1/1934 1905/1/1935 1907/1/1937 
f 1908/1/1938 1879/1/1909 1878/1/1908 1909/1/1939 
f 1910/1/1940 1908/1/1938 1909/1/1939 1911/1/1941 
f 1912/1/1942 1910/1/1940 1911/1/1941 1913/1/1943 
f 1914/1/1944 1912/1/1942 1913/1/1943 1915/1/1945 
f 1459/1/1539 1914/1/1944 1915/1/1945 1916/1/1946 
f 1883/1/1913 1882/1/1912 1917/1/1947 1918/1/1948 
f 1411/1/1494 1459/1/1539 1916/1/1946 1919/1/1949 
f 1886/1/1916 1883/1/1913 1918/1/1948 1920/1/1950 
f 1412/1/1495 1411/1/1494 1919/1/1949 1921/1/1951 
f 1624/1/1704 1412/1/1495 1921/1/1951 1922/1/1952 
f 1887/1/1917 1886/1/1916 1920/1/1950 1923/1/1953 
f 1924/1/1954 1925/1/1955 1887/1/1917 1923/1/1953 
f 1926/1/1956 1927/1/1957 1925/1/1955 1924/1/1954 
f 1928/1/1958 1929/1/1959 1927/1/1957 1926/1/1956 
f 1930/1/1960 1901/1/1931 1902/1/1932 1931/1/1961 
f 1733/1/1890 1730/1/1793 1727/1/1778 1851/1/1891 
f 1859/1/1901 1858/1/1900 1929/1/1959 1928/1/1958 
f 1925/1/1955 1927/1/1957 1499/1/1579 1498/1/1578 
f 1877/1/1907 1875/1/1962 1874/1/1924 1932/1/1924 
f 1875/1/1962 1877/1/1907 1873/1/1907 
f 1933/1/1963 1934/1/1964 1857/1/1899 1856/1/1898 
f 1932/1/1924 1874/1/1924 1872/1/1925 1935/1/1925 
f 1935/1/1925 1870/1/1965 1867/1/1966 1936/1/1966 
f 1870/1/1965 1935/1/1925 1872/1/1925 
f 1936/1/1966 1866/1/1967 1864/1/1968 1937/1/1968 
f 1866/1/1967 1936/1/1966 1867/1/1966 
f 1938/1/1969 1939/1/1970 1934/1/1964 1933/1/1963 
f 1909/1/1939 1878/1/1908 1696/1/1751 1699/1/1754 
f 1885/1/1915 1884/1/1914 1939/1/1970 1938/1/1969 
f 1940/1/1971 1813/1/1856 1885/1/1915 1941/1/1972 
f 1855/1/1897 1942/1/1973 1696/1/1751 1878/1/1908 
f 1943/1/1974 1810/1/1853 1813/1/1856 1940/1/1971 
f 1944/1/1975 1941/1/1972 1945/1/1976 1946/1/1977 
f 1854/1/1896 1852/1/1892 1942/1/1973 1855/1/1897 
f 1738/1/1895 1736/1/1889 1852/1/1892 1854/1/1896 
f 1947/1/1978 1888/1/1918 1810/1/1853 1943/1/1974 
f 1864/1/1968 1863/1/1979 1948/1/1979 1937/1/1968 
f 1890/1/1920 1888/1/1918 1947/1/1978 1949/1/1980 
f 1929/1/1959 1858/1/1900 1654/1/1734 1653/1/1733 
f 1784/1/1827 1846/1/1887 1841/1/1882 1785/1/1828 
f 1863/1/1979 1421/1/1504 1424/1/1504 1948/1/1979 
f 1421/1/1504 1863/1/1979 1862/1/1981 
f 1950/1/1982 1815/1/1858 1817/1/1785 1418/1/1501 
f 1891/1/1921 1890/1/1920 1949/1/1980 1951/1/1983 
f 1952/1/1984 1484/1/1564 1908/1/1938 1910/1/1940 
f 1953/1/1985 1952/1/1984 1910/1/1940 1912/1/1942 
f 1594/1/1674 1953/1/1985 1912/1/1942 1914/1/1944 
f 1858/1/1900 1857/1/1899 1954/1/1986 1654/1/1734 
f 1882/1/1912 1932/1/1987 1935/1/1988 1917/1/1947 
f 1955/1/1989 1623/1/1703 1624/1/1704 1956/1/1990 
f 1893/1/1923 1891/1/1921 1951/1/1983 1957/1/1991 
f 1887/1/1917 1925/1/1955 1498/1/1578 1651/1/1731 
f 1568/1/1648 1628/1/1708 1601/1/1681 1569/1/1649 
f 1895/1/1925 1893/1/1923 1957/1/1991 1958/1/1966 
f 1857/1/1899 1934/1/1964 1790/1/1833 1954/1/1986 
f 1703/1/1756 1706/1/1759 1794/1/1837 1751/1/1794 
f 1463/1/1543 1468/1/1548 1723/1/1774 1666/1/1746 
f 1959/1/1992 1960/1/1993 1961/1/1994 1962/1/1995 
f 1963/1/1996 1950/1/1982 1418/1/1501 1417/1/1500 
f 1794/1/1837 1838/1/1879 1837/1/1878 1795/1/1838 
f 1511/1/1591 1510/1/1590 1964/1/1997 1630/1/1710 
f 1481/1/1561 1487/1/1567 1853/1/1893 1836/1/1877 
f 1785/1/1828 1841/1/1882 1839/1/1880 1834/1/1875 
f 1423/1/1998 1668/1/1999 1464/1/1544 1860/1/1902 
f 1965/1/2000 1896/1/1926 1895/1/1925 1958/1/1966 
f 1966/1/2001 1897/1/1927 1896/1/1926 1965/1/2000 
f 1827/1/1868 1880/1/1910 1883/1/1913 1886/1/1916 
f 1662/1/1742 1703/1/1756 1751/1/1794 1663/1/1743 
f 1967/1/2002 1968/1/2003 1969/1/2004 1970/1/2005 
f 1824/1/1865 1717/1/1768 1818/1/1859 1819/1/1860 
f 1956/1/1990 1624/1/1704 1922/1/1952 1971/1/2006 
f 1766/1/1809 1956/1/1990 1971/1/2006 1767/1/1810 
f 1972/1/2007 1898/1/1928 1897/1/1927 1966/1/2001 
f 1825/1/1866 1824/1/1865 1819/1/1860 1973/1/2008 
f 1934/1/1964 1939/1/1970 1791/1/1834 1790/1/1833 
f 1834/1/1875 1839/1/1880 1832/1/1873 1837/1/1878 
f 1974/1/2009 1900/1/1930 1898/1/1928 1972/1/2007 
f 1971/1/2006 1922/1/1952 1975/1/2010 1976/1/2011 
f 1939/1/1970 1884/1/1914 1803/1/1846 1791/1/1834 
f 1903/1/1933 1900/1/1930 1974/1/2009 1977/1/2012 
f 1905/1/1935 1903/1/1933 1977/1/2012 1978/1/2013 
f 1907/1/1937 1905/1/1935 1978/1/2013 1979/1/2014 
f 1795/1/1838 1837/1/1878 1832/1/1873 1830/1/1871 
f 1467/1/1547 1466/1/1546 1879/1/1909 1483/1/1563 
f 1917/1/1947 1935/1/1988 1936/1/2015 1980/1/2016 
f 1927/1/1957 1929/1/1959 1653/1/1733 1499/1/1579 
f 1427/1/1507 1495/1/1575 1430/1/1510 1428/1/1508 
f 1918/1/1948 1917/1/1947 1980/1/2016 1981/1/2017 
f 1920/1/1950 1918/1/1948 1981/1/2017 1982/1/2018 
f 1983/1/1504 1417/1/1500 1420/1/1503 1984/1/2019 
f 1984/1/2019 1420/1/1503 1985/1/2020 1986/1/2021 
f 1987/1/2022 1988/1/2023 1989/1/2024 1990/1/2025 
f 1991/1/2026 1413/1/1496 1416/1/1499 1992/1/2027 
f 1986/1/2021 1985/1/2020 1413/1/1496 1991/1/2026 
f 1923/1/1953 1920/1/1950 1982/1/2018 1993/1/2028 
f 1842/1/1883 1994/1/2029 1995/1/2030 1840/1/1881 
f 1847/1/1888 1996/1/2031 1994/1/2029 1842/1/1883 
f 1997/1/2032 1924/1/1954 1923/1/1953 1993/1/2028 
f 1668/1/1999 1741/1/1894 1465/1/1545 1464/1/1544 
f 1998/1/2033 1926/1/1956 1924/1/1954 1997/1/2032 
f 1937/1/2034 1948/1/2035 1999/1/2036 2000/1/2037 
f 2001/1/2038 1928/1/1958 1926/1/1956 1998/1/2033 
f 1418/1/1501 1817/1/1785 1821/1/1862 1419/1/1502 
f 1414/1/1497 1831/1/1872 1833/1/1874 1415/1/1498 
f 2002/1/2039 1829/1/1870 1831/1/1872 1414/1/1497 
f 1419/1/1502 1821/1/1862 1829/1/1870 2002/1/2039 
f 1840/1/1881 1995/1/2030 1415/1/1498 1833/1/1874 
f 1471/1/1551 1473/1/1553 1850/1/1765 1724/1/1775 
f 1850/1/1765 1473/1/1553 1475/1/1555 1845/1/1886 
f 1775/1/1818 1778/1/1821 1781/1/1824 1776/1/1819 
f 2003/1/2040 1782/1/1825 1778/1/1821 1775/1/1818 
f 1776/1/1819 1781/1/1824 1815/1/1858 1950/1/1982 
f 2004/1/2041 1859/1/1901 1928/1/1958 2001/1/2038 
f 1845/1/1886 1475/1/1555 1477/1/1557 1843/1/1884 
f 2005/1/2042 2006/1/2043 2007/1/2044 2008/1/2045 
f 1706/1/1759 1823/1/1864 1838/1/1879 1794/1/1837 
f 2009/1/2046 1904/1/1934 1906/1/1936 2010/1/2047 
f 2011/1/2048 1856/1/1898 1859/1/1901 2004/1/2041 
f 2012/1/2049 1933/1/1963 1856/1/1898 2011/1/2048 
f 1881/1/1911 1877/1/2050 1932/1/1987 1882/1/1912 
f 1945/1/1976 1938/1/1969 1933/1/1963 2012/1/2049 
f 1941/1/1972 1885/1/1915 1938/1/1969 1945/1/1976 
f 1407/1/1490 1940/1/1971 1941/1/1972 1944/1/1975 
f 1406/1/1489 1943/1/1974 1940/1/1971 1407/1/1490 
f 1959/1/1992 1947/1/1978 1943/1/1974 1406/1/1489 
f 1988/1/2023 2013/1/2051 2014/1/2052 1989/1/2024 
f 2006/1/2043 1991/1/2026 1992/1/2027 2007/1/2044 
f 1487/1/1567 1489/1/1569 2015/1/2053 1853/1/1893 
f 2013/1/2051 2016/1/2054 2017/1/2055 2018/1/2056 
f 2019/1/2057 1774/1/1817 1777/1/1820 2020/1/2058 
f 2021/1/2059 1963/1/1996 1417/1/1500 1983/1/1504 
f 2022/1/2060 2023/1/2061 2024/1/2062 2025/1/2063 
f 1962/1/1995 1949/1/1980 1947/1/1978 1959/1/1992 
f 1458/1/1538 1594/1/1674 1914/1/1944 1459/1/1539 
f 2026/1/2064 1960/1/1993 1405/1/1488 1987/1/2022 
f 2017/1/2055 1946/1/1977 2027/1/2065 2023/1/2061 
f 2028/1/2066 2029/1/2067 2030/1/2068 2031/1/2069 
f 2031/1/2069 2030/1/2068 2032/1/2070 2033/1/2071 
f 2026/1/2064 2034/1/2072 1774/1/1817 2019/1/2057 
f 1948/1/2035 1424/1/2073 2035/1/2074 1999/1/2036 
f 2036/1/2075 2037/1/2076 2038/1/2077 2039/1/2078 
f 2037/1/2076 2040/1/2079 2041/1/2080 2038/1/2077 
f 1750/1/1792 1749/1/1791 1659/1/1739 1658/1/1738 
f 1755/1/1798 1750/1/1792 1658/1/1738 2042/1/2081 
f 1951/1/1983 1949/1/1980 1962/1/1995 1433/1/1513 
f 2020/1/2058 1777/1/1820 1963/1/1996 2021/1/2059 
f 1999/1/2036 2035/1/2074 2043/1/2082 2044/1/2083 
f 2045/1/2084 2046/1/2085 2047/1/2086 2029/1/2067 
f 2044/1/2083 2043/1/2082 2048/1/2087 2049/1/2088 
f 1957/1/1991 1951/1/1983 1433/1/1513 1436/1/1516 
f 2024/1/2062 2050/1/2089 2046/1/2085 2045/1/2084 
f 2049/1/2088 2048/1/2087 2051/1/2090 2052/1/2091 
f 1960/1/1993 1959/1/1992 1406/1/1489 1405/1/1488 
f 2016/1/2054 1944/1/1975 1946/1/1977 2017/1/2055 
f 1988/1/2023 1408/1/1491 2016/1/2054 2013/1/2051 
f 1987/1/2022 1405/1/1488 1408/1/1491 1988/1/2023 
f 2033/1/2071 2032/1/2070 2052/1/2091 2051/1/2090 
f 1958/1/1966 1957/1/1991 1436/1/1516 2053/1/1968 
f 2025/1/2063 2024/1/2062 2045/1/2084 2054/1/2092 
f 1435/1/1515 2021/1/2059 1983/1/1504 2055/1/1979 
f 2055/1/1979 1983/1/1504 1984/1/2019 1797/1/1840 
f 1797/1/1840 1984/1/2019 1986/1/2021 1798/1/1841 
f 2018/1/2056 2017/1/2055 2023/1/2061 2022/1/2060 
f 2030/1/2068 2056/1/2093 2057/1/2094 2032/1/2070 
f 1796/1/1839 1965/1/2000 1958/1/1966 2053/1/1968 
f 1961/1/1994 2019/1/2057 2020/1/2058 1434/1/1514 
f 1960/1/1993 2026/1/2064 2019/1/2057 1961/1/1994 
f 1798/1/1841 1986/1/2021 1991/1/2026 2006/1/2043 
f 2054/1/2092 2045/1/2084 2029/1/2067 2028/1/2066 
f 1799/1/1842 1966/1/2001 1965/1/2000 1796/1/1839 
f 1749/1/1791 2007/1/2044 1992/1/2027 1659/1/1739 
f 2029/1/2067 2047/1/2086 2056/1/2093 2030/1/2068 
f 2005/1/2042 1972/1/2007 1966/1/2001 1799/1/1842 
f 1434/1/1514 2020/1/2058 2021/1/2059 1435/1/1515 
f 2023/1/2061 2027/1/2065 2050/1/2089 2024/1/2062 
f 2032/1/2070 2057/1/2094 2058/1/2095 2052/1/2091 
f 2059/1/2096 2036/1/2075 2039/1/2078 2060/1/2097 
f 2000/1/2037 1999/1/2036 2044/1/2083 2061/1/2098 
f 1974/1/2009 1972/1/2007 2005/1/2042 2008/1/2045 
f 1977/1/2012 1974/1/2009 2008/1/2045 1748/1/1790 
f 1996/1/2031 2062/1/2099 1657/1/1737 1994/1/2029 
f 2052/1/2091 2058/1/2095 2063/1/2100 2049/1/2088 
f 1978/1/2013 1977/1/2012 1748/1/1790 1747/1/1789 
f 2061/1/2098 2044/1/2083 2049/1/2088 2063/1/2100 
f 1979/1/2014 1978/1/2013 1747/1/1789 1754/1/1797 
f 1805/1/1848 1809/1/1852 2064/1/2101 1806/1/1849 
f 2054/1/2092 2028/1/2066 1593/1/1673 1592/1/1672 
f 1627/1/1707 1626/1/1706 2065/1/2102 1801/1/1844 
f 2018/1/2056 2022/1/2060 2066/1/2103 2067/1/2104 
f 2013/1/2051 2018/1/2056 2067/1/2104 2014/1/2052 
f 2034/1/2072 1990/1/2025 2068/1/2105 2003/1/2040 
f 2069/1/2106 1786/1/1829 1789/1/1832 1892/1/1922 
f 2022/1/2060 2025/1/2063 2070/1/2107 2066/1/2103 
f 1931/1/1961 1902/1/1932 1904/1/1934 2009/1/2046 
f 2025/1/2063 2054/1/2092 1592/1/1672 2070/1/2107 
f 2028/1/2066 2031/1/2069 2071/1/2108 1593/1/1673 
f 2072/1/1907 2069/1/2106 1892/1/1922 1894/1/1924 
f 2031/1/2069 2033/1/2071 2073/1/2109 2071/1/2108 
f 1980/1/2016 1936/1/2015 1937/1/2034 2000/1/2037 
f 1990/1/2025 1989/1/2024 2074/1/2110 2068/1/2105 
f 2033/1/2071 2051/1/2090 1485/1/1565 2073/1/2109 
f 1901/1/1931 1930/1/1960 2075/1/2111 1899/1/1929 
f 2035/1/2074 1860/1/1902 1861/1/1903 2043/1/2082 
f 2043/1/2082 1861/1/1903 1482/1/1562 2048/1/2087 
f 2048/1/2087 1482/1/1562 1485/1/1565 2051/1/2090 
f 1981/1/2017 1980/1/2016 2000/1/2037 2061/1/2098 
f 1899/1/1929 2075/1/2111 1770/1/1813 1769/1/1812 
f 1982/1/2018 1981/1/2017 2061/1/2098 2063/1/2100 
f 2058/1/2095 1993/1/2028 1982/1/2018 2063/1/2100 
f 2057/1/2094 1997/1/2032 1993/1/2028 2058/1/2095 
f 1622/1/1702 1649/1/1729 1515/1/1595 1514/1/1594 
f 2076/1/2112 2077/1/2113 1632/1/1712 1631/1/1711 
f 2077/1/2113 2078/1/2114 1633/1/1713 1632/1/1712 
f 2078/1/2114 2079/1/2115 1634/1/1714 1633/1/1713 
f 2079/1/2115 2080/1/2116 1635/1/1715 1634/1/1714 
f 2080/1/2116 2081/1/2117 1636/1/1716 1635/1/1715 
f 2081/1/2117 2082/1/2118 1637/1/1717 1636/1/1716 
f 2082/1/2118 2083/1/2119 1638/1/1718 1637/1/1717 
f 2083/1/2119 1639/1/1719 1612/1/1692 1638/1/1718 
f 1804/1/1847 2084/1/2120 1640/1/1720 1639/1/1719 
f 2056/1/2093 1998/1/2033 1997/1/2032 2057/1/2094 
f 2084/1/2120 2085/1/2121 1641/1/1721 1640/1/1720 
f 2085/1/2121 2086/1/2122 1533/1/1613 1641/1/1721 
f 2087/1/2123 1534/1/1614 1533/1/1613 2086/1/2122 
f 2088/1/2124 1642/1/1722 1534/1/1614 2087/1/2123 
f 2089/1/2125 1643/1/1723 1642/1/1722 2088/1/2124 
f 2090/1/1905 1644/1/1724 1643/1/1723 2089/1/2125 
f 1645/1/1725 1644/1/1724 2090/1/1905 2091/1/2126 
f 1646/1/1726 1645/1/1725 2091/1/2126 2092/1/2127 
f 1647/1/1727 1646/1/1726 2092/1/2127 2093/1/2128 
f 1648/1/1728 1647/1/1727 2093/1/2128 2094/1/2129 
f 2047/1/2086 2001/1/2038 1998/1/2033 2056/1/2093 
f 1648/1/1728 2094/1/2129 2095/1/2130 1649/1/1729 
f 1649/1/1729 2095/1/2130 2096/1/2131 1515/1/1595 
f 2060/1/2097 2039/1/2078 1800/1/1843 1802/1/1845 
f 1964/1/1997 2076/1/2112 1631/1/1711 1630/1/1710 
f 1500/1/1580 1656/1/1736 2079/1/2115 2078/1/2114 
f 1656/1/1736 1655/1/1735 2080/1/2116 2079/1/2115 
f 1501/1/1581 1500/1/1580 2078/1/2114 2077/1/2113 
f 1652/1/1732 1501/1/1581 2077/1/2113 2076/1/2112 
f 1826/1/1867 1652/1/1732 2076/1/2112 1964/1/1997 
f 1826/1/1867 1964/1/1997 1510/1/1590 2097/1/2132 
f 1976/1/2011 1975/1/2010 1968/1/2003 1967/1/2002 
f 2097/1/2132 1510/1/1590 1509/1/1589 2098/1/2133 
f 2098/1/2133 1509/1/1589 1650/1/1730 1876/1/2134 
f 2046/1/2085 2004/1/2041 2001/1/2038 2047/1/2086 
f 1515/1/1595 2096/1/2131 2099/1/2135 1516/1/1596 
f 1881/1/1911 2098/1/2133 1876/1/2134 1877/1/2050 
f 2096/1/2131 2009/1/2046 2010/1/2047 2099/1/2135 
f 2095/1/2130 1931/1/1961 2009/1/2046 2096/1/2131 
f 2094/1/2129 1930/1/1960 1931/1/1961 2095/1/2130 
f 2094/1/2129 2093/1/2128 2075/1/2111 1930/1/1960 
f 1809/1/1852 1967/1/2002 1970/1/2005 2064/1/2101 
f 2050/1/2089 2011/1/2048 2004/1/2041 2046/1/2085 
f 2093/1/2128 2092/1/2127 1770/1/1813 2075/1/2111 
f 2092/1/2127 2091/1/2126 1771/1/1814 1770/1/1813 
f 1975/1/2010 2059/1/2096 2060/1/2097 1968/1/2003 
f 2091/1/2126 2090/1/1905 2072/1/1907 1771/1/1814 
f 2072/1/1907 2090/1/1905 2089/1/2125 2069/1/2106 
f 1752/1/1795 1795/1/1838 1830/1/1871 1828/1/1869 
f 1753/1/1796 1752/1/1795 1828/1/1869 1820/1/1861 
f 2069/1/2106 2089/1/2125 2088/1/2124 1786/1/1829 
f 1786/1/1829 2088/1/2124 2087/1/2123 1787/1/1830 
f 1719/1/1770 1807/1/1850 1805/1/1848 1720/1/1771 
f 1787/1/1830 2087/1/2123 2086/1/2122 2100/1/2136 
f 2101/1/2137 2100/1/2136 2086/1/2122 2085/1/2121 
f 1973/1/2008 1819/1/1860 1664/1/1744 1848/1/1783 
f 2102/1/2138 2101/1/2137 2085/1/2121 2084/1/2120 
f 1803/1/1846 2102/1/2138 2084/1/2120 1804/1/1847 
f 1792/1/1835 1804/1/1847 1639/1/1719 2083/1/2119 
f 2027/1/2065 2012/1/2049 2011/1/2048 2050/1/2089 
f 1793/1/1836 1792/1/1835 2083/1/2119 2082/1/2118 
f 1852/1/1892 1851/1/1891 2103/1/2139 1942/1/1973 
f 2104/1/2140 1793/1/1836 2082/1/2118 2081/1/2117 
f 1655/1/1735 2104/1/2140 2081/1/2117 2080/1/2116 
f 1848/1/1783 1753/1/1796 1820/1/1861 1816/1/1784 
f 1968/1/2003 2060/1/2097 1802/1/1845 1969/1/2004 
f 1748/1/1790 2008/1/2045 2007/1/2044 1749/1/1791 
f 2039/1/2078 2038/1/2077 1756/1/1799 1800/1/1843 
f 2038/1/2077 2041/1/2080 1709/1/1762 1756/1/1799 
f 2041/1/2080 2105/1/2141 1707/1/1760 1709/1/1762 
f 2105/1/2141 2106/1/2142 1760/1/1803 1707/1/1760 
f 2106/1/2142 1698/1/1753 1757/1/1800 1760/1/1803 
f 1697/1/1752 1764/1/1807 1757/1/1800 1698/1/1753 
f 1808/1/1851 1976/1/2011 1967/1/2002 1809/1/1852 
f 2103/1/2139 1726/1/1777 1764/1/1807 1697/1/1752 
f 1851/1/1891 1727/1/1778 1726/1/1777 2103/1/2139 
f 2107/1/2143 2108/1/2144 2106/1/2142 2105/1/2141 
f 1763/1/1806 1835/1/1876 1838/1/1879 1823/1/1864 
f 2108/1/2144 1699/1/1754 1698/1/1753 2106/1/2142 
f 2040/1/2079 2107/1/2143 2105/1/2141 2041/1/2080 
f 1404/1/1487 1403/1/1486 1835/1/1876 1763/1/1806 
f 1827/1/1868 1826/1/1867 2097/1/2132 1880/1/1910 
f 1853/1/1893 2015/1/2053 2109/1/2145 1762/1/1805 
f 1756/1/1799 1627/1/1707 1801/1/1844 1800/1/1843 
f 2110/1/2146 2111/1/2147 1694/1/1749 1693/1/1748 
f 1662/1/1742 1844/1/1885 1704/1/1757 1703/1/1756 
f 1762/1/1805 2109/1/2145 1401/1/1484 1404/1/1487 
f 1969/1/2004 1532/1/1612 2112/1/2148 1970/1/2005 
f 1915/1/1945 1913/1/1943 2107/1/2143 2040/1/2079 
f 1913/1/1943 1911/1/1941 2108/1/2144 2107/1/2143 
f 1916/1/1946 1915/1/1945 2040/1/2079 2037/1/2076 
f 1911/1/1941 1909/1/1939 1699/1/1754 2108/1/2144 
f 1919/1/1949 1916/1/1946 2037/1/2076 2036/1/2075 
f 1922/1/1952 1921/1/1951 2059/1/2096 1975/1/2010 
f 1432/1/1512 1431/1/1511 1764/1/1807 1726/1/1777 
f 1806/1/1849 1693/1/1748 1695/1/1750 1773/1/1816 
f 1760/1/1803 1759/1/1802 1708/1/1761 1707/1/1760 
f 1970/1/2005 2112/1/2148 2110/1/2146 2064/1/2101 
f 2064/1/2101 2110/1/2146 1693/1/1748 1806/1/1849 
f 1822/1/1863 1761/1/1804 1763/1/1806 1823/1/1864 
f 1783/1/1826 1719/1/1770 1722/1/1773 1779/1/1822 
f 1695/1/1750 1715/1/1766 1718/1/1769 1773/1/1816 
f 1779/1/1822 1722/1/1773 1825/1/1866 1780/1/1823 
f 1780/1/1823 1825/1/1866 1973/1/2008 1814/1/1857 
f 1802/1/1845 1530/1/1610 1532/1/1612 1969/1/2004 
f 1767/1/1810 1971/1/2006 1976/1/2011 1808/1/1851 
f 2068/1/2105 2074/1/2110 1766/1/1809 1765/1/1808 
f 1843/1/1884 1477/1/1557 1450/1/1530 1453/1/1533 
f 1994/1/2029 1657/1/1737 1660/1/1740 1995/1/2030 
f 2071/1/2108 2073/1/2109 1952/1/1984 1953/1/1985 
f 2067/1/2104 2066/1/2103 1409/1/1492 1623/1/1703 
f 1666/1/1746 1723/1/1774 1716/1/1767 1715/1/1766 
f 1626/1/1706 1505/1/1585 1507/1/1587 2065/1/2102 
f 2062/1/2099 2042/1/2081 1658/1/1738 1657/1/1737 
f 1921/1/1951 1919/1/1949 2036/1/2075 2059/1/2096 
f 1801/1/1844 2065/1/2102 1531/1/1611 1530/1/1610 
f 1787/1/1830 2100/1/2136 1889/1/1919 1788/1/1831 
f 1772/1/1815 1771/1/1814 2072/1/1907 1894/1/1924 
f 2073/1/2109 1485/1/1565 1484/1/1564 1952/1/1984 
f 1436/1/1516 1435/1/1515 2055/1/1979 2053/1/1968 
f 1451/1/1531 1481/1/1561 1836/1/1877 1452/1/1532 
f 1884/1/1914 1812/1/1855 2102/1/2138 1803/1/1846 
f 1985/1/2020 2002/1/2039 1414/1/1497 1413/1/1496 
f 1660/1/1740 1659/1/1739 1992/1/2027 1416/1/1499 
f 1811/1/1854 1889/1/1919 2100/1/2136 2101/1/2137 
f 2112/1/2148 1444/1/1524 2111/1/2147 2110/1/2146 
f 1457/1/1537 1456/1/1536 1438/1/1518 1437/1/1517 
f 2014/1/2052 2067/1/2104 1623/1/1703 1955/1/1989 
f 2111/1/2147 1447/1/1527 1449/1/1529 1694/1/1749 
f 1721/1/1772 1718/1/1769 1717/1/1768 1824/1/1865 
f 1665/1/1745 1666/1/1746 1715/1/1766 1695/1/1750 
f 1593/1/1673 2071/1/2108 1953/1/1985 1594/1/1674 
f 2026/1/2064 1987/1/2022 1990/1/2025 2034/1/2072 
f 2053/1/1968 2055/1/1979 1797/1/1840 1796/1/1839 
f 1962/1/1995 1961/1/1994 1434/1/1514 1433/1/1513 
f 2070/1/2107 1592/1/1672 1458/1/1538 1410/1/1493 
f 1995/1/2030 1660/1/1740 1416/1/1499 1415/1/1498 
f 1408/1/1491 1407/1/1490 1944/1/1975 2016/1/2054 
f 1444/1/1524 1443/1/1523 1447/1/1527 2111/1/2147 
f 1724/1/1775 1850/1/1765 1849/1/1780 1725/1/1776 
f 1654/1/1734 1954/1/1986 2104/1/2140 1655/1/1735 
f 1954/1/1986 1790/1/1833 1793/1/1836 2104/1/2140 
f 2003/1/2040 2068/1/2105 1765/1/1808 1782/1/1825 
f 1861/1/1903 1467/1/1547 1483/1/1563 1482/1/1562 
f 2034/1/2072 2003/1/2040 1775/1/1818 1774/1/1817 
f 1490/1/1570 1426/1/1506 1429/1/1509 1577/1/1657 
f 2074/1/2110 1955/1/1989 1956/1/1990 1766/1/1809 
f 1946/1/1977 1945/1/1976 2012/1/2049 2027/1/2065 
f 1532/1/1612 1441/1/1521 1444/1/1524 2112/1/2148 
f 1483/1/1563 1879/1/1909 1908/1/1938 1484/1/1564 
f 1420/1/1503 1419/1/1502 2002/1/2039 1985/1/2020 
f 1777/1/1820 1776/1/1819 1950/1/1982 1963/1/1996 
f 1799/1/1842 1798/1/1841 2006/1/2043 2005/1/2042 
f 1989/1/2024 2014/1/2052 1955/1/1989 2074/1/2110 
f 1812/1/1855 1811/1/1854 2101/1/2137 2102/1/2138 
f 1814/1/1857 1973/1/2008 1848/1/1783 1816/1/1784 
f 1880/1/1910 2097/1/2132 2098/1/2133 1881/1/1911 
f 1942/1/1973 2103/1/2139 1697/1/1752 1696/1/1751 
f 2065/1/2102 1507/1/1587 1513/1/1593 1531/1/1611 
f 1499/1/1579 1653/1/1733 1656/1/1736 1500/1/1580 
f 2066/1/2103 2070/1/2107 1410/1/1493 1409/1/1492 
f 1424/1/2073 1423/1/1998 1860/1/1902 2035/1/2074 
# 1212 polygons - 1774 triangles

