# 3ds Max Wavefront OBJ Exporter v0.99 - (c)2007 guruware
# File Created: 26.04.2026 22:36:52

mtllib Stand_1.mtl

#
# object Group_013
#

v  -3.2014 0.8728 15.1660
v  -3.1975 0.8604 15.2075
v  -3.2109 0.8604 15.1682
v  -2.8812 0.8728 15.0271
v  -2.8981 0.8786 15.0369
v  -2.8622 0.8728 15.0717
v  -3.0981 0.8728 14.9744
v  -3.0956 0.8786 14.9936
v  -3.0624 0.8786 14.9900
v  -2.8633 0.8604 15.0402
v  -2.8551 0.8728 15.1196
v  -2.8503 0.8604 15.0789
v  -2.9108 0.8728 14.9887
v  -2.9246 0.8786 15.0025
v  -2.8602 0.8728 15.1677
v  -2.8486 0.8604 15.1600
v  -2.9053 0.8728 15.2526
v  -2.8792 0.8604 15.2352
v  -2.8774 0.8728 15.2131
v  -2.9383 0.8728 15.2804
v  -2.9052 0.8604 15.2666
v  -2.9029 0.8522 15.2686
v  -2.9094 0.8367 15.2637
v  -2.8858 0.8367 15.2313
v  -2.8778 0.8522 15.2355
v  -2.8969 0.8232 15.2240
v  -2.9186 0.8232 15.2546
v  -2.9106 0.8128 15.2149
v  -2.9301 0.8128 15.2432
v  -3.1428 0.8728 15.2649
v  -3.1300 0.8604 15.2788
v  -3.1277 0.8728 15.2693
v  -2.9904 0.8786 15.2571
v  -2.9481 0.8786 15.2534
v  -3.0569 0.8786 15.2576
v  -3.0236 0.8786 15.2582
v  -2.9197 0.8786 15.2394
v  -3.0902 0.8786 15.2554
v  -2.9408 0.8786 15.2572
v  -3.1231 0.8786 15.2505
v  -3.1071 0.8786 15.2536
v  -3.1527 0.8786 15.2256
v  -3.1322 0.8786 15.2478
v  -2.8946 0.8786 15.2039
v  -3.1709 0.8786 15.1951
v  -2.8792 0.8786 15.1632
v  -3.1824 0.8786 15.1616
v  -2.8746 0.8786 15.1200
v  -3.1868 0.8786 15.1265
v  -2.8810 0.8786 15.0770
v  -3.1839 0.8786 15.0912
v  -3.1738 0.8786 15.0572
v  -3.1569 0.8786 15.0260
v  -2.9536 0.8786 14.9897
v  -3.1373 0.8786 15.0029
v  -2.9465 0.8786 14.9856
v  -3.1125 0.8786 14.9961
v  -3.1283 0.8786 14.9999
v  -2.9960 0.8786 14.9878
v  -3.0292 0.8786 14.9880
v  -2.9027 0.8570 15.2709
v  -2.9370 0.8604 15.2921
v  -2.9337 0.8570 15.2988
v  -3.1730 0.8728 15.0150
v  -3.1917 0.8728 15.0497
v  -2.9327 0.8522 15.2971
v  -2.9370 0.8367 15.2921
v  -2.9437 0.8232 15.2819
v  -2.9523 0.8128 15.2687
v  -2.9574 0.7951 15.2152
v  -2.9746 0.7951 15.2347
v  -2.9864 0.7826 15.1856
v  -2.9983 0.7826 15.1986
v  -3.0164 0.7754 15.1548
v  -3.0229 0.7754 15.1611
v  -3.0245 0.7754 15.0850
v  -3.0177 0.7754 15.0911
v  -3.0371 0.7735 15.1119
v  -2.9090 0.8570 14.9703
v  -2.9112 0.8604 14.9747
v  -2.8819 0.8570 15.0023
v  -2.8839 0.8604 15.0050
v  -2.8770 0.8570 15.2378
v  -2.9454 0.7951 15.0492
v  -2.9320 0.7951 15.0720
v  -2.9690 0.7826 15.0886
v  -2.9781 0.7826 15.0732
v  -3.0073 0.7754 15.1058
v  -3.0120 0.7754 15.0981
v  -3.0342 0.7735 15.1173
v  -3.0355 0.7735 15.1145
v  -2.8464 0.8570 15.0781
v  -2.8608 0.8570 15.0387
v  -2.8462 0.8522 15.0791
v  -2.8614 0.8522 15.0405
v  -2.9424 0.7951 15.1936
v  -2.9761 0.7826 15.1710
v  -3.0109 0.7754 15.1476
v  -3.0351 0.7735 15.1322
v  -3.0366 0.7735 15.1348
v  -2.8574 0.8570 15.2006
v  -2.8600 0.8604 15.1992
v  -2.8581 0.8522 15.1988
v  -2.8669 0.8367 15.1958
v  -2.8792 0.8232 15.1907
v  -2.9300 0.7951 15.1703
v  -2.8944 0.8128 15.1845
v  -2.9676 0.7826 15.1552
v  -3.0066 0.7754 15.1396
v  -3.0340 0.7735 15.1293
v  -2.8447 0.8570 15.1606
v  -2.8445 0.8522 15.1596
v  -2.8533 0.8367 15.1581
v  -2.8660 0.8232 15.1556
v  -2.8453 0.8604 15.1194
v  -2.8393 0.8570 15.1192
v  -2.8373 0.8522 15.1192
v  -2.8453 0.8367 15.1194
v  -2.8575 0.8232 15.1196
v  -2.8732 0.8128 15.1199
v  -2.8819 0.8128 15.1526
v  -2.9139 0.7951 15.1208
v  -2.9204 0.7951 15.1458
v  -2.9570 0.7826 15.1217
v  -2.9612 0.7826 15.1386
v  -3.0018 0.7754 15.1226
v  -3.0036 0.7754 15.1312
v  -3.0332 0.7735 15.1233
v  -3.0333 0.7735 15.1263
v  -2.9411 0.8570 14.9438
v  -2.9441 0.8604 14.9506
v  -2.9091 0.8522 14.9726
v  -2.9400 0.8522 14.9454
v  -2.9441 0.8367 14.9506
v  -2.9153 0.8367 14.9778
v  -2.9242 0.8232 14.9873
v  -2.9504 0.8232 14.9611
v  -2.9351 0.8128 14.9991
v  -2.9585 0.8128 14.9746
v  -2.9613 0.7951 15.0282
v  -2.9793 0.7951 15.0095
v  -2.9890 0.7826 15.0591
v  -3.0015 0.7826 15.0465
v  -3.0392 0.7735 15.1096
v  -3.2167 0.9504 15.3005
v  -3.2173 0.9377 15.2950
v  -3.2125 0.9371 15.3005
v  -3.2166 0.9250 15.2889
v  -3.2073 0.9240 15.2998
v  -2.8826 0.8522 15.0047
v  -2.8904 0.8367 15.0092
v  -2.9012 0.8232 15.0170
v  -2.9145 0.8128 15.0266
v  -2.8821 0.8232 15.0495
v  -2.8701 0.8367 15.0439
v  -2.8970 0.8128 15.0563
v  -2.8549 0.8367 15.0810
v  -2.8675 0.8232 15.0840
v  -2.8832 0.8128 15.0877
v  -2.9214 0.7951 15.0961
v  -2.9619 0.7826 15.1049
v  -3.1481 0.8604 15.2736
v  -3.0039 0.7754 15.1141
v  -3.0335 0.7735 15.1202
v  -2.9449 0.8728 14.9623
v  -3.0235 0.8728 15.2776
v  -2.9893 0.8728 15.2764
v  -3.1485 0.8728 14.9863
v  -3.1337 0.8728 14.9813
v  -3.1363 0.8604 14.9719
v  -3.3137 0.9752 15.1291
v  -3.3181 0.9670 15.1292
v  -3.3142 0.9657 15.1574
v  -3.3110 0.9745 15.1585
v  -3.3187 0.9579 15.1292
v  -3.3140 0.9563 15.1561
v  -3.3155 0.9493 15.1291
v  -3.3105 0.9472 15.1547
v  -3.3047 0.9309 15.1289
v  -3.3002 0.9299 15.1530
v  -3.2903 0.9145 15.1286
v  -3.2868 0.9142 15.1511
v  -3.2728 0.9045 15.1282
v  -3.2707 0.9041 15.1495
v  -3.0228 0.8683 14.9515
v  -3.0246 0.8647 14.9560
v  -2.9904 0.8626 14.9577
v  -2.9884 0.8646 14.9551
v  -3.3064 0.9634 15.1854
v  -3.2671 0.9039 15.1708
v  -3.2814 0.9138 15.1736
v  -3.3040 0.9725 15.1877
v  -3.2946 0.9598 15.2132
v  -3.2923 0.9690 15.2166
v  -3.3060 0.9538 15.1829
v  -3.2943 0.9502 15.2094
v  -3.3025 0.9445 15.1801
v  -3.2915 0.9410 15.2053
v  -3.1345 0.9176 14.9090
v  -3.1397 0.9184 14.9213
v  -3.1079 0.9071 14.9167
v  -3.1014 0.9052 14.9036
v  -3.1409 0.9163 14.9332
v  -3.1111 0.9057 14.9282
v  -3.1431 0.9129 14.9414
v  -3.1150 0.9034 14.9365
v  -3.1401 0.9013 14.9523
v  -3.1145 0.8939 14.9470
v  -3.1399 0.8883 14.9596
v  -3.1165 0.8832 14.9546
v  -3.1346 0.8756 14.9662
v  -3.1141 0.8728 14.9616
v  -3.1180 0.8604 14.9675
v  -3.2933 0.9285 15.1770
v  -3.2839 0.9264 15.2008
v  -3.2740 0.9130 15.1960
v  -3.2619 0.9035 15.1920
v  -3.2759 0.9543 15.2455
v  -3.2753 0.9641 15.2451
v  -3.2744 0.9443 15.2454
v  -3.2707 0.9346 15.2449
v  -3.2847 0.9683 15.2123
v  -3.2690 0.9639 15.2395
v  -3.2594 0.9617 15.2312
v  -3.2747 0.9657 15.2059
v  -3.2471 0.9581 15.2663
v  -3.2387 0.9562 15.2560
v  -3.2151 0.9505 15.2927
v  -3.2083 0.9484 15.2807
v  -3.2949 0.9717 15.1287
v  -3.2921 0.9707 15.1546
v  -3.2832 0.9664 15.1533
v  -3.2864 0.9677 15.1285
v  -3.2854 0.9687 15.1804
v  -3.2764 0.9643 15.1779
v  -3.2657 0.9614 15.2024
v  -3.2633 0.9210 15.2439
v  -3.2539 0.9083 15.2424
v  -3.2427 0.8987 15.2422
v  -3.2535 0.9478 15.2713
v  -3.2514 0.9579 15.2732
v  -3.2539 0.9375 15.2689
v  -3.2527 0.9276 15.2660
v  -3.2486 0.9151 15.2626
v  -3.2430 0.9034 15.2586
v  -3.2358 0.8939 15.2561
v  -3.2146 0.9127 15.2821
v  -3.2108 0.8992 15.2747
v  -3.2150 0.9225 15.2153
v  -3.2016 0.9187 15.2366
v  -3.1836 0.9005 15.2326
v  -3.1965 0.9028 15.2120
v  -3.1801 0.9111 15.2589
v  -3.1630 0.8939 15.2545
v  -3.3154 0.9657 15.1009
v  -3.3122 0.9745 15.0996
v  -3.2058 0.8863 15.2667
v  -3.1996 0.8747 15.2606
v  -3.2014 0.9111 15.2984
v  -3.1945 0.8986 15.2963
v  -3.1869 0.8865 15.2934
v  -3.1784 0.8747 15.2928
v  -3.1969 0.9414 14.9446
v  -3.2240 0.9504 14.9538
v  -3.2220 0.9505 14.9615
v  -3.1965 0.9406 14.9344
v  -3.1924 0.9397 14.9574
v  -3.2147 0.9484 14.9732
v  -3.1891 0.9364 14.9651
v  -3.2087 0.9444 14.9792
v  -3.1789 0.9225 14.9764
v  -3.1951 0.9288 14.9893
v  -3.1856 0.9111 14.9939
v  -3.1725 0.9068 14.9829
v  -3.1683 0.8939 14.9976
v  -3.1592 0.8915 14.9885
v  -3.1608 0.8728 15.0007
v  -3.1546 0.8728 14.9935
v  -3.1695 0.9311 14.9314
v  -3.1665 0.9294 14.9194
v  -3.2453 0.8747 15.1277
v  -3.2365 0.8562 15.1275
v  -3.2293 0.8569 15.1733
v  -3.1682 0.9300 14.9447
v  -3.1680 0.9275 14.9535
v  -3.1617 0.9156 14.9654
v  -3.1587 0.9021 14.9731
v  -3.1496 0.8889 14.9801
v  -3.0758 0.8956 14.9167
v  -3.0678 0.8927 14.9032
v  -3.0808 0.8951 14.9272
v  -3.0864 0.8938 14.9351
v  -3.0886 0.8864 14.9449
v  -3.0927 0.8781 14.9522
v  -3.1666 0.9068 15.2693
v  -3.1535 0.8915 15.2631
v  -3.1492 0.8728 15.2580
v  -3.1555 0.8728 15.2511
v  -3.1893 0.9414 15.3085
v  -3.1885 0.9406 15.3187
v  -3.1615 0.9311 15.3206
v  -3.1579 0.9294 15.3325
v  -3.1853 0.9397 15.2956
v  -3.1607 0.9300 15.3073
v  -3.1824 0.9364 15.2878
v  -3.1608 0.9275 15.2985
v  -3.1727 0.9225 15.2761
v  -3.1550 0.9156 15.2863
v  -3.1523 0.9021 15.2785
v  -3.1436 0.8889 15.2711
v  -3.1312 0.9184 15.3295
v  -3.0933 0.8701 14.9591
v  -3.0994 0.8604 14.9647
v  -3.0416 0.8840 14.9209
v  -3.0345 0.8801 14.9079
v  -3.0462 0.8843 14.9295
v  -3.0513 0.8841 14.9362
v  -3.0537 0.8789 14.9443
v  -3.0576 0.8730 14.9505
v  -3.0589 0.8673 14.9564
v  -3.0649 0.8604 14.9610
v  -3.0083 0.8738 14.9296
v  -3.0024 0.8691 14.9175
v  -3.0123 0.8747 14.9359
v  -3.0166 0.8753 14.9409
v  -3.0192 0.8721 14.9468
v  -2.9766 0.8666 14.9426
v  -2.9720 0.8615 14.9318
v  -2.9798 0.8676 14.9461
v  -2.9831 0.8685 14.9490
v  -2.9855 0.8667 14.9524
v  -2.9472 0.8618 15.2838
v  -2.9814 0.8646 15.2894
v  -2.9784 0.8667 15.2921
v  -2.9447 0.8627 15.2851
v  -3.0302 0.8604 14.9589
v  -2.9955 0.8604 14.9587
v  -2.9445 0.8620 14.9538
v  -2.9468 0.8627 14.9552
v  -2.9492 0.8635 14.9566
v  -2.9515 0.8627 14.9579
v  -2.9539 0.8618 14.9593
v  -2.9563 0.8610 14.9607
v  -2.9608 0.8604 14.9602
v  -3.3018 0.9735 15.1569
v  -3.3041 0.9742 15.1289
v  -3.2954 0.9715 15.1847
v  -3.2344 0.9417 15.0357
v  -3.2062 0.9187 15.0170
v  -3.2191 0.9369 15.0130
v  -3.2187 0.9225 15.0389
v  -3.2357 0.9286 15.1275
v  -3.2198 0.9041 15.1058
v  -3.2363 0.9277 15.1054
v  -3.2204 0.9040 15.1272
v  -3.2161 0.9039 15.0844
v  -3.2337 0.9264 15.0832
v  -3.2095 0.9035 15.0629
v  -3.2278 0.9247 15.0611
v  -3.2000 0.9028 15.0414
v  -3.1880 0.9005 15.0203
v  -3.2508 0.9577 15.2267
v  -3.2313 0.9525 15.2504
v  -3.2026 0.9444 15.2745
v  -3.2566 0.9495 15.1509
v  -3.2582 0.9508 15.1279
v  -3.2515 0.9475 15.1738
v  -3.2429 0.9449 15.1965
v  -3.2306 0.9417 15.2191
v  -3.2143 0.9369 15.2412
v  -3.1894 0.9288 15.2639
v  -3.2354 0.9277 15.1496
v  -3.2319 0.9264 15.1716
v  -3.2251 0.9247 15.1935
v  -3.2189 0.9041 15.1485
v  -3.2144 0.9039 15.1697
v  -3.2068 0.9035 15.1909
v  -3.3152 0.9563 15.1021
v  -3.3115 0.9472 15.1034
v  -3.3012 0.9299 15.1047
v  -3.2878 0.9142 15.1060
v  -3.2716 0.9041 15.1069
v  -3.0386 0.7735 15.1372
v  -3.3088 0.9634 15.0725
v  -3.3064 0.9725 15.0702
v  -3.3082 0.9538 15.0751
v  -3.3046 0.9445 15.0777
v  -3.2953 0.9285 15.0804
v  -3.2833 0.9138 15.0833
v  -3.2688 0.9039 15.0855
v  -3.1278 0.7815 15.1446
v  -3.1201 0.7830 15.1632
v  -3.1491 0.7891 15.1522
v  -3.1399 0.7910 15.1776
v  -3.1055 0.7762 15.1368
v  -3.0993 0.7771 15.1483
v  -3.0716 0.7735 15.1286
v  -3.0699 0.7735 15.1329
v  -3.2240 0.8747 15.2198
v  -3.2135 0.8576 15.2171
v  -3.1897 0.8584 15.2571
v  -3.2981 0.9598 15.0443
v  -3.2960 0.9690 15.0408
v  -3.2977 0.9502 15.0480
v  -3.2946 0.9410 15.0520
v  -3.2869 0.9264 15.0562
v  -3.2768 0.9130 15.0606
v  -3.2645 0.9035 15.0641
v  -3.2808 0.9543 15.0112
v  -3.2801 0.9641 15.0116
v  -3.2792 0.9443 15.0113
v  -3.2756 0.9346 15.0116
v  -3.2681 0.9210 15.0123
v  -3.2587 0.9083 15.0134
v  -3.2475 0.8987 15.0131
v  -3.2595 0.9478 14.9845
v  -3.2574 0.9579 14.9826
v  -3.2598 0.9375 14.9869
v  -3.2584 0.9276 14.9898
v  -3.2542 0.9151 14.9930
v  -3.2484 0.9034 14.9968
v  -3.2412 0.8939 14.9990
v  -3.2243 0.9377 14.9593
v  -3.2233 0.9250 14.9654
v  -3.2210 0.9127 14.9721
v  -3.2169 0.8992 14.9793
v  -3.2116 0.8863 14.9871
v  -3.2052 0.8747 14.9930
v  -3.2197 0.9371 14.9536
v  -3.2145 0.9240 14.9541
v  -3.2085 0.9111 14.9553
v  -3.2016 0.8986 14.9571
v  -3.1938 0.8865 14.9596
v  -3.1853 0.8747 14.9599
v  -3.1256 0.9176 15.3416
v  -3.1330 0.9163 15.3176
v  -3.1355 0.9129 15.3095
v  -3.1329 0.9013 15.2985
v  -3.1331 0.8883 15.2912
v  -3.1279 0.8756 15.2844
v  -3.0993 0.9071 15.3328
v  -3.0922 0.9052 15.3456
v  -3.1029 0.9057 15.3214
v  -3.1071 0.9034 15.3133
v  -3.1072 0.8939 15.3027
v  -3.1094 0.8832 15.2953
v  -3.1073 0.8728 15.2882
v  -3.1115 0.8604 15.2824
v  -3.0671 0.8956 15.3314
v  -3.0586 0.8927 15.3446
v  -3.0726 0.8951 15.3212
v  -3.0785 0.8938 15.3135
v  -3.0811 0.8864 15.3038
v  -3.0855 0.8781 15.2967
v  -3.0864 0.8701 15.2898
v  -3.0927 0.8604 15.2844
v  -3.0332 0.8840 15.3258
v  -3.0256 0.8801 15.3386
v  -3.0381 0.8843 15.3174
v  -3.0435 0.8841 15.3109
v  -3.0463 0.8789 15.3030
v  -3.0504 0.8730 15.2969
v  -3.0519 0.8673 15.2910
v  -3.0581 0.8604 15.2867
v  -3.0003 0.8738 15.3157
v  -2.9938 0.8691 15.3276
v  -3.0046 0.8747 15.3096
v  -3.1614 0.8442 15.2853
v  -3.1523 0.8301 15.2764
v  -3.1314 0.8284 15.2840
v  -3.1397 0.8410 15.2930
v  -3.1413 0.8171 15.2633
v  -3.1240 0.8148 15.2675
v  -3.1287 0.8053 15.2467
v  -3.1126 0.8043 15.2516
v  -3.1147 0.7949 15.2217
v  -3.1025 0.7936 15.2243
v  -3.0993 0.7861 15.1953
v  -3.0914 0.7849 15.1955
v  -3.0828 0.7789 15.1678
v  -3.0765 0.7785 15.1700
v  -3.0638 0.7735 15.1397
v  -3.0612 0.7735 15.1412
v  -3.1845 0.9287 15.3176
v  -3.1543 0.9191 15.3306
v  -3.1797 0.9165 15.3157
v  -3.1498 0.9079 15.3277
v  -3.1741 0.9051 15.3134
v  -3.1449 0.8979 15.3247
v  -3.1683 0.8922 15.3098
v  -3.1403 0.8847 15.3200
v  -3.1613 0.8813 15.3062
v  -3.1341 0.8753 15.3158
v  -3.1543 0.8693 15.3034
v  -3.1287 0.8631 15.3111
v  -3.0091 0.8753 15.3048
v  -3.0119 0.8721 15.2990
v  -3.0156 0.8683 15.2945
v  -3.0176 0.8647 15.2901
v  -2.9692 0.8666 15.3014
v  -2.9641 0.8615 15.3120
v  -2.9725 0.8676 15.2980
v  -2.9759 0.8685 15.2953
v  -2.9836 0.8626 15.2869
v  -3.0234 0.8604 15.2873
v  -2.9887 0.8604 15.2862
v  -2.9375 0.8620 15.2889
v  -2.9399 0.8627 15.2876
v  -2.9423 0.8635 15.2863
v  -3.0409 0.7735 15.1392
v  -3.0353 0.7756 15.1674
v  -3.0435 0.7735 15.1409
v  -3.0290 0.7754 15.1644
v  -2.9636 0.8604 15.3113
v  -2.9496 0.8610 15.2825
v  -2.9541 0.8604 15.2832
v  -3.3030 0.9735 15.1008
v  -3.2978 0.9715 15.0728
v  -3.2882 0.9683 15.0448
v  -3.2736 0.9639 15.0169
v  -3.2529 0.9581 14.9893
v  -3.2932 0.9707 15.1027
v  -3.2876 0.9687 15.0767
v  -3.2779 0.9657 15.0507
v  -3.2637 0.9617 15.0248
v  -3.2440 0.9562 14.9992
v  -3.2843 0.9664 15.1037
v  -3.2784 0.9643 15.0787
v  -3.2687 0.9614 15.0538
v  -3.2550 0.9577 15.0290
v  -3.2364 0.9525 15.0045
v  -3.2576 0.9495 15.1049
v  -3.2534 0.9475 15.0819
v  -3.2458 0.9449 15.0588
v  -3.0640 0.8728 14.9707
v  -3.1100 0.8728 15.2728
v  -3.1470 0.8171 14.9878
v  -3.1178 0.8043 14.9983
v  -3.1337 0.8053 15.0039
v  -3.1299 0.8148 14.9829
v  -3.1067 0.7936 15.0252
v  -3.1187 0.7949 15.0283
v  -3.0943 0.7849 15.0535
v  -3.1022 0.7861 15.0541
v  -3.0785 0.7785 15.0784
v  -3.0847 0.7789 15.0809
v  -3.0619 0.7735 15.1065
v  -3.0645 0.7735 15.1081
v  -3.1628 0.9191 14.9212
v  -3.1925 0.9287 14.9353
v  -3.1582 0.9079 14.9238
v  -3.1875 0.9165 14.9371
v  -3.1532 0.8979 14.9267
v  -3.1819 0.9051 14.9392
v  -3.1484 0.8847 14.9312
v  -3.1760 0.8922 14.9425
v  -3.1420 0.8753 14.9351
v  -3.1688 0.8813 14.9458
v  -3.1365 0.8631 14.9396
v  -3.1617 0.8693 14.9484
v  -3.0420 0.7760 15.1698
v  -3.0463 0.7735 15.1421
v  -3.2394 0.8747 15.1748
v  -3.2249 0.8388 15.1273
v  -3.2178 0.8401 15.1715
v  -3.2106 0.8229 15.1270
v  -3.2037 0.8247 15.1684
v  -3.1939 0.8089 15.1266
v  -3.1874 0.8109 15.1643
v  -3.1751 0.7969 15.1262
v  -3.1691 0.7990 15.1593
v  -3.1545 0.7872 15.1258
v  -3.1326 0.7800 15.1253
v  -3.1097 0.7753 15.1249
v  -3.0722 0.7735 15.1241
v  -3.2030 0.8415 15.2139
v  -3.1901 0.8265 15.2084
v  -3.1752 0.8130 15.2007
v  -3.1283 0.8511 14.9437
v  -3.1005 0.8329 14.9478
v  -3.1241 0.8371 14.9517
v  -3.1030 0.8463 14.9382
v  -3.0938 0.8237 14.9559
v  -3.1164 0.8262 14.9603
v  -3.0928 0.8092 14.9785
v  -3.1117 0.8121 14.9798
v  -3.0836 0.8014 14.9916
v  -3.1010 0.8030 14.9942
v  -3.0807 0.7904 15.0227
v  -3.0939 0.7921 15.0233
v  -3.1583 0.8011 15.1913
v  -3.1810 0.8429 15.2530
v  -3.1703 0.8283 15.2454
v  -3.1575 0.8150 15.2345
v  -3.1430 0.8032 15.2211
v  -3.1270 0.7930 15.2013
v  -3.1097 0.7845 15.1805
v  -3.0913 0.7780 15.1588
v  -3.0673 0.7735 15.1367
v  -3.1685 0.8591 15.2895
v  -3.2312 0.8569 15.0814
v  -3.2414 0.8747 15.0803
v  -3.2196 0.8401 15.0828
v  -3.2054 0.8247 15.0852
v  -3.1890 0.8109 15.0886
v  -3.1705 0.7990 15.0929
v  -3.1502 0.7891 15.0992
v  -3.1286 0.7815 15.1059
v  -3.1060 0.7762 15.1127
v  -3.0717 0.7735 15.1195
v  -3.2172 0.8576 15.0370
v  -3.2278 0.8747 15.0348
v  -3.2066 0.8415 15.0398
v  -3.1935 0.8265 15.0448
v  -3.1783 0.8130 15.0518
v  -3.1610 0.8011 15.0605
v  -3.1420 0.7910 15.0734
v  -3.1217 0.7830 15.0870
v  -3.1003 0.7771 15.1010
v  -3.0702 0.7735 15.1152
v  -3.1951 0.8584 14.9960
v  -3.1863 0.8429 14.9998
v  -3.1752 0.8283 15.0070
v  -3.1621 0.8150 15.0173
v  -3.1470 0.8032 15.0301
v  -3.1302 0.7930 15.0492
v  -3.1120 0.7845 15.0693
v  -3.0927 0.7780 15.0902
v  -3.0678 0.7735 15.1113
v  -3.1753 0.8591 14.9628
v  -3.1680 0.8442 14.9667
v  -3.1585 0.8301 14.9752
v  -3.2030 0.8728 15.0875
v  -3.2063 0.8728 15.1269
v  -3.0919 0.8728 15.2747
v  -3.1683 0.8728 15.2372
v  -3.0577 0.8728 15.2770
v  -3.1542 0.8604 14.9779
v  -3.1453 0.8555 15.2993
v  -3.1208 0.8511 15.3066
v  -3.1169 0.8371 15.2985
v  -3.1095 0.8262 15.2896
v  -3.1057 0.8121 15.2699
v  -3.0956 0.8030 15.2551
v  -3.0897 0.7921 15.2257
v  -3.0830 0.7836 15.1948
v  -3.1886 0.8728 15.2033
v  -3.0699 0.7781 15.1715
v  -3.0583 0.7735 15.1424
v  -3.1225 0.9088 15.3391
v  -3.1762 0.8604 15.2431
v  -3.1185 0.8986 15.3355
v  -3.1143 0.8901 15.3321
v  -3.1110 0.8767 15.3265
v  -3.1057 0.8687 15.3221
v  -3.1020 0.8565 15.3158
v  -3.0952 0.8463 15.3111
v  -3.0931 0.8329 15.3014
v  -3.0868 0.8237 15.2930
v  -3.0868 0.8092 15.2704
v  -3.0781 0.8014 15.2569
v  -2.9957 0.8728 14.9684
v  -3.0764 0.7904 15.2257
v  -3.0742 0.7823 15.1930
v  -3.0630 0.7776 15.1722
v  -3.0553 0.7735 15.1430
v  -3.0897 0.8981 15.3429
v  -3.0863 0.8889 15.3390
v  -3.0829 0.8820 15.3354
v  -3.0809 0.8684 15.3293
v  -3.0766 0.8619 15.3250
v  -3.1162 0.8728 14.9771
v  -3.0747 0.8496 15.3173
v  -3.0691 0.8412 15.3127
v  -3.0689 0.8285 15.3018
v  -3.0637 0.8210 15.2941
v  -3.0674 0.8061 15.2690
v  -2.9521 0.8728 15.2732
v  -3.0603 0.7998 15.2570
v  -3.0652 0.7808 15.1902
v  -3.0629 0.7887 15.2243
v  -3.0560 0.7771 15.1722
v  -3.0523 0.7735 15.1432
v  -3.0567 0.8872 15.3419
v  -3.0539 0.8791 15.3380
v  -3.0513 0.8738 15.3346
v  -3.0507 0.8599 15.3282
v  -3.0473 0.8549 15.3243
v  -3.0473 0.8426 15.3156
v  -3.0429 0.8361 15.3114
v  -3.0445 0.8240 15.2996
v  -3.0405 0.8182 15.2929
v  -3.0480 0.8030 15.2655
v  -3.0424 0.7981 15.2554
v  -3.0494 0.7869 15.2216
v  -3.0562 0.7793 15.1863
v  -3.0489 0.7765 15.1714
v  -3.0492 0.7735 15.1429
v  -3.0243 0.8762 15.3362
v  -3.0220 0.8691 15.3325
v  -3.2127 0.8604 15.0857
v  -3.0201 0.8654 15.3297
v  -3.0208 0.8514 15.3233
v  -3.2161 0.8604 15.1271
v  -3.0184 0.8479 15.3201
v  -3.0202 0.8355 15.3107
v  -3.0170 0.8309 15.3072
v  -3.0205 0.8195 15.2947
v  -3.0176 0.8153 15.2894
v  -3.0289 0.7998 15.2601
v  -3.0248 0.7964 15.2522
v  -3.0360 0.7851 15.2174
v  -3.0474 0.7778 15.1813
v  -3.1811 0.8604 15.0095
v  -3.2008 0.8604 15.0460
v  -2.9930 0.8667 15.3259
v  -2.9900 0.8584 15.3208
v  -2.9912 0.8606 15.3228
v  -2.9920 0.8440 15.3147
v  -2.9904 0.8419 15.3124
v  -2.9939 0.8294 15.3026
v  -2.9918 0.8266 15.3002
v  -2.9971 0.8157 15.2874
v  -2.9952 0.8131 15.2837
v  -3.0103 0.7971 15.2527
v  -3.0076 0.7951 15.2473
v  -3.0230 0.7836 15.2120
v  -3.0389 0.7766 15.1752
v  -2.9622 0.8551 15.3089
v  -2.9616 0.8540 15.3080
v  -2.9647 0.8392 15.3026
v  -2.9639 0.8382 15.3015
v  -2.9689 0.8254 15.2916
v  -2.9679 0.8241 15.2905
v  -2.9748 0.8135 15.2776
v  -2.9738 0.8123 15.2759
v  -2.9924 0.7956 15.2434
v  -2.9911 0.7947 15.2408
v  -3.0106 0.7828 15.2052
v  -3.0308 0.7758 15.1682
v  -3.0299 0.8728 14.9687
v  -3.1526 0.8555 14.9520
v  -3.1467 0.8410 14.9581
v  -3.1380 0.8284 14.9667
v  -2.9584 0.8728 14.9701
v  -3.0859 0.7836 15.0539
v  -3.0719 0.7781 15.0766
v  -3.0591 0.7735 15.1052
v  -3.1314 0.9088 14.9114
v  -3.1273 0.8986 14.9147
v  -3.1229 0.8901 14.9180
v  -3.1194 0.8767 14.9234
v  -3.1139 0.8687 14.9276
v  -3.1100 0.8565 14.9338
v  -3.0770 0.7823 15.0553
v  -3.0650 0.7776 15.0756
v  -3.0561 0.7735 15.1045
v  -3.0988 0.8981 14.9062
v  -3.0952 0.8889 14.9100
v  -3.0917 0.8820 14.9134
v  -3.0894 0.8684 14.9194
v  -3.0849 0.8619 14.9235
v  -3.0827 0.8496 14.9311
v  -3.0770 0.8412 14.9355
v  -3.0763 0.8285 14.9464
v  -3.0708 0.8210 14.9538
v  -3.0735 0.8061 14.9791
v  -3.0658 0.7998 14.9908
v  -3.0680 0.7808 15.0577
v  -3.0671 0.7887 15.0235
v  -3.0580 0.7771 15.0753
v  -3.0531 0.7735 15.1042
v  -3.0658 0.8872 14.9058
v  -3.0628 0.8791 14.9096
v  -3.0600 0.8738 14.9128
v  -3.0592 0.8599 14.9192
v  -3.0556 0.8549 14.9230
v  -3.0552 0.8426 14.9317
v  -3.0507 0.8361 14.9357
v  -3.0518 0.8240 14.9476
v  -3.0475 0.8182 14.9541
v  -3.0539 0.8030 14.9818
v  -3.0479 0.7981 14.9916
v  -3.0535 0.7869 15.0257
v  -3.0588 0.7793 15.0613
v  -3.0509 0.7765 15.0759
v  -3.0500 0.7735 15.1043
v  -3.0331 0.8762 14.9101
v  -3.0307 0.8691 14.9137
v  -3.0287 0.8654 14.9165
v  -3.0292 0.8514 14.9228
v  -3.0266 0.8479 14.9260
v  -3.0280 0.8355 14.9355
v  -3.0246 0.8309 14.9388
v  -3.0276 0.8195 14.9514
v  -3.0245 0.8153 14.9566
v  -3.0346 0.7998 14.9864
v  -3.0301 0.7964 14.9941
v  -3.0399 0.7851 15.0293
v  -3.0498 0.7778 15.0659
v  -3.0439 0.7760 15.0772
v  -3.0470 0.7735 15.1050
v  -3.0015 0.8667 14.9191
v  -2.9983 0.8584 14.9242
v  -2.9995 0.8606 14.9222
v  -3.0000 0.8440 14.9302
v  -2.9983 0.8419 14.9325
v  -3.0014 0.8294 14.9424
v  -2.9992 0.8266 14.9448
v  -3.0040 0.8157 14.9578
v  -3.0019 0.8131 14.9614
v  -3.0156 0.7971 14.9930
v  -3.0128 0.7951 14.9983
v  -3.0267 0.7836 15.0342
v  -3.0410 0.7766 15.0716
v  -3.0372 0.7756 15.0792
v  -3.0442 0.7735 15.1061
v  -2.9715 0.8604 14.9326
v  -2.9700 0.8551 14.9348
v  -2.9693 0.8540 14.9357
v  -2.9722 0.8392 14.9412
v  -2.9713 0.8382 14.9423
v  -2.9760 0.8254 14.9524
v  -2.9749 0.8241 14.9535
v  -2.9813 0.8135 14.9667
v  -2.9802 0.8123 14.9683
v  -2.9975 0.7956 15.0015
v  -2.9960 0.7947 15.0041
v  -3.0140 0.7828 15.0405
v  -3.0326 0.7758 15.0783
v  -3.0307 0.7754 15.0820
v  -3.0415 0.7735 15.1076
# 832 vertices

vn 0.1706 -0.5568 0.8130
vn 0.3340 -0.5568 0.7606
vn 0.3044 0.7808 0.5456
vn 0.0880 0.9835 0.1578
vn 0.1589 0.7821 0.6025
vn 0.6128 0.7875 -0.0661
vn 0.1699 0.9853 -0.0183
vn 0.1710 0.9852 -0.0107
vn 0.3192 0.5901 0.7416
vn -0.0000 0.7831 0.6220
vn 0.1566 0.6433 0.7495
vn 0.4294 0.7821 0.4516
vn 0.1249 0.9835 0.1305
vn -0.1589 0.7821 0.6025
vn -0.1566 0.6433 0.7495
vn -0.4294 0.7821 0.4516
vn -0.4537 0.6062 0.6532
vn -0.3044 0.7808 0.5456
vn -0.6190 0.7839 0.0479
vn -0.5338 0.6759 0.5083
vn -0.6364 -0.3433 0.6908
vn -0.5699 -0.5170 0.6386
vn -0.4642 -0.5416 0.7009
vn -0.5112 -0.3802 0.7708
vn -0.3758 -0.7236 0.5789
vn -0.4533 -0.7146 0.5328
vn -0.2924 -0.8400 0.4570
vn -0.3458 -0.8381 0.4220
vn -0.4131 0.8884 -0.2002
vn -0.8076 0.5550 -0.1994
vn -0.5985 0.7854 -0.1579
vn -0.1713 0.9852 0.0067
vn -0.1305 0.9910 -0.0290
vn -0.1710 0.9852 -0.0107
vn -0.1714 0.9852 -0.0021
vn -0.1249 0.9835 0.1305
vn -0.1699 0.9853 -0.0183
vn -0.1926 0.9811 0.0171
vn -0.1674 0.9849 -0.0442
vn -0.1706 0.9849 -0.0295
vn -0.1039 0.9839 -0.1453
vn -0.1598 0.9817 -0.1034
vn -0.0880 0.9835 0.1578
vn -0.0718 0.9839 -0.1636
vn -0.0455 0.9835 0.1748
vn -0.0367 0.9839 -0.1749
vn -0.0000 0.9835 0.1807
vn 0.0000 0.9839 -0.1787
vn 0.0455 0.9835 0.1748
vn 0.0367 0.9839 -0.1749
vn 0.0718 0.9839 -0.1636
vn 0.1039 0.9839 -0.1453
vn 0.1305 0.9910 -0.0290
vn 0.1598 0.9817 -0.1034
vn 0.1926 0.9811 0.0171
vn 0.1706 0.9849 -0.0295
vn 0.1674 0.9849 -0.0442
vn 0.1713 0.9852 0.0067
vn 0.1714 0.9852 -0.0021
vn -0.6835 0.2811 0.6736
vn -0.6217 0.7612 0.1845
vn -0.7821 0.3883 0.4874
vn 0.1926 0.9436 -0.2694
vn 0.1331 0.9436 -0.3032
vn -0.8177 -0.2467 0.5202
vn -0.7553 -0.4779 0.4485
vn -0.6150 -0.6963 0.3701
vn -0.4662 -0.8328 0.2984
vn -0.2581 -0.9129 0.3162
vn -0.3306 -0.9153 0.2301
vn -0.1730 -0.9629 0.2071
vn -0.2153 -0.9646 0.1522
vn -0.0917 -0.9906 0.1016
vn -0.1116 -0.9907 0.0783
vn 0.1116 -0.9907 0.0783
vn 0.0917 -0.9906 0.1016
vn 0.0451 -0.9971 0.0619
vn 0.6835 0.2811 0.6736
vn 0.5337 0.6759 0.5083
vn 0.5673 0.1765 0.8044
vn 0.4537 0.6062 0.6532
vn -0.5673 0.1765 0.8044
vn 0.2221 -0.9109 0.3479
vn 0.1803 -0.9108 0.3713
vn 0.1193 -0.9617 0.2467
vn 0.1485 -0.9618 0.2301
vn 0.0595 -0.9903 0.1252
vn 0.0771 -0.9903 0.1154
vn 0.0235 -0.9973 0.0699
vn 0.0347 -0.9971 0.0671
vn 0.2309 0.3713 0.8994
vn 0.4104 0.1984 0.8901
vn 0.2589 -0.2245 0.9394
vn 0.3891 -0.3426 0.8551
vn -0.2221 -0.9109 0.3479
vn -0.1485 -0.9618 0.2301
vn -0.0771 -0.9903 0.1154
vn -0.0347 -0.9971 0.0671
vn -0.0451 -0.9971 0.0619
vn -0.4104 0.1984 0.8901
vn -0.3192 0.5901 0.7416
vn -0.3891 -0.3426 0.8551
vn -0.3577 -0.5471 0.7568
vn -0.2983 -0.7237 0.6224
vn -0.1803 -0.9108 0.3713
vn -0.2366 -0.8406 0.4873
vn -0.1193 -0.9617 0.2467
vn -0.0595 -0.9903 0.1252
vn -0.0235 -0.9973 0.0699
vn -0.2309 0.3713 0.8994
vn -0.2589 -0.2245 0.9394
vn -0.2482 -0.5339 0.8083
vn -0.2184 -0.7148 0.6643
vn 0.0000 0.7149 0.6992
vn 0.0000 0.5922 0.8058
vn -0.0000 -0.0477 0.9989
vn 0.0000 -0.5082 0.8612
vn 0.0000 -0.7005 0.7136
vn -0.0000 -0.8385 0.5449
vn -0.1780 -0.8398 0.5128
vn 0.0000 -0.9161 0.4010
vn -0.1345 -0.9128 0.3857
vn 0.0000 -0.9635 0.2678
vn -0.0870 -0.9628 0.2560
vn -0.0000 -0.9906 0.1370
vn -0.0400 -0.9907 0.1303
vn 0.0000 -0.9975 0.0700
vn -0.0120 -0.9974 0.0705
vn 0.7821 0.3883 0.4874
vn 0.6217 0.7612 0.1845
vn 0.6364 -0.3433 0.6908
vn 0.8177 -0.2467 0.5202
vn 0.7553 -0.4779 0.4485
vn 0.5699 -0.5170 0.6386
vn 0.4533 -0.7146 0.5328
vn 0.6150 -0.6963 0.3701
vn 0.3458 -0.8381 0.4220
vn 0.4662 -0.8328 0.2984
vn 0.2581 -0.9129 0.3162
vn 0.3306 -0.9153 0.2301
vn 0.1730 -0.9629 0.2071
vn 0.2153 -0.9646 0.1522
vn 0.0551 -0.9970 0.0545
vn -0.6981 0.6468 -0.3072
vn -0.6705 -0.2606 -0.6947
vn -0.7100 -0.2152 -0.6705
vn -0.6546 -0.3473 -0.6715
vn -0.6946 -0.2861 -0.6600
vn 0.5112 -0.3802 0.7708
vn 0.4642 -0.5416 0.7009
vn 0.3758 -0.7236 0.5789
vn 0.2924 -0.8400 0.4570
vn 0.2983 -0.7237 0.6224
vn 0.3577 -0.5471 0.7568
vn 0.2366 -0.8406 0.4873
vn 0.2482 -0.5339 0.8083
vn 0.2184 -0.7148 0.6643
vn 0.1780 -0.8398 0.5128
vn 0.1345 -0.9128 0.3857
vn 0.0870 -0.9628 0.2560
vn 0.6904 -0.5692 0.4465
vn 0.6492 -0.5677 0.5063
vn 0.7945 -0.5547 0.2471
vn 0.0400 -0.9907 0.1303
vn 0.0120 -0.9974 0.0705
vn 0.6190 0.7839 0.0479
vn -0.6170 0.7870 -0.0076
vn -0.6165 0.7870 0.0243
vn 0.4131 0.8884 -0.2003
vn 0.5985 0.7854 -0.1579
vn 0.8076 0.5550 -0.1994
vn 0.0000 0.8567 -0.5158
vn -0.0000 0.2338 -0.9723
vn -0.1817 0.1258 -0.9753
vn -0.1384 0.8226 -0.5515
vn -0.0000 -0.1173 -0.9931
vn -0.1843 -0.1814 -0.9660
vn -0.0000 -0.3718 -0.9283
vn -0.1643 -0.3927 -0.9049
vn 0.0000 -0.5184 -0.8552
vn -0.1461 -0.5208 -0.8411
vn -0.0000 -0.7100 -0.7042
vn -0.1074 -0.7024 -0.7036
vn 0.0000 -0.9506 -0.3105
vn -0.0277 -0.9497 -0.3119
vn -0.7070 0.7057 0.0461
vn -0.7982 0.6020 0.0215
vn -0.8124 0.5822 -0.0318
vn -0.6692 0.7431 -0.0073
vn -0.3053 0.0249 -0.9519
vn -0.0506 -0.9436 -0.3271
vn -0.1627 -0.6844 -0.7107
vn -0.2664 0.7794 -0.5670
vn -0.4117 -0.0482 -0.9100
vn -0.3862 0.7360 -0.5560
vn -0.2841 -0.2294 -0.9310
vn -0.3676 -0.2554 -0.8942
vn -0.2474 -0.4044 -0.8805
vn -0.3161 -0.4037 -0.8586
vn -0.1023 0.9085 0.4052
vn -0.1641 0.8882 0.4292
vn -0.1466 0.9078 0.3930
vn -0.0479 0.9177 0.3945
vn -0.3471 0.8119 0.4693
vn -0.3403 0.8605 0.3791
vn -0.5387 0.6649 0.5173
vn -0.5720 0.7404 0.3530
vn -0.7069 0.5017 0.4987
vn -0.7722 0.5679 0.2851
vn -0.7136 0.4553 0.5325
vn -0.8361 0.4919 0.2429
vn -0.7913 0.3539 0.4986
vn -0.8850 0.4222 0.1963
vn -0.8346 0.2376 0.4969
vn -0.9336 0.3091 0.1811
vn -0.2170 -0.5181 -0.8274
vn -0.2715 -0.5091 -0.8168
vn -0.2040 -0.6605 -0.7226
vn -0.0515 -0.9331 -0.3560
vn -0.5594 -0.0256 -0.8285
vn -0.4932 0.7179 -0.4913
vn -0.5106 -0.1969 -0.8370
vn -0.4438 -0.3416 -0.8285
vn -0.0539 0.9737 0.2215
vn -0.0744 0.9750 0.2095
vn 0.0360 0.9338 0.3560
vn 0.0320 0.9262 0.3758
vn -0.0790 0.9739 0.2129
vn 0.0527 0.9343 0.3525
vn -0.0443 0.9545 0.2950
vn 0.0919 0.9073 0.4104
vn 0.0000 0.9177 0.3973
vn 0.0036 0.9154 0.4024
vn 0.0298 0.8376 0.5455
vn -0.0000 0.8442 0.5361
vn 0.0194 0.9189 0.3940
vn 0.0792 0.8336 0.5467
vn 0.1297 0.8325 0.5386
vn -0.3683 -0.4575 -0.8093
vn -0.2554 -0.5986 -0.7592
vn 0.0580 -0.9017 -0.4284
vn -0.7312 -0.0682 -0.6788
vn -0.6290 0.6694 -0.3953
vn -0.7195 -0.1938 -0.6669
vn -0.6891 -0.3039 -0.6578
vn -0.6570 -0.3965 -0.6412
vn -0.5914 -0.4956 -0.6361
vn -0.2825 -0.8518 -0.4412
vn -0.6363 -0.4188 -0.6479
vn -0.6137 -0.4849 -0.6231
vn 0.2935 0.6033 0.7416
vn 0.3764 0.5873 0.7165
vn 0.3602 0.6324 0.6858
vn 0.3238 0.6077 0.7252
vn 0.4968 0.5464 0.6742
vn 0.8170 0.2839 0.5019
vn 0.1817 0.1258 -0.9753
vn 0.1384 0.8226 -0.5515
vn -0.6091 -0.5217 -0.5974
vn -0.4986 -0.4989 -0.7089
vn -0.6740 -0.3546 -0.6481
vn -0.6493 -0.4216 -0.6330
vn -0.6419 -0.4435 -0.6255
vn -0.6701 -0.4217 -0.6108
vn 0.0301 0.9242 0.3808
vn 0.6981 0.6468 -0.3072
vn 0.0443 0.9545 0.2950
vn 0.7664 0.6142 -0.1881
vn -0.1038 0.8800 0.4635
vn -0.0919 0.9073 0.4104
vn -0.3229 0.7609 0.5629
vn -0.3008 0.7792 0.5498
vn -0.5345 0.5669 0.6268
vn -0.4901 0.5752 0.6549
vn -0.4968 0.5464 0.6742
vn -0.5701 0.5283 0.6292
vn -0.8170 0.2839 0.5019
vn -0.5860 0.4596 0.6674
vn -0.7657 0.5462 0.3397
vn -0.6359 0.2934 0.7138
vn -0.0115 0.9002 0.4354
vn 0.8115 0.5822 -0.0506
vn 0.0000 -0.3928 -0.9196
vn -0.0000 -0.4362 -0.8998
vn -0.2039 -0.4666 -0.8606
vn -0.1553 0.8390 0.5215
vn -0.3576 0.7224 0.5919
vn -0.5291 0.5398 0.6547
vn -0.5474 0.4952 0.6746
vn -0.4975 0.4396 0.7478
vn -0.5846 0.2439 0.7738
vn -0.1136 0.9227 0.3685
vn 0.8560 0.4608 0.2345
vn -0.3058 0.8939 0.3279
vn -0.5476 0.7870 0.2843
vn -0.7568 0.6217 0.2020
vn -0.8164 0.5532 0.1658
vn 0.5701 0.5283 0.6292
vn 0.5860 0.4596 0.6674
vn 0.6359 0.2934 0.7138
vn 0.7657 0.5462 0.3397
vn -0.0301 0.9242 0.3808
vn -0.7664 0.6142 -0.1881
vn 0.0115 0.9002 0.4354
vn -0.8115 0.5822 -0.0506
vn 0.1038 0.8800 0.4635
vn 0.1553 0.8390 0.5215
vn 0.3229 0.7609 0.5629
vn 0.3576 0.7224 0.5919
vn 0.5345 0.5669 0.6268
vn 0.5291 0.5398 0.6547
vn 0.5474 0.4952 0.6746
vn 0.4975 0.4396 0.7478
vn 0.5846 0.2439 0.7738
vn 0.1641 0.8882 0.4292
vn -0.8690 0.4780 0.1278
vn -0.9217 0.3695 0.1179
vn -0.0176 0.9331 0.3591
vn 0.8732 0.3682 0.3192
vn -0.1948 0.9346 0.2976
vn -0.4561 0.8592 0.2317
vn -0.7060 0.6953 0.1345
vn -0.7682 0.6321 0.1017
vn -0.8340 0.5470 0.0723
vn -0.8994 0.4312 0.0719
vn 0.0972 0.9358 0.3387
vn 0.8665 0.2919 0.4049
vn -0.0583 0.9609 0.2705
vn -0.3499 0.9176 0.1884
vn -0.6447 0.7612 0.0709
vn 0.2151 0.9315 0.2934
vn 0.8366 0.3141 0.4488
vn 0.0969 0.9658 0.2405
vn -0.2628 0.9539 0.1448
vn -0.6157 0.7879 0.0116
vn 0.5981 0.8014 -0.0018
vn 0.6692 0.7431 -0.0073
vn 0.6157 0.7879 0.0116
vn 0.5921 0.8058 -0.0018
vn -0.8832 0.4684 0.0223
vn -0.9204 0.3888 -0.0414
vn 0.3127 0.9081 0.2784
vn 0.1771 0.9583 0.2241
vn 0.0251 0.9816 0.1892
vn -0.5921 0.8058 -0.0018
vn -0.5981 0.8014 -0.0018
vn -0.6477 0.7617 -0.0169
vn -0.9937 -0.0316 -0.1077
vn -0.0244 0.9739 0.2258
vn 0.0000 0.9769 0.2135
vn -0.0389 0.9727 0.2288
vn -0.2766 0.6713 0.6877
vn -0.3764 0.5873 0.7165
vn -0.3744 0.6357 0.6751
vn -0.2935 0.6033 0.7416
vn 0.0000 0.5783 0.8158
vn -0.0886 0.4987 0.8622
vn -0.0284 0.5874 0.8088
vn -0.0000 0.4694 0.8830
vn -0.1937 0.5378 0.8205
vn -0.1289 0.5971 0.7918
vn -0.2793 0.5732 0.7704
vn -0.2221 0.6028 0.7664
vn -0.3238 0.6077 0.7252
vn -0.3602 0.6324 0.6858
vn 0.1726 0.8319 0.5273
vn 0.2292 0.8215 0.5221
vn 0.3008 0.7792 0.5498
vn 0.0244 0.7301 0.6829
vn -0.0000 0.7418 0.6706
vn 0.1082 0.7133 0.6924
vn 0.1963 0.6942 0.6925
vn 0.2766 0.6713 0.6877
vn 0.3744 0.6357 0.6751
vn 0.4901 0.5752 0.6549
vn 0.0284 0.5874 0.8088
vn 0.1289 0.5971 0.7918
vn 0.2221 0.6028 0.7664
vn 0.0886 0.4987 0.8622
vn 0.1937 0.5378 0.8205
vn 0.2793 0.5732 0.7704
vn 0.1843 -0.1814 -0.9660
vn 0.1643 -0.3927 -0.9049
vn 0.1461 -0.5208 -0.8411
vn 0.1074 -0.7024 -0.7036
vn 0.0277 -0.9497 -0.3119
vn -0.0551 -0.9970 0.0545
vn 0.3053 0.0249 -0.9519
vn 0.2664 0.7794 -0.5670
vn 0.2841 -0.2294 -0.9310
vn 0.2474 -0.4044 -0.8805
vn 0.2170 -0.5181 -0.8274
vn 0.1627 -0.6844 -0.7107
vn 0.0506 -0.9436 -0.3271
vn -0.1707 -0.9462 -0.2750
vn -0.2057 -0.9487 -0.2402
vn -0.1780 -0.9027 -0.3918
vn -0.2265 -0.9109 -0.3448
vn -0.1441 -0.9787 -0.1464
vn -0.1692 -0.9764 -0.1341
vn -0.0294 -0.9970 -0.0721
vn -0.0618 -0.9936 -0.0944
vn -0.3528 -0.4698 -0.8092
vn -0.3623 -0.4767 -0.8010
vn -0.4583 -0.4623 -0.7591
vn 0.4117 -0.0482 -0.9100
vn 0.3862 0.7360 -0.5560
vn 0.3676 -0.2554 -0.8942
vn 0.3161 -0.4037 -0.8586
vn 0.2715 -0.5091 -0.8168
vn 0.2040 -0.6605 -0.7226
vn 0.0515 -0.9331 -0.3560
vn 0.5594 -0.0256 -0.8285
vn 0.4932 0.7179 -0.4913
vn 0.5106 -0.1969 -0.8370
vn 0.4438 -0.3416 -0.8285
vn 0.3683 -0.4575 -0.8093
vn 0.2554 -0.5986 -0.7592
vn -0.0580 -0.9017 -0.4284
vn 0.7312 -0.0682 -0.6788
vn 0.6290 0.6694 -0.3953
vn 0.7195 -0.1938 -0.6669
vn 0.6891 -0.3039 -0.6578
vn 0.6570 -0.3965 -0.6412
vn 0.5914 -0.4956 -0.6361
vn 0.2825 -0.8518 -0.4412
vn 0.6705 -0.2606 -0.6947
vn 0.6546 -0.3473 -0.6715
vn 0.6363 -0.4188 -0.6479
vn 0.6137 -0.4849 -0.6231
vn 0.6091 -0.5217 -0.5974
vn 0.4986 -0.4989 -0.7089
vn 0.7100 -0.2152 -0.6705
vn 0.6946 -0.2861 -0.6600
vn 0.6740 -0.3546 -0.6481
vn 0.6493 -0.4216 -0.6330
vn 0.6419 -0.4435 -0.6255
vn 0.6701 -0.4217 -0.6108
vn 0.1023 0.9085 0.4052
vn 0.3471 0.8119 0.4693
vn 0.5387 0.6649 0.5173
vn 0.7069 0.5017 0.4987
vn 0.7136 0.4553 0.5325
vn 0.7913 0.3539 0.4986
vn 0.8346 0.2376 0.4969
vn 0.1466 0.9078 0.3930
vn 0.0479 0.9177 0.3945
vn 0.3403 0.8605 0.3791
vn 0.5720 0.7404 0.3530
vn 0.7722 0.5679 0.2851
vn 0.8361 0.4919 0.2429
vn 0.8850 0.4222 0.1963
vn 0.9336 0.3091 0.1811
vn 0.1136 0.9227 0.3685
vn -0.8560 0.4608 0.2345
vn 0.3058 0.8939 0.3279
vn 0.5476 0.7870 0.2843
vn 0.7568 0.6217 0.2020
vn 0.8164 0.5532 0.1658
vn 0.8690 0.4780 0.1278
vn 0.9217 0.3695 0.1179
vn 0.0176 0.9331 0.3591
vn -0.8732 0.3682 0.3192
vn 0.1948 0.9346 0.2976
vn 0.4561 0.8592 0.2317
vn 0.7060 0.6953 0.1345
vn 0.7682 0.6321 0.1017
vn 0.8340 0.5470 0.0723
vn 0.8994 0.4312 0.0719
vn -0.0972 0.9358 0.3387
vn -0.8665 0.2919 0.4049
vn 0.0583 0.9609 0.2705
vn -0.6570 -0.4981 -0.5660
vn -0.5598 -0.6689 -0.4891
vn -0.6695 -0.6816 -0.2953
vn -0.7799 -0.5193 -0.3494
vn -0.4750 -0.7804 -0.4067
vn -0.5536 -0.7955 -0.2464
vn -0.3838 -0.8677 -0.3159
vn -0.4383 -0.8775 -0.1945
vn -0.2872 -0.9274 -0.2397
vn -0.3117 -0.9337 -0.1764
vn -0.2410 -0.9532 -0.1823
vn -0.2319 -0.9590 -0.1629
vn -0.1921 -0.9741 -0.1195
vn -0.1747 -0.9766 -0.1254
vn -0.1426 -0.9849 -0.0979
vn -0.1598 -0.9837 -0.0830
vn -0.8106 -0.2463 -0.5312
vn -0.8568 -0.2904 -0.4261
vn -0.8004 -0.3101 -0.5131
vn -0.8397 -0.3516 -0.4139
vn -0.7980 -0.3497 -0.4908
vn -0.8420 -0.3703 -0.3923
vn -0.7698 -0.4188 -0.4818
vn -0.8083 -0.4383 -0.3931
vn -0.7820 -0.4225 -0.4583
vn -0.8107 -0.4537 -0.3702
vn -0.8116 -0.3974 -0.4281
vn -0.8369 -0.4263 -0.3433
vn 0.3499 0.9176 0.1884
vn 0.6447 0.7612 0.0709
vn 0.7070 0.7057 0.0461
vn 0.7982 0.6020 0.0215
vn -0.2151 0.9315 0.2934
vn -0.8366 0.3141 0.4488
vn -0.0969 0.9658 0.2405
vn 0.2628 0.9539 0.1448
vn 0.8124 0.5822 -0.0318
vn 0.8832 0.4684 0.0223
vn 0.9204 0.3888 -0.0414
vn -0.3127 0.9081 0.2784
vn -0.1771 0.9583 0.2241
vn -0.0251 0.9816 0.1892
vn -0.0675 -0.9967 0.0457
vn -0.1304 -0.9915 -0.0010
vn -0.0856 -0.9956 0.0375
vn -0.1180 -0.9921 0.0427
vn -0.8893 -0.3226 0.3242
vn 0.6477 0.7617 -0.0169
vn 0.9937 -0.0316 -0.1077
vn 0.0244 0.9739 0.2258
vn 0.0389 0.9727 0.2288
vn 0.0539 0.9737 0.2215
vn 0.0744 0.9750 0.2095
vn 0.0790 0.9739 0.2129
vn -0.0036 0.9154 0.4024
vn -0.0194 0.9189 0.3940
vn -0.0320 0.9262 0.3758
vn -0.0360 0.9338 0.3560
vn -0.0527 0.9343 0.3525
vn -0.0298 0.8376 0.5455
vn -0.0792 0.8336 0.5467
vn -0.1297 0.8325 0.5386
vn -0.1726 0.8319 0.5273
vn -0.2292 0.8215 0.5221
vn -0.0244 0.7301 0.6829
vn -0.1082 0.7133 0.6924
vn -0.1963 0.6942 0.6925
vn 0.6157 0.7871 -0.0387
vn -0.8197 0.5551 -0.1415
vn -0.6100 0.7854 -0.1053
vn 0.4750 -0.7804 -0.4067
vn 0.4383 -0.8775 -0.1945
vn 0.3838 -0.8677 -0.3159
vn 0.5536 -0.7955 -0.2464
vn 0.3117 -0.9337 -0.1764
vn 0.2872 -0.9274 -0.2397
vn 0.2319 -0.9590 -0.1629
vn 0.2410 -0.9532 -0.1823
vn 0.1747 -0.9766 -0.1254
vn 0.1921 -0.9741 -0.1195
vn 0.1598 -0.9837 -0.0830
vn 0.1426 -0.9849 -0.0979
vn 0.8568 -0.2904 -0.4261
vn 0.8106 -0.2463 -0.5312
vn 0.8397 -0.3516 -0.4139
vn 0.8004 -0.3101 -0.5131
vn 0.8420 -0.3703 -0.3923
vn 0.7980 -0.3497 -0.4908
vn 0.8083 -0.4383 -0.3931
vn 0.7698 -0.4188 -0.4818
vn 0.8107 -0.4537 -0.3702
vn 0.7820 -0.4225 -0.4583
vn 0.8369 -0.4263 -0.3433
vn 0.8116 -0.3974 -0.4281
vn -0.1434 -0.9887 -0.0427
vn -0.1085 -0.9937 0.0285
vn -0.1896 -0.4425 -0.8765
vn -0.0000 -0.5546 -0.8321
vn -0.2044 -0.5629 -0.8009
vn -0.0000 -0.6625 -0.7491
vn -0.1976 -0.6689 -0.7166
vn 0.0000 -0.7578 -0.6525
vn -0.1908 -0.7608 -0.6203
vn -0.0000 -0.8399 -0.5428
vn -0.1837 -0.8409 -0.5090
vn -0.0000 -0.9051 -0.4252
vn -0.0000 -0.9533 -0.3021
vn 0.0000 -0.9862 -0.1654
vn -0.0000 -0.9984 -0.0561
vn -0.3437 -0.5583 -0.7550
vn -0.3117 -0.6734 -0.6703
vn -0.2821 -0.7678 -0.5753
vn 0.8357 -0.4559 -0.3061
vn 0.7741 -0.5995 -0.2032
vn 0.7809 -0.5602 -0.2764
vn 0.8428 -0.4915 -0.2192
vn 0.6666 -0.7251 -0.1729
vn 0.6707 -0.7034 -0.2351
vn 0.5403 -0.8269 -0.1558
vn 0.5486 -0.8112 -0.2027
vn 0.4418 -0.8881 -0.1270
vn 0.4411 -0.8825 -0.1634
vn 0.3219 -0.9377 -0.1304
vn 0.3185 -0.9349 -0.1564
vn -0.2520 -0.8509 -0.4609
vn -0.4301 -0.5387 -0.7245
vn -0.3811 -0.6715 -0.6355
vn -0.3373 -0.7730 -0.5373
vn -0.2907 -0.8618 -0.4157
vn -0.2539 -0.9207 -0.2964
vn -0.2279 -0.9526 -0.2014
vn -0.1910 -0.9748 -0.1149
vn -0.1032 -0.9893 -0.1035
vn -0.6749 -0.4270 -0.6018
vn 0.2039 -0.4666 -0.8606
vn 0.1896 -0.4425 -0.8765
vn 0.2044 -0.5629 -0.8009
vn 0.1976 -0.6689 -0.7166
vn 0.1908 -0.7608 -0.6203
vn 0.1837 -0.8409 -0.5090
vn 0.1780 -0.9027 -0.3918
vn 0.1707 -0.9462 -0.2750
vn 0.1441 -0.9787 -0.1464
vn 0.0294 -0.9970 -0.0721
vn 0.3623 -0.4767 -0.8010
vn 0.3528 -0.4698 -0.8092
vn 0.3437 -0.5583 -0.7550
vn 0.3117 -0.6734 -0.6703
vn 0.2821 -0.7678 -0.5753
vn 0.2520 -0.8509 -0.4609
vn 0.2265 -0.9109 -0.3448
vn 0.2057 -0.9487 -0.2402
vn 0.1692 -0.9764 -0.1341
vn 0.0618 -0.9936 -0.0944
vn 0.4583 -0.4623 -0.7591
vn 0.4301 -0.5387 -0.7245
vn 0.3811 -0.6715 -0.6355
vn 0.3373 -0.7730 -0.5373
vn 0.2907 -0.8618 -0.4157
vn 0.2539 -0.9207 -0.2964
vn 0.2279 -0.9526 -0.2014
vn 0.1910 -0.9748 -0.1149
vn 0.1032 -0.9893 -0.1035
vn 0.6749 -0.4270 -0.6018
vn 0.6570 -0.4981 -0.5660
vn 0.5598 -0.6689 -0.4891
vn 0.0680 0.9436 -0.3241
vn 0.2204 0.9430 -0.2492
vn -0.8688 0.4951 -0.0078
vn -0.0328 0.9984 0.0459
vn -0.0116 0.9984 0.0552
vn -0.0000 0.9984 0.0564
vn 0.0116 0.9984 0.0552
vn -0.8272 0.5548 -0.0892
vn -0.8303 0.5548 -0.0522
vn -0.6128 0.7875 -0.0661
vn 0.0328 0.9984 0.0459
vn 0.8688 0.4951 -0.0078
vn 0.0000 -1.0000 -0.0025
vn -0.0033 -1.0000 0.0000
vn -0.0179 -0.9998 0.0000
vn -0.0633 -0.9978 0.0203
vn -0.6157 0.7871 -0.0387
vn -0.8319 0.5548 -0.0103
vn -0.1299 -0.9901 0.0523
vn -0.2603 -0.9650 0.0321
vn 0.2825 0.8518 0.4412
vn 0.0033 -1.0000 -0.0000
vn 0.0179 -0.9998 -0.0000
vn 0.0633 -0.9978 0.0203
vn 0.1299 -0.9901 0.0523
vn 0.2603 -0.9650 0.0321
vn -0.2825 0.8518 0.4412
vn -0.6904 -0.5692 0.4465
vn -0.7945 -0.5547 0.2471
vn -0.6492 -0.5677 0.5063
vn -0.8187 -0.4201 -0.3915
vn -0.8357 -0.4559 -0.3061
vn -0.7809 -0.5602 -0.2764
vn -0.6707 -0.7034 -0.2351
vn -0.5486 -0.8112 -0.2027
vn -0.1926 0.9436 -0.2694
vn -0.2204 0.9430 -0.2492
vn -0.4411 -0.8825 -0.1634
vn -0.3185 -0.9349 -0.1564
vn -0.2304 -0.9619 -0.1472
vn -0.1331 0.9436 -0.3032
vn -0.1736 -0.9784 -0.1124
vn 0.4831 -0.5567 0.6758
vn 0.5512 -0.5547 0.6233
vn -0.1640 -0.9849 -0.0561
vn -0.8893 -0.3312 -0.3154
vn -0.8794 -0.3180 -0.3543
vn -0.8676 -0.3891 -0.3096
vn -0.8748 -0.3901 -0.2872
vn -0.8381 -0.4567 -0.2982
vn -0.8283 -0.4860 -0.2788
vn -0.8532 -0.4549 -0.2552
vn -0.8428 -0.4915 -0.2192
vn -0.7741 -0.5995 -0.2032
vn -0.6666 -0.7251 -0.1729
vn -0.0680 0.9436 -0.3241
vn -0.5403 -0.8269 -0.1558
vn -0.4418 -0.8881 -0.1270
vn 0.6165 0.7870 0.0243
vn -0.3219 -0.9377 -0.1304
vn -0.2270 -0.9655 -0.1275
vn -0.1712 -0.9805 -0.0964
vn -0.1602 -0.9867 -0.0292
vn -0.9082 -0.3674 -0.2006
vn -0.8994 -0.3640 -0.2422
vn -0.8840 -0.4218 -0.2016
vn -0.8952 -0.4088 -0.1776
vn -0.8574 -0.4744 -0.1993
vn -0.8345 -0.5185 -0.1866
vn 0.6100 0.7854 -0.1053
vn 0.8197 0.5551 -0.1415
vn -0.8600 -0.4826 -0.1658
vn -0.8400 -0.5261 -0.1327
vn -0.7593 -0.6372 -0.1321
vn -0.6564 -0.7462 -0.1110
vn -0.5274 -0.8426 -0.1092
vn -0.8017 0.5704 -0.1784
vn -0.5494 0.8266 -0.1222
vn -0.4386 -0.8943 -0.0885
vn -0.2195 -0.9696 -0.1079
vn -0.3206 -0.9417 -0.1022
vn -0.1658 -0.9829 -0.0799
vn -0.1488 -0.9889 -0.0047
vn -0.0000 0.9436 -0.3311
vn -0.9143 -0.3966 -0.0825
vn -0.8896 -0.4477 -0.0904
vn -0.9022 -0.4263 -0.0658
vn -0.8654 -0.4913 -0.0982
vn -0.8292 -0.5507 -0.0959
vn -0.8575 -0.5088 -0.0762
vn -0.8278 -0.5589 -0.0483
vn -0.7367 -0.6732 -0.0644
vn -0.6402 -0.7665 -0.0514
vn -0.5096 -0.8580 -0.0645
vn -0.4301 -0.9014 -0.0504
vn -0.3150 -0.9462 -0.0741
vn -0.2072 -0.9740 -0.0911
vn -0.1561 -0.9856 -0.0650
vn -0.1310 -0.9913 0.0151
vn -0.9093 -0.4128 0.0518
vn -0.8854 -0.4636 0.0346
vn -0.1706 -0.5568 0.8130
vn -0.3340 -0.5568 0.7606
vn -0.8966 -0.4386 0.0608
vn 0.8272 0.5548 -0.0892
vn -0.8600 -0.5102 0.0103
vn 0.0000 -0.5568 0.8307
vn -0.8153 -0.5790 0.0083
vn -0.8460 -0.5328 0.0210
vn -0.8075 -0.5881 0.0466
vn -0.7058 -0.7084 0.0077
vn -0.6178 -0.7861 0.0204
vn -0.4845 -0.8747 -0.0142
vn -0.4169 -0.9089 0.0021
vn 0.8303 0.5548 -0.0522
vn -0.3026 -0.9525 -0.0357
vn -0.1864 -0.9799 -0.0717
vn -0.4831 -0.5567 0.6758
vn -0.5512 -0.5547 0.6233
vn -0.8919 -0.3918 0.2259
vn -0.8749 -0.4329 0.2170
vn -0.8727 -0.4474 0.1953
vn -0.8443 -0.5153 0.1468
vn -0.7935 -0.5908 0.1460
vn -0.8283 -0.5409 0.1461
vn -0.7797 -0.6030 0.1687
vn -0.6712 -0.7337 0.1055
vn -0.5901 -0.7982 0.1207
vn -0.4574 -0.8870 0.0635
vn -0.4011 -0.9122 0.0843
vn -0.2781 -0.9602 0.0262
vn -0.1632 -0.9862 -0.0294
vn -0.8772 -0.3741 0.3010
vn -0.8695 -0.4026 0.2860
vn -0.8475 -0.4649 0.2560
vn -0.7839 -0.5825 0.2149
vn -0.8297 -0.4984 0.2514
vn -0.7617 -0.6069 0.2269
vn -0.6587 -0.7264 0.1961
vn -0.5712 -0.8001 0.1832
vn -0.4494 -0.8808 0.1491
vn -0.3866 -0.9106 0.1461
vn -0.2483 -0.9651 0.0831
vn -0.1513 -0.9880 0.0312
vn 0.8319 0.5548 -0.0103
vn 0.6170 0.7870 -0.0076
vn 0.8017 0.5704 -0.1784
vn 0.8313 0.5548 0.0327
vn 0.8187 -0.4201 -0.3915
vn 0.7799 -0.5193 -0.3494
vn 0.6695 -0.6816 -0.2953
vn 0.5494 0.8266 -0.1222
vn 0.2304 -0.9619 -0.1472
vn 0.1736 -0.9784 -0.1124
vn 0.1640 -0.9849 -0.0561
vn 0.8893 -0.3312 -0.3154
vn 0.8794 -0.3180 -0.3543
vn 0.8676 -0.3891 -0.3096
vn 0.8748 -0.3901 -0.2872
vn 0.8381 -0.4567 -0.2982
vn 0.8283 -0.4860 -0.2788
vn 0.8532 -0.4549 -0.2552
vn 0.2270 -0.9655 -0.1275
vn 0.1712 -0.9805 -0.0964
vn 0.1602 -0.9867 -0.0292
vn 0.9082 -0.3674 -0.2006
vn 0.8994 -0.3640 -0.2422
vn 0.8840 -0.4218 -0.2016
vn 0.8952 -0.4088 -0.1776
vn 0.8574 -0.4744 -0.1993
vn 0.8345 -0.5185 -0.1866
vn 0.8600 -0.4826 -0.1658
vn 0.8400 -0.5261 -0.1327
vn 0.7593 -0.6372 -0.1321
vn 0.6564 -0.7462 -0.1110
vn 0.5274 -0.8426 -0.1092
vn 0.4386 -0.8943 -0.0885
vn 0.2195 -0.9696 -0.1079
vn 0.3206 -0.9417 -0.1022
vn 0.1658 -0.9829 -0.0799
vn 0.1488 -0.9889 -0.0047
vn 0.9143 -0.3966 -0.0825
vn 0.8896 -0.4477 -0.0904
vn 0.9022 -0.4263 -0.0658
vn 0.8654 -0.4913 -0.0982
vn 0.8292 -0.5507 -0.0959
vn 0.8575 -0.5088 -0.0762
vn 0.8278 -0.5589 -0.0483
vn 0.7367 -0.6732 -0.0644
vn 0.6402 -0.7665 -0.0514
vn 0.5096 -0.8580 -0.0645
vn 0.4301 -0.9014 -0.0504
vn 0.3150 -0.9462 -0.0741
vn 0.2072 -0.9740 -0.0911
vn 0.1561 -0.9856 -0.0650
vn 0.1310 -0.9913 0.0151
vn 0.9093 -0.4128 0.0518
vn 0.8854 -0.4636 0.0346
vn 0.8966 -0.4386 0.0608
vn 0.8600 -0.5102 0.0103
vn 0.8153 -0.5790 0.0083
vn 0.8460 -0.5328 0.0210
vn 0.8075 -0.5881 0.0466
vn 0.7058 -0.7084 0.0077
vn 0.6178 -0.7861 0.0204
vn 0.4845 -0.8747 -0.0142
vn 0.4169 -0.9089 0.0021
vn 0.3026 -0.9525 -0.0357
vn 0.1864 -0.9799 -0.0717
vn 0.1434 -0.9887 -0.0427
vn 0.1085 -0.9937 0.0285
vn 0.8919 -0.3918 0.2259
vn 0.8749 -0.4329 0.2170
vn 0.8727 -0.4474 0.1953
vn 0.8443 -0.5153 0.1468
vn 0.7935 -0.5908 0.1460
vn 0.8283 -0.5409 0.1461
vn 0.7797 -0.6030 0.1687
vn -0.8313 0.5548 0.0327
vn 0.6712 -0.7337 0.1055
vn 0.5901 -0.7982 0.1207
vn 0.4574 -0.8870 0.0635
vn 0.4011 -0.9122 0.0843
vn 0.2781 -0.9602 0.0262
vn 0.1632 -0.9862 -0.0294
vn 0.1304 -0.9915 -0.0010
vn 0.0856 -0.9956 0.0375
vn 0.8893 -0.3226 0.3242
vn 0.8772 -0.3741 0.3010
vn 0.8695 -0.4026 0.2860
vn 0.8475 -0.4649 0.2560
vn 0.7839 -0.5825 0.2149
vn 0.8297 -0.4984 0.2514
vn 0.7617 -0.6069 0.2269
vn 0.6587 -0.7264 0.1961
vn 0.5712 -0.8001 0.1832
vn 0.4494 -0.8808 0.1491
vn 0.3866 -0.9106 0.1461
vn 0.2483 -0.9651 0.0831
vn 0.1513 -0.9880 0.0312
vn 0.1180 -0.9921 0.0427
vn 0.0675 -0.9967 0.0457
vn 0.0227 0.9984 0.0517
vn -0.0227 0.9984 0.0517
# 882 vertex normals

vt 0.0000 0.0000 0.0000
# 1 texture coords

o Group_013
g Group_013
usemtl Material__59
s off
f 1/1/1 2/1/2 3/1/1 
f 4/1/3 5/1/4 6/1/5 
f 7/1/6 8/1/7 9/1/8 
f 6/1/5 10/1/9 4/1/3 
f 11/1/10 12/1/11 6/1/5 
f 13/1/12 14/1/13 4/1/3 
f 15/1/14 16/1/15 11/1/10 
f 17/1/16 18/1/17 19/1/18 
f 20/1/19 21/1/20 17/1/16 
f 22/1/21 23/1/22 24/1/23 
f 22/1/21 24/1/23 25/1/24 
f 26/1/25 23/1/22 27/1/26 
f 26/1/25 24/1/23 23/1/22 
f 28/1/27 27/1/26 29/1/28 
f 28/1/27 26/1/25 27/1/26 
f 30/1/29 31/1/30 32/1/31 
f 33/1/32 34/1/33 35/1/34 36/1/35 
f 35/1/34 34/1/33 37/1/36 38/1/37 
f 37/1/36 34/1/33 39/1/38 
f 38/1/37 37/1/36 40/1/39 41/1/40 
f 40/1/39 37/1/36 42/1/41 43/1/42 
f 42/1/41 37/1/36 44/1/43 45/1/44 
f 45/1/44 44/1/43 46/1/45 47/1/46 
f 47/1/46 46/1/45 48/1/47 49/1/48 
f 49/1/48 48/1/47 50/1/49 51/1/50 
f 51/1/50 50/1/49 5/1/4 52/1/51 
f 52/1/51 5/1/4 14/1/13 53/1/52 
f 53/1/52 14/1/13 54/1/53 55/1/54 
f 54/1/53 14/1/13 56/1/55 
f 55/1/54 54/1/53 57/1/56 58/1/57 
f 57/1/56 54/1/53 9/1/8 8/1/7 
f 9/1/8 54/1/53 59/1/58 60/1/59 
f 61/1/60 62/1/61 63/1/62 
f 64/1/63 65/1/64 53/1/52 
f 21/1/20 62/1/61 61/1/60 
f 63/1/62 66/1/65 22/1/21 
f 63/1/62 22/1/21 61/1/60 
f 67/1/66 23/1/22 66/1/65 
f 66/1/65 23/1/22 22/1/21 
f 27/1/26 67/1/66 68/1/67 
f 27/1/26 23/1/22 67/1/66 
f 29/1/28 68/1/67 69/1/68 
f 29/1/28 27/1/26 68/1/67 
f 70/1/69 69/1/68 71/1/70 
f 70/1/69 29/1/28 69/1/68 
f 72/1/71 71/1/70 73/1/72 
f 72/1/71 70/1/69 71/1/70 
f 74/1/73 73/1/72 75/1/74 
f 74/1/73 72/1/71 73/1/72 
f 76/1/75 77/1/76 78/1/77 
f 79/1/78 80/1/79 81/1/80 
f 80/1/79 82/1/81 81/1/80 
f 83/1/82 21/1/20 61/1/60 
f 18/1/17 21/1/20 83/1/82 
f 84/1/83 85/1/84 86/1/85 
f 87/1/86 88/1/87 89/1/88 
f 87/1/86 86/1/85 88/1/87 
f 89/1/88 90/1/89 91/1/90 
f 89/1/88 88/1/87 90/1/89 
f 10/1/9 92/1/91 93/1/92 
f 10/1/9 12/1/11 92/1/91 
f 93/1/92 94/1/93 95/1/94 
f 61/1/60 22/1/21 25/1/24 
f 61/1/60 25/1/24 83/1/82 
f 96/1/95 29/1/28 70/1/69 
f 96/1/95 28/1/27 29/1/28 
f 97/1/96 70/1/69 72/1/71 
f 97/1/96 96/1/95 70/1/69 
f 98/1/97 72/1/71 74/1/73 
f 98/1/97 97/1/96 72/1/71 
f 99/1/98 74/1/73 100/1/99 
f 99/1/98 98/1/97 74/1/73 
f 18/1/17 83/1/82 101/1/100 
f 18/1/17 101/1/100 102/1/101 
f 83/1/82 25/1/24 103/1/102 
f 83/1/82 103/1/102 101/1/100 
f 25/1/24 24/1/23 104/1/103 
f 25/1/24 104/1/103 103/1/102 
f 24/1/23 26/1/25 105/1/104 
f 24/1/23 105/1/104 104/1/103 
f 106/1/105 28/1/27 96/1/95 
f 106/1/105 107/1/106 28/1/27 
f 108/1/107 96/1/95 97/1/96 
f 108/1/107 106/1/105 96/1/95 
f 109/1/108 97/1/96 98/1/97 
f 109/1/108 108/1/107 97/1/96 
f 110/1/109 98/1/97 99/1/98 
f 110/1/109 109/1/108 98/1/97 
f 102/1/101 101/1/100 111/1/110 
f 16/1/15 102/1/101 111/1/110 
f 101/1/100 103/1/102 112/1/111 
f 101/1/100 112/1/111 111/1/110 
f 103/1/102 104/1/103 113/1/112 
f 103/1/102 113/1/112 112/1/111 
f 104/1/103 105/1/104 114/1/113 
f 115/1/114 16/1/15 116/1/115 
f 111/1/110 112/1/111 117/1/116 
f 111/1/110 117/1/116 116/1/115 
f 112/1/111 113/1/112 118/1/117 
f 112/1/111 118/1/117 117/1/116 
f 113/1/112 114/1/113 119/1/118 
f 113/1/112 119/1/118 118/1/117 
f 120/1/119 114/1/113 121/1/120 
f 119/1/118 114/1/113 120/1/119 
f 122/1/121 121/1/120 123/1/122 
f 122/1/121 120/1/119 121/1/120 
f 124/1/123 123/1/122 125/1/124 
f 122/1/121 123/1/122 124/1/123 
f 126/1/125 125/1/124 127/1/126 
f 124/1/123 125/1/124 126/1/125 
f 128/1/127 127/1/126 129/1/128 
f 126/1/125 127/1/126 128/1/127 
f 130/1/129 131/1/130 79/1/78 
f 131/1/130 80/1/79 79/1/78 
f 130/1/129 132/1/131 133/1/132 
f 130/1/129 79/1/78 132/1/131 
f 134/1/133 133/1/132 135/1/134 
f 133/1/132 132/1/131 135/1/134 
f 134/1/133 136/1/135 137/1/136 
f 134/1/133 135/1/134 136/1/135 
f 137/1/136 138/1/137 139/1/138 
f 137/1/136 136/1/135 138/1/137 
f 139/1/138 140/1/139 141/1/140 
f 139/1/138 138/1/137 140/1/139 
f 141/1/140 142/1/141 143/1/142 
f 141/1/140 140/1/139 142/1/141 
f 143/1/142 77/1/76 76/1/75 
f 143/1/142 142/1/141 77/1/76 
f 76/1/75 78/1/77 144/1/143 
f 145/1/144 146/1/145 147/1/146 
f 146/1/145 148/1/147 149/1/148 
f 146/1/145 149/1/148 147/1/146 
f 79/1/78 150/1/149 132/1/131 
f 81/1/80 150/1/149 79/1/78 
f 132/1/131 151/1/150 135/1/134 
f 150/1/149 151/1/150 132/1/131 
f 135/1/134 152/1/151 136/1/135 
f 135/1/134 151/1/150 152/1/151 
f 136/1/135 153/1/152 138/1/137 
f 136/1/135 152/1/151 153/1/152 
f 138/1/137 84/1/83 140/1/139 
f 138/1/137 153/1/152 84/1/83 
f 140/1/139 87/1/86 142/1/141 
f 140/1/139 84/1/83 87/1/86 
f 142/1/141 89/1/88 77/1/76 
f 142/1/141 87/1/86 89/1/88 
f 77/1/76 91/1/90 78/1/77 
f 77/1/76 89/1/88 91/1/90 
f 82/1/81 93/1/92 81/1/80 
f 10/1/9 93/1/92 82/1/81 
f 81/1/80 95/1/94 150/1/149 
f 93/1/92 95/1/94 81/1/80 
f 151/1/150 154/1/153 152/1/151 
f 155/1/154 154/1/153 151/1/150 
f 153/1/152 85/1/84 84/1/83 
f 153/1/152 156/1/155 85/1/84 
f 84/1/83 86/1/85 87/1/86 
f 92/1/91 94/1/93 93/1/92 
f 95/1/94 157/1/156 155/1/154 
f 94/1/93 157/1/156 95/1/94 
f 155/1/154 158/1/157 154/1/153 
f 157/1/156 158/1/157 155/1/154 
f 154/1/153 159/1/158 156/1/155 
f 154/1/153 158/1/157 159/1/158 
f 156/1/155 160/1/159 85/1/84 
f 156/1/155 159/1/158 160/1/159 
f 85/1/84 161/1/160 86/1/85 
f 85/1/84 160/1/159 161/1/160 
f 162/1/161 30/1/162 31/1/163 
f 86/1/85 163/1/164 88/1/87 
f 86/1/85 161/1/160 163/1/164 
f 88/1/87 164/1/165 90/1/89 
f 13/1/12 82/1/81 80/1/79 
f 165/1/166 80/1/79 131/1/130 
f 36/1/35 166/1/167 167/1/168 
f 168/1/169 169/1/170 170/1/171 
f 88/1/87 163/1/164 164/1/165 
f 12/1/11 116/1/115 92/1/91 
f 12/1/11 115/1/114 116/1/115 
f 92/1/91 117/1/116 94/1/93 
f 116/1/115 117/1/116 92/1/91 
f 94/1/93 118/1/117 157/1/156 
f 117/1/116 118/1/117 94/1/93 
f 157/1/156 119/1/118 158/1/157 
f 118/1/117 119/1/118 157/1/156 
f 158/1/157 120/1/119 159/1/158 
f 158/1/157 119/1/118 120/1/119 
f 159/1/158 122/1/121 160/1/159 
f 159/1/158 120/1/119 122/1/121 
f 160/1/159 124/1/123 161/1/160 
f 160/1/159 122/1/121 124/1/123 
f 161/1/160 126/1/125 163/1/164 
f 161/1/160 124/1/123 126/1/125 
f 163/1/164 128/1/127 164/1/165 
f 163/1/164 126/1/125 128/1/127 
f 171/1/172 172/1/173 173/1/174 
f 171/1/172 173/1/174 174/1/175 
f 172/1/173 175/1/176 176/1/177 
f 172/1/173 176/1/177 173/1/174 
f 175/1/176 177/1/178 178/1/179 
f 175/1/176 178/1/179 176/1/177 
f 177/1/178 179/1/180 180/1/181 
f 177/1/178 180/1/181 178/1/179 
f 179/1/180 181/1/182 182/1/183 
f 179/1/180 182/1/183 180/1/181 
f 183/1/184 184/1/185 181/1/182 
f 181/1/182 184/1/185 182/1/183 
f 185/1/186 186/1/187 187/1/188 
f 185/1/186 187/1/188 188/1/189 
f 174/1/175 173/1/174 189/1/190 
f 6/1/5 12/1/11 10/1/9 
f 182/1/183 190/1/191 191/1/192 
f 192/1/193 189/1/190 193/1/194 
f 192/1/193 193/1/194 194/1/195 
f 189/1/190 195/1/196 196/1/197 
f 189/1/190 196/1/197 193/1/194 
f 195/1/196 197/1/198 198/1/199 
f 195/1/196 198/1/199 196/1/197 
f 125/1/124 106/1/105 108/1/107 
f 125/1/124 123/1/122 106/1/105 
f 127/1/126 108/1/107 109/1/108 
f 127/1/126 125/1/124 108/1/107 
f 129/1/128 109/1/108 110/1/109 
f 129/1/128 127/1/126 109/1/108 
f 16/1/15 111/1/110 116/1/115 
f 199/1/200 200/1/201 201/1/202 
f 202/1/203 199/1/200 201/1/202 
f 200/1/201 203/1/204 204/1/205 
f 201/1/202 200/1/201 204/1/205 
f 203/1/204 205/1/206 206/1/207 
f 204/1/205 203/1/204 206/1/207 
f 205/1/206 207/1/208 208/1/209 
f 205/1/206 208/1/209 206/1/207 
f 207/1/208 209/1/210 210/1/211 
f 207/1/208 210/1/211 208/1/209 
f 209/1/210 211/1/212 212/1/213 
f 209/1/210 212/1/213 210/1/211 
f 170/1/214 213/1/215 211/1/212 
f 211/1/212 213/1/215 212/1/213 
f 150/1/149 155/1/154 151/1/150 
f 95/1/94 155/1/154 150/1/149 
f 174/1/175 189/1/190 192/1/193 
f 173/1/174 176/1/177 195/1/196 
f 173/1/174 195/1/196 189/1/190 
f 176/1/177 178/1/179 197/1/198 
f 176/1/177 197/1/198 195/1/196 
f 178/1/179 180/1/181 214/1/216 
f 178/1/179 214/1/216 197/1/198 
f 197/1/198 214/1/216 215/1/217 
f 197/1/198 215/1/217 198/1/199 
f 214/1/216 191/1/192 216/1/218 
f 214/1/216 216/1/218 215/1/217 
f 190/1/191 217/1/219 191/1/192 
f 191/1/192 217/1/219 216/1/218 
f 194/1/195 193/1/194 218/1/220 
f 194/1/195 218/1/220 219/1/221 
f 193/1/194 196/1/197 220/1/222 
f 193/1/194 220/1/222 218/1/220 
f 196/1/197 198/1/199 221/1/223 
f 222/1/224 223/1/225 224/1/226 
f 225/1/227 222/1/224 224/1/226 
f 223/1/225 226/1/228 227/1/229 
f 224/1/226 223/1/225 227/1/229 
f 226/1/228 228/1/230 229/1/231 
f 227/1/229 226/1/228 229/1/231 
f 230/1/232 231/1/233 232/1/234 
f 230/1/232 232/1/234 233/1/235 
f 231/1/233 234/1/236 235/1/237 
f 232/1/234 231/1/233 235/1/237 
f 234/1/236 225/1/227 236/1/238 
f 180/1/181 182/1/183 191/1/192 
f 180/1/181 191/1/192 214/1/216 
f 184/1/185 190/1/191 182/1/183 
f 196/1/197 221/1/223 220/1/222 
f 198/1/199 215/1/217 237/1/239 
f 198/1/199 237/1/239 221/1/223 
f 215/1/217 216/1/218 238/1/240 
f 215/1/217 238/1/240 237/1/239 
f 217/1/219 239/1/241 216/1/218 
f 216/1/218 239/1/241 238/1/240 
f 219/1/221 218/1/220 240/1/242 
f 219/1/221 240/1/242 241/1/243 
f 218/1/220 220/1/222 242/1/244 
f 218/1/220 242/1/244 240/1/242 
f 220/1/222 221/1/223 243/1/245 
f 220/1/222 243/1/245 242/1/244 
f 221/1/223 237/1/239 244/1/246 
f 221/1/223 244/1/246 243/1/245 
f 237/1/239 238/1/240 245/1/247 
f 237/1/239 245/1/247 244/1/246 
f 238/1/240 239/1/241 246/1/248 
f 238/1/240 246/1/248 245/1/247 
f 240/1/242 146/1/145 241/1/243 
f 241/1/243 146/1/145 145/1/144 
f 242/1/244 148/1/147 240/1/242 
f 240/1/242 148/1/147 146/1/145 
f 242/1/244 243/1/245 247/1/249 
f 242/1/244 247/1/249 148/1/147 
f 243/1/245 244/1/246 248/1/250 
f 243/1/245 248/1/250 247/1/249 
f 249/1/251 250/1/252 251/1/253 
f 249/1/251 251/1/253 252/1/254 
f 250/1/252 253/1/255 254/1/256 
f 250/1/252 254/1/256 251/1/253 
f 171/1/172 255/1/257 172/1/173 
f 171/1/172 256/1/258 255/1/257 
f 244/1/246 245/1/247 257/1/259 
f 244/1/246 257/1/259 248/1/250 
f 245/1/247 246/1/248 258/1/260 
f 245/1/247 258/1/260 257/1/259 
f 148/1/147 247/1/249 259/1/261 
f 148/1/147 259/1/261 149/1/148 
f 247/1/249 248/1/250 260/1/262 
f 247/1/249 260/1/262 259/1/261 
f 248/1/250 257/1/259 261/1/263 
f 248/1/250 261/1/263 260/1/262 
f 257/1/259 258/1/260 262/1/264 
f 261/1/263 257/1/259 262/1/264 
f 263/1/265 264/1/266 265/1/267 
f 266/1/268 264/1/266 263/1/265 
f 267/1/269 265/1/267 268/1/270 
f 263/1/265 265/1/267 267/1/269 
f 269/1/271 268/1/270 270/1/272 
f 267/1/269 268/1/270 269/1/271 
f 271/1/273 270/1/272 272/1/274 
f 269/1/271 270/1/272 271/1/273 
f 272/1/274 273/1/275 274/1/276 
f 272/1/274 274/1/276 271/1/273 
f 273/1/275 275/1/277 276/1/278 
f 273/1/275 276/1/278 274/1/276 
f 275/1/277 277/1/279 278/1/280 
f 275/1/277 278/1/280 276/1/278 
f 279/1/281 266/1/268 263/1/265 
f 280/1/282 266/1/268 279/1/281 
f 281/1/283 282/1/284 283/1/285 
f 263/1/265 267/1/269 284/1/286 
f 279/1/281 263/1/265 284/1/286 
f 285/1/287 267/1/269 269/1/271 
f 284/1/286 267/1/269 285/1/287 
f 269/1/271 271/1/273 286/1/288 
f 285/1/287 269/1/271 286/1/288 
f 271/1/273 274/1/276 287/1/289 
f 271/1/273 287/1/289 286/1/288 
f 288/1/290 274/1/276 276/1/278 
f 274/1/276 288/1/290 287/1/289 
f 276/1/278 278/1/280 168/1/291 
f 276/1/278 168/1/291 288/1/290 
f 280/1/282 279/1/281 200/1/201 
f 199/1/200 280/1/282 200/1/201 
f 279/1/281 284/1/286 203/1/204 
f 200/1/201 279/1/281 203/1/204 
f 205/1/206 284/1/286 285/1/287 
f 203/1/204 284/1/286 205/1/206 
f 285/1/287 286/1/288 207/1/208 
f 285/1/287 207/1/208 205/1/206 
f 202/1/203 201/1/202 289/1/292 
f 202/1/203 289/1/292 290/1/293 
f 201/1/202 204/1/205 291/1/294 
f 201/1/202 291/1/294 289/1/292 
f 204/1/205 206/1/207 292/1/295 
f 291/1/294 204/1/205 292/1/295 
f 206/1/207 208/1/209 293/1/296 
f 292/1/295 206/1/207 293/1/296 
f 210/1/211 294/1/297 208/1/209 
f 208/1/209 294/1/297 293/1/296 
f 253/1/255 295/1/298 296/1/299 
f 254/1/256 297/1/300 298/1/301 
f 254/1/256 296/1/299 297/1/300 
f 299/1/302 300/1/303 301/1/304 
f 300/1/303 302/1/305 301/1/304 
f 303/1/306 299/1/302 304/1/307 
f 304/1/307 299/1/302 301/1/304 
f 305/1/308 303/1/306 306/1/309 
f 303/1/306 304/1/307 306/1/309 
f 307/1/310 305/1/308 308/1/311 
f 308/1/311 305/1/308 306/1/309 
f 307/1/310 309/1/312 295/1/298 
f 307/1/310 308/1/311 309/1/312 
f 296/1/299 295/1/298 310/1/313 
f 295/1/298 309/1/312 310/1/313 
f 296/1/299 30/1/314 297/1/300 
f 296/1/299 310/1/313 30/1/314 
f 301/1/304 302/1/305 311/1/315 
f 286/1/288 287/1/289 209/1/210 
f 286/1/288 209/1/210 207/1/208 
f 287/1/289 288/1/290 211/1/212 
f 287/1/289 211/1/212 209/1/210 
f 288/1/290 168/1/291 170/1/214 
f 288/1/290 170/1/214 211/1/212 
f 210/1/211 212/1/213 312/1/316 
f 210/1/211 312/1/316 294/1/297 
f 213/1/215 313/1/317 212/1/213 
f 212/1/213 313/1/317 312/1/316 
f 290/1/293 289/1/292 314/1/318 
f 290/1/293 314/1/318 315/1/319 
f 289/1/292 291/1/294 316/1/320 
f 289/1/292 316/1/320 314/1/318 
f 291/1/294 292/1/295 317/1/321 
f 291/1/294 317/1/321 316/1/320 
f 292/1/295 293/1/296 318/1/322 
f 292/1/295 318/1/322 317/1/321 
f 294/1/297 319/1/323 293/1/296 
f 293/1/296 319/1/323 318/1/322 
f 312/1/316 320/1/324 294/1/297 
f 294/1/297 320/1/324 319/1/323 
f 313/1/317 321/1/325 312/1/316 
f 312/1/316 321/1/325 320/1/324 
f 315/1/319 314/1/318 322/1/326 
f 315/1/319 322/1/326 323/1/327 
f 314/1/318 324/1/328 322/1/326 
f 316/1/320 317/1/321 325/1/329 
f 317/1/321 318/1/322 326/1/330 
f 317/1/321 326/1/330 325/1/329 
f 319/1/323 185/1/186 318/1/322 
f 318/1/322 185/1/186 326/1/330 
f 320/1/324 186/1/187 319/1/323 
f 319/1/323 186/1/187 185/1/186 
f 323/1/327 322/1/326 327/1/331 
f 323/1/327 327/1/331 328/1/332 
f 322/1/326 324/1/328 329/1/333 
f 322/1/326 329/1/333 327/1/331 
f 324/1/328 325/1/329 330/1/334 
f 324/1/328 330/1/334 329/1/333 
f 325/1/329 326/1/330 331/1/335 
f 325/1/329 331/1/335 330/1/334 
f 326/1/330 185/1/186 188/1/189 
f 326/1/330 188/1/189 331/1/335 
f 332/1/336 333/1/337 334/1/338 
f 332/1/336 334/1/338 335/1/339 
f 336/1/340 337/1/341 186/1/187 
f 186/1/187 337/1/341 187/1/188 
f 328/1/332 327/1/331 338/1/342 
f 328/1/332 338/1/342 130/1/129 
f 327/1/331 329/1/333 339/1/343 
f 327/1/331 339/1/343 338/1/342 
f 329/1/333 330/1/334 340/1/344 
f 329/1/333 340/1/344 339/1/343 
f 330/1/334 331/1/335 341/1/345 
f 330/1/334 341/1/345 340/1/344 
f 331/1/335 188/1/189 342/1/346 
f 331/1/335 342/1/346 341/1/345 
f 188/1/189 187/1/188 343/1/347 
f 188/1/189 343/1/347 342/1/346 
f 337/1/341 344/1/348 187/1/188 
f 187/1/188 344/1/348 343/1/347 
f 171/1/172 174/1/175 345/1/349 
f 171/1/172 345/1/349 346/1/350 
f 174/1/175 192/1/193 347/1/351 
f 345/1/349 174/1/175 347/1/351 
f 192/1/193 194/1/195 222/1/224 
f 347/1/351 192/1/193 222/1/224 
f 194/1/195 219/1/221 223/1/225 
f 222/1/224 194/1/195 223/1/225 
f 219/1/221 241/1/243 226/1/228 
f 223/1/225 219/1/221 226/1/228 
f 241/1/243 145/1/144 228/1/230 
f 226/1/228 241/1/243 228/1/230 
f 346/1/350 345/1/349 231/1/233 
f 346/1/350 231/1/233 230/1/232 
f 345/1/349 347/1/351 234/1/236 
f 231/1/233 345/1/349 234/1/236 
f 348/1/352 349/1/353 350/1/354 
f 348/1/352 351/1/355 349/1/353 
f 350/1/354 273/1/275 272/1/274 
f 350/1/354 349/1/353 273/1/275 
f 352/1/356 353/1/357 354/1/358 
f 352/1/356 355/1/359 353/1/357 
f 354/1/358 356/1/360 357/1/361 
f 354/1/358 353/1/357 356/1/360 
f 357/1/361 358/1/362 359/1/363 
f 357/1/361 356/1/360 358/1/362 
f 359/1/363 360/1/364 351/1/355 
f 359/1/363 358/1/362 360/1/364 
f 351/1/355 361/1/365 349/1/353 
f 351/1/355 360/1/364 361/1/365 
f 347/1/351 222/1/224 225/1/227 
f 234/1/236 347/1/351 225/1/227 
f 235/1/237 234/1/236 236/1/238 
f 225/1/227 224/1/226 362/1/366 
f 236/1/238 225/1/227 362/1/366 
f 224/1/226 227/1/229 363/1/367 
f 362/1/366 224/1/226 363/1/367 
f 227/1/229 229/1/231 364/1/368 
f 363/1/367 227/1/229 364/1/368 
f 233/1/235 232/1/234 365/1/369 
f 233/1/235 365/1/369 366/1/370 
f 232/1/234 235/1/237 367/1/371 
f 365/1/369 232/1/234 367/1/371 
f 235/1/237 236/1/238 368/1/372 
f 367/1/371 235/1/237 368/1/372 
f 236/1/238 362/1/366 369/1/373 
f 368/1/372 236/1/238 369/1/373 
f 362/1/366 363/1/367 370/1/374 
f 369/1/373 362/1/366 370/1/374 
f 363/1/367 364/1/368 371/1/375 
f 370/1/374 363/1/367 371/1/375 
f 366/1/370 365/1/369 372/1/376 
f 366/1/370 372/1/376 352/1/356 
f 365/1/369 367/1/371 373/1/377 
f 365/1/369 373/1/377 372/1/376 
f 367/1/371 368/1/372 374/1/378 
f 367/1/371 374/1/378 373/1/377 
f 368/1/372 369/1/373 249/1/251 
f 368/1/372 249/1/251 374/1/378 
f 369/1/373 370/1/374 250/1/252 
f 369/1/373 250/1/252 249/1/251 
f 370/1/374 371/1/375 253/1/255 
f 370/1/374 253/1/255 250/1/252 
f 352/1/356 372/1/376 375/1/379 
f 352/1/356 375/1/379 355/1/359 
f 372/1/376 373/1/377 376/1/380 
f 372/1/376 376/1/380 375/1/379 
f 373/1/377 374/1/378 377/1/381 
f 373/1/377 377/1/381 376/1/380 
f 172/1/173 378/1/382 175/1/176 
f 172/1/173 255/1/257 378/1/382 
f 175/1/176 379/1/383 177/1/178 
f 175/1/176 378/1/382 379/1/383 
f 177/1/178 380/1/384 179/1/180 
f 177/1/178 379/1/383 380/1/384 
f 179/1/180 381/1/385 181/1/182 
f 179/1/180 380/1/384 381/1/385 
f 382/1/386 183/1/184 181/1/182 
f 100/1/99 75/1/74 383/1/387 
f 100/1/99 74/1/73 75/1/74 
f 104/1/103 114/1/113 113/1/112 
f 121/1/120 105/1/104 107/1/106 
f 121/1/120 114/1/113 105/1/104 
f 123/1/122 107/1/106 106/1/105 
f 123/1/122 121/1/120 107/1/106 
f 165/1/166 13/1/12 80/1/79 
f 381/1/385 382/1/386 181/1/182 
f 256/1/258 384/1/388 255/1/257 
f 256/1/258 385/1/389 384/1/388 
f 255/1/257 386/1/390 378/1/382 
f 255/1/257 384/1/388 386/1/390 
f 378/1/382 387/1/391 379/1/383 
f 378/1/382 386/1/390 387/1/391 
f 379/1/383 388/1/392 380/1/384 
f 379/1/383 387/1/391 388/1/392 
f 380/1/384 389/1/393 381/1/385 
f 380/1/384 388/1/392 389/1/393 
f 390/1/394 382/1/386 381/1/385 
f 389/1/393 390/1/394 381/1/385 
f 391/1/395 392/1/396 393/1/397 
f 393/1/397 392/1/396 394/1/398 
f 395/1/399 396/1/400 391/1/395 
f 391/1/395 396/1/400 392/1/396 
f 397/1/401 398/1/402 395/1/399 
f 398/1/402 396/1/400 395/1/399 
f 399/1/403 400/1/404 401/1/405 
f 374/1/378 249/1/251 252/1/254 
f 374/1/378 252/1/254 377/1/381 
f 385/1/389 402/1/406 384/1/388 
f 385/1/389 403/1/407 402/1/406 
f 384/1/388 404/1/408 386/1/390 
f 384/1/388 402/1/406 404/1/408 
f 386/1/390 405/1/409 387/1/391 
f 386/1/390 404/1/408 405/1/409 
f 387/1/391 406/1/410 388/1/392 
f 387/1/391 405/1/409 406/1/410 
f 388/1/392 407/1/411 389/1/393 
f 388/1/392 406/1/410 407/1/411 
f 408/1/412 390/1/394 389/1/393 
f 407/1/411 408/1/412 389/1/393 
f 403/1/407 409/1/413 402/1/406 
f 403/1/407 410/1/414 409/1/413 
f 402/1/406 411/1/415 404/1/408 
f 402/1/406 409/1/413 411/1/415 
f 404/1/408 412/1/416 405/1/409 
f 404/1/408 411/1/415 412/1/416 
f 405/1/409 413/1/417 406/1/410 
f 405/1/409 412/1/416 413/1/417 
f 406/1/410 414/1/418 407/1/411 
f 406/1/410 413/1/417 414/1/418 
f 415/1/419 408/1/412 407/1/411 
f 407/1/411 414/1/418 415/1/419 
f 410/1/414 416/1/420 409/1/413 
f 410/1/414 417/1/421 416/1/420 
f 409/1/413 418/1/422 411/1/415 
f 409/1/413 416/1/420 418/1/422 
f 411/1/415 419/1/423 412/1/416 
f 411/1/415 418/1/422 419/1/423 
f 412/1/416 420/1/424 413/1/417 
f 412/1/416 419/1/423 420/1/424 
f 413/1/417 421/1/425 414/1/418 
f 413/1/417 420/1/424 421/1/425 
f 414/1/418 422/1/426 415/1/419 
f 414/1/418 421/1/425 422/1/426 
f 416/1/420 417/1/421 423/1/427 
f 417/1/421 264/1/266 423/1/427 
f 418/1/422 416/1/420 424/1/428 
f 416/1/420 423/1/427 424/1/428 
f 418/1/422 425/1/429 419/1/423 
f 418/1/422 424/1/428 425/1/429 
f 419/1/423 426/1/430 420/1/424 
f 419/1/423 425/1/429 426/1/430 
f 420/1/424 427/1/431 421/1/425 
f 420/1/424 426/1/430 427/1/431 
f 421/1/425 428/1/432 422/1/426 
f 421/1/425 427/1/431 428/1/432 
f 264/1/266 429/1/433 423/1/427 
f 423/1/427 430/1/434 424/1/428 
f 423/1/427 429/1/433 430/1/434 
f 424/1/428 431/1/435 425/1/429 
f 424/1/428 430/1/434 431/1/435 
f 425/1/429 432/1/436 426/1/430 
f 425/1/429 431/1/435 432/1/436 
f 426/1/430 433/1/437 427/1/431 
f 426/1/430 432/1/436 433/1/437 
f 427/1/431 434/1/438 428/1/432 
f 433/1/437 434/1/438 427/1/431 
f 228/1/230 145/1/144 299/1/302 
f 145/1/144 300/1/303 299/1/302 
f 229/1/231 228/1/230 303/1/306 
f 228/1/230 299/1/302 303/1/306 
f 364/1/368 229/1/231 305/1/308 
f 229/1/231 303/1/306 305/1/308 
f 371/1/375 364/1/368 307/1/310 
f 371/1/375 295/1/298 253/1/255 
f 371/1/375 307/1/310 295/1/298 
f 253/1/255 296/1/299 254/1/256 
f 311/1/315 302/1/305 435/1/439 
f 304/1/307 301/1/304 436/1/440 
f 436/1/440 301/1/304 311/1/315 
f 306/1/309 304/1/307 437/1/441 
f 304/1/307 436/1/440 437/1/441 
f 306/1/309 438/1/442 308/1/311 
f 306/1/309 437/1/441 438/1/442 
f 308/1/311 439/1/443 309/1/312 
f 308/1/311 438/1/442 439/1/443 
f 309/1/312 440/1/444 310/1/313 
f 309/1/312 439/1/443 440/1/444 
f 310/1/313 31/1/445 30/1/314 
f 310/1/313 440/1/444 31/1/445 
f 311/1/315 435/1/439 441/1/446 
f 441/1/446 435/1/439 442/1/447 
f 436/1/440 311/1/315 443/1/448 
f 443/1/448 311/1/315 441/1/446 
f 437/1/441 436/1/440 444/1/449 
f 444/1/449 436/1/440 443/1/448 
f 437/1/441 445/1/450 438/1/442 
f 437/1/441 444/1/449 445/1/450 
f 438/1/442 446/1/451 439/1/443 
f 438/1/442 445/1/450 446/1/451 
f 439/1/443 447/1/452 440/1/444 
f 439/1/443 446/1/451 447/1/452 
f 31/1/445 440/1/444 448/1/453 
f 440/1/444 447/1/452 448/1/453 
f 449/1/454 441/1/446 442/1/447 
f 449/1/454 442/1/447 450/1/455 
f 443/1/448 441/1/446 451/1/456 
f 451/1/456 441/1/446 449/1/454 
f 444/1/449 443/1/448 452/1/457 
f 452/1/457 443/1/448 451/1/456 
f 444/1/449 453/1/458 445/1/450 
f 453/1/458 444/1/449 452/1/457 
f 446/1/451 445/1/450 454/1/459 
f 445/1/450 453/1/458 454/1/459 
f 446/1/451 455/1/460 447/1/452 
f 446/1/451 454/1/459 455/1/460 
f 448/1/453 447/1/452 456/1/461 
f 447/1/452 455/1/460 456/1/461 
f 457/1/462 449/1/454 450/1/455 
f 457/1/462 450/1/455 458/1/463 
f 459/1/464 451/1/456 449/1/454 
f 459/1/464 449/1/454 457/1/462 
f 460/1/465 452/1/457 451/1/456 
f 460/1/465 451/1/456 459/1/464 
f 461/1/466 453/1/458 452/1/457 
f 461/1/466 452/1/457 460/1/465 
f 454/1/459 453/1/458 462/1/467 
f 453/1/458 461/1/466 462/1/467 
f 455/1/460 454/1/459 463/1/468 
f 454/1/459 462/1/467 463/1/468 
f 456/1/461 455/1/460 464/1/469 
f 455/1/460 463/1/468 464/1/469 
f 465/1/470 457/1/462 458/1/463 
f 465/1/470 458/1/463 466/1/471 
f 467/1/472 457/1/462 465/1/470 
f 468/1/473 469/1/474 470/1/475 
f 468/1/473 470/1/475 471/1/476 
f 472/1/477 473/1/478 469/1/474 
f 473/1/478 470/1/475 469/1/474 
f 474/1/479 475/1/480 472/1/477 
f 475/1/480 473/1/478 472/1/477 
f 476/1/481 477/1/482 474/1/479 
f 477/1/482 475/1/480 474/1/479 
f 478/1/483 479/1/484 476/1/481 
f 479/1/484 477/1/482 476/1/481 
f 480/1/485 481/1/486 478/1/483 
f 481/1/486 479/1/484 478/1/483 
f 482/1/487 483/1/488 480/1/485 
f 483/1/488 481/1/486 480/1/485 
f 300/1/303 484/1/489 485/1/490 
f 300/1/303 485/1/490 302/1/305 
f 484/1/489 486/1/491 487/1/492 
f 484/1/489 487/1/492 485/1/490 
f 486/1/491 488/1/493 489/1/494 
f 486/1/491 489/1/494 487/1/492 
f 488/1/493 490/1/495 491/1/496 
f 488/1/493 491/1/496 489/1/494 
f 490/1/495 492/1/497 493/1/498 
f 490/1/495 493/1/498 491/1/496 
f 492/1/497 494/1/499 495/1/500 
f 364/1/368 305/1/308 307/1/310 
f 496/1/501 460/1/465 459/1/464 
f 497/1/502 461/1/466 460/1/465 
f 497/1/502 460/1/465 496/1/501 
f 462/1/467 461/1/466 498/1/503 
f 461/1/466 497/1/502 498/1/503 
f 463/1/468 462/1/467 499/1/504 
f 462/1/467 498/1/503 499/1/504 
f 500/1/505 465/1/470 466/1/471 
f 500/1/505 466/1/471 501/1/506 
f 502/1/507 467/1/472 465/1/470 
f 502/1/507 465/1/470 500/1/505 
f 503/1/508 496/1/501 467/1/472 
f 503/1/508 467/1/472 502/1/507 
f 334/1/338 497/1/502 496/1/501 
f 334/1/338 496/1/501 503/1/508 
f 333/1/337 498/1/503 497/1/502 
f 333/1/337 497/1/502 334/1/338 
f 504/1/509 499/1/504 498/1/503 
f 504/1/509 498/1/503 333/1/337 
f 505/1/510 499/1/504 506/1/511 
f 499/1/504 504/1/509 506/1/511 
f 507/1/512 500/1/505 501/1/506 
f 507/1/512 501/1/506 63/1/62 
f 508/1/513 502/1/507 500/1/505 
f 508/1/513 500/1/505 507/1/512 
f 509/1/514 503/1/508 502/1/507 
f 509/1/514 502/1/507 508/1/513 
f 335/1/339 334/1/338 503/1/508 
f 335/1/339 503/1/508 509/1/514 
f 510/1/515 511/1/516 512/1/517 
f 510/1/515 513/1/518 511/1/516 
f 501/1/506 514/1/519 63/1/62 
f 515/1/520 504/1/509 333/1/337 
f 515/1/520 333/1/337 332/1/336 
f 506/1/511 504/1/509 516/1/521 
f 504/1/509 515/1/520 516/1/521 
f 256/1/258 171/1/172 517/1/522 
f 517/1/522 171/1/172 346/1/350 
f 385/1/389 256/1/258 518/1/523 
f 518/1/523 256/1/258 517/1/522 
f 403/1/407 385/1/389 519/1/524 
f 519/1/524 385/1/389 518/1/523 
f 410/1/414 403/1/407 520/1/525 
f 520/1/525 403/1/407 519/1/524 
f 417/1/421 410/1/414 521/1/526 
f 521/1/526 410/1/414 520/1/525 
f 264/1/266 417/1/421 265/1/267 
f 265/1/267 417/1/421 521/1/526 
f 517/1/522 346/1/350 522/1/527 
f 522/1/527 346/1/350 230/1/232 
f 518/1/523 517/1/522 523/1/528 
f 523/1/528 517/1/522 522/1/527 
f 519/1/524 518/1/523 524/1/529 
f 524/1/529 518/1/523 523/1/528 
f 520/1/525 519/1/524 525/1/530 
f 525/1/530 519/1/524 524/1/529 
f 521/1/526 520/1/525 526/1/531 
f 526/1/531 520/1/525 525/1/530 
f 265/1/267 521/1/526 268/1/270 
f 268/1/270 521/1/526 526/1/531 
f 522/1/527 230/1/232 527/1/532 
f 527/1/532 230/1/232 233/1/235 
f 523/1/528 522/1/527 528/1/533 
f 528/1/533 522/1/527 527/1/532 
f 524/1/529 523/1/528 529/1/534 
f 529/1/534 523/1/528 528/1/533 
f 525/1/530 524/1/529 530/1/535 
f 530/1/535 524/1/529 529/1/534 
f 526/1/531 525/1/530 531/1/536 
f 531/1/536 525/1/530 530/1/535 
f 268/1/270 526/1/531 270/1/272 
f 270/1/272 526/1/531 531/1/536 
f 527/1/532 233/1/235 532/1/537 
f 532/1/537 233/1/235 366/1/370 
f 528/1/533 527/1/532 533/1/538 
f 533/1/538 527/1/532 532/1/537 
f 529/1/534 528/1/533 534/1/539 
f 534/1/539 528/1/533 533/1/538 
f 530/1/535 529/1/534 348/1/352 
f 348/1/352 529/1/534 534/1/539 
f 531/1/536 530/1/535 350/1/354 
f 350/1/354 530/1/535 348/1/352 
f 270/1/272 531/1/536 272/1/274 
f 535/1/540 9/1/8 60/1/59 
f 272/1/274 531/1/536 350/1/354 
f 366/1/370 354/1/358 532/1/537 
f 32/1/31 448/1/541 536/1/542 
f 366/1/370 352/1/356 354/1/358 
f 537/1/543 538/1/544 539/1/545 
f 540/1/546 538/1/544 537/1/543 
f 539/1/545 541/1/547 542/1/548 
f 538/1/544 541/1/547 539/1/545 
f 542/1/548 543/1/549 544/1/550 
f 541/1/547 543/1/549 542/1/548 
f 544/1/550 545/1/551 546/1/552 
f 543/1/549 545/1/551 544/1/550 
f 546/1/552 547/1/553 548/1/554 
f 545/1/551 547/1/553 546/1/552 
f 266/1/268 549/1/555 550/1/556 
f 266/1/268 280/1/282 549/1/555 
f 550/1/556 551/1/557 552/1/558 
f 550/1/556 549/1/555 551/1/557 
f 552/1/558 553/1/559 554/1/560 
f 552/1/558 551/1/557 553/1/559 
f 554/1/560 555/1/561 556/1/562 
f 554/1/560 553/1/559 555/1/561 
f 556/1/562 557/1/563 558/1/564 
f 556/1/562 555/1/561 557/1/563 
f 558/1/564 559/1/565 560/1/566 
f 532/1/537 357/1/361 533/1/538 
f 532/1/537 354/1/358 357/1/361 
f 533/1/538 359/1/363 534/1/539 
f 533/1/538 357/1/361 359/1/363 
f 534/1/539 351/1/355 348/1/352 
f 534/1/539 359/1/363 351/1/355 
f 349/1/353 275/1/277 273/1/275 
f 349/1/353 361/1/365 275/1/277 
f 512/1/517 561/1/567 562/1/568 
f 512/1/517 511/1/516 561/1/567 
f 281/1/283 283/1/285 563/1/569 
f 282/1/284 564/1/570 565/1/571 
f 283/1/285 282/1/284 565/1/571 
f 564/1/570 566/1/572 567/1/573 
f 565/1/571 564/1/570 567/1/573 
f 568/1/574 569/1/575 566/1/572 
f 566/1/572 569/1/575 567/1/573 
f 570/1/576 571/1/577 568/1/574 
f 568/1/574 571/1/577 569/1/575 
f 572/1/578 393/1/397 570/1/576 
f 570/1/576 393/1/397 571/1/577 
f 573/1/579 391/1/395 572/1/578 
f 572/1/578 391/1/395 393/1/397 
f 574/1/580 395/1/399 573/1/579 
f 573/1/579 395/1/399 391/1/395 
f 574/1/580 575/1/581 397/1/401 
f 574/1/580 397/1/401 395/1/399 
f 563/1/569 283/1/285 400/1/404 
f 563/1/569 400/1/404 399/1/403 
f 283/1/285 565/1/571 576/1/582 
f 400/1/404 283/1/285 576/1/582 
f 565/1/571 567/1/573 577/1/583 
f 576/1/582 565/1/571 577/1/583 
f 569/1/575 578/1/584 567/1/573 
f 567/1/573 578/1/584 577/1/583 
f 579/1/585 580/1/586 581/1/587 
f 579/1/585 582/1/588 580/1/586 
f 581/1/587 583/1/589 584/1/590 
f 581/1/587 580/1/586 583/1/589 
f 584/1/590 585/1/591 586/1/592 
f 583/1/589 585/1/591 584/1/590 
f 586/1/592 587/1/593 588/1/594 
f 585/1/591 587/1/593 586/1/592 
f 588/1/594 589/1/595 590/1/596 
f 587/1/593 589/1/595 588/1/594 
f 571/1/577 591/1/597 569/1/575 
f 569/1/575 591/1/597 578/1/584 
f 393/1/397 394/1/398 571/1/577 
f 571/1/577 394/1/398 591/1/597 
f 399/1/403 401/1/405 258/1/260 
f 400/1/404 576/1/582 592/1/598 
f 401/1/405 400/1/404 592/1/598 
f 576/1/582 577/1/583 593/1/599 
f 592/1/598 576/1/582 593/1/599 
f 578/1/584 594/1/600 577/1/583 
f 577/1/583 594/1/600 593/1/599 
f 591/1/597 595/1/601 578/1/584 
f 578/1/584 595/1/601 594/1/600 
f 394/1/398 596/1/602 591/1/597 
f 591/1/597 596/1/602 595/1/601 
f 392/1/396 597/1/603 394/1/398 
f 394/1/398 597/1/603 596/1/602 
f 396/1/400 598/1/604 392/1/396 
f 598/1/604 597/1/603 392/1/396 
f 398/1/402 599/1/605 396/1/400 
f 599/1/605 598/1/604 396/1/400 
f 258/1/260 401/1/405 600/1/606 
f 258/1/260 600/1/606 262/1/264 
f 401/1/405 592/1/598 468/1/473 
f 600/1/606 401/1/405 468/1/473 
f 592/1/598 593/1/599 469/1/474 
f 468/1/473 592/1/598 469/1/474 
f 594/1/600 472/1/477 593/1/599 
f 593/1/599 472/1/477 469/1/474 
f 595/1/601 474/1/479 594/1/600 
f 594/1/600 474/1/479 472/1/477 
f 596/1/602 476/1/481 595/1/601 
f 595/1/601 476/1/481 474/1/479 
f 597/1/603 478/1/483 596/1/602 
f 478/1/483 476/1/481 596/1/602 
f 598/1/604 480/1/485 597/1/603 
f 480/1/485 478/1/483 597/1/603 
f 599/1/605 482/1/487 598/1/604 
f 482/1/487 480/1/485 598/1/604 
f 281/1/283 601/1/607 282/1/284 
f 602/1/608 601/1/607 281/1/283 
f 282/1/284 603/1/609 564/1/570 
f 601/1/607 603/1/609 282/1/284 
f 564/1/570 604/1/610 566/1/572 
f 603/1/609 604/1/610 564/1/570 
f 605/1/611 568/1/574 566/1/572 
f 604/1/610 605/1/611 566/1/572 
f 606/1/612 570/1/576 568/1/574 
f 605/1/611 606/1/612 568/1/574 
f 607/1/613 572/1/578 570/1/576 
f 606/1/612 607/1/613 570/1/576 
f 608/1/614 573/1/579 572/1/578 
f 607/1/613 608/1/614 572/1/578 
f 609/1/615 574/1/580 573/1/579 
f 608/1/614 609/1/615 573/1/579 
f 610/1/616 575/1/581 574/1/580 
f 609/1/615 610/1/616 574/1/580 
f 602/1/608 611/1/617 601/1/607 
f 612/1/618 611/1/617 602/1/608 
f 601/1/607 613/1/619 603/1/609 
f 611/1/617 613/1/619 601/1/607 
f 603/1/609 614/1/620 604/1/610 
f 613/1/619 614/1/620 603/1/609 
f 615/1/621 605/1/611 604/1/610 
f 614/1/620 615/1/621 604/1/610 
f 616/1/622 606/1/612 605/1/611 
f 55/1/54 64/1/63 53/1/52 
f 615/1/621 616/1/622 605/1/611 
f 617/1/623 607/1/613 606/1/612 
f 616/1/622 617/1/623 606/1/612 
f 618/1/624 608/1/614 607/1/613 
f 617/1/623 618/1/624 607/1/613 
f 619/1/625 609/1/615 608/1/614 
f 618/1/624 619/1/625 608/1/614 
f 609/1/615 620/1/626 610/1/616 
f 619/1/625 620/1/626 609/1/615 
f 612/1/618 621/1/627 611/1/617 
f 428/1/432 621/1/627 612/1/618 
f 611/1/617 622/1/628 613/1/619 
f 621/1/627 622/1/628 611/1/617 
f 613/1/619 623/1/629 614/1/620 
f 622/1/628 623/1/629 613/1/619 
f 624/1/630 615/1/621 614/1/620 
f 623/1/629 624/1/630 614/1/620 
f 625/1/631 616/1/622 615/1/621 
f 624/1/630 625/1/631 615/1/621 
f 626/1/632 617/1/623 616/1/622 
f 625/1/631 626/1/632 616/1/622 
f 627/1/633 618/1/624 617/1/623 
f 626/1/632 627/1/633 617/1/623 
f 618/1/624 628/1/634 619/1/625 
f 627/1/633 628/1/634 618/1/624 
f 619/1/625 629/1/635 620/1/626 
f 628/1/634 629/1/635 619/1/625 
f 428/1/432 630/1/636 621/1/627 
f 434/1/438 630/1/636 428/1/432 
f 621/1/627 631/1/637 622/1/628 
f 630/1/636 631/1/637 621/1/627 
f 622/1/628 632/1/638 623/1/629 
f 631/1/637 632/1/638 622/1/628 
f 537/1/543 624/1/630 623/1/629 
f 632/1/638 537/1/543 623/1/629 
f 539/1/545 625/1/631 624/1/630 
f 537/1/543 539/1/545 624/1/630 
f 542/1/548 626/1/632 625/1/631 
f 539/1/545 542/1/548 625/1/631 
f 65/1/64 633/1/639 52/1/51 
f 626/1/632 544/1/550 627/1/633 
f 542/1/548 544/1/550 626/1/632 
f 277/1/640 64/1/63 55/1/54 
f 627/1/633 546/1/552 628/1/634 
f 544/1/550 546/1/552 627/1/633 
f 628/1/634 548/1/554 629/1/635 
f 546/1/552 548/1/554 628/1/634 
f 428/1/641 64/1/642 277/1/279 
f 107/1/106 105/1/104 28/1/27 
f 633/1/643 602/1/643 281/1/644 634/1/644 
f 1/1/645 634/1/644 281/1/644 563/1/645 
f 456/1/646 464/1/647 635/1/648 
f 31/1/30 448/1/541 32/1/31 
f 636/1/649 258/1/650 298/1/301 
f 382/1/386 355/1/651 183/1/184 
f 448/1/541 456/1/646 536/1/542 
f 353/1/652 355/1/651 382/1/386 
f 390/1/394 356/1/653 353/1/652 382/1/386 
f 390/1/394 408/1/412 358/1/654 356/1/653 
f 415/1/419 358/1/654 408/1/412 
f 637/1/655 505/1/656 166/1/167 
f 415/1/419 360/1/657 358/1/654 
f 422/1/426 360/1/657 415/1/419 
f 422/1/426 361/1/658 360/1/657 
f 422/1/426 275/1/277 361/1/658 
f 258/1/650 254/1/256 298/1/301 
f 246/1/659 254/1/256 258/1/650 
f 355/1/651 184/1/185 183/1/184 
f 355/1/651 375/1/660 184/1/185 
f 105/1/104 26/1/25 28/1/27 
f 190/1/191 184/1/185 375/1/660 376/1/661 
f 190/1/191 376/1/661 377/1/662 217/1/219 
f 536/1/542 456/1/646 635/1/648 
f 377/1/662 239/1/241 217/1/219 
f 377/1/662 252/1/663 239/1/241 
f 252/1/663 246/1/248 239/1/241 
f 252/1/663 251/1/664 246/1/248 
f 251/1/664 254/1/256 246/1/248 
f 428/1/641 277/1/279 275/1/277 
f 422/1/665 428/1/641 275/1/277 
f 464/1/647 505/1/656 637/1/655 
f 145/1/144 147/1/146 484/1/489 
f 145/1/144 484/1/489 300/1/303 
f 147/1/146 149/1/148 486/1/491 
f 147/1/146 486/1/491 484/1/489 
f 4/1/3 10/1/9 82/1/81 
f 638/1/666 170/1/667 168/1/668 
f 149/1/148 259/1/261 488/1/493 
f 149/1/148 488/1/493 486/1/491 
f 259/1/261 260/1/262 490/1/495 
f 259/1/261 490/1/495 488/1/493 
f 260/1/262 261/1/263 492/1/497 
f 260/1/262 492/1/497 490/1/495 
f 261/1/263 262/1/264 494/1/499 
f 261/1/263 494/1/499 492/1/497 
f 262/1/264 600/1/606 639/1/669 
f 262/1/264 639/1/669 494/1/499 
f 600/1/606 468/1/473 471/1/476 
f 600/1/606 471/1/476 639/1/669 
f 492/1/497 495/1/500 493/1/498 
f 494/1/499 639/1/669 640/1/670 
f 494/1/499 640/1/670 495/1/500 
f 639/1/669 471/1/476 641/1/671 
f 639/1/669 641/1/671 640/1/670 
f 635/1/648 464/1/647 637/1/655 
f 471/1/476 470/1/475 642/1/672 
f 471/1/476 642/1/672 641/1/671 
f 473/1/478 643/1/673 470/1/475 
f 42/1/41 636/1/674 43/1/42 
f 643/1/673 642/1/672 470/1/475 
f 43/1/42 636/1/674 298/1/675 297/1/675 
f 475/1/480 644/1/676 473/1/478 
f 644/1/676 643/1/673 473/1/478 
f 477/1/482 645/1/677 475/1/480 
f 645/1/677 644/1/676 475/1/480 
f 646/1/678 477/1/482 479/1/484 
f 43/1/42 297/1/675 30/1/29 
f 646/1/678 645/1/677 477/1/482 
f 647/1/679 636/1/674 42/1/41 
f 481/1/486 648/1/680 479/1/484 
f 636/1/681 30/1/162 162/1/161 
f 30/1/162 636/1/681 298/1/682 
f 30/1/162 298/1/682 297/1/682 
f 648/1/680 646/1/678 479/1/484 
f 45/1/44 647/1/679 42/1/41 
f 483/1/488 649/1/683 481/1/486 
f 649/1/683 648/1/680 481/1/486 
f 302/1/305 485/1/490 650/1/684 
f 302/1/305 650/1/684 435/1/685 
f 636/1/681 162/1/161 651/1/681 
f 485/1/490 487/1/492 652/1/686 
f 485/1/490 652/1/686 650/1/684 
f 487/1/492 489/1/494 653/1/687 
f 487/1/492 653/1/687 652/1/686 
f 489/1/494 491/1/496 654/1/688 
f 489/1/494 654/1/688 653/1/687 
f 491/1/496 493/1/498 655/1/689 
f 491/1/496 655/1/689 654/1/688 
f 493/1/498 495/1/500 656/1/690 
f 493/1/498 656/1/690 655/1/689 
f 495/1/500 640/1/670 657/1/691 
f 168/1/169 278/1/640 277/1/640 55/1/54 
f 495/1/500 657/1/691 656/1/690 
f 640/1/670 641/1/671 658/1/692 
f 52/1/51 633/1/639 51/1/50 
f 640/1/670 658/1/692 657/1/691 
f 641/1/671 642/1/672 659/1/693 
f 641/1/671 659/1/693 658/1/692 
f 47/1/46 1/1/694 45/1/44 
f 643/1/673 660/1/695 642/1/672 
f 1/1/694 647/1/679 45/1/44 
f 660/1/695 659/1/693 642/1/672 
f 644/1/676 661/1/696 643/1/673 
f 662/1/697 60/1/59 59/1/58 
f 661/1/696 660/1/695 643/1/673 
f 645/1/677 663/1/698 644/1/676 
f 663/1/698 661/1/696 644/1/676 
f 664/1/699 645/1/677 646/1/678 
f 664/1/699 663/1/698 645/1/677 
f 648/1/680 665/1/700 646/1/678 
f 665/1/700 664/1/699 646/1/678 
f 649/1/683 666/1/701 648/1/680 
f 666/1/701 665/1/700 648/1/680 
f 435/1/685 650/1/684 667/1/702 
f 435/1/685 667/1/702 442/1/703 
f 650/1/684 652/1/686 668/1/704 
f 650/1/684 668/1/704 667/1/702 
f 652/1/686 653/1/687 669/1/705 
f 652/1/686 669/1/705 668/1/704 
f 653/1/687 654/1/688 670/1/706 
f 653/1/687 670/1/706 669/1/705 
f 654/1/688 655/1/689 671/1/707 
f 654/1/688 671/1/707 670/1/706 
f 169/1/170 672/1/708 213/1/709 
f 655/1/689 656/1/690 673/1/710 
f 655/1/689 673/1/710 671/1/707 
f 656/1/690 657/1/691 674/1/711 
f 656/1/690 674/1/711 673/1/710 
f 657/1/691 658/1/692 675/1/712 
f 657/1/691 675/1/712 674/1/711 
f 658/1/692 659/1/693 676/1/713 
f 658/1/692 676/1/713 675/1/712 
f 677/1/714 659/1/693 660/1/695 
f 167/1/168 516/1/715 678/1/716 
f 677/1/714 676/1/713 659/1/693 
f 661/1/696 679/1/717 660/1/695 
f 679/1/717 677/1/714 660/1/695 
f 680/1/718 663/1/698 664/1/699 
f 680/1/718 681/1/719 663/1/698 
f 665/1/700 682/1/720 664/1/699 
f 682/1/720 680/1/718 664/1/699 
f 666/1/701 683/1/721 665/1/700 
f 634/1/722 1/1/694 47/1/46 
f 683/1/721 682/1/720 665/1/700 
f 442/1/703 667/1/702 684/1/723 
f 442/1/703 684/1/723 450/1/455 
f 667/1/702 668/1/704 685/1/724 
f 667/1/702 685/1/724 684/1/723 
f 668/1/704 669/1/705 686/1/725 
f 668/1/704 686/1/725 685/1/724 
f 669/1/705 670/1/706 687/1/726 
f 669/1/705 687/1/726 686/1/725 
f 670/1/706 671/1/707 688/1/727 
f 670/1/706 688/1/727 687/1/726 
f 671/1/707 673/1/710 689/1/728 
f 671/1/707 689/1/728 688/1/727 
f 673/1/710 674/1/711 690/1/729 
f 673/1/710 690/1/729 689/1/728 
f 674/1/711 675/1/712 691/1/730 
f 674/1/711 691/1/730 690/1/729 
f 675/1/712 676/1/713 692/1/731 
f 692/1/731 691/1/730 675/1/712 
f 693/1/732 676/1/713 677/1/714 
f 693/1/732 692/1/731 676/1/713 
f 694/1/733 677/1/714 679/1/717 
f 694/1/733 693/1/732 677/1/714 
f 695/1/734 679/1/717 681/1/719 
f 695/1/734 694/1/733 679/1/717 
f 696/1/735 681/1/719 680/1/718 
f 696/1/735 695/1/734 681/1/719 
f 697/1/736 680/1/718 682/1/720 
f 697/1/736 696/1/735 680/1/718 
f 698/1/737 682/1/720 683/1/721 
f 698/1/737 697/1/736 682/1/720 
f 450/1/455 684/1/723 699/1/738 
f 450/1/455 699/1/738 458/1/463 
f 684/1/723 685/1/724 700/1/739 
f 684/1/723 700/1/739 699/1/738 
f 633/1/740 701/1/740 65/1/741 
f 685/1/724 686/1/725 702/1/742 
f 213/1/709 672/1/708 313/1/743 
f 685/1/724 702/1/742 700/1/739 
f 686/1/725 687/1/726 703/1/744 
f 672/1/708 7/1/6 313/1/743 
f 686/1/725 703/1/744 702/1/742 
f 634/1/745 704/1/745 633/1/740 
f 687/1/726 688/1/727 705/1/746 
f 687/1/726 705/1/746 703/1/744 
f 633/1/740 704/1/745 701/1/740 
f 688/1/727 689/1/728 706/1/747 
f 688/1/727 706/1/747 705/1/746 
f 634/1/745 3/1/1 704/1/745 
f 689/1/728 690/1/729 707/1/748 
f 1/1/1 3/1/1 634/1/745 
f 689/1/728 707/1/748 706/1/747 
f 691/1/730 708/1/749 690/1/729 
f 690/1/729 708/1/749 707/1/748 
f 691/1/730 692/1/731 709/1/750 
f 709/1/750 708/1/749 691/1/730 
f 710/1/751 692/1/731 693/1/732 
f 710/1/751 709/1/750 692/1/731 
f 711/1/752 693/1/732 694/1/733 
f 711/1/752 710/1/751 693/1/732 
f 313/1/743 7/1/6 321/1/753 
f 712/1/754 694/1/733 695/1/734 
f 712/1/754 711/1/752 694/1/733 
f 713/1/755 695/1/734 696/1/735 
f 713/1/755 712/1/754 695/1/734 
f 168/1/668 714/1/756 638/1/666 
f 561/1/567 696/1/735 697/1/736 
f 65/1/741 715/1/741 64/1/756 
f 561/1/567 713/1/755 696/1/735 
f 562/1/568 697/1/736 698/1/737 
f 562/1/568 561/1/567 697/1/736 
f 168/1/668 64/1/756 714/1/756 
f 64/1/756 168/1/668 278/1/757 
f 64/1/756 278/1/757 277/1/757 
f 458/1/463 699/1/738 716/1/758 
f 458/1/463 716/1/758 466/1/471 
f 64/1/756 715/1/741 714/1/756 
f 700/1/739 702/1/742 717/1/759 
f 700/1/739 717/1/759 718/1/760 
f 636/1/681 651/1/681 647/1/2 
f 703/1/744 719/1/761 702/1/742 
f 702/1/742 719/1/761 717/1/759 
f 703/1/744 705/1/746 720/1/762 
f 703/1/744 720/1/762 719/1/761 
f 706/1/747 721/1/763 705/1/746 
f 705/1/746 721/1/763 720/1/762 
f 706/1/747 707/1/748 722/1/764 
f 706/1/747 722/1/764 721/1/763 
f 17/1/16 39/1/38 20/1/19 
f 708/1/749 723/1/765 707/1/748 
f 723/1/765 722/1/764 707/1/748 
f 708/1/749 709/1/750 724/1/766 
f 724/1/766 723/1/765 708/1/749 
f 725/1/767 709/1/750 710/1/751 
f 65/1/741 701/1/740 715/1/741 
f 725/1/767 724/1/766 709/1/750 
f 726/1/768 710/1/751 711/1/752 
f 37/1/36 39/1/38 17/1/16 
f 726/1/768 725/1/767 710/1/751 
f 49/1/48 634/1/722 47/1/46 
f 727/1/769 711/1/752 712/1/754 
f 727/1/769 726/1/768 711/1/752 
f 728/1/770 712/1/754 713/1/755 
f 728/1/770 727/1/769 712/1/754 
f 511/1/516 713/1/755 561/1/567 
f 511/1/516 728/1/770 713/1/755 
f 466/1/471 716/1/758 514/1/519 
f 466/1/471 514/1/519 501/1/506 
f 716/1/758 718/1/760 729/1/771 
f 716/1/758 729/1/771 514/1/519 
f 718/1/760 717/1/759 730/1/772 
f 7/1/6 535/1/540 321/1/753 
f 718/1/760 730/1/772 729/1/771 
f 719/1/761 731/1/773 717/1/759 
f 717/1/759 731/1/773 730/1/772 
f 719/1/761 720/1/762 732/1/774 
f 719/1/761 732/1/774 731/1/773 
f 721/1/763 733/1/775 720/1/762 
f 720/1/762 733/1/775 732/1/774 
f 721/1/763 722/1/764 734/1/776 
f 721/1/763 734/1/776 733/1/775 
f 735/1/777 722/1/764 723/1/765 
f 735/1/777 734/1/776 722/1/764 
f 736/1/778 723/1/765 724/1/766 
f 736/1/778 735/1/777 723/1/765 
f 737/1/779 724/1/766 725/1/767 
f 737/1/779 736/1/778 724/1/766 
f 738/1/780 725/1/767 726/1/768 
f 738/1/780 737/1/779 725/1/767 
f 739/1/781 726/1/768 727/1/769 
f 739/1/781 738/1/780 726/1/768 
f 740/1/782 727/1/769 728/1/770 
f 740/1/782 739/1/781 727/1/769 
f 513/1/518 728/1/770 511/1/516 
f 513/1/518 740/1/782 728/1/770 
f 514/1/519 729/1/771 66/1/65 
f 514/1/519 66/1/65 63/1/62 
f 729/1/771 730/1/772 66/1/65 
f 731/1/773 67/1/66 730/1/772 
f 730/1/772 67/1/66 66/1/65 
f 336/1/783 741/1/784 662/1/697 
f 731/1/773 732/1/774 67/1/66 
f 733/1/775 68/1/67 732/1/774 
f 732/1/774 68/1/67 67/1/66 
f 733/1/775 734/1/776 68/1/67 
f 69/1/68 734/1/776 735/1/777 
f 69/1/68 68/1/67 734/1/776 
f 69/1/68 735/1/777 736/1/778 
f 71/1/70 736/1/778 737/1/779 
f 71/1/70 69/1/68 736/1/778 
f 71/1/70 737/1/779 738/1/780 
f 73/1/72 738/1/780 739/1/781 
f 73/1/72 71/1/70 738/1/780 
f 75/1/74 739/1/781 740/1/782 
f 75/1/74 73/1/72 739/1/781 
f 75/1/74 740/1/782 513/1/518 
f 383/1/387 513/1/518 510/1/515 
f 383/1/387 75/1/74 513/1/518 
f 264/1/266 550/1/556 429/1/433 
f 264/1/266 266/1/268 550/1/556 
f 429/1/433 552/1/558 430/1/434 
f 662/1/697 344/1/785 337/1/786 
f 429/1/433 550/1/556 552/1/558 
f 430/1/434 554/1/560 431/1/435 
f 430/1/434 552/1/558 554/1/560 
f 431/1/435 556/1/562 432/1/436 
f 431/1/435 554/1/560 556/1/562 
f 432/1/436 558/1/564 433/1/437 
f 432/1/436 556/1/562 558/1/564 
f 433/1/437 560/1/566 434/1/438 
f 433/1/437 558/1/564 560/1/566 
f 434/1/438 742/1/787 630/1/636 
f 434/1/438 560/1/566 742/1/787 
f 630/1/636 743/1/788 631/1/637 
f 630/1/636 742/1/787 743/1/788 
f 631/1/637 744/1/789 632/1/638 
f 631/1/637 743/1/788 744/1/789 
f 632/1/638 540/1/546 537/1/543 
f 344/1/785 745/1/790 165/1/166 
f 744/1/789 540/1/546 632/1/638 
f 33/1/32 36/1/35 167/1/168 
f 558/1/564 557/1/563 559/1/565 
f 560/1/566 579/1/585 742/1/787 
f 344/1/785 165/1/166 131/1/130 
f 560/1/566 559/1/565 579/1/585 
f 742/1/787 581/1/587 743/1/788 
f 742/1/787 579/1/585 581/1/587 
f 743/1/788 584/1/590 744/1/789 
f 743/1/788 581/1/587 584/1/590 
f 744/1/789 586/1/592 540/1/546 
f 584/1/590 586/1/592 744/1/789 
f 540/1/546 588/1/594 538/1/544 
f 586/1/592 588/1/594 540/1/546 
f 538/1/544 590/1/596 541/1/547 
f 662/1/697 745/1/790 344/1/785 
f 588/1/594 590/1/596 538/1/544 
f 541/1/547 746/1/791 543/1/549 
f 590/1/596 746/1/791 541/1/547 
f 543/1/549 747/1/792 545/1/551 
f 543/1/549 746/1/791 747/1/792 
f 545/1/551 748/1/793 547/1/553 
f 747/1/792 748/1/793 545/1/551 
f 280/1/282 749/1/794 549/1/555 
f 280/1/282 199/1/795 749/1/794 
f 549/1/555 750/1/796 551/1/557 
f 549/1/555 749/1/794 750/1/796 
f 551/1/557 751/1/797 553/1/559 
f 551/1/557 750/1/796 751/1/797 
f 11/1/10 46/1/45 15/1/14 
f 553/1/559 752/1/798 555/1/561 
f 553/1/559 751/1/797 752/1/798 
f 555/1/561 753/1/799 557/1/563 
f 11/1/10 48/1/47 46/1/45 
f 555/1/561 752/1/798 753/1/799 
f 557/1/563 754/1/800 559/1/565 
f 557/1/563 753/1/799 754/1/800 
f 559/1/565 582/1/588 579/1/585 
f 559/1/565 754/1/800 582/1/588 
f 590/1/596 755/1/801 746/1/791 
f 589/1/595 755/1/801 590/1/596 
f 746/1/791 756/1/802 747/1/792 
f 746/1/791 755/1/801 756/1/802 
f 747/1/792 757/1/803 748/1/793 
f 756/1/802 757/1/803 747/1/792 
f 199/1/795 758/1/804 749/1/794 
f 199/1/795 202/1/805 758/1/804 
f 749/1/794 759/1/806 750/1/796 
f 749/1/794 758/1/804 759/1/806 
f 750/1/796 760/1/807 751/1/797 
f 750/1/796 759/1/806 760/1/807 
f 751/1/797 761/1/808 752/1/798 
f 751/1/797 760/1/807 761/1/808 
f 752/1/798 762/1/809 753/1/799 
f 752/1/798 761/1/808 762/1/809 
f 753/1/799 763/1/810 754/1/800 
f 753/1/799 762/1/809 763/1/810 
f 754/1/800 764/1/811 582/1/588 
f 754/1/800 763/1/810 764/1/811 
f 582/1/588 765/1/812 580/1/586 
f 582/1/588 764/1/811 765/1/812 
f 19/1/18 37/1/36 17/1/16 
f 580/1/586 766/1/813 583/1/589 
f 580/1/586 765/1/812 766/1/813 
f 583/1/589 767/1/814 585/1/591 
f 766/1/813 767/1/814 583/1/589 
f 585/1/591 768/1/815 587/1/593 
f 585/1/591 767/1/814 768/1/815 
f 589/1/595 769/1/816 755/1/801 
f 589/1/595 770/1/817 769/1/816 
f 755/1/801 771/1/818 756/1/802 
f 755/1/801 769/1/816 771/1/818 
f 756/1/802 772/1/819 757/1/803 
f 771/1/818 772/1/819 756/1/802 
f 202/1/805 773/1/820 758/1/804 
f 202/1/805 290/1/293 773/1/820 
f 758/1/804 774/1/821 759/1/806 
f 758/1/804 773/1/820 774/1/821 
f 759/1/806 775/1/822 760/1/807 
f 44/1/43 37/1/36 19/1/18 
f 759/1/806 774/1/821 775/1/822 
f 760/1/807 776/1/823 761/1/808 
f 760/1/807 775/1/822 776/1/823 
f 761/1/808 777/1/824 762/1/809 
f 761/1/808 776/1/823 777/1/824 
f 762/1/809 778/1/825 763/1/810 
f 762/1/809 777/1/824 778/1/825 
f 763/1/810 779/1/826 764/1/811 
f 763/1/810 778/1/825 779/1/826 
f 764/1/811 780/1/827 765/1/812 
f 764/1/811 779/1/826 780/1/827 
f 765/1/812 781/1/828 766/1/813 
f 765/1/812 780/1/827 781/1/828 
f 766/1/813 782/1/829 767/1/814 
f 766/1/813 781/1/828 782/1/829 
f 767/1/814 783/1/830 768/1/815 
f 767/1/814 782/1/829 783/1/830 
f 768/1/815 784/1/831 770/1/817 
f 768/1/815 783/1/830 784/1/831 
f 770/1/817 785/1/832 769/1/816 
f 770/1/817 784/1/831 785/1/832 
f 769/1/816 786/1/833 771/1/818 
f 769/1/816 785/1/832 786/1/833 
f 771/1/818 787/1/834 772/1/819 
f 771/1/818 786/1/833 787/1/834 
f 290/1/293 788/1/835 773/1/820 
f 290/1/293 315/1/319 788/1/835 
f 773/1/820 789/1/836 774/1/821 
f 773/1/820 788/1/835 789/1/836 
f 774/1/821 790/1/837 775/1/822 
f 774/1/821 789/1/836 790/1/837 
f 775/1/822 791/1/838 776/1/823 
f 775/1/822 790/1/837 791/1/838 
f 776/1/823 792/1/839 777/1/824 
f 776/1/823 791/1/838 792/1/839 
f 777/1/824 793/1/840 778/1/825 
f 777/1/824 792/1/839 793/1/840 
f 778/1/825 794/1/841 779/1/826 
f 778/1/825 793/1/840 794/1/841 
f 780/1/827 779/1/826 795/1/842 
f 779/1/826 794/1/841 795/1/842 
f 780/1/827 796/1/843 781/1/828 
f 780/1/827 795/1/842 796/1/843 
f 781/1/828 797/1/844 782/1/829 
f 781/1/828 796/1/843 797/1/844 
f 782/1/829 798/1/845 783/1/830 
f 782/1/829 797/1/844 798/1/845 
f 783/1/830 799/1/846 784/1/831 
f 783/1/830 798/1/845 799/1/846 
f 784/1/831 800/1/847 785/1/832 
f 784/1/831 799/1/846 800/1/847 
f 785/1/832 801/1/848 786/1/833 
f 15/1/14 44/1/43 19/1/18 
f 785/1/832 800/1/847 801/1/848 
f 786/1/833 802/1/849 787/1/834 
f 786/1/833 801/1/848 802/1/849 
f 315/1/319 803/1/850 788/1/835 
f 315/1/319 323/1/327 803/1/850 
f 789/1/836 804/1/851 790/1/837 
f 789/1/836 805/1/852 804/1/851 
f 46/1/45 44/1/43 15/1/14 
f 791/1/838 790/1/837 806/1/853 
f 790/1/837 804/1/851 806/1/853 
f 791/1/838 807/1/854 792/1/839 
f 791/1/838 806/1/853 807/1/854 
f 793/1/840 792/1/839 808/1/855 
f 792/1/839 807/1/854 808/1/855 
f 793/1/840 809/1/856 794/1/841 
f 505/1/656 506/1/857 167/1/168 
f 793/1/840 808/1/855 809/1/856 
f 795/1/842 794/1/841 810/1/858 
f 794/1/841 809/1/856 810/1/858 
f 795/1/842 811/1/859 796/1/843 
f 795/1/842 810/1/858 811/1/859 
f 796/1/843 812/1/860 797/1/844 
f 796/1/843 811/1/859 812/1/860 
f 647/1/2 651/1/681 2/1/2 
f 797/1/844 813/1/861 798/1/845 
f 797/1/844 812/1/860 813/1/861 
f 798/1/845 814/1/862 799/1/846 
f 798/1/845 813/1/861 814/1/862 
f 799/1/846 815/1/863 800/1/847 
f 789/1/836 803/1/850 805/1/852 
f 799/1/846 814/1/862 815/1/863 
f 800/1/847 816/1/864 801/1/848 
f 800/1/847 815/1/863 816/1/864 
f 801/1/848 817/1/865 802/1/849 
f 336/1/783 662/1/697 337/1/786 
f 801/1/848 816/1/864 817/1/865 
f 323/1/327 818/1/866 803/1/850 
f 323/1/327 328/1/332 818/1/866 
f 803/1/850 819/1/867 805/1/852 
f 803/1/850 818/1/866 819/1/867 
f 805/1/852 820/1/868 804/1/851 
f 805/1/852 819/1/867 820/1/868 
f 806/1/853 804/1/851 821/1/869 
f 804/1/851 820/1/868 821/1/869 
f 806/1/853 822/1/870 807/1/854 
f 806/1/853 821/1/869 822/1/870 
f 808/1/855 807/1/854 823/1/871 
f 807/1/854 822/1/870 823/1/871 
f 808/1/855 824/1/872 809/1/856 
f 808/1/855 823/1/871 824/1/872 
f 809/1/856 825/1/873 810/1/858 
f 809/1/856 824/1/872 825/1/873 
f 810/1/858 826/1/874 811/1/859 
f 810/1/858 825/1/873 826/1/874 
f 811/1/859 827/1/875 812/1/860 
f 811/1/859 826/1/874 827/1/875 
f 812/1/860 828/1/876 813/1/861 
f 812/1/860 827/1/875 828/1/876 
f 813/1/861 829/1/877 814/1/862 
f 813/1/861 828/1/876 829/1/877 
f 814/1/862 830/1/878 815/1/863 
f 814/1/862 829/1/877 830/1/878 
f 815/1/863 831/1/879 816/1/864 
f 815/1/863 830/1/878 831/1/879 
f 816/1/864 832/1/880 817/1/865 
f 816/1/864 831/1/879 832/1/880 
f 328/1/332 130/1/129 818/1/866 
f 818/1/866 133/1/132 819/1/867 
f 818/1/866 130/1/129 133/1/132 
f 819/1/867 133/1/132 820/1/868 
f 821/1/869 820/1/868 134/1/133 
f 820/1/868 133/1/132 134/1/133 
f 821/1/869 134/1/133 822/1/870 
f 823/1/871 822/1/870 137/1/136 
f 822/1/870 134/1/133 137/1/136 
f 823/1/871 137/1/136 824/1/872 
f 824/1/872 139/1/138 825/1/873 
f 824/1/872 137/1/136 139/1/138 
f 825/1/873 139/1/138 826/1/874 
f 826/1/874 141/1/140 827/1/875 
f 826/1/874 139/1/138 141/1/140 
f 827/1/875 141/1/140 828/1/876 
f 828/1/876 143/1/142 829/1/877 
f 828/1/876 141/1/140 143/1/142 
f 829/1/877 76/1/75 830/1/878 
f 829/1/877 143/1/142 76/1/75 
f 830/1/878 76/1/75 831/1/879 
f 831/1/879 144/1/143 832/1/880 
f 831/1/879 76/1/75 144/1/143 
f 170/1/171 169/1/170 213/1/709 
f 321/1/753 535/1/540 336/1/783 
f 535/1/540 741/1/784 336/1/783 
f 768/1/815 589/1/595 587/1/593 
f 700/1/739 718/1/760 716/1/758 
f 167/1/168 506/1/857 516/1/715 
f 535/1/540 7/1/6 9/1/8 
f 699/1/738 700/1/739 716/1/758 
f 788/1/835 803/1/850 789/1/836 
f 17/1/16 21/1/20 18/1/17 
f 15/1/14 102/1/101 16/1/15 
f 647/1/881 399/1/881 636/1/649 
f 39/1/38 678/1/716 20/1/19 
f 467/1/472 459/1/464 457/1/462 
f 53/1/52 65/1/64 52/1/51 
f 505/1/656 167/1/168 166/1/167 
f 672/1/708 169/1/170 57/1/56 
f 169/1/170 168/1/169 58/1/57 
f 681/1/719 679/1/717 661/1/696 
f 681/1/719 661/1/696 663/1/698 
f 672/1/708 57/1/56 8/1/7 
f 33/1/32 167/1/168 678/1/716 
f 768/1/815 770/1/817 589/1/595 
f 496/1/501 459/1/464 467/1/472 
f 399/1/881 258/1/650 636/1/649 
f 321/1/325 336/1/340 320/1/324 
f 7/1/6 672/1/708 8/1/7 
f 36/1/35 637/1/655 166/1/167 
f 320/1/324 336/1/340 186/1/187 
f 741/1/784 60/1/59 662/1/697 
f 165/1/166 745/1/790 56/1/55 
f 741/1/784 535/1/540 60/1/59 
f 35/1/34 635/1/648 637/1/655 
f 14/1/13 5/1/4 4/1/3 
f 563/1/645 399/1/881 647/1/881 
f 1/1/645 563/1/645 647/1/881 
f 152/1/151 154/1/153 153/1/152 
f 43/1/42 30/1/29 40/1/39 
f 38/1/37 536/1/542 635/1/648 
f 41/1/40 536/1/542 38/1/37 
f 40/1/39 32/1/31 41/1/40 
f 65/1/882 602/1/643 633/1/643 
f 41/1/40 32/1/31 536/1/542 
f 612/1/882 602/1/643 65/1/882 
f 516/1/715 62/1/61 20/1/19 
f 633/1/639 634/1/722 51/1/50 
f 51/1/50 634/1/722 49/1/48 
f 38/1/37 635/1/648 35/1/34 
f 169/1/170 58/1/57 57/1/56 
f 647/1/2 2/1/2 1/1/1 
f 34/1/33 33/1/32 678/1/716 
f 153/1/152 154/1/153 156/1/155 
f 428/1/641 612/1/882 64/1/642 
f 6/1/5 48/1/47 11/1/10 
f 64/1/642 612/1/882 65/1/882 
f 4/1/3 82/1/81 13/1/12 
f 316/1/320 325/1/329 324/1/328 
f 19/1/18 18/1/17 102/1/101 
f 11/1/10 115/1/114 12/1/11 
f 11/1/10 16/1/15 115/1/114 
f 20/1/19 62/1/61 21/1/20 
f 19/1/18 102/1/101 15/1/14 
f 35/1/34 637/1/655 36/1/35 
f 464/1/469 463/1/468 505/1/510 
f 56/1/55 14/1/13 13/1/12 
f 314/1/318 316/1/320 324/1/328 
f 463/1/468 499/1/504 505/1/510 
f 745/1/790 59/1/58 54/1/53 
f 662/1/697 59/1/58 745/1/790 
f 34/1/33 678/1/716 39/1/38 
f 40/1/39 30/1/29 32/1/31 
f 168/1/169 55/1/54 58/1/57 
f 6/1/5 50/1/49 48/1/47 
f 5/1/4 50/1/49 6/1/5 
f 745/1/790 54/1/53 56/1/55 
f 516/1/715 20/1/19 678/1/716 
f 165/1/166 56/1/55 13/1/12 
# 22 polygons - 1576 triangles

#
# object Group_012
#

v  -3.0613 0.1986 15.3160
v  -3.0112 0.1986 15.3117
v  -3.0110 0.1989 15.3126
v  -3.0613 0.1989 15.3169
v  -2.8802 0.2061 15.0341
v  -2.9093 0.2061 14.9926
v  -2.9099 0.2065 14.9931
v  -2.8810 0.2065 15.0345
v  -2.9050 0.2088 15.1704
v  -2.9222 0.2122 15.1650
v  -2.9373 0.2122 15.1973
v  -2.9222 0.2088 15.2070
v  -2.8572 0.2004 15.1324
v  -2.8661 0.2004 15.1827
v  -2.8667 0.1998 15.1825
v  -2.8578 0.1998 15.1324
v  -2.8564 0.2027 15.1324
v  -2.8654 0.2027 15.1829
v  -2.8654 0.2019 15.1829
v  -2.8565 0.2019 15.1324
v  -3.0335 0.7694 15.1194
v  -3.0330 0.7694 15.1245
v  -3.0330 0.3039 15.1245
v  -3.0335 0.3039 15.1194
v  -3.0332 0.7694 15.1233
v  -3.0725 0.2896 15.1418
v  -3.0791 0.2760 15.1479
v  -3.0720 0.2760 15.1539
v  -3.0671 0.2896 15.1463
v  -3.0777 0.2633 15.1628
v  -3.0667 0.2633 15.1680
v  -3.0635 0.2760 15.1579
v  -2.9080 0.2043 14.9913
v  -2.8786 0.2043 15.0333
v  -2.8784 0.2035 15.0332
v  -2.9078 0.2035 14.9911
v  -3.0994 0.2317 15.1969
v  -3.1168 0.2317 15.1823
v  -3.1285 0.2237 15.1930
v  -3.1079 0.2237 15.2102
v  -3.1459 0.2070 15.2696
v  -3.1804 0.2070 15.2405
v  -3.1940 0.2068 15.2529
v  -3.1558 0.2068 15.2851
v  -3.2227 0.2068 15.2119
v  -3.2244 0.2065 15.2128
v  -3.1954 0.2065 15.2542
v  -3.2251 0.2061 15.2132
v  -3.1961 0.2061 15.2548
v  -3.1971 0.2004 15.2557
v  -3.1966 0.1998 15.2553
v  -3.1576 0.1998 15.2881
v  -3.1580 0.2004 15.2886
v  -3.0842 0.2516 15.1731
v  -3.0959 0.2516 15.1632
v  -3.1059 0.2410 15.1723
v  -3.0915 0.2410 15.1844
v  -2.9388 0.2172 15.1597
v  -2.9520 0.2172 15.1879
v  -3.2258 0.2056 15.2135
v  -3.1966 0.2056 15.2553
v  -3.2263 0.2050 15.2138
v  -3.1971 0.2050 15.2557
v  -3.0270 0.2896 15.1318
v  -3.0300 0.2896 15.1381
v  -3.0225 0.2760 15.1430
v  -3.0185 0.2760 15.1345
v  -3.1974 0.2043 15.2560
v  -3.2267 0.2043 15.2140
v  -3.2270 0.2035 15.2142
v  -3.1976 0.2035 15.2562
v  -3.2270 0.2027 15.2142
v  -3.1977 0.2027 15.2563
v  -3.2270 0.2019 15.2142
v  -3.1976 0.2019 15.2562
v  -3.2267 0.2011 15.2140
v  -3.1974 0.2011 15.2560
v  -3.2263 0.2004 15.2138
v  -3.2258 0.1998 15.2135
v  -3.2251 0.1992 15.2132
v  -3.1961 0.1992 15.2548
v  -3.0063 0.2633 15.1257
v  -3.0084 0.2633 15.1377
v  -2.9968 0.2516 15.1413
v  -2.9941 0.2516 15.1263
v  -3.2244 0.1989 15.2128
v  -3.1954 0.1989 15.2542
v  -3.2235 0.1986 15.2124
v  -3.1947 0.1986 15.2536
v  -3.0672 0.3039 15.1369
v  -3.0701 0.3039 15.1327
v  -3.0765 0.2896 15.1361
v  -3.0845 0.2760 15.1402
v  -3.0939 0.2633 15.1451
v  -3.0870 0.2633 15.1550
v  -3.1047 0.2516 15.1507
v  -3.1167 0.2410 15.1569
v  -3.0682 0.2410 15.0533
v  -3.0714 0.2317 15.0388
v  -3.0927 0.2317 15.0466
v  -3.0859 0.2410 15.0597
v  -3.1298 0.2317 15.1637
v  -3.1438 0.2237 15.1710
v  -3.1587 0.2172 15.1787
v  -3.1408 0.2172 15.2043
v  -3.1741 0.2122 15.1867
v  -3.1537 0.2122 15.2160
v  -3.0753 0.2896 15.1092
v  -3.0708 0.2896 15.1038
v  -3.0769 0.2760 15.0972
v  -3.0829 0.2760 15.1044
v  -3.1901 0.2088 15.1950
v  -3.1669 0.2088 15.2282
v  -3.2157 0.1989 15.0196
v  -3.1832 0.1989 14.9809
v  -3.1826 0.1986 14.9816
v  -3.2149 0.1986 15.0201
v  -3.2063 0.2070 15.2035
v  -3.2397 0.2068 15.1649
v  -3.2416 0.2065 15.1653
v  -3.2424 0.2061 15.1655
v  -3.2431 0.2056 15.1657
v  -3.2437 0.2050 15.1658
v  -3.2442 0.2043 15.1659
v  -3.2444 0.2035 15.1660
v  -3.2445 0.2027 15.1660
v  -3.2444 0.2019 15.1660
v  -3.2442 0.2011 15.1659
v  -3.2437 0.2004 15.1658
v  -3.0994 0.2088 15.2713
v  -3.1360 0.2088 15.2542
v  -3.1049 0.2070 15.2887
v  -3.1843 0.2056 14.9797
v  -3.1847 0.2050 14.9793
v  -3.2176 0.2050 15.0184
v  -3.2171 0.2056 15.0187
v  -3.2431 0.1998 15.1657
v  -3.2424 0.1992 15.1655
v  -3.2416 0.1989 15.1653
v  -3.2407 0.1986 15.1651
v  -3.0719 0.3039 15.1279
v  -3.0789 0.2896 15.1295
v  -3.0877 0.2760 15.1314
v  -3.0980 0.2633 15.1337
v  -3.1099 0.2516 15.1363
v  -3.1231 0.2410 15.1392
v  -3.1375 0.2317 15.1424
v  -3.1530 0.2237 15.1458
v  -3.1693 0.2172 15.1494
v  -3.1863 0.2122 15.1532
v  -3.2039 0.2088 15.1570
v  -3.2218 0.2070 15.1610
v  -3.2440 0.2068 15.1151
v  -3.2459 0.2065 15.1150
v  -3.2468 0.2061 15.1150
v  -3.2475 0.2056 15.1150
v  -3.2481 0.2050 15.1149
v  -3.2486 0.2043 15.1149
v  -3.2489 0.2035 15.1149
v  -3.2490 0.2027 15.1149
v  -3.2489 0.2019 15.1149
v  -3.2486 0.2011 15.1149
v  -3.2481 0.2004 15.1149
v  -3.2475 0.1998 15.1150
v  -3.2468 0.1992 15.1150
v  -3.2459 0.1989 15.1150
v  -3.2450 0.1986 15.1151
v  -3.0723 0.3039 15.1228
v  -3.0795 0.2896 15.1225
v  -3.0885 0.2760 15.1221
v  -3.0991 0.2633 15.1216
v  -3.1112 0.2516 15.1211
v  -3.1247 0.2410 15.1205
v  -3.1395 0.2317 15.1198
v  -3.1553 0.2237 15.1191
v  -3.1720 0.2172 15.1183
v  -3.0632 0.3039 15.1402
v  -3.0608 0.2896 15.1493
v  -3.0586 0.3039 15.1424
v  -3.1894 0.2122 15.1176
v  -3.2074 0.2088 15.1168
v  -3.2256 0.2070 15.1159
v  -3.2353 0.2068 15.0659
v  -3.2371 0.2065 15.0653
v  -3.2379 0.2061 15.0651
v  -3.2386 0.2056 15.0648
v  -3.2392 0.2050 15.0646
v  -3.2396 0.2043 15.0645
v  -3.2399 0.2035 15.0644
v  -3.2400 0.2027 15.0644
v  -3.2399 0.2019 15.0644
v  -2.9334 0.2172 15.1290
v  -2.9501 0.2237 15.1283
v  -2.9548 0.2237 15.1547
v  -3.2396 0.2011 15.0645
v  -3.2392 0.2004 15.0646
v  -3.2386 0.1998 15.0648
v  -3.2379 0.1992 15.0651
v  -3.2371 0.1989 15.0653
v  -3.2362 0.1986 15.0656
v  -3.0783 0.2896 15.1156
v  -3.0869 0.2760 15.1129
v  -3.0970 0.2633 15.1097
v  -3.1085 0.2516 15.1060
v  -3.1214 0.2410 15.1019
v  -3.1355 0.2317 15.0975
v  -3.1506 0.2237 15.0927
v  -3.1665 0.2172 15.0876
v  -3.1832 0.2122 15.0824
v  -3.2003 0.2088 15.0770
v  -3.2177 0.2070 15.0714
v  -3.2141 0.2068 15.0206
v  -3.2157 0.2065 15.0196
v  -3.2164 0.2061 15.0191
v  -3.2180 0.2043 15.0181
v  -3.2182 0.2035 15.0180
v  -3.2183 0.2027 15.0179
v  -3.2182 0.2019 15.0180
v  -3.2180 0.2011 15.0181
v  -3.2176 0.2004 15.0184
v  -3.2171 0.1998 15.0187
v  -3.2164 0.1992 15.0191
v  -2.8876 0.2070 15.1759
v  -2.9067 0.2070 15.2168
v  -3.0837 0.2237 15.2216
v  -3.1169 0.2172 15.2243
v  -3.0887 0.2172 15.2375
v  -3.0714 0.3039 15.1177
v  -3.0692 0.3039 15.1131
v  -3.0918 0.2633 15.0987
v  -3.1021 0.2516 15.0921
v  -3.1135 0.2410 15.0849
v  -3.1259 0.2317 15.0769
v  -3.1392 0.2237 15.0684
v  -3.1533 0.2172 15.0594
v  -3.1680 0.2122 15.0500
v  -3.1832 0.2088 15.0403
v  -3.1986 0.2070 15.0305
v  -3.1819 0.2068 14.9823
v  -3.1832 0.2065 14.9809
v  -3.1838 0.2061 14.9803
v  -3.1850 0.2043 14.9790
v  -3.1852 0.2035 14.9787
v  -3.1853 0.2027 14.9787
v  -3.1852 0.2019 14.9787
v  -3.1850 0.2011 14.9790
v  -3.1847 0.2004 14.9793
v  -3.1843 0.1998 14.9797
v  -3.1838 0.1992 14.9803
v  -3.0659 0.3039 15.1092
v  -3.0653 0.2516 15.0665
v  -3.0797 0.2516 15.0717
v  -3.0748 0.2237 15.0234
v  -3.0784 0.2172 15.0071
v  -3.1077 0.2172 15.0177
v  -3.1000 0.2237 15.0325
v  -2.8594 0.1989 15.1323
v  -2.8638 0.1989 15.0820
v  -2.8629 0.1992 15.0818
v  -2.8586 0.1992 15.1323
v  -3.0614 0.2027 15.3199
v  -3.0614 0.2019 15.3199
v  -3.0104 0.2019 15.3154
v  -3.0104 0.2027 15.3155
v  -3.1576 0.2056 15.2881
v  -3.1580 0.2050 15.2886
v  -3.0339 0.7694 15.1296
v  -3.0339 0.3039 15.1296
v  -3.0117 0.1985 15.3095
v  -2.9650 0.1985 15.2926
v  -3.1101 0.1985 15.3051
v  -3.0612 0.1985 15.3138
v  -2.9242 0.1985 15.2641
v  -3.1551 0.1985 15.2841
v  -2.8923 0.1985 15.2261
v  -3.1931 0.1985 15.2521
v  -2.8712 0.1985 15.1811
v  -3.2216 0.1985 15.2114
v  -2.8625 0.1985 15.1322
v  -3.2385 0.1985 15.1647
v  -2.8668 0.1985 15.0827
v  -3.2428 0.1985 15.1152
v  -2.8838 0.1985 15.0360
v  -3.2341 0.1985 15.0662
v  -2.9122 0.1985 14.9952
v  -3.2131 0.1985 15.0212
v  -2.9502 0.1985 14.9633
v  -3.1811 0.1985 14.9832
v  -2.9953 0.1985 14.9422
v  -3.1404 0.1985 14.9548
v  -3.0442 0.1985 14.9335
v  -3.0937 0.1985 14.9378
v  -3.1113 0.2061 15.3089
v  -3.1572 0.2061 15.2874
v  -3.1115 0.2056 15.3096
v  -3.0313 0.2633 15.1649
v  -3.0427 0.2633 15.1690
v  -3.0401 0.2516 15.1809
v  -3.0257 0.2516 15.1757
v  -3.0719 0.7694 15.1279
v  -3.0723 0.7694 15.1228
v  -3.0722 0.7694 15.1241
v  -3.0614 0.2011 15.3196
v  -3.1118 0.2011 15.3106
v  -3.1117 0.2004 15.3102
v  -3.0614 0.2004 15.3191
v  -3.0566 0.2317 15.2104
v  -3.0789 0.2317 15.2065
v  -3.0573 0.2237 15.2263
v  -3.0701 0.7694 15.1327
v  -3.0706 0.7694 15.1315
v  -3.0672 0.7694 15.1369
v  -3.0662 0.7694 15.1378
v  -3.0632 0.7694 15.1402
v  -3.1117 0.2050 15.3102
v  -3.1118 0.2043 15.3106
v  -3.0614 0.2043 15.3196
v  -3.0614 0.2050 15.3191
v  -2.9628 0.2056 15.2968
v  -3.0107 0.2056 15.3141
v  -3.0105 0.2050 15.3147
v  -2.9625 0.2050 15.2973
v  -3.1582 0.2043 15.2889
v  -3.1584 0.2035 15.2892
v  -3.1119 0.2035 15.3109
v  -3.0543 0.2760 15.1595
v  -3.0539 0.2896 15.1505
v  -3.0598 0.7694 15.1419
v  -3.0586 0.7694 15.1424
v  -3.0536 0.3039 15.1433
v  -3.0536 0.7694 15.1433
v  -3.0523 0.7694 15.1432
v  -3.0484 0.3039 15.1429
v  -3.0484 0.7694 15.1429
v  -3.0448 0.7694 15.1415
v  -3.0436 0.3039 15.1411
v  -3.0436 0.7694 15.1411
v  -3.0394 0.3039 15.1382
v  -3.0394 0.7694 15.1382
v  -3.0361 0.7694 15.1342
v  -3.0361 0.3039 15.1342
v  -3.0386 0.7694 15.1372
v  -3.0345 0.7694 15.1308
v  -3.0714 0.7694 15.1177
v  -3.0692 0.7694 15.1131
v  -3.0709 0.7694 15.1166
v  -2.9099 0.1989 14.9931
v  -2.9093 0.1992 14.9926
v  -2.8802 0.1992 15.0341
v  -2.8810 0.1989 15.0345
v  -3.0104 0.2011 15.3152
v  -2.9623 0.2011 15.2977
v  -2.9622 0.2019 15.2980
v  -2.9106 0.1986 14.9938
v  -2.8818 0.1986 15.0350
v  -3.0580 0.2172 15.2430
v  -3.0553 0.2516 15.1822
v  -3.0704 0.2516 15.1795
v  -3.0744 0.2410 15.1924
v  -3.0559 0.2410 15.1957
v  -3.1113 0.1992 15.3089
v  -3.1110 0.1989 15.3081
v  -3.0614 0.1992 15.3178
v  -3.0548 0.2633 15.1701
v  -2.8889 0.2061 15.2282
v  -2.8896 0.2065 15.2278
v  -2.9221 0.2065 15.2664
v  -2.9216 0.2061 15.2671
v  -3.0439 0.2011 14.9278
v  -3.0949 0.2011 14.9322
v  -3.0950 0.2019 14.9319
v  -3.0439 0.2019 14.9275
v  -3.0614 0.2056 15.3185
v  -2.8572 0.2050 15.1324
v  -2.8661 0.2050 15.1827
v  -2.8657 0.2043 15.1828
v  -2.8568 0.2043 15.1324
v  -2.8878 0.2050 15.2290
v  -2.9207 0.2050 15.2681
v  -2.9203 0.2043 15.2684
v  -2.8874 0.2043 15.2292
v  -2.8883 0.2056 15.2286
v  -2.9211 0.2056 15.2676
v  -2.9640 0.1986 15.2945
v  -2.9635 0.1989 15.2953
v  -3.0949 0.2043 14.9322
v  -3.0948 0.2050 14.9326
v  -3.0439 0.2050 14.9282
v  -3.0439 0.2043 14.9278
v  -3.0860 0.2088 14.9725
v  -3.0900 0.2070 14.9546
v  -3.1325 0.2070 14.9700
v  -3.1240 0.2088 14.9862
v  -3.0105 0.2004 15.3147
v  -2.9625 0.2004 15.2973
v  -2.9078 0.2019 14.9911
v  -2.8784 0.2019 15.0332
v  -2.8786 0.2011 15.0333
v  -2.9080 0.2011 14.9913
v  -3.0588 0.2122 15.2604
v  -3.0940 0.2122 15.2542
v  -3.0596 0.2088 15.2784
v  -3.0939 0.2068 14.9366
v  -3.1410 0.2068 14.9537
v  -3.0108 0.2061 15.3134
v  -3.0614 0.2061 15.3178
v  -2.9631 0.2061 15.2961
v  -2.9635 0.2065 15.2953
v  -3.0110 0.2065 15.3126
v  -2.9941 0.2061 14.9384
v  -3.0440 0.2061 14.9296
v  -3.0440 0.2065 14.9304
v  -2.9943 0.2065 14.9392
v  -2.9202 0.2035 15.2686
v  -2.8872 0.2035 15.2294
v  -2.9201 0.2027 15.2687
v  -2.8871 0.2027 15.2294
v  -3.0614 0.2035 15.3199
v  -3.0104 0.2035 15.3154
v  -2.9202 0.2019 15.2686
v  -2.8872 0.2019 15.2294
v  -3.1115 0.1998 15.3096
v  -3.0614 0.1998 15.3185
v  -3.0104 0.2043 15.3152
v  -2.9623 0.2043 15.2977
v  -3.0741 0.2633 15.0824
v  -3.0627 0.2633 15.0783
v  -2.9203 0.2011 15.2684
v  -2.8874 0.2011 15.2292
v  -2.9207 0.2004 15.2681
v  -2.8878 0.2004 15.2290
v  -2.9211 0.1998 15.2676
v  -2.8883 0.1998 15.2286
v  -2.9631 0.1992 15.2961
v  -3.0108 0.1992 15.3134
v  -3.1572 0.1992 15.2874
v  -2.9628 0.1998 15.2968
v  -3.0107 0.1998 15.3141
v  -2.9216 0.1992 15.2671
v  -2.8889 0.1992 15.2282
v  -2.9221 0.1989 15.2664
v  -2.8896 0.1989 15.2278
v  -3.1582 0.2011 15.2889
v  -3.1119 0.2019 15.3109
v  -3.1584 0.2019 15.2892
v  -2.9228 0.1986 15.2657
v  -2.8904 0.1986 15.2273
v  -2.9621 0.2027 15.2980
v  -3.1120 0.2027 15.3110
v  -3.1584 0.2027 15.2893
v  -3.0469 0.2896 15.1499
v  -3.0403 0.2896 15.1475
v  -3.1568 0.1989 15.2867
v  -3.0345 0.2896 15.1435
v  -3.0285 0.2760 15.1501
v  -3.0114 0.2122 14.9932
v  -3.0466 0.2122 14.9869
v  -3.0473 0.2172 15.0044
v  -3.0166 0.2172 15.0098
v  -3.0258 0.2896 15.1249
v  -3.0169 0.2760 15.1253
v  -3.0348 0.7694 15.1158
v  -3.0352 0.7694 15.1146
v  -3.0382 0.7694 15.1104
v  -3.0668 0.7694 15.1102
v  -3.0392 0.7694 15.1096
v  -3.0421 0.7694 15.1071
v  -3.0617 0.7694 15.1062
v  -3.0659 0.7694 15.1092
v  -3.0456 0.7694 15.1055
v  -3.0605 0.7694 15.1058
v  -3.0467 0.7694 15.1049
v  -3.0569 0.7694 15.1045
v  -3.0518 0.7694 15.1040
v  -3.0531 0.7694 15.1042
v  -3.0617 0.3039 15.1062
v  -3.0569 0.3039 15.1045
v  -3.0213 0.2633 15.1580
v  -3.0135 0.2633 15.1487
v  -3.0604 0.2760 15.0887
v  -3.0585 0.2896 15.0974
v  -3.0515 0.2896 15.0968
v  -3.0511 0.2760 15.0879
v  -3.0441 0.2068 14.9323
v  -2.9949 0.2068 14.9410
v  -3.0506 0.2633 15.0773
v  -3.0501 0.2516 15.0651
v  -2.9938 0.2056 14.9377
v  -3.0440 0.2056 14.9288
v  -2.9937 0.2050 14.9371
v  -2.9935 0.2043 14.9367
v  -3.0439 0.2035 14.9275
v  -2.9934 0.2035 14.9364
v  -3.0439 0.2027 14.9274
v  -2.9934 0.2027 14.9364
v  -2.9934 0.2019 14.9364
v  -2.9935 0.2011 14.9367
v  -2.9937 0.2004 14.9371
v  -3.0439 0.2004 14.9282
v  -2.9938 0.1998 14.9377
v  -3.0440 0.1998 14.9288
v  -3.0440 0.1992 14.9296
v  -2.9941 0.1992 14.9384
v  -3.0440 0.1989 14.9304
v  -2.9943 0.1989 14.9392
v  -3.0441 0.1986 14.9313
v  -2.9946 0.1986 14.9401
v  -3.0033 0.2516 15.1552
v  -3.0131 0.2516 15.1669
v  -2.9919 0.2410 15.1625
v  -3.0040 0.2410 15.1769
v  -2.9795 0.2317 15.1704
v  -2.9941 0.2317 15.1878
v  -2.9661 0.2237 15.1789
v  -2.9834 0.2237 15.1995
v  -2.9721 0.2172 15.2118
v  -3.0446 0.2896 15.0980
v  -3.0419 0.2760 15.0895
v  -2.9603 0.2122 15.2247
v  -3.0387 0.2633 15.0794
v  -2.9482 0.2088 15.2379
v  -2.9358 0.2070 15.2514
v  -3.0350 0.2516 15.0678
v  -3.0309 0.2410 15.0549
v  -3.0495 0.2410 15.0516
v  -3.0265 0.2317 15.0409
v  -3.0488 0.2317 15.0369
v  -3.0217 0.2237 15.0258
v  -3.0481 0.2237 15.0211
v  -3.0947 0.1998 14.9332
v  -3.0945 0.1992 14.9339
v  -3.0518 0.3039 15.1040
v  -3.0060 0.2088 14.9760
v  -3.0458 0.2088 14.9690
v  -3.0467 0.3039 15.1049
v  -3.0421 0.3039 15.1071
v  -3.0382 0.3039 15.1104
v  -3.0004 0.2070 14.9586
v  -3.0449 0.2070 14.9507
v  -2.9486 0.2065 14.9606
v  -2.9496 0.2068 14.9622
v  -3.0362 0.2760 15.1555
v  -2.9481 0.2061 14.9599
v  -2.9113 0.2068 14.9944
v  -2.9595 0.2070 14.9777
v  -2.9249 0.2070 15.0068
v  -2.9477 0.2056 14.9593
v  -3.0352 0.3039 15.1146
v  -2.9474 0.2050 14.9588
v  -2.8654 0.2035 15.1829
v  -2.9471 0.2043 14.9584
v  -2.9839 0.2410 15.1454
v  -2.9699 0.2317 15.1499
v  -3.0822 0.2122 14.9900
v  -2.8700 0.2068 15.1815
v  -2.8912 0.2068 15.2268
v  -2.9470 0.2035 14.9582
v  -2.9469 0.2027 14.9581
v  -2.9087 0.2056 14.9921
v  -2.8796 0.2056 15.0338
v  -2.8790 0.2050 15.0335
v  -2.9083 0.2050 14.9916
v  -2.8565 0.2035 15.1324
v  -3.0840 0.2633 15.0894
v  -2.9470 0.2019 14.9582
v  -2.9471 0.2011 14.9584
v  -3.0114 0.2068 15.3107
v  -3.0154 0.2070 15.2927
v  -3.0604 0.2070 15.2966
v  -3.0612 0.2068 15.3150
v  -2.9234 0.2068 15.2650
v  -2.9474 0.2004 14.9588
v  -2.9622 0.2035 15.2980
v  -2.9477 0.1998 14.9593
v  -2.9729 0.2070 15.2773
v  -2.9644 0.2068 15.2937
v  -2.9481 0.1992 14.9599
v  -2.9486 0.1989 14.9606
v  -2.9491 0.1986 14.9614
v  -3.0382 0.2896 15.1010
v  -3.0334 0.2760 15.0935
v  -3.0277 0.2633 15.0845
v  -2.8608 0.2027 15.0813
v  -2.8609 0.2019 15.0814
v  -2.8568 0.2011 15.1324
v  -2.8612 0.2011 15.0814
v  -2.8629 0.2061 15.0818
v  -2.8638 0.2065 15.0820
v  -2.8594 0.2065 15.1323
v  -2.8586 0.2061 15.1323
v  -2.8616 0.2004 15.0815
v  -2.8622 0.1998 15.0817
v  -3.0211 0.2516 15.0743
v  -2.8683 0.1989 15.1820
v  -2.8674 0.1992 15.1823
v  -2.8691 0.1986 15.1818
v  -3.0139 0.2410 15.0629
v  -3.0059 0.2317 15.0505
v  -3.0288 0.2896 15.1113
v  -3.0328 0.2896 15.1055
v  -2.9974 0.2237 15.0371
v  -2.8657 0.2011 15.1828
v  -2.8667 0.2056 15.1825
v  -2.9884 0.2172 15.0230
v  -2.9083 0.2004 14.9916
v  -2.8790 0.2004 15.0335
v  -2.8796 0.1998 15.0338
v  -2.9087 0.1998 14.9921
v  -3.0943 0.1989 14.9348
v  -3.0942 0.1986 14.9357
v  -2.9790 0.2122 15.0083
v  -2.9693 0.2088 14.9932
v  -2.8656 0.2068 15.0824
v  -2.8613 0.2068 15.1322
v  -3.1563 0.1986 15.2859
v  -2.8827 0.2068 15.0354
v  -2.8990 0.2070 15.0439
v  -2.8836 0.2070 15.0864
v  -2.8616 0.2050 15.0815
v  -2.8612 0.2043 15.0814
v  -2.8609 0.2035 15.0814
v  -2.9015 0.2088 15.0903
v  -2.9153 0.2088 15.0523
v  -2.9312 0.2122 15.0606
v  -2.9190 0.2122 15.0942
v  -2.8622 0.2056 15.0817
v  -2.9384 0.2088 15.0192
v  -2.9524 0.2237 15.1015
v  -2.9615 0.2237 15.0763
v  -2.9756 0.2317 15.0836
v  -2.9679 0.2317 15.1050
v  -2.9887 0.2410 15.0904
v  -2.9823 0.2410 15.1081
v  -2.8578 0.2056 15.1324
v  -3.0264 0.2896 15.1179
v  -2.9896 0.2122 15.2451
v  -2.9976 0.2172 15.2297
v  -3.0269 0.2172 15.2403
v  -3.0232 0.2122 15.2573
v  -3.0054 0.2237 15.2148
v  -3.0306 0.2237 15.2240
v  -2.8647 0.1986 15.0822
v  -3.0177 0.2760 15.1159
v  -3.0209 0.2760 15.1071
v  -2.9467 0.2172 15.0686
v  -2.9645 0.2172 15.0431
v  -2.9769 0.2237 15.0544
v  -3.0073 0.2633 15.1137
v  -3.0114 0.2633 15.1023
v  -2.9517 0.2122 15.0313
v  -2.9955 0.2516 15.1110
v  -3.0007 0.2516 15.0967
v  -2.9077 0.2027 14.9911
v  -2.9361 0.2172 15.0979
v  -2.8783 0.2027 15.0331
v  -2.9886 0.2317 15.0651
v  -2.9995 0.2410 15.0750
v  -3.0094 0.2516 15.0841
v  -2.9813 0.2088 15.2611
v  -3.0193 0.2088 15.2749
v  -3.0262 0.2760 15.0995
v  -2.8604 0.1986 15.1323
v  -3.0184 0.2633 15.0923
v  -3.0613 0.2065 15.3169
v  -3.1263 0.2122 15.2390
v  -2.8980 0.2088 15.1306
v  -2.8797 0.2070 15.1314
v  -2.8674 0.2061 15.1823
v  -3.0950 0.2035 14.9319
v  -2.9159 0.2122 15.1298
v  -2.9659 0.2317 15.1275
v  -3.0950 0.2027 14.9318
v  -2.9806 0.2410 15.1269
v  -2.8683 0.2065 15.1820
v  -3.0948 0.2004 14.9326
v  -3.0922 0.2516 15.0804
v  -3.1013 0.2410 15.0705
v  -3.1113 0.2317 15.0596
v  -3.1220 0.2237 15.0479
v  -3.1333 0.2172 15.0355
v  -3.1450 0.2122 15.0227
v  -3.1572 0.2088 15.0094
v  -3.1695 0.2070 14.9959
v  -3.1418 0.2065 14.9520
v  -3.1422 0.2061 14.9512
v  -3.1426 0.2056 14.9506
v  -3.1428 0.2050 14.9500
v  -3.1430 0.2043 14.9496
v  -3.1432 0.2035 14.9494
v  -3.1432 0.2027 14.9493
v  -3.1432 0.2019 14.9494
v  -3.1430 0.2011 14.9496
v  -3.1428 0.2004 14.9500
v  -3.1426 0.1998 14.9506
v  -3.1422 0.1992 14.9512
v  -3.1418 0.1989 14.9520
v  -3.0692 0.2760 15.0919
v  -3.0651 0.2896 15.0998
v  -3.1414 0.1986 14.9528
v  -3.0947 0.2056 14.9332
v  -3.0945 0.2061 14.9339
v  -3.0943 0.2065 14.9348
v  -3.0450 0.2760 15.1587
v  -3.1158 0.2122 15.0022
v  -3.0340 0.2317 15.2085
v  -3.0371 0.2410 15.1941
v  -3.0126 0.2317 15.2008
v  -3.0194 0.2410 15.1877
v  -3.1108 0.1986 15.3072
v  -3.1110 0.2065 15.3081
v  -3.1568 0.2065 15.2867
v  -3.1105 0.2068 15.3063
# 712 vertices

vn -0.2880 -0.9575 -0.0189
vn -0.2830 -0.9575 0.0563
vn -0.3801 -0.9219 0.0756
vn -0.3867 -0.9219 -0.0253
vn 0.2471 0.8293 0.5011
vn 0.3684 0.8293 0.4201
vn 0.2280 0.9383 0.2600
vn 0.1529 0.9383 0.3101
vn -0.0524 0.9866 0.1543
vn -0.0852 0.9642 0.2509
vn -0.1472 0.9642 0.2204
vn -0.0905 0.9866 0.1355
vn -0.0544 -0.5542 0.8306
vn -0.2676 -0.5542 0.7882
vn -0.2279 -0.7053 0.6713
vn -0.0464 -0.7053 0.7074
vn -0.0654 -0.0000 0.9979
vn -0.3214 -0.0000 0.9469
vn -0.3153 -0.1947 0.9288
vn -0.0642 -0.1947 0.9788
vn 0.1951 0.0000 0.9808
vn 0.0654 0.0000 0.9979
vn -0.5906 0.4445 -0.6735
vn -0.5564 0.5366 -0.6344
vn -0.7016 0.5366 -0.4688
vn -0.7448 0.4445 -0.4977
vn -0.6506 0.6226 -0.4347
vn -0.7410 0.6226 -0.2515
vn -0.7991 0.5366 -0.2712
vn 0.6094 0.3819 0.6949
vn 0.4088 0.3819 0.8289
vn 0.4338 0.1947 0.8797
vn 0.6467 0.1947 0.7374
vn -0.4576 0.8350 -0.3057
vn -0.3628 0.8350 -0.4137
vn -0.3031 0.8880 -0.3457
vn -0.3823 0.8880 -0.2554
vn -0.0492 0.9982 -0.0329
vn -0.0390 0.9982 -0.0445
vn -0.0729 0.9939 -0.0832
vn -0.0920 0.9939 -0.0615
vn -0.0489 0.9939 -0.0992
vn -0.1529 0.9383 -0.3101
vn -0.2280 0.9383 -0.2600
vn -0.2471 0.8293 -0.5011
vn -0.3684 0.8293 -0.4201
vn -0.5488 -0.5542 -0.6258
vn -0.4674 -0.7053 -0.5330
vn -0.5894 -0.7053 -0.3939
vn -0.6921 -0.5542 -0.4624
vn -0.5925 0.7016 -0.3959
vn -0.4699 0.7016 -0.5358
vn -0.4186 0.7726 -0.4773
vn -0.5279 0.7726 -0.3527
vn -0.1171 0.9313 0.3450
vn -0.2024 0.9313 0.3029
vn -0.3135 0.7053 -0.6358
vn -0.4674 0.7053 -0.5330
vn -0.3681 0.5542 -0.7465
vn -0.5488 0.5542 -0.6258
vn -0.2879 0.4445 0.8483
vn -0.4977 0.4445 0.7448
vn -0.4688 0.5366 0.7016
vn -0.2712 0.5366 0.7991
vn -0.6094 0.3819 -0.6949
vn -0.4088 0.3819 -0.8289
vn -0.4338 0.1947 -0.8797
vn -0.6467 0.1947 -0.7374
vn -0.4423 -0.0000 -0.8969
vn -0.6593 -0.0000 -0.7518
vn -0.4338 -0.1947 -0.8797
vn -0.6467 -0.1947 -0.7374
vn -0.4088 -0.3819 -0.8289
vn -0.6094 -0.3819 -0.6949
vn -0.3681 -0.5542 -0.7465
vn -0.3135 -0.7053 -0.6358
vn -0.2471 -0.8293 -0.5011
vn -0.3684 -0.8293 -0.4201
vn -0.0512 0.6226 0.7808
vn -0.2515 0.6226 0.7410
vn -0.2291 0.7016 0.6748
vn -0.0466 0.7016 0.7111
vn -0.1714 -0.9219 -0.3476
vn -0.2555 -0.9219 -0.2914
vn -0.1276 -0.9575 -0.2588
vn -0.1903 -0.9575 -0.2170
vn -0.6058 0.3948 -0.6908
vn -0.4064 0.3948 -0.8240
vn -0.3962 0.4445 -0.8034
vn -0.3732 0.5366 -0.7568
vn -0.3461 0.6226 -0.7018
vn -0.5160 0.6226 -0.5883
vn -0.3152 0.7016 -0.6391
vn -0.2808 0.7726 -0.5694
vn 0.6227 0.7726 -0.1239
vn 0.5397 0.8350 -0.1074
vn 0.4935 0.8350 -0.2434
vn 0.5694 0.7726 -0.2808
vn -0.2434 0.8350 -0.4935
vn -0.2033 0.8880 -0.4124
vn -0.1611 0.9313 -0.3267
vn -0.2402 0.9313 -0.2739
vn -0.1172 0.9642 -0.2377
vn -0.1747 0.9642 -0.1992
vn 0.4977 0.4445 -0.7448
vn 0.6735 0.4445 -0.5906
vn 0.6344 0.5366 -0.5564
vn 0.4688 0.5366 -0.7016
vn -0.0721 0.9866 -0.1461
vn -0.1074 0.9866 -0.1225
vn 0.2153 -0.9219 -0.3222
vn 0.2914 -0.9219 -0.2555
vn 0.2170 -0.9575 -0.1903
vn 0.1603 -0.9575 -0.2399
vn -0.0262 0.9982 -0.0530
vn -0.0216 0.9939 -0.1085
vn -0.0675 0.9383 -0.3392
vn -0.1090 0.8293 -0.5480
vn -0.1383 0.7053 -0.6953
vn -0.1624 0.5542 -0.8164
vn -0.1803 0.3819 -0.9065
vn -0.1914 0.1947 -0.9620
vn -0.1951 -0.0000 -0.9808
vn -0.1914 -0.1947 -0.9620
vn -0.1803 -0.3819 -0.9065
vn -0.1624 -0.5542 -0.8164
vn -0.1543 0.9866 -0.0524
vn -0.1355 0.9866 -0.0905
vn -0.0560 0.9982 -0.0190
vn 0.5330 0.7053 -0.4674
vn 0.6258 0.5542 -0.5488
vn 0.4624 0.5542 -0.6921
vn 0.3939 0.7053 -0.5894
vn -0.1383 -0.7053 -0.6953
vn -0.1090 -0.8293 -0.5480
vn -0.0756 -0.9219 -0.3801
vn -0.0563 -0.9575 -0.2830
vn -0.1792 0.3948 -0.9011
vn -0.1748 0.4445 -0.8786
vn -0.1646 0.5366 -0.8276
vn -0.1527 0.6226 -0.7675
vn -0.1390 0.7016 -0.6989
vn -0.1239 0.7726 -0.6227
vn -0.1074 0.8350 -0.5397
vn -0.0897 0.8880 -0.4509
vn -0.0711 0.9313 -0.3573
vn -0.0517 0.9642 -0.2599
vn -0.0318 0.9866 -0.1598
vn -0.0115 0.9982 -0.0580
vn 0.0072 0.9939 -0.1104
vn 0.0226 0.9383 -0.3451
vn 0.0365 0.8293 -0.5575
vn 0.0464 0.7053 -0.7074
vn 0.0544 0.5542 -0.8306
vn 0.0604 0.3819 -0.9222
vn 0.0642 0.1947 -0.9788
vn 0.0654 -0.0000 -0.9979
vn 0.0642 -0.1947 -0.9788
vn 0.0604 -0.3819 -0.9222
vn 0.0544 -0.5542 -0.8306
vn 0.0464 -0.7053 -0.7074
vn 0.0365 -0.8293 -0.5575
vn 0.0253 -0.9219 -0.3867
vn 0.0189 -0.9575 -0.2880
vn 0.0601 0.3948 -0.9168
vn 0.0586 0.4445 -0.8939
vn 0.0552 0.5366 -0.8420
vn 0.0512 0.6226 -0.7808
vn 0.0466 0.7016 -0.7111
vn 0.0415 0.7726 -0.6335
vn 0.0360 0.8350 -0.5491
vn 0.0301 0.8880 -0.4588
vn 0.0238 0.9313 -0.3635
vn -0.7639 0.3948 -0.5104
vn -0.8483 0.4445 -0.2879
vn -0.8700 0.3948 -0.2953
vn 0.0173 0.9642 -0.2644
vn 0.0107 0.9866 -0.1626
vn 0.0039 0.9982 -0.0590
vn 0.0356 0.9939 -0.1048
vn 0.1112 0.9383 -0.3274
vn 0.1796 0.8293 -0.5291
vn 0.2279 0.7053 -0.6713
vn 0.2676 0.5542 -0.7882
vn 0.2971 0.3819 -0.8752
vn 0.3153 0.1947 -0.9288
vn 0.3214 -0.0000 -0.9469
vn 0.3153 -0.1947 -0.9288
vn -0.0238 0.9313 0.3635
vn -0.0301 0.8880 0.4588
vn -0.1478 0.8880 0.4354
vn 0.2971 -0.3819 -0.8752
vn 0.2676 -0.5542 -0.7882
vn 0.2279 -0.7053 -0.6713
vn 0.1796 -0.8293 -0.5291
vn 0.1246 -0.9219 -0.3670
vn 0.0928 -0.9575 -0.2733
vn 0.2879 0.4445 -0.8483
vn 0.2712 0.5366 -0.7991
vn 0.2515 0.6226 -0.7410
vn 0.2291 0.7016 -0.6748
vn 0.2041 0.7726 -0.6012
vn 0.1769 0.8350 -0.5211
vn 0.1478 0.8880 -0.4354
vn 0.1171 0.9313 -0.3450
vn 0.0852 0.9642 -0.2509
vn 0.0524 0.9866 -0.1543
vn 0.0190 0.9982 -0.0560
vn 0.0615 0.9939 -0.0920
vn 0.1921 0.9383 -0.2875
vn 0.3104 0.8293 -0.4646
vn 0.5135 0.3819 -0.7685
vn 0.5449 0.1947 -0.8156
vn 0.5556 0.0000 -0.8315
vn 0.5449 -0.1947 -0.8156
vn 0.5135 -0.3819 -0.7685
vn 0.4624 -0.5542 -0.6921
vn 0.3939 -0.7053 -0.5894
vn 0.3104 -0.8293 -0.4646
vn -0.0190 0.9982 0.0560
vn -0.0329 0.9982 0.0492
vn -0.4354 0.8880 -0.1478
vn -0.3029 0.9313 -0.2024
vn -0.3450 0.9313 -0.1171
vn 0.2953 0.3948 -0.8700
vn 0.5104 0.3948 -0.7639
vn 0.4347 0.6226 -0.6506
vn 0.3959 0.7016 -0.5925
vn 0.3527 0.7726 -0.5279
vn 0.3057 0.8350 -0.4576
vn 0.2554 0.8880 -0.3823
vn 0.2024 0.9313 -0.3029
vn 0.1472 0.9642 -0.2204
vn 0.0905 0.9866 -0.1355
vn 0.0329 0.9982 -0.0492
vn 0.0832 0.9939 -0.0729
vn 0.2600 0.9383 -0.2280
vn 0.4201 0.8293 -0.3684
vn 0.6949 0.3819 -0.6094
vn 0.7374 0.1947 -0.6467
vn 0.7518 -0.0000 -0.6593
vn 0.7374 -0.1947 -0.6467
vn 0.6949 -0.3819 -0.6094
vn 0.6258 -0.5542 -0.5488
vn 0.5330 -0.7053 -0.4674
vn 0.4201 -0.8293 -0.3684
vn 0.6908 0.3948 -0.6058
vn 0.6989 0.7016 -0.1390
vn 0.6391 0.7016 -0.3152
vn 0.4509 0.8880 -0.0897
vn 0.3573 0.9313 -0.0711
vn 0.3267 0.9313 -0.1611
vn 0.4124 0.8880 -0.2033
vn -0.0253 -0.9219 0.3867
vn 0.0756 -0.9219 0.3801
vn 0.1090 -0.8293 0.5480
vn -0.0365 -0.8293 0.5575
vn -0.9979 -0.0000 -0.0654
vn -0.9788 -0.1947 -0.0642
vn -0.9620 -0.1947 0.1914
vn -0.9808 0.0000 0.1951
vn -0.5894 0.7053 -0.3939
vn -0.6921 0.5542 -0.4624
vn 0.0000 1.0000 -0.0000
vn -0.5291 0.8293 -0.1796
vn -0.4646 0.8293 -0.3104
vn -0.6713 0.7053 -0.2279
vn -0.7018 0.6226 0.3461
vn -0.7675 0.6226 0.1527
vn -0.6989 0.7016 0.1390
vn -0.6391 0.7016 0.3152
vn -0.0654 0.0000 -0.9979
vn -0.9222 -0.3819 -0.0604
vn -0.8752 -0.3819 -0.2971
vn -0.7882 -0.5542 -0.2676
vn -0.8306 -0.5542 -0.0544
vn -0.5491 0.8350 -0.0360
vn -0.5211 0.8350 -0.1769
vn -0.4588 0.8880 -0.0301
vn -0.3214 0.0000 -0.9469
vn -0.7518 -0.0000 -0.6593
vn -0.8315 -0.0000 -0.5556
vn -0.7882 0.5542 -0.2676
vn -0.8752 0.3819 -0.2971
vn -0.9222 0.3819 -0.0604
vn -0.8306 0.5542 -0.0544
vn -0.6358 0.7053 0.3135
vn -0.6953 0.7053 0.1383
vn -0.8164 0.5542 0.1624
vn -0.7465 0.5542 0.3681
vn -0.7685 0.3819 -0.5135
vn -0.8156 0.1947 -0.5449
vn -0.9288 0.1947 -0.3153
vn -0.8420 0.5366 -0.0552
vn -0.8939 0.4445 -0.0586
vn -0.8969 -0.0000 -0.4423
vn -0.9469 -0.0000 -0.3214
vn -0.9979 0.0000 0.0654
vn -0.9469 0.0000 0.3214
vn -0.8969 0.0000 0.4423
vn -0.7518 -0.0000 0.6593
vn -0.5556 -0.0000 0.8315
vn -0.6593 -0.0000 0.7518
vn -0.4423 -0.0000 0.8969
vn 0.4423 -0.0000 -0.8969
vn 0.2555 -0.9219 0.2914
vn 0.3684 -0.8293 0.4201
vn 0.2471 -0.8293 0.5011
vn 0.1714 -0.9219 0.3476
vn -0.9168 0.3948 -0.0601
vn -0.9065 -0.3819 0.1803
vn -0.8289 -0.3819 0.4088
vn -0.8797 -0.1947 0.4338
vn 0.1903 -0.9575 0.2170
vn 0.1276 -0.9575 0.2588
vn -0.3635 0.9313 -0.0238
vn -0.7111 0.7016 -0.0466
vn -0.6748 0.7016 -0.2291
vn -0.6012 0.7726 -0.2041
vn -0.6335 0.7726 -0.0415
vn -0.5291 -0.8293 -0.1796
vn -0.3670 -0.9219 -0.1246
vn -0.5575 -0.8293 -0.0365
vn -0.7808 0.6226 -0.0512
vn -0.3104 0.8293 0.4646
vn -0.1921 0.9383 0.2875
vn -0.2600 0.9383 0.2280
vn -0.4201 0.8293 0.3684
vn 0.9222 -0.3819 0.0604
vn 0.9065 -0.3819 -0.1803
vn 0.9620 -0.1947 -0.1914
vn 0.9788 -0.1947 0.0642
vn -0.7074 0.7053 -0.0464
vn -0.0544 0.5542 0.8306
vn -0.2676 0.5542 0.7882
vn -0.2971 0.3819 0.8752
vn -0.0604 0.3819 0.9222
vn -0.4624 0.5542 0.6921
vn -0.6258 0.5542 0.5488
vn -0.6949 0.3819 0.6094
vn -0.5135 0.3819 0.7685
vn -0.3939 0.7053 0.5894
vn -0.5330 0.7053 0.4674
vn -0.2588 -0.9575 0.1276
vn -0.3476 -0.9219 0.1714
vn 0.9065 0.3819 -0.1803
vn 0.8164 0.5542 -0.1624
vn 0.8306 0.5542 0.0544
vn 0.9222 0.3819 0.0604
vn 0.1598 0.9866 -0.0318
vn 0.0580 0.9982 -0.0115
vn 0.0530 0.9982 -0.0262
vn 0.1461 0.9866 -0.0721
vn -0.8164 -0.5542 0.1624
vn -0.7465 -0.5542 0.3681
vn 0.6467 -0.1947 0.7374
vn 0.4338 -0.1947 0.8797
vn 0.4088 -0.3819 0.8289
vn 0.6094 -0.3819 0.6949
vn -0.2644 0.9642 -0.0173
vn -0.2509 0.9642 -0.0852
vn -0.1626 0.9866 -0.0107
vn 0.1085 0.9939 -0.0216
vn 0.0992 0.9939 -0.0489
vn -0.5480 0.8293 0.1090
vn -0.5575 0.8293 -0.0365
vn -0.5011 0.8293 0.2471
vn -0.3101 0.9383 0.1529
vn -0.3392 0.9383 0.0675
vn 0.5291 0.8293 0.1796
vn 0.5575 0.8293 0.0365
vn 0.3451 0.9383 0.0226
vn 0.3274 0.9383 0.1112
vn -0.7374 0.1947 0.6467
vn -0.5449 0.1947 0.8156
vn -0.9788 0.1947 -0.0642
vn -0.9620 0.1947 0.1914
vn -0.7374 -0.1947 0.6467
vn -0.5449 -0.1947 0.8156
vn -0.6713 -0.7053 -0.2279
vn -0.7074 -0.7053 -0.0464
vn -0.9065 0.3819 0.1803
vn -0.8289 0.3819 0.4088
vn 0.7018 0.6226 -0.3461
vn 0.7675 0.6226 -0.1527
vn -0.6949 -0.3819 0.6094
vn -0.5135 -0.3819 0.7685
vn -0.6258 -0.5542 0.5488
vn -0.4624 -0.5542 0.6921
vn -0.5330 -0.7053 0.4674
vn -0.3939 -0.7053 0.5894
vn -0.5011 -0.8293 0.2471
vn -0.5480 -0.8293 0.1090
vn -0.4646 -0.8293 -0.3104
vn -0.6358 -0.7053 0.3135
vn -0.6953 -0.7053 0.1383
vn -0.4201 -0.8293 0.3684
vn -0.3104 -0.8293 0.4646
vn -0.2914 -0.9219 0.2555
vn -0.2153 -0.9219 0.3222
vn -0.7685 -0.3819 -0.5135
vn -0.9288 -0.1947 -0.3153
vn -0.8156 -0.1947 -0.5449
vn -0.2170 -0.9575 0.1903
vn -0.1603 -0.9575 0.2399
vn -0.8240 0.3948 0.4064
vn -0.9011 0.3948 0.1792
vn -0.8786 0.4445 0.1748
vn -0.8034 0.4445 0.3962
vn -0.3222 -0.9219 -0.2153
vn -0.5104 0.3948 0.7639
vn -0.6908 0.3948 0.6058
vn -0.6735 0.4445 0.5906
vn -0.6344 0.5366 0.5564
vn 0.2509 0.9642 0.0852
vn 0.2644 0.9642 0.0173
vn 0.3635 0.9313 0.0238
vn 0.3450 0.9313 0.1171
vn -0.0586 0.4445 0.8939
vn -0.0552 0.5366 0.8420
vn 0.6593 -0.0000 -0.7518
vn 0.8969 0.0000 -0.4423
vn 0.9469 0.0000 -0.3214
vn 0.9808 0.0000 -0.1951
vn -0.5883 0.6226 0.5160
vn -0.4347 0.6226 0.6506
vn 0.8276 0.5366 -0.1646
vn 0.8786 0.4445 -0.1748
vn 0.8939 0.4445 0.0586
vn 0.8420 0.5366 0.0552
vn 0.1104 0.9939 0.0072
vn 0.1048 0.9939 0.0356
vn 0.7808 0.6226 0.0512
vn 0.7111 0.7016 0.0466
vn 0.6713 0.7053 0.2279
vn 0.7074 0.7053 0.0464
vn 0.7882 0.5542 0.2676
vn 0.8752 0.3819 0.2971
vn 0.9788 0.1947 0.0642
vn 0.9288 0.1947 0.3153
vn 0.9979 -0.0000 0.0654
vn 0.9469 -0.0000 0.3214
vn 0.9288 -0.1947 0.3153
vn 0.8752 -0.3819 0.2971
vn 0.7882 -0.5542 0.2676
vn 0.8306 -0.5542 0.0544
vn 0.6713 -0.7053 0.2279
vn 0.7074 -0.7053 0.0464
vn 0.5575 -0.8293 0.0365
vn 0.5291 -0.8293 0.1796
vn 0.3867 -0.9219 0.0253
vn 0.3670 -0.9219 0.1246
vn 0.2880 -0.9575 0.0189
vn 0.2733 -0.9575 0.0928
vn -0.3959 0.7016 0.5925
vn -0.5358 0.7016 0.4699
vn -0.3527 0.7726 0.5279
vn -0.4773 0.7726 0.4186
vn -0.3057 0.8350 0.4576
vn -0.4137 0.8350 0.3628
vn -0.2554 0.8880 0.3823
vn -0.3457 0.8880 0.3031
vn -0.2739 0.9313 0.2402
vn 0.8483 0.4445 0.2879
vn 0.7991 0.5366 0.2712
vn -0.1992 0.9642 0.1747
vn 0.7410 0.6226 0.2515
vn -0.1225 0.9866 0.1074
vn -0.0445 0.9982 0.0390
vn 0.6748 0.7016 0.2291
vn 0.6012 0.7726 0.2041
vn 0.6335 0.7726 0.0415
vn 0.5211 0.8350 0.1769
vn 0.5491 0.8350 0.0360
vn 0.4354 0.8880 0.1478
vn 0.4588 0.8880 0.0301
vn 0.6953 -0.7053 -0.1383
vn 0.5480 -0.8293 -0.1090
vn 0.9979 -0.0000 -0.0654
vn 0.1543 0.9866 0.0524
vn 0.1626 0.9866 0.0107
vn 0.8969 -0.0000 0.4423
vn 0.8315 -0.0000 0.5556
vn 0.7518 -0.0000 0.6593
vn 0.6593 -0.0000 0.7518
vn 0.0560 0.9982 0.0190
vn 0.0590 0.9982 0.0039
vn 0.2875 0.9383 0.1921
vn 0.0920 0.9939 0.0615
vn -0.7568 0.5366 0.3732
vn 0.4646 0.8293 0.3104
vn 0.0729 0.9939 0.0832
vn 0.0492 0.9982 0.0329
vn 0.0390 0.9982 0.0445
vn 0.5894 0.7053 0.3939
vn 0.4423 0.0000 0.8969
vn 0.6921 0.5542 0.4624
vn 0.3214 0.0000 0.9469
vn -0.3153 0.1947 0.9288
vn 0.7685 0.3819 0.5135
vn -0.2041 0.7726 0.6012
vn -0.1769 0.8350 0.5211
vn 0.2599 0.9642 -0.0517
vn 0.9168 0.3948 0.0601
vn 0.8700 0.3948 0.2953
vn -0.0356 0.9939 0.1048
vn -0.0615 0.9939 0.0920
vn 0.8156 0.1947 0.5449
vn 0.4674 0.7053 0.5330
vn 0.3135 0.7053 0.6358
vn 0.3681 0.5542 0.7465
vn 0.5488 0.5542 0.6258
vn -0.0642 0.1947 0.9788
vn 0.5883 0.6226 -0.5160
vn -0.0601 0.3948 0.9168
vn -0.2953 0.3948 0.8700
vn 0.8156 -0.1947 0.5449
vn 0.7685 -0.3819 0.5135
vn -0.1085 0.9939 0.0216
vn -0.0580 0.9982 0.0115
vn -0.0590 0.9982 -0.0039
vn -0.1104 0.9939 -0.0072
vn -0.0832 0.9939 0.0729
vn 0.6921 -0.5542 0.4624
vn -0.8797 0.1947 0.4338
vn 0.5894 -0.7053 0.3939
vn -0.0530 0.9982 0.0262
vn -0.0992 0.9939 0.0489
vn 0.4646 -0.8293 0.3104
vn 0.3222 -0.9219 0.2153
vn 0.2399 -0.9575 0.1603
vn 0.7639 0.3948 0.5104
vn 0.7448 0.4445 0.4977
vn 0.7016 0.5366 0.4688
vn 0.6506 0.6226 0.4347
vn 0.1914 -0.1947 0.9620
vn -0.0604 -0.3819 0.9222
vn 0.1803 -0.3819 0.9065
vn 0.1090 0.8293 0.5480
vn 0.0675 0.9383 0.3392
vn -0.0226 0.9383 0.3451
vn -0.0365 0.8293 0.5575
vn 0.1624 -0.5542 0.8164
vn 0.1383 -0.7053 0.6953
vn 0.5925 0.7016 0.3959
vn -0.1246 -0.9219 0.3670
vn -0.1796 -0.8293 0.5291
vn -0.0928 -0.9575 0.2733
vn 0.5279 0.7726 0.3527
vn 0.4576 0.8350 0.3057
vn 0.6058 0.3948 0.6908
vn 0.4064 0.3948 0.8240
vn 0.3962 0.4445 0.8034
vn 0.5906 0.4445 0.6735
vn 0.3823 0.8880 0.2554
vn -0.2971 -0.3819 0.8752
vn -0.2279 0.7053 0.6713
vn 0.3029 0.9313 0.2024
vn 0.5488 -0.5542 0.6258
vn 0.3681 -0.5542 0.7465
vn 0.3135 -0.7053 0.6358
vn 0.4674 -0.7053 0.5330
vn 0.3801 -0.9219 -0.0756
vn 0.2830 -0.9575 -0.0563
vn 0.2204 0.9642 0.1472
vn 0.1355 0.9866 0.0905
vn 0.9011 0.3948 -0.1792
vn 0.0216 0.9939 0.1085
vn -0.0072 0.9939 0.1104
vn -0.2399 -0.9575 -0.1603
vn 0.0489 0.9939 0.0992
vn 0.0262 0.9982 0.0530
vn 0.0115 0.9982 0.0580
vn 0.1624 0.5542 0.8164
vn 0.1803 0.3819 0.9065
vn 0.1914 0.1947 0.9620
vn 0.0318 0.9866 0.1598
vn 0.0721 0.9866 0.1461
vn 0.1172 0.9642 0.2377
vn 0.0517 0.9642 0.2599
vn 0.1383 0.7053 0.6953
vn 0.1074 0.9866 0.1225
vn 0.0897 0.8880 0.4509
vn 0.2033 0.8880 0.4124
vn 0.2434 0.8350 0.4935
vn 0.1074 0.8350 0.5397
vn 0.2808 0.7726 0.5694
vn 0.1239 0.7726 0.6227
vn -0.0464 0.7053 0.7074
vn 0.1792 0.3948 0.9011
vn 0.1748 0.4445 0.8786
vn -0.2377 0.9642 0.1172
vn -0.3267 0.9313 0.1611
vn -0.3573 0.9313 0.0711
vn -0.2599 0.9642 0.0517
vn -0.4124 0.8880 0.2033
vn -0.4509 0.8880 0.0897
vn 0.0563 -0.9575 0.2830
vn 0.1646 0.5366 0.8276
vn 0.3732 0.5366 0.7568
vn 0.1611 0.9313 0.3267
vn 0.2402 0.9313 0.2739
vn 0.3031 0.8880 0.3457
vn 0.1527 0.6226 0.7675
vn 0.3461 0.6226 0.7018
vn 0.1747 0.9642 0.1992
vn 0.1390 0.7016 0.6989
vn 0.3152 0.7016 0.6391
vn 0.0711 0.9313 0.3573
vn 0.3628 0.8350 0.4137
vn 0.4186 0.7726 0.4773
vn 0.4699 0.7016 0.5358
vn -0.1461 0.9866 0.0721
vn -0.1598 0.9866 0.0318
vn 0.5564 0.5366 0.6344
vn -0.0189 -0.9575 0.2880
vn 0.5160 0.6226 0.5883
vn -0.3451 0.9383 -0.0226
vn -0.2204 0.9642 -0.1472
vn -0.0107 0.9866 0.1626
vn -0.0039 0.9982 0.0590
vn -0.1796 0.8293 0.5291
vn 0.9620 0.1947 -0.1914
vn -0.0173 0.9642 0.2644
vn -0.0360 0.8350 0.5491
vn -0.0415 0.7726 0.6335
vn -0.1112 0.9383 0.3274
vn 0.8164 -0.5542 -0.1624
vn 0.5358 0.7016 -0.4699
vn 0.4773 0.7726 -0.4186
vn 0.4137 0.8350 -0.3628
vn 0.3457 0.8880 -0.3031
vn 0.2739 0.9313 -0.2402
vn 0.1992 0.9642 -0.1747
vn 0.1225 0.9866 -0.1074
vn 0.0445 0.9982 -0.0390
vn 0.3101 0.9383 -0.1529
vn 0.5011 0.8293 -0.2471
vn 0.6358 0.7053 -0.3135
vn 0.7465 0.5542 -0.3681
vn 0.8289 0.3819 -0.4088
vn 0.8797 0.1947 -0.4338
vn 0.8797 -0.1947 -0.4338
vn 0.8289 -0.3819 -0.4088
vn 0.7465 -0.5542 -0.3681
vn 0.6358 -0.7053 -0.3135
vn 0.5011 -0.8293 -0.2471
vn 0.3476 -0.9219 -0.1714
vn 0.7568 0.5366 -0.3732
vn 0.8034 0.4445 -0.3962
vn 0.8240 0.3948 -0.4064
vn 0.2588 -0.9575 -0.1276
vn 0.6953 0.7053 -0.1383
vn 0.5480 0.8293 -0.1090
vn 0.3392 0.9383 -0.0675
vn -0.8276 0.5366 0.1646
vn 0.2377 0.9642 -0.1172
vn -0.5397 0.8350 0.1074
vn -0.6227 0.7726 0.1239
vn -0.4935 0.8350 0.2434
vn -0.5694 0.7726 0.2808
vn -0.2733 -0.9575 -0.0928
vn -0.3274 0.9383 -0.1112
vn -0.2875 0.9383 -0.1921
vn -0.1048 0.9939 -0.0356
# 665 vertex normals

vt 0.0000 0.0000 0.0000
# 1 texture coords

o Group_012
g Group_012
usemtl Material__60
s off
f 833/2/883 834/2/884 835/2/885 836/2/886 
f 837/2/887 838/2/888 839/2/889 840/2/890 
f 841/2/891 842/2/892 843/2/893 844/2/894 
f 845/2/895 846/2/896 847/2/897 848/2/898 
f 849/2/899 850/2/900 851/2/901 852/2/902 
f 853/2/903 854/2/899 855/2/899 856/2/903 
f 854/2/899 853/2/903 857/2/904 
f 858/2/905 859/2/906 860/2/907 861/2/908 
f 860/2/907 862/2/909 863/2/910 864/2/911 
f 865/2/912 866/2/913 867/2/914 868/2/915 
f 869/2/916 870/2/917 871/2/918 872/2/919 
f 873/2/920 874/2/921 875/2/922 876/2/923 
f 875/2/922 877/2/924 878/2/925 879/2/926 
f 879/2/926 878/2/925 880/2/927 881/2/928 
f 882/2/929 883/2/930 884/2/931 885/2/932 
f 886/2/933 887/2/934 888/2/935 889/2/936 
f 842/2/892 890/2/937 891/2/938 843/2/893 
f 881/2/928 880/2/927 892/2/939 893/2/940 
f 893/2/940 892/2/939 894/2/941 895/2/942 
f 896/2/943 897/2/944 898/2/945 899/2/946 
f 900/2/947 901/2/948 902/2/949 903/2/950 
f 903/2/950 902/2/949 904/2/951 905/2/952 
f 905/2/952 904/2/951 906/2/953 907/2/954 
f 907/2/954 906/2/953 908/2/955 909/2/956 
f 909/2/956 908/2/955 910/2/957 882/2/929 
f 882/2/929 910/2/957 911/2/958 883/2/930 
f 895/2/942 894/2/941 901/2/948 900/2/947 
f 911/2/958 912/2/959 913/2/960 883/2/930 
f 914/2/961 915/2/962 916/2/963 917/2/964 
f 912/2/959 918/2/965 919/2/966 913/2/960 
f 918/2/965 920/2/967 921/2/968 919/2/966 
f 922/2/969 923/2/970 924/2/971 858/2/905 
f 858/2/905 924/2/971 925/2/972 859/2/906 
f 859/2/906 925/2/972 926/2/973 927/2/974 
f 927/2/974 926/2/973 928/2/975 887/2/934 
f 887/2/934 928/2/975 929/2/976 888/2/935 
f 930/2/977 931/2/978 932/2/979 933/2/980 
f 870/2/917 934/2/981 935/2/982 871/2/918 
f 871/2/918 935/2/982 936/2/983 937/2/984 
f 937/2/984 936/2/983 938/2/985 939/2/986 
f 940/2/987 941/2/988 942/2/989 943/2/990 
f 939/2/986 938/2/985 944/2/991 945/2/992 
f 946/2/993 947/2/994 948/2/995 949/2/996 
f 888/2/935 929/2/976 934/2/981 870/2/917 
f 945/2/992 944/2/991 950/2/997 874/2/921 
f 874/2/921 950/2/997 877/2/924 875/2/922 
f 877/2/924 951/2/998 952/2/999 878/2/925 
f 878/2/925 952/2/999 953/2/1000 880/2/927 
f 880/2/927 953/2/1000 954/2/1001 892/2/939 
f 892/2/939 954/2/1001 955/2/1002 894/2/941 
f 894/2/941 955/2/1002 956/2/1003 901/2/948 
f 901/2/948 956/2/1003 957/2/1004 902/2/949 
f 902/2/949 957/2/1004 958/2/1005 904/2/951 
f 904/2/951 958/2/1005 959/2/1006 906/2/953 
f 908/2/955 960/2/1007 961/2/1008 910/2/957 
f 962/2/1009 963/2/1010 873/2/920 964/2/1011 
f 965/2/1012 966/2/1013 967/2/1014 968/2/1015 
f 969/2/1016 970/2/1017 912/2/959 911/2/958 
f 970/2/1017 971/2/1018 918/2/965 912/2/959 
f 971/2/1018 972/2/1019 920/2/967 918/2/965 
f 923/2/970 973/2/1020 974/2/1021 924/2/971 
f 924/2/971 974/2/1021 975/2/1022 925/2/972 
f 925/2/972 975/2/1022 976/2/1023 926/2/973 
f 910/2/957 961/2/1008 969/2/1016 911/2/958 
f 926/2/973 976/2/1023 977/2/1024 928/2/975 
f 928/2/975 977/2/1024 978/2/1025 929/2/976 
f 929/2/976 978/2/1025 979/2/1026 934/2/981 
f 934/2/981 979/2/1026 980/2/1027 935/2/982 
f 935/2/982 980/2/1027 981/2/1028 936/2/983 
f 936/2/983 981/2/1028 982/2/1029 938/2/985 
f 938/2/985 982/2/1029 983/2/1030 944/2/991 
f 944/2/991 983/2/1030 984/2/1031 950/2/997 
f 950/2/997 984/2/1031 951/2/998 877/2/924 
f 951/2/998 985/2/1032 986/2/1033 952/2/999 
f 952/2/999 986/2/1033 987/2/1034 953/2/1000 
f 953/2/1000 987/2/1034 988/2/1035 954/2/1001 
f 954/2/1001 988/2/1035 989/2/1036 955/2/1002 
f 955/2/1002 989/2/1036 990/2/1037 956/2/1003 
f 956/2/1003 990/2/1037 991/2/1038 957/2/1004 
f 957/2/1004 991/2/1038 992/2/1039 958/2/1005 
f 958/2/1005 992/2/1039 993/2/1040 959/2/1006 
f 959/2/1006 993/2/1040 994/2/1041 960/2/1007 
f 960/2/1007 994/2/1041 995/2/1042 961/2/1008 
f 961/2/1008 995/2/1042 996/2/1043 969/2/1016 
f 996/2/1043 997/2/1044 970/2/1017 969/2/1016 
f 997/2/1044 998/2/1045 971/2/1018 970/2/1017 
f 998/2/1045 999/2/1046 972/2/1019 971/2/1018 
f 973/2/1020 1000/2/1047 1001/2/1048 974/2/1021 
f 974/2/1021 1001/2/1048 1002/2/1049 975/2/1022 
f 975/2/1022 1002/2/1049 1003/2/1050 976/2/1023 
f 976/2/1023 1003/2/1050 1004/2/1051 977/2/1024 
f 977/2/1024 1004/2/1051 1005/2/1052 978/2/1025 
f 978/2/1025 1005/2/1052 1006/2/1053 979/2/1026 
f 979/2/1026 1006/2/1053 1007/2/1054 980/2/1027 
f 980/2/1027 1007/2/1054 1008/2/1055 981/2/1028 
f 1009/2/1056 861/2/908 1010/2/1057 1011/2/1058 
f 982/2/1029 1012/2/1059 1013/2/1060 983/2/1030 
f 983/2/1030 1013/2/1060 1014/2/1061 984/2/1031 
f 984/2/1031 1014/2/1061 985/2/1032 951/2/998 
f 1015/2/1062 1016/2/1063 986/2/1033 985/2/1032 
f 1016/2/1063 1017/2/1064 987/2/1034 986/2/1033 
f 1017/2/1064 1018/2/1065 988/2/1035 987/2/1034 
f 988/2/1035 1018/2/1065 1019/2/1066 989/2/1036 
f 989/2/1036 1019/2/1066 1020/2/1067 990/2/1037 
f 990/2/1037 1020/2/1067 1021/2/1068 991/2/1038 
f 991/2/1038 1021/2/1068 1022/2/1069 992/2/1039 
f 992/2/1039 1022/2/1069 1023/2/1070 993/2/1040 
f 1024/2/1071 1025/2/1072 1026/2/1073 890/2/937 
f 993/2/1040 1023/2/1070 1027/2/1074 994/2/1041 
f 994/2/1041 1027/2/1074 1028/2/1075 995/2/1042 
f 995/2/1042 1028/2/1075 1029/2/1076 996/2/1043 
f 996/2/1043 1029/2/1076 1030/2/1077 997/2/1044 
f 997/2/1044 1030/2/1077 1031/2/1078 998/2/1045 
f 998/2/1045 1031/2/1078 1032/2/1079 999/2/1046 
f 1001/2/1048 1033/2/1080 1034/2/1081 1002/2/1049 
f 1002/2/1049 1034/2/1081 1035/2/1082 1003/2/1050 
f 1003/2/1050 1035/2/1082 1036/2/1083 1004/2/1051 
f 1036/2/1083 1037/2/1084 1005/2/1052 1004/2/1051 
f 1037/2/1084 1038/2/1085 1006/2/1053 1005/2/1052 
f 1038/2/1085 1039/2/1086 1007/2/1054 1006/2/1053 
f 1039/2/1086 1040/2/1087 1008/2/1055 1007/2/1054 
f 1040/2/1087 1041/2/1088 1012/2/1059 1008/2/1055 
f 1041/2/1088 1042/2/1089 1013/2/1060 1012/2/1059 
f 1042/2/1089 1043/2/1090 1014/2/1061 1013/2/1060 
f 1043/2/1090 1015/2/1062 985/2/1032 1014/2/1061 
f 1044/2/1091 1045/2/1092 1016/2/1063 1015/2/1062 
f 1045/2/1092 1046/2/1093 1017/2/1064 1016/2/1063 
f 1046/2/1093 968/2/1015 1018/2/1065 1017/2/1064 
f 1018/2/1065 968/2/1015 967/2/1014 1019/2/1066 
f 1019/2/1066 967/2/1014 1047/2/1094 1020/2/1067 
f 1020/2/1067 1047/2/1094 1048/2/1095 1021/2/1068 
f 906/2/953 959/2/1006 960/2/1007 908/2/955 
f 1021/2/1068 1048/2/1095 1049/2/1096 1022/2/1069 
f 1022/2/1069 1049/2/1096 1050/2/1097 1023/2/1070 
f 1023/2/1070 1050/2/1097 1051/2/1098 1027/2/1074 
f 1027/2/1074 1051/2/1098 1052/2/1099 1028/2/1075 
f 1028/2/1075 1052/2/1099 1053/2/1100 1029/2/1076 
f 1029/2/1076 1053/2/1100 1054/2/1101 1030/2/1077 
f 1030/2/1077 1054/2/1101 946/2/993 1031/2/1078 
f 1031/2/1078 946/2/993 949/2/996 1032/2/1079 
f 1055/2/1102 841/2/891 844/2/894 1056/2/1103 
f 1057/2/1104 872/2/919 1058/2/1105 1059/2/1106 
f 1060/2/1107 1061/2/1108 940/2/987 1033/2/1080 
f 1033/2/1080 940/2/987 943/2/990 1034/2/1081 
f 1034/2/1081 943/2/990 1062/2/1109 1035/2/1082 
f 1035/2/1082 1062/2/1109 1063/2/1110 1036/2/1083 
f 1063/2/1110 1064/2/1111 1037/2/1084 1036/2/1083 
f 1064/2/1111 1065/2/1112 1038/2/1085 1037/2/1084 
f 1065/2/1112 1066/2/1113 1039/2/1086 1038/2/1085 
f 1066/2/1113 1067/2/1114 1040/2/1087 1039/2/1086 
f 1067/2/1114 1068/2/1115 1041/2/1088 1040/2/1087 
f 1068/2/1115 1069/2/1116 1042/2/1089 1041/2/1088 
f 1069/2/1116 1070/2/1117 1043/2/1090 1042/2/1089 
f 1070/2/1117 1044/2/1091 1015/2/1062 1043/2/1090 
f 1071/2/1118 1072/2/1119 1045/2/1092 1044/2/1091 
f 1072/2/1119 1073/2/1120 1046/2/1093 1045/2/1092 
f 1073/2/1120 965/2/1012 968/2/1015 1046/2/1093 
f 967/2/1014 966/2/1013 1074/2/1121 1047/2/1094 
f 1047/2/1094 1074/2/1121 1075/2/1122 1048/2/1095 
f 1048/2/1095 1075/2/1122 1076/2/1123 1049/2/1096 
f 1049/2/1096 1076/2/1123 1077/2/1124 1050/2/1097 
f 1050/2/1097 1077/2/1124 1078/2/1125 1051/2/1098 
f 1051/2/1098 1078/2/1125 1079/2/1126 1052/2/1099 
f 1052/2/1099 1079/2/1126 1080/2/1127 1053/2/1100 
f 1053/2/1100 1080/2/1127 1081/2/1128 1054/2/1101 
f 1061/2/1108 1082/2/1129 941/2/988 940/2/987 
f 1083/2/1130 930/2/977 933/2/980 1084/2/1131 
f 1085/2/1132 1086/2/1133 1087/2/1134 1088/2/1135 
f 1089/2/1136 1090/2/1137 1091/2/1138 1092/2/1139 
f 1093/2/1140 1094/2/1141 1095/2/1142 1096/2/1143 
f 1097/2/1144 893/2/940 895/2/942 1098/2/1145 
f 854/2/899 1099/2/900 1100/2/900 855/2/899 
f 1101/2/1146 1102/2/1146 1103/2/1146 1104/2/1146 
f 1103/2/1146 1102/2/1146 1105/2/1146 1106/2/1146 
f 1106/2/1146 1105/2/1146 1107/2/1146 1108/2/1146 
f 1108/2/1146 1107/2/1146 1109/2/1146 1110/2/1146 
f 1110/2/1146 1109/2/1146 1111/2/1146 1112/2/1146 
f 1112/2/1146 1111/2/1146 1113/2/1146 1114/2/1146 
f 1114/2/1146 1113/2/1146 1115/2/1146 1116/2/1146 
f 1116/2/1146 1115/2/1146 1117/2/1146 1118/2/1146 
f 1118/2/1146 1117/2/1146 1119/2/1146 1120/2/1146 
f 1120/2/1146 1119/2/1146 1121/2/1146 1122/2/1146 
f 1122/2/1146 1121/2/1146 1123/2/1146 1124/2/1146 
f 1125/2/1147 1126/2/1148 1097/2/1144 1127/2/1149 
f 1128/2/1150 1129/2/1151 1130/2/1152 1131/2/1153 
f 1132/2/1005 1133/2/1039 1000/2/1039 973/2/1005 
f 1133/2/1039 1132/2/1005 1134/2/1154 
f 1135/2/1155 1136/2/1156 1137/2/1157 1138/2/1158 
f 1139/2/1159 1140/2/1160 1057/2/1104 1141/2/1161 
f 1142/2/951 1132/2/1005 973/2/1005 923/2/951 
f 1132/2/1005 1142/2/951 1143/2/1162 
f 1144/2/952 1142/2/951 923/2/951 922/2/952 
f 1145/2/1163 922/2/952 1009/2/1164 1146/2/1164 
f 922/2/952 1145/2/1163 1144/2/952 
f 1147/2/1165 1148/2/1166 1149/2/1167 1150/2/1168 
f 1151/2/1169 1152/2/1170 1153/2/1171 1154/2/1172 
f 1155/2/1173 1156/2/1174 1157/2/1175 1148/2/1166 
f 1010/2/1057 864/2/911 1158/2/1176 1159/2/1177 
f 1160/2/1178 1009/2/1164 1011/2/1179 1161/2/1179 
f 1009/2/1164 1160/2/1178 1146/2/1164 
f 1161/2/1179 1011/2/1179 1162/2/1140 1163/2/1140 
f 1164/2/1180 1162/2/1140 1165/2/1143 1166/2/1143 
f 1162/2/1140 1164/2/1180 1163/2/1140 
f 1167/2/1181 1165/2/1143 1168/2/1182 1169/2/1182 
f 1165/2/1143 1167/2/1181 1166/2/1143 
f 1169/2/1182 1168/2/1182 1170/2/1183 1171/2/1183 
f 1172/2/1184 1171/2/1183 1170/2/1183 1173/2/1184 
f 1171/2/1183 1172/2/1184 1174/2/1185 
f 1099/2/900 1172/2/1184 1173/2/1184 1100/2/900 
f 1172/2/1184 1099/2/900 1175/2/1186 
f 1176/2/1069 1177/2/1096 1061/2/1096 1060/2/1069 
f 1177/2/1096 1176/2/1069 1178/2/1187 
f 1133/2/1039 1176/2/1069 1060/2/1069 1000/2/1039 
f 862/2/909 927/2/974 887/2/934 886/2/933 
f 1179/2/1188 1180/2/1189 1181/2/1190 1182/2/1191 
f 1011/2/1058 1010/2/1057 1159/2/1177 1162/2/1192 
f 1095/2/1142 1183/2/1193 1184/2/1194 1185/2/1195 
f 1186/2/1196 1179/2/1188 1182/2/1191 1187/2/1197 
f 1140/2/1160 869/2/916 872/2/919 1057/2/1104 
f 1141/2/1161 1057/2/1104 1059/2/1106 1188/2/1198 
f 1189/2/1199 1190/2/1200 1191/2/1201 1192/2/1202 
f 1193/2/1203 1194/2/1204 836/2/886 1195/2/1205 
f 863/2/910 1190/2/1200 1189/2/1199 1196/2/1206 
f 1197/2/1207 1198/2/1208 1199/2/1209 1200/2/1210 
f 1201/2/1211 1202/2/1212 1203/2/1213 1204/2/1214 
f 1152/2/1170 1205/2/1215 1150/2/1168 1153/2/1171 
f 1206/2/1216 1207/2/1217 1208/2/1218 1209/2/1219 
f 1210/2/1220 1211/2/1221 1212/2/1222 1213/2/1223 
f 1214/2/1224 1197/2/1207 1200/2/1210 1215/2/1225 
f 834/2/884 1216/2/1226 1217/2/1227 835/2/885 
f 1218/2/1228 1219/2/1229 1220/2/1230 1221/2/1231 
f 1222/2/1232 1223/2/1233 1224/2/1234 1225/2/1235 
f 981/2/1028 1008/2/1055 1012/2/1059 982/2/1029 
f 963/2/1010 945/2/992 874/2/921 873/2/920 
f 1183/2/1193 1226/2/1236 1227/2/1237 1184/2/1194 
f 1228/2/1238 1229/2/1239 1230/2/1240 1231/2/1241 
f 1210/2/1220 1214/2/1224 1215/2/1225 1211/2/1221 
f 1232/2/1242 1233/2/1243 962/2/1009 1234/2/1244 
f 1223/2/1233 1235/2/1245 1236/2/1246 1224/2/1234 
f 1152/2/1170 1237/2/1247 1238/2/1248 1205/2/1215 
f 1239/2/1249 1240/2/1250 1241/2/1251 1237/2/1247 
f 900/2/947 903/2/950 1156/2/1174 1155/2/1173 
f 1242/2/1252 1243/2/1253 1244/2/1254 1245/2/1255 
f 1213/2/1223 1212/2/1222 1246/2/1256 1247/2/1257 
f 1247/2/1257 1246/2/1256 1248/2/1183 1249/2/1184 
f 1148/2/1166 1157/2/1175 1250/2/1258 1149/2/1167 
f 1251/2/1259 1250/2/1258 1093/2/1140 1096/2/1143 
f 1249/2/1184 1248/2/1183 1252/2/1260 1253/2/1261 
f 1138/2/1158 1137/2/1157 1254/2/1262 1255/2/1263 
f 1154/2/1172 1153/2/1171 1256/2/1264 1257/2/1265 
f 1083/2/1130 1084/2/1131 1258/2/1266 1259/2/1267 
f 1191/2/1201 889/2/936 869/2/916 1140/2/1160 
f 1253/2/1261 1252/2/1260 1260/2/1268 1261/2/1269 
f 1200/2/1210 1199/2/1209 1240/2/1250 1239/2/1249 
f 862/2/909 886/2/933 1190/2/1200 863/2/910 
f 1261/2/1269 1260/2/1268 1262/2/1270 1263/2/1271 
f 1190/2/1200 886/2/933 889/2/936 1191/2/1201 
f 1264/2/1272 1265/2/1273 1263/2/1271 1262/2/1270 
f 861/2/908 860/2/907 864/2/911 1010/2/1057 
f 872/2/919 871/2/918 937/2/984 1058/2/1105 
f 1126/2/1148 881/2/928 893/2/940 1097/2/1144 
f 1215/2/1225 1200/2/1210 1239/2/1249 1151/2/1169 
f 835/2/885 1217/2/1227 1266/2/1274 1267/2/1275 
f 884/2/931 1268/2/1276 1193/2/1203 1254/2/1262 
f 1267/2/1275 1266/2/1274 1269/2/1277 1270/2/1278 
f 1271/2/1279 1272/2/1280 1265/2/1273 1264/2/1272 
f 1137/2/1157 885/2/932 884/2/931 1254/2/1262 
f 1273/2/1281 1274/2/1282 1272/2/1280 1271/2/1279 
f 1136/2/1156 1275/2/1283 885/2/932 1137/2/1157 
f 1276/2/1284 1277/2/1285 1275/2/1283 1136/2/1156 
f 1278/2/1286 1279/2/1287 1274/2/1282 1273/2/1281 
f 1096/2/1143 1095/2/1142 1185/2/1195 1280/2/1182 
f 1281/2/1179 1282/2/1164 1277/2/1285 1276/2/1284 
f 1168/2/1288 1165/2/1289 1283/2/1290 1284/2/1291 
f 1268/2/1276 1285/2/1292 1194/2/1204 1193/2/1203 
f 1157/2/1175 1281/2/1179 1093/2/1140 1250/2/1258 
f 1093/2/1140 1281/2/1179 1276/2/1284 1094/2/1141 
f 1173/2/1293 1170/2/1294 1286/2/1295 897/2/944 
f 897/2/944 1286/2/1295 1287/2/1296 898/2/945 
f 1288/2/1297 1289/2/1298 1290/2/1299 1291/2/1300 
f 1292/2/1301 896/2/943 899/2/946 1293/2/1302 
f 1164/2/1146 1166/2/1146 1161/2/1146 1163/2/1146 
f 1161/2/1146 1166/2/1146 1167/2/1146 1160/2/1146 
f 1160/2/1146 1167/2/1146 1169/2/1146 1146/2/1146 
f 1146/2/1146 1169/2/1146 1171/2/1146 1145/2/1146 
f 1145/2/1146 1171/2/1146 1174/2/1146 1172/2/1146 
f 1145/2/1146 1172/2/1146 1142/2/1146 1144/2/1146 
f 1142/2/1146 1172/2/1146 1175/2/1146 1143/2/1146 
f 1143/2/1146 1175/2/1146 1099/2/1146 1132/2/1146 
f 1132/2/1146 1099/2/1146 854/2/1146 1134/2/1146 
f 1134/2/1146 854/2/1146 857/2/1146 853/2/1146 
f 1134/2/1146 853/2/1146 1176/2/1146 1133/2/1146 
f 1176/2/1146 853/2/1146 1294/2/1146 1178/2/1146 
f 1178/2/1146 1294/2/1146 1295/2/1146 1177/2/1146 
f 1177/2/1146 1295/2/1146 1296/2/1146 1297/2/1146 
f 1297/2/1146 1296/2/1146 1298/2/1146 1299/2/1146 
f 1297/2/1146 1299/2/1146 1300/2/1146 1301/2/1146 
f 1300/2/1146 1299/2/1146 1302/2/1146 1303/2/1146 
f 1303/2/1146 1302/2/1146 1304/2/1146 1305/2/1146 
f 1305/2/1146 1304/2/1146 1306/2/1146 1307/2/1146 
f 1177/2/1096 1301/2/1123 1082/2/1123 1061/2/1096 
f 1301/2/1123 1177/2/1096 1297/2/1303 
f 1082/2/1123 1301/2/1123 1300/2/1304 1308/2/1304 
f 1308/2/1304 1303/2/1305 1305/2/1306 1309/2/1306 
f 1303/2/1305 1308/2/1304 1300/2/1304 
f 898/2/945 1287/2/1296 1310/2/1307 1311/2/1308 
f 1312/2/1309 1313/2/1310 1314/2/1311 1315/2/1312 
f 1245/2/1255 1244/2/1254 1316/2/1313 1317/2/1314 
f 1083/2/1130 1259/2/1267 1318/2/1315 1319/2/1316 
f 1320/2/1317 1321/2/1318 1243/2/1253 1242/2/1252 
f 1220/2/1230 1321/2/1318 1320/2/1317 1322/2/1319 
f 1221/2/1231 1220/2/1230 1322/2/1319 1323/2/1320 
f 1324/2/1321 1221/2/1231 1323/2/1320 1325/2/1322 
f 1326/2/1323 1324/2/1321 1325/2/1322 1327/2/1324 
f 1328/2/1325 1204/2/1214 1326/2/1323 1327/2/1324 
f 1329/2/1326 1201/2/1211 1204/2/1214 1328/2/1325 
f 1330/2/1327 1331/2/1328 1201/2/1211 1329/2/1326 
f 1332/2/1329 1333/2/1330 1331/2/1328 1330/2/1327 
f 1334/2/1331 1333/2/1330 1332/2/1329 1335/2/1332 
f 1336/2/1333 1334/2/1331 1335/2/1332 1337/2/1334 
f 1338/2/1335 1336/2/1333 1337/2/1334 1339/2/1336 
f 1340/2/1337 1311/2/1308 1310/2/1307 1341/2/1338 
f 1342/2/1339 1340/2/1337 1341/2/1338 1343/2/1340 
f 1344/2/1341 1342/2/1339 1343/2/1340 1345/2/1342 
f 1346/2/1343 1344/2/1341 1345/2/1342 1347/2/1344 
f 891/2/938 1346/2/1343 1347/2/1344 1348/2/1345 
f 1315/2/1312 1314/2/1311 1349/2/1346 1350/2/1347 
f 843/2/893 891/2/938 1348/2/1345 1351/2/1348 
f 1318/2/1315 1315/2/1312 1350/2/1347 1352/2/1349 
f 844/2/894 843/2/893 1351/2/1348 1353/2/1350 
f 1056/2/1103 844/2/894 1353/2/1350 1354/2/1351 
f 1319/2/1316 1318/2/1315 1352/2/1349 1355/2/1352 
f 1356/2/1353 1357/2/1354 1319/2/1316 1355/2/1352 
f 1358/2/1355 1359/2/1356 1357/2/1354 1356/2/1353 
f 1360/2/1357 1361/2/1358 1359/2/1356 1358/2/1355 
f 1362/2/1359 1333/2/1330 1334/2/1331 1363/2/1360 
f 1165/2/1289 1162/2/1192 1159/2/1177 1283/2/1290 
f 1291/2/1300 1290/2/1299 1361/2/1358 1360/2/1357 
f 1357/2/1354 1359/2/1356 931/2/978 930/2/977 
f 1309/2/1306 1307/2/1361 1306/2/1323 1364/2/1323 
f 1307/2/1361 1309/2/1306 1305/2/1306 
f 1365/2/1362 1366/2/1363 1289/2/1298 1288/2/1297 
f 1364/2/1323 1306/2/1323 1304/2/1324 1367/2/1324 
f 1367/2/1324 1302/2/1364 1299/2/1365 1368/2/1365 
f 1302/2/1364 1367/2/1324 1304/2/1324 
f 1368/2/1365 1298/2/1366 1296/2/1367 1369/2/1367 
f 1298/2/1366 1368/2/1365 1299/2/1365 
f 1370/2/1368 1371/2/1369 1366/2/1363 1365/2/1362 
f 1341/2/1338 1310/2/1307 1128/2/1150 1131/2/1153 
f 1317/2/1314 1316/2/1313 1371/2/1369 1370/2/1368 
f 1372/2/1370 1245/2/1255 1317/2/1314 1373/2/1371 
f 1287/2/1296 1374/2/1372 1128/2/1150 1310/2/1307 
f 1375/2/1373 1242/2/1252 1245/2/1255 1372/2/1370 
f 1376/2/1374 1373/2/1371 1377/2/1375 1378/2/1376 
f 1286/2/1295 1284/2/1291 1374/2/1372 1287/2/1296 
f 1170/2/1294 1168/2/1288 1284/2/1291 1286/2/1295 
f 1379/2/1377 1320/2/1317 1242/2/1252 1375/2/1373 
f 1296/2/1367 1295/2/1378 1380/2/1378 1369/2/1367 
f 1322/2/1319 1320/2/1317 1379/2/1377 1381/2/1379 
f 1361/2/1358 1290/2/1299 1086/2/1133 1085/2/1132 
f 1216/2/1226 1278/2/1286 1273/2/1281 1217/2/1227 
f 1295/2/1378 853/2/903 856/2/903 1380/2/1378 
f 853/2/903 1295/2/1378 1294/2/1380 
f 1382/2/1381 1247/2/1257 1249/2/1184 850/2/900 
f 1323/2/1320 1322/2/1319 1381/2/1379 1383/2/1382 
f 1384/2/1383 916/2/963 1340/2/1337 1342/2/1339 
f 1385/2/1384 1384/2/1383 1342/2/1339 1344/2/1341 
f 1026/2/1073 1385/2/1384 1344/2/1341 1346/2/1343 
f 1290/2/1299 1289/2/1298 1386/2/1385 1086/2/1133 
f 1314/2/1311 1364/2/1386 1367/2/1387 1349/2/1346 
f 1387/2/1388 1055/2/1102 1056/2/1103 1388/2/1389 
f 1325/2/1322 1323/2/1320 1383/2/1382 1389/2/1390 
f 1319/2/1316 1357/2/1354 930/2/977 1083/2/1130 
f 1000/2/1047 1060/2/1107 1033/2/1080 1001/2/1048 
f 1327/2/1324 1325/2/1322 1389/2/1390 1390/2/1365 
f 1289/2/1298 1366/2/1363 1222/2/1232 1386/2/1385 
f 1135/2/1155 1138/2/1158 1226/2/1236 1183/2/1193 
f 895/2/942 900/2/947 1155/2/1173 1098/2/1145 
f 1391/2/1391 1392/2/1392 1393/2/1393 1394/2/1394 
f 1395/2/1395 1382/2/1381 850/2/900 849/2/899 
f 1226/2/1236 1270/2/1278 1269/2/1277 1227/2/1237 
f 943/2/990 942/2/989 1396/2/1396 1062/2/1109 
f 913/2/960 919/2/966 1285/2/1292 1268/2/1276 
f 1217/2/1227 1273/2/1281 1271/2/1279 1266/2/1274 
f 855/2/1397 1100/2/1398 896/2/943 1292/2/1301 
f 1397/2/1399 1328/2/1325 1327/2/1324 1390/2/1365 
f 1398/2/1400 1329/2/1326 1328/2/1325 1397/2/1399 
f 1259/2/1267 1312/2/1309 1315/2/1312 1318/2/1315 
f 1094/2/1141 1135/2/1155 1183/2/1193 1095/2/1142 
f 1399/2/1401 1400/2/1402 1401/2/1403 1402/2/1404 
f 1256/2/1264 1149/2/1167 1250/2/1258 1251/2/1259 
f 1388/2/1389 1056/2/1103 1354/2/1351 1403/2/1405 
f 1198/2/1208 1388/2/1389 1403/2/1405 1199/2/1209 
f 1404/2/1406 1330/2/1327 1329/2/1326 1398/2/1400 
f 1257/2/1265 1256/2/1264 1251/2/1259 1405/2/1407 
f 1366/2/1363 1371/2/1369 1223/2/1233 1222/2/1232 
f 1266/2/1274 1271/2/1279 1264/2/1272 1269/2/1277 
f 1406/2/1408 1332/2/1329 1330/2/1327 1404/2/1406 
f 1403/2/1405 1354/2/1351 1407/2/1409 1408/2/1410 
f 1371/2/1369 1316/2/1313 1235/2/1245 1223/2/1233 
f 1335/2/1332 1332/2/1329 1406/2/1408 1409/2/1411 
f 1337/2/1334 1335/2/1332 1409/2/1411 1410/2/1412 
f 1339/2/1336 1337/2/1334 1410/2/1412 1411/2/1413 
f 1227/2/1237 1269/2/1277 1264/2/1272 1262/2/1270 
f 899/2/946 898/2/945 1311/2/1308 915/2/962 
f 1349/2/1346 1367/2/1387 1368/2/1414 1412/2/1415 
f 1359/2/1356 1361/2/1358 1085/2/1132 931/2/978 
f 859/2/906 927/2/974 862/2/909 860/2/907 
f 1350/2/1347 1349/2/1346 1412/2/1415 1413/2/1416 
f 1352/2/1349 1350/2/1347 1413/2/1416 1414/2/1417 
f 1415/2/903 849/2/899 852/2/902 1416/2/1418 
f 1416/2/1418 852/2/902 1417/2/1419 1418/2/1420 
f 1419/2/1421 1420/2/1422 1421/2/1423 1422/2/1424 
f 1423/2/1425 845/2/895 848/2/898 1424/2/1426 
f 1418/2/1420 1417/2/1419 845/2/895 1423/2/1425 
f 1355/2/1352 1352/2/1349 1414/2/1417 1425/2/1427 
f 1274/2/1282 1426/2/1428 1427/2/1429 1272/2/1280 
f 1279/2/1287 1428/2/1430 1426/2/1428 1274/2/1282 
f 1429/2/1431 1356/2/1353 1355/2/1352 1425/2/1427 
f 1100/2/1398 1173/2/1293 897/2/944 896/2/943 
f 1430/2/1432 1358/2/1355 1356/2/1353 1429/2/1431 
f 1369/2/1433 1380/2/1434 1431/2/1435 1432/2/1436 
f 1433/2/1437 1360/2/1357 1358/2/1355 1430/2/1432 
f 850/2/900 1249/2/1184 1253/2/1261 851/2/901 
f 846/2/896 1263/2/1271 1265/2/1273 847/2/897 
f 1434/2/1438 1261/2/1269 1263/2/1271 846/2/896 
f 851/2/901 1253/2/1261 1261/2/1269 1434/2/1438 
f 1272/2/1280 1427/2/1429 847/2/897 1265/2/1273 
f 903/2/950 905/2/952 1282/2/1164 1156/2/1174 
f 1282/2/1164 905/2/952 907/2/954 1277/2/1285 
f 1207/2/1217 1210/2/1220 1213/2/1223 1208/2/1218 
f 1435/2/1439 1214/2/1224 1210/2/1220 1207/2/1217 
f 1208/2/1218 1213/2/1223 1247/2/1257 1382/2/1381 
f 1436/2/1440 1291/2/1300 1360/2/1357 1433/2/1437 
f 1277/2/1285 907/2/954 909/2/956 1275/2/1283 
f 1437/2/1441 1438/2/1442 1439/2/1443 1440/2/1444 
f 1138/2/1158 1255/2/1263 1270/2/1278 1226/2/1236 
f 1441/2/1445 1336/2/1333 1338/2/1335 1442/2/1446 
f 1443/2/1447 1288/2/1297 1291/2/1300 1436/2/1440 
f 1444/2/1448 1365/2/1362 1288/2/1297 1443/2/1447 
f 1313/2/1310 1309/2/1449 1364/2/1386 1314/2/1311 
f 1377/2/1375 1370/2/1368 1365/2/1362 1444/2/1448 
f 1373/2/1371 1317/2/1314 1370/2/1368 1377/2/1375 
f 839/2/889 1372/2/1370 1373/2/1371 1376/2/1374 
f 838/2/888 1375/2/1373 1372/2/1370 839/2/889 
f 1391/2/1391 1379/2/1377 1375/2/1373 838/2/888 
f 1420/2/1422 1445/2/1450 1446/2/1451 1421/2/1423 
f 1438/2/1442 1423/2/1425 1424/2/1426 1439/2/1443 
f 919/2/966 921/2/968 1447/2/1452 1285/2/1292 
f 1445/2/1450 1448/2/1453 1449/2/1454 1450/2/1455 
f 1451/2/1456 1206/2/1216 1209/2/1219 1452/2/1457 
f 1453/2/1458 1395/2/1395 849/2/899 1415/2/903 
f 1454/2/1459 1455/2/1460 1456/2/1461 1457/2/1462 
f 1394/2/1394 1381/2/1379 1379/2/1377 1391/2/1391 
f 890/2/937 1026/2/1073 1346/2/1343 891/2/938 
f 1458/2/1463 1392/2/1392 837/2/887 1419/2/1421 
f 1449/2/1454 1378/2/1376 1459/2/1464 1455/2/1460 
f 1460/2/1465 1461/2/1466 1462/2/1467 1463/2/1468 
f 1463/2/1468 1462/2/1467 1464/2/1469 1465/2/1470 
f 1458/2/1463 1466/2/1471 1206/2/1216 1451/2/1456 
f 1380/2/1434 856/2/1472 1467/2/1473 1431/2/1435 
f 1468/2/1474 1469/2/1475 1470/2/1476 1471/2/1477 
f 1469/2/1475 1472/2/1478 1473/2/1479 1470/2/1476 
f 1182/2/1191 1181/2/1190 1091/2/1138 1090/2/1137 
f 1187/2/1197 1182/2/1191 1090/2/1137 1474/2/1480 
f 1383/2/1382 1381/2/1379 1394/2/1394 865/2/912 
f 1452/2/1457 1209/2/1219 1395/2/1395 1453/2/1458 
f 1431/2/1435 1467/2/1473 1475/2/1481 1476/2/1482 
f 1477/2/1483 1478/2/1484 1479/2/1485 1461/2/1466 
f 1476/2/1482 1475/2/1481 1480/2/1486 1481/2/1487 
f 1389/2/1390 1383/2/1382 865/2/912 868/2/915 
f 1456/2/1461 1482/2/1488 1478/2/1484 1477/2/1483 
f 1481/2/1487 1480/2/1486 1483/2/1489 1484/2/1490 
f 1392/2/1392 1391/2/1391 838/2/888 837/2/887 
f 1448/2/1453 1376/2/1374 1378/2/1376 1449/2/1454 
f 1420/2/1422 840/2/890 1448/2/1453 1445/2/1450 
f 1419/2/1421 837/2/887 840/2/890 1420/2/1422 
f 1465/2/1470 1464/2/1469 1484/2/1490 1483/2/1489 
f 1390/2/1365 1389/2/1390 868/2/915 1485/2/1367 
f 1457/2/1462 1456/2/1461 1477/2/1483 1486/2/1491 
f 867/2/914 1453/2/1458 1415/2/903 1487/2/1378 
f 1487/2/1378 1415/2/903 1416/2/1418 1229/2/1239 
f 1229/2/1239 1416/2/1418 1418/2/1420 1230/2/1240 
f 1450/2/1455 1449/2/1454 1455/2/1460 1454/2/1459 
f 1462/2/1467 1488/2/1492 1489/2/1493 1464/2/1469 
f 1228/2/1238 1397/2/1399 1390/2/1365 1485/2/1367 
f 1393/2/1393 1451/2/1456 1452/2/1457 866/2/913 
f 1392/2/1392 1458/2/1463 1451/2/1456 1393/2/1393 
f 1230/2/1240 1418/2/1420 1423/2/1425 1438/2/1442 
f 1486/2/1491 1477/2/1483 1461/2/1466 1460/2/1465 
f 1231/2/1241 1398/2/1400 1397/2/1399 1228/2/1238 
f 1181/2/1190 1439/2/1443 1424/2/1426 1091/2/1138 
f 1461/2/1466 1479/2/1485 1488/2/1492 1462/2/1467 
f 1437/2/1441 1404/2/1406 1398/2/1400 1231/2/1241 
f 866/2/913 1452/2/1457 1453/2/1458 867/2/914 
f 1455/2/1460 1459/2/1464 1482/2/1488 1456/2/1461 
f 1464/2/1469 1489/2/1493 1490/2/1494 1484/2/1490 
f 1491/2/1495 1468/2/1474 1471/2/1477 1492/2/1496 
f 1432/2/1436 1431/2/1435 1476/2/1482 1493/2/1497 
f 1406/2/1408 1404/2/1406 1437/2/1441 1440/2/1444 
f 1409/2/1411 1406/2/1408 1440/2/1444 1180/2/1189 
f 1428/2/1430 1494/2/1498 1089/2/1136 1426/2/1428 
f 1484/2/1490 1490/2/1494 1495/2/1499 1481/2/1487 
f 1410/2/1412 1409/2/1411 1180/2/1189 1179/2/1188 
f 1493/2/1497 1476/2/1482 1481/2/1487 1495/2/1499 
f 1411/2/1413 1410/2/1412 1179/2/1188 1186/2/1196 
f 1237/2/1247 1241/2/1251 1496/2/1500 1238/2/1248 
f 1486/2/1491 1460/2/1465 1025/2/1072 1024/2/1071 
f 1059/2/1106 1058/2/1105 1497/2/1501 1233/2/1243 
f 1450/2/1455 1454/2/1459 1498/2/1502 1499/2/1503 
f 1445/2/1450 1450/2/1455 1499/2/1503 1446/2/1451 
f 1466/2/1471 1422/2/1424 1500/2/1504 1435/2/1439 
f 1501/2/1505 1218/2/1228 1221/2/1231 1324/2/1321 
f 1454/2/1459 1457/2/1462 1502/2/1506 1498/2/1502 
f 1363/2/1360 1334/2/1331 1336/2/1333 1441/2/1445 
f 1457/2/1462 1486/2/1491 1024/2/1071 1502/2/1506 
f 1460/2/1465 1463/2/1468 1503/2/1507 1025/2/1072 
f 1504/2/1306 1501/2/1505 1324/2/1321 1326/2/1323 
f 1463/2/1468 1465/2/1470 1505/2/1508 1503/2/1507 
f 1412/2/1415 1368/2/1414 1369/2/1433 1432/2/1436 
f 1422/2/1424 1421/2/1423 1506/2/1509 1500/2/1504 
f 1465/2/1470 1483/2/1489 917/2/964 1505/2/1508 
f 1333/2/1330 1362/2/1359 1507/2/1510 1331/2/1328 
f 1467/2/1473 1292/2/1301 1293/2/1302 1475/2/1481 
f 1475/2/1481 1293/2/1302 914/2/961 1480/2/1486 
f 1480/2/1486 914/2/961 917/2/964 1483/2/1489 
f 1413/2/1416 1412/2/1415 1432/2/1436 1493/2/1497 
f 1331/2/1328 1507/2/1510 1202/2/1212 1201/2/1211 
f 1414/2/1417 1413/2/1416 1493/2/1497 1495/2/1499 
f 1490/2/1494 1425/2/1427 1414/2/1417 1495/2/1499 
f 1489/2/1493 1429/2/1431 1425/2/1427 1490/2/1494 
f 1054/2/1101 1081/2/1128 947/2/994 946/2/993 
f 1508/2/1511 1509/2/1512 1064/2/1111 1063/2/1110 
f 1509/2/1512 1510/2/1513 1065/2/1112 1064/2/1111 
f 1510/2/1513 1511/2/1514 1066/2/1113 1065/2/1112 
f 1511/2/1514 1512/2/1515 1067/2/1114 1066/2/1113 
f 1512/2/1515 1513/2/1516 1068/2/1115 1067/2/1114 
f 1513/2/1516 1514/2/1517 1069/2/1116 1068/2/1115 
f 1514/2/1517 1515/2/1518 1070/2/1117 1069/2/1116 
f 1515/2/1518 1071/2/1118 1044/2/1091 1070/2/1117 
f 1236/2/1246 1516/2/1519 1072/2/1119 1071/2/1118 
f 1488/2/1492 1430/2/1432 1429/2/1431 1489/2/1493 
f 1516/2/1519 1517/2/1520 1073/2/1120 1072/2/1119 
f 1517/2/1520 1518/2/1521 965/2/1012 1073/2/1120 
f 1519/2/1522 966/2/1013 965/2/1012 1518/2/1521 
f 1520/2/1523 1074/2/1121 966/2/1013 1519/2/1522 
f 1521/2/1524 1075/2/1122 1074/2/1121 1520/2/1523 
f 1522/2/1304 1076/2/1123 1075/2/1122 1521/2/1524 
f 1077/2/1124 1076/2/1123 1522/2/1304 1523/2/1525 
f 1078/2/1125 1077/2/1124 1523/2/1525 1524/2/1526 
f 1079/2/1126 1078/2/1125 1524/2/1526 1525/2/1527 
f 1080/2/1127 1079/2/1126 1525/2/1527 1526/2/1528 
f 1479/2/1485 1433/2/1437 1430/2/1432 1488/2/1492 
f 1080/2/1127 1526/2/1528 1527/2/1529 1081/2/1128 
f 1081/2/1128 1527/2/1529 1528/2/1530 947/2/994 
f 1492/2/1496 1471/2/1477 1232/2/1242 1234/2/1244 
f 1396/2/1396 1508/2/1511 1063/2/1110 1062/2/1109 
f 932/2/979 1088/2/1135 1511/2/1514 1510/2/1513 
f 1088/2/1135 1087/2/1134 1512/2/1515 1511/2/1514 
f 933/2/980 932/2/979 1510/2/1513 1509/2/1512 
f 1084/2/1131 933/2/980 1509/2/1512 1508/2/1511 
f 1258/2/1266 1084/2/1131 1508/2/1511 1396/2/1396 
f 1258/2/1266 1396/2/1396 942/2/989 1529/2/1531 
f 1408/2/1410 1407/2/1409 1400/2/1402 1399/2/1401 
f 1529/2/1531 942/2/989 941/2/988 1530/2/1532 
f 1530/2/1532 941/2/988 1082/2/1129 1308/2/1533 
f 1478/2/1484 1436/2/1440 1433/2/1437 1479/2/1485 
f 947/2/994 1528/2/1530 1531/2/1534 948/2/995 
f 1313/2/1310 1530/2/1532 1308/2/1533 1309/2/1449 
f 1528/2/1530 1441/2/1445 1442/2/1446 1531/2/1534 
f 1527/2/1529 1363/2/1360 1441/2/1445 1528/2/1530 
f 1526/2/1528 1362/2/1359 1363/2/1360 1527/2/1529 
f 1526/2/1528 1525/2/1527 1507/2/1510 1362/2/1359 
f 1241/2/1251 1399/2/1401 1402/2/1404 1496/2/1500 
f 1482/2/1488 1443/2/1447 1436/2/1440 1478/2/1484 
f 1525/2/1527 1524/2/1526 1202/2/1212 1507/2/1510 
f 1524/2/1526 1523/2/1525 1203/2/1213 1202/2/1212 
f 1407/2/1409 1491/2/1495 1492/2/1496 1400/2/1402 
f 1523/2/1525 1522/2/1304 1504/2/1306 1203/2/1213 
f 1504/2/1306 1522/2/1304 1521/2/1524 1501/2/1505 
f 1184/2/1194 1227/2/1237 1262/2/1270 1260/2/1268 
f 1185/2/1195 1184/2/1194 1260/2/1268 1252/2/1260 
f 1501/2/1505 1521/2/1524 1520/2/1523 1218/2/1228 
f 1218/2/1228 1520/2/1523 1519/2/1522 1219/2/1229 
f 1151/2/1169 1239/2/1249 1237/2/1247 1152/2/1170 
f 1219/2/1229 1519/2/1522 1518/2/1521 1532/2/1535 
f 1533/2/1536 1532/2/1535 1518/2/1521 1517/2/1520 
f 1405/2/1407 1251/2/1259 1096/2/1143 1280/2/1182 
f 1534/2/1537 1533/2/1536 1517/2/1520 1516/2/1519 
f 1235/2/1245 1534/2/1537 1516/2/1519 1236/2/1246 
f 1224/2/1234 1236/2/1246 1071/2/1118 1515/2/1518 
f 1459/2/1464 1444/2/1448 1443/2/1447 1482/2/1488 
f 1225/2/1235 1224/2/1234 1515/2/1518 1514/2/1517 
f 1284/2/1291 1283/2/1290 1535/2/1538 1374/2/1372 
f 1536/2/1539 1225/2/1235 1514/2/1517 1513/2/1516 
f 1087/2/1134 1536/2/1539 1513/2/1516 1512/2/1515 
f 1280/2/1182 1185/2/1195 1252/2/1260 1248/2/1183 
f 1400/2/1402 1492/2/1496 1234/2/1244 1401/2/1403 
f 1180/2/1189 1440/2/1444 1439/2/1443 1181/2/1190 
f 1471/2/1477 1470/2/1476 1188/2/1198 1232/2/1242 
f 1470/2/1476 1473/2/1479 1141/2/1161 1188/2/1198 
f 1473/2/1479 1537/2/1540 1139/2/1159 1141/2/1161 
f 1537/2/1540 1538/2/1541 1192/2/1202 1139/2/1159 
f 1538/2/1541 1130/2/1152 1189/2/1199 1192/2/1202 
f 1129/2/1151 1196/2/1206 1189/2/1199 1130/2/1152 
f 1240/2/1250 1408/2/1410 1399/2/1401 1241/2/1251 
f 1535/2/1538 1158/2/1176 1196/2/1206 1129/2/1151 
f 1283/2/1290 1159/2/1177 1158/2/1176 1535/2/1538 
f 1539/2/1542 1540/2/1543 1538/2/1541 1537/2/1540 
f 1195/2/1205 1267/2/1275 1270/2/1278 1255/2/1263 
f 1540/2/1543 1131/2/1153 1130/2/1152 1538/2/1541 
f 1472/2/1478 1539/2/1542 1537/2/1540 1473/2/1479 
f 836/2/886 835/2/885 1267/2/1275 1195/2/1205 
f 1259/2/1267 1258/2/1266 1529/2/1531 1312/2/1309 
f 1285/2/1292 1447/2/1452 1541/2/1544 1194/2/1204 
f 1188/2/1198 1059/2/1106 1233/2/1243 1232/2/1242 
f 1542/2/1545 1543/2/1546 1126/2/1148 1125/2/1147 
f 1094/2/1141 1276/2/1284 1136/2/1156 1135/2/1155 
f 1194/2/1204 1541/2/1544 833/2/883 836/2/886 
f 1401/2/1403 964/2/1011 1544/2/1547 1402/2/1404 
f 1347/2/1344 1345/2/1342 1539/2/1542 1472/2/1478 
f 1345/2/1342 1343/2/1340 1540/2/1543 1539/2/1542 
f 1348/2/1345 1347/2/1344 1472/2/1478 1469/2/1475 
f 1343/2/1340 1341/2/1338 1131/2/1153 1540/2/1543 
f 1351/2/1348 1348/2/1345 1469/2/1475 1468/2/1474 
f 1354/2/1351 1353/2/1350 1491/2/1495 1407/2/1409 
f 864/2/911 863/2/910 1196/2/1206 1158/2/1176 
f 1238/2/1248 1125/2/1147 1127/2/1149 1205/2/1215 
f 1192/2/1202 1191/2/1201 1140/2/1160 1139/2/1159 
f 1402/2/1404 1544/2/1547 1542/2/1545 1496/2/1500 
f 1496/2/1500 1542/2/1545 1125/2/1147 1238/2/1248 
f 1254/2/1262 1193/2/1203 1195/2/1205 1255/2/1263 
f 1215/2/1225 1151/2/1169 1154/2/1172 1211/2/1221 
f 1127/2/1149 1147/2/1165 1150/2/1168 1205/2/1215 
f 1211/2/1221 1154/2/1172 1257/2/1265 1212/2/1222 
f 1212/2/1222 1257/2/1265 1405/2/1407 1246/2/1256 
f 1234/2/1244 962/2/1009 964/2/1011 1401/2/1403 
f 1199/2/1209 1403/2/1405 1408/2/1410 1240/2/1250 
f 1500/2/1504 1506/2/1509 1198/2/1208 1197/2/1207 
f 1275/2/1283 909/2/956 882/2/929 885/2/932 
f 1426/2/1428 1089/2/1136 1092/2/1139 1427/2/1429 
f 1503/2/1507 1505/2/1508 1384/2/1383 1385/2/1384 
f 1499/2/1503 1498/2/1502 841/2/891 1055/2/1102 
f 1098/2/1145 1155/2/1173 1148/2/1166 1147/2/1165 
f 1058/2/1105 937/2/984 939/2/986 1497/2/1501 
f 1494/2/1498 1474/2/1480 1090/2/1137 1089/2/1136 
f 1353/2/1350 1351/2/1348 1468/2/1474 1491/2/1495 
f 1233/2/1243 1497/2/1501 963/2/1010 962/2/1009 
f 1219/2/1229 1532/2/1535 1321/2/1318 1220/2/1230 
f 1204/2/1214 1203/2/1213 1504/2/1306 1326/2/1323 
f 1505/2/1508 917/2/964 916/2/963 1384/2/1383 
f 868/2/915 867/2/914 1487/2/1378 1485/2/1367 
f 883/2/930 913/2/960 1268/2/1276 884/2/931 
f 1316/2/1313 1244/2/1254 1534/2/1537 1235/2/1245 
f 1417/2/1419 1434/2/1438 846/2/896 845/2/895 
f 1092/2/1139 1091/2/1138 1424/2/1426 848/2/898 
f 1243/2/1253 1321/2/1318 1532/2/1535 1533/2/1536 
f 1544/2/1547 876/2/923 1543/2/1546 1542/2/1545 
f 889/2/936 888/2/935 870/2/917 869/2/916 
f 1446/2/1451 1499/2/1503 1055/2/1102 1387/2/1388 
f 1543/2/1546 879/2/926 881/2/928 1126/2/1148 
f 1153/2/1171 1150/2/1168 1149/2/1167 1256/2/1264 
f 1097/2/1144 1098/2/1145 1147/2/1165 1127/2/1149 
f 1025/2/1072 1503/2/1507 1385/2/1384 1026/2/1073 
f 1458/2/1463 1419/2/1421 1422/2/1424 1466/2/1471 
f 1485/2/1367 1487/2/1378 1229/2/1239 1228/2/1238 
f 1394/2/1394 1393/2/1393 866/2/913 865/2/912 
f 1502/2/1506 1024/2/1071 890/2/937 842/2/892 
f 1427/2/1429 1092/2/1139 848/2/898 847/2/897 
f 840/2/890 839/2/889 1376/2/1374 1448/2/1453 
f 876/2/923 875/2/922 879/2/926 1543/2/1546 
f 1156/2/1174 1282/2/1164 1281/2/1179 1157/2/1175 
f 1086/2/1133 1386/2/1385 1536/2/1539 1087/2/1134 
f 1386/2/1385 1222/2/1232 1225/2/1235 1536/2/1539 
f 1435/2/1439 1500/2/1504 1197/2/1207 1214/2/1224 
f 1293/2/1302 899/2/946 915/2/962 914/2/961 
f 1466/2/1471 1435/2/1439 1207/2/1217 1206/2/1216 
f 922/2/969 858/2/905 861/2/908 1009/2/1056 
f 1506/2/1509 1387/2/1388 1388/2/1389 1198/2/1208 
f 1378/2/1376 1377/2/1375 1444/2/1448 1459/2/1464 
f 964/2/1011 873/2/920 876/2/923 1544/2/1547 
f 915/2/962 1311/2/1308 1340/2/1337 916/2/963 
f 852/2/902 851/2/901 1434/2/1438 1417/2/1419 
f 1209/2/1219 1208/2/1218 1382/2/1381 1395/2/1395 
f 1231/2/1241 1230/2/1240 1438/2/1442 1437/2/1441 
f 1421/2/1423 1446/2/1451 1387/2/1388 1506/2/1509 
f 1244/2/1254 1243/2/1253 1533/2/1536 1534/2/1537 
f 1246/2/1256 1405/2/1407 1280/2/1182 1248/2/1183 
f 1312/2/1309 1529/2/1531 1530/2/1532 1313/2/1310 
f 1374/2/1372 1535/2/1538 1129/2/1151 1128/2/1150 
f 1497/2/1501 939/2/986 945/2/992 963/2/1010 
f 931/2/978 1085/2/1132 1088/2/1135 932/2/979 
f 1498/2/1502 1502/2/1506 842/2/892 841/2/891 
f 856/2/1472 855/2/1397 1292/2/1301 1467/2/1473 
# 678 polygons - 16 triangles

#
# object Group_011
#

v  -3.2349 0.5167 15.1236
v  -3.2390 0.5175 15.1236
v  -3.2384 0.5199 15.1208
v  -3.2318 0.5185 15.1206
v  -2.9160 0.5230 15.2372
v  -2.9013 0.5230 15.2166
v  -2.8998 0.5186 15.2175
v  -2.9147 0.5186 15.2383
v  -3.2354 0.5295 15.1276
v  -3.2354 0.5296 15.1275
v  -3.2354 0.5295 15.1273
v  -3.2354 0.5295 15.1275
v  -3.2317 0.5274 15.1229
v  -3.2320 0.5274 15.1274
v  -3.2330 0.5281 15.1235
v  -3.1906 0.5274 15.0091
v  -3.2055 0.5274 15.0299
v  -3.2041 0.5230 15.0308
v  -3.1893 0.5230 15.0102
v  -2.9560 0.5281 15.2758
v  -2.9638 0.5274 15.2789
v  -2.9629 0.5280 15.2796
v  -2.9583 0.5294 15.2796
v  -2.9562 0.5274 15.2745
v  -2.9604 0.5185 14.9699
v  -2.9604 0.5186 14.9700
v  -3.0372 0.4878 15.1118
v  -3.0379 0.4844 15.1109
v  -2.9601 0.5217 14.9715
v  -2.9624 0.5281 14.9677
v  -2.9648 0.5294 14.9639
v  -3.0433 0.4949 15.1066
v  -3.0400 0.4939 15.1088
v  -2.9704 0.5274 14.9649
v  -2.9625 0.5274 14.9690
v  -2.9694 0.5280 14.9642
v  -3.0722 0.4949 15.1241
v  -3.2328 0.5281 15.1313
v  -3.0717 0.4939 15.1280
v  -3.2315 0.5274 15.1318
v  -3.0394 0.4939 15.1380
v  -2.9546 0.5252 15.2726
v  -3.0374 0.4913 15.1358
v  -3.0426 0.4949 15.1404
v  -3.0461 0.4939 15.1421
v  -3.0433 0.4813 15.1066
v  -2.9644 0.5159 14.9632
v  -2.9615 0.5166 14.9660
v  -3.0400 0.4821 15.1088
v  -3.0498 0.4844 15.1044
v  -2.9724 0.5185 14.9636
v  -2.9684 0.5166 14.9623
v  -3.0469 0.4821 15.1050
v  -3.2304 0.5216 15.1196
v  -3.2303 0.5230 15.1274
v  -3.2320 0.5186 15.1274
v  -3.2316 0.5186 15.1206
v  -3.2299 0.5230 15.1200
v  -3.0374 0.4844 15.1358
v  -2.9541 0.5185 15.2734
v  -2.9550 0.5166 15.2774
v  -3.0394 0.4821 15.1380
v  -2.9658 0.5185 15.2802
v  -2.9659 0.5186 15.2801
v  -3.0501 0.4878 15.1430
v  -3.0490 0.4844 15.1428
v  -2.9674 0.5216 15.2796
v  -3.2301 0.5216 15.1352
v  -3.2313 0.5186 15.1342
v  -3.0708 0.4844 15.1308
v  -3.0704 0.4878 15.1318
v  -3.2315 0.5185 15.1342
v  -2.9725 0.5186 14.9638
v  -3.0711 0.4844 15.1173
v  -3.0707 0.4878 15.1162
v  -3.0711 0.4913 15.1173
v  -3.2308 0.5251 15.1206
v  -3.0426 0.4813 15.1404
v  -2.9578 0.5159 15.2804
v  -2.9673 0.5230 15.2789
v  -2.9545 0.5230 15.2716
v  -2.9663 0.5251 15.2793
v  -3.2305 0.5251 15.1341
v  -3.2296 0.5230 15.1347
v  -2.9508 0.5199 15.2790
v  -2.9528 0.5175 15.2810
v  -3.0498 0.4913 15.1044
v  -2.9738 0.5230 14.9650
v  -2.9739 0.5216 14.9643
v  -3.0509 0.4878 15.1042
v  -2.9729 0.5251 14.9645
v  -3.2347 0.5167 15.1314
v  -3.0717 0.4821 15.1280
v  -2.9633 0.5263 15.2843
v  -2.9612 0.5287 15.2823
v  -3.2001 0.5230 15.2228
v  -3.1845 0.5230 15.2428
v  -3.1857 0.5186 15.2439
v  -3.2015 0.5186 15.2237
v  -2.9623 0.5199 15.2860
v  -2.9637 0.5231 15.2857
v  -2.9618 0.5166 15.2814
v  -2.9595 0.5175 15.2851
v  -3.0708 0.4913 15.1308
v  -2.9628 0.5167 14.9602
v  -2.9595 0.5175 14.9623
v  -2.9748 0.5186 15.2852
v  -2.9729 0.5159 15.2892
v  -2.9502 0.5159 15.2761
v  -2.9541 0.5186 15.2733
v  -2.9526 0.5186 15.2725
v  -3.0490 0.4913 15.1428
v  -2.9663 0.5175 14.9585
v  -2.9692 0.5199 14.9578
v  -2.9705 0.5231 14.9581
v  -3.0469 0.4939 15.1050
v  -2.9053 0.5230 15.0245
v  -2.9209 0.5230 15.0046
v  -2.9196 0.5186 15.0035
v  -2.9039 0.5186 15.0236
v  -2.9539 0.5217 15.2718
v  -2.9504 0.5231 15.2776
v  -2.9526 0.5274 15.2725
v  -2.9536 0.5230 15.2711
v  -2.9607 0.5230 14.9718
v  -3.2055 0.5186 15.0299
v  -3.1906 0.5186 15.0091
v  -2.9517 0.5263 15.2773
v  -2.9545 0.5287 15.2782
v  -2.9561 0.5167 15.2833
v  -2.9580 0.5296 15.2800
v  -3.1718 0.5230 14.9919
v  -3.1729 0.5186 14.9906
v  -3.1527 0.5186 14.9749
v  -3.1518 0.5230 14.9763
v  -2.9392 0.5230 14.9870
v  -2.9598 0.5230 14.9723
v  -2.9589 0.5186 14.9708
v  -2.9381 0.5186 14.9857
v  -2.9568 0.5231 14.9656
v  -2.9609 0.5252 14.9708
v  -2.9582 0.5263 14.9659
v  -3.2392 0.5167 15.1275
v  -3.2361 0.5160 15.1275
v  -3.2389 0.5175 15.1314
v  -3.1662 0.5230 15.2603
v  -3.1673 0.5274 15.2616
v  -3.1465 0.5274 15.2765
v  -3.1456 0.5230 15.2751
v  -2.9755 0.5230 15.2837
v  -3.1527 0.5274 14.9749
v  -3.1729 0.5274 14.9906
v  -3.2015 0.5274 15.2237
v  -3.1857 0.5274 15.2439
v  -3.2350 0.5159 15.1013
v  -3.2363 0.5159 15.1275
v  -3.2307 0.5186 15.1018
v  -2.9039 0.5274 15.0236
v  -2.9196 0.5274 15.0035
v  -3.0461 0.4821 15.1421
v  -3.1465 0.5186 15.2765
v  -3.1673 0.5186 15.2616
v  -2.9336 0.5230 15.2555
v  -2.9325 0.5274 15.2567
v  -2.9611 0.5287 14.9652
v  -3.0719 0.4821 15.1202
v  -3.2362 0.5263 15.1342
v  -3.2356 0.5287 15.1314
v  -3.1607 0.5186 14.9631
v  -3.1616 0.5230 14.9617
v  -3.1374 0.5230 14.9478
v  -3.1367 0.5186 14.9493
v  -3.1824 0.5186 14.9801
v  -3.1835 0.5230 14.9788
v  -3.2015 0.5186 15.0000
v  -3.2028 0.5230 14.9989
v  -3.2191 0.5230 15.0216
v  -3.2176 0.5186 15.0224
v  -3.2319 0.5230 15.0463
v  -3.2304 0.5186 15.0470
v  -3.2411 0.5230 15.0726
v  -3.2395 0.5186 15.0730
v  -3.2464 0.5230 15.0999
v  -3.2448 0.5186 15.1001
v  -3.2478 0.5230 15.1277
v  -3.2462 0.5186 15.1277
v  -3.2453 0.5230 15.1555
v  -3.2436 0.5186 15.1552
v  -3.2388 0.5230 15.1825
v  -3.2372 0.5186 15.1820
v  -3.2285 0.5230 15.2084
v  -3.2270 0.5186 15.2077
v  -3.2147 0.5230 15.2326
v  -3.2133 0.5186 15.2317
v  -3.2381 0.5199 15.1343
v  -3.1975 0.5230 15.2545
v  -3.1963 0.5186 15.2534
v  -3.1774 0.5230 15.2738
v  -3.1763 0.5186 15.2725
v  -3.1548 0.5230 15.2900
v  -3.1539 0.5186 15.2886
v  -3.1301 0.5230 15.3029
v  -3.1294 0.5186 15.3013
v  -3.1038 0.5230 15.3121
v  -3.1033 0.5186 15.3105
v  -3.0764 0.5230 15.3174
v  -3.0762 0.5186 15.3158
v  -3.0487 0.5186 15.3172
v  -3.0486 0.5230 15.3188
v  -3.0212 0.5186 15.3146
v  -3.0209 0.5230 15.3163
v  -2.9943 0.5186 15.3082
v  -2.9938 0.5230 15.3098
v  -2.9686 0.5186 15.2980
v  -2.9679 0.5230 15.2995
v  -2.9447 0.5186 15.2843
v  -2.9437 0.5230 15.2857
v  -2.9229 0.5186 15.2673
v  -2.9218 0.5230 15.2685
v  -2.9038 0.5186 15.2473
v  -2.9025 0.5230 15.2484
v  -2.8863 0.5230 15.2258
v  -2.8877 0.5186 15.2249
v  -2.8735 0.5230 15.2011
v  -2.8750 0.5186 15.2004
v  -2.8643 0.5230 15.1748
v  -2.8659 0.5186 15.1743
v  -2.8589 0.5230 15.1474
v  -2.8606 0.5186 15.1472
v  -2.8575 0.5230 15.1196
v  -2.8592 0.5186 15.1196
v  -2.8661 0.5159 15.0929
v  -2.8617 0.5186 15.0922
v  -2.8636 0.5159 15.1197
v  -2.8723 0.5159 15.0666
v  -2.8682 0.5186 15.0653
v  -2.8823 0.5159 15.0415
v  -2.8783 0.5186 15.0396
v  -2.8957 0.5159 15.0181
v  -2.8921 0.5186 15.0157
v  -2.9123 0.5159 14.9969
v  -2.9091 0.5186 14.9939
v  -2.9318 0.5159 14.9782
v  -2.9290 0.5186 14.9748
v  -2.9537 0.5159 14.9625
v  -2.9515 0.5186 14.9587
v  -2.9777 0.5159 14.9500
v  -2.9760 0.5186 14.9460
v  -3.0032 0.5159 14.9411
v  -3.0020 0.5186 14.9369
v  -3.0297 0.5159 14.9359
v  -3.0291 0.5186 14.9316
v  -3.0566 0.5159 14.9346
v  -3.0567 0.5186 14.9302
v  -3.0842 0.5186 14.9327
v  -3.0835 0.5159 14.9371
v  -2.8734 0.5274 15.1199
v  -2.8758 0.5274 15.0945
v  -2.8774 0.5230 15.0947
v  -2.8751 0.5230 15.1200
v  -2.8817 0.5274 15.0696
v  -2.8833 0.5230 15.0701
v  -2.8911 0.5274 15.0458
v  -2.8927 0.5230 15.0465
v  -2.9381 0.5274 14.9857
v  -2.9816 0.5274 14.9590
v  -2.9823 0.5230 14.9606
v  -3.0057 0.5274 14.9506
v  -3.0062 0.5230 14.9522
v  -3.0309 0.5274 14.9457
v  -3.0311 0.5230 14.9474
v  -3.0564 0.5274 14.9444
v  -3.0564 0.5230 14.9461
v  -3.0819 0.5274 14.9467
v  -3.0816 0.5230 14.9484
v  -3.1068 0.5274 14.9527
v  -3.1063 0.5230 14.9543
v  -3.1305 0.5274 14.9621
v  -3.1298 0.5230 14.9637
v  -3.2173 0.5274 15.0526
v  -3.2158 0.5230 15.0533
v  -3.2257 0.5274 15.0767
v  -3.2241 0.5230 15.0772
v  -3.2307 0.5274 15.1018
v  -3.2290 0.5230 15.1020
v  -3.2296 0.5274 15.1529
v  -3.2279 0.5230 15.1526
v  -3.2236 0.5274 15.1778
v  -3.2220 0.5230 15.1772
v  -3.2142 0.5274 15.2015
v  -3.2127 0.5230 15.2008
v  -3.1238 0.5274 15.2883
v  -3.1231 0.5230 15.2868
v  -3.0996 0.5274 15.2967
v  -3.0992 0.5230 15.2951
v  -3.0745 0.5274 15.3017
v  -3.0743 0.5230 15.3000
v  -3.0490 0.5274 15.3029
v  -3.0490 0.5230 15.3013
v  -2.9589 0.5274 14.9708
v  -3.0237 0.5230 15.2989
v  -3.0235 0.5274 15.3006
v  -2.9991 0.5230 15.2930
v  -2.9986 0.5274 15.2946
v  -2.9748 0.5274 15.2852
v  -2.9147 0.5274 15.2383
v  -2.8998 0.5274 15.2175
v  -2.8881 0.5274 15.1948
v  -2.8896 0.5230 15.1941
v  -2.8796 0.5274 15.1706
v  -2.8812 0.5230 15.1702
v  -2.8747 0.5274 15.1455
v  -2.8764 0.5230 15.1453
v  -2.8714 0.5301 15.0938
v  -2.8690 0.5301 15.1199
v  -2.8775 0.5301 15.0683
v  -2.8872 0.5301 15.0439
v  -2.9002 0.5301 15.0212
v  -2.9164 0.5301 15.0005
v  -2.9353 0.5301 14.9824
v  -2.9566 0.5301 14.9671
v  -2.9798 0.5301 14.9550
v  -3.0046 0.5301 14.9464
v  -3.0303 0.5301 14.9413
v  -3.0565 0.5301 14.9400
v  -3.0826 0.5301 14.9424
v  -3.1081 0.5301 14.9485
v  -3.1324 0.5301 14.9582
v  -3.1552 0.5301 14.9712
v  -3.1758 0.5301 14.9874
v  -3.1940 0.5301 15.0063
v  -3.2093 0.5301 15.0276
v  -3.2213 0.5301 15.0508
v  -3.2300 0.5301 15.0756
v  -3.2350 0.5301 15.1013
v  -3.2363 0.5301 15.1275
v  -3.2339 0.5301 15.1536
v  -3.2278 0.5301 15.1791
v  -3.2182 0.5301 15.2034
v  -3.2051 0.5301 15.2262
v  -3.1890 0.5301 15.2468
v  -3.1701 0.5301 15.2650
v  -3.1488 0.5301 15.2802
v  -3.1255 0.5301 15.2923
v  -3.1008 0.5301 15.3010
v  -3.0750 0.5301 15.3060
v  -3.0489 0.5301 15.3073
v  -3.0228 0.5301 15.3049
v  -2.9973 0.5301 15.2988
v  -2.9729 0.5301 15.2892
v  -2.9502 0.5301 15.2761
v  -2.9295 0.5301 15.2600
v  -2.9114 0.5301 15.2411
v  -2.8961 0.5301 15.2198
v  -2.8840 0.5301 15.1965
v  -2.8754 0.5301 15.1718
v  -2.8703 0.5301 15.1460
v  -3.0219 0.5301 15.3103
v  -2.9956 0.5301 15.3040
v  -3.0757 0.5301 15.3114
v  -3.0487 0.5301 15.3128
v  -2.9705 0.5301 15.2940
v  -2.9471 0.5301 15.2806
v  -2.9259 0.5301 15.2640
v  -2.9072 0.5301 15.2445
v  -2.8915 0.5301 15.2226
v  -2.8790 0.5301 15.1987
v  -2.8701 0.5301 15.1732
v  -2.8649 0.5301 15.1467
v  -2.8636 0.5301 15.1197
v  -2.8661 0.5301 15.0929
v  -2.8723 0.5301 15.0666
v  -2.8823 0.5301 15.0415
v  -2.8957 0.5301 15.0181
v  -2.9123 0.5301 14.9969
v  -2.9318 0.5301 14.9782
v  -2.9537 0.5301 14.9625
v  -2.9777 0.5301 14.9500
v  -3.0032 0.5301 14.9411
v  -3.0297 0.5301 14.9359
v  -3.1022 0.5301 15.3062
v  -3.1277 0.5301 15.2973
v  -3.1516 0.5301 15.2849
v  -3.1735 0.5301 15.2692
v  -3.1930 0.5301 15.2505
v  -3.2096 0.5301 15.2292
v  -3.2231 0.5301 15.2058
v  -3.2330 0.5301 15.1807
v  -3.2393 0.5301 15.1545
v  -3.2418 0.5301 15.1276
v  -3.2404 0.5301 15.1007
v  -3.2352 0.5301 15.0742
v  -3.2263 0.5301 15.0487
v  -3.2139 0.5301 15.0247
v  -3.1982 0.5301 15.0028
v  -3.1795 0.5301 14.9833
v  -3.1582 0.5301 14.9667
v  -3.1348 0.5301 14.9533
v  -3.1097 0.5301 14.9433
v  -3.0835 0.5301 14.9371
v  -3.0566 0.5301 14.9346
v  -2.8617 0.5274 15.0922
v  -2.8592 0.5274 15.1196
v  -2.8682 0.5274 15.0653
v  -2.8783 0.5274 15.0396
v  -2.8921 0.5274 15.0157
v  -2.9091 0.5274 14.9939
v  -2.9290 0.5274 14.9748
v  -2.9515 0.5274 14.9587
v  -2.9760 0.5274 14.9460
v  -3.0020 0.5274 14.9369
v  -3.0291 0.5274 14.9316
v  -3.0567 0.5274 14.9302
v  -3.0842 0.5274 14.9327
v  -3.1110 0.5274 14.9392
v  -3.1367 0.5274 14.9493
v  -3.1607 0.5274 14.9631
v  -3.1824 0.5274 14.9801
v  -3.2015 0.5274 15.0000
v  -3.2176 0.5274 15.0224
v  -3.2304 0.5274 15.0470
v  -3.2395 0.5274 15.0730
v  -3.2448 0.5274 15.1001
v  -3.2462 0.5274 15.1277
v  -3.2436 0.5274 15.1552
v  -3.2372 0.5274 15.1820
v  -3.2270 0.5274 15.2077
v  -3.2133 0.5274 15.2317
v  -3.1963 0.5274 15.2534
v  -3.1763 0.5274 15.2725
v  -3.1539 0.5274 15.2886
v  -3.1294 0.5274 15.3013
v  -3.1033 0.5274 15.3105
v  -3.0762 0.5274 15.3158
v  -3.0487 0.5274 15.3172
v  -3.0212 0.5274 15.3146
v  -2.9943 0.5274 15.3082
v  -2.9686 0.5274 15.2980
v  -2.9447 0.5274 15.2843
v  -2.9229 0.5274 15.2673
v  -2.9038 0.5274 15.2473
v  -2.8877 0.5274 15.2249
v  -2.8750 0.5274 15.2004
v  -2.8659 0.5274 15.1743
v  -2.8606 0.5274 15.1472
v  -2.8601 0.5230 15.0919
v  -2.8666 0.5230 15.0648
v  -2.8768 0.5230 15.0389
v  -2.8907 0.5230 15.0147
v  -2.9078 0.5230 14.9928
v  -2.9279 0.5230 14.9735
v  -2.9506 0.5230 14.9573
v  -2.9753 0.5230 14.9445
v  -3.0016 0.5230 14.9353
v  -3.0289 0.5230 14.9299
v  -3.0567 0.5230 14.9285
v  -3.0845 0.5230 14.9311
v  -3.1116 0.5230 14.9376
v  -3.1110 0.5186 14.9392
v  -3.1097 0.5159 14.9433
v  -3.1348 0.5159 14.9533
v  -3.1582 0.5159 14.9667
v  -3.1795 0.5159 14.9833
v  -3.1982 0.5159 15.0028
v  -3.2139 0.5159 15.0247
v  -3.2263 0.5159 15.0487
v  -3.2352 0.5159 15.0742
v  -3.2404 0.5159 15.1007
v  -3.2418 0.5159 15.1276
v  -3.2393 0.5159 15.1545
v  -3.2330 0.5159 15.1807
v  -3.2231 0.5159 15.2058
v  -3.2096 0.5159 15.2292
v  -3.1930 0.5159 15.2505
v  -3.1735 0.5159 15.2692
v  -3.1516 0.5159 15.2849
v  -3.1277 0.5159 15.2973
v  -3.1022 0.5159 15.3062
v  -3.0757 0.5159 15.3114
v  -3.0487 0.5159 15.3128
v  -3.0219 0.5159 15.3103
v  -2.9956 0.5159 15.3040
v  -2.9705 0.5159 15.2940
v  -2.9471 0.5159 15.2806
v  -2.9259 0.5159 15.2640
v  -2.9072 0.5159 15.2445
v  -2.8915 0.5159 15.2226
v  -2.8790 0.5159 15.1987
v  -2.8701 0.5159 15.1732
v  -2.8649 0.5159 15.1467
v  -3.0750 0.5159 15.3060
v  -3.0489 0.5159 15.3073
v  -3.1008 0.5159 15.3010
v  -3.1255 0.5159 15.2923
v  -3.1488 0.5159 15.2802
v  -3.1701 0.5159 15.2650
v  -3.1890 0.5159 15.2468
v  -3.2051 0.5159 15.2262
v  -3.2182 0.5159 15.2034
v  -3.2278 0.5159 15.1791
v  -3.2339 0.5159 15.1536
v  -3.2300 0.5159 15.0756
v  -3.2213 0.5159 15.0508
v  -3.2093 0.5159 15.0276
v  -3.1940 0.5159 15.0063
v  -3.1758 0.5159 14.9874
v  -3.1552 0.5159 14.9712
v  -3.1324 0.5159 14.9582
v  -3.1081 0.5159 14.9485
v  -3.0826 0.5159 14.9424
v  -3.0565 0.5159 14.9400
v  -3.0228 0.5159 15.3049
v  -2.9973 0.5159 15.2988
v  -2.9295 0.5159 15.2600
v  -2.9114 0.5159 15.2411
v  -2.8961 0.5159 15.2198
v  -2.8840 0.5159 15.1965
v  -2.8754 0.5159 15.1718
v  -2.8703 0.5159 15.1460
v  -2.8690 0.5159 15.1199
v  -2.8714 0.5159 15.0938
v  -2.8775 0.5159 15.0683
v  -2.8872 0.5159 15.0439
v  -2.9002 0.5159 15.0212
v  -2.9164 0.5159 15.0005
v  -2.9353 0.5159 14.9824
v  -2.9566 0.5159 14.9671
v  -2.9798 0.5159 14.9550
v  -3.0046 0.5159 14.9464
v  -3.0303 0.5159 14.9413
v  -2.9325 0.5186 15.2567
v  -2.8758 0.5186 15.0945
v  -2.8734 0.5186 15.1199
v  -2.8817 0.5186 15.0696
v  -2.8911 0.5186 15.0458
v  -2.9816 0.5186 14.9590
v  -3.0057 0.5186 14.9506
v  -3.0309 0.5186 14.9457
v  -3.0564 0.5186 14.9444
v  -3.0819 0.5186 14.9467
v  -3.1068 0.5186 14.9527
v  -3.1305 0.5186 14.9621
v  -3.2173 0.5186 15.0526
v  -3.2257 0.5186 15.0767
v  -3.2296 0.5186 15.1529
v  -3.2236 0.5186 15.1778
v  -3.2142 0.5186 15.2015
v  -3.1238 0.5186 15.2883
v  -3.0996 0.5186 15.2967
v  -3.0745 0.5186 15.3017
v  -3.0490 0.5186 15.3029
v  -3.0235 0.5186 15.3006
v  -2.9986 0.5186 15.2946
v  -2.8881 0.5186 15.1948
v  -2.8796 0.5186 15.1706
v  -2.8747 0.5186 15.1455
v  -3.0722 0.4813 15.1241
v  -3.0719 0.4939 15.1202
v  -3.2371 0.5231 15.1353
v  -3.2365 0.5263 15.1207
v  -3.2358 0.5287 15.1236
v  -3.2375 0.5231 15.1197
v  -3.0367 0.4878 15.1349
v  -2.9701 0.5263 14.9594
v  -2.9679 0.5287 14.9614
v  -2.9646 0.5296 14.9635
v  -3.0379 0.4913 15.1109
v  -2.9573 0.5199 14.9643
# 568 vertices

vn 0.5547 -0.8074 -0.2013
vn 0.5000 -0.8403 -0.2095
vn 0.8660 -0.4851 -0.1210
vn 0.9126 -0.3967 -0.0989
vn 0.6549 0.0000 -0.7557
vn 0.5406 -0.0000 -0.8413
vn 0.4347 -0.5946 -0.6764
vn 0.5265 -0.5946 -0.6077
vn 0.0000 0.2419 -0.9703
vn -0.0618 0.4994 0.8642
vn 0.0000 0.8090 0.5878
vn 0.0000 0.5946 0.8041
vn -0.0420 0.8083 0.5873
vn -0.5265 0.5946 0.6077
vn -0.4347 0.5946 0.6764
vn -0.5406 -0.0000 0.8413
vn -0.6549 -0.0000 0.7557
vn 0.5167 0.8083 -0.2822
vn 0.7587 0.5027 -0.4143
vn 0.7570 0.5060 -0.4134
vn -0.2801 -0.5724 0.7707
vn -0.4287 -0.2511 0.8678
vn -0.4906 -0.0413 0.8704
vn -0.3243 -0.4928 0.8075
vn -0.4976 -0.0111 0.8674
vn -0.3738 0.9067 0.1953
vn -0.2129 0.9703 -0.1150
vn -0.2095 0.9703 -0.1210
vn -0.4450 0.8190 0.3624
vn -0.5167 0.8083 -0.2822
vn -0.7587 0.5027 -0.4143
vn -0.7570 0.5060 -0.4134
vn 0.0000 0.9703 0.2419
vn -0.2588 0.9372 0.2337
vn -0.3485 0.9095 0.2268
vn -0.5363 0.8190 0.2042
vn 0.0420 0.8083 0.5873
vn 0.0618 0.4994 0.8642
vn 0.5017 0.6861 0.5268
vn 0.4450 0.8190 0.3624
vn 0.3738 0.9067 0.1953
vn 0.5302 0.5534 0.6423
vn 0.5409 0.4336 0.7207
vn 0.2095 0.9703 -0.1210
vn 0.2129 0.9703 -0.1150
vn 0.0200 0.9081 -0.4183
vn -0.0913 0.8190 -0.5665
vn 0.2095 -0.9703 0.1210
vn 0.2078 -0.9703 0.1238
vn -0.0315 -0.8716 0.4892
vn -0.0717 -0.8375 0.5417
vn 0.5371 -0.4928 -0.6846
vn 0.5271 -0.5737 -0.6269
vn 0.4063 -0.8735 -0.2681
vn 0.4333 -0.8375 -0.3329
vn -0.0679 -0.3083 0.9489
vn -0.0000 0.0000 1.0000
vn 0.0000 -0.5946 0.8041
vn -0.0600 -0.5411 0.8388
vn -0.0713 -0.0499 0.9962
vn 0.3243 -0.4928 0.8075
vn 0.2801 -0.5724 0.7707
vn 0.0315 -0.8716 0.4892
vn 0.0717 -0.8375 0.5417
vn -0.5271 -0.5737 -0.6269
vn -0.5372 -0.2511 -0.8052
vn -0.5085 -0.0413 -0.8601
vn -0.5371 -0.4928 -0.6846
vn -0.5023 -0.0110 -0.8646
vn -0.9999 -0.0110 -0.0028
vn -0.9659 -0.2511 -0.0626
vn -0.8614 -0.4928 -0.1229
vn -0.9991 -0.0413 -0.0103
vn -0.8054 -0.5752 -0.1434
vn -0.7353 -0.5459 -0.4015
vn -0.5167 -0.8083 -0.2822
vn -0.7327 -0.5506 -0.4001
vn 0.8614 -0.4928 -0.1229
vn 0.9999 -0.0110 -0.0028
vn 0.9991 -0.0413 -0.0103
vn 0.9659 -0.2511 -0.0626
vn 0.8054 -0.5752 -0.1434
vn 0.8946 0.4336 0.1081
vn 0.9659 0.2511 0.0626
vn 0.8178 0.5583 0.1392
vn -0.2095 -0.9703 0.1210
vn -0.2078 -0.9703 0.1238
vn 0.8766 -0.0495 -0.4787
vn 0.8349 0.3083 -0.4559
vn 0.0679 0.3083 0.9489
vn 0.0713 -0.0499 0.9962
vn 0.3687 -0.4011 0.8386
vn 0.3283 -0.4851 0.8105
vn 0.0686 -0.8403 0.5378
vn 0.0984 -0.8120 0.5753
vn 0.3537 0.4336 -0.8288
vn 0.4287 0.2511 -0.8678
vn 0.5023 -0.0110 -0.8646
vn 0.5085 -0.0413 -0.8601
vn 0.2898 0.5559 -0.7791
vn -0.4311 -0.8755 -0.2183
vn -0.5050 -0.8375 -0.2088
vn -0.3283 0.4851 -0.8105
vn -0.0686 0.8403 -0.5378
vn -0.2054 0.6861 -0.6979
vn -0.3618 0.4162 -0.8342
vn -0.1335 0.7750 -0.6177
vn 0.5406 0.0000 0.8413
vn 0.6549 0.0000 0.7557
vn 0.5265 -0.5946 0.6077
vn 0.4347 -0.5946 0.6764
vn -0.5378 -0.4851 -0.6895
vn -0.4976 0.0111 -0.8674
vn -0.5419 -0.3989 -0.7397
vn -0.5000 0.0000 -0.8660
vn -0.4503 -0.8097 -0.3762
vn -0.4314 -0.8403 -0.3283
vn -0.8178 0.5583 0.1392
vn -0.9659 0.2511 0.0626
vn -0.8946 0.4336 0.1081
vn 0.2108 -0.9703 0.1188
vn -0.0686 -0.8403 0.5378
vn -0.0984 -0.8120 0.5753
vn 0.7314 -0.5946 -0.3340
vn 0.5167 -0.8083 -0.2822
vn 0.6832 -0.6278 -0.3730
vn 0.2694 -0.9551 -0.1230
vn 0.2492 -0.9551 -0.1601
vn 0.6860 -0.6238 -0.3746
vn 0.6764 -0.5946 -0.4347
vn -0.2898 0.5559 -0.7791
vn -0.3537 0.4336 -0.8288
vn 0.4503 -0.8097 -0.3762
vn 0.4314 -0.8403 -0.3283
vn 0.5378 -0.4851 -0.6895
vn 0.5419 -0.3989 -0.7397
vn -0.0679 0.3083 0.9489
vn 0.5372 -0.2511 -0.8052
vn 0.4976 0.0111 -0.8674
vn 0.5000 0.0000 -0.8660
vn 0.0913 0.8190 -0.5665
vn 0.2054 0.6861 -0.6979
vn -0.0200 0.9081 -0.4183
vn -0.5406 0.0000 -0.8413
vn -0.6549 0.0000 -0.7557
vn -0.5265 -0.5946 -0.6077
vn -0.4347 -0.5946 -0.6764
vn 0.4287 -0.2511 0.8678
vn 0.5023 0.0110 0.8646
vn 0.5000 0.0000 0.8660
vn 0.6764 0.5946 -0.4347
vn 0.8413 0.0000 -0.5406
vn 0.6429 0.6808 -0.3510
vn 0.8765 0.0508 -0.4786
vn -0.8766 -0.0492 -0.4787
vn -0.8349 -0.3083 -0.4559
vn -0.4347 -0.5946 0.6764
vn -0.5265 -0.5946 0.6077
vn -0.8403 0.2419 0.4851
vn -0.7557 0.0000 0.6549
vn -0.6077 -0.5946 0.5265
vn -0.6764 -0.5946 0.4347
vn -0.8413 0.0000 0.5406
vn -0.7557 0.0000 -0.6549
vn -0.8413 0.0000 -0.5406
vn -0.6764 -0.5946 -0.4347
vn -0.6077 -0.5946 -0.5265
vn -0.5000 0.0000 0.8660
vn -0.5414 0.4196 0.7286
vn -0.5372 0.2511 0.8052
vn -0.5023 0.0110 0.8646
vn -0.5378 0.4851 0.6895
vn -0.0000 -0.9703 -0.2419
vn -0.5547 -0.8074 -0.2013
vn -0.5000 -0.8403 -0.2095
vn -0.8765 0.0508 -0.4786
vn -0.6860 -0.6238 -0.3746
vn 0.7557 0.0000 0.6549
vn 0.6077 0.5946 0.5265
vn 0.6764 0.5946 0.4347
vn 0.8413 -0.0000 0.5406
vn 0.8349 -0.3083 -0.4559
vn 0.9096 -0.0000 -0.4154
vn -0.6764 0.5946 0.4347
vn -0.6077 0.5946 0.5265
vn 0.4347 0.5946 0.6764
vn 0.5265 0.5946 0.6077
vn -0.8349 0.3083 -0.4559
vn -0.2108 -0.9703 0.1188
vn 0.7327 -0.5506 -0.4001
vn 0.7353 -0.5459 -0.4015
vn -0.0422 -0.9551 0.2932
vn -0.0420 -0.8083 0.5873
vn 0.0000 -0.8090 0.5878
vn 0.0000 -0.9551 0.2962
vn -0.1144 -0.5946 0.7959
vn -0.0553 -0.6317 0.7732
vn -0.4347 0.5946 -0.6764
vn -0.5265 0.5946 -0.6077
vn -0.4333 -0.8375 -0.3329
vn -0.4063 -0.8735 -0.2681
vn -0.7071 0.6861 0.1711
vn 0.6764 -0.5946 0.4347
vn 0.6077 -0.5946 0.5265
vn 0.7557 0.0000 -0.6549
vn 0.6077 0.5946 -0.5265
vn -0.4666 0.7784 0.4200
vn -0.5017 0.6861 0.5268
vn -0.4314 0.8403 0.3283
vn 0.5050 -0.8375 -0.2088
vn 0.4311 -0.8755 -0.2183
vn -0.6064 0.7715 0.1924
vn -0.8660 0.4851 0.1210
vn -0.9050 0.4127 0.1029
vn -0.5000 0.8403 0.2095
vn 0.6846 -0.5812 -0.4400
vn 0.7402 -0.5812 -0.3380
vn 0.6150 -0.5812 -0.5329
vn 0.5329 -0.5812 -0.6150
vn 0.4400 -0.5812 -0.6846
vn 0.4154 -0.0000 -0.9096
vn 0.3380 -0.5812 -0.7402
vn 0.2817 -0.0000 -0.9595
vn 0.2293 -0.5812 -0.7808
vn 0.1423 0.0000 -0.9898
vn 0.1158 -0.5812 -0.8055
vn 0.0000 -0.0000 -1.0000
vn -0.0000 -0.5812 -0.8138
vn -0.1423 -0.0000 -0.9898
vn -0.1158 -0.5812 -0.8055
vn -0.2817 0.0000 -0.9595
vn -0.2293 -0.5812 -0.7808
vn -0.4154 0.0000 -0.9096
vn -0.3380 -0.5812 -0.7402
vn -0.4400 -0.5812 -0.6846
vn -0.8660 -0.4851 -0.1210
vn -0.9126 -0.3967 -0.0989
vn -0.5329 -0.5812 -0.6150
vn -0.6150 -0.5812 -0.5329
vn -0.6846 -0.5812 -0.4400
vn -0.9096 -0.0000 -0.4154
vn -0.7402 -0.5812 -0.3380
vn -0.9595 -0.0000 -0.2817
vn -0.7808 -0.5812 -0.2293
vn -0.9898 -0.0000 -0.1423
vn -0.8055 -0.5812 -0.1158
vn -0.8138 -0.5812 0.0000
vn -1.0000 0.0000 0.0000
vn -0.8055 -0.5812 0.1158
vn -0.9898 0.0000 0.1423
vn -0.7808 -0.5812 0.2293
vn -0.9595 0.0000 0.2817
vn -0.7402 -0.5812 0.3380
vn -0.9096 0.0000 0.4154
vn -0.6846 -0.5812 0.4400
vn -0.6150 -0.5812 0.5329
vn -0.5329 -0.5812 0.6150
vn -0.4400 -0.5812 0.6846
vn -0.4154 -0.0000 0.9096
vn -0.3380 -0.5812 0.7402
vn -0.2817 -0.0000 0.9595
vn -0.2293 -0.5812 0.7808
vn -0.1423 0.0000 0.9898
vn -0.1158 -0.5812 0.8055
vn -0.0000 -0.5812 0.8138
vn 0.0458 -0.9469 0.3183
vn 0.1158 -0.5812 0.8055
vn -0.0000 -0.9469 0.3216
vn 0.0906 -0.9469 0.3086
vn 0.2293 -0.5812 0.7808
vn 0.1336 -0.9469 0.2925
vn 0.3380 -0.5812 0.7402
vn 0.1739 -0.9469 0.2706
vn 0.4400 -0.5812 0.6846
vn 0.2106 -0.9469 0.2431
vn 0.5329 -0.5812 0.6150
vn 0.2431 -0.9469 0.2106
vn 0.6150 -0.5812 0.5329
vn 0.2706 -0.9469 0.1739
vn 0.6846 -0.5812 0.4400
vn 0.2925 -0.9469 0.1336
vn 0.7402 -0.5812 0.3380
vn 0.3086 -0.9469 0.0906
vn 0.7808 -0.5812 0.2293
vn 0.3183 -0.9469 0.0458
vn 0.8055 -0.5812 0.1158
vn 0.3216 -0.9469 -0.0000
vn 0.8138 -0.5812 -0.0000
vn 0.8055 -0.5812 -0.1158
vn 0.3183 -0.9469 -0.0458
vn 0.0000 0.5946 -0.8041
vn -0.1144 0.5946 -0.7959
vn -0.2265 0.5946 -0.7715
vn -0.3340 0.5946 -0.7314
vn -0.6077 0.5946 -0.5265
vn -0.7314 0.5946 -0.3340
vn -0.6414 0.6827 -0.3502
vn -0.7715 0.5946 -0.2265
vn -0.7959 0.5946 -0.1144
vn -0.8041 0.5946 0.0000
vn -0.7959 0.5946 0.1144
vn -0.7715 0.5946 0.2265
vn -0.7314 0.5946 0.3340
vn -0.3340 0.5946 0.7314
vn -0.2265 0.5946 0.7715
vn -0.1144 0.5946 0.7959
vn -0.0713 0.0498 0.9962
vn -0.0520 0.6846 0.7271
vn 0.0713 0.0498 0.9962
vn 0.1144 0.5946 0.7959
vn 0.1423 0.0000 0.9898
vn 0.0520 0.6846 0.7271
vn 0.2265 0.5946 0.7715
vn 0.2817 0.0000 0.9595
vn 0.3340 0.5946 0.7314
vn 0.4154 0.0000 0.9096
vn 0.7314 0.5946 0.3340
vn 0.9096 -0.0000 0.4154
vn 0.7715 0.5946 0.2265
vn 0.9595 -0.0000 0.2817
vn 0.7959 0.5946 0.1144
vn 0.9898 0.0000 0.1423
vn 0.8041 0.5946 0.0000
vn 1.0000 0.0000 -0.0000
vn -0.6764 0.5946 -0.4347
vn -0.6429 0.6808 -0.3510
vn 0.9898 0.0000 -0.1423
vn 0.7959 0.5946 -0.1144
vn 0.9595 0.0000 -0.2817
vn 0.7715 0.5946 -0.2265
vn 0.7314 0.5946 -0.3340
vn 0.6414 0.6827 -0.3502
vn 0.5265 0.5946 -0.6077
vn 0.4347 0.5946 -0.6764
vn 0.3340 0.5946 -0.7314
vn 0.2265 0.5946 -0.7715
vn 0.1144 0.5946 -0.7959
vn -0.0422 0.9551 -0.2932
vn 0.0000 0.9551 -0.2962
vn -0.0835 0.9551 -0.2842
vn -0.1230 0.9551 -0.2694
vn -0.1601 0.9551 -0.2492
vn -0.1940 0.9551 -0.2239
vn -0.2239 0.9551 -0.1940
vn -0.2492 0.9551 -0.1601
vn -0.2694 0.9551 -0.1230
vn -0.2842 0.9551 -0.0835
vn -0.2932 0.9551 -0.0422
vn -0.2962 0.9551 0.0000
vn -0.2932 0.9551 0.0422
vn -0.2842 0.9551 0.0835
vn -0.2694 0.9551 0.1230
vn -0.2492 0.9551 0.1601
vn -0.2239 0.9551 0.1940
vn -0.1940 0.9551 0.2239
vn -0.1601 0.9551 0.2492
vn -0.1230 0.9551 0.2694
vn -0.0835 0.9551 0.2842
vn -0.0422 0.9551 0.2932
vn 0.0000 0.9551 0.2962
vn 0.0422 0.9551 0.2932
vn 0.0835 0.9551 0.2842
vn 0.1230 0.9551 0.2694
vn 0.1601 0.9551 0.2492
vn 0.1940 0.9551 0.2239
vn 0.2239 0.9551 0.1940
vn 0.2492 0.9551 0.1601
vn 0.2694 0.9551 0.1230
vn 0.2842 0.9551 0.0835
vn 0.2932 0.9551 0.0422
vn 0.2962 0.9551 -0.0000
vn 0.2932 0.9551 -0.0422
vn 0.2842 0.9551 -0.0835
vn 0.2694 0.9551 -0.1230
vn 0.2492 0.9551 -0.1601
vn 0.2239 0.9551 -0.1940
vn 0.1940 0.9551 -0.2239
vn 0.1601 0.9551 -0.2492
vn 0.1230 0.9551 -0.2694
vn 0.0835 0.9551 -0.2842
vn 0.0422 0.9551 -0.2932
vn -0.3183 0.9469 0.0458
vn -0.3086 0.9469 0.0906
vn -0.3183 0.9469 -0.0458
vn -0.3216 0.9469 0.0000
vn -0.2925 0.9469 0.1336
vn -0.2706 0.9469 0.1739
vn -0.2431 0.9469 0.2106
vn -0.2106 0.9469 0.2431
vn -0.1739 0.9469 0.2706
vn -0.1336 0.9469 0.2925
vn -0.0906 0.9469 0.3086
vn -0.0458 0.9469 0.3183
vn -0.0000 0.9469 0.3216
vn 0.0458 0.9469 0.3183
vn 0.0906 0.9469 0.3086
vn 0.1336 0.9469 0.2925
vn 0.1739 0.9469 0.2706
vn 0.2106 0.9469 0.2431
vn 0.2431 0.9469 0.2106
vn 0.2706 0.9469 0.1739
vn 0.2925 0.9469 0.1336
vn 0.3086 0.9469 0.0906
vn 0.3183 0.9469 0.0458
vn -0.3086 0.9469 -0.0906
vn -0.2925 0.9469 -0.1336
vn -0.2706 0.9469 -0.1739
vn -0.2431 0.9469 -0.2106
vn -0.2106 0.9469 -0.2431
vn -0.1739 0.9469 -0.2706
vn -0.1336 0.9469 -0.2925
vn -0.0906 0.9469 -0.3086
vn -0.0458 0.9469 -0.3183
vn -0.0000 0.9469 -0.3216
vn 0.0458 0.9469 -0.3183
vn 0.0906 0.9469 -0.3086
vn 0.1336 0.9469 -0.2925
vn 0.1739 0.9469 -0.2706
vn 0.2106 0.9469 -0.2431
vn 0.2431 0.9469 -0.2106
vn 0.2706 0.9469 -0.1739
vn 0.2925 0.9469 -0.1336
vn 0.3086 0.9469 -0.0906
vn 0.3183 0.9469 -0.0458
vn 0.3216 0.9469 -0.0000
vn 0.1158 0.5812 0.8055
vn -0.0000 0.5812 0.8138
vn 0.2293 0.5812 0.7808
vn 0.3380 0.5812 0.7402
vn 0.4400 0.5812 0.6846
vn 0.5329 0.5812 0.6150
vn 0.6150 0.5812 0.5329
vn 0.6846 0.5812 0.4400
vn 0.7402 0.5812 0.3380
vn 0.7808 0.5812 0.2293
vn 0.8055 0.5812 0.1158
vn 0.8138 0.5812 -0.0000
vn 0.8055 0.5812 -0.1158
vn 0.7808 0.5812 -0.2293
vn 0.7402 0.5812 -0.3380
vn 0.6846 0.5812 -0.4400
vn 0.6150 0.5812 -0.5329
vn 0.5329 0.5812 -0.6150
vn 0.4400 0.5812 -0.6846
vn 0.3380 0.5812 -0.7402
vn 0.2293 0.5812 -0.7808
vn 0.1158 0.5812 -0.8055
vn -0.0000 0.5812 -0.8138
vn -0.1158 0.5812 -0.8055
vn -0.2293 0.5812 -0.7808
vn -0.3380 0.5812 -0.7402
vn -0.4400 0.5812 -0.6846
vn -0.5329 0.5812 -0.6150
vn -0.6150 0.5812 -0.5329
vn -0.6846 0.5812 -0.4400
vn -0.7402 0.5812 -0.3380
vn -0.7808 0.5812 -0.2293
vn -0.8055 0.5812 -0.1158
vn -0.8138 0.5812 0.0000
vn -0.8055 0.5812 0.1158
vn -0.7808 0.5812 0.2293
vn -0.7402 0.5812 0.3380
vn -0.6846 0.5812 0.4400
vn -0.6150 0.5812 0.5329
vn -0.5329 0.5812 0.6150
vn -0.4400 0.5812 0.6846
vn -0.3380 0.5812 0.7402
vn -0.2293 0.5812 0.7808
vn -0.1158 0.5812 0.8055
vn 0.7808 -0.5812 -0.2293
vn 0.3086 -0.9469 -0.0906
vn 0.2925 -0.9469 -0.1336
vn 0.2706 -0.9469 -0.1739
vn 0.2431 -0.9469 -0.2106
vn 0.2106 -0.9469 -0.2431
vn 0.1739 -0.9469 -0.2706
vn 0.1336 -0.9469 -0.2925
vn 0.0906 -0.9469 -0.3086
vn 0.0458 -0.9469 -0.3183
vn 0.0000 -0.9469 -0.3216
vn -0.0458 -0.9469 -0.3183
vn -0.0906 -0.9469 -0.3086
vn -0.1336 -0.9469 -0.2925
vn -0.1739 -0.9469 -0.2706
vn -0.2106 -0.9469 -0.2431
vn -0.2431 -0.9469 -0.2106
vn -0.2706 -0.9469 -0.1739
vn -0.2925 -0.9469 -0.1336
vn -0.3086 -0.9469 -0.0906
vn -0.3183 -0.9469 -0.0458
vn -0.3216 -0.9469 0.0000
vn -0.3183 -0.9469 0.0458
vn -0.3086 -0.9469 0.0906
vn -0.2925 -0.9469 0.1336
vn -0.2706 -0.9469 0.1739
vn -0.2431 -0.9469 0.2106
vn -0.2106 -0.9469 0.2431
vn -0.1739 -0.9469 0.2706
vn -0.1336 -0.9469 0.2925
vn -0.0906 -0.9469 0.3086
vn -0.0458 -0.9469 0.3183
vn 0.2932 -0.9551 0.0422
vn 0.2962 -0.9551 -0.0000
vn 0.2842 -0.9551 0.0835
vn 0.2694 -0.9551 0.1230
vn 0.2492 -0.9551 0.1601
vn 0.2239 -0.9551 0.1940
vn 0.1940 -0.9551 0.2239
vn 0.1601 -0.9551 0.2492
vn 0.1230 -0.9551 0.2694
vn 0.0835 -0.9551 0.2842
vn 0.0422 -0.9551 0.2932
vn -0.0835 -0.9551 0.2842
vn -0.1230 -0.9551 0.2694
vn -0.1601 -0.9551 0.2492
vn -0.1940 -0.9551 0.2239
vn -0.2239 -0.9551 0.1940
vn -0.2492 -0.9551 0.1601
vn -0.2694 -0.9551 0.1230
vn -0.2842 -0.9551 0.0835
vn -0.2932 -0.9551 0.0422
vn -0.2962 -0.9551 0.0000
vn 0.2932 -0.9551 -0.0422
vn 0.2842 -0.9551 -0.0835
vn 0.2239 -0.9551 -0.1940
vn 0.1940 -0.9551 -0.2239
vn 0.1601 -0.9551 -0.2492
vn 0.1230 -0.9551 -0.2694
vn 0.0835 -0.9551 -0.2842
vn 0.0422 -0.9551 -0.2932
vn 0.0000 -0.9551 -0.2962
vn -0.0422 -0.9551 -0.2932
vn -0.0835 -0.9551 -0.2842
vn -0.1230 -0.9551 -0.2694
vn -0.1601 -0.9551 -0.2492
vn -0.1940 -0.9551 -0.2239
vn -0.2239 -0.9551 -0.1940
vn -0.2492 -0.9551 -0.1601
vn -0.2694 -0.9551 -0.1230
vn -0.2842 -0.9551 -0.0835
vn -0.2932 -0.9551 -0.0422
vn 0.6077 -0.5946 -0.5265
vn -0.1144 -0.5946 -0.7959
vn 0.0000 -0.5946 -0.8041
vn -0.2265 -0.5946 -0.7715
vn -0.3340 -0.5946 -0.7314
vn -0.7314 -0.5946 -0.3340
vn -0.6832 -0.6278 -0.3730
vn -0.7715 -0.5946 -0.2265
vn -0.7959 -0.5946 -0.1144
vn -0.8041 -0.5946 0.0000
vn -0.7959 -0.5946 0.1144
vn -0.7715 -0.5946 0.2265
vn -0.7314 -0.5946 0.3340
vn -0.3340 -0.5946 0.7314
vn -0.2265 -0.5946 0.7715
vn 0.0420 -0.8083 0.5873
vn 0.1144 -0.5946 0.7959
vn 0.0553 -0.6317 0.7732
vn 0.2265 -0.5946 0.7715
vn 0.3340 -0.5946 0.7314
vn 0.7314 -0.5946 0.3340
vn 0.7715 -0.5946 0.2265
vn 0.7959 -0.5946 0.1144
vn 0.8041 -0.5946 0.0000
vn 0.7959 -0.5946 -0.1144
vn 0.7715 -0.5946 -0.2265
vn 0.3340 -0.5946 -0.7314
vn 0.2265 -0.5946 -0.7715
vn 0.1144 -0.5946 -0.7959
vn -0.4287 0.2511 -0.8678
vn 0.0679 -0.3083 0.9489
vn 0.5372 0.2511 0.8052
vn 0.5414 0.4196 0.7286
vn 0.5378 0.4851 0.6895
vn 0.5363 0.8190 0.2042
vn 0.7071 0.6861 0.1711
vn 0.3485 0.9095 0.2268
vn 0.2588 0.9372 0.2337
vn -0.9999 0.0113 0.0028
vn 0.8660 0.4851 0.1210
vn 0.9050 0.4127 0.1029
vn 0.6064 0.7715 0.1924
vn 0.5000 0.8403 0.2095
vn 0.9999 0.0113 0.0028
vn 0.4906 -0.0413 0.8704
vn 0.4976 -0.0111 0.8674
vn 0.4666 0.7784 0.4200
vn 0.4314 0.8403 0.3283
vn 0.2079 0.9703 -0.1237
vn 0.3618 0.4162 -0.8342
vn 0.3283 0.4851 -0.8105
vn -0.2079 0.9703 -0.1237
vn 0.0686 0.8403 -0.5378
vn 0.1335 0.7750 -0.6177
vn -0.5302 0.5534 0.6423
vn -0.5409 0.4336 0.7207
vn -0.3283 -0.4851 0.8105
vn -0.3687 -0.4011 0.8386
vn 0.8403 0.2419 0.4851
vn 0.0600 -0.5411 0.8388
# 601 vertex normals

vt 0.0000 0.0000 0.0000
# 1 texture coords

o Group_011
g Group_011
usemtl Material__60
s off
f 1545/3/1548 1546/3/1549 1547/3/1550 1548/3/1551 
f 1549/3/1552 1550/3/1553 1551/3/1554 1552/3/1555 
f 1553/3/1556 1554/3/1556 1555/3/1556 1556/3/1556 
f 1557/3/1557 1556/3/1558 1558/3/1559 
f 1556/3/1558 1557/3/1557 1555/3/1560 
f 1555/3/1560 1557/3/1557 1559/3/1560 
f 1560/3/1561 1561/3/1562 1562/3/1563 1563/3/1564 
f 1564/3/1565 1565/3/1566 1566/3/1565 1567/3/1565 
f 1565/3/1566 1564/3/1565 1568/3/1567 
f 1569/3/1568 1570/3/1569 1571/3/1570 1572/3/1571 
f 1571/3/1570 1570/3/1569 1573/3/1572 
f 1574/3/1573 1575/3/1574 1576/3/1575 1577/3/1576 
f 1574/3/1577 1578/3/1578 1579/3/1579 
f 1578/3/1578 1574/3/1577 1575/3/1577 
f 1578/3/1578 1575/3/1577 1580/3/1577 
f 1581/3/1580 1553/3/1581 1582/3/1582 1583/3/1583 
f 1553/3/1581 1581/3/1580 1554/3/1580 
f 1558/3/1559 1582/3/1584 1584/3/1585 
f 1582/3/1584 1558/3/1559 1553/3/1584 
f 1553/3/1584 1558/3/1559 1556/3/1558 
f 1568/3/1586 1585/3/1587 1564/3/1588 
f 1585/3/1587 1568/3/1586 1586/3/1589 1587/3/1590 
f 1564/3/1588 1588/3/1591 1567/3/1592 
f 1588/3/1591 1564/3/1588 1585/3/1587 
f 1588/3/1591 1566/3/1593 1567/3/1592 
f 1566/3/1593 1588/3/1591 1589/3/1594 
f 1590/3/1595 1591/3/1596 1592/3/1597 1593/3/1598 
f 1594/3/1599 1595/3/1600 1596/3/1601 1597/3/1602 
f 1598/3/1603 1599/3/1604 1600/3/1605 1601/3/1606 
f 1599/3/1604 1598/3/1603 1602/3/1607 
f 1603/3/1608 1604/3/1609 1605/3/1610 1606/3/1611 
f 1607/3/1612 1608/3/1613 1609/3/1614 1610/3/1615 
f 1609/3/1614 1608/3/1613 1611/3/1616 
f 1612/3/1617 1613/3/1618 1614/3/1619 1615/3/1620 
f 1614/3/1619 1613/3/1618 1616/3/1621 
f 1617/3/1622 1569/3/1623 1570/3/1624 
f 1569/3/1623 1617/3/1622 1592/3/1623 
f 1592/3/1623 1617/3/1622 1591/3/1623 
f 1591/3/1623 1617/3/1622 1595/3/1623 
f 1591/3/1623 1595/3/1623 1596/3/1623 
f 1618/3/1625 1598/3/1626 1619/3/1627 
f 1598/3/1626 1618/3/1625 1601/3/1628 
f 1601/3/1628 1618/3/1625 1548/3/1629 
f 1598/3/1626 1620/3/1630 1619/3/1627 
f 1620/3/1630 1598/3/1626 1602/3/1631 
f 1621/3/1632 1620/3/1630 1602/3/1631 
f 1592/3/1597 1572/3/1571 1593/3/1598 
f 1572/3/1571 1592/3/1597 1569/3/1568 
f 1622/3/1633 1606/3/1611 1605/3/1610 1623/3/1634 
f 1624/3/1635 1586/3/1636 1625/3/1635 
f 1586/3/1636 1624/3/1635 1568/3/1567 
f 1568/3/1567 1624/3/1635 1626/3/1636 1565/3/1566 
f 1558/3/1559 1627/3/1637 1628/3/1638 1599/3/1604 
f 1627/3/1637 1558/3/1559 1584/3/1585 
f 1604/3/1639 1629/3/1640 1630/3/1641 1605/3/1642 
f 1631/3/1643 1632/3/1644 1633/3/1645 1634/3/1646 
f 1632/3/1644 1631/3/1643 1635/3/1647 
f 1616/3/1621 1636/3/1648 1637/3/1649 1614/3/1619 
f 1638/3/1650 1639/3/1651 1565/3/1652 1626/3/1653 
f 1565/3/1652 1639/3/1651 1566/3/1654 
f 1640/3/1655 1641/3/1656 1642/3/1657 1643/3/1658 
f 1644/3/1659 1611/3/1660 1608/3/1613 1607/3/1661 
f 1611/3/1660 1644/3/1659 1645/3/1662 
f 1607/3/1661 1646/3/1663 1647/3/1664 1644/3/1659 
f 1627/3/1665 1628/3/1666 1648/3/1667 
f 1648/3/1667 1628/3/1666 1612/3/1617 1615/3/1620 
f 1591/3/1668 1649/3/1595 1650/3/1669 1592/3/1670 
f 1651/3/1671 1607/3/1672 1646/3/1672 
f 1607/3/1672 1651/3/1671 1608/3/1673 
f 1652/3/1674 1651/3/1671 1623/3/1672 1653/3/1675 
f 1623/3/1672 1651/3/1671 1646/3/1672 
f 1653/3/1675 1623/3/1672 1605/3/1672 
f 1653/3/1675 1605/3/1672 1604/3/1672 
f 1653/3/1675 1604/3/1672 1654/3/1676 1655/3/1677 
f 1626/3/1678 1589/3/1594 1656/3/1679 
f 1589/3/1594 1626/3/1678 1565/3/1652 
f 1589/3/1594 1565/3/1652 1566/3/1593 
f 1596/3/1680 1657/3/1681 1649/3/1595 1591/3/1668 
f 1658/3/1682 1657/3/1681 1596/3/1680 1595/3/1683 
f 1602/3/1607 1558/3/1559 1599/3/1604 
f 1558/3/1559 1602/3/1607 1621/3/1684 
f 1558/3/1559 1621/3/1684 1557/3/1557 
f 1617/3/1685 1633/3/1686 1658/3/1682 1595/3/1683 
f 1658/3/1682 1633/3/1686 1659/3/1687 
f 1660/3/1688 1578/3/1689 1635/3/1647 1631/3/1643 
f 1578/3/1689 1660/3/1688 1580/3/1690 
f 1661/3/1691 1662/3/1692 1663/3/1693 1664/3/1694 
f 1654/3/1695 1629/3/1640 1604/3/1639 
f 1629/3/1640 1654/3/1695 1665/3/1696 1666/3/1697 
f 1667/3/1698 1668/3/1699 1586/3/1636 1568/3/1700 
f 1586/3/1636 1668/3/1699 1625/3/1701 
f 1669/3/1702 1570/3/1624 1573/3/1703 
f 1570/3/1624 1669/3/1702 1632/3/1702 1617/3/1622 
f 1617/3/1622 1632/3/1702 1633/3/1703 
f 1563/3/1564 1562/3/1563 1670/3/1704 1671/3/1705 
f 1672/3/1706 1630/3/1706 1629/3/1706 1666/3/1706 
f 1630/3/1706 1672/3/1706 1673/3/1706 1674/3/1706 
f 1674/3/1706 1673/3/1706 1675/3/1706 1647/3/1706 
f 1647/3/1706 1675/3/1706 1639/3/1706 1644/3/1706 
f 1644/3/1706 1639/3/1706 1638/3/1706 1645/3/1706 
f 1676/3/1707 1677/3/1708 1678/3/1709 1679/3/1710 
f 1680/3/1711 1681/3/1712 1682/3/1713 1683/3/1714 
f 1684/3/1715 1685/3/1716 1669/3/1717 1573/3/1718 
f 1685/3/1716 1684/3/1715 1686/3/1719 
f 1687/3/1720 1688/3/1720 1636/3/1721 1689/3/1722 
f 1669/3/1723 1573/3/1703 1681/3/1712 
f 1681/3/1712 1573/3/1703 1570/3/1724 1682/3/1713 
f 1690/3/1725 1691/3/1726 1692/3/1727 1693/3/1728 
f 1651/3/1671 1611/3/1729 1608/3/1673 
f 1611/3/1729 1651/3/1671 1694/3/1730 1624/3/1701 
f 1695/3/1731 1696/3/1732 1676/3/1707 1679/3/1710 
f 1697/3/1733 1698/3/1734 1641/3/1656 1640/3/1655 
f 1685/3/1735 1579/3/1579 1632/3/1702 1669/3/1702 
f 1632/3/1702 1579/3/1579 1578/3/1578 
f 1632/3/1702 1578/3/1578 1635/3/1735 
f 1623/3/1736 1630/3/1641 1674/3/1633 
f 1630/3/1641 1623/3/1736 1605/3/1642 
f 1654/3/1737 1608/3/1738 1625/3/1635 1665/3/1729 
f 1625/3/1635 1608/3/1738 1624/3/1635 
f 1624/3/1635 1608/3/1738 1611/3/1729 
f 1699/3/1739 1545/3/1740 1688/3/1741 1700/3/1742 
f 1545/3/1740 1699/3/1739 1548/3/1740 
f 1548/3/1740 1699/3/1739 1701/3/1743 1601/3/1744 
f 1702/3/1745 1703/3/1746 1662/3/1692 1661/3/1691 
f 1607/3/1612 1610/3/1615 1704/3/1747 1646/3/1748 
f 1583/3/1583 1627/3/1665 1648/3/1667 
f 1627/3/1665 1583/3/1583 1584/3/1749 
f 1584/3/1749 1583/3/1583 1582/3/1582 
f 1705/3/1750 1706/3/1751 1690/3/1725 1693/3/1728 
f 1707/3/1752 1668/3/1699 1667/3/1698 1708/3/1753 
f 1686/3/1719 1574/3/1754 1579/3/1755 1685/3/1716 
f 1574/3/1754 1686/3/1719 1709/3/1756 
f 1710/3/1757 1545/3/1758 1548/3/1629 1618/3/1625 
f 1584/3/1749 1582/3/1759 1711/3/1760 1627/3/1761 
f 1711/3/1760 1582/3/1759 1712/3/1762 
f 1646/3/1663 1674/3/1633 1647/3/1664 
f 1674/3/1633 1646/3/1663 1623/3/1736 
f 1713/3/1763 1714/3/1699 1715/3/1730 1716/3/1764 
f 1717/3/1765 1718/3/1752 1714/3/1699 1713/3/1763 
f 1719/3/1766 1720/3/1552 1718/3/1752 1717/3/1765 
f 1721/3/1553 1720/3/1552 1719/3/1766 1722/3/1767 
f 1723/3/1768 1721/3/1553 1722/3/1767 1724/3/1769 
f 1725/3/1770 1723/3/1768 1724/3/1769 1726/3/1771 
f 1727/3/1772 1725/3/1770 1726/3/1771 1728/3/1773 
f 1729/3/1774 1727/3/1772 1728/3/1773 1730/3/1775 
f 1731/3/1776 1729/3/1774 1730/3/1775 1732/3/1777 
f 1733/3/1778 1731/3/1776 1732/3/1777 1734/3/1779 
f 1735/3/1780 1733/3/1778 1734/3/1779 1736/3/1781 
f 1737/3/1691 1735/3/1780 1736/3/1781 1738/3/1782 
f 1739/3/1783 1689/3/1722 1636/3/1721 1616/3/1784 
f 1740/3/1692 1737/3/1691 1738/3/1782 1741/3/1785 
f 1742/3/1711 1740/3/1692 1741/3/1785 1743/3/1786 
f 1744/3/1712 1742/3/1711 1743/3/1786 1745/3/1787 
f 1746/3/1788 1744/3/1712 1745/3/1787 1747/3/1789 
f 1748/3/1790 1746/3/1788 1747/3/1789 1749/3/1791 
f 1750/3/1792 1748/3/1790 1749/3/1791 1751/3/1793 
f 1750/3/1792 1751/3/1793 1752/3/1794 1753/3/1795 
f 1753/3/1795 1752/3/1794 1754/3/1796 1755/3/1797 
f 1755/3/1797 1754/3/1796 1756/3/1798 1757/3/1799 
f 1757/3/1799 1756/3/1798 1758/3/1800 1759/3/1801 
f 1759/3/1801 1758/3/1800 1760/3/1802 1761/3/1710 
f 1761/3/1710 1760/3/1802 1762/3/1803 1763/3/1707 
f 1763/3/1707 1762/3/1803 1764/3/1804 1765/3/1564 
f 1766/3/1563 1765/3/1564 1764/3/1804 1767/3/1805 
f 1768/3/1806 1766/3/1563 1767/3/1805 1769/3/1807 
f 1770/3/1808 1768/3/1806 1769/3/1807 1771/3/1809 
f 1772/3/1810 1770/3/1808 1771/3/1809 1773/3/1811 
f 1774/3/1604 1772/3/1810 1773/3/1811 1775/3/1812 
f 1776/3/1813 1777/3/1814 1775/3/1812 1778/3/1815 
f 1779/3/1816 1780/3/1817 1777/3/1814 1776/3/1813 
f 1781/3/1818 1782/3/1819 1780/3/1817 1779/3/1816 
f 1783/3/1820 1784/3/1821 1782/3/1819 1781/3/1818 
f 1785/3/1822 1786/3/1823 1784/3/1821 1783/3/1820 
f 1787/3/1824 1788/3/1825 1786/3/1823 1785/3/1822 
f 1789/3/1826 1790/3/1827 1788/3/1825 1787/3/1824 
f 1791/3/1828 1792/3/1829 1790/3/1827 1789/3/1826 
f 1793/3/1830 1794/3/1831 1792/3/1829 1791/3/1828 
f 1795/3/1832 1796/3/1833 1794/3/1831 1793/3/1830 
f 1797/3/1834 1798/3/1835 1796/3/1833 1795/3/1832 
f 1799/3/1836 1798/3/1835 1797/3/1834 1800/3/1837 
f 1553/3/1581 1712/3/1762 1582/3/1759 
f 1801/3/1838 1802/3/1839 1803/3/1776 1804/3/1774 
f 1802/3/1839 1805/3/1840 1806/3/1778 1803/3/1776 
f 1805/3/1840 1807/3/1841 1808/3/1780 1806/3/1778 
f 1807/3/1841 1702/3/1745 1661/3/1691 1808/3/1780 
f 1703/3/1746 1809/3/1842 1680/3/1711 1662/3/1692 
f 1810/3/1843 1632/3/1723 1635/3/1735 1578/3/1844 
f 1632/3/1723 1810/3/1843 1811/3/1788 
f 1812/3/1845 1813/3/1790 1811/3/1788 1810/3/1843 
f 1814/3/1846 1815/3/1792 1813/3/1790 1812/3/1845 
f 1816/3/1847 1817/3/1795 1815/3/1792 1814/3/1846 
f 1818/3/1848 1819/3/1797 1817/3/1795 1816/3/1847 
f 1818/3/1848 1820/3/1849 1821/3/1799 1819/3/1797 
f 1820/3/1849 1822/3/1850 1823/3/1801 1821/3/1799 
f 1822/3/1850 1695/3/1731 1679/3/1710 1823/3/1801 
f 1696/3/1732 1560/3/1561 1563/3/1564 1676/3/1707 
f 1561/3/1562 1824/3/1851 1825/3/1806 1562/3/1563 
f 1824/3/1851 1826/3/1852 1827/3/1808 1825/3/1806 
f 1826/3/1852 1828/3/1853 1829/3/1810 1827/3/1808 
f 1828/3/1853 1621/3/1684 1602/3/1854 1829/3/1810 
f 1621/3/1684 1828/3/1853 1557/3/1855 
f 1628/3/1856 1627/3/1637 1830/3/1857 1831/3/1858 
f 1830/3/1857 1627/3/1637 1584/3/1859 
f 1830/3/1857 1832/3/1860 1833/3/1861 1831/3/1858 
f 1832/3/1860 1834/3/1862 1835/3/1863 1833/3/1861 
f 1834/3/1862 1697/3/1733 1640/3/1655 1835/3/1863 
f 1698/3/1734 1691/3/1726 1690/3/1725 1641/3/1656 
f 1693/3/1728 1692/3/1727 1836/3/1864 1837/3/1865 
f 1837/3/1865 1836/3/1864 1838/3/1866 1839/3/1867 
f 1839/3/1867 1838/3/1866 1840/3/1868 1841/3/1869 
f 1841/3/1869 1840/3/1868 1842/3/1870 1843/3/1871 
f 1844/3/1872 1685/3/1735 1681/3/1712 
f 1685/3/1735 1844/3/1872 1579/3/1873 
f 1681/3/1712 1685/3/1735 1669/3/1723 
f 1845/3/1874 1843/3/1871 1842/3/1870 1846/3/1875 
f 1847/3/1876 1845/3/1874 1846/3/1875 1848/3/1877 
f 1694/3/1730 1847/3/1876 1848/3/1877 1849/3/1878 
f 1626/3/1636 1849/3/1878 1565/3/1879 
f 1849/3/1878 1626/3/1636 1624/3/1701 1694/3/1730 
f 1575/3/1574 1660/3/1688 1576/3/1575 
f 1660/3/1688 1575/3/1574 1580/3/1690 
f 1597/3/1602 1596/3/1601 1591/3/1596 1590/3/1595 
f 1708/3/1753 1850/3/1880 1549/3/1552 1707/3/1752 
f 1851/3/1881 1852/3/1882 1853/3/1768 1550/3/1553 
f 1852/3/1882 1854/3/1883 1855/3/1770 1853/3/1768 
f 1854/3/1883 1856/3/1884 1857/3/1772 1855/3/1770 
f 1856/3/1884 1801/3/1838 1804/3/1774 1857/3/1772 
f 1858/3/1885 1802/3/1839 1801/3/1838 1859/3/1886 
f 1858/3/1885 1860/3/1887 1805/3/1840 1802/3/1839 
f 1860/3/1887 1861/3/1888 1807/3/1841 1805/3/1840 
f 1861/3/1888 1862/3/1889 1702/3/1745 1807/3/1841 
f 1862/3/1889 1863/3/1890 1703/3/1746 1702/3/1745 
f 1863/3/1890 1864/3/1891 1809/3/1842 1703/3/1746 
f 1864/3/1891 1865/3/1892 1844/3/1872 1809/3/1842 
f 1865/3/1892 1579/3/1873 1844/3/1872 
f 1579/3/1873 1865/3/1892 1574/3/1577 
f 1574/3/1577 1865/3/1892 1866/3/1893 1575/3/1577 
f 1575/3/1577 1866/3/1893 1810/3/1843 1580/3/1577 
f 1580/3/1577 1810/3/1843 1578/3/1844 
f 1866/3/1893 1867/3/1894 1812/3/1845 1810/3/1843 
f 1867/3/1894 1868/3/1895 1814/3/1846 1812/3/1845 
f 1868/3/1895 1869/3/1896 1816/3/1847 1814/3/1846 
f 1816/3/1847 1869/3/1896 1870/3/1897 1818/3/1848 
f 1818/3/1848 1870/3/1897 1871/3/1898 1820/3/1849 
f 1820/3/1849 1871/3/1898 1872/3/1899 1822/3/1850 
f 1822/3/1850 1872/3/1899 1873/3/1900 1695/3/1731 
f 1695/3/1731 1873/3/1900 1874/3/1901 1696/3/1732 
f 1696/3/1732 1874/3/1901 1875/3/1902 1560/3/1561 
f 1560/3/1561 1875/3/1902 1876/3/1903 1561/3/1562 
f 1561/3/1562 1876/3/1903 1877/3/1904 1824/3/1851 
f 1824/3/1851 1877/3/1904 1878/3/1905 1826/3/1852 
f 1826/3/1852 1878/3/1905 1879/3/1906 1828/3/1853 
f 1880/3/1907 1556/3/1558 1555/3/1560 1879/3/1906 
f 1879/3/1906 1555/3/1560 1559/3/1560 1557/3/1855 
f 1879/3/1906 1557/3/1855 1828/3/1853 
f 1830/3/1857 1582/3/1584 1880/3/1907 1881/3/1908 
f 1582/3/1584 1830/3/1857 1584/3/1859 
f 1880/3/1907 1582/3/1584 1553/3/1584 
f 1880/3/1907 1553/3/1584 1556/3/1558 
f 1832/3/1860 1830/3/1857 1881/3/1908 1882/3/1909 
f 1834/3/1862 1832/3/1860 1882/3/1909 1883/3/1910 
f 1697/3/1733 1834/3/1862 1883/3/1910 1884/3/1911 
f 1698/3/1734 1697/3/1733 1884/3/1911 1885/3/1912 
f 1691/3/1726 1698/3/1734 1885/3/1912 1886/3/1913 
f 1692/3/1727 1691/3/1726 1886/3/1913 1887/3/1914 
f 1836/3/1864 1692/3/1727 1887/3/1914 1888/3/1915 
f 1838/3/1866 1836/3/1864 1888/3/1915 1889/3/1916 
f 1840/3/1868 1838/3/1866 1889/3/1916 1890/3/1917 
f 1842/3/1870 1840/3/1868 1890/3/1917 1891/3/1918 
f 1892/3/1919 1846/3/1875 1842/3/1870 1891/3/1918 
f 1893/3/1920 1848/3/1877 1846/3/1875 1892/3/1919 
f 1894/3/1921 1849/3/1878 1848/3/1877 1893/3/1920 
f 1894/3/1921 1895/3/1922 1567/3/1565 1849/3/1878 
f 1567/3/1565 1895/3/1922 1667/3/1698 1564/3/1565 
f 1564/3/1565 1667/3/1698 1568/3/1700 
f 1849/3/1878 1566/3/1565 1565/3/1879 
f 1566/3/1565 1849/3/1878 1567/3/1565 
f 1896/3/1923 1708/3/1753 1667/3/1698 1895/3/1922 
f 1897/3/1924 1850/3/1880 1708/3/1753 1896/3/1923 
f 1898/3/1925 1851/3/1881 1850/3/1880 1897/3/1924 
f 1899/3/1926 1852/3/1882 1851/3/1881 1898/3/1925 
f 1900/3/1927 1854/3/1883 1852/3/1882 1899/3/1926 
f 1901/3/1928 1856/3/1884 1854/3/1883 1900/3/1927 
f 1859/3/1886 1801/3/1838 1856/3/1884 1901/3/1928 
f 1902/3/1929 1903/3/1930 1904/3/1931 1905/3/1932 
f 1904/3/1931 1903/3/1930 1892/3/1919 1891/3/1918 
f 1892/3/1919 1903/3/1930 1906/3/1933 1893/3/1920 
f 1893/3/1920 1906/3/1933 1907/3/1934 1894/3/1921 
f 1894/3/1921 1907/3/1934 1908/3/1935 1895/3/1922 
f 1895/3/1922 1908/3/1935 1909/3/1936 1896/3/1923 
f 1896/3/1923 1909/3/1936 1910/3/1937 1897/3/1924 
f 1897/3/1924 1910/3/1937 1911/3/1938 1898/3/1925 
f 1898/3/1925 1911/3/1938 1912/3/1939 1899/3/1926 
f 1899/3/1926 1912/3/1939 1913/3/1940 1900/3/1927 
f 1900/3/1927 1913/3/1940 1914/3/1941 1901/3/1928 
f 1901/3/1928 1914/3/1941 1915/3/1942 1859/3/1886 
f 1859/3/1886 1915/3/1942 1860/3/1887 1858/3/1885 
f 1860/3/1887 1915/3/1942 1916/3/1943 1861/3/1888 
f 1861/3/1888 1916/3/1943 1917/3/1944 1862/3/1889 
f 1862/3/1889 1917/3/1944 1918/3/1945 1863/3/1890 
f 1863/3/1890 1918/3/1945 1919/3/1946 1864/3/1891 
f 1864/3/1891 1919/3/1946 1920/3/1947 1865/3/1892 
f 1865/3/1892 1920/3/1947 1921/3/1948 1866/3/1893 
f 1866/3/1893 1921/3/1948 1922/3/1949 1867/3/1894 
f 1867/3/1894 1922/3/1949 1923/3/1950 1868/3/1895 
f 1868/3/1895 1923/3/1950 1924/3/1951 1869/3/1896 
f 1891/3/1918 1890/3/1917 1925/3/1952 1904/3/1931 
f 1925/3/1952 1890/3/1917 1889/3/1916 1926/3/1953 
f 1926/3/1953 1889/3/1916 1888/3/1915 1927/3/1954 
f 1927/3/1954 1888/3/1915 1887/3/1914 1928/3/1955 
f 1928/3/1955 1887/3/1914 1886/3/1913 1929/3/1956 
f 1929/3/1956 1886/3/1913 1885/3/1912 1930/3/1957 
f 1930/3/1957 1885/3/1912 1884/3/1911 1931/3/1958 
f 1931/3/1958 1884/3/1911 1883/3/1910 1932/3/1959 
f 1932/3/1959 1883/3/1910 1882/3/1909 1933/3/1960 
f 1933/3/1960 1882/3/1909 1881/3/1908 1934/3/1961 
f 1934/3/1961 1881/3/1908 1880/3/1907 1879/3/1906 
f 1934/3/1961 1879/3/1906 1878/3/1905 1935/3/1962 
f 1935/3/1962 1878/3/1905 1877/3/1904 1936/3/1963 
f 1936/3/1963 1877/3/1904 1876/3/1903 1937/3/1964 
f 1937/3/1964 1876/3/1903 1875/3/1902 1938/3/1965 
f 1938/3/1965 1875/3/1902 1874/3/1901 1939/3/1966 
f 1939/3/1966 1874/3/1901 1873/3/1900 1940/3/1967 
f 1940/3/1967 1873/3/1900 1872/3/1899 1941/3/1968 
f 1941/3/1968 1872/3/1899 1871/3/1898 1942/3/1969 
f 1942/3/1969 1871/3/1898 1870/3/1897 1943/3/1970 
f 1943/3/1970 1870/3/1897 1869/3/1896 1944/3/1971 
f 1944/3/1971 1869/3/1896 1924/3/1951 1945/3/1972 
f 1946/3/1973 1915/3/1942 1914/3/1941 1947/3/1974 
f 1946/3/1973 1948/3/1975 1916/3/1943 1915/3/1942 
f 1948/3/1975 1949/3/1976 1917/3/1944 1916/3/1943 
f 1949/3/1976 1950/3/1977 1918/3/1945 1917/3/1944 
f 1950/3/1977 1951/3/1978 1919/3/1946 1918/3/1945 
f 1951/3/1978 1952/3/1979 1920/3/1947 1919/3/1946 
f 1952/3/1979 1953/3/1980 1921/3/1948 1920/3/1947 
f 1953/3/1980 1954/3/1981 1922/3/1949 1921/3/1948 
f 1954/3/1981 1955/3/1982 1923/3/1950 1922/3/1949 
f 1955/3/1982 1956/3/1983 1924/3/1951 1923/3/1950 
f 1956/3/1983 1957/3/1984 1945/3/1972 1924/3/1951 
f 1945/3/1972 1957/3/1984 1958/3/1985 1944/3/1971 
f 1944/3/1971 1958/3/1985 1959/3/1986 1943/3/1970 
f 1943/3/1970 1959/3/1986 1960/3/1987 1942/3/1969 
f 1942/3/1969 1960/3/1987 1961/3/1988 1941/3/1968 
f 1941/3/1968 1961/3/1988 1962/3/1989 1940/3/1967 
f 1940/3/1967 1962/3/1989 1963/3/1990 1939/3/1966 
f 1939/3/1966 1963/3/1990 1964/3/1991 1938/3/1965 
f 1938/3/1965 1964/3/1991 1965/3/1992 1937/3/1964 
f 1937/3/1964 1965/3/1992 1966/3/1993 1936/3/1963 
f 1936/3/1963 1966/3/1993 1967/3/1994 1935/3/1962 
f 1935/3/1962 1967/3/1994 1968/3/1995 1934/3/1961 
f 1933/3/1960 1934/3/1961 1968/3/1995 1969/3/1996 
f 1932/3/1959 1933/3/1960 1969/3/1996 1970/3/1997 
f 1931/3/1958 1932/3/1959 1970/3/1997 1971/3/1998 
f 1930/3/1957 1931/3/1958 1971/3/1998 1972/3/1999 
f 1929/3/1956 1930/3/1957 1972/3/1999 1973/3/2000 
f 1928/3/1955 1929/3/1956 1973/3/2000 1974/3/2001 
f 1927/3/1954 1928/3/1955 1974/3/2001 1975/3/2002 
f 1926/3/1953 1927/3/1954 1975/3/2002 1976/3/2003 
f 1925/3/1952 1926/3/1953 1976/3/2003 1977/3/2004 
f 1904/3/1931 1925/3/1952 1977/3/2004 1978/3/2005 
f 1905/3/1932 1904/3/1931 1978/3/2005 1979/3/2006 
f 1980/3/2007 1902/3/1929 1905/3/1932 1979/3/2006 
f 1981/3/2008 1903/3/1930 1902/3/1929 1980/3/2007 
f 1982/3/2009 1906/3/1933 1903/3/1930 1981/3/2008 
f 1983/3/2010 1907/3/1934 1906/3/1933 1982/3/2009 
f 1984/3/2011 1908/3/1935 1907/3/1934 1983/3/2010 
f 1985/3/2012 1909/3/1936 1908/3/1935 1984/3/2011 
f 1986/3/2013 1910/3/1937 1909/3/1936 1985/3/2012 
f 1987/3/2014 1911/3/1938 1910/3/1937 1986/3/2013 
f 1988/3/2015 1912/3/1939 1911/3/1938 1987/3/2014 
f 1989/3/2016 1913/3/1940 1912/3/1939 1988/3/2015 
f 1947/3/1974 1914/3/1941 1913/3/1940 1989/3/2016 
f 1946/3/1973 1947/3/1974 1774/3/1604 1990/3/1858 
f 1948/3/1975 1946/3/1973 1990/3/1858 1991/3/1861 
f 1949/3/1976 1948/3/1975 1991/3/1861 1992/3/1863 
f 1950/3/1977 1949/3/1976 1992/3/1863 1993/3/1655 
f 1951/3/1978 1950/3/1977 1993/3/1655 1994/3/1656 
f 1995/3/1725 1952/3/1979 1951/3/1978 1994/3/1656 
f 1996/3/1728 1953/3/1980 1952/3/1979 1995/3/1725 
f 1997/3/1865 1954/3/1981 1953/3/1980 1996/3/1728 
f 1998/3/1867 1955/3/1982 1954/3/1981 1997/3/1865 
f 1999/3/1869 1956/3/1983 1955/3/1982 1998/3/1867 
f 2000/3/1871 1957/3/1984 1956/3/1983 1999/3/1869 
f 2001/3/1874 1958/3/1985 1957/3/1984 2000/3/1871 
f 2001/3/1874 2002/3/1876 1959/3/1986 1958/3/1985 
f 2002/3/1876 1715/3/1730 1960/3/1987 1959/3/1986 
f 1715/3/1730 1714/3/1699 1961/3/1988 1960/3/1987 
f 1714/3/1699 1718/3/1752 1962/3/1989 1961/3/1988 
f 1718/3/1752 1720/3/1552 1963/3/1990 1962/3/1989 
f 1964/3/1991 1963/3/1990 1720/3/1552 1721/3/1553 
f 1965/3/1992 1964/3/1991 1721/3/1553 1723/3/1768 
f 1966/3/1993 1965/3/1992 1723/3/1768 1725/3/1770 
f 1967/3/1994 1966/3/1993 1725/3/1770 1727/3/1772 
f 1968/3/1995 1967/3/1994 1727/3/1772 1729/3/1774 
f 1969/3/1996 1968/3/1995 1729/3/1774 1731/3/1776 
f 1970/3/1997 1969/3/1996 1731/3/1776 1733/3/1778 
f 1971/3/1998 1970/3/1997 1733/3/1778 1735/3/1780 
f 1972/3/1999 1971/3/1998 1735/3/1780 1737/3/1691 
f 1973/3/2000 1972/3/1999 1737/3/1691 1740/3/1692 
f 1973/3/2000 1740/3/1692 1742/3/1711 1974/3/2001 
f 1974/3/2001 1742/3/1711 1744/3/1712 1975/3/2002 
f 1975/3/2002 1744/3/1712 1746/3/1788 1976/3/2003 
f 1976/3/2003 1746/3/1788 1748/3/1790 1977/3/2004 
f 1977/3/2004 1748/3/1790 1750/3/1792 1978/3/2005 
f 1978/3/2005 1750/3/1792 1753/3/1795 1979/3/2006 
f 1980/3/2007 1979/3/2006 1753/3/1795 1755/3/1797 
f 1981/3/2008 1980/3/2007 1755/3/1797 1757/3/1799 
f 1982/3/2009 1981/3/2008 1757/3/1799 1759/3/1801 
f 1983/3/2010 1982/3/2009 1759/3/1801 1761/3/1710 
f 1984/3/2011 1983/3/2010 1761/3/1710 1763/3/1707 
f 1985/3/2012 1984/3/2011 1763/3/1707 1765/3/1564 
f 1986/3/2013 1985/3/2012 1765/3/1564 1766/3/1563 
f 1987/3/2014 1986/3/2013 1766/3/1563 1768/3/1806 
f 1988/3/2015 1987/3/2014 1768/3/1806 1770/3/1808 
f 1989/3/2016 1988/3/2015 1770/3/1808 1772/3/1810 
f 1947/3/1974 1989/3/2016 1772/3/1810 1774/3/1604 
f 1990/3/1858 1774/3/1604 1775/3/1812 1777/3/1814 
f 1991/3/1861 1990/3/1858 1777/3/1814 1780/3/1817 
f 1992/3/1863 1991/3/1861 1780/3/1817 1782/3/1819 
f 1993/3/1655 1992/3/1863 1782/3/1819 1784/3/1821 
f 1994/3/1656 1993/3/1655 1784/3/1821 1786/3/1823 
f 1786/3/1823 1788/3/1825 1995/3/1725 1994/3/1656 
f 1788/3/1825 1790/3/1827 1996/3/1728 1995/3/1725 
f 1790/3/1827 1792/3/1829 1997/3/1865 1996/3/1728 
f 1792/3/1829 1794/3/1831 1998/3/1867 1997/3/1865 
f 1794/3/1831 1796/3/1833 1999/3/1869 1998/3/1867 
f 1796/3/1833 1798/3/1835 2000/3/1871 1999/3/1869 
f 1799/3/1836 2001/3/1874 2000/3/1871 1798/3/1835 
f 2003/3/2017 2002/3/1876 2001/3/1874 1799/3/1836 
f 2003/3/2017 1799/3/1836 1800/3/1837 2004/3/2018 
f 1716/3/1764 2003/3/2017 2004/3/2018 2005/3/2019 
f 1713/3/1763 1716/3/1764 2005/3/2019 2006/3/2020 
f 1717/3/1765 1713/3/1763 2006/3/2020 2007/3/2021 
f 1719/3/1766 1717/3/1765 2007/3/2021 2008/3/2022 
f 1716/3/1764 1715/3/1730 2002/3/1876 2003/3/2017 
f 1722/3/1767 1719/3/1766 2008/3/2022 2009/3/2023 
f 1724/3/1769 1722/3/1767 2009/3/2023 2010/3/2024 
f 1726/3/1771 1724/3/1769 2010/3/2024 2011/3/2025 
f 1728/3/1773 1726/3/1771 2011/3/2025 2012/3/2026 
f 1728/3/1773 2012/3/2026 2013/3/2027 1730/3/1775 
f 1730/3/1775 2013/3/2027 2014/3/2028 1732/3/1777 
f 1732/3/1777 2014/3/2028 2015/3/2029 1734/3/1779 
f 1734/3/1779 2015/3/2029 2016/3/2030 1736/3/1781 
f 1736/3/1781 2016/3/2030 2017/3/2031 1738/3/1782 
f 1844/3/1872 1681/3/1712 1680/3/1711 1809/3/1842 
f 1738/3/1782 2017/3/2031 2018/3/2032 1741/3/1785 
f 1741/3/1785 2018/3/2032 2019/3/2033 1743/3/1786 
f 1743/3/1786 2019/3/2033 2020/3/2034 1745/3/1787 
f 1745/3/1787 2020/3/2034 2021/3/2035 1747/3/1789 
f 1747/3/1789 2021/3/2035 2022/3/2036 1749/3/1791 
f 1749/3/1791 2022/3/2036 2023/3/2037 1751/3/1793 
f 1751/3/1793 2023/3/2037 2024/3/2038 1752/3/1794 
f 2024/3/2038 2025/3/2039 1754/3/1796 1752/3/1794 
f 2025/3/2039 2026/3/2040 1756/3/1798 1754/3/1796 
f 2026/3/2040 2027/3/2041 1758/3/1800 1756/3/1798 
f 2027/3/2041 2028/3/2042 1760/3/1802 1758/3/1800 
f 2028/3/2042 2029/3/2043 1762/3/1803 1760/3/1802 
f 2029/3/2043 2030/3/2044 1764/3/1804 1762/3/1803 
f 2030/3/2044 2031/3/2045 1767/3/1805 1764/3/1804 
f 2031/3/2045 2032/3/2046 1769/3/1807 1767/3/1805 
f 2032/3/2046 2033/3/2047 1771/3/1809 1769/3/1807 
f 2033/3/2047 2034/3/2048 1773/3/1811 1771/3/1809 
f 2034/3/2048 1778/3/1815 1775/3/1812 1773/3/1811 
f 2023/3/2037 2022/3/2036 2025/3/2039 2024/3/2038 
f 2025/3/2039 2022/3/2036 2035/3/2049 2036/3/2050 
f 2035/3/2049 2022/3/2036 2021/3/2035 2037/3/2051 
f 2037/3/2051 2021/3/2035 2020/3/2034 2038/3/2052 
f 2038/3/2052 2020/3/2034 2019/3/2033 2039/3/2053 
f 2039/3/2053 2019/3/2033 2018/3/2032 2040/3/2054 
f 2040/3/2054 2018/3/2032 2017/3/2031 2041/3/2055 
f 2041/3/2055 2017/3/2031 2016/3/2030 2042/3/2056 
f 2042/3/2056 2016/3/2030 2015/3/2029 2043/3/2057 
f 2043/3/2057 2015/3/2029 2014/3/2028 2044/3/2058 
f 2044/3/2058 2014/3/2028 2013/3/2027 2045/3/2059 
f 2045/3/2059 2013/3/2027 2012/3/2026 1700/3/1742 
f 1700/3/1742 2012/3/2026 2046/3/2060 1699/3/1739 
f 2046/3/2060 2012/3/2026 2011/3/2025 2047/3/2061 
f 2047/3/2061 2011/3/2025 2010/3/2024 2048/3/2062 
f 2048/3/2062 2010/3/2024 2009/3/2023 2049/3/2063 
f 2049/3/2063 2009/3/2023 2008/3/2022 2050/3/2064 
f 2050/3/2064 2008/3/2022 2007/3/2021 2051/3/2065 
f 2051/3/2065 2007/3/2021 2006/3/2020 2052/3/2066 
f 2052/3/2066 2006/3/2020 2005/3/2019 2053/3/2067 
f 2053/3/2067 2005/3/2019 2004/3/2018 2054/3/2068 
f 2054/3/2068 2004/3/2018 1800/3/1837 2055/3/2069 
f 2036/3/2050 2056/3/2070 2026/3/2040 2025/3/2039 
f 2026/3/2040 2056/3/2070 2057/3/2071 2027/3/2041 
f 2027/3/2041 2057/3/2071 1652/3/1674 2028/3/2042 
f 2028/3/2042 1652/3/1674 1653/3/1675 2029/3/2043 
f 2029/3/2043 1653/3/1675 2058/3/2072 2030/3/2044 
f 2030/3/2044 2058/3/2072 2059/3/2073 2031/3/2045 
f 2031/3/2045 2059/3/2073 2060/3/2074 2032/3/2046 
f 2032/3/2046 2060/3/2074 2061/3/2075 2033/3/2047 
f 2033/3/2047 2061/3/2075 2062/3/2076 2034/3/2048 
f 2034/3/2048 2062/3/2076 2063/3/2077 1778/3/1815 
f 1778/3/1815 2063/3/2077 2064/3/2078 2065/3/2079 
f 1778/3/1815 2065/3/2079 2066/3/2080 1776/3/1813 
f 1776/3/1813 2066/3/2080 2067/3/2081 1779/3/1816 
f 1779/3/1816 2067/3/2081 2068/3/2082 1781/3/1818 
f 1781/3/1818 2068/3/2082 2069/3/2083 1783/3/1820 
f 1783/3/1820 2069/3/2083 2070/3/2084 1785/3/1822 
f 1785/3/1822 2070/3/2084 2071/3/2085 1787/3/1824 
f 1787/3/1824 2071/3/2085 2072/3/2086 1789/3/1826 
f 1789/3/1826 2072/3/2086 2073/3/2087 1791/3/1828 
f 1791/3/1828 2073/3/2087 2074/3/2088 1793/3/1830 
f 1793/3/1830 2074/3/2088 2055/3/2069 1795/3/1832 
f 1795/3/1832 2055/3/2069 1800/3/1837 1797/3/1834 
f 1655/3/1677 1668/3/1699 1707/3/1752 2075/3/2089 
f 2076/3/2090 2065/3/2079 2064/3/2078 2077/3/2091 
f 2078/3/2092 2066/3/2080 2065/3/2079 2076/3/2090 
f 2079/3/2093 2067/3/2081 2066/3/2080 2078/3/2092 
f 1664/3/1694 2068/3/2082 2067/3/2081 2079/3/2093 
f 1663/3/1693 2069/3/2083 2068/3/2082 1664/3/1694 
f 1683/3/1714 2070/3/2084 2069/3/2083 1663/3/1693 
f 1682/3/1713 2071/3/2085 2070/3/2084 1683/3/1714 
f 2080/3/2094 1595/3/1623 1617/3/2095 
f 1595/3/1623 2080/3/2094 1596/3/1623 
f 1570/3/1724 1569/3/1623 2071/3/2085 1682/3/1713 
f 2071/3/2085 1569/3/1623 1592/3/1623 
f 2071/3/2085 1592/3/1623 1591/3/1623 
f 2071/3/2085 1591/3/1623 2072/3/2086 
f 2072/3/2086 1591/3/1623 1596/3/1623 
f 2072/3/2086 1596/3/1623 2080/3/2094 
f 2081/3/2096 2073/3/2087 2072/3/2086 2080/3/2094 
f 2082/3/2097 2074/3/2088 2073/3/2087 2081/3/2096 
f 2083/3/2098 2055/3/2069 2074/3/2088 2082/3/2097 
f 2054/3/2068 2055/3/2069 2083/3/2098 2084/3/2099 
f 2053/3/2067 2054/3/2068 2084/3/2099 2085/3/2100 
f 2052/3/2066 2053/3/2067 2085/3/2100 2086/3/2101 
f 1704/3/1747 1622/3/1633 1623/3/1634 1646/3/1748 
f 2051/3/2065 2052/3/2066 2086/3/2101 1678/3/1709 
f 2050/3/2064 2051/3/2065 1678/3/1709 1677/3/1708 
f 2049/3/2063 2050/3/2064 1677/3/1708 1671/3/1705 
f 2048/3/2062 2049/3/2063 1671/3/1705 1670/3/1704 
f 2047/3/2061 2048/3/2062 1670/3/1704 2087/3/2102 
f 2046/3/2060 2047/3/2061 2087/3/2102 2088/3/2103 
f 1699/3/1739 2046/3/2060 2088/3/2103 1701/3/1743 
f 1688/3/1741 1545/3/1740 1601/3/1606 1600/3/1605 
f 1601/3/1606 1545/3/1740 1548/3/1740 
f 1700/3/1742 1636/3/2104 2089/3/2105 2045/3/2059 
f 2089/3/2105 1636/3/2104 1616/3/2104 
f 2089/3/2105 1616/3/2104 1613/3/2106 
f 1636/3/2104 1700/3/1742 1688/3/1741 
f 2045/3/2059 2089/3/2105 2090/3/2107 2044/3/2058 
f 2044/3/2058 2090/3/2107 2091/3/2108 2043/3/2057 
f 2043/3/2057 2091/3/2108 1643/3/1658 2042/3/2056 
f 2042/3/2056 1643/3/1658 1642/3/1657 2041/3/2055 
f 2041/3/2055 1642/3/1657 1706/3/1751 2040/3/2054 
f 2040/3/2054 1706/3/1751 1705/3/1750 2039/3/2053 
f 2039/3/2053 1705/3/1750 2092/3/2109 2038/3/2052 
f 2038/3/2052 2092/3/2109 2093/3/2110 2037/3/2051 
f 2037/3/2051 2093/3/2110 2094/3/2111 2035/3/2049 
f 2035/3/2049 2094/3/2111 2095/3/2112 2036/3/2050 
f 2095/3/2112 2096/3/2113 2056/3/2070 2036/3/2050 
f 2096/3/2113 2097/3/2114 2057/3/2071 2056/3/2070 
f 2097/3/2114 1651/3/1671 1652/3/1674 2057/3/2071 
f 1607/3/1672 1623/3/1672 1646/3/1672 
f 1623/3/1672 1607/3/1672 1605/3/1672 
f 1605/3/1672 1607/3/1672 1608/3/1738 
f 1605/3/1672 1608/3/1738 1654/3/1737 
f 1605/3/1672 1654/3/1737 1604/3/1672 
f 1655/3/1677 2075/3/2089 2058/3/2072 1653/3/1675 
f 2075/3/2089 1552/3/1555 2059/3/2073 2058/3/2072 
f 1552/3/1555 1551/3/1554 2060/3/2074 2059/3/2073 
f 1551/3/1554 2098/3/2115 2061/3/2075 2060/3/2074 
f 2098/3/2115 2099/3/2116 2062/3/2076 2061/3/2075 
f 2099/3/2116 2100/3/2117 2063/3/2077 2062/3/2076 
f 2100/3/2117 2077/3/2091 2064/3/2078 2063/3/2077 
f 1804/3/1774 1803/3/1776 2076/3/2090 2077/3/2091 
f 1803/3/1776 1806/3/1778 2078/3/2092 2076/3/2090 
f 1806/3/1778 1808/3/1780 2079/3/2093 2078/3/2092 
f 1808/3/1780 1661/3/1691 1664/3/1694 2079/3/2093 
f 1662/3/1692 1680/3/1711 1683/3/1714 1663/3/1693 
f 1811/3/1788 2080/3/2094 1633/3/1703 1632/3/1723 
f 2080/3/2094 1617/3/2095 1633/3/1703 
f 1811/3/1788 1813/3/1790 2081/3/2096 2080/3/2094 
f 1813/3/1790 1815/3/1792 2082/3/2097 2081/3/2096 
f 1815/3/1792 1817/3/1795 2083/3/2098 2082/3/2097 
f 1819/3/1797 2084/3/2099 2083/3/2098 1817/3/1795 
f 1821/3/1799 2085/3/2100 2084/3/2099 1819/3/1797 
f 1823/3/1801 2086/3/2101 2085/3/2100 1821/3/1799 
f 1679/3/1710 1678/3/1709 2086/3/2101 1823/3/1801 
f 1611/3/1616 1624/3/2118 1656/3/1679 1609/3/1614 
f 1656/3/1679 1624/3/2118 1626/3/1678 
f 1563/3/1564 1671/3/1705 1677/3/1708 1676/3/1707 
f 1688/3/1720 1710/3/1757 2101/3/1720 
f 1710/3/1757 1688/3/1720 1545/3/1758 
f 1562/3/1563 1825/3/1806 2087/3/2102 1670/3/1704 
f 1825/3/1806 1827/3/1808 2088/3/2103 2087/3/2102 
f 1827/3/1808 1829/3/1810 1701/3/1743 2088/3/2103 
f 1701/3/1743 1829/3/1810 1598/3/1603 1601/3/1744 
f 1598/3/1603 1829/3/1810 1602/3/1854 
f 1612/3/2119 1831/3/1858 2089/3/2105 1613/3/2106 
f 1831/3/1858 1612/3/2119 1628/3/1856 
f 1831/3/1858 1833/3/1861 2090/3/2107 2089/3/2105 
f 1833/3/1861 1835/3/1863 2091/3/2108 2090/3/2107 
f 1835/3/1863 1640/3/1655 1643/3/1658 2091/3/2108 
f 1625/3/2120 1666/3/1697 1665/3/1696 
f 1666/3/1697 1625/3/2120 1586/3/2121 
f 1666/3/1697 1586/3/2121 1672/3/2122 
f 1706/3/1751 1642/3/1657 1641/3/1656 1690/3/1725 
f 2092/3/2109 1705/3/1750 1693/3/1728 1837/3/1865 
f 1621/3/1632 2102/3/2123 1620/3/1630 
f 2102/3/2123 1621/3/1632 1557/3/2124 
f 2102/3/2123 1557/3/2124 1559/3/2125 
f 2093/3/2110 2092/3/2109 1837/3/1865 1839/3/1867 
f 2094/3/2111 2093/3/2110 1839/3/1867 1841/3/1869 
f 2094/3/2111 1841/3/1869 1843/3/1871 2095/3/2112 
f 2095/3/2112 1843/3/1871 1845/3/1874 2096/3/2113 
f 2096/3/2113 1845/3/1874 1847/3/1876 2097/3/2114 
f 2102/3/2123 1555/3/2126 1554/3/1580 1581/3/1580 
f 1555/3/2126 2102/3/2123 1559/3/2125 
f 2097/3/2114 1847/3/1876 1694/3/1730 1651/3/1671 
f 1654/3/1676 1668/3/1699 1655/3/1677 
f 1668/3/1699 1654/3/1676 1665/3/1729 
f 1625/3/1701 1668/3/1699 1665/3/1729 
f 2075/3/2089 1707/3/1752 1549/3/1552 1552/3/1555 
f 1550/3/1553 1853/3/1768 2098/3/2115 1551/3/1554 
f 1853/3/1768 1855/3/1770 2099/3/2116 2098/3/2115 
f 1855/3/1770 1857/3/1772 2100/3/2117 2099/3/2116 
f 1857/3/1772 1804/3/1774 2077/3/2091 2100/3/2117 
f 2103/3/1795 1613/3/1618 1612/3/2127 
f 1613/3/1618 2103/3/1795 1616/3/1784 
f 1616/3/1784 2103/3/1795 1739/3/1783 
f 1627/3/1761 1612/3/2127 1628/3/1666 
f 1612/3/2127 1627/3/1761 1711/3/1760 2103/3/1795 
f 2104/3/2128 1557/3/2124 1621/3/2129 
f 1557/3/2124 2104/3/2128 1559/3/2130 
f 1559/3/2130 2104/3/2128 2105/3/2131 
f 1598/3/2132 1621/3/2129 1602/3/1631 
f 1621/3/2129 1598/3/2132 2106/3/1871 2104/3/2128 
f 1601/3/1628 2106/3/1871 1598/3/2132 
f 2106/3/1871 1601/3/1628 1548/3/1551 
f 2106/3/1871 1548/3/1551 1547/3/1550 
f 2107/3/2133 1654/3/1695 1604/3/1609 1603/3/1608 
f 1654/3/1695 2107/3/2133 1665/3/2134 
f 1587/3/1590 1665/3/2134 2107/3/2133 
f 1665/3/2134 1587/3/1590 1625/3/2120 
f 1625/3/2120 1587/3/1590 1586/3/1589 
f 1672/3/2122 1586/3/2121 1564/3/2135 1673/3/2136 
f 1564/3/2135 1586/3/2121 1568/3/1586 
f 1673/3/2136 1567/3/2137 1675/3/1591 
f 1567/3/2137 1673/3/2136 1564/3/2135 
f 1675/3/1591 1566/3/1654 1639/3/1651 
f 1566/3/1654 1675/3/1591 1567/3/2137 
f 1645/3/1662 1624/3/2118 1611/3/1660 
f 1624/3/2118 1645/3/1662 1626/3/1653 
f 1626/3/1653 1645/3/1662 1638/3/1650 
f 1632/3/1644 1659/3/1687 1633/3/1686 
f 1659/3/1687 1632/3/1644 1635/3/2138 
f 1659/3/1687 1635/3/2138 2108/3/2139 
f 1575/3/2140 2109/3/2141 1580/3/2142 
f 2109/3/2141 1575/3/2140 2110/3/1575 
f 1709/3/1756 1575/3/2140 1574/3/1754 
f 1575/3/2140 1709/3/1756 2110/3/1575 
f 1685/3/2143 1577/3/1576 2111/3/2144 
f 1577/3/1576 1685/3/2143 1579/3/1755 
f 1577/3/1576 1579/3/1755 1574/3/1573 
f 1573/3/1572 1669/3/1717 2111/3/2144 1571/3/1570 
f 2111/3/2144 1669/3/1717 1685/3/2143 
f 2112/3/2145 1570/3/1569 1569/3/2146 
f 1570/3/1569 2112/3/2145 1573/3/1718 
f 1573/3/1718 2112/3/2145 1684/3/1715 
f 1650/3/1669 1569/3/2146 1592/3/1670 
f 1569/3/2146 1650/3/1669 2112/3/2145 
f 2112/3/2147 1650/3/2147 1686/3/2147 1684/3/2147 
f 1686/3/2147 1650/3/2147 1649/3/2147 1709/3/2147 
f 1709/3/2147 1649/3/2147 1657/3/2147 2110/3/2147 
f 2110/3/2147 1657/3/2147 1658/3/2147 2109/3/2147 
f 2109/3/2147 1658/3/2147 1659/3/2147 2108/3/2147 
f 1689/3/1556 1739/3/1556 1546/3/1556 1687/3/1556 
f 1546/3/1556 1739/3/1556 2103/3/1556 1547/3/1556 
f 1547/3/1556 2103/3/1556 1711/3/1556 2106/3/1556 
f 2106/3/1556 1711/3/1556 1712/3/1556 2104/3/1556 
f 2104/3/1556 1712/3/1556 1553/3/1556 2105/3/1556 
f 2105/3/1556 1553/3/1556 1556/3/1556 
f 1555/3/1556 2105/3/1556 1556/3/1556 
f 1546/3/1549 1688/3/1720 1687/3/1720 
f 1688/3/1720 1546/3/1549 1545/3/1548 
f 1688/3/1720 2101/3/1720 1637/3/1649 1636/3/1648 
f 1616/3/2104 1600/3/1605 1613/3/2148 
f 1600/3/1605 1616/3/2104 1636/3/2104 
f 1600/3/1605 1636/3/2104 1688/3/1741 
f 1600/3/1605 1612/3/2119 1613/3/2148 
f 1612/3/2119 1600/3/1605 1599/3/1604 
f 1612/3/2119 1599/3/1604 1628/3/1638 
f 1634/3/1646 1595/3/1600 1594/3/1599 
f 1595/3/1600 1634/3/1646 1617/3/1685 
f 1617/3/1685 1634/3/1646 1633/3/1645 
f 1850/3/1880 1851/3/1881 1550/3/1553 1549/3/1552 
f 2105/3/2131 1555/3/2126 1559/3/2130 
f 1578/3/1689 2108/3/2139 1635/3/2138 
f 2108/3/2139 1578/3/1689 2109/3/2141 
f 2109/3/2141 1578/3/1689 1580/3/2142 
# 512 polygons - 182 triangles

#
# object EeroAArnio_Globe_Ball_001
#

v  -3.1028 0.5205 18.9842
v  -3.0180 0.5612 18.8910
v  -2.9215 0.4911 18.9514
v  -3.0096 0.4527 19.0426
v  -3.1736 0.5059 19.0952
v  -3.0899 0.4451 19.1475
v  -3.2606 0.6200 19.4560
v  -3.2553 0.5575 19.3394
v  -3.2066 0.5221 19.3699
v  -3.2350 0.6014 19.4721
v  -3.2420 0.7029 19.5579
v  -3.2841 0.6450 19.4464
v  -3.2412 0.7020 19.5582
v  -3.2397 0.7055 19.5612
v  -2.7465 0.6477 18.8339
v  -2.8302 0.7085 18.7815
v  -2.8336 0.7185 18.8050
v  -2.7541 0.6607 18.8547
v  -2.8318 0.5576 18.8802
v  -2.9250 0.6253 18.8219
v  -3.1063 0.6550 18.8550
v  -3.0103 0.7159 18.7870
v  -3.1881 0.6111 18.9494
v  -3.2502 0.5872 19.0640
v  -3.2257 0.5185 19.2164
v  -3.2883 0.5851 19.1908
v  -3.2999 0.6048 19.3212
v  -3.0817 0.8232 18.7781
v  -2.9708 0.8861 18.7422
v  -2.9067 0.7898 18.7503
v  -3.2348 0.8866 18.8639
v  -3.1345 0.9398 18.7956
v  -3.1802 0.7660 18.8457
v  -3.1572 0.4687 19.2592
v  -2.9063 0.7957 18.7753
v  -3.2595 0.7183 18.9405
v  -2.5000 1.1210 19.4303
v  -2.5609 1.2124 19.4226
v  -2.5431 1.2286 19.4318
v  -2.4790 1.1323 19.4398
v  -2.6052 1.2047 19.5463
v  -2.5337 1.0975 19.5553
v  -2.4810 0.9809 19.5377
v  -2.6131 1.0498 19.6500
v  -2.5584 0.9291 19.6319
v  -2.7115 0.9926 19.7176
v  -2.6588 0.8760 19.7001
v  -2.8224 0.9297 19.7535
v  -2.7751 0.8250 19.7378
v  -2.9382 0.8654 19.7551
v  -2.8994 0.7797 19.7423
v  -3.0510 0.8041 19.7225
v  -3.0234 0.7431 19.7133
v  -3.1530 0.7499 19.6577
v  -3.1385 0.7178 19.6529
v  -3.2374 0.7066 19.5653
v  -3.2369 0.7055 19.5651
v  -3.2403 0.7014 19.5588
v  -2.8786 1.4034 19.3753
v  -2.9686 1.4135 19.2833
v  -3.0631 1.3769 19.3685
v  -2.9699 1.3665 19.4638
v  -3.1464 1.3087 19.4457
v  -3.0563 1.2985 19.5377
v  -3.2128 1.2134 19.5094
v  -3.1319 1.2043 19.5920
v  -3.2577 1.0976 19.5553
v  -3.1915 1.0901 19.6230
v  -3.2781 0.9691 19.5804
v  -3.2311 0.9639 19.6285
v  -3.2726 0.8368 19.5829
v  -3.2479 0.8340 19.6082
v  -3.2416 0.7097 19.5627
v  -3.2408 0.7096 19.5636
v  -2.7940 1.3818 19.2769
v  -2.8708 1.3905 19.1984
v  -2.8693 1.4160 19.1957
v  -2.7885 1.4069 19.2783
v  -2.7837 1.3631 19.4532
v  -2.8717 1.3247 19.5444
v  -2.9615 1.2582 19.6156
v  -3.0468 1.1681 19.6619
v  -3.1218 1.0605 19.6801
v  -3.1815 0.9428 19.6692
v  -3.2218 0.8230 19.6297
v  -3.2398 0.7092 19.5643
v  -2.7131 1.3474 19.3432
v  -2.7033 1.3707 19.3482
v  -2.6904 1.2953 19.5115
v  -2.7752 1.2546 19.6047
v  -2.8682 1.1904 19.6739
v  -2.9631 1.1073 19.7142
v  -3.0533 1.0107 19.7230
v  -3.1328 0.9074 19.6996
v  -3.1961 0.8043 19.6457
v  -3.2389 0.7085 19.5649
v  -2.6336 1.2897 19.3930
v  -2.6196 1.3099 19.4005
v  -2.6870 1.1608 19.6408
v  -2.7830 1.0998 19.7087
v  -2.8865 1.0259 19.7455
v  -2.9907 0.9442 19.7486
v  -3.0883 0.8601 19.7178
v  -3.1727 0.7794 19.6553
v  -3.2381 0.7076 19.5652
v  -3.0182 0.9908 18.7580
v  -3.0456 1.0967 18.7964
v  -3.0382 1.0872 18.8191
v  -3.0122 0.9866 18.7826
v  -3.1650 1.0578 18.8385
v  -3.2728 1.1240 18.9756
v  -3.1712 1.1692 18.9036
v  -3.2664 1.0088 18.9082
v  -3.3489 1.0643 19.0660
v  -3.3428 0.9529 19.0008
v  -3.3946 0.9940 19.1686
v  -3.3890 0.8941 19.1101
v  -3.4065 0.9180 19.2764
v  -3.4020 0.8362 19.2285
v  -3.3839 0.8415 19.3821
v  -3.3807 0.7833 19.3481
v  -3.3266 0.7390 19.4606
v  -3.3283 0.7696 19.4785
v  -3.2435 0.7062 19.5584
v  -3.2436 0.7073 19.5590
v  -3.0511 1.1966 18.8549
v  -3.0435 1.1821 18.8747
v  -3.2535 1.2245 19.0617
v  -3.1526 1.2663 18.9868
v  -3.3303 1.1614 19.1491
v  -3.3779 1.0812 19.2432
v  -3.3928 0.9894 19.3375
v  -3.3742 0.8922 19.4255
v  -3.3232 0.7963 19.5014
v  -3.2434 0.7082 19.5598
v  -3.0344 1.2838 18.9295
v  -3.0276 1.2649 18.9456
v  -3.1104 1.3426 19.0821
v  -3.2099 1.3035 19.1604
v  -3.2882 1.2377 19.2445
v  -3.3401 1.1497 19.3288
v  -3.3619 1.0454 19.4076
v  -3.3522 0.9321 19.4754
v  -3.3116 0.8173 19.5276
v  -3.2430 0.7090 19.5607
v  -2.9966 1.3523 19.0151
v  -2.9917 1.3299 19.0269
v  -3.0477 1.3928 19.1833
v  -3.1450 1.3555 19.2650
v  -3.2255 1.2879 19.3456
v  -3.2837 1.1947 19.4196
v  -3.3158 1.0823 19.4819
v  -3.3194 0.9583 19.5282
v  -3.2944 0.8311 19.5554
v  -3.2424 0.7095 19.5617
v  -2.9403 1.3974 19.1059
v  -2.9382 1.3728 19.1131
v  -2.9672 0.8871 18.7677
v  -3.2432 0.7051 19.5579
v  -3.3182 0.7065 19.4488
v  -3.3037 0.6745 19.4440
v  -3.2427 0.7040 19.5578
v  -3.3123 0.8349 18.9580
v  -3.3617 0.7882 19.0717
v  -3.3795 0.7495 19.1971
v  -3.3647 0.7217 19.3257
v  -3.3143 0.6835 19.0559
v  -3.3408 0.6639 19.1842
v  -3.3372 0.6608 19.3166
v  -2.4550 1.0216 19.4153
v  -2.4316 1.0276 19.4241
v  -2.4505 0.8629 19.4949
v  -2.5269 0.8070 19.5876
v  -2.6282 0.7580 19.6573
v  -2.7477 0.7191 19.6993
v  -2.8770 0.6930 19.7108
v  -3.0075 0.6815 19.6910
v  -3.1301 0.6854 19.6411
v  -3.2366 0.7043 19.5647
v  -2.4290 0.9210 19.3788
v  -2.4042 0.9217 19.3856
v  -2.4443 0.7515 19.4297
v  -2.5205 0.6918 19.5201
v  -2.6221 0.6466 19.5921
v  -2.7421 0.6192 19.6408
v  -2.8725 0.6112 19.6629
v  -3.0042 0.6234 19.6569
v  -3.1284 0.6547 19.6232
v  -3.2366 0.7033 19.5641
v  -2.3987 0.8218 19.3271
v  -2.4238 0.8260 19.3232
v  -2.4629 0.6544 19.3466
v  -2.5398 0.5913 19.4341
v  -2.6407 0.5495 19.5090
v  -2.7589 0.5320 19.5662
v  -2.8862 0.5399 19.6019
v  -3.0140 0.5726 19.6135
v  -3.1335 0.6280 19.6003
v  -3.2367 0.7023 19.5633
v  -2.4154 0.7346 19.2525
v  -2.4396 0.7432 19.2524
v  -2.5050 0.5781 19.2512
v  -2.5833 0.5123 19.3354
v  -2.6828 0.4732 19.4136
v  -2.7966 0.4635 19.4806
v  -2.9171 0.4838 19.5318
v  -3.0360 0.5328 19.5637
v  -3.1451 0.6071 19.5741
v  -3.2371 0.7016 19.5624
v  -2.4532 0.6661 19.1669
v  -2.4755 0.6782 19.1711
v  -2.6483 0.4603 19.2307
v  -2.5678 0.5279 19.1501
v  -2.7455 0.4230 19.3125
v  -2.8530 0.4184 19.3898
v  -2.9632 0.4469 19.4575
v  -3.0687 0.5065 19.5109
v  -3.1624 0.5932 19.5463
v  -3.2378 0.7011 19.5614
v  -2.5095 0.6210 19.0761
v  -2.5290 0.6354 19.0848
v  -2.7301 0.4388 19.1272
v  -2.6469 0.5071 19.0501
v  -2.8246 0.4022 19.2125
v  -2.9240 0.3998 19.3001
v  -3.0213 0.4317 19.3840
v  -3.1100 0.4957 19.4586
v  -3.1841 0.5875 19.5188
v  -3.2385 0.7009 19.5604
v  -2.5805 0.6024 18.9864
v  -2.5964 0.6177 18.9996
v  -2.8233 0.4493 19.0319
v  -2.7369 0.5172 18.9580
v  -2.9147 0.4124 19.1204
v  -3.0048 0.4089 19.2174
v  -3.0875 0.4391 19.3164
v  -3.1571 0.5010 19.4105
v  -3.2089 0.5903 19.4935
v  -3.2394 0.7010 19.5595
v  -2.6613 0.6115 18.9037
v  -2.6732 0.6263 18.9211
v  -2.9375 0.2834 19.3813
v  -2.9023 0.2834 19.3860
v  -2.9023 0.2655 19.4122
v  -2.9443 0.2655 19.4067
v  -2.9023 0.4157 19.2498
v  -2.8824 0.3909 19.2498
v  -2.8831 0.3909 19.2549
v  -2.8590 0.3229 19.3247
v  -2.8411 0.3229 19.3109
v  -2.8239 0.3025 19.3282
v  -2.8468 0.3025 19.3458
v  -2.8310 0.2075 19.5157
v  -2.7646 0.2075 19.4882
v  -2.7497 0.1965 19.5140
v  -2.8233 0.1965 19.5445
v  -2.6646 0.2199 19.1861
v  -2.6364 0.2075 19.1785
v  -2.6270 0.2075 19.2498
v  -2.6562 0.2199 19.2498
v  -2.8733 0.3671 19.2208
v  -2.8576 0.3445 19.2051
v  -2.8476 0.3445 19.2181
v  -2.8668 0.3671 19.2293
v  -2.9129 0.3671 19.2893
v  -2.9023 0.3671 19.2907
v  -2.9023 0.3445 19.3130
v  -2.9186 0.3445 19.3108
v  -3.0592 0.2655 19.2077
v  -3.0339 0.2834 19.2145
v  -3.0385 0.2834 19.2498
v  -3.0648 0.2655 19.2498
v  -2.8627 0.3671 19.2391
v  -2.8412 0.3445 19.2334
v  -2.8391 0.3445 19.2498
v  -2.8613 0.3671 19.2498
v  -2.8799 0.3229 19.1662
v  -2.8590 0.3229 19.1748
v  -2.8707 0.3445 19.1950
v  -2.8859 0.3445 19.1887
v  -2.9470 0.3445 19.2944
v  -2.9313 0.3671 19.2787
v  -2.9228 0.3671 19.2852
v  -2.9339 0.3445 19.3045
v  -2.7646 0.2075 19.0113
v  -2.7497 0.1965 18.9855
v  -2.6865 0.1965 19.0340
v  -2.7076 0.2075 19.0551
v  -2.9195 0.3909 19.2398
v  -2.9163 0.3909 19.2357
v  -2.8818 0.3671 19.2852
v  -2.8733 0.3671 19.2787
v  -2.8576 0.3445 19.2944
v  -2.8707 0.3445 19.3045
v  -2.9247 0.3229 19.1662
v  -2.9023 0.3229 19.1632
v  -2.9023 0.3445 19.1865
v  -2.9186 0.3445 19.1887
v  -2.9310 0.3025 19.1426
v  -2.9023 0.3025 19.1389
v  -2.6923 0.2337 19.1935
v  -2.6848 0.2337 19.2498
v  -2.6076 0.1965 19.1708
v  -2.5972 0.1965 19.2498
v  -2.8851 0.3909 19.2398
v  -2.8882 0.3909 19.2357
v  -2.9807 0.3025 19.3282
v  -2.9635 0.3229 19.3109
v  -2.9455 0.3229 19.3247
v  -2.9577 0.3025 19.3458
v  -2.9375 0.2834 19.1182
v  -2.9023 0.2834 19.1135
v  -2.8060 0.2834 19.3461
v  -2.8342 0.2834 19.3677
v  -2.9310 0.3025 19.3569
v  -2.9023 0.3025 19.3606
v  -2.9023 0.1965 18.9446
v  -2.8233 0.1965 18.9550
v  -2.8310 0.2075 18.9838
v  -2.9023 0.2075 18.9745
v  -2.8971 0.3909 19.2690
v  -2.9023 0.3909 19.2696
v  -2.8917 0.3671 19.2893
v  -2.8859 0.3445 19.3108
v  -3.1682 0.2075 19.1785
v  -3.1399 0.2199 19.1861
v  -3.1483 0.2199 19.2498
v  -3.1776 0.2075 19.2498
v  -3.1682 0.2075 19.3210
v  -3.1399 0.2199 19.3134
v  -3.1154 0.2199 19.3728
v  -3.1407 0.2075 19.3874
v  -2.9586 0.2337 19.0397
v  -2.9023 0.2337 19.0323
v  -2.9023 0.2489 19.0602
v  -2.9513 0.2489 19.0666
v  -3.0854 0.2489 19.2007
v  -3.0918 0.2489 19.2498
v  -2.8211 0.2655 19.3904
v  -2.7874 0.2655 19.3646
v  -2.7682 0.2489 19.3838
v  -2.8075 0.2489 19.4139
v  -3.0094 0.3025 19.2211
v  -3.0132 0.3025 19.2498
v  -2.7793 0.2199 19.0367
v  -2.7283 0.2199 19.0758
v  -2.8971 0.3909 19.2305
v  -2.8917 0.3671 19.2102
v  -2.8818 0.3671 19.2143
v  -2.8923 0.3909 19.2325
v  -2.8386 0.2199 19.0121
v  -2.9023 0.2199 19.0037
v  -2.9378 0.3671 19.2293
v  -2.9313 0.3671 19.2208
v  -2.7952 0.3025 19.2211
v  -2.7707 0.2834 19.2145
v  -2.7661 0.2834 19.2498
v  -2.7914 0.3025 19.2498
v  -2.8187 0.3229 19.2274
v  -2.8158 0.3229 19.2498
v  -3.1407 0.2075 19.1121
v  -3.1154 0.2199 19.1267
v  -3.0906 0.2337 19.1410
v  -3.1123 0.2337 19.1935
v  -2.8460 0.2337 19.4598
v  -2.7936 0.2337 19.4381
v  -2.7793 0.2199 19.4628
v  -2.8386 0.2199 19.4874
v  -2.8075 0.2489 19.0856
v  -2.7936 0.2337 19.0614
v  -2.7485 0.2337 19.0960
v  -2.7682 0.2489 19.1157
v  -2.9129 0.3671 19.2102
v  -2.9023 0.3671 19.2088
v  -2.9023 0.3909 19.2299
v  -2.9074 0.3909 19.2305
v  -2.8468 0.3025 19.1537
v  -2.8342 0.2834 19.1318
v  -2.8060 0.2834 19.1534
v  -2.8239 0.3025 19.1713
v  -2.8460 0.2337 19.0397
v  -2.8532 0.2489 19.0666
v  -3.1123 0.2337 19.3060
v  -3.0854 0.2489 19.2988
v  -3.0665 0.2489 19.3445
v  -3.0906 0.2337 19.3585
v  -2.8411 0.3229 19.1886
v  -3.0253 0.2199 19.4628
v  -2.9660 0.2199 19.4874
v  -2.9735 0.2075 19.5157
v  -3.0399 0.2075 19.4882
v  -3.0665 0.2489 19.1550
v  -2.9215 0.3909 19.2446
v  -2.9222 0.3909 19.2498
v  -2.9433 0.3671 19.2498
v  -2.9419 0.3671 19.2391
v  -2.8211 0.2655 19.1091
v  -2.7874 0.2655 19.1349
v  -2.8532 0.2489 19.4329
v  -3.0592 0.2655 19.2918
v  -3.0430 0.2655 19.3310
v  -2.9633 0.3445 19.2334
v  -2.9655 0.3445 19.2498
v  -3.1197 0.2337 19.2498
v  -2.7076 0.2075 19.4444
v  -2.6865 0.1965 19.4655
v  -3.0363 0.2489 19.1157
v  -3.0172 0.2655 19.1349
v  -3.0430 0.2655 19.1685
v  -2.9023 0.3229 19.3363
v  -2.9247 0.3229 19.3333
v  -2.8670 0.2834 19.3813
v  -2.8602 0.2655 19.4067
v  -2.8412 0.3445 19.2661
v  -2.8627 0.3671 19.2604
v  -2.7707 0.2834 19.2850
v  -2.7952 0.3025 19.2784
v  -2.9888 0.3229 19.2498
v  -2.9633 0.3445 19.2661
v  -2.9859 0.3229 19.2721
v  -2.8602 0.2655 19.0928
v  -2.8670 0.2834 19.1182
v  -3.1970 0.1965 19.1708
v  -3.2074 0.1965 19.2498
v  -3.0363 0.2489 19.3838
v  -3.0172 0.2655 19.3646
v  -2.9835 0.2655 19.3904
v  -2.9971 0.2489 19.4139
v  -3.0560 0.2337 19.0960
v  -3.0969 0.2075 19.4444
v  -3.0763 0.2199 19.4237
v  -2.9986 0.2834 19.3461
v  -2.9704 0.2834 19.3677
v  -2.9074 0.3909 19.2690
v  -3.0094 0.3025 19.2784
v  -2.6639 0.2075 19.1121
v  -2.6892 0.2199 19.1267
v  -2.8882 0.3909 19.2638
v  -2.8923 0.3909 19.2670
v  -2.9735 0.2075 18.9838
v  -2.9660 0.2199 19.0121
v  -2.7140 0.2337 19.1410
v  -2.7381 0.2489 19.1550
v  -2.8476 0.3445 19.2814
v  -2.8274 0.3229 19.2930
v  -2.7616 0.2655 19.1685
v  -2.8736 0.3025 19.1426
v  -2.8187 0.3229 19.2721
v  -2.7843 0.2834 19.3179
v  -2.7616 0.2655 19.3310
v  -2.8831 0.3909 19.2446
v  -2.9513 0.2489 19.4329
v  -2.9586 0.2337 19.4598
v  -3.0110 0.2337 19.4381
v  -2.9023 0.2655 19.0873
v  -2.6639 0.2075 19.3874
v  -2.6381 0.1965 19.4023
v  -2.9215 0.3909 19.2549
v  -2.9419 0.3671 19.2604
v  -3.0560 0.2337 19.4035
v  -2.8799 0.3229 19.3333
v  -2.8736 0.3025 19.3569
v  -2.7283 0.2199 19.4237
v  -2.6892 0.2199 19.3728
v  -2.7485 0.2337 19.4035
v  -2.7140 0.2337 19.3585
v  -2.6381 0.1965 19.0972
v  -2.8063 0.3025 19.3052
v  -2.7843 0.2834 19.1816
v  -2.8063 0.3025 19.1943
v  -2.9023 0.2489 19.4393
v  -2.7381 0.2489 19.3445
v  -2.9023 0.2199 19.4958
v  -2.9023 0.2075 19.5250
v  -2.7454 0.2655 19.2077
v  -2.7398 0.2655 19.2498
v  -2.8274 0.3229 19.2065
v  -2.9859 0.3229 19.2274
v  -3.1665 0.1965 19.0972
v  -2.7192 0.2489 19.2007
v  -2.7127 0.2489 19.2498
v  -3.0339 0.2834 19.2850
v  -3.0203 0.2834 19.3179
v  -2.9813 0.1965 19.5445
v  -3.0548 0.1965 19.5140
v  -3.1970 0.1965 19.3287
v  -3.1665 0.1965 19.4023
v  -2.9443 0.2655 19.0928
v  -2.9807 0.3025 19.1713
v  -2.9635 0.3229 19.1886
v  -2.9772 0.3229 19.2065
v  -2.9983 0.3025 19.1943
v  -2.9023 0.2337 19.4672
v  -3.0203 0.2834 19.1816
v  -2.9986 0.2834 19.1534
v  -2.9023 0.1965 19.5549
v  -2.9704 0.2834 19.1318
v  -2.9577 0.3025 19.1537
v  -2.9971 0.2489 19.0856
v  -2.9835 0.2655 19.1091
v  -2.9122 0.3909 19.2325
v  -2.9455 0.3229 19.1748
v  -2.9228 0.3671 19.2143
v  -2.9339 0.3445 19.1950
v  -2.9470 0.3445 19.2051
v  -3.0110 0.2337 19.0614
v  -3.0763 0.2199 19.0758
v  -3.0969 0.2075 19.0551
v  -3.0253 0.2199 19.0367
v  -3.1180 0.1965 19.0340
v  -3.0399 0.2075 19.0113
v  -3.0548 0.1965 18.9855
v  -2.9813 0.1965 18.9550
v  -2.9570 0.3445 19.2181
v  -2.9163 0.3909 19.2638
v  -2.9122 0.3909 19.2670
v  -2.9195 0.3909 19.2597
v  -2.9378 0.3671 19.2702
v  -2.8668 0.3671 19.2702
v  -2.9772 0.3229 19.2930
v  -2.9983 0.3025 19.3052
v  -2.8851 0.3909 19.2597
v  -2.6364 0.2075 19.3210
v  -2.6076 0.1965 19.3287
v  -2.6646 0.2199 19.3134
v  -3.1180 0.1965 19.4655
v  -2.6923 0.2337 19.3060
v  -2.7454 0.2655 19.2918
v  -2.7192 0.2489 19.2988
v  -2.9570 0.3445 19.2814
v  -3.2724 0.6971 19.3058
v  -3.2960 0.7492 19.3137
v  -3.2564 0.7363 19.4186
v  -3.2439 0.7088 19.4144
v  -2.9179 0.5521 18.9948
v  -3.0002 0.6120 18.9433
v  -3.0725 0.5773 19.0227
v  -2.9929 0.5194 19.0725
v  -3.2012 1.1782 19.0889
v  -3.1640 1.2455 19.1732
v  -3.2308 1.1895 19.2449
v  -3.2667 1.1244 19.1635
v  -3.0756 0.6920 18.9125
v  -3.1387 0.7868 18.9046
v  -3.2063 0.7461 18.9854
v  -3.1453 0.6546 18.9930
v  -3.3041 0.8950 19.3990
v  -3.3199 0.9778 19.3240
v  -3.2935 1.0256 19.3838
v  -3.2853 0.9290 19.4416
v  -3.2606 0.8133 19.4636
v  -3.2507 0.8313 19.4861
v  -3.1329 0.5649 19.1173
v  -3.0614 0.5129 19.1620
v  -3.0007 0.9785 18.8299
v  -3.0241 1.0689 18.8627
v  -3.1258 1.0358 18.8985
v  -3.0998 0.9350 18.8620
v  -3.1904 0.7320 19.5118
v  -3.1889 0.7355 19.5148
v  -3.1895 0.7313 19.5124
v  -3.1853 0.8898 18.9201
v  -3.2122 0.9940 18.9579
v  -3.2773 0.9464 19.0369
v  -3.2513 0.8457 19.0003
v  -3.1311 1.1308 18.9542
v  -3.1152 1.2137 19.0251
v  -3.2177 1.0924 19.0155
v  -3.1864 0.7315 19.5160
v  -3.1870 0.7310 19.5150
v  -3.0548 0.8355 18.8470
v  -3.1858 0.7343 19.5183
v  -3.1858 0.7332 19.5177
v  -2.5664 0.6628 19.1015
v  -2.5183 0.7013 19.1790
v  -2.6847 0.5259 19.2332
v  -2.7545 0.5075 19.1449
v  -2.8351 0.4764 19.2175
v  -2.7675 0.4941 19.3029
v  -2.6160 0.5834 19.1645
v  -2.5625 0.6263 19.2509
v  -3.0288 1.1542 18.9127
v  -2.8402 0.7375 18.8500
v  -2.9210 0.6666 18.8844
v  -2.8414 0.6088 18.9341
v  -2.7687 0.6856 18.8947
v  -2.5266 0.6914 19.3323
v  -2.4861 0.7598 19.2521
v  -3.2826 1.0415 19.0925
v  -3.2934 0.8058 19.0972
v  -3.2529 0.7165 19.0837
v  -2.9603 0.8891 18.8164
v  -2.9938 0.7440 18.8546
v  -2.9055 0.8069 18.8233
v  -3.3215 0.9816 19.1799
v  -3.3167 0.8963 19.1300
v  -2.9906 0.7148 19.6259
v  -3.0042 0.7675 19.6450
v  -2.8985 0.7987 19.6697
v  -2.8794 0.7247 19.6428
v  -2.5920 0.6376 19.4068
v  -2.6292 0.5703 19.3226
v  -3.1926 0.7382 19.5134
v  -3.1922 0.7389 19.5143
v  -3.1982 0.6343 19.0906
v  -3.2755 0.6998 19.1931
v  -3.2307 0.6325 19.1987
v  -3.2405 0.6492 19.3098
v  -3.3277 0.8470 19.2309
v  -3.3086 0.7729 19.2041
v  -3.1925 0.7350 19.5116
v  -3.1920 0.7339 19.5114
v  -3.0145 1.2287 18.9763
v  -2.7787 0.5871 19.5194
v  -2.8110 0.5287 19.4463
v  -2.9136 0.5460 19.4899
v  -2.8872 0.5938 19.5498
v  -3.1414 0.6342 19.4786
v  -3.1877 0.7308 19.5140
v  -3.1227 0.6391 19.5021
v  -2.9823 1.2871 19.0494
v  -3.2650 0.7904 19.4440
v  -3.3124 0.8516 19.3619
v  -3.3072 1.0560 19.2436
v  -3.0429 0.5653 19.4719
v  -3.1079 0.6510 19.5260
v  -3.0149 0.5877 19.5171
v  -3.1928 0.7373 19.5126
v  -3.1886 0.7309 19.5131
v  -3.1626 0.6366 19.4569
v  -3.0783 0.5560 19.4273
v  -3.1185 0.5605 19.3862
v  -3.0026 0.5014 19.3637
v  -3.0591 0.5078 19.3060
v  -2.9197 0.4743 19.2922
v  -2.9887 0.4820 19.2216
v  -2.9119 0.4850 19.1389
v  -2.8341 0.5165 19.0636
v  -2.6836 0.5657 19.0792
v  -2.7604 0.5744 19.0006
v  -2.6960 0.6547 18.9543
v  -2.6270 0.6469 19.0249
v  -3.1850 0.6461 19.4385
v  -3.1608 0.5785 19.3514
v  -3.1187 0.5331 19.2571
v  -3.2025 0.6088 19.3254
v  -3.2070 0.6621 19.4247
v  -3.3316 0.9168 19.2718
v  -3.2749 1.1145 19.3167
v  -3.0793 1.2788 19.1065
v  -3.1772 0.5756 19.2205
v  -3.1913 0.7329 19.5115
v  -3.2271 0.6835 19.4165
v  -3.3096 0.8019 19.3328
v  -2.7140 0.5369 19.3892
v  -2.6780 0.6021 19.4706
v  -3.1916 0.7394 19.5153
v  -3.1909 0.7396 19.5163
v  -3.2359 0.8431 19.5100
v  -3.2173 0.8480 19.5336
v  -3.2572 0.9515 19.4868
v  -3.2219 0.9607 19.5314
v  -3.2541 1.0572 19.4473
v  -3.2045 1.0702 19.5100
v  -3.2269 1.1530 19.3942
v  -3.1662 1.1689 19.4709
v  -3.0936 0.6919 19.5681
v  -3.0951 0.7181 19.5835
v  -2.9878 0.6651 19.5968
v  -2.8755 0.6548 19.6019
v  -2.7645 0.6615 19.5831
v  -2.7692 0.7469 19.6330
v  -2.6674 0.7800 19.5972
v  -2.6622 0.6850 19.5416
v  -2.5810 0.8218 19.5378
v  -2.5756 0.7234 19.4802
v  -2.5159 0.8694 19.4589
v  -2.5107 0.7743 19.4032
v  -2.4765 0.9195 19.3657
v  -2.4718 0.8342 19.3158
v  -3.1860 0.7323 19.5169
v  -3.0980 0.6690 19.5485
v  -2.9961 0.6218 19.5597
v  -2.8591 0.4902 19.3688
v  -2.9530 0.5145 19.4265
v  -3.1928 0.7362 19.5120
v  -2.7385 0.9803 19.6487
v  -2.6546 1.0290 19.5911
v  -2.6080 0.9260 19.5756
v  -2.6935 0.8807 19.6338
v  -2.5870 1.0696 19.5104
v  -2.5420 0.9701 19.4954
v  -2.5403 1.0993 19.4120
v  -2.4999 1.0100 19.3986
v  -3.1861 0.7354 19.5188
v  -3.1023 0.7460 19.5936
v  -3.1873 0.7376 19.5188
v  -3.1866 0.7366 19.5189
v  -2.7208 1.2385 19.4730
v  -2.6604 1.2509 19.3785
v  -2.5951 1.1815 19.4051
v  -2.6480 1.1612 19.5027
v  -3.1316 0.7987 19.5956
v  -3.1147 0.7735 19.5977
v  -3.0596 0.8675 19.6489
v  -3.0277 0.8196 19.6529
v  -2.9765 0.9392 19.6751
v  -2.9317 0.8719 19.6807
v  -2.7177 1.1238 19.5832
v  -3.1882 0.7385 19.5185
v  -2.8877 1.0088 19.6724
v  -2.8330 0.9267 19.6793
v  -2.7995 1.0718 19.6411
v  -3.0977 0.9079 19.6333
v  -3.0300 0.9960 19.6532
v  -2.9531 1.0783 19.6458
v  -3.0245 1.1302 19.6011
v  -2.9518 1.2070 19.5616
v  -2.8722 1.1491 19.6114
v  -2.8754 1.2637 19.5009
v  -2.7930 1.2038 19.5525
v  -2.8003 1.2964 19.4232
v  -3.1891 0.7391 19.5179
v  -3.1737 0.8361 19.5736
v  -3.1517 0.8201 19.5874
v  -3.1393 0.9382 19.6073
v  -3.0885 1.0385 19.6166
v  -3.0257 1.3217 19.1928
v  -3.1086 1.2899 19.2625
v  -2.9342 1.3256 19.1269
v  -2.7926 0.8373 19.6659
v  -2.7319 1.3029 19.3338
v  -3.1772 1.2323 19.3312
v  -3.0972 1.1611 19.5414
v  -3.1097 1.2501 19.4166
v  -3.0328 1.2414 19.4952
v  -3.0387 1.3082 19.3509
v  -2.9592 1.2993 19.4322
v  -2.9582 1.3394 19.2782
v  -2.8813 1.3308 19.3568
v  -2.8736 1.3415 19.2036
v  -2.8046 1.3338 19.2741
v  -3.1900 0.7395 19.5172
v  -3.1960 0.8456 19.5553
v  -3.1817 0.9562 19.5725
v  -3.1480 1.0638 19.5678
v  -3.2636 0.7641 19.4287
# 747 vertices

vn 0.2449 -0.7567 -0.6062
vn 0.4849 -0.6770 -0.5537
vn 0.4771 -0.8139 -0.3316
vn 0.2373 -0.8890 -0.3915
vn -0.0116 -0.7859 -0.6183
vn -0.0185 -0.9049 -0.4253
vn -0.7113 -0.5667 -0.4158
vn -0.5063 -0.6879 -0.5200
vn -0.5103 -0.7575 -0.4072
vn -0.7134 -0.6035 -0.3561
vn -0.8689 -0.4047 -0.2851
vn -0.7181 -0.5175 -0.4654
vn -0.8686 -0.4067 -0.2831
vn -0.8739 -0.3994 -0.2771
vn 0.5183 0.7528 0.4058
vn 0.5144 0.6843 0.5168
vn 0.6850 -0.6845 -0.2495
vn 0.6926 -0.5521 -0.4642
vn 0.7825 -0.4726 -0.4055
vn 0.7752 -0.5991 -0.2003
vn 0.4597 -0.4939 -0.7381
vn 0.6682 -0.3751 -0.6425
vn 0.2205 -0.5797 -0.7844
vn -0.0335 -0.6268 -0.7784
vn -0.2677 -0.7625 -0.5889
vn -0.2857 -0.6321 -0.7203
vn -0.5191 -0.5949 -0.6137
vn 0.6136 -0.1656 -0.7721
vn 0.7069 -0.1032 -0.6997
vn 0.7592 -0.3034 -0.5758
vn 0.3192 -0.0415 -0.9468
vn 0.5324 0.0622 -0.8442
vn 0.4032 -0.2771 -0.8721
vn -0.2733 -0.8601 -0.4307
vn 0.5270 0.5928 0.6090
vn 0.1659 -0.3702 -0.9140
vn 0.9584 0.2073 -0.1961
vn 0.9867 0.0989 -0.1290
vn -0.0381 0.4089 0.9118
vn -0.0903 0.6091 0.7879
vn -0.2205 0.5797 0.7844
vn -0.1659 0.3702 0.9140
vn -0.0847 0.1424 0.9862
vn -0.4032 0.2771 0.8721
vn -0.3192 0.0415 0.9468
vn -0.6136 0.1656 0.7721
vn -0.5324 -0.0622 0.8442
vn -0.7832 0.0429 0.6203
vn -0.7102 -0.1618 0.6852
vn -0.9005 -0.0828 0.4269
vn -0.8407 -0.2507 0.4801
vn -0.9576 -0.2032 0.2044
vn -0.9149 -0.3229 0.2423
vn -0.9501 -0.3101 -0.0324
vn -0.9276 -0.3735 -0.0123
vn -0.8782 -0.3963 -0.2676
vn -0.8773 -0.3989 -0.2668
vn -0.8687 -0.4082 -0.2807
vn -0.1983 0.9678 0.1550
vn -0.1305 0.9876 -0.0873
vn -0.3666 0.9159 -0.1637
vn -0.4367 0.8954 0.0869
vn -0.5782 0.7830 -0.2293
vn -0.6460 0.7632 0.0130
vn -0.7514 0.5978 -0.2795
vn -0.8123 0.5800 -0.0618
vn -0.8744 0.3723 -0.3111
vn -0.9244 0.3577 -0.1326
vn -0.9390 0.1213 -0.3219
vn -0.9746 0.1109 -0.1946
vn -0.9403 -0.1384 -0.3109
vn -0.9592 -0.1439 -0.2436
vn -0.8778 -0.3894 -0.2789
vn -0.8786 -0.3896 -0.2762
vn 0.9752 -0.1018 0.1966
vn 0.9401 -0.1121 0.3219
vn -0.0691 0.9801 0.1863
vn -0.0043 0.9990 -0.0452
vn -0.2373 0.8890 0.3915
vn -0.4771 0.8139 0.3316
vn -0.6850 0.6845 0.2495
vn -0.8473 0.5092 0.1508
vn -0.9531 0.2996 0.0418
vn -0.9951 0.0695 -0.0702
vn -0.9700 -0.1658 -0.1778
vn -0.8790 -0.3905 -0.2735
vn 0.9954 -0.0611 0.0742
vn -0.1063 0.9048 0.4124
vn -0.2449 0.7567 0.6062
vn -0.4849 0.6770 0.5537
vn -0.6926 0.5521 0.4642
vn -0.8542 0.3902 0.3437
vn -0.9587 0.2021 0.2000
vn -0.9991 -0.0000 0.0426
vn -0.9721 -0.2026 -0.1180
vn -0.8791 -0.3920 -0.2711
vn 0.9993 0.0074 -0.0368
vn -0.1136 0.7782 0.6176
vn -0.4597 0.4939 0.7381
vn -0.6682 0.3751 0.6425
vn -0.8323 0.2312 0.5039
vn -0.9408 0.0716 0.3314
vn -0.9863 -0.0931 0.1363
vn -0.9653 -0.2518 -0.0684
vn -0.8789 -0.3940 -0.2691
vn 0.5972 0.3666 0.7134
vn 0.6501 0.2474 0.7184
vn 0.4302 0.2927 -0.8540
vn 0.5316 0.3348 -0.7780
vn 0.6293 0.1145 -0.7687
vn 0.0931 0.4220 -0.9018
vn 0.3139 0.5102 -0.8007
vn 0.2134 0.1970 -0.9569
vn -0.1338 0.3056 -0.9427
vn -0.0175 0.0881 -0.9960
vn -0.3520 0.1688 -0.9207
vn -0.2475 -0.0267 -0.9685
vn -0.5469 0.0204 -0.8370
vn -0.4612 -0.1399 -0.8762
vn -0.7054 -0.1296 -0.6969
vn -0.6443 -0.2439 -0.7249
vn -0.7843 -0.3317 -0.5242
vn -0.8167 -0.2712 -0.5094
vn -0.8715 -0.3972 -0.2875
vn -0.8728 -0.3947 -0.2869
vn 0.7103 0.1349 0.6909
vn 0.4205 0.5427 -0.7271
vn -0.0335 0.6183 -0.7853
vn 0.1914 0.6999 -0.6881
vn -0.2563 0.4953 -0.8300
vn -0.4620 0.3393 -0.8194
vn -0.6371 0.1603 -0.7539
vn -0.7697 -0.0299 -0.6377
vn -0.8507 -0.2184 -0.4781
vn -0.8742 -0.3926 -0.2856
vn 0.7736 0.0367 0.6326
vn 0.3035 0.7240 -0.6194
vn 0.0712 0.8489 -0.5237
vn -0.1579 0.7724 -0.6152
vn -0.3765 0.6443 -0.6657
vn -0.5701 0.4732 -0.6717
vn -0.7257 0.2701 -0.6328
vn -0.8329 0.0485 -0.5513
vn -0.8842 -0.1769 -0.4323
vn -0.8756 -0.3909 -0.2838
vn 0.8358 -0.0403 0.5476
vn 0.1886 0.8664 -0.4623
vn -0.0386 0.9470 -0.3188
vn -0.2715 0.8739 -0.4032
vn -0.4863 0.7425 -0.4607
vn -0.6687 0.5613 -0.4875
vn -0.8067 0.3424 -0.4817
vn -0.8907 0.1000 -0.4435
vn -0.9147 -0.1496 -0.3753
vn -0.8768 -0.3898 -0.2815
vn 0.8926 -0.0911 0.4416
vn 0.0836 0.9602 -0.2665
vn 0.5552 0.4844 0.6761
vn -0.8704 -0.3998 -0.2874
vn -0.7559 -0.3958 -0.5215
vn -0.7333 -0.4592 -0.5014
vn -0.8695 -0.4023 -0.2866
vn 0.0847 -0.1424 -0.9862
vn -0.1556 -0.2339 -0.9597
vn -0.3858 -0.3098 -0.8690
vn -0.5905 -0.3651 -0.7197
vn -0.0826 -0.4386 -0.8949
vn -0.3260 -0.4777 -0.8158
vn -0.5479 -0.4848 -0.6818
vn 0.9164 0.3251 -0.2334
vn 0.0395 0.1912 0.9808
vn 0.0175 -0.0881 0.9960
vn -0.2134 -0.1970 0.9569
vn -0.4302 -0.2927 0.8540
vn -0.6183 -0.3689 0.6940
vn -0.7653 -0.4206 0.4873
vn -0.8612 -0.4440 0.2475
vn -0.8991 -0.4376 -0.0096
vn -0.8762 -0.4015 -0.2667
vn 0.8635 0.4443 -0.2385
vn 0.1372 -0.0291 0.9901
vn 0.1338 -0.3056 0.9427
vn -0.0931 -0.4220 0.9018
vn -0.3139 -0.5102 0.8007
vn -0.5138 -0.5644 0.6461
vn -0.6796 -0.5809 0.4480
vn -0.8000 -0.5584 0.2195
vn -0.8668 -0.4981 -0.0244
vn -0.8749 -0.4039 -0.2673
vn 0.8034 0.5568 -0.2109
vn 0.2484 -0.2370 0.9392
vn 0.2563 -0.4953 0.8300
vn 0.0335 -0.6183 0.7853
vn -0.1914 -0.6999 0.6881
vn -0.4038 -0.7349 0.5449
vn -0.5894 -0.7207 0.3650
vn -0.7357 -0.6581 0.1603
vn -0.8327 -0.5509 -0.0558
vn -0.8735 -0.4061 -0.2686
vn 0.7401 0.6550 -0.1526
vn 0.3654 -0.4184 0.8315
vn 0.3765 -0.6443 0.6657
vn 0.1579 -0.7724 0.6152
vn -0.0712 -0.8489 0.5237
vn -0.2957 -0.8688 0.3971
vn -0.5007 -0.8305 0.2438
vn -0.6725 -0.7364 0.0739
vn -0.7993 -0.5924 -0.1015
vn -0.8721 -0.4077 -0.2704
vn 0.6779 0.7321 -0.0676
vn 0.4803 -0.5608 0.6744
vn 0.2715 -0.8739 0.4032
vn 0.4863 -0.7425 0.4607
vn 0.0386 -0.9470 0.3188
vn -0.1971 -0.9570 0.2130
vn -0.4198 -0.9029 0.0928
vn -0.6148 -0.7880 -0.0338
vn -0.7687 -0.6196 -0.1585
vn -0.8709 -0.4088 -0.2727
vn 0.6211 0.7828 0.0384
vn 0.5853 -0.6546 0.4786
vn 0.3666 -0.9159 0.1637
vn 0.5782 -0.7830 0.2293
vn 0.1305 -0.9876 0.0873
vn -0.1144 -0.9934 0.0050
vn -0.3520 -0.9327 -0.0778
vn -0.5665 -0.8093 -0.1555
vn -0.7431 -0.6309 -0.2229
vn -0.8699 -0.4093 -0.2753
vn 0.5735 0.8038 0.1581
vn 0.6731 -0.6933 0.2573
vn 0.4367 -0.8954 -0.0869
vn 0.6460 -0.7632 -0.0130
vn 0.1983 -0.9678 -0.1550
vn -0.0535 -0.9756 -0.2128
vn -0.3021 -0.9182 -0.2564
vn -0.5308 -0.7989 -0.2828
vn -0.7243 -0.6254 -0.2903
vn -0.8691 -0.4091 -0.2781
vn 0.5385 0.7935 0.2834
vn 0.7379 -0.6744 0.0258
vn 0.5621 -0.8132 -0.1506
vn 0.5040 -0.8132 -0.2910
vn 0.4686 -0.8410 -0.2705
vn 0.5227 -0.8410 -0.1400
vn -0.2994 -0.6228 -0.7228
vn -0.3816 -0.6462 -0.6609
vn -0.1975 -0.6462 -0.7372
vn 0.3297 -0.7518 -0.5710
vn 0.1707 -0.7518 -0.6369
vn 0.1608 -0.7835 -0.6002
vn 0.3107 -0.7835 -0.5382
vn 0.2584 -0.9308 -0.2584
vn 0.1827 -0.9308 -0.3165
vn 0.1721 -0.9389 -0.2981
vn 0.2434 -0.9389 -0.2434
vn -0.2906 -0.9116 -0.2906
vn -0.2584 -0.9308 -0.2584
vn -0.1827 -0.9308 -0.3165
vn -0.2055 -0.9116 -0.3559
vn -0.7055 -0.6831 -0.1890
vn -0.6720 -0.7183 -0.1801
vn -0.6025 -0.7183 -0.3478
vn -0.6325 -0.6831 -0.3652
vn 0.7055 -0.6831 -0.1890
vn 0.6325 -0.6831 -0.3652
vn 0.6025 -0.7183 -0.3478
vn 0.6720 -0.7183 -0.1801
vn 0.1400 -0.8410 0.5227
vn 0.1506 -0.8132 0.5621
vn 0.2910 -0.8132 0.5040
vn 0.2705 -0.8410 0.4686
vn -0.5164 -0.6831 -0.5164
vn -0.4919 -0.7183 -0.4919
vn -0.3478 -0.7183 -0.6025
vn -0.3652 -0.6831 -0.6325
vn -0.6369 -0.7518 0.1707
vn -0.6594 -0.7518 0.0000
vn -0.6957 -0.7183 0.0000
vn -0.6720 -0.7183 0.1801
vn 0.6720 -0.7183 0.1801
vn 0.7055 -0.6831 0.1890
vn 0.7303 -0.6831 0.0000
vn 0.6957 -0.7183 0.0000
vn -0.3655 -0.9308 -0.0000
vn -0.3442 -0.9389 -0.0000
vn -0.3325 -0.9389 -0.0891
vn -0.3530 -0.9308 -0.0946
vn -0.1021 -0.6228 0.7757
vn -0.0000 -0.6462 0.7632
vn -0.1975 -0.6462 0.7372
vn 0.3652 -0.6831 -0.6325
vn 0.1890 -0.6831 -0.7055
vn 0.1801 -0.7183 -0.6720
vn 0.3478 -0.7183 -0.6025
vn -0.4662 -0.7518 0.4662
vn -0.5710 -0.7518 0.3297
vn -0.6025 -0.7183 0.3478
vn -0.4919 -0.7183 0.4919
vn -0.4394 -0.7835 0.4394
vn -0.5382 -0.7835 0.3107
vn -0.3221 -0.8902 -0.3221
vn -0.2278 -0.8902 -0.3945
vn -0.2434 -0.9389 -0.2434
vn -0.1721 -0.9389 -0.2981
vn -0.6609 -0.6462 -0.3816
vn -0.7372 -0.6462 -0.1975
vn 0.6002 -0.7835 0.1608
vn 0.6369 -0.7518 0.1707
vn 0.6594 -0.7518 0.0000
vn 0.6214 -0.7835 0.0000
vn -0.4115 -0.8132 0.4115
vn -0.5040 -0.8132 0.2910
vn 0.1506 -0.8132 -0.5621
vn 0.2910 -0.8132 -0.5040
vn 0.6002 -0.7835 -0.1608
vn 0.5382 -0.7835 -0.3107
vn -0.2981 -0.9389 0.1721
vn -0.3325 -0.9389 0.0891
vn -0.3530 -0.9308 0.0946
vn -0.3165 -0.9308 0.1827
vn 0.6207 -0.6228 -0.4763
vn 0.5397 -0.6462 -0.5397
vn 0.6609 -0.6462 -0.3816
vn 0.5164 -0.6831 -0.5164
vn 0.4919 -0.7183 -0.4919
vn 0.0946 -0.9308 0.3530
vn 0.1064 -0.9116 0.3970
vn 0.2055 -0.9116 0.3559
vn 0.1827 -0.9308 0.3165
vn 0.2584 -0.9308 0.2584
vn 0.2906 -0.9116 0.2906
vn 0.3559 -0.9116 0.2055
vn 0.3165 -0.9308 0.1827
vn -0.3221 -0.8902 0.3221
vn -0.3945 -0.8902 0.2278
vn -0.4321 -0.8667 0.2495
vn -0.3528 -0.8667 0.3528
vn 0.1291 -0.8667 0.4819
vn 0.2495 -0.8667 0.4321
vn 0.2705 -0.8410 -0.4686
vn 0.1400 -0.8410 -0.5227
vn 0.1291 -0.8667 -0.4819
vn 0.2495 -0.8667 -0.4321
vn 0.1608 -0.7835 0.6002
vn 0.3107 -0.7835 0.5382
vn -0.4110 -0.9116 0.0000
vn -0.3970 -0.9116 -0.1064
vn -0.7228 -0.6228 -0.2994
vn -0.7372 -0.6462 0.1975
vn -0.7055 -0.6831 0.1890
vn -0.7303 -0.6831 -0.0000
vn -0.7632 -0.6462 -0.0000
vn -0.3970 -0.9116 0.1064
vn -0.3559 -0.9116 0.2055
vn -0.0000 -0.6831 0.7303
vn -0.1890 -0.6831 0.7055
vn -0.4394 -0.7835 -0.4394
vn -0.4115 -0.8132 -0.4115
vn -0.2910 -0.8132 -0.5040
vn -0.3107 -0.7835 -0.5382
vn -0.4662 -0.7518 -0.4662
vn -0.3297 -0.7518 -0.5710
vn -0.0000 -0.9308 0.3655
vn 0.0000 -0.9116 0.4110
vn 0.0000 -0.8902 0.4555
vn 0.1179 -0.8902 0.4400
vn 0.3221 -0.8902 -0.3221
vn 0.2278 -0.8902 -0.3945
vn 0.2055 -0.9116 -0.3559
vn 0.2906 -0.9116 -0.2906
vn -0.4989 -0.8667 -0.0000
vn -0.4555 -0.8902 0.0000
vn -0.4400 -0.8902 -0.1179
vn -0.4819 -0.8667 -0.1291
vn -0.5164 -0.6831 0.5164
vn -0.6325 -0.6831 0.3652
vn -0.6609 -0.6462 0.3816
vn -0.5397 -0.6462 0.5397
vn -0.6214 -0.7835 -0.0000
vn -0.5820 -0.8132 -0.0000
vn -0.5621 -0.8132 -0.1506
vn -0.6002 -0.7835 -0.1608
vn -0.4400 -0.8902 0.1179
vn -0.4819 -0.8667 0.1291
vn 0.3221 -0.8902 0.3221
vn 0.3528 -0.8667 0.3528
vn 0.4321 -0.8667 0.2495
vn 0.3945 -0.8902 0.2278
vn -0.6369 -0.7518 -0.1707
vn 0.4110 -0.9116 0.0000
vn 0.3970 -0.9116 -0.1064
vn 0.3530 -0.9308 -0.0946
vn 0.3655 -0.9308 0.0000
vn -0.0000 -0.8667 0.4989
vn 0.1975 -0.6462 0.7372
vn 0.3816 -0.6462 0.6609
vn 0.3652 -0.6831 0.6325
vn 0.1890 -0.6831 0.7055
vn -0.5411 -0.8410 0.0000
vn -0.5227 -0.8410 -0.1400
vn 0.3528 -0.8667 -0.3528
vn 0.3826 -0.8410 0.3826
vn 0.4686 -0.8410 0.2705
vn 0.1801 -0.7183 0.6720
vn 0.3478 -0.7183 0.6025
vn 0.2278 -0.8902 0.3945
vn 0.0946 -0.9308 -0.3530
vn 0.0891 -0.9389 -0.3325
vn -0.1291 -0.8667 0.4819
vn -0.1400 -0.8410 0.5227
vn 0.0000 -0.8410 0.5411
vn 0.5710 -0.7518 -0.3297
vn 0.6369 -0.7518 -0.1707
vn 0.4115 -0.8132 -0.4115
vn 0.3826 -0.8410 -0.3826
vn -0.1801 -0.7183 -0.6720
vn -0.1890 -0.6831 -0.7055
vn -0.1506 -0.8132 -0.5621
vn -0.1608 -0.7835 -0.6002
vn 0.3297 -0.7518 0.5710
vn 0.4919 -0.7183 0.4919
vn 0.4662 -0.7518 0.4662
vn -0.5227 -0.8410 0.1400
vn -0.5621 -0.8132 0.1506
vn 0.0891 -0.9389 0.3325
vn 0.1721 -0.9389 0.2981
vn 0.4819 -0.8667 0.1291
vn 0.5227 -0.8410 0.1400
vn 0.5411 -0.8410 0.0000
vn 0.4989 -0.8667 -0.0000
vn -0.1179 -0.8902 0.4400
vn 0.3530 -0.9308 0.0946
vn 0.3970 -0.9116 0.1064
vn 0.5621 -0.8132 0.1506
vn 0.5820 -0.8132 0.0000
vn 0.7372 -0.6462 -0.1975
vn 0.7228 -0.6228 -0.2994
vn 0.4394 -0.7835 0.4394
vn -0.7757 -0.6228 -0.1021
vn -0.3165 -0.9308 -0.1827
vn -0.3559 -0.9116 -0.2055
vn 0.2994 -0.6228 -0.7228
vn 0.1975 -0.6462 -0.7372
vn 0.3816 -0.6462 -0.6609
vn 0.4763 -0.6228 -0.6207
vn -0.2584 -0.9308 0.2584
vn -0.2906 -0.9116 0.2906
vn -0.3945 -0.8902 -0.2278
vn -0.4321 -0.8667 -0.2495
vn 0.0000 -0.7183 -0.6957
vn 0.0000 -0.7518 -0.6594
vn -0.4686 -0.8410 -0.2705
vn -0.6002 -0.7835 0.1608
vn -0.1707 -0.7518 -0.6369
vn 0.0000 -0.8132 -0.5820
vn 0.0000 -0.8410 -0.5411
vn -0.5397 -0.6462 -0.5397
vn -0.6207 -0.6228 -0.4763
vn 0.4819 -0.8667 -0.1291
vn 0.4400 -0.8902 -0.1179
vn 0.4555 -0.8902 0.0000
vn -0.4686 -0.8410 0.2705
vn 0.0000 -0.9308 -0.3655
vn 0.0000 -0.9389 -0.3442
vn 0.5397 -0.6462 0.5397
vn 0.5164 -0.6831 0.5164
vn 0.4400 -0.8902 0.1179
vn 0.4662 -0.7518 -0.4662
vn 0.4394 -0.7835 -0.4394
vn 0.1064 -0.9116 -0.3970
vn 0.0000 -0.9116 -0.4110
vn 0.1179 -0.8902 -0.4400
vn 0.0000 -0.8902 -0.4555
vn -0.2981 -0.9389 -0.1721
vn 0.0000 -0.7835 -0.6214
vn -0.5040 -0.8132 -0.2910
vn -0.5382 -0.7835 -0.3107
vn 0.4321 -0.8667 -0.2495
vn -0.6207 -0.6228 0.4763
vn 0.0000 -0.8667 -0.4989
vn 0.3559 -0.9116 -0.2055
vn 0.3165 -0.9308 -0.1827
vn -0.3826 -0.8410 -0.3826
vn -0.2705 -0.8410 -0.4686
vn -0.5710 -0.7518 -0.3297
vn 0.1707 -0.7518 0.6369
vn 0.0000 -0.9389 0.3442
vn -0.3528 -0.8667 -0.3528
vn -0.2495 -0.8667 -0.4321
vn 0.4115 -0.8132 0.4115
vn 0.5040 -0.8132 0.2910
vn 0.3325 -0.9389 -0.0891
vn 0.3442 -0.9389 0.0000
vn 0.2434 -0.9389 0.2434
vn 0.2981 -0.9389 0.1721
vn -0.3826 -0.8410 0.3826
vn -0.1608 -0.7835 0.6002
vn -0.1707 -0.7518 0.6369
vn 0.0000 -0.7518 0.6594
vn 0.0000 -0.7835 0.6214
vn 0.3945 -0.8902 -0.2278
vn -0.0000 -0.8132 0.5820
vn -0.1506 -0.8132 0.5621
vn 0.4763 -0.6228 0.6207
vn 0.2981 -0.9389 -0.1721
vn -0.2910 -0.8132 0.5040
vn -0.3107 -0.7835 0.5382
vn -0.2495 -0.8667 0.4321
vn -0.2705 -0.8410 0.4686
vn -0.4763 -0.6228 0.6207
vn -0.3816 -0.6462 0.6609
vn -0.3297 -0.7518 0.5710
vn -0.7228 -0.6228 0.2994
vn -0.3652 -0.6831 0.6325
vn -0.3478 -0.7183 0.6025
vn -0.1801 -0.7183 0.6720
vn -0.2278 -0.8902 0.3945
vn -0.1064 -0.9116 0.3970
vn -0.2994 -0.6228 0.7228
vn -0.0946 -0.9308 0.3530
vn -0.2055 -0.9116 0.3559
vn -0.0891 -0.9389 0.3325
vn -0.1827 -0.9308 0.3165
vn -0.1721 -0.9389 0.2981
vn -0.2434 -0.9389 0.2434
vn 0.0000 -0.7183 0.6957
vn -0.7757 -0.6228 0.1021
vn 0.7372 -0.6462 0.1975
vn 0.7757 -0.6228 0.1021
vn 0.7632 -0.6462 0.0000
vn 0.7757 -0.6228 -0.1021
vn 0.6609 -0.6462 0.3816
vn 0.6325 -0.6831 0.3652
vn 0.0000 -0.6831 -0.7303
vn 0.5710 -0.7518 0.3297
vn 0.5382 -0.7835 0.3107
vn -0.0000 -0.6462 -0.7632
vn 0.1021 -0.6228 -0.7757
vn -0.0946 -0.9308 -0.3530
vn -0.0891 -0.9389 -0.3325
vn -0.1064 -0.9116 -0.3970
vn 0.3325 -0.9389 0.0891
vn -0.1179 -0.8902 -0.4400
vn -0.1400 -0.8410 -0.5227
vn -0.1291 -0.8667 -0.4819
vn 0.6025 -0.7183 0.3478
vn 0.1021 -0.6228 0.7757
vn 0.6207 -0.6228 0.4763
vn 0.2994 -0.6228 0.7228
vn 0.7228 -0.6228 0.2994
vn -0.4763 -0.6228 -0.6207
vn -0.1021 -0.6228 -0.7757
vn 0.5479 0.4848 0.6818
vn 0.5905 0.3651 0.7197
vn 0.7559 0.3958 0.5215
vn 0.7333 0.4592 0.5014
vn 0.7697 0.0299 0.6377
vn 0.6371 -0.1603 0.7539
vn 0.7257 -0.2701 0.6328
vn 0.8329 -0.0485 0.5513
vn 0.8507 0.2184 0.4781
vn 0.8842 0.1769 0.4323
vn 0.0116 0.7859 0.6183
vn 0.0185 0.9049 0.4253
vn -0.6293 -0.1145 0.7687
vn -0.5316 -0.3348 0.7780
vn 0.8686 0.4067 0.2831
vn 0.8739 0.3994 0.2771
vn 0.8687 0.4082 0.2807
vn 0.8721 0.4077 0.2704
vn 0.8709 0.4088 0.2727
vn 0.8762 0.4015 0.2667
vn 0.8749 0.4039 0.2673
vn -0.4803 0.5608 -0.6744
vn -0.5853 0.6546 -0.4786
vn -0.4205 -0.5427 0.7271
vn -0.7825 0.4726 0.4055
vn -0.7752 0.5991 0.2003
vn -0.3654 0.4184 -0.8315
vn 0.1556 0.2339 0.9597
vn 0.0826 0.4386 0.8949
vn -0.7069 0.1032 0.6997
vn -0.7592 0.3034 0.5758
vn 0.3520 -0.1688 0.9207
vn 0.2475 0.0267 0.9685
vn 0.8612 0.4440 -0.2475
vn 0.9149 0.3229 -0.2423
vn 0.8407 0.2507 -0.4801
vn 0.7653 0.4206 -0.4873
vn 0.8742 0.3926 0.2856
vn 0.8756 0.3909 0.2838
vn 0.0335 0.6268 0.7784
vn 0.3260 0.4777 0.8158
vn 0.2857 0.6321 0.7203
vn 0.5191 0.5949 0.6137
vn 0.4612 0.1399 0.8762
vn 0.3858 0.3098 0.8690
vn 0.8704 0.3998 0.2874
vn 0.8695 0.4023 0.2866
vn 0.4038 0.7349 -0.5449
vn 0.2957 0.8688 -0.3971
vn 0.5007 0.8305 -0.2438
vn 0.5894 0.7207 -0.3650
vn 0.7431 0.6309 0.2229
vn 0.8699 0.4093 0.2753
vn 0.7687 0.6196 0.1585
vn 0.8167 0.2712 0.5094
vn 0.7054 0.1296 0.6969
vn 0.4620 -0.3393 0.8194
vn 0.6148 0.7880 0.0338
vn 0.7993 0.5924 0.1015
vn 0.6725 0.7364 -0.0739
vn 0.8728 0.3947 0.2869
vn 0.8691 0.4091 0.2781
vn 0.7243 0.6254 0.2903
vn 0.5665 0.8093 0.1555
vn 0.5308 0.7989 0.2828
vn 0.3520 0.9327 0.0778
vn 0.3021 0.9182 0.2564
vn 0.1144 0.9934 -0.0050
vn 0.0535 0.9756 0.2128
vn -0.7379 0.6744 -0.0258
vn -0.6731 0.6933 -0.2573
vn 0.7134 0.6035 0.3561
vn 0.5103 0.7575 0.4072
vn 0.2733 0.8601 0.4307
vn 0.5063 0.6879 0.5200
vn 0.7113 0.5667 0.4158
vn 0.5469 -0.0204 0.8370
vn 0.5701 -0.4732 0.6717
vn 0.2677 0.7625 0.5889
vn 0.8689 0.4047 0.2851
vn 0.7181 0.5175 0.4654
vn 0.6443 0.2439 0.7249
vn 0.8768 0.3898 0.2815
vn 0.8778 0.3894 0.2789
vn 0.9147 0.1496 0.3753
vn 0.9403 0.1384 0.3109
vn 0.8907 -0.1000 0.4435
vn 0.9390 -0.1213 0.3219
vn 0.8067 -0.3424 0.4817
vn 0.8744 -0.3723 0.3111
vn 0.6687 -0.5613 0.4875
vn 0.7514 -0.5978 0.2795
vn 0.8668 0.4981 0.0244
vn 0.8991 0.4376 0.0096
vn 0.8000 0.5584 -0.2195
vn 0.6796 0.5809 -0.4480
vn 0.5138 0.5644 -0.6461
vn 0.6183 0.3689 -0.6940
vn -0.1372 0.0291 -0.9901
vn -0.2484 0.2370 -0.9392
vn 0.8735 0.4061 0.2686
vn 0.8327 0.5509 0.0558
vn 0.7357 0.6581 -0.1603
vn -0.3035 -0.7240 0.6194
vn -0.1886 -0.8664 0.4623
vn 0.1971 0.9570 -0.2130
vn 0.4198 0.9029 -0.0928
vn 0.8715 0.3972 0.2875
vn 0.0381 -0.4089 -0.9118
vn -0.0395 -0.1912 -0.9808
vn 0.8773 0.3989 0.2668
vn 0.9276 0.3735 0.0123
vn 0.8789 0.3940 0.2691
vn 0.8782 0.3963 0.2676
vn 0.1136 -0.7782 -0.6176
vn 0.0903 -0.6091 -0.7879
vn 0.9653 0.2518 0.0684
vn 0.9501 0.3101 0.0324
vn 0.9863 0.0931 -0.1363
vn 0.9576 0.2032 -0.2044
vn 0.9408 -0.0716 -0.3314
vn 0.9005 0.0828 -0.4269
vn 0.8791 0.3920 0.2711
vn 0.8323 -0.2312 -0.5039
vn 0.7832 -0.0429 -0.6203
vn 0.9991 0.0000 -0.0426
vn 0.9587 -0.2021 -0.2000
vn 0.8542 -0.3902 -0.3437
vn 0.8473 -0.5092 -0.1508
vn 0.8790 0.3905 0.2735
vn 0.9700 0.1658 0.1778
vn 0.9721 0.2026 0.1180
vn 0.9951 -0.0695 0.0702
vn 0.9531 -0.2996 -0.0418
vn -0.0836 -0.9602 0.2665
vn 0.7102 0.1618 -0.6852
vn 0.1063 -0.9048 -0.4124
vn 0.8123 -0.5800 0.0618
vn 0.0043 -0.9990 0.0452
vn 0.0691 -0.9801 -0.1863
vn 0.8786 0.3896 0.2762
vn 0.9592 0.1439 0.2436
vn 0.9746 -0.1109 0.1946
vn 0.9244 -0.3577 0.1326
vn 0.7843 0.3317 0.5242
# 698 vertex normals

vt 0.0000 0.0000 0.0000
# 1 texture coords

o EeroAArnio_Globe_Ball_001
g EeroAArnio_Globe_Ball_001
usemtl Material__57
s off
f 2113/4/2149 2114/4/2150 2115/4/2151 2116/4/2152 
f 2117/4/2153 2113/4/2149 2116/4/2152 2118/4/2154 
f 2119/4/2155 2120/4/2156 2121/4/2157 2122/4/2158 
f 2123/4/2159 2124/4/2160 2119/4/2155 2125/4/2161 
f 2123/4/2159 2125/4/2161 2126/4/2162 
f 2127/4/2163 2128/4/2164 2129/4/2164 2130/4/2163 
f 2131/4/2165 2132/4/2166 2128/4/2167 2127/4/2168 
f 2133/4/2169 2134/4/2170 2132/4/2166 2114/4/2150 
f 2135/4/2171 2133/4/2169 2114/4/2150 2113/4/2149 
f 2136/4/2172 2135/4/2171 2113/4/2149 2117/4/2153 
f 2136/4/2172 2117/4/2153 2137/4/2173 2138/4/2174 
f 2138/4/2174 2137/4/2173 2120/4/2156 2139/4/2175 
f 2124/4/2160 2139/4/2175 2120/4/2156 2119/4/2155 
f 2134/4/2170 2140/4/2176 2141/4/2177 2142/4/2178 
f 2143/4/2179 2144/4/2180 2140/4/2176 2145/4/2181 
f 2137/4/2173 2117/4/2153 2118/4/2154 2146/4/2182 
f 2129/4/2164 2128/4/2164 2142/4/2183 2147/4/2183 
f 2132/4/2166 2134/4/2170 2142/4/2178 2128/4/2167 
f 2145/4/2181 2140/4/2176 2134/4/2170 2133/4/2169 
f 2148/4/2184 2145/4/2181 2133/4/2169 2135/4/2171 
f 2114/4/2150 2132/4/2166 2131/4/2165 2115/4/2151 
f 2120/4/2156 2137/4/2173 2146/4/2182 2121/4/2157 
f 2149/4/2185 2150/4/2186 2151/4/2186 2152/4/2185 
f 2152/4/2187 2151/4/2188 2153/4/2189 2154/4/2190 
f 2155/4/2191 2154/4/2190 2156/4/2192 2157/4/2193 
f 2157/4/2193 2156/4/2192 2158/4/2194 2159/4/2195 
f 2159/4/2195 2158/4/2194 2160/4/2196 2161/4/2197 
f 2160/4/2196 2162/4/2198 2163/4/2199 2161/4/2197 
f 2162/4/2198 2164/4/2200 2165/4/2201 2163/4/2199 
f 2164/4/2200 2166/4/2202 2167/4/2203 2165/4/2201 
f 2166/4/2202 2168/4/2204 2169/4/2205 2167/4/2203 
f 2126/4/2162 2169/4/2205 2168/4/2204 
f 2125/4/2161 2119/4/2155 2122/4/2158 2170/4/2206 
f 2171/4/2207 2172/4/2208 2173/4/2209 2174/4/2210 
f 2174/4/2210 2173/4/2209 2175/4/2211 2176/4/2212 
f 2175/4/2211 2177/4/2213 2178/4/2214 2176/4/2212 
f 2177/4/2213 2179/4/2215 2180/4/2216 2178/4/2214 
f 2179/4/2215 2181/4/2217 2182/4/2218 2180/4/2216 
f 2181/4/2217 2183/4/2219 2184/4/2220 2182/4/2218 
f 2183/4/2219 2185/4/2221 2186/4/2222 2184/4/2220 
f 2185/4/2221 2126/4/2162 2186/4/2222 
f 2187/4/2223 2188/4/2224 2189/4/2224 2190/4/2223 
f 2190/4/2225 2189/4/2226 2172/4/2208 2171/4/2207 
f 2191/4/2227 2171/4/2207 2174/4/2210 2192/4/2228 
f 2192/4/2228 2174/4/2210 2176/4/2212 2193/4/2229 
f 2176/4/2212 2178/4/2214 2194/4/2230 2193/4/2229 
f 2178/4/2214 2180/4/2216 2195/4/2231 2194/4/2230 
f 2180/4/2216 2182/4/2218 2196/4/2232 2195/4/2231 
f 2182/4/2218 2184/4/2220 2197/4/2233 2196/4/2232 
f 2184/4/2220 2186/4/2222 2198/4/2234 2197/4/2233 
f 2126/4/2162 2198/4/2234 2186/4/2222 
f 2199/4/2235 2187/4/2223 2190/4/2223 2200/4/2235 
f 2200/4/2236 2190/4/2225 2171/4/2207 2191/4/2227 
f 2201/4/2237 2191/4/2227 2192/4/2228 2202/4/2238 
f 2202/4/2238 2192/4/2228 2193/4/2229 2203/4/2239 
f 2193/4/2229 2194/4/2230 2204/4/2240 2203/4/2239 
f 2194/4/2230 2195/4/2231 2205/4/2241 2204/4/2240 
f 2195/4/2231 2196/4/2232 2206/4/2242 2205/4/2241 
f 2196/4/2232 2197/4/2233 2207/4/2243 2206/4/2242 
f 2197/4/2233 2198/4/2234 2208/4/2244 2207/4/2243 
f 2126/4/2162 2208/4/2244 2198/4/2234 
f 2209/4/2245 2199/4/2235 2200/4/2235 2210/4/2245 
f 2210/4/2246 2200/4/2236 2191/4/2227 2201/4/2237 
f 2153/4/2189 2201/4/2237 2202/4/2238 2211/4/2247 
f 2211/4/2247 2202/4/2238 2203/4/2239 2212/4/2248 
f 2203/4/2239 2204/4/2240 2213/4/2249 2212/4/2248 
f 2204/4/2240 2205/4/2241 2214/4/2250 2213/4/2249 
f 2205/4/2241 2206/4/2242 2215/4/2251 2214/4/2250 
f 2206/4/2242 2207/4/2243 2216/4/2252 2215/4/2251 
f 2207/4/2243 2208/4/2244 2217/4/2253 2216/4/2252 
f 2126/4/2162 2217/4/2253 2208/4/2244 
f 2150/4/2186 2209/4/2245 2210/4/2245 2151/4/2186 
f 2151/4/2188 2210/4/2246 2201/4/2237 2153/4/2189 
f 2154/4/2190 2153/4/2189 2211/4/2247 2156/4/2192 
f 2156/4/2192 2211/4/2247 2212/4/2248 2158/4/2194 
f 2212/4/2248 2213/4/2249 2160/4/2196 2158/4/2194 
f 2213/4/2249 2214/4/2250 2162/4/2198 2160/4/2196 
f 2214/4/2250 2215/4/2251 2164/4/2200 2162/4/2198 
f 2215/4/2251 2216/4/2252 2166/4/2202 2164/4/2200 
f 2218/4/2254 2219/4/2255 2220/4/2255 2221/4/2254 
f 2222/4/2256 2219/4/2257 2218/4/2258 2144/4/2180 
f 2223/4/2259 2224/4/2260 2222/4/2256 2225/4/2261 
f 2226/4/2262 2223/4/2259 2225/4/2261 2227/4/2263 
f 2228/4/2264 2226/4/2262 2227/4/2263 2229/4/2265 
f 2230/4/2266 2228/4/2264 2229/4/2265 2231/4/2267 
f 2232/4/2268 2230/4/2266 2231/4/2267 2233/4/2269 
f 2232/4/2268 2233/4/2269 2234/4/2270 2235/4/2271 
f 2235/4/2271 2234/4/2270 2236/4/2272 2237/4/2273 
f 2236/4/2272 2126/4/2162 2237/4/2273 
f 2219/4/2255 2238/4/2274 2239/4/2274 2220/4/2255 
f 2224/4/2260 2238/4/2275 2219/4/2257 2222/4/2256 
f 2240/4/2276 2241/4/2277 2224/4/2260 2223/4/2259 
f 2242/4/2278 2240/4/2276 2223/4/2259 2226/4/2262 
f 2243/4/2279 2242/4/2278 2226/4/2262 2228/4/2264 
f 2244/4/2280 2243/4/2279 2228/4/2264 2230/4/2266 
f 2245/4/2281 2244/4/2280 2230/4/2266 2232/4/2268 
f 2245/4/2281 2232/4/2268 2235/4/2271 2246/4/2282 
f 2246/4/2282 2235/4/2271 2237/4/2273 2247/4/2283 
f 2237/4/2273 2126/4/2162 2247/4/2283 
f 2239/4/2274 2238/4/2274 2248/4/2284 2249/4/2284 
f 2241/4/2277 2248/4/2285 2238/4/2275 2224/4/2260 
f 2250/4/2286 2241/4/2277 2240/4/2276 2251/4/2287 
f 2252/4/2288 2251/4/2287 2240/4/2276 2242/4/2278 
f 2253/4/2289 2252/4/2288 2242/4/2278 2243/4/2279 
f 2254/4/2290 2253/4/2289 2243/4/2279 2244/4/2280 
f 2254/4/2290 2244/4/2280 2245/4/2281 2255/4/2291 
f 2255/4/2291 2245/4/2281 2246/4/2282 2256/4/2292 
f 2256/4/2292 2246/4/2282 2247/4/2283 2257/4/2293 
f 2247/4/2283 2126/4/2162 2257/4/2293 
f 2249/4/2284 2248/4/2284 2258/4/2294 2259/4/2294 
f 2258/4/2295 2248/4/2285 2241/4/2277 2250/4/2286 
f 2260/4/2296 2250/4/2286 2251/4/2287 2261/4/2297 
f 2261/4/2297 2251/4/2287 2252/4/2288 2262/4/2298 
f 2262/4/2298 2252/4/2288 2253/4/2289 2263/4/2299 
f 2263/4/2299 2253/4/2289 2254/4/2290 2264/4/2300 
f 2264/4/2300 2254/4/2290 2255/4/2291 2265/4/2301 
f 2265/4/2301 2255/4/2291 2256/4/2292 2266/4/2302 
f 2266/4/2302 2256/4/2292 2257/4/2293 2267/4/2303 
f 2257/4/2293 2126/4/2162 2267/4/2303 
f 2259/4/2294 2258/4/2294 2268/4/2304 2269/4/2304 
f 2268/4/2305 2258/4/2295 2250/4/2286 2260/4/2296 
f 2172/4/2208 2260/4/2296 2261/4/2297 2173/4/2209 
f 2173/4/2209 2261/4/2297 2262/4/2298 2175/4/2211 
f 2175/4/2211 2262/4/2298 2263/4/2299 2177/4/2213 
f 2263/4/2299 2264/4/2300 2179/4/2215 2177/4/2213 
f 2264/4/2300 2265/4/2301 2181/4/2217 2179/4/2215 
f 2181/4/2217 2265/4/2301 2266/4/2302 2183/4/2219 
f 2183/4/2219 2266/4/2302 2267/4/2303 2185/4/2221 
f 2267/4/2303 2126/4/2162 2185/4/2221 
f 2218/4/2254 2221/4/2254 2270/4/2306 2141/4/2306 
f 2271/4/2307 2272/4/2308 2273/4/2309 2274/4/2310 
f 2144/4/2180 2218/4/2258 2141/4/2177 2140/4/2176 
f 2225/4/2261 2222/4/2256 2144/4/2180 2143/4/2179 
f 2227/4/2263 2225/4/2261 2143/4/2179 2275/4/2311 
f 2271/4/2307 2274/4/2310 2126/4/2162 
f 2229/4/2265 2227/4/2263 2275/4/2311 2276/4/2312 
f 2231/4/2267 2229/4/2265 2276/4/2312 2277/4/2313 
f 2233/4/2269 2231/4/2267 2277/4/2313 2278/4/2314 
f 2234/4/2270 2233/4/2269 2278/4/2314 2272/4/2308 
f 2236/4/2272 2234/4/2270 2272/4/2308 2271/4/2307 
f 2236/4/2272 2271/4/2307 2126/4/2162 
f 2141/4/2306 2270/4/2306 2147/4/2183 2142/4/2183 
f 2125/4/2161 2170/4/2206 2126/4/2162 
f 2279/4/2315 2148/4/2184 2135/4/2171 2136/4/2172 
f 2280/4/2316 2279/4/2315 2136/4/2172 2138/4/2174 
f 2139/4/2175 2281/4/2317 2280/4/2316 2138/4/2174 
f 2273/4/2309 2281/4/2317 2139/4/2175 2124/4/2160 
f 2274/4/2310 2273/4/2309 2124/4/2160 2123/4/2159 
f 2274/4/2310 2123/4/2159 2126/4/2162 
f 2275/4/2311 2143/4/2179 2145/4/2181 2148/4/2184 
f 2276/4/2312 2275/4/2311 2148/4/2184 2279/4/2315 
f 2277/4/2313 2276/4/2312 2279/4/2315 2280/4/2316 
f 2278/4/2314 2277/4/2313 2280/4/2316 2281/4/2317 
f 2272/4/2308 2278/4/2314 2281/4/2317 2273/4/2309 
f 2269/4/2304 2268/4/2304 2189/4/2224 2188/4/2224 
f 2189/4/2226 2268/4/2305 2260/4/2296 2172/4/2208 
f 2216/4/2252 2217/4/2253 2168/4/2204 2166/4/2202 
f 2126/4/2162 2168/4/2204 2217/4/2253 
f 2282/4/2318 2149/4/2185 2152/4/2185 2283/4/2318 
f 2283/4/2319 2152/4/2187 2154/4/2190 2155/4/2191 
f 2284/4/2320 2155/4/2191 2157/4/2193 2285/4/2321 
f 2285/4/2321 2157/4/2193 2159/4/2195 2286/4/2322 
f 2286/4/2322 2159/4/2195 2161/4/2197 2287/4/2323 
f 2161/4/2197 2163/4/2199 2288/4/2324 2287/4/2323 
f 2163/4/2199 2165/4/2201 2289/4/2325 2288/4/2324 
f 2165/4/2201 2167/4/2203 2290/4/2326 2289/4/2325 
f 2167/4/2203 2169/4/2205 2291/4/2327 2290/4/2326 
f 2126/4/2162 2291/4/2327 2169/4/2205 
f 2292/4/2328 2282/4/2318 2283/4/2318 2293/4/2328 
f 2293/4/2329 2283/4/2319 2155/4/2191 2284/4/2320 
f 2294/4/2330 2284/4/2320 2285/4/2321 2295/4/2331 
f 2295/4/2331 2285/4/2321 2286/4/2322 2296/4/2332 
f 2296/4/2332 2286/4/2322 2287/4/2323 2297/4/2333 
f 2288/4/2324 2298/4/2334 2297/4/2333 2287/4/2323 
f 2289/4/2325 2299/4/2335 2298/4/2334 2288/4/2324 
f 2290/4/2326 2300/4/2336 2299/4/2335 2289/4/2325 
f 2291/4/2327 2301/4/2337 2300/4/2336 2290/4/2326 
f 2126/4/2162 2301/4/2337 2291/4/2327 
f 2302/4/2338 2303/4/2338 2292/4/2328 2293/4/2328 
f 2302/4/2339 2293/4/2329 2284/4/2320 2294/4/2330 
f 2304/4/2340 2294/4/2330 2295/4/2331 2305/4/2341 
f 2305/4/2341 2295/4/2331 2296/4/2332 2306/4/2342 
f 2306/4/2342 2296/4/2332 2297/4/2333 2307/4/2343 
f 2308/4/2344 2307/4/2343 2297/4/2333 2298/4/2334 
f 2299/4/2335 2309/4/2345 2308/4/2344 2298/4/2334 
f 2300/4/2336 2310/4/2346 2309/4/2345 2299/4/2335 
f 2301/4/2337 2311/4/2347 2310/4/2346 2300/4/2336 
f 2126/4/2162 2311/4/2347 2301/4/2337 
f 2312/4/2348 2313/4/2348 2303/4/2338 2302/4/2338 
f 2312/4/2349 2302/4/2339 2294/4/2330 2304/4/2340 
f 2314/4/2350 2304/4/2340 2305/4/2341 2315/4/2351 
f 2316/4/2352 2315/4/2351 2305/4/2341 2306/4/2342 
f 2317/4/2353 2316/4/2352 2306/4/2342 2307/4/2343 
f 2318/4/2354 2317/4/2353 2307/4/2343 2308/4/2344 
f 2319/4/2355 2318/4/2354 2308/4/2344 2309/4/2345 
f 2310/4/2346 2320/4/2356 2319/4/2355 2309/4/2345 
f 2311/4/2347 2321/4/2357 2320/4/2356 2310/4/2346 
f 2126/4/2162 2321/4/2357 2311/4/2347 
f 2322/4/2358 2323/4/2358 2313/4/2348 2312/4/2348 
f 2322/4/2359 2312/4/2349 2304/4/2340 2314/4/2350 
f 2324/4/2360 2325/4/2361 2314/4/2350 2315/4/2351 
f 2326/4/2362 2324/4/2360 2315/4/2351 2316/4/2352 
f 2327/4/2363 2326/4/2362 2316/4/2352 2317/4/2353 
f 2328/4/2364 2327/4/2363 2317/4/2353 2318/4/2354 
f 2329/4/2365 2328/4/2364 2318/4/2354 2319/4/2355 
f 2320/4/2356 2330/4/2366 2329/4/2365 2319/4/2355 
f 2321/4/2357 2331/4/2367 2330/4/2366 2320/4/2356 
f 2126/4/2162 2331/4/2367 2321/4/2357 
f 2322/4/2358 2332/4/2368 2333/4/2368 2323/4/2358 
f 2325/4/2361 2332/4/2369 2322/4/2359 2314/4/2350 
f 2334/4/2370 2335/4/2371 2325/4/2361 2324/4/2360 
f 2336/4/2372 2334/4/2370 2324/4/2360 2326/4/2362 
f 2337/4/2373 2336/4/2372 2326/4/2362 2327/4/2363 
f 2338/4/2374 2337/4/2373 2327/4/2363 2328/4/2364 
f 2339/4/2375 2338/4/2374 2328/4/2364 2329/4/2365 
f 2340/4/2376 2339/4/2375 2329/4/2365 2330/4/2366 
f 2331/4/2367 2341/4/2377 2340/4/2376 2330/4/2366 
f 2126/4/2162 2341/4/2377 2331/4/2367 
f 2332/4/2368 2342/4/2378 2343/4/2378 2333/4/2368 
f 2335/4/2371 2342/4/2379 2332/4/2369 2325/4/2361 
f 2344/4/2380 2345/4/2381 2335/4/2371 2334/4/2370 
f 2346/4/2382 2344/4/2380 2334/4/2370 2336/4/2372 
f 2347/4/2383 2346/4/2382 2336/4/2372 2337/4/2373 
f 2348/4/2384 2347/4/2383 2337/4/2373 2338/4/2374 
f 2349/4/2385 2348/4/2384 2338/4/2374 2339/4/2375 
f 2350/4/2386 2349/4/2385 2339/4/2375 2340/4/2376 
f 2341/4/2377 2351/4/2387 2350/4/2386 2340/4/2376 
f 2351/4/2387 2341/4/2377 2126/4/2162 
f 2342/4/2378 2352/4/2388 2353/4/2388 2343/4/2378 
f 2335/4/2371 2345/4/2381 2352/4/2389 2342/4/2379 
f 2115/4/2151 2131/4/2165 2345/4/2381 2344/4/2380 
f 2116/4/2152 2115/4/2151 2344/4/2380 2346/4/2382 
f 2118/4/2154 2116/4/2152 2346/4/2382 2347/4/2383 
f 2146/4/2182 2118/4/2154 2347/4/2383 2348/4/2384 
f 2121/4/2157 2146/4/2182 2348/4/2384 2349/4/2385 
f 2122/4/2158 2121/4/2157 2349/4/2385 2350/4/2386 
f 2170/4/2206 2122/4/2158 2350/4/2386 2351/4/2387 
f 2170/4/2206 2351/4/2387 2126/4/2162 
f 2352/4/2388 2127/4/2163 2130/4/2163 2353/4/2388 
f 2345/4/2381 2131/4/2165 2127/4/2168 2352/4/2389 
f 2354/4/2390 2355/4/2391 2356/4/2392 2357/4/2393 
f 2358/4/2394 2359/4/2395 2360/4/2396 
f 2361/4/2397 2362/4/2398 2363/4/2399 2364/4/2400 
f 2365/4/2401 2366/4/2402 2367/4/2403 2368/4/2404 
f 2369/4/2405 2370/4/2406 2371/4/2407 2372/4/2408 
f 2373/4/2409 2374/4/2410 2375/4/2411 2376/4/2412 
f 2377/4/2413 2378/4/2414 2379/4/2415 2380/4/2416 
f 2381/4/2417 2382/4/2418 2383/4/2419 2384/4/2420 
f 2385/4/2421 2386/4/2422 2387/4/2423 2388/4/2424 
f 2389/4/2425 2390/4/2426 2391/4/2427 2392/4/2428 
f 2393/4/2429 2394/4/2430 2395/4/2431 2396/4/2432 
f 2397/4/2433 2398/4/2434 2399/4/2435 2400/4/2436 
f 2358/4/2437 2401/4/2438 2402/4/2439 
f 2403/4/2440 2404/4/2441 2405/4/2442 2406/4/2443 
f 2407/4/2444 2408/4/2445 2409/4/2446 2410/4/2447 
f 2411/4/2448 2412/4/2449 2408/4/2445 2407/4/2444 
f 2413/4/2450 2369/4/2405 2372/4/2408 2414/4/2451 
f 2370/4/2406 2415/4/2452 2416/4/2453 2371/4/2407 
f 2417/4/2454 2418/4/2455 2373/4/2409 2376/4/2412 
f 2419/4/2456 2420/4/2457 2421/4/2458 2422/4/2459 
f 2423/4/2460 2424/4/2461 2412/4/2449 2411/4/2448 
f 2364/4/2400 2363/4/2399 2425/4/2462 2426/4/2463 
f 2427/4/2464 2428/4/2465 2355/4/2391 2354/4/2390 
f 2420/4/2457 2393/4/2429 2396/4/2432 2421/4/2458 
f 2429/4/2466 2430/4/2467 2431/4/2468 2432/4/2469 
f 2358/4/2470 2433/4/2471 2434/4/2472 
f 2378/4/2414 2435/4/2473 2436/4/2474 2379/4/2415 
f 2437/4/2475 2438/4/2476 2439/4/2477 2440/4/2478 
f 2434/4/2472 2433/4/2471 2435/4/2473 2378/4/2414 
f 2441/4/2479 2442/4/2480 2443/4/2481 2444/4/2482 
f 2445/4/2483 2446/4/2484 2447/4/2485 2448/4/2486 
f 2449/4/2487 2381/4/2417 2384/4/2420 2450/4/2488 
f 2451/4/2489 2452/4/2490 2453/4/2491 2454/4/2492 
f 2382/4/2418 2455/4/2493 2456/4/2494 2383/4/2419 
f 2457/4/2495 2397/4/2433 2400/4/2436 2458/4/2496 
f 2358/4/2497 2418/4/2455 2417/4/2454 
f 2459/4/2498 2460/4/2499 2461/4/2500 2462/4/2501 
f 2432/4/2469 2431/4/2468 2463/4/2502 2464/4/2503 
f 2426/4/2463 2425/4/2462 2452/4/2490 2451/4/2489 
f 2402/4/2439 2401/4/2438 2465/4/2504 2466/4/2505 
f 2467/4/2506 2468/4/2507 2469/4/2508 2470/4/2509 
f 2471/4/2510 2467/4/2506 2470/4/2509 2472/4/2511 
f 2473/4/2512 2474/4/2513 2438/4/2476 2437/4/2475 
f 2474/4/2513 2475/4/2514 2476/4/2515 2438/4/2476 
f 2477/4/2516 2478/4/2517 2479/4/2518 2480/4/2519 
f 2481/4/2520 2482/4/2521 2483/4/2522 2484/4/2523 
f 2485/4/2524 2486/4/2525 2487/4/2526 2488/4/2527 
f 2489/4/2528 2490/4/2529 2491/4/2530 2492/4/2531 
f 2386/4/2422 2471/4/2510 2472/4/2511 2387/4/2423 
f 2446/4/2484 2493/4/2532 2494/4/2533 2447/4/2485 
f 2495/4/2534 2496/4/2535 2497/4/2536 2498/4/2537 
f 2390/4/2426 2489/4/2528 2492/4/2531 2499/4/2538 
f 2500/4/2539 2501/4/2540 2502/4/2541 2503/4/2542 
f 2475/4/2514 2504/4/2543 2449/4/2487 2476/4/2515 
f 2505/4/2544 2506/4/2545 2507/4/2546 2508/4/2547 
f 2509/4/2548 2481/4/2520 2484/4/2523 2510/4/2549 
f 2482/4/2521 2457/4/2495 2458/4/2496 2483/4/2522 
f 2511/4/2550 2454/4/2492 2478/4/2517 2477/4/2516 
f 2496/4/2535 2512/4/2551 2513/4/2552 2497/4/2536 
f 2460/4/2499 2392/4/2428 2391/4/2427 2461/4/2500 
f 2430/4/2467 2398/4/2434 2397/4/2433 2431/4/2468 
f 2514/4/2553 2508/4/2547 2507/4/2546 2515/4/2554 
f 2438/4/2476 2476/4/2515 2516/4/2555 2439/4/2477 
f 2366/4/2402 2517/4/2556 2518/4/2557 2367/4/2403 
f 2493/4/2532 2482/4/2521 2481/4/2520 2494/4/2533 
f 2406/4/2443 2405/4/2442 2362/4/2398 2361/4/2397 
f 2504/4/2543 2519/4/2558 2520/4/2559 2521/4/2560 
f 2380/4/2416 2379/4/2415 2522/4/2561 2523/4/2562 
f 2524/4/2563 2426/4/2463 2451/4/2489 2525/4/2564 
f 2388/4/2424 2387/4/2423 2526/4/2565 2527/4/2566 
f 2470/4/2509 2469/4/2508 2528/4/2567 2529/4/2568 
f 2530/4/2569 2515/4/2554 2531/4/2570 2532/4/2571 
f 2494/4/2533 2481/4/2520 2509/4/2548 2533/4/2572 
f 2442/4/2480 2495/4/2534 2498/4/2537 2443/4/2481 
f 2533/4/2572 2509/4/2548 2490/4/2529 2534/4/2573 
f 2535/4/2574 2437/4/2475 2440/4/2478 2536/4/2575 
f 2537/4/2576 2538/4/2577 2539/4/2578 2540/4/2579 
f 2541/4/2580 2519/4/2558 2504/4/2543 2475/4/2514 
f 2542/4/2581 2543/4/2582 2500/4/2539 2503/4/2542 
f 2538/4/2577 2544/4/2583 2545/4/2584 2539/4/2578 
f 2377/4/2413 2546/4/2585 2434/4/2472 2378/4/2414 
f 2358/4/2586 2434/4/2472 2546/4/2585 
f 2456/4/2494 2530/4/2569 2532/4/2571 2547/4/2587 
f 2462/4/2501 2418/4/2455 2358/4/2588 
f 2458/4/2496 2400/4/2436 2548/4/2589 2549/4/2590 
f 2358/4/2591 2550/4/2592 2551/4/2593 
f 2376/4/2412 2375/4/2411 2386/4/2422 2385/4/2421 
f 2435/4/2473 2403/4/2440 2406/4/2443 2436/4/2474 
f 2358/4/2594 2551/4/2593 2433/4/2471 
f 2552/4/2595 2432/4/2469 2464/4/2503 2553/4/2596 
f 2483/4/2522 2458/4/2496 2549/4/2590 2554/4/2597 
f 2484/4/2523 2483/4/2522 2554/4/2597 2555/4/2598 
f 2405/4/2442 2556/4/2599 2557/4/2600 2362/4/2398 
f 2510/4/2549 2484/4/2523 2555/4/2598 2558/4/2601 
f 2433/4/2471 2551/4/2593 2403/4/2440 2435/4/2473 
f 2534/4/2573 2490/4/2529 2489/4/2528 2559/4/2602 
f 2472/4/2511 2470/4/2509 2529/4/2568 2560/4/2603 
f 2425/4/2462 2561/4/2604 2562/4/2605 2452/4/2490 
f 2417/4/2454 2563/4/2606 2358/4/2607 
f 2540/4/2579 2564/4/2608 2565/4/2609 2566/4/2610 
f 2447/4/2485 2494/4/2533 2533/4/2572 2567/4/2611 
f 2517/4/2556 2568/4/2612 2569/4/2613 2518/4/2557 
f 2507/4/2546 2506/4/2545 2570/4/2614 2571/4/2615 
f 2525/4/2564 2451/4/2489 2454/4/2492 2511/4/2550 
f 2543/4/2582 2572/4/2616 2566/4/2610 2500/4/2539 
f 2573/4/2617 2361/4/2397 2364/4/2400 2574/4/2618 
f 2431/4/2468 2397/4/2433 2457/4/2495 2463/4/2502 
f 2575/4/2619 2576/4/2620 2568/4/2612 2517/4/2556 
f 2577/4/2621 2578/4/2622 2576/4/2620 2575/4/2619 
f 2400/4/2436 2399/4/2435 2579/4/2623 2548/4/2589 
f 2362/4/2398 2557/4/2600 2580/4/2624 2363/4/2399 
f 2492/4/2531 2491/4/2530 2581/4/2625 2582/4/2626 
f 2356/4/2392 2525/4/2564 2511/4/2550 2583/4/2627 
f 2487/4/2526 2358/4/2628 2488/4/2527 
f 2453/4/2491 2584/4/2629 2578/4/2622 2577/4/2621 
f 2491/4/2530 2510/4/2549 2558/4/2601 2581/4/2625 
f 2373/4/2409 2461/4/2500 2391/4/2427 2374/4/2410 
f 2501/4/2540 2585/4/2630 2586/4/2631 2502/4/2541 
f 2452/4/2490 2562/4/2605 2584/4/2629 2453/4/2491 
f 2468/4/2507 2587/4/2632 2588/4/2633 2469/4/2508 
f 2463/4/2502 2457/4/2495 2482/4/2521 2493/4/2532 
f 2572/4/2616 2537/4/2576 2540/4/2579 2566/4/2610 
f 2436/4/2474 2406/4/2443 2361/4/2397 2573/4/2617 
f 2375/4/2411 2589/4/2634 2471/4/2510 2386/4/2422 
f 2418/4/2455 2462/4/2501 2461/4/2500 2373/4/2409 
f 2590/4/2635 2514/4/2553 2515/4/2554 2530/4/2569 
f 2374/4/2410 2499/4/2538 2589/4/2634 2375/4/2411 
f 2591/4/2636 2473/4/2512 2437/4/2475 2535/4/2574 
f 2587/4/2632 2592/4/2637 2593/4/2638 2588/4/2633 
f 2464/4/2503 2463/4/2502 2493/4/2532 2446/4/2484 
f 2512/4/2551 2594/4/2639 2595/4/2640 2513/4/2552 
f 2503/4/2542 2502/4/2541 2596/4/2641 2597/4/2642 
f 2455/4/2493 2590/4/2635 2530/4/2569 2456/4/2494 
f 2598/4/2643 2441/4/2479 2444/4/2482 2599/4/2644 
f 2448/4/2486 2447/4/2485 2567/4/2611 2600/4/2645 
f 2379/4/2415 2436/4/2474 2573/4/2617 2522/4/2561 
f 2357/4/2393 2356/4/2392 2583/4/2627 2564/4/2608 
f 2544/4/2583 2419/4/2456 2422/4/2459 2545/4/2584 
f 2479/4/2518 2575/4/2619 2517/4/2556 2366/4/2402 
f 2428/4/2465 2574/4/2618 2524/4/2563 2355/4/2391 
f 2601/4/2646 2602/4/2647 2603/4/2648 2604/4/2649 
f 2564/4/2608 2583/4/2627 2605/4/2650 2565/4/2609 
f 2592/4/2637 2413/4/2450 2414/4/2451 2593/4/2638 
f 2553/4/2596 2464/4/2503 2446/4/2484 2445/4/2483 
f 2565/4/2609 2605/4/2650 2585/4/2630 2501/4/2540 
f 2559/4/2602 2489/4/2528 2390/4/2426 2389/4/2425 
f 2606/4/2651 2607/4/2652 2601/4/2646 2604/4/2649 
f 2454/4/2492 2453/4/2491 2577/4/2621 2478/4/2517 
f 2358/4/2653 2570/4/2614 2506/4/2545 
f 2408/4/2445 2389/4/2425 2392/4/2428 2409/4/2446 
f 2586/4/2631 2365/4/2401 2368/4/2404 2608/4/2654 
f 2583/4/2627 2511/4/2550 2477/4/2516 2605/4/2650 
f 2609/4/2655 2423/4/2460 2411/4/2448 2610/4/2656 
f 2519/4/2558 2611/4/2657 2612/4/2658 2520/4/2559 
f 2488/4/2527 2358/4/2659 2613/4/2660 
f 2601/4/2646 2610/4/2656 2614/4/2661 2602/4/2647 
f 2412/4/2449 2559/4/2602 2389/4/2425 2408/4/2445 
f 2585/4/2630 2480/4/2519 2365/4/2401 2586/4/2631 
f 2424/4/2461 2534/4/2573 2559/4/2602 2412/4/2449 
f 2520/4/2559 2612/4/2658 2609/4/2655 2607/4/2652 
f 2487/4/2526 2459/4/2498 2358/4/2662 
f 2607/4/2652 2609/4/2655 2610/4/2656 2601/4/2646 
f 2615/4/2663 2485/4/2524 2488/4/2527 2613/4/2660 
f 2616/4/2664 2410/4/2447 2485/4/2524 2615/4/2663 
f 2602/4/2647 2614/4/2661 2616/4/2664 2617/4/2665 
f 2541/4/2580 2618/4/2666 2611/4/2657 2519/4/2558 
f 2610/4/2656 2411/4/2448 2407/4/2444 2614/4/2661 
f 2613/4/2660 2402/4/2439 2466/4/2505 2615/4/2663 
f 2619/4/2667 2541/4/2580 2475/4/2514 2474/4/2513 
f 2358/4/2668 2402/4/2439 2613/4/2660 
f 2611/4/2657 2448/4/2486 2600/4/2645 2612/4/2658 
f 2617/4/2665 2616/4/2664 2615/4/2663 2466/4/2505 
f 2618/4/2666 2445/4/2483 2448/4/2486 2611/4/2657 
f 2473/4/2512 2620/4/2669 2619/4/2667 2474/4/2513 
f 2621/4/2670 2553/4/2596 2445/4/2483 2618/4/2666 
f 2622/4/2671 2620/4/2669 2473/4/2512 2591/4/2636 
f 2619/4/2667 2621/4/2670 2618/4/2666 2541/4/2580 
f 2623/4/2672 2552/4/2595 2553/4/2596 2621/4/2670 
f 2612/4/2658 2600/4/2645 2423/4/2460 2609/4/2655 
f 2624/4/2673 2625/4/2674 2552/4/2595 2623/4/2672 
f 2620/4/2669 2623/4/2672 2621/4/2670 2619/4/2667 
f 2625/4/2674 2429/4/2466 2432/4/2469 2552/4/2595 
f 2614/4/2661 2407/4/2444 2410/4/2447 2616/4/2664 
f 2602/4/2647 2617/4/2665 2626/4/2675 2603/4/2648 
f 2490/4/2529 2509/4/2548 2510/4/2549 2491/4/2530 
f 2410/4/2447 2409/4/2446 2486/4/2525 2485/4/2524 
f 2476/4/2515 2449/4/2487 2450/4/2488 2516/4/2555 
f 2459/4/2498 2462/4/2501 2358/4/2676 
f 2522/4/2561 2573/4/2617 2574/4/2618 2428/4/2465 
f 2523/4/2562 2522/4/2561 2428/4/2465 2427/4/2464 
f 2551/4/2593 2550/4/2592 2404/4/2441 2403/4/2440 
f 2627/4/2677 2358/4/2678 2628/4/2679 
f 2480/4/2519 2479/4/2518 2366/4/2402 2365/4/2401 
f 2360/4/2396 2359/4/2395 2388/4/2424 2527/4/2566 
f 2536/4/2575 2440/4/2478 2441/4/2479 2598/4/2643 
f 2358/4/2680 2546/4/2585 2628/4/2679 
f 2571/4/2615 2570/4/2614 2629/4/2681 2630/4/2682 
f 2404/4/2441 2631/4/2683 2556/4/2599 2405/4/2442 
f 2440/4/2478 2439/4/2477 2442/4/2480 2441/4/2479 
f 2547/4/2587 2532/4/2571 2632/4/2684 2633/4/2685 
f 2605/4/2650 2477/4/2516 2480/4/2519 2585/4/2630 
f 2513/4/2552 2595/4/2640 2544/4/2583 2538/4/2577 
f 2439/4/2477 2516/4/2555 2495/4/2534 2442/4/2480 
f 2550/4/2592 2634/4/2686 2631/4/2683 2404/4/2441 
f 2358/4/2687 2634/4/2686 2550/4/2592 
f 2465/4/2504 2508/4/2547 2514/4/2553 2626/4/2675 
f 2396/4/2432 2380/4/2416 2523/4/2562 2421/4/2458 
f 2635/4/2688 2636/4/2689 2569/4/2613 2568/4/2612 
f 2516/4/2555 2450/4/2488 2496/4/2535 2495/4/2534 
f 2576/4/2620 2637/4/2690 2635/4/2688 2568/4/2612 
f 2395/4/2431 2628/4/2679 2546/4/2585 2377/4/2413 
f 2599/4/2644 2444/4/2482 2542/4/2581 2638/4/2691 
f 2539/4/2578 2357/4/2393 2564/4/2608 2540/4/2579 
f 2401/4/2438 2505/4/2544 2508/4/2547 2465/4/2504 
f 2578/4/2622 2639/4/2692 2637/4/2690 2576/4/2620 
f 2594/4/2639 2547/4/2587 2633/4/2685 2595/4/2640 
f 2580/4/2624 2529/4/2568 2528/4/2567 2561/4/2604 
f 2487/4/2526 2486/4/2525 2460/4/2499 2459/4/2498 
f 2640/4/2693 2641/4/2694 2584/4/2629 2562/4/2605 
f 2641/4/2694 2639/4/2692 2578/4/2622 2584/4/2629 
f 2532/4/2571 2531/4/2570 2642/4/2695 2632/4/2684 
f 2603/4/2648 2626/4/2675 2514/4/2553 2590/4/2635 
f 2545/4/2584 2354/4/2390 2357/4/2393 2539/4/2578 
f 2358/4/2696 2505/4/2544 2401/4/2438 
f 2444/4/2482 2443/4/2481 2543/4/2582 2542/4/2581 
f 2358/4/2697 2629/4/2681 2570/4/2614 
f 2422/4/2459 2427/4/2464 2354/4/2390 2545/4/2584 
f 2521/4/2560 2606/4/2651 2382/4/2418 2381/4/2417 
f 2528/4/2567 2640/4/2693 2562/4/2605 2561/4/2604 
f 2421/4/2458 2523/4/2562 2427/4/2464 2422/4/2459 
f 2396/4/2432 2395/4/2431 2377/4/2413 2380/4/2416 
f 2443/4/2481 2498/4/2537 2572/4/2616 2543/4/2582 
f 2560/4/2603 2529/4/2568 2580/4/2624 2557/4/2600 
f 2417/4/2454 2376/4/2412 2385/4/2421 2563/4/2606 
f 2604/4/2649 2603/4/2648 2590/4/2635 2455/4/2493 
f 2450/4/2488 2384/4/2420 2512/4/2551 2496/4/2535 
f 2498/4/2537 2497/4/2536 2537/4/2576 2572/4/2616 
f 2363/4/2399 2580/4/2624 2561/4/2604 2425/4/2462 
f 2558/4/2601 2555/4/2598 2592/4/2637 2587/4/2632 
f 2589/4/2634 2582/4/2626 2467/4/2506 2471/4/2510 
f 2595/4/2640 2633/4/2685 2419/4/2456 2544/4/2583 
f 2526/4/2565 2560/4/2603 2557/4/2600 2556/4/2599 
f 2631/4/2683 2527/4/2566 2526/4/2565 2556/4/2599 
f 2358/4/2698 2506/4/2545 2505/4/2544 
f 2638/4/2691 2542/4/2581 2503/4/2542 2597/4/2642 
f 2409/4/2446 2392/4/2428 2460/4/2499 2486/4/2525 
f 2634/4/2686 2360/4/2396 2527/4/2566 2631/4/2683 
f 2384/4/2420 2383/4/2419 2594/4/2639 2512/4/2551 
f 2629/4/2681 2358/4/2699 2627/4/2677 
f 2563/4/2606 2359/4/2395 2358/4/2700 
f 2549/4/2590 2548/4/2589 2370/4/2406 2369/4/2405 
f 2469/4/2508 2588/4/2633 2640/4/2693 2528/4/2567 
f 2371/4/2407 2416/4/2453 2636/4/2689 2635/4/2688 
f 2394/4/2430 2630/4/2682 2629/4/2681 2627/4/2677 
f 2554/4/2597 2549/4/2590 2369/4/2405 2413/4/2450 
f 2633/4/2685 2632/4/2684 2420/4/2457 2419/4/2456 
f 2606/4/2651 2604/4/2649 2455/4/2493 2382/4/2418 
f 2563/4/2606 2385/4/2421 2388/4/2424 2359/4/2395 
f 2383/4/2419 2456/4/2494 2547/4/2587 2594/4/2639 
f 2502/4/2541 2586/4/2631 2608/4/2654 2596/4/2641 
f 2642/4/2695 2630/4/2682 2394/4/2430 2393/4/2429 
f 2372/4/2408 2371/4/2407 2635/4/2688 2637/4/2690 
f 2588/4/2633 2593/4/2638 2641/4/2694 2640/4/2693 
f 2622/4/2671 2624/4/2673 2623/4/2672 2620/4/2669 
f 2555/4/2598 2554/4/2597 2413/4/2450 2592/4/2637 
f 2548/4/2589 2579/4/2623 2415/4/2452 2370/4/2406 
f 2358/4/2701 2360/4/2396 2634/4/2686 
f 2414/4/2451 2372/4/2408 2637/4/2690 2639/4/2692 
f 2632/4/2684 2642/4/2695 2393/4/2429 2420/4/2457 
f 2574/4/2618 2364/4/2400 2426/4/2463 2524/4/2563 
f 2593/4/2638 2414/4/2451 2639/4/2692 2641/4/2694 
f 2582/4/2626 2581/4/2625 2468/4/2507 2467/4/2506 
f 2581/4/2625 2558/4/2601 2587/4/2632 2468/4/2507 
f 2394/4/2430 2627/4/2677 2628/4/2679 2395/4/2431 
f 2478/4/2517 2577/4/2621 2575/4/2619 2479/4/2518 
f 2355/4/2391 2524/4/2563 2525/4/2564 2356/4/2392 
f 2515/4/2554 2507/4/2546 2571/4/2615 2531/4/2570 
f 2566/4/2610 2565/4/2609 2501/4/2540 2500/4/2539 
f 2391/4/2427 2390/4/2426 2499/4/2538 2374/4/2410 
f 2497/4/2536 2513/4/2552 2538/4/2577 2537/4/2576 
f 2567/4/2611 2533/4/2572 2534/4/2573 2424/4/2461 
f 2531/4/2570 2571/4/2615 2630/4/2682 2642/4/2695 
f 2504/4/2543 2521/4/2560 2381/4/2417 2449/4/2487 
f 2520/4/2559 2607/4/2652 2606/4/2651 2521/4/2560 
f 2600/4/2645 2567/4/2611 2424/4/2461 2423/4/2460 
f 2466/4/2505 2465/4/2504 2626/4/2675 2617/4/2665 
f 2387/4/2423 2472/4/2511 2560/4/2603 2526/4/2565 
f 2499/4/2538 2492/4/2531 2582/4/2626 2589/4/2634 
f 2643/4/2702 2644/4/2703 2645/4/2704 2646/4/2705 
f 2647/4/2228 2648/4/2238 2649/4/2237 2650/4/2227 
f 2651/4/2341 2652/4/2351 2653/4/2350 2654/4/2340 
f 2655/4/2247 2656/4/2192 2657/4/2190 2658/4/2189 
f 2659/4/2706 2660/4/2707 2661/4/2708 2662/4/2709 
f 2663/4/2710 2659/4/2706 2662/4/2709 2664/4/2711 
f 2650/4/2227 2649/4/2237 2665/4/2712 2666/4/2713 
f 2667/4/2714 2668/4/2715 2669/4/2322 2670/4/2195 
f 2671/4/2716 2672/4/2717 2673/4/2718 
f 2674/4/2193 2675/4/2321 2676/4/2320 2677/4/2191 
f 2678/4/2332 2679/4/2342 2651/4/2341 2680/4/2331 
f 2672/4/2717 2681/4/2719 2682/4/2720 
f 2683/4/2194 2670/4/2195 2674/4/2193 2656/4/2192 
f 2672/4/2717 2684/4/2721 2685/4/2722 
f 2323/4/2358 2333/4/2368 2686/4/2368 2687/4/2358 
f 2688/4/2297 2689/4/2209 2690/4/2208 2691/4/2296 
f 2687/4/2723 2686/4/2724 2692/4/2298 2693/4/2288 
f 2668/4/2715 2694/4/2725 2678/4/2332 2669/4/2322 
f 2695/4/2726 2696/4/2239 2697/4/2229 2698/4/2727 
f 2699/4/2278 2700/4/2728 2687/4/2723 2693/4/2288 
f 2675/4/2321 2680/4/2331 2701/4/2330 2676/4/2320 
f 2657/4/2190 2677/4/2191 2702/4/2729 2703/4/2730 
f 2704/4/2731 2683/4/2194 2705/4/2248 2706/4/2732 
f 2676/4/2320 2701/4/2330 2707/4/2733 2708/4/2734 
f 2709/4/2735 2710/4/2736 2711/4/2737 2712/4/2738 
f 2680/4/2331 2651/4/2341 2654/4/2340 2701/4/2330 
f 2713/4/2276 2699/4/2278 2693/4/2288 2714/4/2287 
f 2715/4/2739 2716/4/2740 2672/4/2717 
f 2221/4/2254 2667/4/2254 2704/4/2306 2270/4/2306 
f 2717/4/2741 2703/4/2730 2718/4/2742 2719/4/2743 
f 2718/4/2742 2643/4/2702 2720/4/2744 2719/4/2743 
f 2702/4/2729 2708/4/2734 2721/4/2745 2722/4/2746 
f 2723/4/2747 2672/4/2717 2724/4/2748 
f 2694/4/2274 2239/4/2274 2249/4/2284 2725/4/2284 
f 2715/4/2739 2663/4/2710 2664/4/2711 2716/4/2740 
f 2658/4/2189 2657/4/2190 2703/4/2730 2717/4/2741 
f 2726/4/2749 2727/4/2750 2728/4/2751 2729/4/2752 
f 2730/4/2753 2731/4/2754 2682/4/2720 2732/4/2755 
f 2725/4/2284 2249/4/2284 2259/4/2294 2733/4/2294 
f 2693/4/2288 2692/4/2298 2688/4/2297 2714/4/2287 
f 2734/4/2756 2735/4/2757 2659/4/2706 2663/4/2710 
f 2701/4/2330 2654/4/2340 2736/4/2758 2707/4/2733 
f 2737/4/2759 2732/4/2755 2738/4/2760 2739/4/2761 
f 2672/4/2717 2682/4/2720 2731/4/2754 
f 2740/4/2762 2715/4/2739 2672/4/2717 
f 2740/4/2762 2734/4/2756 2663/4/2710 2715/4/2739 
f 2741/4/2763 2672/4/2717 2731/4/2754 
f 2742/4/2764 2741/4/2763 2731/4/2754 2730/4/2753 
f 2743/4/2765 2744/4/2766 2742/4/2764 2730/4/2753 
f 2745/4/2767 2746/4/2768 2744/4/2766 2743/4/2765 
f 2747/4/2769 2748/4/2770 2746/4/2768 2745/4/2767 
f 2690/4/2208 2749/4/2207 2748/4/2770 2747/4/2769 
f 2689/4/2209 2750/4/2210 2749/4/2207 2690/4/2208 
f 2751/4/2211 2752/4/2212 2750/4/2210 2689/4/2209 
f 2753/4/2771 2752/4/2212 2751/4/2211 2754/4/2772 
f 2343/4/2378 2353/4/2388 2753/4/2388 2754/4/2378 
f 2673/4/2718 2672/4/2717 2741/4/2763 
f 2742/4/2764 2755/4/2773 2673/4/2718 2741/4/2763 
f 2744/4/2766 2756/4/2774 2755/4/2773 2742/4/2764 
f 2746/4/2768 2757/4/2775 2756/4/2774 2744/4/2766 
f 2748/4/2770 2666/4/2713 2757/4/2775 2746/4/2768 
f 2749/4/2207 2650/4/2227 2666/4/2713 2748/4/2770 
f 2750/4/2210 2647/4/2228 2650/4/2227 2749/4/2207 
f 2752/4/2212 2697/4/2229 2647/4/2228 2750/4/2210 
f 2698/4/2727 2697/4/2229 2752/4/2212 2753/4/2771 
f 2353/4/2388 2130/4/2163 2698/4/2163 2753/4/2388 
f 2756/4/2774 2758/4/2776 2759/4/2777 2755/4/2773 
f 2718/4/2742 2722/4/2746 2644/4/2703 2643/4/2702 
f 2708/4/2734 2707/4/2733 2760/4/2778 2721/4/2745 
f 2654/4/2340 2653/4/2350 2761/4/2779 2736/4/2758 
f 2651/4/2341 2679/4/2342 2762/4/2352 2652/4/2351 
f 2736/4/2758 2761/4/2779 2661/4/2708 2660/4/2707 
f 2758/4/2776 2763/4/2780 2719/4/2743 2720/4/2744 
f 2656/4/2192 2674/4/2193 2677/4/2191 2657/4/2190 
f 2666/4/2713 2665/4/2712 2763/4/2780 2757/4/2775 
f 2724/4/2748 2672/4/2717 2764/4/2781 
f 2270/4/2306 2704/4/2306 2706/4/2183 2147/4/2183 
f 2697/4/2229 2696/4/2239 2648/4/2238 2647/4/2228 
f 2706/4/2732 2705/4/2248 2696/4/2239 2695/4/2726 
f 2759/4/2777 2765/4/2782 2764/4/2781 2671/4/2716 
f 2765/4/2782 2646/4/2705 2724/4/2748 2764/4/2781 
f 2130/4/2163 2129/4/2164 2695/4/2164 2698/4/2163 
f 2764/4/2781 2672/4/2717 2671/4/2716 
f 2758/4/2776 2720/4/2744 2765/4/2782 2759/4/2777 
f 2763/4/2780 2665/4/2712 2717/4/2741 2719/4/2743 
f 2649/4/2237 2658/4/2189 2717/4/2741 2665/4/2712 
f 2707/4/2733 2736/4/2758 2660/4/2707 2760/4/2778 
f 2648/4/2238 2655/4/2247 2658/4/2189 2649/4/2237 
f 2695/4/2164 2129/4/2164 2147/4/2183 2706/4/2183 
f 2696/4/2239 2705/4/2248 2655/4/2247 2648/4/2238 
f 2757/4/2775 2763/4/2780 2758/4/2776 2756/4/2774 
f 2721/4/2745 2760/4/2778 2735/4/2757 2766/4/2783 
f 2646/4/2705 2645/4/2704 2723/4/2747 2724/4/2748 
f 2713/4/2276 2714/4/2287 2767/4/2286 2768/4/2277 
f 2768/4/2277 2767/4/2286 2727/4/2750 2726/4/2749 
f 2769/4/2784 2770/4/2785 2672/4/2717 
f 2769/4/2784 2771/4/2786 2772/4/2787 2770/4/2785 
f 2771/4/2786 2773/4/2788 2774/4/2789 2772/4/2787 
f 2774/4/2789 2773/4/2788 2775/4/2790 2776/4/2791 
f 2776/4/2791 2775/4/2790 2777/4/2792 2778/4/2793 
f 2779/4/2794 2685/4/2722 2684/4/2721 2780/4/2795 
f 2781/4/2796 2779/4/2794 2780/4/2795 2709/4/2735 
f 2782/4/2797 2781/4/2796 2709/4/2735 2712/4/2738 
f 2783/4/2798 2782/4/2797 2712/4/2738 2784/4/2799 
f 2784/4/2799 2785/4/2256 2786/4/2260 2783/4/2798 
f 2785/4/2256 2787/4/2261 2788/4/2259 2786/4/2260 
f 2787/4/2261 2789/4/2263 2790/4/2262 2788/4/2259 
f 2789/4/2263 2791/4/2800 2792/4/2801 2790/4/2262 
f 2303/4/2338 2792/4/2338 2791/4/2328 2292/4/2328 
f 2672/4/2717 2685/4/2722 2793/4/2802 
f 2794/4/2803 2793/4/2802 2685/4/2722 2779/4/2794 
f 2795/4/2804 2794/4/2803 2779/4/2794 2781/4/2796 
f 2729/4/2752 2795/4/2804 2781/4/2796 2782/4/2797 
f 2783/4/2798 2726/4/2749 2729/4/2752 2782/4/2797 
f 2783/4/2798 2786/4/2260 2768/4/2277 2726/4/2749 
f 2786/4/2260 2788/4/2259 2713/4/2276 2768/4/2277 
f 2788/4/2259 2790/4/2262 2699/4/2278 2713/4/2276 
f 2790/4/2262 2792/4/2801 2700/4/2728 2699/4/2278 
f 2313/4/2348 2700/4/2348 2792/4/2338 2303/4/2338 
f 2679/4/2342 2725/4/2805 2733/4/2806 2762/4/2352 
f 2704/4/2731 2667/4/2714 2670/4/2195 2683/4/2194 
f 2686/4/2724 2754/4/2772 2751/4/2211 2692/4/2298 
f 2333/4/2368 2343/4/2378 2754/4/2378 2686/4/2368 
f 2705/4/2248 2683/4/2194 2656/4/2192 2655/4/2247 
f 2670/4/2195 2669/4/2322 2675/4/2321 2674/4/2193 
f 2669/4/2322 2678/4/2332 2680/4/2331 2675/4/2321 
f 2727/4/2750 2796/4/2807 2797/4/2808 2728/4/2751 
f 2767/4/2286 2691/4/2296 2796/4/2807 2727/4/2750 
f 2714/4/2287 2688/4/2297 2691/4/2296 2767/4/2286 
f 2677/4/2191 2676/4/2320 2708/4/2734 2702/4/2729 
f 2694/4/2725 2725/4/2805 2679/4/2342 2678/4/2332 
f 2798/4/2809 2740/4/2762 2672/4/2717 
f 2720/4/2744 2643/4/2702 2646/4/2705 2765/4/2782 
f 2755/4/2773 2759/4/2777 2671/4/2716 2673/4/2718 
f 2732/4/2755 2682/4/2720 2681/4/2719 2738/4/2760 
f 2799/4/2176 2800/4/2181 2801/4/2179 2802/4/2180 
f 2800/4/2181 2803/4/2184 2804/4/2311 2801/4/2179 
f 2803/4/2184 2805/4/2810 2806/4/2811 2804/4/2311 
f 2806/4/2318 2805/4/2185 2149/4/2185 2282/4/2318 
f 2672/4/2717 2807/4/2812 2684/4/2721 
f 2684/4/2721 2807/4/2812 2808/4/2813 2780/4/2795 
f 2780/4/2795 2808/4/2813 2710/4/2736 2709/4/2735 
f 2672/4/2717 2809/4/2814 2810/4/2815 
f 2811/4/2149 2812/4/2816 2813/4/2817 2814/4/2171 
f 2813/4/2186 2812/4/2245 2209/4/2245 2150/4/2186 
f 2810/4/2815 2809/4/2814 2815/4/2818 2816/4/2819 
f 2816/4/2819 2815/4/2818 2817/4/2820 2818/4/2821 
f 2818/4/2821 2817/4/2820 2819/4/2822 2820/4/2823 
f 2821/4/2169 2814/4/2171 2803/4/2184 2800/4/2181 
f 2672/4/2717 2822/4/2824 2809/4/2814 
f 2820/4/2823 2819/4/2822 2823/4/2825 2824/4/2826 
f 2824/4/2826 2823/4/2825 2825/4/2170 2799/4/2176 
f 2825/4/2170 2821/4/2169 2800/4/2181 2799/4/2176 
f 2817/4/2820 2826/4/2827 2827/4/2828 2819/4/2822 
f 2828/4/2829 2829/4/2830 2830/4/2165 2831/4/2166 
f 2830/4/2165 2832/4/2151 2833/4/2150 2831/4/2166 
f 2832/4/2151 2834/4/2152 2811/4/2149 2833/4/2150 
f 2822/4/2824 2835/4/2831 2836/4/2832 2837/4/2833 
f 2837/4/2833 2836/4/2832 2838/4/2834 2826/4/2827 
f 2826/4/2827 2838/4/2834 2839/4/2835 2827/4/2828 
f 2827/4/2828 2839/4/2835 2829/4/2830 2828/4/2829 
f 2652/4/2351 2762/4/2352 2840/4/2362 2841/4/2360 
f 2762/4/2352 2733/4/2806 2842/4/2836 2840/4/2362 
f 2733/4/2294 2259/4/2294 2269/4/2304 2842/4/2304 
f 2220/4/2255 2239/4/2274 2694/4/2274 2668/4/2255 
f 2831/4/2166 2833/4/2150 2821/4/2169 2825/4/2170 
f 2802/4/2180 2801/4/2179 2787/4/2261 2785/4/2256 
f 2801/4/2179 2804/4/2311 2789/4/2263 2787/4/2261 
f 2804/4/2311 2806/4/2811 2791/4/2800 2789/4/2263 
f 2712/4/2738 2711/4/2737 2843/4/2837 2784/4/2799 
f 2843/4/2837 2802/4/2180 2785/4/2256 2784/4/2799 
f 2805/4/2185 2813/4/2186 2150/4/2186 2149/4/2185 
f 2791/4/2328 2806/4/2318 2282/4/2318 2292/4/2328 
f 2672/4/2717 2835/4/2831 2822/4/2824 
f 2814/4/2171 2813/4/2817 2805/4/2810 2803/4/2184 
f 2809/4/2814 2822/4/2824 2837/4/2833 2815/4/2818 
f 2815/4/2818 2837/4/2833 2826/4/2827 2817/4/2820 
f 2692/4/2298 2751/4/2211 2689/4/2209 2688/4/2297 
f 2833/4/2150 2811/4/2149 2814/4/2171 2821/4/2169 
f 2819/4/2822 2827/4/2828 2828/4/2829 2823/4/2825 
f 2823/4/2825 2828/4/2829 2831/4/2166 2825/4/2170 
f 2812/4/2245 2844/4/2235 2199/4/2235 2209/4/2245 
f 2834/4/2152 2844/4/2838 2812/4/2816 2811/4/2149 
f 2672/4/2717 2810/4/2815 2807/4/2812 
f 2807/4/2812 2810/4/2815 2816/4/2819 2808/4/2813 
f 2808/4/2813 2816/4/2819 2818/4/2821 2710/4/2736 
f 2710/4/2736 2818/4/2821 2820/4/2823 2711/4/2737 
f 2711/4/2737 2820/4/2823 2824/4/2826 2843/4/2837 
f 2716/4/2740 2769/4/2784 2672/4/2717 
f 2716/4/2740 2664/4/2711 2771/4/2786 2769/4/2784 
f 2664/4/2711 2662/4/2709 2773/4/2788 2771/4/2786 
f 2662/4/2709 2661/4/2708 2775/4/2790 2773/4/2788 
f 2661/4/2708 2761/4/2779 2777/4/2792 2775/4/2790 
f 2761/4/2779 2653/4/2350 2845/4/2361 2777/4/2792 
f 2653/4/2350 2652/4/2351 2841/4/2360 2845/4/2361 
f 2672/4/2717 2793/4/2802 2681/4/2719 
f 2738/4/2760 2681/4/2719 2793/4/2802 2794/4/2803 
f 2739/4/2761 2738/4/2760 2794/4/2803 2795/4/2804 
f 2729/4/2752 2728/4/2751 2739/4/2761 2795/4/2804 
f 2846/4/2839 2778/4/2793 2847/4/2371 2848/4/2381 
f 2847/4/2371 2849/4/2370 2850/4/2380 2848/4/2381 
f 2849/4/2370 2851/4/2372 2852/4/2382 2850/4/2380 
f 2851/4/2372 2853/4/2840 2854/4/2841 2852/4/2382 
f 2854/4/2223 2853/4/2224 2188/4/2224 2187/4/2223 
f 2672/4/2717 2855/4/2842 2835/4/2831 
f 2835/4/2831 2855/4/2842 2856/4/2843 2836/4/2832 
f 2836/4/2832 2856/4/2843 2857/4/2844 2838/4/2834 
f 2838/4/2834 2857/4/2844 2858/4/2845 2839/4/2835 
f 2839/4/2835 2858/4/2845 2846/4/2839 2829/4/2830 
f 2829/4/2830 2846/4/2839 2848/4/2381 2830/4/2165 
f 2848/4/2381 2850/4/2380 2832/4/2151 2830/4/2165 
f 2850/4/2380 2852/4/2382 2834/4/2152 2832/4/2151 
f 2852/4/2382 2854/4/2841 2844/4/2838 2834/4/2152 
f 2844/4/2235 2854/4/2223 2187/4/2223 2199/4/2235 
f 2777/4/2792 2845/4/2361 2847/4/2371 2778/4/2793 
f 2845/4/2361 2841/4/2360 2849/4/2370 2847/4/2371 
f 2841/4/2360 2840/4/2362 2851/4/2372 2849/4/2370 
f 2840/4/2362 2842/4/2836 2853/4/2840 2851/4/2372 
f 2842/4/2304 2269/4/2304 2188/4/2224 2853/4/2224 
f 2770/4/2785 2855/4/2842 2672/4/2717 
f 2855/4/2842 2770/4/2785 2772/4/2787 2856/4/2843 
f 2856/4/2843 2772/4/2787 2774/4/2789 2857/4/2844 
f 2857/4/2844 2774/4/2789 2776/4/2791 2858/4/2845 
f 2858/4/2845 2776/4/2791 2778/4/2793 2846/4/2839 
f 2703/4/2730 2702/4/2729 2722/4/2746 2718/4/2742 
f 2859/4/2846 2766/4/2783 2735/4/2757 2734/4/2756 
f 2644/4/2703 2766/4/2783 2859/4/2846 2645/4/2704 
f 2221/4/2254 2220/4/2255 2668/4/2255 2667/4/2254 
f 2722/4/2746 2721/4/2745 2766/4/2783 2644/4/2703 
f 2798/4/2809 2672/4/2717 2723/4/2747 
f 2645/4/2704 2859/4/2846 2798/4/2809 2723/4/2747 
f 2760/4/2778 2660/4/2707 2659/4/2706 2735/4/2757 
f 2728/4/2751 2797/4/2808 2737/4/2759 2739/4/2761 
f 2824/4/2826 2799/4/2176 2802/4/2180 2843/4/2837 
f 2737/4/2759 2743/4/2765 2730/4/2753 2732/4/2755 
f 2797/4/2808 2745/4/2767 2743/4/2765 2737/4/2759 
f 2796/4/2807 2747/4/2769 2745/4/2767 2797/4/2808 
f 2691/4/2296 2690/4/2208 2747/4/2769 2796/4/2807 
f 2323/4/2358 2687/4/2358 2700/4/2348 2313/4/2348 
f 2798/4/2809 2859/4/2846 2734/4/2756 2740/4/2762 
# 696 polygons - 72 triangles

#
# object Group_008
#

v  -2.2006 1.2702 17.4647
v  -2.2006 0.2453 17.4647
v  -2.1349 0.2453 17.4143
v  -2.1349 1.2702 17.4143
v  -2.2771 1.2702 17.4964
v  -2.2771 0.2453 17.4964
v  -2.3592 1.2702 17.5072
v  -2.3592 0.2453 17.5072
v  -2.4413 1.2702 17.4964
v  -2.4413 0.2453 17.4964
v  -2.5179 1.2702 17.4647
v  -2.5179 0.2453 17.4647
v  -2.5179 0.2453 15.3048
v  -2.5179 1.2702 15.3048
v  -2.4413 1.2702 15.2731
v  -2.4413 0.2453 15.2731
v  -2.3592 1.2702 15.2623
v  -2.3592 0.2453 15.2623
v  -2.2771 1.2702 15.2731
v  -2.2771 0.2453 15.2731
v  -2.2006 1.2702 15.3048
v  -2.2006 0.2453 15.3048
v  -2.1349 1.2702 15.3552
v  -2.1349 0.2453 15.3552
v  -2.5836 1.2702 17.4143
v  -2.5836 0.2453 17.4143
v  -2.6340 1.2702 17.3486
v  -2.6340 0.2453 17.3486
v  -2.6657 1.2702 17.2721
v  -2.6657 0.2453 17.2721
v  -2.6765 1.2702 17.1900
v  -2.6765 0.2453 17.1900
v  -2.5913 0.1965 17.3240
v  -2.6277 0.1965 17.0325
v  -2.3026 0.1965 17.0519
v  -2.5487 0.1965 17.3795
v  -2.6181 0.1965 17.2594
v  -2.6277 0.1965 17.1868
v  -2.2253 0.1965 17.4221
v  -2.2899 0.1965 17.4489
v  -2.1272 0.1965 17.3240
v  -2.1698 0.1965 17.3795
v  -2.3592 0.1965 17.4580
v  -2.1004 0.1965 17.2594
v  -2.4286 0.1965 17.4489
v  -2.0908 0.1965 17.1868
v  -2.4932 0.1965 17.4221
v  -2.3026 0.1965 15.7010
v  -2.0908 0.1965 15.5828
v  -2.1272 0.1965 15.4456
v  -2.1004 0.1965 15.5102
v  -2.6277 0.1965 15.7010
v  -2.1698 0.1965 15.3901
v  -2.2899 0.1965 15.3207
v  -2.2253 0.1965 15.3475
v  -2.6277 0.1965 15.5828
v  -2.3592 0.1965 15.3116
v  -2.6181 0.1965 15.5102
v  -2.4286 0.1965 15.3207
v  -2.5913 0.1965 15.4456
v  -2.4932 0.1965 15.3475
v  -2.5487 0.1965 15.3901
v  -2.5913 0.2453 15.4456
v  -2.5487 0.2453 15.3901
v  -2.6181 0.2453 15.5102
v  -2.6277 0.2453 15.5828
v  -2.6277 0.2453 17.1868
v  -2.6277 0.2453 17.0325
v  -2.6181 0.2453 17.2594
v  -2.6765 1.1726 17.0296
v  -2.6765 1.1726 15.7010
v  -2.3026 1.1726 15.7010
v  -2.3026 1.1726 17.0519
v  -2.6277 0.2453 15.7010
v  -2.6765 0.2453 15.7010
v  -2.6765 0.2453 17.0296
v  -2.0908 0.2453 17.1868
v  -2.0908 0.2453 15.5828
v  -2.1004 0.2453 15.5102
v  -2.1272 0.2453 15.4456
v  -2.1698 0.2453 15.3901
v  -2.2899 0.2453 17.4489
v  -2.2253 0.2453 17.4221
v  -2.1698 0.2453 17.3795
v  -2.1272 0.2453 17.3240
v  -2.1004 0.2453 17.2594
v  -2.6765 1.2702 15.5796
v  -2.6765 0.2453 15.5796
v  -2.0845 1.2702 17.3486
v  -2.0528 1.2702 17.2721
v  -2.0420 1.2702 17.1900
v  -2.0420 1.2702 15.5796
v  -2.0528 1.2702 15.4974
v  -2.0845 1.2702 15.4209
v  -2.6657 1.2702 15.4974
v  -2.6340 1.2702 15.4209
v  -2.5836 1.2702 15.3552
v  -2.2253 0.2453 15.3475
v  -2.2899 0.2453 15.3207
v  -2.3592 0.2453 15.3116
v  -2.4286 0.2453 15.3207
v  -2.4932 0.2453 15.3475
v  -2.6657 0.2453 15.4974
v  -2.6340 0.2453 15.4209
v  -2.5836 0.2453 15.3552
v  -2.0845 0.2453 17.3486
v  -2.0528 0.2453 17.2721
v  -2.3592 0.2453 17.4580
v  -2.4286 0.2453 17.4489
v  -2.4932 0.2453 17.4221
v  -2.5487 0.2453 17.3795
v  -2.5913 0.2453 17.3240
v  -2.0420 0.2453 17.1900
v  -2.0420 0.2453 15.5796
v  -2.0528 0.2453 15.4974
v  -2.0845 0.2453 15.4209
# 116 vertices

vn -0.9659 0.0000 -0.2588
vn -1.0000 0.0000 0.0000
vn -0.8660 0.0000 -0.5000
vn -0.7071 0.0000 -0.7071
vn -0.5000 0.0000 -0.8660
vn -0.2588 0.0000 -0.9659
vn 0.9659 0.0000 0.2588
vn 0.8660 0.0000 0.5000
vn 0.7071 0.0000 0.7071
vn 0.5000 0.0000 0.8660
vn 0.2588 0.0000 0.9659
vn 0.0000 0.0000 1.0000
vn 0.0000 0.0000 -1.0000
vn 0.2588 0.0000 -0.9659
vn 0.5000 0.0000 -0.8660
vn 0.6593 0.0000 -0.7518
vn -0.0000 -1.0000 0.0000
vn 0.9659 0.0000 -0.2588
vn 1.0000 0.0000 -0.0000
vn 0.8660 0.0000 -0.5000
vn 0.7518 0.0000 -0.6593
vn 0.7071 0.0000 -0.7071
vn 0.6636 -0.0000 0.7481
vn -0.7518 0.0000 0.6593
vn -0.6593 0.0000 0.7518
vn -0.5000 0.0000 0.8660
vn -0.2588 0.0000 0.9659
vn -0.9659 0.0000 0.2588
vn -0.8660 0.0000 0.5000
vn 0.0000 1.0000 -0.0000
# 30 vertex normals

vt 0.1539 0.8486 -0.0687
vt 0.1539 0.1831 -0.0687
vt 0.2605 0.1831 -0.0757
vt 0.2605 0.8486 -0.0757
vt 0.0546 0.8486 -0.0481
vt 0.0546 0.1831 -0.0481
vt -0.0308 0.8486 -0.0154
vt -0.0308 0.1831 -0.0154
vt 2.0308 0.8486 1.0154
vt 1.9454 0.8486 1.0481
vt 1.9454 0.1831 1.0481
vt 2.0308 0.1831 1.0154
vt 1.8461 0.8486 1.0687
vt 1.8461 0.1831 1.0687
vt 0.1539 0.1831 1.0687
vt 0.1539 0.8486 1.0687
vt 0.0546 0.8486 1.0481
vt 0.0546 0.1831 1.0481
vt -0.0308 0.8486 1.0154
vt -0.0308 0.1831 1.0154
vt 2.0308 0.8486 -0.0154
vt 1.9454 0.8486 -0.0481
vt 1.9454 0.1831 -0.0481
vt 2.0308 0.1831 -0.0154
vt 1.8461 0.8486 -0.0687
vt 1.8461 0.1831 -0.0687
vt 1.7395 0.8486 -0.0757
vt 1.7395 0.1831 -0.0757
vt 1.7395 0.8486 1.0757
vt 1.7395 0.1831 1.0757
vt 1.6328 0.8486 1.0687
vt 1.6328 0.1831 1.0687
vt 1.5335 0.8486 1.0481
vt 1.5335 0.1831 1.0481
vt 1.4482 0.8486 1.0154
vt 1.4482 0.1831 1.0154
vt 1.6494 1.0378 0.1514
vt 1.3483 0.9206 0.1514
vt 1.6646 0.7803 0.1514
vt 1.7395 1.0437 0.1514
vt 1.5654 1.0204 0.1514
vt 1.4900 0.9915 0.1514
vt 2.0756 0.9148 0.1514
vt 2.0409 0.9567 0.1514
vt 2.0756 0.8247 0.1514
vt 2.0875 0.8697 0.1514
vt 1.9856 0.9928 0.1514
vt 2.0409 0.7827 0.1514
vt 1.9135 1.0204 0.1514
vt 1.9830 0.7450 0.1514
vt 1.8295 1.0378 0.1514
vt 0.4240 0.1600 0.1514
vt 0.5100 0.0085 0.1514
vt 0.3506 -0.0378 0.1514
vt 0.4346 -0.0204 0.1514
vt 0.1256 0.3093 0.1514
vt 0.2605 -0.0437 0.1514
vt 0.0865 -0.0204 0.1514
vt 0.1705 -0.0378 0.1514
vt 0.0170 0.2550 0.1514
vt 0.0144 0.0072 0.1514
vt -0.0409 0.2173 0.1514
vt -0.0409 0.0433 0.1514
vt -0.0756 0.1753 0.1514
vt -0.0756 0.0852 0.1514
vt -0.0875 0.1303 0.1514
vt 0.3506 0.1514 1.0378
vt 0.3506 0.1831 1.0378
vt 0.2605 0.1831 1.0437
vt 0.2605 0.1514 1.0437
vt 0.4346 0.1514 1.0204
vt 0.4346 0.1831 1.0204
vt 0.5100 0.1514 0.9915
vt 0.5100 0.1831 0.9915
vt 1.9830 0.1514 0.2550
vt 1.9830 0.1831 0.2550
vt 1.8413 0.1831 0.3258
vt 1.8413 0.1514 0.3258
vt 1.5654 0.1831 1.0204
vt 1.4900 0.1831 0.9915
vt 1.4900 0.1514 0.9915
vt 1.5654 0.1514 1.0204
vt 1.3008 0.9417 0.7852
vt 0.0807 0.3317 0.7852
vt 0.4240 0.1600 0.7852
vt 1.6646 0.7803 0.7852
vt 0.4240 0.7852 0.1600
vt 0.1256 0.1831 0.3093
vt 0.1256 0.1514 0.3093
vt 0.4240 0.1514 0.1600
vt 0.0807 0.7852 0.3317
vt 0.0807 0.1831 0.3317
vt 0.6992 0.7852 0.9417
vt 0.3354 0.7852 0.7803
vt 0.6517 0.1831 0.9206
vt 0.6992 0.1831 0.9417
vt 0.3354 0.1514 0.7803
vt 0.6517 0.1514 0.9206
vt 0.5100 0.1831 0.0085
vt 0.5100 0.1514 0.0085
vt 1.9830 0.1514 0.7450
vt 1.9830 0.1831 0.7450
vt 1.5654 0.1831 -0.0204
vt 1.4900 0.1831 0.0085
vt 1.4900 0.1514 0.0085
vt 1.5654 0.1514 -0.0204
vt 1.6494 0.1831 -0.0378
vt 1.6494 0.1514 -0.0378
vt 1.7395 0.1831 -0.0437
vt 1.7395 0.1514 -0.0437
vt 0.0865 0.1831 -0.0204
vt 0.0865 0.1514 -0.0204
vt 0.1705 0.1514 -0.0378
vt 0.1705 0.1831 -0.0378
vt 0.2605 0.1514 -0.0437
vt 0.2605 0.1831 -0.0437
vt 0.3506 0.1514 -0.0378
vt 0.3506 0.1831 -0.0378
vt 0.4346 0.1514 -0.0204
vt 0.4346 0.1831 -0.0204
vt 1.3008 0.7852 0.9417
vt 1.3008 0.1831 0.9417
vt 0.6633 0.1831 0.9596
vt 0.6633 0.7852 0.9596
vt 0.5518 0.8486 1.0154
vt 0.5518 0.1831 1.0154
vt 1.8834 0.7852 0.3496
vt 2.0308 0.8486 0.2759
vt -0.1374 0.8164 0.8486
vt -0.0962 0.7667 0.8486
vt -0.1374 0.9230 0.8486
vt -0.1514 0.8697 0.8486
vt -0.0308 0.7241 0.8486
vt -0.0962 0.9727 0.8486
vt 1.4482 -0.0154 0.8486
vt -0.0308 1.0154 0.8486
vt 0.1539 1.0687 0.8486
vt 0.0546 1.0481 0.8486
vt 0.3672 1.0687 0.8486
vt 0.2605 1.0757 0.8486
vt 0.5518 1.0154 0.8486
vt 0.4665 1.0481 0.8486
vt 1.5335 -0.0481 0.8486
vt 2.0308 0.2759 0.8486
vt 1.6328 -0.0687 0.8486
vt 1.7395 -0.0757 0.8486
vt 1.8461 -0.0687 0.8486
vt 1.9454 -0.0481 0.8486
vt 2.0308 -0.0154 0.8486
vt 2.0962 0.2333 0.8486
vt 2.0962 0.0273 0.8486
vt 2.1374 0.1836 0.8486
vt 2.1374 0.0770 0.8486
vt 2.1514 0.1303 0.8486
vt 1.8295 0.1831 -0.0378
vt 1.8295 0.1514 -0.0378
vt 1.9135 0.1831 -0.0204
vt 1.9135 0.1514 -0.0204
vt 1.9856 0.1831 0.0072
vt 1.9856 0.1514 0.0072
vt 0.0865 0.1514 1.0204
vt 0.0865 0.1831 1.0204
vt 0.0144 0.1831 0.9928
vt 0.0144 0.1514 0.9928
vt 0.1705 0.1514 1.0378
vt 0.1705 0.1831 1.0378
vt 0.4665 0.8486 1.0481
vt 0.4665 0.1831 1.0481
vt 0.3672 0.8486 1.0687
vt 0.3672 0.1831 1.0687
vt 0.2605 0.8486 1.0757
vt 0.2605 0.1831 1.0757
vt 1.5607 0.1514 0.1677
vt 1.5607 0.7852 0.1677
vt 0.3201 0.7852 0.7880
vt 0.3201 0.1514 0.7880
vt 0.0170 0.1831 0.2550
vt 0.0170 0.1514 0.2550
vt 2.1374 0.9230 0.1831
vt 2.0962 0.9727 0.1831
vt 2.1374 0.8164 0.1831
vt 2.1514 0.8697 0.1831
vt 2.0875 0.8697 0.1831
vt 2.0962 0.7667 0.1831
vt 2.0308 1.0154 0.1831
vt 2.0756 0.9148 0.1831
vt 1.9856 0.9928 0.1831
vt 2.0409 0.9567 0.1831
vt 1.9454 1.0481 0.1831
vt 1.9135 1.0204 0.1831
vt 1.8461 1.0687 0.1831
vt 1.8295 1.0378 0.1831
vt 1.7395 1.0757 0.1831
vt 1.7395 1.0437 0.1831
vt 1.6328 1.0687 0.1831
vt 1.6494 1.0378 0.1831
vt 1.5335 1.0481 0.1831
vt 1.5654 1.0204 0.1831
vt 1.4482 1.0154 0.1831
vt 1.4900 0.9915 0.1831
vt 1.3008 0.9417 0.1831
vt 1.3483 0.9206 0.1831
vt 0.0807 0.3317 0.1831
vt -0.0308 0.2759 0.1831
vt 0.0170 0.2550 0.1831
vt 0.1256 0.3093 0.1831
vt -0.0962 0.2333 0.1831
vt -0.0409 0.2173 0.1831
vt -0.0875 0.1303 0.1831
vt -0.0756 0.1753 0.1831
vt 2.0756 0.8247 0.1831
vt 2.0308 0.7241 0.1831
vt 2.0409 0.7827 0.1831
vt 1.9830 0.7450 0.1831
vt 0.5100 0.0085 0.1831
vt 0.5518 -0.0154 0.1831
vt 0.4346 -0.0204 0.1831
vt 0.4665 -0.0481 0.1831
vt 0.3506 -0.0378 0.1831
vt 0.3672 -0.0687 0.1831
vt 0.2605 -0.0437 0.1831
vt 0.2605 -0.0757 0.1831
vt 0.1705 -0.0378 0.1831
vt 0.1539 -0.0687 0.1831
vt 0.0865 -0.0204 0.1831
vt 0.0546 -0.0481 0.1831
vt 0.0144 0.0072 0.1831
vt -0.0308 -0.0154 0.1831
vt -0.0409 0.0433 0.1831
vt -0.0962 0.0273 0.1831
vt -0.0756 0.0852 0.1831
vt -0.1374 0.1836 0.1831
vt -0.1514 0.1303 0.1831
vt -0.1374 0.0770 0.1831
vt 1.6328 0.8486 -0.0687
vt 1.6328 0.1831 -0.0687
vt 1.5335 0.8486 -0.0481
vt 1.5335 0.1831 -0.0481
vt 1.4482 0.8486 -0.0154
vt 1.4482 0.1831 -0.0154
vt 0.5518 0.8486 -0.0154
vt 0.5518 0.1831 -0.0154
vt 2.0308 0.1831 0.7241
vt 2.0308 0.8486 0.7241
vt 0.4665 0.8486 -0.0481
vt 0.4665 0.1831 -0.0481
vt 0.3672 0.8486 -0.0687
vt 0.3672 0.1831 -0.0687
vt 1.6494 0.1831 1.0378
vt 1.6494 0.1514 1.0378
vt 1.7395 0.1831 1.0437
vt 1.7395 0.1514 1.0437
vt 1.8295 0.1831 1.0378
vt 1.8295 0.1514 1.0378
vt 1.9135 0.1831 1.0204
vt 1.9135 0.1514 1.0204
vt 1.9856 0.1831 0.9928
vt 1.9856 0.1514 0.9928
vt 0.0144 0.1831 0.0072
vt 0.0144 0.1514 0.0072
# 260 texture coords

o Group_008
g Group_008
usemtl Material__55
s off
f 2860/5/2847 2861/6/2847 2862/7/2848 2863/8/2848 
f 2864/9/2849 2865/10/2849 2861/6/2847 2860/5/2847 
f 2866/11/2850 2867/12/2850 2865/10/2849 2864/9/2849 
f 2866/13/2850 2868/14/2851 2869/15/2851 2867/16/2850 
f 2868/14/2851 2870/17/2852 2871/18/2852 2869/15/2851 
f 2872/19/2853 2873/20/2853 2874/21/2854 2875/22/2854 
f 2875/22/2854 2874/21/2854 2876/23/2855 2877/24/2855 
f 2876/25/2855 2878/26/2856 2879/27/2856 2877/28/2855 
f 2878/26/2856 2880/29/2857 2881/30/2857 2879/27/2856 
f 2880/29/2857 2882/31/2858 2883/32/2858 2881/30/2857 
f 2870/17/2852 2884/33/2859 2885/34/2859 2871/18/2852 
f 2884/33/2859 2886/35/2860 2887/36/2860 2885/34/2859 
f 2886/35/2860 2888/37/2861 2889/38/2861 2887/36/2860 
f 2888/37/2861 2890/39/2862 2891/40/2862 2889/38/2861 
f 2892/41/2863 2893/42/2863 2894/43/2863 2895/44/2863 
f 2893/42/2863 2892/41/2863 2896/45/2863 2897/46/2863 
f 2898/47/2863 2899/48/2863 2900/49/2863 2901/50/2863 
f 2900/49/2863 2899/48/2863 2902/51/2863 2903/52/2863 
f 2903/52/2863 2902/51/2863 2904/53/2863 2905/54/2863 
f 2905/54/2863 2904/53/2863 2906/55/2863 2894/43/2863 
f 2905/54/2863 2894/43/2863 2907/56/2863 2908/57/2863 
f 2894/43/2863 2906/55/2863 2895/44/2863 
f 2908/57/2863 2907/56/2863 2909/58/2863 2910/59/2863 
f 2909/58/2863 2907/56/2863 2911/60/2863 2912/61/2863 
f 2912/61/2863 2911/60/2863 2913/62/2863 2914/63/2863 
f 2913/62/2863 2911/60/2863 2915/64/2863 2916/65/2863 
f 2916/65/2863 2915/64/2863 2917/66/2863 2918/67/2863 
f 2918/67/2863 2917/66/2863 2919/68/2863 2920/69/2863 
f 2920/69/2863 2919/68/2863 2921/70/2863 
f 2919/71/2864 2922/72/2864 2923/73/2865 2921/74/2865 
f 2917/75/2866 2924/76/2866 2922/72/2864 2919/71/2864 
f 2915/77/2867 2925/78/2867 2924/76/2866 2917/75/2866 
f 2897/79/2862 2926/80/2862 2927/81/2868 2893/82/2868 
f 2928/83/2861 2926/84/2862 2897/85/2862 2896/86/2861 
f 2929/87/2863 2930/88/2863 2931/89/2863 2932/90/2863 
f 2931/91/2850 2933/92/2850 2911/93/2850 2907/94/2850 
f 2933/92/2850 2931/91/2850 2930/95/2850 2934/96/2850 
f 2929/97/2869 2932/98/2869 2927/99/2869 2935/100/2869 
f 2927/99/2869 2932/98/2869 2894/101/2869 2893/102/2869 
f 2936/103/2870 2905/104/2870 2908/105/2871 2937/106/2871 
f 2938/107/2872 2937/108/2871 2908/109/2871 2910/110/2872 
f 2939/111/2873 2938/107/2872 2910/110/2872 2909/112/2873 
f 2940/113/2858 2939/111/2873 2909/112/2873 2912/114/2858 
f 2941/115/2849 2899/116/2849 2898/117/2847 2942/118/2847 
f 2942/118/2847 2898/117/2847 2901/119/2848 2943/120/2848 
f 2943/120/2848 2901/119/2848 2900/121/2874 2944/122/2874 
f 2944/122/2874 2900/121/2874 2903/123/2875 2945/124/2875 
f 2945/124/2875 2903/123/2875 2905/104/2870 2936/103/2870 
f 2891/40/2862 2890/39/2862 2929/125/2868 2935/126/2868 
f 2934/127/2868 2930/128/2868 2946/129/2867 2947/130/2867 
f 2946/129/2867 2930/128/2868 2929/131/2868 2890/132/2862 
f 2948/133/2876 2949/134/2876 2860/135/2876 2863/136/2876 
f 2860/135/2876 2949/134/2876 2950/137/2876 2864/138/2876 
f 2864/138/2876 2950/137/2876 2951/139/2876 2866/140/2876 
f 2866/140/2876 2951/139/2876 2870/141/2876 2868/142/2876 
f 2870/141/2876 2951/139/2876 2886/143/2876 2884/144/2876 
f 2886/143/2876 2951/139/2876 2890/145/2876 2888/146/2876 
f 2890/145/2876 2951/139/2876 2952/147/2876 2946/148/2876 
f 2946/148/2876 2952/147/2876 2953/149/2876 2882/150/2876 
f 2946/148/2876 2882/150/2876 2880/151/2876 2878/152/2876 
f 2946/148/2876 2878/152/2876 2876/153/2876 2954/154/2876 
f 2954/154/2876 2876/153/2876 2874/155/2876 2955/156/2876 
f 2955/156/2876 2874/155/2876 2873/157/2876 2956/158/2876 
f 2957/159/2857 2940/113/2858 2912/114/2858 2914/160/2857 
f 2958/161/2856 2957/159/2857 2914/160/2857 2913/162/2856 
f 2959/163/2855 2958/161/2856 2913/162/2856 2916/164/2855 
f 2918/165/2854 2960/166/2854 2959/167/2855 2916/168/2855 
f 2920/169/2853 2961/170/2853 2960/166/2854 2918/165/2854 
f 2921/74/2865 2923/73/2865 2961/170/2853 2920/169/2853 
f 2947/130/2867 2946/129/2867 2954/171/2866 2962/172/2866 
f 2962/172/2866 2954/171/2866 2955/173/2864 2963/174/2864 
f 2963/174/2864 2955/173/2864 2956/175/2865 2964/176/2865 
f 2964/176/2865 2956/175/2865 2873/20/2853 2872/19/2853 
f 2894/177/2868 2932/178/2868 2931/179/2868 2907/180/2868 
f 2911/93/2868 2933/92/2868 2925/181/2867 2915/182/2867 
f 2861/183/2863 2865/184/2863 2965/185/2863 2862/186/2863 
f 2965/185/2863 2865/184/2863 2943/187/2863 2966/188/2863 
f 2943/187/2863 2865/184/2863 2867/189/2863 2942/190/2863 
f 2942/190/2863 2867/189/2863 2967/191/2863 2941/192/2863 
f 2967/191/2863 2867/189/2863 2869/193/2863 2968/194/2863 
f 2968/194/2863 2869/193/2863 2871/195/2863 2969/196/2863 
f 2969/196/2863 2871/195/2863 2885/197/2863 2970/198/2863 
f 2970/198/2863 2885/197/2863 2887/199/2863 2971/200/2863 
f 2971/200/2863 2887/199/2863 2889/201/2863 2928/202/2863 
f 2928/202/2863 2889/201/2863 2891/203/2863 2926/204/2863 
f 2926/204/2863 2891/203/2863 2935/205/2863 2927/206/2863 
f 2934/207/2863 2947/208/2863 2925/209/2863 2933/210/2863 
f 2925/209/2863 2947/208/2863 2962/211/2863 2924/212/2863 
f 2924/212/2863 2962/211/2863 2923/213/2863 2922/214/2863 
f 2966/188/2863 2943/187/2863 2944/215/2863 2972/216/2863 
f 2972/216/2863 2944/215/2863 2945/217/2863 2936/218/2863 
f 2972/216/2863 2936/218/2863 2937/219/2863 2973/220/2863 
f 2973/220/2863 2937/219/2863 2938/221/2863 2974/222/2863 
f 2974/222/2863 2938/221/2863 2939/223/2863 2975/224/2863 
f 2975/224/2863 2939/223/2863 2940/225/2863 2883/226/2863 
f 2883/226/2863 2940/225/2863 2957/227/2863 2881/228/2863 
f 2881/228/2863 2957/227/2863 2958/229/2863 2879/230/2863 
f 2879/230/2863 2958/229/2863 2959/231/2863 2877/232/2863 
f 2877/232/2863 2959/231/2863 2960/233/2863 2875/234/2863 
f 2875/234/2863 2960/233/2863 2961/235/2863 2923/213/2863 
f 2875/234/2863 2923/213/2863 2962/211/2863 2963/236/2863 
f 2875/234/2863 2963/236/2863 2964/237/2863 2872/238/2863 
f 2882/31/2858 2953/239/2873 2975/240/2873 2883/32/2858 
f 2953/239/2873 2952/241/2872 2974/242/2872 2975/240/2873 
f 2952/241/2872 2951/243/2871 2973/244/2871 2974/242/2872 
f 2950/245/2870 2972/246/2870 2973/247/2871 2951/248/2871 
f 2949/249/2875 2966/250/2875 2972/246/2870 2950/245/2870 
f 2948/251/2874 2965/252/2874 2966/250/2875 2949/249/2875 
f 2863/8/2848 2862/7/2848 2965/252/2874 2948/251/2874 
f 2971/253/2860 2928/83/2861 2896/86/2861 2892/254/2860 
f 2970/255/2859 2971/253/2860 2892/254/2860 2895/256/2859 
f 2969/257/2852 2970/255/2859 2895/256/2859 2906/258/2852 
f 2968/259/2851 2969/257/2852 2906/258/2852 2904/260/2851 
f 2967/261/2850 2968/259/2851 2904/260/2851 2902/262/2850 
f 2967/263/2850 2902/264/2850 2899/116/2849 2941/115/2849 
# 113 polygons - 2 triangles

#
# object Group_007
#

v  -3.6476 1.8779 18.5112
v  -3.6476 1.0990 18.5112
v  -3.6476 1.1161 18.5124
v  -3.6476 1.8607 18.5124
v  -3.6476 1.8947 18.5079
v  -3.6476 1.0821 18.5079
v  -3.6476 1.9110 18.5023
v  -3.6476 1.0658 18.5023
v  -3.6476 1.9264 18.4947
v  -3.6476 1.0504 18.4947
v  -3.6476 1.9407 18.4852
v  -3.6476 1.0361 18.4852
v  -3.6476 1.9536 18.4739
v  -3.6476 1.0232 18.4739
v  -3.6476 1.9650 18.4609
v  -3.6476 1.0118 18.4609
v  -3.6476 1.9745 18.4466
v  -3.6476 1.8587 18.4509
v  -3.6476 1.8788 18.4483
v  -3.6476 1.8698 18.4501
v  -3.6476 1.9821 18.4312
v  -3.6476 1.8874 18.4454
v  -3.6476 1.9032 18.4363
v  -3.6476 1.8956 18.4414
v  -3.6476 1.9877 18.4149
v  -3.6476 1.9101 18.4303
v  -3.6476 1.9212 18.4158
v  -3.6476 1.9161 18.4234
v  -3.6476 1.9910 18.3981
v  -3.6476 1.9252 18.4076
v  -3.6476 1.9299 18.3900
v  -3.6476 1.9281 18.3990
v  -3.6476 1.9921 18.3809
v  -3.6476 1.9307 18.3789
v  -3.6476 1.9921 16.8589
v  -3.6476 1.9307 16.8609
v  -3.6476 1.9910 16.8417
v  -3.6476 1.9299 16.8497
v  -3.6476 1.9877 16.8248
v  -3.6476 1.9281 16.8408
v  -3.6476 1.9212 16.8239
v  -3.6476 1.9252 16.8321
v  -3.6476 1.9821 16.8086
v  -3.6476 1.9161 16.8163
v  -3.6476 1.9032 16.8035
v  -3.6476 1.9101 16.8095
v  -3.6476 1.9745 16.7931
v  -3.6476 1.8956 16.7984
v  -3.6476 1.8788 16.7914
v  -3.6476 1.8874 16.7943
v  -3.6476 1.9650 16.7788
v  -3.6476 1.8698 16.7896
v  -3.6476 1.1181 16.7889
v  -3.6476 1.8587 16.7889
v  -3.6476 1.1181 18.4509
v  -3.6476 1.0023 18.4466
v  -3.6476 1.1070 18.4501
v  -3.6476 1.0981 18.4483
v  -3.6476 1.0894 18.4454
v  -3.6476 0.9947 18.4312
v  -3.6476 1.0812 18.4414
v  -3.6476 1.0736 18.4363
v  -3.6476 1.0668 18.4303
v  -3.6476 0.9892 18.4149
v  -3.6476 1.0607 18.4234
v  -3.6476 1.0557 18.4158
v  -3.6476 1.0516 18.4076
v  -3.6476 0.9858 18.3981
v  -3.6476 1.0487 18.3990
v  -3.6476 1.0469 18.3900
v  -3.6476 1.0462 18.3789
v  -3.6476 0.9847 18.3809
v  -3.6476 1.0462 16.8609
v  -3.6476 0.9847 16.8589
v  -3.6476 1.0469 16.8497
v  -3.6476 0.9858 16.8417
v  -3.6476 1.0487 16.8408
v  -3.6476 0.9892 16.8248
v  -3.6476 1.0516 16.8321
v  -3.6476 1.0557 16.8239
v  -3.6476 1.0607 16.8163
v  -3.6476 0.9947 16.8086
v  -3.6476 1.0668 16.8095
v  -3.6476 1.0736 16.8035
v  -3.6476 1.0812 16.7984
v  -3.6476 1.0023 16.7931
v  -3.6476 1.0894 16.7943
v  -3.6476 1.0981 16.7914
v  -3.6476 1.1070 16.7896
v  -3.6476 1.0118 16.7788
v  -3.6476 1.9536 16.7659
v  -3.6476 1.0232 16.7659
v  -3.6476 1.9407 16.7546
v  -3.6476 1.0361 16.7546
v  -3.6476 1.9264 16.7450
v  -3.6476 1.0504 16.7450
v  -3.6476 1.9110 16.7374
v  -3.6476 1.0658 16.7374
v  -3.6476 1.8947 16.7319
v  -3.6476 1.0821 16.7319
v  -3.6476 1.8779 16.7285
v  -3.6476 1.0990 16.7285
v  -3.6476 1.8607 16.7274
v  -3.6476 1.1161 16.7274
v  -3.5861 1.1161 18.5124
v  -3.5861 1.0990 18.5112
v  -3.5861 1.8779 18.5112
v  -3.5861 1.8607 18.5124
v  -3.5861 1.0821 18.5079
v  -3.5861 1.8947 18.5079
v  -3.5861 1.0658 18.5023
v  -3.5861 1.9110 18.5023
v  -3.5861 1.0504 18.4947
v  -3.5861 1.9264 18.4947
v  -3.5861 1.0361 18.4852
v  -3.5861 1.9407 18.4852
v  -3.5861 1.0232 18.4739
v  -3.5861 1.9536 18.4739
v  -3.5861 1.0118 18.4609
v  -3.5861 1.9650 18.4609
v  -3.5861 1.0023 18.4466
v  -3.5861 1.1181 18.4509
v  -3.5861 1.8587 18.4509
v  -3.5861 1.9745 18.4466
v  -3.5861 1.0981 18.4483
v  -3.5861 1.1070 18.4501
v  -3.5861 0.9947 18.4312
v  -3.5861 1.0894 18.4454
v  -3.5861 1.0736 18.4363
v  -3.5861 1.0812 18.4414
v  -3.5861 0.9892 18.4149
v  -3.5861 1.0668 18.4303
v  -3.5861 1.0557 18.4158
v  -3.5861 1.0607 18.4234
v  -3.5861 0.9858 18.3981
v  -3.5861 1.0516 18.4076
v  -3.5861 1.0469 18.3900
v  -3.5861 1.0487 18.3990
v  -3.5861 0.9847 18.3809
v  -3.5861 1.0462 18.3789
v  -3.5861 0.9847 16.8589
v  -3.5861 1.0462 16.8609
v  -3.5861 0.9858 16.8417
v  -3.5861 1.0469 16.8497
v  -3.5861 0.9892 16.8248
v  -3.5861 1.0487 16.8408
v  -3.5861 1.0557 16.8239
v  -3.5861 1.0516 16.8321
v  -3.5861 0.9947 16.8086
v  -3.5861 1.0607 16.8163
v  -3.5861 1.0736 16.8035
v  -3.5861 1.0668 16.8095
v  -3.5861 1.0023 16.7931
v  -3.5861 1.0812 16.7984
v  -3.5861 1.0981 16.7914
v  -3.5861 1.0894 16.7943
v  -3.5861 1.0118 16.7788
v  -3.5861 1.1070 16.7896
v  -3.5861 1.8587 16.7889
v  -3.5861 1.1181 16.7889
v  -3.5861 1.8698 18.4501
v  -3.5861 1.8788 18.4483
v  -3.5861 1.8874 18.4454
v  -3.5861 1.9821 18.4312
v  -3.5861 1.8956 18.4414
v  -3.5861 1.9032 18.4363
v  -3.5861 1.9101 18.4303
v  -3.5861 1.9877 18.4149
v  -3.5861 1.9161 18.4234
v  -3.5861 1.9212 18.4158
v  -3.5861 1.9252 18.4076
v  -3.5861 1.9910 18.3981
v  -3.5861 1.9281 18.3990
v  -3.5861 1.9299 18.3900
v  -3.5861 1.9307 18.3789
v  -3.5861 1.9921 18.3809
v  -3.5861 1.9307 16.8609
v  -3.5861 1.9921 16.8589
v  -3.5861 1.9299 16.8497
v  -3.5861 1.9910 16.8417
v  -3.5861 1.9281 16.8408
v  -3.5861 1.9877 16.8248
v  -3.5861 1.9252 16.8321
v  -3.5861 1.9212 16.8239
v  -3.5861 1.9161 16.8163
v  -3.5861 1.9821 16.8086
v  -3.5861 1.9101 16.8095
v  -3.5861 1.9032 16.8035
v  -3.5861 1.8956 16.7984
v  -3.5861 1.9745 16.7931
v  -3.5861 1.8874 16.7943
v  -3.5861 1.8788 16.7914
v  -3.5861 1.8698 16.7896
v  -3.5861 1.9650 16.7788
v  -3.5861 1.0232 16.7659
v  -3.5861 1.9536 16.7659
v  -3.5861 1.0361 16.7546
v  -3.5861 1.9407 16.7546
v  -3.5861 1.0504 16.7450
v  -3.5861 1.9264 16.7450
v  -3.5861 1.0658 16.7374
v  -3.5861 1.9110 16.7374
v  -3.5861 1.0821 16.7319
v  -3.5861 1.8947 16.7319
v  -3.5861 1.0990 16.7285
v  -3.5861 1.8779 16.7285
v  -3.5861 1.1161 16.7274
v  -3.5861 1.8607 16.7274
v  -3.6169 1.9252 16.8321
v  -3.6169 1.9212 16.8239
v  -3.6169 1.9161 16.8163
v  -3.6169 1.9101 16.8095
v  -3.6169 1.9032 16.8035
v  -3.6169 1.8956 16.7984
v  -3.6169 1.8874 16.7943
v  -3.6169 1.8788 16.7914
v  -3.6169 1.8698 16.7896
v  -3.6169 1.8587 16.7889
v  -3.6169 1.1181 16.7889
v  -3.6169 1.1070 16.7896
v  -3.6169 1.0981 16.7914
v  -3.6169 1.0894 16.7943
v  -3.6169 1.0812 16.7984
v  -3.6169 1.0736 16.8035
v  -3.6169 1.0668 16.8095
v  -3.6169 1.0607 16.8163
v  -3.6169 1.0557 16.8239
v  -3.6169 1.0516 16.8321
v  -3.6169 1.0487 16.8408
v  -3.6169 1.0469 16.8497
v  -3.6169 1.0462 16.8609
v  -3.6169 1.0462 18.3789
v  -3.6169 1.0469 18.3900
v  -3.6169 1.0487 18.3990
v  -3.6169 1.0516 18.4076
v  -3.6169 1.0557 18.4158
v  -3.6169 1.0607 18.4234
v  -3.6169 1.0668 18.4303
v  -3.6169 1.0736 18.4363
v  -3.6169 1.0812 18.4414
v  -3.6169 1.0894 18.4454
v  -3.6169 1.0981 18.4483
v  -3.6169 1.1070 18.4501
v  -3.6169 1.1181 18.4509
v  -3.6169 1.8587 18.4509
v  -3.6169 1.8698 18.4501
v  -3.6169 1.8788 18.4483
v  -3.6169 1.8874 18.4454
v  -3.6169 1.8956 18.4414
v  -3.6169 1.9032 18.4363
v  -3.6169 1.9101 18.4303
v  -3.6169 1.9161 18.4234
v  -3.6169 1.9212 18.4158
v  -3.6169 1.9252 18.4076
v  -3.6169 1.9281 18.3990
v  -3.6169 1.9299 18.3900
v  -3.6169 1.9307 18.3789
v  -3.6169 1.9307 16.8609
v  -3.6169 1.9299 16.8497
v  -3.6169 1.9281 16.8408
# 260 vertices

vn -1.0000 -0.0000 -0.0000
vn 1.0000 0.0000 0.0000
vn 0.0000 -1.0000 -0.0000
vn 0.0000 -0.9979 -0.0654
vn 0.0000 -0.9808 -0.1951
vn 0.0000 -0.9469 -0.3214
vn 0.0000 -0.8969 -0.4423
vn 0.0000 -0.8315 -0.5556
vn 0.0000 -0.7518 -0.6593
vn 0.0000 -0.6593 -0.7518
vn 0.0000 -0.5556 -0.8315
vn 0.0000 -0.4423 -0.8969
vn 0.0000 -0.3214 -0.9469
vn 0.0000 -0.1951 -0.9808
vn 0.0000 -0.0654 -0.9979
vn 0.0000 -0.0000 -1.0000
vn -0.0000 0.0654 -0.9979
vn -0.0000 0.1951 -0.9808
vn -0.0000 0.3214 -0.9469
vn -0.0000 0.4423 -0.8969
vn -0.0000 0.5556 -0.8315
vn -0.0000 0.6593 -0.7518
vn -0.0000 0.7518 -0.6593
vn -0.0000 0.8315 -0.5556
vn -0.0000 0.8969 -0.4423
vn -0.0000 0.9469 -0.3214
vn -0.0000 0.9808 -0.1951
vn -0.0000 0.9979 -0.0654
vn -0.0000 1.0000 0.0000
vn -0.0000 0.9979 0.0654
vn -0.0000 0.9808 0.1951
vn -0.0000 0.9469 0.3214
vn -0.0000 0.8969 0.4423
vn -0.0000 0.8315 0.5556
vn -0.0000 0.7518 0.6593
vn -0.0000 0.6593 0.7518
vn -0.0000 0.5556 0.8315
vn -0.0000 0.4423 0.8969
vn -0.0000 0.3214 0.9469
vn -0.0000 0.1951 0.9808
vn -0.0000 0.0654 0.9979
vn -0.0000 -0.0000 1.0000
vn 0.0000 -0.0654 0.9979
vn 0.0000 -0.1951 0.9808
vn 0.0000 -0.3214 0.9469
vn 0.0000 -0.4423 0.8969
vn 0.0000 -0.5556 0.8315
vn 0.0000 -0.6593 0.7518
vn 0.0000 -0.7518 0.6593
vn 0.0000 -0.8315 0.5556
vn 0.0000 -0.8969 0.4423
vn 0.0000 -0.9469 0.3214
vn 0.0000 -0.9808 0.1951
vn 0.0000 -0.9979 0.0654
vn -0.0000 -0.9808 0.1951
vn -0.0000 -0.9979 -0.0654
vn -0.0000 -0.9469 -0.3214
vn -0.0000 -0.8315 -0.5556
vn -0.0000 -0.7518 -0.6593
vn -0.0000 -0.6593 -0.7518
vn -0.0000 -0.0654 -0.9979
vn -0.0000 0.0000 -1.0000
vn 0.0000 0.3214 -0.9469
vn 0.0000 0.4423 -0.8969
vn 0.0000 0.6593 -0.7518
vn 0.0000 1.0000 -0.0000
vn 0.0000 0.9808 0.1951
vn 0.0000 0.8315 0.5556
vn 0.0000 0.7518 0.6593
vn 0.0000 0.6593 0.7518
vn 0.0000 0.5556 0.8315
vn 0.0000 0.1951 0.9808
vn 0.0000 0.0654 0.9979
vn 0.0000 -0.0000 1.0000
vn -0.0000 -0.1951 0.9808
vn -0.0000 -0.7518 0.6593
# 76 vertex normals

vt 0.0000 0.0000 0.0000
vt 0.0000 0.0814 0.0000
vt 0.0004 0.0688 0.0000
vt 0.0004 0.9313 0.0000
vt -0.0000 0.9187 0.0000
vt 0.0015 0.0587 0.0000
vt 0.0015 0.9414 0.0000
vt 0.0033 0.0489 0.0000
vt 0.0033 0.9512 0.0000
vt 0.0057 0.0396 0.0000
vt 0.0057 0.9604 0.0000
vt 0.0088 0.0310 0.0000
vt 0.0088 0.9690 0.0000
vt 0.0124 0.0233 0.0000
vt 0.0124 0.9768 0.0000
vt 0.0165 0.0165 0.0000
vt 0.0165 0.9836 0.0000
vt 0.0211 0.0107 0.0000
vt 0.0211 0.9893 0.0000
vt 0.0260 0.0062 0.0000
vt 0.0260 0.9939 0.0000
vt 0.0312 0.0028 0.0000
vt 0.0312 0.9972 0.0000
vt 0.0366 0.0008 0.0000
vt 0.0366 0.9992 0.0000
vt 0.0433 0.0000 0.0000
vt 0.0433 1.0001 0.0000
vt 0.9567 -0.0000 0.0000
vt 0.9567 1.0001 0.0000
vt 0.9634 0.0008 0.0000
vt 0.9634 0.9992 0.0000
vt 0.9688 0.0028 0.0000
vt 0.9688 0.9972 0.0000
vt 0.9740 0.0062 0.0000
vt 0.9740 0.9939 0.0000
vt 0.9789 0.0107 0.0000
vt 0.9789 0.9893 0.0000
vt 0.9835 0.0165 0.0000
vt 0.9835 0.9836 0.0000
vt 0.9876 0.0233 0.0000
vt 0.9876 0.9768 0.0000
vt 0.9912 0.0310 0.0000
vt 0.9912 0.9690 0.0000
vt 0.9943 0.0396 0.0000
vt 0.9943 0.9604 0.0000
vt 0.9967 0.0489 0.0000
vt 0.9967 0.9512 0.0000
vt 0.9985 0.0587 0.0000
vt 0.9985 0.9414 0.0000
vt 0.9996 0.0688 0.0000
vt 0.9996 0.9313 0.0000
vt 1.0000 0.0814 0.0000
vt 1.0000 0.9187 0.0000
vt 0.0241 -2.9930 0.0000
vt 0.0056 -2.9827 0.0000
vt 0.0056 -2.9930 0.0000
vt 0.0241 -2.9827 0.0000
vt 0.0241 -3.4626 0.0000
vt 0.0056 -3.4523 0.0000
vt 0.0056 -3.4626 0.0000
vt 0.0241 -3.4523 0.0000
vt 0.0241 -3.9053 0.0000
vt 0.0056 -3.8950 0.0000
vt 0.0056 -3.9053 0.0000
vt 0.0241 -3.8950 0.0000
vt 0.0241 -4.3135 0.0000
vt 0.0056 -4.3008 0.0000
vt 0.0056 -4.3135 0.0000
vt 0.0241 -4.3008 0.0000
vt -0.8918 0.7312 0.0000
vt -0.8733 -0.9853 0.0000
vt -0.8733 0.7312 0.0000
vt -0.8918 -0.9853 0.0000
vt -0.8918 -0.7987 0.0000
vt -0.8733 -0.8113 0.0000
vt -0.8733 -0.7987 0.0000
vt -0.8918 -0.8113 0.0000
vt -0.8918 -0.4527 0.0000
vt -0.8733 -0.4631 0.0000
vt -0.8733 -0.4527 0.0000
vt -0.8918 -0.4631 0.0000
vt -0.8918 -0.1289 0.0000
vt -0.8733 -0.1392 0.0000
vt -0.8733 -0.1289 0.0000
vt -0.8918 -0.1392 0.0000
vt -0.8918 0.1651 0.0000
vt -0.8733 0.1547 0.0000
vt -0.8733 0.1651 0.0000
vt -0.8918 0.1547 0.0000
vt -0.8918 0.4241 0.0000
vt -0.8733 0.4138 0.0000
vt -0.8733 0.4241 0.0000
vt -0.8918 0.4138 0.0000
vt -0.8918 0.6437 0.0000
vt -0.8733 0.6334 0.0000
vt -0.8733 0.6437 0.0000
vt -0.8918 0.6334 0.0000
vt -0.8733 0.8203 0.0000
vt -0.8918 0.8099 0.0000
vt -0.8733 0.8099 0.0000
vt -0.8918 0.8203 0.0000
vt -0.8733 0.9506 0.0000
vt -0.8918 0.9403 0.0000
vt -0.8733 0.9403 0.0000
vt -0.8918 0.9506 0.0000
vt -0.8733 1.0326 0.0000
vt -0.8918 1.0223 0.0000
vt -0.8733 1.0223 0.0000
vt -0.8918 1.0326 0.0000
vt -0.8733 1.0649 0.0000
vt -0.8918 1.0545 0.0000
vt -0.8733 1.0545 0.0000
vt -0.8918 1.0649 0.0000
vt -0.8733 1.0468 0.0000
vt -0.8918 1.0364 0.0000
vt -0.8733 1.0364 0.0000
vt -0.8918 1.0468 0.0000
vt -0.8733 0.9786 0.0000
vt -0.8918 0.9660 0.0000
vt -0.8733 0.9660 0.0000
vt -0.8918 0.9786 0.0000
vt -0.8733 0.9187 0.0000
vt -0.8918 0.0814 0.0000
vt -0.8733 0.0814 0.0000
vt -0.8918 0.9187 0.0000
vt -0.8733 0.0239 0.0000
vt -0.8918 0.0112 0.0000
vt -0.8733 0.0112 0.0000
vt -0.8918 0.0239 0.0000
vt -0.8733 -0.3073 0.0000
vt -0.8918 -0.3176 0.0000
vt -0.8733 -0.3176 0.0000
vt -0.8918 -0.3073 0.0000
vt -0.8733 -0.5135 0.0000
vt -0.8918 -0.5239 0.0000
vt -0.8733 -0.5239 0.0000
vt -0.8918 -0.5135 0.0000
vt -0.8733 -0.7431 0.0000
vt -0.8918 -0.7534 0.0000
vt -0.8733 -0.7534 0.0000
vt -0.8918 -0.7431 0.0000
vt -0.8733 -0.9921 0.0000
vt -0.8918 -1.0024 0.0000
vt -0.8733 -1.0024 0.0000
vt -0.8918 -0.9921 0.0000
vt -0.8918 -1.2562 0.0000
vt -0.8733 -1.2665 0.0000
vt -0.8733 -1.2562 0.0000
vt -0.8918 -1.2665 0.0000
vt -0.8918 -1.5309 0.0000
vt -0.8733 -1.5412 0.0000
vt -0.8733 -1.5309 0.0000
vt -0.8918 -1.5412 0.0000
vt -0.8918 -1.8115 0.0000
vt -0.8733 -1.8218 0.0000
vt -0.8733 -1.8115 0.0000
vt -0.8918 -1.8218 0.0000
vt -0.8918 -2.0933 0.0000
vt -0.8733 -2.1036 0.0000
vt -0.8733 -2.0933 0.0000
vt -0.8918 -2.1036 0.0000
vt -0.8918 -2.3713 0.0000
vt -0.8733 -2.3817 0.0000
vt -0.8733 -2.3713 0.0000
vt -0.8918 -2.3817 0.0000
vt -0.8918 -2.6409 0.0000
vt -0.8733 -2.6535 0.0000
vt -0.8733 -2.6409 0.0000
vt -0.8918 -2.6535 0.0000
vt 0.0241 -0.9853 0.0000
vt 0.0056 0.7312 0.0000
vt 0.0056 -0.9853 0.0000
vt 0.0241 0.7312 0.0000
vt 0.0241 0.8486 0.0000
vt 0.0056 0.8612 0.0000
vt 0.0056 0.8486 0.0000
vt 0.0241 0.8612 0.0000
vt 0.0241 1.0606 0.0000
vt 0.0056 1.0709 0.0000
vt 0.0056 1.0606 0.0000
vt 0.0241 1.0709 0.0000
vt 0.0241 1.2198 0.0000
vt 0.0056 1.2301 0.0000
vt 0.0056 1.2198 0.0000
vt 0.0241 1.2301 0.0000
vt 0.0241 1.3259 0.0000
vt 0.0056 1.3362 0.0000
vt 0.0056 1.3259 0.0000
vt 0.0241 1.3362 0.0000
vt 0.0241 1.3770 0.0000
vt 0.0056 1.3873 0.0000
vt 0.0056 1.3770 0.0000
vt 0.0241 1.3873 0.0000
vt 0.0241 1.3722 0.0000
vt 0.0056 1.3825 0.0000
vt 0.0056 1.3722 0.0000
vt 0.0241 1.3825 0.0000
vt 0.0241 1.3220 0.0000
vt 0.0056 1.3117 0.0000
vt 0.0241 1.3117 0.0000
vt 0.0056 1.3220 0.0000
vt 0.0241 1.2068 0.0000
vt 0.0056 1.1964 0.0000
vt 0.0241 1.1964 0.0000
vt 0.0056 1.2068 0.0000
vt 0.0241 1.0388 0.0000
vt 0.0056 1.0284 0.0000
vt 0.0241 1.0284 0.0000
vt 0.0056 1.0388 0.0000
vt 0.0241 0.8209 0.0000
vt 0.0056 0.8105 0.0000
vt 0.0241 0.8105 0.0000
vt 0.0056 0.8209 0.0000
vt 0.0241 0.5568 0.0000
vt 0.0056 0.5465 0.0000
vt 0.0241 0.5465 0.0000
vt 0.0056 0.5568 0.0000
vt 0.0241 0.2534 0.0000
vt 0.0056 0.2408 0.0000
vt 0.0241 0.2408 0.0000
vt 0.0056 0.2534 0.0000
vt 0.0241 0.9187 0.0000
vt 0.0056 0.0814 0.0000
vt 0.0241 0.0814 0.0000
vt 0.0056 0.9187 0.0000
vt 0.0241 0.7491 0.0000
vt 0.0056 0.7365 0.0000
vt 0.0241 0.7365 0.0000
vt 0.0056 0.7491 0.0000
vt 0.0241 0.3621 0.0000
vt 0.0056 0.3517 0.0000
vt 0.0241 0.3517 0.0000
vt 0.0056 0.3621 0.0000
vt 0.0241 -0.0633 0.0000
vt 0.0056 -0.0736 0.0000
vt 0.0241 -0.0736 0.0000
vt 0.0056 -0.0633 0.0000
vt 0.0241 -0.5196 0.0000
vt 0.0056 -0.5300 0.0000
vt 0.0241 -0.5300 0.0000
vt 0.0056 -0.5196 0.0000
vt 0.0241 -0.9992 0.0000
vt 0.0056 -1.0096 0.0000
vt 0.0241 -1.0096 0.0000
vt 0.0056 -0.9992 0.0000
vt 0.0241 -1.4938 0.0000
vt 0.0056 -1.5041 0.0000
vt 0.0241 -1.5041 0.0000
vt 0.0056 -1.4938 0.0000
vt 0.0241 -2.0053 0.0000
vt 0.0056 -1.9950 0.0000
vt 0.0056 -2.0053 0.0000
vt 0.0241 -1.9950 0.0000
vt 0.0241 -2.5044 0.0000
vt 0.0056 -2.4941 0.0000
vt 0.0056 -2.5044 0.0000
vt 0.0241 -2.4941 0.0000
# 257 texture coords

o Group_007
g Group_007
usemtl Material__61
s off
f 2976/265/2877 2977/265/2877 2978/265/2877 2979/265/2877 
f 2977/265/2877 2976/265/2877 2980/265/2877 2981/265/2877 
f 2981/265/2877 2980/265/2877 2982/265/2877 2983/265/2877 
f 2983/265/2877 2982/265/2877 2984/265/2877 2985/265/2877 
f 2985/265/2877 2984/265/2877 2986/265/2877 2987/265/2877 
f 2987/265/2877 2986/265/2877 2988/265/2877 2989/265/2877 
f 2989/265/2877 2988/265/2877 2990/265/2877 2991/265/2877 
f 2991/265/2877 2990/265/2877 2992/265/2877 2993/265/2877 
f 2993/265/2877 2992/265/2877 2994/265/2877 2995/265/2877 
f 2994/265/2877 2992/265/2877 2996/265/2877 2997/265/2877 
f 2997/265/2877 2996/265/2877 2998/265/2877 2999/265/2877 
f 2998/265/2877 2996/265/2877 3000/265/2877 3001/265/2877 
f 3001/265/2877 3000/265/2877 3002/265/2877 3003/265/2877 
f 3002/265/2877 3000/265/2877 3004/265/2877 3005/265/2877 
f 3005/265/2877 3004/265/2877 3006/265/2877 3007/265/2877 
f 3006/265/2877 3004/265/2877 3008/265/2877 3009/265/2877 
f 3009/265/2877 3008/265/2877 3010/265/2877 3011/265/2877 
f 3011/265/2877 3010/265/2877 3012/265/2877 3013/265/2877 
f 3013/265/2877 3012/265/2877 3014/265/2877 3015/265/2877 
f 3015/265/2877 3014/265/2877 3016/265/2877 3017/265/2877 
f 3016/265/2877 3014/265/2877 3018/265/2877 3019/265/2877 
f 3019/265/2877 3018/265/2877 3020/265/2877 3021/265/2877 
f 3020/265/2877 3018/265/2877 3022/265/2877 3023/265/2877 
f 3023/265/2877 3022/265/2877 3024/265/2877 3025/265/2877 
f 3024/265/2877 3022/265/2877 3026/265/2877 3027/265/2877 
f 3027/265/2877 3026/265/2877 3028/265/2877 3029/265/2877 
f 2991/265/2877 2993/265/2877 3030/265/2877 3031/265/2877 
f 3031/265/2877 3030/265/2877 3032/265/2877 3033/265/2877 
f 3031/265/2877 3033/265/2877 3034/265/2877 3035/265/2877 
f 3035/265/2877 3034/265/2877 3036/265/2877 3037/265/2877 
f 3035/265/2877 3037/265/2877 3038/265/2877 3039/265/2877 
f 3039/265/2877 3038/265/2877 3040/265/2877 3041/265/2877 
f 3039/265/2877 3041/265/2877 3042/265/2877 3043/265/2877 
f 3043/265/2877 3042/265/2877 3044/265/2877 3045/265/2877 
f 3043/265/2877 3045/265/2877 3046/265/2877 3047/265/2877 
f 3047/265/2877 3046/265/2877 3048/265/2877 3049/265/2877 
f 3049/265/2877 3048/265/2877 3050/265/2877 3051/265/2877 
f 3051/265/2877 3050/265/2877 3052/265/2877 3053/265/2877 
f 3053/265/2877 3052/265/2877 3054/265/2877 3055/265/2877 
f 3053/265/2877 3055/265/2877 3056/265/2877 3057/265/2877 
f 3057/265/2877 3056/265/2877 3058/265/2877 3059/265/2877 
f 3057/265/2877 3059/265/2877 3060/265/2877 3061/265/2877 
f 3061/265/2877 3060/265/2877 3062/265/2877 3063/265/2877 
f 3061/265/2877 3063/265/2877 3064/265/2877 3065/265/2877 
f 3065/265/2877 3064/265/2877 3028/265/2877 3026/265/2877 
f 3065/265/2877 3026/265/2877 3066/265/2877 3067/265/2877 
f 3067/265/2877 3066/265/2877 3068/265/2877 3069/265/2877 
f 3069/265/2877 3068/265/2877 3070/265/2877 3071/265/2877 
f 3071/265/2877 3070/265/2877 3072/265/2877 3073/265/2877 
f 3073/265/2877 3072/265/2877 3074/265/2877 3075/265/2877 
f 3075/265/2877 3074/265/2877 3076/265/2877 3077/265/2877 
f 3077/265/2877 3076/265/2877 3078/265/2877 3079/265/2877 
f 3080/265/2878 3081/265/2878 3082/265/2878 3083/265/2878 
f 3082/265/2878 3081/265/2878 3084/265/2878 3085/265/2878 
f 3085/265/2878 3084/265/2878 3086/265/2878 3087/265/2878 
f 3087/265/2878 3086/265/2878 3088/265/2878 3089/265/2878 
f 3089/265/2878 3088/265/2878 3090/265/2878 3091/265/2878 
f 3091/265/2878 3090/265/2878 3092/265/2878 3093/265/2878 
f 3093/265/2878 3092/265/2878 3094/265/2878 3095/265/2878 
f 3095/265/2878 3094/265/2878 3096/265/2878 3097/265/2878 
f 3095/265/2878 3097/265/2878 3098/265/2878 3099/265/2878 
f 3097/265/2878 3096/265/2878 3100/265/2878 3101/265/2878 
f 3100/265/2878 3096/265/2878 3102/265/2878 3103/265/2878 
f 3103/265/2878 3102/265/2878 3104/265/2878 3105/265/2878 
f 3104/265/2878 3102/265/2878 3106/265/2878 3107/265/2878 
f 3107/265/2878 3106/265/2878 3108/265/2878 3109/265/2878 
f 3108/265/2878 3106/265/2878 3110/265/2878 3111/265/2878 
f 3111/265/2878 3110/265/2878 3112/265/2878 3113/265/2878 
f 3112/265/2878 3110/265/2878 3114/265/2878 3115/265/2878 
f 3115/265/2878 3114/265/2878 3116/265/2878 3117/265/2878 
f 3117/265/2878 3116/265/2878 3118/265/2878 3119/265/2878 
f 3119/265/2878 3118/265/2878 3120/265/2878 3121/265/2878 
f 3121/265/2878 3120/265/2878 3122/265/2878 3123/265/2878 
f 3122/265/2878 3120/265/2878 3124/265/2878 3125/265/2878 
f 3125/265/2878 3124/265/2878 3126/265/2878 3127/265/2878 
f 3126/265/2878 3124/265/2878 3128/265/2878 3129/265/2878 
f 3129/265/2878 3128/265/2878 3130/265/2878 3131/265/2878 
f 3130/265/2878 3128/265/2878 3132/265/2878 3133/265/2878 
f 3133/265/2878 3132/265/2878 3134/265/2878 3135/265/2878 
f 3099/265/2878 3098/265/2878 3136/265/2878 3137/265/2878 
f 3099/265/2878 3137/265/2878 3138/265/2878 3139/265/2878 
f 3139/265/2878 3138/265/2878 3140/265/2878 3141/265/2878 
f 3139/265/2878 3141/265/2878 3142/265/2878 3143/265/2878 
f 3143/265/2878 3142/265/2878 3144/265/2878 3145/265/2878 
f 3143/265/2878 3145/265/2878 3146/265/2878 3147/265/2878 
f 3147/265/2878 3146/265/2878 3148/265/2878 3149/265/2878 
f 3147/265/2878 3149/265/2878 3150/265/2878 3151/265/2878 
f 3151/265/2878 3150/265/2878 3152/265/2878 3153/265/2878 
f 3153/265/2878 3152/265/2878 3154/265/2878 3155/265/2878 
f 3155/265/2878 3154/265/2878 3156/265/2878 3157/265/2878 
f 3157/265/2878 3156/265/2878 3158/265/2878 3159/265/2878 
f 3157/265/2878 3159/265/2878 3160/265/2878 3161/265/2878 
f 3161/265/2878 3160/265/2878 3162/265/2878 3163/265/2878 
f 3161/265/2878 3163/265/2878 3164/265/2878 3165/265/2878 
f 3165/265/2878 3164/265/2878 3166/265/2878 3167/265/2878 
f 3165/265/2878 3167/265/2878 3168/265/2878 3169/265/2878 
f 3169/265/2878 3168/265/2878 3134/265/2878 3132/265/2878 
f 3169/265/2878 3132/265/2878 3170/265/2878 3171/265/2878 
f 3171/265/2878 3170/265/2878 3172/265/2878 3173/265/2878 
f 3173/265/2878 3172/265/2878 3174/265/2878 3175/265/2878 
f 3175/265/2878 3174/265/2878 3176/265/2878 3177/265/2878 
f 3177/265/2878 3176/265/2878 3178/265/2878 3179/265/2878 
f 3179/265/2878 3178/265/2878 3180/265/2878 3181/265/2878 
f 3181/265/2878 3180/265/2878 3182/265/2878 3183/265/2878 
f 3116/265/2879 3114/265/2879 3047/265/2879 3049/265/2879 
f 3118/265/2880 3116/265/2880 3049/265/2880 3051/265/2880 
f 3120/265/2881 3118/265/2881 3051/265/2881 3053/265/2881 
f 3124/265/2882 3120/265/2882 3053/265/2882 3057/265/2882 
f 3128/265/2883 3124/265/2883 3057/265/2883 3061/265/2883 
f 3132/265/2884 3128/265/2884 3061/265/2884 3065/265/2884 
f 3170/265/2885 3132/265/2885 3065/265/2885 3067/265/2885 
f 3069/265/2886 3172/265/2886 3170/265/2886 3067/265/2886 
f 3071/265/2887 3174/265/2887 3172/265/2887 3069/265/2887 
f 3073/265/2888 3176/265/2888 3174/265/2888 3071/265/2888 
f 3075/265/2889 3178/265/2889 3176/265/2889 3073/265/2889 
f 3077/265/2890 3180/265/2890 3178/265/2890 3075/265/2890 
f 3079/265/2891 3182/265/2891 3180/265/2891 3077/265/2891 
f 3078/265/2892 3183/265/2892 3182/265/2892 3079/265/2892 
f 3076/265/2893 3181/265/2893 3183/265/2893 3078/265/2893 
f 3074/265/2894 3179/265/2894 3181/265/2894 3076/265/2894 
f 3072/265/2895 3177/265/2895 3179/265/2895 3074/265/2895 
f 3070/265/2896 3175/265/2896 3177/265/2896 3072/265/2896 
f 3068/265/2897 3173/265/2897 3175/265/2897 3070/265/2897 
f 3066/265/2898 3171/265/2898 3173/265/2898 3068/265/2898 
f 3169/265/2899 3171/265/2899 3066/265/2899 3026/265/2899 
f 3165/265/2900 3169/265/2900 3026/265/2900 3022/265/2900 
f 3161/265/2901 3165/265/2901 3022/265/2901 3018/265/2901 
f 3157/265/2902 3161/265/2902 3018/265/2902 3014/265/2902 
f 3155/265/2903 3157/265/2903 3014/265/2903 3012/265/2903 
f 3153/265/2904 3155/265/2904 3012/265/2904 3010/265/2904 
f 3008/265/2905 3151/265/2905 3153/265/2905 3010/265/2905 
f 3147/265/2906 3151/265/2906 3008/265/2906 3004/265/2906 
f 3143/265/2907 3147/265/2907 3004/265/2907 3000/265/2907 
f 3139/265/2908 3143/265/2908 3000/265/2908 2996/265/2908 
f 3099/265/2909 3139/265/2909 2996/265/2909 2992/265/2909 
f 3095/265/2910 3099/265/2910 2992/265/2910 2990/265/2910 
f 3093/265/2911 3095/265/2911 2990/265/2911 2988/265/2911 
f 3093/265/2912 2988/265/2912 2986/265/2912 3091/265/2912 
f 3091/265/2913 2986/265/2913 2984/265/2913 3089/265/2913 
f 3089/265/2914 2984/265/2914 2982/265/2914 3087/265/2914 
f 3087/265/2915 2982/265/2915 2980/265/2915 3085/265/2915 
f 3085/265/2916 2980/265/2916 2976/265/2916 3082/265/2916 
f 3082/265/2917 2976/265/2917 2979/265/2917 3083/265/2917 
f 3083/265/2918 2979/265/2918 2978/265/2918 3080/265/2918 
f 3080/265/2919 2978/265/2919 2977/265/2919 3081/265/2919 
f 3081/265/2920 2977/265/2920 2981/265/2920 3084/265/2920 
f 3084/265/2921 2981/265/2921 2983/265/2921 3086/265/2921 
f 3086/265/2922 2983/265/2922 2985/265/2922 3088/265/2922 
f 3088/265/2923 2985/265/2923 2987/265/2923 3090/265/2923 
f 3090/265/2924 2987/265/2924 2989/265/2924 3092/265/2924 
f 3094/265/2925 3092/265/2925 2989/265/2925 2991/265/2925 
f 3096/265/2926 3094/265/2926 2991/265/2926 3031/265/2926 
f 3102/265/2927 3096/265/2927 3031/265/2927 3035/265/2927 
f 3106/265/2928 3102/265/2928 3035/265/2928 3039/265/2928 
f 3110/265/2929 3106/265/2929 3039/265/2929 3043/265/2929 
f 3114/265/2930 3110/265/2930 3043/265/2930 3047/265/2930 
f 3159/265/2927 3158/265/2927 3184/265/2927 3185/265/2927 
f 3160/265/2926 3159/265/2926 3185/265/2926 3186/265/2926 
f 3162/265/2925 3160/265/2925 3186/265/2925 3187/265/2925 
f 3162/265/2924 3187/265/2924 3188/265/2924 3163/265/2924 
f 3163/265/2923 3188/265/2923 3189/265/2923 3164/265/2923 
f 3164/265/2922 3189/265/2922 3190/265/2922 3166/265/2922 
f 3166/265/2921 3190/265/2921 3191/265/2921 3167/265/2921 
f 3167/265/2920 3191/265/2920 3192/265/2920 3168/265/2920 
f 3168/265/2919 3192/265/2919 3193/265/2919 3134/265/2919 
f 3134/265/2918 3193/265/2918 3194/265/2918 3135/265/2918 
f 3135/265/2917 3194/265/2917 3195/265/2917 3133/265/2917 
f 3133/265/2916 3195/265/2916 3196/265/2916 3130/265/2916 
f 3130/265/2915 3196/265/2915 3197/265/2915 3131/265/2915 
f 3131/265/2914 3197/265/2914 3198/265/2914 3129/265/2914 
f 3129/265/2913 3198/265/2913 3199/265/2913 3126/265/2913 
f 3126/265/2912 3199/265/2912 3200/265/2912 3127/265/2912 
f 3201/265/2911 3125/265/2911 3127/265/2911 3200/265/2911 
f 3122/265/2910 3125/265/2910 3201/265/2910 3202/265/2910 
f 3123/265/2909 3122/265/2909 3202/265/2909 3203/265/2909 
f 3121/265/2908 3123/265/2908 3203/265/2908 3204/265/2908 
f 3119/265/2907 3121/265/2907 3204/265/2907 3205/265/2907 
f 3117/265/2906 3119/265/2906 3205/265/2906 3206/265/2906 
f 3115/265/2905 3117/265/2905 3206/265/2905 3207/265/2905 
f 3112/265/2904 3115/265/2904 3207/265/2904 3208/265/2904 
f 3113/265/2903 3112/265/2903 3208/265/2903 3209/265/2903 
f 3111/265/2902 3113/265/2902 3209/265/2902 3210/265/2902 
f 3108/265/2901 3111/265/2901 3210/265/2901 3211/265/2901 
f 3109/265/2900 3108/265/2900 3211/265/2900 3212/265/2900 
f 3107/265/2899 3109/265/2899 3212/265/2899 3213/265/2899 
f 3214/265/2898 3104/265/2898 3107/265/2898 3213/265/2898 
f 3215/265/2897 3105/265/2897 3104/265/2897 3214/265/2897 
f 3216/265/2896 3103/265/2896 3105/265/2896 3215/265/2896 
f 3217/265/2895 3100/265/2895 3103/265/2895 3216/265/2895 
f 3218/265/2894 3101/265/2894 3100/265/2894 3217/265/2894 
f 3219/265/2893 3097/265/2893 3101/265/2893 3218/265/2893 
f 3220/265/2892 3098/265/2892 3097/265/2892 3219/265/2892 
f 3221/265/2891 3136/265/2891 3098/265/2891 3220/265/2891 
f 3222/265/2890 3137/265/2890 3136/265/2890 3221/265/2890 
f 3223/265/2889 3138/265/2889 3137/265/2889 3222/265/2889 
f 3224/265/2888 3140/265/2888 3138/265/2888 3223/265/2888 
f 3225/265/2887 3141/265/2887 3140/265/2887 3224/265/2887 
f 3226/265/2886 3142/265/2886 3141/265/2886 3225/265/2886 
f 3227/265/2885 3144/265/2885 3142/265/2885 3226/265/2885 
f 3145/265/2884 3144/265/2884 3227/265/2884 3228/265/2884 
f 3146/265/2883 3145/265/2883 3228/265/2883 3229/265/2883 
f 3148/265/2882 3146/265/2882 3229/265/2882 3230/265/2882 
f 3149/265/2881 3148/265/2881 3230/265/2881 3231/265/2881 
f 3150/265/2880 3149/265/2880 3231/265/2880 3232/265/2880 
f 3152/265/2879 3150/265/2879 3232/265/2879 3233/265/2879 
f 3154/265/2930 3152/265/2930 3233/265/2930 3234/265/2930 
f 3156/265/2929 3154/265/2929 3234/265/2929 3235/265/2929 
f 3158/265/2928 3156/265/2928 3235/265/2928 3184/265/2928 
f 3219/266/2878 3218/267/2878 3221/268/2878 3220/269/2878 
f 3221/268/2878 3218/267/2878 3217/270/2878 3222/271/2878 
f 3222/271/2878 3217/270/2878 3216/272/2878 3223/273/2878 
f 3223/273/2878 3216/272/2878 3215/274/2878 3224/275/2878 
f 3224/275/2878 3215/274/2878 3214/276/2878 3225/277/2878 
f 3225/277/2878 3214/276/2878 3213/278/2878 3226/279/2878 
f 3226/279/2878 3213/278/2878 3212/280/2878 3227/281/2878 
f 3227/281/2878 3212/280/2878 3211/282/2878 3228/283/2878 
f 3228/283/2878 3211/282/2878 3210/284/2878 3229/285/2878 
f 3229/285/2878 3210/284/2878 3209/286/2878 3230/287/2878 
f 3230/287/2878 3209/286/2878 3208/288/2878 3231/289/2878 
f 3231/289/2878 3208/288/2878 3207/290/2878 3232/291/2878 
f 3232/291/2878 3207/290/2878 3206/292/2878 3233/293/2878 
f 3233/293/2878 3206/292/2878 3205/294/2878 3234/295/2878 
f 3234/295/2878 3205/294/2878 3204/296/2878 3235/297/2878 
f 3235/297/2878 3204/296/2878 3203/298/2878 3184/299/2878 
f 3184/299/2878 3203/298/2878 3202/300/2878 3185/301/2878 
f 3185/301/2878 3202/300/2878 3201/302/2878 3186/303/2878 
f 3186/303/2878 3201/302/2878 3200/304/2878 3187/305/2878 
f 3187/305/2878 3200/304/2878 3199/306/2878 3188/307/2878 
f 3188/307/2878 3199/306/2878 3198/308/2878 3189/309/2878 
f 3189/309/2878 3198/308/2878 3197/310/2878 3190/311/2878 
f 3190/311/2878 3197/310/2878 3196/312/2878 3191/313/2878 
f 3191/313/2878 3196/312/2878 3195/314/2878 3192/315/2878 
f 3192/315/2878 3195/314/2878 3194/316/2878 3193/317/2878 
f 3185/318/2927 3017/319/2927 3016/320/2927 
f 3017/319/2927 3185/318/2927 3184/321/2927 
f 3184/322/2928 3015/323/2928 3017/324/2928 
f 3015/323/2928 3184/322/2928 3235/325/2928 
f 3235/326/2931 3013/327/2931 3015/328/2931 
f 3013/327/2931 3235/326/2931 3234/329/2931 
f 3234/330/2930 3011/331/2930 3013/332/2930 
f 3011/331/2930 3234/330/2930 3233/333/2930 
f 3233/334/2879 3009/335/2879 3011/336/2879 
f 3009/335/2879 3233/334/2879 3232/337/2879 
f 3232/338/2932 3006/339/2932 3009/340/2932 
f 3006/339/2932 3232/338/2932 3231/341/2932 
f 3231/342/2881 3007/343/2881 3006/344/2881 
f 3007/343/2881 3231/342/2881 3230/345/2881 
f 3230/346/2933 3005/347/2933 3007/348/2933 
f 3005/347/2933 3230/346/2933 3229/349/2933 
f 3229/350/2883 3002/351/2883 3005/352/2883 
f 3002/351/2883 3229/350/2883 3228/353/2883 
f 3228/354/2934 3003/355/2934 3002/356/2934 
f 3003/355/2934 3228/354/2934 3227/357/2934 
f 3227/358/2935 3001/359/2935 3003/360/2935 
f 3001/359/2935 3227/358/2935 3226/361/2935 
f 3001/362/2936 3225/363/2936 2998/364/2936 
f 3225/363/2936 3001/362/2936 3226/365/2936 
f 2998/366/2887 3224/367/2887 2999/368/2887 
f 3224/367/2887 2998/366/2887 3225/369/2887 
f 2999/370/2888 3223/371/2888 2997/372/2888 
f 3223/371/2888 2999/370/2888 3224/373/2888 
f 2997/374/2889 3222/375/2889 2994/376/2889 
f 3222/375/2889 2997/374/2889 3223/377/2889 
f 2994/378/2890 3221/379/2890 2995/380/2890 
f 3221/379/2890 2994/378/2890 3222/381/2890 
f 2995/382/2937 3220/383/2937 2993/384/2937 
f 3220/383/2937 2995/382/2937 3221/385/2937 
f 2993/386/2938 3219/387/2938 3030/388/2938 
f 3219/387/2938 2993/386/2938 3220/389/2938 
f 3030/390/2893 3218/391/2893 3032/392/2893 
f 3218/391/2893 3030/390/2893 3219/393/2893 
f 3032/348/2894 3217/349/2894 3033/347/2894 
f 3217/349/2894 3032/348/2894 3218/346/2894 
f 3033/394/2939 3216/395/2939 3034/396/2939 
f 3216/395/2939 3033/394/2939 3217/397/2939 
f 3034/398/2940 3215/399/2940 3036/400/2940 
f 3215/399/2940 3034/398/2940 3216/401/2940 
f 3036/402/2897 3214/403/2897 3037/404/2897 
f 3214/403/2897 3036/402/2897 3215/405/2897 
f 3037/406/2941 3213/407/2941 3038/408/2941 
f 3213/407/2941 3037/406/2941 3214/409/2941 
f 3213/410/2899 3040/411/2899 3038/412/2899 
f 3040/411/2899 3213/410/2899 3212/413/2899 
f 3212/414/2900 3041/415/2900 3040/416/2900 
f 3041/415/2900 3212/414/2900 3211/417/2900 
f 3211/418/2901 3042/419/2901 3041/420/2901 
f 3042/419/2901 3211/418/2901 3210/421/2901 
f 3210/422/2902 3044/423/2902 3042/424/2902 
f 3044/423/2902 3210/422/2902 3209/425/2902 
f 3209/426/2903 3045/427/2903 3044/428/2903 
f 3045/427/2903 3209/426/2903 3208/429/2903 
f 3208/430/2904 3046/431/2904 3045/432/2904 
f 3046/431/2904 3208/430/2904 3207/433/2904 
f 3207/434/2942 3048/435/2942 3046/436/2942 
f 3048/435/2942 3207/434/2942 3206/437/2942 
f 3206/438/2906 3050/439/2906 3048/440/2906 
f 3050/439/2906 3206/438/2906 3205/441/2906 
f 3205/442/2943 3052/443/2943 3050/444/2943 
f 3052/443/2943 3205/442/2943 3204/445/2943 
f 3204/446/2908 3054/447/2908 3052/448/2908 
f 3054/447/2908 3204/446/2908 3203/449/2908 
f 3203/450/2909 3055/451/2909 3054/452/2909 
f 3055/451/2909 3203/450/2909 3202/453/2909 
f 3202/454/2944 3056/455/2944 3055/456/2944 
f 3056/455/2944 3202/454/2944 3201/457/2944 
f 3201/458/2945 3058/459/2945 3056/460/2945 
f 3058/459/2945 3201/458/2945 3200/461/2945 
f 3199/462/2946 3058/463/2946 3200/464/2946 
f 3058/463/2946 3199/462/2946 3059/465/2946 
f 3198/466/2947 3059/467/2947 3199/468/2947 
f 3059/467/2947 3198/466/2947 3060/469/2947 
f 3197/470/2914 3060/471/2914 3198/472/2914 
f 3060/471/2914 3197/470/2914 3062/473/2914 
f 3196/474/2915 3062/475/2915 3197/476/2915 
f 3062/475/2915 3196/474/2915 3063/477/2915 
f 3195/478/2948 3063/479/2948 3196/480/2948 
f 3063/479/2948 3195/478/2948 3064/481/2948 
f 3194/482/2949 3064/483/2949 3195/484/2949 
f 3064/483/2949 3194/482/2949 3028/485/2949 
f 3193/486/2950 3028/487/2950 3194/488/2950 
f 3028/487/2950 3193/486/2950 3029/489/2950 
f 3192/490/2919 3029/491/2919 3193/492/2919 
f 3029/491/2919 3192/490/2919 3027/493/2919 
f 3191/494/2951 3027/495/2951 3192/496/2951 
f 3027/495/2951 3191/494/2951 3024/497/2951 
f 3190/498/2921 3024/499/2921 3191/500/2921 
f 3024/499/2921 3190/498/2921 3025/501/2921 
f 3189/502/2922 3025/503/2922 3190/504/2922 
f 3025/503/2922 3189/502/2922 3023/505/2922 
f 3188/506/2923 3023/507/2923 3189/508/2923 
f 3023/507/2923 3188/506/2923 3020/509/2923 
f 3187/510/2924 3020/511/2924 3188/512/2924 
f 3020/511/2924 3187/510/2924 3021/513/2924 
f 3187/514/2952 3019/515/2952 3021/516/2952 
f 3019/515/2952 3187/514/2952 3186/517/2952 
f 3186/518/2926 3016/519/2926 3019/520/2926 
f 3016/519/2926 3186/518/2926 3185/521/2926 
# 233 polygons - 104 triangles

#
# object Group_003
#

v  -1.7819 0.2453 18.0816
v  -1.7819 0.4406 18.0816
v  -1.6642 0.4406 18.1304
v  -1.6642 0.2453 18.1304
v  -1.9082 0.2453 18.0650
v  -1.9082 0.4406 18.0650
v  -1.4856 0.4406 18.7970
v  -1.5631 0.4406 18.8981
v  -1.5631 0.2453 18.8981
v  -1.4856 0.2453 18.7970
v  -2.2533 0.2453 18.2079
v  -2.2533 0.4406 18.2079
v  -2.1522 0.4406 18.1304
v  -2.1522 0.2453 18.1304
v  -2.3308 0.4406 18.3090
v  -2.3308 0.2453 18.3090
v  -2.3308 0.4406 18.7970
v  -2.3796 0.4406 18.6793
v  -2.3796 0.2453 18.6793
v  -2.3308 0.2453 18.7970
v  -2.2533 0.4406 18.8981
v  -2.2533 0.2453 18.8981
v  -1.6642 0.4406 18.9757
v  -1.6642 0.2453 18.9757
v  -2.0345 0.4406 18.0816
v  -2.0345 0.2453 18.0816
v  -2.3796 0.4406 18.4267
v  -2.3796 0.2453 18.4267
v  -1.4202 0.4406 18.5530
v  -1.4368 0.4406 18.6793
v  -1.4368 0.2453 18.6793
v  -1.4202 0.2453 18.5530
v  -2.3962 0.4406 18.5530
v  -2.3962 0.2453 18.5530
v  -1.4856 0.4406 18.3090
v  -1.4368 0.4406 18.4267
v  -1.4368 0.2453 18.4267
v  -1.4856 0.2453 18.3090
v  -1.5631 0.4406 18.2079
v  -1.5631 0.2453 18.2079
v  -2.1522 0.2453 18.9757
v  -2.1522 0.4406 18.9757
v  -1.7819 0.4894 19.0244
v  -2.1522 0.4894 18.9757
v  -2.0345 0.4894 19.0244
v  -1.9082 0.4894 19.0410
v  -1.6642 0.4894 18.9757
v  -2.2533 0.4894 18.8981
v  -1.5631 0.4894 18.8981
v  -1.4856 0.4894 18.7970
v  -2.3796 0.4894 18.6793
v  -2.3308 0.4894 18.7970
v  -1.4368 0.4894 18.6793
v  -2.3962 0.4894 18.5530
v  -1.4202 0.4894 18.5530
v  -1.4368 0.4894 18.4267
v  -1.4856 0.4894 18.3090
v  -2.3796 0.4894 18.4267
v  -2.2533 0.4894 18.2079
v  -2.3308 0.4894 18.3090
v  -1.5631 0.4894 18.2079
v  -1.6642 0.4894 18.1304
v  -1.7819 0.4894 18.0816
v  -2.1522 0.4894 18.1304
v  -1.9082 0.4894 18.0650
v  -2.0345 0.4894 18.0816
v  -1.7819 0.4406 19.0244
v  -1.7819 0.2453 19.0244
v  -2.0345 0.2453 19.0244
v  -2.0345 0.4406 19.0244
v  -1.9082 0.2453 19.0410
v  -1.9082 0.4406 19.0410
v  -1.9963 0.1965 18.8818
v  -2.0784 0.1965 18.8478
v  -1.8201 0.1965 18.8818
v  -1.9082 0.1965 18.8934
v  -2.1489 0.1965 18.7937
v  -1.7380 0.1965 18.8478
v  -2.2029 0.1965 18.7232
v  -1.6675 0.1965 18.7937
v  -2.2369 0.1965 18.6411
v  -1.6134 0.1965 18.7232
v  -2.2485 0.1965 18.5530
v  -1.5794 0.1965 18.6411
v  -1.5794 0.1965 18.4649
v  -1.5678 0.1965 18.5530
v  -2.2369 0.1965 18.4649
v  -1.6134 0.1965 18.3828
v  -2.2029 0.1965 18.3828
v  -2.1489 0.1965 18.3124
v  -2.0784 0.1965 18.2583
v  -1.6675 0.1965 18.3124
v  -1.9963 0.1965 18.2243
v  -1.7380 0.1965 18.2583
v  -1.9082 0.1965 18.2127
v  -1.8201 0.1965 18.2243
v  -1.9082 0.2453 18.8934
v  -1.9963 0.2453 18.8818
v  -2.1489 0.2453 18.7937
v  -2.0784 0.2453 18.8478
v  -2.2029 0.2453 18.7232
v  -2.2369 0.2453 18.6411
v  -2.2485 0.2453 18.5530
v  -2.2029 0.2453 18.3828
v  -2.2369 0.2453 18.4649
v  -2.1489 0.2453 18.3124
v  -2.0784 0.2453 18.2583
v  -1.9082 0.2453 18.2127
v  -1.9963 0.2453 18.2243
v  -1.8201 0.2453 18.8818
v  -1.7380 0.2453 18.8478
v  -1.6675 0.2453 18.7937
v  -1.6134 0.2453 18.7232
v  -1.5794 0.2453 18.6411
v  -1.5678 0.2453 18.5530
v  -1.5794 0.2453 18.4649
v  -1.6134 0.2453 18.3828
v  -1.6675 0.2453 18.3124
v  -1.7380 0.2453 18.2583
v  -1.8201 0.2453 18.2243
# 120 vertices

vn 0.9659 0.0000 0.2588
vn 0.8660 0.0000 0.5000
vn 1.0000 0.0000 -0.0000
vn -0.5000 0.0000 0.8660
vn -0.7071 0.0000 0.7071
vn 0.7071 0.0000 -0.7071
vn 0.8660 0.0000 -0.5000
vn 0.5000 0.0000 -0.8660
vn -0.5000 0.0000 -0.8660
vn -0.2588 0.0000 -0.9659
vn -0.7071 0.0000 -0.7071
vn -0.8660 0.0000 0.5000
vn 0.9659 0.0000 -0.2588
vn 0.2588 0.0000 -0.9659
vn 0.0000 0.0000 1.0000
vn -0.2588 0.0000 0.9659
vn 0.0000 0.0000 -1.0000
vn 0.5000 0.0000 0.8660
vn 0.2588 0.0000 0.9659
vn 0.7071 0.0000 0.7071
vn -0.8660 0.0000 -0.5000
vn 0.0000 1.0000 -0.0000
vn -0.9659 0.0000 0.2588
vn -0.9659 0.0000 -0.2588
vn -1.0000 0.0000 0.0000
vn 0.0000 -1.0000 -0.0000
# 26 vertex normals

vt 0.0000 0.0000 0.0000
# 1 texture coords

o Group_003
g Group_003
usemtl Material__58
s off
f 3236/522/2953 3237/522/2953 3238/522/2954 3239/522/2954 
f 3240/522/2955 3241/522/2955 3237/522/2953 3236/522/2953 
f 3242/522/2956 3243/522/2957 3244/522/2957 3245/522/2956 
f 3246/522/2958 3247/522/2958 3248/522/2959 3249/522/2959 
f 3250/522/2960 3247/522/2958 3246/522/2958 3251/522/2960 
f 3252/522/2961 3253/522/2962 3254/522/2962 3255/522/2961 
f 3256/522/2963 3252/522/2961 3255/522/2961 3257/522/2963 
f 3258/522/2964 3259/522/2964 3244/522/2957 3243/522/2957 
f 3249/522/2959 3248/522/2959 3260/522/2965 3261/522/2965 
f 3262/522/2966 3250/522/2960 3251/522/2960 3263/522/2966 
f 3264/522/2967 3265/522/2968 3266/522/2968 3267/522/2967 
f 3253/522/2962 3268/522/2969 3269/522/2969 3254/522/2962 
f 3261/522/2965 3260/522/2965 3241/522/2955 3240/522/2955 
f 3270/522/2970 3271/522/2971 3272/522/2971 3273/522/2970 
f 3239/522/2954 3238/522/2954 3274/522/2972 3275/522/2972 
f 3256/522/2963 3257/522/2963 3276/522/2973 3277/522/2973 
f 3274/522/2972 3270/522/2970 3273/522/2970 3275/522/2972 
f 3278/522/2974 3279/522/2974 3280/522/2974 3281/522/2974 
f 3279/522/2974 3278/522/2974 3282/522/2974 3283/522/2974 
f 3283/522/2974 3282/522/2974 3284/522/2974 3285/522/2974 
f 3283/522/2974 3285/522/2974 3286/522/2974 3287/522/2974 
f 3286/522/2974 3285/522/2974 3288/522/2974 3289/522/2974 
f 3289/522/2974 3288/522/2974 3290/522/2974 3291/522/2974 
f 3289/522/2974 3291/522/2974 3292/522/2974 3293/522/2974 
f 3293/522/2974 3292/522/2974 3294/522/2974 3295/522/2974 
f 3294/522/2974 3292/522/2974 3296/522/2974 3297/522/2974 
f 3294/522/2974 3297/522/2974 3298/522/2974 3299/522/2974 
f 3299/522/2974 3298/522/2974 3300/522/2974 3301/522/2974 
f 3271/522/2971 3264/522/2967 3267/522/2967 3272/522/2971 
f 3265/522/2968 3242/522/2956 3245/522/2956 3266/522/2968 
f 3302/522/2975 3303/522/2975 3259/522/2964 3258/522/2964 
f 3268/522/2969 3262/522/2966 3263/522/2966 3269/522/2969 
f 3277/522/2973 3276/522/2973 3304/522/2976 3305/522/2976 
f 3305/522/2976 3304/522/2976 3306/522/2977 3307/522/2977 
f 3307/522/2977 3306/522/2977 3303/522/2975 3302/522/2975 
f 3308/522/2978 3309/522/2978 3310/522/2978 3311/522/2978 
f 3310/522/2978 3309/522/2978 3312/522/2978 3313/522/2978 
f 3313/522/2978 3312/522/2978 3314/522/2978 3315/522/2978 
f 3315/522/2978 3314/522/2978 3316/522/2978 3317/522/2978 
f 3317/522/2978 3316/522/2978 3318/522/2978 3319/522/2978 
f 3319/522/2978 3318/522/2978 3320/522/2978 3321/522/2978 
f 3320/522/2978 3318/522/2978 3322/522/2978 3323/522/2978 
f 3323/522/2978 3322/522/2978 3324/522/2978 3325/522/2978 
f 3323/522/2978 3325/522/2978 3326/522/2978 3327/522/2978 
f 3327/522/2978 3326/522/2978 3328/522/2978 3329/522/2978 
f 3329/522/2978 3328/522/2978 3330/522/2978 3331/522/2978 
f 3304/522/2978 3276/522/2978 3303/522/2978 3306/522/2978 
f 3303/522/2978 3276/522/2978 3257/522/2978 3259/522/2978 
f 3259/522/2978 3257/522/2978 3332/522/2978 3244/522/2978 
f 3332/522/2978 3257/522/2978 3255/522/2978 3333/522/2978 
f 3333/522/2978 3255/522/2978 3334/522/2978 3335/522/2978 
f 3334/522/2978 3255/522/2978 3254/522/2978 3336/522/2978 
f 3336/522/2978 3254/522/2978 3269/522/2978 3337/522/2978 
f 3337/522/2978 3269/522/2978 3263/522/2978 3338/522/2978 
f 3338/522/2978 3263/522/2978 3339/522/2978 3340/522/2978 
f 3339/522/2978 3263/522/2978 3251/522/2978 3341/522/2978 
f 3341/522/2978 3251/522/2978 3246/522/2978 3342/522/2978 
f 3342/522/2978 3246/522/2978 3343/522/2978 3344/522/2978 
f 3244/522/2978 3332/522/2978 3345/522/2978 3245/522/2978 
f 3245/522/2978 3345/522/2978 3346/522/2978 3347/522/2978 
f 3245/522/2978 3347/522/2978 3348/522/2978 3266/522/2978 
f 3266/522/2978 3348/522/2978 3349/522/2978 3267/522/2978 
f 3267/522/2978 3349/522/2978 3350/522/2978 3351/522/2978 
f 3267/522/2978 3351/522/2978 3352/522/2978 3272/522/2978 
f 3272/522/2978 3352/522/2978 3353/522/2978 3273/522/2978 
f 3273/522/2978 3353/522/2978 3354/522/2978 3275/522/2978 
f 3275/522/2978 3354/522/2978 3355/522/2978 3343/522/2978 
f 3275/522/2978 3343/522/2978 3246/522/2978 3249/522/2978 
f 3275/522/2978 3249/522/2978 3261/522/2978 3239/522/2978 
f 3239/522/2978 3261/522/2978 3240/522/2978 3236/522/2978 
f 3350/522/2967 3349/522/2968 3319/522/2968 3321/522/2967 
f 3351/522/2971 3350/522/2967 3321/522/2967 3320/522/2971 
f 3352/522/2970 3351/522/2971 3320/522/2971 3323/522/2970 
f 3353/522/2972 3352/522/2970 3323/522/2970 3327/522/2972 
f 3329/522/2954 3354/522/2954 3353/522/2972 3327/522/2972 
f 3331/522/2953 3355/522/2953 3354/522/2954 3329/522/2954 
f 3330/522/2955 3343/522/2955 3355/522/2953 3331/522/2953 
f 3328/522/2965 3344/522/2965 3343/522/2955 3330/522/2955 
f 3326/522/2959 3342/522/2959 3344/522/2965 3328/522/2965 
f 3325/522/2958 3341/522/2958 3342/522/2959 3326/522/2959 
f 3339/522/2960 3341/522/2958 3325/522/2958 3324/522/2960 
f 3340/522/2966 3339/522/2960 3324/522/2960 3322/522/2966 
f 3338/522/2969 3340/522/2966 3322/522/2966 3318/522/2969 
f 3337/522/2962 3338/522/2969 3318/522/2969 3316/522/2962 
f 3336/522/2961 3337/522/2962 3316/522/2962 3314/522/2961 
f 3334/522/2963 3336/522/2961 3314/522/2961 3312/522/2963 
f 3334/522/2963 3312/522/2963 3309/522/2973 3335/522/2973 
f 3335/522/2973 3309/522/2973 3308/522/2976 3333/522/2976 
f 3333/522/2976 3308/522/2976 3311/522/2977 3332/522/2977 
f 3332/522/2977 3311/522/2977 3310/522/2975 3345/522/2975 
f 3345/522/2975 3310/522/2975 3313/522/2964 3346/522/2964 
f 3346/522/2964 3313/522/2964 3315/522/2957 3347/522/2957 
f 3348/522/2956 3347/522/2957 3315/522/2957 3317/522/2956 
f 3349/522/2968 3348/522/2956 3317/522/2956 3319/522/2968 
f 3279/522/2973 3277/522/2973 3305/522/2976 3280/522/2976 
f 3296/522/2972 3292/522/2970 3270/522/2970 3274/522/2972 
f 3283/522/2963 3256/522/2963 3277/522/2973 3279/522/2973 
f 3283/522/2963 3287/522/2961 3252/522/2961 3256/522/2963 
f 3290/522/2967 3288/522/2968 3265/522/2968 3264/522/2967 
f 3288/522/2968 3285/522/2956 3242/522/2956 3265/522/2968 
f 3241/522/2955 3300/522/2955 3298/522/2953 3237/522/2953 
f 3280/522/2976 3305/522/2976 3307/522/2977 3281/522/2977 
f 3260/522/2965 3301/522/2965 3300/522/2955 3241/522/2955 
f 3278/522/2975 3302/522/2975 3258/522/2964 3282/522/2964 
f 3237/522/2953 3298/522/2953 3297/522/2954 3238/522/2954 
f 3295/522/2960 3294/522/2958 3247/522/2958 3250/522/2960 
f 3291/522/2971 3290/522/2967 3264/522/2967 3271/522/2971 
f 3281/522/2977 3307/522/2977 3302/522/2975 3278/522/2975 
f 3292/522/2970 3291/522/2971 3271/522/2971 3270/522/2970 
f 3289/522/2969 3293/522/2966 3262/522/2966 3268/522/2969 
f 3285/522/2956 3284/522/2957 3243/522/2957 3242/522/2956 
f 3247/522/2958 3294/522/2958 3299/522/2959 3248/522/2959 
f 3238/522/2954 3297/522/2954 3296/522/2972 3274/522/2972 
f 3287/522/2961 3286/522/2962 3253/522/2962 3252/522/2961 
f 3293/522/2966 3295/522/2960 3250/522/2960 3262/522/2966 
f 3286/522/2962 3289/522/2969 3268/522/2969 3253/522/2962 
f 3282/522/2964 3258/522/2964 3243/522/2957 3284/522/2957 
f 3248/522/2959 3299/522/2959 3301/522/2965 3260/522/2965 
# 118 polygons

#
# object Group_002
#

v  -0.8171 2.6367 14.3771
v  -3.6964 2.6367 14.3771
v  -3.6476 2.6367 14.4259
v  -0.8171 2.6367 14.4259
v  -0.8171 2.6367 20.0870
v  -3.6476 2.6367 20.0870
v  -3.6964 2.6367 20.1358
v  -0.8171 2.6367 20.1358
v  -0.8171 0.2453 20.1114
v  -0.8171 0.2453 20.0870
v  -0.8171 0.1965 20.1358
v  -0.8171 0.1965 20.1114
v  -3.6476 0.2453 20.0870
v  -3.6476 0.2453 14.4259
v  -0.8171 0.2453 14.4015
v  -0.8171 0.1965 14.4015
v  -0.8171 0.1965 14.3771
v  -0.8171 0.2453 14.4259
v  -3.6964 0.1965 14.3771
v  -3.6964 0.1965 20.1358
v  -3.6720 0.1965 20.1114
v  -3.6720 0.1965 14.4015
v  -3.6720 0.2453 20.1114
v  -3.6720 0.2453 14.4015
# 24 vertices

vn 0.0000 1.0000 -0.0000
vn 0.0000 0.0000 1.0000
vn 1.0000 0.0000 -0.0000
vn 0.0000 0.0000 -1.0000
vn -1.0000 -0.0000 0.0000
vn 0.0000 -1.0000 -0.0000
vn 1.0000 0.0000 0.0000
# 7 vertex normals

vt 2.5595 0.1101 0.8304
vt 2.5595 0.8899 0.8304
vt 2.5330 0.8767 0.8304
vt 2.5330 0.1101 0.8304
vt -0.5330 0.1101 0.8304
vt -0.5330 0.8767 0.8304
vt -0.5595 0.8899 0.8304
vt -0.5595 0.1101 0.8304
vt -0.5330 0.8304 0.1101
vt -0.5595 0.8304 0.1101
vt -0.5463 0.1828 0.1101
vt -0.5330 0.1828 0.1101
vt -0.5595 0.1696 0.1101
vt -0.5463 0.1696 0.1101
vt 2.5330 0.8304 0.8767
vt -0.5330 0.8304 0.8767
vt -0.5330 0.1828 0.8767
vt 2.5330 0.1828 0.8767
vt 2.5595 0.8304 0.1101
vt 2.5463 0.1828 0.1101
vt 2.5463 0.1696 0.1101
vt 2.5595 0.1696 0.1101
vt 2.5330 0.8304 0.1101
vt 2.5330 0.1828 0.1101
vt 1.7797 0.1696 1.2797
vt 1.7797 0.8304 1.2797
vt 0.2203 0.8304 1.2797
vt 0.2203 0.1696 1.2797
vt 2.5595 0.8304 0.8899
vt -0.5595 0.8304 0.8899
vt -0.5595 0.1696 0.8899
vt 2.5595 0.1696 0.8899
vt 0.2203 0.8304 -0.2797
vt 0.2203 0.1696 -0.2797
vt 1.7797 0.1696 -0.2797
vt 1.7797 0.8304 -0.2797
vt 2.5595 0.8899 0.1696
vt -0.5595 0.8899 0.1696
vt 2.5463 0.8833 0.1696
vt 2.5595 0.1101 0.1696
vt -0.5463 0.1101 0.1696
vt -0.5463 0.8833 0.1696
vt -0.5595 0.1101 0.1696
vt 2.5463 0.1101 0.1696
vt 2.5463 0.8833 0.1828
vt -0.5463 0.8833 0.1828
vt 2.5330 0.8767 0.1828
vt 2.5463 0.1101 0.1828
vt 2.5330 0.1101 0.1828
vt -0.5330 0.1101 0.1828
vt -0.5330 0.8767 0.1828
vt -0.5463 0.1101 0.1828
vt 1.7665 0.1696 -0.2731
vt 1.7665 0.1828 -0.2731
vt 0.2203 0.1828 -0.2731
vt 0.2203 0.1696 -0.2731
vt 2.5463 0.1828 0.8833
vt -0.5463 0.1828 0.8833
vt -0.5463 0.1696 0.8833
vt 2.5463 0.1696 0.8833
vt 0.2335 0.1828 1.2731
vt 0.2335 0.1696 1.2731
vt 1.7797 0.1696 1.2731
vt 1.7797 0.1828 1.2731
vt 1.7533 0.1828 -0.2665
vt 1.7533 0.8304 -0.2665
vt 0.2203 0.8304 -0.2665
vt 0.2203 0.1828 -0.2665
vt 0.2467 0.8304 1.2665
vt 0.2467 0.1828 1.2665
vt 1.7797 0.1828 1.2665
vt 1.7797 0.8304 1.2665
# 72 texture coords

o Group_002
g Group_002
usemtl Material__54
s off
f 3356/523/2979 3357/524/2979 3358/525/2979 3359/526/2979 
f 3360/527/2979 3361/528/2979 3362/529/2979 3363/530/2979 
f 3362/529/2979 3361/528/2979 3358/525/2979 3357/524/2979 
f 3360/531/2980 3363/532/2980 3364/533/2980 3365/534/2980 
f 3364/533/2980 3363/532/2980 3366/535/2980 3367/536/2980 
f 3358/537/2980 3361/538/2980 3368/539/2980 3369/540/2980 
f 3356/541/2980 3370/542/2980 3371/543/2980 3372/544/2980 
f 3370/542/2980 3356/541/2980 3359/545/2980 3373/546/2980 
f 3374/547/2981 3357/548/2981 3356/549/2981 3372/550/2981 
f 3362/551/2982 3357/552/2982 3374/553/2982 3375/554/2982 
f 3362/555/2983 3375/556/2983 3366/557/2983 3363/558/2983 
f 3375/559/2984 3374/560/2984 3376/561/2984 3366/562/2984 
f 3376/561/2984 3374/560/2984 3371/563/2984 3377/564/2984 
f 3371/563/2984 3374/560/2984 3372/565/2984 
f 3367/566/2984 3366/562/2984 3376/561/2984 
f 3378/567/2984 3379/568/2984 3368/569/2984 3364/570/2984 
f 3364/570/2984 3368/569/2984 3365/571/2984 
f 3368/569/2984 3379/568/2984 3373/572/2984 3369/573/2984 
f 3373/572/2984 3379/568/2984 3370/574/2984 
f 3376/575/2981 3378/576/2981 3364/577/2981 3367/578/2981 
f 3379/579/2980 3378/580/2980 3376/581/2980 3377/582/2980 
f 3379/583/2983 3377/584/2983 3371/585/2983 3370/586/2983 
f 3368/587/2985 3361/588/2985 3360/589/2985 3365/590/2985 
f 3358/591/2983 3369/592/2983 3373/593/2983 3359/594/2983 
# 20 polygons - 4 triangles

#
# object Group_001
#

v  -3.7452 0.0989 14.3283
v  -0.8171 0.0989 14.3283
v  -0.8171 0.0989 20.1846
v  -3.7452 0.0989 20.1846
v  -3.7452 0.1965 20.1846
v  -0.8171 0.1965 20.1846
v  -3.7452 0.1965 14.3283
v  -0.8171 0.1965 14.3283
# 8 vertices

vn 0.0000 -1.0000 -0.0000
vn -1.0000 0.0000 -0.0000
vn 0.0000 0.0000 -1.0000
vn 1.0000 0.0000 -0.0000
vn -0.0000 -0.0000 1.0000
vn 0.0000 1.0000 -0.0000
# 6 vertex normals

vt 0.0000 0.8000 0.0000
vt 0.0000 0.0000 0.0000
vt 4.0000 0.0000 0.0000
vt 4.0000 0.8000 0.0000
vt 4.0000 0.8000 1.0000
vt 0.0000 0.8000 1.0000
vt 0.0000 0.0000 1.0000
vt 4.0000 0.0000 1.0000
# 8 texture coords

o Group_001
g Group_001
usemtl Material__56
s off
f 3380/595/2986 3381/596/2986 3382/597/2986 3383/598/2986 
f 3384/595/2987 3383/596/2987 3382/597/2987 3385/598/2987 
f 3384/599/2988 3386/600/2988 3380/601/2988 3383/602/2988 
f 3380/602/2989 3386/599/2989 3387/600/2989 3381/601/2989 
f 3387/598/2990 3385/595/2990 3382/596/2990 3381/597/2990 
f 3387/602/2991 3386/599/2991 3384/600/2991 3385/601/2991 
# 6 polygons

