# 3ds Max Wavefront OBJ Exporter v0.99 - (c)2007 guruware
# File Created: 03.05.2026 21:44:33

mtllib Stand_Basico.mtl

#
# object Estructura_StandBasico
#

v  4.3812 0.1200 -25.7023
v  4.3812 0.0262 -25.7023
v  4.3812 0.0262 -24.7112
v  4.3812 0.1200 -24.7112
v  4.4037 0.0262 -25.7023
v  4.4037 0.1200 -25.7023
v  4.4037 0.1200 -24.7112
v  4.4037 0.0262 -24.7112
v  4.3859 0.1139 -25.7023
v  4.3990 0.0323 -25.7023
v  4.3990 0.1139 -24.7112
v  4.3859 0.0323 -24.7112
v  4.3990 0.0323 -25.7326
v  4.3948 0.0323 -25.7023
v  4.3901 0.0323 -25.7023
v  4.3859 0.1139 -25.7326
v  4.3901 0.1139 -25.7023
v  4.3948 0.1139 -25.7023
v  4.3859 0.0323 -24.6829
v  4.3901 0.0323 -24.7112
v  4.3948 0.0323 -24.7112
v  4.3990 0.1139 -24.6829
v  4.3948 0.1139 -24.7112
v  4.3901 0.1139 -24.7112
v  4.3948 0.0256 -24.7112
v  4.3948 0.0256 -25.7023
v  4.4032 0.0256 -25.7023
v  4.3901 0.0256 -24.7112
v  4.3817 0.0256 -25.7023
v  4.3901 0.0256 -25.7023
v  4.3817 0.1206 -25.7023
v  4.3817 0.1206 -24.7112
v  4.3901 0.1206 -24.7112
v  4.3901 0.1206 -25.7023
v  4.4032 0.1206 -24.7112
v  4.4032 0.1206 -25.7023
v  4.3948 0.1206 -25.7023
v  4.3948 0.1206 -24.7112
v  4.3859 0.0323 -25.7023
v  4.3990 0.1139 -25.7023
v  4.3859 0.1139 -24.7112
v  4.3812 0.1200 -24.6299
v  4.3812 0.0262 -24.6299
v  4.3812 0.0262 -23.6716
v  4.3812 0.1200 -23.6716
v  4.4037 0.0262 -24.6299
v  4.4037 0.1200 -24.6299
v  4.4037 0.1200 -23.6716
v  4.4037 0.0262 -23.6716
v  4.3859 0.1139 -24.6299
v  4.3990 0.0323 -24.6299
v  4.3990 0.1139 -23.6716
v  4.3859 0.0323 -23.6716
v  4.3990 0.0323 -24.6602
v  4.3948 0.0323 -24.6299
v  4.3901 0.0323 -24.6299
v  4.3859 0.1139 -24.6602
v  4.3901 0.1139 -24.6299
v  4.3948 0.1139 -24.6299
v  4.3859 0.0323 -23.6434
v  4.3901 0.0323 -23.6716
v  4.3948 0.0323 -23.6716
v  4.3990 0.1139 -23.6434
v  4.3948 0.1139 -23.6716
v  4.3901 0.1139 -23.6716
v  4.3948 0.0256 -23.6716
v  4.3948 0.0256 -24.6299
v  4.4032 0.0256 -24.6299
v  4.3901 0.0256 -23.6716
v  4.3817 0.0256 -24.6299
v  4.3901 0.0256 -24.6299
v  4.3817 0.1206 -24.6299
v  4.3817 0.1206 -23.6716
v  4.3901 0.1206 -23.6716
v  4.3901 0.1206 -24.6299
v  4.4032 0.1206 -23.6716
v  4.4032 0.1206 -24.6299
v  4.3948 0.1206 -24.6299
v  4.3948 0.1206 -23.6716
v  4.3859 0.0323 -24.6299
v  4.3990 0.1139 -24.6299
v  4.3859 0.1139 -23.6716
v  4.3812 0.1200 -23.5912
v  4.3812 0.0262 -23.5912
v  4.3812 0.0262 -22.6011
v  4.3812 0.1200 -22.6011
v  4.4037 0.0262 -23.5912
v  4.4037 0.1200 -23.5912
v  4.4037 0.1200 -22.6011
v  4.4037 0.0262 -22.6011
v  4.3859 0.1139 -23.5912
v  4.3990 0.0323 -23.5912
v  4.3990 0.1139 -22.6011
v  4.3859 0.0323 -22.6011
v  4.3990 0.0323 -23.6216
v  4.3948 0.0323 -23.5912
v  4.3901 0.0323 -23.5912
v  4.3859 0.1139 -23.6216
v  4.3901 0.1139 -23.5912
v  4.3948 0.1139 -23.5912
v  4.3859 0.0323 -22.5729
v  4.3901 0.0323 -22.6011
v  4.3948 0.0323 -22.6011
v  4.3990 0.1139 -22.5729
v  4.3948 0.1139 -22.6011
v  4.3901 0.1139 -22.6011
v  4.3948 0.0256 -22.6011
v  4.3948 0.0256 -23.5912
v  4.4032 0.0256 -23.5912
v  4.3901 0.0256 -22.6011
v  4.3817 0.0256 -23.5912
v  4.3901 0.0256 -23.5912
v  4.3817 0.1206 -23.5912
v  4.3817 0.1206 -22.6011
v  4.3901 0.1206 -22.6011
v  4.3901 0.1206 -23.5912
v  4.4032 0.1206 -22.6011
v  4.4032 0.1206 -23.5912
v  4.3948 0.1206 -23.5912
v  4.3948 0.1206 -22.6011
v  4.3859 0.0323 -23.5912
v  4.3990 0.1139 -23.5912
v  4.3859 0.1139 -22.6011
v  4.3859 0.1139 -24.6829
v  4.3990 0.1139 -23.6216
v  4.3859 0.1139 -22.5729
v  4.3859 0.1139 -23.6434
v  4.3990 0.1139 -25.7326
v  4.3990 0.1139 -24.6602
v  1.2474 0.1200 -22.5468
v  1.2474 0.0262 -22.5468
v  2.2385 0.0262 -22.5468
v  2.2385 0.1200 -22.5468
v  1.2474 0.0262 -22.5694
v  1.2474 0.1200 -22.5694
v  2.2385 0.1200 -22.5694
v  2.2385 0.0262 -22.5694
v  1.2474 0.1139 -22.5515
v  1.2474 0.0323 -22.5647
v  2.2385 0.1139 -22.5647
v  2.2385 0.0323 -22.5515
v  1.2171 0.0323 -22.5647
v  1.2474 0.0323 -22.5605
v  1.2474 0.0323 -22.5557
v  1.2171 0.1139 -22.5515
v  1.2474 0.1139 -22.5557
v  1.2474 0.1139 -22.5605
v  2.2668 0.0323 -22.5515
v  2.2385 0.0323 -22.5557
v  2.2385 0.0323 -22.5605
v  2.2668 0.1139 -22.5647
v  2.2385 0.1139 -22.5605
v  2.2385 0.1139 -22.5557
v  2.2385 0.0256 -22.5605
v  1.2474 0.0256 -22.5605
v  1.2474 0.0256 -22.5688
v  2.2385 0.0256 -22.5557
v  1.2474 0.0256 -22.5474
v  1.2474 0.0256 -22.5557
v  1.2474 0.1206 -22.5474
v  2.2385 0.1206 -22.5474
v  2.2385 0.1206 -22.5557
v  1.2474 0.1206 -22.5557
v  2.2385 0.1206 -22.5688
v  1.2474 0.1206 -22.5688
v  1.2474 0.1206 -22.5605
v  2.2385 0.1206 -22.5605
v  1.2474 0.0323 -22.5515
v  1.2474 0.1139 -22.5647
v  2.2385 0.1139 -22.5515
v  2.3198 0.1200 -22.5468
v  2.3198 0.0262 -22.5468
v  3.2781 0.0262 -22.5468
v  3.2781 0.1200 -22.5468
v  2.3198 0.0262 -22.5694
v  2.3198 0.1200 -22.5694
v  3.2781 0.1200 -22.5694
v  3.2781 0.0262 -22.5694
v  2.3198 0.1139 -22.5515
v  2.3198 0.0323 -22.5647
v  3.2781 0.1139 -22.5647
v  3.2781 0.0323 -22.5515
v  2.2895 0.0323 -22.5647
v  2.3198 0.0323 -22.5605
v  2.3198 0.0323 -22.5557
v  2.2895 0.1139 -22.5515
v  2.3198 0.1139 -22.5557
v  2.3198 0.1139 -22.5605
v  3.3063 0.0323 -22.5515
v  3.2781 0.0323 -22.5557
v  3.2781 0.0323 -22.5605
v  3.3063 0.1139 -22.5647
v  3.2781 0.1139 -22.5605
v  3.2781 0.1139 -22.5557
v  3.2781 0.0256 -22.5605
v  2.3198 0.0256 -22.5605
v  2.3198 0.0256 -22.5688
v  3.2781 0.0256 -22.5557
v  2.3198 0.0256 -22.5474
v  2.3198 0.0256 -22.5557
v  2.3198 0.1206 -22.5474
v  3.2781 0.1206 -22.5474
v  3.2781 0.1206 -22.5557
v  2.3198 0.1206 -22.5557
v  3.2781 0.1206 -22.5688
v  2.3198 0.1206 -22.5688
v  2.3198 0.1206 -22.5605
v  3.2781 0.1206 -22.5605
v  2.3198 0.0323 -22.5515
v  2.3198 0.1139 -22.5647
v  3.2781 0.1139 -22.5515
v  3.3585 0.1200 -22.5468
v  3.3585 0.0262 -22.5468
v  4.3486 0.0262 -22.5468
v  4.3486 0.1200 -22.5468
v  3.3585 0.0262 -22.5694
v  3.3585 0.1200 -22.5694
v  4.3486 0.1200 -22.5694
v  4.3486 0.0262 -22.5694
v  3.3585 0.1139 -22.5515
v  3.3585 0.0323 -22.5647
v  4.3486 0.1139 -22.5647
v  4.3486 0.0323 -22.5515
v  3.3281 0.0323 -22.5647
v  3.3585 0.0323 -22.5605
v  3.3585 0.0323 -22.5557
v  3.3281 0.1139 -22.5515
v  3.3585 0.1139 -22.5557
v  3.3585 0.1139 -22.5605
v  4.3768 0.0323 -22.5515
v  4.3486 0.0323 -22.5557
v  4.3486 0.0323 -22.5605
v  4.3768 0.1139 -22.5647
v  4.3486 0.1139 -22.5605
v  4.3486 0.1139 -22.5557
v  4.3486 0.0256 -22.5605
v  3.3585 0.0256 -22.5605
v  3.3585 0.0256 -22.5688
v  4.3486 0.0256 -22.5557
v  3.3585 0.0256 -22.5474
v  3.3585 0.0256 -22.5557
v  3.3585 0.1206 -22.5474
v  4.3486 0.1206 -22.5474
v  4.3486 0.1206 -22.5557
v  3.3585 0.1206 -22.5557
v  4.3486 0.1206 -22.5688
v  3.3585 0.1206 -22.5688
v  3.3585 0.1206 -22.5605
v  4.3486 0.1206 -22.5605
v  3.3585 0.0323 -22.5515
v  3.3585 0.1139 -22.5647
v  4.3486 0.1139 -22.5515
v  2.2668 0.1139 -22.5515
v  3.3281 0.1139 -22.5647
v  4.3768 0.1139 -22.5515
v  3.3063 0.1139 -22.5515
v  1.2171 0.1139 -22.5647
v  2.2895 0.1139 -22.5647
v  4.3540 0.1200 -25.7512
v  4.3540 0.0262 -25.7512
v  3.3628 0.0262 -25.7512
v  3.3628 0.1200 -25.7512
v  4.3540 0.0262 -25.7287
v  4.3540 0.1200 -25.7287
v  3.3628 0.1200 -25.7287
v  3.3628 0.0262 -25.7287
v  4.3540 0.1139 -25.7465
v  4.3540 0.0323 -25.7334
v  3.3628 0.1139 -25.7334
v  3.3628 0.0323 -25.7465
v  4.3843 0.0323 -25.7334
v  4.3540 0.0323 -25.7376
v  4.3540 0.0323 -25.7423
v  4.3843 0.1139 -25.7465
v  4.3540 0.1139 -25.7423
v  4.3540 0.1139 -25.7376
v  3.3346 0.0323 -25.7465
v  3.3628 0.0323 -25.7423
v  3.3628 0.0323 -25.7376
v  3.3346 0.1139 -25.7334
v  3.3628 0.1139 -25.7376
v  3.3628 0.1139 -25.7423
v  3.3628 0.0256 -25.7376
v  4.3540 0.0256 -25.7376
v  4.3540 0.0256 -25.7292
v  3.3628 0.0256 -25.7423
v  4.3540 0.0256 -25.7507
v  4.3540 0.0256 -25.7423
v  4.3540 0.1206 -25.7507
v  3.3628 0.1206 -25.7507
v  3.3628 0.1206 -25.7423
v  4.3540 0.1206 -25.7423
v  3.3628 0.1206 -25.7292
v  4.3540 0.1206 -25.7292
v  4.3540 0.1206 -25.7376
v  3.3628 0.1206 -25.7376
v  4.3540 0.0323 -25.7465
v  4.3540 0.1139 -25.7334
v  3.3628 0.1139 -25.7465
v  3.2816 0.1200 -25.7512
v  3.2816 0.0262 -25.7512
v  2.3232 0.0262 -25.7512
v  2.3232 0.1200 -25.7512
v  3.2816 0.0262 -25.7287
v  3.2816 0.1200 -25.7287
v  2.3232 0.1200 -25.7287
v  2.3232 0.0262 -25.7287
v  3.2816 0.1139 -25.7465
v  3.2816 0.0323 -25.7334
v  2.3232 0.1139 -25.7334
v  2.3232 0.0323 -25.7465
v  3.3119 0.0323 -25.7334
v  3.2816 0.0323 -25.7376
v  3.2816 0.0323 -25.7423
v  3.3119 0.1139 -25.7465
v  3.2816 0.1139 -25.7423
v  3.2816 0.1139 -25.7376
v  2.2950 0.0323 -25.7465
v  2.3232 0.0323 -25.7423
v  2.3232 0.0323 -25.7376
v  2.2950 0.1139 -25.7334
v  2.3232 0.1139 -25.7376
v  2.3232 0.1139 -25.7423
v  2.3232 0.0256 -25.7376
v  3.2816 0.0256 -25.7376
v  3.2816 0.0256 -25.7292
v  2.3232 0.0256 -25.7423
v  3.2816 0.0256 -25.7507
v  3.2816 0.0256 -25.7423
v  3.2816 0.1206 -25.7507
v  2.3232 0.1206 -25.7507
v  2.3232 0.1206 -25.7423
v  3.2816 0.1206 -25.7423
v  2.3232 0.1206 -25.7292
v  3.2816 0.1206 -25.7292
v  3.2816 0.1206 -25.7376
v  2.3232 0.1206 -25.7376
v  3.2816 0.0323 -25.7465
v  3.2816 0.1139 -25.7334
v  2.3232 0.1139 -25.7465
v  2.2429 0.1200 -25.7512
v  2.2429 0.0262 -25.7512
v  1.2528 0.0262 -25.7512
v  1.2528 0.1200 -25.7512
v  2.2429 0.0262 -25.7287
v  2.2429 0.1200 -25.7287
v  1.2528 0.1200 -25.7287
v  1.2528 0.0262 -25.7287
v  2.2429 0.1139 -25.7465
v  2.2429 0.0323 -25.7334
v  1.2528 0.1139 -25.7334
v  1.2528 0.0323 -25.7465
v  2.2732 0.0323 -25.7334
v  2.2429 0.0323 -25.7376
v  2.2429 0.0323 -25.7423
v  2.2732 0.1139 -25.7465
v  2.2429 0.1139 -25.7423
v  2.2429 0.1139 -25.7376
v  1.2245 0.0323 -25.7465
v  1.2528 0.0323 -25.7423
v  1.2528 0.0323 -25.7376
v  1.2245 0.1139 -25.7334
v  1.2528 0.1139 -25.7376
v  1.2528 0.1139 -25.7423
v  1.2528 0.0256 -25.7376
v  2.2429 0.0256 -25.7376
v  2.2429 0.0256 -25.7292
v  1.2528 0.0256 -25.7423
v  2.2429 0.0256 -25.7507
v  2.2429 0.0256 -25.7423
v  2.2429 0.1206 -25.7507
v  1.2528 0.1206 -25.7507
v  1.2528 0.1206 -25.7423
v  2.2429 0.1206 -25.7423
v  1.2528 0.1206 -25.7292
v  2.2429 0.1206 -25.7292
v  2.2429 0.1206 -25.7376
v  1.2528 0.1206 -25.7376
v  2.2429 0.0323 -25.7465
v  2.2429 0.1139 -25.7334
v  1.2528 0.1139 -25.7465
v  3.3346 0.1139 -25.7465
v  2.2732 0.1139 -25.7334
v  1.2245 0.1139 -25.7465
v  2.2950 0.1139 -25.7465
v  4.3843 0.1139 -25.7334
v  3.3119 0.1139 -25.7334
v  4.3540 3.0735 -25.7512
v  4.3540 2.9796 -25.7512
v  3.3628 2.9796 -25.7512
v  3.3628 3.0735 -25.7512
v  4.3540 2.9796 -25.7287
v  4.3540 3.0735 -25.7287
v  3.3628 3.0735 -25.7287
v  3.3628 2.9796 -25.7287
v  4.3540 3.0673 -25.7465
v  4.3540 2.9858 -25.7334
v  3.3628 3.0673 -25.7334
v  3.3628 2.9858 -25.7465
v  4.3843 2.9858 -25.7334
v  4.3540 2.9858 -25.7376
v  4.3540 2.9858 -25.7423
v  4.3843 3.0673 -25.7465
v  4.3540 3.0673 -25.7423
v  4.3540 3.0673 -25.7376
v  3.3346 2.9858 -25.7465
v  3.3628 2.9858 -25.7423
v  3.3628 2.9858 -25.7376
v  3.3346 3.0673 -25.7334
v  3.3628 3.0673 -25.7376
v  3.3628 3.0673 -25.7423
v  3.3628 2.9790 -25.7376
v  4.3540 2.9790 -25.7376
v  4.3540 2.9790 -25.7292
v  3.3628 2.9790 -25.7423
v  4.3540 2.9790 -25.7507
v  4.3540 2.9790 -25.7423
v  4.3540 3.0741 -25.7507
v  3.3628 3.0741 -25.7507
v  3.3628 3.0741 -25.7423
v  4.3540 3.0741 -25.7423
v  3.3628 3.0741 -25.7292
v  4.3540 3.0741 -25.7292
v  4.3540 3.0741 -25.7376
v  3.3628 3.0741 -25.7376
v  4.3540 2.9858 -25.7465
v  4.3540 3.0673 -25.7334
v  3.3628 3.0673 -25.7465
v  3.2816 3.0735 -25.7512
v  3.2816 2.9796 -25.7512
v  2.3232 2.9796 -25.7512
v  2.3232 3.0735 -25.7512
v  3.2816 2.9796 -25.7287
v  3.2816 3.0735 -25.7287
v  2.3232 3.0735 -25.7287
v  2.3232 2.9796 -25.7287
v  3.2816 3.0673 -25.7465
v  3.2816 2.9858 -25.7334
v  2.3232 3.0673 -25.7334
v  2.3232 2.9858 -25.7465
v  3.3119 2.9858 -25.7334
v  3.2816 2.9858 -25.7376
v  3.2816 2.9858 -25.7423
v  3.3119 3.0673 -25.7465
v  3.2816 3.0673 -25.7423
v  3.2816 3.0673 -25.7376
v  2.2950 2.9858 -25.7465
v  2.3232 2.9858 -25.7423
v  2.3232 2.9858 -25.7376
v  2.2950 3.0673 -25.7334
v  2.3232 3.0673 -25.7376
v  2.3232 3.0673 -25.7423
v  2.3232 2.9790 -25.7376
v  3.2816 2.9790 -25.7376
v  3.2816 2.9790 -25.7292
v  2.3232 2.9790 -25.7423
v  3.2816 2.9790 -25.7507
v  3.2816 2.9790 -25.7423
v  3.2816 3.0741 -25.7507
v  2.3232 3.0741 -25.7507
v  2.3232 3.0741 -25.7423
v  3.2816 3.0741 -25.7423
v  2.3232 3.0741 -25.7292
v  3.2816 3.0741 -25.7292
v  3.2816 3.0741 -25.7376
v  2.3232 3.0741 -25.7376
v  3.2816 2.9858 -25.7465
v  3.2816 3.0673 -25.7334
v  2.3232 3.0673 -25.7465
v  2.2429 3.0735 -25.7512
v  2.2429 2.9796 -25.7512
v  1.2528 2.9796 -25.7512
v  1.2528 3.0735 -25.7512
v  2.2429 2.9796 -25.7287
v  2.2429 3.0735 -25.7287
v  1.2528 3.0735 -25.7287
v  1.2528 2.9796 -25.7287
v  2.2429 3.0673 -25.7465
v  2.2429 2.9858 -25.7334
v  1.2528 3.0673 -25.7334
v  1.2528 2.9858 -25.7465
v  2.2732 2.9858 -25.7334
v  2.2429 2.9858 -25.7376
v  2.2429 2.9858 -25.7423
v  2.2732 3.0673 -25.7465
v  2.2429 3.0673 -25.7423
v  2.2429 3.0673 -25.7376
v  1.2245 2.9858 -25.7465
v  1.2528 2.9858 -25.7423
v  1.2528 2.9858 -25.7376
v  1.2245 3.0673 -25.7334
v  1.2528 3.0673 -25.7376
v  1.2528 3.0673 -25.7423
v  1.2528 2.9790 -25.7376
v  2.2429 2.9790 -25.7376
v  2.2429 2.9790 -25.7292
v  1.2528 2.9790 -25.7423
v  2.2429 2.9790 -25.7507
v  2.2429 2.9790 -25.7423
v  2.2429 3.0741 -25.7507
v  1.2528 3.0741 -25.7507
v  1.2528 3.0741 -25.7423
v  2.2429 3.0741 -25.7423
v  1.2528 3.0741 -25.7292
v  2.2429 3.0741 -25.7292
v  2.2429 3.0741 -25.7376
v  1.2528 3.0741 -25.7376
v  2.2429 2.9858 -25.7465
v  2.2429 3.0673 -25.7334
v  1.2528 3.0673 -25.7465
v  3.3346 3.0673 -25.7465
v  2.2732 3.0673 -25.7334
v  1.2245 3.0673 -25.7465
v  2.2950 3.0673 -25.7465
v  4.3843 3.0673 -25.7334
v  3.3119 3.0673 -25.7334
v  4.3812 3.0735 -25.7023
v  4.3812 2.9796 -25.7023
v  4.3812 2.9796 -24.7112
v  4.3812 3.0735 -24.7112
v  4.4037 2.9796 -25.7023
v  4.4037 3.0735 -25.7023
v  4.4037 3.0735 -24.7112
v  4.4037 2.9796 -24.7112
v  4.3859 3.0673 -25.7023
v  4.3990 2.9858 -25.7023
v  4.3990 3.0673 -24.7112
v  4.3859 2.9858 -24.7112
v  4.3990 2.9858 -25.7326
v  4.3948 2.9858 -25.7023
v  4.3901 2.9858 -25.7023
v  4.3859 3.0673 -25.7326
v  4.3901 3.0673 -25.7023
v  4.3948 3.0673 -25.7023
v  4.3859 2.9858 -24.6829
v  4.3901 2.9858 -24.7112
v  4.3948 2.9858 -24.7112
v  4.3990 3.0673 -24.6829
v  4.3948 3.0673 -24.7112
v  4.3901 3.0673 -24.7112
v  4.3948 2.9790 -24.7112
v  4.3948 2.9790 -25.7023
v  4.4032 2.9790 -25.7023
v  4.3901 2.9790 -24.7112
v  4.3817 2.9790 -25.7023
v  4.3901 2.9790 -25.7023
v  4.3817 3.0741 -25.7023
v  4.3817 3.0741 -24.7112
v  4.3901 3.0741 -24.7112
v  4.3901 3.0741 -25.7023
v  4.4032 3.0741 -24.7112
v  4.4032 3.0741 -25.7023
v  4.3948 3.0741 -25.7023
v  4.3948 3.0741 -24.7112
v  4.3859 2.9858 -25.7023
v  4.3990 3.0673 -25.7023
v  4.3859 3.0673 -24.7112
v  4.3812 3.0735 -24.6299
v  4.3812 2.9796 -24.6299
v  4.3812 2.9796 -23.6716
v  4.3812 3.0735 -23.6716
v  4.4037 2.9796 -24.6299
v  4.4037 3.0735 -24.6299
v  4.4037 3.0735 -23.6716
v  4.4037 2.9796 -23.6716
v  4.3859 3.0673 -24.6299
v  4.3990 2.9858 -24.6299
v  4.3990 3.0673 -23.6716
v  4.3859 2.9858 -23.6716
v  4.3990 2.9858 -24.6602
v  4.3948 2.9858 -24.6299
v  4.3901 2.9858 -24.6299
v  4.3859 3.0673 -24.6602
v  4.3901 3.0673 -24.6299
v  4.3948 3.0673 -24.6299
v  4.3859 2.9858 -23.6434
v  4.3901 2.9858 -23.6716
v  4.3948 2.9858 -23.6716
v  4.3990 3.0673 -23.6434
v  4.3948 3.0673 -23.6716
v  4.3901 3.0673 -23.6716
v  4.3948 2.9790 -23.6716
v  4.3948 2.9790 -24.6299
v  4.4032 2.9790 -24.6299
v  4.3901 2.9790 -23.6716
v  4.3817 2.9790 -24.6299
v  4.3901 2.9790 -24.6299
v  4.3817 3.0741 -24.6299
v  4.3817 3.0741 -23.6716
v  4.3901 3.0741 -23.6716
v  4.3901 3.0741 -24.6299
v  4.4032 3.0741 -23.6716
v  4.4032 3.0741 -24.6299
v  4.3948 3.0741 -24.6299
v  4.3948 3.0741 -23.6716
v  4.3859 2.9858 -24.6299
v  4.3990 3.0673 -24.6299
v  4.3859 3.0673 -23.6716
v  4.3812 3.0735 -23.5912
v  4.3812 2.9796 -23.5912
v  4.3812 2.9796 -22.6011
v  4.3812 3.0735 -22.6011
v  4.4037 2.9796 -23.5912
v  4.4037 3.0735 -23.5912
v  4.4037 3.0735 -22.6011
v  4.4037 2.9796 -22.6011
v  4.3859 3.0673 -23.5912
v  4.3990 2.9858 -23.5912
v  4.3990 3.0673 -22.6011
v  4.3859 2.9858 -22.6011
v  4.3990 2.9858 -23.6216
v  4.3948 2.9858 -23.5912
v  4.3901 2.9858 -23.5912
v  4.3859 3.0673 -23.6216
v  4.3901 3.0673 -23.5912
v  4.3948 3.0673 -23.5912
v  4.3859 2.9858 -22.5729
v  4.3901 2.9858 -22.6011
v  4.3948 2.9858 -22.6011
v  4.3990 3.0673 -22.5729
v  4.3948 3.0673 -22.6011
v  4.3901 3.0673 -22.6011
v  4.3948 2.9790 -22.6011
v  4.3948 2.9790 -23.5912
v  4.4032 2.9790 -23.5912
v  4.3901 2.9790 -22.6011
v  4.3817 2.9790 -23.5912
v  4.3901 2.9790 -23.5912
v  4.3817 3.0741 -23.5912
v  4.3817 3.0741 -22.6011
v  4.3901 3.0741 -22.6011
v  4.3901 3.0741 -23.5912
v  4.4032 3.0741 -22.6011
v  4.4032 3.0741 -23.5912
v  4.3948 3.0741 -23.5912
v  4.3948 3.0741 -22.6011
v  4.3859 2.9858 -23.5912
v  4.3990 3.0673 -23.5912
v  4.3859 3.0673 -22.6011
v  4.3859 3.0673 -24.6829
v  4.3990 3.0673 -23.6216
v  4.3859 3.0673 -22.5729
v  4.3859 3.0673 -23.6434
v  4.3990 3.0673 -25.7326
v  4.3990 3.0673 -24.6602
v  1.2474 3.0735 -22.5468
v  1.2474 2.9796 -22.5468
v  2.2385 2.9796 -22.5468
v  2.2385 3.0735 -22.5468
v  1.2474 2.9796 -22.5694
v  1.2474 3.0735 -22.5694
v  2.2385 3.0735 -22.5694
v  2.2385 2.9796 -22.5694
v  1.2474 3.0673 -22.5515
v  1.2474 2.9858 -22.5647
v  2.2385 3.0673 -22.5647
v  2.2385 2.9858 -22.5515
v  1.2171 2.9858 -22.5647
v  1.2474 2.9858 -22.5605
v  1.2474 2.9858 -22.5557
v  1.2171 3.0673 -22.5515
v  1.2474 3.0673 -22.5557
v  1.2474 3.0673 -22.5605
v  2.2668 2.9858 -22.5515
v  2.2385 2.9858 -22.5557
v  2.2385 2.9858 -22.5605
v  2.2668 3.0673 -22.5647
v  2.2385 3.0673 -22.5605
v  2.2385 3.0673 -22.5557
v  2.2385 2.9790 -22.5605
v  1.2474 2.9790 -22.5605
v  1.2474 2.9790 -22.5688
v  2.2385 2.9790 -22.5557
v  1.2474 2.9790 -22.5474
v  1.2474 2.9790 -22.5557
v  1.2474 3.0741 -22.5474
v  2.2385 3.0741 -22.5474
v  2.2385 3.0741 -22.5557
v  1.2474 3.0741 -22.5557
v  2.2385 3.0741 -22.5688
v  1.2474 3.0741 -22.5688
v  1.2474 3.0741 -22.5605
v  2.2385 3.0741 -22.5605
v  1.2474 2.9858 -22.5515
v  1.2474 3.0673 -22.5647
v  2.2385 3.0673 -22.5515
v  2.3198 3.0735 -22.5468
v  2.3198 2.9796 -22.5468
v  3.2781 2.9796 -22.5468
v  3.2781 3.0735 -22.5468
v  2.3198 2.9796 -22.5694
v  2.3198 3.0735 -22.5694
v  3.2781 3.0735 -22.5694
v  3.2781 2.9796 -22.5694
v  2.3198 3.0673 -22.5515
v  2.3198 2.9858 -22.5647
v  3.2781 3.0673 -22.5647
v  3.2781 2.9858 -22.5515
v  2.2895 2.9858 -22.5647
v  2.3198 2.9858 -22.5605
v  2.3198 2.9858 -22.5557
v  2.2895 3.0673 -22.5515
v  2.3198 3.0673 -22.5557
v  2.3198 3.0673 -22.5605
v  3.3063 2.9858 -22.5515
v  3.2781 2.9858 -22.5557
v  3.2781 2.9858 -22.5605
v  3.3063 3.0673 -22.5647
v  3.2781 3.0673 -22.5605
v  3.2781 3.0673 -22.5557
v  3.2781 2.9790 -22.5605
v  2.3198 2.9790 -22.5605
v  2.3198 2.9790 -22.5688
v  3.2781 2.9790 -22.5557
v  2.3198 2.9790 -22.5474
v  2.3198 2.9790 -22.5557
v  2.3198 3.0741 -22.5474
v  3.2781 3.0741 -22.5474
v  3.2781 3.0741 -22.5557
v  2.3198 3.0741 -22.5557
v  3.2781 3.0741 -22.5688
v  2.3198 3.0741 -22.5688
v  2.3198 3.0741 -22.5605
v  3.2781 3.0741 -22.5605
v  2.3198 2.9858 -22.5515
v  2.3198 3.0673 -22.5647
v  3.2781 3.0673 -22.5515
v  3.3585 3.0735 -22.5468
v  3.3585 2.9796 -22.5468
v  4.3486 2.9796 -22.5468
v  4.3486 3.0735 -22.5468
v  3.3585 2.9796 -22.5694
v  3.3585 3.0735 -22.5694
v  4.3486 3.0735 -22.5694
v  4.3486 2.9796 -22.5694
v  3.3585 3.0673 -22.5515
v  3.3585 2.9858 -22.5647
v  4.3486 3.0673 -22.5647
v  4.3486 2.9858 -22.5515
v  3.3281 2.9858 -22.5647
v  3.3585 2.9858 -22.5605
v  3.3585 2.9858 -22.5557
v  3.3281 3.0673 -22.5515
v  3.3585 3.0673 -22.5557
v  3.3585 3.0673 -22.5605
v  4.3768 2.9858 -22.5515
v  4.3486 2.9858 -22.5557
v  4.3486 2.9858 -22.5605
v  4.3768 3.0673 -22.5647
v  4.3486 3.0673 -22.5605
v  4.3486 3.0673 -22.5557
v  4.3486 2.9790 -22.5605
v  3.3585 2.9790 -22.5605
v  3.3585 2.9790 -22.5688
v  4.3486 2.9790 -22.5557
v  3.3585 2.9790 -22.5474
v  3.3585 2.9790 -22.5557
v  3.3585 3.0741 -22.5474
v  4.3486 3.0741 -22.5474
v  4.3486 3.0741 -22.5557
v  3.3585 3.0741 -22.5557
v  4.3486 3.0741 -22.5688
v  3.3585 3.0741 -22.5688
v  3.3585 3.0741 -22.5605
v  4.3486 3.0741 -22.5605
v  3.3585 2.9858 -22.5515
v  3.3585 3.0673 -22.5647
v  4.3486 3.0673 -22.5515
v  2.2668 3.0673 -22.5515
v  3.3281 3.0673 -22.5647
v  4.3768 3.0673 -22.5515
v  3.3063 3.0673 -22.5515
v  1.2171 3.0673 -22.5647
v  2.2895 3.0673 -22.5647
v  4.3751 0.0200 -24.6567
v  4.3796 0.0200 -24.6523
v  4.3796 3.0800 -24.6523
v  4.3751 3.0800 -24.6567
v  4.3897 0.0200 -24.6481
v  4.3960 0.0200 -24.6481
v  4.3960 3.0800 -24.6481
v  4.3897 3.0800 -24.6481
v  4.4061 0.0200 -24.6522
v  4.4106 0.0200 -24.6568
v  4.4106 3.0800 -24.6568
v  4.4061 3.0800 -24.6522
v  4.3571 0.0200 -24.6641
v  4.3709 0.0200 -24.6669
v  4.3714 0.0200 -24.6611
v  4.3634 0.0200 -24.6489
v  4.3634 3.0800 -24.6489
v  4.3714 3.0800 -24.6611
v  4.3709 3.0800 -24.6669
v  4.3550 3.0800 -24.6619
v  4.3717 0.0200 -24.6405
v  4.3840 0.0200 -24.6486
v  4.3870 0.0200 -24.6342
v  4.3870 3.0800 -24.6342
v  4.3840 3.0800 -24.6486
v  4.3717 3.0800 -24.6405
v  4.3988 0.0200 -24.6342
v  4.4017 0.0200 -24.6486
v  4.4140 0.0200 -24.6405
v  4.4140 3.0800 -24.6405
v  4.4017 3.0800 -24.6486
v  4.3988 3.0800 -24.6342
v  4.4224 0.0200 -24.6489
v  4.4143 0.0200 -24.6611
v  4.4148 0.0200 -24.6669
v  4.4287 0.0200 -24.6641
v  4.4148 3.0800 -24.6669
v  4.4287 3.0800 -24.6641
v  4.4143 3.0800 -24.6611
v  4.4224 3.0800 -24.6489
v  4.3751 0.0200 -24.6833
v  4.3751 3.0800 -24.6833
v  4.3796 3.0800 -24.6878
v  4.3796 0.0200 -24.6878
v  4.3897 0.0200 -24.6920
v  4.3897 3.0800 -24.6920
v  4.3960 3.0800 -24.6920
v  4.3960 0.0200 -24.6920
v  4.4061 0.0200 -24.6878
v  4.4061 3.0800 -24.6878
v  4.4106 3.0800 -24.6833
v  4.4106 0.0200 -24.6833
v  4.4148 3.0800 -24.6732
v  4.4148 0.0200 -24.6732
v  4.3714 0.0200 -24.6789
v  4.3709 0.0200 -24.6732
v  4.3571 0.0200 -24.6759
v  4.3604 0.0200 -24.6910
v  4.3714 3.0800 -24.6789
v  4.3634 3.0800 -24.6911
v  4.3571 3.0800 -24.6759
v  4.3709 3.0800 -24.6732
v  4.3840 0.0200 -24.6914
v  4.3717 0.0200 -24.6995
v  4.3870 0.0200 -24.7058
v  4.3840 3.0800 -24.6914
v  4.3870 3.0800 -24.7058
v  4.3719 3.0800 -24.7025
v  4.4017 0.0200 -24.6914
v  4.3988 0.0200 -24.7058
v  4.4139 0.0200 -24.7025
v  4.4017 3.0800 -24.6914
v  4.4140 3.0800 -24.6995
v  4.3988 3.0800 -24.7058
v  4.4143 0.0200 -24.6789
v  4.4224 0.0200 -24.6911
v  4.4307 0.0200 -24.6781
v  4.4143 3.0800 -24.6789
v  4.4287 3.0800 -24.6759
v  4.4224 3.0800 -24.6911
v  4.3817 0.0200 -24.6784
v  4.3817 3.0800 -24.6617
v  4.3845 0.0200 -24.6589
v  4.4012 3.0800 -24.6589
v  4.4040 0.0200 -24.6617
v  4.4040 3.0800 -24.6783
v  4.4012 0.0200 -24.6812
v  4.3845 3.0800 -24.6812
v  4.3949 3.0800 -24.6838
v  4.3751 0.0200 -23.6192
v  4.3796 0.0200 -23.6147
v  4.3796 3.0800 -23.6147
v  4.3751 3.0800 -23.6192
v  4.3897 0.0200 -23.6105
v  4.3960 0.0200 -23.6105
v  4.3960 3.0800 -23.6105
v  4.3897 3.0800 -23.6105
v  4.4061 0.0200 -23.6147
v  4.4106 0.0200 -23.6192
v  4.4106 3.0800 -23.6192
v  4.4061 3.0800 -23.6147
v  4.3571 0.0200 -23.6265
v  4.3709 0.0200 -23.6293
v  4.3714 0.0200 -23.6236
v  4.3671 0.0200 -23.6157
v  4.3634 3.0800 -23.6113
v  4.3714 3.0800 -23.6236
v  4.3709 3.0800 -23.6293
v  4.3628 3.0800 -23.6261
v  4.3717 0.0200 -23.6030
v  4.3840 0.0200 -23.6110
v  4.3865 0.0200 -23.6024
v  4.3870 3.0800 -23.5967
v  4.3840 3.0800 -23.6110
v  4.3761 3.0800 -23.6067
v  4.3988 0.0200 -23.5967
v  4.4017 0.0200 -23.6110
v  4.4096 0.0200 -23.6067
v  4.4140 3.0800 -23.6030
v  4.4017 3.0800 -23.6110
v  4.3992 3.0800 -23.6024
v  4.4224 0.0200 -23.6113
v  4.4143 0.0200 -23.6236
v  4.4148 0.0200 -23.6293
v  4.4229 0.0200 -23.6261
v  4.4148 3.0800 -23.6293
v  4.4287 3.0800 -23.6265
v  4.4143 3.0800 -23.6236
v  4.4186 3.0800 -23.6157
v  4.3751 0.0200 -23.6457
v  4.3751 3.0800 -23.6457
v  4.3796 3.0800 -23.6502
v  4.3796 0.0200 -23.6502
v  4.3897 0.0200 -23.6544
v  4.3897 3.0800 -23.6544
v  4.3960 3.0800 -23.6544
v  4.3960 0.0200 -23.6544
v  4.4061 0.0200 -23.6502
v  4.4061 3.0800 -23.6502
v  4.4106 3.0800 -23.6457
v  4.4106 0.0200 -23.6457
v  4.4148 3.0800 -23.6356
v  4.4148 0.0200 -23.6356
v  4.3714 0.0200 -23.6413
v  4.3709 0.0200 -23.6356
v  4.3571 0.0200 -23.6384
v  4.3671 0.0200 -23.6492
v  4.3714 3.0800 -23.6413
v  4.3634 3.0800 -23.6536
v  4.3628 3.0800 -23.6388
v  4.3709 3.0800 -23.6356
v  4.3840 0.0200 -23.6539
v  4.3717 0.0200 -23.6620
v  4.3865 0.0200 -23.6625
v  4.3840 3.0800 -23.6539
v  4.3870 3.0800 -23.6682
v  4.3761 3.0800 -23.6582
v  4.4017 0.0200 -23.6539
v  4.3988 0.0200 -23.6682
v  4.4096 0.0200 -23.6582
v  4.4017 3.0800 -23.6539
v  4.4140 3.0800 -23.6619
v  4.3992 3.0800 -23.6625
v  4.4143 0.0200 -23.6413
v  4.4224 0.0200 -23.6536
v  4.4229 0.0200 -23.6388
v  4.4143 3.0800 -23.6413
v  4.4287 3.0800 -23.6384
v  4.4186 3.0800 -23.6492
v  4.3791 0.0200 -23.6305
v  4.3817 3.0800 -23.6241
v  4.3845 0.0200 -23.6213
v  4.3909 3.0800 -23.6187
v  4.3949 0.0200 -23.6187
v  4.4012 3.0800 -23.6213
v  4.4040 0.0200 -23.6241
v  4.4066 3.0800 -23.6305
v  4.3817 0.0200 -23.6408
v  4.3909 0.0200 -23.6462
v  4.4012 0.0200 -23.6436
v  4.4066 0.0200 -23.6344
v  4.3791 3.0800 -23.6344
v  4.3845 3.0800 -23.6436
v  4.3949 3.0800 -23.6462
v  4.4040 3.0800 -23.6408
v  4.3571 3.0800 -23.6384
v  4.3604 0.0200 -23.6535
v  4.3561 3.0800 -23.6477
v  4.3719 3.0800 -23.6650
v  4.3776 0.0200 -23.6692
v  4.3776 0.0200 -23.5957
v  4.3776 3.0800 -23.5957
v  4.4139 0.0200 -23.6650
v  4.4081 3.0800 -23.6692
v  4.4081 3.0800 -23.5957
v  4.4081 0.0200 -23.5957
v  4.4296 0.0200 -23.6172
v  4.4296 3.0800 -23.6172
v  4.4307 0.0200 -23.6406
v  4.4296 3.0800 -23.6477
v  4.3561 0.0200 -23.6172
v  4.3550 3.0800 -23.6243
v  4.3848 3.0800 -23.5946
v  4.3988 3.0800 -23.6682
v  4.3988 3.0800 -23.5967
v  4.3870 0.0200 -23.5967
v  4.3870 0.0200 -23.6682
v  4.4287 0.0200 -23.6265
v  4.4224 3.0800 -23.6113
v  4.4224 3.0800 -23.6536
v  4.4140 0.0200 -23.6030
v  4.3634 0.0200 -23.6113
v  4.3717 3.0800 -23.6030
v  4.3751 0.0200 -22.5466
v  4.3796 0.0200 -22.5421
v  4.3796 3.0800 -22.5421
v  4.3751 3.0800 -22.5466
v  4.3897 0.0200 -22.5379
v  4.3960 0.0200 -22.5379
v  4.3960 3.0800 -22.5379
v  4.3897 3.0800 -22.5379
v  4.4061 0.0200 -22.5421
v  4.4106 0.0200 -22.5466
v  4.4106 3.0800 -22.5466
v  4.4061 3.0800 -22.5421
v  4.3571 0.0200 -22.5540
v  4.3709 0.0200 -22.5567
v  4.3714 0.0200 -22.5510
v  4.3671 0.0200 -22.5431
v  4.3634 3.0800 -22.5387
v  4.3714 3.0800 -22.5510
v  4.3709 3.0800 -22.5567
v  4.3628 3.0800 -22.5535
v  4.3717 0.0200 -22.5304
v  4.3840 0.0200 -22.5384
v  4.3865 0.0200 -22.5298
v  4.3870 3.0800 -22.5241
v  4.3840 3.0800 -22.5384
v  4.3761 3.0800 -22.5341
v  4.3988 0.0200 -22.5241
v  4.4017 0.0200 -22.5384
v  4.4096 0.0200 -22.5341
v  4.4140 3.0800 -22.5304
v  4.4017 3.0800 -22.5384
v  4.3992 3.0800 -22.5298
v  4.4224 0.0200 -22.5387
v  4.4143 0.0200 -22.5510
v  4.4148 0.0200 -22.5567
v  4.4229 0.0200 -22.5535
v  4.4148 3.0800 -22.5567
v  4.4287 3.0800 -22.5540
v  4.4143 3.0800 -22.5510
v  4.4186 3.0800 -22.5431
v  4.3751 0.0200 -22.5731
v  4.3751 3.0800 -22.5731
v  4.3796 3.0800 -22.5776
v  4.3796 0.0200 -22.5776
v  4.3897 0.0200 -22.5818
v  4.3897 3.0800 -22.5818
v  4.3960 3.0800 -22.5818
v  4.3960 0.0200 -22.5818
v  4.4061 0.0200 -22.5776
v  4.4061 3.0800 -22.5776
v  4.4106 3.0800 -22.5731
v  4.4106 0.0200 -22.5731
v  4.4148 3.0800 -22.5630
v  4.4148 0.0200 -22.5630
v  4.3714 0.0200 -22.5687
v  4.3709 0.0200 -22.5630
v  4.3571 0.0200 -22.5658
v  4.3671 0.0200 -22.5766
v  4.3714 3.0800 -22.5687
v  4.3634 3.0800 -22.5810
v  4.3628 3.0800 -22.5662
v  4.3709 3.0800 -22.5630
v  4.3840 0.0200 -22.5813
v  4.3717 0.0200 -22.5894
v  4.3865 0.0200 -22.5899
v  4.3840 3.0800 -22.5813
v  4.3870 3.0800 -22.5957
v  4.3761 3.0800 -22.5856
v  4.4017 0.0200 -22.5813
v  4.3988 0.0200 -22.5957
v  4.4096 0.0200 -22.5856
v  4.4017 3.0800 -22.5813
v  4.4140 3.0800 -22.5894
v  4.3992 3.0800 -22.5899
v  4.4143 0.0200 -22.5687
v  4.4224 0.0200 -22.5810
v  4.4229 0.0200 -22.5662
v  4.4143 3.0800 -22.5687
v  4.4287 3.0800 -22.5658
v  4.4186 3.0800 -22.5766
v  4.3791 0.0200 -22.5579
v  4.3817 3.0800 -22.5515
v  4.3845 0.0200 -22.5487
v  4.3909 3.0800 -22.5461
v  4.3949 0.0200 -22.5461
v  4.4012 3.0800 -22.5487
v  4.4040 0.0200 -22.5515
v  4.4066 3.0800 -22.5579
v  4.3817 0.0200 -22.5682
v  4.3909 0.0200 -22.5736
v  4.4012 0.0200 -22.5710
v  4.4066 0.0200 -22.5618
v  4.3791 3.0800 -22.5618
v  4.3845 3.0800 -22.5710
v  4.3949 3.0800 -22.5736
v  4.4040 3.0800 -22.5682
v  4.3571 3.0800 -22.5658
v  4.3604 0.0200 -22.5809
v  4.3561 3.0800 -22.5751
v  4.3719 3.0800 -22.5924
v  4.3776 0.0200 -22.5966
v  4.3776 0.0200 -22.5231
v  4.3776 3.0800 -22.5231
v  4.4139 0.0200 -22.5924
v  4.4081 3.0800 -22.5966
v  4.4081 3.0800 -22.5231
v  4.4081 0.0200 -22.5231
v  4.4296 0.0200 -22.5446
v  4.4296 3.0800 -22.5446
v  4.4307 0.0200 -22.5680
v  4.4296 3.0800 -22.5751
v  4.3561 0.0200 -22.5446
v  4.3550 3.0800 -22.5517
v  4.3848 3.0800 -22.5220
v  4.3988 3.0800 -22.5957
v  4.3988 3.0800 -22.5241
v  4.3870 0.0200 -22.5241
v  4.3870 0.0200 -22.5957
v  4.4287 0.0200 -22.5540
v  4.4224 3.0800 -22.5387
v  4.4224 3.0800 -22.5810
v  4.4140 0.0200 -22.5304
v  4.3634 0.0200 -22.5387
v  4.3717 3.0800 -22.5304
v  4.3751 0.0200 -25.7293
v  4.3796 0.0200 -25.7248
v  4.3796 3.0800 -25.7248
v  4.3751 3.0800 -25.7293
v  4.3897 0.0200 -25.7206
v  4.3960 0.0200 -25.7206
v  4.3960 3.0800 -25.7206
v  4.3897 3.0800 -25.7206
v  4.4061 0.0200 -25.7248
v  4.4106 0.0200 -25.7293
v  4.4106 3.0800 -25.7293
v  4.4061 3.0800 -25.7248
v  4.3571 0.0200 -25.7367
v  4.3709 0.0200 -25.7394
v  4.3714 0.0200 -25.7337
v  4.3671 0.0200 -25.7258
v  4.3634 3.0800 -25.7214
v  4.3714 3.0800 -25.7337
v  4.3709 3.0800 -25.7394
v  4.3628 3.0800 -25.7362
v  4.3717 0.0200 -25.7131
v  4.3840 0.0200 -25.7211
v  4.3865 0.0200 -25.7125
v  4.3870 3.0800 -25.7068
v  4.3840 3.0800 -25.7211
v  4.3761 3.0800 -25.7168
v  4.3988 0.0200 -25.7068
v  4.4017 0.0200 -25.7211
v  4.4096 0.0200 -25.7168
v  4.4140 3.0800 -25.7131
v  4.4017 3.0800 -25.7211
v  4.3992 3.0800 -25.7125
v  4.4224 0.0200 -25.7214
v  4.4143 0.0200 -25.7337
v  4.4148 0.0200 -25.7394
v  4.4229 0.0200 -25.7362
v  4.4148 3.0800 -25.7394
v  4.4287 3.0800 -25.7367
v  4.4143 3.0800 -25.7337
v  4.4186 3.0800 -25.7258
v  4.3751 0.0200 -25.7558
v  4.3751 3.0800 -25.7558
v  4.3796 3.0800 -25.7603
v  4.3796 0.0200 -25.7603
v  4.3897 0.0200 -25.7645
v  4.3897 3.0800 -25.7645
v  4.3960 3.0800 -25.7645
v  4.3960 0.0200 -25.7645
v  4.4061 0.0200 -25.7603
v  4.4061 3.0800 -25.7603
v  4.4106 3.0800 -25.7558
v  4.4106 0.0200 -25.7558
v  4.4148 3.0800 -25.7457
v  4.4148 0.0200 -25.7457
v  4.3714 0.0200 -25.7514
v  4.3709 0.0200 -25.7457
v  4.3571 0.0200 -25.7485
v  4.3671 0.0200 -25.7593
v  4.3714 3.0800 -25.7514
v  4.3634 3.0800 -25.7637
v  4.3628 3.0800 -25.7489
v  4.3709 3.0800 -25.7457
v  4.3840 0.0200 -25.7640
v  4.3717 0.0200 -25.7721
v  4.3865 0.0200 -25.7726
v  4.3840 3.0800 -25.7640
v  4.3870 3.0800 -25.7784
v  4.3761 3.0800 -25.7683
v  4.4017 0.0200 -25.7640
v  4.3988 0.0200 -25.7784
v  4.4096 0.0200 -25.7683
v  4.4017 3.0800 -25.7640
v  4.4140 3.0800 -25.7721
v  4.3992 3.0800 -25.7726
v  4.4143 0.0200 -25.7514
v  4.4224 0.0200 -25.7637
v  4.4229 0.0200 -25.7489
v  4.4143 3.0800 -25.7514
v  4.4287 3.0800 -25.7485
v  4.4186 3.0800 -25.7593
v  4.3791 0.0200 -25.7406
v  4.3817 3.0800 -25.7342
v  4.3845 0.0200 -25.7314
v  4.3909 3.0800 -25.7288
v  4.3949 0.0200 -25.7288
v  4.4012 3.0800 -25.7314
v  4.4040 0.0200 -25.7342
v  4.4066 3.0800 -25.7406
v  4.3817 0.0200 -25.7509
v  4.3909 0.0200 -25.7563
v  4.4012 0.0200 -25.7537
v  4.4066 0.0200 -25.7446
v  4.3791 3.0800 -25.7445
v  4.3845 3.0800 -25.7537
v  4.3949 3.0800 -25.7563
v  4.4040 3.0800 -25.7509
v  4.3571 3.0800 -25.7485
v  4.3604 0.0200 -25.7636
v  4.3561 3.0800 -25.7578
v  4.3719 3.0800 -25.7751
v  4.3776 0.0200 -25.7793
v  4.3776 0.0200 -25.7058
v  4.3776 3.0800 -25.7058
v  4.4139 0.0200 -25.7751
v  4.4081 3.0800 -25.7793
v  4.4081 3.0800 -25.7058
v  4.4081 0.0200 -25.7058
v  4.4296 0.0200 -25.7273
v  4.4296 3.0800 -25.7273
v  4.4307 0.0200 -25.7507
v  4.4296 3.0800 -25.7578
v  4.3561 0.0200 -25.7273
v  4.3550 3.0800 -25.7345
v  4.3848 3.0800 -25.7047
v  4.3988 3.0800 -25.7784
v  4.3988 3.0800 -25.7068
v  4.3870 0.0200 -25.7068
v  4.3870 0.0200 -25.7784
v  4.4287 0.0200 -25.7367
v  4.4224 3.0800 -25.7214
v  4.4224 3.0800 -25.7637
v  4.4140 0.0200 -25.7131
v  4.3634 0.0200 -25.7214
v  4.3717 3.0800 -25.7131
v  3.3084 0.0200 -25.7573
v  3.3039 0.0200 -25.7528
v  3.3039 3.0800 -25.7528
v  3.3084 3.0800 -25.7573
v  3.2997 0.0200 -25.7427
v  3.2997 0.0200 -25.7364
v  3.2997 3.0800 -25.7364
v  3.2997 3.0800 -25.7427
v  3.3039 0.0200 -25.7263
v  3.3084 0.0200 -25.7218
v  3.3084 3.0800 -25.7218
v  3.3039 3.0800 -25.7263
v  3.3157 0.0200 -25.7753
v  3.3185 0.0200 -25.7615
v  3.3128 0.0200 -25.7610
v  3.3049 0.0200 -25.7653
v  3.3005 3.0800 -25.7690
v  3.3128 3.0800 -25.7610
v  3.3185 3.0800 -25.7615
v  3.3153 3.0800 -25.7696
v  3.2922 0.0200 -25.7607
v  3.3002 0.0200 -25.7484
v  3.2916 0.0200 -25.7459
v  3.2859 3.0800 -25.7454
v  3.3002 3.0800 -25.7484
v  3.2959 3.0800 -25.7563
v  3.2859 0.0200 -25.7336
v  3.3002 0.0200 -25.7307
v  3.2959 0.0200 -25.7228
v  3.2922 3.0800 -25.7184
v  3.3002 3.0800 -25.7307
v  3.2916 3.0800 -25.7332
v  3.3005 0.0200 -25.7100
v  3.3128 0.0200 -25.7181
v  3.3185 0.0200 -25.7176
v  3.3153 0.0200 -25.7095
v  3.3185 3.0800 -25.7176
v  3.3157 3.0800 -25.7037
v  3.3128 3.0800 -25.7181
v  3.3049 3.0800 -25.7138
v  3.3349 0.0200 -25.7573
v  3.3349 3.0800 -25.7573
v  3.3394 3.0800 -25.7528
v  3.3394 0.0200 -25.7528
v  3.3436 0.0200 -25.7427
v  3.3436 3.0800 -25.7427
v  3.3436 3.0800 -25.7364
v  3.3436 0.0200 -25.7364
v  3.3394 0.0200 -25.7263
v  3.3394 3.0800 -25.7263
v  3.3349 3.0800 -25.7218
v  3.3349 0.0200 -25.7218
v  3.3248 3.0800 -25.7176
v  3.3248 0.0200 -25.7176
v  3.3305 0.0200 -25.7610
v  3.3248 0.0200 -25.7615
v  3.3276 0.0200 -25.7753
v  3.3384 0.0200 -25.7653
v  3.3305 3.0800 -25.7610
v  3.3428 3.0800 -25.7690
v  3.3280 3.0800 -25.7696
v  3.3248 3.0800 -25.7615
v  3.3431 0.0200 -25.7484
v  3.3512 0.0200 -25.7607
v  3.3517 0.0200 -25.7459
v  3.3431 3.0800 -25.7484
v  3.3575 3.0800 -25.7454
v  3.3474 3.0800 -25.7563
v  3.3431 0.0200 -25.7307
v  3.3575 0.0200 -25.7336
v  3.3474 0.0200 -25.7228
v  3.3431 3.0800 -25.7307
v  3.3511 3.0800 -25.7184
v  3.3517 3.0800 -25.7332
v  3.3305 0.0200 -25.7181
v  3.3428 0.0200 -25.7100
v  3.3280 0.0200 -25.7095
v  3.3305 3.0800 -25.7181
v  3.3276 3.0800 -25.7037
v  3.3384 3.0800 -25.7138
v  3.3197 0.0200 -25.7533
v  3.3133 3.0800 -25.7507
v  3.3105 0.0200 -25.7479
v  3.3079 3.0800 -25.7415
v  3.3079 0.0200 -25.7376
v  3.3105 3.0800 -25.7312
v  3.3133 0.0200 -25.7284
v  3.3197 3.0800 -25.7258
v  3.3300 0.0200 -25.7507
v  3.3354 0.0200 -25.7415
v  3.3328 0.0200 -25.7312
v  3.3236 0.0200 -25.7258
v  3.3236 3.0800 -25.7533
v  3.3328 3.0800 -25.7479
v  3.3354 3.0800 -25.7376
v  3.3300 3.0800 -25.7284
v  3.3276 3.0800 -25.7753
v  3.3427 0.0200 -25.7721
v  3.3369 3.0800 -25.7763
v  3.3542 3.0800 -25.7606
v  3.3584 0.0200 -25.7548
v  3.2849 0.0200 -25.7548
v  3.2849 3.0800 -25.7548
v  3.3542 0.0200 -25.7185
v  3.3584 3.0800 -25.7243
v  3.2849 3.0800 -25.7243
v  3.2849 0.0200 -25.7243
v  3.3064 0.0200 -25.7028
v  3.3064 3.0800 -25.7028
v  3.3298 0.0200 -25.7017
v  3.3369 3.0800 -25.7028
v  3.3064 0.0200 -25.7763
v  3.3135 3.0800 -25.7774
v  3.2838 3.0800 -25.7477
v  3.3575 3.0800 -25.7336
v  3.2859 3.0800 -25.7336
v  3.2859 0.0200 -25.7454
v  3.3575 0.0200 -25.7454
v  3.3157 0.0200 -25.7037
v  3.3005 3.0800 -25.7100
v  3.3428 3.0800 -25.7100
v  3.2922 0.0200 -25.7184
v  3.3005 0.0200 -25.7690
v  3.2922 3.0800 -25.7607
v  2.2708 0.0200 -25.7573
v  2.2663 0.0200 -25.7528
v  2.2663 3.0800 -25.7528
v  2.2708 3.0800 -25.7573
v  2.2622 0.0200 -25.7427
v  2.2622 0.0200 -25.7364
v  2.2622 3.0800 -25.7364
v  2.2622 3.0800 -25.7427
v  2.2663 0.0200 -25.7263
v  2.2708 0.0200 -25.7218
v  2.2708 3.0800 -25.7218
v  2.2663 3.0800 -25.7263
v  2.2782 0.0200 -25.7753
v  2.2810 0.0200 -25.7615
v  2.2752 0.0200 -25.7610
v  2.2673 0.0200 -25.7653
v  2.2630 3.0800 -25.7690
v  2.2752 3.0800 -25.7610
v  2.2810 3.0800 -25.7615
v  2.2777 3.0800 -25.7696
v  2.2546 0.0200 -25.7607
v  2.2627 0.0200 -25.7484
v  2.2540 0.0200 -25.7459
v  2.2483 3.0800 -25.7454
v  2.2627 3.0800 -25.7484
v  2.2583 3.0800 -25.7563
v  2.2483 0.0200 -25.7336
v  2.2627 0.0200 -25.7307
v  2.2583 0.0200 -25.7228
v  2.2546 3.0800 -25.7184
v  2.2627 3.0800 -25.7307
v  2.2540 3.0800 -25.7332
v  2.2630 0.0200 -25.7100
v  2.2752 0.0200 -25.7181
v  2.2809 0.0200 -25.7176
v  2.2777 0.0200 -25.7095
v  2.2809 3.0800 -25.7176
v  2.2782 3.0800 -25.7037
v  2.2752 3.0800 -25.7181
v  2.2673 3.0800 -25.7138
v  2.2974 0.0200 -25.7573
v  2.2974 3.0800 -25.7573
v  2.3018 3.0800 -25.7528
v  2.3018 0.0200 -25.7528
v  2.3060 0.0200 -25.7427
v  2.3060 3.0800 -25.7427
v  2.3060 3.0800 -25.7364
v  2.3060 0.0200 -25.7364
v  2.3019 0.0200 -25.7263
v  2.3019 3.0800 -25.7263
v  2.2974 3.0800 -25.7218
v  2.2974 0.0200 -25.7218
v  2.2873 3.0800 -25.7176
v  2.2873 0.0200 -25.7176
v  2.2930 0.0200 -25.7610
v  2.2872 0.0200 -25.7615
v  2.2900 0.0200 -25.7753
v  2.3009 0.0200 -25.7653
v  2.2930 3.0800 -25.7610
v  2.3052 3.0800 -25.7690
v  2.2905 3.0800 -25.7696
v  2.2872 3.0800 -25.7615
v  2.3055 0.0200 -25.7484
v  2.3136 0.0200 -25.7607
v  2.3142 0.0200 -25.7459
v  2.3055 3.0800 -25.7484
v  2.3199 3.0800 -25.7454
v  2.3099 3.0800 -25.7563
v  2.3055 0.0200 -25.7307
v  2.3199 0.0200 -25.7336
v  2.3099 0.0200 -25.7228
v  2.3055 3.0800 -25.7307
v  2.3136 3.0800 -25.7184
v  2.3142 3.0800 -25.7332
v  2.2930 0.0200 -25.7181
v  2.3052 0.0200 -25.7100
v  2.2905 0.0200 -25.7095
v  2.2930 3.0800 -25.7181
v  2.2900 3.0800 -25.7037
v  2.3009 3.0800 -25.7138
v  2.2821 0.0200 -25.7533
v  2.2758 3.0800 -25.7507
v  2.2729 0.0200 -25.7479
v  2.2703 3.0800 -25.7415
v  2.2703 0.0200 -25.7376
v  2.2729 3.0800 -25.7312
v  2.2758 0.0200 -25.7284
v  2.2821 3.0800 -25.7258
v  2.2924 0.0200 -25.7507
v  2.2979 0.0200 -25.7415
v  2.2953 0.0200 -25.7312
v  2.2861 0.0200 -25.7258
v  2.2861 3.0800 -25.7533
v  2.2952 3.0800 -25.7479
v  2.2979 3.0800 -25.7376
v  2.2924 3.0800 -25.7284
v  2.2900 3.0800 -25.7753
v  2.3051 0.0200 -25.7721
v  2.2993 3.0800 -25.7763
v  2.3166 3.0800 -25.7606
v  2.3209 0.0200 -25.7548
v  2.2473 0.0200 -25.7548
v  2.2473 3.0800 -25.7548
v  2.3166 0.0200 -25.7185
v  2.3209 3.0800 -25.7243
v  2.2473 3.0800 -25.7243
v  2.2473 0.0200 -25.7243
v  2.2689 0.0200 -25.7028
v  2.2689 3.0800 -25.7028
v  2.2922 0.0200 -25.7017
v  2.2993 3.0800 -25.7028
v  2.2689 0.0200 -25.7763
v  2.2760 3.0800 -25.7774
v  2.2462 3.0800 -25.7477
v  2.3199 3.0800 -25.7336
v  2.2483 3.0800 -25.7336
v  2.2483 0.0200 -25.7454
v  2.3199 0.0200 -25.7454
v  2.2782 0.0200 -25.7037
v  2.2630 3.0800 -25.7100
v  2.3052 3.0800 -25.7100
v  2.2546 0.0200 -25.7184
v  2.2630 0.0200 -25.7690
v  2.2546 3.0800 -25.7607
v  3.3305 0.0200 -22.5408
v  3.3350 0.0200 -22.5452
v  3.3350 3.0800 -22.5452
v  3.3305 3.0800 -22.5408
v  3.3392 0.0200 -22.5554
v  3.3392 0.0200 -22.5617
v  3.3392 3.0800 -22.5617
v  3.3392 3.0800 -22.5554
v  3.3350 0.0200 -22.5718
v  3.3305 0.0200 -22.5763
v  3.3305 3.0800 -22.5763
v  3.3350 3.0800 -22.5718
v  3.3232 0.0200 -22.5227
v  3.3204 0.0200 -22.5366
v  3.3261 0.0200 -22.5371
v  3.3340 0.0200 -22.5327
v  3.3384 3.0800 -22.5290
v  3.3261 3.0800 -22.5371
v  3.3204 3.0800 -22.5366
v  3.3236 3.0800 -22.5284
v  3.3467 0.0200 -22.5374
v  3.3387 0.0200 -22.5496
v  3.3473 0.0200 -22.5521
v  3.3530 3.0800 -22.5526
v  3.3387 3.0800 -22.5496
v  3.3430 3.0800 -22.5418
v  3.3530 0.0200 -22.5644
v  3.3387 0.0200 -22.5674
v  3.3430 0.0200 -22.5753
v  3.3467 3.0800 -22.5796
v  3.3387 3.0800 -22.5674
v  3.3473 3.0800 -22.5649
v  3.3384 0.0200 -22.5880
v  3.3261 0.0200 -22.5800
v  3.3204 0.0200 -22.5805
v  3.3236 0.0200 -22.5886
v  3.3204 3.0800 -22.5805
v  3.3232 3.0800 -22.5943
v  3.3261 3.0800 -22.5800
v  3.3340 3.0800 -22.5843
v  3.3040 0.0200 -22.5408
v  3.3040 3.0800 -22.5408
v  3.2995 3.0800 -22.5452
v  3.2995 0.0200 -22.5452
v  3.2953 0.0200 -22.5554
v  3.2953 3.0800 -22.5554
v  3.2953 3.0800 -22.5617
v  3.2953 0.0200 -22.5617
v  3.2995 0.0200 -22.5718
v  3.2995 3.0800 -22.5718
v  3.3040 3.0800 -22.5763
v  3.3040 0.0200 -22.5763
v  3.3141 3.0800 -22.5805
v  3.3141 0.0200 -22.5805
v  3.3084 0.0200 -22.5371
v  3.3141 0.0200 -22.5366
v  3.3113 0.0200 -22.5227
v  3.3005 0.0200 -22.5327
v  3.3084 3.0800 -22.5371
v  3.2961 3.0800 -22.5290
v  3.3109 3.0800 -22.5284
v  3.3141 3.0800 -22.5366
v  3.2958 0.0200 -22.5496
v  3.2878 0.0200 -22.5374
v  3.2872 0.0200 -22.5521
v  3.2958 3.0800 -22.5496
v  3.2815 3.0800 -22.5526
v  3.2915 3.0800 -22.5418
v  3.2958 0.0200 -22.5674
v  3.2815 0.0200 -22.5644
v  3.2915 0.0200 -22.5753
v  3.2958 3.0800 -22.5674
v  3.2878 3.0800 -22.5796
v  3.2872 3.0800 -22.5649
v  3.3084 0.0200 -22.5800
v  3.2961 0.0200 -22.5880
v  3.3109 0.0200 -22.5886
v  3.3084 3.0800 -22.5800
v  3.3113 3.0800 -22.5943
v  3.3005 3.0800 -22.5843
v  3.3192 0.0200 -22.5447
v  3.3256 3.0800 -22.5474
v  3.3284 0.0200 -22.5502
v  3.3310 3.0800 -22.5565
v  3.3310 0.0200 -22.5605
v  3.3284 3.0800 -22.5668
v  3.3256 0.0200 -22.5697
v  3.3192 3.0800 -22.5723
v  3.3089 0.0200 -22.5474
v  3.3035 0.0200 -22.5565
v  3.3061 0.0200 -22.5668
v  3.3153 0.0200 -22.5723
v  3.3153 3.0800 -22.5447
v  3.3061 3.0800 -22.5502
v  3.3035 3.0800 -22.5605
v  3.3089 3.0800 -22.5697
v  3.3113 3.0800 -22.5227
v  3.2962 0.0200 -22.5260
v  3.3020 3.0800 -22.5217
v  3.2847 3.0800 -22.5375
v  3.2805 0.0200 -22.5433
v  3.3540 0.0200 -22.5433
v  3.3540 3.0800 -22.5433
v  3.2847 0.0200 -22.5795
v  3.2805 3.0800 -22.5737
v  3.3540 3.0800 -22.5737
v  3.3540 0.0200 -22.5737
v  3.3325 0.0200 -22.5953
v  3.3325 3.0800 -22.5953
v  3.3091 0.0200 -22.5964
v  3.3020 3.0800 -22.5953
v  3.3325 0.0200 -22.5217
v  3.3254 3.0800 -22.5207
v  3.3551 3.0800 -22.5504
v  3.2815 3.0800 -22.5644
v  3.3530 3.0800 -22.5644
v  3.3530 0.0200 -22.5526
v  3.2815 0.0200 -22.5526
v  3.3232 0.0200 -22.5943
v  3.3384 3.0800 -22.5880
v  3.2961 3.0800 -22.5880
v  3.3467 0.0200 -22.5796
v  3.3384 0.0200 -22.5290
v  3.3467 3.0800 -22.5374
v  2.2930 0.0200 -22.5408
v  2.2974 0.0200 -22.5452
v  2.2974 3.0800 -22.5452
v  2.2930 3.0800 -22.5408
v  2.3016 0.0200 -22.5554
v  2.3016 0.0200 -22.5617
v  2.3016 3.0800 -22.5617
v  2.3016 3.0800 -22.5554
v  2.2975 0.0200 -22.5718
v  2.2929 0.0200 -22.5763
v  2.2929 3.0800 -22.5763
v  2.2975 3.0800 -22.5718
v  2.2856 0.0200 -22.5227
v  2.2828 0.0200 -22.5366
v  2.2886 0.0200 -22.5371
v  2.2965 0.0200 -22.5327
v  2.3008 3.0800 -22.5290
v  2.2886 3.0800 -22.5371
v  2.2828 3.0800 -22.5366
v  2.2860 3.0800 -22.5284
v  2.3092 0.0200 -22.5374
v  2.3011 0.0200 -22.5496
v  2.3098 0.0200 -22.5521
v  2.3155 3.0800 -22.5526
v  2.3011 3.0800 -22.5496
v  2.3055 3.0800 -22.5418
v  2.3155 0.0200 -22.5644
v  2.3011 0.0200 -22.5674
v  2.3055 0.0200 -22.5753
v  2.3092 3.0800 -22.5796
v  2.3011 3.0800 -22.5674
v  2.3098 3.0800 -22.5649
v  2.3008 0.0200 -22.5880
v  2.2886 0.0200 -22.5800
v  2.2829 0.0200 -22.5805
v  2.2861 0.0200 -22.5886
v  2.2829 3.0800 -22.5805
v  2.2856 3.0800 -22.5943
v  2.2886 3.0800 -22.5800
v  2.2964 3.0800 -22.5843
v  2.2664 0.0200 -22.5408
v  2.2664 3.0800 -22.5408
v  2.2619 3.0800 -22.5452
v  2.2619 0.0200 -22.5452
v  2.2577 0.0200 -22.5554
v  2.2577 3.0800 -22.5554
v  2.2577 3.0800 -22.5617
v  2.2577 0.0200 -22.5617
v  2.2619 0.0200 -22.5718
v  2.2619 3.0800 -22.5718
v  2.2664 3.0800 -22.5763
v  2.2664 0.0200 -22.5763
v  2.2765 3.0800 -22.5805
v  2.2765 0.0200 -22.5805
v  2.2708 0.0200 -22.5371
v  2.2765 0.0200 -22.5366
v  2.2738 0.0200 -22.5227
v  2.2629 0.0200 -22.5327
v  2.2708 3.0800 -22.5371
v  2.2586 3.0800 -22.5290
v  2.2733 3.0800 -22.5284
v  2.2765 3.0800 -22.5366
v  2.2583 0.0200 -22.5496
v  2.2502 0.0200 -22.5374
v  2.2496 0.0200 -22.5521
v  2.2583 3.0800 -22.5496
v  2.2439 3.0800 -22.5526
v  2.2539 3.0800 -22.5418
v  2.2583 0.0200 -22.5674
v  2.2439 0.0200 -22.5644
v  2.2539 0.0200 -22.5753
v  2.2583 3.0800 -22.5674
v  2.2502 3.0800 -22.5796
v  2.2496 3.0800 -22.5649
v  2.2708 0.0200 -22.5800
v  2.2586 0.0200 -22.5880
v  2.2733 0.0200 -22.5886
v  2.2708 3.0800 -22.5800
v  2.2738 3.0800 -22.5943
v  2.2629 3.0800 -22.5843
v  2.2817 0.0200 -22.5447
v  2.2880 3.0800 -22.5474
v  2.2908 0.0200 -22.5502
v  2.2935 3.0800 -22.5565
v  2.2935 0.0200 -22.5605
v  2.2908 3.0800 -22.5668
v  2.2880 0.0200 -22.5697
v  2.2817 3.0800 -22.5723
v  2.2714 0.0200 -22.5474
v  2.2659 0.0200 -22.5565
v  2.2685 0.0200 -22.5668
v  2.2777 0.0200 -22.5723
v  2.2777 3.0800 -22.5447
v  2.2685 3.0800 -22.5502
v  2.2659 3.0800 -22.5605
v  2.2714 3.0800 -22.5697
v  2.2738 3.0800 -22.5227
v  2.2587 0.0200 -22.5260
v  2.2645 3.0800 -22.5217
v  2.2472 3.0800 -22.5375
v  2.2429 0.0200 -22.5433
v  2.3165 0.0200 -22.5433
v  2.3165 3.0800 -22.5433
v  2.2472 0.0200 -22.5795
v  2.2429 3.0800 -22.5737
v  2.3165 3.0800 -22.5737
v  2.3165 0.0200 -22.5737
v  2.2949 0.0200 -22.5953
v  2.2949 3.0800 -22.5953
v  2.2716 0.0200 -22.5964
v  2.2645 3.0800 -22.5953
v  2.2949 0.0200 -22.5217
v  2.2878 3.0800 -22.5207
v  2.3175 3.0800 -22.5504
v  2.2439 3.0800 -22.5644
v  2.3155 3.0800 -22.5644
v  2.3155 0.0200 -22.5526
v  2.2439 0.0200 -22.5526
v  2.2856 0.0200 -22.5943
v  2.3008 3.0800 -22.5880
v  2.2586 3.0800 -22.5880
v  2.3092 0.0200 -22.5796
v  2.3008 0.0200 -22.5290
v  2.3092 3.0800 -22.5374
v  1.2204 0.0200 -22.5408
v  1.2249 0.0200 -22.5452
v  1.2249 3.0800 -22.5452
v  1.2204 3.0800 -22.5408
v  1.2291 0.0200 -22.5553
v  1.2291 0.0200 -22.5617
v  1.2291 3.0800 -22.5617
v  1.2291 3.0800 -22.5553
v  1.2249 0.0200 -22.5718
v  1.2204 0.0200 -22.5763
v  1.2204 3.0800 -22.5763
v  1.2249 3.0800 -22.5718
v  1.2130 0.0200 -22.5227
v  1.2103 0.0200 -22.5366
v  1.2160 0.0200 -22.5371
v  1.2239 0.0200 -22.5327
v  1.2283 3.0800 -22.5290
v  1.2160 3.0800 -22.5371
v  1.2103 3.0800 -22.5366
v  1.2135 3.0800 -22.5284
v  1.2366 0.0200 -22.5374
v  1.2286 0.0200 -22.5496
v  1.2372 0.0200 -22.5521
v  1.2429 3.0800 -22.5526
v  1.2286 3.0800 -22.5496
v  1.2329 3.0800 -22.5418
v  1.2429 0.0200 -22.5644
v  1.2286 0.0200 -22.5674
v  1.2329 0.0200 -22.5753
v  1.2366 3.0800 -22.5796
v  1.2286 3.0800 -22.5674
v  1.2372 3.0800 -22.5649
v  1.2283 0.0200 -22.5880
v  1.2160 0.0200 -22.5799
v  1.2103 0.0200 -22.5805
v  1.2135 0.0200 -22.5886
v  1.2103 3.0800 -22.5805
v  1.2130 3.0800 -22.5943
v  1.2160 3.0800 -22.5799
v  1.2239 3.0800 -22.5843
v  1.1939 0.0200 -22.5408
v  1.1939 3.0800 -22.5408
v  1.1894 3.0800 -22.5452
v  1.1894 0.0200 -22.5452
v  1.1852 0.0200 -22.5553
v  1.1852 3.0800 -22.5553
v  1.1852 3.0800 -22.5617
v  1.1852 0.0200 -22.5617
v  1.1894 0.0200 -22.5718
v  1.1894 3.0800 -22.5718
v  1.1939 3.0800 -22.5763
v  1.1939 0.0200 -22.5763
v  1.2040 3.0800 -22.5805
v  1.2040 0.0200 -22.5805
v  1.1983 0.0200 -22.5371
v  1.2040 0.0200 -22.5366
v  1.2012 0.0200 -22.5227
v  1.1904 0.0200 -22.5327
v  1.1983 3.0800 -22.5371
v  1.1860 3.0800 -22.5290
v  1.2008 3.0800 -22.5284
v  1.2040 3.0800 -22.5366
v  1.1857 0.0200 -22.5496
v  1.1776 0.0200 -22.5374
v  1.1771 0.0200 -22.5521
v  1.1857 3.0800 -22.5496
v  1.1713 3.0800 -22.5526
v  1.1814 3.0800 -22.5418
v  1.1857 0.0200 -22.5674
v  1.1713 0.0200 -22.5644
v  1.1814 0.0200 -22.5753
v  1.1857 3.0800 -22.5674
v  1.1776 3.0800 -22.5796
v  1.1771 3.0800 -22.5649
v  1.1983 0.0200 -22.5799
v  1.1860 0.0200 -22.5880
v  1.2008 0.0200 -22.5886
v  1.1983 3.0800 -22.5799
v  1.2012 3.0800 -22.5943
v  1.1904 3.0800 -22.5843
v  1.2091 0.0200 -22.5447
v  1.2155 3.0800 -22.5474
v  1.2183 0.0200 -22.5502
v  1.2209 3.0800 -22.5565
v  1.2209 0.0200 -22.5605
v  1.2183 3.0800 -22.5668
v  1.2155 0.0200 -22.5697
v  1.2091 3.0800 -22.5723
v  1.1988 0.0200 -22.5474
v  1.1934 0.0200 -22.5565
v  1.1960 0.0200 -22.5668
v  1.2051 0.0200 -22.5723
v  1.2052 3.0800 -22.5447
v  1.1960 3.0800 -22.5502
v  1.1934 3.0800 -22.5605
v  1.1988 3.0800 -22.5697
v  1.2012 3.0800 -22.5227
v  1.1861 0.0200 -22.5260
v  1.1919 3.0800 -22.5217
v  1.1746 3.0800 -22.5375
v  1.1704 0.0200 -22.5433
v  1.2439 0.0200 -22.5433
v  1.2439 3.0800 -22.5433
v  1.1746 0.0200 -22.5795
v  1.1704 3.0800 -22.5737
v  1.2439 3.0800 -22.5737
v  1.2439 0.0200 -22.5737
v  1.2224 0.0200 -22.5953
v  1.2224 3.0800 -22.5953
v  1.1990 0.0200 -22.5964
v  1.1919 3.0800 -22.5953
v  1.2224 0.0200 -22.5217
v  1.2152 3.0800 -22.5207
v  1.2450 3.0800 -22.5504
v  1.1713 3.0800 -22.5644
v  1.2429 3.0800 -22.5644
v  1.2429 0.0200 -22.5526
v  1.1713 0.0200 -22.5526
v  1.2130 0.0200 -22.5943
v  1.2283 3.0800 -22.5880
v  1.1860 3.0800 -22.5880
v  1.2366 0.0200 -22.5796
v  1.2283 0.0200 -22.5290
v  1.2366 3.0800 -22.5374
v  1.1982 0.0200 -25.7573
v  1.1937 0.0200 -25.7528
v  1.1937 3.0800 -25.7528
v  1.1982 3.0800 -25.7573
v  1.1896 0.0200 -25.7427
v  1.1896 0.0200 -25.7364
v  1.1896 3.0800 -25.7364
v  1.1896 3.0800 -25.7427
v  1.1937 0.0200 -25.7263
v  1.1982 0.0200 -25.7218
v  1.1982 3.0800 -25.7218
v  1.1937 3.0800 -25.7263
v  1.2056 0.0200 -25.7753
v  1.2084 0.0200 -25.7615
v  1.2026 0.0200 -25.7610
v  1.1947 0.0200 -25.7653
v  1.1904 3.0800 -25.7690
v  1.2026 3.0800 -25.7610
v  1.2084 3.0800 -25.7615
v  1.2051 3.0800 -25.7696
v  1.1820 0.0200 -25.7607
v  1.1901 0.0200 -25.7484
v  1.1814 0.0200 -25.7459
v  1.1757 3.0800 -25.7454
v  1.1901 3.0800 -25.7484
v  1.1857 3.0800 -25.7563
v  1.1757 0.0200 -25.7336
v  1.1901 0.0200 -25.7307
v  1.1857 0.0200 -25.7228
v  1.1820 3.0800 -25.7184
v  1.1901 3.0800 -25.7307
v  1.1814 3.0800 -25.7332
v  1.1904 0.0200 -25.7100
v  1.2026 0.0200 -25.7181
v  1.2083 0.0200 -25.7176
v  1.2051 0.0200 -25.7095
v  1.2083 3.0800 -25.7176
v  1.2056 3.0800 -25.7037
v  1.2026 3.0800 -25.7181
v  1.1947 3.0800 -25.7138
v  1.2248 0.0200 -25.7573
v  1.2248 3.0800 -25.7573
v  1.2293 3.0800 -25.7528
v  1.2293 0.0200 -25.7528
v  1.2334 0.0200 -25.7427
v  1.2334 3.0800 -25.7427
v  1.2334 3.0800 -25.7364
v  1.2334 0.0200 -25.7364
v  1.2293 0.0200 -25.7263
v  1.2293 3.0800 -25.7263
v  1.2248 3.0800 -25.7218
v  1.2248 0.0200 -25.7218
v  1.2147 3.0800 -25.7176
v  1.2147 0.0200 -25.7176
v  1.2204 0.0200 -25.7610
v  1.2146 0.0200 -25.7615
v  1.2174 0.0200 -25.7753
v  1.2283 0.0200 -25.7653
v  1.2204 3.0800 -25.7610
v  1.2326 3.0800 -25.7690
v  1.2179 3.0800 -25.7696
v  1.2146 3.0800 -25.7615
v  1.2329 0.0200 -25.7484
v  1.2410 0.0200 -25.7607
v  1.2416 0.0200 -25.7459
v  1.2329 3.0800 -25.7484
v  1.2473 3.0800 -25.7454
v  1.2373 3.0800 -25.7563
v  1.2329 0.0200 -25.7307
v  1.2473 0.0200 -25.7336
v  1.2373 0.0200 -25.7228
v  1.2329 3.0800 -25.7307
v  1.2410 3.0800 -25.7184
v  1.2416 3.0800 -25.7332
v  1.2204 0.0200 -25.7181
v  1.2326 0.0200 -25.7100
v  1.2179 0.0200 -25.7095
v  1.2204 3.0800 -25.7181
v  1.2174 3.0800 -25.7037
v  1.2283 3.0800 -25.7138
v  1.2095 0.0200 -25.7533
v  1.2032 3.0800 -25.7507
v  1.2004 0.0200 -25.7479
v  1.1977 3.0800 -25.7415
v  1.1977 0.0200 -25.7376
v  1.2003 3.0800 -25.7312
v  1.2032 0.0200 -25.7284
v  1.2095 3.0800 -25.7258
v  1.2198 0.0200 -25.7507
v  1.2253 0.0200 -25.7415
v  1.2227 0.0200 -25.7312
v  1.2135 0.0200 -25.7258
v  1.2135 3.0800 -25.7533
v  1.2227 3.0800 -25.7479
v  1.2253 3.0800 -25.7376
v  1.2198 3.0800 -25.7284
v  1.2174 3.0800 -25.7753
v  1.2325 0.0200 -25.7721
v  1.2267 3.0800 -25.7763
v  1.2440 3.0800 -25.7606
v  1.2483 0.0200 -25.7548
v  1.1747 0.0200 -25.7548
v  1.1747 3.0800 -25.7548
v  1.2440 0.0200 -25.7185
v  1.2483 3.0800 -25.7243
v  1.1747 3.0800 -25.7243
v  1.1747 0.0200 -25.7243
v  1.1963 0.0200 -25.7028
v  1.1963 3.0800 -25.7028
v  1.2196 0.0200 -25.7017
v  1.2267 3.0800 -25.7028
v  1.1963 0.0200 -25.7763
v  1.2034 3.0800 -25.7774
v  1.1736 3.0800 -25.7477
v  1.2473 3.0800 -25.7336
v  1.1757 3.0800 -25.7336
v  1.1757 0.0200 -25.7454
v  1.2473 0.0200 -25.7454
v  1.2056 0.0200 -25.7037
v  1.1904 3.0800 -25.7100
v  1.2326 3.0800 -25.7100
v  1.1820 0.0200 -25.7184
v  1.1904 0.0200 -25.7690
v  1.1820 3.0800 -25.7607
# 1979 vertices

vn 0.0000 0.0000 1.0000
vn -0.0000 -0.0000 -1.0000
vn -1.0000 0.0000 -0.0000
vn 1.0000 0.0000 -0.0000
vn -0.6414 -0.7290 -0.2391
vn 0.0000 -1.0000 -0.0000
vn -0.0817 0.6878 0.7213
vn 0.0000 1.0000 -0.0000
vn 0.6233 -0.7516 0.2158
vn -0.1466 -0.8747 0.4620
vn 0.0594 0.6751 -0.7354
vn 0.0000 -0.0002 1.0000
vn -0.0000 0.0007 -1.0000
vn -0.0000 0.0002 -1.0000
vn 0.0000 0.0002 1.0000
vn 0.0000 -0.7098 -0.7044
vn -0.0000 -0.7071 -0.7071
vn 0.0005 -0.9982 -0.0608
vn -0.0381 -0.9970 -0.0672
vn 0.0000 0.7071 0.7071
vn 0.0000 -0.9982 0.0608
vn 0.0000 -0.9982 0.0605
vn 0.0059 -0.7098 0.7044
vn 0.0060 -0.7071 0.7071
vn -0.0000 0.7071 -0.7071
vn 0.0000 -0.7099 -0.7043
vn 0.0005 -0.9981 -0.0609
vn 0.0000 -0.9981 0.0609
vn 0.0061 -0.7099 0.7043
vn 0.0062 -0.7071 0.7071
vn 0.0000 -0.9982 0.0607
vn -0.2255 -0.6581 0.7184
vn -0.0000 0.6870 -0.7267
vn 0.0000 -0.7071 0.7071
vn -1.0000 0.0000 0.0000
vn 0.0000 0.0000 -1.0000
vn -0.2391 -0.7290 0.6414
vn 0.7213 0.6878 0.0817
vn 0.2158 -0.7516 -0.6233
vn 0.4620 -0.8747 0.1466
vn -0.7354 0.6751 -0.0594
vn 1.0000 -0.0002 -0.0000
vn -1.0000 0.0007 0.0000
vn -1.0000 0.0002 0.0000
vn 1.0000 0.0002 -0.0000
vn -0.7044 -0.7098 -0.0000
vn -0.7071 -0.7071 0.0000
vn -0.0608 -0.9982 -0.0005
vn -0.0672 -0.9970 0.0381
vn 0.7070 0.7072 -0.0000
vn 0.0608 -0.9982 -0.0000
vn 0.0605 -0.9982 -0.0000
vn 0.7044 -0.7098 -0.0059
vn 0.7071 -0.7071 -0.0060
vn -0.7071 0.7071 0.0000
vn -1.0000 -0.0000 0.0000
vn -0.7043 -0.7099 -0.0000
vn -0.0609 -0.9981 -0.0005
vn 0.7071 0.7071 -0.0000
vn 0.0609 -0.9981 -0.0000
vn 0.7043 -0.7099 -0.0061
vn 0.7071 -0.7071 -0.0062
vn -0.7070 0.7072 0.0000
vn 0.0607 -0.9982 -0.0000
vn 0.7184 -0.6581 0.2255
vn -0.7071 0.7071 -0.0000
vn -0.7071 -0.7071 -0.0000
vn -0.7267 0.6870 -0.0000
vn 0.7071 -0.7071 -0.0000
vn 1.0000 0.0000 0.0000
vn 0.2391 -0.7290 -0.6414
vn -0.7213 0.6878 -0.0817
vn -0.2158 -0.7516 0.6233
vn -0.4620 -0.8747 -0.1466
vn 0.7354 0.6751 0.0594
vn -1.0000 -0.0002 -0.0000
vn 1.0000 0.0007 0.0000
vn 1.0000 0.0002 0.0000
vn -1.0000 0.0002 -0.0000
vn 0.7044 -0.7098 0.0000
vn 0.7071 -0.7071 0.0000
vn 0.0608 -0.9981 0.0005
vn 0.0672 -0.9970 -0.0381
vn -0.0608 -0.9982 0.0000
vn -0.0605 -0.9982 -0.0000
vn -0.7044 -0.7098 0.0059
vn -0.7071 -0.7071 0.0060
vn 0.7071 0.7071 0.0000
vn 0.7043 -0.7099 0.0000
vn 0.0609 -0.9981 0.0005
vn -0.7043 -0.7099 0.0061
vn -0.7071 -0.7071 0.0062
vn -0.0607 -0.9982 0.0000
vn -0.7184 -0.6581 -0.2255
vn 0.7267 0.6870 0.0000
vn 0.7267 0.6870 -0.0000
vn 0.9952 0.0000 0.0979
vn 0.0979 0.0000 0.9952
vn 0.7726 0.0000 -0.6349
vn 0.7726 0.0000 0.6349
vn 0.0971 0.0000 -0.9953
vn 0.9953 0.0000 -0.0971
vn 0.8314 0.0000 -0.5557
vn -0.3415 -0.0000 0.9399
vn -0.9545 0.0000 0.2982
vn -0.9806 0.0007 0.1959
vn 0.1939 0.0000 -0.9810
vn 0.2903 0.0000 0.9569
vn -0.5571 0.0000 -0.8304
vn 0.8816 0.0000 0.4721
vn -0.9810 0.0000 -0.1942
vn 0.9572 0.0000 -0.2895
vn -0.9886 0.0000 0.1506
vn -0.9952 -0.0004 0.0981
vn -0.1506 0.0000 0.9886
vn -0.0981 0.0004 0.9952
vn -0.7726 0.0000 -0.6349
vn -0.7726 0.0000 0.6349
vn -0.1498 0.0000 -0.9887
vn -0.0973 -0.0004 -0.9953
vn -0.9953 0.0000 -0.0971
vn -0.8854 -0.0000 -0.4648
vn 0.9807 0.0000 0.1955
vn 0.4716 0.0008 0.8818
vn -0.1939 0.0000 -0.9810
vn -0.4232 -0.0000 0.9060
vn 0.4662 -0.0000 -0.8847
vn -0.8814 0.0008 0.4723
vn 0.9809 -0.0007 -0.1946
vn 0.9549 0.0000 -0.2970
vn 0.9550 -0.0000 -0.2966
vn -0.9573 0.0008 -0.2892
vn 0.8816 0.0000 0.4720
vn 0.9810 -0.0007 -0.1942
vn -0.9792 0.0000 -0.2031
vn -0.4718 -0.0003 0.8817
vn -0.2898 -0.0003 0.9571
vn 0.5571 -0.0007 -0.8304
vn -0.8360 0.0000 0.5487
vn -0.8314 -0.0007 -0.5557
vn 0.5481 0.0000 0.8364
vn 0.6693 0.0004 -0.7430
vn -0.5986 -0.0013 -0.8011
vn 0.5986 0.0013 -0.8011
vn -0.8013 -0.0013 0.5983
vn 0.4306 -0.0008 0.9025
vn -0.5983 0.0013 0.8013
vn -0.8010 0.0013 -0.5986
vn 0.8013 0.0013 0.5983
vn 0.9898 0.0007 0.1425
vn -0.2130 0.0000 0.9771
vn -0.3824 0.0011 0.9240
vn -0.9243 -0.0011 0.3818
vn 0.9240 0.0000 0.3824
vn -0.9770 0.0000 -0.2132
vn -0.9240 0.0011 -0.3825
vn 0.9240 0.0000 -0.3825
vn 0.3826 0.0000 -0.9239
vn -0.5398 0.0000 -0.8418
vn -0.3826 0.0011 -0.9239
vn 0.3831 -0.0011 0.9237
vn 0.5404 0.0000 0.8414
vn -0.9772 0.0000 0.2122
vn 0.9825 0.0000 0.1863
vn 0.0981 0.0004 0.9952
vn 0.1863 0.0000 0.9825
vn 0.9952 -0.0004 0.0981
vn 0.8265 0.0000 -0.5629
vn 0.7727 0.0004 0.6347
vn 0.8265 0.0000 0.5629
vn 0.7727 -0.0004 -0.6347
vn 0.1858 0.0000 -0.9826
vn 0.9953 0.0004 -0.0973
vn 0.9826 0.0000 -0.1859
vn 0.0973 -0.0004 -0.9953
vn 0.8038 -0.0000 -0.5950
vn -0.9556 0.0003 0.2946
vn -0.9301 0.0000 0.3674
vn -0.9806 0.0006 0.1959
vn 0.1464 -0.0000 -0.9892
vn -0.5950 0.0000 0.8037
vn -0.5963 -0.0000 -0.8028
vn 0.1464 0.0000 0.9892
vn -0.9892 -0.0000 -0.1467
vn -0.9305 0.0000 -0.3663
vn -0.9809 -0.0006 -0.1945
vn 0.8028 0.0000 0.5963
vn -0.9825 0.0000 0.1863
vn -0.1863 0.0000 0.9825
vn -0.8265 0.0000 -0.5629
vn -0.7727 -0.0004 -0.6347
vn -0.8265 0.0000 0.5629
vn -0.7727 0.0004 0.6347
vn -0.1858 0.0000 -0.9826
vn -0.9826 0.0000 -0.1859
vn -0.9953 0.0004 -0.0973
vn -0.8839 -0.0003 -0.4678
vn 0.9806 0.0006 0.1959
vn 0.9301 0.0000 0.3674
vn 0.9890 0.0000 0.1480
vn -0.1464 -0.0000 -0.9892
vn 0.4678 0.0003 0.8839
vn 0.4692 -0.0003 -0.8831
vn -0.1464 0.0000 0.9892
vn 0.9809 -0.0006 -0.1945
vn 0.9305 0.0000 -0.3663
vn 0.9560 -0.0003 -0.2933
vn -0.8028 0.0000 0.5963
vn -0.9810 -0.0006 -0.1938
vn 0.9990 0.0004 -0.0450
vn -0.5574 -0.0006 -0.8302
vn 0.7385 0.0004 0.6742
vn 0.0458 0.0004 0.9990
vn 0.1935 -0.0006 -0.9811
vn 0.9810 -0.0006 -0.1942
vn -0.9793 -0.0004 -0.2026
vn 0.8311 -0.0006 -0.5561
vn -0.6738 -0.0001 0.7389
vn -0.1935 -0.0006 -0.9811
vn -0.0455 -0.0001 0.9990
vn 0.5571 -0.0006 -0.8305
vn -0.8357 -0.0004 0.5491
vn -0.8314 -0.0006 -0.5557
vn 0.5485 -0.0004 0.8361
vn 0.8008 -0.0004 -0.5990
vn 0.1424 -0.0004 -0.9898
vn 0.5990 0.0004 -0.8007
vn -0.8012 -0.0004 0.5985
vn -0.1433 -0.0004 0.9897
vn -0.5985 0.0004 0.8011
vn -0.8008 0.0004 -0.5990
vn -0.1424 0.0004 -0.9898
vn -0.5990 -0.0004 -0.8007
vn 0.8012 0.0004 0.5985
vn 0.1433 0.0004 0.9897
vn 0.5985 -0.0004 0.8011
vn -0.9897 0.0004 0.1431
vn 0.9897 -0.0004 0.1431
vn -0.9897 -0.0004 -0.1431
vn 0.9897 0.0004 -0.1431
vn -0.2137 -0.0011 0.9769
vn -0.3826 0.0004 0.9239
vn -0.7768 0.0007 0.6298
vn -0.3867 0.0016 0.9222
vn -0.9239 -0.0004 0.3827
vn 0.9237 -0.0004 0.3831
vn 0.8676 0.0000 0.4972
vn -0.9768 -0.0011 -0.2139
vn -0.9239 0.0004 -0.3826
vn -0.6298 0.0007 -0.7767
vn 0.6298 0.0000 -0.7767
vn 0.9238 0.0000 -0.3828
vn 0.3828 0.0000 -0.9238
vn -0.1036 0.0000 -0.9946
vn -0.5392 -0.0011 -0.8422
vn -0.3830 0.0004 -0.9238
vn 0.1036 0.0007 -0.9946
vn 0.3830 -0.0004 0.9237
vn -0.3792 0.0016 0.9253
vn 0.9887 -0.0000 0.1500
vn 0.5410 0.0011 0.8410
vn -0.9774 0.0011 0.2115
vn -0.6388 0.0000 0.7694
vn 0.6388 0.0000 0.7694
vn 0.9946 -0.0007 -0.1036
vn -0.9946 0.0000 -0.1036
vn 0.7687 0.0000 0.6396
vn 0.9957 0.0000 0.0923
vn -0.9957 0.0000 0.0923
vn 0.7768 0.0000 0.6298
vn -0.0912 0.0000 0.9958
vn 0.9757 -0.0007 -0.2190
vn 0.5353 -0.0007 -0.8447
vn -0.8459 -0.0007 -0.5334
vn -0.0810 0.0000 -0.9967
vn 0.0810 0.0000 -0.9967
vn -0.9968 0.0000 0.0804
vn -0.7619 0.0000 -0.6477
vn 0.6494 0.0000 -0.7604
vn 0.7314 0.0000 -0.6819
vn -0.9968 0.0000 0.0805
vn -0.9952 0.0004 0.0981
vn -0.0981 -0.0004 0.9952
vn 0.5629 0.0000 0.8265
vn -0.6347 0.0004 0.7727
vn -0.5629 0.0000 0.8265
vn 0.6347 -0.0004 0.7727
vn 0.9826 0.0000 0.1858
vn 0.0973 0.0004 0.9953
vn 0.1859 0.0000 0.9826
vn 0.9953 -0.0004 0.0973
vn 0.5950 -0.0000 0.8037
vn -0.2946 0.0003 -0.9556
vn -0.3674 0.0000 -0.9301
vn -0.1959 0.0006 -0.9806
vn 0.9892 -0.0000 0.1464
vn -0.8037 0.0000 -0.5950
vn 0.8028 -0.0000 -0.5963
vn -0.9892 0.0000 0.1464
vn 0.1467 -0.0000 -0.9892
vn 0.3663 0.0000 -0.9305
vn 0.1945 -0.0006 -0.9809
vn -0.5963 0.0000 0.8028
vn -0.1863 0.0000 -0.9825
vn -0.0981 -0.0004 -0.9952
vn -0.9825 0.0000 -0.1863
vn -0.9952 0.0004 -0.0981
vn 0.5629 0.0000 -0.8265
vn 0.6347 -0.0004 -0.7727
vn -0.5629 0.0000 -0.8265
vn -0.6347 0.0004 -0.7727
vn 0.9826 0.0000 -0.1858
vn 0.9953 -0.0004 -0.0973
vn 0.1859 0.0000 -0.9826
vn 0.0973 0.0004 -0.9953
vn 0.4678 -0.0003 -0.8839
vn -0.1959 0.0006 0.9806
vn -0.3674 0.0000 0.9301
vn -0.1480 0.0000 0.9890
vn 0.9892 -0.0000 -0.1464
vn -0.8839 0.0003 0.4678
vn 0.8831 -0.0003 0.4692
vn -0.9892 0.0000 -0.1464
vn 0.1945 -0.0006 0.9809
vn 0.3663 0.0000 0.9305
vn 0.2933 -0.0003 0.9560
vn -0.5963 0.0000 -0.8028
vn 0.1938 -0.0006 -0.9810
vn 0.0450 0.0004 0.9990
vn 0.8302 -0.0006 -0.5574
vn -0.6742 0.0004 0.7385
vn -0.9990 0.0004 0.0458
vn 0.9811 -0.0006 0.1935
vn 0.1942 -0.0006 0.9810
vn 0.2026 -0.0004 -0.9793
vn 0.5561 -0.0006 0.8311
vn -0.7389 -0.0001 -0.6738
vn 0.9811 -0.0006 -0.1935
vn -0.9990 -0.0001 -0.0455
vn 0.8305 -0.0006 0.5571
vn -0.5491 -0.0004 -0.8357
vn 0.5557 -0.0006 -0.8314
vn -0.8361 -0.0004 0.5485
vn 0.5990 -0.0004 0.8008
vn 0.9898 -0.0004 0.1424
vn 0.8007 0.0004 0.5990
vn -0.5985 -0.0004 -0.8012
vn -0.9897 -0.0004 -0.1433
vn -0.8011 0.0004 -0.5985
vn 0.5990 0.0004 -0.8008
vn 0.9898 0.0004 -0.1424
vn 0.8007 -0.0004 -0.5990
vn -0.5985 0.0004 0.8012
vn -0.9897 0.0004 0.1433
vn -0.8011 -0.0004 0.5985
vn -0.1431 0.0004 -0.9897
vn -0.1431 -0.0004 0.9897
vn 0.1431 -0.0004 -0.9897
vn 0.1431 0.0004 0.9897
vn -0.9769 -0.0011 -0.2137
vn -0.6298 0.0007 -0.7768
vn -0.9222 0.0016 -0.3867
vn -0.3827 -0.0004 -0.9239
vn -0.3831 -0.0004 0.9237
vn -0.4972 0.0000 0.8676
vn 0.2139 -0.0011 -0.9768
vn 0.3826 0.0004 -0.9239
vn 0.7767 0.0007 -0.6298
vn 0.7767 0.0000 0.6298
vn 0.3828 0.0000 0.9238
vn 0.9238 0.0000 0.3828
vn 0.9946 0.0000 -0.1036
vn 0.8422 -0.0011 -0.5392
vn 0.9238 0.0004 -0.3830
vn 0.9946 0.0007 0.1036
vn -0.9237 -0.0004 0.3830
vn -0.9253 0.0016 -0.3792
vn -0.1500 -0.0000 0.9887
vn -0.8410 0.0011 0.5410
vn -0.2115 0.0011 -0.9774
vn -0.7694 0.0000 -0.6388
vn -0.7694 0.0000 0.6388
vn 0.1036 -0.0007 0.9946
vn 0.1036 0.0000 -0.9946
vn -0.6396 0.0000 0.7687
vn -0.0923 0.0000 0.9957
vn -0.0923 0.0000 -0.9957
vn -0.6298 0.0000 0.7768
vn -0.9958 0.0000 -0.0912
vn 0.2190 -0.0007 0.9757
vn 0.8447 -0.0007 0.5353
vn 0.5334 -0.0007 -0.8459
vn 0.9967 0.0000 -0.0810
vn 0.9967 0.0000 0.0810
vn -0.0805 0.0000 -0.9968
vn 0.6477 0.0000 -0.7619
vn 0.7604 0.0000 0.6494
vn 0.6819 0.0000 0.7314
vn -0.1864 0.0000 0.9825
vn -0.0804 0.0000 -0.9968
vn 0.1863 0.0000 -0.9825
vn 0.9952 0.0004 -0.0981
vn 0.9825 0.0000 -0.1863
vn 0.0981 -0.0004 -0.9952
vn 0.6347 0.0004 -0.7727
vn -0.6347 -0.0004 -0.7727
vn -0.9826 0.0000 -0.1858
vn -0.0973 0.0004 -0.9953
vn -0.1859 0.0000 -0.9826
vn -0.9953 -0.0004 -0.0973
vn -0.5950 -0.0000 -0.8037
vn 0.2946 0.0003 0.9556
vn 0.3674 0.0000 0.9301
vn 0.1959 0.0006 0.9806
vn -0.9892 -0.0000 -0.1464
vn 0.8037 0.0000 0.5950
vn -0.8027 -0.0000 0.5963
vn 0.9892 0.0000 -0.1464
vn -0.1467 -0.0000 0.9892
vn -0.3663 0.0000 0.9305
vn -0.1945 -0.0006 0.9809
vn 0.5963 0.0000 -0.8028
vn 0.0981 -0.0004 0.9952
vn 0.9952 0.0004 0.0981
vn -0.6347 -0.0004 0.7727
vn 0.6347 0.0004 0.7727
vn -0.9826 0.0000 0.1858
vn -0.9953 -0.0004 0.0973
vn -0.1859 0.0000 0.9826
vn -0.0973 0.0004 0.9953
vn -0.4678 -0.0003 0.8839
vn 0.1959 0.0006 -0.9806
vn 0.3674 0.0000 -0.9301
vn 0.1480 0.0000 -0.9890
vn -0.9892 -0.0000 0.1464
vn 0.8839 0.0003 -0.4678
vn -0.8831 -0.0003 -0.4692
vn 0.9892 0.0000 0.1464
vn -0.1945 -0.0006 -0.9809
vn -0.3663 0.0000 -0.9305
vn -0.2933 -0.0003 -0.9560
vn 0.5963 0.0000 0.8028
vn -0.1938 -0.0006 0.9810
vn -0.0450 0.0004 -0.9990
vn -0.8302 -0.0006 0.5574
vn 0.6742 0.0004 -0.7385
vn 0.9990 0.0004 -0.0458
vn -0.9811 -0.0006 -0.1935
vn -0.1942 -0.0006 -0.9810
vn -0.2026 -0.0004 0.9793
vn -0.5561 -0.0006 -0.8311
vn 0.7389 -0.0001 0.6738
vn -0.9811 -0.0006 0.1935
vn 0.9990 -0.0001 0.0455
vn -0.8305 -0.0006 -0.5571
vn 0.5491 -0.0004 0.8357
vn -0.5557 -0.0006 0.8314
vn 0.8361 -0.0004 -0.5485
vn -0.5990 -0.0004 -0.8008
vn -0.9898 -0.0004 -0.1424
vn -0.8007 0.0004 -0.5990
vn 0.5985 -0.0004 0.8012
vn 0.9897 -0.0004 0.1433
vn 0.8011 0.0004 0.5985
vn -0.5990 0.0004 0.8008
vn -0.9898 0.0004 0.1424
vn -0.8007 -0.0004 0.5990
vn 0.5985 0.0004 -0.8012
vn 0.9897 0.0004 -0.1433
vn 0.8011 -0.0004 -0.5985
vn 0.9769 -0.0011 0.2137
vn 0.9239 0.0004 0.3826
vn 0.6298 0.0007 0.7768
vn 0.9222 0.0016 0.3867
vn 0.3827 -0.0004 0.9239
vn 0.3831 -0.0004 -0.9237
vn 0.4972 0.0000 -0.8676
vn -0.2139 -0.0011 0.9768
vn -0.7767 0.0007 0.6298
vn -0.7767 0.0000 -0.6298
vn -0.3828 0.0000 -0.9238
vn -0.9238 0.0000 -0.3828
vn -0.9946 0.0000 0.1036
vn -0.8422 -0.0011 0.5392
vn -0.9238 0.0004 0.3830
vn -0.9946 0.0007 -0.1036
vn 0.9237 -0.0004 -0.3830
vn 0.9253 0.0016 0.3792
vn 0.1500 -0.0000 -0.9887
vn 0.8410 0.0011 -0.5410
vn 0.2115 0.0011 0.9774
vn 0.7694 0.0000 0.6388
vn 0.7694 0.0000 -0.6388
vn -0.1036 -0.0007 -0.9946
vn -0.1036 0.0000 0.9946
vn 0.6396 0.0000 -0.7687
vn 0.0923 0.0000 -0.9957
vn 0.0923 0.0000 0.9957
vn 0.6298 0.0000 -0.7768
vn 0.9958 0.0000 0.0912
vn -0.2190 -0.0007 -0.9757
vn -0.8447 -0.0007 -0.5353
vn -0.5334 -0.0007 0.8459
vn -0.9967 0.0000 0.0810
vn -0.9967 0.0000 -0.0810
vn 0.0805 0.0000 0.9968
vn -0.6477 0.0000 0.7619
vn -0.7604 0.0000 -0.6494
vn -0.6819 0.0000 -0.7314
vn 0.1864 0.0000 -0.9825
vn -0.8028 -0.0000 0.5963
vn -0.4677 -0.0003 0.8839
vn 0.0804 0.0000 0.9968
# 513 vertex normals

vt 0.0000 9.9331 0.0000
vt 0.0000 0.0669 0.0000
vt 96.6317 0.0000 0.0000
vt 96.6317 9.9331 0.0000
vt 300.0000 0.0669 0.0000
vt 300.0000 9.9331 0.0000
vt 201.3670 9.9531 0.0000
vt 203.3683 0.0669 0.0000
vt 3.0000 0.0669 0.0000
vt 3.0000 9.9331 0.0000
vt 2.8864 10.0000 0.0000
vt 0.1136 0.0000 0.0000
vt -93.6304 3.0469 0.0000
vt 199.3265 9.6213 0.0000
vt 89.3513 0.1136 0.0000
vt 1.0000 0.0000 0.0000
vt 2.0000 0.0000 0.0000
vt 2.0000 10.0000 0.0000
vt 1.0000 10.0000 0.0000
vt 32.5439 1.0000 0.0000
vt -31.5439 2.0000 0.0000
vt 167.7894 6.6667 0.0000
vt 132.2106 3.3333 0.0000
vt -95.6317 2.0000 0.0000
vt 1.0000 2.0000 0.0000
vt 1.0000 2.9394 0.0000
vt -95.6317 1.0000 0.0000
vt 1.0000 0.0606 0.0000
vt 1.0000 1.0000 0.0000
vt 0.0000 0.0606 0.0000
vt 98.7882 0.2020 0.0000
vt 96.6317 1.0000 0.0000
vt 0.0000 1.0000 0.0000
vt 96.6317 2.9394 0.0000
vt 0.0000 2.9394 0.0000
vt 0.0000 2.0000 0.0000
vt 96.6317 2.0000 0.0000
vt 2.9394 0.0000 0.0000
vt 2.8864 0.0000 0.0000
vt 0.0606 0.0000 0.0000
vt 0.0606 10.0000 0.0000
vt 0.1136 10.0000 0.0000
vt 2.9394 10.0000 0.0000
vt 100.6735 0.3787 0.0000
vt 201.2119 9.7980 0.0000
vt -93.2985 3.0546 0.0000
vt 300.0000 0.1270 0.0000
vt 203.3683 0.1270 0.0000
vt 0.0000 9.8730 0.0000
vt 96.6317 9.8730 0.0000
vt 96.5821 -0.4788 0.0000
vt -0.0496 0.1269 0.0000
vt 185.2606 11.5373 0.0000
vt 300.0149 11.3555 0.0000
vt 0.0804 0.0000 1.0000
vt 0.1696 0.0000 1.0000
vt 0.1696 1.0000 1.0000
vt 0.0804 1.0000 1.0000
vt 0.2054 0.0000 1.0000
vt 0.2946 0.0000 1.0000
vt 0.2946 1.0000 1.0000
vt 0.2054 1.0000 1.0000
vt 0.3304 0.0000 1.0000
vt 0.4196 0.0000 1.0000
vt 0.4196 1.0000 1.0000
vt 0.3304 1.0000 1.0000
vt 0.0446 0.0000 1.0000
vt 0.0625 0.0000 1.0000
vt 0.0625 1.0000 1.0000
vt 0.0446 1.0000 1.0000
vt 0.0491 1.0000 1.0000
vt 0.1875 0.0000 1.0000
vt 0.1875 1.0000 1.0000
vt 0.3125 0.0000 1.0000
vt 0.3125 1.0000 1.0000
vt 0.4375 0.0000 1.0000
vt 0.4554 0.0000 1.0000
vt 0.4554 1.0000 1.0000
vt 0.4375 1.0000 1.0000
vt 0.0759 0.0000 1.0000
vt 0.1741 1.0000 1.0000
vt 0.3259 0.0000 1.0000
vt 0.4509 0.0000 1.0000
vt 0.2009 1.0000 1.0000
# 84 texture coords

o Estructura_StandBasico
g Estructura_StandBasico
usemtl Material__38
s 1
f 1/1/1 2/2/1 3/3/1 
f 3/3/1 4/4/1 1/1/1 
f 5/5/2 6/6/2 7/7/2 
f 7/7/2 8/8/2 5/5/2 
s 2
f 2/9/3 1/10/3 9/11/3 
f 6/1/3 5/2/3 10/12/3 
f 8/13/4 7/7/4 11/14/4 
f 4/3/4 3/3/4 12/15/4 
s 4
f 13/12/5 14/16/6 15/17/6 
f 16/11/7 17/18/8 18/19/8 
f 19/15/9 20/20/6 21/21/10 
f 22/14/11 23/22/8 24/23/8 
s 1
f 25/24/6 26/25/6 27/26/6 
f 28/27/6 29/28/6 30/29/6 
f 31/30/8 32/31/8 33/32/8 
f 33/32/8 34/33/8 31/30/8 
f 35/34/8 36/35/8 37/36/8 
f 37/36/8 38/37/8 35/34/8 
s 2
f 30/17/3 29/38/3 39/39/3 
f 39/39/3 15/17/3 30/17/3 
f 10/12/3 27/40/3 26/16/3 
f 26/16/3 14/16/3 10/12/3 
f 37/19/3 36/41/3 40/42/3 
f 40/42/3 18/19/3 37/19/3 
f 9/11/3 31/43/3 34/18/3 
f 34/18/3 17/18/3 9/11/3 
f 33/23/4 32/31/4 41/44/4 
f 41/44/4 24/23/4 33/23/4 
f 11/14/4 35/45/4 38/22/4 
f 38/22/4 23/22/4 11/14/4 
s 4
f 23/33/8 18/3/8 17/14/8 
f 17/14/8 24/36/8 23/33/8 
f 20/18/6 15/46/6 14/15/6 
f 14/15/6 21/19/10 20/18/6 
s 8
f 21/21/12 14/15/12 26/16/12 
f 26/16/12 25/24/12 21/21/12 
f 15/17/13 20/18/13 28/20/13 
f 28/20/13 30/29/13 15/17/13 
f 24/23/14 17/14/14 34/18/14 
f 34/18/14 33/32/14 24/23/14 
f 18/19/15 23/33/15 38/22/15 
f 38/22/15 37/36/15 18/19/15 
s 4
f 27/47/16 5/5/17 8/8/18 
f 8/8/18 25/48/19 27/47/16 
f 31/49/20 1/1/20 4/4/20 
f 4/4/20 32/50/20 31/49/20 
f 28/51/21 3/3/22 2/2/23 
f 2/2/23 29/52/24 28/51/21 
f 35/53/25 7/7/25 6/6/25 
f 6/6/25 36/54/25 35/53/25 
s 2
f 5/2/3 27/40/3 10/12/3 
f 29/38/3 2/9/3 39/39/3 
f 1/10/3 31/43/3 9/11/3 
f 36/41/3 6/1/3 40/42/3 
f 7/7/4 35/45/4 11/14/4 
f 32/31/4 4/3/4 41/44/4 
s 1
f 42/1/1 43/2/1 44/3/1 
f 44/3/1 45/4/1 42/1/1 
f 46/5/2 47/6/2 48/7/2 
f 48/7/2 49/8/2 46/5/2 
s 2
f 43/9/3 42/10/3 50/11/3 
f 47/1/3 46/2/3 51/12/3 
f 49/13/4 48/7/4 52/14/4 
f 45/3/4 44/3/4 53/15/4 
s 4
f 54/12/5 55/16/6 56/17/6 
f 57/11/7 58/18/8 59/19/8 
f 60/15/9 61/20/6 62/21/10 
f 63/14/11 64/22/8 65/23/8 
s 1
f 66/24/6 67/25/6 68/26/6 
f 69/27/6 70/28/6 71/29/6 
f 72/30/8 73/31/8 74/32/8 
f 74/32/8 75/33/8 72/30/8 
f 76/34/8 77/35/8 78/36/8 
f 78/36/8 79/37/8 76/34/8 
s 2
f 71/17/3 70/38/3 80/39/3 
f 80/39/3 56/17/3 71/17/3 
f 51/12/3 68/40/3 67/16/3 
f 67/16/3 55/16/3 51/12/3 
f 78/19/3 77/41/3 81/42/3 
f 81/42/3 59/19/3 78/19/3 
f 50/11/3 72/43/3 75/18/3 
f 75/18/3 58/18/3 50/11/3 
f 74/23/4 73/31/4 82/44/4 
f 82/44/4 65/23/4 74/23/4 
f 52/14/4 76/45/4 79/22/4 
f 79/22/4 64/22/4 52/14/4 
s 4
f 64/33/8 59/3/8 58/14/8 
f 58/14/8 65/36/8 64/33/8 
f 61/18/6 56/46/6 55/15/6 
f 55/15/6 62/19/10 61/18/6 
s 8
f 62/21/12 55/15/12 67/16/12 
f 67/16/12 66/24/12 62/21/12 
f 56/17/13 61/18/13 69/20/13 
f 69/20/13 71/29/13 56/17/13 
f 65/23/14 58/14/14 75/18/14 
f 75/18/14 74/32/14 65/23/14 
f 59/19/15 64/33/15 79/22/15 
f 79/22/15 78/36/15 59/19/15 
s 4
f 68/47/26 46/5/17 49/8/27 
f 49/8/27 66/48/19 68/47/26 
f 72/49/20 42/1/20 45/4/20 
f 45/4/20 73/50/20 72/49/20 
f 69/51/28 44/3/22 43/2/29 
f 43/2/29 70/52/30 69/51/28 
f 76/53/25 48/7/25 47/6/25 
f 47/6/25 77/54/25 76/53/25 
s 2
f 46/2/3 68/40/3 51/12/3 
f 70/38/3 43/9/3 80/39/3 
f 42/10/3 72/43/3 50/11/3 
f 77/41/3 47/1/3 81/42/3 
f 48/7/4 76/45/4 52/14/4 
f 73/31/4 45/3/4 82/44/4 
s 1
f 83/1/1 84/2/1 85/3/1 
f 85/3/1 86/4/1 83/1/1 
f 87/5/2 88/6/2 89/7/2 
f 89/7/2 90/8/2 87/5/2 
s 2
f 84/9/3 83/10/3 91/11/3 
f 88/1/3 87/2/3 92/12/3 
f 90/13/4 89/7/4 93/14/4 
f 86/3/4 85/3/4 94/15/4 
s 4
f 95/12/5 96/16/6 97/17/6 
f 98/11/7 99/18/8 100/19/8 
f 101/15/9 102/20/6 103/21/10 
f 104/14/11 105/22/8 106/23/8 
s 1
f 107/24/6 108/25/6 109/26/6 
f 110/27/6 111/28/6 112/29/6 
f 113/30/8 114/31/8 115/32/8 
f 115/32/8 116/33/8 113/30/8 
f 117/34/8 118/35/8 119/36/8 
f 119/36/8 120/37/8 117/34/8 
s 2
f 112/17/3 111/38/3 121/39/3 
f 121/39/3 97/17/3 112/17/3 
f 92/12/3 109/40/3 108/16/3 
f 108/16/3 96/16/3 92/12/3 
f 119/19/3 118/41/3 122/42/3 
f 122/42/3 100/19/3 119/19/3 
f 91/11/3 113/43/3 116/18/3 
f 116/18/3 99/18/3 91/11/3 
f 115/23/4 114/31/4 123/44/4 
f 123/44/4 106/23/4 115/23/4 
f 93/14/4 117/45/4 120/22/4 
f 120/22/4 105/22/4 93/14/4 
s 4
f 105/33/8 100/3/8 99/14/8 
f 99/14/8 106/36/8 105/33/8 
f 102/18/6 97/46/6 96/15/6 
f 96/15/6 103/19/10 102/18/6 
s 8
f 103/21/12 96/15/12 108/16/12 
f 108/16/12 107/24/12 103/21/12 
f 97/17/13 102/18/13 110/20/13 
f 110/20/13 112/29/13 97/17/13 
f 106/23/14 99/14/14 116/18/14 
f 116/18/14 115/32/14 106/23/14 
f 100/19/15 105/33/15 120/22/15 
f 120/22/15 119/36/15 100/19/15 
s 4
f 109/47/16 87/5/17 90/8/27 
f 90/8/27 107/48/19 109/47/16 
f 113/49/20 83/1/20 86/4/20 
f 86/4/20 114/50/20 113/49/20 
f 110/51/31 85/3/22 84/2/23 
f 84/2/23 111/52/24 110/51/31 
f 117/53/25 89/7/25 88/6/25 
f 88/6/25 118/54/25 117/53/25 
s 2
f 87/2/3 109/40/3 92/12/3 
f 111/38/3 84/9/3 121/39/3 
f 83/10/3 113/43/3 91/11/3 
f 118/41/3 88/1/3 122/42/3 
f 89/7/4 117/45/4 93/14/4 
f 114/31/4 86/3/4 123/44/4 
f 110/20/4 102/20/4 94/15/4 
f 85/3/4 110/20/4 94/15/4 
s 4
f 22/14/11 24/23/8 41/44/20 
s 2
f 11/14/4 25/21/4 8/13/4 
f 69/20/4 61/20/4 53/15/4 
f 44/3/4 69/20/4 53/15/4 
f 93/14/4 107/21/4 90/13/4 
s 4
f 101/15/9 103/21/10 107/21/19 
s 2
f 52/14/4 66/21/4 49/13/4 
s 4
f 60/15/9 62/21/10 66/21/19 
s 2
f 10/12/3 40/42/3 6/1/3 
s 4
f 13/12/5 15/17/6 39/39/32 
s 2
f 51/12/3 81/42/3 47/1/3 
s 4
f 54/12/5 56/17/6 80/39/32 
f 95/12/5 97/17/6 121/39/32 
f 98/11/7 100/19/8 122/42/25 
f 104/14/11 106/23/8 123/44/20 
f 104/14/11 101/15/9 107/21/19 
f 63/14/11 65/23/8 82/44/20 
f 63/14/11 60/15/9 66/21/19 
s 2
f 9/11/3 39/39/3 2/9/3 
s 4
f 16/11/7 13/12/5 39/39/32 
s 2
f 50/11/3 80/39/3 43/9/3 
s 4
f 57/11/7 54/12/5 80/39/32 
f 19/15/9 124/44/20 41/44/20 
s 2
f 12/15/4 41/44/4 4/3/4 
f 91/11/3 121/39/3 84/9/3 
s 4
f 98/11/7 95/12/5 121/39/32 
s 2
f 92/12/3 122/42/3 88/1/3 
s 4
f 95/12/5 125/42/25 122/42/25 
s 2
f 94/15/4 123/44/4 86/3/4 
s 4
f 101/15/9 126/44/20 123/44/20 
s 2
f 53/15/4 82/44/4 45/3/4 
s 4
f 60/15/9 127/44/20 82/44/20 
f 13/12/5 128/42/25 40/42/25 
f 16/11/7 18/19/8 40/42/25 
f 54/12/5 129/42/25 81/42/25 
f 57/11/7 59/19/8 81/42/25 
s 2
f 28/20/4 20/20/4 12/15/4 
f 3/3/4 28/20/4 12/15/4 
s 4
f 19/15/9 21/21/10 25/21/19 
f 22/14/11 19/15/9 25/21/19 
f 39/39/32 9/11/20 16/11/7 
f 16/11/7 9/11/20 17/18/8 
f 13/12/5 10/12/17 14/16/6 
f 40/42/25 10/12/17 13/12/5 
f 57/11/7 50/11/20 58/18/8 
f 80/39/32 50/11/20 57/11/7 
f 98/11/7 91/11/20 99/18/8 
f 121/39/32 91/11/20 98/11/7 
f 122/42/25 92/12/17 95/12/5 
f 95/12/5 92/12/17 96/16/6 
f 54/12/5 51/12/17 55/16/6 
f 81/42/25 51/12/17 54/12/5 
f 104/14/11 93/14/33 105/22/8 
f 107/21/19 93/14/33 104/14/11 
f 101/15/9 94/15/34 102/20/6 
f 123/44/20 94/15/34 101/15/9 
f 63/14/11 52/14/33 64/22/8 
f 66/21/19 52/14/33 63/14/11 
f 22/14/11 11/14/33 23/22/8 
f 25/21/19 11/14/33 22/14/11 
f 82/44/20 53/15/34 60/15/9 
f 60/15/9 53/15/34 61/20/6 
f 19/15/9 12/15/34 20/20/6 
f 41/44/20 12/15/34 19/15/9 
s 1
f 16/11/3 128/42/3 13/12/3 
s 4
f 40/42/25 128/42/25 16/11/7 
f 82/44/20 127/44/20 63/14/11 
s 1
f 63/14/4 127/44/4 60/15/4 
s 4
f 123/44/20 126/44/20 104/14/11 
s 1
f 104/14/4 126/44/4 101/15/4 
s 4
f 41/44/20 124/44/20 22/14/11 
s 1
f 22/14/4 124/44/4 19/15/4 
f 98/11/3 125/42/3 95/12/3 
s 4
f 122/42/25 125/42/25 98/11/7 
s 1
f 57/11/3 129/42/3 54/12/3 
s 4
f 81/42/25 129/42/25 57/11/7 
s 1
f 130/1/4 131/2/4 132/3/4 
f 132/3/4 133/4/4 130/1/4 
f 134/5/35 135/6/35 136/7/35 
f 136/7/35 137/8/35 134/5/35 
s 2
f 131/9/1 130/10/1 138/11/1 
f 135/1/1 134/2/1 139/12/1 
f 137/13/36 136/7/36 140/14/36 
f 133/3/36 132/3/36 141/15/36 
s 4
f 142/12/37 143/16/6 144/17/6 
f 145/11/38 146/18/8 147/19/8 
f 148/15/39 149/20/6 150/21/40 
f 151/14/41 152/22/8 153/23/8 
s 1
f 154/24/6 155/25/6 156/26/6 
f 157/27/6 158/28/6 159/29/6 
f 160/30/8 161/31/8 162/32/8 
f 162/32/8 163/33/8 160/30/8 
f 164/34/8 165/35/8 166/36/8 
f 166/36/8 167/37/8 164/34/8 
s 2
f 159/17/1 158/38/1 168/39/1 
f 168/39/1 144/17/1 159/17/1 
f 139/12/1 156/40/1 155/16/1 
f 155/16/1 143/16/1 139/12/1 
f 166/19/1 165/41/1 169/42/1 
f 169/42/1 147/19/1 166/19/1 
f 138/11/1 160/43/1 163/18/1 
f 163/18/1 146/18/1 138/11/1 
f 162/23/36 161/31/36 170/44/36 
f 170/44/36 153/23/36 162/23/36 
f 140/14/36 164/45/36 167/22/36 
f 167/22/36 152/22/36 140/14/36 
s 4
f 152/33/8 147/3/8 146/14/8 
f 146/14/8 153/36/8 152/33/8 
f 149/18/6 144/46/6 143/15/6 
f 143/15/6 150/19/40 149/18/6 
s 8
f 150/21/42 143/15/42 155/16/42 
f 155/16/42 154/24/42 150/21/42 
f 144/17/43 149/18/43 157/20/43 
f 157/20/43 159/29/43 144/17/43 
f 153/23/44 146/14/44 163/18/44 
f 163/18/44 162/32/44 153/23/44 
f 147/19/45 152/33/45 167/22/45 
f 167/22/45 166/36/45 147/19/45 
s 4
f 156/47/46 134/5/47 137/8/48 
f 137/8/48 154/48/49 156/47/46 
f 160/49/50 130/1/50 133/4/50 
f 133/4/50 161/50/50 160/49/50 
f 157/51/51 132/3/52 131/2/53 
f 131/2/53 158/52/54 157/51/51 
f 164/53/55 136/7/55 135/6/55 
f 135/6/55 165/54/55 164/53/55 
s 2
f 134/2/1 156/40/1 139/12/1 
f 158/38/1 131/9/1 168/39/1 
f 130/10/1 160/43/1 138/11/1 
f 165/41/1 135/1/1 169/42/1 
f 136/7/36 164/45/36 140/14/36 
f 161/31/36 133/3/36 170/44/36 
s 1
f 171/1/4 172/2/4 173/3/4 
f 173/3/4 174/4/4 171/1/4 
f 175/5/56 176/6/35 177/7/56 
f 177/7/56 178/8/56 175/5/56 
s 2
f 172/9/1 171/10/1 179/11/1 
f 176/1/1 175/2/1 180/12/1 
f 178/13/36 177/7/36 181/14/36 
f 174/3/36 173/3/36 182/15/36 
s 4
f 183/12/37 184/16/6 185/17/6 
f 186/11/38 187/18/8 188/19/8 
f 189/15/39 190/20/6 191/21/40 
f 192/14/41 193/22/8 194/23/8 
s 1
f 195/24/6 196/25/6 197/26/6 
f 198/27/6 199/28/6 200/29/6 
f 201/30/8 202/31/8 203/32/8 
f 203/32/8 204/33/8 201/30/8 
f 205/34/8 206/35/8 207/36/8 
f 207/36/8 208/37/8 205/34/8 
s 2
f 200/17/1 199/38/1 209/39/1 
f 209/39/1 185/17/1 200/17/1 
f 180/12/1 197/40/1 196/16/1 
f 196/16/1 184/16/1 180/12/1 
f 207/19/1 206/41/1 210/42/1 
f 210/42/1 188/19/1 207/19/1 
f 179/11/1 201/43/1 204/18/1 
f 204/18/1 187/18/1 179/11/1 
f 203/23/36 202/31/36 211/44/36 
f 211/44/36 194/23/36 203/23/36 
f 181/14/36 205/45/36 208/22/36 
f 208/22/36 193/22/36 181/14/36 
s 4
f 193/33/8 188/3/8 187/14/8 
f 187/14/8 194/36/8 193/33/8 
f 190/18/6 185/46/6 184/15/6 
f 184/15/6 191/19/40 190/18/6 
s 8
f 191/21/42 184/15/42 196/16/42 
f 196/16/42 195/24/42 191/21/42 
f 185/17/43 190/18/43 198/20/43 
f 198/20/43 200/29/43 185/17/43 
f 194/23/44 187/14/44 204/18/44 
f 204/18/44 203/32/44 194/23/44 
f 188/19/45 193/33/45 208/22/45 
f 208/22/45 207/36/45 188/19/45 
s 4
f 197/47/57 175/5/47 178/8/58 
f 178/8/58 195/48/49 197/47/57 
f 201/49/59 171/1/59 174/4/59 
f 174/4/59 202/50/59 201/49/59 
f 198/51/60 173/3/52 172/2/61 
f 172/2/61 199/52/62 198/51/60 
f 205/53/63 177/7/63 176/6/55 
f 176/6/55 206/54/55 205/53/63 
s 2
f 175/2/1 197/40/1 180/12/1 
f 199/38/1 172/9/1 209/39/1 
f 171/10/1 201/43/1 179/11/1 
f 206/41/1 176/1/1 210/42/1 
f 177/7/36 205/45/36 181/14/36 
f 202/31/36 174/3/36 211/44/36 
s 1
f 212/1/4 213/2/4 214/3/4 
f 214/3/4 215/4/4 212/1/4 
f 216/5/35 217/6/35 218/7/35 
f 218/7/35 219/8/35 216/5/35 
s 2
f 213/9/1 212/10/1 220/11/1 
f 217/1/1 216/2/1 221/12/1 
f 219/13/36 218/7/36 222/14/36 
f 215/3/36 214/3/36 223/15/36 
s 4
f 224/12/37 225/16/6 226/17/6 
f 227/11/38 228/18/8 229/19/8 
f 230/15/39 231/20/6 232/21/40 
f 233/14/41 234/22/8 235/23/8 
s 1
f 236/24/6 237/25/6 238/26/6 
f 239/27/6 240/28/6 241/29/6 
f 242/30/8 243/31/8 244/32/8 
f 244/32/8 245/33/8 242/30/8 
f 246/34/8 247/35/8 248/36/8 
f 248/36/8 249/37/8 246/34/8 
s 2
f 241/17/1 240/38/1 250/39/1 
f 250/39/1 226/17/1 241/17/1 
f 221/12/1 238/40/1 237/16/1 
f 237/16/1 225/16/1 221/12/1 
f 248/19/1 247/41/1 251/42/1 
f 251/42/1 229/19/1 248/19/1 
f 220/11/1 242/43/1 245/18/1 
f 245/18/1 228/18/1 220/11/1 
f 244/23/36 243/31/36 252/44/36 
f 252/44/36 235/23/36 244/23/36 
f 222/14/36 246/45/36 249/22/36 
f 249/22/36 234/22/36 222/14/36 
s 4
f 234/33/8 229/3/8 228/14/8 
f 228/14/8 235/36/8 234/33/8 
f 231/18/6 226/46/6 225/15/6 
f 225/15/6 232/19/40 231/18/6 
s 8
f 232/21/42 225/15/42 237/16/42 
f 237/16/42 236/24/42 232/21/42 
f 226/17/43 231/18/43 239/20/43 
f 239/20/43 241/29/43 226/17/43 
f 235/23/44 228/14/44 245/18/44 
f 245/18/44 244/32/44 235/23/44 
f 229/19/45 234/33/45 249/22/45 
f 249/22/45 248/36/45 229/19/45 
s 4
f 238/47/46 216/5/47 219/8/58 
f 219/8/58 236/48/49 238/47/46 
f 242/49/59 212/1/59 215/4/59 
f 215/4/59 243/50/59 242/49/59 
f 239/51/64 214/3/52 213/2/53 
f 213/2/53 240/52/54 239/51/64 
f 246/53/55 218/7/55 217/6/55 
f 217/6/55 247/54/55 246/53/55 
s 2
f 216/2/1 238/40/1 221/12/1 
f 240/38/1 213/9/1 250/39/1 
f 212/10/1 242/43/1 220/11/1 
f 247/41/1 217/1/1 251/42/1 
f 218/7/36 246/45/36 222/14/36 
f 243/31/36 215/3/36 252/44/36 
f 239/20/36 231/20/36 223/15/36 
f 214/3/36 239/20/36 223/15/36 
s 4
f 151/14/41 153/23/8 170/44/59 
s 2
f 140/14/36 154/21/36 137/13/36 
f 198/20/36 190/20/36 182/15/36 
f 173/3/36 198/20/36 182/15/36 
f 222/14/36 236/21/36 219/13/36 
s 4
f 230/15/39 232/21/40 236/21/49 
s 2
f 181/14/36 195/21/36 178/13/36 
s 4
f 189/15/39 191/21/40 195/21/49 
s 2
f 139/12/1 169/42/1 135/1/1 
s 4
f 142/12/37 144/17/6 168/39/65 
s 2
f 180/12/1 210/42/1 176/1/1 
s 4
f 183/12/37 185/17/6 209/39/65 
f 224/12/37 226/17/6 250/39/65 
f 227/11/38 229/19/8 251/42/66 
f 233/14/41 235/23/8 252/44/59 
f 233/14/41 230/15/39 236/21/49 
f 192/14/41 194/23/8 211/44/59 
f 192/14/41 189/15/39 195/21/49 
s 2
f 138/11/1 168/39/1 131/9/1 
s 4
f 145/11/38 142/12/37 168/39/65 
s 2
f 179/11/1 209/39/1 172/9/1 
s 4
f 186/11/38 183/12/37 209/39/65 
f 148/15/39 253/44/59 170/44/59 
s 2
f 141/15/36 170/44/36 133/3/36 
f 220/11/1 250/39/1 213/9/1 
s 4
f 227/11/38 224/12/37 250/39/65 
s 2
f 221/12/1 251/42/1 217/1/1 
s 4
f 224/12/37 254/42/66 251/42/66 
s 2
f 223/15/36 252/44/36 215/3/36 
s 4
f 230/15/39 255/44/59 252/44/59 
s 2
f 182/15/36 211/44/36 174/3/36 
s 4
f 189/15/39 256/44/59 211/44/59 
f 142/12/37 257/42/66 169/42/66 
f 145/11/38 147/19/8 169/42/66 
f 183/12/37 258/42/66 210/42/66 
f 186/11/38 188/19/8 210/42/66 
s 2
f 157/20/36 149/20/36 141/15/36 
f 132/3/36 157/20/36 141/15/36 
s 4
f 148/15/39 150/21/40 154/21/49 
f 151/14/41 148/15/39 154/21/49 
f 168/39/65 138/11/59 145/11/38 
f 145/11/38 138/11/59 146/18/8 
f 142/12/37 139/12/67 143/16/6 
f 169/42/66 139/12/67 142/12/37 
f 186/11/38 179/11/59 187/18/8 
f 209/39/65 179/11/59 186/11/38 
f 227/11/38 220/11/59 228/18/8 
f 250/39/65 220/11/59 227/11/38 
f 251/42/66 221/12/67 224/12/37 
f 224/12/37 221/12/67 225/16/6 
f 183/12/37 180/12/67 184/16/6 
f 210/42/66 180/12/67 183/12/37 
f 233/14/41 222/14/68 234/22/8 
f 236/21/49 222/14/68 233/14/41 
f 230/15/39 223/15/69 231/20/6 
f 252/44/59 223/15/69 230/15/39 
f 192/14/41 181/14/68 193/22/8 
f 195/21/49 181/14/68 192/14/41 
f 151/14/41 140/14/68 152/22/8 
f 154/21/49 140/14/68 151/14/41 
f 211/44/59 182/15/69 189/15/39 
f 189/15/39 182/15/69 190/20/6 
f 148/15/39 141/15/69 149/20/6 
f 170/44/59 141/15/69 148/15/39 
s 1
f 145/11/1 257/42/1 142/12/1 
s 4
f 169/42/66 257/42/66 145/11/38 
f 211/44/59 256/44/59 192/14/41 
s 1
f 192/14/36 256/44/36 189/15/36 
s 4
f 252/44/59 255/44/59 233/14/41 
s 1
f 233/14/36 255/44/36 230/15/36 
s 4
f 170/44/59 253/44/59 151/14/41 
s 1
f 151/14/36 253/44/36 148/15/36 
f 227/11/1 254/42/1 224/12/1 
s 4
f 251/42/66 254/42/66 227/11/38 
s 1
f 186/11/1 258/42/1 183/12/1 
s 4
f 210/42/66 258/42/66 186/11/38 
s 1
f 259/1/3 260/2/3 261/3/3 
f 261/3/3 262/4/3 259/1/3 
f 263/5/70 264/6/70 265/7/70 
f 265/7/70 266/8/70 263/5/70 
s 2
f 260/9/36 259/10/36 267/11/36 
f 264/1/36 263/2/36 268/12/36 
f 266/13/1 265/7/1 269/14/1 
f 262/3/1 261/3/1 270/15/1 
s 4
f 271/12/71 272/16/6 273/17/6 
f 274/11/72 275/18/8 276/19/8 
f 277/15/73 278/20/6 279/21/74 
f 280/14/75 281/22/8 282/23/8 
s 1
f 283/24/6 284/25/6 285/26/6 
f 286/27/6 287/28/6 288/29/6 
f 289/30/8 290/31/8 291/32/8 
f 291/32/8 292/33/8 289/30/8 
f 293/34/8 294/35/8 295/36/8 
f 295/36/8 296/37/8 293/34/8 
s 2
f 288/17/36 287/38/36 297/39/36 
f 297/39/36 273/17/36 288/17/36 
f 268/12/36 285/40/36 284/16/36 
f 284/16/36 272/16/36 268/12/36 
f 295/19/36 294/41/36 298/42/36 
f 298/42/36 276/19/36 295/19/36 
f 267/11/36 289/43/36 292/18/36 
f 292/18/36 275/18/36 267/11/36 
f 291/23/1 290/31/1 299/44/1 
f 299/44/1 282/23/1 291/23/1 
f 269/14/1 293/45/1 296/22/1 
f 296/22/1 281/22/1 269/14/1 
s 4
f 281/33/8 276/3/8 275/14/8 
f 275/14/8 282/36/8 281/33/8 
f 278/18/6 273/46/6 272/15/6 
f 272/15/6 279/19/74 278/18/6 
s 8
f 279/21/76 272/15/76 284/16/76 
f 284/16/76 283/24/76 279/21/76 
f 273/17/77 278/18/77 286/20/77 
f 286/20/77 288/29/77 273/17/77 
f 282/23/78 275/14/78 292/18/78 
f 292/18/78 291/32/78 282/23/78 
f 276/19/79 281/33/79 296/22/79 
f 296/22/79 295/36/79 276/19/79 
s 4
f 285/47/80 263/5/81 266/8/82 
f 266/8/82 283/48/83 285/47/80 
f 289/49/66 259/1/66 262/4/66 
f 262/4/66 290/50/66 289/49/66 
f 286/51/84 261/3/85 260/2/86 
f 260/2/86 287/52/87 286/51/84 
f 293/53/88 265/7/88 264/6/88 
f 264/6/88 294/54/88 293/53/88 
s 2
f 263/2/36 285/40/36 268/12/36 
f 287/38/36 260/9/36 297/39/36 
f 259/10/36 289/43/36 267/11/36 
f 294/41/36 264/1/36 298/42/36 
f 265/7/1 293/45/1 269/14/1 
f 290/31/1 262/3/1 299/44/1 
s 1
f 300/1/3 301/2/3 302/3/3 
f 302/3/3 303/4/3 300/1/3 
f 304/5/70 305/6/70 306/7/70 
f 306/7/70 307/8/70 304/5/70 
s 2
f 301/9/36 300/10/36 308/11/36 
f 305/1/36 304/2/36 309/12/36 
f 307/13/1 306/7/1 310/14/1 
f 303/3/1 302/3/1 311/15/1 
s 4
f 312/12/71 313/16/6 314/17/6 
f 315/11/72 316/18/8 317/19/8 
f 318/15/73 319/20/6 320/21/74 
f 321/14/75 322/22/8 323/23/8 
s 1
f 324/24/6 325/25/6 326/26/6 
f 327/27/6 328/28/6 329/29/6 
f 330/30/8 331/31/8 332/32/8 
f 332/32/8 333/33/8 330/30/8 
f 334/34/8 335/35/8 336/36/8 
f 336/36/8 337/37/8 334/34/8 
s 2
f 329/17/36 328/38/36 338/39/36 
f 338/39/36 314/17/36 329/17/36 
f 309/12/36 326/40/36 325/16/36 
f 325/16/36 313/16/36 309/12/36 
f 336/19/36 335/41/36 339/42/36 
f 339/42/36 317/19/36 336/19/36 
f 308/11/36 330/43/36 333/18/36 
f 333/18/36 316/18/36 308/11/36 
f 332/23/1 331/31/1 340/44/1 
f 340/44/1 323/23/1 332/23/1 
f 310/14/1 334/45/1 337/22/1 
f 337/22/1 322/22/1 310/14/1 
s 4
f 322/33/8 317/3/8 316/14/8 
f 316/14/8 323/36/8 322/33/8 
f 319/18/6 314/46/6 313/15/6 
f 313/15/6 320/19/74 319/18/6 
s 8
f 320/21/76 313/15/76 325/16/76 
f 325/16/76 324/24/76 320/21/76 
f 314/17/77 319/18/77 327/20/77 
f 327/20/77 329/29/77 314/17/77 
f 323/23/78 316/14/78 333/18/78 
f 333/18/78 332/32/78 323/23/78 
f 317/19/79 322/33/79 337/22/79 
f 337/22/79 336/36/79 317/19/79 
s 4
f 326/47/89 304/5/81 307/8/90 
f 307/8/90 324/48/83 326/47/89 
f 330/49/66 300/1/66 303/4/66 
f 303/4/66 331/50/66 330/49/66 
f 327/51/84 302/3/85 301/2/91 
f 301/2/91 328/52/92 327/51/84 
f 334/53/88 306/7/88 305/6/88 
f 305/6/88 335/54/88 334/53/88 
s 2
f 304/2/36 326/40/36 309/12/36 
f 328/38/36 301/9/36 338/39/36 
f 300/10/36 330/43/36 308/11/36 
f 335/41/36 305/1/36 339/42/36 
f 306/7/1 334/45/1 310/14/1 
f 331/31/1 303/3/1 340/44/1 
s 1
f 341/1/3 342/2/3 343/3/3 
f 343/3/3 344/4/3 341/1/3 
f 345/5/70 346/6/70 347/7/70 
f 347/7/70 348/8/70 345/5/70 
s 2
f 342/9/36 341/10/36 349/11/36 
f 346/1/36 345/2/36 350/12/36 
f 348/13/1 347/7/1 351/14/1 
f 344/3/1 343/3/1 352/15/1 
s 4
f 353/12/71 354/16/6 355/17/6 
f 356/11/72 357/18/8 358/19/8 
f 359/15/73 360/20/6 361/21/74 
f 362/14/75 363/22/8 364/23/8 
s 1
f 365/24/6 366/25/6 367/26/6 
f 368/27/6 369/28/6 370/29/6 
f 371/30/8 372/31/8 373/32/8 
f 373/32/8 374/33/8 371/30/8 
f 375/34/8 376/35/8 377/36/8 
f 377/36/8 378/37/8 375/34/8 
s 2
f 370/17/36 369/38/36 379/39/36 
f 379/39/36 355/17/36 370/17/36 
f 350/12/36 367/40/36 366/16/36 
f 366/16/36 354/16/36 350/12/36 
f 377/19/36 376/41/36 380/42/36 
f 380/42/36 358/19/36 377/19/36 
f 349/11/36 371/43/36 374/18/36 
f 374/18/36 357/18/36 349/11/36 
f 373/23/1 372/31/1 381/44/1 
f 381/44/1 364/23/1 373/23/1 
f 351/14/1 375/45/1 378/22/1 
f 378/22/1 363/22/1 351/14/1 
s 4
f 363/33/8 358/3/8 357/14/8 
f 357/14/8 364/36/8 363/33/8 
f 360/18/6 355/46/6 354/15/6 
f 354/15/6 361/19/74 360/18/6 
s 8
f 361/21/76 354/15/76 366/16/76 
f 366/16/76 365/24/76 361/21/76 
f 355/17/77 360/18/77 368/20/77 
f 368/20/77 370/29/77 355/17/77 
f 364/23/78 357/14/78 374/18/78 
f 374/18/78 373/32/78 364/23/78 
f 358/19/79 363/33/79 378/22/79 
f 378/22/79 377/36/79 358/19/79 
s 4
f 367/47/80 345/5/81 348/8/90 
f 348/8/90 365/48/83 367/47/80 
f 371/49/66 341/1/66 344/4/66 
f 344/4/66 372/50/66 371/49/66 
f 368/51/93 343/3/85 342/2/86 
f 342/2/86 369/52/87 368/51/93 
f 375/53/88 347/7/88 346/6/88 
f 346/6/88 376/54/88 375/53/88 
s 2
f 345/2/36 367/40/36 350/12/36 
f 369/38/36 342/9/36 379/39/36 
f 341/10/36 371/43/36 349/11/36 
f 376/41/36 346/1/36 380/42/36 
f 347/7/1 375/45/1 351/14/1 
f 372/31/1 344/3/1 381/44/1 
f 368/20/1 360/20/1 352/15/1 
f 343/3/1 368/20/1 352/15/1 
s 4
f 280/14/75 282/23/8 299/44/66 
s 2
f 269/14/1 283/21/1 266/13/1 
f 327/20/1 319/20/1 311/15/1 
f 302/3/1 327/20/1 311/15/1 
f 351/14/1 365/21/1 348/13/1 
s 4
f 359/15/73 361/21/74 365/21/83 
s 2
f 310/14/1 324/21/1 307/13/1 
s 4
f 318/15/73 320/21/74 324/21/83 
s 2
f 268/12/36 298/42/36 264/1/36 
s 4
f 271/12/71 273/17/6 297/39/94 
s 2
f 309/12/36 339/42/36 305/1/36 
s 4
f 312/12/71 314/17/6 338/39/94 
f 353/12/71 355/17/6 379/39/94 
f 356/11/72 358/19/8 380/42/59 
f 362/14/75 364/23/8 381/44/66 
f 362/14/75 359/15/73 365/21/83 
f 321/14/75 323/23/8 340/44/66 
f 321/14/75 318/15/73 324/21/83 
s 2
f 267/11/36 297/39/36 260/9/36 
s 4
f 274/11/72 271/12/71 297/39/94 
s 2
f 308/11/36 338/39/36 301/9/36 
s 4
f 315/11/72 312/12/71 338/39/94 
f 277/15/73 382/44/66 299/44/66 
s 2
f 270/15/1 299/44/1 262/3/1 
f 349/11/36 379/39/36 342/9/36 
s 4
f 356/11/72 353/12/71 379/39/94 
s 2
f 350/12/36 380/42/36 346/1/36 
s 4
f 353/12/71 383/42/59 380/42/59 
s 2
f 352/15/1 381/44/1 344/3/1 
s 4
f 359/15/73 384/44/66 381/44/66 
s 2
f 311/15/1 340/44/1 303/3/1 
s 4
f 318/15/73 385/44/66 340/44/66 
f 271/12/71 386/42/59 298/42/59 
f 274/11/72 276/19/8 298/42/59 
f 312/12/71 387/42/59 339/42/59 
f 315/11/72 317/19/8 339/42/59 
s 2
f 286/20/1 278/20/1 270/15/1 
f 261/3/1 286/20/1 270/15/1 
s 4
f 277/15/73 279/21/74 283/21/83 
f 280/14/75 277/15/73 283/21/83 
f 297/39/94 267/11/66 274/11/72 
f 274/11/72 267/11/66 275/18/8 
f 271/12/71 268/12/69 272/16/6 
f 298/42/59 268/12/69 271/12/71 
f 315/11/72 308/11/66 316/18/8 
f 338/39/94 308/11/66 315/11/72 
f 356/11/72 349/11/66 357/18/8 
f 379/39/94 349/11/66 356/11/72 
f 380/42/59 350/12/69 353/12/71 
f 353/12/71 350/12/69 354/16/6 
f 312/12/71 309/12/69 313/16/6 
f 339/42/59 309/12/69 312/12/71 
f 362/14/75 351/14/95 363/22/8 
f 365/21/83 351/14/95 362/14/75 
f 359/15/73 352/15/67 360/20/6 
f 381/44/66 352/15/67 359/15/73 
f 321/14/75 310/14/96 322/22/8 
f 324/21/83 310/14/96 321/14/75 
f 280/14/75 269/14/96 281/22/8 
f 283/21/83 269/14/96 280/14/75 
f 340/44/66 311/15/67 318/15/73 
f 318/15/73 311/15/67 319/20/6 
f 277/15/73 270/15/67 278/20/6 
f 299/44/66 270/15/67 277/15/73 
s 1
f 274/11/36 386/42/36 271/12/36 
s 4
f 298/42/59 386/42/59 274/11/72 
f 340/44/66 385/44/66 321/14/75 
s 1
f 321/14/1 385/44/1 318/15/1 
s 4
f 381/44/66 384/44/66 362/14/75 
s 1
f 362/14/1 384/44/1 359/15/1 
s 4
f 299/44/66 382/44/66 280/14/75 
s 1
f 280/14/1 382/44/1 277/15/1 
f 356/11/36 383/42/36 353/12/36 
s 4
f 380/42/59 383/42/59 356/11/72 
s 1
f 315/11/36 387/42/36 312/12/36 
s 4
f 339/42/59 387/42/59 315/11/72 
s 1
f 388/1/3 389/2/3 390/3/3 
f 390/3/3 391/4/3 388/1/3 
f 392/5/70 393/6/70 394/7/70 
f 394/7/70 395/8/70 392/5/70 
s 2
f 389/9/36 388/10/36 396/11/36 
f 393/1/36 392/2/36 397/12/36 
f 395/13/1 394/7/1 398/14/1 
f 391/3/1 390/3/1 399/15/1 
s 4
f 400/12/71 401/16/6 402/17/6 
f 403/11/72 404/18/8 405/19/8 
f 406/15/73 407/20/6 408/21/74 
f 409/14/75 410/22/8 411/23/8 
s 1
f 412/24/6 413/25/6 414/26/6 
f 415/27/6 416/28/6 417/29/6 
f 418/30/8 419/31/8 420/32/8 
f 420/32/8 421/33/8 418/30/8 
f 422/34/8 423/35/8 424/36/8 
f 424/36/8 425/37/8 422/34/8 
s 2
f 417/17/36 416/38/36 426/39/36 
f 426/39/36 402/17/36 417/17/36 
f 397/12/36 414/40/36 413/16/36 
f 413/16/36 401/16/36 397/12/36 
f 424/19/36 423/41/36 427/42/36 
f 427/42/36 405/19/36 424/19/36 
f 396/11/36 418/43/36 421/18/36 
f 421/18/36 404/18/36 396/11/36 
f 420/23/1 419/31/1 428/44/1 
f 428/44/1 411/23/1 420/23/1 
f 398/14/1 422/45/1 425/22/1 
f 425/22/1 410/22/1 398/14/1 
s 4
f 410/33/8 405/3/8 404/14/8 
f 404/14/8 411/36/8 410/33/8 
f 407/18/6 402/46/6 401/15/6 
f 401/15/6 408/19/74 407/18/6 
s 8
f 408/21/76 401/15/76 413/16/76 
f 413/16/76 412/24/76 408/21/76 
f 402/17/77 407/18/77 415/20/77 
f 415/20/77 417/29/77 402/17/77 
f 411/23/78 404/14/78 421/18/78 
f 421/18/78 420/32/78 411/23/78 
f 405/19/79 410/33/79 425/22/79 
f 425/22/79 424/36/79 405/19/79 
s 4
f 414/47/80 392/5/81 395/8/82 
f 395/8/82 412/48/83 414/47/80 
f 418/49/66 388/1/66 391/4/66 
f 391/4/66 419/50/66 418/49/66 
f 415/51/84 390/3/85 389/2/86 
f 389/2/86 416/52/87 415/51/84 
f 422/53/88 394/7/88 393/6/88 
f 393/6/88 423/54/88 422/53/88 
s 2
f 392/2/36 414/40/36 397/12/36 
f 416/38/36 389/9/36 426/39/36 
f 388/10/36 418/43/36 396/11/36 
f 423/41/36 393/1/36 427/42/36 
f 394/7/1 422/45/1 398/14/1 
f 419/31/1 391/3/1 428/44/1 
s 1
f 429/1/3 430/2/3 431/3/3 
f 431/3/3 432/4/3 429/1/3 
f 433/5/70 434/6/70 435/7/70 
f 435/7/70 436/8/70 433/5/70 
s 2
f 430/9/36 429/10/36 437/11/36 
f 434/1/36 433/2/36 438/12/36 
f 436/13/1 435/7/1 439/14/1 
f 432/3/1 431/3/1 440/15/1 
s 4
f 441/12/71 442/16/6 443/17/6 
f 444/11/72 445/18/8 446/19/8 
f 447/15/73 448/20/6 449/21/74 
f 450/14/75 451/22/8 452/23/8 
s 1
f 453/24/6 454/25/6 455/26/6 
f 456/27/6 457/28/6 458/29/6 
f 459/30/8 460/31/8 461/32/8 
f 461/32/8 462/33/8 459/30/8 
f 463/34/8 464/35/8 465/36/8 
f 465/36/8 466/37/8 463/34/8 
s 2
f 458/17/36 457/38/36 467/39/36 
f 467/39/36 443/17/36 458/17/36 
f 438/12/36 455/40/36 454/16/36 
f 454/16/36 442/16/36 438/12/36 
f 465/19/36 464/41/36 468/42/36 
f 468/42/36 446/19/36 465/19/36 
f 437/11/36 459/43/36 462/18/36 
f 462/18/36 445/18/36 437/11/36 
f 461/23/1 460/31/1 469/44/1 
f 469/44/1 452/23/1 461/23/1 
f 439/14/1 463/45/1 466/22/1 
f 466/22/1 451/22/1 439/14/1 
s 4
f 451/33/8 446/3/8 445/14/8 
f 445/14/8 452/36/8 451/33/8 
f 448/18/6 443/46/6 442/15/6 
f 442/15/6 449/19/74 448/18/6 
s 8
f 449/21/76 442/15/76 454/16/76 
f 454/16/76 453/24/76 449/21/76 
f 443/17/77 448/18/77 456/20/77 
f 456/20/77 458/29/77 443/17/77 
f 452/23/78 445/14/78 462/18/78 
f 462/18/78 461/32/78 452/23/78 
f 446/19/79 451/33/79 466/22/79 
f 466/22/79 465/36/79 446/19/79 
s 4
f 455/47/89 433/5/81 436/8/90 
f 436/8/90 453/48/83 455/47/89 
f 459/49/66 429/1/66 432/4/66 
f 432/4/66 460/50/66 459/49/66 
f 456/51/84 431/3/85 430/2/91 
f 430/2/91 457/52/92 456/51/84 
f 463/53/88 435/7/88 434/6/88 
f 434/6/88 464/54/88 463/53/88 
s 2
f 433/2/36 455/40/36 438/12/36 
f 457/38/36 430/9/36 467/39/36 
f 429/10/36 459/43/36 437/11/36 
f 464/41/36 434/1/36 468/42/36 
f 435/7/1 463/45/1 439/14/1 
f 460/31/1 432/3/1 469/44/1 
s 1
f 470/1/3 471/2/3 472/3/3 
f 472/3/3 473/4/3 470/1/3 
f 474/5/70 475/6/70 476/7/70 
f 476/7/70 477/8/70 474/5/70 
s 2
f 471/9/36 470/10/36 478/11/36 
f 475/1/36 474/2/36 479/12/36 
f 477/13/1 476/7/1 480/14/1 
f 473/3/1 472/3/1 481/15/1 
s 4
f 482/12/71 483/16/6 484/17/6 
f 485/11/72 486/18/8 487/19/8 
f 488/15/73 489/20/6 490/21/74 
f 491/14/75 492/22/8 493/23/8 
s 1
f 494/24/6 495/25/6 496/26/6 
f 497/27/6 498/28/6 499/29/6 
f 500/30/8 501/31/8 502/32/8 
f 502/32/8 503/33/8 500/30/8 
f 504/34/8 505/35/8 506/36/8 
f 506/36/8 507/37/8 504/34/8 
s 2
f 499/17/36 498/38/36 508/39/36 
f 508/39/36 484/17/36 499/17/36 
f 479/12/36 496/40/36 495/16/36 
f 495/16/36 483/16/36 479/12/36 
f 506/19/36 505/41/36 509/42/36 
f 509/42/36 487/19/36 506/19/36 
f 478/11/36 500/43/36 503/18/36 
f 503/18/36 486/18/36 478/11/36 
f 502/23/1 501/31/1 510/44/1 
f 510/44/1 493/23/1 502/23/1 
f 480/14/1 504/45/1 507/22/1 
f 507/22/1 492/22/1 480/14/1 
s 4
f 492/33/8 487/3/8 486/14/8 
f 486/14/8 493/36/8 492/33/8 
f 489/18/6 484/46/6 483/15/6 
f 483/15/6 490/19/74 489/18/6 
s 8
f 490/21/76 483/15/76 495/16/76 
f 495/16/76 494/24/76 490/21/76 
f 484/17/77 489/18/77 497/20/77 
f 497/20/77 499/29/77 484/17/77 
f 493/23/78 486/14/78 503/18/78 
f 503/18/78 502/32/78 493/23/78 
f 487/19/79 492/33/79 507/22/79 
f 507/22/79 506/36/79 487/19/79 
s 4
f 496/47/80 474/5/81 477/8/90 
f 477/8/90 494/48/83 496/47/80 
f 500/49/66 470/1/66 473/4/66 
f 473/4/66 501/50/66 500/49/66 
f 497/51/93 472/3/85 471/2/86 
f 471/2/86 498/52/87 497/51/93 
f 504/53/88 476/7/88 475/6/88 
f 475/6/88 505/54/88 504/53/88 
s 2
f 474/2/36 496/40/36 479/12/36 
f 498/38/36 471/9/36 508/39/36 
f 470/10/36 500/43/36 478/11/36 
f 505/41/36 475/1/36 509/42/36 
f 476/7/1 504/45/1 480/14/1 
f 501/31/1 473/3/1 510/44/1 
f 497/20/1 489/20/1 481/15/1 
f 472/3/1 497/20/1 481/15/1 
s 4
f 409/14/75 411/23/8 428/44/66 
s 2
f 398/14/1 412/21/1 395/13/1 
f 456/20/1 448/20/1 440/15/1 
f 431/3/1 456/20/1 440/15/1 
f 480/14/1 494/21/1 477/13/1 
s 4
f 488/15/73 490/21/74 494/21/83 
s 2
f 439/14/1 453/21/1 436/13/1 
s 4
f 447/15/73 449/21/74 453/21/83 
s 2
f 397/12/36 427/42/36 393/1/36 
s 4
f 400/12/71 402/17/6 426/39/94 
s 2
f 438/12/36 468/42/36 434/1/36 
s 4
f 441/12/71 443/17/6 467/39/94 
f 482/12/71 484/17/6 508/39/94 
f 485/11/72 487/19/8 509/42/59 
f 491/14/75 493/23/8 510/44/66 
f 491/14/75 488/15/73 494/21/83 
f 450/14/75 452/23/8 469/44/66 
f 450/14/75 447/15/73 453/21/83 
s 2
f 396/11/36 426/39/36 389/9/36 
s 4
f 403/11/72 400/12/71 426/39/94 
s 2
f 437/11/36 467/39/36 430/9/36 
s 4
f 444/11/72 441/12/71 467/39/94 
f 406/15/73 511/44/66 428/44/66 
s 2
f 399/15/1 428/44/1 391/3/1 
f 478/11/36 508/39/36 471/9/36 
s 4
f 485/11/72 482/12/71 508/39/94 
s 2
f 479/12/36 509/42/36 475/1/36 
s 4
f 482/12/71 512/42/59 509/42/59 
s 2
f 481/15/1 510/44/1 473/3/1 
s 4
f 488/15/73 513/44/66 510/44/66 
s 2
f 440/15/1 469/44/1 432/3/1 
s 4
f 447/15/73 514/44/66 469/44/66 
f 400/12/71 515/42/59 427/42/59 
f 403/11/72 405/19/8 427/42/59 
f 441/12/71 516/42/59 468/42/59 
f 444/11/72 446/19/8 468/42/59 
s 2
f 415/20/1 407/20/1 399/15/1 
f 390/3/1 415/20/1 399/15/1 
s 4
f 406/15/73 408/21/74 412/21/83 
f 409/14/75 406/15/73 412/21/83 
f 426/39/94 396/11/66 403/11/72 
f 403/11/72 396/11/66 404/18/8 
f 400/12/71 397/12/69 401/16/6 
f 427/42/59 397/12/69 400/12/71 
f 444/11/72 437/11/66 445/18/8 
f 467/39/94 437/11/66 444/11/72 
f 485/11/72 478/11/66 486/18/8 
f 508/39/94 478/11/66 485/11/72 
f 509/42/59 479/12/69 482/12/71 
f 482/12/71 479/12/69 483/16/6 
f 441/12/71 438/12/69 442/16/6 
f 468/42/59 438/12/69 441/12/71 
f 491/14/75 480/14/95 492/22/8 
f 494/21/83 480/14/95 491/14/75 
f 488/15/73 481/15/67 489/20/6 
f 510/44/66 481/15/67 488/15/73 
f 450/14/75 439/14/96 451/22/8 
f 453/21/83 439/14/96 450/14/75 
f 409/14/75 398/14/96 410/22/8 
f 412/21/83 398/14/96 409/14/75 
f 469/44/66 440/15/67 447/15/73 
f 447/15/73 440/15/67 448/20/6 
f 406/15/73 399/15/67 407/20/6 
f 428/44/66 399/15/67 406/15/73 
s 1
f 403/11/36 515/42/36 400/12/36 
s 4
f 427/42/59 515/42/59 403/11/72 
f 469/44/66 514/44/66 450/14/75 
s 1
f 450/14/1 514/44/1 447/15/1 
s 4
f 510/44/66 513/44/66 491/14/75 
s 1
f 491/14/1 513/44/1 488/15/1 
s 4
f 428/44/66 511/44/66 409/14/75 
s 1
f 409/14/1 511/44/1 406/15/1 
f 485/11/36 512/42/36 482/12/36 
s 4
f 509/42/59 512/42/59 485/11/72 
s 1
f 444/11/36 516/42/36 441/12/36 
s 4
f 468/42/59 516/42/59 444/11/72 
s 1
f 517/1/1 518/2/1 519/3/1 
f 519/3/1 520/4/1 517/1/1 
f 521/5/2 522/6/2 523/7/2 
f 523/7/2 524/8/2 521/5/2 
s 2
f 518/9/3 517/10/3 525/11/3 
f 522/1/3 521/2/3 526/12/3 
f 524/13/4 523/7/4 527/14/4 
f 520/3/4 519/3/4 528/15/4 
s 4
f 529/12/5 530/16/6 531/17/6 
f 532/11/7 533/18/8 534/19/8 
f 535/15/9 536/20/6 537/21/10 
f 538/14/11 539/22/8 540/23/8 
s 1
f 541/24/6 542/25/6 543/26/6 
f 544/27/6 545/28/6 546/29/6 
f 547/30/8 548/31/8 549/32/8 
f 549/32/8 550/33/8 547/30/8 
f 551/34/8 552/35/8 553/36/8 
f 553/36/8 554/37/8 551/34/8 
s 2
f 546/17/3 545/38/3 555/39/3 
f 555/39/3 531/17/3 546/17/3 
f 526/12/3 543/40/3 542/16/3 
f 542/16/3 530/16/3 526/12/3 
f 553/19/3 552/41/3 556/42/3 
f 556/42/3 534/19/3 553/19/3 
f 525/11/3 547/43/3 550/18/3 
f 550/18/3 533/18/3 525/11/3 
f 549/23/4 548/31/4 557/44/4 
f 557/44/4 540/23/4 549/23/4 
f 527/14/4 551/45/4 554/22/4 
f 554/22/4 539/22/4 527/14/4 
s 4
f 539/33/8 534/3/8 533/14/8 
f 533/14/8 540/36/8 539/33/8 
f 536/18/6 531/46/6 530/15/6 
f 530/15/6 537/19/10 536/18/6 
s 8
f 537/21/12 530/15/12 542/16/12 
f 542/16/12 541/24/12 537/21/12 
f 531/17/13 536/18/13 544/20/13 
f 544/20/13 546/29/13 531/17/13 
f 540/23/14 533/14/14 550/18/14 
f 550/18/14 549/32/14 540/23/14 
f 534/19/15 539/33/15 554/22/15 
f 554/22/15 553/36/15 534/19/15 
s 4
f 543/47/16 521/5/17 524/8/18 
f 524/8/18 541/48/19 543/47/16 
f 547/49/20 517/1/20 520/4/20 
f 520/4/20 548/50/20 547/49/20 
f 544/51/21 519/3/22 518/2/23 
f 518/2/23 545/52/24 544/51/21 
f 551/53/25 523/7/25 522/6/25 
f 522/6/25 552/54/25 551/53/25 
s 2
f 521/2/3 543/40/3 526/12/3 
f 545/38/3 518/9/3 555/39/3 
f 517/10/3 547/43/3 525/11/3 
f 552/41/3 522/1/3 556/42/3 
f 523/7/4 551/45/4 527/14/4 
f 548/31/4 520/3/4 557/44/4 
s 1
f 558/1/1 559/2/1 560/3/1 
f 560/3/1 561/4/1 558/1/1 
f 562/5/2 563/6/2 564/7/2 
f 564/7/2 565/8/2 562/5/2 
s 2
f 559/9/3 558/10/3 566/11/3 
f 563/1/3 562/2/3 567/12/3 
f 565/13/4 564/7/4 568/14/4 
f 561/3/4 560/3/4 569/15/4 
s 4
f 570/12/5 571/16/6 572/17/6 
f 573/11/7 574/18/8 575/19/8 
f 576/15/9 577/20/6 578/21/10 
f 579/14/11 580/22/8 581/23/8 
s 1
f 582/24/6 583/25/6 584/26/6 
f 585/27/6 586/28/6 587/29/6 
f 588/30/8 589/31/8 590/32/8 
f 590/32/8 591/33/8 588/30/8 
f 592/34/8 593/35/8 594/36/8 
f 594/36/8 595/37/8 592/34/8 
s 2
f 587/17/3 586/38/3 596/39/3 
f 596/39/3 572/17/3 587/17/3 
f 567/12/3 584/40/3 583/16/3 
f 583/16/3 571/16/3 567/12/3 
f 594/19/3 593/41/3 597/42/3 
f 597/42/3 575/19/3 594/19/3 
f 566/11/3 588/43/3 591/18/3 
f 591/18/3 574/18/3 566/11/3 
f 590/23/4 589/31/4 598/44/4 
f 598/44/4 581/23/4 590/23/4 
f 568/14/4 592/45/4 595/22/4 
f 595/22/4 580/22/4 568/14/4 
s 4
f 580/33/8 575/3/8 574/14/8 
f 574/14/8 581/36/8 580/33/8 
f 577/18/6 572/46/6 571/15/6 
f 571/15/6 578/19/10 577/18/6 
s 8
f 578/21/12 571/15/12 583/16/12 
f 583/16/12 582/24/12 578/21/12 
f 572/17/13 577/18/13 585/20/13 
f 585/20/13 587/29/13 572/17/13 
f 581/23/14 574/14/14 591/18/14 
f 591/18/14 590/32/14 581/23/14 
f 575/19/15 580/33/15 595/22/15 
f 595/22/15 594/36/15 575/19/15 
s 4
f 584/47/26 562/5/17 565/8/27 
f 565/8/27 582/48/19 584/47/26 
f 588/49/20 558/1/20 561/4/20 
f 561/4/20 589/50/20 588/49/20 
f 585/51/28 560/3/22 559/2/29 
f 559/2/29 586/52/30 585/51/28 
f 592/53/25 564/7/25 563/6/25 
f 563/6/25 593/54/25 592/53/25 
s 2
f 562/2/3 584/40/3 567/12/3 
f 586/38/3 559/9/3 596/39/3 
f 558/10/3 588/43/3 566/11/3 
f 593/41/3 563/1/3 597/42/3 
f 564/7/4 592/45/4 568/14/4 
f 589/31/4 561/3/4 598/44/4 
s 1
f 599/1/1 600/2/1 601/3/1 
f 601/3/1 602/4/1 599/1/1 
f 603/5/2 604/6/2 605/7/2 
f 605/7/2 606/8/2 603/5/2 
s 2
f 600/9/3 599/10/3 607/11/3 
f 604/1/3 603/2/3 608/12/3 
f 606/13/4 605/7/4 609/14/4 
f 602/3/4 601/3/4 610/15/4 
s 4
f 611/12/5 612/16/6 613/17/6 
f 614/11/7 615/18/8 616/19/8 
f 617/15/9 618/20/6 619/21/10 
f 620/14/11 621/22/8 622/23/8 
s 1
f 623/24/6 624/25/6 625/26/6 
f 626/27/6 627/28/6 628/29/6 
f 629/30/8 630/31/8 631/32/8 
f 631/32/8 632/33/8 629/30/8 
f 633/34/8 634/35/8 635/36/8 
f 635/36/8 636/37/8 633/34/8 
s 2
f 628/17/3 627/38/3 637/39/3 
f 637/39/3 613/17/3 628/17/3 
f 608/12/3 625/40/3 624/16/3 
f 624/16/3 612/16/3 608/12/3 
f 635/19/3 634/41/3 638/42/3 
f 638/42/3 616/19/3 635/19/3 
f 607/11/3 629/43/3 632/18/3 
f 632/18/3 615/18/3 607/11/3 
f 631/23/4 630/31/4 639/44/4 
f 639/44/4 622/23/4 631/23/4 
f 609/14/4 633/45/4 636/22/4 
f 636/22/4 621/22/4 609/14/4 
s 4
f 621/33/8 616/3/8 615/14/8 
f 615/14/8 622/36/8 621/33/8 
f 618/18/6 613/46/6 612/15/6 
f 612/15/6 619/19/10 618/18/6 
s 8
f 619/21/12 612/15/12 624/16/12 
f 624/16/12 623/24/12 619/21/12 
f 613/17/13 618/18/13 626/20/13 
f 626/20/13 628/29/13 613/17/13 
f 622/23/14 615/14/14 632/18/14 
f 632/18/14 631/32/14 622/23/14 
f 616/19/15 621/33/15 636/22/15 
f 636/22/15 635/36/15 616/19/15 
s 4
f 625/47/16 603/5/17 606/8/27 
f 606/8/27 623/48/19 625/47/16 
f 629/49/20 599/1/20 602/4/20 
f 602/4/20 630/50/20 629/49/20 
f 626/51/31 601/3/22 600/2/23 
f 600/2/23 627/52/24 626/51/31 
f 633/53/25 605/7/25 604/6/25 
f 604/6/25 634/54/25 633/53/25 
s 2
f 603/2/3 625/40/3 608/12/3 
f 627/38/3 600/9/3 637/39/3 
f 599/10/3 629/43/3 607/11/3 
f 634/41/3 604/1/3 638/42/3 
f 605/7/4 633/45/4 609/14/4 
f 630/31/4 602/3/4 639/44/4 
f 626/20/4 618/20/4 610/15/4 
f 601/3/4 626/20/4 610/15/4 
s 4
f 538/14/11 540/23/8 557/44/20 
s 2
f 527/14/4 541/21/4 524/13/4 
f 585/20/4 577/20/4 569/15/4 
f 560/3/4 585/20/4 569/15/4 
f 609/14/4 623/21/4 606/13/4 
s 4
f 617/15/9 619/21/10 623/21/19 
s 2
f 568/14/4 582/21/4 565/13/4 
s 4
f 576/15/9 578/21/10 582/21/19 
s 2
f 526/12/3 556/42/3 522/1/3 
s 4
f 529/12/5 531/17/6 555/39/32 
s 2
f 567/12/3 597/42/3 563/1/3 
s 4
f 570/12/5 572/17/6 596/39/32 
f 611/12/5 613/17/6 637/39/32 
f 614/11/7 616/19/8 638/42/25 
f 620/14/11 622/23/8 639/44/20 
f 620/14/11 617/15/9 623/21/19 
f 579/14/11 581/23/8 598/44/20 
f 579/14/11 576/15/9 582/21/19 
s 2
f 525/11/3 555/39/3 518/9/3 
s 4
f 532/11/7 529/12/5 555/39/32 
s 2
f 566/11/3 596/39/3 559/9/3 
s 4
f 573/11/7 570/12/5 596/39/32 
f 535/15/9 640/44/20 557/44/20 
s 2
f 528/15/4 557/44/4 520/3/4 
f 607/11/3 637/39/3 600/9/3 
s 4
f 614/11/7 611/12/5 637/39/32 
s 2
f 608/12/3 638/42/3 604/1/3 
s 4
f 611/12/5 641/42/25 638/42/25 
s 2
f 610/15/4 639/44/4 602/3/4 
s 4
f 617/15/9 642/44/20 639/44/20 
s 2
f 569/15/4 598/44/4 561/3/4 
s 4
f 576/15/9 643/44/20 598/44/20 
f 529/12/5 644/42/25 556/42/25 
f 532/11/7 534/19/8 556/42/25 
f 570/12/5 645/42/25 597/42/25 
f 573/11/7 575/19/8 597/42/25 
s 2
f 544/20/4 536/20/4 528/15/4 
f 519/3/4 544/20/4 528/15/4 
s 4
f 535/15/9 537/21/10 541/21/19 
f 538/14/11 535/15/9 541/21/19 
f 555/39/32 525/11/20 532/11/7 
f 532/11/7 525/11/20 533/18/8 
f 529/12/5 526/12/17 530/16/6 
f 556/42/25 526/12/17 529/12/5 
f 573/11/7 566/11/20 574/18/8 
f 596/39/32 566/11/20 573/11/7 
f 614/11/7 607/11/20 615/18/8 
f 637/39/32 607/11/20 614/11/7 
f 638/42/25 608/12/17 611/12/5 
f 611/12/5 608/12/17 612/16/6 
f 570/12/5 567/12/17 571/16/6 
f 597/42/25 567/12/17 570/12/5 
f 620/14/11 609/14/33 621/22/8 
f 623/21/19 609/14/33 620/14/11 
f 617/15/9 610/15/34 618/20/6 
f 639/44/20 610/15/34 617/15/9 
f 579/14/11 568/14/33 580/22/8 
f 582/21/19 568/14/33 579/14/11 
f 538/14/11 527/14/33 539/22/8 
f 541/21/19 527/14/33 538/14/11 
f 598/44/20 569/15/34 576/15/9 
f 576/15/9 569/15/34 577/20/6 
f 535/15/9 528/15/34 536/20/6 
f 557/44/20 528/15/34 535/15/9 
s 1
f 532/11/3 644/42/3 529/12/3 
s 4
f 556/42/25 644/42/25 532/11/7 
f 598/44/20 643/44/20 579/14/11 
s 1
f 579/14/4 643/44/4 576/15/4 
s 4
f 639/44/20 642/44/20 620/14/11 
s 1
f 620/14/4 642/44/4 617/15/4 
s 4
f 557/44/20 640/44/20 538/14/11 
s 1
f 538/14/4 640/44/4 535/15/4 
f 614/11/3 641/42/3 611/12/3 
s 4
f 638/42/25 641/42/25 614/11/7 
s 1
f 573/11/3 645/42/3 570/12/3 
s 4
f 597/42/25 645/42/25 573/11/7 
s 1
f 646/1/4 647/2/4 648/3/4 
f 648/3/4 649/4/4 646/1/4 
f 650/5/35 651/6/35 652/7/35 
f 652/7/35 653/8/35 650/5/35 
s 2
f 647/9/1 646/10/1 654/11/1 
f 651/1/1 650/2/1 655/12/1 
f 653/13/36 652/7/36 656/14/36 
f 649/3/36 648/3/36 657/15/36 
s 4
f 658/12/37 659/16/6 660/17/6 
f 661/11/38 662/18/8 663/19/8 
f 664/15/39 665/20/6 666/21/40 
f 667/14/41 668/22/8 669/23/8 
s 1
f 670/24/6 671/25/6 672/26/6 
f 673/27/6 674/28/6 675/29/6 
f 676/30/8 677/31/8 678/32/8 
f 678/32/8 679/33/8 676/30/8 
f 680/34/8 681/35/8 682/36/8 
f 682/36/8 683/37/8 680/34/8 
s 2
f 675/17/1 674/38/1 684/39/1 
f 684/39/1 660/17/1 675/17/1 
f 655/12/1 672/40/1 671/16/1 
f 671/16/1 659/16/1 655/12/1 
f 682/19/1 681/41/1 685/42/1 
f 685/42/1 663/19/1 682/19/1 
f 654/11/1 676/43/1 679/18/1 
f 679/18/1 662/18/1 654/11/1 
f 678/23/36 677/31/36 686/44/36 
f 686/44/36 669/23/36 678/23/36 
f 656/14/36 680/45/36 683/22/36 
f 683/22/36 668/22/36 656/14/36 
s 4
f 668/33/8 663/3/8 662/14/8 
f 662/14/8 669/36/8 668/33/8 
f 665/18/6 660/46/6 659/15/6 
f 659/15/6 666/19/40 665/18/6 
s 8
f 666/21/42 659/15/42 671/16/42 
f 671/16/42 670/24/42 666/21/42 
f 660/17/43 665/18/43 673/20/43 
f 673/20/43 675/29/43 660/17/43 
f 669/23/44 662/14/44 679/18/44 
f 679/18/44 678/32/44 669/23/44 
f 663/19/45 668/33/45 683/22/45 
f 683/22/45 682/36/45 663/19/45 
s 4
f 672/47/46 650/5/47 653/8/48 
f 653/8/48 670/48/49 672/47/46 
f 676/49/50 646/1/50 649/4/50 
f 649/4/50 677/50/50 676/49/50 
f 673/51/51 648/3/52 647/2/53 
f 647/2/53 674/52/54 673/51/51 
f 680/53/55 652/7/55 651/6/55 
f 651/6/55 681/54/55 680/53/55 
s 2
f 650/2/1 672/40/1 655/12/1 
f 674/38/1 647/9/1 684/39/1 
f 646/10/1 676/43/1 654/11/1 
f 681/41/1 651/1/1 685/42/1 
f 652/7/36 680/45/36 656/14/36 
f 677/31/36 649/3/36 686/44/36 
s 1
f 687/1/4 688/2/4 689/3/4 
f 689/3/4 690/4/4 687/1/4 
f 691/5/56 692/6/35 693/7/56 
f 693/7/56 694/8/56 691/5/56 
s 2
f 688/9/1 687/10/1 695/11/1 
f 692/1/1 691/2/1 696/12/1 
f 694/13/36 693/7/36 697/14/36 
f 690/3/36 689/3/36 698/15/36 
s 4
f 699/12/37 700/16/6 701/17/6 
f 702/11/38 703/18/8 704/19/8 
f 705/15/39 706/20/6 707/21/40 
f 708/14/41 709/22/8 710/23/8 
s 1
f 711/24/6 712/25/6 713/26/6 
f 714/27/6 715/28/6 716/29/6 
f 717/30/8 718/31/8 719/32/8 
f 719/32/8 720/33/8 717/30/8 
f 721/34/8 722/35/8 723/36/8 
f 723/36/8 724/37/8 721/34/8 
s 2
f 716/17/1 715/38/1 725/39/1 
f 725/39/1 701/17/1 716/17/1 
f 696/12/1 713/40/1 712/16/1 
f 712/16/1 700/16/1 696/12/1 
f 723/19/1 722/41/1 726/42/1 
f 726/42/1 704/19/1 723/19/1 
f 695/11/1 717/43/1 720/18/1 
f 720/18/1 703/18/1 695/11/1 
f 719/23/36 718/31/36 727/44/36 
f 727/44/36 710/23/36 719/23/36 
f 697/14/36 721/45/36 724/22/36 
f 724/22/36 709/22/36 697/14/36 
s 4
f 709/33/8 704/3/8 703/14/8 
f 703/14/8 710/36/8 709/33/8 
f 706/18/6 701/46/6 700/15/6 
f 700/15/6 707/19/40 706/18/6 
s 8
f 707/21/42 700/15/42 712/16/42 
f 712/16/42 711/24/42 707/21/42 
f 701/17/43 706/18/43 714/20/43 
f 714/20/43 716/29/43 701/17/43 
f 710/23/44 703/14/44 720/18/44 
f 720/18/44 719/32/44 710/23/44 
f 704/19/45 709/33/45 724/22/45 
f 724/22/45 723/36/45 704/19/45 
s 4
f 713/47/57 691/5/47 694/8/58 
f 694/8/58 711/48/49 713/47/57 
f 717/49/59 687/1/59 690/4/59 
f 690/4/59 718/50/59 717/49/59 
f 714/51/60 689/3/52 688/2/61 
f 688/2/61 715/52/62 714/51/60 
f 721/53/63 693/7/63 692/6/55 
f 692/6/55 722/54/55 721/53/63 
s 2
f 691/2/1 713/40/1 696/12/1 
f 715/38/1 688/9/1 725/39/1 
f 687/10/1 717/43/1 695/11/1 
f 722/41/1 692/1/1 726/42/1 
f 693/7/36 721/45/36 697/14/36 
f 718/31/36 690/3/36 727/44/36 
s 1
f 728/1/4 729/2/4 730/3/4 
f 730/3/4 731/4/4 728/1/4 
f 732/5/35 733/6/35 734/7/35 
f 734/7/35 735/8/35 732/5/35 
s 2
f 729/9/1 728/10/1 736/11/1 
f 733/1/1 732/2/1 737/12/1 
f 735/13/36 734/7/36 738/14/36 
f 731/3/36 730/3/36 739/15/36 
s 4
f 740/12/37 741/16/6 742/17/6 
f 743/11/38 744/18/8 745/19/8 
f 746/15/39 747/20/6 748/21/40 
f 749/14/41 750/22/8 751/23/8 
s 1
f 752/24/6 753/25/6 754/26/6 
f 755/27/6 756/28/6 757/29/6 
f 758/30/8 759/31/8 760/32/8 
f 760/32/8 761/33/8 758/30/8 
f 762/34/8 763/35/8 764/36/8 
f 764/36/8 765/37/8 762/34/8 
s 2
f 757/17/1 756/38/1 766/39/1 
f 766/39/1 742/17/1 757/17/1 
f 737/12/1 754/40/1 753/16/1 
f 753/16/1 741/16/1 737/12/1 
f 764/19/1 763/41/1 767/42/1 
f 767/42/1 745/19/1 764/19/1 
f 736/11/1 758/43/1 761/18/1 
f 761/18/1 744/18/1 736/11/1 
f 760/23/36 759/31/36 768/44/36 
f 768/44/36 751/23/36 760/23/36 
f 738/14/36 762/45/36 765/22/36 
f 765/22/36 750/22/36 738/14/36 
s 4
f 750/33/8 745/3/8 744/14/8 
f 744/14/8 751/36/8 750/33/8 
f 747/18/6 742/46/6 741/15/6 
f 741/15/6 748/19/40 747/18/6 
s 8
f 748/21/42 741/15/42 753/16/42 
f 753/16/42 752/24/42 748/21/42 
f 742/17/43 747/18/43 755/20/43 
f 755/20/43 757/29/43 742/17/43 
f 751/23/44 744/14/44 761/18/44 
f 761/18/44 760/32/44 751/23/44 
f 745/19/45 750/33/45 765/22/45 
f 765/22/45 764/36/45 745/19/45 
s 4
f 754/47/46 732/5/47 735/8/58 
f 735/8/58 752/48/49 754/47/46 
f 758/49/59 728/1/59 731/4/59 
f 731/4/59 759/50/59 758/49/59 
f 755/51/64 730/3/52 729/2/53 
f 729/2/53 756/52/54 755/51/64 
f 762/53/55 734/7/55 733/6/55 
f 733/6/55 763/54/55 762/53/55 
s 2
f 732/2/1 754/40/1 737/12/1 
f 756/38/1 729/9/1 766/39/1 
f 728/10/1 758/43/1 736/11/1 
f 763/41/1 733/1/1 767/42/1 
f 734/7/36 762/45/36 738/14/36 
f 759/31/36 731/3/36 768/44/36 
f 755/20/36 747/20/36 739/15/36 
f 730/3/36 755/20/36 739/15/36 
s 4
f 667/14/41 669/23/8 686/44/59 
s 2
f 656/14/36 670/21/36 653/13/36 
f 714/20/36 706/20/36 698/15/36 
f 689/3/36 714/20/36 698/15/36 
f 738/14/36 752/21/36 735/13/36 
s 4
f 746/15/39 748/21/40 752/21/49 
s 2
f 697/14/36 711/21/36 694/13/36 
s 4
f 705/15/39 707/21/40 711/21/49 
s 2
f 655/12/1 685/42/1 651/1/1 
s 4
f 658/12/37 660/17/6 684/39/65 
s 2
f 696/12/1 726/42/1 692/1/1 
s 4
f 699/12/37 701/17/6 725/39/65 
f 740/12/37 742/17/6 766/39/65 
f 743/11/38 745/19/8 767/42/66 
f 749/14/41 751/23/8 768/44/59 
f 749/14/41 746/15/39 752/21/49 
f 708/14/41 710/23/8 727/44/59 
f 708/14/41 705/15/39 711/21/49 
s 2
f 654/11/1 684/39/1 647/9/1 
s 4
f 661/11/38 658/12/37 684/39/65 
s 2
f 695/11/1 725/39/1 688/9/1 
s 4
f 702/11/38 699/12/37 725/39/65 
f 664/15/39 769/44/59 686/44/59 
s 2
f 657/15/36 686/44/36 649/3/36 
f 736/11/1 766/39/1 729/9/1 
s 4
f 743/11/38 740/12/37 766/39/65 
s 2
f 737/12/1 767/42/1 733/1/1 
s 4
f 740/12/37 770/42/66 767/42/66 
s 2
f 739/15/36 768/44/36 731/3/36 
s 4
f 746/15/39 771/44/59 768/44/59 
s 2
f 698/15/36 727/44/36 690/3/36 
s 4
f 705/15/39 772/44/59 727/44/59 
f 658/12/37 773/42/66 685/42/66 
f 661/11/38 663/19/8 685/42/66 
f 699/12/37 774/42/66 726/42/66 
f 702/11/38 704/19/8 726/42/66 
s 2
f 673/20/36 665/20/36 657/15/36 
f 648/3/36 673/20/36 657/15/36 
s 4
f 664/15/39 666/21/40 670/21/49 
f 667/14/41 664/15/39 670/21/49 
f 684/39/65 654/11/59 661/11/38 
f 661/11/38 654/11/59 662/18/8 
f 658/12/37 655/12/67 659/16/6 
f 685/42/66 655/12/67 658/12/37 
f 702/11/38 695/11/59 703/18/8 
f 725/39/65 695/11/59 702/11/38 
f 743/11/38 736/11/59 744/18/8 
f 766/39/65 736/11/59 743/11/38 
f 767/42/66 737/12/67 740/12/37 
f 740/12/37 737/12/67 741/16/6 
f 699/12/37 696/12/67 700/16/6 
f 726/42/66 696/12/67 699/12/37 
f 749/14/41 738/14/68 750/22/8 
f 752/21/49 738/14/68 749/14/41 
f 746/15/39 739/15/69 747/20/6 
f 768/44/59 739/15/69 746/15/39 
f 708/14/41 697/14/68 709/22/8 
f 711/21/49 697/14/68 708/14/41 
f 667/14/41 656/14/68 668/22/8 
f 670/21/49 656/14/68 667/14/41 
f 727/44/59 698/15/69 705/15/39 
f 705/15/39 698/15/69 706/20/6 
f 664/15/39 657/15/69 665/20/6 
f 686/44/59 657/15/69 664/15/39 
s 1
f 661/11/1 773/42/1 658/12/1 
s 4
f 685/42/66 773/42/66 661/11/38 
f 727/44/59 772/44/59 708/14/41 
s 1
f 708/14/36 772/44/36 705/15/36 
s 4
f 768/44/59 771/44/59 749/14/41 
s 1
f 749/14/36 771/44/36 746/15/36 
s 4
f 686/44/59 769/44/59 667/14/41 
s 1
f 667/14/36 769/44/36 664/15/36 
f 743/11/1 770/42/1 740/12/1 
s 4
f 767/42/66 770/42/66 743/11/38 
s 1
f 702/11/1 774/42/1 699/12/1 
s 4
f 726/42/66 774/42/66 702/11/38 
s 5
f 775/55/97 776/56/98 777/57/98 
f 777/57/98 778/58/97 775/55/97 
f 779/59/99 780/60/100 781/61/100 
f 781/61/100 782/62/99 779/59/99 
f 783/63/101 784/64/102 785/65/102 
f 785/65/102 786/66/101 783/63/101 
s 2
f 787/67/6 788/67/6 789/68/6 
f 789/68/6 775/55/6 790/55/6 
s 4
f 790/55/103 775/55/97 778/58/97 
s 2
f 791/58/8 778/58/8 792/69/8 
f 792/69/8 793/70/8 794/71/8 
s 1
f 794/71/104 793/70/105 788/67/106 
s 2
f 795/56/6 776/56/6 796/72/6 
f 796/72/6 779/59/6 797/59/6 
s 4
f 797/59/107 779/59/99 782/62/99 
s 2
f 798/62/8 782/62/8 799/73/8 
f 799/73/8 777/57/8 800/57/8 
s 1
f 800/57/108 777/57/98 776/56/98 
s 2
f 801/60/6 780/60/6 802/74/6 
f 802/74/6 783/63/6 803/63/6 
s 4
f 803/63/109 783/63/101 786/66/101 
s 2
f 804/66/8 786/66/8 805/75/8 
f 805/75/8 781/61/8 806/61/8 
s 1
f 806/61/110 781/61/100 780/60/100 
s 2
f 807/64/6 784/64/6 808/76/6 
f 808/76/6 809/77/6 810/77/6 
s 4
f 810/77/111 809/77/111 811/78/111 
s 2
f 812/78/8 811/78/8 813/79/8 
f 813/79/8 785/65/8 814/65/8 
s 1
f 814/65/112 785/65/102 784/64/102 
s 5
f 815/55/113 816/58/114 817/57/115 
f 817/57/115 818/56/116 815/55/113 
f 819/59/117 820/62/117 821/61/118 
f 821/61/118 822/60/118 819/59/117 
f 823/63/119 824/66/120 825/65/121 
f 825/65/121 826/64/121 823/63/119 
s 1
f 827/78/36 811/78/36 809/77/36 
f 809/77/36 828/77/36 827/78/36 
s 2
f 829/68/6 830/67/6 831/67/6 
f 832/80/6 815/55/6 829/68/6 
s 4
f 816/58/114 815/55/113 832/80/122 
s 2
f 833/69/8 816/58/8 834/58/8 
f 835/70/8 836/70/8 833/69/8 
s 1
f 830/67/123 836/70/123 835/70/124 
s 2
f 837/72/6 818/56/6 838/56/6 
f 839/59/6 819/59/6 837/72/6 
s 4
f 820/62/117 819/59/117 839/59/125 
s 2
f 840/73/8 820/62/8 841/62/8 
f 842/81/8 817/57/8 840/73/8 
s 1
f 818/56/116 817/57/115 842/81/126 
s 2
f 843/74/6 822/60/6 844/60/6 
f 845/82/6 823/63/6 843/74/6 
s 4
f 824/66/120 823/63/119 845/82/127 
s 2
f 846/75/8 824/66/8 847/66/8 
f 848/61/8 821/61/8 846/75/8 
s 1
f 822/60/118 821/61/118 848/61/128 
s 2
f 849/76/6 826/64/6 850/64/6 
f 851/83/6 828/77/6 849/76/6 
s 4
f 827/78/129 828/77/130 851/83/131 
s 2
f 852/79/8 827/78/8 853/78/8 
f 854/65/8 825/65/8 852/79/8 
s 1
f 826/64/121 825/65/121 854/65/132 
s 4
f 793/70/1 836/70/1 830/67/1 
f 830/67/1 788/67/1 793/70/1 
s off
f 789/68/6 788/67/6 855/55/6 
f 793/70/8 792/69/8 856/58/8 
f 775/55/6 789/68/6 855/55/6 
f 792/69/8 778/58/8 856/58/8 
f 796/72/6 776/56/6 857/56/6 
f 777/57/8 799/73/8 858/66/8 
f 779/59/6 796/72/6 857/56/6 
f 799/73/8 782/62/8 858/66/8 
f 802/74/6 780/60/6 857/56/6 
f 781/61/8 805/75/8 858/66/8 
f 783/63/6 802/74/6 857/56/6 
f 805/75/8 786/66/8 858/66/8 
f 808/76/6 784/64/6 859/64/6 
f 785/65/8 813/79/8 860/65/8 
f 809/77/6 808/76/6 859/64/6 
f 813/79/8 811/78/8 860/65/8 
f 788/67/6 830/67/6 855/55/6 
f 776/56/6 775/55/6 857/56/6 
f 780/60/6 779/59/6 857/56/6 
f 784/64/6 783/63/6 859/64/6 
f 778/58/8 777/57/8 856/58/8 
f 782/62/8 781/61/8 858/66/8 
f 786/66/8 785/65/8 858/66/8 
f 811/78/8 827/78/8 860/65/8 
f 815/55/6 818/56/6 855/55/6 
f 819/59/6 822/60/6 861/63/6 
f 823/63/6 826/64/6 861/63/6 
f 828/77/6 809/77/6 859/64/6 
f 830/67/6 829/68/6 855/55/6 
f 829/68/6 815/55/6 855/55/6 
f 816/58/8 833/69/8 856/58/8 
f 833/69/8 836/70/8 856/58/8 
f 818/56/6 837/72/6 861/63/6 
f 837/72/6 819/59/6 861/63/6 
f 820/62/8 840/73/8 862/57/8 
f 840/73/8 817/57/8 862/57/8 
f 822/60/6 843/74/6 861/63/6 
f 843/74/6 823/63/6 861/63/6 
f 824/66/8 846/75/8 863/61/8 
f 846/75/8 821/61/8 863/61/8 
f 826/64/6 849/76/6 859/64/6 
f 849/76/6 828/77/6 859/64/6 
f 827/78/8 852/79/8 860/65/8 
f 852/79/8 825/65/8 860/65/8 
f 836/70/8 793/70/8 856/58/8 
f 817/57/8 816/58/8 862/57/8 
f 821/61/8 820/62/8 863/61/8 
f 825/65/8 824/66/8 860/65/8 
s 4
f 811/78/111 812/78/111 810/77/111 
s 1
f 784/64/102 807/64/112 814/65/112 
s 4
f 786/66/101 804/66/109 803/63/109 
s 1
f 780/60/100 801/60/133 806/61/110 
f 776/56/98 795/56/108 800/57/108 
s 4
f 782/62/99 798/62/107 797/59/107 
f 851/83/131 853/78/134 827/78/129 
s 1
f 854/65/132 850/64/135 826/64/121 
s 4
f 778/58/97 791/58/103 790/55/103 
s 1
f 788/67/106 787/67/136 794/71/104 
s 4
f 839/59/125 841/62/125 820/62/117 
s 1
f 842/81/126 838/56/137 818/56/116 
s 4
f 845/82/127 847/66/138 824/66/120 
s 1
f 848/61/128 844/60/139 822/60/118 
s 4
f 832/80/122 834/58/140 816/58/114 
s 1
f 835/70/124 831/67/141 830/67/123 
f 862/57/142 856/58/143 855/55/144 
s off
f 856/58/8 862/57/8 816/58/8 
f 860/65/8 858/66/8 785/65/8 
s 1
f 858/66/145 860/65/146 859/64/147 
s off
f 859/64/6 861/63/6 826/64/6 
f 855/55/6 857/56/6 775/55/6 
s 1
f 857/56/148 855/55/144 856/58/143 
f 861/63/149 859/64/147 860/65/146 
f 859/64/147 857/56/148 858/66/145 
s off
f 857/56/6 859/64/6 783/63/6 
s 1
f 860/65/146 863/61/150 861/63/149 
s off
f 863/61/8 860/65/8 824/66/8 
f 858/66/8 856/58/8 777/57/8 
s 1
f 856/58/143 858/66/145 857/56/148 
s off
f 861/63/6 855/55/6 818/56/6 
s 1
f 855/55/144 861/63/149 862/57/142 
s 2
f 834/58/8 835/70/8 833/69/8 
s 1
f 832/80/151 835/70/124 834/58/152 
s 2
f 838/56/6 839/59/6 837/72/6 
s 1
f 842/81/126 839/59/153 838/56/137 
f 795/56/108 797/59/154 800/57/108 
s 2
f 796/72/6 797/59/6 795/56/6 
f 847/66/8 848/61/8 846/75/8 
s 1
f 845/82/155 848/61/128 847/66/156 
f 804/66/157 806/61/110 803/63/157 
s 2
f 805/75/8 806/61/8 804/66/8 
s 1
f 807/64/112 810/77/158 814/65/112 
s 2
f 808/76/6 810/77/6 807/64/6 
f 814/65/8 812/78/8 813/79/8 
s 1
f 812/78/158 814/65/112 810/77/158 
f 851/83/159 854/65/132 853/78/160 
s 2
f 853/78/8 854/65/8 852/79/8 
f 789/68/6 790/55/6 787/67/6 
s 1
f 787/67/136 790/55/161 794/71/104 
s 2
f 802/74/6 803/63/6 801/60/6 
s 1
f 801/60/133 803/63/157 806/61/110 
s 2
f 799/73/8 800/57/8 798/62/8 
s 1
f 798/62/154 800/57/108 797/59/154 
f 854/65/132 851/83/159 850/64/135 
s 2
f 850/64/6 851/83/6 849/76/6 
f 843/74/6 844/60/6 845/82/6 
s 1
f 848/61/128 845/82/155 844/60/139 
f 791/58/162 794/71/104 790/55/161 
s 2
f 792/69/8 794/71/8 791/58/8 
s 1
f 835/70/124 832/80/151 831/67/141 
s 2
f 831/67/6 832/80/6 829/68/6 
f 840/73/8 841/62/8 842/81/8 
s 1
f 839/59/153 842/81/126 841/62/163 
f 863/61/150 862/57/142 861/63/149 
s off
f 862/57/8 863/61/8 820/62/8 
s 5
f 864/55/164 865/56/165 866/57/166 
f 866/57/166 867/58/167 864/55/164 
f 868/59/168 869/60/169 870/61/170 
f 870/61/170 871/62/171 868/59/168 
f 872/63/172 873/64/173 874/65/174 
f 874/65/174 875/66/175 872/63/172 
s 2
f 876/67/6 877/67/6 878/68/6 
f 878/68/6 864/55/6 879/55/6 
s 4
f 879/55/176 864/55/164 867/58/167 
s 2
f 880/58/8 867/58/8 881/69/8 
f 881/69/8 882/70/8 883/70/8 
s 1
f 883/70/177 882/70/178 877/67/179 
s 2
f 884/56/6 865/56/6 885/72/6 
f 885/72/6 868/59/6 886/59/6 
s 4
f 886/59/180 868/59/168 871/62/171 
s 2
f 887/62/8 871/62/8 888/73/8 
f 888/73/8 866/57/8 889/57/8 
s 1
f 889/57/181 866/57/166 865/56/165 
s 2
f 890/60/6 869/60/6 891/74/6 
f 891/74/6 872/63/6 892/63/6 
s 4
f 892/63/182 872/63/172 875/66/175 
s 2
f 893/66/8 875/66/8 894/75/8 
f 894/75/8 870/61/8 895/61/8 
s 1
f 895/61/183 870/61/170 869/60/169 
s 2
f 896/64/6 873/64/6 897/76/6 
f 897/76/6 898/77/6 899/77/6 
s 4
f 899/77/184 898/77/185 900/78/186 
s 2
f 901/78/8 900/78/8 902/79/8 
f 902/79/8 874/65/8 903/65/8 
s 1
f 903/65/187 874/65/174 873/64/173 
s 5
f 904/55/188 905/58/114 906/57/189 
f 906/57/189 907/56/116 904/55/188 
f 908/59/190 909/62/191 910/61/192 
f 910/61/192 911/60/193 908/59/190 
f 912/63/194 913/66/120 914/65/195 
f 914/65/195 915/64/196 912/63/194 
s 1
f 916/78/36 900/78/36 898/77/36 
f 898/77/36 917/77/36 916/78/36 
s 2
f 918/68/6 919/67/6 920/67/6 
f 921/55/6 904/55/6 918/68/6 
s 4
f 905/58/114 904/55/188 921/55/197 
s 2
f 922/69/8 905/58/8 923/58/8 
f 924/70/8 925/70/8 922/69/8 
s 1
f 919/67/198 925/70/199 924/70/200 
s 2
f 926/72/6 907/56/6 927/56/6 
f 928/59/6 908/59/6 926/72/6 
s 4
f 909/62/191 908/59/190 928/59/201 
s 2
f 929/73/8 909/62/8 930/62/8 
f 931/57/8 906/57/8 929/73/8 
s 1
f 907/56/116 906/57/189 931/57/202 
s 2
f 932/74/6 911/60/6 933/60/6 
f 934/63/6 912/63/6 932/74/6 
s 4
f 913/66/120 912/63/194 934/63/203 
s 2
f 935/75/8 913/66/8 936/66/8 
f 937/61/8 910/61/8 935/75/8 
s 1
f 911/60/193 910/61/192 937/61/204 
s 2
f 938/76/6 915/64/6 939/64/6 
f 940/77/6 917/77/6 938/76/6 
s 4
f 916/78/205 917/77/206 940/77/207 
s 2
f 941/79/8 916/78/8 942/78/8 
f 943/65/8 914/65/8 941/79/8 
s 1
f 915/64/196 914/65/195 943/65/208 
s 4
f 882/70/1 925/70/1 919/67/1 
f 919/67/1 877/67/1 882/70/1 
s off
f 878/68/6 877/67/6 944/67/6 
f 882/70/8 881/69/8 945/58/8 
f 864/55/6 878/68/6 944/67/6 
f 881/69/8 867/58/8 945/58/8 
f 885/72/6 865/56/6 946/56/6 
f 866/57/8 888/73/8 947/62/8 
f 868/59/6 885/72/6 946/56/6 
f 888/73/8 871/62/8 947/62/8 
f 891/74/6 869/60/6 948/60/6 
f 870/61/8 894/75/8 949/66/8 
f 872/63/6 891/74/6 948/60/6 
f 894/75/8 875/66/8 949/66/8 
f 897/76/6 873/64/6 950/64/6 
f 874/65/8 902/79/8 951/78/8 
f 898/77/6 897/76/6 950/64/6 
f 902/79/8 900/78/8 951/78/8 
f 877/67/6 919/67/6 944/67/6 
f 865/56/6 864/55/6 946/56/6 
f 869/60/6 868/59/6 948/60/6 
f 873/64/6 872/63/6 950/64/6 
f 867/58/8 866/57/8 945/58/8 
f 871/62/8 870/61/8 947/62/8 
f 875/66/8 874/65/8 949/66/8 
f 900/78/8 916/78/8 951/78/8 
f 904/55/6 907/56/6 952/55/6 
f 908/59/6 911/60/6 953/59/6 
f 912/63/6 915/64/6 954/63/6 
f 917/77/6 898/77/6 955/77/6 
f 919/67/6 918/68/6 952/55/6 
f 918/68/6 904/55/6 952/55/6 
f 905/58/8 922/69/8 956/70/8 
f 922/69/8 925/70/8 956/70/8 
f 907/56/6 926/72/6 953/59/6 
f 926/72/6 908/59/6 953/59/6 
f 909/62/8 929/73/8 957/57/8 
f 929/73/8 906/57/8 957/57/8 
f 911/60/6 932/74/6 954/63/6 
f 932/74/6 912/63/6 954/63/6 
f 913/66/8 935/75/8 958/61/8 
f 935/75/8 910/61/8 958/61/8 
f 915/64/6 938/76/6 955/77/6 
f 938/76/6 917/77/6 955/77/6 
f 916/78/8 941/79/8 959/65/8 
f 941/79/8 914/65/8 959/65/8 
f 925/70/8 882/70/8 956/70/8 
f 906/57/8 905/58/8 957/57/8 
f 910/61/8 909/62/8 958/61/8 
f 914/65/8 913/66/8 959/65/8 
s 4
f 900/78/186 901/78/209 899/77/184 
s 1
f 873/64/173 896/64/210 903/65/187 
s 4
f 875/66/175 893/66/211 892/63/182 
s 1
f 869/60/169 890/60/212 895/61/183 
f 865/56/165 884/56/213 889/57/181 
s 4
f 871/62/171 887/62/214 886/59/180 
f 940/77/207 942/78/215 916/78/205 
s 1
f 943/65/208 939/64/216 915/64/196 
s 4
f 867/58/167 880/58/217 879/55/176 
s 1
f 877/67/179 876/67/218 883/70/177 
s 4
f 928/59/201 930/62/219 909/62/191 
s 1
f 931/57/202 927/56/220 907/56/116 
s 4
f 934/63/203 936/66/221 913/66/120 
s 1
f 937/61/204 933/60/222 911/60/193 
s 4
f 921/55/197 923/58/223 905/58/114 
s 1
f 924/70/200 920/67/224 919/67/198 
f 957/57/225 956/70/226 952/55/227 
s off
f 956/70/8 957/57/8 905/58/8 
f 951/78/8 949/66/8 874/65/8 
s 1
f 949/66/228 951/78/229 950/64/230 
s off
f 955/77/6 954/63/6 915/64/6 
f 944/67/6 946/56/6 864/55/6 
s 1
f 946/56/231 944/67/232 945/58/233 
f 954/63/234 955/77/235 959/65/236 
f 950/64/230 948/60/237 949/66/228 
s off
f 948/60/6 950/64/6 872/63/6 
s 1
f 959/65/236 958/61/238 954/63/234 
s off
f 958/61/8 959/65/8 913/66/8 
f 947/62/8 945/58/8 866/57/8 
s 1
f 945/58/233 947/62/239 946/56/231 
s off
f 953/59/6 952/55/6 907/56/6 
s 1
f 952/55/227 953/59/240 957/57/225 
s 2
f 923/58/8 960/70/8 922/69/8 
s 1
f 961/80/241 962/69/242 923/58/243 
s 2
f 927/56/6 928/59/6 926/72/6 
s 1
f 963/81/244 964/72/245 927/56/220 
f 884/56/213 965/72/246 966/73/247 
s 2
f 885/72/6 886/59/6 884/56/6 
f 936/66/8 937/61/8 935/75/8 
s 1
f 967/82/248 968/75/249 936/66/250 
f 893/66/251 969/75/252 970/74/252 
s 2
f 894/75/8 895/61/8 893/66/8 
s 1
f 896/64/210 971/76/253 972/79/253 
s 2
f 897/76/6 971/76/6 896/64/6 
f 903/65/8 901/78/8 902/79/8 
s 1
f 901/78/254 972/79/253 971/76/253 
f 973/83/255 974/79/256 942/78/257 
s 2
f 942/78/8 943/65/8 941/79/8 
f 878/68/6 879/55/6 876/67/6 
s 1
f 876/67/218 975/68/258 976/71/259 
s 2
f 891/74/6 970/74/6 890/60/6 
s 1
f 890/60/212 970/74/252 969/75/252 
s 2
f 888/73/8 889/57/8 887/62/8 
s 1
f 977/84/260 966/73/247 965/72/246 
f 974/79/256 973/83/255 939/64/216 
s 2
f 939/64/6 973/83/6 938/76/6 
f 932/74/6 933/60/6 934/63/6 
s 1
f 968/75/249 967/82/248 933/60/222 
f 880/58/261 976/71/259 975/68/258 
s 2
f 881/69/8 883/70/8 880/58/8 
s 1
f 962/69/242 961/80/241 920/67/224 
s 2
f 920/67/6 921/55/6 918/68/6 
f 929/73/8 930/62/8 931/57/8 
s 1
f 964/72/245 963/81/244 930/62/262 
f 958/61/238 957/57/225 953/59/240 
s off
f 957/57/8 958/61/8 909/62/8 
s 1
f 948/60/237 946/56/231 947/62/239 
s off
f 946/56/6 948/60/6 868/59/6 
s 1
f 944/67/232 952/55/227 956/70/226 
s off
f 952/55/6 944/67/6 919/67/6 
f 945/58/8 956/70/8 882/70/8 
s 1
f 956/70/226 945/58/233 944/67/232 
s off
f 950/64/6 955/77/6 898/77/6 
s 1
f 955/77/235 950/64/230 951/78/229 
f 951/78/229 959/65/236 955/77/235 
s off
f 959/65/8 951/78/8 916/78/8 
f 954/63/6 953/59/6 911/60/6 
s 1
f 953/59/240 954/63/234 958/61/238 
s off
f 949/66/8 947/62/8 870/61/8 
s 1
f 947/62/239 949/66/228 948/60/237 
s 2
f 937/61/8 936/66/8 968/75/8 
s 1
f 933/60/222 978/61/263 968/75/249 
s 2
f 895/61/8 969/75/8 893/66/8 
s 1
f 969/75/252 979/61/264 890/60/212 
f 965/72/246 980/59/265 977/84/260 
s 2
f 886/59/6 965/72/6 884/56/6 
s 1
f 930/62/262 981/59/266 964/72/245 
s 2
f 928/59/6 927/56/6 964/72/6 
f 899/77/6 971/76/6 897/76/6 
s 1
f 971/76/253 982/77/254 901/78/254 
f 920/67/224 960/70/267 962/69/242 
s 2
f 960/70/8 923/58/8 962/69/8 
f 983/65/8 972/79/8 901/78/8 
s 1
f 972/79/253 983/65/268 896/64/210 
s 2
f 943/65/8 942/78/8 974/79/8 
s 1
f 939/64/216 984/65/269 974/79/256 
s 2
f 892/63/6 970/74/6 891/74/6 
s 1
f 970/74/252 985/63/251 893/66/251 
f 975/68/258 986/55/270 880/58/261 
s 2
f 879/55/6 975/68/6 876/67/6 
s 1
f 966/73/247 987/57/271 884/56/213 
s 2
f 889/57/8 966/73/8 887/62/8 
f 938/76/6 973/83/6 940/77/6 
s 4
f 940/77/207 973/83/272 942/78/215 
s 2
f 883/70/8 976/71/8 880/58/8 
s 1
f 876/67/218 976/71/259 883/70/177 
s 4
f 934/63/203 967/82/273 936/66/221 
s 2
f 934/63/6 933/60/6 967/82/6 
f 921/55/6 920/67/6 961/80/6 
s 4
f 921/55/197 961/80/274 923/58/223 
s 2
f 931/57/8 930/62/8 963/81/8 
s 1
f 931/57/202 963/81/244 927/56/220 
s 4
f 887/62/214 980/59/275 886/59/180 
s 2
f 980/59/6 965/72/6 886/59/6 
f 928/59/6 964/72/6 981/59/6 
s 4
f 928/59/201 981/59/276 930/62/219 
s 1
f 937/61/204 978/61/263 933/60/222 
s 2
f 937/61/8 968/75/8 978/61/8 
s 1
f 890/60/212 979/61/264 895/61/183 
s 2
f 979/61/8 969/75/8 895/61/8 
s 4
f 901/78/209 982/77/277 899/77/184 
s 2
f 899/77/6 982/77/6 971/76/6 
s 1
f 924/70/200 960/70/267 920/67/224 
s 2
f 922/69/8 960/70/8 924/70/8 
s 1
f 896/64/210 983/65/268 903/65/187 
s 2
f 903/65/8 983/65/8 901/78/8 
f 943/65/8 974/79/8 984/65/8 
s 1
f 943/65/208 984/65/269 939/64/216 
s 2
f 892/63/6 985/63/6 970/74/6 
s 4
f 893/66/211 985/63/278 892/63/182 
s 2
f 986/55/6 975/68/6 879/55/6 
s 4
f 880/58/217 986/55/279 879/55/176 
s 1
f 884/56/213 987/57/271 889/57/181 
s 2
f 987/57/8 966/73/8 889/57/8 
f 966/73/8 977/84/8 887/62/8 
s 8
f 887/62/280 977/84/280 980/59/280 
s 5
f 988/55/164 989/56/165 990/57/166 
f 990/57/166 991/58/167 988/55/164 
f 992/59/168 993/60/169 994/61/170 
f 994/61/170 995/62/171 992/59/168 
f 996/63/172 997/64/173 998/65/174 
f 998/65/174 999/66/175 996/63/172 
s 2
f 1000/67/6 1001/67/6 1002/68/6 
f 1002/68/6 988/55/6 1003/55/6 
s 4
f 1003/55/176 988/55/164 991/58/167 
s 2
f 1004/58/8 991/58/8 1005/69/8 
f 1005/69/8 1006/70/8 1007/70/8 
s 1
f 1007/70/177 1006/70/178 1001/67/179 
s 2
f 1008/56/6 989/56/6 1009/72/6 
f 1009/72/6 992/59/6 1010/59/6 
s 4
f 1010/59/180 992/59/168 995/62/171 
s 2
f 1011/62/8 995/62/8 1012/73/8 
f 1012/73/8 990/57/8 1013/57/8 
s 1
f 1013/57/181 990/57/166 989/56/165 
s 2
f 1014/60/6 993/60/6 1015/74/6 
f 1015/74/6 996/63/6 1016/63/6 
s 4
f 1016/63/182 996/63/172 999/66/175 
s 2
f 1017/66/8 999/66/8 1018/75/8 
f 1018/75/8 994/61/8 1019/61/8 
s 1
f 1019/61/183 994/61/170 993/60/169 
s 2
f 1020/64/6 997/64/6 1021/76/6 
f 1021/76/6 1022/77/6 1023/77/6 
s 4
f 1023/77/184 1022/77/185 1024/78/186 
s 2
f 1025/78/8 1024/78/8 1026/79/8 
f 1026/79/8 998/65/8 1027/65/8 
s 1
f 1027/65/187 998/65/174 997/64/173 
s 5
f 1028/55/188 1029/58/114 1030/57/189 
f 1030/57/189 1031/56/116 1028/55/188 
f 1032/59/190 1033/62/191 1034/61/192 
f 1034/61/192 1035/60/193 1032/59/190 
f 1036/63/194 1037/66/120 1038/65/195 
f 1038/65/195 1039/64/196 1036/63/194 
s 1
f 1040/78/36 1024/78/36 1022/77/36 
f 1022/77/36 1041/77/36 1040/78/36 
s 2
f 1042/68/6 1043/67/6 1044/67/6 
f 1045/55/6 1028/55/6 1042/68/6 
s 4
f 1029/58/114 1028/55/188 1045/55/197 
s 2
f 1046/69/8 1029/58/8 1047/58/8 
f 1048/70/8 1049/70/8 1046/69/8 
s 1
f 1043/67/198 1049/70/199 1048/70/200 
s 2
f 1050/72/6 1031/56/6 1051/56/6 
f 1052/59/6 1032/59/6 1050/72/6 
s 4
f 1033/62/191 1032/59/190 1052/59/201 
s 2
f 1053/73/8 1033/62/8 1054/62/8 
f 1055/57/8 1030/57/8 1053/73/8 
s 1
f 1031/56/116 1030/57/189 1055/57/202 
s 2
f 1056/74/6 1035/60/6 1057/60/6 
f 1058/63/6 1036/63/6 1056/74/6 
s 4
f 1037/66/120 1036/63/194 1058/63/203 
s 2
f 1059/75/8 1037/66/8 1060/66/8 
f 1061/61/8 1034/61/8 1059/75/8 
s 1
f 1035/60/193 1034/61/192 1061/61/204 
s 2
f 1062/76/6 1039/64/6 1063/64/6 
f 1064/77/6 1041/77/6 1062/76/6 
s 4
f 1040/78/205 1041/77/206 1064/77/207 
s 2
f 1065/79/8 1040/78/8 1066/78/8 
f 1067/65/8 1038/65/8 1065/79/8 
s 1
f 1039/64/196 1038/65/195 1067/65/208 
s 4
f 1006/70/1 1049/70/1 1043/67/1 
f 1043/67/1 1001/67/1 1006/70/1 
s off
f 1002/68/6 1001/67/6 1068/67/6 
f 1006/70/8 1005/69/8 1069/58/8 
f 988/55/6 1002/68/6 1068/67/6 
f 1005/69/8 991/58/8 1069/58/8 
f 1009/72/6 989/56/6 1070/56/6 
f 990/57/8 1012/73/8 1071/62/8 
f 992/59/6 1009/72/6 1070/56/6 
f 1012/73/8 995/62/8 1071/62/8 
f 1015/74/6 993/60/6 1072/60/6 
f 994/61/8 1018/75/8 1073/66/8 
f 996/63/6 1015/74/6 1072/60/6 
f 1018/75/8 999/66/8 1073/66/8 
f 1021/76/6 997/64/6 1074/64/6 
f 998/65/8 1026/79/8 1075/78/8 
f 1022/77/6 1021/76/6 1074/64/6 
f 1026/79/8 1024/78/8 1075/78/8 
f 1001/67/6 1043/67/6 1068/67/6 
f 989/56/6 988/55/6 1070/56/6 
f 993/60/6 992/59/6 1072/60/6 
f 997/64/6 996/63/6 1074/64/6 
f 991/58/8 990/57/8 1069/58/8 
f 995/62/8 994/61/8 1071/62/8 
f 999/66/8 998/65/8 1073/66/8 
f 1024/78/8 1040/78/8 1075/78/8 
f 1028/55/6 1031/56/6 1076/55/6 
f 1032/59/6 1035/60/6 1077/59/6 
f 1036/63/6 1039/64/6 1078/63/6 
f 1041/77/6 1022/77/6 1079/77/6 
f 1043/67/6 1042/68/6 1076/55/6 
f 1042/68/6 1028/55/6 1076/55/6 
f 1029/58/8 1046/69/8 1080/70/8 
f 1046/69/8 1049/70/8 1080/70/8 
f 1031/56/6 1050/72/6 1077/59/6 
f 1050/72/6 1032/59/6 1077/59/6 
f 1033/62/8 1053/73/8 1081/57/8 
f 1053/73/8 1030/57/8 1081/57/8 
f 1035/60/6 1056/74/6 1078/63/6 
f 1056/74/6 1036/63/6 1078/63/6 
f 1037/66/8 1059/75/8 1082/61/8 
f 1059/75/8 1034/61/8 1082/61/8 
f 1039/64/6 1062/76/6 1079/77/6 
f 1062/76/6 1041/77/6 1079/77/6 
f 1040/78/8 1065/79/8 1083/65/8 
f 1065/79/8 1038/65/8 1083/65/8 
f 1049/70/8 1006/70/8 1080/70/8 
f 1030/57/8 1029/58/8 1081/57/8 
f 1034/61/8 1033/62/8 1082/61/8 
f 1038/65/8 1037/66/8 1083/65/8 
s 4
f 1024/78/186 1025/78/209 1023/77/184 
s 1
f 997/64/173 1020/64/210 1027/65/187 
s 4
f 999/66/175 1017/66/211 1016/63/182 
s 1
f 993/60/169 1014/60/212 1019/61/183 
f 989/56/165 1008/56/213 1013/57/181 
s 4
f 995/62/171 1011/62/214 1010/59/180 
f 1064/77/207 1066/78/215 1040/78/205 
s 1
f 1067/65/208 1063/64/216 1039/64/196 
s 4
f 991/58/167 1004/58/217 1003/55/176 
s 1
f 1001/67/179 1000/67/218 1007/70/177 
s 4
f 1052/59/201 1054/62/219 1033/62/191 
s 1
f 1055/57/202 1051/56/220 1031/56/116 
s 4
f 1058/63/203 1060/66/221 1037/66/120 
s 1
f 1061/61/204 1057/60/222 1035/60/193 
s 4
f 1045/55/197 1047/58/223 1029/58/114 
s 1
f 1048/70/200 1044/67/224 1043/67/198 
f 1081/57/225 1080/70/226 1076/55/227 
s off
f 1080/70/8 1081/57/8 1029/58/8 
f 1075/78/8 1073/66/8 998/65/8 
s 1
f 1073/66/228 1075/78/229 1074/64/230 
s off
f 1079/77/6 1078/63/6 1039/64/6 
f 1068/67/6 1070/56/6 988/55/6 
s 1
f 1070/56/231 1068/67/232 1069/58/233 
f 1078/63/234 1079/77/235 1083/65/236 
f 1074/64/230 1072/60/237 1073/66/228 
s off
f 1072/60/6 1074/64/6 996/63/6 
s 1
f 1083/65/236 1082/61/238 1078/63/234 
s off
f 1082/61/8 1083/65/8 1037/66/8 
f 1071/62/8 1069/58/8 990/57/8 
s 1
f 1069/58/233 1071/62/239 1070/56/231 
s off
f 1077/59/6 1076/55/6 1031/56/6 
s 1
f 1076/55/227 1077/59/240 1081/57/225 
s 2
f 1047/58/8 1084/70/8 1046/69/8 
s 1
f 1085/80/241 1086/69/242 1047/58/243 
s 2
f 1051/56/6 1052/59/6 1050/72/6 
s 1
f 1087/81/244 1088/72/245 1051/56/220 
f 1008/56/213 1089/72/246 1090/73/247 
s 2
f 1009/72/6 1010/59/6 1008/56/6 
f 1060/66/8 1061/61/8 1059/75/8 
s 1
f 1091/82/248 1092/75/249 1060/66/250 
f 1017/66/251 1093/75/252 1094/74/252 
s 2
f 1018/75/8 1019/61/8 1017/66/8 
s 1
f 1020/64/210 1095/76/253 1096/79/253 
s 2
f 1021/76/6 1095/76/6 1020/64/6 
f 1027/65/8 1025/78/8 1026/79/8 
s 1
f 1025/78/254 1096/79/253 1095/76/253 
f 1097/83/255 1098/79/256 1066/78/257 
s 2
f 1066/78/8 1067/65/8 1065/79/8 
f 1002/68/6 1003/55/6 1000/67/6 
s 1
f 1000/67/218 1099/68/258 1100/71/259 
s 2
f 1015/74/6 1094/74/6 1014/60/6 
s 1
f 1014/60/212 1094/74/252 1093/75/252 
s 2
f 1012/73/8 1013/57/8 1011/62/8 
s 1
f 1101/84/260 1090/73/247 1089/72/246 
f 1098/79/256 1097/83/255 1063/64/216 
s 2
f 1063/64/6 1097/83/6 1062/76/6 
f 1056/74/6 1057/60/6 1058/63/6 
s 1
f 1092/75/249 1091/82/248 1057/60/222 
f 1004/58/261 1100/71/259 1099/68/258 
s 2
f 1005/69/8 1007/70/8 1004/58/8 
s 1
f 1086/69/242 1085/80/241 1044/67/224 
s 2
f 1044/67/6 1045/55/6 1042/68/6 
f 1053/73/8 1054/62/8 1055/57/8 
s 1
f 1088/72/245 1087/81/244 1054/62/262 
f 1082/61/238 1081/57/225 1077/59/240 
s off
f 1081/57/8 1082/61/8 1033/62/8 
s 1
f 1072/60/237 1070/56/231 1071/62/239 
s off
f 1070/56/6 1072/60/6 992/59/6 
s 1
f 1068/67/232 1076/55/227 1080/70/226 
s off
f 1076/55/6 1068/67/6 1043/67/6 
f 1069/58/8 1080/70/8 1006/70/8 
s 1
f 1080/70/226 1069/58/233 1068/67/232 
s off
f 1074/64/6 1079/77/6 1022/77/6 
s 1
f 1079/77/235 1074/64/230 1075/78/229 
f 1075/78/229 1083/65/236 1079/77/235 
s off
f 1083/65/8 1075/78/8 1040/78/8 
f 1078/63/6 1077/59/6 1035/60/6 
s 1
f 1077/59/240 1078/63/234 1082/61/238 
s off
f 1073/66/8 1071/62/8 994/61/8 
s 1
f 1071/62/239 1073/66/228 1072/60/237 
s 2
f 1061/61/8 1060/66/8 1092/75/8 
s 1
f 1057/60/222 1102/61/263 1092/75/249 
s 2
f 1019/61/8 1093/75/8 1017/66/8 
s 1
f 1093/75/252 1103/61/264 1014/60/212 
f 1089/72/246 1104/59/265 1101/84/260 
s 2
f 1010/59/6 1089/72/6 1008/56/6 
s 1
f 1054/62/262 1105/59/266 1088/72/245 
s 2
f 1052/59/6 1051/56/6 1088/72/6 
f 1023/77/6 1095/76/6 1021/76/6 
s 1
f 1095/76/253 1106/77/254 1025/78/254 
f 1044/67/224 1084/70/267 1086/69/242 
s 2
f 1084/70/8 1047/58/8 1086/69/8 
f 1107/65/8 1096/79/8 1025/78/8 
s 1
f 1096/79/253 1107/65/268 1020/64/210 
s 2
f 1067/65/8 1066/78/8 1098/79/8 
s 1
f 1063/64/216 1108/65/269 1098/79/256 
s 2
f 1016/63/6 1094/74/6 1015/74/6 
s 1
f 1094/74/252 1109/63/251 1017/66/251 
f 1099/68/258 1110/55/270 1004/58/261 
s 2
f 1003/55/6 1099/68/6 1000/67/6 
s 1
f 1090/73/247 1111/57/271 1008/56/213 
s 2
f 1013/57/8 1090/73/8 1011/62/8 
f 1062/76/6 1097/83/6 1064/77/6 
s 4
f 1064/77/207 1097/83/272 1066/78/215 
s 2
f 1007/70/8 1100/71/8 1004/58/8 
s 1
f 1000/67/218 1100/71/259 1007/70/177 
s 4
f 1058/63/203 1091/82/273 1060/66/221 
s 2
f 1058/63/6 1057/60/6 1091/82/6 
f 1045/55/6 1044/67/6 1085/80/6 
s 4
f 1045/55/197 1085/80/274 1047/58/223 
s 2
f 1055/57/8 1054/62/8 1087/81/8 
s 1
f 1055/57/202 1087/81/244 1051/56/220 
s 4
f 1011/62/214 1104/59/275 1010/59/180 
s 2
f 1104/59/6 1089/72/6 1010/59/6 
f 1052/59/6 1088/72/6 1105/59/6 
s 4
f 1052/59/201 1105/59/276 1054/62/219 
s 1
f 1061/61/204 1102/61/263 1057/60/222 
s 2
f 1061/61/8 1092/75/8 1102/61/8 
s 1
f 1014/60/212 1103/61/264 1019/61/183 
s 2
f 1103/61/8 1093/75/8 1019/61/8 
s 4
f 1025/78/209 1106/77/281 1023/77/184 
s 2
f 1023/77/6 1106/77/6 1095/76/6 
s 1
f 1048/70/200 1084/70/267 1044/67/224 
s 2
f 1046/69/8 1084/70/8 1048/70/8 
s 1
f 1020/64/210 1107/65/268 1027/65/187 
s 2
f 1027/65/8 1107/65/8 1025/78/8 
f 1067/65/8 1098/79/8 1108/65/8 
s 1
f 1067/65/208 1108/65/269 1063/64/216 
s 2
f 1016/63/6 1109/63/6 1094/74/6 
s 4
f 1017/66/211 1109/63/278 1016/63/182 
s 2
f 1110/55/6 1099/68/6 1003/55/6 
s 4
f 1004/58/217 1110/55/279 1003/55/176 
s 1
f 1008/56/213 1111/57/271 1013/57/181 
s 2
f 1111/57/8 1090/73/8 1013/57/8 
f 1090/73/8 1101/84/8 1011/62/8 
s 8
f 1011/62/280 1101/84/280 1104/59/280 
s 5
f 1112/55/164 1113/56/165 1114/57/166 
f 1114/57/166 1115/58/167 1112/55/164 
f 1116/59/168 1117/60/169 1118/61/170 
f 1118/61/170 1119/62/171 1116/59/168 
f 1120/63/172 1121/64/173 1122/65/174 
f 1122/65/174 1123/66/175 1120/63/172 
s 2
f 1124/67/6 1125/67/6 1126/68/6 
f 1126/68/6 1112/55/6 1127/55/6 
s 4
f 1127/55/176 1112/55/164 1115/58/167 
s 2
f 1128/58/8 1115/58/8 1129/69/8 
f 1129/69/8 1130/70/8 1131/70/8 
s 1
f 1131/70/177 1130/70/178 1125/67/179 
s 2
f 1132/56/6 1113/56/6 1133/72/6 
f 1133/72/6 1116/59/6 1134/59/6 
s 4
f 1134/59/180 1116/59/168 1119/62/171 
s 2
f 1135/62/8 1119/62/8 1136/73/8 
f 1136/73/8 1114/57/8 1137/57/8 
s 1
f 1137/57/181 1114/57/166 1113/56/165 
s 2
f 1138/60/6 1117/60/6 1139/74/6 
f 1139/74/6 1120/63/6 1140/63/6 
s 4
f 1140/63/182 1120/63/172 1123/66/175 
s 2
f 1141/66/8 1123/66/8 1142/75/8 
f 1142/75/8 1118/61/8 1143/61/8 
s 1
f 1143/61/183 1118/61/170 1117/60/169 
s 2
f 1144/64/6 1121/64/6 1145/76/6 
f 1145/76/6 1146/77/6 1147/77/6 
s 4
f 1147/77/184 1146/77/185 1148/78/186 
s 2
f 1149/78/8 1148/78/8 1150/79/8 
f 1150/79/8 1122/65/8 1151/65/8 
s 1
f 1151/65/187 1122/65/174 1121/64/173 
s 5
f 1152/55/188 1153/58/114 1154/57/189 
f 1154/57/189 1155/56/116 1152/55/188 
f 1156/59/190 1157/62/191 1158/61/192 
f 1158/61/192 1159/60/193 1156/59/190 
f 1160/63/194 1161/66/120 1162/65/195 
f 1162/65/195 1163/64/196 1160/63/194 
s 1
f 1164/78/36 1148/78/36 1146/77/36 
f 1146/77/36 1165/77/36 1164/78/36 
s 2
f 1166/68/6 1167/67/6 1168/67/6 
f 1169/55/6 1152/55/6 1166/68/6 
s 4
f 1153/58/114 1152/55/188 1169/55/197 
s 2
f 1170/69/8 1153/58/8 1171/58/8 
f 1172/70/8 1173/70/8 1170/69/8 
s 1
f 1167/67/198 1173/70/199 1172/70/200 
s 2
f 1174/72/6 1155/56/6 1175/56/6 
f 1176/59/6 1156/59/6 1174/72/6 
s 4
f 1157/62/191 1156/59/190 1176/59/201 
s 2
f 1177/73/8 1157/62/8 1178/62/8 
f 1179/57/8 1154/57/8 1177/73/8 
s 1
f 1155/56/116 1154/57/189 1179/57/202 
s 2
f 1180/74/6 1159/60/6 1181/60/6 
f 1182/63/6 1160/63/6 1180/74/6 
s 4
f 1161/66/120 1160/63/194 1182/63/203 
s 2
f 1183/75/8 1161/66/8 1184/66/8 
f 1185/61/8 1158/61/8 1183/75/8 
s 1
f 1159/60/193 1158/61/192 1185/61/204 
s 2
f 1186/76/6 1163/64/6 1187/64/6 
f 1188/77/6 1165/77/6 1186/76/6 
s 4
f 1164/78/205 1165/77/206 1188/77/207 
s 2
f 1189/79/8 1164/78/8 1190/78/8 
f 1191/65/8 1162/65/8 1189/79/8 
s 1
f 1163/64/196 1162/65/195 1191/65/208 
s 4
f 1130/70/1 1173/70/1 1167/67/1 
f 1167/67/1 1125/67/1 1130/70/1 
s off
f 1126/68/6 1125/67/6 1192/67/6 
f 1130/70/8 1129/69/8 1193/58/8 
f 1112/55/6 1126/68/6 1192/67/6 
f 1129/69/8 1115/58/8 1193/58/8 
f 1133/72/6 1113/56/6 1194/56/6 
f 1114/57/8 1136/73/8 1195/62/8 
f 1116/59/6 1133/72/6 1194/56/6 
f 1136/73/8 1119/62/8 1195/62/8 
f 1139/74/6 1117/60/6 1196/60/6 
f 1118/61/8 1142/75/8 1197/66/8 
f 1120/63/6 1139/74/6 1196/60/6 
f 1142/75/8 1123/66/8 1197/66/8 
f 1145/76/6 1121/64/6 1198/64/6 
f 1122/65/8 1150/79/8 1199/78/8 
f 1146/77/6 1145/76/6 1198/64/6 
f 1150/79/8 1148/78/8 1199/78/8 
f 1125/67/6 1167/67/6 1192/67/6 
f 1113/56/6 1112/55/6 1194/56/6 
f 1117/60/6 1116/59/6 1196/60/6 
f 1121/64/6 1120/63/6 1198/64/6 
f 1115/58/8 1114/57/8 1193/58/8 
f 1119/62/8 1118/61/8 1195/62/8 
f 1123/66/8 1122/65/8 1197/66/8 
f 1148/78/8 1164/78/8 1199/78/8 
f 1152/55/6 1155/56/6 1200/55/6 
f 1156/59/6 1159/60/6 1201/59/6 
f 1160/63/6 1163/64/6 1202/63/6 
f 1165/77/6 1146/77/6 1203/77/6 
f 1167/67/6 1166/68/6 1200/55/6 
f 1166/68/6 1152/55/6 1200/55/6 
f 1153/58/8 1170/69/8 1204/70/8 
f 1170/69/8 1173/70/8 1204/70/8 
f 1155/56/6 1174/72/6 1201/59/6 
f 1174/72/6 1156/59/6 1201/59/6 
f 1157/62/8 1177/73/8 1205/57/8 
f 1177/73/8 1154/57/8 1205/57/8 
f 1159/60/6 1180/74/6 1202/63/6 
f 1180/74/6 1160/63/6 1202/63/6 
f 1161/66/8 1183/75/8 1206/61/8 
f 1183/75/8 1158/61/8 1206/61/8 
f 1163/64/6 1186/76/6 1203/77/6 
f 1186/76/6 1165/77/6 1203/77/6 
f 1164/78/8 1189/79/8 1207/65/8 
f 1189/79/8 1162/65/8 1207/65/8 
f 1173/70/8 1130/70/8 1204/70/8 
f 1154/57/8 1153/58/8 1205/57/8 
f 1158/61/8 1157/62/8 1206/61/8 
f 1162/65/8 1161/66/8 1207/65/8 
s 4
f 1148/78/186 1149/78/209 1147/77/184 
s 1
f 1121/64/173 1144/64/210 1151/65/187 
s 4
f 1123/66/175 1141/66/211 1140/63/182 
s 1
f 1117/60/169 1138/60/212 1143/61/183 
f 1113/56/165 1132/56/213 1137/57/181 
s 4
f 1119/62/171 1135/62/214 1134/59/180 
f 1188/77/207 1190/78/215 1164/78/205 
s 1
f 1191/65/208 1187/64/216 1163/64/196 
s 4
f 1115/58/167 1128/58/217 1127/55/176 
s 1
f 1125/67/179 1124/67/218 1131/70/177 
s 4
f 1176/59/201 1178/62/219 1157/62/191 
s 1
f 1179/57/202 1175/56/220 1155/56/116 
s 4
f 1182/63/203 1184/66/221 1161/66/120 
s 1
f 1185/61/204 1181/60/222 1159/60/193 
s 4
f 1169/55/197 1171/58/223 1153/58/114 
s 1
f 1172/70/200 1168/67/224 1167/67/198 
f 1205/57/225 1204/70/226 1200/55/227 
s off
f 1204/70/8 1205/57/8 1153/58/8 
f 1199/78/8 1197/66/8 1122/65/8 
s 1
f 1197/66/228 1199/78/229 1198/64/230 
s off
f 1203/77/6 1202/63/6 1163/64/6 
f 1192/67/6 1194/56/6 1112/55/6 
s 1
f 1194/56/231 1192/67/232 1193/58/233 
f 1202/63/234 1203/77/235 1207/65/236 
f 1198/64/230 1196/60/237 1197/66/228 
s off
f 1196/60/6 1198/64/6 1120/63/6 
s 1
f 1207/65/236 1206/61/238 1202/63/234 
s off
f 1206/61/8 1207/65/8 1161/66/8 
f 1195/62/8 1193/58/8 1114/57/8 
s 1
f 1193/58/233 1195/62/239 1194/56/231 
s off
f 1201/59/6 1200/55/6 1155/56/6 
s 1
f 1200/55/227 1201/59/240 1205/57/225 
s 2
f 1171/58/8 1208/70/8 1170/69/8 
s 1
f 1209/80/241 1210/69/242 1171/58/243 
s 2
f 1175/56/6 1176/59/6 1174/72/6 
s 1
f 1211/81/244 1212/72/245 1175/56/220 
f 1132/56/213 1213/72/246 1214/73/247 
s 2
f 1133/72/6 1134/59/6 1132/56/6 
f 1184/66/8 1185/61/8 1183/75/8 
s 1
f 1215/82/248 1216/75/249 1184/66/250 
f 1141/66/251 1217/75/252 1218/74/252 
s 2
f 1142/75/8 1143/61/8 1141/66/8 
s 1
f 1144/64/210 1219/76/253 1220/79/253 
s 2
f 1145/76/6 1219/76/6 1144/64/6 
f 1151/65/8 1149/78/8 1150/79/8 
s 1
f 1149/78/254 1220/79/253 1219/76/253 
f 1221/83/255 1222/79/256 1190/78/257 
s 2
f 1190/78/8 1191/65/8 1189/79/8 
f 1126/68/6 1127/55/6 1124/67/6 
s 1
f 1124/67/218 1223/68/258 1224/71/259 
s 2
f 1139/74/6 1218/74/6 1138/60/6 
s 1
f 1138/60/212 1218/74/252 1217/75/252 
s 2
f 1136/73/8 1137/57/8 1135/62/8 
s 1
f 1225/84/260 1214/73/247 1213/72/246 
f 1222/79/256 1221/83/255 1187/64/216 
s 2
f 1187/64/6 1221/83/6 1186/76/6 
f 1180/74/6 1181/60/6 1182/63/6 
s 1
f 1216/75/249 1215/82/248 1181/60/222 
f 1128/58/261 1224/71/259 1223/68/258 
s 2
f 1129/69/8 1131/70/8 1128/58/8 
s 1
f 1210/69/242 1209/80/241 1168/67/224 
s 2
f 1168/67/6 1169/55/6 1166/68/6 
f 1177/73/8 1178/62/8 1179/57/8 
s 1
f 1212/72/245 1211/81/244 1178/62/262 
f 1206/61/238 1205/57/225 1201/59/240 
s off
f 1205/57/8 1206/61/8 1157/62/8 
s 1
f 1196/60/237 1194/56/231 1195/62/239 
s off
f 1194/56/6 1196/60/6 1116/59/6 
s 1
f 1192/67/232 1200/55/227 1204/70/226 
s off
f 1200/55/6 1192/67/6 1167/67/6 
f 1193/58/8 1204/70/8 1130/70/8 
s 1
f 1204/70/226 1193/58/233 1192/67/232 
s off
f 1198/64/6 1203/77/6 1146/77/6 
s 1
f 1203/77/235 1198/64/230 1199/78/229 
f 1199/78/229 1207/65/236 1203/77/235 
s off
f 1207/65/8 1199/78/8 1164/78/8 
f 1202/63/6 1201/59/6 1159/60/6 
s 1
f 1201/59/240 1202/63/234 1206/61/238 
s off
f 1197/66/8 1195/62/8 1118/61/8 
s 1
f 1195/62/239 1197/66/228 1196/60/237 
s 2
f 1185/61/8 1184/66/8 1216/75/8 
s 1
f 1181/60/222 1226/61/263 1216/75/249 
s 2
f 1143/61/8 1217/75/8 1141/66/8 
s 1
f 1217/75/252 1227/61/264 1138/60/212 
f 1213/72/246 1228/59/265 1225/84/260 
s 2
f 1134/59/6 1213/72/6 1132/56/6 
s 1
f 1178/62/262 1229/59/266 1212/72/245 
s 2
f 1176/59/6 1175/56/6 1212/72/6 
f 1147/77/6 1219/76/6 1145/76/6 
s 1
f 1219/76/253 1230/77/254 1149/78/254 
f 1168/67/224 1208/70/267 1210/69/242 
s 2
f 1208/70/8 1171/58/8 1210/69/8 
f 1231/65/8 1220/79/8 1149/78/8 
s 1
f 1220/79/253 1231/65/268 1144/64/210 
s 2
f 1191/65/8 1190/78/8 1222/79/8 
s 1
f 1187/64/216 1232/65/269 1222/79/256 
s 2
f 1140/63/6 1218/74/6 1139/74/6 
s 1
f 1218/74/252 1233/63/251 1141/66/251 
f 1223/68/258 1234/55/270 1128/58/261 
s 2
f 1127/55/6 1223/68/6 1124/67/6 
s 1
f 1214/73/247 1235/57/271 1132/56/213 
s 2
f 1137/57/8 1214/73/8 1135/62/8 
f 1186/76/6 1221/83/6 1188/77/6 
s 4
f 1188/77/207 1221/83/272 1190/78/215 
s 2
f 1131/70/8 1224/71/8 1128/58/8 
s 1
f 1124/67/218 1224/71/259 1131/70/177 
s 4
f 1182/63/203 1215/82/273 1184/66/221 
s 2
f 1182/63/6 1181/60/6 1215/82/6 
f 1169/55/6 1168/67/6 1209/80/6 
s 4
f 1169/55/197 1209/80/274 1171/58/223 
s 2
f 1179/57/8 1178/62/8 1211/81/8 
s 1
f 1179/57/202 1211/81/244 1175/56/220 
s 4
f 1135/62/214 1228/59/275 1134/59/180 
s 2
f 1228/59/6 1213/72/6 1134/59/6 
f 1176/59/6 1212/72/6 1229/59/6 
s 4
f 1176/59/201 1229/59/276 1178/62/219 
s 1
f 1185/61/204 1226/61/263 1181/60/222 
s 2
f 1185/61/8 1216/75/8 1226/61/8 
s 1
f 1138/60/212 1227/61/264 1143/61/183 
s 2
f 1227/61/8 1217/75/8 1143/61/8 
s 4
f 1149/78/209 1230/77/281 1147/77/184 
s 2
f 1147/77/6 1230/77/6 1219/76/6 
s 1
f 1172/70/200 1208/70/267 1168/67/224 
s 2
f 1170/69/8 1208/70/8 1172/70/8 
s 1
f 1144/64/210 1231/65/268 1151/65/187 
s 2
f 1151/65/8 1231/65/8 1149/78/8 
f 1191/65/8 1222/79/8 1232/65/8 
s 1
f 1191/65/208 1232/65/269 1187/64/216 
s 2
f 1140/63/6 1233/63/6 1218/74/6 
s 4
f 1141/66/211 1233/63/278 1140/63/182 
s 2
f 1234/55/6 1223/68/6 1127/55/6 
s 4
f 1128/58/217 1234/55/279 1127/55/176 
s 1
f 1132/56/213 1235/57/271 1137/57/181 
s 2
f 1235/57/8 1214/73/8 1137/57/8 
f 1214/73/8 1225/84/8 1135/62/8 
s 8
f 1135/62/280 1225/84/280 1228/59/280 
s 5
f 1236/55/189 1237/56/282 1238/57/188 
f 1238/57/188 1239/58/283 1236/55/189 
f 1240/59/284 1241/60/285 1242/61/286 
f 1242/61/286 1243/62/287 1240/59/284 
f 1244/63/288 1245/64/289 1246/65/290 
f 1246/65/290 1247/66/291 1244/63/288 
s 2
f 1248/67/6 1249/67/6 1250/68/6 
f 1250/68/6 1236/55/6 1251/55/6 
s 4
f 1251/55/292 1236/55/189 1239/58/283 
s 2
f 1252/58/8 1239/58/8 1253/69/8 
f 1253/69/8 1254/70/8 1255/70/8 
s 1
f 1255/70/293 1254/70/294 1249/67/295 
s 2
f 1256/56/6 1237/56/6 1257/72/6 
f 1257/72/6 1240/59/6 1258/59/6 
s 4
f 1258/59/296 1240/59/284 1243/62/287 
s 2
f 1259/62/8 1243/62/8 1260/73/8 
f 1260/73/8 1238/57/8 1261/57/8 
s 1
f 1261/57/297 1238/57/188 1237/56/282 
s 2
f 1262/60/6 1241/60/6 1263/74/6 
f 1263/74/6 1244/63/6 1264/63/6 
s 4
f 1264/63/298 1244/63/288 1247/66/291 
s 2
f 1265/66/8 1247/66/8 1266/75/8 
f 1266/75/8 1242/61/8 1267/61/8 
s 1
f 1267/61/299 1242/61/286 1241/60/285 
s 2
f 1268/64/6 1245/64/6 1269/76/6 
f 1269/76/6 1270/77/6 1271/77/6 
s 4
f 1271/77/300 1270/77/301 1272/78/302 
s 2
f 1273/78/8 1272/78/8 1274/79/8 
f 1274/79/8 1246/65/8 1275/65/8 
s 1
f 1275/65/303 1246/65/290 1245/64/289 
s 5
f 1276/55/304 1277/58/305 1278/57/306 
f 1278/57/306 1279/56/307 1276/55/304 
f 1280/59/308 1281/62/309 1282/61/310 
f 1282/61/310 1283/60/311 1280/59/308 
f 1284/63/312 1285/66/313 1286/65/314 
f 1286/65/314 1287/64/315 1284/63/312 
s 1
f 1288/78/4 1272/78/4 1270/77/4 
f 1270/77/4 1289/77/4 1288/78/4 
s 2
f 1290/68/6 1291/67/6 1292/67/6 
f 1293/55/6 1276/55/6 1290/68/6 
s 4
f 1277/58/305 1276/55/304 1293/55/316 
s 2
f 1294/69/8 1277/58/8 1295/58/8 
f 1296/70/8 1297/70/8 1294/69/8 
s 1
f 1291/67/317 1297/70/318 1296/70/319 
s 2
f 1298/72/6 1279/56/6 1299/56/6 
f 1300/59/6 1280/59/6 1298/72/6 
s 4
f 1281/62/309 1280/59/308 1300/59/320 
s 2
f 1301/73/8 1281/62/8 1302/62/8 
f 1303/57/8 1278/57/8 1301/73/8 
s 1
f 1279/56/307 1278/57/306 1303/57/321 
s 2
f 1304/74/6 1283/60/6 1305/60/6 
f 1306/63/6 1284/63/6 1304/74/6 
s 4
f 1285/66/313 1284/63/312 1306/63/322 
s 2
f 1307/75/8 1285/66/8 1308/66/8 
f 1309/61/8 1282/61/8 1307/75/8 
s 1
f 1283/60/311 1282/61/310 1309/61/323 
s 2
f 1310/76/6 1287/64/6 1311/64/6 
f 1312/77/6 1289/77/6 1310/76/6 
s 4
f 1288/78/324 1289/77/325 1312/77/326 
s 2
f 1313/79/8 1288/78/8 1314/78/8 
f 1315/65/8 1286/65/8 1313/79/8 
s 1
f 1287/64/315 1286/65/314 1315/65/327 
s 4
f 1254/70/3 1297/70/3 1291/67/3 
f 1291/67/3 1249/67/3 1254/70/3 
s off
f 1250/68/6 1249/67/6 1316/67/6 
f 1254/70/8 1253/69/8 1317/58/8 
f 1236/55/6 1250/68/6 1316/67/6 
f 1253/69/8 1239/58/8 1317/58/8 
f 1257/72/6 1237/56/6 1318/56/6 
f 1238/57/8 1260/73/8 1319/62/8 
f 1240/59/6 1257/72/6 1318/56/6 
f 1260/73/8 1243/62/8 1319/62/8 
f 1263/74/6 1241/60/6 1320/60/6 
f 1242/61/8 1266/75/8 1321/66/8 
f 1244/63/6 1263/74/6 1320/60/6 
f 1266/75/8 1247/66/8 1321/66/8 
f 1269/76/6 1245/64/6 1322/64/6 
f 1246/65/8 1274/79/8 1323/78/8 
f 1270/77/6 1269/76/6 1322/64/6 
f 1274/79/8 1272/78/8 1323/78/8 
f 1249/67/6 1291/67/6 1316/67/6 
f 1237/56/6 1236/55/6 1318/56/6 
f 1241/60/6 1240/59/6 1320/60/6 
f 1245/64/6 1244/63/6 1322/64/6 
f 1239/58/8 1238/57/8 1317/58/8 
f 1243/62/8 1242/61/8 1319/62/8 
f 1247/66/8 1246/65/8 1321/66/8 
f 1272/78/8 1288/78/8 1323/78/8 
f 1276/55/6 1279/56/6 1324/55/6 
f 1280/59/6 1283/60/6 1325/59/6 
f 1284/63/6 1287/64/6 1326/63/6 
f 1289/77/6 1270/77/6 1327/77/6 
f 1291/67/6 1290/68/6 1324/55/6 
f 1290/68/6 1276/55/6 1324/55/6 
f 1277/58/8 1294/69/8 1328/70/8 
f 1294/69/8 1297/70/8 1328/70/8 
f 1279/56/6 1298/72/6 1325/59/6 
f 1298/72/6 1280/59/6 1325/59/6 
f 1281/62/8 1301/73/8 1329/57/8 
f 1301/73/8 1278/57/8 1329/57/8 
f 1283/60/6 1304/74/6 1326/63/6 
f 1304/74/6 1284/63/6 1326/63/6 
f 1285/66/8 1307/75/8 1330/61/8 
f 1307/75/8 1282/61/8 1330/61/8 
f 1287/64/6 1310/76/6 1327/77/6 
f 1310/76/6 1289/77/6 1327/77/6 
f 1288/78/8 1313/79/8 1331/65/8 
f 1313/79/8 1286/65/8 1331/65/8 
f 1297/70/8 1254/70/8 1328/70/8 
f 1278/57/8 1277/58/8 1329/57/8 
f 1282/61/8 1281/62/8 1330/61/8 
f 1286/65/8 1285/66/8 1331/65/8 
s 4
f 1272/78/302 1273/78/328 1271/77/300 
s 1
f 1245/64/289 1268/64/329 1275/65/303 
s 4
f 1247/66/291 1265/66/330 1264/63/298 
s 1
f 1241/60/285 1262/60/331 1267/61/299 
f 1237/56/282 1256/56/332 1261/57/297 
s 4
f 1243/62/287 1259/62/333 1258/59/296 
f 1312/77/326 1314/78/334 1288/78/324 
s 1
f 1315/65/327 1311/64/335 1287/64/315 
s 4
f 1239/58/283 1252/58/336 1251/55/292 
s 1
f 1249/67/295 1248/67/337 1255/70/293 
s 4
f 1300/59/320 1302/62/338 1281/62/309 
s 1
f 1303/57/321 1299/56/339 1279/56/307 
s 4
f 1306/63/322 1308/66/340 1285/66/313 
s 1
f 1309/61/323 1305/60/341 1283/60/311 
s 4
f 1293/55/316 1295/58/342 1277/58/305 
s 1
f 1296/70/319 1292/67/343 1291/67/317 
f 1329/57/344 1328/70/345 1324/55/346 
s off
f 1328/70/8 1329/57/8 1277/58/8 
f 1323/78/8 1321/66/8 1246/65/8 
s 1
f 1321/66/347 1323/78/348 1322/64/349 
s off
f 1327/77/6 1326/63/6 1287/64/6 
f 1316/67/6 1318/56/6 1236/55/6 
s 1
f 1318/56/350 1316/67/351 1317/58/352 
f 1326/63/353 1327/77/354 1331/65/355 
f 1322/64/349 1320/60/356 1321/66/347 
s off
f 1320/60/6 1322/64/6 1244/63/6 
s 1
f 1331/65/355 1330/61/357 1326/63/353 
s off
f 1330/61/8 1331/65/8 1285/66/8 
f 1319/62/8 1317/58/8 1238/57/8 
s 1
f 1317/58/352 1319/62/358 1318/56/350 
s off
f 1325/59/6 1324/55/6 1279/56/6 
s 1
f 1324/55/346 1325/59/359 1329/57/344 
s 2
f 1295/58/8 1332/70/8 1294/69/8 
s 1
f 1333/80/360 1334/69/249 1295/58/361 
s 2
f 1299/56/6 1300/59/6 1298/72/6 
s 1
f 1335/81/362 1336/72/363 1299/56/339 
f 1256/56/332 1337/72/364 1338/73/365 
s 2
f 1257/72/6 1258/59/6 1256/56/6 
f 1308/66/8 1309/61/8 1307/75/8 
s 1
f 1339/82/366 1340/75/367 1308/66/368 
f 1265/66/369 1341/75/370 1342/74/370 
s 2
f 1266/75/8 1267/61/8 1265/66/8 
s 1
f 1268/64/329 1343/76/371 1344/79/371 
s 2
f 1269/76/6 1343/76/6 1268/64/6 
f 1275/65/8 1273/78/8 1274/79/8 
s 1
f 1273/78/372 1344/79/371 1343/76/371 
f 1345/83/373 1346/79/374 1314/78/375 
s 2
f 1314/78/8 1315/65/8 1313/79/8 
f 1250/68/6 1251/55/6 1248/67/6 
s 1
f 1248/67/337 1347/68/376 1348/71/377 
s 2
f 1263/74/6 1342/74/6 1262/60/6 
s 1
f 1262/60/331 1342/74/370 1341/75/370 
s 2
f 1260/73/8 1261/57/8 1259/62/8 
s 1
f 1349/84/378 1338/73/365 1337/72/364 
f 1346/79/374 1345/83/373 1311/64/335 
s 2
f 1311/64/6 1345/83/6 1310/76/6 
f 1304/74/6 1305/60/6 1306/63/6 
s 1
f 1340/75/367 1339/82/366 1305/60/341 
f 1252/58/379 1348/71/377 1347/68/376 
s 2
f 1253/69/8 1255/70/8 1252/58/8 
s 1
f 1334/69/249 1333/80/360 1292/67/343 
s 2
f 1292/67/6 1293/55/6 1290/68/6 
f 1301/73/8 1302/62/8 1303/57/8 
s 1
f 1336/72/363 1335/81/362 1302/62/380 
f 1330/61/357 1329/57/344 1325/59/359 
s off
f 1329/57/8 1330/61/8 1281/62/8 
s 1
f 1320/60/356 1318/56/350 1319/62/358 
s off
f 1318/56/6 1320/60/6 1240/59/6 
s 1
f 1316/67/351 1324/55/346 1328/70/345 
s off
f 1324/55/6 1316/67/6 1291/67/6 
f 1317/58/8 1328/70/8 1254/70/8 
s 1
f 1328/70/345 1317/58/352 1316/67/351 
s off
f 1322/64/6 1327/77/6 1270/77/6 
s 1
f 1327/77/354 1322/64/349 1323/78/348 
f 1323/78/348 1331/65/355 1327/77/354 
s off
f 1331/65/8 1323/78/8 1288/78/8 
f 1326/63/6 1325/59/6 1283/60/6 
s 1
f 1325/59/359 1326/63/353 1330/61/357 
s off
f 1321/66/8 1319/62/8 1242/61/8 
s 1
f 1319/62/358 1321/66/347 1320/60/356 
s 2
f 1309/61/8 1308/66/8 1340/75/8 
s 1
f 1305/60/341 1350/61/381 1340/75/367 
s 2
f 1267/61/8 1341/75/8 1265/66/8 
s 1
f 1341/75/370 1351/61/382 1262/60/331 
f 1337/72/364 1352/59/383 1349/84/378 
s 2
f 1258/59/6 1337/72/6 1256/56/6 
s 1
f 1302/62/380 1353/59/384 1336/72/363 
s 2
f 1300/59/6 1299/56/6 1336/72/6 
f 1271/77/6 1343/76/6 1269/76/6 
s 1
f 1343/76/371 1354/77/372 1273/78/372 
f 1292/67/343 1332/70/385 1334/69/249 
s 2
f 1332/70/8 1295/58/8 1334/69/8 
f 1355/65/8 1344/79/8 1273/78/8 
s 1
f 1344/79/371 1355/65/386 1268/64/329 
s 2
f 1315/65/8 1314/78/8 1346/79/8 
s 1
f 1311/64/335 1356/65/387 1346/79/374 
s 2
f 1264/63/6 1342/74/6 1263/74/6 
s 1
f 1342/74/370 1357/63/369 1265/66/369 
f 1347/68/376 1358/55/388 1252/58/379 
s 2
f 1251/55/6 1347/68/6 1248/67/6 
s 1
f 1338/73/365 1359/57/389 1256/56/332 
s 2
f 1261/57/8 1338/73/8 1259/62/8 
f 1310/76/6 1345/83/6 1312/77/6 
s 4
f 1312/77/326 1345/83/390 1314/78/334 
s 2
f 1255/70/8 1348/71/8 1252/58/8 
s 1
f 1248/67/337 1348/71/377 1255/70/293 
s 4
f 1306/63/322 1339/82/391 1308/66/340 
s 2
f 1306/63/6 1305/60/6 1339/82/6 
f 1293/55/6 1292/67/6 1333/80/6 
s 4
f 1293/55/316 1333/80/392 1295/58/342 
s 2
f 1303/57/8 1302/62/8 1335/81/8 
s 1
f 1303/57/321 1335/81/362 1299/56/339 
s 4
f 1259/62/333 1352/59/393 1258/59/296 
s 2
f 1352/59/6 1337/72/6 1258/59/6 
f 1300/59/6 1336/72/6 1353/59/6 
s 4
f 1300/59/320 1353/59/394 1302/62/338 
s 1
f 1309/61/323 1350/61/381 1305/60/341 
s 2
f 1309/61/8 1340/75/8 1350/61/8 
s 1
f 1262/60/331 1351/61/382 1267/61/299 
s 2
f 1351/61/8 1341/75/8 1267/61/8 
s 4
f 1273/78/328 1354/77/395 1271/77/300 
s 2
f 1271/77/6 1354/77/6 1343/76/6 
s 1
f 1296/70/319 1332/70/385 1292/67/343 
s 2
f 1294/69/8 1332/70/8 1296/70/8 
s 1
f 1268/64/329 1355/65/386 1275/65/303 
s 2
f 1275/65/8 1355/65/8 1273/78/8 
f 1315/65/8 1346/79/8 1356/65/8 
s 1
f 1315/65/327 1356/65/387 1311/64/335 
s 2
f 1264/63/6 1357/63/6 1342/74/6 
s 4
f 1265/66/330 1357/63/396 1264/63/298 
s 2
f 1358/55/6 1347/68/6 1251/55/6 
s 4
f 1252/58/336 1358/55/397 1251/55/292 
s 1
f 1256/56/332 1359/57/389 1261/57/297 
s 2
f 1359/57/8 1338/73/8 1261/57/8 
f 1338/73/8 1349/84/8 1259/62/8 
s 8
f 1259/62/398 1349/84/398 1352/59/398 
s 5
f 1360/55/399 1361/56/282 1362/57/188 
f 1362/57/188 1363/58/283 1360/55/399 
f 1364/59/284 1365/60/285 1366/61/286 
f 1366/61/286 1367/62/287 1364/59/284 
f 1368/63/288 1369/64/289 1370/65/290 
f 1370/65/290 1371/66/291 1368/63/288 
s 2
f 1372/67/6 1373/67/6 1374/68/6 
f 1374/68/6 1360/55/6 1375/55/6 
s 4
f 1375/55/292 1360/55/399 1363/58/283 
s 2
f 1376/58/8 1363/58/8 1377/69/8 
f 1377/69/8 1378/70/8 1379/70/8 
s 1
f 1379/70/293 1378/70/294 1373/67/295 
s 2
f 1380/56/6 1361/56/6 1381/72/6 
f 1381/72/6 1364/59/6 1382/59/6 
s 4
f 1382/59/296 1364/59/284 1367/62/287 
s 2
f 1383/62/8 1367/62/8 1384/73/8 
f 1384/73/8 1362/57/8 1385/57/8 
s 1
f 1385/57/297 1362/57/188 1361/56/282 
s 2
f 1386/60/6 1365/60/6 1387/74/6 
f 1387/74/6 1368/63/6 1388/63/6 
s 4
f 1388/63/298 1368/63/288 1371/66/291 
s 2
f 1389/66/8 1371/66/8 1390/75/8 
f 1390/75/8 1366/61/8 1391/61/8 
s 1
f 1391/61/299 1366/61/286 1365/60/285 
s 2
f 1392/64/6 1369/64/6 1393/76/6 
f 1393/76/6 1394/77/6 1395/77/6 
s 4
f 1395/77/300 1394/77/301 1396/78/302 
s 2
f 1397/78/8 1396/78/8 1398/79/8 
f 1398/79/8 1370/65/8 1399/65/8 
s 1
f 1399/65/303 1370/65/290 1369/64/289 
s 5
f 1400/55/304 1401/58/305 1402/57/306 
f 1402/57/306 1403/56/307 1400/55/304 
f 1404/59/308 1405/62/309 1406/61/310 
f 1406/61/310 1407/60/311 1404/59/308 
f 1408/63/312 1409/66/313 1410/65/314 
f 1410/65/314 1411/64/315 1408/63/312 
s 1
f 1412/78/4 1396/78/4 1394/77/4 
f 1394/77/4 1413/77/4 1412/78/4 
s 2
f 1414/68/6 1415/67/6 1416/67/6 
f 1417/55/6 1400/55/6 1414/68/6 
s 4
f 1401/58/305 1400/55/304 1417/55/316 
s 2
f 1418/69/8 1401/58/8 1419/58/8 
f 1420/70/8 1421/70/8 1418/69/8 
s 1
f 1415/67/317 1421/70/318 1420/70/319 
s 2
f 1422/72/6 1403/56/6 1423/56/6 
f 1424/59/6 1404/59/6 1422/72/6 
s 4
f 1405/62/309 1404/59/308 1424/59/320 
s 2
f 1425/73/8 1405/62/8 1426/62/8 
f 1427/57/8 1402/57/8 1425/73/8 
s 1
f 1403/56/307 1402/57/306 1427/57/321 
s 2
f 1428/74/6 1407/60/6 1429/60/6 
f 1430/63/6 1408/63/6 1428/74/6 
s 4
f 1409/66/313 1408/63/312 1430/63/322 
s 2
f 1431/75/8 1409/66/8 1432/66/8 
f 1433/61/8 1406/61/8 1431/75/8 
s 1
f 1407/60/311 1406/61/310 1433/61/323 
s 2
f 1434/76/6 1411/64/6 1435/64/6 
f 1436/77/6 1413/77/6 1434/76/6 
s 4
f 1412/78/324 1413/77/325 1436/77/326 
s 2
f 1437/79/8 1412/78/8 1438/78/8 
f 1439/65/8 1410/65/8 1437/79/8 
s 1
f 1411/64/315 1410/65/314 1439/65/327 
s 4
f 1378/70/3 1421/70/3 1415/67/3 
f 1415/67/3 1373/67/3 1378/70/3 
s off
f 1374/68/6 1373/67/6 1440/67/6 
f 1378/70/8 1377/69/8 1441/58/8 
f 1360/55/6 1374/68/6 1440/67/6 
f 1377/69/8 1363/58/8 1441/58/8 
f 1381/72/6 1361/56/6 1442/56/6 
f 1362/57/8 1384/73/8 1443/62/8 
f 1364/59/6 1381/72/6 1442/56/6 
f 1384/73/8 1367/62/8 1443/62/8 
f 1387/74/6 1365/60/6 1444/60/6 
f 1366/61/8 1390/75/8 1445/66/8 
f 1368/63/6 1387/74/6 1444/60/6 
f 1390/75/8 1371/66/8 1445/66/8 
f 1393/76/6 1369/64/6 1446/64/6 
f 1370/65/8 1398/79/8 1447/78/8 
f 1394/77/6 1393/76/6 1446/64/6 
f 1398/79/8 1396/78/8 1447/78/8 
f 1373/67/6 1415/67/6 1440/67/6 
f 1361/56/6 1360/55/6 1442/56/6 
f 1365/60/6 1364/59/6 1444/60/6 
f 1369/64/6 1368/63/6 1446/64/6 
f 1363/58/8 1362/57/8 1441/58/8 
f 1367/62/8 1366/61/8 1443/62/8 
f 1371/66/8 1370/65/8 1445/66/8 
f 1396/78/8 1412/78/8 1447/78/8 
f 1400/55/6 1403/56/6 1448/55/6 
f 1404/59/6 1407/60/6 1449/59/6 
f 1408/63/6 1411/64/6 1450/63/6 
f 1413/77/6 1394/77/6 1451/77/6 
f 1415/67/6 1414/68/6 1448/55/6 
f 1414/68/6 1400/55/6 1448/55/6 
f 1401/58/8 1418/69/8 1452/70/8 
f 1418/69/8 1421/70/8 1452/70/8 
f 1403/56/6 1422/72/6 1449/59/6 
f 1422/72/6 1404/59/6 1449/59/6 
f 1405/62/8 1425/73/8 1453/57/8 
f 1425/73/8 1402/57/8 1453/57/8 
f 1407/60/6 1428/74/6 1450/63/6 
f 1428/74/6 1408/63/6 1450/63/6 
f 1409/66/8 1431/75/8 1454/61/8 
f 1431/75/8 1406/61/8 1454/61/8 
f 1411/64/6 1434/76/6 1451/77/6 
f 1434/76/6 1413/77/6 1451/77/6 
f 1412/78/8 1437/79/8 1455/65/8 
f 1437/79/8 1410/65/8 1455/65/8 
f 1421/70/8 1378/70/8 1452/70/8 
f 1402/57/8 1401/58/8 1453/57/8 
f 1406/61/8 1405/62/8 1454/61/8 
f 1410/65/8 1409/66/8 1455/65/8 
s 4
f 1396/78/302 1397/78/328 1395/77/300 
s 1
f 1369/64/289 1392/64/329 1399/65/303 
s 4
f 1371/66/291 1389/66/330 1388/63/298 
s 1
f 1365/60/285 1386/60/331 1391/61/299 
f 1361/56/282 1380/56/332 1385/57/297 
s 4
f 1367/62/287 1383/62/333 1382/59/296 
f 1436/77/326 1438/78/334 1412/78/324 
s 1
f 1439/65/327 1435/64/335 1411/64/315 
s 4
f 1363/58/283 1376/58/336 1375/55/292 
s 1
f 1373/67/295 1372/67/337 1379/70/293 
s 4
f 1424/59/320 1426/62/338 1405/62/309 
s 1
f 1427/57/321 1423/56/339 1403/56/307 
s 4
f 1430/63/322 1432/66/340 1409/66/313 
s 1
f 1433/61/323 1429/60/341 1407/60/311 
s 4
f 1417/55/316 1419/58/342 1401/58/305 
s 1
f 1420/70/319 1416/67/343 1415/67/317 
f 1453/57/344 1452/70/345 1448/55/346 
s off
f 1452/70/8 1453/57/8 1401/58/8 
f 1447/78/8 1445/66/8 1370/65/8 
s 1
f 1445/66/347 1447/78/348 1446/64/349 
s off
f 1451/77/6 1450/63/6 1411/64/6 
f 1440/67/6 1442/56/6 1360/55/6 
s 1
f 1442/56/350 1440/67/351 1441/58/352 
f 1450/63/353 1451/77/354 1455/65/355 
f 1446/64/349 1444/60/356 1445/66/347 
s off
f 1444/60/6 1446/64/6 1368/63/6 
s 1
f 1455/65/355 1454/61/357 1450/63/353 
s off
f 1454/61/8 1455/65/8 1409/66/8 
f 1443/62/8 1441/58/8 1362/57/8 
s 1
f 1441/58/352 1443/62/358 1442/56/350 
s off
f 1449/59/6 1448/55/6 1403/56/6 
s 1
f 1448/55/346 1449/59/359 1453/57/344 
s 2
f 1419/58/8 1456/70/8 1418/69/8 
s 1
f 1457/80/360 1458/69/249 1419/58/361 
s 2
f 1423/56/6 1424/59/6 1422/72/6 
s 1
f 1459/81/362 1460/72/363 1423/56/339 
f 1380/56/332 1461/72/364 1462/73/365 
s 2
f 1381/72/6 1382/59/6 1380/56/6 
f 1432/66/8 1433/61/8 1431/75/8 
s 1
f 1463/82/366 1464/75/367 1432/66/368 
f 1389/66/369 1465/75/370 1466/74/370 
s 2
f 1390/75/8 1391/61/8 1389/66/8 
s 1
f 1392/64/329 1467/76/371 1468/79/371 
s 2
f 1393/76/6 1467/76/6 1392/64/6 
f 1399/65/8 1397/78/8 1398/79/8 
s 1
f 1397/78/372 1468/79/371 1467/76/371 
f 1469/83/373 1470/79/374 1438/78/375 
s 2
f 1438/78/8 1439/65/8 1437/79/8 
f 1374/68/6 1375/55/6 1372/67/6 
s 1
f 1372/67/337 1471/68/376 1472/71/377 
s 2
f 1387/74/6 1466/74/6 1386/60/6 
s 1
f 1386/60/331 1466/74/370 1465/75/370 
s 2
f 1384/73/8 1385/57/8 1383/62/8 
s 1
f 1473/84/378 1462/73/365 1461/72/364 
f 1470/79/374 1469/83/373 1435/64/335 
s 2
f 1435/64/6 1469/83/6 1434/76/6 
f 1428/74/6 1429/60/6 1430/63/6 
s 1
f 1464/75/367 1463/82/366 1429/60/341 
f 1376/58/379 1472/71/377 1471/68/376 
s 2
f 1377/69/8 1379/70/8 1376/58/8 
s 1
f 1458/69/249 1457/80/360 1416/67/343 
s 2
f 1416/67/6 1417/55/6 1414/68/6 
f 1425/73/8 1426/62/8 1427/57/8 
s 1
f 1460/72/363 1459/81/362 1426/62/380 
f 1454/61/357 1453/57/344 1449/59/359 
s off
f 1453/57/8 1454/61/8 1405/62/8 
s 1
f 1444/60/356 1442/56/350 1443/62/358 
s off
f 1442/56/6 1444/60/6 1364/59/6 
s 1
f 1440/67/351 1448/55/346 1452/70/345 
s off
f 1448/55/6 1440/67/6 1415/67/6 
f 1441/58/8 1452/70/8 1378/70/8 
s 1
f 1452/70/345 1441/58/352 1440/67/351 
s off
f 1446/64/6 1451/77/6 1394/77/6 
s 1
f 1451/77/354 1446/64/349 1447/78/348 
f 1447/78/348 1455/65/355 1451/77/354 
s off
f 1455/65/8 1447/78/8 1412/78/8 
f 1450/63/6 1449/59/6 1407/60/6 
s 1
f 1449/59/359 1450/63/353 1454/61/357 
s off
f 1445/66/8 1443/62/8 1366/61/8 
s 1
f 1443/62/358 1445/66/347 1444/60/356 
s 2
f 1433/61/8 1432/66/8 1464/75/8 
s 1
f 1429/60/341 1474/61/381 1464/75/367 
s 2
f 1391/61/8 1465/75/8 1389/66/8 
s 1
f 1465/75/370 1475/61/382 1386/60/331 
f 1461/72/364 1476/59/383 1473/84/378 
s 2
f 1382/59/6 1461/72/6 1380/56/6 
s 1
f 1426/62/380 1477/59/384 1460/72/363 
s 2
f 1424/59/6 1423/56/6 1460/72/6 
f 1395/77/6 1467/76/6 1393/76/6 
s 1
f 1467/76/371 1478/77/372 1397/78/372 
f 1416/67/343 1456/70/385 1458/69/249 
s 2
f 1456/70/8 1419/58/8 1458/69/8 
f 1479/65/8 1468/79/8 1397/78/8 
s 1
f 1468/79/371 1479/65/386 1392/64/329 
s 2
f 1439/65/8 1438/78/8 1470/79/8 
s 1
f 1435/64/335 1480/65/387 1470/79/374 
s 2
f 1388/63/6 1466/74/6 1387/74/6 
s 1
f 1466/74/370 1481/63/369 1389/66/369 
f 1471/68/376 1482/55/388 1376/58/379 
s 2
f 1375/55/6 1471/68/6 1372/67/6 
s 1
f 1462/73/365 1483/57/389 1380/56/332 
s 2
f 1385/57/8 1462/73/8 1383/62/8 
f 1434/76/6 1469/83/6 1436/77/6 
s 4
f 1436/77/326 1469/83/390 1438/78/334 
s 2
f 1379/70/8 1472/71/8 1376/58/8 
s 1
f 1372/67/337 1472/71/377 1379/70/293 
s 4
f 1430/63/322 1463/82/391 1432/66/340 
s 2
f 1430/63/6 1429/60/6 1463/82/6 
f 1417/55/6 1416/67/6 1457/80/6 
s 4
f 1417/55/316 1457/80/392 1419/58/342 
s 2
f 1427/57/8 1426/62/8 1459/81/8 
s 1
f 1427/57/321 1459/81/362 1423/56/339 
s 4
f 1383/62/333 1476/59/393 1382/59/296 
s 2
f 1476/59/6 1461/72/6 1382/59/6 
f 1424/59/6 1460/72/6 1477/59/6 
s 4
f 1424/59/320 1477/59/394 1426/62/338 
s 1
f 1433/61/323 1474/61/381 1429/60/341 
s 2
f 1433/61/8 1464/75/8 1474/61/8 
s 1
f 1386/60/331 1475/61/382 1391/61/299 
s 2
f 1475/61/8 1465/75/8 1391/61/8 
s 4
f 1397/78/328 1478/77/400 1395/77/300 
s 2
f 1395/77/6 1478/77/6 1467/76/6 
s 1
f 1420/70/319 1456/70/385 1416/67/343 
s 2
f 1418/69/8 1456/70/8 1420/70/8 
s 1
f 1392/64/329 1479/65/386 1399/65/303 
s 2
f 1399/65/8 1479/65/8 1397/78/8 
f 1439/65/8 1470/79/8 1480/65/8 
s 1
f 1439/65/327 1480/65/387 1435/64/335 
s 2
f 1388/63/6 1481/63/6 1466/74/6 
s 4
f 1389/66/330 1481/63/396 1388/63/298 
s 2
f 1482/55/6 1471/68/6 1375/55/6 
s 4
f 1376/58/336 1482/55/397 1375/55/292 
s 1
f 1380/56/332 1483/57/389 1385/57/297 
s 2
f 1483/57/8 1462/73/8 1385/57/8 
f 1462/73/8 1473/84/8 1383/62/8 
s 8
f 1383/62/398 1473/84/398 1476/59/398 
s 5
f 1484/55/401 1485/56/402 1486/57/403 
f 1486/57/403 1487/58/404 1484/55/401 
f 1488/59/310 1489/60/405 1490/61/308 
f 1490/61/308 1491/62/406 1488/59/310 
f 1492/63/407 1493/64/408 1494/65/409 
f 1494/65/409 1495/66/410 1492/63/407 
s 2
f 1496/67/6 1497/67/6 1498/68/6 
f 1498/68/6 1484/55/6 1499/55/6 
s 4
f 1499/55/411 1484/55/401 1487/58/404 
s 2
f 1500/58/8 1487/58/8 1501/69/8 
f 1501/69/8 1502/70/8 1503/70/8 
s 1
f 1503/70/412 1502/70/413 1497/67/414 
s 2
f 1504/56/6 1485/56/6 1505/72/6 
f 1505/72/6 1488/59/6 1506/59/6 
s 4
f 1506/59/415 1488/59/310 1491/62/406 
s 2
f 1507/62/8 1491/62/8 1508/73/8 
f 1508/73/8 1486/57/8 1509/57/8 
s 1
f 1509/57/416 1486/57/403 1485/56/402 
s 2
f 1510/60/6 1489/60/6 1511/74/6 
f 1511/74/6 1492/63/6 1512/63/6 
s 4
f 1512/63/417 1492/63/407 1495/66/410 
s 2
f 1513/66/8 1495/66/8 1514/75/8 
f 1514/75/8 1490/61/8 1515/61/8 
s 1
f 1515/61/418 1490/61/308 1489/60/405 
s 2
f 1516/64/6 1493/64/6 1517/76/6 
f 1517/76/6 1518/77/6 1519/77/6 
s 4
f 1519/77/419 1518/77/420 1520/78/421 
s 2
f 1521/78/8 1520/78/8 1522/79/8 
f 1522/79/8 1494/65/8 1523/65/8 
s 1
f 1523/65/422 1494/65/409 1493/64/408 
s 5
f 1524/55/166 1525/58/423 1526/57/164 
f 1526/57/164 1527/56/424 1524/55/166 
f 1528/59/286 1529/62/425 1530/61/284 
f 1530/61/284 1531/60/426 1528/59/286 
f 1532/63/427 1533/66/428 1534/65/429 
f 1534/65/429 1535/64/430 1532/63/427 
s 1
f 1536/78/3 1520/78/3 1518/77/3 
f 1518/77/3 1537/77/3 1536/78/3 
s 2
f 1538/68/6 1539/67/6 1540/67/6 
f 1541/55/6 1524/55/6 1538/68/6 
s 4
f 1525/58/423 1524/55/166 1541/55/431 
s 2
f 1542/69/8 1525/58/8 1543/58/8 
f 1544/70/8 1545/70/8 1542/69/8 
s 1
f 1539/67/432 1545/70/433 1544/70/434 
s 2
f 1546/72/6 1527/56/6 1547/56/6 
f 1548/59/6 1528/59/6 1546/72/6 
s 4
f 1529/62/425 1528/59/286 1548/59/435 
s 2
f 1549/73/8 1529/62/8 1550/62/8 
f 1551/57/8 1526/57/8 1549/73/8 
s 1
f 1527/56/424 1526/57/164 1551/57/436 
s 2
f 1552/74/6 1531/60/6 1553/60/6 
f 1554/63/6 1532/63/6 1552/74/6 
s 4
f 1533/66/428 1532/63/427 1554/63/437 
s 2
f 1555/75/8 1533/66/8 1556/66/8 
f 1557/61/8 1530/61/8 1555/75/8 
s 1
f 1531/60/426 1530/61/284 1557/61/438 
s 2
f 1558/76/6 1535/64/6 1559/64/6 
f 1560/77/6 1537/77/6 1558/76/6 
s 4
f 1536/78/439 1537/77/440 1560/77/441 
s 2
f 1561/79/8 1536/78/8 1562/78/8 
f 1563/65/8 1534/65/8 1561/79/8 
s 1
f 1535/64/430 1534/65/429 1563/65/442 
s 4
f 1502/70/4 1545/70/4 1539/67/4 
f 1539/67/4 1497/67/4 1502/70/4 
s off
f 1498/68/6 1497/67/6 1564/67/6 
f 1502/70/8 1501/69/8 1565/58/8 
f 1484/55/6 1498/68/6 1564/67/6 
f 1501/69/8 1487/58/8 1565/58/8 
f 1505/72/6 1485/56/6 1566/56/6 
f 1486/57/8 1508/73/8 1567/62/8 
f 1488/59/6 1505/72/6 1566/56/6 
f 1508/73/8 1491/62/8 1567/62/8 
f 1511/74/6 1489/60/6 1568/60/6 
f 1490/61/8 1514/75/8 1569/66/8 
f 1492/63/6 1511/74/6 1568/60/6 
f 1514/75/8 1495/66/8 1569/66/8 
f 1517/76/6 1493/64/6 1570/64/6 
f 1494/65/8 1522/79/8 1571/78/8 
f 1518/77/6 1517/76/6 1570/64/6 
f 1522/79/8 1520/78/8 1571/78/8 
f 1497/67/6 1539/67/6 1564/67/6 
f 1485/56/6 1484/55/6 1566/56/6 
f 1489/60/6 1488/59/6 1568/60/6 
f 1493/64/6 1492/63/6 1570/64/6 
f 1487/58/8 1486/57/8 1565/58/8 
f 1491/62/8 1490/61/8 1567/62/8 
f 1495/66/8 1494/65/8 1569/66/8 
f 1520/78/8 1536/78/8 1571/78/8 
f 1524/55/6 1527/56/6 1572/55/6 
f 1528/59/6 1531/60/6 1573/59/6 
f 1532/63/6 1535/64/6 1574/63/6 
f 1537/77/6 1518/77/6 1575/77/6 
f 1539/67/6 1538/68/6 1572/55/6 
f 1538/68/6 1524/55/6 1572/55/6 
f 1525/58/8 1542/69/8 1576/70/8 
f 1542/69/8 1545/70/8 1576/70/8 
f 1527/56/6 1546/72/6 1573/59/6 
f 1546/72/6 1528/59/6 1573/59/6 
f 1529/62/8 1549/73/8 1577/57/8 
f 1549/73/8 1526/57/8 1577/57/8 
f 1531/60/6 1552/74/6 1574/63/6 
f 1552/74/6 1532/63/6 1574/63/6 
f 1533/66/8 1555/75/8 1578/61/8 
f 1555/75/8 1530/61/8 1578/61/8 
f 1535/64/6 1558/76/6 1575/77/6 
f 1558/76/6 1537/77/6 1575/77/6 
f 1536/78/8 1561/79/8 1579/65/8 
f 1561/79/8 1534/65/8 1579/65/8 
f 1545/70/8 1502/70/8 1576/70/8 
f 1526/57/8 1525/58/8 1577/57/8 
f 1530/61/8 1529/62/8 1578/61/8 
f 1534/65/8 1533/66/8 1579/65/8 
s 4
f 1520/78/421 1521/78/443 1519/77/419 
s 1
f 1493/64/408 1516/64/444 1523/65/422 
s 4
f 1495/66/410 1513/66/445 1512/63/417 
s 1
f 1489/60/405 1510/60/446 1515/61/418 
f 1485/56/402 1504/56/447 1509/57/416 
s 4
f 1491/62/406 1507/62/448 1506/59/415 
f 1560/77/441 1562/78/449 1536/78/439 
s 1
f 1563/65/442 1559/64/450 1535/64/430 
s 4
f 1487/58/404 1500/58/451 1499/55/411 
s 1
f 1497/67/414 1496/67/452 1503/70/412 
s 4
f 1548/59/435 1550/62/453 1529/62/425 
s 1
f 1551/57/436 1547/56/454 1527/56/424 
s 4
f 1554/63/437 1556/66/455 1533/66/428 
s 1
f 1557/61/438 1553/60/456 1531/60/426 
s 4
f 1541/55/431 1543/58/457 1525/58/423 
s 1
f 1544/70/434 1540/67/458 1539/67/432 
f 1577/57/459 1576/70/460 1572/55/461 
s off
f 1576/70/8 1577/57/8 1525/58/8 
f 1571/78/8 1569/66/8 1494/65/8 
s 1
f 1569/66/462 1571/78/463 1570/64/464 
s off
f 1575/77/6 1574/63/6 1535/64/6 
f 1564/67/6 1566/56/6 1484/55/6 
s 1
f 1566/56/465 1564/67/466 1565/58/467 
f 1574/63/468 1575/77/469 1579/65/470 
f 1570/64/464 1568/60/359 1569/66/462 
s off
f 1568/60/6 1570/64/6 1492/63/6 
s 1
f 1579/65/470 1578/61/358 1574/63/468 
s off
f 1578/61/8 1579/65/8 1533/66/8 
f 1567/62/8 1565/58/8 1486/57/8 
s 1
f 1565/58/467 1567/62/357 1566/56/465 
s off
f 1573/59/6 1572/55/6 1527/56/6 
s 1
f 1572/55/461 1573/59/356 1577/57/459 
s 2
f 1543/58/8 1580/70/8 1542/69/8 
s 1
f 1581/80/471 1582/69/472 1543/58/473 
s 2
f 1547/56/6 1548/59/6 1546/72/6 
s 1
f 1583/81/474 1584/72/475 1547/56/454 
f 1504/56/447 1585/72/476 1586/73/477 
s 2
f 1505/72/6 1506/59/6 1504/56/6 
f 1556/66/8 1557/61/8 1555/75/8 
s 1
f 1587/82/478 1588/75/242 1556/66/479 
f 1513/66/480 1589/75/481 1590/74/481 
s 2
f 1514/75/8 1515/61/8 1513/66/8 
s 1
f 1516/64/444 1591/76/482 1592/79/482 
s 2
f 1517/76/6 1591/76/6 1516/64/6 
f 1523/65/8 1521/78/8 1522/79/8 
s 1
f 1521/78/483 1592/79/482 1591/76/482 
f 1593/83/484 1594/79/485 1562/78/486 
s 2
f 1562/78/8 1563/65/8 1561/79/8 
f 1498/68/6 1499/55/6 1496/67/6 
s 1
f 1496/67/452 1595/68/487 1596/71/488 
s 2
f 1511/74/6 1590/74/6 1510/60/6 
s 1
f 1510/60/446 1590/74/481 1589/75/481 
s 2
f 1508/73/8 1509/57/8 1507/62/8 
s 1
f 1597/84/489 1586/73/477 1585/72/476 
f 1594/79/485 1593/83/484 1559/64/450 
s 2
f 1559/64/6 1593/83/6 1558/76/6 
f 1552/74/6 1553/60/6 1554/63/6 
s 1
f 1588/75/242 1587/82/478 1553/60/456 
f 1500/58/490 1596/71/488 1595/68/487 
s 2
f 1501/69/8 1503/70/8 1500/58/8 
s 1
f 1582/69/472 1581/80/471 1540/67/458 
s 2
f 1540/67/6 1541/55/6 1538/68/6 
f 1549/73/8 1550/62/8 1551/57/8 
s 1
f 1584/72/475 1583/81/474 1550/62/491 
f 1578/61/358 1577/57/459 1573/59/356 
s off
f 1577/57/8 1578/61/8 1529/62/8 
s 1
f 1568/60/359 1566/56/465 1567/62/357 
s off
f 1566/56/6 1568/60/6 1488/59/6 
s 1
f 1564/67/466 1572/55/461 1576/70/460 
s off
f 1572/55/6 1564/67/6 1539/67/6 
f 1565/58/8 1576/70/8 1502/70/8 
s 1
f 1576/70/460 1565/58/467 1564/67/466 
s off
f 1570/64/6 1575/77/6 1518/77/6 
s 1
f 1575/77/469 1570/64/464 1571/78/463 
f 1571/78/463 1579/65/470 1575/77/469 
s off
f 1579/65/8 1571/78/8 1536/78/8 
f 1574/63/6 1573/59/6 1531/60/6 
s 1
f 1573/59/356 1574/63/468 1578/61/358 
s off
f 1569/66/8 1567/62/8 1490/61/8 
s 1
f 1567/62/357 1569/66/462 1568/60/359 
s 2
f 1557/61/8 1556/66/8 1588/75/8 
s 1
f 1553/60/456 1598/61/492 1588/75/242 
s 2
f 1515/61/8 1589/75/8 1513/66/8 
s 1
f 1589/75/481 1599/61/493 1510/60/446 
f 1585/72/476 1600/59/494 1597/84/489 
s 2
f 1506/59/6 1585/72/6 1504/56/6 
s 1
f 1550/62/491 1601/59/495 1584/72/475 
s 2
f 1548/59/6 1547/56/6 1584/72/6 
f 1519/77/6 1591/76/6 1517/76/6 
s 1
f 1591/76/482 1602/77/483 1521/78/483 
f 1540/67/458 1580/70/496 1582/69/472 
s 2
f 1580/70/8 1543/58/8 1582/69/8 
f 1603/65/8 1592/79/8 1521/78/8 
s 1
f 1592/79/482 1603/65/497 1516/64/444 
s 2
f 1563/65/8 1562/78/8 1594/79/8 
s 1
f 1559/64/450 1604/65/498 1594/79/485 
s 2
f 1512/63/6 1590/74/6 1511/74/6 
s 1
f 1590/74/481 1605/63/480 1513/66/480 
f 1595/68/487 1606/55/499 1500/58/490 
s 2
f 1499/55/6 1595/68/6 1496/67/6 
s 1
f 1586/73/477 1607/57/500 1504/56/447 
s 2
f 1509/57/8 1586/73/8 1507/62/8 
f 1558/76/6 1593/83/6 1560/77/6 
s 4
f 1560/77/441 1593/83/501 1562/78/449 
s 2
f 1503/70/8 1596/71/8 1500/58/8 
s 1
f 1496/67/452 1596/71/488 1503/70/412 
s 4
f 1554/63/437 1587/82/502 1556/66/455 
s 2
f 1554/63/6 1553/60/6 1587/82/6 
f 1541/55/6 1540/67/6 1581/80/6 
s 4
f 1541/55/431 1581/80/503 1543/58/457 
s 2
f 1551/57/8 1550/62/8 1583/81/8 
s 1
f 1551/57/436 1583/81/474 1547/56/454 
s 4
f 1507/62/448 1600/59/504 1506/59/415 
s 2
f 1600/59/6 1585/72/6 1506/59/6 
f 1548/59/6 1584/72/6 1601/59/6 
s 4
f 1548/59/435 1601/59/505 1550/62/453 
s 1
f 1557/61/438 1598/61/492 1553/60/456 
s 2
f 1557/61/8 1588/75/8 1598/61/8 
s 1
f 1510/60/446 1599/61/493 1515/61/418 
s 2
f 1599/61/8 1589/75/8 1515/61/8 
s 4
f 1521/78/443 1602/77/506 1519/77/419 
s 2
f 1519/77/6 1602/77/6 1591/76/6 
s 1
f 1544/70/434 1580/70/496 1540/67/458 
s 2
f 1542/69/8 1580/70/8 1544/70/8 
s 1
f 1516/64/444 1603/65/497 1523/65/422 
s 2
f 1523/65/8 1603/65/8 1521/78/8 
f 1563/65/8 1594/79/8 1604/65/8 
s 1
f 1563/65/442 1604/65/498 1559/64/450 
s 2
f 1512/63/6 1605/63/6 1590/74/6 
s 4
f 1513/66/445 1605/63/507 1512/63/417 
s 2
f 1606/55/6 1595/68/6 1499/55/6 
s 4
f 1500/58/451 1606/55/508 1499/55/411 
s 1
f 1504/56/447 1607/57/500 1509/57/416 
s 2
f 1607/57/8 1586/73/8 1509/57/8 
f 1586/73/8 1597/84/8 1507/62/8 
s 8
f 1507/62/509 1597/84/509 1600/59/509 
s 5
f 1608/55/510 1609/56/402 1610/57/403 
f 1610/57/403 1611/58/404 1608/55/510 
f 1612/59/310 1613/60/405 1614/61/308 
f 1614/61/308 1615/62/406 1612/59/310 
f 1616/63/407 1617/64/408 1618/65/409 
f 1618/65/409 1619/66/410 1616/63/407 
s 2
f 1620/67/6 1621/67/6 1622/68/6 
f 1622/68/6 1608/55/6 1623/55/6 
s 4
f 1623/55/411 1608/55/510 1611/58/404 
s 2
f 1624/58/8 1611/58/8 1625/69/8 
f 1625/69/8 1626/70/8 1627/70/8 
s 1
f 1627/70/412 1626/70/413 1621/67/414 
s 2
f 1628/56/6 1609/56/6 1629/72/6 
f 1629/72/6 1612/59/6 1630/59/6 
s 4
f 1630/59/415 1612/59/310 1615/62/406 
s 2
f 1631/62/8 1615/62/8 1632/73/8 
f 1632/73/8 1610/57/8 1633/57/8 
s 1
f 1633/57/416 1610/57/403 1609/56/402 
s 2
f 1634/60/6 1613/60/6 1635/74/6 
f 1635/74/6 1616/63/6 1636/63/6 
s 4
f 1636/63/511 1616/63/407 1619/66/410 
s 2
f 1637/66/8 1619/66/8 1638/75/8 
f 1638/75/8 1614/61/8 1639/61/8 
s 1
f 1639/61/418 1614/61/308 1613/60/405 
s 2
f 1640/64/6 1617/64/6 1641/76/6 
f 1641/76/6 1642/77/6 1643/77/6 
s 4
f 1643/77/419 1642/77/420 1644/78/421 
s 2
f 1645/78/8 1644/78/8 1646/79/8 
f 1646/79/8 1618/65/8 1647/65/8 
s 1
f 1647/65/422 1618/65/409 1617/64/408 
s 5
f 1648/55/166 1649/58/423 1650/57/164 
f 1650/57/164 1651/56/424 1648/55/166 
f 1652/59/286 1653/62/425 1654/61/284 
f 1654/61/284 1655/60/426 1652/59/286 
f 1656/63/427 1657/66/428 1658/65/429 
f 1658/65/429 1659/64/430 1656/63/427 
s 1
f 1660/78/3 1644/78/3 1642/77/3 
f 1642/77/3 1661/77/3 1660/78/3 
s 2
f 1662/68/6 1663/67/6 1664/67/6 
f 1665/55/6 1648/55/6 1662/68/6 
s 4
f 1649/58/423 1648/55/166 1665/55/512 
s 2
f 1666/69/8 1649/58/8 1667/58/8 
f 1668/70/8 1669/70/8 1666/69/8 
s 1
f 1663/67/432 1669/70/433 1668/70/434 
s 2
f 1670/72/6 1651/56/6 1671/56/6 
f 1672/59/6 1652/59/6 1670/72/6 
s 4
f 1653/62/425 1652/59/286 1672/59/435 
s 2
f 1673/73/8 1653/62/8 1674/62/8 
f 1675/57/8 1650/57/8 1673/73/8 
s 1
f 1651/56/424 1650/57/164 1675/57/436 
s 2
f 1676/74/6 1655/60/6 1677/60/6 
f 1678/63/6 1656/63/6 1676/74/6 
s 4
f 1657/66/428 1656/63/427 1678/63/437 
s 2
f 1679/75/8 1657/66/8 1680/66/8 
f 1681/61/8 1654/61/8 1679/75/8 
s 1
f 1655/60/426 1654/61/284 1681/61/438 
s 2
f 1682/76/6 1659/64/6 1683/64/6 
f 1684/77/6 1661/77/6 1682/76/6 
s 4
f 1660/78/439 1661/77/440 1684/77/441 
s 2
f 1685/79/8 1660/78/8 1686/78/8 
f 1687/65/8 1658/65/8 1685/79/8 
s 1
f 1659/64/430 1658/65/429 1687/65/442 
s 4
f 1626/70/4 1669/70/4 1663/67/4 
f 1663/67/4 1621/67/4 1626/70/4 
s off
f 1622/68/6 1621/67/6 1688/67/6 
f 1626/70/8 1625/69/8 1689/58/8 
f 1608/55/6 1622/68/6 1688/67/6 
f 1625/69/8 1611/58/8 1689/58/8 
f 1629/72/6 1609/56/6 1690/56/6 
f 1610/57/8 1632/73/8 1691/62/8 
f 1612/59/6 1629/72/6 1690/56/6 
f 1632/73/8 1615/62/8 1691/62/8 
f 1635/74/6 1613/60/6 1692/60/6 
f 1614/61/8 1638/75/8 1693/66/8 
f 1616/63/6 1635/74/6 1692/60/6 
f 1638/75/8 1619/66/8 1693/66/8 
f 1641/76/6 1617/64/6 1694/64/6 
f 1618/65/8 1646/79/8 1695/78/8 
f 1642/77/6 1641/76/6 1694/64/6 
f 1646/79/8 1644/78/8 1695/78/8 
f 1621/67/6 1663/67/6 1688/67/6 
f 1609/56/6 1608/55/6 1690/56/6 
f 1613/60/6 1612/59/6 1692/60/6 
f 1617/64/6 1616/63/6 1694/64/6 
f 1611/58/8 1610/57/8 1689/58/8 
f 1615/62/8 1614/61/8 1691/62/8 
f 1619/66/8 1618/65/8 1693/66/8 
f 1644/78/8 1660/78/8 1695/78/8 
f 1648/55/6 1651/56/6 1696/55/6 
f 1652/59/6 1655/60/6 1697/59/6 
f 1656/63/6 1659/64/6 1698/63/6 
f 1661/77/6 1642/77/6 1699/77/6 
f 1663/67/6 1662/68/6 1696/55/6 
f 1662/68/6 1648/55/6 1696/55/6 
f 1649/58/8 1666/69/8 1700/70/8 
f 1666/69/8 1669/70/8 1700/70/8 
f 1651/56/6 1670/72/6 1697/59/6 
f 1670/72/6 1652/59/6 1697/59/6 
f 1653/62/8 1673/73/8 1701/57/8 
f 1673/73/8 1650/57/8 1701/57/8 
f 1655/60/6 1676/74/6 1698/63/6 
f 1676/74/6 1656/63/6 1698/63/6 
f 1657/66/8 1679/75/8 1702/61/8 
f 1679/75/8 1654/61/8 1702/61/8 
f 1659/64/6 1682/76/6 1699/77/6 
f 1682/76/6 1661/77/6 1699/77/6 
f 1660/78/8 1685/79/8 1703/65/8 
f 1685/79/8 1658/65/8 1703/65/8 
f 1669/70/8 1626/70/8 1700/70/8 
f 1650/57/8 1649/58/8 1701/57/8 
f 1654/61/8 1653/62/8 1702/61/8 
f 1658/65/8 1657/66/8 1703/65/8 
s 4
f 1644/78/421 1645/78/443 1643/77/419 
s 1
f 1617/64/408 1640/64/444 1647/65/422 
s 4
f 1619/66/410 1637/66/445 1636/63/511 
s 1
f 1613/60/405 1634/60/446 1639/61/418 
f 1609/56/402 1628/56/447 1633/57/416 
s 4
f 1615/62/406 1631/62/448 1630/59/415 
f 1684/77/441 1686/78/449 1660/78/439 
s 1
f 1687/65/442 1683/64/450 1659/64/430 
s 4
f 1611/58/404 1624/58/451 1623/55/411 
s 1
f 1621/67/414 1620/67/452 1627/70/412 
s 4
f 1672/59/435 1674/62/453 1653/62/425 
s 1
f 1675/57/436 1671/56/454 1651/56/424 
s 4
f 1678/63/437 1680/66/455 1657/66/428 
s 1
f 1681/61/438 1677/60/456 1655/60/426 
s 4
f 1665/55/512 1667/58/457 1649/58/423 
s 1
f 1668/70/434 1664/67/458 1663/67/432 
f 1701/57/459 1700/70/460 1696/55/461 
s off
f 1700/70/8 1701/57/8 1649/58/8 
f 1695/78/8 1693/66/8 1618/65/8 
s 1
f 1693/66/462 1695/78/463 1694/64/464 
s off
f 1699/77/6 1698/63/6 1659/64/6 
f 1688/67/6 1690/56/6 1608/55/6 
s 1
f 1690/56/465 1688/67/466 1689/58/467 
f 1698/63/468 1699/77/469 1703/65/470 
f 1694/64/464 1692/60/359 1693/66/462 
s off
f 1692/60/6 1694/64/6 1616/63/6 
s 1
f 1703/65/470 1702/61/358 1698/63/468 
s off
f 1702/61/8 1703/65/8 1657/66/8 
f 1691/62/8 1689/58/8 1610/57/8 
s 1
f 1689/58/467 1691/62/357 1690/56/465 
s off
f 1697/59/6 1696/55/6 1651/56/6 
s 1
f 1696/55/461 1697/59/356 1701/57/459 
s 2
f 1667/58/8 1704/70/8 1666/69/8 
s 1
f 1705/80/471 1706/69/472 1667/58/473 
s 2
f 1671/56/6 1672/59/6 1670/72/6 
s 1
f 1707/81/474 1708/72/475 1671/56/454 
f 1628/56/447 1709/72/476 1710/73/477 
s 2
f 1629/72/6 1630/59/6 1628/56/6 
f 1680/66/8 1681/61/8 1679/75/8 
s 1
f 1711/82/478 1712/75/242 1680/66/479 
f 1637/66/480 1713/75/481 1714/74/481 
s 2
f 1638/75/8 1639/61/8 1637/66/8 
s 1
f 1640/64/444 1715/76/482 1716/79/482 
s 2
f 1641/76/6 1715/76/6 1640/64/6 
f 1647/65/8 1645/78/8 1646/79/8 
s 1
f 1645/78/483 1716/79/482 1715/76/482 
f 1717/83/484 1718/79/485 1686/78/486 
s 2
f 1686/78/8 1687/65/8 1685/79/8 
f 1622/68/6 1623/55/6 1620/67/6 
s 1
f 1620/67/452 1719/68/487 1720/71/488 
s 2
f 1635/74/6 1714/74/6 1634/60/6 
s 1
f 1634/60/446 1714/74/481 1713/75/481 
s 2
f 1632/73/8 1633/57/8 1631/62/8 
s 1
f 1721/84/489 1710/73/477 1709/72/476 
f 1718/79/485 1717/83/484 1683/64/450 
s 2
f 1683/64/6 1717/83/6 1682/76/6 
f 1676/74/6 1677/60/6 1678/63/6 
s 1
f 1712/75/242 1711/82/478 1677/60/456 
f 1624/58/490 1720/71/488 1719/68/487 
s 2
f 1625/69/8 1627/70/8 1624/58/8 
s 1
f 1706/69/472 1705/80/471 1664/67/458 
s 2
f 1664/67/6 1665/55/6 1662/68/6 
f 1673/73/8 1674/62/8 1675/57/8 
s 1
f 1708/72/475 1707/81/474 1674/62/491 
f 1702/61/358 1701/57/459 1697/59/356 
s off
f 1701/57/8 1702/61/8 1653/62/8 
s 1
f 1692/60/359 1690/56/465 1691/62/357 
s off
f 1690/56/6 1692/60/6 1612/59/6 
s 1
f 1688/67/466 1696/55/461 1700/70/460 
s off
f 1696/55/6 1688/67/6 1663/67/6 
f 1689/58/8 1700/70/8 1626/70/8 
s 1
f 1700/70/460 1689/58/467 1688/67/466 
s off
f 1694/64/6 1699/77/6 1642/77/6 
s 1
f 1699/77/469 1694/64/464 1695/78/463 
f 1695/78/463 1703/65/470 1699/77/469 
s off
f 1703/65/8 1695/78/8 1660/78/8 
f 1698/63/6 1697/59/6 1655/60/6 
s 1
f 1697/59/356 1698/63/468 1702/61/358 
s off
f 1693/66/8 1691/62/8 1614/61/8 
s 1
f 1691/62/357 1693/66/462 1692/60/359 
s 2
f 1681/61/8 1680/66/8 1712/75/8 
s 1
f 1677/60/456 1722/61/492 1712/75/242 
s 2
f 1639/61/8 1713/75/8 1637/66/8 
s 1
f 1713/75/481 1723/61/493 1634/60/446 
f 1709/72/476 1724/59/494 1721/84/489 
s 2
f 1630/59/6 1709/72/6 1628/56/6 
s 1
f 1674/62/491 1725/59/495 1708/72/475 
s 2
f 1672/59/6 1671/56/6 1708/72/6 
f 1643/77/6 1715/76/6 1641/76/6 
s 1
f 1715/76/482 1726/77/483 1645/78/483 
f 1664/67/458 1704/70/496 1706/69/472 
s 2
f 1704/70/8 1667/58/8 1706/69/8 
f 1727/65/8 1716/79/8 1645/78/8 
s 1
f 1716/79/482 1727/65/497 1640/64/444 
s 2
f 1687/65/8 1686/78/8 1718/79/8 
s 1
f 1683/64/450 1728/65/498 1718/79/485 
s 2
f 1636/63/6 1714/74/6 1635/74/6 
s 1
f 1714/74/481 1729/63/480 1637/66/480 
f 1719/68/487 1730/55/499 1624/58/490 
s 2
f 1623/55/6 1719/68/6 1620/67/6 
s 1
f 1710/73/477 1731/57/500 1628/56/447 
s 2
f 1633/57/8 1710/73/8 1631/62/8 
f 1682/76/6 1717/83/6 1684/77/6 
s 4
f 1684/77/441 1717/83/501 1686/78/449 
s 2
f 1627/70/8 1720/71/8 1624/58/8 
s 1
f 1620/67/452 1720/71/488 1627/70/412 
s 4
f 1678/63/437 1711/82/502 1680/66/455 
s 2
f 1678/63/6 1677/60/6 1711/82/6 
f 1665/55/6 1664/67/6 1705/80/6 
s 4
f 1665/55/512 1705/80/503 1667/58/457 
s 2
f 1675/57/8 1674/62/8 1707/81/8 
s 1
f 1675/57/436 1707/81/474 1671/56/454 
s 4
f 1631/62/448 1724/59/504 1630/59/415 
s 2
f 1724/59/6 1709/72/6 1630/59/6 
f 1672/59/6 1708/72/6 1725/59/6 
s 4
f 1672/59/435 1725/59/505 1674/62/453 
s 1
f 1681/61/438 1722/61/492 1677/60/456 
s 2
f 1681/61/8 1712/75/8 1722/61/8 
s 1
f 1634/60/446 1723/61/493 1639/61/418 
s 2
f 1723/61/8 1713/75/8 1639/61/8 
s 4
f 1645/78/443 1726/77/513 1643/77/419 
s 2
f 1643/77/6 1726/77/6 1715/76/6 
s 1
f 1668/70/434 1704/70/496 1664/67/458 
s 2
f 1666/69/8 1704/70/8 1668/70/8 
s 1
f 1640/64/444 1727/65/497 1647/65/422 
s 2
f 1647/65/8 1727/65/8 1645/78/8 
f 1687/65/8 1718/79/8 1728/65/8 
s 1
f 1687/65/442 1728/65/498 1683/64/450 
s 2
f 1636/63/6 1729/63/6 1714/74/6 
s 4
f 1637/66/445 1729/63/507 1636/63/511 
s 2
f 1730/55/6 1719/68/6 1623/55/6 
s 4
f 1624/58/451 1730/55/508 1623/55/411 
s 1
f 1628/56/447 1731/57/500 1633/57/416 
s 2
f 1731/57/8 1710/73/8 1633/57/8 
f 1710/73/8 1721/84/8 1631/62/8 
s 8
f 1631/62/509 1721/84/509 1724/59/509 
s 5
f 1732/55/510 1733/56/402 1734/57/403 
f 1734/57/403 1735/58/404 1732/55/510 
f 1736/59/310 1737/60/405 1738/61/308 
f 1738/61/308 1739/62/406 1736/59/310 
f 1740/63/407 1741/64/408 1742/65/409 
f 1742/65/409 1743/66/410 1740/63/407 
s 2
f 1744/67/6 1745/67/6 1746/68/6 
f 1746/68/6 1732/55/6 1747/55/6 
s 4
f 1747/55/411 1732/55/510 1735/58/404 
s 2
f 1748/58/8 1735/58/8 1749/69/8 
f 1749/69/8 1750/70/8 1751/70/8 
s 1
f 1751/70/412 1750/70/413 1745/67/414 
s 2
f 1752/56/6 1733/56/6 1753/72/6 
f 1753/72/6 1736/59/6 1754/59/6 
s 4
f 1754/59/415 1736/59/310 1739/62/406 
s 2
f 1755/62/8 1739/62/8 1756/73/8 
f 1756/73/8 1734/57/8 1757/57/8 
s 1
f 1757/57/416 1734/57/403 1733/56/402 
s 2
f 1758/60/6 1737/60/6 1759/74/6 
f 1759/74/6 1740/63/6 1760/63/6 
s 4
f 1760/63/511 1740/63/407 1743/66/410 
s 2
f 1761/66/8 1743/66/8 1762/75/8 
f 1762/75/8 1738/61/8 1763/61/8 
s 1
f 1763/61/418 1738/61/308 1737/60/405 
s 2
f 1764/64/6 1741/64/6 1765/76/6 
f 1765/76/6 1766/77/6 1767/77/6 
s 4
f 1767/77/419 1766/77/420 1768/78/421 
s 2
f 1769/78/8 1768/78/8 1770/79/8 
f 1770/79/8 1742/65/8 1771/65/8 
s 1
f 1771/65/422 1742/65/409 1741/64/408 
s 5
f 1772/55/166 1773/58/423 1774/57/164 
f 1774/57/164 1775/56/424 1772/55/166 
f 1776/59/286 1777/62/425 1778/61/284 
f 1778/61/284 1779/60/426 1776/59/286 
f 1780/63/427 1781/66/428 1782/65/429 
f 1782/65/429 1783/64/430 1780/63/427 
s 1
f 1784/78/3 1768/78/3 1766/77/3 
f 1766/77/3 1785/77/3 1784/78/3 
s 2
f 1786/68/6 1787/67/6 1788/67/6 
f 1789/55/6 1772/55/6 1786/68/6 
s 4
f 1773/58/423 1772/55/166 1789/55/512 
s 2
f 1790/69/8 1773/58/8 1791/58/8 
f 1792/70/8 1793/70/8 1790/69/8 
s 1
f 1787/67/432 1793/70/433 1792/70/434 
s 2
f 1794/72/6 1775/56/6 1795/56/6 
f 1796/59/6 1776/59/6 1794/72/6 
s 4
f 1777/62/425 1776/59/286 1796/59/435 
s 2
f 1797/73/8 1777/62/8 1798/62/8 
f 1799/57/8 1774/57/8 1797/73/8 
s 1
f 1775/56/424 1774/57/164 1799/57/436 
s 2
f 1800/74/6 1779/60/6 1801/60/6 
f 1802/63/6 1780/63/6 1800/74/6 
s 4
f 1781/66/428 1780/63/427 1802/63/437 
s 2
f 1803/75/8 1781/66/8 1804/66/8 
f 1805/61/8 1778/61/8 1803/75/8 
s 1
f 1779/60/426 1778/61/284 1805/61/438 
s 2
f 1806/76/6 1783/64/6 1807/64/6 
f 1808/77/6 1785/77/6 1806/76/6 
s 4
f 1784/78/439 1785/77/440 1808/77/441 
s 2
f 1809/79/8 1784/78/8 1810/78/8 
f 1811/65/8 1782/65/8 1809/79/8 
s 1
f 1783/64/430 1782/65/429 1811/65/442 
s 4
f 1750/70/4 1793/70/4 1787/67/4 
f 1787/67/4 1745/67/4 1750/70/4 
s off
f 1746/68/6 1745/67/6 1812/67/6 
f 1750/70/8 1749/69/8 1813/58/8 
f 1732/55/6 1746/68/6 1812/67/6 
f 1749/69/8 1735/58/8 1813/58/8 
f 1753/72/6 1733/56/6 1814/56/6 
f 1734/57/8 1756/73/8 1815/62/8 
f 1736/59/6 1753/72/6 1814/56/6 
f 1756/73/8 1739/62/8 1815/62/8 
f 1759/74/6 1737/60/6 1816/60/6 
f 1738/61/8 1762/75/8 1817/66/8 
f 1740/63/6 1759/74/6 1816/60/6 
f 1762/75/8 1743/66/8 1817/66/8 
f 1765/76/6 1741/64/6 1818/64/6 
f 1742/65/8 1770/79/8 1819/78/8 
f 1766/77/6 1765/76/6 1818/64/6 
f 1770/79/8 1768/78/8 1819/78/8 
f 1745/67/6 1787/67/6 1812/67/6 
f 1733/56/6 1732/55/6 1814/56/6 
f 1737/60/6 1736/59/6 1816/60/6 
f 1741/64/6 1740/63/6 1818/64/6 
f 1735/58/8 1734/57/8 1813/58/8 
f 1739/62/8 1738/61/8 1815/62/8 
f 1743/66/8 1742/65/8 1817/66/8 
f 1768/78/8 1784/78/8 1819/78/8 
f 1772/55/6 1775/56/6 1820/55/6 
f 1776/59/6 1779/60/6 1821/59/6 
f 1780/63/6 1783/64/6 1822/63/6 
f 1785/77/6 1766/77/6 1823/77/6 
f 1787/67/6 1786/68/6 1820/55/6 
f 1786/68/6 1772/55/6 1820/55/6 
f 1773/58/8 1790/69/8 1824/70/8 
f 1790/69/8 1793/70/8 1824/70/8 
f 1775/56/6 1794/72/6 1821/59/6 
f 1794/72/6 1776/59/6 1821/59/6 
f 1777/62/8 1797/73/8 1825/57/8 
f 1797/73/8 1774/57/8 1825/57/8 
f 1779/60/6 1800/74/6 1822/63/6 
f 1800/74/6 1780/63/6 1822/63/6 
f 1781/66/8 1803/75/8 1826/61/8 
f 1803/75/8 1778/61/8 1826/61/8 
f 1783/64/6 1806/76/6 1823/77/6 
f 1806/76/6 1785/77/6 1823/77/6 
f 1784/78/8 1809/79/8 1827/65/8 
f 1809/79/8 1782/65/8 1827/65/8 
f 1793/70/8 1750/70/8 1824/70/8 
f 1774/57/8 1773/58/8 1825/57/8 
f 1778/61/8 1777/62/8 1826/61/8 
f 1782/65/8 1781/66/8 1827/65/8 
s 4
f 1768/78/421 1769/78/443 1767/77/419 
s 1
f 1741/64/408 1764/64/444 1771/65/422 
s 4
f 1743/66/410 1761/66/445 1760/63/511 
s 1
f 1737/60/405 1758/60/446 1763/61/418 
f 1733/56/402 1752/56/447 1757/57/416 
s 4
f 1739/62/406 1755/62/448 1754/59/415 
f 1808/77/441 1810/78/449 1784/78/439 
s 1
f 1811/65/442 1807/64/450 1783/64/430 
s 4
f 1735/58/404 1748/58/451 1747/55/411 
s 1
f 1745/67/414 1744/67/452 1751/70/412 
s 4
f 1796/59/435 1798/62/453 1777/62/425 
s 1
f 1799/57/436 1795/56/454 1775/56/424 
s 4
f 1802/63/437 1804/66/455 1781/66/428 
s 1
f 1805/61/438 1801/60/456 1779/60/426 
s 4
f 1789/55/512 1791/58/457 1773/58/423 
s 1
f 1792/70/434 1788/67/458 1787/67/432 
f 1825/57/459 1824/70/460 1820/55/461 
s off
f 1824/70/8 1825/57/8 1773/58/8 
f 1819/78/8 1817/66/8 1742/65/8 
s 1
f 1817/66/462 1819/78/463 1818/64/464 
s off
f 1823/77/6 1822/63/6 1783/64/6 
f 1812/67/6 1814/56/6 1732/55/6 
s 1
f 1814/56/465 1812/67/466 1813/58/467 
f 1822/63/468 1823/77/469 1827/65/470 
f 1818/64/464 1816/60/359 1817/66/462 
s off
f 1816/60/6 1818/64/6 1740/63/6 
s 1
f 1827/65/470 1826/61/358 1822/63/468 
s off
f 1826/61/8 1827/65/8 1781/66/8 
f 1815/62/8 1813/58/8 1734/57/8 
s 1
f 1813/58/467 1815/62/357 1814/56/465 
s off
f 1821/59/6 1820/55/6 1775/56/6 
s 1
f 1820/55/461 1821/59/356 1825/57/459 
s 2
f 1791/58/8 1828/70/8 1790/69/8 
s 1
f 1829/80/471 1830/69/472 1791/58/473 
s 2
f 1795/56/6 1796/59/6 1794/72/6 
s 1
f 1831/81/474 1832/72/475 1795/56/454 
f 1752/56/447 1833/72/476 1834/73/477 
s 2
f 1753/72/6 1754/59/6 1752/56/6 
f 1804/66/8 1805/61/8 1803/75/8 
s 1
f 1835/82/478 1836/75/242 1804/66/479 
f 1761/66/480 1837/75/481 1838/74/481 
s 2
f 1762/75/8 1763/61/8 1761/66/8 
s 1
f 1764/64/444 1839/76/482 1840/79/482 
s 2
f 1765/76/6 1839/76/6 1764/64/6 
f 1771/65/8 1769/78/8 1770/79/8 
s 1
f 1769/78/483 1840/79/482 1839/76/482 
f 1841/83/484 1842/79/485 1810/78/486 
s 2
f 1810/78/8 1811/65/8 1809/79/8 
f 1746/68/6 1747/55/6 1744/67/6 
s 1
f 1744/67/452 1843/68/487 1844/71/488 
s 2
f 1759/74/6 1838/74/6 1758/60/6 
s 1
f 1758/60/446 1838/74/481 1837/75/481 
s 2
f 1756/73/8 1757/57/8 1755/62/8 
s 1
f 1845/84/489 1834/73/477 1833/72/476 
f 1842/79/485 1841/83/484 1807/64/450 
s 2
f 1807/64/6 1841/83/6 1806/76/6 
f 1800/74/6 1801/60/6 1802/63/6 
s 1
f 1836/75/242 1835/82/478 1801/60/456 
f 1748/58/490 1844/71/488 1843/68/487 
s 2
f 1749/69/8 1751/70/8 1748/58/8 
s 1
f 1830/69/472 1829/80/471 1788/67/458 
s 2
f 1788/67/6 1789/55/6 1786/68/6 
f 1797/73/8 1798/62/8 1799/57/8 
s 1
f 1832/72/475 1831/81/474 1798/62/491 
f 1826/61/358 1825/57/459 1821/59/356 
s off
f 1825/57/8 1826/61/8 1777/62/8 
s 1
f 1816/60/359 1814/56/465 1815/62/357 
s off
f 1814/56/6 1816/60/6 1736/59/6 
s 1
f 1812/67/466 1820/55/461 1824/70/460 
s off
f 1820/55/6 1812/67/6 1787/67/6 
f 1813/58/8 1824/70/8 1750/70/8 
s 1
f 1824/70/460 1813/58/467 1812/67/466 
s off
f 1818/64/6 1823/77/6 1766/77/6 
s 1
f 1823/77/469 1818/64/464 1819/78/463 
f 1819/78/463 1827/65/470 1823/77/469 
s off
f 1827/65/8 1819/78/8 1784/78/8 
f 1822/63/6 1821/59/6 1779/60/6 
s 1
f 1821/59/356 1822/63/468 1826/61/358 
s off
f 1817/66/8 1815/62/8 1738/61/8 
s 1
f 1815/62/357 1817/66/462 1816/60/359 
s 2
f 1805/61/8 1804/66/8 1836/75/8 
s 1
f 1801/60/456 1846/61/492 1836/75/242 
s 2
f 1763/61/8 1837/75/8 1761/66/8 
s 1
f 1837/75/481 1847/61/493 1758/60/446 
f 1833/72/476 1848/59/494 1845/84/489 
s 2
f 1754/59/6 1833/72/6 1752/56/6 
s 1
f 1798/62/491 1849/59/495 1832/72/475 
s 2
f 1796/59/6 1795/56/6 1832/72/6 
f 1767/77/6 1839/76/6 1765/76/6 
s 1
f 1839/76/482 1850/77/483 1769/78/483 
f 1788/67/458 1828/70/496 1830/69/472 
s 2
f 1828/70/8 1791/58/8 1830/69/8 
f 1851/65/8 1840/79/8 1769/78/8 
s 1
f 1840/79/482 1851/65/497 1764/64/444 
s 2
f 1811/65/8 1810/78/8 1842/79/8 
s 1
f 1807/64/450 1852/65/498 1842/79/485 
s 2
f 1760/63/6 1838/74/6 1759/74/6 
s 1
f 1838/74/481 1853/63/480 1761/66/480 
f 1843/68/487 1854/55/499 1748/58/490 
s 2
f 1747/55/6 1843/68/6 1744/67/6 
s 1
f 1834/73/477 1855/57/500 1752/56/447 
s 2
f 1757/57/8 1834/73/8 1755/62/8 
f 1806/76/6 1841/83/6 1808/77/6 
s 4
f 1808/77/441 1841/83/501 1810/78/449 
s 2
f 1751/70/8 1844/71/8 1748/58/8 
s 1
f 1744/67/452 1844/71/488 1751/70/412 
s 4
f 1802/63/437 1835/82/502 1804/66/455 
s 2
f 1802/63/6 1801/60/6 1835/82/6 
f 1789/55/6 1788/67/6 1829/80/6 
s 4
f 1789/55/512 1829/80/503 1791/58/457 
s 2
f 1799/57/8 1798/62/8 1831/81/8 
s 1
f 1799/57/436 1831/81/474 1795/56/454 
s 4
f 1755/62/448 1848/59/504 1754/59/415 
s 2
f 1848/59/6 1833/72/6 1754/59/6 
f 1796/59/6 1832/72/6 1849/59/6 
s 4
f 1796/59/435 1849/59/505 1798/62/453 
s 1
f 1805/61/438 1846/61/492 1801/60/456 
s 2
f 1805/61/8 1836/75/8 1846/61/8 
s 1
f 1758/60/446 1847/61/493 1763/61/418 
s 2
f 1847/61/8 1837/75/8 1763/61/8 
s 4
f 1769/78/443 1850/77/513 1767/77/419 
s 2
f 1767/77/6 1850/77/6 1839/76/6 
s 1
f 1792/70/434 1828/70/496 1788/67/458 
s 2
f 1790/69/8 1828/70/8 1792/70/8 
s 1
f 1764/64/444 1851/65/497 1771/65/422 
s 2
f 1771/65/8 1851/65/8 1769/78/8 
f 1811/65/8 1842/79/8 1852/65/8 
s 1
f 1811/65/442 1852/65/498 1807/64/450 
s 2
f 1760/63/6 1853/63/6 1838/74/6 
s 4
f 1761/66/445 1853/63/507 1760/63/511 
s 2
f 1854/55/6 1843/68/6 1747/55/6 
s 4
f 1748/58/451 1854/55/508 1747/55/411 
s 1
f 1752/56/447 1855/57/500 1757/57/416 
s 2
f 1855/57/8 1834/73/8 1757/57/8 
f 1834/73/8 1845/84/8 1755/62/8 
s 8
f 1755/62/509 1845/84/509 1848/59/509 
s 5
f 1856/55/399 1857/56/282 1858/57/188 
f 1858/57/188 1859/58/283 1856/55/399 
f 1860/59/284 1861/60/285 1862/61/286 
f 1862/61/286 1863/62/287 1860/59/284 
f 1864/63/288 1865/64/289 1866/65/290 
f 1866/65/290 1867/66/291 1864/63/288 
s 2
f 1868/67/6 1869/67/6 1870/68/6 
f 1870/68/6 1856/55/6 1871/55/6 
s 4
f 1871/55/292 1856/55/399 1859/58/283 
s 2
f 1872/58/8 1859/58/8 1873/69/8 
f 1873/69/8 1874/70/8 1875/70/8 
s 1
f 1875/70/293 1874/70/294 1869/67/295 
s 2
f 1876/56/6 1857/56/6 1877/72/6 
f 1877/72/6 1860/59/6 1878/59/6 
s 4
f 1878/59/296 1860/59/284 1863/62/287 
s 2
f 1879/62/8 1863/62/8 1880/73/8 
f 1880/73/8 1858/57/8 1881/57/8 
s 1
f 1881/57/297 1858/57/188 1857/56/282 
s 2
f 1882/60/6 1861/60/6 1883/74/6 
f 1883/74/6 1864/63/6 1884/63/6 
s 4
f 1884/63/298 1864/63/288 1867/66/291 
s 2
f 1885/66/8 1867/66/8 1886/75/8 
f 1886/75/8 1862/61/8 1887/61/8 
s 1
f 1887/61/299 1862/61/286 1861/60/285 
s 2
f 1888/64/6 1865/64/6 1889/76/6 
f 1889/76/6 1890/77/6 1891/77/6 
s 4
f 1891/77/300 1890/77/301 1892/78/302 
s 2
f 1893/78/8 1892/78/8 1894/79/8 
f 1894/79/8 1866/65/8 1895/65/8 
s 1
f 1895/65/303 1866/65/290 1865/64/289 
s 5
f 1896/55/304 1897/58/305 1898/57/306 
f 1898/57/306 1899/56/307 1896/55/304 
f 1900/59/308 1901/62/309 1902/61/310 
f 1902/61/310 1903/60/311 1900/59/308 
f 1904/63/312 1905/66/313 1906/65/314 
f 1906/65/314 1907/64/315 1904/63/312 
s 1
f 1908/78/4 1892/78/4 1890/77/4 
f 1890/77/4 1909/77/4 1908/78/4 
s 2
f 1910/68/6 1911/67/6 1912/67/6 
f 1913/55/6 1896/55/6 1910/68/6 
s 4
f 1897/58/305 1896/55/304 1913/55/316 
s 2
f 1914/69/8 1897/58/8 1915/58/8 
f 1916/70/8 1917/70/8 1914/69/8 
s 1
f 1911/67/317 1917/70/318 1916/70/319 
s 2
f 1918/72/6 1899/56/6 1919/56/6 
f 1920/59/6 1900/59/6 1918/72/6 
s 4
f 1901/62/309 1900/59/308 1920/59/320 
s 2
f 1921/73/8 1901/62/8 1922/62/8 
f 1923/57/8 1898/57/8 1921/73/8 
s 1
f 1899/56/307 1898/57/306 1923/57/321 
s 2
f 1924/74/6 1903/60/6 1925/60/6 
f 1926/63/6 1904/63/6 1924/74/6 
s 4
f 1905/66/313 1904/63/312 1926/63/322 
s 2
f 1927/75/8 1905/66/8 1928/66/8 
f 1929/61/8 1902/61/8 1927/75/8 
s 1
f 1903/60/311 1902/61/310 1929/61/323 
s 2
f 1930/76/6 1907/64/6 1931/64/6 
f 1932/77/6 1909/77/6 1930/76/6 
s 4
f 1908/78/324 1909/77/325 1932/77/326 
s 2
f 1933/79/8 1908/78/8 1934/78/8 
f 1935/65/8 1906/65/8 1933/79/8 
s 1
f 1907/64/315 1906/65/314 1935/65/327 
s 4
f 1874/70/3 1917/70/3 1911/67/3 
f 1911/67/3 1869/67/3 1874/70/3 
s off
f 1870/68/6 1869/67/6 1936/67/6 
f 1874/70/8 1873/69/8 1937/58/8 
f 1856/55/6 1870/68/6 1936/67/6 
f 1873/69/8 1859/58/8 1937/58/8 
f 1877/72/6 1857/56/6 1938/56/6 
f 1858/57/8 1880/73/8 1939/62/8 
f 1860/59/6 1877/72/6 1938/56/6 
f 1880/73/8 1863/62/8 1939/62/8 
f 1883/74/6 1861/60/6 1940/60/6 
f 1862/61/8 1886/75/8 1941/66/8 
f 1864/63/6 1883/74/6 1940/60/6 
f 1886/75/8 1867/66/8 1941/66/8 
f 1889/76/6 1865/64/6 1942/64/6 
f 1866/65/8 1894/79/8 1943/78/8 
f 1890/77/6 1889/76/6 1942/64/6 
f 1894/79/8 1892/78/8 1943/78/8 
f 1869/67/6 1911/67/6 1936/67/6 
f 1857/56/6 1856/55/6 1938/56/6 
f 1861/60/6 1860/59/6 1940/60/6 
f 1865/64/6 1864/63/6 1942/64/6 
f 1859/58/8 1858/57/8 1937/58/8 
f 1863/62/8 1862/61/8 1939/62/8 
f 1867/66/8 1866/65/8 1941/66/8 
f 1892/78/8 1908/78/8 1943/78/8 
f 1896/55/6 1899/56/6 1944/55/6 
f 1900/59/6 1903/60/6 1945/59/6 
f 1904/63/6 1907/64/6 1946/63/6 
f 1909/77/6 1890/77/6 1947/77/6 
f 1911/67/6 1910/68/6 1944/55/6 
f 1910/68/6 1896/55/6 1944/55/6 
f 1897/58/8 1914/69/8 1948/70/8 
f 1914/69/8 1917/70/8 1948/70/8 
f 1899/56/6 1918/72/6 1945/59/6 
f 1918/72/6 1900/59/6 1945/59/6 
f 1901/62/8 1921/73/8 1949/57/8 
f 1921/73/8 1898/57/8 1949/57/8 
f 1903/60/6 1924/74/6 1946/63/6 
f 1924/74/6 1904/63/6 1946/63/6 
f 1905/66/8 1927/75/8 1950/61/8 
f 1927/75/8 1902/61/8 1950/61/8 
f 1907/64/6 1930/76/6 1947/77/6 
f 1930/76/6 1909/77/6 1947/77/6 
f 1908/78/8 1933/79/8 1951/65/8 
f 1933/79/8 1906/65/8 1951/65/8 
f 1917/70/8 1874/70/8 1948/70/8 
f 1898/57/8 1897/58/8 1949/57/8 
f 1902/61/8 1901/62/8 1950/61/8 
f 1906/65/8 1905/66/8 1951/65/8 
s 4
f 1892/78/302 1893/78/328 1891/77/300 
s 1
f 1865/64/289 1888/64/329 1895/65/303 
s 4
f 1867/66/291 1885/66/330 1884/63/298 
s 1
f 1861/60/285 1882/60/331 1887/61/299 
f 1857/56/282 1876/56/332 1881/57/297 
s 4
f 1863/62/287 1879/62/333 1878/59/296 
f 1932/77/326 1934/78/334 1908/78/324 
s 1
f 1935/65/327 1931/64/335 1907/64/315 
s 4
f 1859/58/283 1872/58/336 1871/55/292 
s 1
f 1869/67/295 1868/67/337 1875/70/293 
s 4
f 1920/59/320 1922/62/338 1901/62/309 
s 1
f 1923/57/321 1919/56/339 1899/56/307 
s 4
f 1926/63/322 1928/66/340 1905/66/313 
s 1
f 1929/61/323 1925/60/341 1903/60/311 
s 4
f 1913/55/316 1915/58/342 1897/58/305 
s 1
f 1916/70/319 1912/67/343 1911/67/317 
f 1949/57/344 1948/70/345 1944/55/346 
s off
f 1948/70/8 1949/57/8 1897/58/8 
f 1943/78/8 1941/66/8 1866/65/8 
s 1
f 1941/66/347 1943/78/348 1942/64/349 
s off
f 1947/77/6 1946/63/6 1907/64/6 
f 1936/67/6 1938/56/6 1856/55/6 
s 1
f 1938/56/350 1936/67/351 1937/58/352 
f 1946/63/353 1947/77/354 1951/65/355 
f 1942/64/349 1940/60/356 1941/66/347 
s off
f 1940/60/6 1942/64/6 1864/63/6 
s 1
f 1951/65/355 1950/61/357 1946/63/353 
s off
f 1950/61/8 1951/65/8 1905/66/8 
f 1939/62/8 1937/58/8 1858/57/8 
s 1
f 1937/58/352 1939/62/358 1938/56/350 
s off
f 1945/59/6 1944/55/6 1899/56/6 
s 1
f 1944/55/346 1945/59/359 1949/57/344 
s 2
f 1915/58/8 1952/70/8 1914/69/8 
s 1
f 1953/80/360 1954/69/249 1915/58/361 
s 2
f 1919/56/6 1920/59/6 1918/72/6 
s 1
f 1955/81/362 1956/72/363 1919/56/339 
f 1876/56/332 1957/72/364 1958/73/365 
s 2
f 1877/72/6 1878/59/6 1876/56/6 
f 1928/66/8 1929/61/8 1927/75/8 
s 1
f 1959/82/366 1960/75/367 1928/66/368 
f 1885/66/369 1961/75/370 1962/74/370 
s 2
f 1886/75/8 1887/61/8 1885/66/8 
s 1
f 1888/64/329 1963/76/371 1964/79/371 
s 2
f 1889/76/6 1963/76/6 1888/64/6 
f 1895/65/8 1893/78/8 1894/79/8 
s 1
f 1893/78/372 1964/79/371 1963/76/371 
f 1965/83/373 1966/79/374 1934/78/375 
s 2
f 1934/78/8 1935/65/8 1933/79/8 
f 1870/68/6 1871/55/6 1868/67/6 
s 1
f 1868/67/337 1967/68/376 1968/71/377 
s 2
f 1883/74/6 1962/74/6 1882/60/6 
s 1
f 1882/60/331 1962/74/370 1961/75/370 
s 2
f 1880/73/8 1881/57/8 1879/62/8 
s 1
f 1969/84/378 1958/73/365 1957/72/364 
f 1966/79/374 1965/83/373 1931/64/335 
s 2
f 1931/64/6 1965/83/6 1930/76/6 
f 1924/74/6 1925/60/6 1926/63/6 
s 1
f 1960/75/367 1959/82/366 1925/60/341 
f 1872/58/379 1968/71/377 1967/68/376 
s 2
f 1873/69/8 1875/70/8 1872/58/8 
s 1
f 1954/69/249 1953/80/360 1912/67/343 
s 2
f 1912/67/6 1913/55/6 1910/68/6 
f 1921/73/8 1922/62/8 1923/57/8 
s 1
f 1956/72/363 1955/81/362 1922/62/380 
f 1950/61/357 1949/57/344 1945/59/359 
s off
f 1949/57/8 1950/61/8 1901/62/8 
s 1
f 1940/60/356 1938/56/350 1939/62/358 
s off
f 1938/56/6 1940/60/6 1860/59/6 
s 1
f 1936/67/351 1944/55/346 1948/70/345 
s off
f 1944/55/6 1936/67/6 1911/67/6 
f 1937/58/8 1948/70/8 1874/70/8 
s 1
f 1948/70/345 1937/58/352 1936/67/351 
s off
f 1942/64/6 1947/77/6 1890/77/6 
s 1
f 1947/77/354 1942/64/349 1943/78/348 
f 1943/78/348 1951/65/355 1947/77/354 
s off
f 1951/65/8 1943/78/8 1908/78/8 
f 1946/63/6 1945/59/6 1903/60/6 
s 1
f 1945/59/359 1946/63/353 1950/61/357 
s off
f 1941/66/8 1939/62/8 1862/61/8 
s 1
f 1939/62/358 1941/66/347 1940/60/356 
s 2
f 1929/61/8 1928/66/8 1960/75/8 
s 1
f 1925/60/341 1970/61/381 1960/75/367 
s 2
f 1887/61/8 1961/75/8 1885/66/8 
s 1
f 1961/75/370 1971/61/382 1882/60/331 
f 1957/72/364 1972/59/383 1969/84/378 
s 2
f 1878/59/6 1957/72/6 1876/56/6 
s 1
f 1922/62/380 1973/59/384 1956/72/363 
s 2
f 1920/59/6 1919/56/6 1956/72/6 
f 1891/77/6 1963/76/6 1889/76/6 
s 1
f 1963/76/371 1974/77/372 1893/78/372 
f 1912/67/343 1952/70/385 1954/69/249 
s 2
f 1952/70/8 1915/58/8 1954/69/8 
f 1975/65/8 1964/79/8 1893/78/8 
s 1
f 1964/79/371 1975/65/386 1888/64/329 
s 2
f 1935/65/8 1934/78/8 1966/79/8 
s 1
f 1931/64/335 1976/65/387 1966/79/374 
s 2
f 1884/63/6 1962/74/6 1883/74/6 
s 1
f 1962/74/370 1977/63/369 1885/66/369 
f 1967/68/376 1978/55/388 1872/58/379 
s 2
f 1871/55/6 1967/68/6 1868/67/6 
s 1
f 1958/73/365 1979/57/389 1876/56/332 
s 2
f 1881/57/8 1958/73/8 1879/62/8 
f 1930/76/6 1965/83/6 1932/77/6 
s 4
f 1932/77/326 1965/83/390 1934/78/334 
s 2
f 1875/70/8 1968/71/8 1872/58/8 
s 1
f 1868/67/337 1968/71/377 1875/70/293 
s 4
f 1926/63/322 1959/82/391 1928/66/340 
s 2
f 1926/63/6 1925/60/6 1959/82/6 
f 1913/55/6 1912/67/6 1953/80/6 
s 4
f 1913/55/316 1953/80/392 1915/58/342 
s 2
f 1923/57/8 1922/62/8 1955/81/8 
s 1
f 1923/57/321 1955/81/362 1919/56/339 
s 4
f 1879/62/333 1972/59/393 1878/59/296 
s 2
f 1972/59/6 1957/72/6 1878/59/6 
f 1920/59/6 1956/72/6 1973/59/6 
s 4
f 1920/59/320 1973/59/394 1922/62/338 
s 1
f 1929/61/323 1970/61/381 1925/60/341 
s 2
f 1929/61/8 1960/75/8 1970/61/8 
s 1
f 1882/60/331 1971/61/382 1887/61/299 
s 2
f 1971/61/8 1961/75/8 1887/61/8 
s 4
f 1893/78/328 1974/77/400 1891/77/300 
s 2
f 1891/77/6 1974/77/6 1963/76/6 
s 1
f 1916/70/319 1952/70/385 1912/67/343 
s 2
f 1914/69/8 1952/70/8 1916/70/8 
s 1
f 1888/64/329 1975/65/386 1895/65/303 
s 2
f 1895/65/8 1975/65/8 1893/78/8 
f 1935/65/8 1966/79/8 1976/65/8 
s 1
f 1935/65/327 1976/65/387 1931/64/335 
s 2
f 1884/63/6 1977/63/6 1962/74/6 
s 4
f 1885/66/330 1977/63/396 1884/63/298 
s 2
f 1978/55/6 1967/68/6 1871/55/6 
s 4
f 1872/58/336 1978/55/397 1871/55/292 
s 1
f 1876/56/332 1979/57/389 1881/57/297 
s 2
f 1979/57/8 1958/73/8 1881/57/8 
f 1958/73/8 1969/84/8 1879/62/8 
s 8
f 1879/62/398 1969/84/398 1972/59/398 
# 0 polygons - 3886 triangles

#
# object Pared1_StandBasico
#

v  4.3916 3.0491 -25.7400
v  4.3916 0.0661 -25.7400
v  1.2081 0.0661 -25.7400
v  1.2081 3.0491 -25.7400
# 4 vertices

vn 0.0000 -0.0000 -1.0000
# 1 vertex normals

vt 0.0000 95.9449 0.0000
vt 0.0000 0.0000 0.0000
vt 120.8102 0.0000 0.0000
vt 120.8102 95.9449 0.0000
# 4 texture coords

o Pared1_StandBasico
g Pared1_StandBasico
usemtl Material__39
s 1
f 1980/85/514 1981/86/514 1982/87/514 1983/88/514 
# 1 polygons

#
# object Pared3_StandBasico
#

v  4.3916 3.0491 -22.5581
v  4.3916 0.0661 -22.5581
v  1.2081 0.0661 -22.5581
v  1.2081 3.0491 -22.5581
# 4 vertices

vn 0.0000 -0.0000 -1.0000
# 1 vertex normals

vt 0.0000 95.9449 0.0000
vt 0.0000 0.0000 0.0000
vt 120.8102 0.0000 0.0000
vt 120.8102 95.9449 0.0000
# 4 texture coords

o Pared3_StandBasico
g Pared3_StandBasico
usemtl Material__39
s 1
f 1984/89/515 1985/90/515 1986/91/515 1987/92/515 
# 1 polygons

#
# object Pared2_StandBasico
#

v  4.3924 3.0491 -25.7400
v  4.3924 0.0661 -25.7400
v  4.3924 0.0661 -22.5565
v  4.3924 3.0491 -22.5565
# 4 vertices

vn -1.0000 -0.0000 0.0000
# 1 vertex normals

vt 0.0000 95.9449 0.0000
vt 0.0000 0.0000 0.0000
vt 120.8102 0.0000 0.0000
vt 120.8102 95.9449 0.0000
# 4 texture coords

o Pared2_StandBasico
g Pared2_StandBasico
usemtl Material__39
s 1
f 1988/93/516 1989/94/516 1990/95/516 1991/96/516 
# 1 polygons

