# 3ds Max Wavefront OBJ Exporter v0.99 - (c)2007 guruware
# File Created: 28.04.2026 21:59:33

mtllib Plataforma_Stand2.mtl

#
# object Plataforma_Stand2
#

v  3.9673 2.7717 6.3215
v  3.9673 2.7506 6.3239
v  3.9673 2.7539 6.3804
v  3.9673 2.7846 6.3768
v  4.2496 2.7717 6.3215
v  4.2496 2.7506 6.3239
v  4.2496 2.7846 6.3768
v  4.2496 2.7539 6.3804
v  3.9673 2.7894 6.3151
v  3.9673 2.8144 6.3662
v  4.2496 2.7894 6.3151
v  4.2496 2.8144 6.3662
v  3.9673 2.8051 6.3051
v  3.9673 2.8406 6.3495
v  4.2496 2.8051 6.3051
v  4.2496 2.8406 6.3495
v  3.9673 2.8182 6.2920
v  3.9673 2.8625 6.3276
v  4.2496 2.8182 6.2920
v  4.2496 2.8625 6.3276
v  3.9673 2.8282 6.2763
v  3.9673 2.8792 6.3013
v  4.2496 2.8282 6.2763
v  4.2496 2.8792 6.3013
v  3.9673 2.8345 6.2586
v  3.9673 2.8899 6.2715
v  4.2496 2.8345 6.2586
v  4.2496 2.8899 6.2715
v  3.9673 2.8369 6.2376
v  3.9673 2.8934 6.2408
v  4.2496 2.8369 6.2376
v  4.2496 2.8934 6.2408
v  3.9673 2.8369 0.8199
v  3.9673 2.8934 0.8167
v  4.2496 2.8369 0.8199
v  4.2496 2.8934 0.8167
v  3.9673 2.8345 0.7989
v  3.9673 2.8899 0.7860
v  4.2496 2.8345 0.7989
v  4.2496 2.8899 0.7860
v  3.9673 2.8282 0.7811
v  3.9673 2.8792 0.7562
v  4.2496 2.8282 0.7811
v  4.2496 2.8792 0.7562
v  3.9673 2.8182 0.7654
v  3.9673 2.8625 0.7299
v  4.2496 2.8182 0.7654
v  4.2496 2.8625 0.7299
v  3.9673 2.8051 0.7523
v  3.9673 2.8406 0.7080
v  4.2496 2.8051 0.7523
v  4.2496 2.8406 0.7080
v  3.9673 2.7894 0.7424
v  3.9673 2.8144 0.6913
v  4.2496 2.7894 0.7424
v  4.2496 2.8144 0.6913
v  3.9673 2.7717 0.7360
v  3.9673 2.7846 0.6807
v  4.2496 2.7717 0.7360
v  4.2496 2.7846 0.6807
v  3.9673 2.7506 0.7336
v  3.9673 2.7539 0.6771
v  4.2496 2.7506 0.7336
v  4.2496 2.7539 0.6771
v  3.9673 0.1564 0.7336
v  3.9673 0.1531 0.6771
v  4.2496 0.1564 0.7336
v  4.2496 0.1531 0.6771
v  3.9673 0.1353 0.7360
v  3.9673 0.1224 0.6807
v  4.2496 0.1353 0.7360
v  4.2496 0.1224 0.6807
v  3.9673 0.1176 0.7424
v  3.9673 0.0926 0.6913
v  4.2496 0.1176 0.7424
v  4.2496 0.0926 0.6913
v  3.9673 0.1019 0.7523
v  3.9673 0.0663 0.7080
v  4.2496 0.1019 0.7523
v  4.2496 0.0663 0.7080
v  3.9673 0.0888 0.7654
v  3.9673 0.0445 0.7299
v  4.2496 0.0888 0.7654
v  4.2496 0.0445 0.7299
v  3.9673 0.0788 0.7811
v  3.9673 0.0278 0.7562
v  4.2496 0.0788 0.7811
v  4.2496 0.0278 0.7562
v  3.9673 0.0725 0.7989
v  3.9673 0.0171 0.7860
v  4.2496 0.0725 0.7989
v  4.2496 0.0171 0.7860
v  3.9673 0.0700 0.8199
v  3.9673 0.0136 0.8167
v  4.2496 0.0700 0.8199
v  4.2496 0.0136 0.8167
v  3.9673 0.0700 6.2376
v  3.9673 0.0136 6.2408
v  4.2496 0.0700 6.2376
v  4.2496 0.0136 6.2408
v  3.9673 0.0725 6.2586
v  3.9673 0.0171 6.2715
v  4.2496 0.0725 6.2586
v  4.2496 0.0171 6.2715
v  3.9673 0.0788 6.2763
v  3.9673 0.0278 6.3013
v  4.2496 0.0788 6.2763
v  4.2496 0.0278 6.3013
v  3.9673 0.0888 6.2920
v  3.9673 0.0445 6.3276
v  4.2496 0.0888 6.2920
v  4.2496 0.0445 6.3276
v  3.9673 0.1019 6.3051
v  3.9673 0.0663 6.3495
v  4.2496 0.1019 6.3051
v  4.2496 0.0663 6.3495
v  3.9673 0.1176 6.3151
v  3.9673 0.0926 6.3662
v  4.2496 0.1176 6.3151
v  4.2496 0.0926 6.3662
v  3.9673 0.1353 6.3215
v  3.9673 0.1224 6.3768
v  4.2496 0.1353 6.3215
v  4.2496 0.1224 6.3768
v  3.9673 0.1564 6.3239
v  3.9673 0.1531 6.3804
v  4.2496 0.1564 6.3239
v  4.2496 0.1531 6.3804
v  3.6727 2.7717 6.3215
v  3.6727 2.7506 6.3239
v  3.6727 2.7539 6.3804
v  3.6727 2.7846 6.3768
v  3.9550 2.7717 6.3215
v  3.9550 2.7506 6.3239
v  3.9550 2.7846 6.3768
v  3.9550 2.7539 6.3804
v  3.6727 2.7894 6.3151
v  3.6727 2.8144 6.3662
v  3.9550 2.7894 6.3151
v  3.9550 2.8144 6.3662
v  3.6727 2.8051 6.3051
v  3.6727 2.8406 6.3495
v  3.9550 2.8051 6.3051
v  3.9550 2.8406 6.3495
v  3.6727 2.8182 6.2920
v  3.6727 2.8625 6.3276
v  3.9550 2.8182 6.2920
v  3.9550 2.8625 6.3276
v  3.6727 2.8282 6.2763
v  3.6727 2.8792 6.3013
v  3.9550 2.8282 6.2763
v  3.9550 2.8792 6.3013
v  3.6727 2.8345 6.2586
v  3.6727 2.8899 6.2715
v  3.9550 2.8345 6.2586
v  3.9550 2.8899 6.2715
v  3.6727 2.8369 6.2376
v  3.6727 2.8934 6.2408
v  3.9550 2.8369 6.2376
v  3.9550 2.8934 6.2408
v  3.6727 2.8369 0.8199
v  3.6727 2.8934 0.8167
v  3.9550 2.8369 0.8199
v  3.9550 2.8934 0.8167
v  3.6727 2.8345 0.7989
v  3.6727 2.8899 0.7860
v  3.9550 2.8345 0.7989
v  3.9550 2.8899 0.7860
v  3.6727 2.8282 0.7811
v  3.6727 2.8792 0.7562
v  3.9550 2.8282 0.7811
v  3.9550 2.8792 0.7562
v  3.6727 2.8182 0.7654
v  3.6727 2.8625 0.7299
v  3.9550 2.8182 0.7654
v  3.9550 2.8625 0.7299
v  3.6727 2.8051 0.7523
v  3.6727 2.8406 0.7080
v  3.9550 2.8051 0.7523
v  3.9550 2.8406 0.7080
v  3.6727 2.7894 0.7424
v  3.6727 2.8144 0.6913
v  3.9550 2.7894 0.7424
v  3.9550 2.8144 0.6913
v  3.6727 2.7717 0.7360
v  3.6727 2.7846 0.6807
v  3.9550 2.7717 0.7360
v  3.9550 2.7846 0.6807
v  3.6727 2.7506 0.7336
v  3.6727 2.7539 0.6771
v  3.9550 2.7506 0.7336
v  3.9550 2.7539 0.6771
v  3.6727 0.1564 0.7336
v  3.6727 0.1531 0.6771
v  3.9550 0.1564 0.7336
v  3.9550 0.1531 0.6771
v  3.6727 0.1353 0.7360
v  3.6727 0.1224 0.6807
v  3.9550 0.1353 0.7360
v  3.9550 0.1224 0.6807
v  3.6727 0.1176 0.7424
v  3.6727 0.0926 0.6913
v  3.9550 0.1176 0.7424
v  3.9550 0.0926 0.6913
v  3.6727 0.1019 0.7523
v  3.6727 0.0663 0.7080
v  3.9550 0.1019 0.7523
v  3.9550 0.0663 0.7080
v  3.6727 0.0888 0.7654
v  3.6727 0.0445 0.7299
v  3.9550 0.0888 0.7654
v  3.9550 0.0445 0.7299
v  3.6727 0.0788 0.7811
v  3.6727 0.0278 0.7562
v  3.9550 0.0788 0.7811
v  3.9550 0.0278 0.7562
v  3.6727 0.0725 0.7989
v  3.6727 0.0171 0.7860
v  3.9550 0.0725 0.7989
v  3.9550 0.0171 0.7860
v  3.6727 0.0700 0.8199
v  3.6727 0.0136 0.8167
v  3.9550 0.0700 0.8199
v  3.9550 0.0136 0.8167
v  3.6727 0.0700 6.2376
v  3.6727 0.0136 6.2408
v  3.9550 0.0700 6.2376
v  3.9550 0.0136 6.2408
v  3.6727 0.0725 6.2586
v  3.6727 0.0171 6.2715
v  3.9550 0.0725 6.2586
v  3.9550 0.0171 6.2715
v  3.6727 0.0788 6.2763
v  3.6727 0.0278 6.3013
v  3.9550 0.0788 6.2763
v  3.9550 0.0278 6.3013
v  3.6727 0.0888 6.2920
v  3.6727 0.0445 6.3276
v  3.9550 0.0888 6.2920
v  3.9550 0.0445 6.3276
v  3.6727 0.1019 6.3051
v  3.6727 0.0663 6.3495
v  3.9550 0.1019 6.3051
v  3.9550 0.0663 6.3495
v  3.6727 0.1176 6.3151
v  3.6727 0.0926 6.3662
v  3.9550 0.1176 6.3151
v  3.9550 0.0926 6.3662
v  3.6727 0.1353 6.3215
v  3.6727 0.1224 6.3768
v  3.9550 0.1353 6.3215
v  3.9550 0.1224 6.3768
v  3.6727 0.1564 6.3239
v  3.6727 0.1531 6.3804
v  3.9550 0.1564 6.3239
v  3.9550 0.1531 6.3804
v  3.3781 2.7717 6.3215
v  3.3781 2.7506 6.3239
v  3.3781 2.7539 6.3804
v  3.3781 2.7846 6.3768
v  3.6604 2.7717 6.3215
v  3.6604 2.7506 6.3239
v  3.6604 2.7846 6.3768
v  3.6604 2.7539 6.3804
v  3.3781 2.7894 6.3151
v  3.3781 2.8144 6.3662
v  3.6604 2.7894 6.3151
v  3.6604 2.8144 6.3662
v  3.3781 2.8051 6.3051
v  3.3781 2.8406 6.3495
v  3.6604 2.8051 6.3051
v  3.6604 2.8406 6.3495
v  3.3781 2.8182 6.2920
v  3.3781 2.8625 6.3276
v  3.6604 2.8182 6.2920
v  3.6604 2.8625 6.3276
v  3.3781 2.8282 6.2763
v  3.3781 2.8792 6.3013
v  3.6604 2.8282 6.2763
v  3.6604 2.8792 6.3013
v  3.3781 2.8345 6.2586
v  3.3781 2.8899 6.2715
v  3.6604 2.8345 6.2586
v  3.6604 2.8899 6.2715
v  3.3781 2.8369 6.2376
v  3.3781 2.8934 6.2408
v  3.6604 2.8369 6.2376
v  3.6604 2.8934 6.2408
v  3.3781 2.8369 0.8199
v  3.3781 2.8934 0.8167
v  3.6604 2.8369 0.8199
v  3.6604 2.8934 0.8167
v  3.3781 2.8345 0.7989
v  3.3781 2.8899 0.7860
v  3.6604 2.8345 0.7989
v  3.6604 2.8899 0.7860
v  3.3781 2.8282 0.7811
v  3.3781 2.8792 0.7562
v  3.6604 2.8282 0.7811
v  3.6604 2.8792 0.7562
v  3.3781 2.8182 0.7654
v  3.3781 2.8625 0.7299
v  3.6604 2.8182 0.7654
v  3.6604 2.8625 0.7299
v  3.3781 2.8051 0.7523
v  3.3781 2.8406 0.7080
v  3.6604 2.8051 0.7523
v  3.6604 2.8406 0.7080
v  3.3781 2.7894 0.7424
v  3.3781 2.8144 0.6913
v  3.6604 2.7894 0.7424
v  3.6604 2.8144 0.6913
v  3.3781 2.7717 0.7360
v  3.3781 2.7846 0.6807
v  3.6604 2.7717 0.7360
v  3.6604 2.7846 0.6807
v  3.3781 2.7506 0.7336
v  3.3781 2.7539 0.6771
v  3.6604 2.7506 0.7336
v  3.6604 2.7539 0.6771
v  3.3781 0.1564 0.7336
v  3.3781 0.1531 0.6771
v  3.6604 0.1564 0.7336
v  3.6604 0.1531 0.6771
v  3.3781 0.1353 0.7360
v  3.3781 0.1224 0.6807
v  3.6604 0.1353 0.7360
v  3.6604 0.1224 0.6807
v  3.3781 0.1176 0.7424
v  3.3781 0.0926 0.6913
v  3.6604 0.1176 0.7424
v  3.6604 0.0926 0.6913
v  3.3781 0.1019 0.7523
v  3.3781 0.0663 0.7080
v  3.6604 0.1019 0.7523
v  3.6604 0.0663 0.7080
v  3.3781 0.0888 0.7654
v  3.3781 0.0445 0.7299
v  3.6604 0.0888 0.7654
v  3.6604 0.0445 0.7299
v  3.3781 0.0788 0.7811
v  3.3781 0.0278 0.7562
v  3.6604 0.0788 0.7811
v  3.6604 0.0278 0.7562
v  3.3781 0.0725 0.7989
v  3.3781 0.0171 0.7860
v  3.6604 0.0725 0.7989
v  3.6604 0.0171 0.7860
v  3.3781 0.0700 0.8199
v  3.3781 0.0136 0.8167
v  3.6604 0.0700 0.8199
v  3.6604 0.0136 0.8167
v  3.3781 0.0700 6.2376
v  3.3781 0.0136 6.2408
v  3.6604 0.0700 6.2376
v  3.6604 0.0136 6.2408
v  3.3781 0.0725 6.2586
v  3.3781 0.0171 6.2715
v  3.6604 0.0725 6.2586
v  3.6604 0.0171 6.2715
v  3.3781 0.0788 6.2763
v  3.3781 0.0278 6.3013
v  3.6604 0.0788 6.2763
v  3.6604 0.0278 6.3013
v  3.3781 0.0888 6.2920
v  3.3781 0.0445 6.3276
v  3.6604 0.0888 6.2920
v  3.6604 0.0445 6.3276
v  3.3781 0.1019 6.3051
v  3.3781 0.0663 6.3495
v  3.6604 0.1019 6.3051
v  3.6604 0.0663 6.3495
v  3.3781 0.1176 6.3151
v  3.3781 0.0926 6.3662
v  3.6604 0.1176 6.3151
v  3.6604 0.0926 6.3662
v  3.3781 0.1353 6.3215
v  3.3781 0.1224 6.3768
v  3.6604 0.1353 6.3215
v  3.6604 0.1224 6.3768
v  3.3781 0.1564 6.3239
v  3.3781 0.1531 6.3804
v  3.6604 0.1564 6.3239
v  3.6604 0.1531 6.3804
v  3.0835 2.7717 6.3215
v  3.0835 2.7506 6.3239
v  3.0835 2.7539 6.3804
v  3.0835 2.7846 6.3768
v  3.3658 2.7717 6.3215
v  3.3658 2.7506 6.3239
v  3.3658 2.7846 6.3768
v  3.3658 2.7539 6.3804
v  3.0835 2.7894 6.3151
v  3.0835 2.8144 6.3662
v  3.3658 2.7894 6.3151
v  3.3658 2.8144 6.3662
v  3.0835 2.8051 6.3051
v  3.0835 2.8406 6.3495
v  3.3658 2.8051 6.3051
v  3.3658 2.8406 6.3495
v  3.0835 2.8182 6.2920
v  3.0835 2.8625 6.3276
v  3.3658 2.8182 6.2920
v  3.3658 2.8625 6.3276
v  3.0835 2.8282 6.2763
v  3.0835 2.8792 6.3013
v  3.3658 2.8282 6.2763
v  3.3658 2.8792 6.3013
v  3.0835 2.8345 6.2586
v  3.0835 2.8899 6.2715
v  3.3658 2.8345 6.2586
v  3.3658 2.8899 6.2715
v  3.0835 2.8369 6.2376
v  3.0835 2.8934 6.2408
v  3.3658 2.8369 6.2376
v  3.3658 2.8934 6.2408
v  3.0835 2.8369 0.8199
v  3.0835 2.8934 0.8167
v  3.3658 2.8369 0.8199
v  3.3658 2.8934 0.8167
v  3.0835 2.8345 0.7989
v  3.0835 2.8899 0.7860
v  3.3658 2.8345 0.7989
v  3.3658 2.8899 0.7860
v  3.0835 2.8282 0.7811
v  3.0835 2.8792 0.7562
v  3.3658 2.8282 0.7811
v  3.3658 2.8792 0.7562
v  3.0835 2.8182 0.7654
v  3.0835 2.8625 0.7299
v  3.3658 2.8182 0.7654
v  3.3658 2.8625 0.7299
v  3.0835 2.8051 0.7523
v  3.0835 2.8406 0.7080
v  3.3658 2.8051 0.7523
v  3.3658 2.8406 0.7080
v  3.0835 2.7894 0.7424
v  3.0835 2.8144 0.6913
v  3.3658 2.7894 0.7424
v  3.3658 2.8144 0.6913
v  3.0835 2.7717 0.7360
v  3.0835 2.7846 0.6807
v  3.3658 2.7717 0.7360
v  3.3658 2.7846 0.6807
v  3.0835 2.7506 0.7336
v  3.0835 2.7539 0.6771
v  3.3658 2.7506 0.7336
v  3.3658 2.7539 0.6771
v  3.0835 0.1564 0.7336
v  3.0835 0.1531 0.6771
v  3.3658 0.1564 0.7336
v  3.3658 0.1531 0.6771
v  3.0835 0.1353 0.7360
v  3.0835 0.1224 0.6807
v  3.3658 0.1353 0.7360
v  3.3658 0.1224 0.6807
v  3.0835 0.1176 0.7424
v  3.0835 0.0926 0.6913
v  3.3658 0.1176 0.7424
v  3.3658 0.0926 0.6913
v  3.0835 0.1019 0.7523
v  3.0835 0.0663 0.7080
v  3.3658 0.1019 0.7523
v  3.3658 0.0663 0.7080
v  3.0835 0.0888 0.7654
v  3.0835 0.0445 0.7299
v  3.3658 0.0888 0.7654
v  3.3658 0.0445 0.7299
v  3.0835 0.0788 0.7811
v  3.0835 0.0278 0.7562
v  3.3658 0.0788 0.7811
v  3.3658 0.0278 0.7562
v  3.0835 0.0725 0.7989
v  3.0835 0.0171 0.7860
v  3.3658 0.0725 0.7989
v  3.3658 0.0171 0.7860
v  3.0835 0.0700 0.8199
v  3.0835 0.0136 0.8167
v  3.3658 0.0700 0.8199
v  3.3658 0.0136 0.8167
v  3.0835 0.0700 6.2376
v  3.0835 0.0136 6.2408
v  3.3658 0.0700 6.2376
v  3.3658 0.0136 6.2408
v  3.0835 0.0725 6.2586
v  3.0835 0.0171 6.2715
v  3.3658 0.0725 6.2586
v  3.3658 0.0171 6.2715
v  3.0835 0.0788 6.2763
v  3.0835 0.0278 6.3013
v  3.3658 0.0788 6.2763
v  3.3658 0.0278 6.3013
v  3.0835 0.0888 6.2920
v  3.0835 0.0445 6.3276
v  3.3658 0.0888 6.2920
v  3.3658 0.0445 6.3276
v  3.0835 0.1019 6.3051
v  3.0835 0.0663 6.3495
v  3.3658 0.1019 6.3051
v  3.3658 0.0663 6.3495
v  3.0835 0.1176 6.3151
v  3.0835 0.0926 6.3662
v  3.3658 0.1176 6.3151
v  3.3658 0.0926 6.3662
v  3.0835 0.1353 6.3215
v  3.0835 0.1224 6.3768
v  3.3658 0.1353 6.3215
v  3.3658 0.1224 6.3768
v  3.0835 0.1564 6.3239
v  3.0835 0.1531 6.3804
v  3.3658 0.1564 6.3239
v  3.3658 0.1531 6.3804
v  2.7888 2.7717 6.3215
v  2.7888 2.7506 6.3239
v  2.7888 2.7539 6.3804
v  2.7888 2.7846 6.3768
v  3.0712 2.7717 6.3215
v  3.0712 2.7506 6.3239
v  3.0712 2.7846 6.3768
v  3.0712 2.7539 6.3804
v  2.7888 2.7894 6.3151
v  2.7888 2.8144 6.3662
v  3.0712 2.7894 6.3151
v  3.0712 2.8144 6.3662
v  2.7888 2.8051 6.3051
v  2.7888 2.8406 6.3495
v  3.0712 2.8051 6.3051
v  3.0712 2.8406 6.3495
v  2.7888 2.8182 6.2920
v  2.7888 2.8625 6.3276
v  3.0712 2.8182 6.2920
v  3.0712 2.8625 6.3276
v  2.7888 2.8282 6.2763
v  2.7888 2.8792 6.3013
v  3.0712 2.8282 6.2763
v  3.0712 2.8792 6.3013
v  2.7888 2.8345 6.2586
v  2.7888 2.8899 6.2715
v  3.0712 2.8345 6.2586
v  3.0712 2.8899 6.2715
v  2.7888 2.8369 6.2376
v  2.7888 2.8934 6.2408
v  3.0712 2.8369 6.2376
v  3.0712 2.8934 6.2408
v  2.7888 2.8369 0.8199
v  2.7888 2.8934 0.8167
v  3.0712 2.8369 0.8199
v  3.0712 2.8934 0.8167
v  2.7888 2.8345 0.7989
v  2.7888 2.8899 0.7860
v  3.0712 2.8345 0.7989
v  3.0712 2.8899 0.7860
v  2.7888 2.8282 0.7811
v  2.7888 2.8792 0.7562
v  3.0712 2.8282 0.7811
v  3.0712 2.8792 0.7562
v  2.7888 2.8182 0.7654
v  2.7888 2.8625 0.7299
v  3.0712 2.8182 0.7654
v  3.0712 2.8625 0.7299
v  2.7888 2.8051 0.7523
v  2.7888 2.8406 0.7080
v  3.0712 2.8051 0.7523
v  3.0712 2.8406 0.7080
v  2.7888 2.7894 0.7424
v  2.7888 2.8144 0.6913
v  3.0712 2.7894 0.7424
v  3.0712 2.8144 0.6913
v  2.7888 2.7717 0.7360
v  2.7888 2.7846 0.6807
v  3.0712 2.7717 0.7360
v  3.0712 2.7846 0.6807
v  2.7888 2.7506 0.7336
v  2.7888 2.7539 0.6771
v  3.0712 2.7506 0.7336
v  3.0712 2.7539 0.6771
v  2.7888 0.1564 0.7336
v  2.7888 0.1531 0.6771
v  3.0712 0.1564 0.7336
v  3.0712 0.1531 0.6771
v  2.7888 0.1353 0.7360
v  2.7888 0.1224 0.6807
v  3.0712 0.1353 0.7360
v  3.0712 0.1224 0.6807
v  2.7888 0.1176 0.7424
v  2.7888 0.0926 0.6913
v  3.0712 0.1176 0.7424
v  3.0712 0.0926 0.6913
v  2.7888 0.1019 0.7523
v  2.7888 0.0663 0.7080
v  3.0712 0.1019 0.7523
v  3.0712 0.0663 0.7080
v  2.7888 0.0888 0.7654
v  2.7888 0.0445 0.7299
v  3.0712 0.0888 0.7654
v  3.0712 0.0445 0.7299
v  2.7888 0.0788 0.7811
v  2.7888 0.0278 0.7562
v  3.0712 0.0788 0.7811
v  3.0712 0.0278 0.7562
v  2.7888 0.0725 0.7989
v  2.7888 0.0171 0.7860
v  3.0712 0.0725 0.7989
v  3.0712 0.0171 0.7860
v  2.7888 0.0700 0.8199
v  2.7888 0.0136 0.8167
v  3.0712 0.0700 0.8199
v  3.0712 0.0136 0.8167
v  2.7888 0.0700 6.2376
v  2.7888 0.0136 6.2408
v  3.0712 0.0700 6.2376
v  3.0712 0.0136 6.2408
v  2.7888 0.0725 6.2586
v  2.7888 0.0171 6.2715
v  3.0712 0.0725 6.2586
v  3.0712 0.0171 6.2715
v  2.7888 0.0788 6.2763
v  2.7888 0.0278 6.3013
v  3.0712 0.0788 6.2763
v  3.0712 0.0278 6.3013
v  2.7888 0.0888 6.2920
v  2.7888 0.0445 6.3276
v  3.0712 0.0888 6.2920
v  3.0712 0.0445 6.3276
v  2.7888 0.1019 6.3051
v  2.7888 0.0663 6.3495
v  3.0712 0.1019 6.3051
v  3.0712 0.0663 6.3495
v  2.7888 0.1176 6.3151
v  2.7888 0.0926 6.3662
v  3.0712 0.1176 6.3151
v  3.0712 0.0926 6.3662
v  2.7888 0.1353 6.3215
v  2.7888 0.1224 6.3768
v  3.0712 0.1353 6.3215
v  3.0712 0.1224 6.3768
v  2.7888 0.1564 6.3239
v  2.7888 0.1531 6.3804
v  3.0712 0.1564 6.3239
v  3.0712 0.1531 6.3804
v  2.4942 2.7717 6.3215
v  2.4942 2.7506 6.3239
v  2.4942 2.7539 6.3804
v  2.4942 2.7846 6.3768
v  2.7766 2.7717 6.3215
v  2.7766 2.7506 6.3239
v  2.7766 2.7846 6.3768
v  2.7766 2.7539 6.3804
v  2.4942 2.7894 6.3151
v  2.4942 2.8144 6.3662
v  2.7766 2.7894 6.3151
v  2.7766 2.8144 6.3662
v  2.4942 2.8051 6.3051
v  2.4942 2.8406 6.3495
v  2.7766 2.8051 6.3051
v  2.7766 2.8406 6.3495
v  2.4942 2.8182 6.2920
v  2.4942 2.8625 6.3276
v  2.7766 2.8182 6.2920
v  2.7766 2.8625 6.3276
v  2.4942 2.8282 6.2763
v  2.4942 2.8792 6.3013
v  2.7766 2.8282 6.2763
v  2.7766 2.8792 6.3013
v  2.4942 2.8345 6.2586
v  2.4942 2.8899 6.2715
v  2.7766 2.8345 6.2586
v  2.7766 2.8899 6.2715
v  2.4942 2.8369 6.2376
v  2.4942 2.8934 6.2408
v  2.7766 2.8369 6.2376
v  2.7766 2.8934 6.2408
v  2.4942 2.8369 0.8199
v  2.4942 2.8934 0.8167
v  2.7766 2.8369 0.8199
v  2.7766 2.8934 0.8167
v  2.4942 2.8345 0.7989
v  2.4942 2.8899 0.7860
v  2.7766 2.8345 0.7989
v  2.7766 2.8899 0.7860
v  2.4942 2.8282 0.7811
v  2.4942 2.8792 0.7562
v  2.7766 2.8282 0.7811
v  2.7766 2.8792 0.7562
v  2.4942 2.8182 0.7654
v  2.4942 2.8625 0.7299
v  2.7766 2.8182 0.7654
v  2.7766 2.8625 0.7299
v  2.4942 2.8051 0.7523
v  2.4942 2.8406 0.7080
v  2.7766 2.8051 0.7523
v  2.7766 2.8406 0.7080
v  2.4942 2.7894 0.7424
v  2.4942 2.8144 0.6913
v  2.7766 2.7894 0.7424
v  2.7766 2.8144 0.6913
v  2.4942 2.7717 0.7360
v  2.4942 2.7846 0.6807
v  2.7766 2.7717 0.7360
v  2.7766 2.7846 0.6807
v  2.4942 2.7506 0.7336
v  2.4942 2.7539 0.6771
v  2.7766 2.7506 0.7336
v  2.7766 2.7539 0.6771
v  2.4942 0.1564 0.7336
v  2.4942 0.1531 0.6771
v  2.7766 0.1564 0.7336
v  2.7766 0.1531 0.6771
v  2.4942 0.1353 0.7360
v  2.4942 0.1224 0.6807
v  2.7766 0.1353 0.7360
v  2.7766 0.1224 0.6807
v  2.4942 0.1176 0.7424
v  2.4942 0.0926 0.6913
v  2.7766 0.1176 0.7424
v  2.7766 0.0926 0.6913
v  2.4942 0.1019 0.7523
v  2.4942 0.0663 0.7080
v  2.7766 0.1019 0.7523
v  2.7766 0.0663 0.7080
v  2.4942 0.0888 0.7654
v  2.4942 0.0445 0.7299
v  2.7766 0.0888 0.7654
v  2.7766 0.0445 0.7299
v  2.4942 0.0788 0.7811
v  2.4942 0.0278 0.7562
v  2.7766 0.0788 0.7811
v  2.7766 0.0278 0.7562
v  2.4942 0.0725 0.7989
v  2.4942 0.0171 0.7860
v  2.7766 0.0725 0.7989
v  2.7766 0.0171 0.7860
v  2.4942 0.0700 0.8199
v  2.4942 0.0136 0.8167
v  2.7766 0.0700 0.8199
v  2.7766 0.0136 0.8167
v  2.4942 0.0700 6.2376
v  2.4942 0.0136 6.2408
v  2.7766 0.0700 6.2376
v  2.7766 0.0136 6.2408
v  2.4942 0.0725 6.2586
v  2.4942 0.0171 6.2715
v  2.7766 0.0725 6.2586
v  2.7766 0.0171 6.2715
v  2.4942 0.0788 6.2763
v  2.4942 0.0278 6.3013
v  2.7766 0.0788 6.2763
v  2.7766 0.0278 6.3013
v  2.4942 0.0888 6.2920
v  2.4942 0.0445 6.3276
v  2.7766 0.0888 6.2920
v  2.7766 0.0445 6.3276
v  2.4942 0.1019 6.3051
v  2.4942 0.0663 6.3495
v  2.7766 0.1019 6.3051
v  2.7766 0.0663 6.3495
v  2.4942 0.1176 6.3151
v  2.4942 0.0926 6.3662
v  2.7766 0.1176 6.3151
v  2.7766 0.0926 6.3662
v  2.4942 0.1353 6.3215
v  2.4942 0.1224 6.3768
v  2.7766 0.1353 6.3215
v  2.7766 0.1224 6.3768
v  2.4942 0.1564 6.3239
v  2.4942 0.1531 6.3804
v  2.7766 0.1564 6.3239
v  2.7766 0.1531 6.3804
v  2.1996 2.7717 6.3215
v  2.1996 2.7506 6.3239
v  2.1996 2.7539 6.3804
v  2.1996 2.7846 6.3768
v  2.4819 2.7717 6.3215
v  2.4819 2.7506 6.3239
v  2.4819 2.7846 6.3768
v  2.4819 2.7539 6.3804
v  2.1996 2.7894 6.3151
v  2.1996 2.8144 6.3662
v  2.4819 2.7894 6.3151
v  2.4819 2.8144 6.3662
v  2.1996 2.8051 6.3051
v  2.1996 2.8406 6.3495
v  2.4819 2.8051 6.3051
v  2.4819 2.8406 6.3495
v  2.1996 2.8182 6.2920
v  2.1996 2.8625 6.3276
v  2.4819 2.8182 6.2920
v  2.4819 2.8625 6.3276
v  2.1996 2.8282 6.2763
v  2.1996 2.8792 6.3013
v  2.4819 2.8282 6.2763
v  2.4819 2.8792 6.3013
v  2.1996 2.8345 6.2586
v  2.1996 2.8899 6.2715
v  2.4819 2.8345 6.2586
v  2.4819 2.8899 6.2715
v  2.1996 2.8369 6.2376
v  2.1996 2.8934 6.2408
v  2.4819 2.8369 6.2376
v  2.4819 2.8934 6.2408
v  2.1996 2.8369 0.8199
v  2.1996 2.8934 0.8167
v  2.4819 2.8369 0.8199
v  2.4819 2.8934 0.8167
v  2.1996 2.8345 0.7989
v  2.1996 2.8899 0.7860
v  2.4819 2.8345 0.7989
v  2.4819 2.8899 0.7860
v  2.1996 2.8282 0.7811
v  2.1996 2.8792 0.7562
v  2.4819 2.8282 0.7811
v  2.4819 2.8792 0.7562
v  2.1996 2.8182 0.7655
v  2.1996 2.8625 0.7299
v  2.4819 2.8182 0.7654
v  2.4819 2.8625 0.7299
v  2.1996 2.8051 0.7523
v  2.1996 2.8406 0.7080
v  2.4819 2.8051 0.7523
v  2.4819 2.8406 0.7080
v  2.1996 2.7894 0.7424
v  2.1996 2.8144 0.6913
v  2.4819 2.7894 0.7424
v  2.4819 2.8144 0.6913
v  2.1996 2.7717 0.7360
v  2.1996 2.7846 0.6807
v  2.4819 2.7717 0.7360
v  2.4819 2.7846 0.6807
v  2.1996 2.7506 0.7336
v  2.1996 2.7539 0.6771
v  2.4819 2.7506 0.7336
v  2.4819 2.7539 0.6771
v  2.1996 0.1564 0.7336
v  2.1996 0.1531 0.6771
v  2.4819 0.1564 0.7336
v  2.4819 0.1531 0.6771
v  2.1996 0.1353 0.7360
v  2.1996 0.1224 0.6807
v  2.4819 0.1353 0.7360
v  2.4819 0.1224 0.6807
v  2.1996 0.1176 0.7424
v  2.1996 0.0926 0.6913
v  2.4819 0.1176 0.7424
v  2.4819 0.0926 0.6913
v  2.1996 0.1019 0.7523
v  2.1996 0.0663 0.7080
v  2.4819 0.1019 0.7523
v  2.4819 0.0663 0.7080
v  2.1996 0.0888 0.7655
v  2.1996 0.0445 0.7299
v  2.4819 0.0888 0.7654
v  2.4819 0.0445 0.7299
v  2.1996 0.0788 0.7811
v  2.1996 0.0278 0.7562
v  2.4819 0.0788 0.7811
v  2.4819 0.0278 0.7562
v  2.1996 0.0725 0.7989
v  2.1996 0.0171 0.7860
v  2.4819 0.0725 0.7989
v  2.4819 0.0171 0.7860
v  2.1996 0.0700 0.8199
v  2.1996 0.0136 0.8167
v  2.4819 0.0700 0.8199
v  2.4819 0.0136 0.8167
v  2.1996 0.0700 6.2376
v  2.1996 0.0136 6.2408
v  2.4819 0.0700 6.2376
v  2.4819 0.0136 6.2408
v  2.1996 0.0725 6.2586
v  2.1996 0.0171 6.2715
v  2.4819 0.0725 6.2586
v  2.4819 0.0171 6.2715
v  2.1996 0.0788 6.2763
v  2.1996 0.0278 6.3013
v  2.4819 0.0788 6.2763
v  2.4819 0.0278 6.3013
v  2.1996 0.0888 6.2920
v  2.1996 0.0445 6.3276
v  2.4819 0.0888 6.2920
v  2.4819 0.0445 6.3276
v  2.1996 0.1019 6.3051
v  2.1996 0.0663 6.3495
v  2.4819 0.1019 6.3051
v  2.4819 0.0663 6.3495
v  2.1996 0.1176 6.3151
v  2.1996 0.0926 6.3662
v  2.4819 0.1176 6.3151
v  2.4819 0.0926 6.3662
v  2.1996 0.1353 6.3215
v  2.1996 0.1224 6.3768
v  2.4819 0.1353 6.3215
v  2.4819 0.1224 6.3768
v  2.1996 0.1564 6.3239
v  2.1996 0.1531 6.3804
v  2.4819 0.1564 6.3239
v  2.4819 0.1531 6.3804
v  1.9050 2.7717 6.3215
v  1.9050 2.7506 6.3239
v  1.9050 2.7539 6.3804
v  1.9050 2.7846 6.3768
v  2.1873 2.7717 6.3215
v  2.1873 2.7506 6.3239
v  2.1873 2.7846 6.3768
v  2.1873 2.7539 6.3804
v  1.9050 2.7894 6.3151
v  1.9050 2.8144 6.3662
v  2.1873 2.7894 6.3151
v  2.1873 2.8144 6.3662
v  1.9050 2.8051 6.3051
v  1.9050 2.8406 6.3495
v  2.1873 2.8051 6.3051
v  2.1873 2.8406 6.3495
v  1.9050 2.8182 6.2920
v  1.9050 2.8625 6.3276
v  2.1873 2.8182 6.2920
v  2.1873 2.8625 6.3276
v  1.9050 2.8282 6.2763
v  1.9050 2.8792 6.3013
v  2.1873 2.8282 6.2763
v  2.1873 2.8792 6.3013
v  1.9050 2.8345 6.2586
v  1.9050 2.8899 6.2715
v  2.1873 2.8345 6.2586
v  2.1873 2.8899 6.2715
v  1.9050 2.8369 6.2376
v  1.9050 2.8934 6.2408
v  2.1873 2.8369 6.2376
v  2.1873 2.8934 6.2408
v  1.9050 2.8369 0.8199
v  1.9050 2.8934 0.8167
v  2.1873 2.8369 0.8199
v  2.1873 2.8934 0.8167
v  1.9050 2.8345 0.7989
v  1.9050 2.8899 0.7860
v  2.1873 2.8345 0.7989
v  2.1873 2.8899 0.7860
v  1.9050 2.8282 0.7811
v  1.9050 2.8792 0.7562
v  2.1873 2.8282 0.7811
v  2.1873 2.8792 0.7562
v  1.9050 2.8182 0.7655
v  1.9050 2.8625 0.7299
v  2.1873 2.8182 0.7655
v  2.1873 2.8625 0.7299
v  1.9050 2.8051 0.7523
v  1.9050 2.8406 0.7080
v  2.1873 2.8051 0.7523
v  2.1873 2.8406 0.7080
v  1.9050 2.7894 0.7424
v  1.9050 2.8144 0.6913
v  2.1873 2.7894 0.7424
v  2.1873 2.8144 0.6913
v  1.9050 2.7717 0.7360
v  1.9050 2.7846 0.6807
v  2.1873 2.7717 0.7360
v  2.1873 2.7846 0.6807
v  1.9050 2.7506 0.7336
v  1.9050 2.7539 0.6771
v  2.1873 2.7506 0.7336
v  2.1873 2.7539 0.6771
v  1.9050 0.1564 0.7336
v  1.9050 0.1531 0.6771
v  2.1873 0.1564 0.7336
v  2.1873 0.1531 0.6771
v  1.9050 0.1353 0.7360
v  1.9050 0.1224 0.6807
v  2.1873 0.1353 0.7360
v  2.1873 0.1224 0.6807
v  1.9050 0.1176 0.7424
v  1.9050 0.0926 0.6913
v  2.1873 0.1176 0.7424
v  2.1873 0.0926 0.6913
v  1.9050 0.1019 0.7523
v  1.9050 0.0663 0.7080
v  2.1873 0.1019 0.7523
v  2.1873 0.0663 0.7080
v  1.9050 0.0888 0.7655
v  1.9050 0.0445 0.7299
v  2.1873 0.0888 0.7655
v  2.1873 0.0445 0.7299
v  1.9050 0.0788 0.7811
v  1.9050 0.0278 0.7562
v  2.1873 0.0788 0.7811
v  2.1873 0.0278 0.7562
v  1.9050 0.0725 0.7989
v  1.9050 0.0171 0.7860
v  2.1873 0.0725 0.7989
v  2.1873 0.0171 0.7860
v  1.9050 0.0700 0.8199
v  1.9050 0.0136 0.8167
v  2.1873 0.0700 0.8199
v  2.1873 0.0136 0.8167
v  1.9050 0.0700 6.2376
v  1.9050 0.0136 6.2408
v  2.1873 0.0700 6.2376
v  2.1873 0.0136 6.2408
v  1.9050 0.0725 6.2586
v  1.9050 0.0171 6.2715
v  2.1873 0.0725 6.2586
v  2.1873 0.0171 6.2715
v  1.9050 0.0788 6.2763
v  1.9050 0.0278 6.3013
v  2.1873 0.0788 6.2763
v  2.1873 0.0278 6.3013
v  1.9050 0.0888 6.2920
v  1.9050 0.0445 6.3276
v  2.1873 0.0888 6.2920
v  2.1873 0.0445 6.3276
v  1.9050 0.1019 6.3051
v  1.9050 0.0663 6.3495
v  2.1873 0.1019 6.3051
v  2.1873 0.0663 6.3495
v  1.9050 0.1176 6.3151
v  1.9050 0.0926 6.3662
v  2.1873 0.1176 6.3151
v  2.1873 0.0926 6.3662
v  1.9050 0.1353 6.3215
v  1.9050 0.1224 6.3768
v  2.1873 0.1353 6.3215
v  2.1873 0.1224 6.3768
v  1.9050 0.1564 6.3239
v  1.9050 0.1531 6.3804
v  2.1873 0.1564 6.3239
v  2.1873 0.1531 6.3804
v  1.6104 2.7717 6.3215
v  1.6104 2.7506 6.3239
v  1.6104 2.7539 6.3804
v  1.6104 2.7846 6.3768
v  1.8927 2.7717 6.3215
v  1.8927 2.7506 6.3239
v  1.8927 2.7846 6.3768
v  1.8927 2.7539 6.3804
v  1.6104 2.7894 6.3151
v  1.6104 2.8144 6.3662
v  1.8927 2.7894 6.3151
v  1.8927 2.8144 6.3662
v  1.6104 2.8051 6.3051
v  1.6104 2.8406 6.3495
v  1.8927 2.8051 6.3051
v  1.8927 2.8406 6.3495
v  1.6104 2.8182 6.2920
v  1.6104 2.8625 6.3276
v  1.8927 2.8182 6.2920
v  1.8927 2.8625 6.3276
v  1.6104 2.8282 6.2763
v  1.6104 2.8792 6.3013
v  1.8927 2.8282 6.2763
v  1.8927 2.8792 6.3013
v  1.6104 2.8345 6.2586
v  1.6104 2.8899 6.2715
v  1.8927 2.8345 6.2586
v  1.8927 2.8899 6.2715
v  1.6104 2.8369 6.2376
v  1.6104 2.8934 6.2408
v  1.8927 2.8369 6.2376
v  1.8927 2.8934 6.2408
v  1.6104 2.8369 0.8199
v  1.6104 2.8934 0.8167
v  1.8927 2.8369 0.8199
v  1.8927 2.8934 0.8167
v  1.6104 2.8345 0.7989
v  1.6104 2.8899 0.7860
v  1.8927 2.8345 0.7989
v  1.8927 2.8899 0.7860
v  1.6104 2.8282 0.7811
v  1.6104 2.8792 0.7562
v  1.8927 2.8282 0.7811
v  1.8927 2.8792 0.7562
v  1.6104 2.8182 0.7655
v  1.6104 2.8625 0.7299
v  1.8927 2.8182 0.7655
v  1.8927 2.8625 0.7299
v  1.6104 2.8051 0.7523
v  1.6104 2.8406 0.7080
v  1.8927 2.8051 0.7523
v  1.8927 2.8406 0.7080
v  1.6104 2.7894 0.7424
v  1.6104 2.8144 0.6913
v  1.8927 2.7894 0.7424
v  1.8927 2.8144 0.6913
v  1.6104 2.7717 0.7360
v  1.6104 2.7846 0.6807
v  1.8927 2.7717 0.7360
v  1.8927 2.7846 0.6807
v  1.6104 2.7506 0.7336
v  1.6104 2.7539 0.6771
v  1.8927 2.7506 0.7336
v  1.8927 2.7539 0.6771
v  1.6104 0.1564 0.7336
v  1.6104 0.1531 0.6771
v  1.8927 0.1564 0.7336
v  1.8927 0.1531 0.6771
v  1.6104 0.1353 0.7360
v  1.6104 0.1224 0.6807
v  1.8927 0.1353 0.7360
v  1.8927 0.1224 0.6807
v  1.6104 0.1176 0.7424
v  1.6104 0.0926 0.6913
v  1.8927 0.1176 0.7424
v  1.8927 0.0926 0.6913
v  1.6104 0.1019 0.7523
v  1.6104 0.0663 0.7080
v  1.8927 0.1019 0.7523
v  1.8927 0.0663 0.7080
v  1.6104 0.0888 0.7655
v  1.6104 0.0445 0.7299
v  1.8927 0.0888 0.7655
v  1.8927 0.0445 0.7299
v  1.6104 0.0788 0.7811
v  1.6104 0.0278 0.7562
v  1.8927 0.0788 0.7811
v  1.8927 0.0278 0.7562
v  1.6104 0.0725 0.7989
v  1.6104 0.0171 0.7860
v  1.8927 0.0725 0.7989
v  1.8927 0.0171 0.7860
v  1.6104 0.0700 0.8199
v  1.6104 0.0136 0.8167
v  1.8927 0.0700 0.8199
v  1.8927 0.0136 0.8167
v  1.6104 0.0700 6.2376
v  1.6104 0.0136 6.2408
v  1.8927 0.0700 6.2376
v  1.8927 0.0136 6.2408
v  1.6104 0.0725 6.2586
v  1.6104 0.0171 6.2715
v  1.8927 0.0725 6.2586
v  1.8927 0.0171 6.2715
v  1.6104 0.0788 6.2763
v  1.6104 0.0278 6.3013
v  1.8927 0.0788 6.2763
v  1.8927 0.0278 6.3013
v  1.6104 0.0888 6.2920
v  1.6104 0.0445 6.3276
v  1.8927 0.0888 6.2920
v  1.8927 0.0445 6.3276
v  1.6104 0.1019 6.3051
v  1.6104 0.0663 6.3495
v  1.8927 0.1019 6.3051
v  1.8927 0.0663 6.3495
v  1.6104 0.1176 6.3151
v  1.6104 0.0926 6.3662
v  1.8927 0.1176 6.3151
v  1.8927 0.0926 6.3662
v  1.6104 0.1353 6.3215
v  1.6104 0.1224 6.3768
v  1.8927 0.1353 6.3215
v  1.8927 0.1224 6.3768
v  1.6104 0.1564 6.3239
v  1.6104 0.1531 6.3804
v  1.8927 0.1564 6.3239
v  1.8927 0.1531 6.3804
v  1.3158 2.7717 6.3215
v  1.3158 2.7506 6.3239
v  1.3158 2.7539 6.3804
v  1.3158 2.7846 6.3768
v  1.5981 2.7717 6.3215
v  1.5981 2.7506 6.3239
v  1.5981 2.7846 6.3768
v  1.5981 2.7539 6.3804
v  1.3158 2.7894 6.3151
v  1.3158 2.8144 6.3662
v  1.5981 2.7894 6.3151
v  1.5981 2.8144 6.3662
v  1.3158 2.8051 6.3051
v  1.3158 2.8406 6.3495
v  1.5981 2.8051 6.3051
v  1.5981 2.8406 6.3495
v  1.3158 2.8182 6.2920
v  1.3158 2.8625 6.3276
v  1.5981 2.8182 6.2920
v  1.5981 2.8625 6.3276
v  1.3158 2.8282 6.2763
v  1.3158 2.8792 6.3013
v  1.5981 2.8282 6.2763
v  1.5981 2.8792 6.3013
v  1.3158 2.8345 6.2586
v  1.3158 2.8899 6.2715
v  1.5981 2.8345 6.2586
v  1.5981 2.8899 6.2715
v  1.3158 2.8369 6.2376
v  1.3158 2.8934 6.2408
v  1.5981 2.8369 6.2376
v  1.5981 2.8934 6.2408
v  1.3158 2.8369 0.8199
v  1.3158 2.8934 0.8167
v  1.5981 2.8369 0.8199
v  1.5981 2.8934 0.8167
v  1.3158 2.8345 0.7989
v  1.3158 2.8899 0.7860
v  1.5981 2.8345 0.7989
v  1.5981 2.8899 0.7860
v  1.3158 2.8282 0.7811
v  1.3158 2.8792 0.7562
v  1.5981 2.8282 0.7811
v  1.5981 2.8792 0.7562
v  1.3158 2.8182 0.7655
v  1.3158 2.8625 0.7299
v  1.5981 2.8182 0.7655
v  1.5981 2.8625 0.7299
v  1.3158 2.8051 0.7523
v  1.3158 2.8406 0.7080
v  1.5981 2.8051 0.7523
v  1.5981 2.8406 0.7080
v  1.3158 2.7894 0.7424
v  1.3158 2.8144 0.6913
v  1.5981 2.7894 0.7424
v  1.5981 2.8144 0.6913
v  1.3158 2.7717 0.7360
v  1.3158 2.7846 0.6807
v  1.5981 2.7717 0.7360
v  1.5981 2.7846 0.6807
v  1.3158 2.7506 0.7336
v  1.3158 2.7539 0.6771
v  1.5981 2.7506 0.7336
v  1.5981 2.7539 0.6771
v  1.3158 0.1564 0.7336
v  1.3158 0.1531 0.6771
v  1.5981 0.1564 0.7336
v  1.5981 0.1531 0.6771
v  1.3158 0.1353 0.7360
v  1.3158 0.1224 0.6807
v  1.5981 0.1353 0.7360
v  1.5981 0.1224 0.6807
v  1.3158 0.1176 0.7424
v  1.3158 0.0926 0.6913
v  1.5981 0.1176 0.7424
v  1.5981 0.0926 0.6913
v  1.3158 0.1019 0.7523
v  1.3158 0.0663 0.7080
v  1.5981 0.1019 0.7523
v  1.5981 0.0663 0.7080
v  1.3158 0.0888 0.7655
v  1.3158 0.0445 0.7299
v  1.5981 0.0888 0.7655
v  1.5981 0.0445 0.7299
v  1.3158 0.0788 0.7811
v  1.3158 0.0278 0.7562
v  1.5981 0.0788 0.7811
v  1.5981 0.0278 0.7562
v  1.3158 0.0725 0.7989
v  1.3158 0.0171 0.7860
v  1.5981 0.0725 0.7989
v  1.5981 0.0171 0.7860
v  1.3158 0.0700 0.8199
v  1.3158 0.0136 0.8167
v  1.5981 0.0700 0.8199
v  1.5981 0.0136 0.8167
v  1.3158 0.0700 6.2376
v  1.3158 0.0136 6.2408
v  1.5981 0.0700 6.2376
v  1.5981 0.0136 6.2408
v  1.3158 0.0725 6.2586
v  1.3158 0.0171 6.2715
v  1.5981 0.0725 6.2586
v  1.5981 0.0171 6.2715
v  1.3158 0.0788 6.2763
v  1.3158 0.0278 6.3013
v  1.5981 0.0788 6.2763
v  1.5981 0.0278 6.3013
v  1.3158 0.0888 6.2920
v  1.3158 0.0445 6.3276
v  1.5981 0.0888 6.2920
v  1.5981 0.0445 6.3276
v  1.3158 0.1019 6.3051
v  1.3158 0.0663 6.3495
v  1.5981 0.1019 6.3051
v  1.5981 0.0663 6.3495
v  1.3158 0.1176 6.3151
v  1.3158 0.0926 6.3662
v  1.5981 0.1176 6.3151
v  1.5981 0.0926 6.3662
v  1.3158 0.1353 6.3215
v  1.3158 0.1224 6.3768
v  1.5981 0.1353 6.3215
v  1.5981 0.1224 6.3768
v  1.3158 0.1564 6.3239
v  1.3158 0.1531 6.3804
v  1.5981 0.1564 6.3239
v  1.5981 0.1531 6.3804
v  1.0211 2.7717 6.3215
v  1.0211 2.7506 6.3239
v  1.0211 2.7539 6.3804
v  1.0211 2.7846 6.3768
v  1.3035 2.7717 6.3215
v  1.3035 2.7506 6.3239
v  1.3035 2.7846 6.3768
v  1.3035 2.7539 6.3804
v  1.0211 2.7894 6.3151
v  1.0211 2.8144 6.3662
v  1.3035 2.7894 6.3151
v  1.3035 2.8144 6.3662
v  1.0211 2.8051 6.3051
v  1.0211 2.8406 6.3495
v  1.3035 2.8051 6.3051
v  1.3035 2.8406 6.3495
v  1.0211 2.8182 6.2920
v  1.0211 2.8625 6.3276
v  1.3035 2.8182 6.2920
v  1.3035 2.8625 6.3276
v  1.0211 2.8282 6.2763
v  1.0211 2.8792 6.3013
v  1.3035 2.8282 6.2763
v  1.3035 2.8792 6.3013
v  1.0211 2.8345 6.2586
v  1.0211 2.8899 6.2715
v  1.3035 2.8345 6.2586
v  1.3035 2.8899 6.2715
v  1.0211 2.8369 6.2376
v  1.0211 2.8934 6.2408
v  1.3035 2.8369 6.2376
v  1.3035 2.8934 6.2408
v  1.0211 2.8369 0.8199
v  1.0211 2.8934 0.8167
v  1.3035 2.8369 0.8199
v  1.3035 2.8934 0.8167
v  1.0211 2.8345 0.7989
v  1.0211 2.8899 0.7860
v  1.3035 2.8345 0.7989
v  1.3035 2.8899 0.7860
v  1.0211 2.8282 0.7811
v  1.0211 2.8792 0.7562
v  1.3035 2.8282 0.7811
v  1.3035 2.8792 0.7562
v  1.0211 2.8182 0.7655
v  1.0211 2.8625 0.7299
v  1.3035 2.8182 0.7655
v  1.3035 2.8625 0.7299
v  1.0211 2.8051 0.7523
v  1.0211 2.8406 0.7080
v  1.3035 2.8051 0.7523
v  1.3035 2.8406 0.7080
v  1.0211 2.7894 0.7424
v  1.0211 2.8144 0.6913
v  1.3035 2.7894 0.7424
v  1.3035 2.8144 0.6913
v  1.0211 2.7717 0.7360
v  1.0211 2.7846 0.6807
v  1.3035 2.7717 0.7360
v  1.3035 2.7846 0.6807
v  1.0211 2.7506 0.7336
v  1.0211 2.7539 0.6771
v  1.3035 2.7506 0.7336
v  1.3035 2.7539 0.6771
v  1.0211 0.1564 0.7336
v  1.0211 0.1531 0.6771
v  1.3035 0.1564 0.7336
v  1.3035 0.1531 0.6771
v  1.0211 0.1353 0.7360
v  1.0211 0.1224 0.6807
v  1.3035 0.1353 0.7360
v  1.3035 0.1224 0.6807
v  1.0211 0.1176 0.7424
v  1.0211 0.0926 0.6913
v  1.3035 0.1176 0.7424
v  1.3035 0.0926 0.6913
v  1.0211 0.1019 0.7523
v  1.0211 0.0663 0.7080
v  1.3035 0.1019 0.7523
v  1.3035 0.0663 0.7080
v  1.0211 0.0888 0.7655
v  1.0211 0.0445 0.7299
v  1.3035 0.0888 0.7655
v  1.3035 0.0445 0.7299
v  1.0211 0.0788 0.7811
v  1.0211 0.0278 0.7562
v  1.3035 0.0788 0.7811
v  1.3035 0.0278 0.7562
v  1.0211 0.0725 0.7989
v  1.0211 0.0171 0.7860
v  1.3035 0.0725 0.7989
v  1.3035 0.0171 0.7860
v  1.0211 0.0700 0.8199
v  1.0211 0.0136 0.8167
v  1.3035 0.0700 0.8199
v  1.3035 0.0136 0.8167
v  1.0211 0.0700 6.2376
v  1.0211 0.0136 6.2408
v  1.3035 0.0700 6.2376
v  1.3035 0.0136 6.2408
v  1.0211 0.0725 6.2586
v  1.0211 0.0171 6.2715
v  1.3035 0.0725 6.2586
v  1.3035 0.0171 6.2715
v  1.0211 0.0788 6.2763
v  1.0211 0.0278 6.3013
v  1.3035 0.0788 6.2763
v  1.3035 0.0278 6.3013
v  1.0211 0.0888 6.2920
v  1.0211 0.0445 6.3276
v  1.3035 0.0888 6.2920
v  1.3035 0.0445 6.3276
v  1.0211 0.1019 6.3051
v  1.0211 0.0663 6.3495
v  1.3035 0.1019 6.3051
v  1.3035 0.0663 6.3495
v  1.0211 0.1176 6.3151
v  1.0211 0.0926 6.3662
v  1.3035 0.1176 6.3151
v  1.3035 0.0926 6.3662
v  1.0211 0.1353 6.3215
v  1.0211 0.1224 6.3768
v  1.3035 0.1353 6.3215
v  1.3035 0.1224 6.3768
v  1.0211 0.1564 6.3239
v  1.0211 0.1531 6.3804
v  1.3035 0.1564 6.3239
v  1.3035 0.1531 6.3804
v  0.7265 2.7717 6.3215
v  0.7265 2.7506 6.3239
v  0.7265 2.7539 6.3804
v  0.7265 2.7846 6.3768
v  1.0089 2.7717 6.3215
v  1.0089 2.7506 6.3239
v  1.0089 2.7846 6.3768
v  1.0089 2.7539 6.3804
v  0.7265 2.7894 6.3151
v  0.7265 2.8144 6.3662
v  1.0089 2.7894 6.3151
v  1.0089 2.8144 6.3662
v  0.7265 2.8051 6.3051
v  0.7265 2.8406 6.3495
v  1.0089 2.8051 6.3051
v  1.0089 2.8406 6.3495
v  0.7265 2.8182 6.2920
v  0.7265 2.8625 6.3276
v  1.0089 2.8182 6.2920
v  1.0089 2.8625 6.3276
v  0.7265 2.8282 6.2763
v  0.7265 2.8792 6.3013
v  1.0089 2.8282 6.2763
v  1.0089 2.8792 6.3013
v  0.7265 2.8345 6.2586
v  0.7265 2.8899 6.2715
v  1.0089 2.8345 6.2586
v  1.0089 2.8899 6.2715
v  0.7265 2.8369 6.2376
v  0.7265 2.8934 6.2408
v  1.0089 2.8369 6.2376
v  1.0089 2.8934 6.2408
v  0.7265 2.8369 0.8199
v  0.7265 2.8934 0.8167
v  1.0089 2.8369 0.8199
v  1.0089 2.8934 0.8167
v  0.7265 2.8345 0.7989
v  0.7265 2.8899 0.7860
v  1.0089 2.8345 0.7989
v  1.0089 2.8899 0.7860
v  0.7265 2.8282 0.7811
v  0.7265 2.8792 0.7562
v  1.0089 2.8282 0.7811
v  1.0089 2.8792 0.7562
v  0.7265 2.8182 0.7655
v  0.7265 2.8625 0.7299
v  1.0089 2.8182 0.7655
v  1.0089 2.8625 0.7299
v  0.7265 2.8051 0.7523
v  0.7265 2.8406 0.7080
v  1.0089 2.8051 0.7523
v  1.0089 2.8406 0.7080
v  0.7265 2.7894 0.7424
v  0.7265 2.8144 0.6913
v  1.0089 2.7894 0.7424
v  1.0089 2.8144 0.6913
v  0.7265 2.7717 0.7360
v  0.7265 2.7846 0.6807
v  1.0089 2.7717 0.7360
v  1.0089 2.7846 0.6807
v  0.7265 2.7506 0.7336
v  0.7265 2.7539 0.6771
v  1.0089 2.7506 0.7336
v  1.0089 2.7539 0.6771
v  0.7265 0.1564 0.7336
v  0.7265 0.1531 0.6771
v  1.0089 0.1564 0.7336
v  1.0089 0.1531 0.6771
v  0.7265 0.1353 0.7360
v  0.7265 0.1224 0.6807
v  1.0089 0.1353 0.7360
v  1.0089 0.1224 0.6807
v  0.7265 0.1176 0.7424
v  0.7265 0.0926 0.6913
v  1.0089 0.1176 0.7424
v  1.0089 0.0926 0.6913
v  0.7265 0.1019 0.7523
v  0.7265 0.0663 0.7080
v  1.0089 0.1019 0.7523
v  1.0089 0.0663 0.7080
v  0.7265 0.0888 0.7655
v  0.7265 0.0445 0.7299
v  1.0089 0.0888 0.7655
v  1.0089 0.0445 0.7299
v  0.7265 0.0788 0.7811
v  0.7265 0.0278 0.7562
v  1.0089 0.0788 0.7811
v  1.0089 0.0278 0.7562
v  0.7265 0.0725 0.7989
v  0.7265 0.0171 0.7860
v  1.0089 0.0725 0.7989
v  1.0089 0.0171 0.7860
v  0.7265 0.0700 0.8199
v  0.7265 0.0136 0.8167
v  1.0089 0.0700 0.8199
v  1.0089 0.0136 0.8167
v  0.7265 0.0700 6.2376
v  0.7265 0.0136 6.2408
v  1.0089 0.0700 6.2376
v  1.0089 0.0136 6.2408
v  0.7265 0.0725 6.2586
v  0.7265 0.0171 6.2715
v  1.0089 0.0725 6.2586
v  1.0089 0.0171 6.2715
v  0.7265 0.0788 6.2763
v  0.7265 0.0278 6.3013
v  1.0089 0.0788 6.2763
v  1.0089 0.0278 6.3013
v  0.7265 0.0888 6.2920
v  0.7265 0.0445 6.3276
v  1.0089 0.0888 6.2920
v  1.0089 0.0445 6.3276
v  0.7265 0.1019 6.3051
v  0.7265 0.0663 6.3495
v  1.0089 0.1019 6.3051
v  1.0089 0.0663 6.3495
v  0.7265 0.1176 6.3151
v  0.7265 0.0926 6.3662
v  1.0089 0.1176 6.3151
v  1.0089 0.0926 6.3662
v  0.7265 0.1353 6.3215
v  0.7265 0.1224 6.3768
v  1.0089 0.1353 6.3215
v  1.0089 0.1224 6.3768
v  0.7265 0.1564 6.3239
v  0.7265 0.1531 6.3804
v  1.0089 0.1564 6.3239
v  1.0089 0.1531 6.3804
v  0.4319 2.7717 6.3215
v  0.4319 2.7506 6.3239
v  0.4319 2.7539 6.3804
v  0.4319 2.7846 6.3768
v  0.7142 2.7717 6.3215
v  0.7142 2.7506 6.3239
v  0.7142 2.7846 6.3768
v  0.7142 2.7539 6.3804
v  0.4319 2.7894 6.3151
v  0.4319 2.8144 6.3662
v  0.7142 2.7894 6.3151
v  0.7142 2.8144 6.3662
v  0.4319 2.8051 6.3051
v  0.4319 2.8406 6.3495
v  0.7142 2.8051 6.3051
v  0.7142 2.8406 6.3495
v  0.4319 2.8182 6.2920
v  0.4319 2.8625 6.3276
v  0.7142 2.8182 6.2920
v  0.7142 2.8625 6.3276
v  0.4319 2.8282 6.2763
v  0.4319 2.8792 6.3013
v  0.7142 2.8282 6.2763
v  0.7142 2.8792 6.3013
v  0.4319 2.8345 6.2586
v  0.4319 2.8899 6.2715
v  0.7142 2.8345 6.2586
v  0.7142 2.8899 6.2715
v  0.4319 2.8369 6.2376
v  0.4319 2.8934 6.2408
v  0.7142 2.8369 6.2376
v  0.7142 2.8934 6.2408
v  0.4319 2.8369 0.8199
v  0.4319 2.8934 0.8167
v  0.7142 2.8369 0.8199
v  0.7142 2.8934 0.8167
v  0.4319 2.8345 0.7989
v  0.4319 2.8899 0.7860
v  0.7142 2.8345 0.7989
v  0.7142 2.8899 0.7860
v  0.4319 2.8282 0.7811
v  0.4319 2.8792 0.7562
v  0.7142 2.8282 0.7811
v  0.7142 2.8792 0.7562
v  0.4319 2.8182 0.7655
v  0.4319 2.8625 0.7299
v  0.7142 2.8182 0.7655
v  0.7142 2.8625 0.7299
v  0.4319 2.8051 0.7523
v  0.4319 2.8406 0.7080
v  0.7142 2.8051 0.7523
v  0.7142 2.8406 0.7080
v  0.4319 2.7894 0.7424
v  0.4319 2.8144 0.6913
v  0.7142 2.7894 0.7424
v  0.7142 2.8144 0.6913
v  0.4319 2.7717 0.7360
v  0.4319 2.7846 0.6807
v  0.7142 2.7717 0.7360
v  0.7142 2.7846 0.6807
v  0.4319 2.7506 0.7336
v  0.4319 2.7539 0.6771
v  0.7142 2.7506 0.7336
v  0.7142 2.7539 0.6771
v  0.4319 0.1564 0.7336
v  0.4319 0.1531 0.6771
v  0.7142 0.1564 0.7336
v  0.7142 0.1531 0.6771
v  0.4319 0.1353 0.7360
v  0.4319 0.1224 0.6807
v  0.7142 0.1353 0.7360
v  0.7142 0.1224 0.6807
v  0.4319 0.1176 0.7424
v  0.4319 0.0926 0.6913
v  0.7142 0.1176 0.7424
v  0.7142 0.0926 0.6913
v  0.4319 0.1019 0.7523
v  0.4319 0.0663 0.7080
v  0.7142 0.1019 0.7523
v  0.7142 0.0663 0.7080
v  0.4319 0.0888 0.7655
v  0.4319 0.0445 0.7299
v  0.7142 0.0888 0.7655
v  0.7142 0.0445 0.7299
v  0.4319 0.0788 0.7811
v  0.4319 0.0278 0.7562
v  0.7142 0.0788 0.7811
v  0.7142 0.0278 0.7562
v  0.4319 0.0725 0.7989
v  0.4319 0.0171 0.7860
v  0.7142 0.0725 0.7989
v  0.7142 0.0171 0.7860
v  0.4319 0.0700 0.8199
v  0.4319 0.0136 0.8167
v  0.7142 0.0700 0.8199
v  0.7142 0.0136 0.8167
v  0.4319 0.0700 6.2376
v  0.4319 0.0136 6.2408
v  0.7142 0.0700 6.2376
v  0.7142 0.0136 6.2408
v  0.4319 0.0725 6.2586
v  0.4319 0.0171 6.2715
v  0.7142 0.0725 6.2586
v  0.7142 0.0171 6.2715
v  0.4319 0.0788 6.2763
v  0.4319 0.0278 6.3013
v  0.7142 0.0788 6.2763
v  0.7142 0.0278 6.3013
v  0.4319 0.0888 6.2920
v  0.4319 0.0445 6.3276
v  0.7142 0.0888 6.2920
v  0.7142 0.0445 6.3276
v  0.4319 0.1019 6.3051
v  0.4319 0.0663 6.3495
v  0.7142 0.1019 6.3051
v  0.7142 0.0663 6.3495
v  0.4319 0.1176 6.3151
v  0.4319 0.0926 6.3662
v  0.7142 0.1176 6.3151
v  0.7142 0.0926 6.3662
v  0.4319 0.1353 6.3215
v  0.4319 0.1224 6.3768
v  0.7142 0.1353 6.3215
v  0.7142 0.1224 6.3768
v  0.4319 0.1564 6.3239
v  0.4319 0.1531 6.3804
v  0.7142 0.1564 6.3239
v  0.7142 0.1531 6.3804
# 1664 vertices

vn -0.7337 -0.1544 -0.6617
vn -0.7203 -0.0398 -0.6926
vn -0.6944 0.0413 0.7184
vn -0.6823 0.1661 0.7119
vn 0.7337 -0.1544 -0.6617
vn 0.7203 -0.0398 -0.6926
vn 0.6823 0.1661 0.7119
vn 0.6944 0.0413 0.7184
vn -0.7330 -0.2990 -0.6110
vn -0.6829 0.3211 0.6561
vn 0.7330 -0.2990 -0.6110
vn 0.6830 0.3210 0.6561
vn -0.7325 -0.4259 -0.5310
vn -0.6833 0.4568 0.5696
vn 0.7325 -0.4259 -0.5310
vn 0.6834 0.4568 0.5695
vn -0.7325 -0.5310 -0.4259
vn -0.6833 0.5696 0.4568
vn 0.7325 -0.5310 -0.4259
vn 0.6833 0.5696 0.4568
vn -0.7330 -0.6110 -0.2990
vn -0.6829 0.6561 0.3211
vn 0.7330 -0.6110 -0.2990
vn 0.6829 0.6561 0.3211
vn -0.7337 -0.6617 -0.1544
vn -0.6823 0.7119 0.1661
vn 0.7337 -0.6617 -0.1544
vn 0.6823 0.7119 0.1661
vn -0.7203 -0.6926 -0.0398
vn -0.6944 0.7184 0.0413
vn 0.7203 -0.6926 -0.0398
vn 0.6944 0.7184 0.0413
vn -0.7203 -0.6926 0.0398
vn -0.6945 0.7184 -0.0413
vn 0.7203 -0.6925 0.0398
vn 0.6945 0.7184 -0.0413
vn -0.7337 -0.6617 0.1544
vn -0.6823 0.7119 -0.1661
vn 0.7338 -0.6616 0.1544
vn 0.6823 0.7119 -0.1661
vn -0.7330 -0.6110 0.2990
vn -0.6829 0.6562 -0.3211
vn 0.7330 -0.6110 0.2990
vn 0.6829 0.6562 -0.3211
vn -0.7325 -0.5310 0.4259
vn -0.6833 0.5696 -0.4568
vn 0.7325 -0.5310 0.4259
vn 0.6833 0.5696 -0.4568
vn -0.7325 -0.4259 0.5310
vn -0.6833 0.4568 -0.5696
vn 0.7325 -0.4259 0.5310
vn 0.6833 0.4568 -0.5696
vn -0.7330 -0.2990 0.6110
vn -0.6829 0.3211 -0.6562
vn 0.7330 -0.2990 0.6110
vn 0.6829 0.3211 -0.6562
vn -0.7338 -0.1544 0.6616
vn -0.6823 0.1661 -0.7120
vn 0.7338 -0.1544 0.6616
vn 0.6823 0.1661 -0.7120
vn -0.7202 -0.0398 0.6926
vn -0.6944 0.0413 -0.7184
vn 0.7203 -0.0398 0.6925
vn 0.6944 0.0413 -0.7184
vn -0.7203 0.0398 0.6926
vn -0.6945 -0.0413 -0.7183
vn 0.7203 0.0398 0.6926
vn 0.6944 -0.0413 -0.7184
vn -0.7337 0.1544 0.6617
vn -0.6823 -0.1661 -0.7120
vn 0.7337 0.1544 0.6617
vn 0.6823 -0.1661 -0.7120
vn -0.7330 0.2990 0.6110
vn -0.6829 -0.3211 -0.6562
vn 0.7330 0.2990 0.6110
vn 0.6829 -0.3211 -0.6561
vn -0.7325 0.4259 0.5310
vn -0.6833 -0.4568 -0.5696
vn 0.7325 0.4259 0.5310
vn 0.6833 -0.4568 -0.5696
vn -0.7325 0.5310 0.4259
vn -0.6833 -0.5696 -0.4568
vn 0.7325 0.5310 0.4259
vn 0.6833 -0.5696 -0.4568
vn -0.7330 0.6110 0.2990
vn -0.6829 -0.6561 -0.3211
vn 0.7330 0.6110 0.2990
vn 0.6829 -0.6561 -0.3211
vn -0.7337 0.6617 0.1544
vn -0.6823 -0.7119 -0.1661
vn 0.7337 0.6617 0.1544
vn 0.6823 -0.7119 -0.1661
vn -0.7203 0.6926 0.0398
vn -0.6944 -0.7184 -0.0413
vn 0.7203 0.6926 0.0398
vn 0.6944 -0.7184 -0.0413
vn -0.7203 0.6926 -0.0398
vn -0.6944 -0.7184 0.0413
vn 0.7203 0.6926 -0.0398
vn 0.6944 -0.7184 0.0413
vn -0.7337 0.6617 -0.1544
vn -0.6823 -0.7120 0.1661
vn 0.7337 0.6617 -0.1544
vn 0.6823 -0.7119 0.1661
vn -0.7330 0.6110 -0.2990
vn -0.6829 -0.6562 0.3211
vn 0.7330 0.6110 -0.2990
vn 0.6829 -0.6562 0.3211
vn -0.7325 0.5310 -0.4259
vn -0.6833 -0.5696 0.4568
vn 0.7325 0.5310 -0.4259
vn 0.6833 -0.5696 0.4568
vn -0.7325 0.4259 -0.5310
vn -0.6833 -0.4568 0.5696
vn 0.7325 0.4259 -0.5310
vn 0.6833 -0.4568 0.5696
vn -0.7330 0.2990 -0.6110
vn -0.6829 -0.3211 0.6562
vn 0.7330 0.2990 -0.6110
vn 0.6829 -0.3211 0.6562
vn -0.7338 0.1544 -0.6616
vn -0.6823 -0.1661 0.7120
vn 0.7338 0.1544 -0.6616
vn 0.6823 -0.1661 0.7120
vn -0.7203 0.0398 -0.6925
vn -0.6944 -0.0413 0.7184
vn 0.7203 0.0398 -0.6925
vn 0.6944 -0.0413 0.7184
vn -0.6945 0.0413 0.7184
vn 0.6945 0.0413 0.7183
vn -0.6829 0.3210 0.6561
vn 0.6829 0.3211 0.6562
vn 0.6833 0.4568 0.5696
vn -0.6829 0.6562 0.3211
vn 0.6829 0.6562 0.3211
vn -0.6824 0.7119 -0.1661
vn 0.6824 0.7119 -0.1661
vn -0.6829 0.6561 -0.3211
vn 0.6829 0.6561 -0.3211
vn 0.6945 -0.0413 -0.7184
vn -0.6823 -0.1661 -0.7119
vn 0.6823 -0.1661 -0.7119
vn 0.6829 -0.3211 -0.6562
vn -0.7326 0.4259 0.5310
vn 0.7326 0.4259 0.5310
vn -0.7326 0.5310 0.4259
vn 0.7326 0.5310 0.4259
vn -0.6829 -0.3211 0.6561
vn 0.6829 -0.3211 0.6561
vn -0.6823 -0.1661 0.7119
vn 0.6823 -0.1661 0.7119
vn -0.6829 0.3211 0.6562
vn 0.7325 -0.4260 -0.5311
vn 0.7326 -0.5310 -0.4259
vn -0.6829 0.3211 -0.6561
vn 0.6829 0.3211 -0.6561
vn -0.6823 0.1661 -0.7119
vn 0.6823 0.1661 -0.7119
vn -0.6944 -0.0413 -0.7184
vn -0.6829 -0.3210 -0.6561
vn 0.6829 -0.3210 -0.6561
vn -0.6834 -0.4568 -0.5695
vn 0.6834 -0.4568 -0.5695
vn -0.6829 -0.6562 -0.3211
vn 0.6829 -0.6562 -0.3211
vn -0.6823 -0.7119 0.1661
vn -0.6829 -0.6561 0.3211
vn 0.6829 -0.6561 0.3211
# 168 vertex normals

vt 1.1756 0.8189 0.1065
vt 1.1762 0.8138 0.1065
vt 1.1899 0.8146 0.1065
vt 1.1890 0.8220 0.1065
vt 0.1811 0.0382 1.1756
vt 0.1862 0.0382 1.1762
vt 0.1862 0.1065 1.1762
vt 0.1811 0.1065 1.1756
vt -0.1890 0.8220 0.0382
vt -0.1899 0.8146 0.0382
vt -0.1762 0.8138 0.0382
vt -0.1756 0.8189 0.0382
vt 0.8220 0.1065 1.1890
vt 0.8146 0.1065 1.1899
vt 0.8146 0.0382 1.1899
vt 0.8220 0.0382 1.1890
vt 1.1741 0.8232 0.1065
vt 1.1864 0.8292 0.1065
vt 0.1768 0.0382 1.1741
vt 0.1768 0.1065 1.1741
vt -0.1864 0.8292 0.0382
vt -0.1741 0.8232 0.0382
vt 0.8292 0.1065 1.1864
vt 0.8292 0.0382 1.1864
vt 1.1717 0.8270 0.1065
vt 1.1824 0.8356 0.1065
vt 0.1730 0.0382 1.1717
vt 0.1730 0.1065 1.1717
vt -0.1824 0.8356 0.0382
vt -0.1717 0.8270 0.0382
vt 0.8356 0.1065 1.1824
vt 0.8356 0.0382 1.1824
vt 1.1685 0.8301 0.1065
vt 1.1771 0.8409 0.1065
vt 0.1699 0.0382 1.1685
vt 0.1699 0.1065 1.1685
vt -0.1771 0.8409 0.0382
vt -0.1685 0.8301 0.0382
vt 0.8409 0.1065 1.1771
vt 0.8409 0.0382 1.1771
vt 1.1647 0.8326 0.1065
vt 1.1707 0.8449 0.1065
vt 1.1647 0.0382 0.8326
vt 1.1685 0.0382 0.8301
vt 1.1685 0.1065 0.8301
vt 1.1647 0.1065 0.8326
vt -0.1707 0.8449 0.0382
vt -0.1647 0.8326 0.0382
vt -0.1707 0.1065 0.8449
vt -0.1771 0.1065 0.8409
vt -0.1771 0.0382 0.8409
vt -0.1707 0.0382 0.8449
vt 1.1604 0.8341 0.1065
vt 1.1635 0.8475 0.1065
vt 1.1604 0.0382 0.8341
vt 1.1604 0.1065 0.8341
vt -0.1635 0.8475 0.0382
vt -0.1604 0.8341 0.0382
vt -0.1635 0.1065 0.8475
vt -0.1635 0.0382 0.8475
vt 1.1553 0.8347 0.1065
vt 1.1561 0.8483 0.1065
vt 1.1553 0.0382 0.8347
vt 1.1553 0.1065 0.8347
vt -0.1561 0.8483 0.0382
vt -0.1553 0.8347 0.0382
vt -0.1561 0.1065 0.8483
vt -0.1561 0.0382 0.8483
vt -0.1553 0.8347 0.1065
vt -0.1561 0.8483 0.1065
vt -0.1553 0.0382 0.8347
vt -0.1553 0.1065 0.8347
vt 1.1561 0.8483 0.0382
vt 1.1553 0.8347 0.0382
vt 1.1561 0.1065 0.8483
vt 1.1561 0.0382 0.8483
vt -0.1604 0.8341 0.1065
vt -0.1635 0.8475 0.1065
vt -0.1604 0.0382 0.8341
vt -0.1604 0.1065 0.8341
vt 1.1635 0.8475 0.0382
vt 1.1604 0.8341 0.0382
vt 1.1635 0.1065 0.8475
vt 1.1635 0.0382 0.8475
vt -0.1647 0.8326 0.1065
vt -0.1707 0.8449 0.1065
vt -0.1647 0.0382 0.8326
vt -0.1647 0.1065 0.8326
vt 1.1707 0.8449 0.0382
vt 1.1647 0.8326 0.0382
vt 1.1707 0.1065 0.8449
vt 1.1707 0.0382 0.8449
vt -0.1685 0.8301 0.1065
vt -0.1771 0.8409 0.1065
vt -0.1685 0.0382 0.8301
vt -0.1685 0.1065 0.8301
vt 1.1771 0.8409 0.0382
vt 1.1685 0.8301 0.0382
vt 1.1771 0.1065 0.8409
vt 1.1771 0.0382 0.8409
vt -0.1717 0.8270 0.1065
vt -0.1824 0.8356 0.1065
vt 0.8270 0.0382 -0.1717
vt 0.8301 0.0382 -0.1685
vt 0.8301 0.1065 -0.1685
vt 0.8270 0.1065 -0.1717
vt 1.1824 0.8356 0.0382
vt 1.1717 0.8270 0.0382
vt 1.1824 0.1065 0.8356
vt 1.1824 0.0382 0.8356
vt -0.1741 0.8232 0.1065
vt -0.1864 0.8292 0.1065
vt 0.8232 0.0382 -0.1741
vt 0.8232 0.1065 -0.1741
vt 1.1864 0.8292 0.0382
vt 1.1741 0.8232 0.0382
vt 0.1708 0.1065 -0.1864
vt 0.1644 0.1065 -0.1824
vt 0.1644 0.0382 -0.1824
vt 0.1708 0.0382 -0.1864
vt -0.1756 0.8189 0.1065
vt -0.1890 0.8220 0.1065
vt 0.8189 0.0382 -0.1756
vt 0.8189 0.1065 -0.1756
vt 1.1890 0.8220 0.0382
vt 1.1756 0.8189 0.0382
vt 0.1780 0.1065 -0.1890
vt 0.1780 0.0382 -0.1890
vt -0.1762 0.8138 0.1065
vt -0.1899 0.8146 0.1065
vt 0.8138 0.0382 -0.1762
vt 0.8138 0.1065 -0.1762
vt 1.1899 0.8146 0.0382
vt 1.1762 0.8138 0.0382
vt 0.1854 0.1065 -0.1899
vt 0.1854 0.0382 -0.1899
vt -0.1762 0.1862 0.1065
vt -0.1899 0.1854 0.1065
vt 0.1862 0.0382 -0.1762
vt 0.1862 0.1065 -0.1762
vt 1.1899 0.1854 0.0382
vt 1.1762 0.1862 0.0382
vt 0.8146 0.1065 -0.1899
vt 0.8146 0.0382 -0.1899
vt -0.1756 0.1811 0.1065
vt -0.1890 0.1780 0.1065
vt 0.1811 0.0382 -0.1756
vt 0.1811 0.1065 -0.1756
vt 1.1890 0.1780 0.0382
vt 1.1756 0.1811 0.0382
vt 0.8220 0.1065 -0.1890
vt 0.8220 0.0382 -0.1890
vt -0.1741 0.1768 0.1065
vt -0.1864 0.1708 0.1065
vt 0.1768 0.0382 -0.1741
vt 0.1768 0.1065 -0.1741
vt 1.1864 0.1708 0.0382
vt 1.1741 0.1768 0.0382
vt 0.8292 0.1065 -0.1864
vt 0.8292 0.0382 -0.1864
vt -0.1717 0.1730 0.1065
vt -0.1824 0.1644 0.1065
vt 0.1730 0.0382 -0.1717
vt 0.1730 0.1065 -0.1717
vt 1.1824 0.1644 0.0382
vt 1.1717 0.1730 0.0382
vt 0.8356 0.1065 -0.1824
vt 0.8356 0.0382 -0.1824
vt -0.1685 0.1699 0.1065
vt -0.1771 0.1591 0.1065
vt 0.1699 0.0382 -0.1685
vt 0.1699 0.1065 -0.1685
vt 1.1771 0.1591 0.0382
vt 1.1685 0.1699 0.0382
vt 0.8409 0.1065 -0.1771
vt 0.8409 0.0382 -0.1771
vt -0.1647 0.1674 0.1065
vt -0.1707 0.1551 0.1065
vt 1.1647 0.0382 0.1674
vt 1.1685 0.0382 0.1699
vt 1.1685 0.1065 0.1699
vt 1.1647 0.1065 0.1674
vt 1.1707 0.1551 0.0382
vt 1.1647 0.1674 0.0382
vt -0.1707 0.1065 0.1551
vt -0.1771 0.1065 0.1591
vt -0.1771 0.0382 0.1591
vt -0.1707 0.0382 0.1551
vt -0.1604 0.1659 0.1065
vt -0.1635 0.1525 0.1065
vt 1.1604 0.0382 0.1659
vt 1.1604 0.1065 0.1659
vt 1.1635 0.1525 0.0382
vt 1.1604 0.1659 0.0382
vt -0.1635 0.1065 0.1525
vt -0.1635 0.0382 0.1525
vt -0.1553 0.1653 0.1065
vt -0.1561 0.1517 0.1065
vt 1.1553 0.0382 0.1653
vt 1.1553 0.1065 0.1653
vt 1.1561 0.1517 0.0382
vt 1.1553 0.1653 0.0382
vt -0.1561 0.1065 0.1517
vt -0.1561 0.0382 0.1517
vt 1.1553 0.1653 0.1065
vt 1.1561 0.1517 0.1065
vt -0.1553 0.0382 0.1653
vt -0.1553 0.1065 0.1653
vt -0.1561 0.1517 0.0382
vt -0.1553 0.1653 0.0382
vt 1.1561 0.1065 0.1517
vt 1.1561 0.0382 0.1517
vt 1.1604 0.1659 0.1065
vt 1.1635 0.1525 0.1065
vt -0.1604 0.0382 0.1659
vt -0.1604 0.1065 0.1659
vt -0.1635 0.1525 0.0382
vt -0.1604 0.1659 0.0382
vt 1.1635 0.1065 0.1525
vt 1.1635 0.0382 0.1525
vt 1.1647 0.1674 0.1065
vt 1.1707 0.1551 0.1065
vt -0.1647 0.0382 0.1674
vt -0.1647 0.1065 0.1674
vt -0.1707 0.1551 0.0382
vt -0.1647 0.1674 0.0382
vt 1.1707 0.1065 0.1551
vt 1.1707 0.0382 0.1551
vt 1.1685 0.1699 0.1065
vt 1.1771 0.1591 0.1065
vt -0.1685 0.0382 0.1699
vt -0.1685 0.1065 0.1699
vt -0.1771 0.1591 0.0382
vt -0.1685 0.1699 0.0382
vt 1.1771 0.1065 0.1591
vt 1.1771 0.0382 0.1591
vt 1.1717 0.1730 0.1065
vt 1.1824 0.1644 0.1065
vt 0.8270 0.0382 1.1717
vt 0.8301 0.0382 1.1685
vt 0.8301 0.1065 1.1685
vt 0.8270 0.1065 1.1717
vt -0.1824 0.1644 0.0382
vt -0.1717 0.1730 0.0382
vt 1.1824 0.1065 0.1644
vt 1.1824 0.0382 0.1644
vt 1.1741 0.1768 0.1065
vt 1.1864 0.1708 0.1065
vt 0.8232 0.0382 1.1741
vt 0.8232 0.1065 1.1741
vt -0.1864 0.1708 0.0382
vt -0.1741 0.1768 0.0382
vt 0.1708 0.1065 1.1864
vt 0.1644 0.1065 1.1824
vt 0.1644 0.0382 1.1824
vt 0.1708 0.0382 1.1864
vt 1.1756 0.1811 0.1065
vt 1.1890 0.1780 0.1065
vt 0.8189 0.0382 1.1756
vt 0.8189 0.1065 1.1756
vt -0.1890 0.1780 0.0382
vt -0.1756 0.1811 0.0382
vt 0.1780 0.1065 1.1890
vt 0.1780 0.0382 1.1890
vt 1.1762 0.1862 0.1065
vt 1.1899 0.1854 0.1065
vt 0.8138 0.0382 1.1762
vt 0.8138 0.1065 1.1762
vt -0.1899 0.1854 0.0382
vt -0.1762 0.1862 0.0382
vt 0.1854 0.1065 1.1899
vt 0.1854 0.0382 1.1899
vt 1.1756 0.8189 0.1778
vt 1.1762 0.8138 0.1778
vt 1.1899 0.8146 0.1778
vt 1.1890 0.8220 0.1778
vt 0.1811 0.1095 1.1756
vt 0.1862 0.1095 1.1762
vt 0.1862 0.1778 1.1762
vt 0.1811 0.1778 1.1756
vt -0.1890 0.8220 0.1095
vt -0.1899 0.8146 0.1095
vt -0.1762 0.8138 0.1095
vt -0.1756 0.8189 0.1095
vt 0.8220 0.1778 1.1890
vt 0.8146 0.1778 1.1899
vt 0.8146 0.1095 1.1899
vt 0.8220 0.1095 1.1890
vt 1.1741 0.8232 0.1778
vt 1.1864 0.8292 0.1778
vt 0.1768 0.1095 1.1741
vt 0.1768 0.1778 1.1741
vt -0.1864 0.8292 0.1095
vt -0.1741 0.8232 0.1095
vt 0.8292 0.1778 1.1864
vt 0.8292 0.1095 1.1864
vt 1.1717 0.8270 0.1778
vt 1.1824 0.8356 0.1778
vt 0.1730 0.1095 1.1717
vt 0.1730 0.1778 1.1717
vt -0.1824 0.8356 0.1095
vt -0.1717 0.8270 0.1095
vt 0.8356 0.1778 1.1824
vt 0.8356 0.1095 1.1824
vt 1.1685 0.8301 0.1778
vt 1.1771 0.8409 0.1778
vt 0.1699 0.1095 1.1685
vt 0.1699 0.1778 1.1685
vt -0.1771 0.8409 0.1095
vt -0.1685 0.8301 0.1095
vt 0.8409 0.1778 1.1771
vt 0.8409 0.1095 1.1771
vt 1.1647 0.8326 0.1778
vt 1.1707 0.8449 0.1778
vt 1.1647 0.1095 0.8326
vt 1.1685 0.1095 0.8301
vt 1.1685 0.1778 0.8301
vt 1.1647 0.1778 0.8326
vt -0.1707 0.8449 0.1095
vt -0.1647 0.8326 0.1095
vt -0.1707 0.1778 0.8449
vt -0.1771 0.1778 0.8409
vt -0.1771 0.1095 0.8409
vt -0.1707 0.1095 0.8449
vt 1.1604 0.8341 0.1778
vt 1.1635 0.8475 0.1778
vt 1.1604 0.1095 0.8341
vt 1.1604 0.1778 0.8341
vt -0.1635 0.8475 0.1095
vt -0.1604 0.8341 0.1095
vt -0.1635 0.1778 0.8475
vt -0.1635 0.1095 0.8475
vt 1.1553 0.8347 0.1778
vt 1.1561 0.8483 0.1778
vt 1.1553 0.1095 0.8347
vt 1.1553 0.1778 0.8347
vt -0.1561 0.8483 0.1095
vt -0.1553 0.8347 0.1095
vt -0.1561 0.1778 0.8483
vt -0.1561 0.1095 0.8483
vt -0.1553 0.8347 0.1778
vt -0.1561 0.8483 0.1778
vt -0.1553 0.1095 0.8347
vt -0.1553 0.1778 0.8347
vt 1.1561 0.8483 0.1095
vt 1.1553 0.8347 0.1095
vt 1.1561 0.1778 0.8483
vt 1.1561 0.1095 0.8483
vt -0.1604 0.8341 0.1778
vt -0.1635 0.8475 0.1778
vt -0.1604 0.1095 0.8341
vt -0.1604 0.1778 0.8341
vt 1.1635 0.8475 0.1095
vt 1.1604 0.8341 0.1095
vt 1.1635 0.1778 0.8475
vt 1.1635 0.1095 0.8475
vt -0.1647 0.8326 0.1778
vt -0.1707 0.8449 0.1778
vt -0.1647 0.1095 0.8326
vt -0.1647 0.1778 0.8326
vt 1.1707 0.8449 0.1095
vt 1.1647 0.8326 0.1095
vt 1.1707 0.1778 0.8449
vt 1.1707 0.1095 0.8449
vt -0.1685 0.8301 0.1778
vt -0.1771 0.8409 0.1778
vt -0.1685 0.1095 0.8301
vt -0.1685 0.1778 0.8301
vt 1.1771 0.8409 0.1095
vt 1.1685 0.8301 0.1095
vt 1.1771 0.1778 0.8409
vt 1.1771 0.1095 0.8409
vt -0.1717 0.8270 0.1778
vt -0.1824 0.8356 0.1778
vt 0.8270 0.1095 -0.1717
vt 0.8301 0.1095 -0.1685
vt 0.8301 0.1778 -0.1685
vt 0.8270 0.1778 -0.1717
vt 1.1824 0.8356 0.1095
vt 1.1717 0.8270 0.1095
vt 1.1824 0.1778 0.8356
vt 1.1824 0.1095 0.8356
vt -0.1741 0.8232 0.1778
vt -0.1864 0.8292 0.1778
vt 0.8232 0.1095 -0.1741
vt 0.8232 0.1778 -0.1741
vt 1.1864 0.8292 0.1095
vt 1.1741 0.8232 0.1095
vt 0.1708 0.1778 -0.1864
vt 0.1644 0.1778 -0.1824
vt 0.1644 0.1095 -0.1824
vt 0.1708 0.1095 -0.1864
vt -0.1756 0.8189 0.1778
vt -0.1890 0.8220 0.1778
vt 0.8189 0.1095 -0.1756
vt 0.8189 0.1778 -0.1756
vt 1.1890 0.8220 0.1095
vt 1.1756 0.8189 0.1095
vt 0.1780 0.1778 -0.1890
vt 0.1780 0.1095 -0.1890
vt -0.1762 0.8138 0.1778
vt -0.1899 0.8146 0.1778
vt 0.8138 0.1095 -0.1762
vt 0.8138 0.1778 -0.1762
vt 1.1899 0.8146 0.1095
vt 1.1762 0.8138 0.1095
vt 0.1854 0.1778 -0.1899
vt 0.1854 0.1095 -0.1899
vt -0.1762 0.1862 0.1778
vt -0.1899 0.1854 0.1778
vt 0.1862 0.1095 -0.1762
vt 0.1862 0.1778 -0.1762
vt 1.1899 0.1854 0.1095
vt 1.1762 0.1862 0.1095
vt 0.8146 0.1778 -0.1899
vt 0.8146 0.1095 -0.1899
vt -0.1756 0.1811 0.1778
vt -0.1890 0.1780 0.1778
vt 0.1811 0.1095 -0.1756
vt 0.1811 0.1778 -0.1756
vt 1.1890 0.1780 0.1095
vt 1.1756 0.1811 0.1095
vt 0.8220 0.1778 -0.1890
vt 0.8220 0.1095 -0.1890
vt -0.1741 0.1768 0.1778
vt -0.1864 0.1708 0.1778
vt 0.1768 0.1095 -0.1741
vt 0.1768 0.1778 -0.1741
vt 1.1864 0.1708 0.1095
vt 1.1741 0.1768 0.1095
vt 0.8292 0.1778 -0.1864
vt 0.8292 0.1095 -0.1864
vt -0.1717 0.1730 0.1778
vt -0.1824 0.1644 0.1778
vt 0.1730 0.1095 -0.1717
vt 0.1730 0.1778 -0.1717
vt 1.1824 0.1644 0.1095
vt 1.1717 0.1730 0.1095
vt 0.8356 0.1778 -0.1824
vt 0.8356 0.1095 -0.1824
vt -0.1685 0.1699 0.1778
vt -0.1771 0.1591 0.1778
vt 0.1699 0.1095 -0.1685
vt 0.1699 0.1778 -0.1685
vt 1.1771 0.1591 0.1095
vt 1.1685 0.1699 0.1095
vt 0.8409 0.1778 -0.1771
vt 0.8409 0.1095 -0.1771
vt -0.1647 0.1674 0.1778
vt -0.1707 0.1551 0.1778
vt 1.1647 0.1095 0.1674
vt 1.1685 0.1095 0.1699
vt 1.1685 0.1778 0.1699
vt 1.1647 0.1778 0.1674
vt 1.1707 0.1551 0.1095
vt 1.1647 0.1674 0.1095
vt -0.1707 0.1778 0.1551
vt -0.1771 0.1778 0.1591
vt -0.1771 0.1095 0.1591
vt -0.1707 0.1095 0.1551
vt -0.1604 0.1659 0.1778
vt -0.1635 0.1525 0.1778
vt 1.1604 0.1095 0.1659
vt 1.1604 0.1778 0.1659
vt 1.1635 0.1525 0.1095
vt 1.1604 0.1659 0.1095
vt -0.1635 0.1778 0.1525
vt -0.1635 0.1095 0.1525
vt -0.1553 0.1653 0.1778
vt -0.1561 0.1517 0.1778
vt 1.1553 0.1095 0.1653
vt 1.1553 0.1778 0.1653
vt 1.1561 0.1517 0.1095
vt 1.1553 0.1653 0.1095
vt -0.1561 0.1778 0.1517
vt -0.1561 0.1095 0.1517
vt 1.1553 0.1653 0.1778
vt 1.1561 0.1517 0.1778
vt -0.1553 0.1095 0.1653
vt -0.1553 0.1778 0.1653
vt -0.1561 0.1517 0.1095
vt -0.1553 0.1653 0.1095
vt 1.1561 0.1778 0.1517
vt 1.1561 0.1095 0.1517
vt 1.1604 0.1659 0.1778
vt 1.1635 0.1525 0.1778
vt -0.1604 0.1095 0.1659
vt -0.1604 0.1778 0.1659
vt -0.1635 0.1525 0.1095
vt -0.1604 0.1659 0.1095
vt 1.1635 0.1778 0.1525
vt 1.1635 0.1095 0.1525
vt 1.1647 0.1674 0.1778
vt 1.1707 0.1551 0.1778
vt -0.1647 0.1095 0.1674
vt -0.1647 0.1778 0.1674
vt -0.1707 0.1551 0.1095
vt -0.1647 0.1674 0.1095
vt 1.1707 0.1778 0.1551
vt 1.1707 0.1095 0.1551
vt 1.1685 0.1699 0.1778
vt 1.1771 0.1591 0.1778
vt -0.1685 0.1095 0.1699
vt -0.1685 0.1778 0.1699
vt -0.1771 0.1591 0.1095
vt -0.1685 0.1699 0.1095
vt 1.1771 0.1778 0.1591
vt 1.1771 0.1095 0.1591
vt 1.1717 0.1730 0.1778
vt 1.1824 0.1644 0.1778
vt 0.8270 0.1095 1.1717
vt 0.8301 0.1095 1.1685
vt 0.8301 0.1778 1.1685
vt 0.8270 0.1778 1.1717
vt -0.1824 0.1644 0.1095
vt -0.1717 0.1730 0.1095
vt 1.1824 0.1778 0.1644
vt 1.1824 0.1095 0.1644
vt 1.1741 0.1768 0.1778
vt 1.1864 0.1708 0.1778
vt 0.8232 0.1095 1.1741
vt 0.8232 0.1778 1.1741
vt -0.1864 0.1708 0.1095
vt -0.1741 0.1768 0.1095
vt 0.1708 0.1778 1.1864
vt 0.1644 0.1778 1.1824
vt 0.1644 0.1095 1.1824
vt 0.1708 0.1095 1.1864
vt 1.1756 0.1811 0.1778
vt 1.1890 0.1780 0.1778
vt 0.8189 0.1095 1.1756
vt 0.8189 0.1778 1.1756
vt -0.1890 0.1780 0.1095
vt -0.1756 0.1811 0.1095
vt 0.1780 0.1778 1.1890
vt 0.1780 0.1095 1.1890
vt 1.1762 0.1862 0.1778
vt 1.1899 0.1854 0.1778
vt 0.8138 0.1095 1.1762
vt 0.8138 0.1778 1.1762
vt -0.1899 0.1854 0.1095
vt -0.1762 0.1862 0.1095
vt 0.1854 0.1778 1.1899
vt 0.1854 0.1095 1.1899
vt 1.1756 0.8189 0.2491
vt 1.1762 0.8138 0.2491
vt 1.1899 0.8146 0.2491
vt 1.1890 0.8220 0.2491
vt 0.1811 0.1808 1.1756
vt 0.1862 0.1808 1.1762
vt 0.1862 0.2491 1.1762
vt 0.1811 0.2491 1.1756
vt -0.1890 0.8220 0.1808
vt -0.1899 0.8146 0.1808
vt -0.1762 0.8138 0.1808
vt -0.1756 0.8189 0.1808
vt 0.8220 0.2491 1.1890
vt 0.8146 0.2491 1.1899
vt 0.8146 0.1808 1.1899
vt 0.8220 0.1808 1.1890
vt 1.1741 0.8232 0.2491
vt 1.1864 0.8292 0.2491
vt 0.1768 0.1808 1.1741
vt 0.1768 0.2491 1.1741
vt -0.1864 0.8292 0.1808
vt -0.1741 0.8232 0.1808
vt 0.8292 0.2491 1.1864
vt 0.8292 0.1808 1.1864
vt 1.1717 0.8270 0.2491
vt 1.1824 0.8356 0.2491
vt 0.1730 0.1808 1.1717
vt 0.1730 0.2491 1.1717
vt -0.1824 0.8356 0.1808
vt -0.1717 0.8270 0.1808
vt 0.8356 0.2491 1.1824
vt 0.8356 0.1808 1.1824
vt 1.1685 0.8301 0.2491
vt 1.1771 0.8409 0.2491
vt 0.1699 0.1808 1.1685
vt 0.1699 0.2491 1.1685
vt -0.1771 0.8409 0.1808
vt -0.1685 0.8301 0.1808
vt 0.8409 0.2491 1.1771
vt 0.8409 0.1808 1.1771
vt 1.1647 0.8326 0.2491
vt 1.1707 0.8449 0.2491
vt 1.1647 0.1808 0.8326
vt 1.1685 0.1808 0.8301
vt 1.1685 0.2491 0.8301
vt 1.1647 0.2491 0.8326
vt -0.1707 0.8449 0.1808
vt -0.1647 0.8326 0.1808
vt -0.1707 0.2491 0.8449
vt -0.1771 0.2491 0.8409
vt -0.1771 0.1808 0.8409
vt -0.1707 0.1808 0.8449
vt 1.1604 0.8341 0.2491
vt 1.1635 0.8475 0.2491
vt 1.1604 0.1808 0.8341
vt 1.1604 0.2491 0.8341
vt -0.1635 0.8475 0.1808
vt -0.1604 0.8341 0.1808
vt -0.1635 0.2491 0.8475
vt -0.1635 0.1808 0.8475
vt 1.1553 0.8347 0.2491
vt 1.1561 0.8483 0.2491
vt 1.1553 0.1808 0.8347
vt 1.1553 0.2491 0.8347
vt -0.1561 0.8483 0.1808
vt -0.1553 0.8347 0.1808
vt -0.1561 0.2491 0.8483
vt -0.1561 0.1808 0.8483
vt -0.1553 0.8347 0.2491
vt -0.1561 0.8483 0.2491
vt -0.1553 0.1808 0.8347
vt -0.1553 0.2491 0.8347
vt 1.1561 0.8483 0.1808
vt 1.1553 0.8347 0.1808
vt 1.1561 0.2491 0.8483
vt 1.1561 0.1808 0.8483
vt -0.1604 0.8341 0.2491
vt -0.1635 0.8475 0.2491
vt -0.1604 0.1808 0.8341
vt -0.1604 0.2491 0.8341
vt 1.1635 0.8475 0.1808
vt 1.1604 0.8341 0.1808
vt 1.1635 0.2491 0.8475
vt 1.1635 0.1808 0.8475
vt -0.1647 0.8326 0.2491
vt -0.1707 0.8449 0.2491
vt -0.1647 0.1808 0.8326
vt -0.1647 0.2491 0.8326
vt 1.1707 0.8449 0.1808
vt 1.1647 0.8326 0.1808
vt 1.1707 0.2491 0.8449
vt 1.1707 0.1808 0.8449
vt -0.1685 0.8301 0.2491
vt -0.1771 0.8409 0.2491
vt -0.1685 0.1808 0.8301
vt -0.1685 0.2491 0.8301
vt 1.1771 0.8409 0.1808
vt 1.1685 0.8301 0.1808
vt 1.1771 0.2491 0.8409
vt 1.1771 0.1808 0.8409
vt -0.1717 0.8270 0.2491
vt -0.1824 0.8356 0.2491
vt 0.8270 0.1808 -0.1717
vt 0.8301 0.1808 -0.1685
vt 0.8301 0.2491 -0.1685
vt 0.8270 0.2491 -0.1717
vt 1.1824 0.8356 0.1808
vt 1.1717 0.8270 0.1808
vt 1.1824 0.2491 0.8356
vt 1.1824 0.1808 0.8356
vt -0.1741 0.8232 0.2491
vt -0.1864 0.8292 0.2491
vt 0.8232 0.1808 -0.1741
vt 0.8232 0.2491 -0.1741
vt 1.1864 0.8292 0.1808
vt 1.1741 0.8232 0.1808
vt 0.1708 0.2491 -0.1864
vt 0.1644 0.2491 -0.1824
vt 0.1644 0.1808 -0.1824
vt 0.1708 0.1808 -0.1864
vt -0.1756 0.8189 0.2491
vt -0.1890 0.8220 0.2491
vt 0.8189 0.1808 -0.1756
vt 0.8189 0.2491 -0.1756
vt 1.1890 0.8220 0.1808
vt 1.1756 0.8189 0.1808
vt 0.1780 0.2491 -0.1890
vt 0.1780 0.1808 -0.1890
vt -0.1762 0.8138 0.2491
vt -0.1899 0.8146 0.2491
vt 0.8138 0.1808 -0.1762
vt 0.8138 0.2491 -0.1762
vt 1.1899 0.8146 0.1808
vt 1.1762 0.8138 0.1808
vt 0.1854 0.2491 -0.1899
vt 0.1854 0.1808 -0.1899
vt -0.1762 0.1862 0.2491
vt -0.1899 0.1854 0.2491
vt 0.1862 0.1808 -0.1762
vt 0.1862 0.2491 -0.1762
vt 1.1899 0.1854 0.1808
vt 1.1762 0.1862 0.1808
vt 0.8146 0.2491 -0.1899
vt 0.8146 0.1808 -0.1899
vt -0.1756 0.1811 0.2491
vt -0.1890 0.1780 0.2491
vt 0.1811 0.1808 -0.1756
vt 0.1811 0.2491 -0.1756
vt 1.1890 0.1780 0.1808
vt 1.1756 0.1811 0.1808
vt 0.8220 0.2491 -0.1890
vt 0.8220 0.1808 -0.1890
vt -0.1741 0.1768 0.2491
vt -0.1864 0.1708 0.2491
vt 0.1768 0.1808 -0.1741
vt 0.1768 0.2491 -0.1741
vt 1.1864 0.1708 0.1808
vt 1.1741 0.1768 0.1808
vt 0.8292 0.2491 -0.1864
vt 0.8292 0.1808 -0.1864
vt -0.1717 0.1730 0.2491
vt -0.1824 0.1644 0.2491
vt 0.1730 0.1808 -0.1717
vt 0.1730 0.2491 -0.1717
vt 1.1824 0.1644 0.1808
vt 1.1717 0.1730 0.1808
vt 0.8356 0.2491 -0.1824
vt 0.8356 0.1808 -0.1824
vt -0.1685 0.1699 0.2491
vt -0.1771 0.1591 0.2491
vt 0.1699 0.1808 -0.1685
vt 0.1699 0.2491 -0.1685
vt 1.1771 0.1591 0.1808
vt 1.1685 0.1699 0.1808
vt 0.8409 0.2491 -0.1771
vt 0.8409 0.1808 -0.1771
vt -0.1647 0.1674 0.2491
vt -0.1707 0.1551 0.2491
vt 1.1647 0.1808 0.1674
vt 1.1685 0.1808 0.1699
vt 1.1685 0.2491 0.1699
vt 1.1647 0.2491 0.1674
vt 1.1707 0.1551 0.1808
vt 1.1647 0.1674 0.1808
vt -0.1707 0.2491 0.1551
vt -0.1771 0.2491 0.1591
vt -0.1771 0.1808 0.1591
vt -0.1707 0.1808 0.1551
vt -0.1604 0.1659 0.2491
vt -0.1635 0.1525 0.2491
vt 1.1604 0.1808 0.1659
vt 1.1604 0.2491 0.1659
vt 1.1635 0.1525 0.1808
vt 1.1604 0.1659 0.1808
vt -0.1635 0.2491 0.1525
vt -0.1635 0.1808 0.1525
vt -0.1553 0.1653 0.2491
vt -0.1561 0.1517 0.2491
vt 1.1553 0.1808 0.1653
vt 1.1553 0.2491 0.1653
vt 1.1561 0.1517 0.1808
vt 1.1553 0.1653 0.1808
vt -0.1561 0.2491 0.1517
vt -0.1561 0.1808 0.1517
vt 1.1553 0.1653 0.2491
vt 1.1561 0.1517 0.2491
vt -0.1553 0.1808 0.1653
vt -0.1553 0.2491 0.1653
vt -0.1561 0.1517 0.1808
vt -0.1553 0.1653 0.1808
vt 1.1561 0.2491 0.1517
vt 1.1561 0.1808 0.1517
vt 1.1604 0.1659 0.2491
vt 1.1635 0.1525 0.2491
vt -0.1604 0.1808 0.1659
vt -0.1604 0.2491 0.1659
vt -0.1635 0.1525 0.1808
vt -0.1604 0.1659 0.1808
vt 1.1635 0.2491 0.1525
vt 1.1635 0.1808 0.1525
vt 1.1647 0.1674 0.2491
vt 1.1707 0.1551 0.2491
vt -0.1647 0.1808 0.1674
vt -0.1647 0.2491 0.1674
vt -0.1707 0.1551 0.1808
vt -0.1647 0.1674 0.1808
vt 1.1707 0.2491 0.1551
vt 1.1707 0.1808 0.1551
vt 1.1685 0.1699 0.2491
vt 1.1771 0.1591 0.2491
vt -0.1685 0.1808 0.1699
vt -0.1685 0.2491 0.1699
vt -0.1771 0.1591 0.1808
vt -0.1685 0.1699 0.1808
vt 1.1771 0.2491 0.1591
vt 1.1771 0.1808 0.1591
vt 1.1717 0.1730 0.2491
vt 1.1824 0.1644 0.2491
vt 0.8270 0.1808 1.1717
vt 0.8301 0.1808 1.1685
vt 0.8301 0.2491 1.1685
vt 0.8270 0.2491 1.1717
vt -0.1824 0.1644 0.1808
vt -0.1717 0.1730 0.1808
vt 1.1824 0.2491 0.1644
vt 1.1824 0.1808 0.1644
vt 1.1741 0.1768 0.2491
vt 1.1864 0.1708 0.2491
vt 0.8232 0.1808 1.1741
vt 0.8232 0.2491 1.1741
vt -0.1864 0.1708 0.1808
vt -0.1741 0.1768 0.1808
vt 0.1708 0.2491 1.1864
vt 0.1644 0.2491 1.1824
vt 0.1644 0.1808 1.1824
vt 0.1708 0.1808 1.1864
vt 1.1756 0.1811 0.2491
vt 1.1890 0.1780 0.2491
vt 0.8189 0.1808 1.1756
vt 0.8189 0.2491 1.1756
vt -0.1890 0.1780 0.1808
vt -0.1756 0.1811 0.1808
vt 0.1780 0.2491 1.1890
vt 0.1780 0.1808 1.1890
vt 1.1762 0.1862 0.2491
vt 1.1899 0.1854 0.2491
vt 0.8138 0.1808 1.1762
vt 0.8138 0.2491 1.1762
vt -0.1899 0.1854 0.1808
vt -0.1762 0.1862 0.1808
vt 0.1854 0.2491 1.1899
vt 0.1854 0.1808 1.1899
vt 1.1756 0.8189 0.3203
vt 1.1762 0.8138 0.3203
vt 1.1899 0.8146 0.3203
vt 1.1890 0.8220 0.3203
vt 0.1811 0.2520 1.1756
vt 0.1862 0.2520 1.1762
vt 0.1862 0.3203 1.1762
vt 0.1811 0.3203 1.1756
vt -0.1890 0.8220 0.2520
vt -0.1899 0.8146 0.2520
vt -0.1762 0.8138 0.2520
vt -0.1756 0.8189 0.2520
vt 0.8220 0.3203 1.1890
vt 0.8146 0.3203 1.1899
vt 0.8146 0.2520 1.1899
vt 0.8220 0.2520 1.1890
vt 1.1741 0.8232 0.3203
vt 1.1864 0.8292 0.3203
vt 0.1768 0.2520 1.1741
vt 0.1768 0.3203 1.1741
vt -0.1864 0.8292 0.2520
vt -0.1741 0.8232 0.2520
vt 0.8292 0.3203 1.1864
vt 0.8292 0.2520 1.1864
vt 1.1717 0.8270 0.3203
vt 1.1824 0.8356 0.3203
vt 0.1730 0.2520 1.1717
vt 0.1730 0.3203 1.1717
vt -0.1824 0.8356 0.2520
vt -0.1717 0.8270 0.2520
vt 0.8356 0.3203 1.1824
vt 0.8356 0.2520 1.1824
vt 1.1685 0.8301 0.3203
vt 1.1771 0.8409 0.3203
vt 0.1699 0.2520 1.1685
vt 0.1699 0.3203 1.1685
vt -0.1771 0.8409 0.2520
vt -0.1685 0.8301 0.2520
vt 0.8409 0.3203 1.1771
vt 0.8409 0.2520 1.1771
vt 1.1647 0.8326 0.3203
vt 1.1707 0.8449 0.3203
vt 1.1647 0.2520 0.8326
vt 1.1685 0.2520 0.8301
vt 1.1685 0.3203 0.8301
vt 1.1647 0.3203 0.8326
vt -0.1707 0.8449 0.2520
vt -0.1647 0.8326 0.2520
vt -0.1707 0.3203 0.8449
vt -0.1771 0.3203 0.8409
vt -0.1771 0.2520 0.8409
vt -0.1707 0.2520 0.8449
vt 1.1604 0.8341 0.3203
vt 1.1635 0.8475 0.3203
vt 1.1604 0.2520 0.8341
vt 1.1604 0.3203 0.8341
vt -0.1635 0.8475 0.2520
vt -0.1604 0.8341 0.2520
vt -0.1635 0.3203 0.8475
vt -0.1635 0.2520 0.8475
vt 1.1553 0.8347 0.3203
vt 1.1561 0.8483 0.3203
vt 1.1553 0.2520 0.8347
vt 1.1553 0.3203 0.8347
vt -0.1561 0.8483 0.2520
vt -0.1553 0.8347 0.2520
vt -0.1561 0.3203 0.8483
vt -0.1561 0.2520 0.8483
vt -0.1553 0.8347 0.3203
vt -0.1561 0.8483 0.3203
vt -0.1553 0.2520 0.8347
vt -0.1553 0.3203 0.8347
vt 1.1561 0.8483 0.2520
vt 1.1553 0.8347 0.2520
vt 1.1561 0.3203 0.8483
vt 1.1561 0.2520 0.8483
vt -0.1604 0.8341 0.3203
vt -0.1635 0.8475 0.3203
vt -0.1604 0.2520 0.8341
vt -0.1604 0.3203 0.8341
vt 1.1635 0.8475 0.2520
vt 1.1604 0.8341 0.2520
vt 1.1635 0.3203 0.8475
vt 1.1635 0.2520 0.8475
vt -0.1647 0.8326 0.3203
vt -0.1707 0.8449 0.3203
vt -0.1647 0.2520 0.8326
vt -0.1647 0.3203 0.8326
vt 1.1707 0.8449 0.2520
vt 1.1647 0.8326 0.2520
vt 1.1707 0.3203 0.8449
vt 1.1707 0.2520 0.8449
vt -0.1685 0.8301 0.3203
vt -0.1771 0.8409 0.3203
vt -0.1685 0.2520 0.8301
vt -0.1685 0.3203 0.8301
vt 1.1771 0.8409 0.2520
vt 1.1685 0.8301 0.2520
vt 1.1771 0.3203 0.8409
vt 1.1771 0.2520 0.8409
vt -0.1717 0.8270 0.3203
vt -0.1824 0.8356 0.3203
vt 0.8270 0.2520 -0.1717
vt 0.8301 0.2520 -0.1685
vt 0.8301 0.3203 -0.1685
vt 0.8270 0.3203 -0.1717
vt 1.1824 0.8356 0.2520
vt 1.1717 0.8270 0.2520
vt 1.1824 0.3203 0.8356
vt 1.1824 0.2520 0.8356
vt -0.1741 0.8232 0.3203
vt -0.1864 0.8292 0.3203
vt 0.8232 0.2520 -0.1741
vt 0.8232 0.3203 -0.1741
vt 1.1864 0.8292 0.2520
vt 1.1741 0.8232 0.2520
vt 0.1708 0.3203 -0.1864
vt 0.1644 0.3203 -0.1824
vt 0.1644 0.2520 -0.1824
vt 0.1708 0.2520 -0.1864
vt -0.1756 0.8189 0.3203
vt -0.1890 0.8220 0.3203
vt 0.8189 0.2520 -0.1756
vt 0.8189 0.3203 -0.1756
vt 1.1890 0.8220 0.2520
vt 1.1756 0.8189 0.2520
vt 0.1780 0.3203 -0.1890
vt 0.1780 0.2520 -0.1890
vt -0.1762 0.8138 0.3203
vt -0.1899 0.8146 0.3203
vt 0.8138 0.2520 -0.1762
vt 0.8138 0.3203 -0.1762
vt 1.1899 0.8146 0.2520
vt 1.1762 0.8138 0.2520
vt 0.1854 0.3203 -0.1899
vt 0.1854 0.2520 -0.1899
vt -0.1762 0.1862 0.3203
vt -0.1899 0.1854 0.3203
vt 0.1862 0.2520 -0.1762
vt 0.1862 0.3203 -0.1762
vt 1.1899 0.1854 0.2520
vt 1.1762 0.1862 0.2520
vt 0.8146 0.3203 -0.1899
vt 0.8146 0.2520 -0.1899
vt -0.1756 0.1811 0.3203
vt -0.1890 0.1780 0.3203
vt 0.1811 0.2520 -0.1756
vt 0.1811 0.3203 -0.1756
vt 1.1890 0.1780 0.2520
vt 1.1756 0.1811 0.2520
vt 0.8220 0.3203 -0.1890
vt 0.8220 0.2520 -0.1890
vt -0.1741 0.1768 0.3203
vt -0.1864 0.1708 0.3203
vt 0.1768 0.2520 -0.1741
vt 0.1768 0.3203 -0.1741
vt 1.1864 0.1708 0.2520
vt 1.1741 0.1768 0.2520
vt 0.8292 0.3203 -0.1864
vt 0.8292 0.2520 -0.1864
vt -0.1717 0.1730 0.3203
vt -0.1824 0.1644 0.3203
vt 0.1730 0.2520 -0.1717
vt 0.1730 0.3203 -0.1717
vt 1.1824 0.1644 0.2520
vt 1.1717 0.1730 0.2520
vt 0.8356 0.3203 -0.1824
vt 0.8356 0.2520 -0.1824
vt -0.1685 0.1699 0.3203
vt -0.1771 0.1591 0.3203
vt 0.1699 0.2520 -0.1685
vt 0.1699 0.3203 -0.1685
vt 1.1771 0.1591 0.2520
vt 1.1685 0.1699 0.2520
vt 0.8409 0.3203 -0.1771
vt 0.8409 0.2520 -0.1771
vt -0.1647 0.1674 0.3203
vt -0.1707 0.1551 0.3203
vt 1.1647 0.2520 0.1674
vt 1.1685 0.2520 0.1699
vt 1.1685 0.3203 0.1699
vt 1.1647 0.3203 0.1674
vt 1.1707 0.1551 0.2520
vt 1.1647 0.1674 0.2520
vt -0.1707 0.3203 0.1551
vt -0.1771 0.3203 0.1591
vt -0.1771 0.2520 0.1591
vt -0.1707 0.2520 0.1551
vt -0.1604 0.1659 0.3203
vt -0.1635 0.1525 0.3203
vt 1.1604 0.2520 0.1659
vt 1.1604 0.3203 0.1659
vt 1.1635 0.1525 0.2520
vt 1.1604 0.1659 0.2520
vt -0.1635 0.3203 0.1525
vt -0.1635 0.2520 0.1525
vt -0.1553 0.1653 0.3203
vt -0.1561 0.1517 0.3203
vt 1.1553 0.2520 0.1653
vt 1.1553 0.3203 0.1653
vt 1.1561 0.1517 0.2520
vt 1.1553 0.1653 0.2520
vt -0.1561 0.3203 0.1517
vt -0.1561 0.2520 0.1517
vt 1.1553 0.1653 0.3203
vt 1.1561 0.1517 0.3203
vt -0.1553 0.2520 0.1653
vt -0.1553 0.3203 0.1653
vt -0.1561 0.1517 0.2520
vt -0.1553 0.1653 0.2520
vt 1.1561 0.3203 0.1517
vt 1.1561 0.2520 0.1517
vt 1.1604 0.1659 0.3203
vt 1.1635 0.1525 0.3203
vt -0.1604 0.2520 0.1659
vt -0.1604 0.3203 0.1659
vt -0.1635 0.1525 0.2520
vt -0.1604 0.1659 0.2520
vt 1.1635 0.3203 0.1525
vt 1.1635 0.2520 0.1525
vt 1.1647 0.1674 0.3203
vt 1.1707 0.1551 0.3203
vt -0.1647 0.2520 0.1674
vt -0.1647 0.3203 0.1674
vt -0.1707 0.1551 0.2520
vt -0.1647 0.1674 0.2520
vt 1.1707 0.3203 0.1551
vt 1.1707 0.2520 0.1551
vt 1.1685 0.1699 0.3203
vt 1.1771 0.1591 0.3203
vt -0.1685 0.2520 0.1699
vt -0.1685 0.3203 0.1699
vt -0.1771 0.1591 0.2520
vt -0.1685 0.1699 0.2520
vt 1.1771 0.3203 0.1591
vt 1.1771 0.2520 0.1591
vt 1.1717 0.1730 0.3203
vt 1.1824 0.1644 0.3203
vt 0.8270 0.2520 1.1717
vt 0.8301 0.2520 1.1685
vt 0.8301 0.3203 1.1685
vt 0.8270 0.3203 1.1717
vt -0.1824 0.1644 0.2520
vt -0.1717 0.1730 0.2520
vt 1.1824 0.3203 0.1644
vt 1.1824 0.2520 0.1644
vt 1.1741 0.1768 0.3203
vt 1.1864 0.1708 0.3203
vt 0.8232 0.2520 1.1741
vt 0.8232 0.3203 1.1741
vt -0.1864 0.1708 0.2520
vt -0.1741 0.1768 0.2520
vt 0.1708 0.3203 1.1864
vt 0.1644 0.3203 1.1824
vt 0.1644 0.2520 1.1824
vt 0.1708 0.2520 1.1864
vt 1.1756 0.1811 0.3203
vt 1.1890 0.1780 0.3203
vt 0.8189 0.2520 1.1756
vt 0.8189 0.3203 1.1756
vt -0.1890 0.1780 0.2520
vt -0.1756 0.1811 0.2520
vt 0.1780 0.3203 1.1890
vt 0.1780 0.2520 1.1890
vt 1.1762 0.1862 0.3203
vt 1.1899 0.1854 0.3203
vt 0.8138 0.2520 1.1762
vt 0.8138 0.3203 1.1762
vt -0.1899 0.1854 0.2520
vt -0.1762 0.1862 0.2520
vt 0.1854 0.3203 1.1899
vt 0.1854 0.2520 1.1899
vt 1.1756 0.8189 0.3916
vt 1.1762 0.8138 0.3916
vt 1.1899 0.8146 0.3916
vt 1.1890 0.8220 0.3916
vt 0.1811 0.3233 1.1756
vt 0.1862 0.3233 1.1762
vt 0.1862 0.3916 1.1762
vt 0.1811 0.3916 1.1756
vt -0.1890 0.8220 0.3233
vt -0.1899 0.8146 0.3233
vt -0.1762 0.8138 0.3233
vt -0.1756 0.8189 0.3233
vt 0.8220 0.3916 1.1890
vt 0.8146 0.3916 1.1899
vt 0.8146 0.3233 1.1899
vt 0.8220 0.3233 1.1890
vt 1.1741 0.8232 0.3916
vt 1.1864 0.8292 0.3916
vt 0.1768 0.3233 1.1741
vt 0.1768 0.3916 1.1741
vt -0.1864 0.8292 0.3233
vt -0.1741 0.8232 0.3233
vt 0.8292 0.3916 1.1864
vt 0.8292 0.3233 1.1864
vt 1.1717 0.8270 0.3916
vt 1.1824 0.8356 0.3916
vt 0.1730 0.3233 1.1717
vt 0.1730 0.3916 1.1717
vt -0.1824 0.8356 0.3233
vt -0.1717 0.8270 0.3233
vt 0.8356 0.3916 1.1824
vt 0.8356 0.3233 1.1824
vt 1.1685 0.8301 0.3916
vt 1.1771 0.8409 0.3916
vt 0.1699 0.3233 1.1685
vt 0.1699 0.3916 1.1685
vt -0.1771 0.8409 0.3233
vt -0.1685 0.8301 0.3233
vt 0.8409 0.3916 1.1771
vt 0.8409 0.3233 1.1771
vt 1.1647 0.8326 0.3916
vt 1.1707 0.8449 0.3916
vt 1.1647 0.3233 0.8326
vt 1.1685 0.3233 0.8301
vt 1.1685 0.3916 0.8301
vt 1.1647 0.3916 0.8326
vt -0.1707 0.8449 0.3233
vt -0.1647 0.8326 0.3233
vt -0.1707 0.3916 0.8449
vt -0.1771 0.3916 0.8409
vt -0.1771 0.3233 0.8409
vt -0.1707 0.3233 0.8449
vt 1.1604 0.8341 0.3916
vt 1.1635 0.8475 0.3916
vt 1.1604 0.3233 0.8341
vt 1.1604 0.3916 0.8341
vt -0.1635 0.8475 0.3233
vt -0.1604 0.8341 0.3233
vt -0.1635 0.3916 0.8475
vt -0.1635 0.3233 0.8475
vt 1.1553 0.8347 0.3916
vt 1.1561 0.8483 0.3916
vt 1.1553 0.3233 0.8347
vt 1.1553 0.3916 0.8347
vt -0.1561 0.8483 0.3233
vt -0.1553 0.8347 0.3233
vt -0.1561 0.3916 0.8483
vt -0.1561 0.3233 0.8483
vt -0.1553 0.8347 0.3916
vt -0.1561 0.8483 0.3916
vt -0.1553 0.3233 0.8347
vt -0.1553 0.3916 0.8347
vt 1.1561 0.8483 0.3233
vt 1.1553 0.8347 0.3233
vt 1.1561 0.3916 0.8483
vt 1.1561 0.3233 0.8483
vt -0.1604 0.8341 0.3916
vt -0.1635 0.8475 0.3916
vt -0.1604 0.3233 0.8341
vt -0.1604 0.3916 0.8341
vt 1.1635 0.8475 0.3233
vt 1.1604 0.8341 0.3233
vt 1.1635 0.3916 0.8475
vt 1.1635 0.3233 0.8475
vt -0.1647 0.8326 0.3916
vt -0.1707 0.8449 0.3916
vt -0.1647 0.3233 0.8326
vt -0.1647 0.3916 0.8326
vt 1.1707 0.8449 0.3233
vt 1.1647 0.8326 0.3233
vt 1.1707 0.3916 0.8449
vt 1.1707 0.3233 0.8449
vt -0.1685 0.8301 0.3916
vt -0.1771 0.8409 0.3916
vt -0.1685 0.3233 0.8301
vt -0.1685 0.3916 0.8301
vt 1.1771 0.8409 0.3233
vt 1.1685 0.8301 0.3233
vt 1.1771 0.3916 0.8409
vt 1.1771 0.3233 0.8409
vt -0.1717 0.8270 0.3916
vt -0.1824 0.8356 0.3916
vt 0.8270 0.3233 -0.1717
vt 0.8301 0.3233 -0.1685
vt 0.8301 0.3916 -0.1685
vt 0.8270 0.3916 -0.1717
vt 1.1824 0.8356 0.3233
vt 1.1717 0.8270 0.3233
vt 1.1824 0.3916 0.8356
vt 1.1824 0.3233 0.8356
vt -0.1741 0.8232 0.3916
vt -0.1864 0.8292 0.3916
vt 0.8232 0.3233 -0.1741
vt 0.8232 0.3916 -0.1741
vt 1.1864 0.8292 0.3233
vt 1.1741 0.8232 0.3233
vt 0.1708 0.3916 -0.1864
vt 0.1644 0.3916 -0.1824
vt 0.1644 0.3233 -0.1824
vt 0.1708 0.3233 -0.1864
vt -0.1756 0.8189 0.3916
vt -0.1890 0.8220 0.3916
vt 0.8189 0.3233 -0.1756
vt 0.8189 0.3916 -0.1756
vt 1.1890 0.8220 0.3233
vt 1.1756 0.8189 0.3233
vt 0.1780 0.3916 -0.1890
vt 0.1780 0.3233 -0.1890
vt -0.1762 0.8138 0.3916
vt -0.1899 0.8146 0.3916
vt 0.8138 0.3233 -0.1762
vt 0.8138 0.3916 -0.1762
vt 1.1899 0.8146 0.3233
vt 1.1762 0.8138 0.3233
vt 0.1854 0.3916 -0.1899
vt 0.1854 0.3233 -0.1899
vt -0.1762 0.1862 0.3916
vt -0.1899 0.1854 0.3916
vt 0.1862 0.3233 -0.1762
vt 0.1862 0.3916 -0.1762
vt 1.1899 0.1854 0.3233
vt 1.1762 0.1862 0.3233
vt 0.8146 0.3916 -0.1899
vt 0.8146 0.3233 -0.1899
vt -0.1756 0.1811 0.3916
vt -0.1890 0.1780 0.3916
vt 0.1811 0.3233 -0.1756
vt 0.1811 0.3916 -0.1756
vt 1.1890 0.1780 0.3233
vt 1.1756 0.1811 0.3233
vt 0.8220 0.3916 -0.1890
vt 0.8220 0.3233 -0.1890
vt -0.1741 0.1768 0.3916
vt -0.1864 0.1708 0.3916
vt 0.1768 0.3233 -0.1741
vt 0.1768 0.3916 -0.1741
vt 1.1864 0.1708 0.3233
vt 1.1741 0.1768 0.3233
vt 0.8292 0.3916 -0.1864
vt 0.8292 0.3233 -0.1864
vt -0.1717 0.1730 0.3916
vt -0.1824 0.1644 0.3916
vt 0.1730 0.3233 -0.1717
vt 0.1730 0.3916 -0.1717
vt 1.1824 0.1644 0.3233
vt 1.1717 0.1730 0.3233
vt 0.8356 0.3916 -0.1824
vt 0.8356 0.3233 -0.1824
vt -0.1685 0.1699 0.3916
vt -0.1771 0.1591 0.3916
vt 0.1699 0.3233 -0.1685
vt 0.1699 0.3916 -0.1685
vt 1.1771 0.1591 0.3233
vt 1.1685 0.1699 0.3233
vt 0.8409 0.3916 -0.1771
vt 0.8409 0.3233 -0.1771
vt -0.1647 0.1674 0.3916
vt -0.1707 0.1551 0.3916
vt 1.1647 0.3233 0.1674
vt 1.1685 0.3233 0.1699
vt 1.1685 0.3916 0.1699
vt 1.1647 0.3916 0.1674
vt 1.1707 0.1551 0.3233
vt 1.1647 0.1674 0.3233
vt -0.1707 0.3916 0.1551
vt -0.1771 0.3916 0.1591
vt -0.1771 0.3233 0.1591
vt -0.1707 0.3233 0.1551
vt -0.1604 0.1659 0.3916
vt -0.1635 0.1525 0.3916
vt 1.1604 0.3233 0.1659
vt 1.1604 0.3916 0.1659
vt 1.1635 0.1525 0.3233
vt 1.1604 0.1659 0.3233
vt -0.1635 0.3916 0.1525
vt -0.1635 0.3233 0.1525
vt -0.1553 0.1653 0.3916
vt -0.1561 0.1517 0.3916
vt 1.1553 0.3233 0.1653
vt 1.1553 0.3916 0.1653
vt 1.1561 0.1517 0.3233
vt 1.1553 0.1653 0.3233
vt -0.1561 0.3916 0.1517
vt -0.1561 0.3233 0.1517
vt 1.1553 0.1653 0.3916
vt 1.1561 0.1517 0.3916
vt -0.1553 0.3233 0.1653
vt -0.1553 0.3916 0.1653
vt -0.1561 0.1517 0.3233
vt -0.1553 0.1653 0.3233
vt 1.1561 0.3916 0.1517
vt 1.1561 0.3233 0.1517
vt 1.1604 0.1659 0.3916
vt 1.1635 0.1525 0.3916
vt -0.1604 0.3233 0.1659
vt -0.1604 0.3916 0.1659
vt -0.1635 0.1525 0.3233
vt -0.1604 0.1659 0.3233
vt 1.1635 0.3916 0.1525
vt 1.1635 0.3233 0.1525
vt 1.1647 0.1674 0.3916
vt 1.1707 0.1551 0.3916
vt -0.1647 0.3233 0.1674
vt -0.1647 0.3916 0.1674
vt -0.1707 0.1551 0.3233
vt -0.1647 0.1674 0.3233
vt 1.1707 0.3916 0.1551
vt 1.1707 0.3233 0.1551
vt 1.1685 0.1699 0.3916
vt 1.1771 0.1591 0.3916
vt -0.1685 0.3233 0.1699
vt -0.1685 0.3916 0.1699
vt -0.1771 0.1591 0.3233
vt -0.1685 0.1699 0.3233
vt 1.1771 0.3916 0.1591
vt 1.1771 0.3233 0.1591
vt 1.1717 0.1730 0.3916
vt 1.1824 0.1644 0.3916
vt 0.8270 0.3233 1.1717
vt 0.8301 0.3233 1.1685
vt 0.8301 0.3916 1.1685
vt 0.8270 0.3916 1.1717
vt -0.1824 0.1644 0.3233
vt -0.1717 0.1730 0.3233
vt 1.1824 0.3916 0.1644
vt 1.1824 0.3233 0.1644
vt 1.1741 0.1768 0.3916
vt 1.1864 0.1708 0.3916
vt 0.8232 0.3233 1.1741
vt 0.8232 0.3916 1.1741
vt -0.1864 0.1708 0.3233
vt -0.1741 0.1768 0.3233
vt 0.1708 0.3916 1.1864
vt 0.1644 0.3916 1.1824
vt 0.1644 0.3233 1.1824
vt 0.1708 0.3233 1.1864
vt 1.1756 0.1811 0.3916
vt 1.1890 0.1780 0.3916
vt 0.8189 0.3233 1.1756
vt 0.8189 0.3916 1.1756
vt -0.1890 0.1780 0.3233
vt -0.1756 0.1811 0.3233
vt 0.1780 0.3916 1.1890
vt 0.1780 0.3233 1.1890
vt 1.1762 0.1862 0.3916
vt 1.1899 0.1854 0.3916
vt 0.8138 0.3233 1.1762
vt 0.8138 0.3916 1.1762
vt -0.1899 0.1854 0.3233
vt -0.1762 0.1862 0.3233
vt 0.1854 0.3916 1.1899
vt 0.1854 0.3233 1.1899
vt 1.1756 0.8189 0.4629
vt 1.1762 0.8138 0.4629
vt 1.1899 0.8146 0.4629
vt 1.1890 0.8220 0.4629
vt 0.1811 0.3946 1.1756
vt 0.1862 0.3946 1.1762
vt 0.1862 0.4629 1.1762
vt 0.1811 0.4629 1.1756
vt -0.1890 0.8220 0.3946
vt -0.1899 0.8146 0.3946
vt -0.1762 0.8138 0.3946
vt -0.1756 0.8189 0.3946
vt 0.8220 0.4629 1.1890
vt 0.8146 0.4629 1.1899
vt 0.8146 0.3946 1.1899
vt 0.8220 0.3946 1.1890
vt 1.1741 0.8232 0.4629
vt 1.1864 0.8292 0.4629
vt 0.1768 0.3946 1.1741
vt 0.1768 0.4629 1.1741
vt -0.1864 0.8292 0.3946
vt -0.1741 0.8232 0.3946
vt 0.8292 0.4629 1.1864
vt 0.8292 0.3946 1.1864
vt 1.1717 0.8270 0.4629
vt 1.1824 0.8356 0.4629
vt 0.1730 0.3946 1.1717
vt 0.1730 0.4629 1.1717
vt -0.1824 0.8356 0.3946
vt -0.1717 0.8270 0.3946
vt 0.8356 0.4629 1.1824
vt 0.8356 0.3946 1.1824
vt 1.1685 0.8301 0.4629
vt 1.1771 0.8409 0.4629
vt 0.1699 0.3946 1.1685
vt 0.1699 0.4629 1.1685
vt -0.1771 0.8409 0.3946
vt -0.1685 0.8301 0.3946
vt 0.8409 0.4629 1.1771
vt 0.8409 0.3946 1.1771
vt 1.1647 0.8326 0.4629
vt 1.1707 0.8449 0.4629
vt 1.1647 0.3946 0.8326
vt 1.1685 0.3946 0.8301
vt 1.1685 0.4629 0.8301
vt 1.1647 0.4629 0.8326
vt -0.1707 0.8449 0.3946
vt -0.1647 0.8326 0.3946
vt -0.1707 0.4629 0.8449
vt -0.1771 0.4629 0.8409
vt -0.1771 0.3946 0.8409
vt -0.1707 0.3946 0.8449
vt 1.1604 0.8341 0.4629
vt 1.1635 0.8475 0.4629
vt 1.1604 0.3946 0.8341
vt 1.1604 0.4629 0.8341
vt -0.1635 0.8475 0.3946
vt -0.1604 0.8341 0.3946
vt -0.1635 0.4629 0.8475
vt -0.1635 0.3946 0.8475
vt 1.1553 0.8347 0.4629
vt 1.1561 0.8483 0.4629
vt 1.1553 0.3946 0.8347
vt 1.1553 0.4629 0.8347
vt -0.1561 0.8483 0.3946
vt -0.1553 0.8347 0.3946
vt -0.1561 0.4629 0.8483
vt -0.1561 0.3946 0.8483
vt -0.1553 0.8347 0.4629
vt -0.1561 0.8483 0.4629
vt -0.1553 0.3946 0.8347
vt -0.1553 0.4629 0.8347
vt 1.1561 0.8483 0.3946
vt 1.1553 0.8347 0.3946
vt 1.1561 0.4629 0.8483
vt 1.1561 0.3946 0.8483
vt -0.1604 0.8341 0.4629
vt -0.1635 0.8475 0.4629
vt -0.1604 0.3946 0.8341
vt -0.1604 0.4629 0.8341
vt 1.1635 0.8475 0.3946
vt 1.1604 0.8341 0.3946
vt 1.1635 0.4629 0.8475
vt 1.1635 0.3946 0.8475
vt -0.1647 0.8326 0.4629
vt -0.1707 0.8449 0.4629
vt -0.1647 0.3946 0.8326
vt -0.1647 0.4629 0.8326
vt 1.1707 0.8449 0.3946
vt 1.1647 0.8326 0.3946
vt 1.1707 0.4629 0.8449
vt 1.1707 0.3946 0.8449
vt -0.1685 0.8301 0.4629
vt -0.1771 0.8409 0.4629
vt -0.1685 0.3946 0.8301
vt -0.1685 0.4629 0.8301
vt 1.1771 0.8409 0.3946
vt 1.1685 0.8301 0.3946
vt 1.1771 0.4629 0.8409
vt 1.1771 0.3946 0.8409
vt -0.1717 0.8270 0.4629
vt -0.1824 0.8356 0.4629
vt 0.8270 0.3946 -0.1717
vt 0.8301 0.3946 -0.1685
vt 0.8301 0.4629 -0.1685
vt 0.8270 0.4629 -0.1717
vt 1.1824 0.8356 0.3946
vt 1.1717 0.8270 0.3946
vt 1.1824 0.4629 0.8356
vt 1.1824 0.3946 0.8356
vt -0.1741 0.8232 0.4629
vt -0.1864 0.8292 0.4629
vt 0.8232 0.3946 -0.1741
vt 0.8232 0.4629 -0.1741
vt 1.1864 0.8292 0.3946
vt 1.1741 0.8232 0.3946
vt 0.1708 0.4629 -0.1864
vt 0.1644 0.4629 -0.1824
vt 0.1644 0.3946 -0.1824
vt 0.1708 0.3946 -0.1864
vt -0.1756 0.8189 0.4629
vt -0.1890 0.8220 0.4629
vt 0.8189 0.3946 -0.1756
vt 0.8189 0.4629 -0.1756
vt 1.1890 0.8220 0.3946
vt 1.1756 0.8189 0.3946
vt 0.1780 0.4629 -0.1890
vt 0.1780 0.3946 -0.1890
vt -0.1762 0.8138 0.4629
vt -0.1899 0.8146 0.4629
vt 0.8138 0.3946 -0.1762
vt 0.8138 0.4629 -0.1762
vt 1.1899 0.8146 0.3946
vt 1.1762 0.8138 0.3946
vt 0.1854 0.4629 -0.1899
vt 0.1854 0.3946 -0.1899
vt -0.1762 0.1862 0.4629
vt -0.1899 0.1854 0.4629
vt 0.1862 0.3946 -0.1762
vt 0.1862 0.4629 -0.1762
vt 1.1899 0.1854 0.3946
vt 1.1762 0.1862 0.3946
vt 0.8146 0.4629 -0.1899
vt 0.8146 0.3946 -0.1899
vt -0.1756 0.1811 0.4629
vt -0.1890 0.1780 0.4629
vt 0.1811 0.3946 -0.1756
vt 0.1811 0.4629 -0.1756
vt 1.1890 0.1780 0.3946
vt 1.1756 0.1811 0.3946
vt 0.8220 0.4629 -0.1890
vt 0.8220 0.3946 -0.1890
vt -0.1741 0.1768 0.4629
vt -0.1864 0.1708 0.4629
vt 0.1768 0.3946 -0.1741
vt 0.1768 0.4629 -0.1741
vt 1.1864 0.1708 0.3946
vt 1.1741 0.1768 0.3946
vt 0.8292 0.4629 -0.1864
vt 0.8292 0.3946 -0.1864
vt -0.1717 0.1730 0.4629
vt -0.1824 0.1644 0.4629
vt 0.1730 0.3946 -0.1717
vt 0.1730 0.4629 -0.1717
vt 1.1824 0.1644 0.3946
vt 1.1717 0.1730 0.3946
vt 0.8356 0.4629 -0.1824
vt 0.8356 0.3946 -0.1824
vt -0.1685 0.1699 0.4629
vt -0.1771 0.1591 0.4629
vt 0.1699 0.3946 -0.1685
vt 0.1699 0.4629 -0.1685
vt 1.1771 0.1591 0.3946
vt 1.1685 0.1699 0.3946
vt 0.8409 0.4629 -0.1771
vt 0.8409 0.3946 -0.1771
vt -0.1647 0.1674 0.4629
vt -0.1707 0.1551 0.4629
vt 1.1647 0.3946 0.1674
vt 1.1685 0.3946 0.1699
vt 1.1685 0.4629 0.1699
vt 1.1647 0.4629 0.1674
vt 1.1707 0.1551 0.3946
vt 1.1647 0.1674 0.3946
vt -0.1707 0.4629 0.1551
vt -0.1771 0.4629 0.1591
vt -0.1771 0.3946 0.1591
vt -0.1707 0.3946 0.1551
vt -0.1604 0.1659 0.4629
vt -0.1635 0.1525 0.4629
vt 1.1604 0.3946 0.1659
vt 1.1604 0.4629 0.1659
vt 1.1635 0.1525 0.3946
vt 1.1604 0.1659 0.3946
vt -0.1635 0.4629 0.1525
vt -0.1635 0.3946 0.1525
vt -0.1553 0.1653 0.4629
vt -0.1561 0.1517 0.4629
vt 1.1553 0.3946 0.1653
vt 1.1553 0.4629 0.1653
vt 1.1561 0.1517 0.3946
vt 1.1553 0.1653 0.3946
vt -0.1561 0.4629 0.1517
vt -0.1561 0.3946 0.1517
vt 1.1553 0.1653 0.4629
vt 1.1561 0.1517 0.4629
vt -0.1553 0.3946 0.1653
vt -0.1553 0.4629 0.1653
vt -0.1561 0.1517 0.3946
vt -0.1553 0.1653 0.3946
vt 1.1561 0.4629 0.1517
vt 1.1561 0.3946 0.1517
vt 1.1604 0.1659 0.4629
vt 1.1635 0.1525 0.4629
vt -0.1604 0.3946 0.1659
vt -0.1604 0.4629 0.1659
vt -0.1635 0.1525 0.3946
vt -0.1604 0.1659 0.3946
vt 1.1635 0.4629 0.1525
vt 1.1635 0.3946 0.1525
vt 1.1647 0.1674 0.4629
vt 1.1707 0.1551 0.4629
vt -0.1647 0.3946 0.1674
vt -0.1647 0.4629 0.1674
vt -0.1707 0.1551 0.3946
vt -0.1647 0.1674 0.3946
vt 1.1707 0.4629 0.1551
vt 1.1707 0.3946 0.1551
vt 1.1685 0.1699 0.4629
vt 1.1771 0.1591 0.4629
vt -0.1685 0.3946 0.1699
vt -0.1685 0.4629 0.1699
vt -0.1771 0.1591 0.3946
vt -0.1685 0.1699 0.3946
vt 1.1771 0.4629 0.1591
vt 1.1771 0.3946 0.1591
vt 1.1717 0.1730 0.4629
vt 1.1824 0.1644 0.4629
vt 0.8270 0.3946 1.1717
vt 0.8301 0.3946 1.1685
vt 0.8301 0.4629 1.1685
vt 0.8270 0.4629 1.1717
vt -0.1824 0.1644 0.3946
vt -0.1717 0.1730 0.3946
vt 1.1824 0.4629 0.1644
vt 1.1824 0.3946 0.1644
vt 1.1741 0.1768 0.4629
vt 1.1864 0.1708 0.4629
vt 0.8232 0.3946 1.1741
vt 0.8232 0.4629 1.1741
vt -0.1864 0.1708 0.3946
vt -0.1741 0.1768 0.3946
vt 0.1708 0.4629 1.1864
vt 0.1644 0.4629 1.1824
vt 0.1644 0.3946 1.1824
vt 0.1708 0.3946 1.1864
vt 1.1756 0.1811 0.4629
vt 1.1890 0.1780 0.4629
vt 0.8189 0.3946 1.1756
vt 0.8189 0.4629 1.1756
vt -0.1890 0.1780 0.3946
vt -0.1756 0.1811 0.3946
vt 0.1780 0.4629 1.1890
vt 0.1780 0.3946 1.1890
vt 1.1762 0.1862 0.4629
vt 1.1899 0.1854 0.4629
vt 0.8138 0.3946 1.1762
vt 0.8138 0.4629 1.1762
vt -0.1899 0.1854 0.3946
vt -0.1762 0.1862 0.3946
vt 0.1854 0.4629 1.1899
vt 0.1854 0.3946 1.1899
vt 1.1756 0.8189 0.5342
vt 1.1762 0.8138 0.5342
vt 1.1899 0.8146 0.5342
vt 1.1890 0.8220 0.5342
vt 0.1811 0.4658 1.1756
vt 0.1862 0.4658 1.1762
vt 0.1862 0.5342 1.1762
vt 0.1811 0.5342 1.1756
vt -0.1890 0.8220 0.4658
vt -0.1899 0.8146 0.4658
vt -0.1762 0.8138 0.4658
vt -0.1756 0.8189 0.4658
vt 0.8220 0.5342 1.1890
vt 0.8146 0.5342 1.1899
vt 0.8146 0.4658 1.1899
vt 0.8220 0.4658 1.1890
vt 1.1741 0.8232 0.5342
vt 1.1864 0.8292 0.5342
vt 0.1768 0.4658 1.1741
vt 0.1768 0.5342 1.1741
vt -0.1864 0.8292 0.4658
vt -0.1741 0.8232 0.4658
vt 0.8292 0.5342 1.1864
vt 0.8292 0.4658 1.1864
vt 1.1717 0.8270 0.5342
vt 1.1824 0.8356 0.5342
vt 0.1730 0.4658 1.1717
vt 0.1730 0.5342 1.1717
vt -0.1824 0.8356 0.4658
vt -0.1717 0.8270 0.4658
vt 0.8356 0.5342 1.1824
vt 0.8356 0.4658 1.1824
vt 1.1685 0.8301 0.5342
vt 1.1771 0.8409 0.5342
vt 0.1699 0.4658 1.1685
vt 0.1699 0.5342 1.1685
vt -0.1771 0.8409 0.4658
vt -0.1685 0.8301 0.4658
vt 0.8409 0.5342 1.1771
vt 0.8409 0.4658 1.1771
vt 1.1647 0.8326 0.5342
vt 1.1707 0.8449 0.5342
vt 1.1647 0.4658 0.8326
vt 1.1685 0.4658 0.8301
vt 1.1685 0.5342 0.8301
vt 1.1647 0.5342 0.8326
vt -0.1707 0.8449 0.4658
vt -0.1647 0.8326 0.4658
vt -0.1707 0.5342 0.8449
vt -0.1771 0.5342 0.8409
vt -0.1771 0.4658 0.8409
vt -0.1707 0.4658 0.8449
vt 1.1604 0.8341 0.5342
vt 1.1635 0.8475 0.5342
vt 1.1604 0.4658 0.8341
vt 1.1604 0.5342 0.8341
vt -0.1635 0.8475 0.4658
vt -0.1604 0.8341 0.4658
vt -0.1635 0.5342 0.8475
vt -0.1635 0.4658 0.8475
vt 1.1553 0.8347 0.5342
vt 1.1561 0.8483 0.5342
vt 1.1553 0.4658 0.8347
vt 1.1553 0.5342 0.8347
vt -0.1561 0.8483 0.4658
vt -0.1553 0.8347 0.4658
vt -0.1561 0.5342 0.8483
vt -0.1561 0.4658 0.8483
vt -0.1553 0.8347 0.5342
vt -0.1561 0.8483 0.5342
vt -0.1553 0.4658 0.8347
vt -0.1553 0.5342 0.8347
vt 1.1561 0.8483 0.4658
vt 1.1553 0.8347 0.4658
vt 1.1561 0.5342 0.8483
vt 1.1561 0.4658 0.8483
vt -0.1604 0.8341 0.5342
vt -0.1635 0.8475 0.5342
vt -0.1604 0.4658 0.8341
vt -0.1604 0.5342 0.8341
vt 1.1635 0.8475 0.4658
vt 1.1604 0.8341 0.4658
vt 1.1635 0.5342 0.8475
vt 1.1635 0.4658 0.8475
vt -0.1647 0.8326 0.5342
vt -0.1707 0.8449 0.5342
vt -0.1647 0.4658 0.8326
vt -0.1647 0.5342 0.8326
vt 1.1707 0.8449 0.4658
vt 1.1647 0.8326 0.4658
vt 1.1707 0.5342 0.8449
vt 1.1707 0.4658 0.8449
vt -0.1685 0.8301 0.5342
vt -0.1771 0.8409 0.5342
vt -0.1685 0.4658 0.8301
vt -0.1685 0.5342 0.8301
vt 1.1771 0.8409 0.4658
vt 1.1685 0.8301 0.4658
vt 1.1771 0.5342 0.8409
vt 1.1771 0.4658 0.8409
vt -0.1717 0.8270 0.5342
vt -0.1824 0.8356 0.5342
vt 0.8270 0.4658 -0.1717
vt 0.8301 0.4658 -0.1685
vt 0.8301 0.5342 -0.1685
vt 0.8270 0.5342 -0.1717
vt 1.1824 0.8356 0.4658
vt 1.1717 0.8270 0.4658
vt 1.1824 0.5342 0.8356
vt 1.1824 0.4658 0.8356
vt -0.1741 0.8232 0.5342
vt -0.1864 0.8292 0.5342
vt 0.8232 0.4658 -0.1741
vt 0.8232 0.5342 -0.1741
vt 1.1864 0.8292 0.4658
vt 1.1741 0.8232 0.4658
vt 0.1708 0.5342 -0.1864
vt 0.1644 0.5342 -0.1824
vt 0.1644 0.4658 -0.1824
vt 0.1708 0.4658 -0.1864
vt -0.1756 0.8189 0.5342
vt -0.1890 0.8220 0.5342
vt 0.8189 0.4658 -0.1756
vt 0.8189 0.5342 -0.1756
vt 1.1890 0.8220 0.4658
vt 1.1756 0.8189 0.4658
vt 0.1780 0.5342 -0.1890
vt 0.1780 0.4658 -0.1890
vt -0.1762 0.8138 0.5342
vt -0.1899 0.8146 0.5342
vt 0.8138 0.4658 -0.1762
vt 0.8138 0.5342 -0.1762
vt 1.1899 0.8146 0.4658
vt 1.1762 0.8138 0.4658
vt 0.1854 0.5342 -0.1899
vt 0.1854 0.4658 -0.1899
vt -0.1762 0.1862 0.5342
vt -0.1899 0.1854 0.5342
vt 0.1862 0.4658 -0.1762
vt 0.1862 0.5342 -0.1762
vt 1.1899 0.1854 0.4658
vt 1.1762 0.1862 0.4658
vt 0.8146 0.5342 -0.1899
vt 0.8146 0.4658 -0.1899
vt -0.1756 0.1811 0.5342
vt -0.1890 0.1780 0.5342
vt 0.1811 0.4658 -0.1756
vt 0.1811 0.5342 -0.1756
vt 1.1890 0.1780 0.4658
vt 1.1756 0.1811 0.4658
vt 0.8220 0.5342 -0.1890
vt 0.8220 0.4658 -0.1890
vt -0.1741 0.1768 0.5342
vt -0.1864 0.1708 0.5342
vt 0.1768 0.4658 -0.1741
vt 0.1768 0.5342 -0.1741
vt 1.1864 0.1708 0.4658
vt 1.1741 0.1768 0.4658
vt 0.8292 0.5342 -0.1864
vt 0.8292 0.4658 -0.1864
vt -0.1717 0.1730 0.5342
vt -0.1824 0.1644 0.5342
vt 0.1730 0.4658 -0.1717
vt 0.1730 0.5342 -0.1717
vt 1.1824 0.1644 0.4658
vt 1.1717 0.1730 0.4658
vt 0.8356 0.5342 -0.1824
vt 0.8356 0.4658 -0.1824
vt -0.1685 0.1699 0.5342
vt -0.1771 0.1591 0.5342
vt 0.1699 0.4658 -0.1685
vt 0.1699 0.5342 -0.1685
vt 1.1771 0.1591 0.4658
vt 1.1685 0.1699 0.4658
vt 0.8409 0.5342 -0.1771
vt 0.8409 0.4658 -0.1771
vt -0.1647 0.1674 0.5342
vt -0.1707 0.1551 0.5342
vt 1.1647 0.4658 0.1674
vt 1.1685 0.4658 0.1699
vt 1.1685 0.5342 0.1699
vt 1.1647 0.5342 0.1674
vt 1.1707 0.1551 0.4658
vt 1.1647 0.1674 0.4658
vt -0.1707 0.5342 0.1551
vt -0.1771 0.5342 0.1591
vt -0.1771 0.4658 0.1591
vt -0.1707 0.4658 0.1551
vt -0.1604 0.1659 0.5342
vt -0.1635 0.1525 0.5342
vt 1.1604 0.4658 0.1659
vt 1.1604 0.5342 0.1659
vt 1.1635 0.1525 0.4658
vt 1.1604 0.1659 0.4658
vt -0.1635 0.5342 0.1525
vt -0.1635 0.4658 0.1525
vt -0.1553 0.1653 0.5342
vt -0.1561 0.1517 0.5342
vt 1.1553 0.4658 0.1653
vt 1.1553 0.5342 0.1653
vt 1.1561 0.1517 0.4658
vt 1.1553 0.1653 0.4658
vt -0.1561 0.5342 0.1517
vt -0.1561 0.4658 0.1517
vt 1.1553 0.1653 0.5342
vt 1.1561 0.1517 0.5342
vt -0.1553 0.4658 0.1653
vt -0.1553 0.5342 0.1653
vt -0.1561 0.1517 0.4658
vt -0.1553 0.1653 0.4658
vt 1.1561 0.5342 0.1517
vt 1.1561 0.4658 0.1517
vt 1.1604 0.1659 0.5342
vt 1.1635 0.1525 0.5342
vt -0.1604 0.4658 0.1659
vt -0.1604 0.5342 0.1659
vt -0.1635 0.1525 0.4658
vt -0.1604 0.1659 0.4658
vt 1.1635 0.5342 0.1525
vt 1.1635 0.4658 0.1525
vt 1.1647 0.1674 0.5342
vt 1.1707 0.1551 0.5342
vt -0.1647 0.4658 0.1674
vt -0.1647 0.5342 0.1674
vt -0.1707 0.1551 0.4658
vt -0.1647 0.1674 0.4658
vt 1.1707 0.5342 0.1551
vt 1.1707 0.4658 0.1551
vt 1.1685 0.1699 0.5342
vt 1.1771 0.1591 0.5342
vt -0.1685 0.4658 0.1699
vt -0.1685 0.5342 0.1699
vt -0.1771 0.1591 0.4658
vt -0.1685 0.1699 0.4658
vt 1.1771 0.5342 0.1591
vt 1.1771 0.4658 0.1591
vt 1.1717 0.1730 0.5342
vt 1.1824 0.1644 0.5342
vt 0.8270 0.4658 1.1717
vt 0.8301 0.4658 1.1685
vt 0.8301 0.5342 1.1685
vt 0.8270 0.5342 1.1717
vt -0.1824 0.1644 0.4658
vt -0.1717 0.1730 0.4658
vt 1.1824 0.5342 0.1644
vt 1.1824 0.4658 0.1644
vt 1.1741 0.1768 0.5342
vt 1.1864 0.1708 0.5342
vt 0.8232 0.4658 1.1741
vt 0.8232 0.5342 1.1741
vt -0.1864 0.1708 0.4658
vt -0.1741 0.1768 0.4658
vt 0.1708 0.5342 1.1864
vt 0.1644 0.5342 1.1824
vt 0.1644 0.4658 1.1824
vt 0.1708 0.4658 1.1864
vt 1.1756 0.1811 0.5342
vt 1.1890 0.1780 0.5342
vt 0.8189 0.4658 1.1756
vt 0.8189 0.5342 1.1756
vt -0.1890 0.1780 0.4658
vt -0.1756 0.1811 0.4658
vt 0.1780 0.5342 1.1890
vt 0.1780 0.4658 1.1890
vt 1.1762 0.1862 0.5342
vt 1.1899 0.1854 0.5342
vt 0.8138 0.4658 1.1762
vt 0.8138 0.5342 1.1762
vt -0.1899 0.1854 0.4658
vt -0.1762 0.1862 0.4658
vt 0.1854 0.5342 1.1899
vt 0.1854 0.4658 1.1899
vt 1.1756 0.8189 0.6054
vt 1.1762 0.8138 0.6054
vt 1.1899 0.8146 0.6054
vt 1.1890 0.8220 0.6054
vt 0.1811 0.5371 1.1756
vt 0.1862 0.5371 1.1762
vt 0.1862 0.6054 1.1762
vt 0.1811 0.6054 1.1756
vt -0.1890 0.8220 0.5371
vt -0.1899 0.8146 0.5371
vt -0.1762 0.8138 0.5371
vt -0.1756 0.8189 0.5371
vt 0.8220 0.6054 1.1890
vt 0.8146 0.6054 1.1899
vt 0.8146 0.5371 1.1899
vt 0.8220 0.5371 1.1890
vt 1.1741 0.8232 0.6054
vt 1.1864 0.8292 0.6054
vt 0.1768 0.5371 1.1741
vt 0.1768 0.6054 1.1741
vt -0.1864 0.8292 0.5371
vt -0.1741 0.8232 0.5371
vt 0.8292 0.6054 1.1864
vt 0.8292 0.5371 1.1864
vt 1.1717 0.8270 0.6054
vt 1.1824 0.8356 0.6054
vt 0.1730 0.5371 1.1717
vt 0.1730 0.6054 1.1717
vt -0.1824 0.8356 0.5371
vt -0.1717 0.8270 0.5371
vt 0.8356 0.6054 1.1824
vt 0.8356 0.5371 1.1824
vt 1.1685 0.8301 0.6054
vt 1.1771 0.8409 0.6054
vt 0.1699 0.5371 1.1685
vt 0.1699 0.6054 1.1685
vt -0.1771 0.8409 0.5371
vt -0.1685 0.8301 0.5371
vt 0.8409 0.6054 1.1771
vt 0.8409 0.5371 1.1771
vt 1.1647 0.8326 0.6054
vt 1.1707 0.8449 0.6054
vt 1.1647 0.5371 0.8326
vt 1.1685 0.5371 0.8301
vt 1.1685 0.6054 0.8301
vt 1.1647 0.6054 0.8326
vt -0.1707 0.8449 0.5371
vt -0.1647 0.8326 0.5371
vt -0.1707 0.6054 0.8449
vt -0.1771 0.6054 0.8409
vt -0.1771 0.5371 0.8409
vt -0.1707 0.5371 0.8449
vt 1.1604 0.8341 0.6054
vt 1.1635 0.8475 0.6054
vt 1.1604 0.5371 0.8341
vt 1.1604 0.6054 0.8341
vt -0.1635 0.8475 0.5371
vt -0.1604 0.8341 0.5371
vt -0.1635 0.6054 0.8475
vt -0.1635 0.5371 0.8475
vt 1.1553 0.8347 0.6054
vt 1.1561 0.8483 0.6054
vt 1.1553 0.5371 0.8347
vt 1.1553 0.6054 0.8347
vt -0.1561 0.8483 0.5371
vt -0.1553 0.8347 0.5371
vt -0.1561 0.6054 0.8483
vt -0.1561 0.5371 0.8483
vt -0.1553 0.8347 0.6054
vt -0.1561 0.8483 0.6054
vt -0.1553 0.5371 0.8347
vt -0.1553 0.6054 0.8347
vt 1.1561 0.8483 0.5371
vt 1.1553 0.8347 0.5371
vt 1.1561 0.6054 0.8483
vt 1.1561 0.5371 0.8483
vt -0.1604 0.8341 0.6054
vt -0.1635 0.8475 0.6054
vt -0.1604 0.5371 0.8341
vt -0.1604 0.6054 0.8341
vt 1.1635 0.8475 0.5371
vt 1.1604 0.8341 0.5371
vt 1.1635 0.6054 0.8475
vt 1.1635 0.5371 0.8475
vt -0.1647 0.8326 0.6054
vt -0.1707 0.8449 0.6054
vt -0.1647 0.5371 0.8326
vt -0.1647 0.6054 0.8326
vt 1.1707 0.8449 0.5371
vt 1.1647 0.8326 0.5371
vt 1.1707 0.6054 0.8449
vt 1.1707 0.5371 0.8449
vt -0.1685 0.8301 0.6054
vt -0.1771 0.8409 0.6054
vt -0.1685 0.5371 0.8301
vt -0.1685 0.6054 0.8301
vt 1.1771 0.8409 0.5371
vt 1.1685 0.8301 0.5371
vt 1.1771 0.6054 0.8409
vt 1.1771 0.5371 0.8409
vt -0.1717 0.8270 0.6054
vt -0.1824 0.8356 0.6054
vt 0.8270 0.5371 -0.1717
vt 0.8301 0.5371 -0.1685
vt 0.8301 0.6054 -0.1685
vt 0.8270 0.6054 -0.1717
vt 1.1824 0.8356 0.5371
vt 1.1717 0.8270 0.5371
vt 1.1824 0.6054 0.8356
vt 1.1824 0.5371 0.8356
vt -0.1741 0.8232 0.6054
vt -0.1864 0.8292 0.6054
vt 0.8232 0.5371 -0.1741
vt 0.8232 0.6054 -0.1741
vt 1.1864 0.8292 0.5371
vt 1.1741 0.8232 0.5371
vt 0.1708 0.6054 -0.1864
vt 0.1644 0.6054 -0.1824
vt 0.1644 0.5371 -0.1824
vt 0.1708 0.5371 -0.1864
vt -0.1756 0.8189 0.6054
vt -0.1890 0.8220 0.6054
vt 0.8189 0.5371 -0.1756
vt 0.8189 0.6054 -0.1756
vt 1.1890 0.8220 0.5371
vt 1.1756 0.8189 0.5371
vt 0.1780 0.6054 -0.1890
vt 0.1780 0.5371 -0.1890
vt -0.1762 0.8138 0.6054
vt -0.1899 0.8146 0.6054
vt 0.8138 0.5371 -0.1762
vt 0.8138 0.6054 -0.1762
vt 1.1899 0.8146 0.5371
vt 1.1762 0.8138 0.5371
vt 0.1854 0.6054 -0.1899
vt 0.1854 0.5371 -0.1899
vt -0.1762 0.1862 0.6054
vt -0.1899 0.1854 0.6054
vt 0.1862 0.5371 -0.1762
vt 0.1862 0.6054 -0.1762
vt 1.1899 0.1854 0.5371
vt 1.1762 0.1862 0.5371
vt 0.8146 0.6054 -0.1899
vt 0.8146 0.5371 -0.1899
vt -0.1756 0.1811 0.6054
vt -0.1890 0.1780 0.6054
vt 0.1811 0.5371 -0.1756
vt 0.1811 0.6054 -0.1756
vt 1.1890 0.1780 0.5371
vt 1.1756 0.1811 0.5371
vt 0.8220 0.6054 -0.1890
vt 0.8220 0.5371 -0.1890
vt -0.1741 0.1768 0.6054
vt -0.1864 0.1708 0.6054
vt 0.1768 0.5371 -0.1741
vt 0.1768 0.6054 -0.1741
vt 1.1864 0.1708 0.5371
vt 1.1741 0.1768 0.5371
vt 0.8292 0.6054 -0.1864
vt 0.8292 0.5371 -0.1864
vt -0.1717 0.1730 0.6054
vt -0.1824 0.1644 0.6054
vt 0.1730 0.5371 -0.1717
vt 0.1730 0.6054 -0.1717
vt 1.1824 0.1644 0.5371
vt 1.1717 0.1730 0.5371
vt 0.8356 0.6054 -0.1824
vt 0.8356 0.5371 -0.1824
vt -0.1685 0.1699 0.6054
vt -0.1771 0.1591 0.6054
vt 0.1699 0.5371 -0.1685
vt 0.1699 0.6054 -0.1685
vt 1.1771 0.1591 0.5371
vt 1.1685 0.1699 0.5371
vt 0.8409 0.6054 -0.1771
vt 0.8409 0.5371 -0.1771
vt -0.1647 0.1674 0.6054
vt -0.1707 0.1551 0.6054
vt 1.1647 0.5371 0.1674
vt 1.1685 0.5371 0.1699
vt 1.1685 0.6054 0.1699
vt 1.1647 0.6054 0.1674
vt 1.1707 0.1551 0.5371
vt 1.1647 0.1674 0.5371
vt -0.1707 0.6054 0.1551
vt -0.1771 0.6054 0.1591
vt -0.1771 0.5371 0.1591
vt -0.1707 0.5371 0.1551
vt -0.1604 0.1659 0.6054
vt -0.1635 0.1525 0.6054
vt 1.1604 0.5371 0.1659
vt 1.1604 0.6054 0.1659
vt 1.1635 0.1525 0.5371
vt 1.1604 0.1659 0.5371
vt -0.1635 0.6054 0.1525
vt -0.1635 0.5371 0.1525
vt -0.1553 0.1653 0.6054
vt -0.1561 0.1517 0.6054
vt 1.1553 0.5371 0.1653
vt 1.1553 0.6054 0.1653
vt 1.1561 0.1517 0.5371
vt 1.1553 0.1653 0.5371
vt -0.1561 0.6054 0.1517
vt -0.1561 0.5371 0.1517
vt 1.1553 0.1653 0.6054
vt 1.1561 0.1517 0.6054
vt -0.1553 0.5371 0.1653
vt -0.1553 0.6054 0.1653
vt -0.1561 0.1517 0.5371
vt -0.1553 0.1653 0.5371
vt 1.1561 0.6054 0.1517
vt 1.1561 0.5371 0.1517
vt 1.1604 0.1659 0.6054
vt 1.1635 0.1525 0.6054
vt -0.1604 0.5371 0.1659
vt -0.1604 0.6054 0.1659
vt -0.1635 0.1525 0.5371
vt -0.1604 0.1659 0.5371
vt 1.1635 0.6054 0.1525
vt 1.1635 0.5371 0.1525
vt 1.1647 0.1674 0.6054
vt 1.1707 0.1551 0.6054
vt -0.1647 0.5371 0.1674
vt -0.1647 0.6054 0.1674
vt -0.1707 0.1551 0.5371
vt -0.1647 0.1674 0.5371
vt 1.1707 0.6054 0.1551
vt 1.1707 0.5371 0.1551
vt 1.1685 0.1699 0.6054
vt 1.1771 0.1591 0.6054
vt -0.1685 0.5371 0.1699
vt -0.1685 0.6054 0.1699
vt -0.1771 0.1591 0.5371
vt -0.1685 0.1699 0.5371
vt 1.1771 0.6054 0.1591
vt 1.1771 0.5371 0.1591
vt 1.1717 0.1730 0.6054
vt 1.1824 0.1644 0.6054
vt 0.8270 0.5371 1.1717
vt 0.8301 0.5371 1.1685
vt 0.8301 0.6054 1.1685
vt 0.8270 0.6054 1.1717
vt -0.1824 0.1644 0.5371
vt -0.1717 0.1730 0.5371
vt 1.1824 0.6054 0.1644
vt 1.1824 0.5371 0.1644
vt 1.1741 0.1768 0.6054
vt 1.1864 0.1708 0.6054
vt 0.8232 0.5371 1.1741
vt 0.8232 0.6054 1.1741
vt -0.1864 0.1708 0.5371
vt -0.1741 0.1768 0.5371
vt 0.1708 0.6054 1.1864
vt 0.1644 0.6054 1.1824
vt 0.1644 0.5371 1.1824
vt 0.1708 0.5371 1.1864
vt 1.1756 0.1811 0.6054
vt 1.1890 0.1780 0.6054
vt 0.8189 0.5371 1.1756
vt 0.8189 0.6054 1.1756
vt -0.1890 0.1780 0.5371
vt -0.1756 0.1811 0.5371
vt 0.1780 0.6054 1.1890
vt 0.1780 0.5371 1.1890
vt 1.1762 0.1862 0.6054
vt 1.1899 0.1854 0.6054
vt 0.8138 0.5371 1.1762
vt 0.8138 0.6054 1.1762
vt -0.1899 0.1854 0.5371
vt -0.1762 0.1862 0.5371
vt 0.1854 0.6054 1.1899
vt 0.1854 0.5371 1.1899
vt 1.1756 0.8189 0.6767
vt 1.1762 0.8138 0.6767
vt 1.1899 0.8146 0.6767
vt 1.1890 0.8220 0.6767
vt 0.1811 0.6084 1.1756
vt 0.1862 0.6084 1.1762
vt 0.1862 0.6767 1.1762
vt 0.1811 0.6767 1.1756
vt -0.1890 0.8220 0.6084
vt -0.1899 0.8146 0.6084
vt -0.1762 0.8138 0.6084
vt -0.1756 0.8189 0.6084
vt 0.8220 0.6767 1.1890
vt 0.8146 0.6767 1.1899
vt 0.8146 0.6084 1.1899
vt 0.8220 0.6084 1.1890
vt 1.1741 0.8232 0.6767
vt 1.1864 0.8292 0.6767
vt 0.1768 0.6084 1.1741
vt 0.1768 0.6767 1.1741
vt -0.1864 0.8292 0.6084
vt -0.1741 0.8232 0.6084
vt 0.8292 0.6767 1.1864
vt 0.8292 0.6084 1.1864
vt 1.1717 0.8270 0.6767
vt 1.1824 0.8356 0.6767
vt 0.1730 0.6084 1.1717
vt 0.1730 0.6767 1.1717
vt -0.1824 0.8356 0.6084
vt -0.1717 0.8270 0.6084
vt 0.8356 0.6767 1.1824
vt 0.8356 0.6084 1.1824
vt 1.1685 0.8301 0.6767
vt 1.1771 0.8409 0.6767
vt 0.1699 0.6084 1.1685
vt 0.1699 0.6767 1.1685
vt -0.1771 0.8409 0.6084
vt -0.1685 0.8301 0.6084
vt 0.8409 0.6767 1.1771
vt 0.8409 0.6084 1.1771
vt 1.1647 0.8326 0.6767
vt 1.1707 0.8449 0.6767
vt 1.1647 0.6084 0.8326
vt 1.1685 0.6084 0.8301
vt 1.1685 0.6767 0.8301
vt 1.1647 0.6767 0.8326
vt -0.1707 0.8449 0.6084
vt -0.1647 0.8326 0.6084
vt -0.1707 0.6767 0.8449
vt -0.1771 0.6767 0.8409
vt -0.1771 0.6084 0.8409
vt -0.1707 0.6084 0.8449
vt 1.1604 0.8341 0.6767
vt 1.1635 0.8475 0.6767
vt 1.1604 0.6084 0.8341
vt 1.1604 0.6767 0.8341
vt -0.1635 0.8475 0.6084
vt -0.1604 0.8341 0.6084
vt -0.1635 0.6767 0.8475
vt -0.1635 0.6084 0.8475
vt 1.1553 0.8347 0.6767
vt 1.1561 0.8483 0.6767
vt 1.1553 0.6084 0.8347
vt 1.1553 0.6767 0.8347
vt -0.1561 0.8483 0.6084
vt -0.1553 0.8347 0.6084
vt -0.1561 0.6767 0.8483
vt -0.1561 0.6084 0.8483
vt -0.1553 0.8347 0.6767
vt -0.1561 0.8483 0.6767
vt -0.1553 0.6084 0.8347
vt -0.1553 0.6767 0.8347
vt 1.1561 0.8483 0.6084
vt 1.1553 0.8347 0.6084
vt 1.1561 0.6767 0.8483
vt 1.1561 0.6084 0.8483
vt -0.1604 0.8341 0.6767
vt -0.1635 0.8475 0.6767
vt -0.1604 0.6084 0.8341
vt -0.1604 0.6767 0.8341
vt 1.1635 0.8475 0.6084
vt 1.1604 0.8341 0.6084
vt 1.1635 0.6767 0.8475
vt 1.1635 0.6084 0.8475
vt -0.1647 0.8326 0.6767
vt -0.1707 0.8449 0.6767
vt -0.1647 0.6084 0.8326
vt -0.1647 0.6767 0.8326
vt 1.1707 0.8449 0.6084
vt 1.1647 0.8326 0.6084
vt 1.1707 0.6767 0.8449
vt 1.1707 0.6084 0.8449
vt -0.1685 0.8301 0.6767
vt -0.1771 0.8409 0.6767
vt -0.1685 0.6084 0.8301
vt -0.1685 0.6767 0.8301
vt 1.1771 0.8409 0.6084
vt 1.1685 0.8301 0.6084
vt 1.1771 0.6767 0.8409
vt 1.1771 0.6084 0.8409
vt -0.1717 0.8270 0.6767
vt -0.1824 0.8356 0.6767
vt 0.8270 0.6084 -0.1717
vt 0.8301 0.6084 -0.1685
vt 0.8301 0.6767 -0.1685
vt 0.8270 0.6767 -0.1717
vt 1.1824 0.8356 0.6084
vt 1.1717 0.8270 0.6084
vt 1.1824 0.6767 0.8356
vt 1.1824 0.6084 0.8356
vt -0.1741 0.8232 0.6767
vt -0.1864 0.8292 0.6767
vt 0.8232 0.6084 -0.1741
vt 0.8232 0.6767 -0.1741
vt 1.1864 0.8292 0.6084
vt 1.1741 0.8232 0.6084
vt 0.1708 0.6767 -0.1864
vt 0.1644 0.6767 -0.1824
vt 0.1644 0.6084 -0.1824
vt 0.1708 0.6084 -0.1864
vt -0.1756 0.8189 0.6767
vt -0.1890 0.8220 0.6767
vt 0.8189 0.6084 -0.1756
vt 0.8189 0.6767 -0.1756
vt 1.1890 0.8220 0.6084
vt 1.1756 0.8189 0.6084
vt 0.1780 0.6767 -0.1890
vt 0.1780 0.6084 -0.1890
vt -0.1762 0.8138 0.6767
vt -0.1899 0.8146 0.6767
vt 0.8138 0.6084 -0.1762
vt 0.8138 0.6767 -0.1762
vt 1.1899 0.8146 0.6084
vt 1.1762 0.8138 0.6084
vt 0.1854 0.6767 -0.1899
vt 0.1854 0.6084 -0.1899
vt -0.1762 0.1862 0.6767
vt -0.1899 0.1854 0.6767
vt 0.1862 0.6084 -0.1762
vt 0.1862 0.6767 -0.1762
vt 1.1899 0.1854 0.6084
vt 1.1762 0.1862 0.6084
vt 0.8146 0.6767 -0.1899
vt 0.8146 0.6084 -0.1899
vt -0.1756 0.1811 0.6767
vt -0.1890 0.1780 0.6767
vt 0.1811 0.6084 -0.1756
vt 0.1811 0.6767 -0.1756
vt 1.1890 0.1780 0.6084
vt 1.1756 0.1811 0.6084
vt 0.8220 0.6767 -0.1890
vt 0.8220 0.6084 -0.1890
vt -0.1741 0.1768 0.6767
vt -0.1864 0.1708 0.6767
vt 0.1768 0.6084 -0.1741
vt 0.1768 0.6767 -0.1741
vt 1.1864 0.1708 0.6084
vt 1.1741 0.1768 0.6084
vt 0.8292 0.6767 -0.1864
vt 0.8292 0.6084 -0.1864
vt -0.1717 0.1730 0.6767
vt -0.1824 0.1644 0.6767
vt 0.1730 0.6084 -0.1717
vt 0.1730 0.6767 -0.1717
vt 1.1824 0.1644 0.6084
vt 1.1717 0.1730 0.6084
vt 0.8356 0.6767 -0.1824
vt 0.8356 0.6084 -0.1824
vt -0.1685 0.1699 0.6767
vt -0.1771 0.1591 0.6767
vt 0.1699 0.6084 -0.1685
vt 0.1699 0.6767 -0.1685
vt 1.1771 0.1591 0.6084
vt 1.1685 0.1699 0.6084
vt 0.8409 0.6767 -0.1771
vt 0.8409 0.6084 -0.1771
vt -0.1647 0.1674 0.6767
vt -0.1707 0.1551 0.6767
vt 1.1647 0.6084 0.1674
vt 1.1685 0.6084 0.1699
vt 1.1685 0.6767 0.1699
vt 1.1647 0.6767 0.1674
vt 1.1707 0.1551 0.6084
vt 1.1647 0.1674 0.6084
vt -0.1707 0.6767 0.1551
vt -0.1771 0.6767 0.1591
vt -0.1771 0.6084 0.1591
vt -0.1707 0.6084 0.1551
vt -0.1604 0.1659 0.6767
vt -0.1635 0.1525 0.6767
vt 1.1604 0.6084 0.1659
vt 1.1604 0.6767 0.1659
vt 1.1635 0.1525 0.6084
vt 1.1604 0.1659 0.6084
vt -0.1635 0.6767 0.1525
vt -0.1635 0.6084 0.1525
vt -0.1553 0.1653 0.6767
vt -0.1561 0.1517 0.6767
vt 1.1553 0.6084 0.1653
vt 1.1553 0.6767 0.1653
vt 1.1561 0.1517 0.6084
vt 1.1553 0.1653 0.6084
vt -0.1561 0.6767 0.1517
vt -0.1561 0.6084 0.1517
vt 1.1553 0.1653 0.6767
vt 1.1561 0.1517 0.6767
vt -0.1553 0.6084 0.1653
vt -0.1553 0.6767 0.1653
vt -0.1561 0.1517 0.6084
vt -0.1553 0.1653 0.6084
vt 1.1561 0.6767 0.1517
vt 1.1561 0.6084 0.1517
vt 1.1604 0.1659 0.6767
vt 1.1635 0.1525 0.6767
vt -0.1604 0.6084 0.1659
vt -0.1604 0.6767 0.1659
vt -0.1635 0.1525 0.6084
vt -0.1604 0.1659 0.6084
vt 1.1635 0.6767 0.1525
vt 1.1635 0.6084 0.1525
vt 1.1647 0.1674 0.6767
vt 1.1707 0.1551 0.6767
vt -0.1647 0.6084 0.1674
vt -0.1647 0.6767 0.1674
vt -0.1707 0.1551 0.6084
vt -0.1647 0.1674 0.6084
vt 1.1707 0.6767 0.1551
vt 1.1707 0.6084 0.1551
vt 1.1685 0.1699 0.6767
vt 1.1771 0.1591 0.6767
vt -0.1685 0.6084 0.1699
vt -0.1685 0.6767 0.1699
vt -0.1771 0.1591 0.6084
vt -0.1685 0.1699 0.6084
vt 1.1771 0.6767 0.1591
vt 1.1771 0.6084 0.1591
vt 1.1717 0.1730 0.6767
vt 1.1824 0.1644 0.6767
vt 0.8270 0.6084 1.1717
vt 0.8301 0.6084 1.1685
vt 0.8301 0.6767 1.1685
vt 0.8270 0.6767 1.1717
vt -0.1824 0.1644 0.6084
vt -0.1717 0.1730 0.6084
vt 1.1824 0.6767 0.1644
vt 1.1824 0.6084 0.1644
vt 1.1741 0.1768 0.6767
vt 1.1864 0.1708 0.6767
vt 0.8232 0.6084 1.1741
vt 0.8232 0.6767 1.1741
vt -0.1864 0.1708 0.6084
vt -0.1741 0.1768 0.6084
vt 0.1708 0.6767 1.1864
vt 0.1644 0.6767 1.1824
vt 0.1644 0.6084 1.1824
vt 0.1708 0.6084 1.1864
vt 1.1756 0.1811 0.6767
vt 1.1890 0.1780 0.6767
vt 0.8189 0.6084 1.1756
vt 0.8189 0.6767 1.1756
vt -0.1890 0.1780 0.6084
vt -0.1756 0.1811 0.6084
vt 0.1780 0.6767 1.1890
vt 0.1780 0.6084 1.1890
vt 1.1762 0.1862 0.6767
vt 1.1899 0.1854 0.6767
vt 0.8138 0.6084 1.1762
vt 0.8138 0.6767 1.1762
vt -0.1899 0.1854 0.6084
vt -0.1762 0.1862 0.6084
vt 0.1854 0.6767 1.1899
vt 0.1854 0.6084 1.1899
vt 1.1756 0.8189 0.7480
vt 1.1762 0.8138 0.7480
vt 1.1899 0.8146 0.7480
vt 1.1890 0.8220 0.7480
vt 0.1811 0.6797 1.1756
vt 0.1862 0.6797 1.1762
vt 0.1862 0.7480 1.1762
vt 0.1811 0.7480 1.1756
vt -0.1890 0.8220 0.6797
vt -0.1899 0.8146 0.6797
vt -0.1762 0.8138 0.6797
vt -0.1756 0.8189 0.6797
vt 0.8220 0.7480 1.1890
vt 0.8146 0.7480 1.1899
vt 0.8146 0.6797 1.1899
vt 0.8220 0.6797 1.1890
vt 1.1741 0.8232 0.7480
vt 1.1864 0.8292 0.7480
vt 0.1768 0.6797 1.1741
vt 0.1768 0.7480 1.1741
vt -0.1864 0.8292 0.6797
vt -0.1741 0.8232 0.6797
vt 0.8292 0.7480 1.1864
vt 0.8292 0.6797 1.1864
vt 1.1717 0.8270 0.7480
vt 1.1824 0.8356 0.7480
vt 0.1730 0.6797 1.1717
vt 0.1730 0.7480 1.1717
vt -0.1824 0.8356 0.6797
vt -0.1717 0.8270 0.6797
vt 0.8356 0.7480 1.1824
vt 0.8356 0.6797 1.1824
vt 1.1685 0.8301 0.7480
vt 1.1771 0.8409 0.7480
vt 0.1699 0.6797 1.1685
vt 0.1699 0.7480 1.1685
vt -0.1771 0.8409 0.6797
vt -0.1685 0.8301 0.6797
vt 0.8409 0.7480 1.1771
vt 0.8409 0.6797 1.1771
vt 1.1647 0.8326 0.7480
vt 1.1707 0.8449 0.7480
vt 1.1647 0.6797 0.8326
vt 1.1685 0.6797 0.8301
vt 1.1685 0.7480 0.8301
vt 1.1647 0.7480 0.8326
vt -0.1707 0.8449 0.6797
vt -0.1647 0.8326 0.6797
vt -0.1707 0.7480 0.8449
vt -0.1771 0.7480 0.8409
vt -0.1771 0.6797 0.8409
vt -0.1707 0.6797 0.8449
vt 1.1604 0.8341 0.7480
vt 1.1635 0.8475 0.7480
vt 1.1604 0.6797 0.8341
vt 1.1604 0.7480 0.8341
vt -0.1635 0.8475 0.6797
vt -0.1604 0.8341 0.6797
vt -0.1635 0.7480 0.8475
vt -0.1635 0.6797 0.8475
vt 1.1553 0.8347 0.7480
vt 1.1561 0.8483 0.7480
vt 1.1553 0.6797 0.8347
vt 1.1553 0.7480 0.8347
vt -0.1561 0.8483 0.6797
vt -0.1553 0.8347 0.6797
vt -0.1561 0.7480 0.8483
vt -0.1561 0.6797 0.8483
vt -0.1553 0.8347 0.7480
vt -0.1561 0.8483 0.7480
vt -0.1553 0.6797 0.8347
vt -0.1553 0.7480 0.8347
vt 1.1561 0.8483 0.6797
vt 1.1553 0.8347 0.6797
vt 1.1561 0.7480 0.8483
vt 1.1561 0.6797 0.8483
vt -0.1604 0.8341 0.7480
vt -0.1635 0.8475 0.7480
vt -0.1604 0.6797 0.8341
vt -0.1604 0.7480 0.8341
vt 1.1635 0.8475 0.6797
vt 1.1604 0.8341 0.6797
vt 1.1635 0.7480 0.8475
vt 1.1635 0.6797 0.8475
vt -0.1647 0.8326 0.7480
vt -0.1707 0.8449 0.7480
vt -0.1647 0.6797 0.8326
vt -0.1647 0.7480 0.8326
vt 1.1707 0.8449 0.6797
vt 1.1647 0.8326 0.6797
vt 1.1707 0.7480 0.8449
vt 1.1707 0.6797 0.8449
vt -0.1685 0.8301 0.7480
vt -0.1771 0.8409 0.7480
vt -0.1685 0.6797 0.8301
vt -0.1685 0.7480 0.8301
vt 1.1771 0.8409 0.6797
vt 1.1685 0.8301 0.6797
vt 1.1771 0.7480 0.8409
vt 1.1771 0.6797 0.8409
vt -0.1717 0.8270 0.7480
vt -0.1824 0.8356 0.7480
vt 0.8270 0.6797 -0.1717
vt 0.8301 0.6797 -0.1685
vt 0.8301 0.7480 -0.1685
vt 0.8270 0.7480 -0.1717
vt 1.1824 0.8356 0.6797
vt 1.1717 0.8270 0.6797
vt 1.1824 0.7480 0.8356
vt 1.1824 0.6797 0.8356
vt -0.1741 0.8232 0.7480
vt -0.1864 0.8292 0.7480
vt 0.8232 0.6797 -0.1741
vt 0.8232 0.7480 -0.1741
vt 1.1864 0.8292 0.6797
vt 1.1741 0.8232 0.6797
vt 0.1708 0.7480 -0.1864
vt 0.1644 0.7480 -0.1824
vt 0.1644 0.6797 -0.1824
vt 0.1708 0.6797 -0.1864
vt -0.1756 0.8189 0.7480
vt -0.1890 0.8220 0.7480
vt 0.8189 0.6797 -0.1756
vt 0.8189 0.7480 -0.1756
vt 1.1890 0.8220 0.6797
vt 1.1756 0.8189 0.6797
vt 0.1780 0.7480 -0.1890
vt 0.1780 0.6797 -0.1890
vt -0.1762 0.8138 0.7480
vt -0.1899 0.8146 0.7480
vt 0.8138 0.6797 -0.1762
vt 0.8138 0.7480 -0.1762
vt 1.1899 0.8146 0.6797
vt 1.1762 0.8138 0.6797
vt 0.1854 0.7480 -0.1899
vt 0.1854 0.6797 -0.1899
vt -0.1762 0.1862 0.7480
vt -0.1899 0.1854 0.7480
vt 0.1862 0.6797 -0.1762
vt 0.1862 0.7480 -0.1762
vt 1.1899 0.1854 0.6797
vt 1.1762 0.1862 0.6797
vt 0.8146 0.7480 -0.1899
vt 0.8146 0.6797 -0.1899
vt -0.1756 0.1811 0.7480
vt -0.1890 0.1780 0.7480
vt 0.1811 0.6797 -0.1756
vt 0.1811 0.7480 -0.1756
vt 1.1890 0.1780 0.6797
vt 1.1756 0.1811 0.6797
vt 0.8220 0.7480 -0.1890
vt 0.8220 0.6797 -0.1890
vt -0.1741 0.1768 0.7480
vt -0.1864 0.1708 0.7480
vt 0.1768 0.6797 -0.1741
vt 0.1768 0.7480 -0.1741
vt 1.1864 0.1708 0.6797
vt 1.1741 0.1768 0.6797
vt 0.8292 0.7480 -0.1864
vt 0.8292 0.6797 -0.1864
vt -0.1717 0.1730 0.7480
vt -0.1824 0.1644 0.7480
vt 0.1730 0.6797 -0.1717
vt 0.1730 0.7480 -0.1717
vt 1.1824 0.1644 0.6797
vt 1.1717 0.1730 0.6797
vt 0.8356 0.7480 -0.1824
vt 0.8356 0.6797 -0.1824
vt -0.1685 0.1699 0.7480
vt -0.1771 0.1591 0.7480
vt 0.1699 0.6797 -0.1685
vt 0.1699 0.7480 -0.1685
vt 1.1771 0.1591 0.6797
vt 1.1685 0.1699 0.6797
vt 0.8409 0.7480 -0.1771
vt 0.8409 0.6797 -0.1771
vt -0.1647 0.1674 0.7480
vt -0.1707 0.1551 0.7480
vt 1.1647 0.6797 0.1674
vt 1.1685 0.6797 0.1699
vt 1.1685 0.7480 0.1699
vt 1.1647 0.7480 0.1674
vt 1.1707 0.1551 0.6797
vt 1.1647 0.1674 0.6797
vt -0.1707 0.7480 0.1551
vt -0.1771 0.7480 0.1591
vt -0.1771 0.6797 0.1591
vt -0.1707 0.6797 0.1551
vt -0.1604 0.1659 0.7480
vt -0.1635 0.1525 0.7480
vt 1.1604 0.6797 0.1659
vt 1.1604 0.7480 0.1659
vt 1.1635 0.1525 0.6797
vt 1.1604 0.1659 0.6797
vt -0.1635 0.7480 0.1525
vt -0.1635 0.6797 0.1525
vt -0.1553 0.1653 0.7480
vt -0.1561 0.1517 0.7480
vt 1.1553 0.6797 0.1653
vt 1.1553 0.7480 0.1653
vt 1.1561 0.1517 0.6797
vt 1.1553 0.1653 0.6797
vt -0.1561 0.7480 0.1517
vt -0.1561 0.6797 0.1517
vt 1.1553 0.1653 0.7480
vt 1.1561 0.1517 0.7480
vt -0.1553 0.6797 0.1653
vt -0.1553 0.7480 0.1653
vt -0.1561 0.1517 0.6797
vt -0.1553 0.1653 0.6797
vt 1.1561 0.7480 0.1517
vt 1.1561 0.6797 0.1517
vt 1.1604 0.1659 0.7480
vt 1.1635 0.1525 0.7480
vt -0.1604 0.6797 0.1659
vt -0.1604 0.7480 0.1659
vt -0.1635 0.1525 0.6797
vt -0.1604 0.1659 0.6797
vt 1.1635 0.7480 0.1525
vt 1.1635 0.6797 0.1525
vt 1.1647 0.1674 0.7480
vt 1.1707 0.1551 0.7480
vt -0.1647 0.6797 0.1674
vt -0.1647 0.7480 0.1674
vt -0.1707 0.1551 0.6797
vt -0.1647 0.1674 0.6797
vt 1.1707 0.7480 0.1551
vt 1.1707 0.6797 0.1551
vt 1.1685 0.1699 0.7480
vt 1.1771 0.1591 0.7480
vt -0.1685 0.6797 0.1699
vt -0.1685 0.7480 0.1699
vt -0.1771 0.1591 0.6797
vt -0.1685 0.1699 0.6797
vt 1.1771 0.7480 0.1591
vt 1.1771 0.6797 0.1591
vt 1.1717 0.1730 0.7480
vt 1.1824 0.1644 0.7480
vt 0.8270 0.6797 1.1717
vt 0.8301 0.6797 1.1685
vt 0.8301 0.7480 1.1685
vt 0.8270 0.7480 1.1717
vt -0.1824 0.1644 0.6797
vt -0.1717 0.1730 0.6797
vt 1.1824 0.7480 0.1644
vt 1.1824 0.6797 0.1644
vt 1.1741 0.1768 0.7480
vt 1.1864 0.1708 0.7480
vt 0.8232 0.6797 1.1741
vt 0.8232 0.7480 1.1741
vt -0.1864 0.1708 0.6797
vt -0.1741 0.1768 0.6797
vt 0.1708 0.7480 1.1864
vt 0.1644 0.7480 1.1824
vt 0.1644 0.6797 1.1824
vt 0.1708 0.6797 1.1864
vt 1.1756 0.1811 0.7480
vt 1.1890 0.1780 0.7480
vt 0.8189 0.6797 1.1756
vt 0.8189 0.7480 1.1756
vt -0.1890 0.1780 0.6797
vt -0.1756 0.1811 0.6797
vt 0.1780 0.7480 1.1890
vt 0.1780 0.6797 1.1890
vt 1.1762 0.1862 0.7480
vt 1.1899 0.1854 0.7480
vt 0.8138 0.6797 1.1762
vt 0.8138 0.7480 1.1762
vt -0.1899 0.1854 0.6797
vt -0.1762 0.1862 0.6797
vt 0.1854 0.7480 1.1899
vt 0.1854 0.6797 1.1899
vt 1.1756 0.8189 0.8192
vt 1.1762 0.8138 0.8192
vt 1.1899 0.8146 0.8192
vt 1.1890 0.8220 0.8192
vt 0.1811 0.7509 1.1756
vt 0.1862 0.7509 1.1762
vt 0.1862 0.8192 1.1762
vt 0.1811 0.8192 1.1756
vt -0.1890 0.8220 0.7509
vt -0.1899 0.8146 0.7509
vt -0.1762 0.8138 0.7509
vt -0.1756 0.8189 0.7509
vt 0.8220 0.8192 1.1890
vt 0.8146 0.8192 1.1899
vt 0.8146 0.7509 1.1899
vt 0.8220 0.7509 1.1890
vt 1.1741 0.8232 0.8192
vt 1.1864 0.8292 0.8192
vt 0.1768 0.7509 1.1741
vt 0.1768 0.8192 1.1741
vt -0.1864 0.8292 0.7509
vt -0.1741 0.8232 0.7509
vt 0.8292 0.8192 1.1864
vt 0.8292 0.7509 1.1864
vt 1.1717 0.8270 0.8192
vt 1.1824 0.8356 0.8192
vt 0.1730 0.7509 1.1717
vt 0.1730 0.8192 1.1717
vt -0.1824 0.8356 0.7509
vt -0.1717 0.8270 0.7509
vt 0.8356 0.8192 1.1824
vt 0.8356 0.7509 1.1824
vt 1.1685 0.8301 0.8192
vt 1.1771 0.8409 0.8192
vt 0.1699 0.7509 1.1685
vt 0.1699 0.8192 1.1685
vt -0.1771 0.8409 0.7509
vt -0.1685 0.8301 0.7509
vt 0.8409 0.8192 1.1771
vt 0.8409 0.7509 1.1771
vt 1.1647 0.8326 0.8192
vt 1.1707 0.8449 0.8192
vt 1.1647 0.7509 0.8326
vt 1.1685 0.7509 0.8301
vt 1.1685 0.8192 0.8301
vt 1.1647 0.8192 0.8326
vt -0.1707 0.8449 0.7509
vt -0.1647 0.8326 0.7509
vt -0.1707 0.8192 0.8449
vt -0.1771 0.8192 0.8409
vt -0.1771 0.7509 0.8409
vt -0.1707 0.7509 0.8449
vt 1.1604 0.8341 0.8192
vt 1.1635 0.8475 0.8192
vt 1.1604 0.7509 0.8341
vt 1.1604 0.8192 0.8341
vt -0.1635 0.8475 0.7509
vt -0.1604 0.8341 0.7509
vt -0.1635 0.8192 0.8475
vt -0.1635 0.7509 0.8475
vt 1.1553 0.8347 0.8192
vt 1.1561 0.8483 0.8192
vt 1.1553 0.7509 0.8347
vt 1.1553 0.8192 0.8347
vt -0.1561 0.8483 0.7509
vt -0.1553 0.8347 0.7509
vt -0.1561 0.8192 0.8483
vt -0.1561 0.7509 0.8483
vt -0.1553 0.8347 0.8192
vt -0.1561 0.8483 0.8192
vt -0.1553 0.7509 0.8347
vt -0.1553 0.8192 0.8347
vt 1.1561 0.8483 0.7509
vt 1.1553 0.8347 0.7509
vt 1.1561 0.8192 0.8483
vt 1.1561 0.7509 0.8483
vt -0.1604 0.8341 0.8192
vt -0.1635 0.8475 0.8192
vt -0.1604 0.7509 0.8341
vt -0.1604 0.8192 0.8341
vt 1.1635 0.8475 0.7509
vt 1.1604 0.8341 0.7509
vt 1.1635 0.8192 0.8475
vt 1.1635 0.7509 0.8475
vt -0.1647 0.8326 0.8192
vt -0.1707 0.8449 0.8192
vt -0.1647 0.7509 0.8326
vt -0.1647 0.8192 0.8326
vt 1.1707 0.8449 0.7509
vt 1.1647 0.8326 0.7509
vt 1.1707 0.8192 0.8449
vt 1.1707 0.7509 0.8449
vt -0.1685 0.8301 0.8192
vt -0.1771 0.8409 0.8192
vt -0.1685 0.7509 0.8301
vt -0.1685 0.8192 0.8301
vt 1.1771 0.8409 0.7509
vt 1.1685 0.8301 0.7509
vt 1.1771 0.8192 0.8409
vt 1.1771 0.7509 0.8409
vt -0.1717 0.8270 0.8192
vt -0.1824 0.8356 0.8192
vt 0.8270 0.7509 -0.1717
vt 0.8301 0.7509 -0.1685
vt 0.8301 0.8192 -0.1685
vt 0.8270 0.8192 -0.1717
vt 1.1824 0.8356 0.7509
vt 1.1717 0.8270 0.7509
vt 1.1824 0.8192 0.8356
vt 1.1824 0.7509 0.8356
vt -0.1741 0.8232 0.8192
vt -0.1864 0.8292 0.8192
vt 0.8232 0.7509 -0.1741
vt 0.8232 0.8192 -0.1741
vt 1.1864 0.8292 0.7509
vt 1.1741 0.8232 0.7509
vt 0.1708 0.8192 -0.1864
vt 0.1644 0.8192 -0.1824
vt 0.1644 0.7509 -0.1824
vt 0.1708 0.7509 -0.1864
vt -0.1756 0.8189 0.8192
vt -0.1890 0.8220 0.8192
vt 0.8189 0.7509 -0.1756
vt 0.8189 0.8192 -0.1756
vt 1.1890 0.8220 0.7509
vt 1.1756 0.8189 0.7509
vt 0.1780 0.8192 -0.1890
vt 0.1780 0.7509 -0.1890
vt -0.1762 0.8138 0.8192
vt -0.1899 0.8146 0.8192
vt 0.8138 0.7509 -0.1762
vt 0.8138 0.8192 -0.1762
vt 1.1899 0.8146 0.7509
vt 1.1762 0.8138 0.7509
vt 0.1854 0.8192 -0.1899
vt 0.1854 0.7509 -0.1899
vt -0.1762 0.1862 0.8192
vt -0.1899 0.1854 0.8192
vt 0.1862 0.7509 -0.1762
vt 0.1862 0.8192 -0.1762
vt 1.1899 0.1854 0.7509
vt 1.1762 0.1862 0.7509
vt 0.8146 0.8192 -0.1899
vt 0.8146 0.7509 -0.1899
vt -0.1756 0.1811 0.8192
vt -0.1890 0.1780 0.8192
vt 0.1811 0.7509 -0.1756
vt 0.1811 0.8192 -0.1756
vt 1.1890 0.1780 0.7509
vt 1.1756 0.1811 0.7509
vt 0.8220 0.8192 -0.1890
vt 0.8220 0.7509 -0.1890
vt -0.1741 0.1768 0.8192
vt -0.1864 0.1708 0.8192
vt 0.1768 0.7509 -0.1741
vt 0.1768 0.8192 -0.1741
vt 1.1864 0.1708 0.7509
vt 1.1741 0.1768 0.7509
vt 0.8292 0.8192 -0.1864
vt 0.8292 0.7509 -0.1864
vt -0.1717 0.1730 0.8192
vt -0.1824 0.1644 0.8192
vt 0.1730 0.7509 -0.1717
vt 0.1730 0.8192 -0.1717
vt 1.1824 0.1644 0.7509
vt 1.1717 0.1730 0.7509
vt 0.8356 0.8192 -0.1824
vt 0.8356 0.7509 -0.1824
vt -0.1685 0.1699 0.8192
vt -0.1771 0.1591 0.8192
vt 0.1699 0.7509 -0.1685
vt 0.1699 0.8192 -0.1685
vt 1.1771 0.1591 0.7509
vt 1.1685 0.1699 0.7509
vt 0.8409 0.8192 -0.1771
vt 0.8409 0.7509 -0.1771
vt -0.1647 0.1674 0.8192
vt -0.1707 0.1551 0.8192
vt 1.1647 0.7509 0.1674
vt 1.1685 0.7509 0.1699
vt 1.1685 0.8192 0.1699
vt 1.1647 0.8192 0.1674
vt 1.1707 0.1551 0.7509
vt 1.1647 0.1674 0.7509
vt -0.1707 0.8192 0.1551
vt -0.1771 0.8192 0.1591
vt -0.1771 0.7509 0.1591
vt -0.1707 0.7509 0.1551
vt -0.1604 0.1659 0.8192
vt -0.1635 0.1525 0.8192
vt 1.1604 0.7509 0.1659
vt 1.1604 0.8192 0.1659
vt 1.1635 0.1525 0.7509
vt 1.1604 0.1659 0.7509
vt -0.1635 0.8192 0.1525
vt -0.1635 0.7509 0.1525
vt -0.1553 0.1653 0.8192
vt -0.1561 0.1517 0.8192
vt 1.1553 0.7509 0.1653
vt 1.1553 0.8192 0.1653
vt 1.1561 0.1517 0.7509
vt 1.1553 0.1653 0.7509
vt -0.1561 0.8192 0.1517
vt -0.1561 0.7509 0.1517
vt 1.1553 0.1653 0.8192
vt 1.1561 0.1517 0.8192
vt -0.1553 0.7509 0.1653
vt -0.1553 0.8192 0.1653
vt -0.1561 0.1517 0.7509
vt -0.1553 0.1653 0.7509
vt 1.1561 0.8192 0.1517
vt 1.1561 0.7509 0.1517
vt 1.1604 0.1659 0.8192
vt 1.1635 0.1525 0.8192
vt -0.1604 0.7509 0.1659
vt -0.1604 0.8192 0.1659
vt -0.1635 0.1525 0.7509
vt -0.1604 0.1659 0.7509
vt 1.1635 0.8192 0.1525
vt 1.1635 0.7509 0.1525
vt 1.1647 0.1674 0.8192
vt 1.1707 0.1551 0.8192
vt -0.1647 0.7509 0.1674
vt -0.1647 0.8192 0.1674
vt -0.1707 0.1551 0.7509
vt -0.1647 0.1674 0.7509
vt 1.1707 0.8192 0.1551
vt 1.1707 0.7509 0.1551
vt 1.1685 0.1699 0.8192
vt 1.1771 0.1591 0.8192
vt -0.1685 0.7509 0.1699
vt -0.1685 0.8192 0.1699
vt -0.1771 0.1591 0.7509
vt -0.1685 0.1699 0.7509
vt 1.1771 0.8192 0.1591
vt 1.1771 0.7509 0.1591
vt 1.1717 0.1730 0.8192
vt 1.1824 0.1644 0.8192
vt 0.8270 0.7509 1.1717
vt 0.8301 0.7509 1.1685
vt 0.8301 0.8192 1.1685
vt 0.8270 0.8192 1.1717
vt -0.1824 0.1644 0.7509
vt -0.1717 0.1730 0.7509
vt 1.1824 0.8192 0.1644
vt 1.1824 0.7509 0.1644
vt 1.1741 0.1768 0.8192
vt 1.1864 0.1708 0.8192
vt 0.8232 0.7509 1.1741
vt 0.8232 0.8192 1.1741
vt -0.1864 0.1708 0.7509
vt -0.1741 0.1768 0.7509
vt 0.1708 0.8192 1.1864
vt 0.1644 0.8192 1.1824
vt 0.1644 0.7509 1.1824
vt 0.1708 0.7509 1.1864
vt 1.1756 0.1811 0.8192
vt 1.1890 0.1780 0.8192
vt 0.8189 0.7509 1.1756
vt 0.8189 0.8192 1.1756
vt -0.1890 0.1780 0.7509
vt -0.1756 0.1811 0.7509
vt 0.1780 0.8192 1.1890
vt 0.1780 0.7509 1.1890
vt 1.1762 0.1862 0.8192
vt 1.1899 0.1854 0.8192
vt 0.8138 0.7509 1.1762
vt 0.8138 0.8192 1.1762
vt -0.1899 0.1854 0.7509
vt -0.1762 0.1862 0.7509
vt 0.1854 0.8192 1.1899
vt 0.1854 0.7509 1.1899
vt 1.1756 0.8189 0.8905
vt 1.1762 0.8138 0.8905
vt 1.1899 0.8146 0.8905
vt 1.1890 0.8220 0.8905
vt 0.1811 0.8222 1.1756
vt 0.1862 0.8222 1.1762
vt 0.1862 0.8905 1.1762
vt 0.1811 0.8905 1.1756
vt -0.1890 0.8220 0.8222
vt -0.1899 0.8146 0.8222
vt -0.1762 0.8138 0.8222
vt -0.1756 0.8189 0.8222
vt 0.8220 0.8905 1.1890
vt 0.8146 0.8905 1.1899
vt 0.8146 0.8222 1.1899
vt 0.8220 0.8222 1.1890
vt 1.1741 0.8232 0.8905
vt 1.1864 0.8292 0.8905
vt 0.1768 0.8222 1.1741
vt 0.1768 0.8905 1.1741
vt -0.1864 0.8292 0.8222
vt -0.1741 0.8232 0.8222
vt 0.8292 0.8905 1.1864
vt 0.8292 0.8222 1.1864
vt 1.1717 0.8270 0.8905
vt 1.1824 0.8356 0.8905
vt 0.1730 0.8222 1.1717
vt 0.1730 0.8905 1.1717
vt -0.1824 0.8356 0.8222
vt -0.1717 0.8270 0.8222
vt 0.8356 0.8905 1.1824
vt 0.8356 0.8222 1.1824
vt 1.1685 0.8301 0.8905
vt 1.1771 0.8409 0.8905
vt 0.1699 0.8222 1.1685
vt 0.1699 0.8905 1.1685
vt -0.1771 0.8409 0.8222
vt -0.1685 0.8301 0.8222
vt 0.8409 0.8905 1.1771
vt 0.8409 0.8222 1.1771
vt 1.1647 0.8326 0.8905
vt 1.1707 0.8449 0.8905
vt 1.1647 0.8222 0.8326
vt 1.1685 0.8222 0.8301
vt 1.1685 0.8905 0.8301
vt 1.1647 0.8905 0.8326
vt -0.1707 0.8449 0.8222
vt -0.1647 0.8326 0.8222
vt -0.1707 0.8905 0.8449
vt -0.1771 0.8905 0.8409
vt -0.1771 0.8222 0.8409
vt -0.1707 0.8222 0.8449
vt 1.1604 0.8341 0.8905
vt 1.1635 0.8475 0.8905
vt 1.1604 0.8222 0.8341
vt 1.1604 0.8905 0.8341
vt -0.1635 0.8475 0.8222
vt -0.1604 0.8341 0.8222
vt -0.1635 0.8905 0.8475
vt -0.1635 0.8222 0.8475
vt 1.1553 0.8347 0.8905
vt 1.1561 0.8483 0.8905
vt 1.1553 0.8222 0.8347
vt 1.1553 0.8905 0.8347
vt -0.1561 0.8483 0.8222
vt -0.1553 0.8347 0.8222
vt -0.1561 0.8905 0.8483
vt -0.1561 0.8222 0.8483
vt -0.1553 0.8347 0.8905
vt -0.1561 0.8483 0.8905
vt -0.1553 0.8222 0.8347
vt -0.1553 0.8905 0.8347
vt 1.1561 0.8483 0.8222
vt 1.1553 0.8347 0.8222
vt 1.1561 0.8905 0.8483
vt 1.1561 0.8222 0.8483
vt -0.1604 0.8341 0.8905
vt -0.1635 0.8475 0.8905
vt -0.1604 0.8222 0.8341
vt -0.1604 0.8905 0.8341
vt 1.1635 0.8475 0.8222
vt 1.1604 0.8341 0.8222
vt 1.1635 0.8905 0.8475
vt 1.1635 0.8222 0.8475
vt -0.1647 0.8326 0.8905
vt -0.1707 0.8449 0.8905
vt -0.1647 0.8222 0.8326
vt -0.1647 0.8905 0.8326
vt 1.1707 0.8449 0.8222
vt 1.1647 0.8326 0.8222
vt 1.1707 0.8905 0.8449
vt 1.1707 0.8222 0.8449
vt -0.1685 0.8301 0.8905
vt -0.1771 0.8409 0.8905
vt -0.1685 0.8222 0.8301
vt -0.1685 0.8905 0.8301
vt 1.1771 0.8409 0.8222
vt 1.1685 0.8301 0.8222
vt 1.1771 0.8905 0.8409
vt 1.1771 0.8222 0.8409
vt -0.1717 0.8270 0.8905
vt -0.1824 0.8356 0.8905
vt 0.8270 0.8222 -0.1717
vt 0.8301 0.8222 -0.1685
vt 0.8301 0.8905 -0.1685
vt 0.8270 0.8905 -0.1717
vt 1.1824 0.8356 0.8222
vt 1.1717 0.8270 0.8222
vt 1.1824 0.8905 0.8356
vt 1.1824 0.8222 0.8356
vt -0.1741 0.8232 0.8905
vt -0.1864 0.8292 0.8905
vt 0.8232 0.8222 -0.1741
vt 0.8232 0.8905 -0.1741
vt 1.1864 0.8292 0.8222
vt 1.1741 0.8232 0.8222
vt 0.1708 0.8905 -0.1864
vt 0.1644 0.8905 -0.1824
vt 0.1644 0.8222 -0.1824
vt 0.1708 0.8222 -0.1864
vt -0.1756 0.8189 0.8905
vt -0.1890 0.8220 0.8905
vt 0.8189 0.8222 -0.1756
vt 0.8189 0.8905 -0.1756
vt 1.1890 0.8220 0.8222
vt 1.1756 0.8189 0.8222
vt 0.1780 0.8905 -0.1890
vt 0.1780 0.8222 -0.1890
vt -0.1762 0.8138 0.8905
vt -0.1899 0.8146 0.8905
vt 0.8138 0.8222 -0.1762
vt 0.8138 0.8905 -0.1762
vt 1.1899 0.8146 0.8222
vt 1.1762 0.8138 0.8222
vt 0.1854 0.8905 -0.1899
vt 0.1854 0.8222 -0.1899
vt -0.1762 0.1862 0.8905
vt -0.1899 0.1854 0.8905
vt 0.1862 0.8222 -0.1762
vt 0.1862 0.8905 -0.1762
vt 1.1899 0.1854 0.8222
vt 1.1762 0.1862 0.8222
vt 0.8146 0.8905 -0.1899
vt 0.8146 0.8222 -0.1899
vt -0.1756 0.1811 0.8905
vt -0.1890 0.1780 0.8905
vt 0.1811 0.8222 -0.1756
vt 0.1811 0.8905 -0.1756
vt 1.1890 0.1780 0.8222
vt 1.1756 0.1811 0.8222
vt 0.8220 0.8905 -0.1890
vt 0.8220 0.8222 -0.1890
vt -0.1741 0.1768 0.8905
vt -0.1864 0.1708 0.8905
vt 0.1768 0.8222 -0.1741
vt 0.1768 0.8905 -0.1741
vt 1.1864 0.1708 0.8222
vt 1.1741 0.1768 0.8222
vt 0.8292 0.8905 -0.1864
vt 0.8292 0.8222 -0.1864
vt -0.1717 0.1730 0.8905
vt -0.1824 0.1644 0.8905
vt 0.1730 0.8222 -0.1717
vt 0.1730 0.8905 -0.1717
vt 1.1824 0.1644 0.8222
vt 1.1717 0.1730 0.8222
vt 0.8356 0.8905 -0.1824
vt 0.8356 0.8222 -0.1824
vt -0.1685 0.1699 0.8905
vt -0.1771 0.1591 0.8905
vt 0.1699 0.8222 -0.1685
vt 0.1699 0.8905 -0.1685
vt 1.1771 0.1591 0.8222
vt 1.1685 0.1699 0.8222
vt 0.8409 0.8905 -0.1771
vt 0.8409 0.8222 -0.1771
vt -0.1647 0.1674 0.8905
vt -0.1707 0.1551 0.8905
vt 1.1647 0.8222 0.1674
vt 1.1685 0.8222 0.1699
vt 1.1685 0.8905 0.1699
vt 1.1647 0.8905 0.1674
vt 1.1707 0.1551 0.8222
vt 1.1647 0.1674 0.8222
vt -0.1707 0.8905 0.1551
vt -0.1771 0.8905 0.1591
vt -0.1771 0.8222 0.1591
vt -0.1707 0.8222 0.1551
vt -0.1604 0.1659 0.8905
vt -0.1635 0.1525 0.8905
vt 1.1604 0.8222 0.1659
vt 1.1604 0.8905 0.1659
vt 1.1635 0.1525 0.8222
vt 1.1604 0.1659 0.8222
vt -0.1635 0.8905 0.1525
vt -0.1635 0.8222 0.1525
vt -0.1553 0.1653 0.8905
vt -0.1561 0.1517 0.8905
vt 1.1553 0.8222 0.1653
vt 1.1553 0.8905 0.1653
vt 1.1561 0.1517 0.8222
vt 1.1553 0.1653 0.8222
vt -0.1561 0.8905 0.1517
vt -0.1561 0.8222 0.1517
vt 1.1553 0.1653 0.8905
vt 1.1561 0.1517 0.8905
vt -0.1553 0.8222 0.1653
vt -0.1553 0.8905 0.1653
vt -0.1561 0.1517 0.8222
vt -0.1553 0.1653 0.8222
vt 1.1561 0.8905 0.1517
vt 1.1561 0.8222 0.1517
vt 1.1604 0.1659 0.8905
vt 1.1635 0.1525 0.8905
vt -0.1604 0.8222 0.1659
vt -0.1604 0.8905 0.1659
vt -0.1635 0.1525 0.8222
vt -0.1604 0.1659 0.8222
vt 1.1635 0.8905 0.1525
vt 1.1635 0.8222 0.1525
vt 1.1647 0.1674 0.8905
vt 1.1707 0.1551 0.8905
vt -0.1647 0.8222 0.1674
vt -0.1647 0.8905 0.1674
vt -0.1707 0.1551 0.8222
vt -0.1647 0.1674 0.8222
vt 1.1707 0.8905 0.1551
vt 1.1707 0.8222 0.1551
vt 1.1685 0.1699 0.8905
vt 1.1771 0.1591 0.8905
vt -0.1685 0.8222 0.1699
vt -0.1685 0.8905 0.1699
vt -0.1771 0.1591 0.8222
vt -0.1685 0.1699 0.8222
vt 1.1771 0.8905 0.1591
vt 1.1771 0.8222 0.1591
vt 1.1717 0.1730 0.8905
vt 1.1824 0.1644 0.8905
vt 0.8270 0.8222 1.1717
vt 0.8301 0.8222 1.1685
vt 0.8301 0.8905 1.1685
vt 0.8270 0.8905 1.1717
vt -0.1824 0.1644 0.8222
vt -0.1717 0.1730 0.8222
vt 1.1824 0.8905 0.1644
vt 1.1824 0.8222 0.1644
vt 1.1741 0.1768 0.8905
vt 1.1864 0.1708 0.8905
vt 0.8232 0.8222 1.1741
vt 0.8232 0.8905 1.1741
vt -0.1864 0.1708 0.8222
vt -0.1741 0.1768 0.8222
vt 0.1708 0.8905 1.1864
vt 0.1644 0.8905 1.1824
vt 0.1644 0.8222 1.1824
vt 0.1708 0.8222 1.1864
vt 1.1756 0.1811 0.8905
vt 1.1890 0.1780 0.8905
vt 0.8189 0.8222 1.1756
vt 0.8189 0.8905 1.1756
vt -0.1890 0.1780 0.8222
vt -0.1756 0.1811 0.8222
vt 0.1780 0.8905 1.1890
vt 0.1780 0.8222 1.1890
vt 1.1762 0.1862 0.8905
vt 1.1899 0.1854 0.8905
vt 0.8138 0.8222 1.1762
vt 0.8138 0.8905 1.1762
vt -0.1899 0.1854 0.8222
vt -0.1762 0.1862 0.8222
vt 0.1854 0.8905 1.1899
vt 0.1854 0.8222 1.1899
vt 1.1756 0.8189 0.9618
vt 1.1762 0.8138 0.9618
vt 1.1899 0.8146 0.9618
vt 1.1890 0.8220 0.9618
vt 0.1811 0.8935 1.1756
vt 0.1862 0.8935 1.1762
vt 0.1862 0.9618 1.1762
vt 0.1811 0.9618 1.1756
vt -0.1890 0.8220 0.8935
vt -0.1899 0.8146 0.8935
vt -0.1762 0.8138 0.8935
vt -0.1756 0.8189 0.8935
vt 0.8220 0.9618 1.1890
vt 0.8146 0.9618 1.1899
vt 0.8146 0.8935 1.1899
vt 0.8220 0.8935 1.1890
vt 1.1741 0.8232 0.9618
vt 1.1864 0.8292 0.9618
vt 0.1768 0.8935 1.1741
vt 0.1768 0.9618 1.1741
vt -0.1864 0.8292 0.8935
vt -0.1741 0.8232 0.8935
vt 0.8292 0.9618 1.1864
vt 0.8292 0.8935 1.1864
vt 1.1717 0.8270 0.9618
vt 1.1824 0.8356 0.9618
vt 0.1730 0.8935 1.1717
vt 0.1730 0.9618 1.1717
vt -0.1824 0.8356 0.8935
vt -0.1717 0.8270 0.8935
vt 0.8356 0.9618 1.1824
vt 0.8356 0.8935 1.1824
vt 1.1685 0.8301 0.9618
vt 1.1771 0.8409 0.9618
vt 0.1699 0.8935 1.1685
vt 0.1699 0.9618 1.1685
vt -0.1771 0.8409 0.8935
vt -0.1685 0.8301 0.8935
vt 0.8409 0.9618 1.1771
vt 0.8409 0.8935 1.1771
vt 1.1647 0.8326 0.9618
vt 1.1707 0.8449 0.9618
vt 1.1647 0.8935 0.8326
vt 1.1685 0.8935 0.8301
vt 1.1685 0.9618 0.8301
vt 1.1647 0.9618 0.8326
vt -0.1707 0.8449 0.8935
vt -0.1647 0.8326 0.8935
vt -0.1707 0.9618 0.8449
vt -0.1771 0.9618 0.8409
vt -0.1771 0.8935 0.8409
vt -0.1707 0.8935 0.8449
vt 1.1604 0.8341 0.9618
vt 1.1635 0.8475 0.9618
vt 1.1604 0.8935 0.8341
vt 1.1604 0.9618 0.8341
vt -0.1635 0.8475 0.8935
vt -0.1604 0.8341 0.8935
vt -0.1635 0.9618 0.8475
vt -0.1635 0.8935 0.8475
vt 1.1553 0.8347 0.9618
vt 1.1561 0.8483 0.9618
vt 1.1553 0.8935 0.8347
vt 1.1553 0.9618 0.8347
vt -0.1561 0.8483 0.8935
vt -0.1553 0.8347 0.8935
vt -0.1561 0.9618 0.8483
vt -0.1561 0.8935 0.8483
vt -0.1553 0.8347 0.9618
vt -0.1561 0.8483 0.9618
vt -0.1553 0.8935 0.8347
vt -0.1553 0.9618 0.8347
vt 1.1561 0.8483 0.8935
vt 1.1553 0.8347 0.8935
vt 1.1561 0.9618 0.8483
vt 1.1561 0.8935 0.8483
vt -0.1604 0.8341 0.9618
vt -0.1635 0.8475 0.9618
vt -0.1604 0.8935 0.8341
vt -0.1604 0.9618 0.8341
vt 1.1635 0.8475 0.8935
vt 1.1604 0.8341 0.8935
vt 1.1635 0.9618 0.8475
vt 1.1635 0.8935 0.8475
vt -0.1647 0.8326 0.9618
vt -0.1707 0.8449 0.9618
vt -0.1647 0.8935 0.8326
vt -0.1647 0.9618 0.8326
vt 1.1707 0.8449 0.8935
vt 1.1647 0.8326 0.8935
vt 1.1707 0.9618 0.8449
vt 1.1707 0.8935 0.8449
vt -0.1685 0.8301 0.9618
vt -0.1771 0.8409 0.9618
vt -0.1685 0.8935 0.8301
vt -0.1685 0.9618 0.8301
vt 1.1771 0.8409 0.8935
vt 1.1685 0.8301 0.8935
vt 1.1771 0.9618 0.8409
vt 1.1771 0.8935 0.8409
vt -0.1717 0.8270 0.9618
vt -0.1824 0.8356 0.9618
vt 0.8270 0.8935 -0.1717
vt 0.8301 0.8935 -0.1685
vt 0.8301 0.9618 -0.1685
vt 0.8270 0.9618 -0.1717
vt 1.1824 0.8356 0.8935
vt 1.1717 0.8270 0.8935
vt 1.1824 0.9618 0.8356
vt 1.1824 0.8935 0.8356
vt -0.1741 0.8232 0.9618
vt -0.1864 0.8292 0.9618
vt 0.8232 0.8935 -0.1741
vt 0.8232 0.9618 -0.1741
vt 1.1864 0.8292 0.8935
vt 1.1741 0.8232 0.8935
vt 0.1708 0.9618 -0.1864
vt 0.1644 0.9618 -0.1824
vt 0.1644 0.8935 -0.1824
vt 0.1708 0.8935 -0.1864
vt -0.1756 0.8189 0.9618
vt -0.1890 0.8220 0.9618
vt 0.8189 0.8935 -0.1756
vt 0.8189 0.9618 -0.1756
vt 1.1890 0.8220 0.8935
vt 1.1756 0.8189 0.8935
vt 0.1780 0.9618 -0.1890
vt 0.1780 0.8935 -0.1890
vt -0.1762 0.8138 0.9618
vt -0.1899 0.8146 0.9618
vt 0.8138 0.8935 -0.1762
vt 0.8138 0.9618 -0.1762
vt 1.1899 0.8146 0.8935
vt 1.1762 0.8138 0.8935
vt 0.1854 0.9618 -0.1899
vt 0.1854 0.8935 -0.1899
vt -0.1762 0.1862 0.9618
vt -0.1899 0.1854 0.9618
vt 0.1862 0.8935 -0.1762
vt 0.1862 0.9618 -0.1762
vt 1.1899 0.1854 0.8935
vt 1.1762 0.1862 0.8935
vt 0.8146 0.9618 -0.1899
vt 0.8146 0.8935 -0.1899
vt -0.1756 0.1811 0.9618
vt -0.1890 0.1780 0.9618
vt 0.1811 0.8935 -0.1756
vt 0.1811 0.9618 -0.1756
vt 1.1890 0.1780 0.8935
vt 1.1756 0.1811 0.8935
vt 0.8220 0.9618 -0.1890
vt 0.8220 0.8935 -0.1890
vt -0.1741 0.1768 0.9618
vt -0.1864 0.1708 0.9618
vt 0.1768 0.8935 -0.1741
vt 0.1768 0.9618 -0.1741
vt 1.1864 0.1708 0.8935
vt 1.1741 0.1768 0.8935
vt 0.8292 0.9618 -0.1864
vt 0.8292 0.8935 -0.1864
vt -0.1717 0.1730 0.9618
vt -0.1824 0.1644 0.9618
vt 0.1730 0.8935 -0.1717
vt 0.1730 0.9618 -0.1717
vt 1.1824 0.1644 0.8935
vt 1.1717 0.1730 0.8935
vt 0.8356 0.9618 -0.1824
vt 0.8356 0.8935 -0.1824
vt -0.1685 0.1699 0.9618
vt -0.1771 0.1591 0.9618
vt 0.1699 0.8935 -0.1685
vt 0.1699 0.9618 -0.1685
vt 1.1771 0.1591 0.8935
vt 1.1685 0.1699 0.8935
vt 0.8409 0.9618 -0.1771
vt 0.8409 0.8935 -0.1771
vt -0.1647 0.1674 0.9618
vt -0.1707 0.1551 0.9618
vt 1.1647 0.8935 0.1674
vt 1.1685 0.8935 0.1699
vt 1.1685 0.9618 0.1699
vt 1.1647 0.9618 0.1674
vt 1.1707 0.1551 0.8935
vt 1.1647 0.1674 0.8935
vt -0.1707 0.9618 0.1551
vt -0.1771 0.9618 0.1591
vt -0.1771 0.8935 0.1591
vt -0.1707 0.8935 0.1551
vt -0.1604 0.1659 0.9618
vt -0.1635 0.1525 0.9618
vt 1.1604 0.8935 0.1659
vt 1.1604 0.9618 0.1659
vt 1.1635 0.1525 0.8935
vt 1.1604 0.1659 0.8935
vt -0.1635 0.9618 0.1525
vt -0.1635 0.8935 0.1525
vt -0.1553 0.1653 0.9618
vt -0.1561 0.1517 0.9618
vt 1.1553 0.8935 0.1653
vt 1.1553 0.9618 0.1653
vt 1.1561 0.1517 0.8935
vt 1.1553 0.1653 0.8935
vt -0.1561 0.9618 0.1517
vt -0.1561 0.8935 0.1517
vt 1.1553 0.1653 0.9618
vt 1.1561 0.1517 0.9618
vt -0.1553 0.8935 0.1653
vt -0.1553 0.9618 0.1653
vt -0.1561 0.1517 0.8935
vt -0.1553 0.1653 0.8935
vt 1.1561 0.9618 0.1517
vt 1.1561 0.8935 0.1517
vt 1.1604 0.1659 0.9618
vt 1.1635 0.1525 0.9618
vt -0.1604 0.8935 0.1659
vt -0.1604 0.9618 0.1659
vt -0.1635 0.1525 0.8935
vt -0.1604 0.1659 0.8935
vt 1.1635 0.9618 0.1525
vt 1.1635 0.8935 0.1525
vt 1.1647 0.1674 0.9618
vt 1.1707 0.1551 0.9618
vt -0.1647 0.8935 0.1674
vt -0.1647 0.9618 0.1674
vt -0.1707 0.1551 0.8935
vt -0.1647 0.1674 0.8935
vt 1.1707 0.9618 0.1551
vt 1.1707 0.8935 0.1551
vt 1.1685 0.1699 0.9618
vt 1.1771 0.1591 0.9618
vt -0.1685 0.8935 0.1699
vt -0.1685 0.9618 0.1699
vt -0.1771 0.1591 0.8935
vt -0.1685 0.1699 0.8935
vt 1.1771 0.9618 0.1591
vt 1.1771 0.8935 0.1591
vt 1.1717 0.1730 0.9618
vt 1.1824 0.1644 0.9618
vt 0.8270 0.8935 1.1717
vt 0.8301 0.8935 1.1685
vt 0.8301 0.9618 1.1685
vt 0.8270 0.9618 1.1717
vt -0.1824 0.1644 0.8935
vt -0.1717 0.1730 0.8935
vt 1.1824 0.9618 0.1644
vt 1.1824 0.8935 0.1644
vt 1.1741 0.1768 0.9618
vt 1.1864 0.1708 0.9618
vt 0.8232 0.8935 1.1741
vt 0.8232 0.9618 1.1741
vt -0.1864 0.1708 0.8935
vt -0.1741 0.1768 0.8935
vt 0.1708 0.9618 1.1864
vt 0.1644 0.9618 1.1824
vt 0.1644 0.8935 1.1824
vt 0.1708 0.8935 1.1864
vt 1.1756 0.1811 0.9618
vt 1.1890 0.1780 0.9618
vt 0.8189 0.8935 1.1756
vt 0.8189 0.9618 1.1756
vt -0.1890 0.1780 0.8935
vt -0.1756 0.1811 0.8935
vt 0.1780 0.9618 1.1890
vt 0.1780 0.8935 1.1890
vt 1.1762 0.1862 0.9618
vt 1.1899 0.1854 0.9618
vt 0.8138 0.8935 1.1762
vt 0.8138 0.9618 1.1762
vt -0.1899 0.1854 0.8935
vt -0.1762 0.1862 0.8935
vt 0.1854 0.9618 1.1899
vt 0.1854 0.8935 1.1899
# 3536 texture coords

o Plataforma_Stand2
g Plataforma_Stand2
usemtl Material__35
s 1
f 1/1/1 2/2/2 3/3/3 4/4/4 
s 2
f 5/5/5 6/6/6 2/7/2 1/8/1 
s 1
f 7/9/7 8/10/8 6/11/6 5/12/5 
s 2
f 4/13/4 3/14/3 8/15/8 7/16/7 
s 1
f 9/17/9 1/1/1 4/4/4 10/18/10 
s 2
f 11/19/11 5/5/5 1/8/1 9/20/9 
s 1
f 12/21/12 7/9/7 5/12/5 11/22/11 
s 2
f 10/23/10 4/13/4 7/16/7 12/24/12 
s 1
f 13/25/13 9/17/9 10/18/10 14/26/14 
s 2
f 15/27/15 11/19/11 9/20/9 13/28/13 
s 1
f 16/29/16 12/21/12 11/22/11 15/30/15 
s 2
f 14/31/14 10/23/10 12/24/12 16/32/16 
s 1
f 17/33/17 13/25/13 14/26/14 18/34/18 
s 2
f 19/35/19 15/27/15 13/28/13 17/36/17 
s 1
f 20/37/20 16/29/16 15/30/15 19/38/19 
s 2
f 18/39/18 14/31/14 16/32/16 20/40/20 
s 1
f 21/41/21 17/33/17 18/34/18 22/42/22 
s 2
f 23/43/23 19/44/19 17/45/17 21/46/21 
s 1
f 24/47/24 20/37/20 19/38/19 23/48/23 
s 2
f 22/49/22 18/50/18 20/51/20 24/52/24 
s 1
f 25/53/25 21/41/21 22/42/22 26/54/26 
s 2
f 27/55/27 23/43/23 21/46/21 25/56/25 
s 1
f 28/57/28 24/47/24 23/48/23 27/58/27 
s 2
f 26/59/26 22/49/22 24/52/24 28/60/28 
s 1
f 29/61/29 25/53/25 26/54/26 30/62/30 
s 2
f 31/63/31 27/55/27 25/56/25 29/64/29 
s 1
f 32/65/32 28/57/28 27/58/27 31/66/31 
s 2
f 30/67/30 26/59/26 28/60/28 32/68/32 
s 1
f 33/69/33 29/61/29 30/62/30 34/70/34 
s 2
f 35/71/35 31/63/31 29/64/29 33/72/33 
s 1
f 36/73/36 32/65/32 31/66/31 35/74/35 
s 2
f 34/75/34 30/67/30 32/68/32 36/76/36 
s 1
f 37/77/37 33/69/33 34/70/34 38/78/38 
s 2
f 39/79/39 35/71/35 33/72/33 37/80/37 
s 1
f 40/81/40 36/73/36 35/74/35 39/82/39 
s 2
f 38/83/38 34/75/34 36/76/36 40/84/40 
s 1
f 41/85/41 37/77/37 38/78/38 42/86/42 
s 2
f 43/87/43 39/79/39 37/80/37 41/88/41 
s 1
f 44/89/44 40/81/40 39/82/39 43/90/43 
s 2
f 42/91/42 38/83/38 40/84/40 44/92/44 
s 1
f 45/93/45 41/85/41 42/86/42 46/94/46 
s 2
f 47/95/47 43/87/43 41/88/41 45/96/45 
s 1
f 48/97/48 44/89/44 43/90/43 47/98/47 
s 2
f 46/99/46 42/91/42 44/92/44 48/100/48 
s 1
f 49/101/49 45/93/45 46/94/46 50/102/50 
s 2
f 51/103/51 47/104/47 45/105/45 49/106/49 
s 1
f 52/107/52 48/97/48 47/98/47 51/108/51 
s 2
f 50/109/50 46/99/46 48/100/48 52/110/52 
s 1
f 53/111/53 49/101/49 50/102/50 54/112/54 
s 2
f 55/113/55 51/103/51 49/106/49 53/114/53 
s 1
f 56/115/56 52/107/52 51/108/51 55/116/55 
s 2
f 54/117/54 50/118/50 52/119/52 56/120/56 
s 1
f 57/121/57 53/111/53 54/112/54 58/122/58 
s 2
f 59/123/59 55/113/55 53/114/53 57/124/57 
s 1
f 60/125/60 56/115/56 55/116/55 59/126/59 
s 2
f 58/127/58 54/117/54 56/120/56 60/128/60 
s 1
f 61/129/61 57/121/57 58/122/58 62/130/62 
s 2
f 63/131/63 59/123/59 57/124/57 61/132/61 
s 1
f 64/133/64 60/125/60 59/126/59 63/134/63 
s 2
f 62/135/62 58/127/58 60/128/60 64/136/64 
s 1
f 65/137/65 61/129/61 62/130/62 66/138/66 
s 2
f 67/139/67 63/131/63 61/132/61 65/140/65 
s 1
f 68/141/68 64/133/64 63/134/63 67/142/67 
s 2
f 66/143/66 62/135/62 64/136/64 68/144/68 
s 1
f 69/145/69 65/137/65 66/138/66 70/146/70 
s 2
f 71/147/71 67/139/67 65/140/65 69/148/69 
s 1
f 72/149/72 68/141/68 67/142/67 71/150/71 
s 2
f 70/151/70 66/143/66 68/144/68 72/152/72 
s 1
f 73/153/73 69/145/69 70/146/70 74/154/74 
s 2
f 75/155/75 71/147/71 69/148/69 73/156/73 
s 1
f 76/157/76 72/149/72 71/150/71 75/158/75 
s 2
f 74/159/74 70/151/70 72/152/72 76/160/76 
s 1
f 77/161/77 73/153/73 74/154/74 78/162/78 
s 2
f 79/163/79 75/155/75 73/156/73 77/164/77 
s 1
f 80/165/80 76/157/76 75/158/75 79/166/79 
s 2
f 78/167/78 74/159/74 76/160/76 80/168/80 
s 1
f 81/169/81 77/161/77 78/162/78 82/170/82 
s 2
f 83/171/83 79/163/79 77/164/77 81/172/81 
s 1
f 84/173/84 80/165/80 79/166/79 83/174/83 
s 2
f 82/175/82 78/167/78 80/168/80 84/176/84 
s 1
f 85/177/85 81/169/81 82/170/82 86/178/86 
s 2
f 87/179/87 83/180/83 81/181/81 85/182/85 
s 1
f 88/183/88 84/173/84 83/174/83 87/184/87 
s 2
f 86/185/86 82/186/82 84/187/84 88/188/88 
s 1
f 89/189/89 85/177/85 86/178/86 90/190/90 
s 2
f 91/191/91 87/179/87 85/182/85 89/192/89 
s 1
f 92/193/92 88/183/88 87/184/87 91/194/91 
s 2
f 90/195/90 86/185/86 88/188/88 92/196/92 
s 1
f 93/197/93 89/189/89 90/190/90 94/198/94 
s 2
f 95/199/95 91/191/91 89/192/89 93/200/93 
s 1
f 96/201/96 92/193/92 91/194/91 95/202/95 
s 2
f 94/203/94 90/195/90 92/196/92 96/204/96 
s 1
f 97/205/97 93/197/93 94/198/94 98/206/98 
s 2
f 99/207/99 95/199/95 93/200/93 97/208/97 
s 1
f 100/209/100 96/201/96 95/202/95 99/210/99 
s 2
f 98/211/98 94/203/94 96/204/96 100/212/100 
s 1
f 101/213/101 97/205/97 98/206/98 102/214/102 
s 2
f 103/215/103 99/207/99 97/208/97 101/216/101 
s 1
f 104/217/104 100/209/100 99/210/99 103/218/103 
s 2
f 102/219/102 98/211/98 100/212/100 104/220/104 
s 1
f 105/221/105 101/213/101 102/214/102 106/222/106 
s 2
f 107/223/107 103/215/103 101/216/101 105/224/105 
s 1
f 108/225/108 104/217/104 103/218/103 107/226/107 
s 2
f 106/227/106 102/219/102 104/220/104 108/228/108 
s 1
f 109/229/109 105/221/105 106/222/106 110/230/110 
s 2
f 111/231/111 107/223/107 105/224/105 109/232/109 
s 1
f 112/233/112 108/225/108 107/226/107 111/234/111 
s 2
f 110/235/110 106/227/106 108/228/108 112/236/112 
s 1
f 113/237/113 109/229/109 110/230/110 114/238/114 
s 2
f 115/239/115 111/240/111 109/241/109 113/242/113 
s 1
f 116/243/116 112/233/112 111/234/111 115/244/115 
s 2
f 114/245/114 110/235/110 112/236/112 116/246/116 
s 1
f 117/247/117 113/237/113 114/238/114 118/248/118 
s 2
f 119/249/119 115/239/115 113/242/113 117/250/117 
s 1
f 120/251/120 116/243/116 115/244/115 119/252/119 
s 2
f 118/253/118 114/254/114 116/255/116 120/256/120 
s 1
f 121/257/121 117/247/117 118/248/118 122/258/122 
s 2
f 123/259/123 119/249/119 117/250/117 121/260/121 
s 1
f 124/261/124 120/251/120 119/252/119 123/262/123 
s 2
f 122/263/122 118/253/118 120/256/120 124/264/124 
s 1
f 125/265/125 121/257/121 122/258/122 126/266/126 
s 2
f 127/267/127 123/259/123 121/260/121 125/268/125 
s 1
f 128/269/128 124/261/124 123/262/123 127/270/127 
s 2
f 126/271/126 122/263/122 124/264/124 128/272/128 
s 1
f 2/2/2 125/265/125 126/266/126 3/3/3 
s 2
f 6/6/6 127/267/127 125/268/125 2/7/2 
s 1
f 8/10/8 128/269/128 127/270/127 6/11/6 
s 2
f 3/14/3 126/271/126 128/272/128 8/15/8 
s 1
f 129/273/1 130/274/2 131/275/3 132/276/4 
s 2
f 133/277/5 134/278/6 130/279/2 129/280/1 
s 1
f 135/281/7 136/282/8 134/283/6 133/284/5 
s 2
f 132/285/4 131/286/3 136/287/8 135/288/7 
s 1
f 137/289/9 129/273/1 132/276/4 138/290/10 
s 2
f 139/291/11 133/277/5 129/280/1 137/292/9 
s 1
f 140/293/12 135/281/7 133/284/5 139/294/11 
s 2
f 138/295/10 132/285/4 135/288/7 140/296/12 
s 1
f 141/297/13 137/289/9 138/290/10 142/298/14 
s 2
f 143/299/15 139/291/11 137/292/9 141/300/13 
s 1
f 144/301/16 140/293/12 139/294/11 143/302/15 
s 2
f 142/303/14 138/295/10 140/296/12 144/304/16 
s 1
f 145/305/17 141/297/13 142/298/14 146/306/18 
s 2
f 147/307/19 143/299/15 141/300/13 145/308/17 
s 1
f 148/309/20 144/301/16 143/302/15 147/310/19 
s 2
f 146/311/18 142/303/14 144/304/16 148/312/20 
s 1
f 149/313/21 145/305/17 146/306/18 150/314/22 
s 2
f 151/315/23 147/316/19 145/317/17 149/318/21 
s 1
f 152/319/24 148/309/20 147/310/19 151/320/23 
s 2
f 150/321/22 146/322/18 148/323/20 152/324/24 
s 1
f 153/325/25 149/313/21 150/314/22 154/326/26 
s 2
f 155/327/27 151/315/23 149/318/21 153/328/25 
s 1
f 156/329/28 152/319/24 151/320/23 155/330/27 
s 2
f 154/331/26 150/321/22 152/324/24 156/332/28 
s 1
f 157/333/29 153/325/25 154/326/26 158/334/30 
s 2
f 159/335/31 155/327/27 153/328/25 157/336/29 
s 1
f 160/337/32 156/329/28 155/330/27 159/338/31 
s 2
f 158/339/30 154/331/26 156/332/28 160/340/32 
s 1
f 161/341/33 157/333/29 158/334/30 162/342/34 
s 2
f 163/343/35 159/335/31 157/336/29 161/344/33 
s 1
f 164/345/36 160/337/32 159/338/31 163/346/35 
s 2
f 162/347/34 158/339/30 160/340/32 164/348/36 
s 1
f 165/349/37 161/341/33 162/342/34 166/350/38 
s 2
f 167/351/39 163/343/35 161/344/33 165/352/37 
s 1
f 168/353/40 164/345/36 163/346/35 167/354/39 
s 2
f 166/355/38 162/347/34 164/348/36 168/356/40 
s 1
f 169/357/41 165/349/37 166/350/38 170/358/42 
s 2
f 171/359/43 167/351/39 165/352/37 169/360/41 
s 1
f 172/361/44 168/353/40 167/354/39 171/362/43 
s 2
f 170/363/42 166/355/38 168/356/40 172/364/44 
s 1
f 173/365/45 169/357/41 170/358/42 174/366/46 
s 2
f 175/367/47 171/359/43 169/360/41 173/368/45 
s 1
f 176/369/48 172/361/44 171/362/43 175/370/47 
s 2
f 174/371/46 170/363/42 172/364/44 176/372/48 
s 1
f 177/373/49 173/365/45 174/366/46 178/374/50 
s 2
f 179/375/51 175/376/47 173/377/45 177/378/49 
s 1
f 180/379/52 176/369/48 175/370/47 179/380/51 
s 2
f 178/381/50 174/371/46 176/372/48 180/382/52 
s 1
f 181/383/53 177/373/49 178/374/50 182/384/54 
s 2
f 183/385/55 179/375/51 177/378/49 181/386/53 
s 1
f 184/387/56 180/379/52 179/380/51 183/388/55 
s 2
f 182/389/54 178/390/50 180/391/52 184/392/56 
s 1
f 185/393/57 181/383/53 182/384/54 186/394/58 
s 2
f 187/395/59 183/385/55 181/386/53 185/396/57 
s 1
f 188/397/60 184/387/56 183/388/55 187/398/59 
s 2
f 186/399/58 182/389/54 184/392/56 188/400/60 
s 1
f 189/401/61 185/393/57 186/394/58 190/402/62 
s 2
f 191/403/63 187/395/59 185/396/57 189/404/61 
s 1
f 192/405/64 188/397/60 187/398/59 191/406/63 
s 2
f 190/407/62 186/399/58 188/400/60 192/408/64 
s 1
f 193/409/65 189/401/61 190/402/62 194/410/66 
s 2
f 195/411/67 191/403/63 189/404/61 193/412/65 
s 1
f 196/413/68 192/405/64 191/406/63 195/414/67 
s 2
f 194/415/66 190/407/62 192/408/64 196/416/68 
s 1
f 197/417/69 193/409/65 194/410/66 198/418/70 
s 2
f 199/419/71 195/411/67 193/412/65 197/420/69 
s 1
f 200/421/72 196/413/68 195/414/67 199/422/71 
s 2
f 198/423/70 194/415/66 196/416/68 200/424/72 
s 1
f 201/425/73 197/417/69 198/418/70 202/426/74 
s 2
f 203/427/75 199/419/71 197/420/69 201/428/73 
s 1
f 204/429/76 200/421/72 199/422/71 203/430/75 
s 2
f 202/431/74 198/423/70 200/424/72 204/432/76 
s 1
f 205/433/77 201/425/73 202/426/74 206/434/78 
s 2
f 207/435/79 203/427/75 201/428/73 205/436/77 
s 1
f 208/437/80 204/429/76 203/430/75 207/438/79 
s 2
f 206/439/78 202/431/74 204/432/76 208/440/80 
s 1
f 209/441/81 205/433/77 206/434/78 210/442/82 
s 2
f 211/443/83 207/435/79 205/436/77 209/444/81 
s 1
f 212/445/84 208/437/80 207/438/79 211/446/83 
s 2
f 210/447/82 206/439/78 208/440/80 212/448/84 
s 1
f 213/449/85 209/441/81 210/442/82 214/450/86 
s 2
f 215/451/87 211/452/83 209/453/81 213/454/85 
s 1
f 216/455/88 212/445/84 211/446/83 215/456/87 
s 2
f 214/457/86 210/458/82 212/459/84 216/460/88 
s 1
f 217/461/89 213/449/85 214/450/86 218/462/90 
s 2
f 219/463/91 215/451/87 213/454/85 217/464/89 
s 1
f 220/465/92 216/455/88 215/456/87 219/466/91 
s 2
f 218/467/90 214/457/86 216/460/88 220/468/92 
s 1
f 221/469/93 217/461/89 218/462/90 222/470/94 
s 2
f 223/471/95 219/463/91 217/464/89 221/472/93 
s 1
f 224/473/96 220/465/92 219/466/91 223/474/95 
s 2
f 222/475/94 218/467/90 220/468/92 224/476/96 
s 1
f 225/477/97 221/469/93 222/470/94 226/478/98 
s 2
f 227/479/99 223/471/95 221/472/93 225/480/97 
s 1
f 228/481/100 224/473/96 223/474/95 227/482/99 
s 2
f 226/483/98 222/475/94 224/476/96 228/484/100 
s 1
f 229/485/101 225/477/97 226/478/98 230/486/102 
s 2
f 231/487/103 227/479/99 225/480/97 229/488/101 
s 1
f 232/489/104 228/481/100 227/482/99 231/490/103 
s 2
f 230/491/102 226/483/98 228/484/100 232/492/104 
s 1
f 233/493/105 229/485/101 230/486/102 234/494/106 
s 2
f 235/495/107 231/487/103 229/488/101 233/496/105 
s 1
f 236/497/108 232/489/104 231/490/103 235/498/107 
s 2
f 234/499/106 230/491/102 232/492/104 236/500/108 
s 1
f 237/501/109 233/493/105 234/494/106 238/502/110 
s 2
f 239/503/111 235/495/107 233/496/105 237/504/109 
s 1
f 240/505/112 236/497/108 235/498/107 239/506/111 
s 2
f 238/507/110 234/499/106 236/500/108 240/508/112 
s 1
f 241/509/113 237/501/109 238/502/110 242/510/114 
s 2
f 243/511/115 239/512/111 237/513/109 241/514/113 
s 1
f 244/515/116 240/505/112 239/506/111 243/516/115 
s 2
f 242/517/114 238/507/110 240/508/112 244/518/116 
s 1
f 245/519/117 241/509/113 242/510/114 246/520/118 
s 2
f 247/521/119 243/511/115 241/514/113 245/522/117 
s 1
f 248/523/120 244/515/116 243/516/115 247/524/119 
s 2
f 246/525/118 242/526/114 244/527/116 248/528/120 
s 1
f 249/529/121 245/519/117 246/520/118 250/530/122 
s 2
f 251/531/123 247/521/119 245/522/117 249/532/121 
s 1
f 252/533/124 248/523/120 247/524/119 251/534/123 
s 2
f 250/535/122 246/525/118 248/528/120 252/536/124 
s 1
f 253/537/125 249/529/121 250/530/122 254/538/126 
s 2
f 255/539/127 251/531/123 249/532/121 253/540/125 
s 1
f 256/541/128 252/533/124 251/534/123 255/542/127 
s 2
f 254/543/126 250/535/122 252/536/124 256/544/128 
s 1
f 130/274/2 253/537/125 254/538/126 131/275/3 
s 2
f 134/278/6 255/539/127 253/540/125 130/279/2 
s 1
f 136/282/8 256/541/128 255/542/127 134/283/6 
s 2
f 131/286/3 254/543/126 256/544/128 136/287/8 
s 1
f 257/545/1 258/546/2 259/547/129 260/548/4 
s 2
f 261/549/5 262/550/6 258/551/2 257/552/1 
s 1
f 263/553/7 264/554/130 262/555/6 261/556/5 
s 2
f 260/557/4 259/558/129 264/559/130 263/560/7 
s 1
f 265/561/9 257/545/1 260/548/4 266/562/131 
s 2
f 267/563/11 261/549/5 257/552/1 265/564/9 
s 1
f 268/565/132 263/553/7 261/556/5 267/566/11 
s 2
f 266/567/131 260/557/4 263/560/7 268/568/132 
s 1
f 269/569/13 265/561/9 266/562/131 270/570/14 
s 2
f 271/571/15 267/563/11 265/564/9 269/572/13 
s 1
f 272/573/133 268/565/132 267/566/11 271/574/15 
s 2
f 270/575/14 266/567/131 268/568/132 272/576/133 
s 1
f 273/577/17 269/569/13 270/570/14 274/578/18 
s 2
f 275/579/19 271/571/15 269/572/13 273/580/17 
s 1
f 276/581/20 272/573/133 271/574/15 275/582/19 
s 2
f 274/583/18 270/575/14 272/576/133 276/584/20 
s 1
f 277/585/21 273/577/17 274/578/18 278/586/134 
s 2
f 279/587/23 275/588/19 273/589/17 277/590/21 
s 1
f 280/591/135 276/581/20 275/582/19 279/592/23 
s 2
f 278/593/134 274/594/18 276/595/20 280/596/135 
s 1
f 281/597/25 277/585/21 278/586/134 282/598/26 
s 2
f 283/599/27 279/587/23 277/590/21 281/600/25 
s 1
f 284/601/28 280/591/135 279/592/23 283/602/27 
s 2
f 282/603/26 278/593/134 280/596/135 284/604/28 
s 1
f 285/605/29 281/597/25 282/598/26 286/606/30 
s 2
f 287/607/31 283/599/27 281/600/25 285/608/29 
s 1
f 288/609/32 284/601/28 283/602/27 287/610/31 
s 2
f 286/611/30 282/603/26 284/604/28 288/612/32 
s 1
f 289/613/33 285/605/29 286/606/30 290/614/34 
s 2
f 291/615/35 287/607/31 285/608/29 289/616/33 
s 1
f 292/617/36 288/609/32 287/610/31 291/618/35 
s 2
f 290/619/34 286/611/30 288/612/32 292/620/36 
s 1
f 293/621/37 289/613/33 290/614/34 294/622/136 
s 2
f 295/623/39 291/615/35 289/616/33 293/624/37 
s 1
f 296/625/137 292/617/36 291/618/35 295/626/39 
s 2
f 294/627/136 290/619/34 292/620/36 296/628/137 
s 1
f 297/629/41 293/621/37 294/622/136 298/630/138 
s 2
f 299/631/43 295/623/39 293/624/37 297/632/41 
s 1
f 300/633/139 296/625/137 295/626/39 299/634/43 
s 2
f 298/635/138 294/627/136 296/628/137 300/636/139 
s 1
f 301/637/45 297/629/41 298/630/138 302/638/46 
s 2
f 303/639/47 299/631/43 297/632/41 301/640/45 
s 1
f 304/641/48 300/633/139 299/634/43 303/642/47 
s 2
f 302/643/46 298/635/138 300/636/139 304/644/48 
s 1
f 305/645/49 301/637/45 302/638/46 306/646/50 
s 2
f 307/647/51 303/648/47 301/649/45 305/650/49 
s 1
f 308/651/52 304/641/48 303/642/47 307/652/51 
s 2
f 306/653/50 302/643/46 304/644/48 308/654/52 
s 1
f 309/655/53 305/645/49 306/646/50 310/656/54 
s 2
f 311/657/55 307/647/51 305/650/49 309/658/53 
s 1
f 312/659/56 308/651/52 307/652/51 311/660/55 
s 2
f 310/661/54 306/662/50 308/663/52 312/664/56 
s 1
f 313/665/57 309/655/53 310/656/54 314/666/58 
s 2
f 315/667/59 311/657/55 309/658/53 313/668/57 
s 1
f 316/669/60 312/659/56 311/660/55 315/670/59 
s 2
f 314/671/58 310/661/54 312/664/56 316/672/60 
s 1
f 317/673/61 313/665/57 314/666/58 318/674/62 
s 2
f 319/675/63 315/667/59 313/668/57 317/676/61 
s 1
f 320/677/64 316/669/60 315/670/59 319/678/63 
s 2
f 318/679/62 314/671/58 316/672/60 320/680/64 
s 1
f 321/681/65 317/673/61 318/674/62 322/682/66 
s 2
f 323/683/67 319/675/63 317/676/61 321/684/65 
s 1
f 324/685/140 320/677/64 319/678/63 323/686/67 
s 2
f 322/687/66 318/679/62 320/680/64 324/688/140 
s 1
f 325/689/69 321/681/65 322/682/66 326/690/141 
s 2
f 327/691/71 323/683/67 321/684/65 325/692/69 
s 1
f 328/693/142 324/685/140 323/686/67 327/694/71 
s 2
f 326/695/141 322/687/66 324/688/140 328/696/142 
s 1
f 329/697/73 325/689/69 326/690/141 330/698/74 
s 2
f 331/699/75 327/691/71 325/692/69 329/700/73 
s 1
f 332/701/143 328/693/142 327/694/71 331/702/75 
s 2
f 330/703/74 326/695/141 328/696/142 332/704/143 
s 1
f 333/705/144 329/697/73 330/698/74 334/706/78 
s 2
f 335/707/145 331/699/75 329/700/73 333/708/144 
s 1
f 336/709/80 332/701/143 331/702/75 335/710/145 
s 2
f 334/711/78 330/703/74 332/704/143 336/712/80 
s 1
f 337/713/146 333/705/144 334/706/78 338/714/82 
s 2
f 339/715/147 335/707/145 333/708/144 337/716/146 
s 1
f 340/717/84 336/709/80 335/710/145 339/718/147 
s 2
f 338/719/82 334/711/78 336/712/80 340/720/84 
s 1
f 341/721/85 337/713/146 338/714/82 342/722/86 
s 2
f 343/723/87 339/724/147 337/725/146 341/726/85 
s 1
f 344/727/88 340/717/84 339/718/147 343/728/87 
s 2
f 342/729/86 338/730/82 340/731/84 344/732/88 
s 1
f 345/733/89 341/721/85 342/722/86 346/734/90 
s 2
f 347/735/91 343/723/87 341/726/85 345/736/89 
s 1
f 348/737/92 344/727/88 343/728/87 347/738/91 
s 2
f 346/739/90 342/729/86 344/732/88 348/740/92 
s 1
f 349/741/93 345/733/89 346/734/90 350/742/94 
s 2
f 351/743/95 347/735/91 345/736/89 349/744/93 
s 1
f 352/745/96 348/737/92 347/738/91 351/746/95 
s 2
f 350/747/94 346/739/90 348/740/92 352/748/96 
s 1
f 353/749/97 349/741/93 350/742/94 354/750/98 
s 2
f 355/751/99 351/743/95 349/744/93 353/752/97 
s 1
f 356/753/100 352/745/96 351/746/95 355/754/99 
s 2
f 354/755/98 350/747/94 352/748/96 356/756/100 
s 1
f 357/757/101 353/749/97 354/750/98 358/758/102 
s 2
f 359/759/103 355/751/99 353/752/97 357/760/101 
s 1
f 360/761/104 356/753/100 355/754/99 359/762/103 
s 2
f 358/763/102 354/755/98 356/756/100 360/764/104 
s 1
f 361/765/105 357/757/101 358/758/102 362/766/106 
s 2
f 363/767/107 359/759/103 357/760/101 361/768/105 
s 1
f 364/769/108 360/761/104 359/762/103 363/770/107 
s 2
f 362/771/106 358/763/102 360/764/104 364/772/108 
s 1
f 365/773/109 361/765/105 362/766/106 366/774/110 
s 2
f 367/775/111 363/767/107 361/768/105 365/776/109 
s 1
f 368/777/112 364/769/108 363/770/107 367/778/111 
s 2
f 366/779/110 362/771/106 364/772/108 368/780/112 
s 1
f 369/781/113 365/773/109 366/774/110 370/782/114 
s 2
f 371/783/115 367/784/111 365/785/109 369/786/113 
s 1
f 372/787/116 368/777/112 367/778/111 371/788/115 
s 2
f 370/789/114 366/779/110 368/780/112 372/790/116 
s 1
f 373/791/117 369/781/113 370/782/114 374/792/148 
s 2
f 375/793/119 371/783/115 369/786/113 373/794/117 
s 1
f 376/795/149 372/787/116 371/788/115 375/796/119 
s 2
f 374/797/148 370/798/114 372/799/116 376/800/149 
s 1
f 377/801/121 373/791/117 374/792/148 378/802/150 
s 2
f 379/803/123 375/793/119 373/794/117 377/804/121 
s 1
f 380/805/151 376/795/149 375/796/119 379/806/123 
s 2
f 378/807/150 374/797/148 376/800/149 380/808/151 
s 1
f 381/809/125 377/801/121 378/802/150 382/810/126 
s 2
f 383/811/127 379/803/123 377/804/121 381/812/125 
s 1
f 384/813/128 380/805/151 379/806/123 383/814/127 
s 2
f 382/815/126 378/807/150 380/808/151 384/816/128 
s 1
f 258/546/2 381/809/125 382/810/126 259/547/129 
s 2
f 262/550/6 383/811/127 381/812/125 258/551/2 
s 1
f 264/554/130 384/813/128 383/814/127 262/555/6 
s 2
f 259/558/129 382/815/126 384/816/128 264/559/130 
s 1
f 385/817/1 386/818/2 387/819/129 388/820/4 
s 2
f 389/821/5 390/822/6 386/823/2 385/824/1 
s 1
f 391/825/7 392/826/130 390/827/6 389/828/5 
s 2
f 388/829/4 387/830/129 392/831/130 391/832/7 
s 1
f 393/833/9 385/817/1 388/820/4 394/834/131 
s 2
f 395/835/11 389/821/5 385/824/1 393/836/9 
s 1
f 396/837/132 391/825/7 389/828/5 395/838/11 
s 2
f 394/839/131 388/829/4 391/832/7 396/840/132 
s 1
f 397/841/13 393/833/9 394/834/131 398/842/14 
s 2
f 399/843/15 395/835/11 393/836/9 397/844/13 
s 1
f 400/845/133 396/837/132 395/838/11 399/846/15 
s 2
f 398/847/14 394/839/131 396/840/132 400/848/133 
s 1
f 401/849/17 397/841/13 398/842/14 402/850/18 
s 2
f 403/851/19 399/843/15 397/844/13 401/852/17 
s 1
f 404/853/20 400/845/133 399/846/15 403/854/19 
s 2
f 402/855/18 398/847/14 400/848/133 404/856/20 
s 1
f 405/857/21 401/849/17 402/850/18 406/858/134 
s 2
f 407/859/23 403/860/19 401/861/17 405/862/21 
s 1
f 408/863/135 404/853/20 403/854/19 407/864/23 
s 2
f 406/865/134 402/866/18 404/867/20 408/868/135 
s 1
f 409/869/25 405/857/21 406/858/134 410/870/26 
s 2
f 411/871/27 407/859/23 405/862/21 409/872/25 
s 1
f 412/873/28 408/863/135 407/864/23 411/874/27 
s 2
f 410/875/26 406/865/134 408/868/135 412/876/28 
s 1
f 413/877/29 409/869/25 410/870/26 414/878/30 
s 2
f 415/879/31 411/871/27 409/872/25 413/880/29 
s 1
f 416/881/32 412/873/28 411/874/27 415/882/31 
s 2
f 414/883/30 410/875/26 412/876/28 416/884/32 
s 1
f 417/885/33 413/877/29 414/878/30 418/886/34 
s 2
f 419/887/35 415/879/31 413/880/29 417/888/33 
s 1
f 420/889/36 416/881/32 415/882/31 419/890/35 
s 2
f 418/891/34 414/883/30 416/884/32 420/892/36 
s 1
f 421/893/37 417/885/33 418/886/34 422/894/136 
s 2
f 423/895/39 419/887/35 417/888/33 421/896/37 
s 1
f 424/897/137 420/889/36 419/890/35 423/898/39 
s 2
f 422/899/136 418/891/34 420/892/36 424/900/137 
s 1
f 425/901/41 421/893/37 422/894/136 426/902/138 
s 2
f 427/903/43 423/895/39 421/896/37 425/904/41 
s 1
f 428/905/139 424/897/137 423/898/39 427/906/43 
s 2
f 426/907/138 422/899/136 424/900/137 428/908/139 
s 1
f 429/909/45 425/901/41 426/902/138 430/910/46 
s 2
f 431/911/47 427/903/43 425/904/41 429/912/45 
s 1
f 432/913/48 428/905/139 427/906/43 431/914/47 
s 2
f 430/915/46 426/907/138 428/908/139 432/916/48 
s 1
f 433/917/49 429/909/45 430/910/46 434/918/50 
s 2
f 435/919/51 431/920/47 429/921/45 433/922/49 
s 1
f 436/923/52 432/913/48 431/914/47 435/924/51 
s 2
f 434/925/50 430/915/46 432/916/48 436/926/52 
s 1
f 437/927/53 433/917/49 434/918/50 438/928/54 
s 2
f 439/929/55 435/919/51 433/922/49 437/930/53 
s 1
f 440/931/56 436/923/52 435/924/51 439/932/55 
s 2
f 438/933/54 434/934/50 436/935/52 440/936/56 
s 1
f 441/937/57 437/927/53 438/928/54 442/938/58 
s 2
f 443/939/59 439/929/55 437/930/53 441/940/57 
s 1
f 444/941/60 440/931/56 439/932/55 443/942/59 
s 2
f 442/943/58 438/933/54 440/936/56 444/944/60 
s 1
f 445/945/61 441/937/57 442/938/58 446/946/62 
s 2
f 447/947/63 443/939/59 441/940/57 445/948/61 
s 1
f 448/949/64 444/941/60 443/942/59 447/950/63 
s 2
f 446/951/62 442/943/58 444/944/60 448/952/64 
s 1
f 449/953/65 445/945/61 446/946/62 450/954/66 
s 2
f 451/955/67 447/947/63 445/948/61 449/956/65 
s 1
f 452/957/140 448/949/64 447/950/63 451/958/67 
s 2
f 450/959/66 446/951/62 448/952/64 452/960/140 
s 1
f 453/961/69 449/953/65 450/954/66 454/962/141 
s 2
f 455/963/71 451/955/67 449/956/65 453/964/69 
s 1
f 456/965/142 452/957/140 451/958/67 455/966/71 
s 2
f 454/967/141 450/959/66 452/960/140 456/968/142 
s 1
f 457/969/73 453/961/69 454/962/141 458/970/74 
s 2
f 459/971/75 455/963/71 453/964/69 457/972/73 
s 1
f 460/973/143 456/965/142 455/966/71 459/974/75 
s 2
f 458/975/74 454/967/141 456/968/142 460/976/143 
s 1
f 461/977/144 457/969/73 458/970/74 462/978/78 
s 2
f 463/979/145 459/971/75 457/972/73 461/980/144 
s 1
f 464/981/80 460/973/143 459/974/75 463/982/145 
s 2
f 462/983/78 458/975/74 460/976/143 464/984/80 
s 1
f 465/985/146 461/977/144 462/978/78 466/986/82 
s 2
f 467/987/147 463/979/145 461/980/144 465/988/146 
s 1
f 468/989/84 464/981/80 463/982/145 467/990/147 
s 2
f 466/991/82 462/983/78 464/984/80 468/992/84 
s 1
f 469/993/85 465/985/146 466/986/82 470/994/86 
s 2
f 471/995/87 467/996/147 465/997/146 469/998/85 
s 1
f 472/999/88 468/989/84 467/990/147 471/1000/87 
s 2
f 470/1001/86 466/1002/82 468/1003/84 472/1004/88 
s 1
f 473/1005/89 469/993/85 470/994/86 474/1006/90 
s 2
f 475/1007/91 471/995/87 469/998/85 473/1008/89 
s 1
f 476/1009/92 472/999/88 471/1000/87 475/1010/91 
s 2
f 474/1011/90 470/1001/86 472/1004/88 476/1012/92 
s 1
f 477/1013/93 473/1005/89 474/1006/90 478/1014/94 
s 2
f 479/1015/95 475/1007/91 473/1008/89 477/1016/93 
s 1
f 480/1017/96 476/1009/92 475/1010/91 479/1018/95 
s 2
f 478/1019/94 474/1011/90 476/1012/92 480/1020/96 
s 1
f 481/1021/97 477/1013/93 478/1014/94 482/1022/98 
s 2
f 483/1023/99 479/1015/95 477/1016/93 481/1024/97 
s 1
f 484/1025/100 480/1017/96 479/1018/95 483/1026/99 
s 2
f 482/1027/98 478/1019/94 480/1020/96 484/1028/100 
s 1
f 485/1029/101 481/1021/97 482/1022/98 486/1030/102 
s 2
f 487/1031/103 483/1023/99 481/1024/97 485/1032/101 
s 1
f 488/1033/104 484/1025/100 483/1026/99 487/1034/103 
s 2
f 486/1035/102 482/1027/98 484/1028/100 488/1036/104 
s 1
f 489/1037/105 485/1029/101 486/1030/102 490/1038/106 
s 2
f 491/1039/107 487/1031/103 485/1032/101 489/1040/105 
s 1
f 492/1041/108 488/1033/104 487/1034/103 491/1042/107 
s 2
f 490/1043/106 486/1035/102 488/1036/104 492/1044/108 
s 1
f 493/1045/109 489/1037/105 490/1038/106 494/1046/110 
s 2
f 495/1047/111 491/1039/107 489/1040/105 493/1048/109 
s 1
f 496/1049/112 492/1041/108 491/1042/107 495/1050/111 
s 2
f 494/1051/110 490/1043/106 492/1044/108 496/1052/112 
s 1
f 497/1053/113 493/1045/109 494/1046/110 498/1054/114 
s 2
f 499/1055/115 495/1056/111 493/1057/109 497/1058/113 
s 1
f 500/1059/116 496/1049/112 495/1050/111 499/1060/115 
s 2
f 498/1061/114 494/1051/110 496/1052/112 500/1062/116 
s 1
f 501/1063/117 497/1053/113 498/1054/114 502/1064/148 
s 2
f 503/1065/119 499/1055/115 497/1058/113 501/1066/117 
s 1
f 504/1067/149 500/1059/116 499/1060/115 503/1068/119 
s 2
f 502/1069/148 498/1070/114 500/1071/116 504/1072/149 
s 1
f 505/1073/121 501/1063/117 502/1064/148 506/1074/150 
s 2
f 507/1075/123 503/1065/119 501/1066/117 505/1076/121 
s 1
f 508/1077/151 504/1067/149 503/1068/119 507/1078/123 
s 2
f 506/1079/150 502/1069/148 504/1072/149 508/1080/151 
s 1
f 509/1081/125 505/1073/121 506/1074/150 510/1082/126 
s 2
f 511/1083/127 507/1075/123 505/1076/121 509/1084/125 
s 1
f 512/1085/128 508/1077/151 507/1078/123 511/1086/127 
s 2
f 510/1087/126 506/1079/150 508/1080/151 512/1088/128 
s 1
f 386/818/2 509/1081/125 510/1082/126 387/819/129 
s 2
f 390/822/6 511/1083/127 509/1084/125 386/823/2 
s 1
f 392/826/130 512/1085/128 511/1086/127 390/827/6 
s 2
f 387/830/129 510/1087/126 512/1088/128 392/831/130 
s 1
f 513/1089/1 514/1090/2 515/1091/3 516/1092/4 
s 2
f 517/1093/5 518/1094/6 514/1095/2 513/1096/1 
s 1
f 519/1097/7 520/1098/8 518/1099/6 517/1100/5 
s 2
f 516/1101/4 515/1102/3 520/1103/8 519/1104/7 
s 1
f 521/1105/9 513/1089/1 516/1092/4 522/1106/10 
s 2
f 523/1107/11 517/1093/5 513/1096/1 521/1108/9 
s 1
f 524/1109/12 519/1097/7 517/1100/5 523/1110/11 
s 2
f 522/1111/10 516/1101/4 519/1104/7 524/1112/12 
s 1
f 525/1113/13 521/1105/9 522/1106/10 526/1114/14 
s 2
f 527/1115/15 523/1107/11 521/1108/9 525/1116/13 
s 1
f 528/1117/16 524/1109/12 523/1110/11 527/1118/15 
s 2
f 526/1119/14 522/1111/10 524/1112/12 528/1120/16 
s 1
f 529/1121/17 525/1113/13 526/1114/14 530/1122/18 
s 2
f 531/1123/19 527/1115/15 525/1116/13 529/1124/17 
s 1
f 532/1125/20 528/1117/16 527/1118/15 531/1126/19 
s 2
f 530/1127/18 526/1119/14 528/1120/16 532/1128/20 
s 1
f 533/1129/21 529/1121/17 530/1122/18 534/1130/22 
s 2
f 535/1131/23 531/1132/19 529/1133/17 533/1134/21 
s 1
f 536/1135/24 532/1125/20 531/1126/19 535/1136/23 
s 2
f 534/1137/22 530/1138/18 532/1139/20 536/1140/24 
s 1
f 537/1141/25 533/1129/21 534/1130/22 538/1142/26 
s 2
f 539/1143/27 535/1131/23 533/1134/21 537/1144/25 
s 1
f 540/1145/28 536/1135/24 535/1136/23 539/1146/27 
s 2
f 538/1147/26 534/1137/22 536/1140/24 540/1148/28 
s 1
f 541/1149/29 537/1141/25 538/1142/26 542/1150/30 
s 2
f 543/1151/31 539/1143/27 537/1144/25 541/1152/29 
s 1
f 544/1153/32 540/1145/28 539/1146/27 543/1154/31 
s 2
f 542/1155/30 538/1147/26 540/1148/28 544/1156/32 
s 1
f 545/1157/33 541/1149/29 542/1150/30 546/1158/34 
s 2
f 547/1159/35 543/1151/31 541/1152/29 545/1160/33 
s 1
f 548/1161/36 544/1153/32 543/1154/31 547/1162/35 
s 2
f 546/1163/34 542/1155/30 544/1156/32 548/1164/36 
s 1
f 549/1165/37 545/1157/33 546/1158/34 550/1166/38 
s 2
f 551/1167/39 547/1159/35 545/1160/33 549/1168/37 
s 1
f 552/1169/40 548/1161/36 547/1162/35 551/1170/39 
s 2
f 550/1171/38 546/1163/34 548/1164/36 552/1172/40 
s 1
f 553/1173/41 549/1165/37 550/1166/38 554/1174/42 
s 2
f 555/1175/43 551/1167/39 549/1168/37 553/1176/41 
s 1
f 556/1177/44 552/1169/40 551/1170/39 555/1178/43 
s 2
f 554/1179/42 550/1171/38 552/1172/40 556/1180/44 
s 1
f 557/1181/45 553/1173/41 554/1174/42 558/1182/46 
s 2
f 559/1183/47 555/1175/43 553/1176/41 557/1184/45 
s 1
f 560/1185/48 556/1177/44 555/1178/43 559/1186/47 
s 2
f 558/1187/46 554/1179/42 556/1180/44 560/1188/48 
s 1
f 561/1189/49 557/1181/45 558/1182/46 562/1190/50 
s 2
f 563/1191/51 559/1192/47 557/1193/45 561/1194/49 
s 1
f 564/1195/52 560/1185/48 559/1186/47 563/1196/51 
s 2
f 562/1197/50 558/1187/46 560/1188/48 564/1198/52 
s 1
f 565/1199/53 561/1189/49 562/1190/50 566/1200/54 
s 2
f 567/1201/55 563/1191/51 561/1194/49 565/1202/53 
s 1
f 568/1203/56 564/1195/52 563/1196/51 567/1204/55 
s 2
f 566/1205/54 562/1206/50 564/1207/52 568/1208/56 
s 1
f 569/1209/57 565/1199/53 566/1200/54 570/1210/58 
s 2
f 571/1211/59 567/1201/55 565/1202/53 569/1212/57 
s 1
f 572/1213/60 568/1203/56 567/1204/55 571/1214/59 
s 2
f 570/1215/58 566/1205/54 568/1208/56 572/1216/60 
s 1
f 573/1217/61 569/1209/57 570/1210/58 574/1218/62 
s 2
f 575/1219/63 571/1211/59 569/1212/57 573/1220/61 
s 1
f 576/1221/64 572/1213/60 571/1214/59 575/1222/63 
s 2
f 574/1223/62 570/1215/58 572/1216/60 576/1224/64 
s 1
f 577/1225/65 573/1217/61 574/1218/62 578/1226/66 
s 2
f 579/1227/67 575/1219/63 573/1220/61 577/1228/65 
s 1
f 580/1229/68 576/1221/64 575/1222/63 579/1230/67 
s 2
f 578/1231/66 574/1223/62 576/1224/64 580/1232/68 
s 1
f 581/1233/69 577/1225/65 578/1226/66 582/1234/70 
s 2
f 583/1235/71 579/1227/67 577/1228/65 581/1236/69 
s 1
f 584/1237/72 580/1229/68 579/1230/67 583/1238/71 
s 2
f 582/1239/70 578/1231/66 580/1232/68 584/1240/72 
s 1
f 585/1241/73 581/1233/69 582/1234/70 586/1242/74 
s 2
f 587/1243/75 583/1235/71 581/1236/69 585/1244/73 
s 1
f 588/1245/76 584/1237/72 583/1238/71 587/1246/75 
s 2
f 586/1247/74 582/1239/70 584/1240/72 588/1248/76 
s 1
f 589/1249/77 585/1241/73 586/1242/74 590/1250/78 
s 2
f 591/1251/79 587/1243/75 585/1244/73 589/1252/77 
s 1
f 592/1253/80 588/1245/76 587/1246/75 591/1254/79 
s 2
f 590/1255/78 586/1247/74 588/1248/76 592/1256/80 
s 1
f 593/1257/81 589/1249/77 590/1250/78 594/1258/82 
s 2
f 595/1259/83 591/1251/79 589/1252/77 593/1260/81 
s 1
f 596/1261/84 592/1253/80 591/1254/79 595/1262/83 
s 2
f 594/1263/82 590/1255/78 592/1256/80 596/1264/84 
s 1
f 597/1265/85 593/1257/81 594/1258/82 598/1266/86 
s 2
f 599/1267/87 595/1268/83 593/1269/81 597/1270/85 
s 1
f 600/1271/88 596/1261/84 595/1262/83 599/1272/87 
s 2
f 598/1273/86 594/1274/82 596/1275/84 600/1276/88 
s 1
f 601/1277/89 597/1265/85 598/1266/86 602/1278/90 
s 2
f 603/1279/91 599/1267/87 597/1270/85 601/1280/89 
s 1
f 604/1281/92 600/1271/88 599/1272/87 603/1282/91 
s 2
f 602/1283/90 598/1273/86 600/1276/88 604/1284/92 
s 1
f 605/1285/93 601/1277/89 602/1278/90 606/1286/94 
s 2
f 607/1287/95 603/1279/91 601/1280/89 605/1288/93 
s 1
f 608/1289/96 604/1281/92 603/1282/91 607/1290/95 
s 2
f 606/1291/94 602/1283/90 604/1284/92 608/1292/96 
s 1
f 609/1293/97 605/1285/93 606/1286/94 610/1294/98 
s 2
f 611/1295/99 607/1287/95 605/1288/93 609/1296/97 
s 1
f 612/1297/100 608/1289/96 607/1290/95 611/1298/99 
s 2
f 610/1299/98 606/1291/94 608/1292/96 612/1300/100 
s 1
f 613/1301/101 609/1293/97 610/1294/98 614/1302/102 
s 2
f 615/1303/103 611/1295/99 609/1296/97 613/1304/101 
s 1
f 616/1305/104 612/1297/100 611/1298/99 615/1306/103 
s 2
f 614/1307/102 610/1299/98 612/1300/100 616/1308/104 
s 1
f 617/1309/105 613/1301/101 614/1302/102 618/1310/106 
s 2
f 619/1311/107 615/1303/103 613/1304/101 617/1312/105 
s 1
f 620/1313/108 616/1305/104 615/1306/103 619/1314/107 
s 2
f 618/1315/106 614/1307/102 616/1308/104 620/1316/108 
s 1
f 621/1317/109 617/1309/105 618/1310/106 622/1318/110 
s 2
f 623/1319/111 619/1311/107 617/1312/105 621/1320/109 
s 1
f 624/1321/112 620/1313/108 619/1314/107 623/1322/111 
s 2
f 622/1323/110 618/1315/106 620/1316/108 624/1324/112 
s 1
f 625/1325/113 621/1317/109 622/1318/110 626/1326/114 
s 2
f 627/1327/115 623/1328/111 621/1329/109 625/1330/113 
s 1
f 628/1331/116 624/1321/112 623/1322/111 627/1332/115 
s 2
f 626/1333/114 622/1323/110 624/1324/112 628/1334/116 
s 1
f 629/1335/117 625/1325/113 626/1326/114 630/1336/118 
s 2
f 631/1337/119 627/1327/115 625/1330/113 629/1338/117 
s 1
f 632/1339/120 628/1331/116 627/1332/115 631/1340/119 
s 2
f 630/1341/118 626/1342/114 628/1343/116 632/1344/120 
s 1
f 633/1345/121 629/1335/117 630/1336/118 634/1346/122 
s 2
f 635/1347/123 631/1337/119 629/1338/117 633/1348/121 
s 1
f 636/1349/124 632/1339/120 631/1340/119 635/1350/123 
s 2
f 634/1351/122 630/1341/118 632/1344/120 636/1352/124 
s 1
f 637/1353/125 633/1345/121 634/1346/122 638/1354/126 
s 2
f 639/1355/127 635/1347/123 633/1348/121 637/1356/125 
s 1
f 640/1357/128 636/1349/124 635/1350/123 639/1358/127 
s 2
f 638/1359/126 634/1351/122 636/1352/124 640/1360/128 
s 1
f 514/1090/2 637/1353/125 638/1354/126 515/1091/3 
s 2
f 518/1094/6 639/1355/127 637/1356/125 514/1095/2 
s 1
f 520/1098/8 640/1357/128 639/1358/127 518/1099/6 
s 2
f 515/1102/3 638/1359/126 640/1360/128 520/1103/8 
s 1
f 641/1361/1 642/1362/2 643/1363/3 644/1364/4 
s 2
f 645/1365/5 646/1366/6 642/1367/2 641/1368/1 
s 1
f 647/1369/7 648/1370/8 646/1371/6 645/1372/5 
s 2
f 644/1373/4 643/1374/3 648/1375/8 647/1376/7 
s 1
f 649/1377/9 641/1361/1 644/1364/4 650/1378/10 
s 2
f 651/1379/11 645/1365/5 641/1368/1 649/1380/9 
s 1
f 652/1381/12 647/1369/7 645/1372/5 651/1382/11 
s 2
f 650/1383/10 644/1373/4 647/1376/7 652/1384/12 
s 1
f 653/1385/13 649/1377/9 650/1378/10 654/1386/14 
s 2
f 655/1387/15 651/1379/11 649/1380/9 653/1388/13 
s 1
f 656/1389/16 652/1381/12 651/1382/11 655/1390/15 
s 2
f 654/1391/14 650/1383/10 652/1384/12 656/1392/16 
s 1
f 657/1393/17 653/1385/13 654/1386/14 658/1394/18 
s 2
f 659/1395/19 655/1387/15 653/1388/13 657/1396/17 
s 1
f 660/1397/20 656/1389/16 655/1390/15 659/1398/19 
s 2
f 658/1399/18 654/1391/14 656/1392/16 660/1400/20 
s 1
f 661/1401/21 657/1393/17 658/1394/18 662/1402/22 
s 2
f 663/1403/23 659/1404/19 657/1405/17 661/1406/21 
s 1
f 664/1407/24 660/1397/20 659/1398/19 663/1408/23 
s 2
f 662/1409/22 658/1410/18 660/1411/20 664/1412/24 
s 1
f 665/1413/25 661/1401/21 662/1402/22 666/1414/26 
s 2
f 667/1415/27 663/1403/23 661/1406/21 665/1416/25 
s 1
f 668/1417/28 664/1407/24 663/1408/23 667/1418/27 
s 2
f 666/1419/26 662/1409/22 664/1412/24 668/1420/28 
s 1
f 669/1421/29 665/1413/25 666/1414/26 670/1422/30 
s 2
f 671/1423/31 667/1415/27 665/1416/25 669/1424/29 
s 1
f 672/1425/32 668/1417/28 667/1418/27 671/1426/31 
s 2
f 670/1427/30 666/1419/26 668/1420/28 672/1428/32 
s 1
f 673/1429/33 669/1421/29 670/1422/30 674/1430/34 
s 2
f 675/1431/35 671/1423/31 669/1424/29 673/1432/33 
s 1
f 676/1433/36 672/1425/32 671/1426/31 675/1434/35 
s 2
f 674/1435/34 670/1427/30 672/1428/32 676/1436/36 
s 1
f 677/1437/37 673/1429/33 674/1430/34 678/1438/38 
s 2
f 679/1439/39 675/1431/35 673/1432/33 677/1440/37 
s 1
f 680/1441/40 676/1433/36 675/1434/35 679/1442/39 
s 2
f 678/1443/38 674/1435/34 676/1436/36 680/1444/40 
s 1
f 681/1445/41 677/1437/37 678/1438/38 682/1446/42 
s 2
f 683/1447/43 679/1439/39 677/1440/37 681/1448/41 
s 1
f 684/1449/44 680/1441/40 679/1442/39 683/1450/43 
s 2
f 682/1451/42 678/1443/38 680/1444/40 684/1452/44 
s 1
f 685/1453/45 681/1445/41 682/1446/42 686/1454/46 
s 2
f 687/1455/47 683/1447/43 681/1448/41 685/1456/45 
s 1
f 688/1457/48 684/1449/44 683/1450/43 687/1458/47 
s 2
f 686/1459/46 682/1451/42 684/1452/44 688/1460/48 
s 1
f 689/1461/49 685/1453/45 686/1454/46 690/1462/50 
s 2
f 691/1463/51 687/1464/47 685/1465/45 689/1466/49 
s 1
f 692/1467/52 688/1457/48 687/1458/47 691/1468/51 
s 2
f 690/1469/50 686/1459/46 688/1460/48 692/1470/52 
s 1
f 693/1471/53 689/1461/49 690/1462/50 694/1472/54 
s 2
f 695/1473/55 691/1463/51 689/1466/49 693/1474/53 
s 1
f 696/1475/56 692/1467/52 691/1468/51 695/1476/55 
s 2
f 694/1477/54 690/1478/50 692/1479/52 696/1480/56 
s 1
f 697/1481/57 693/1471/53 694/1472/54 698/1482/58 
s 2
f 699/1483/59 695/1473/55 693/1474/53 697/1484/57 
s 1
f 700/1485/60 696/1475/56 695/1476/55 699/1486/59 
s 2
f 698/1487/58 694/1477/54 696/1480/56 700/1488/60 
s 1
f 701/1489/61 697/1481/57 698/1482/58 702/1490/62 
s 2
f 703/1491/63 699/1483/59 697/1484/57 701/1492/61 
s 1
f 704/1493/64 700/1485/60 699/1486/59 703/1494/63 
s 2
f 702/1495/62 698/1487/58 700/1488/60 704/1496/64 
s 1
f 705/1497/65 701/1489/61 702/1490/62 706/1498/66 
s 2
f 707/1499/67 703/1491/63 701/1492/61 705/1500/65 
s 1
f 708/1501/68 704/1493/64 703/1494/63 707/1502/67 
s 2
f 706/1503/66 702/1495/62 704/1496/64 708/1504/68 
s 1
f 709/1505/69 705/1497/65 706/1498/66 710/1506/70 
s 2
f 711/1507/71 707/1499/67 705/1500/65 709/1508/69 
s 1
f 712/1509/72 708/1501/68 707/1502/67 711/1510/71 
s 2
f 710/1511/70 706/1503/66 708/1504/68 712/1512/72 
s 1
f 713/1513/73 709/1505/69 710/1506/70 714/1514/74 
s 2
f 715/1515/75 711/1507/71 709/1508/69 713/1516/73 
s 1
f 716/1517/76 712/1509/72 711/1510/71 715/1518/75 
s 2
f 714/1519/74 710/1511/70 712/1512/72 716/1520/76 
s 1
f 717/1521/77 713/1513/73 714/1514/74 718/1522/78 
s 2
f 719/1523/79 715/1515/75 713/1516/73 717/1524/77 
s 1
f 720/1525/80 716/1517/76 715/1518/75 719/1526/79 
s 2
f 718/1527/78 714/1519/74 716/1520/76 720/1528/80 
s 1
f 721/1529/81 717/1521/77 718/1522/78 722/1530/82 
s 2
f 723/1531/83 719/1523/79 717/1524/77 721/1532/81 
s 1
f 724/1533/84 720/1525/80 719/1526/79 723/1534/83 
s 2
f 722/1535/82 718/1527/78 720/1528/80 724/1536/84 
s 1
f 725/1537/85 721/1529/81 722/1530/82 726/1538/86 
s 2
f 727/1539/87 723/1540/83 721/1541/81 725/1542/85 
s 1
f 728/1543/88 724/1533/84 723/1534/83 727/1544/87 
s 2
f 726/1545/86 722/1546/82 724/1547/84 728/1548/88 
s 1
f 729/1549/89 725/1537/85 726/1538/86 730/1550/90 
s 2
f 731/1551/91 727/1539/87 725/1542/85 729/1552/89 
s 1
f 732/1553/92 728/1543/88 727/1544/87 731/1554/91 
s 2
f 730/1555/90 726/1545/86 728/1548/88 732/1556/92 
s 1
f 733/1557/93 729/1549/89 730/1550/90 734/1558/94 
s 2
f 735/1559/95 731/1551/91 729/1552/89 733/1560/93 
s 1
f 736/1561/96 732/1553/92 731/1554/91 735/1562/95 
s 2
f 734/1563/94 730/1555/90 732/1556/92 736/1564/96 
s 1
f 737/1565/97 733/1557/93 734/1558/94 738/1566/98 
s 2
f 739/1567/99 735/1559/95 733/1560/93 737/1568/97 
s 1
f 740/1569/100 736/1561/96 735/1562/95 739/1570/99 
s 2
f 738/1571/98 734/1563/94 736/1564/96 740/1572/100 
s 1
f 741/1573/101 737/1565/97 738/1566/98 742/1574/102 
s 2
f 743/1575/103 739/1567/99 737/1568/97 741/1576/101 
s 1
f 744/1577/104 740/1569/100 739/1570/99 743/1578/103 
s 2
f 742/1579/102 738/1571/98 740/1572/100 744/1580/104 
s 1
f 745/1581/105 741/1573/101 742/1574/102 746/1582/106 
s 2
f 747/1583/107 743/1575/103 741/1576/101 745/1584/105 
s 1
f 748/1585/108 744/1577/104 743/1578/103 747/1586/107 
s 2
f 746/1587/106 742/1579/102 744/1580/104 748/1588/108 
s 1
f 749/1589/109 745/1581/105 746/1582/106 750/1590/110 
s 2
f 751/1591/111 747/1583/107 745/1584/105 749/1592/109 
s 1
f 752/1593/112 748/1585/108 747/1586/107 751/1594/111 
s 2
f 750/1595/110 746/1587/106 748/1588/108 752/1596/112 
s 1
f 753/1597/113 749/1589/109 750/1590/110 754/1598/114 
s 2
f 755/1599/115 751/1600/111 749/1601/109 753/1602/113 
s 1
f 756/1603/116 752/1593/112 751/1594/111 755/1604/115 
s 2
f 754/1605/114 750/1595/110 752/1596/112 756/1606/116 
s 1
f 757/1607/117 753/1597/113 754/1598/114 758/1608/118 
s 2
f 759/1609/119 755/1599/115 753/1602/113 757/1610/117 
s 1
f 760/1611/120 756/1603/116 755/1604/115 759/1612/119 
s 2
f 758/1613/118 754/1614/114 756/1615/116 760/1616/120 
s 1
f 761/1617/121 757/1607/117 758/1608/118 762/1618/122 
s 2
f 763/1619/123 759/1609/119 757/1610/117 761/1620/121 
s 1
f 764/1621/124 760/1611/120 759/1612/119 763/1622/123 
s 2
f 762/1623/122 758/1613/118 760/1616/120 764/1624/124 
s 1
f 765/1625/125 761/1617/121 762/1618/122 766/1626/126 
s 2
f 767/1627/127 763/1619/123 761/1620/121 765/1628/125 
s 1
f 768/1629/128 764/1621/124 763/1622/123 767/1630/127 
s 2
f 766/1631/126 762/1623/122 764/1624/124 768/1632/128 
s 1
f 642/1362/2 765/1625/125 766/1626/126 643/1363/3 
s 2
f 646/1366/6 767/1627/127 765/1628/125 642/1367/2 
s 1
f 648/1370/8 768/1629/128 767/1630/127 646/1371/6 
s 2
f 643/1374/3 766/1631/126 768/1632/128 648/1375/8 
s 1
f 769/1633/1 770/1634/2 771/1635/129 772/1636/4 
s 2
f 773/1637/5 774/1638/6 770/1639/2 769/1640/1 
s 1
f 775/1641/7 776/1642/130 774/1643/6 773/1644/5 
s 2
f 772/1645/4 771/1646/129 776/1647/130 775/1648/7 
s 1
f 777/1649/9 769/1633/1 772/1636/4 778/1650/152 
s 2
f 779/1651/11 773/1637/5 769/1640/1 777/1652/9 
s 1
f 780/1653/132 775/1641/7 773/1644/5 779/1654/11 
s 2
f 778/1655/152 772/1645/4 775/1648/7 780/1656/132 
s 1
f 781/1657/13 777/1649/9 778/1650/152 782/1658/14 
s 2
f 783/1659/153 779/1651/11 777/1652/9 781/1660/13 
s 1
f 784/1661/133 780/1653/132 779/1654/11 783/1662/153 
s 2
f 782/1663/14 778/1655/152 780/1656/132 784/1664/133 
s 1
f 785/1665/17 781/1657/13 782/1658/14 786/1666/18 
s 2
f 787/1667/154 783/1659/153 781/1660/13 785/1668/17 
s 1
f 788/1669/20 784/1661/133 783/1662/153 787/1670/154 
s 2
f 786/1671/18 782/1663/14 784/1664/133 788/1672/20 
s 1
f 789/1673/21 785/1665/17 786/1666/18 790/1674/22 
s 2
f 791/1675/23 787/1676/154 785/1677/17 789/1678/21 
s 1
f 792/1679/24 788/1669/20 787/1670/154 791/1680/23 
s 2
f 790/1681/22 786/1682/18 788/1683/20 792/1684/24 
s 1
f 793/1685/25 789/1673/21 790/1674/22 794/1686/26 
s 2
f 795/1687/27 791/1675/23 789/1678/21 793/1688/25 
s 1
f 796/1689/28 792/1679/24 791/1680/23 795/1690/27 
s 2
f 794/1691/26 790/1681/22 792/1684/24 796/1692/28 
s 1
f 797/1693/29 793/1685/25 794/1686/26 798/1694/30 
s 2
f 799/1695/31 795/1687/27 793/1688/25 797/1696/29 
s 1
f 800/1697/32 796/1689/28 795/1690/27 799/1698/31 
s 2
f 798/1699/30 794/1691/26 796/1692/28 800/1700/32 
s 1
f 801/1701/33 797/1693/29 798/1694/30 802/1702/34 
s 2
f 803/1703/35 799/1695/31 797/1696/29 801/1704/33 
s 1
f 804/1705/36 800/1697/32 799/1698/31 803/1706/35 
s 2
f 802/1707/34 798/1699/30 800/1700/32 804/1708/36 
s 1
f 805/1709/37 801/1701/33 802/1702/34 806/1710/38 
s 2
f 807/1711/39 803/1703/35 801/1704/33 805/1712/37 
s 1
f 808/1713/40 804/1705/36 803/1706/35 807/1714/39 
s 2
f 806/1715/38 802/1707/34 804/1708/36 808/1716/40 
s 1
f 809/1717/41 805/1709/37 806/1710/38 810/1718/42 
s 2
f 811/1719/43 807/1711/39 805/1712/37 809/1720/41 
s 1
f 812/1721/44 808/1713/40 807/1714/39 811/1722/43 
s 2
f 810/1723/42 806/1715/38 808/1716/40 812/1724/44 
s 1
f 813/1725/45 809/1717/41 810/1718/42 814/1726/46 
s 2
f 815/1727/47 811/1719/43 809/1720/41 813/1728/45 
s 1
f 816/1729/48 812/1721/44 811/1722/43 815/1730/47 
s 2
f 814/1731/46 810/1723/42 812/1724/44 816/1732/48 
s 1
f 817/1733/49 813/1725/45 814/1726/46 818/1734/50 
s 2
f 819/1735/51 815/1736/47 813/1737/45 817/1738/49 
s 1
f 820/1739/52 816/1729/48 815/1730/47 819/1740/51 
s 2
f 818/1741/50 814/1731/46 816/1732/48 820/1742/52 
s 1
f 821/1743/53 817/1733/49 818/1734/50 822/1744/155 
s 2
f 823/1745/55 819/1735/51 817/1738/49 821/1746/53 
s 1
f 824/1747/156 820/1739/52 819/1740/51 823/1748/55 
s 2
f 822/1749/155 818/1750/50 820/1751/52 824/1752/156 
s 1
f 825/1753/57 821/1743/53 822/1744/155 826/1754/157 
s 2
f 827/1755/59 823/1745/55 821/1746/53 825/1756/57 
s 1
f 828/1757/158 824/1747/156 823/1748/55 827/1758/59 
s 2
f 826/1759/157 822/1749/155 824/1752/156 828/1760/158 
s 1
f 829/1761/61 825/1753/57 826/1754/157 830/1762/62 
s 2
f 831/1763/63 827/1755/59 825/1756/57 829/1764/61 
s 1
f 832/1765/64 828/1757/158 827/1758/59 831/1766/63 
s 2
f 830/1767/62 826/1759/157 828/1760/158 832/1768/64 
s 1
f 833/1769/65 829/1761/61 830/1762/62 834/1770/159 
s 2
f 835/1771/67 831/1763/63 829/1764/61 833/1772/65 
s 1
f 836/1773/140 832/1765/64 831/1766/63 835/1774/67 
s 2
f 834/1775/159 830/1767/62 832/1768/64 836/1776/140 
s 1
f 837/1777/69 833/1769/65 834/1770/159 838/1778/70 
s 2
f 839/1779/71 835/1771/67 833/1772/65 837/1780/69 
s 1
f 840/1781/142 836/1773/140 835/1774/67 839/1782/71 
s 2
f 838/1783/70 834/1775/159 836/1776/140 840/1784/142 
s 1
f 841/1785/73 837/1777/69 838/1778/70 842/1786/160 
s 2
f 843/1787/75 839/1779/71 837/1780/69 841/1788/73 
s 1
f 844/1789/161 840/1781/142 839/1782/71 843/1790/75 
s 2
f 842/1791/160 838/1783/70 840/1784/142 844/1792/161 
s 1
f 845/1793/77 841/1785/73 842/1786/160 846/1794/162 
s 2
f 847/1795/79 843/1787/75 841/1788/73 845/1796/77 
s 1
f 848/1797/163 844/1789/161 843/1790/75 847/1798/79 
s 2
f 846/1799/162 842/1791/160 844/1792/161 848/1800/163 
s 1
f 849/1801/81 845/1793/77 846/1794/162 850/1802/82 
s 2
f 851/1803/83 847/1795/79 845/1796/77 849/1804/81 
s 1
f 852/1805/84 848/1797/163 847/1798/79 851/1806/83 
s 2
f 850/1807/82 846/1799/162 848/1800/163 852/1808/84 
s 1
f 853/1809/85 849/1801/81 850/1802/82 854/1810/164 
s 2
f 855/1811/87 851/1812/83 849/1813/81 853/1814/85 
s 1
f 856/1815/165 852/1805/84 851/1806/83 855/1816/87 
s 2
f 854/1817/164 850/1818/82 852/1819/84 856/1820/165 
s 1
f 857/1821/89 853/1809/85 854/1810/164 858/1822/90 
s 2
f 859/1823/91 855/1811/87 853/1814/85 857/1824/89 
s 1
f 860/1825/92 856/1815/165 855/1816/87 859/1826/91 
s 2
f 858/1827/90 854/1817/164 856/1820/165 860/1828/92 
s 1
f 861/1829/93 857/1821/89 858/1822/90 862/1830/94 
s 2
f 863/1831/95 859/1823/91 857/1824/89 861/1832/93 
s 1
f 864/1833/96 860/1825/92 859/1826/91 863/1834/95 
s 2
f 862/1835/94 858/1827/90 860/1828/92 864/1836/96 
s 1
f 865/1837/97 861/1829/93 862/1830/94 866/1838/98 
s 2
f 867/1839/99 863/1831/95 861/1832/93 865/1840/97 
s 1
f 868/1841/100 864/1833/96 863/1834/95 867/1842/99 
s 2
f 866/1843/98 862/1835/94 864/1836/96 868/1844/100 
s 1
f 869/1845/101 865/1837/97 866/1838/98 870/1846/166 
s 2
f 871/1847/103 867/1839/99 865/1840/97 869/1848/101 
s 1
f 872/1849/104 868/1841/100 867/1842/99 871/1850/103 
s 2
f 870/1851/166 866/1843/98 868/1844/100 872/1852/104 
s 1
f 873/1853/105 869/1845/101 870/1846/166 874/1854/167 
s 2
f 875/1855/107 871/1847/103 869/1848/101 873/1856/105 
s 1
f 876/1857/168 872/1849/104 871/1850/103 875/1858/107 
s 2
f 874/1859/167 870/1851/166 872/1852/104 876/1860/168 
s 1
f 877/1861/109 873/1853/105 874/1854/167 878/1862/110 
s 2
f 879/1863/111 875/1855/107 873/1856/105 877/1864/109 
s 1
f 880/1865/112 876/1857/168 875/1858/107 879/1866/111 
s 2
f 878/1867/110 874/1859/167 876/1860/168 880/1868/112 
s 1
f 881/1869/113 877/1861/109 878/1862/110 882/1870/114 
s 2
f 883/1871/115 879/1872/111 877/1873/109 881/1874/113 
s 1
f 884/1875/116 880/1865/112 879/1866/111 883/1876/115 
s 2
f 882/1877/114 878/1867/110 880/1868/112 884/1878/116 
s 1
f 885/1879/117 881/1869/113 882/1870/114 886/1880/118 
s 2
f 887/1881/119 883/1871/115 881/1874/113 885/1882/117 
s 1
f 888/1883/120 884/1875/116 883/1876/115 887/1884/119 
s 2
f 886/1885/118 882/1886/114 884/1887/116 888/1888/120 
s 1
f 889/1889/121 885/1879/117 886/1880/118 890/1890/122 
s 2
f 891/1891/123 887/1881/119 885/1882/117 889/1892/121 
s 1
f 892/1893/124 888/1883/120 887/1884/119 891/1894/123 
s 2
f 890/1895/122 886/1885/118 888/1888/120 892/1896/124 
s 1
f 893/1897/125 889/1889/121 890/1890/122 894/1898/126 
s 2
f 895/1899/127 891/1891/123 889/1892/121 893/1900/125 
s 1
f 896/1901/128 892/1893/124 891/1894/123 895/1902/127 
s 2
f 894/1903/126 890/1895/122 892/1896/124 896/1904/128 
s 1
f 770/1634/2 893/1897/125 894/1898/126 771/1635/129 
s 2
f 774/1638/6 895/1899/127 893/1900/125 770/1639/2 
s 1
f 776/1642/130 896/1901/128 895/1902/127 774/1643/6 
s 2
f 771/1646/129 894/1903/126 896/1904/128 776/1647/130 
s 1
f 897/1905/1 898/1906/2 899/1907/129 900/1908/4 
s 2
f 901/1909/5 902/1910/6 898/1911/2 897/1912/1 
s 1
f 903/1913/7 904/1914/130 902/1915/6 901/1916/5 
s 2
f 900/1917/4 899/1918/129 904/1919/130 903/1920/7 
s 1
f 905/1921/9 897/1905/1 900/1908/4 906/1922/131 
s 2
f 907/1923/11 901/1909/5 897/1912/1 905/1924/9 
s 1
f 908/1925/132 903/1913/7 901/1916/5 907/1926/11 
s 2
f 906/1927/131 900/1917/4 903/1920/7 908/1928/132 
s 1
f 909/1929/13 905/1921/9 906/1922/131 910/1930/14 
s 2
f 911/1931/153 907/1923/11 905/1924/9 909/1932/13 
s 1
f 912/1933/133 908/1925/132 907/1926/11 911/1934/153 
s 2
f 910/1935/14 906/1927/131 908/1928/132 912/1936/133 
s 1
f 913/1937/17 909/1929/13 910/1930/14 914/1938/18 
s 2
f 915/1939/154 911/1931/153 909/1932/13 913/1940/17 
s 1
f 916/1941/20 912/1933/133 911/1934/153 915/1942/154 
s 2
f 914/1943/18 910/1935/14 912/1936/133 916/1944/20 
s 1
f 917/1945/21 913/1937/17 914/1938/18 918/1946/22 
s 2
f 919/1947/23 915/1948/154 913/1949/17 917/1950/21 
s 1
f 920/1951/24 916/1941/20 915/1942/154 919/1952/23 
s 2
f 918/1953/22 914/1954/18 916/1955/20 920/1956/24 
s 1
f 921/1957/25 917/1945/21 918/1946/22 922/1958/26 
s 2
f 923/1959/27 919/1947/23 917/1950/21 921/1960/25 
s 1
f 924/1961/28 920/1951/24 919/1952/23 923/1962/27 
s 2
f 922/1963/26 918/1953/22 920/1956/24 924/1964/28 
s 1
f 925/1965/29 921/1957/25 922/1958/26 926/1966/30 
s 2
f 927/1967/31 923/1959/27 921/1960/25 925/1968/29 
s 1
f 928/1969/32 924/1961/28 923/1962/27 927/1970/31 
s 2
f 926/1971/30 922/1963/26 924/1964/28 928/1972/32 
s 1
f 929/1973/33 925/1965/29 926/1966/30 930/1974/34 
s 2
f 931/1975/35 927/1967/31 925/1968/29 929/1976/33 
s 1
f 932/1977/36 928/1969/32 927/1970/31 931/1978/35 
s 2
f 930/1979/34 926/1971/30 928/1972/32 932/1980/36 
s 1
f 933/1981/37 929/1973/33 930/1974/34 934/1982/136 
s 2
f 935/1983/39 931/1975/35 929/1976/33 933/1984/37 
s 1
f 936/1985/137 932/1977/36 931/1978/35 935/1986/39 
s 2
f 934/1987/136 930/1979/34 932/1980/36 936/1988/137 
s 1
f 937/1989/41 933/1981/37 934/1982/136 938/1990/138 
s 2
f 939/1991/43 935/1983/39 933/1984/37 937/1992/41 
s 1
f 940/1993/139 936/1985/137 935/1986/39 939/1994/43 
s 2
f 938/1995/138 934/1987/136 936/1988/137 940/1996/139 
s 1
f 941/1997/45 937/1989/41 938/1990/138 942/1998/46 
s 2
f 943/1999/47 939/1991/43 937/1992/41 941/2000/45 
s 1
f 944/2001/48 940/1993/139 939/1994/43 943/2002/47 
s 2
f 942/2003/46 938/1995/138 940/1996/139 944/2004/48 
s 1
f 945/2005/49 941/1997/45 942/1998/46 946/2006/50 
s 2
f 947/2007/51 943/2008/47 941/2009/45 945/2010/49 
s 1
f 948/2011/52 944/2001/48 943/2002/47 947/2012/51 
s 2
f 946/2013/50 942/2003/46 944/2004/48 948/2014/52 
s 1
f 949/2015/53 945/2005/49 946/2006/50 950/2016/54 
s 2
f 951/2017/55 947/2007/51 945/2010/49 949/2018/53 
s 1
f 952/2019/56 948/2011/52 947/2012/51 951/2020/55 
s 2
f 950/2021/54 946/2022/50 948/2023/52 952/2024/56 
s 1
f 953/2025/57 949/2015/53 950/2016/54 954/2026/58 
s 2
f 955/2027/59 951/2017/55 949/2018/53 953/2028/57 
s 1
f 956/2029/60 952/2019/56 951/2020/55 955/2030/59 
s 2
f 954/2031/58 950/2021/54 952/2024/56 956/2032/60 
s 1
f 957/2033/61 953/2025/57 954/2026/58 958/2034/62 
s 2
f 959/2035/63 955/2027/59 953/2028/57 957/2036/61 
s 1
f 960/2037/64 956/2029/60 955/2030/59 959/2038/63 
s 2
f 958/2039/62 954/2031/58 956/2032/60 960/2040/64 
s 1
f 961/2041/65 957/2033/61 958/2034/62 962/2042/159 
s 2
f 963/2043/67 959/2035/63 957/2036/61 961/2044/65 
s 1
f 964/2045/140 960/2037/64 959/2038/63 963/2046/67 
s 2
f 962/2047/159 958/2039/62 960/2040/64 964/2048/140 
s 1
f 965/2049/69 961/2041/65 962/2042/159 966/2050/70 
s 2
f 967/2051/71 963/2043/67 961/2044/65 965/2052/69 
s 1
f 968/2053/142 964/2045/140 963/2046/67 967/2054/71 
s 2
f 966/2055/70 962/2047/159 964/2048/140 968/2056/142 
s 1
f 969/2057/73 965/2049/69 966/2050/70 970/2058/160 
s 2
f 971/2059/75 967/2051/71 965/2052/69 969/2060/73 
s 1
f 972/2061/161 968/2053/142 967/2054/71 971/2062/75 
s 2
f 970/2063/160 966/2055/70 968/2056/142 972/2064/161 
s 1
f 973/2065/144 969/2057/73 970/2058/160 974/2066/162 
s 2
f 975/2067/145 971/2059/75 969/2060/73 973/2068/144 
s 1
f 976/2069/163 972/2061/161 971/2062/75 975/2070/145 
s 2
f 974/2071/162 970/2063/160 972/2064/161 976/2072/163 
s 1
f 977/2073/146 973/2065/144 974/2066/162 978/2074/82 
s 2
f 979/2075/147 975/2067/145 973/2068/144 977/2076/146 
s 1
f 980/2077/84 976/2069/163 975/2070/145 979/2078/147 
s 2
f 978/2079/82 974/2071/162 976/2072/163 980/2080/84 
s 1
f 981/2081/85 977/2073/146 978/2074/82 982/2082/164 
s 2
f 983/2083/87 979/2084/147 977/2085/146 981/2086/85 
s 1
f 984/2087/165 980/2077/84 979/2078/147 983/2088/87 
s 2
f 982/2089/164 978/2090/82 980/2091/84 984/2092/165 
s 1
f 985/2093/89 981/2081/85 982/2082/164 986/2094/90 
s 2
f 987/2095/91 983/2083/87 981/2086/85 985/2096/89 
s 1
f 988/2097/92 984/2087/165 983/2088/87 987/2098/91 
s 2
f 986/2099/90 982/2089/164 984/2092/165 988/2100/92 
s 1
f 989/2101/93 985/2093/89 986/2094/90 990/2102/94 
s 2
f 991/2103/95 987/2095/91 985/2096/89 989/2104/93 
s 1
f 992/2105/96 988/2097/92 987/2098/91 991/2106/95 
s 2
f 990/2107/94 986/2099/90 988/2100/92 992/2108/96 
s 1
f 993/2109/97 989/2101/93 990/2102/94 994/2110/98 
s 2
f 995/2111/99 991/2103/95 989/2104/93 993/2112/97 
s 1
f 996/2113/100 992/2105/96 991/2106/95 995/2114/99 
s 2
f 994/2115/98 990/2107/94 992/2108/96 996/2116/100 
s 1
f 997/2117/101 993/2109/97 994/2110/98 998/2118/166 
s 2
f 999/2119/103 995/2111/99 993/2112/97 997/2120/101 
s 1
f 1000/2121/104 996/2113/100 995/2114/99 999/2122/103 
s 2
f 998/2123/166 994/2115/98 996/2116/100 1000/2124/104 
s 1
f 1001/2125/105 997/2117/101 998/2118/166 1002/2126/167 
s 2
f 1003/2127/107 999/2119/103 997/2120/101 1001/2128/105 
s 1
f 1004/2129/168 1000/2121/104 999/2122/103 1003/2130/107 
s 2
f 1002/2131/167 998/2123/166 1000/2124/104 1004/2132/168 
s 1
f 1005/2133/109 1001/2125/105 1002/2126/167 1006/2134/110 
s 2
f 1007/2135/111 1003/2127/107 1001/2128/105 1005/2136/109 
s 1
f 1008/2137/112 1004/2129/168 1003/2130/107 1007/2138/111 
s 2
f 1006/2139/110 1002/2131/167 1004/2132/168 1008/2140/112 
s 1
f 1009/2141/113 1005/2133/109 1006/2134/110 1010/2142/114 
s 2
f 1011/2143/115 1007/2144/111 1005/2145/109 1009/2146/113 
s 1
f 1012/2147/116 1008/2137/112 1007/2138/111 1011/2148/115 
s 2
f 1010/2149/114 1006/2139/110 1008/2140/112 1012/2150/116 
s 1
f 1013/2151/117 1009/2141/113 1010/2142/114 1014/2152/118 
s 2
f 1015/2153/119 1011/2143/115 1009/2146/113 1013/2154/117 
s 1
f 1016/2155/120 1012/2147/116 1011/2148/115 1015/2156/119 
s 2
f 1014/2157/118 1010/2158/114 1012/2159/116 1016/2160/120 
s 1
f 1017/2161/121 1013/2151/117 1014/2152/118 1018/2162/122 
s 2
f 1019/2163/123 1015/2153/119 1013/2154/117 1017/2164/121 
s 1
f 1020/2165/124 1016/2155/120 1015/2156/119 1019/2166/123 
s 2
f 1018/2167/122 1014/2157/118 1016/2160/120 1020/2168/124 
s 1
f 1021/2169/125 1017/2161/121 1018/2162/122 1022/2170/126 
s 2
f 1023/2171/127 1019/2163/123 1017/2164/121 1021/2172/125 
s 1
f 1024/2173/128 1020/2165/124 1019/2166/123 1023/2174/127 
s 2
f 1022/2175/126 1018/2167/122 1020/2168/124 1024/2176/128 
s 1
f 898/1906/2 1021/2169/125 1022/2170/126 899/1907/129 
s 2
f 902/1910/6 1023/2171/127 1021/2172/125 898/1911/2 
s 1
f 904/1914/130 1024/2173/128 1023/2174/127 902/1915/6 
s 2
f 899/1918/129 1022/2175/126 1024/2176/128 904/1919/130 
s 1
f 1025/2177/1 1026/2178/2 1027/2179/129 1028/2180/4 
s 2
f 1029/2181/5 1030/2182/6 1026/2183/2 1025/2184/1 
s 1
f 1031/2185/7 1032/2186/130 1030/2187/6 1029/2188/5 
s 2
f 1028/2189/4 1027/2190/129 1032/2191/130 1031/2192/7 
s 1
f 1033/2193/9 1025/2177/1 1028/2180/4 1034/2194/131 
s 2
f 1035/2195/11 1029/2181/5 1025/2184/1 1033/2196/9 
s 1
f 1036/2197/132 1031/2185/7 1029/2188/5 1035/2198/11 
s 2
f 1034/2199/131 1028/2189/4 1031/2192/7 1036/2200/132 
s 1
f 1037/2201/13 1033/2193/9 1034/2194/131 1038/2202/14 
s 2
f 1039/2203/153 1035/2195/11 1033/2196/9 1037/2204/13 
s 1
f 1040/2205/133 1036/2197/132 1035/2198/11 1039/2206/153 
s 2
f 1038/2207/14 1034/2199/131 1036/2200/132 1040/2208/133 
s 1
f 1041/2209/17 1037/2201/13 1038/2202/14 1042/2210/18 
s 2
f 1043/2211/154 1039/2203/153 1037/2204/13 1041/2212/17 
s 1
f 1044/2213/20 1040/2205/133 1039/2206/153 1043/2214/154 
s 2
f 1042/2215/18 1038/2207/14 1040/2208/133 1044/2216/20 
s 1
f 1045/2217/21 1041/2209/17 1042/2210/18 1046/2218/22 
s 2
f 1047/2219/23 1043/2220/154 1041/2221/17 1045/2222/21 
s 1
f 1048/2223/24 1044/2213/20 1043/2214/154 1047/2224/23 
s 2
f 1046/2225/22 1042/2226/18 1044/2227/20 1048/2228/24 
s 1
f 1049/2229/25 1045/2217/21 1046/2218/22 1050/2230/26 
s 2
f 1051/2231/27 1047/2219/23 1045/2222/21 1049/2232/25 
s 1
f 1052/2233/28 1048/2223/24 1047/2224/23 1051/2234/27 
s 2
f 1050/2235/26 1046/2225/22 1048/2228/24 1052/2236/28 
s 1
f 1053/2237/29 1049/2229/25 1050/2230/26 1054/2238/30 
s 2
f 1055/2239/31 1051/2231/27 1049/2232/25 1053/2240/29 
s 1
f 1056/2241/32 1052/2233/28 1051/2234/27 1055/2242/31 
s 2
f 1054/2243/30 1050/2235/26 1052/2236/28 1056/2244/32 
s 1
f 1057/2245/33 1053/2237/29 1054/2238/30 1058/2246/34 
s 2
f 1059/2247/35 1055/2239/31 1053/2240/29 1057/2248/33 
s 1
f 1060/2249/36 1056/2241/32 1055/2242/31 1059/2250/35 
s 2
f 1058/2251/34 1054/2243/30 1056/2244/32 1060/2252/36 
s 1
f 1061/2253/37 1057/2245/33 1058/2246/34 1062/2254/136 
s 2
f 1063/2255/39 1059/2247/35 1057/2248/33 1061/2256/37 
s 1
f 1064/2257/137 1060/2249/36 1059/2250/35 1063/2258/39 
s 2
f 1062/2259/136 1058/2251/34 1060/2252/36 1064/2260/137 
s 1
f 1065/2261/41 1061/2253/37 1062/2254/136 1066/2262/138 
s 2
f 1067/2263/43 1063/2255/39 1061/2256/37 1065/2264/41 
s 1
f 1068/2265/139 1064/2257/137 1063/2258/39 1067/2266/43 
s 2
f 1066/2267/138 1062/2259/136 1064/2260/137 1068/2268/139 
s 1
f 1069/2269/45 1065/2261/41 1066/2262/138 1070/2270/46 
s 2
f 1071/2271/47 1067/2263/43 1065/2264/41 1069/2272/45 
s 1
f 1072/2273/48 1068/2265/139 1067/2266/43 1071/2274/47 
s 2
f 1070/2275/46 1066/2267/138 1068/2268/139 1072/2276/48 
s 1
f 1073/2277/49 1069/2269/45 1070/2270/46 1074/2278/50 
s 2
f 1075/2279/51 1071/2280/47 1069/2281/45 1073/2282/49 
s 1
f 1076/2283/52 1072/2273/48 1071/2274/47 1075/2284/51 
s 2
f 1074/2285/50 1070/2275/46 1072/2276/48 1076/2286/52 
s 1
f 1077/2287/53 1073/2277/49 1074/2278/50 1078/2288/54 
s 2
f 1079/2289/55 1075/2279/51 1073/2282/49 1077/2290/53 
s 1
f 1080/2291/56 1076/2283/52 1075/2284/51 1079/2292/55 
s 2
f 1078/2293/54 1074/2294/50 1076/2295/52 1080/2296/56 
s 1
f 1081/2297/57 1077/2287/53 1078/2288/54 1082/2298/58 
s 2
f 1083/2299/59 1079/2289/55 1077/2290/53 1081/2300/57 
s 1
f 1084/2301/60 1080/2291/56 1079/2292/55 1083/2302/59 
s 2
f 1082/2303/58 1078/2293/54 1080/2296/56 1084/2304/60 
s 1
f 1085/2305/61 1081/2297/57 1082/2298/58 1086/2306/62 
s 2
f 1087/2307/63 1083/2299/59 1081/2300/57 1085/2308/61 
s 1
f 1088/2309/64 1084/2301/60 1083/2302/59 1087/2310/63 
s 2
f 1086/2311/62 1082/2303/58 1084/2304/60 1088/2312/64 
s 1
f 1089/2313/65 1085/2305/61 1086/2306/62 1090/2314/159 
s 2
f 1091/2315/67 1087/2307/63 1085/2308/61 1089/2316/65 
s 1
f 1092/2317/140 1088/2309/64 1087/2310/63 1091/2318/67 
s 2
f 1090/2319/159 1086/2311/62 1088/2312/64 1092/2320/140 
s 1
f 1093/2321/69 1089/2313/65 1090/2314/159 1094/2322/70 
s 2
f 1095/2323/71 1091/2315/67 1089/2316/65 1093/2324/69 
s 1
f 1096/2325/142 1092/2317/140 1091/2318/67 1095/2326/71 
s 2
f 1094/2327/70 1090/2319/159 1092/2320/140 1096/2328/142 
s 1
f 1097/2329/73 1093/2321/69 1094/2322/70 1098/2330/160 
s 2
f 1099/2331/75 1095/2323/71 1093/2324/69 1097/2332/73 
s 1
f 1100/2333/161 1096/2325/142 1095/2326/71 1099/2334/75 
s 2
f 1098/2335/160 1094/2327/70 1096/2328/142 1100/2336/161 
s 1
f 1101/2337/144 1097/2329/73 1098/2330/160 1102/2338/162 
s 2
f 1103/2339/145 1099/2331/75 1097/2332/73 1101/2340/144 
s 1
f 1104/2341/163 1100/2333/161 1099/2334/75 1103/2342/145 
s 2
f 1102/2343/162 1098/2335/160 1100/2336/161 1104/2344/163 
s 1
f 1105/2345/146 1101/2337/144 1102/2338/162 1106/2346/82 
s 2
f 1107/2347/147 1103/2339/145 1101/2340/144 1105/2348/146 
s 1
f 1108/2349/84 1104/2341/163 1103/2342/145 1107/2350/147 
s 2
f 1106/2351/82 1102/2343/162 1104/2344/163 1108/2352/84 
s 1
f 1109/2353/85 1105/2345/146 1106/2346/82 1110/2354/164 
s 2
f 1111/2355/87 1107/2356/147 1105/2357/146 1109/2358/85 
s 1
f 1112/2359/165 1108/2349/84 1107/2350/147 1111/2360/87 
s 2
f 1110/2361/164 1106/2362/82 1108/2363/84 1112/2364/165 
s 1
f 1113/2365/89 1109/2353/85 1110/2354/164 1114/2366/90 
s 2
f 1115/2367/91 1111/2355/87 1109/2358/85 1113/2368/89 
s 1
f 1116/2369/92 1112/2359/165 1111/2360/87 1115/2370/91 
s 2
f 1114/2371/90 1110/2361/164 1112/2364/165 1116/2372/92 
s 1
f 1117/2373/93 1113/2365/89 1114/2366/90 1118/2374/94 
s 2
f 1119/2375/95 1115/2367/91 1113/2368/89 1117/2376/93 
s 1
f 1120/2377/96 1116/2369/92 1115/2370/91 1119/2378/95 
s 2
f 1118/2379/94 1114/2371/90 1116/2372/92 1120/2380/96 
s 1
f 1121/2381/97 1117/2373/93 1118/2374/94 1122/2382/98 
s 2
f 1123/2383/99 1119/2375/95 1117/2376/93 1121/2384/97 
s 1
f 1124/2385/100 1120/2377/96 1119/2378/95 1123/2386/99 
s 2
f 1122/2387/98 1118/2379/94 1120/2380/96 1124/2388/100 
s 1
f 1125/2389/101 1121/2381/97 1122/2382/98 1126/2390/166 
s 2
f 1127/2391/103 1123/2383/99 1121/2384/97 1125/2392/101 
s 1
f 1128/2393/104 1124/2385/100 1123/2386/99 1127/2394/103 
s 2
f 1126/2395/166 1122/2387/98 1124/2388/100 1128/2396/104 
s 1
f 1129/2397/105 1125/2389/101 1126/2390/166 1130/2398/167 
s 2
f 1131/2399/107 1127/2391/103 1125/2392/101 1129/2400/105 
s 1
f 1132/2401/168 1128/2393/104 1127/2394/103 1131/2402/107 
s 2
f 1130/2403/167 1126/2395/166 1128/2396/104 1132/2404/168 
s 1
f 1133/2405/109 1129/2397/105 1130/2398/167 1134/2406/110 
s 2
f 1135/2407/111 1131/2399/107 1129/2400/105 1133/2408/109 
s 1
f 1136/2409/112 1132/2401/168 1131/2402/107 1135/2410/111 
s 2
f 1134/2411/110 1130/2403/167 1132/2404/168 1136/2412/112 
s 1
f 1137/2413/113 1133/2405/109 1134/2406/110 1138/2414/114 
s 2
f 1139/2415/115 1135/2416/111 1133/2417/109 1137/2418/113 
s 1
f 1140/2419/116 1136/2409/112 1135/2410/111 1139/2420/115 
s 2
f 1138/2421/114 1134/2411/110 1136/2412/112 1140/2422/116 
s 1
f 1141/2423/117 1137/2413/113 1138/2414/114 1142/2424/118 
s 2
f 1143/2425/119 1139/2415/115 1137/2418/113 1141/2426/117 
s 1
f 1144/2427/120 1140/2419/116 1139/2420/115 1143/2428/119 
s 2
f 1142/2429/118 1138/2430/114 1140/2431/116 1144/2432/120 
s 1
f 1145/2433/121 1141/2423/117 1142/2424/118 1146/2434/122 
s 2
f 1147/2435/123 1143/2425/119 1141/2426/117 1145/2436/121 
s 1
f 1148/2437/124 1144/2427/120 1143/2428/119 1147/2438/123 
s 2
f 1146/2439/122 1142/2429/118 1144/2432/120 1148/2440/124 
s 1
f 1149/2441/125 1145/2433/121 1146/2434/122 1150/2442/126 
s 2
f 1151/2443/127 1147/2435/123 1145/2436/121 1149/2444/125 
s 1
f 1152/2445/128 1148/2437/124 1147/2438/123 1151/2446/127 
s 2
f 1150/2447/126 1146/2439/122 1148/2440/124 1152/2448/128 
s 1
f 1026/2178/2 1149/2441/125 1150/2442/126 1027/2179/129 
s 2
f 1030/2182/6 1151/2443/127 1149/2444/125 1026/2183/2 
s 1
f 1032/2186/130 1152/2445/128 1151/2446/127 1030/2187/6 
s 2
f 1027/2190/129 1150/2447/126 1152/2448/128 1032/2191/130 
s 1
f 1153/2449/1 1154/2450/2 1155/2451/129 1156/2452/4 
s 2
f 1157/2453/5 1158/2454/6 1154/2455/2 1153/2456/1 
s 1
f 1159/2457/7 1160/2458/130 1158/2459/6 1157/2460/5 
s 2
f 1156/2461/4 1155/2462/129 1160/2463/130 1159/2464/7 
s 1
f 1161/2465/9 1153/2449/1 1156/2452/4 1162/2466/152 
s 2
f 1163/2467/11 1157/2453/5 1153/2456/1 1161/2468/9 
s 1
f 1164/2469/132 1159/2457/7 1157/2460/5 1163/2470/11 
s 2
f 1162/2471/152 1156/2461/4 1159/2464/7 1164/2472/132 
s 1
f 1165/2473/13 1161/2465/9 1162/2466/152 1166/2474/14 
s 2
f 1167/2475/153 1163/2467/11 1161/2468/9 1165/2476/13 
s 1
f 1168/2477/133 1164/2469/132 1163/2470/11 1167/2478/153 
s 2
f 1166/2479/14 1162/2471/152 1164/2472/132 1168/2480/133 
s 1
f 1169/2481/17 1165/2473/13 1166/2474/14 1170/2482/18 
s 2
f 1171/2483/154 1167/2475/153 1165/2476/13 1169/2484/17 
s 1
f 1172/2485/20 1168/2477/133 1167/2478/153 1171/2486/154 
s 2
f 1170/2487/18 1166/2479/14 1168/2480/133 1172/2488/20 
s 1
f 1173/2489/21 1169/2481/17 1170/2482/18 1174/2490/22 
s 2
f 1175/2491/23 1171/2492/154 1169/2493/17 1173/2494/21 
s 1
f 1176/2495/24 1172/2485/20 1171/2486/154 1175/2496/23 
s 2
f 1174/2497/22 1170/2498/18 1172/2499/20 1176/2500/24 
s 1
f 1177/2501/25 1173/2489/21 1174/2490/22 1178/2502/26 
s 2
f 1179/2503/27 1175/2491/23 1173/2494/21 1177/2504/25 
s 1
f 1180/2505/28 1176/2495/24 1175/2496/23 1179/2506/27 
s 2
f 1178/2507/26 1174/2497/22 1176/2500/24 1180/2508/28 
s 1
f 1181/2509/29 1177/2501/25 1178/2502/26 1182/2510/30 
s 2
f 1183/2511/31 1179/2503/27 1177/2504/25 1181/2512/29 
s 1
f 1184/2513/32 1180/2505/28 1179/2506/27 1183/2514/31 
s 2
f 1182/2515/30 1178/2507/26 1180/2508/28 1184/2516/32 
s 1
f 1185/2517/33 1181/2509/29 1182/2510/30 1186/2518/34 
s 2
f 1187/2519/35 1183/2511/31 1181/2512/29 1185/2520/33 
s 1
f 1188/2521/36 1184/2513/32 1183/2514/31 1187/2522/35 
s 2
f 1186/2523/34 1182/2515/30 1184/2516/32 1188/2524/36 
s 1
f 1189/2525/37 1185/2517/33 1186/2518/34 1190/2526/38 
s 2
f 1191/2527/39 1187/2519/35 1185/2520/33 1189/2528/37 
s 1
f 1192/2529/40 1188/2521/36 1187/2522/35 1191/2530/39 
s 2
f 1190/2531/38 1186/2523/34 1188/2524/36 1192/2532/40 
s 1
f 1193/2533/41 1189/2525/37 1190/2526/38 1194/2534/42 
s 2
f 1195/2535/43 1191/2527/39 1189/2528/37 1193/2536/41 
s 1
f 1196/2537/44 1192/2529/40 1191/2530/39 1195/2538/43 
s 2
f 1194/2539/42 1190/2531/38 1192/2532/40 1196/2540/44 
s 1
f 1197/2541/45 1193/2533/41 1194/2534/42 1198/2542/46 
s 2
f 1199/2543/47 1195/2535/43 1193/2536/41 1197/2544/45 
s 1
f 1200/2545/48 1196/2537/44 1195/2538/43 1199/2546/47 
s 2
f 1198/2547/46 1194/2539/42 1196/2540/44 1200/2548/48 
s 1
f 1201/2549/49 1197/2541/45 1198/2542/46 1202/2550/50 
s 2
f 1203/2551/51 1199/2552/47 1197/2553/45 1201/2554/49 
s 1
f 1204/2555/52 1200/2545/48 1199/2546/47 1203/2556/51 
s 2
f 1202/2557/50 1198/2547/46 1200/2548/48 1204/2558/52 
s 1
f 1205/2559/53 1201/2549/49 1202/2550/50 1206/2560/155 
s 2
f 1207/2561/55 1203/2551/51 1201/2554/49 1205/2562/53 
s 1
f 1208/2563/156 1204/2555/52 1203/2556/51 1207/2564/55 
s 2
f 1206/2565/155 1202/2566/50 1204/2567/52 1208/2568/156 
s 1
f 1209/2569/57 1205/2559/53 1206/2560/155 1210/2570/157 
s 2
f 1211/2571/59 1207/2561/55 1205/2562/53 1209/2572/57 
s 1
f 1212/2573/158 1208/2563/156 1207/2564/55 1211/2574/59 
s 2
f 1210/2575/157 1206/2565/155 1208/2568/156 1212/2576/158 
s 1
f 1213/2577/61 1209/2569/57 1210/2570/157 1214/2578/62 
s 2
f 1215/2579/63 1211/2571/59 1209/2572/57 1213/2580/61 
s 1
f 1216/2581/64 1212/2573/158 1211/2574/59 1215/2582/63 
s 2
f 1214/2583/62 1210/2575/157 1212/2576/158 1216/2584/64 
s 1
f 1217/2585/65 1213/2577/61 1214/2578/62 1218/2586/159 
s 2
f 1219/2587/67 1215/2579/63 1213/2580/61 1217/2588/65 
s 1
f 1220/2589/140 1216/2581/64 1215/2582/63 1219/2590/67 
s 2
f 1218/2591/159 1214/2583/62 1216/2584/64 1220/2592/140 
s 1
f 1221/2593/69 1217/2585/65 1218/2586/159 1222/2594/70 
s 2
f 1223/2595/71 1219/2587/67 1217/2588/65 1221/2596/69 
s 1
f 1224/2597/142 1220/2589/140 1219/2590/67 1223/2598/71 
s 2
f 1222/2599/70 1218/2591/159 1220/2592/140 1224/2600/142 
s 1
f 1225/2601/73 1221/2593/69 1222/2594/70 1226/2602/160 
s 2
f 1227/2603/75 1223/2595/71 1221/2596/69 1225/2604/73 
s 1
f 1228/2605/161 1224/2597/142 1223/2598/71 1227/2606/75 
s 2
f 1226/2607/160 1222/2599/70 1224/2600/142 1228/2608/161 
s 1
f 1229/2609/77 1225/2601/73 1226/2602/160 1230/2610/162 
s 2
f 1231/2611/79 1227/2603/75 1225/2604/73 1229/2612/77 
s 1
f 1232/2613/163 1228/2605/161 1227/2606/75 1231/2614/79 
s 2
f 1230/2615/162 1226/2607/160 1228/2608/161 1232/2616/163 
s 1
f 1233/2617/81 1229/2609/77 1230/2610/162 1234/2618/82 
s 2
f 1235/2619/83 1231/2611/79 1229/2612/77 1233/2620/81 
s 1
f 1236/2621/84 1232/2613/163 1231/2614/79 1235/2622/83 
s 2
f 1234/2623/82 1230/2615/162 1232/2616/163 1236/2624/84 
s 1
f 1237/2625/85 1233/2617/81 1234/2618/82 1238/2626/164 
s 2
f 1239/2627/87 1235/2628/83 1233/2629/81 1237/2630/85 
s 1
f 1240/2631/165 1236/2621/84 1235/2622/83 1239/2632/87 
s 2
f 1238/2633/164 1234/2634/82 1236/2635/84 1240/2636/165 
s 1
f 1241/2637/89 1237/2625/85 1238/2626/164 1242/2638/90 
s 2
f 1243/2639/91 1239/2627/87 1237/2630/85 1241/2640/89 
s 1
f 1244/2641/92 1240/2631/165 1239/2632/87 1243/2642/91 
s 2
f 1242/2643/90 1238/2633/164 1240/2636/165 1244/2644/92 
s 1
f 1245/2645/93 1241/2637/89 1242/2638/90 1246/2646/94 
s 2
f 1247/2647/95 1243/2639/91 1241/2640/89 1245/2648/93 
s 1
f 1248/2649/96 1244/2641/92 1243/2642/91 1247/2650/95 
s 2
f 1246/2651/94 1242/2643/90 1244/2644/92 1248/2652/96 
s 1
f 1249/2653/97 1245/2645/93 1246/2646/94 1250/2654/98 
s 2
f 1251/2655/99 1247/2647/95 1245/2648/93 1249/2656/97 
s 1
f 1252/2657/100 1248/2649/96 1247/2650/95 1251/2658/99 
s 2
f 1250/2659/98 1246/2651/94 1248/2652/96 1252/2660/100 
s 1
f 1253/2661/101 1249/2653/97 1250/2654/98 1254/2662/166 
s 2
f 1255/2663/103 1251/2655/99 1249/2656/97 1253/2664/101 
s 1
f 1256/2665/104 1252/2657/100 1251/2658/99 1255/2666/103 
s 2
f 1254/2667/166 1250/2659/98 1252/2660/100 1256/2668/104 
s 1
f 1257/2669/105 1253/2661/101 1254/2662/166 1258/2670/167 
s 2
f 1259/2671/107 1255/2663/103 1253/2664/101 1257/2672/105 
s 1
f 1260/2673/168 1256/2665/104 1255/2666/103 1259/2674/107 
s 2
f 1258/2675/167 1254/2667/166 1256/2668/104 1260/2676/168 
s 1
f 1261/2677/109 1257/2669/105 1258/2670/167 1262/2678/110 
s 2
f 1263/2679/111 1259/2671/107 1257/2672/105 1261/2680/109 
s 1
f 1264/2681/112 1260/2673/168 1259/2674/107 1263/2682/111 
s 2
f 1262/2683/110 1258/2675/167 1260/2676/168 1264/2684/112 
s 1
f 1265/2685/113 1261/2677/109 1262/2678/110 1266/2686/114 
s 2
f 1267/2687/115 1263/2688/111 1261/2689/109 1265/2690/113 
s 1
f 1268/2691/116 1264/2681/112 1263/2682/111 1267/2692/115 
s 2
f 1266/2693/114 1262/2683/110 1264/2684/112 1268/2694/116 
s 1
f 1269/2695/117 1265/2685/113 1266/2686/114 1270/2696/118 
s 2
f 1271/2697/119 1267/2687/115 1265/2690/113 1269/2698/117 
s 1
f 1272/2699/120 1268/2691/116 1267/2692/115 1271/2700/119 
s 2
f 1270/2701/118 1266/2702/114 1268/2703/116 1272/2704/120 
s 1
f 1273/2705/121 1269/2695/117 1270/2696/118 1274/2706/122 
s 2
f 1275/2707/123 1271/2697/119 1269/2698/117 1273/2708/121 
s 1
f 1276/2709/124 1272/2699/120 1271/2700/119 1275/2710/123 
s 2
f 1274/2711/122 1270/2701/118 1272/2704/120 1276/2712/124 
s 1
f 1277/2713/125 1273/2705/121 1274/2706/122 1278/2714/126 
s 2
f 1279/2715/127 1275/2707/123 1273/2708/121 1277/2716/125 
s 1
f 1280/2717/128 1276/2709/124 1275/2710/123 1279/2718/127 
s 2
f 1278/2719/126 1274/2711/122 1276/2712/124 1280/2720/128 
s 1
f 1154/2450/2 1277/2713/125 1278/2714/126 1155/2451/129 
s 2
f 1158/2454/6 1279/2715/127 1277/2716/125 1154/2455/2 
s 1
f 1160/2458/130 1280/2717/128 1279/2718/127 1158/2459/6 
s 2
f 1155/2462/129 1278/2719/126 1280/2720/128 1160/2463/130 
s 1
f 1281/2721/1 1282/2722/2 1283/2723/129 1284/2724/4 
s 2
f 1285/2725/5 1286/2726/6 1282/2727/2 1281/2728/1 
s 1
f 1287/2729/7 1288/2730/130 1286/2731/6 1285/2732/5 
s 2
f 1284/2733/4 1283/2734/129 1288/2735/130 1287/2736/7 
s 1
f 1289/2737/9 1281/2721/1 1284/2724/4 1290/2738/152 
s 2
f 1291/2739/11 1285/2725/5 1281/2728/1 1289/2740/9 
s 1
f 1292/2741/132 1287/2729/7 1285/2732/5 1291/2742/11 
s 2
f 1290/2743/152 1284/2733/4 1287/2736/7 1292/2744/132 
s 1
f 1293/2745/13 1289/2737/9 1290/2738/152 1294/2746/14 
s 2
f 1295/2747/153 1291/2739/11 1289/2740/9 1293/2748/13 
s 1
f 1296/2749/133 1292/2741/132 1291/2742/11 1295/2750/153 
s 2
f 1294/2751/14 1290/2743/152 1292/2744/132 1296/2752/133 
s 1
f 1297/2753/17 1293/2745/13 1294/2746/14 1298/2754/18 
s 2
f 1299/2755/154 1295/2747/153 1293/2748/13 1297/2756/17 
s 1
f 1300/2757/20 1296/2749/133 1295/2750/153 1299/2758/154 
s 2
f 1298/2759/18 1294/2751/14 1296/2752/133 1300/2760/20 
s 1
f 1301/2761/21 1297/2753/17 1298/2754/18 1302/2762/22 
s 2
f 1303/2763/23 1299/2764/154 1297/2765/17 1301/2766/21 
s 1
f 1304/2767/24 1300/2757/20 1299/2758/154 1303/2768/23 
s 2
f 1302/2769/22 1298/2770/18 1300/2771/20 1304/2772/24 
s 1
f 1305/2773/25 1301/2761/21 1302/2762/22 1306/2774/26 
s 2
f 1307/2775/27 1303/2763/23 1301/2766/21 1305/2776/25 
s 1
f 1308/2777/28 1304/2767/24 1303/2768/23 1307/2778/27 
s 2
f 1306/2779/26 1302/2769/22 1304/2772/24 1308/2780/28 
s 1
f 1309/2781/29 1305/2773/25 1306/2774/26 1310/2782/30 
s 2
f 1311/2783/31 1307/2775/27 1305/2776/25 1309/2784/29 
s 1
f 1312/2785/32 1308/2777/28 1307/2778/27 1311/2786/31 
s 2
f 1310/2787/30 1306/2779/26 1308/2780/28 1312/2788/32 
s 1
f 1313/2789/33 1309/2781/29 1310/2782/30 1314/2790/34 
s 2
f 1315/2791/35 1311/2783/31 1309/2784/29 1313/2792/33 
s 1
f 1316/2793/36 1312/2785/32 1311/2786/31 1315/2794/35 
s 2
f 1314/2795/34 1310/2787/30 1312/2788/32 1316/2796/36 
s 1
f 1317/2797/37 1313/2789/33 1314/2790/34 1318/2798/38 
s 2
f 1319/2799/39 1315/2791/35 1313/2792/33 1317/2800/37 
s 1
f 1320/2801/40 1316/2793/36 1315/2794/35 1319/2802/39 
s 2
f 1318/2803/38 1314/2795/34 1316/2796/36 1320/2804/40 
s 1
f 1321/2805/41 1317/2797/37 1318/2798/38 1322/2806/42 
s 2
f 1323/2807/43 1319/2799/39 1317/2800/37 1321/2808/41 
s 1
f 1324/2809/44 1320/2801/40 1319/2802/39 1323/2810/43 
s 2
f 1322/2811/42 1318/2803/38 1320/2804/40 1324/2812/44 
s 1
f 1325/2813/45 1321/2805/41 1322/2806/42 1326/2814/46 
s 2
f 1327/2815/47 1323/2807/43 1321/2808/41 1325/2816/45 
s 1
f 1328/2817/48 1324/2809/44 1323/2810/43 1327/2818/47 
s 2
f 1326/2819/46 1322/2811/42 1324/2812/44 1328/2820/48 
s 1
f 1329/2821/49 1325/2813/45 1326/2814/46 1330/2822/50 
s 2
f 1331/2823/51 1327/2824/47 1325/2825/45 1329/2826/49 
s 1
f 1332/2827/52 1328/2817/48 1327/2818/47 1331/2828/51 
s 2
f 1330/2829/50 1326/2819/46 1328/2820/48 1332/2830/52 
s 1
f 1333/2831/53 1329/2821/49 1330/2822/50 1334/2832/155 
s 2
f 1335/2833/55 1331/2823/51 1329/2826/49 1333/2834/53 
s 1
f 1336/2835/156 1332/2827/52 1331/2828/51 1335/2836/55 
s 2
f 1334/2837/155 1330/2838/50 1332/2839/52 1336/2840/156 
s 1
f 1337/2841/57 1333/2831/53 1334/2832/155 1338/2842/157 
s 2
f 1339/2843/59 1335/2833/55 1333/2834/53 1337/2844/57 
s 1
f 1340/2845/158 1336/2835/156 1335/2836/55 1339/2846/59 
s 2
f 1338/2847/157 1334/2837/155 1336/2840/156 1340/2848/158 
s 1
f 1341/2849/61 1337/2841/57 1338/2842/157 1342/2850/62 
s 2
f 1343/2851/63 1339/2843/59 1337/2844/57 1341/2852/61 
s 1
f 1344/2853/64 1340/2845/158 1339/2846/59 1343/2854/63 
s 2
f 1342/2855/62 1338/2847/157 1340/2848/158 1344/2856/64 
s 1
f 1345/2857/65 1341/2849/61 1342/2850/62 1346/2858/159 
s 2
f 1347/2859/67 1343/2851/63 1341/2852/61 1345/2860/65 
s 1
f 1348/2861/140 1344/2853/64 1343/2854/63 1347/2862/67 
s 2
f 1346/2863/159 1342/2855/62 1344/2856/64 1348/2864/140 
s 1
f 1349/2865/69 1345/2857/65 1346/2858/159 1350/2866/70 
s 2
f 1351/2867/71 1347/2859/67 1345/2860/65 1349/2868/69 
s 1
f 1352/2869/142 1348/2861/140 1347/2862/67 1351/2870/71 
s 2
f 1350/2871/70 1346/2863/159 1348/2864/140 1352/2872/142 
s 1
f 1353/2873/73 1349/2865/69 1350/2866/70 1354/2874/160 
s 2
f 1355/2875/75 1351/2867/71 1349/2868/69 1353/2876/73 
s 1
f 1356/2877/161 1352/2869/142 1351/2870/71 1355/2878/75 
s 2
f 1354/2879/160 1350/2871/70 1352/2872/142 1356/2880/161 
s 1
f 1357/2881/77 1353/2873/73 1354/2874/160 1358/2882/162 
s 2
f 1359/2883/79 1355/2875/75 1353/2876/73 1357/2884/77 
s 1
f 1360/2885/163 1356/2877/161 1355/2878/75 1359/2886/79 
s 2
f 1358/2887/162 1354/2879/160 1356/2880/161 1360/2888/163 
s 1
f 1361/2889/81 1357/2881/77 1358/2882/162 1362/2890/82 
s 2
f 1363/2891/83 1359/2883/79 1357/2884/77 1361/2892/81 
s 1
f 1364/2893/84 1360/2885/163 1359/2886/79 1363/2894/83 
s 2
f 1362/2895/82 1358/2887/162 1360/2888/163 1364/2896/84 
s 1
f 1365/2897/85 1361/2889/81 1362/2890/82 1366/2898/164 
s 2
f 1367/2899/87 1363/2900/83 1361/2901/81 1365/2902/85 
s 1
f 1368/2903/165 1364/2893/84 1363/2894/83 1367/2904/87 
s 2
f 1366/2905/164 1362/2906/82 1364/2907/84 1368/2908/165 
s 1
f 1369/2909/89 1365/2897/85 1366/2898/164 1370/2910/90 
s 2
f 1371/2911/91 1367/2899/87 1365/2902/85 1369/2912/89 
s 1
f 1372/2913/92 1368/2903/165 1367/2904/87 1371/2914/91 
s 2
f 1370/2915/90 1366/2905/164 1368/2908/165 1372/2916/92 
s 1
f 1373/2917/93 1369/2909/89 1370/2910/90 1374/2918/94 
s 2
f 1375/2919/95 1371/2911/91 1369/2912/89 1373/2920/93 
s 1
f 1376/2921/96 1372/2913/92 1371/2914/91 1375/2922/95 
s 2
f 1374/2923/94 1370/2915/90 1372/2916/92 1376/2924/96 
s 1
f 1377/2925/97 1373/2917/93 1374/2918/94 1378/2926/98 
s 2
f 1379/2927/99 1375/2919/95 1373/2920/93 1377/2928/97 
s 1
f 1380/2929/100 1376/2921/96 1375/2922/95 1379/2930/99 
s 2
f 1378/2931/98 1374/2923/94 1376/2924/96 1380/2932/100 
s 1
f 1381/2933/101 1377/2925/97 1378/2926/98 1382/2934/166 
s 2
f 1383/2935/103 1379/2927/99 1377/2928/97 1381/2936/101 
s 1
f 1384/2937/104 1380/2929/100 1379/2930/99 1383/2938/103 
s 2
f 1382/2939/166 1378/2931/98 1380/2932/100 1384/2940/104 
s 1
f 1385/2941/105 1381/2933/101 1382/2934/166 1386/2942/167 
s 2
f 1387/2943/107 1383/2935/103 1381/2936/101 1385/2944/105 
s 1
f 1388/2945/168 1384/2937/104 1383/2938/103 1387/2946/107 
s 2
f 1386/2947/167 1382/2939/166 1384/2940/104 1388/2948/168 
s 1
f 1389/2949/109 1385/2941/105 1386/2942/167 1390/2950/110 
s 2
f 1391/2951/111 1387/2943/107 1385/2944/105 1389/2952/109 
s 1
f 1392/2953/112 1388/2945/168 1387/2946/107 1391/2954/111 
s 2
f 1390/2955/110 1386/2947/167 1388/2948/168 1392/2956/112 
s 1
f 1393/2957/113 1389/2949/109 1390/2950/110 1394/2958/114 
s 2
f 1395/2959/115 1391/2960/111 1389/2961/109 1393/2962/113 
s 1
f 1396/2963/116 1392/2953/112 1391/2954/111 1395/2964/115 
s 2
f 1394/2965/114 1390/2955/110 1392/2956/112 1396/2966/116 
s 1
f 1397/2967/117 1393/2957/113 1394/2958/114 1398/2968/118 
s 2
f 1399/2969/119 1395/2959/115 1393/2962/113 1397/2970/117 
s 1
f 1400/2971/120 1396/2963/116 1395/2964/115 1399/2972/119 
s 2
f 1398/2973/118 1394/2974/114 1396/2975/116 1400/2976/120 
s 1
f 1401/2977/121 1397/2967/117 1398/2968/118 1402/2978/122 
s 2
f 1403/2979/123 1399/2969/119 1397/2970/117 1401/2980/121 
s 1
f 1404/2981/124 1400/2971/120 1399/2972/119 1403/2982/123 
s 2
f 1402/2983/122 1398/2973/118 1400/2976/120 1404/2984/124 
s 1
f 1405/2985/125 1401/2977/121 1402/2978/122 1406/2986/126 
s 2
f 1407/2987/127 1403/2979/123 1401/2980/121 1405/2988/125 
s 1
f 1408/2989/128 1404/2981/124 1403/2982/123 1407/2990/127 
s 2
f 1406/2991/126 1402/2983/122 1404/2984/124 1408/2992/128 
s 1
f 1282/2722/2 1405/2985/125 1406/2986/126 1283/2723/129 
s 2
f 1286/2726/6 1407/2987/127 1405/2988/125 1282/2727/2 
s 1
f 1288/2730/130 1408/2989/128 1407/2990/127 1286/2731/6 
s 2
f 1283/2734/129 1406/2991/126 1408/2992/128 1288/2735/130 
s 1
f 1409/2993/1 1410/2994/2 1411/2995/129 1412/2996/4 
s 2
f 1413/2997/5 1414/2998/6 1410/2999/2 1409/3000/1 
s 1
f 1415/3001/7 1416/3002/130 1414/3003/6 1413/3004/5 
s 2
f 1412/3005/4 1411/3006/129 1416/3007/130 1415/3008/7 
s 1
f 1417/3009/9 1409/2993/1 1412/2996/4 1418/3010/131 
s 2
f 1419/3011/11 1413/2997/5 1409/3000/1 1417/3012/9 
s 1
f 1420/3013/132 1415/3001/7 1413/3004/5 1419/3014/11 
s 2
f 1418/3015/131 1412/3005/4 1415/3008/7 1420/3016/132 
s 1
f 1421/3017/13 1417/3009/9 1418/3010/131 1422/3018/14 
s 2
f 1423/3019/153 1419/3011/11 1417/3012/9 1421/3020/13 
s 1
f 1424/3021/133 1420/3013/132 1419/3014/11 1423/3022/153 
s 2
f 1422/3023/14 1418/3015/131 1420/3016/132 1424/3024/133 
s 1
f 1425/3025/17 1421/3017/13 1422/3018/14 1426/3026/18 
s 2
f 1427/3027/154 1423/3019/153 1421/3020/13 1425/3028/17 
s 1
f 1428/3029/20 1424/3021/133 1423/3022/153 1427/3030/154 
s 2
f 1426/3031/18 1422/3023/14 1424/3024/133 1428/3032/20 
s 1
f 1429/3033/21 1425/3025/17 1426/3026/18 1430/3034/22 
s 2
f 1431/3035/23 1427/3036/154 1425/3037/17 1429/3038/21 
s 1
f 1432/3039/24 1428/3029/20 1427/3030/154 1431/3040/23 
s 2
f 1430/3041/22 1426/3042/18 1428/3043/20 1432/3044/24 
s 1
f 1433/3045/25 1429/3033/21 1430/3034/22 1434/3046/26 
s 2
f 1435/3047/27 1431/3035/23 1429/3038/21 1433/3048/25 
s 1
f 1436/3049/28 1432/3039/24 1431/3040/23 1435/3050/27 
s 2
f 1434/3051/26 1430/3041/22 1432/3044/24 1436/3052/28 
s 1
f 1437/3053/29 1433/3045/25 1434/3046/26 1438/3054/30 
s 2
f 1439/3055/31 1435/3047/27 1433/3048/25 1437/3056/29 
s 1
f 1440/3057/32 1436/3049/28 1435/3050/27 1439/3058/31 
s 2
f 1438/3059/30 1434/3051/26 1436/3052/28 1440/3060/32 
s 1
f 1441/3061/33 1437/3053/29 1438/3054/30 1442/3062/34 
s 2
f 1443/3063/35 1439/3055/31 1437/3056/29 1441/3064/33 
s 1
f 1444/3065/36 1440/3057/32 1439/3058/31 1443/3066/35 
s 2
f 1442/3067/34 1438/3059/30 1440/3060/32 1444/3068/36 
s 1
f 1445/3069/37 1441/3061/33 1442/3062/34 1446/3070/136 
s 2
f 1447/3071/39 1443/3063/35 1441/3064/33 1445/3072/37 
s 1
f 1448/3073/137 1444/3065/36 1443/3066/35 1447/3074/39 
s 2
f 1446/3075/136 1442/3067/34 1444/3068/36 1448/3076/137 
s 1
f 1449/3077/41 1445/3069/37 1446/3070/136 1450/3078/138 
s 2
f 1451/3079/43 1447/3071/39 1445/3072/37 1449/3080/41 
s 1
f 1452/3081/139 1448/3073/137 1447/3074/39 1451/3082/43 
s 2
f 1450/3083/138 1446/3075/136 1448/3076/137 1452/3084/139 
s 1
f 1453/3085/45 1449/3077/41 1450/3078/138 1454/3086/46 
s 2
f 1455/3087/47 1451/3079/43 1449/3080/41 1453/3088/45 
s 1
f 1456/3089/48 1452/3081/139 1451/3082/43 1455/3090/47 
s 2
f 1454/3091/46 1450/3083/138 1452/3084/139 1456/3092/48 
s 1
f 1457/3093/49 1453/3085/45 1454/3086/46 1458/3094/50 
s 2
f 1459/3095/51 1455/3096/47 1453/3097/45 1457/3098/49 
s 1
f 1460/3099/52 1456/3089/48 1455/3090/47 1459/3100/51 
s 2
f 1458/3101/50 1454/3091/46 1456/3092/48 1460/3102/52 
s 1
f 1461/3103/53 1457/3093/49 1458/3094/50 1462/3104/54 
s 2
f 1463/3105/55 1459/3095/51 1457/3098/49 1461/3106/53 
s 1
f 1464/3107/56 1460/3099/52 1459/3100/51 1463/3108/55 
s 2
f 1462/3109/54 1458/3110/50 1460/3111/52 1464/3112/56 
s 1
f 1465/3113/57 1461/3103/53 1462/3104/54 1466/3114/58 
s 2
f 1467/3115/59 1463/3105/55 1461/3106/53 1465/3116/57 
s 1
f 1468/3117/60 1464/3107/56 1463/3108/55 1467/3118/59 
s 2
f 1466/3119/58 1462/3109/54 1464/3112/56 1468/3120/60 
s 1
f 1469/3121/61 1465/3113/57 1466/3114/58 1470/3122/62 
s 2
f 1471/3123/63 1467/3115/59 1465/3116/57 1469/3124/61 
s 1
f 1472/3125/64 1468/3117/60 1467/3118/59 1471/3126/63 
s 2
f 1470/3127/62 1466/3119/58 1468/3120/60 1472/3128/64 
s 1
f 1473/3129/65 1469/3121/61 1470/3122/62 1474/3130/159 
s 2
f 1475/3131/67 1471/3123/63 1469/3124/61 1473/3132/65 
s 1
f 1476/3133/140 1472/3125/64 1471/3126/63 1475/3134/67 
s 2
f 1474/3135/159 1470/3127/62 1472/3128/64 1476/3136/140 
s 1
f 1477/3137/69 1473/3129/65 1474/3130/159 1478/3138/70 
s 2
f 1479/3139/71 1475/3131/67 1473/3132/65 1477/3140/69 
s 1
f 1480/3141/142 1476/3133/140 1475/3134/67 1479/3142/71 
s 2
f 1478/3143/70 1474/3135/159 1476/3136/140 1480/3144/142 
s 1
f 1481/3145/73 1477/3137/69 1478/3138/70 1482/3146/160 
s 2
f 1483/3147/75 1479/3139/71 1477/3140/69 1481/3148/73 
s 1
f 1484/3149/161 1480/3141/142 1479/3142/71 1483/3150/75 
s 2
f 1482/3151/160 1478/3143/70 1480/3144/142 1484/3152/161 
s 1
f 1485/3153/144 1481/3145/73 1482/3146/160 1486/3154/162 
s 2
f 1487/3155/145 1483/3147/75 1481/3148/73 1485/3156/144 
s 1
f 1488/3157/163 1484/3149/161 1483/3150/75 1487/3158/145 
s 2
f 1486/3159/162 1482/3151/160 1484/3152/161 1488/3160/163 
s 1
f 1489/3161/146 1485/3153/144 1486/3154/162 1490/3162/82 
s 2
f 1491/3163/147 1487/3155/145 1485/3156/144 1489/3164/146 
s 1
f 1492/3165/84 1488/3157/163 1487/3158/145 1491/3166/147 
s 2
f 1490/3167/82 1486/3159/162 1488/3160/163 1492/3168/84 
s 1
f 1493/3169/85 1489/3161/146 1490/3162/82 1494/3170/164 
s 2
f 1495/3171/87 1491/3172/147 1489/3173/146 1493/3174/85 
s 1
f 1496/3175/165 1492/3165/84 1491/3166/147 1495/3176/87 
s 2
f 1494/3177/164 1490/3178/82 1492/3179/84 1496/3180/165 
s 1
f 1497/3181/89 1493/3169/85 1494/3170/164 1498/3182/90 
s 2
f 1499/3183/91 1495/3171/87 1493/3174/85 1497/3184/89 
s 1
f 1500/3185/92 1496/3175/165 1495/3176/87 1499/3186/91 
s 2
f 1498/3187/90 1494/3177/164 1496/3180/165 1500/3188/92 
s 1
f 1501/3189/93 1497/3181/89 1498/3182/90 1502/3190/94 
s 2
f 1503/3191/95 1499/3183/91 1497/3184/89 1501/3192/93 
s 1
f 1504/3193/96 1500/3185/92 1499/3186/91 1503/3194/95 
s 2
f 1502/3195/94 1498/3187/90 1500/3188/92 1504/3196/96 
s 1
f 1505/3197/97 1501/3189/93 1502/3190/94 1506/3198/98 
s 2
f 1507/3199/99 1503/3191/95 1501/3192/93 1505/3200/97 
s 1
f 1508/3201/100 1504/3193/96 1503/3194/95 1507/3202/99 
s 2
f 1506/3203/98 1502/3195/94 1504/3196/96 1508/3204/100 
s 1
f 1509/3205/101 1505/3197/97 1506/3198/98 1510/3206/166 
s 2
f 1511/3207/103 1507/3199/99 1505/3200/97 1509/3208/101 
s 1
f 1512/3209/104 1508/3201/100 1507/3202/99 1511/3210/103 
s 2
f 1510/3211/166 1506/3203/98 1508/3204/100 1512/3212/104 
s 1
f 1513/3213/105 1509/3205/101 1510/3206/166 1514/3214/167 
s 2
f 1515/3215/107 1511/3207/103 1509/3208/101 1513/3216/105 
s 1
f 1516/3217/168 1512/3209/104 1511/3210/103 1515/3218/107 
s 2
f 1514/3219/167 1510/3211/166 1512/3212/104 1516/3220/168 
s 1
f 1517/3221/109 1513/3213/105 1514/3214/167 1518/3222/110 
s 2
f 1519/3223/111 1515/3215/107 1513/3216/105 1517/3224/109 
s 1
f 1520/3225/112 1516/3217/168 1515/3218/107 1519/3226/111 
s 2
f 1518/3227/110 1514/3219/167 1516/3220/168 1520/3228/112 
s 1
f 1521/3229/113 1517/3221/109 1518/3222/110 1522/3230/114 
s 2
f 1523/3231/115 1519/3232/111 1517/3233/109 1521/3234/113 
s 1
f 1524/3235/116 1520/3225/112 1519/3226/111 1523/3236/115 
s 2
f 1522/3237/114 1518/3227/110 1520/3228/112 1524/3238/116 
s 1
f 1525/3239/117 1521/3229/113 1522/3230/114 1526/3240/118 
s 2
f 1527/3241/119 1523/3231/115 1521/3234/113 1525/3242/117 
s 1
f 1528/3243/120 1524/3235/116 1523/3236/115 1527/3244/119 
s 2
f 1526/3245/118 1522/3246/114 1524/3247/116 1528/3248/120 
s 1
f 1529/3249/121 1525/3239/117 1526/3240/118 1530/3250/122 
s 2
f 1531/3251/123 1527/3241/119 1525/3242/117 1529/3252/121 
s 1
f 1532/3253/124 1528/3243/120 1527/3244/119 1531/3254/123 
s 2
f 1530/3255/122 1526/3245/118 1528/3248/120 1532/3256/124 
s 1
f 1533/3257/125 1529/3249/121 1530/3250/122 1534/3258/126 
s 2
f 1535/3259/127 1531/3251/123 1529/3252/121 1533/3260/125 
s 1
f 1536/3261/128 1532/3253/124 1531/3254/123 1535/3262/127 
s 2
f 1534/3263/126 1530/3255/122 1532/3256/124 1536/3264/128 
s 1
f 1410/2994/2 1533/3257/125 1534/3258/126 1411/2995/129 
s 2
f 1414/2998/6 1535/3259/127 1533/3260/125 1410/2999/2 
s 1
f 1416/3002/130 1536/3261/128 1535/3262/127 1414/3003/6 
s 2
f 1411/3006/129 1534/3263/126 1536/3264/128 1416/3007/130 
s 1
f 1537/3265/1 1538/3266/2 1539/3267/129 1540/3268/4 
s 2
f 1541/3269/5 1542/3270/6 1538/3271/2 1537/3272/1 
s 1
f 1543/3273/7 1544/3274/130 1542/3275/6 1541/3276/5 
s 2
f 1540/3277/4 1539/3278/129 1544/3279/130 1543/3280/7 
s 1
f 1545/3281/9 1537/3265/1 1540/3268/4 1546/3282/131 
s 2
f 1547/3283/11 1541/3269/5 1537/3272/1 1545/3284/9 
s 1
f 1548/3285/132 1543/3273/7 1541/3276/5 1547/3286/11 
s 2
f 1546/3287/131 1540/3277/4 1543/3280/7 1548/3288/132 
s 1
f 1549/3289/13 1545/3281/9 1546/3282/131 1550/3290/14 
s 2
f 1551/3291/153 1547/3283/11 1545/3284/9 1549/3292/13 
s 1
f 1552/3293/133 1548/3285/132 1547/3286/11 1551/3294/153 
s 2
f 1550/3295/14 1546/3287/131 1548/3288/132 1552/3296/133 
s 1
f 1553/3297/17 1549/3289/13 1550/3290/14 1554/3298/18 
s 2
f 1555/3299/154 1551/3291/153 1549/3292/13 1553/3300/17 
s 1
f 1556/3301/20 1552/3293/133 1551/3294/153 1555/3302/154 
s 2
f 1554/3303/18 1550/3295/14 1552/3296/133 1556/3304/20 
s 1
f 1557/3305/21 1553/3297/17 1554/3298/18 1558/3306/22 
s 2
f 1559/3307/23 1555/3308/154 1553/3309/17 1557/3310/21 
s 1
f 1560/3311/24 1556/3301/20 1555/3302/154 1559/3312/23 
s 2
f 1558/3313/22 1554/3314/18 1556/3315/20 1560/3316/24 
s 1
f 1561/3317/25 1557/3305/21 1558/3306/22 1562/3318/26 
s 2
f 1563/3319/27 1559/3307/23 1557/3310/21 1561/3320/25 
s 1
f 1564/3321/28 1560/3311/24 1559/3312/23 1563/3322/27 
s 2
f 1562/3323/26 1558/3313/22 1560/3316/24 1564/3324/28 
s 1
f 1565/3325/29 1561/3317/25 1562/3318/26 1566/3326/30 
s 2
f 1567/3327/31 1563/3319/27 1561/3320/25 1565/3328/29 
s 1
f 1568/3329/32 1564/3321/28 1563/3322/27 1567/3330/31 
s 2
f 1566/3331/30 1562/3323/26 1564/3324/28 1568/3332/32 
s 1
f 1569/3333/33 1565/3325/29 1566/3326/30 1570/3334/34 
s 2
f 1571/3335/35 1567/3327/31 1565/3328/29 1569/3336/33 
s 1
f 1572/3337/36 1568/3329/32 1567/3330/31 1571/3338/35 
s 2
f 1570/3339/34 1566/3331/30 1568/3332/32 1572/3340/36 
s 1
f 1573/3341/37 1569/3333/33 1570/3334/34 1574/3342/136 
s 2
f 1575/3343/39 1571/3335/35 1569/3336/33 1573/3344/37 
s 1
f 1576/3345/137 1572/3337/36 1571/3338/35 1575/3346/39 
s 2
f 1574/3347/136 1570/3339/34 1572/3340/36 1576/3348/137 
s 1
f 1577/3349/41 1573/3341/37 1574/3342/136 1578/3350/138 
s 2
f 1579/3351/43 1575/3343/39 1573/3344/37 1577/3352/41 
s 1
f 1580/3353/139 1576/3345/137 1575/3346/39 1579/3354/43 
s 2
f 1578/3355/138 1574/3347/136 1576/3348/137 1580/3356/139 
s 1
f 1581/3357/45 1577/3349/41 1578/3350/138 1582/3358/46 
s 2
f 1583/3359/47 1579/3351/43 1577/3352/41 1581/3360/45 
s 1
f 1584/3361/48 1580/3353/139 1579/3354/43 1583/3362/47 
s 2
f 1582/3363/46 1578/3355/138 1580/3356/139 1584/3364/48 
s 1
f 1585/3365/49 1581/3357/45 1582/3358/46 1586/3366/50 
s 2
f 1587/3367/51 1583/3368/47 1581/3369/45 1585/3370/49 
s 1
f 1588/3371/52 1584/3361/48 1583/3362/47 1587/3372/51 
s 2
f 1586/3373/50 1582/3363/46 1584/3364/48 1588/3374/52 
s 1
f 1589/3375/53 1585/3365/49 1586/3366/50 1590/3376/54 
s 2
f 1591/3377/55 1587/3367/51 1585/3370/49 1589/3378/53 
s 1
f 1592/3379/56 1588/3371/52 1587/3372/51 1591/3380/55 
s 2
f 1590/3381/54 1586/3382/50 1588/3383/52 1592/3384/56 
s 1
f 1593/3385/57 1589/3375/53 1590/3376/54 1594/3386/58 
s 2
f 1595/3387/59 1591/3377/55 1589/3378/53 1593/3388/57 
s 1
f 1596/3389/60 1592/3379/56 1591/3380/55 1595/3390/59 
s 2
f 1594/3391/58 1590/3381/54 1592/3384/56 1596/3392/60 
s 1
f 1597/3393/61 1593/3385/57 1594/3386/58 1598/3394/62 
s 2
f 1599/3395/63 1595/3387/59 1593/3388/57 1597/3396/61 
s 1
f 1600/3397/64 1596/3389/60 1595/3390/59 1599/3398/63 
s 2
f 1598/3399/62 1594/3391/58 1596/3392/60 1600/3400/64 
s 1
f 1601/3401/65 1597/3393/61 1598/3394/62 1602/3402/159 
s 2
f 1603/3403/67 1599/3395/63 1597/3396/61 1601/3404/65 
s 1
f 1604/3405/140 1600/3397/64 1599/3398/63 1603/3406/67 
s 2
f 1602/3407/159 1598/3399/62 1600/3400/64 1604/3408/140 
s 1
f 1605/3409/69 1601/3401/65 1602/3402/159 1606/3410/70 
s 2
f 1607/3411/71 1603/3403/67 1601/3404/65 1605/3412/69 
s 1
f 1608/3413/142 1604/3405/140 1603/3406/67 1607/3414/71 
s 2
f 1606/3415/70 1602/3407/159 1604/3408/140 1608/3416/142 
s 1
f 1609/3417/73 1605/3409/69 1606/3410/70 1610/3418/160 
s 2
f 1611/3419/75 1607/3411/71 1605/3412/69 1609/3420/73 
s 1
f 1612/3421/161 1608/3413/142 1607/3414/71 1611/3422/75 
s 2
f 1610/3423/160 1606/3415/70 1608/3416/142 1612/3424/161 
s 1
f 1613/3425/144 1609/3417/73 1610/3418/160 1614/3426/162 
s 2
f 1615/3427/145 1611/3419/75 1609/3420/73 1613/3428/144 
s 1
f 1616/3429/163 1612/3421/161 1611/3422/75 1615/3430/145 
s 2
f 1614/3431/162 1610/3423/160 1612/3424/161 1616/3432/163 
s 1
f 1617/3433/146 1613/3425/144 1614/3426/162 1618/3434/82 
s 2
f 1619/3435/147 1615/3427/145 1613/3428/144 1617/3436/146 
s 1
f 1620/3437/84 1616/3429/163 1615/3430/145 1619/3438/147 
s 2
f 1618/3439/82 1614/3431/162 1616/3432/163 1620/3440/84 
s 1
f 1621/3441/85 1617/3433/146 1618/3434/82 1622/3442/164 
s 2
f 1623/3443/87 1619/3444/147 1617/3445/146 1621/3446/85 
s 1
f 1624/3447/165 1620/3437/84 1619/3438/147 1623/3448/87 
s 2
f 1622/3449/164 1618/3450/82 1620/3451/84 1624/3452/165 
s 1
f 1625/3453/89 1621/3441/85 1622/3442/164 1626/3454/90 
s 2
f 1627/3455/91 1623/3443/87 1621/3446/85 1625/3456/89 
s 1
f 1628/3457/92 1624/3447/165 1623/3448/87 1627/3458/91 
s 2
f 1626/3459/90 1622/3449/164 1624/3452/165 1628/3460/92 
s 1
f 1629/3461/93 1625/3453/89 1626/3454/90 1630/3462/94 
s 2
f 1631/3463/95 1627/3455/91 1625/3456/89 1629/3464/93 
s 1
f 1632/3465/96 1628/3457/92 1627/3458/91 1631/3466/95 
s 2
f 1630/3467/94 1626/3459/90 1628/3460/92 1632/3468/96 
s 1
f 1633/3469/97 1629/3461/93 1630/3462/94 1634/3470/98 
s 2
f 1635/3471/99 1631/3463/95 1629/3464/93 1633/3472/97 
s 1
f 1636/3473/100 1632/3465/96 1631/3466/95 1635/3474/99 
s 2
f 1634/3475/98 1630/3467/94 1632/3468/96 1636/3476/100 
s 1
f 1637/3477/101 1633/3469/97 1634/3470/98 1638/3478/166 
s 2
f 1639/3479/103 1635/3471/99 1633/3472/97 1637/3480/101 
s 1
f 1640/3481/104 1636/3473/100 1635/3474/99 1639/3482/103 
s 2
f 1638/3483/166 1634/3475/98 1636/3476/100 1640/3484/104 
s 1
f 1641/3485/105 1637/3477/101 1638/3478/166 1642/3486/167 
s 2
f 1643/3487/107 1639/3479/103 1637/3480/101 1641/3488/105 
s 1
f 1644/3489/168 1640/3481/104 1639/3482/103 1643/3490/107 
s 2
f 1642/3491/167 1638/3483/166 1640/3484/104 1644/3492/168 
s 1
f 1645/3493/109 1641/3485/105 1642/3486/167 1646/3494/110 
s 2
f 1647/3495/111 1643/3487/107 1641/3488/105 1645/3496/109 
s 1
f 1648/3497/112 1644/3489/168 1643/3490/107 1647/3498/111 
s 2
f 1646/3499/110 1642/3491/167 1644/3492/168 1648/3500/112 
s 1
f 1649/3501/113 1645/3493/109 1646/3494/110 1650/3502/114 
s 2
f 1651/3503/115 1647/3504/111 1645/3505/109 1649/3506/113 
s 1
f 1652/3507/116 1648/3497/112 1647/3498/111 1651/3508/115 
s 2
f 1650/3509/114 1646/3499/110 1648/3500/112 1652/3510/116 
s 1
f 1653/3511/117 1649/3501/113 1650/3502/114 1654/3512/118 
s 2
f 1655/3513/119 1651/3503/115 1649/3506/113 1653/3514/117 
s 1
f 1656/3515/120 1652/3507/116 1651/3508/115 1655/3516/119 
s 2
f 1654/3517/118 1650/3518/114 1652/3519/116 1656/3520/120 
s 1
f 1657/3521/121 1653/3511/117 1654/3512/118 1658/3522/122 
s 2
f 1659/3523/123 1655/3513/119 1653/3514/117 1657/3524/121 
s 1
f 1660/3525/124 1656/3515/120 1655/3516/119 1659/3526/123 
s 2
f 1658/3527/122 1654/3517/118 1656/3520/120 1660/3528/124 
s 1
f 1661/3529/125 1657/3521/121 1658/3522/122 1662/3530/126 
s 2
f 1663/3531/127 1659/3523/123 1657/3524/121 1661/3532/125 
s 1
f 1664/3533/128 1660/3525/124 1659/3526/123 1663/3534/127 
s 2
f 1662/3535/126 1658/3527/122 1660/3528/124 1664/3536/128 
s 1
f 1538/3266/2 1661/3529/125 1662/3530/126 1539/3267/129 
s 2
f 1542/3270/6 1663/3531/127 1661/3532/125 1538/3271/2 
s 1
f 1544/3274/130 1664/3533/128 1663/3534/127 1542/3275/6 
s 2
f 1539/3278/129 1662/3535/126 1664/3536/128 1544/3279/130 
# 1664 polygons

