# 3ds Max Wavefront OBJ Exporter v0.99 - (c)2007 guruware
# File Created: 15.05.2026 23:48:16

mtllib Cuerpo_Dron.mtl

#
# object Cuerpo_Dron
#

v  0.0021 -0.0373 0.1238
v  -0.0038 -0.0373 0.1238
v  -0.0087 -0.0444 0.1098
v  -0.0069 -0.0437 0.1112
v  -0.0045 -0.0431 0.1124
v  -0.0020 -0.0428 0.1130
v  0.0005 -0.0428 0.1130
v  0.0031 -0.0431 0.1124
v  0.0055 -0.0437 0.1112
v  0.0070 -0.0442 0.1101
v  0.0116 -0.0515 0.0382
v  0.0116 -0.0321 0.0381
v  0.0364 -0.0321 0.0381
v  0.0364 -0.0486 0.0381
v  0.0248 -0.0317 0.1078
v  0.0227 -0.0318 0.1024
v  0.0096 -0.0318 0.1024
v  0.0021 -0.0316 0.1238
v  0.0080 -0.0317 0.1222
v  0.0137 -0.0317 0.1184
v  -0.0112 -0.0318 0.1024
v  -0.0243 -0.0318 0.1024
v  -0.0264 -0.0317 0.1078
v  -0.0154 -0.0317 0.1184
v  -0.0096 -0.0317 0.1222
v  -0.0038 -0.0316 0.1238
v  0.0248 -0.0432 0.1078
v  0.0137 -0.0393 0.1184
v  0.0356 -0.0483 0.0884
v  0.0356 -0.0318 0.0883
v  0.0332 -0.0318 0.0950
v  0.0332 -0.0468 0.0950
v  -0.0144 -0.0320 0.0595
v  -0.0132 -0.0321 0.0381
v  -0.0380 -0.0321 0.0381
v  -0.0402 -0.0320 0.0517
v  -0.0336 -0.0320 0.0595
v  -0.0409 -0.0319 0.0673
v  -0.0405 -0.0319 0.0731
v  -0.0321 -0.0319 0.0809
v  -0.0139 -0.0319 0.0809
v  0.0386 -0.0320 0.0517
v  0.0127 -0.0320 0.0595
v  0.0320 -0.0320 0.0595
v  0.0386 -0.0504 0.0518
v  0.0393 -0.0509 0.0674
v  0.0393 -0.0319 0.0673
v  0.0389 -0.0319 0.0731
v  0.0389 -0.0505 0.0732
v  0.0374 -0.0512 0.0652
v  0.0366 -0.0506 0.0755
v  0.0124 -0.0532 0.0755
v  0.0126 -0.0539 0.0652
v  -0.0390 -0.0512 0.0652
v  -0.0142 -0.0539 0.0652
v  -0.0140 -0.0532 0.0755
v  -0.0382 -0.0506 0.0755
v  -0.0405 -0.0505 0.0732
v  -0.0409 -0.0509 0.0674
v  -0.0306 -0.0465 0.0984
v  -0.0348 -0.0468 0.0950
v  -0.0373 -0.0483 0.0884
v  -0.0135 -0.0518 0.0855
v  -0.0354 -0.0494 0.0852
v  -0.0142 -0.0512 0.0879
v  -0.0148 -0.0503 0.0913
v  -0.0150 -0.0495 0.0948
v  -0.0148 -0.0491 0.0965
v  -0.0146 -0.0487 0.0982
v  -0.0373 -0.0318 0.0883
v  -0.0348 -0.0318 0.0950
v  -0.0402 -0.0504 0.0518
v  -0.0380 -0.0486 0.0381
v  -0.0132 -0.0515 0.0382
v  -0.0141 -0.0536 0.0546
v  -0.0381 -0.0510 0.0547
v  0.0338 -0.0494 0.0852
v  0.0133 -0.0486 0.0982
v  0.0290 -0.0465 0.0984
v  0.0136 -0.0494 0.0949
v  0.0135 -0.0502 0.0913
v  0.0129 -0.0511 0.0879
v  0.0122 -0.0518 0.0854
v  0.0125 -0.0536 0.0546
v  0.0365 -0.0510 0.0547
v  0.0044 -0.0532 0.0754
v  0.0046 -0.0532 0.0755
v  0.0019 -0.0533 0.0744
v  -0.0006 -0.0533 0.0740
v  -0.0032 -0.0533 0.0744
v  -0.0056 -0.0532 0.0753
v  -0.0059 -0.0532 0.0755
v  0.0122 -0.0319 0.0809
v  0.0305 -0.0319 0.0809
v  -0.0154 -0.0393 0.1184
v  -0.0264 -0.0432 0.1078
v  0.0243 -0.0447 0.1051
v  0.0080 -0.0379 0.1222
v  0.0077 -0.0445 0.1095
v  0.0096 -0.0455 0.1073
v  0.0111 -0.0465 0.1049
v  -0.0096 -0.0379 0.1222
v  -0.0259 -0.0447 0.1051
v  -0.0125 -0.0466 0.1049
v  -0.0110 -0.0455 0.1073
v  -0.0091 -0.0445 0.1095
v  -0.0409 -0.0509 0.0596
v  -0.0389 -0.0513 0.0596
v  -0.0381 -0.0489 0.0852
v  -0.0402 -0.0502 0.0755
v  -0.0393 -0.0483 0.0809
v  -0.0393 -0.0319 0.0808
v  -0.0313 -0.0451 0.1019
v  -0.0300 -0.0453 0.1020
v  0.0296 -0.0451 0.1019
v  0.0284 -0.0453 0.1020
v  -0.0313 -0.0318 0.1018
v  -0.0409 -0.0320 0.0595
v  0.0385 -0.0502 0.0755
v  0.0365 -0.0489 0.0852
v  0.0377 -0.0483 0.0809
v  0.0377 -0.0319 0.0808
v  0.0393 -0.0509 0.0596
v  0.0372 -0.0513 0.0596
v  0.0393 -0.0320 0.0595
v  0.0296 -0.0318 0.1018
v  -0.0368 -0.0516 0.0598
v  -0.0392 -0.0496 0.0806
v  -0.0271 -0.0458 0.1020
v  0.0255 -0.0458 0.1020
v  0.0376 -0.0496 0.0806
v  0.0352 -0.0516 0.0598
v  -0.0142 -0.0540 0.0598
v  0.0126 -0.0540 0.0598
v  -0.0137 -0.0526 0.0807
v  -0.0112 -0.0526 0.0807
v  -0.0118 -0.0525 0.0816
v  -0.0132 -0.0520 0.0846
v  -0.0134 -0.0519 0.0850
v  0.0105 -0.0525 0.0817
v  0.0099 -0.0526 0.0807
v  0.0121 -0.0526 0.0807
v  0.0118 -0.0520 0.0844
v  -0.0079 -0.0530 0.0769
v  -0.0100 -0.0528 0.0790
v  0.0088 -0.0528 0.0791
v  0.0067 -0.0530 0.0770
v  -0.0352 -0.0503 0.0806
v  0.0336 -0.0503 0.0806
v  -0.0138 -0.0477 0.1016
v  -0.0137 -0.0476 0.1019
v  -0.0139 -0.0478 0.1014
v  -0.0146 -0.0486 0.0983
v  -0.0126 -0.0467 0.1046
v  0.0124 -0.0476 0.1019
v  0.0124 -0.0477 0.1017
v  0.0131 -0.0484 0.0989
v  0.0133 -0.0486 0.0984
v  0.0112 -0.0466 0.1047
v  -0.0135 -0.0518 0.0854
v  0.0119 -0.0519 0.0847
v  0.0019 -0.0512 0.0739
v  -0.0006 -0.0513 0.0735
v  0.0044 -0.0510 0.0748
v  0.0067 -0.0506 0.0763
v  0.0088 -0.0501 0.0784
v  0.0105 -0.0494 0.0809
v  0.0119 -0.0487 0.0839
v  0.0129 -0.0479 0.0871
v  0.0135 -0.0470 0.0905
v  0.0136 -0.0461 0.0940
v  0.0133 -0.0452 0.0975
v  0.0124 -0.0444 0.1008
v  0.0112 -0.0436 0.1039
v  0.0096 -0.0429 0.1067
v  0.0077 -0.0423 0.1090
v  0.0055 -0.0419 0.1108
v  0.0031 -0.0416 0.1120
v  0.0005 -0.0414 0.1126
v  -0.0020 -0.0414 0.1126
v  -0.0045 -0.0416 0.1120
v  -0.0069 -0.0419 0.1107
v  -0.0091 -0.0424 0.1089
v  -0.0110 -0.0429 0.1066
v  -0.0126 -0.0436 0.1039
v  -0.0138 -0.0444 0.1008
v  -0.0146 -0.0453 0.0974
v  -0.0150 -0.0461 0.0939
v  -0.0148 -0.0470 0.0904
v  -0.0142 -0.0479 0.0870
v  -0.0132 -0.0487 0.0838
v  -0.0118 -0.0494 0.0809
v  -0.0100 -0.0501 0.0783
v  -0.0079 -0.0506 0.0763
v  -0.0056 -0.0510 0.0748
v  -0.0141 -0.0464 0.0975
v  -0.0134 -0.0455 0.1008
v  -0.0032 -0.0512 0.0738
v  -0.0144 -0.0472 0.0942
v  -0.0135 -0.0483 0.0944
v  -0.0132 -0.0475 0.0975
v  -0.0055 -0.0519 0.0757
v  -0.0077 -0.0515 0.0772
v  -0.0122 -0.0448 0.1037
v  -0.0107 -0.0441 0.1064
v  0.0019 -0.0521 0.0748
v  -0.0006 -0.0522 0.0745
v  -0.0088 -0.0436 0.1086
v  -0.0067 -0.0431 0.1104
v  0.0128 -0.0463 0.0976
v  0.0131 -0.0472 0.0943
v  0.0029 -0.0428 0.1116
v  0.0053 -0.0431 0.1104
v  -0.0031 -0.0521 0.0748
v  0.0120 -0.0455 0.1008
v  0.0115 -0.0496 0.0845
v  0.0101 -0.0504 0.0816
v  0.0092 -0.0441 0.1065
v  0.0108 -0.0448 0.1038
v  0.0005 -0.0427 0.1122
v  0.0125 -0.0489 0.0876
v  0.0084 -0.0510 0.0792
v  0.0065 -0.0515 0.0772
v  0.0074 -0.0435 0.1087
v  -0.0097 -0.0510 0.0791
v  -0.0044 -0.0428 0.1116
v  -0.0020 -0.0427 0.1122
v  0.0042 -0.0519 0.0757
v  -0.0143 -0.0481 0.0908
v  -0.0138 -0.0489 0.0875
v  0.0130 -0.0480 0.0909
v  -0.0128 -0.0497 0.0844
v  -0.0114 -0.0504 0.0816
v  0.0086 -0.0454 0.1058
v  0.0068 -0.0448 0.1079
v  0.0060 -0.0462 0.1065
v  0.0075 -0.0467 0.1046
v  0.0118 -0.0474 0.0976
v  0.0122 -0.0482 0.0945
v  -0.0120 -0.0506 0.0853
v  -0.0129 -0.0498 0.0882
v  0.0111 -0.0467 0.1006
v  -0.0107 -0.0512 0.0826
v  0.0100 -0.0460 0.1034
v  -0.0051 -0.0526 0.0772
v  -0.0072 -0.0523 0.0785
v  -0.0006 -0.0529 0.0760
v  -0.0029 -0.0528 0.0763
v  0.0049 -0.0444 0.1095
v  0.0017 -0.0528 0.0763
v  0.0107 -0.0505 0.0853
v  0.0094 -0.0512 0.0827
v  -0.0041 -0.0442 0.1106
v  -0.0019 -0.0440 0.1112
v  0.0078 -0.0518 0.0804
v  0.0060 -0.0523 0.0786
v  0.0116 -0.0498 0.0882
v  -0.0063 -0.0444 0.1095
v  -0.0114 -0.0460 0.1033
v  -0.0100 -0.0454 0.1058
v  0.0121 -0.0490 0.0913
v  0.0004 -0.0440 0.1112
v  -0.0125 -0.0467 0.1005
v  -0.0134 -0.0491 0.0912
v  0.0027 -0.0442 0.1106
v  0.0039 -0.0526 0.0772
v  -0.0091 -0.0518 0.0804
v  -0.0083 -0.0449 0.1079
v  0.0003 -0.0455 0.1094
v  -0.0017 -0.0455 0.1094
v  -0.0016 -0.0466 0.1078
v  0.0002 -0.0466 0.1078
v  -0.0081 -0.0524 0.0822
v  -0.0095 -0.0519 0.0842
v  -0.0117 -0.0486 0.0973
v  -0.0111 -0.0479 0.1000
v  -0.0074 -0.0462 0.1064
v  -0.0056 -0.0459 0.1079
v  -0.0064 -0.0528 0.0805
v  -0.0089 -0.0467 0.1046
v  0.0052 -0.0528 0.0806
v  0.0034 -0.0531 0.0794
v  -0.0120 -0.0492 0.0946
v  0.0104 -0.0485 0.0974
v  0.0107 -0.0492 0.0946
v  -0.0106 -0.0513 0.0865
v  -0.0114 -0.0506 0.0891
v  0.0097 -0.0479 0.1000
v  0.0088 -0.0472 0.1025
v  -0.0046 -0.0531 0.0793
v  -0.0006 -0.0533 0.0784
v  -0.0026 -0.0533 0.0786
v  0.0042 -0.0459 0.1079
v  0.0014 -0.0533 0.0786
v  0.0093 -0.0513 0.0866
v  0.0082 -0.0519 0.0842
v  -0.0037 -0.0456 0.1089
v  0.0068 -0.0524 0.0822
v  0.0101 -0.0506 0.0891
v  -0.0102 -0.0473 0.1024
v  0.0106 -0.0499 0.0918
v  -0.0119 -0.0500 0.0918
v  0.0023 -0.0456 0.1089
v  -0.0006 -0.0536 0.0802
v  0.0012 -0.0535 0.0805
v  0.0029 -0.0533 0.0811
v  0.0045 -0.0531 0.0822
v  0.0060 -0.0527 0.0837
v  0.0072 -0.0522 0.0855
v  0.0082 -0.0517 0.0875
v  0.0089 -0.0511 0.0898
v  0.0093 -0.0505 0.0922
v  0.0094 -0.0499 0.0947
v  0.0091 -0.0493 0.0972
v  0.0086 -0.0487 0.0995
v  0.0077 -0.0481 0.1017
v  0.0066 -0.0477 0.1036
v  0.0052 -0.0473 0.1052
v  0.0037 -0.0469 0.1065
v  0.0020 -0.0467 0.1074
v  -0.0034 -0.0467 0.1074
v  -0.0051 -0.0469 0.1065
v  -0.0066 -0.0473 0.1052
v  -0.0080 -0.0477 0.1036
v  -0.0091 -0.0482 0.1016
v  -0.0100 -0.0487 0.0995
v  -0.0105 -0.0493 0.0971
v  -0.0107 -0.0499 0.0946
v  -0.0107 -0.0506 0.0922
v  -0.0102 -0.0512 0.0898
v  -0.0095 -0.0517 0.0875
v  -0.0085 -0.0523 0.0854
v  -0.0073 -0.0527 0.0836
v  -0.0058 -0.0531 0.0822
v  -0.0042 -0.0533 0.0811
v  -0.0024 -0.0535 0.0805
v  -0.0000 -0.0373 -0.1563
v  -0.0000 0.0251 -0.1566
v  0.0218 0.0251 -0.1551
v  0.0218 -0.0373 -0.1547
v  0.0431 0.0252 -0.1505
v  0.0431 -0.0372 -0.1502
v  0.0636 0.0252 -0.1431
v  0.0636 -0.0372 -0.1427
v  0.0829 0.0253 -0.1328
v  0.0829 -0.0371 -0.1325
v  0.1006 0.0253 -0.1200
v  0.1006 -0.0371 -0.1197
v  0.1163 0.0254 -0.1048
v  0.1163 -0.0370 -0.1045
v  0.1297 0.0255 -0.0876
v  0.1297 -0.0369 -0.0873
v  0.1406 0.0256 -0.0687
v  0.1406 -0.0368 -0.0684
v  0.1488 0.0257 -0.0485
v  0.1488 -0.0367 -0.0482
v  0.1541 0.0258 -0.0273
v  0.1541 -0.0366 -0.0270
v  0.1564 0.0259 -0.0056
v  0.1564 -0.0365 -0.0053
v  0.1556 0.0260 0.0162
v  0.1556 -0.0364 0.0165
v  0.1518 0.0261 0.0377
v  0.1518 -0.0363 0.0380
v  0.1451 0.0263 0.0585
v  0.1451 -0.0362 0.0588
v  0.1355 0.0264 0.0781
v  0.1355 -0.0360 0.0784
v  0.1233 0.0265 0.0962
v  0.1233 -0.0360 0.0965
v  0.1087 0.0265 0.1124
v  0.1087 -0.0359 0.1127
v  0.0920 0.0266 0.1264
v  0.0920 -0.0358 0.1268
v  0.0734 0.0267 0.1380
v  0.0734 -0.0357 0.1383
v  0.0535 0.0267 0.1469
v  0.0535 -0.0357 0.1472
v  0.0325 0.0267 0.1529
v  0.0325 -0.0357 0.1532
v  0.0109 0.0268 0.1559
v  0.0109 -0.0356 0.1563
v  -0.0109 0.0268 0.1559
v  -0.0109 -0.0356 0.1563
v  -0.0325 0.0267 0.1529
v  -0.0325 -0.0357 0.1532
v  -0.0535 0.0267 0.1469
v  -0.0535 -0.0357 0.1472
v  -0.0734 0.0267 0.1380
v  -0.0734 -0.0357 0.1383
v  -0.0920 0.0266 0.1264
v  -0.0920 -0.0358 0.1268
v  -0.1087 0.0265 0.1124
v  -0.1087 -0.0359 0.1127
v  -0.1233 0.0265 0.0962
v  -0.1233 -0.0360 0.0965
v  -0.1355 0.0264 0.0781
v  -0.1355 -0.0360 0.0784
v  -0.1451 0.0263 0.0585
v  -0.1451 -0.0362 0.0588
v  -0.1518 0.0261 0.0377
v  -0.1518 -0.0363 0.0380
v  -0.1556 0.0260 0.0162
v  -0.1556 -0.0364 0.0165
v  -0.1564 0.0259 -0.0056
v  -0.1564 -0.0365 -0.0053
v  -0.1541 0.0258 -0.0273
v  -0.1541 -0.0366 -0.0270
v  -0.1488 0.0257 -0.0485
v  -0.1488 -0.0367 -0.0482
v  -0.1406 0.0256 -0.0687
v  -0.1406 -0.0368 -0.0684
v  -0.1297 0.0255 -0.0876
v  -0.1297 -0.0369 -0.0873
v  -0.1163 0.0254 -0.1048
v  -0.1163 -0.0370 -0.1045
v  -0.1006 0.0253 -0.1200
v  -0.1006 -0.0371 -0.1197
v  -0.0829 0.0253 -0.1328
v  -0.0829 -0.0371 -0.1325
v  -0.0636 0.0252 -0.1431
v  -0.0636 -0.0372 -0.1427
v  -0.0431 0.0252 -0.1505
v  -0.0431 -0.0372 -0.1502
v  -0.0313 0.0267 0.1471
v  -0.0515 0.0267 0.1413
v  -0.0218 0.0251 -0.1551
v  -0.0218 -0.0373 -0.1547
v  0.1146 -0.0371 0.0897
v  0.1259 -0.0372 0.0729
v  0.0302 -0.0369 0.1424
v  0.0101 -0.0369 0.1453
v  0.0101 -0.0312 0.1452
v  0.0302 -0.0312 0.1424
v  -0.0497 -0.0369 0.1368
v  -0.0302 -0.0369 0.1424
v  -0.1453 -0.0376 -0.0049
v  -0.1446 -0.0375 0.0154
v  -0.0401 -0.0383 -0.1396
v  -0.0591 -0.0383 -0.1327
v  0.0591 -0.0383 -0.1327
v  0.0401 -0.0383 -0.1396
v  0.1446 -0.0375 0.0154
v  0.1453 -0.0376 -0.0049
v  0.0497 -0.0369 0.1368
v  -0.1259 -0.0372 0.0729
v  -0.1146 -0.0371 0.0897
v  -0.1081 -0.0381 -0.0971
v  -0.1206 -0.0380 -0.0811
v  0.1307 -0.0379 -0.0636
v  0.1206 -0.0380 -0.0811
v  0.1010 -0.0371 0.1048
v  -0.0683 -0.0369 0.1286
v  -0.1432 -0.0377 -0.0251
v  -0.0202 -0.0384 -0.1438
v  0.0771 -0.0383 -0.1231
v  0.1411 -0.0374 0.0354
v  -0.1348 -0.0373 0.0547
v  -0.0935 -0.0382 -0.1112
v  0.1383 -0.0378 -0.0447
v  0.0855 -0.0370 0.1178
v  -0.0855 -0.0370 0.1178
v  -0.1383 -0.0378 -0.0447
v  -0.0000 -0.0384 -0.1452
v  0.0935 -0.0382 -0.1112
v  0.1348 -0.0373 0.0547
v  -0.0101 -0.0369 0.1453
v  0.0202 -0.0384 -0.1438
v  -0.1411 -0.0374 0.0354
v  -0.0771 -0.0383 -0.1231
v  0.1432 -0.0377 -0.0251
v  0.0683 -0.0369 0.1286
v  -0.1010 -0.0371 0.1048
v  -0.1307 -0.0379 -0.0636
v  0.1081 -0.0381 -0.0971
v  -0.0000 -0.0327 -0.1453
v  0.0202 -0.0327 -0.1438
v  0.0401 -0.0327 -0.1396
v  0.0591 -0.0327 -0.1327
v  0.0771 -0.0326 -0.1232
v  0.0935 -0.0326 -0.1112
v  0.1081 -0.0325 -0.0971
v  0.1206 -0.0324 -0.0812
v  0.1307 -0.0323 -0.0636
v  0.1383 -0.0322 -0.0448
v  0.1432 -0.0321 -0.0251
v  0.1453 -0.0320 -0.0049
v  0.1446 -0.0319 0.0154
v  0.1411 -0.0318 0.0353
v  0.1348 -0.0317 0.0546
v  0.1259 -0.0316 0.0729
v  0.1146 -0.0315 0.0897
v  0.1010 -0.0314 0.1048
v  0.0855 -0.0314 0.1178
v  0.0683 -0.0313 0.1286
v  0.0497 -0.0313 0.1368
v  -0.0101 -0.0312 0.1452
v  -0.0302 -0.0312 0.1424
v  -0.0497 -0.0313 0.1368
v  -0.0683 -0.0313 0.1286
v  -0.0855 -0.0314 0.1178
v  -0.1010 -0.0314 0.1048
v  -0.1146 -0.0315 0.0897
v  -0.1259 -0.0316 0.0729
v  -0.1348 -0.0317 0.0546
v  -0.1411 -0.0318 0.0353
v  -0.1446 -0.0319 0.0154
v  -0.1453 -0.0320 -0.0049
v  -0.1432 -0.0321 -0.0251
v  -0.1383 -0.0322 -0.0448
v  -0.1307 -0.0323 -0.0636
v  -0.1206 -0.0324 -0.0812
v  -0.1081 -0.0325 -0.0971
v  -0.0935 -0.0326 -0.1112
v  -0.0771 -0.0326 -0.1232
v  -0.0591 -0.0327 -0.1327
v  -0.0401 -0.0327 -0.1396
v  -0.0202 -0.0327 -0.1438
v  -0.1045 0.0265 0.1081
v  -0.0885 0.0266 0.1216
v  -0.0885 0.0209 0.1217
v  -0.1045 0.0209 0.1082
v  -0.1497 0.0260 0.0156
v  -0.1504 0.0259 -0.0054
v  -0.0612 0.0252 -0.1376
v  -0.0415 0.0252 -0.1448
v  0.0415 0.0252 -0.1448
v  0.0612 0.0252 -0.1376
v  0.1504 0.0259 -0.0054
v  0.1497 0.0260 0.0156
v  0.0515 0.0267 0.1413
v  0.0313 0.0267 0.1471
v  -0.1186 0.0264 0.0925
v  -0.1303 0.0263 0.0751
v  -0.1248 0.0255 -0.0843
v  -0.1118 0.0254 -0.1008
v  0.1248 0.0255 -0.0843
v  0.1353 0.0256 -0.0661
v  0.1186 0.0264 0.0925
v  0.1045 0.0265 0.1081
v  -0.0707 0.0266 0.1327
v  -0.1482 0.0258 -0.0263
v  -0.0209 0.0252 -0.1492
v  0.0798 0.0253 -0.1278
v  0.1460 0.0261 0.0363
v  0.0105 0.0267 0.1500
v  -0.1395 0.0262 0.0562
v  -0.0967 0.0254 -0.1154
v  0.1431 0.0257 -0.0466
v  0.0885 0.0266 0.1216
v  -0.1431 0.0257 -0.0466
v  -0.0000 0.0252 -0.1506
v  0.0967 0.0254 -0.1154
v  0.1395 0.0262 0.0562
v  -0.0105 0.0267 0.1500
v  0.0209 0.0252 -0.1492
v  -0.1460 0.0261 0.0363
v  -0.0798 0.0253 -0.1278
v  0.1482 0.0258 -0.0263
v  0.0707 0.0266 0.1327
v  -0.1353 0.0256 -0.0661
v  0.1118 0.0254 -0.1008
v  0.1303 0.0263 0.0751
v  0.0967 0.0197 -0.1154
v  0.0798 0.0196 -0.1277
v  0.0745 0.0197 -0.1193
v  0.0903 0.0197 -0.1078
v  0.1395 0.0206 0.0563
v  0.1303 0.0207 0.0751
v  -0.0798 0.0196 -0.1277
v  -0.0612 0.0196 -0.1376
v  0.0209 0.0195 -0.1491
v  0.0415 0.0196 -0.1448
v  -0.1186 0.0208 0.0926
v  0.1186 0.0208 0.0926
v  -0.0415 0.0196 -0.1448
v  0.0612 0.0196 -0.1376
v  -0.1303 0.0207 0.0751
v  0.1045 0.0209 0.1082
v  -0.0209 0.0195 -0.1491
v  -0.1395 0.0206 0.0563
v  0.0885 0.0209 0.1217
v  -0.0000 0.0195 -0.1506
v  -0.1460 0.0205 0.0363
v  0.0707 0.0210 0.1328
v  0.1118 0.0198 -0.1008
v  -0.1497 0.0204 0.0156
v  0.0515 0.0210 0.1413
v  0.1248 0.0199 -0.0843
v  -0.1504 0.0203 -0.0054
v  0.0313 0.0211 0.1471
v  0.1353 0.0200 -0.0661
v  -0.1482 0.0202 -0.0262
v  0.0105 0.0211 0.1500
v  0.1431 0.0201 -0.0466
v  -0.1431 0.0201 -0.0466
v  -0.0105 0.0211 0.1500
v  0.1482 0.0202 -0.0262
v  -0.1353 0.0200 -0.0661
v  -0.0313 0.0211 0.1471
v  0.1504 0.0203 -0.0054
v  -0.1248 0.0199 -0.0843
v  -0.0515 0.0210 0.1413
v  0.1497 0.0204 0.0156
v  -0.1118 0.0198 -0.1008
v  -0.0707 0.0210 0.1328
v  0.1460 0.0205 0.0363
v  -0.0967 0.0197 -0.1154
v  0.1337 0.0201 -0.0435
v  0.1263 0.0200 -0.0617
v  0.1224 0.0253 -0.0599
v  0.1296 0.0254 -0.0422
v  -0.1303 0.0206 0.0525
v  -0.1364 0.0205 0.0339
v  0.0826 0.0209 0.1136
v  0.0660 0.0209 0.1240
v  0.1045 0.0198 -0.0942
v  -0.1398 0.0204 0.0146
v  0.0481 0.0210 0.1320
v  0.1165 0.0199 -0.0787
v  -0.1405 0.0203 -0.0050
v  0.0292 0.0210 0.1374
v  -0.1384 0.0202 -0.0245
v  0.0098 0.0210 0.1401
v  -0.1337 0.0201 -0.0435
v  -0.0098 0.0210 0.1401
v  0.1384 0.0202 -0.0245
v  -0.1263 0.0200 -0.0617
v  -0.0292 0.0210 0.1374
v  0.1405 0.0203 -0.0050
v  -0.1165 0.0199 -0.0787
v  -0.0481 0.0210 0.1320
v  0.1398 0.0204 0.0146
v  -0.1045 0.0198 -0.0942
v  -0.0660 0.0209 0.1240
v  0.1364 0.0205 0.0339
v  -0.0903 0.0197 -0.1078
v  -0.0826 0.0209 0.1136
v  0.1303 0.0206 0.0525
v  -0.0745 0.0197 -0.1193
v  -0.0000 0.0196 -0.1407
v  0.0196 0.0196 -0.1393
v  -0.0976 0.0208 0.1010
v  0.1217 0.0207 0.0702
v  -0.0572 0.0196 -0.1285
v  0.0387 0.0196 -0.1352
v  -0.1108 0.0208 0.0864
v  0.1108 0.0208 0.0864
v  -0.0387 0.0196 -0.1352
v  0.0572 0.0196 -0.1285
v  -0.1217 0.0207 0.0702
v  0.0976 0.0208 0.1010
v  -0.0196 0.0196 -0.1393
v  -0.0640 0.0262 0.1201
v  -0.0466 0.0263 0.1279
v  -0.0443 0.0318 0.1215
v  -0.0608 0.0318 0.1142
v  -0.1342 0.0255 -0.0238
v  -0.1296 0.0254 -0.0422
v  0.0095 0.0263 0.1358
v  -0.0095 0.0263 0.1358
v  0.1342 0.0255 -0.0238
v  -0.1224 0.0253 -0.0599
v  -0.0283 0.0263 0.1331
v  0.1361 0.0256 -0.0049
v  -0.1129 0.0252 -0.0763
v  0.1355 0.0257 0.0141
v  -0.1012 0.0251 -0.0913
v  0.1322 0.0258 0.0328
v  -0.0876 0.0251 -0.1045
v  -0.0801 0.0262 0.1101
v  0.1263 0.0259 0.0509
v  -0.0722 0.0250 -0.1157
v  -0.0000 0.0249 -0.1364
v  0.0190 0.0249 -0.1350
v  -0.0946 0.0261 0.0979
v  0.1180 0.0260 0.0680
v  -0.0554 0.0250 -0.1246
v  0.0375 0.0249 -0.1311
v  -0.1073 0.0261 0.0837
v  0.1073 0.0261 0.0837
v  -0.0375 0.0249 -0.1311
v  0.0554 0.0250 -0.1246
v  -0.1180 0.0260 0.0680
v  0.0946 0.0261 0.0979
v  -0.0190 0.0249 -0.1350
v  0.0722 0.0250 -0.1157
v  -0.1263 0.0259 0.0509
v  0.0801 0.0262 0.1101
v  0.0876 0.0251 -0.1045
v  -0.1322 0.0258 0.0328
v  0.0640 0.0262 0.1201
v  0.1012 0.0251 -0.0913
v  -0.1355 0.0257 0.0141
v  0.0466 0.0263 0.1279
v  0.1129 0.0252 -0.0763
v  -0.1361 0.0256 -0.0049
v  0.0283 0.0263 0.1331
v  0.0527 0.0306 -0.1185
v  0.0357 0.0305 -0.1246
v  0.0324 0.0361 -0.1132
v  0.0478 0.0361 -0.1076
v  0.1288 0.0313 0.0134
v  0.1257 0.0313 0.0312
v  -0.0962 0.0307 -0.0868
v  -0.0832 0.0307 -0.0994
v  -0.0761 0.0317 0.1046
v  0.1201 0.0314 0.0484
v  -0.0686 0.0306 -0.1100
v  -0.0000 0.0305 -0.1297
v  0.0180 0.0305 -0.1284
v  -0.0900 0.0317 0.0930
v  0.1122 0.0315 0.0646
v  -0.0527 0.0306 -0.1185
v  -0.1020 0.0316 0.0796
v  0.1020 0.0316 0.0796
v  -0.0357 0.0305 -0.1246
v  -0.1122 0.0315 0.0646
v  0.0900 0.0317 0.0930
v  -0.0180 0.0305 -0.1284
v  0.0686 0.0306 -0.1100
v  -0.1201 0.0314 0.0484
v  0.0761 0.0317 0.1046
v  0.0832 0.0307 -0.0994
v  -0.1257 0.0313 0.0312
v  0.0608 0.0318 0.1142
v  0.0962 0.0307 -0.0868
v  -0.1288 0.0313 0.0134
v  0.0443 0.0318 0.1215
v  0.1074 0.0308 -0.0726
v  -0.1294 0.0312 -0.0047
v  0.0269 0.0318 0.1265
v  0.1164 0.0309 -0.0569
v  -0.1275 0.0311 -0.0226
v  0.0090 0.0319 0.1290
v  0.1232 0.0310 -0.0402
v  -0.1232 0.0310 -0.0402
v  -0.0090 0.0319 0.1290
v  0.1275 0.0311 -0.0226
v  -0.1164 0.0309 -0.0569
v  -0.0269 0.0318 0.1265
v  0.1294 0.0312 -0.0047
v  -0.1074 0.0308 -0.0726
v  0.0974 0.0364 -0.0659
v  0.0873 0.0363 -0.0788
v  0.0782 0.0394 -0.0706
v  0.0872 0.0394 -0.0590
v  -0.0926 0.0371 0.0722
v  -0.1018 0.0370 0.0586
v  0.0926 0.0371 0.0722
v  0.0816 0.0371 0.0844
v  -0.0324 0.0361 -0.1132
v  -0.0164 0.0361 -0.1166
v  0.0623 0.0362 -0.0999
v  -0.1090 0.0369 0.0438
v  0.0691 0.0372 0.0949
v  -0.0000 0.0361 -0.1177
v  0.0756 0.0362 -0.0902
v  -0.1140 0.0368 0.0282
v  0.0552 0.0372 0.1036
v  -0.1169 0.0368 0.0121
v  0.0402 0.0373 0.1103
v  -0.1175 0.0367 -0.0043
v  0.0244 0.0373 0.1148
v  0.1056 0.0364 -0.0517
v  -0.1158 0.0366 -0.0206
v  0.0082 0.0373 0.1171
v  0.1118 0.0365 -0.0365
v  -0.1118 0.0365 -0.0365
v  -0.0082 0.0373 0.1171
v  0.1158 0.0366 -0.0206
v  -0.1056 0.0364 -0.0517
v  -0.0244 0.0373 0.1148
v  0.1175 0.0367 -0.0043
v  -0.0974 0.0364 -0.0659
v  -0.0402 0.0373 0.1103
v  0.1169 0.0368 0.0121
v  -0.0873 0.0363 -0.0788
v  -0.0552 0.0372 0.1036
v  0.1140 0.0368 0.0282
v  -0.0756 0.0362 -0.0902
v  -0.0691 0.0372 0.0949
v  0.1090 0.0369 0.0438
v  -0.0623 0.0362 -0.0999
v  0.0164 0.0361 -0.1166
v  -0.0816 0.0371 0.0844
v  0.1018 0.0370 0.0586
v  -0.0478 0.0361 -0.1076
v  0.0146 0.0392 -0.1044
v  -0.0000 0.0392 -0.1054
v  -0.0146 0.0392 -0.1044
v  -0.0290 0.0392 -0.1013
v  -0.0428 0.0392 -0.0963
v  -0.0558 0.0393 -0.0894
v  -0.0676 0.0393 -0.0808
v  -0.0782 0.0394 -0.0706
v  -0.0872 0.0394 -0.0590
v  -0.0946 0.0395 -0.0463
v  -0.1001 0.0396 -0.0327
v  -0.1036 0.0396 -0.0185
v  -0.1052 0.0397 -0.0039
v  -0.1046 0.0398 0.0108
v  -0.1021 0.0399 0.0252
v  -0.0976 0.0399 0.0392
v  -0.0911 0.0400 0.0524
v  -0.0829 0.0401 0.0646
v  -0.0731 0.0401 0.0755
v  -0.0618 0.0402 0.0849
v  -0.0494 0.0402 0.0927
v  -0.0360 0.0402 0.0987
v  -0.0219 0.0403 0.1027
v  -0.0073 0.0403 0.1048
v  0.0073 0.0403 0.1048
v  0.0219 0.0403 0.1027
v  0.0360 0.0402 0.0987
v  0.0494 0.0402 0.0927
v  0.0618 0.0402 0.0849
v  0.0731 0.0401 0.0755
v  0.0829 0.0401 0.0646
v  0.0911 0.0400 0.0524
v  0.0976 0.0399 0.0392
v  0.1021 0.0399 0.0252
v  0.1046 0.0398 0.0108
v  0.1052 0.0397 -0.0039
v  0.1036 0.0396 -0.0185
v  0.1001 0.0396 -0.0327
v  0.0946 0.0395 -0.0463
v  0.0676 0.0393 -0.0808
v  0.0558 0.0393 -0.0894
v  0.0428 0.0392 -0.0963
v  0.0290 0.0392 -0.1013
v  0.1985 -0.0170 0.0834
v  0.2164 -0.0147 0.0822
v  0.2165 -0.0153 0.0839
v  0.1988 -0.0176 0.0852
v  0.2479 0.0171 0.0836
v  0.2305 0.0141 0.0799
v  0.2302 0.0146 0.0811
v  0.2475 0.0176 0.0848
v  0.2646 0.0203 0.0897
v  0.2640 0.0208 0.0908
v  0.2802 0.0237 0.0981
v  0.2794 0.0242 0.0991
v  0.2944 0.0273 0.1086
v  0.2935 0.0277 0.1095
v  0.3071 0.0309 0.1209
v  0.3060 0.0313 0.1217
v  0.3178 0.0344 0.1350
v  0.3167 0.0348 0.1357
v  0.3264 0.0379 0.1505
v  0.3252 0.0383 0.1510
v  0.3328 0.0413 0.1670
v  0.3315 0.0416 0.1673
v  0.3368 0.0444 0.1843
v  0.3354 0.0446 0.1845
v  0.3383 0.0472 0.2021
v  0.3370 0.0474 0.2021
v  0.3373 0.0497 0.2199
v  0.3360 0.0499 0.2197
v  0.3339 0.0518 0.2375
v  0.3326 0.0520 0.2372
v  0.3280 0.0535 0.2545
v  0.3268 0.0537 0.2540
v  0.3199 0.0547 0.2706
v  0.3187 0.0549 0.2699
v  0.3096 0.0554 0.2854
v  0.3085 0.0556 0.2845
v  0.2974 0.0557 0.2987
v  0.2964 0.0558 0.2977
v  0.2834 0.0554 0.3101
v  0.2827 0.0556 0.3091
v  0.2681 0.0546 0.3196
v  0.2675 0.0548 0.3184
v  0.2516 0.0534 0.3269
v  0.2512 0.0536 0.3256
v  0.2344 0.0517 0.3318
v  0.2341 0.0519 0.3305
v  0.2166 0.0496 0.3343
v  0.2165 0.0498 0.3330
v  0.1988 0.0471 0.3343
v  0.1988 0.0473 0.3330
v  0.1811 0.0442 0.3319
v  0.1813 0.0445 0.3306
v  0.1640 0.0411 0.3270
v  0.1644 0.0414 0.3257
v  0.1478 0.0377 0.3197
v  0.1484 0.0381 0.3185
v  0.1329 0.0342 0.3103
v  0.1336 0.0346 0.3092
v  0.1194 0.0307 0.2988
v  0.1203 0.0311 0.2978
v  0.1077 0.0271 0.2855
v  0.1087 0.0275 0.2847
v  0.0980 0.0235 0.2707
v  0.0991 0.0240 0.2700
v  0.0905 0.0201 0.2547
v  0.0916 0.0206 0.2541
v  0.0853 0.0169 0.2377
v  0.0865 0.0174 0.2373
v  0.0825 0.0139 0.2201
v  0.0838 0.0145 0.2199
v  0.0823 0.0112 0.2023
v  0.0835 0.0118 0.2023
v  0.0845 0.0089 0.1845
v  0.0857 0.0095 0.1847
v  0.0892 0.0070 0.1672
v  0.0903 0.0077 0.1675
v  0.0962 0.0056 0.1506
v  0.0972 0.0062 0.1511
v  0.1054 0.0046 0.1352
v  0.1064 0.0053 0.1358
v  0.1167 0.0041 0.1211
v  0.1176 0.0048 0.1219
v  0.1298 0.0041 0.1087
v  0.1305 0.0048 0.1096
v  0.1444 0.0046 0.0982
v  0.1450 0.0053 0.0992
v  0.1604 0.0057 0.0898
v  0.1608 0.0063 0.0909
v  0.1773 0.0071 0.0837
v  0.1776 0.0078 0.0848
v  0.1948 0.0091 0.0799
v  0.1949 0.0097 0.0811
v  0.2127 0.0114 0.0787
v  0.2126 0.0120 0.0799
v  0.2315 -0.0068 0.0966
v  0.2471 -0.0041 0.0999
v  0.2443 0.0160 0.0969
v  0.2287 0.0133 0.0936
v  0.2453 0.0183 0.0918
v  0.2291 0.0155 0.0883
v  0.2289 0.0153 0.0896
v  0.2450 0.0180 0.0930
v  0.2609 0.0213 0.0975
v  0.2604 0.0210 0.0987
v  0.2755 0.0245 0.1053
v  0.2748 0.0242 0.1064
v  0.2888 0.0279 0.1150
v  0.2880 0.0275 0.1161
v  0.3005 0.0312 0.1266
v  0.2996 0.0308 0.1275
v  0.3105 0.0346 0.1397
v  0.3095 0.0341 0.1405
v  0.3186 0.0378 0.1542
v  0.3175 0.0373 0.1548
v  0.3245 0.0409 0.1696
v  0.3234 0.0404 0.1701
v  0.3282 0.0438 0.1858
v  0.3270 0.0433 0.1861
v  0.3297 0.0465 0.2023
v  0.3284 0.0459 0.2024
v  0.3288 0.0488 0.2190
v  0.3275 0.0482 0.2189
v  0.3255 0.0507 0.2354
v  0.3244 0.0501 0.2352
v  0.3201 0.0523 0.2513
v  0.3190 0.0517 0.2508
v  0.3125 0.0534 0.2662
v  0.3114 0.0528 0.2657
v  0.3029 0.0541 0.2801
v  0.3019 0.0535 0.2793
v  0.2915 0.0544 0.2924
v  0.2907 0.0537 0.2916
v  0.2785 0.0541 0.3032
v  0.2778 0.0534 0.3022
v  0.2642 0.0534 0.3120
v  0.2637 0.0527 0.3109
v  0.2488 0.0522 0.3188
v  0.2485 0.0516 0.3177
v  0.2327 0.0506 0.3234
v  0.2325 0.0500 0.3222
v  0.2161 0.0487 0.3257
v  0.2161 0.0481 0.3245
v  0.1995 0.0463 0.3257
v  0.1996 0.0457 0.3245
v  0.1830 0.0437 0.3234
v  0.1833 0.0431 0.3223
v  0.1671 0.0407 0.3189
v  0.1676 0.0402 0.3177
v  0.1520 0.0376 0.3121
v  0.1526 0.0371 0.3110
v  0.1380 0.0344 0.3033
v  0.1388 0.0339 0.3023
v  0.1254 0.0310 0.2926
v  0.1264 0.0306 0.2917
v  0.1145 0.0277 0.2802
v  0.1156 0.0273 0.2795
v  0.1055 0.0244 0.2664
v  0.1066 0.0240 0.2658
v  0.0984 0.0212 0.2514
v  0.0997 0.0209 0.2510
v  0.0936 0.0182 0.2356
v  0.0949 0.0179 0.2353
v  0.0910 0.0154 0.2192
v  0.0923 0.0151 0.2191
v  0.0908 0.0129 0.2025
v  0.0921 0.0127 0.2026
v  0.0928 0.0107 0.1859
v  0.0941 0.0105 0.1862
v  0.0972 0.0090 0.1698
v  0.0984 0.0088 0.1702
v  0.1037 0.0076 0.1543
v  0.1049 0.0074 0.1549
v  0.1124 0.0067 0.1399
v  0.1135 0.0065 0.1407
v  0.1229 0.0062 0.1267
v  0.1239 0.0061 0.1277
v  0.1351 0.0063 0.1152
v  0.1360 0.0061 0.1162
v  0.1488 0.0067 0.1054
v  0.1495 0.0066 0.1065
v  0.1637 0.0077 0.0975
v  0.1642 0.0075 0.0987
v  0.1794 0.0091 0.0918
v  0.1798 0.0089 0.0931
v  0.1958 0.0109 0.0883
v  0.1960 0.0106 0.0897
v  0.2125 0.0130 0.0872
v  0.2125 0.0128 0.0885
v  0.1996 -0.0113 0.0966
v  0.2156 -0.0092 0.0955
v  0.2128 0.0109 0.0925
v  0.1968 0.0088 0.0936
v  0.1996 -0.0165 0.0920
v  0.2163 -0.0143 0.0908
v  0.2162 -0.0132 0.0924
v  0.1997 -0.0154 0.0936
v  0.2493 -0.0090 0.0954
v  0.2649 -0.0060 0.1011
v  0.2640 -0.0050 0.1026
v  0.2486 -0.0080 0.0970
v  0.2795 -0.0028 0.1090
v  0.2784 -0.0018 0.1103
v  0.2620 -0.0012 0.1053
v  0.2592 0.0189 0.1024
v  0.2928 0.0005 0.1188
v  0.2916 0.0014 0.1200
v  0.2760 0.0019 0.1128
v  0.2732 0.0220 0.1098
v  0.3046 0.0039 0.1304
v  0.3032 0.0048 0.1314
v  0.2887 0.0050 0.1222
v  0.2859 0.0251 0.1192
v  0.3147 0.0073 0.1435
v  0.3131 0.0081 0.1444
v  0.3000 0.0082 0.1333
v  0.2972 0.0284 0.1303
v  0.3228 0.0105 0.1580
v  0.3211 0.0113 0.1587
v  0.3096 0.0114 0.1459
v  0.3068 0.0316 0.1429
v  0.3287 0.0137 0.1735
v  0.3269 0.0144 0.1739
v  0.3173 0.0146 0.1597
v  0.3145 0.0347 0.1567
v  0.3325 0.0166 0.1897
v  0.3306 0.0172 0.1899
v  0.3230 0.0176 0.1745
v  0.3202 0.0377 0.1715
v  0.3339 0.0192 0.2063
v  0.3320 0.0198 0.2063
v  0.3266 0.0203 0.1900
v  0.3238 0.0405 0.1870
v  0.3330 0.0215 0.2230
v  0.3311 0.0221 0.2227
v  0.3280 0.0229 0.2059
v  0.3251 0.0430 0.2029
v  0.3297 0.0235 0.2395
v  0.3279 0.0241 0.2390
v  0.3271 0.0251 0.2219
v  0.3243 0.0452 0.2189
v  0.3243 0.0251 0.2554
v  0.3225 0.0256 0.2546
v  0.3240 0.0270 0.2376
v  0.3212 0.0471 0.2346
v  0.3166 0.0262 0.2704
v  0.3150 0.0267 0.2694
v  0.3188 0.0285 0.2528
v  0.3159 0.0486 0.2498
v  0.3070 0.0269 0.2843
v  0.3055 0.0274 0.2831
v  0.3115 0.0296 0.2672
v  0.3087 0.0497 0.2642
v  0.2956 0.0271 0.2967
v  0.2943 0.0276 0.2954
v  0.3023 0.0302 0.2804
v  0.2995 0.0503 0.2774
v  0.2825 0.0269 0.3075
v  0.2814 0.0274 0.3059
v  0.2914 0.0304 0.2923
v  0.2885 0.0506 0.2893
v  0.2682 0.0262 0.3164
v  0.2673 0.0267 0.3147
v  0.2789 0.0302 0.3026
v  0.2761 0.0503 0.2996
v  0.2528 0.0250 0.3232
v  0.2521 0.0255 0.3214
v  0.2652 0.0295 0.3110
v  0.2624 0.0496 0.3081
v  0.2366 0.0234 0.3278
v  0.2362 0.0240 0.3259
v  0.2504 0.0284 0.3176
v  0.2476 0.0485 0.3146
v  0.2200 0.0214 0.3301
v  0.2198 0.0220 0.3283
v  0.2350 0.0269 0.3220
v  0.2322 0.0470 0.3190
v  0.2033 0.0191 0.3301
v  0.2033 0.0197 0.3283
v  0.2191 0.0250 0.3242
v  0.2163 0.0451 0.3212
v  0.1868 0.0164 0.3278
v  0.1870 0.0171 0.3260
v  0.2031 0.0227 0.3242
v  0.2003 0.0428 0.3213
v  0.1708 0.0135 0.3232
v  0.1713 0.0142 0.3215
v  0.1873 0.0202 0.3220
v  0.1845 0.0403 0.3190
v  0.1556 0.0103 0.3164
v  0.1563 0.0111 0.3148
v  0.1721 0.0174 0.3176
v  0.1692 0.0375 0.3146
v  0.1416 0.0071 0.3076
v  0.1425 0.0079 0.3060
v  0.1576 0.0144 0.3111
v  0.1547 0.0345 0.3082
v  0.1290 0.0037 0.2969
v  0.1301 0.0046 0.2955
v  0.1442 0.0113 0.3027
v  0.1414 0.0314 0.2997
v  0.1181 0.0004 0.2844
v  0.1193 0.0013 0.2832
v  0.1321 0.0081 0.2924
v  0.1293 0.0282 0.2894
v  0.1090 -0.0030 0.2706
v  0.1104 -0.0020 0.2696
v  0.1217 0.0048 0.2805
v  0.1188 0.0250 0.2776
v  0.1019 -0.0062 0.2556
v  0.1034 -0.0052 0.2548
v  0.1130 0.0017 0.2673
v  0.1102 0.0218 0.2643
v  0.0971 -0.0092 0.2397
v  0.0987 -0.0081 0.2391
v  0.1063 -0.0014 0.2529
v  0.1034 0.0187 0.2500
v  0.0945 -0.0120 0.2232
v  0.0961 -0.0109 0.2229
v  0.1016 -0.0043 0.2378
v  0.0988 0.0158 0.2348
v  0.0942 -0.0145 0.2065
v  0.0959 -0.0134 0.2065
v  0.0991 -0.0069 0.2220
v  0.0963 0.0132 0.2191
v  0.0963 -0.0166 0.1899
v  0.0979 -0.0155 0.1901
v  0.0989 -0.0093 0.2061
v  0.0961 0.0108 0.2031
v  0.1007 -0.0184 0.1737
v  0.1022 -0.0172 0.1741
v  0.1009 -0.0114 0.1902
v  0.0981 0.0087 0.1872
v  0.1072 -0.0198 0.1582
v  0.1087 -0.0186 0.1588
v  0.1051 -0.0131 0.1747
v  0.1022 0.0070 0.1717
v  0.1159 -0.0207 0.1437
v  0.1172 -0.0195 0.1445
v  0.1113 -0.0144 0.1598
v  0.1085 0.0057 0.1569
v  0.1264 -0.0211 0.1305
v  0.1276 -0.0199 0.1316
v  0.1196 -0.0153 0.1460
v  0.1168 0.0049 0.1430
v  0.1387 -0.0211 0.1189
v  0.1397 -0.0199 0.1201
v  0.1297 -0.0157 0.1334
v  0.1269 0.0044 0.1304
v  0.1524 -0.0206 0.1091
v  0.1532 -0.0194 0.1104
v  0.1414 -0.0157 0.1223
v  0.1386 0.0044 0.1193
v  0.1673 -0.0197 0.1012
v  0.1679 -0.0185 0.1027
v  0.1545 -0.0152 0.1129
v  0.1517 0.0049 0.1099
v  0.1832 -0.0183 0.0955
v  0.1835 -0.0171 0.0970
v  0.1688 -0.0143 0.1054
v  0.1660 0.0058 0.1024
v  0.1839 -0.0130 0.0999
v  0.1811 0.0071 0.0969
v  0.2330 -0.0118 0.0920
v  0.2326 -0.0107 0.0936
v  0.2517 -0.0090 0.0871
v  0.2684 -0.0058 0.0932
v  0.2678 -0.0065 0.0949
v  0.2513 -0.0097 0.0888
v  0.1809 -0.0190 0.0872
v  0.1814 -0.0195 0.0889
v  0.1639 -0.0204 0.0933
v  0.1647 -0.0210 0.0949
v  0.1479 -0.0214 0.1017
v  0.1489 -0.0220 0.1032
v  0.1332 -0.0220 0.1123
v  0.1344 -0.0225 0.1136
v  0.1201 -0.0220 0.1247
v  0.1214 -0.0225 0.1259
v  0.1088 -0.0215 0.1388
v  0.1103 -0.0220 0.1399
v  0.0996 -0.0205 0.1543
v  0.1011 -0.0211 0.1552
v  0.0925 -0.0191 0.1709
v  0.0942 -0.0196 0.1716
v  0.0878 -0.0172 0.1883
v  0.0896 -0.0177 0.1887
v  0.0856 -0.0148 0.2061
v  0.0874 -0.0155 0.2063
v  0.0859 -0.0122 0.2240
v  0.0876 -0.0128 0.2239
v  0.0887 -0.0092 0.2416
v  0.0904 -0.0099 0.2413
v  0.0939 -0.0060 0.2586
v  0.0955 -0.0067 0.2582
v  0.1014 -0.0025 0.2747
v  0.1029 -0.0033 0.2740
v  0.1111 0.0010 0.2896
v  0.1126 0.0002 0.2887
v  0.1229 0.0046 0.3028
v  0.1241 0.0038 0.3018
v  0.1364 0.0082 0.3143
v  0.1375 0.0073 0.3131
v  0.1514 0.0117 0.3238
v  0.1523 0.0108 0.3225
v  0.1676 0.0151 0.3311
v  0.1683 0.0141 0.3297
v  0.1847 0.0182 0.3360
v  0.1852 0.0172 0.3345
v  0.2024 0.0211 0.3385
v  0.2027 0.0200 0.3370
v  0.2203 0.0236 0.3385
v  0.2203 0.0225 0.3370
v  0.2381 0.0257 0.3360
v  0.2379 0.0246 0.3345
v  0.2554 0.0274 0.3310
v  0.2550 0.0263 0.3296
v  0.2719 0.0287 0.3237
v  0.2713 0.0275 0.3224
v  0.2873 0.0294 0.3142
v  0.2865 0.0283 0.3130
v  0.3012 0.0297 0.3027
v  0.3002 0.0285 0.3017
v  0.3135 0.0295 0.2894
v  0.3123 0.0283 0.2885
v  0.3238 0.0287 0.2746
v  0.3225 0.0276 0.2739
v  0.3320 0.0275 0.2585
v  0.3306 0.0264 0.2580
v  0.3378 0.0258 0.2414
v  0.3364 0.0247 0.2412
v  0.3413 0.0237 0.2238
v  0.3398 0.0226 0.2238
v  0.3423 0.0212 0.2059
v  0.3407 0.0201 0.2061
v  0.3407 0.0184 0.1881
v  0.3392 0.0173 0.1885
v  0.3367 0.0153 0.1708
v  0.3353 0.0143 0.1714
v  0.3304 0.0119 0.1542
v  0.3290 0.0110 0.1550
v  0.3217 0.0084 0.1387
v  0.3205 0.0075 0.1397
v  0.3110 0.0048 0.1246
v  0.3098 0.0040 0.1258
v  0.2983 0.0012 0.1121
v  0.2974 0.0004 0.1135
v  0.2840 -0.0023 0.1016
v  0.2833 -0.0031 0.1031
v  0.2342 -0.0120 0.0834
v  0.2341 -0.0127 0.0852
v  0.2159 -0.0117 0.0783
v  0.2131 0.0085 0.0754
v  0.2314 0.0112 0.0766
v  0.2342 -0.0089 0.0796
v  0.1795 -0.0160 0.0835
v  0.1767 0.0041 0.0805
v  0.1947 0.0061 0.0767
v  0.1976 -0.0141 0.0796
v  0.1621 -0.0176 0.0898
v  0.1593 0.0026 0.0868
v  0.1457 -0.0186 0.0984
v  0.1429 0.0015 0.0954
v  0.1307 -0.0191 0.1092
v  0.1278 0.0010 0.1062
v  0.1172 -0.0191 0.1220
v  0.1144 0.0010 0.1190
v  0.1056 -0.0186 0.1364
v  0.1028 0.0015 0.1335
v  0.0961 -0.0176 0.1524
v  0.0933 0.0025 0.1494
v  0.0889 -0.0161 0.1694
v  0.0860 0.0040 0.1664
v  0.0841 -0.0142 0.1872
v  0.0812 0.0059 0.1842
v  0.0818 -0.0118 0.2055
v  0.0790 0.0083 0.2025
v  0.0821 -0.0091 0.2238
v  0.0793 0.0110 0.2209
v  0.0849 -0.0060 0.2419
v  0.0821 0.0141 0.2389
v  0.0903 -0.0027 0.2594
v  0.0874 0.0174 0.2564
v  0.0980 0.0008 0.2759
v  0.0952 0.0209 0.2729
v  0.1080 0.0045 0.2911
v  0.1051 0.0246 0.2881
v  0.1200 0.0082 0.3047
v  0.1172 0.0283 0.3018
v  0.1338 0.0118 0.3165
v  0.1310 0.0320 0.3136
v  0.1492 0.0154 0.3262
v  0.1464 0.0356 0.3233
v  0.1659 0.0189 0.3337
v  0.1631 0.0390 0.3307
v  0.1835 0.0221 0.3387
v  0.1806 0.0422 0.3358
v  0.2016 0.0250 0.3413
v  0.1988 0.0451 0.3383
v  0.2200 0.0276 0.3413
v  0.2171 0.0477 0.3383
v  0.2382 0.0298 0.3387
v  0.2354 0.0499 0.3357
v  0.2560 0.0315 0.3336
v  0.2532 0.0517 0.3307
v  0.2729 0.0328 0.3261
v  0.2701 0.0530 0.3232
v  0.2887 0.0336 0.3164
v  0.2859 0.0537 0.3134
v  0.3030 0.0339 0.3046
v  0.3002 0.0540 0.3016
v  0.3156 0.0336 0.2909
v  0.3127 0.0538 0.2880
v  0.3261 0.0329 0.2757
v  0.3233 0.0530 0.2727
v  0.3345 0.0316 0.2592
v  0.3317 0.0518 0.2562
v  0.3405 0.0299 0.2417
v  0.3377 0.0500 0.2388
v  0.3441 0.0277 0.2236
v  0.3413 0.0479 0.2207
v  0.3451 0.0252 0.2053
v  0.3423 0.0453 0.2023
v  0.3435 0.0223 0.1870
v  0.3407 0.0424 0.1841
v  0.3394 0.0191 0.1692
v  0.3366 0.0392 0.1662
v  0.3329 0.0157 0.1522
v  0.3301 0.0358 0.1492
v  0.3240 0.0121 0.1363
v  0.3212 0.0322 0.1333
v  0.3130 0.0084 0.1218
v  0.3101 0.0285 0.1189
v  0.3000 0.0047 0.1091
v  0.2972 0.0248 0.1061
v  0.2853 0.0010 0.0983
v  0.2825 0.0212 0.0953
v  0.2693 -0.0025 0.0897
v  0.2665 0.0176 0.0867
v  0.2521 -0.0058 0.0834
v  0.2493 0.0143 0.0804
v  0.2129 0.0098 0.0763
v  0.2311 0.0126 0.0775
v  0.2488 0.0156 0.0813
v  0.2658 0.0189 0.0875
v  0.2818 0.0224 0.0961
v  0.2963 0.0260 0.1068
v  0.3092 0.0297 0.1194
v  0.3201 0.0334 0.1337
v  0.3289 0.0369 0.1495
v  0.3354 0.0403 0.1664
v  0.3395 0.0435 0.1841
v  0.3410 0.0464 0.2022
v  0.3400 0.0489 0.2204
v  0.3365 0.0511 0.2383
v  0.3305 0.0528 0.2557
v  0.3222 0.0540 0.2720
v  0.3117 0.0548 0.2871
v  0.2993 0.0550 0.3007
v  0.2851 0.0547 0.3124
v  0.2694 0.0540 0.3221
v  0.2526 0.0527 0.3295
v  0.2350 0.0509 0.3345
v  0.2169 0.0488 0.3371
v  0.1987 0.0462 0.3371
v  0.1807 0.0433 0.3346
v  0.1633 0.0401 0.3296
v  0.1468 0.0367 0.3222
v  0.1315 0.0331 0.3125
v  0.1178 0.0295 0.3008
v  0.1058 0.0258 0.2873
v  0.0959 0.0222 0.2722
v  0.0883 0.0187 0.2558
v  0.0830 0.0154 0.2385
v  0.0801 0.0124 0.2206
v  0.0799 0.0097 0.2024
v  0.0821 0.0073 0.1843
v  0.0869 0.0054 0.1666
v  0.0940 0.0039 0.1497
v  0.1035 0.0029 0.1339
v  0.1150 0.0024 0.1195
v  0.1283 0.0024 0.1069
v  0.1433 0.0029 0.0962
v  0.1595 0.0040 0.0876
v  0.1768 0.0055 0.0814
v  0.1947 0.0074 0.0775
v  0.2126 0.0120 0.0912
v  0.2287 0.0144 0.0924
v  0.2444 0.0171 0.0957
v  0.2595 0.0200 0.1012
v  0.2736 0.0231 0.1088
v  0.2864 0.0263 0.1182
v  0.2978 0.0296 0.1294
v  0.3075 0.0328 0.1421
v  0.3153 0.0360 0.1561
v  0.3211 0.0390 0.1710
v  0.3247 0.0418 0.1867
v  0.3260 0.0443 0.2027
v  0.3252 0.0466 0.2188
v  0.3220 0.0485 0.2347
v  0.3168 0.0500 0.2501
v  0.3094 0.0511 0.2646
v  0.3001 0.0518 0.2779
v  0.2891 0.0520 0.2899
v  0.2765 0.0517 0.3003
v  0.2627 0.0511 0.3088
v  0.2478 0.0499 0.3154
v  0.2322 0.0484 0.3199
v  0.2162 0.0465 0.3221
v  0.2000 0.0442 0.3221
v  0.1841 0.0416 0.3199
v  0.1687 0.0388 0.3155
v  0.1541 0.0358 0.3089
v  0.1405 0.0326 0.3004
v  0.1284 0.0294 0.2900
v  0.1178 0.0261 0.2781
v  0.1091 0.0229 0.2647
v  0.1023 0.0199 0.2502
v  0.0976 0.0169 0.2349
v  0.0951 0.0143 0.2190
v  0.0948 0.0118 0.2029
v  0.0968 0.0098 0.1868
v  0.1010 0.0081 0.1712
v  0.1074 0.0067 0.1562
v  0.1157 0.0059 0.1423
v  0.1259 0.0054 0.1296
v  0.1377 0.0054 0.1183
v  0.1510 0.0059 0.1089
v  0.1654 0.0068 0.1013
v  0.1806 0.0081 0.0957
v  0.1965 0.0099 0.0924
v  0.2125 0.0130 0.0834
v  0.1953 0.0107 0.0847
v  0.1784 0.0089 0.0882
v  0.1622 0.0075 0.0941
v  0.1468 0.0065 0.1022
v  0.1327 0.0060 0.1123
v  0.1201 0.0060 0.1242
v  0.1093 0.0065 0.1378
v  0.1004 0.0074 0.1527
v  0.0937 0.0088 0.1686
v  0.0892 0.0106 0.1852
v  0.0871 0.0128 0.2023
v  0.0873 0.0154 0.2195
v  0.0900 0.0183 0.2364
v  0.0950 0.0214 0.2527
v  0.1022 0.0247 0.2681
v  0.1115 0.0281 0.2824
v  0.1228 0.0315 0.2951
v  0.1357 0.0350 0.3061
v  0.1501 0.0383 0.3152
v  0.1657 0.0416 0.3222
v  0.1821 0.0446 0.3269
v  0.1991 0.0473 0.3293
v  0.2163 0.0497 0.3293
v  0.2333 0.0518 0.3269
v  0.2499 0.0534 0.3221
v  0.2658 0.0546 0.3151
v  0.2805 0.0553 0.3060
v  0.2939 0.0556 0.2950
v  0.3056 0.0553 0.2822
v  0.3155 0.0546 0.2680
v  0.3234 0.0535 0.2525
v  0.3290 0.0519 0.2362
v  0.3323 0.0498 0.2193
v  0.3332 0.0474 0.2021
v  0.3318 0.0447 0.1851
v  0.3279 0.0417 0.1684
v  0.3218 0.0385 0.1525
v  0.3135 0.0352 0.1376
v  0.3032 0.0317 0.1241
v  0.2911 0.0283 0.1122
v  0.2774 0.0249 0.1021
v  0.2624 0.0216 0.0941
v  0.2463 0.0184 0.0882
v  0.2296 0.0156 0.0846
v  0.2343 -0.0105 0.0808
v  0.2162 -0.0133 0.0796
v  0.2521 -0.0075 0.0846
v  0.2691 -0.0042 0.0908
v  0.2851 -0.0007 0.0994
v  0.2996 0.0029 0.1101
v  0.3125 0.0066 0.1227
v  0.3234 0.0103 0.1371
v  0.3322 0.0138 0.1529
v  0.3387 0.0172 0.1698
v  0.3428 0.0204 0.1874
v  0.3444 0.0233 0.2056
v  0.3434 0.0258 0.2238
v  0.3399 0.0280 0.2417
v  0.3339 0.0297 0.2591
v  0.3256 0.0309 0.2755
v  0.3151 0.0317 0.2906
v  0.3026 0.0319 0.3041
v  0.2884 0.0317 0.3159
v  0.2727 0.0309 0.3255
v  0.2559 0.0296 0.3330
v  0.2383 0.0279 0.3380
v  0.2202 0.0257 0.3406
v  0.2019 0.0231 0.3406
v  0.1839 0.0202 0.3381
v  0.1665 0.0170 0.3330
v  0.1500 0.0136 0.3256
v  0.1347 0.0101 0.3160
v  0.1209 0.0064 0.3043
v  0.1090 0.0027 0.2907
v  0.0991 -0.0009 0.2756
v  0.0914 -0.0044 0.2593
v  0.0861 -0.0077 0.2419
v  0.0833 -0.0107 0.2240
v  0.0830 -0.0134 0.2058
v  0.0853 -0.0158 0.1876
v  0.0900 -0.0177 0.1699
v  0.0972 -0.0192 0.1530
v  0.1066 -0.0202 0.1372
v  0.1181 -0.0207 0.1229
v  0.1315 -0.0207 0.1102
v  0.1465 -0.0202 0.0995
v  0.1628 -0.0191 0.0909
v  0.1800 -0.0176 0.0847
v  0.1979 -0.0157 0.0809
v  0.2319 -0.0087 0.0958
v  0.2159 -0.0111 0.0947
v  0.2477 -0.0060 0.0991
v  0.2627 -0.0031 0.1046
v  0.2768 0.0000 0.1122
v  0.2897 0.0032 0.1217
v  0.3011 0.0065 0.1328
v  0.3107 0.0097 0.1455
v  0.3185 0.0129 0.1595
v  0.3243 0.0159 0.1744
v  0.3279 0.0187 0.1901
v  0.3293 0.0212 0.2061
v  0.3284 0.0235 0.2222
v  0.3253 0.0254 0.2381
v  0.3200 0.0269 0.2534
v  0.3126 0.0280 0.2679
v  0.3033 0.0287 0.2813
v  0.2923 0.0289 0.2933
v  0.2797 0.0286 0.3037
v  0.2659 0.0280 0.3122
v  0.2510 0.0268 0.3188
v  0.2354 0.0253 0.3232
v  0.2194 0.0234 0.3255
v  0.2033 0.0211 0.3255
v  0.1874 0.0185 0.3233
v  0.1719 0.0157 0.3188
v  0.1573 0.0127 0.3123
v  0.1438 0.0095 0.3038
v  0.1316 0.0063 0.2934
v  0.1211 0.0031 0.2814
v  0.1123 -0.0001 0.2681
v  0.1055 -0.0032 0.2536
v  0.1009 -0.0061 0.2383
v  0.0984 -0.0088 0.2224
v  0.0981 -0.0112 0.2063
v  0.1001 -0.0133 0.1902
v  0.1043 -0.0150 0.1746
v  0.1107 -0.0163 0.1596
v  0.1190 -0.0172 0.1457
v  0.1292 -0.0177 0.1330
v  0.1410 -0.0176 0.1218
v  0.1542 -0.0172 0.1123
v  0.1686 -0.0163 0.1047
v  0.1839 -0.0149 0.0992
v  0.1998 -0.0132 0.0958
v  0.1993 -0.0178 0.0886
v  0.2165 -0.0156 0.0874
v  0.1824 -0.0196 0.0922
v  0.1661 -0.0211 0.0981
v  0.1507 -0.0220 0.1062
v  0.1366 -0.0225 0.1163
v  0.1240 -0.0225 0.1283
v  0.1131 -0.0221 0.1419
v  0.1042 -0.0211 0.1568
v  0.0975 -0.0197 0.1727
v  0.0930 -0.0179 0.1894
v  0.0909 -0.0157 0.2065
v  0.0911 -0.0131 0.2237
v  0.0938 -0.0103 0.2406
v  0.0988 -0.0071 0.2570
v  0.1060 -0.0039 0.2724
v  0.1154 -0.0004 0.2867
v  0.1266 0.0030 0.2995
v  0.1396 0.0065 0.3105
v  0.1540 0.0098 0.3196
v  0.1696 0.0131 0.3266
v  0.1861 0.0161 0.3313
v  0.2031 0.0188 0.3337
v  0.2203 0.0212 0.3337
v  0.2374 0.0233 0.3313
v  0.2540 0.0249 0.3265
v  0.2699 0.0261 0.3195
v  0.2846 0.0269 0.3104
v  0.2980 0.0271 0.2993
v  0.3098 0.0269 0.2865
v  0.3197 0.0262 0.2723
v  0.3276 0.0250 0.2568
v  0.3332 0.0234 0.2405
v  0.3365 0.0214 0.2235
v  0.3375 0.0190 0.2063
v  0.3360 0.0162 0.1892
v  0.3322 0.0132 0.1725
v  0.3260 0.0100 0.1566
v  0.3177 0.0067 0.1417
v  0.3074 0.0032 0.1282
v  0.2952 -0.0002 0.1162
v  0.2815 -0.0037 0.1061
v  0.2665 -0.0070 0.0981
v  0.2504 -0.0101 0.0922
v  0.2336 -0.0130 0.0886
v  -0.1985 -0.0170 0.0834
v  -0.1988 -0.0176 0.0852
v  -0.2165 -0.0153 0.0839
v  -0.2164 -0.0147 0.0822
v  -0.2479 0.0171 0.0836
v  -0.2475 0.0176 0.0848
v  -0.2302 0.0146 0.0811
v  -0.2305 0.0141 0.0799
v  -0.2646 0.0203 0.0897
v  -0.2640 0.0208 0.0908
v  -0.2802 0.0237 0.0981
v  -0.2794 0.0242 0.0991
v  -0.2944 0.0273 0.1086
v  -0.2935 0.0277 0.1095
v  -0.3071 0.0309 0.1209
v  -0.3060 0.0313 0.1217
v  -0.3178 0.0344 0.1350
v  -0.3167 0.0348 0.1357
v  -0.3264 0.0379 0.1505
v  -0.3252 0.0383 0.1510
v  -0.3328 0.0413 0.1670
v  -0.3315 0.0416 0.1673
v  -0.3368 0.0444 0.1843
v  -0.3354 0.0446 0.1845
v  -0.3383 0.0472 0.2021
v  -0.3370 0.0474 0.2021
v  -0.3373 0.0497 0.2199
v  -0.3360 0.0499 0.2197
v  -0.3339 0.0518 0.2375
v  -0.3326 0.0520 0.2372
v  -0.3280 0.0535 0.2545
v  -0.3268 0.0537 0.2540
v  -0.3199 0.0547 0.2706
v  -0.3187 0.0549 0.2699
v  -0.3096 0.0554 0.2854
v  -0.3085 0.0556 0.2845
v  -0.2974 0.0557 0.2987
v  -0.2964 0.0558 0.2977
v  -0.2834 0.0554 0.3101
v  -0.2827 0.0556 0.3091
v  -0.2681 0.0546 0.3196
v  -0.2675 0.0548 0.3184
v  -0.2516 0.0534 0.3269
v  -0.2512 0.0536 0.3256
v  -0.2344 0.0517 0.3318
v  -0.2341 0.0519 0.3305
v  -0.2166 0.0496 0.3343
v  -0.2165 0.0498 0.3330
v  -0.1988 0.0471 0.3343
v  -0.1988 0.0473 0.3330
v  -0.1811 0.0442 0.3319
v  -0.1813 0.0445 0.3306
v  -0.1640 0.0411 0.3270
v  -0.1644 0.0414 0.3257
v  -0.1478 0.0377 0.3197
v  -0.1484 0.0381 0.3185
v  -0.1329 0.0342 0.3103
v  -0.1336 0.0346 0.3092
v  -0.1194 0.0307 0.2988
v  -0.1203 0.0311 0.2978
v  -0.1077 0.0271 0.2855
v  -0.1087 0.0275 0.2847
v  -0.0980 0.0235 0.2707
v  -0.0991 0.0240 0.2700
v  -0.0905 0.0201 0.2547
v  -0.0916 0.0206 0.2541
v  -0.0853 0.0169 0.2377
v  -0.0865 0.0174 0.2373
v  -0.0825 0.0139 0.2201
v  -0.0838 0.0145 0.2199
v  -0.0823 0.0112 0.2023
v  -0.0835 0.0118 0.2023
v  -0.0845 0.0089 0.1845
v  -0.0857 0.0095 0.1847
v  -0.0892 0.0070 0.1672
v  -0.0903 0.0077 0.1675
v  -0.0962 0.0056 0.1506
v  -0.0972 0.0062 0.1511
v  -0.1054 0.0046 0.1352
v  -0.1064 0.0053 0.1358
v  -0.1167 0.0041 0.1211
v  -0.1176 0.0048 0.1219
v  -0.1298 0.0041 0.1087
v  -0.1305 0.0048 0.1096
v  -0.1444 0.0046 0.0982
v  -0.1450 0.0053 0.0992
v  -0.1604 0.0057 0.0898
v  -0.1608 0.0063 0.0909
v  -0.1773 0.0071 0.0837
v  -0.1776 0.0078 0.0848
v  -0.1948 0.0091 0.0799
v  -0.1949 0.0097 0.0811
v  -0.2127 0.0114 0.0787
v  -0.2126 0.0120 0.0799
v  -0.2315 -0.0068 0.0966
v  -0.2287 0.0133 0.0936
v  -0.2443 0.0160 0.0969
v  -0.2471 -0.0041 0.0999
v  -0.2453 0.0183 0.0918
v  -0.2450 0.0180 0.0930
v  -0.2289 0.0153 0.0896
v  -0.2291 0.0155 0.0883
v  -0.2609 0.0213 0.0975
v  -0.2604 0.0210 0.0987
v  -0.2755 0.0245 0.1053
v  -0.2748 0.0242 0.1064
v  -0.2888 0.0279 0.1150
v  -0.2880 0.0275 0.1161
v  -0.3005 0.0312 0.1266
v  -0.2996 0.0308 0.1275
v  -0.3105 0.0346 0.1397
v  -0.3095 0.0341 0.1405
v  -0.3186 0.0378 0.1542
v  -0.3175 0.0373 0.1548
v  -0.3245 0.0409 0.1696
v  -0.3234 0.0404 0.1701
v  -0.3282 0.0438 0.1858
v  -0.3270 0.0433 0.1861
v  -0.3297 0.0465 0.2023
v  -0.3284 0.0459 0.2024
v  -0.3288 0.0488 0.2190
v  -0.3275 0.0482 0.2189
v  -0.3255 0.0507 0.2354
v  -0.3244 0.0501 0.2352
v  -0.3201 0.0523 0.2513
v  -0.3190 0.0517 0.2508
v  -0.3125 0.0534 0.2662
v  -0.3114 0.0528 0.2657
v  -0.3029 0.0541 0.2801
v  -0.3019 0.0535 0.2793
v  -0.2915 0.0544 0.2924
v  -0.2907 0.0537 0.2916
v  -0.2785 0.0541 0.3032
v  -0.2778 0.0534 0.3022
v  -0.2642 0.0534 0.3120
v  -0.2637 0.0527 0.3109
v  -0.2488 0.0522 0.3188
v  -0.2485 0.0516 0.3177
v  -0.2327 0.0506 0.3234
v  -0.2325 0.0500 0.3222
v  -0.2161 0.0487 0.3257
v  -0.2161 0.0481 0.3245
v  -0.1995 0.0463 0.3257
v  -0.1996 0.0457 0.3245
v  -0.1830 0.0437 0.3234
v  -0.1833 0.0431 0.3223
v  -0.1671 0.0407 0.3189
v  -0.1676 0.0402 0.3177
v  -0.1520 0.0376 0.3121
v  -0.1526 0.0371 0.3110
v  -0.1380 0.0344 0.3033
v  -0.1388 0.0339 0.3023
v  -0.1254 0.0310 0.2926
v  -0.1264 0.0306 0.2917
v  -0.1145 0.0277 0.2802
v  -0.1156 0.0273 0.2795
v  -0.1055 0.0244 0.2664
v  -0.1066 0.0240 0.2658
v  -0.0984 0.0212 0.2514
v  -0.0997 0.0209 0.2510
v  -0.0936 0.0182 0.2356
v  -0.0949 0.0179 0.2353
v  -0.0910 0.0154 0.2192
v  -0.0923 0.0151 0.2191
v  -0.0908 0.0129 0.2025
v  -0.0921 0.0127 0.2026
v  -0.0928 0.0107 0.1859
v  -0.0941 0.0105 0.1862
v  -0.0972 0.0090 0.1698
v  -0.0984 0.0088 0.1702
v  -0.1037 0.0076 0.1543
v  -0.1049 0.0074 0.1549
v  -0.1124 0.0067 0.1399
v  -0.1135 0.0065 0.1407
v  -0.1229 0.0062 0.1267
v  -0.1239 0.0061 0.1277
v  -0.1351 0.0063 0.1152
v  -0.1360 0.0061 0.1162
v  -0.1488 0.0067 0.1054
v  -0.1495 0.0066 0.1065
v  -0.1637 0.0077 0.0975
v  -0.1642 0.0075 0.0987
v  -0.1794 0.0091 0.0918
v  -0.1798 0.0089 0.0931
v  -0.1958 0.0109 0.0883
v  -0.1960 0.0106 0.0897
v  -0.2125 0.0130 0.0872
v  -0.2125 0.0128 0.0885
v  -0.1996 -0.0113 0.0966
v  -0.1968 0.0088 0.0936
v  -0.2128 0.0109 0.0925
v  -0.2156 -0.0092 0.0955
v  -0.1996 -0.0165 0.0920
v  -0.1997 -0.0154 0.0936
v  -0.2162 -0.0132 0.0924
v  -0.2163 -0.0143 0.0908
v  -0.2493 -0.0090 0.0954
v  -0.2486 -0.0080 0.0970
v  -0.2640 -0.0050 0.1026
v  -0.2649 -0.0060 0.1011
v  -0.2784 -0.0018 0.1103
v  -0.2795 -0.0028 0.1090
v  -0.2592 0.0189 0.1024
v  -0.2620 -0.0012 0.1053
v  -0.2916 0.0014 0.1200
v  -0.2928 0.0005 0.1188
v  -0.2732 0.0220 0.1098
v  -0.2760 0.0019 0.1128
v  -0.3032 0.0048 0.1314
v  -0.3046 0.0039 0.1304
v  -0.2859 0.0251 0.1192
v  -0.2887 0.0050 0.1222
v  -0.3131 0.0081 0.1444
v  -0.3147 0.0073 0.1435
v  -0.2972 0.0284 0.1303
v  -0.3000 0.0082 0.1333
v  -0.3211 0.0113 0.1587
v  -0.3228 0.0105 0.1580
v  -0.3068 0.0316 0.1429
v  -0.3096 0.0114 0.1459
v  -0.3269 0.0144 0.1739
v  -0.3287 0.0137 0.1735
v  -0.3145 0.0347 0.1567
v  -0.3173 0.0146 0.1597
v  -0.3306 0.0172 0.1899
v  -0.3325 0.0166 0.1897
v  -0.3202 0.0377 0.1715
v  -0.3230 0.0176 0.1745
v  -0.3320 0.0198 0.2063
v  -0.3339 0.0192 0.2063
v  -0.3238 0.0405 0.1870
v  -0.3266 0.0203 0.1900
v  -0.3311 0.0221 0.2227
v  -0.3330 0.0215 0.2230
v  -0.3251 0.0430 0.2029
v  -0.3280 0.0229 0.2059
v  -0.3279 0.0241 0.2390
v  -0.3297 0.0235 0.2395
v  -0.3243 0.0452 0.2189
v  -0.3271 0.0251 0.2219
v  -0.3225 0.0256 0.2546
v  -0.3243 0.0251 0.2554
v  -0.3212 0.0471 0.2346
v  -0.3240 0.0270 0.2376
v  -0.3150 0.0267 0.2694
v  -0.3166 0.0262 0.2704
v  -0.3159 0.0486 0.2498
v  -0.3188 0.0285 0.2528
v  -0.3055 0.0274 0.2831
v  -0.3070 0.0269 0.2843
v  -0.3087 0.0497 0.2642
v  -0.3115 0.0296 0.2672
v  -0.2943 0.0276 0.2954
v  -0.2956 0.0271 0.2967
v  -0.2995 0.0503 0.2774
v  -0.3023 0.0302 0.2804
v  -0.2814 0.0274 0.3059
v  -0.2825 0.0269 0.3075
v  -0.2885 0.0506 0.2893
v  -0.2914 0.0304 0.2923
v  -0.2673 0.0267 0.3147
v  -0.2682 0.0262 0.3164
v  -0.2761 0.0503 0.2996
v  -0.2789 0.0302 0.3026
v  -0.2521 0.0255 0.3214
v  -0.2528 0.0250 0.3232
v  -0.2624 0.0496 0.3081
v  -0.2652 0.0295 0.3110
v  -0.2362 0.0240 0.3259
v  -0.2366 0.0234 0.3278
v  -0.2476 0.0485 0.3146
v  -0.2504 0.0284 0.3176
v  -0.2198 0.0220 0.3283
v  -0.2200 0.0214 0.3301
v  -0.2322 0.0470 0.3190
v  -0.2350 0.0269 0.3220
v  -0.2033 0.0197 0.3283
v  -0.2033 0.0191 0.3301
v  -0.2163 0.0451 0.3212
v  -0.2191 0.0250 0.3242
v  -0.1870 0.0171 0.3260
v  -0.1868 0.0164 0.3278
v  -0.2003 0.0428 0.3213
v  -0.2031 0.0227 0.3242
v  -0.1713 0.0142 0.3215
v  -0.1708 0.0135 0.3232
v  -0.1845 0.0403 0.3190
v  -0.1873 0.0202 0.3220
v  -0.1563 0.0111 0.3148
v  -0.1556 0.0103 0.3164
v  -0.1692 0.0375 0.3146
v  -0.1721 0.0174 0.3176
v  -0.1425 0.0079 0.3060
v  -0.1416 0.0071 0.3076
v  -0.1547 0.0345 0.3082
v  -0.1576 0.0144 0.3111
v  -0.1301 0.0046 0.2955
v  -0.1290 0.0037 0.2969
v  -0.1414 0.0314 0.2997
v  -0.1442 0.0113 0.3027
v  -0.1193 0.0013 0.2832
v  -0.1181 0.0004 0.2844
v  -0.1293 0.0282 0.2894
v  -0.1321 0.0081 0.2924
v  -0.1104 -0.0020 0.2696
v  -0.1090 -0.0030 0.2706
v  -0.1188 0.0250 0.2776
v  -0.1217 0.0048 0.2805
v  -0.1034 -0.0052 0.2548
v  -0.1019 -0.0062 0.2556
v  -0.1102 0.0218 0.2643
v  -0.1130 0.0017 0.2673
v  -0.0987 -0.0081 0.2391
v  -0.0971 -0.0092 0.2397
v  -0.1034 0.0187 0.2500
v  -0.1063 -0.0014 0.2529
v  -0.0961 -0.0109 0.2229
v  -0.0945 -0.0120 0.2232
v  -0.0988 0.0158 0.2348
v  -0.1016 -0.0043 0.2378
v  -0.0959 -0.0134 0.2065
v  -0.0942 -0.0145 0.2065
v  -0.0963 0.0132 0.2191
v  -0.0991 -0.0069 0.2220
v  -0.0979 -0.0155 0.1901
v  -0.0963 -0.0166 0.1899
v  -0.0961 0.0108 0.2031
v  -0.0989 -0.0093 0.2061
v  -0.1022 -0.0172 0.1741
v  -0.1007 -0.0184 0.1737
v  -0.0981 0.0087 0.1872
v  -0.1009 -0.0114 0.1902
v  -0.1087 -0.0186 0.1588
v  -0.1072 -0.0198 0.1582
v  -0.1022 0.0070 0.1717
v  -0.1051 -0.0131 0.1747
v  -0.1172 -0.0195 0.1445
v  -0.1159 -0.0207 0.1437
v  -0.1085 0.0057 0.1569
v  -0.1113 -0.0144 0.1598
v  -0.1276 -0.0199 0.1316
v  -0.1264 -0.0211 0.1305
v  -0.1168 0.0049 0.1430
v  -0.1196 -0.0153 0.1460
v  -0.1397 -0.0199 0.1201
v  -0.1387 -0.0211 0.1189
v  -0.1269 0.0044 0.1304
v  -0.1297 -0.0157 0.1334
v  -0.1532 -0.0194 0.1104
v  -0.1524 -0.0206 0.1091
v  -0.1386 0.0044 0.1193
v  -0.1414 -0.0157 0.1223
v  -0.1679 -0.0185 0.1027
v  -0.1673 -0.0197 0.1012
v  -0.1517 0.0049 0.1099
v  -0.1545 -0.0152 0.1129
v  -0.1835 -0.0171 0.0970
v  -0.1832 -0.0183 0.0955
v  -0.1660 0.0058 0.1024
v  -0.1688 -0.0143 0.1054
v  -0.1811 0.0071 0.0969
v  -0.1839 -0.0130 0.0999
v  -0.2326 -0.0107 0.0936
v  -0.2330 -0.0118 0.0920
v  -0.2517 -0.0090 0.0871
v  -0.2513 -0.0097 0.0888
v  -0.2678 -0.0065 0.0949
v  -0.2684 -0.0058 0.0932
v  -0.1809 -0.0190 0.0872
v  -0.1814 -0.0195 0.0889
v  -0.1639 -0.0204 0.0933
v  -0.1647 -0.0210 0.0949
v  -0.1479 -0.0214 0.1017
v  -0.1489 -0.0220 0.1032
v  -0.1332 -0.0220 0.1123
v  -0.1344 -0.0225 0.1136
v  -0.1201 -0.0220 0.1247
v  -0.1214 -0.0225 0.1259
v  -0.1088 -0.0215 0.1388
v  -0.1103 -0.0220 0.1399
v  -0.0996 -0.0205 0.1543
v  -0.1011 -0.0211 0.1552
v  -0.0925 -0.0191 0.1709
v  -0.0942 -0.0196 0.1716
v  -0.0878 -0.0172 0.1883
v  -0.0896 -0.0177 0.1887
v  -0.0856 -0.0148 0.2061
v  -0.0874 -0.0155 0.2063
v  -0.0859 -0.0122 0.2240
v  -0.0876 -0.0128 0.2239
v  -0.0887 -0.0092 0.2416
v  -0.0904 -0.0099 0.2413
v  -0.0939 -0.0060 0.2586
v  -0.0955 -0.0067 0.2582
v  -0.1014 -0.0025 0.2747
v  -0.1029 -0.0033 0.2740
v  -0.1111 0.0010 0.2896
v  -0.1126 0.0002 0.2887
v  -0.1229 0.0046 0.3028
v  -0.1241 0.0038 0.3018
v  -0.1364 0.0082 0.3143
v  -0.1375 0.0073 0.3131
v  -0.1514 0.0117 0.3238
v  -0.1523 0.0108 0.3225
v  -0.1676 0.0151 0.3311
v  -0.1683 0.0141 0.3297
v  -0.1847 0.0182 0.3360
v  -0.1852 0.0172 0.3345
v  -0.2024 0.0211 0.3385
v  -0.2027 0.0200 0.3370
v  -0.2203 0.0236 0.3385
v  -0.2203 0.0225 0.3370
v  -0.2381 0.0257 0.3360
v  -0.2379 0.0246 0.3345
v  -0.2554 0.0274 0.3310
v  -0.2550 0.0263 0.3296
v  -0.2719 0.0287 0.3237
v  -0.2713 0.0275 0.3224
v  -0.2873 0.0294 0.3142
v  -0.2865 0.0283 0.3130
v  -0.3012 0.0297 0.3027
v  -0.3002 0.0285 0.3017
v  -0.3135 0.0295 0.2894
v  -0.3123 0.0283 0.2885
v  -0.3238 0.0287 0.2746
v  -0.3225 0.0276 0.2739
v  -0.3320 0.0275 0.2585
v  -0.3306 0.0264 0.2580
v  -0.3378 0.0258 0.2414
v  -0.3364 0.0247 0.2412
v  -0.3413 0.0237 0.2238
v  -0.3398 0.0226 0.2238
v  -0.3423 0.0212 0.2059
v  -0.3407 0.0201 0.2061
v  -0.3407 0.0184 0.1881
v  -0.3392 0.0173 0.1885
v  -0.3367 0.0153 0.1708
v  -0.3353 0.0143 0.1714
v  -0.3304 0.0119 0.1542
v  -0.3290 0.0110 0.1550
v  -0.3217 0.0084 0.1387
v  -0.3205 0.0075 0.1397
v  -0.3110 0.0048 0.1246
v  -0.3098 0.0040 0.1258
v  -0.2983 0.0012 0.1121
v  -0.2974 0.0004 0.1135
v  -0.2840 -0.0023 0.1016
v  -0.2833 -0.0031 0.1031
v  -0.2342 -0.0120 0.0834
v  -0.2341 -0.0127 0.0852
v  -0.2159 -0.0117 0.0783
v  -0.2342 -0.0089 0.0796
v  -0.2314 0.0112 0.0766
v  -0.2131 0.0085 0.0754
v  -0.1795 -0.0160 0.0835
v  -0.1976 -0.0141 0.0796
v  -0.1947 0.0061 0.0767
v  -0.1767 0.0041 0.0805
v  -0.1621 -0.0176 0.0898
v  -0.1593 0.0026 0.0868
v  -0.1457 -0.0186 0.0984
v  -0.1429 0.0015 0.0954
v  -0.1307 -0.0191 0.1092
v  -0.1278 0.0010 0.1062
v  -0.1172 -0.0191 0.1220
v  -0.1144 0.0010 0.1190
v  -0.1056 -0.0186 0.1364
v  -0.1028 0.0015 0.1335
v  -0.0961 -0.0176 0.1524
v  -0.0933 0.0025 0.1494
v  -0.0889 -0.0161 0.1694
v  -0.0860 0.0040 0.1664
v  -0.0841 -0.0142 0.1872
v  -0.0812 0.0059 0.1842
v  -0.0818 -0.0118 0.2055
v  -0.0790 0.0083 0.2025
v  -0.0821 -0.0091 0.2238
v  -0.0793 0.0110 0.2209
v  -0.0849 -0.0060 0.2419
v  -0.0821 0.0141 0.2389
v  -0.0903 -0.0027 0.2594
v  -0.0874 0.0174 0.2564
v  -0.0980 0.0008 0.2759
v  -0.0952 0.0209 0.2729
v  -0.1080 0.0045 0.2911
v  -0.1051 0.0246 0.2881
v  -0.1200 0.0082 0.3047
v  -0.1172 0.0283 0.3018
v  -0.1338 0.0118 0.3165
v  -0.1310 0.0320 0.3136
v  -0.1492 0.0154 0.3262
v  -0.1464 0.0356 0.3233
v  -0.1659 0.0189 0.3337
v  -0.1631 0.0390 0.3307
v  -0.1834 0.0221 0.3387
v  -0.1806 0.0422 0.3358
v  -0.2016 0.0250 0.3413
v  -0.1988 0.0451 0.3383
v  -0.2200 0.0276 0.3413
v  -0.2171 0.0477 0.3383
v  -0.2382 0.0298 0.3387
v  -0.2354 0.0499 0.3357
v  -0.2560 0.0315 0.3336
v  -0.2532 0.0517 0.3307
v  -0.2729 0.0328 0.3261
v  -0.2701 0.0530 0.3232
v  -0.2887 0.0336 0.3164
v  -0.2859 0.0537 0.3134
v  -0.3030 0.0339 0.3046
v  -0.3002 0.0540 0.3016
v  -0.3156 0.0336 0.2909
v  -0.3127 0.0538 0.2880
v  -0.3261 0.0329 0.2757
v  -0.3233 0.0530 0.2727
v  -0.3345 0.0316 0.2592
v  -0.3317 0.0518 0.2562
v  -0.3405 0.0299 0.2417
v  -0.3377 0.0500 0.2388
v  -0.3441 0.0277 0.2236
v  -0.3413 0.0479 0.2207
v  -0.3451 0.0252 0.2053
v  -0.3423 0.0453 0.2023
v  -0.3435 0.0223 0.1870
v  -0.3407 0.0424 0.1841
v  -0.3394 0.0191 0.1692
v  -0.3366 0.0392 0.1662
v  -0.3329 0.0157 0.1522
v  -0.3301 0.0358 0.1492
v  -0.3240 0.0121 0.1363
v  -0.3212 0.0322 0.1333
v  -0.3130 0.0084 0.1218
v  -0.3101 0.0285 0.1189
v  -0.3000 0.0047 0.1091
v  -0.2972 0.0248 0.1061
v  -0.2853 0.0010 0.0983
v  -0.2825 0.0212 0.0953
v  -0.2693 -0.0025 0.0897
v  -0.2665 0.0176 0.0867
v  -0.2521 -0.0058 0.0834
v  -0.2493 0.0143 0.0804
v  -0.2311 0.0126 0.0775
v  -0.2129 0.0098 0.0763
v  -0.2488 0.0156 0.0813
v  -0.2658 0.0189 0.0875
v  -0.2818 0.0224 0.0961
v  -0.2963 0.0260 0.1068
v  -0.3092 0.0297 0.1194
v  -0.3201 0.0334 0.1337
v  -0.3289 0.0369 0.1495
v  -0.3354 0.0403 0.1664
v  -0.3395 0.0435 0.1841
v  -0.3410 0.0464 0.2022
v  -0.3400 0.0489 0.2204
v  -0.3365 0.0511 0.2383
v  -0.3305 0.0528 0.2557
v  -0.3222 0.0540 0.2720
v  -0.3117 0.0548 0.2871
v  -0.2993 0.0550 0.3007
v  -0.2851 0.0547 0.3124
v  -0.2694 0.0540 0.3221
v  -0.2526 0.0527 0.3295
v  -0.2350 0.0509 0.3345
v  -0.2169 0.0488 0.3371
v  -0.1987 0.0462 0.3371
v  -0.1807 0.0433 0.3346
v  -0.1633 0.0401 0.3296
v  -0.1468 0.0367 0.3222
v  -0.1315 0.0331 0.3125
v  -0.1178 0.0295 0.3008
v  -0.1058 0.0258 0.2873
v  -0.0959 0.0222 0.2722
v  -0.0883 0.0187 0.2558
v  -0.0830 0.0154 0.2385
v  -0.0801 0.0124 0.2206
v  -0.0799 0.0097 0.2024
v  -0.0821 0.0073 0.1843
v  -0.0869 0.0054 0.1666
v  -0.0940 0.0039 0.1497
v  -0.1035 0.0029 0.1339
v  -0.1150 0.0024 0.1195
v  -0.1283 0.0024 0.1069
v  -0.1433 0.0029 0.0962
v  -0.1595 0.0040 0.0876
v  -0.1768 0.0055 0.0814
v  -0.1947 0.0074 0.0776
v  -0.2287 0.0144 0.0924
v  -0.2126 0.0120 0.0912
v  -0.2444 0.0171 0.0957
v  -0.2595 0.0200 0.1012
v  -0.2736 0.0231 0.1088
v  -0.2864 0.0263 0.1182
v  -0.2978 0.0296 0.1294
v  -0.3075 0.0328 0.1421
v  -0.3153 0.0360 0.1561
v  -0.3211 0.0390 0.1710
v  -0.3247 0.0418 0.1867
v  -0.3260 0.0443 0.2027
v  -0.3252 0.0466 0.2188
v  -0.3220 0.0485 0.2347
v  -0.3168 0.0500 0.2501
v  -0.3094 0.0511 0.2646
v  -0.3001 0.0518 0.2779
v  -0.2891 0.0520 0.2899
v  -0.2765 0.0517 0.3003
v  -0.2627 0.0511 0.3088
v  -0.2478 0.0499 0.3154
v  -0.2322 0.0484 0.3199
v  -0.2162 0.0465 0.3221
v  -0.2000 0.0442 0.3221
v  -0.1841 0.0416 0.3199
v  -0.1687 0.0388 0.3155
v  -0.1541 0.0358 0.3089
v  -0.1405 0.0326 0.3004
v  -0.1284 0.0294 0.2900
v  -0.1178 0.0261 0.2781
v  -0.1091 0.0229 0.2647
v  -0.1023 0.0199 0.2502
v  -0.0976 0.0169 0.2349
v  -0.0951 0.0143 0.2190
v  -0.0948 0.0118 0.2029
v  -0.0968 0.0098 0.1868
v  -0.1010 0.0081 0.1712
v  -0.1074 0.0067 0.1562
v  -0.1157 0.0059 0.1423
v  -0.1259 0.0054 0.1296
v  -0.1377 0.0054 0.1183
v  -0.1510 0.0059 0.1089
v  -0.1654 0.0068 0.1013
v  -0.1806 0.0081 0.0957
v  -0.1965 0.0099 0.0924
v  -0.1953 0.0107 0.0847
v  -0.2125 0.0130 0.0834
v  -0.1784 0.0089 0.0882
v  -0.1622 0.0075 0.0941
v  -0.1468 0.0065 0.1022
v  -0.1327 0.0060 0.1123
v  -0.1201 0.0060 0.1242
v  -0.1093 0.0065 0.1378
v  -0.1004 0.0074 0.1527
v  -0.0937 0.0088 0.1686
v  -0.0892 0.0106 0.1852
v  -0.0871 0.0128 0.2023
v  -0.0873 0.0154 0.2195
v  -0.0900 0.0183 0.2364
v  -0.0950 0.0214 0.2527
v  -0.1022 0.0247 0.2681
v  -0.1115 0.0281 0.2824
v  -0.1228 0.0315 0.2951
v  -0.1357 0.0350 0.3061
v  -0.1501 0.0383 0.3152
v  -0.1657 0.0416 0.3222
v  -0.1821 0.0446 0.3269
v  -0.1991 0.0473 0.3293
v  -0.2163 0.0497 0.3293
v  -0.2333 0.0518 0.3269
v  -0.2499 0.0534 0.3221
v  -0.2658 0.0546 0.3151
v  -0.2805 0.0553 0.3060
v  -0.2939 0.0556 0.2950
v  -0.3056 0.0553 0.2822
v  -0.3155 0.0546 0.2680
v  -0.3234 0.0535 0.2525
v  -0.3290 0.0519 0.2362
v  -0.3323 0.0498 0.2193
v  -0.3332 0.0474 0.2021
v  -0.3318 0.0447 0.1851
v  -0.3279 0.0417 0.1684
v  -0.3218 0.0385 0.1525
v  -0.3135 0.0352 0.1376
v  -0.3032 0.0317 0.1241
v  -0.2911 0.0283 0.1122
v  -0.2774 0.0249 0.1021
v  -0.2624 0.0216 0.0941
v  -0.2463 0.0184 0.0882
v  -0.2296 0.0156 0.0846
v  -0.2162 -0.0133 0.0796
v  -0.2343 -0.0105 0.0808
v  -0.2521 -0.0075 0.0846
v  -0.2691 -0.0042 0.0908
v  -0.2851 -0.0007 0.0994
v  -0.2996 0.0029 0.1101
v  -0.3125 0.0066 0.1227
v  -0.3234 0.0103 0.1371
v  -0.3322 0.0138 0.1529
v  -0.3387 0.0172 0.1698
v  -0.3428 0.0204 0.1874
v  -0.3444 0.0233 0.2056
v  -0.3434 0.0258 0.2238
v  -0.3399 0.0280 0.2417
v  -0.3339 0.0297 0.2591
v  -0.3256 0.0309 0.2755
v  -0.3151 0.0317 0.2906
v  -0.3026 0.0319 0.3041
v  -0.2884 0.0317 0.3159
v  -0.2727 0.0309 0.3255
v  -0.2559 0.0296 0.3330
v  -0.2383 0.0279 0.3380
v  -0.2202 0.0257 0.3406
v  -0.2019 0.0231 0.3406
v  -0.1839 0.0202 0.3381
v  -0.1665 0.0170 0.3330
v  -0.1500 0.0136 0.3256
v  -0.1347 0.0101 0.3160
v  -0.1209 0.0064 0.3043
v  -0.1090 0.0027 0.2907
v  -0.0991 -0.0009 0.2756
v  -0.0914 -0.0044 0.2593
v  -0.0861 -0.0077 0.2419
v  -0.0833 -0.0107 0.2240
v  -0.0830 -0.0134 0.2058
v  -0.0853 -0.0158 0.1876
v  -0.0900 -0.0177 0.1699
v  -0.0972 -0.0192 0.1530
v  -0.1066 -0.0202 0.1372
v  -0.1181 -0.0207 0.1229
v  -0.1315 -0.0207 0.1102
v  -0.1465 -0.0202 0.0995
v  -0.1628 -0.0191 0.0909
v  -0.1800 -0.0176 0.0847
v  -0.1979 -0.0157 0.0809
v  -0.2159 -0.0111 0.0947
v  -0.2319 -0.0087 0.0958
v  -0.2477 -0.0060 0.0991
v  -0.2627 -0.0031 0.1046
v  -0.2768 0.0000 0.1122
v  -0.2897 0.0032 0.1217
v  -0.3011 0.0065 0.1328
v  -0.3107 0.0097 0.1455
v  -0.3185 0.0129 0.1595
v  -0.3243 0.0159 0.1744
v  -0.3279 0.0187 0.1901
v  -0.3293 0.0212 0.2061
v  -0.3284 0.0235 0.2222
v  -0.3253 0.0254 0.2381
v  -0.3200 0.0269 0.2534
v  -0.3126 0.0280 0.2679
v  -0.3033 0.0287 0.2813
v  -0.2923 0.0289 0.2933
v  -0.2797 0.0286 0.3037
v  -0.2659 0.0280 0.3122
v  -0.2510 0.0268 0.3188
v  -0.2354 0.0253 0.3232
v  -0.2194 0.0234 0.3255
v  -0.2033 0.0211 0.3255
v  -0.1874 0.0185 0.3233
v  -0.1719 0.0157 0.3188
v  -0.1573 0.0127 0.3123
v  -0.1438 0.0095 0.3038
v  -0.1316 0.0063 0.2934
v  -0.1211 0.0031 0.2814
v  -0.1123 -0.0001 0.2681
v  -0.1055 -0.0032 0.2536
v  -0.1009 -0.0061 0.2383
v  -0.0984 -0.0088 0.2224
v  -0.0981 -0.0112 0.2063
v  -0.1001 -0.0133 0.1902
v  -0.1043 -0.0150 0.1746
v  -0.1107 -0.0163 0.1596
v  -0.1190 -0.0172 0.1457
v  -0.1292 -0.0177 0.1330
v  -0.1410 -0.0176 0.1218
v  -0.1542 -0.0172 0.1123
v  -0.1686 -0.0163 0.1047
v  -0.1839 -0.0149 0.0992
v  -0.1998 -0.0132 0.0958
v  -0.2165 -0.0156 0.0874
v  -0.1993 -0.0178 0.0886
v  -0.1824 -0.0196 0.0922
v  -0.1661 -0.0211 0.0981
v  -0.1507 -0.0220 0.1062
v  -0.1366 -0.0225 0.1163
v  -0.1240 -0.0225 0.1283
v  -0.1131 -0.0221 0.1419
v  -0.1042 -0.0211 0.1568
v  -0.0975 -0.0197 0.1727
v  -0.0930 -0.0179 0.1894
v  -0.0909 -0.0157 0.2065
v  -0.0911 -0.0131 0.2237
v  -0.0938 -0.0103 0.2406
v  -0.0988 -0.0071 0.2570
v  -0.1060 -0.0039 0.2724
v  -0.1154 -0.0004 0.2867
v  -0.1266 0.0030 0.2995
v  -0.1396 0.0065 0.3105
v  -0.1540 0.0098 0.3196
v  -0.1696 0.0131 0.3266
v  -0.1861 0.0161 0.3313
v  -0.2031 0.0188 0.3337
v  -0.2203 0.0212 0.3337
v  -0.2374 0.0233 0.3313
v  -0.2540 0.0249 0.3265
v  -0.2699 0.0261 0.3195
v  -0.2846 0.0269 0.3104
v  -0.2980 0.0271 0.2993
v  -0.3098 0.0269 0.2866
v  -0.3197 0.0262 0.2723
v  -0.3276 0.0250 0.2568
v  -0.3332 0.0234 0.2405
v  -0.3365 0.0214 0.2235
v  -0.3375 0.0190 0.2063
v  -0.3360 0.0162 0.1892
v  -0.3322 0.0132 0.1725
v  -0.3260 0.0100 0.1566
v  -0.3177 0.0067 0.1417
v  -0.3074 0.0032 0.1282
v  -0.2952 -0.0002 0.1162
v  -0.2815 -0.0037 0.1061
v  -0.2665 -0.0070 0.0981
v  -0.2504 -0.0101 0.0922
v  -0.2336 -0.0130 0.0886
v  0.1985 -0.0179 -0.0833
v  0.1988 -0.0185 -0.0850
v  0.2165 -0.0162 -0.0838
v  0.2164 -0.0156 -0.0820
v  0.2479 0.0162 -0.0838
v  0.2475 0.0167 -0.0849
v  0.2302 0.0138 -0.0812
v  0.2305 0.0132 -0.0800
v  0.2646 0.0194 -0.0899
v  0.2640 0.0199 -0.0910
v  0.2802 0.0227 -0.0983
v  0.2794 0.0232 -0.0993
v  0.2944 0.0261 -0.1088
v  0.2935 0.0266 -0.1097
v  0.3071 0.0296 -0.1213
v  0.3060 0.0300 -0.1221
v  0.3178 0.0330 -0.1354
v  0.3167 0.0334 -0.1360
v  0.3264 0.0364 -0.1509
v  0.3252 0.0367 -0.1514
v  0.3328 0.0395 -0.1674
v  0.3315 0.0398 -0.1678
v  0.3368 0.0425 -0.1848
v  0.3354 0.0427 -0.1850
v  0.3383 0.0451 -0.2026
v  0.3370 0.0453 -0.2026
v  0.3373 0.0474 -0.2204
v  0.3360 0.0476 -0.2203
v  0.3339 0.0493 -0.2381
v  0.3326 0.0495 -0.2377
v  0.3280 0.0508 -0.2551
v  0.3268 0.0510 -0.2545
v  0.3199 0.0519 -0.2711
v  0.3187 0.0521 -0.2704
v  0.3096 0.0525 -0.2859
v  0.3085 0.0526 -0.2851
v  0.2974 0.0526 -0.2992
v  0.2964 0.0527 -0.2982
v  0.2834 0.0522 -0.3107
v  0.2827 0.0524 -0.3096
v  0.2681 0.0513 -0.3202
v  0.2675 0.0515 -0.3190
v  0.2516 0.0500 -0.3274
v  0.2512 0.0502 -0.3262
v  0.2344 0.0482 -0.3323
v  0.2341 0.0485 -0.3310
v  0.2166 0.0461 -0.3348
v  0.2165 0.0463 -0.3335
v  0.1988 0.0436 -0.3348
v  0.1988 0.0438 -0.3335
v  0.1811 0.0408 -0.3323
v  0.1813 0.0410 -0.3310
v  0.1640 0.0377 -0.3274
v  0.1644 0.0380 -0.3261
v  0.1478 0.0344 -0.3201
v  0.1484 0.0348 -0.3189
v  0.1329 0.0310 -0.3106
v  0.1336 0.0314 -0.3095
v  0.1194 0.0276 -0.2991
v  0.1203 0.0280 -0.2981
v  0.1077 0.0241 -0.2858
v  0.1087 0.0245 -0.2850
v  0.0980 0.0207 -0.2710
v  0.0991 0.0212 -0.2703
v  0.0905 0.0175 -0.2549
v  0.0916 0.0180 -0.2543
v  0.0853 0.0144 -0.2379
v  0.0865 0.0149 -0.2375
v  0.0825 0.0116 -0.2203
v  0.0838 0.0122 -0.2201
v  0.0823 0.0091 -0.2024
v  0.0835 0.0097 -0.2024
v  0.0845 0.0070 -0.1846
v  0.0857 0.0076 -0.1848
v  0.0892 0.0053 -0.1673
v  0.0903 0.0059 -0.1676
v  0.0962 0.0040 -0.1507
v  0.0972 0.0047 -0.1512
v  0.1054 0.0032 -0.1352
v  0.1064 0.0039 -0.1359
v  0.1167 0.0029 -0.1211
v  0.1176 0.0035 -0.1219
v  0.1298 0.0030 -0.1087
v  0.1305 0.0037 -0.1096
v  0.1444 0.0036 -0.0982
v  0.1450 0.0043 -0.0992
v  0.1604 0.0047 -0.0898
v  0.1608 0.0054 -0.0909
v  0.1773 0.0063 -0.0837
v  0.1776 0.0069 -0.0849
v  0.1948 0.0082 -0.0800
v  0.1949 0.0088 -0.0812
v  0.2127 0.0106 -0.0788
v  0.2126 0.0111 -0.0800
v  0.2315 -0.0078 -0.0965
v  0.2287 0.0124 -0.0937
v  0.2443 0.0150 -0.0971
v  0.2471 -0.0052 -0.0998
v  0.2453 0.0174 -0.0919
v  0.2450 0.0171 -0.0932
v  0.2289 0.0143 -0.0898
v  0.2291 0.0146 -0.0885
v  0.2609 0.0203 -0.0977
v  0.2604 0.0200 -0.0989
v  0.2755 0.0235 -0.1055
v  0.2748 0.0231 -0.1066
v  0.2888 0.0267 -0.1153
v  0.2880 0.0263 -0.1164
v  0.3005 0.0299 -0.1269
v  0.2996 0.0295 -0.1278
v  0.3105 0.0331 -0.1401
v  0.3095 0.0326 -0.1409
v  0.3186 0.0362 -0.1545
v  0.3175 0.0357 -0.1552
v  0.3245 0.0392 -0.1700
v  0.3234 0.0386 -0.1705
v  0.3282 0.0419 -0.1862
v  0.3270 0.0413 -0.1865
v  0.3297 0.0444 -0.2028
v  0.3284 0.0438 -0.2029
v  0.3288 0.0465 -0.2195
v  0.3275 0.0459 -0.2194
v  0.3255 0.0483 -0.2359
v  0.3244 0.0477 -0.2357
v  0.3201 0.0497 -0.2518
v  0.3190 0.0491 -0.2514
v  0.3125 0.0507 -0.2668
v  0.3114 0.0500 -0.2662
v  0.3029 0.0512 -0.2806
v  0.3019 0.0506 -0.2799
v  0.2915 0.0513 -0.2930
v  0.2907 0.0507 -0.2921
v  0.2785 0.0510 -0.3037
v  0.2778 0.0503 -0.3027
v  0.2642 0.0502 -0.3125
v  0.2637 0.0495 -0.3115
v  0.2488 0.0489 -0.3193
v  0.2485 0.0483 -0.3182
v  0.2327 0.0473 -0.3239
v  0.2325 0.0467 -0.3227
v  0.2161 0.0453 -0.3262
v  0.2161 0.0447 -0.3250
v  0.1995 0.0429 -0.3262
v  0.1996 0.0424 -0.3250
v  0.1830 0.0403 -0.3239
v  0.1833 0.0398 -0.3227
v  0.1671 0.0374 -0.3193
v  0.1676 0.0369 -0.3181
v  0.1520 0.0344 -0.3125
v  0.1526 0.0339 -0.3114
v  0.1380 0.0312 -0.3036
v  0.1388 0.0308 -0.3026
v  0.1254 0.0280 -0.2929
v  0.1264 0.0276 -0.2920
v  0.1145 0.0248 -0.2805
v  0.1156 0.0244 -0.2797
v  0.1055 0.0216 -0.2666
v  0.1066 0.0213 -0.2660
v  0.0984 0.0186 -0.2516
v  0.0997 0.0182 -0.2512
v  0.0936 0.0157 -0.2357
v  0.0949 0.0154 -0.2355
v  0.0910 0.0131 -0.2193
v  0.0923 0.0128 -0.2192
v  0.0908 0.0108 -0.2026
v  0.0921 0.0106 -0.2027
v  0.0928 0.0088 -0.1860
v  0.0941 0.0086 -0.1863
v  0.0972 0.0072 -0.1699
v  0.0984 0.0070 -0.1703
v  0.1037 0.0060 -0.1544
v  0.1049 0.0058 -0.1550
v  0.1124 0.0053 -0.1399
v  0.1135 0.0051 -0.1407
v  0.1229 0.0049 -0.1268
v  0.1239 0.0048 -0.1277
v  0.1351 0.0051 -0.1152
v  0.1360 0.0049 -0.1163
v  0.1488 0.0056 -0.1054
v  0.1495 0.0055 -0.1066
v  0.1637 0.0067 -0.0976
v  0.1642 0.0065 -0.0988
v  0.1794 0.0081 -0.0919
v  0.1798 0.0079 -0.0932
v  0.1958 0.0099 -0.0884
v  0.1960 0.0097 -0.0898
v  0.2125 0.0121 -0.0873
v  0.2125 0.0119 -0.0886
v  0.1996 -0.0123 -0.0965
v  0.1968 0.0079 -0.0937
v  0.2128 0.0100 -0.0926
v  0.2156 -0.0102 -0.0954
v  0.1996 -0.0175 -0.0918
v  0.1997 -0.0163 -0.0934
v  0.2162 -0.0142 -0.0923
v  0.2163 -0.0153 -0.0907
v  0.2493 -0.0100 -0.0953
v  0.2486 -0.0090 -0.0969
v  0.2640 -0.0061 -0.1025
v  0.2649 -0.0070 -0.1011
v  0.2784 -0.0030 -0.1103
v  0.2795 -0.0039 -0.1089
v  0.2592 0.0178 -0.1025
v  0.2620 -0.0023 -0.1053
v  0.2916 0.0002 -0.1200
v  0.2928 -0.0007 -0.1188
v  0.2732 0.0208 -0.1101
v  0.2760 0.0007 -0.1128
v  0.3032 0.0034 -0.1315
v  0.3046 0.0026 -0.1304
v  0.2859 0.0239 -0.1195
v  0.2887 0.0038 -0.1222
v  0.3131 0.0066 -0.1445
v  0.3147 0.0058 -0.1436
v  0.2972 0.0270 -0.1306
v  0.3000 0.0069 -0.1334
v  0.3211 0.0096 -0.1588
v  0.3228 0.0089 -0.1581
v  0.3068 0.0301 -0.1432
v  0.3096 0.0099 -0.1460
v  0.3269 0.0126 -0.1741
v  0.3287 0.0119 -0.1736
v  0.3145 0.0331 -0.1571
v  0.3173 0.0129 -0.1598
v  0.3306 0.0153 -0.1901
v  0.3325 0.0146 -0.1899
v  0.3202 0.0359 -0.1719
v  0.3230 0.0157 -0.1747
v  0.3320 0.0177 -0.2065
v  0.3339 0.0171 -0.2065
v  0.3238 0.0385 -0.1874
v  0.3266 0.0184 -0.1902
v  0.3311 0.0198 -0.2230
v  0.3330 0.0192 -0.2233
v  0.3251 0.0409 -0.2034
v  0.3280 0.0207 -0.2061
v  0.3279 0.0216 -0.2392
v  0.3297 0.0210 -0.2397
v  0.3243 0.0429 -0.2194
v  0.3271 0.0228 -0.2221
v  0.3225 0.0230 -0.2549
v  0.3243 0.0224 -0.2557
v  0.3212 0.0447 -0.2351
v  0.3240 0.0245 -0.2379
v  0.3150 0.0239 -0.2697
v  0.3166 0.0234 -0.2707
v  0.3159 0.0460 -0.2503
v  0.3188 0.0259 -0.2531
v  0.3055 0.0245 -0.2834
v  0.3070 0.0240 -0.2846
v  0.3087 0.0469 -0.2647
v  0.3115 0.0268 -0.2674
v  0.2943 0.0246 -0.2956
v  0.2956 0.0241 -0.2970
v  0.2995 0.0475 -0.2780
v  0.3023 0.0273 -0.2807
v  0.2814 0.0242 -0.3062
v  0.2825 0.0237 -0.3078
v  0.2885 0.0476 -0.2898
v  0.2914 0.0274 -0.2926
v  0.2673 0.0234 -0.3149
v  0.2682 0.0229 -0.3166
v  0.2761 0.0472 -0.3001
v  0.2789 0.0271 -0.3029
v  0.2521 0.0222 -0.3216
v  0.2528 0.0217 -0.3234
v  0.2624 0.0464 -0.3086
v  0.2652 0.0263 -0.3113
v  0.2362 0.0206 -0.3262
v  0.2366 0.0200 -0.3280
v  0.2476 0.0453 -0.3151
v  0.2504 0.0251 -0.3178
v  0.2198 0.0186 -0.3285
v  0.2200 0.0180 -0.3303
v  0.2322 0.0437 -0.3195
v  0.2350 0.0235 -0.3222
v  0.2033 0.0163 -0.3285
v  0.2033 0.0156 -0.3303
v  0.2163 0.0418 -0.3217
v  0.2191 0.0216 -0.3244
v  0.1870 0.0137 -0.3261
v  0.1868 0.0130 -0.3280
v  0.2003 0.0395 -0.3217
v  0.2031 0.0194 -0.3244
v  0.1713 0.0109 -0.3216
v  0.1708 0.0101 -0.3233
v  0.1845 0.0370 -0.3194
v  0.1873 0.0168 -0.3222
v  0.1563 0.0078 -0.3149
v  0.1556 0.0071 -0.3165
v  0.1692 0.0342 -0.3150
v  0.1721 0.0141 -0.3178
v  0.1425 0.0047 -0.3061
v  0.1416 0.0039 -0.3076
v  0.1547 0.0313 -0.3085
v  0.1576 0.0112 -0.3113
v  0.1301 0.0015 -0.2955
v  0.1290 0.0006 -0.2969
v  0.1414 0.0283 -0.3000
v  0.1442 0.0081 -0.3028
v  0.1193 -0.0017 -0.2832
v  0.1181 -0.0026 -0.2844
v  0.1293 0.0252 -0.2897
v  0.1321 0.0050 -0.2925
v  0.1104 -0.0048 -0.2696
v  0.1090 -0.0058 -0.2705
v  0.1188 0.0221 -0.2778
v  0.1217 0.0019 -0.2806
v  0.1034 -0.0078 -0.2547
v  0.1019 -0.0088 -0.2555
v  0.1102 0.0191 -0.2646
v  0.1130 -0.0011 -0.2673
v  0.0987 -0.0106 -0.2390
v  0.0971 -0.0117 -0.2396
v  0.1034 0.0161 -0.2502
v  0.1063 -0.0040 -0.2529
v  0.0961 -0.0132 -0.2228
v  0.0945 -0.0143 -0.2231
v  0.0988 0.0134 -0.2349
v  0.1016 -0.0067 -0.2377
v  0.0959 -0.0155 -0.2063
v  0.0942 -0.0166 -0.2064
v  0.0963 0.0109 -0.2192
v  0.0991 -0.0092 -0.2219
v  0.0979 -0.0174 -0.1899
v  0.0963 -0.0186 -0.1897
v  0.0961 0.0087 -0.2032
v  0.0989 -0.0115 -0.2059
v  0.1022 -0.0190 -0.1739
v  0.1007 -0.0202 -0.1735
v  0.0981 0.0068 -0.1873
v  0.1009 -0.0134 -0.1900
v  0.1087 -0.0202 -0.1586
v  0.1072 -0.0214 -0.1580
v  0.1022 0.0053 -0.1718
v  0.1051 -0.0149 -0.1745
v  0.1172 -0.0210 -0.1443
v  0.1159 -0.0222 -0.1435
v  0.1085 0.0041 -0.1569
v  0.1113 -0.0160 -0.1597
v  0.1276 -0.0213 -0.1313
v  0.1264 -0.0225 -0.1303
v  0.1168 0.0034 -0.1431
v  0.1196 -0.0168 -0.1458
v  0.1397 -0.0211 -0.1199
v  0.1387 -0.0223 -0.1187
v  0.1269 0.0031 -0.1305
v  0.1297 -0.0171 -0.1332
v  0.1532 -0.0206 -0.1102
v  0.1524 -0.0218 -0.1088
v  0.1386 0.0032 -0.1194
v  0.1414 -0.0169 -0.1221
v  0.1679 -0.0196 -0.1025
v  0.1673 -0.0207 -0.1010
v  0.1517 0.0038 -0.1100
v  0.1545 -0.0164 -0.1127
v  0.1835 -0.0181 -0.0968
v  0.1832 -0.0193 -0.0953
v  0.1660 0.0047 -0.1025
v  0.1688 -0.0154 -0.1052
v  0.1811 0.0061 -0.0970
v  0.1839 -0.0140 -0.0998
v  0.2326 -0.0117 -0.0934
v  0.2330 -0.0128 -0.0918
v  0.2517 -0.0099 -0.0870
v  0.2513 -0.0106 -0.0887
v  0.2678 -0.0075 -0.0948
v  0.2684 -0.0067 -0.0932
v  0.1809 -0.0199 -0.0870
v  0.1814 -0.0204 -0.0887
v  0.1639 -0.0214 -0.0931
v  0.1647 -0.0220 -0.0947
v  0.1479 -0.0225 -0.1015
v  0.1489 -0.0230 -0.1030
v  0.1332 -0.0231 -0.1120
v  0.1344 -0.0237 -0.1134
v  0.1201 -0.0233 -0.1245
v  0.1214 -0.0238 -0.1257
v  0.1088 -0.0229 -0.1386
v  0.1103 -0.0235 -0.1396
v  0.0995 -0.0221 -0.1541
v  0.1011 -0.0227 -0.1549
v  0.0925 -0.0208 -0.1707
v  0.0942 -0.0214 -0.1713
v  0.0878 -0.0191 -0.1881
v  0.0896 -0.0197 -0.1885
v  0.0856 -0.0170 -0.2059
v  0.0874 -0.0176 -0.2061
v  0.0859 -0.0145 -0.2239
v  0.0876 -0.0151 -0.2238
v  0.0887 -0.0117 -0.2415
v  0.0904 -0.0124 -0.2412
v  0.0939 -0.0086 -0.2586
v  0.0955 -0.0094 -0.2581
v  0.1014 -0.0054 -0.2747
v  0.1029 -0.0061 -0.2740
v  0.1111 -0.0020 -0.2895
v  0.1126 -0.0028 -0.2887
v  0.1229 0.0015 -0.3029
v  0.1241 0.0006 -0.3018
v  0.1363 0.0050 -0.3144
v  0.1375 0.0041 -0.3132
v  0.1514 0.0084 -0.3239
v  0.1523 0.0074 -0.3226
v  0.1676 0.0116 -0.3312
v  0.1683 0.0107 -0.3298
v  0.1847 0.0147 -0.3362
v  0.1852 0.0137 -0.3347
v  0.2024 0.0176 -0.3387
v  0.2027 0.0165 -0.3372
v  0.2203 0.0201 -0.3387
v  0.2203 0.0190 -0.3372
v  0.2381 0.0222 -0.3362
v  0.2379 0.0211 -0.3347
v  0.2554 0.0240 -0.3313
v  0.2550 0.0229 -0.3299
v  0.2719 0.0253 -0.3240
v  0.2713 0.0242 -0.3227
v  0.2873 0.0262 -0.3145
v  0.2865 0.0250 -0.3133
v  0.3012 0.0266 -0.3030
v  0.3002 0.0254 -0.3020
v  0.3135 0.0265 -0.2897
v  0.3123 0.0253 -0.2888
v  0.3238 0.0259 -0.2748
v  0.3225 0.0247 -0.2741
v  0.3320 0.0248 -0.2587
v  0.3306 0.0237 -0.2582
v  0.3378 0.0233 -0.2417
v  0.3364 0.0222 -0.2414
v  0.3413 0.0214 -0.2240
v  0.3398 0.0203 -0.2240
v  0.3423 0.0191 -0.2061
v  0.3407 0.0180 -0.2063
v  0.3407 0.0164 -0.1883
v  0.3392 0.0154 -0.1887
v  0.3367 0.0135 -0.1709
v  0.3353 0.0125 -0.1715
v  0.3304 0.0103 -0.1543
v  0.3290 0.0094 -0.1551
v  0.3217 0.0070 -0.1387
v  0.3205 0.0061 -0.1398
v  0.3110 0.0036 -0.1246
v  0.3098 0.0027 -0.1258
v  0.2983 0.0001 -0.1121
v  0.2974 -0.0008 -0.1135
v  0.2840 -0.0034 -0.1016
v  0.2833 -0.0042 -0.1031
v  0.2342 -0.0129 -0.0833
v  0.2341 -0.0135 -0.0850
v  0.2159 -0.0125 -0.0782
v  0.2342 -0.0097 -0.0795
v  0.2314 0.0104 -0.0768
v  0.2131 0.0077 -0.0755
v  0.1795 -0.0169 -0.0833
v  0.1976 -0.0149 -0.0795
v  0.1947 0.0053 -0.0767
v  0.1767 0.0033 -0.0805
v  0.1621 -0.0185 -0.0896
v  0.1593 0.0017 -0.0868
v  0.1457 -0.0196 -0.0982
v  0.1429 0.0005 -0.0954
v  0.1307 -0.0203 -0.1090
v  0.1278 -0.0001 -0.1062
v  0.1172 -0.0204 -0.1218
v  0.1144 -0.0002 -0.1190
v  0.1056 -0.0200 -0.1362
v  0.1028 0.0001 -0.1335
v  0.0961 -0.0192 -0.1522
v  0.0933 0.0009 -0.1494
v  0.0889 -0.0179 -0.1692
v  0.0860 0.0023 -0.1665
v  0.0841 -0.0161 -0.1871
v  0.0812 0.0040 -0.1843
v  0.0818 -0.0139 -0.2053
v  0.0790 0.0062 -0.2026
v  0.0821 -0.0114 -0.2237
v  0.0793 0.0088 -0.2210
v  0.0849 -0.0085 -0.2418
v  0.0821 0.0116 -0.2391
v  0.0903 -0.0054 -0.2593
v  0.0874 0.0148 -0.2566
v  0.0980 -0.0020 -0.2759
v  0.0952 0.0181 -0.2731
v  0.1080 0.0014 -0.2911
v  0.1051 0.0216 -0.2884
v  0.1200 0.0050 -0.3048
v  0.1172 0.0252 -0.3020
v  0.1338 0.0086 -0.3166
v  0.1310 0.0287 -0.3139
v  0.1492 0.0121 -0.3264
v  0.1464 0.0322 -0.3236
v  0.1659 0.0154 -0.3339
v  0.1631 0.0356 -0.3311
v  0.1834 0.0186 -0.3390
v  0.1806 0.0387 -0.3362
v  0.2016 0.0215 -0.3415
v  0.1988 0.0416 -0.3388
v  0.2200 0.0241 -0.3415
v  0.2171 0.0442 -0.3388
v  0.2382 0.0263 -0.3390
v  0.2354 0.0464 -0.3362
v  0.2560 0.0281 -0.3339
v  0.2532 0.0482 -0.3312
v  0.2729 0.0294 -0.3265
v  0.2701 0.0496 -0.3237
v  0.2887 0.0303 -0.3167
v  0.2859 0.0505 -0.3140
v  0.3030 0.0307 -0.3049
v  0.3002 0.0509 -0.3022
v  0.3156 0.0306 -0.2913
v  0.3127 0.0508 -0.2885
v  0.3261 0.0300 -0.2760
v  0.3233 0.0502 -0.2733
v  0.3345 0.0289 -0.2595
v  0.3317 0.0491 -0.2568
v  0.3405 0.0274 -0.2420
v  0.3377 0.0476 -0.2393
v  0.3441 0.0254 -0.2239
v  0.3413 0.0456 -0.2212
v  0.3451 0.0231 -0.2055
v  0.3423 0.0432 -0.2028
v  0.3435 0.0203 -0.1872
v  0.3407 0.0405 -0.1845
v  0.3394 0.0173 -0.1694
v  0.3366 0.0375 -0.1666
v  0.3329 0.0141 -0.1523
v  0.3301 0.0342 -0.1496
v  0.3240 0.0106 -0.1364
v  0.3212 0.0308 -0.1336
v  0.3130 0.0071 -0.1219
v  0.3101 0.0273 -0.1191
v  0.3000 0.0035 -0.1091
v  0.2972 0.0237 -0.1064
v  0.2853 0.0000 -0.0983
v  0.2825 0.0202 -0.0955
v  0.2693 -0.0034 -0.0896
v  0.2665 0.0167 -0.0869
v  0.2521 -0.0067 -0.0833
v  0.2493 0.0135 -0.0806
v  0.2311 0.0117 -0.0776
v  0.2129 0.0090 -0.0764
v  0.2488 0.0148 -0.0815
v  0.2658 0.0180 -0.0877
v  0.2818 0.0214 -0.0963
v  0.2963 0.0249 -0.1070
v  0.3092 0.0285 -0.1197
v  0.3201 0.0320 -0.1341
v  0.3289 0.0354 -0.1499
v  0.3354 0.0386 -0.1668
v  0.3395 0.0416 -0.1845
v  0.3410 0.0443 -0.2026
v  0.3400 0.0466 -0.2209
v  0.3365 0.0486 -0.2388
v  0.3305 0.0501 -0.2562
v  0.3222 0.0512 -0.2726
v  0.3117 0.0518 -0.2877
v  0.2993 0.0519 -0.3012
v  0.2851 0.0515 -0.3130
v  0.2694 0.0506 -0.3226
v  0.2526 0.0493 -0.3300
v  0.2350 0.0475 -0.3350
v  0.2169 0.0453 -0.3376
v  0.1987 0.0427 -0.3375
v  0.1807 0.0398 -0.3350
v  0.1633 0.0367 -0.3300
v  0.1468 0.0334 -0.3225
v  0.1315 0.0299 -0.3128
v  0.1178 0.0264 -0.3011
v  0.1058 0.0228 -0.2875
v  0.0959 0.0194 -0.2724
v  0.0883 0.0161 -0.2560
v  0.0830 0.0129 -0.2387
v  0.0801 0.0101 -0.2207
v  0.0799 0.0076 -0.2025
v  0.0821 0.0054 -0.1843
v  0.0869 0.0037 -0.1666
v  0.0940 0.0024 -0.1497
v  0.1035 0.0015 -0.1339
v  0.1150 0.0012 -0.1196
v  0.1283 0.0013 -0.1069
v  0.1433 0.0020 -0.0962
v  0.1595 0.0031 -0.0876
v  0.1768 0.0046 -0.0814
v  0.1947 0.0066 -0.0776
v  0.2287 0.0134 -0.0925
v  0.2126 0.0110 -0.0914
v  0.2444 0.0161 -0.0959
v  0.2595 0.0190 -0.1014
v  0.2736 0.0220 -0.1090
v  0.2864 0.0251 -0.1185
v  0.2978 0.0282 -0.1297
v  0.3075 0.0313 -0.1425
v  0.3153 0.0343 -0.1564
v  0.3211 0.0372 -0.1714
v  0.3247 0.0398 -0.1871
v  0.3260 0.0422 -0.2032
v  0.3252 0.0443 -0.2193
v  0.3220 0.0461 -0.2352
v  0.3168 0.0474 -0.2506
v  0.3094 0.0484 -0.2651
v  0.3001 0.0489 -0.2784
v  0.2891 0.0490 -0.2904
v  0.2765 0.0486 -0.3008
v  0.2627 0.0478 -0.3094
v  0.2478 0.0467 -0.3159
v  0.2322 0.0451 -0.3204
v  0.2162 0.0431 -0.3226
v  0.2000 0.0409 -0.3226
v  0.1841 0.0383 -0.3203
v  0.1687 0.0355 -0.3159
v  0.1541 0.0326 -0.3093
v  0.1405 0.0295 -0.3007
v  0.1284 0.0264 -0.2903
v  0.1178 0.0233 -0.2783
v  0.1091 0.0202 -0.2649
v  0.1023 0.0173 -0.2504
v  0.0976 0.0145 -0.2350
v  0.0951 0.0120 -0.2191
v  0.0948 0.0097 -0.2030
v  0.0968 0.0078 -0.1869
v  0.1010 0.0063 -0.1713
v  0.1074 0.0051 -0.1563
v  0.1157 0.0044 -0.1423
v  0.1259 0.0041 -0.1296
v  0.1377 0.0042 -0.1184
v  0.1510 0.0048 -0.1089
v  0.1654 0.0058 -0.1013
v  0.1806 0.0072 -0.0958
v  0.1965 0.0089 -0.0925
v  0.1953 0.0099 -0.0848
v  0.2125 0.0121 -0.0836
v  0.1784 0.0080 -0.0883
v  0.1622 0.0065 -0.0942
v  0.1468 0.0055 -0.1023
v  0.1327 0.0049 -0.1124
v  0.1201 0.0047 -0.1243
v  0.1093 0.0050 -0.1378
v  0.1004 0.0058 -0.1527
v  0.0937 0.0071 -0.1687
v  0.0892 0.0087 -0.1853
v  0.0871 0.0107 -0.2024
v  0.0873 0.0131 -0.2196
v  0.0900 0.0158 -0.2366
v  0.0950 0.0188 -0.2529
v  0.1022 0.0219 -0.2684
v  0.1115 0.0251 -0.2826
v  0.1228 0.0285 -0.2954
v  0.1357 0.0318 -0.3065
v  0.1501 0.0351 -0.3156
v  0.1657 0.0382 -0.3226
v  0.1821 0.0412 -0.3274
v  0.1991 0.0439 -0.3298
v  0.2163 0.0463 -0.3298
v  0.2333 0.0484 -0.3274
v  0.2499 0.0500 -0.3227
v  0.2658 0.0513 -0.3157
v  0.2805 0.0521 -0.3066
v  0.2939 0.0525 -0.2956
v  0.3056 0.0524 -0.2828
v  0.3155 0.0519 -0.2685
v  0.3234 0.0509 -0.2531
v  0.3290 0.0494 -0.2367
v  0.3323 0.0476 -0.2198
v  0.3332 0.0453 -0.2026
v  0.3318 0.0428 -0.1855
v  0.3279 0.0400 -0.1688
v  0.3218 0.0369 -0.1529
v  0.3135 0.0337 -0.1380
v  0.3032 0.0304 -0.1244
v  0.2911 0.0271 -0.1125
v  0.2774 0.0238 -0.1024
v  0.2624 0.0206 -0.0943
v  0.2463 0.0175 -0.0884
v  0.2296 0.0147 -0.0848
v  0.2162 -0.0141 -0.0794
v  0.2343 -0.0114 -0.0807
v  0.2521 -0.0084 -0.0845
v  0.2691 -0.0051 -0.0908
v  0.2851 -0.0017 -0.0994
v  0.2996 0.0018 -0.1101
v  0.3125 0.0053 -0.1228
v  0.3234 0.0088 -0.1372
v  0.3322 0.0122 -0.1530
v  0.3387 0.0155 -0.1699
v  0.3428 0.0185 -0.1876
v  0.3444 0.0212 -0.2058
v  0.3434 0.0235 -0.2240
v  0.3399 0.0255 -0.2420
v  0.3339 0.0270 -0.2594
v  0.3256 0.0281 -0.2758
v  0.3151 0.0287 -0.2909
v  0.3026 0.0288 -0.3045
v  0.2884 0.0284 -0.3162
v  0.2727 0.0275 -0.3259
v  0.2559 0.0262 -0.3333
v  0.2383 0.0244 -0.3383
v  0.2202 0.0222 -0.3408
v  0.2019 0.0196 -0.3408
v  0.1839 0.0167 -0.3382
v  0.1665 0.0136 -0.3332
v  0.1500 0.0102 -0.3258
v  0.1347 0.0068 -0.3161
v  0.1209 0.0032 -0.3043
v  0.1090 -0.0003 -0.2908
v  0.0991 -0.0037 -0.2756
v  0.0914 -0.0071 -0.2592
v  0.0861 -0.0102 -0.2418
v  0.0833 -0.0130 -0.2239
v  0.0830 -0.0156 -0.2056
v  0.0853 -0.0177 -0.1875
v  0.0900 -0.0195 -0.1698
v  0.0972 -0.0208 -0.1528
v  0.1066 -0.0216 -0.1370
v  0.1181 -0.0220 -0.1227
v  0.1315 -0.0218 -0.1100
v  0.1465 -0.0212 -0.0993
v  0.1628 -0.0201 -0.0907
v  0.1800 -0.0185 -0.0845
v  0.1979 -0.0165 -0.0807
v  0.2159 -0.0121 -0.0946
v  0.2319 -0.0097 -0.0957
v  0.2477 -0.0070 -0.0991
v  0.2627 -0.0041 -0.1046
v  0.2768 -0.0011 -0.1122
v  0.2897 0.0020 -0.1217
v  0.3011 0.0051 -0.1329
v  0.3107 0.0082 -0.1456
v  0.3185 0.0112 -0.1596
v  0.3243 0.0141 -0.1746
v  0.3279 0.0167 -0.1903
v  0.3293 0.0191 -0.2063
v  0.3284 0.0212 -0.2225
v  0.3253 0.0229 -0.2384
v  0.3200 0.0243 -0.2537
v  0.3126 0.0252 -0.2682
v  0.3033 0.0258 -0.2816
v  0.2923 0.0258 -0.2936
v  0.2797 0.0255 -0.3039
v  0.2659 0.0247 -0.3125
v  0.2510 0.0235 -0.3190
v  0.2354 0.0219 -0.3235
v  0.2194 0.0200 -0.3257
v  0.2033 0.0177 -0.3257
v  0.1873 0.0152 -0.3235
v  0.1719 0.0124 -0.3190
v  0.1573 0.0095 -0.3124
v  0.1438 0.0064 -0.3038
v  0.1316 0.0033 -0.2935
v  0.1211 0.0001 -0.2815
v  0.1123 -0.0029 -0.2681
v  0.1055 -0.0059 -0.2535
v  0.1009 -0.0086 -0.2382
v  0.0984 -0.0111 -0.2223
v  0.0981 -0.0134 -0.2062
v  0.1001 -0.0153 -0.1901
v  0.1043 -0.0168 -0.1744
v  0.1107 -0.0180 -0.1595
v  0.1190 -0.0187 -0.1455
v  0.1292 -0.0190 -0.1328
v  0.1410 -0.0189 -0.1216
v  0.1542 -0.0183 -0.1121
v  0.1686 -0.0174 -0.1045
v  0.1839 -0.0160 -0.0990
v  0.1998 -0.0142 -0.0957
v  0.2165 -0.0165 -0.0873
v  0.1993 -0.0187 -0.0885
v  0.1824 -0.0206 -0.0920
v  0.1661 -0.0221 -0.0979
v  0.1507 -0.0231 -0.1060
v  0.1366 -0.0237 -0.1161
v  0.1240 -0.0239 -0.1281
v  0.1131 -0.0235 -0.1416
v  0.1042 -0.0228 -0.1565
v  0.0975 -0.0215 -0.1725
v  0.0930 -0.0199 -0.1892
v  0.0909 -0.0178 -0.2063
v  0.0911 -0.0154 -0.2235
v  0.0938 -0.0128 -0.2405
v  0.0988 -0.0098 -0.2569
v  0.1060 -0.0067 -0.2724
v  0.1154 -0.0034 -0.2867
v  0.1266 -0.0001 -0.2995
v  0.1396 0.0033 -0.3106
v  0.1540 0.0065 -0.3197
v  0.1696 0.0097 -0.3267
v  0.1861 0.0126 -0.3315
v  0.2031 0.0154 -0.3339
v  0.2203 0.0178 -0.3339
v  0.2374 0.0198 -0.3315
v  0.2540 0.0215 -0.3268
v  0.2699 0.0228 -0.3198
v  0.2846 0.0236 -0.3107
v  0.2980 0.0240 -0.2996
v  0.3098 0.0239 -0.2868
v  0.3197 0.0234 -0.2725
v  0.3276 0.0223 -0.2571
v  0.3332 0.0209 -0.2407
v  0.3365 0.0190 -0.2237
v  0.3375 0.0168 -0.2065
v  0.3360 0.0143 -0.1894
v  0.3322 0.0115 -0.1727
v  0.3260 0.0084 -0.1567
v  0.3177 0.0052 -0.1418
v  0.3074 0.0019 -0.1282
v  0.2952 -0.0014 -0.1162
v  0.2815 -0.0048 -0.1061
v  0.2665 -0.0080 -0.0980
v  0.2504 -0.0110 -0.0921
v  0.2336 -0.0139 -0.0885
v  -0.1985 -0.0179 -0.0833
v  -0.2164 -0.0156 -0.0820
v  -0.2165 -0.0162 -0.0838
v  -0.1988 -0.0185 -0.0850
v  -0.2479 0.0162 -0.0838
v  -0.2305 0.0132 -0.0800
v  -0.2302 0.0138 -0.0812
v  -0.2475 0.0167 -0.0849
v  -0.2646 0.0194 -0.0899
v  -0.2640 0.0199 -0.0910
v  -0.2802 0.0227 -0.0983
v  -0.2794 0.0232 -0.0993
v  -0.2944 0.0261 -0.1088
v  -0.2935 0.0266 -0.1097
v  -0.3071 0.0296 -0.1213
v  -0.3060 0.0300 -0.1221
v  -0.3178 0.0330 -0.1354
v  -0.3167 0.0334 -0.1360
v  -0.3264 0.0364 -0.1509
v  -0.3252 0.0367 -0.1514
v  -0.3328 0.0395 -0.1674
v  -0.3315 0.0398 -0.1678
v  -0.3368 0.0425 -0.1848
v  -0.3354 0.0427 -0.1850
v  -0.3383 0.0451 -0.2026
v  -0.3370 0.0453 -0.2026
v  -0.3373 0.0474 -0.2204
v  -0.3360 0.0476 -0.2203
v  -0.3339 0.0493 -0.2381
v  -0.3326 0.0495 -0.2377
v  -0.3280 0.0508 -0.2551
v  -0.3268 0.0510 -0.2545
v  -0.3199 0.0519 -0.2711
v  -0.3187 0.0521 -0.2704
v  -0.3096 0.0525 -0.2859
v  -0.3085 0.0526 -0.2851
v  -0.2974 0.0526 -0.2992
v  -0.2964 0.0527 -0.2982
v  -0.2834 0.0522 -0.3107
v  -0.2827 0.0524 -0.3096
v  -0.2681 0.0513 -0.3202
v  -0.2675 0.0515 -0.3190
v  -0.2516 0.0500 -0.3274
v  -0.2512 0.0502 -0.3262
v  -0.2344 0.0482 -0.3323
v  -0.2341 0.0485 -0.3310
v  -0.2166 0.0461 -0.3348
v  -0.2165 0.0463 -0.3335
v  -0.1988 0.0436 -0.3348
v  -0.1988 0.0438 -0.3335
v  -0.1811 0.0408 -0.3323
v  -0.1813 0.0410 -0.3310
v  -0.1640 0.0377 -0.3274
v  -0.1644 0.0380 -0.3261
v  -0.1478 0.0344 -0.3201
v  -0.1484 0.0348 -0.3189
v  -0.1329 0.0310 -0.3106
v  -0.1336 0.0314 -0.3095
v  -0.1194 0.0276 -0.2991
v  -0.1203 0.0280 -0.2981
v  -0.1077 0.0241 -0.2858
v  -0.1087 0.0245 -0.2850
v  -0.0980 0.0207 -0.2710
v  -0.0991 0.0212 -0.2703
v  -0.0905 0.0175 -0.2549
v  -0.0916 0.0180 -0.2543
v  -0.0853 0.0144 -0.2379
v  -0.0865 0.0149 -0.2375
v  -0.0825 0.0116 -0.2203
v  -0.0838 0.0122 -0.2201
v  -0.0823 0.0091 -0.2024
v  -0.0835 0.0097 -0.2024
v  -0.0845 0.0070 -0.1846
v  -0.0857 0.0076 -0.1848
v  -0.0892 0.0053 -0.1673
v  -0.0903 0.0059 -0.1676
v  -0.0962 0.0040 -0.1507
v  -0.0972 0.0047 -0.1512
v  -0.1054 0.0032 -0.1352
v  -0.1064 0.0039 -0.1359
v  -0.1167 0.0029 -0.1211
v  -0.1176 0.0035 -0.1219
v  -0.1298 0.0030 -0.1087
v  -0.1305 0.0037 -0.1096
v  -0.1444 0.0036 -0.0982
v  -0.1450 0.0043 -0.0992
v  -0.1604 0.0047 -0.0898
v  -0.1608 0.0054 -0.0909
v  -0.1773 0.0063 -0.0837
v  -0.1776 0.0069 -0.0849
v  -0.1948 0.0082 -0.0800
v  -0.1949 0.0088 -0.0812
v  -0.2127 0.0106 -0.0788
v  -0.2126 0.0111 -0.0800
v  -0.2315 -0.0078 -0.0965
v  -0.2471 -0.0052 -0.0998
v  -0.2443 0.0150 -0.0971
v  -0.2287 0.0124 -0.0937
v  -0.2453 0.0174 -0.0919
v  -0.2291 0.0146 -0.0885
v  -0.2289 0.0143 -0.0898
v  -0.2450 0.0171 -0.0932
v  -0.2609 0.0203 -0.0977
v  -0.2604 0.0200 -0.0989
v  -0.2755 0.0235 -0.1055
v  -0.2748 0.0231 -0.1066
v  -0.2888 0.0267 -0.1153
v  -0.2880 0.0263 -0.1164
v  -0.3005 0.0299 -0.1269
v  -0.2996 0.0295 -0.1278
v  -0.3105 0.0331 -0.1401
v  -0.3095 0.0326 -0.1409
v  -0.3186 0.0362 -0.1545
v  -0.3175 0.0357 -0.1552
v  -0.3245 0.0392 -0.1700
v  -0.3234 0.0386 -0.1705
v  -0.3282 0.0419 -0.1862
v  -0.3270 0.0413 -0.1865
v  -0.3297 0.0444 -0.2028
v  -0.3284 0.0438 -0.2029
v  -0.3288 0.0465 -0.2195
v  -0.3275 0.0459 -0.2194
v  -0.3255 0.0483 -0.2359
v  -0.3244 0.0477 -0.2357
v  -0.3201 0.0497 -0.2518
v  -0.3190 0.0491 -0.2514
v  -0.3125 0.0507 -0.2668
v  -0.3114 0.0500 -0.2662
v  -0.3029 0.0512 -0.2806
v  -0.3019 0.0506 -0.2799
v  -0.2915 0.0513 -0.2930
v  -0.2907 0.0507 -0.2921
v  -0.2785 0.0510 -0.3037
v  -0.2778 0.0503 -0.3027
v  -0.2642 0.0502 -0.3125
v  -0.2637 0.0495 -0.3115
v  -0.2488 0.0489 -0.3193
v  -0.2485 0.0483 -0.3182
v  -0.2327 0.0473 -0.3239
v  -0.2325 0.0467 -0.3227
v  -0.2161 0.0453 -0.3262
v  -0.2161 0.0447 -0.3250
v  -0.1995 0.0429 -0.3262
v  -0.1996 0.0424 -0.3250
v  -0.1830 0.0403 -0.3239
v  -0.1833 0.0398 -0.3227
v  -0.1671 0.0374 -0.3193
v  -0.1676 0.0369 -0.3181
v  -0.1520 0.0344 -0.3125
v  -0.1526 0.0339 -0.3114
v  -0.1380 0.0312 -0.3036
v  -0.1388 0.0308 -0.3026
v  -0.1254 0.0280 -0.2929
v  -0.1264 0.0276 -0.2920
v  -0.1145 0.0248 -0.2805
v  -0.1156 0.0244 -0.2797
v  -0.1055 0.0216 -0.2666
v  -0.1066 0.0213 -0.2660
v  -0.0984 0.0186 -0.2516
v  -0.0997 0.0182 -0.2512
v  -0.0936 0.0157 -0.2357
v  -0.0949 0.0154 -0.2355
v  -0.0910 0.0131 -0.2193
v  -0.0923 0.0128 -0.2192
v  -0.0908 0.0108 -0.2026
v  -0.0921 0.0106 -0.2027
v  -0.0928 0.0088 -0.1860
v  -0.0941 0.0086 -0.1863
v  -0.0972 0.0072 -0.1699
v  -0.0984 0.0070 -0.1703
v  -0.1037 0.0060 -0.1544
v  -0.1049 0.0058 -0.1550
v  -0.1124 0.0053 -0.1399
v  -0.1135 0.0051 -0.1407
v  -0.1229 0.0049 -0.1268
v  -0.1239 0.0048 -0.1277
v  -0.1351 0.0051 -0.1152
v  -0.1360 0.0049 -0.1163
v  -0.1488 0.0056 -0.1054
v  -0.1495 0.0055 -0.1066
v  -0.1637 0.0067 -0.0976
v  -0.1642 0.0065 -0.0988
v  -0.1794 0.0081 -0.0919
v  -0.1798 0.0079 -0.0932
v  -0.1958 0.0099 -0.0884
v  -0.1960 0.0097 -0.0898
v  -0.2125 0.0121 -0.0873
v  -0.2125 0.0119 -0.0886
v  -0.1996 -0.0123 -0.0965
v  -0.2156 -0.0102 -0.0954
v  -0.2128 0.0100 -0.0926
v  -0.1968 0.0079 -0.0937
v  -0.1996 -0.0175 -0.0918
v  -0.2163 -0.0153 -0.0907
v  -0.2162 -0.0142 -0.0923
v  -0.1997 -0.0163 -0.0934
v  -0.2493 -0.0100 -0.0953
v  -0.2649 -0.0070 -0.1011
v  -0.2640 -0.0061 -0.1025
v  -0.2486 -0.0090 -0.0969
v  -0.2795 -0.0039 -0.1089
v  -0.2784 -0.0030 -0.1103
v  -0.2620 -0.0023 -0.1053
v  -0.2592 0.0178 -0.1025
v  -0.2928 -0.0007 -0.1188
v  -0.2916 0.0002 -0.1200
v  -0.2760 0.0007 -0.1128
v  -0.2732 0.0208 -0.1101
v  -0.3046 0.0026 -0.1304
v  -0.3032 0.0034 -0.1315
v  -0.2887 0.0038 -0.1222
v  -0.2859 0.0239 -0.1195
v  -0.3147 0.0058 -0.1436
v  -0.3131 0.0066 -0.1445
v  -0.3000 0.0069 -0.1334
v  -0.2972 0.0270 -0.1306
v  -0.3228 0.0089 -0.1581
v  -0.3211 0.0096 -0.1588
v  -0.3096 0.0099 -0.1460
v  -0.3068 0.0301 -0.1432
v  -0.3287 0.0119 -0.1736
v  -0.3269 0.0126 -0.1741
v  -0.3173 0.0129 -0.1598
v  -0.3145 0.0331 -0.1571
v  -0.3325 0.0146 -0.1899
v  -0.3306 0.0153 -0.1901
v  -0.3230 0.0157 -0.1747
v  -0.3202 0.0359 -0.1719
v  -0.3339 0.0171 -0.2065
v  -0.3320 0.0177 -0.2065
v  -0.3266 0.0184 -0.1902
v  -0.3238 0.0385 -0.1874
v  -0.3330 0.0192 -0.2233
v  -0.3311 0.0198 -0.2230
v  -0.3280 0.0207 -0.2061
v  -0.3251 0.0409 -0.2034
v  -0.3297 0.0210 -0.2397
v  -0.3279 0.0216 -0.2392
v  -0.3271 0.0228 -0.2221
v  -0.3243 0.0429 -0.2194
v  -0.3243 0.0224 -0.2557
v  -0.3225 0.0230 -0.2549
v  -0.3240 0.0245 -0.2379
v  -0.3212 0.0447 -0.2351
v  -0.3166 0.0234 -0.2707
v  -0.3150 0.0239 -0.2697
v  -0.3188 0.0259 -0.2531
v  -0.3159 0.0460 -0.2503
v  -0.3070 0.0240 -0.2846
v  -0.3055 0.0245 -0.2834
v  -0.3115 0.0268 -0.2674
v  -0.3087 0.0469 -0.2647
v  -0.2956 0.0241 -0.2970
v  -0.2943 0.0246 -0.2956
v  -0.3023 0.0273 -0.2807
v  -0.2995 0.0475 -0.2780
v  -0.2825 0.0237 -0.3078
v  -0.2814 0.0242 -0.3062
v  -0.2914 0.0274 -0.2926
v  -0.2885 0.0476 -0.2898
v  -0.2682 0.0229 -0.3166
v  -0.2673 0.0234 -0.3149
v  -0.2789 0.0271 -0.3029
v  -0.2761 0.0472 -0.3001
v  -0.2528 0.0217 -0.3234
v  -0.2521 0.0222 -0.3216
v  -0.2652 0.0263 -0.3113
v  -0.2624 0.0464 -0.3086
v  -0.2366 0.0200 -0.3280
v  -0.2362 0.0206 -0.3262
v  -0.2504 0.0251 -0.3178
v  -0.2476 0.0453 -0.3151
v  -0.2200 0.0180 -0.3303
v  -0.2198 0.0186 -0.3285
v  -0.2350 0.0235 -0.3222
v  -0.2322 0.0437 -0.3195
v  -0.2033 0.0156 -0.3303
v  -0.2033 0.0163 -0.3284
v  -0.2191 0.0216 -0.3244
v  -0.2163 0.0418 -0.3217
v  -0.1868 0.0130 -0.3280
v  -0.1870 0.0137 -0.3261
v  -0.2031 0.0194 -0.3244
v  -0.2003 0.0395 -0.3217
v  -0.1708 0.0101 -0.3233
v  -0.1713 0.0109 -0.3216
v  -0.1873 0.0168 -0.3222
v  -0.1845 0.0370 -0.3194
v  -0.1556 0.0071 -0.3165
v  -0.1563 0.0078 -0.3149
v  -0.1721 0.0141 -0.3178
v  -0.1692 0.0342 -0.3150
v  -0.1416 0.0039 -0.3076
v  -0.1425 0.0047 -0.3061
v  -0.1576 0.0112 -0.3113
v  -0.1547 0.0313 -0.3085
v  -0.1290 0.0006 -0.2969
v  -0.1301 0.0015 -0.2955
v  -0.1442 0.0081 -0.3028
v  -0.1414 0.0283 -0.3000
v  -0.1181 -0.0026 -0.2844
v  -0.1193 -0.0017 -0.2832
v  -0.1321 0.0050 -0.2925
v  -0.1293 0.0252 -0.2897
v  -0.1090 -0.0058 -0.2705
v  -0.1104 -0.0048 -0.2696
v  -0.1217 0.0019 -0.2806
v  -0.1188 0.0221 -0.2778
v  -0.1019 -0.0088 -0.2555
v  -0.1034 -0.0078 -0.2547
v  -0.1130 -0.0011 -0.2673
v  -0.1102 0.0191 -0.2646
v  -0.0971 -0.0117 -0.2396
v  -0.0987 -0.0106 -0.2390
v  -0.1063 -0.0040 -0.2529
v  -0.1034 0.0161 -0.2502
v  -0.0945 -0.0143 -0.2231
v  -0.0961 -0.0132 -0.2228
v  -0.1016 -0.0067 -0.2377
v  -0.0988 0.0134 -0.2349
v  -0.0942 -0.0166 -0.2064
v  -0.0959 -0.0155 -0.2063
v  -0.0991 -0.0092 -0.2219
v  -0.0963 0.0109 -0.2192
v  -0.0963 -0.0186 -0.1897
v  -0.0979 -0.0174 -0.1899
v  -0.0989 -0.0115 -0.2059
v  -0.0961 0.0087 -0.2032
v  -0.1007 -0.0202 -0.1735
v  -0.1022 -0.0190 -0.1739
v  -0.1009 -0.0134 -0.1900
v  -0.0981 0.0068 -0.1873
v  -0.1072 -0.0214 -0.1580
v  -0.1087 -0.0202 -0.1586
v  -0.1051 -0.0149 -0.1745
v  -0.1022 0.0053 -0.1718
v  -0.1159 -0.0222 -0.1435
v  -0.1172 -0.0210 -0.1443
v  -0.1113 -0.0160 -0.1597
v  -0.1085 0.0041 -0.1569
v  -0.1264 -0.0225 -0.1303
v  -0.1276 -0.0213 -0.1313
v  -0.1196 -0.0168 -0.1458
v  -0.1168 0.0034 -0.1431
v  -0.1387 -0.0223 -0.1187
v  -0.1397 -0.0211 -0.1199
v  -0.1297 -0.0171 -0.1332
v  -0.1269 0.0031 -0.1305
v  -0.1524 -0.0218 -0.1088
v  -0.1532 -0.0206 -0.1102
v  -0.1414 -0.0169 -0.1221
v  -0.1386 0.0032 -0.1194
v  -0.1673 -0.0207 -0.1010
v  -0.1679 -0.0196 -0.1025
v  -0.1545 -0.0164 -0.1127
v  -0.1517 0.0038 -0.1100
v  -0.1832 -0.0193 -0.0953
v  -0.1835 -0.0181 -0.0968
v  -0.1688 -0.0154 -0.1052
v  -0.1660 0.0047 -0.1025
v  -0.1839 -0.0140 -0.0998
v  -0.1811 0.0061 -0.0970
v  -0.2330 -0.0128 -0.0918
v  -0.2326 -0.0117 -0.0934
v  -0.2517 -0.0099 -0.0870
v  -0.2684 -0.0067 -0.0932
v  -0.2678 -0.0075 -0.0948
v  -0.2513 -0.0106 -0.0887
v  -0.1809 -0.0199 -0.0870
v  -0.1814 -0.0204 -0.0887
v  -0.1639 -0.0214 -0.0931
v  -0.1647 -0.0220 -0.0947
v  -0.1479 -0.0225 -0.1015
v  -0.1489 -0.0230 -0.1030
v  -0.1332 -0.0231 -0.1120
v  -0.1344 -0.0237 -0.1134
v  -0.1201 -0.0233 -0.1245
v  -0.1214 -0.0238 -0.1257
v  -0.1088 -0.0229 -0.1386
v  -0.1103 -0.0235 -0.1396
v  -0.0996 -0.0221 -0.1541
v  -0.1011 -0.0227 -0.1549
v  -0.0925 -0.0208 -0.1707
v  -0.0942 -0.0214 -0.1713
v  -0.0878 -0.0191 -0.1881
v  -0.0896 -0.0197 -0.1885
v  -0.0856 -0.0170 -0.2059
v  -0.0874 -0.0176 -0.2061
v  -0.0859 -0.0145 -0.2239
v  -0.0876 -0.0151 -0.2238
v  -0.0887 -0.0117 -0.2415
v  -0.0904 -0.0124 -0.2412
v  -0.0939 -0.0086 -0.2586
v  -0.0955 -0.0094 -0.2581
v  -0.1014 -0.0054 -0.2747
v  -0.1029 -0.0061 -0.2740
v  -0.1111 -0.0020 -0.2895
v  -0.1126 -0.0028 -0.2887
v  -0.1229 0.0015 -0.3029
v  -0.1241 0.0006 -0.3018
v  -0.1364 0.0050 -0.3144
v  -0.1375 0.0041 -0.3132
v  -0.1514 0.0084 -0.3239
v  -0.1523 0.0074 -0.3226
v  -0.1676 0.0116 -0.3312
v  -0.1683 0.0107 -0.3298
v  -0.1847 0.0147 -0.3362
v  -0.1852 0.0137 -0.3347
v  -0.2024 0.0176 -0.3387
v  -0.2027 0.0165 -0.3372
v  -0.2203 0.0201 -0.3387
v  -0.2203 0.0190 -0.3372
v  -0.2381 0.0222 -0.3362
v  -0.2379 0.0211 -0.3347
v  -0.2554 0.0240 -0.3313
v  -0.2550 0.0229 -0.3299
v  -0.2719 0.0253 -0.3240
v  -0.2713 0.0242 -0.3227
v  -0.2873 0.0262 -0.3145
v  -0.2865 0.0250 -0.3133
v  -0.3012 0.0266 -0.3030
v  -0.3002 0.0254 -0.3019
v  -0.3135 0.0265 -0.2897
v  -0.3123 0.0253 -0.2888
v  -0.3238 0.0259 -0.2748
v  -0.3225 0.0247 -0.2741
v  -0.3320 0.0248 -0.2587
v  -0.3306 0.0237 -0.2582
v  -0.3378 0.0233 -0.2417
v  -0.3364 0.0222 -0.2414
v  -0.3413 0.0214 -0.2240
v  -0.3398 0.0203 -0.2240
v  -0.3423 0.0191 -0.2061
v  -0.3407 0.0180 -0.2063
v  -0.3407 0.0164 -0.1883
v  -0.3392 0.0154 -0.1887
v  -0.3367 0.0135 -0.1709
v  -0.3353 0.0125 -0.1715
v  -0.3304 0.0103 -0.1543
v  -0.3290 0.0094 -0.1551
v  -0.3217 0.0070 -0.1387
v  -0.3205 0.0061 -0.1398
v  -0.3110 0.0035 -0.1246
v  -0.3098 0.0027 -0.1258
v  -0.2983 0.0001 -0.1121
v  -0.2974 -0.0008 -0.1135
v  -0.2840 -0.0034 -0.1016
v  -0.2833 -0.0042 -0.1031
v  -0.2342 -0.0129 -0.0833
v  -0.2341 -0.0135 -0.0850
v  -0.2159 -0.0125 -0.0782
v  -0.2131 0.0077 -0.0755
v  -0.2314 0.0104 -0.0768
v  -0.2342 -0.0097 -0.0795
v  -0.1795 -0.0169 -0.0833
v  -0.1767 0.0033 -0.0805
v  -0.1947 0.0053 -0.0767
v  -0.1976 -0.0149 -0.0795
v  -0.1621 -0.0185 -0.0896
v  -0.1593 0.0017 -0.0868
v  -0.1457 -0.0196 -0.0982
v  -0.1429 0.0005 -0.0954
v  -0.1307 -0.0203 -0.1090
v  -0.1278 -0.0001 -0.1062
v  -0.1172 -0.0204 -0.1218
v  -0.1144 -0.0002 -0.1190
v  -0.1056 -0.0200 -0.1362
v  -0.1028 0.0001 -0.1335
v  -0.0961 -0.0192 -0.1522
v  -0.0933 0.0009 -0.1494
v  -0.0889 -0.0179 -0.1692
v  -0.0860 0.0023 -0.1665
v  -0.0841 -0.0161 -0.1871
v  -0.0812 0.0040 -0.1843
v  -0.0818 -0.0139 -0.2053
v  -0.0790 0.0062 -0.2026
v  -0.0821 -0.0114 -0.2237
v  -0.0793 0.0088 -0.2210
v  -0.0849 -0.0085 -0.2418
v  -0.0821 0.0116 -0.2391
v  -0.0903 -0.0054 -0.2593
v  -0.0874 0.0148 -0.2566
v  -0.0980 -0.0020 -0.2759
v  -0.0952 0.0181 -0.2731
v  -0.1080 0.0014 -0.2911
v  -0.1051 0.0216 -0.2884
v  -0.1200 0.0050 -0.3048
v  -0.1172 0.0252 -0.3020
v  -0.1338 0.0086 -0.3166
v  -0.1310 0.0287 -0.3139
v  -0.1492 0.0121 -0.3264
v  -0.1464 0.0322 -0.3236
v  -0.1659 0.0154 -0.3339
v  -0.1631 0.0356 -0.3311
v  -0.1835 0.0186 -0.3390
v  -0.1806 0.0387 -0.3362
v  -0.2016 0.0215 -0.3415
v  -0.1988 0.0416 -0.3388
v  -0.2200 0.0241 -0.3415
v  -0.2171 0.0442 -0.3388
v  -0.2382 0.0263 -0.3390
v  -0.2354 0.0464 -0.3362
v  -0.2560 0.0281 -0.3339
v  -0.2532 0.0482 -0.3312
v  -0.2729 0.0294 -0.3265
v  -0.2701 0.0496 -0.3237
v  -0.2887 0.0303 -0.3167
v  -0.2859 0.0505 -0.3140
v  -0.3030 0.0307 -0.3049
v  -0.3002 0.0509 -0.3022
v  -0.3156 0.0306 -0.2913
v  -0.3127 0.0508 -0.2885
v  -0.3261 0.0300 -0.2760
v  -0.3233 0.0502 -0.2733
v  -0.3345 0.0289 -0.2595
v  -0.3317 0.0491 -0.2568
v  -0.3405 0.0274 -0.2420
v  -0.3377 0.0476 -0.2393
v  -0.3441 0.0254 -0.2239
v  -0.3413 0.0456 -0.2212
v  -0.3451 0.0231 -0.2055
v  -0.3423 0.0432 -0.2028
v  -0.3435 0.0203 -0.1872
v  -0.3407 0.0405 -0.1845
v  -0.3394 0.0173 -0.1694
v  -0.3366 0.0375 -0.1666
v  -0.3329 0.0141 -0.1523
v  -0.3301 0.0342 -0.1496
v  -0.3240 0.0106 -0.1364
v  -0.3212 0.0308 -0.1336
v  -0.3130 0.0071 -0.1219
v  -0.3101 0.0273 -0.1191
v  -0.3000 0.0035 -0.1091
v  -0.2972 0.0237 -0.1064
v  -0.2853 0.0000 -0.0983
v  -0.2825 0.0202 -0.0955
v  -0.2693 -0.0034 -0.0896
v  -0.2665 0.0167 -0.0869
v  -0.2521 -0.0067 -0.0833
v  -0.2493 0.0135 -0.0806
v  -0.2129 0.0090 -0.0764
v  -0.2311 0.0117 -0.0776
v  -0.2488 0.0148 -0.0815
v  -0.2658 0.0180 -0.0877
v  -0.2818 0.0214 -0.0963
v  -0.2963 0.0249 -0.1070
v  -0.3092 0.0285 -0.1197
v  -0.3201 0.0320 -0.1341
v  -0.3289 0.0354 -0.1499
v  -0.3354 0.0386 -0.1668
v  -0.3395 0.0416 -0.1845
v  -0.3410 0.0443 -0.2026
v  -0.3400 0.0466 -0.2209
v  -0.3365 0.0486 -0.2388
v  -0.3305 0.0501 -0.2562
v  -0.3222 0.0512 -0.2726
v  -0.3117 0.0518 -0.2877
v  -0.2993 0.0519 -0.3012
v  -0.2851 0.0515 -0.3130
v  -0.2694 0.0506 -0.3226
v  -0.2526 0.0493 -0.3300
v  -0.2350 0.0475 -0.3350
v  -0.2169 0.0453 -0.3376
v  -0.1987 0.0427 -0.3375
v  -0.1807 0.0398 -0.3350
v  -0.1633 0.0367 -0.3300
v  -0.1468 0.0334 -0.3225
v  -0.1315 0.0299 -0.3128
v  -0.1178 0.0264 -0.3011
v  -0.1058 0.0228 -0.2875
v  -0.0959 0.0194 -0.2724
v  -0.0883 0.0161 -0.2560
v  -0.0830 0.0129 -0.2387
v  -0.0801 0.0101 -0.2207
v  -0.0799 0.0076 -0.2025
v  -0.0821 0.0054 -0.1843
v  -0.0869 0.0037 -0.1666
v  -0.0940 0.0024 -0.1497
v  -0.1035 0.0015 -0.1339
v  -0.1150 0.0012 -0.1196
v  -0.1283 0.0013 -0.1069
v  -0.1433 0.0020 -0.0962
v  -0.1595 0.0031 -0.0876
v  -0.1768 0.0046 -0.0814
v  -0.1947 0.0066 -0.0776
v  -0.2126 0.0110 -0.0914
v  -0.2287 0.0134 -0.0925
v  -0.2444 0.0161 -0.0959
v  -0.2595 0.0190 -0.1014
v  -0.2736 0.0220 -0.1090
v  -0.2864 0.0251 -0.1185
v  -0.2978 0.0282 -0.1297
v  -0.3075 0.0313 -0.1425
v  -0.3153 0.0343 -0.1564
v  -0.3211 0.0372 -0.1714
v  -0.3247 0.0398 -0.1871
v  -0.3260 0.0422 -0.2032
v  -0.3252 0.0443 -0.2193
v  -0.3220 0.0461 -0.2352
v  -0.3168 0.0474 -0.2506
v  -0.3094 0.0484 -0.2651
v  -0.3001 0.0489 -0.2784
v  -0.2891 0.0490 -0.2904
v  -0.2765 0.0486 -0.3008
v  -0.2627 0.0478 -0.3094
v  -0.2478 0.0467 -0.3159
v  -0.2322 0.0451 -0.3204
v  -0.2162 0.0431 -0.3226
v  -0.2000 0.0409 -0.3226
v  -0.1841 0.0383 -0.3203
v  -0.1687 0.0355 -0.3159
v  -0.1541 0.0326 -0.3093
v  -0.1405 0.0295 -0.3007
v  -0.1284 0.0264 -0.2903
v  -0.1178 0.0233 -0.2783
v  -0.1091 0.0202 -0.2649
v  -0.1023 0.0173 -0.2504
v  -0.0976 0.0145 -0.2350
v  -0.0951 0.0120 -0.2191
v  -0.0948 0.0097 -0.2030
v  -0.0968 0.0078 -0.1869
v  -0.1010 0.0063 -0.1713
v  -0.1074 0.0051 -0.1563
v  -0.1157 0.0044 -0.1423
v  -0.1259 0.0041 -0.1296
v  -0.1377 0.0042 -0.1184
v  -0.1510 0.0048 -0.1089
v  -0.1654 0.0058 -0.1013
v  -0.1806 0.0072 -0.0958
v  -0.1965 0.0089 -0.0925
v  -0.2125 0.0121 -0.0836
v  -0.1953 0.0099 -0.0848
v  -0.1784 0.0080 -0.0883
v  -0.1622 0.0065 -0.0942
v  -0.1468 0.0055 -0.1023
v  -0.1327 0.0049 -0.1124
v  -0.1201 0.0047 -0.1243
v  -0.1093 0.0050 -0.1378
v  -0.1004 0.0058 -0.1527
v  -0.0937 0.0071 -0.1687
v  -0.0892 0.0087 -0.1853
v  -0.0871 0.0107 -0.2024
v  -0.0873 0.0131 -0.2196
v  -0.0900 0.0158 -0.2366
v  -0.0950 0.0188 -0.2529
v  -0.1022 0.0219 -0.2684
v  -0.1115 0.0251 -0.2826
v  -0.1228 0.0285 -0.2954
v  -0.1357 0.0318 -0.3065
v  -0.1501 0.0351 -0.3156
v  -0.1657 0.0382 -0.3226
v  -0.1821 0.0412 -0.3274
v  -0.1991 0.0439 -0.3298
v  -0.2163 0.0463 -0.3298
v  -0.2333 0.0484 -0.3274
v  -0.2499 0.0500 -0.3227
v  -0.2658 0.0513 -0.3157
v  -0.2805 0.0521 -0.3066
v  -0.2939 0.0525 -0.2956
v  -0.3056 0.0524 -0.2828
v  -0.3155 0.0519 -0.2685
v  -0.3234 0.0509 -0.2531
v  -0.3290 0.0494 -0.2367
v  -0.3323 0.0476 -0.2198
v  -0.3332 0.0453 -0.2026
v  -0.3318 0.0428 -0.1855
v  -0.3279 0.0400 -0.1688
v  -0.3218 0.0369 -0.1529
v  -0.3135 0.0337 -0.1380
v  -0.3032 0.0304 -0.1244
v  -0.2911 0.0271 -0.1125
v  -0.2774 0.0238 -0.1024
v  -0.2624 0.0206 -0.0943
v  -0.2463 0.0175 -0.0884
v  -0.2296 0.0147 -0.0848
v  -0.2343 -0.0114 -0.0807
v  -0.2162 -0.0141 -0.0794
v  -0.2521 -0.0084 -0.0845
v  -0.2691 -0.0051 -0.0908
v  -0.2851 -0.0017 -0.0994
v  -0.2996 0.0018 -0.1101
v  -0.3125 0.0053 -0.1228
v  -0.3234 0.0088 -0.1372
v  -0.3322 0.0122 -0.1530
v  -0.3387 0.0155 -0.1699
v  -0.3428 0.0185 -0.1876
v  -0.3444 0.0212 -0.2058
v  -0.3434 0.0235 -0.2240
v  -0.3399 0.0255 -0.2420
v  -0.3339 0.0270 -0.2594
v  -0.3256 0.0281 -0.2758
v  -0.3151 0.0287 -0.2909
v  -0.3026 0.0288 -0.3045
v  -0.2884 0.0284 -0.3162
v  -0.2727 0.0275 -0.3259
v  -0.2559 0.0262 -0.3333
v  -0.2383 0.0244 -0.3383
v  -0.2202 0.0222 -0.3408
v  -0.2019 0.0196 -0.3408
v  -0.1839 0.0167 -0.3382
v  -0.1665 0.0136 -0.3332
v  -0.1500 0.0102 -0.3258
v  -0.1347 0.0068 -0.3161
v  -0.1209 0.0032 -0.3043
v  -0.1090 -0.0003 -0.2908
v  -0.0991 -0.0037 -0.2756
v  -0.0914 -0.0071 -0.2592
v  -0.0861 -0.0102 -0.2418
v  -0.0833 -0.0130 -0.2239
v  -0.0830 -0.0156 -0.2056
v  -0.0853 -0.0177 -0.1875
v  -0.0900 -0.0195 -0.1698
v  -0.0972 -0.0208 -0.1528
v  -0.1066 -0.0216 -0.1370
v  -0.1181 -0.0220 -0.1227
v  -0.1315 -0.0218 -0.1100
v  -0.1465 -0.0212 -0.0993
v  -0.1628 -0.0201 -0.0907
v  -0.1800 -0.0185 -0.0845
v  -0.1979 -0.0165 -0.0807
v  -0.2319 -0.0097 -0.0957
v  -0.2159 -0.0121 -0.0946
v  -0.2477 -0.0070 -0.0991
v  -0.2627 -0.0041 -0.1046
v  -0.2768 -0.0011 -0.1122
v  -0.2897 0.0020 -0.1217
v  -0.3011 0.0051 -0.1329
v  -0.3107 0.0082 -0.1456
v  -0.3185 0.0112 -0.1596
v  -0.3243 0.0141 -0.1746
v  -0.3279 0.0167 -0.1903
v  -0.3293 0.0191 -0.2063
v  -0.3284 0.0212 -0.2225
v  -0.3253 0.0229 -0.2384
v  -0.3200 0.0243 -0.2537
v  -0.3126 0.0252 -0.2682
v  -0.3033 0.0258 -0.2816
v  -0.2923 0.0258 -0.2936
v  -0.2797 0.0255 -0.3039
v  -0.2659 0.0247 -0.3125
v  -0.2510 0.0235 -0.3190
v  -0.2354 0.0219 -0.3235
v  -0.2194 0.0200 -0.3257
v  -0.2033 0.0177 -0.3257
v  -0.1874 0.0152 -0.3235
v  -0.1719 0.0124 -0.3190
v  -0.1573 0.0095 -0.3124
v  -0.1438 0.0064 -0.3038
v  -0.1316 0.0033 -0.2935
v  -0.1211 0.0001 -0.2815
v  -0.1123 -0.0029 -0.2681
v  -0.1055 -0.0059 -0.2535
v  -0.1009 -0.0086 -0.2382
v  -0.0984 -0.0111 -0.2223
v  -0.0981 -0.0134 -0.2062
v  -0.1001 -0.0153 -0.1901
v  -0.1043 -0.0168 -0.1744
v  -0.1107 -0.0180 -0.1595
v  -0.1190 -0.0187 -0.1455
v  -0.1292 -0.0190 -0.1328
v  -0.1410 -0.0189 -0.1216
v  -0.1542 -0.0183 -0.1121
v  -0.1686 -0.0174 -0.1045
v  -0.1839 -0.0160 -0.0990
v  -0.1998 -0.0142 -0.0957
v  -0.1993 -0.0187 -0.0885
v  -0.2165 -0.0165 -0.0873
v  -0.1824 -0.0206 -0.0920
v  -0.1661 -0.0221 -0.0979
v  -0.1507 -0.0231 -0.1060
v  -0.1366 -0.0237 -0.1161
v  -0.1240 -0.0239 -0.1281
v  -0.1131 -0.0235 -0.1416
v  -0.1042 -0.0228 -0.1565
v  -0.0975 -0.0215 -0.1725
v  -0.0930 -0.0199 -0.1892
v  -0.0909 -0.0178 -0.2063
v  -0.0911 -0.0154 -0.2235
v  -0.0938 -0.0128 -0.2405
v  -0.0988 -0.0098 -0.2569
v  -0.1060 -0.0067 -0.2724
v  -0.1154 -0.0034 -0.2867
v  -0.1266 -0.0001 -0.2995
v  -0.1396 0.0033 -0.3106
v  -0.1540 0.0065 -0.3197
v  -0.1696 0.0097 -0.3267
v  -0.1861 0.0126 -0.3315
v  -0.2031 0.0154 -0.3339
v  -0.2203 0.0178 -0.3339
v  -0.2374 0.0198 -0.3315
v  -0.2540 0.0215 -0.3268
v  -0.2699 0.0228 -0.3198
v  -0.2846 0.0236 -0.3107
v  -0.2980 0.0240 -0.2996
v  -0.3098 0.0239 -0.2868
v  -0.3197 0.0234 -0.2725
v  -0.3276 0.0223 -0.2571
v  -0.3332 0.0209 -0.2407
v  -0.3365 0.0190 -0.2237
v  -0.3375 0.0168 -0.2065
v  -0.3360 0.0143 -0.1894
v  -0.3322 0.0115 -0.1727
v  -0.3260 0.0084 -0.1567
v  -0.3177 0.0052 -0.1418
v  -0.3074 0.0019 -0.1282
v  -0.2952 -0.0014 -0.1162
v  -0.2815 -0.0048 -0.1061
v  -0.2665 -0.0080 -0.0980
v  -0.2504 -0.0110 -0.0921
v  -0.2336 -0.0139 -0.0885
v  0.2103 0.0295 0.1887
v  0.2095 0.0354 0.1878
v  0.2126 0.0359 0.1881
v  0.2135 0.0300 0.1890
v  0.2157 0.0364 0.1890
v  0.2165 0.0305 0.1898
v  0.2185 0.0370 0.1903
v  0.2194 0.0312 0.1912
v  0.2211 0.0377 0.1922
v  0.2219 0.0318 0.1931
v  0.2233 0.0383 0.1945
v  0.2241 0.0324 0.1954
v  0.2250 0.0389 0.1972
v  0.2258 0.0331 0.1980
v  0.2262 0.0395 0.2001
v  0.2270 0.0337 0.2010
v  0.2268 0.0401 0.2032
v  0.2276 0.0342 0.2041
v  0.2269 0.0406 0.2064
v  0.2277 0.0347 0.2073
v  0.2264 0.0409 0.2096
v  0.2272 0.0351 0.2104
v  0.2253 0.0412 0.2126
v  0.2262 0.0354 0.2135
v  0.2238 0.0414 0.2154
v  0.2246 0.0356 0.2163
v  0.2217 0.0415 0.2179
v  0.2226 0.0357 0.2188
v  0.2193 0.0415 0.2200
v  0.2201 0.0356 0.2209
v  0.2165 0.0413 0.2216
v  0.2174 0.0355 0.2225
v  0.2135 0.0411 0.2227
v  0.2143 0.0352 0.2236
v  0.2104 0.0407 0.2233
v  0.2112 0.0349 0.2242
v  0.2072 0.0403 0.2233
v  0.2080 0.0344 0.2242
v  0.2041 0.0398 0.2228
v  0.2049 0.0339 0.2236
v  0.2011 0.0392 0.2216
v  0.2019 0.0333 0.2225
v  0.1984 0.0385 0.2200
v  0.1992 0.0327 0.2209
v  0.1960 0.0379 0.2179
v  0.1969 0.0320 0.2188
v  0.1941 0.0373 0.2154
v  0.1949 0.0314 0.2163
v  0.1926 0.0367 0.2126
v  0.1935 0.0308 0.2135
v  0.1917 0.0361 0.2096
v  0.1925 0.0302 0.2104
v  0.1913 0.0356 0.2064
v  0.1922 0.0297 0.2073
v  0.1915 0.0351 0.2032
v  0.1924 0.0293 0.2041
v  0.1923 0.0348 0.2001
v  0.1931 0.0289 0.2010
v  0.1936 0.0345 0.1972
v  0.1945 0.0287 0.1981
v  0.1954 0.0344 0.1945
v  0.1963 0.0285 0.1954
v  0.1977 0.0344 0.1922
v  0.1985 0.0285 0.1931
v  0.2003 0.0345 0.1904
v  0.2011 0.0286 0.1912
v  0.2032 0.0347 0.1890
v  0.2040 0.0288 0.1898
v  0.2063 0.0350 0.1881
v  0.2071 0.0291 0.1890
v  0.2169 0.0319 0.1987
v  0.2154 0.0315 0.1976
v  0.1996 0.0307 0.2069
v  0.1997 0.0304 0.2051
v  0.1998 0.0297 0.2052
v  0.1997 0.0300 0.2071
v  0.2173 0.0342 0.2136
v  0.2185 0.0341 0.2122
v  0.2023 0.0321 0.2136
v  0.2037 0.0324 0.2149
v  0.2033 0.0300 0.1987
v  0.2020 0.0300 0.2000
v  0.2203 0.0336 0.2069
v  0.2202 0.0333 0.2051
v  0.2088 0.0334 0.2168
v  0.2107 0.0337 0.2168
v  0.2182 0.0323 0.2000
v  0.2159 0.0341 0.2149
v  0.2012 0.0317 0.2122
v  0.2120 0.0309 0.1963
v  0.2102 0.0306 0.1961
v  0.2048 0.0300 0.1976
v  0.2200 0.0338 0.2088
v  0.2070 0.0331 0.2165
v  0.2002 0.0302 0.2033
v  0.2192 0.0326 0.2016
v  0.2143 0.0341 0.2158
v  0.2003 0.0313 0.2106
v  0.2065 0.0302 0.1968
v  0.2138 0.0312 0.1968
v  0.2194 0.0340 0.2105
v  0.2053 0.0328 0.2158
v  0.2009 0.0301 0.2016
v  0.2199 0.0330 0.2033
v  0.2125 0.0339 0.2165
v  0.1998 0.0310 0.2088
v  0.2083 0.0303 0.1963
v  0.2103 0.0299 0.1962
v  0.2121 0.0302 0.1964
v  0.2139 0.0305 0.1969
v  0.2155 0.0308 0.1977
v  0.2170 0.0312 0.1988
v  0.2183 0.0316 0.2001
v  0.2193 0.0319 0.2017
v  0.2200 0.0323 0.2034
v  0.2203 0.0326 0.2052
v  0.2204 0.0329 0.2070
v  0.2201 0.0331 0.2089
v  0.2195 0.0333 0.2106
v  0.2186 0.0334 0.2123
v  0.2174 0.0335 0.2137
v  0.2160 0.0334 0.2150
v  0.2144 0.0334 0.2159
v  0.2126 0.0332 0.2166
v  0.2108 0.0330 0.2169
v  0.2089 0.0327 0.2169
v  0.2071 0.0324 0.2166
v  0.2054 0.0321 0.2159
v  0.2038 0.0317 0.2150
v  0.2024 0.0314 0.2137
v  0.2013 0.0310 0.2123
v  0.2004 0.0306 0.2107
v  0.1999 0.0303 0.2089
v  0.2003 0.0295 0.2034
v  0.2010 0.0294 0.2017
v  0.2021 0.0293 0.2001
v  0.2034 0.0293 0.1988
v  0.2049 0.0293 0.1977
v  0.2066 0.0295 0.1969
v  0.2084 0.0296 0.1964
v  0.2183 0.0379 0.2058
v  0.2176 0.0385 0.2061
v  0.2161 0.0389 0.2073
v  0.2142 0.0391 0.2090
v  0.2115 0.0391 0.2118
v  0.2097 0.0390 0.2137
v  0.2085 0.0385 0.2152
v  0.2083 0.0379 0.2159
v  0.0746 0.0286 0.0966
v  0.0968 0.0284 0.0742
v  0.1135 0.0287 0.0960
v  0.0966 0.0287 0.1131
v  0.1985 0.0385 0.2061
v  0.1984 0.0393 0.2060
v  0.1884 0.0382 0.1967
v  0.1885 0.0371 0.1968
v  0.2122 0.0370 0.1997
v  0.2085 0.0384 0.1960
v  0.2084 0.0392 0.1959
v  0.2046 0.0411 0.1994
v  0.2019 0.0412 0.2021
v  0.0945 0.0304 0.0624
v  0.0945 0.0361 0.0624
v  0.1000 0.0357 0.0699
v  0.1003 0.0303 0.0703
v  0.1989 0.0371 0.1863
v  0.1989 0.0382 0.1862
v  0.2022 0.0371 0.2098
v  0.2050 0.0365 0.1999
v  0.2023 0.0365 0.2026
v  0.1923 0.0352 0.1932
v  0.1954 0.0352 0.1901
v  0.0908 0.0380 0.0661
v  0.0663 0.0381 0.0906
v  0.0739 0.0377 0.0961
v  0.0962 0.0376 0.0734
v  0.1337 0.0295 0.1210
v  0.1219 0.0296 0.1329
v  0.1764 0.0385 0.1700
v  0.1718 0.0385 0.1747
v  0.1920 0.0401 0.1929
v  0.1951 0.0401 0.1897
v  0.1480 0.0311 0.1543
v  0.1556 0.0310 0.1466
v  0.1768 0.0330 0.1704
v  0.1722 0.0330 0.1751
v  0.1370 0.0349 0.1169
v  0.1373 0.0314 0.1172
v  0.1170 0.0305 0.0922
v  0.1167 0.0350 0.0918
v  0.1802 0.0366 0.1665
v  0.1803 0.0349 0.1666
v  0.1591 0.0329 0.1428
v  0.1589 0.0355 0.1426
v  0.0928 0.0306 0.1166
v  0.0925 0.0351 0.1164
v  0.0704 0.0358 0.0999
v  0.0708 0.0305 0.1002
v  0.1181 0.0315 0.1365
v  0.1179 0.0350 0.1363
v  0.1442 0.0330 0.1579
v  0.1440 0.0355 0.1577
v  0.1684 0.0349 0.1786
v  0.1683 0.0366 0.1785
v  0.1551 0.0374 0.1462
v  0.1475 0.0374 0.1539
v  0.1130 0.0369 0.0954
v  0.0960 0.0370 0.1125
v  0.1214 0.0368 0.1325
v  0.1333 0.0368 0.1204
v  0.1990 0.0375 0.2057
v  0.2005 0.0368 0.2044
v  0.2068 0.0368 0.1980
v  0.2081 0.0375 0.1966
v  0.2001 0.0409 0.2040
v  0.1988 0.0402 0.2054
v  0.2065 0.0409 0.1976
v  0.2079 0.0402 0.1963
v  0.1905 0.0355 0.1950
v  0.1704 0.0333 0.1769
v  0.1891 0.0362 0.1963
v  0.1690 0.0340 0.1782
v  0.1700 0.0383 0.1765
v  0.1902 0.0399 0.1947
v  0.1687 0.0376 0.1779
v  0.1889 0.0392 0.1961
v  0.1461 0.0313 0.1561
v  0.1447 0.0320 0.1574
v  0.1457 0.0371 0.1557
v  0.1444 0.0364 0.1571
v  0.1201 0.0298 0.1348
v  0.1187 0.0305 0.1361
v  0.1196 0.0366 0.1343
v  0.1183 0.0359 0.1357
v  0.0948 0.0290 0.1149
v  0.0934 0.0297 0.1162
v  0.0942 0.0367 0.1144
v  0.0929 0.0360 0.1158
v  0.0727 0.0288 0.0985
v  0.0713 0.0295 0.0998
v  0.0721 0.0374 0.0979
v  0.0708 0.0368 0.0993
v  0.1969 0.0399 0.1879
v  0.1783 0.0383 0.1682
v  0.1983 0.0392 0.1866
v  0.1797 0.0376 0.1669
v  0.1786 0.0332 0.1686
v  0.1972 0.0355 0.1882
v  0.1799 0.0339 0.1672
v  0.1985 0.0361 0.1868
v  0.1570 0.0371 0.1443
v  0.1584 0.0364 0.1430
v  0.1574 0.0313 0.1448
v  0.1587 0.0320 0.1434
v  0.1351 0.0366 0.1186
v  0.1365 0.0359 0.1173
v  0.1355 0.0298 0.1191
v  0.1368 0.0305 0.1177
v  0.1148 0.0366 0.0935
v  0.1162 0.0359 0.0922
v  0.1153 0.0289 0.0942
v  0.1166 0.0296 0.0927
v  0.0981 0.0373 0.0716
v  0.0994 0.0366 0.0703
v  0.0986 0.0287 0.0723
v  0.0999 0.0294 0.0709
v  0.0644 0.0379 0.0924
v  0.0631 0.0372 0.0938
v  0.0626 0.0362 0.0943
v  0.0940 0.0370 0.0629
v  0.0926 0.0377 0.0642
v  0.0626 0.0305 0.0943
v  0.1046 -0.0114 0.1108
v  0.1206 0.0326 0.1276
v  0.1210 0.0324 0.1276
v  0.1050 -0.0116 0.1109
v  0.1213 0.0322 0.1277
v  0.1054 -0.0117 0.1110
v  0.1217 0.0320 0.1279
v  0.1057 -0.0119 0.1111
v  0.1220 0.0318 0.1281
v  0.1060 -0.0121 0.1114
v  0.1222 0.0316 0.1284
v  0.1063 -0.0123 0.1117
v  0.1224 0.0314 0.1288
v  0.1064 -0.0125 0.1120
v  0.1225 0.0313 0.1291
v  0.1066 -0.0127 0.1124
v  0.1226 0.0311 0.1295
v  0.1066 -0.0129 0.1128
v  0.1225 0.0310 0.1299
v  0.1066 -0.0130 0.1132
v  0.1224 0.0308 0.1303
v  0.1065 -0.0131 0.1135
v  0.1223 0.0308 0.1307
v  0.1063 -0.0132 0.1139
v  0.1220 0.0307 0.1310
v  0.1060 -0.0132 0.1143
v  0.1217 0.0307 0.1313
v  0.1058 -0.0132 0.1146
v  0.1214 0.0307 0.1316
v  0.1054 -0.0132 0.1148
v  0.1210 0.0308 0.1318
v  0.1050 -0.0132 0.1150
v  0.1206 0.0309 0.1319
v  0.1046 -0.0131 0.1152
v  0.1202 0.0310 0.1320
v  0.1042 -0.0130 0.1153
v  0.1198 0.0311 0.1320
v  0.1038 -0.0128 0.1153
v  0.1194 0.0313 0.1319
v  0.1034 -0.0126 0.1152
v  0.1190 0.0315 0.1318
v  0.1031 -0.0125 0.1150
v  0.1187 0.0317 0.1316
v  0.1028 -0.0123 0.1148
v  0.1184 0.0319 0.1313
v  0.1025 -0.0121 0.1146
v  0.1182 0.0321 0.1310
v  0.1023 -0.0119 0.1143
v  0.1181 0.0323 0.1307
v  0.1021 -0.0117 0.1139
v  0.1180 0.0325 0.1303
v  0.1020 -0.0115 0.1135
v  0.1180 0.0326 0.1299
v  0.1020 -0.0113 0.1131
v  0.1181 0.0327 0.1295
v  0.1021 -0.0112 0.1127
v  0.1182 0.0328 0.1291
v  0.1022 -0.0111 0.1124
v  0.1184 0.0329 0.1288
v  0.1024 -0.0111 0.1120
v  0.1187 0.0329 0.1284
v  0.1027 -0.0110 0.1117
v  0.1190 0.0329 0.1281
v  0.1030 -0.0110 0.1114
v  0.1193 0.0329 0.1279
v  0.1034 -0.0111 0.1111
v  0.1197 0.0328 0.1277
v  0.1038 -0.0111 0.1110
v  0.1201 0.0327 0.1276
v  0.1042 -0.0113 0.1109
v  0.1149 -0.0113 0.1007
v  0.1309 0.0327 0.1174
v  0.1313 0.0325 0.1175
v  0.1153 -0.0114 0.1007
v  0.1317 0.0323 0.1176
v  0.1157 -0.0116 0.1008
v  0.1320 0.0322 0.1177
v  0.1160 -0.0118 0.1010
v  0.1323 0.0320 0.1180
v  0.1163 -0.0120 0.1012
v  0.1325 0.0318 0.1183
v  0.1166 -0.0122 0.1015
v  0.1327 0.0316 0.1186
v  0.1168 -0.0124 0.1018
v  0.1328 0.0314 0.1190
v  0.1169 -0.0126 0.1022
v  0.1329 0.0312 0.1194
v  0.1169 -0.0127 0.1026
v  0.1328 0.0311 0.1198
v  0.1169 -0.0129 0.1030
v  0.1327 0.0310 0.1201
v  0.1168 -0.0130 0.1034
v  0.1326 0.0309 0.1205
v  0.1166 -0.0131 0.1038
v  0.1323 0.0308 0.1209
v  0.1164 -0.0131 0.1041
v  0.1320 0.0308 0.1212
v  0.1161 -0.0131 0.1044
v  0.1317 0.0309 0.1214
v  0.1157 -0.0131 0.1047
v  0.1313 0.0309 0.1216
v  0.1154 -0.0130 0.1049
v  0.1309 0.0310 0.1218
v  0.1150 -0.0129 0.1050
v  0.1305 0.0311 0.1219
v  0.1146 -0.0128 0.1051
v  0.1301 0.0313 0.1219
v  0.1142 -0.0127 0.1051
v  0.1297 0.0314 0.1218
v  0.1138 -0.0125 0.1050
v  0.1294 0.0316 0.1216
v  0.1134 -0.0123 0.1049
v  0.1290 0.0318 0.1214
v  0.1131 -0.0121 0.1047
v  0.1288 0.0320 0.1212
v  0.1128 -0.0119 0.1044
v  0.1286 0.0322 0.1209
v  0.1126 -0.0117 0.1041
v  0.1284 0.0324 0.1205
v  0.1124 -0.0115 0.1038
v  0.1283 0.0326 0.1201
v  0.1124 -0.0114 0.1034
v  0.1283 0.0327 0.1197
v  0.1124 -0.0112 0.1030
v  0.1284 0.0329 0.1193
v  0.1124 -0.0111 0.1026
v  0.1285 0.0330 0.1190
v  0.1126 -0.0110 0.1022
v  0.1287 0.0330 0.1186
v  0.1128 -0.0109 0.1018
v  0.1290 0.0330 0.1183
v  0.1130 -0.0109 0.1015
v  0.1293 0.0330 0.1180
v  0.1133 -0.0109 0.1012
v  0.1297 0.0330 0.1177
v  0.1137 -0.0109 0.1010
v  0.1301 0.0329 0.1176
v  0.1141 -0.0110 0.1008
v  0.1305 0.0328 0.1175
v  0.1145 -0.0111 0.1007
v  -0.2103 0.0295 0.1887
v  -0.2135 0.0300 0.1890
v  -0.2126 0.0359 0.1881
v  -0.2095 0.0354 0.1878
v  -0.2165 0.0305 0.1898
v  -0.2157 0.0364 0.1890
v  -0.2194 0.0312 0.1912
v  -0.2185 0.0370 0.1903
v  -0.2219 0.0318 0.1931
v  -0.2211 0.0377 0.1922
v  -0.2241 0.0324 0.1954
v  -0.2233 0.0383 0.1945
v  -0.2258 0.0331 0.1980
v  -0.2250 0.0389 0.1972
v  -0.2270 0.0337 0.2010
v  -0.2262 0.0395 0.2001
v  -0.2276 0.0342 0.2041
v  -0.2268 0.0401 0.2032
v  -0.2277 0.0347 0.2073
v  -0.2269 0.0406 0.2064
v  -0.2272 0.0351 0.2104
v  -0.2264 0.0409 0.2096
v  -0.2262 0.0354 0.2135
v  -0.2253 0.0412 0.2126
v  -0.2246 0.0356 0.2163
v  -0.2238 0.0414 0.2154
v  -0.2226 0.0357 0.2188
v  -0.2217 0.0415 0.2179
v  -0.2201 0.0356 0.2209
v  -0.2193 0.0415 0.2200
v  -0.2174 0.0355 0.2225
v  -0.2165 0.0413 0.2216
v  -0.2143 0.0352 0.2236
v  -0.2135 0.0411 0.2227
v  -0.2112 0.0349 0.2242
v  -0.2104 0.0407 0.2233
v  -0.2080 0.0344 0.2242
v  -0.2072 0.0403 0.2233
v  -0.2049 0.0339 0.2236
v  -0.2041 0.0398 0.2228
v  -0.2019 0.0333 0.2225
v  -0.2011 0.0392 0.2216
v  -0.1992 0.0327 0.2209
v  -0.1984 0.0385 0.2200
v  -0.1969 0.0320 0.2188
v  -0.1960 0.0379 0.2179
v  -0.1949 0.0314 0.2163
v  -0.1941 0.0373 0.2154
v  -0.1935 0.0308 0.2135
v  -0.1926 0.0367 0.2126
v  -0.1925 0.0302 0.2104
v  -0.1917 0.0361 0.2096
v  -0.1922 0.0297 0.2073
v  -0.1913 0.0356 0.2064
v  -0.1924 0.0293 0.2041
v  -0.1915 0.0351 0.2032
v  -0.1931 0.0289 0.2010
v  -0.1923 0.0348 0.2001
v  -0.1945 0.0287 0.1981
v  -0.1936 0.0345 0.1972
v  -0.1963 0.0285 0.1954
v  -0.1954 0.0344 0.1945
v  -0.1985 0.0285 0.1931
v  -0.1977 0.0344 0.1922
v  -0.2011 0.0286 0.1912
v  -0.2003 0.0345 0.1904
v  -0.2040 0.0288 0.1898
v  -0.2032 0.0347 0.1890
v  -0.2063 0.0350 0.1881
v  -0.2071 0.0291 0.1890
v  -0.2154 0.0315 0.1976
v  -0.2169 0.0319 0.1987
v  -0.1996 0.0307 0.2069
v  -0.1997 0.0300 0.2071
v  -0.1998 0.0297 0.2052
v  -0.1997 0.0304 0.2051
v  -0.2185 0.0341 0.2122
v  -0.2173 0.0342 0.2136
v  -0.2037 0.0324 0.2149
v  -0.2023 0.0321 0.2136
v  -0.2020 0.0300 0.2000
v  -0.2033 0.0300 0.1987
v  -0.2202 0.0333 0.2051
v  -0.2203 0.0336 0.2069
v  -0.2107 0.0337 0.2168
v  -0.2088 0.0334 0.2168
v  -0.2182 0.0323 0.2000
v  -0.2159 0.0341 0.2149
v  -0.2012 0.0317 0.2122
v  -0.2102 0.0306 0.1961
v  -0.2120 0.0309 0.1963
v  -0.2048 0.0300 0.1976
v  -0.2200 0.0338 0.2088
v  -0.2070 0.0331 0.2165
v  -0.2002 0.0302 0.2033
v  -0.2192 0.0326 0.2016
v  -0.2143 0.0341 0.2158
v  -0.2003 0.0313 0.2106
v  -0.2065 0.0302 0.1968
v  -0.2138 0.0312 0.1968
v  -0.2194 0.0340 0.2105
v  -0.2053 0.0328 0.2158
v  -0.2009 0.0301 0.2016
v  -0.2199 0.0330 0.2033
v  -0.2125 0.0339 0.2165
v  -0.1998 0.0310 0.2088
v  -0.2083 0.0303 0.1963
v  -0.2103 0.0299 0.1962
v  -0.2084 0.0296 0.1964
v  -0.2066 0.0295 0.1969
v  -0.2049 0.0293 0.1977
v  -0.2034 0.0293 0.1988
v  -0.2021 0.0293 0.2001
v  -0.2010 0.0294 0.2017
v  -0.2003 0.0295 0.2034
v  -0.1999 0.0303 0.2089
v  -0.2004 0.0306 0.2107
v  -0.2013 0.0310 0.2123
v  -0.2024 0.0314 0.2137
v  -0.2038 0.0317 0.2150
v  -0.2054 0.0321 0.2159
v  -0.2071 0.0324 0.2166
v  -0.2089 0.0327 0.2169
v  -0.2108 0.0330 0.2169
v  -0.2126 0.0332 0.2166
v  -0.2144 0.0334 0.2159
v  -0.2160 0.0334 0.2150
v  -0.2174 0.0335 0.2137
v  -0.2186 0.0334 0.2123
v  -0.2195 0.0333 0.2106
v  -0.2201 0.0331 0.2089
v  -0.2204 0.0329 0.2070
v  -0.2203 0.0326 0.2052
v  -0.2200 0.0323 0.2034
v  -0.2193 0.0319 0.2017
v  -0.2183 0.0316 0.2001
v  -0.2170 0.0312 0.1988
v  -0.2155 0.0308 0.1977
v  -0.2139 0.0305 0.1969
v  -0.2121 0.0302 0.1964
v  -0.2183 0.0379 0.2058
v  -0.2083 0.0379 0.2159
v  -0.2085 0.0385 0.2152
v  -0.2097 0.0390 0.2137
v  -0.2115 0.0391 0.2118
v  -0.2142 0.0391 0.2090
v  -0.2161 0.0389 0.2073
v  -0.2176 0.0385 0.2061
v  -0.0746 0.0286 0.0966
v  -0.0966 0.0287 0.1131
v  -0.1135 0.0287 0.0960
v  -0.0968 0.0284 0.0742
v  -0.1985 0.0385 0.2061
v  -0.1885 0.0371 0.1968
v  -0.1884 0.0382 0.1967
v  -0.1984 0.0393 0.2060
v  -0.2122 0.0370 0.1997
v  -0.2084 0.0392 0.1959
v  -0.2085 0.0384 0.1960
v  -0.2046 0.0411 0.1994
v  -0.2019 0.0412 0.2021
v  -0.0945 0.0304 0.0624
v  -0.1003 0.0303 0.0703
v  -0.1000 0.0357 0.0699
v  -0.0945 0.0361 0.0624
v  -0.1989 0.0382 0.1862
v  -0.1989 0.0371 0.1863
v  -0.2022 0.0371 0.2098
v  -0.2050 0.0365 0.1999
v  -0.1954 0.0352 0.1901
v  -0.1923 0.0352 0.1932
v  -0.2023 0.0365 0.2026
v  -0.0908 0.0380 0.0661
v  -0.0962 0.0376 0.0734
v  -0.0739 0.0377 0.0961
v  -0.0663 0.0381 0.0906
v  -0.1219 0.0296 0.1329
v  -0.1337 0.0295 0.1210
v  -0.1764 0.0385 0.1700
v  -0.1951 0.0401 0.1897
v  -0.1920 0.0401 0.1929
v  -0.1718 0.0385 0.1747
v  -0.1480 0.0311 0.1543
v  -0.1722 0.0330 0.1751
v  -0.1768 0.0330 0.1704
v  -0.1556 0.0310 0.1466
v  -0.1370 0.0349 0.1169
v  -0.1167 0.0350 0.0918
v  -0.1170 0.0305 0.0922
v  -0.1373 0.0314 0.1172
v  -0.1802 0.0366 0.1665
v  -0.1589 0.0355 0.1426
v  -0.1591 0.0329 0.1428
v  -0.1803 0.0349 0.1666
v  -0.0928 0.0306 0.1166
v  -0.0708 0.0305 0.1002
v  -0.0704 0.0358 0.0999
v  -0.0925 0.0351 0.1164
v  -0.1181 0.0315 0.1365
v  -0.1179 0.0350 0.1363
v  -0.1442 0.0330 0.1579
v  -0.1440 0.0355 0.1577
v  -0.1684 0.0349 0.1786
v  -0.1683 0.0366 0.1785
v  -0.1551 0.0374 0.1462
v  -0.1475 0.0374 0.1539
v  -0.1130 0.0369 0.0954
v  -0.1333 0.0368 0.1204
v  -0.1214 0.0368 0.1325
v  -0.0960 0.0370 0.1125
v  -0.1990 0.0375 0.2057
v  -0.2005 0.0368 0.2044
v  -0.2068 0.0368 0.1980
v  -0.2081 0.0375 0.1966
v  -0.2001 0.0409 0.2040
v  -0.1988 0.0402 0.2054
v  -0.2065 0.0409 0.1976
v  -0.2079 0.0402 0.1963
v  -0.1704 0.0333 0.1769
v  -0.1905 0.0355 0.1950
v  -0.1690 0.0340 0.1782
v  -0.1891 0.0362 0.1963
v  -0.1902 0.0399 0.1947
v  -0.1700 0.0383 0.1765
v  -0.1889 0.0392 0.1961
v  -0.1687 0.0376 0.1779
v  -0.1461 0.0313 0.1561
v  -0.1447 0.0320 0.1574
v  -0.1457 0.0371 0.1557
v  -0.1444 0.0364 0.1571
v  -0.1201 0.0298 0.1348
v  -0.1187 0.0305 0.1361
v  -0.1196 0.0366 0.1343
v  -0.1183 0.0359 0.1357
v  -0.0948 0.0290 0.1149
v  -0.0934 0.0297 0.1162
v  -0.0942 0.0367 0.1144
v  -0.0929 0.0360 0.1158
v  -0.0727 0.0288 0.0985
v  -0.0713 0.0295 0.0998
v  -0.0721 0.0374 0.0979
v  -0.0708 0.0368 0.0993
v  -0.1783 0.0383 0.1682
v  -0.1969 0.0399 0.1879
v  -0.1797 0.0376 0.1669
v  -0.1983 0.0392 0.1866
v  -0.1972 0.0355 0.1882
v  -0.1786 0.0332 0.1686
v  -0.1985 0.0361 0.1868
v  -0.1799 0.0339 0.1672
v  -0.1570 0.0371 0.1443
v  -0.1584 0.0364 0.1430
v  -0.1574 0.0313 0.1448
v  -0.1587 0.0320 0.1434
v  -0.1351 0.0366 0.1186
v  -0.1365 0.0359 0.1173
v  -0.1355 0.0298 0.1191
v  -0.1368 0.0305 0.1177
v  -0.1148 0.0366 0.0935
v  -0.1162 0.0359 0.0922
v  -0.1153 0.0289 0.0942
v  -0.1166 0.0296 0.0927
v  -0.0981 0.0373 0.0716
v  -0.0994 0.0366 0.0703
v  -0.0986 0.0287 0.0723
v  -0.0999 0.0294 0.0709
v  -0.0644 0.0379 0.0924
v  -0.0631 0.0372 0.0938
v  -0.0626 0.0362 0.0943
v  -0.0940 0.0370 0.0629
v  -0.0926 0.0377 0.0642
v  -0.0626 0.0305 0.0943
v  -0.1046 -0.0114 0.1108
v  -0.1050 -0.0116 0.1109
v  -0.1210 0.0324 0.1276
v  -0.1206 0.0326 0.1276
v  -0.1054 -0.0117 0.1110
v  -0.1213 0.0322 0.1277
v  -0.1057 -0.0119 0.1111
v  -0.1217 0.0320 0.1279
v  -0.1060 -0.0121 0.1114
v  -0.1220 0.0318 0.1281
v  -0.1063 -0.0123 0.1117
v  -0.1222 0.0316 0.1284
v  -0.1064 -0.0125 0.1120
v  -0.1224 0.0314 0.1288
v  -0.1066 -0.0127 0.1124
v  -0.1225 0.0313 0.1291
v  -0.1066 -0.0129 0.1128
v  -0.1226 0.0311 0.1295
v  -0.1066 -0.0130 0.1132
v  -0.1225 0.0310 0.1299
v  -0.1065 -0.0131 0.1135
v  -0.1224 0.0308 0.1303
v  -0.1063 -0.0132 0.1139
v  -0.1223 0.0308 0.1307
v  -0.1060 -0.0132 0.1143
v  -0.1220 0.0307 0.1310
v  -0.1058 -0.0132 0.1146
v  -0.1217 0.0307 0.1313
v  -0.1054 -0.0132 0.1148
v  -0.1214 0.0307 0.1316
v  -0.1050 -0.0132 0.1150
v  -0.1210 0.0308 0.1318
v  -0.1046 -0.0131 0.1152
v  -0.1206 0.0309 0.1319
v  -0.1042 -0.0130 0.1153
v  -0.1202 0.0310 0.1320
v  -0.1038 -0.0128 0.1153
v  -0.1198 0.0311 0.1320
v  -0.1034 -0.0126 0.1152
v  -0.1194 0.0313 0.1319
v  -0.1031 -0.0125 0.1150
v  -0.1190 0.0315 0.1318
v  -0.1028 -0.0123 0.1148
v  -0.1187 0.0317 0.1316
v  -0.1025 -0.0121 0.1146
v  -0.1184 0.0319 0.1313
v  -0.1023 -0.0119 0.1143
v  -0.1182 0.0321 0.1310
v  -0.1021 -0.0117 0.1139
v  -0.1181 0.0323 0.1307
v  -0.1020 -0.0115 0.1135
v  -0.1180 0.0325 0.1303
v  -0.1020 -0.0113 0.1131
v  -0.1180 0.0326 0.1299
v  -0.1021 -0.0112 0.1127
v  -0.1181 0.0327 0.1295
v  -0.1022 -0.0111 0.1124
v  -0.1182 0.0328 0.1291
v  -0.1024 -0.0111 0.1120
v  -0.1184 0.0329 0.1288
v  -0.1027 -0.0110 0.1117
v  -0.1187 0.0329 0.1284
v  -0.1030 -0.0110 0.1114
v  -0.1190 0.0329 0.1281
v  -0.1034 -0.0111 0.1111
v  -0.1193 0.0329 0.1279
v  -0.1038 -0.0111 0.1110
v  -0.1197 0.0328 0.1277
v  -0.1042 -0.0113 0.1109
v  -0.1201 0.0327 0.1276
v  -0.1149 -0.0113 0.1007
v  -0.1153 -0.0114 0.1007
v  -0.1313 0.0325 0.1175
v  -0.1309 0.0327 0.1174
v  -0.1157 -0.0116 0.1008
v  -0.1317 0.0323 0.1176
v  -0.1160 -0.0118 0.1010
v  -0.1320 0.0322 0.1177
v  -0.1163 -0.0120 0.1012
v  -0.1323 0.0320 0.1180
v  -0.1166 -0.0122 0.1015
v  -0.1325 0.0318 0.1183
v  -0.1168 -0.0124 0.1018
v  -0.1327 0.0316 0.1186
v  -0.1169 -0.0126 0.1022
v  -0.1328 0.0314 0.1190
v  -0.1169 -0.0127 0.1026
v  -0.1329 0.0312 0.1194
v  -0.1169 -0.0129 0.1030
v  -0.1328 0.0311 0.1198
v  -0.1168 -0.0130 0.1034
v  -0.1327 0.0310 0.1201
v  -0.1166 -0.0131 0.1038
v  -0.1326 0.0309 0.1205
v  -0.1164 -0.0131 0.1041
v  -0.1323 0.0308 0.1209
v  -0.1161 -0.0131 0.1044
v  -0.1320 0.0308 0.1212
v  -0.1157 -0.0131 0.1047
v  -0.1317 0.0309 0.1214
v  -0.1154 -0.0130 0.1049
v  -0.1313 0.0309 0.1216
v  -0.1150 -0.0129 0.1050
v  -0.1309 0.0310 0.1218
v  -0.1146 -0.0128 0.1051
v  -0.1305 0.0311 0.1219
v  -0.1142 -0.0127 0.1051
v  -0.1301 0.0313 0.1219
v  -0.1138 -0.0125 0.1050
v  -0.1297 0.0314 0.1218
v  -0.1134 -0.0123 0.1049
v  -0.1294 0.0316 0.1216
v  -0.1131 -0.0121 0.1047
v  -0.1290 0.0318 0.1214
v  -0.1128 -0.0119 0.1044
v  -0.1288 0.0320 0.1212
v  -0.1126 -0.0117 0.1041
v  -0.1286 0.0322 0.1209
v  -0.1124 -0.0115 0.1038
v  -0.1284 0.0324 0.1205
v  -0.1124 -0.0114 0.1034
v  -0.1283 0.0326 0.1201
v  -0.1124 -0.0112 0.1030
v  -0.1283 0.0327 0.1197
v  -0.1124 -0.0111 0.1026
v  -0.1284 0.0329 0.1193
v  -0.1126 -0.0110 0.1022
v  -0.1285 0.0330 0.1190
v  -0.1128 -0.0109 0.1018
v  -0.1287 0.0330 0.1186
v  -0.1130 -0.0109 0.1015
v  -0.1290 0.0330 0.1183
v  -0.1133 -0.0109 0.1012
v  -0.1293 0.0330 0.1180
v  -0.1137 -0.0109 0.1010
v  -0.1297 0.0330 0.1177
v  -0.1141 -0.0110 0.1008
v  -0.1301 0.0329 0.1176
v  -0.1145 -0.0111 0.1007
v  -0.1305 0.0328 0.1175
v  0.2103 0.0275 -0.1890
v  0.2135 0.0280 -0.1893
v  0.2126 0.0339 -0.1885
v  0.2095 0.0334 -0.1882
v  0.2165 0.0286 -0.1901
v  0.2157 0.0345 -0.1893
v  0.2194 0.0292 -0.1915
v  0.2185 0.0350 -0.1907
v  0.2219 0.0298 -0.1934
v  0.2211 0.0357 -0.1926
v  0.2241 0.0304 -0.1957
v  0.2233 0.0363 -0.1949
v  0.2258 0.0310 -0.1984
v  0.2250 0.0369 -0.1976
v  0.2270 0.0316 -0.2013
v  0.2262 0.0374 -0.2005
v  0.2276 0.0321 -0.2044
v  0.2268 0.0380 -0.2036
v  0.2277 0.0325 -0.2076
v  0.2269 0.0384 -0.2068
v  0.2272 0.0329 -0.2108
v  0.2264 0.0388 -0.2100
v  0.2262 0.0332 -0.2138
v  0.2253 0.0390 -0.2130
v  0.2246 0.0333 -0.2166
v  0.2238 0.0392 -0.2158
v  0.2226 0.0334 -0.2191
v  0.2217 0.0393 -0.2183
v  0.2201 0.0333 -0.2212
v  0.2193 0.0392 -0.2204
v  0.2174 0.0332 -0.2228
v  0.2165 0.0390 -0.2220
v  0.2143 0.0329 -0.2240
v  0.2135 0.0388 -0.2232
v  0.2112 0.0325 -0.2245
v  0.2104 0.0384 -0.2237
v  0.2080 0.0321 -0.2245
v  0.2072 0.0380 -0.2237
v  0.2049 0.0316 -0.2240
v  0.2041 0.0374 -0.2232
v  0.2019 0.0310 -0.2228
v  0.2011 0.0369 -0.2220
v  0.1992 0.0304 -0.2212
v  0.1984 0.0363 -0.2204
v  0.1969 0.0298 -0.2191
v  0.1960 0.0356 -0.2183
v  0.1949 0.0292 -0.2166
v  0.1941 0.0350 -0.2158
v  0.1935 0.0286 -0.2138
v  0.1926 0.0344 -0.2130
v  0.1925 0.0280 -0.2107
v  0.1917 0.0339 -0.2099
v  0.1922 0.0275 -0.2076
v  0.1913 0.0334 -0.2068
v  0.1924 0.0271 -0.2044
v  0.1915 0.0330 -0.2036
v  0.1931 0.0268 -0.2013
v  0.1923 0.0327 -0.2005
v  0.1945 0.0266 -0.1984
v  0.1936 0.0325 -0.1975
v  0.1963 0.0265 -0.1957
v  0.1954 0.0324 -0.1949
v  0.1985 0.0265 -0.1934
v  0.1977 0.0324 -0.1926
v  0.2011 0.0266 -0.1915
v  0.2003 0.0325 -0.1907
v  0.2040 0.0268 -0.1901
v  0.2032 0.0327 -0.1893
v  0.2063 0.0330 -0.1885
v  0.2071 0.0271 -0.1893
v  0.2154 0.0295 -0.1979
v  0.2169 0.0298 -0.1990
v  0.1996 0.0285 -0.2073
v  0.1997 0.0278 -0.2074
v  0.1998 0.0276 -0.2055
v  0.1997 0.0283 -0.2054
v  0.2185 0.0319 -0.2125
v  0.2173 0.0319 -0.2140
v  0.2037 0.0302 -0.2152
v  0.2023 0.0298 -0.2140
v  0.2020 0.0279 -0.2003
v  0.2033 0.0279 -0.1990
v  0.2202 0.0312 -0.2054
v  0.2203 0.0314 -0.2073
v  0.2107 0.0314 -0.2171
v  0.2088 0.0312 -0.2171
v  0.2182 0.0302 -0.2003
v  0.2159 0.0319 -0.2152
v  0.2012 0.0295 -0.2125
v  0.2102 0.0285 -0.1964
v  0.2120 0.0288 -0.1966
v  0.2048 0.0280 -0.1979
v  0.2200 0.0317 -0.2091
v  0.2070 0.0309 -0.2168
v  0.2002 0.0281 -0.2036
v  0.2192 0.0306 -0.2019
v  0.2143 0.0318 -0.2161
v  0.2003 0.0291 -0.2109
v  0.2065 0.0281 -0.1971
v  0.2138 0.0291 -0.1971
v  0.2194 0.0318 -0.2109
v  0.2053 0.0306 -0.2161
v  0.2009 0.0280 -0.2019
v  0.2199 0.0309 -0.2036
v  0.2125 0.0317 -0.2168
v  0.1998 0.0288 -0.2091
v  0.2083 0.0283 -0.1966
v  0.2103 0.0278 -0.1965
v  0.2084 0.0276 -0.1967
v  0.2066 0.0274 -0.1972
v  0.2049 0.0273 -0.1980
v  0.2034 0.0272 -0.1991
v  0.2021 0.0272 -0.2004
v  0.2010 0.0273 -0.2020
v  0.2003 0.0274 -0.2037
v  0.1999 0.0281 -0.2092
v  0.2004 0.0284 -0.2110
v  0.2013 0.0288 -0.2126
v  0.2024 0.0291 -0.2141
v  0.2038 0.0295 -0.2153
v  0.2054 0.0298 -0.2162
v  0.2071 0.0302 -0.2169
v  0.2089 0.0305 -0.2172
v  0.2108 0.0307 -0.2172
v  0.2126 0.0310 -0.2169
v  0.2144 0.0311 -0.2162
v  0.2160 0.0312 -0.2153
v  0.2174 0.0312 -0.2141
v  0.2186 0.0312 -0.2126
v  0.2195 0.0311 -0.2110
v  0.2201 0.0310 -0.2092
v  0.2204 0.0307 -0.2074
v  0.2203 0.0305 -0.2055
v  0.2200 0.0302 -0.2037
v  0.2193 0.0299 -0.2020
v  0.2183 0.0295 -0.2004
v  0.2170 0.0291 -0.1991
v  0.2155 0.0288 -0.1980
v  0.2139 0.0284 -0.1972
v  0.2121 0.0281 -0.1967
v  0.2183 0.0357 -0.2062
v  0.2083 0.0357 -0.2162
v  0.2085 0.0363 -0.2155
v  0.2097 0.0367 -0.2140
v  0.2115 0.0369 -0.2122
v  0.2142 0.0369 -0.2094
v  0.2161 0.0368 -0.2076
v  0.2176 0.0363 -0.2065
v  0.0746 0.0275 -0.0969
v  0.0966 0.0275 -0.1134
v  0.1135 0.0277 -0.0963
v  0.0968 0.0277 -0.0745
v  0.1985 0.0363 -0.2064
v  0.1885 0.0351 -0.1971
v  0.1884 0.0362 -0.1971
v  0.1984 0.0371 -0.2064
v  0.2122 0.0349 -0.2001
v  0.2084 0.0372 -0.1963
v  0.2085 0.0364 -0.1964
v  0.2046 0.0391 -0.1998
v  0.2019 0.0391 -0.2025
v  0.0945 0.0297 -0.0627
v  0.1003 0.0296 -0.0706
v  0.1000 0.0350 -0.0703
v  0.0945 0.0354 -0.0628
v  0.1989 0.0363 -0.1866
v  0.1989 0.0352 -0.1867
v  0.2022 0.0349 -0.2102
v  0.2050 0.0345 -0.2002
v  0.1954 0.0332 -0.1905
v  0.1923 0.0332 -0.1936
v  0.2023 0.0344 -0.2030
v  0.0908 0.0373 -0.0664
v  0.0962 0.0368 -0.0738
v  0.0739 0.0367 -0.0965
v  0.0663 0.0372 -0.0910
v  0.1219 0.0282 -0.1332
v  0.1337 0.0283 -0.1213
v  0.1764 0.0367 -0.1704
v  0.1951 0.0382 -0.1901
v  0.1920 0.0381 -0.1933
v  0.1718 0.0367 -0.1751
v  0.1480 0.0295 -0.1546
v  0.1722 0.0312 -0.1754
v  0.1768 0.0312 -0.1708
v  0.1556 0.0295 -0.1469
v  0.1370 0.0337 -0.1172
v  0.1167 0.0340 -0.0922
v  0.1170 0.0296 -0.0925
v  0.1373 0.0302 -0.1175
v  0.1802 0.0349 -0.1669
v  0.1589 0.0340 -0.1430
v  0.1591 0.0314 -0.1431
v  0.1803 0.0331 -0.1670
v  0.0928 0.0294 -0.1170
v  0.0708 0.0294 -0.1005
v  0.0704 0.0348 -0.1002
v  0.0925 0.0339 -0.1167
v  0.1181 0.0301 -0.1368
v  0.1179 0.0335 -0.1366
v  0.1442 0.0313 -0.1582
v  0.1440 0.0339 -0.1581
v  0.1684 0.0330 -0.1790
v  0.1683 0.0348 -0.1789
v  0.1551 0.0359 -0.1465
v  0.1475 0.0358 -0.1543
v  0.1130 0.0359 -0.0957
v  0.1333 0.0356 -0.1208
v  0.1214 0.0355 -0.1328
v  0.0960 0.0358 -0.1129
v  0.1990 0.0354 -0.2060
v  0.2005 0.0347 -0.2048
v  0.2068 0.0347 -0.1984
v  0.2081 0.0354 -0.1970
v  0.2001 0.0388 -0.2044
v  0.1988 0.0381 -0.2058
v  0.2065 0.0388 -0.1980
v  0.2079 0.0381 -0.1967
v  0.1704 0.0314 -0.1772
v  0.1905 0.0335 -0.1954
v  0.1690 0.0321 -0.1785
v  0.1891 0.0341 -0.1967
v  0.1902 0.0379 -0.1951
v  0.1700 0.0364 -0.1769
v  0.1889 0.0372 -0.1965
v  0.1687 0.0357 -0.1783
v  0.1461 0.0297 -0.1565
v  0.1447 0.0304 -0.1578
v  0.1457 0.0355 -0.1561
v  0.1444 0.0348 -0.1575
v  0.1201 0.0284 -0.1351
v  0.1187 0.0291 -0.1364
v  0.1196 0.0352 -0.1347
v  0.1183 0.0345 -0.1361
v  0.0948 0.0278 -0.1152
v  0.0934 0.0285 -0.1165
v  0.0942 0.0355 -0.1148
v  0.0929 0.0348 -0.1162
v  0.0727 0.0278 -0.0988
v  0.0713 0.0285 -0.1001
v  0.0721 0.0364 -0.0983
v  0.0708 0.0357 -0.0997
v  0.1783 0.0365 -0.1686
v  0.1969 0.0379 -0.1883
v  0.1797 0.0358 -0.1673
v  0.1983 0.0372 -0.1870
v  0.1972 0.0335 -0.1886
v  0.1786 0.0315 -0.1689
v  0.1985 0.0342 -0.1872
v  0.1799 0.0322 -0.1675
v  0.1570 0.0356 -0.1447
v  0.1584 0.0349 -0.1434
v  0.1574 0.0298 -0.1451
v  0.1587 0.0305 -0.1437
v  0.1351 0.0353 -0.1190
v  0.1365 0.0346 -0.1177
v  0.1355 0.0286 -0.1194
v  0.1368 0.0293 -0.1180
v  0.1148 0.0357 -0.0939
v  0.1162 0.0350 -0.0926
v  0.1153 0.0279 -0.0945
v  0.1166 0.0286 -0.0931
v  0.0981 0.0366 -0.0720
v  0.0994 0.0359 -0.0707
v  0.0986 0.0279 -0.0726
v  0.0999 0.0286 -0.0712
v  0.0644 0.0369 -0.0928
v  0.0631 0.0362 -0.0942
v  0.0626 0.0352 -0.0947
v  0.0940 0.0364 -0.0633
v  0.0926 0.0370 -0.0646
v  0.0626 0.0296 -0.0946
v  0.1046 -0.0125 -0.1107
v  0.1050 -0.0127 -0.1107
v  0.1210 0.0311 -0.1280
v  0.1206 0.0312 -0.1279
v  0.1054 -0.0129 -0.1108
v  0.1213 0.0309 -0.1281
v  0.1057 -0.0131 -0.1110
v  0.1217 0.0307 -0.1282
v  0.1060 -0.0133 -0.1113
v  0.1220 0.0305 -0.1285
v  0.1063 -0.0135 -0.1115
v  0.1222 0.0303 -0.1288
v  0.1064 -0.0137 -0.1119
v  0.1224 0.0301 -0.1291
v  0.1066 -0.0139 -0.1122
v  0.1225 0.0299 -0.1294
v  0.1066 -0.0140 -0.1126
v  0.1226 0.0298 -0.1298
v  0.1066 -0.0142 -0.1130
v  0.1225 0.0296 -0.1302
v  0.1065 -0.0143 -0.1134
v  0.1224 0.0295 -0.1306
v  0.1063 -0.0144 -0.1138
v  0.1223 0.0294 -0.1310
v  0.1060 -0.0144 -0.1141
v  0.1220 0.0294 -0.1313
v  0.1058 -0.0144 -0.1144
v  0.1217 0.0293 -0.1317
v  0.1054 -0.0144 -0.1147
v  0.1214 0.0294 -0.1319
v  0.1050 -0.0144 -0.1149
v  0.1210 0.0294 -0.1321
v  0.1046 -0.0143 -0.1150
v  0.1206 0.0295 -0.1323
v  0.1042 -0.0141 -0.1151
v  0.1202 0.0296 -0.1323
v  0.1038 -0.0140 -0.1151
v  0.1198 0.0298 -0.1323
v  0.1034 -0.0138 -0.1150
v  0.1194 0.0299 -0.1323
v  0.1031 -0.0136 -0.1149
v  0.1190 0.0301 -0.1321
v  0.1028 -0.0134 -0.1147
v  0.1187 0.0303 -0.1319
v  0.1025 -0.0132 -0.1144
v  0.1184 0.0305 -0.1317
v  0.1023 -0.0130 -0.1141
v  0.1182 0.0307 -0.1314
v  0.1021 -0.0129 -0.1138
v  0.1181 0.0309 -0.1310
v  0.1020 -0.0127 -0.1134
v  0.1180 0.0311 -0.1306
v  0.1020 -0.0125 -0.1130
v  0.1180 0.0313 -0.1302
v  0.1021 -0.0124 -0.1126
v  0.1181 0.0314 -0.1298
v  0.1022 -0.0123 -0.1122
v  0.1182 0.0315 -0.1295
v  0.1024 -0.0122 -0.1119
v  0.1184 0.0316 -0.1291
v  0.1027 -0.0122 -0.1115
v  0.1187 0.0316 -0.1288
v  0.1030 -0.0122 -0.1113
v  0.1190 0.0316 -0.1285
v  0.1034 -0.0122 -0.1110
v  0.1193 0.0315 -0.1282
v  0.1038 -0.0123 -0.1108
v  0.1197 0.0315 -0.1281
v  0.1042 -0.0124 -0.1107
v  0.1201 0.0314 -0.1280
v  0.1149 -0.0123 -0.1005
v  0.1153 -0.0125 -0.1006
v  0.1313 0.0313 -0.1178
v  0.1309 0.0315 -0.1178
v  0.1157 -0.0126 -0.1007
v  0.1317 0.0311 -0.1179
v  0.1160 -0.0128 -0.1009
v  0.1320 0.0309 -0.1181
v  0.1163 -0.0130 -0.1011
v  0.1323 0.0307 -0.1183
v  0.1166 -0.0132 -0.1014
v  0.1325 0.0305 -0.1186
v  0.1168 -0.0134 -0.1017
v  0.1327 0.0303 -0.1189
v  0.1169 -0.0136 -0.1021
v  0.1328 0.0302 -0.1193
v  0.1169 -0.0138 -0.1025
v  0.1329 0.0300 -0.1197
v  0.1169 -0.0139 -0.1029
v  0.1328 0.0298 -0.1201
v  0.1168 -0.0141 -0.1032
v  0.1327 0.0297 -0.1205
v  0.1166 -0.0141 -0.1036
v  0.1326 0.0296 -0.1208
v  0.1164 -0.0142 -0.1040
v  0.1323 0.0296 -0.1212
v  0.1161 -0.0142 -0.1043
v  0.1320 0.0296 -0.1215
v  0.1157 -0.0142 -0.1045
v  0.1317 0.0296 -0.1218
v  0.1154 -0.0141 -0.1047
v  0.1313 0.0296 -0.1220
v  0.1150 -0.0140 -0.1049
v  0.1309 0.0297 -0.1221
v  0.1146 -0.0139 -0.1050
v  0.1305 0.0299 -0.1222
v  0.1142 -0.0138 -0.1050
v  0.1301 0.0300 -0.1222
v  0.1138 -0.0136 -0.1049
v  0.1297 0.0302 -0.1221
v  0.1134 -0.0134 -0.1047
v  0.1294 0.0304 -0.1220
v  0.1131 -0.0132 -0.1045
v  0.1290 0.0306 -0.1218
v  0.1128 -0.0130 -0.1043
v  0.1288 0.0308 -0.1215
v  0.1126 -0.0128 -0.1040
v  0.1286 0.0310 -0.1212
v  0.1124 -0.0126 -0.1036
v  0.1284 0.0312 -0.1208
v  0.1124 -0.0124 -0.1033
v  0.1283 0.0313 -0.1205
v  0.1124 -0.0123 -0.1029
v  0.1283 0.0315 -0.1201
v  0.1124 -0.0122 -0.1025
v  0.1284 0.0316 -0.1197
v  0.1126 -0.0121 -0.1021
v  0.1285 0.0317 -0.1193
v  0.1128 -0.0120 -0.1017
v  0.1287 0.0318 -0.1189
v  0.1130 -0.0120 -0.1014
v  0.1290 0.0318 -0.1186
v  0.1133 -0.0120 -0.1011
v  0.1293 0.0318 -0.1183
v  0.1137 -0.0120 -0.1009
v  0.1297 0.0318 -0.1181
v  0.1141 -0.0121 -0.1007
v  0.1301 0.0317 -0.1179
v  0.1145 -0.0122 -0.1006
v  0.1305 0.0316 -0.1178
v  -0.2103 0.0275 -0.1890
v  -0.2095 0.0334 -0.1882
v  -0.2126 0.0339 -0.1885
v  -0.2135 0.0280 -0.1893
v  -0.2157 0.0345 -0.1893
v  -0.2165 0.0286 -0.1901
v  -0.2185 0.0350 -0.1907
v  -0.2194 0.0292 -0.1915
v  -0.2211 0.0357 -0.1926
v  -0.2219 0.0298 -0.1934
v  -0.2233 0.0363 -0.1949
v  -0.2241 0.0304 -0.1957
v  -0.2250 0.0369 -0.1976
v  -0.2258 0.0310 -0.1984
v  -0.2262 0.0374 -0.2005
v  -0.2270 0.0316 -0.2013
v  -0.2268 0.0380 -0.2036
v  -0.2276 0.0321 -0.2044
v  -0.2269 0.0384 -0.2068
v  -0.2277 0.0325 -0.2076
v  -0.2264 0.0388 -0.2100
v  -0.2272 0.0329 -0.2108
v  -0.2253 0.0390 -0.2130
v  -0.2262 0.0332 -0.2138
v  -0.2238 0.0392 -0.2158
v  -0.2246 0.0333 -0.2166
v  -0.2217 0.0393 -0.2183
v  -0.2226 0.0334 -0.2191
v  -0.2193 0.0392 -0.2204
v  -0.2201 0.0333 -0.2212
v  -0.2165 0.0390 -0.2220
v  -0.2174 0.0332 -0.2228
v  -0.2135 0.0388 -0.2232
v  -0.2143 0.0329 -0.2240
v  -0.2104 0.0384 -0.2237
v  -0.2112 0.0325 -0.2245
v  -0.2072 0.0380 -0.2237
v  -0.2080 0.0321 -0.2245
v  -0.2041 0.0374 -0.2232
v  -0.2049 0.0316 -0.2240
v  -0.2011 0.0369 -0.2220
v  -0.2019 0.0310 -0.2228
v  -0.1984 0.0363 -0.2204
v  -0.1992 0.0304 -0.2212
v  -0.1960 0.0356 -0.2183
v  -0.1969 0.0298 -0.2191
v  -0.1941 0.0350 -0.2158
v  -0.1949 0.0292 -0.2166
v  -0.1926 0.0344 -0.2130
v  -0.1935 0.0286 -0.2138
v  -0.1917 0.0339 -0.2099
v  -0.1925 0.0280 -0.2107
v  -0.1913 0.0334 -0.2068
v  -0.1922 0.0275 -0.2076
v  -0.1915 0.0330 -0.2036
v  -0.1924 0.0271 -0.2044
v  -0.1923 0.0327 -0.2005
v  -0.1931 0.0268 -0.2013
v  -0.1936 0.0325 -0.1975
v  -0.1945 0.0266 -0.1984
v  -0.1954 0.0324 -0.1949
v  -0.1963 0.0265 -0.1957
v  -0.1977 0.0324 -0.1926
v  -0.1985 0.0265 -0.1934
v  -0.2003 0.0325 -0.1907
v  -0.2011 0.0266 -0.1915
v  -0.2032 0.0327 -0.1893
v  -0.2040 0.0268 -0.1901
v  -0.2063 0.0330 -0.1885
v  -0.2071 0.0271 -0.1893
v  -0.2169 0.0298 -0.1990
v  -0.2154 0.0295 -0.1979
v  -0.1996 0.0285 -0.2073
v  -0.1997 0.0283 -0.2054
v  -0.1998 0.0276 -0.2055
v  -0.1997 0.0278 -0.2074
v  -0.2173 0.0319 -0.2140
v  -0.2185 0.0319 -0.2125
v  -0.2023 0.0298 -0.2140
v  -0.2037 0.0302 -0.2152
v  -0.2033 0.0279 -0.1990
v  -0.2020 0.0279 -0.2003
v  -0.2203 0.0314 -0.2073
v  -0.2202 0.0312 -0.2054
v  -0.2088 0.0312 -0.2171
v  -0.2107 0.0314 -0.2171
v  -0.2182 0.0302 -0.2003
v  -0.2159 0.0319 -0.2152
v  -0.2012 0.0295 -0.2125
v  -0.2120 0.0288 -0.1966
v  -0.2102 0.0285 -0.1964
v  -0.2048 0.0280 -0.1979
v  -0.2200 0.0317 -0.2091
v  -0.2070 0.0309 -0.2168
v  -0.2002 0.0281 -0.2036
v  -0.2192 0.0306 -0.2019
v  -0.2143 0.0318 -0.2161
v  -0.2003 0.0291 -0.2109
v  -0.2065 0.0281 -0.1971
v  -0.2138 0.0291 -0.1971
v  -0.2194 0.0318 -0.2109
v  -0.2053 0.0306 -0.2161
v  -0.2009 0.0280 -0.2019
v  -0.2199 0.0309 -0.2036
v  -0.2125 0.0317 -0.2168
v  -0.1998 0.0288 -0.2091
v  -0.2083 0.0283 -0.1966
v  -0.2103 0.0278 -0.1965
v  -0.2121 0.0281 -0.1967
v  -0.2139 0.0284 -0.1972
v  -0.2155 0.0288 -0.1980
v  -0.2170 0.0291 -0.1991
v  -0.2183 0.0295 -0.2004
v  -0.2193 0.0299 -0.2020
v  -0.2200 0.0302 -0.2037
v  -0.2203 0.0305 -0.2055
v  -0.2204 0.0307 -0.2074
v  -0.2201 0.0310 -0.2092
v  -0.2195 0.0311 -0.2110
v  -0.2186 0.0312 -0.2126
v  -0.2174 0.0312 -0.2141
v  -0.2160 0.0312 -0.2153
v  -0.2144 0.0311 -0.2162
v  -0.2126 0.0310 -0.2169
v  -0.2108 0.0307 -0.2172
v  -0.2089 0.0305 -0.2172
v  -0.2071 0.0302 -0.2169
v  -0.2054 0.0298 -0.2162
v  -0.2038 0.0295 -0.2153
v  -0.2024 0.0291 -0.2141
v  -0.2013 0.0288 -0.2126
v  -0.2004 0.0284 -0.2110
v  -0.1999 0.0281 -0.2092
v  -0.2003 0.0274 -0.2037
v  -0.2010 0.0273 -0.2020
v  -0.2021 0.0272 -0.2004
v  -0.2034 0.0272 -0.1991
v  -0.2049 0.0273 -0.1980
v  -0.2066 0.0274 -0.1972
v  -0.2084 0.0276 -0.1967
v  -0.2183 0.0357 -0.2062
v  -0.2176 0.0363 -0.2065
v  -0.2161 0.0368 -0.2076
v  -0.2142 0.0369 -0.2094
v  -0.2115 0.0369 -0.2122
v  -0.2097 0.0367 -0.2140
v  -0.2085 0.0363 -0.2155
v  -0.2083 0.0357 -0.2162
v  -0.0746 0.0275 -0.0969
v  -0.0968 0.0277 -0.0745
v  -0.1135 0.0277 -0.0963
v  -0.0966 0.0275 -0.1134
v  -0.1985 0.0363 -0.2064
v  -0.1984 0.0371 -0.2064
v  -0.1884 0.0362 -0.1971
v  -0.1885 0.0351 -0.1971
v  -0.2122 0.0349 -0.2001
v  -0.2085 0.0364 -0.1964
v  -0.2084 0.0372 -0.1963
v  -0.2046 0.0391 -0.1998
v  -0.2019 0.0391 -0.2025
v  -0.0945 0.0297 -0.0627
v  -0.0945 0.0354 -0.0628
v  -0.1000 0.0350 -0.0703
v  -0.1003 0.0296 -0.0706
v  -0.1989 0.0352 -0.1867
v  -0.1989 0.0363 -0.1866
v  -0.2022 0.0349 -0.2102
v  -0.2050 0.0345 -0.2002
v  -0.2023 0.0344 -0.2030
v  -0.1923 0.0332 -0.1936
v  -0.1954 0.0332 -0.1905
v  -0.0908 0.0373 -0.0664
v  -0.0663 0.0372 -0.0910
v  -0.0739 0.0367 -0.0965
v  -0.0962 0.0368 -0.0738
v  -0.1337 0.0283 -0.1213
v  -0.1219 0.0282 -0.1332
v  -0.1764 0.0367 -0.1704
v  -0.1718 0.0367 -0.1751
v  -0.1920 0.0381 -0.1933
v  -0.1951 0.0382 -0.1901
v  -0.1480 0.0295 -0.1546
v  -0.1556 0.0295 -0.1469
v  -0.1768 0.0312 -0.1708
v  -0.1722 0.0312 -0.1754
v  -0.1370 0.0337 -0.1172
v  -0.1373 0.0302 -0.1175
v  -0.1170 0.0296 -0.0925
v  -0.1167 0.0340 -0.0922
v  -0.1802 0.0349 -0.1669
v  -0.1803 0.0331 -0.1670
v  -0.1591 0.0314 -0.1431
v  -0.1589 0.0340 -0.1430
v  -0.0928 0.0294 -0.1170
v  -0.0925 0.0339 -0.1167
v  -0.0704 0.0348 -0.1002
v  -0.0708 0.0294 -0.1005
v  -0.1181 0.0301 -0.1368
v  -0.1179 0.0335 -0.1366
v  -0.1442 0.0313 -0.1582
v  -0.1440 0.0339 -0.1581
v  -0.1684 0.0330 -0.1790
v  -0.1683 0.0348 -0.1789
v  -0.1551 0.0359 -0.1465
v  -0.1475 0.0358 -0.1543
v  -0.1130 0.0359 -0.0957
v  -0.0960 0.0358 -0.1129
v  -0.1214 0.0355 -0.1328
v  -0.1333 0.0356 -0.1208
v  -0.1990 0.0354 -0.2060
v  -0.2005 0.0347 -0.2048
v  -0.2068 0.0347 -0.1984
v  -0.2081 0.0354 -0.1970
v  -0.2001 0.0388 -0.2044
v  -0.1988 0.0381 -0.2058
v  -0.2065 0.0388 -0.1980
v  -0.2079 0.0381 -0.1967
v  -0.1905 0.0335 -0.1954
v  -0.1704 0.0314 -0.1772
v  -0.1891 0.0341 -0.1967
v  -0.1690 0.0321 -0.1785
v  -0.1700 0.0364 -0.1769
v  -0.1902 0.0379 -0.1951
v  -0.1687 0.0357 -0.1783
v  -0.1889 0.0372 -0.1965
v  -0.1461 0.0297 -0.1565
v  -0.1447 0.0304 -0.1578
v  -0.1457 0.0355 -0.1561
v  -0.1444 0.0348 -0.1575
v  -0.1201 0.0284 -0.1351
v  -0.1187 0.0291 -0.1364
v  -0.1196 0.0352 -0.1347
v  -0.1183 0.0345 -0.1361
v  -0.0948 0.0278 -0.1152
v  -0.0934 0.0285 -0.1165
v  -0.0942 0.0355 -0.1148
v  -0.0929 0.0348 -0.1162
v  -0.0727 0.0278 -0.0988
v  -0.0713 0.0285 -0.1001
v  -0.0721 0.0364 -0.0983
v  -0.0708 0.0357 -0.0997
v  -0.1969 0.0379 -0.1883
v  -0.1783 0.0365 -0.1686
v  -0.1983 0.0372 -0.1870
v  -0.1797 0.0358 -0.1673
v  -0.1786 0.0315 -0.1689
v  -0.1972 0.0335 -0.1886
v  -0.1799 0.0322 -0.1675
v  -0.1985 0.0342 -0.1872
v  -0.1570 0.0356 -0.1447
v  -0.1584 0.0349 -0.1434
v  -0.1574 0.0298 -0.1451
v  -0.1587 0.0305 -0.1437
v  -0.1351 0.0353 -0.1190
v  -0.1365 0.0346 -0.1177
v  -0.1355 0.0286 -0.1194
v  -0.1368 0.0293 -0.1180
v  -0.1148 0.0357 -0.0939
v  -0.1162 0.0350 -0.0926
v  -0.1153 0.0279 -0.0945
v  -0.1166 0.0286 -0.0931
v  -0.0981 0.0366 -0.0720
v  -0.0994 0.0359 -0.0707
v  -0.0986 0.0279 -0.0726
v  -0.0999 0.0286 -0.0712
v  -0.0644 0.0369 -0.0928
v  -0.0631 0.0362 -0.0942
v  -0.0626 0.0352 -0.0947
v  -0.0940 0.0364 -0.0633
v  -0.0926 0.0370 -0.0646
v  -0.0626 0.0296 -0.0946
v  -0.1046 -0.0125 -0.1107
v  -0.1206 0.0312 -0.1279
v  -0.1210 0.0311 -0.1280
v  -0.1050 -0.0127 -0.1107
v  -0.1213 0.0309 -0.1281
v  -0.1054 -0.0129 -0.1108
v  -0.1217 0.0307 -0.1282
v  -0.1057 -0.0131 -0.1110
v  -0.1220 0.0305 -0.1285
v  -0.1060 -0.0133 -0.1113
v  -0.1222 0.0303 -0.1288
v  -0.1063 -0.0135 -0.1115
v  -0.1224 0.0301 -0.1291
v  -0.1064 -0.0137 -0.1119
v  -0.1225 0.0299 -0.1294
v  -0.1066 -0.0139 -0.1122
v  -0.1226 0.0298 -0.1298
v  -0.1066 -0.0140 -0.1126
v  -0.1225 0.0296 -0.1302
v  -0.1066 -0.0142 -0.1130
v  -0.1224 0.0295 -0.1306
v  -0.1065 -0.0143 -0.1134
v  -0.1223 0.0294 -0.1310
v  -0.1063 -0.0144 -0.1138
v  -0.1220 0.0294 -0.1313
v  -0.1060 -0.0144 -0.1141
v  -0.1217 0.0293 -0.1317
v  -0.1058 -0.0144 -0.1144
v  -0.1214 0.0294 -0.1319
v  -0.1054 -0.0144 -0.1147
v  -0.1210 0.0294 -0.1321
v  -0.1050 -0.0144 -0.1149
v  -0.1206 0.0295 -0.1323
v  -0.1046 -0.0143 -0.1150
v  -0.1202 0.0296 -0.1323
v  -0.1042 -0.0141 -0.1151
v  -0.1198 0.0298 -0.1323
v  -0.1038 -0.0140 -0.1151
v  -0.1194 0.0299 -0.1323
v  -0.1034 -0.0138 -0.1150
v  -0.1190 0.0301 -0.1321
v  -0.1031 -0.0136 -0.1149
v  -0.1187 0.0303 -0.1319
v  -0.1028 -0.0134 -0.1147
v  -0.1184 0.0305 -0.1317
v  -0.1025 -0.0132 -0.1144
v  -0.1182 0.0307 -0.1314
v  -0.1023 -0.0130 -0.1141
v  -0.1181 0.0309 -0.1310
v  -0.1021 -0.0129 -0.1138
v  -0.1180 0.0311 -0.1306
v  -0.1020 -0.0127 -0.1134
v  -0.1180 0.0313 -0.1302
v  -0.1020 -0.0125 -0.1130
v  -0.1181 0.0314 -0.1298
v  -0.1021 -0.0124 -0.1126
v  -0.1182 0.0315 -0.1295
v  -0.1022 -0.0123 -0.1122
v  -0.1184 0.0316 -0.1291
v  -0.1024 -0.0122 -0.1119
v  -0.1187 0.0316 -0.1288
v  -0.1027 -0.0122 -0.1115
v  -0.1190 0.0316 -0.1285
v  -0.1030 -0.0122 -0.1113
v  -0.1193 0.0315 -0.1282
v  -0.1034 -0.0122 -0.1110
v  -0.1197 0.0315 -0.1281
v  -0.1038 -0.0123 -0.1108
v  -0.1201 0.0314 -0.1280
v  -0.1042 -0.0124 -0.1107
v  -0.1149 -0.0123 -0.1005
v  -0.1309 0.0315 -0.1178
v  -0.1313 0.0313 -0.1178
v  -0.1153 -0.0125 -0.1006
v  -0.1317 0.0311 -0.1179
v  -0.1157 -0.0126 -0.1007
v  -0.1320 0.0309 -0.1181
v  -0.1160 -0.0128 -0.1009
v  -0.1323 0.0307 -0.1183
v  -0.1163 -0.0130 -0.1011
v  -0.1325 0.0305 -0.1186
v  -0.1166 -0.0132 -0.1014
v  -0.1327 0.0303 -0.1189
v  -0.1168 -0.0134 -0.1017
v  -0.1328 0.0302 -0.1193
v  -0.1169 -0.0136 -0.1021
v  -0.1329 0.0300 -0.1197
v  -0.1169 -0.0138 -0.1025
v  -0.1328 0.0298 -0.1201
v  -0.1169 -0.0139 -0.1029
v  -0.1327 0.0297 -0.1205
v  -0.1168 -0.0141 -0.1032
v  -0.1326 0.0296 -0.1208
v  -0.1166 -0.0141 -0.1036
v  -0.1323 0.0296 -0.1212
v  -0.1164 -0.0142 -0.1040
v  -0.1320 0.0296 -0.1215
v  -0.1161 -0.0142 -0.1043
v  -0.1317 0.0296 -0.1218
v  -0.1157 -0.0142 -0.1045
v  -0.1313 0.0296 -0.1220
v  -0.1154 -0.0141 -0.1047
v  -0.1309 0.0297 -0.1221
v  -0.1150 -0.0140 -0.1049
v  -0.1305 0.0299 -0.1222
v  -0.1146 -0.0139 -0.1050
v  -0.1301 0.0300 -0.1222
v  -0.1142 -0.0138 -0.1050
v  -0.1297 0.0302 -0.1221
v  -0.1138 -0.0136 -0.1049
v  -0.1294 0.0304 -0.1220
v  -0.1134 -0.0134 -0.1047
v  -0.1290 0.0306 -0.1218
v  -0.1131 -0.0132 -0.1045
v  -0.1288 0.0308 -0.1215
v  -0.1128 -0.0130 -0.1043
v  -0.1286 0.0310 -0.1212
v  -0.1126 -0.0128 -0.1040
v  -0.1284 0.0312 -0.1208
v  -0.1124 -0.0126 -0.1036
v  -0.1283 0.0313 -0.1205
v  -0.1124 -0.0124 -0.1033
v  -0.1283 0.0315 -0.1201
v  -0.1124 -0.0123 -0.1029
v  -0.1284 0.0316 -0.1197
v  -0.1124 -0.0122 -0.1025
v  -0.1285 0.0317 -0.1193
v  -0.1126 -0.0121 -0.1021
v  -0.1287 0.0318 -0.1189
v  -0.1128 -0.0120 -0.1017
v  -0.1290 0.0318 -0.1186
v  -0.1130 -0.0120 -0.1014
v  -0.1293 0.0318 -0.1183
v  -0.1133 -0.0120 -0.1011
v  -0.1297 0.0318 -0.1181
v  -0.1137 -0.0120 -0.1009
v  -0.1301 0.0317 -0.1179
v  -0.1141 -0.0121 -0.1007
v  -0.1305 0.0316 -0.1178
v  -0.1145 -0.0122 -0.1006
v  0.2200 0.0013 0.0820
v  0.2053 -0.0049 0.0554
v  0.2049 -0.0072 0.0559
v  0.2197 -0.0010 0.0827
v  0.2213 0.0030 0.0808
v  0.2068 -0.0032 0.0544
v  0.2233 0.0036 0.0795
v  0.2089 -0.0025 0.0534
v  0.2254 0.0029 0.0784
v  0.2111 -0.0031 0.0526
v  0.2270 0.0013 0.0779
v  0.2128 -0.0048 0.0521
v  0.2278 -0.0010 0.0780
v  0.2135 -0.0071 0.0522
v  0.2275 -0.0033 0.0787
v  0.2132 -0.0094 0.0528
v  0.2262 -0.0050 0.0799
v  0.2117 -0.0111 0.0537
v  0.2242 -0.0056 0.0811
v  0.2096 -0.0118 0.0547
v  0.2221 -0.0050 0.0822
v  0.2074 -0.0112 0.0556
v  0.2205 -0.0033 0.0828
v  0.2057 -0.0096 0.0560
v  0.1970 -0.0085 0.0271
v  0.1966 -0.0109 0.0274
v  0.1986 -0.0067 0.0267
v  0.2009 -0.0060 0.0262
v  0.2032 -0.0065 0.0258
v  0.2050 -0.0081 0.0256
v  0.2058 -0.0104 0.0257
v  0.2053 -0.0128 0.0260
v  0.2037 -0.0146 0.0265
v  0.2015 -0.0153 0.0270
v  0.1991 -0.0148 0.0274
v  0.1973 -0.0132 0.0275
v  0.1950 -0.0103 0.0013
v  0.1945 -0.0127 0.0013
v  0.1966 -0.0085 0.0013
v  0.1989 -0.0078 0.0014
v  0.2013 -0.0082 0.0014
v  0.2031 -0.0099 0.0015
v  0.2038 -0.0122 0.0015
v  0.2034 -0.0145 0.0015
v  0.2017 -0.0164 0.0015
v  0.1994 -0.0171 0.0014
v  0.1971 -0.0166 0.0014
v  0.1952 -0.0150 0.0013
v  0.1987 -0.0088 -0.0255
v  0.1983 -0.0111 -0.0258
v  0.2003 -0.0070 -0.0250
v  0.2025 -0.0062 -0.0244
v  0.2049 -0.0067 -0.0240
v  0.2067 -0.0083 -0.0238
v  0.2074 -0.0106 -0.0238
v  0.2070 -0.0130 -0.0241
v  0.2054 -0.0148 -0.0246
v  0.2032 -0.0156 -0.0252
v  0.2008 -0.0151 -0.0256
v  0.1991 -0.0134 -0.0258
v  0.2063 -0.0055 -0.0519
v  0.2059 -0.0078 -0.0525
v  0.2077 -0.0038 -0.0511
v  0.2098 -0.0031 -0.0501
v  0.2121 -0.0036 -0.0492
v  0.2138 -0.0053 -0.0488
v  0.2146 -0.0076 -0.0488
v  0.2142 -0.0099 -0.0494
v  0.2128 -0.0116 -0.0503
v  0.2106 -0.0123 -0.0513
v  0.2084 -0.0118 -0.0521
v  0.2067 -0.0101 -0.0526
v  0.2211 0.0013 -0.0822
v  0.2208 -0.0010 -0.0829
v  0.2224 0.0030 -0.0811
v  0.2244 0.0036 -0.0798
v  0.2265 0.0030 -0.0788
v  0.2282 0.0013 -0.0782
v  0.2289 -0.0010 -0.0783
v  0.2286 -0.0033 -0.0789
v  0.2273 -0.0050 -0.0801
v  0.2253 -0.0056 -0.0813
v  0.2232 -0.0050 -0.0824
v  0.2216 -0.0033 -0.0830
v  -0.0820 0.0020 0.2200
v  -0.0553 -0.0041 0.2053
v  -0.0559 -0.0065 0.2050
v  -0.0827 -0.0003 0.2197
v  -0.0808 0.0037 0.2213
v  -0.0544 -0.0024 0.2068
v  -0.0795 0.0043 0.2233
v  -0.0534 -0.0017 0.2089
v  -0.0785 0.0037 0.2254
v  -0.0526 -0.0023 0.2111
v  -0.0779 0.0020 0.2270
v  -0.0521 -0.0039 0.2128
v  -0.0780 -0.0003 0.2278
v  -0.0522 -0.0062 0.2136
v  -0.0787 -0.0026 0.2275
v  -0.0527 -0.0086 0.2132
v  -0.0798 -0.0043 0.2262
v  -0.0537 -0.0103 0.2118
v  -0.0811 -0.0049 0.2242
v  -0.0547 -0.0110 0.2097
v  -0.0822 -0.0043 0.2221
v  -0.0555 -0.0104 0.2075
v  -0.0828 -0.0026 0.2205
v  -0.0560 -0.0088 0.2057
v  -0.0271 -0.0076 0.1971
v  -0.0274 -0.0100 0.1966
v  -0.0266 -0.0058 0.1986
v  -0.0261 -0.0051 0.2009
v  -0.0257 -0.0056 0.2033
v  -0.0256 -0.0072 0.2051
v  -0.0256 -0.0095 0.2058
v  -0.0259 -0.0118 0.2054
v  -0.0264 -0.0136 0.2038
v  -0.0269 -0.0144 0.2016
v  -0.0273 -0.0139 0.1992
v  -0.0275 -0.0123 0.1974
v  -0.0012 -0.0093 0.1950
v  -0.0012 -0.0117 0.1945
v  -0.0012 -0.0075 0.1966
v  -0.0013 -0.0067 0.1989
v  -0.0014 -0.0072 0.2013
v  -0.0014 -0.0088 0.2031
v  -0.0015 -0.0111 0.2039
v  -0.0015 -0.0135 0.2034
v  -0.0014 -0.0153 0.2018
v  -0.0013 -0.0161 0.1995
v  -0.0013 -0.0156 0.1971
v  -0.0012 -0.0140 0.1953
v  0.0255 -0.0076 0.1988
v  0.0259 -0.0100 0.1983
v  0.0250 -0.0058 0.2003
v  0.0245 -0.0050 0.2026
v  0.0240 -0.0055 0.2049
v  0.0238 -0.0072 0.2067
v  0.0239 -0.0095 0.2075
v  0.0242 -0.0118 0.2071
v  0.0247 -0.0136 0.2055
v  0.0252 -0.0144 0.2033
v  0.0257 -0.0139 0.2009
v  0.0259 -0.0123 0.1991
v  0.0520 -0.0042 0.2063
v  0.0525 -0.0065 0.2060
v  0.0511 -0.0024 0.2077
v  0.0501 -0.0017 0.2099
v  0.0492 -0.0023 0.2121
v  0.0488 -0.0039 0.2138
v  0.0489 -0.0062 0.2146
v  0.0494 -0.0085 0.2142
v  0.0504 -0.0103 0.2128
v  0.0514 -0.0110 0.2107
v  0.0522 -0.0104 0.2085
v  0.0526 -0.0088 0.2068
v  0.0822 0.0028 0.2211
v  0.0829 0.0005 0.2208
v  0.0811 0.0045 0.2224
v  0.0798 0.0052 0.2244
v  0.0788 0.0046 0.2265
v  0.0782 0.0029 0.2282
v  0.0783 0.0006 0.2289
v  0.0790 -0.0017 0.2286
v  0.0801 -0.0034 0.2273
v  0.0814 -0.0040 0.2254
v  0.0824 -0.0034 0.2233
v  0.0830 -0.0018 0.2216
v  -0.2200 0.0004 -0.0820
v  -0.2053 -0.0055 -0.0553
v  -0.2049 -0.0078 -0.0559
v  -0.2197 -0.0019 -0.0827
v  -0.2213 0.0021 -0.0808
v  -0.2068 -0.0038 -0.0544
v  -0.2233 0.0027 -0.0795
v  -0.2089 -0.0031 -0.0534
v  -0.2254 0.0021 -0.0785
v  -0.2111 -0.0036 -0.0525
v  -0.2270 0.0004 -0.0779
v  -0.2128 -0.0053 -0.0521
v  -0.2278 -0.0019 -0.0780
v  -0.2135 -0.0076 -0.0521
v  -0.2275 -0.0042 -0.0787
v  -0.2132 -0.0099 -0.0527
v  -0.2262 -0.0059 -0.0798
v  -0.2117 -0.0117 -0.0536
v  -0.2242 -0.0065 -0.0811
v  -0.2096 -0.0124 -0.0546
v  -0.2221 -0.0059 -0.0822
v  -0.2074 -0.0118 -0.0555
v  -0.2205 -0.0042 -0.0827
v  -0.2057 -0.0101 -0.0559
v  -0.1970 -0.0088 -0.0270
v  -0.1966 -0.0111 -0.0273
v  -0.1986 -0.0070 -0.0266
v  -0.2009 -0.0062 -0.0261
v  -0.2032 -0.0067 -0.0257
v  -0.2050 -0.0084 -0.0255
v  -0.2058 -0.0107 -0.0256
v  -0.2053 -0.0130 -0.0259
v  -0.2037 -0.0148 -0.0263
v  -0.2015 -0.0156 -0.0268
v  -0.1991 -0.0151 -0.0272
v  -0.1973 -0.0134 -0.0274
v  -0.1950 -0.0103 -0.0011
v  -0.1945 -0.0127 -0.0011
v  -0.1966 -0.0085 -0.0012
v  -0.1989 -0.0078 -0.0013
v  -0.2013 -0.0083 -0.0013
v  -0.2031 -0.0099 -0.0014
v  -0.2038 -0.0122 -0.0014
v  -0.2034 -0.0146 -0.0014
v  -0.2017 -0.0164 -0.0013
v  -0.1994 -0.0171 -0.0013
v  -0.1971 -0.0166 -0.0012
v  -0.1952 -0.0150 -0.0011
v  -0.1987 -0.0085 0.0256
v  -0.1983 -0.0109 0.0259
v  -0.2003 -0.0067 0.0251
v  -0.2025 -0.0060 0.0245
v  -0.2049 -0.0065 0.0241
v  -0.2067 -0.0081 0.0239
v  -0.2074 -0.0104 0.0239
v  -0.2070 -0.0128 0.0243
v  -0.2054 -0.0146 0.0248
v  -0.2032 -0.0153 0.0253
v  -0.2008 -0.0148 0.0258
v  -0.1991 -0.0132 0.0260
v  -0.2063 -0.0050 0.0520
v  -0.2059 -0.0073 0.0526
v  -0.2077 -0.0032 0.0511
v  -0.2098 -0.0025 0.0501
v  -0.2121 -0.0031 0.0493
v  -0.2138 -0.0048 0.0488
v  -0.2146 -0.0071 0.0489
v  -0.2142 -0.0094 0.0495
v  -0.2128 -0.0111 0.0504
v  -0.2106 -0.0118 0.0514
v  -0.2084 -0.0112 0.0522
v  -0.2067 -0.0096 0.0527
v  -0.2211 0.0021 0.0822
v  -0.2208 -0.0002 0.0829
v  -0.2224 0.0038 0.0811
v  -0.2244 0.0044 0.0798
v  -0.2265 0.0038 0.0787
v  -0.2282 0.0022 0.0782
v  -0.2289 -0.0001 0.0783
v  -0.2286 -0.0024 0.0790
v  -0.2273 -0.0041 0.0801
v  -0.2253 -0.0048 0.0814
v  -0.2232 -0.0042 0.0824
v  -0.2216 -0.0025 0.0830
v  0.0820 -0.0003 -0.2200
v  0.0553 -0.0063 -0.2053
v  0.0559 -0.0086 -0.2049
v  0.0827 -0.0026 -0.2197
v  0.0808 0.0014 -0.2213
v  0.0544 -0.0045 -0.2067
v  0.0795 0.0020 -0.2233
v  0.0534 -0.0039 -0.2088
v  0.0785 0.0014 -0.2254
v  0.0526 -0.0045 -0.2110
v  0.0779 -0.0003 -0.2270
v  0.0521 -0.0061 -0.2127
v  0.0780 -0.0026 -0.2278
v  0.0522 -0.0084 -0.2135
v  0.0787 -0.0049 -0.2275
v  0.0527 -0.0108 -0.2131
v  0.0798 -0.0066 -0.2261
v  0.0537 -0.0125 -0.2117
v  0.0811 -0.0072 -0.2242
v  0.0547 -0.0132 -0.2096
v  0.0822 -0.0066 -0.2221
v  0.0555 -0.0126 -0.2074
v  0.0828 -0.0049 -0.2204
v  0.0560 -0.0109 -0.2056
v  0.0271 -0.0097 -0.1970
v  0.0274 -0.0120 -0.1965
v  0.0266 -0.0079 -0.1986
v  0.0261 -0.0071 -0.2008
v  0.0257 -0.0077 -0.2032
v  0.0256 -0.0093 -0.2050
v  0.0256 -0.0116 -0.2057
v  0.0259 -0.0140 -0.2053
v  0.0264 -0.0157 -0.2037
v  0.0269 -0.0165 -0.2014
v  0.0273 -0.0160 -0.1991
v  0.0275 -0.0143 -0.1973
v  0.0012 -0.0114 -0.1949
v  0.0012 -0.0137 -0.1944
v  0.0012 -0.0095 -0.1965
v  0.0013 -0.0088 -0.1988
v  0.0014 -0.0093 -0.2012
v  0.0014 -0.0109 -0.2030
v  0.0015 -0.0132 -0.2038
v  0.0015 -0.0156 -0.2033
v  0.0014 -0.0174 -0.2017
v  0.0013 -0.0182 -0.1994
v  0.0013 -0.0177 -0.1970
v  0.0012 -0.0160 -0.1952
v  -0.0255 -0.0097 -0.1987
v  -0.0259 -0.0120 -0.1982
v  -0.0250 -0.0079 -0.2002
v  -0.0245 -0.0071 -0.2025
v  -0.0240 -0.0077 -0.2048
v  -0.0238 -0.0093 -0.2066
v  -0.0239 -0.0116 -0.2074
v  -0.0242 -0.0140 -0.2069
v  -0.0247 -0.0158 -0.2054
v  -0.0252 -0.0165 -0.2031
v  -0.0257 -0.0160 -0.2008
v  -0.0259 -0.0143 -0.1990
v  -0.0520 -0.0063 -0.2063
v  -0.0525 -0.0086 -0.2059
v  -0.0511 -0.0046 -0.2077
v  -0.0501 -0.0039 -0.2098
v  -0.0492 -0.0045 -0.2120
v  -0.0488 -0.0061 -0.2138
v  -0.0489 -0.0084 -0.2145
v  -0.0494 -0.0108 -0.2141
v  -0.0504 -0.0125 -0.2127
v  -0.0514 -0.0132 -0.2106
v  -0.0522 -0.0126 -0.2084
v  -0.0526 -0.0109 -0.2067
v  -0.0822 0.0006 -0.2211
v  -0.0829 -0.0018 -0.2208
v  -0.0811 0.0022 -0.2224
v  -0.0798 0.0029 -0.2244
v  -0.0788 0.0022 -0.2265
v  -0.0782 0.0006 -0.2282
v  -0.0783 -0.0017 -0.2289
v  -0.0790 -0.0040 -0.2286
v  -0.0801 -0.0057 -0.2273
v  -0.0814 -0.0064 -0.2253
v  -0.0824 -0.0057 -0.2232
v  -0.0830 -0.0041 -0.2215
v  0.0801 -0.0103 0.1887
v  0.0747 -0.0126 0.1791
v  0.0892 -0.0154 0.1463
v  0.2237 -0.0051 0.0780
v  0.2143 -0.0071 0.0739
v  0.2137 0.0003 0.0731
v  0.2228 0.0022 0.0770
v  0.0670 -0.0255 0.1145
v  0.1209 -0.0256 0.0621
v  0.1454 -0.0237 0.0343
v  0.1463 -0.0157 0.0880
v  0.0457 -0.0208 0.1519
v  0.0427 -0.0122 0.1513
v  0.0540 -0.0095 0.1603
v  0.0885 -0.0066 0.1455
v  0.0813 -0.0049 0.2230
v  0.0801 0.0039 0.2217
v  0.0820 0.0059 0.2343
v  0.0828 0.0063 0.2394
v  0.0831 0.0028 0.2391
v  0.0831 -0.0025 0.2353
v  0.0838 -0.0010 0.2403
v  0.1612 -0.0188 0.0529
v  0.0735 0.0011 0.2150
v  0.0742 -0.0062 0.2156
v  0.1909 -0.0105 0.0788
v  0.2152 -0.0071 0.0776
v  0.1970 -0.0096 0.0790
v  0.1791 -0.0116 0.0830
v  0.1618 -0.0132 0.0894
v  0.1454 -0.0143 0.0981
v  0.1304 -0.0149 0.1089
v  0.1169 -0.0150 0.1217
v  0.1053 -0.0146 0.1362
v  0.0958 -0.0136 0.1520
v  0.0885 -0.0122 0.1690
v  0.0883 -0.0121 0.1698
v  0.0881 -0.0120 0.1705
v  0.0879 -0.0120 0.1710
v  0.0836 -0.0102 0.1867
v  0.0812 -0.0077 0.2048
v  0.1779 -0.0029 0.0817
v  0.1958 -0.0008 0.0778
v  0.1683 -0.0037 0.0853
v  0.1606 -0.0044 0.0881
v  0.1443 -0.0056 0.0968
v  0.1292 -0.0062 0.1077
v  0.1158 -0.0063 0.1205
v  0.1042 -0.0059 0.1349
v  0.0946 -0.0049 0.1508
v  0.0873 -0.0034 0.1677
v  0.0824 -0.0014 0.1854
v  0.0800 0.0010 0.2036
v  0.1881 -0.0020 0.0783
v  0.1784 -0.0043 0.0725
v  0.1456 -0.0069 0.0872
v  0.2140 0.0016 0.0763
v  0.0650 -0.0027 0.1987
v  0.0657 -0.0100 0.1994
v  0.0527 -0.0144 0.1828
v  0.0521 -0.0071 0.1821
v  0.0369 -0.0115 0.1677
v  0.0374 -0.0189 0.1684
v  0.0568 -0.0181 0.1602
v  0.0666 -0.0153 0.1691
v  0.1684 -0.0071 0.0639
v  0.1597 -0.0099 0.0539
v  0.1984 -0.0108 0.0647
v  0.1978 -0.0034 0.0639
v  0.1824 -0.0153 0.0511
v  0.1818 -0.0079 0.0504
v  0.1687 -0.0197 0.0352
v  0.1681 -0.0124 0.0345
v  0.1548 -0.0241 0.0186
v  0.1541 -0.0168 0.0179
v  0.0728 -0.0036 0.1808
v  0.0785 -0.0011 0.1914
v  0.0642 -0.0065 0.1699
v  0.0196 -0.0157 0.1543
v  0.0202 -0.0230 0.1551
v  0.1509 -0.0126 0.0436
v  0.1703 -0.0159 0.0636
v  0.1807 -0.0129 0.0727
v  0.0419 -0.0107 0.1655
v  0.0264 -0.0144 0.1534
v  0.0556 -0.0067 0.1785
v  0.0673 -0.0026 0.1935
v  0.0749 0.0008 0.2081
v  0.0691 -0.0150 0.1123
v  0.0544 -0.0152 0.1265
v  0.1146 -0.0151 0.0680
v  0.0683 -0.0111 0.1935
v  0.0760 -0.0078 0.2078
v  0.0568 -0.0150 0.1788
v  0.0431 -0.0190 0.1661
v  0.0277 -0.0227 0.1542
v  0.0539 -0.0252 0.1273
v  0.1666 -0.0198 0.0404
v  0.1521 -0.0243 0.0232
v  0.1789 -0.0157 0.0548
v  0.1932 -0.0117 0.0670
v  0.2074 -0.0084 0.0754
v  0.2213 -0.0060 0.0779
v  0.2202 0.0023 0.0767
v  0.1921 -0.0034 0.0664
v  0.2062 -0.0001 0.0746
v  0.1778 -0.0073 0.0543
v  0.1656 -0.0113 0.0402
v  0.1531 -0.0153 0.0254
v  0.1288 -0.0153 0.0542
v  -0.0801 -0.0103 0.1887
v  -0.0892 -0.0154 0.1463
v  -0.0747 -0.0126 0.1791
v  -0.2237 -0.0051 0.0780
v  -0.2228 0.0022 0.0770
v  -0.2137 0.0003 0.0731
v  -0.2143 -0.0071 0.0739
v  -0.0670 -0.0255 0.1145
v  -0.0457 -0.0208 0.1519
v  -0.1463 -0.0157 0.0880
v  -0.1454 -0.0237 0.0343
v  -0.1209 -0.0256 0.0621
v  -0.0427 -0.0122 0.1513
v  -0.0885 -0.0066 0.1455
v  -0.0540 -0.0095 0.1603
v  -0.0831 -0.0025 0.2353
v  -0.0838 -0.0010 0.2403
v  -0.0831 0.0028 0.2391
v  -0.0820 0.0059 0.2343
v  -0.0828 0.0063 0.2394
v  -0.0801 0.0039 0.2217
v  -0.0813 -0.0049 0.2230
v  -0.1612 -0.0188 0.0529
v  -0.0742 -0.0062 0.2156
v  -0.0735 0.0011 0.2150
v  -0.0812 -0.0077 0.2048
v  -0.0836 -0.0102 0.1867
v  -0.0879 -0.0120 0.1710
v  -0.0881 -0.0120 0.1705
v  -0.0883 -0.0121 0.1698
v  -0.0885 -0.0122 0.1690
v  -0.0958 -0.0136 0.1520
v  -0.1053 -0.0146 0.1362
v  -0.1169 -0.0150 0.1217
v  -0.1304 -0.0149 0.1089
v  -0.1454 -0.0143 0.0981
v  -0.1618 -0.0132 0.0894
v  -0.1791 -0.0116 0.0830
v  -0.1970 -0.0096 0.0790
v  -0.2152 -0.0071 0.0776
v  -0.1909 -0.0105 0.0788
v  -0.1779 -0.0029 0.0817
v  -0.1958 -0.0008 0.0778
v  -0.1683 -0.0037 0.0853
v  -0.1606 -0.0044 0.0881
v  -0.1443 -0.0056 0.0968
v  -0.1292 -0.0062 0.1077
v  -0.1158 -0.0063 0.1205
v  -0.1042 -0.0059 0.1349
v  -0.0946 -0.0049 0.1508
v  -0.0873 -0.0034 0.1677
v  -0.0824 -0.0014 0.1854
v  -0.0800 0.0010 0.2036
v  -0.1881 -0.0020 0.0783
v  -0.1456 -0.0069 0.0872
v  -0.1784 -0.0043 0.0725
v  -0.2140 0.0016 0.0763
v  -0.0657 -0.0100 0.1994
v  -0.0650 -0.0027 0.1987
v  -0.0527 -0.0144 0.1828
v  -0.0374 -0.0189 0.1684
v  -0.0369 -0.0115 0.1677
v  -0.0521 -0.0071 0.1821
v  -0.0568 -0.0181 0.1602
v  -0.0666 -0.0153 0.1691
v  -0.1684 -0.0071 0.0639
v  -0.1597 -0.0099 0.0539
v  -0.1984 -0.0108 0.0647
v  -0.1978 -0.0034 0.0639
v  -0.1824 -0.0153 0.0511
v  -0.1818 -0.0079 0.0504
v  -0.1687 -0.0197 0.0352
v  -0.1681 -0.0124 0.0345
v  -0.1548 -0.0241 0.0186
v  -0.1541 -0.0168 0.0179
v  -0.0728 -0.0036 0.1808
v  -0.0785 -0.0011 0.1914
v  -0.0642 -0.0065 0.1699
v  -0.0202 -0.0230 0.1551
v  -0.0196 -0.0157 0.1543
v  -0.1509 -0.0126 0.0436
v  -0.1703 -0.0159 0.0636
v  -0.1807 -0.0129 0.0727
v  -0.0264 -0.0144 0.1534
v  -0.0419 -0.0107 0.1655
v  -0.0556 -0.0067 0.1785
v  -0.0673 -0.0026 0.1935
v  -0.0749 0.0008 0.2081
v  -0.0544 -0.0152 0.1265
v  -0.0691 -0.0150 0.1123
v  -0.1146 -0.0151 0.0680
v  -0.0760 -0.0078 0.2078
v  -0.0683 -0.0111 0.1935
v  -0.0568 -0.0150 0.1788
v  -0.0431 -0.0190 0.1661
v  -0.0277 -0.0227 0.1542
v  -0.0539 -0.0252 0.1273
v  -0.1521 -0.0243 0.0232
v  -0.1666 -0.0198 0.0404
v  -0.1789 -0.0157 0.0548
v  -0.1932 -0.0117 0.0670
v  -0.2074 -0.0084 0.0754
v  -0.2213 -0.0060 0.0779
v  -0.2202 0.0023 0.0767
v  -0.2062 -0.0001 0.0746
v  -0.1921 -0.0034 0.0664
v  -0.1778 -0.0073 0.0543
v  -0.1656 -0.0113 0.0402
v  -0.1531 -0.0153 0.0254
v  -0.1288 -0.0153 0.0542
v  0.0801 -0.0123 -0.1885
v  0.0892 -0.0169 -0.1462
v  0.0747 -0.0144 -0.1789
v  0.2237 -0.0059 -0.0780
v  0.2228 0.0014 -0.0770
v  0.2137 -0.0005 -0.0731
v  0.2143 -0.0079 -0.0738
v  0.0670 -0.0267 -0.1142
v  0.0457 -0.0223 -0.1517
v  0.1463 -0.0166 -0.0879
v  0.1454 -0.0241 -0.0340
v  0.1209 -0.0262 -0.0618
v  0.0427 -0.0138 -0.1512
v  0.0885 -0.0081 -0.1454
v  0.0540 -0.0111 -0.1602
v  0.0831 -0.0049 -0.2353
v  0.0838 -0.0035 -0.2403
v  0.0831 0.0004 -0.2391
v  0.0820 0.0035 -0.2343
v  0.0828 0.0038 -0.2395
v  0.0801 0.0016 -0.2218
v  0.0813 -0.0072 -0.2229
v  0.1612 -0.0194 -0.0527
v  0.0742 -0.0085 -0.2156
v  0.0735 -0.0011 -0.2150
v  0.1970 -0.0104 -0.0789
v  0.2152 -0.0079 -0.0775
v  0.1909 -0.0113 -0.0787
v  0.1791 -0.0125 -0.0829
v  0.1618 -0.0141 -0.0892
v  0.1454 -0.0153 -0.0979
v  0.1304 -0.0160 -0.1088
v  0.1169 -0.0163 -0.1215
v  0.1053 -0.0160 -0.1360
v  0.0958 -0.0152 -0.1519
v  0.0885 -0.0139 -0.1688
v  0.0883 -0.0139 -0.1697
v  0.0881 -0.0138 -0.1703
v  0.0879 -0.0137 -0.1709
v  0.0836 -0.0121 -0.1866
v  0.0812 -0.0098 -0.2047
v  0.1779 -0.0037 -0.0817
v  0.1958 -0.0017 -0.0778
v  0.1683 -0.0046 -0.0852
v  0.1606 -0.0054 -0.0881
v  0.1443 -0.0066 -0.0968
v  0.1292 -0.0073 -0.1076
v  0.1158 -0.0076 -0.1204
v  0.1042 -0.0073 -0.1349
v  0.0946 -0.0064 -0.1507
v  0.0873 -0.0051 -0.1677
v  0.0824 -0.0033 -0.1854
v  0.0800 -0.0011 -0.2036
v  0.1881 -0.0028 -0.0783
v  0.1456 -0.0078 -0.0871
v  0.1784 -0.0050 -0.0725
v  0.2140 0.0008 -0.0764
v  0.0657 -0.0121 -0.1993
v  0.0650 -0.0047 -0.1987
v  0.0527 -0.0163 -0.1827
v  0.0374 -0.0206 -0.1682
v  0.0369 -0.0133 -0.1676
v  0.0521 -0.0090 -0.1820
v  0.0568 -0.0198 -0.1600
v  0.0666 -0.0171 -0.1689
v  0.1684 -0.0077 -0.0638
v  0.1597 -0.0104 -0.0538
v  0.1984 -0.0115 -0.0646
v  0.1978 -0.0041 -0.0639
v  0.1824 -0.0158 -0.0509
v  0.1818 -0.0084 -0.0503
v  0.1687 -0.0201 -0.0350
v  0.1681 -0.0127 -0.0344
v  0.1548 -0.0243 -0.0183
v  0.1541 -0.0170 -0.0178
v  0.0728 -0.0054 -0.1808
v  0.0785 -0.0031 -0.1913
v  0.0642 -0.0083 -0.1698
v  0.0202 -0.0247 -0.1548
v  0.0196 -0.0173 -0.1541
v  0.1509 -0.0131 -0.0434
v  0.1703 -0.0165 -0.0634
v  0.1807 -0.0137 -0.0725
v  0.0264 -0.0160 -0.1532
v  0.0419 -0.0124 -0.1654
v  0.0556 -0.0085 -0.1784
v  0.0673 -0.0047 -0.1934
v  0.0749 -0.0014 -0.2081
v  0.0544 -0.0165 -0.1264
v  0.0691 -0.0162 -0.1121
v  0.1146 -0.0158 -0.0678
v  0.0760 -0.0099 -0.2077
v  0.0683 -0.0131 -0.1934
v  0.0568 -0.0169 -0.1787
v  0.0431 -0.0207 -0.1659
v  0.0277 -0.0243 -0.1539
v  0.0539 -0.0265 -0.1270
v  0.1521 -0.0246 -0.0229
v  0.1666 -0.0202 -0.0402
v  0.1789 -0.0163 -0.0546
v  0.1932 -0.0124 -0.0669
v  0.2074 -0.0092 -0.0753
v  0.2213 -0.0068 -0.0779
v  0.2202 0.0015 -0.0768
v  0.2062 -0.0008 -0.0746
v  0.1921 -0.0041 -0.0664
v  0.1778 -0.0079 -0.0542
v  0.1656 -0.0117 -0.0400
v  0.1531 -0.0155 -0.0252
v  0.1288 -0.0159 -0.0540
v  -0.0801 -0.0123 -0.1885
v  -0.0747 -0.0144 -0.1789
v  -0.0892 -0.0169 -0.1462
v  -0.2237 -0.0059 -0.0780
v  -0.2143 -0.0079 -0.0738
v  -0.2137 -0.0005 -0.0731
v  -0.2228 0.0014 -0.0770
v  -0.0670 -0.0267 -0.1142
v  -0.1209 -0.0262 -0.0618
v  -0.1454 -0.0241 -0.0340
v  -0.1463 -0.0166 -0.0879
v  -0.0457 -0.0223 -0.1517
v  -0.0427 -0.0138 -0.1512
v  -0.0540 -0.0111 -0.1602
v  -0.0885 -0.0081 -0.1454
v  -0.0813 -0.0072 -0.2229
v  -0.0801 0.0016 -0.2218
v  -0.0820 0.0035 -0.2343
v  -0.0828 0.0038 -0.2395
v  -0.0831 0.0004 -0.2391
v  -0.0831 -0.0049 -0.2353
v  -0.0838 -0.0035 -0.2403
v  -0.1612 -0.0194 -0.0527
v  -0.0735 -0.0011 -0.2150
v  -0.0742 -0.0085 -0.2156
v  -0.1909 -0.0113 -0.0787
v  -0.2152 -0.0079 -0.0775
v  -0.1970 -0.0104 -0.0789
v  -0.1791 -0.0125 -0.0829
v  -0.1618 -0.0141 -0.0892
v  -0.1454 -0.0153 -0.0979
v  -0.1304 -0.0160 -0.1088
v  -0.1169 -0.0163 -0.1215
v  -0.1053 -0.0160 -0.1360
v  -0.0958 -0.0152 -0.1519
v  -0.0885 -0.0139 -0.1688
v  -0.0883 -0.0139 -0.1697
v  -0.0881 -0.0138 -0.1703
v  -0.0879 -0.0137 -0.1709
v  -0.0836 -0.0121 -0.1866
v  -0.0812 -0.0098 -0.2047
v  -0.1779 -0.0037 -0.0817
v  -0.1958 -0.0017 -0.0778
v  -0.1683 -0.0046 -0.0852
v  -0.1606 -0.0054 -0.0881
v  -0.1443 -0.0066 -0.0968
v  -0.1292 -0.0073 -0.1076
v  -0.1158 -0.0076 -0.1204
v  -0.1042 -0.0073 -0.1349
v  -0.0946 -0.0064 -0.1507
v  -0.0873 -0.0051 -0.1677
v  -0.0824 -0.0033 -0.1854
v  -0.0800 -0.0011 -0.2036
v  -0.1881 -0.0028 -0.0783
v  -0.1784 -0.0050 -0.0725
v  -0.1456 -0.0078 -0.0871
v  -0.2140 0.0008 -0.0764
v  -0.0650 -0.0047 -0.1987
v  -0.0657 -0.0121 -0.1993
v  -0.0527 -0.0163 -0.1827
v  -0.0521 -0.0090 -0.1820
v  -0.0369 -0.0133 -0.1676
v  -0.0374 -0.0206 -0.1682
v  -0.0568 -0.0198 -0.1600
v  -0.0666 -0.0171 -0.1689
v  -0.1684 -0.0077 -0.0638
v  -0.1597 -0.0104 -0.0538
v  -0.1984 -0.0115 -0.0646
v  -0.1978 -0.0041 -0.0639
v  -0.1824 -0.0158 -0.0509
v  -0.1818 -0.0084 -0.0503
v  -0.1687 -0.0201 -0.0350
v  -0.1681 -0.0127 -0.0344
v  -0.1548 -0.0243 -0.0183
v  -0.1541 -0.0170 -0.0178
v  -0.0728 -0.0054 -0.1808
v  -0.0785 -0.0031 -0.1913
v  -0.0642 -0.0083 -0.1698
v  -0.0196 -0.0173 -0.1541
v  -0.0202 -0.0247 -0.1548
v  -0.1509 -0.0131 -0.0434
v  -0.1703 -0.0165 -0.0634
v  -0.1807 -0.0137 -0.0725
v  -0.0419 -0.0124 -0.1654
v  -0.0264 -0.0160 -0.1532
v  -0.0556 -0.0085 -0.1784
v  -0.0673 -0.0047 -0.1934
v  -0.0749 -0.0014 -0.2081
v  -0.0691 -0.0162 -0.1121
v  -0.0544 -0.0165 -0.1264
v  -0.1146 -0.0158 -0.0678
v  -0.0683 -0.0131 -0.1934
v  -0.0760 -0.0099 -0.2077
v  -0.0568 -0.0169 -0.1787
v  -0.0431 -0.0207 -0.1659
v  -0.0277 -0.0243 -0.1539
v  -0.0539 -0.0265 -0.1270
v  -0.1666 -0.0202 -0.0402
v  -0.1521 -0.0246 -0.0229
v  -0.1789 -0.0163 -0.0546
v  -0.1932 -0.0124 -0.0669
v  -0.2074 -0.0092 -0.0753
v  -0.2213 -0.0068 -0.0779
v  -0.2202 0.0015 -0.0768
v  -0.1921 -0.0041 -0.0664
v  -0.2062 -0.0008 -0.0746
v  -0.1778 -0.0079 -0.0542
v  -0.1656 -0.0117 -0.0400
v  -0.1531 -0.0155 -0.0252
v  -0.1288 -0.0159 -0.0540
# 6495 vertices

vn 0.1150 -0.1819 0.9766
vn -0.1150 -0.1819 0.9766
vn -0.1645 -0.4033 0.9002
vn 0.0001 -0.4159 0.9094
vn 0.1642 -0.4034 0.9002
vn 0.0000 0.0000 -1.0000
vn 0.0000 1.0000 -0.0000
vn 0.7603 0.0000 0.6496
vn 0.7370 0.0000 0.6759
vn 0.6251 -0.0000 0.7805
vn 0.6572 -0.0000 0.7537
vn 0.9579 -0.0000 0.2871
vn 0.9525 -0.0000 0.3045
vn 0.9145 0.0000 0.4047
vn 0.9270 0.0000 0.3749
vn 0.0000 1.0000 0.0000
vn 0.9871 0.0000 -0.1603
vn 0.9919 0.0000 -0.1268
vn 0.9931 0.0000 -0.1169
vn 0.9994 0.0000 0.0332
vn 0.9993 0.0000 0.0366
vn 0.9938 0.0000 0.1110
vn 0.9948 0.0000 0.1014
vn 0.5102 -0.8521 0.1167
vn 0.4774 -0.8552 0.2018
vn 0.4558 -0.8365 0.3043
vn 0.4752 -0.7949 0.3773
vn 0.2089 -0.9170 0.3399
vn 0.2154 -0.9642 0.1548
vn -0.5102 -0.8521 0.1167
vn -0.2154 -0.9642 0.1548
vn -0.2089 -0.9170 0.3399
vn -0.4752 -0.7949 0.3773
vn -0.4558 -0.8365 0.3043
vn -0.4774 -0.8552 0.2018
vn -0.3856 -0.5522 0.7392
vn -0.3690 -0.6044 0.7061
vn -0.3759 -0.6361 0.6738
vn -0.3573 -0.6976 0.6210
vn -0.4235 -0.6637 0.6166
vn -0.3458 -0.6366 0.6894
vn -0.3392 -0.6101 0.7161
vn -0.4369 -0.7695 -0.4658
vn -0.3827 -0.7721 -0.5074
vn -0.2038 -0.8282 -0.5220
vn -0.2023 -0.8874 -0.4143
vn -0.4774 -0.7892 -0.3862
vn -0.9270 0.0000 0.3749
vn -0.9145 0.0000 0.4047
vn -0.9525 -0.0000 0.3045
vn -0.9579 -0.0000 0.2871
vn 0.4234 -0.6636 0.6167
vn 0.3759 -0.6360 0.6740
vn 0.3690 -0.6042 0.7062
vn 0.3386 -0.6102 0.7163
vn 0.3853 -0.5522 0.7393
vn 0.3458 -0.6363 0.6896
vn 0.3572 -0.6973 0.6214
vn -0.9931 0.0000 -0.1169
vn -0.9919 0.0000 -0.1268
vn -0.9871 0.0000 -0.1603
vn 0.2023 -0.8874 -0.4143
vn 0.2038 -0.8282 -0.5220
vn 0.3827 -0.7721 -0.5074
vn 0.4369 -0.7695 -0.4658
vn 0.4774 -0.7892 -0.3862
vn -0.9948 0.0000 0.1014
vn -0.9938 0.0000 0.1110
vn -0.9993 0.0000 0.0366
vn -0.9994 0.0000 0.0332
vn -0.0000 -0.9633 0.2684
vn -0.0000 -0.9547 0.2975
vn 0.0000 -0.9548 0.2972
vn -0.6572 0.0000 0.7537
vn -0.6251 0.0000 0.7805
vn -0.7370 0.0000 0.6759
vn -0.7603 0.0000 0.6496
vn 0.2918 -0.4136 0.8624
vn 0.2223 -0.3993 0.8894
vn 0.1847 -0.4010 0.8973
vn 0.3496 -0.1826 0.9189
vn 0.2320 -0.4363 0.8694
vn -0.3496 -0.1826 0.9189
vn -0.1847 -0.4009 0.8973
vn -0.2918 -0.4136 0.8624
vn -0.2223 -0.3993 0.8895
vn -0.2322 -0.4364 0.8693
vn 0.1324 0.0000 0.9912
vn -0.1324 0.0000 0.9912
vn -0.6281 -0.7629 -0.1530
vn -0.5332 -0.8328 -0.1488
vn -0.5031 -0.6412 0.5795
vn -0.5491 -0.7049 0.4489
vn -0.9776 -0.0081 0.2102
vn -0.9658 -0.0114 0.2590
vn -0.9780 0.0000 0.2088
vn -0.4188 -0.4261 0.8019
vn -0.4020 -0.4428 0.8015
vn 0.4188 -0.4261 0.8019
vn 0.4020 -0.4428 0.8015
vn 0.5491 -0.7049 0.4489
vn 0.5031 -0.6412 0.5795
vn 0.9776 -0.0081 0.2102
vn 0.9873 -0.0048 0.1588
vn 0.9780 -0.0000 0.2088
vn 0.6281 -0.7629 -0.1530
vn 0.5332 -0.8328 -0.1488
vn -0.4142 0.0000 0.9102
vn 0.4142 -0.0000 0.9102
vn 0.9992 0.0000 -0.0400
vn 0.9990 0.0000 -0.0453
vn 0.9658 -0.0114 0.2590
vn 0.8629 0.0000 0.5054
vn 0.8368 0.0000 0.5475
vn -0.8629 0.0000 0.5054
vn -0.8368 0.0000 0.5475
vn -0.9873 -0.0048 0.1588
vn -0.9992 0.0000 -0.0400
vn -0.9990 0.0000 -0.0453
vn -0.4291 -0.8935 -0.1325
vn -0.9768 -0.0303 0.2119
vn -0.3305 -0.4960 0.8030
vn 0.3300 -0.4961 0.8031
vn 0.9768 -0.0303 0.2119
vn 0.4291 -0.8935 -0.1325
vn -0.2144 -0.9674 -0.1347
vn 0.2144 -0.9674 -0.1347
vn -0.1955 -0.8430 0.5012
vn 0.0000 -0.8829 0.4695
vn 0.0000 -0.8103 0.5860
vn -0.3274 -0.7389 0.5889
vn -0.0000 -0.8103 0.5860
vn -0.0000 -0.8828 0.4698
vn 0.1955 -0.8430 0.5012
vn 0.3146 -0.7434 0.5902
vn 0.0000 -0.9130 0.4080
vn -0.0000 -0.9130 0.4080
vn -0.5279 -0.6754 0.5149
vn -0.4417 -0.7434 0.5023
vn 0.5279 -0.6754 0.5149
vn 0.4416 -0.7434 0.5024
vn -0.3278 -0.5669 0.7558
vn -0.3034 -0.5236 0.7961
vn -0.2693 -0.4633 0.8443
vn 0.3021 -0.5233 0.7968
vn 0.3262 -0.5673 0.7562
vn 0.2692 -0.4633 0.8443
vn -0.3619 -0.7257 0.5851
vn 0.3619 -0.7256 0.5853
vn -0.2516 0.0539 0.9663
vn -0.2734 0.0536 0.9604
vn -0.0035 0.0557 0.9984
vn -0.0032 0.0557 0.9984
vn -0.4718 0.0491 0.8804
vn -0.5048 0.0481 0.8619
vn -0.6431 0.0427 0.7646
vn -0.6815 0.0408 0.7307
vn -0.5758 0.0455 0.8163
vn -0.7752 0.0352 0.6307
vn -0.8073 0.0329 0.5893
vn -0.8644 0.0280 0.5021
vn -0.8931 0.0250 0.4492
vn -0.8370 0.0305 0.5464
vn -0.9117 0.0229 0.4103
vn -0.9273 0.0208 0.3737
vn -0.9491 0.0175 0.3145
vn -0.9689 0.0138 0.2472
vn -0.9827 0.0103 0.1851
vn -0.9602 0.0155 0.2789
vn -0.9928 0.0067 0.1198
vn -0.9982 0.0033 0.0595
vn -1.0000 -0.0003 -0.0057
vn -0.9979 -0.0036 -0.0645
vn -0.9954 -0.0054 -0.0958
vn -0.9921 -0.0070 -0.1255
vn -0.9819 -0.0106 -0.1893
vn -0.9483 -0.0177 -0.3169
vn -0.9752 -0.0123 -0.2210
vn -0.9667 -0.0143 -0.2555
vn -0.9246 -0.0212 -0.3803
vn -0.8934 -0.0250 -0.4486
vn -0.9366 -0.0195 -0.3498
vn -0.8751 -0.0270 -0.4833
vn -0.8591 -0.0285 -0.5110
vn -0.8113 -0.0326 -0.5837
vn -0.7560 -0.0365 -0.6535
vn -0.6948 -0.0401 -0.7181
vn -0.5376 -0.0470 -0.8419
vn -0.6530 -0.0422 -0.7562
vn -0.6110 -0.0441 -0.7904
vn -0.3404 -0.0524 -0.9388
vn -0.4051 -0.0509 -0.9128
vn -0.1147 -0.0553 -0.9919
vn -0.1411 -0.0552 -0.9885
vn 0.1206 -0.0553 -0.9912
vn 0.1483 -0.0551 -0.9874
vn 0.3461 -0.0523 -0.9368
vn 0.4116 -0.0508 -0.9100
vn 0.5428 -0.0468 -0.8386
vn 0.6163 -0.0439 -0.7863
vn 0.6992 -0.0398 -0.7138
vn 0.6578 -0.0419 -0.7520
vn 0.7603 -0.0362 -0.6485
vn 0.8623 -0.0282 -0.5056
vn 0.8149 -0.0323 -0.5787
vn 0.9270 -0.0209 -0.3745
vn 0.8961 -0.0247 -0.4431
vn 0.8781 -0.0266 -0.4778
vn 0.9388 -0.0192 -0.3440
vn 0.9687 -0.0138 -0.2477
vn 0.9502 -0.0173 -0.3111
vn 0.9927 -0.0067 -0.1206
vn 0.9830 -0.0102 -0.1833
vn 0.9765 -0.0120 -0.2150
vn 0.9960 -0.0050 -0.0897
vn 1.0000 0.0000 0.0005
vn 0.9983 -0.0032 -0.0584
vn 0.9920 0.0070 0.1259
vn 0.9978 0.0037 0.0657
vn 0.9673 0.0141 0.2532
vn 0.9815 0.0107 0.1912
vn 0.9584 0.0159 0.2848
vn 0.9272 0.0209 0.3739
vn 0.9471 0.0179 0.3204
vn 0.8612 0.0283 0.5074
vn 0.8902 0.0254 0.4548
vn 0.7713 0.0355 0.6355
vn 0.8035 0.0332 0.5944
vn 0.8335 0.0308 0.5516
vn 0.6383 0.0429 0.7686
vn 0.6766 0.0410 0.7352
vn 0.5705 0.0458 0.8200
vn 0.4662 0.0493 0.8833
vn 0.4989 0.0483 0.8653
vn -0.9074 -0.0870 0.4112
vn -0.9528 -0.0918 0.2892
vn -0.9452 -0.1325 0.2985
vn -0.9003 -0.1271 0.4163
vn 0.2454 0.0540 0.9679
vn 0.2667 0.0537 0.9623
vn -0.9735 -0.1400 0.1807
vn -0.9290 -0.2370 0.2842
vn -0.8920 -0.2264 0.3913
vn -0.7356 -0.1876 -0.6509
vn -0.5564 -0.2114 -0.8036
vn -0.5538 -0.2974 -0.7777
vn -0.7332 -0.2620 -0.6275
vn -0.7501 -0.0816 0.6563
vn -0.8412 -0.0837 0.5342
vn -0.8360 -0.1235 0.5346
vn -0.7485 -0.1215 0.6519
vn 0.0041 -0.2390 -0.9710
vn 0.3116 -0.2308 -0.9217
vn 0.3096 -0.3275 -0.8927
vn 0.0041 -0.3404 -0.9403
vn -0.4782 -0.0803 0.8746
vn -0.6297 -0.0806 0.7727
vn -0.6333 -0.1206 0.7645
vn -0.4870 -0.1203 0.8651
vn 0.9799 -0.0978 0.1739
vn 0.9512 -0.0914 0.2949
vn 0.9435 -0.1320 0.3040
vn 0.9725 -0.1395 0.1865
vn 0.4735 -0.0801 0.8771
vn 0.2943 -0.0803 0.9523
vn 0.3047 -0.1199 0.9449
vn 0.4824 -0.1200 0.8677
vn -0.3039 -0.2311 -0.9242
vn -0.3020 -0.3279 -0.8951
vn 0.9050 -0.0867 0.4165
vn 0.8979 -0.1266 0.4215
vn 0.9289 -0.1453 -0.3408
vn 0.9707 -0.1293 -0.2025
vn 0.9665 -0.1800 -0.1830
vn 0.9257 -0.2017 -0.3199
vn 0.8382 -0.0833 0.5390
vn 0.7464 -0.0813 0.6605
vn 0.7449 -0.1211 0.6561
vn 0.8330 -0.1231 0.5393
vn 0.0982 -0.0806 0.9919
vn 0.1030 -0.1197 0.9875
vn 0.9906 -0.1164 -0.0724
vn 0.9851 -0.1630 -0.0547
vn 0.7404 -0.1872 -0.6456
vn 0.8566 -0.1646 -0.4890
vn 0.8541 -0.2288 -0.4671
vn 0.7380 -0.2613 -0.6222
vn 0.6254 -0.0803 0.7761
vn 0.6291 -0.1203 0.7679
vn -0.8531 -0.1651 -0.4949
vn -0.8507 -0.2295 -0.4729
vn -0.1032 -0.0806 0.9914
vn -0.2993 -0.0805 0.9508
vn -0.3097 -0.1200 0.9432
vn -0.1082 -0.1197 0.9869
vn 0.5627 -0.2110 -0.7993
vn 0.5601 -0.2968 -0.7734
vn -0.9809 -0.0982 0.1680
vn -0.9932 -0.1065 0.0461
vn -0.9867 -0.1502 0.0617
vn -0.9900 -0.1169 -0.0786
vn -0.9847 -0.1635 -0.0607
vn 0.9930 -0.1060 0.0522
vn 0.9864 -0.1497 0.0677
vn -0.9693 -0.1298 -0.2087
vn -0.9652 -0.1806 -0.1891
vn -0.9265 -0.1458 -0.3469
vn -0.9235 -0.2024 -0.3260
vn 0.6759 -0.2125 0.7056
vn 0.5628 -0.2121 0.7989
vn 0.5011 -0.2851 0.8171
vn 0.6093 -0.2860 0.7396
vn 0.8900 -0.2257 0.3962
vn 0.9276 -0.2363 0.2894
vn -0.9523 -0.2999 -0.0562
vn -0.9601 -0.2725 0.0624
vn 0.8370 -0.2187 0.5016
vn -0.9236 -0.3364 -0.1836
vn 0.7665 -0.2145 0.6053
vn -0.5880 -0.5144 -0.6242
vn -0.7610 -0.4446 -0.4725
vn 0.0046 -0.6044 -0.7967
vn -0.3270 -0.5777 -0.7479
vn 0.4258 -0.2123 0.8795
vn 0.3352 -0.5767 -0.7450
vn 0.9529 -0.2990 -0.0503
vn 0.9252 -0.3353 -0.1776
vn -0.2706 -0.2128 0.9389
vn -0.0939 -0.2127 0.9726
vn 0.8679 -0.3828 -0.3165
vn 0.7653 -0.4431 -0.4668
vn 0.9600 -0.2716 0.0681
vn -0.4299 -0.2126 0.8775
vn -0.7695 -0.2151 0.6013
vn -0.6794 -0.2130 0.7022
vn 0.9509 -0.2512 0.1806
vn 0.0895 -0.2127 0.9730
vn -0.8395 -0.2193 0.4971
vn -0.9518 -0.2520 0.1751
vn 0.2662 -0.2126 0.9402
vn 0.5943 -0.5130 -0.6194
vn -0.8652 -0.3841 -0.3224
vn -0.5666 -0.2125 0.7961
vn 0.0774 -0.2864 0.9550
vn -0.0812 -0.2865 0.9546
vn -0.0470 -0.4835 0.8741
vn 0.0450 -0.4834 0.8743
vn -0.8429 -0.5137 -0.1598
vn -0.8923 -0.4496 -0.0399
vn -0.8302 -0.3045 0.4670
vn -0.7740 -0.2952 0.5602
vn -0.5045 -0.2856 0.8148
vn -0.3782 -0.2858 0.8805
vn -0.7490 -0.5959 -0.2896
vn -0.6124 -0.2866 0.7367
vn 0.7528 -0.5937 -0.2841
vn 0.5915 -0.6898 -0.4176
vn -0.8719 -0.3184 0.3719
vn 0.8281 -0.3037 0.4712
vn 0.8703 -0.3175 0.3766
vn -0.9133 -0.4011 0.0710
vn -0.9144 -0.3649 0.1752
vn 0.7715 -0.2944 0.5641
vn 0.6990 -0.2888 0.6542
vn -0.5855 -0.6920 -0.4223
vn 0.0046 -0.8167 -0.5770
vn -0.3289 -0.7797 -0.5328
vn 0.3746 -0.2854 0.8822
vn 0.3371 -0.7782 -0.5299
vn 0.9134 -0.3997 0.0764
vn 0.8934 -0.4480 -0.0343
vn -0.2355 -0.2862 0.9288
vn 0.8451 -0.5118 -0.1542
vn 0.9139 -0.3637 0.1804
vn -0.7019 -0.2895 0.6508
vn 0.8990 -0.3369 0.2799
vn -0.9001 -0.3380 0.2750
vn 0.2318 -0.2860 0.9298
vn 0.0002 -0.6749 0.7379
vn 0.2108 -0.4973 0.8416
vn 0.1327 -0.4888 0.8622
vn -0.1346 -0.4891 0.8618
vn -0.2126 -0.4977 0.8409
vn -0.7660 -0.3202 0.5574
vn -0.6978 -0.3130 0.6443
vn 0.8561 -0.3463 0.3836
vn 0.8823 -0.3682 0.2932
vn -0.3229 -0.8365 -0.4428
vn -0.5731 -0.7439 -0.3438
vn -0.8834 -0.3694 0.2885
vn -0.8577 -0.3473 0.3791
vn 0.5787 -0.7416 -0.3394
vn 0.3307 -0.8349 -0.4400
vn -0.8958 -0.3990 0.1959
vn 0.5045 -0.3069 0.8071
vn 0.6092 -0.3084 0.7306
vn -0.8232 -0.5573 -0.1090
vn -0.8719 -0.4898 -0.0007
vn -0.8188 -0.3313 0.4687
vn -0.5078 -0.3074 0.8048
vn -0.7318 -0.6433 -0.2252
vn -0.6123 -0.3090 0.7278
vn 0.7353 -0.6410 -0.2201
vn 0.8168 -0.3304 0.4729
vn -0.8933 -0.4381 0.1002
vn 0.7636 -0.3193 0.5611
vn 0.6950 -0.3123 0.6476
vn 0.0044 -0.8759 -0.4825
vn 0.8935 -0.4366 0.1053
vn 0.8728 -0.4880 0.0045
vn 0.8252 -0.5553 -0.1037
vn 0.8953 -0.3976 0.2009
vn -0.0000 0.0000 -1.0000
vn 0.1392 0.0000 -0.9903
vn 0.2756 0.0000 -0.9613
vn 0.4067 0.0000 -0.9135
vn 0.5299 0.0000 -0.8480
vn 0.6428 0.0000 -0.7660
vn 0.7431 0.0000 -0.6691
vn 0.8290 0.0000 -0.5592
vn 0.8988 0.0000 -0.4384
vn 0.9511 0.0000 -0.3090
vn 0.9848 0.0000 -0.1736
vn 0.9994 0.0000 -0.0349
vn 0.9945 0.0000 0.1045
vn 0.9703 0.0000 0.2419
vn 0.9272 0.0000 0.3746
vn 0.8660 0.0000 0.5000
vn 0.7880 0.0000 0.6157
vn 0.6947 0.0000 0.7193
vn 0.5878 0.0000 0.8090
vn 0.4695 0.0000 0.8829
vn 0.3420 0.0000 0.9397
vn 0.2079 0.0000 0.9781
vn 0.0698 0.0000 0.9976
vn -0.0698 0.0000 0.9976
vn -0.2079 0.0000 0.9781
vn -0.3420 0.0000 0.9397
vn -0.4695 0.0000 0.8829
vn -0.5878 0.0000 0.8090
vn -0.6947 0.0000 0.7193
vn -0.7880 0.0000 0.6157
vn -0.8660 0.0000 0.5000
vn -0.9272 0.0000 0.3746
vn -0.9703 0.0000 0.2419
vn -0.9945 0.0000 0.1045
vn -0.9994 0.0000 -0.0349
vn -0.9848 0.0000 -0.1736
vn -0.9511 0.0000 -0.3090
vn -0.8988 0.0000 -0.4384
vn -0.8290 0.0000 -0.5592
vn -0.7431 0.0000 -0.6691
vn -0.6428 0.0000 -0.7660
vn -0.5299 0.0000 -0.8480
vn -0.4067 0.0000 -0.9135
vn -0.2756 0.0000 -0.9613
vn -0.1392 0.0000 -0.9903
vn 0.3650 -0.9068 0.2107
vn 0.3321 -0.9068 0.2595
vn -0.2079 0.0000 -0.9781
vn -0.0698 0.0000 -0.9976
vn -0.0876 -0.9068 0.4123
vn -0.1442 -0.9068 0.3961
vn -0.4192 -0.9068 0.0441
vn -0.4212 -0.9068 -0.0147
vn -0.1714 -0.9068 -0.3851
vn -0.1162 -0.9068 -0.4052
vn 0.1162 -0.9068 -0.4052
vn 0.1714 -0.9068 -0.3850
vn 0.4212 -0.9068 -0.0147
vn 0.4192 -0.9068 0.0441
vn 0.1442 -0.9068 0.3961
vn 0.0876 -0.9068 0.4123
vn -0.3321 -0.9068 0.2595
vn -0.3650 -0.9068 0.2107
vn -0.3494 -0.9068 -0.2357
vn -0.3132 -0.9068 -0.2820
vn 0.3494 -0.9068 -0.2357
vn 0.3788 -0.9068 -0.1848
vn 0.2928 -0.9068 0.3032
vn -0.1979 -0.9068 0.3722
vn -0.4151 -0.9068 -0.0732
vn -0.0587 -0.9068 -0.4174
vn 0.2234 -0.9068 -0.3574
vn 0.4090 -0.9068 0.1020
vn 0.0294 -0.9068 0.4205
vn -0.3908 -0.9068 0.1579
vn -0.2709 -0.9068 -0.3229
vn 0.4009 -0.9068 -0.1302
vn 0.2477 -0.9068 0.3410
vn -0.2477 -0.9068 0.3410
vn -0.4009 -0.9068 -0.1302
vn 0.0000 -0.9068 -0.4215
vn -0.0000 -0.9068 -0.4215
vn 0.2709 -0.9068 -0.3229
vn 0.3908 -0.9068 0.1579
vn -0.0294 -0.9068 0.4205
vn 0.0587 -0.9068 -0.4174
vn -0.4090 -0.9068 0.1020
vn -0.2234 -0.9068 -0.3574
vn 0.4151 -0.9068 -0.0732
vn 0.1979 -0.9068 0.3722
vn -0.2928 -0.9068 0.3032
vn -0.3788 -0.9068 -0.1848
vn 0.3132 -0.9068 -0.2820
vn -0.0000 -1.0000 -0.0000
vn -0.8988 0.0000 0.4384
vn -0.9511 0.0000 0.3090
vn 0.9848 0.0000 0.1736
vn 0.9511 0.0000 0.3090
vn 0.0698 0.0000 -0.9976
vn -0.9848 0.0000 0.1736
vn 0.8988 0.0000 0.4384
vn 0.2079 0.0000 -0.9781
vn -0.9994 0.0000 0.0349
vn 0.8290 0.0000 0.5592
vn 0.3420 0.0000 -0.9397
vn -0.9945 0.0000 -0.1045
vn 0.7431 0.0000 0.6691
vn 0.4695 0.0000 -0.8829
vn -0.9703 0.0000 -0.2419
vn 0.6428 0.0000 0.7660
vn 0.5878 0.0000 -0.8090
vn -0.9272 0.0000 -0.3746
vn 0.5299 0.0000 0.8480
vn 0.0000 0.0000 1.0000
vn -0.1392 0.0000 0.9903
vn 0.6947 0.0000 -0.7193
vn -0.8660 0.0000 -0.5000
vn 0.4067 0.0000 0.9135
vn -0.2756 0.0000 0.9613
vn 0.7880 0.0000 -0.6157
vn -0.7880 0.0000 -0.6157
vn 0.2756 0.0000 0.9613
vn -0.4067 0.0000 0.9135
vn 0.8660 0.0000 -0.5000
vn -0.6947 0.0000 -0.7193
vn 0.1392 0.0000 0.9903
vn -0.5299 0.0000 0.8480
vn 0.9272 0.0000 -0.3746
vn -0.5878 0.0000 -0.8090
vn -0.6428 0.0000 0.7660
vn 0.9703 0.0000 -0.2419
vn -0.4695 0.0000 -0.8829
vn -0.7431 0.0000 0.6691
vn 0.9945 0.0000 -0.1045
vn -0.3420 0.0000 -0.9397
vn -0.8290 0.0000 0.5592
vn 0.9994 0.0000 0.0349
vn -0.0000 1.0000 0.0000
vn 0.9354 0.1808 -0.3039
vn 0.8840 0.1808 -0.4311
vn 0.8773 0.2173 -0.4279
vn 0.9283 0.2173 -0.3016
vn -0.4583 0.2173 0.8618
vn -0.3338 0.2173 0.9172
vn -0.3223 0.3347 0.8855
vn -0.4424 0.3347 0.8320
vn -0.9354 0.1808 -0.3039
vn -0.9686 0.1808 -0.1708
vn -0.9613 0.2173 -0.1695
vn -0.9283 0.2173 -0.3016
vn -0.0686 0.1808 0.9811
vn 0.0686 0.1808 0.9811
vn 0.0681 0.2173 0.9737
vn -0.0681 0.2173 0.9737
vn 0.9686 0.1808 -0.1708
vn 0.9613 0.2173 -0.1695
vn -0.8840 0.1808 -0.4311
vn -0.8773 0.2173 -0.4279
vn -0.2045 0.1808 0.9620
vn -0.2029 0.2173 0.9548
vn 0.9829 0.1808 -0.0343
vn 0.9755 0.2173 -0.0341
vn -0.8154 0.1808 -0.5500
vn -0.8092 0.2173 -0.5458
vn -0.3364 0.1808 0.9242
vn 0.9781 0.1808 0.1028
vn 0.9708 0.2173 0.1020
vn -0.7309 0.1808 -0.6581
vn -0.7254 0.2173 -0.6531
vn -0.4617 0.1808 0.8684
vn 0.9543 0.1808 0.2379
vn 0.9471 0.2173 0.2361
vn -0.6322 0.1808 -0.7534
vn -0.6274 0.2173 -0.7477
vn -0.5781 0.1808 0.7957
vn -0.5737 0.2173 0.7897
vn 0.9119 0.1808 0.3684
vn 0.9050 0.2173 0.3657
vn -0.5212 0.1808 -0.8341
vn -0.5173 0.2173 -0.8278
vn 0.1369 0.1808 -0.9739
vn -0.0000 0.1808 -0.9835
vn -0.0000 0.2173 -0.9761
vn 0.1358 0.2173 -0.9666
vn -0.6832 0.1808 0.7075
vn -0.6781 0.2173 0.7021
vn 0.8518 0.1808 0.4918
vn 0.8453 0.2173 0.4881
vn -0.4000 0.1808 -0.8985
vn -0.3970 0.2173 -0.8917
vn 0.2711 0.1808 -0.9454
vn 0.2691 0.2173 -0.9383
vn -0.7750 0.1808 0.6055
vn -0.7692 0.2173 0.6009
vn 0.7750 0.1808 0.6055
vn 0.7692 0.2173 0.6009
vn -0.2711 0.1808 -0.9454
vn -0.2691 0.2173 -0.9383
vn 0.4000 0.1808 -0.8985
vn 0.3970 0.2173 -0.8917
vn -0.8518 0.1808 0.4918
vn -0.8453 0.2173 0.4881
vn 0.6832 0.1808 0.7075
vn 0.6781 0.2173 0.7021
vn -0.1369 0.1808 -0.9739
vn -0.1358 0.2173 -0.9666
vn 0.5212 0.1808 -0.8341
vn 0.5173 0.2173 -0.8278
vn -0.9119 0.1808 0.3684
vn -0.9050 0.2173 0.3657
vn 0.5781 0.1808 0.7957
vn 0.5737 0.2173 0.7897
vn 0.6322 0.1808 -0.7534
vn 0.6274 0.2173 -0.7477
vn -0.9543 0.1808 0.2379
vn -0.9471 0.2173 0.2361
vn 0.4617 0.1808 0.8684
vn 0.4583 0.2173 0.8618
vn 0.7309 0.1808 -0.6581
vn 0.7254 0.2173 -0.6531
vn -0.9781 0.1808 0.1028
vn -0.9708 0.2173 0.1020
vn 0.3364 0.1808 0.9242
vn 0.3338 0.2173 0.9172
vn 0.8154 0.1808 -0.5500
vn 0.8092 0.2173 -0.5458
vn -0.9829 0.1808 -0.0343
vn -0.9755 0.2173 -0.0341
vn 0.2045 0.1808 0.9620
vn 0.2029 0.2173 0.9548
vn 0.3833 0.3347 -0.8608
vn 0.2597 0.3347 -0.9058
vn 0.2324 0.5376 -0.8105
vn 0.3430 0.5376 -0.7703
vn 0.9371 0.3347 0.0985
vn 0.9143 0.3347 0.2280
vn -0.7003 0.3347 -0.6305
vn -0.6057 0.3347 -0.7219
vn -0.5539 0.3347 0.7623
vn 0.8737 0.3347 0.3530
vn -0.4993 0.3347 -0.7991
vn -0.0000 0.3347 -0.9423
vn 0.1311 0.3347 -0.9331
vn -0.6546 0.3347 0.6778
vn 0.8161 0.3347 0.4712
vn -0.3833 0.3347 -0.8608
vn -0.7426 0.3347 0.5801
vn 0.7426 0.3347 0.5801
vn -0.2597 0.3347 -0.9058
vn -0.8161 0.3347 0.4712
vn 0.6546 0.3347 0.6778
vn -0.1311 0.3347 -0.9331
vn 0.4993 0.3347 -0.7991
vn -0.8737 0.3347 0.3530
vn 0.5539 0.3347 0.7623
vn 0.6057 0.3347 -0.7219
vn -0.9143 0.3347 0.2280
vn 0.4424 0.3347 0.8320
vn 0.7003 0.3347 -0.6305
vn -0.9371 0.3347 0.0985
vn 0.3223 0.3347 0.8855
vn 0.7812 0.3347 -0.5269
vn -0.9417 0.3347 -0.0329
vn 0.1959 0.3347 0.9217
vn 0.8469 0.3347 -0.4131
vn -0.9280 0.3347 -0.1636
vn 0.0657 0.3347 0.9400
vn 0.8962 0.3347 -0.2912
vn -0.8962 0.3347 -0.2912
vn -0.0657 0.3347 0.9400
vn 0.9280 0.3347 -0.1636
vn -0.8469 0.3347 -0.4131
vn -0.1959 0.3347 0.9217
vn 0.9417 0.3347 -0.0329
vn -0.7812 0.3347 -0.5269
vn 0.6990 0.5376 -0.4715
vn 0.6266 0.5376 -0.5642
vn 0.3636 0.8721 -0.3274
vn 0.4056 0.8721 -0.2736
vn -0.6644 0.5376 0.5191
vn -0.7302 0.5376 0.4216
vn 0.6644 0.5376 0.5191
vn 0.5857 0.5376 0.6065
vn -0.2324 0.5376 -0.8105
vn -0.1174 0.5376 -0.8350
vn 0.4468 0.5376 -0.7151
vn -0.7818 0.5376 0.3159
vn 0.4956 0.5376 0.6822
vn -0.0000 0.5376 -0.8432
vn 0.5420 0.5376 -0.6459
vn -0.8181 0.5376 0.2040
vn 0.3959 0.5376 0.7445
vn -0.8386 0.5376 0.0881
vn 0.2884 0.5376 0.7923
vn -0.8427 0.5376 -0.0294
vn 0.1753 0.5376 0.8248
vn 0.7579 0.5376 -0.3696
vn -0.8304 0.5376 -0.1464
vn 0.0588 0.5376 0.8411
vn 0.8019 0.5376 -0.2606
vn -0.8019 0.5376 -0.2606
vn -0.0588 0.5376 0.8411
vn 0.8304 0.5376 -0.1464
vn -0.7579 0.5376 -0.3696
vn -0.1753 0.5376 0.8248
vn 0.8427 0.5376 -0.0294
vn -0.6990 0.5376 -0.4715
vn -0.2884 0.5376 0.7923
vn 0.8386 0.5376 0.0881
vn -0.6266 0.5376 -0.5642
vn -0.3959 0.5376 0.7445
vn 0.8181 0.5376 0.2040
vn -0.5420 0.5376 -0.6459
vn -0.4956 0.5376 0.6822
vn 0.7818 0.5376 0.3159
vn -0.4468 0.5376 -0.7151
vn 0.1173 0.5376 -0.8350
vn -0.5857 0.5376 0.6065
vn 0.7302 0.5376 0.4216
vn -0.3430 0.5376 -0.7703
vn 0.0681 0.8721 -0.4845
vn 0.0000 0.8721 -0.4893
vn -0.0681 0.8721 -0.4845
vn -0.1349 0.8721 -0.4703
vn -0.1990 0.8721 -0.4470
vn -0.2593 0.8721 -0.4150
vn -0.3145 0.8721 -0.3748
vn -0.3636 0.8721 -0.3274
vn -0.4056 0.8721 -0.2736
vn -0.4398 0.8721 -0.2145
vn -0.4654 0.8721 -0.1512
vn -0.4819 0.8721 -0.0850
vn -0.4890 0.8721 -0.0171
vn -0.4866 0.8721 0.0511
vn -0.4748 0.8721 0.1184
vn -0.4537 0.8721 0.1833
vn -0.4237 0.8721 0.2447
vn -0.3856 0.8721 0.3012
vn -0.3399 0.8721 0.3520
vn -0.2876 0.8721 0.3959
vn -0.2297 0.8721 0.4320
vn -0.1674 0.8721 0.4598
vn -0.1017 0.8721 0.4786
vn -0.0341 0.8721 0.4881
vn 0.0341 0.8721 0.4881
vn 0.1017 0.8721 0.4786
vn 0.1674 0.8721 0.4598
vn 0.2297 0.8721 0.4320
vn 0.2876 0.8721 0.3959
vn 0.3399 0.8721 0.3520
vn 0.3856 0.8721 0.3012
vn 0.4237 0.8721 0.2447
vn 0.4537 0.8721 0.1833
vn 0.4748 0.8721 0.1184
vn 0.4866 0.8721 0.0511
vn 0.4890 0.8721 -0.0171
vn 0.4819 0.8721 -0.0850
vn 0.4654 0.8721 -0.1512
vn 0.4398 0.8721 -0.2145
vn 0.3145 0.8721 -0.3748
vn 0.2593 0.8721 -0.4150
vn 0.1990 0.8721 -0.4470
vn 0.1349 0.8721 -0.4703
vn 0.1198 -0.4558 -0.8820
vn 0.2700 -0.4340 -0.8595
vn 0.4482 -0.7204 -0.5294
vn 0.3321 -0.7662 -0.5501
vn -0.0465 0.3882 -0.9204
vn -0.1372 0.3749 -0.9168
vn -0.2591 0.5253 -0.8105
vn -0.1992 0.5412 -0.8170
vn 0.0452 0.4039 -0.9137
vn -0.1394 0.5598 -0.8168
vn 0.1368 0.4219 -0.8962
vn -0.0806 0.5814 -0.8096
vn 0.2273 0.4427 -0.8674
vn -0.0235 0.6060 -0.7951
vn 0.3156 0.4663 -0.8264
vn 0.0307 0.6339 -0.7728
vn 0.4001 0.4929 -0.7726
vn 0.0811 0.6653 -0.7422
vn 0.4792 0.5228 -0.7050
vn 0.1262 0.7001 -0.7028
vn 0.5506 0.5558 -0.6229
vn 0.1644 0.7382 -0.6542
vn 0.6114 0.5918 -0.5254
vn 0.1938 0.7793 -0.5960
vn 0.6581 0.6302 -0.4120
vn 0.2121 0.8224 -0.5278
vn 0.6864 0.6698 -0.2833
vn 0.2169 0.8663 -0.4500
vn 0.6913 0.7087 -0.1408
vn 0.2058 0.9086 -0.3635
vn 0.6680 0.7441 0.0115
vn 0.1769 0.9464 -0.2703
vn 0.6125 0.7726 0.1672
vn 0.1291 0.9763 -0.1737
vn 0.5241 0.7905 0.3170
vn 0.0633 0.9949 -0.0787
vn 0.4058 0.7952 0.4505
vn -0.0178 0.9998 0.0094
vn 0.2648 0.7861 0.5585
vn -0.1094 0.9903 0.0851
vn 0.1113 0.7644 0.6350
vn -0.2061 0.9678 0.1444
vn -0.0446 0.7333 0.6784
vn -0.3025 0.9350 0.1852
vn -0.1945 0.6965 0.6908
vn -0.3941 0.8954 0.2074
vn -0.3327 0.6571 0.6764
vn -0.4780 0.8523 0.2123
vn -0.4563 0.6177 0.6405
vn -0.5527 0.8085 0.2022
vn -0.5640 0.5800 0.5878
vn -0.6175 0.7659 0.1794
vn -0.6560 0.5449 0.5223
vn -0.6723 0.7257 0.1465
vn -0.7326 0.5129 0.4475
vn -0.7175 0.6886 0.1054
vn -0.7949 0.4841 0.3658
vn -0.7535 0.6549 0.0581
vn -0.8437 0.4584 0.2794
vn -0.7809 0.6246 0.0061
vn -0.8798 0.4357 0.1899
vn -0.8001 0.5978 -0.0494
vn -0.9041 0.4159 0.0987
vn -0.8117 0.5742 -0.1072
vn -0.9171 0.3986 0.0068
vn -0.8160 0.5536 -0.1665
vn -0.9196 0.3837 -0.0847
vn -0.8134 0.5358 -0.2263
vn -0.9120 0.3711 -0.1749
vn -0.8044 0.5207 -0.2860
vn -0.8949 0.3606 -0.2631
vn -0.7892 0.5081 -0.3450
vn -0.8687 0.3520 -0.3484
vn -0.7681 0.4979 -0.4026
vn -0.8340 0.3454 -0.4303
vn -0.7416 0.4899 -0.4583
vn -0.7913 0.3405 -0.5079
vn -0.7100 0.4840 -0.5115
vn -0.7410 0.3374 -0.5806
vn -0.6735 0.4803 -0.5618
vn -0.6837 0.3359 -0.6478
vn -0.6327 0.4786 -0.6088
vn -0.6200 0.3362 -0.7089
vn -0.5878 0.4789 -0.6520
vn -0.5504 0.3382 -0.7633
vn -0.5393 0.4813 -0.6910
vn -0.4756 0.3419 -0.8105
vn -0.4877 0.4857 -0.7255
vn -0.3962 0.3473 -0.8499
vn -0.4333 0.4922 -0.7550
vn -0.3129 0.3546 -0.8811
vn -0.3767 0.5009 -0.7792
vn -0.2263 0.3637 -0.9036
vn -0.3185 0.5119 -0.7979
vn -0.1136 -0.0371 0.9928
vn -0.2453 -0.0423 0.9685
vn -0.3646 0.1225 0.9231
vn -0.2281 0.1295 0.9650
vn -0.6455 0.7478 0.1552
vn -0.5865 0.7891 0.1825
vn -0.5129 0.5999 0.6140
vn -0.6124 0.5633 0.5546
vn -0.6948 0.7093 0.1188
vn -0.6964 0.5297 0.4842
vn -0.7348 0.6741 0.0752
vn -0.7656 0.4992 0.4057
vn -0.7661 0.6422 0.0262
vn -0.8209 0.4719 0.3216
vn -0.7890 0.6138 -0.0269
vn -0.8631 0.4477 0.2336
vn -0.8042 0.5886 -0.0829
vn -0.8931 0.4264 0.1433
vn -0.8119 0.5665 -0.1408
vn -0.9116 0.4078 0.0518
vn -0.8127 0.5474 -0.1997
vn -0.9192 0.3918 -0.0399
vn -0.8069 0.5310 -0.2589
vn -0.9165 0.3780 -0.1307
vn -0.7948 0.5172 -0.3176
vn -0.9041 0.3664 -0.2198
vn -0.7767 0.5057 -0.3753
vn -0.8824 0.3569 -0.3065
vn -0.7531 0.4966 -0.4314
vn -0.8520 0.3493 -0.3901
vn -0.7243 0.4897 -0.4854
vn -0.8132 0.3435 -0.4698
vn -0.6905 0.4849 -0.5367
vn -0.7667 0.3395 -0.5449
vn -0.6521 0.4822 -0.5850
vn -0.7129 0.3372 -0.6148
vn -0.6096 0.4815 -0.6297
vn -0.6525 0.3366 -0.6789
vn -0.5634 0.4829 -0.6704
vn -0.5859 0.3378 -0.7367
vn -0.5137 0.4863 -0.7069
vn -0.5137 0.3406 -0.7875
vn -0.4612 0.4917 -0.7386
vn -0.4366 0.3452 -0.8308
vn -0.4062 0.4993 -0.7653
vn -0.3553 0.3515 -0.8661
vn -0.3494 0.5091 -0.7866
vn -0.2704 0.3597 -0.8930
vn -0.2911 0.5213 -0.8022
vn -0.1826 0.3699 -0.9109
vn -0.2320 0.5359 -0.8117
vn -0.0928 0.3822 -0.9194
vn -0.1728 0.5532 -0.8149
vn -0.0016 0.3966 -0.9180
vn -0.1142 0.5733 -0.8114
vn 0.0900 0.4135 -0.9060
vn -0.0569 0.5963 -0.8007
vn 0.1810 0.4329 -0.8831
vn -0.0019 0.6225 -0.7826
vn 0.2704 0.4551 -0.8484
vn 0.0498 0.6520 -0.7566
vn 0.3569 0.4803 -0.8012
vn 0.0969 0.6850 -0.7221
vn 0.4388 0.5086 -0.7408
vn 0.1379 0.7213 -0.6787
vn 0.5142 0.5401 -0.6662
vn 0.1712 0.7608 -0.6260
vn 0.5806 0.5747 -0.5767
vn 0.1946 0.8027 -0.5637
vn 0.6348 0.6121 -0.4715
vn 0.2058 0.8461 -0.4917
vn 0.6729 0.6514 -0.3505
vn 0.2025 0.8891 -0.4105
vn 0.6901 0.6911 -0.2148
vn 0.1825 0.9291 -0.3217
vn 0.6814 0.7288 -0.0670
vn 0.1444 0.9629 -0.2278
vn 0.6424 0.7614 0.0878
vn 0.0879 0.9872 -0.1329
vn 0.5704 0.7850 0.2416
vn 0.0150 0.9990 -0.0421
vn 0.4664 0.7967 0.3845
vn -0.0708 0.9967 0.0392
vn 0.3357 0.7944 0.5062
vn -0.1642 0.9807 0.1063
vn 0.1873 0.7786 0.5989
vn -0.2597 0.9530 0.1561
vn 0.0315 0.7517 0.6587
vn -0.3527 0.9168 0.1874
vn -0.1220 0.7172 0.6861
vn -0.4394 0.8755 0.2010
vn -0.2664 0.6785 0.6846
vn -0.5177 0.8322 0.1986
vn -0.3974 0.6387 0.6589
vn 0.1536 -0.0284 0.9877
vn 0.0202 -0.0324 0.9993
vn -0.0847 0.1361 0.9871
vn 0.0626 0.1420 0.9879
vn 0.3396 -0.4142 0.8445
vn 0.2640 -0.4244 0.8661
vn 0.1675 -0.2692 0.9484
vn 0.2698 -0.2620 0.9266
vn 0.1076 -0.4518 0.8856
vn 0.0281 -0.4694 0.8826
vn -0.1516 -0.3001 0.9418
vn -0.0443 -0.2882 0.9565
vn -0.0512 -0.4898 0.8704
vn -0.2582 -0.3137 0.9137
vn -0.3728 -0.0480 0.9267
vn -0.4918 0.1152 0.8630
vn -0.1294 -0.5132 0.8484
vn -0.3627 -0.3290 0.8719
vn -0.4939 -0.0541 0.8679
vn -0.6077 0.1078 0.7868
vn -0.2054 -0.5401 0.8162
vn -0.4637 -0.3462 0.8156
vn -0.6064 -0.0605 0.7929
vn -0.7105 0.1005 0.6965
vn -0.2779 -0.5705 0.7729
vn -0.5592 -0.3651 0.7443
vn -0.7082 -0.0671 0.7028
vn -0.7990 0.0933 0.5941
vn -0.3453 -0.6047 0.7177
vn -0.6471 -0.3857 0.6576
vn -0.7975 -0.0738 0.5988
vn -0.8721 0.0864 0.4817
vn -0.4057 -0.6428 0.6498
vn -0.7249 -0.4079 0.5551
vn -0.8723 -0.0805 0.4824
vn -0.9289 0.0798 0.3615
vn -0.4564 -0.6846 0.5684
vn -0.7894 -0.4314 0.4368
vn -0.9307 -0.0870 0.3554
vn -0.9691 0.0737 0.2356
vn -0.4944 -0.7294 0.4728
vn -0.8369 -0.4555 0.3034
vn -0.9710 -0.0933 0.2199
vn -0.9920 0.0682 0.1060
vn -0.5157 -0.7760 0.3631
vn -0.8634 -0.4796 0.1565
vn -0.9920 -0.0991 0.0785
vn -0.9977 0.0633 -0.0251
vn -0.5160 -0.8222 0.2403
vn -0.8647 -0.5023 -0.0010
vn -0.9923 -0.1044 -0.0662
vn -0.9861 0.0591 -0.1555
vn -0.4909 -0.8646 0.1074
vn -0.8369 -0.5222 -0.1640
vn -0.9714 -0.1089 -0.2110
vn -0.9575 0.0555 -0.2831
vn -0.4373 -0.8988 -0.0301
vn -0.7776 -0.5377 -0.3260
vn -0.9290 -0.1125 -0.3525
vn -0.9125 0.0528 -0.4058
vn -0.3545 -0.9205 -0.1643
vn -0.6866 -0.5472 -0.4787
vn -0.8657 -0.1151 -0.4872
vn -0.8517 0.0508 -0.5215
vn -0.2459 -0.9263 -0.2856
vn -0.5669 -0.5497 -0.6136
vn -0.7826 -0.1167 -0.6115
vn -0.7764 0.0497 -0.6283
vn -0.1185 -0.9152 -0.3853
vn -0.4243 -0.5449 -0.7232
vn -0.6815 -0.1170 -0.7224
vn -0.6878 0.0494 -0.7243
vn 0.0184 -0.8890 -0.4575
vn -0.2669 -0.5333 -0.8027
vn -0.5651 -0.1163 -0.8168
vn -0.5873 0.0500 -0.8078
vn 0.1556 -0.8517 -0.5004
vn -0.1033 -0.5162 -0.8502
vn -0.4363 -0.1144 -0.8925
vn -0.4768 0.0514 -0.8775
vn 0.2859 -0.8077 -0.5157
vn 0.0588 -0.4952 -0.8668
vn -0.2985 -0.1114 -0.9479
vn -0.3581 0.0536 -0.9322
vn 0.4047 -0.7610 -0.5070
vn 0.2132 -0.4720 -0.8555
vn -0.1553 -0.1075 -0.9820
vn -0.2332 0.0566 -0.9708
vn 0.5097 -0.7148 -0.4789
vn 0.3557 -0.4478 -0.8203
vn -0.0100 -0.1028 -0.9947
vn -0.1042 0.0603 -0.9927
vn 0.6003 -0.6708 -0.4356
vn 0.4839 -0.4238 -0.7657
vn 0.1339 -0.0973 -0.9862
vn 0.0267 0.0648 -0.9975
vn 0.6767 -0.6302 -0.3807
vn 0.5965 -0.4007 -0.6955
vn 0.2735 -0.0913 -0.9575
vn 0.1574 0.0699 -0.9851
vn 0.7398 -0.5933 -0.3172
vn 0.6931 -0.3789 -0.6132
vn 0.4060 -0.0850 -0.9099
vn 0.2857 0.0756 -0.9553
vn 0.7904 -0.5603 -0.2475
vn 0.7739 -0.3588 -0.5218
vn 0.5292 -0.0784 -0.8449
vn 0.4096 0.0819 -0.9086
vn 0.8294 -0.5311 -0.1733
vn 0.8394 -0.3405 -0.4237
vn 0.6410 -0.0717 -0.7642
vn 0.5269 0.0885 -0.8453
vn 0.8575 -0.5054 -0.0962
vn 0.8900 -0.3239 -0.3209
vn 0.7398 -0.0650 -0.6697
vn 0.6355 0.0956 -0.7661
vn 0.8755 -0.4829 -0.0174
vn 0.9263 -0.3092 -0.2152
vn 0.8241 -0.0584 -0.5634
vn 0.7334 0.1028 -0.6720
vn 0.8839 -0.4635 0.0622
vn 0.9490 -0.2961 -0.1080
vn 0.8929 -0.0521 -0.4472
vn 0.8184 0.1102 -0.5640
vn 0.8834 -0.4468 0.1416
vn 0.9586 -0.2848 -0.0006
vn 0.9451 -0.0461 -0.3234
vn 0.8885 0.1176 -0.4436
vn 0.8743 -0.4326 0.2200
vn 0.9556 -0.2750 0.1057
vn 0.9802 -0.0406 -0.1939
vn 0.9416 0.1248 -0.3126
vn 0.8572 -0.4209 0.2969
vn 0.9406 -0.2668 0.2098
vn 0.9975 -0.0355 -0.0611
vn 0.9760 0.1317 -0.1732
vn 0.8324 -0.4114 0.3714
vn 0.9142 -0.2600 0.3108
vn 0.9969 -0.0311 0.0728
vn 0.9900 0.1381 -0.0281
vn 0.8004 -0.4039 0.4429
vn 0.8769 -0.2547 0.4075
vn 0.9783 -0.0273 0.2055
vn 0.9824 0.1437 0.1196
vn 0.7616 -0.3985 0.5110
vn 0.8294 -0.2508 0.4992
vn 0.9421 -0.0242 0.3345
vn 0.9523 0.1485 0.2666
vn 0.7165 -0.3951 0.5749
vn 0.7722 -0.2483 0.5848
vn 0.8888 -0.0219 0.4577
vn 0.8998 0.1522 0.4089
vn 0.6655 -0.3935 0.6342
vn 0.7062 -0.2472 0.6635
vn 0.8195 -0.0204 0.5728
vn 0.8256 0.1547 0.5426
vn 0.6091 -0.3938 0.6884
vn 0.6319 -0.2474 0.7345
vn 0.7353 -0.0197 0.6775
vn 0.7313 0.1558 0.6640
vn 0.5478 -0.3960 0.7370
vn 0.5503 -0.2490 0.7970
vn 0.6377 -0.0198 0.7700
vn 0.6193 0.1556 0.7696
vn 0.4820 -0.4000 0.7795
vn 0.4622 -0.2519 0.8503
vn 0.5287 -0.0208 0.8486
vn 0.4926 0.1540 0.8565
vn 0.4124 -0.4061 0.8155
vn 0.3684 -0.2563 0.8937
vn 0.4102 -0.0226 0.9117
vn 0.3551 0.1511 0.9225
vn 0.2844 -0.0251 0.9584
vn 0.2104 0.1471 0.9665
vn 0.1865 -0.4369 0.8800
vn 0.0624 -0.2779 0.9586
vn 0.5303 -0.3900 -0.7528
vn 0.6375 -0.3691 -0.6763
vn 0.7086 -0.5963 -0.3772
vn 0.6362 -0.6343 -0.4392
vn -0.0396 -0.4760 -0.8785
vn 0.2029 -0.8111 -0.5486
vn -0.2032 -0.4933 -0.8458
vn 0.0640 -0.8516 -0.5203
vn -0.3640 -0.5063 -0.7818
vn -0.0784 -0.8833 -0.4622
vn -0.5140 -0.5138 -0.6870
vn -0.2156 -0.9019 -0.3742
vn -0.6451 -0.5148 -0.5647
vn -0.3377 -0.9046 -0.2601
vn -0.7506 -0.5094 -0.4209
vn -0.4360 -0.8908 -0.1276
vn -0.8262 -0.4980 -0.2634
vn -0.5052 -0.8629 0.0135
vn -0.8704 -0.4820 -0.1003
vn -0.5441 -0.8247 0.1540
vn -0.8845 -0.4625 0.0609
vn -0.5551 -0.7808 0.2867
vn -0.8714 -0.4411 0.2147
vn -0.5421 -0.7350 0.4073
vn -0.8349 -0.4189 0.3569
vn -0.5100 -0.6899 0.5138
vn -0.7792 -0.3969 0.4851
vn -0.4630 -0.6473 0.6056
vn -0.7080 -0.3756 0.5980
vn -0.4046 -0.6081 0.6830
vn -0.6246 -0.3556 0.6952
vn -0.3380 -0.5726 0.7469
vn -0.5320 -0.3371 0.7767
vn -0.2652 -0.5409 0.7982
vn -0.4326 -0.3201 0.8429
vn -0.1883 -0.5128 0.8376
vn -0.3283 -0.3047 0.8941
vn -0.1085 -0.4882 0.8660
vn -0.2209 -0.2910 0.9309
vn -0.0271 -0.4667 0.8840
vn -0.1119 -0.2789 0.9538
vn 0.0549 -0.4481 0.8923
vn -0.0027 -0.2683 0.9633
vn 0.1366 -0.4322 0.8914
vn 0.1055 -0.2592 0.9600
vn 0.2172 -0.4187 0.8818
vn 0.2114 -0.2516 0.9444
vn 0.2960 -0.4076 0.8639
vn 0.3142 -0.2454 0.9171
vn 0.3724 -0.3986 0.8381
vn 0.4126 -0.2405 0.8786
vn 0.4457 -0.3917 0.8050
vn 0.5056 -0.2370 0.8295
vn 0.5152 -0.3867 0.7649
vn 0.5925 -0.2349 0.7706
vn 0.5805 -0.3836 0.7182
vn 0.6721 -0.2340 0.7025
vn 0.6410 -0.3824 0.6655
vn 0.7437 -0.2344 0.6261
vn 0.6961 -0.3830 0.6073
vn 0.8065 -0.2362 0.5421
vn 0.7453 -0.3855 0.5439
vn 0.8596 -0.2393 0.4514
vn 0.7883 -0.3899 0.4761
vn 0.9025 -0.2437 0.3550
vn 0.8244 -0.3962 0.4043
vn 0.9345 -0.2495 0.2539
vn 0.8533 -0.4045 0.3291
vn 0.9550 -0.2566 0.1490
vn 0.8745 -0.4149 0.2512
vn 0.9633 -0.2652 0.0415
vn 0.8876 -0.4276 0.1712
vn 0.9590 -0.2753 -0.0675
vn 0.8922 -0.4427 0.0898
vn 0.9415 -0.2870 -0.1769
vn 0.8877 -0.4604 0.0078
vn 0.9102 -0.3002 -0.2853
vn 0.8736 -0.4810 -0.0740
vn 0.8647 -0.3150 -0.3912
vn 0.8494 -0.5046 -0.1547
vn 0.8044 -0.3314 -0.4930
vn 0.8144 -0.5315 -0.2330
vn 0.7288 -0.3495 -0.5888
vn 0.7677 -0.5620 -0.3078
vn 0.4075 -0.4118 -0.8151
vn 0.5496 -0.6759 -0.4910
vn 0.0595 -0.0957 -0.9936
vn -0.0387 0.0622 -0.9973
vn 0.0924 0.0670 -0.9935
vn 0.2015 -0.0901 -0.9753
vn -0.2294 -0.1050 -0.9677
vn -0.2961 0.0547 -0.9536
vn -0.1689 0.0581 -0.9839
vn -0.0851 -0.1007 -0.9913
vn -0.3699 -0.1084 -0.9227
vn -0.4182 0.0521 -0.9068
vn -0.5031 -0.1108 -0.8571
vn -0.5331 0.0503 -0.8445
vn -0.6257 -0.1121 -0.7720
vn -0.6389 0.0493 -0.7677
vn -0.7344 -0.1123 -0.6694
vn -0.7337 0.0492 -0.6777
vn -0.8265 -0.1113 -0.5518
vn -0.8159 0.0499 -0.5761
vn -0.8998 -0.1093 -0.4223
vn -0.8841 0.0514 -0.4645
vn -0.9528 -0.1062 -0.2843
vn -0.9370 0.0538 -0.3450
vn -0.9847 -0.1022 -0.1411
vn -0.9739 0.0569 -0.2196
vn -0.9952 -0.0974 0.0037
vn -0.9941 0.0608 -0.0903
vn -0.9849 -0.0919 0.1469
vn -0.9970 0.0654 0.0407
vn -0.9545 -0.0860 0.2856
vn -0.9827 0.0706 0.1713
vn -0.9053 -0.0796 0.4171
vn -0.9511 0.0764 0.2994
vn -0.8390 -0.0731 0.5392
vn -0.9025 0.0827 0.4227
vn -0.7571 -0.0664 0.6499
vn -0.8374 0.0895 0.5393
vn -0.6616 -0.0598 0.7475
vn -0.7565 0.0965 0.6469
vn -0.5543 -0.0533 0.8306
vn -0.6606 0.1038 0.7435
vn -0.4373 -0.0471 0.8981
vn -0.5511 0.1112 0.8270
vn -0.3127 -0.0412 0.9490
vn -0.4293 0.1186 0.8954
vn -0.1826 -0.0358 0.9825
vn -0.2971 0.1257 0.9465
vn -0.0493 -0.0309 0.9983
vn -0.1568 0.1325 0.9787
vn 0.0849 -0.0265 0.9960
vn -0.0111 0.1388 0.9903
vn 0.2177 -0.0229 0.9757
vn 0.1369 0.1443 0.9800
vn 0.3468 -0.0199 0.9377
vn 0.2836 0.1489 0.9473
vn 0.4697 -0.0177 0.8827
vn 0.4251 0.1523 0.8922
vn 0.5841 -0.0164 0.8115
vn 0.5576 0.1546 0.8156
vn 0.6880 -0.0158 0.7255
vn 0.6773 0.1555 0.7190
vn 0.7794 -0.0161 0.6263
vn 0.7808 0.1550 0.6052
vn 0.8566 -0.0172 0.5157
vn 0.8653 0.1532 0.4772
vn 0.9181 -0.0191 0.3959
vn 0.9288 0.1501 0.3387
vn 0.9629 -0.0219 0.2690
vn 0.9702 0.1459 0.1936
vn 0.9902 -0.0253 0.1374
vn 0.9890 0.1406 0.0459
vn 0.9996 -0.0294 0.0034
vn 0.9857 0.1346 -0.1010
vn 0.9909 -0.0342 -0.1305
vn 0.9614 0.1279 -0.2436
vn 0.9642 -0.0394 -0.2622
vn 0.9174 0.1209 -0.3791
vn 0.9200 -0.0452 -0.3892
vn 0.8556 0.1136 -0.5050
vn 0.8590 -0.0513 -0.5094
vn 0.7779 0.1062 -0.6194
vn 0.7818 -0.0577 -0.6208
vn 0.6862 0.0988 -0.7207
vn 0.6897 -0.0643 -0.7212
vn 0.5827 0.0917 -0.8075
vn 0.5839 -0.0709 -0.8087
vn 0.4695 0.0848 -0.8789
vn 0.4660 -0.0775 -0.8814
vn 0.3486 0.0784 -0.9340
vn 0.3378 -0.0840 -0.9375
vn 0.2222 0.0724 -0.9723
vn -0.1500 0.2411 -0.9588
vn -0.0407 0.2491 -0.9676
vn 0.0702 0.2585 -0.9635
vn 0.1813 0.2693 -0.9458
vn 0.2913 0.2815 -0.9143
vn 0.3987 0.2953 -0.8682
vn 0.5019 0.3105 -0.8073
vn 0.5988 0.3272 -0.7310
vn 0.6873 0.3452 -0.6392
vn 0.7646 0.3644 -0.5316
vn 0.8278 0.3844 -0.4087
vn 0.8732 0.4047 -0.2715
vn 0.8971 0.4246 -0.1220
vn 0.8957 0.4433 0.0365
vn 0.8656 0.4594 0.1991
vn 0.8052 0.4717 0.3594
vn 0.7144 0.4793 0.5098
vn 0.5962 0.4813 0.6426
vn 0.4559 0.4775 0.7511
vn 0.3007 0.4683 0.8308
vn 0.1384 0.4545 0.8799
vn -0.0237 0.4375 0.8989
vn -0.1798 0.4184 0.8903
vn -0.3253 0.3982 0.8577
vn -0.4576 0.3779 0.8049
vn -0.5749 0.3581 0.7357
vn -0.6767 0.3393 0.6534
vn -0.7627 0.3217 0.5611
vn -0.8330 0.3055 0.4613
vn -0.8881 0.2907 0.3561
vn -0.9284 0.2775 0.2472
vn -0.9544 0.2657 0.1365
vn -0.9665 0.2553 0.0252
vn -0.9654 0.2464 -0.0853
vn -0.9515 0.2388 -0.1938
vn -0.9254 0.2326 -0.2991
vn -0.8877 0.2278 -0.4001
vn -0.8391 0.2242 -0.4957
vn -0.7801 0.2218 -0.5850
vn -0.7116 0.2208 -0.6670
vn -0.6344 0.2210 -0.7407
vn -0.5493 0.2224 -0.8054
vn -0.4574 0.2252 -0.8603
vn -0.3595 0.2292 -0.9046
vn -0.2566 0.2345 -0.9376
vn -0.2552 0.4102 0.8756
vn -0.3943 0.3897 0.8323
vn -0.5191 0.3695 0.7707
vn -0.6285 0.3500 0.6946
vn -0.7222 0.3317 0.6070
vn -0.8001 0.3147 0.5107
vn -0.8626 0.2991 0.4080
vn -0.9101 0.2851 0.3008
vn -0.9430 0.2725 0.1909
vn -0.9619 0.2614 0.0798
vn -0.9673 0.2517 -0.0311
vn -0.9597 0.2435 -0.1406
vn -0.9396 0.2366 -0.2474
vn -0.9076 0.2310 -0.3505
vn -0.8644 0.2268 -0.4488
vn -0.8105 0.2238 -0.5413
vn -0.7468 0.2221 -0.6269
vn -0.6739 0.2217 -0.7048
vn -0.5928 0.2225 -0.7740
vn -0.5043 0.2246 -0.8338
vn -0.4093 0.2280 -0.8834
vn -0.3090 0.2327 -0.9222
vn -0.2043 0.2386 -0.9494
vn -0.0963 0.2460 -0.9645
vn 0.0138 0.2547 -0.9669
vn 0.1248 0.2648 -0.9562
vn 0.2354 0.2764 -0.9318
vn 0.3442 0.2894 -0.8932
vn 0.4496 0.3040 -0.8399
vn 0.5499 0.3200 -0.7715
vn 0.6429 0.3374 -0.6877
vn 0.7261 0.3561 -0.5881
vn 0.7969 0.3759 -0.4730
vn 0.8517 0.3963 -0.3429
vn 0.8869 0.4167 -0.1993
vn 0.8987 0.4362 -0.0448
vn 0.8834 0.4539 0.1165
vn 0.8384 0.4684 0.2789
vn 0.7626 0.4785 0.4353
vn 0.6575 0.4834 0.5779
vn 0.5274 0.4825 0.6993
vn 0.3786 0.4758 0.7939
vn 0.2188 0.4641 0.8583
vn 0.0557 0.4485 0.8921
vn -0.1040 0.4301 0.8968
vn -0.5281 0.8489 -0.0202
vn -0.4738 0.8803 -0.0260
vn -0.4048 0.5703 -0.7148
vn -0.3613 0.5808 -0.7295
vn -0.4147 0.9090 -0.0423
vn -0.4473 0.5620 -0.6957
vn -0.3525 0.9332 -0.0696
vn -0.4885 0.5557 -0.6727
vn -0.2893 0.9512 -0.1076
vn -0.5279 0.5515 -0.6459
vn -0.2275 0.9614 -0.1550
vn -0.5651 0.5492 -0.6157
vn -0.1699 0.9628 -0.2101
vn -0.5997 0.5489 -0.5824
vn -0.1192 0.9554 -0.2704
vn -0.6313 0.5505 -0.5463
vn -0.0774 0.9397 -0.3331
vn -0.6596 0.5541 -0.5078
vn -0.0460 0.9173 -0.3956
vn -0.6842 0.5598 -0.4674
vn -0.0256 0.8898 -0.4556
vn -0.7050 0.5674 -0.4254
vn -0.0160 0.8591 -0.5115
vn -0.7216 0.5772 -0.3824
vn -0.0165 0.8269 -0.5621
vn -0.7336 0.5891 -0.3387
vn -0.0260 0.7945 -0.6067
vn -0.7410 0.6033 -0.2950
vn -0.0436 0.7629 -0.6450
vn -0.7433 0.6198 -0.2518
vn -0.0678 0.7329 -0.6770
vn -0.7404 0.6386 -0.2098
vn -0.0976 0.7049 -0.7026
vn -0.7319 0.6599 -0.1698
vn -0.1319 0.6792 -0.7220
vn -0.7177 0.6836 -0.1324
vn -0.1696 0.6559 -0.7356
vn -0.6975 0.7098 -0.0987
vn -0.2100 0.6350 -0.7434
vn -0.6710 0.7382 -0.0696
vn -0.2522 0.6166 -0.7458
vn -0.6382 0.7685 -0.0461
vn -0.2956 0.6006 -0.7429
vn -0.5989 0.8003 -0.0296
vn -0.3394 0.5868 -0.7352
vn -0.5532 0.8328 -0.0211
vn -0.3831 0.5753 -0.7227
vn -0.5016 0.8648 -0.0218
vn -0.4262 0.5659 -0.7058
vn -0.4448 0.8950 -0.0328
vn -0.4681 0.5586 -0.6847
vn -0.3839 0.9218 -0.0546
vn -0.5085 0.5533 -0.6597
vn -0.3209 0.9431 -0.0873
vn -0.5468 0.5501 -0.6312
vn -0.2580 0.9573 -0.1302
vn -0.5827 0.5488 -0.5994
vn -0.1980 0.9632 -0.1818
vn -0.6159 0.5495 -0.5646
vn -0.1435 0.9602 -0.2398
vn -0.6458 0.5521 -0.5273
vn -0.0970 0.9485 -0.3016
vn -0.6724 0.5567 -0.4879
vn -0.0604 0.9293 -0.3645
vn -0.6951 0.5633 -0.4466
vn -0.0344 0.9041 -0.4260
vn -0.7138 0.5720 -0.4040
vn -0.0195 0.8748 -0.4842
vn -0.7282 0.5829 -0.3606
vn -0.0150 0.8431 -0.5375
vn -0.7379 0.5959 -0.3168
vn -0.0202 0.8106 -0.5852
vn -0.7428 0.6112 -0.2733
vn -0.0339 0.7785 -0.6267
vn -0.7425 0.6289 -0.2306
vn -0.0549 0.7477 -0.6618
vn -0.7369 0.6489 -0.1895
vn -0.0821 0.7186 -0.6905
vn -0.7256 0.6715 -0.1507
vn -0.1142 0.6917 -0.7130
vn -0.7084 0.6964 -0.1151
vn -0.1504 0.6672 -0.7295
vn -0.6850 0.7237 -0.0835
vn -0.1896 0.6452 -0.7402
vn -0.6554 0.7531 -0.0571
vn -0.2310 0.6255 -0.7452
vn -0.6193 0.7842 -0.0369
vn -0.2738 0.6083 -0.7450
vn -0.5768 0.8165 -0.0242
vn -0.3175 0.5934 -0.7397
vn 0.3086 -0.2523 -0.9171
vn 0.1641 -0.2638 -0.9505
vn 0.4424 -0.2406 -0.8640
vn 0.5634 -0.2288 -0.7939
vn 0.6704 -0.2173 -0.7095
vn 0.7622 -0.2062 -0.6136
vn 0.8386 -0.1958 -0.5084
vn 0.8991 -0.1861 -0.3962
vn 0.9438 -0.1771 -0.2790
vn 0.9727 -0.1691 -0.1587
vn 0.9861 -0.1620 -0.0370
vn 0.9842 -0.1558 0.0842
vn 0.9674 -0.1505 0.2035
vn 0.9364 -0.1462 0.3192
vn 0.8916 -0.1429 0.4298
vn 0.8338 -0.1406 0.5338
vn 0.7640 -0.1392 0.6300
vn 0.6832 -0.1389 0.7169
vn 0.5924 -0.1395 0.7935
vn 0.4929 -0.1412 0.8585
vn 0.3861 -0.1438 0.9112
vn 0.2733 -0.1475 0.9505
vn 0.1561 -0.1521 0.9760
vn 0.0359 -0.1576 0.9868
vn -0.0856 -0.1641 0.9827
vn -0.2068 -0.1716 0.9632
vn -0.3260 -0.1799 0.9281
vn -0.4413 -0.1891 0.8772
vn -0.5509 -0.1990 0.8105
vn -0.6525 -0.2097 0.7282
vn -0.7441 -0.2209 0.6305
vn -0.8231 -0.2325 0.5182
vn -0.8868 -0.2443 0.3922
vn -0.9326 -0.2560 0.2543
vn -0.9577 -0.2673 0.1067
vn -0.9595 -0.2776 -0.0474
vn -0.9361 -0.2866 -0.2038
vn -0.8864 -0.2938 -0.3578
vn -0.8105 -0.2987 -0.5039
vn -0.7101 -0.3010 -0.6365
vn -0.5885 -0.3005 -0.7506
vn -0.4501 -0.2974 -0.8420
vn -0.3003 -0.2917 -0.9082
vn -0.1445 -0.2839 -0.9479
vn 0.0118 -0.2744 -0.9615
vn -0.0169 -0.1716 0.9850
vn 0.1029 -0.1654 0.9809
vn -0.1373 -0.1788 0.9743
vn -0.2567 -0.1870 0.9482
vn -0.3735 -0.1962 0.9066
vn -0.4858 -0.2062 0.8494
vn -0.5917 -0.2170 0.7764
vn -0.6889 -0.2285 0.6879
vn -0.7751 -0.2406 0.5842
vn -0.8478 -0.2531 0.4660
vn -0.9041 -0.2657 0.3346
vn -0.9412 -0.2781 0.1918
vn -0.9562 -0.2898 0.0404
vn -0.9467 -0.3003 -0.1161
vn -0.9110 -0.3092 -0.2731
vn -0.8482 -0.3158 -0.4252
vn -0.7594 -0.3197 -0.5666
vn -0.6470 -0.3208 -0.6917
vn -0.5151 -0.3188 -0.7956
vn -0.3689 -0.3139 -0.8749
vn -0.2141 -0.3066 -0.9275
vn -0.0564 -0.2971 -0.9532
vn 0.0989 -0.2862 -0.9531
vn 0.2477 -0.2742 -0.9292
vn 0.3867 -0.2617 -0.8843
vn 0.5134 -0.2491 -0.8212
vn 0.6263 -0.2367 -0.7428
vn 0.7243 -0.2248 -0.6518
vn 0.8069 -0.2134 -0.5508
vn 0.8738 -0.2029 -0.4420
vn 0.9249 -0.1931 -0.3275
vn 0.9603 -0.1843 -0.2093
vn 0.9803 -0.1764 -0.0892
vn 0.9850 -0.1695 0.0313
vn 0.9750 -0.1636 0.1503
vn 0.9507 -0.1586 0.2666
vn 0.9126 -0.1547 0.3784
vn 0.8615 -0.1518 0.4845
vn 0.7982 -0.1499 0.5835
vn 0.7236 -0.1491 0.6740
vn 0.6386 -0.1492 0.7549
vn 0.5446 -0.1504 0.8251
vn 0.4426 -0.1526 0.8836
vn 0.3341 -0.1559 0.9296
vn 0.2204 -0.1601 0.9622
vn 0.3723 -0.4902 0.7881
vn 0.3118 -0.5012 0.8072
vn 0.5092 -0.8184 -0.2663
vn 0.4233 -0.8641 -0.2723
vn 0.4309 -0.4815 0.7632
vn 0.3279 -0.9080 -0.2607
vn 0.4872 -0.4750 0.7328
vn 0.2253 -0.9469 -0.2294
vn 0.5407 -0.4706 0.6972
vn 0.1196 -0.9769 -0.1771
vn 0.5908 -0.4683 0.6570
vn 0.0164 -0.9944 -0.1047
vn 0.6372 -0.4680 0.6124
vn -0.0777 -0.9969 -0.0157
vn 0.6794 -0.4697 0.5638
vn -0.1568 -0.9840 0.0845
vn 0.7170 -0.4734 0.5117
vn -0.2168 -0.9577 0.1894
vn 0.7496 -0.4792 0.4566
vn -0.2558 -0.9212 0.2932
vn 0.7769 -0.4872 0.3989
vn -0.2744 -0.8785 0.3911
vn 0.7985 -0.4974 0.3391
vn -0.2747 -0.8331 0.4802
vn 0.8141 -0.5100 0.2779
vn -0.2592 -0.7877 0.5589
vn 0.8233 -0.5251 0.2158
vn -0.2309 -0.7441 0.6269
vn 0.8257 -0.5428 0.1534
vn -0.1925 -0.7034 0.6842
vn 0.8211 -0.5635 0.0916
vn -0.1461 -0.6663 0.7313
vn 0.8089 -0.5872 0.0310
vn -0.0936 -0.6328 0.7687
vn 0.7887 -0.6142 -0.0273
vn -0.0366 -0.6029 0.7970
vn 0.7601 -0.6446 -0.0822
vn 0.0235 -0.5764 0.8168
vn 0.7224 -0.6787 -0.1324
vn 0.0858 -0.5533 0.8286
vn 0.6752 -0.7163 -0.1763
vn 0.1493 -0.5332 0.8327
vn 0.6179 -0.7572 -0.2121
vn 0.2131 -0.5159 0.8297
vn 0.5500 -0.8007 -0.2374
vn 0.2766 -0.5013 0.8199
vn 0.4716 -0.8457 -0.2497
vn 0.3390 -0.4892 0.8036
vn 0.3833 -0.8902 -0.2464
vn 0.3999 -0.4794 0.7812
vn 0.2867 -0.9313 -0.2248
vn 0.4586 -0.4719 0.7530
vn 0.1850 -0.9655 -0.1833
vn 0.5146 -0.4665 0.7195
vn 0.0829 -0.9891 -0.1219
vn 0.5674 -0.4631 0.6809
vn -0.0137 -0.9990 -0.0426
vn 0.6166 -0.4618 0.6376
vn -0.0988 -0.9938 0.0501
vn 0.6618 -0.4625 0.5901
vn -0.1672 -0.9744 0.1505
vn 0.7024 -0.4652 0.5388
vn -0.2162 -0.9432 0.2524
vn 0.7381 -0.4699 0.4841
vn -0.2450 -0.9038 0.3508
vn 0.7686 -0.4768 0.4265
vn -0.2548 -0.8601 0.4419
vn 0.7935 -0.4858 0.3665
vn -0.2480 -0.8150 0.5236
vn 0.8124 -0.4972 0.3046
vn -0.2273 -0.7708 0.5951
vn 0.8250 -0.5110 0.2415
vn -0.1952 -0.7290 0.6561
vn 0.8308 -0.5274 0.1778
vn -0.1541 -0.6903 0.7069
vn 0.8296 -0.5465 0.1141
vn -0.1061 -0.6551 0.7480
vn 0.8210 -0.5687 0.0513
vn -0.0529 -0.6235 0.7800
vn 0.8044 -0.5940 -0.0098
vn 0.0042 -0.5954 0.8034
vn 0.7794 -0.6228 -0.0682
vn 0.0640 -0.5707 0.8187
vn 0.7455 -0.6551 -0.1226
vn 0.1254 -0.5491 0.8263
vn 0.7021 -0.6912 -0.1715
vn 0.1877 -0.5304 0.8267
vn 0.6485 -0.7307 -0.2133
vn 0.2501 -0.5145 0.8202
vn 0.5843 -0.7734 -0.2457
vn -0.1139 -0.4534 -0.8840
vn -0.2946 -0.7411 -0.6033
vn -0.4184 -0.6963 -0.5832
vn -0.2643 -0.4316 -0.8625
vn 0.0388 0.3859 -0.9217
vn 0.1643 0.5227 -0.8365
vn 0.2315 0.5070 -0.8303
vn 0.1304 0.3724 -0.9188
vn -0.0536 0.4018 -0.9142
vn -0.0272 0.4520 -0.8916
vn -0.1457 0.4203 -0.8956
vn -0.1093 0.4723 -0.8747
vn -0.2365 0.4418 -0.8654
vn -0.1896 0.4953 -0.8478
vn -0.3243 0.4665 -0.8229
vn -0.2671 0.5213 -0.8105
vn -0.4071 0.4950 -0.7677
vn -0.3407 0.5505 -0.7621
vn -0.4820 0.5276 -0.6995
vn -0.4088 0.5830 -0.7021
vn -0.4570 0.6108 -0.6466
vn -0.4696 0.6188 -0.6298
vn -0.5145 0.6524 -0.5565
vn -0.5200 0.6571 -0.5457
vn -0.5571 0.6962 -0.4527
vn -0.5575 0.6967 -0.4515
vn -0.5819 0.7415 -0.3339
vn -0.5805 0.7374 -0.3453
vn -0.5838 0.7872 -0.1986
vn -0.5856 0.7790 -0.2240
vn -0.6657 0.7462 -0.0050
vn -0.5671 0.8187 -0.0903
vn -0.6180 0.7709 0.1544
vn -0.5210 0.8521 0.0495
vn -0.5346 0.7868 0.3085
vn -0.4458 0.8752 0.1878
vn -0.4191 0.7906 0.4465
vn -0.3429 0.8847 0.3158
vn -0.2793 0.7812 0.5584
vn -0.2178 0.8789 0.4244
vn -0.1256 0.7596 0.6381
vn -0.0787 0.8585 0.5067
vn 0.0313 0.7288 0.6840
vn 0.2495 0.9329 0.2595
vn 0.1827 0.6922 0.6982
vn 0.3563 0.8911 0.2809
vn 0.3227 0.6531 0.6851
vn 0.4525 0.8457 0.2827
vn 0.4481 0.6139 0.6499
vn 0.5370 0.7998 0.2682
vn 0.5575 0.5764 0.5974
vn 0.6095 0.7555 0.2405
vn 0.6510 0.5414 0.5320
vn 0.6704 0.7139 0.2024
vn 0.7291 0.5094 0.4570
vn 0.7205 0.6756 0.1563
vn 0.7927 0.4806 0.3751
vn 0.7605 0.6409 0.1041
vn 0.8426 0.4548 0.2883
vn 0.7912 0.6097 0.0476
vn 0.8798 0.4319 0.1985
vn 0.8133 0.5817 -0.0122
vn 0.9051 0.4115 0.1069
vn 0.8275 0.5566 -0.0738
vn 0.9192 0.3934 0.0147
vn 0.8345 0.5338 -0.1366
vn 0.9229 0.3772 -0.0772
vn 0.8349 0.5128 -0.1999
vn 0.9164 0.3632 -0.1685
vn 0.8282 0.4942 -0.2645
vn 0.8993 0.3525 -0.2589
vn 0.8120 0.4808 -0.3309
vn 0.8720 0.3453 -0.3470
vn 0.7866 0.4732 -0.3967
vn 0.8359 0.3401 -0.4308
vn 0.7553 0.4681 -0.4586
vn 0.7921 0.3361 -0.5096
vn 0.7197 0.4642 -0.5162
vn 0.7408 0.3336 -0.5830
vn 0.6799 0.4616 -0.5698
vn 0.6827 0.3325 -0.6507
vn 0.6358 0.4606 -0.6194
vn 0.6182 0.3330 -0.7120
vn 0.5876 0.4613 -0.6648
vn 0.5478 0.3351 -0.7666
vn 0.5357 0.4638 -0.7057
vn 0.4722 0.3389 -0.8137
vn 0.4803 0.4682 -0.7417
vn 0.3919 0.3445 -0.8531
vn 0.4218 0.4746 -0.7726
vn 0.3078 0.3519 -0.8840
vn 0.3606 0.4831 -0.7979
vn 0.2203 0.3611 -0.9061
vn 0.2970 0.4938 -0.8172
vn 0.1138 -0.0376 0.9928
vn 0.2279 0.1270 0.9654
vn 0.3642 0.1187 0.9237
vn 0.2456 -0.0435 0.9684
vn 0.6540 0.7296 0.1997
vn 0.6131 0.5600 0.5572
vn 0.5134 0.5966 0.6168
vn 0.5921 0.7714 0.2333
vn 0.7055 0.6910 0.1574
vn 0.6973 0.5264 0.4865
vn 0.7471 0.6558 0.1083
vn 0.7666 0.4961 0.4076
vn 0.7793 0.6244 0.0540
vn 0.8220 0.4690 0.3230
vn 0.8025 0.5966 -0.0042
vn 0.8642 0.4451 0.2345
vn 0.8173 0.5725 -0.0651
vn 0.8941 0.4243 0.1434
vn 0.8239 0.5521 -0.1279
vn 0.9122 0.4065 0.0511
vn 0.8225 0.5356 -0.1914
vn 0.9192 0.3916 -0.0414
vn 0.8136 0.5229 -0.2544
vn 0.9156 0.3795 -0.1328
vn 0.7997 0.5116 -0.3143
vn 0.9027 0.3690 -0.2216
vn 0.7833 0.4991 -0.3706
vn 0.8816 0.3588 -0.3068
vn 0.7625 0.4870 -0.4259
vn 0.8522 0.3498 -0.3890
vn 0.7353 0.4776 -0.4808
vn 0.8144 0.3429 -0.4682
vn 0.7019 0.4713 -0.5341
vn 0.7683 0.3383 -0.5434
vn 0.6630 0.4675 -0.5847
vn 0.7147 0.3356 -0.6136
vn 0.6193 0.4661 -0.6318
vn 0.6542 0.3349 -0.6781
vn 0.5714 0.4669 -0.6749
vn 0.5875 0.3359 -0.7362
vn 0.5197 0.4697 -0.7136
vn 0.5151 0.3388 -0.7873
vn 0.4648 0.4747 -0.7475
vn 0.4378 0.3434 -0.8309
vn 0.4071 0.4816 -0.7761
vn 0.3562 0.3498 -0.8665
vn 0.3473 0.4907 -0.7991
vn 0.2710 0.3582 -0.8935
vn 0.2858 0.5018 -0.8164
vn 0.1830 0.3685 -0.9114
vn 0.2231 0.5150 -0.8276
vn 0.0930 0.3810 -0.9199
vn 0.0703 0.4317 -0.8993
vn 0.0019 0.3957 -0.9184
vn -0.0158 0.4495 -0.8931
vn -0.0894 0.4130 -0.9063
vn -0.1021 0.4705 -0.8765
vn -0.1800 0.4329 -0.8833
vn -0.1877 0.4948 -0.8485
vn -0.2686 0.4557 -0.8486
vn -0.2712 0.5229 -0.8081
vn -0.3539 0.4818 -0.8016
vn -0.3507 0.5551 -0.7543
vn -0.4343 0.5114 -0.7415
vn -0.4238 0.5913 -0.6861
vn -0.5080 0.5446 -0.6673
vn -0.4874 0.6312 -0.6033
vn -0.4963 0.6377 -0.5891
vn -0.5379 0.6740 -0.5063
vn -0.5405 0.6768 -0.4998
vn -0.5720 0.7187 -0.3954
vn -0.5710 0.7168 -0.4001
vn -0.5861 0.7645 -0.2682
vn -0.5857 0.7582 -0.2865
vn -0.5742 0.8090 -0.1256
vn -0.6734 0.7356 -0.0733
vn -0.5304 0.8474 0.0263
vn -0.6364 0.7668 0.0836
vn -0.4521 0.8741 0.1776
vn -0.5662 0.7888 0.2394
vn -0.3420 0.8849 0.3163
vn -0.4635 0.7987 0.3837
vn -0.2078 0.8780 0.4312
vn -0.3339 0.7949 0.5066
vn -0.0604 0.8551 0.5149
vn -0.1862 0.7779 0.6002
vn 0.0889 0.8202 0.5652
vn -0.0309 0.7500 0.6607
vn 0.3435 0.9025 0.2599
vn 0.1224 0.7148 0.6886
vn 0.4363 0.8597 0.2656
vn 0.2667 0.6756 0.6873
vn 0.5195 0.8152 0.2560
vn 0.3977 0.6356 0.6617
vn -0.1539 -0.0278 0.9877
vn -0.0626 0.1426 0.9878
vn 0.0847 0.1350 0.9872
vn -0.0202 -0.0324 0.9993
vn -0.3393 -0.3997 0.8515
vn -0.2702 -0.2614 0.9267
vn -0.1676 -0.2688 0.9485
vn -0.2617 -0.4099 0.8738
vn -0.1019 -0.4372 0.8936
vn 0.0445 -0.2885 0.9565
vn 0.1518 -0.3008 0.9415
vn 0.0770 -0.3339 0.9395
vn 0.2583 -0.3150 0.9133
vn 0.1803 -0.3487 0.9197
vn 0.4912 0.1104 0.8640
vn 0.3731 -0.0498 0.9264
vn 0.3626 -0.3310 0.8712
vn 0.2828 -0.3657 0.8867
vn 0.6070 0.1022 0.7881
vn 0.4942 -0.0564 0.8675
vn 0.4633 -0.3490 0.8146
vn 0.3832 -0.3851 0.8396
vn 0.7099 0.0943 0.6980
vn 0.6066 -0.0633 0.7925
vn 0.5584 -0.3688 0.7431
vn 0.4800 -0.4070 0.7772
vn 0.7986 0.0869 0.5956
vn 0.7085 -0.0701 0.7022
vn 0.6460 -0.3900 0.6562
vn 0.5712 -0.4315 0.6982
vn 0.8720 0.0802 0.4829
vn 0.7979 -0.0768 0.5979
vn 0.7237 -0.4121 0.5536
vn 0.6545 -0.4589 0.6009
vn 0.9292 0.0747 0.3619
vn 0.8728 -0.0829 0.4811
vn 0.7886 -0.4341 0.4355
vn 0.7260 -0.4890 0.4835
vn 0.9695 0.0707 0.2348
vn 0.9313 -0.0880 0.3534
vn 0.8362 -0.4566 0.3037
vn 0.7802 -0.5211 0.3459
vn 0.9922 0.0682 0.1040
vn 0.9718 -0.0919 0.2172
vn 0.8617 -0.4813 0.1605
vn 0.8107 -0.5535 0.1906
vn 0.9975 0.0654 -0.0266
vn 0.9925 -0.0960 0.0763
vn 0.8625 -0.5061 0.0065
vn 0.8114 -0.5840 0.0231
vn 0.9862 0.0598 -0.1543
vn 0.9926 -0.1023 -0.0659
vn 0.8353 -0.5273 -0.1554
vn 0.7783 -0.6100 -0.1489
vn 0.9587 0.0533 -0.2793
vn 0.9720 -0.1092 -0.2081
vn 0.7771 -0.5430 -0.3183
vn 0.7098 -0.6291 -0.3170
vn 0.9148 0.0484 -0.4011
vn 0.9303 -0.1147 -0.3484
vn 0.6869 -0.5520 -0.4727
vn 0.6072 -0.6394 -0.4717
vn 0.8547 0.0454 -0.5171
vn 0.8675 -0.1182 -0.4831
vn 0.5675 -0.5536 -0.6095
vn 0.4756 -0.6396 -0.6040
vn 0.7795 0.0440 -0.6248
vn 0.7847 -0.1201 -0.6082
vn 0.4250 -0.5476 -0.7207
vn 0.3230 -0.6300 -0.7062
vn 0.6906 0.0439 -0.7219
vn 0.6836 -0.1203 -0.7199
vn 0.2675 -0.5350 -0.8014
vn 0.1596 -0.6120 -0.7746
vn 0.5896 0.0449 -0.8064
vn 0.5668 -0.1191 -0.8152
vn 0.1036 -0.5169 -0.8497
vn -0.0052 -0.5877 -0.8091
vn 0.4784 0.0471 -0.8769
vn 0.4376 -0.1166 -0.8916
vn -0.0586 -0.4951 -0.8668
vn -0.2775 -0.7827 -0.5572
vn 0.3591 0.0502 -0.9320
vn 0.2993 -0.1130 -0.9474
vn -0.2132 -0.4713 -0.8558
vn -0.3988 -0.7365 -0.5464
vn 0.2336 0.0543 -0.9708
vn 0.1557 -0.1083 -0.9819
vn -0.3559 -0.4466 -0.8209
vn -0.5065 -0.6909 -0.5159
vn 0.1043 0.0592 -0.9928
vn 0.0101 -0.1029 -0.9946
vn -0.4842 -0.4223 -0.7663
vn -0.5997 -0.6477 -0.4699
vn -0.0266 0.0649 -0.9975
vn -0.1340 -0.0967 -0.9862
vn -0.5969 -0.3990 -0.6960
vn -0.6787 -0.6080 -0.4120
vn -0.1572 0.0714 -0.9850
vn -0.2737 -0.0902 -0.9576
vn -0.6936 -0.3772 -0.6136
vn -0.7440 -0.5721 -0.3453
vn -0.2852 0.0785 -0.9552
vn -0.4063 -0.0833 -0.9099
vn -0.7746 -0.3572 -0.5220
vn -0.7964 -0.5402 -0.2721
vn -0.4086 0.0862 -0.9086
vn -0.5295 -0.0762 -0.8449
vn -0.8400 -0.3390 -0.4236
vn -0.8367 -0.5121 -0.1943
vn -0.5254 0.0943 -0.8456
vn -0.6414 -0.0692 -0.7641
vn -0.8906 -0.3227 -0.3204
vn -0.8656 -0.4878 -0.1134
vn -0.6337 0.1026 -0.7668
vn -0.7403 -0.0624 -0.6694
vn -0.9268 -0.3084 -0.2142
vn -0.8836 -0.4672 -0.0306
vn -0.7314 0.1108 -0.6729
vn -0.8247 -0.0559 -0.5628
vn -0.9492 -0.2962 -0.1064
vn -0.8913 -0.4504 0.0531
vn -0.8166 0.1185 -0.5650
vn -0.8935 -0.0501 -0.4462
vn -0.9582 -0.2861 0.0015
vn -0.8889 -0.4374 0.1365
vn -0.8871 0.1250 -0.4442
vn -0.9458 -0.0452 -0.3216
vn -0.9546 -0.2776 0.1080
vn -0.8777 -0.4272 0.2174
vn -0.9411 0.1298 -0.3124
vn -0.9806 -0.0415 -0.1913
vn -0.9396 -0.2696 0.2111
vn -0.8606 -0.4163 0.2934
vn -0.9759 0.1333 -0.1726
vn -0.9976 -0.0386 -0.0582
vn -0.9138 -0.2617 0.3106
vn -0.8383 -0.4040 0.3660
vn -0.9898 0.1391 -0.0298
vn -0.9966 -0.0345 0.0743
vn -0.8773 -0.2552 0.4065
vn -0.8086 -0.3936 0.4372
vn -0.9824 0.1480 0.1139
vn -0.9784 -0.0288 0.2045
vn -0.8303 -0.2505 0.4979
vn -0.7709 -0.3863 0.5064
vn -0.9533 0.1561 0.2585
vn -0.9429 -0.0238 0.3321
vn -0.7734 -0.2476 0.5836
vn -0.7258 -0.3818 0.5723
vn -0.9018 0.1615 0.4008
vn -0.8903 -0.0203 0.4549
vn -0.7074 -0.2463 0.6625
vn -0.6740 -0.3796 0.6337
vn -0.8282 0.1642 0.5358
vn -0.8213 -0.0182 0.5702
vn -0.6331 -0.2464 0.7338
vn -0.6163 -0.3796 0.6900
vn -0.7338 0.1647 0.6591
vn -0.7372 -0.0173 0.6755
vn -0.5514 -0.2480 0.7966
vn -0.5534 -0.3816 0.7404
vn -0.6213 0.1632 0.7664
vn -0.6395 -0.0175 0.7686
vn -0.4630 -0.2510 0.8501
vn -0.4858 -0.3856 0.7844
vn -0.4940 0.1599 0.8546
vn -0.5302 -0.0188 0.8477
vn -0.3690 -0.2555 0.8937
vn -0.4142 -0.3916 0.8216
vn -0.3558 0.1553 0.9216
vn -0.4113 -0.0209 0.9113
vn -0.2106 0.1494 0.9661
vn -0.2851 -0.0240 0.9582
vn -0.0624 -0.2778 0.9586
vn -0.1823 -0.4224 0.8879
vn -0.5256 -0.3875 -0.7574
vn -0.6204 -0.6119 -0.4905
vn -0.6988 -0.5745 -0.4261
vn -0.6335 -0.3666 -0.6814
vn 0.0454 -0.4739 -0.8794
vn -0.1574 -0.7851 -0.5991
vn 0.2084 -0.4916 -0.8455
vn 0.2179 -0.5816 -0.7838
vn 0.3683 -0.5053 -0.7804
vn 0.3761 -0.5960 -0.7094
vn 0.5170 -0.5138 -0.6846
vn 0.5208 -0.6029 -0.6044
vn 0.6465 -0.5165 -0.5614
vn 0.6435 -0.6013 -0.4737
vn 0.7502 -0.5133 -0.4168
vn 0.7378 -0.5916 -0.3251
vn 0.8236 -0.5050 -0.2583
vn 0.8005 -0.5752 -0.1681
vn 0.8653 -0.4924 -0.0937
vn 0.8323 -0.5541 -0.0120
vn 0.8763 -0.4766 0.0696
vn 0.8368 -0.5307 0.1344
vn 0.8605 -0.4573 0.2248
vn 0.8200 -0.5070 0.2656
vn 0.8236 -0.4334 0.3659
vn 0.7869 -0.4834 0.3835
vn 0.7700 -0.4073 0.4911
vn 0.7382 -0.4593 0.4941
vn 0.7020 -0.3823 0.6009
vn 0.6743 -0.4350 0.5967
vn 0.6216 -0.3596 0.6959
vn 0.5978 -0.4117 0.6878
vn 0.5314 -0.3392 0.7762
vn 0.5117 -0.3899 0.7656
vn 0.4338 -0.3211 0.8419
vn 0.4185 -0.3699 0.8294
vn 0.3308 -0.3049 0.8931
vn 0.3204 -0.3518 0.8795
vn 0.2242 -0.2906 0.9302
vn 0.2191 -0.3357 0.9161
vn 0.1157 -0.2781 0.9536
vn 0.1160 -0.3214 0.9398
vn 0.0067 -0.2672 0.9636
vn -0.1109 -0.4161 0.9025
vn -0.1015 -0.2579 0.9608
vn -0.1955 -0.4023 0.8944
vn -0.2077 -0.2501 0.9457
vn -0.2783 -0.3909 0.8774
vn -0.3108 -0.2437 0.9187
vn -0.3584 -0.3817 0.8520
vn -0.4095 -0.2387 0.8805
vn -0.4353 -0.3745 0.8187
vn -0.5031 -0.2351 0.8316
vn -0.5084 -0.3692 0.7779
vn -0.5904 -0.2328 0.7728
vn -0.5771 -0.3657 0.7302
vn -0.6706 -0.2317 0.7047
vn -0.6408 -0.3640 0.6759
vn -0.7428 -0.2319 0.6281
vn -0.6992 -0.3638 0.6155
vn -0.8062 -0.2332 0.5437
vn -0.7516 -0.3651 0.5493
vn -0.8602 -0.2356 0.4523
vn -0.7980 -0.3675 0.4776
vn -0.9039 -0.2390 0.3547
vn -0.8380 -0.3707 0.4003
vn -0.9367 -0.2434 0.2516
vn -0.8710 -0.3751 0.3173
vn -0.9574 -0.2499 0.1446
vn -0.8942 -0.3836 0.2306
vn -0.9651 -0.2593 0.0359
vn -0.9057 -0.3985 0.1445
vn -0.9599 -0.2707 -0.0734
vn -0.9069 -0.4171 0.0594
vn -0.9415 -0.2832 -0.1828
vn -0.8990 -0.4373 -0.0256
vn -0.9094 -0.2970 -0.2911
vn -0.8815 -0.4591 -0.1105
vn -0.8631 -0.3121 -0.3970
vn -0.8536 -0.4833 -0.1944
vn -0.8020 -0.3288 -0.4987
vn -0.8144 -0.5104 -0.2760
vn -0.7256 -0.3469 -0.5943
vn -0.7632 -0.5407 -0.3538
vn -0.4022 -0.4093 -0.8190
vn -0.5271 -0.6527 -0.5441
vn -0.0583 -0.0950 -0.9938
vn -0.1993 -0.0887 -0.9759
vn -0.0931 0.0669 -0.9934
vn 0.0364 0.0607 -0.9975
vn 0.2289 -0.1058 -0.9677
vn 0.0855 -0.1008 -0.9912
vn 0.1655 0.0553 -0.9847
vn 0.2920 0.0506 -0.9551
vn 0.3687 -0.1100 -0.9230
vn 0.4139 0.0468 -0.9091
vn 0.5015 -0.1134 -0.8577
vn 0.5291 0.0438 -0.8474
vn 0.6239 -0.1157 -0.7729
vn 0.6356 0.0416 -0.7709
vn 0.7327 -0.1170 -0.6704
vn 0.7314 0.0401 -0.6808
vn 0.8251 -0.1173 -0.5526
vn 0.8148 0.0394 -0.5784
vn 0.8989 -0.1168 -0.4223
vn 0.8843 0.0391 -0.4653
vn 0.9522 -0.1158 -0.2826
vn 0.9385 0.0390 -0.3431
vn 0.9840 -0.1143 -0.1366
vn 0.9762 0.0388 -0.2133
vn 0.9937 -0.1115 0.0116
vn 0.9961 0.0398 -0.0787
vn 0.9820 -0.1054 0.1566
vn 0.9974 0.0448 0.0560
vn 0.9506 -0.0967 0.2948
vn 0.9809 0.0532 0.1872
vn 0.9009 -0.0877 0.4250
vn 0.9473 0.0620 0.3144
vn 0.8344 -0.0792 0.5455
vn 0.8970 0.0706 0.4364
vn 0.7526 -0.0712 0.6546
vn 0.8306 0.0789 0.5513
vn 0.6575 -0.0635 0.7507
vn 0.7488 0.0873 0.6571
vn 0.5510 -0.0561 0.8326
vn 0.6526 0.0957 0.7516
vn 0.4349 -0.0490 0.8991
vn 0.5433 0.1042 0.8331
vn 0.3113 -0.0424 0.9494
vn 0.4223 0.1128 0.8994
vn 0.1822 -0.0363 0.9826
vn 0.2914 0.1212 0.9489
vn 0.0499 -0.0308 0.9983
vn 0.1527 0.1295 0.9798
vn -0.0836 -0.0258 0.9962
vn 0.0088 0.1373 0.9905
vn -0.2158 -0.0215 0.9762
vn -0.1373 0.1446 0.9799
vn -0.3445 -0.0180 0.9386
vn -0.2823 0.1512 0.9473
vn -0.4673 -0.0152 0.8840
vn -0.4227 0.1570 0.8926
vn -0.5819 -0.0132 0.8131
vn -0.5545 0.1617 0.8164
vn -0.6862 -0.0120 0.7273
vn -0.6740 0.1653 0.7200
vn -0.7781 -0.0115 0.6281
vn -0.7778 0.1677 0.6057
vn -0.8559 -0.0117 0.5170
vn -0.8629 0.1691 0.4764
vn -0.9181 -0.0123 0.3961
vn -0.9268 0.1696 0.3352
vn -0.9636 -0.0132 0.2672
vn -0.9679 0.1696 0.1856
vn -0.9911 -0.0144 0.1326
vn -0.9852 0.1686 0.0319
vn -0.9998 -0.0176 -0.0043
vn -0.9792 0.1636 -0.1197
vn -0.9900 -0.0238 -0.1392
vn -0.9526 0.1532 -0.2628
vn -0.9622 -0.0313 -0.2704
vn -0.9074 0.1408 -0.3960
vn -0.9172 -0.0388 -0.3966
vn -0.8452 0.1291 -0.5187
vn -0.8554 -0.0461 -0.5159
vn -0.7677 0.1183 -0.6298
vn -0.7779 -0.0533 -0.6262
vn -0.6771 0.1082 -0.7279
vn -0.6856 -0.0606 -0.7255
vn -0.5752 0.0987 -0.8120
vn -0.5799 -0.0679 -0.8118
vn -0.4640 0.0898 -0.8813
vn -0.4624 -0.0750 -0.8835
vn -0.3453 0.0815 -0.9350
vn -0.3348 -0.0820 -0.9387
vn -0.2210 0.0739 -0.9725
vn 0.0325 0.2444 -0.9691
vn 0.1416 0.2352 -0.9616
vn -0.0772 0.2552 -0.9638
vn -0.1864 0.2679 -0.9453
vn -0.2933 0.2826 -0.9133
vn -0.3963 0.2997 -0.8678
vn -0.4938 0.3194 -0.8088
vn -0.5836 0.3422 -0.7364
vn -0.6640 0.3684 -0.6507
vn -0.7330 0.3983 -0.5515
vn -0.6566 0.4932 -0.5706
vn -0.7892 0.4307 -0.4379
vn -0.7131 0.5213 -0.4688
vn -0.8329 0.4607 -0.3068
vn -0.7545 0.5491 -0.3594
vn -0.8626 0.4813 -0.1561
vn -0.7809 0.5770 -0.2395
vn -0.8702 0.4925 0.0091
vn -0.7892 0.6054 -0.1034
vn -0.8483 0.4982 0.1792
vn -0.7941 0.4999 0.3457
vn -0.7083 0.4976 0.5007
vn -0.5944 0.4911 0.6368
vn -0.4582 0.4805 0.7478
vn -0.3067 0.4660 0.8299
vn -0.1476 0.4485 0.8815
vn 0.0121 0.4289 0.9033
vn 0.1666 0.4081 0.8976
vn 0.3116 0.3868 0.8679
vn 0.4442 0.3659 0.8178
vn 0.5627 0.3457 0.7509
vn 0.6661 0.3267 0.6705
vn 0.7542 0.3088 0.5795
vn 0.8269 0.2923 0.4805
vn 0.8844 0.2770 0.3756
vn 0.9272 0.2628 0.2668
vn 0.9558 0.2493 0.1557
vn 0.9707 0.2363 0.0438
vn 0.9720 0.2247 -0.0687
vn 0.9590 0.2171 -0.1820
vn 0.9318 0.2139 -0.2934
vn 0.8920 0.2122 -0.3990
vn 0.8414 0.2109 -0.4976
vn 0.7805 0.2100 -0.5888
vn 0.7102 0.2100 -0.6719
vn 0.6313 0.2110 -0.7463
vn 0.5446 0.2133 -0.8111
vn 0.4512 0.2167 -0.8657
vn 0.3521 0.2215 -0.9094
vn 0.2485 0.2276 -0.9415
vn 0.3929 0.3811 0.8369
vn 0.2541 0.4031 0.8792
vn 0.5176 0.3600 0.7762
vn 0.6274 0.3400 0.7006
vn 0.7216 0.3215 0.6131
vn 0.8002 0.3047 0.5166
vn 0.8633 0.2896 0.4133
vn 0.9113 0.2764 0.3050
vn 0.9445 0.2654 0.1936
vn 0.9631 0.2568 0.0806
vn 0.9676 0.2504 -0.0321
vn 0.9593 0.2444 -0.1413
vn 0.9401 0.2362 -0.2457
vn 0.9099 0.2278 -0.3467
vn 0.8680 0.2214 -0.4445
vn 0.8148 0.2173 -0.5375
vn 0.7511 0.2152 -0.6242
vn 0.6778 0.2147 -0.7032
vn 0.5960 0.2157 -0.7734
vn 0.5067 0.2182 -0.8340
vn 0.4109 0.2222 -0.8842
vn 0.3098 0.2276 -0.9232
vn 0.2045 0.2346 -0.9503
vn 0.0963 0.2431 -0.9652
vn -0.0137 0.2533 -0.9673
vn -0.1240 0.2652 -0.9562
vn -0.2333 0.2791 -0.9315
vn -0.3401 0.2950 -0.8929
vn -0.4429 0.3131 -0.8401
vn -0.5400 0.3333 -0.7729
vn -0.6297 0.3553 -0.6908
vn -0.7104 0.3781 -0.5936
vn -0.6659 0.4975 -0.5559
vn -0.7802 0.3998 -0.4811
vn -0.7290 0.5309 -0.4321
vn -0.8358 0.4195 -0.3543
vn -0.7722 0.5658 -0.2889
vn -0.8713 0.4405 -0.2164
vn -0.7892 0.6003 -0.1299
vn -0.8833 0.4638 -0.0684
vn -0.8705 0.4836 0.0909
vn -0.8292 0.4966 0.2565
vn -0.7566 0.5025 0.4185
vn -0.6535 0.5017 0.5668
vn -0.5245 0.4947 0.6929
vn -0.3765 0.4825 0.7909
vn -0.2175 0.4660 0.8577
vn -0.0553 0.4464 0.8931
vn 0.1036 0.4251 0.8992
vn 0.4872 0.8730 -0.0234
vn 0.5427 0.8397 -0.0200
vn 0.3911 0.5732 -0.7201
vn 0.3487 0.5840 -0.7330
vn 0.4248 0.9045 -0.0387
vn 0.4332 0.5644 -0.7027
vn 0.3467 0.9352 -0.0727
vn 0.3565 0.9318 -0.0676
vn 0.4746 0.5575 -0.6812
vn 0.2903 0.9510 -0.1069
vn 0.2861 0.9519 -0.1097
vn 0.5146 0.5525 -0.6557
vn 0.2339 0.9607 -0.1495
vn 0.2187 0.9622 -0.1625
vn 0.5527 0.5496 -0.6265
vn 0.1789 0.9632 -0.2005
vn 0.1587 0.9620 -0.2220
vn 0.5886 0.5486 -0.5938
vn 0.1282 0.9575 -0.2583
vn 0.1082 0.9524 -0.2849
vn 0.6219 0.5496 -0.5578
vn 0.0846 0.9434 -0.3207
vn 0.0686 0.9349 -0.3481
vn 0.6521 0.5528 -0.5187
vn 0.0504 0.9215 -0.3850
vn 0.3447 0.8120 -0.4710
vn 0.0273 0.8932 -0.4488
vn 0.3436 0.8040 -0.4852
vn 0.0161 0.8602 -0.5096
vn 0.3487 0.7957 -0.4952
vn 0.0167 0.8251 -0.5647
vn 0.3454 0.7913 -0.5046
vn 0.0278 0.7903 -0.6121
vn 0.3355 0.7870 -0.5178
vn 0.0473 0.7574 -0.6512
vn 0.3329 0.7791 -0.5312
vn 0.0731 0.7272 -0.6825
vn 0.0612 0.7399 -0.6699
vn 0.7387 0.6443 -0.1980
vn 0.1037 0.6998 -0.7068
vn 0.0901 0.7111 -0.6973
vn 0.7282 0.6670 -0.1574
vn 0.1374 0.6754 -0.7245
vn 0.1248 0.6840 -0.7188
vn 0.7118 0.6920 -0.1204
vn 0.1731 0.6539 -0.7365
vn 0.1646 0.6587 -0.7342
vn 0.6893 0.7192 -0.0877
vn 0.2097 0.6352 -0.7433
vn 0.2089 0.6355 -0.7433
vn 0.6606 0.7483 -0.0603
vn 0.2473 0.6186 -0.7458
vn 0.2560 0.6151 -0.7457
vn 0.6256 0.7792 -0.0391
vn 0.3036 0.5978 -0.7419
vn 0.5846 0.8110 -0.0253
vn 0.3504 0.5836 -0.7326
vn 0.5378 0.8428 -0.0198
vn 0.3959 0.5722 -0.7183
vn 0.4863 0.8735 -0.0234
vn 0.4398 0.5632 -0.6996
vn 0.4314 0.9014 -0.0365
vn 0.4820 0.5564 -0.6768
vn 0.3750 0.9252 -0.0585
vn 0.5221 0.5518 -0.6503
vn 0.3185 0.9438 -0.0888
vn 0.3213 0.9430 -0.0871
vn 0.5597 0.5492 -0.6205
vn 0.2620 0.9567 -0.1271
vn 0.2517 0.9583 -0.1350
vn 0.5946 0.5486 -0.5878
vn 0.2060 0.9629 -0.1740
vn 0.1876 0.9634 -0.1916
vn 0.6264 0.5499 -0.5524
vn 0.1528 0.9614 -0.2287
vn 0.1321 0.9583 -0.2532
vn 0.6547 0.5532 -0.5151
vn 0.1053 0.9515 -0.2891
vn 0.0870 0.9446 -0.3166
vn 0.3304 0.8403 -0.4299
vn 0.0531 0.9239 -0.3790
vn 0.2944 0.8408 -0.4544
vn 0.0305 0.8987 -0.4376
vn 0.2618 0.8340 -0.4856
vn 0.0184 0.8714 -0.4903
vn 0.2464 0.8185 -0.5190
vn 0.0150 0.8436 -0.5368
vn 0.2566 0.7975 -0.5461
vn 0.0189 0.8150 -0.5792
vn 0.2810 0.7774 -0.5628
vn 0.0302 0.7851 -0.6187
vn 0.3088 0.7607 -0.5709
vn 0.0491 0.7548 -0.6541
vn 0.7395 0.6421 -0.2023
vn 0.0879 0.7131 -0.6955
vn 0.0749 0.7253 -0.6843
vn 0.7302 0.6634 -0.1632
vn 0.1202 0.6872 -0.7164
vn 0.1067 0.6973 -0.7088
vn 0.7152 0.6873 -0.1266
vn 0.1551 0.6643 -0.7312
vn 0.1441 0.6711 -0.7272
vn 0.6941 0.7138 -0.0936
vn 0.1913 0.6442 -0.7405
vn 0.1863 0.6468 -0.7395
vn 0.6665 0.7426 -0.0651
vn 0.2283 0.6267 -0.7451
vn 0.2323 0.6249 -0.7453
vn 0.6323 0.7736 -0.0424
vn 0.2667 0.6109 -0.7454
vn 0.5911 0.8062 -0.0269
vn 0.3070 0.5966 -0.7415
vn -0.1585 -0.2601 -0.9525
vn -0.3021 -0.2479 -0.9205
vn -0.4355 -0.2355 -0.8688
vn -0.5566 -0.2232 -0.8002
vn -0.6640 -0.2112 -0.7173
vn -0.7567 -0.1997 -0.6225
vn -0.8341 -0.1887 -0.5183
vn -0.8960 -0.1782 -0.4068
vn -0.9421 -0.1682 -0.2902
vn -0.9726 -0.1584 -0.1702
vn -0.9877 -0.1489 -0.0484
vn -0.9872 -0.1412 0.0747
vn -0.9706 -0.1372 0.1978
vn -0.9386 -0.1355 0.3173
vn -0.8926 -0.1342 0.4303
vn -0.8337 -0.1333 0.5359
vn -0.7628 -0.1329 0.6328
vn -0.6810 -0.1333 0.7200
vn -0.5894 -0.1345 0.7966
vn -0.4892 -0.1368 0.8614
vn -0.3820 -0.1400 0.9135
vn -0.2690 -0.1442 0.9523
vn -0.1519 -0.1495 0.9770
vn -0.0323 -0.1558 0.9873
vn 0.0883 -0.1632 0.9826
vn 0.2081 -0.1717 0.9629
vn 0.3255 -0.1813 0.9280
vn 0.4387 -0.1920 0.8779
vn 0.5460 -0.2038 0.8126
vn 0.6453 -0.2169 0.7325
vn 0.7346 -0.2312 0.6379
vn 0.8118 -0.2470 0.5292
vn 0.8744 -0.2641 0.4070
vn 0.9204 -0.2812 0.2715
vn 0.9477 -0.2946 0.1227
vn 0.9526 -0.3022 -0.0359
vn 0.9312 -0.3067 -0.1969
vn 0.8825 -0.3095 -0.3540
vn 0.8073 -0.3105 -0.5018
vn 0.7077 -0.3093 -0.6353
vn 0.5870 -0.3058 -0.7496
vn 0.4499 -0.3000 -0.8412
vn 0.3016 -0.2922 -0.9076
vn 0.1474 -0.2827 -0.9478
vn -0.0074 -0.2719 -0.9623
vn -0.1031 -0.1644 0.9810
vn 0.0168 -0.1715 0.9850
vn 0.1371 -0.1798 0.9741
vn 0.2563 -0.1892 0.9479
vn 0.3726 -0.1997 0.9063
vn 0.4842 -0.2112 0.8491
vn 0.5894 -0.2235 0.7763
vn 0.6861 -0.2363 0.6880
vn 0.7722 -0.2491 0.5845
vn 0.8453 -0.2608 0.4663
vn 0.9026 -0.2708 0.3347
vn 0.9401 -0.2809 0.1933
vn 0.9546 -0.2942 0.0459
vn 0.9453 -0.3083 -0.1067
vn 0.9105 -0.3195 -0.2624
vn 0.8489 -0.3266 -0.4156
vn 0.7606 -0.3297 -0.5592
vn 0.6482 -0.3290 -0.6867
vn 0.5160 -0.3250 -0.7926
vn 0.3693 -0.3180 -0.8732
vn 0.2141 -0.3086 -0.9268
vn 0.0564 -0.2974 -0.9531
vn -0.0990 -0.2849 -0.9534
vn -0.2477 -0.2717 -0.9300
vn -0.3866 -0.2583 -0.8854
vn -0.5133 -0.2450 -0.8225
vn -0.6262 -0.2322 -0.7443
vn -0.7244 -0.2200 -0.6533
vn -0.8072 -0.2087 -0.5521
vn -0.8743 -0.1985 -0.4429
vn -0.9256 -0.1895 -0.3277
vn -0.9609 -0.1821 -0.2085
vn -0.9805 -0.1764 -0.0871
vn -0.9845 -0.1719 0.0338
vn -0.9744 -0.1663 0.1514
vn -0.9509 -0.1593 0.2652
vn -0.9140 -0.1533 0.3756
vn -0.8637 -0.1491 0.4815
vn -0.8007 -0.1466 0.5808
vn -0.7261 -0.1455 0.6720
vn -0.6410 -0.1457 0.7536
vn -0.5465 -0.1472 0.8244
vn -0.4441 -0.1498 0.8834
vn -0.3350 -0.1535 0.9296
vn -0.2208 -0.1584 0.9624
vn -0.3316 -0.4971 0.8018
vn -0.3926 -0.4867 0.7804
vn -0.4807 -0.8339 -0.2710
vn -0.3930 -0.8786 -0.2713
vn -0.4511 -0.4787 0.7532
vn -0.2975 -0.9203 -0.2542
vn -0.5068 -0.4729 0.7207
vn -0.2495 -0.9384 -0.2390
vn -0.1975 -0.9557 -0.2182
vn -0.5592 -0.4693 0.6834
vn -0.1373 -0.9726 -0.1875
vn -0.0976 -0.9816 -0.1640
vn -0.6079 -0.4677 0.6416
vn -0.0249 -0.9934 -0.1117
vn -0.0029 -0.9956 -0.0937
vn -0.6525 -0.4681 0.5960
vn 0.0781 -0.9968 -0.0152
vn 0.0827 -0.9965 -0.0103
vn -0.6925 -0.4704 0.5469
vn 0.1626 -0.9823 0.0930
vn 0.1560 -0.9842 0.0833
vn -0.7275 -0.4748 0.4953
vn 0.2233 -0.9533 0.2033
vn 0.2140 -0.9594 0.1836
vn -0.7573 -0.4809 0.4419
vn 0.2600 -0.9151 0.3081
vn 0.2538 -0.9240 0.2861
vn -0.7812 -0.4888 0.3883
vn 0.2755 -0.8731 0.4023
vn 0.2740 -0.8809 0.3860
vn -0.7995 -0.4980 0.3357
vn 0.2743 -0.8312 0.4836
vn 0.2748 -0.8338 0.4788
vn -0.8130 -0.5088 0.2833
vn 0.2606 -0.7904 0.5543
vn 0.2586 -0.7865 0.5609
vn -0.8220 -0.5217 0.2282
vn 0.2354 -0.7496 0.6186
vn 0.2289 -0.7416 0.6306
vn -0.8259 -0.5376 0.1701
vn 0.1988 -0.7092 0.6764
vn 0.1895 -0.7008 0.6878
vn -0.8235 -0.5565 0.1104
vn 0.1523 -0.6707 0.7260
vn 0.1437 -0.6646 0.7333
vn -0.8140 -0.5786 0.0508
vn 0.0973 -0.6349 0.7665
vn 0.0937 -0.6328 0.7686
vn -0.7969 -0.6041 -0.0076
vn 0.0358 -0.6025 0.7974
vn 0.0410 -0.6049 0.7952
vn -0.7715 -0.6330 -0.0635
vn -0.0299 -0.5738 0.8184
vn -0.0141 -0.5802 0.8144
vn -0.7372 -0.6657 -0.1155
vn -0.0974 -0.5493 0.8299
vn -0.0718 -0.5580 0.8267
vn -0.6934 -0.7021 -0.1621
vn -0.1648 -0.5286 0.8327
vn -0.1318 -0.5382 0.8324
vn -0.6393 -0.7422 -0.2013
vn -0.1933 -0.5207 0.8315
vn -0.5742 -0.7855 -0.2309
vn -0.2555 -0.5057 0.8240
vn -0.4978 -0.8310 -0.2481
vn -0.3174 -0.4929 0.8101
vn -0.4100 -0.8772 -0.2498
vn -0.3784 -0.4824 0.7900
vn -0.3115 -0.9214 -0.2325
vn -0.2588 -0.9415 -0.2159
vn -0.4377 -0.4741 0.7640
vn -0.2047 -0.9596 -0.1931
vn -0.1616 -0.9718 -0.1715
vn -0.4948 -0.4679 0.7323
vn -0.0943 -0.9870 -0.1299
vn -0.0670 -0.9916 -0.1106
vn -0.5491 -0.4638 0.6953
vn 0.0118 -0.9989 -0.0444
vn 0.0208 -0.9991 -0.0359
vn -0.6002 -0.4618 0.6531
vn 0.1038 -0.9930 0.0564
vn 0.0988 -0.9938 0.0502
vn -0.6475 -0.4618 0.6062
vn 0.1746 -0.9710 0.1633
vn 0.1640 -0.9757 0.1450
vn -0.6908 -0.4640 0.5546
vn 0.2222 -0.9374 0.2680
vn 0.2131 -0.9460 0.2443
vn -0.7295 -0.4684 0.4984
vn 0.2477 -0.8976 0.3647
vn 0.2435 -0.9070 0.3436
vn -0.7633 -0.4752 0.4377
vn 0.2549 -0.8561 0.4496
vn 0.2548 -0.8620 0.4382
vn -0.7913 -0.4848 0.3725
vn 0.2482 -0.8156 0.5227
vn 0.2480 -0.8148 0.5241
vn -0.8126 -0.4974 0.3039
vn 0.2302 -0.7755 0.5879
vn 0.2259 -0.7686 0.5985
vn -0.8261 -0.5128 0.2338
vn 0.2009 -0.7352 0.6474
vn 0.1923 -0.7258 0.6604
vn -0.8312 -0.5310 0.1644
vn 0.1610 -0.6959 0.6998
vn 0.1507 -0.6875 0.7104
vn -0.8282 -0.5520 0.0969
vn 0.1120 -0.6590 0.7438
vn 0.1039 -0.6536 0.7496
vn -0.8169 -0.5759 0.0320
vn 0.0555 -0.6249 0.7787
vn 0.0538 -0.6240 0.7796
vn -0.7972 -0.6030 -0.0300
vn -0.0067 -0.5943 0.8042
vn 0.0014 -0.5980 0.8015
vn -0.7688 -0.6334 -0.0881
vn -0.0720 -0.5676 0.8201
vn -0.0533 -0.5747 0.8166
vn -0.7312 -0.6673 -0.1414
vn -0.1382 -0.5449 0.8270
vn -0.1105 -0.5539 0.8252
vn -0.6840 -0.7048 -0.1882
vn -0.2040 -0.5259 0.8257
vn -0.6267 -0.7455 -0.2269
vn -0.2686 -0.5101 0.8171
vn -0.5589 -0.7890 -0.2553
vn 0.1293 -0.4713 0.8724
vn 0.1852 -0.5233 0.8318
vn 0.3109 -0.4997 0.8084
vn 0.2801 -0.4503 0.8478
vn -0.0389 0.3823 0.9232
vn -0.1714 0.5194 0.8371
vn -0.2353 0.4998 0.8336
vn -0.1303 0.3674 0.9209
vn 0.0531 0.3990 0.9154
vn -0.1082 0.5409 0.8341
vn 0.1451 0.4178 0.8969
vn -0.0458 0.5644 0.8243
vn 0.2360 0.4389 0.8670
vn 0.0153 0.5903 0.8070
vn 0.3246 0.4627 0.8249
vn 0.0739 0.6192 0.7817
vn 0.4095 0.4895 0.7699
vn 0.1290 0.6515 0.7476
vn 0.4888 0.5193 0.7010
vn 0.1790 0.6874 0.7039
vn 0.5603 0.5523 0.6173
vn 0.2223 0.7267 0.6499
vn 0.6210 0.5881 0.5181
vn 0.2569 0.7693 0.5849
vn 0.6673 0.6263 0.4031
vn 0.2801 0.8143 0.5083
vn 0.6947 0.6657 0.2725
vn 0.2890 0.8604 0.4198
vn 0.6982 0.7043 0.1283
vn 0.2804 0.9051 0.3198
vn 0.6728 0.7394 -0.0254
vn 0.5460 0.8377 0.0138
vn 0.6146 0.7676 -0.1819
vn 0.4824 0.8665 -0.1287
vn 0.5226 0.7855 -0.3315
vn 0.3899 0.8824 -0.2633
vn 0.4000 0.7907 -0.4635
vn 0.2732 0.8833 -0.3809
vn 0.2545 0.7828 -0.5679
vn 0.1402 0.8693 -0.4740
vn 0.0967 0.7637 -0.6383
vn 0.0000 0.8425 -0.5387
vn -0.0624 0.7370 -0.6730
vn -0.1389 0.8067 -0.5744
vn -0.2502 0.7725 -0.5837
vn -0.2693 0.7660 -0.5837
vn -0.3797 0.7267 -0.5724
vn -0.3856 0.7245 -0.5713
vn -0.4927 0.6820 -0.5405
vn -0.4875 0.6841 -0.5425
vn -0.5916 0.6388 -0.4919
vn -0.5785 0.6447 -0.4997
vn -0.6505 0.5521 -0.5216
vn -0.6587 0.6070 -0.4447
vn -0.7269 0.5164 -0.4527
vn -0.7264 0.5722 -0.3806
vn -0.7903 0.4852 -0.3741
vn -0.7819 0.5408 -0.3100
vn -0.8407 0.4581 -0.2888
vn -0.8259 0.5127 -0.2347
vn -0.8784 0.4345 -0.1993
vn -0.8590 0.4876 -0.1558
vn -0.9039 0.4140 -0.1076
vn -0.8819 0.4655 -0.0746
vn -0.9180 0.3964 -0.0151
vn -0.8949 0.4462 0.0080
vn -0.9212 0.3813 0.0772
vn -0.8335 0.5173 0.1940
vn -0.9142 0.3685 0.1683
vn -0.8244 0.5024 0.2607
vn -0.8976 0.3579 0.2574
vn -0.8086 0.4901 0.3255
vn -0.8718 0.3493 0.3436
vn -0.7867 0.4801 0.3881
vn -0.8373 0.3425 0.4263
vn -0.7590 0.4723 0.4482
vn -0.7946 0.3375 0.5047
vn -0.7259 0.4665 0.5055
vn -0.7443 0.3343 0.5782
vn -0.6877 0.4627 0.5594
vn -0.6868 0.3326 0.6462
vn -0.6449 0.4608 0.6098
vn -0.6228 0.3326 0.7082
vn -0.5976 0.4606 0.6562
vn -0.5527 0.3342 0.7635
vn -0.5463 0.4622 0.6985
vn -0.4770 0.3372 0.8117
vn -0.4910 0.4652 0.7366
vn -0.3961 0.3415 0.8523
vn -0.4317 0.4693 0.7703
vn -0.3105 0.3472 0.8849
vn -0.3679 0.4748 0.7995
vn -0.2211 0.3555 0.9082
vn -0.3012 0.4842 0.8215
vn -0.1106 -0.0394 -0.9931
vn -0.2274 0.1325 -0.9648
vn -0.3648 0.1288 -0.9221
vn -0.2430 -0.0424 -0.9691
vn -0.6358 0.6181 -0.4622
vn -0.6201 0.6255 -0.4735
vn -0.5342 0.6643 -0.5228
vn -0.5438 0.6602 -0.5181
vn -0.7134 0.5793 -0.3944
vn -0.6975 0.5333 -0.4786
vn -0.7762 0.5443 -0.3182
vn -0.7663 0.5013 -0.4018
vn -0.8248 0.5135 -0.2367
vn -0.8213 0.4729 -0.3191
vn -0.8603 0.4866 -0.1520
vn -0.8634 0.4480 -0.2322
vn -0.8837 0.4634 -0.0658
vn -0.8934 0.4261 -0.1425
vn -0.8961 0.4435 0.0208
vn -0.9119 0.4071 -0.0513
vn -0.8301 0.5250 0.1881
vn -0.9196 0.3907 0.0401
vn -0.8224 0.5104 0.2512
vn -0.9170 0.3767 0.1310
vn -0.8086 0.4979 0.3135
vn -0.9046 0.3649 0.2203
vn -0.7888 0.4874 0.3743
vn -0.8828 0.3552 0.3073
vn -0.7634 0.4791 0.4333
vn -0.8522 0.3475 0.3911
vn -0.7325 0.4728 0.4899
vn -0.8133 0.3417 0.4710
vn -0.6965 0.4685 0.5435
vn -0.7665 0.3376 0.5464
vn -0.6559 0.4663 0.5936
vn -0.7123 0.3354 0.6165
vn -0.6109 0.4663 0.6398
vn -0.6515 0.3349 0.6807
vn -0.5622 0.4684 0.6816
vn -0.5845 0.3363 0.7384
vn -0.5103 0.4730 0.7183
vn -0.5121 0.3395 0.7889
vn -0.4561 0.4804 0.7492
vn -0.4352 0.3449 0.8317
vn -0.4008 0.4908 0.7736
vn -0.3546 0.3525 0.8660
vn -0.3453 0.5034 0.7921
vn -0.2712 0.3621 0.8918
vn -0.2877 0.5151 0.8074
vn -0.1847 0.3722 0.9096
vn -0.2263 0.5263 0.8196
vn -0.0947 0.3830 0.9189
vn -0.1628 0.5402 0.8256
vn -0.0028 0.3960 0.9183
vn -0.0994 0.5580 0.8239
vn 0.0896 0.4118 0.9068
vn -0.0372 0.5796 0.8141
vn 0.1814 0.4306 0.8841
vn 0.0228 0.6049 0.7960
vn 0.2715 0.4524 0.8495
vn 0.0797 0.6339 0.7693
vn 0.3585 0.4773 0.8023
vn 0.1321 0.6665 0.7337
vn 0.4409 0.5054 0.7417
vn 0.1789 0.7028 0.6885
vn 0.5167 0.5368 0.6670
vn 0.2181 0.7425 0.6333
vn 0.5833 0.5714 0.5773
vn 0.2480 0.7850 0.5677
vn 0.6377 0.6088 0.4719
vn 0.2661 0.8293 0.4914
vn 0.6757 0.6483 0.3508
vn 0.2704 0.8735 0.4049
vn 0.6928 0.6884 0.2151
vn 0.2587 0.9151 0.3094
vn 0.6838 0.7266 0.0674
vn 0.5530 0.8324 0.0359
vn 0.6442 0.7599 -0.0871
vn 0.4904 0.8641 -0.1135
vn 0.5715 0.7846 -0.2403
vn 0.3946 0.8821 -0.2571
vn 0.4666 0.7976 -0.3823
vn 0.2695 0.8833 -0.3836
vn 0.3347 0.7969 -0.5028
vn 0.1242 0.8669 -0.4827
vn 0.1847 0.7829 -0.5941
vn -0.0293 0.8358 -0.5482
vn 0.0269 0.7577 -0.6521
vn -0.1794 0.7949 -0.5796
vn -0.2056 0.7867 -0.5821
vn -0.3171 0.7496 -0.5810
vn -0.3294 0.7452 -0.5798
vn -0.4381 0.7042 -0.5588
vn 0.1536 -0.0308 -0.9877
vn 0.0583 0.1449 -0.9877
vn -0.0851 0.1368 -0.9869
vn 0.0224 -0.0361 -0.9991
vn 0.3349 -0.4081 -0.8493
vn 0.2702 -0.2642 -0.9259
vn 0.1693 -0.2722 -0.9472
vn 0.2613 -0.4200 -0.8691
vn 0.1011 -0.4408 -0.8919
vn -0.0423 -0.2890 -0.9564
vn -0.1503 -0.2998 -0.9421
vn 0.0174 -0.4550 -0.8903
vn -0.2574 -0.3127 -0.9143
vn -0.0660 -0.4731 -0.8785
vn -0.4927 0.1233 -0.8614
vn -0.3714 -0.0465 -0.9273
vn -0.3624 -0.3277 -0.8725
vn -0.1482 -0.4950 -0.8562
vn -0.6087 0.1162 -0.7848
vn -0.4930 -0.0518 -0.8685
vn -0.4637 -0.3446 -0.8162
vn -0.2279 -0.5205 -0.8229
vn -0.7114 0.1082 -0.6944
vn -0.6059 -0.0579 -0.7934
vn -0.5595 -0.3634 -0.7449
vn -0.3039 -0.5498 -0.7780
vn -0.7995 0.0999 -0.5923
vn -0.7080 -0.0645 -0.7032
vn -0.6476 -0.3840 -0.6581
vn -0.3747 -0.5830 -0.7209
vn -0.8723 0.0916 -0.4804
vn -0.7974 -0.0714 -0.5992
vn -0.7255 -0.4063 -0.5555
vn -0.4382 -0.6201 -0.6507
vn -0.9289 0.0837 -0.3607
vn -0.8722 -0.0785 -0.4827
vn -0.7900 -0.4300 -0.4371
vn -0.4919 -0.6610 -0.5667
vn -0.9690 0.0761 -0.2352
vn -0.9307 -0.0855 -0.3557
vn -0.8374 -0.4545 -0.3035
vn -0.5325 -0.7050 -0.4684
vn -0.9920 0.0692 -0.1059
vn -0.9711 -0.0923 -0.2202
vn -0.8637 -0.4791 -0.1564
vn -0.5562 -0.7510 -0.3559
vn -0.9977 0.0629 0.0251
vn -0.9920 -0.0988 -0.0785
vn -0.8646 -0.5024 0.0012
vn -0.5586 -0.7967 -0.2306
vn -0.9861 0.0574 0.1557
vn -0.9923 -0.1047 0.0664
vn -0.8362 -0.5232 0.1644
vn -0.8011 -0.5960 0.0550
vn -0.9575 0.0528 0.2837
vn -0.9712 -0.1100 0.2115
vn -0.7759 -0.5397 0.3266
vn -0.7543 -0.6185 0.2199
vn -0.9121 0.0490 0.4070
vn -0.9284 -0.1143 0.3535
vn -0.6836 -0.5504 0.4794
vn -0.6733 -0.6341 0.3803
vn -0.8508 0.0462 0.5234
vn -0.8645 -0.1176 0.4886
vn -0.5621 -0.5540 0.6141
vn -0.5593 -0.6406 0.5261
vn -0.7747 0.0444 0.6308
vn -0.7806 -0.1197 0.6134
vn -0.4176 -0.5501 0.7232
vn -0.4176 -0.6371 0.6478
vn -0.6850 0.0437 0.7273
vn -0.6787 -0.1204 0.7245
vn -0.2586 -0.5388 0.8017
vn -0.2565 -0.6238 0.7383
vn -0.5835 0.0442 0.8109
vn -0.5614 -0.1197 0.8188
vn -0.0947 -0.5211 0.8482
vn -0.0855 -0.6022 0.7937
vn -0.4722 0.0462 0.8803
vn -0.4321 -0.1173 0.8942
vn 0.0653 -0.4984 0.8645
vn 0.0864 -0.5745 0.8139
vn -0.3535 0.0498 0.9341
vn -0.2947 -0.1131 0.9489
vn 0.2157 -0.4732 0.8541
vn 0.2507 -0.5431 0.8014
vn -0.2302 0.0555 0.9716
vn -0.1531 -0.1070 0.9824
vn 0.3551 -0.4494 0.8197
vn 0.4004 -0.5105 0.7610
vn -0.1042 0.0620 0.9926
vn -0.0108 -0.0999 0.9949
vn 0.4824 -0.4274 0.7646
vn 0.5308 -0.4790 0.6991
vn 0.0246 0.0665 0.9975
vn 0.1312 -0.0946 0.9868
vn 0.5949 -0.4052 0.6942
vn 0.6406 -0.4497 0.6223
vn 0.1558 0.0686 0.9854
vn 0.2709 -0.0910 0.9583
vn 0.6918 -0.3831 0.6121
vn 0.7309 -0.4233 0.5354
vn 0.2854 0.0715 0.9557
vn 0.4042 -0.0867 0.9105
vn 0.7728 -0.3622 0.5211
vn 0.8034 -0.3996 0.4415
vn 0.4104 0.0761 0.9087
vn 0.5280 -0.0812 0.8453
vn 0.8385 -0.3430 0.4234
vn 0.8597 -0.3786 0.3428
vn 0.5283 0.0821 0.8451
vn 0.6402 -0.0748 0.7645
vn 0.8894 -0.3257 0.3209
vn 0.9012 -0.3600 0.2412
vn 0.6371 0.0891 0.7656
vn 0.7393 -0.0680 0.6700
vn 0.9260 -0.3102 0.2153
vn 0.9289 -0.3437 0.1381
vn 0.7348 0.0967 0.6713
vn 0.8237 -0.0611 0.5637
vn 0.9488 -0.2966 0.1082
vn 0.9435 -0.3296 0.0347
vn 0.8196 0.1048 0.5633
vn 0.8926 -0.0542 0.4475
vn 0.9586 -0.2848 0.0008
vn 0.8916 -0.4319 -0.1362
vn 0.8893 0.1131 0.4430
vn 0.9450 -0.0477 0.3237
vn 0.9557 -0.2747 -0.1057
vn 0.8823 -0.4179 -0.2164
vn 0.9422 0.1214 0.3123
vn 0.9801 -0.0415 0.1942
vn 0.9407 -0.2662 -0.2100
vn 0.8648 -0.4062 -0.2952
vn 0.9763 0.1297 0.1731
vn 0.9975 -0.0359 0.0612
vn 0.9143 -0.2593 -0.3112
vn 0.8393 -0.3967 -0.3718
vn 0.9901 0.1376 0.0282
vn 0.9969 -0.0308 -0.0729
vn 0.8769 -0.2539 -0.4082
vn 0.8063 -0.3893 -0.4454
vn 0.9822 0.1449 -0.1197
vn 0.9782 -0.0265 -0.2059
vn 0.8291 -0.2499 -0.5001
vn 0.7661 -0.3840 -0.5154
vn 0.9517 0.1515 -0.2669
vn 0.9418 -0.0229 -0.3354
vn 0.7717 -0.2473 -0.5859
vn 0.7193 -0.3806 -0.5812
vn 0.8986 0.1571 -0.4098
vn 0.8882 -0.0201 -0.4590
vn 0.7054 -0.2462 -0.6647
vn 0.6663 -0.3792 -0.6420
vn 0.8233 0.1613 -0.5443
vn 0.8184 -0.0182 -0.5744
vn 0.6309 -0.2465 -0.7357
vn 0.6078 -0.3800 -0.6973
vn 0.7274 0.1641 -0.6663
vn 0.7336 -0.0173 -0.6794
vn 0.5490 -0.2484 -0.7980
vn 0.5444 -0.3829 -0.7464
vn 0.6135 0.1650 -0.7722
vn 0.6354 -0.0174 -0.7720
vn 0.4609 -0.2519 -0.8510
vn 0.4769 -0.3883 -0.7885
vn 0.4852 0.1638 -0.8589
vn 0.5259 -0.0187 -0.8503
vn 0.3675 -0.2571 -0.8938
vn 0.4066 -0.3968 -0.8229
vn 0.3467 0.1601 -0.9242
vn 0.4074 -0.0213 -0.9130
vn 0.2029 0.1537 -0.9671
vn 0.2824 -0.0253 -0.9590
vn 0.0648 -0.2801 -0.9578
vn 0.1833 -0.4300 -0.8840
vn 0.5350 -0.3989 0.7448
vn 0.5343 -0.4516 0.7145
vn 0.6332 -0.4275 0.6452
vn 0.6393 -0.3746 0.6715
vn -0.0322 -0.4881 0.8722
vn 0.0438 -0.5469 0.8361
vn -0.1975 -0.5016 0.8422
vn -0.1099 -0.5689 0.8150
vn -0.3595 -0.5113 0.7806
vn -0.2680 -0.5870 0.7639
vn -0.5104 -0.5162 0.6878
vn -0.4211 -0.5990 0.6811
vn -0.6424 -0.5154 0.5672
vn -0.5595 -0.6033 0.5683
vn -0.7488 -0.5087 0.4249
vn -0.6748 -0.5991 0.4310
vn -0.8255 -0.4965 0.2685
vn -0.7608 -0.5870 0.2769
vn -0.8709 -0.4799 0.1061
vn -0.8148 -0.5682 0.1151
vn -0.8861 -0.4602 -0.0550
vn -0.6078 -0.7552 -0.2456
vn -0.8741 -0.4387 -0.2088
vn -0.5962 -0.7103 -0.3742
vn -0.8385 -0.4164 -0.3513
vn -0.5637 -0.6662 -0.4883
vn -0.7836 -0.3944 -0.4801
vn -0.5152 -0.6245 -0.5870
vn -0.7129 -0.3731 -0.5937
vn -0.4546 -0.5860 -0.6708
vn -0.6300 -0.3531 -0.6917
vn -0.3852 -0.5510 -0.7402
vn -0.5377 -0.3344 -0.7740
vn -0.3095 -0.5196 -0.7964
vn -0.4384 -0.3173 -0.8409
vn -0.2293 -0.4916 -0.8401
vn -0.3341 -0.3017 -0.8929
vn -0.1462 -0.4666 -0.8723
vn -0.2267 -0.2875 -0.9305
vn -0.0617 -0.4441 -0.8939
vn -0.1178 -0.2746 -0.9543
vn 0.0233 -0.4235 -0.9056
vn -0.0085 -0.2628 -0.9648
vn 0.1083 -0.4043 -0.9082
vn 0.1004 -0.2526 -0.9623
vn 0.1939 -0.3877 -0.9012
vn 0.2083 -0.2450 -0.9469
vn 0.2808 -0.3768 -0.8827
vn 0.3132 -0.2401 -0.9188
vn 0.3658 -0.3715 -0.8533
vn 0.4131 -0.2365 -0.8794
vn 0.4455 -0.3682 -0.8161
vn 0.5071 -0.2338 -0.8296
vn 0.5194 -0.3655 -0.7724
vn 0.5944 -0.2321 -0.7700
vn 0.5879 -0.3639 -0.7224
vn 0.6742 -0.2316 -0.7012
vn 0.6508 -0.3636 -0.6665
vn 0.7459 -0.2323 -0.6242
vn 0.7077 -0.3649 -0.6050
vn 0.8086 -0.2342 -0.5397
vn 0.7583 -0.3678 -0.5383
vn 0.8617 -0.2374 -0.4485
vn 0.8020 -0.3724 -0.4670
vn 0.9043 -0.2420 -0.3517
vn 0.8385 -0.3790 -0.3915
vn 0.9359 -0.2479 -0.2502
vn 0.8673 -0.3875 -0.3126
vn 0.9559 -0.2552 -0.1451
vn 0.8878 -0.3982 -0.2308
vn 0.9638 -0.2640 -0.0375
vn 0.8997 -0.4111 -0.1467
vn 0.9590 -0.2744 0.0715
vn 0.9455 -0.3173 0.0737
vn 0.9410 -0.2864 0.1805
vn 0.9268 -0.3309 0.1773
vn 0.9093 -0.3001 0.2882
vn 0.8954 -0.3465 0.2797
vn 0.8637 -0.3156 0.3931
vn 0.8506 -0.3639 0.3795
vn 0.8036 -0.3331 0.4933
vn 0.7921 -0.3833 0.4750
vn 0.7289 -0.3527 0.5868
vn 0.7196 -0.4046 0.5644
vn 0.4155 -0.4250 0.8042
vn 0.4259 -0.4760 0.7694
vn 0.0685 -0.1101 0.9916
vn 0.2112 -0.1027 0.9720
vn 0.1082 0.0473 0.9930
vn -0.0253 0.0407 0.9989
vn -0.2268 -0.1156 0.9671
vn -0.0793 -0.1139 0.9903
vn -0.1606 0.0385 0.9863
vn -0.2928 0.0386 0.9554
vn -0.3694 -0.1167 0.9219
vn -0.4182 0.0388 0.9075
vn -0.5038 -0.1174 0.8558
vn -0.5351 0.0391 0.8439
vn -0.6268 -0.1173 0.7703
vn -0.6418 0.0397 0.7658
vn -0.7354 -0.1163 0.6675
vn -0.7370 0.0409 0.6747
vn -0.8273 -0.1143 0.5500
vn -0.8190 0.0428 0.5722
vn -0.9002 -0.1113 0.4209
vn -0.8866 0.0456 0.4602
vn -0.9530 -0.1073 0.2835
vn -0.9389 0.0492 0.3407
vn -0.9847 -0.1025 0.1412
vn -0.9750 0.0536 0.2158
vn -0.9953 -0.0970 -0.0027
vn -0.9944 0.0588 0.0874
vn -0.9852 -0.0908 -0.1450
vn -0.9970 0.0648 -0.0422
vn -0.9554 -0.0843 -0.2829
vn -0.9827 0.0715 -0.1709
vn -0.9071 -0.0773 -0.4137
vn -0.9517 0.0789 -0.2969
vn -0.8417 -0.0702 -0.5353
vn -0.9043 0.0870 -0.4180
vn -0.7609 -0.0629 -0.6458
vn -0.8410 0.0957 -0.5324
vn -0.6665 -0.0557 -0.7434
vn -0.7626 0.1050 -0.6383
vn -0.5604 -0.0484 -0.8268
vn -0.6698 0.1149 -0.7336
vn -0.4444 -0.0412 -0.8949
vn -0.5635 0.1254 -0.8165
vn -0.3207 -0.0338 -0.9466
vn -0.4451 0.1368 -0.8850
vn -0.1913 -0.0263 -0.9812
vn -0.3158 0.1491 -0.9370
vn -0.0577 -0.0193 -0.9981
vn -0.1763 0.1609 -0.9711
vn 0.0789 -0.0149 -0.9968
vn -0.0272 0.1681 -0.9854
vn 0.2149 -0.0133 -0.9765
vn 0.1268 0.1700 -0.9773
vn 0.3464 -0.0124 -0.9380
vn 0.2787 0.1701 -0.9452
vn 0.4707 -0.0117 -0.8822
vn 0.4236 0.1697 -0.8898
vn 0.5858 -0.0114 -0.8104
vn 0.5579 0.1685 -0.8126
vn 0.6899 -0.0117 -0.7238
vn 0.6783 0.1664 -0.7157
vn 0.7812 -0.0127 -0.6241
vn 0.7818 0.1632 -0.6018
vn 0.8581 -0.0144 -0.5133
vn 0.8659 0.1588 -0.4743
vn 0.9192 -0.0170 -0.3935
vn 0.9290 0.1533 -0.3369
vn 0.9635 -0.0203 -0.2669
vn 0.9701 0.1470 -0.1934
vn 0.9904 -0.0243 -0.1358
vn 0.9890 0.1398 -0.0474
vn 0.9996 -0.0291 -0.0025
vn 0.9864 0.1321 0.0975
vn 0.9908 -0.0344 0.1305
vn 0.9632 0.1240 0.2384
vn 0.9645 -0.0404 0.2611
vn 0.9208 0.1156 0.3724
vn 0.9208 -0.0468 0.3871
vn 0.8609 0.1070 0.4974
vn 0.8606 -0.0537 0.5064
vn 0.7852 0.0985 0.6113
vn 0.7846 -0.0610 0.6170
vn 0.6956 0.0900 0.7127
vn 0.6939 -0.0686 0.7168
vn 0.5941 0.0816 0.8002
vn 0.5896 -0.0765 0.8041
vn 0.4826 0.0733 0.8728
vn 0.4732 -0.0848 0.8768
vn 0.3632 0.0649 0.9294
vn 0.3466 -0.0936 0.9333
vn 0.2379 0.0562 0.9697
vn -0.0230 0.2282 0.9733
vn -0.1361 0.2187 0.9663
vn 0.0892 0.2406 0.9665
vn 0.2007 0.2536 0.9462
vn 0.3109 0.2672 0.9121
vn 0.4182 0.2818 0.8635
vn 0.5209 0.2974 0.8002
vn 0.6168 0.3144 0.7216
vn 0.7037 0.3326 0.6278
vn 0.7791 0.3521 0.5187
vn 0.8398 0.3725 0.3950
vn 0.8824 0.3936 0.2578
vn 0.9033 0.4148 0.1091
vn 0.8990 0.4354 -0.0475
vn 0.8663 0.4545 -0.2074
vn 0.8034 0.4712 -0.3642
vn 0.7102 0.4846 -0.5107
vn 0.5892 0.4941 -0.6393
vn 0.4453 0.4994 -0.7432
vn 0.2849 0.5006 -0.8174
vn 0.1157 0.4980 -0.8594
vn -0.0541 0.4910 -0.8695
vn -0.1557 0.5965 -0.7874
vn -0.2154 0.4769 -0.8521
vn -0.2858 0.5683 -0.7716
vn -0.3591 0.4521 -0.8165
vn -0.4012 0.5406 -0.7395
vn -0.4833 0.4200 -0.7681
vn -0.5082 0.5125 -0.6921
vn -0.5914 0.3879 -0.7070
vn -0.6855 0.3591 -0.6334
vn -0.7662 0.3341 -0.5489
vn -0.8335 0.3124 -0.4557
vn -0.8873 0.2936 -0.3557
vn -0.9275 0.2774 -0.2507
vn -0.9541 0.2634 -0.1426
vn -0.9673 0.2513 -0.0329
vn -0.9675 0.2411 0.0768
vn -0.9548 0.2324 0.1853
vn -0.9298 0.2253 0.2911
vn -0.8929 0.2197 0.3930
vn -0.8447 0.2153 0.4900
vn -0.7859 0.2123 0.5808
vn -0.7171 0.2105 0.6644
vn -0.6391 0.2098 0.7400
vn -0.5526 0.2100 0.8065
vn -0.4584 0.2110 0.8633
vn -0.3569 0.2124 0.9097
vn -0.2487 0.2143 0.9446
vn -0.4815 0.5198 -0.7057
vn -0.4043 0.4140 -0.8156
vn -0.2700 0.4339 -0.8595
vn -0.3449 0.5544 -0.7574
vn -0.5980 0.4872 -0.6364
vn -0.5263 0.3935 -0.7538
vn -0.6331 0.3709 -0.6794
vn -0.7246 0.3480 -0.5949
vn -0.8010 0.3264 -0.5019
vn -0.8626 0.3068 -0.4022
vn -0.9098 0.2895 -0.2975
vn -0.9428 0.2742 -0.1894
vn -0.9621 0.2610 -0.0794
vn -0.9678 0.2496 0.0311
vn -0.9605 0.2400 0.1406
vn -0.9406 0.2320 0.2478
vn -0.9086 0.2256 0.3516
vn -0.8650 0.2206 0.4507
vn -0.8105 0.2171 0.5441
vn -0.7458 0.2151 0.6305
vn -0.6719 0.2146 0.7089
vn -0.5896 0.2156 0.7784
vn -0.5002 0.2184 0.8379
vn -0.4050 0.2232 0.8866
vn -0.3058 0.2305 0.9238
vn -0.2037 0.2392 0.9494
vn -0.0975 0.2464 0.9642
vn 0.0133 0.2520 0.9676
vn 0.1263 0.2590 0.9576
vn 0.2388 0.2685 0.9332
vn 0.3489 0.2803 0.8943
vn 0.4553 0.2941 0.8404
vn 0.5560 0.3098 0.7713
vn 0.6490 0.3272 0.6868
vn 0.7320 0.3462 0.5868
vn 0.8021 0.3666 0.4715
vn 0.8560 0.3881 0.3416
vn 0.8902 0.4102 0.1984
vn 0.9007 0.4321 0.0447
vn 0.8839 0.4531 -0.1157
vn 0.8370 0.4719 -0.2772
vn 0.7585 0.4872 -0.4328
vn 0.6496 0.4980 -0.5745
vn 0.5143 0.5032 -0.6945
vn 0.3595 0.5020 -0.7866
vn 0.1946 0.4939 -0.8475
vn -0.0242 0.6219 -0.7827
vn 0.0299 0.4786 -0.8775
vn -0.1907 0.5893 -0.7851
vn -0.1258 0.4569 -0.8806
vn -0.4688 0.8829 0.0269
vn -0.4850 0.8003 0.3524
vn -0.4936 0.7934 0.3561
vn -0.5281 0.8489 0.0202
vn -0.4052 0.9131 0.0457
vn -0.4725 0.8092 0.3493
vn -0.3404 0.9372 0.0759
vn -0.4570 0.8148 0.3567
vn -0.2766 0.9539 0.1162
vn -0.3045 0.9475 0.0971
vn -0.5394 0.5504 0.6372
vn -0.2164 0.9624 0.1645
vn -0.2409 0.9599 0.1434
vn -0.5767 0.5487 0.6053
vn -0.1623 0.9623 0.2181
vn -0.1795 0.9633 0.1998
vn -0.6108 0.5490 0.5705
vn -0.1164 0.9546 0.2741
vn -0.1236 0.9565 0.2644
vn -0.6416 0.5514 0.5333
vn -0.0791 0.9406 0.3302
vn -0.0769 0.9394 0.3340
vn -0.6687 0.5557 0.4941
vn -0.0427 0.9141 0.4033
vn -0.6919 0.5620 0.4533
vn -0.0224 0.8835 0.4679
vn -0.7110 0.5702 0.4115
vn -0.0148 0.8505 0.5258
vn -0.7258 0.5804 0.3692
vn -0.0180 0.8169 0.5765
vn -0.7361 0.5925 0.3273
vn -0.0305 0.7839 0.6202
vn -0.7419 0.6062 0.2865
vn -0.0507 0.7523 0.6569
vn -0.7433 0.6215 0.2475
vn -0.7433 0.6185 0.2549
vn -0.0772 0.7227 0.6868
vn -0.7404 0.6384 0.2102
vn -0.7401 0.6395 0.2081
vn -0.1087 0.6955 0.7103
vn -0.7331 0.6576 0.1738
vn -0.7303 0.6631 0.1643
vn -0.1442 0.6707 0.7275
vn -0.7205 0.6795 0.1383
vn -0.7141 0.6887 0.1251
vn -0.1825 0.6486 0.7390
vn -0.7020 0.7044 0.1048
vn -0.6919 0.7163 0.0911
vn -0.2226 0.6290 0.7449
vn -0.6769 0.7323 0.0748
vn -0.6637 0.7454 0.0630
vn -0.5625 0.7712 0.2980
vn -0.6300 0.7755 0.0415
vn -0.5494 0.7902 0.2715
vn -0.5916 0.8058 0.0274
vn -0.5264 0.8115 0.2538
vn -0.5500 0.8349 0.0208
vn -0.4943 0.8298 0.2591
vn -0.5052 0.8627 0.0214
vn -0.4612 0.8396 0.2872
vn -0.4547 0.8901 0.0300
vn -0.4338 0.8412 0.3228
vn -0.3978 0.9162 0.0485
vn -0.4963 0.5546 0.6679
vn -0.3082 0.9466 0.0949
vn -0.3362 0.9385 0.0781
vn -0.5344 0.5508 0.6411
vn -0.2458 0.9592 0.1395
vn -0.2726 0.9547 0.1189
vn -0.5707 0.5488 0.6108
vn -0.1884 0.9634 0.1908
vn -0.2097 0.9628 0.1705
vn -0.6047 0.5488 0.5772
vn -0.1383 0.9594 0.2460
vn -0.1507 0.9612 0.2312
vn -0.6359 0.5507 0.5407
vn -0.0967 0.9483 0.3022
vn -0.0989 0.9492 0.2989
vn -0.6638 0.5547 0.5017
vn -0.0635 0.9315 0.3582
vn -0.0581 0.9276 0.3690
vn -0.6882 0.5607 0.4604
vn -0.0384 0.9094 0.4142
vn -0.7087 0.5690 0.4172
vn -0.0220 0.8827 0.4695
vn -0.7249 0.5796 0.3723
vn -0.0148 0.8528 0.5221
vn -0.7363 0.5929 0.3261
vn -0.0170 0.8212 0.5704
vn -0.7425 0.6091 0.2788
vn -0.0279 0.7893 0.6134
vn -0.7424 0.6297 0.2287
vn -0.7426 0.6286 0.2313
vn -0.0464 0.7581 0.6505
vn -0.7374 0.6477 0.1919
vn -0.7360 0.6510 0.1857
vn -0.0716 0.7283 0.6815
vn -0.7275 0.6682 0.1559
vn -0.7230 0.6757 0.1441
vn -0.1024 0.7005 0.7063
vn -0.7120 0.6916 0.1212
vn -0.7038 0.7023 0.1074
vn -0.1379 0.6748 0.7250
vn -0.6903 0.7180 0.0893
vn -0.6785 0.7306 0.0763
vn -0.1773 0.6514 0.7377
vn -0.6616 0.7473 0.0615
vn -0.5306 0.7760 0.3410
vn -0.6254 0.7793 0.0395
vn -0.5183 0.7848 0.3396
vn -0.5808 0.8136 0.0250
vn -0.5043 0.7902 0.3483
vn 0.1812 -0.2913 0.9393
vn 0.3253 -0.2759 0.9045
vn 0.4558 -0.2583 0.8518
vn 0.5730 -0.2416 0.7831
vn 0.6765 -0.2263 0.7008
vn 0.7656 -0.2124 0.6072
vn 0.8400 -0.1998 0.5044
vn 0.8994 -0.1883 0.3945
vn 0.9436 -0.1780 0.2793
vn 0.9725 -0.1687 0.1606
vn 0.9862 -0.1606 0.0402
vn 0.9849 -0.1536 -0.0803
vn 0.9688 -0.1476 -0.1991
vn 0.9384 -0.1427 -0.3148
vn 0.8942 -0.1388 -0.4257
vn 0.8369 -0.1359 -0.5303
vn 0.7673 -0.1340 -0.6272
vn 0.6863 -0.1330 -0.7150
vn 0.5951 -0.1328 -0.7926
vn 0.4946 -0.1334 -0.8588
vn 0.3860 -0.1344 -0.9127
vn 0.2702 -0.1357 -0.9532
vn 0.1489 -0.1379 -0.9792
vn 0.0254 -0.1433 -0.9894
vn -0.0972 -0.1520 -0.9836
vn -0.2183 -0.1616 -0.9624
vn -0.3370 -0.1714 -0.9258
vn -0.4518 -0.1815 -0.8735
vn -0.5605 -0.1921 -0.8056
vn -0.6611 -0.2033 -0.7222
vn -0.7514 -0.2150 -0.6239
vn -0.8289 -0.2271 -0.5112
vn -0.8911 -0.2395 -0.3854
vn -0.9354 -0.2519 -0.2480
vn -0.9592 -0.2640 -0.1014
vn -0.9599 -0.2755 0.0513
vn -0.9358 -0.2860 0.2062
vn -0.8857 -0.2950 0.3585
vn -0.8096 -0.3023 0.5031
vn -0.7092 -0.3074 0.6345
vn -0.5871 -0.3102 0.7477
vn -0.4476 -0.3107 0.8385
vn -0.2956 -0.3092 0.9039
vn -0.1361 -0.3060 0.9422
vn 0.0252 -0.3009 0.9533
vn 0.1048 -0.1684 -0.9801
vn -0.0143 -0.1732 -0.9848
vn -0.1357 -0.1778 -0.9747
vn -0.2563 -0.1841 -0.9489
vn -0.3740 -0.1921 -0.9073
vn -0.4869 -0.2016 -0.8499
vn -0.5931 -0.2122 -0.7767
vn -0.6904 -0.2238 -0.6879
vn -0.7766 -0.2362 -0.5841
vn -0.8490 -0.2492 -0.4659
vn -0.9051 -0.2626 -0.3345
vn -0.9418 -0.2760 -0.1918
vn -0.9565 -0.2890 -0.0405
vn -0.9465 -0.3012 0.1161
vn -0.9099 -0.3120 0.2733
vn -0.8461 -0.3207 0.4257
vn -0.7557 -0.3268 0.5676
vn -0.6411 -0.3299 0.6929
vn -0.5068 -0.3293 0.7967
vn -0.3586 -0.3250 0.8751
vn -0.2034 -0.3165 0.9266
vn -0.0480 -0.3040 0.9515
vn 0.1027 -0.2896 0.9516
vn 0.2483 -0.2777 0.9280
vn 0.3868 -0.2682 0.8823
vn 0.5137 -0.2575 0.8184
vn 0.6266 -0.2452 0.7398
vn 0.7244 -0.2322 0.6491
vn 0.8067 -0.2195 0.5487
vn 0.8734 -0.2074 0.4406
vn 0.9245 -0.1962 0.3267
vn 0.9601 -0.1860 0.2090
vn 0.9802 -0.1770 0.0891
vn 0.9851 -0.1690 -0.0313
vn 0.9752 -0.1623 -0.1506
vn 0.9508 -0.1566 -0.2672
vn 0.9126 -0.1521 -0.3795
vn 0.8611 -0.1487 -0.4861
vn 0.7973 -0.1465 -0.5855
vn 0.7220 -0.1455 -0.6764
vn 0.6364 -0.1457 -0.7575
vn 0.5417 -0.1472 -0.8276
vn 0.4396 -0.1502 -0.8856
vn 0.3316 -0.1551 -0.9306
vn 0.2198 -0.1617 -0.9620
vn 0.3118 -0.5012 -0.8072
vn 0.3640 -0.4915 -0.7911
vn 0.5092 -0.8184 0.2663
vn 0.4322 -0.8596 0.2725
vn 0.4193 -0.8661 0.2722
vn 0.4174 -0.4832 -0.7696
vn 0.3425 -0.9017 0.2638
vn 0.3208 -0.9110 0.2592
vn 0.4712 -0.4765 -0.7423
vn 0.2408 -0.9416 0.2355
vn 0.2179 -0.9493 0.2264
vn 0.5238 -0.4716 -0.7094
vn 0.1314 -0.9741 0.1841
vn 0.1155 -0.9778 0.1746
vn 0.5741 -0.4686 -0.6714
vn 0.0209 -0.9939 0.1084
vn 0.0186 -0.9941 0.1065
vn 0.6213 -0.4676 -0.6288
vn -0.0815 -0.9966 0.0115
vn -0.0690 -0.9973 0.0252
vn 0.6648 -0.4686 -0.5818
vn -0.1662 -0.9812 -0.0983
vn -0.1443 -0.9873 -0.0660
vn 0.7041 -0.4715 -0.5309
vn -0.2270 -0.9507 -0.2112
vn -0.2047 -0.9650 -0.1639
vn 0.7387 -0.4766 -0.4766
vn -0.2632 -0.9103 -0.3195
vn -0.2474 -0.9323 -0.2637
vn 0.7682 -0.4839 -0.4192
vn -0.2714 -0.8923 -0.3607
vn 0.7921 -0.4935 -0.3592
vn -0.2773 -0.8483 -0.4510
vn 0.8100 -0.5056 -0.2970
vn -0.2671 -0.8033 -0.5324
vn 0.8215 -0.5204 -0.2330
vn -0.2432 -0.7592 -0.6037
vn 0.8259 -0.5384 -0.1676
vn 0.8253 -0.5477 -0.1373
vn -0.2081 -0.7175 -0.6647
vn 0.8224 -0.5599 -0.1014
vn 0.8193 -0.5678 -0.0793
vn -0.1642 -0.6790 -0.7156
vn 0.8100 -0.5853 -0.0354
vn 0.8069 -0.5903 -0.0237
vn -0.1133 -0.6439 -0.7567
vn 0.7882 -0.6147 0.0284
vn 0.7877 -0.6153 0.0295
vn -0.0569 -0.6124 -0.7885
vn 0.7568 -0.6478 0.0874
vn 0.7611 -0.6436 0.0805
vn 0.0037 -0.5843 -0.8115
vn 0.7161 -0.6839 0.1394
vn 0.7255 -0.6760 0.1289
vn 0.0675 -0.5594 -0.8261
vn 0.6666 -0.7226 0.1829
vn 0.6797 -0.7128 0.1728
vn 0.1341 -0.5376 -0.8325
vn 0.6093 -0.7629 0.2163
vn 0.6221 -0.7542 0.2100
vn 0.2029 -0.5185 -0.8307
vn 0.5460 -0.8031 0.2385
vn 0.5519 -0.7996 0.2369
vn 0.2730 -0.5021 -0.8206
vn 0.4762 -0.8432 0.2495
vn 0.4694 -0.8469 0.2499
vn 0.3425 -0.4886 -0.8025
vn 0.3957 -0.8843 0.2480
vn 0.3769 -0.8931 0.2455
vn 0.4094 -0.4780 -0.7771
vn 0.3028 -0.9249 0.2298
vn 0.2780 -0.9346 0.2220
vn 0.4721 -0.4703 -0.7456
vn 0.2001 -0.9610 0.1909
vn 0.1774 -0.9676 0.1794
vn 0.5301 -0.4651 -0.7090
vn 0.0928 -0.9873 0.1288
vn 0.0798 -0.9896 0.1197
vn 0.5836 -0.4622 -0.6676
vn -0.0118 -0.9989 0.0444
vn -0.0101 -0.9989 0.0460
vn 0.6326 -0.4615 -0.6220
vn -0.1044 -0.9929 -0.0573
vn -0.0892 -0.9953 -0.0382
vn 0.6768 -0.4629 -0.5724
vn -0.1767 -0.9700 -0.1669
vn -0.1554 -0.9793 -0.1301
vn 0.7160 -0.4664 -0.5195
vn -0.2250 -0.9347 -0.2753
vn -0.2060 -0.9521 -0.2262
vn 0.7500 -0.4719 -0.4635
vn -0.2501 -0.8919 -0.3768
vn 0.7784 -0.4795 -0.4051
vn -0.2551 -0.8459 -0.4683
vn 0.8010 -0.4893 -0.3448
vn -0.2432 -0.7999 -0.5486
vn 0.8176 -0.5013 -0.2833
vn -0.2180 -0.7557 -0.6176
vn 0.8277 -0.5157 -0.2212
vn -0.1821 -0.7145 -0.6755
vn 0.8301 -0.5227 -0.1945
vn 0.8314 -0.5324 -0.1594
vn -0.1381 -0.6769 -0.7230
vn 0.8306 -0.5422 -0.1273
vn 0.8283 -0.5515 -0.0988
vn -0.0880 -0.6430 -0.7607
vn 0.8226 -0.5655 -0.0596
vn 0.8187 -0.5729 -0.0402
vn -0.0335 -0.6129 -0.7894
vn 0.8053 -0.5928 0.0072
vn 0.8023 -0.5967 0.0158
vn 0.0241 -0.5863 -0.8097
vn 0.7781 -0.6242 0.0707
vn 0.7788 -0.6234 0.0694
vn 0.0834 -0.5632 -0.8221
vn 0.7411 -0.6590 0.1284
vn 0.7470 -0.6538 0.1206
vn 0.1433 -0.5432 -0.8273
vn 0.6948 -0.6968 0.1784
vn 0.7054 -0.6885 0.1683
vn 0.2022 -0.5264 -0.8259
vn 0.6397 -0.7368 0.2189
vn 0.6527 -0.7278 0.2106
vn 0.2586 -0.5125 -0.8188
vn 0.5774 -0.7777 0.2484
vn 0.5873 -0.7715 0.2445
vn -0.1113 -0.4562 0.8829
vn -0.2614 -0.4330 0.8627
vn -0.2609 -0.5088 0.8204
vn -0.1135 -0.5353 0.8370
vn 0.0381 0.3847 0.9223
vn 0.1298 0.3713 0.9194
vn 0.2330 0.5058 0.8306
vn 0.1675 0.5218 0.8365
vn -0.0546 0.4003 0.9148
vn 0.1016 0.5404 0.8353
vn -0.1473 0.4183 0.8963
vn 0.0360 0.5618 0.8265
vn -0.2389 0.4389 0.8662
vn -0.0288 0.5864 0.8095
vn -0.3283 0.4624 0.8236
vn -0.0919 0.6145 0.7835
vn -0.4141 0.4890 0.7678
vn -0.1525 0.6466 0.7474
vn -0.4944 0.5187 0.6975
vn -0.2090 0.6828 0.7000
vn -0.5670 0.5518 0.6116
vn -0.2588 0.7219 0.6417
vn -0.6288 0.5880 0.5088
vn -0.5269 0.6628 0.5321
vn -0.6754 0.6270 0.3881
vn -0.5621 0.7026 0.4363
vn -0.7016 0.6670 0.2508
vn -0.5823 0.7429 0.3301
vn -0.7022 0.7048 0.1008
vn -0.5847 0.7835 0.2104
vn -0.5528 0.8325 0.0369
vn -0.5635 0.8226 0.0762
vn -0.4922 0.8636 -0.1095
vn -0.5121 0.8562 -0.0688
vn -0.4079 0.8810 -0.2399
vn -0.4255 0.8788 -0.2161
vn -0.3111 0.8850 -0.3463
vn -0.3065 0.8850 -0.3506
vn -0.1964 0.8770 -0.4386
vn -0.1650 0.8731 -0.4587
vn -0.0587 0.8550 -0.5152
vn -0.0164 0.8464 -0.5324
vn 0.0906 0.8201 -0.5650
vn 0.1263 0.8104 -0.5721
vn 0.1568 0.6932 -0.7035
vn 0.2561 0.7705 -0.5837
vn 0.3031 0.6542 -0.6929
vn 0.3710 0.7300 -0.5740
vn 0.4352 0.6143 -0.6582
vn 0.4734 0.6898 -0.5478
vn 0.5496 0.5761 -0.6051
vn 0.5991 0.7493 -0.2821
vn 0.6462 0.5408 -0.5385
vn 0.6639 0.7092 -0.2373
vn 0.7262 0.5088 -0.4623
vn 0.7183 0.6708 -0.1845
vn 0.7909 0.4801 -0.3794
vn 0.7614 0.6359 -0.1260
vn 0.8415 0.4546 -0.2918
vn 0.7935 0.6051 -0.0642
vn 0.8791 0.4320 -0.2012
vn 0.8159 0.5782 -0.0002
vn 0.9046 0.4122 -0.1088
vn 0.8296 0.5546 0.0650
vn 0.9185 0.3950 -0.0159
vn 0.8352 0.5341 0.1309
vn 0.9217 0.3802 0.0766
vn 0.8335 0.5164 0.1967
vn 0.9148 0.3675 0.1678
vn 0.8248 0.5012 0.2619
vn 0.8981 0.3568 0.2570
vn 0.8095 0.4883 0.3259
vn 0.8723 0.3480 0.3434
vn 0.7882 0.4775 0.3883
vn 0.8379 0.3408 0.4263
vn 0.7611 0.4683 0.4487
vn 0.7954 0.3349 0.5052
vn 0.7288 0.4601 0.5071
vn 0.7451 0.3297 0.5797
vn 0.6914 0.4517 0.5638
vn 0.6870 0.3258 0.6495
vn 0.6476 0.4444 0.6190
vn 0.6208 0.3267 0.7126
vn 0.5952 0.4462 0.6684
vn 0.5489 0.3313 0.7674
vn 0.5388 0.4545 0.7093
vn 0.4725 0.3367 0.8145
vn 0.4813 0.4627 0.7445
vn 0.3919 0.3429 0.8537
vn 0.4220 0.4711 0.7746
vn 0.3075 0.3506 0.8846
vn 0.3607 0.4807 0.7992
vn 0.2199 0.3600 0.9067
vn 0.2975 0.4922 0.8181
vn 0.1124 -0.0333 -0.9931
vn 0.2446 -0.0391 -0.9688
vn 0.3656 0.1290 -0.9218
vn 0.2291 0.1388 -0.9635
vn 0.6627 0.7124 -0.2308
vn 0.5593 0.6532 -0.5103
vn 0.5175 0.5937 -0.6162
vn 0.6152 0.5583 -0.5566
vn 0.7146 0.6763 -0.1791
vn 0.6983 0.5253 -0.4862
vn 0.7547 0.6441 -0.1243
vn 0.7672 0.4952 -0.4077
vn 0.7860 0.6147 -0.0665
vn 0.8224 0.4681 -0.3233
vn 0.8089 0.5879 -0.0058
vn 0.8646 0.4440 -0.2350
vn 0.8238 0.5640 0.0569
vn 0.8946 0.4228 -0.1443
vn 0.8310 0.5430 0.1207
vn 0.9131 0.4043 -0.0523
vn 0.8309 0.5247 0.1849
vn 0.9206 0.3884 0.0398
vn 0.8239 0.5092 0.2489
vn 0.9178 0.3748 0.1311
vn 0.8102 0.4962 0.3120
vn 0.9051 0.3633 0.2208
vn 0.7903 0.4857 0.3735
vn 0.8831 0.3541 0.3079
vn 0.7643 0.4779 0.4329
vn 0.8521 0.3469 0.3918
vn 0.7326 0.4730 0.4894
vn 0.8128 0.3418 0.4717
vn 0.6955 0.4718 0.5419
vn 0.7656 0.3393 0.5465
vn 0.6540 0.4750 0.5888
vn 0.7114 0.3396 0.6153
vn 0.6115 0.4773 0.6310
vn 0.6518 0.3404 0.6778
vn 0.5680 0.4736 0.6732
vn 0.5868 0.3393 0.7352
vn 0.5187 0.4717 0.7131
vn 0.5155 0.3398 0.7866
vn 0.4644 0.4742 0.7480
vn 0.4385 0.3432 0.8306
vn 0.4066 0.4801 0.7773
vn 0.3569 0.3489 0.8665
vn 0.3462 0.4888 0.8007
vn 0.2716 0.3568 0.8938
vn 0.2839 0.5001 0.8181
vn 0.1834 0.3668 0.9121
vn 0.2204 0.5139 0.8291
vn 0.0931 0.3789 0.9208
vn 0.1562 0.5303 0.8333
vn 0.0014 0.3932 0.9194
vn 0.0921 0.5494 0.8305
vn -0.0907 0.4100 0.9076
vn 0.0286 0.5714 0.8202
vn -0.1822 0.4293 0.8846
vn -0.0333 0.5962 0.8022
vn -0.2720 0.4514 0.8499
vn -0.0929 0.6238 0.7760
vn -0.3587 0.4764 0.8027
vn -0.1494 0.6541 0.7415
vn -0.4408 0.5045 0.7424
vn -0.2028 0.6873 0.6975
vn -0.5163 0.5356 0.6683
vn -0.2529 0.7250 0.6407
vn -0.5827 0.5694 0.5799
vn -0.5322 0.6682 0.5200
vn -0.6372 0.6053 0.4770
vn -0.5713 0.7173 0.3989
vn -0.6768 0.6424 0.3595
vn -0.5863 0.7671 0.2604
vn -0.6977 0.6797 0.2262
vn -0.5718 0.8127 0.1121
vn -0.5775 0.8034 0.1450
vn -0.5260 0.8496 -0.0375
vn -0.5419 0.8404 0.0047
vn -0.4522 0.8741 -0.1775
vn -0.4732 0.8693 -0.1430
vn -0.3608 0.8845 -0.2957
vn -0.3695 0.8841 -0.2859
vn -0.2569 0.8826 -0.3937
vn -0.2377 0.8812 -0.4086
vn -0.1299 0.8678 -0.4797
vn -0.0906 0.8613 -0.5000
vn 0.0153 0.8390 -0.5439
vn 0.0562 0.8292 -0.5561
vn 0.1658 0.7989 -0.5782
vn 0.1332 0.7044 -0.6972
vn 0.3118 0.7514 -0.5815
vn 0.2774 0.6678 -0.6907
vn 0.4453 0.7013 -0.5567
vn 0.4052 0.6305 -0.6620
vn -0.1559 -0.0241 -0.9875
vn -0.0219 -0.0283 -0.9994
vn 0.0854 0.1483 -0.9853
vn -0.0627 0.1569 -0.9856
vn -0.3382 -0.3948 -0.8542
vn -0.2594 -0.4041 -0.8772
vn -0.1687 -0.2673 -0.9487
vn -0.2713 -0.2603 -0.9266
vn -0.0955 -0.4298 -0.8979
vn -0.0120 -0.4464 -0.8947
vn 0.1513 -0.2982 -0.9424
vn 0.0437 -0.2862 -0.9572
vn 0.0714 -0.4657 -0.8820
vn 0.2581 -0.3119 -0.9144
vn 0.3725 -0.0454 -0.9269
vn 0.4925 0.1191 -0.8621
vn 0.1540 -0.4878 -0.8592
vn 0.3629 -0.3274 -0.8724
vn 0.4937 -0.0523 -0.8680
vn 0.6080 0.1093 -0.7864
vn 0.2345 -0.5129 -0.8258
vn 0.4639 -0.3448 -0.8161
vn 0.6063 -0.0595 -0.7930
vn 0.7105 0.0998 -0.6965
vn 0.3119 -0.5408 -0.7812
vn 0.5594 -0.3640 -0.7447
vn 0.7082 -0.0671 -0.7028
vn 0.7989 0.0907 -0.5946
vn 0.3846 -0.5713 -0.7251
vn 0.6471 -0.3851 -0.6580
vn 0.7975 -0.0748 -0.5987
vn 0.8720 0.0821 -0.4826
vn 0.6413 -0.4537 -0.6187
vn 0.7246 -0.4080 -0.5555
vn 0.8722 -0.0825 -0.4821
vn 0.9290 0.0740 -0.3626
vn 0.7122 -0.4820 -0.5104
vn 0.7886 -0.4323 -0.4373
vn 0.9306 -0.0901 -0.3549
vn 0.9693 0.0666 -0.2365
vn 0.7681 -0.5120 -0.3846
vn 0.8354 -0.4578 -0.3041
vn 0.9708 -0.0975 -0.2190
vn 0.9925 0.0600 -0.1065
vn 0.8043 -0.5430 -0.2414
vn 0.8610 -0.4836 -0.1575
vn 0.9916 -0.1043 -0.0769
vn 0.9982 0.0542 0.0253
vn 0.8150 -0.5735 -0.0828
vn 0.8609 -0.5088 -0.0003
vn 0.9915 -0.1104 0.0685
vn 0.9864 0.0495 0.1567
vn 0.7942 -0.6014 0.0868
vn 0.8310 -0.5319 0.1628
vn 0.9700 -0.1152 0.2140
vn 0.9573 0.0460 0.2854
vn 0.7373 -0.6237 0.2597
vn 0.7690 -0.5504 0.3252
vn 0.9269 -0.1184 0.3561
vn 0.9115 0.0442 0.4090
vn 0.6432 -0.6376 0.4241
vn 0.6253 -0.6388 0.4484
vn 0.8631 -0.1187 0.4908
vn 0.8499 0.0452 0.5249
vn 0.5834 -0.6393 0.5010
vn 0.7807 -0.1155 0.6141
vn 0.7746 0.0496 0.6305
vn 0.4501 -0.6377 0.6251
vn 0.3666 -0.6342 0.6807
vn 0.4001 -0.6364 0.6595
vn 0.6823 -0.1134 0.7222
vn 0.6881 0.0522 0.7237
vn 0.1972 -0.6173 0.7616
vn 0.2661 -0.5452 0.7949
vn 0.5682 -0.1169 0.8145
vn 0.5901 0.0479 0.8059
vn 0.0238 -0.5929 0.8049
vn 0.1021 -0.5248 0.8451
vn 0.4401 -0.1190 0.8900
vn 0.4803 0.0445 0.8760
vn -0.1430 -0.5640 0.8133
vn -0.0600 -0.5009 0.8635
vn 0.3020 -0.1176 0.9460
vn 0.3610 0.0446 0.9315
vn -0.2968 -0.5331 0.7923
vn -0.2141 -0.4753 0.8534
vn 0.1581 -0.1138 0.9808
vn 0.2352 0.0469 0.9708
vn -0.4341 -0.5022 0.7479
vn -0.3563 -0.4495 0.8191
vn 0.0121 -0.1085 0.9940
vn 0.1051 0.0509 0.9932
vn -0.5537 -0.4727 0.6855
vn -0.4843 -0.4244 0.7651
vn -0.1325 -0.1022 0.9859
vn -0.0267 0.0560 0.9981
vn -0.6558 -0.4452 0.6098
vn -0.5968 -0.4005 0.6953
vn -0.2727 -0.0952 0.9574
vn -0.1581 0.0620 0.9855
vn -0.7478 -0.5613 0.3546
vn -0.6935 -0.3782 0.6133
vn -0.4056 -0.0877 0.9099
vn -0.2868 0.0689 0.9555
vn -0.7995 -0.5316 0.2797
vn -0.7744 -0.3576 0.5220
vn -0.5290 -0.0800 0.8449
vn -0.4107 0.0765 0.9086
vn -0.8397 -0.5045 0.2008
vn -0.8399 -0.3390 0.4239
vn -0.6409 -0.0723 0.7642
vn -0.5277 0.0848 0.8452
vn -0.8689 -0.4804 0.1192
vn -0.8906 -0.3222 0.3210
vn -0.7398 -0.0646 0.6697
vn -0.6360 0.0936 0.7660
vn -0.8876 -0.4593 0.0361
vn -0.9270 -0.3073 0.2151
vn -0.8243 -0.0572 0.5633
vn -0.7333 0.1028 0.6721
vn -0.8963 -0.4408 -0.0476
vn -0.9497 -0.2942 0.1076
vn -0.8931 -0.0501 0.4470
vn -0.8178 0.1125 0.5644
vn -0.8957 -0.4250 -0.1309
vn -0.9592 -0.2828 -0.0001
vn -0.9454 -0.0433 0.3229
vn -0.8875 0.1223 0.4444
vn -0.8860 -0.4117 -0.2131
vn -0.9561 -0.2730 -0.1067
vn -0.9805 -0.0372 0.1931
vn -0.9403 0.1322 0.3136
vn -0.8679 -0.4008 -0.2934
vn -0.9409 -0.2649 -0.2111
vn -0.9977 -0.0316 0.0598
vn -0.9744 0.1419 0.1742
vn -0.8416 -0.3924 -0.3711
vn -0.9141 -0.2584 -0.3124
vn -0.9968 -0.0269 -0.0747
vn -0.9881 0.1511 0.0286
vn -0.8076 -0.3865 -0.4454
vn -0.8765 -0.2535 -0.4093
vn -0.9779 -0.0230 -0.2079
vn -0.9799 0.1594 -0.1201
vn -0.7663 -0.3838 -0.5152
vn -0.8285 -0.2506 -0.5009
vn -0.9411 -0.0204 -0.3375
vn -0.9490 0.1657 -0.2683
vn -0.7183 -0.3854 -0.5792
vn -0.7709 -0.2499 -0.5859
vn -0.8873 -0.0194 -0.4608
vn -0.8955 0.1689 -0.4118
vn -0.6659 -0.3899 -0.6360
vn -0.7051 -0.2510 -0.6632
vn -0.8177 -0.0209 -0.5753
vn -0.8212 0.1667 -0.5458
vn -0.6118 -0.3886 -0.6890
vn -0.6322 -0.2506 -0.7331
vn -0.7345 -0.0241 -0.6782
vn -0.7294 0.1607 -0.6649
vn -0.5523 -0.3844 -0.7398
vn -0.5517 -0.2498 -0.7957
vn -0.6392 -0.0232 -0.7687
vn -0.6212 0.1624 -0.7666
vn -0.4858 -0.3842 -0.7851
vn -0.4639 -0.2513 -0.8495
vn -0.5315 -0.0201 -0.8468
vn -0.4960 0.1681 -0.8519
vn -0.4140 -0.3881 -0.8234
vn -0.3701 -0.2549 -0.8933
vn -0.4133 -0.0195 -0.9104
vn -0.3577 0.1683 -0.9185
vn -0.2872 -0.0211 -0.9576
vn -0.2118 0.1639 -0.9635
vn -0.1782 -0.4157 -0.8919
vn -0.0634 -0.2760 -0.9591
vn -0.5234 -0.3878 0.7587
vn -0.6318 -0.3667 0.6829
vn -0.6225 -0.4299 0.6539
vn -0.5169 -0.4553 0.7249
vn 0.0467 -0.4793 0.8764
vn 0.0425 -0.5596 0.8276
vn 0.2066 -0.5019 0.8399
vn 0.2013 -0.5801 0.7893
vn 0.3609 -0.5240 0.7715
vn 0.3538 -0.5949 0.7218
vn 0.5031 -0.5425 0.6727
vn 0.4871 -0.6026 0.6322
vn 0.6306 -0.5459 0.5518
vn 0.5957 -0.6036 0.5299
vn 0.7389 -0.5306 0.4152
vn 0.6910 -0.5981 0.4059
vn 0.8189 -0.5091 0.2650
vn 0.7682 -0.5856 0.2589
vn 0.8671 -0.4866 0.1065
vn 0.8177 -0.5667 0.1014
vn 0.8844 -0.4637 -0.0527
vn 0.8376 -0.5434 -0.0561
vn 0.8738 -0.4404 -0.2060
vn 0.8304 -0.5174 -0.2068
vn 0.8392 -0.4173 -0.3487
vn 0.7996 -0.4905 -0.3465
vn 0.7848 -0.3948 -0.4778
vn 0.7495 -0.4637 -0.4726
vn 0.7144 -0.3733 -0.5919
vn 0.6837 -0.4379 -0.5838
vn 0.6315 -0.3532 -0.6902
vn 0.4060 -0.5443 -0.7341
vn 0.5392 -0.3346 -0.7729
vn 0.3258 -0.5140 -0.7935
vn 0.4397 -0.3176 -0.8401
vn 0.2420 -0.4872 -0.8391
vn 0.3353 -0.3023 -0.8923
vn 0.1560 -0.4636 -0.8722
vn 0.2277 -0.2886 -0.9300
vn 0.0688 -0.4430 -0.8939
vn 0.1183 -0.2764 -0.9537
vn -0.0187 -0.4250 -0.9050
vn 0.0087 -0.2658 -0.9640
vn -0.1056 -0.4095 -0.9062
vn -0.1000 -0.2566 -0.9613
vn -0.1913 -0.3962 -0.8980
vn -0.2065 -0.2488 -0.9463
vn -0.2751 -0.3849 -0.8810
vn -0.3099 -0.2423 -0.9194
vn -0.3562 -0.3754 -0.8557
vn -0.4091 -0.2369 -0.8812
vn -0.4344 -0.3671 -0.8225
vn -0.5032 -0.2324 -0.8324
vn -0.5094 -0.3593 -0.7819
vn -0.5915 -0.2282 -0.7734
vn -0.5815 -0.3507 -0.7341
vn -0.6732 -0.2254 -0.7043
vn -0.6503 -0.3440 -0.6773
vn -0.7463 -0.2270 -0.6257
vn -0.7111 -0.3479 -0.6110
vn -0.8093 -0.2310 -0.5400
vn -0.7622 -0.3567 -0.5402
vn -0.8624 -0.2354 -0.4482
vn -0.8058 -0.3646 -0.4667
vn -0.9050 -0.2405 -0.3510
vn -0.8421 -0.3726 -0.3899
vn -0.9365 -0.2466 -0.2492
vn -0.8708 -0.3817 -0.3099
vn -0.9565 -0.2540 -0.1437
vn -0.8913 -0.3924 -0.2271
vn -0.9642 -0.2627 -0.0357
vn -0.9032 -0.4050 -0.1420
vn -0.9592 -0.2728 0.0739
vn -0.9059 -0.4198 -0.0555
vn -0.9409 -0.2845 0.1836
vn -0.8989 -0.4369 0.0320
vn -0.9088 -0.2977 0.2923
vn -0.8815 -0.4567 0.1196
vn -0.8623 -0.3125 0.3984
vn -0.8530 -0.4793 0.2064
vn -0.8010 -0.3290 0.5002
vn -0.8124 -0.5050 0.2914
vn -0.7242 -0.3471 0.5958
vn -0.7584 -0.5342 0.3734
vn -0.3996 -0.4100 0.8199
vn -0.3961 -0.4818 0.7816
vn -0.0652 -0.1004 0.9928
vn 0.0256 0.0511 0.9984
vn -0.1051 0.0573 0.9928
vn -0.2057 -0.0934 0.9742
vn 0.2218 -0.1132 0.9685
vn 0.2843 0.0403 0.9579
vn 0.1561 0.0455 0.9867
vn 0.0783 -0.1070 0.9912
vn 0.3623 -0.1192 0.9244
vn 0.4083 0.0352 0.9122
vn 0.4966 -0.1255 0.8589
vn 0.5260 0.0291 0.8500
vn 0.6215 -0.1321 0.7722
vn 0.6361 0.0221 0.7713
vn 0.7337 -0.1335 0.6662
vn 0.7360 0.0205 0.6767
vn 0.8281 -0.1277 0.5458
vn 0.8210 0.0269 0.5702
vn 0.9017 -0.1211 0.4149
vn 0.8897 0.0334 0.4554
vn 0.9541 -0.1151 0.2766
vn 0.9419 0.0387 0.3338
vn 0.9850 -0.1090 0.1340
vn 0.9774 0.0438 0.2070
vn 0.9947 -0.1025 -0.0098
vn 0.9958 0.0493 0.0772
vn 0.9838 -0.0957 -0.1516
vn 0.9970 0.0553 -0.0536
vn 0.9533 -0.0885 -0.2888
vn 0.9811 0.0619 -0.1833
vn 0.9044 -0.0811 -0.4188
vn 0.9483 0.0690 -0.3099
vn 0.8387 -0.0737 -0.5396
vn 0.8989 0.0767 -0.4314
vn 0.7577 -0.0662 -0.6493
vn 0.8337 0.0849 -0.5457
vn 0.6632 -0.0588 -0.7461
vn 0.7533 0.0936 -0.6510
vn 0.5571 -0.0517 -0.8288
vn 0.6587 0.1026 -0.7453
vn 0.4413 -0.0448 -0.8962
vn 0.5512 0.1121 -0.8268
vn 0.3178 -0.0382 -0.9474
vn 0.4320 0.1217 -0.8936
vn 0.1886 -0.0321 -0.9815
vn 0.3029 0.1316 -0.9439
vn 0.0560 -0.0265 -0.9981
vn 0.1659 0.1417 -0.9759
vn -0.0779 -0.0214 -0.9967
vn 0.0233 0.1517 -0.9882
vn -0.2108 -0.0167 -0.9774
vn -0.1222 0.1617 -0.9792
vn -0.3404 -0.0125 -0.9402
vn -0.2677 0.1717 -0.9481
vn -0.4644 -0.0082 -0.8856
vn -0.4097 0.1821 -0.8938
vn -0.5808 -0.0033 -0.8141
vn -0.5451 0.1936 -0.8157
vn -0.6876 0.0006 -0.7261
vn -0.6703 0.2021 -0.7140
vn -0.7816 -0.0017 -0.6238
vn -0.7798 0.1972 -0.5941
vn -0.8596 -0.0067 -0.5110
vn -0.8670 0.1857 -0.4624
vn -0.9208 -0.0112 -0.3898
vn -0.9302 0.1749 -0.3228
vn -0.9649 -0.0154 -0.2622
vn -0.9700 0.1649 -0.1784
vn -0.9913 -0.0198 -0.1304
vn -0.9874 0.1549 -0.0327
vn -0.9997 -0.0248 0.0034
vn -0.9832 0.1449 0.1112
vn -0.9901 -0.0303 0.1368
vn -0.9587 0.1348 0.2505
vn -0.9629 -0.0362 0.2676
vn -0.9154 0.1249 0.3828
vn -0.9183 -0.0426 0.3936
vn -0.8549 0.1151 0.5059
vn -0.8572 -0.0494 0.5127
vn -0.7790 0.1056 0.6181
vn -0.7803 -0.0565 0.6228
vn -0.6895 0.0964 0.7178
vn -0.6888 -0.0638 0.7221
vn -0.5884 0.0876 0.8038
vn -0.5839 -0.0713 0.8087
vn -0.4774 0.0793 0.8751
vn -0.4672 -0.0787 0.8806
vn -0.3586 0.0714 0.9308
vn -0.3405 -0.0862 0.9363
vn -0.2338 0.0641 0.9702
vn 0.1341 0.2275 0.9645
vn 0.0230 0.2359 0.9715
vn -0.0893 0.2456 0.9652
vn -0.2013 0.2567 0.9453
vn -0.3117 0.2692 0.9112
vn -0.4189 0.2833 0.8627
vn -0.5212 0.2990 0.7994
vn -0.6166 0.3163 0.7210
vn -0.7027 0.3354 0.6275
vn -0.7769 0.3563 0.5191
vn -0.9361 0.2393 0.2577
vn -0.6862 0.5066 0.5219
vn -0.9618 0.2498 0.1121
vn -0.7421 0.5391 0.3984
vn -0.9650 0.2594 -0.0391
vn -0.7784 0.5729 0.2567
vn -0.9442 0.2678 -0.1917
vn -0.7891 0.6063 0.0989
vn -0.8993 0.2744 -0.3405
vn -0.7678 0.6368 -0.0705
vn -0.7533 0.6454 -0.1269
vn -0.8324 0.2792 -0.4788
vn -0.7099 0.6611 -0.2427
vn -0.6918 0.6652 -0.2809
vn -0.7498 0.2818 -0.5986
vn -0.6163 0.6759 -0.4041
vn -0.6033 0.6768 -0.4217
vn -0.6601 0.2824 -0.6961
vn -0.5597 0.6777 -0.4770
vn -0.5552 0.2812 -0.7828
vn -0.3482 0.6724 -0.6532
vn -0.4263 0.6759 -0.6011
vn -0.3728 0.6741 -0.6376
vn -0.4277 0.2779 -0.8601
vn -0.1808 0.6542 -0.7343
vn -0.2254 0.6597 -0.7170
vn -0.2847 0.2725 -0.9191
vn -0.0079 0.6276 -0.7785
vn -0.0694 0.6376 -0.7672
vn -0.1337 0.2652 -0.9549
vn 0.1587 0.5958 -0.7873
vn 0.0191 0.2564 -0.9664
vn 0.3115 0.5620 -0.7662
vn 0.1689 0.2465 -0.9543
vn 0.4470 0.5285 -0.7217
vn 0.3116 0.2359 -0.9205
vn 0.5642 0.4967 -0.6596
vn 0.5628 0.3494 -0.7491
vn 0.6656 0.3291 -0.6698
vn 0.7534 0.3106 -0.5796
vn 0.8260 0.2938 -0.4811
vn 0.8836 0.2786 -0.3764
vn 0.9264 0.2651 -0.2676
vn 0.9548 0.2530 -0.1562
vn 0.9692 0.2424 -0.0438
vn 0.9701 0.2331 0.0682
vn 0.9578 0.2251 0.1786
vn 0.9330 0.2181 0.2861
vn 0.8962 0.2120 0.3897
vn 0.8479 0.2062 0.4885
vn 0.7884 0.1995 0.5818
vn 0.7174 0.1933 0.6693
vn 0.6348 0.1948 0.7477
vn 0.5446 0.2018 0.8140
vn 0.4490 0.2081 0.8690
vn 0.3482 0.2139 0.9127
vn 0.2429 0.2202 0.9447
vn 0.3006 0.5644 -0.7689
vn 0.4291 0.5330 -0.7293
vn 0.3524 0.2327 -0.9065
vn 0.2095 0.2437 -0.9470
vn 0.5207 0.3676 -0.7705
vn 0.6291 0.3452 -0.6965
vn 0.7225 0.3247 -0.6104
vn 0.8006 0.3063 -0.5151
vn 0.8635 0.2896 -0.4128
vn 0.9116 0.2748 -0.3056
vn 0.9452 0.2617 -0.1952
vn 0.9646 0.2502 -0.0833
vn 0.9703 0.2404 0.0288
vn 0.9626 0.2321 0.1396
vn 0.9422 0.2254 0.2480
vn 0.9095 0.2205 0.3525
vn 0.8651 0.2177 0.4519
vn 0.8099 0.2178 0.5446
vn 0.7453 0.2215 0.6288
vn 0.6739 0.2238 0.7041
vn 0.5954 0.2200 0.7727
vn 0.5076 0.2174 0.8337
vn 0.4121 0.2183 0.8846
vn 0.3105 0.2219 0.9243
vn 0.2044 0.2274 0.9521
vn 0.0949 0.2346 0.9675
vn -0.0165 0.2434 0.9698
vn -0.1286 0.2537 0.9587
vn -0.2400 0.2657 0.9337
vn -0.3491 0.2794 0.8945
vn -0.4544 0.2948 0.8406
vn -0.5540 0.3120 0.7718
vn -0.6458 0.3311 0.6880
vn -0.7274 0.3521 0.5890
vn -0.7959 0.3752 0.4752
vn -0.7478 0.5430 0.3822
vn -0.9246 0.2362 0.2988
vn -0.7798 0.5744 0.2490
vn -0.9570 0.2471 0.1523
vn -0.7894 0.6050 0.1042
vn -0.9663 0.2573 -0.0027
vn -0.7828 0.6221 0.0152
vn -0.7726 0.6330 -0.0489
vn -0.9500 0.2664 -0.1630
vn -0.7436 0.6500 -0.1570
vn -0.7263 0.6562 -0.2047
vn -0.9051 0.2739 -0.3251
vn -0.6672 0.6699 -0.3257
vn -0.6503 0.6722 -0.3539
vn -0.8287 0.2795 -0.4850
vn -0.6166 0.6745 -0.4061
vn -0.7191 0.2822 -0.6351
vn -0.4250 0.6774 -0.6005
vn -0.4960 0.6781 -0.5424
vn -0.4388 0.6780 -0.5898
vn -0.5814 0.2817 -0.7633
vn -0.2661 0.6646 -0.6982
vn -0.3010 0.6680 -0.6806
vn -0.4260 0.2780 -0.8610
vn -0.0942 0.6418 -0.7611
vn -0.1477 0.6495 -0.7459
vn -0.2642 0.2717 -0.9254
vn 0.0083 0.6245 -0.7810
vn -0.1019 0.2636 -0.9592
vn 0.1593 0.5954 -0.7875
vn 0.0571 0.2541 -0.9655
vn 0.4906 0.8711 0.0227
vn 0.5427 0.8397 0.0200
vn 0.4670 0.7872 0.4027
vn 0.4571 0.7951 0.3986
vn 0.4324 0.9010 0.0360
vn 0.4455 0.8010 0.4000
vn 0.3691 0.9274 0.0610
vn 0.4345 0.8029 0.4081
vn 0.3017 0.9482 0.0990
vn 0.4296 0.7974 0.4238
vn 0.2328 0.9608 0.1505
vn 0.4366 0.7832 0.4426
vn 0.1674 0.9627 0.2128
vn 0.4417 0.7794 0.4444
vn 0.1113 0.9533 0.2807
vn 0.4260 0.7935 0.4346
vn 0.0683 0.9348 0.3485
vn 0.4080 0.8022 0.4360
vn 0.0386 0.9099 0.4130
vn 0.3974 0.8022 0.4456
vn 0.0211 0.8809 0.4728
vn 0.3939 0.7973 0.4574
vn 0.0147 0.8498 0.5269
vn 0.3963 0.7899 0.4681
vn 0.0178 0.8183 0.5745
vn 0.4033 0.7815 0.4761
vn 0.0229 0.8017 0.5973
vn 0.7427 0.6090 0.2783
vn 0.0414 0.7661 0.6414
vn 0.7431 0.6263 0.2357
vn 0.0697 0.7309 0.6789
vn 0.7382 0.6458 0.1949
vn 0.1043 0.6992 0.7072
vn 0.7280 0.6674 0.1566
vn 0.1423 0.6720 0.7267
vn 0.7126 0.6908 0.1220
vn 0.1827 0.6484 0.7390
vn 0.6927 0.7153 0.0922
vn 0.2249 0.6279 0.7451
vn 0.6693 0.7399 0.0680
vn 0.2682 0.6101 0.7456
vn 0.6419 0.7652 0.0482
vn 0.3122 0.5948 0.7408
vn 0.6079 0.7934 0.0323
vn 0.5059 0.7691 0.3906
vn 0.5386 0.8424 0.0198
vn 0.4995 0.7803 0.3764
vn 0.4837 0.8749 0.0237
vn 0.4876 0.7932 0.3648
vn 0.4249 0.9044 0.0382
vn 0.4700 0.8076 0.3562
vn 0.3637 0.9294 0.0634
vn 0.4449 0.8242 0.3504
vn 0.3026 0.9480 0.0982
vn 0.4088 0.8438 0.3477
vn 0.2455 0.9593 0.1398
vn 0.3658 0.8586 0.3591
vn 0.1961 0.9633 0.1836
vn 0.3447 0.8501 0.3981
vn 0.1515 0.9613 0.2302
vn 0.3448 0.8301 0.4382
vn 0.1082 0.9525 0.2848
vn 0.3496 0.8126 0.4663
vn 0.0703 0.9361 0.3447
vn 0.3570 0.7976 0.4862
vn 0.0412 0.9130 0.4059
vn 0.3675 0.7842 0.4999
vn 0.0226 0.8847 0.4655
vn 0.3809 0.7725 0.5082
vn 0.0148 0.8530 0.5217
vn 0.7350 0.5904 0.3335
vn 0.0225 0.8030 0.5956
vn 0.0176 0.8192 0.5733
vn 0.7418 0.6049 0.2895
vn 0.0365 0.7739 0.6323
vn 0.7435 0.6219 0.2459
vn 0.0548 0.7478 0.6617
vn 0.7397 0.6415 0.2033
vn 0.0771 0.7232 0.6863
vn 0.7298 0.6641 0.1622
vn 0.1050 0.6986 0.7078
vn 0.7132 0.6901 0.1231
vn 0.1380 0.6747 0.7250
vn 0.6882 0.7203 0.0870
vn 0.1751 0.6525 0.7373
vn 0.6538 0.7546 0.0559
vn 0.2152 0.6323 0.7442
vn 0.6117 0.7904 0.0337
vn 0.2573 0.6143 0.7459
vn 0.5880 0.8084 0.0263
vn 0.5642 0.8254 0.0219
vn 0.3007 0.5986 0.7425
vn -0.3082 -0.2544 0.9167
vn -0.1668 -0.2690 0.9486
vn -0.4398 -0.2404 0.8653
vn -0.5595 -0.2269 0.7972
vn -0.6658 -0.2142 0.7147
vn -0.7577 -0.2022 0.6205
vn -0.8346 -0.1911 0.5167
vn -0.8960 -0.1808 0.4056
vn -0.9418 -0.1714 0.2891
vn -0.9720 -0.1628 0.1692
vn -0.9867 -0.1552 0.0475
vn -0.9861 -0.1485 -0.0741
vn -0.9705 -0.1426 -0.1942
vn -0.9404 -0.1375 -0.3110
vn -0.8963 -0.1328 -0.4231
vn -0.8388 -0.1280 -0.5293
vn -0.7681 -0.1225 -0.6285
vn -0.6843 -0.1200 -0.7192
vn -0.5898 -0.1242 -0.7980
vn -0.4876 -0.1296 -0.8634
vn -0.3789 -0.1343 -0.9156
vn -0.2647 -0.1391 -0.9542
vn -0.1465 -0.1444 -0.9786
vn -0.0257 -0.1506 -0.9883
vn 0.0962 -0.1576 -0.9828
vn 0.2173 -0.1655 -0.9620
vn 0.3360 -0.1743 -0.9256
vn 0.4504 -0.1840 -0.8737
vn 0.5587 -0.1945 -0.8062
vn 0.6589 -0.2060 -0.7235
vn 0.7487 -0.2182 -0.6260
vn 0.8257 -0.2311 -0.5145
vn 0.8876 -0.2448 -0.3902
vn 0.9317 -0.2590 -0.2548
vn 0.9554 -0.2738 -0.1105
vn 0.9565 -0.2889 0.0396
vn 0.9330 -0.3044 0.1921
vn 0.8831 -0.3204 0.3429
vn 0.8054 -0.3367 0.4878
vn 0.7001 -0.3493 0.6228
vn 0.5737 -0.3464 0.7422
vn 0.4342 -0.3315 0.8376
vn 0.2862 -0.3152 0.9048
vn 0.1340 -0.2994 0.9447
vn -0.0183 -0.2840 0.9586
vn 0.0166 -0.1656 -0.9860
vn -0.1039 -0.1592 -0.9818
vn 0.1376 -0.1732 -0.9752
vn 0.2575 -0.1819 -0.9490
vn 0.3745 -0.1917 -0.9072
vn 0.4867 -0.2025 -0.8497
vn 0.5923 -0.2145 -0.7766
vn 0.6891 -0.2274 -0.6881
vn 0.7747 -0.2413 -0.5845
vn 0.8466 -0.2560 -0.4666
vn 0.9021 -0.2714 -0.3355
vn 0.9382 -0.2872 -0.1929
vn 0.9521 -0.3031 -0.0414
vn 0.9410 -0.3181 0.1157
vn 0.9032 -0.3306 0.2736
vn 0.8391 -0.3378 0.4264
vn 0.7344 -0.4514 0.5068
vn 0.7519 -0.3365 0.5669
vn 0.6041 -0.4537 0.6551
vn 0.6448 -0.3337 0.6877
vn 0.4473 -0.4493 0.7733
vn 0.5161 -0.3377 0.7871
vn 0.3700 -0.3363 0.8660
vn 0.2143 -0.3270 0.9204
vn 0.0558 -0.3134 0.9480
vn -0.1000 -0.2981 0.9493
vn -0.2488 -0.2822 0.9266
vn -0.3875 -0.2664 0.8826
vn -0.5139 -0.2512 0.8203
vn -0.6266 -0.2367 0.7426
vn -0.7245 -0.2231 0.6522
vn -0.8072 -0.2105 0.5515
vn -0.8742 -0.1990 0.4429
vn -0.9255 -0.1884 0.3284
vn -0.9612 -0.1790 0.2100
vn -0.9813 -0.1707 0.0893
vn -0.9860 -0.1635 -0.0318
vn -0.9758 -0.1574 -0.1516
vn -0.9511 -0.1527 -0.2686
vn -0.9124 -0.1494 -0.3811
vn -0.8605 -0.1481 -0.4875
vn -0.7965 -0.1496 -0.5858
vn -0.7224 -0.1530 -0.6743
vn -0.6398 -0.1520 -0.7534
vn -0.5473 -0.1488 -0.8236
vn -0.4456 -0.1483 -0.8829
vn -0.3366 -0.1503 -0.9296
vn -0.2222 -0.1541 -0.9628
vn -0.3946 -0.4864 -0.7796
vn -0.3352 -0.4963 -0.8008
vn -0.5232 -0.8103 0.2639
vn -0.4437 -0.8537 0.2727
vn -0.3980 -0.8763 0.2715
vn -0.4911 -0.8284 0.2693
vn -0.4514 -0.4787 -0.7530
vn -0.3518 -0.8975 0.2657
vn -0.2982 -0.9200 0.2543
vn -0.4175 -0.8918 -0.1742
vn -0.1949 -0.9565 0.2172
vn -0.3443 -0.9250 -0.1608
vn -0.0940 -0.9823 0.1618
vn -0.2507 -0.9536 -0.1665
vn -0.0040 -0.9955 0.0946
vn -0.1754 -0.9589 -0.2231
vn 0.0718 -0.9972 0.0222
vn -0.1563 -0.9353 -0.3175
vn 0.1417 -0.9879 -0.0622
vn -0.1649 -0.9024 -0.3981
vn 0.2028 -0.9661 -0.1600
vn -0.7389 -0.4767 -0.4762
vn 0.2626 -0.9112 -0.3175
vn 0.2472 -0.9326 -0.2629
vn -0.7676 -0.4837 -0.4206
vn 0.2765 -0.8678 -0.4129
vn 0.2717 -0.8909 -0.3641
vn -0.7911 -0.4929 -0.3622
vn 0.2730 -0.8240 -0.4965
vn 0.2766 -0.8440 -0.4595
vn -0.8090 -0.5045 -0.3017
vn 0.2566 -0.7825 -0.5673
vn 0.2628 -0.7947 -0.5471
vn -0.8207 -0.5185 -0.2399
vn 0.2316 -0.7449 -0.6257
vn 0.2317 -0.7450 -0.6256
vn -0.8259 -0.5353 -0.1772
vn 0.1995 -0.7098 -0.6756
vn 0.1868 -0.6983 -0.6910
vn -0.8239 -0.5550 -0.1145
vn 0.1592 -0.6755 -0.7199
vn -0.8144 -0.5779 -0.0524
vn 0.1114 -0.6429 -0.7578
vn -0.7966 -0.6044 0.0084
vn 0.0577 -0.6127 -0.7882
vn -0.7695 -0.6352 0.0669
vn -0.0003 -0.5856 -0.8106
vn -0.7314 -0.6709 0.1222
vn -0.0613 -0.5615 -0.8252
vn -0.6688 -0.7210 0.1812
vn -0.6799 -0.7127 0.1727
vn -0.1242 -0.5403 -0.8322
vn -0.6196 -0.7559 0.2112
vn -0.6136 -0.7600 0.2142
vn -0.1880 -0.5220 -0.8320
vn -0.5608 -0.7940 0.2345
vn -0.5358 -0.8092 0.2411
vn -0.2521 -0.5063 -0.8247
vn -0.4895 -0.8358 0.2486
vn -0.4495 -0.8573 0.2510
vn -0.3158 -0.4932 -0.8106
vn -0.4058 -0.8793 0.2493
vn -0.3557 -0.9026 0.2427
vn -0.3785 -0.4824 -0.7900
vn -0.3109 -0.9216 0.2323
vn -0.2566 -0.9422 0.2152
vn -0.4401 -0.4739 -0.7628
vn -0.2066 -0.9590 0.1941
vn -0.3747 -0.8803 -0.2909
vn -0.0965 -0.9866 0.1314
vn -0.3594 -0.8736 -0.3282
vn 0.0119 -0.9989 0.0443
vn -0.3622 -0.8586 -0.3628
vn 0.1066 -0.9925 -0.0600
vn -0.3384 -0.8681 -0.3631
vn 0.1785 -0.9691 -0.1701
vn -0.2972 -0.8802 -0.3701
vn 0.2253 -0.9343 -0.2762
vn -0.2735 -0.8756 -0.3982
vn 0.2496 -0.8932 -0.3741
vn 0.2392 -0.9160 -0.3221
vn -0.7780 -0.4794 -0.4060
vn 0.2550 -0.8497 -0.4615
vn 0.2544 -0.8722 -0.4177
vn -0.8014 -0.4895 -0.3438
vn 0.2455 -0.8071 -0.5370
vn 0.2511 -0.8248 -0.5066
vn -0.8182 -0.5019 -0.2805
vn 0.2253 -0.7677 -0.5999
vn 0.2303 -0.7758 -0.5875
vn -0.8283 -0.5167 -0.2166
vn 0.1980 -0.7320 -0.6519
vn 0.1937 -0.7274 -0.6583
vn -0.8315 -0.5342 -0.1527
vn 0.1460 -0.6836 -0.7151
vn -0.8274 -0.5544 -0.0894
vn 0.0924 -0.6460 -0.7577
vn -0.8159 -0.5775 -0.0276
vn 0.0351 -0.6138 -0.7887
vn -0.7966 -0.6037 0.0317
vn -0.0248 -0.5860 -0.8099
vn -0.7693 -0.6329 0.0872
vn -0.0865 -0.5620 -0.8226
vn -0.7342 -0.6648 0.1375
vn -0.1490 -0.5413 -0.8275
vn -0.6922 -0.6987 0.1807
vn -0.7103 -0.6846 0.1636
vn -0.2118 -0.5236 -0.8252
vn -0.6445 -0.7335 0.2158
vn -0.6503 -0.7295 0.2122
vn -0.2741 -0.5087 -0.8162
vn -0.5897 -0.7700 0.2436
vn -0.5758 -0.7787 0.2490
vn 0.0195 -0.0314 -0.9993
vn 0.1971 -0.0252 -0.9801
vn 0.3673 -0.0182 -0.9299
vn 0.5251 -0.0106 -0.8509
vn 0.6662 -0.0028 -0.7457
vn 0.7865 0.0052 -0.6175
vn 0.8826 0.0130 -0.4699
vn 0.9514 0.0204 -0.3071
vn 0.9906 0.0272 -0.1338
vn 0.9984 0.0331 0.0449
vn 0.9740 0.0381 0.2233
vn 0.9175 0.0418 0.3954
vn 0.8305 0.0442 0.5553
vn 0.7156 0.0451 0.6971
vn 0.5768 0.0445 0.8157
vn 0.4191 0.0424 0.9070
vn 0.2482 0.0389 0.9679
vn 0.0702 0.0342 0.9969
vn -0.1089 0.0284 0.9936
vn -0.2834 0.0217 0.9588
vn -0.4480 0.0144 0.8939
vn -0.5981 0.0067 0.8014
vn -0.7292 -0.0012 0.6843
vn -0.8378 -0.0091 0.5459
vn -0.9206 -0.0167 0.3902
vn -0.9749 -0.0238 0.2215
vn -0.9985 -0.0303 0.0448
vn -0.9903 -0.0358 -0.1345
vn -0.9497 -0.0401 -0.3105
vn -0.8777 -0.0432 -0.4773
vn -0.7763 -0.0448 -0.6288
vn -0.6489 -0.0450 -0.7596
vn -0.5000 -0.0436 -0.8650
vn -0.3349 -0.0408 -0.9414
vn -0.4661 0.7492 -0.4707
vn -0.1598 -0.0367 -0.9865
vn 0.4661 -0.7492 0.4707
vn 0.5252 -0.0106 -0.8509
vn 0.9176 0.0418 0.3954
vn 0.7024 0.1149 0.7024
vn 0.8317 0.4807 0.2778
vn 0.6644 0.5104 0.5460
vn 0.5459 0.5101 0.6647
vn 0.2790 0.4797 0.8319
vn -0.1331 -0.9708 0.1995
vn 0.2042 -0.9690 -0.1391
vn 0.2106 -0.9738 -0.0861
vn -0.0781 -0.9755 0.2057
vn -0.6856 -0.0636 0.7252
vn -0.6663 0.1083 0.7378
vn -0.6919 0.0794 0.7176
vn -0.6518 -0.0822 0.7539
vn 0.6586 -0.1742 -0.7320
vn 0.7164 -0.0638 -0.6947
vn 0.7294 0.1080 -0.6755
vn 0.7227 0.0469 -0.6895
vn 0.7071 0.0000 -0.7071
vn 0.1299 0.9805 -0.1476
vn -0.1452 0.9804 0.1335
vn 0.8061 0.0002 -0.5918
vn 0.8145 0.1283 -0.5658
vn 0.8048 0.0797 -0.5881
vn 0.7965 -0.0305 -0.6039
vn 0.7377 -0.0821 -0.6701
vn 0.7008 0.0796 -0.7089
vn -0.7071 0.0000 0.7071
vn -0.6895 0.0469 0.7227
vn -0.7321 -0.1737 0.6587
vn 0.3648 -0.9301 0.0422
vn 0.0485 -0.9300 0.3645
vn 0.1225 -0.9153 0.3837
vn 0.3855 -0.9157 0.1131
vn 0.2842 0.9583 0.0303
vn 0.0329 0.9576 0.2862
vn -0.0007 0.9600 0.2799
vn 0.2761 0.9611 -0.0019
vn 0.2617 -0.9645 -0.0349
vn -0.0220 -0.9670 0.2538
vn 0.0125 0.9658 -0.2591
vn -0.2678 0.9631 0.0270
vn -0.3244 0.9451 -0.0389
vn -0.0481 0.9459 -0.3208
vn 0.0275 -0.9548 0.2961
vn 0.3053 -0.9522 0.0116
vn 0.3498 -0.9346 0.0653
vn 0.0801 -0.9360 0.3427
vn 0.7651 0.0806 -0.6388
vn 0.7732 -0.0823 -0.6288
vn 0.7848 -0.0830 -0.6142
vn 0.7859 0.0799 -0.6132
vn 0.7224 0.0800 -0.6868
vn 0.7495 -0.0823 -0.6569
vn 0.7622 -0.0819 -0.6421
vn 0.7454 0.0808 -0.6617
vn -0.6032 -0.0838 0.7932
vn -0.6021 0.0790 0.7945
vn -0.5787 0.0792 0.8117
vn -0.5942 -0.0309 0.8037
vn -0.6157 -0.0834 0.7835
vn -0.6260 0.0794 0.7758
vn -0.6272 -0.0831 0.7744
vn -0.6474 0.0795 0.7580
vn -0.6402 -0.0832 0.7637
vn -0.6710 0.0791 0.7372
vn 0.0812 0.9780 -0.1921
vn -0.2018 0.9747 0.0966
vn 0.2151 0.9746 -0.0629
vn -0.0657 0.9726 0.2230
vn -0.1384 0.9778 0.1572
vn 0.1447 0.9807 -0.1313
vn -0.6743 -0.3306 0.6603
vn -0.3793 -0.7777 0.5013
vn 0.4962 -0.7763 -0.3888
vn 0.6509 -0.3294 -0.6839
vn -0.4068 0.7692 0.4928
vn -0.5680 0.3950 0.7221
vn -0.2758 0.5755 0.7698
vn -0.6175 0.2018 0.7603
vn 0.4854 0.7687 -0.4164
vn 0.7699 0.5754 -0.2760
vn 0.7139 0.3949 -0.5783
vn 0.7603 0.2017 -0.6175
vn -0.0235 -0.8634 0.5039
vn -0.0655 -0.8821 0.4664
vn -0.4371 -0.5127 0.7390
vn -0.4228 -0.5084 0.7502
vn -0.5311 -0.3504 0.7714
vn -0.5368 -0.3531 0.7662
vn -0.4000 0.9005 0.1708
vn -0.4513 0.8858 0.1083
vn -0.6734 0.5152 0.5301
vn -0.6262 0.5191 0.5817
vn -0.6710 0.3425 0.6576
vn -0.7053 0.3429 0.6205
vn -0.1118 -0.8976 0.4264
vn -0.4551 -0.5172 0.7248
vn -0.5430 -0.3530 0.7619
vn -0.3339 0.9110 0.2422
vn -0.5770 0.5209 0.6290
vn -0.6307 0.3427 0.6963
vn -0.1564 -0.9079 0.3888
vn -0.4711 -0.5203 0.7123
vn -0.5487 -0.3534 0.7577
vn -0.2716 0.9139 0.3017
vn -0.5290 0.5207 0.6701
vn -0.5937 0.3414 0.7287
vn -0.2084 -0.9156 0.3440
vn -0.4883 -0.5228 0.6987
vn -0.5557 -0.3540 0.7522
vn -0.3578 0.7387 0.5713
vn -0.5518 0.3386 0.7621
vn -0.2289 -0.9174 0.3257
vn -0.5037 -0.5246 0.6864
vn -0.5755 -0.2537 0.7774
vn -0.2973 0.7274 0.6185
vn -0.5107 0.3356 0.7915
vn 0.0974 0.8868 -0.4519
vn 0.1552 0.9050 -0.3961
vn 0.5667 0.5234 -0.6363
vn 0.5144 0.5167 -0.6844
vn 0.6036 0.3440 -0.7193
vn 0.6422 0.3456 -0.6842
vn 0.4704 -0.8784 -0.0839
vn 0.5034 -0.8632 -0.0380
vn 0.7386 -0.5090 -0.4420
vn 0.7291 -0.5104 -0.4560
vn 0.7543 -0.3502 -0.5553
vn 0.7578 -0.3494 -0.5511
vn 0.2254 0.9173 -0.3283
vn 0.6159 0.5260 -0.5865
vn 0.6830 0.3467 -0.6428
vn 0.4323 -0.8924 -0.1296
vn 0.7169 -0.5131 -0.4721
vn 0.7519 -0.3494 -0.5590
vn 0.2873 0.9197 -0.2676
vn 0.6593 0.5250 -0.5383
vn 0.7176 0.3451 -0.6049
vn 0.3939 -0.9033 -0.1701
vn 0.7056 -0.5163 -0.4853
vn 0.7492 -0.3503 -0.5622
vn 0.3527 0.9139 -0.2009
vn 0.7060 0.5204 -0.4803
vn 0.7534 0.3413 -0.5620
vn 0.3471 -0.9125 -0.2163
vn 0.6932 -0.5199 -0.4992
vn 0.7453 -0.3519 -0.5663
vn 0.6124 0.7297 -0.3042
vn 0.7848 0.3372 -0.5201
vn 0.3283 -0.9151 -0.2342
vn 0.6817 -0.5228 -0.5118
vn 0.7708 -0.2524 -0.5849
vn -0.2060 0.7985 0.5657
vn -0.4506 0.4347 0.7798
vn -0.5569 0.1281 0.8207
vn 0.7738 0.4358 -0.4597
vn 0.5605 0.8003 -0.2129
vn -0.5832 0.0001 0.8123
vn 0.1840 0.0707 -0.9804
vn 0.0576 0.0823 -0.9949
vn 0.2257 0.0665 -0.9719
vn 0.3468 0.0534 -0.9364
vn 0.3824 0.0493 -0.9227
vn 0.4948 0.0353 -0.8683
vn 0.5254 0.0312 -0.8503
vn 0.6268 0.0166 -0.7790
vn 0.6533 0.0125 -0.7570
vn 0.7421 -0.0024 -0.6703
vn 0.7647 -0.0065 -0.6444
vn 0.8392 -0.0215 -0.5434
vn 0.8579 -0.0256 -0.5132
vn 0.9159 -0.0404 -0.3994
vn 0.9303 -0.0446 -0.3641
vn 0.9691 -0.0587 -0.2396
vn 0.9781 -0.0631 -0.1981
vn 0.9949 -0.0760 -0.0666
vn 0.9966 -0.0804 -0.0172
vn 0.9892 -0.0914 0.1149
vn 0.9798 -0.0959 0.1752
vn 0.9490 -0.1041 0.2975
vn 0.9212 -0.1084 0.3737
vn 0.8753 -0.1131 0.4701
vn 0.8139 -0.1167 0.5692
vn 0.7768 -0.1180 0.6185
vn 0.6594 -0.1192 0.7423
vn 0.6687 -0.1192 0.7339
vn 0.4730 -0.1153 0.8735
vn 0.5398 -0.1173 0.8336
vn 0.2768 -0.1063 0.9550
vn 0.3812 -0.1116 0.9177
vn 0.0850 -0.0938 0.9920
vn 0.2071 -0.1022 0.9730
vn -0.0973 -0.0788 0.9921
vn 0.0297 -0.0895 0.9955
vn -0.2672 -0.0622 0.9616
vn -0.1429 -0.0746 0.9869
vn -0.4227 -0.0444 0.9052
vn -0.3057 -0.0580 0.9504
vn -0.5628 -0.0260 0.8262
vn -0.4557 -0.0403 0.8892
vn -0.6866 -0.0071 0.7270
vn -0.5913 -0.0219 0.8062
vn -0.7930 0.0119 0.6090
vn -0.7111 -0.0030 0.7031
vn -0.8803 0.0310 0.4735
vn -0.8137 0.0161 0.5810
vn -0.9457 0.0496 0.3213
vn -0.8969 0.0352 0.4408
vn -0.9857 0.0675 0.1545
vn -0.9576 0.0540 0.2831
vn -0.9962 0.0840 -0.0235
vn -0.9914 0.0719 0.1093
vn -0.9735 0.0981 -0.2067
vn -0.9930 0.0885 -0.0779
vn -0.9161 0.1091 -0.3859
vn -0.9562 0.1026 -0.2741
vn -0.8282 0.1161 -0.5483
vn -0.8739 0.1132 -0.4727
vn -0.7237 0.1190 -0.6797
vn -0.7418 0.1187 -0.6600
vn -0.6083 0.1187 -0.7848
vn -0.5689 0.1180 -0.8139
vn -0.4634 0.1150 -0.8787
vn -0.3749 0.1114 -0.9204
vn -0.2952 0.1073 -0.9494
vn -0.1800 0.1004 -0.9785
vn -0.1182 0.0962 -0.9883
vn 0.0076 0.0865 -0.9962
vn 0.9782 -0.0631 -0.1981
vn 0.9490 -0.1041 0.2974
vn 0.7769 -0.1180 0.6185
vn -0.3056 -0.0580 0.9504
vn -0.6867 -0.0071 0.7269
vn 0.0371 -0.0332 -0.9988
vn -0.1423 -0.0272 -0.9894
vn -0.2517 -0.0230 -0.9675
vn -0.0761 -0.0295 -0.9967
vn -0.3170 -0.0203 -0.9482
vn -0.4177 -0.0159 -0.9085
vn -0.4814 -0.0128 -0.8764
vn -0.5692 -0.0083 -0.8222
vn -0.6308 -0.0048 -0.7759
vn -0.7022 -0.0005 -0.7120
vn -0.7607 0.0033 -0.6491
vn -0.8131 0.0072 -0.5820
vn -0.8667 0.0115 -0.4987
vn -0.8993 0.0145 -0.4370
vn -0.9444 0.0195 -0.3282
vn -0.9591 0.0214 -0.2823
vn -0.9894 0.0268 -0.1429
vn -0.9920 0.0276 -0.1228
vn -0.9982 0.0333 0.0501
vn -0.9987 0.0329 0.0386
vn -0.9695 0.0385 0.2419
vn -0.9788 0.0375 0.2012
vn -0.9048 0.0423 0.4237
vn -0.9309 0.0412 0.3629
vn -0.8075 0.0445 0.5882
vn -0.8542 0.0437 0.5182
vn -0.6821 0.0451 0.7298
vn -0.7495 0.0450 0.6605
vn -0.5341 0.0440 0.8443
vn -0.6198 0.0448 0.7835
vn -0.3692 0.0415 0.9284
vn -0.4692 0.0432 0.8821
vn -0.1937 0.0376 0.9803
vn -0.3030 0.0401 0.9522
vn -0.0137 0.0325 0.9994
vn -0.1269 0.0358 0.9913
vn 0.1648 0.0264 0.9860
vn 0.0529 0.0303 0.9981
vn 0.3362 0.0195 0.9416
vn 0.2306 0.0239 0.9728
vn 0.4955 0.0121 0.8685
vn 0.4008 0.0166 0.9160
vn 0.6382 0.0044 0.7698
vn 0.5583 0.0089 0.8296
vn 0.7606 -0.0033 0.6492
vn 0.6985 0.0008 0.7156
vn 0.8595 -0.0109 0.5111
vn 0.8170 -0.0075 0.5766
vn 0.9326 -0.0180 0.3605
vn 0.9094 -0.0155 0.4157
vn 0.9789 -0.0246 0.2029
vn 0.9712 -0.0232 0.2370
vn 0.9986 -0.0303 0.0423
vn 0.9984 -0.0302 0.0468
vn 0.9922 -0.0353 -0.1198
vn 0.9885 -0.0361 -0.1467
vn 0.9585 -0.0395 -0.2825
vn 0.9415 -0.0406 -0.3345
vn 0.8961 -0.0426 -0.4417
vn 0.8599 -0.0436 -0.5085
vn 0.8052 -0.0445 -0.5913
vn 0.7480 -0.0450 -0.6622
vn 0.6876 -0.0451 -0.7247
vn 0.6106 -0.0447 -0.7907
vn 0.5468 -0.0442 -0.8361
vn 0.4534 -0.0429 -0.8903
vn 0.3877 -0.0418 -0.9209
vn 0.2824 -0.0397 -0.9585
vn 0.4661 0.7492 -0.4707
vn 0.2158 -0.0381 -0.9757
vn 0.1039 -0.0352 -0.9940
vn -0.4661 -0.7492 0.4707
vn -0.7495 0.0450 0.6604
vn -0.7024 0.1149 0.7024
vn 0.1484 -0.9642 0.2197
vn 0.1027 -0.9683 0.2277
vn -0.1825 -0.9806 -0.0713
vn -0.1793 -0.9764 -0.1201
vn 0.6994 -0.0469 0.7132
vn 0.6487 -0.0876 0.7560
vn 0.6900 0.0746 0.7200
vn 0.6787 0.1136 0.7256
vn -0.5954 -0.2378 -0.7674
vn -0.7071 0.0000 -0.7071
vn -0.7343 0.0859 -0.6734
vn -0.7189 0.1256 -0.6837
vn -0.7055 -0.0391 -0.7076
vn -0.5227 0.8138 0.2541
vn -0.4738 0.8219 0.3163
vn -0.2628 0.8152 0.5161
vn -0.3418 0.8237 0.4524
vn -0.8061 0.0002 -0.5918
vn -0.7976 -0.0470 -0.6014
vn -0.8054 0.0850 -0.5866
vn -0.8141 0.1075 -0.5707
vn -0.7009 0.0847 -0.7082
vn -0.7380 -0.0775 -0.6703
vn 0.7071 0.0000 0.7071
vn 0.7383 -0.0385 0.6734
vn 0.6799 0.0707 0.7299
vn -0.4062 -0.9120 0.0580
vn -0.3736 -0.9193 0.1239
vn -0.0962 -0.9096 0.4041
vn -0.0516 -0.9264 0.3730
vn -0.3558 0.9341 -0.0289
vn -0.2956 0.9550 -0.0241
vn -0.0048 0.9637 0.2670
vn -0.0307 0.9568 0.2891
vn 0.0467 -0.9601 0.2756
vn -0.2389 -0.9708 -0.0203
vn -0.0324 0.9591 -0.2812
vn 0.0258 0.9389 -0.3433
vn 0.3184 0.9466 -0.0497
vn 0.2632 0.9646 0.0161
vn -0.0019 -0.9483 0.3174
vn -0.0524 -0.9303 0.3630
vn -0.3326 -0.9398 0.0780
vn -0.2858 -0.9579 0.0256
vn -0.7657 0.0852 -0.6375
vn -0.7866 0.0841 -0.6117
vn -0.7860 -0.0799 -0.6131
vn -0.7741 -0.0786 -0.6281
vn -0.7233 0.0842 -0.6854
vn -0.7460 0.0854 -0.6605
vn -0.7631 -0.0780 -0.6415
vn -0.7506 -0.0784 -0.6561
vn 0.6006 -0.0902 0.7944
vn 0.5909 -0.0640 0.8042
vn 0.5784 0.0742 0.8124
vn 0.6009 0.0734 0.7959
vn 0.6132 -0.0894 0.7849
vn 0.6247 0.0741 0.7773
vn 0.6244 -0.0889 0.7760
vn 0.6457 0.0743 0.7599
vn 0.6367 -0.0887 0.7660
vn 0.6687 0.0739 0.7398
vn -0.1020 0.9712 -0.2152
vn 0.1966 0.9768 0.0846
vn -0.2328 0.9687 -0.0857
vn -0.1649 0.9741 -0.1545
vn 0.1334 0.9804 0.1447
vn 0.0619 0.9756 0.2106
vn 0.3087 0.9446 -0.1118
vn 0.0234 0.9211 -0.3886
vn 0.7348 -0.1651 0.6579
vn 0.7894 -0.5067 0.3467
vn 0.1658 -0.9058 0.3900
vn 0.2958 -0.9176 0.2655
vn -0.5087 -0.7725 -0.3801
vn -0.6312 -0.2887 -0.7199
vn 0.1345 0.6685 0.7314
vn 0.2711 0.8285 0.4900
vn 0.5420 0.3069 0.7824
vn 0.5715 0.4277 0.7003
vn -0.5721 0.7991 0.1845
vn -0.7699 0.5754 -0.2760
vn -0.7099 0.1788 -0.6812
vn -0.7603 0.2017 -0.6175
vn 0.0652 -0.8820 0.4667
vn 0.0236 -0.8635 0.5038
vn 0.4424 -0.5141 0.7348
vn 0.4395 -0.5134 0.7370
vn 0.4239 -0.5087 0.7493
vn 0.4262 -0.5095 0.7475
vn 0.6133 -0.1611 0.7733
vn 0.6208 -0.1606 0.7673
vn 0.5922 0.7311 0.3388
vn 0.5421 0.7385 0.4009
vn 0.7042 0.3249 0.6313
vn 0.6697 0.3248 0.6679
vn 0.1107 -0.8973 0.4273
vn 0.4595 -0.5181 0.7214
vn 0.4578 -0.5178 0.7227
vn 0.6058 -0.1618 0.7790
vn 0.4819 0.7446 0.4620
vn 0.6307 0.3265 0.7040
vn 0.1546 -0.9076 0.3903
vn 0.4755 -0.5210 0.7088
vn 0.4744 -0.5208 0.7097
vn 0.5991 -0.1623 0.7840
vn 0.4246 0.7452 0.5142
vn 0.5945 0.3265 0.7349
vn 0.2053 -0.9152 0.3467
vn 0.4937 -0.5235 0.6944
vn 0.4933 -0.5234 0.6948
vn 0.5916 -0.1627 0.7896
vn 0.3589 0.7396 0.5694
vn 0.5530 0.3244 0.7674
vn 0.2289 -0.9174 0.3257
vn 0.5037 -0.5246 0.6864
vn 0.5879 -0.1628 0.7924
vn 0.2952 0.7324 0.6135
vn 0.5130 0.3244 0.7947
vn -0.1626 0.9067 -0.3891
vn -0.1004 0.8879 -0.4489
vn -0.5534 0.5221 -0.6490
vn -0.5588 0.5226 -0.6439
vn -0.5104 0.5159 -0.6880
vn -0.5048 0.5149 -0.6929
vn -0.7035 0.1625 -0.6919
vn -0.6761 0.1608 -0.7191
vn -0.6475 -0.7222 -0.2432
vn -0.6235 -0.7331 -0.2719
vn -0.7608 -0.3311 -0.5581
vn -0.7590 -0.3344 -0.5587
vn -0.2332 0.9180 -0.3207
vn -0.6058 0.5258 -0.5971
vn -0.6075 0.5258 -0.5954
vn -0.7332 0.1634 -0.6601
vn -0.5974 -0.7408 -0.3071
vn -0.7565 -0.3345 -0.5620
vn -0.2966 0.9194 -0.2583
vn -0.6502 0.5255 -0.5488
vn -0.6497 0.5255 -0.5493
vn -0.7584 0.1633 -0.6310
vn -0.5711 -0.7488 -0.3363
vn -0.7541 -0.3365 -0.5640
vn -0.3657 0.9117 -0.1871
vn -0.6964 0.5217 -0.4928
vn -0.6933 0.5220 -0.4969
vn -0.7853 0.1626 -0.5974
vn -0.5383 -0.7583 -0.3677
vn -0.7508 -0.3402 -0.5662
vn -0.4231 0.8976 -0.1238
vn -0.7349 0.5157 -0.4405
vn -0.7315 0.5163 -0.4453
vn -0.8077 0.1617 -0.5670
vn -0.5520 -0.7268 -0.4088
vn -0.7574 -0.3122 -0.5735
vn 0.4187 -0.5070 0.7534
vn 0.2655 0.7334 0.6259
vn 0.4930 0.3336 0.8035
vn 0.5679 0.0802 0.8192
vn -0.4878 0.5115 -0.7075
vn -0.0787 0.8792 -0.4698
vn -0.8144 0.1613 -0.5574
vn -0.7478 0.5130 -0.4215
vn -0.4413 0.8915 -0.1029
vn 0.5832 0.0001 0.8123
vn -0.1658 0.0724 -0.9835
vn -0.3359 0.0547 -0.9403
vn -0.2349 0.0655 -0.9698
vn -0.0730 0.0810 -0.9940
vn -0.4880 0.0362 -0.8721
vn -0.3879 0.0486 -0.9204
vn -0.6225 0.0173 -0.7824
vn -0.5288 0.0307 -0.8482
vn -0.7394 -0.0019 -0.6732
vn -0.6552 0.0122 -0.7553
vn -0.8376 -0.0211 -0.5459
vn -0.7657 -0.0067 -0.6431
vn -0.9150 -0.0401 -0.4014
vn -0.8583 -0.0257 -0.5125
vn -0.9688 -0.0586 -0.2410
vn -0.9302 -0.0446 -0.3643
vn -0.9949 -0.0759 -0.0671
vn -0.9778 -0.0629 -0.1997
vn -0.9890 -0.0915 0.1160
vn -0.9966 -0.0801 -0.0212
vn -0.9477 -0.1043 0.3015
vn -0.9814 -0.0953 0.1669
vn -0.8698 -0.1135 0.4802
vn -0.9277 -0.1076 0.3575
vn -0.7581 -0.1184 0.6414
vn -0.8330 -0.1158 0.5411
vn -0.6204 -0.1188 0.7752
vn -0.6974 -0.1192 0.7067
vn -0.4701 -0.1152 0.8751
vn -0.5252 -0.1169 0.8429
vn -0.3210 -0.1087 0.9408
vn -0.3277 -0.1091 0.9385
vn -0.1703 -0.0998 0.9803
vn -0.1226 -0.0965 0.9878
vn -0.0093 -0.0879 0.9961
vn 0.0739 -0.0809 0.9940
vn 0.1547 -0.0735 0.9852
vn 0.2531 -0.0636 0.9653
vn 0.3128 -0.0572 0.9481
vn 0.4141 -0.0455 0.9091
vn 0.4600 -0.0398 0.8870
vn 0.5574 -0.0268 0.8298
vn 0.5939 -0.0215 0.8042
vn 0.6832 -0.0077 0.7302
vn 0.7126 -0.0028 0.7016
vn 0.7909 0.0115 0.6118
vn 0.8144 0.0162 0.5801
vn 0.8790 0.0306 0.4758
vn 0.8970 0.0352 0.4406
vn 0.9451 0.0494 0.3231
vn 0.9573 0.0539 0.2840
vn 0.9855 0.0674 0.1555
vn 0.9911 0.0717 0.1120
vn 0.9962 0.0840 -0.0237
vn 0.9935 0.0880 -0.0720
vn 0.9730 0.0983 -0.2090
vn 0.9596 0.1019 -0.2624
vn 0.9133 0.1094 -0.3924
vn 0.8855 0.1123 -0.4508
vn 0.8178 0.1166 -0.5636
vn 0.7702 0.1182 -0.6268
vn 0.6918 0.1192 -0.7122
vn 0.6154 0.1188 -0.7792
vn 0.5458 0.1175 -0.8296
vn 0.4286 0.1137 -0.8963
vn 0.3950 0.1123 -0.9118
vn 0.2250 0.1033 -0.9689
vn 0.2468 0.1046 -0.9634
vn 0.0225 0.0890 -0.9958
vn 0.0908 0.0942 -0.9914
vn -0.2349 0.0656 -0.9698
vn -0.6226 0.0173 -0.7824
vn -0.6553 0.0122 -0.7553
vn -0.8375 -0.0211 -0.5460
vn -0.8583 -0.0257 -0.5126
vn -0.7581 -0.1184 0.6413
vn 0.2531 -0.0637 0.9653
vn 0.4601 -0.0398 0.8870
vn 0.5939 -0.0215 0.8043
vn 0.9935 0.0880 -0.0721
vn 0.9730 0.0983 -0.2091
vn 0.9595 0.1019 -0.2625
vn 0.9133 0.1094 -0.3923
vn 0.8178 0.1165 -0.5636
vn 0.7701 0.1182 -0.6268
vn 0.0195 -0.0314 0.9993
vn 0.1803 -0.0258 0.9833
vn 0.2110 -0.0246 0.9772
vn 0.3386 -0.0194 0.9407
vn 0.3919 -0.0171 0.9199
vn 0.4905 -0.0124 0.8714
vn 0.5556 -0.0090 0.8314
vn 0.6308 -0.0049 0.7760
vn 0.6979 -0.0008 0.7162
vn 0.7541 0.0029 0.6567
vn 0.8155 0.0073 0.5787
vn 0.8561 0.0106 0.5167
vn 0.9058 0.0152 0.4234
vn 0.9330 0.0181 0.3595
vn 0.9667 0.0225 0.2548
vn 0.9815 0.0251 0.1896
vn 0.9965 0.0291 0.0779
vn 0.9994 0.0313 0.0120
vn 0.9942 0.0348 -0.1018
vn 0.9851 0.0367 -0.1681
vn 0.9596 0.0394 -0.2786
vn 0.9379 0.0408 -0.3445
vn 0.8938 0.0427 -0.4465
vn 0.8583 0.0436 -0.5112
vn 0.7991 0.0446 -0.5996
vn 0.7481 0.0450 -0.6620
vn 0.6792 0.0451 -0.7326
vn 0.6102 0.0447 -0.7910
vn 0.5392 0.0441 -0.8410
vn 0.4486 0.0429 -0.8927
vn 0.3853 0.0418 -0.9218
vn 0.2687 0.0394 -0.9624
vn 0.2241 0.0383 -0.9738
vn 0.0775 0.0344 -0.9964
vn 0.0614 0.0339 -0.9975
vn -0.1161 0.0281 -0.9928
vn -0.1001 0.0287 -0.9946
vn -0.3032 0.0209 -0.9527
vn -0.2599 0.0227 -0.9654
vn -0.4762 0.0131 -0.8792
vn -0.4157 0.0160 -0.9094
vn -0.6297 0.0049 -0.7768
vn -0.5624 0.0087 -0.8268
vn -0.7599 -0.0033 -0.6500
vn -0.6948 0.0010 -0.7192
vn -0.8642 -0.0113 -0.5030
vn -0.8081 -0.0068 -0.5891
vn -0.9401 -0.0189 -0.3404
vn -0.8979 -0.0144 -0.4400
vn -0.9856 -0.0259 -0.1670
vn -0.9609 -0.0217 -0.2759
vn -0.9994 -0.0321 0.0120
vn -0.9944 -0.0283 -0.1014
vn -0.9809 -0.0373 0.1910
vn -0.9964 -0.0341 0.0781
vn -0.9305 -0.0412 0.3640
vn -0.9656 -0.0389 0.2571
vn -0.8498 -0.0438 0.5253
vn -0.9021 -0.0424 0.4295
vn -0.7420 -0.0450 0.6689
vn -0.8069 -0.0445 0.5890
vn -0.6113 -0.0447 0.7901
vn -0.6824 -0.0451 0.7296
vn -0.4636 -0.0431 0.8850
vn -0.5320 -0.0440 0.8456
vn -0.3052 -0.0402 0.9514
vn -0.3605 -0.0413 0.9318
vn -0.4661 0.7492 0.4707
vn -0.1427 -0.0362 0.9891
vn -0.1740 -0.0371 0.9841
vn 0.4661 -0.7492 -0.4707
vn 0.6792 0.0450 -0.7326
vn -0.9305 -0.0412 0.3641
vn 0.4905 -0.0124 0.8713
vn 0.6308 -0.0048 0.7760
vn -0.6297 0.0049 -0.7769
vn -0.5624 0.0086 -0.8268
vn 0.7990 0.0446 -0.5996
vn 0.7024 0.1149 -0.7024
vn -0.1155 -0.9775 -0.1762
vn -0.0635 -0.9822 -0.1769
vn 0.2327 -0.9662 0.1106
vn 0.2230 -0.9627 0.1535
vn -0.6987 -0.0392 -0.7143
vn -0.6521 -0.0774 -0.7541
vn -0.6913 0.0847 -0.7176
vn -0.6751 0.1253 -0.7271
vn 0.6730 -0.0389 0.7386
vn 0.7300 0.0710 0.6797
vn 0.7171 0.1125 0.6878
vn 0.7043 -0.0477 0.7083
vn 0.4526 0.8237 -0.3415
vn 0.5159 0.8153 -0.2630
vn 0.3161 0.8219 -0.4739
vn 0.2543 0.8138 -0.5225
vn 0.8061 0.0002 0.5918
vn 0.7972 -0.0636 0.6003
vn 0.8055 0.0746 0.5879
vn 0.8129 0.0801 0.5768
vn 0.7032 0.0747 0.7070
vn 0.7398 -0.0877 0.6670
vn -0.7677 -0.2374 -0.5952
vn -0.6732 0.0864 -0.7344
vn 0.3747 -0.9261 -0.0437
vn 0.4066 -0.9097 -0.0845
vn 0.1343 -0.9193 -0.3698
vn 0.0674 -0.9117 -0.4053
vn 0.2860 0.9578 -0.0288
vn 0.2623 0.9650 -0.0045
vn -0.0230 0.9535 -0.3006
vn -0.0259 0.9325 -0.3603
vn -0.0072 -0.9733 -0.2296
vn 0.2838 -0.9570 0.0601
vn 0.0004 0.9674 0.2534
vn -0.0597 0.9476 0.3139
vn -0.3467 0.9378 0.0156
vn -0.2899 0.9559 -0.0482
vn 0.0421 -0.9607 -0.2745
vn 0.0937 -0.9417 -0.3231
vn 0.3706 -0.9281 -0.0358
vn 0.3271 -0.9449 0.0151
vn 0.7667 0.0752 0.6376
vn 0.7873 0.0743 0.6120
vn 0.7861 -0.0894 0.6117
vn 0.7746 -0.0883 0.6263
vn 0.7251 0.0747 0.6846
vn 0.7474 0.0755 0.6601
vn 0.7639 -0.0877 0.6393
vn 0.7518 -0.0880 0.6535
vn -0.6021 -0.0805 -0.7944
vn -0.5919 -0.0471 -0.8046
vn -0.5771 0.0847 -0.8123
vn -0.6006 0.0834 -0.7952
vn -0.6151 -0.0795 -0.7844
vn -0.6247 0.0841 -0.7763
vn -0.6267 -0.0790 -0.7752
vn -0.6462 0.0842 -0.7585
vn -0.6394 -0.0791 -0.7648
vn -0.6696 0.0834 -0.7380
vn 0.0678 0.9803 0.1856
vn -0.2250 0.9671 -0.1188
vn 0.2014 0.9778 0.0581
vn 0.1309 0.9835 0.1251
vn -0.1619 0.9705 -0.1788
vn -0.0888 0.9662 -0.2421
vn -0.3862 0.9222 0.0190
vn -0.1147 0.9440 0.3094
vn -0.7111 -0.2903 -0.6403
vn -0.3699 -0.7742 -0.5136
vn 0.2657 -0.9175 0.2959
vn 0.3873 -0.9058 0.1717
vn 0.3469 -0.5065 0.7894
vn 0.6486 -0.1651 0.7430
vn 0.1846 0.7992 -0.5721
vn -0.2758 0.5755 -0.7698
vn -0.6175 0.2018 -0.7603
vn -0.6713 0.1790 -0.7192
vn 0.4874 0.8283 0.2761
vn 0.7312 0.6689 0.1337
vn 0.6938 0.4262 0.5804
vn 0.7825 0.3076 0.5414
vn -0.2529 -0.7373 -0.6265
vn -0.2261 -0.7221 -0.6538
vn -0.5408 -0.3362 -0.7711
vn -0.5389 -0.3310 -0.7746
vn -0.4483 0.8868 -0.1122
vn -0.3925 0.9021 -0.1793
vn -0.6817 0.5142 -0.5205
vn -0.6767 0.5148 -0.5263
vn -0.6336 0.5187 -0.5741
vn -0.6387 0.5184 -0.5686
vn -0.7027 0.1608 -0.6930
vn -0.6765 0.1616 -0.7185
vn -0.2893 -0.7471 -0.5984
vn -0.5462 -0.3372 -0.7668
vn -0.3257 0.9117 -0.2504
vn -0.5857 0.5208 -0.6211
vn -0.5875 0.5207 -0.6194
vn -0.6461 0.1620 -0.7459
vn -0.3220 -0.7546 -0.5717
vn -0.5507 -0.3389 -0.7628
vn -0.2613 0.9138 -0.3109
vn -0.5401 0.5210 -0.6610
vn -0.5394 0.5209 -0.6615
vn -0.6184 0.1620 -0.7690
vn -0.3584 -0.7621 -0.5393
vn -0.5558 -0.3418 -0.7578
vn -0.1864 0.9079 -0.3756
vn -0.4878 0.5189 -0.7020
vn -0.4835 0.5186 -0.7052
vn -0.5863 0.1618 -0.7937
vn -0.4023 -0.7285 -0.5545
vn -0.5646 -0.3124 -0.7640
vn -0.1196 0.8953 -0.4291
vn -0.4362 0.5146 -0.7381
vn -0.4313 0.5141 -0.7414
vn -0.5575 0.1614 -0.8143
vn 0.3839 0.7447 0.5459
vn 0.3238 0.7331 0.5981
vn 0.6526 0.3274 0.6833
vn 0.6144 0.3256 0.7186
vn 0.5034 -0.8632 0.0380
vn 0.4710 -0.8782 0.0832
vn 0.7363 -0.5092 0.4455
vn 0.7379 -0.5090 0.4431
vn 0.7275 -0.5107 0.4582
vn 0.7255 -0.5111 0.4609
vn 0.7519 -0.1605 0.6394
vn 0.7598 -0.1603 0.6301
vn 0.4458 0.7526 0.4846
vn 0.6909 0.3299 0.6433
vn 0.4337 -0.8919 0.1281
vn 0.7150 -0.5136 0.4743
vn 0.7138 -0.5140 0.4758
vn 0.7674 -0.1606 0.6207
vn 0.5007 0.7524 0.4281
vn 0.7239 0.3296 0.6061
vn 0.3959 -0.9028 0.1680
vn 0.7032 -0.5171 0.4879
vn 0.7024 -0.5173 0.4889
vn 0.7742 -0.1612 0.6121
vn 0.5594 0.7447 0.3640
vn 0.7588 0.3266 0.5635
vn 0.3503 -0.9120 0.2132
vn 0.6895 -0.5209 0.5033
vn 0.6891 -0.5210 0.5037
vn 0.7816 -0.1619 0.6024
vn 0.6068 0.7353 0.3019
vn 0.7880 0.3256 0.5225
vn 0.3283 -0.9151 0.2342
vn 0.6817 -0.5228 0.5118
vn 0.7852 -0.1622 0.5976
vn -0.4674 0.8797 -0.0872
vn -0.6958 0.5122 -0.5034
vn -0.0974 0.8897 -0.4460
vn -0.4124 0.5120 -0.7535
vn -0.5618 0.1076 -0.8203
vn -0.5484 0.1612 -0.8205
vn 0.7413 -0.5086 0.4379
vn 0.7976 0.3338 0.5024
vn 0.6205 0.7351 0.2731
vn -0.5832 0.0001 -0.8123
vn 0.1857 0.0705 0.9801
vn 0.3472 0.0534 0.9363
vn 0.2271 0.0663 0.9716
vn 0.0579 0.0823 0.9949
vn 0.4942 0.0354 0.8686
vn 0.3843 0.0491 0.9219
vn 0.6257 0.0168 0.7799
vn 0.5278 0.0309 0.8488
vn 0.7405 -0.0021 0.6721
vn 0.6561 0.0121 0.7546
vn 0.8372 -0.0210 0.5465
vn 0.7679 -0.0071 0.6405
vn 0.9137 -0.0397 0.4044
vn 0.8615 -0.0265 0.5070
vn 0.9671 -0.0578 0.2478
vn 0.9341 -0.0458 0.3542
vn 0.9940 -0.0747 0.0804
vn 0.9812 -0.0648 0.1818
vn 0.9918 -0.0895 -0.0908
vn 0.9965 -0.0828 -0.0101
vn 0.9618 -0.1013 -0.2545
vn 0.9711 -0.0989 -0.2172
vn 0.9075 -0.1101 -0.4055
vn 0.8980 -0.1111 -0.4258
vn 0.8238 -0.1163 -0.5548
vn 0.7786 -0.1179 -0.6163
vn 0.7055 -0.1191 -0.6986
vn 0.6245 -0.1189 -0.7719
vn 0.5572 -0.1177 -0.8220
vn 0.4492 -0.1145 -0.8860
vn 0.3885 -0.1120 -0.9146
vn 0.2643 -0.1056 -0.9587
vn 0.2098 -0.1023 -0.9724
vn 0.0788 -0.0933 -0.9925
vn 0.0301 -0.0896 -0.9955
vn -0.1001 -0.0786 -0.9919
vn -0.1438 -0.0745 -0.9868
vn -0.2681 -0.0621 -0.9614
vn -0.3073 -0.0578 -0.9498
vn -0.4226 -0.0445 -0.9052
vn -0.4579 -0.0401 -0.8881
vn -0.5620 -0.0261 -0.8267
vn -0.5939 -0.0215 -0.8042
vn -0.6852 -0.0074 -0.7283
vn -0.7142 -0.0025 -0.7000
vn -0.7912 0.0116 -0.6114
vn -0.8172 0.0168 -0.5762
vn -0.8782 0.0304 -0.4774
vn -0.9007 0.0362 -0.4330
vn -0.9435 0.0489 -0.3277
vn -0.9611 0.0554 -0.2704
vn -0.9840 0.0665 -0.1651
vn -0.9934 0.0740 -0.0882
vn -0.9966 0.0824 0.0054
vn -0.9895 0.0912 0.1123
vn -0.9800 0.0958 0.1743
vn -0.9407 0.1056 0.3225
vn -0.9377 0.1061 0.3310
vn -0.8435 0.1153 0.5246
vn -0.8699 0.1135 0.4800
vn -0.7050 0.1191 0.6991
vn -0.7689 0.1182 0.6284
vn -0.5388 0.1173 0.8343
vn -0.6346 0.1190 0.7637
vn -0.3573 0.1105 0.9274
vn -0.4748 0.1154 0.8725
vn -0.1711 0.0998 0.9802
vn -0.2998 0.1076 0.9479
vn 0.0118 0.0862 0.9962
vn -0.1196 0.0963 0.9881
vn 0.2270 0.0663 0.9716
vn 0.3844 0.0491 0.9219
vn 0.7680 -0.0071 0.6405
vn 0.9812 -0.0648 0.1817
vn 0.4492 -0.1145 -0.8861
vn 0.2643 -0.1056 -0.9586
vn -0.1002 -0.0786 -0.9919
vn -0.5620 -0.0261 -0.8268
vn -0.6853 -0.0074 -0.7283
vn -0.7142 -0.0025 -0.6999
vn -0.8172 0.0168 -0.5761
vn 0.0387 -0.0332 0.9987
vn -0.0741 -0.0296 0.9968
vn -0.2538 -0.0229 0.9670
vn -0.1371 -0.0274 0.9902
vn -0.4229 -0.0156 0.9061
vn -0.3087 -0.0207 0.9509
vn -0.5768 -0.0079 0.8168
vn -0.4706 -0.0133 0.8822
vn -0.7116 0.0001 0.7026
vn -0.6180 -0.0056 0.7861
vn -0.8238 0.0080 0.5668
vn -0.7465 0.0024 0.6654
vn -0.9103 0.0156 0.4137
vn -0.8521 0.0103 0.5233
vn -0.9686 0.0228 0.2477
vn -0.9314 0.0179 0.3636
vn -0.9968 0.0293 0.0740
vn -0.9814 0.0251 0.1904
vn -0.9942 0.0348 -0.1018
vn -0.9995 0.0315 0.0083
vn -0.9611 0.0393 -0.2733
vn -0.9834 0.0369 -0.1778
vn -0.9000 0.0425 -0.4338
vn -0.9312 0.0412 -0.3621
vn -0.8157 0.0444 -0.5768
vn -0.7822 -0.2589 -0.5667
vn -0.7138 0.0451 -0.6989
vn -0.6919 -0.2473 -0.6783
vn -0.5946 0.0446 -0.8028
vn -0.5819 -0.2554 -0.7721
vn -0.4547 0.0430 -0.8896
vn -0.4643 -0.2756 -0.8417
vn -0.2965 0.0400 -0.9542
vn -0.2047 0.0379 -0.9781
vn -0.1262 0.0358 -0.9914
vn -0.0182 0.0326 -0.9993
vn 0.0494 0.0304 -0.9983
vn 0.1650 0.0264 -0.9859
vn 0.2238 0.0241 -0.9743
vn 0.3400 0.0194 -0.9402
vn 0.3912 0.0171 -0.9201
vn 0.5020 0.0118 -0.8648
vn 0.5464 0.0095 -0.8374
vn 0.6468 0.0039 -0.7626
vn 0.6849 0.0016 -0.7287
vn 0.7707 -0.0040 -0.6371
vn 0.8023 -0.0063 -0.5968
vn 0.8704 -0.0119 -0.4921
vn 0.8952 -0.0141 -0.4454
vn 0.9431 -0.0193 -0.3320
vn 0.9602 -0.0216 -0.2784
vn 0.9865 -0.0261 -0.1615
vn 0.9946 -0.0284 -0.1001
vn 0.9994 -0.0322 0.0140
vn 0.9958 -0.0343 0.0846
vn 0.9814 -0.0372 0.1885
vn 0.9619 -0.0392 0.2706
vn 0.9338 -0.0410 0.3554
vn 0.8181 0.2690 0.5083
vn 0.8604 -0.0436 0.5078
vn 0.7401 0.2510 0.6239
vn 0.7667 -0.0449 0.6404
vn 0.6386 0.2490 0.7281
vn 0.6566 -0.0450 0.7529
vn 0.5234 0.2649 0.8098
vn 0.5273 -0.0439 0.8486
vn 0.2974 -0.0400 0.9539
vn 0.3776 -0.0416 0.9250
vn 0.4661 0.7492 0.4707
vn 0.1114 -0.0354 0.9931
vn 0.2124 -0.0381 0.9764
vn -0.4661 -0.7492 -0.4707
vn -0.6622 -0.3625 -0.6558
vn -0.7281 -0.3546 -0.5867
vn -0.5941 -0.3568 -0.7209
vn -0.5135 -0.3459 -0.7853
vn -0.7822 -0.2589 -0.5668
vn 0.9338 -0.0410 0.3553
vn 0.8912 -0.0428 0.4516
vn 0.7836 -0.0447 0.6197
vn -0.6181 -0.0056 0.7861
vn 0.6429 -0.0449 0.7646
vn 0.4774 -0.0433 0.8776
vn -0.8521 0.0103 0.5234
vn 0.3912 0.0171 -0.9202
vn 0.2124 -0.0380 0.9764
vn 0.8705 -0.0118 -0.4921
vn -0.9312 0.0412 -0.3622
vn 0.9602 -0.0215 -0.2784
vn -0.7024 0.1149 -0.7024
vn 0.1007 -0.9825 -0.1566
vn -0.1619 -0.9810 0.1069
vn -0.1982 -0.9760 0.0901
vn 0.0825 -0.9778 -0.1928
vn 0.7165 -0.0452 -0.6961
vn 0.6939 0.1007 -0.7130
vn 0.6900 0.0804 -0.7193
vn 0.6505 -0.0800 -0.7552
vn -0.6172 -0.1325 0.7756
vn -0.6870 -0.0455 0.7252
vn -0.7046 0.1003 0.7024
vn -0.7415 0.1133 0.6613
vn -0.4907 0.8197 -0.2954
vn -0.2954 0.8197 -0.4907
vn -0.2998 0.8202 -0.4872
vn -0.4869 0.8203 -0.3002
vn -0.8061 0.0002 0.5918
vn -0.8106 0.0450 0.5839
vn -0.8065 0.0807 0.5856
vn -0.7982 -0.0696 0.5984
vn -0.7392 -0.0803 0.6687
vn -0.7026 0.0803 0.7070
vn 0.6613 0.1134 -0.7415
vn 0.7756 -0.1324 -0.6172
vn -0.3939 -0.9186 -0.0309
vn -0.0385 -0.9182 -0.3941
vn -0.1153 -0.9166 -0.3829
vn -0.3869 -0.9163 -0.1034
vn -0.3244 0.9459 0.0026
vn 0.0002 0.9446 -0.3283
vn 0.0086 0.9603 -0.2788
vn -0.2735 0.9618 0.0087
vn -0.2542 -0.9663 0.0393
vn 0.0263 -0.9691 -0.2453
vn -0.0092 0.9632 0.2687
vn 0.2777 0.9604 -0.0247
vn 0.3327 0.9422 0.0390
vn 0.0488 0.9431 0.3289
vn -0.0220 -0.9568 -0.2899
vn -0.3007 -0.9537 -0.0053
vn -0.3469 -0.9363 -0.0550
vn -0.0716 -0.9386 -0.3375
vn -0.7673 0.0815 0.6361
vn -0.7753 -0.0806 0.6265
vn -0.7874 -0.0815 0.6111
vn -0.7885 0.0807 0.6097
vn -0.7251 0.0811 0.6838
vn -0.7518 -0.0802 0.6544
vn -0.7642 -0.0801 0.6400
vn -0.7476 0.0817 0.6591
vn 0.6000 -0.0820 -0.7958
vn 0.5986 0.0801 -0.7971
vn 0.5761 0.0805 -0.8134
vn 0.5891 -0.0698 -0.8050
vn 0.6134 -0.0814 -0.7856
vn 0.6232 0.0806 -0.7779
vn 0.6251 -0.0810 -0.7763
vn 0.6447 0.0807 -0.7602
vn 0.6377 -0.0807 -0.7660
vn 0.6679 0.0804 -0.7399
vn -0.0783 0.9765 0.2008
vn 0.2113 0.9728 -0.0951
vn -0.2106 0.9749 0.0717
vn 0.0756 0.9725 -0.2202
vn 0.1479 0.9767 -0.1555
vn -0.1415 0.9800 0.1398
vn 0.3303 0.9399 0.0867
vn 0.0922 0.9396 0.3295
vn 0.7253 -0.3310 -0.6036
vn 0.5239 -0.5217 -0.6733
vn 0.2116 -0.9132 -0.3481
vn 0.2958 -0.9176 -0.2655
vn -0.3469 -0.9129 0.2149
vn -0.2658 -0.9175 0.2959
vn -0.6628 -0.5217 0.5372
vn -0.5946 -0.3304 0.7330
vn -0.1846 0.7992 -0.5721
vn 0.2758 0.5755 -0.7698
vn 0.3865 0.5736 -0.7222
vn 0.5970 0.4115 -0.6887
vn 0.4227 0.4430 -0.7906
vn -0.5721 0.7991 -0.1845
vn -0.7194 0.5743 0.3908
vn -0.7699 0.5754 0.2760
vn -0.7907 0.4427 0.4230
vn -0.6829 0.4110 0.6039
vn 0.0170 -0.8600 -0.5100
vn 0.0551 -0.8780 -0.4755
vn 0.4460 -0.5151 -0.7320
vn 0.4284 -0.5103 -0.7457
vn 0.5358 -0.3336 -0.7756
vn 0.5375 -0.3373 -0.7729
vn 0.3813 0.9043 -0.1920
vn 0.4407 0.8893 -0.1220
vn 0.6882 0.5133 -0.5127
vn 0.6498 0.5175 -0.5567
vn 0.6663 0.3407 -0.6633
vn 0.7027 0.3375 -0.6264
vn 0.1025 -0.8949 -0.4343
vn 0.4627 -0.5188 -0.7189
vn 0.5424 -0.3403 -0.7681
vn 0.3173 0.9124 -0.2586
vn 0.5980 0.5204 -0.6096
vn 0.6263 0.3438 -0.6997
vn 0.1466 -0.9060 -0.3971
vn 0.4789 -0.5215 -0.7061
vn 0.5465 -0.3429 -0.7641
vn 0.2540 0.9136 -0.3174
vn 0.5510 0.5211 -0.6519
vn 0.5884 0.3454 -0.7311
vn 0.1964 -0.9142 -0.3545
vn 0.4982 -0.5240 -0.6909
vn 0.5507 -0.3459 -0.7597
vn 0.1791 0.9068 -0.3815
vn 0.4987 0.5195 -0.6938
vn 0.5442 0.3453 -0.7646
vn 0.2289 -0.9174 -0.3257
vn 0.5037 -0.5246 -0.6864
vn 0.5341 -0.4342 -0.7254
vn 0.1164 0.8945 -0.4315
vn 0.4424 0.5152 -0.7340
vn 0.5034 0.3455 -0.7920
vn -0.1095 0.8913 0.4400
vn -0.1751 0.9095 0.3770
vn -0.5411 0.5207 0.6603
vn -0.4971 0.5134 0.6996
vn -0.6098 0.3378 0.7170
vn -0.6482 0.3429 0.6799
vn -0.4789 -0.8749 0.0728
vn -0.5083 -0.8606 0.0303
vn -0.7349 -0.5094 0.4478
vn -0.7231 -0.5116 0.4642
vn -0.7609 -0.3362 0.5551
vn -0.7619 -0.3344 0.5547
vn -0.2417 0.9187 0.3124
vn -0.5956 0.5254 0.6076
vn -0.6868 0.3466 0.6389
vn -0.4404 -0.8897 0.1205
vn -0.7116 -0.5146 0.4784
vn -0.7579 -0.3380 0.5580
vn -0.3035 0.9191 0.2514
vn -0.6399 0.5259 0.5603
vn -0.7204 0.3478 0.6001
vn -0.4028 -0.9010 0.1611
vn -0.7000 -0.5181 0.4916
vn -0.7554 -0.3408 0.5597
vn -0.3722 0.9105 0.1802
vn -0.6844 0.5230 0.5079
vn -0.7562 0.3468 0.5549
vn -0.3583 -0.9107 0.2054
vn -0.6859 -0.5218 0.5073
vn -0.7526 -0.3445 0.5611
vn -0.4259 0.8967 0.1207
vn -0.7271 0.5171 0.4516
vn -0.7854 0.3460 0.5133
vn -0.3283 -0.9151 0.2342
vn -0.6817 -0.5228 0.5118
vn -0.7197 -0.4332 0.5425
vn 0.4675 0.8797 -0.0872
vn 0.0974 0.8897 -0.4460
vn 0.4124 0.5120 -0.7535
vn 0.5169 0.2667 -0.8135
vn 0.5751 0.0452 -0.8169
vn -0.0787 0.8792 0.4698
vn -0.8075 0.2665 0.5263
vn -0.7478 0.5130 0.4215
vn -0.4413 0.8915 0.1029
vn 0.5832 0.0001 -0.8123
vn -0.1683 0.0722 0.9831
vn -0.0744 0.0809 0.9939
vn -0.2397 0.0650 0.9687
vn -0.3339 0.0549 0.9410
vn -0.3941 0.0479 0.9178
vn -0.4840 0.0367 0.8743
vn -0.5352 0.0299 0.8442
vn -0.6178 0.0180 0.7861
vn -0.6617 0.0112 0.7497
vn -0.7346 -0.0010 0.6785
vn -0.7719 -0.0078 0.6357
vn -0.8330 -0.0201 0.5530
vn -0.8638 -0.0270 0.5030
vn -0.9110 -0.0390 0.4105
vn -0.9349 -0.0461 0.3520
vn -0.9658 -0.0573 0.2527
vn -0.9808 -0.0646 0.1838
vn -0.9938 -0.0745 0.0821
vn -0.9966 -0.0819 0.0006
vn -0.9912 -0.0900 -0.0967
vn -0.9764 -0.0972 -0.1931
vn -0.9554 -0.1028 -0.2769
vn -0.9146 -0.1093 -0.3894
vn -0.8862 -0.1122 -0.4496
vn -0.8089 -0.1169 -0.5763
vn -0.7870 -0.1177 -0.6056
vn -0.6628 -0.1192 -0.7392
vn -0.6632 -0.1192 -0.7389
vn -0.4873 -0.1158 -0.8655
vn -0.5187 -0.1168 -0.8469
vn -0.2968 -0.1074 -0.9489
vn -0.3572 -0.1105 -0.9275
vn -0.1047 -0.0952 -0.9899
vn -0.1854 -0.1008 -0.9775
vn 0.0803 -0.0803 -0.9935
vn -0.0113 -0.0881 -0.9960
vn 0.2529 -0.0637 -0.9654
vn 0.1582 -0.0732 -0.9847
vn 0.4109 -0.0459 -0.9105
vn 0.3184 -0.0566 -0.9463
vn 0.5530 -0.0274 -0.8327
vn 0.4664 -0.0390 -0.8837
vn 0.6784 -0.0085 -0.7346
vn 0.6004 -0.0206 -0.7994
vn 0.7862 0.0106 -0.6179
vn 0.7189 -0.0017 -0.6951
vn 0.8747 0.0296 -0.4837
vn 0.8203 0.0174 -0.5717
vn 0.9415 0.0482 -0.3334
vn 0.9022 0.0366 -0.4297
vn 0.9834 0.0661 -0.1688
vn 0.9613 0.0554 -0.2700
vn 0.9966 0.0825 0.0066
vn 0.9929 0.0734 -0.0939
vn 0.9775 0.0968 0.1872
vn 0.9914 0.0899 0.0953
vn 0.9248 0.1080 0.3648
vn 0.9509 0.1037 0.2916
vn 0.8400 0.1155 0.5301
vn 0.8672 0.1137 0.4848
vn 0.7279 0.1189 0.6753
vn 0.7404 0.1188 0.6616
vn 0.5934 0.1185 0.7961
vn 0.5779 0.1182 0.8075
vn 0.4397 0.1141 0.8909
vn 0.3930 0.1122 0.9127
vn 0.2721 0.1061 0.9564
vn 0.2003 0.1017 0.9744
vn 0.0982 0.0948 0.9906
vn 0.0109 0.0880 0.9961
vn -0.5353 0.0299 0.8442
vn -0.7718 -0.0078 0.6358
vn -0.8639 -0.0270 0.5030
vn -0.9348 -0.0461 0.3521
vn -0.9658 -0.0573 0.2528
vn -0.9808 -0.0646 0.1839
vn -0.8088 -0.1169 -0.5763
vn 0.1582 -0.0731 -0.9847
vn 0.8747 0.0296 -0.4838
vn 0.9022 0.0366 -0.4298
vn 0.9834 0.0661 -0.1687
vn 0.8672 0.1137 0.4849
vn 0.4397 0.1141 0.8908
vn 0.0982 0.0947 0.9906
vn -0.8977 0.0579 0.4368
vn -0.9454 0.1169 0.3041
vn -0.9216 -0.0064 0.3880
vn -0.8752 -0.0011 0.4837
vn -0.9300 0.2104 0.3013
vn -0.9493 0.2062 0.2375
vn -0.8283 0.5516 -0.0988
vn -0.8268 0.5570 -0.0791
vn -0.8268 0.5569 -0.0793
vn 0.6291 0.3451 -0.6965
vn 0.7199 0.3750 -0.5841
vn 0.4475 0.6121 -0.6520
vn 0.3458 0.5578 -0.7545
vn 0.8076 0.1276 -0.5757
vn 0.8743 0.1352 -0.4661
vn 0.8746 0.0011 -0.4849
vn 0.9224 0.0036 -0.3862
vn 0.8972 -0.0579 -0.4378
vn 0.9462 -0.1250 -0.2984
vn 0.9299 -0.2105 -0.3016
vn 0.9490 -0.2063 -0.2382
vn 0.8283 -0.5516 0.0988
vn 0.8268 -0.5569 0.0793
vn 0.8268 -0.5570 0.0790
vn -0.6342 -0.3415 0.6937
vn -0.7347 -0.3576 0.5765
vn -0.4491 -0.6128 0.6503
vn -0.3468 -0.5583 0.7537
vn -0.8092 -0.1267 0.5737
vn -0.8753 -0.1331 0.4649
vn -0.9845 0.1116 0.1353
vn -0.9825 -0.0118 0.1858
vn -0.9751 0.1993 0.0975
vn -0.8246 0.5602 -0.0791
vn 0.8542 0.4059 -0.3249
vn 0.6054 0.6902 -0.3964
vn 0.9607 0.1450 -0.2368
vn 0.9827 0.0104 -0.1851
vn 0.9842 -0.1179 -0.1325
vn 0.9751 -0.1993 -0.0973
vn 0.8246 -0.5602 0.0790
vn -0.8663 -0.3852 0.3180
vn -0.6055 -0.6905 0.3957
vn -0.9616 -0.1416 0.2353
vn -0.9985 0.0465 -0.0302
vn -0.9994 -0.0154 -0.0298
vn -0.9800 0.1966 -0.0306
vn -0.8279 0.5601 -0.0285
vn 0.9061 0.4224 0.0247
vn 0.6693 0.7428 0.0153
vn 0.9886 0.1477 0.0290
vn 0.9995 0.0110 0.0303
vn 0.9984 -0.0465 0.0306
vn 0.9800 -0.1966 0.0309
vn 0.8279 -0.5601 0.0285
vn -0.9150 -0.4028 -0.0248
vn -0.6695 -0.7427 -0.0153
vn -0.9887 -0.1470 -0.0286
vn -0.9810 0.0478 -0.1879
vn -0.9771 -0.0126 -0.2126
vn -0.9725 0.1981 -0.1224
vn -0.8289 0.5561 0.0600
vn 0.8457 0.4025 0.3504
vn 0.5884 0.6918 0.4186
vn 0.9538 0.1443 0.2636
vn 0.9773 0.0106 0.2118
vn 0.9811 -0.0478 0.1877
vn 0.9725 -0.1981 0.1222
vn 0.8289 -0.5561 -0.0598
vn -0.8532 -0.3902 -0.3461
vn -0.5887 -0.6920 -0.4178
vn -0.9541 -0.1431 -0.2630
vn -0.9453 0.0521 -0.3219
vn -0.9312 -0.0084 -0.3645
vn -0.9569 0.2023 -0.2082
vn -0.9567 0.2024 -0.2092
vn -0.8328 0.5434 0.1057
vn -0.8329 0.5431 0.1066
vn 0.7264 0.3774 0.5743
vn 0.4384 0.6162 0.6543
vn 0.8845 0.1371 0.4459
vn 0.9325 0.0057 0.3612
vn 0.9455 -0.0521 0.3215
vn 0.9568 -0.2024 0.2087
vn 0.9570 -0.2023 0.2077
vn 0.8329 -0.5431 -0.1066
vn 0.8328 -0.5434 -0.1056
vn -0.7382 -0.3640 -0.5680
vn -0.4421 -0.6180 -0.6501
vn -0.8845 -0.1358 -0.4463
vn -0.9177 0.0549 -0.3935
vn -0.8967 -0.0035 -0.4426
vn -0.9451 0.2051 -0.2545
vn -0.8350 0.5338 0.1337
vn 0.6432 0.3565 0.6777
vn 0.3480 0.5667 0.7469
vn 0.8303 0.1325 0.5414
vn 0.8964 0.0043 0.4432
vn 0.9177 -0.0549 0.3934
vn 0.9452 -0.2050 0.2541
vn 0.8350 -0.5338 -0.1337
vn -0.6562 -0.3449 -0.6712
vn -0.3487 -0.5670 -0.7463
vn -0.8328 -0.1289 -0.5384
vn -0.4368 0.0579 -0.8977
vn -0.3041 0.1169 -0.9454
vn -0.3880 -0.0064 -0.9216
vn -0.4837 -0.0011 -0.8752
vn -0.3013 0.2104 -0.9300
vn -0.2375 0.2062 -0.9493
vn 0.0988 0.5516 -0.8283
vn 0.0791 0.5570 -0.8268
vn 0.0793 0.5569 -0.8268
vn 0.6965 0.3451 0.6291
vn 0.5841 0.3750 0.7199
vn 0.6520 0.6121 0.4475
vn 0.7545 0.5578 0.3458
vn 0.5757 0.1276 0.8076
vn 0.4661 0.1352 0.8743
vn 0.4849 0.0011 0.8746
vn 0.3862 0.0036 0.9224
vn 0.4377 -0.0579 0.8972
vn 0.2984 -0.1250 0.9462
vn 0.3016 -0.2105 0.9299
vn 0.2382 -0.2063 0.9490
vn -0.0988 -0.5516 0.8283
vn -0.0793 -0.5569 0.8268
vn -0.0790 -0.5570 0.8268
vn -0.6937 -0.3415 -0.6342
vn -0.5765 -0.3576 -0.7347
vn -0.6503 -0.6128 -0.4491
vn -0.7537 -0.5583 -0.3468
vn -0.5737 -0.1267 -0.8092
vn -0.4649 -0.1331 -0.8753
vn -0.1353 0.1116 -0.9845
vn -0.1858 -0.0118 -0.9825
vn -0.0975 0.1993 -0.9751
vn 0.0791 0.5602 -0.8246
vn 0.3249 0.4059 0.8542
vn 0.3964 0.6902 0.6054
vn 0.2368 0.1450 0.9607
vn 0.1851 0.0104 0.9827
vn 0.1325 -0.1179 0.9842
vn 0.0973 -0.1993 0.9751
vn -0.0790 -0.5602 0.8246
vn -0.3180 -0.3852 -0.8663
vn -0.3957 -0.6905 -0.6055
vn -0.2353 -0.1416 -0.9616
vn 0.0302 0.0465 -0.9985
vn 0.0298 -0.0154 -0.9994
vn 0.0306 0.1966 -0.9800
vn 0.0285 0.5601 -0.8279
vn -0.0247 0.4224 0.9061
vn -0.0153 0.7428 0.6693
vn -0.0290 0.1477 0.9886
vn -0.0303 0.0110 0.9995
vn -0.0306 -0.0465 0.9984
vn -0.0309 -0.1966 0.9800
vn -0.0285 -0.5601 0.8279
vn 0.0248 -0.4028 -0.9150
vn 0.0153 -0.7427 -0.6695
vn 0.0286 -0.1470 -0.9887
vn 0.1879 0.0478 -0.9810
vn 0.2126 -0.0126 -0.9771
vn 0.1224 0.1981 -0.9725
vn -0.0600 0.5561 -0.8289
vn -0.3504 0.4025 0.8457
vn -0.4186 0.6918 0.5884
vn -0.2636 0.1443 0.9538
vn -0.2118 0.0106 0.9773
vn -0.1877 -0.0478 0.9811
vn -0.1222 -0.1981 0.9725
vn 0.0598 -0.5561 0.8289
vn 0.3461 -0.3902 -0.8532
vn 0.4178 -0.6920 -0.5887
vn 0.2630 -0.1431 -0.9541
vn 0.3219 0.0521 -0.9453
vn 0.3645 -0.0084 -0.9312
vn 0.2082 0.2023 -0.9569
vn 0.2092 0.2024 -0.9567
vn -0.1057 0.5434 -0.8328
vn -0.1066 0.5431 -0.8329
vn -0.5743 0.3774 0.7264
vn -0.6543 0.6162 0.4384
vn -0.4459 0.1371 0.8845
vn -0.3612 0.0057 0.9325
vn -0.3215 -0.0521 0.9455
vn -0.2087 -0.2024 0.9568
vn -0.2077 -0.2023 0.9570
vn 0.1066 -0.5431 0.8329
vn 0.1056 -0.5434 0.8328
vn 0.5680 -0.3640 -0.7382
vn 0.6501 -0.6180 -0.4421
vn 0.4463 -0.1358 -0.8845
vn 0.3935 0.0549 -0.9177
vn 0.4426 -0.0035 -0.8967
vn 0.2545 0.2051 -0.9451
vn -0.1337 0.5338 -0.8350
vn -0.6777 0.3565 0.6432
vn -0.7469 0.5667 0.3480
vn -0.5414 0.1325 0.8303
vn -0.4432 0.0043 0.8964
vn -0.3934 -0.0549 0.9177
vn -0.2541 -0.2050 0.9452
vn 0.1337 -0.5338 0.8350
vn 0.6712 -0.3449 -0.6562
vn 0.7463 -0.5670 -0.3487
vn 0.5384 -0.1289 -0.8328
vn 0.8977 0.0579 -0.4368
vn 0.9454 0.1169 -0.3041
vn 0.9216 -0.0064 -0.3880
vn 0.8752 -0.0011 -0.4837
vn 0.9300 0.2104 -0.3013
vn 0.9493 0.2062 -0.2375
vn 0.8283 0.5516 0.0988
vn 0.8268 0.5570 0.0791
vn 0.8268 0.5569 0.0793
vn -0.6291 0.3451 0.6965
vn -0.7199 0.3750 0.5841
vn -0.4475 0.6121 0.6520
vn -0.3458 0.5578 0.7545
vn -0.8076 0.1276 0.5757
vn -0.8743 0.1352 0.4661
vn -0.8746 0.0011 0.4849
vn -0.9224 0.0036 0.3862
vn -0.8972 -0.0579 0.4378
vn -0.9462 -0.1250 0.2984
vn -0.9299 -0.2105 0.3016
vn -0.9490 -0.2063 0.2382
vn -0.8283 -0.5516 -0.0988
vn -0.8268 -0.5569 -0.0793
vn -0.8268 -0.5570 -0.0790
vn 0.6342 -0.3415 -0.6937
vn 0.7347 -0.3576 -0.5765
vn 0.4491 -0.6128 -0.6503
vn 0.3468 -0.5583 -0.7537
vn 0.8092 -0.1267 -0.5737
vn 0.8753 -0.1331 -0.4649
vn 0.9845 0.1116 -0.1353
vn 0.9825 -0.0118 -0.1858
vn 0.9751 0.1993 -0.0975
vn 0.8246 0.5602 0.0791
vn -0.8542 0.4059 0.3249
vn -0.6054 0.6902 0.3964
vn -0.9607 0.1450 0.2368
vn -0.9827 0.0104 0.1851
vn -0.9842 -0.1179 0.1325
vn -0.9751 -0.1993 0.0973
vn -0.8246 -0.5602 -0.0790
vn 0.8663 -0.3852 -0.3180
vn 0.6055 -0.6905 -0.3957
vn 0.9616 -0.1416 -0.2353
vn 0.9985 0.0465 0.0302
vn 0.9994 -0.0154 0.0298
vn 0.9800 0.1966 0.0306
vn 0.8279 0.5601 0.0285
vn -0.9061 0.4224 -0.0247
vn -0.6693 0.7428 -0.0153
vn -0.9886 0.1477 -0.0290
vn -0.9995 0.0110 -0.0303
vn -0.9984 -0.0465 -0.0306
vn -0.9800 -0.1966 -0.0309
vn -0.8279 -0.5601 -0.0285
vn 0.9150 -0.4028 0.0248
vn 0.6695 -0.7427 0.0153
vn 0.9887 -0.1470 0.0286
vn 0.9810 0.0478 0.1879
vn 0.9771 -0.0126 0.2126
vn 0.9725 0.1981 0.1224
vn 0.8289 0.5561 -0.0600
vn -0.8457 0.4025 -0.3504
vn -0.5884 0.6918 -0.4186
vn -0.9538 0.1443 -0.2636
vn -0.9773 0.0106 -0.2118
vn -0.9811 -0.0478 -0.1877
vn -0.9725 -0.1981 -0.1222
vn -0.8289 -0.5561 0.0598
vn 0.8532 -0.3902 0.3461
vn 0.5887 -0.6920 0.4178
vn 0.9541 -0.1431 0.2630
vn 0.9453 0.0521 0.3219
vn 0.9312 -0.0084 0.3645
vn 0.9569 0.2023 0.2082
vn 0.9567 0.2024 0.2092
vn 0.8328 0.5434 -0.1057
vn 0.8329 0.5431 -0.1066
vn -0.7264 0.3774 -0.5743
vn -0.4384 0.6162 -0.6543
vn -0.8845 0.1371 -0.4459
vn -0.9325 0.0057 -0.3612
vn -0.9455 -0.0521 -0.3215
vn -0.9568 -0.2024 -0.2087
vn -0.9570 -0.2023 -0.2077
vn -0.8329 -0.5431 0.1066
vn -0.8328 -0.5434 0.1056
vn 0.7382 -0.3640 0.5680
vn 0.4421 -0.6180 0.6501
vn 0.8845 -0.1358 0.4463
vn 0.9177 0.0549 0.3935
vn 0.8967 -0.0035 0.4426
vn 0.9451 0.2051 0.2545
vn 0.8350 0.5338 -0.1337
vn -0.6432 0.3565 -0.6777
vn -0.3480 0.5667 -0.7469
vn -0.8303 0.1325 -0.5414
vn -0.8964 0.0043 -0.4432
vn -0.9177 -0.0549 -0.3934
vn -0.9452 -0.2050 -0.2541
vn -0.8350 -0.5338 0.1337
vn 0.6562 -0.3449 0.6712
vn 0.3487 -0.5670 0.7463
vn 0.8328 -0.1289 0.5384
vn 0.4368 0.0579 0.8977
vn 0.3041 0.1169 0.9454
vn 0.3880 -0.0064 0.9216
vn 0.4837 -0.0011 0.8752
vn 0.3013 0.2104 0.9300
vn 0.2375 0.2062 0.9493
vn -0.0988 0.5516 0.8283
vn -0.0791 0.5570 0.8268
vn -0.0793 0.5569 0.8268
vn -0.6965 0.3451 -0.6291
vn -0.5841 0.3750 -0.7199
vn -0.6520 0.6121 -0.4475
vn -0.7545 0.5578 -0.3458
vn -0.5757 0.1276 -0.8076
vn -0.4661 0.1352 -0.8743
vn -0.4849 0.0011 -0.8746
vn -0.3862 0.0036 -0.9224
vn -0.4377 -0.0579 -0.8972
vn -0.2984 -0.1250 -0.9462
vn -0.3015 -0.2105 -0.9299
vn -0.2382 -0.2063 -0.9490
vn 0.0988 -0.5516 -0.8283
vn 0.0793 -0.5569 -0.8268
vn 0.0790 -0.5570 -0.8268
vn 0.6937 -0.3415 0.6342
vn 0.5765 -0.3576 0.7347
vn 0.6503 -0.6128 0.4491
vn 0.7537 -0.5583 0.3468
vn 0.5737 -0.1267 0.8092
vn 0.4649 -0.1331 0.8753
vn 0.1353 0.1116 0.9845
vn 0.1858 -0.0118 0.9825
vn 0.0975 0.1993 0.9751
vn -0.0791 0.5602 0.8246
vn -0.3249 0.4059 -0.8542
vn -0.3964 0.6902 -0.6054
vn -0.2368 0.1450 -0.9607
vn -0.1851 0.0104 -0.9827
vn -0.1325 -0.1179 -0.9842
vn -0.0973 -0.1993 -0.9751
vn 0.0790 -0.5602 -0.8246
vn 0.3180 -0.3852 0.8663
vn 0.3957 -0.6905 0.6055
vn 0.2353 -0.1416 0.9616
vn -0.0302 0.0465 0.9985
vn -0.0298 -0.0154 0.9994
vn -0.0306 0.1966 0.9800
vn -0.0285 0.5601 0.8279
vn 0.0247 0.4224 -0.9061
vn 0.0153 0.7428 -0.6693
vn 0.0290 0.1477 -0.9886
vn 0.0303 0.0110 -0.9995
vn 0.0306 -0.0465 -0.9984
vn 0.0309 -0.1966 -0.9800
vn 0.0285 -0.5601 -0.8279
vn -0.0248 -0.4028 0.9150
vn -0.0153 -0.7427 0.6695
vn -0.0286 -0.1470 0.9887
vn -0.1879 0.0478 0.9810
vn -0.2126 -0.0126 0.9771
vn -0.1224 0.1981 0.9725
vn 0.0600 0.5561 0.8289
vn 0.3504 0.4025 -0.8457
vn 0.4186 0.6918 -0.5884
vn 0.2636 0.1443 -0.9538
vn 0.2118 0.0106 -0.9773
vn 0.1877 -0.0478 -0.9811
vn 0.1222 -0.1981 -0.9725
vn -0.0598 -0.5561 -0.8289
vn -0.3461 -0.3902 0.8532
vn -0.4178 -0.6920 0.5887
vn -0.2630 -0.1431 0.9541
vn -0.3219 0.0521 0.9453
vn -0.3645 -0.0084 0.9312
vn -0.2082 0.2023 0.9569
vn -0.2092 0.2024 0.9567
vn 0.1057 0.5434 0.8328
vn 0.1066 0.5431 0.8329
vn 0.5743 0.3774 -0.7264
vn 0.6543 0.6162 -0.4384
vn 0.4459 0.1371 -0.8845
vn 0.3612 0.0057 -0.9325
vn 0.3215 -0.0521 -0.9455
vn 0.2087 -0.2024 -0.9568
vn 0.2077 -0.2023 -0.9570
vn -0.1066 -0.5431 -0.8329
vn -0.1056 -0.5434 -0.8328
vn -0.5680 -0.3640 0.7382
vn -0.6501 -0.6180 0.4421
vn -0.4463 -0.1358 0.8845
vn -0.3935 0.0549 0.9177
vn -0.4426 -0.0035 0.8967
vn -0.2545 0.2051 0.9451
vn 0.1337 0.5338 0.8350
vn 0.6777 0.3565 -0.6432
vn 0.7469 0.5667 -0.3480
vn 0.5414 0.1325 -0.8303
vn 0.4432 0.0043 -0.8964
vn 0.3934 -0.0549 -0.9177
vn 0.2541 -0.2050 -0.9452
vn -0.1337 -0.5338 -0.8350
vn -0.6712 -0.3448 0.6562
vn -0.7463 -0.5670 0.3487
vn -0.5384 -0.1289 0.8328
vn 0.4574 -0.7429 0.4888
vn 0.4636 -0.7350 0.4948
vn 0.4714 -0.7459 0.4705
vn 0.6135 -0.4289 -0.6631
vn 0.7118 -0.5615 -0.4220
vn -0.0126 0.4334 -0.9011
vn 0.0788 0.2942 -0.9525
vn 0.5456 -0.6526 0.5258
vn -0.4982 0.7681 -0.4022
vn -0.4941 0.7518 -0.4367
vn -0.4910 0.7212 -0.4886
vn 0.9951 0.0274 -0.0950
vn 0.9949 0.0274 -0.0966
vn 0.9860 0.0250 -0.1651
vn 0.4757 -0.7539 0.4531
vn 0.4848 -0.7432 0.4611
vn 0.4684 -0.7457 0.4739
vn -0.9271 -0.0162 0.3744
vn -0.9410 0.3366 0.0334
vn -0.8947 0.4447 -0.0413
vn -0.4053 -0.5762 0.7098
vn -0.6691 -0.4182 0.6144
vn 0.4859 -0.7461 0.4553
vn 0.4666 -0.7481 0.4718
vn 0.2665 0.0379 0.9631
vn 0.2656 0.0379 0.9633
vn 0.1280 0.0346 0.9912
vn 0.1299 0.0346 0.9909
vn 0.3316 0.0393 0.9426
vn 0.3917 0.0404 0.9192
vn 0.3980 0.0405 0.9165
vn 0.5165 0.0422 0.8552
vn 0.5225 0.0423 0.8516
vn 0.6312 0.0432 0.7744
vn 0.6367 0.0433 0.7699
vn 0.7336 0.0434 0.6782
vn 0.7383 0.0434 0.6730
vn 0.8215 0.0427 0.5686
vn 0.8254 0.0426 0.5630
vn 0.8932 0.0411 0.4478
vn 0.8961 0.0410 0.4419
vn 0.9492 0.0386 0.3122
vn 0.9473 0.0388 0.3180
vn 0.9678 0.0424 0.2480
vn 0.9826 0.0356 0.1821
vn 0.9823 0.0357 0.1838
vn 0.9679 0.0440 0.2473
vn 0.9986 0.0318 0.0426
vn 0.9985 0.0319 0.0454
vn -0.4727 0.7254 -0.5003
vn -0.4655 0.7341 -0.4944
vn -0.4906 0.7204 -0.4902
vn -0.0113 0.0306 0.9995
vn -0.0101 0.0306 0.9995
vn 0.9460 0.3004 0.1219
vn -0.8220 0.5630 -0.0855
vn -0.0958 -0.6482 0.7554
vn -0.0205 -0.6177 0.7861
vn -0.7946 0.6062 -0.0341
vn -0.7908 0.6018 0.1117
vn 0.0406 -0.6206 0.7831
vn 0.4578 -0.7496 0.4780
vn 0.4416 -0.7633 0.4716
vn 0.4622 -0.7357 0.4952
vn -0.4655 0.7333 -0.4956
vn -0.4531 0.7413 -0.4952
vn 0.7647 -0.6383 -0.0877
vn -0.0816 0.5831 -0.8083
vn 0.7942 -0.6077 -0.0005
vn -0.0327 0.6202 -0.7837
vn 0.7869 -0.6145 0.0573
vn 0.0577 0.6187 -0.7835
vn 0.8201 -0.5714 -0.0307
vn 0.0519 0.6320 -0.7732
vn -0.5027 0.7292 -0.4643
vn -0.5050 0.7212 -0.4742
vn -0.4978 0.7343 -0.4615
vn -0.7478 0.6609 0.0634
vn -0.1809 -0.4657 0.8663
vn -0.4487 0.7406 -0.5001
vn 0.4993 -0.7333 0.4616
vn 0.4965 -0.7384 0.4564
vn -0.6614 0.7217 -0.2044
vn -0.6555 0.7380 -0.1601
vn -0.5089 0.7681 -0.3887
vn -0.5121 0.7544 -0.4107
vn -0.6715 0.6954 -0.2559
vn -0.5181 0.7326 -0.4414
vn -0.6890 0.6698 -0.2769
vn -0.5272 0.7233 -0.4460
vn -0.6824 0.6437 -0.3463
vn -0.5308 0.7201 -0.4469
vn -0.5224 0.6366 -0.5673
vn -0.6329 0.6587 -0.4069
vn -0.7811 0.5687 -0.2578
vn -0.4982 0.7125 -0.4941
vn 0.1939 -0.7246 0.6613
vn 0.1851 -0.7736 0.6060
vn 0.4360 -0.7392 0.5133
vn 0.4369 -0.7383 0.5138
vn 0.2222 -0.7044 0.6741
vn 0.4390 -0.7354 0.5161
vn 0.2270 -0.6972 0.6800
vn 0.4343 -0.7521 0.4957
vn 0.2189 -0.7038 0.6758
vn 0.4312 -0.7620 0.4831
vn 0.4611 -0.6220 0.6329
vn -0.0534 -0.7545 0.6541
vn 0.2608 -0.7909 0.5536
vn -0.4897 0.7192 -0.4929
vn 0.6760 -0.6930 0.2507
vn 0.6650 -0.7034 0.2511
vn 0.4853 -0.7524 0.4454
vn 0.4986 -0.7442 0.4444
vn 0.6752 -0.6980 0.2384
vn 0.5199 -0.7324 0.4397
vn 0.6620 -0.7216 0.2026
vn 0.5154 -0.7416 0.4295
vn 0.6118 -0.7852 0.0957
vn 0.5144 -0.7447 0.4251
vn 0.6282 -0.7670 -0.1302
vn 0.5483 -0.8262 0.1295
vn -0.0807 0.0284 0.9963
vn -0.2709 0.6801 -0.6812
vn -0.3178 0.6069 -0.7285
vn -0.4469 0.7292 -0.5182
vn -0.4465 0.7300 -0.5174
vn -0.2536 0.7004 -0.6672
vn -0.4449 0.7325 -0.5153
vn -0.2270 0.7156 -0.6606
vn -0.4293 0.7433 -0.5130
vn -0.2094 0.7226 -0.6588
vn -0.4202 0.7493 -0.5118
vn -0.5897 0.6089 -0.5306
vn -0.2517 0.5245 -0.8134
vn -0.3809 0.5859 -0.7153
vn -0.4279 -0.7533 0.4995
vn -0.5067 -0.7032 0.4987
vn -0.4599 -0.7366 0.4959
vn -0.4091 -0.0156 -0.9123
vn -0.4147 -0.0154 -0.9098
vn -0.5054 -0.0116 -0.8628
vn -0.5396 -0.6507 0.5342
vn -0.4541 -0.6967 0.5554
vn -0.4860 -0.7246 0.4885
vn -0.4955 -0.7140 0.4947
vn -0.5456 -0.6526 0.5258
vn 0.5173 0.7072 -0.4819
vn 0.4932 0.7174 -0.4920
vn 0.4939 0.7521 -0.4363
vn -0.9898 -0.0063 -0.1422
vn -0.9860 0.0250 -0.1651
vn -0.9948 0.0273 -0.0978
vn -0.6008 -0.6826 0.4160
vn -0.9573 -0.2677 0.1088
vn -0.4838 -0.7428 0.4628
vn 0.9271 -0.0162 0.3744
vn 0.8874 -0.0112 0.4610
vn 0.9420 0.3242 0.0871
vn 0.8919 0.4431 -0.0901
vn -0.8568 -0.4242 0.2932
vn -0.8372 -0.4168 0.3540
vn -0.8129 -0.4107 0.4129
vn -0.9064 -0.2294 0.3548
vn -0.8128 -0.4109 0.4129
vn -0.8091 -0.4102 0.4207
vn -0.7736 -0.4054 0.4870
vn -0.4666 -0.7481 0.4718
vn -0.5256 -0.8092 0.2625
vn -0.4900 -0.7471 0.4492
vn -0.2039 0.0365 0.9783
vn -0.0654 0.0329 0.9973
vn -0.1905 0.0362 0.9810
vn -0.3252 0.0392 0.9448
vn -0.3316 0.0393 0.9426
vn -0.4535 0.0414 0.8903
vn -0.3384 0.0394 0.9402
vn -0.4666 0.0416 0.8835
vn -0.5729 0.0428 0.8185
vn -0.5860 0.0429 0.8092
vn -0.6810 0.0434 0.7310
vn -0.6940 0.0434 0.7186
vn -0.7758 0.0432 0.6295
vn -0.7887 0.0430 0.6133
vn -0.8554 0.0421 0.5162
vn -0.8682 0.0418 0.4945
vn -0.9309 0.0396 0.3631
vn -0.9754 0.0365 0.2176
vn -0.9980 0.0322 0.0549
vn 0.4684 0.7243 -0.5060
vn 0.4905 0.7197 -0.4914
vn 0.4637 0.7346 -0.4953
vn 0.0687 0.0288 0.9972
vn -0.0106 0.0312 0.9995
vn 0.7980 -0.0042 0.6026
vn 0.9172 0.3704 0.1468
vn 0.6962 0.0022 0.7179
vn 0.6226 0.0065 0.7825
vn 0.6841 0.0029 0.7294
vn 0.7825 -0.0032 0.6226
vn -0.4567 -0.7507 0.4774
vn -0.4599 -0.7366 0.4960
vn 0.4632 0.7341 -0.4966
vn 0.4519 0.7414 -0.4961
vn -0.6435 -0.0051 -0.7654
vn -0.5192 -0.0110 -0.8546
vn -0.7507 0.0012 -0.6606
vn -0.6583 -0.0043 -0.7527
vn -0.7636 0.0039 -0.6457
vn -0.7572 0.0018 -0.6532
vn -0.7641 0.0041 -0.6451
vn 0.5049 0.7278 -0.4640
vn 0.5254 0.7123 -0.4655
vn 0.4992 0.7335 -0.4613
vn 0.6180 0.0067 0.7861
vn 0.5041 0.6998 -0.5061
vn -0.5010 -0.7324 0.4611
vn -0.4978 -0.7377 0.4560
vn 0.6555 0.7380 -0.1601
vn 0.6458 0.7389 -0.1922
vn 0.5859 0.7439 -0.3215
vn 0.6562 0.7363 -0.1651
vn 0.5945 0.7176 -0.3627
vn 0.6663 0.7046 -0.2442
vn 0.6085 0.6997 -0.3744
vn 0.6802 0.6475 -0.3436
vn 0.5224 0.6366 -0.5673
vn 0.4990 0.7103 -0.4965
vn 0.5812 0.6840 -0.4408
vn 0.7842 0.5661 -0.2539
vn 0.4999 0.7108 -0.4949
vn 0.1412 -0.7165 0.6831
vn -0.1388 -0.7618 0.6327
vn -0.2976 -0.7416 0.6012
vn -0.1957 -0.7238 0.6617
vn -0.3181 -0.7290 0.6061
vn -0.2288 -0.6967 0.6799
vn -0.3232 -0.7310 0.6009
vn -0.2199 -0.7030 0.6763
vn -0.2378 -0.7039 0.6693
vn -0.2189 -0.7038 0.6758
vn -0.4611 -0.6220 0.6329
vn 0.2285 -0.6974 0.6793
vn 0.4897 0.7192 -0.4929
vn 0.4178 0.6322 -0.6525
vn -0.6650 -0.7034 0.2511
vn -0.5038 -0.7501 0.4284
vn -0.5914 -0.7234 0.3562
vn -0.6815 -0.6876 0.2505
vn -0.5983 -0.7190 0.3536
vn -0.6677 -0.7087 0.2279
vn -0.5890 -0.7353 0.3353
vn -0.6557 -0.7352 0.1719
vn -0.6021 -0.7839 0.1514
vn -0.6596 -0.6877 -0.3033
vn -0.6564 -0.6844 -0.3175
vn -0.6566 -0.6824 -0.3212
vn 0.0807 0.0284 0.9963
vn 0.1647 0.4820 -0.8606
vn 0.3288 0.6278 -0.7055
vn 0.3512 0.7130 -0.6069
vn 0.2778 0.6659 -0.6924
vn 0.3379 0.7242 -0.6011
vn 0.2619 0.6939 -0.6707
vn 0.3198 0.7327 -0.6007
vn 0.2303 0.7143 -0.6609
vn 0.3382 0.7262 -0.5986
vn 0.2094 0.7226 -0.6588
vn 0.5897 0.6089 -0.5306
vn 0.1598 0.4738 -0.8660
vn 0.1615 0.4748 -0.8652
vn 0.4516 -0.7441 -0.4922
vn 0.5004 -0.7126 -0.4917
vn 0.4632 -0.7344 -0.4962
vn 0.4091 -0.0156 0.9123
vn -0.0810 0.4183 0.9047
vn 0.1152 0.3274 0.9378
vn 0.4996 -0.0118 0.8662
vn 0.5440 -0.6521 -0.5281
vn 0.4746 -0.7014 -0.5318
vn 0.5064 -0.7032 -0.4990
vn 0.4876 -0.7473 -0.4514
vn 0.5456 -0.6526 -0.5258
vn -0.5019 0.7190 0.4807
vn -0.4915 0.7210 0.4885
vn -0.4948 0.7533 0.4333
vn 0.9860 0.0250 0.1651
vn 0.9878 0.0254 0.1534
vn 0.9968 0.0281 0.0744
vn 0.4863 -0.7435 -0.4590
vn -0.9271 -0.0162 -0.3744
vn -0.8840 -0.0108 -0.4674
vn -0.9250 -0.0159 -0.3795
vn 0.3237 -0.4170 -0.8493
vn 0.1868 -0.3064 -0.9334
vn 0.4392 -0.7070 -0.5543
vn 0.4905 -0.7577 -0.4305
vn 0.3907 -0.4101 -0.8242
vn 0.4580 -0.4048 -0.7914
vn 0.4666 -0.7481 -0.4718
vn 0.3375 -0.7800 -0.5270
vn 0.3085 0.0388 -0.9504
vn 0.1572 0.0353 -0.9869
vn 0.3316 0.0393 -0.9426
vn 0.4438 0.0412 -0.8952
vn 0.5678 0.0428 -0.8220
vn 0.4695 0.0416 -0.8820
vn 0.6788 0.0434 -0.7331
vn 0.5866 0.0429 -0.8088
vn 0.7754 0.0432 -0.6300
vn 0.6929 0.0434 -0.7197
vn 0.8563 0.0421 -0.5148
vn 0.7861 0.0431 -0.6166
vn 0.9201 0.0401 -0.3897
vn 0.8642 0.0419 -0.5014
vn 0.9257 0.0399 -0.3762
vn 0.9656 0.0374 -0.2571
vn 0.9675 0.0374 -0.2502
vn 0.9691 0.0371 -0.2439
vn 0.9922 0.0340 -0.1198
vn 0.9994 0.0299 0.0197
vn 0.9937 0.0336 -0.1066
vn -0.4743 0.7188 0.5084
vn -0.4929 0.7177 0.4919
vn -0.4652 0.7327 0.4967
vn -0.0011 0.0309 -0.9995
vn 0.9476 0.2965 -0.1188
vn -0.7937 -0.0039 -0.6083
vn -0.8769 -0.0101 -0.4807
vn -0.6945 0.0023 -0.7195
vn -0.2710 -0.3840 -0.8826
vn -0.6829 0.0030 -0.7305
vn -0.7823 -0.0031 -0.6229
vn 0.4570 -0.7499 -0.4784
vn 0.4616 -0.7348 -0.4970
vn -0.4654 0.7325 0.4969
vn -0.4530 0.7413 0.4952
vn 0.6390 -0.0053 0.7692
vn 0.1761 0.3768 0.9094
vn 0.7498 0.0012 0.6616
vn 0.6573 -0.0044 0.7536
vn 0.7637 0.0039 0.6456
vn 0.7571 0.0018 0.6533
vn 0.7641 0.0041 0.6451
vn -0.5037 0.7297 0.4623
vn -0.5112 0.7198 0.4697
vn -0.4990 0.7350 0.4591
vn 0.1396 -0.6687 -0.7303
vn -0.6180 0.0067 -0.7861
vn -0.5077 0.6851 0.5224
vn 0.5002 -0.7341 -0.4591
vn 0.4978 -0.7398 -0.4527
vn -0.6555 0.7380 0.1601
vn -0.5962 0.7465 0.2953
vn -0.6015 0.7419 0.2963
vn -0.6622 0.7186 0.2121
vn -0.6048 0.7213 0.3376
vn -0.6761 0.6870 0.2664
vn -0.6150 0.7045 0.3541
vn -0.7026 0.6521 0.2850
vn -0.6729 0.6550 0.3437
vn -0.8295 0.5247 0.1914
vn -0.5224 0.6366 0.5673
vn -0.4987 0.7111 0.4956
vn -0.5902 0.6799 0.4352
vn -0.8328 0.5204 0.1888
vn -0.8336 0.5196 0.1877
vn -0.5012 0.7094 0.4954
vn -0.2149 -0.7008 -0.6803
vn 0.2158 -0.7676 -0.6035
vn 0.3359 -0.7355 -0.5884
vn 0.1675 -0.7369 -0.6549
vn 0.3463 -0.7239 -0.5967
vn 0.2141 -0.7137 -0.6669
vn 0.3421 -0.7291 -0.5928
vn 0.4086 -0.7374 -0.5379
vn 0.4611 -0.6220 -0.6329
vn -0.2285 -0.6974 -0.6793
vn -0.2252 -0.6987 -0.6790
vn -0.4897 0.7192 0.4929
vn -0.4254 0.6416 0.6383
vn 0.6650 -0.7034 -0.2511
vn 0.6562 -0.7075 -0.2624
vn 0.6018 -0.7225 -0.3403
vn 0.6663 -0.7022 -0.2510
vn 0.6077 -0.7236 -0.3274
vn 0.6813 -0.6891 -0.2470
vn 0.6018 -0.7401 -0.3001
vn 0.6626 -0.7202 -0.2058
vn 0.5862 -0.7725 -0.2443
vn 0.6550 -0.7365 -0.1687
vn 0.6566 -0.6824 0.3212
vn -0.0555 -0.0092 -0.9984
vn -0.0807 0.0284 -0.9963
vn -0.3402 0.6327 0.6956
vn -0.3719 0.7076 0.6008
vn -0.3635 0.7198 0.5914
vn -0.2431 0.7083 0.6627
vn -0.3386 0.7359 0.5863
vn -0.2111 0.7219 0.6590
vn -0.2372 0.7226 0.6493
vn -0.2094 0.7226 0.6588
vn -0.5897 0.6089 0.5306
vn -0.2891 0.5435 0.7881
vn -0.4507 -0.7443 -0.4929
vn -0.4625 -0.7345 -0.4966
vn -0.4947 -0.7190 -0.4882
vn -0.4091 -0.0156 0.9123
vn -0.5068 -0.0115 0.8620
vn -0.4128 -0.0155 0.9107
vn -0.5134 -0.6420 -0.5694
vn -0.5456 -0.6526 -0.5258
vn -0.5124 -0.7104 -0.4825
vn -0.4951 -0.7169 -0.4908
vn -0.4859 -0.7083 -0.5121
vn 0.5063 0.7361 0.4493
vn 0.4941 0.7520 0.4363
vn 0.4876 0.7253 0.4859
vn -0.9969 0.0281 0.0739
vn -0.9879 0.0254 0.1532
vn -0.9860 0.0250 0.1651
vn -0.4852 -0.7439 -0.4595
vn 0.9271 -0.0162 -0.3744
vn 0.9257 -0.0160 -0.3779
vn 0.8834 -0.0107 -0.4685
vn -0.3306 -0.7812 -0.5296
vn -0.4908 -0.7474 -0.4478
vn -0.5295 -0.8126 -0.2437
vn -0.4666 -0.7481 -0.4718
vn -0.4311 -0.3251 -0.8417
vn -0.5090 -0.3188 -0.7995
vn -0.5811 -0.3148 -0.7505
vn -0.6427 -0.3131 -0.6992
vn -0.6820 -0.3130 -0.6610
vn -0.7282 -0.3141 -0.6091
vn -0.7792 -0.3173 -0.5406
vn -0.8244 -0.3229 -0.4649
vn -0.2075 0.0366 -0.9776
vn -0.1900 0.0362 -0.9811
vn -0.0672 0.0329 -0.9972
vn -0.3316 0.0393 -0.9426
vn -0.3448 0.0395 -0.9378
vn -0.4796 0.0418 -0.8765
vn -0.6156 0.0431 -0.7869
vn -0.7414 0.0433 -0.6697
vn -0.8447 0.0423 -0.5336
vn -0.9163 0.0403 -0.3984
vn -0.9644 0.0375 -0.2617
vn -0.9675 0.0375 -0.2502
vn -0.9919 0.0341 -0.1221
vn -0.9693 0.0371 -0.2430
vn -0.9994 0.0299 0.0188
vn -0.9937 0.0336 -0.1066
vn 0.4685 0.7238 0.5065
vn 0.4640 0.7346 0.4951
vn 0.4886 0.7243 0.4865
vn -0.0110 0.0313 -0.9995
vn 0.0676 0.0288 -0.9973
vn -0.9455 0.3004 -0.1254
vn 0.8787 -0.0103 -0.4772
vn 0.7921 -0.0038 -0.6104
vn 0.6921 0.0024 -0.7218
vn 0.7852 -0.0033 -0.6193
vn 0.6859 0.0028 -0.7277
vn 0.6206 0.0066 -0.7841
vn -0.4572 -0.7512 -0.4762
vn -0.4606 -0.7355 -0.4968
vn 0.4643 0.7331 0.4970
vn 0.4530 0.7412 0.4954
vn -0.6459 -0.0050 0.7634
vn -0.5155 -0.0111 0.8568
vn -0.7532 0.0014 0.6577
vn -0.6545 -0.0045 0.7561
vn -0.7639 0.0040 0.6454
vn -0.7569 0.0017 0.6535
vn -0.7641 0.0041 0.6451
vn 0.5036 0.7296 0.4626
vn 0.5113 0.7196 0.4699
vn 0.4995 0.7338 0.4604
vn 0.6180 0.0067 -0.7861
vn 0.4684 0.7240 0.5064
vn -0.5011 -0.7329 -0.4602
vn -0.4983 -0.7377 -0.4555
vn 0.6555 0.7380 0.1601
vn 0.6561 0.7366 0.1643
vn 0.5912 0.7418 0.3166
vn 0.6201 0.7197 0.3123
vn 0.6670 0.7033 0.2458
vn 0.6013 0.7154 0.3557
vn 0.7002 0.6552 0.2836
vn 0.6103 0.7047 0.3619
vn 0.8272 0.5275 0.1935
vn 0.6723 0.6545 0.3459
vn 0.5097 0.6797 0.5275
vn 0.5224 0.6366 0.5673
vn 0.5872 0.6813 0.4371
vn 0.8326 0.5206 0.1891
vn 0.8336 0.5196 0.1877
vn 0.5354 0.6735 0.5097
vn 0.2188 -0.6998 -0.6800
vn -0.1674 -0.7370 -0.6549
vn -0.3257 -0.7346 -0.5953
vn -0.2125 -0.7665 -0.6061
vn -0.2151 -0.7126 -0.6678
vn -0.3365 -0.7225 -0.6040
vn -0.2211 -0.7020 -0.6770
vn -0.3336 -0.7350 -0.5904
vn -0.2189 -0.7038 -0.6758
vn -0.3321 -0.6753 -0.6586
vn -0.4611 -0.6220 -0.6329
vn 0.2285 -0.6974 -0.6793
vn 0.2268 -0.6980 -0.6792
vn 0.4897 0.7192 0.4929
vn 0.4206 0.6357 0.6473
vn -0.6650 -0.7034 -0.2511
vn -0.6680 -0.7006 -0.2510
vn -0.5912 -0.7264 -0.3506
vn -0.6384 -0.7151 -0.2847
vn -0.6688 -0.7072 -0.2294
vn -0.6056 -0.7168 -0.3455
vn -0.6557 -0.7353 -0.1717
vn -0.5954 -0.7340 -0.3268
vn -0.6586 -0.6858 0.3097
vn -0.6026 -0.7839 -0.1498
vn -0.6566 -0.6824 0.3212
vn -0.6565 -0.6834 0.3194
vn 0.0807 0.0284 -0.9963
vn 0.1669 0.4855 0.8581
vn 0.2766 0.6685 0.6904
vn 0.3596 0.7135 0.6014
vn 0.3302 0.6251 0.7072
vn 0.2444 0.7074 0.6632
vn 0.3557 0.7186 0.5976
vn 0.2110 0.7220 0.6590
vn 0.3323 0.7345 0.5917
vn 0.2094 0.7226 0.6588
vn 0.3205 0.7055 0.6321
vn 0.5897 0.6089 0.5306
vn 0.1598 0.4738 0.8660
vn 0.1620 0.4751 0.8649
# 6796 vertex normals

vt 0.3467 0.6024 0.0000
vt 0.3318 0.6050 0.0000
vt 0.2967 0.5545 0.0000
vt 0.3032 0.5588 0.0000
vt 0.3112 0.5622 0.0000
vt 0.3185 0.5634 0.0000
vt 0.3250 0.5623 0.0000
vt 0.3304 0.5590 0.0000
vt 0.3345 0.5535 0.0000
vt 0.3364 0.5486 0.0000
vt 0.1585 0.0156 0.0000
vt 0.1585 0.0017 0.0000
vt 0.1697 0.0017 0.0000
vt 0.1697 0.0135 0.0000
vt 0.0303 0.3130 0.0000
vt 0.0298 0.3144 0.0000
vt 0.0265 0.3144 0.0000
vt 0.0246 0.3090 0.0000
vt 0.0261 0.3094 0.0000
vt 0.0276 0.3104 0.0000
vt 0.0213 0.3144 0.0000
vt 0.0180 0.3144 0.0000
vt 0.0175 0.3130 0.0000
vt 0.0203 0.3104 0.0000
vt 0.0217 0.3094 0.0000
vt 0.0232 0.3090 0.0000
vt 0.6387 0.5815 0.0000
vt 0.6387 0.5441 0.0000
vt 0.6782 0.5453 0.0000
vt 0.6782 0.5702 0.0000
vt 0.5692 0.5966 0.0000
vt 0.5692 0.5430 0.0000
vt 0.5926 0.5432 0.0000
vt 0.5926 0.5922 0.0000
vt 0.0205 0.3251 0.0000
vt 0.0208 0.3305 0.0000
vt 0.0146 0.3305 0.0000
vt 0.0141 0.3270 0.0000
vt 0.0157 0.3251 0.0000
vt 0.0139 0.3231 0.0000
vt 0.0140 0.3217 0.0000
vt 0.0161 0.3197 0.0000
vt 0.0206 0.3197 0.0000
vt 0.0338 0.3270 0.0000
vt 0.0332 0.3305 0.0000
vt 0.0270 0.3305 0.0000
vt 0.0273 0.3251 0.0000
vt 0.0321 0.3251 0.0000
vt 0.3981 0.5971 0.0000
vt 0.3981 0.5435 0.0000
vt 0.4439 0.5431 0.0000
vt 0.4439 0.6028 0.0000
vt 0.4967 0.6044 0.0000
vt 0.4967 0.5428 0.0000
vt 0.5164 0.5428 0.0000
vt 0.5164 0.6032 0.0000
vt 0.1158 0.2588 0.0000
vt 0.1217 0.2538 0.0000
vt 0.1368 0.2549 0.0000
vt 0.1430 0.2609 0.0000
vt 0.1427 0.3243 0.0000
vt 0.1157 0.3237 0.0000
vt 0.1158 0.4588 0.0000
vt 0.1157 0.3939 0.0000
vt 0.1427 0.3933 0.0000
vt 0.1430 0.4567 0.0000
vt 0.1368 0.4627 0.0000
vt 0.1217 0.4637 0.0000
vt 0.2334 0.5456 0.0000
vt 0.2213 0.5443 0.0000
vt 0.2099 0.5333 0.0000
vt 0.2590 0.4977 0.0000
vt 0.2111 0.5243 0.0000
vt 0.2593 0.5033 0.0000
vt 0.2609 0.5106 0.0000
vt 0.2636 0.5175 0.0000
vt 0.2653 0.5206 0.0000
vt 0.2672 0.5239 0.0000
vt 0.0148 0.3179 0.0000
vt 0.0154 0.3162 0.0000
vt 0.0809 0.4619 0.0000
vt 0.0453 0.4561 0.0000
vt 0.0451 0.3912 0.0000
vt 0.0879 0.3936 0.0000
vt 0.0883 0.4563 0.0000
vt 0.5907 0.4959 0.0000
vt 0.5907 0.5412 0.0000
vt 0.5677 0.5414 0.0000
vt 0.5677 0.4918 0.0000
vt 0.3854 0.4940 0.0000
vt 0.3936 0.5013 0.0000
vt 0.3928 0.5145 0.0000
vt 0.3377 0.5119 0.0000
vt 0.3835 0.5196 0.0000
vt 0.3357 0.5054 0.0000
vt 0.3325 0.4986 0.0000
vt 0.3280 0.4918 0.0000
vt 0.3237 0.4867 0.0000
vt 0.4447 0.4861 0.0000
vt 0.4447 0.5414 0.0000
vt 0.3997 0.5410 0.0000
vt 0.3997 0.4914 0.0000
vt 0.0879 0.3240 0.0000
vt 0.0451 0.3263 0.0000
vt 0.0453 0.2614 0.0000
vt 0.0810 0.2556 0.0000
vt 0.0884 0.2612 0.0000
vt 0.5159 0.4858 0.0000
vt 0.5159 0.5416 0.0000
vt 0.4966 0.5416 0.0000
vt 0.4966 0.4847 0.0000
vt 0.1423 0.3451 0.0000
vt 0.1427 0.3445 0.0000
vt 0.1397 0.3516 0.0000
vt 0.1389 0.3583 0.0000
vt 0.1397 0.3650 0.0000
vt 0.1422 0.3714 0.0000
vt 0.1427 0.3722 0.0000
vt 0.0272 0.3197 0.0000
vt 0.0324 0.3162 0.0000
vt 0.0330 0.3179 0.0000
vt 0.0317 0.3197 0.0000
vt 0.0338 0.3217 0.0000
vt 0.0339 0.3231 0.0000
vt 0.6745 0.5163 0.0000
vt 0.6745 0.5393 0.0000
vt 0.6360 0.5404 0.0000
vt 0.6360 0.5058 0.0000
vt 0.3780 0.5360 0.0000
vt 0.3842 0.5471 0.0000
vt 0.3693 0.5819 0.0000
vt 0.3595 0.5953 0.0000
vt 0.3374 0.5464 0.0000
vt 0.3390 0.5379 0.0000
vt 0.3390 0.5377 0.0000
vt 0.3393 0.5294 0.0000
vt 0.3151 0.6030 0.0000
vt 0.2959 0.5947 0.0000
vt 0.2514 0.5580 0.0000
vt 0.2550 0.5695 0.0000
vt 0.2799 0.5395 0.0000
vt 0.2868 0.5466 0.0000
vt 0.2950 0.5535 0.0000
vt 0.3637 0.6418 0.0000
vt 0.3488 0.6444 0.0000
vt 0.1361 0.0135 0.0000
vt 0.1361 0.0017 0.0000
vt 0.1473 0.0017 0.0000
vt 0.1473 0.0156 0.0000
vt 0.1013 0.4638 0.0000
vt 0.1012 0.4584 0.0000
vt 0.2056 0.5288 0.0000
vt 0.1429 0.4617 0.0000
vt 0.5420 0.4921 0.0000
vt 0.5567 0.4903 0.0000
vt 0.5420 0.5416 0.0000
vt 0.2364 0.5568 0.0000
vt 0.2390 0.5547 0.0000
vt 0.3899 0.5301 0.0000
vt 0.3860 0.5291 0.0000
vt 0.0163 0.3145 0.0000
vt 0.0143 0.3198 0.0000
vt 0.0139 0.3251 0.0000
vt 0.1429 0.2558 0.0000
vt 0.3938 0.4961 0.0000
vt 0.5429 0.5963 0.0000
vt 0.5244 0.6024 0.0000
vt 0.5429 0.5429 0.0000
vt 0.1013 0.2537 0.0000
vt 0.1012 0.2592 0.0000
vt 0.0340 0.3251 0.0000
vt 0.0335 0.3198 0.0000
vt 0.0315 0.3145 0.0000
vt 0.3339 0.6464 0.0000
vt 0.3188 0.6477 0.0000
vt 0.3782 0.6387 0.0000
vt 0.3921 0.6349 0.0000
vt 0.4701 0.6046 0.0000
vt 0.4701 0.5429 0.0000
vt 0.5579 0.5983 0.0000
vt 0.6168 0.5870 0.0000
vt 0.6168 0.5436 0.0000
vt 0.6145 0.5007 0.0000
vt 0.6145 0.5409 0.0000
vt 0.5238 0.4865 0.0000
vt 0.4705 0.4845 0.0000
vt 0.4705 0.5415 0.0000
vt 0.1017 0.4530 0.0000
vt 0.5410 0.4883 0.0000
vt 0.2447 0.5499 0.0000
vt 0.3772 0.5269 0.0000
vt 0.5419 0.6005 0.0000
vt 0.1017 0.2645 0.0000
vt 0.1014 0.3940 0.0000
vt 0.1015 0.3236 0.0000
vt 0.1564 0.3926 0.0000
vt 0.1564 0.3859 0.0000
vt 0.1588 0.3876 0.0000
vt 0.1667 0.3913 0.0000
vt 0.1677 0.3916 0.0000
vt 0.1590 0.3291 0.0000
vt 0.1564 0.3309 0.0000
vt 0.1564 0.3249 0.0000
vt 0.1660 0.3258 0.0000
vt 0.1464 0.3775 0.0000
vt 0.1520 0.3829 0.0000
vt 0.1521 0.3337 0.0000
vt 0.1465 0.3391 0.0000
vt 0.2002 0.5230 0.0000
vt 0.2082 0.5165 0.0000
vt 0.1564 0.4488 0.0000
vt 0.1562 0.4593 0.0000
vt 0.1562 0.2582 0.0000
vt 0.1564 0.2688 0.0000
vt 0.3815 0.4864 0.0000
vt 0.3938 0.4894 0.0000
vt 0.2724 0.5310 0.0000
vt 0.2730 0.5316 0.0000
vt 0.2721 0.5305 0.0000
vt 0.2674 0.5242 0.0000
vt 0.2791 0.5388 0.0000
vt 0.3388 0.5204 0.0000
vt 0.3389 0.5199 0.0000
vt 0.3380 0.5136 0.0000
vt 0.3378 0.5124 0.0000
vt 0.3394 0.5287 0.0000
vt 0.1687 0.3919 0.0000
vt 0.1688 0.3920 0.0000
vt 0.1684 0.4493 0.0000
vt 0.1684 0.2683 0.0000
vt 0.1669 0.3254 0.0000
vt 0.1688 0.3248 0.0000
vt 0.0626 0.2458 0.0000
vt 0.0400 0.2458 0.0000
vt 0.0410 0.2392 0.0000
vt 0.0630 0.2392 0.0000
vt 0.0614 0.2521 0.0000
vt 0.0369 0.2521 0.0000
vt 0.0588 0.2580 0.0000
vt 0.0319 0.2580 0.0000
vt 0.0612 0.2527 0.0000
vt 0.7456 0.6722 0.0000
vt 0.7760 0.6705 0.0000
vt 0.7772 0.6809 0.0000
vt 0.7500 0.6794 0.0000
vt 0.7412 0.6625 0.0000
vt 0.7750 0.6576 0.0000
vt 0.7425 0.6667 0.0000
vt 0.7382 0.6514 0.0000
vt 0.7380 0.6498 0.0000
vt 0.7742 0.6426 0.0000
vt 0.7377 0.6330 0.0000
vt 0.7737 0.6259 0.0000
vt 0.7376 0.6463 0.0000
vt 0.7375 0.6152 0.0000
vt 0.7734 0.6081 0.0000
vt 0.7369 0.5974 0.0000
vt 0.7734 0.5898 0.0000
vt 0.7367 0.5806 0.0000
vt 0.7368 0.5796 0.0000
vt 0.7737 0.5716 0.0000
vt 0.7742 0.5540 0.0000
vt 0.7370 0.5766 0.0000
vt 0.7379 0.5615 0.0000
vt 0.7419 0.5420 0.0000
vt 0.7750 0.5376 0.0000
vt 0.7379 0.5602 0.0000
vt 0.7474 0.5232 0.0000
vt 0.7475 0.5228 0.0000
vt 0.7760 0.5230 0.0000
vt 0.7422 0.5404 0.0000
vt 0.7535 0.5057 0.0000
vt 0.7772 0.5106 0.0000
vt 0.0394 0.4280 0.0000
vt 0.0348 0.4340 0.0000
vt 0.0089 0.4339 0.0000
vt 0.0116 0.4319 0.0000
vt 0.0179 0.4279 0.0000
vt 0.0425 0.4215 0.0000
vt 0.0244 0.4214 0.0000
vt 0.0441 0.4146 0.0000
vt 0.0276 0.4145 0.0000
vt 0.0441 0.4076 0.0000
vt 0.0276 0.4075 0.0000
vt 0.0425 0.4007 0.0000
vt 0.0243 0.4006 0.0000
vt 0.0394 0.3941 0.0000
vt 0.0178 0.3941 0.0000
vt 0.0348 0.3881 0.0000
vt 0.0104 0.3893 0.0000
vt 0.0087 0.3880 0.0000
vt 0.4882 0.8889 0.0000
vt 0.5185 0.8812 0.0000
vt 0.5198 0.8943 0.0000
vt 0.4946 0.9070 0.0000
vt 0.4821 0.8687 0.0000
vt 0.5174 0.8658 0.0000
vt 0.4826 0.8708 0.0000
vt 0.4780 0.8500 0.0000
vt 0.4779 0.8482 0.0000
vt 0.5166 0.8486 0.0000
vt 0.4768 0.8292 0.0000
vt 0.5160 0.8301 0.0000
vt 0.4778 0.8470 0.0000
vt 0.4767 0.8286 0.0000
vt 0.4766 0.8193 0.0000
vt 0.4770 0.8105 0.0000
vt 0.5157 0.8109 0.0000
vt 0.4775 0.7918 0.0000
vt 0.5157 0.7917 0.0000
vt 0.4778 0.7731 0.0000
vt 0.5160 0.7730 0.0000
vt 0.4777 0.7593 0.0000
vt 0.4779 0.7574 0.0000
vt 0.4784 0.7556 0.0000
vt 0.5166 0.7555 0.0000
vt 0.4777 0.7595 0.0000
vt 0.4819 0.7425 0.0000
vt 0.5174 0.7398 0.0000
vt 0.4866 0.7324 0.0000
vt 0.5185 0.7262 0.0000
vt 0.4832 0.7384 0.0000
vt 0.4913 0.7248 0.0000
vt 0.5198 0.7153 0.0000
vt 0.0612 0.2257 0.0000
vt 0.0614 0.2264 0.0000
vt 0.0370 0.2264 0.0000
vt 0.0320 0.2205 0.0000
vt 0.0589 0.2205 0.0000
vt 0.2584 0.6875 0.0000
vt 0.2576 0.6735 0.0000
vt 0.2670 0.6761 0.0000
vt 0.2678 0.6895 0.0000
vt 0.0626 0.2327 0.0000
vt 0.0400 0.2327 0.0000
vt 0.2665 0.6620 0.0000
vt 0.2760 0.6617 0.0000
vt 0.2765 0.6749 0.0000
vt 0.0319 0.2205 0.0000
vt 0.0283 0.2264 0.0000
vt 0.0179 0.2268 0.0000
vt 0.0214 0.2211 0.0000
vt 0.2604 0.7117 0.0000
vt 0.2593 0.7003 0.0000
vt 0.2687 0.7019 0.0000
vt 0.2697 0.7129 0.0000
vt 0.0253 0.2392 0.0000
vt 0.0261 0.2457 0.0000
vt 0.0158 0.2455 0.0000
vt 0.0150 0.2392 0.0000
vt 0.9207 0.6656 0.0000
vt 0.9118 0.6590 0.0000
vt 0.9129 0.6441 0.0000
vt 0.9215 0.6504 0.0000
vt 0.2066 0.6276 0.0000
vt 0.2074 0.6087 0.0000
vt 0.2195 0.6162 0.0000
vt 0.2188 0.6345 0.0000
vt 0.9708 0.6656 0.0000
vt 0.9611 0.6700 0.0000
vt 0.9605 0.6547 0.0000
vt 0.9698 0.6504 0.0000
vt 0.0261 0.2327 0.0000
vt 0.0158 0.2329 0.0000
vt 0.2084 0.5906 0.0000
vt 0.2205 0.5988 0.0000
vt 0.2066 0.6998 0.0000
vt 0.2062 0.6834 0.0000
vt 0.2184 0.6883 0.0000
vt 0.2188 0.7041 0.0000
vt 0.2616 0.7211 0.0000
vt 0.2709 0.7219 0.0000
vt 0.2096 0.5740 0.0000
vt 0.2110 0.5594 0.0000
vt 0.2230 0.5687 0.0000
vt 0.2217 0.5828 0.0000
vt 0.9509 0.6723 0.0000
vt 0.9507 0.6569 0.0000
vt 0.2060 0.6656 0.0000
vt 0.2182 0.6711 0.0000
vt 0.2084 0.7258 0.0000
vt 0.2074 0.7141 0.0000
vt 0.2195 0.7178 0.0000
vt 0.2205 0.7291 0.0000
vt 0.9796 0.6590 0.0000
vt 0.9783 0.6441 0.0000
vt 0.2126 0.5473 0.0000
vt 0.2246 0.5570 0.0000
vt 0.2576 0.5921 0.0000
vt 0.2584 0.5831 0.0000
vt 0.2678 0.5889 0.0000
vt 0.2670 0.5976 0.0000
vt 0.9406 0.6723 0.0000
vt 0.9304 0.6700 0.0000
vt 0.9309 0.6547 0.0000
vt 0.9407 0.6569 0.0000
vt 0.0283 0.2521 0.0000
vt 0.0214 0.2573 0.0000
vt 0.0179 0.2516 0.0000
vt 0.2571 0.6589 0.0000
vt 0.2567 0.6441 0.0000
vt 0.2662 0.6477 0.0000
vt 0.2566 0.6295 0.0000
vt 0.2660 0.6337 0.0000
vt 0.2062 0.6468 0.0000
vt 0.2184 0.6529 0.0000
vt 0.2567 0.6157 0.0000
vt 0.2662 0.6204 0.0000
vt 0.2571 0.6031 0.0000
vt 0.2665 0.6082 0.0000
vt 0.9830 0.6201 0.0000
vt 0.9760 0.6277 0.0000
vt 0.9724 0.6098 0.0000
vt 0.9785 0.6031 0.0000
vt 0.2318 0.6155 0.0000
vt 0.2311 0.6325 0.0000
vt 0.2757 0.6229 0.0000
vt 0.2756 0.6353 0.0000
vt 0.2327 0.5993 0.0000
vt 0.2760 0.6116 0.0000
vt 0.2351 0.5712 0.0000
vt 0.2338 0.5843 0.0000
vt 0.0089 0.2276 0.0000
vt 0.0122 0.2223 0.0000
vt 0.0063 0.2391 0.0000
vt 0.0069 0.2333 0.0000
vt 0.9681 0.6336 0.0000
vt 0.0069 0.2450 0.0000
vt 0.2307 0.6827 0.0000
vt 0.2311 0.6974 0.0000
vt 0.9318 0.6376 0.0000
vt 0.9409 0.6396 0.0000
vt 0.2318 0.7102 0.0000
vt 0.2327 0.7208 0.0000
vt 0.2306 0.6666 0.0000
vt 0.9231 0.6336 0.0000
vt 0.2780 0.6990 0.0000
vt 0.2790 0.7092 0.0000
vt 0.2307 0.6497 0.0000
vt 0.9502 0.6396 0.0000
vt 0.2772 0.6874 0.0000
vt 0.2757 0.6484 0.0000
vt 0.9594 0.6376 0.0000
vt 0.0089 0.2507 0.0000
vt 0.9858 0.6360 0.0000
vt 0.2765 0.6017 0.0000
vt 0.9151 0.6277 0.0000
vt 0.2772 0.5935 0.0000
vt 0.9054 0.6360 0.0000
vt 0.9080 0.6201 0.0000
vt 0.0122 0.2560 0.0000
vt 0.9496 0.6203 0.0000
vt 0.9414 0.6203 0.0000
vt 0.9429 0.6061 0.0000
vt 0.9480 0.6061 0.0000
vt 0.2856 0.6089 0.0000
vt 0.2851 0.6176 0.0000
vt 0.2856 0.6735 0.0000
vt 0.2862 0.6845 0.0000
vt 0.9186 0.6098 0.0000
vt 0.9256 0.6150 0.0000
vt 0.2862 0.6017 0.0000
vt 0.9123 0.6031 0.0000
vt 0.2338 0.7288 0.0000
vt 0.2431 0.7146 0.0000
vt 0.2441 0.7216 0.0000
vt 0.2851 0.6619 0.0000
vt 0.2423 0.6216 0.0000
vt 0.2417 0.6366 0.0000
vt 0.2849 0.6276 0.0000
vt 0.2848 0.6385 0.0000
vt 0.2431 0.6073 0.0000
vt 0.2452 0.5825 0.0000
vt 0.2441 0.5941 0.0000
vt 0.2780 0.5874 0.0000
vt 0.2869 0.5963 0.0000
vt 0.0002 0.2391 0.0000
vt 0.0008 0.2339 0.0000
vt 0.9653 0.6150 0.0000
vt 0.0008 0.2443 0.0000
vt 0.2414 0.6809 0.0000
vt 0.2417 0.6939 0.0000
vt 0.9333 0.6185 0.0000
vt 0.2423 0.7052 0.0000
vt 0.2413 0.6668 0.0000
vt 0.2869 0.6947 0.0000
vt 0.2878 0.7037 0.0000
vt 0.2414 0.6518 0.0000
vt 0.0226 0.3551 0.0000
vt 0.0203 0.3490 0.0000
vt 0.0264 0.3483 0.0000
vt 0.0285 0.3536 0.0000
vt 0.2849 0.6501 0.0000
vt 0.9577 0.6185 0.0000
vt 0.0203 0.3365 0.0000
vt 0.0226 0.3304 0.0000
vt 0.0285 0.3319 0.0000
vt 0.0264 0.3372 0.0000
vt 0.9452 0.5059 0.0000
vt 0.9503 0.5067 0.0000
vt 0.9553 0.5091 0.0000
vt 0.9599 0.5130 0.0000
vt 0.9641 0.5183 0.0000
vt 0.9676 0.5248 0.0000
vt 0.9705 0.5323 0.0000
vt 0.9725 0.5406 0.0000
vt 0.9737 0.5493 0.0000
vt 0.9739 0.5583 0.0000
vt 0.9733 0.5672 0.0000
vt 0.9717 0.5758 0.0000
vt 0.9693 0.5837 0.0000
vt 0.9661 0.5907 0.0000
vt 0.9623 0.5967 0.0000
vt 0.9579 0.6013 0.0000
vt 0.9531 0.6044 0.0000
vt 0.9379 0.6044 0.0000
vt 0.9331 0.6013 0.0000
vt 0.9286 0.5967 0.0000
vt 0.9248 0.5907 0.0000
vt 0.9215 0.5837 0.0000
vt 0.9191 0.5758 0.0000
vt 0.9175 0.5672 0.0000
vt 0.9168 0.5583 0.0000
vt 0.9170 0.5493 0.0000
vt 0.9181 0.5406 0.0000
vt 0.9201 0.5323 0.0000
vt 0.9229 0.5248 0.0000
vt 0.9264 0.5183 0.0000
vt 0.9305 0.5130 0.0000
vt 0.9352 0.5091 0.0000
vt 0.9401 0.5067 0.0000
vt 0.2924 0.6818 0.0000
vt 0.2931 0.6908 0.0000
vt 0.2507 0.6346 0.0000
vt 0.2504 0.6481 0.0000
vt 0.0315 0.3477 0.0000
vt 0.0333 0.3524 0.0000
vt 0.2912 0.6512 0.0000
vt 0.2915 0.6616 0.0000
vt 0.0333 0.3331 0.0000
vt 0.0315 0.3379 0.0000
vt 0.2911 0.6409 0.0000
vt 0.2919 0.6145 0.0000
vt 0.2915 0.6223 0.0000
vt 0.2919 0.6719 0.0000
vt 0.2924 0.6081 0.0000
vt 0.2520 0.7039 0.0000
vt 0.2528 0.7101 0.0000
vt 0.2513 0.6213 0.0000
vt 0.2912 0.6312 0.0000
vt 0.2520 0.6086 0.0000
vt 0.9836 0.5952 0.0000
vt 0.2931 0.6033 0.0000
vt 0.0258 0.3428 0.0000
vt 0.0309 0.3428 0.0000
vt 0.2504 0.6740 0.0000
vt 0.2507 0.6855 0.0000
vt 0.2513 0.6956 0.0000
vt 0.2503 0.6614 0.0000
vt 0.2528 0.5969 0.0000
vt 0.9072 0.5952 0.0000
vt 1.9986 0.5458 0.0000
vt 1.8632 0.5458 0.0000
vt 1.8632 0.5075 0.0000
vt 1.9986 0.5075 0.0000
vt 1.8632 0.4734 0.0000
vt 1.9986 0.4734 0.0000
vt 1.8632 0.4371 0.0000
vt 1.9986 0.4371 0.0000
vt 1.8632 0.3970 0.0000
vt 1.9986 0.3970 0.0000
vt 1.8632 0.3537 0.0000
vt 1.9986 0.3537 0.0000
vt 1.8632 0.3082 0.0000
vt 1.9986 0.3082 0.0000
vt 1.8632 0.2613 0.0000
vt 1.9986 0.2613 0.0000
vt 1.8632 0.2139 0.0000
vt 1.9986 0.2139 0.0000
vt 1.8632 0.1671 0.0000
vt 1.9986 0.1671 0.0000
vt 1.8632 0.1215 0.0000
vt 1.9986 0.1215 0.0000
vt 1.8632 0.0783 0.0000
vt 1.9986 0.0783 0.0000
vt 1.8632 0.0381 0.0000
vt 1.9986 0.0381 0.0000
vt 1.8632 0.0018 0.0000
vt 1.9986 0.0018 0.0000
vt 1.8606 0.4909 0.0000
vt 1.7205 0.4909 0.0000
vt 1.7205 0.4534 0.0000
vt 1.8606 0.4534 0.0000
vt 1.7205 0.4118 0.0000
vt 1.8606 0.4118 0.0000
vt 1.7205 0.3671 0.0000
vt 1.8606 0.3671 0.0000
vt 1.7205 0.3200 0.0000
vt 1.8606 0.3200 0.0000
vt 1.7205 0.2714 0.0000
vt 1.8606 0.2714 0.0000
vt 1.7205 0.2224 0.0000
vt 1.8606 0.2224 0.0000
vt 1.7205 0.1739 0.0000
vt 1.8606 0.1739 0.0000
vt 1.7205 0.1268 0.0000
vt 1.8606 0.1268 0.0000
vt 1.7205 0.0821 0.0000
vt 1.8606 0.0821 0.0000
vt 1.7205 0.0405 0.0000
vt 1.8606 0.0405 0.0000
vt 1.7205 0.0030 0.0000
vt 1.8606 0.0030 0.0000
vt 1.8591 0.9982 0.0000
vt 1.7263 0.9982 0.0000
vt 1.7263 0.9642 0.0000
vt 1.8591 0.9642 0.0000
vt 1.7263 0.9258 0.0000
vt 1.8591 0.9258 0.0000
vt 1.7263 0.8840 0.0000
vt 1.8591 0.8840 0.0000
vt 1.7263 0.8395 0.0000
vt 1.8591 0.8395 0.0000
vt 1.7263 0.7931 0.0000
vt 1.8591 0.7931 0.0000
vt 1.7263 0.7459 0.0000
vt 1.8591 0.7459 0.0000
vt 1.7263 0.6986 0.0000
vt 1.8591 0.6986 0.0000
vt 1.7263 0.6523 0.0000
vt 1.8591 0.6523 0.0000
vt 1.7263 0.6077 0.0000
vt 1.8591 0.6077 0.0000
vt 1.7263 0.5659 0.0000
vt 1.8591 0.5659 0.0000
vt 1.7263 0.5276 0.0000
vt 1.8591 0.5276 0.0000
vt 1.7263 0.4935 0.0000
vt 1.8591 0.4935 0.0000
vt 1.9986 0.9439 0.0000
vt 1.8632 0.9439 0.0000
vt 1.8632 0.9056 0.0000
vt 1.9986 0.9056 0.0000
vt 1.8632 0.8637 0.0000
vt 1.9986 0.8637 0.0000
vt 1.8632 0.8192 0.0000
vt 1.9986 0.8192 0.0000
vt 1.8632 0.7729 0.0000
vt 1.9986 0.7729 0.0000
vt 1.8632 0.7257 0.0000
vt 1.9986 0.7257 0.0000
vt 1.8632 0.6784 0.0000
vt 1.9986 0.6784 0.0000
vt 1.8632 0.6321 0.0000
vt 1.9986 0.6321 0.0000
vt 0.3700 0.7511 0.0000
vt 0.3842 0.7638 0.0000
vt 0.3804 0.7674 0.0000
vt 0.3668 0.7552 0.0000
vt 1.8632 0.5876 0.0000
vt 1.9986 0.5876 0.0000
vt 0.1233 0.2152 0.0000
vt 0.1143 0.1983 0.0000
vt 0.1232 0.1943 0.0000
vt 0.1316 0.2101 0.0000
vt 0.9987 0.8729 0.0000
vt 0.9987 0.8968 0.0000
vt 0.9914 0.8968 0.0000
vt 0.9914 0.8729 0.0000
vt 0.1346 0.0538 0.0000
vt 0.1480 0.0400 0.0000
vt 0.1545 0.0472 0.0000
vt 0.1421 0.0600 0.0000
vt 0.2917 0.0146 0.0000
vt 0.3089 0.0230 0.0000
vt 0.3041 0.0314 0.0000
vt 0.2880 0.0236 0.0000
vt 0.3774 0.1519 0.0000
vt 0.3747 0.1709 0.0000
vt 0.3653 0.1689 0.0000
vt 0.3677 0.1512 0.0000
vt 0.3391 0.2379 0.0000
vt 0.3248 0.2507 0.0000
vt 0.3189 0.2431 0.0000
vt 0.3321 0.2311 0.0000
vt 0.1797 0.2660 0.0000
vt 0.1631 0.2564 0.0000
vt 0.1685 0.2483 0.0000
vt 0.1840 0.2573 0.0000
vt 0.1038 0.1231 0.0000
vt 0.1078 0.1043 0.0000
vt 0.1171 0.1070 0.0000
vt 0.1134 0.1244 0.0000
vt 0.2162 0.0067 0.0000
vt 0.2353 0.0047 0.0000
vt 0.2356 0.0144 0.0000
vt 0.2179 0.0162 0.0000
vt 0.3616 0.0776 0.0000
vt 0.3695 0.0952 0.0000
vt 0.3603 0.0985 0.0000
vt 0.3531 0.0822 0.0000
vt 0.2545 0.2792 0.0000
vt 0.2353 0.2798 0.0000
vt 0.2356 0.2701 0.0000
vt 0.2535 0.2695 0.0000
vt 0.1078 0.1802 0.0000
vt 0.1171 0.1775 0.0000
vt 0.1631 0.0281 0.0000
vt 0.1685 0.0362 0.0000
vt 0.3248 0.0338 0.0000
vt 0.3189 0.0414 0.0000
vt 0.3695 0.1893 0.0000
vt 0.3603 0.1860 0.0000
vt 0.3089 0.2615 0.0000
vt 0.3041 0.2531 0.0000
vt 0.1480 0.2446 0.0000
vt 0.1545 0.2374 0.0000
vt 0.1143 0.0863 0.0000
vt 0.1232 0.0902 0.0000
vt 0.2545 0.0053 0.0000
vt 0.2535 0.0150 0.0000
vt 0.3747 0.1136 0.0000
vt 0.3653 0.1157 0.0000
vt 0.2162 0.2778 0.0000
vt 0.2179 0.2683 0.0000
vt 0.1038 0.1614 0.0000
vt 0.1134 0.1601 0.0000
vt 0.1797 0.0185 0.0000
vt 0.1840 0.0272 0.0000
vt 0.3391 0.0466 0.0000
vt 0.3321 0.0534 0.0000
vt 0.3616 0.2069 0.0000
vt 0.3531 0.2023 0.0000
vt 0.2917 0.2699 0.0000
vt 0.2880 0.2609 0.0000
vt 0.1346 0.2307 0.0000
vt 0.1421 0.2245 0.0000
vt 0.1233 0.0693 0.0000
vt 0.1316 0.0744 0.0000
vt 0.3515 0.2232 0.0000
vt 0.3436 0.2175 0.0000
vt 0.2734 0.0087 0.0000
vt 0.2710 0.0181 0.0000
vt 0.3774 0.1327 0.0000
vt 0.3677 0.1333 0.0000
vt 0.1975 0.2732 0.0000
vt 0.2005 0.2640 0.0000
vt 0.1024 0.1423 0.0000
vt 0.1121 0.1423 0.0000
vt 0.1975 0.0113 0.0000
vt 0.2005 0.0206 0.0000
vt 0.3515 0.0613 0.0000
vt 0.3436 0.0670 0.0000
vt 0.2734 0.2758 0.0000
vt 0.2710 0.2664 0.0000
vt 0.0870 0.6699 0.0000
vt 0.0730 0.6664 0.0000
vt 0.0598 0.6611 0.0000
vt 0.0473 0.6539 0.0000
vt 0.0360 0.6451 0.0000
vt 0.0261 0.6348 0.0000
vt 0.0176 0.6232 0.0000
vt 0.0109 0.6105 0.0000
vt 0.0060 0.5970 0.0000
vt 0.0030 0.5830 0.0000
vt 0.0020 0.5687 0.0000
vt 0.0030 0.5544 0.0000
vt 0.0060 0.5404 0.0000
vt 0.0109 0.5269 0.0000
vt 0.0176 0.5142 0.0000
vt 0.0261 0.5026 0.0000
vt 0.0360 0.4923 0.0000
vt 0.0473 0.4835 0.0000
vt 0.0598 0.4763 0.0000
vt 0.0730 0.4709 0.0000
vt 0.0870 0.4675 0.0000
vt 0.1012 0.4660 0.0000
vt 0.1156 0.4665 0.0000
vt 0.1297 0.4690 0.0000
vt 0.1433 0.4734 0.0000
vt 0.1562 0.4797 0.0000
vt 0.1681 0.4877 0.0000
vt 0.1787 0.4973 0.0000
vt 0.1880 0.5083 0.0000
vt 0.1956 0.5204 0.0000
vt 0.2014 0.5335 0.0000
vt 0.2053 0.5473 0.0000
vt 0.2073 0.5615 0.0000
vt 0.2073 0.5759 0.0000
vt 0.2053 0.5901 0.0000
vt 0.2014 0.6038 0.0000
vt 0.1956 0.6169 0.0000
vt 0.1880 0.6291 0.0000
vt 0.1787 0.6401 0.0000
vt 0.1681 0.6497 0.0000
vt 0.1562 0.6577 0.0000
vt 0.1433 0.6640 0.0000
vt 0.1297 0.6684 0.0000
vt 0.1156 0.6709 0.0000
vt 0.1012 0.6714 0.0000
vt 0.7645 0.1508 0.0000
vt 0.7645 0.1777 0.0000
vt 0.7569 0.1777 0.0000
vt 0.7569 0.1508 0.0000
vt 0.9695 0.9385 0.0000
vt 0.9695 0.9574 0.0000
vt 0.9622 0.9574 0.0000
vt 0.9622 0.9385 0.0000
vt 0.9987 0.9191 0.0000
vt 0.9914 0.9191 0.0000
vt 0.7645 0.2038 0.0000
vt 0.7569 0.2038 0.0000
vt 0.6722 0.0099 0.0000
vt 0.6722 0.0319 0.0000
vt 0.6647 0.0319 0.0000
vt 0.6647 0.0099 0.0000
vt 0.9987 0.9392 0.0000
vt 0.9914 0.9392 0.0000
vt 0.7645 0.2286 0.0000
vt 0.7569 0.2286 0.0000
vt 0.6722 0.0559 0.0000
vt 0.6647 0.0559 0.0000
vt 0.9695 0.6780 0.0000
vt 0.9695 0.6968 0.0000
vt 0.9622 0.6968 0.0000
vt 0.9622 0.6780 0.0000
vt 0.7645 0.2516 0.0000
vt 0.7569 0.2516 0.0000
vt 0.6722 0.0814 0.0000
vt 0.6647 0.0814 0.0000
vt 0.9695 0.7181 0.0000
vt 0.9622 0.7181 0.0000
vt 0.7645 0.2724 0.0000
vt 0.7569 0.2724 0.0000
vt 0.6722 0.1080 0.0000
vt 0.6647 0.1080 0.0000
vt 0.9695 0.7412 0.0000
vt 0.9622 0.7412 0.0000
vt 0.9987 0.6780 0.0000
vt 0.9987 0.6981 0.0000
vt 0.9914 0.6981 0.0000
vt 0.9914 0.6780 0.0000
vt 0.6722 0.1351 0.0000
vt 0.6647 0.1351 0.0000
vt 0.6722 0.2382 0.0000
vt 0.6722 0.2602 0.0000
vt 0.6647 0.2602 0.0000
vt 0.6647 0.2382 0.0000
vt 0.9695 0.7659 0.0000
vt 0.9622 0.7659 0.0000
vt 0.9987 0.7203 0.0000
vt 0.9914 0.7203 0.0000
vt 0.6722 0.1622 0.0000
vt 0.6647 0.1622 0.0000
vt 0.6722 0.2798 0.0000
vt 0.6647 0.2798 0.0000
vt 0.9695 0.7915 0.0000
vt 0.9622 0.7915 0.0000
vt 0.9987 0.7443 0.0000
vt 0.9914 0.7443 0.0000
vt 0.6722 0.1887 0.0000
vt 0.6647 0.1887 0.0000
vt 0.7645 0.0019 0.0000
vt 0.7645 0.0228 0.0000
vt 0.7569 0.0228 0.0000
vt 0.7569 0.0019 0.0000
vt 0.9695 0.8177 0.0000
vt 0.9622 0.8177 0.0000
vt 0.9987 0.7695 0.0000
vt 0.9914 0.7695 0.0000
vt 0.6722 0.2143 0.0000
vt 0.6647 0.2143 0.0000
vt 0.7645 0.0458 0.0000
vt 0.7569 0.0458 0.0000
vt 0.9695 0.8439 0.0000
vt 0.9622 0.8439 0.0000
vt 0.9987 0.7955 0.0000
vt 0.9914 0.7955 0.0000
vt 0.7645 0.0706 0.0000
vt 0.7569 0.0706 0.0000
vt 0.9695 0.8695 0.0000
vt 0.9622 0.8695 0.0000
vt 0.9987 0.8217 0.0000
vt 0.9914 0.8217 0.0000
vt 0.7645 0.0967 0.0000
vt 0.7569 0.0967 0.0000
vt 0.9695 0.8942 0.0000
vt 0.9622 0.8942 0.0000
vt 0.9987 0.8477 0.0000
vt 0.9914 0.8477 0.0000
vt 0.7645 0.1236 0.0000
vt 0.7569 0.1236 0.0000
vt 0.9695 0.9173 0.0000
vt 0.9622 0.9173 0.0000
vt 0.9549 0.7689 0.0000
vt 0.9549 0.7434 0.0000
vt 0.9622 0.7434 0.0000
vt 0.9622 0.7689 0.0000
vt 0.2095 0.7455 0.0000
vt 0.2260 0.7359 0.0000
vt 0.2283 0.7406 0.0000
vt 0.2124 0.7498 0.0000
vt 0.1546 0.8964 0.0000
vt 0.1506 0.8777 0.0000
vt 0.1558 0.8770 0.0000
vt 0.1596 0.8949 0.0000
vt 0.2095 0.9720 0.0000
vt 0.1945 0.9602 0.0000
vt 0.1980 0.9564 0.0000
vt 0.2124 0.9677 0.0000
vt 0.3700 0.9664 0.0000
vt 0.3542 0.9770 0.0000
vt 0.3516 0.9725 0.0000
vt 0.3668 0.9623 0.0000
vt 0.4143 0.8120 0.0000
vt 0.4195 0.8303 0.0000
vt 0.4144 0.8314 0.0000
vt 0.4094 0.8138 0.0000
vt 0.2811 0.7222 0.0000
vt 0.3002 0.7228 0.0000
vt 0.2996 0.7280 0.0000
vt 0.2813 0.7274 0.0000
vt 0.1546 0.8211 0.0000
vt 0.1611 0.8031 0.0000
vt 0.1658 0.8053 0.0000
vt 0.1596 0.8225 0.0000
vt 0.3002 0.9946 0.0000
vt 0.2811 0.9952 0.0000
vt 0.2813 0.9900 0.0000
vt 0.2996 0.9894 0.0000
vt 0.4195 0.8871 0.0000
vt 0.4143 0.9054 0.0000
vt 0.4094 0.9037 0.0000
vt 0.4144 0.8860 0.0000
vt 0.3542 0.7404 0.0000
vt 0.3516 0.7449 0.0000
vt 0.1945 0.7572 0.0000
vt 0.1980 0.7610 0.0000
vt 0.1611 0.9143 0.0000
vt 0.1658 0.9122 0.0000
vt 0.2260 0.9815 0.0000
vt 0.2283 0.9768 0.0000
vt 0.3842 0.9536 0.0000
vt 0.3804 0.9500 0.0000
vt 0.4065 0.7946 0.0000
vt 0.4019 0.7970 0.0000
vt 0.2622 0.7242 0.0000
vt 0.2631 0.7293 0.0000
vt 0.1506 0.8397 0.0000
vt 0.1558 0.8404 0.0000
vt 0.3189 0.9913 0.0000
vt 0.3177 0.9862 0.0000
vt 0.4222 0.8682 0.0000
vt 0.4170 0.8679 0.0000
vt 0.3371 0.7320 0.0000
vt 0.3351 0.7369 0.0000
vt 0.1812 0.7709 0.0000
vt 0.1852 0.7742 0.0000
vt 0.1700 0.9311 0.0000
vt 0.1744 0.9283 0.0000
vt 0.2437 0.9886 0.0000
vt 0.2453 0.9837 0.0000
vt 0.3964 0.9390 0.0000
vt 0.3922 0.9359 0.0000
vt 0.3964 0.7784 0.0000
vt 0.3922 0.7815 0.0000
vt 0.1812 0.9465 0.0000
vt 0.1852 0.9432 0.0000
vt 0.2437 0.7288 0.0000
vt 0.2453 0.7337 0.0000
vt 0.1493 0.8587 0.0000
vt 0.1545 0.8587 0.0000
vt 0.3371 0.9854 0.0000
vt 0.3351 0.9805 0.0000
vt 0.4222 0.8492 0.0000
vt 0.4170 0.8495 0.0000
vt 0.3189 0.7262 0.0000
vt 0.3177 0.7312 0.0000
vt 0.1700 0.7863 0.0000
vt 0.1744 0.7891 0.0000
vt 0.2622 0.9932 0.0000
vt 0.2631 0.9881 0.0000
vt 0.4065 0.9228 0.0000
vt 0.4019 0.9204 0.0000
vt 1.0617 0.3166 0.0000
vt 1.0443 0.2986 0.0000
vt 1.0534 0.2910 0.0000
vt 1.0696 0.3078 0.0000
vt 0.9695 0.7218 0.0000
vt 0.9695 0.6988 0.0000
vt 0.9768 0.6988 0.0000
vt 0.9768 0.7218 0.0000
vt 0.9841 0.8301 0.0000
vt 0.9841 0.8030 0.0000
vt 0.9914 0.8030 0.0000
vt 0.9914 0.8301 0.0000
vt 0.9841 0.9476 0.0000
vt 0.9841 0.9281 0.0000
vt 0.9914 0.9281 0.0000
vt 0.9914 0.9476 0.0000
vt 0.9549 0.7955 0.0000
vt 0.9622 0.7955 0.0000
vt 0.9695 0.7466 0.0000
vt 0.9768 0.7466 0.0000
vt 0.9841 0.8567 0.0000
vt 0.9914 0.8567 0.0000
vt 0.9768 0.6780 0.0000
vt 0.9841 0.6780 0.0000
vt 0.9841 0.6988 0.0000
vt 0.9549 0.8226 0.0000
vt 0.9622 0.8226 0.0000
vt 0.9695 0.7727 0.0000
vt 0.9768 0.7727 0.0000
vt 0.9841 0.8822 0.0000
vt 0.9914 0.8822 0.0000
vt 0.9841 0.7218 0.0000
vt 0.9549 0.8496 0.0000
vt 0.9622 0.8496 0.0000
vt 0.9695 0.7996 0.0000
vt 0.9768 0.7996 0.0000
vt 0.9841 0.9062 0.0000
vt 0.9914 0.9062 0.0000
vt 0.9841 0.7466 0.0000
vt 0.9549 0.8762 0.0000
vt 0.9622 0.8762 0.0000
vt 0.9695 0.8267 0.0000
vt 0.9768 0.8267 0.0000
vt 0.9841 0.7727 0.0000
vt 0.9549 0.9017 0.0000
vt 0.9622 0.9017 0.0000
vt 0.9695 0.8536 0.0000
vt 0.9768 0.8536 0.0000
vt 0.9841 0.7996 0.0000
vt 0.9549 0.9257 0.0000
vt 0.9622 0.9257 0.0000
vt 0.9695 0.8797 0.0000
vt 0.9768 0.8797 0.0000
vt 0.9841 0.8267 0.0000
vt 0.9549 0.9476 0.0000
vt 0.9622 0.9476 0.0000
vt 0.9695 0.9045 0.0000
vt 0.9768 0.9045 0.0000
vt 0.9841 0.8536 0.0000
vt 0.9549 0.9672 0.0000
vt 0.9622 0.9672 0.0000
vt 0.9695 0.9275 0.0000
vt 0.9768 0.9275 0.0000
vt 0.9841 0.8797 0.0000
vt 0.9841 0.6999 0.0000
vt 0.9914 0.6999 0.0000
vt 0.9695 0.9483 0.0000
vt 0.9768 0.9483 0.0000
vt 0.9841 0.9045 0.0000
vt 0.9841 0.7239 0.0000
vt 0.9914 0.7239 0.0000
vt 0.9549 0.6975 0.0000
vt 0.9549 0.6780 0.0000
vt 0.9622 0.6975 0.0000
vt 0.9841 0.9275 0.0000
vt 0.9841 0.7494 0.0000
vt 0.9914 0.7494 0.0000
vt 0.9549 0.7195 0.0000
vt 0.9622 0.7195 0.0000
vt 0.9841 0.9483 0.0000
vt 0.9841 0.7760 0.0000
vt 0.9914 0.7760 0.0000
vt 0.9540 0.7720 0.0000
vt 0.9540 0.8060 0.0000
vt 0.9447 0.8065 0.0000
vt 0.9447 0.7736 0.0000
vt 1.2007 0.0045 0.0000
vt 1.2253 0.0089 0.0000
vt 1.2225 0.0204 0.0000
vt 1.1994 0.0163 0.0000
vt 1.3507 0.2446 0.0000
vt 1.3405 0.2675 0.0000
vt 1.3300 0.2619 0.0000
vt 1.3395 0.2405 0.0000
vt 1.0814 0.3321 0.0000
vt 1.0881 0.3222 0.0000
vt 1.1756 0.0036 0.0000
vt 1.1760 0.0155 0.0000
vt 1.3576 0.2205 0.0000
vt 1.3460 0.2180 0.0000
vt 1.1031 0.3446 0.0000
vt 1.1083 0.3339 0.0000
vt 1.1507 0.0063 0.0000
vt 1.1527 0.0179 0.0000
vt 1.3611 0.1957 0.0000
vt 1.3492 0.1948 0.0000
vt 1.1264 0.3540 0.0000
vt 1.1300 0.3427 0.0000
vt 1.1264 0.0123 0.0000
vt 1.1300 0.0236 0.0000
vt 1.3611 0.1706 0.0000
vt 1.3492 0.1714 0.0000
vt 1.1507 0.3600 0.0000
vt 1.1527 0.3483 0.0000
vt 1.1031 0.0217 0.0000
vt 1.1083 0.0324 0.0000
vt 1.3576 0.1458 0.0000
vt 1.3460 0.1483 0.0000
vt 1.1756 0.3627 0.0000
vt 1.1760 0.3508 0.0000
vt 1.0814 0.0342 0.0000
vt 1.0881 0.0441 0.0000
vt 1.3507 0.1217 0.0000
vt 1.3395 0.1258 0.0000
vt 1.2007 0.3618 0.0000
vt 1.1994 0.3500 0.0000
vt 1.0617 0.0497 0.0000
vt 1.0696 0.0585 0.0000
vt 1.3405 0.0988 0.0000
vt 1.3300 0.1044 0.0000
vt 1.2253 0.3574 0.0000
vt 1.2225 0.3459 0.0000
vt 1.0443 0.0677 0.0000
vt 1.0534 0.0753 0.0000
vt 1.3272 0.0776 0.0000
vt 1.3176 0.0845 0.0000
vt 1.2492 0.3497 0.0000
vt 1.2447 0.3387 0.0000
vt 1.0295 0.0880 0.0000
vt 1.0396 0.0943 0.0000
vt 1.3111 0.0584 0.0000
vt 1.3025 0.0666 0.0000
vt 1.2717 0.3387 0.0000
vt 1.2658 0.3284 0.0000
vt 1.0178 0.1101 0.0000
vt 1.0286 0.1149 0.0000
vt 1.0092 0.2327 0.0000
vt 1.0040 0.2081 0.0000
vt 1.0158 0.2065 0.0000
vt 1.0206 0.2294 0.0000
vt 1.2925 0.0416 0.0000
vt 1.2852 0.0510 0.0000
vt 1.2925 0.3247 0.0000
vt 1.2852 0.3153 0.0000
vt 1.0092 0.1336 0.0000
vt 1.0206 0.1369 0.0000
vt 1.0178 0.2562 0.0000
vt 1.0286 0.2514 0.0000
vt 1.2717 0.0276 0.0000
vt 1.2658 0.0379 0.0000
vt 1.3111 0.3079 0.0000
vt 1.3025 0.2997 0.0000
vt 1.0040 0.1581 0.0000
vt 1.0158 0.1598 0.0000
vt 1.0295 0.2783 0.0000
vt 1.0396 0.2720 0.0000
vt 1.2492 0.0166 0.0000
vt 1.2447 0.0276 0.0000
vt 1.3272 0.2887 0.0000
vt 1.3176 0.2817 0.0000
vt 1.0023 0.1831 0.0000
vt 1.0141 0.1831 0.0000
vt 1.3134 0.0876 0.0000
vt 1.3254 0.1068 0.0000
vt 1.3183 0.1106 0.0000
vt 1.3069 0.0923 0.0000
vt 1.1316 0.0285 0.0000
vt 1.1106 0.0370 0.0000
vt 0.9447 0.6786 0.0000
vt 0.9447 0.7077 0.0000
vt 0.9354 0.7112 0.0000
vt 0.9354 0.6831 0.0000
vt 0.9540 0.7390 0.0000
vt 0.9447 0.7416 0.0000
vt 1.0910 0.0484 0.0000
vt 1.3409 0.1493 0.0000
vt 1.3347 0.1275 0.0000
vt 0.9540 0.7077 0.0000
vt 0.9447 0.7112 0.0000
vt 0.9354 0.9373 0.0000
vt 0.9354 0.9676 0.0000
vt 0.9261 0.9636 0.0000
vt 0.9261 0.9342 0.0000
vt 0.9540 0.6786 0.0000
vt 0.9447 0.6831 0.0000
vt 0.9354 0.9051 0.0000
vt 0.9261 0.9030 0.0000
vt 1.2212 0.3409 0.0000
vt 1.2428 0.3339 0.0000
vt 0.9354 0.8715 0.0000
vt 0.9261 0.8705 0.0000
vt 0.9261 0.9373 0.0000
vt 0.9261 0.9676 0.0000
vt 0.9168 0.9636 0.0000
vt 0.9168 0.9342 0.0000
vt 1.2632 0.3239 0.0000
vt 0.9354 0.8373 0.0000
vt 0.9261 0.8373 0.0000
vt 1.0209 0.2058 0.0000
vt 1.0256 0.2280 0.0000
vt 0.9261 0.9051 0.0000
vt 0.9168 0.9030 0.0000
vt 0.9447 0.9385 0.0000
vt 0.9447 0.9676 0.0000
vt 0.9354 0.9631 0.0000
vt 0.9354 0.9350 0.0000
vt 0.9354 0.8031 0.0000
vt 0.9261 0.8042 0.0000
vt 1.0333 0.2493 0.0000
vt 0.9261 0.8715 0.0000
vt 0.9168 0.8705 0.0000
vt 0.9447 0.9072 0.0000
vt 0.9354 0.9046 0.0000
vt 0.9354 0.7696 0.0000
vt 0.9261 0.7717 0.0000
vt 1.0440 0.2693 0.0000
vt 0.9168 0.8373 0.0000
vt 0.9447 0.8742 0.0000
vt 0.9354 0.8726 0.0000
vt 0.9354 0.7373 0.0000
vt 0.9261 0.7404 0.0000
vt 0.9540 0.9385 0.0000
vt 0.9540 0.9676 0.0000
vt 0.9447 0.9631 0.0000
vt 0.9447 0.9350 0.0000
vt 0.9261 0.8031 0.0000
vt 0.9168 0.8042 0.0000
vt 0.9447 0.8402 0.0000
vt 0.9354 0.8397 0.0000
vt 0.9354 0.7071 0.0000
vt 0.9261 0.7111 0.0000
vt 0.9540 0.9072 0.0000
vt 0.9447 0.9046 0.0000
vt 0.9261 0.7696 0.0000
vt 0.9168 0.7717 0.0000
vt 0.9447 0.8060 0.0000
vt 0.9354 0.8065 0.0000
vt 0.9540 0.8742 0.0000
vt 0.9447 0.8726 0.0000
vt 0.9261 0.7373 0.0000
vt 0.9168 0.7404 0.0000
vt 0.9447 0.7720 0.0000
vt 0.9354 0.7736 0.0000
vt 0.9540 0.8402 0.0000
vt 0.9447 0.8397 0.0000
vt 0.9261 0.7071 0.0000
vt 0.9168 0.7111 0.0000
vt 0.9447 0.7390 0.0000
vt 0.9354 0.7416 0.0000
vt 1.1536 0.0230 0.0000
vt 1.0508 0.2650 0.0000
vt 1.0407 0.2460 0.0000
vt 1.0537 0.2402 0.0000
vt 1.0629 0.2575 0.0000
vt 1.2193 0.3331 0.0000
vt 1.2398 0.3264 0.0000
vt 1.0440 0.0970 0.0000
vt 1.0573 0.0786 0.0000
vt 1.0635 0.0838 0.0000
vt 1.0508 0.1012 0.0000
vt 1.2988 0.0702 0.0000
vt 1.2931 0.0758 0.0000
vt 1.2592 0.3170 0.0000
vt 1.0333 0.1170 0.0000
vt 1.0407 0.1203 0.0000
vt 1.0288 0.2047 0.0000
vt 1.0333 0.2257 0.0000
vt 1.2820 0.0550 0.0000
vt 1.2770 0.0614 0.0000
vt 1.2820 0.3113 0.0000
vt 1.2770 0.3049 0.0000
vt 1.0256 0.1383 0.0000
vt 1.0333 0.1405 0.0000
vt 1.2632 0.0423 0.0000
vt 1.2592 0.0493 0.0000
vt 1.2988 0.2961 0.0000
vt 1.2931 0.2905 0.0000
vt 1.0209 0.1605 0.0000
vt 1.0288 0.1616 0.0000
vt 1.2428 0.0324 0.0000
vt 1.2398 0.0398 0.0000
vt 1.3134 0.2787 0.0000
vt 1.3069 0.2740 0.0000
vt 1.0193 0.1831 0.0000
vt 1.0273 0.1831 0.0000
vt 1.0573 0.2877 0.0000
vt 1.0635 0.2825 0.0000
vt 1.2212 0.0254 0.0000
vt 1.2193 0.0332 0.0000
vt 1.3254 0.2595 0.0000
vt 1.3183 0.2557 0.0000
vt 1.0731 0.3040 0.0000
vt 1.0785 0.2980 0.0000
vt 1.1989 0.0214 0.0000
vt 1.1980 0.0294 0.0000
vt 1.3347 0.2388 0.0000
vt 1.3271 0.2360 0.0000
vt 1.0910 0.3179 0.0000
vt 1.0954 0.3113 0.0000
vt 1.1762 0.0207 0.0000
vt 1.1765 0.0287 0.0000
vt 1.3409 0.2169 0.0000
vt 1.3331 0.2153 0.0000
vt 1.1106 0.3293 0.0000
vt 1.1141 0.3221 0.0000
vt 1.1550 0.0309 0.0000
vt 1.3441 0.1945 0.0000
vt 1.3361 0.1939 0.0000
vt 1.1316 0.3378 0.0000
vt 1.1341 0.3301 0.0000
vt 1.1341 0.0361 0.0000
vt 1.3441 0.1718 0.0000
vt 1.3361 0.1724 0.0000
vt 1.1536 0.3433 0.0000
vt 1.1550 0.3354 0.0000
vt 1.1141 0.0442 0.0000
vt 1.3331 0.1510 0.0000
vt 1.1762 0.3456 0.0000
vt 1.1765 0.3376 0.0000
vt 1.0954 0.0550 0.0000
vt 1.3271 0.1303 0.0000
vt 1.1989 0.3448 0.0000
vt 1.1980 0.3369 0.0000
vt 1.0731 0.0623 0.0000
vt 1.0785 0.0683 0.0000
vt 1.1204 0.3092 0.0000
vt 1.1034 0.2994 0.0000
vt 1.1117 0.2873 0.0000
vt 1.1268 0.2960 0.0000
vt 1.2520 0.0617 0.0000
vt 1.2344 0.0531 0.0000
vt 1.2828 0.2806 0.0000
vt 1.2954 0.2656 0.0000
vt 1.0430 0.1636 0.0000
vt 1.0416 0.1831 0.0000
vt 1.0744 0.2733 0.0000
vt 1.2158 0.0470 0.0000
vt 1.3057 0.2490 0.0000
vt 1.0430 0.2027 0.0000
vt 1.0880 0.2874 0.0000
vt 1.1965 0.0436 0.0000
vt 1.3137 0.2311 0.0000
vt 1.1770 0.0429 0.0000
vt 1.3191 0.2123 0.0000
vt 1.1575 0.0450 0.0000
vt 1.3218 0.1929 0.0000
vt 1.1385 0.3166 0.0000
vt 1.1385 0.0497 0.0000
vt 1.3218 0.1734 0.0000
vt 1.1575 0.3213 0.0000
vt 1.1204 0.0571 0.0000
vt 1.3191 0.1540 0.0000
vt 1.1770 0.3233 0.0000
vt 1.1034 0.0668 0.0000
vt 1.3137 0.1352 0.0000
vt 1.1965 0.3227 0.0000
vt 1.0880 0.0789 0.0000
vt 1.3057 0.1173 0.0000
vt 1.2158 0.3193 0.0000
vt 1.0744 0.0930 0.0000
vt 1.2954 0.1007 0.0000
vt 1.2344 0.3132 0.0000
vt 1.0629 0.1088 0.0000
vt 1.2828 0.0857 0.0000
vt 1.2520 0.3046 0.0000
vt 1.0537 0.1261 0.0000
vt 1.0470 0.2218 0.0000
vt 1.2682 0.0726 0.0000
vt 1.2682 0.2937 0.0000
vt 1.0470 0.1445 0.0000
vt 1.0612 0.2178 0.0000
vt 1.0575 0.2006 0.0000
vt 1.0563 0.1831 0.0000
vt 1.0575 0.1657 0.0000
vt 1.0612 0.1485 0.0000
vt 1.0672 0.1321 0.0000
vt 1.0754 0.1166 0.0000
vt 1.0857 0.1024 0.0000
vt 1.0978 0.0898 0.0000
vt 1.1117 0.0790 0.0000
vt 1.1268 0.0703 0.0000
vt 1.1431 0.0637 0.0000
vt 1.1601 0.0595 0.0000
vt 1.1775 0.0576 0.0000
vt 1.1950 0.0583 0.0000
vt 1.2123 0.0613 0.0000
vt 1.2289 0.0667 0.0000
vt 1.2447 0.0744 0.0000
vt 1.2592 0.0842 0.0000
vt 1.2722 0.0959 0.0000
vt 1.2835 0.1093 0.0000
vt 1.2928 0.1242 0.0000
vt 1.2999 0.1402 0.0000
vt 1.3047 0.1570 0.0000
vt 1.3071 0.1744 0.0000
vt 1.3071 0.1919 0.0000
vt 1.3047 0.2093 0.0000
vt 1.2999 0.2261 0.0000
vt 1.2928 0.2421 0.0000
vt 1.2835 0.2570 0.0000
vt 1.2722 0.2704 0.0000
vt 1.2592 0.2821 0.0000
vt 1.2447 0.2919 0.0000
vt 1.2289 0.2996 0.0000
vt 1.2123 0.3050 0.0000
vt 1.1950 0.3080 0.0000
vt 1.1775 0.3086 0.0000
vt 1.1601 0.3068 0.0000
vt 1.1431 0.3026 0.0000
vt 1.0978 0.2765 0.0000
vt 1.0857 0.2639 0.0000
vt 1.0754 0.2497 0.0000
vt 1.0672 0.2342 0.0000
vt 1.2241 0.3713 0.0000
vt 1.1795 0.3715 0.0000
vt 1.1807 0.3697 0.0000
vt 1.2247 0.3694 0.0000
vt 1.0968 0.4326 0.0000
vt 1.1370 0.4320 0.0000
vt 1.1383 0.4330 0.0000
vt 1.0985 0.4336 0.0000
vt 1.0600 0.4333 0.0000
vt 1.0621 0.4344 0.0000
vt 1.0273 0.4342 0.0000
vt 1.0297 0.4352 0.0000
vt 1.0876 0.5257 0.0000
vt 1.0460 0.5257 0.0000
vt 1.0484 0.5246 0.0000
vt 1.0895 0.5246 0.0000
vt 1.1330 0.5256 0.0000
vt 1.1344 0.5246 0.0000
vt 1.1812 0.5256 0.0000
vt 1.1822 0.5245 0.0000
vt 1.2315 0.5256 0.0000
vt 1.2320 0.5245 0.0000
vt 1.2827 0.5256 0.0000
vt 1.2827 0.5245 0.0000
vt 1.3339 0.5256 0.0000
vt 1.3334 0.5245 0.0000
vt 1.3842 0.5256 0.0000
vt 1.3832 0.5245 0.0000
vt 1.4324 0.5256 0.0000
vt 1.4309 0.5246 0.0000
vt 1.4778 0.5257 0.0000
vt 1.4758 0.5246 0.0000
vt 1.5193 0.5257 0.0000
vt 1.5170 0.5246 0.0000
vt 1.4986 0.6687 0.0000
vt 1.5327 0.6696 0.0000
vt 1.5302 0.6707 0.0000
vt 1.4964 0.6698 0.0000
vt 1.4603 0.6679 0.0000
vt 1.4585 0.6690 0.0000
vt 1.4184 0.6672 0.0000
vt 1.4170 0.6683 0.0000
vt 1.3739 0.6668 0.0000
vt 1.3730 0.6679 0.0000
vt 1.3275 0.6665 0.0000
vt 1.3271 0.6676 0.0000
vt 1.2802 0.6664 0.0000
vt 1.2802 0.6675 0.0000
vt 1.2330 0.6665 0.0000
vt 1.2334 0.6676 0.0000
vt 1.1866 0.6668 0.0000
vt 1.1875 0.6679 0.0000
vt 1.1421 0.6672 0.0000
vt 1.1434 0.6683 0.0000
vt 1.1002 0.6679 0.0000
vt 1.1020 0.6690 0.0000
vt 1.0619 0.6687 0.0000
vt 1.0641 0.6698 0.0000
vt 1.0278 0.6696 0.0000
vt 1.0303 0.6707 0.0000
vt 1.5085 0.5194 0.0000
vt 1.5500 0.5194 0.0000
vt 1.5473 0.5205 0.0000
vt 1.5062 0.5206 0.0000
vt 1.4626 0.5195 0.0000
vt 1.4608 0.5206 0.0000
vt 1.4132 0.5195 0.0000
vt 1.4118 0.5207 0.0000
vt 1.3611 0.5195 0.0000
vt 1.3603 0.5207 0.0000
vt 1.3075 0.5196 0.0000
vt 1.3073 0.5207 0.0000
vt 1.2534 0.5196 0.0000
vt 1.2537 0.5207 0.0000
vt 1.1998 0.5195 0.0000
vt 1.2006 0.5207 0.0000
vt 1.1478 0.5195 0.0000
vt 1.1491 0.5207 0.0000
vt 1.0983 0.5195 0.0000
vt 1.1001 0.5206 0.0000
vt 1.0524 0.5194 0.0000
vt 1.0547 0.5206 0.0000
vt 1.0110 0.5194 0.0000
vt 1.0137 0.5205 0.0000
vt 1.4792 0.4333 0.0000
vt 1.5119 0.4342 0.0000
vt 1.5095 0.4352 0.0000
vt 1.4771 0.4344 0.0000
vt 1.4424 0.4326 0.0000
vt 1.4407 0.4336 0.0000
vt 1.4022 0.4320 0.0000
vt 1.4009 0.4330 0.0000
vt 1.3595 0.4316 0.0000
vt 1.3586 0.4326 0.0000
vt 1.3150 0.4313 0.0000
vt 1.3145 0.4323 0.0000
vt 1.2696 0.4312 0.0000
vt 1.2696 0.4322 0.0000
vt 1.2242 0.4313 0.0000
vt 1.2247 0.4323 0.0000
vt 1.1797 0.4316 0.0000
vt 1.1806 0.4326 0.0000
vt 1.6367 0.1971 0.0000
vt 1.6620 0.1965 0.0000
vt 1.6620 0.2438 0.0000
vt 1.6367 0.2444 0.0000
vt 1.6674 0.2507 0.0000
vt 1.6410 0.2513 0.0000
vt 1.6399 0.2503 0.0000
vt 1.6660 0.2496 0.0000
vt 1.6913 0.2499 0.0000
vt 1.6897 0.2489 0.0000
vt 1.7122 0.2490 0.0000
vt 1.7103 0.2480 0.0000
vt 0.4065 0.0515 0.0000
vt 0.3871 0.0515 0.0000
vt 0.3883 0.0508 0.0000
vt 0.4075 0.0508 0.0000
vt 0.4277 0.0515 0.0000
vt 0.4285 0.0508 0.0000
vt 0.4503 0.0515 0.0000
vt 0.4508 0.0507 0.0000
vt 0.4737 0.0515 0.0000
vt 0.4740 0.0507 0.0000
vt 0.4977 0.0515 0.0000
vt 0.4977 0.0507 0.0000
vt 0.5216 0.0515 0.0000
vt 0.5213 0.0507 0.0000
vt 0.5451 0.0515 0.0000
vt 0.5446 0.0507 0.0000
vt 0.5676 0.0515 0.0000
vt 0.5669 0.0508 0.0000
vt 0.5888 0.0515 0.0000
vt 0.5878 0.0508 0.0000
vt 0.6082 0.0515 0.0000
vt 0.6070 0.0508 0.0000
vt 1.3907 0.1735 0.0000
vt 1.3705 0.1726 0.0000
vt 1.3723 0.1716 0.0000
vt 1.3923 0.1724 0.0000
vt 1.4138 0.1743 0.0000
vt 1.4152 0.1732 0.0000
vt 1.4394 0.1749 0.0000
vt 1.4405 0.1739 0.0000
vt 1.4670 0.1754 0.0000
vt 1.4678 0.1743 0.0000
vt 1.4960 0.1757 0.0000
vt 1.4965 0.1747 0.0000
vt 1.5259 0.1759 0.0000
vt 1.5260 0.1748 0.0000
vt 1.5560 0.1759 0.0000
vt 1.5559 0.1748 0.0000
vt 1.5859 0.1757 0.0000
vt 1.5854 0.1747 0.0000
vt 1.6149 0.1754 0.0000
vt 1.6141 0.1743 0.0000
vt 1.6425 0.1749 0.0000
vt 1.6414 0.1739 0.0000
vt 1.6681 0.1743 0.0000
vt 1.6667 0.1732 0.0000
vt 1.6912 0.1735 0.0000
vt 1.6896 0.1724 0.0000
vt 1.3657 0.0934 0.0000
vt 1.3389 0.0935 0.0000
vt 1.3407 0.0922 0.0000
vt 1.3673 0.0922 0.0000
vt 1.3954 0.0934 0.0000
vt 1.3967 0.0921 0.0000
vt 1.4274 0.0933 0.0000
vt 1.4283 0.0921 0.0000
vt 1.4611 0.0933 0.0000
vt 1.4616 0.0921 0.0000
vt 1.4958 0.0933 0.0000
vt 1.4959 0.0921 0.0000
vt 1.5308 0.0933 0.0000
vt 1.5306 0.0921 0.0000
vt 1.5655 0.0933 0.0000
vt 1.5649 0.0921 0.0000
vt 1.5991 0.0933 0.0000
vt 1.5982 0.0921 0.0000
vt 1.6311 0.0934 0.0000
vt 1.6299 0.0921 0.0000
vt 1.6608 0.0934 0.0000
vt 1.6593 0.0922 0.0000
vt 1.6877 0.0935 0.0000
vt 1.6858 0.0922 0.0000
vt 1.4046 0.2507 0.0000
vt 1.3807 0.2499 0.0000
vt 1.3824 0.2489 0.0000
vt 1.4060 0.2496 0.0000
vt 1.4311 0.2513 0.0000
vt 1.4322 0.2503 0.0000
vt 1.4596 0.2518 0.0000
vt 1.4604 0.2508 0.0000
vt 1.4895 0.2521 0.0000
vt 1.4900 0.2511 0.0000
vt 1.5204 0.2523 0.0000
vt 1.5206 0.2513 0.0000
vt 1.5516 0.2523 0.0000
vt 1.5515 0.2513 0.0000
vt 1.5825 0.2521 0.0000
vt 1.5820 0.2511 0.0000
vt 1.6125 0.2518 0.0000
vt 1.6117 0.2508 0.0000
vt 1.5806 0.1979 0.0000
vt 1.6093 0.1976 0.0000
vt 1.6093 0.2449 0.0000
vt 1.5806 0.2452 0.0000
vt 1.5826 0.1880 0.0000
vt 1.6127 0.1877 0.0000
vt 1.6116 0.1896 0.0000
vt 1.5820 0.1899 0.0000
vt 1.6678 0.1865 0.0000
vt 1.6918 0.1858 0.0000
vt 1.6895 0.1877 0.0000
vt 1.6659 0.1885 0.0000
vt 0.3695 0.0028 0.0000
vt 0.3868 0.0028 0.0000
vt 0.3884 0.0043 0.0000
vt 0.3713 0.0044 0.0000
vt 1.6849 0.1958 0.0000
vt 1.6849 0.2431 0.0000
vt 0.4062 0.0028 0.0000
vt 0.4076 0.0043 0.0000
vt 0.3751 0.0107 0.0000
vt 0.3917 0.0106 0.0000
vt 0.3917 0.0465 0.0000
vt 0.3751 0.0466 0.0000
vt 0.4275 0.0028 0.0000
vt 0.4285 0.0043 0.0000
vt 0.4103 0.0106 0.0000
vt 0.4103 0.0465 0.0000
vt 0.4501 0.0027 0.0000
vt 0.4508 0.0043 0.0000
vt 0.4306 0.0106 0.0000
vt 0.4306 0.0465 0.0000
vt 0.4737 0.0027 0.0000
vt 0.4740 0.0043 0.0000
vt 0.4522 0.0106 0.0000
vt 0.4522 0.0465 0.0000
vt 0.4977 0.0027 0.0000
vt 0.4977 0.0043 0.0000
vt 0.4747 0.0105 0.0000
vt 0.4747 0.0465 0.0000
vt 0.5217 0.0027 0.0000
vt 0.5213 0.0043 0.0000
vt 0.4977 0.0105 0.0000
vt 0.4977 0.0465 0.0000
vt 0.5452 0.0027 0.0000
vt 0.5445 0.0043 0.0000
vt 0.5206 0.0105 0.0000
vt 0.5206 0.0465 0.0000
vt 0.5678 0.0028 0.0000
vt 0.5668 0.0043 0.0000
vt 0.5431 0.0106 0.0000
vt 0.5431 0.0465 0.0000
vt 0.5891 0.0028 0.0000
vt 0.5877 0.0043 0.0000
vt 0.5647 0.0106 0.0000
vt 0.5647 0.0465 0.0000
vt 0.6085 0.0028 0.0000
vt 0.6069 0.0043 0.0000
vt 0.5850 0.0106 0.0000
vt 0.5850 0.0465 0.0000
vt 0.6259 0.0028 0.0000
vt 0.6240 0.0044 0.0000
vt 0.6037 0.0106 0.0000
vt 0.6037 0.0465 0.0000
vt 1.3902 0.1089 0.0000
vt 1.4134 0.1096 0.0000
vt 1.4153 0.1116 0.0000
vt 1.3924 0.1108 0.0000
vt 0.6202 0.0107 0.0000
vt 0.6202 0.0466 0.0000
vt 1.4391 0.1103 0.0000
vt 1.4406 0.1122 0.0000
vt 1.3969 0.1189 0.0000
vt 1.4190 0.1197 0.0000
vt 1.4190 0.1673 0.0000
vt 1.3969 0.1666 0.0000
vt 1.4667 0.1108 0.0000
vt 1.4678 0.1127 0.0000
vt 1.4436 0.1203 0.0000
vt 1.4436 0.1679 0.0000
vt 1.4958 0.1111 0.0000
vt 1.4965 0.1130 0.0000
vt 1.4700 0.1208 0.0000
vt 1.4700 0.1684 0.0000
vt 1.5258 0.1113 0.0000
vt 1.5260 0.1132 0.0000
vt 1.4978 0.1211 0.0000
vt 1.4978 0.1687 0.0000
vt 1.5561 0.1113 0.0000
vt 1.5559 0.1132 0.0000
vt 1.5265 0.1213 0.0000
vt 1.5265 0.1689 0.0000
vt 1.5860 0.1111 0.0000
vt 1.5854 0.1130 0.0000
vt 1.5554 0.1213 0.0000
vt 1.5554 0.1689 0.0000
vt 1.6151 0.1108 0.0000
vt 1.6141 0.1127 0.0000
vt 1.5841 0.1211 0.0000
vt 1.5841 0.1687 0.0000
vt 1.6428 0.1103 0.0000
vt 1.6413 0.1122 0.0000
vt 1.6119 0.1208 0.0000
vt 1.6119 0.1684 0.0000
vt 1.6685 0.1096 0.0000
vt 1.6666 0.1116 0.0000
vt 1.6383 0.1203 0.0000
vt 1.6383 0.1679 0.0000
vt 1.3148 0.0096 0.0000
vt 1.3383 0.0096 0.0000
vt 1.3409 0.0122 0.0000
vt 1.3177 0.0123 0.0000
vt 1.6628 0.1197 0.0000
vt 1.6628 0.1673 0.0000
vt 1.3652 0.0095 0.0000
vt 1.3674 0.0122 0.0000
vt 1.6850 0.1189 0.0000
vt 1.6850 0.1666 0.0000
vt 1.3950 0.0094 0.0000
vt 1.3968 0.0121 0.0000
vt 1.3460 0.0230 0.0000
vt 1.3718 0.0230 0.0000
vt 1.3718 0.0848 0.0000
vt 1.3460 0.0849 0.0000
vt 1.4271 0.0094 0.0000
vt 1.4284 0.0121 0.0000
vt 1.4002 0.0229 0.0000
vt 1.4002 0.0848 0.0000
vt 1.4609 0.0094 0.0000
vt 1.4617 0.0120 0.0000
vt 1.4309 0.0229 0.0000
vt 1.4309 0.0847 0.0000
vt 1.4957 0.0094 0.0000
vt 1.4960 0.0120 0.0000
vt 1.4632 0.0229 0.0000
vt 1.4632 0.0847 0.0000
vt 1.5308 0.0094 0.0000
vt 1.5306 0.0120 0.0000
vt 1.4965 0.0228 0.0000
vt 1.4965 0.0847 0.0000
vt 1.5656 0.0094 0.0000
vt 1.5649 0.0120 0.0000
vt 1.5301 0.0228 0.0000
vt 1.5301 0.0847 0.0000
vt 1.5994 0.0094 0.0000
vt 1.5982 0.0121 0.0000
vt 1.5633 0.0229 0.0000
vt 1.5633 0.0847 0.0000
vt 1.6315 0.0094 0.0000
vt 1.6298 0.0121 0.0000
vt 1.5956 0.0229 0.0000
vt 1.5956 0.0847 0.0000
vt 1.6613 0.0095 0.0000
vt 1.6591 0.0122 0.0000
vt 1.6263 0.0229 0.0000
vt 1.6263 0.0848 0.0000
vt 1.6882 0.0096 0.0000
vt 1.6857 0.0122 0.0000
vt 1.6548 0.0230 0.0000
vt 1.6548 0.0848 0.0000
vt 1.7117 0.0096 0.0000
vt 1.7088 0.0123 0.0000
vt 1.6805 0.0230 0.0000
vt 1.6805 0.0849 0.0000
vt 1.4042 0.1865 0.0000
vt 1.4307 0.1872 0.0000
vt 1.4323 0.1891 0.0000
vt 1.4061 0.1885 0.0000
vt 1.3871 0.1958 0.0000
vt 1.4100 0.1965 0.0000
vt 1.4100 0.2438 0.0000
vt 1.3871 0.2431 0.0000
vt 1.4593 0.1877 0.0000
vt 1.4604 0.1896 0.0000
vt 1.4354 0.1971 0.0000
vt 1.4354 0.2444 0.0000
vt 1.4894 0.1880 0.0000
vt 1.4901 0.1899 0.0000
vt 1.4627 0.1976 0.0000
vt 1.4627 0.2449 0.0000
vt 1.5204 0.1882 0.0000
vt 1.5206 0.1901 0.0000
vt 1.4915 0.1979 0.0000
vt 1.4915 0.2452 0.0000
vt 1.5517 0.1882 0.0000
vt 1.5514 0.1901 0.0000
vt 1.5211 0.1981 0.0000
vt 1.5211 0.2454 0.0000
vt 1.5510 0.1981 0.0000
vt 1.5510 0.2454 0.0000
vt 1.6413 0.1872 0.0000
vt 1.6398 0.1891 0.0000
vt 1.0964 0.3726 0.0000
vt 1.0595 0.3733 0.0000
vt 1.0622 0.3714 0.0000
vt 1.0986 0.3707 0.0000
vt 1.2696 0.3712 0.0000
vt 1.2696 0.3693 0.0000
vt 1.3151 0.3713 0.0000
vt 1.3145 0.3694 0.0000
vt 1.3597 0.3715 0.0000
vt 1.3586 0.3697 0.0000
vt 1.4026 0.3720 0.0000
vt 1.4009 0.3701 0.0000
vt 1.4428 0.3726 0.0000
vt 1.4406 0.3707 0.0000
vt 1.4797 0.3733 0.0000
vt 1.4770 0.3714 0.0000
vt 1.0401 0.4465 0.0000
vt 1.0078 0.4464 0.0000
vt 1.0113 0.4440 0.0000
vt 1.0432 0.4441 0.0000
vt 1.0771 0.4466 0.0000
vt 1.0797 0.4442 0.0000
vt 1.1180 0.4466 0.0000
vt 1.1201 0.4442 0.0000
vt 1.1621 0.4466 0.0000
vt 1.1636 0.4442 0.0000
vt 1.2085 0.4467 0.0000
vt 1.2095 0.4443 0.0000
vt 1.2563 0.4467 0.0000
vt 1.2566 0.4443 0.0000
vt 1.3046 0.4467 0.0000
vt 1.3043 0.4443 0.0000
vt 1.3524 0.4467 0.0000
vt 1.3515 0.4443 0.0000
vt 1.3988 0.4466 0.0000
vt 1.3973 0.4442 0.0000
vt 1.4429 0.4466 0.0000
vt 1.4408 0.4442 0.0000
vt 1.4838 0.4466 0.0000
vt 1.4813 0.4442 0.0000
vt 1.5208 0.4465 0.0000
vt 1.5178 0.4441 0.0000
vt 1.5531 0.4464 0.0000
vt 1.5496 0.4440 0.0000
vt 1.0998 0.6025 0.0000
vt 1.0613 0.6033 0.0000
vt 1.0641 0.6013 0.0000
vt 1.1021 0.6005 0.0000
vt 1.1417 0.6019 0.0000
vt 1.1435 0.5998 0.0000
vt 1.1864 0.6014 0.0000
vt 1.1876 0.5994 0.0000
vt 1.2328 0.6011 0.0000
vt 1.2335 0.5991 0.0000
vt 1.2802 0.6010 0.0000
vt 1.2802 0.5990 0.0000
vt 1.3276 0.6011 0.0000
vt 1.3270 0.5991 0.0000
vt 1.3741 0.6014 0.0000
vt 1.3729 0.5994 0.0000
vt 1.4188 0.6019 0.0000
vt 1.4170 0.5998 0.0000
vt 1.4607 0.6025 0.0000
vt 1.4584 0.6005 0.0000
vt 1.4991 0.6033 0.0000
vt 1.4964 0.6013 0.0000
vt 1.5199 0.5932 0.0000
vt 1.5569 0.5933 0.0000
vt 1.5535 0.5955 0.0000
vt 1.5169 0.5954 0.0000
vt 1.4783 0.5932 0.0000
vt 1.4758 0.5954 0.0000
vt 1.4328 0.5931 0.0000
vt 1.4309 0.5953 0.0000
vt 1.3844 0.5931 0.0000
vt 1.3831 0.5953 0.0000
vt 1.3340 0.5931 0.0000
vt 1.3334 0.5953 0.0000
vt 1.2827 0.5931 0.0000
vt 1.2827 0.5953 0.0000
vt 1.2313 0.5931 0.0000
vt 1.2320 0.5953 0.0000
vt 1.1810 0.5931 0.0000
vt 1.1823 0.5953 0.0000
vt 1.1326 0.5931 0.0000
vt 1.1345 0.5953 0.0000
vt 1.0871 0.5932 0.0000
vt 1.0896 0.5954 0.0000
vt 1.0455 0.5932 0.0000
vt 1.0485 0.5954 0.0000
vt 1.0084 0.5933 0.0000
vt 1.0119 0.5955 0.0000
vt 1.1367 0.3720 0.0000
vt 1.1384 0.3701 0.0000
vt 1.1772 0.3794 0.0000
vt 1.1772 0.4258 0.0000
vt 1.1332 0.4262 0.0000
vt 1.1332 0.3799 0.0000
vt 1.2696 0.3791 0.0000
vt 1.2696 0.4254 0.0000
vt 1.2229 0.4255 0.0000
vt 1.2229 0.3791 0.0000
vt 1.3163 0.3791 0.0000
vt 1.3163 0.4255 0.0000
vt 1.3620 0.3794 0.0000
vt 1.3620 0.4258 0.0000
vt 1.4060 0.3799 0.0000
vt 1.4060 0.4262 0.0000
vt 1.4473 0.3805 0.0000
vt 1.4473 0.4269 0.0000
vt 1.4852 0.3812 0.0000
vt 1.4852 0.4276 0.0000
vt 1.5188 0.3821 0.0000
vt 1.5188 0.4285 0.0000
vt 1.0459 0.4564 0.0000
vt 1.0459 0.5127 0.0000
vt 1.0033 0.5127 0.0000
vt 1.0033 0.4563 0.0000
vt 1.0932 0.4565 0.0000
vt 1.0932 0.5128 0.0000
vt 1.1440 0.4565 0.0000
vt 1.1440 0.5128 0.0000
vt 1.1975 0.4565 0.0000
vt 1.1975 0.5129 0.0000
vt 1.2526 0.4565 0.0000
vt 1.2526 0.5129 0.0000
vt 1.3083 0.4565 0.0000
vt 1.3083 0.5129 0.0000
vt 1.3634 0.4565 0.0000
vt 1.3634 0.5129 0.0000
vt 1.4169 0.4565 0.0000
vt 1.4169 0.5128 0.0000
vt 1.4678 0.4565 0.0000
vt 1.4678 0.5128 0.0000
vt 1.5150 0.4564 0.0000
vt 1.5150 0.5127 0.0000
vt 1.5576 0.4563 0.0000
vt 1.5576 0.5127 0.0000
vt 1.0557 0.6119 0.0000
vt 1.0557 0.6625 0.0000
vt 1.0206 0.6634 0.0000
vt 1.0206 0.6129 0.0000
vt 1.0951 0.6111 0.0000
vt 1.0951 0.6616 0.0000
vt 1.1381 0.6104 0.0000
vt 1.1381 0.6610 0.0000
vt 1.1839 0.6100 0.0000
vt 1.1839 0.6605 0.0000
vt 1.2316 0.6097 0.0000
vt 1.2316 0.6602 0.0000
vt 1.2802 0.6096 0.0000
vt 1.2802 0.6601 0.0000
vt 1.3289 0.6097 0.0000
vt 1.3289 0.6602 0.0000
vt 1.3765 0.6100 0.0000
vt 1.3765 0.6605 0.0000
vt 1.4224 0.6104 0.0000
vt 1.4224 0.6610 0.0000
vt 1.4654 0.6111 0.0000
vt 1.4654 0.6616 0.0000
vt 1.5048 0.6119 0.0000
vt 1.5048 0.6625 0.0000
vt 1.5261 0.5841 0.0000
vt 1.5261 0.5319 0.0000
vt 1.5641 0.5320 0.0000
vt 1.5641 0.5841 0.0000
vt 1.4833 0.5840 0.0000
vt 1.4833 0.5319 0.0000
vt 1.4367 0.5840 0.0000
vt 1.4367 0.5318 0.0000
vt 1.3870 0.5840 0.0000
vt 1.3870 0.5318 0.0000
vt 1.3354 0.5839 0.0000
vt 1.3354 0.5318 0.0000
vt 1.2827 0.5839 0.0000
vt 1.2827 0.5318 0.0000
vt 1.2300 0.5839 0.0000
vt 1.2300 0.5318 0.0000
vt 1.1783 0.5840 0.0000
vt 1.1783 0.5318 0.0000
vt 1.1287 0.5840 0.0000
vt 1.1287 0.5318 0.0000
vt 1.0820 0.5840 0.0000
vt 1.0820 0.5319 0.0000
vt 1.0393 0.5841 0.0000
vt 1.0393 0.5319 0.0000
vt 1.0013 0.5841 0.0000
vt 1.0013 0.5320 0.0000
vt 1.0919 0.3805 0.0000
vt 1.0919 0.4269 0.0000
vt 1.0541 0.4276 0.0000
vt 1.0541 0.3812 0.0000
vt 1.1779 0.4286 0.0000
vt 1.1343 0.4291 0.0000
vt 1.0934 0.4297 0.0000
vt 1.0558 0.4305 0.0000
vt 1.0036 0.5288 0.0000
vt 1.0413 0.5288 0.0000
vt 1.0224 0.4314 0.0000
vt 1.0837 0.5287 0.0000
vt 1.1299 0.5287 0.0000
vt 1.1792 0.5287 0.0000
vt 1.2304 0.5286 0.0000
vt 1.2827 0.5286 0.0000
vt 1.3350 0.5286 0.0000
vt 1.3862 0.5287 0.0000
vt 1.4354 0.5287 0.0000
vt 1.4817 0.5287 0.0000
vt 1.5241 0.5288 0.0000
vt 1.5618 0.5288 0.0000
vt 1.5030 0.6655 0.0000
vt 1.5378 0.6665 0.0000
vt 1.4639 0.6647 0.0000
vt 1.4212 0.6641 0.0000
vt 1.3758 0.6636 0.0000
vt 1.3285 0.6633 0.0000
vt 1.2802 0.6632 0.0000
vt 1.2320 0.6633 0.0000
vt 1.1847 0.6636 0.0000
vt 1.1393 0.6641 0.0000
vt 1.0966 0.6647 0.0000
vt 1.0575 0.6655 0.0000
vt 1.0227 0.6665 0.0000
vt 1.5554 0.5161 0.0000
vt 1.5131 0.5161 0.0000
vt 1.4663 0.5162 0.0000
vt 1.4158 0.5162 0.0000
vt 1.3628 0.5162 0.0000
vt 1.3081 0.5162 0.0000
vt 1.2529 0.5162 0.0000
vt 1.1982 0.5162 0.0000
vt 1.1451 0.5162 0.0000
vt 1.0947 0.5162 0.0000
vt 1.0478 0.5161 0.0000
vt 1.0056 0.5161 0.0000
vt 1.5168 0.4314 0.0000
vt 1.4834 0.4305 0.0000
vt 1.4459 0.4297 0.0000
vt 1.4049 0.4291 0.0000
vt 1.3613 0.4286 0.0000
vt 1.3159 0.4284 0.0000
vt 1.2696 0.4283 0.0000
vt 1.2233 0.4284 0.0000
vt 1.6100 0.2478 0.0000
vt 1.6376 0.2473 0.0000
vt 1.6632 0.2467 0.0000
vt 1.6863 0.2459 0.0000
vt 0.3712 0.0509 0.0000
vt 0.3740 0.0487 0.0000
vt 0.3907 0.0487 0.0000
vt 0.4095 0.0487 0.0000
vt 0.4300 0.0486 0.0000
vt 0.4518 0.0486 0.0000
vt 0.4745 0.0486 0.0000
vt 0.4977 0.0486 0.0000
vt 0.5208 0.0486 0.0000
vt 0.5435 0.0486 0.0000
vt 0.5654 0.0486 0.0000
vt 0.5859 0.0487 0.0000
vt 0.6046 0.0487 0.0000
vt 0.6241 0.0509 0.0000
vt 0.6213 0.0487 0.0000
vt 1.3955 0.1695 0.0000
vt 1.4179 0.1702 0.0000
vt 1.4427 0.1709 0.0000
vt 1.4693 0.1714 0.0000
vt 1.4974 0.1717 0.0000
vt 1.5263 0.1718 0.0000
vt 1.5555 0.1718 0.0000
vt 1.5845 0.1717 0.0000
vt 1.6125 0.1714 0.0000
vt 1.6392 0.1709 0.0000
vt 1.6640 0.1702 0.0000
vt 1.6863 0.1695 0.0000
vt 1.3445 0.0886 0.0000
vt 1.3704 0.0885 0.0000
vt 1.3992 0.0885 0.0000
vt 1.4302 0.0884 0.0000
vt 1.4627 0.0884 0.0000
vt 1.4963 0.0884 0.0000
vt 1.5302 0.0884 0.0000
vt 1.5638 0.0884 0.0000
vt 1.5964 0.0884 0.0000
vt 1.6273 0.0885 0.0000
vt 1.6561 0.0885 0.0000
vt 1.6821 0.0886 0.0000
vt 1.3857 0.2459 0.0000
vt 1.4088 0.2467 0.0000
vt 1.4344 0.2473 0.0000
vt 1.4620 0.2478 0.0000
vt 1.4910 0.2481 0.0000
vt 1.5209 0.2483 0.0000
vt 1.5511 0.2483 0.0000
vt 1.5810 0.2481 0.0000
vt 1.6148 0.2532 0.0000
vt 1.5839 0.2535 0.0000
vt 1.2260 0.4337 0.0000
vt 1.1832 0.4340 0.0000
vt 1.5521 0.2537 0.0000
vt 1.2696 0.4336 0.0000
vt 1.5200 0.2537 0.0000
vt 1.3132 0.4337 0.0000
vt 1.4881 0.2535 0.0000
vt 1.3560 0.4340 0.0000
vt 1.4572 0.2532 0.0000
vt 1.3971 0.4344 0.0000
vt 1.4279 0.2527 0.0000
vt 1.4358 0.4350 0.0000
vt 1.4006 0.2520 0.0000
vt 1.4711 0.4357 0.0000
vt 1.3760 0.2512 0.0000
vt 1.5026 0.4365 0.0000
vt 1.3599 0.2490 0.0000
vt 1.3545 0.2503 0.0000
vt 1.5295 0.4375 0.0000
vt 1.5372 0.4362 0.0000
vt 1.6653 0.0949 0.0000
vt 1.6347 0.0949 0.0000
vt 1.1053 0.5220 0.0000
vt 1.0612 0.5219 0.0000
vt 1.6018 0.0948 0.0000
vt 1.1529 0.5220 0.0000
vt 1.5671 0.0948 0.0000
vt 1.2029 0.5220 0.0000
vt 1.5313 0.0948 0.0000
vt 1.2544 0.5221 0.0000
vt 1.4952 0.0948 0.0000
vt 1.3065 0.5221 0.0000
vt 1.4595 0.0948 0.0000
vt 1.3580 0.5220 0.0000
vt 1.4248 0.0948 0.0000
vt 1.4081 0.5220 0.0000
vt 1.3918 0.0949 0.0000
vt 1.4556 0.5220 0.0000
vt 1.3612 0.0949 0.0000
vt 1.4998 0.5219 0.0000
vt 1.7114 0.1726 0.0000
vt 1.7166 0.1739 0.0000
vt 1.6958 0.1748 0.0000
vt 1.0375 0.6722 0.0000
vt 1.0094 0.6732 0.0000
vt 1.0014 0.6718 0.0000
vt 1.6719 0.1756 0.0000
vt 1.0703 0.6712 0.0000
vt 1.6456 0.1763 0.0000
vt 1.1071 0.6704 0.0000
vt 1.6172 0.1768 0.0000
vt 1.1474 0.6698 0.0000
vt 1.5873 0.1772 0.0000
vt 1.1902 0.6694 0.0000
vt 1.5565 0.1773 0.0000
vt 1.2348 0.6691 0.0000
vt 1.5254 0.1773 0.0000
vt 1.2802 0.6690 0.0000
vt 1.4946 0.1772 0.0000
vt 1.3257 0.6691 0.0000
vt 1.4647 0.1768 0.0000
vt 1.3703 0.6694 0.0000
vt 1.4363 0.1763 0.0000
vt 1.4131 0.6698 0.0000
vt 1.4099 0.1756 0.0000
vt 1.4534 0.6704 0.0000
vt 1.3861 0.1748 0.0000
vt 1.4902 0.6712 0.0000
vt 1.3653 0.1739 0.0000
vt 1.5230 0.6722 0.0000
vt 0.6116 0.0524 0.0000
vt 0.5916 0.0524 0.0000
vt 1.5511 0.6732 0.0000
vt 1.5591 0.6718 0.0000
vt 0.5697 0.0523 0.0000
vt 1.4267 0.5233 0.0000
vt 1.4703 0.5233 0.0000
vt 0.5465 0.0523 0.0000
vt 1.3803 0.5233 0.0000
vt 0.5223 0.0523 0.0000
vt 1.3320 0.5233 0.0000
vt 0.4977 0.0523 0.0000
vt 1.2827 0.5233 0.0000
vt 0.4730 0.0523 0.0000
vt 1.2334 0.5233 0.0000
vt 0.4488 0.0523 0.0000
vt 1.1851 0.5233 0.0000
vt 0.4256 0.0523 0.0000
vt 1.1387 0.5233 0.0000
vt 0.4038 0.0524 0.0000
vt 1.0951 0.5233 0.0000
vt 0.3838 0.0524 0.0000
vt 1.0366 0.4365 0.0000
vt 1.0097 0.4375 0.0000
vt 1.0020 0.4362 0.0000
vt 1.7176 0.2503 0.0000
vt 1.6961 0.2512 0.0000
vt 1.0681 0.4357 0.0000
vt 1.6714 0.2520 0.0000
vt 1.1035 0.4350 0.0000
vt 1.6442 0.2527 0.0000
vt 1.1421 0.4344 0.0000
vt 1.1342 0.3759 0.0000
vt 1.1779 0.3754 0.0000
vt 1.0932 0.3765 0.0000
vt 1.0557 0.3772 0.0000
vt 1.0411 0.5887 0.0000
vt 1.0034 0.5887 0.0000
vt 1.0835 0.5886 0.0000
vt 1.1298 0.5886 0.0000
vt 1.1791 0.5885 0.0000
vt 1.2304 0.5885 0.0000
vt 1.2827 0.5885 0.0000
vt 1.3350 0.5885 0.0000
vt 1.3863 0.5885 0.0000
vt 1.4355 0.5886 0.0000
vt 1.4818 0.5886 0.0000
vt 1.5243 0.5887 0.0000
vt 1.5620 0.5887 0.0000
vt 1.4640 0.6068 0.0000
vt 1.5032 0.6076 0.0000
vt 1.4213 0.6061 0.0000
vt 1.3758 0.6056 0.0000
vt 1.3285 0.6053 0.0000
vt 1.2802 0.6052 0.0000
vt 1.2320 0.6053 0.0000
vt 1.1847 0.6056 0.0000
vt 1.1392 0.6061 0.0000
vt 1.0965 0.6068 0.0000
vt 1.0573 0.6076 0.0000
vt 1.5602 0.4563 0.0000
vt 1.5252 0.4514 0.0000
vt 1.5581 0.4513 0.0000
vt 1.4876 0.4515 0.0000
vt 1.4459 0.4515 0.0000
vt 1.4010 0.4516 0.0000
vt 1.3537 0.4516 0.0000
vt 1.3051 0.4516 0.0000
vt 1.2559 0.4516 0.0000
vt 1.2072 0.4516 0.0000
vt 1.1600 0.4516 0.0000
vt 1.1151 0.4515 0.0000
vt 1.0734 0.4515 0.0000
vt 1.0357 0.4514 0.0000
vt 1.0008 0.4563 0.0000
vt 1.0028 0.4513 0.0000
vt 1.4460 0.3765 0.0000
vt 1.4836 0.3772 0.0000
vt 1.4050 0.3759 0.0000
vt 1.3614 0.3754 0.0000
vt 1.3159 0.3752 0.0000
vt 1.2696 0.3751 0.0000
vt 1.2233 0.3752 0.0000
vt 1.6376 0.1930 0.0000
vt 1.6100 0.1935 0.0000
vt 1.6632 0.1924 0.0000
vt 1.6863 0.1917 0.0000
vt 0.3907 0.0075 0.0000
vt 0.3740 0.0075 0.0000
vt 0.4095 0.0074 0.0000
vt 0.4300 0.0074 0.0000
vt 0.4518 0.0074 0.0000
vt 0.4745 0.0074 0.0000
vt 0.4977 0.0074 0.0000
vt 0.5208 0.0074 0.0000
vt 0.5435 0.0074 0.0000
vt 0.5653 0.0074 0.0000
vt 0.5858 0.0074 0.0000
vt 0.6046 0.0075 0.0000
vt 0.6213 0.0075 0.0000
vt 1.4179 0.1156 0.0000
vt 1.3956 0.1148 0.0000
vt 1.4427 0.1162 0.0000
vt 1.4694 0.1167 0.0000
vt 1.4974 0.1170 0.0000
vt 1.5263 0.1172 0.0000
vt 1.5555 0.1172 0.0000
vt 1.5844 0.1170 0.0000
vt 1.6125 0.1167 0.0000
vt 1.6392 0.1162 0.0000
vt 1.6639 0.1156 0.0000
vt 1.6895 0.1108 0.0000
vt 1.6863 0.1148 0.0000
vt 1.3705 0.0175 0.0000
vt 1.3445 0.0176 0.0000
vt 1.3992 0.0175 0.0000
vt 1.4302 0.0175 0.0000
vt 1.4628 0.0174 0.0000
vt 1.4963 0.0174 0.0000
vt 1.5302 0.0174 0.0000
vt 1.5638 0.0174 0.0000
vt 1.5964 0.0175 0.0000
vt 1.6273 0.0175 0.0000
vt 1.6561 0.0175 0.0000
vt 1.6820 0.0176 0.0000
vt 1.3825 0.1877 0.0000
vt 1.4089 0.1924 0.0000
vt 1.3858 0.1917 0.0000
vt 1.4345 0.1930 0.0000
vt 1.4620 0.1935 0.0000
vt 1.4910 0.1938 0.0000
vt 1.5209 0.1940 0.0000
vt 1.5511 0.1940 0.0000
vt 1.5810 0.1938 0.0000
vt 1.5840 0.1866 0.0000
vt 1.6150 0.1862 0.0000
vt 1.1830 0.3683 0.0000
vt 1.2259 0.3680 0.0000
vt 1.5521 0.1867 0.0000
vt 1.2696 0.3679 0.0000
vt 1.5199 0.1867 0.0000
vt 1.3133 0.3680 0.0000
vt 1.4880 0.1866 0.0000
vt 1.3562 0.3683 0.0000
vt 1.4571 0.1862 0.0000
vt 1.3974 0.3687 0.0000
vt 1.4277 0.1857 0.0000
vt 1.4360 0.3692 0.0000
vt 1.4004 0.1850 0.0000
vt 1.4715 0.3700 0.0000
vt 1.6933 0.0073 0.0000
vt 1.7175 0.0074 0.0000
vt 1.0185 0.4420 0.0000
vt 1.0495 0.4421 0.0000
vt 1.6656 0.0073 0.0000
vt 1.0851 0.4421 0.0000
vt 1.6349 0.0072 0.0000
vt 1.1244 0.4422 0.0000
vt 1.6019 0.0072 0.0000
vt 1.1668 0.4422 0.0000
vt 1.5672 0.0072 0.0000
vt 1.2114 0.4422 0.0000
vt 1.5313 0.0071 0.0000
vt 1.2573 0.4422 0.0000
vt 1.4952 0.0071 0.0000
vt 1.3037 0.4422 0.0000
vt 1.4594 0.0072 0.0000
vt 1.3496 0.4422 0.0000
vt 1.4246 0.0072 0.0000
vt 1.3942 0.4422 0.0000
vt 1.3916 0.0072 0.0000
vt 1.4365 0.4422 0.0000
vt 1.3609 0.0073 0.0000
vt 1.4759 0.4421 0.0000
vt 1.3332 0.0073 0.0000
vt 1.5114 0.4421 0.0000
vt 1.3090 0.0074 0.0000
vt 1.5424 0.4420 0.0000
vt 1.6458 0.1088 0.0000
vt 1.6722 0.1081 0.0000
vt 1.0699 0.5997 0.0000
vt 1.1068 0.5989 0.0000
vt 1.6173 0.1093 0.0000
vt 1.1471 0.5983 0.0000
vt 1.5874 0.1097 0.0000
vt 1.1900 0.5978 0.0000
vt 1.5565 0.1098 0.0000
vt 1.2347 0.5975 0.0000
vt 1.5254 0.1098 0.0000
vt 1.2802 0.5974 0.0000
vt 1.4945 0.1097 0.0000
vt 1.3258 0.5975 0.0000
vt 1.4646 0.1093 0.0000
vt 1.3704 0.5978 0.0000
vt 1.4361 0.1088 0.0000
vt 1.4133 0.5983 0.0000
vt 1.4097 0.1081 0.0000
vt 1.4536 0.5989 0.0000
vt 0.6407 0.0029 0.0000
vt 0.6296 0.0016 0.0000
vt 0.6448 0.0016 0.0000
vt 1.4906 0.5997 0.0000
vt 0.6118 0.0015 0.0000
vt 1.5462 0.5974 0.0000
vt 1.5106 0.5973 0.0000
vt 0.5917 0.0015 0.0000
vt 1.4706 0.5973 0.0000
vt 0.5699 0.0015 0.0000
vt 1.4269 0.5972 0.0000
vt 0.5466 0.0014 0.0000
vt 1.3804 0.5972 0.0000
vt 0.5224 0.0014 0.0000
vt 1.3320 0.5972 0.0000
vt 0.4977 0.0014 0.0000
vt 1.2827 0.5972 0.0000
vt 0.4730 0.0014 0.0000
vt 1.2333 0.5972 0.0000
vt 0.4487 0.0014 0.0000
vt 1.1849 0.5972 0.0000
vt 0.4255 0.0015 0.0000
vt 1.1385 0.5972 0.0000
vt 0.4036 0.0015 0.0000
vt 1.0948 0.5973 0.0000
vt 0.3836 0.0015 0.0000
vt 1.0547 0.5973 0.0000
vt 0.3657 0.0016 0.0000
vt 1.0192 0.5974 0.0000
vt 0.3546 0.0029 0.0000
vt 0.3505 0.0016 0.0000
vt 1.0677 0.3700 0.0000
vt 1.1032 0.3692 0.0000
vt 1.6444 0.1857 0.0000
vt 1.6717 0.1850 0.0000
vt 1.1419 0.3687 0.0000
vt 0.0093 0.1073 0.0000
vt 0.0093 0.0819 0.0000
vt 0.0177 0.0819 0.0000
vt 0.0177 0.1073 0.0000
vt 0.0271 0.0819 0.0000
vt 0.0271 0.1073 0.0000
vt 0.0374 0.0819 0.0000
vt 0.0374 0.1072 0.0000
vt 0.0482 0.0818 0.0000
vt 0.0482 0.1072 0.0000
vt 0.0592 0.0818 0.0000
vt 0.0592 0.1072 0.0000
vt 0.0699 0.0819 0.0000
vt 0.0699 0.1072 0.0000
vt 0.0801 0.0819 0.0000
vt 0.0801 0.1073 0.0000
vt 0.0894 0.0819 0.0000
vt 0.0894 0.1073 0.0000
vt 0.0975 0.0819 0.0000
vt 0.0975 0.1073 0.0000
vt 0.0636 0.2286 0.0000
vt 0.0526 0.1617 0.0000
vt 0.0574 0.1636 0.0000
vt 0.0689 0.2305 0.0000
vt 0.0627 0.1646 0.0000
vt 0.0746 0.2315 0.0000
vt 0.0682 0.1646 0.0000
vt 0.0806 0.2316 0.0000
vt 0.0738 0.1638 0.0000
vt 0.0867 0.2307 0.0000
vt 0.0793 0.1621 0.0000
vt 0.0927 0.2290 0.0000
vt 0.0845 0.1595 0.0000
vt 0.0984 0.2265 0.0000
vt 0.0893 0.1562 0.0000
vt 0.1036 0.2231 0.0000
vt 0.0935 0.1523 0.0000
vt 0.1082 0.2192 0.0000
vt 0.0024 0.0818 0.0000
vt 0.0024 0.0564 0.0000
vt 0.0103 0.0564 0.0000
vt 0.0103 0.0818 0.0000
vt 0.0194 0.0563 0.0000
vt 0.0194 0.0817 0.0000
vt 0.0295 0.0563 0.0000
vt 0.0295 0.0817 0.0000
vt 0.0401 0.0563 0.0000
vt 0.0401 0.0817 0.0000
vt 0.0511 0.0563 0.0000
vt 0.0511 0.0817 0.0000
vt 0.0619 0.0563 0.0000
vt 0.0619 0.0817 0.0000
vt 0.0723 0.0563 0.0000
vt 0.0723 0.0817 0.0000
vt 0.0819 0.0564 0.0000
vt 0.0819 0.0818 0.0000
vt 0.0905 0.0564 0.0000
vt 0.0905 0.0818 0.0000
vt 0.0977 0.0565 0.0000
vt 0.0977 0.0818 0.0000
vt 0.3536 0.0300 0.0000
vt 0.3578 0.0118 0.0000
vt 0.3601 0.0113 0.0000
vt 0.3559 0.0295 0.0000
vt 0.3626 0.0111 0.0000
vt 0.3584 0.0293 0.0000
vt 0.3651 0.0113 0.0000
vt 0.3609 0.0295 0.0000
vt 0.3675 0.0118 0.0000
vt 0.3634 0.0300 0.0000
vt 0.3699 0.0127 0.0000
vt 0.3657 0.0309 0.0000
vt 0.3721 0.0138 0.0000
vt 0.3679 0.0320 0.0000
vt 0.0434 0.1268 0.0000
vt 0.0465 0.1221 0.0000
vt 0.0503 0.1179 0.0000
vt 0.0549 0.1142 0.0000
vt 0.0599 0.1113 0.0000
vt 0.0653 0.1091 0.0000
vt 0.0709 0.1078 0.0000
vt 0.0764 0.1075 0.0000
vt 0.0818 0.1080 0.0000
vt 0.0869 0.1095 0.0000
vt 0.0914 0.1118 0.0000
vt 0.0953 0.1148 0.0000
vt 0.0984 0.1186 0.0000
vt 0.1006 0.1229 0.0000
vt 0.1018 0.1277 0.0000
vt 0.1021 0.1327 0.0000
vt 0.1013 0.1378 0.0000
vt 0.0996 0.1429 0.0000
vt 0.0970 0.1478 0.0000
vt 0.0484 0.1590 0.0000
vt 0.0449 0.1555 0.0000
vt 0.0422 0.1515 0.0000
vt 0.0405 0.1469 0.0000
vt 0.0397 0.1420 0.0000
vt 0.0400 0.1369 0.0000
vt 0.0412 0.1318 0.0000
vt 0.3740 0.0152 0.0000
vt 0.3699 0.0334 0.0000
vt 0.0024 0.1074 0.0000
vt 0.0024 0.0820 0.0000
vt 0.3740 0.0406 0.0000
vt 0.3740 0.0425 0.0000
vt 0.3682 0.0415 0.0000
vt 0.3682 0.0404 0.0000
vt 0.3762 0.0884 0.0000
vt 0.3763 0.0868 0.0000
vt 0.3819 0.0868 0.0000
vt 0.3818 0.0884 0.0000
vt 0.3606 0.0509 0.0000
vt 0.3581 0.0505 0.0000
vt 0.3590 0.0462 0.0000
vt 0.3604 0.0464 0.0000
vt 0.3462 0.0387 0.0000
vt 0.3464 0.0368 0.0000
vt 0.3521 0.0382 0.0000
vt 0.3520 0.0393 0.0000
vt 0.3620 0.0343 0.0000
vt 0.3606 0.0339 0.0000
vt 0.3697 0.0489 0.0000
vt 0.3677 0.0498 0.0000
vt 0.3645 0.0458 0.0000
vt 0.3657 0.0452 0.0000
vt 0.3495 0.0461 0.0000
vt 0.3481 0.0444 0.0000
vt 0.3531 0.0426 0.0000
vt 0.3540 0.0436 0.0000
vt 0.3515 0.0309 0.0000
vt 0.3563 0.0342 0.0000
vt 0.3551 0.0347 0.0000
vt 0.3735 0.0444 0.0000
vt 0.3679 0.0426 0.0000
vt 0.3557 0.0498 0.0000
vt 0.3575 0.0458 0.0000
vt 0.3471 0.0350 0.0000
vt 0.3525 0.0371 0.0000
vt 0.3715 0.0350 0.0000
vt 0.3727 0.0368 0.0000
vt 0.3675 0.0382 0.0000
vt 0.3667 0.0372 0.0000
vt 0.3634 0.0347 0.0000
vt 0.3655 0.0505 0.0000
vt 0.3633 0.0462 0.0000
vt 0.3470 0.0425 0.0000
vt 0.3525 0.0415 0.0000
vt 0.3577 0.0339 0.0000
vt 0.3726 0.0461 0.0000
vt 0.3674 0.0436 0.0000
vt 0.3534 0.0488 0.0000
vt 0.3562 0.0452 0.0000
vt 0.3482 0.0334 0.0000
vt 0.3532 0.0362 0.0000
vt 0.3647 0.0354 0.0000
vt 0.3736 0.0387 0.0000
vt 0.3680 0.0393 0.0000
vt 0.3631 0.0509 0.0000
vt 0.3619 0.0464 0.0000
vt 0.3464 0.0406 0.0000
vt 0.3521 0.0404 0.0000
vt 0.3591 0.0338 0.0000
vt 0.3713 0.0476 0.0000
vt 0.3667 0.0445 0.0000
vt 0.3513 0.0476 0.0000
vt 0.3550 0.0445 0.0000
vt 0.3497 0.0320 0.0000
vt 0.3541 0.0354 0.0000
vt 0.3658 0.0362 0.0000
vt 0.3662 0.0393 0.0000
vt 0.3670 0.0404 0.0000
vt 0.3675 0.0415 0.0000
vt 0.3677 0.0426 0.0000
vt 0.3677 0.0437 0.0000
vt 0.3674 0.0448 0.0000
vt 0.3669 0.0458 0.0000
vt 0.3662 0.0466 0.0000
vt 0.3652 0.0474 0.0000
vt 0.3640 0.0480 0.0000
vt 0.3628 0.0484 0.0000
vt 0.3614 0.0486 0.0000
vt 0.3599 0.0486 0.0000
vt 0.3585 0.0484 0.0000
vt 0.3570 0.0480 0.0000
vt 0.3557 0.0474 0.0000
vt 0.3545 0.0466 0.0000
vt 0.3535 0.0458 0.0000
vt 0.3526 0.0448 0.0000
vt 0.3520 0.0437 0.0000
vt 0.3516 0.0426 0.0000
vt 0.3515 0.0415 0.0000
vt 0.3516 0.0404 0.0000
vt 0.3527 0.0384 0.0000
vt 0.3536 0.0376 0.0000
vt 0.3546 0.0369 0.0000
vt 0.3558 0.0364 0.0000
vt 0.3572 0.0361 0.0000
vt 0.3586 0.0360 0.0000
vt 0.3601 0.0361 0.0000
vt 0.3615 0.0364 0.0000
vt 0.3629 0.0369 0.0000
vt 0.3642 0.0376 0.0000
vt 0.3653 0.0384 0.0000
vt 0.3842 0.0717 0.0000
vt 0.3844 0.0750 0.0000
vt 0.3786 0.0751 0.0000
vt 0.3784 0.0718 0.0000
vt 0.3829 0.1191 0.0000
vt 0.3829 0.1173 0.0000
vt 0.3885 0.1173 0.0000
vt 0.3885 0.1192 0.0000
vt 0.3850 0.0782 0.0000
vt 0.3792 0.0782 0.0000
vt 0.3828 0.1152 0.0000
vt 0.3885 0.1152 0.0000
vt 0.3859 0.0811 0.0000
vt 0.3801 0.0812 0.0000
vt 0.3828 0.1128 0.0000
vt 0.3884 0.1129 0.0000
vt 0.3871 0.0838 0.0000
vt 0.3813 0.0839 0.0000
vt 0.3828 0.1104 0.0000
vt 0.3884 0.1104 0.0000
vt 0.3763 0.1082 0.0000
vt 0.3762 0.1064 0.0000
vt 0.3818 0.1064 0.0000
vt 0.3819 0.1082 0.0000
vt 0.3828 0.1080 0.0000
vt 0.3884 0.1080 0.0000
vt 0.3762 0.1043 0.0000
vt 0.3818 0.1043 0.0000
vt 0.3828 0.1056 0.0000
vt 0.3885 0.1056 0.0000
vt 0.3761 0.1021 0.0000
vt 0.3818 0.1021 0.0000
vt 0.3829 0.1033 0.0000
vt 0.3885 0.1033 0.0000
vt 0.3761 0.0997 0.0000
vt 0.3817 0.0997 0.0000
vt 0.3829 0.1012 0.0000
vt 0.3885 0.1012 0.0000
vt 0.3830 0.1207 0.0000
vt 0.3886 0.1207 0.0000
vt 0.3761 0.0972 0.0000
vt 0.3817 0.0972 0.0000
vt 0.3830 0.0994 0.0000
vt 0.3886 0.0994 0.0000
vt 0.3761 0.0948 0.0000
vt 0.3817 0.0948 0.0000
vt 0.3871 0.0598 0.0000
vt 0.3859 0.0624 0.0000
vt 0.3801 0.0625 0.0000
vt 0.3813 0.0598 0.0000
vt 0.3761 0.0925 0.0000
vt 0.3818 0.0925 0.0000
vt 0.3850 0.0653 0.0000
vt 0.3792 0.0654 0.0000
vt 0.3762 0.0903 0.0000
vt 0.3818 0.0903 0.0000
vt 0.3844 0.0685 0.0000
vt 0.3786 0.0685 0.0000
vt 0.8932 0.5301 0.0000
vt 0.8920 0.5351 0.0000
vt 0.8884 0.5387 0.0000
vt 0.8835 0.5401 0.0000
vt 0.8762 0.5401 0.0000
vt 0.8713 0.5387 0.0000
vt 0.8677 0.5351 0.0000
vt 0.8663 0.5301 0.0000
vt 0.8359 0.9475 0.0000
vt 0.7581 0.9475 0.0000
vt 0.7685 0.8683 0.0000
vt 0.8277 0.8681 0.0000
vt 1.5932 0.2836 0.0000
vt 1.6002 0.2752 0.0000
vt 1.5975 0.2980 0.0000
vt 1.5895 0.3047 0.0000
vt 1.6669 0.6262 0.0000
vt 1.6794 0.6108 0.0000
vt 1.6848 0.6075 0.0000
vt 1.6672 0.6393 0.0000
vt 0.8839 0.5878 0.0000
vt 0.8766 0.5878 0.0000
vt 1.6591 0.2876 0.0000
vt 1.6845 0.2760 0.0000
vt 1.6816 0.2967 0.0000
vt 1.6571 0.3075 0.0000
vt 1.6686 0.5763 0.0000
vt 1.6802 0.5892 0.0000
vt 1.5991 0.2548 0.0000
vt 1.5882 0.2645 0.0000
vt 0.7962 0.5166 0.0000
vt 0.8058 0.5166 0.0000
vt 0.8064 0.5475 0.0000
vt 0.7955 0.5475 0.0000
vt 0.9120 0.9943 0.0000
vt 0.8462 0.9943 0.0000
vt 0.8489 0.9689 0.0000
vt 0.9092 0.9696 0.0000
vt 0.7784 0.7801 0.0000
vt 0.8199 0.7799 0.0000
vt 0.8858 0.6691 0.0000
vt 0.8734 0.6690 0.0000
vt 0.8758 0.6139 0.0000
vt 0.8842 0.6139 0.0000
vt 0.8134 0.6915 0.0000
vt 0.7867 0.6916 0.0000
vt 0.7926 0.6114 0.0000
vt 0.8087 0.6114 0.0000
vt 1.6717 0.4207 0.0000
vt 1.6530 0.4207 0.0000
vt 1.6536 0.3612 0.0000
vt 1.6752 0.3557 0.0000
vt 1.6744 0.5434 0.0000
vt 1.6610 0.5338 0.0000
vt 1.6556 0.4802 0.0000
vt 1.6714 0.4854 0.0000
vt 1.5748 0.5294 0.0000
vt 1.5942 0.5428 0.0000
vt 1.5984 0.6048 0.0000
vt 1.5759 0.5860 0.0000
vt 1.5759 0.4670 0.0000
vt 1.5919 0.4746 0.0000
vt 1.5789 0.4047 0.0000
vt 1.5918 0.4067 0.0000
vt 1.5836 0.3488 0.0000
vt 1.5937 0.3458 0.0000
vt 0.8895 0.7396 0.0000
vt 0.8690 0.7392 0.0000
vt 0.9019 0.8975 0.0000
vt 0.8561 0.8969 0.0000
vt 0.8630 0.8178 0.0000
vt 0.8951 0.8182 0.0000
vt 1.5900 0.2778 0.0000
vt 1.5876 0.2735 0.0000
vt 0.8121 0.5186 0.0000
vt 0.8187 0.5056 0.0000
vt 0.7898 0.5184 0.0000
vt 0.7836 0.5053 0.0000
vt 1.6684 0.6177 0.0000
vt 1.6731 0.6148 0.0000
vt 0.8716 0.5859 0.0000
vt 0.8680 0.5808 0.0000
vt 1.6012 0.2589 0.0000
vt 1.6035 0.2810 0.0000
vt 0.8888 0.5859 0.0000
vt 0.8923 0.5808 0.0000
vt 1.6912 0.6036 0.0000
vt 1.6713 0.6364 0.0000
vt 0.8127 0.5495 0.0000
vt 0.8150 0.6133 0.0000
vt 1.5780 0.3389 0.0000
vt 1.5840 0.2947 0.0000
vt 1.5863 0.2990 0.0000
vt 1.5804 0.3431 0.0000
vt 0.8684 0.6671 0.0000
vt 0.8709 0.6120 0.0000
vt 1.6032 0.3079 0.0000
vt 1.5993 0.3557 0.0000
vt 1.5970 0.3516 0.0000
vt 1.6008 0.3037 0.0000
vt 0.8197 0.6934 0.0000
vt 1.5733 0.3949 0.0000
vt 1.5757 0.3990 0.0000
vt 0.8640 0.7373 0.0000
vt 1.5974 0.4166 0.0000
vt 1.5950 0.4124 0.0000
vt 0.8263 0.7818 0.0000
vt 1.5703 0.4571 0.0000
vt 1.5726 0.4613 0.0000
vt 0.8581 0.8159 0.0000
vt 1.5976 0.4844 0.0000
vt 1.5952 0.4802 0.0000
vt 0.8340 0.8700 0.0000
vt 1.5693 0.5196 0.0000
vt 1.5716 0.5237 0.0000
vt 0.8512 0.8950 0.0000
vt 1.5998 0.5526 0.0000
vt 1.5975 0.5485 0.0000
vt 0.8423 0.9494 0.0000
vt 1.5703 0.5761 0.0000
vt 1.5727 0.5803 0.0000
vt 0.8440 0.9670 0.0000
vt 1.6040 0.6146 0.0000
vt 1.6016 0.6105 0.0000
vt 0.8890 0.6121 0.0000
vt 0.8907 0.6673 0.0000
vt 1.6831 0.5342 0.0000
vt 1.6890 0.5798 0.0000
vt 1.6853 0.5837 0.0000
vt 1.6794 0.5380 0.0000
vt 0.7861 0.6134 0.0000
vt 0.7890 0.5494 0.0000
vt 1.6595 0.5855 0.0000
vt 1.6518 0.5430 0.0000
vt 1.6557 0.5390 0.0000
vt 1.6634 0.5815 0.0000
vt 0.8944 0.7378 0.0000
vt 1.6801 0.4761 0.0000
vt 1.6765 0.4800 0.0000
vt 0.7802 0.6935 0.0000
vt 1.6465 0.4894 0.0000
vt 1.6503 0.4855 0.0000
vt 0.9000 0.8165 0.0000
vt 1.6804 0.4115 0.0000
vt 1.6767 0.4153 0.0000
vt 0.7719 0.7820 0.0000
vt 1.6439 0.4299 0.0000
vt 1.6478 0.4260 0.0000
vt 0.9067 0.8957 0.0000
vt 1.6839 0.3464 0.0000
vt 1.6803 0.3503 0.0000
vt 0.7621 0.8702 0.0000
vt 1.6445 0.3704 0.0000
vt 1.6483 0.3665 0.0000
vt 0.9141 0.9678 0.0000
vt 1.6903 0.2874 0.0000
vt 1.6866 0.2913 0.0000
vt 0.7516 0.9494 0.0000
vt 1.6480 0.3167 0.0000
vt 1.6519 0.3127 0.0000
vt 1.6059 0.2852 0.0000
vt 0.8413 0.9926 0.0000
vt 1.6059 0.6365 0.0000
vt 1.6035 0.6326 0.0000
vt 1.6003 0.6271 0.0000
vt 1.6959 0.6007 0.0000
vt 1.6895 0.2708 0.0000
vt 1.6932 0.2671 0.0000
vt 0.9169 0.9926 0.0000
vt 1.5768 0.6075 0.0000
vt 0.7156 0.0014 0.0000
vt 0.7156 0.3517 0.0000
vt 0.7141 0.3518 0.0000
vt 0.7141 0.0014 0.0000
vt 0.7124 0.3518 0.0000
vt 0.7124 0.0014 0.0000
vt 0.7106 0.3518 0.0000
vt 0.7106 0.0013 0.0000
vt 0.7088 0.3518 0.0000
vt 0.7088 0.0012 0.0000
vt 0.7069 0.3517 0.0000
vt 0.7069 0.0011 0.0000
vt 0.7051 0.3517 0.0000
vt 0.7051 0.0009 0.0000
vt 0.7034 0.3517 0.0000
vt 0.7034 0.0010 0.0000
vt 0.7018 0.3517 0.0000
vt 0.7018 0.0011 0.0000
vt 0.7005 0.3516 0.0000
vt 0.7005 0.0011 0.0000
vt 0.6994 0.3516 0.0000
vt 0.6994 0.0010 0.0000
vt 0.7553 0.0013 0.0000
vt 0.7553 0.3430 0.0000
vt 0.7522 0.3430 0.0000
vt 0.7522 0.0014 0.0000
vt 0.7489 0.3431 0.0000
vt 0.7489 0.0014 0.0000
vt 0.7455 0.3431 0.0000
vt 0.7455 0.0014 0.0000
vt 0.7422 0.3431 0.0000
vt 0.7422 0.0014 0.0000
vt 0.7389 0.3431 0.0000
vt 0.7389 0.0014 0.0000
vt 0.7199 0.3622 0.0000
vt 0.7199 0.0011 0.0000
vt 0.7207 0.0011 0.0000
vt 0.7207 0.3622 0.0000
vt 0.7218 0.0011 0.0000
vt 0.7218 0.3620 0.0000
vt 0.7230 0.0009 0.0000
vt 0.7230 0.3620 0.0000
vt 0.7244 0.0009 0.0000
vt 0.7244 0.3621 0.0000
vt 0.7259 0.0009 0.0000
vt 0.7259 0.3621 0.0000
vt 0.7275 0.0008 0.0000
vt 0.7276 0.3620 0.0000
vt 0.7292 0.0009 0.0000
vt 0.7292 0.3621 0.0000
vt 0.7308 0.0009 0.0000
vt 0.7308 0.3621 0.0000
vt 0.7323 0.0009 0.0000
vt 0.7323 0.3621 0.0000
vt 0.7337 0.0008 0.0000
vt 0.7337 0.3620 0.0000
vt 0.7349 0.0009 0.0000
vt 0.7349 0.3621 0.0000
vt 0.7359 0.0009 0.0000
vt 0.7359 0.3621 0.0000
vt 0.7366 0.0009 0.0000
vt 0.7366 0.3621 0.0000
vt 0.6758 0.3195 0.0000
vt 0.6758 0.0023 0.0000
vt 0.6800 0.0023 0.0000
vt 0.6800 0.3195 0.0000
vt 0.6845 0.0022 0.0000
vt 0.6845 0.3195 0.0000
vt 0.6890 0.0022 0.0000
vt 0.6890 0.3194 0.0000
vt 0.6935 0.0022 0.0000
vt 0.6935 0.3195 0.0000
vt 0.6977 0.0022 0.0000
vt 0.6977 0.3196 0.0000
vt 0.7179 0.0014 0.0000
vt 0.7179 0.3518 0.0000
vt 0.7169 0.3517 0.0000
vt 0.7169 0.0014 0.0000
vt 0.7087 0.3518 0.0000
vt 0.7087 0.0012 0.0000
vt 0.7050 0.3517 0.0000
vt 0.7050 0.0009 0.0000
vt 0.7033 0.3517 0.0000
vt 0.7033 0.0010 0.0000
vt 0.7554 0.0013 0.0000
vt 0.7554 0.3430 0.0000
vt 0.7523 0.3430 0.0000
vt 0.7523 0.0014 0.0000
vt 0.7490 0.3431 0.0000
vt 0.7490 0.0014 0.0000
vt 0.7456 0.3431 0.0000
vt 0.7456 0.0014 0.0000
vt 0.7390 0.3431 0.0000
vt 0.7390 0.0014 0.0000
vt 0.7217 0.0011 0.0000
vt 0.7217 0.3620 0.0000
vt 0.7229 0.0009 0.0000
vt 0.7229 0.3620 0.0000
vt 0.7275 0.3620 0.0000
vt 0.7291 0.0009 0.0000
vt 0.7291 0.3621 0.0000
vt 0.7307 0.0009 0.0000
vt 0.7307 0.3621 0.0000
vt 0.7322 0.0009 0.0000
vt 0.7322 0.3621 0.0000
vt 0.7336 0.0008 0.0000
vt 0.7336 0.3620 0.0000
vt 0.7348 0.0009 0.0000
vt 0.7348 0.3621 0.0000
vt 0.7358 0.0009 0.0000
vt 0.7358 0.3621 0.0000
vt 0.6801 0.0023 0.0000
vt 0.6801 0.3195 0.0000
vt 0.6846 0.0022 0.0000
vt 0.6846 0.3195 0.0000
vt 0.6891 0.0022 0.0000
vt 0.6891 0.3194 0.0000
vt 0.4344 0.0540 0.0000
vt 0.3901 0.0540 0.0000
vt 0.3901 0.0588 0.0000
vt 0.4344 0.0588 0.0000
vt 0.4344 0.0590 0.0000
vt 0.3901 0.0590 0.0000
vt 0.3901 0.0638 0.0000
vt 0.4344 0.0638 0.0000
vt 0.4791 0.0540 0.0000
vt 0.4348 0.0540 0.0000
vt 0.4348 0.0588 0.0000
vt 0.4791 0.0588 0.0000
vt 0.4791 0.0590 0.0000
vt 0.4348 0.0590 0.0000
vt 0.4348 0.0638 0.0000
vt 0.4791 0.0638 0.0000
vt 0.4344 0.0640 0.0000
vt 0.3901 0.0640 0.0000
vt 0.3901 0.0688 0.0000
vt 0.4344 0.0688 0.0000
vt 0.5239 0.0540 0.0000
vt 0.4796 0.0540 0.0000
vt 0.4796 0.0588 0.0000
vt 0.5239 0.0588 0.0000
vt 0.5239 0.0590 0.0000
vt 0.4796 0.0590 0.0000
vt 0.4796 0.0638 0.0000
vt 0.5239 0.0638 0.0000
vt 0.4791 0.0640 0.0000
vt 0.4348 0.0640 0.0000
vt 0.4348 0.0688 0.0000
vt 0.4791 0.0688 0.0000
vt 0.5239 0.0640 0.0000
vt 0.4796 0.0640 0.0000
vt 0.4796 0.0688 0.0000
vt 0.5239 0.0688 0.0000
vt 0.4344 0.0690 0.0000
vt 0.3901 0.0690 0.0000
vt 0.3901 0.0738 0.0000
vt 0.4344 0.0738 0.0000
vt 0.5689 0.0540 0.0000
vt 0.5246 0.0540 0.0000
vt 0.5246 0.0588 0.0000
vt 0.5689 0.0588 0.0000
vt 0.4791 0.0690 0.0000
vt 0.4348 0.0690 0.0000
vt 0.4348 0.0738 0.0000
vt 0.4791 0.0738 0.0000
vt 0.5689 0.0590 0.0000
vt 0.5246 0.0590 0.0000
vt 0.5246 0.0638 0.0000
vt 0.5689 0.0638 0.0000
vt 0.5239 0.0690 0.0000
vt 0.4796 0.0690 0.0000
vt 0.4796 0.0738 0.0000
vt 0.5239 0.0738 0.0000
vt 0.5689 0.0640 0.0000
vt 0.5246 0.0640 0.0000
vt 0.5246 0.0688 0.0000
vt 0.5689 0.0688 0.0000
vt 0.5689 0.0690 0.0000
vt 0.5246 0.0690 0.0000
vt 0.5246 0.0738 0.0000
vt 0.5689 0.0738 0.0000
vt 0.4344 0.0740 0.0000
vt 0.3901 0.0740 0.0000
vt 0.3901 0.0788 0.0000
vt 0.4344 0.0788 0.0000
vt 0.6137 0.0540 0.0000
vt 0.5694 0.0540 0.0000
vt 0.5694 0.0588 0.0000
vt 0.6137 0.0588 0.0000
vt 0.6137 0.0590 0.0000
vt 0.5694 0.0590 0.0000
vt 0.5694 0.0638 0.0000
vt 0.6137 0.0638 0.0000
vt 0.4791 0.0740 0.0000
vt 0.4348 0.0740 0.0000
vt 0.4348 0.0788 0.0000
vt 0.4791 0.0788 0.0000
vt 0.5239 0.0740 0.0000
vt 0.4796 0.0740 0.0000
vt 0.4796 0.0788 0.0000
vt 0.5239 0.0788 0.0000
vt 0.6137 0.0640 0.0000
vt 0.5694 0.0640 0.0000
vt 0.5694 0.0688 0.0000
vt 0.6137 0.0688 0.0000
vt 0.6137 0.0690 0.0000
vt 0.5694 0.0690 0.0000
vt 0.5694 0.0738 0.0000
vt 0.6137 0.0738 0.0000
vt 0.5689 0.0740 0.0000
vt 0.5246 0.0740 0.0000
vt 0.5246 0.0788 0.0000
vt 0.5689 0.0788 0.0000
vt 0.6137 0.0740 0.0000
vt 0.5694 0.0740 0.0000
vt 0.5694 0.0788 0.0000
vt 0.6137 0.0788 0.0000
vt 0.6587 0.0540 0.0000
vt 0.6144 0.0540 0.0000
vt 0.6144 0.0588 0.0000
vt 0.6587 0.0588 0.0000
vt 0.4344 0.0790 0.0000
vt 0.3901 0.0790 0.0000
vt 0.3901 0.0839 0.0000
vt 0.4344 0.0839 0.0000
vt 0.6587 0.0590 0.0000
vt 0.6144 0.0590 0.0000
vt 0.6144 0.0638 0.0000
vt 0.6587 0.0638 0.0000
vt 0.4791 0.0790 0.0000
vt 0.4348 0.0790 0.0000
vt 0.4348 0.0839 0.0000
vt 0.4791 0.0839 0.0000
vt 0.5239 0.0790 0.0000
vt 0.4796 0.0790 0.0000
vt 0.4796 0.0839 0.0000
vt 0.5239 0.0839 0.0000
vt 0.6587 0.0640 0.0000
vt 0.6144 0.0640 0.0000
vt 0.6144 0.0688 0.0000
vt 0.6587 0.0688 0.0000
vt 0.5689 0.0790 0.0000
vt 0.5246 0.0790 0.0000
vt 0.5246 0.0839 0.0000
vt 0.5689 0.0839 0.0000
vt 0.6587 0.0690 0.0000
vt 0.6144 0.0690 0.0000
vt 0.6144 0.0738 0.0000
vt 0.6587 0.0738 0.0000
vt 0.6137 0.0790 0.0000
vt 0.5694 0.0790 0.0000
vt 0.5694 0.0839 0.0000
vt 0.6137 0.0839 0.0000
vt 0.6587 0.0740 0.0000
vt 0.6144 0.0740 0.0000
vt 0.6144 0.0788 0.0000
vt 0.6587 0.0788 0.0000
vt 0.6587 0.0790 0.0000
vt 0.6144 0.0790 0.0000
vt 0.6144 0.0839 0.0000
vt 0.6587 0.0839 0.0000
vt 0.4301 0.1401 0.0000
vt 0.3858 0.1401 0.0000
vt 0.3858 0.1450 0.0000
vt 0.4301 0.1450 0.0000
vt 0.4344 0.0840 0.0000
vt 0.3901 0.0840 0.0000
vt 0.3901 0.0889 0.0000
vt 0.4344 0.0889 0.0000
vt 0.4301 0.1451 0.0000
vt 0.3858 0.1451 0.0000
vt 0.3858 0.1500 0.0000
vt 0.4301 0.1500 0.0000
vt 0.4791 0.0840 0.0000
vt 0.4348 0.0840 0.0000
vt 0.4348 0.0889 0.0000
vt 0.4791 0.0889 0.0000
vt 0.5239 0.0840 0.0000
vt 0.4796 0.0840 0.0000
vt 0.4796 0.0889 0.0000
vt 0.5239 0.0889 0.0000
vt 0.4301 0.1501 0.0000
vt 0.3858 0.1501 0.0000
vt 0.3858 0.1550 0.0000
vt 0.4301 0.1550 0.0000
vt 0.4301 0.1552 0.0000
vt 0.3858 0.1552 0.0000
vt 0.3858 0.1600 0.0000
vt 0.4301 0.1600 0.0000
vt 0.5689 0.0840 0.0000
vt 0.5246 0.0840 0.0000
vt 0.5246 0.0889 0.0000
vt 0.5689 0.0889 0.0000
vt 0.4301 0.1602 0.0000
vt 0.3858 0.1602 0.0000
vt 0.3858 0.1650 0.0000
vt 0.4301 0.1650 0.0000
vt 0.6137 0.0840 0.0000
vt 0.5694 0.0840 0.0000
vt 0.5694 0.0889 0.0000
vt 0.6137 0.0889 0.0000
vt 0.4301 0.1652 0.0000
vt 0.3858 0.1652 0.0000
vt 0.3858 0.1700 0.0000
vt 0.4301 0.1700 0.0000
vt 0.6587 0.0840 0.0000
vt 0.6144 0.0840 0.0000
vt 0.6144 0.0889 0.0000
vt 0.6587 0.0889 0.0000
vt 0.4301 0.1702 0.0000
vt 0.3858 0.1702 0.0000
vt 0.3858 0.1750 0.0000
vt 0.4301 0.1750 0.0000
vt 0.4760 0.1401 0.0000
vt 0.4317 0.1401 0.0000
vt 0.4317 0.1450 0.0000
vt 0.4760 0.1450 0.0000
vt 0.4344 0.0890 0.0000
vt 0.3901 0.0890 0.0000
vt 0.3901 0.0939 0.0000
vt 0.4344 0.0939 0.0000
vt 0.4760 0.1451 0.0000
vt 0.4317 0.1451 0.0000
vt 0.4317 0.1500 0.0000
vt 0.4760 0.1500 0.0000
vt 0.4791 0.0890 0.0000
vt 0.4348 0.0890 0.0000
vt 0.4348 0.0939 0.0000
vt 0.4791 0.0939 0.0000
vt 0.4760 0.1501 0.0000
vt 0.4317 0.1501 0.0000
vt 0.4317 0.1550 0.0000
vt 0.4760 0.1550 0.0000
vt 0.5239 0.0890 0.0000
vt 0.4796 0.0890 0.0000
vt 0.4796 0.0939 0.0000
vt 0.5239 0.0939 0.0000
vt 0.5689 0.0890 0.0000
vt 0.5246 0.0890 0.0000
vt 0.5246 0.0939 0.0000
vt 0.5689 0.0939 0.0000
vt 0.4760 0.1552 0.0000
vt 0.4317 0.1552 0.0000
vt 0.4317 0.1600 0.0000
vt 0.4760 0.1600 0.0000
vt 0.4760 0.1602 0.0000
vt 0.4317 0.1602 0.0000
vt 0.4317 0.1650 0.0000
vt 0.4760 0.1650 0.0000
vt 0.6137 0.0890 0.0000
vt 0.5694 0.0890 0.0000
vt 0.5694 0.0939 0.0000
vt 0.6137 0.0939 0.0000
vt 0.6587 0.0890 0.0000
vt 0.6144 0.0890 0.0000
vt 0.6144 0.0939 0.0000
vt 0.6587 0.0939 0.0000
vt 0.4760 0.1652 0.0000
vt 0.4317 0.1652 0.0000
vt 0.4317 0.1700 0.0000
vt 0.4760 0.1700 0.0000
vt 0.4301 0.1752 0.0000
vt 0.3858 0.1752 0.0000
vt 0.3858 0.1800 0.0000
vt 0.4301 0.1800 0.0000
vt 0.4760 0.1702 0.0000
vt 0.4317 0.1702 0.0000
vt 0.4317 0.1750 0.0000
vt 0.4760 0.1750 0.0000
vt 0.4760 0.1752 0.0000
vt 0.4317 0.1752 0.0000
vt 0.4317 0.1800 0.0000
vt 0.4760 0.1800 0.0000
vt 0.5219 0.1401 0.0000
vt 0.4776 0.1401 0.0000
vt 0.4776 0.1450 0.0000
vt 0.5219 0.1450 0.0000
vt 0.4344 0.0941 0.0000
vt 0.3901 0.0941 0.0000
vt 0.3901 0.0989 0.0000
vt 0.4344 0.0989 0.0000
vt 0.5219 0.1451 0.0000
vt 0.4776 0.1451 0.0000
vt 0.4776 0.1500 0.0000
vt 0.5219 0.1500 0.0000
vt 0.4791 0.0941 0.0000
vt 0.4348 0.0941 0.0000
vt 0.4348 0.0989 0.0000
vt 0.4791 0.0989 0.0000
vt 0.5219 0.1501 0.0000
vt 0.4776 0.1501 0.0000
vt 0.4776 0.1550 0.0000
vt 0.5219 0.1550 0.0000
vt 0.5239 0.0941 0.0000
vt 0.4796 0.0941 0.0000
vt 0.4796 0.0989 0.0000
vt 0.5239 0.0989 0.0000
vt 0.5219 0.1552 0.0000
vt 0.4776 0.1552 0.0000
vt 0.4776 0.1600 0.0000
vt 0.5219 0.1600 0.0000
vt 0.5689 0.0941 0.0000
vt 0.5246 0.0941 0.0000
vt 0.5246 0.0989 0.0000
vt 0.5689 0.0989 0.0000
vt 0.6137 0.0941 0.0000
vt 0.5694 0.0941 0.0000
vt 0.5694 0.0989 0.0000
vt 0.6137 0.0989 0.0000
vt 0.5219 0.1602 0.0000
vt 0.4776 0.1602 0.0000
vt 0.4776 0.1650 0.0000
vt 0.5219 0.1650 0.0000
vt 0.5219 0.1652 0.0000
vt 0.4776 0.1652 0.0000
vt 0.4776 0.1700 0.0000
vt 0.5219 0.1700 0.0000
vt 0.6587 0.0941 0.0000
vt 0.6144 0.0941 0.0000
vt 0.6144 0.0989 0.0000
vt 0.6587 0.0989 0.0000
vt 0.5219 0.1702 0.0000
vt 0.4776 0.1702 0.0000
vt 0.4776 0.1750 0.0000
vt 0.5219 0.1750 0.0000
vt 0.4301 0.1802 0.0000
vt 0.3858 0.1802 0.0000
vt 0.3858 0.1851 0.0000
vt 0.4301 0.1851 0.0000
vt 0.5219 0.1752 0.0000
vt 0.4776 0.1752 0.0000
vt 0.4776 0.1800 0.0000
vt 0.5219 0.1800 0.0000
vt 0.4760 0.1802 0.0000
vt 0.4317 0.1802 0.0000
vt 0.4317 0.1851 0.0000
vt 0.4760 0.1851 0.0000
vt 0.5219 0.1802 0.0000
vt 0.4776 0.1802 0.0000
vt 0.4776 0.1851 0.0000
vt 0.5219 0.1851 0.0000
vt 0.5678 0.1401 0.0000
vt 0.5235 0.1401 0.0000
vt 0.5235 0.1450 0.0000
vt 0.5678 0.1450 0.0000
vt 0.4344 0.0991 0.0000
vt 0.3901 0.0991 0.0000
vt 0.3901 0.1039 0.0000
vt 0.4344 0.1039 0.0000
vt 0.5678 0.1451 0.0000
vt 0.5235 0.1451 0.0000
vt 0.5235 0.1500 0.0000
vt 0.5678 0.1500 0.0000
vt 0.4791 0.0991 0.0000
vt 0.4348 0.0991 0.0000
vt 0.4348 0.1039 0.0000
vt 0.4791 0.1039 0.0000
vt 0.5239 0.0991 0.0000
vt 0.4796 0.0991 0.0000
vt 0.4796 0.1039 0.0000
vt 0.5239 0.1039 0.0000
vt 0.5678 0.1501 0.0000
vt 0.5235 0.1501 0.0000
vt 0.5235 0.1550 0.0000
vt 0.5678 0.1550 0.0000
vt 0.5689 0.0991 0.0000
vt 0.5246 0.0991 0.0000
vt 0.5246 0.1039 0.0000
vt 0.5689 0.1039 0.0000
vt 0.5678 0.1552 0.0000
vt 0.5235 0.1552 0.0000
vt 0.5235 0.1600 0.0000
vt 0.5678 0.1600 0.0000
vt 0.5678 0.1602 0.0000
vt 0.5235 0.1602 0.0000
vt 0.5235 0.1650 0.0000
vt 0.5678 0.1650 0.0000
vt 0.6137 0.0991 0.0000
vt 0.5694 0.0991 0.0000
vt 0.5694 0.1039 0.0000
vt 0.6137 0.1039 0.0000
vt 0.5678 0.1652 0.0000
vt 0.5235 0.1652 0.0000
vt 0.5235 0.1700 0.0000
vt 0.5678 0.1700 0.0000
vt 0.6587 0.0991 0.0000
vt 0.6144 0.0991 0.0000
vt 0.6144 0.1039 0.0000
vt 0.6587 0.1039 0.0000
vt 0.4301 0.1852 0.0000
vt 0.3858 0.1852 0.0000
vt 0.3858 0.1901 0.0000
vt 0.4301 0.1901 0.0000
vt 0.5678 0.1702 0.0000
vt 0.5235 0.1702 0.0000
vt 0.5235 0.1750 0.0000
vt 0.5678 0.1750 0.0000
vt 0.5678 0.1752 0.0000
vt 0.5235 0.1752 0.0000
vt 0.5235 0.1800 0.0000
vt 0.5678 0.1800 0.0000
vt 0.4760 0.1852 0.0000
vt 0.4317 0.1852 0.0000
vt 0.4317 0.1901 0.0000
vt 0.4760 0.1901 0.0000
vt 0.5678 0.1802 0.0000
vt 0.5235 0.1802 0.0000
vt 0.5235 0.1851 0.0000
vt 0.5678 0.1851 0.0000
vt 0.5219 0.1852 0.0000
vt 0.4776 0.1852 0.0000
vt 0.4776 0.1901 0.0000
vt 0.5219 0.1901 0.0000
vt 0.5678 0.1852 0.0000
vt 0.5235 0.1852 0.0000
vt 0.5235 0.1901 0.0000
vt 0.5678 0.1901 0.0000
vt 0.4344 0.1041 0.0000
vt 0.3901 0.1041 0.0000
vt 0.3901 0.1089 0.0000
vt 0.4344 0.1089 0.0000
vt 0.6137 0.1401 0.0000
vt 0.5694 0.1401 0.0000
vt 0.5694 0.1450 0.0000
vt 0.6137 0.1450 0.0000
vt 0.6137 0.1451 0.0000
vt 0.5694 0.1451 0.0000
vt 0.5694 0.1500 0.0000
vt 0.6137 0.1500 0.0000
vt 0.4791 0.1041 0.0000
vt 0.4348 0.1041 0.0000
vt 0.4348 0.1089 0.0000
vt 0.4791 0.1089 0.0000
vt 0.5239 0.1041 0.0000
vt 0.4796 0.1041 0.0000
vt 0.4796 0.1089 0.0000
vt 0.5239 0.1089 0.0000
vt 0.6137 0.1501 0.0000
vt 0.5694 0.1501 0.0000
vt 0.5694 0.1550 0.0000
vt 0.6137 0.1550 0.0000
vt 0.6137 0.1552 0.0000
vt 0.5694 0.1552 0.0000
vt 0.5694 0.1600 0.0000
vt 0.6137 0.1600 0.0000
vt 0.5689 0.1041 0.0000
vt 0.5246 0.1041 0.0000
vt 0.5246 0.1089 0.0000
vt 0.5689 0.1089 0.0000
vt 0.6137 0.1041 0.0000
vt 0.5694 0.1041 0.0000
vt 0.5694 0.1089 0.0000
vt 0.6137 0.1089 0.0000
vt 0.6137 0.1602 0.0000
vt 0.5694 0.1602 0.0000
vt 0.5694 0.1650 0.0000
vt 0.6137 0.1650 0.0000
vt 0.6137 0.1652 0.0000
vt 0.5694 0.1652 0.0000
vt 0.5694 0.1700 0.0000
vt 0.6137 0.1700 0.0000
vt 0.6587 0.1041 0.0000
vt 0.6144 0.1041 0.0000
vt 0.6144 0.1089 0.0000
vt 0.6587 0.1089 0.0000
vt 0.4301 0.1902 0.0000
vt 0.3858 0.1902 0.0000
vt 0.3858 0.1951 0.0000
vt 0.4301 0.1951 0.0000
vt 0.6137 0.1702 0.0000
vt 0.5694 0.1702 0.0000
vt 0.5694 0.1750 0.0000
vt 0.6137 0.1750 0.0000
vt 0.4760 0.1902 0.0000
vt 0.4317 0.1902 0.0000
vt 0.4317 0.1951 0.0000
vt 0.4760 0.1951 0.0000
vt 0.6137 0.1752 0.0000
vt 0.5694 0.1752 0.0000
vt 0.5694 0.1800 0.0000
vt 0.6137 0.1800 0.0000
vt 0.6137 0.1802 0.0000
vt 0.5694 0.1802 0.0000
vt 0.5694 0.1851 0.0000
vt 0.6137 0.1851 0.0000
vt 0.5219 0.1902 0.0000
vt 0.4776 0.1902 0.0000
vt 0.4776 0.1951 0.0000
vt 0.5219 0.1951 0.0000
vt 0.6137 0.1852 0.0000
vt 0.5694 0.1852 0.0000
vt 0.5694 0.1901 0.0000
vt 0.6137 0.1901 0.0000
vt 0.5678 0.1902 0.0000
vt 0.5235 0.1902 0.0000
vt 0.5235 0.1951 0.0000
vt 0.5678 0.1951 0.0000
vt 0.6137 0.1902 0.0000
vt 0.5694 0.1902 0.0000
vt 0.5694 0.1951 0.0000
vt 0.6137 0.1951 0.0000
vt 0.4344 0.1091 0.0000
vt 0.3901 0.1091 0.0000
vt 0.3901 0.1139 0.0000
vt 0.4344 0.1139 0.0000
vt 0.6596 0.1401 0.0000
vt 0.6152 0.1401 0.0000
vt 0.6152 0.1450 0.0000
vt 0.6596 0.1450 0.0000
vt 0.4791 0.1091 0.0000
vt 0.4348 0.1091 0.0000
vt 0.4348 0.1139 0.0000
vt 0.4791 0.1139 0.0000
vt 0.6596 0.1451 0.0000
vt 0.6152 0.1451 0.0000
vt 0.6152 0.1500 0.0000
vt 0.6596 0.1500 0.0000
vt 0.5239 0.1091 0.0000
vt 0.4796 0.1091 0.0000
vt 0.4796 0.1139 0.0000
vt 0.5239 0.1139 0.0000
vt 0.6596 0.1501 0.0000
vt 0.6152 0.1501 0.0000
vt 0.6152 0.1550 0.0000
vt 0.6596 0.1550 0.0000
vt 0.6596 0.1552 0.0000
vt 0.6152 0.1552 0.0000
vt 0.6152 0.1600 0.0000
vt 0.6596 0.1600 0.0000
vt 0.5689 0.1091 0.0000
vt 0.5246 0.1091 0.0000
vt 0.5246 0.1139 0.0000
vt 0.5689 0.1139 0.0000
vt 0.6596 0.1602 0.0000
vt 0.6152 0.1602 0.0000
vt 0.6152 0.1650 0.0000
vt 0.6596 0.1650 0.0000
vt 0.6137 0.1091 0.0000
vt 0.5694 0.1091 0.0000
vt 0.5694 0.1139 0.0000
vt 0.6137 0.1139 0.0000
vt 0.6596 0.1652 0.0000
vt 0.6152 0.1652 0.0000
vt 0.6152 0.1700 0.0000
vt 0.6596 0.1700 0.0000
vt 0.6587 0.1091 0.0000
vt 0.6144 0.1091 0.0000
vt 0.6144 0.1139 0.0000
vt 0.6587 0.1139 0.0000
vt 0.6596 0.1702 0.0000
vt 0.6152 0.1702 0.0000
vt 0.6152 0.1750 0.0000
vt 0.6596 0.1750 0.0000
vt 0.4301 0.1953 0.0000
vt 0.3858 0.1953 0.0000
vt 0.3858 0.2001 0.0000
vt 0.4301 0.2001 0.0000
vt 0.4760 0.1953 0.0000
vt 0.4317 0.1953 0.0000
vt 0.4317 0.2001 0.0000
vt 0.4760 0.2001 0.0000
vt 0.6596 0.1752 0.0000
vt 0.6152 0.1752 0.0000
vt 0.6152 0.1800 0.0000
vt 0.6596 0.1800 0.0000
vt 0.6596 0.1802 0.0000
vt 0.6152 0.1802 0.0000
vt 0.6152 0.1851 0.0000
vt 0.6596 0.1851 0.0000
vt 0.5219 0.1953 0.0000
vt 0.4776 0.1953 0.0000
vt 0.4776 0.2001 0.0000
vt 0.5219 0.2001 0.0000
vt 0.6596 0.1852 0.0000
vt 0.6152 0.1852 0.0000
vt 0.6152 0.1901 0.0000
vt 0.6596 0.1901 0.0000
vt 0.5678 0.1953 0.0000
vt 0.5235 0.1953 0.0000
vt 0.5235 0.2001 0.0000
vt 0.5678 0.2001 0.0000
vt 0.6596 0.1902 0.0000
vt 0.6152 0.1902 0.0000
vt 0.6152 0.1951 0.0000
vt 0.6596 0.1951 0.0000
vt 0.6137 0.1953 0.0000
vt 0.5694 0.1953 0.0000
vt 0.5694 0.2001 0.0000
vt 0.6137 0.2001 0.0000
vt 0.6596 0.1953 0.0000
vt 0.6152 0.1953 0.0000
vt 0.6152 0.2001 0.0000
vt 0.6596 0.2001 0.0000
vt 0.4344 0.1141 0.0000
vt 0.3901 0.1141 0.0000
vt 0.3901 0.1190 0.0000
vt 0.4344 0.1190 0.0000
vt 0.4296 0.2264 0.0000
vt 0.3853 0.2264 0.0000
vt 0.3853 0.2313 0.0000
vt 0.4296 0.2313 0.0000
vt 0.4296 0.2315 0.0000
vt 0.3853 0.2315 0.0000
vt 0.3853 0.2363 0.0000
vt 0.4296 0.2363 0.0000
vt 0.4791 0.1141 0.0000
vt 0.4348 0.1141 0.0000
vt 0.4348 0.1190 0.0000
vt 0.4791 0.1190 0.0000
vt 0.4296 0.2365 0.0000
vt 0.3853 0.2365 0.0000
vt 0.3853 0.2413 0.0000
vt 0.4296 0.2413 0.0000
vt 0.5239 0.1141 0.0000
vt 0.4796 0.1141 0.0000
vt 0.4796 0.1190 0.0000
vt 0.5239 0.1190 0.0000
vt 0.4296 0.2415 0.0000
vt 0.3853 0.2415 0.0000
vt 0.3853 0.2463 0.0000
vt 0.4296 0.2463 0.0000
vt 0.5689 0.1141 0.0000
vt 0.5246 0.1141 0.0000
vt 0.5246 0.1190 0.0000
vt 0.5689 0.1190 0.0000
vt 0.6137 0.1141 0.0000
vt 0.5694 0.1141 0.0000
vt 0.5694 0.1190 0.0000
vt 0.6137 0.1190 0.0000
vt 0.4296 0.2465 0.0000
vt 0.3853 0.2465 0.0000
vt 0.3853 0.2513 0.0000
vt 0.4296 0.2513 0.0000
vt 0.4296 0.2515 0.0000
vt 0.3853 0.2515 0.0000
vt 0.3853 0.2564 0.0000
vt 0.4296 0.2564 0.0000
vt 0.6587 0.1141 0.0000
vt 0.6144 0.1141 0.0000
vt 0.6144 0.1190 0.0000
vt 0.6587 0.1190 0.0000
vt 0.4296 0.2565 0.0000
vt 0.3853 0.2565 0.0000
vt 0.3853 0.2614 0.0000
vt 0.4296 0.2614 0.0000
vt 0.4301 0.2003 0.0000
vt 0.3858 0.2003 0.0000
vt 0.3858 0.2051 0.0000
vt 0.4301 0.2051 0.0000
vt 0.4760 0.2003 0.0000
vt 0.4317 0.2003 0.0000
vt 0.4317 0.2051 0.0000
vt 0.4760 0.2051 0.0000
vt 0.4296 0.2615 0.0000
vt 0.3853 0.2615 0.0000
vt 0.3853 0.2664 0.0000
vt 0.4296 0.2664 0.0000
vt 0.5219 0.2003 0.0000
vt 0.4776 0.2003 0.0000
vt 0.4776 0.2051 0.0000
vt 0.5219 0.2051 0.0000
vt 0.4296 0.2666 0.0000
vt 0.3853 0.2666 0.0000
vt 0.3853 0.2714 0.0000
vt 0.4296 0.2714 0.0000
vt 0.4296 0.2716 0.0000
vt 0.3853 0.2716 0.0000
vt 0.3853 0.2764 0.0000
vt 0.4296 0.2764 0.0000
vt 0.5678 0.2003 0.0000
vt 0.5235 0.2003 0.0000
vt 0.5235 0.2051 0.0000
vt 0.5678 0.2051 0.0000
vt 0.4296 0.2766 0.0000
vt 0.3853 0.2766 0.0000
vt 0.3853 0.2814 0.0000
vt 0.4296 0.2814 0.0000
vt 0.6137 0.2003 0.0000
vt 0.5694 0.2003 0.0000
vt 0.5694 0.2051 0.0000
vt 0.6137 0.2051 0.0000
vt 0.6596 0.2003 0.0000
vt 0.6152 0.2003 0.0000
vt 0.6152 0.2051 0.0000
vt 0.6596 0.2051 0.0000
vt 0.4296 0.2816 0.0000
vt 0.3853 0.2816 0.0000
vt 0.3853 0.2864 0.0000
vt 0.4296 0.2864 0.0000
vt 0.4296 0.2866 0.0000
vt 0.3853 0.2866 0.0000
vt 0.3853 0.2914 0.0000
vt 0.4296 0.2914 0.0000
vt 0.4755 0.2264 0.0000
vt 0.4312 0.2264 0.0000
vt 0.4312 0.2313 0.0000
vt 0.4755 0.2313 0.0000
vt 0.4344 0.1191 0.0000
vt 0.3901 0.1191 0.0000
vt 0.3901 0.1240 0.0000
vt 0.4344 0.1240 0.0000
vt 0.4791 0.1191 0.0000
vt 0.4348 0.1191 0.0000
vt 0.4348 0.1240 0.0000
vt 0.4791 0.1240 0.0000
vt 0.4755 0.2315 0.0000
vt 0.4312 0.2315 0.0000
vt 0.4312 0.2363 0.0000
vt 0.4755 0.2363 0.0000
vt 0.4755 0.2365 0.0000
vt 0.4312 0.2365 0.0000
vt 0.4312 0.2413 0.0000
vt 0.4755 0.2413 0.0000
vt 0.5239 0.1191 0.0000
vt 0.4796 0.1191 0.0000
vt 0.4796 0.1240 0.0000
vt 0.5239 0.1240 0.0000
vt 0.4755 0.2415 0.0000
vt 0.4312 0.2415 0.0000
vt 0.4312 0.2463 0.0000
vt 0.4755 0.2463 0.0000
vt 0.5689 0.1191 0.0000
vt 0.5246 0.1191 0.0000
vt 0.5246 0.1240 0.0000
vt 0.5689 0.1240 0.0000
vt 0.4755 0.2465 0.0000
vt 0.4312 0.2465 0.0000
vt 0.4312 0.2513 0.0000
vt 0.4755 0.2513 0.0000
vt 0.6137 0.1191 0.0000
vt 0.5694 0.1191 0.0000
vt 0.5694 0.1240 0.0000
vt 0.6137 0.1240 0.0000
vt 0.6587 0.1191 0.0000
vt 0.6144 0.1191 0.0000
vt 0.6144 0.1240 0.0000
vt 0.6587 0.1240 0.0000
vt 0.4755 0.2515 0.0000
vt 0.4312 0.2515 0.0000
vt 0.4312 0.2564 0.0000
vt 0.4755 0.2564 0.0000
vt 0.4301 0.2053 0.0000
vt 0.3858 0.2053 0.0000
vt 0.3858 0.2101 0.0000
vt 0.4301 0.2101 0.0000
vt 0.4755 0.2565 0.0000
vt 0.4312 0.2565 0.0000
vt 0.4312 0.2614 0.0000
vt 0.4755 0.2614 0.0000
vt 0.4755 0.2615 0.0000
vt 0.4312 0.2615 0.0000
vt 0.4312 0.2664 0.0000
vt 0.4755 0.2664 0.0000
vt 0.4760 0.2053 0.0000
vt 0.4317 0.2053 0.0000
vt 0.4317 0.2101 0.0000
vt 0.4760 0.2101 0.0000
vt 0.4755 0.2666 0.0000
vt 0.4312 0.2666 0.0000
vt 0.4312 0.2714 0.0000
vt 0.4755 0.2714 0.0000
vt 0.5219 0.2053 0.0000
vt 0.4776 0.2053 0.0000
vt 0.4776 0.2101 0.0000
vt 0.5219 0.2101 0.0000
vt 0.5678 0.2053 0.0000
vt 0.5235 0.2053 0.0000
vt 0.5235 0.2101 0.0000
vt 0.5678 0.2101 0.0000
vt 0.4755 0.2716 0.0000
vt 0.4312 0.2716 0.0000
vt 0.4312 0.2764 0.0000
vt 0.4755 0.2764 0.0000
vt 0.6137 0.2053 0.0000
vt 0.5694 0.2053 0.0000
vt 0.5694 0.2101 0.0000
vt 0.6137 0.2101 0.0000
vt 0.4755 0.2766 0.0000
vt 0.4312 0.2766 0.0000
vt 0.4312 0.2814 0.0000
vt 0.4755 0.2814 0.0000
vt 0.6596 0.2053 0.0000
vt 0.6152 0.2053 0.0000
vt 0.6152 0.2101 0.0000
vt 0.6596 0.2101 0.0000
vt 0.4755 0.2816 0.0000
vt 0.4312 0.2816 0.0000
vt 0.4312 0.2864 0.0000
vt 0.4755 0.2864 0.0000
vt 0.4296 0.2916 0.0000
vt 0.3853 0.2916 0.0000
vt 0.3853 0.2965 0.0000
vt 0.4296 0.2965 0.0000
vt 0.4755 0.2866 0.0000
vt 0.4312 0.2866 0.0000
vt 0.4312 0.2914 0.0000
vt 0.4755 0.2914 0.0000
vt 0.4755 0.2916 0.0000
vt 0.4312 0.2916 0.0000
vt 0.4312 0.2965 0.0000
vt 0.4755 0.2965 0.0000
vt 0.5214 0.2264 0.0000
vt 0.4770 0.2264 0.0000
vt 0.4770 0.2313 0.0000
vt 0.5214 0.2313 0.0000
vt 0.4344 0.1241 0.0000
vt 0.3901 0.1241 0.0000
vt 0.3901 0.1290 0.0000
vt 0.4344 0.1290 0.0000
vt 0.4791 0.1241 0.0000
vt 0.4348 0.1241 0.0000
vt 0.4348 0.1290 0.0000
vt 0.4791 0.1290 0.0000
vt 0.5214 0.2315 0.0000
vt 0.4770 0.2315 0.0000
vt 0.4770 0.2363 0.0000
vt 0.5214 0.2363 0.0000
vt 0.5239 0.1241 0.0000
vt 0.4796 0.1241 0.0000
vt 0.4796 0.1290 0.0000
vt 0.5239 0.1290 0.0000
vt 0.5214 0.2365 0.0000
vt 0.4770 0.2365 0.0000
vt 0.4770 0.2413 0.0000
vt 0.5214 0.2413 0.0000
vt 0.5689 0.1241 0.0000
vt 0.5246 0.1241 0.0000
vt 0.5246 0.1290 0.0000
vt 0.5689 0.1290 0.0000
vt 0.5214 0.2415 0.0000
vt 0.4770 0.2415 0.0000
vt 0.4770 0.2463 0.0000
vt 0.5214 0.2463 0.0000
vt 0.6137 0.1241 0.0000
vt 0.5694 0.1241 0.0000
vt 0.5694 0.1290 0.0000
vt 0.6137 0.1290 0.0000
vt 0.5214 0.2465 0.0000
vt 0.4770 0.2465 0.0000
vt 0.4770 0.2513 0.0000
vt 0.5214 0.2513 0.0000
vt 0.5214 0.2515 0.0000
vt 0.4770 0.2515 0.0000
vt 0.4770 0.2564 0.0000
vt 0.5214 0.2564 0.0000
vt 0.6587 0.1241 0.0000
vt 0.6144 0.1241 0.0000
vt 0.6144 0.1290 0.0000
vt 0.6587 0.1290 0.0000
vt 0.5214 0.2565 0.0000
vt 0.4770 0.2565 0.0000
vt 0.4770 0.2614 0.0000
vt 0.5214 0.2614 0.0000
vt 0.4301 0.2103 0.0000
vt 0.3858 0.2103 0.0000
vt 0.3858 0.2151 0.0000
vt 0.4301 0.2151 0.0000
vt 0.5214 0.2615 0.0000
vt 0.4770 0.2615 0.0000
vt 0.4770 0.2664 0.0000
vt 0.5214 0.2664 0.0000
vt 0.4760 0.2103 0.0000
vt 0.4317 0.2103 0.0000
vt 0.4317 0.2151 0.0000
vt 0.4760 0.2151 0.0000
vt 0.5214 0.2666 0.0000
vt 0.4770 0.2666 0.0000
vt 0.4770 0.2714 0.0000
vt 0.5214 0.2714 0.0000
vt 0.5219 0.2103 0.0000
vt 0.4776 0.2103 0.0000
vt 0.4776 0.2151 0.0000
vt 0.5219 0.2151 0.0000
vt 0.5678 0.2103 0.0000
vt 0.5235 0.2103 0.0000
vt 0.5235 0.2151 0.0000
vt 0.5678 0.2151 0.0000
vt 0.5214 0.2716 0.0000
vt 0.4770 0.2716 0.0000
vt 0.4770 0.2764 0.0000
vt 0.5214 0.2764 0.0000
vt 0.6137 0.2103 0.0000
vt 0.5694 0.2103 0.0000
vt 0.5694 0.2151 0.0000
vt 0.6137 0.2151 0.0000
vt 0.5214 0.2766 0.0000
vt 0.4770 0.2766 0.0000
vt 0.4770 0.2814 0.0000
vt 0.5214 0.2814 0.0000
vt 0.6596 0.2103 0.0000
vt 0.6152 0.2103 0.0000
vt 0.6152 0.2151 0.0000
vt 0.6596 0.2151 0.0000
vt 0.5214 0.2816 0.0000
vt 0.4770 0.2816 0.0000
vt 0.4770 0.2864 0.0000
vt 0.5214 0.2864 0.0000
vt 0.4296 0.2966 0.0000
vt 0.3853 0.2966 0.0000
vt 0.3853 0.3015 0.0000
vt 0.4296 0.3015 0.0000
vt 0.5214 0.2866 0.0000
vt 0.4770 0.2866 0.0000
vt 0.4770 0.2914 0.0000
vt 0.5214 0.2914 0.0000
vt 0.4755 0.2966 0.0000
vt 0.4312 0.2966 0.0000
vt 0.4312 0.3015 0.0000
vt 0.4755 0.3015 0.0000
vt 0.5214 0.2916 0.0000
vt 0.4770 0.2916 0.0000
vt 0.4770 0.2965 0.0000
vt 0.5214 0.2965 0.0000
vt 0.5214 0.2966 0.0000
vt 0.4770 0.2966 0.0000
vt 0.4770 0.3015 0.0000
vt 0.5214 0.3015 0.0000
vt 0.5673 0.2264 0.0000
vt 0.5229 0.2264 0.0000
vt 0.5229 0.2313 0.0000
vt 0.5673 0.2313 0.0000
vt 0.4344 0.1292 0.0000
vt 0.3901 0.1292 0.0000
vt 0.3901 0.1340 0.0000
vt 0.4344 0.1340 0.0000
vt 0.5673 0.2315 0.0000
vt 0.5229 0.2315 0.0000
vt 0.5229 0.2363 0.0000
vt 0.5673 0.2363 0.0000
vt 0.4791 0.1292 0.0000
vt 0.4348 0.1292 0.0000
vt 0.4348 0.1340 0.0000
vt 0.4791 0.1340 0.0000
vt 0.5239 0.1292 0.0000
vt 0.4796 0.1292 0.0000
vt 0.4796 0.1340 0.0000
vt 0.5239 0.1340 0.0000
vt 0.5673 0.2365 0.0000
vt 0.5229 0.2365 0.0000
vt 0.5229 0.2413 0.0000
vt 0.5673 0.2413 0.0000
vt 0.5689 0.1292 0.0000
vt 0.5246 0.1292 0.0000
vt 0.5246 0.1340 0.0000
vt 0.5689 0.1340 0.0000
vt 0.5673 0.2415 0.0000
vt 0.5229 0.2415 0.0000
vt 0.5229 0.2463 0.0000
vt 0.5673 0.2463 0.0000
vt 0.6137 0.1292 0.0000
vt 0.5694 0.1292 0.0000
vt 0.5694 0.1340 0.0000
vt 0.6137 0.1340 0.0000
vt 0.5673 0.2465 0.0000
vt 0.5229 0.2465 0.0000
vt 0.5229 0.2513 0.0000
vt 0.5673 0.2513 0.0000
vt 0.5673 0.2515 0.0000
vt 0.5229 0.2515 0.0000
vt 0.5229 0.2564 0.0000
vt 0.5673 0.2564 0.0000
vt 0.6587 0.1292 0.0000
vt 0.6144 0.1292 0.0000
vt 0.6144 0.1340 0.0000
vt 0.6587 0.1340 0.0000
vt 0.4301 0.2153 0.0000
vt 0.3858 0.2153 0.0000
vt 0.3858 0.2202 0.0000
vt 0.4301 0.2202 0.0000
vt 0.5673 0.2565 0.0000
vt 0.5229 0.2565 0.0000
vt 0.5229 0.2614 0.0000
vt 0.5673 0.2614 0.0000
vt 0.4760 0.2153 0.0000
vt 0.4317 0.2153 0.0000
vt 0.4317 0.2202 0.0000
vt 0.4760 0.2202 0.0000
vt 0.5673 0.2615 0.0000
vt 0.5229 0.2615 0.0000
vt 0.5229 0.2664 0.0000
vt 0.5673 0.2664 0.0000
vt 0.5219 0.2153 0.0000
vt 0.4776 0.2153 0.0000
vt 0.4776 0.2202 0.0000
vt 0.5219 0.2202 0.0000
vt 0.5673 0.2666 0.0000
vt 0.5229 0.2666 0.0000
vt 0.5229 0.2714 0.0000
vt 0.5673 0.2714 0.0000
vt 0.5678 0.2153 0.0000
vt 0.5235 0.2153 0.0000
vt 0.5235 0.2202 0.0000
vt 0.5678 0.2202 0.0000
vt 0.5673 0.2716 0.0000
vt 0.5229 0.2716 0.0000
vt 0.5229 0.2764 0.0000
vt 0.5673 0.2764 0.0000
vt 0.6137 0.2153 0.0000
vt 0.5694 0.2153 0.0000
vt 0.5694 0.2202 0.0000
vt 0.6137 0.2202 0.0000
vt 0.5673 0.2766 0.0000
vt 0.5229 0.2766 0.0000
vt 0.5229 0.2814 0.0000
vt 0.5673 0.2814 0.0000
vt 0.5673 0.2816 0.0000
vt 0.5229 0.2816 0.0000
vt 0.5229 0.2864 0.0000
vt 0.5673 0.2864 0.0000
vt 0.6596 0.2153 0.0000
vt 0.6152 0.2153 0.0000
vt 0.6152 0.2202 0.0000
vt 0.6596 0.2202 0.0000
vt 0.4296 0.3016 0.0000
vt 0.3853 0.3016 0.0000
vt 0.3853 0.3065 0.0000
vt 0.4296 0.3065 0.0000
vt 0.5673 0.2866 0.0000
vt 0.5229 0.2866 0.0000
vt 0.5229 0.2914 0.0000
vt 0.5673 0.2914 0.0000
vt 0.5673 0.2916 0.0000
vt 0.5229 0.2916 0.0000
vt 0.5229 0.2965 0.0000
vt 0.5673 0.2965 0.0000
vt 0.4755 0.3016 0.0000
vt 0.4312 0.3016 0.0000
vt 0.4312 0.3065 0.0000
vt 0.4755 0.3065 0.0000
vt 0.5673 0.2966 0.0000
vt 0.5229 0.2966 0.0000
vt 0.5229 0.3015 0.0000
vt 0.5673 0.3015 0.0000
vt 0.5214 0.3016 0.0000
vt 0.4770 0.3016 0.0000
vt 0.4770 0.3065 0.0000
vt 0.5214 0.3065 0.0000
vt 0.5673 0.3016 0.0000
vt 0.5229 0.3016 0.0000
vt 0.5229 0.3065 0.0000
vt 0.5673 0.3065 0.0000
vt 0.6131 0.2264 0.0000
vt 0.5688 0.2264 0.0000
vt 0.5688 0.2313 0.0000
vt 0.6131 0.2313 0.0000
vt 0.4344 0.1342 0.0000
vt 0.3901 0.1342 0.0000
vt 0.3901 0.1390 0.0000
vt 0.4344 0.1390 0.0000
vt 0.4791 0.1342 0.0000
vt 0.4348 0.1342 0.0000
vt 0.4348 0.1390 0.0000
vt 0.4791 0.1390 0.0000
vt 0.6131 0.2315 0.0000
vt 0.5688 0.2315 0.0000
vt 0.5688 0.2363 0.0000
vt 0.6131 0.2363 0.0000
vt 0.5239 0.1342 0.0000
vt 0.4796 0.1342 0.0000
vt 0.4796 0.1390 0.0000
vt 0.5239 0.1390 0.0000
vt 0.6131 0.2365 0.0000
vt 0.5688 0.2365 0.0000
vt 0.5688 0.2413 0.0000
vt 0.6131 0.2413 0.0000
vt 0.5689 0.1342 0.0000
vt 0.5246 0.1342 0.0000
vt 0.5246 0.1390 0.0000
vt 0.5689 0.1390 0.0000
vt 0.6131 0.2415 0.0000
vt 0.5688 0.2415 0.0000
vt 0.5688 0.2463 0.0000
vt 0.6131 0.2463 0.0000
vt 0.6137 0.1342 0.0000
vt 0.5694 0.1342 0.0000
vt 0.5694 0.1390 0.0000
vt 0.6137 0.1390 0.0000
vt 0.6131 0.2465 0.0000
vt 0.5688 0.2465 0.0000
vt 0.5688 0.2513 0.0000
vt 0.6131 0.2513 0.0000
vt 0.6131 0.2515 0.0000
vt 0.5688 0.2515 0.0000
vt 0.5688 0.2564 0.0000
vt 0.6131 0.2564 0.0000
vt 0.6587 0.1342 0.0000
vt 0.6144 0.1342 0.0000
vt 0.6144 0.1390 0.0000
vt 0.6587 0.1390 0.0000
vt 0.4301 0.2203 0.0000
vt 0.3858 0.2203 0.0000
vt 0.3858 0.2252 0.0000
vt 0.4301 0.2252 0.0000
vt 0.6131 0.2565 0.0000
vt 0.5688 0.2565 0.0000
vt 0.5688 0.2614 0.0000
vt 0.6131 0.2614 0.0000
vt 0.4760 0.2203 0.0000
vt 0.4317 0.2203 0.0000
vt 0.4317 0.2252 0.0000
vt 0.4760 0.2252 0.0000
vt 0.6131 0.2615 0.0000
vt 0.5688 0.2615 0.0000
vt 0.5688 0.2664 0.0000
vt 0.6131 0.2664 0.0000
vt 0.6131 0.2666 0.0000
vt 0.5688 0.2666 0.0000
vt 0.5688 0.2714 0.0000
vt 0.6131 0.2714 0.0000
vt 0.5219 0.2203 0.0000
vt 0.4776 0.2203 0.0000
vt 0.4776 0.2252 0.0000
vt 0.5219 0.2252 0.0000
vt 0.6131 0.2716 0.0000
vt 0.5688 0.2716 0.0000
vt 0.5688 0.2764 0.0000
vt 0.6131 0.2764 0.0000
vt 0.5678 0.2203 0.0000
vt 0.5235 0.2203 0.0000
vt 0.5235 0.2252 0.0000
vt 0.5678 0.2252 0.0000
vt 0.6137 0.2203 0.0000
vt 0.5694 0.2203 0.0000
vt 0.5694 0.2252 0.0000
vt 0.6137 0.2252 0.0000
vt 0.6131 0.2766 0.0000
vt 0.5688 0.2766 0.0000
vt 0.5688 0.2814 0.0000
vt 0.6131 0.2814 0.0000
vt 0.6131 0.2816 0.0000
vt 0.5688 0.2816 0.0000
vt 0.5688 0.2864 0.0000
vt 0.6131 0.2864 0.0000
vt 0.6596 0.2203 0.0000
vt 0.6152 0.2203 0.0000
vt 0.6152 0.2252 0.0000
vt 0.6596 0.2252 0.0000
vt 0.4296 0.3067 0.0000
vt 0.3853 0.3067 0.0000
vt 0.3853 0.3115 0.0000
vt 0.4296 0.3115 0.0000
vt 0.6131 0.2866 0.0000
vt 0.5688 0.2866 0.0000
vt 0.5688 0.2914 0.0000
vt 0.6131 0.2914 0.0000
vt 0.4755 0.3067 0.0000
vt 0.4312 0.3067 0.0000
vt 0.4312 0.3115 0.0000
vt 0.4755 0.3115 0.0000
vt 0.6131 0.2916 0.0000
vt 0.5688 0.2916 0.0000
vt 0.5688 0.2965 0.0000
vt 0.6131 0.2965 0.0000
vt 0.5214 0.3067 0.0000
vt 0.4770 0.3067 0.0000
vt 0.4770 0.3115 0.0000
vt 0.5214 0.3115 0.0000
vt 0.6131 0.2966 0.0000
vt 0.5688 0.2966 0.0000
vt 0.5688 0.3015 0.0000
vt 0.6131 0.3015 0.0000
vt 0.6131 0.3016 0.0000
vt 0.5688 0.3016 0.0000
vt 0.5688 0.3065 0.0000
vt 0.6131 0.3065 0.0000
vt 0.5673 0.3067 0.0000
vt 0.5229 0.3067 0.0000
vt 0.5229 0.3115 0.0000
vt 0.5673 0.3115 0.0000
vt 0.4914 0.9540 0.0000
vt 0.4719 0.9480 0.0000
vt 0.4503 0.8867 0.0000
vt 0.9975 0.4833 0.0000
vt 0.9651 0.4832 0.0000
vt 0.9666 0.4576 0.0000
vt 0.9975 0.4576 0.0000
vt 0.6322 0.8651 0.0000
vt 0.6251 0.7110 0.0000
vt 0.7150 0.6232 0.0000
vt 0.7582 0.7040 0.0000
vt 0.7582 0.8728 0.0000
vt 0.7339 0.9413 0.0000
vt 0.5389 0.6350 0.0000
vt 0.5703 0.6374 0.0000
vt 0.6039 0.7091 0.0000
vt 0.0029 0.3180 0.0000
vt 0.0115 0.3180 0.0000
vt 0.0113 0.3312 0.0000
vt 0.0109 0.3366 0.0000
vt 0.0076 0.3357 0.0000
vt 0.0032 0.3310 0.0000
vt 0.0037 0.3364 0.0000
vt 0.3833 0.6664 0.0000
vt 0.4304 0.6732 0.0000
vt 0.4542 0.7381 0.0000
vt 0.1742 0.4368 0.0000
vt 0.1727 0.4216 0.0000
vt 0.2611 0.4215 0.0000
vt 0.2608 0.4547 0.0000
vt 0.1713 0.4549 0.0000
vt 0.5043 0.6709 0.0000
vt 0.5364 0.6395 0.0000
vt 0.5130 0.6638 0.0000
vt 0.4932 0.6911 0.0000
vt 0.4774 0.7209 0.0000
vt 0.4660 0.7526 0.0000
vt 0.4591 0.7857 0.0000
vt 0.4570 0.8195 0.0000
vt 0.4595 0.8532 0.0000
vt 0.4667 0.8863 0.0000
vt 0.4785 0.9182 0.0000
vt 0.4792 0.9195 0.0000
vt 0.4799 0.9207 0.0000
vt 0.4803 0.9215 0.0000
vt 0.4940 0.9475 0.0000
vt 0.5134 0.9743 0.0000
vt 0.5364 0.9980 0.0000
vt 0.0030 0.3366 0.0000
vt 0.0115 0.3366 0.0000
vt 0.0114 0.3524 0.0000
vt 0.0029 0.3524 0.0000
vt 0.0077 0.3866 0.0000
vt 0.0076 0.3891 0.0000
vt 0.0024 0.3891 0.0000
vt 0.0026 0.3835 0.0000
vt 0.0078 0.3835 0.0000
vt 0.0074 0.3951 0.0000
vt 0.0023 0.3951 0.0000
vt 0.0073 0.4014 0.0000
vt 0.0022 0.4014 0.0000
vt 0.0072 0.4079 0.0000
vt 0.0021 0.4079 0.0000
vt 0.0072 0.4144 0.0000
vt 0.0020 0.4144 0.0000
vt 0.0072 0.4209 0.0000
vt 0.0020 0.4209 0.0000
vt 0.0021 0.4271 0.0000
vt 0.0073 0.4271 0.0000
vt 0.0021 0.4274 0.0000
vt 0.0074 0.4331 0.0000
vt 0.0023 0.4331 0.0000
vt 0.0021 0.4278 0.0000
vt 0.0076 0.4386 0.0000
vt 0.0025 0.4386 0.0000
vt 0.0029 0.3018 0.0000
vt 0.0115 0.3018 0.0000
vt 0.6642 0.9538 0.0000
vt 0.6401 0.9491 0.0000
vt 0.6091 0.8800 0.0000
vt 0.0113 0.3710 0.0000
vt 0.0029 0.3710 0.0000
vt 0.0021 0.4276 0.0000
vt 0.3265 0.4215 0.0000
vt 0.3264 0.4545 0.0000
vt 0.4054 0.4544 0.0000
vt 0.4054 0.4214 0.0000
vt 0.4859 0.4213 0.0000
vt 0.4859 0.4542 0.0000
vt 0.4232 0.9451 0.0000
vt 0.3961 0.9466 0.0000
vt 0.4479 0.9449 0.0000
vt 0.6114 0.9483 0.0000
vt 0.5827 0.9516 0.0000
vt 0.9062 0.4831 0.0000
vt 0.9078 0.4575 0.0000
vt 0.8383 0.4831 0.0000
vt 0.8398 0.4575 0.0000
vt 0.7717 0.4832 0.0000
vt 0.7732 0.4576 0.0000
vt 0.7033 0.4826 0.0000
vt 0.7047 0.4571 0.0000
vt 0.6309 0.6321 0.0000
vt 0.6555 0.6238 0.0000
vt 0.6009 0.6369 0.0000
vt 0.5692 0.4195 0.0000
vt 0.5692 0.4524 0.0000
vt 0.5533 0.9551 0.0000
vt 0.4563 0.6760 0.0000
vt 0.4823 0.6752 0.0000
vt 0.4767 0.4011 0.0000
vt 0.5517 0.3996 0.0000
vt 0.5158 0.6088 0.0000
vt 0.5586 0.6123 0.0000
vt 0.4041 0.4013 0.0000
vt 0.5999 0.6116 0.0000
vt 0.3329 0.4014 0.0000
vt 0.6406 0.6048 0.0000
vt 0.2740 0.4014 0.0000
vt 0.6744 0.5930 0.0000
vt 0.9272 0.7015 0.0000
vt 0.9273 0.6778 0.0000
vt 0.9328 0.6861 0.0000
vt 0.9328 0.7059 0.0000
vt 0.2246 0.4006 0.0000
vt 0.3053 0.4000 0.0000
vt 0.1878 0.4016 0.0000
vt 0.5313 0.8666 0.0000
vt 0.5237 0.7335 0.0000
vt 0.3337 0.4820 0.0000
vt 0.2757 0.4822 0.0000
vt 0.5088 0.9833 0.0000
vt 0.4802 0.9738 0.0000
vt 0.4038 0.4819 0.0000
vt 0.4457 0.9686 0.0000
vt 0.4755 0.4818 0.0000
vt 0.4105 0.9685 0.0000
vt 0.5500 0.4802 0.0000
vt 0.3724 0.9700 0.0000
vt 0.7335 0.9685 0.0000
vt 0.6439 0.9016 0.0000
vt 0.1860 0.4826 0.0000
vt 0.3117 0.4825 0.0000
vt 0.2223 0.4835 0.0000
vt 0.7029 0.5789 0.0000
vt 0.6759 0.6069 0.0000
vt 0.6530 0.6385 0.0000
vt 0.6347 0.6729 0.0000
vt 0.6214 0.7095 0.0000
vt 0.6133 0.7475 0.0000
vt 0.6105 0.7863 0.0000
vt 0.6132 0.8251 0.0000
vt 0.6213 0.8632 0.0000
vt 0.6346 0.8997 0.0000
vt 0.6529 0.9341 0.0000
vt 0.6428 0.9150 0.0000
vt 0.6758 0.9656 0.0000
vt 0.7029 0.9856 0.0000
vt 0.7763 0.5026 0.0000
vt 0.7052 0.5018 0.0000
vt 0.3781 0.6429 0.0000
vt 0.4209 0.6490 0.0000
vt 0.8363 0.5025 0.0000
vt 0.4560 0.6527 0.0000
vt 0.8975 0.5025 0.0000
vt 0.4915 0.6513 0.0000
vt 0.9503 0.5026 0.0000
vt 0.5218 0.6450 0.0000
vt 0.9908 0.4850 0.0000
vt 0.9744 0.5034 0.0000
vt 0.9147 0.5033 0.0000
vt 0.0111 0.3780 0.0000
vt 0.0106 0.3809 0.0000
vt 0.0035 0.3809 0.0000
vt 0.0031 0.3780 0.0000
vt 0.8984 0.4436 0.0000
vt 0.9507 0.4437 0.0000
vt 0.6878 0.9855 0.0000
vt 0.6531 0.9782 0.0000
vt 0.8379 0.4436 0.0000
vt 0.6123 0.9768 0.0000
vt 0.7784 0.4437 0.0000
vt 0.5718 0.9814 0.0000
vt 0.7174 0.4432 0.0000
vt 0.5301 0.9865 0.0000
vt 0.9272 0.6778 0.0000
vt 0.9272 0.6975 0.0000
vt 0.9213 0.7052 0.0000
vt 0.9203 0.6823 0.0000
vt 0.9907 0.4437 0.0000
vt 0.9119 0.4430 0.0000
vt 0.9743 0.4429 0.0000
# 4296 texture coords

o Cuerpo_Dron
g Cuerpo_Dron
usemtl Material__29
s off
f 1/1/1 2/2/2 3/3/3 4/4/4 
f 1/1/1 4/4/4 5/5/4 6/6/4 
f 1/1/1 6/6/4 7/7/4 8/8/4 
f 1/1/1 8/8/4 9/9/4 10/10/5 
f 11/11/6 12/12/6 13/13/6 14/14/6 
f 15/15/7 16/16/7 17/17/7 18/18/7 
f 15/15/7 18/18/7 19/19/7 20/20/7 
f 21/21/7 22/22/7 23/23/7 24/24/7 
f 21/21/7 24/24/7 25/25/7 26/26/7 
f 27/27/8 15/28/9 20/29/10 28/30/11 
f 29/31/12 30/32/13 31/33/14 32/34/15 
f 33/35/16 34/36/16 35/37/16 36/38/16 
f 33/35/16 36/38/16 37/39/16 
f 37/39/16 38/40/7 39/41/7 40/42/7 
f 37/39/16 40/42/7 41/43/7 33/35/16 
f 42/44/16 13/45/16 12/46/16 43/47/16 
f 42/44/16 43/47/16 44/48/16 
f 14/49/17 13/50/17 42/51/18 45/52/19 
f 46/53/20 47/54/21 48/55/22 49/56/23 
f 50/57/24 46/58/25 49/59/26 51/60/27 
f 50/57/24 51/60/27 52/61/28 53/62/29 
f 54/63/30 55/64/31 56/65/32 57/66/33 
f 54/63/30 57/66/33 58/67/34 59/68/35 
f 60/69/36 61/70/37 62/71/38 63/72/39 
f 62/71/38 64/73/40 63/72/39 
f 60/69/36 63/72/39 65/74/41 66/75/41 
f 60/69/36 66/75/41 67/76/41 68/77/41 
f 69/78/42 60/69/36 68/77/41 
f 40/42/7 70/79/7 71/80/7 22/22/7 
f 40/42/7 22/22/7 21/21/7 41/43/7 
f 72/81/43 73/82/44 74/83/45 75/84/46 
f 72/81/43 75/84/46 76/85/47 
f 61/86/48 71/87/49 70/88/50 62/89/51 
f 77/90/52 29/91/53 32/92/54 78/93/55 
f 32/92/54 79/94/56 78/93/55 
f 77/90/52 78/93/55 80/95/57 
f 77/90/52 80/95/57 81/96/57 82/97/57 
f 77/90/52 82/97/57 83/98/58 
f 72/99/59 36/100/60 35/101/61 73/102/61 
f 84/103/62 11/104/63 14/105/64 45/106/65 
f 84/103/62 45/106/65 85/107/66 
f 58/108/67 39/109/68 38/110/69 59/111/70 
f 55/64/31 53/62/29 52/61/28 86/112/71 
f 52/61/28 87/113/72 86/112/71 
f 55/64/31 86/112/71 88/114/71 89/115/71 
f 55/64/31 89/115/71 90/116/71 91/117/71 
f 55/64/31 91/117/71 92/118/73 56/65/32 
f 93/119/7 41/43/7 21/21/7 17/17/7 
f 31/120/7 30/121/7 94/122/7 93/119/7 
f 31/120/7 93/119/7 17/17/7 16/16/7 
f 43/47/16 33/35/16 41/43/7 93/119/7 
f 48/123/7 47/124/7 44/48/16 43/47/16 
f 48/123/7 43/47/16 93/119/7 94/122/7 
f 12/46/16 34/36/16 33/35/16 43/47/16 
f 17/17/7 21/21/7 26/26/7 18/18/7 
f 95/125/74 24/126/75 23/127/76 96/128/77 
f 97/129/78 27/130/79 28/131/80 1/1/1 
f 28/131/80 98/132/81 1/1/1 
f 1/1/1 10/10/5 99/133/80 100/134/80 
f 97/129/78 1/1/1 100/134/80 100/135/80 
f 101/136/82 97/129/78 100/135/80 
f 2/2/2 102/137/83 95/138/84 103/139/85 
f 95/138/84 96/140/86 103/139/85 
f 103/139/85 104/141/87 105/142/84 
f 2/2/2 103/139/85 105/142/84 106/143/84 
f 3/3/3 2/2/2 106/143/84 
f 1/1/1 18/144/88 26/145/89 2/2/2 
f 73/146/6 35/147/6 34/148/6 74/149/6 
f 74/149/6 34/148/6 12/12/6 11/11/6 
f 107/150/90 72/81/43 76/85/47 108/151/91 
f 62/71/38 109/152/92 64/73/40 
f 110/153/93 58/67/34 57/66/33 
f 111/154/94 109/155/95 62/89/51 70/88/50 
f 111/154/94 70/88/50 112/156/96 
f 113/157/97 61/70/37 60/69/36 114/158/98 
f 32/92/54 115/159/99 116/160/100 79/94/56 
f 71/80/7 117/161/7 22/22/7 
f 117/161/7 23/23/7 22/22/7 
f 39/41/7 112/162/7 40/42/7 
f 112/162/7 70/79/7 40/42/7 
f 36/38/16 118/163/7 37/39/16 
f 118/163/7 38/40/7 37/39/16 
f 115/159/99 27/130/79 97/129/78 116/160/100 
f 49/59/26 119/164/101 51/60/27 
f 120/165/102 29/91/53 77/90/52 
f 121/166/103 119/167/104 49/56/23 48/55/22 
f 121/166/103 48/55/22 122/168/105 
f 123/169/106 46/58/25 50/57/24 124/170/107 
f 47/124/7 125/171/7 44/48/16 
f 125/171/7 42/44/16 44/48/16 
f 30/121/7 122/172/7 94/122/7 
f 122/172/7 48/123/7 94/122/7 
f 15/15/7 126/173/7 16/16/7 
f 126/173/7 31/120/7 16/16/7 
f 2/2/2 26/145/89 25/174/108 102/137/83 
f 102/137/83 25/174/108 24/175/75 95/138/74 
f 18/144/88 1/1/1 98/132/81 19/176/109 
f 19/176/109 98/132/81 28/131/11 20/177/10 
f 47/54/21 46/53/20 123/178/110 125/179/111 
f 125/179/111 123/178/110 45/52/19 42/51/18 
f 45/106/65 123/169/106 124/170/107 85/107/66 
f 122/168/105 30/32/13 29/31/12 120/180/112 
f 122/168/105 120/180/112 121/166/103 
f 15/28/9 27/27/8 115/181/113 126/182/114 
f 126/182/114 115/181/113 32/34/15 31/33/14 
f 71/87/49 61/86/48 113/183/115 117/184/116 
f 117/184/116 113/183/115 96/128/77 23/127/76 
f 96/140/86 113/157/97 114/158/98 103/139/85 
f 112/156/96 39/109/68 58/108/67 110/185/117 
f 112/156/96 110/185/117 111/154/94 
f 36/100/60 72/99/59 107/186/118 118/187/119 
f 118/187/119 107/186/118 59/111/70 38/110/69 
f 59/68/35 107/150/90 108/151/91 54/63/30 
f 76/85/47 127/188/120 108/151/91 
f 127/188/120 54/63/30 108/151/91 
f 110/185/117 128/189/121 111/154/94 
f 128/189/121 109/155/95 111/154/94 
f 60/69/36 129/190/122 114/158/98 
f 129/190/122 103/139/85 114/158/98 
f 97/129/78 130/191/123 116/160/100 
f 130/191/123 79/94/56 116/160/100 
f 120/180/112 131/192/124 121/166/103 
f 131/192/124 119/167/104 121/166/103 
f 50/57/24 132/193/125 124/170/107 
f 132/193/125 85/107/66 124/170/107 
f 53/62/29 55/64/31 133/194/126 134/195/127 
f 134/195/127 133/194/126 75/84/46 84/103/62 
f 135/196/128 136/197/129 137/198/130 138/199/130 
f 135/196/128 138/199/130 139/200/131 
f 140/201/132 141/202/133 142/203/134 143/204/135 
f 135/196/128 56/65/32 92/118/73 144/205/136 
f 135/196/128 144/205/136 145/206/136 136/197/129 
f 52/61/28 142/203/134 141/202/133 146/207/137 
f 52/61/28 146/207/137 147/208/137 87/113/72 
f 64/73/40 109/152/92 128/209/138 148/210/139 
f 148/211/139 128/212/138 110/153/93 57/66/33 
f 51/60/27 119/164/101 131/213/140 149/214/141 
f 149/215/141 131/216/140 120/165/102 77/90/52 
f 150/217/142 151/218/143 129/190/122 152/219/142 
f 129/190/122 60/69/36 69/78/42 153/220/142 
f 129/190/122 153/220/142 152/219/142 
f 103/139/85 129/190/122 151/218/143 154/221/144 
f 103/139/85 154/221/144 104/141/87 
f 79/94/56 130/191/123 155/222/145 156/223/146 
f 79/94/56 156/223/146 157/224/146 158/225/146 
f 78/93/55 79/94/56 158/225/146 
f 130/191/123 97/129/78 101/136/82 159/226/147 
f 155/222/145 130/191/123 159/226/147 
f 55/64/31 54/63/30 127/188/120 133/194/126 
f 133/194/126 127/188/120 76/85/47 75/84/46 
f 148/211/139 135/196/128 139/200/131 160/227/148 
f 148/211/139 160/227/148 63/228/39 64/229/40 
f 135/196/128 148/211/139 57/66/33 56/65/32 
f 52/61/28 51/60/27 149/214/141 142/203/134 
f 142/203/134 149/214/141 77/230/52 161/231/149 
f 77/230/52 83/232/58 161/231/149 
f 143/204/135 142/203/134 161/231/149 
f 84/103/62 85/107/66 132/193/125 134/195/127 
f 134/195/127 132/193/125 50/57/24 53/62/29 
f 74/83/45 11/104/63 84/103/62 75/84/46 
f 88/233/150 162/234/151 163/235/152 89/236/153 
f 86/237/154 164/238/155 162/234/151 88/233/150 
f 147/239/156 165/240/157 164/238/155 86/237/154 
f 147/239/156 86/237/154 87/241/158 
f 146/242/159 166/243/160 165/244/157 147/245/156 
f 140/246/161 167/247/162 166/243/160 146/242/159 
f 140/246/161 146/242/159 141/248/163 
f 143/249/164 161/250/165 168/251/166 167/247/162 
f 143/249/164 167/247/162 140/246/161 
f 82/252/167 169/253/168 168/251/166 161/250/165 
f 82/252/167 161/250/165 83/254/169 
f 81/255/170 170/256/171 169/253/168 82/252/167 
f 80/257/172 171/258/173 170/256/171 81/255/170 
f 78/259/174 158/260/175 172/261/176 171/258/173 
f 78/259/174 171/258/173 80/257/172 
f 173/262/177 172/261/176 158/260/175 157/263/178 
f 156/264/179 173/262/177 157/263/178 
f 159/265/180 174/266/181 173/262/177 156/264/179 
f 159/265/180 156/264/179 155/267/182 
f 100/268/183 100/269/184 175/270/185 174/266/181 
f 100/268/183 174/266/181 159/265/180 101/271/183 
f 99/272/186 176/273/187 175/270/185 100/269/184 
f 177/274/188 176/275/187 99/276/186 10/277/189 
f 177/274/188 10/277/189 9/278/190 
f 178/279/191 177/274/188 9/278/190 8/280/192 
f 179/281/193 178/279/191 8/280/192 7/282/194 
f 180/283/195 179/281/193 7/282/194 6/284/196 
f 181/285/197 180/283/195 6/284/196 5/286/198 
f 182/287/199 181/285/197 5/286/198 4/288/200 
f 183/289/201 182/287/199 4/288/200 3/290/202 
f 183/289/201 3/290/202 106/291/203 
f 105/292/204 184/293/205 183/294/201 106/295/203 
f 154/296/206 185/297/207 184/293/205 105/292/204 
f 154/296/206 105/292/204 104/298/208 
f 151/299/209 150/300/210 186/301/211 185/297/207 
f 151/299/209 185/297/207 154/296/206 
f 153/302/212 187/303/213 186/301/211 150/300/210 
f 153/302/212 150/300/210 152/304/214 
f 69/305/215 68/306/215 67/307/216 188/308/217 
f 69/305/215 188/308/217 187/303/213 153/302/212 
f 66/309/218 189/310/219 188/308/217 67/307/216 
f 65/311/220 190/312/221 189/310/219 66/309/218 
f 160/313/222 139/314/222 138/315/223 191/316/224 
f 160/313/222 191/316/224 190/312/221 65/311/220 
f 160/313/222 65/311/220 63/317/222 
f 137/318/225 192/319/226 191/316/224 138/315/223 
f 145/320/227 193/321/228 192/319/226 137/318/225 
f 145/320/227 137/318/225 136/322/229 
f 144/323/230 194/324/231 193/321/228 145/320/227 
f 92/325/232 91/326/233 195/327/234 194/328/231 
f 92/325/232 194/328/231 144/329/230 
f 186/330/235 187/331/236 196/332/237 197/333/238 
f 90/334/239 198/335/240 195/327/234 91/326/233 
f 89/236/153 163/235/152 198/335/240 90/334/239 
f 196/332/237 199/336/241 200/337/242 201/338/243 
f 194/339/244 195/340/245 202/341/246 203/342/247 
f 184/343/248 185/344/249 204/345/250 205/346/251 
f 163/347/252 162/348/253 206/349/254 207/350/255 
f 182/351/256 183/352/257 208/353/258 209/354/259 
f 171/355/260 172/356/261 210/357/262 211/358/263 
f 177/359/264 178/360/265 212/361/266 213/362/267 
f 185/344/249 186/330/235 197/333/238 204/345/250 
f 195/340/245 198/363/268 214/364/269 202/341/246 
f 172/356/261 173/365/270 215/366/271 210/357/262 
f 167/367/272 168/368/273 216/369/274 217/370/275 
f 183/371/257 184/343/248 205/346/251 208/372/258 
f 174/373/276 175/374/277 218/375/278 219/376/279 
f 178/360/265 179/377/280 220/378/281 212/361/266 
f 168/368/273 169/379/282 221/380/283 216/369/274 
f 165/381/284 166/382/285 222/383/286 223/384/287 
f 166/382/285 167/367/272 217/370/275 222/383/286 
f 176/385/288 177/359/264 213/362/267 224/386/289 
f 175/374/277 176/387/288 224/388/289 218/375/278 
f 193/389/290 194/390/244 203/391/247 225/392/291 
f 180/393/292 181/394/293 226/395/294 227/396/295 
f 164/397/296 165/240/284 223/398/287 228/399/297 
f 188/400/298 189/401/299 229/402/300 199/336/241 
f 173/365/270 174/373/276 219/376/279 215/366/271 
f 187/331/236 188/400/298 199/336/241 196/332/237 
f 181/394/293 182/351/256 209/354/259 226/395/294 
f 189/401/299 190/403/301 230/404/302 229/402/300 
f 162/348/253 164/397/296 228/399/297 206/349/254 
f 169/379/282 170/405/303 231/406/304 221/380/283 
f 190/403/301 191/407/305 232/408/306 230/404/302 
f 170/405/303 171/355/260 211/358/263 231/406/304 
f 191/407/305 192/409/307 233/410/308 232/408/306 
f 198/363/268 163/347/252 207/350/255 214/364/269 
f 192/409/307 193/389/290 225/392/291 233/410/308 
f 179/377/280 180/393/292 227/396/295 220/378/281 
f 234/411/309 235/412/310 236/413/311 237/414/312 
f 211/358/263 210/357/262 238/415/313 239/416/314 
f 230/404/302 232/408/306 240/417/315 241/418/316 
f 210/357/262 215/366/271 242/419/317 238/415/313 
f 232/408/306 233/410/308 243/420/318 240/417/315 
f 219/376/279 218/375/278 234/421/309 244/422/319 
f 203/342/247 202/341/246 245/423/320 246/424/321 
f 214/364/269 207/350/255 247/425/322 248/426/323 
f 224/386/289 213/362/267 249/427/324 235/412/310 
f 207/350/255 206/349/254 250/428/325 247/425/322 
f 217/370/275 216/369/274 251/429/326 252/430/327 
f 227/396/295 226/395/294 253/431/328 254/432/329 
f 223/384/287 222/383/286 255/433/330 256/434/331 
f 216/369/274 221/380/283 257/435/332 251/429/326 
f 226/395/294 209/354/259 258/436/333 253/431/328 
f 222/383/286 217/370/275 252/430/327 255/433/330 
f 215/366/271 219/376/279 244/422/319 242/419/317 
f 205/346/251 204/345/250 259/437/334 260/438/335 
f 221/380/283 231/406/304 261/439/336 257/435/332 
f 220/378/281 227/396/295 254/432/329 262/440/337 
f 204/345/250 197/333/238 263/441/338 259/437/334 
f 231/406/304 211/358/263 239/416/314 261/439/336 
f 202/341/246 214/364/269 248/426/323 245/423/320 
f 199/336/241 229/402/300 264/442/339 200/337/242 
f 213/362/267 212/361/266 265/443/340 249/427/324 
f 206/349/254 228/399/297 266/444/341 250/428/325 
f 229/402/300 230/404/302 241/418/316 264/442/339 
f 212/361/266 220/378/281 262/440/337 265/443/340 
f 218/445/278 224/386/289 235/412/310 234/411/309 
f 233/410/308 225/392/291 267/446/342 243/420/318 
f 197/333/238 196/332/237 201/338/243 263/441/338 
f 209/354/259 208/353/258 268/447/343 258/436/333 
f 225/392/291 203/391/247 246/448/321 267/446/342 
f 208/353/258 205/449/251 260/450/335 268/447/343 
f 228/399/297 223/398/287 256/451/331 266/444/341 
f 269/452/344 270/453/345 271/454/346 272/455/347 
f 243/420/318 267/446/342 273/456/348 274/457/349 
f 263/441/338 201/338/243 275/458/350 276/459/351 
f 258/436/333 268/447/343 277/460/352 278/461/353 
f 267/446/342 246/448/321 279/462/354 273/456/348 
f 268/447/343 260/450/335 280/463/355 277/460/352 
f 266/464/341 256/434/331 281/465/356 282/466/357 
f 201/338/243 200/337/242 283/467/358 275/458/350 
f 239/416/314 238/415/313 284/468/359 285/469/360 
f 241/418/316 240/417/315 286/470/361 287/471/362 
f 238/415/313 242/419/317 288/472/363 284/468/359 
f 240/417/315 243/420/318 274/457/349 286/470/361 
f 244/422/319 234/421/309 237/473/312 289/474/364 
f 246/448/321 245/475/320 290/476/365 279/462/354 
f 248/426/323 247/425/322 291/477/366 292/478/367 
f 235/412/310 249/427/324 293/479/368 236/413/311 
f 247/425/322 250/428/325 294/480/369 291/477/366 
f 252/430/327 251/429/326 295/481/370 296/482/371 
f 254/432/329 253/431/328 297/483/372 270/453/345 
f 256/434/331 255/433/330 298/484/373 281/465/356 
f 251/429/326 257/435/332 299/485/374 295/481/370 
f 253/431/328 258/436/333 278/461/353 297/483/372 
f 255/433/330 252/430/327 296/482/371 298/484/373 
f 242/419/317 244/422/319 289/474/364 288/472/363 
f 260/438/335 259/437/334 300/486/375 280/487/355 
f 257/435/332 261/439/336 301/488/376 299/485/374 
f 262/440/337 254/432/329 270/453/345 269/452/344 
f 259/437/334 263/441/338 276/459/351 300/486/375 
f 261/439/336 239/416/314 285/469/360 301/488/376 
f 245/489/320 248/490/323 292/491/367 290/492/365 
f 200/337/242 264/442/339 302/493/377 283/467/358 
f 249/427/324 265/443/340 303/494/378 293/479/368 
f 250/495/325 266/496/341 282/497/357 294/498/369 
f 264/442/339 241/418/316 287/471/362 302/493/377 
f 265/443/340 262/440/337 269/452/344 303/494/378 
f 304/499/379 305/500/379 306/501/379 307/502/379 
f 304/499/379 307/502/379 308/503/379 309/504/379 
f 304/499/379 309/504/379 310/505/379 311/506/379 
f 304/499/379 311/506/379 312/507/379 313/508/379 
f 304/499/379 313/508/379 314/509/379 315/510/379 
f 304/499/379 315/510/379 316/511/379 317/512/379 
f 304/499/379 317/512/379 318/513/379 319/514/380 
f 304/499/379 319/514/380 320/515/381 272/455/347 
f 304/499/379 272/455/347 271/454/346 321/516/382 
f 304/499/379 321/516/382 322/517/383 323/518/379 
f 304/499/379 323/518/379 324/519/379 325/520/379 
f 304/499/379 325/520/379 326/521/379 327/522/379 
f 304/499/379 327/522/379 328/523/379 329/524/379 
f 304/499/379 329/524/379 330/525/379 331/526/379 
f 304/499/379 331/526/379 332/527/379 333/528/379 
f 304/499/379 333/528/379 334/529/379 335/530/379 
f 304/499/379 335/530/379 336/531/379 
f 300/486/375 276/459/351 326/532/384 325/533/385 
f 301/488/376 285/469/360 313/534/386 312/535/387 
f 290/492/365 292/491/367 336/536/388 335/537/389 
f 283/467/358 302/493/377 329/538/390 328/539/391 
f 293/479/368 303/494/378 320/515/381 319/514/380 
f 294/498/369 282/497/357 306/540/392 305/541/393 
f 302/493/377 287/471/362 330/542/394 329/538/390 
f 303/494/378 269/452/344 272/455/347 320/515/381 
f 237/414/312 236/413/311 318/513/395 317/512/396 
f 274/457/349 273/456/348 333/543/397 332/544/398 
f 276/459/351 275/458/350 327/545/399 326/532/384 
f 278/461/353 277/460/352 323/518/400 322/517/383 
f 273/456/348 279/462/354 334/546/401 333/543/397 
f 277/460/352 280/463/355 324/519/402 323/518/400 
f 282/466/357 281/465/356 307/547/403 306/548/392 
f 275/458/350 283/467/358 328/539/391 327/545/399 
f 285/469/360 284/468/359 314/549/404 313/534/386 
f 287/471/362 286/470/361 331/550/405 330/542/394 
f 284/468/359 288/472/363 315/551/406 314/549/404 
f 286/470/361 274/457/349 332/544/398 331/550/405 
f 289/552/364 237/414/312 317/512/396 316/511/407 
f 279/462/354 290/476/365 335/553/389 334/546/401 
f 292/491/367 291/554/366 304/555/408 336/536/388 
f 236/413/311 293/479/368 319/514/380 318/513/395 
f 291/554/366 294/498/369 305/541/393 304/555/408 
f 296/482/371 295/481/370 310/556/409 309/557/410 
f 270/453/345 297/483/372 321/516/382 271/454/346 
f 281/465/356 298/484/373 308/558/411 307/547/403 
f 295/481/370 299/485/374 311/559/412 310/556/409 
f 297/483/372 278/461/353 322/517/383 321/516/382 
f 298/484/373 296/482/371 309/557/410 308/558/411 
f 288/472/363 289/474/364 316/560/407 315/551/406 
f 280/463/355 300/561/375 325/520/385 324/519/402 
f 299/485/374 301/488/376 312/535/387 311/559/412 
usemtl Material__25
f 337/562/413 338/563/413 339/564/414 340/565/414 
f 340/565/414 339/564/414 341/566/415 342/567/415 
f 342/567/415 341/566/415 343/568/416 344/569/416 
f 344/569/416 343/568/416 345/570/417 346/571/417 
f 346/571/417 345/570/417 347/572/418 348/573/418 
f 348/573/418 347/572/418 349/574/419 350/575/419 
f 350/575/419 349/574/419 351/576/420 352/577/420 
f 352/577/420 351/576/420 353/578/421 354/579/421 
f 354/579/421 353/578/421 355/580/422 356/581/422 
f 356/581/422 355/580/422 357/582/423 358/583/423 
f 358/583/423 357/582/423 359/584/424 360/585/424 
f 360/585/424 359/584/424 361/586/425 362/587/425 
f 362/587/425 361/586/425 363/588/426 364/589/426 
f 364/590/426 363/591/426 365/592/427 366/593/427 
f 366/593/427 365/592/427 367/594/428 368/595/428 
f 368/595/428 367/594/428 369/596/429 370/597/429 
f 370/597/429 369/596/429 371/598/430 372/599/430 
f 372/599/430 371/598/430 373/600/431 374/601/431 
f 374/601/431 373/600/431 375/602/432 376/603/432 
f 376/603/432 375/602/432 377/604/433 378/605/433 
f 378/605/433 377/604/433 379/606/434 380/607/434 
f 380/607/434 379/606/434 381/608/435 382/609/435 
f 382/609/435 381/608/435 383/610/436 384/611/436 
f 384/611/436 383/610/436 385/612/437 386/613/437 
f 386/614/437 385/615/437 387/616/438 388/617/438 
f 388/617/438 387/616/438 389/618/439 390/619/439 
f 390/619/439 389/618/439 391/620/440 392/621/440 
f 392/621/440 391/620/440 393/622/441 394/623/441 
f 394/623/441 393/622/441 395/624/442 396/625/442 
f 396/625/442 395/624/442 397/626/443 398/627/443 
f 398/627/443 397/626/443 399/628/444 400/629/444 
f 400/629/444 399/628/444 401/630/445 402/631/445 
f 402/631/445 401/630/445 403/632/446 404/633/446 
f 404/633/446 403/632/446 405/634/447 406/635/447 
f 406/635/447 405/634/447 407/636/448 408/637/448 
f 408/637/448 407/636/448 409/638/449 410/639/449 
f 410/640/449 409/641/449 411/642/450 412/643/450 
f 412/643/450 411/642/450 413/644/451 414/645/451 
f 414/645/451 413/644/451 415/646/452 416/647/452 
f 416/647/452 415/646/452 417/648/453 418/649/453 
f 418/649/453 417/648/453 419/650/454 420/651/454 
f 420/651/454 419/650/454 421/652/455 422/653/455 
f 422/653/455 421/652/455 423/654/456 424/655/456 
f 387/656/16 385/657/16 425/658/16 426/659/16 
f 424/655/456 423/654/456 427/660/457 428/661/457 
f 428/661/457 427/660/457 338/563/413 337/562/413 
f 368/662/458 370/663/459 429/664/459 430/665/458 
f 431/666/460 432/667/461 433/668/461 434/669/460 
f 386/670/462 388/671/463 435/672/463 436/673/462 
f 404/674/464 406/675/465 437/676/465 438/677/464 
f 422/678/466 424/679/467 439/680/467 440/681/466 
f 342/682/468 344/683/469 441/684/469 442/685/468 
f 360/686/470 362/687/471 443/688/471 444/689/470 
f 378/690/472 380/691/473 431/692/473 445/693/472 
f 396/694/474 398/695/475 446/696/475 447/697/474 
f 414/698/476 416/699/477 448/700/477 449/701/476 
f 352/702/478 354/703/479 450/704/479 451/705/478 
f 370/663/459 372/706/480 452/707/480 429/664/459 
f 388/671/463 390/708/481 453/709/481 435/672/463 
f 406/675/465 408/710/482 454/711/482 437/676/465 
f 424/679/467 428/712/483 455/713/483 439/680/467 
f 344/683/469 346/714/484 456/715/484 441/684/469 
f 362/687/471 364/716/485 457/717/485 443/688/471 
f 380/691/473 382/718/486 432/719/486 431/692/473 
f 398/695/475 400/720/487 458/721/487 446/696/475 
f 416/699/477 418/722/488 459/723/488 448/700/477 
f 354/703/479 356/724/489 460/725/489 450/704/479 
f 372/706/480 374/726/490 461/727/490 452/707/480 
f 390/708/481 392/728/491 462/729/491 453/709/481 
f 408/710/482 410/730/492 463/731/492 454/711/482 
f 428/712/483 337/732/493 464/733/494 455/713/483 
f 346/714/484 348/734/495 465/735/495 456/715/484 
f 364/716/485 366/736/496 466/737/496 457/717/485 
f 382/718/486 384/738/497 467/739/497 432/719/486 
f 337/732/493 340/740/498 468/741/498 464/733/494 
f 400/720/487 402/742/499 469/743/499 458/721/487 
f 418/722/488 420/744/500 470/745/500 459/723/488 
f 356/724/489 358/746/501 471/747/501 460/725/489 
f 374/726/490 376/748/502 472/749/502 461/727/490 
f 392/728/491 394/750/503 473/751/503 462/729/491 
f 410/730/492 412/752/504 474/753/504 463/731/492 
f 348/734/495 350/754/505 475/755/505 465/735/495 
f 366/736/496 368/662/458 430/665/458 466/737/496 
f 384/738/497 386/670/462 436/673/462 467/739/497 
f 402/742/499 404/674/464 438/677/464 469/743/499 
f 420/744/500 422/678/466 440/681/466 470/745/500 
f 340/740/498 342/682/468 442/685/468 468/741/498 
f 358/746/501 360/686/470 444/689/470 471/747/501 
f 376/748/502 378/690/472 445/693/472 472/749/502 
f 394/750/503 396/694/474 447/697/474 473/751/503 
f 412/752/504 414/698/476 449/701/476 474/753/504 
f 350/754/505 352/702/478 451/705/478 475/755/505 
f 476/756/506 477/757/506 478/758/506 479/759/506 
f 476/756/506 479/759/506 480/760/506 481/761/506 
f 476/756/506 481/761/506 482/762/506 483/763/506 
f 476/756/506 483/763/506 484/764/506 485/765/506 
f 476/756/506 485/765/506 486/766/506 487/767/506 
f 476/756/506 487/767/506 488/768/506 489/769/506 
f 476/756/506 489/769/506 490/770/506 491/771/506 
f 476/756/506 491/771/506 492/772/506 493/773/506 
f 476/756/506 493/773/506 494/774/506 495/775/506 
f 476/756/506 495/775/506 496/776/506 434/777/506 
f 476/756/506 434/777/506 433/778/506 497/779/506 
f 476/756/506 497/779/506 498/780/506 499/781/506 
f 476/756/506 499/781/506 500/782/506 501/783/506 
f 476/756/506 501/783/506 502/784/506 503/785/506 
f 476/756/506 503/785/506 504/786/506 505/787/506 
f 476/756/506 505/787/506 506/788/506 507/789/506 
f 476/756/506 507/789/506 508/790/506 509/791/506 
f 476/756/506 509/791/506 510/792/506 511/793/506 
f 476/756/506 511/793/506 512/794/506 513/795/506 
f 476/756/506 513/795/506 514/796/506 515/797/506 
f 476/756/506 515/797/506 516/798/506 517/799/506 
f 476/756/506 517/799/506 518/800/506 
f 450/801/507 460/802/508 485/803/508 484/804/507 
f 454/805/509 463/806/510 510/807/510 509/808/509 
f 432/667/461 467/809/511 497/810/511 433/668/461 
f 460/802/508 471/811/512 486/812/512 485/803/508 
f 463/813/510 474/814/513 511/815/513 510/816/510 
f 467/809/511 436/817/514 498/818/514 497/810/511 
f 471/811/512 444/819/515 487/820/515 486/812/512 
f 474/814/513 449/821/516 512/822/516 511/815/513 
f 436/823/514 435/824/517 499/825/517 498/826/514 
f 444/819/515 443/827/518 488/828/518 487/820/515 
f 449/821/516 448/829/519 513/830/519 512/822/516 
f 435/824/517 453/831/520 500/832/520 499/825/517 
f 443/827/518 457/833/521 489/834/521 488/828/518 
f 448/829/519 459/835/522 514/836/522 513/830/519 
f 453/831/520 462/837/523 501/838/523 500/832/520 
f 457/839/521 466/840/524 490/841/524 489/842/521 
f 459/835/522 470/843/525 515/844/525 514/836/522 
f 464/845/526 468/846/527 477/847/527 476/848/526 
f 462/837/523 473/849/528 502/850/528 501/838/523 
f 466/840/524 430/851/529 491/852/529 490/841/524 
f 470/843/525 440/853/530 516/854/530 515/844/525 
f 468/846/527 442/855/531 478/856/531 477/847/527 
f 473/849/528 447/857/532 503/858/532 502/850/528 
f 430/851/529 429/859/533 492/860/533 491/852/529 
f 440/853/530 439/861/534 517/862/534 516/854/530 
f 442/863/531 441/864/535 479/865/535 478/866/531 
f 447/857/532 446/867/536 504/868/536 503/858/532 
f 429/859/533 452/869/537 493/870/537 492/860/533 
f 439/861/534 455/871/538 518/872/538 517/862/534 
f 441/864/535 456/873/539 480/874/539 479/865/535 
f 446/867/536 458/875/540 505/876/540 504/868/536 
f 452/869/537 461/877/541 494/878/541 493/870/537 
f 455/871/538 464/845/526 476/848/526 518/872/538 
f 456/873/539 465/879/542 481/880/542 480/874/539 
f 458/875/540 469/881/543 506/882/543 505/876/540 
f 461/877/541 472/883/544 495/884/544 494/878/541 
f 465/879/542 475/885/545 482/886/545 481/880/542 
f 469/881/543 438/887/546 507/888/546 506/882/543 
f 472/883/544 445/889/547 496/890/547 495/884/544 
f 475/885/545 451/891/548 483/892/548 482/886/545 
f 438/887/546 437/893/549 508/894/549 507/888/546 
f 445/889/547 431/666/460 434/669/460 496/890/547 
f 451/891/548 450/801/507 484/804/507 483/892/548 
f 437/893/549 454/805/509 509/808/509 508/894/549 
f 519/895/528 520/896/523 521/897/523 522/898/528 
f 405/899/16 403/900/16 523/901/16 524/902/16 
f 423/903/16 421/904/16 525/905/16 526/906/16 
f 343/907/16 341/908/16 527/909/16 528/910/16 
f 361/911/16 359/912/550 529/913/550 530/914/16 
f 379/915/16 377/916/16 531/917/16 532/918/16 
f 397/919/16 395/920/16 533/921/16 534/922/16 
f 415/923/550 413/924/16 535/925/16 536/926/550 
f 353/927/16 351/928/16 537/929/16 538/930/16 
f 371/931/16 369/932/16 539/933/16 540/934/16 
f 389/935/550 387/656/16 426/659/16 541/936/550 
f 407/937/16 405/899/16 524/902/16 542/938/16 
f 427/939/550 423/903/16 526/906/16 543/940/550 
f 345/941/16 343/907/16 528/910/16 544/942/16 
f 363/943/550 361/911/16 530/914/16 545/944/550 
f 381/945/16 379/915/16 532/918/16 546/946/16 
f 399/947/550 397/919/16 534/922/16 547/948/550 
f 417/949/550 415/923/550 536/926/550 548/950/550 
f 355/951/16 353/927/16 538/930/16 549/952/16 
f 373/953/16 371/931/16 540/934/16 550/954/16 
f 391/955/550 389/935/550 541/936/550 520/956/550 
f 409/957/550 407/937/16 542/938/16 551/958/550 
f 338/959/16 427/939/550 543/940/550 552/960/16 
f 347/961/16 345/941/16 544/942/16 553/962/16 
f 365/963/550 363/943/550 545/944/550 554/964/550 
f 383/965/550 381/945/16 546/946/16 555/966/550 
f 339/967/16 338/959/16 552/960/16 556/968/16 
f 401/969/550 399/947/550 547/948/550 557/970/550 
f 419/971/16 417/949/550 548/950/550 558/972/16 
f 357/973/550 355/951/16 549/952/16 559/974/550 
f 375/975/16 373/953/16 550/954/16 560/976/16 
f 393/977/16 391/955/550 520/956/550 519/978/16 
f 411/979/550 409/957/550 551/958/550 561/980/550 
f 349/981/16 347/961/16 553/962/16 562/982/16 
f 367/983/550 365/963/550 554/964/550 563/984/550 
f 385/657/16 383/965/550 555/966/550 425/658/16 
f 403/900/16 401/969/550 557/970/550 523/901/16 
f 421/904/16 419/971/16 558/972/16 525/905/16 
f 341/908/16 339/967/16 556/968/16 527/909/16 
f 359/912/550 357/973/550 559/974/550 529/913/550 
f 377/916/16 375/975/16 560/976/16 531/917/16 
f 395/920/16 393/977/16 519/978/16 533/921/16 
f 413/924/16 411/979/550 561/980/550 535/925/16 
f 351/928/16 349/981/16 562/982/16 537/929/16 
f 369/932/16 367/983/550 563/984/550 539/933/16 
f 564/985/550 565/986/550 566/987/550 567/988/550 
f 563/989/529 554/990/524 568/991/524 569/992/529 
f 525/993/530 558/994/525 570/995/525 571/996/530 
f 527/997/531 556/998/527 572/999/527 573/1000/531 
f 533/1001/532 519/895/528 522/898/528 574/1002/532 
f 539/1003/533 563/989/529 569/992/529 575/1004/533 
f 526/1005/534 525/993/530 571/996/530 576/1006/534 
f 528/991/535 527/1007/531 573/1008/531 577/1009/535 
f 534/1010/536 533/1001/532 574/1002/532 578/1011/536 
f 540/1012/537 539/1003/533 575/1004/533 579/1013/537 
f 543/1014/538 526/1005/534 576/1006/534 580/1015/538 
f 544/992/539 528/991/535 577/1009/535 565/1016/539 
f 547/1017/540 534/1010/536 578/1011/536 581/1018/540 
f 550/1019/541 540/1012/537 579/1013/537 582/1020/541 
f 552/1021/526 543/1014/538 580/1015/538 583/1022/526 
f 553/1004/542 544/992/539 565/1016/539 564/1023/542 
f 557/1024/543 547/1017/540 581/1018/540 584/1025/543 
f 560/1026/544 550/1019/541 582/1020/541 585/1027/544 
f 562/1013/545 553/1004/542 564/1023/542 586/1028/545 
f 523/1029/546 557/1024/543 584/1025/543 587/1030/546 
f 531/1031/547 560/1026/544 585/1027/544 588/1032/547 
f 537/1020/548 562/1013/545 586/1028/545 589/1033/548 
f 524/1034/549 523/1029/546 587/1030/546 590/1035/549 
f 532/1036/460 531/1031/547 588/1032/547 591/1037/460 
f 538/1027/507 537/1020/548 589/1033/548 592/1038/507 
f 542/1039/509 524/1034/549 590/1035/549 593/1040/509 
f 546/1041/461 532/1036/460 591/1037/460 594/1042/461 
f 549/1032/508 538/1027/507 592/1038/507 595/1043/508 
f 551/1044/510 542/1039/509 593/1040/509 596/1045/510 
f 555/1046/511 546/1041/461 594/1042/461 597/1047/511 
f 559/1037/512 549/1032/508 595/1043/508 598/1048/512 
f 561/1049/513 551/1008/510 596/842/510 599/1050/513 
f 425/1051/514 555/1046/511 597/1047/511 600/1052/514 
f 529/1042/515 559/1037/512 598/1048/512 601/1053/515 
f 535/1054/516 561/1049/513 599/1050/513 602/1055/516 
f 426/1056/517 425/1057/514 600/826/514 603/1058/517 
f 530/1047/518 529/1042/515 601/1053/515 604/1059/518 
f 536/1060/519 535/1054/516 602/1055/516 605/1061/519 
f 541/1062/520 426/1056/517 603/1058/517 606/1063/520 
f 545/1052/521 530/1047/518 604/1059/518 607/1064/521 
f 548/1065/522 536/1060/519 605/1061/519 608/1066/522 
f 520/896/523 541/1062/520 606/1063/520 521/897/523 
f 554/990/524 545/823/521 607/1007/521 568/991/524 
f 558/994/525 548/1065/522 608/1066/522 570/995/525 
f 556/998/527 552/1021/526 583/1022/526 572/999/527 
f 609/1067/551 610/1068/552 611/1069/553 612/1070/554 
f 584/1071/16 581/1072/16 613/1073/16 614/1074/16 
f 585/1075/16 582/1076/16 615/1077/16 616/1078/16 
f 586/1079/16 564/985/550 567/988/550 617/1080/16 
f 587/1081/16 584/1071/16 614/1074/16 618/1082/16 
f 588/1083/550 585/1075/16 616/1078/16 619/1084/550 
f 589/1085/550 586/1079/16 617/1080/16 620/1086/550 
f 590/1087/16 587/1081/16 618/1082/16 621/1088/16 
f 591/1089/16 588/1083/550 619/1084/550 622/1090/16 
f 592/1091/550 589/1085/550 620/1086/550 610/1092/550 
f 593/1093/550 590/1087/16 621/1088/16 623/1094/550 
f 594/1095/16 591/1089/16 622/1090/16 624/1096/16 
f 595/1097/16 592/1091/550 610/1092/550 609/1098/16 
f 596/1099/16 593/1093/550 623/1094/550 625/1100/16 
f 597/1101/16 594/1095/16 624/1096/16 626/1102/16 
f 598/1103/550 595/1097/16 609/1098/16 627/1104/550 
f 599/1105/16 596/1099/16 625/1100/16 628/1106/16 
f 600/1107/16 597/1101/16 626/1102/16 629/1108/16 
f 601/1109/16 598/1103/550 627/1104/550 630/1110/550 
f 602/1111/16 599/1105/16 628/1106/16 631/1112/16 
f 603/1113/16 600/1107/16 629/1108/16 632/1114/550 
f 604/1115/550 601/1109/16 630/1110/550 633/1116/550 
f 605/1117/16 602/1111/16 631/1112/16 634/1118/16 
f 606/1119/550 603/1113/16 632/1114/550 635/1120/550 
f 607/1121/550 604/1115/550 633/1116/550 636/1122/550 
f 608/1123/16 605/1117/16 634/1118/16 637/1124/16 
f 521/1125/16 606/1119/550 635/1120/550 638/1126/16 
f 568/1127/16 607/1121/550 636/1122/550 639/1128/16 
f 570/1129/16 608/1123/16 637/1124/16 640/1130/16 
f 572/1131/550 583/1132/16 641/1133/16 642/1134/550 
f 522/1135/16 521/1125/16 638/1126/16 643/1136/16 
f 569/1137/16 568/1127/16 639/1128/16 644/1138/16 
f 571/1139/550 570/1129/16 640/1130/16 645/1140/550 
f 573/1141/550 572/1131/550 642/1134/550 646/1142/550 
f 574/1143/16 522/1135/16 643/1136/16 647/1144/16 
f 575/1145/16 569/1137/16 644/1138/16 648/1146/16 
f 576/1147/550 571/1139/550 645/1140/550 649/1148/550 
f 577/1149/550 573/1141/550 646/1142/550 650/1150/550 
f 578/1151/550 574/1143/16 647/1144/16 651/1152/550 
f 579/1153/16 575/1145/16 648/1146/16 652/1154/16 
f 580/1155/550 576/1147/550 649/1148/550 653/1156/550 
f 565/986/550 577/1149/550 650/1150/550 566/987/550 
f 581/1072/16 578/1151/550 651/1152/550 613/1073/16 
f 582/1076/16 579/1153/16 652/1154/16 615/1077/16 
f 583/1132/16 580/1155/550 653/1156/550 641/1133/16 
f 654/1157/555 655/1158/556 656/1159/557 657/1160/558 
f 625/1100/559 623/1094/560 658/1161/561 659/1162/562 
f 626/1163/563 624/1164/564 660/1165/565 661/1166/566 
f 627/1167/567 609/1067/551 612/1070/554 662/1168/568 
f 628/1106/569 625/1100/559 659/1162/562 663/1169/570 
f 629/1108/571 626/1102/563 661/1170/566 664/1171/572 
f 630/1172/573 627/1167/567 662/1168/568 665/1173/574 
f 631/1174/575 628/1175/569 663/1176/570 666/1177/576 
f 632/1114/577 629/1108/571 664/1171/572 655/1158/556 
f 633/1178/578 630/1172/573 665/1173/574 667/1179/579 
f 634/1180/580 631/1174/575 666/1177/576 668/1181/581 
f 635/1120/582 632/1114/577 655/1158/556 654/1157/555 
f 636/1122/583 633/1116/578 667/1182/579 669/1183/584 
f 637/1184/585 634/1180/580 668/1181/581 670/1185/586 
f 638/1186/587 635/1187/582 654/1188/555 671/1189/588 
f 639/1128/589 636/1122/583 669/1183/584 672/1190/590 
f 640/1191/591 637/1184/585 670/1185/586 673/1192/592 
f 642/1134/593 641/1133/594 674/1193/595 675/1194/596 
f 643/1195/597 638/1186/587 671/1189/588 676/1196/598 
f 644/1197/599 639/1198/589 672/1199/590 677/1200/600 
f 645/1201/601 640/1191/591 673/1192/592 678/1202/602 
f 646/1142/603 642/1134/593 675/1194/596 679/1203/604 
f 647/1204/605 643/1195/597 676/1196/598 680/1205/606 
f 648/1206/607 644/1197/599 677/1200/600 681/1207/608 
f 649/1208/609 645/1201/601 678/1202/602 682/1209/610 
f 650/1150/611 646/1142/603 679/1203/604 683/1210/612 
f 651/1192/613 647/1204/605 680/1205/606 684/1211/614 
f 652/1212/615 648/1206/607 681/1207/608 685/1213/616 
f 653/1214/617 649/1208/609 682/1209/610 686/1215/618 
f 566/1216/619 650/1217/611 683/1218/612 687/1219/620 
f 613/1220/621 651/1192/613 684/1211/614 688/1221/622 
f 615/1222/623 652/1212/615 685/1213/616 689/1223/624 
f 641/1224/594 653/1214/617 686/1215/618 674/1225/595 
f 567/1226/625 566/1216/619 687/1219/620 690/1227/626 
f 614/1228/627 613/1220/621 688/1221/622 691/1229/628 
f 616/1230/629 615/1222/623 689/1223/624 692/1231/630 
f 617/1232/631 567/1226/625 690/1227/626 693/1233/632 
f 618/1234/633 614/1228/627 691/1229/628 694/1235/634 
f 619/1236/635 616/1230/629 692/1231/630 695/1237/636 
f 620/1238/637 617/1232/631 693/1233/632 696/1239/638 
f 621/1240/639 618/1234/633 694/1235/634 697/1241/640 
f 622/1242/641 619/1236/635 695/1237/636 698/1243/642 
f 610/1068/552 620/1238/637 696/1239/638 611/1069/553 
f 623/1094/560 621/1088/639 697/1244/640 658/1161/561 
f 624/1164/564 622/1242/641 698/1243/642 660/1165/565 
f 699/1245/643 700/1246/644 701/1247/645 702/1248/646 
f 669/1183/584 667/1182/579 703/1249/647 704/1250/648 
f 670/1251/586 668/1252/581 705/1253/649 706/1254/650 
f 671/1255/588 654/1157/555 657/1160/558 707/1256/651 
f 672/1190/590 669/1183/584 704/1250/648 708/1257/652 
f 673/1258/592 670/1251/586 706/1254/650 709/1259/653 
f 675/1194/596 674/1193/595 710/1260/654 711/1261/655 
f 676/1262/598 671/1255/588 707/1256/651 712/1263/656 
f 677/1264/600 672/1190/590 708/1257/652 713/1265/657 
f 678/1266/602 673/1258/592 709/1259/653 714/1267/658 
f 679/1203/604 675/1194/596 711/1261/655 700/1246/644 
f 680/1268/606 676/1262/598 712/1263/656 715/1269/659 
f 681/1270/608 677/1264/600 713/1265/657 716/1271/660 
f 682/1272/610 678/1266/602 714/1267/658 717/1273/661 
f 683/1210/612 679/1203/604 700/1246/644 699/1245/643 
f 684/1274/614 680/1268/606 715/1269/659 718/1275/662 
f 685/1276/616 681/1270/608 716/1271/660 719/1277/663 
f 686/1278/618 682/1272/610 717/1273/661 720/1279/664 
f 687/1280/620 683/1210/612 699/1245/643 721/1281/665 
f 688/1282/622 684/1274/614 718/1275/662 722/1283/666 
f 689/1284/624 685/1276/616 719/1277/663 723/1285/667 
f 674/1193/595 686/1278/618 720/1279/664 710/1260/654 
f 690/1286/626 687/1280/620 721/1281/665 724/1287/668 
f 691/1288/628 688/1282/622 722/1283/666 725/1289/669 
f 692/1290/630 689/1284/624 723/1285/667 726/1291/670 
f 693/1292/632 690/1286/626 724/1287/668 727/1293/671 
f 694/1294/634 691/1288/628 725/1289/669 728/1295/672 
f 695/1296/636 692/1290/630 726/1291/670 729/1297/673 
f 696/1298/638 693/1292/632 727/1293/671 730/1299/674 
f 697/1244/640 694/1294/634 728/1295/672 731/1300/675 
f 698/1301/642 695/1296/636 729/1297/673 732/1302/676 
f 611/1303/553 696/1298/638 730/1299/674 733/1304/677 
f 658/1161/561 697/1244/640 731/1300/675 734/1305/678 
f 660/1306/565 698/1301/642 732/1302/676 735/1307/679 
f 612/1308/554 611/1303/553 733/1304/677 736/1309/680 
f 659/1162/562 658/1161/561 734/1305/678 737/1310/681 
f 661/1170/566 660/1306/565 735/1307/679 738/1311/682 
f 662/1312/568 612/1308/554 736/1309/680 739/1313/683 
f 663/1169/570 659/1162/562 737/1310/681 740/1314/684 
f 664/1171/572 661/1170/566 738/1311/682 741/1315/685 
f 665/1316/574 662/1312/568 739/1313/683 742/1317/686 
f 666/1318/576 663/1169/570 740/1314/684 743/1319/687 
f 655/1158/556 664/1171/572 741/1315/685 656/1159/557 
f 667/1182/579 665/1316/574 742/1317/686 703/1249/647 
f 668/1252/581 666/1318/576 743/1319/687 705/1253/649 
f 744/1320/688 745/1321/689 746/1322/690 747/1323/691 
f 718/1275/662 715/1269/659 748/1324/692 749/1325/693 
f 719/1277/663 716/1271/660 750/1326/694 751/1327/695 
f 720/1279/664 717/1273/661 752/1328/696 753/1329/697 
f 721/1281/665 699/1245/643 702/1248/646 754/1330/698 
f 722/1283/666 718/1275/662 749/1325/693 755/1331/699 
f 723/1285/667 719/1277/663 751/1327/695 756/1332/700 
f 710/1260/654 720/1279/664 753/1329/697 757/1333/701 
f 724/1287/668 721/1281/665 754/1330/698 758/1334/702 
f 725/1289/669 722/1283/666 755/1331/699 759/1335/703 
f 726/1291/670 723/1285/667 756/1332/700 760/1336/704 
f 727/1293/671 724/1287/668 758/1334/702 745/1321/689 
f 728/1295/672 725/1289/669 759/1335/703 761/1337/705 
f 729/1297/673 726/1291/670 760/1336/704 762/1338/706 
f 730/1299/674 727/1293/671 745/1321/689 744/1320/688 
f 731/1300/675 728/1295/672 761/1337/705 763/1339/707 
f 732/1302/676 729/1297/673 762/1338/706 764/1340/708 
f 733/1304/677 730/1299/674 744/1320/688 765/1341/709 
f 734/1305/678 731/1300/675 763/1339/707 766/1342/710 
f 735/1307/679 732/1302/676 764/1340/708 767/1343/711 
f 736/1309/680 733/1304/677 765/1341/709 768/1344/712 
f 737/1310/681 734/1305/678 766/1342/710 769/1345/713 
f 738/1311/682 735/1307/679 767/1343/711 770/1346/714 
f 739/1313/683 736/1309/680 768/1344/712 771/1347/715 
f 740/1314/684 737/1310/681 769/1345/713 772/1348/716 
f 741/1315/685 738/1311/682 770/1346/714 773/1349/717 
f 742/1317/686 739/1313/683 771/1347/715 774/1350/718 
f 743/1319/687 740/1314/684 772/1348/716 775/1351/719 
f 656/1159/557 741/1315/685 773/1349/717 776/1352/720 
f 703/1249/647 742/1317/686 774/1350/718 777/1353/721 
f 705/1253/649 743/1319/687 775/1351/719 778/1354/722 
f 657/1160/558 656/1159/557 776/1352/720 779/1355/723 
f 704/1250/648 703/1249/647 777/1353/721 780/1356/724 
f 706/1254/650 705/1253/649 778/1354/722 781/1357/725 
f 707/1256/651 657/1160/558 779/1355/723 782/1358/726 
f 708/1257/652 704/1250/648 780/1356/724 783/1359/727 
f 709/1259/653 706/1254/650 781/1357/725 784/1360/728 
f 711/1261/655 710/1260/654 757/1333/701 785/1361/729 
f 712/1263/656 707/1256/651 782/1358/726 786/1362/730 
f 713/1265/657 708/1257/652 783/1359/727 787/1363/731 
f 714/1267/658 709/1259/653 784/1360/728 788/1364/732 
f 700/1246/644 711/1261/655 785/1361/729 701/1247/645 
f 715/1269/659 712/1263/656 786/1362/730 748/1324/692 
f 716/1271/660 713/1265/657 787/1363/731 750/1326/694 
f 717/1273/661 714/1267/658 788/1364/732 752/1328/696 
f 789/1365/733 790/1366/734 791/1367/735 792/1368/736 
f 789/1365/733 792/1368/736 793/1369/737 794/1370/738 
f 789/1365/733 794/1370/738 795/1371/739 796/1372/740 
f 789/1365/733 796/1372/740 797/1373/741 798/1374/742 
f 789/1365/733 798/1374/742 799/1375/743 800/1376/744 
f 789/1365/733 800/1376/744 801/1377/745 802/1378/746 
f 789/1365/733 802/1378/746 803/1379/747 804/1380/748 
f 789/1365/733 804/1380/748 805/1381/749 806/1382/750 
f 789/1365/733 806/1382/750 807/1383/751 808/1384/752 
f 789/1365/733 808/1384/752 809/1385/753 810/1386/754 
f 789/1365/733 810/1386/754 811/1387/755 812/1388/756 
f 789/1365/733 812/1388/756 813/1389/757 814/1390/758 
f 789/1365/733 814/1390/758 815/1391/759 816/1392/760 
f 789/1365/733 816/1392/760 817/1393/761 818/1394/762 
f 789/1365/733 818/1394/762 819/1395/763 820/1396/764 
f 789/1365/733 820/1396/764 821/1397/765 822/1398/766 
f 789/1365/733 822/1398/766 823/1399/767 824/1400/768 
f 789/1365/733 824/1400/768 825/1401/769 826/1402/770 
f 789/1365/733 826/1402/770 827/1403/771 747/1323/691 
f 789/1365/733 747/1323/691 746/1322/690 828/1404/772 
f 789/1365/733 828/1404/772 829/1405/773 830/1406/774 
f 789/1365/733 830/1406/774 831/1407/775 
f 763/1339/707 761/1337/705 802/1378/746 801/1377/745 
f 764/1340/708 762/1338/706 815/1391/759 814/1390/758 
f 765/1341/709 744/1320/688 747/1323/691 827/1403/771 
f 766/1342/710 763/1339/707 801/1377/745 800/1376/744 
f 767/1343/711 764/1340/708 814/1390/758 813/1389/757 
f 768/1344/712 765/1341/709 827/1403/771 826/1402/770 
f 769/1345/713 766/1342/710 800/1376/744 799/1375/743 
f 770/1346/714 767/1343/711 813/1389/757 812/1388/756 
f 771/1347/715 768/1344/712 826/1402/770 825/1401/769 
f 772/1348/716 769/1345/713 799/1375/743 798/1374/742 
f 773/1349/717 770/1346/714 812/1388/756 811/1387/755 
f 774/1350/718 771/1347/715 825/1401/769 824/1400/768 
f 775/1351/719 772/1348/716 798/1374/742 797/1373/741 
f 776/1352/720 773/1349/717 811/1387/755 810/1386/754 
f 777/1353/721 774/1350/718 824/1400/768 823/1399/767 
f 778/1354/722 775/1351/719 797/1373/741 796/1372/740 
f 779/1355/723 776/1352/720 810/1386/754 809/1385/753 
f 780/1356/724 777/1353/721 823/1399/767 822/1398/766 
f 781/1357/725 778/1354/722 796/1372/740 795/1371/739 
f 782/1358/726 779/1355/723 809/1385/753 808/1384/752 
f 783/1359/727 780/1356/724 822/1398/766 821/1397/765 
f 784/1360/728 781/1357/725 795/1371/739 794/1370/738 
f 785/1361/729 757/1333/701 790/1366/734 789/1365/733 
f 786/1362/730 782/1358/726 808/1384/752 807/1383/751 
f 787/1363/731 783/1359/727 821/1397/765 820/1396/764 
f 788/1364/732 784/1360/728 794/1370/738 793/1369/737 
f 701/1247/645 785/1361/729 789/1365/733 831/1407/775 
f 748/1324/692 786/1362/730 807/1383/751 806/1382/750 
f 750/1326/694 787/1363/731 820/1396/764 819/1395/763 
f 752/1328/696 788/1364/732 793/1369/737 792/1368/736 
f 702/1248/646 701/1247/645 831/1407/775 830/1406/774 
f 749/1325/693 748/1324/692 806/1382/750 805/1381/749 
f 751/1327/695 750/1326/694 819/1395/763 818/1394/762 
f 753/1329/697 752/1328/696 792/1368/736 791/1367/735 
f 754/1330/698 702/1248/646 830/1406/774 829/1405/773 
f 755/1331/699 749/1325/693 805/1381/749 804/1380/748 
f 756/1332/700 751/1327/695 818/1394/762 817/1393/761 
f 757/1333/701 753/1329/697 791/1367/735 790/1366/734 
f 758/1334/702 754/1330/698 829/1405/773 828/1404/772 
f 759/1335/703 755/1331/699 804/1380/748 803/1379/747 
f 760/1336/704 756/1332/700 817/1393/761 816/1392/760 
f 745/1321/689 758/1334/702 828/1404/772 746/1322/690 
f 761/1337/705 759/1335/703 803/1379/747 802/1378/746 
f 762/1338/706 760/1336/704 816/1392/760 815/1391/759 
usemtl Material__27
f 832/1408/776 833/1409/777 834/1410/778 835/1411/779 
f 836/1412/780 837/1413/781 838/1414/782 839/1415/783 
f 840/1416/784 836/1412/780 839/1415/783 841/1417/785 
f 842/1418/786 840/1416/784 841/1417/785 843/1419/787 
f 844/1420/788 842/1421/786 843/1422/787 845/1423/789 
f 846/1424/790 844/1420/788 845/1423/789 847/1425/791 
f 848/1426/792 846/1424/790 847/1425/791 849/1427/793 
f 850/1428/794 848/1426/792 849/1427/793 851/1429/795 
f 852/1430/796 850/1428/794 851/1429/795 853/1431/797 
f 854/1432/798 852/1430/796 853/1431/797 855/1433/799 
f 856/1434/800 854/1432/798 855/1433/799 857/1435/801 
f 858/1436/802 856/1434/800 857/1435/801 859/1437/803 
f 860/1438/804 858/1436/802 859/1437/803 861/1439/805 
f 862/1440/806 860/1438/804 861/1439/805 863/1441/807 
f 864/1442/808 862/1443/806 863/1444/807 865/1445/809 
f 866/1446/810 864/1442/808 865/1445/809 867/1447/811 
f 868/1448/812 866/1446/810 867/1447/811 869/1449/813 
f 870/1450/814 868/1448/812 869/1449/813 871/1451/815 
f 872/1452/816 870/1450/814 871/1451/815 873/1453/817 
f 874/1454/818 872/1452/816 873/1453/817 875/1455/819 
f 876/1456/820 874/1454/818 875/1455/819 877/1457/821 
f 878/1458/822 876/1456/820 877/1457/821 879/1459/823 
f 880/1460/824 878/1458/822 879/1459/823 881/1461/825 
f 882/1462/826 880/1460/824 881/1461/825 883/1463/827 
f 884/1464/828 882/1462/826 883/1463/827 885/1465/829 
f 886/1466/830 884/1464/828 885/1465/829 887/1467/831 
f 888/1468/832 886/1469/830 887/1470/831 889/1471/833 
f 890/1472/834 888/1468/832 889/1471/833 891/1473/835 
f 892/1474/836 890/1472/834 891/1473/835 893/1475/837 
f 894/1476/838 892/1474/836 893/1475/837 895/1477/839 
f 896/1478/840 894/1476/838 895/1477/839 897/1479/841 
f 898/1480/842 896/1478/840 897/1479/841 899/1481/843 
f 900/1482/844 898/1480/842 899/1481/843 901/1483/845 
f 902/1484/846 900/1482/844 901/1483/845 903/1485/847 
f 904/1486/848 902/1484/846 903/1485/847 905/1487/849 
f 906/1488/850 904/1486/848 905/1487/849 907/1489/851 
f 908/1490/852 906/1488/850 907/1489/851 909/1491/853 
f 910/1492/854 908/1493/852 909/1494/853 911/1495/855 
f 912/1496/856 910/1492/854 911/1495/855 913/1497/857 
f 914/1498/858 912/1496/856 913/1497/857 915/1499/859 
f 916/1500/860 914/1498/858 915/1499/859 917/1501/861 
f 918/1502/862 916/1500/860 917/1501/861 919/1503/863 
f 920/1504/864 918/1502/862 919/1503/863 921/1505/865 
f 922/1506/866 920/1504/864 921/1505/865 923/1507/867 
f 924/1508/868 922/1506/866 923/1507/867 925/1509/869 
f 926/1510/870 927/1511/871 928/1512/872 929/1513/873 
f 930/1514/874 931/1515/875 932/1516/876 933/1517/877 
f 934/1518/878 930/1514/874 933/1517/877 935/1519/879 
f 936/1520/880 934/1518/878 935/1519/879 937/1521/881 
f 938/1522/882 936/1523/880 937/1524/881 939/1525/883 
f 940/1526/884 938/1522/882 939/1525/883 941/1527/885 
f 942/1528/886 940/1526/884 941/1527/885 943/1529/887 
f 944/1530/888 942/1528/886 943/1529/887 945/1531/889 
f 946/1532/890 944/1530/888 945/1531/889 947/1533/891 
f 948/1534/892 946/1532/890 947/1533/891 949/1535/893 
f 950/1536/894 948/1534/892 949/1535/893 951/1537/895 
f 952/1538/896 950/1536/894 951/1537/895 953/1539/897 
f 954/1540/898 952/1538/896 953/1539/897 955/1541/899 
f 956/1542/900 954/1540/898 955/1541/899 957/1543/901 
f 958/1544/902 956/1545/900 957/1546/901 959/1547/903 
f 960/1548/904 958/1544/902 959/1547/903 961/1549/905 
f 962/1550/906 960/1548/904 961/1549/905 963/1551/907 
f 964/1552/908 962/1550/906 963/1551/907 965/1553/909 
f 966/1554/910 964/1552/908 965/1553/909 967/1555/911 
f 968/1556/912 966/1554/910 967/1555/911 969/1557/913 
f 970/1558/914 968/1556/912 969/1557/913 971/1559/915 
f 972/1560/916 970/1558/914 971/1559/915 973/1561/917 
f 974/1562/918 972/1560/916 973/1561/917 975/1563/919 
f 976/1564/920 974/1562/918 975/1563/919 977/1565/921 
f 978/1566/922 976/1564/920 977/1565/921 979/1567/923 
f 980/1568/924 978/1566/922 979/1567/923 981/1569/925 
f 982/1570/926 980/1571/924 981/1572/925 983/1573/927 
f 984/1574/928 982/1570/926 983/1573/927 985/1575/929 
f 986/1576/930 984/1574/928 985/1575/929 987/1577/931 
f 988/1578/932 986/1576/930 987/1577/931 989/1579/933 
f 990/1580/934 988/1578/932 989/1579/933 991/1581/935 
f 992/1582/936 990/1580/934 991/1581/935 993/1583/937 
f 994/1584/938 992/1582/936 993/1583/937 995/1585/939 
f 996/1586/940 994/1584/938 995/1585/939 997/1587/941 
f 998/1588/942 996/1586/940 997/1587/941 999/1589/943 
f 1000/1590/944 998/1588/942 999/1589/943 1001/1591/945 
f 1002/1592/946 1000/1590/944 1001/1591/945 1003/1593/947 
f 1004/1594/948 1002/1595/946 1003/1596/947 1005/1597/949 
f 1006/1598/950 1004/1594/948 1005/1597/949 1007/1599/951 
f 1008/1600/952 1006/1598/950 1007/1599/951 1009/1601/953 
f 1010/1602/954 1008/1600/952 1009/1601/953 1011/1603/955 
f 1012/1604/956 1010/1602/954 1011/1603/955 1013/1605/957 
f 1014/1606/958 1012/1604/956 1013/1605/957 1015/1607/959 
f 1016/1608/960 1014/1606/958 1015/1607/959 1017/1609/961 
f 1018/1610/962 1016/1608/960 1017/1609/961 1019/1611/963 
f 1020/1612/964 1021/1613/965 1022/1614/966 1023/1615/967 
f 1024/1616/968 1025/1617/969 1026/1618/970 1027/1619/971 
f 1028/1620/972 1029/1621/973 1030/1622/974 1031/1623/975 
f 1029/1624/973 1032/1625/976 1033/1626/977 1030/1627/974 
f 927/1511/871 1034/1628/978 1035/1629/979 928/1512/872 
f 1032/1625/976 1036/1630/980 1037/1631/981 1033/1626/977 
f 1034/1632/978 1038/1633/982 1039/1634/983 1035/1635/979 
f 1036/1630/980 1040/1636/984 1041/1637/985 1037/1631/981 
f 1038/1633/982 1042/1638/986 1043/1639/987 1039/1634/983 
f 1040/1636/984 1044/1640/988 1045/1641/989 1041/1637/985 
f 1042/1638/986 1046/1642/990 1047/1643/991 1043/1639/987 
f 1044/1640/988 1048/1644/992 1049/1645/993 1045/1641/989 
f 1046/1642/990 1050/1646/994 1051/1647/995 1047/1643/991 
f 1048/1644/992 1052/1648/996 1053/1649/997 1049/1645/993 
f 1050/1646/994 1054/1650/998 1055/1651/999 1051/1647/995 
f 1052/1648/996 1056/1652/1000 1057/1653/1001 1053/1649/997 
f 1054/1650/998 1058/1654/1002 1059/1655/1003 1055/1651/999 
f 1056/1652/1000 1060/1656/1004 1061/1657/1005 1057/1653/1001 
f 1058/1654/1002 1062/1658/1006 1063/1659/1007 1059/1655/1003 
f 1060/1656/1004 1064/1660/1008 1065/1661/1009 1061/1657/1005 
f 1062/1658/1006 1066/1662/1010 1067/1663/1011 1063/1659/1007 
f 1064/1660/1008 1068/1664/1012 1069/1665/1013 1065/1661/1009 
f 1066/1662/1010 1070/1666/1014 1071/1667/1015 1067/1663/1011 
f 1068/1664/1012 1072/1668/1016 1073/1669/1017 1069/1665/1013 
f 1070/1666/1014 1074/1670/1018 1075/1671/1019 1071/1667/1015 
f 1072/1668/1016 1076/1672/1020 1077/1673/1021 1073/1669/1017 
f 1074/1670/1018 1078/1674/1022 1079/1675/1023 1075/1671/1019 
f 1076/1676/1020 1080/1677/1024 1081/1678/1025 1077/1679/1021 
f 1078/1674/1022 1082/1680/1026 1083/1681/1027 1079/1675/1023 
f 1080/1677/1024 1084/1682/1028 1085/1683/1029 1081/1678/1025 
f 1082/1684/1026 1086/1685/1030 1087/1686/1031 1083/1687/1027 
f 1084/1682/1028 1088/1688/1032 1089/1689/1033 1085/1683/1029 
f 1086/1685/1030 1090/1690/1034 1091/1691/1035 1087/1686/1031 
f 1088/1688/1032 1092/1692/1036 1093/1693/1037 1089/1689/1033 
f 1090/1690/1034 1094/1694/1038 1095/1695/1039 1091/1691/1035 
f 1092/1692/1036 1096/1696/1040 1097/1697/1041 1093/1693/1037 
f 1094/1694/1038 1098/1698/1042 1099/1699/1043 1095/1695/1039 
f 1096/1696/1040 1100/1700/1044 1101/1701/1045 1097/1697/1041 
f 1098/1698/1042 1102/1702/1046 1103/1703/1047 1099/1699/1043 
f 1100/1700/1044 1104/1704/1048 1105/1705/1049 1101/1701/1045 
f 1102/1702/1046 1106/1706/1050 1107/1707/1051 1103/1703/1047 
f 1104/1704/1048 1108/1708/1052 1109/1709/1053 1105/1705/1049 
f 1106/1706/1050 1110/1710/1054 1111/1711/1055 1107/1707/1051 
f 1108/1708/1052 1112/1712/1056 1113/1713/1057 1109/1709/1053 
f 1110/1710/1054 1114/1714/1058 1115/1715/1059 1111/1711/1055 
f 1112/1712/1056 1116/1716/1060 1117/1717/1061 1113/1713/1057 
f 1114/1714/1058 1118/1718/1062 1119/1719/1063 1115/1715/1059 
f 1116/1720/1060 1120/1721/1064 1121/1722/1065 1117/1723/1061 
f 1118/1718/1062 1122/1724/1066 1123/1725/1067 1119/1719/1063 
f 1120/1721/1064 1124/1726/1068 1125/1727/1069 1121/1722/1065 
f 1122/1724/1066 1126/1728/1070 1127/1729/1071 1123/1725/1067 
f 1124/1726/1068 1128/1730/1072 1129/1731/1073 1125/1727/1069 
f 1126/1732/1070 1130/1733/1074 1131/1734/1075 1127/1735/1071 
f 1128/1730/1072 1132/1736/1076 1133/1737/1077 1129/1731/1073 
f 1130/1733/1074 1134/1738/1078 1135/1739/1079 1131/1734/1075 
f 1132/1736/1076 1136/1740/1080 1137/1741/1081 1133/1737/1077 
f 1134/1738/1078 1138/1742/1082 1139/1743/1083 1135/1739/1079 
f 1136/1740/1080 1140/1744/1084 1141/1745/1085 1137/1741/1081 
f 1138/1742/1082 1142/1746/1086 1143/1747/1087 1139/1743/1083 
f 1140/1744/1084 1144/1748/1088 1145/1749/1089 1141/1745/1085 
f 1142/1746/1086 1146/1750/1090 1147/1751/1091 1143/1747/1087 
f 1144/1748/1088 1148/1752/1092 1149/1753/1093 1145/1749/1089 
f 1146/1750/1090 1150/1754/1094 1151/1755/1095 1147/1751/1091 
f 1148/1752/1092 1152/1756/1096 1153/1757/1097 1149/1753/1093 
f 1150/1754/1094 1154/1758/1098 1155/1759/1099 1151/1755/1095 
f 1152/1756/1096 1156/1760/1100 1157/1761/1101 1153/1757/1097 
f 1154/1758/1098 1158/1762/1102 1159/1763/1103 1155/1759/1099 
f 1156/1760/1100 1160/1764/1104 1161/1765/1105 1157/1761/1101 
f 1158/1762/1102 1162/1766/1106 1163/1767/1107 1159/1763/1103 
f 1160/1764/1104 1164/1768/1108 1165/1769/1109 1161/1765/1105 
f 1162/1766/1106 1166/1770/1110 1167/1771/1111 1163/1767/1107 
f 1164/1768/1108 1168/1772/1112 1169/1773/1113 1165/1769/1109 
f 1166/1770/1110 1170/1774/1114 1171/1775/1115 1167/1771/1111 
f 1168/1776/1112 1172/1777/1116 1173/1778/1117 1169/1779/1113 
f 1170/1780/1114 1174/1781/1118 1175/1782/1119 1171/1783/1115 
f 1172/1777/1116 1176/1784/1120 1177/1785/1121 1173/1778/1117 
f 1174/1781/1118 1178/1786/1122 1179/1787/1123 1175/1782/1119 
f 1176/1784/1120 1180/1788/1124 1181/1789/1125 1177/1785/1121 
f 1178/1786/1122 1182/1790/1126 1183/1791/1127 1179/1787/1123 
f 1180/1788/1124 1184/1792/1128 1185/1793/1129 1181/1789/1125 
f 1182/1790/1126 1186/1794/1130 1187/1795/1131 1183/1791/1127 
f 1184/1792/1128 1188/1796/1132 1189/1797/1133 1185/1793/1129 
f 1186/1794/1130 1190/1798/1134 1191/1799/1135 1187/1795/1131 
f 1188/1796/1132 1024/1616/968 1027/1619/971 1189/1797/1133 
f 1190/1798/1134 1192/1800/1136 1193/1801/1137 1191/1799/1135 
f 1192/1800/1136 1020/1612/964 1023/1615/967 1193/1801/1137 
f 1025/1617/969 1194/1802/1138 1195/1803/1139 1026/1618/970 
f 1194/1802/1138 1028/1620/972 1031/1623/975 1195/1803/1139 
f 1196/1804/1140 1197/1805/1141 1198/1806/1142 1199/1807/1143 
f 931/1515/875 1018/1610/962 1019/1611/963 932/1516/876 
f 1021/1613/965 926/1510/870 929/1513/873 1022/1614/966 
f 1200/1808/1144 832/1408/776 835/1411/779 1201/1809/1145 
f 1202/1810/1146 1200/1808/1144 1201/1809/1145 1203/1811/1147 
f 1204/1812/1148 1202/1810/1146 1203/1811/1147 1205/1813/1149 
f 1206/1814/1150 1204/1812/1148 1205/1813/1149 1207/1815/1151 
f 1208/1816/1152 1206/1814/1150 1207/1815/1151 1209/1817/1153 
f 1210/1818/1154 1208/1816/1152 1209/1817/1153 1211/1819/1155 
f 1212/1820/1156 1210/1821/1154 1211/1822/1155 1213/1823/1157 
f 1214/1824/1158 1212/1820/1156 1213/1823/1157 1215/1825/1159 
f 1216/1826/1160 1214/1824/1158 1215/1825/1159 1217/1827/1161 
f 1218/1828/1162 1216/1826/1160 1217/1827/1161 1219/1829/1163 
f 1220/1830/1164 1218/1828/1162 1219/1829/1163 1221/1831/1165 
f 1222/1832/1166 1220/1830/1164 1221/1831/1165 1223/1833/1167 
f 1224/1834/1168 1222/1832/1166 1223/1833/1167 1225/1835/1169 
f 1226/1836/1170 1224/1834/1168 1225/1835/1169 1227/1837/1171 
f 1228/1838/1172 1226/1836/1170 1227/1837/1171 1229/1839/1173 
f 1230/1840/1174 1228/1838/1172 1229/1839/1173 1231/1841/1175 
f 1232/1842/1176 1230/1840/1174 1231/1841/1175 1233/1843/1177 
f 1234/1844/1178 1232/1842/1176 1233/1843/1177 1235/1845/1179 
f 1236/1846/1180 1234/1844/1178 1235/1845/1179 1237/1847/1181 
f 1238/1848/1182 1236/1849/1180 1237/1850/1181 1239/1851/1183 
f 1240/1852/1184 1238/1848/1182 1239/1851/1183 1241/1853/1185 
f 1242/1854/1186 1240/1852/1184 1241/1853/1185 1243/1855/1187 
f 1244/1856/1188 1242/1854/1186 1243/1855/1187 1245/1857/1189 
f 1246/1858/1190 1244/1856/1188 1245/1857/1189 1247/1859/1191 
f 1248/1860/1192 1246/1858/1190 1247/1859/1191 1249/1861/1193 
f 1250/1862/1194 1248/1860/1192 1249/1861/1193 1251/1863/1195 
f 1252/1864/1196 1250/1862/1194 1251/1863/1195 1253/1865/1197 
f 1254/1866/1198 1252/1864/1196 1253/1865/1197 1255/1867/1199 
f 1256/1868/1200 1254/1866/1198 1255/1867/1199 1257/1869/1201 
f 1258/1870/1202 1256/1871/1200 1257/1872/1201 1259/1873/1203 
f 1260/1874/1204 1258/1870/1202 1259/1873/1203 1261/1875/1205 
f 1262/1876/1206 1260/1874/1204 1261/1875/1205 1263/1877/1207 
f 1264/1878/1208 1262/1876/1206 1263/1877/1207 1265/1879/1209 
f 1266/1880/1210 1264/1878/1208 1265/1879/1209 1267/1881/1211 
f 1268/1882/1212 1266/1880/1210 1267/1881/1211 1269/1883/1213 
f 1270/1884/1214 1268/1882/1212 1269/1883/1213 1271/1885/1215 
f 1272/1886/1216 1270/1884/1214 1271/1885/1215 1273/1887/1217 
f 1274/1888/1218 1272/1886/1216 1273/1887/1217 1275/1889/1219 
f 1276/1890/1220 1274/1888/1218 1275/1889/1219 1277/1891/1221 
f 1278/1892/1222 1276/1890/1220 1277/1891/1221 1279/1893/1223 
f 1197/1894/1141 1278/1892/1222 1279/1893/1223 1198/1895/1142 
f 1280/1896/1224 1196/1804/1140 1199/1807/1143 1281/1897/1225 
f 1282/1898/1226 1283/1899/1227 1284/1900/1228 1285/1901/1229 
f 1286/1902/1230 1287/1903/1231 1288/1904/1232 1289/1905/1233 
f 1290/1906/1234 1291/1907/1235 1287/1903/1231 1286/1902/1230 
f 1292/1908/1236 1293/1909/1237 1291/1907/1235 1290/1906/1234 
f 1294/1910/1238 1295/1911/1239 1293/1909/1237 1292/1908/1236 
f 1296/1912/1240 1297/1913/1241 1295/1911/1239 1294/1910/1238 
f 1298/1914/1242 1299/1915/1243 1297/1913/1241 1296/1912/1240 
f 1300/1916/1244 1301/1917/1245 1299/1915/1243 1298/1914/1242 
f 1302/1918/1246 1303/1919/1247 1301/1920/1245 1300/1921/1244 
f 1304/1922/1248 1305/1923/1249 1303/1919/1247 1302/1918/1246 
f 1306/1924/1250 1307/1925/1251 1305/1923/1249 1304/1922/1248 
f 1308/1926/1252 1309/1927/1253 1307/1925/1251 1306/1924/1250 
f 1310/1928/1254 1311/1929/1255 1309/1927/1253 1308/1926/1252 
f 1312/1930/1256 1313/1931/1257 1311/1929/1255 1310/1928/1254 
f 1314/1932/1258 1315/1933/1259 1313/1931/1257 1312/1930/1256 
f 1316/1934/1260 1317/1935/1261 1315/1933/1259 1314/1932/1258 
f 1318/1936/1262 1319/1937/1263 1317/1935/1261 1316/1934/1260 
f 1320/1938/1264 1321/1939/1265 1319/1937/1263 1318/1936/1262 
f 1322/1940/1266 1323/1941/1267 1321/1939/1265 1320/1938/1264 
f 1324/1942/1268 1325/1943/1269 1323/1944/1267 1322/1945/1266 
f 1326/1946/1270 1327/1947/1271 1325/1943/1269 1324/1942/1268 
f 1328/1948/1272 1329/1949/1273 1327/1947/1271 1326/1946/1270 
f 1330/1950/1274 1331/1951/1275 1329/1949/1273 1328/1948/1272 
f 1332/1952/1276 1333/1953/1277 1331/1951/1275 1330/1950/1274 
f 1334/1954/1278 1335/1955/1279 1333/1953/1277 1332/1952/1276 
f 1336/1956/1280 1337/1957/1281 1335/1955/1279 1334/1954/1278 
f 1338/1958/1282 1339/1959/1283 1337/1957/1281 1336/1956/1280 
f 1340/1960/1284 1341/1961/1285 1339/1959/1283 1338/1958/1282 
f 1342/1962/1286 1343/1963/1287 1341/1961/1285 1340/1960/1284 
f 1344/1964/1288 1345/1965/1289 1343/1963/1287 1342/1962/1286 
f 1346/1966/1290 1347/1967/1291 1345/1968/1289 1344/1969/1288 
f 1348/1970/1292 1349/1971/1293 1347/1967/1291 1346/1966/1290 
f 1350/1972/1294 1351/1973/1295 1349/1971/1293 1348/1970/1292 
f 1352/1974/1296 1353/1975/1297 1351/1973/1295 1350/1972/1294 
f 1354/1976/1298 1355/1977/1299 1353/1975/1297 1352/1974/1296 
f 1356/1978/1300 1357/1979/1301 1355/1977/1299 1354/1976/1298 
f 1358/1980/1302 1359/1981/1303 1357/1979/1301 1356/1978/1300 
f 1360/1982/1304 1361/1983/1305 1359/1981/1303 1358/1980/1302 
f 1362/1984/1306 1363/1985/1307 1361/1983/1305 1360/1982/1304 
f 1364/1986/1308 1365/1987/1309 1363/1985/1307 1362/1984/1306 
f 1366/1988/1310 1367/1989/1311 1365/1987/1309 1364/1986/1308 
f 1368/1990/1312 1369/1991/1313 1367/1989/1311 1366/1988/1310 
f 1370/1992/1314 1371/1993/1315 1369/1994/1313 1368/1995/1312 
f 1285/1901/1229 1284/1900/1228 1371/1993/1315 1370/1992/1314 
f 1289/1905/1233 1288/1904/1232 1283/1899/1227 1282/1898/1226 
f 1284/1900/1228 1283/1899/1227 1372/1996/1316 1373/1997/1317 
f 1373/1997/1317 1372/1996/1316 924/1508/868 837/1413/781 
f 1371/1993/1315 1284/1900/1228 1373/1997/1317 1374/1998/1318 
f 1374/1998/1318 1373/1997/1317 837/1413/781 836/1412/780 
f 1369/1994/1313 1371/1993/1315 1374/1998/1318 1375/1999/1319 
f 1375/1999/1319 1374/1998/1318 836/1412/780 840/1416/784 
f 1367/1989/1311 1369/1991/1313 1375/2000/1319 1376/2001/1320 
f 1376/2002/1320 1375/1999/1319 840/1416/784 842/1418/786 
f 1365/1987/1309 1367/1989/1311 1376/2001/1320 1377/2003/1321 
f 1377/2003/1321 1376/2001/1320 842/1421/786 844/1420/788 
f 1363/1985/1307 1365/1987/1309 1377/2003/1321 1378/2004/1322 
f 1378/2004/1322 1377/2003/1321 844/1420/788 846/1424/790 
f 1361/1983/1305 1363/1985/1307 1378/2004/1322 1379/2005/1323 
f 1379/2005/1323 1378/2004/1322 846/1424/790 848/1426/792 
f 1359/1981/1303 1361/1983/1305 1379/2005/1323 1380/2006/1324 
f 1380/2006/1324 1379/2005/1323 848/1426/792 850/1428/794 
f 1357/1979/1301 1359/1981/1303 1380/2006/1324 1381/2007/1325 
f 1381/2007/1325 1380/2006/1324 850/1428/794 852/1430/796 
f 1355/1977/1299 1357/1979/1301 1381/2007/1325 1382/2008/1326 
f 1382/2008/1326 1381/2007/1325 852/1430/796 854/1432/798 
f 1353/1975/1297 1355/1977/1299 1382/2008/1326 1383/2009/1327 
f 1383/2009/1327 1382/2008/1326 854/1432/798 856/1434/800 
f 1351/1973/1295 1353/1975/1297 1383/2009/1327 1384/2010/1328 
f 1384/2010/1328 1383/2009/1327 856/1434/800 858/1436/802 
f 1349/1971/1293 1351/1973/1295 1384/2010/1328 1385/2011/1329 
f 1385/2011/1329 1384/2010/1328 858/1436/802 860/1438/804 
f 1347/1967/1291 1349/1971/1293 1385/2011/1329 1386/2012/1330 
f 1386/2012/1330 1385/2011/1329 860/1438/804 862/1440/806 
f 1345/1968/1289 1347/1967/1291 1386/2012/1330 1387/2013/1331 
f 1387/2014/1331 1386/2015/1330 862/1443/806 864/1442/808 
f 1343/1963/1287 1345/1965/1289 1387/2014/1331 1388/2016/1332 
f 1388/2016/1332 1387/2014/1331 864/1442/808 866/1446/810 
f 1341/1961/1285 1343/1963/1287 1388/2016/1332 1389/2017/1333 
f 1389/2017/1333 1388/2016/1332 866/1446/810 868/1448/812 
f 1339/1959/1283 1341/1961/1285 1389/2017/1333 1390/2018/1334 
f 1390/2018/1334 1389/2017/1333 868/1448/812 870/1450/814 
f 1337/1957/1281 1339/1959/1283 1390/2018/1334 1391/2019/1335 
f 1391/2019/1335 1390/2018/1334 870/1450/814 872/1452/816 
f 1335/1955/1279 1337/1957/1281 1391/2019/1335 1392/2020/1336 
f 1392/2020/1336 1391/2019/1335 872/1452/816 874/1454/818 
f 1333/1953/1277 1335/1955/1279 1392/2020/1336 1393/2021/1337 
f 1393/2021/1337 1392/2020/1336 874/1454/818 876/1456/820 
f 1331/1951/1275 1333/1953/1277 1393/2021/1337 1394/2022/1338 
f 1394/2022/1338 1393/2021/1337 876/1456/820 878/1458/822 
f 1329/1949/1273 1331/1951/1275 1394/2022/1338 1395/2023/1339 
f 1395/2023/1339 1394/2022/1338 878/1458/822 880/1460/824 
f 1327/1947/1271 1329/1949/1273 1395/2023/1339 1396/2024/1340 
f 1396/2024/1340 1395/2023/1339 880/1460/824 882/1462/826 
f 1325/1943/1269 1327/1947/1271 1396/2024/1340 1397/2025/1341 
f 1397/2025/1341 1396/2024/1340 882/1462/826 884/1464/828 
f 1323/1944/1267 1325/1943/1269 1397/2025/1341 1398/2026/1342 
f 1398/2026/1342 1397/2025/1341 884/1464/828 886/1466/830 
f 1321/1939/1265 1323/1941/1267 1398/2027/1342 1399/2028/1343 
f 1399/2028/1343 1398/2027/1342 886/1469/830 888/1468/832 
f 1319/1937/1263 1321/1939/1265 1399/2028/1343 1400/2029/1344 
f 1400/2029/1344 1399/2028/1343 888/1468/832 890/1472/834 
f 1317/1935/1261 1319/1937/1263 1400/2029/1344 1401/2030/1345 
f 1401/2030/1345 1400/2029/1344 890/1472/834 892/1474/836 
f 1315/1933/1259 1317/1935/1261 1401/2030/1345 1402/2031/1346 
f 1402/2031/1346 1401/2030/1345 892/1474/836 894/1476/838 
f 1313/1931/1257 1315/1933/1259 1402/2031/1346 1403/2032/1347 
f 1403/2032/1347 1402/2031/1346 894/1476/838 896/1478/840 
f 1311/1929/1255 1313/1931/1257 1403/2032/1347 1404/2033/1348 
f 1404/2033/1348 1403/2032/1347 896/1478/840 898/1480/842 
f 1309/1927/1253 1311/1929/1255 1404/2033/1348 1405/2034/1349 
f 1405/2034/1349 1404/2033/1348 898/1480/842 900/1482/844 
f 1307/1925/1251 1309/1927/1253 1405/2034/1349 1406/2035/1350 
f 1406/2035/1350 1405/2034/1349 900/1482/844 902/1484/846 
f 1305/1923/1249 1307/1925/1251 1406/2035/1350 1407/2036/1351 
f 1407/2036/1351 1406/2035/1350 902/1484/846 904/1486/848 
f 1303/1919/1247 1305/1923/1249 1407/2036/1351 1408/2037/1352 
f 1408/2037/1352 1407/2036/1351 904/1486/848 906/1488/850 
f 1301/1920/1245 1303/1919/1247 1408/2037/1352 1409/2038/1353 
f 1409/2038/1353 1408/2037/1352 906/1488/850 908/1490/852 
f 1299/1915/1243 1301/1917/1245 1409/2039/1353 1410/2040/1354 
f 1410/2040/1354 1409/2039/1353 908/1493/852 910/1492/854 
f 1297/1913/1241 1299/1915/1243 1410/2040/1354 1411/2041/1355 
f 1411/2041/1355 1410/2040/1354 910/1492/854 912/1496/856 
f 1295/1911/1239 1297/1913/1241 1411/2041/1355 1412/2042/1356 
f 1412/2042/1356 1411/2041/1355 912/1496/856 914/1498/858 
f 1293/1909/1237 1295/1911/1239 1412/2042/1356 1413/2043/1357 
f 1413/2043/1357 1412/2042/1356 914/1498/858 916/1500/860 
f 1291/1907/1235 1293/1909/1237 1413/2043/1357 1414/2044/1358 
f 1414/2044/1358 1413/2043/1357 916/1500/860 918/1502/862 
f 1287/1903/1231 1291/1907/1235 1414/2044/1358 1415/2045/1359 
f 1415/2045/1359 1414/2044/1358 918/1502/862 920/1504/864 
f 1288/1904/1232 1287/1903/1231 1415/2045/1359 1416/2046/1360 
f 1416/2046/1360 1415/2045/1359 920/1504/864 922/1506/866 
f 1283/1899/1227 1288/1904/1232 1416/2046/1360 1372/1996/1316 
f 1372/1996/1316 1416/2046/1360 922/1506/866 924/1508/868 
f 932/1516/876 1019/1611/963 1417/2047/1361 1418/2048/1362 
f 1418/2048/1362 1417/2047/1361 1022/1614/966 929/1513/873 
f 933/1517/877 932/1516/876 1418/2048/1362 1419/2049/1363 
f 1419/2049/1363 1418/2048/1362 929/1513/873 928/1512/872 
f 935/1519/879 933/1517/877 1419/2049/1363 1420/2050/1364 
f 1420/2050/1364 1419/2049/1363 928/1512/872 1035/1629/979 
f 937/1524/881 935/2051/879 1420/2052/1364 1421/2053/1365 
f 1421/2053/1365 1420/2052/1364 1035/1635/979 1039/1634/983 
f 939/1525/883 937/1524/881 1421/2053/1365 1422/2054/1366 
f 1422/2054/1366 1421/2053/1365 1039/1634/983 1043/1639/987 
f 941/1527/885 939/1525/883 1422/2054/1366 1423/2055/1367 
f 1423/2055/1367 1422/2054/1366 1043/1639/987 1047/1643/991 
f 943/1529/887 941/1527/885 1423/2055/1367 1424/2056/1368 
f 1424/2056/1368 1423/2055/1367 1047/1643/991 1051/1647/995 
f 945/1531/889 943/1529/887 1424/2056/1368 1425/2057/1369 
f 1425/2057/1369 1424/2056/1368 1051/1647/995 1055/1651/999 
f 947/1533/891 945/1531/889 1425/2057/1369 1426/2058/1370 
f 1426/2058/1370 1425/2057/1369 1055/1651/999 1059/1655/1003 
f 949/1535/893 947/1533/891 1426/2058/1370 1427/2059/1371 
f 1427/2059/1371 1426/2058/1370 1059/1655/1003 1063/1659/1007 
f 951/1537/895 949/1535/893 1427/2059/1371 1428/2060/1372 
f 1428/2060/1372 1427/2059/1371 1063/1659/1007 1067/1663/1011 
f 953/1539/897 951/1537/895 1428/2060/1372 1429/2061/1373 
f 1429/2061/1373 1428/2060/1372 1067/1663/1011 1071/1667/1015 
f 955/1541/899 953/1539/897 1429/2061/1373 1430/2062/1374 
f 1430/2062/1374 1429/2061/1373 1071/1667/1015 1075/1671/1019 
f 957/1543/901 955/1541/899 1430/2062/1374 1431/2063/1375 
f 1431/2063/1375 1430/2062/1374 1075/1671/1019 1079/1675/1023 
f 959/2064/903 957/1543/901 1431/2063/1375 1432/2065/1376 
f 1432/2065/1376 1431/2063/1375 1079/1675/1023 1083/1681/1027 
f 961/1549/905 959/1547/903 1432/2066/1376 1433/2067/1377 
f 1433/2067/1377 1432/2066/1376 1083/1687/1027 1087/1686/1031 
f 963/1551/907 961/1549/905 1433/2067/1377 1434/2068/1378 
f 1434/2068/1378 1433/2067/1377 1087/1686/1031 1091/1691/1035 
f 965/1553/909 963/1551/907 1434/2068/1378 1435/2069/1379 
f 1435/2069/1379 1434/2068/1378 1091/1691/1035 1095/1695/1039 
f 967/1555/911 965/1553/909 1435/2069/1379 1436/2070/1380 
f 1436/2070/1380 1435/2069/1379 1095/1695/1039 1099/1699/1043 
f 969/1557/913 967/1555/911 1436/2070/1380 1437/2071/1381 
f 1437/2071/1381 1436/2070/1380 1099/1699/1043 1103/1703/1047 
f 971/1559/915 969/1557/913 1437/2071/1381 1438/2072/1382 
f 1438/2072/1382 1437/2071/1381 1103/1703/1047 1107/1707/1051 
f 973/1561/917 971/1559/915 1438/2072/1382 1439/2073/1383 
f 1439/2073/1383 1438/2072/1382 1107/1707/1051 1111/1711/1055 
f 975/1563/919 973/1561/917 1439/2073/1383 1440/2074/1384 
f 1440/2074/1384 1439/2073/1383 1111/1711/1055 1115/1715/1059 
f 977/1565/921 975/1563/919 1440/2074/1384 1441/2075/1385 
f 1441/2075/1385 1440/2074/1384 1115/1715/1059 1119/1719/1063 
f 979/1567/923 977/1565/921 1441/2075/1385 1442/2076/1386 
f 1442/2076/1386 1441/2075/1385 1119/1719/1063 1123/1725/1067 
f 981/1569/925 979/1567/923 1442/2076/1386 1443/2077/1387 
f 1443/2077/1387 1442/2076/1386 1123/1725/1067 1127/1729/1071 
f 983/1573/927 981/1572/925 1443/2078/1387 1444/2079/1388 
f 1444/2079/1388 1443/2078/1387 1127/1735/1071 1131/1734/1075 
f 985/1575/929 983/1573/927 1444/2079/1388 1445/2080/1389 
f 1445/2080/1389 1444/2079/1388 1131/1734/1075 1135/1739/1079 
f 987/1577/931 985/1575/929 1445/2080/1389 1446/2081/1390 
f 1446/2081/1390 1445/2080/1389 1135/1739/1079 1139/1743/1083 
f 989/1579/933 987/1577/931 1446/2081/1390 1447/2082/1391 
f 1447/2082/1391 1446/2081/1390 1139/1743/1083 1143/1747/1087 
f 991/1581/935 989/1579/933 1447/2082/1391 1448/2083/1392 
f 1448/2083/1392 1447/2082/1391 1143/1747/1087 1147/1751/1091 
f 993/1583/937 991/1581/935 1448/2083/1392 1449/2084/1393 
f 1449/2084/1393 1448/2083/1392 1147/1751/1091 1151/1755/1095 
f 995/1585/939 993/1583/937 1449/2084/1393 1450/2085/1394 
f 1450/2085/1394 1449/2084/1393 1151/1755/1095 1155/1759/1099 
f 997/1587/941 995/1585/939 1450/2085/1394 1451/2086/1395 
f 1451/2086/1395 1450/2085/1394 1155/1759/1099 1159/1763/1103 
f 999/1589/943 997/1587/941 1451/2086/1395 1452/2087/1396 
f 1452/2087/1396 1451/2086/1395 1159/1763/1103 1163/1767/1107 
f 1001/1591/945 999/1589/943 1452/2087/1396 1453/2088/1397 
f 1453/2088/1397 1452/2087/1396 1163/1767/1107 1167/1771/1111 
f 1003/1593/947 1001/1591/945 1453/2088/1397 1454/2089/1398 
f 1454/2089/1398 1453/2088/1397 1167/1771/1111 1171/1775/1115 
f 1005/1597/949 1003/1596/947 1454/2090/1398 1455/2091/1399 
f 1455/2091/1399 1454/2090/1398 1171/1783/1115 1175/1782/1119 
f 1007/1599/951 1005/1597/949 1455/2091/1399 1456/2092/1400 
f 1456/2092/1400 1455/2091/1399 1175/1782/1119 1179/1787/1123 
f 1009/1601/953 1007/1599/951 1456/2092/1400 1457/2093/1401 
f 1457/2093/1401 1456/2092/1400 1179/1787/1123 1183/1791/1127 
f 1011/1603/955 1009/1601/953 1457/2093/1401 1458/2094/1402 
f 1458/2094/1402 1457/2093/1401 1183/1791/1127 1187/1795/1131 
f 1013/1605/957 1011/1603/955 1458/2094/1402 1459/2095/1403 
f 1459/2095/1403 1458/2094/1402 1187/1795/1131 1191/1799/1135 
f 1015/1607/959 1013/1605/957 1459/2095/1403 1460/2096/1404 
f 1460/2096/1404 1459/2095/1403 1191/1799/1135 1193/1801/1137 
f 1017/1609/961 1015/1607/959 1460/2096/1404 1461/2097/1405 
f 1461/2097/1405 1460/2096/1404 1193/1801/1137 1023/1615/967 
f 1019/1611/963 1017/1609/961 1461/2097/1405 1417/2047/1361 
f 1417/2047/1361 1461/2097/1405 1023/1615/967 1022/1614/966 
f 1016/1608/960 1018/1610/962 1462/2098/1406 1463/2099/1407 
f 1463/2100/1408 1462/2101/1409 925/1509/869 923/1507/867 
f 1014/1606/958 1016/1608/960 1463/2099/1407 1464/2102/1410 
f 1464/2103/1411 1463/2100/1408 923/1507/867 921/1505/865 
f 1012/1604/956 1014/1606/958 1464/2102/1410 1465/2104/1412 
f 1465/2105/1413 1464/2103/1411 921/1505/865 919/1503/863 
f 1010/1602/954 1012/1604/956 1465/2104/1412 1466/2106/1414 
f 1466/2107/1415 1465/2105/1413 919/1503/863 917/1501/861 
f 1008/1600/952 1010/1602/954 1466/2106/1414 1467/2108/1416 
f 1467/2109/1417 1466/2107/1415 917/1501/861 915/1499/859 
f 1006/1598/950 1008/1600/952 1467/2108/1416 1468/2110/1418 
f 1468/2111/1419 1467/2109/1417 915/1499/859 913/1497/857 
f 1004/1594/948 1006/1598/950 1468/2110/1418 1469/2112/1420 
f 1469/2113/1421 1468/2111/1419 913/1497/857 911/1495/855 
f 1002/1595/946 1004/1594/948 1469/2112/1420 1470/2114/1422 
f 1470/2115/1423 1469/2113/1421 911/1495/855 909/1494/853 
f 1000/2116/944 1002/1595/946 1470/2114/1422 1471/2117/1424 
f 1471/2118/1425 1470/2115/1423 909/1494/853 907/2119/851 
f 998/1588/942 1000/1590/944 1471/2120/1424 1472/2121/1426 
f 1472/2122/1427 1471/2123/1425 907/1489/851 905/1487/849 
f 996/1586/940 998/1588/942 1472/2121/1426 1473/2124/1428 
f 1473/2125/1429 1472/2122/1427 905/1487/849 903/1485/847 
f 994/1584/938 996/1586/940 1473/2124/1428 1474/2126/1430 
f 1474/2127/1431 1473/2125/1429 903/1485/847 901/1483/845 
f 992/1582/936 994/1584/938 1474/2126/1430 1475/2128/1432 
f 1475/2129/1433 1474/2127/1431 901/1483/845 899/1481/843 
f 990/1580/934 992/1582/936 1475/2128/1432 1476/2130/1434 
f 1476/2131/1435 1475/2129/1433 899/1481/843 897/1479/841 
f 988/1578/932 990/1580/934 1476/2130/1434 1477/2132/1436 
f 1477/2133/1437 1476/2131/1435 897/1479/841 895/1477/839 
f 986/1576/930 988/1578/932 1477/2132/1436 1478/2134/1438 
f 1478/2135/1439 1477/2133/1437 895/1477/839 893/1475/837 
f 984/1574/928 986/1576/930 1478/2134/1438 1479/2136/1440 
f 1479/2137/1441 1478/2135/1439 893/1475/837 891/1473/835 
f 982/1570/926 984/1574/928 1479/2136/1440 1480/2138/1442 
f 1480/2139/1443 1479/2137/1441 891/1473/835 889/1471/833 
f 980/1568/924 982/2140/926 1480/2141/1442 1481/2142/1444 
f 1481/2143/1445 1480/2144/1443 889/2145/833 887/1467/831 
f 978/1566/922 980/1568/924 1481/2142/1444 1482/2146/1446 
f 1482/2147/1447 1481/2143/1445 887/1467/831 885/1465/829 
f 976/1564/920 978/1566/922 1482/2146/1446 1483/2148/1448 
f 1483/2149/1449 1482/2147/1447 885/1465/829 883/1463/827 
f 974/1562/918 976/1564/920 1483/2148/1448 1484/2150/1450 
f 1484/2151/1451 1483/2149/1449 883/1463/827 881/1461/825 
f 972/1560/916 974/1562/918 1484/2150/1450 1485/2152/1452 
f 1485/2153/1453 1484/2151/1451 881/1461/825 879/1459/823 
f 970/1558/914 972/1560/916 1485/2152/1452 1486/2154/1454 
f 1486/2155/1455 1485/2153/1453 879/1459/823 877/1457/821 
f 968/1556/912 970/1558/914 1486/2154/1454 1487/2156/1456 
f 1487/2157/1457 1486/2155/1455 877/1457/821 875/1455/819 
f 966/1554/910 968/1556/912 1487/2156/1456 1488/2158/1458 
f 1488/2159/1459 1487/2157/1457 875/1455/819 873/1453/817 
f 964/1552/908 966/1554/910 1488/2158/1458 1489/2160/1460 
f 1489/2161/1461 1488/2159/1459 873/1453/817 871/1451/815 
f 962/1550/906 964/1552/908 1489/2160/1460 1490/2162/1462 
f 1490/2163/1463 1489/2161/1461 871/1451/815 869/1449/813 
f 960/1548/904 962/1550/906 1490/2162/1462 1491/2164/1464 
f 1491/2165/1465 1490/2163/1463 869/1449/813 867/1447/811 
f 958/1544/902 960/1548/904 1491/2164/1464 1492/2166/1466 
f 1492/2167/1467 1491/2165/1465 867/1447/811 865/1445/809 
f 956/1545/900 958/1544/902 1492/2166/1466 1493/2168/1468 
f 1493/2169/1469 1492/2167/1467 865/1445/809 863/1444/807 
f 954/1540/898 956/1542/900 1493/2170/1468 1494/2171/1470 
f 1494/2172/1471 1493/2169/1469 863/1444/807 861/2173/805 
f 952/1538/896 954/1540/898 1494/2171/1470 1495/2174/1472 
f 1495/2175/1473 1494/2176/1471 861/1439/805 859/1437/803 
f 950/1536/894 952/1538/896 1495/2174/1472 1496/2177/1474 
f 1496/2178/1475 1495/2175/1473 859/1437/803 857/1435/801 
f 948/1534/892 950/1536/894 1496/2177/1474 1497/2179/1476 
f 1497/2180/1477 1496/2178/1475 857/1435/801 855/1433/799 
f 946/1532/890 948/1534/892 1497/2179/1476 1498/2181/1478 
f 1498/2182/1479 1497/2180/1477 855/1433/799 853/1431/797 
f 944/1530/888 946/1532/890 1498/2181/1478 1499/2183/1480 
f 1499/2184/1481 1498/2182/1479 853/1431/797 851/1429/795 
f 942/1528/886 944/1530/888 1499/2183/1480 1500/2185/1482 
f 1500/2186/1483 1499/2184/1481 851/1429/795 849/1427/793 
f 940/1526/884 942/1528/886 1500/2185/1482 1501/2187/1484 
f 1501/2188/1485 1500/2186/1483 849/1427/793 847/1425/791 
f 938/1522/882 940/1526/884 1501/2187/1484 1502/2189/1486 
f 1502/2190/1487 1501/2188/1485 847/1425/791 845/1423/789 
f 936/1523/880 938/1522/882 1502/2189/1486 1503/2191/1488 
f 1503/2192/1489 1502/2193/1487 845/2194/789 843/1419/787 
f 934/1518/878 936/1520/880 1503/2195/1488 1504/2196/1490 
f 1504/2197/1491 1503/2192/1489 843/1419/787 841/1417/785 
f 930/1514/874 934/1518/878 1504/2196/1490 1505/2198/1492 
f 1505/2199/1493 1504/2197/1491 841/1417/785 839/1415/783 
f 931/1515/875 930/1514/874 1505/2198/1492 1506/2200/1494 
f 1506/2201/1495 1505/2199/1493 839/1415/783 838/1414/782 
f 1018/1610/962 931/1515/875 1506/2200/1494 1462/2098/1406 
f 1462/2101/1409 1506/2201/1495 838/1414/782 925/1509/869 
f 837/1413/781 924/1508/868 925/1509/869 838/1414/782 
f 1282/1898/1226 1285/1901/1229 1507/2202/1496 1508/2203/1497 
f 1508/2203/1497 1507/2202/1496 1280/1896/1224 833/1409/777 
f 1285/1901/1229 1370/1992/1314 1509/2204/1498 1507/2202/1496 
f 1507/2202/1496 1509/2204/1498 1196/1804/1140 1280/1896/1224 
f 1370/1992/1314 1368/1995/1312 1510/2205/1499 1509/2204/1498 
f 1509/2204/1498 1510/2205/1499 1197/1805/1141 1196/1804/1140 
f 1368/1990/1312 1366/1988/1310 1511/2206/1500 1510/2207/1499 
f 1510/2207/1499 1511/2206/1500 1278/1892/1222 1197/1894/1141 
f 1366/1988/1310 1364/1986/1308 1512/2208/1501 1511/2206/1500 
f 1511/2206/1500 1512/2208/1501 1276/1890/1220 1278/1892/1222 
f 1364/1986/1308 1362/1984/1306 1513/2209/1502 1512/2208/1501 
f 1512/2208/1501 1513/2209/1502 1274/1888/1218 1276/1890/1220 
f 1362/1984/1306 1360/1982/1304 1514/2210/1503 1513/2209/1502 
f 1513/2209/1502 1514/2210/1503 1272/1886/1216 1274/1888/1218 
f 1360/1982/1304 1358/1980/1302 1515/2211/1504 1514/2210/1503 
f 1514/2210/1503 1515/2211/1504 1270/1884/1214 1272/1886/1216 
f 1358/1980/1302 1356/1978/1300 1516/2212/1505 1515/2211/1504 
f 1515/2211/1504 1516/2212/1505 1268/1882/1212 1270/1884/1214 
f 1356/1978/1300 1354/1976/1298 1517/2213/1506 1516/2212/1505 
f 1516/2212/1505 1517/2213/1506 1266/1880/1210 1268/1882/1212 
f 1354/1976/1298 1352/1974/1296 1518/2214/1507 1517/2213/1506 
f 1517/2213/1506 1518/2214/1507 1264/1878/1208 1266/1880/1210 
f 1352/1974/1296 1350/1972/1294 1519/2215/1508 1518/2214/1507 
f 1518/2214/1507 1519/2215/1508 1262/1876/1206 1264/1878/1208 
f 1350/1972/1294 1348/1970/1292 1520/2216/1509 1519/2215/1508 
f 1519/2215/1508 1520/2216/1509 1260/1874/1204 1262/1876/1206 
f 1348/1970/1292 1346/1966/1290 1521/2217/1510 1520/2216/1509 
f 1520/2216/1509 1521/2217/1510 1258/1870/1202 1260/1874/1204 
f 1346/1966/1290 1344/1969/1288 1522/2218/1511 1521/2217/1510 
f 1521/2217/1510 1522/2218/1511 1256/1871/1200 1258/1870/1202 
f 1344/1964/1288 1342/1962/1286 1523/2219/1512 1522/2220/1511 
f 1522/2220/1511 1523/2219/1512 1254/1866/1198 1256/1868/1200 
f 1342/1962/1286 1340/1960/1284 1524/2221/1513 1523/2219/1512 
f 1523/2219/1512 1524/2221/1513 1252/1864/1196 1254/1866/1198 
f 1340/1960/1284 1338/1958/1282 1525/2222/1514 1524/2221/1513 
f 1524/2221/1513 1525/2222/1514 1250/1862/1194 1252/1864/1196 
f 1338/1958/1282 1336/1956/1280 1526/2223/1515 1525/2222/1514 
f 1525/2222/1514 1526/2223/1515 1248/1860/1192 1250/1862/1194 
f 1336/1956/1280 1334/1954/1278 1527/2224/1516 1526/2223/1515 
f 1526/2223/1515 1527/2224/1516 1246/1858/1190 1248/1860/1192 
f 1334/1954/1278 1332/1952/1276 1528/2225/1517 1527/2224/1516 
f 1527/2224/1516 1528/2225/1517 1244/1856/1188 1246/1858/1190 
f 1332/1952/1276 1330/1950/1274 1529/2226/1518 1528/2225/1517 
f 1528/2225/1517 1529/2226/1518 1242/1854/1186 1244/1856/1188 
f 1330/1950/1274 1328/1948/1272 1530/2227/1519 1529/2226/1518 
f 1529/2226/1518 1530/2227/1519 1240/1852/1184 1242/1854/1186 
f 1328/1948/1272 1326/1946/1270 1531/2228/1520 1530/2227/1519 
f 1530/2227/1519 1531/2228/1520 1238/1848/1182 1240/1852/1184 
f 1326/1946/1270 1324/1942/1268 1532/2229/1521 1531/2228/1520 
f 1531/2228/1520 1532/2229/1521 1236/1849/1180 1238/1848/1182 
f 1324/2230/1268 1322/1940/1266 1533/2231/1522 1532/2232/1521 
f 1532/2232/1521 1533/2231/1522 1234/1844/1178 1236/1846/1180 
f 1322/1940/1266 1320/1938/1264 1534/2233/1523 1533/2231/1522 
f 1533/2231/1522 1534/2233/1523 1232/1842/1176 1234/1844/1178 
f 1320/1938/1264 1318/1936/1262 1535/2234/1524 1534/2233/1523 
f 1534/2233/1523 1535/2234/1524 1230/1840/1174 1232/1842/1176 
f 1318/1936/1262 1316/1934/1260 1536/2235/1525 1535/2234/1524 
f 1535/2234/1524 1536/2235/1525 1228/1838/1172 1230/1840/1174 
f 1316/1934/1260 1314/1932/1258 1537/2236/1526 1536/2235/1525 
f 1536/2235/1525 1537/2236/1526 1226/1836/1170 1228/1838/1172 
f 1314/1932/1258 1312/1930/1256 1538/2237/1527 1537/2236/1526 
f 1537/2236/1526 1538/2237/1527 1224/1834/1168 1226/1836/1170 
f 1312/1930/1256 1310/1928/1254 1539/2238/1528 1538/2237/1527 
f 1538/2237/1527 1539/2238/1528 1222/1832/1166 1224/1834/1168 
f 1310/1928/1254 1308/1926/1252 1540/2239/1529 1539/2238/1528 
f 1539/2238/1528 1540/2239/1529 1220/1830/1164 1222/1832/1166 
f 1308/1926/1252 1306/1924/1250 1541/2240/1530 1540/2239/1529 
f 1540/2239/1529 1541/2240/1530 1218/1828/1162 1220/1830/1164 
f 1306/1924/1250 1304/1922/1248 1542/2241/1531 1541/2240/1530 
f 1541/2240/1530 1542/2241/1531 1216/1826/1160 1218/1828/1162 
f 1304/1922/1248 1302/1918/1246 1543/2242/1532 1542/2241/1531 
f 1542/2241/1531 1543/2242/1532 1214/1824/1158 1216/1826/1160 
f 1302/1918/1246 1300/1921/1244 1544/2243/1533 1543/2242/1532 
f 1543/2242/1532 1544/2243/1533 1212/1820/1156 1214/1824/1158 
f 1300/1921/1244 1298/2244/1242 1545/2245/1534 1544/2243/1533 
f 1544/2243/1533 1545/2245/1534 1210/1821/1154 1212/1820/1156 
f 1298/1914/1242 1296/1912/1240 1546/2246/1535 1545/2247/1534 
f 1545/2247/1534 1546/2246/1535 1208/1816/1152 1210/1818/1154 
f 1296/1912/1240 1294/1910/1238 1547/2248/1536 1546/2246/1535 
f 1546/2246/1535 1547/2248/1536 1206/1814/1150 1208/1816/1152 
f 1294/1910/1238 1292/1908/1236 1548/2249/1537 1547/2248/1536 
f 1547/2248/1536 1548/2249/1537 1204/1812/1148 1206/1814/1150 
f 1292/1908/1236 1290/1906/1234 1549/2250/1538 1548/2249/1537 
f 1548/2249/1537 1549/2250/1538 1202/1810/1146 1204/1812/1148 
f 1290/1906/1234 1286/1902/1230 1550/2251/1539 1549/2250/1538 
f 1549/2250/1538 1550/2251/1539 1200/1808/1144 1202/1810/1146 
f 1286/1902/1230 1289/1905/1233 1551/2252/1540 1550/2251/1539 
f 1550/2251/1539 1551/2252/1540 832/1408/776 1200/1808/1144 
f 1289/1905/1233 1282/1898/1226 1508/2203/1497 1551/2252/1540 
f 1551/2252/1540 1508/2203/1497 833/1409/777 832/1408/776 
f 1026/1618/970 1195/1803/1139 1552/2253/1541 1553/2254/1542 
f 1553/2254/1542 1552/2253/1541 926/1510/870 1021/1613/965 
f 1195/1803/1139 1031/1623/975 1554/2255/1543 1552/2253/1541 
f 1552/2253/1541 1554/2255/1543 927/1511/871 926/1510/870 
f 1031/1623/975 1030/1622/974 1555/2256/1544 1554/2255/1543 
f 1554/2255/1543 1555/2256/1544 1034/1628/978 927/1511/871 
f 1030/1627/974 1033/1626/977 1556/2257/1545 1555/2258/1544 
f 1555/2258/1544 1556/2257/1545 1038/1633/982 1034/1632/978 
f 1033/1626/977 1037/1631/981 1557/2259/1546 1556/2257/1545 
f 1556/2257/1545 1557/2259/1546 1042/1638/986 1038/1633/982 
f 1037/1631/981 1041/1637/985 1558/2260/1547 1557/2259/1546 
f 1557/2259/1546 1558/2260/1547 1046/1642/990 1042/1638/986 
f 1041/1637/985 1045/1641/989 1559/2261/1548 1558/2260/1547 
f 1558/2260/1547 1559/2261/1548 1050/1646/994 1046/1642/990 
f 1045/1641/989 1049/1645/993 1560/2262/1549 1559/2261/1548 
f 1559/2261/1548 1560/2262/1549 1054/1650/998 1050/1646/994 
f 1049/1645/993 1053/1649/997 1561/2263/1550 1560/2262/1549 
f 1560/2262/1549 1561/2263/1550 1058/1654/1002 1054/1650/998 
f 1053/1649/997 1057/1653/1001 1562/2264/1551 1561/2263/1550 
f 1561/2263/1550 1562/2264/1551 1062/1658/1006 1058/1654/1002 
f 1057/1653/1001 1061/1657/1005 1563/2265/1552 1562/2264/1551 
f 1562/2264/1551 1563/2265/1552 1066/1662/1010 1062/1658/1006 
f 1061/1657/1005 1065/1661/1009 1564/2266/1553 1563/2265/1552 
f 1563/2265/1552 1564/2266/1553 1070/1666/1014 1066/1662/1010 
f 1065/1661/1009 1069/1665/1013 1565/2267/1554 1564/2266/1553 
f 1564/2266/1553 1565/2267/1554 1074/1670/1018 1070/1666/1014 
f 1069/1665/1013 1073/1669/1017 1566/2268/1555 1565/2267/1554 
f 1565/2267/1554 1566/2268/1555 1078/1674/1022 1074/1670/1018 
f 1073/1669/1017 1077/1673/1021 1567/2269/1556 1566/2268/1555 
f 1566/2268/1555 1567/2269/1556 1082/1680/1026 1078/1674/1022 
f 1077/1679/1021 1081/1678/1025 1568/2270/1557 1567/2271/1556 
f 1567/2271/1556 1568/2270/1557 1086/1685/1030 1082/1684/1026 
f 1081/1678/1025 1085/1683/1029 1569/2272/1558 1568/2270/1557 
f 1568/2270/1557 1569/2272/1558 1090/1690/1034 1086/1685/1030 
f 1085/1683/1029 1089/1689/1033 1570/2273/1559 1569/2272/1558 
f 1569/2272/1558 1570/2273/1559 1094/1694/1038 1090/1690/1034 
f 1089/1689/1033 1093/1693/1037 1571/2274/1560 1570/2273/1559 
f 1570/2273/1559 1571/2274/1560 1098/1698/1042 1094/1694/1038 
f 1093/1693/1037 1097/1697/1041 1572/2275/1561 1571/2274/1560 
f 1571/2274/1560 1572/2275/1561 1102/1702/1046 1098/1698/1042 
f 1097/1697/1041 1101/1701/1045 1573/2276/1562 1572/2275/1561 
f 1572/2275/1561 1573/2276/1562 1106/1706/1050 1102/1702/1046 
f 1101/1701/1045 1105/1705/1049 1574/2277/1563 1573/2276/1562 
f 1573/2276/1562 1574/2277/1563 1110/1710/1054 1106/1706/1050 
f 1105/1705/1049 1109/1709/1053 1575/2278/1564 1574/2277/1563 
f 1574/2277/1563 1575/2278/1564 1114/1714/1058 1110/1710/1054 
f 1109/1709/1053 1113/1713/1057 1576/2279/1565 1575/2278/1564 
f 1575/2278/1564 1576/2279/1565 1118/1718/1062 1114/1714/1058 
f 1113/1713/1057 1117/1717/1061 1577/2280/1566 1576/2279/1565 
f 1576/2279/1565 1577/2280/1566 1122/1724/1066 1118/1718/1062 
f 1117/1717/1061 1121/2281/1065 1578/2282/1567 1577/2280/1566 
f 1577/2280/1566 1578/2282/1567 1126/1728/1070 1122/1724/1066 
f 1121/1722/1065 1125/1727/1069 1579/2283/1568 1578/2284/1567 
f 1578/2284/1567 1579/2283/1568 1130/1733/1074 1126/1732/1070 
f 1125/1727/1069 1129/1731/1073 1580/2285/1569 1579/2283/1568 
f 1579/2283/1568 1580/2285/1569 1134/1738/1078 1130/1733/1074 
f 1129/1731/1073 1133/1737/1077 1581/2286/1570 1580/2285/1569 
f 1580/2285/1569 1581/2286/1570 1138/1742/1082 1134/1738/1078 
f 1133/1737/1077 1137/1741/1081 1582/2287/1571 1581/2286/1570 
f 1581/2286/1570 1582/2287/1571 1142/1746/1086 1138/1742/1082 
f 1137/1741/1081 1141/1745/1085 1583/2288/1572 1582/2287/1571 
f 1582/2287/1571 1583/2288/1572 1146/1750/1090 1142/1746/1086 
f 1141/1745/1085 1145/1749/1089 1584/2289/1573 1583/2288/1572 
f 1583/2288/1572 1584/2289/1573 1150/1754/1094 1146/1750/1090 
f 1145/1749/1089 1149/1753/1093 1585/2290/1574 1584/2289/1573 
f 1584/2289/1573 1585/2290/1574 1154/1758/1098 1150/1754/1094 
f 1149/1753/1093 1153/1757/1097 1586/2291/1575 1585/2290/1574 
f 1585/2290/1574 1586/2291/1575 1158/1762/1102 1154/1758/1098 
f 1153/1757/1097 1157/1761/1101 1587/2292/1576 1586/2291/1575 
f 1586/2291/1575 1587/2292/1576 1162/1766/1106 1158/1762/1102 
f 1157/1761/1101 1161/1765/1105 1588/2293/1577 1587/2292/1576 
f 1587/2292/1576 1588/2293/1577 1166/1770/1110 1162/1766/1106 
f 1161/1765/1105 1165/1769/1109 1589/2294/1578 1588/2293/1577 
f 1588/2293/1577 1589/2294/1578 1170/1774/1114 1166/1770/1110 
f 1165/2295/1109 1169/1779/1113 1590/2296/1579 1589/2297/1578 
f 1589/2297/1578 1590/2296/1579 1174/1781/1118 1170/1780/1114 
f 1169/1779/1113 1173/1778/1117 1591/2298/1580 1590/2296/1579 
f 1590/2296/1579 1591/2298/1580 1178/1786/1122 1174/1781/1118 
f 1173/1778/1117 1177/1785/1121 1592/2299/1581 1591/2298/1580 
f 1591/2298/1580 1592/2299/1581 1182/1790/1126 1178/1786/1122 
f 1177/1785/1121 1181/1789/1125 1593/2300/1582 1592/2299/1581 
f 1592/2299/1581 1593/2300/1582 1186/1794/1130 1182/1790/1126 
f 1181/1789/1125 1185/1793/1129 1594/2301/1583 1593/2300/1582 
f 1593/2300/1582 1594/2301/1583 1190/1798/1134 1186/1794/1130 
f 1185/1793/1129 1189/1797/1133 1595/2302/1584 1594/2301/1583 
f 1594/2301/1583 1595/2302/1584 1192/1800/1136 1190/1798/1134 
f 1189/1797/1133 1027/1619/971 1596/2303/1585 1595/2302/1584 
f 1595/2302/1584 1596/2303/1585 1020/1612/964 1192/1800/1136 
f 1027/1619/971 1026/1618/970 1553/2254/1542 1596/2303/1585 
f 1596/2303/1585 1553/2254/1542 1021/1613/965 1020/1612/964 
f 1025/1617/969 1024/1616/968 1597/2304/1586 1598/2305/1587 
f 1598/2306/1588 1597/2307/1589 835/1411/779 834/1410/778 
f 1024/1616/968 1188/1796/1132 1599/2308/1590 1597/2304/1586 
f 1597/2307/1589 1599/2309/1591 1201/1809/1145 835/1411/779 
f 1188/1796/1132 1184/1792/1128 1600/2310/1592 1599/2308/1590 
f 1599/2309/1591 1600/2311/1593 1203/1811/1147 1201/1809/1145 
f 1184/1792/1128 1180/1788/1124 1601/2312/1594 1600/2310/1592 
f 1600/2311/1593 1601/2313/1595 1205/1813/1149 1203/1811/1147 
f 1180/1788/1124 1176/1784/1120 1602/2314/1596 1601/2312/1594 
f 1601/2313/1595 1602/2315/1597 1207/1815/1151 1205/1813/1149 
f 1176/1784/1120 1172/1777/1116 1603/2316/1598 1602/2314/1596 
f 1602/2315/1597 1603/2317/1599 1209/1817/1153 1207/1815/1151 
f 1172/1777/1116 1168/1776/1112 1604/2318/1600 1603/2316/1598 
f 1603/2317/1599 1604/2319/1601 1211/1819/1155 1209/1817/1153 
f 1168/1772/1112 1164/1768/1108 1605/2320/1602 1604/2321/1600 
f 1604/2322/1601 1605/2323/1603 1213/1823/1157 1211/1822/1155 
f 1164/1768/1108 1160/1764/1104 1606/2324/1604 1605/2320/1602 
f 1605/2323/1603 1606/2325/1605 1215/1825/1159 1213/1823/1157 
f 1160/1764/1104 1156/1760/1100 1607/2326/1606 1606/2324/1604 
f 1606/2325/1605 1607/2327/1607 1217/1827/1161 1215/1825/1159 
f 1156/1760/1100 1152/1756/1096 1608/2328/1608 1607/2326/1606 
f 1607/2327/1607 1608/2329/1609 1219/1829/1163 1217/1827/1161 
f 1152/1756/1096 1148/1752/1092 1609/2330/1610 1608/2328/1608 
f 1608/2329/1609 1609/2331/1611 1221/1831/1165 1219/1829/1163 
f 1148/1752/1092 1144/1748/1088 1610/2332/1612 1609/2330/1610 
f 1609/2331/1611 1610/2333/1613 1223/1833/1167 1221/1831/1165 
f 1144/1748/1088 1140/1744/1084 1611/2334/1614 1610/2332/1612 
f 1610/2333/1613 1611/2335/1615 1225/1835/1169 1223/1833/1167 
f 1140/1744/1084 1136/1740/1080 1612/2336/1616 1611/2334/1614 
f 1611/2335/1615 1612/2337/1617 1227/1837/1171 1225/1835/1169 
f 1136/1740/1080 1132/1736/1076 1613/2338/1618 1612/2336/1616 
f 1612/2337/1617 1613/2339/1619 1229/1839/1173 1227/1837/1171 
f 1132/1736/1076 1128/1730/1072 1614/2340/1620 1613/2338/1618 
f 1613/2339/1619 1614/2341/1621 1231/1841/1175 1229/1839/1173 
f 1128/1730/1072 1124/1726/1068 1615/2342/1622 1614/2340/1620 
f 1614/2341/1621 1615/2343/1623 1233/1843/1177 1231/1841/1175 
f 1124/1726/1068 1120/1721/1064 1616/2344/1624 1615/2342/1622 
f 1615/2343/1623 1616/2345/1625 1235/1845/1179 1233/1843/1177 
f 1120/1721/1064 1116/1720/1060 1617/2346/1626 1616/2344/1624 
f 1616/2345/1625 1617/2347/1627 1237/1847/1181 1235/1845/1179 
f 1116/1716/1060 1112/1712/1056 1618/2348/1628 1617/2349/1626 
f 1617/2350/1627 1618/2351/1629 1239/1851/1183 1237/1850/1181 
f 1112/1712/1056 1108/1708/1052 1619/2352/1630 1618/2348/1628 
f 1618/2351/1629 1619/2353/1631 1241/1853/1185 1239/1851/1183 
f 1108/1708/1052 1104/1704/1048 1620/2354/1632 1619/2352/1630 
f 1619/2353/1631 1620/2355/1633 1243/1855/1187 1241/1853/1185 
f 1104/1704/1048 1100/1700/1044 1621/2356/1634 1620/2354/1632 
f 1620/2355/1633 1621/2357/1635 1245/1857/1189 1243/1855/1187 
f 1100/1700/1044 1096/1696/1040 1622/2358/1636 1621/2356/1634 
f 1621/2357/1635 1622/2359/1637 1247/1859/1191 1245/1857/1189 
f 1096/1696/1040 1092/1692/1036 1623/2360/1638 1622/2358/1636 
f 1622/2359/1637 1623/2361/1639 1249/1861/1193 1247/1859/1191 
f 1092/1692/1036 1088/1688/1032 1624/2362/1640 1623/2360/1638 
f 1623/2361/1639 1624/2363/1641 1251/1863/1195 1249/1861/1193 
f 1088/1688/1032 1084/1682/1028 1625/2364/1642 1624/2362/1640 
f 1624/2363/1641 1625/2365/1643 1253/1865/1197 1251/1863/1195 
f 1084/1682/1028 1080/1677/1024 1626/2366/1644 1625/2364/1642 
f 1625/2365/1643 1626/2367/1645 1255/1867/1199 1253/1865/1197 
f 1080/2368/1024 1076/1672/1020 1627/2369/1646 1626/2370/1644 
f 1626/2367/1645 1627/2371/1647 1257/1869/1201 1255/1867/1199 
f 1076/1672/1020 1072/1668/1016 1628/2372/1648 1627/2369/1646 
f 1627/2373/1647 1628/2374/1649 1259/1873/1203 1257/1872/1201 
f 1072/1668/1016 1068/1664/1012 1629/2375/1650 1628/2372/1648 
f 1628/2374/1649 1629/2376/1651 1261/1875/1205 1259/1873/1203 
f 1068/1664/1012 1064/1660/1008 1630/2377/1652 1629/2375/1650 
f 1629/2376/1651 1630/2378/1653 1263/1877/1207 1261/1875/1205 
f 1064/1660/1008 1060/1656/1004 1631/2379/1654 1630/2377/1652 
f 1630/2378/1653 1631/2380/1655 1265/1879/1209 1263/1877/1207 
f 1060/1656/1004 1056/1652/1000 1632/2381/1656 1631/2379/1654 
f 1631/2380/1655 1632/2382/1657 1267/1881/1211 1265/1879/1209 
f 1056/1652/1000 1052/1648/996 1633/2383/1658 1632/2381/1656 
f 1632/2382/1657 1633/2384/1659 1269/1883/1213 1267/1881/1211 
f 1052/1648/996 1048/1644/992 1634/2385/1660 1633/2383/1658 
f 1633/2384/1659 1634/2386/1661 1271/1885/1215 1269/1883/1213 
f 1048/1644/992 1044/1640/988 1635/2387/1662 1634/2385/1660 
f 1634/2386/1661 1635/2388/1663 1273/1887/1217 1271/1885/1215 
f 1044/1640/988 1040/1636/984 1636/2389/1664 1635/2387/1662 
f 1635/2388/1663 1636/2390/1665 1275/1889/1219 1273/1887/1217 
f 1040/1636/984 1036/1630/980 1637/2391/1666 1636/2389/1664 
f 1636/2390/1665 1637/2392/1667 1277/1891/1221 1275/1889/1219 
f 1036/1630/980 1032/1625/976 1638/2393/1668 1637/2391/1666 
f 1637/2392/1667 1638/2394/1669 1279/1893/1223 1277/1891/1221 
f 1032/1625/976 1029/1624/973 1639/2395/1670 1638/2393/1668 
f 1638/2394/1669 1639/2396/1671 1198/1895/1142 1279/1893/1223 
f 1029/1624/973 1028/2397/972 1640/2398/1672 1639/2395/1670 
f 1639/2399/1671 1640/2400/1673 1199/1807/1143 1198/1806/1142 
f 1028/1620/972 1194/1802/1138 1641/2401/1674 1640/2402/1672 
f 1640/2400/1673 1641/2403/1675 1281/1897/1225 1199/1807/1143 
f 1194/1802/1138 1025/1617/969 1598/2305/1587 1641/2401/1674 
f 1641/2403/1675 1598/2306/1588 834/1410/778 1281/1897/1225 
f 833/1409/777 1280/1896/1224 1281/1897/1225 834/1410/778 
f 1642/1408/1676 1643/1411/1677 1644/1410/1678 1645/1409/1679 
f 1646/1412/1680 1647/1415/1681 1648/1414/1682 1649/1413/1683 
f 1650/1416/1684 1651/1417/1685 1647/1415/1681 1646/1412/1680 
f 1652/1418/1686 1653/1419/1687 1651/1417/1685 1650/1416/1684 
f 1654/1420/1688 1655/1423/1689 1653/1422/1687 1652/1421/1686 
f 1656/1424/1690 1657/1425/1691 1655/1423/1689 1654/1420/1688 
f 1658/1426/1692 1659/1427/1693 1657/1425/1691 1656/1424/1690 
f 1660/1428/1694 1661/1429/1695 1659/1427/1693 1658/1426/1692 
f 1662/1430/1696 1663/1431/1697 1661/1429/1695 1660/1428/1694 
f 1664/1432/1698 1665/1433/1699 1663/1431/1697 1662/1430/1696 
f 1666/1434/1700 1667/1435/1701 1665/1433/1699 1664/1432/1698 
f 1668/1436/1702 1669/1437/1703 1667/1435/1701 1666/1434/1700 
f 1670/1438/1704 1671/1439/1705 1669/1437/1703 1668/1436/1702 
f 1672/1440/1706 1673/1441/1707 1671/1439/1705 1670/1438/1704 
f 1674/1442/1708 1675/1445/1709 1673/1444/1707 1672/1443/1706 
f 1676/1446/1710 1677/1447/1711 1675/1445/1709 1674/1442/1708 
f 1678/1448/1712 1679/1449/1713 1677/1447/1711 1676/1446/1710 
f 1680/1450/1714 1681/1451/1715 1679/1449/1713 1678/1448/1712 
f 1682/1452/1716 1683/1453/1717 1681/1451/1715 1680/1450/1714 
f 1684/1454/1718 1685/1455/1719 1683/1453/1717 1682/1452/1716 
f 1686/1456/1720 1687/1457/1721 1685/1455/1719 1684/1454/1718 
f 1688/1458/1722 1689/1459/1723 1687/1457/1721 1686/1456/1720 
f 1690/1460/1724 1691/1461/1725 1689/1459/1723 1688/1458/1722 
f 1692/1462/1726 1693/1463/1727 1691/1461/1725 1690/1460/1724 
f 1694/1464/1728 1695/1465/1729 1693/1463/1727 1692/1462/1726 
f 1696/1466/1730 1697/1467/1731 1695/1465/1729 1694/1464/1728 
f 1698/1468/1732 1699/1471/1733 1697/1470/1731 1696/1469/1730 
f 1700/1472/1734 1701/1473/1735 1699/1471/1733 1698/1468/1732 
f 1702/1474/1736 1703/1475/1737 1701/1473/1735 1700/1472/1734 
f 1704/1476/1738 1705/1477/1739 1703/1475/1737 1702/1474/1736 
f 1706/1478/1740 1707/1479/1741 1705/1477/1739 1704/1476/1738 
f 1708/1480/1742 1709/1481/1743 1707/1479/1741 1706/1478/1740 
f 1710/1482/1744 1711/1483/1745 1709/1481/1743 1708/1480/1742 
f 1712/1484/1746 1713/1485/1747 1711/1483/1745 1710/1482/1744 
f 1714/1486/1748 1715/1487/1749 1713/1485/1747 1712/1484/1746 
f 1716/1488/1750 1717/1489/1751 1715/1487/1749 1714/1486/1748 
f 1718/1490/1752 1719/1491/1753 1717/1489/1751 1716/1488/1750 
f 1720/1492/1754 1721/1495/1755 1719/1494/1753 1718/1493/1752 
f 1722/1496/1756 1723/1497/1757 1721/1495/1755 1720/1492/1754 
f 1724/1498/1758 1725/1499/1759 1723/1497/1757 1722/1496/1756 
f 1726/1500/1760 1727/1501/1761 1725/1499/1759 1724/1498/1758 
f 1728/1502/1762 1729/1503/1763 1727/1501/1761 1726/1500/1760 
f 1730/1504/1764 1731/1505/1765 1729/1503/1763 1728/1502/1762 
f 1732/1506/1766 1733/1507/1767 1731/1505/1765 1730/1504/1764 
f 1734/1508/1768 1735/1509/1769 1733/1507/1767 1732/1506/1766 
f 1736/1510/1770 1737/1513/1771 1738/1512/1772 1739/1511/1773 
f 1740/1514/1774 1741/1517/1775 1742/1516/1776 1743/1515/1777 
f 1744/1518/1778 1745/1519/1779 1741/1517/1775 1740/1514/1774 
f 1746/1520/1780 1747/1521/1781 1745/1519/1779 1744/1518/1778 
f 1748/1522/1782 1749/1525/1783 1747/1524/1781 1746/1523/1780 
f 1750/1526/1784 1751/1527/1785 1749/1525/1783 1748/1522/1782 
f 1752/1528/1786 1753/1529/1787 1751/1527/1785 1750/1526/1784 
f 1754/1530/1788 1755/1531/1789 1753/1529/1787 1752/1528/1786 
f 1756/1532/1790 1757/1533/1791 1755/1531/1789 1754/1530/1788 
f 1758/1534/1792 1759/1535/1793 1757/1533/1791 1756/1532/1790 
f 1760/1536/1794 1761/1537/1795 1759/1535/1793 1758/1534/1792 
f 1762/1538/1796 1763/1539/1797 1761/1537/1795 1760/1536/1794 
f 1764/1540/1798 1765/1541/1799 1763/1539/1797 1762/1538/1796 
f 1766/1542/1800 1767/1543/1801 1765/1541/1799 1764/1540/1798 
f 1768/1544/1802 1769/1547/1803 1767/1546/1801 1766/1545/1800 
f 1770/1548/1804 1771/1549/1805 1769/1547/1803 1768/1544/1802 
f 1772/1550/1806 1773/1551/1807 1771/1549/1805 1770/1548/1804 
f 1774/1552/1808 1775/1553/1809 1773/1551/1807 1772/1550/1806 
f 1776/1554/1810 1777/1555/1811 1775/1553/1809 1774/1552/1808 
f 1778/1556/1812 1779/1557/1813 1777/1555/1811 1776/1554/1810 
f 1780/1558/1814 1781/1559/1815 1779/1557/1813 1778/1556/1812 
f 1782/1560/1816 1783/1561/1817 1781/1559/1815 1780/1558/1814 
f 1784/1562/1818 1785/1563/1819 1783/1561/1817 1782/1560/1816 
f 1786/1564/1820 1787/1565/1821 1785/1563/1819 1784/1562/1818 
f 1788/1566/1822 1789/1567/1823 1787/1565/1821 1786/1564/1820 
f 1790/1568/1824 1791/1569/1825 1789/1567/1823 1788/1566/1822 
f 1792/1570/1826 1793/1573/1827 1791/1572/1825 1790/1571/1824 
f 1794/1574/1828 1795/1575/1829 1793/1573/1827 1792/1570/1826 
f 1796/1576/1830 1797/1577/1831 1795/1575/1829 1794/1574/1828 
f 1798/1578/1832 1799/1579/1833 1797/1577/1831 1796/1576/1830 
f 1800/1580/1834 1801/1581/1835 1799/1579/1833 1798/1578/1832 
f 1802/1582/1836 1803/1583/1837 1801/1581/1835 1800/1580/1834 
f 1804/1584/1838 1805/1585/1839 1803/1583/1837 1802/1582/1836 
f 1806/1586/1840 1807/1587/1841 1805/1585/1839 1804/1584/1838 
f 1808/1588/1842 1809/1589/1843 1807/1587/1841 1806/1586/1840 
f 1810/1590/1844 1811/1591/1845 1809/1589/1843 1808/1588/1842 
f 1812/1592/1846 1813/1593/1847 1811/1591/1845 1810/1590/1844 
f 1814/1594/1848 1815/1597/1849 1813/1596/1847 1812/1595/1846 
f 1816/1598/1850 1817/1599/1851 1815/1597/1849 1814/1594/1848 
f 1818/1600/1852 1819/1601/1853 1817/1599/1851 1816/1598/1850 
f 1820/1602/1854 1821/1603/1855 1819/1601/1853 1818/1600/1852 
f 1822/1604/1856 1823/1605/1857 1821/1603/1855 1820/1602/1854 
f 1824/1606/1858 1825/1607/1859 1823/1605/1857 1822/1604/1856 
f 1826/1608/1860 1827/1609/1861 1825/1607/1859 1824/1606/1858 
f 1828/1610/1862 1829/1611/1863 1827/1609/1861 1826/1608/1860 
f 1830/1612/1864 1831/1615/1865 1832/1614/1866 1833/1613/1867 
f 1834/1616/1868 1835/1619/1869 1836/1618/1870 1837/1617/1871 
f 1838/1620/1872 1839/1623/1873 1840/1622/1874 1841/1621/1875 
f 1841/1624/1875 1840/1627/1874 1842/1626/1876 1843/1625/1877 
f 1739/1511/1773 1738/1512/1772 1844/1629/1878 1845/1628/1879 
f 1843/1625/1877 1842/1626/1876 1846/1631/1880 1847/1630/1881 
f 1845/1632/1879 1844/1635/1878 1848/1634/1882 1849/1633/1883 
f 1847/1630/1881 1846/1631/1880 1850/1637/1884 1851/1636/1885 
f 1849/1633/1883 1848/1634/1882 1852/1639/1886 1853/1638/1887 
f 1851/1636/1885 1850/1637/1884 1854/1641/1888 1855/1640/1889 
f 1853/1638/1887 1852/1639/1886 1856/1643/1890 1857/1642/1891 
f 1855/1640/1889 1854/1641/1888 1858/1645/1892 1859/1644/1893 
f 1857/1642/1891 1856/1643/1890 1860/1647/1894 1861/1646/1895 
f 1859/1644/1893 1858/1645/1892 1862/1649/1896 1863/1648/1897 
f 1861/1646/1895 1860/1647/1894 1864/1651/1898 1865/1650/1899 
f 1863/1648/1897 1862/1649/1896 1866/1653/1900 1867/1652/1901 
f 1865/1650/1899 1864/1651/1898 1868/1655/1902 1869/1654/1903 
f 1867/1652/1901 1866/1653/1900 1870/1657/1904 1871/1656/1905 
f 1869/1654/1903 1868/1655/1902 1872/1659/1906 1873/1658/1907 
f 1871/1656/1905 1870/1657/1904 1874/1661/1908 1875/1660/1909 
f 1873/1658/1907 1872/1659/1906 1876/1663/1910 1877/1662/1911 
f 1875/1660/1909 1874/1661/1908 1878/1665/1912 1879/1664/1913 
f 1877/1662/1911 1876/1663/1910 1880/1667/1914 1881/1666/1915 
f 1879/1664/1913 1878/1665/1912 1882/1669/1916 1883/1668/1917 
f 1881/1666/1915 1880/1667/1914 1884/1671/1918 1885/1670/1919 
f 1883/1668/1917 1882/1669/1916 1886/1673/1920 1887/1672/1921 
f 1885/1670/1919 1884/1671/1918 1888/1675/1922 1889/1674/1923 
f 1887/1676/1921 1886/1679/1920 1890/1678/1924 1891/1677/1925 
f 1889/1674/1923 1888/1675/1922 1892/1681/1926 1893/1680/1927 
f 1891/1677/1925 1890/1678/1924 1894/1683/1928 1895/1682/1929 
f 1893/1684/1927 1892/1687/1926 1896/1686/1930 1897/1685/1931 
f 1895/1682/1929 1894/1683/1928 1898/1689/1932 1899/1688/1933 
f 1897/1685/1931 1896/1686/1930 1900/1691/1934 1901/1690/1935 
f 1899/1688/1933 1898/1689/1932 1902/1693/1936 1903/1692/1937 
f 1901/1690/1935 1900/1691/1934 1904/1695/1938 1905/1694/1939 
f 1903/1692/1937 1902/1693/1936 1906/1697/1940 1907/1696/1941 
f 1905/1694/1939 1904/1695/1938 1908/1699/1942 1909/1698/1943 
f 1907/1696/1941 1906/1697/1940 1910/1701/1944 1911/1700/1945 
f 1909/1698/1943 1908/1699/1942 1912/1703/1946 1913/1702/1947 
f 1911/1700/1945 1910/1701/1944 1914/1705/1948 1915/1704/1949 
f 1913/1702/1947 1912/1703/1946 1916/1707/1950 1917/1706/1951 
f 1915/1704/1949 1914/1705/1948 1918/1709/1952 1919/1708/1953 
f 1917/1706/1951 1916/1707/1950 1920/1711/1954 1921/1710/1955 
f 1919/1708/1953 1918/1709/1952 1922/1713/1956 1923/1712/1957 
f 1921/1710/1955 1920/1711/1954 1924/1715/1958 1925/1714/1959 
f 1923/1712/1957 1922/1713/1956 1926/1717/1960 1927/1716/1961 
f 1925/1714/1959 1924/1715/1958 1928/1719/1962 1929/1718/1963 
f 1927/1720/1961 1926/1723/1960 1930/1722/1964 1931/1721/1965 
f 1929/1718/1963 1928/1719/1962 1932/1725/1966 1933/1724/1967 
f 1931/1721/1965 1930/1722/1964 1934/1727/1968 1935/1726/1969 
f 1933/1724/1967 1932/1725/1966 1936/1729/1970 1937/1728/1971 
f 1935/1726/1969 1934/1727/1968 1938/1731/1972 1939/1730/1973 
f 1937/1732/1971 1936/1735/1970 1940/1734/1974 1941/1733/1975 
f 1939/1730/1973 1938/1731/1972 1942/1737/1976 1943/1736/1977 
f 1941/1733/1975 1940/1734/1974 1944/1739/1978 1945/1738/1979 
f 1943/1736/1977 1942/1737/1976 1946/1741/1980 1947/1740/1981 
f 1945/1738/1979 1944/1739/1978 1948/1743/1982 1949/1742/1983 
f 1947/1740/1981 1946/1741/1980 1950/1745/1984 1951/1744/1985 
f 1949/1742/1983 1948/1743/1982 1952/1747/1986 1953/1746/1987 
f 1951/1744/1985 1950/1745/1984 1954/1749/1988 1955/1748/1989 
f 1953/1746/1987 1952/1747/1986 1956/1751/1990 1957/1750/1991 
f 1955/1748/1989 1954/1749/1988 1958/1753/1992 1959/1752/1993 
f 1957/1750/1991 1956/1751/1990 1960/1755/1994 1961/1754/1995 
f 1959/1752/1993 1958/1753/1992 1962/1757/1996 1963/1756/1997 
f 1961/1754/1995 1960/1755/1994 1964/1759/1998 1965/1758/1999 
f 1963/1756/1997 1962/1757/1996 1966/1761/2000 1967/1760/2001 
f 1965/1758/1999 1964/1759/1998 1968/1763/2002 1969/1762/2003 
f 1967/1760/2001 1966/1761/2000 1970/1765/2004 1971/1764/2005 
f 1969/1762/2003 1968/1763/2002 1972/1767/2006 1973/1766/2007 
f 1971/1764/2005 1970/1765/2004 1974/1769/2008 1975/1768/2009 
f 1973/1766/2007 1972/1767/2006 1976/1771/2010 1977/1770/2011 
f 1975/1768/2009 1974/1769/2008 1978/1773/2012 1979/1772/2013 
f 1977/1770/2011 1976/1771/2010 1980/1775/2014 1981/1774/2015 
f 1979/1776/2013 1978/1779/2012 1982/1778/2016 1983/1777/2017 
f 1981/1780/2015 1980/1783/2014 1984/1782/2018 1985/1781/2019 
f 1983/1777/2017 1982/1778/2016 1986/1785/2020 1987/1784/2021 
f 1985/1781/2019 1984/1782/2018 1988/1787/2022 1989/1786/2023 
f 1987/1784/2021 1986/1785/2020 1990/1789/2024 1991/1788/2025 
f 1989/1786/2023 1988/1787/2022 1992/1791/2026 1993/1790/2027 
f 1991/1788/2025 1990/1789/2024 1994/1793/2028 1995/1792/2029 
f 1993/1790/2027 1992/1791/2026 1996/1795/2030 1997/1794/2031 
f 1995/1792/2029 1994/1793/2028 1998/1797/2032 1999/1796/2033 
f 1997/1794/2031 1996/1795/2030 2000/1799/2034 2001/1798/2035 
f 1999/1796/2033 1998/1797/2032 1835/1619/1869 1834/1616/1868 
f 2001/1798/2035 2000/1799/2034 2002/1801/2036 2003/1800/2037 
f 2003/1800/2037 2002/1801/2036 1831/1615/1865 1830/1612/1864 
f 1837/1617/1871 1836/1618/1870 2004/1803/2038 2005/1802/2039 
f 2005/1802/2039 2004/1803/2038 1839/1623/1873 1838/1620/1872 
f 2006/1804/2040 2007/1807/2041 2008/1806/2042 2009/1805/2043 
f 1743/1515/1777 1742/1516/1776 1829/1611/1863 1828/1610/1862 
f 1833/1613/1867 1832/1614/1866 1737/1513/1771 1736/1510/1770 
f 2010/1808/2044 2011/1809/2045 1643/1411/1677 1642/1408/1676 
f 2012/1810/2046 2013/1811/2047 2011/1809/2045 2010/1808/2044 
f 2014/1812/2048 2015/1813/2049 2013/1811/2047 2012/1810/2046 
f 2016/1814/2050 2017/1815/2051 2015/1813/2049 2014/1812/2048 
f 2018/1816/2052 2019/1817/2053 2017/1815/2051 2016/1814/2050 
f 2020/1818/2054 2021/1819/2055 2019/1817/2053 2018/1816/2052 
f 2022/1820/2056 2023/1823/2057 2021/1822/2055 2020/1821/2054 
f 2024/1824/2058 2025/1825/2059 2023/1823/2057 2022/1820/2056 
f 2026/1826/2060 2027/1827/2061 2025/1825/2059 2024/1824/2058 
f 2028/1828/2062 2029/1829/2063 2027/1827/2061 2026/1826/2060 
f 2030/1830/2064 2031/1831/2065 2029/1829/2063 2028/1828/2062 
f 2032/1832/2066 2033/1833/2067 2031/1831/2065 2030/1830/2064 
f 2034/1834/2068 2035/1835/2069 2033/1833/2067 2032/1832/2066 
f 2036/1836/2070 2037/1837/2071 2035/1835/2069 2034/1834/2068 
f 2038/1838/2072 2039/1839/2073 2037/1837/2071 2036/1836/2070 
f 2040/1840/2074 2041/1841/2075 2039/1839/2073 2038/1838/2072 
f 2042/1842/2076 2043/1843/2077 2041/1841/2075 2040/1840/2074 
f 2044/1844/2078 2045/1845/2079 2043/1843/2077 2042/1842/2076 
f 2046/1846/2080 2047/1847/2081 2045/1845/2079 2044/1844/2078 
f 2048/1848/2082 2049/1851/2083 2047/1850/2081 2046/1849/2080 
f 2050/1852/2084 2051/1853/2085 2049/1851/2083 2048/1848/2082 
f 2052/1854/2086 2053/1855/2087 2051/1853/2085 2050/1852/2084 
f 2054/1856/2088 2055/1857/2089 2053/1855/2087 2052/1854/2086 
f 2056/1858/2090 2057/1859/2091 2055/1857/2089 2054/1856/2088 
f 2058/1860/2092 2059/1861/2093 2057/1859/2091 2056/1858/2090 
f 2060/1862/2094 2061/1863/2095 2059/1861/2093 2058/1860/2092 
f 2062/1864/2096 2063/1865/2097 2061/1863/2095 2060/1862/2094 
f 2064/1866/2098 2065/1867/2099 2063/1865/2097 2062/1864/2096 
f 2066/1868/2100 2067/1869/2101 2065/1867/2099 2064/1866/2098 
f 2068/1870/2102 2069/1873/2103 2067/1872/2101 2066/1871/2100 
f 2070/1874/2104 2071/1875/2105 2069/1873/2103 2068/1870/2102 
f 2072/1876/2106 2073/1877/2107 2071/1875/2105 2070/1874/2104 
f 2074/1878/2108 2075/1879/2109 2073/1877/2107 2072/1876/2106 
f 2076/1880/2110 2077/1881/2111 2075/1879/2109 2074/1878/2108 
f 2078/1882/2112 2079/1883/2113 2077/1881/2111 2076/1880/2110 
f 2080/1884/2114 2081/1885/2115 2079/1883/2113 2078/1882/2112 
f 2082/1886/2116 2083/1887/2117 2081/1885/2115 2080/1884/2114 
f 2084/1888/2118 2085/1889/2119 2083/1887/2117 2082/1886/2116 
f 2086/1890/2120 2087/1891/2121 2085/1889/2119 2084/1888/2118 
f 2088/1892/2122 2089/1893/2123 2087/1891/2121 2086/1890/2120 
f 2009/1894/2043 2008/1895/2042 2089/1893/2123 2088/1892/2122 
f 2090/1896/2124 2091/1897/2125 2007/1807/2041 2006/1804/2040 
f 2092/1898/2126 2093/1901/2127 2094/1900/2128 2095/1899/2129 
f 2096/1902/2130 2097/1905/2131 2098/1904/2132 2099/1903/2133 
f 2100/1906/2134 2096/1902/2130 2099/1903/2133 2101/1907/2135 
f 2102/1908/2136 2100/1906/2134 2101/1907/2135 2103/1909/2137 
f 2104/1910/2138 2102/1908/2136 2103/1909/2137 2105/1911/2139 
f 2106/1912/2140 2104/1910/2138 2105/1911/2139 2107/1913/2141 
f 2108/1914/2142 2106/1912/2140 2107/1913/2141 2109/1915/2143 
f 2110/1916/2144 2108/1914/2142 2109/1915/2143 2111/1917/2145 
f 2112/1918/2146 2110/1921/2144 2111/1920/2145 2113/1919/2147 
f 2114/1922/2148 2112/1918/2146 2113/1919/2147 2115/1923/2149 
f 2116/1924/2150 2114/1922/2148 2115/1923/2149 2117/1925/2151 
f 2118/1926/2152 2116/1924/2150 2117/1925/2151 2119/1927/2153 
f 2120/1928/2154 2118/1926/2152 2119/1927/2153 2121/1929/2155 
f 2122/1930/2156 2120/1928/2154 2121/1929/2155 2123/1931/2157 
f 2124/1932/2158 2122/1930/2156 2123/1931/2157 2125/1933/2159 
f 2126/1934/2160 2124/1932/2158 2125/1933/2159 2127/1935/2161 
f 2128/1936/2162 2126/1934/2160 2127/1935/2161 2129/1937/2163 
f 2130/1938/2164 2128/1936/2162 2129/1937/2163 2131/1939/2165 
f 2132/1940/2166 2130/1938/2164 2131/1939/2165 2133/1941/2167 
f 2134/1942/2168 2132/1945/2166 2133/1944/2167 2135/1943/2169 
f 2136/1946/2170 2134/1942/2168 2135/1943/2169 2137/1947/2171 
f 2138/1948/2172 2136/1946/2170 2137/1947/2171 2139/1949/2173 
f 2140/1950/2174 2138/1948/2172 2139/1949/2173 2141/1951/2175 
f 2142/1952/2176 2140/1950/2174 2141/1951/2175 2143/1953/2177 
f 2144/1954/2178 2142/1952/2176 2143/1953/2177 2145/1955/2179 
f 2146/1956/2180 2144/1954/2178 2145/1955/2179 2147/1957/2181 
f 2148/1958/2182 2146/1956/2180 2147/1957/2181 2149/1959/2183 
f 2150/1960/2184 2148/1958/2182 2149/1959/2183 2151/1961/2185 
f 2152/1962/2186 2150/1960/2184 2151/1961/2185 2153/1963/2187 
f 2154/1964/2188 2152/1962/2186 2153/1963/2187 2155/1965/2189 
f 2156/1966/2190 2154/1969/2188 2155/1968/2189 2157/1967/2191 
f 2158/1970/2192 2156/1966/2190 2157/1967/2191 2159/1971/2193 
f 2160/1972/2194 2158/1970/2192 2159/1971/2193 2161/1973/2195 
f 2162/1974/2196 2160/1972/2194 2161/1973/2195 2163/1975/2197 
f 2164/1976/2198 2162/1974/2196 2163/1975/2197 2165/1977/2199 
f 2166/1978/2200 2164/1976/2198 2165/1977/2199 2167/1979/2201 
f 2168/1980/2202 2166/1978/2200 2167/1979/2201 2169/1981/2203 
f 2170/1982/2204 2168/1980/2202 2169/1981/2203 2171/1983/2205 
f 2172/1984/2206 2170/1982/2204 2171/1983/2205 2173/1985/2207 
f 2174/1986/2208 2172/1984/2206 2173/1985/2207 2175/1987/2209 
f 2176/1988/2210 2174/1986/2208 2175/1987/2209 2177/1989/2211 
f 2178/1990/2212 2176/1988/2210 2177/1989/2211 2179/1991/2213 
f 2180/1992/2214 2178/1995/2212 2179/1994/2213 2181/1993/2215 
f 2093/1901/2127 2180/1992/2214 2181/1993/2215 2094/1900/2128 
f 2097/1905/2131 2092/1898/2126 2095/1899/2129 2098/1904/2132 
f 2094/1900/2128 2182/1997/2216 2183/1996/2217 2095/1899/2129 
f 2182/1997/2216 1649/1413/1683 1734/1508/1768 2183/1996/2217 
f 2181/1993/2215 2184/1998/2218 2182/1997/2216 2094/1900/2128 
f 2184/1998/2218 1646/1412/1680 1649/1413/1683 2182/1997/2216 
f 2179/1994/2213 2185/1999/2219 2184/1998/2218 2181/1993/2215 
f 2185/1999/2219 1650/1416/1684 1646/1412/1680 2184/1998/2218 
f 2177/1989/2211 2186/2001/2220 2185/2000/2219 2179/1991/2213 
f 2186/2002/2220 1652/1418/1686 1650/1416/1684 2185/1999/2219 
f 2175/1987/2209 2187/2003/2221 2186/2001/2220 2177/1989/2211 
f 2187/2003/2221 1654/1420/1688 1652/1421/1686 2186/2001/2220 
f 2173/1985/2207 2188/2004/2222 2187/2003/2221 2175/1987/2209 
f 2188/2004/2222 1656/1424/1690 1654/1420/1688 2187/2003/2221 
f 2171/1983/2205 2189/2005/2223 2188/2004/2222 2173/1985/2207 
f 2189/2005/2223 1658/1426/1692 1656/1424/1690 2188/2004/2222 
f 2169/1981/2203 2190/2006/2224 2189/2005/2223 2171/1983/2205 
f 2190/2006/2224 1660/1428/1694 1658/1426/1692 2189/2005/2223 
f 2167/1979/2201 2191/2007/2225 2190/2006/2224 2169/1981/2203 
f 2191/2007/2225 1662/1430/2226 1660/1428/1694 2190/2006/2224 
f 2165/1977/2199 2192/2008/2227 2191/2007/2225 2167/1979/2201 
f 2192/2008/2227 1664/1432/2228 1662/1430/2226 2191/2007/2225 
f 2163/1975/2197 2193/2009/2229 2192/2008/2227 2165/1977/2199 
f 2193/2009/2229 1666/1434/2230 1664/1432/2228 2192/2008/2227 
f 2161/1973/2195 2194/2010/2231 2193/2009/2229 2163/1975/2197 
f 2194/2010/2231 1668/1436/2232 1666/1434/2230 2193/2009/2229 
f 2159/1971/2193 2195/2011/2233 2194/2010/2231 2161/1973/2195 
f 2195/2011/2233 1670/1438/2234 1668/1436/2232 2194/2010/2231 
f 2157/1967/2191 2196/2012/2235 2195/2011/2233 2159/1971/2193 
f 2196/2012/2235 1672/1440/1706 1670/1438/2234 2195/2011/2233 
f 2155/1968/2189 2197/2013/2236 2196/2012/2235 2157/1967/2191 
f 2197/2014/2236 1674/1442/1708 1672/1443/1706 2196/2015/2235 
f 2153/1963/2187 2198/2016/2237 2197/2014/2236 2155/1965/2189 
f 2198/2016/2237 1676/1446/1710 1674/1442/1708 2197/2014/2236 
f 2151/1961/2185 2199/2017/2238 2198/2016/2237 2153/1963/2187 
f 2199/2017/2238 1678/1448/1712 1676/1446/1710 2198/2016/2237 
f 2149/1959/2183 2200/2018/2239 2199/2017/2238 2151/1961/2185 
f 2200/2018/2239 1680/1450/1714 1678/1448/1712 2199/2017/2238 
f 2147/1957/2181 2201/2019/2240 2200/2018/2239 2149/1959/2183 
f 2201/2019/2240 1682/1452/1716 1680/1450/1714 2200/2018/2239 
f 2145/1955/2179 2202/2020/2241 2201/2019/2240 2147/1957/2181 
f 2202/2020/2241 1684/1454/1718 1682/1452/1716 2201/2019/2240 
f 2143/1953/2177 2203/2021/2242 2202/2020/2241 2145/1955/2179 
f 2203/2021/2242 1686/1456/1720 1684/1454/1718 2202/2020/2241 
f 2141/1951/2175 2204/2022/2243 2203/2021/2242 2143/1953/2177 
f 2204/2022/2243 1688/1458/1722 1686/1456/1720 2203/2021/2242 
f 2139/1949/2173 2205/2023/2244 2204/2022/2243 2141/1951/2175 
f 2205/2023/2244 1690/1460/1724 1688/1458/1722 2204/2022/2243 
f 2137/1947/2171 2206/2024/2245 2205/2023/2244 2139/1949/2173 
f 2206/2024/2245 1692/1462/1726 1690/1460/1724 2205/2023/2244 
f 2135/1943/2169 2207/2025/2246 2206/2024/2245 2137/1947/2171 
f 2207/2025/2246 1694/1464/1728 1692/1462/1726 2206/2024/2245 
f 2133/1944/2167 2208/2026/2247 2207/2025/2246 2135/1943/2169 
f 2208/2026/2247 1696/1466/1730 1694/1464/1728 2207/2025/2246 
f 2131/1939/2165 2209/2028/2248 2208/2027/2247 2133/1941/2167 
f 2209/2028/2248 1698/1468/1732 1696/1469/1730 2208/2027/2247 
f 2129/1937/2163 2210/2029/2249 2209/2028/2248 2131/1939/2165 
f 2210/2029/2249 1700/1472/1734 1698/1468/1732 2209/2028/2248 
f 2127/1935/2161 2211/2030/2250 2210/2029/2249 2129/1937/2163 
f 2211/2030/2250 1702/1474/1736 1700/1472/1734 2210/2029/2249 
f 2125/1933/2159 2212/2031/2251 2211/2030/2250 2127/1935/2161 
f 2212/2031/2251 1704/1476/1738 1702/1474/1736 2211/2030/2250 
f 2123/1931/2157 2213/2032/2252 2212/2031/2251 2125/1933/2159 
f 2213/2032/2252 1706/1478/1740 1704/1476/1738 2212/2031/2251 
f 2121/1929/2155 2214/2033/2253 2213/2032/2252 2123/1931/2157 
f 2214/2033/2253 1708/1480/1742 1706/1478/1740 2213/2032/2252 
f 2119/1927/2153 2215/2034/2254 2214/2033/2253 2121/1929/2155 
f 2215/2034/2254 1710/1482/1744 1708/1480/1742 2214/2033/2253 
f 2117/1925/2151 2216/2035/2255 2215/2034/2254 2119/1927/2153 
f 2216/2035/2255 1712/1484/1746 1710/1482/1744 2215/2034/2254 
f 2115/1923/2149 2217/2036/2256 2216/2035/2255 2117/1925/2151 
f 2217/2036/2256 1714/1486/1748 1712/1484/1746 2216/2035/2255 
f 2113/1919/2147 2218/2037/2257 2217/2036/2256 2115/1923/2149 
f 2218/2037/2257 1716/1488/1750 1714/1486/1748 2217/2036/2256 
f 2111/1920/2145 2219/2038/2258 2218/2037/2257 2113/1919/2147 
f 2219/2038/2258 1718/1490/1752 1716/1488/1750 2218/2037/2257 
f 2109/1915/2143 2220/2040/2259 2219/2039/2258 2111/1917/2145 
f 2220/2040/2259 1720/1492/1754 1718/1493/1752 2219/2039/2258 
f 2107/1913/2141 2221/2041/2260 2220/2040/2259 2109/1915/2143 
f 2221/2041/2260 1722/1496/1756 1720/1492/1754 2220/2040/2259 
f 2105/1911/2139 2222/2042/2261 2221/2041/2260 2107/1913/2141 
f 2222/2042/2261 1724/1498/1758 1722/1496/1756 2221/2041/2260 
f 2103/1909/2137 2223/2043/2262 2222/2042/2261 2105/1911/2139 
f 2223/2043/2262 1726/1500/1760 1724/1498/1758 2222/2042/2261 
f 2101/1907/2135 2224/2044/2263 2223/2043/2262 2103/1909/2137 
f 2224/2044/2263 1728/1502/1762 1726/1500/1760 2223/2043/2262 
f 2099/1903/2133 2225/2045/2264 2224/2044/2263 2101/1907/2135 
f 2225/2045/2264 1730/1504/1764 1728/1502/1762 2224/2044/2263 
f 2098/1904/2132 2226/2046/2265 2225/2045/2264 2099/1903/2133 
f 2226/2046/2265 1732/1506/1766 1730/1504/1764 2225/2045/2264 
f 2095/1899/2129 2183/1996/2217 2226/2046/2265 2098/1904/2132 
f 2183/1996/2217 1734/1508/1768 1732/1506/1766 2226/2046/2265 
f 1742/1516/1776 2227/2048/2266 2228/2047/2267 1829/1611/1863 
f 2227/2048/2266 1737/1513/1771 1832/1614/1866 2228/2047/2267 
f 1741/1517/1775 2229/2049/2268 2227/2048/2266 1742/1516/1776 
f 2229/2049/2268 1738/1512/1772 1737/1513/1771 2227/2048/2266 
f 1745/1519/1779 2230/2050/2269 2229/2049/2268 1741/1517/1775 
f 2230/2050/2269 1844/1629/1878 1738/1512/1772 2229/2049/2268 
f 1747/1524/1781 2231/2053/2270 2230/2052/2269 1745/2051/1779 
f 2231/2053/2270 1848/1634/1882 1844/1635/1878 2230/2052/2269 
f 1749/1525/1783 2232/2054/2271 2231/2053/2270 1747/1524/1781 
f 2232/2054/2271 1852/1639/1886 1848/1634/1882 2231/2053/2270 
f 1751/1527/1785 2233/2055/2272 2232/2054/2271 1749/1525/1783 
f 2233/2055/2272 1856/1643/1890 1852/1639/1886 2232/2054/2271 
f 1753/1529/1787 2234/2056/2273 2233/2055/2272 1751/1527/1785 
f 2234/2056/2273 1860/1647/1894 1856/1643/1890 2233/2055/2272 
f 1755/1531/1789 2235/2057/2274 2234/2056/2273 1753/1529/1787 
f 2235/2057/2274 1864/1651/1898 1860/1647/1894 2234/2056/2273 
f 1757/1533/1791 2236/2058/2275 2235/2057/2274 1755/1531/1789 
f 2236/2058/2275 1868/1655/1902 1864/1651/1898 2235/2057/2274 
f 1759/1535/1793 2237/2059/2276 2236/2058/2275 1757/1533/1791 
f 2237/2059/2276 1872/1659/1906 1868/1655/1902 2236/2058/2275 
f 1761/1537/1795 2238/2060/2277 2237/2059/2276 1759/1535/1793 
f 2238/2060/2277 1876/1663/1910 1872/1659/1906 2237/2059/2276 
f 1763/1539/1797 2239/2061/2278 2238/2060/2277 1761/1537/1795 
f 2239/2061/2278 1880/1667/1914 1876/1663/1910 2238/2060/2277 
f 1765/1541/1799 2240/2062/2279 2239/2061/2278 1763/1539/1797 
f 2240/2062/2279 1884/1671/1918 1880/1667/1914 2239/2061/2278 
f 1767/1543/1801 2241/2063/2280 2240/2062/2279 1765/1541/1799 
f 2241/2063/2280 1888/1675/1922 1884/1671/1918 2240/2062/2279 
f 1769/2064/1803 2242/2065/2281 2241/2063/2280 1767/1543/1801 
f 2242/2065/2281 1892/1681/1926 1888/1675/1922 2241/2063/2280 
f 1771/1549/1805 2243/2067/2282 2242/2066/2281 1769/1547/1803 
f 2243/2067/2282 1896/1686/1930 1892/1687/1926 2242/2066/2281 
f 1773/1551/1807 2244/2068/2283 2243/2067/2282 1771/1549/1805 
f 2244/2068/2283 1900/1691/1934 1896/1686/1930 2243/2067/2282 
f 1775/1553/1809 2245/2069/2284 2244/2068/2283 1773/1551/1807 
f 2245/2069/2284 1904/1695/1938 1900/1691/1934 2244/2068/2283 
f 1777/1555/1811 2246/2070/2285 2245/2069/2284 1775/1553/1809 
f 2246/2070/2285 1908/1699/1942 1904/1695/1938 2245/2069/2284 
f 1779/1557/1813 2247/2071/2286 2246/2070/2285 1777/1555/1811 
f 2247/2071/2286 1912/1703/1946 1908/1699/1942 2246/2070/2285 
f 1781/1559/1815 2248/2072/2287 2247/2071/2286 1779/1557/1813 
f 2248/2072/2287 1916/1707/1950 1912/1703/1946 2247/2071/2286 
f 1783/1561/1817 2249/2073/2288 2248/2072/2287 1781/1559/1815 
f 2249/2073/2288 1920/1711/1954 1916/1707/1950 2248/2072/2287 
f 1785/1563/1819 2250/2074/2289 2249/2073/2288 1783/1561/1817 
f 2250/2074/2289 1924/1715/1958 1920/1711/1954 2249/2073/2288 
f 1787/1565/1821 2251/2075/2290 2250/2074/2289 1785/1563/1819 
f 2251/2075/2290 1928/1719/1962 1924/1715/1958 2250/2074/2289 
f 1789/1567/1823 2252/2076/2291 2251/2075/2290 1787/1565/1821 
f 2252/2076/2291 1932/1725/1966 1928/1719/1962 2251/2075/2290 
f 1791/1569/1825 2253/2077/2292 2252/2076/2291 1789/1567/1823 
f 2253/2077/2292 1936/1729/1970 1932/1725/1966 2252/2076/2291 
f 1793/1573/1827 2254/2079/2293 2253/2078/2292 1791/1572/1825 
f 2254/2079/2293 1940/1734/1974 1936/1735/1970 2253/2078/2292 
f 1795/1575/1829 2255/2080/2294 2254/2079/2293 1793/1573/1827 
f 2255/2080/2294 1944/1739/1978 1940/1734/1974 2254/2079/2293 
f 1797/1577/1831 2256/2081/2295 2255/2080/2294 1795/1575/1829 
f 2256/2081/2295 1948/1743/1982 1944/1739/1978 2255/2080/2294 
f 1799/1579/1833 2257/2082/2296 2256/2081/2295 1797/1577/1831 
f 2257/2082/2296 1952/1747/1986 1948/1743/1982 2256/2081/2295 
f 1801/1581/1835 2258/2083/2297 2257/2082/2296 1799/1579/1833 
f 2258/2083/2297 1956/1751/1990 1952/1747/1986 2257/2082/2296 
f 1803/1583/2298 2259/2084/2299 2258/2083/2297 1801/1581/1835 
f 2259/2084/2299 1960/1755/1994 1956/1751/1990 2258/2083/2297 
f 1805/1585/2300 2260/2085/2301 2259/2084/2299 1803/1583/2298 
f 2260/2085/2301 1964/1759/1998 1960/1755/1994 2259/2084/2299 
f 1807/1587/2302 2261/2086/2303 2260/2085/2301 1805/1585/2300 
f 2261/2086/2303 1968/1763/2002 1964/1759/1998 2260/2085/2301 
f 1809/1589/2304 2262/2087/2305 2261/2086/2303 1807/1587/2302 
f 2262/2087/2305 1972/1767/2006 1968/1763/2002 2261/2086/2303 
f 1811/1591/1845 2263/2088/2306 2262/2087/2305 1809/1589/2304 
f 2263/2088/2306 1976/1771/2010 1972/1767/2006 2262/2087/2305 
f 1813/1593/1847 2264/2089/2307 2263/2088/2306 1811/1591/1845 
f 2264/2089/2307 1980/1775/2014 1976/1771/2010 2263/2088/2306 
f 1815/1597/1849 2265/2091/2308 2264/2090/2307 1813/1596/1847 
f 2265/2091/2308 1984/1782/2018 1980/1783/2014 2264/2090/2307 
f 1817/1599/1851 2266/2092/2309 2265/2091/2308 1815/1597/1849 
f 2266/2092/2309 1988/1787/2022 1984/1782/2018 2265/2091/2308 
f 1819/1601/1853 2267/2093/2310 2266/2092/2309 1817/1599/1851 
f 2267/2093/2310 1992/1791/2026 1988/1787/2022 2266/2092/2309 
f 1821/1603/1855 2268/2094/2311 2267/2093/2310 1819/1601/1853 
f 2268/2094/2311 1996/1795/2030 1992/1791/2026 2267/2093/2310 
f 1823/1605/1857 2269/2095/2312 2268/2094/2311 1821/1603/1855 
f 2269/2095/2312 2000/1799/2034 1996/1795/2030 2268/2094/2311 
f 1825/1607/1859 2270/2096/2313 2269/2095/2312 1823/1605/1857 
f 2270/2096/2313 2002/1801/2036 2000/1799/2034 2269/2095/2312 
f 1827/1609/1861 2271/2097/2314 2270/2096/2313 1825/1607/1859 
f 2271/2097/2314 1831/1615/1865 2002/1801/2036 2270/2096/2313 
f 1829/1611/1863 2228/2047/2267 2271/2097/2314 1827/1609/1861 
f 2228/2047/2267 1832/1614/1866 1831/1615/1865 2271/2097/2314 
f 1826/1608/1860 2272/2099/2315 2273/2098/2316 1828/1610/1862 
f 2272/2100/2317 1733/1507/1767 1735/1509/1769 2273/2101/2318 
f 1824/1606/1858 2274/2102/2319 2272/2099/2315 1826/1608/1860 
f 2274/2103/2320 1731/1505/1765 1733/1507/1767 2272/2100/2317 
f 1822/1604/2321 2275/2104/2322 2274/2102/2319 1824/1606/1858 
f 2275/2105/2323 1729/1503/1763 1731/1505/1765 2274/2103/2320 
f 1820/1602/2324 2276/2106/2325 2275/2104/2322 1822/1604/2321 
f 2276/2107/2326 1727/1501/1761 1729/1503/1763 2275/2105/2323 
f 1818/1600/2327 2277/2108/2328 2276/2106/2325 1820/1602/2324 
f 2277/2109/2329 1725/1499/1759 1727/1501/1761 2276/2107/2326 
f 1816/1598/2330 2278/2110/2331 2277/2108/2328 1818/1600/2327 
f 2278/2111/2332 1723/1497/1757 1725/1499/1759 2277/2109/2329 
f 1814/1594/2333 2279/2112/2334 2278/2110/2331 1816/1598/2330 
f 2279/2113/2335 1721/1495/1755 1723/1497/1757 2278/2111/2332 
f 1812/1595/2336 2280/2114/2337 2279/2112/2334 1814/1594/2333 
f 2280/2115/2338 1719/1494/1753 1721/1495/1755 2279/2113/2335 
f 1810/2116/2339 2281/2117/2340 2280/2114/2337 1812/1595/2336 
f 2281/2118/2340 1717/2119/1751 1719/1494/1753 2280/2115/2338 
f 1808/1588/2341 2282/2121/2342 2281/2120/2340 1810/1590/2339 
f 2282/2122/2342 1715/1487/1749 1717/1489/1751 2281/2123/2340 
f 1806/1586/2343 2283/2124/2344 2282/2121/2342 1808/1588/2341 
f 2283/2125/2344 1713/1485/1747 1715/1487/1749 2282/2122/2342 
f 1804/1584/2345 2284/2126/2346 2283/2124/2344 1806/1586/2343 
f 2284/2127/2346 1711/1483/1745 1713/1485/1747 2283/2125/2344 
f 1802/1582/2347 2285/2128/2348 2284/2126/2346 1804/1584/2345 
f 2285/2129/2348 1709/1481/1743 1711/1483/1745 2284/2127/2346 
f 1800/1580/2349 2286/2130/2350 2285/2128/2348 1802/1582/2347 
f 2286/2131/2350 1707/1479/1741 1709/1481/1743 2285/2129/2348 
f 1798/1578/2351 2287/2132/2352 2286/2130/2350 1800/1580/2349 
f 2287/2133/2353 1705/1477/1739 1707/1479/1741 2286/2131/2350 
f 1796/1576/2354 2288/2134/2355 2287/2132/2352 1798/1578/2351 
f 2288/2135/2356 1703/1475/1737 1705/1477/1739 2287/2133/2353 
f 1794/1574/2357 2289/2136/2358 2288/2134/2355 1796/1576/2354 
f 2289/2137/2359 1701/1473/1735 1703/1475/1737 2288/2135/2356 
f 1792/1570/2360 2290/2138/2361 2289/2136/2358 1794/1574/2357 
f 2290/2139/2362 1699/1471/1733 1701/1473/1735 2289/2137/2359 
f 1790/1568/2363 2291/2142/2364 2290/2141/2361 1792/2140/2360 
f 2291/2143/2365 1697/1467/1731 1699/2145/1733 2290/2144/2362 
f 1788/1566/2366 2292/2146/2367 2291/2142/2364 1790/1568/2363 
f 2292/2147/2368 1695/1465/1729 1697/1467/1731 2291/2143/2365 
f 1786/1564/1820 2293/2148/2369 2292/2146/2367 1788/1566/2366 
f 2293/2149/2370 1693/1463/1727 1695/1465/1729 2292/2147/2368 
f 1784/1562/1818 2294/2150/2371 2293/2148/2369 1786/1564/1820 
f 2294/2151/2372 1691/1461/1725 1693/1463/1727 2293/2149/2370 
f 1782/1560/1816 2295/2152/2373 2294/2150/2371 1784/1562/1818 
f 2295/2153/2374 1689/1459/1723 1691/1461/1725 2294/2151/2372 
f 1780/1558/1814 2296/2154/2375 2295/2152/2373 1782/1560/1816 
f 2296/2155/2376 1687/1457/1721 1689/1459/1723 2295/2153/2374 
f 1778/1556/1812 2297/2156/2377 2296/2154/2375 1780/1558/1814 
f 2297/2157/2378 1685/1455/1719 1687/1457/1721 2296/2155/2376 
f 1776/1554/1810 2298/2158/2379 2297/2156/2377 1778/1556/1812 
f 2298/2159/2380 1683/1453/2381 1685/1455/1719 2297/2157/2378 
f 1774/1552/1808 2299/2160/2382 2298/2158/2379 1776/1554/1810 
f 2299/2161/2383 1681/1451/2384 1683/1453/2381 2298/2159/2380 
f 1772/1550/1806 2300/2162/2385 2299/2160/2382 1774/1552/1808 
f 2300/2163/2386 1679/1449/2387 1681/1451/2384 2299/2161/2383 
f 1770/1548/1804 2301/2164/2388 2300/2162/2385 1772/1550/1806 
f 2301/2165/2389 1677/1447/2390 1679/1449/2387 2300/2163/2386 
f 1768/1544/1802 2302/2166/2391 2301/2164/2388 1770/1548/1804 
f 2302/2167/2392 1675/1445/2393 1677/1447/2390 2301/2165/2389 
f 1766/1545/1800 2303/2168/2394 2302/2166/2391 1768/1544/1802 
f 2303/2169/2394 1673/1444/2395 1675/1445/2393 2302/2167/2392 
f 1764/1540/1798 2304/2171/2396 2303/2170/2394 1766/1542/1800 
f 2304/2172/2396 1671/2173/2397 1673/1444/2395 2303/2169/2394 
f 1762/1538/1796 2305/2174/2398 2304/2171/2396 1764/1540/1798 
f 2305/2175/2398 1669/1437/2399 1671/1439/2397 2304/2176/2396 
f 1760/1536/1794 2306/2177/2400 2305/2174/2398 1762/1538/1796 
f 2306/2178/2400 1667/1435/2401 1669/1437/2399 2305/2175/2398 
f 1758/1534/1792 2307/2179/2402 2306/2177/2400 1760/1536/1794 
f 2307/2180/2402 1665/1433/2403 1667/1435/2401 2306/2178/2400 
f 1756/1532/1790 2308/2181/2404 2307/2179/2402 1758/1534/1792 
f 2308/2182/2404 1663/1431/2405 1665/1433/2403 2307/2180/2402 
f 1754/1530/1788 2309/2183/2406 2308/2181/2404 1756/1532/1790 
f 2309/2184/2406 1661/1429/2407 1663/1431/2405 2308/2182/2404 
f 1752/1528/1786 2310/2185/2408 2309/2183/2406 1754/1530/1788 
f 2310/2186/2409 1659/1427/2410 1661/1429/2407 2309/2184/2406 
f 1750/1526/1784 2311/2187/2411 2310/2185/2408 1752/1528/1786 
f 2311/2188/2412 1657/1425/2413 1659/1427/2410 2310/2186/2409 
f 1748/1522/1782 2312/2189/2414 2311/2187/2411 1750/1526/1784 
f 2312/2190/2415 1655/1423/2416 1657/1425/2413 2311/2188/2412 
f 1746/1523/1780 2313/2191/2417 2312/2189/2414 1748/1522/1782 
f 2313/2192/2418 1653/1419/2419 1655/2194/2416 2312/2193/2415 
f 1744/1518/1778 2314/2196/2420 2313/2195/2417 1746/1520/1780 
f 2314/2197/2421 1651/1417/2422 1653/1419/2419 2313/2192/2418 
f 1740/1514/1774 2315/2198/2423 2314/2196/2420 1744/1518/1778 
f 2315/2199/2424 1647/1415/1681 1651/1417/2422 2314/2197/2421 
f 1743/1515/1777 2316/2200/2425 2315/2198/2423 1740/1514/1774 
f 2316/2201/2426 1648/1414/1682 1647/1415/1681 2315/2199/2424 
f 1828/1610/1862 2273/2098/2316 2316/2200/2425 1743/1515/1777 
f 2273/2101/2318 1735/1509/1769 1648/1414/1682 2316/2201/2426 
f 1649/1413/1683 1648/1414/1682 1735/1509/1769 1734/1508/1768 
f 2092/1898/2126 2317/2203/2427 2318/2202/2428 2093/1901/2127 
f 2317/2203/2427 1645/1409/1679 2090/1896/2124 2318/2202/2428 
f 2093/1901/2127 2318/2202/2428 2319/2204/2429 2180/1992/2214 
f 2318/2202/2428 2090/1896/2124 2006/1804/2040 2319/2204/2429 
f 2180/1992/2214 2319/2204/2429 2320/2205/2430 2178/1995/2212 
f 2319/2204/2429 2006/1804/2040 2009/1805/2043 2320/2205/2430 
f 2178/1990/2212 2320/2207/2430 2321/2206/2431 2176/1988/2210 
f 2320/2207/2430 2009/1894/2043 2088/1892/2122 2321/2206/2431 
f 2176/1988/2210 2321/2206/2431 2322/2208/2432 2174/1986/2208 
f 2321/2206/2431 2088/1892/2122 2086/1890/2120 2322/2208/2432 
f 2174/1986/2208 2322/2208/2432 2323/2209/2433 2172/1984/2206 
f 2322/2208/2432 2086/1890/2120 2084/1888/2118 2323/2209/2433 
f 2172/1984/2206 2323/2209/2433 2324/2210/2434 2170/1982/2204 
f 2323/2209/2433 2084/1888/2118 2082/1886/2116 2324/2210/2434 
f 2170/1982/2204 2324/2210/2434 2325/2211/2435 2168/1980/2202 
f 2324/2210/2434 2082/1886/2116 2080/1884/2114 2325/2211/2435 
f 2168/1980/2202 2325/2211/2435 2326/2212/2436 2166/1978/2200 
f 2325/2211/2435 2080/1884/2114 2078/1882/2112 2326/2212/2436 
f 2166/1978/2200 2326/2212/2436 2327/2213/2437 2164/1976/2198 
f 2326/2212/2436 2078/1882/2112 2076/1880/2110 2327/2213/2437 
f 2164/1976/2198 2327/2213/2437 2328/2214/2438 2162/1974/2196 
f 2327/2213/2437 2076/1880/2110 2074/1878/2108 2328/2214/2438 
f 2162/1974/2196 2328/2214/2438 2329/2215/2439 2160/1972/2194 
f 2328/2214/2438 2074/1878/2108 2072/1876/2106 2329/2215/2439 
f 2160/1972/2194 2329/2215/2439 2330/2216/2440 2158/1970/2192 
f 2329/2215/2439 2072/1876/2106 2070/1874/2104 2330/2216/2440 
f 2158/1970/2192 2330/2216/2440 2331/2217/2441 2156/1966/2190 
f 2330/2216/2440 2070/1874/2104 2068/1870/2102 2331/2217/2441 
f 2156/1966/2190 2331/2217/2441 2332/2218/2442 2154/1969/2188 
f 2331/2217/2441 2068/1870/2102 2066/1871/2100 2332/2218/2442 
f 2154/1964/2188 2332/2220/2442 2333/2219/2443 2152/1962/2186 
f 2332/2220/2442 2066/1868/2100 2064/1866/2098 2333/2219/2443 
f 2152/1962/2186 2333/2219/2443 2334/2221/2444 2150/1960/2184 
f 2333/2219/2443 2064/1866/2098 2062/1864/2096 2334/2221/2444 
f 2150/1960/2184 2334/2221/2444 2335/2222/2445 2148/1958/2182 
f 2334/2221/2444 2062/1864/2096 2060/1862/2094 2335/2222/2445 
f 2148/1958/2182 2335/2222/2445 2336/2223/2446 2146/1956/2180 
f 2335/2222/2445 2060/1862/2094 2058/1860/2092 2336/2223/2446 
f 2146/1956/2180 2336/2223/2446 2337/2224/2447 2144/1954/2178 
f 2336/2223/2446 2058/1860/2092 2056/1858/2090 2337/2224/2447 
f 2144/1954/2178 2337/2224/2447 2338/2225/2448 2142/1952/2176 
f 2337/2224/2447 2056/1858/2090 2054/1856/2088 2338/2225/2448 
f 2142/1952/2176 2338/2225/2448 2339/2226/2449 2140/1950/2174 
f 2338/2225/2448 2054/1856/2088 2052/1854/2086 2339/2226/2449 
f 2140/1950/2174 2339/2226/2449 2340/2227/2450 2138/1948/2172 
f 2339/2226/2449 2052/1854/2086 2050/1852/2084 2340/2227/2450 
f 2138/1948/2172 2340/2227/2450 2341/2228/2451 2136/1946/2170 
f 2340/2227/2450 2050/1852/2084 2048/1848/2082 2341/2228/2451 
f 2136/1946/2170 2341/2228/2451 2342/2229/2452 2134/1942/2168 
f 2341/2228/2451 2048/1848/2082 2046/1849/2080 2342/2229/2452 
f 2134/2230/2168 2342/2232/2452 2343/2231/2453 2132/1940/2166 
f 2342/2232/2452 2046/1846/2080 2044/1844/2078 2343/2231/2453 
f 2132/1940/2166 2343/2231/2453 2344/2233/2454 2130/1938/2164 
f 2343/2231/2453 2044/1844/2078 2042/1842/2076 2344/2233/2454 
f 2130/1938/2164 2344/2233/2454 2345/2234/2455 2128/1936/2162 
f 2344/2233/2454 2042/1842/2076 2040/1840/2074 2345/2234/2455 
f 2128/1936/2162 2345/2234/2455 2346/2235/2456 2126/1934/2160 
f 2345/2234/2455 2040/1840/2074 2038/1838/2072 2346/2235/2456 
f 2126/1934/2160 2346/2235/2456 2347/2236/2457 2124/1932/2158 
f 2346/2235/2456 2038/1838/2072 2036/1836/2070 2347/2236/2457 
f 2124/1932/2158 2347/2236/2457 2348/2237/2458 2122/1930/2156 
f 2347/2236/2457 2036/1836/2070 2034/1834/2068 2348/2237/2458 
f 2122/1930/2156 2348/2237/2458 2349/2238/2459 2120/1928/2154 
f 2348/2237/2458 2034/1834/2068 2032/1832/2066 2349/2238/2459 
f 2120/1928/2154 2349/2238/2459 2350/2239/2460 2118/1926/2152 
f 2349/2238/2459 2032/1832/2066 2030/1830/2064 2350/2239/2460 
f 2118/1926/2152 2350/2239/2460 2351/2240/2461 2116/1924/2150 
f 2350/2239/2460 2030/1830/2064 2028/1828/2062 2351/2240/2461 
f 2116/1924/2150 2351/2240/2461 2352/2241/2462 2114/1922/2148 
f 2351/2240/2461 2028/1828/2062 2026/1826/2060 2352/2241/2462 
f 2114/1922/2148 2352/2241/2462 2353/2242/2463 2112/1918/2146 
f 2352/2241/2462 2026/1826/2060 2024/1824/2058 2353/2242/2463 
f 2112/1918/2146 2353/2242/2463 2354/2243/2464 2110/1921/2144 
f 2353/2242/2463 2024/1824/2058 2022/1820/2056 2354/2243/2464 
f 2110/1921/2144 2354/2243/2464 2355/2245/2465 2108/2244/2142 
f 2354/2243/2464 2022/1820/2056 2020/1821/2054 2355/2245/2465 
f 2108/1914/2142 2355/2247/2465 2356/2246/2466 2106/1912/2140 
f 2355/2247/2465 2020/1818/2054 2018/1816/2052 2356/2246/2466 
f 2106/1912/2140 2356/2246/2466 2357/2248/2467 2104/1910/2138 
f 2356/2246/2466 2018/1816/2052 2016/1814/2050 2357/2248/2467 
f 2104/1910/2138 2357/2248/2467 2358/2249/2468 2102/1908/2136 
f 2357/2248/2467 2016/1814/2050 2014/1812/2048 2358/2249/2468 
f 2102/1908/2136 2358/2249/2468 2359/2250/2469 2100/1906/2134 
f 2358/2249/2468 2014/1812/2048 2012/1810/2046 2359/2250/2469 
f 2100/1906/2134 2359/2250/2469 2360/2251/2470 2096/1902/2130 
f 2359/2250/2469 2012/1810/2046 2010/1808/2044 2360/2251/2470 
f 2096/1902/2130 2360/2251/2470 2361/2252/2471 2097/1905/2131 
f 2360/2251/2470 2010/1808/2044 1642/1408/1676 2361/2252/2471 
f 2097/1905/2131 2361/2252/2471 2317/2203/2427 2092/1898/2126 
f 2361/2252/2471 1642/1408/1676 1645/1409/1679 2317/2203/2427 
f 1836/1618/1870 2362/2254/2472 2363/2253/2473 2004/1803/2038 
f 2362/2254/2472 1833/1613/1867 1736/1510/1770 2363/2253/2473 
f 2004/1803/2038 2363/2253/2473 2364/2255/2474 1839/1623/1873 
f 2363/2253/2473 1736/1510/1770 1739/1511/1773 2364/2255/2474 
f 1839/1623/1873 2364/2255/2474 2365/2256/2475 1840/1622/1874 
f 2364/2255/2474 1739/1511/1773 1845/1628/1879 2365/2256/2475 
f 1840/1627/1874 2365/2258/2475 2366/2257/2476 1842/1626/1876 
f 2365/2258/2475 1845/1632/1879 1849/1633/1883 2366/2257/2476 
f 1842/1626/1876 2366/2257/2476 2367/2259/2477 1846/1631/1880 
f 2366/2257/2476 1849/1633/1883 1853/1638/1887 2367/2259/2477 
f 1846/1631/1880 2367/2259/2477 2368/2260/2478 1850/1637/1884 
f 2367/2259/2477 1853/1638/1887 1857/1642/1891 2368/2260/2478 
f 1850/1637/1884 2368/2260/2478 2369/2261/2479 1854/1641/1888 
f 2368/2260/2478 1857/1642/1891 1861/1646/1895 2369/2261/2479 
f 1854/1641/1888 2369/2261/2479 2370/2262/2480 1858/1645/1892 
f 2369/2261/2479 1861/1646/1895 1865/1650/1899 2370/2262/2480 
f 1858/1645/1892 2370/2262/2480 2371/2263/2481 1862/1649/1896 
f 2370/2262/2480 1865/1650/1899 1869/1654/1903 2371/2263/2481 
f 1862/1649/1896 2371/2263/2481 2372/2264/2482 1866/1653/1900 
f 2371/2263/2481 1869/1654/1903 1873/1658/1907 2372/2264/2482 
f 1866/1653/1900 2372/2264/2482 2373/2265/2483 1870/1657/1904 
f 2372/2264/2482 1873/1658/1907 1877/1662/1911 2373/2265/2483 
f 1870/1657/1904 2373/2265/2483 2374/2266/2484 1874/1661/1908 
f 2373/2265/2483 1877/1662/1911 1881/1666/1915 2374/2266/2484 
f 1874/1661/1908 2374/2266/2484 2375/2267/2485 1878/1665/1912 
f 2374/2266/2484 1881/1666/1915 1885/1670/1919 2375/2267/2485 
f 1878/1665/1912 2375/2267/2485 2376/2268/2486 1882/1669/1916 
f 2375/2267/2485 1885/1670/1919 1889/1674/1923 2376/2268/2486 
f 1882/1669/1916 2376/2268/2486 2377/2269/2487 1886/1673/1920 
f 2376/2268/2486 1889/1674/1923 1893/1680/1927 2377/2269/2487 
f 1886/1679/1920 2377/2271/2487 2378/2270/2488 1890/1678/1924 
f 2377/2271/2487 1893/1684/1927 1897/1685/1931 2378/2270/2488 
f 1890/1678/1924 2378/2270/2488 2379/2272/2489 1894/1683/1928 
f 2378/2270/2488 1897/1685/1931 1901/1690/1935 2379/2272/2489 
f 1894/1683/1928 2379/2272/2489 2380/2273/2490 1898/1689/1932 
f 2379/2272/2489 1901/1690/1935 1905/1694/1939 2380/2273/2490 
f 1898/1689/1932 2380/2273/2490 2381/2274/2491 1902/1693/1936 
f 2380/2273/2490 1905/1694/1939 1909/1698/1943 2381/2274/2491 
f 1902/1693/1936 2381/2274/2491 2382/2275/2492 1906/1697/1940 
f 2381/2274/2491 1909/1698/1943 1913/1702/1947 2382/2275/2492 
f 1906/1697/1940 2382/2275/2492 2383/2276/2493 1910/1701/1944 
f 2382/2275/2492 1913/1702/1947 1917/1706/1951 2383/2276/2493 
f 1910/1701/1944 2383/2276/2493 2384/2277/2494 1914/1705/1948 
f 2383/2276/2493 1917/1706/1951 1921/1710/1955 2384/2277/2494 
f 1914/1705/1948 2384/2277/2494 2385/2278/2495 1918/1709/1952 
f 2384/2277/2494 1921/1710/1955 1925/1714/1959 2385/2278/2495 
f 1918/1709/1952 2385/2278/2495 2386/2279/2496 1922/1713/1956 
f 2385/2278/2495 1925/1714/1959 1929/1718/1963 2386/2279/2496 
f 1922/1713/1956 2386/2279/2496 2387/2280/2497 1926/1717/1960 
f 2386/2279/2496 1929/1718/1963 1933/1724/1967 2387/2280/2497 
f 1926/1717/1960 2387/2280/2497 2388/2282/2498 1930/2281/1964 
f 2387/2280/2497 1933/1724/1967 1937/1728/1971 2388/2282/2498 
f 1930/1722/1964 2388/2284/2498 2389/2283/2499 1934/1727/1968 
f 2388/2284/2498 1937/1732/1971 1941/1733/1975 2389/2283/2499 
f 1934/1727/1968 2389/2283/2499 2390/2285/2500 1938/1731/1972 
f 2389/2283/2499 1941/1733/1975 1945/1738/1979 2390/2285/2500 
f 1938/1731/1972 2390/2285/2500 2391/2286/2501 1942/1737/1976 
f 2390/2285/2500 1945/1738/1979 1949/1742/1983 2391/2286/2501 
f 1942/1737/1976 2391/2286/2501 2392/2287/2502 1946/1741/1980 
f 2391/2286/2501 1949/1742/1983 1953/1746/1987 2392/2287/2502 
f 1946/1741/1980 2392/2287/2502 2393/2288/2503 1950/1745/1984 
f 2392/2287/2502 1953/1746/1987 1957/1750/1991 2393/2288/2503 
f 1950/1745/1984 2393/2288/2503 2394/2289/2504 1954/1749/1988 
f 2393/2288/2503 1957/1750/1991 1961/1754/1995 2394/2289/2504 
f 1954/1749/1988 2394/2289/2504 2395/2290/2505 1958/1753/1992 
f 2394/2289/2504 1961/1754/1995 1965/1758/1999 2395/2290/2505 
f 1958/1753/1992 2395/2290/2505 2396/2291/2506 1962/1757/1996 
f 2395/2290/2505 1965/1758/1999 1969/1762/2003 2396/2291/2506 
f 1962/1757/1996 2396/2291/2506 2397/2292/2507 1966/1761/2000 
f 2396/2291/2506 1969/1762/2003 1973/1766/2007 2397/2292/2507 
f 1966/1761/2000 2397/2292/2507 2398/2293/2508 1970/1765/2004 
f 2397/2292/2507 1973/1766/2007 1977/1770/2011 2398/2293/2508 
f 1970/1765/2004 2398/2293/2508 2399/2294/2509 1974/1769/2008 
f 2398/2293/2508 1977/1770/2011 1981/1774/2015 2399/2294/2509 
f 1974/2295/2008 2399/2297/2509 2400/2296/2510 1978/1779/2012 
f 2399/2297/2509 1981/1780/2015 1985/1781/2019 2400/2296/2510 
f 1978/1779/2012 2400/2296/2510 2401/2298/2511 1982/1778/2016 
f 2400/2296/2510 1985/1781/2019 1989/1786/2023 2401/2298/2511 
f 1982/1778/2016 2401/2298/2511 2402/2299/2512 1986/1785/2020 
f 2401/2298/2511 1989/1786/2023 1993/1790/2027 2402/2299/2512 
f 1986/1785/2020 2402/2299/2512 2403/2300/2513 1990/1789/2024 
f 2402/2299/2512 1993/1790/2027 1997/1794/2031 2403/2300/2513 
f 1990/1789/2024 2403/2300/2513 2404/2301/2514 1994/1793/2028 
f 2403/2300/2513 1997/1794/2031 2001/1798/2035 2404/2301/2514 
f 1994/1793/2028 2404/2301/2514 2405/2302/2515 1998/1797/2032 
f 2404/2301/2514 2001/1798/2035 2003/1800/2037 2405/2302/2515 
f 1998/1797/2032 2405/2302/2515 2406/2303/2516 1835/1619/1869 
f 2405/2302/2515 2003/1800/2037 1830/1612/1864 2406/2303/2516 
f 1835/1619/1869 2406/2303/2516 2362/2254/2472 1836/1618/1870 
f 2406/2303/2516 1830/1612/1864 1833/1613/1867 2362/2254/2472 
f 1837/1617/1871 2407/2305/2517 2408/2304/2518 1834/1616/1868 
f 2407/2306/2519 1644/1410/1678 1643/1411/1677 2408/2307/2520 
f 1834/1616/1868 2408/2304/2518 2409/2308/2521 1999/1796/2033 
f 2408/2307/2520 1643/1411/1677 2011/1809/2045 2409/2309/2522 
f 1999/1796/2033 2409/2308/2521 2410/2310/2523 1995/1792/2029 
f 2409/2309/2522 2011/1809/2045 2013/1811/2524 2410/2311/2525 
f 1995/1792/2029 2410/2310/2523 2411/2312/2526 1991/1788/2025 
f 2410/2311/2525 2013/1811/2524 2015/1813/2527 2411/2313/2528 
f 1991/1788/2025 2411/2312/2526 2412/2314/2529 1987/1784/2021 
f 2411/2313/2528 2015/1813/2527 2017/1815/2530 2412/2315/2531 
f 1987/1784/2021 2412/2314/2529 2413/2316/2532 1983/1777/2017 
f 2412/2315/2531 2017/1815/2530 2019/1817/2533 2413/2317/2534 
f 1983/1777/2017 2413/2316/2532 2414/2318/2535 1979/1776/2013 
f 2413/2317/2534 2019/1817/2533 2021/1819/2536 2414/2319/2537 
f 1979/1772/2013 2414/2321/2535 2415/2320/2538 1975/1768/2009 
f 2414/2322/2537 2021/1822/2536 2023/1823/2539 2415/2323/2540 
f 1975/1768/2009 2415/2320/2538 2416/2324/2541 1971/1764/2005 
f 2415/2323/2540 2023/1823/2539 2025/1825/2542 2416/2325/2543 
f 1971/1764/2005 2416/2324/2541 2417/2326/2544 1967/1760/2001 
f 2416/2325/2543 2025/1825/2542 2027/1827/2545 2417/2327/2546 
f 1967/1760/2001 2417/2326/2544 2418/2328/2547 1963/1756/1997 
f 2417/2327/2546 2027/1827/2545 2029/1829/2548 2418/2329/2549 
f 1963/1756/1997 2418/2328/2547 2419/2330/2550 1959/1752/1993 
f 2418/2329/2549 2029/1829/2548 2031/1831/2551 2419/2331/2552 
f 1959/1752/1993 2419/2330/2550 2420/2332/2553 1955/1748/1989 
f 2419/2331/2552 2031/1831/2551 2033/1833/2554 2420/2333/2555 
f 1955/1748/1989 2420/2332/2553 2421/2334/2556 1951/1744/1985 
f 2420/2333/2555 2033/1833/2554 2035/1835/2557 2421/2335/2558 
f 1951/1744/1985 2421/2334/2556 2422/2336/2559 1947/1740/1981 
f 2421/2335/2558 2035/1835/2557 2037/1837/2560 2422/2337/2561 
f 1947/1740/1981 2422/2336/2559 2423/2338/2562 1943/1736/1977 
f 2422/2337/2561 2037/1837/2560 2039/1839/2563 2423/2339/2564 
f 1943/1736/1977 2423/2338/2562 2424/2340/2565 1939/1730/1973 
f 2423/2339/2564 2039/1839/2563 2041/1841/2566 2424/2341/2567 
f 1939/1730/1973 2424/2340/2565 2425/2342/2568 1935/1726/1969 
f 2424/2341/2567 2041/1841/2566 2043/1843/2569 2425/2343/2570 
f 1935/1726/1969 2425/2342/2568 2426/2344/2571 1931/1721/1965 
f 2425/2343/2570 2043/1843/2569 2045/1845/2572 2426/2345/2573 
f 1931/1721/1965 2426/2344/2571 2427/2346/2574 1927/1720/1961 
f 2426/2345/2573 2045/1845/2572 2047/1847/2575 2427/2347/2576 
f 1927/1716/1961 2427/2349/2574 2428/2348/2577 1923/1712/1957 
f 2427/2350/2576 2047/1850/2575 2049/1851/2083 2428/2351/2578 
f 1923/1712/1957 2428/2348/2577 2429/2352/2579 1919/1708/1953 
f 2428/2351/2578 2049/1851/2083 2051/1853/2085 2429/2353/2580 
f 1919/1708/1953 2429/2352/2579 2430/2354/2581 1915/1704/1949 
f 2429/2353/2580 2051/1853/2085 2053/1855/2087 2430/2355/2582 
f 1915/1704/1949 2430/2354/2581 2431/2356/2583 1911/1700/1945 
f 2430/2355/2582 2053/1855/2087 2055/1857/2089 2431/2357/2584 
f 1911/1700/1945 2431/2356/2583 2432/2358/2585 1907/1696/2586 
f 2431/2357/2584 2055/1857/2089 2057/1859/2091 2432/2359/2587 
f 1907/1696/2586 2432/2358/2585 2433/2360/2588 1903/1692/2589 
f 2432/2359/2587 2057/1859/2091 2059/1861/2093 2433/2361/2590 
f 1903/1692/2589 2433/2360/2588 2434/2362/2591 1899/1688/2592 
f 2433/2361/2590 2059/1861/2093 2061/1863/2095 2434/2363/2593 
f 1899/1688/2592 2434/2362/2591 2435/2364/2594 1895/1682/2595 
f 2434/2363/2593 2061/1863/2095 2063/1865/2097 2435/2365/2596 
f 1895/1682/2595 2435/2364/2594 2436/2366/2597 1891/1677/2598 
f 2435/2365/2596 2063/1865/2097 2065/1867/2099 2436/2367/2599 
f 1891/2368/2598 2436/2370/2597 2437/2369/2600 1887/1672/2601 
f 2436/2367/2599 2065/1867/2099 2067/1869/2101 2437/2371/2602 
f 1887/1672/2601 2437/2369/2600 2438/2372/2603 1883/1668/2604 
f 2437/2373/2602 2067/1872/2101 2069/1873/2103 2438/2374/2605 
f 1883/1668/2604 2438/2372/2603 2439/2375/2606 1879/1664/2607 
f 2438/2374/2605 2069/1873/2103 2071/1875/2105 2439/2376/2608 
f 1879/1664/2607 2439/2375/2606 2440/2377/2609 1875/1660/2610 
f 2439/2376/2608 2071/1875/2105 2073/1877/2107 2440/2378/2611 
f 1875/1660/2610 2440/2377/2609 2441/2379/2612 1871/1656/2613 
f 2440/2378/2611 2073/1877/2107 2075/1879/2109 2441/2380/2614 
f 1871/1656/2613 2441/2379/2612 2442/2381/2615 1867/1652/2616 
f 2441/2380/2614 2075/1879/2109 2077/1881/2111 2442/2382/2617 
f 1867/1652/2616 2442/2381/2615 2443/2383/2618 1863/1648/2619 
f 2442/2382/2617 2077/1881/2111 2079/1883/2113 2443/2384/2620 
f 1863/1648/2619 2443/2383/2618 2444/2385/2621 1859/1644/2622 
f 2443/2384/2620 2079/1883/2113 2081/1885/2115 2444/2386/2623 
f 1859/1644/2622 2444/2385/2621 2445/2387/2624 1855/1640/2625 
f 2444/2386/2623 2081/1885/2115 2083/1887/2117 2445/2388/2626 
f 1855/1640/2625 2445/2387/2624 2446/2389/2627 1851/1636/2628 
f 2445/2388/2626 2083/1887/2117 2085/1889/2119 2446/2390/2629 
f 1851/1636/2628 2446/2389/2627 2447/2391/2630 1847/1630/2631 
f 2446/2390/2629 2085/1889/2119 2087/1891/2121 2447/2392/2632 
f 1847/1630/2631 2447/2391/2630 2448/2393/2633 1843/1625/2634 
f 2447/2392/2632 2087/1891/2121 2089/1893/2123 2448/2394/2635 
f 1843/1625/2634 2448/2393/2633 2449/2395/2636 1841/1624/2637 
f 2448/2394/2635 2089/1893/2123 2008/1895/2042 2449/2396/2638 
f 1841/1624/2637 2449/2395/2636 2450/2398/2639 1838/2397/1872 
f 2449/2399/2638 2008/1806/2042 2007/1807/2041 2450/2400/2640 
f 1838/1620/1872 2450/2402/2639 2451/2401/2641 2005/1802/2039 
f 2450/2400/2640 2007/1807/2041 2091/1897/2125 2451/2403/2642 
f 2005/1802/2039 2451/2401/2641 2407/2305/2517 1837/1617/1871 
f 2451/2403/2642 2091/1897/2125 1644/1410/1678 2407/2306/2519 
f 1645/1409/1679 1644/1410/1678 2091/1897/2125 2090/1896/2124 
f 2452/1408/2643 2453/1411/2644 2454/1410/2645 2455/1409/2646 
f 2456/1412/2647 2457/1415/2648 2458/1414/2649 2459/1413/2650 
f 2460/1416/2651 2461/1417/2652 2457/1415/2648 2456/1412/2647 
f 2462/1418/2653 2463/1419/2654 2461/1417/2652 2460/1416/2651 
f 2464/1420/2655 2465/1423/2656 2463/1422/2654 2462/1421/2653 
f 2466/1424/2657 2467/1425/2658 2465/1423/2656 2464/1420/2655 
f 2468/1426/2659 2469/1427/2660 2467/1425/2658 2466/1424/2657 
f 2470/1428/2661 2471/1429/2662 2469/1427/2660 2468/1426/2659 
f 2472/1430/2663 2473/1431/2664 2471/1429/2662 2470/1428/2661 
f 2474/1432/2665 2475/1433/2666 2473/1431/2664 2472/1430/2663 
f 2476/1434/2667 2477/1435/2668 2475/1433/2666 2474/1432/2665 
f 2478/1436/2669 2479/1437/2670 2477/1435/2668 2476/1434/2667 
f 2480/1438/2671 2481/1439/2672 2479/1437/2670 2478/1436/2669 
f 2482/1440/2673 2483/1441/2674 2481/1439/2672 2480/1438/2671 
f 2484/1442/2675 2485/1445/2676 2483/1444/2674 2482/1443/2673 
f 2486/1446/2677 2487/1447/2678 2485/1445/2676 2484/1442/2675 
f 2488/1448/2679 2489/1449/2680 2487/1447/2678 2486/1446/2677 
f 2490/1450/2681 2491/1451/2682 2489/1449/2680 2488/1448/2679 
f 2492/1452/2683 2493/1453/2684 2491/1451/2682 2490/1450/2681 
f 2494/1454/2685 2495/1455/2686 2493/1453/2684 2492/1452/2683 
f 2496/1456/2687 2497/1457/2688 2495/1455/2686 2494/1454/2685 
f 2498/1458/2689 2499/1459/2690 2497/1457/2688 2496/1456/2687 
f 2500/1460/2691 2501/1461/2692 2499/1459/2690 2498/1458/2689 
f 2502/1462/2693 2503/1463/2694 2501/1461/2692 2500/1460/2691 
f 2504/1464/2695 2505/1465/2696 2503/1463/2694 2502/1462/2693 
f 2506/1466/2697 2507/1467/2698 2505/1465/2696 2504/1464/2695 
f 2508/1468/2699 2509/1471/2700 2507/1470/2698 2506/1469/2697 
f 2510/1472/2701 2511/1473/2702 2509/1471/2700 2508/1468/2699 
f 2512/1474/2703 2513/1475/2704 2511/1473/2702 2510/1472/2701 
f 2514/1476/2705 2515/1477/2706 2513/1475/2704 2512/1474/2703 
f 2516/1478/2707 2517/1479/2708 2515/1477/2706 2514/1476/2705 
f 2518/1480/2709 2519/1481/2710 2517/1479/2708 2516/1478/2707 
f 2520/1482/2711 2521/1483/2712 2519/1481/2710 2518/1480/2709 
f 2522/1484/2713 2523/1485/2714 2521/1483/2712 2520/1482/2711 
f 2524/1486/2715 2525/1487/2716 2523/1485/2714 2522/1484/2713 
f 2526/1488/2717 2527/1489/2718 2525/1487/2716 2524/1486/2715 
f 2528/1490/2719 2529/1491/2720 2527/1489/2718 2526/1488/2717 
f 2530/1492/2721 2531/1495/2722 2529/1494/2720 2528/1493/2719 
f 2532/1496/2723 2533/1497/2724 2531/1495/2722 2530/1492/2721 
f 2534/1498/2725 2535/1499/2726 2533/1497/2724 2532/1496/2723 
f 2536/1500/2727 2537/1501/2728 2535/1499/2726 2534/1498/2725 
f 2538/1502/2729 2539/1503/2730 2537/1501/2728 2536/1500/2727 
f 2540/1504/2731 2541/1505/2732 2539/1503/2730 2538/1502/2729 
f 2542/1506/2733 2543/1507/2734 2541/1505/2732 2540/1504/2731 
f 2544/1508/2735 2545/1509/2736 2543/1507/2734 2542/1506/2733 
f 2546/1510/2737 2547/1513/2738 2548/1512/2739 2549/1511/2740 
f 2550/1514/2741 2551/1517/2742 2552/1516/2743 2553/1515/2744 
f 2554/1518/2745 2555/1519/2746 2551/1517/2742 2550/1514/2741 
f 2556/1520/2747 2557/1521/2748 2555/1519/2746 2554/1518/2745 
f 2558/1522/2749 2559/1525/2750 2557/1524/2748 2556/1523/2747 
f 2560/1526/2751 2561/1527/2752 2559/1525/2750 2558/1522/2749 
f 2562/1528/2753 2563/1529/2754 2561/1527/2752 2560/1526/2751 
f 2564/1530/2755 2565/1531/2756 2563/1529/2754 2562/1528/2753 
f 2566/1532/2757 2567/1533/2758 2565/1531/2756 2564/1530/2755 
f 2568/1534/2759 2569/1535/2760 2567/1533/2758 2566/1532/2757 
f 2570/1536/2761 2571/1537/2762 2569/1535/2760 2568/1534/2759 
f 2572/1538/2763 2573/1539/2764 2571/1537/2762 2570/1536/2761 
f 2574/1540/2765 2575/1541/2766 2573/1539/2764 2572/1538/2763 
f 2576/1542/2767 2577/1543/2768 2575/1541/2766 2574/1540/2765 
f 2578/1544/2769 2579/1547/2770 2577/1546/2768 2576/1545/2767 
f 2580/1548/2771 2581/1549/2772 2579/1547/2770 2578/1544/2769 
f 2582/1550/2773 2583/1551/2774 2581/1549/2772 2580/1548/2771 
f 2584/1552/2775 2585/1553/2776 2583/1551/2774 2582/1550/2773 
f 2586/1554/2777 2587/1555/2778 2585/1553/2776 2584/1552/2775 
f 2588/1556/2779 2589/1557/2780 2587/1555/2778 2586/1554/2777 
f 2590/1558/2781 2591/1559/2782 2589/1557/2780 2588/1556/2779 
f 2592/1560/2783 2593/1561/2784 2591/1559/2782 2590/1558/2781 
f 2594/1562/2785 2595/1563/2786 2593/1561/2784 2592/1560/2783 
f 2596/1564/2787 2597/1565/2788 2595/1563/2786 2594/1562/2785 
f 2598/1566/2789 2599/1567/2790 2597/1565/2788 2596/1564/2787 
f 2600/1568/2791 2601/1569/2792 2599/1567/2790 2598/1566/2789 
f 2602/1570/2793 2603/1573/2794 2601/1572/2792 2600/1571/2791 
f 2604/1574/2795 2605/1575/2796 2603/1573/2794 2602/1570/2793 
f 2606/1576/2797 2607/1577/2798 2605/1575/2796 2604/1574/2795 
f 2608/1578/2799 2609/1579/2800 2607/1577/2798 2606/1576/2797 
f 2610/1580/2801 2611/1581/2802 2609/1579/2800 2608/1578/2799 
f 2612/1582/2803 2613/1583/2804 2611/1581/2802 2610/1580/2801 
f 2614/1584/2805 2615/1585/2806 2613/1583/2804 2612/1582/2803 
f 2616/1586/2807 2617/1587/2808 2615/1585/2806 2614/1584/2805 
f 2618/1588/2809 2619/1589/2810 2617/1587/2808 2616/1586/2807 
f 2620/1590/2811 2621/1591/2812 2619/1589/2810 2618/1588/2809 
f 2622/1592/2813 2623/1593/2814 2621/1591/2812 2620/1590/2811 
f 2624/1594/2815 2625/1597/2816 2623/1596/2814 2622/1595/2813 
f 2626/1598/2817 2627/1599/2818 2625/1597/2816 2624/1594/2815 
f 2628/1600/2819 2629/1601/2820 2627/1599/2818 2626/1598/2817 
f 2630/1602/2821 2631/1603/2822 2629/1601/2820 2628/1600/2819 
f 2632/1604/2823 2633/1605/2824 2631/1603/2822 2630/1602/2821 
f 2634/1606/2825 2635/1607/2826 2633/1605/2824 2632/1604/2823 
f 2636/1608/2827 2637/1609/2828 2635/1607/2826 2634/1606/2825 
f 2638/1610/2829 2639/1611/2829 2637/1609/2828 2636/1608/2827 
f 2640/1612/2830 2641/1615/2831 2642/1614/2832 2643/1613/2833 
f 2644/1616/2834 2645/1619/2835 2646/1618/2836 2647/1617/2837 
f 2648/1620/2838 2649/1623/2839 2650/1622/2840 2651/1621/2841 
f 2651/1624/2841 2650/1627/2840 2652/1626/2842 2653/1625/2843 
f 2549/1511/2740 2548/1512/2739 2654/1629/2844 2655/1628/2845 
f 2653/1625/2843 2652/1626/2842 2656/1631/2846 2657/1630/2847 
f 2655/1632/2845 2654/1635/2844 2658/1634/2848 2659/1633/2849 
f 2657/1630/2847 2656/1631/2846 2660/1637/2850 2661/1636/2851 
f 2659/1633/2849 2658/1634/2848 2662/1639/2852 2663/1638/2853 
f 2661/1636/2851 2660/1637/2850 2664/1641/2854 2665/1640/2855 
f 2663/1638/2853 2662/1639/2852 2666/1643/2856 2667/1642/2857 
f 2665/1640/2855 2664/1641/2854 2668/1645/2858 2669/1644/2859 
f 2667/1642/2857 2666/1643/2856 2670/1647/2860 2671/1646/2861 
f 2669/1644/2859 2668/1645/2858 2672/1649/2862 2673/1648/2863 
f 2671/1646/2861 2670/1647/2860 2674/1651/2864 2675/1650/2865 
f 2673/1648/2863 2672/1649/2862 2676/1653/2866 2677/1652/2867 
f 2675/1650/2865 2674/1651/2864 2678/1655/2868 2679/1654/2869 
f 2677/1652/2867 2676/1653/2866 2680/1657/2870 2681/1656/2871 
f 2679/1654/2869 2678/1655/2868 2682/1659/2872 2683/1658/2873 
f 2681/1656/2871 2680/1657/2870 2684/1661/2874 2685/1660/2875 
f 2683/1658/2873 2682/1659/2872 2686/1663/2876 2687/1662/2877 
f 2685/1660/2875 2684/1661/2874 2688/1665/2878 2689/1664/2879 
f 2687/1662/2877 2686/1663/2876 2690/1667/2880 2691/1666/2881 
f 2689/1664/2879 2688/1665/2878 2692/1669/2882 2693/1668/2883 
f 2691/1666/2881 2690/1667/2880 2694/1671/2884 2695/1670/2885 
f 2693/1668/2883 2692/1669/2882 2696/1673/2886 2697/1672/2887 
f 2695/1670/2885 2694/1671/2884 2698/1675/2888 2699/1674/2889 
f 2697/1676/2887 2696/1679/2886 2700/1678/2890 2701/1677/2891 
f 2699/1674/2889 2698/1675/2888 2702/1681/2892 2703/1680/2893 
f 2701/1677/2891 2700/1678/2890 2704/1683/2894 2705/1682/2895 
f 2703/1684/2893 2702/1687/2892 2706/1686/2896 2707/1685/2897 
f 2705/1682/2895 2704/1683/2894 2708/1689/2898 2709/1688/2899 
f 2707/1685/2897 2706/1686/2896 2710/1691/2900 2711/1690/2901 
f 2709/1688/2899 2708/1689/2898 2712/1693/2902 2713/1692/2903 
f 2711/1690/2901 2710/1691/2900 2714/1695/2904 2715/1694/2905 
f 2713/1692/2903 2712/1693/2902 2716/1697/2906 2717/1696/2907 
f 2715/1694/2905 2714/1695/2904 2718/1699/2908 2719/1698/2909 
f 2717/1696/2907 2716/1697/2906 2720/1701/2910 2721/1700/2911 
f 2719/1698/2909 2718/1699/2908 2722/1703/2912 2723/1702/2913 
f 2721/1700/2911 2720/1701/2910 2724/1705/2914 2725/1704/2915 
f 2723/1702/2913 2722/1703/2912 2726/1707/2916 2727/1706/2917 
f 2725/1704/2915 2724/1705/2914 2728/1709/2918 2729/1708/2919 
f 2727/1706/2917 2726/1707/2916 2730/1711/2920 2731/1710/2921 
f 2729/1708/2919 2728/1709/2918 2732/1713/2922 2733/1712/2923 
f 2731/1710/2921 2730/1711/2920 2734/1715/2924 2735/1714/2925 
f 2733/1712/2923 2732/1713/2922 2736/1717/2926 2737/1716/2927 
f 2735/1714/2925 2734/1715/2924 2738/1719/2928 2739/1718/2929 
f 2737/1720/2927 2736/1723/2926 2740/1722/2930 2741/1721/2931 
f 2739/1718/2929 2738/1719/2928 2742/1725/2932 2743/1724/2933 
f 2741/1721/2931 2740/1722/2930 2744/1727/2934 2745/1726/2935 
f 2743/1724/2933 2742/1725/2932 2746/1729/2936 2747/1728/2937 
f 2745/1726/2935 2744/1727/2934 2748/1731/2938 2749/1730/2939 
f 2747/1732/2937 2746/1735/2936 2750/1734/2940 2751/1733/2941 
f 2749/1730/2939 2748/1731/2938 2752/1737/2942 2753/1736/2943 
f 2751/1733/2941 2750/1734/2940 2754/1739/2944 2755/1738/2945 
f 2753/1736/2943 2752/1737/2942 2756/1741/2946 2757/1740/2947 
f 2755/1738/2945 2754/1739/2944 2758/1743/2948 2759/1742/2949 
f 2757/1740/2947 2756/1741/2946 2760/1745/2950 2761/1744/2951 
f 2759/1742/2949 2758/1743/2948 2762/1747/2952 2763/1746/2953 
f 2761/1744/2951 2760/1745/2950 2764/1749/2954 2765/1748/2955 
f 2763/1746/2953 2762/1747/2952 2766/1751/2956 2767/1750/2957 
f 2765/1748/2955 2764/1749/2954 2768/1753/2958 2769/1752/2959 
f 2767/1750/2957 2766/1751/2956 2770/1755/2960 2771/1754/2961 
f 2769/1752/2959 2768/1753/2958 2772/1757/2962 2773/1756/2963 
f 2771/1754/2961 2770/1755/2960 2774/1759/2964 2775/1758/2965 
f 2773/1756/2963 2772/1757/2962 2776/1761/2966 2777/1760/2967 
f 2775/1758/2965 2774/1759/2964 2778/1763/2968 2779/1762/2969 
f 2777/1760/2967 2776/1761/2966 2780/1765/2970 2781/1764/2971 
f 2779/1762/2969 2778/1763/2968 2782/1767/2972 2783/1766/2973 
f 2781/1764/2971 2780/1765/2970 2784/1769/2974 2785/1768/2975 
f 2783/1766/2973 2782/1767/2972 2786/1771/2976 2787/1770/2977 
f 2785/1768/2975 2784/1769/2974 2788/1773/2978 2789/1772/2979 
f 2787/1770/2977 2786/1771/2976 2790/1775/2980 2791/1774/2981 
f 2789/1776/2979 2788/1779/2978 2792/1778/2982 2793/1777/2983 
f 2791/1780/2981 2790/1783/2980 2794/1782/2984 2795/1781/2985 
f 2793/1777/2983 2792/1778/2982 2796/1785/2986 2797/1784/2987 
f 2795/1781/2985 2794/1782/2984 2798/1787/2988 2799/1786/2989 
f 2797/1784/2987 2796/1785/2986 2800/1789/2990 2801/1788/2991 
f 2799/1786/2989 2798/1787/2988 2802/1791/2992 2803/1790/2993 
f 2801/1788/2991 2800/1789/2990 2804/1793/2994 2805/1792/2995 
f 2803/1790/2993 2802/1791/2992 2806/1795/2996 2807/1794/2997 
f 2805/1792/2995 2804/1793/2994 2808/1797/2998 2809/1796/2999 
f 2807/1794/2997 2806/1795/2996 2810/1799/3000 2811/1798/3001 
f 2809/1796/2999 2808/1797/2998 2645/1619/2835 2644/1616/2834 
f 2811/1798/3001 2810/1799/3000 2812/1801/3002 2813/1800/3003 
f 2813/1800/3003 2812/1801/3002 2641/1615/2831 2640/1612/2830 
f 2647/1617/2837 2646/1618/2836 2814/1803/3004 2815/1802/3005 
f 2815/1802/3005 2814/1803/3004 2649/1623/2839 2648/1620/2838 
f 2816/1804/3006 2817/1807/3007 2818/1806/3008 2819/1805/3009 
f 2553/1515/2744 2552/1516/2743 2639/1611/2829 2638/1610/2829 
f 2643/1613/2833 2642/1614/2832 2547/1513/2738 2546/1510/2737 
f 2820/1808/3010 2821/1809/3011 2453/1411/2644 2452/1408/2643 
f 2822/1810/3012 2823/1811/3013 2821/1809/3011 2820/1808/3010 
f 2824/1812/3014 2825/1813/3015 2823/1811/3013 2822/1810/3012 
f 2826/1814/3016 2827/1815/3017 2825/1813/3015 2824/1812/3014 
f 2828/1816/3018 2829/1817/3019 2827/1815/3017 2826/1814/3016 
f 2830/1818/3020 2831/1819/3021 2829/1817/3019 2828/1816/3018 
f 2832/1820/3022 2833/1823/3023 2831/1822/3021 2830/1821/3020 
f 2834/1824/3024 2835/1825/3025 2833/1823/3023 2832/1820/3022 
f 2836/1826/3026 2837/1827/3027 2835/1825/3025 2834/1824/3024 
f 2838/1828/3028 2839/1829/3029 2837/1827/3027 2836/1826/3026 
f 2840/1830/3030 2841/1831/3031 2839/1829/3029 2838/1828/3028 
f 2842/1832/3032 2843/1833/3033 2841/1831/3031 2840/1830/3030 
f 2844/1834/3034 2845/1835/3035 2843/1833/3033 2842/1832/3032 
f 2846/1836/3036 2847/1837/3037 2845/1835/3035 2844/1834/3034 
f 2848/1838/3038 2849/1839/3039 2847/1837/3037 2846/1836/3036 
f 2850/1840/3040 2851/1841/3041 2849/1839/3039 2848/1838/3038 
f 2852/1842/3042 2853/1843/3043 2851/1841/3041 2850/1840/3040 
f 2854/1844/3044 2855/1845/3045 2853/1843/3043 2852/1842/3042 
f 2856/1846/3046 2857/1847/3047 2855/1845/3045 2854/1844/3044 
f 2858/1848/3048 2859/1851/3049 2857/1850/3047 2856/1849/3046 
f 2860/1852/3050 2861/1853/3051 2859/1851/3049 2858/1848/3048 
f 2862/1854/3052 2863/1855/3053 2861/1853/3051 2860/1852/3050 
f 2864/1856/3054 2865/1857/3055 2863/1855/3053 2862/1854/3052 
f 2866/1858/3056 2867/1859/3057 2865/1857/3055 2864/1856/3054 
f 2868/1860/3058 2869/1861/3059 2867/1859/3057 2866/1858/3056 
f 2870/1862/3060 2871/1863/3061 2869/1861/3059 2868/1860/3058 
f 2872/1864/3062 2873/1865/3063 2871/1863/3061 2870/1862/3060 
f 2874/1866/3064 2875/1867/3065 2873/1865/3063 2872/1864/3062 
f 2876/1868/3066 2877/1869/3067 2875/1867/3065 2874/1866/3064 
f 2878/1870/3068 2879/1873/3069 2877/1872/3067 2876/1871/3066 
f 2880/1874/3070 2881/1875/3071 2879/1873/3069 2878/1870/3068 
f 2882/1876/3072 2883/1877/3073 2881/1875/3071 2880/1874/3070 
f 2884/1878/3074 2885/1879/3075 2883/1877/3073 2882/1876/3072 
f 2886/1880/3076 2887/1881/3077 2885/1879/3075 2884/1878/3074 
f 2888/1882/3078 2889/1883/3079 2887/1881/3077 2886/1880/3076 
f 2890/1884/3080 2891/1885/3081 2889/1883/3079 2888/1882/3078 
f 2892/1886/3082 2893/1887/3083 2891/1885/3081 2890/1884/3080 
f 2894/1888/3084 2895/1889/3085 2893/1887/3083 2892/1886/3082 
f 2896/1890/3086 2897/1891/3087 2895/1889/3085 2894/1888/3084 
f 2898/1892/3088 2899/1893/3089 2897/1891/3087 2896/1890/3086 
f 2819/1894/3009 2818/1895/3008 2899/1893/3089 2898/1892/3088 
f 2900/1896/3090 2901/1897/3091 2817/1807/3007 2816/1804/3006 
f 2902/1898/3092 2903/1901/3093 2904/1900/3094 2905/1899/3095 
f 2906/1902/3096 2907/1905/3097 2908/1904/3098 2909/1903/3099 
f 2910/1906/3100 2906/1902/3096 2909/1903/3099 2911/1907/3101 
f 2912/1908/3102 2910/1906/3100 2911/1907/3101 2913/1909/3103 
f 2914/1910/3104 2912/1908/3102 2913/1909/3103 2915/1911/3105 
f 2916/1912/3106 2914/1910/3104 2915/1911/3105 2917/1913/3107 
f 2918/1914/3108 2916/1912/3106 2917/1913/3107 2919/1915/3109 
f 2920/1916/3110 2918/1914/3108 2919/1915/3109 2921/1917/3111 
f 2922/1918/3112 2920/1921/3110 2921/1920/3111 2923/1919/3113 
f 2924/1922/3114 2922/1918/3112 2923/1919/3113 2925/1923/3115 
f 2926/1924/3116 2924/1922/3114 2925/1923/3115 2927/1925/3117 
f 2928/1926/3118 2926/1924/3116 2927/1925/3117 2929/1927/3119 
f 2930/1928/3120 2928/1926/3118 2929/1927/3119 2931/1929/3121 
f 2932/1930/3122 2930/1928/3120 2931/1929/3121 2933/1931/3123 
f 2934/1932/3124 2932/1930/3122 2933/1931/3123 2935/1933/3125 
f 2936/1934/3126 2934/1932/3124 2935/1933/3125 2937/1935/3127 
f 2938/1936/3128 2936/1934/3126 2937/1935/3127 2939/1937/3129 
f 2940/1938/3130 2938/1936/3128 2939/1937/3129 2941/1939/3131 
f 2942/1940/3132 2940/1938/3130 2941/1939/3131 2943/1941/3133 
f 2944/1942/3134 2942/1945/3132 2943/1944/3133 2945/1943/3135 
f 2946/1946/3136 2944/1942/3134 2945/1943/3135 2947/1947/3137 
f 2948/1948/3138 2946/1946/3136 2947/1947/3137 2949/1949/3139 
f 2950/1950/3140 2948/1948/3138 2949/1949/3139 2951/1951/3141 
f 2952/1952/3142 2950/1950/3140 2951/1951/3141 2953/1953/3143 
f 2954/1954/3144 2952/1952/3142 2953/1953/3143 2955/1955/3145 
f 2956/1956/3146 2954/1954/3144 2955/1955/3145 2957/1957/3147 
f 2958/1958/3148 2956/1956/3146 2957/1957/3147 2959/1959/3149 
f 2960/1960/3150 2958/1958/3148 2959/1959/3149 2961/1961/3151 
f 2962/1962/3152 2960/1960/3150 2961/1961/3151 2963/1963/3153 
f 2964/1964/3154 2962/1962/3152 2963/1963/3153 2965/1965/3155 
f 2966/1966/3156 2964/1969/3154 2965/1968/3155 2967/1967/3157 
f 2968/1970/3158 2966/1966/3156 2967/1967/3157 2969/1971/3159 
f 2970/1972/3160 2968/1970/3158 2969/1971/3159 2971/1973/3161 
f 2972/1974/3162 2970/1972/3160 2971/1973/3161 2973/1975/3163 
f 2974/1976/3164 2972/1974/3162 2973/1975/3163 2975/1977/3165 
f 2976/1978/3166 2974/1976/3164 2975/1977/3165 2977/1979/3167 
f 2978/1980/3168 2976/1978/3166 2977/1979/3167 2979/1981/3169 
f 2980/1982/3170 2978/1980/3168 2979/1981/3169 2981/1983/3171 
f 2982/1984/3172 2980/1982/3170 2981/1983/3171 2983/1985/3173 
f 2984/1986/3174 2982/1984/3172 2983/1985/3173 2985/1987/3175 
f 2986/1988/3176 2984/1986/3174 2985/1987/3175 2987/1989/3177 
f 2988/1990/3178 2986/1988/3176 2987/1989/3177 2989/1991/3179 
f 2990/1992/3180 2988/1995/3178 2989/1994/3179 2991/1993/3181 
f 2903/1901/3093 2990/1992/3180 2991/1993/3181 2904/1900/3094 
f 2907/1905/3097 2902/1898/3092 2905/1899/3095 2908/1904/3098 
f 2904/1900/3094 2992/1997/3182 2993/1996/3183 2905/1899/3095 
f 2992/1997/3182 2459/1413/2650 2544/1508/2735 2993/1996/3183 
f 2991/1993/3181 2994/1998/3184 2992/1997/3182 2904/1900/3094 
f 2994/1998/3184 2456/1412/2647 2459/1413/2650 2992/1997/3182 
f 2989/1994/3179 2995/1999/3185 2994/1998/3184 2991/1993/3181 
f 2995/1999/3185 2460/1416/2651 2456/1412/2647 2994/1998/3184 
f 2987/1989/3177 2996/2001/3186 2995/2000/3185 2989/1991/3179 
f 2996/2002/3186 2462/1418/2653 2460/1416/2651 2995/1999/3185 
f 2985/1987/3175 2997/2003/3187 2996/2001/3186 2987/1989/3177 
f 2997/2003/3187 2464/1420/2655 2462/1421/2653 2996/2001/3186 
f 2983/1985/3173 2998/2004/3188 2997/2003/3187 2985/1987/3175 
f 2998/2004/3188 2466/1424/2657 2464/1420/2655 2997/2003/3187 
f 2981/1983/3171 2999/2005/3189 2998/2004/3188 2983/1985/3173 
f 2999/2005/3189 2468/1426/2659 2466/1424/2657 2998/2004/3188 
f 2979/1981/3169 3000/2006/3190 2999/2005/3189 2981/1983/3171 
f 3000/2006/3190 2470/1428/2661 2468/1426/2659 2999/2005/3189 
f 2977/1979/3167 3001/2007/3191 3000/2006/3190 2979/1981/3169 
f 3001/2007/3191 2472/1430/2663 2470/1428/2661 3000/2006/3190 
f 2975/1977/3165 3002/2008/3192 3001/2007/3191 2977/1979/3167 
f 3002/2008/3192 2474/1432/2665 2472/1430/2663 3001/2007/3191 
f 2973/1975/3163 3003/2009/3193 3002/2008/3192 2975/1977/3165 
f 3003/2009/3193 2476/1434/2667 2474/1432/2665 3002/2008/3192 
f 2971/1973/3161 3004/2010/3194 3003/2009/3193 2973/1975/3163 
f 3004/2010/3194 2478/1436/2669 2476/1434/2667 3003/2009/3193 
f 2969/1971/3159 3005/2011/3195 3004/2010/3194 2971/1973/3161 
f 3005/2011/3195 2480/1438/2671 2478/1436/2669 3004/2010/3194 
f 2967/1967/3157 3006/2012/3196 3005/2011/3195 2969/1971/3159 
f 3006/2012/3196 2482/1440/2673 2480/1438/2671 3005/2011/3195 
f 2965/1968/3155 3007/2013/3197 3006/2012/3196 2967/1967/3157 
f 3007/2014/3197 2484/1442/2675 2482/1443/2673 3006/2015/3196 
f 2963/1963/3153 3008/2016/3198 3007/2014/3197 2965/1965/3155 
f 3008/2016/3198 2486/1446/2677 2484/1442/2675 3007/2014/3197 
f 2961/1961/3151 3009/2017/3199 3008/2016/3198 2963/1963/3153 
f 3009/2017/3199 2488/1448/2679 2486/1446/2677 3008/2016/3198 
f 2959/1959/3149 3010/2018/3200 3009/2017/3199 2961/1961/3151 
f 3010/2018/3200 2490/1450/2681 2488/1448/2679 3009/2017/3199 
f 2957/1957/3147 3011/2019/3201 3010/2018/3200 2959/1959/3149 
f 3011/2019/3201 2492/1452/2683 2490/1450/2681 3010/2018/3200 
f 2955/1955/3145 3012/2020/3202 3011/2019/3201 2957/1957/3147 
f 3012/2020/3202 2494/1454/2685 2492/1452/2683 3011/2019/3201 
f 2953/1953/3143 3013/2021/3203 3012/2020/3202 2955/1955/3145 
f 3013/2021/3203 2496/1456/3204 2494/1454/2685 3012/2020/3202 
f 2951/1951/3141 3014/2022/3205 3013/2021/3203 2953/1953/3143 
f 3014/2022/3205 2498/1458/3206 2496/1456/3204 3013/2021/3203 
f 2949/1949/3139 3015/2023/3207 3014/2022/3205 2951/1951/3141 
f 3015/2023/3207 2500/1460/3208 2498/1458/3206 3014/2022/3205 
f 2947/1947/3137 3016/2024/3209 3015/2023/3207 2949/1949/3139 
f 3016/2024/3209 2502/1462/3210 2500/1460/3208 3015/2023/3207 
f 2945/1943/3135 3017/2025/3211 3016/2024/3209 2947/1947/3137 
f 3017/2025/3211 2504/1464/2695 2502/1462/3210 3016/2024/3209 
f 2943/1944/3133 3018/2026/3212 3017/2025/3211 2945/1943/3135 
f 3018/2026/3212 2506/1466/2697 2504/1464/2695 3017/2025/3211 
f 2941/1939/3131 3019/2028/3213 3018/2027/3212 2943/1941/3133 
f 3019/2028/3213 2508/1468/2699 2506/1469/2697 3018/2027/3212 
f 2939/1937/3129 3020/2029/3214 3019/2028/3213 2941/1939/3131 
f 3020/2029/3214 2510/1472/2701 2508/1468/2699 3019/2028/3213 
f 2937/1935/3127 3021/2030/3215 3020/2029/3214 2939/1937/3129 
f 3021/2030/3215 2512/1474/2703 2510/1472/2701 3020/2029/3214 
f 2935/1933/3125 3022/2031/3216 3021/2030/3215 2937/1935/3127 
f 3022/2031/3216 2514/1476/2705 2512/1474/2703 3021/2030/3215 
f 2933/1931/3123 3023/2032/3217 3022/2031/3216 2935/1933/3125 
f 3023/2032/3217 2516/1478/2707 2514/1476/2705 3022/2031/3216 
f 2931/1929/3121 3024/2033/3218 3023/2032/3217 2933/1931/3123 
f 3024/2033/3218 2518/1480/2709 2516/1478/2707 3023/2032/3217 
f 2929/1927/3119 3025/2034/3219 3024/2033/3218 2931/1929/3121 
f 3025/2034/3219 2520/1482/2711 2518/1480/2709 3024/2033/3218 
f 2927/1925/3117 3026/2035/3220 3025/2034/3219 2929/1927/3119 
f 3026/2035/3220 2522/1484/2713 2520/1482/2711 3025/2034/3219 
f 2925/1923/3115 3027/2036/3221 3026/2035/3220 2927/1925/3117 
f 3027/2036/3221 2524/1486/2715 2522/1484/2713 3026/2035/3220 
f 2923/1919/3113 3028/2037/3222 3027/2036/3221 2925/1923/3115 
f 3028/2037/3222 2526/1488/2717 2524/1486/2715 3027/2036/3221 
f 2921/1920/3111 3029/2038/3223 3028/2037/3222 2923/1919/3113 
f 3029/2038/3223 2528/1490/2719 2526/1488/2717 3028/2037/3222 
f 2919/1915/3109 3030/2040/3224 3029/2039/3223 2921/1917/3111 
f 3030/2040/3224 2530/1492/2721 2528/1493/2719 3029/2039/3223 
f 2917/1913/3107 3031/2041/3225 3030/2040/3224 2919/1915/3109 
f 3031/2041/3225 2532/1496/2723 2530/1492/2721 3030/2040/3224 
f 2915/1911/3105 3032/2042/3226 3031/2041/3225 2917/1913/3107 
f 3032/2042/3226 2534/1498/2725 2532/1496/2723 3031/2041/3225 
f 2913/1909/3103 3033/2043/3227 3032/2042/3226 2915/1911/3105 
f 3033/2043/3227 2536/1500/2727 2534/1498/2725 3032/2042/3226 
f 2911/1907/3101 3034/2044/3228 3033/2043/3227 2913/1909/3103 
f 3034/2044/3228 2538/1502/2729 2536/1500/2727 3033/2043/3227 
f 2909/1903/3099 3035/2045/3229 3034/2044/3228 2911/1907/3101 
f 3035/2045/3229 2540/1504/2731 2538/1502/2729 3034/2044/3228 
f 2908/1904/3098 3036/2046/3230 3035/2045/3229 2909/1903/3099 
f 3036/2046/3230 2542/1506/2733 2540/1504/2731 3035/2045/3229 
f 2905/1899/3095 2993/1996/3183 3036/2046/3230 2908/1904/3098 
f 2993/1996/3183 2544/1508/2735 2542/1506/2733 3036/2046/3230 
f 2552/1516/3231 3037/2048/3232 3038/2047/3233 2639/1611/3234 
f 3037/2048/3232 2547/1513/2738 2642/1614/2832 3038/2047/3233 
f 2551/1517/3235 3039/2049/3236 3037/2048/3232 2552/1516/3231 
f 3039/2049/3236 2548/1512/2739 2547/1513/2738 3037/2048/3232 
f 2555/1519/2746 3040/2050/3237 3039/2049/3236 2551/1517/3235 
f 3040/2050/3237 2654/1629/2844 2548/1512/2739 3039/2049/3236 
f 2557/1524/2748 3041/2053/3238 3040/2052/3237 2555/2051/2746 
f 3041/2053/3238 2658/1634/2848 2654/1635/2844 3040/2052/3237 
f 2559/1525/2750 3042/2054/3239 3041/2053/3238 2557/1524/2748 
f 3042/2054/3239 2662/1639/2852 2658/1634/2848 3041/2053/3238 
f 2561/1527/2752 3043/2055/3240 3042/2054/3239 2559/1525/2750 
f 3043/2055/3240 2666/1643/2856 2662/1639/2852 3042/2054/3239 
f 2563/1529/2754 3044/2056/3241 3043/2055/3240 2561/1527/2752 
f 3044/2056/3241 2670/1647/2860 2666/1643/2856 3043/2055/3240 
f 2565/1531/2756 3045/2057/3242 3044/2056/3241 2563/1529/2754 
f 3045/2057/3242 2674/1651/2864 2670/1647/2860 3044/2056/3241 
f 2567/1533/2758 3046/2058/3243 3045/2057/3242 2565/1531/2756 
f 3046/2058/3243 2678/1655/2868 2674/1651/2864 3045/2057/3242 
f 2569/1535/2760 3047/2059/3244 3046/2058/3243 2567/1533/2758 
f 3047/2059/3244 2682/1659/2872 2678/1655/2868 3046/2058/3243 
f 2571/1537/2762 3048/2060/3245 3047/2059/3244 2569/1535/2760 
f 3048/2060/3245 2686/1663/2876 2682/1659/2872 3047/2059/3244 
f 2573/1539/2764 3049/2061/3246 3048/2060/3245 2571/1537/2762 
f 3049/2061/3246 2690/1667/2880 2686/1663/2876 3048/2060/3245 
f 2575/1541/2766 3050/2062/3247 3049/2061/3246 2573/1539/2764 
f 3050/2062/3247 2694/1671/2884 2690/1667/2880 3049/2061/3246 
f 2577/1543/2768 3051/2063/3248 3050/2062/3247 2575/1541/2766 
f 3051/2063/3248 2698/1675/2888 2694/1671/2884 3050/2062/3247 
f 2579/2064/2770 3052/2065/3249 3051/2063/3248 2577/1543/2768 
f 3052/2065/3249 2702/1681/2892 2698/1675/2888 3051/2063/3248 
f 2581/1549/2772 3053/2067/3250 3052/2066/3249 2579/1547/2770 
f 3053/2067/3250 2706/1686/2896 2702/1687/2892 3052/2066/3249 
f 2583/1551/2774 3054/2068/3251 3053/2067/3250 2581/1549/2772 
f 3054/2068/3251 2710/1691/2900 2706/1686/2896 3053/2067/3250 
f 2585/1553/2776 3055/2069/3252 3054/2068/3251 2583/1551/2774 
f 3055/2069/3252 2714/1695/2904 2710/1691/2900 3054/2068/3251 
f 2587/1555/2778 3056/2070/3253 3055/2069/3252 2585/1553/2776 
f 3056/2070/3253 2718/1699/2908 2714/1695/2904 3055/2069/3252 
f 2589/1557/2780 3057/2071/3254 3056/2070/3253 2587/1555/2778 
f 3057/2071/3254 2722/1703/2912 2718/1699/2908 3056/2070/3253 
f 2591/1559/2782 3058/2072/3255 3057/2071/3254 2589/1557/2780 
f 3058/2072/3255 2726/1707/2916 2722/1703/2912 3057/2071/3254 
f 2593/1561/2784 3059/2073/3256 3058/2072/3255 2591/1559/2782 
f 3059/2073/3256 2730/1711/2920 2726/1707/2916 3058/2072/3255 
f 2595/1563/2786 3060/2074/3257 3059/2073/3256 2593/1561/2784 
f 3060/2074/3257 2734/1715/2924 2730/1711/2920 3059/2073/3256 
f 2597/1565/2788 3061/2075/3258 3060/2074/3257 2595/1563/2786 
f 3061/2075/3258 2738/1719/2928 2734/1715/2924 3060/2074/3257 
f 2599/1567/2790 3062/2076/3259 3061/2075/3258 2597/1565/2788 
f 3062/2076/3259 2742/1725/2932 2738/1719/2928 3061/2075/3258 
f 2601/1569/2792 3063/2077/3260 3062/2076/3259 2599/1567/2790 
f 3063/2077/3260 2746/1729/2936 2742/1725/2932 3062/2076/3259 
f 2603/1573/2794 3064/2079/3261 3063/2078/3260 2601/1572/2792 
f 3064/2079/3261 2750/1734/2940 2746/1735/2936 3063/2078/3260 
f 2605/1575/2796 3065/2080/3262 3064/2079/3261 2603/1573/2794 
f 3065/2080/3262 2754/1739/2944 2750/1734/2940 3064/2079/3261 
f 2607/1577/2798 3066/2081/3263 3065/2080/3262 2605/1575/2796 
f 3066/2081/3263 2758/1743/2948 2754/1739/2944 3065/2080/3262 
f 2609/1579/2800 3067/2082/3264 3066/2081/3263 2607/1577/2798 
f 3067/2082/3264 2762/1747/2952 2758/1743/2948 3066/2081/3263 
f 2611/1581/2802 3068/2083/3265 3067/2082/3264 2609/1579/2800 
f 3068/2083/3265 2766/1751/2956 2762/1747/2952 3067/2082/3264 
f 2613/1583/2804 3069/2084/3266 3068/2083/3265 2611/1581/2802 
f 3069/2084/3266 2770/1755/2960 2766/1751/2956 3068/2083/3265 
f 2615/1585/2806 3070/2085/3267 3069/2084/3266 2613/1583/2804 
f 3070/2085/3267 2774/1759/2964 2770/1755/2960 3069/2084/3266 
f 2617/1587/2808 3071/2086/3268 3070/2085/3267 2615/1585/2806 
f 3071/2086/3268 2778/1763/2968 2774/1759/2964 3070/2085/3267 
f 2619/1589/2810 3072/2087/3269 3071/2086/3268 2617/1587/2808 
f 3072/2087/3269 2782/1767/2972 2778/1763/2968 3071/2086/3268 
f 2621/1591/2812 3073/2088/3270 3072/2087/3269 2619/1589/2810 
f 3073/2088/3270 2786/1771/2976 2782/1767/2972 3072/2087/3269 
f 2623/1593/2814 3074/2089/3271 3073/2088/3270 2621/1591/2812 
f 3074/2089/3271 2790/1775/2980 2786/1771/2976 3073/2088/3270 
f 2625/1597/2816 3075/2091/3272 3074/2090/3271 2623/1596/2814 
f 3075/2091/3272 2794/1782/2984 2790/1783/2980 3074/2090/3271 
f 2627/1599/2818 3076/2092/3273 3075/2091/3272 2625/1597/2816 
f 3076/2092/3273 2798/1787/2988 2794/1782/2984 3075/2091/3272 
f 2629/1601/2820 3077/2093/3274 3076/2092/3273 2627/1599/2818 
f 3077/2093/3274 2802/1791/2992 2798/1787/2988 3076/2092/3273 
f 2631/1603/2822 3078/2094/3275 3077/2093/3274 2629/1601/2820 
f 3078/2094/3275 2806/1795/2996 2802/1791/2992 3077/2093/3274 
f 2633/1605/2824 3079/2095/3276 3078/2094/3275 2631/1603/2822 
f 3079/2095/3276 2810/1799/3000 2806/1795/2996 3078/2094/3275 
f 2635/1607/3277 3080/2096/3278 3079/2095/3276 2633/1605/2824 
f 3080/2096/3278 2812/1801/3002 2810/1799/3000 3079/2095/3276 
f 2637/1609/3279 3081/2097/3280 3080/2096/3278 2635/1607/3277 
f 3081/2097/3280 2641/1615/2831 2812/1801/3002 3080/2096/3278 
f 2639/1611/3234 3038/2047/3233 3081/2097/3280 2637/1609/3279 
f 3038/2047/3233 2642/1614/2832 2641/1615/2831 3081/2097/3280 
f 2636/1608/3281 3082/2099/3282 3083/2098/3283 2638/1610/3284 
f 3082/2100/3282 2543/1507/2734 2545/1509/2736 3083/2101/3283 
f 2634/1606/3285 3084/2102/3286 3082/2099/3282 2636/1608/3281 
f 3084/2103/3286 2541/1505/2732 2543/1507/2734 3082/2100/3282 
f 2632/1604/3287 3085/2104/3288 3084/2102/3286 2634/1606/3285 
f 3085/2105/3288 2539/1503/2730 2541/1505/2732 3084/2103/3286 
f 2630/1602/3289 3086/2106/3290 3085/2104/3288 2632/1604/3287 
f 3086/2107/3291 2537/1501/2728 2539/1503/2730 3085/2105/3288 
f 2628/1600/3292 3087/2108/3293 3086/2106/3290 2630/1602/3289 
f 3087/2109/3294 2535/1499/2726 2537/1501/2728 3086/2107/3291 
f 2626/1598/3295 3088/2110/3296 3087/2108/3293 2628/1600/3292 
f 3088/2111/3297 2533/1497/2724 2535/1499/2726 3087/2109/3294 
f 2624/1594/3298 3089/2112/3299 3088/2110/3296 2626/1598/3295 
f 3089/2113/3300 2531/1495/2722 2533/1497/2724 3088/2111/3297 
f 2622/1595/3301 3090/2114/3302 3089/2112/3299 2624/1594/3298 
f 3090/2115/3303 2529/1494/2720 2531/1495/2722 3089/2113/3300 
f 2620/2116/2811 3091/2117/3304 3090/2114/3302 2622/1595/3301 
f 3091/2118/3305 2527/2119/2718 2529/1494/2720 3090/2115/3303 
f 2618/1588/2809 3092/2121/3306 3091/2120/3304 2620/1590/2811 
f 3092/2122/3307 2525/1487/2716 2527/1489/2718 3091/2123/3305 
f 2616/1586/2807 3093/2124/3308 3092/2121/3306 2618/1588/2809 
f 3093/2125/3309 2523/1485/2714 2525/1487/2716 3092/2122/3307 
f 2614/1584/2805 3094/2126/3310 3093/2124/3308 2616/1586/2807 
f 3094/2127/3311 2521/1483/2712 2523/1485/2714 3093/2125/3309 
f 2612/1582/2803 3095/2128/3312 3094/2126/3310 2614/1584/2805 
f 3095/2129/3313 2519/1481/2710 2521/1483/2712 3094/2127/3311 
f 2610/1580/2801 3096/2130/3314 3095/2128/3312 2612/1582/2803 
f 3096/2131/3315 2517/1479/3316 2519/1481/2710 3095/2129/3313 
f 2608/1578/2799 3097/2132/3317 3096/2130/3314 2610/1580/2801 
f 3097/2133/3318 2515/1477/3319 2517/1479/3316 3096/2131/3315 
f 2606/1576/2797 3098/2134/3320 3097/2132/3317 2608/1578/2799 
f 3098/2135/3321 2513/1475/3322 2515/1477/3319 3097/2133/3318 
f 2604/1574/2795 3099/2136/3323 3098/2134/3320 2606/1576/2797 
f 3099/2137/3324 2511/1473/3325 2513/1475/3322 3098/2135/3321 
f 2602/1570/2793 3100/2138/3326 3099/2136/3323 2604/1574/2795 
f 3100/2139/3327 2509/1471/3328 2511/1473/3325 3099/2137/3324 
f 2600/1568/2791 3101/2142/3329 3100/2141/3326 2602/2140/2793 
f 3101/2143/3330 2507/1467/3331 2509/2145/3328 3100/2144/3327 
f 2598/1566/2789 3102/2146/3332 3101/2142/3329 2600/1568/2791 
f 3102/2147/3332 2505/1465/3333 2507/1467/3331 3101/2143/3330 
f 2596/1564/2787 3103/2148/3334 3102/2146/3332 2598/1566/2789 
f 3103/2149/3334 2503/1463/3335 2505/1465/3333 3102/2147/3332 
f 2594/1562/2785 3104/2150/3336 3103/2148/3334 2596/1564/2787 
f 3104/2151/3336 2501/1461/3337 2503/1463/3335 3103/2149/3334 
f 2592/1560/2783 3105/2152/3338 3104/2150/3336 2594/1562/2785 
f 3105/2153/3338 2499/1459/3339 2501/1461/3337 3104/2151/3336 
f 2590/1558/2781 3106/2154/3340 3105/2152/3338 2592/1560/2783 
f 3106/2155/3340 2497/1457/3341 2499/1459/3339 3105/2153/3338 
f 2588/1556/2779 3107/2156/3342 3106/2154/3340 2590/1558/2781 
f 3107/2157/3342 2495/1455/3343 2497/1457/3341 3106/2155/3340 
f 2586/1554/2777 3108/2158/3344 3107/2156/3342 2588/1556/2779 
f 3108/2159/3345 2493/1453/3346 2495/1455/3343 3107/2157/3342 
f 2584/1552/2775 3109/2160/3347 3108/2158/3344 2586/1554/2777 
f 3109/2161/3348 2491/1451/3349 2493/1453/3346 3108/2159/3345 
f 2582/1550/2773 3110/2162/3350 3109/2160/3347 2584/1552/2775 
f 3110/2163/3351 2489/1449/3352 2491/1451/3349 3109/2161/3348 
f 2580/1548/2771 3111/2164/3353 3110/2162/3350 2582/1550/2773 
f 3111/2165/3354 2487/1447/3355 2489/1449/3352 3110/2163/3351 
f 2578/1544/2769 3112/2166/3356 3111/2164/3353 2580/1548/2771 
f 3112/2167/3357 2485/1445/3358 2487/1447/3355 3111/2165/3354 
f 2576/1545/2767 3113/2168/3359 3112/2166/3356 2578/1544/2769 
f 3113/2169/3360 2483/1444/3361 2485/1445/3358 3112/2167/3357 
f 2574/1540/2765 3114/2171/3362 3113/2170/3359 2576/1542/2767 
f 3114/2172/3363 2481/2173/2672 2483/1444/3361 3113/2169/3360 
f 2572/1538/2763 3115/2174/3364 3114/2171/3362 2574/1540/2765 
f 3115/2175/3365 2479/1437/2670 2481/1439/2672 3114/2176/3363 
f 2570/1536/2761 3116/2177/3366 3115/2174/3364 2572/1538/2763 
f 3116/2178/3367 2477/1435/2668 2479/1437/2670 3115/2175/3365 
f 2568/1534/2759 3117/2179/3368 3116/2177/3366 2570/1536/2761 
f 3117/2180/3369 2475/1433/2666 2477/1435/2668 3116/2178/3367 
f 2566/1532/2757 3118/2181/3370 3117/2179/3368 2568/1534/2759 
f 3118/2182/3371 2473/1431/2664 2475/1433/2666 3117/2180/3369 
f 2564/1530/3372 3119/2183/3373 3118/2181/3370 2566/1532/2757 
f 3119/2184/3374 2471/1429/2662 2473/1431/2664 3118/2182/3371 
f 2562/1528/3375 3120/2185/3376 3119/2183/3373 2564/1530/3372 
f 3120/2186/3377 2469/1427/2660 2471/1429/2662 3119/2184/3374 
f 2560/1526/3378 3121/2187/3379 3120/2185/3376 2562/1528/3375 
f 3121/2188/3380 2467/1425/2658 2469/1427/2660 3120/2186/3377 
f 2558/1522/3381 3122/2189/3382 3121/2187/3379 2560/1526/3378 
f 3122/2190/3383 2465/1423/2656 2467/1425/2658 3121/2188/3380 
f 2556/1523/3384 3123/2191/3385 3122/2189/3382 2558/1522/3381 
f 3123/2192/3386 2463/1419/2654 2465/2194/2656 3122/2193/3383 
f 2554/1518/3387 3124/2196/3388 3123/2195/3385 2556/1520/3384 
f 3124/2197/3388 2461/1417/2652 2463/1419/2654 3123/2192/3386 
f 2550/1514/3389 3125/2198/3390 3124/2196/3388 2554/1518/3387 
f 3125/2199/3390 2457/1415/2648 2461/1417/2652 3124/2197/3388 
f 2553/1515/3391 3126/2200/3392 3125/2198/3390 2550/1514/3389 
f 3126/2201/3392 2458/1414/2649 2457/1415/2648 3125/2199/3390 
f 2638/1610/3284 3083/2098/3283 3126/2200/3392 2553/1515/3391 
f 3083/2101/3283 2545/1509/2736 2458/1414/2649 3126/2201/3392 
f 2459/1413/2650 2458/1414/2649 2545/1509/2736 2544/1508/2735 
f 2902/1898/3092 3127/2203/3393 3128/2202/3394 2903/1901/3093 
f 3127/2203/3393 2455/1409/2646 2900/1896/3090 3128/2202/3394 
f 2903/1901/3093 3128/2202/3394 3129/2204/3395 2990/1992/3180 
f 3128/2202/3394 2900/1896/3090 2816/1804/3006 3129/2204/3395 
f 2990/1992/3180 3129/2204/3395 3130/2205/3396 2988/1995/3178 
f 3129/2204/3395 2816/1804/3006 2819/1805/3009 3130/2205/3396 
f 2988/1990/3178 3130/2207/3396 3131/2206/3397 2986/1988/3176 
f 3130/2207/3396 2819/1894/3009 2898/1892/3088 3131/2206/3397 
f 2986/1988/3176 3131/2206/3397 3132/2208/3398 2984/1986/3174 
f 3131/2206/3397 2898/1892/3088 2896/1890/3086 3132/2208/3398 
f 2984/1986/3174 3132/2208/3398 3133/2209/3399 2982/1984/3172 
f 3132/2208/3398 2896/1890/3086 2894/1888/3084 3133/2209/3399 
f 2982/1984/3172 3133/2209/3399 3134/2210/3400 2980/1982/3170 
f 3133/2209/3399 2894/1888/3084 2892/1886/3082 3134/2210/3400 
f 2980/1982/3170 3134/2210/3400 3135/2211/3401 2978/1980/3168 
f 3134/2210/3400 2892/1886/3082 2890/1884/3080 3135/2211/3401 
f 2978/1980/3168 3135/2211/3401 3136/2212/3402 2976/1978/3166 
f 3135/2211/3401 2890/1884/3080 2888/1882/3078 3136/2212/3402 
f 2976/1978/3166 3136/2212/3402 3137/2213/3403 2974/1976/3164 
f 3136/2212/3402 2888/1882/3078 2886/1880/3076 3137/2213/3403 
f 2974/1976/3164 3137/2213/3403 3138/2214/3404 2972/1974/3162 
f 3137/2213/3403 2886/1880/3076 2884/1878/3074 3138/2214/3404 
f 2972/1974/3162 3138/2214/3404 3139/2215/3405 2970/1972/3160 
f 3138/2214/3404 2884/1878/3074 2882/1876/3072 3139/2215/3405 
f 2970/1972/3160 3139/2215/3405 3140/2216/3406 2968/1970/3158 
f 3139/2215/3405 2882/1876/3072 2880/1874/3070 3140/2216/3406 
f 2968/1970/3158 3140/2216/3406 3141/2217/3407 2966/1966/3156 
f 3140/2216/3406 2880/1874/3070 2878/1870/3068 3141/2217/3407 
f 2966/1966/3156 3141/2217/3407 3142/2218/3408 2964/1969/3154 
f 3141/2217/3407 2878/1870/3068 2876/1871/3066 3142/2218/3408 
f 2964/1964/3154 3142/2220/3408 3143/2219/3409 2962/1962/3152 
f 3142/2220/3408 2876/1868/3066 2874/1866/3064 3143/2219/3409 
f 2962/1962/3152 3143/2219/3409 3144/2221/3410 2960/1960/3150 
f 3143/2219/3409 2874/1866/3064 2872/1864/3062 3144/2221/3410 
f 2960/1960/3150 3144/2221/3410 3145/2222/3411 2958/1958/3148 
f 3144/2221/3410 2872/1864/3062 2870/1862/3060 3145/2222/3411 
f 2958/1958/3148 3145/2222/3411 3146/2223/3412 2956/1956/3146 
f 3145/2222/3411 2870/1862/3060 2868/1860/3058 3146/2223/3412 
f 2956/1956/3146 3146/2223/3412 3147/2224/3413 2954/1954/3144 
f 3146/2223/3412 2868/1860/3058 2866/1858/3056 3147/2224/3413 
f 2954/1954/3144 3147/2224/3413 3148/2225/3414 2952/1952/3142 
f 3147/2224/3413 2866/1858/3056 2864/1856/3054 3148/2225/3414 
f 2952/1952/3142 3148/2225/3414 3149/2226/3415 2950/1950/3140 
f 3148/2225/3414 2864/1856/3054 2862/1854/3052 3149/2226/3415 
f 2950/1950/3140 3149/2226/3415 3150/2227/3416 2948/1948/3138 
f 3149/2226/3415 2862/1854/3052 2860/1852/3050 3150/2227/3416 
f 2948/1948/3138 3150/2227/3416 3151/2228/3417 2946/1946/3136 
f 3150/2227/3416 2860/1852/3050 2858/1848/3048 3151/2228/3417 
f 2946/1946/3136 3151/2228/3417 3152/2229/3418 2944/1942/3134 
f 3151/2228/3417 2858/1848/3048 2856/1849/3046 3152/2229/3418 
f 2944/2230/3134 3152/2232/3418 3153/2231/3419 2942/1940/3132 
f 3152/2232/3418 2856/1846/3046 2854/1844/3044 3153/2231/3419 
f 2942/1940/3132 3153/2231/3419 3154/2233/3420 2940/1938/3130 
f 3153/2231/3419 2854/1844/3044 2852/1842/3042 3154/2233/3420 
f 2940/1938/3130 3154/2233/3420 3155/2234/3421 2938/1936/3128 
f 3154/2233/3420 2852/1842/3042 2850/1840/3040 3155/2234/3421 
f 2938/1936/3128 3155/2234/3421 3156/2235/3422 2936/1934/3126 
f 3155/2234/3421 2850/1840/3040 2848/1838/3038 3156/2235/3422 
f 2936/1934/3126 3156/2235/3422 3157/2236/3423 2934/1932/3124 
f 3156/2235/3422 2848/1838/3038 2846/1836/3036 3157/2236/3423 
f 2934/1932/3124 3157/2236/3423 3158/2237/3424 2932/1930/3122 
f 3157/2236/3423 2846/1836/3036 2844/1834/3034 3158/2237/3424 
f 2932/1930/3122 3158/2237/3424 3159/2238/3425 2930/1928/3120 
f 3158/2237/3424 2844/1834/3034 2842/1832/3032 3159/2238/3425 
f 2930/1928/3120 3159/2238/3425 3160/2239/3426 2928/1926/3118 
f 3159/2238/3425 2842/1832/3032 2840/1830/3030 3160/2239/3426 
f 2928/1926/3118 3160/2239/3426 3161/2240/3427 2926/1924/3116 
f 3160/2239/3426 2840/1830/3030 2838/1828/3028 3161/2240/3427 
f 2926/1924/3116 3161/2240/3427 3162/2241/3428 2924/1922/3114 
f 3161/2240/3427 2838/1828/3028 2836/1826/3026 3162/2241/3428 
f 2924/1922/3114 3162/2241/3428 3163/2242/3429 2922/1918/3112 
f 3162/2241/3428 2836/1826/3026 2834/1824/3024 3163/2242/3429 
f 2922/1918/3112 3163/2242/3429 3164/2243/3430 2920/1921/3110 
f 3163/2242/3429 2834/1824/3024 2832/1820/3022 3164/2243/3430 
f 2920/1921/3110 3164/2243/3430 3165/2245/3431 2918/2244/3108 
f 3164/2243/3430 2832/1820/3022 2830/1821/3020 3165/2245/3431 
f 2918/1914/3108 3165/2247/3431 3166/2246/3432 2916/1912/3106 
f 3165/2247/3431 2830/1818/3020 2828/1816/3018 3166/2246/3432 
f 2916/1912/3106 3166/2246/3432 3167/2248/3433 2914/1910/3104 
f 3166/2246/3432 2828/1816/3018 2826/1814/3016 3167/2248/3433 
f 2914/1910/3104 3167/2248/3433 3168/2249/3434 2912/1908/3102 
f 3167/2248/3433 2826/1814/3016 2824/1812/3014 3168/2249/3434 
f 2912/1908/3102 3168/2249/3434 3169/2250/3435 2910/1906/3100 
f 3168/2249/3434 2824/1812/3014 2822/1810/3012 3169/2250/3435 
f 2910/1906/3100 3169/2250/3435 3170/2251/3436 2906/1902/3096 
f 3169/2250/3435 2822/1810/3012 2820/1808/3010 3170/2251/3436 
f 2906/1902/3096 3170/2251/3436 3171/2252/3437 2907/1905/3097 
f 3170/2251/3436 2820/1808/3010 2452/1408/2643 3171/2252/3437 
f 2907/1905/3097 3171/2252/3437 3127/2203/3393 2902/1898/3092 
f 3171/2252/3437 2452/1408/2643 2455/1409/2646 3127/2203/3393 
f 2646/1618/2836 3172/2254/3438 3173/2253/3439 2814/1803/3004 
f 3172/2254/3438 2643/1613/2833 2546/1510/2737 3173/2253/3439 
f 2814/1803/3004 3173/2253/3439 3174/2255/3440 2649/1623/2839 
f 3173/2253/3439 2546/1510/2737 2549/1511/2740 3174/2255/3440 
f 2649/1623/2839 3174/2255/3440 3175/2256/3441 2650/1622/2840 
f 3174/2255/3440 2549/1511/2740 2655/1628/2845 3175/2256/3441 
f 2650/1627/2840 3175/2258/3441 3176/2257/3442 2652/1626/2842 
f 3175/2258/3441 2655/1632/2845 2659/1633/2849 3176/2257/3442 
f 2652/1626/2842 3176/2257/3442 3177/2259/3443 2656/1631/2846 
f 3176/2257/3442 2659/1633/2849 2663/1638/2853 3177/2259/3443 
f 2656/1631/2846 3177/2259/3443 3178/2260/3444 2660/1637/2850 
f 3177/2259/3443 2663/1638/2853 2667/1642/2857 3178/2260/3444 
f 2660/1637/2850 3178/2260/3444 3179/2261/3445 2664/1641/2854 
f 3178/2260/3444 2667/1642/2857 2671/1646/2861 3179/2261/3445 
f 2664/1641/2854 3179/2261/3445 3180/2262/3446 2668/1645/2858 
f 3179/2261/3445 2671/1646/2861 2675/1650/2865 3180/2262/3446 
f 2668/1645/2858 3180/2262/3446 3181/2263/3447 2672/1649/2862 
f 3180/2262/3446 2675/1650/2865 2679/1654/2869 3181/2263/3447 
f 2672/1649/2862 3181/2263/3447 3182/2264/3448 2676/1653/2866 
f 3181/2263/3447 2679/1654/2869 2683/1658/2873 3182/2264/3448 
f 2676/1653/2866 3182/2264/3448 3183/2265/3449 2680/1657/2870 
f 3182/2264/3448 2683/1658/2873 2687/1662/2877 3183/2265/3449 
f 2680/1657/2870 3183/2265/3449 3184/2266/3450 2684/1661/2874 
f 3183/2265/3449 2687/1662/2877 2691/1666/2881 3184/2266/3450 
f 2684/1661/2874 3184/2266/3450 3185/2267/3451 2688/1665/2878 
f 3184/2266/3450 2691/1666/2881 2695/1670/2885 3185/2267/3451 
f 2688/1665/2878 3185/2267/3451 3186/2268/3452 2692/1669/2882 
f 3185/2267/3451 2695/1670/2885 2699/1674/2889 3186/2268/3452 
f 2692/1669/2882 3186/2268/3452 3187/2269/3453 2696/1673/2886 
f 3186/2268/3452 2699/1674/2889 2703/1680/2893 3187/2269/3453 
f 2696/1679/2886 3187/2271/3453 3188/2270/3454 2700/1678/2890 
f 3187/2271/3453 2703/1684/2893 2707/1685/2897 3188/2270/3454 
f 2700/1678/2890 3188/2270/3454 3189/2272/3455 2704/1683/2894 
f 3188/2270/3454 2707/1685/2897 2711/1690/2901 3189/2272/3455 
f 2704/1683/2894 3189/2272/3455 3190/2273/3456 2708/1689/2898 
f 3189/2272/3455 2711/1690/2901 2715/1694/2905 3190/2273/3456 
f 2708/1689/2898 3190/2273/3456 3191/2274/3457 2712/1693/2902 
f 3190/2273/3456 2715/1694/2905 2719/1698/2909 3191/2274/3457 
f 2712/1693/2902 3191/2274/3457 3192/2275/3458 2716/1697/2906 
f 3191/2274/3457 2719/1698/2909 2723/1702/2913 3192/2275/3458 
f 2716/1697/2906 3192/2275/3458 3193/2276/3459 2720/1701/2910 
f 3192/2275/3458 2723/1702/2913 2727/1706/2917 3193/2276/3459 
f 2720/1701/2910 3193/2276/3459 3194/2277/3460 2724/1705/2914 
f 3193/2276/3459 2727/1706/2917 2731/1710/2921 3194/2277/3460 
f 2724/1705/2914 3194/2277/3460 3195/2278/3461 2728/1709/2918 
f 3194/2277/3460 2731/1710/2921 2735/1714/2925 3195/2278/3461 
f 2728/1709/2918 3195/2278/3461 3196/2279/3462 2732/1713/2922 
f 3195/2278/3461 2735/1714/2925 2739/1718/2929 3196/2279/3462 
f 2732/1713/2922 3196/2279/3462 3197/2280/3463 2736/1717/2926 
f 3196/2279/3462 2739/1718/2929 2743/1724/2933 3197/2280/3463 
f 2736/1717/2926 3197/2280/3463 3198/2282/3464 2740/2281/2930 
f 3197/2280/3463 2743/1724/2933 2747/1728/2937 3198/2282/3464 
f 2740/1722/2930 3198/2284/3464 3199/2283/3465 2744/1727/2934 
f 3198/2284/3464 2747/1732/2937 2751/1733/2941 3199/2283/3465 
f 2744/1727/2934 3199/2283/3465 3200/2285/3466 2748/1731/2938 
f 3199/2283/3465 2751/1733/2941 2755/1738/2945 3200/2285/3466 
f 2748/1731/2938 3200/2285/3466 3201/2286/3467 2752/1737/2942 
f 3200/2285/3466 2755/1738/2945 2759/1742/2949 3201/2286/3467 
f 2752/1737/2942 3201/2286/3467 3202/2287/3468 2756/1741/2946 
f 3201/2286/3467 2759/1742/2949 2763/1746/2953 3202/2287/3468 
f 2756/1741/2946 3202/2287/3468 3203/2288/3469 2760/1745/2950 
f 3202/2287/3468 2763/1746/2953 2767/1750/2957 3203/2288/3469 
f 2760/1745/2950 3203/2288/3469 3204/2289/3470 2764/1749/2954 
f 3203/2288/3469 2767/1750/2957 2771/1754/2961 3204/2289/3470 
f 2764/1749/2954 3204/2289/3470 3205/2290/3471 2768/1753/2958 
f 3204/2289/3470 2771/1754/2961 2775/1758/2965 3205/2290/3471 
f 2768/1753/2958 3205/2290/3471 3206/2291/3472 2772/1757/2962 
f 3205/2290/3471 2775/1758/2965 2779/1762/2969 3206/2291/3472 
f 2772/1757/2962 3206/2291/3472 3207/2292/3473 2776/1761/2966 
f 3206/2291/3472 2779/1762/2969 2783/1766/2973 3207/2292/3473 
f 2776/1761/2966 3207/2292/3473 3208/2293/3474 2780/1765/2970 
f 3207/2292/3473 2783/1766/2973 2787/1770/2977 3208/2293/3474 
f 2780/1765/2970 3208/2293/3474 3209/2294/3475 2784/1769/2974 
f 3208/2293/3474 2787/1770/2977 2791/1774/2981 3209/2294/3475 
f 2784/2295/2974 3209/2297/3475 3210/2296/3476 2788/1779/2978 
f 3209/2297/3475 2791/1780/2981 2795/1781/2985 3210/2296/3476 
f 2788/1779/2978 3210/2296/3476 3211/2298/3477 2792/1778/2982 
f 3210/2296/3476 2795/1781/2985 2799/1786/2989 3211/2298/3477 
f 2792/1778/2982 3211/2298/3477 3212/2299/3478 2796/1785/2986 
f 3211/2298/3477 2799/1786/2989 2803/1790/2993 3212/2299/3478 
f 2796/1785/2986 3212/2299/3478 3213/2300/3479 2800/1789/2990 
f 3212/2299/3478 2803/1790/2993 2807/1794/2997 3213/2300/3479 
f 2800/1789/2990 3213/2300/3479 3214/2301/3480 2804/1793/2994 
f 3213/2300/3479 2807/1794/2997 2811/1798/3001 3214/2301/3480 
f 2804/1793/2994 3214/2301/3480 3215/2302/3481 2808/1797/2998 
f 3214/2301/3480 2811/1798/3001 2813/1800/3003 3215/2302/3481 
f 2808/1797/2998 3215/2302/3481 3216/2303/3482 2645/1619/2835 
f 3215/2302/3481 2813/1800/3003 2640/1612/2830 3216/2303/3482 
f 2645/1619/2835 3216/2303/3482 3172/2254/3438 2646/1618/2836 
f 3216/2303/3482 2640/1612/2830 2643/1613/2833 3172/2254/3438 
f 2647/1617/2837 3217/2305/3483 3218/2304/3484 2644/1616/2834 
f 3217/2306/3485 2454/1410/3485 2453/1411/3486 3218/2307/3487 
f 2644/1616/2834 3218/2304/3484 3219/2308/3488 2809/1796/2999 
f 3218/2307/3487 2453/1411/3486 2821/1809/3489 3219/2309/3490 
f 2809/1796/2999 3219/2308/3488 3220/2310/3491 2805/1792/2995 
f 3219/2309/3490 2821/1809/3489 2823/1811/3492 3220/2311/3493 
f 2805/1792/2995 3220/2310/3491 3221/2312/3494 2801/1788/2991 
f 3220/2311/3493 2823/1811/3492 2825/1813/3495 3221/2313/3496 
f 2801/1788/2991 3221/2312/3494 3222/2314/3497 2797/1784/2987 
f 3221/2313/3496 2825/1813/3495 2827/1815/3498 3222/2315/3499 
f 2797/1784/2987 3222/2314/3497 3223/2316/3500 2793/1777/2983 
f 3222/2315/3499 2827/1815/3498 2829/1817/3501 3223/2317/3502 
f 2793/1777/2983 3223/2316/3500 3224/2318/3503 2789/1776/2979 
f 3223/2317/3502 2829/1817/3501 2831/1819/3504 3224/2319/3505 
f 2789/1772/2979 3224/2321/3503 3225/2320/3506 2785/1768/2975 
f 3224/2322/3505 2831/1822/3504 2833/1823/3507 3225/2323/3508 
f 2785/1768/2975 3225/2320/3506 3226/2324/3509 2781/1764/2971 
f 3225/2323/3508 2833/1823/3507 2835/1825/3510 3226/2325/3511 
f 2781/1764/2971 3226/2324/3509 3227/2326/3512 2777/1760/2967 
f 3226/2325/3511 2835/1825/3510 2837/1827/3027 3227/2327/3513 
f 2777/1760/2967 3227/2326/3512 3228/2328/3514 2773/1756/2963 
f 3227/2327/3513 2837/1827/3027 2839/1829/3029 3228/2329/3515 
f 2773/1756/2963 3228/2328/3514 3229/2330/3516 2769/1752/2959 
f 3228/2329/3515 2839/1829/3029 2841/1831/3031 3229/2331/3517 
f 2769/1752/2959 3229/2330/3516 3230/2332/3518 2765/1748/2955 
f 3229/2331/3517 2841/1831/3031 2843/1833/3033 3230/2333/3519 
f 2765/1748/2955 3230/2332/3518 3231/2334/3520 2761/1744/3521 
f 3230/2333/3519 2843/1833/3033 2845/1835/3035 3231/2335/3522 
f 2761/1744/3521 3231/2334/3520 3232/2336/3523 2757/1740/3524 
f 3231/2335/3522 2845/1835/3035 2847/1837/3037 3232/2337/3525 
f 2757/1740/3524 3232/2336/3523 3233/2338/3526 2753/1736/3527 
f 3232/2337/3525 2847/1837/3037 2849/1839/3039 3233/2339/3528 
f 2753/1736/3527 3233/2338/3526 3234/2340/3529 2749/1730/3530 
f 3233/2339/3528 2849/1839/3039 2851/1841/3041 3234/2341/3531 
f 2749/1730/3530 3234/2340/3529 3235/2342/3532 2745/1726/3533 
f 3234/2341/3531 2851/1841/3041 2853/1843/3043 3235/2343/3534 
f 2745/1726/3533 3235/2342/3532 3236/2344/3535 2741/1721/3536 
f 3235/2343/3534 2853/1843/3043 2855/1845/3045 3236/2345/3537 
f 2741/1721/3536 3236/2344/3535 3237/2346/3538 2737/1720/3539 
f 3236/2345/3537 2855/1845/3045 2857/1847/3047 3237/2347/3540 
f 2737/1716/3539 3237/2349/3538 3238/2348/3541 2733/1712/3542 
f 3237/2350/3540 2857/1850/3047 2859/1851/3049 3238/2351/3543 
f 2733/1712/3542 3238/2348/3541 3239/2352/3544 2729/1708/3545 
f 3238/2351/3543 2859/1851/3049 2861/1853/3051 3239/2353/3546 
f 2729/1708/3545 3239/2352/3544 3240/2354/3547 2725/1704/3548 
f 3239/2353/3546 2861/1853/3051 2863/1855/3053 3240/2355/3549 
f 2725/1704/3548 3240/2354/3547 3241/2356/3550 2721/1700/3551 
f 3240/2355/3549 2863/1855/3053 2865/1857/3055 3241/2357/3552 
f 2721/1700/3551 3241/2356/3550 3242/2358/3553 2717/1696/3554 
f 3241/2357/3552 2865/1857/3055 2867/1859/3057 3242/2359/3555 
f 2717/1696/3554 3242/2358/3553 3243/2360/3556 2713/1692/3557 
f 3242/2359/3555 2867/1859/3057 2869/1861/3059 3243/2361/3558 
f 2713/1692/3557 3243/2360/3556 3244/2362/3559 2709/1688/3560 
f 3243/2361/3558 2869/1861/3059 2871/1863/3061 3244/2363/3561 
f 2709/1688/3560 3244/2362/3559 3245/2364/3562 2705/1682/3563 
f 3244/2363/3561 2871/1863/3061 2873/1865/3063 3245/2365/3564 
f 2705/1682/3563 3245/2364/3562 3246/2366/3565 2701/1677/3566 
f 3245/2365/3564 2873/1865/3063 2875/1867/3065 3246/2367/3567 
f 2701/2368/3566 3246/2370/3565 3247/2369/3568 2697/1672/3569 
f 3246/2367/3567 2875/1867/3065 2877/1869/3067 3247/2371/3570 
f 2697/1672/3569 3247/2369/3568 3248/2372/3571 2693/1668/3572 
f 3247/2373/3570 2877/1872/3067 2879/1873/3069 3248/2374/3573 
f 2693/1668/3572 3248/2372/3571 3249/2375/3574 2689/1664/2879 
f 3248/2374/3573 2879/1873/3069 2881/1875/3071 3249/2376/3575 
f 2689/1664/2879 3249/2375/3574 3250/2377/3576 2685/1660/2875 
f 3249/2376/3575 2881/1875/3071 2883/1877/3073 3250/2378/3577 
f 2685/1660/2875 3250/2377/3576 3251/2379/3578 2681/1656/2871 
f 3250/2378/3577 2883/1877/3073 2885/1879/3075 3251/2380/3579 
f 2681/1656/2871 3251/2379/3578 3252/2381/3580 2677/1652/2867 
f 3251/2380/3579 2885/1879/3075 2887/1881/3077 3252/2382/3581 
f 2677/1652/2867 3252/2381/3580 3253/2383/3582 2673/1648/2863 
f 3252/2382/3581 2887/1881/3077 2889/1883/3583 3253/2384/3584 
f 2673/1648/2863 3253/2383/3582 3254/2385/3585 2669/1644/2859 
f 3253/2384/3584 2889/1883/3583 2891/1885/3586 3254/2386/3587 
f 2669/1644/2859 3254/2385/3585 3255/2387/3588 2665/1640/2855 
f 3254/2386/3587 2891/1885/3586 2893/1887/3589 3255/2388/3590 
f 2665/1640/2855 3255/2387/3588 3256/2389/3591 2661/1636/2851 
f 3255/2388/3590 2893/1887/3589 2895/1889/3592 3256/2390/3593 
f 2661/1636/2851 3256/2389/3591 3257/2391/3594 2657/1630/2847 
f 3256/2390/3593 2895/1889/3592 2897/1891/3595 3257/2392/3596 
f 2657/1630/2847 3257/2391/3594 3258/2393/3597 2653/1625/2843 
f 3257/2392/3596 2897/1891/3595 2899/1893/3598 3258/2394/3599 
f 2653/1625/2843 3258/2393/3597 3259/2395/3600 2651/1624/2841 
f 3258/2394/3599 2899/1893/3598 2818/1895/3601 3259/2396/3602 
f 2651/1624/2841 3259/2395/3600 3260/2398/3603 2648/2397/2838 
f 3259/2399/3602 2818/1806/3601 2817/1807/3604 3260/2400/3605 
f 2648/1620/2838 3260/2402/3603 3261/2401/3606 2815/1802/3005 
f 3260/2400/3605 2817/1807/3604 2901/1897/3607 3261/2403/3608 
f 2815/1802/3005 3261/2401/3606 3217/2305/3483 2647/1617/2837 
f 3261/2403/3608 2901/1897/3607 2454/1410/3485 3217/2306/3485 
f 2455/1409/2646 2454/1410/2645 2901/1897/3091 2900/1896/3090 
f 3262/1408/3609 3263/1409/3610 3264/1410/3611 3265/1411/3612 
f 3266/1412/3613 3267/1413/3614 3268/1414/3615 3269/1415/3616 
f 3270/1416/3617 3266/1412/3613 3269/1415/3616 3271/1417/3618 
f 3272/1418/3619 3270/1416/3617 3271/1417/3618 3273/1419/3620 
f 3274/1420/3621 3272/1421/3619 3273/1422/3620 3275/1423/3622 
f 3276/1424/3623 3274/1420/3621 3275/1423/3622 3277/1425/3624 
f 3278/1426/3625 3276/1424/3623 3277/1425/3624 3279/1427/3626 
f 3280/1428/3627 3278/1426/3625 3279/1427/3626 3281/1429/3628 
f 3282/1430/3629 3280/1428/3627 3281/1429/3628 3283/1431/3630 
f 3284/1432/3631 3282/1430/3629 3283/1431/3630 3285/1433/3632 
f 3286/1434/3633 3284/1432/3631 3285/1433/3632 3287/1435/3634 
f 3288/1436/3635 3286/1434/3633 3287/1435/3634 3289/1437/3636 
f 3290/1438/3637 3288/1436/3635 3289/1437/3636 3291/1439/3638 
f 3292/1440/3639 3290/1438/3637 3291/1439/3638 3293/1441/3640 
f 3294/1442/3641 3292/1443/3639 3293/1444/3640 3295/1445/3642 
f 3296/1446/3643 3294/1442/3641 3295/1445/3642 3297/1447/3644 
f 3298/1448/3645 3296/1446/3643 3297/1447/3644 3299/1449/3646 
f 3300/1450/3647 3298/1448/3645 3299/1449/3646 3301/1451/3648 
f 3302/1452/3649 3300/1450/3647 3301/1451/3648 3303/1453/3650 
f 3304/1454/3651 3302/1452/3649 3303/1453/3650 3305/1455/3652 
f 3306/1456/3653 3304/1454/3651 3305/1455/3652 3307/1457/3654 
f 3308/1458/3655 3306/1456/3653 3307/1457/3654 3309/1459/3656 
f 3310/1460/3657 3308/1458/3655 3309/1459/3656 3311/1461/3658 
f 3312/1462/3659 3310/1460/3657 3311/1461/3658 3313/1463/3660 
f 3314/1464/3661 3312/1462/3659 3313/1463/3660 3315/1465/3662 
f 3316/1466/3663 3314/1464/3661 3315/1465/3662 3317/1467/3664 
f 3318/1468/3665 3316/1469/3663 3317/1470/3664 3319/1471/3666 
f 3320/1472/3667 3318/1468/3665 3319/1471/3666 3321/1473/3668 
f 3322/1474/3669 3320/1472/3667 3321/1473/3668 3323/1475/3670 
f 3324/1476/3671 3322/1474/3669 3323/1475/3670 3325/1477/3672 
f 3326/1478/3673 3324/1476/3671 3325/1477/3672 3327/1479/3674 
f 3328/1480/3675 3326/1478/3673 3327/1479/3674 3329/1481/3676 
f 3330/1482/3677 3328/1480/3675 3329/1481/3676 3331/1483/3678 
f 3332/1484/3679 3330/1482/3677 3331/1483/3678 3333/1485/3680 
f 3334/1486/3681 3332/1484/3679 3333/1485/3680 3335/1487/3682 
f 3336/1488/3683 3334/1486/3681 3335/1487/3682 3337/1489/3684 
f 3338/1490/3685 3336/1488/3683 3337/1489/3684 3339/1491/3686 
f 3340/1492/3687 3338/1493/3685 3339/1494/3686 3341/1495/3688 
f 3342/1496/3689 3340/1492/3687 3341/1495/3688 3343/1497/3690 
f 3344/1498/3691 3342/1496/3689 3343/1497/3690 3345/1499/3692 
f 3346/1500/3693 3344/1498/3691 3345/1499/3692 3347/1501/3694 
f 3348/1502/3695 3346/1500/3693 3347/1501/3694 3349/1503/3696 
f 3350/1504/3697 3348/1502/3695 3349/1503/3696 3351/1505/3698 
f 3352/1506/3699 3350/1504/3697 3351/1505/3698 3353/1507/3700 
f 3354/1508/3701 3352/1506/3699 3353/1507/3700 3355/1509/3702 
f 3356/1510/3703 3357/1511/3704 3358/1512/3705 3359/1513/3706 
f 3360/1514/3707 3361/1515/3708 3362/1516/3709 3363/1517/3710 
f 3364/1518/3711 3360/1514/3707 3363/1517/3710 3365/1519/3712 
f 3366/1520/3713 3364/1518/3711 3365/1519/3712 3367/1521/3714 
f 3368/1522/3715 3366/1523/3713 3367/1524/3714 3369/1525/3716 
f 3370/1526/3717 3368/1522/3715 3369/1525/3716 3371/1527/3718 
f 3372/1528/3719 3370/1526/3717 3371/1527/3718 3373/1529/3720 
f 3374/1530/3721 3372/1528/3719 3373/1529/3720 3375/1531/3722 
f 3376/1532/3723 3374/1530/3721 3375/1531/3722 3377/1533/3724 
f 3378/1534/3725 3376/1532/3723 3377/1533/3724 3379/1535/3726 
f 3380/1536/3727 3378/1534/3725 3379/1535/3726 3381/1537/3728 
f 3382/1538/3729 3380/1536/3727 3381/1537/3728 3383/1539/3730 
f 3384/1540/3731 3382/1538/3729 3383/1539/3730 3385/1541/3732 
f 3386/1542/3733 3384/1540/3731 3385/1541/3732 3387/1543/3734 
f 3388/1544/3735 3386/1545/3733 3387/1546/3734 3389/1547/3736 
f 3390/1548/3737 3388/1544/3735 3389/1547/3736 3391/1549/3738 
f 3392/1550/3739 3390/1548/3737 3391/1549/3738 3393/1551/3740 
f 3394/1552/3741 3392/1550/3739 3393/1551/3740 3395/1553/3742 
f 3396/1554/3743 3394/1552/3741 3395/1553/3742 3397/1555/3744 
f 3398/1556/3745 3396/1554/3743 3397/1555/3744 3399/1557/3746 
f 3400/1558/3747 3398/1556/3745 3399/1557/3746 3401/1559/3748 
f 3402/1560/3749 3400/1558/3747 3401/1559/3748 3403/1561/3750 
f 3404/1562/3751 3402/1560/3749 3403/1561/3750 3405/1563/3752 
f 3406/1564/3753 3404/1562/3751 3405/1563/3752 3407/1565/3754 
f 3408/1566/3755 3406/1564/3753 3407/1565/3754 3409/1567/3756 
f 3410/1568/3757 3408/1566/3755 3409/1567/3756 3411/1569/3758 
f 3412/1570/3759 3410/1571/3757 3411/1572/3758 3413/1573/3760 
f 3414/1574/3761 3412/1570/3759 3413/1573/3760 3415/1575/3762 
f 3416/1576/3763 3414/1574/3761 3415/1575/3762 3417/1577/3764 
f 3418/1578/3765 3416/1576/3763 3417/1577/3764 3419/1579/3766 
f 3420/1580/3767 3418/1578/3765 3419/1579/3766 3421/1581/3768 
f 3422/1582/3769 3420/1580/3767 3421/1581/3768 3423/1583/3770 
f 3424/1584/3771 3422/1582/3769 3423/1583/3770 3425/1585/3772 
f 3426/1586/3773 3424/1584/3771 3425/1585/3772 3427/1587/3774 
f 3428/1588/3775 3426/1586/3773 3427/1587/3774 3429/1589/3776 
f 3430/1590/3777 3428/1588/3775 3429/1589/3776 3431/1591/3778 
f 3432/1592/3779 3430/1590/3777 3431/1591/3778 3433/1593/3780 
f 3434/1594/3781 3432/1595/3779 3433/1596/3780 3435/1597/3782 
f 3436/1598/3783 3434/1594/3781 3435/1597/3782 3437/1599/3784 
f 3438/1600/3785 3436/1598/3783 3437/1599/3784 3439/1601/3786 
f 3440/1602/3787 3438/1600/3785 3439/1601/3786 3441/1603/3788 
f 3442/1604/3789 3440/1602/3787 3441/1603/3788 3443/1605/3790 
f 3444/1606/3791 3442/1604/3789 3443/1605/3790 3445/1607/3792 
f 3446/1608/3793 3444/1606/3791 3445/1607/3792 3447/1609/3794 
f 3448/1610/3795 3446/1608/3793 3447/1609/3794 3449/1611/3796 
f 3450/1612/3797 3451/1613/3798 3452/1614/3799 3453/1615/3800 
f 3454/1616/3801 3455/1617/3802 3456/1618/3803 3457/1619/3804 
f 3458/1620/3805 3459/1621/3806 3460/1622/3807 3461/1623/3808 
f 3459/1624/3806 3462/1625/3809 3463/1626/3810 3460/1627/3807 
f 3357/1511/3704 3464/1628/3811 3465/1629/3812 3358/1512/3705 
f 3462/1625/3809 3466/1630/3813 3467/1631/3814 3463/1626/3810 
f 3464/1632/3811 3468/1633/3815 3469/1634/3816 3465/1635/3812 
f 3466/1630/3813 3470/1636/3817 3471/1637/3818 3467/1631/3814 
f 3468/1633/3815 3472/1638/3819 3473/1639/3820 3469/1634/3816 
f 3470/1636/3817 3474/1640/3821 3475/1641/3822 3471/1637/3818 
f 3472/1638/3819 3476/1642/3823 3477/1643/3824 3473/1639/3820 
f 3474/1640/3821 3478/1644/3825 3479/1645/3826 3475/1641/3822 
f 3476/1642/3823 3480/1646/3827 3481/1647/3828 3477/1643/3824 
f 3478/1644/3825 3482/1648/3829 3483/1649/3830 3479/1645/3826 
f 3480/1646/3827 3484/1650/3831 3485/1651/3832 3481/1647/3828 
f 3482/1648/3829 3486/1652/3833 3487/1653/3834 3483/1649/3830 
f 3484/1650/3831 3488/1654/3835 3489/1655/3836 3485/1651/3832 
f 3486/1652/3833 3490/1656/3837 3491/1657/3838 3487/1653/3834 
f 3488/1654/3835 3492/1658/3839 3493/1659/3840 3489/1655/3836 
f 3490/1656/3837 3494/1660/3841 3495/1661/3842 3491/1657/3838 
f 3492/1658/3839 3496/1662/3843 3497/1663/3844 3493/1659/3840 
f 3494/1660/3841 3498/1664/3845 3499/1665/3846 3495/1661/3842 
f 3496/1662/3843 3500/1666/3847 3501/1667/3848 3497/1663/3844 
f 3498/1664/3845 3502/1668/3849 3503/1669/3850 3499/1665/3846 
f 3500/1666/3847 3504/1670/3851 3505/1671/3852 3501/1667/3848 
f 3502/1668/3849 3506/1672/3853 3507/1673/3854 3503/1669/3850 
f 3504/1670/3851 3508/1674/3855 3509/1675/3856 3505/1671/3852 
f 3506/1676/3853 3510/1677/3857 3511/1678/3858 3507/1679/3854 
f 3508/1674/3855 3512/1680/3859 3513/1681/3860 3509/1675/3856 
f 3510/1677/3857 3514/1682/3861 3515/1683/3861 3511/1678/3858 
f 3512/1684/3859 3516/1685/3862 3517/1686/3863 3513/1687/3860 
f 3514/1682/3864 3518/1688/3865 3519/1689/3866 3515/1683/3864 
f 3516/1685/3862 3520/1690/3867 3521/1691/3868 3517/1686/3863 
f 3518/1688/3865 3522/1692/3869 3523/1693/3870 3519/1689/3866 
f 3520/1690/3867 3524/1694/3871 3525/1695/3872 3521/1691/3868 
f 3522/1692/3869 3526/1696/3873 3527/1697/3874 3523/1693/3870 
f 3524/1694/3871 3528/1698/3875 3529/1699/3876 3525/1695/3872 
f 3526/1696/3873 3530/1700/3877 3531/1701/3878 3527/1697/3874 
f 3528/1698/3875 3532/1702/3879 3533/1703/3880 3529/1699/3876 
f 3530/1700/3877 3534/1704/3881 3535/1705/3882 3531/1701/3878 
f 3532/1702/3879 3536/1706/3883 3537/1707/3884 3533/1703/3880 
f 3534/1704/3881 3538/1708/3885 3539/1709/3886 3535/1705/3882 
f 3536/1706/3883 3540/1710/3887 3541/1711/3888 3537/1707/3884 
f 3538/1708/3885 3542/1712/3889 3543/1713/3890 3539/1709/3886 
f 3540/1710/3887 3544/1714/3891 3545/1715/3892 3541/1711/3888 
f 3542/1712/3889 3546/1716/3893 3547/1717/3894 3543/1713/3890 
f 3544/1714/3891 3548/1718/3895 3549/1719/3896 3545/1715/3892 
f 3546/1720/3893 3550/1721/3897 3551/1722/3898 3547/1723/3894 
f 3548/1718/3895 3552/1724/3899 3553/1725/3900 3549/1719/3896 
f 3550/1721/3897 3554/1726/3901 3555/1727/3902 3551/1722/3898 
f 3552/1724/3899 3556/1728/3903 3557/1729/3904 3553/1725/3900 
f 3554/1726/3901 3558/1730/3905 3559/1731/3906 3555/1727/3902 
f 3556/1732/3903 3560/1733/3907 3561/1734/3908 3557/1735/3904 
f 3558/1730/3905 3562/1736/3909 3563/1737/3910 3559/1731/3906 
f 3560/1733/3907 3564/1738/3911 3565/1739/3912 3561/1734/3908 
f 3562/1736/3909 3566/1740/3913 3567/1741/3914 3563/1737/3910 
f 3564/1738/3911 3568/1742/3915 3569/1743/3916 3565/1739/3912 
f 3566/1740/3913 3570/1744/3917 3571/1745/3918 3567/1741/3914 
f 3568/1742/3915 3572/1746/3919 3573/1747/3920 3569/1743/3916 
f 3570/1744/3917 3574/1748/3921 3575/1749/3922 3571/1745/3918 
f 3572/1746/3919 3576/1750/3923 3577/1751/3924 3573/1747/3920 
f 3574/1748/3921 3578/1752/3925 3579/1753/3926 3575/1749/3922 
f 3576/1750/3923 3580/1754/3927 3581/1755/3928 3577/1751/3924 
f 3578/1752/3925 3582/1756/3929 3583/1757/3930 3579/1753/3926 
f 3580/1754/3927 3584/1758/3931 3585/1759/3932 3581/1755/3928 
f 3582/1756/3929 3586/1760/3933 3587/1761/3934 3583/1757/3930 
f 3584/1758/3931 3588/1762/3935 3589/1763/3936 3585/1759/3932 
f 3586/1760/3933 3590/1764/3937 3591/1765/3938 3587/1761/3934 
f 3588/1762/3935 3592/1766/3939 3593/1767/3940 3589/1763/3936 
f 3590/1764/3937 3594/1768/3941 3595/1769/3942 3591/1765/3938 
f 3592/1766/3939 3596/1770/3943 3597/1771/3944 3593/1767/3940 
f 3594/1768/3941 3598/1772/3945 3599/1773/3946 3595/1769/3942 
f 3596/1770/3943 3600/1774/3947 3601/1775/3948 3597/1771/3944 
f 3598/1776/3945 3602/1777/3949 3603/1778/3950 3599/1779/3946 
f 3600/1780/3947 3604/1781/3951 3605/1782/3952 3601/1783/3948 
f 3602/1777/3949 3606/1784/3953 3607/1785/3954 3603/1778/3950 
f 3604/1781/3951 3608/1786/3955 3609/1787/3956 3605/1782/3952 
f 3606/1784/3953 3610/1788/3957 3611/1789/3958 3607/1785/3954 
f 3608/1786/3955 3612/1790/3959 3613/1791/3960 3609/1787/3956 
f 3610/1788/3957 3614/1792/3961 3615/1793/3962 3611/1789/3958 
f 3612/1790/3959 3616/1794/3963 3617/1795/3964 3613/1791/3960 
f 3614/1792/3961 3618/1796/3965 3619/1797/3966 3615/1793/3962 
f 3616/1794/3963 3620/1798/3967 3621/1799/3968 3617/1795/3964 
f 3618/1796/3965 3454/1616/3801 3457/1619/3804 3619/1797/3966 
f 3620/1798/3967 3622/1800/3969 3623/1801/3970 3621/1799/3968 
f 3622/1800/3969 3450/1612/3797 3453/1615/3800 3623/1801/3970 
f 3455/1617/3802 3624/1802/3971 3625/1803/3972 3456/1618/3803 
f 3624/1802/3971 3458/1620/3805 3461/1623/3808 3625/1803/3972 
f 3626/1804/3973 3627/1805/3974 3628/1806/3975 3629/1807/3976 
f 3361/1515/3708 3448/1610/3795 3449/1611/3796 3362/1516/3709 
f 3451/1613/3798 3356/1510/3703 3359/1513/3706 3452/1614/3799 
f 3630/1808/3977 3262/1408/3609 3265/1411/3612 3631/1809/3978 
f 3632/1810/3979 3630/1808/3977 3631/1809/3978 3633/1811/3980 
f 3634/1812/3981 3632/1810/3979 3633/1811/3980 3635/1813/3982 
f 3636/1814/3983 3634/1812/3981 3635/1813/3982 3637/1815/3984 
f 3638/1816/3985 3636/1814/3983 3637/1815/3984 3639/1817/3986 
f 3640/1818/3987 3638/1816/3985 3639/1817/3986 3641/1819/3988 
f 3642/1820/3989 3640/1821/3987 3641/1822/3988 3643/1823/3990 
f 3644/1824/3991 3642/1820/3989 3643/1823/3990 3645/1825/3992 
f 3646/1826/3993 3644/1824/3991 3645/1825/3992 3647/1827/3994 
f 3648/1828/3995 3646/1826/3993 3647/1827/3994 3649/1829/3996 
f 3650/1830/3997 3648/1828/3995 3649/1829/3996 3651/1831/3998 
f 3652/1832/3999 3650/1830/3997 3651/1831/3998 3653/1833/4000 
f 3654/1834/4001 3652/1832/3999 3653/1833/4000 3655/1835/4002 
f 3656/1836/4003 3654/1834/4001 3655/1835/4002 3657/1837/4004 
f 3658/1838/4005 3656/1836/4003 3657/1837/4004 3659/1839/4006 
f 3660/1840/4007 3658/1838/4005 3659/1839/4006 3661/1841/4008 
f 3662/1842/4009 3660/1840/4007 3661/1841/4008 3663/1843/4010 
f 3664/1844/4011 3662/1842/4009 3663/1843/4010 3665/1845/4012 
f 3666/1846/4013 3664/1844/4011 3665/1845/4012 3667/1847/4014 
f 3668/1848/4015 3666/1849/4013 3667/1850/4014 3669/1851/4016 
f 3670/1852/4017 3668/1848/4015 3669/1851/4016 3671/1853/4018 
f 3672/1854/4019 3670/1852/4017 3671/1853/4018 3673/1855/4020 
f 3674/1856/4021 3672/1854/4019 3673/1855/4020 3675/1857/4022 
f 3676/1858/4023 3674/1856/4021 3675/1857/4022 3677/1859/4024 
f 3678/1860/4025 3676/1858/4023 3677/1859/4024 3679/1861/4026 
f 3680/1862/4027 3678/1860/4025 3679/1861/4026 3681/1863/4028 
f 3682/1864/4029 3680/1862/4027 3681/1863/4028 3683/1865/4030 
f 3684/1866/4031 3682/1864/4029 3683/1865/4030 3685/1867/4032 
f 3686/1868/4033 3684/1866/4031 3685/1867/4032 3687/1869/4034 
f 3688/1870/4035 3686/1871/4033 3687/1872/4034 3689/1873/4036 
f 3690/1874/4037 3688/1870/4035 3689/1873/4036 3691/1875/4038 
f 3692/1876/4039 3690/1874/4037 3691/1875/4038 3693/1877/4040 
f 3694/1878/4041 3692/1876/4039 3693/1877/4040 3695/1879/4042 
f 3696/1880/4043 3694/1878/4041 3695/1879/4042 3697/1881/4044 
f 3698/1882/4045 3696/1880/4043 3697/1881/4044 3699/1883/4046 
f 3700/1884/4047 3698/1882/4045 3699/1883/4046 3701/1885/4048 
f 3702/1886/4049 3700/1884/4047 3701/1885/4048 3703/1887/4050 
f 3704/1888/4051 3702/1886/4049 3703/1887/4050 3705/1889/4052 
f 3706/1890/4053 3704/1888/4051 3705/1889/4052 3707/1891/4054 
f 3708/1892/4055 3706/1890/4053 3707/1891/4054 3709/1893/4056 
f 3627/1894/3974 3708/1892/4055 3709/1893/4056 3628/1895/3975 
f 3710/1896/4057 3626/1804/3973 3629/1807/3976 3711/1897/4058 
f 3712/1898/4059 3713/1899/4060 3714/1900/4061 3715/1901/4062 
f 3716/1902/4063 3717/1903/4064 3718/1904/4065 3719/1905/4066 
f 3720/1906/4067 3721/1907/4068 3717/1903/4064 3716/1902/4063 
f 3722/1908/4069 3723/1909/4070 3721/1907/4068 3720/1906/4067 
f 3724/1910/4071 3725/1911/4072 3723/1909/4070 3722/1908/4069 
f 3726/1912/4073 3727/1913/4074 3725/1911/4072 3724/1910/4071 
f 3728/1914/4075 3729/1915/4076 3727/1913/4074 3726/1912/4073 
f 3730/1916/4077 3731/1917/4078 3729/1915/4076 3728/1914/4075 
f 3732/1918/4079 3733/1919/4080 3731/1920/4078 3730/1921/4077 
f 3734/1922/4081 3735/1923/4082 3733/1919/4080 3732/1918/4079 
f 3736/1924/4083 3737/1925/4084 3735/1923/4082 3734/1922/4081 
f 3738/1926/4085 3739/1927/4086 3737/1925/4084 3736/1924/4083 
f 3740/1928/4087 3741/1929/4088 3739/1927/4086 3738/1926/4085 
f 3742/1930/4089 3743/1931/4090 3741/1929/4088 3740/1928/4087 
f 3744/1932/4091 3745/1933/4092 3743/1931/4090 3742/1930/4089 
f 3746/1934/4093 3747/1935/4094 3745/1933/4092 3744/1932/4091 
f 3748/1936/4095 3749/1937/4096 3747/1935/4094 3746/1934/4093 
f 3750/1938/4097 3751/1939/4098 3749/1937/4096 3748/1936/4095 
f 3752/1940/4099 3753/1941/4100 3751/1939/4098 3750/1938/4097 
f 3754/1942/4101 3755/1943/4102 3753/1944/4100 3752/1945/4099 
f 3756/1946/4103 3757/1947/4104 3755/1943/4102 3754/1942/4101 
f 3758/1948/4105 3759/1949/4106 3757/1947/4104 3756/1946/4103 
f 3760/1950/4107 3761/1951/4108 3759/1949/4106 3758/1948/4105 
f 3762/1952/4109 3763/1953/4110 3761/1951/4108 3760/1950/4107 
f 3764/1954/4111 3765/1955/4112 3763/1953/4110 3762/1952/4109 
f 3766/1956/4113 3767/1957/4114 3765/1955/4112 3764/1954/4111 
f 3768/1958/4115 3769/1959/4116 3767/1957/4114 3766/1956/4113 
f 3770/1960/4117 3771/1961/4118 3769/1959/4116 3768/1958/4115 
f 3772/1962/4119 3773/1963/4120 3771/1961/4118 3770/1960/4117 
f 3774/1964/4121 3775/1965/4122 3773/1963/4120 3772/1962/4119 
f 3776/1966/4123 3777/1967/4124 3775/1968/4122 3774/1969/4121 
f 3778/1970/4125 3779/1971/4126 3777/1967/4124 3776/1966/4123 
f 3780/1972/4127 3781/1973/4128 3779/1971/4126 3778/1970/4125 
f 3782/1974/4129 3783/1975/4130 3781/1973/4128 3780/1972/4127 
f 3784/1976/4131 3785/1977/4132 3783/1975/4130 3782/1974/4129 
f 3786/1978/4133 3787/1979/4134 3785/1977/4132 3784/1976/4131 
f 3788/1980/4135 3789/1981/4136 3787/1979/4134 3786/1978/4133 
f 3790/1982/4137 3791/1983/4138 3789/1981/4136 3788/1980/4135 
f 3792/1984/4139 3793/1985/4140 3791/1983/4138 3790/1982/4137 
f 3794/1986/4141 3795/1987/4142 3793/1985/4140 3792/1984/4139 
f 3796/1988/4143 3797/1989/4144 3795/1987/4142 3794/1986/4141 
f 3798/1990/4145 3799/1991/4146 3797/1989/4144 3796/1988/4143 
f 3800/1992/4147 3801/1993/4148 3799/1994/4146 3798/1995/4145 
f 3715/1901/4062 3714/1900/4061 3801/1993/4148 3800/1992/4147 
f 3719/1905/4066 3718/1904/4065 3713/1899/4060 3712/1898/4059 
f 3714/1900/4061 3713/1899/4060 3802/1996/4149 3803/1997/4150 
f 3803/1997/4150 3802/1996/4149 3354/1508/3701 3267/1413/3614 
f 3801/1993/4148 3714/1900/4061 3803/1997/4150 3804/1998/4151 
f 3804/1998/4151 3803/1997/4150 3267/1413/3614 3266/1412/3613 
f 3799/1994/4146 3801/1993/4148 3804/1998/4151 3805/1999/4152 
f 3805/1999/4152 3804/1998/4151 3266/1412/3613 3270/1416/3617 
f 3797/1989/4144 3799/1991/4146 3805/2000/4152 3806/2001/4153 
f 3806/2002/4153 3805/1999/4152 3270/1416/3617 3272/1418/3619 
f 3795/1987/4142 3797/1989/4144 3806/2001/4153 3807/2003/4154 
f 3807/2003/4154 3806/2001/4153 3272/1421/3619 3274/1420/3621 
f 3793/1985/4140 3795/1987/4142 3807/2003/4154 3808/2004/4155 
f 3808/2004/4155 3807/2003/4154 3274/1420/3621 3276/1424/3623 
f 3791/1983/4138 3793/1985/4140 3808/2004/4155 3809/2005/4156 
f 3809/2005/4156 3808/2004/4155 3276/1424/3623 3278/1426/3625 
f 3789/1981/4136 3791/1983/4138 3809/2005/4156 3810/2006/4157 
f 3810/2006/4157 3809/2005/4156 3278/1426/3625 3280/1428/3627 
f 3787/1979/4134 3789/1981/4136 3810/2006/4157 3811/2007/4158 
f 3811/2007/4158 3810/2006/4157 3280/1428/3627 3282/1430/3629 
f 3785/1977/4132 3787/1979/4134 3811/2007/4158 3812/2008/4159 
f 3812/2008/4160 3811/2007/4158 3282/1430/3629 3284/1432/3631 
f 3783/1975/4130 3785/1977/4132 3812/2008/4159 3813/2009/4161 
f 3813/2009/4162 3812/2008/4160 3284/1432/3631 3286/1434/3633 
f 3781/1973/4128 3783/1975/4130 3813/2009/4161 3814/2010/4163 
f 3814/2010/4164 3813/2009/4162 3286/1434/3633 3288/1436/3635 
f 3779/1971/4126 3781/1973/4128 3814/2010/4163 3815/2011/4165 
f 3815/2011/4166 3814/2010/4164 3288/1436/3635 3290/1438/3637 
f 3777/1967/4124 3779/1971/4126 3815/2011/4165 3816/2012/4167 
f 3816/2012/4168 3815/2011/4166 3290/1438/3637 3292/1440/4169 
f 3775/1968/4122 3777/1967/4124 3816/2012/4167 3817/2013/4170 
f 3817/2014/4171 3816/2015/4168 3292/1443/4169 3294/1442/4172 
f 3773/1963/4120 3775/1965/4122 3817/2014/4170 3818/2016/4173 
f 3818/2016/4174 3817/2014/4171 3294/1442/4172 3296/1446/4175 
f 3771/1961/4118 3773/1963/4120 3818/2016/4173 3819/2017/4176 
f 3819/2017/4177 3818/2016/4174 3296/1446/4175 3298/1448/4177 
f 3769/1959/4116 3771/1961/4118 3819/2017/4176 3820/2018/4178 
f 3820/2018/4179 3819/2017/4180 3298/1448/4180 3300/1450/4181 
f 3767/1957/4114 3769/1959/4116 3820/2018/4178 3821/2019/4182 
f 3821/2019/4183 3820/2018/4179 3300/1450/4181 3302/1452/4184 
f 3765/1955/4112 3767/1957/4114 3821/2019/4182 3822/2020/4185 
f 3822/2020/4186 3821/2019/4183 3302/1452/4184 3304/1454/4187 
f 3763/1953/4110 3765/1955/4112 3822/2020/4185 3823/2021/4188 
f 3823/2021/4189 3822/2020/4186 3304/1454/4187 3306/1456/3653 
f 3761/1951/4108 3763/1953/4110 3823/2021/4188 3824/2022/4190 
f 3824/2022/4191 3823/2021/4189 3306/1456/3653 3308/1458/3655 
f 3759/1949/4106 3761/1951/4108 3824/2022/4190 3825/2023/4192 
f 3825/2023/4193 3824/2022/4191 3308/1458/3655 3310/1460/3657 
f 3757/1947/4104 3759/1949/4106 3825/2023/4192 3826/2024/4194 
f 3826/2024/4195 3825/2023/4193 3310/1460/3657 3312/1462/3659 
f 3755/1943/4102 3757/1947/4104 3826/2024/4194 3827/2025/4196 
f 3827/2025/4196 3826/2024/4195 3312/1462/3659 3314/1464/3661 
f 3753/1944/4100 3755/1943/4102 3827/2025/4196 3828/2026/4197 
f 3828/2026/4197 3827/2025/4196 3314/1464/3661 3316/1466/3663 
f 3751/1939/4098 3753/1941/4100 3828/2027/4197 3829/2028/4198 
f 3829/2028/4198 3828/2027/4197 3316/1469/3663 3318/1468/3665 
f 3749/1937/4096 3751/1939/4098 3829/2028/4198 3830/2029/4199 
f 3830/2029/4199 3829/2028/4198 3318/1468/3665 3320/1472/3667 
f 3747/1935/4094 3749/1937/4096 3830/2029/4199 3831/2030/4200 
f 3831/2030/4200 3830/2029/4199 3320/1472/3667 3322/1474/3669 
f 3745/1933/4092 3747/1935/4094 3831/2030/4200 3832/2031/4201 
f 3832/2031/4201 3831/2030/4200 3322/1474/3669 3324/1476/3671 
f 3743/1931/4090 3745/1933/4092 3832/2031/4201 3833/2032/4202 
f 3833/2032/4202 3832/2031/4201 3324/1476/3671 3326/1478/3673 
f 3741/1929/4088 3743/1931/4090 3833/2032/4202 3834/2033/4203 
f 3834/2033/4203 3833/2032/4202 3326/1478/3673 3328/1480/3675 
f 3739/1927/4086 3741/1929/4088 3834/2033/4203 3835/2034/4204 
f 3835/2034/4204 3834/2033/4203 3328/1480/3675 3330/1482/3677 
f 3737/1925/4084 3739/1927/4086 3835/2034/4204 3836/2035/4205 
f 3836/2035/4205 3835/2034/4204 3330/1482/3677 3332/1484/3679 
f 3735/1923/4082 3737/1925/4084 3836/2035/4205 3837/2036/4206 
f 3837/2036/4206 3836/2035/4205 3332/1484/3679 3334/1486/3681 
f 3733/1919/4080 3735/1923/4082 3837/2036/4206 3838/2037/4207 
f 3838/2037/4207 3837/2036/4206 3334/1486/3681 3336/1488/3683 
f 3731/1920/4078 3733/1919/4080 3838/2037/4207 3839/2038/4208 
f 3839/2038/4208 3838/2037/4207 3336/1488/3683 3338/1490/3685 
f 3729/1915/4076 3731/1917/4078 3839/2039/4208 3840/2040/4209 
f 3840/2040/4209 3839/2039/4208 3338/1493/3685 3340/1492/3687 
f 3727/1913/4074 3729/1915/4076 3840/2040/4209 3841/2041/4210 
f 3841/2041/4210 3840/2040/4209 3340/1492/3687 3342/1496/3689 
f 3725/1911/4072 3727/1913/4074 3841/2041/4210 3842/2042/4211 
f 3842/2042/4211 3841/2041/4210 3342/1496/3689 3344/1498/3691 
f 3723/1909/4070 3725/1911/4072 3842/2042/4211 3843/2043/4212 
f 3843/2043/4212 3842/2042/4211 3344/1498/3691 3346/1500/3693 
f 3721/1907/4068 3723/1909/4070 3843/2043/4212 3844/2044/4213 
f 3844/2044/4213 3843/2043/4212 3346/1500/3693 3348/1502/3695 
f 3717/1903/4064 3721/1907/4068 3844/2044/4213 3845/2045/4214 
f 3845/2045/4214 3844/2044/4213 3348/1502/3695 3350/1504/3697 
f 3718/1904/4065 3717/1903/4064 3845/2045/4214 3846/2046/4215 
f 3846/2046/4215 3845/2045/4214 3350/1504/3697 3352/1506/3699 
f 3713/1899/4060 3718/1904/4065 3846/2046/4215 3802/1996/4149 
f 3802/1996/4149 3846/2046/4215 3352/1506/3699 3354/1508/3701 
f 3362/1516/3709 3449/1611/3796 3847/2047/4216 3848/2048/4217 
f 3848/2048/4218 3847/2047/4219 3452/1614/3799 3359/1513/3706 
f 3363/1517/3710 3362/1516/3709 3848/2048/4217 3849/2049/4220 
f 3849/2049/4220 3848/2048/4218 3359/1513/3706 3358/1512/3705 
f 3365/1519/3712 3363/1517/3710 3849/2049/4220 3850/2050/4221 
f 3850/2050/4221 3849/2049/4220 3358/1512/3705 3465/1629/3812 
f 3367/1524/3714 3365/2051/3712 3850/2052/4221 3851/2053/4222 
f 3851/2053/4222 3850/2052/4221 3465/1635/3812 3469/1634/3816 
f 3369/1525/3716 3367/1524/3714 3851/2053/4222 3852/2054/4223 
f 3852/2054/4223 3851/2053/4222 3469/1634/3816 3473/1639/3820 
f 3371/1527/3718 3369/1525/3716 3852/2054/4223 3853/2055/4224 
f 3853/2055/4224 3852/2054/4223 3473/1639/3820 3477/1643/3824 
f 3373/1529/3720 3371/1527/3718 3853/2055/4224 3854/2056/4225 
f 3854/2056/4225 3853/2055/4224 3477/1643/3824 3481/1647/3828 
f 3375/1531/3722 3373/1529/3720 3854/2056/4225 3855/2057/4226 
f 3855/2057/4226 3854/2056/4225 3481/1647/3828 3485/1651/3832 
f 3377/1533/3724 3375/1531/3722 3855/2057/4226 3856/2058/4227 
f 3856/2058/4227 3855/2057/4226 3485/1651/3832 3489/1655/3836 
f 3379/1535/3726 3377/1533/3724 3856/2058/4227 3857/2059/4228 
f 3857/2059/4228 3856/2058/4227 3489/1655/3836 3493/1659/3840 
f 3381/1537/3728 3379/1535/3726 3857/2059/4228 3858/2060/4229 
f 3858/2060/4229 3857/2059/4228 3493/1659/3840 3497/1663/3844 
f 3383/1539/3730 3381/1537/3728 3858/2060/4229 3859/2061/4230 
f 3859/2061/4230 3858/2060/4229 3497/1663/3844 3501/1667/3848 
f 3385/1541/3732 3383/1539/3730 3859/2061/4230 3860/2062/4231 
f 3860/2062/4231 3859/2061/4230 3501/1667/3848 3505/1671/3852 
f 3387/1543/3734 3385/1541/3732 3860/2062/4231 3861/2063/4232 
f 3861/2063/4232 3860/2062/4231 3505/1671/3852 3509/1675/3856 
f 3389/2064/3736 3387/1543/3734 3861/2063/4232 3862/2065/4233 
f 3862/2065/4233 3861/2063/4232 3509/1675/3856 3513/1681/3860 
f 3391/1549/3738 3389/1547/3736 3862/2066/4233 3863/2067/4234 
f 3863/2067/4234 3862/2066/4233 3513/1687/3860 3517/1686/3863 
f 3393/1551/3740 3391/1549/3738 3863/2067/4234 3864/2068/4235 
f 3864/2068/4235 3863/2067/4234 3517/1686/3863 3521/1691/3868 
f 3395/1553/3742 3393/1551/3740 3864/2068/4235 3865/2069/4236 
f 3865/2069/4236 3864/2068/4235 3521/1691/3868 3525/1695/3872 
f 3397/1555/3744 3395/1553/3742 3865/2069/4236 3866/2070/4237 
f 3866/2070/4237 3865/2069/4236 3525/1695/3872 3529/1699/3876 
f 3399/1557/3746 3397/1555/3744 3866/2070/4237 3867/2071/4238 
f 3867/2071/4238 3866/2070/4237 3529/1699/3876 3533/1703/3880 
f 3401/1559/3748 3399/1557/3746 3867/2071/4238 3868/2072/4239 
f 3868/2072/4239 3867/2071/4238 3533/1703/3880 3537/1707/3884 
f 3403/1561/3750 3401/1559/3748 3868/2072/4239 3869/2073/4240 
f 3869/2073/4240 3868/2072/4239 3537/1707/3884 3541/1711/3888 
f 3405/1563/3752 3403/1561/3750 3869/2073/4240 3870/2074/4241 
f 3870/2074/4241 3869/2073/4240 3541/1711/3888 3545/1715/3892 
f 3407/1565/3754 3405/1563/3752 3870/2074/4241 3871/2075/4242 
f 3871/2075/4242 3870/2074/4241 3545/1715/3892 3549/1719/3896 
f 3409/1567/3756 3407/1565/3754 3871/2075/4242 3872/2076/4243 
f 3872/2076/4243 3871/2075/4242 3549/1719/3896 3553/1725/3900 
f 3411/1569/3758 3409/1567/3756 3872/2076/4243 3873/2077/4244 
f 3873/2077/4244 3872/2076/4243 3553/1725/3900 3557/1729/3904 
f 3413/1573/3760 3411/1572/3758 3873/2078/4244 3874/2079/4245 
f 3874/2079/4245 3873/2078/4244 3557/1735/3904 3561/1734/3908 
f 3415/1575/3762 3413/1573/3760 3874/2079/4245 3875/2080/4246 
f 3875/2080/4246 3874/2079/4245 3561/1734/3908 3565/1739/3912 
f 3417/1577/3764 3415/1575/3762 3875/2080/4246 3876/2081/4247 
f 3876/2081/4247 3875/2080/4246 3565/1739/3912 3569/1743/3916 
f 3419/1579/3766 3417/1577/3764 3876/2081/4247 3877/2082/4248 
f 3877/2082/4248 3876/2081/4247 3569/1743/3916 3573/1747/3920 
f 3421/1581/3768 3419/1579/3766 3877/2082/4248 3878/2083/4249 
f 3878/2083/4249 3877/2082/4248 3573/1747/3920 3577/1751/3924 
f 3423/1583/3770 3421/1581/3768 3878/2083/4249 3879/2084/4250 
f 3879/2084/4250 3878/2083/4249 3577/1751/3924 3581/1755/3928 
f 3425/1585/3772 3423/1583/3770 3879/2084/4250 3880/2085/4251 
f 3880/2085/4252 3879/2084/4250 3581/1755/3928 3585/1759/3932 
f 3427/1587/3774 3425/1585/3772 3880/2085/4251 3881/2086/4253 
f 3881/2086/4254 3880/2085/4252 3585/1759/3932 3589/1763/3936 
f 3429/1589/3776 3427/1587/3774 3881/2086/4253 3882/2087/4255 
f 3882/2087/4256 3881/2086/4254 3589/1763/3936 3593/1767/3940 
f 3431/1591/4257 3429/1589/3776 3882/2087/4255 3883/2088/4258 
f 3883/2088/4259 3882/2087/4256 3593/1767/3940 3597/1771/3944 
f 3433/1593/4260 3431/1591/4257 3883/2088/4258 3884/2089/4261 
f 3884/2089/4262 3883/2088/4259 3597/1771/3944 3601/1775/3948 
f 3435/1597/4263 3433/1596/4260 3884/2090/4261 3885/2091/4264 
f 3885/2091/4265 3884/2090/4262 3601/1783/3948 3605/1782/3952 
f 3437/1599/4266 3435/1597/4263 3885/2091/4264 3886/2092/4266 
f 3886/2092/4267 3885/2091/4265 3605/1782/3952 3609/1787/3956 
f 3439/1601/4268 3437/1599/4269 3886/2092/4269 3887/2093/4270 
f 3887/2093/4271 3886/2092/4267 3609/1787/3956 3613/1791/3960 
f 3441/1603/4272 3439/1601/4268 3887/2093/4270 3888/2094/4273 
f 3888/2094/4274 3887/2093/4271 3613/1791/3960 3617/1795/3964 
f 3443/1605/4275 3441/1603/4272 3888/2094/4273 3889/2095/4276 
f 3889/2095/4277 3888/2094/4274 3617/1795/3964 3621/1799/3968 
f 3445/1607/3792 3443/1605/4275 3889/2095/4276 3890/2096/4278 
f 3890/2096/4279 3889/2095/4277 3621/1799/3968 3623/1801/3970 
f 3447/1609/3794 3445/1607/3792 3890/2096/4278 3891/2097/4280 
f 3891/2097/4281 3890/2096/4279 3623/1801/3970 3453/1615/3800 
f 3449/1611/3796 3447/1609/3794 3891/2097/4280 3847/2047/4216 
f 3847/2047/4219 3891/2097/4281 3453/1615/3800 3452/1614/3799 
f 3446/1608/4282 3448/1610/4283 3892/2098/4284 3893/2099/4285 
f 3893/2100/4285 3892/2101/4284 3355/1509/3702 3353/1507/3700 
f 3444/1606/4286 3446/1608/4282 3893/2099/4285 3894/2102/4287 
f 3894/2103/4287 3893/2100/4285 3353/1507/3700 3351/1505/3698 
f 3442/1604/4288 3444/1606/4286 3894/2102/4287 3895/2104/4289 
f 3895/2105/4289 3894/2103/4287 3351/1505/3698 3349/1503/3696 
f 3440/1602/4290 3442/1604/4288 3895/2104/4289 3896/2106/4291 
f 3896/2107/4291 3895/2105/4289 3349/1503/3696 3347/1501/3694 
f 3438/1600/4292 3440/1602/4290 3896/2106/4291 3897/2108/4293 
f 3897/2109/4293 3896/2107/4291 3347/1501/3694 3345/1499/3692 
f 3436/1598/4294 3438/1600/4292 3897/2108/4293 3898/2110/4295 
f 3898/2111/4295 3897/2109/4293 3345/1499/3692 3343/1497/3690 
f 3434/1594/4296 3436/1598/4294 3898/2110/4295 3899/2112/4297 
f 3899/2113/4297 3898/2111/4295 3343/1497/3690 3341/1495/3688 
f 3432/1595/4298 3434/1594/4296 3899/2112/4297 3900/2114/4299 
f 3900/2115/4299 3899/2113/4297 3341/1495/3688 3339/1494/3686 
f 3430/2116/4300 3432/1595/4298 3900/2114/4299 3901/2117/4301 
f 3901/2118/4301 3900/2115/4299 3339/1494/3686 3337/2119/3684 
f 3428/1588/4302 3430/1590/4300 3901/2120/4301 3902/2121/4303 
f 3902/2122/4303 3901/2123/4301 3337/1489/3684 3335/1487/3682 
f 3426/1586/4304 3428/1588/4302 3902/2121/4303 3903/2124/4305 
f 3903/2125/4305 3902/2122/4303 3335/1487/3682 3333/1485/3680 
f 3424/1584/4306 3426/1586/4304 3903/2124/4305 3904/2126/4307 
f 3904/2127/4307 3903/2125/4305 3333/1485/3680 3331/1483/3678 
f 3422/1582/3769 3424/1584/4306 3904/2126/4307 3905/2128/4308 
f 3905/2129/4309 3904/2127/4307 3331/1483/3678 3329/1481/3676 
f 3420/1580/3767 3422/1582/3769 3905/2128/4308 3906/2130/4310 
f 3906/2131/4311 3905/2129/4309 3329/1481/3676 3327/1479/3674 
f 3418/1578/3765 3420/1580/3767 3906/2130/4310 3907/2132/4312 
f 3907/2133/4313 3906/2131/4311 3327/1479/3674 3325/1477/3672 
f 3416/1576/3763 3418/1578/3765 3907/2132/4312 3908/2134/4314 
f 3908/2135/4315 3907/2133/4313 3325/1477/3672 3323/1475/3670 
f 3414/1574/3761 3416/1576/3763 3908/2134/4314 3909/2136/4316 
f 3909/2137/4317 3908/2135/4315 3323/1475/3670 3321/1473/3668 
f 3412/1570/3759 3414/1574/3761 3909/2136/4316 3910/2138/4318 
f 3910/2139/4319 3909/2137/4317 3321/1473/3668 3319/1471/3666 
f 3410/1568/3757 3412/2140/3759 3910/2141/4318 3911/2142/4320 
f 3911/2143/4321 3910/2144/4319 3319/2145/3666 3317/1467/3664 
f 3408/1566/3755 3410/1568/3757 3911/2142/4320 3912/2146/4322 
f 3912/2147/4323 3911/2143/4321 3317/1467/3664 3315/1465/3662 
f 3406/1564/3753 3408/1566/3755 3912/2146/4322 3913/2148/4324 
f 3913/2149/4325 3912/2147/4323 3315/1465/3662 3313/1463/3660 
f 3404/1562/3751 3406/1564/3753 3913/2148/4324 3914/2150/4326 
f 3914/2151/4326 3913/2149/4325 3313/1463/3660 3311/1461/4327 
f 3402/1560/3749 3404/1562/3751 3914/2150/4326 3915/2152/4328 
f 3915/2153/4328 3914/2151/4326 3311/1461/4327 3309/1459/4329 
f 3400/1558/3747 3402/1560/3749 3915/2152/4328 3916/2154/4330 
f 3916/2155/4330 3915/2153/4328 3309/1459/4329 3307/1457/4331 
f 3398/1556/3745 3400/1558/3747 3916/2154/4330 3917/2156/4332 
f 3917/2157/4332 3916/2155/4330 3307/1457/4331 3305/1455/4333 
f 3396/1554/3743 3398/1556/3745 3917/2156/4332 3918/2158/4334 
f 3918/2159/4334 3917/2157/4332 3305/1455/4333 3303/1453/4335 
f 3394/1552/3741 3396/1554/3743 3918/2158/4334 3919/2160/4336 
f 3919/2161/4336 3918/2159/4334 3303/1453/4335 3301/1451/4337 
f 3392/1550/3739 3394/1552/3741 3919/2160/4336 3920/2162/4338 
f 3920/2163/4338 3919/2161/4336 3301/1451/4337 3299/1449/4339 
f 3390/1548/3737 3392/1550/3739 3920/2162/4338 3921/2164/4340 
f 3921/2165/4340 3920/2163/4338 3299/1449/4339 3297/1447/4341 
f 3388/1544/3735 3390/1548/3737 3921/2164/4340 3922/2166/4342 
f 3922/2167/4342 3921/2165/4340 3297/1447/4341 3295/1445/4343 
f 3386/1545/3733 3388/1544/3735 3922/2166/4342 3923/2168/4344 
f 3923/2169/4344 3922/2167/4342 3295/1445/4343 3293/1444/4345 
f 3384/1540/3731 3386/1542/3733 3923/2170/4344 3924/2171/4346 
f 3924/2172/4346 3923/2169/4344 3293/1444/4345 3291/2173/4347 
f 3382/1538/3729 3384/1540/3731 3924/2171/4346 3925/2174/4348 
f 3925/2175/4348 3924/2176/4346 3291/1439/4347 3289/1437/4349 
f 3380/1536/3727 3382/1538/3729 3925/2174/4348 3926/2177/4350 
f 3926/2178/4350 3925/2175/4348 3289/1437/4349 3287/1435/4351 
f 3378/1534/3725 3380/1536/3727 3926/2177/4350 3927/2179/4352 
f 3927/2180/4353 3926/2178/4350 3287/1435/4351 3285/1433/4354 
f 3376/1532/3723 3378/1534/3725 3927/2179/4352 3928/2181/4355 
f 3928/2182/4356 3927/2180/4353 3285/1433/4354 3283/1431/3630 
f 3374/1530/3721 3376/1532/3723 3928/2181/4355 3929/2183/4357 
f 3929/2184/4358 3928/2182/4356 3283/1431/3630 3281/1429/3628 
f 3372/1528/3719 3374/1530/3721 3929/2183/4357 3930/2185/4359 
f 3930/2186/4360 3929/2184/4358 3281/1429/3628 3279/1427/3626 
f 3370/1526/3717 3372/1528/3719 3930/2185/4359 3931/2187/4361 
f 3931/2188/4362 3930/2186/4360 3279/1427/3626 3277/1425/3624 
f 3368/1522/3715 3370/1526/3717 3931/2187/4361 3932/2189/4363 
f 3932/2190/4364 3931/2188/4362 3277/1425/3624 3275/1423/3622 
f 3366/1523/3713 3368/1522/3715 3932/2189/4363 3933/2191/4365 
f 3933/2192/4366 3932/2193/4364 3275/2194/3622 3273/1419/3620 
f 3364/1518/3711 3366/1520/3713 3933/2195/4365 3934/2196/4367 
f 3934/2197/4368 3933/2192/4366 3273/1419/3620 3271/1417/3618 
f 3360/1514/3707 3364/1518/3711 3934/2196/4367 3935/2198/4369 
f 3935/2199/4370 3934/2197/4368 3271/1417/3618 3269/1415/3616 
f 3361/1515/4371 3360/1514/3707 3935/2198/4369 3936/2200/4372 
f 3936/2201/4373 3935/2199/4370 3269/1415/3616 3268/1414/3615 
f 3448/1610/4283 3361/1515/4371 3936/2200/4372 3892/2098/4284 
f 3892/2101/4284 3936/2201/4373 3268/1414/3615 3355/1509/3702 
f 3267/1413/3614 3354/1508/3701 3355/1509/3702 3268/1414/3615 
f 3712/1898/4059 3715/1901/4062 3937/2202/4374 3938/2203/4375 
f 3938/2203/4375 3937/2202/4374 3710/1896/4057 3263/1409/3610 
f 3715/1901/4062 3800/1992/4147 3939/2204/4376 3937/2202/4374 
f 3937/2202/4374 3939/2204/4376 3626/1804/3973 3710/1896/4057 
f 3800/1992/4147 3798/1995/4145 3940/2205/4377 3939/2204/4376 
f 3939/2204/4376 3940/2205/4377 3627/1805/3974 3626/1804/3973 
f 3798/1990/4145 3796/1988/4143 3941/2206/4378 3940/2207/4377 
f 3940/2207/4377 3941/2206/4378 3708/1892/4055 3627/1894/3974 
f 3796/1988/4143 3794/1986/4141 3942/2208/4379 3941/2206/4378 
f 3941/2206/4378 3942/2208/4379 3706/1890/4053 3708/1892/4055 
f 3794/1986/4141 3792/1984/4139 3943/2209/4380 3942/2208/4379 
f 3942/2208/4379 3943/2209/4380 3704/1888/4051 3706/1890/4053 
f 3792/1984/4139 3790/1982/4137 3944/2210/4381 3943/2209/4380 
f 3943/2209/4380 3944/2210/4381 3702/1886/4049 3704/1888/4051 
f 3790/1982/4137 3788/1980/4135 3945/2211/4382 3944/2210/4381 
f 3944/2210/4381 3945/2211/4382 3700/1884/4047 3702/1886/4049 
f 3788/1980/4135 3786/1978/4133 3946/2212/4383 3945/2211/4382 
f 3945/2211/4382 3946/2212/4383 3698/1882/4045 3700/1884/4047 
f 3786/1978/4133 3784/1976/4131 3947/2213/4384 3946/2212/4383 
f 3946/2212/4383 3947/2213/4384 3696/1880/4043 3698/1882/4045 
f 3784/1976/4131 3782/1974/4129 3948/2214/4385 3947/2213/4384 
f 3947/2213/4384 3948/2214/4385 3694/1878/4041 3696/1880/4043 
f 3782/1974/4129 3780/1972/4127 3949/2215/4386 3948/2214/4385 
f 3948/2214/4385 3949/2215/4386 3692/1876/4039 3694/1878/4041 
f 3780/1972/4127 3778/1970/4125 3950/2216/4387 3949/2215/4386 
f 3949/2215/4386 3950/2216/4387 3690/1874/4037 3692/1876/4039 
f 3778/1970/4125 3776/1966/4123 3951/2217/4388 3950/2216/4387 
f 3950/2216/4387 3951/2217/4388 3688/1870/4035 3690/1874/4037 
f 3776/1966/4123 3774/1969/4121 3952/2218/4389 3951/2217/4388 
f 3951/2217/4388 3952/2218/4389 3686/1871/4033 3688/1870/4035 
f 3774/1964/4121 3772/1962/4119 3953/2219/4390 3952/2220/4389 
f 3952/2220/4389 3953/2219/4390 3684/1866/4031 3686/1868/4033 
f 3772/1962/4119 3770/1960/4117 3954/2221/4391 3953/2219/4390 
f 3953/2219/4390 3954/2221/4391 3682/1864/4029 3684/1866/4031 
f 3770/1960/4117 3768/1958/4115 3955/2222/4392 3954/2221/4391 
f 3954/2221/4391 3955/2222/4392 3680/1862/4027 3682/1864/4029 
f 3768/1958/4115 3766/1956/4113 3956/2223/4393 3955/2222/4392 
f 3955/2222/4392 3956/2223/4393 3678/1860/4025 3680/1862/4027 
f 3766/1956/4113 3764/1954/4111 3957/2224/4394 3956/2223/4393 
f 3956/2223/4393 3957/2224/4394 3676/1858/4023 3678/1860/4025 
f 3764/1954/4111 3762/1952/4109 3958/2225/4395 3957/2224/4394 
f 3957/2224/4394 3958/2225/4395 3674/1856/4021 3676/1858/4023 
f 3762/1952/4109 3760/1950/4107 3959/2226/4396 3958/2225/4395 
f 3958/2225/4395 3959/2226/4396 3672/1854/4019 3674/1856/4021 
f 3760/1950/4107 3758/1948/4105 3960/2227/4397 3959/2226/4396 
f 3959/2226/4396 3960/2227/4397 3670/1852/4017 3672/1854/4019 
f 3758/1948/4105 3756/1946/4103 3961/2228/4398 3960/2227/4397 
f 3960/2227/4397 3961/2228/4398 3668/1848/4015 3670/1852/4017 
f 3756/1946/4103 3754/1942/4101 3962/2229/4399 3961/2228/4398 
f 3961/2228/4398 3962/2229/4399 3666/1849/4013 3668/1848/4015 
f 3754/2230/4101 3752/1940/4099 3963/2231/4400 3962/2232/4399 
f 3962/2232/4399 3963/2231/4400 3664/1844/4011 3666/1846/4013 
f 3752/1940/4099 3750/1938/4097 3964/2233/4401 3963/2231/4400 
f 3963/2231/4400 3964/2233/4401 3662/1842/4009 3664/1844/4011 
f 3750/1938/4097 3748/1936/4095 3965/2234/4402 3964/2233/4401 
f 3964/2233/4401 3965/2234/4402 3660/1840/4007 3662/1842/4009 
f 3748/1936/4095 3746/1934/4093 3966/2235/4403 3965/2234/4402 
f 3965/2234/4402 3966/2235/4403 3658/1838/4005 3660/1840/4007 
f 3746/1934/4093 3744/1932/4091 3967/2236/4404 3966/2235/4403 
f 3966/2235/4403 3967/2236/4404 3656/1836/4003 3658/1838/4005 
f 3744/1932/4091 3742/1930/4089 3968/2237/4405 3967/2236/4404 
f 3967/2236/4404 3968/2237/4405 3654/1834/4001 3656/1836/4003 
f 3742/1930/4089 3740/1928/4087 3969/2238/4406 3968/2237/4405 
f 3968/2237/4405 3969/2238/4406 3652/1832/3999 3654/1834/4001 
f 3740/1928/4087 3738/1926/4085 3970/2239/4407 3969/2238/4406 
f 3969/2238/4406 3970/2239/4407 3650/1830/3997 3652/1832/3999 
f 3738/1926/4085 3736/1924/4083 3971/2240/4408 3970/2239/4407 
f 3970/2239/4407 3971/2240/4408 3648/1828/3995 3650/1830/3997 
f 3736/1924/4083 3734/1922/4081 3972/2241/4409 3971/2240/4408 
f 3971/2240/4408 3972/2241/4409 3646/1826/3993 3648/1828/3995 
f 3734/1922/4081 3732/1918/4079 3973/2242/4410 3972/2241/4409 
f 3972/2241/4409 3973/2242/4410 3644/1824/3991 3646/1826/3993 
f 3732/1918/4079 3730/1921/4077 3974/2243/4411 3973/2242/4410 
f 3973/2242/4410 3974/2243/4411 3642/1820/3989 3644/1824/3991 
f 3730/1921/4077 3728/2244/4075 3975/2245/4412 3974/2243/4411 
f 3974/2243/4411 3975/2245/4412 3640/1821/3987 3642/1820/3989 
f 3728/1914/4075 3726/1912/4073 3976/2246/4413 3975/2247/4412 
f 3975/2247/4412 3976/2246/4413 3638/1816/3985 3640/1818/3987 
f 3726/1912/4073 3724/1910/4071 3977/2248/4414 3976/2246/4413 
f 3976/2246/4413 3977/2248/4414 3636/1814/3983 3638/1816/3985 
f 3724/1910/4071 3722/1908/4069 3978/2249/4415 3977/2248/4414 
f 3977/2248/4414 3978/2249/4415 3634/1812/3981 3636/1814/3983 
f 3722/1908/4069 3720/1906/4067 3979/2250/4416 3978/2249/4415 
f 3978/2249/4415 3979/2250/4416 3632/1810/3979 3634/1812/3981 
f 3720/1906/4067 3716/1902/4063 3980/2251/4417 3979/2250/4416 
f 3979/2250/4416 3980/2251/4417 3630/1808/3977 3632/1810/3979 
f 3716/1902/4063 3719/1905/4066 3981/2252/4418 3980/2251/4417 
f 3980/2251/4417 3981/2252/4418 3262/1408/3609 3630/1808/3977 
f 3719/1905/4066 3712/1898/4059 3938/2203/4375 3981/2252/4418 
f 3981/2252/4418 3938/2203/4375 3263/1409/3610 3262/1408/3609 
f 3456/1618/3803 3625/1803/3972 3982/2253/4419 3983/2254/4420 
f 3983/2254/4420 3982/2253/4419 3356/1510/3703 3451/1613/3798 
f 3625/1803/3972 3461/1623/3808 3984/2255/4421 3982/2253/4419 
f 3982/2253/4419 3984/2255/4421 3357/1511/3704 3356/1510/3703 
f 3461/1623/3808 3460/1622/3807 3985/2256/4422 3984/2255/4421 
f 3984/2255/4421 3985/2256/4422 3464/1628/3811 3357/1511/3704 
f 3460/1627/3807 3463/1626/3810 3986/2257/4423 3985/2258/4422 
f 3985/2258/4422 3986/2257/4423 3468/1633/3815 3464/1632/3811 
f 3463/1626/3810 3467/1631/3814 3987/2259/4424 3986/2257/4423 
f 3986/2257/4423 3987/2259/4424 3472/1638/3819 3468/1633/3815 
f 3467/1631/3814 3471/1637/3818 3988/2260/4425 3987/2259/4424 
f 3987/2259/4424 3988/2260/4425 3476/1642/3823 3472/1638/3819 
f 3471/1637/3818 3475/1641/3822 3989/2261/4426 3988/2260/4425 
f 3988/2260/4425 3989/2261/4426 3480/1646/3827 3476/1642/3823 
f 3475/1641/3822 3479/1645/3826 3990/2262/4427 3989/2261/4426 
f 3989/2261/4426 3990/2262/4427 3484/1650/3831 3480/1646/3827 
f 3479/1645/3826 3483/1649/3830 3991/2263/4428 3990/2262/4427 
f 3990/2262/4427 3991/2263/4428 3488/1654/3835 3484/1650/3831 
f 3483/1649/3830 3487/1653/3834 3992/2264/4429 3991/2263/4428 
f 3991/2263/4428 3992/2264/4429 3492/1658/3839 3488/1654/3835 
f 3487/1653/3834 3491/1657/3838 3993/2265/4430 3992/2264/4429 
f 3992/2264/4429 3993/2265/4430 3496/1662/3843 3492/1658/3839 
f 3491/1657/3838 3495/1661/3842 3994/2266/4431 3993/2265/4430 
f 3993/2265/4430 3994/2266/4431 3500/1666/3847 3496/1662/3843 
f 3495/1661/3842 3499/1665/3846 3995/2267/4432 3994/2266/4431 
f 3994/2266/4431 3995/2267/4432 3504/1670/3851 3500/1666/3847 
f 3499/1665/3846 3503/1669/3850 3996/2268/4433 3995/2267/4432 
f 3995/2267/4432 3996/2268/4433 3508/1674/3855 3504/1670/3851 
f 3503/1669/3850 3507/1673/3854 3997/2269/4434 3996/2268/4433 
f 3996/2268/4433 3997/2269/4434 3512/1680/3859 3508/1674/3855 
f 3507/1679/3854 3511/1678/4435 3998/2270/4436 3997/2271/4434 
f 3997/2271/4434 3998/2270/4436 3516/1685/3862 3512/1684/3859 
f 3511/1678/4435 3515/1683/4437 3999/2272/4438 3998/2270/4436 
f 3998/2270/4436 3999/2272/4438 3520/1690/3867 3516/1685/3862 
f 3515/1683/4437 3519/1689/4439 4000/2273/4440 3999/2272/4438 
f 3999/2272/4438 4000/2273/4440 3524/1694/3871 3520/1690/3867 
f 3519/1689/4439 3523/1693/3870 4001/2274/4441 4000/2273/4440 
f 4000/2273/4440 4001/2274/4441 3528/1698/3875 3524/1694/3871 
f 3523/1693/3870 3527/1697/3874 4002/2275/4442 4001/2274/4441 
f 4001/2274/4441 4002/2275/4442 3532/1702/3879 3528/1698/3875 
f 3527/1697/3874 3531/1701/3878 4003/2276/4443 4002/2275/4442 
f 4002/2275/4442 4003/2276/4443 3536/1706/3883 3532/1702/3879 
f 3531/1701/3878 3535/1705/3882 4004/2277/4444 4003/2276/4443 
f 4003/2276/4443 4004/2277/4444 3540/1710/3887 3536/1706/3883 
f 3535/1705/3882 3539/1709/3886 4005/2278/4445 4004/2277/4444 
f 4004/2277/4444 4005/2278/4445 3544/1714/3891 3540/1710/3887 
f 3539/1709/3886 3543/1713/3890 4006/2279/4446 4005/2278/4445 
f 4005/2278/4445 4006/2279/4446 3548/1718/3895 3544/1714/3891 
f 3543/1713/3890 3547/1717/3894 4007/2280/4447 4006/2279/4446 
f 4006/2279/4446 4007/2280/4447 3552/1724/3899 3548/1718/3895 
f 3547/1717/3894 3551/2281/3898 4008/2282/4448 4007/2280/4447 
f 4007/2280/4447 4008/2282/4448 3556/1728/3903 3552/1724/3899 
f 3551/1722/3898 3555/1727/3902 4009/2283/4449 4008/2284/4448 
f 4008/2284/4448 4009/2283/4449 3560/1733/3907 3556/1732/3903 
f 3555/1727/3902 3559/1731/3906 4010/2285/4450 4009/2283/4449 
f 4009/2283/4449 4010/2285/4450 3564/1738/3911 3560/1733/3907 
f 3559/1731/3906 3563/1737/3910 4011/2286/4451 4010/2285/4450 
f 4010/2285/4450 4011/2286/4451 3568/1742/3915 3564/1738/3911 
f 3563/1737/3910 3567/1741/3914 4012/2287/4452 4011/2286/4451 
f 4011/2286/4451 4012/2287/4452 3572/1746/3919 3568/1742/3915 
f 3567/1741/3914 3571/1745/3918 4013/2288/4453 4012/2287/4452 
f 4012/2287/4452 4013/2288/4453 3576/1750/3923 3572/1746/3919 
f 3571/1745/3918 3575/1749/3922 4014/2289/4454 4013/2288/4453 
f 4013/2288/4453 4014/2289/4454 3580/1754/3927 3576/1750/3923 
f 3575/1749/3922 3579/1753/3926 4015/2290/4455 4014/2289/4454 
f 4014/2289/4454 4015/2290/4455 3584/1758/3931 3580/1754/3927 
f 3579/1753/3926 3583/1757/3930 4016/2291/4456 4015/2290/4455 
f 4015/2290/4455 4016/2291/4456 3588/1762/3935 3584/1758/3931 
f 3583/1757/3930 3587/1761/3934 4017/2292/4457 4016/2291/4456 
f 4016/2291/4456 4017/2292/4457 3592/1766/3939 3588/1762/3935 
f 3587/1761/3934 3591/1765/3938 4018/2293/4458 4017/2292/4457 
f 4017/2292/4457 4018/2293/4458 3596/1770/3943 3592/1766/3939 
f 3591/1765/3938 3595/1769/3942 4019/2294/4459 4018/2293/4458 
f 4018/2293/4458 4019/2294/4459 3600/1774/3947 3596/1770/3943 
f 3595/2295/3942 3599/1779/3946 4020/2296/4460 4019/2297/4459 
f 4019/2297/4459 4020/2296/4460 3604/1781/3951 3600/1780/3947 
f 3599/1779/3946 3603/1778/3950 4021/2298/4461 4020/2296/4460 
f 4020/2296/4460 4021/2298/4461 3608/1786/3955 3604/1781/3951 
f 3603/1778/3950 3607/1785/3954 4022/2299/4462 4021/2298/4461 
f 4021/2298/4461 4022/2299/4462 3612/1790/3959 3608/1786/3955 
f 3607/1785/3954 3611/1789/3958 4023/2300/4463 4022/2299/4462 
f 4022/2299/4462 4023/2300/4463 3616/1794/3963 3612/1790/3959 
f 3611/1789/3958 3615/1793/3962 4024/2301/4464 4023/2300/4463 
f 4023/2300/4463 4024/2301/4464 3620/1798/3967 3616/1794/3963 
f 3615/1793/3962 3619/1797/3966 4025/2302/4465 4024/2301/4464 
f 4024/2301/4464 4025/2302/4465 3622/1800/3969 3620/1798/3967 
f 3619/1797/3966 3457/1619/3804 4026/2303/4466 4025/2302/4465 
f 4025/2302/4465 4026/2303/4466 3450/1612/3797 3622/1800/3969 
f 3457/1619/3804 3456/1618/3803 3983/2254/4420 4026/2303/4466 
f 4026/2303/4466 3983/2254/4420 3451/1613/3798 3450/1612/3797 
f 3455/1617/3802 3454/1616/3801 4027/2304/4467 4028/2305/4468 
f 4028/2306/4469 4027/2307/4470 3265/1411/4471 3264/1410/4472 
f 3454/1616/3801 3618/1796/3965 4029/2308/4473 4027/2304/4467 
f 4027/2307/4470 4029/2309/4474 3631/1809/4475 3265/1411/4471 
f 3618/1796/3965 3614/1792/3961 4030/2310/4476 4029/2308/4473 
f 4029/2309/4474 4030/2311/4476 3633/1811/4477 3631/1809/4475 
f 3614/1792/3961 3610/1788/3957 4031/2312/4478 4030/2310/4476 
f 4030/2311/4476 4031/2313/4478 3635/1813/4479 3633/1811/4477 
f 3610/1788/3957 3606/1784/3953 4032/2314/4480 4031/2312/4478 
f 4031/2313/4478 4032/2315/4480 3637/1815/4481 3635/1813/4479 
f 3606/1784/3953 3602/1777/3949 4033/2316/4482 4032/2314/4480 
f 4032/2315/4480 4033/2317/4482 3639/1817/4483 3637/1815/4481 
f 3602/1777/3949 3598/1776/3945 4034/2318/4484 4033/2316/4482 
f 4033/2317/4482 4034/2319/4484 3641/1819/4485 3639/1817/4483 
f 3598/1772/3945 3594/1768/3941 4035/2320/4486 4034/2321/4484 
f 4034/2322/4484 4035/2323/4486 3643/1823/4487 3641/1822/4485 
f 3594/1768/3941 3590/1764/3937 4036/2324/4488 4035/2320/4486 
f 4035/2323/4486 4036/2325/4489 3645/1825/4490 3643/1823/4487 
f 3590/1764/3937 3586/1760/3933 4037/2326/4491 4036/2324/4488 
f 4036/2325/4489 4037/2327/4492 3647/1827/4493 3645/1825/4490 
f 3586/1760/3933 3582/1756/3929 4038/2328/4494 4037/2326/4491 
f 4037/2327/4492 4038/2329/4495 3649/1829/4496 3647/1827/4493 
f 3582/1756/3929 3578/1752/3925 4039/2330/4497 4038/2328/4494 
f 4038/2329/4495 4039/2331/4498 3651/1831/4499 3649/1829/4496 
f 3578/1752/3925 3574/1748/3921 4040/2332/4500 4039/2330/4497 
f 4039/2331/4498 4040/2333/4501 3653/1833/4502 3651/1831/4499 
f 3574/1748/3921 3570/1744/3917 4041/2334/4503 4040/2332/4500 
f 4040/2333/4501 4041/2335/4504 3655/1835/4505 3653/1833/4502 
f 3570/1744/3917 3566/1740/3913 4042/2336/4506 4041/2334/4503 
f 4041/2335/4504 4042/2337/4507 3657/1837/4004 3655/1835/4505 
f 3566/1740/3913 3562/1736/3909 4043/2338/4508 4042/2336/4506 
f 4042/2337/4507 4043/2339/4509 3659/1839/4006 3657/1837/4004 
f 3562/1736/3909 3558/1730/3905 4044/2340/4510 4043/2338/4508 
f 4043/2339/4509 4044/2341/4511 3661/1841/4008 3659/1839/4006 
f 3558/1730/3905 3554/1726/3901 4045/2342/4512 4044/2340/4510 
f 4044/2341/4511 4045/2343/4513 3663/1843/4010 3661/1841/4008 
f 3554/1726/3901 3550/1721/3897 4046/2344/4514 4045/2342/4512 
f 4045/2343/4513 4046/2345/4515 3665/1845/4012 3663/1843/4010 
f 3550/1721/3897 3546/1720/4516 4047/2346/4517 4046/2344/4514 
f 4046/2345/4515 4047/2347/4518 3667/1847/4014 3665/1845/4012 
f 3546/1716/4516 3542/1712/4519 4048/2348/4520 4047/2349/4517 
f 4047/2350/4518 4048/2351/4521 3669/1851/4016 3667/1850/4014 
f 3542/1712/4519 3538/1708/4522 4049/2352/4523 4048/2348/4520 
f 4048/2351/4521 4049/2353/4524 3671/1853/4018 3669/1851/4016 
f 3538/1708/4522 3534/1704/4525 4050/2354/4526 4049/2352/4523 
f 4049/2353/4524 4050/2355/4527 3673/1855/4020 3671/1853/4018 
f 3534/1704/4525 3530/1700/4528 4051/2356/4529 4050/2354/4526 
f 4050/2355/4527 4051/2357/4530 3675/1857/4022 3673/1855/4020 
f 3530/1700/4528 3526/1696/4531 4052/2358/4532 4051/2356/4529 
f 4051/2357/4530 4052/2359/4533 3677/1859/4024 3675/1857/4022 
f 3526/1696/4531 3522/1692/4534 4053/2360/4535 4052/2358/4532 
f 4052/2359/4533 4053/2361/4535 3679/1861/4026 3677/1859/4024 
f 3522/1692/4534 3518/1688/4536 4054/2362/4537 4053/2360/4535 
f 4053/2361/4535 4054/2363/4537 3681/1863/4028 3679/1861/4026 
f 3518/1688/4536 3514/1682/4538 4055/2364/4539 4054/2362/4537 
f 4054/2363/4537 4055/2365/4539 3683/1865/4030 3681/1863/4028 
f 3514/1682/4538 3510/1677/4540 4056/2366/4541 4055/2364/4539 
f 4055/2365/4539 4056/2367/4541 3685/1867/4032 3683/1865/4030 
f 3510/2368/4540 3506/1672/4542 4057/2369/4543 4056/2370/4541 
f 4056/2367/4541 4057/2371/4543 3687/1869/4034 3685/1867/4032 
f 3506/1672/4542 3502/1668/4544 4058/2372/4545 4057/2369/4543 
f 4057/2373/4543 4058/2374/4545 3689/1873/4036 3687/1872/4034 
f 3502/1668/4544 3498/1664/4546 4059/2375/4547 4058/2372/4545 
f 4058/2374/4545 4059/2376/4548 3691/1875/4038 3689/1873/4036 
f 3498/1664/4546 3494/1660/4549 4060/2377/4550 4059/2375/4547 
f 4059/2376/4548 4060/2378/4551 3693/1877/4040 3691/1875/4038 
f 3494/1660/4549 3490/1656/4552 4061/2379/4553 4060/2377/4550 
f 4060/2378/4551 4061/2380/4554 3695/1879/4042 3693/1877/4040 
f 3490/1656/4552 3486/1652/4555 4062/2381/4556 4061/2379/4553 
f 4061/2380/4554 4062/2382/4557 3697/1881/4044 3695/1879/4042 
f 3486/1652/4555 3482/1648/4558 4063/2383/4559 4062/2381/4556 
f 4062/2382/4557 4063/2384/4560 3699/1883/4046 3697/1881/4044 
f 3482/1648/4558 3478/1644/3825 4064/2385/4561 4063/2383/4559 
f 4063/2384/4560 4064/2386/4562 3701/1885/4048 3699/1883/4046 
f 3478/1644/3825 3474/1640/3821 4065/2387/4563 4064/2385/4561 
f 4064/2386/4562 4065/2388/4564 3703/1887/4050 3701/1885/4048 
f 3474/1640/3821 3470/1636/3817 4066/2389/4565 4065/2387/4563 
f 4065/2388/4564 4066/2390/4566 3705/1889/4052 3703/1887/4050 
f 3470/1636/3817 3466/1630/3813 4067/2391/4567 4066/2389/4565 
f 4066/2390/4566 4067/2392/4568 3707/1891/4054 3705/1889/4052 
f 3466/1630/3813 3462/1625/3809 4068/2393/4569 4067/2391/4567 
f 4067/2392/4568 4068/2394/4570 3709/1893/4056 3707/1891/4054 
f 3462/1625/3809 3459/1624/3806 4069/2395/4571 4068/2393/4569 
f 4068/2394/4570 4069/2396/4572 3628/1895/4573 3709/1893/4056 
f 3459/1624/3806 3458/2397/3805 4070/2398/4574 4069/2395/4571 
f 4069/2399/4572 4070/2400/4575 3629/1807/4576 3628/1806/4573 
f 3458/1620/3805 3624/1802/3971 4071/2401/4577 4070/2402/4574 
f 4070/2400/4575 4071/2403/4578 3711/1897/4579 3629/1807/4576 
f 3624/1802/3971 3455/1617/3802 4028/2305/4468 4071/2401/4577 
f 4071/2403/4578 4028/2306/4469 3264/1410/4472 3711/1897/4579 
f 3263/1409/3610 3710/1896/4057 3711/1897/4058 3264/1410/3611 
f 4072/2404/4580 4073/2405/4580 4074/2406/4581 4075/2407/4581 
f 4075/2407/4581 4074/2406/4581 4076/2408/4582 4077/2409/4582 
f 4077/2409/4582 4076/2408/4582 4078/2410/4583 4079/2411/4583 
f 4079/2411/4583 4078/2410/4583 4080/2412/4584 4081/2413/4584 
f 4081/2413/4584 4080/2412/4584 4082/2414/4585 4083/2415/4585 
f 4083/2415/4585 4082/2414/4585 4084/2416/4586 4085/2417/4586 
f 4085/2417/4586 4084/2416/4586 4086/2418/4587 4087/2419/4587 
f 4087/2419/4587 4086/2418/4587 4088/2420/4588 4089/2421/4588 
f 4089/2421/4588 4088/2420/4588 4090/2422/4589 4091/2423/4589 
f 4091/2424/4589 4090/2425/4589 4092/2426/4590 4093/2427/4590 
f 4093/2427/4590 4092/2426/4590 4094/2428/4591 4095/2429/4591 
f 4095/2429/4591 4094/2428/4591 4096/2430/4592 4097/2431/4592 
f 4097/2431/4592 4096/2430/4592 4098/2432/4593 4099/2433/4593 
f 4099/2433/4593 4098/2432/4593 4100/2434/4594 4101/2435/4594 
f 4101/2435/4594 4100/2434/4594 4102/2436/4595 4103/2437/4595 
f 4103/2437/4595 4102/2436/4595 4104/2438/4596 4105/2439/4596 
f 4105/2439/4596 4104/2438/4596 4106/2440/4597 4107/2441/4597 
f 4107/2442/4597 4106/2443/4597 4108/2444/4598 4109/2445/4598 
f 4109/2445/4598 4108/2444/4598 4110/2446/4599 4111/2447/4599 
f 4111/2447/4599 4110/2446/4599 4112/2448/4600 4113/2449/4600 
f 4113/2449/4600 4112/2448/4600 4114/2450/4601 4115/2451/4601 
f 4115/2451/4601 4114/2450/4601 4116/2452/4602 4117/2453/4602 
f 4117/2453/4602 4116/2452/4602 4118/2454/4603 4119/2455/4603 
f 4119/2455/4603 4118/2454/4603 4120/2456/4604 4121/2457/4604 
f 4121/2457/4604 4120/2456/4604 4122/2458/4605 4123/2459/4605 
f 4123/2459/4605 4122/2458/4605 4124/2460/4606 4125/2461/4606 
f 4125/2461/4606 4124/2460/4606 4126/2462/4607 4127/2463/4607 
f 4127/2464/4607 4126/2465/4607 4128/2466/4608 4129/2467/4608 
f 4129/2467/4608 4128/2466/4608 4130/2468/4609 4131/2469/4609 
f 4131/2469/4609 4130/2468/4609 4132/2470/4610 4133/2471/4610 
f 4133/2471/4610 4132/2470/4610 4134/2472/4611 4135/2473/4611 
f 4135/2473/4611 4134/2472/4611 4136/2474/4612 4137/2475/4612 
f 4137/2475/4612 4136/2474/4612 4138/2476/4613 4139/2477/4613 
f 4074/2478/4614 4073/2479/4614 4140/2480/4614 4138/2481/4614 
f 4074/2478/4614 4138/2481/4614 4136/2482/4614 4134/2483/4614 
f 4074/2478/4614 4134/2483/4614 4132/2484/4614 4130/2485/4614 
f 4074/2478/4614 4130/2485/4614 4128/2486/4614 4126/2487/4614 
f 4074/2478/4614 4126/2487/4614 4124/2488/4614 4122/2489/4614 
f 4074/2478/4614 4122/2489/4614 4120/2490/4614 4118/2491/4614 
f 4074/2478/4614 4118/2491/4614 4116/2492/4614 4114/2493/4614 
f 4074/2478/4614 4114/2493/4614 4112/2494/4614 4110/2495/4614 
f 4074/2478/4614 4110/2495/4614 4108/2496/4614 4106/2440/4614 
f 4074/2478/4614 4106/2440/4614 4104/2438/4614 4102/2436/4614 
f 4074/2478/4614 4102/2436/4614 4100/2434/4614 4098/2432/4614 
f 4074/2478/4614 4098/2432/4614 4096/2430/4614 4094/2428/4614 
f 4074/2478/4614 4094/2428/4614 4092/2426/4614 4090/2425/4614 
f 4074/2478/4614 4090/2425/4614 4088/2497/4614 4086/2498/4614 
f 4074/2478/4614 4086/2498/4614 4084/2499/4614 4082/2500/4614 
f 4074/2478/4614 4082/2500/4614 4080/2501/4614 4078/2502/4614 
f 4074/2478/4614 4078/2502/4614 4076/2503/4614 
f 4139/2477/4613 4138/2476/4613 4140/2504/4615 4141/2505/4615 
f 4141/2506/4615 4140/2507/4615 4073/2405/4580 4072/2404/4580 
f 4079/2508/4616 4081/2509/4616 4142/2510/4616 4143/2511/4616 
f 4144/2512/4606 4145/2513/4607 4146/2514/4607 4147/2515/4606 
f 4097/2516/4616 4099/2517/4616 4148/2518/4616 4149/2519/4616 
f 4115/2520/4616 4117/2521/4616 4150/2522/4616 4151/2523/4616 
f 4133/2471/4616 4135/2473/4616 4152/2524/4616 4153/2525/4616 
f 4089/2526/4616 4091/2527/4616 4154/2528/4616 4155/2529/4616 
f 4107/2530/4616 4109/2531/4616 4156/2532/4616 4157/2533/4616 
f 4125/2534/4616 4127/2464/4616 4145/2535/4616 4144/2536/4616 
f 4081/2509/4616 4083/2537/4616 4158/2538/4616 4142/2510/4616 
f 4099/2517/4616 4101/2539/4616 4159/2540/4616 4148/2518/4616 
f 4117/2521/4616 4119/2541/4616 4160/2542/4616 4150/2522/4616 
f 4072/2543/4616 4075/2544/4616 4161/2545/4616 4162/2546/4616 
f 4135/2473/4616 4137/2475/4616 4163/2547/4616 4152/2524/4616 
f 4091/2527/4616 4093/2548/4616 4164/2549/4616 4154/2528/4616 
f 4109/2531/4616 4111/2550/4616 4165/2551/4616 4156/2532/4616 
f 4127/2464/4616 4129/2467/4616 4166/2552/4616 4145/2535/4616 
f 4083/2537/4616 4085/2553/4616 4167/2554/4616 4158/2538/4616 
f 4101/2539/4616 4103/2555/4616 4168/2556/4616 4159/2540/4616 
f 4119/2541/4616 4121/2557/4616 4169/2558/4616 4160/2542/4616 
f 4137/2475/4616 4139/2477/4616 4170/2559/4616 4163/2547/4616 
f 4075/2544/4616 4077/2560/4616 4171/2561/4616 4161/2545/4616 
f 4093/2548/4616 4095/2562/4616 4172/2563/4616 4164/2549/4616 
f 4111/2550/4616 4113/2564/4616 4173/2565/4616 4165/2551/4616 
f 4129/2467/4616 4131/2469/4616 4174/2566/4616 4166/2552/4616 
f 4085/2553/4616 4087/2567/4616 4175/2568/4616 4167/2554/4616 
f 4103/2555/4616 4105/2569/4616 4176/2570/4616 4168/2556/4616 
f 4121/2557/4616 4123/2571/4616 4177/2572/4616 4169/2558/4616 
f 4139/2477/4616 4141/2505/4616 4178/2573/4616 4170/2559/4616 
f 4077/2560/4616 4079/2508/4616 4143/2511/4616 4171/2561/4616 
f 4095/2562/4616 4097/2516/4616 4149/2519/4616 4172/2563/4616 
f 4113/2564/4616 4115/2520/4616 4151/2523/4616 4173/2565/4616 
f 4131/2469/4616 4133/2471/4616 4153/2525/4616 4174/2566/4616 
f 4087/2567/4616 4089/2526/4616 4155/2529/4616 4175/2568/4616 
f 4105/2569/4616 4107/2530/4616 4157/2533/4616 4176/2570/4616 
f 4123/2571/4616 4125/2534/4616 4144/2536/4616 4177/2572/4616 
f 4141/2505/4616 4072/2543/4616 4162/2546/4616 4178/2573/4616 
f 4179/2574/4616 4180/2575/4616 4181/2576/4616 4182/2577/4616 
f 4179/2574/4616 4182/2577/4616 4183/2578/4616 4184/2579/4616 
f 4179/2574/4616 4184/2579/4616 4185/2580/4616 4186/2581/4616 
f 4179/2574/4616 4186/2581/4616 4187/2582/4616 4188/2583/4616 
f 4179/2574/4616 4188/2583/4616 4189/2584/4616 4190/2585/4616 
f 4179/2574/4616 4190/2585/4616 4191/2586/4616 4192/2587/4616 
f 4179/2574/4616 4192/2587/4616 4193/2588/4616 4194/2589/4616 
f 4179/2574/4616 4194/2589/4616 4195/2590/4616 4196/2591/4616 
f 4179/2574/4616 4196/2591/4616 4197/2592/4616 4198/2593/4616 
f 4179/2574/4616 4198/2593/4616 4199/2594/4616 4200/2595/4616 
f 4179/2574/4616 4200/2595/4616 4201/2596/4616 4202/2523/4616 
f 4179/2574/4616 4202/2523/4616 4203/2597/4616 4204/2598/4616 
f 4179/2574/4616 4204/2598/4616 4147/2599/4616 4146/2600/4616 
f 4179/2574/4616 4146/2600/4616 4205/2601/4616 4206/2602/4616 
f 4179/2574/4616 4206/2602/4616 4207/2603/4616 4208/2604/4616 
f 4179/2574/4616 4208/2604/4616 4209/2605/4616 4210/2606/4616 
f 4179/2574/4616 4210/2606/4616 4211/2607/4616 
f 4148/2608/4593 4159/2609/4594 4193/2610/4594 4192/2611/4593 
f 4162/2612/4580 4161/2613/4581 4180/2614/4581 4179/2615/4580 
f 4145/2535/4607 4166/2552/4608 4205/2601/4608 4146/2600/4607 
f 4159/2609/4594 4168/2616/4595 4194/2617/4595 4193/2610/4594 
f 4161/2613/4581 4171/2618/4582 4181/2619/4582 4180/2614/4581 
f 4166/2552/4608 4174/2566/4609 4206/2602/4609 4205/2601/4608 
f 4168/2616/4595 4176/2620/4596 4195/2621/4596 4194/2617/4595 
f 4171/2618/4582 4143/2622/4617 4182/2623/4617 4181/2619/4582 
f 4174/2566/4609 4153/2525/4610 4207/2603/4610 4206/2602/4609 
f 4176/2620/4596 4157/2624/4597 4196/2625/4597 4195/2621/4596 
f 4143/2622/4617 4142/2626/4584 4183/2627/4584 4182/2623/4617 
f 4153/2525/4610 4152/2524/4611 4208/2604/4611 4207/2603/4610 
f 4157/2628/4597 4156/2629/4598 4197/2630/4598 4196/2631/4597 
f 4142/2626/4584 4158/2632/4585 4184/2633/4585 4183/2627/4584 
f 4152/2524/4611 4163/2547/4612 4209/2605/4612 4208/2604/4611 
f 4156/2629/4598 4165/2634/4599 4198/2635/4599 4197/2630/4598 
f 4158/2632/4585 4167/2636/4586 4185/2637/4586 4184/2633/4585 
f 4163/2547/4612 4170/2559/4613 4210/2606/4613 4209/2605/4612 
f 4165/2634/4599 4173/2638/4600 4199/2639/4600 4198/2635/4599 
f 4167/2636/4586 4175/2640/4587 4186/2641/4587 4185/2637/4586 
f 4170/2559/4613 4178/2573/4615 4211/2607/4615 4210/2606/4613 
f 4173/2638/4600 4151/2642/4601 4200/2643/4601 4199/2639/4600 
f 4175/2640/4587 4155/2644/4588 4187/2645/4588 4186/2641/4587 
f 4178/2646/4615 4162/2612/4580 4179/2615/4580 4211/2647/4615 
f 4151/2642/4601 4150/2648/4602 4201/2649/4602 4200/2643/4601 
f 4155/2644/4588 4154/2650/4589 4188/2651/4589 4187/2645/4588 
f 4150/2648/4602 4160/2652/4603 4202/2653/4603 4201/2649/4602 
f 4154/2654/4589 4164/2655/4590 4189/2656/4590 4188/2657/4589 
f 4160/2652/4603 4169/2658/4604 4203/2659/4604 4202/2653/4603 
f 4164/2655/4590 4172/2660/4618 4190/2661/4618 4189/2656/4590 
f 4169/2658/4604 4177/2662/4605 4204/2663/4605 4203/2659/4604 
f 4172/2660/4618 4149/2664/4592 4191/2665/4592 4190/2661/4618 
f 4177/2662/4605 4144/2512/4606 4147/2515/4606 4204/2663/4605 
f 4149/2664/4592 4148/2608/4593 4192/2611/4593 4191/2665/4592 
f 4212/2666/4619 4212/2666/4619 4213/2667/4619 4214/2668/4620 
f 4212/2666/4619 4214/2668/4620 4215/2669/4621 4216/2670/4622 
f 4212/2666/4619 4216/2670/4622 4217/2671/4623 4218/2672/4619 
f 4212/2666/4619 4218/2672/4619 4219/2673/4619 4219/2673/4619 
f 4220/2674/4624 4221/2675/4625 4222/2676/4626 4223/2677/4627 
f 4224/2678/4628 4225/2679/4629 4226/2680/4630 4227/2681/4631 
f 4228/2682/4632 4229/2683/4633 4230/2684/4634 4212/2685/4635 
f 4228/2682/4632 4212/2685/4635 4212/2685/4636 
f 4231/2686/4637 4232/2687/4638 4216/2670/4622 4215/2669/4621 
f 4233/2688/4639 4234/2689/4640 4235/2690/4641 4236/2691/4642 
f 4230/2684/4634 4229/2683/4633 4237/2692/4643 4238/2693/4644 
f 4219/2694/4645 4219/2694/4646 4225/2679/4629 4224/2678/4628 
f 4219/2694/4645 4224/2678/4628 4239/2695/4647 
f 4240/2696/4648 4241/2697/4649 4242/2698/4650 4243/2699/4651 
f 4244/2700/4652 4245/2701/4653 4246/2702/4654 4247/2703/4655 
f 4223/2677/4627 4222/2676/4626 4248/2704/4656 4249/2705/4657 
f 4250/2706/4658 4251/2707/4659 4252/2708/4660 4253/2709/4661 
f 4254/2710/4662 4255/2711/4663 4256/2712/4664 4257/2713/4665 
f 4249/2705/4657 4248/2704/4656 4255/2711/4663 4254/2710/4662 
f 4257/2713/4665 4256/2712/4664 4243/2699/4651 4242/2698/4650 
f 4258/2714/4666 4259/2715/4667 4260/2716/4668 4261/2717/4669 
f 4262/2718/4670 4263/2719/4671 4264/2720/4672 4265/2721/4673 
f 4265/2721/4673 4264/2720/4672 4259/2715/4667 4258/2714/4666 
f 4238/2693/4644 4237/2692/4643 4263/2719/4671 4262/2718/4670 
f 4266/2722/4674 4267/2723/4675 4268/2724/4676 4269/2725/4677 
f 4270/2726/4678 4271/2727/4679 4267/2723/4675 4266/2722/4674 
f 4272/2728/4680 4273/2729/4681 4271/2727/4679 4270/2726/4678 
f 4274/2730/4682 4275/2731/4683 4273/2729/4681 4272/2728/4680 
f 4227/2681/4631 4226/2680/4630 4275/2731/4683 4274/2730/4682 
f 4276/2732/4684 4277/2733/4685 4251/2707/4659 4250/2706/4658 
f 4261/2717/4669 4260/2716/4668 4236/2691/4642 4235/2690/4641 
f 4278/2734/4686 4279/2735/4687 4280/2736/4688 4281/2737/4689 
f 4281/2737/4689 4280/2736/4688 4277/2733/4685 4276/2732/4684 
f 4247/2703/4655 4246/2702/4654 4279/2735/4687 4278/2734/4686 
f 4232/2687/4638 4231/2686/4637 4253/2709/4661 4252/2708/4660 
f 4224/2678/4628 4282/2738/4690 4239/2695/4647 
f 4282/2738/4690 4283/2739/4691 4239/2695/4647 
f 4283/2740/4691 4241/2697/4649 4239/2741/4647 
f 4240/2696/4648 4284/2742/4692 4228/2743/4632 
f 4284/2744/4692 4285/2745/4693 4228/2682/4632 
f 4285/2745/4693 4229/2683/4633 4228/2682/4632 
f 4216/2670/4622 4232/2687/4638 4286/2746/4694 4217/2671/4623 
f 4217/2671/4623 4286/2746/4694 4287/2747/4695 4218/2672/4696 
f 4218/2748/4697 4287/2749/4695 4225/2679/4629 4219/2694/4646 
f 4231/2686/4637 4215/2669/4621 4214/2668/4620 4288/2750/4698 
f 4288/2750/4698 4214/2668/4620 4213/2667/4699 4289/2751/4700 
f 4289/2752/4700 4213/2753/4701 4212/2685/4635 4230/2684/4634 
f 4257/2713/4665 4242/2698/4650 4290/2754/4702 4291/2755/4703 
f 4291/2756/4704 4290/2757/4705 4292/2758/4706 4293/2759/4707 
f 4293/2759/4707 4292/2758/4706 4227/2681/4631 4274/2730/4682 
f 4252/2708/4660 4251/2707/4659 4294/2760/4708 4295/2761/4709 
f 4295/2762/4710 4294/2763/4711 4296/2764/4712 4297/2765/4713 
f 4297/2765/4713 4296/2764/4712 4275/2731/4683 4226/2680/4630 
f 4254/2710/4662 4257/2713/4665 4291/2755/4703 4298/2766/4714 
f 4298/2767/4715 4291/2756/4704 4293/2759/4707 4299/2768/4716 
f 4299/2768/4716 4293/2759/4707 4274/2730/4682 4272/2728/4680 
f 4251/2707/4659 4277/2733/4685 4300/2769/4717 4294/2760/4708 
f 4294/2763/4711 4300/2770/4718 4301/2771/4719 4296/2764/4712 
f 4296/2764/4712 4301/2771/4719 4273/2729/4681 4275/2731/4683 
f 4249/2705/4657 4254/2710/4662 4298/2766/4714 4302/2772/4720 
f 4302/2773/4721 4298/2767/4715 4299/2768/4716 4303/2774/4722 
f 4303/2774/4722 4299/2768/4716 4272/2728/4680 4270/2726/4678 
f 4277/2733/4685 4280/2736/4688 4304/2775/4723 4300/2769/4717 
f 4300/2770/4718 4304/2776/4724 4305/2777/4725 4301/2771/4719 
f 4301/2771/4719 4305/2777/4725 4271/2727/4679 4273/2729/4681 
f 4223/2677/4627 4249/2705/4657 4302/2772/4720 4306/2778/4726 
f 4306/2779/4727 4302/2773/4721 4303/2774/4722 4307/2780/4728 
f 4307/2780/4728 4303/2774/4722 4270/2726/4678 4266/2722/4674 
f 4280/2736/4688 4279/2735/4687 4308/2781/4729 4304/2775/4723 
f 4304/2776/4724 4308/2782/4729 4309/2783/4730 4305/2777/4725 
f 4305/2777/4725 4309/2783/4730 4267/2723/4675 4271/2727/4679 
f 4220/2674/4624 4223/2677/4627 4306/2778/4726 4310/2784/4731 
f 4310/2785/4732 4306/2779/4727 4307/2780/4728 4311/2786/4733 
f 4311/2786/4733 4307/2780/4728 4266/2722/4674 4269/2725/4677 
f 4279/2735/4687 4246/2702/4654 4312/2787/4734 4308/2781/4729 
f 4308/2782/4729 4312/2788/4734 4313/2789/4735 4309/2783/4730 
f 4309/2783/4730 4313/2789/4735 4268/2724/4676 4267/2723/4675 
f 4250/2706/4658 4253/2709/4661 4314/2790/4736 4315/2791/4737 
f 4315/2792/4738 4314/2793/4739 4316/2794/4740 4317/2795/4741 
f 4317/2795/4741 4316/2794/4740 4238/2693/4644 4262/2718/4670 
f 4243/2699/4651 4256/2712/4664 4318/2796/4742 4319/2797/4743 
f 4319/2798/4744 4318/2799/4745 4320/2800/4746 4321/2801/4747 
f 4321/2801/4747 4320/2800/4746 4263/2719/4671 4237/2692/4643 
f 4276/2732/4684 4250/2706/4658 4315/2791/4737 4322/2802/4748 
f 4322/2803/4749 4315/2792/4738 4317/2795/4741 4323/2804/4750 
f 4323/2804/4750 4317/2795/4741 4262/2718/4670 4265/2721/4673 
f 4256/2712/4664 4255/2711/4663 4324/2805/4751 4318/2796/4742 
f 4318/2799/4745 4324/2806/4752 4325/2807/4753 4320/2800/4746 
f 4320/2800/4746 4325/2807/4753 4264/2720/4672 4263/2719/4671 
f 4281/2737/4689 4276/2732/4684 4322/2802/4748 4326/2808/4754 
f 4326/2809/4755 4322/2803/4749 4323/2804/4750 4327/2810/4756 
f 4327/2810/4756 4323/2804/4750 4265/2721/4673 4258/2714/4666 
f 4255/2711/4663 4248/2704/4656 4328/2811/4757 4324/2805/4751 
f 4324/2806/4752 4328/2812/4758 4329/2813/4759 4325/2807/4753 
f 4325/2807/4753 4329/2813/4759 4259/2715/4667 4264/2720/4672 
f 4278/2734/4686 4281/2737/4689 4326/2808/4754 4330/2814/4760 
f 4330/2815/4761 4326/2809/4755 4327/2810/4756 4331/2816/4762 
f 4331/2816/4762 4327/2810/4756 4258/2714/4666 4261/2717/4669 
f 4248/2704/4656 4222/2676/4626 4332/2817/4763 4328/2811/4757 
f 4328/2812/4758 4332/2818/4764 4333/2819/4765 4329/2813/4759 
f 4329/2813/4759 4333/2819/4765 4260/2716/4668 4259/2715/4667 
f 4247/2703/4655 4278/2734/4686 4330/2814/4760 4334/2820/4766 
f 4334/2821/4766 4330/2815/4761 4331/2816/4762 4335/2822/4767 
f 4335/2822/4767 4331/2816/4762 4261/2717/4669 4235/2690/4641 
f 4222/2676/4626 4221/2675/4625 4336/2823/4768 4332/2817/4763 
f 4332/2818/4764 4336/2824/4769 4337/2825/4770 4333/2819/4765 
f 4333/2819/4765 4337/2825/4770 4236/2691/4642 4260/2716/4668 
f 4242/2698/4650 4241/2697/4649 4283/2740/4691 4290/2754/4702 
f 4290/2757/4705 4283/2739/4691 4282/2738/4690 4292/2758/4706 
f 4292/2758/4706 4282/2738/4690 4224/2678/4628 4227/2681/4631 
f 4232/2687/4638 4252/2708/4660 4295/2761/4709 4286/2746/4694 
f 4286/2826/4694 4295/2762/4710 4297/2765/4713 4287/2749/4695 
f 4287/2749/4695 4297/2765/4713 4226/2680/4630 4225/2679/4629 
f 4246/2702/4654 4245/2701/4653 4338/2827/4771 4312/2787/4734 
f 4312/2788/4734 4338/2828/4771 4339/2829/4772 4313/2789/4735 
f 4313/2789/4735 4339/2829/4772 4340/2830/4773 4268/2724/4676 
f 4237/2692/4643 4229/2683/4633 4285/2745/4693 4321/2801/4747 
f 4321/2801/4747 4285/2745/4693 4284/2744/4692 4319/2798/4744 
f 4319/2797/4743 4284/2742/4692 4240/2696/4648 4243/2699/4651 
f 4230/2684/4634 4238/2693/4644 4316/2794/4740 4289/2752/4700 
f 4289/2752/4700 4316/2794/4740 4314/2793/4739 4288/2831/4698 
f 4288/2750/4698 4314/2790/4736 4253/2709/4661 4231/2686/4637 
f 4235/2690/4641 4234/2689/4640 4341/2832/4774 4335/2822/4767 
f 4335/2822/4767 4341/2832/4774 4342/2833/4775 4334/2821/4766 
f 4334/2820/4766 4342/2834/4775 4244/2700/4652 4247/2703/4655 
f 4340/2830/4773 4343/2835/4776 4269/2725/4677 4268/2724/4676 
f 4344/2836/4777 4345/2837/4778 4346/2838/4779 4347/2839/4780 
f 4347/2839/4780 4346/2838/4779 4348/2840/4781 4349/2841/4782 
f 4349/2841/4782 4348/2840/4781 4350/2842/4783 4351/2843/4784 
f 4351/2843/4784 4350/2842/4783 4352/2844/4785 4353/2845/4786 
f 4353/2845/4786 4352/2844/4785 4354/2846/4787 4355/2847/4788 
f 4355/2847/4788 4354/2846/4787 4356/2848/4789 4357/2849/4790 
f 4357/2849/4790 4356/2848/4789 4358/2850/4791 4359/2851/4792 
f 4359/2851/4792 4358/2850/4791 4360/2852/4793 4361/2853/4794 
f 4361/2853/4794 4360/2852/4793 4362/2854/4795 4363/2855/4796 
f 4363/2855/4796 4362/2854/4795 4364/2856/4797 4365/2857/4798 
f 4365/2858/4798 4364/2859/4797 4366/2860/4799 4367/2861/4800 
f 4367/2861/4800 4366/2860/4799 4368/2862/4801 4369/2863/4802 
f 4369/2863/4802 4368/2862/4801 4370/2864/4803 4371/2865/4804 
f 4371/2865/4804 4370/2864/4803 4372/2866/4805 4373/2867/4806 
f 4373/2867/4806 4372/2866/4805 4374/2868/4807 4375/2869/4808 
f 4375/2870/4808 4374/2871/4807 4376/2872/4809 4377/2873/4810 
f 4377/2873/4810 4376/2872/4809 4378/2874/4811 4379/2875/4812 
f 4379/2875/4812 4378/2874/4811 4380/2876/4813 4381/2877/4814 
f 4381/2877/4814 4380/2876/4813 4382/2878/4815 4383/2879/4816 
f 4383/2879/4816 4382/2878/4815 4384/2880/4817 4385/2881/4818 
f 4385/2881/4818 4384/2880/4817 4386/2882/4819 4387/2883/4820 
f 4387/2883/4820 4386/2882/4819 4388/2884/4821 4389/2885/4822 
f 4389/2885/4822 4388/2884/4821 4390/2886/4823 4391/2887/4824 
f 4391/2887/4824 4390/2886/4823 4392/2888/4825 4393/2889/4826 
f 4393/2889/4826 4392/2888/4825 4394/2890/4827 4395/2891/4828 
f 4395/2891/4828 4394/2890/4827 4396/2892/4829 4397/2893/4830 
f 4397/2893/4830 4396/2892/4829 4398/2894/4831 4399/2895/4832 
f 4399/2895/4832 4398/2894/4831 4400/2896/4833 4401/2897/4834 
f 4401/2898/4834 4400/2899/4833 4402/2900/4835 4403/2901/4836 
f 4403/2901/4836 4402/2900/4835 4404/2902/4837 4405/2903/4838 
f 4405/2903/4838 4404/2902/4837 4406/2904/4839 4407/2905/4840 
f 4407/2905/4840 4406/2904/4839 4408/2906/4841 4409/2907/4842 
f 4409/2907/4842 4408/2906/4841 4410/2908/4843 4411/2909/4844 
f 4411/2910/4844 4410/2911/4843 4412/2912/4845 4413/2913/4846 
f 4413/2913/4846 4412/2912/4845 4345/2837/4778 4344/2836/4777 
f 4414/2836/4777 4415/2837/4778 4416/2838/4779 4417/2839/4780 
f 4417/2839/4780 4416/2838/4779 4418/2840/4781 4419/2841/4782 
f 4419/2841/4782 4418/2840/4781 4420/2842/4783 4421/2843/4784 
f 4421/2843/4784 4420/2842/4783 4422/2914/4785 4423/2915/4786 
f 4423/2915/4786 4422/2914/4785 4424/2846/4787 4425/2847/4788 
f 4425/2847/4788 4424/2846/4787 4426/2916/4789 4427/2917/4790 
f 4427/2917/4790 4426/2916/4789 4428/2918/4791 4429/2919/4792 
f 4429/2919/4792 4428/2918/4791 4430/2852/4847 4431/2853/4794 
f 4431/2853/4794 4430/2852/4847 4432/2854/4795 4433/2855/4796 
f 4433/2855/4796 4432/2854/4795 4434/2856/4797 4435/2857/4848 
f 4435/2920/4848 4434/2921/4797 4436/2922/4799 4437/2923/4800 
f 4437/2923/4800 4436/2922/4799 4438/2924/4801 4439/2925/4849 
f 4439/2925/4849 4438/2924/4801 4440/2926/4803 4441/2927/4804 
f 4441/2927/4804 4440/2926/4803 4442/2866/4805 4443/2867/4806 
f 4443/2867/4806 4442/2866/4805 4444/2928/4807 4445/2929/4808 
f 4445/2870/4808 4444/2871/4807 4446/2872/4809 4447/2873/4810 
f 4447/2873/4810 4446/2872/4809 4448/2930/4811 4449/2931/4812 
f 4449/2931/4812 4448/2930/4811 4450/2932/4813 4451/2933/4814 
f 4451/2933/4814 4450/2932/4813 4452/2878/4815 4453/2879/4850 
f 4453/2879/4850 4452/2878/4815 4454/2880/4817 4455/2881/4818 
f 4455/2881/4818 4454/2880/4817 4456/2882/4851 4457/2934/4820 
f 4457/2934/4820 4456/2882/4851 4458/2935/4821 4459/2936/4822 
f 4459/2936/4822 4458/2935/4821 4460/2937/4823 4461/2938/4824 
f 4461/2938/4824 4460/2937/4823 4462/2939/4825 4463/2940/4826 
f 4463/2940/4826 4462/2939/4825 4464/2941/4827 4465/2942/4828 
f 4465/2942/4828 4464/2941/4827 4466/2943/4829 4467/2944/4830 
f 4467/2944/4830 4466/2943/4829 4468/2945/4831 4469/2946/4832 
f 4469/2946/4832 4468/2945/4831 4470/2896/4833 4471/2897/4834 
f 4471/2898/4834 4470/2899/4833 4472/2947/4835 4473/2948/4836 
f 4473/2948/4836 4472/2947/4835 4474/2949/4837 4475/2950/4838 
f 4475/2950/4838 4474/2949/4837 4476/2951/4839 4477/2952/4840 
f 4477/2952/4840 4476/2951/4839 4478/2906/4841 4479/2907/4842 
f 4479/2907/4842 4478/2906/4841 4480/2908/4843 4481/2909/4844 
f 4481/2910/4844 4480/2911/4843 4482/2912/4845 4483/2913/4846 
f 4483/2913/4846 4482/2912/4845 4415/2837/4778 4414/2836/4777 
f 4484/2404/4852 4485/2407/4853 4486/2406/4854 4487/2405/4855 
f 4485/2407/4853 4488/2409/4856 4489/2408/4857 4486/2406/4854 
f 4488/2409/4856 4490/2411/4858 4491/2410/4859 4489/2408/4857 
f 4490/2411/4858 4492/2413/4860 4493/2412/4861 4491/2410/4859 
f 4492/2413/4860 4494/2415/4862 4495/2414/4863 4493/2412/4861 
f 4494/2415/4862 4496/2417/4864 4497/2416/4865 4495/2414/4863 
f 4496/2417/4864 4498/2419/4866 4499/2418/4867 4497/2416/4865 
f 4498/2419/4866 4500/2421/4868 4501/2420/4869 4499/2418/4867 
f 4500/2421/4868 4502/2423/4870 4503/2422/4871 4501/2420/4869 
f 4502/2424/4870 4504/2427/4872 4505/2426/4873 4503/2425/4871 
f 4504/2427/4872 4506/2429/4874 4507/2428/4875 4505/2426/4873 
f 4506/2429/4874 4508/2431/4876 4509/2430/4877 4507/2428/4875 
f 4508/2431/4876 4510/2433/4878 4511/2432/4879 4509/2430/4877 
f 4510/2433/4878 4512/2435/4880 4513/2434/4881 4511/2432/4879 
f 4512/2435/4880 4514/2437/4882 4515/2436/4883 4513/2434/4881 
f 4514/2437/4882 4516/2439/4884 4517/2438/4885 4515/2436/4883 
f 4516/2439/4884 4518/2441/4886 4519/2440/4887 4517/2438/4885 
f 4518/2442/4886 4520/2445/4888 4521/2444/4889 4519/2443/4887 
f 4520/2445/4888 4522/2447/4890 4523/2446/4891 4521/2444/4889 
f 4522/2447/4890 4524/2449/4892 4525/2448/4893 4523/2446/4891 
f 4524/2449/4892 4526/2451/4894 4527/2450/4895 4525/2448/4893 
f 4526/2451/4894 4528/2453/4896 4529/2452/4897 4527/2450/4895 
f 4528/2453/4896 4530/2455/4898 4531/2454/4899 4529/2452/4897 
f 4530/2455/4898 4532/2457/4900 4533/2456/4901 4531/2454/4899 
f 4532/2457/4900 4534/2459/4902 4535/2458/4903 4533/2456/4901 
f 4534/2459/4902 4536/2461/4904 4537/2460/4905 4535/2458/4903 
f 4536/2461/4904 4538/2463/4906 4539/2462/4907 4537/2460/4905 
f 4538/2464/4906 4540/2467/4908 4541/2466/4909 4539/2465/4907 
f 4540/2467/4908 4542/2469/4910 4543/2468/4911 4541/2466/4909 
f 4542/2469/4910 4544/2471/4912 4545/2470/4913 4543/2468/4911 
f 4544/2471/4912 4546/2473/4914 4547/2472/4915 4545/2470/4913 
f 4546/2473/4914 4548/2475/4916 4549/2474/4917 4547/2472/4915 
f 4548/2475/4916 4550/2477/4918 4551/2476/4919 4549/2474/4917 
f 4486/2478/4920 4489/2503/4920 4491/2502/4920 4493/2501/4920 
f 4486/2478/4920 4493/2501/4920 4495/2500/4920 4497/2499/4920 
f 4486/2478/4920 4497/2499/4920 4499/2498/4920 4501/2497/4920 
f 4486/2478/4920 4501/2497/4920 4503/2425/4920 4505/2426/4920 
f 4486/2478/4920 4505/2426/4920 4507/2428/4920 4509/2430/4920 
f 4486/2478/4920 4509/2430/4920 4511/2432/4920 4513/2434/4920 
f 4486/2478/4920 4513/2434/4920 4515/2436/4920 4517/2438/4920 
f 4486/2478/4920 4517/2438/4920 4519/2440/4920 4521/2496/4920 
f 4486/2478/4920 4521/2496/4920 4523/2495/4920 4525/2494/4920 
f 4486/2478/4920 4525/2494/4920 4527/2493/4920 4529/2492/4920 
f 4486/2478/4920 4529/2492/4920 4531/2491/4920 4533/2490/4920 
f 4486/2478/4920 4533/2490/4920 4535/2489/4920 4537/2488/4920 
f 4486/2478/4920 4537/2488/4920 4539/2487/4920 4541/2486/4920 
f 4486/2478/4920 4541/2486/4920 4543/2485/4920 4545/2484/4920 
f 4486/2478/4920 4545/2484/4920 4547/2483/4920 4549/2482/4920 
f 4486/2478/4920 4549/2482/4920 4551/2481/4920 4552/2480/4920 
f 4486/2478/4920 4552/2480/4920 4487/2479/4920 
f 4550/2477/4918 4553/2505/4921 4552/2504/4922 4551/2476/4919 
f 4553/2506/4921 4484/2404/4852 4487/2405/4855 4552/2507/4922 
f 4490/2508/4923 4554/2511/4923 4555/2510/4923 4492/2509/4923 
f 4556/2512/4905 4557/2515/4904 4558/2514/4906 4559/2513/4907 
f 4508/2516/4923 4560/2519/4923 4561/2518/4923 4510/2517/4923 
f 4526/2520/4923 4562/2523/4923 4563/2522/4923 4528/2521/4923 
f 4544/2471/4923 4564/2525/4923 4565/2524/4923 4546/2473/4923 
f 4500/2526/4923 4566/2529/4923 4567/2528/4923 4502/2527/4923 
f 4518/2530/4923 4568/2533/4923 4569/2532/4923 4520/2531/4923 
f 4536/2534/4923 4556/2536/4923 4559/2535/4923 4538/2464/4923 
f 4492/2509/4923 4555/2510/4923 4570/2538/4923 4494/2537/4923 
f 4510/2517/4923 4561/2518/4923 4571/2540/4923 4512/2539/4923 
f 4528/2521/4923 4563/2522/4923 4572/2542/4923 4530/2541/4923 
f 4484/2543/4923 4573/2546/4923 4574/2545/4923 4485/2544/4923 
f 4546/2473/4923 4565/2524/4923 4575/2547/4923 4548/2475/4923 
f 4502/2527/4923 4567/2528/4923 4576/2549/4923 4504/2548/4923 
f 4520/2531/4923 4569/2532/4923 4577/2551/4923 4522/2550/4923 
f 4538/2464/4923 4559/2535/4923 4578/2552/4923 4540/2467/4923 
f 4494/2537/4923 4570/2538/4923 4579/2554/4923 4496/2553/4923 
f 4512/2539/4923 4571/2540/4923 4580/2556/4923 4514/2555/4923 
f 4530/2541/4923 4572/2542/4923 4581/2558/4923 4532/2557/4923 
f 4548/2475/4923 4575/2547/4923 4582/2559/4923 4550/2477/4923 
f 4485/2544/4923 4574/2545/4923 4583/2561/4923 4488/2560/4923 
f 4504/2548/4923 4576/2549/4923 4584/2563/4923 4506/2562/4923 
f 4522/2550/4923 4577/2551/4923 4585/2565/4923 4524/2564/4923 
f 4540/2467/4923 4578/2552/4923 4586/2566/4923 4542/2469/4923 
f 4496/2553/4923 4579/2554/4923 4587/2568/4923 4498/2567/4923 
f 4514/2555/4923 4580/2556/4923 4588/2570/4923 4516/2569/4923 
f 4532/2557/4923 4581/2558/4923 4589/2572/4923 4534/2571/4923 
f 4550/2477/4923 4582/2559/4923 4590/2573/4923 4553/2505/4923 
f 4488/2560/4923 4583/2561/4923 4554/2511/4923 4490/2508/4923 
f 4506/2562/4923 4584/2563/4923 4560/2519/4923 4508/2516/4923 
f 4524/2564/4923 4585/2565/4923 4562/2523/4923 4526/2520/4923 
f 4542/2469/4923 4586/2566/4923 4564/2525/4923 4544/2471/4923 
f 4498/2567/4923 4587/2568/4923 4566/2529/4923 4500/2526/4923 
f 4516/2569/4923 4588/2570/4923 4568/2533/4923 4518/2530/4923 
f 4534/2571/4923 4589/2572/4923 4556/2536/4923 4536/2534/4923 
f 4553/2505/4923 4590/2573/4923 4573/2546/4923 4484/2543/4923 
f 4591/2574/4923 4592/2607/4923 4593/2606/4923 4594/2605/4923 
f 4591/2574/4923 4594/2605/4923 4595/2604/4923 4596/2603/4923 
f 4591/2574/4923 4596/2603/4923 4597/2602/4923 4598/2601/4923 
f 4591/2574/4923 4598/2601/4923 4558/2600/4923 4557/2599/4923 
f 4591/2574/4923 4557/2599/4923 4599/2598/4923 4600/2597/4923 
f 4591/2574/4923 4600/2597/4923 4601/2523/4923 4602/2596/4923 
f 4591/2574/4923 4602/2596/4923 4603/2595/4923 4604/2594/4923 
f 4591/2574/4923 4604/2594/4923 4605/2593/4923 4606/2592/4923 
f 4591/2574/4923 4606/2592/4923 4607/2591/4923 4608/2590/4923 
f 4591/2574/4923 4608/2590/4923 4609/2589/4923 4610/2588/4923 
f 4591/2574/4923 4610/2588/4923 4611/2587/4923 4612/2586/4923 
f 4591/2574/4923 4612/2586/4923 4613/2585/4923 4614/2584/4923 
f 4591/2574/4923 4614/2584/4923 4615/2583/4923 4616/2582/4923 
f 4591/2574/4923 4616/2582/4923 4617/2581/4923 4618/2580/4923 
f 4591/2574/4923 4618/2580/4923 4619/2579/4923 4620/2578/4923 
f 4591/2574/4923 4620/2578/4923 4621/2577/4923 4622/2576/4923 
f 4591/2574/4923 4622/2576/4923 4623/2575/4923 
f 4561/2608/4924 4611/2611/4878 4610/2610/4880 4571/2609/4881 
f 4573/2612/4855 4591/2615/4852 4623/2614/4853 4574/2613/4854 
f 4559/2535/4907 4558/2600/4906 4598/2601/4908 4578/2552/4909 
f 4571/2609/4881 4610/2610/4880 4609/2617/4882 4580/2616/4883 
f 4574/2613/4854 4623/2614/4853 4622/2619/4856 4583/2618/4857 
f 4578/2552/4909 4598/2601/4908 4597/2602/4910 4586/2566/4911 
f 4580/2616/4883 4609/2617/4882 4608/2621/4884 4588/2620/4885 
f 4583/2618/4857 4622/2619/4856 4621/2623/4858 4554/2622/4859 
f 4586/2566/4911 4597/2602/4910 4596/2603/4912 4564/2525/4913 
f 4588/2620/4885 4608/2621/4884 4607/2625/4886 4568/2624/4887 
f 4554/2622/4859 4621/2623/4858 4620/2627/4860 4555/2626/4861 
f 4564/2525/4913 4596/2603/4912 4595/2604/4914 4565/2524/4915 
f 4568/2628/4887 4607/2631/4886 4606/2630/4888 4569/2629/4889 
f 4555/2626/4861 4620/2627/4860 4619/2633/4862 4570/2632/4863 
f 4565/2524/4915 4595/2604/4914 4594/2605/4916 4575/2547/4917 
f 4569/2629/4889 4606/2630/4888 4605/2635/4890 4577/2634/4891 
f 4570/2632/4863 4619/2633/4862 4618/2637/4864 4579/2636/4865 
f 4575/2547/4917 4594/2605/4916 4593/2606/4918 4582/2559/4919 
f 4577/2634/4891 4605/2635/4890 4604/2639/4892 4585/2638/4893 
f 4579/2636/4865 4618/2637/4864 4617/2641/4866 4587/2640/4867 
f 4582/2559/4919 4593/2606/4918 4592/2607/4921 4590/2573/4922 
f 4585/2638/4893 4604/2639/4892 4603/2643/4894 4562/2642/4895 
f 4587/2640/4867 4617/2641/4866 4616/2645/4868 4566/2644/4869 
f 4590/2646/4922 4592/2647/4921 4591/2615/4852 4573/2612/4855 
f 4562/2642/4895 4603/2643/4894 4602/2649/4896 4563/2648/4897 
f 4566/2644/4869 4616/2645/4868 4615/2651/4870 4567/2650/4871 
f 4563/2648/4897 4602/2649/4896 4601/2653/4898 4572/2652/4899 
f 4567/2654/4871 4615/2657/4870 4614/2656/4872 4576/2655/4873 
f 4572/2652/4899 4601/2653/4898 4600/2659/4900 4581/2658/4901 
f 4576/2655/4873 4614/2656/4872 4613/2661/4874 4584/2660/4875 
f 4581/2658/4901 4600/2659/4900 4599/2663/4902 4589/2662/4903 
f 4584/2660/4875 4613/2661/4874 4612/2665/4876 4560/2664/4877 
f 4589/2662/4903 4599/2663/4902 4557/2515/4904 4556/2512/4905 
f 4560/2664/4877 4612/2665/4876 4611/2611/4878 4561/2608/4924 
f 4624/2666/4925 4625/2673/4925 4625/2673/4925 4626/2672/4925 
f 4624/2666/4925 4626/2672/4925 4627/2671/4925 4628/2670/4925 
f 4624/2666/4925 4628/2670/4925 4629/2669/4925 4630/2668/4925 
f 4624/2666/4925 4630/2668/4925 4631/2667/4925 4624/2666/4925 
f 4632/2674/4926 4633/2677/4927 4634/2676/4928 4635/2675/4929 
f 4636/2678/4930 4637/2681/4931 4638/2680/4932 4639/2679/4933 
f 4640/2682/4934 4624/2685/4935 4624/2685/4936 4641/2684/4937 
f 4640/2682/4934 4641/2684/4937 4642/2683/4938 
f 4643/2686/4939 4629/2669/4940 4628/2670/4941 4644/2687/4942 
f 4645/2688/4943 4646/2691/4944 4647/2690/4945 4648/2689/4946 
f 4641/2684/4937 4649/2693/4947 4650/2692/4948 4642/2683/4938 
f 4625/2694/4949 4651/2695/4950 4636/2678/4930 4639/2679/4933 
f 4625/2694/4949 4639/2679/4933 4625/2694/4951 
f 4652/2696/4952 4653/2699/4953 4654/2698/4954 4655/2697/4955 
f 4656/2700/4956 4657/2703/4957 4658/2702/4958 4659/2701/4959 
f 4633/2677/4927 4660/2705/4960 4661/2704/4961 4634/2676/4928 
f 4662/2706/4962 4663/2709/4963 4664/2708/4964 4665/2707/4965 
f 4666/2710/4966 4667/2713/4967 4668/2712/4968 4669/2711/4969 
f 4660/2705/4960 4666/2710/4966 4669/2711/4969 4661/2704/4961 
f 4667/2713/4967 4654/2698/4954 4653/2699/4953 4668/2712/4968 
f 4670/2714/4970 4671/2717/4971 4672/2716/4972 4673/2715/4973 
f 4674/2718/4974 4675/2721/4975 4676/2720/4976 4677/2719/4977 
f 4675/2721/4975 4670/2714/4970 4673/2715/4973 4676/2720/4976 
f 4649/2693/4947 4674/2718/4974 4677/2719/4977 4650/2692/4948 
f 4678/2722/4978 4679/2725/4979 4680/2724/4980 4681/2723/4981 
f 4682/2726/4982 4678/2722/4978 4681/2723/4981 4683/2727/4983 
f 4684/2728/4984 4682/2726/4982 4683/2727/4983 4685/2729/4985 
f 4686/2730/4986 4684/2728/4984 4685/2729/4985 4687/2731/4987 
f 4637/2681/4931 4686/2730/4986 4687/2731/4987 4638/2680/4932 
f 4688/2732/4988 4662/2706/4962 4665/2707/4965 4689/2733/4989 
f 4671/2717/4971 4647/2690/4945 4646/2691/4944 4672/2716/4972 
f 4690/2734/4990 4691/2737/4991 4692/2736/4992 4693/2735/4993 
f 4691/2737/4991 4688/2732/4988 4689/2733/4989 4692/2736/4992 
f 4657/2703/4957 4690/2734/4990 4693/2735/4993 4658/2702/4958 
f 4644/2687/4994 4664/2708/4964 4663/2709/4963 4643/2686/4995 
f 4636/2678/4930 4651/2695/4950 4694/2738/4996 
f 4694/2738/4997 4651/2695/4997 4695/2739/4997 
f 4695/2740/4998 4651/2741/4999 4655/2697/4955 
f 4652/2696/4952 4640/2743/4934 4696/2742/5000 
f 4696/2744/5000 4640/2682/4934 4697/2745/5001 
f 4697/2745/5001 4640/2682/4934 4642/2683/4938 
f 4628/2670/4941 4627/2671/5002 4698/2746/5003 4644/2687/4942 
f 4627/2671/5002 4626/2672/5004 4699/2747/5005 4698/2746/5003 
f 4626/2748/5004 4625/2694/4951 4639/2679/4933 4699/2749/5005 
f 4643/2686/4939 4700/2750/5006 4630/2668/5006 4629/2669/4940 
f 4700/2750/5007 4701/2751/5007 4631/2667/5007 4630/2668/5007 
f 4701/2752/5008 4641/2684/4937 4624/2685/4936 4631/2753/5009 
f 4667/2713/4967 4702/2755/5010 4703/2754/5011 4654/2698/4954 
f 4702/2756/5012 4704/2759/5013 4705/2758/5014 4703/2757/5015 
f 4704/2759/5016 4686/2730/4986 4637/2681/4931 4705/2758/5017 
f 4664/2708/4964 4706/2761/5018 4707/2760/5019 4665/2707/4965 
f 4706/2762/5018 4708/2765/5020 4709/2764/5021 4707/2763/5019 
f 4708/2765/5020 4638/2680/4932 4687/2731/4987 4709/2764/5021 
f 4666/2710/4966 4710/2766/5022 4702/2755/5010 4667/2713/4967 
f 4710/2767/5023 4711/2768/5024 4704/2759/5013 4702/2756/5012 
f 4711/2768/5025 4684/2728/4984 4686/2730/4986 4704/2759/5016 
f 4665/2707/4965 4707/2760/5019 4712/2769/5026 4689/2733/4989 
f 4707/2763/5019 4709/2764/5021 4713/2771/5027 4712/2770/5026 
f 4709/2764/5021 4687/2731/4987 4685/2729/4985 4713/2771/5027 
f 4660/2705/4960 4714/2772/5028 4710/2766/5022 4666/2710/4966 
f 4714/2773/5029 4715/2774/5030 4711/2768/5024 4710/2767/5023 
f 4715/2774/5031 4682/2726/4982 4684/2728/4984 4711/2768/5025 
f 4689/2733/4989 4712/2769/5026 4716/2775/5032 4692/2736/4992 
f 4712/2770/5026 4713/2771/5027 4717/2777/5033 4716/2776/5032 
f 4713/2771/5027 4685/2729/4985 4683/2727/4983 4717/2777/5033 
f 4633/2677/4927 4718/2778/5034 4714/2772/5028 4660/2705/4960 
f 4718/2779/5035 4719/2780/5036 4715/2774/5030 4714/2773/5029 
f 4719/2780/5037 4678/2722/4978 4682/2726/4982 4715/2774/5031 
f 4692/2736/4992 4716/2775/5032 4720/2781/5038 4693/2735/4993 
f 4716/2776/5032 4717/2777/5033 4721/2783/5039 4720/2782/5038 
f 4717/2777/5033 4683/2727/4983 4681/2723/4981 4721/2783/5039 
f 4632/2674/4926 4722/2784/5040 4718/2778/5034 4633/2677/4927 
f 4722/2785/5041 4723/2786/5041 4719/2780/5036 4718/2779/5035 
f 4723/2786/5042 4679/2725/4979 4678/2722/4978 4719/2780/5037 
f 4693/2735/4993 4720/2781/5038 4724/2787/5043 4658/2702/4958 
f 4720/2782/5038 4721/2783/5039 4725/2789/5044 4724/2788/5043 
f 4721/2783/5039 4681/2723/4981 4680/2724/4980 4725/2789/5044 
f 4662/2706/4962 4726/2791/5045 4727/2790/5046 4663/2709/4963 
f 4726/2792/5047 4728/2795/5048 4729/2794/5049 4727/2793/5050 
f 4728/2795/5051 4674/2718/4974 4649/2693/4947 4729/2794/5052 
f 4653/2699/4953 4730/2797/5053 4731/2796/5054 4668/2712/4968 
f 4730/2798/5053 4732/2801/5055 4733/2800/5056 4731/2799/5054 
f 4732/2801/5055 4650/2692/4948 4677/2719/4977 4733/2800/5056 
f 4688/2732/4988 4734/2802/5057 4726/2791/5045 4662/2706/4962 
f 4734/2803/5058 4735/2804/5059 4728/2795/5048 4726/2792/5047 
f 4735/2804/5060 4675/2721/4975 4674/2718/4974 4728/2795/5051 
f 4668/2712/4968 4731/2796/5054 4736/2805/5061 4669/2711/4969 
f 4731/2799/5054 4733/2800/5056 4737/2807/5062 4736/2806/5061 
f 4733/2800/5056 4677/2719/4977 4676/2720/4976 4737/2807/5062 
f 4691/2737/4991 4738/2808/5063 4734/2802/5057 4688/2732/4988 
f 4738/2809/5064 4739/2810/5065 4735/2804/5059 4734/2803/5058 
f 4739/2810/5066 4670/2714/4970 4675/2721/4975 4735/2804/5060 
f 4669/2711/4969 4736/2805/5061 4740/2811/5067 4661/2704/4961 
f 4736/2806/5061 4737/2807/5062 4741/2813/5068 4740/2812/5067 
f 4737/2807/5062 4676/2720/4976 4673/2715/4973 4741/2813/5068 
f 4690/2734/4990 4742/2814/5069 4738/2808/5063 4691/2737/4991 
f 4742/2815/5070 4743/2816/5071 4739/2810/5065 4738/2809/5064 
f 4743/2816/5072 4671/2717/4971 4670/2714/4970 4739/2810/5066 
f 4661/2704/4961 4740/2811/5067 4744/2817/5073 4634/2676/4928 
f 4740/2812/5067 4741/2813/5068 4745/2819/5074 4744/2818/5073 
f 4741/2813/5068 4673/2715/4973 4672/2716/4972 4745/2819/5074 
f 4657/2703/4957 4746/2820/5075 4742/2814/5069 4690/2734/4990 
f 4746/2821/5076 4747/2822/5077 4743/2816/5071 4742/2815/5070 
f 4747/2822/5078 4647/2690/4945 4671/2717/4971 4743/2816/5072 
f 4634/2676/4928 4744/2817/5073 4748/2823/5079 4635/2675/4929 
f 4744/2818/5073 4745/2819/5074 4749/2825/5080 4748/2824/5079 
f 4745/2819/5074 4672/2716/4972 4646/2691/4944 4749/2825/5080 
f 4654/2698/4954 4703/2754/5011 4695/2740/4998 4655/2697/4955 
f 4703/2757/5015 4705/2758/5014 4694/2738/5081 4695/2739/5081 
f 4705/2758/5017 4637/2681/4931 4636/2678/4930 4694/2738/4996 
f 4644/2687/4994 4698/2746/5003 4706/2761/5018 4664/2708/4964 
f 4698/2826/5003 4699/2749/5005 4708/2765/5020 4706/2762/5018 
f 4699/2749/5005 4639/2679/4933 4638/2680/4932 4708/2765/5020 
f 4658/2702/4958 4724/2787/5043 4750/2827/5082 4659/2701/4959 
f 4724/2788/5043 4725/2789/5044 4751/2829/5083 4750/2828/5082 
f 4725/2789/5044 4680/2724/4980 4752/2830/5084 4751/2829/5083 
f 4650/2692/4948 4732/2801/5055 4697/2745/5001 4642/2683/4938 
f 4732/2801/5055 4730/2798/5053 4696/2744/5000 4697/2745/5001 
f 4730/2797/5053 4653/2699/4953 4652/2696/4952 4696/2742/5000 
f 4641/2684/4937 4701/2752/5008 4729/2794/5052 4649/2693/4947 
f 4701/2752/5085 4700/2831/5085 4727/2793/5050 4729/2794/5049 
f 4700/2750/5086 4643/2686/4995 4663/2709/4963 4727/2790/5046 
f 4647/2690/4945 4747/2822/5078 4753/2832/5087 4648/2689/4946 
f 4747/2822/5077 4746/2821/5076 4754/2833/5088 4753/2832/5088 
f 4746/2820/5075 4657/2703/4957 4656/2700/4956 4754/2834/5089 
f 4752/2830/5084 4680/2724/4980 4679/2725/4979 4755/2835/5090 
f 4756/2836/5091 4757/2839/5092 4758/2838/5093 4759/2837/5094 
f 4757/2839/5092 4760/2841/5095 4761/2840/5096 4758/2838/5093 
f 4760/2841/5095 4762/2843/5097 4763/2842/5098 4761/2840/5096 
f 4762/2843/5097 4764/2845/5099 4765/2844/5100 4763/2842/5098 
f 4764/2845/5099 4766/2847/5101 4767/2846/5102 4765/2844/5100 
f 4766/2847/5101 4768/2849/5103 4769/2848/5104 4767/2846/5102 
f 4768/2849/5103 4770/2851/5105 4771/2850/5106 4769/2848/5104 
f 4770/2851/5105 4772/2853/5107 4773/2852/5108 4771/2850/5106 
f 4772/2853/5107 4774/2855/5109 4775/2854/5110 4773/2852/5108 
f 4774/2855/5109 4776/2857/5111 4777/2856/5112 4775/2854/5110 
f 4776/2858/5111 4778/2861/5113 4779/2860/5114 4777/2859/5112 
f 4778/2861/5113 4780/2863/5115 4781/2862/5116 4779/2860/5114 
f 4780/2863/5115 4782/2865/5117 4783/2864/5118 4781/2862/5116 
f 4782/2865/5117 4784/2867/5119 4785/2866/5120 4783/2864/5118 
f 4784/2867/5119 4786/2869/5121 4787/2868/5122 4785/2866/5120 
f 4786/2870/5121 4788/2873/5123 4789/2872/5124 4787/2871/5122 
f 4788/2873/5123 4790/2875/5125 4791/2874/5126 4789/2872/5124 
f 4790/2875/5125 4792/2877/5127 4793/2876/5128 4791/2874/5126 
f 4792/2877/5127 4794/2879/5129 4795/2878/5130 4793/2876/5128 
f 4794/2879/5129 4796/2881/5131 4797/2880/5132 4795/2878/5130 
f 4796/2881/5131 4798/2883/5133 4799/2882/5134 4797/2880/5132 
f 4798/2883/5133 4800/2885/5135 4801/2884/5136 4799/2882/5134 
f 4800/2885/5135 4802/2887/5137 4803/2886/5138 4801/2884/5136 
f 4802/2887/5137 4804/2889/5139 4805/2888/5140 4803/2886/5138 
f 4804/2889/5139 4806/2891/5141 4807/2890/5142 4805/2888/5140 
f 4806/2891/5141 4808/2893/5143 4809/2892/5144 4807/2890/5142 
f 4808/2893/5143 4810/2895/5145 4811/2894/5146 4809/2892/5144 
f 4810/2895/5145 4812/2897/5147 4813/2896/5148 4811/2894/5146 
f 4812/2898/5147 4814/2901/5149 4815/2900/5150 4813/2899/5148 
f 4814/2901/5149 4816/2903/5151 4817/2902/5152 4815/2900/5150 
f 4816/2903/5151 4818/2905/5153 4819/2904/5154 4817/2902/5152 
f 4818/2905/5153 4820/2907/5155 4821/2906/5156 4819/2904/5154 
f 4820/2907/5155 4822/2909/5157 4823/2908/5158 4821/2906/5156 
f 4822/2910/5157 4824/2913/5159 4825/2912/5160 4823/2911/5158 
f 4824/2913/5159 4756/2836/5091 4759/2837/5094 4825/2912/5160 
f 4826/2836/5091 4827/2839/5092 4828/2838/5161 4829/2837/5094 
f 4827/2839/5092 4830/2841/5095 4831/2840/5096 4828/2838/5161 
f 4830/2841/5095 4832/2843/5162 4833/2842/5098 4831/2840/5096 
f 4832/2843/5162 4834/2915/5099 4835/2914/5163 4833/2842/5098 
f 4834/2915/5099 4836/2847/5164 4837/2846/5102 4835/2914/5163 
f 4836/2847/5164 4838/2917/5103 4839/2916/5165 4837/2846/5102 
f 4838/2917/5103 4840/2919/5105 4841/2918/5106 4839/2916/5165 
f 4840/2919/5105 4842/2853/5107 4843/2852/5108 4841/2918/5106 
f 4842/2853/5107 4844/2855/5109 4845/2854/5110 4843/2852/5108 
f 4844/2855/5109 4846/2857/5111 4847/2856/5112 4845/2854/5110 
f 4846/2920/5111 4848/2923/5113 4849/2922/5114 4847/2921/5112 
f 4848/2923/5113 4850/2925/5166 4851/2924/5116 4849/2922/5114 
f 4850/2925/5166 4852/2927/5117 4853/2926/5118 4851/2924/5116 
f 4852/2927/5117 4854/2867/5119 4855/2866/5120 4853/2926/5118 
f 4854/2867/5119 4856/2929/5121 4857/2928/5122 4855/2866/5120 
f 4856/2870/5121 4858/2873/5123 4859/2872/5124 4857/2871/5122 
f 4858/2873/5123 4860/2931/5125 4861/2930/5126 4859/2872/5124 
f 4860/2931/5125 4862/2933/5127 4863/2932/5167 4861/2930/5126 
f 4862/2933/5127 4864/2879/5129 4865/2878/5130 4863/2932/5167 
f 4864/2879/5129 4866/2881/5168 4867/2880/5132 4865/2878/5130 
f 4866/2881/5168 4868/2934/5169 4869/2882/5134 4867/2880/5132 
f 4868/2934/5169 4870/2936/5135 4871/2935/5136 4869/2882/5134 
f 4870/2936/5135 4872/2938/5137 4873/2937/5138 4871/2935/5136 
f 4872/2938/5137 4874/2940/5139 4875/2939/5140 4873/2937/5138 
f 4874/2940/5139 4876/2942/5141 4877/2941/5142 4875/2939/5140 
f 4876/2942/5141 4878/2944/5143 4879/2943/5144 4877/2941/5142 
f 4878/2944/5143 4880/2946/5170 4881/2945/5171 4879/2943/5144 
f 4880/2946/5170 4882/2897/5172 4883/2896/5173 4881/2945/5171 
f 4882/2898/5172 4884/2948/5149 4885/2947/5174 4883/2899/5173 
f 4884/2948/5149 4886/2950/5175 4887/2949/5152 4885/2947/5174 
f 4886/2950/5175 4888/2952/5153 4889/2951/5154 4887/2949/5152 
f 4888/2952/5153 4890/2907/5155 4891/2906/5156 4889/2951/5154 
f 4890/2907/5155 4892/2909/5157 4893/2908/5158 4891/2906/5156 
f 4892/2910/5157 4894/2913/5159 4895/2912/5160 4893/2911/5158 
f 4894/2913/5159 4826/2836/5091 4829/2837/5094 4895/2912/5160 
f 4896/2404/5176 4897/2407/5177 4898/2406/5178 4899/2405/5176 
f 4897/2407/5177 4900/2409/5179 4901/2408/5180 4898/2406/5178 
f 4900/2409/5179 4902/2411/5181 4903/2410/5182 4901/2408/5180 
f 4902/2411/5181 4904/2413/5183 4905/2412/5184 4903/2410/5182 
f 4904/2413/5183 4906/2415/5185 4907/2414/5186 4905/2412/5184 
f 4906/2415/5185 4908/2417/5187 4909/2416/5188 4907/2414/5186 
f 4908/2417/5187 4910/2419/5189 4911/2418/5190 4909/2416/5188 
f 4910/2419/5189 4912/2421/5191 4913/2420/5192 4911/2418/5190 
f 4912/2421/5191 4914/2423/5193 4915/2422/5194 4913/2420/5192 
f 4914/2424/5193 4916/2427/5195 4917/2426/5196 4915/2425/5194 
f 4916/2427/5195 4918/2429/5197 4919/2428/5198 4917/2426/5196 
f 4918/2429/5197 4920/2431/5199 4921/2430/5200 4919/2428/5198 
f 4920/2431/5199 4922/2433/5201 4923/2432/5202 4921/2430/5200 
f 4922/2433/5201 4924/2435/5203 4925/2434/5204 4923/2432/5202 
f 4924/2435/5203 4926/2437/5205 4927/2436/5206 4925/2434/5204 
f 4926/2437/5205 4928/2439/5207 4929/2438/5208 4927/2436/5206 
f 4928/2439/5207 4930/2441/5209 4931/2440/5210 4929/2438/5208 
f 4930/2442/5209 4932/2445/5211 4933/2444/5212 4931/2443/5210 
f 4932/2445/5211 4934/2447/5213 4935/2446/5214 4933/2444/5212 
f 4934/2447/5213 4936/2449/5215 4937/2448/5216 4935/2446/5214 
f 4936/2449/5215 4938/2451/5217 4939/2450/5218 4937/2448/5216 
f 4938/2451/5217 4940/2453/5219 4941/2452/5220 4939/2450/5218 
f 4940/2453/5219 4942/2455/5221 4943/2454/5222 4941/2452/5220 
f 4942/2455/5221 4944/2457/5223 4945/2456/5224 4943/2454/5222 
f 4944/2457/5223 4946/2459/5225 4947/2458/5226 4945/2456/5224 
f 4946/2459/5225 4948/2461/5227 4949/2460/5228 4947/2458/5226 
f 4948/2461/5227 4950/2463/5229 4951/2462/5230 4949/2460/5228 
f 4950/2464/5229 4952/2467/5231 4953/2466/5232 4951/2465/5230 
f 4952/2467/5231 4954/2469/5233 4955/2468/5234 4953/2466/5232 
f 4954/2469/5233 4956/2471/5235 4957/2470/5236 4955/2468/5234 
f 4956/2471/5235 4958/2473/5237 4959/2472/5238 4957/2470/5236 
f 4958/2473/5237 4960/2475/5239 4961/2474/5240 4959/2472/5238 
f 4960/2475/5239 4962/2477/5241 4963/2476/5242 4961/2474/5240 
f 4898/2478/5243 4901/2503/5243 4903/2502/5243 4905/2501/5243 
f 4898/2478/5243 4905/2501/5243 4907/2500/5243 4909/2499/5243 
f 4898/2478/5243 4909/2499/5243 4911/2498/5243 4913/2497/5243 
f 4898/2478/5243 4913/2497/5243 4915/2425/5243 4917/2426/5243 
f 4898/2478/5243 4917/2426/5243 4919/2428/5243 4921/2430/5243 
f 4898/2478/5243 4921/2430/5243 4923/2432/5243 4925/2434/5243 
f 4898/2478/5243 4925/2434/5243 4927/2436/5243 4929/2438/5243 
f 4898/2478/5243 4929/2438/5243 4931/2440/5243 4933/2496/5243 
f 4898/2478/5243 4933/2496/5243 4935/2495/5243 4937/2494/5243 
f 4898/2478/5243 4937/2494/5243 4939/2493/5243 4941/2492/5243 
f 4898/2478/5243 4941/2492/5243 4943/2491/5243 4945/2490/5243 
f 4898/2478/5243 4945/2490/5243 4947/2489/5243 4949/2488/5243 
f 4898/2478/5243 4949/2488/5243 4951/2487/5243 4953/2486/5243 
f 4898/2478/5243 4953/2486/5243 4955/2485/5243 4957/2484/5243 
f 4898/2478/5243 4957/2484/5243 4959/2483/5243 4961/2482/5243 
f 4898/2478/5243 4961/2482/5243 4963/2481/5243 4964/2480/5243 
f 4898/2478/5243 4964/2480/5243 4899/2479/5243 
f 4962/2477/5241 4965/2505/5244 4964/2504/5245 4963/2476/5242 
f 4965/2506/5244 4896/2404/5176 4899/2405/5176 4964/2507/5245 
f 4902/2508/5246 4966/2511/5246 4967/2510/5246 4904/2509/5246 
f 4968/2512/5228 4969/2515/5227 4970/2514/5229 4971/2513/5230 
f 4920/2516/5246 4972/2519/5246 4973/2518/5246 4922/2517/5246 
f 4938/2520/5246 4974/2523/5246 4975/2522/5246 4940/2521/5246 
f 4956/2471/5246 4976/2525/5246 4977/2524/5246 4958/2473/5246 
f 4912/2526/5246 4978/2529/5246 4979/2528/5246 4914/2527/5246 
f 4930/2530/5246 4980/2533/5246 4981/2532/5246 4932/2531/5246 
f 4948/2534/5246 4968/2536/5246 4971/2535/5246 4950/2464/5246 
f 4904/2509/5246 4967/2510/5246 4982/2538/5246 4906/2537/5246 
f 4922/2517/5246 4973/2518/5246 4983/2540/5246 4924/2539/5246 
f 4940/2521/5246 4975/2522/5246 4984/2542/5246 4942/2541/5246 
f 4896/2543/5246 4985/2546/5246 4986/2545/5246 4897/2544/5246 
f 4958/2473/5246 4977/2524/5246 4987/2547/5246 4960/2475/5246 
f 4914/2527/5246 4979/2528/5246 4988/2549/5246 4916/2548/5246 
f 4932/2531/5246 4981/2532/5246 4989/2551/5246 4934/2550/5246 
f 4950/2464/5246 4971/2535/5246 4990/2552/5246 4952/2467/5246 
f 4906/2537/5246 4982/2538/5246 4991/2554/5246 4908/2553/5246 
f 4924/2539/5246 4983/2540/5246 4992/2556/5246 4926/2555/5246 
f 4942/2541/5246 4984/2542/5246 4993/2558/5246 4944/2557/5246 
f 4960/2475/5246 4987/2547/5246 4994/2559/5246 4962/2477/5246 
f 4897/2544/5246 4986/2545/5246 4995/2561/5246 4900/2560/5246 
f 4916/2548/5246 4988/2549/5246 4996/2563/5246 4918/2562/5246 
f 4934/2550/5246 4989/2551/5246 4997/2565/5246 4936/2564/5246 
f 4952/2467/5246 4990/2552/5246 4998/2566/5246 4954/2469/5246 
f 4908/2553/5246 4991/2554/5246 4999/2568/5246 4910/2567/5246 
f 4926/2555/5246 4992/2556/5246 5000/2570/5246 4928/2569/5246 
f 4944/2557/5246 4993/2558/5246 5001/2572/5246 4946/2571/5246 
f 4962/2477/5246 4994/2559/5246 5002/2573/5246 4965/2505/5246 
f 4900/2560/5246 4995/2561/5246 4966/2511/5246 4902/2508/5246 
f 4918/2562/5246 4996/2563/5246 4972/2519/5246 4920/2516/5246 
f 4936/2564/5246 4997/2565/5246 4974/2523/5246 4938/2520/5246 
f 4954/2469/5246 4998/2566/5246 4976/2525/5246 4956/2471/5246 
f 4910/2567/5246 4999/2568/5246 4978/2529/5246 4912/2526/5246 
f 4928/2569/5246 5000/2570/5246 4980/2533/5246 4930/2530/5246 
f 4946/2571/5246 5001/2572/5246 4968/2536/5246 4948/2534/5246 
f 4965/2505/5246 5002/2573/5246 4985/2546/5246 4896/2543/5246 
f 5003/2574/5246 5004/2607/5246 5005/2606/5246 5006/2605/5246 
f 5003/2574/5246 5006/2605/5246 5007/2604/5246 5008/2603/5246 
f 5003/2574/5246 5008/2603/5246 5009/2602/5246 5010/2601/5246 
f 5003/2574/5246 5010/2601/5246 4970/2600/5246 4969/2599/5246 
f 5003/2574/5246 4969/2599/5246 5011/2598/5246 5012/2597/5246 
f 5003/2574/5246 5012/2597/5246 5013/2523/5246 5014/2596/5246 
f 5003/2574/5246 5014/2596/5246 5015/2595/5246 5016/2594/5246 
f 5003/2574/5246 5016/2594/5246 5017/2593/5246 5018/2592/5246 
f 5003/2574/5246 5018/2592/5246 5019/2591/5246 5020/2590/5246 
f 5003/2574/5246 5020/2590/5246 5021/2589/5246 5022/2588/5246 
f 5003/2574/5246 5022/2588/5246 5023/2587/5246 5024/2586/5246 
f 5003/2574/5246 5024/2586/5246 5025/2585/5246 5026/2584/5246 
f 5003/2574/5246 5026/2584/5246 5027/2583/5246 5028/2582/5246 
f 5003/2574/5246 5028/2582/5246 5029/2581/5246 5030/2580/5246 
f 5003/2574/5246 5030/2580/5246 5031/2579/5246 5032/2578/5246 
f 5003/2574/5246 5032/2578/5246 5033/2577/5246 5034/2576/5246 
f 5003/2574/5246 5034/2576/5246 5035/2575/5246 
f 4973/2608/5247 5023/2611/5201 5022/2610/5203 4983/2609/5204 
f 4985/2612/5176 5003/2615/5176 5035/2614/5177 4986/2613/5178 
f 4971/2535/5230 4970/2600/5229 5010/2601/5248 4990/2552/5232 
f 4983/2609/5204 5022/2610/5203 5021/2617/5205 4992/2616/5206 
f 4986/2613/5178 5035/2614/5177 5034/2619/5179 4995/2618/5180 
f 4990/2552/5232 5010/2601/5248 5009/2602/5233 4998/2566/5234 
f 4992/2616/5206 5021/2617/5205 5020/2621/5207 5000/2620/5208 
f 4995/2618/5180 5034/2619/5179 5033/2623/5249 4966/2622/5182 
f 4998/2566/5234 5009/2602/5233 5008/2603/5235 4976/2525/5236 
f 5000/2620/5208 5020/2621/5207 5019/2625/5209 4980/2624/5210 
f 4966/2622/5182 5033/2623/5249 5032/2627/5250 4967/2626/5184 
f 4976/2525/5236 5008/2603/5235 5007/2604/5237 4977/2524/5238 
f 4980/2628/5210 5019/2631/5209 5018/2630/5211 4981/2629/5212 
f 4967/2626/5184 5032/2627/5250 5031/2633/5185 4982/2632/5186 
f 4977/2524/5238 5007/2604/5237 5006/2605/5239 4987/2547/5240 
f 4981/2629/5212 5018/2630/5211 5017/2635/5213 4989/2634/5214 
f 4982/2632/5186 5031/2633/5185 5030/2637/5187 4991/2636/5188 
f 4987/2547/5240 5006/2605/5239 5005/2606/5241 4994/2559/5242 
f 4989/2634/5214 5017/2635/5213 5016/2639/5215 4997/2638/5216 
f 4991/2636/5188 5030/2637/5187 5029/2641/5189 4999/2640/5190 
f 4994/2559/5242 5005/2606/5241 5004/2607/5244 5002/2573/5245 
f 4997/2638/5216 5016/2639/5215 5015/2643/5251 4974/2642/5252 
f 4999/2640/5190 5029/2641/5189 5028/2645/5191 4978/2644/5192 
f 5002/2646/5245 5004/2647/5244 5003/2615/5176 4985/2612/5176 
f 4974/2642/5252 5015/2643/5251 5014/2649/5219 4975/2648/5220 
f 4978/2644/5192 5028/2645/5191 5027/2651/5193 4979/2650/5194 
f 4975/2648/5220 5014/2649/5219 5013/2653/5221 4984/2652/5222 
f 4979/2654/5194 5027/2657/5193 5026/2656/5195 4988/2655/5196 
f 4984/2652/5222 5013/2653/5221 5012/2659/5223 4993/2658/5224 
f 4988/2655/5196 5026/2656/5195 5025/2661/5197 4996/2660/5198 
f 4993/2658/5224 5012/2659/5223 5011/2663/5225 5001/2662/5226 
f 4996/2660/5198 5025/2661/5197 5024/2665/5199 4972/2664/5253 
f 5001/2662/5226 5011/2663/5225 4969/2515/5227 4968/2512/5228 
f 4972/2664/5253 5024/2665/5199 5023/2611/5201 4973/2608/5247 
f 5036/2666/5254 5037/2673/5254 5037/2673/5254 5038/2672/5254 
f 5036/2666/5254 5038/2672/5254 5039/2671/5254 5040/2670/5254 
f 5036/2666/5254 5040/2670/5254 5041/2669/5254 5042/2668/5254 
f 5036/2666/5254 5042/2668/5254 5043/2667/5254 5036/2666/5254 
f 5044/2674/5255 5045/2677/5256 5046/2676/5257 5047/2675/5258 
f 5048/2678/5259 5049/2681/5260 5050/2680/5261 5051/2679/5262 
f 5052/2682/5263 5036/2685/4949 5036/2685/5264 5053/2684/5265 
f 5052/2682/5263 5053/2684/5265 5054/2683/5266 
f 5055/2686/5267 5041/2669/5268 5040/2670/5269 5056/2687/5270 
f 5057/2688/5271 5058/2691/5272 5059/2690/5273 5060/2689/5274 
f 5053/2684/5265 5061/2693/5275 5062/2692/5276 5054/2683/5266 
f 5037/2694/4935 5063/2695/5277 5048/2678/5259 5051/2679/5262 
f 5037/2694/4935 5051/2679/5262 5037/2694/5278 
f 5064/2696/5279 5065/2699/5280 5066/2698/5281 5067/2697/5282 
f 5068/2700/5283 5069/2703/5284 5070/2702/5285 5071/2701/5286 
f 5045/2677/5256 5072/2705/5287 5073/2704/5288 5046/2676/5257 
f 5074/2706/5289 5075/2709/5290 5076/2708/5291 5077/2707/5292 
f 5078/2710/5293 5079/2713/5294 5080/2712/5295 5081/2711/5296 
f 5072/2705/5287 5078/2710/5293 5081/2711/5296 5073/2704/5288 
f 5079/2713/5294 5066/2698/5281 5065/2699/5280 5080/2712/5295 
f 5082/2714/5297 5083/2717/5298 5084/2716/5299 5085/2715/5300 
f 5086/2718/5301 5087/2721/5302 5088/2720/5303 5089/2719/5304 
f 5087/2721/5302 5082/2714/5297 5085/2715/5300 5088/2720/5303 
f 5061/2693/5275 5086/2718/5301 5089/2719/5304 5062/2692/5276 
f 5090/2722/5305 5091/2725/5306 5092/2724/5307 5093/2723/5308 
f 5094/2726/5309 5090/2722/5305 5093/2723/5308 5095/2727/5310 
f 5096/2728/5311 5094/2726/5309 5095/2727/5310 5097/2729/5312 
f 5098/2730/5313 5096/2728/5311 5097/2729/5312 5099/2731/5314 
f 5049/2681/5260 5098/2730/5313 5099/2731/5314 5050/2680/5261 
f 5100/2732/5315 5074/2706/5289 5077/2707/5292 5101/2733/5316 
f 5083/2717/5298 5059/2690/5273 5058/2691/5272 5084/2716/5299 
f 5102/2734/5317 5103/2737/5318 5104/2736/5319 5105/2735/5320 
f 5103/2737/5318 5100/2732/5315 5101/2733/5316 5104/2736/5319 
f 5069/2703/5284 5102/2734/5317 5105/2735/5320 5070/2702/5285 
f 5056/2687/5321 5076/2708/5291 5075/2709/5290 5055/2686/5322 
f 5048/2678/5259 5063/2695/5277 5106/2738/5323 
f 5106/2738/5323 5063/2695/5277 5107/2739/5324 
f 5107/2740/5324 5063/2741/5277 5067/2697/5282 
f 5064/2696/5279 5052/2743/5325 5108/2742/5326 
f 5108/2744/5327 5052/2682/5327 5109/2745/5327 
f 5109/2745/5328 5052/2682/5263 5054/2683/5266 
f 5040/2670/5269 5039/2671/5329 5110/2746/5329 5056/2687/5270 
f 5039/2671/5330 5038/2672/5330 5111/2747/5330 5110/2746/5330 
f 5038/2748/5331 5037/2694/5278 5051/2679/5262 5111/2749/5332 
f 5055/2686/5267 5112/2750/5333 5042/2668/5334 5041/2669/5268 
f 5112/2750/5333 5113/2751/5335 5043/2667/5336 5042/2668/5334 
f 5113/2752/5335 5053/2684/5265 5036/2685/5264 5043/2753/5336 
f 5079/2713/5294 5114/2755/5337 5115/2754/5338 5066/2698/5281 
f 5114/2756/5337 5116/2759/5339 5117/2758/5340 5115/2757/5338 
f 5116/2759/5339 5098/2730/5313 5049/2681/5260 5117/2758/5340 
f 5076/2708/5291 5118/2761/5341 5119/2760/5342 5077/2707/5292 
f 5118/2762/5343 5120/2765/5344 5121/2764/5345 5119/2763/5346 
f 5120/2765/5347 5050/2680/5261 5099/2731/5314 5121/2764/5348 
f 5078/2710/5293 5122/2766/5349 5114/2755/5337 5079/2713/5294 
f 5122/2767/5349 5123/2768/5350 5116/2759/5339 5114/2756/5337 
f 5123/2768/5350 5096/2728/5311 5098/2730/5313 5116/2759/5339 
f 5077/2707/5292 5119/2760/5342 5124/2769/5351 5101/2733/5316 
f 5119/2763/5346 5121/2764/5345 5125/2771/5352 5124/2770/5353 
f 5121/2764/5348 5099/2731/5314 5097/2729/5312 5125/2771/5354 
f 5072/2705/5287 5126/2772/5355 5122/2766/5349 5078/2710/5293 
f 5126/2773/5355 5127/2774/5356 5123/2768/5350 5122/2767/5349 
f 5127/2774/5356 5094/2726/5309 5096/2728/5311 5123/2768/5350 
f 5101/2733/5316 5124/2769/5351 5128/2775/5357 5104/2736/5319 
f 5124/2770/5353 5125/2771/5352 5129/2777/5358 5128/2776/5359 
f 5125/2771/5354 5097/2729/5312 5095/2727/5310 5129/2777/5360 
f 5045/2677/5256 5130/2778/5361 5126/2772/5355 5072/2705/5287 
f 5130/2779/5361 5131/2780/5362 5127/2774/5356 5126/2773/5355 
f 5131/2780/5362 5090/2722/5305 5094/2726/5309 5127/2774/5356 
f 5104/2736/5319 5128/2775/5357 5132/2781/5363 5105/2735/5320 
f 5128/2776/5359 5129/2777/5358 5133/2783/5364 5132/2782/5365 
f 5129/2777/5360 5095/2727/5310 5093/2723/5308 5133/2783/5366 
f 5044/2674/5255 5134/2784/5367 5130/2778/5361 5045/2677/5256 
f 5134/2785/5367 5135/2786/5368 5131/2780/5362 5130/2779/5361 
f 5135/2786/5368 5091/2725/5306 5090/2722/5305 5131/2780/5362 
f 5105/2735/5320 5132/2781/5363 5136/2787/5369 5070/2702/5285 
f 5132/2782/5365 5133/2783/5364 5137/2789/5370 5136/2788/5371 
f 5133/2783/5366 5093/2723/5308 5092/2724/5307 5137/2789/5372 
f 5074/2706/5289 5138/2791/5373 5139/2790/5374 5075/2709/5290 
f 5138/2792/5373 5140/2795/5375 5141/2794/5376 5139/2793/5374 
f 5140/2795/5375 5086/2718/5301 5061/2693/5275 5141/2794/5376 
f 5065/2699/5280 5142/2797/5377 5143/2796/5378 5080/2712/5295 
f 5142/2798/5379 5144/2801/5380 5145/2800/5381 5143/2799/5382 
f 5144/2801/5383 5062/2692/5276 5089/2719/5304 5145/2800/5384 
f 5100/2732/5315 5146/2802/5385 5138/2791/5373 5074/2706/5289 
f 5146/2803/5385 5147/2804/5386 5140/2795/5375 5138/2792/5373 
f 5147/2804/5386 5087/2721/5302 5086/2718/5301 5140/2795/5375 
f 5080/2712/5295 5143/2796/5378 5148/2805/5387 5081/2711/5296 
f 5143/2799/5382 5145/2800/5381 5149/2807/5388 5148/2806/5389 
f 5145/2800/5384 5089/2719/5304 5088/2720/5303 5149/2807/5390 
f 5103/2737/5318 5150/2808/5391 5146/2802/5385 5100/2732/5315 
f 5150/2809/5391 5151/2810/5392 5147/2804/5386 5146/2803/5385 
f 5151/2810/5392 5082/2714/5297 5087/2721/5302 5147/2804/5386 
f 5081/2711/5296 5148/2805/5387 5152/2811/5393 5073/2704/5288 
f 5148/2806/5389 5149/2807/5388 5153/2813/5394 5152/2812/5395 
f 5149/2807/5390 5088/2720/5303 5085/2715/5300 5153/2813/5396 
f 5102/2734/5317 5154/2814/5397 5150/2808/5391 5103/2737/5318 
f 5154/2815/5397 5155/2816/5398 5151/2810/5392 5150/2809/5391 
f 5155/2816/5398 5083/2717/5298 5082/2714/5297 5151/2810/5392 
f 5073/2704/5288 5152/2811/5393 5156/2817/5399 5046/2676/5257 
f 5152/2812/5395 5153/2813/5394 5157/2819/5400 5156/2818/5401 
f 5153/2813/5396 5085/2715/5300 5084/2716/5299 5157/2819/5402 
f 5069/2703/5284 5158/2820/5403 5154/2814/5397 5102/2734/5317 
f 5158/2821/5403 5159/2822/5404 5155/2816/5398 5154/2815/5397 
f 5159/2822/5404 5059/2690/5273 5083/2717/5298 5155/2816/5398 
f 5046/2676/5257 5156/2817/5399 5160/2823/5405 5047/2675/5258 
f 5156/2818/5401 5157/2819/5400 5161/2825/5406 5160/2824/5406 
f 5157/2819/5402 5084/2716/5299 5058/2691/5272 5161/2825/5407 
f 5066/2698/5281 5115/2754/5338 5107/2740/5324 5067/2697/5282 
f 5115/2757/5338 5117/2758/5340 5106/2738/5323 5107/2739/5324 
f 5117/2758/5340 5049/2681/5260 5048/2678/5259 5106/2738/5323 
f 5056/2687/5321 5110/2746/5408 5118/2761/5341 5076/2708/5291 
f 5110/2826/5409 5111/2749/5409 5120/2765/5344 5118/2762/5343 
f 5111/2749/5332 5051/2679/5262 5050/2680/5261 5120/2765/5347 
f 5070/2702/5285 5136/2787/5369 5162/2827/5410 5071/2701/5286 
f 5136/2788/5371 5137/2789/5370 5163/2829/5411 5162/2828/5411 
f 5137/2789/5372 5092/2724/5307 5164/2830/5412 5163/2829/5413 
f 5062/2692/5276 5144/2801/5383 5109/2745/5328 5054/2683/5266 
f 5144/2801/5380 5142/2798/5379 5108/2744/5414 5109/2745/5414 
f 5142/2797/5377 5065/2699/5280 5064/2696/5279 5108/2742/5326 
f 5053/2684/5265 5113/2752/5335 5141/2794/5376 5061/2693/5275 
f 5113/2752/5335 5112/2831/5333 5139/2793/5374 5141/2794/5376 
f 5112/2750/5333 5055/2686/5322 5075/2709/5290 5139/2790/5374 
f 5059/2690/5273 5159/2822/5404 5165/2832/5415 5060/2689/5274 
f 5159/2822/5404 5158/2821/5403 5166/2833/5416 5165/2832/5415 
f 5158/2820/5403 5069/2703/5284 5068/2700/5283 5166/2834/5416 
f 5164/2830/5412 5092/2724/5307 5091/2725/5306 5167/2835/5417 
f 5168/2836/5418 5169/2839/5419 5170/2838/5420 5171/2837/5421 
f 5169/2839/5419 5172/2841/5422 5173/2840/5423 5170/2838/5420 
f 5172/2841/5422 5174/2843/5424 5175/2842/5425 5173/2840/5423 
f 5174/2843/5424 5176/2845/5426 5177/2844/5427 5175/2842/5425 
f 5176/2845/5426 5178/2847/5428 5179/2846/5429 5177/2844/5427 
f 5178/2847/5428 5180/2849/5430 5181/2848/5431 5179/2846/5429 
f 5180/2849/5430 5182/2851/5432 5183/2850/5433 5181/2848/5431 
f 5182/2851/5432 5184/2853/5434 5185/2852/5435 5183/2850/5433 
f 5184/2853/5434 5186/2855/5436 5187/2854/5437 5185/2852/5435 
f 5186/2855/5436 5188/2857/5438 5189/2856/5439 5187/2854/5437 
f 5188/2858/5438 5190/2861/5440 5191/2860/5441 5189/2859/5439 
f 5190/2861/5440 5192/2863/5442 5193/2862/5443 5191/2860/5441 
f 5192/2863/5442 5194/2865/5444 5195/2864/5445 5193/2862/5443 
f 5194/2865/5444 5196/2867/5446 5197/2866/5447 5195/2864/5445 
f 5196/2867/5446 5198/2869/5448 5199/2868/5449 5197/2866/5447 
f 5198/2870/5448 5200/2873/5450 5201/2872/5451 5199/2871/5449 
f 5200/2873/5450 5202/2875/5452 5203/2874/5453 5201/2872/5451 
f 5202/2875/5452 5204/2877/5454 5205/2876/5455 5203/2874/5453 
f 5204/2877/5454 5206/2879/5456 5207/2878/5457 5205/2876/5455 
f 5206/2879/5456 5208/2881/5458 5209/2880/5459 5207/2878/5457 
f 5208/2881/5458 5210/2883/5460 5211/2882/5461 5209/2880/5459 
f 5210/2883/5460 5212/2885/5462 5213/2884/5463 5211/2882/5461 
f 5212/2885/5462 5214/2887/5464 5215/2886/5465 5213/2884/5463 
f 5214/2887/5464 5216/2889/5466 5217/2888/5467 5215/2886/5465 
f 5216/2889/5466 5218/2891/5468 5219/2890/5469 5217/2888/5467 
f 5218/2891/5468 5220/2893/5470 5221/2892/5471 5219/2890/5469 
f 5220/2893/5470 5222/2895/5472 5223/2894/5473 5221/2892/5471 
f 5222/2895/5472 5224/2897/5474 5225/2896/5475 5223/2894/5473 
f 5224/2898/5474 5226/2901/5476 5227/2900/5477 5225/2899/5475 
f 5226/2901/5476 5228/2903/5478 5229/2902/5479 5227/2900/5477 
f 5228/2903/5478 5230/2905/5480 5231/2904/5481 5229/2902/5479 
f 5230/2905/5480 5232/2907/5482 5233/2906/5483 5231/2904/5481 
f 5232/2907/5482 5234/2909/5484 5235/2908/5485 5233/2906/5483 
f 5234/2910/5484 5236/2913/5486 5237/2912/5487 5235/2911/5485 
f 5236/2913/5486 5168/2836/5418 5171/2837/5421 5237/2912/5487 
f 5238/2836/5418 5239/2839/5419 5240/2838/5488 5241/2837/5421 
f 5239/2839/5419 5242/2841/5422 5243/2840/5489 5240/2838/5488 
f 5242/2841/5422 5244/2843/5424 5245/2842/5425 5243/2840/5489 
f 5244/2843/5424 5246/2915/5426 5247/2914/5427 5245/2842/5425 
f 5246/2915/5426 5248/2847/5428 5249/2846/5490 5247/2914/5427 
f 5248/2847/5428 5250/2917/5430 5251/2916/5431 5249/2846/5490 
f 5250/2917/5430 5252/2919/5432 5253/2918/5433 5251/2916/5431 
f 5252/2919/5432 5254/2853/5434 5255/2852/5491 5253/2918/5433 
f 5254/2853/5434 5256/2855/5436 5257/2854/5437 5255/2852/5491 
f 5256/2855/5436 5258/2857/5438 5259/2856/5439 5257/2854/5437 
f 5258/2920/5438 5260/2923/5440 5261/2922/5441 5259/2921/5439 
f 5260/2923/5440 5262/2925/5442 5263/2924/5443 5261/2922/5441 
f 5262/2925/5442 5264/2927/5444 5265/2926/5445 5263/2924/5443 
f 5264/2927/5444 5266/2867/5446 5267/2866/5492 5265/2926/5445 
f 5266/2867/5446 5268/2929/5448 5269/2928/5493 5267/2866/5492 
f 5268/2870/5448 5270/2873/5450 5271/2872/5451 5269/2871/5493 
f 5270/2873/5450 5272/2931/5452 5273/2930/5494 5271/2872/5451 
f 5272/2931/5452 5274/2933/5454 5275/2932/5455 5273/2930/5494 
f 5274/2933/5454 5276/2879/5456 5277/2878/5457 5275/2932/5455 
f 5276/2879/5456 5278/2881/5458 5279/2880/5495 5277/2878/5457 
f 5278/2881/5458 5280/2934/5460 5281/2882/5496 5279/2880/5495 
f 5280/2934/5460 5282/2936/5497 5283/2935/5463 5281/2882/5496 
f 5282/2936/5497 5284/2938/5498 5285/2937/5465 5283/2935/5463 
f 5284/2938/5498 5286/2940/5466 5287/2939/5467 5285/2937/5465 
f 5286/2940/5466 5288/2942/5468 5289/2941/5469 5287/2939/5467 
f 5288/2942/5468 5290/2944/5470 5291/2943/5471 5289/2941/5469 
f 5290/2944/5470 5292/2946/5472 5293/2945/5473 5291/2943/5471 
f 5292/2946/5472 5294/2897/5474 5295/2896/5475 5293/2945/5473 
f 5294/2898/5474 5296/2948/5476 5297/2947/5477 5295/2899/5475 
f 5296/2948/5476 5298/2950/5478 5299/2949/5479 5297/2947/5477 
f 5298/2950/5478 5300/2952/5480 5301/2951/5481 5299/2949/5479 
f 5300/2952/5480 5302/2907/5482 5303/2906/5483 5301/2951/5481 
f 5302/2907/5482 5304/2909/5484 5305/2908/5485 5303/2906/5483 
f 5304/2910/5484 5306/2913/5486 5307/2912/5487 5305/2911/5485 
f 5306/2913/5486 5238/2836/5418 5241/2837/5421 5307/2912/5487 
f 5308/2404/5499 5309/2405/5500 5310/2406/5501 5311/2407/5502 
f 5311/2407/5502 5310/2406/5501 5312/2408/5503 5313/2409/5504 
f 5313/2409/5504 5312/2408/5503 5314/2410/5505 5315/2411/5506 
f 5315/2411/5506 5314/2410/5505 5316/2412/5507 5317/2413/5508 
f 5317/2413/5508 5316/2412/5507 5318/2414/5509 5319/2415/5510 
f 5319/2415/5510 5318/2414/5509 5320/2416/5511 5321/2417/5512 
f 5321/2417/5512 5320/2416/5511 5322/2418/5513 5323/2419/5514 
f 5323/2419/5514 5322/2418/5513 5324/2420/5515 5325/2421/5516 
f 5325/2421/5516 5324/2420/5515 5326/2422/5517 5327/2423/5518 
f 5327/2424/5518 5326/2425/5517 5328/2426/5519 5329/2427/5520 
f 5329/2427/5520 5328/2426/5519 5330/2428/5521 5331/2429/5522 
f 5331/2429/5522 5330/2428/5521 5332/2430/5523 5333/2431/5524 
f 5333/2431/5524 5332/2430/5523 5334/2432/5525 5335/2433/5526 
f 5335/2433/5526 5334/2432/5525 5336/2434/5527 5337/2435/5528 
f 5337/2435/5528 5336/2434/5527 5338/2436/5529 5339/2437/5530 
f 5339/2437/5530 5338/2436/5529 5340/2438/5531 5341/2439/5532 
f 5341/2439/5532 5340/2438/5531 5342/2440/5533 5343/2441/5534 
f 5343/2442/5534 5342/2443/5533 5344/2444/5535 5345/2445/5536 
f 5345/2445/5536 5344/2444/5535 5346/2446/5537 5347/2447/5538 
f 5347/2447/5538 5346/2446/5537 5348/2448/5539 5349/2449/5540 
f 5349/2449/5540 5348/2448/5539 5350/2450/5541 5351/2451/5542 
f 5351/2451/5542 5350/2450/5541 5352/2452/5543 5353/2453/5544 
f 5353/2453/5544 5352/2452/5543 5354/2454/5545 5355/2455/5546 
f 5355/2455/5546 5354/2454/5545 5356/2456/5547 5357/2457/5548 
f 5357/2457/5548 5356/2456/5547 5358/2458/5549 5359/2459/5550 
f 5359/2459/5550 5358/2458/5549 5360/2460/5551 5361/2461/5552 
f 5361/2461/5552 5360/2460/5551 5362/2462/5553 5363/2463/5554 
f 5363/2464/5554 5362/2465/5553 5364/2466/5555 5365/2467/5556 
f 5365/2467/5556 5364/2466/5555 5366/2468/5557 5367/2469/5558 
f 5367/2469/5558 5366/2468/5557 5368/2470/5559 5369/2471/5560 
f 5369/2471/5560 5368/2470/5559 5370/2472/5561 5371/2473/5562 
f 5371/2473/5562 5370/2472/5561 5372/2474/5563 5373/2475/5564 
f 5373/2475/5564 5372/2474/5563 5374/2476/5565 5375/2477/5566 
f 5310/2478/5567 5309/2479/5567 5376/2480/5567 5374/2481/5567 
f 5310/2478/5567 5374/2481/5567 5372/2482/5563 5370/2483/5561 
f 5310/2478/5567 5370/2483/5561 5368/2484/5559 5366/2485/5557 
f 5310/2478/5567 5366/2485/5557 5364/2486/5567 5362/2487/5567 
f 5310/2478/5567 5362/2487/5567 5360/2488/5567 5358/2489/5567 
f 5310/2478/5567 5358/2489/5567 5356/2490/5567 5354/2491/5567 
f 5310/2478/5567 5354/2491/5567 5352/2492/5567 5350/2493/5567 
f 5310/2478/5567 5350/2493/5567 5348/2494/5567 5346/2495/5567 
f 5310/2478/5567 5346/2495/5567 5344/2496/5567 5342/2440/5567 
f 5310/2478/5567 5342/2440/5567 5340/2438/5567 5338/2436/5567 
f 5310/2478/5567 5338/2436/5567 5336/2434/5567 5334/2432/5567 
f 5310/2478/5567 5334/2432/5567 5332/2430/5567 5330/2428/5567 
f 5310/2478/5567 5330/2428/5567 5328/2426/5567 5326/2425/5567 
f 5310/2478/5567 5326/2425/5567 5324/2497/5567 5322/2498/5567 
f 5310/2478/5567 5322/2498/5567 5320/2499/5567 5318/2500/5567 
f 5310/2478/5567 5318/2500/5567 5316/2501/5567 5314/2502/5567 
f 5310/2478/5567 5314/2502/5567 5312/2503/5567 
f 5375/2477/5566 5374/2476/5565 5376/2504/5568 5377/2505/5569 
f 5377/2506/5569 5376/2507/5568 5309/2405/5500 5308/2404/5499 
f 5315/2508/5570 5317/2509/5570 5378/2510/5570 5379/2511/5570 
f 5380/2512/5551 5381/2513/5553 5382/2514/5554 5383/2515/5552 
f 5333/2516/5524 5335/2517/5526 5384/2518/5571 5385/2519/5572 
f 5351/2520/5570 5353/2521/5570 5386/2522/5570 5387/2523/5570 
f 5369/2471/5570 5371/2473/5570 5388/2524/5570 5389/2525/5570 
f 5325/2526/5570 5327/2527/5570 5390/2528/5570 5391/2529/5570 
f 5343/2530/5570 5345/2531/5570 5392/2532/5570 5393/2533/5570 
f 5361/2534/5570 5363/2464/5570 5381/2535/5570 5380/2536/5570 
f 5317/2509/5570 5319/2537/5570 5394/2538/5570 5378/2510/5570 
f 5335/2517/5526 5337/2539/5528 5395/2540/5573 5384/2518/5571 
f 5353/2521/5570 5355/2541/5570 5396/2542/5570 5386/2522/5570 
f 5308/2543/5570 5311/2544/5570 5397/2545/5570 5398/2546/5570 
f 5371/2473/5570 5373/2475/5570 5399/2547/5570 5388/2524/5570 
f 5327/2527/5570 5329/2548/5570 5400/2549/5570 5390/2528/5570 
f 5345/2531/5570 5347/2550/5570 5401/2551/5570 5392/2532/5570 
f 5363/2464/5570 5365/2467/5570 5402/2552/5570 5381/2535/5570 
f 5319/2537/5570 5321/2553/5570 5403/2554/5570 5394/2538/5570 
f 5337/2539/5528 5339/2555/5530 5404/2556/5574 5395/2540/5573 
f 5355/2541/5570 5357/2557/5570 5405/2558/5570 5396/2542/5570 
f 5373/2475/5570 5375/2477/5570 5406/2559/5570 5399/2547/5570 
f 5311/2544/5570 5313/2560/5570 5407/2561/5570 5397/2545/5570 
f 5329/2548/5570 5331/2562/5570 5408/2563/5570 5400/2549/5570 
f 5347/2550/5570 5349/2564/5570 5409/2565/5570 5401/2551/5570 
f 5365/2467/5570 5367/2469/5570 5410/2566/5570 5402/2552/5570 
f 5321/2553/5570 5323/2567/5570 5411/2568/5570 5403/2554/5570 
f 5339/2555/5530 5341/2569/5570 5412/2570/5570 5404/2556/5574 
f 5357/2557/5570 5359/2571/5570 5413/2572/5570 5405/2558/5570 
f 5375/2477/5570 5377/2505/5570 5414/2573/5570 5406/2559/5570 
f 5313/2560/5570 5315/2508/5570 5379/2511/5570 5407/2561/5570 
f 5331/2562/5570 5333/2516/5524 5385/2519/5572 5408/2563/5570 
f 5349/2564/5570 5351/2520/5570 5387/2523/5570 5409/2565/5570 
f 5367/2469/5570 5369/2471/5570 5389/2525/5570 5410/2566/5570 
f 5323/2567/5570 5325/2526/5570 5391/2529/5570 5411/2568/5570 
f 5341/2569/5570 5343/2530/5570 5393/2533/5570 5412/2570/5570 
f 5359/2571/5570 5361/2534/5570 5380/2536/5570 5413/2572/5570 
f 5377/2505/5570 5308/2543/5570 5398/2546/5570 5414/2573/5570 
f 5415/2574/5570 5416/2575/5570 5417/2576/5570 5418/2577/5570 
f 5415/2574/5570 5418/2577/5570 5419/2578/5570 5420/2579/5570 
f 5415/2574/5570 5420/2579/5570 5421/2580/5570 5422/2581/5570 
f 5415/2574/5570 5422/2581/5570 5423/2582/5570 5424/2583/5570 
f 5415/2574/5570 5424/2583/5570 5425/2584/5570 5426/2585/5570 
f 5415/2574/5570 5426/2585/5570 5427/2586/5575 5428/2587/5526 
f 5415/2574/5570 5428/2587/5526 5429/2588/5528 5430/2589/5530 
f 5415/2574/5570 5430/2589/5530 5431/2590/5570 5432/2591/5570 
f 5415/2574/5570 5432/2591/5570 5433/2592/5570 5434/2593/5570 
f 5415/2574/5570 5434/2593/5570 5435/2594/5570 5436/2595/5570 
f 5415/2574/5570 5436/2595/5570 5437/2596/5570 5438/2523/5570 
f 5415/2574/5570 5438/2523/5570 5439/2597/5570 5440/2598/5570 
f 5415/2574/5570 5440/2598/5570 5383/2599/5570 5382/2600/5570 
f 5415/2574/5570 5382/2600/5570 5441/2601/5570 5442/2602/5570 
f 5415/2574/5570 5442/2602/5570 5443/2603/5570 5444/2604/5570 
f 5415/2574/5570 5444/2604/5570 5445/2605/5570 5446/2606/5570 
f 5415/2574/5570 5446/2606/5570 5447/2607/5570 
f 5384/2608/5571 5395/2609/5573 5429/2610/5528 5428/2611/5526 
f 5398/2612/5500 5397/2613/5501 5416/2614/5502 5415/2615/5499 
f 5381/2535/5553 5402/2552/5555 5441/2601/5576 5382/2600/5554 
f 5395/2609/5573 5404/2616/5574 5430/2617/5530 5429/2610/5528 
f 5397/2613/5501 5407/2618/5503 5417/2619/5504 5416/2614/5502 
f 5402/2552/5555 5410/2566/5577 5442/2602/5558 5441/2601/5576 
f 5404/2616/5574 5412/2620/5531 5431/2621/5532 5430/2617/5530 
f 5407/2618/5503 5379/2622/5505 5418/2623/5506 5417/2619/5504 
f 5410/2566/5577 5389/2525/5578 5443/2603/5560 5442/2602/5558 
f 5412/2620/5531 5393/2624/5533 5432/2625/5534 5431/2621/5532 
f 5379/2622/5505 5378/2626/5507 5419/2627/5579 5418/2623/5506 
f 5389/2525/5578 5388/2524/5580 5444/2604/5562 5443/2603/5560 
f 5393/2628/5533 5392/2629/5535 5433/2630/5536 5432/2631/5534 
f 5378/2626/5507 5394/2632/5509 5420/2633/5510 5419/2627/5579 
f 5388/2524/5580 5399/2547/5581 5445/2605/5564 5444/2604/5562 
f 5392/2629/5535 5401/2634/5537 5434/2635/5538 5433/2630/5536 
f 5394/2632/5509 5403/2636/5511 5421/2637/5582 5420/2633/5510 
f 5399/2547/5581 5406/2559/5565 5446/2606/5566 5445/2605/5564 
f 5401/2634/5537 5409/2638/5583 5435/2639/5540 5434/2635/5538 
f 5403/2636/5511 5411/2640/5513 5422/2641/5514 5421/2637/5582 
f 5406/2559/5565 5414/2573/5568 5447/2607/5584 5446/2606/5566 
f 5409/2638/5583 5387/2642/5541 5436/2643/5542 5435/2639/5540 
f 5411/2640/5513 5391/2644/5515 5423/2645/5516 5422/2641/5514 
f 5414/2646/5568 5398/2612/5500 5415/2615/5499 5447/2647/5584 
f 5387/2642/5541 5386/2648/5543 5437/2649/5544 5436/2643/5542 
f 5391/2644/5515 5390/2650/5517 5424/2651/5518 5423/2645/5516 
f 5386/2648/5543 5396/2652/5545 5438/2653/5585 5437/2649/5544 
f 5390/2654/5517 5400/2655/5519 5425/2656/5520 5424/2657/5518 
f 5396/2652/5545 5405/2658/5547 5439/2659/5548 5438/2653/5585 
f 5400/2655/5519 5408/2660/5521 5426/2661/5586 5425/2656/5520 
f 5405/2658/5547 5413/2662/5587 5440/2663/5550 5439/2659/5548 
f 5408/2660/5521 5385/2664/5572 5427/2665/5575 5426/2661/5586 
f 5413/2662/5587 5380/2512/5551 5383/2515/5552 5440/2663/5550 
f 5385/2664/5572 5384/2608/5571 5428/2611/5526 5427/2665/5575 
f 5448/2666/5588 5448/2666/5588 5449/2667/5588 5450/2668/5588 
f 5448/2666/5588 5450/2668/5588 5451/2669/5588 5452/2670/5588 
f 5448/2666/5588 5452/2670/5588 5453/2671/5588 5454/2672/5588 
f 5448/2666/5588 5454/2672/5588 5455/2673/5588 5455/2673/5588 
f 5456/2674/5589 5457/2675/5590 5458/2676/5591 5459/2677/5592 
f 5460/2678/5593 5461/2679/5594 5462/2680/5595 5463/2681/5596 
f 5464/2682/5597 5465/2683/5598 5466/2684/5599 5448/2685/5600 
f 5464/2682/5597 5448/2685/5600 5448/2685/4645 
f 5467/2686/5601 5468/2687/5602 5452/2670/5603 5451/2669/5604 
f 5469/2688/5605 5470/2689/5606 5471/2690/5607 5472/2691/5608 
f 5466/2684/5599 5465/2683/5598 5473/2692/5609 5474/2693/5610 
f 5455/2694/4636 5455/2694/5611 5461/2679/5594 5460/2678/5593 
f 5455/2694/4636 5460/2678/5593 5475/2695/5612 
f 5476/2696/5613 5477/2697/5614 5478/2698/5615 5479/2699/5616 
f 5480/2700/5617 5481/2701/5618 5482/2702/5619 5483/2703/5620 
f 5459/2677/5592 5458/2676/5591 5484/2704/5621 5485/2705/5622 
f 5486/2706/5623 5487/2707/5624 5488/2708/5625 5489/2709/5626 
f 5490/2710/5627 5491/2711/5628 5492/2712/5629 5493/2713/5630 
f 5485/2705/5622 5484/2704/5621 5491/2711/5628 5490/2710/5627 
f 5493/2713/5630 5492/2712/5629 5479/2699/5616 5478/2698/5615 
f 5494/2714/5631 5495/2715/5632 5496/2716/5633 5497/2717/5634 
f 5498/2718/5635 5499/2719/5636 5500/2720/5637 5501/2721/5638 
f 5501/2721/5638 5500/2720/5637 5495/2715/5632 5494/2714/5631 
f 5474/2693/5610 5473/2692/5609 5499/2719/5636 5498/2718/5635 
f 5502/2722/5639 5503/2723/5640 5504/2724/5641 5505/2725/5642 
f 5506/2726/5643 5507/2727/5644 5503/2723/5640 5502/2722/5639 
f 5508/2728/5645 5509/2729/5646 5507/2727/5644 5506/2726/5643 
f 5510/2730/5647 5511/2731/5648 5509/2729/5646 5508/2728/5645 
f 5463/2681/5596 5462/2680/5595 5511/2731/5648 5510/2730/5647 
f 5512/2732/5649 5513/2733/5650 5487/2707/5624 5486/2706/5623 
f 5497/2717/5634 5496/2716/5633 5472/2691/5608 5471/2690/5607 
f 5514/2734/5651 5515/2735/5652 5516/2736/5653 5517/2737/5654 
f 5517/2737/5654 5516/2736/5653 5513/2733/5650 5512/2732/5649 
f 5483/2703/5620 5482/2702/5619 5515/2735/5652 5514/2734/5651 
f 5468/2687/5655 5467/2686/5656 5489/2709/5626 5488/2708/5625 
f 5460/2678/5593 5518/2738/5657 5475/2695/5612 
f 5518/2738/5657 5519/2739/5658 5475/2695/5612 
f 5519/2740/5659 5477/2697/5614 5475/2741/5660 
f 5476/2696/5613 5520/2742/5661 5464/2743/5662 
f 5520/2744/5663 5521/2745/5664 5464/2682/5597 
f 5521/2745/5664 5465/2683/5598 5464/2682/5597 
f 5452/2670/5603 5468/2687/5602 5522/2746/5665 5453/2671/5665 
f 5453/2671/5666 5522/2746/5667 5523/2747/5668 5454/2672/5669 
f 5454/2748/5669 5523/2749/5668 5461/2679/5594 5455/2694/5611 
f 5467/2686/5601 5451/2669/5604 5450/2668/5670 5524/2750/5670 
f 5524/2750/5671 5450/2668/5672 5449/2667/5673 5525/2751/5674 
f 5525/2752/5674 5449/2753/5673 5448/2685/5600 5466/2684/5599 
f 5493/2713/5630 5478/2698/5615 5526/2754/5675 5527/2755/5676 
f 5527/2756/5677 5526/2757/5678 5528/2758/5679 5529/2759/5680 
f 5529/2759/5680 5528/2758/5679 5463/2681/5596 5510/2730/5647 
f 5488/2708/5625 5487/2707/5624 5530/2760/5681 5531/2761/5682 
f 5531/2762/5683 5530/2763/5684 5532/2764/5685 5533/2765/5686 
f 5533/2765/5686 5532/2764/5685 5511/2731/5648 5462/2680/5595 
f 5490/2710/5627 5493/2713/5630 5527/2755/5676 5534/2766/5687 
f 5534/2767/5688 5527/2756/5677 5529/2759/5680 5535/2768/5689 
f 5535/2768/5689 5529/2759/5680 5510/2730/5647 5508/2728/5645 
f 5487/2707/5624 5513/2733/5650 5536/2769/5690 5530/2760/5681 
f 5530/2763/5684 5536/2770/5691 5537/2771/5692 5532/2764/5685 
f 5532/2764/5685 5537/2771/5692 5509/2729/5646 5511/2731/5648 
f 5485/2705/5622 5490/2710/5627 5534/2766/5687 5538/2772/5693 
f 5538/2773/5694 5534/2767/5688 5535/2768/5689 5539/2774/5695 
f 5539/2774/5695 5535/2768/5689 5508/2728/5645 5506/2726/5643 
f 5513/2733/5650 5516/2736/5653 5540/2775/5696 5536/2769/5690 
f 5536/2770/5691 5540/2776/5697 5541/2777/5698 5537/2771/5692 
f 5537/2771/5692 5541/2777/5698 5507/2727/5644 5509/2729/5646 
f 5459/2677/5592 5485/2705/5622 5538/2772/5693 5542/2778/5699 
f 5542/2779/5700 5538/2773/5694 5539/2774/5695 5543/2780/5701 
f 5543/2780/5701 5539/2774/5695 5506/2726/5643 5502/2722/5639 
f 5516/2736/5653 5515/2735/5652 5544/2781/5702 5540/2775/5696 
f 5540/2776/5697 5544/2782/5703 5545/2783/5704 5541/2777/5698 
f 5541/2777/5698 5545/2783/5704 5503/2723/5640 5507/2727/5644 
f 5456/2674/5589 5459/2677/5592 5542/2778/5699 5546/2784/5705 
f 5546/2785/5706 5542/2779/5700 5543/2780/5701 5547/2786/5707 
f 5547/2786/5707 5543/2780/5701 5502/2722/5639 5505/2725/5642 
f 5515/2735/5652 5482/2702/5619 5548/2787/5708 5544/2781/5702 
f 5544/2782/5703 5548/2788/5709 5549/2789/5710 5545/2783/5704 
f 5545/2783/5704 5549/2789/5710 5504/2724/5641 5503/2723/5640 
f 5486/2706/5623 5489/2709/5626 5550/2790/5711 5551/2791/5712 
f 5551/2792/5713 5550/2793/5714 5552/2794/5715 5553/2795/5716 
f 5553/2795/5716 5552/2794/5715 5474/2693/5610 5498/2718/5635 
f 5479/2699/5616 5492/2712/5629 5554/2796/5717 5555/2797/5718 
f 5555/2798/5719 5554/2799/5720 5556/2800/5721 5557/2801/5722 
f 5557/2801/5722 5556/2800/5721 5499/2719/5636 5473/2692/5609 
f 5512/2732/5649 5486/2706/5623 5551/2791/5712 5558/2802/5723 
f 5558/2803/5724 5551/2792/5713 5553/2795/5716 5559/2804/5725 
f 5559/2804/5725 5553/2795/5716 5498/2718/5635 5501/2721/5638 
f 5492/2712/5629 5491/2711/5628 5560/2805/5726 5554/2796/5717 
f 5554/2799/5720 5560/2806/5727 5561/2807/5728 5556/2800/5721 
f 5556/2800/5721 5561/2807/5728 5500/2720/5637 5499/2719/5636 
f 5517/2737/5654 5512/2732/5649 5558/2802/5723 5562/2808/5729 
f 5562/2809/5730 5558/2803/5724 5559/2804/5725 5563/2810/5731 
f 5563/2810/5731 5559/2804/5725 5501/2721/5638 5494/2714/5631 
f 5491/2711/5628 5484/2704/5621 5564/2811/5732 5560/2805/5726 
f 5560/2806/5727 5564/2812/5733 5565/2813/5734 5561/2807/5728 
f 5561/2807/5728 5565/2813/5734 5495/2715/5632 5500/2720/5637 
f 5514/2734/5651 5517/2737/5654 5562/2808/5729 5566/2814/5735 
f 5566/2815/5736 5562/2809/5730 5563/2810/5731 5567/2816/5737 
f 5567/2816/5737 5563/2810/5731 5494/2714/5631 5497/2717/5634 
f 5484/2704/5621 5458/2676/5591 5568/2817/5738 5564/2811/5732 
f 5564/2812/5733 5568/2818/5739 5569/2819/5740 5565/2813/5734 
f 5565/2813/5734 5569/2819/5740 5496/2716/5633 5495/2715/5632 
f 5483/2703/5620 5514/2734/5651 5566/2814/5735 5570/2820/5741 
f 5570/2821/5742 5566/2815/5736 5567/2816/5737 5571/2822/5743 
f 5571/2822/5743 5567/2816/5737 5497/2717/5634 5471/2690/5607 
f 5458/2676/5591 5457/2675/5590 5572/2823/5744 5568/2817/5738 
f 5568/2818/5739 5572/2824/5745 5573/2825/5746 5569/2819/5740 
f 5569/2819/5740 5573/2825/5746 5472/2691/5608 5496/2716/5633 
f 5478/2698/5615 5477/2697/5614 5519/2740/5659 5526/2754/5675 
f 5526/2757/5678 5519/2739/5658 5518/2738/5657 5528/2758/5679 
f 5528/2758/5679 5518/2738/5657 5460/2678/5593 5463/2681/5596 
f 5468/2687/5655 5488/2708/5625 5531/2761/5682 5522/2746/5747 
f 5522/2826/5667 5531/2762/5683 5533/2765/5686 5523/2749/5668 
f 5523/2749/5668 5533/2765/5686 5462/2680/5595 5461/2679/5594 
f 5482/2702/5619 5481/2701/5618 5574/2827/5748 5548/2787/5708 
f 5548/2788/5709 5574/2828/5749 5575/2829/5750 5549/2789/5710 
f 5549/2789/5710 5575/2829/5750 5576/2830/5751 5504/2724/5641 
f 5473/2692/5609 5465/2683/5598 5521/2745/5664 5557/2801/5722 
f 5557/2801/5722 5521/2745/5664 5520/2744/5663 5555/2798/5719 
f 5555/2797/5718 5520/2742/5661 5476/2696/5613 5479/2699/5616 
f 5466/2684/5599 5474/2693/5610 5552/2794/5715 5525/2752/5674 
f 5525/2752/5674 5552/2794/5715 5550/2793/5714 5524/2831/5671 
f 5524/2750/5752 5550/2790/5711 5489/2709/5626 5467/2686/5656 
f 5471/2690/5607 5470/2689/5606 5577/2832/5753 5571/2822/5743 
f 5571/2822/5743 5577/2832/5753 5578/2833/5754 5570/2821/5742 
f 5570/2820/5741 5578/2834/5755 5480/2700/5617 5483/2703/5620 
f 5576/2830/5751 5579/2835/5756 5505/2725/5642 5504/2724/5641 
f 5580/2836/5757 5581/2837/5758 5582/2838/5759 5583/2839/5760 
f 5583/2839/5760 5582/2838/5759 5584/2840/5761 5585/2841/5762 
f 5585/2841/5762 5584/2840/5761 5586/2842/5763 5587/2843/5764 
f 5587/2843/5764 5586/2842/5763 5588/2844/5765 5589/2845/5766 
f 5589/2845/5766 5588/2844/5765 5590/2846/5767 5591/2847/5768 
f 5591/2847/5768 5590/2846/5767 5592/2848/5769 5593/2849/5770 
f 5593/2849/5770 5592/2848/5769 5594/2850/5771 5595/2851/5772 
f 5595/2851/5772 5594/2850/5771 5596/2852/5773 5597/2853/5774 
f 5597/2853/5774 5596/2852/5773 5598/2854/5775 5599/2855/5776 
f 5599/2855/5776 5598/2854/5775 5600/2856/5777 5601/2857/5778 
f 5601/2858/5778 5600/2859/5777 5602/2860/5779 5603/2861/5780 
f 5603/2861/5780 5602/2860/5779 5604/2862/5781 5605/2863/5782 
f 5605/2863/5782 5604/2862/5781 5606/2864/5783 5607/2865/5784 
f 5607/2865/5784 5606/2864/5783 5608/2866/5785 5609/2867/5786 
f 5609/2867/5786 5608/2866/5785 5610/2868/5787 5611/2869/5788 
f 5611/2870/5788 5610/2871/5787 5612/2872/5789 5613/2873/5790 
f 5613/2873/5790 5612/2872/5789 5614/2874/5791 5615/2875/5792 
f 5615/2875/5792 5614/2874/5791 5616/2876/5793 5617/2877/5794 
f 5617/2877/5794 5616/2876/5793 5618/2878/5795 5619/2879/5796 
f 5619/2879/5796 5618/2878/5795 5620/2880/5797 5621/2881/5798 
f 5621/2881/5798 5620/2880/5797 5622/2882/5799 5623/2883/5800 
f 5623/2883/5800 5622/2882/5799 5624/2884/5801 5625/2885/5802 
f 5625/2885/5802 5624/2884/5801 5626/2886/5803 5627/2887/5804 
f 5627/2887/5804 5626/2886/5803 5628/2888/5805 5629/2889/5806 
f 5629/2889/5806 5628/2888/5805 5630/2890/5807 5631/2891/5808 
f 5631/2891/5808 5630/2890/5807 5632/2892/5809 5633/2893/5810 
f 5633/2893/5810 5632/2892/5809 5634/2894/5811 5635/2895/5812 
f 5635/2895/5812 5634/2894/5811 5636/2896/5813 5637/2897/5814 
f 5637/2898/5814 5636/2899/5813 5638/2900/5815 5639/2901/5816 
f 5639/2901/5816 5638/2900/5815 5640/2902/5817 5641/2903/5818 
f 5641/2903/5818 5640/2902/5817 5642/2904/5819 5643/2905/5820 
f 5643/2905/5820 5642/2904/5819 5644/2906/5821 5645/2907/5822 
f 5645/2907/5822 5644/2906/5821 5646/2908/5823 5647/2909/5824 
f 5647/2910/5824 5646/2911/5823 5648/2912/5825 5649/2913/5826 
f 5649/2913/5826 5648/2912/5825 5581/2837/5758 5580/2836/5757 
f 5650/2836/5757 5651/2837/5758 5652/2838/5759 5653/2839/5760 
f 5653/2839/5760 5652/2838/5759 5654/2840/5761 5655/2841/5762 
f 5655/2841/5762 5654/2840/5761 5656/2842/5827 5657/2843/5764 
f 5657/2843/5764 5656/2842/5827 5658/2914/5765 5659/2915/5766 
f 5659/2915/5766 5658/2914/5765 5660/2846/5828 5661/2847/5768 
f 5661/2847/5768 5660/2846/5828 5662/2916/5829 5663/2917/5770 
f 5663/2917/5770 5662/2916/5829 5664/2918/5830 5665/2919/5831 
f 5665/2919/5831 5664/2918/5830 5666/2852/5832 5667/2853/5774 
f 5667/2853/5774 5666/2852/5832 5668/2854/5775 5669/2855/5776 
f 5669/2855/5776 5668/2854/5775 5670/2856/5777 5671/2857/5778 
f 5671/2920/5778 5670/2921/5777 5672/2922/5779 5673/2923/5780 
f 5673/2923/5780 5672/2922/5779 5674/2924/5833 5675/2925/5782 
f 5675/2925/5782 5674/2924/5833 5676/2926/5783 5677/2927/5784 
f 5677/2927/5784 5676/2926/5783 5678/2866/5785 5679/2867/5786 
f 5679/2867/5786 5678/2866/5785 5680/2928/5787 5681/2929/5788 
f 5681/2870/5788 5680/2871/5787 5682/2872/5789 5683/2873/5790 
f 5683/2873/5790 5682/2872/5789 5684/2930/5791 5685/2931/5792 
f 5685/2931/5792 5684/2930/5791 5686/2932/5793 5687/2933/5834 
f 5687/2933/5834 5686/2932/5793 5688/2878/5795 5689/2879/5796 
f 5689/2879/5796 5688/2878/5795 5690/2880/5797 5691/2881/5798 
f 5691/2881/5798 5690/2880/5797 5692/2882/5799 5693/2934/5800 
f 5693/2934/5800 5692/2882/5799 5694/2935/5801 5695/2936/5802 
f 5695/2936/5802 5694/2935/5801 5696/2937/5835 5697/2938/5804 
f 5697/2938/5804 5696/2937/5835 5698/2939/5805 5699/2940/5836 
f 5699/2940/5836 5698/2939/5805 5700/2941/5837 5701/2942/5808 
f 5701/2942/5808 5700/2941/5837 5702/2943/5809 5703/2944/5810 
f 5703/2944/5810 5702/2943/5809 5704/2945/5811 5705/2946/5812 
f 5705/2946/5812 5704/2945/5811 5706/2896/5813 5707/2897/5814 
f 5707/2898/5814 5706/2899/5813 5708/2947/5815 5709/2948/5838 
f 5709/2948/5838 5708/2947/5815 5710/2949/5817 5711/2950/5818 
f 5711/2950/5818 5710/2949/5817 5712/2951/5819 5713/2952/5820 
f 5713/2952/5820 5712/2951/5819 5714/2906/5839 5715/2907/5822 
f 5715/2907/5822 5714/2906/5839 5716/2908/5823 5717/2909/5824 
f 5717/2910/5824 5716/2911/5823 5718/2912/5840 5719/2913/5826 
f 5719/2913/5826 5718/2912/5840 5651/2837/5758 5650/2836/5757 
usemtl Material__26
f 5720/2953/5841 5721/2954/5842 5722/2955/5843 5723/2956/5844 
f 5724/2957/5845 5725/2958/5846 5721/2959/5842 5720/2960/5845 
f 5726/2961/5847 5727/2962/5848 5725/2963/5849 5724/2964/5847 
f 5728/2965/5850 5729/2966/5851 5727/2967/5852 5726/2968/5853 
f 5730/2969/5854 5731/2970/5855 5729/2971/5851 5728/2972/5850 
f 5732/2973/5856 5733/2974/5857 5731/2975/5855 5730/2976/5854 
f 5734/2977/5858 5735/2978/5859 5733/2979/5857 5732/2980/5856 
f 5736/2981/5860 5737/2982/5861 5735/2983/5859 5734/2984/5860 
f 5738/2985/5862 5739/2986/5863 5737/2987/5864 5736/2988/5862 
f 5740/2989/5865 5741/2990/5866 5739/2991/5867 5738/2992/5868 
f 5742/2993/5869 5743/2994/5870 5741/2995/5866 5740/2996/5865 
f 5723/2997/5844 5722/2998/5843 5743/2999/5870 5742/3000/5869 
f 5721/3001/5842 5744/3002/5871 5745/3003/5872 5722/3004/5843 
f 5725/3005/5846 5746/3006/5873 5744/3007/5871 5721/3008/5842 
f 5727/3009/5848 5747/3010/5874 5746/3011/5874 5725/3012/5849 
f 5729/3013/5851 5748/3014/5875 5747/3015/5876 5727/3016/5852 
f 5731/3017/5855 5749/3018/5877 5748/3019/5875 5729/3020/5851 
f 5733/3021/5857 5750/3022/5878 5749/3023/5877 5731/3024/5855 
f 5735/3025/5859 5751/3026/5879 5750/3027/5878 5733/3028/5857 
f 5737/3029/5861 5752/3030/5880 5751/3031/5879 5735/3032/5859 
f 5739/3033/5863 5753/3034/5881 5752/3035/5881 5737/3036/5864 
f 5741/3037/5866 5754/3038/5882 5753/3039/5883 5739/3040/5867 
f 5743/3041/5870 5755/3042/5884 5754/3043/5882 5741/3044/5866 
f 5722/3045/5843 5745/3046/5872 5755/3047/5884 5743/3048/5870 
f 5744/3049/5871 5756/3050/5885 5757/3051/5886 5745/3052/5872 
f 5746/3053/5873 5758/3054/5887 5756/3055/5887 5744/3056/5871 
f 5747/3057/5874 5759/3058/5888 5758/3059/5888 5746/3060/5874 
f 5748/3061/5875 5760/3062/5889 5759/3063/5890 5747/3064/5876 
f 5749/3065/5877 5761/3066/5891 5760/3067/5889 5748/3068/5875 
f 5750/3069/5878 5762/3070/5892 5761/3071/5891 5749/3072/5877 
f 5751/3073/5879 5763/3074/5893 5762/3075/5892 5750/3076/5878 
f 5752/3077/5880 5764/3078/5894 5763/3079/5894 5751/3080/5879 
f 5753/3081/5881 5765/3082/5895 5764/3083/5895 5752/3084/5881 
f 5754/3085/5882 5766/3086/5896 5765/3087/5897 5753/3088/5883 
f 5755/3089/5884 5767/3090/5898 5766/3091/5896 5754/3092/5882 
f 5745/3093/5872 5757/3094/5886 5767/3095/5898 5755/3096/5884 
f 5756/3097/5885 5768/3098/5899 5769/3099/5900 5757/3100/5886 
f 5758/3101/5887 5770/3102/5901 5768/3103/5901 5756/3104/5887 
f 5759/3105/5888 5771/3106/5902 5770/3107/5902 5758/3108/5888 
f 5760/3109/5889 5772/3110/5903 5771/3111/5904 5759/3112/5890 
f 5761/3113/5891 5773/3114/5905 5772/3115/5903 5760/3116/5889 
f 5762/3117/5892 5774/3118/5906 5773/3119/5905 5761/3120/5891 
f 5763/3121/5893 5775/3122/5907 5774/3123/5906 5762/3124/5892 
f 5764/3125/5894 5776/3126/5908 5775/3127/5908 5763/3128/5894 
f 5765/3129/5895 5777/3130/5909 5776/3131/5909 5764/3132/5895 
f 5766/3133/5896 5778/3134/5910 5777/3135/5911 5765/3136/5897 
f 5767/3137/5898 5779/3138/5912 5778/3139/5910 5766/3140/5896 
f 5757/3141/5886 5769/3142/5900 5779/3143/5912 5767/3144/5898 
f 5768/3145/5899 5780/3146/5913 5781/3147/5914 5769/3148/5900 
f 5770/3149/5901 5782/3150/5915 5780/3151/5916 5768/3152/5901 
f 5771/3153/5902 5783/3154/5917 5782/3155/5918 5770/3156/5902 
f 5772/3157/5903 5784/3158/5919 5783/3159/5920 5771/3160/5904 
f 5773/3161/5905 5785/3162/5921 5784/3163/5919 5772/3164/5903 
f 5774/3165/5906 5786/3166/5922 5785/3167/5921 5773/3168/5905 
f 5775/3169/5907 5787/3170/5923 5786/3171/5922 5774/3172/5906 
f 5776/3173/5908 5788/3174/5924 5787/3175/5925 5775/3176/5908 
f 5777/3177/5909 5789/3178/5926 5788/3179/5927 5776/3180/5909 
f 5778/3181/5910 5790/3182/5928 5789/3183/5929 5777/3184/5911 
f 5779/3185/5912 5791/3186/5930 5790/3187/5928 5778/3188/5910 
f 5769/3189/5900 5781/3190/5914 5791/3191/5930 5779/3192/5912 
f 5780/3193/5913 5792/3194/5931 5793/3195/5932 5781/3196/5914 
f 5782/3197/5915 5794/3198/5933 5792/3199/5933 5780/3200/5916 
f 5783/3201/5917 5795/3202/5934 5794/3203/5934 5782/3204/5918 
f 5784/3205/5919 5796/3206/5935 5795/3207/5936 5783/3208/5920 
f 5785/3209/5921 5797/3210/5937 5796/3211/5935 5784/3212/5919 
f 5786/3213/5922 5798/3214/5938 5797/3215/5937 5785/3216/5921 
f 5787/3217/5923 5799/3218/5939 5798/3219/5938 5786/3220/5922 
f 5788/3221/5924 5800/3222/5940 5799/3223/5940 5787/3224/5925 
f 5789/3225/5926 5801/3226/5941 5800/3227/5941 5788/3228/5927 
f 5790/3229/5928 5802/3230/5942 5801/3231/5943 5789/3232/5929 
f 5791/3233/5930 5803/3234/5944 5802/3235/5942 5790/3236/5928 
f 5781/3237/5914 5793/3238/5932 5803/3239/5944 5791/3240/5930 
f 5804/3241/5945 5805/3242/5946 5806/3243/5947 5807/3244/5948 
f 5808/3245/5949 5809/3246/5950 5805/3247/5946 5804/3248/5949 
f 5810/3249/5951 5811/3250/5952 5809/3251/5953 5808/3252/5951 
f 5812/3253/5954 5813/3254/5955 5811/3255/5956 5810/3256/5957 
f 5814/3257/5958 5815/3258/5959 5813/3259/5955 5812/3260/5954 
f 5816/3261/5960 5817/3262/5961 5815/3263/5959 5814/3264/5958 
f 5818/3265/5962 5819/3266/5963 5817/3267/5961 5816/3268/5960 
f 5820/3269/5964 5821/3270/5965 5819/3271/5963 5818/3272/5964 
f 5822/3273/5966 5823/3274/5967 5821/3275/5968 5820/3276/5966 
f 5824/3277/5969 5825/3278/5970 5823/3279/5971 5822/3280/5972 
f 5826/3281/5973 5827/3282/5974 5825/3283/5970 5824/3284/5969 
f 5807/3285/5948 5806/3286/5947 5827/3287/5974 5826/3288/5973 
f 5805/3289/5946 5828/3290/5975 5829/3291/5976 5806/3292/5947 
f 5809/3293/5950 5830/3294/5977 5828/3295/5975 5805/3296/5946 
f 5811/3297/5952 5831/3298/5978 5830/3299/5978 5809/3300/5953 
f 5813/3301/5955 5832/3302/5979 5831/3303/5980 5811/3304/5956 
f 5815/3305/5959 5833/3306/5981 5832/3307/5979 5813/3308/5955 
f 5817/3309/5961 5834/3310/5982 5833/3311/5981 5815/3312/5959 
f 5819/3313/5963 5835/3314/5983 5834/3315/5982 5817/3316/5961 
f 5821/3317/5965 5836/3318/5984 5835/3319/5983 5819/3320/5963 
f 5823/3321/5967 5837/3322/5985 5836/3323/5985 5821/3324/5968 
f 5825/3325/5970 5838/3326/5986 5837/3327/5987 5823/3328/5971 
f 5827/3329/5974 5839/3330/5988 5838/3331/5986 5825/3332/5970 
f 5806/3333/5947 5829/3334/5976 5839/3335/5988 5827/3336/5974 
f 5828/3337/5975 5840/3338/5989 5841/3339/5990 5829/3340/5976 
f 5830/3341/5977 5842/3342/5991 5840/3343/5991 5828/3344/5975 
f 5831/3345/5978 5843/3346/5992 5842/3347/5992 5830/3348/5978 
f 5832/3349/5979 5844/3350/5993 5843/3351/5994 5831/3352/5980 
f 5833/3353/5981 5845/3354/5995 5844/3355/5993 5832/3356/5979 
f 5834/3357/5982 5846/3358/5996 5845/3359/5995 5833/3360/5981 
f 5835/3361/5983 5847/3362/5997 5846/3363/5996 5834/3364/5982 
f 5836/3365/5984 5848/3366/5998 5847/3367/5998 5835/3368/5983 
f 5837/3369/5985 5849/3370/5999 5848/3371/5999 5836/3372/5985 
f 5838/3373/5986 5850/3374/6000 5849/3375/6001 5837/3376/5987 
f 5839/3377/5988 5851/3378/6002 5850/3379/6000 5838/3380/5986 
f 5829/3381/5976 5841/3382/5990 5851/3383/6002 5839/3384/5988 
f 5840/3385/5989 5852/3386/6003 5853/3387/6004 5841/3388/5990 
f 5842/3389/5991 5854/3390/6005 5852/3391/6005 5840/3392/5991 
f 5843/3393/5992 5855/3394/6006 5854/3395/6006 5842/3396/5992 
f 5844/3397/5993 5856/3398/6007 5855/3399/6008 5843/3400/5994 
f 5845/3401/5995 5857/3402/6009 5856/3403/6007 5844/3404/5993 
f 5846/3405/5996 5858/3406/6010 5857/3407/6009 5845/3408/5995 
f 5847/3409/5997 5859/3410/6011 5858/3411/6010 5846/3412/5996 
f 5848/3413/5998 5860/3414/6012 5859/3415/6012 5847/3416/5998 
f 5849/3417/5999 5861/3418/6013 5860/3419/6013 5848/3420/5999 
f 5850/3421/6000 5862/3422/6014 5861/3423/6015 5849/3424/6001 
f 5851/3425/6002 5863/3426/6016 5862/3427/6014 5850/3428/6000 
f 5841/3429/5990 5853/3430/6004 5863/3431/6016 5851/3432/6002 
f 5852/3433/6003 5864/3434/6017 5865/3435/6018 5853/3436/6004 
f 5854/3437/6005 5866/3438/6019 5864/3439/6020 5852/3440/6005 
f 5855/3441/6006 5867/3442/6021 5866/3443/6022 5854/3444/6006 
f 5856/3445/6007 5868/3446/6023 5867/3447/6024 5855/3448/6008 
f 5857/3449/6009 5869/3450/6025 5868/3451/6023 5856/3452/6007 
f 5858/3453/6010 5870/3454/6026 5869/3455/6025 5857/3456/6009 
f 5859/3457/6011 5871/3458/6027 5870/3459/6026 5858/3460/6010 
f 5860/3461/6012 5872/3462/6028 5871/3463/6029 5859/3464/6012 
f 5861/3465/6013 5873/3466/6030 5872/3467/6031 5860/3468/6013 
f 5862/3469/6014 5874/3470/6032 5873/3471/6033 5861/3472/6015 
f 5863/3473/6016 5875/3474/6034 5874/3475/6032 5862/3476/6014 
f 5853/3477/6004 5865/3478/6018 5875/3479/6034 5863/3480/6016 
f 5864/3481/6017 5876/3482/6035 5877/3483/6036 5865/3484/6018 
f 5866/3485/6019 5878/3486/6037 5876/3487/6037 5864/3488/6020 
f 5867/3489/6021 5879/3490/6038 5878/3491/6038 5866/3492/6022 
f 5868/3493/6023 5880/3494/6039 5879/3495/6040 5867/3496/6024 
f 5869/3497/6025 5881/3498/6041 5880/3499/6039 5868/3500/6023 
f 5870/3501/6026 5882/3502/6042 5881/3503/6041 5869/3504/6025 
f 5871/3505/6027 5883/3506/6043 5882/3507/6042 5870/3508/6026 
f 5872/3509/6028 5884/3510/6044 5883/3511/6044 5871/3512/6029 
f 5873/3513/6030 5885/3514/6045 5884/3515/6045 5872/3516/6031 
f 5874/3517/6032 5886/3518/6046 5885/3519/6047 5873/3520/6033 
f 5875/3521/6034 5887/3522/6048 5886/3523/6046 5874/3524/6032 
f 5865/3525/6018 5877/3526/6036 5887/3527/6048 5875/3528/6034 
f 5888/3529/6049 5889/3530/6050 5890/3531/6051 5891/3532/6052 
f 5892/3533/6053 5893/3534/6054 5889/3535/6050 5888/3536/6053 
f 5894/3537/6055 5895/3538/6056 5893/3539/6057 5892/3540/6055 
f 5896/3541/6058 5897/3542/6059 5895/3543/6060 5894/3544/6061 
f 5898/3545/6062 5899/3546/6063 5897/3547/6059 5896/3548/6058 
f 5900/3549/6064 5901/3550/6065 5899/3551/6063 5898/3552/6062 
f 5902/3553/6066 5903/3554/6067 5901/3555/6065 5900/3556/6064 
f 5904/3557/6068 5905/3558/6069 5903/3559/6067 5902/3560/6068 
f 5906/3561/6070 5907/3562/6071 5905/3563/6072 5904/3564/6070 
f 5908/3565/6073 5909/3566/6074 5907/3567/6075 5906/3568/6076 
f 5910/3569/6077 5911/3570/6078 5909/3571/6074 5908/3572/6073 
f 5891/3573/6052 5890/3574/6051 5911/3575/6078 5910/3576/6077 
f 5889/3577/6050 5912/3578/6079 5913/3579/6080 5890/3580/6051 
f 5893/3581/6054 5914/3582/6081 5912/3583/6079 5889/3584/6050 
f 5895/3585/6056 5915/3586/6082 5914/3587/6082 5893/3588/6057 
f 5897/3589/6059 5916/3590/6083 5915/3591/6084 5895/3592/6060 
f 5899/3593/6063 5917/3594/6085 5916/3595/6083 5897/3596/6059 
f 5901/3597/6065 5918/3598/6086 5917/3599/6085 5899/3600/6063 
f 5903/3601/6067 5919/3602/6087 5918/3603/6086 5901/3604/6065 
f 5905/3605/6069 5920/3606/6088 5919/3607/6087 5903/3608/6067 
f 5907/3609/6071 5921/3610/6089 5920/3611/6089 5905/3612/6072 
f 5909/3613/6074 5922/3614/6090 5921/3615/6091 5907/3616/6075 
f 5911/3617/6078 5923/3618/6092 5922/3619/6090 5909/3620/6074 
f 5890/3621/6051 5913/3622/6080 5923/3623/6092 5911/3624/6078 
f 5912/3625/6079 5924/3626/6093 5925/3627/6094 5913/3628/6080 
f 5914/3629/6081 5926/3630/6095 5924/3631/6095 5912/3632/6079 
f 5915/3633/6082 5927/3634/6096 5926/3635/6096 5914/3636/6082 
f 5916/3637/6083 5928/3638/6097 5927/3639/6098 5915/3640/6084 
f 5917/3641/6085 5929/3642/6099 5928/3643/6097 5916/3644/6083 
f 5918/3645/6086 5930/3646/6100 5929/3647/6099 5917/3648/6085 
f 5919/3649/6087 5931/3650/6101 5930/3651/6100 5918/3652/6086 
f 5920/3653/6088 5932/3654/6102 5931/3655/6102 5919/3656/6087 
f 5921/3657/6089 5933/3658/6103 5932/3659/6103 5920/3660/6089 
f 5922/3661/6090 5934/3662/6104 5933/3663/6105 5921/3664/6091 
f 5923/3665/6092 5935/3666/6106 5934/3667/6104 5922/3668/6090 
f 5913/3669/6080 5925/3670/6094 5935/3671/6106 5923/3672/6092 
f 5924/3673/6093 5936/3674/6107 5937/3675/6108 5925/3676/6094 
f 5926/3677/6095 5938/3678/6109 5936/3679/6109 5924/3680/6095 
f 5927/3681/6096 5939/3682/6110 5938/3683/6110 5926/3684/6096 
f 5928/3685/6097 5940/3686/6111 5939/3687/6112 5927/3688/6098 
f 5929/3689/6099 5941/3690/6113 5940/3691/6111 5928/3692/6097 
f 5930/3693/6100 5942/3694/6114 5941/3695/6113 5929/3696/6099 
f 5931/3697/6101 5943/3698/6115 5942/3699/6114 5930/3700/6100 
f 5932/3701/6102 5944/3702/6116 5943/3703/6116 5931/3704/6102 
f 5933/3705/6103 5945/3706/6117 5944/3707/6117 5932/3708/6103 
f 5934/3709/6104 5946/3710/6118 5945/3711/6119 5933/3712/6105 
f 5935/3713/6106 5947/3714/6120 5946/3715/6118 5934/3716/6104 
f 5925/3717/6094 5937/3718/6108 5947/3719/6120 5935/3720/6106 
f 5936/3721/6107 5948/3722/6121 5949/3723/6122 5937/3724/6108 
f 5938/3725/6109 5950/3726/6123 5948/3727/6124 5936/3728/6109 
f 5939/3729/6110 5951/3730/6125 5950/3731/6126 5938/3732/6110 
f 5940/3733/6111 5952/3734/6127 5951/3735/6128 5939/3736/6112 
f 5941/3737/6113 5953/3738/6129 5952/3739/6127 5940/3740/6111 
f 5942/3741/6114 5954/3742/6130 5953/3743/6129 5941/3744/6113 
f 5943/3745/6115 5955/3746/6131 5954/3747/6130 5942/3748/6114 
f 5944/3749/6116 5956/3750/6132 5955/3751/6133 5943/3752/6116 
f 5945/3753/6117 5957/3754/6134 5956/3755/6135 5944/3756/6117 
f 5946/3757/6118 5958/3758/6136 5957/3759/6137 5945/3760/6119 
f 5947/3761/6120 5959/3762/6138 5958/3763/6136 5946/3764/6118 
f 5937/3765/6108 5949/3766/6122 5959/3767/6138 5947/3768/6120 
f 5948/3769/6121 5960/3770/6139 5961/3771/6140 5949/3772/6122 
f 5950/3773/6123 5962/3774/6141 5960/3775/6141 5948/3776/6124 
f 5951/3777/6125 5963/3778/6142 5962/3779/6142 5950/3780/6126 
f 5952/3781/6127 5964/3782/6143 5963/3783/6144 5951/3784/6128 
f 5953/3785/6129 5965/3786/6145 5964/3787/6143 5952/3788/6127 
f 5954/3789/6130 5966/3790/6146 5965/3791/6145 5953/3792/6129 
f 5955/3793/6131 5967/3794/6147 5966/3795/6146 5954/3796/6130 
f 5956/3797/6132 5968/3798/6148 5967/3799/6148 5955/3800/6133 
f 5957/3801/6134 5969/3802/6149 5968/3803/6149 5956/3804/6135 
f 5958/3805/6136 5970/3806/6150 5969/3807/6151 5957/3808/6137 
f 5959/3809/6138 5971/3810/6152 5970/3811/6150 5958/3812/6136 
f 5949/3813/6122 5961/3814/6140 5971/3815/6152 5959/3816/6138 
f 5972/3817/6153 5973/3818/6154 5974/3819/6155 5975/3820/6156 
f 5976/3821/6157 5977/3822/6158 5973/3823/6154 5972/3824/6157 
f 5978/3825/6159 5979/3826/6160 5977/3827/6161 5976/3828/6159 
f 5980/3829/6162 5981/3830/6163 5979/3831/6164 5978/3832/6165 
f 5982/3833/6166 5983/3834/6167 5981/3835/6163 5980/3836/6162 
f 5984/3837/6168 5985/3838/6169 5983/3839/6167 5982/3840/6166 
f 5986/3841/6170 5987/3842/6171 5985/3843/6169 5984/3844/6168 
f 5988/3845/6172 5989/3846/6173 5987/3847/6171 5986/3848/6172 
f 5990/3849/6174 5991/3850/6175 5989/3851/6176 5988/3852/6174 
f 5992/3853/6177 5993/3854/6178 5991/3855/6179 5990/3856/6180 
f 5994/3857/6181 5995/3858/6182 5993/3859/6178 5992/3860/6177 
f 5975/3861/6156 5974/3862/6155 5995/3863/6182 5994/3864/6181 
f 5973/3865/6154 5996/3866/6183 5997/3867/6184 5974/3868/6155 
f 5977/3869/6158 5998/3870/6185 5996/3871/6183 5973/3872/6154 
f 5979/3873/6160 5999/3874/6186 5998/3875/6186 5977/3876/6161 
f 5981/3877/6163 6000/3878/6187 5999/3879/6188 5979/3880/6164 
f 5983/3881/6167 6001/3882/6189 6000/3883/6187 5981/3884/6163 
f 5985/3885/6169 6002/3886/6190 6001/3887/6189 5983/3888/6167 
f 5987/3889/6171 6003/3890/6191 6002/3891/6190 5985/3892/6169 
f 5989/3893/6173 6004/3894/6192 6003/3895/6191 5987/3896/6171 
f 5991/3897/6175 6005/3898/6193 6004/3899/6193 5989/3900/6176 
f 5993/3901/6178 6006/3902/6194 6005/3903/6195 5991/3904/6179 
f 5995/3905/6182 6007/3906/6196 6006/3907/6194 5993/3908/6178 
f 5974/3909/6155 5997/3910/6184 6007/3911/6196 5995/3912/6182 
f 5996/3913/6183 6008/3914/6197 6009/3915/6198 5997/3916/6184 
f 5998/3917/6185 6010/3918/6199 6008/3919/6199 5996/3920/6183 
f 5999/3921/6186 6011/3922/6200 6010/3923/6200 5998/3924/6186 
f 6000/3925/6187 6012/3926/6201 6011/3927/6202 5999/3928/6188 
f 6001/3929/6189 6013/3930/6203 6012/3931/6201 6000/3932/6187 
f 6002/3933/6190 6014/3934/6204 6013/3935/6203 6001/3936/6189 
f 6003/3937/6191 6015/3938/6205 6014/3939/6204 6002/3940/6190 
f 6004/3941/6192 6016/3942/6206 6015/3943/6206 6003/3944/6191 
f 6005/3945/6193 6017/3946/6207 6016/3947/6207 6004/3948/6193 
f 6006/3949/6194 6018/3950/6208 6017/3951/6209 6005/3952/6195 
f 6007/3953/6196 6019/3954/6210 6018/3955/6208 6006/3956/6194 
f 5997/3957/6184 6009/3958/6198 6019/3959/6210 6007/3960/6196 
f 6008/3961/6197 6020/3962/6211 6021/3963/6212 6009/3964/6198 
f 6010/3965/6199 6022/3966/6213 6020/3967/6213 6008/3968/6199 
f 6011/3969/6200 6023/3970/6214 6022/3971/6214 6010/3972/6200 
f 6012/3973/6201 6024/3974/6215 6023/3975/6216 6011/3976/6202 
f 6013/3977/6203 6025/3978/6217 6024/3979/6215 6012/3980/6201 
f 6014/3981/6204 6026/3982/6218 6025/3983/6217 6013/3984/6203 
f 6015/3985/6205 6027/3986/6219 6026/3987/6218 6014/3988/6204 
f 6016/3989/6206 6028/3990/6220 6027/3991/6220 6015/3992/6206 
f 6017/3993/6207 6029/3994/6221 6028/3995/6221 6016/3996/6207 
f 6018/3997/6208 6030/3998/6222 6029/3999/6223 6017/4000/6209 
f 6019/4001/6210 6031/4002/6224 6030/4003/6222 6018/4004/6208 
f 6009/4005/6198 6021/4006/6212 6031/4007/6224 6019/4008/6210 
f 6020/4009/6211 6032/4010/6225 6033/4011/6226 6021/4012/6212 
f 6022/4013/6213 6034/4014/6227 6032/4015/6228 6020/4016/6213 
f 6023/4017/6214 6035/4018/6229 6034/4019/6230 6022/4020/6214 
f 6024/4021/6215 6036/4022/6231 6035/4023/6232 6023/4024/6216 
f 6025/4025/6217 6037/4026/6233 6036/4027/6231 6024/4028/6215 
f 6026/4029/6218 6038/4030/6234 6037/4031/6233 6025/4032/6217 
f 6027/4033/6219 6039/4034/6235 6038/4035/6234 6026/4036/6218 
f 6028/4037/6220 6040/4038/6236 6039/4039/6237 6027/4040/6220 
f 6029/4041/6221 6041/4042/6238 6040/4043/6239 6028/4044/6221 
f 6030/4045/6222 6042/4046/6240 6041/4047/6241 6029/4048/6223 
f 6031/4049/6224 6043/4050/6242 6042/4051/6240 6030/4052/6222 
f 6021/4053/6212 6033/4054/6226 6043/4055/6242 6031/4056/6224 
f 6032/4057/6225 6044/4058/6243 6045/4059/6244 6033/4060/6226 
f 6034/4061/6227 6046/4062/6245 6044/4063/6245 6032/4064/6228 
f 6035/4065/6229 6047/4066/6246 6046/4067/6246 6034/4068/6230 
f 6036/4069/6231 6048/4070/6247 6047/4071/6248 6035/4072/6232 
f 6037/4073/6233 6049/4074/6249 6048/4075/6247 6036/4076/6231 
f 6038/4077/6234 6050/4078/6250 6049/4079/6249 6037/4080/6233 
f 6039/4081/6235 6051/4082/6251 6050/4083/6250 6038/4084/6234 
f 6040/4085/6236 6052/4086/6252 6051/4087/6252 6039/4088/6237 
f 6041/4089/6238 6053/4090/6253 6052/4091/6253 6040/4092/6239 
f 6042/4093/6240 6054/4094/6254 6053/4095/6255 6041/4096/6241 
f 6043/4097/6242 6055/4098/6256 6054/4099/6254 6042/4100/6240 
f 6033/4101/6226 6045/4102/6244 6055/4103/6256 6043/4104/6242 
f 6056/4105/6257 6057/4106/6258 6058/4107/6259 
f 6059/4108/6260 6060/4109/6261 6061/4110/6262 6062/4111/6263 
f 6063/4112/6264 6064/4113/6264 6065/4114/6264 6066/4115/6264 
f 6063/4112/6264 6066/4115/6264 6058/4116/6264 6067/4117/6264 
f 6068/4118/6265 6069/4119/6266 6070/4120/6267 
f 6071/4121/6268 6072/4122/6269 6072/4122/6270 6073/4123/6270 
f 6073/4123/6270 6074/4124/6270 6075/4125/6270 6076/4126/6270 
f 6075/4125/6270 6077/4127/6270 6076/4126/6270 
f 6071/4121/6268 6073/4123/6270 6076/4126/6270 6071/4121/6270 
f 6065/4128/6271 6078/4129/6272 6066/4130/6273 
f 6075/4131/6274 6074/4132/6275 6079/4133/6276 6080/4134/6277 
f 6075/4131/6274 6080/4134/6277 6077/4135/6278 
f 6081/4136/6279 6082/4137/6280 6082/4137/6280 6083/4138/6280 
f 6066/4130/6273 6081/4136/6279 6083/4138/6280 6084/4139/6280 
f 6066/4130/6273 6084/4139/6280 6085/4140/6280 6086/4141/6280 
f 6066/4130/6273 6086/4141/6280 6087/4142/6280 6058/4107/6259 
f 6058/4107/6259 6087/4142/6280 6088/4143/6280 6089/4144/6280 
f 6058/4107/6259 6089/4144/6280 6090/4145/6280 6056/4105/6257 
f 6056/4105/6257 6090/4145/6280 6091/4146/6280 6092/4147/6280 
f 6056/4105/6257 6092/4147/6280 6093/4148/6280 6094/4149/6280 
f 6056/4105/6257 6094/4149/6280 6095/4150/6280 6096/4151/6280 
f 6071/4152/6280 6056/4105/6257 6096/4151/6280 6071/4152/6280 
f 6097/4153/6281 6084/4154/6282 6083/4155/6283 6098/4156/6284 
f 6099/4157/6285 6100/4158/6286 6085/4159/6287 6084/4160/6282 
f 6099/4157/6285 6084/4160/6282 6097/4161/6281 
f 6101/4162/6288 6086/4163/6289 6085/4159/6287 6100/4158/6286 
f 6102/4164/6290 6087/4165/6291 6086/4163/6289 6101/4162/6288 
f 6103/4166/6292 6088/4167/6293 6087/4165/6291 6102/4164/6290 
f 6104/4168/6294 6089/4169/6295 6088/4167/6293 6103/4166/6292 
f 6105/4170/6296 6090/4171/6297 6089/4169/6295 6104/4168/6294 
f 6091/4172/6298 6090/4171/6297 6105/4170/6296 6106/4173/6299 
f 6092/4174/6300 6091/4172/6298 6106/4173/6299 6107/4175/6301 
f 6092/4174/6300 6107/4175/6301 6095/4176/6302 6094/4177/6303 
f 6108/4178/6304 6096/4179/6305 6095/4176/6302 6107/4175/6301 
f 6072/4122/6269 6071/4121/6268 6096/4180/6305 6108/4181/6304 
f 6109/4182/6306 6110/4183/6307 6111/4184/6308 
f 6098/4156/6284 6083/4155/6283 6082/4185/6309 6112/4186/6310 
f 6094/4177/6303 6093/4187/6311 6092/4174/6300 
f 6080/4134/6277 6079/4133/6276 6113/4188/6312 6114/4189/6313 
f 6115/4190/6314 6116/4191/6315 6117/4192/6316 6118/4193/6317 
f 6114/4189/6313 6113/4188/6312 6116/4191/6315 6115/4190/6314 
f 6119/4194/6318 6067/4195/6319 6058/4107/6259 
f 6057/4106/6258 6120/4196/6320 6058/4107/6259 
f 6120/4196/6320 6119/4194/6318 6058/4107/6259 
f 6110/4183/6307 6121/4197/6321 6111/4184/6308 
f 6121/4197/6321 6122/4198/6322 6111/4184/6308 
f 6123/4199/6323 6124/4200/6324 6061/4110/6262 6060/4109/6261 
f 6125/4201/6325 6126/4202/6326 6124/4200/6324 6123/4199/6323 
f 6127/4203/6327 6128/4204/6328 6126/4202/6326 6125/4201/6325 
f 6129/4205/6329 6130/4206/6330 6128/4204/6328 6127/4203/6327 
f 6131/4207/6331 6132/4208/6332 6070/4120/6267 
f 6133/4209/6333 6131/4207/6331 6070/4120/6267 
f 6069/4119/6266 6133/4209/6333 6070/4120/6267 
f 6118/4193/6317 6117/4192/6316 6134/4210/6334 6135/4211/6335 
f 6122/4198/6322 6136/4212/6336 6111/4184/6308 
f 6078/4129/6272 6137/4213/6337 6066/4130/6273 
f 6137/4213/6337 6138/4214/6338 6066/4130/6273 
f 6138/4214/6338 6081/4136/6279 6066/4130/6273 
f 6134/4210/6334 6117/4192/6316 6139/4215/6339 6140/4216/6340 
f 6140/4217/6341 6139/4218/6342 6069/4119/6266 6068/4118/6265 
f 6117/4192/6316 6116/4191/6315 6141/4219/6343 6139/4215/6339 
f 6139/4218/6342 6141/4220/6344 6133/4209/6333 6069/4119/6266 
f 6116/4191/6315 6113/4188/6312 6142/4221/6345 6141/4219/6343 
f 6141/4220/6344 6142/4222/6346 6131/4207/6331 6133/4209/6333 
f 6113/4188/6312 6079/4133/6276 6143/4223/6347 6142/4221/6345 
f 6142/4222/6346 6143/4224/6348 6132/4208/6332 6131/4207/6331 
f 6068/4225/6349 6144/4226/6349 6145/4227/6349 6140/4228/6349 
f 6072/4229/6350 6132/4230/6350 6143/4223/6347 6073/4231/6351 
f 6073/4231/6351 6143/4223/6347 6079/4133/6276 6074/4132/6275 
f 6146/4232/6352 6144/4233/6352 6068/4118/6352 6070/4120/6267 
f 6146/4232/6352 6070/4120/6267 6111/4184/6308 6136/4212/6336 
f 6080/4134/6277 6114/4189/6313 6147/4234/6353 6148/4235/6354 
f 6148/4236/6355 6147/4237/6356 6057/4106/6258 6056/4105/6257 
f 6114/4189/6313 6115/4190/6314 6149/4238/6357 6147/4234/6353 
f 6147/4237/6356 6149/4239/6358 6120/4196/6320 6057/4106/6258 
f 6115/4190/6314 6118/4193/6317 6150/4240/6359 6149/4238/6357 
f 6149/4239/6358 6150/4241/6360 6119/4194/6318 6120/4196/6320 
f 6118/4193/6317 6135/4211/6335 6151/4242/6361 6150/4240/6359 
f 6150/4241/6360 6151/4243/6362 6067/4195/6319 6119/4194/6318 
f 6151/4244/6363 6152/4245/6363 6063/4112/6363 6067/4117/6363 
f 6077/4135/6278 6080/4134/6277 6148/4235/6354 6076/4246/6364 
f 6076/4246/6364 6148/4235/6354 6056/4247/6365 6071/4248/6365 
f 6132/4208/6332 6072/4249/6366 6072/4249/6366 6108/4250/6366 
f 6132/4208/6332 6108/4250/6366 6107/4251/6366 6070/4120/6267 
f 6070/4120/6267 6107/4251/6366 6106/4252/6366 6105/4253/6366 
f 6070/4120/6267 6105/4253/6366 6104/4254/6366 6103/4255/6366 
f 6111/4184/6308 6070/4120/6267 6103/4255/6366 6102/4256/6366 
f 6111/4184/6308 6102/4256/6366 6101/4257/6366 6100/4258/6366 
f 6109/4182/6306 6111/4184/6308 6100/4258/6366 6097/4259/6366 
f 6100/4258/6366 6099/4260/6366 6097/4259/6366 
f 6109/4182/6306 6097/4259/6366 6098/4261/6366 6112/4262/6366 
f 6112/4262/6366 6112/4262/6366 6098/4261/6366 
f 6129/4205/6329 6127/4203/6327 6153/4263/6367 6154/4264/6368 
f 6154/4265/6369 6153/4266/6370 6078/4129/6272 6065/4128/6271 
f 6127/4203/6327 6125/4201/6325 6155/4267/6371 6153/4263/6367 
f 6153/4266/6370 6155/4268/6372 6137/4213/6337 6078/4129/6272 
f 6125/4201/6325 6123/4199/6323 6156/4269/6373 6155/4267/6371 
f 6155/4268/6372 6156/4270/6374 6138/4214/6338 6137/4213/6337 
f 6123/4199/6323 6060/4109/6261 6157/4271/6375 6156/4269/6373 
f 6156/4270/6374 6157/4272/6376 6081/4136/6279 6138/4214/6338 
f 6060/4109/6261 6059/4108/6260 6158/4273/6377 6157/4271/6375 
f 6157/4271/6375 6158/4273/6377 6082/4274/6378 6081/4275/6378 
f 6082/4185/6379 6158/4276/6379 6059/4277/6379 6062/4278/6379 
f 6082/4185/6379 6062/4278/6379 6159/4279/6379 6112/4186/6379 
f 6082/4185/6379 6112/4186/6379 6112/4186/6310 6082/4185/6309 
f 6061/4110/6262 6124/4200/6324 6160/4280/6380 6161/4281/6381 
f 6161/4282/6382 6160/4283/6383 6110/4183/6307 6109/4182/6306 
f 6124/4200/6324 6126/4202/6326 6162/4284/6384 6160/4280/6380 
f 6160/4283/6383 6162/4285/6385 6121/4197/6321 6110/4183/6307 
f 6126/4202/6326 6128/4204/6328 6163/4286/6386 6162/4284/6384 
f 6162/4285/6385 6163/4287/6387 6122/4198/6322 6121/4197/6321 
f 6128/4204/6328 6130/4206/6330 6164/4288/6388 6163/4286/6386 
f 6163/4287/6387 6164/4289/6389 6136/4212/6336 6122/4198/6322 
f 6164/4290/6390 6165/4291/6390 6146/4292/6390 6136/4293/6390 
f 6062/4111/6263 6061/4110/6262 6161/4281/6381 6159/4294/6391 
f 6159/4294/6391 6161/4281/6381 6109/4295/6392 6112/4296/6392 
f 6166/4105/6393 6167/4107/6394 6168/4106/6395 
f 6169/4108/6396 6170/4111/6396 6171/4110/6397 6172/4109/6398 
f 6173/4112/6399 6174/4117/6400 6167/4116/6394 6175/4115/6401 
f 6173/4112/6399 6175/4115/6401 6176/4114/6402 6177/4113/6403 
f 6178/4118/6404 6179/4120/6405 6180/4119/6406 
f 6181/4126/6407 6182/4127/6408 6183/4125/6408 6184/4123/6408 
f 6183/4125/6408 6185/4124/6408 6184/4123/6408 
f 6184/4123/6408 6186/4122/6408 6186/4122/6409 6181/4126/6407 
f 6187/4121/6410 6181/4126/6407 6186/4122/6409 6187/4121/6411 
f 6176/4128/6402 6175/4130/6401 6188/4129/6412 
f 6183/4131/6413 6182/4135/6413 6189/4134/6414 6190/4133/6415 
f 6183/4131/6413 6190/4133/6415 6185/4132/6416 
f 6187/4152/6410 6187/4152/6411 6191/4151/6417 6192/4150/6418 
f 6187/4152/6410 6192/4150/6418 6193/4149/6419 6194/4148/6420 
f 6187/4152/6410 6194/4148/6420 6195/4147/6421 6196/4146/6422 
f 6187/4152/6410 6196/4146/6422 6197/4145/6423 6198/4144/6424 
f 6187/4152/6410 6198/4144/6424 6199/4143/6424 6200/4142/6424 
f 6187/4152/6410 6200/4142/6424 6201/4141/6424 6202/4140/6424 
f 6187/4152/6410 6202/4140/6424 6203/4139/6424 6204/4138/6424 
f 6187/4152/6410 6204/4138/6424 6205/4137/6424 6205/4137/6425 
f 6187/4152/6410 6205/4137/6425 6206/4136/6426 6175/4130/6401 
f 6187/4152/6410 6175/4130/6401 6167/4107/6394 6166/4105/6393 
f 6207/4153/6427 6208/4156/6428 6204/4155/6429 6203/4154/6430 
f 6209/4157/6431 6207/4161/6427 6203/4160/6430 6202/4159/6432 
f 6209/4157/6431 6202/4159/6432 6210/4158/6433 
f 6211/4162/6434 6210/4158/6433 6202/4159/6432 6201/4163/6435 
f 6212/4164/6436 6211/4162/6434 6201/4163/6435 6200/4165/6437 
f 6213/4166/6438 6212/4164/6436 6200/4165/6437 6199/4167/6439 
f 6214/4168/6440 6213/4166/6438 6199/4167/6439 6198/4169/6441 
f 6215/4170/6442 6214/4168/6440 6198/4169/6441 6197/4171/6423 
f 6196/4172/6422 6216/4173/6443 6215/4170/6442 6197/4171/6423 
f 6195/4174/6421 6193/4177/6419 6192/4176/6418 6217/4175/6444 
f 6195/4174/6421 6217/4175/6444 6216/4173/6443 6196/4172/6422 
f 6218/4178/6445 6217/4175/6444 6192/4176/6418 6191/4179/6417 
f 6186/4122/6409 6218/4181/6445 6191/4180/6417 6187/4121/6411 
f 6219/4182/6446 6220/4184/6447 6221/4183/6448 
f 6208/4156/6428 6222/4186/6449 6205/4185/6450 6204/4155/6429 
f 6193/4177/6419 6195/4174/6421 6194/4187/6420 
f 6189/4134/6414 6223/4189/6451 6224/4188/6452 6190/4133/6415 
f 6225/4190/6453 6226/4193/6454 6227/4192/6455 6228/4191/6456 
f 6223/4189/6451 6225/4190/6453 6228/4191/6456 6224/4188/6452 
f 6229/4194/6457 6167/4107/6394 6174/4195/6400 
f 6168/4106/6395 6167/4107/6394 6230/4196/6458 
f 6230/4196/6458 6167/4107/6394 6229/4194/6457 
f 6221/4183/6448 6220/4184/6447 6231/4197/6459 
f 6231/4197/6459 6220/4184/6447 6232/4198/6460 
f 6233/4199/6461 6172/4109/6398 6171/4110/6397 6234/4200/6462 
f 6235/4201/6463 6233/4199/6461 6234/4200/6462 6236/4202/6464 
f 6237/4203/6465 6235/4201/6463 6236/4202/6464 6238/4204/6466 
f 6239/4205/6467 6237/4203/6465 6238/4204/6466 6240/4206/6467 
f 6241/4207/6468 6179/4120/6405 6242/4208/6469 
f 6243/4209/6470 6179/4120/6405 6241/4207/6468 
f 6180/4119/6406 6179/4120/6405 6243/4209/6470 
f 6226/4193/6454 6244/4211/6471 6245/4210/6471 6227/4192/6455 
f 6232/4198/6460 6220/4184/6447 6246/4212/6472 
f 6188/4129/6412 6175/4130/6401 6247/4213/6473 
f 6247/4213/6473 6175/4130/6401 6248/4214/6474 
f 6248/4214/6474 6175/4130/6401 6206/4136/6426 
f 6245/4210/6475 6249/4216/6476 6250/4215/6477 6227/4192/6478 
f 6249/4217/6476 6178/4118/6404 6180/4119/6406 6250/4218/6477 
f 6227/4192/6478 6250/4215/6477 6251/4219/6479 6228/4191/6480 
f 6250/4218/6477 6180/4119/6406 6243/4209/6470 6251/4220/6479 
f 6228/4191/6480 6251/4219/6479 6252/4221/6481 6224/4188/6452 
f 6251/4220/6479 6243/4209/6470 6241/4207/6468 6252/4222/6481 
f 6224/4188/6452 6252/4221/6481 6253/4223/6482 6190/4133/6415 
f 6252/4222/6481 6241/4207/6468 6242/4208/6469 6253/4224/6482 
f 6178/4225/6404 6249/4228/6476 6254/4227/6483 6255/4226/6484 
f 6186/4229/6485 6184/4231/6486 6253/4223/6482 6242/4230/6469 
f 6184/4231/6486 6185/4132/6416 6190/4133/6415 6253/4223/6482 
f 6256/4232/6487 6246/4212/6472 6220/4184/6447 6179/4120/6405 
f 6256/4232/6487 6179/4120/6405 6178/4118/6404 6255/4233/6484 
f 6189/4134/6488 6257/4235/6489 6258/4234/6490 6223/4189/6491 
f 6257/4236/6489 6166/4105/6393 6168/4106/6395 6258/4237/6490 
f 6223/4189/6491 6258/4234/6490 6259/4238/6492 6225/4190/6493 
f 6258/4237/6490 6168/4106/6395 6230/4196/6458 6259/4239/6492 
f 6225/4190/6493 6259/4238/6492 6260/4240/6494 6226/4193/6495 
f 6259/4239/6492 6230/4196/6458 6229/4194/6457 6260/4241/6494 
f 6226/4193/6495 6260/4240/6494 6261/4242/6496 6244/4211/6497 
f 6260/4241/6494 6229/4194/6457 6174/4195/6400 6261/4243/6496 
f 6261/4244/6496 6174/4117/6400 6173/4112/6399 6262/4245/6498 
f 6189/4134/6488 6182/4135/6499 6181/4246/6499 6257/4235/6489 
f 6257/4235/6489 6181/4246/6407 6187/4248/6410 6166/4247/6393 
f 6207/4259/6500 6209/4260/6500 6210/4258/6500 6220/4184/6447 
f 6218/4250/6500 6186/4249/6500 6186/4249/6485 6242/4208/6469 
f 6217/4251/6500 6218/4250/6500 6242/4208/6469 6216/4252/6500 
f 6216/4252/6500 6242/4208/6469 6179/4120/6405 6215/4253/6500 
f 6214/4254/6500 6215/4253/6500 6179/4120/6405 6213/4255/6500 
f 6212/4256/6500 6213/4255/6500 6179/4120/6405 6220/4184/6447 
f 6211/4257/6500 6212/4256/6500 6220/4184/6447 6210/4258/6500 
f 6208/4261/6500 6207/4259/6500 6220/4184/6447 6219/4182/6446 
f 6222/4262/6500 6208/4261/6500 6219/4182/6446 6222/4262/6501 
f 6239/4205/6502 6263/4264/6503 6264/4263/6504 6237/4203/6505 
f 6263/4265/6503 6176/4128/6402 6188/4129/6412 6264/4266/6504 
f 6237/4203/6505 6264/4263/6504 6265/4267/6506 6235/4201/6507 
f 6264/4266/6504 6188/4129/6412 6247/4213/6473 6265/4268/6506 
f 6235/4201/6507 6265/4267/6506 6266/4269/6508 6233/4199/6509 
f 6265/4268/6506 6247/4213/6473 6248/4214/6474 6266/4270/6508 
f 6233/4199/6509 6266/4269/6508 6267/4271/6510 6172/4109/6511 
f 6266/4270/6508 6248/4214/6474 6206/4136/6426 6267/4272/6510 
f 6172/4109/6511 6267/4271/6510 6268/4273/6512 6169/4108/6513 
f 6205/4274/6425 6268/4273/6512 6267/4271/6510 6206/4275/6426 
f 6205/4185/6514 6205/4185/6450 6222/4186/6449 6222/4186/6514 
f 6205/4185/6514 6222/4186/6514 6269/4279/6514 6170/4278/6514 
f 6205/4185/6514 6170/4278/6514 6169/4277/6514 6268/4276/6514 
f 6171/4110/6515 6270/4281/6516 6271/4280/6517 6234/4200/6518 
f 6270/4282/6516 6219/4182/6446 6221/4183/6448 6271/4283/6517 
f 6234/4200/6518 6271/4280/6517 6272/4284/6519 6236/4202/6520 
f 6271/4283/6517 6221/4183/6448 6231/4197/6459 6272/4285/6519 
f 6236/4202/6520 6272/4284/6519 6273/4286/6521 6238/4204/6522 
f 6272/4285/6519 6231/4197/6459 6232/4198/6460 6273/4287/6521 
f 6238/4204/6522 6273/4286/6521 6274/4288/6523 6240/4206/6524 
f 6273/4287/6521 6232/4198/6460 6246/4212/6472 6274/4289/6523 
f 6274/4290/6523 6246/4293/6472 6256/4292/6487 6275/4291/6525 
f 6170/4111/6526 6269/4294/6527 6270/4281/6516 6171/4110/6515 
f 6270/4281/6516 6269/4294/6527 6222/4296/6501 6219/4295/6446 
f 6276/4105/6528 6277/4107/6529 6278/4106/6530 
f 6279/4108/6531 6280/4111/6532 6281/4110/6533 6282/4109/6534 
f 6283/4112/6535 6284/4117/6536 6277/4116/6529 6285/4115/6537 
f 6283/4112/6535 6285/4115/6537 6286/4114/6538 6287/4113/6539 
f 6288/4118/6540 6289/4120/6541 6290/4119/6542 
f 6291/4126/6543 6292/4127/6543 6293/4125/6543 6294/4123/6543 
f 6293/4125/6543 6295/4124/6543 6294/4123/6543 
f 6294/4123/6543 6296/4122/6543 6296/4122/6544 6291/4126/6543 
f 6297/4121/6543 6291/4126/6543 6296/4122/6544 6297/4121/6545 
f 6286/4128/6538 6285/4130/6537 6298/4129/6546 
f 6293/4131/6547 6292/4135/6547 6299/4134/6548 6300/4133/6549 
f 6293/4131/6547 6300/4133/6549 6295/4132/6547 
f 6301/4138/6550 6302/4137/6551 6302/4137/6552 6303/4136/6553 
f 6304/4139/6554 6301/4138/6550 6303/4136/6553 6285/4130/6537 
f 6305/4140/6555 6304/4139/6554 6285/4130/6537 6306/4141/6556 
f 6307/4142/6556 6306/4141/6556 6285/4130/6537 6308/4143/6556 
f 6308/4143/6556 6285/4130/6537 6277/4107/6529 6309/4144/6556 
f 6310/4145/6556 6309/4144/6556 6277/4107/6529 6311/4146/6556 
f 6312/4147/6556 6311/4146/6556 6277/4107/6529 6313/4148/6556 
f 6314/4149/6556 6313/4148/6556 6277/4107/6529 6315/4150/6556 
f 6315/4150/6556 6277/4107/6529 6276/4105/6528 6316/4151/6556 
f 6297/4152/6556 6316/4151/6556 6276/4105/6528 6297/4152/6557 
f 6317/4153/6558 6318/4156/6559 6301/4155/6550 6304/4154/6554 
f 6319/4157/6560 6317/4161/6558 6304/4160/6554 6305/4159/6555 
f 6319/4157/6560 6305/4159/6555 6320/4158/6561 
f 6321/4162/6562 6320/4158/6561 6305/4159/6555 6306/4163/6563 
f 6322/4164/6564 6321/4162/6562 6306/4163/6563 6307/4165/6565 
f 6323/4166/6566 6322/4164/6564 6307/4165/6565 6308/4167/6567 
f 6324/4168/6568 6323/4166/6566 6308/4167/6567 6309/4169/6569 
f 6325/4170/6570 6324/4168/6568 6309/4169/6569 6310/4171/6571 
f 6311/4172/6572 6326/4173/6573 6325/4170/6570 6310/4171/6571 
f 6312/4174/6574 6314/4177/6574 6315/4176/6575 6327/4175/6576 
f 6312/4174/6574 6327/4175/6576 6326/4173/6573 6311/4172/6572 
f 6328/4178/6577 6327/4175/6576 6315/4176/6575 6316/4179/6578 
f 6296/4122/6544 6328/4181/6577 6316/4180/6578 6297/4121/6545 
f 6329/4182/6579 6330/4184/6580 6331/4183/6581 
f 6318/4156/6559 6332/4186/6582 6302/4185/6551 6301/4155/6550 
f 6314/4177/6574 6312/4174/6574 6313/4187/6583 
f 6299/4134/6548 6333/4189/6584 6334/4188/6585 6300/4133/6549 
f 6335/4190/6586 6336/4193/6587 6337/4192/6588 6338/4191/6589 
f 6333/4189/6584 6335/4190/6586 6338/4191/6589 6334/4188/6585 
f 6339/4194/6590 6277/4107/6529 6284/4195/6536 
f 6278/4106/6530 6277/4107/6529 6340/4196/6591 
f 6340/4196/6591 6277/4107/6529 6339/4194/6590 
f 6331/4183/6581 6330/4184/6580 6341/4197/6592 
f 6341/4197/6592 6330/4184/6580 6342/4198/6593 
f 6343/4199/6594 6282/4109/6534 6281/4110/6533 6344/4200/6595 
f 6345/4201/6596 6343/4199/6594 6344/4200/6595 6346/4202/6597 
f 6347/4203/6598 6345/4201/6596 6346/4202/6597 6348/4204/6599 
f 6349/4205/6600 6347/4203/6598 6348/4204/6599 6350/4206/6600 
f 6351/4207/6601 6289/4120/6541 6352/4208/6602 
f 6353/4209/6603 6289/4120/6541 6351/4207/6601 
f 6290/4119/6542 6289/4120/6541 6353/4209/6603 
f 6336/4193/6587 6354/4211/6604 6355/4210/6605 6337/4192/6588 
f 6342/4198/6593 6330/4184/6580 6356/4212/6606 
f 6298/4129/6546 6285/4130/6537 6357/4213/6607 
f 6357/4213/6607 6285/4130/6537 6358/4214/6608 
f 6358/4214/6608 6285/4130/6537 6303/4136/6553 
f 6355/4210/6609 6359/4216/6610 6360/4215/6611 6337/4192/6612 
f 6359/4217/6610 6288/4118/6540 6290/4119/6542 6360/4218/6611 
f 6337/4192/6612 6360/4215/6611 6361/4219/6613 6338/4191/6614 
f 6360/4218/6611 6290/4119/6542 6353/4209/6603 6361/4220/6613 
f 6338/4191/6614 6361/4219/6613 6362/4221/6615 6334/4188/6616 
f 6361/4220/6613 6353/4209/6603 6351/4207/6601 6362/4222/6615 
f 6334/4188/6616 6362/4221/6615 6363/4223/6617 6300/4133/6618 
f 6362/4222/6615 6351/4207/6601 6352/4208/6602 6363/4224/6617 
f 6288/4225/6540 6359/4228/6610 6364/4227/6619 6365/4226/6620 
f 6296/4229/6621 6294/4231/6622 6363/4223/6617 6352/4230/6602 
f 6294/4231/6622 6295/4132/6623 6300/4133/6618 6363/4223/6617 
f 6366/4232/6624 6356/4212/6606 6330/4184/6580 6289/4120/6541 
f 6366/4232/6624 6289/4120/6541 6288/4118/6540 6365/4233/6620 
f 6299/4134/6625 6367/4235/6626 6368/4234/6627 6333/4189/6628 
f 6367/4236/6626 6276/4105/6528 6278/4106/6530 6368/4237/6627 
f 6333/4189/6628 6368/4234/6627 6369/4238/6629 6335/4190/6630 
f 6368/4237/6627 6278/4106/6530 6340/4196/6591 6369/4239/6629 
f 6335/4190/6630 6369/4238/6629 6370/4240/6631 6336/4193/6587 
f 6369/4239/6629 6340/4196/6591 6339/4194/6590 6370/4241/6631 
f 6336/4193/6587 6370/4240/6631 6371/4242/6632 6354/4211/6604 
f 6370/4241/6631 6339/4194/6590 6284/4195/6536 6371/4243/6632 
f 6371/4244/6632 6284/4117/6536 6283/4112/6535 6372/4245/6633 
f 6292/4135/6634 6291/4246/6635 6367/4235/6626 6299/4134/6625 
f 6367/4235/6626 6291/4246/6635 6297/4248/6557 6276/4247/6528 
f 6317/4259/6636 6319/4260/6636 6320/4258/6636 6330/4184/6580 
f 6328/4250/6636 6296/4249/6636 6296/4249/6621 6352/4208/6602 
f 6327/4251/6636 6328/4250/6636 6352/4208/6602 6326/4252/6636 
f 6326/4252/6636 6352/4208/6602 6289/4120/6541 6325/4253/6636 
f 6324/4254/6636 6325/4253/6636 6289/4120/6541 6323/4255/6636 
f 6322/4256/6636 6323/4255/6636 6289/4120/6541 6330/4184/6580 
f 6321/4257/6636 6322/4256/6636 6330/4184/6580 6320/4258/6636 
f 6318/4261/6636 6317/4259/6636 6330/4184/6580 6329/4182/6579 
f 6332/4262/6636 6318/4261/6636 6329/4182/6579 6332/4262/6637 
f 6349/4205/6638 6373/4264/6639 6374/4263/6640 6347/4203/6641 
f 6373/4265/6639 6286/4128/6538 6298/4129/6546 6374/4266/6640 
f 6347/4203/6641 6374/4263/6640 6375/4267/6642 6345/4201/6643 
f 6374/4266/6640 6298/4129/6546 6357/4213/6607 6375/4268/6642 
f 6345/4201/6643 6375/4267/6642 6376/4269/6644 6343/4199/6645 
f 6375/4268/6642 6357/4213/6607 6358/4214/6608 6376/4270/6644 
f 6343/4199/6645 6376/4269/6644 6377/4271/6646 6282/4109/6647 
f 6376/4270/6644 6358/4214/6608 6303/4136/6553 6377/4272/6646 
f 6378/4273/6648 6279/4108/6648 6282/4109/6648 6377/4271/6648 
f 6302/4274/6552 6378/4273/6649 6377/4271/6646 6303/4275/6553 
f 6302/4185/6552 6302/4185/6551 6332/4186/6582 6332/4186/6650 
f 6302/4185/6552 6332/4186/6650 6379/4279/6650 6280/4278/6650 
f 6302/4185/6552 6280/4278/6650 6279/4277/6650 6378/4276/6649 
f 6281/4110/6533 6380/4281/6651 6381/4280/6652 6344/4200/6595 
f 6380/4282/6651 6329/4182/6579 6331/4183/6581 6381/4283/6652 
f 6344/4200/6595 6381/4280/6652 6382/4284/6653 6346/4202/6654 
f 6381/4283/6652 6331/4183/6581 6341/4197/6592 6382/4285/6653 
f 6346/4202/6654 6382/4284/6653 6383/4286/6655 6348/4204/6656 
f 6382/4285/6653 6341/4197/6592 6342/4198/6593 6383/4287/6655 
f 6348/4204/6656 6383/4286/6655 6384/4288/6657 6350/4206/6658 
f 6383/4287/6655 6342/4198/6593 6356/4212/6606 6384/4289/6657 
f 6384/4290/6657 6356/4293/6606 6366/4292/6624 6385/4291/6659 
f 6280/4111/6532 6379/4294/6660 6380/4281/6651 6281/4110/6533 
f 6380/4281/6651 6379/4294/6660 6332/4296/6637 6329/4295/6579 
f 6386/4105/6661 6387/4106/6662 6388/4107/6663 
f 6389/4108/6664 6390/4109/6665 6391/4110/6666 6392/4111/6664 
f 6393/4112/6667 6394/4113/6668 6395/4114/6669 6396/4115/6670 
f 6393/4112/6667 6396/4115/6670 6388/4116/6663 6397/4117/6671 
f 6398/4118/6672 6399/4119/6673 6400/4120/6674 
f 6401/4121/6675 6402/4122/6676 6402/4122/6677 6403/4123/6677 
f 6403/4123/6677 6404/4124/6677 6405/4125/6677 6406/4126/6677 
f 6405/4125/6677 6407/4127/6677 6406/4126/6677 
f 6401/4121/6675 6403/4123/6677 6406/4126/6677 6401/4121/6677 
f 6395/4128/6669 6408/4129/6678 6396/4130/6670 
f 6405/4131/6679 6404/4132/6679 6409/4133/6680 6410/4134/6681 
f 6405/4131/6679 6410/4134/6681 6407/4135/6679 
f 6401/4152/6682 6386/4105/6661 6388/4107/6663 6396/4130/6670 
f 6401/4152/6682 6396/4130/6670 6411/4136/6683 6412/4137/6684 
f 6401/4152/6682 6412/4137/6684 6412/4137/6685 6413/4138/6685 
f 6401/4152/6682 6413/4138/6685 6414/4139/6686 6415/4140/6687 
f 6401/4152/6682 6415/4140/6687 6416/4141/6688 6417/4142/6689 
f 6401/4152/6682 6417/4142/6689 6418/4143/6690 6419/4144/6691 
f 6401/4152/6682 6419/4144/6691 6420/4145/6692 6421/4146/6693 
f 6401/4152/6682 6421/4146/6693 6422/4147/6685 6423/4148/6685 
f 6401/4152/6682 6423/4148/6685 6424/4149/6685 6425/4150/6685 
f 6401/4152/6682 6425/4150/6685 6426/4151/6685 6401/4152/6685 
f 6427/4153/6694 6414/4154/6686 6413/4155/6695 6428/4156/6696 
f 6429/4157/6697 6430/4158/6698 6415/4159/6687 6414/4160/6686 
f 6429/4157/6697 6414/4160/6686 6427/4161/6694 
f 6431/4162/6699 6416/4163/6688 6415/4159/6687 6430/4158/6698 
f 6432/4164/6700 6417/4165/6689 6416/4163/6688 6431/4162/6699 
f 6433/4166/6701 6418/4167/6690 6417/4165/6689 6432/4164/6700 
f 6434/4168/6702 6419/4169/6691 6418/4167/6690 6433/4166/6701 
f 6435/4170/6703 6420/4171/6692 6419/4169/6691 6434/4168/6702 
f 6421/4172/6693 6420/4171/6692 6435/4170/6703 6436/4173/6704 
f 6422/4174/6705 6421/4172/6693 6436/4173/6704 6437/4175/6706 
f 6422/4174/6705 6437/4175/6706 6425/4176/6707 6424/4177/6705 
f 6438/4178/6708 6426/4179/6709 6425/4176/6707 6437/4175/6706 
f 6402/4122/6676 6401/4121/6675 6426/4180/6709 6438/4181/6708 
f 6439/4182/6710 6440/4183/6711 6441/4184/6712 
f 6428/4156/6696 6413/4155/6695 6412/4185/6713 6442/4186/6714 
f 6424/4177/6705 6423/4187/6715 6422/4174/6705 
f 6410/4134/6681 6409/4133/6680 6443/4188/6716 6444/4189/6717 
f 6445/4190/6718 6446/4191/6719 6447/4192/6720 6448/4193/6721 
f 6444/4189/6717 6443/4188/6716 6446/4191/6719 6445/4190/6718 
f 6449/4194/6722 6397/4195/6671 6388/4107/6663 
f 6387/4106/6662 6450/4196/6723 6388/4107/6663 
f 6450/4196/6723 6449/4194/6722 6388/4107/6663 
f 6440/4183/6711 6451/4197/6724 6441/4184/6712 
f 6451/4197/6724 6452/4198/6725 6441/4184/6712 
f 6453/4199/6726 6454/4200/6727 6391/4110/6666 6390/4109/6665 
f 6455/4201/6728 6456/4202/6729 6454/4200/6727 6453/4199/6726 
f 6457/4203/6730 6458/4204/6731 6456/4202/6729 6455/4201/6728 
f 6459/4205/6732 6460/4206/6732 6458/4204/6731 6457/4203/6730 
f 6461/4207/6733 6462/4208/6734 6400/4120/6674 
f 6463/4209/6735 6461/4207/6733 6400/4120/6674 
f 6399/4119/6673 6463/4209/6735 6400/4120/6674 
f 6448/4193/6721 6447/4192/6720 6464/4210/6736 6465/4211/6736 
f 6452/4198/6725 6466/4212/6737 6441/4184/6712 
f 6408/4129/6678 6467/4213/6738 6396/4130/6670 
f 6467/4213/6738 6468/4214/6739 6396/4130/6670 
f 6468/4214/6739 6411/4136/6683 6396/4130/6670 
f 6464/4210/6740 6447/4192/6741 6469/4215/6742 6470/4216/6743 
f 6470/4217/6743 6469/4218/6742 6399/4119/6673 6398/4118/6672 
f 6447/4192/6741 6446/4191/6744 6471/4219/6745 6469/4215/6742 
f 6469/4218/6742 6471/4220/6745 6463/4209/6735 6399/4119/6673 
f 6446/4191/6744 6443/4188/6746 6472/4221/6747 6471/4219/6745 
f 6471/4220/6745 6472/4222/6747 6461/4207/6733 6463/4209/6735 
f 6443/4188/6746 6409/4133/6748 6473/4223/6749 6472/4221/6747 
f 6472/4222/6747 6473/4224/6749 6462/4208/6734 6461/4207/6733 
f 6398/4225/6672 6474/4226/6750 6475/4227/6751 6470/4228/6743 
f 6402/4229/6752 6462/4230/6734 6473/4223/6749 6403/4231/6753 
f 6403/4231/6753 6473/4223/6749 6409/4133/6748 6404/4132/6754 
f 6476/4232/6755 6474/4233/6750 6398/4118/6672 6400/4120/6674 
f 6476/4232/6755 6400/4120/6674 6441/4184/6712 6466/4212/6737 
f 6410/4134/6756 6444/4189/6757 6477/4234/6758 6478/4235/6759 
f 6478/4236/6759 6477/4237/6758 6387/4106/6662 6386/4105/6661 
f 6444/4189/6757 6445/4190/6760 6479/4238/6761 6477/4234/6758 
f 6477/4237/6758 6479/4239/6761 6450/4196/6723 6387/4106/6662 
f 6445/4190/6760 6448/4193/6762 6480/4240/6763 6479/4238/6761 
f 6479/4239/6761 6480/4241/6763 6449/4194/6722 6450/4196/6723 
f 6448/4193/6762 6465/4211/6764 6481/4242/6765 6480/4240/6763 
f 6480/4241/6763 6481/4243/6765 6397/4195/6671 6449/4194/6722 
f 6481/4244/6765 6482/4245/6766 6393/4112/6667 6397/4117/6671 
f 6407/4135/6767 6410/4134/6756 6478/4235/6759 6406/4246/6768 
f 6401/4248/6682 6406/4246/6768 6478/4235/6759 6386/4247/6661 
f 6462/4208/6734 6402/4249/6752 6402/4249/6769 6438/4250/6769 
f 6462/4208/6734 6438/4250/6769 6437/4251/6769 6400/4120/6674 
f 6400/4120/6674 6437/4251/6769 6436/4252/6769 6435/4253/6769 
f 6400/4120/6674 6435/4253/6769 6434/4254/6769 6433/4255/6769 
f 6441/4184/6712 6400/4120/6674 6433/4255/6769 6432/4256/6769 
f 6441/4184/6712 6432/4256/6769 6431/4257/6769 6430/4258/6769 
f 6430/4258/6769 6429/4260/6769 6427/4259/6769 6441/4184/6712 
f 6439/4182/6710 6441/4184/6712 6427/4259/6769 6428/4261/6769 
f 6442/4262/6770 6439/4182/6710 6428/4261/6769 6442/4262/6769 
f 6459/4205/6771 6457/4203/6772 6483/4263/6773 6484/4264/6774 
f 6484/4265/6774 6483/4266/6773 6408/4129/6678 6395/4128/6669 
f 6457/4203/6772 6455/4201/6775 6485/4267/6776 6483/4263/6773 
f 6483/4266/6773 6485/4268/6776 6467/4213/6738 6408/4129/6678 
f 6455/4201/6775 6453/4199/6777 6486/4269/6778 6485/4267/6776 
f 6485/4268/6776 6486/4270/6778 6468/4214/6739 6467/4213/6738 
f 6453/4199/6777 6390/4109/6779 6487/4271/6780 6486/4269/6778 
f 6486/4270/6778 6487/4272/6780 6411/4136/6683 6468/4214/6739 
f 6390/4109/6779 6389/4108/6781 6488/4273/6782 6487/4271/6780 
f 6412/4274/6684 6411/4275/6683 6487/4271/6780 6488/4273/6782 
f 6412/4185/6783 6488/4276/6783 6389/4277/6783 6392/4278/6783 
f 6412/4185/6783 6392/4278/6783 6489/4279/6783 6442/4186/6783 
f 6412/4185/6783 6442/4186/6783 6442/4186/6714 6412/4185/6713 
f 6391/4110/6784 6454/4200/6785 6490/4280/6786 6491/4281/6787 
f 6491/4282/6787 6490/4283/6786 6440/4183/6711 6439/4182/6710 
f 6454/4200/6785 6456/4202/6788 6492/4284/6789 6490/4280/6786 
f 6490/4283/6786 6492/4285/6789 6451/4197/6724 6440/4183/6711 
f 6456/4202/6788 6458/4204/6790 6493/4286/6791 6492/4284/6789 
f 6492/4285/6789 6493/4287/6791 6452/4198/6725 6451/4197/6724 
f 6458/4204/6790 6460/4206/6792 6494/4288/6793 6493/4286/6791 
f 6493/4287/6791 6494/4289/6793 6466/4212/6737 6452/4198/6725 
f 6466/4293/6737 6494/4290/6793 6495/4291/6794 6476/4292/6755 
f 6392/4111/6795 6391/4110/6784 6491/4281/6787 6489/4294/6796 
f 6442/4296/6770 6489/4294/6796 6491/4281/6787 6439/4295/6710 
# 5999 polygons - 194 triangles

