# 3ds Max Wavefront OBJ Exporter v0.99 - (c)2007 guruware
# File Created: 15.05.2026 17:31:20

mtllib Base_Brazo.mtl

#
# object Base_Brazo
#

v  0.1229 0.0109 0.0481
v  0.1240 0.0073 0.0485
v  0.1276 0.0072 0.0374
v  0.1265 0.0108 0.0371
v  0.1291 0.0108 0.0259
v  0.1303 0.0071 0.0261
v  0.1276 0.0119 0.0256
v  0.1250 0.0119 0.0367
v  0.1215 0.0120 0.0475
v  0.1239 0.0104 -0.0424
v  0.1250 0.0067 -0.0428
v  0.1206 0.0067 -0.0536
v  0.1196 0.0103 -0.0531
v  0.1143 0.0103 -0.0634
v  0.1153 0.0066 -0.0640
v  0.1130 0.0114 -0.0627
v  0.1182 0.0114 -0.0525
v  0.1224 0.0115 -0.0419
v  -0.1224 0.0075 0.0567
v  -0.1214 0.0112 0.0562
v  -0.1257 0.0111 0.0455
v  -0.1268 0.0075 0.0459
v  -0.1162 0.0112 0.0665
v  -0.1172 0.0076 0.0671
v  -0.1200 0.0122 0.0555
v  -0.1148 0.0123 0.0657
v  -0.1243 0.0122 0.0450
v  0.0093 0.0079 0.1346
v  0.0092 0.0115 0.1334
v  -0.0023 0.0115 0.1338
v  -0.0023 0.0079 0.1350
v  0.0207 0.0115 0.1320
v  0.0209 0.0078 0.1332
v  0.0091 0.0126 0.1319
v  0.0205 0.0126 0.1305
v  -0.0023 0.0126 0.1323
v  0.0456 0.0100 -0.1223
v  0.0460 0.0064 -0.1234
v  0.0350 0.0063 -0.1270
v  0.0347 0.0100 -0.1259
v  0.0236 0.0063 -0.1296
v  0.0234 0.0100 -0.1285
v  0.0231 0.0111 -0.1270
v  0.0343 0.0111 -0.1244
v  0.0451 0.0111 -0.1209
v  -0.0475 0.0115 0.1254
v  -0.0479 0.0079 0.1265
v  -0.0368 0.0079 0.1301
v  -0.0365 0.0115 0.1289
v  -0.0255 0.0079 0.1327
v  -0.0252 0.0115 0.1316
v  -0.0361 0.0126 0.1275
v  -0.0250 0.0126 0.1301
v  -0.0469 0.0126 0.1239
v  0.0831 0.0113 0.1038
v  0.0838 0.0076 0.1047
v  0.0925 0.0076 0.0969
v  0.0917 0.0112 0.0960
v  0.0995 0.0112 0.0876
v  0.1004 0.0075 0.0884
v  0.0984 0.0122 0.0866
v  0.0906 0.0123 0.0950
v  0.0821 0.0123 0.1026
v  -0.0560 0.0065 -0.1200
v  -0.0556 0.0101 -0.1189
v  -0.0449 0.0101 -0.1233
v  -0.0452 0.0064 -0.1243
v  -0.0659 0.0101 -0.1137
v  -0.0664 0.0065 -0.1147
v  -0.0651 0.0112 -0.1124
v  -0.0549 0.0112 -0.1176
v  -0.0443 0.0112 -0.1218
v  0.0640 0.0114 0.1168
v  0.0646 0.0077 0.1178
v  0.0745 0.0077 0.1117
v  0.0738 0.0113 0.1107
v  0.0730 0.0124 0.1094
v  0.0633 0.0124 0.1154
v  -0.1309 0.0107 -0.0228
v  -0.1321 0.0071 -0.0230
v  -0.1337 0.0071 -0.0115
v  -0.1326 0.0108 -0.0114
v  -0.1332 0.0109 0.0001
v  -0.1343 0.0072 0.0001
v  -0.1317 0.0119 0.0002
v  -0.1311 0.0119 -0.0112
v  -0.1294 0.0118 -0.0225
v  0.1076 0.0075 0.0792
v  0.1067 0.0111 0.0785
v  0.1130 0.0110 0.0689
v  0.1139 0.0074 0.0695
v  0.1117 0.0121 0.0681
v  0.1054 0.0122 0.0776
v  -0.1247 0.0106 -0.0450
v  -0.1258 0.0069 -0.0454
v  -0.1294 0.0070 -0.0343
v  -0.1283 0.0107 -0.0340
v  -0.1269 0.0117 -0.0336
v  -0.1233 0.0117 -0.0445
v  0.1194 0.0073 0.0592
v  0.1184 0.0110 0.0587
v  0.1170 0.0121 0.0580
v  -0.0111 0.0100 -0.1304
v  0.0005 0.0100 -0.1308
v  0.0005 0.0063 -0.1319
v  -0.0111 0.0064 -0.1315
v  -0.0225 0.0100 -0.1290
v  -0.0227 0.0064 -0.1301
v  -0.0223 0.0111 -0.1275
v  -0.0109 0.0111 -0.1289
v  0.0005 0.0111 -0.1292
v  0.0323 0.0078 0.1308
v  0.0320 0.0115 0.1297
v  0.0430 0.0114 0.1263
v  0.0434 0.0078 0.1274
v  0.0316 0.0125 0.1282
v  0.0425 0.0125 0.1249
v  -0.0849 0.0102 -0.1007
v  -0.0856 0.0066 -0.1016
v  -0.0943 0.0066 -0.0938
v  -0.0935 0.0103 -0.0930
v  -0.1022 0.0067 -0.0853
v  -0.1014 0.0103 -0.0846
v  -0.1002 0.0114 -0.0836
v  -0.0924 0.0114 -0.0919
v  -0.0839 0.0113 -0.0995
v  0.0563 0.0100 -0.1178
v  0.0664 0.0100 -0.1123
v  0.0670 0.0064 -0.1133
v  0.0567 0.0064 -0.1188
v  0.0556 0.0111 -0.1164
v  0.0657 0.0111 -0.1110
v  -0.0581 0.0115 0.1208
v  -0.0683 0.0115 0.1154
v  -0.0688 0.0078 0.1164
v  -0.0586 0.0078 0.1219
v  -0.0574 0.0126 0.1195
v  -0.0675 0.0125 0.1141
v  -0.0763 0.0065 -0.1086
v  -0.0756 0.0102 -0.1076
v  -0.0748 0.0113 -0.1064
v  0.1314 0.0106 0.0029
v  0.1325 0.0070 0.0029
v  0.1321 0.0069 -0.0087
v  0.1310 0.0106 -0.0086
v  0.1307 0.0069 -0.0202
v  0.1296 0.0105 -0.0201
v  0.1281 0.0116 -0.0198
v  0.1295 0.0117 -0.0085
v  0.1299 0.0117 0.0029
v  -0.1340 0.0073 0.0118
v  -0.1328 0.0109 0.0117
v  -0.1326 0.0073 0.0233
v  -0.1314 0.0110 0.0231
v  -0.1313 0.0120 0.0116
v  -0.1299 0.0121 0.0229
v  -0.1094 0.0068 -0.0761
v  -0.1085 0.0104 -0.0755
v  -0.1148 0.0105 -0.0658
v  -0.1158 0.0068 -0.0664
v  -0.1135 0.0115 -0.0650
v  -0.1072 0.0115 -0.0746
v  0.1283 0.0068 -0.0316
v  0.1272 0.0105 -0.0314
v  0.1258 0.0115 -0.0310
v  -0.1302 0.0074 0.0347
v  -0.1290 0.0110 0.0344
v  -0.1276 0.0121 0.0340
v  -0.1213 0.0069 -0.0561
v  -0.1202 0.0105 -0.0556
v  -0.1188 0.0116 -0.0550
v  0.0121 0.0063 -0.1313
v  0.0120 0.0100 -0.1301
v  0.0119 0.0111 -0.1286
v  -0.0139 0.0079 0.1344
v  -0.0138 0.0115 0.1332
v  -0.0137 0.0126 0.1317
v  -0.0341 0.0064 -0.1277
v  -0.0338 0.0100 -0.1266
v  -0.0334 0.0111 -0.1251
v  0.1013 0.0102 -0.0824
v  0.1022 0.0065 -0.0831
v  0.0944 0.0065 -0.0918
v  0.0936 0.0101 -0.0910
v  0.0852 0.0101 -0.0989
v  0.0859 0.0065 -0.0998
v  0.0842 0.0112 -0.0978
v  0.0925 0.0112 -0.0900
v  0.1001 0.0113 -0.0815
v  -0.1031 0.0113 0.0855
v  -0.1040 0.0077 0.0862
v  -0.0963 0.0077 0.0949
v  -0.0954 0.0114 0.0941
v  -0.0870 0.0114 0.1020
v  -0.0878 0.0078 0.1029
v  -0.0943 0.0124 0.0930
v  -0.0860 0.0125 0.1008
v  -0.1020 0.0124 0.0845
v  0.0542 0.0078 0.1231
v  0.0537 0.0114 0.1220
v  0.0531 0.0125 0.1206
v  0.0768 0.0064 -0.1070
v  0.0761 0.0101 -0.1060
v  0.0752 0.0112 -0.1048
v  -0.0786 0.0078 0.1100
v  -0.0779 0.0114 0.1091
v  -0.0770 0.0125 0.1078
v  0.1319 0.0071 0.0146
v  0.1308 0.0107 0.0144
v  0.1292 0.0118 0.0143
v  0.1092 0.0066 -0.0738
v  0.1083 0.0102 -0.0732
v  0.1070 0.0113 -0.0724
v  -0.1110 0.0076 0.0769
v  -0.1101 0.0113 0.0763
v  -0.1088 0.0123 0.0754
v  -0.1166 0.0120 -0.0420
v  -0.1200 0.0121 -0.0317
v  -0.1160 0.0122 -0.0306
v  -0.1128 0.0121 -0.0405
v  -0.1224 0.0121 -0.0212
v  -0.1184 0.0122 -0.0205
v  -0.1131 0.0128 -0.0298
v  -0.1155 0.0129 -0.0199
v  -0.1100 0.0127 -0.0395
v  0.1106 0.0124 0.0549
v  0.1069 0.0124 0.0532
v  0.1020 0.0125 0.0624
v  0.1055 0.0124 0.0644
v  0.1110 0.0124 0.0436
v  0.1148 0.0123 0.0450
v  0.1082 0.0130 0.0425
v  0.1042 0.0131 0.0519
v  0.0994 0.0131 0.0608
v  -0.0104 0.0115 -0.1217
v  -0.0101 0.0116 -0.1177
v  0.0003 0.0116 -0.1180
v  0.0004 0.0114 -0.1221
v  -0.0211 0.0115 -0.1204
v  -0.0204 0.0116 -0.1164
v  -0.0199 0.0122 -0.1135
v  -0.0098 0.0122 -0.1147
v  0.0003 0.0122 -0.1150
v  0.0186 0.0129 0.1195
v  0.0193 0.0128 0.1235
v  0.0298 0.0128 0.1212
v  0.0288 0.0129 0.1173
v  0.0388 0.0129 0.1143
v  0.0402 0.0128 0.1181
v  0.0378 0.0135 0.1114
v  0.0281 0.0135 0.1144
v  0.0181 0.0135 0.1165
v  -0.0845 0.0118 -0.0839
v  -0.0768 0.0118 -0.0909
v  -0.0794 0.0117 -0.0940
v  -0.0874 0.0117 -0.0868
v  -0.0917 0.0119 -0.0763
v  -0.0948 0.0118 -0.0789
v  -0.0894 0.0125 -0.0743
v  -0.0824 0.0125 -0.0817
v  -0.0749 0.0124 -0.0885
v  0.0599 0.0116 -0.1014
v  0.0620 0.0115 -0.1049
v  0.0525 0.0115 -0.1100
v  0.0507 0.0116 -0.1063
v  0.0412 0.0116 -0.1104
v  0.0426 0.0115 -0.1142
v  0.0401 0.0122 -0.1076
v  0.0494 0.0122 -0.1036
v  0.0584 0.0123 -0.0988
v  -0.0618 0.0129 0.1044
v  -0.0638 0.0128 0.1079
v  -0.0543 0.0128 0.1130
v  -0.0526 0.0129 0.1093
v  -0.0430 0.0129 0.1134
v  -0.0444 0.0129 0.1172
v  -0.0513 0.0135 0.1066
v  -0.0419 0.0135 0.1106
v  -0.0602 0.0135 0.1018
v  -0.0684 0.0117 -0.0971
v  -0.0596 0.0117 -0.1026
v  -0.0616 0.0116 -0.1062
v  -0.0707 0.0116 -0.1005
v  -0.0667 0.0124 -0.0946
v  -0.0581 0.0124 -0.1000
v  0.1183 0.0121 -0.0077
v  0.1186 0.0121 0.0028
v  0.1227 0.0121 0.0028
v  0.1223 0.0120 -0.0080
v  0.1170 0.0120 -0.0180
v  0.1210 0.0119 -0.0187
v  0.1141 0.0127 -0.0175
v  0.1153 0.0127 -0.0074
v  0.1156 0.0128 0.0027
v  -0.1204 0.0123 0.0003
v  -0.1245 0.0123 0.0002
v  -0.1242 0.0123 0.0110
v  -0.1201 0.0124 0.0107
v  -0.1188 0.0125 0.0210
v  -0.1229 0.0124 0.0217
v  -0.1159 0.0131 0.0205
v  -0.1171 0.0130 0.0105
v  -0.1174 0.0130 0.0003
v  -0.1014 0.0118 -0.0704
v  -0.0981 0.0119 -0.0681
v  -0.1038 0.0120 -0.0593
v  -0.1073 0.0119 -0.0614
v  -0.1012 0.0126 -0.0578
v  -0.0957 0.0126 -0.0663
v  0.1188 0.0119 -0.0292
v  0.1149 0.0120 -0.0282
v  0.1118 0.0119 -0.0382
v  0.1157 0.0118 -0.0395
v  0.1090 0.0126 -0.0372
v  0.1120 0.0126 -0.0275
v  -0.1206 0.0124 0.0323
v  -0.1167 0.0125 0.0312
v  -0.1137 0.0126 0.0412
v  -0.1175 0.0125 0.0426
v  -0.1108 0.0132 0.0402
v  -0.1138 0.0131 0.0305
v  -0.1124 0.0119 -0.0519
v  -0.1087 0.0120 -0.0501
v  -0.1060 0.0127 -0.0488
v  0.0108 0.0116 -0.1174
v  0.0211 0.0116 -0.1160
v  0.0218 0.0114 -0.1200
v  0.0112 0.0114 -0.1215
v  0.0105 0.0122 -0.1145
v  0.0205 0.0122 -0.1130
v  -0.0229 0.0129 0.1190
v  -0.0236 0.0129 0.1230
v  -0.0130 0.0129 0.1245
v  -0.0126 0.0129 0.1205
v  -0.0022 0.0129 0.1211
v  -0.0022 0.0129 0.1251
v  -0.0021 0.0136 0.1180
v  -0.0123 0.0136 0.1175
v  -0.0223 0.0136 0.1161
v  -0.0306 0.0116 -0.1143
v  -0.0316 0.0115 -0.1182
v  -0.0406 0.0116 -0.1112
v  -0.0420 0.0115 -0.1151
v  -0.0396 0.0123 -0.1084
v  -0.0299 0.0123 -0.1114
v  0.0915 0.0117 -0.0744
v  0.0946 0.0116 -0.0769
v  0.0874 0.0116 -0.0850
v  0.0845 0.0117 -0.0821
v  0.0795 0.0115 -0.0923
v  0.0769 0.0117 -0.0892
v  0.0749 0.0123 -0.0870
v  0.0824 0.0123 -0.0800
v  0.0891 0.0124 -0.0725
v  -0.0933 0.0128 0.0774
v  -0.0964 0.0127 0.0800
v  -0.0892 0.0127 0.0880
v  -0.0863 0.0128 0.0852
v  -0.0787 0.0128 0.0923
v  -0.0813 0.0128 0.0954
v  -0.0767 0.0135 0.0900
v  -0.0842 0.0134 0.0830
v  -0.0910 0.0134 0.0755
v  0.0502 0.0128 0.1141
v  0.0485 0.0128 0.1104
v  0.0578 0.0128 0.1057
v  0.0598 0.0127 0.1092
v  0.0563 0.0134 0.1030
v  0.0472 0.0135 0.1076
v  0.0710 0.0115 -0.0990
v  0.0687 0.0116 -0.0957
v  0.0669 0.0123 -0.0932
v  -0.0729 0.0128 0.1020
v  -0.0705 0.0129 0.0987
v  -0.0687 0.0135 0.0963
v  0.1181 0.0122 0.0132
v  0.1166 0.0123 0.0235
v  0.1206 0.0122 0.0243
v  0.1221 0.0121 0.0136
v  0.1151 0.0128 0.0129
v  0.1136 0.0129 0.0230
v  0.1032 0.0118 -0.0572
v  0.1068 0.0117 -0.0592
v  0.1011 0.0117 -0.0683
v  0.0977 0.0118 -0.0660
v  0.0952 0.0124 -0.0643
v  0.1006 0.0125 -0.0557
v  -0.0995 0.0127 0.0691
v  -0.1051 0.0127 0.0602
v  -0.1086 0.0126 0.0622
v  -0.1029 0.0126 0.0714
v  -0.0971 0.0133 0.0674
v  -0.1024 0.0133 0.0587
v  0.1181 0.0122 0.0348
v  0.1142 0.0123 0.0337
v  0.1113 0.0130 0.0329
v  0.1117 0.0118 -0.0495
v  0.1080 0.0119 -0.0479
v  0.1052 0.0125 -0.0466
v  -0.1135 0.0125 0.0526
v  -0.1098 0.0126 0.0509
v  -0.1070 0.0133 0.0497
v  0.0086 0.0129 0.1248
v  0.0083 0.0129 0.1207
v  0.0080 0.0135 0.1177
v  0.0323 0.0114 -0.1175
v  0.0312 0.0116 -0.1136
v  0.0304 0.0122 -0.1107
v  -0.0341 0.0129 0.1206
v  -0.0331 0.0129 0.1167
v  -0.0322 0.0136 0.1138
v  0.0750 0.0127 0.0939
v  0.0776 0.0126 0.0970
v  0.0856 0.0126 0.0898
v  0.0827 0.0127 0.0869
v  0.0899 0.0126 0.0793
v  0.0929 0.0125 0.0820
v  0.0876 0.0132 0.0774
v  0.0806 0.0133 0.0848
v  0.0731 0.0133 0.0916
v  -0.0520 0.0116 -0.1110
v  -0.0503 0.0117 -0.1073
v  -0.0490 0.0123 -0.1046
v  0.0689 0.0127 0.1035
v  0.0666 0.0128 0.1002
v  0.0649 0.0134 0.0977
v  -0.1199 0.0123 -0.0101
v  -0.1239 0.0122 -0.0105
v  -0.1169 0.0129 -0.0099
v  0.0996 0.0125 0.0735
v  0.0963 0.0126 0.0711
v  0.0938 0.0132 0.0694
v  -0.1093 0.0190 0.0397
v  -0.1095 0.0169 0.0397
v  -0.1057 0.0169 0.0490
v  -0.1057 0.0190 0.0489
v  -0.1011 0.0191 0.0578
v  -0.1012 0.0170 0.0580
v  -0.1051 0.0206 0.0479
v  -0.1001 0.0208 0.0561
v  -0.1082 0.0205 0.0394
v  0.1073 0.0183 -0.0368
v  0.1077 0.0162 -0.0367
v  0.1039 0.0162 -0.0461
v  0.1036 0.0183 -0.0461
v  0.0992 0.0182 -0.0550
v  0.0994 0.0161 -0.0550
v  0.1013 0.0198 -0.0461
v  0.0977 0.0198 -0.0547
v  0.1044 0.0199 -0.0368
v  0.1065 0.0188 0.0420
v  0.1069 0.0167 0.0420
v  0.1100 0.0166 0.0325
v  0.1095 0.0187 0.0324
v  0.1117 0.0187 0.0227
v  0.1123 0.0166 0.0227
v  0.1062 0.0203 0.0324
v  0.1081 0.0202 0.0226
v  0.1036 0.0203 0.0419
v  -0.0959 0.0170 0.0665
v  -0.0958 0.0191 0.0664
v  -0.0897 0.0192 0.0744
v  -0.0899 0.0170 0.0746
v  -0.0951 0.0207 0.0654
v  -0.0885 0.0209 0.0729
v  0.0940 0.0182 -0.0634
v  0.0941 0.0161 -0.0635
v  0.0879 0.0182 -0.0714
v  0.0881 0.0160 -0.0716
v  0.0932 0.0198 -0.0626
v  0.0867 0.0199 -0.0700
v  0.1137 0.0165 0.0127
v  0.1131 0.0186 0.0127
v  0.1137 0.0186 0.0027
v  0.1142 0.0165 0.0027
v  0.1093 0.0202 0.0127
v  0.1098 0.0201 0.0026
v  -0.0758 0.0171 0.0889
v  -0.0679 0.0171 0.0951
v  -0.0678 0.0193 0.0950
v  -0.0757 0.0192 0.0888
v  -0.0593 0.0193 0.1005
v  -0.0595 0.0172 0.1006
v  -0.0668 0.0208 0.0943
v  -0.0576 0.0210 0.0995
v  -0.0742 0.0210 0.0875
v  0.0660 0.0181 -0.0920
v  0.0739 0.0181 -0.0858
v  0.0740 0.0160 -0.0859
v  0.0661 0.0159 -0.0921
v  0.0575 0.0180 -0.0975
v  0.0577 0.0159 -0.0976
v  0.0558 0.0198 -0.0966
v  0.0650 0.0197 -0.0914
v  0.0724 0.0198 -0.0846
v  0.0373 0.0192 0.1099
v  0.0373 0.0171 0.1101
v  0.0467 0.0171 0.1063
v  0.0465 0.0192 0.1062
v  0.0554 0.0192 0.1017
v  0.0556 0.0171 0.1018
v  0.0455 0.0208 0.1057
v  0.0538 0.0209 0.1007
v  0.0370 0.0208 0.1088
v  -0.0832 0.0171 0.0820
v  -0.0830 0.0192 0.0819
v  -0.0822 0.0208 0.0811
v  0.0813 0.0160 -0.0790
v  0.0812 0.0181 -0.0789
v  0.0804 0.0197 -0.0781
v  -0.0197 0.0180 -0.1118
v  -0.0197 0.0159 -0.1121
v  -0.0295 0.0159 -0.1100
v  -0.0295 0.0180 -0.1098
v  -0.0391 0.0181 -0.1069
v  -0.0391 0.0160 -0.1071
v  -0.0388 0.0196 -0.1059
v  -0.0295 0.0196 -0.1082
v  -0.0197 0.0196 -0.1099
v  -0.0221 0.0193 0.1144
v  -0.0221 0.0172 0.1146
v  -0.0121 0.0172 0.1161
v  -0.0121 0.0193 0.1157
v  -0.0021 0.0193 0.1163
v  -0.0021 0.0172 0.1166
v  -0.0021 0.0208 0.1141
v  -0.0121 0.0209 0.1136
v  -0.0221 0.0209 0.1124
v  0.0203 0.0180 -0.1114
v  0.0203 0.0159 -0.1117
v  0.0103 0.0159 -0.1131
v  0.0103 0.0180 -0.1128
v  0.0003 0.0180 -0.1133
v  0.0003 0.0159 -0.1136
v  0.0103 0.0195 -0.1107
v  0.0003 0.0196 -0.1112
v  0.0203 0.0195 -0.1095
v  -0.0999 0.0184 -0.0569
v  -0.1000 0.0163 -0.0571
v  -0.1047 0.0163 -0.0482
v  -0.1046 0.0185 -0.0481
v  -0.1085 0.0185 -0.0390
v  -0.1087 0.0164 -0.0390
v  -0.1041 0.0200 -0.0471
v  -0.1074 0.0201 -0.0387
v  -0.0990 0.0202 -0.0553
v  -0.1145 0.0167 0.0203
v  -0.1124 0.0168 0.0301
v  -0.1122 0.0189 0.0301
v  -0.1142 0.0189 0.0203
v  -0.1106 0.0205 0.0301
v  -0.1123 0.0204 0.0203
v  0.1122 0.0184 -0.0173
v  0.1127 0.0163 -0.0173
v  0.1106 0.0163 -0.0271
v  0.1101 0.0184 -0.0272
v  0.1068 0.0199 -0.0272
v  0.1086 0.0200 -0.0174
v  -0.0883 0.0162 -0.0734
v  -0.0945 0.0162 -0.0655
v  -0.0944 0.0184 -0.0654
v  -0.0882 0.0183 -0.0733
v  -0.0937 0.0199 -0.0644
v  -0.0870 0.0201 -0.0718
v  -0.1157 0.0187 0.0003
v  -0.1160 0.0166 0.0003
v  -0.1157 0.0167 0.0103
v  -0.1154 0.0188 0.0103
v  -0.1133 0.0203 0.0103
v  -0.1135 0.0203 0.0003
v  0.1139 0.0164 -0.0073
v  0.1133 0.0185 -0.0074
v  0.1095 0.0201 -0.0074
v  -0.0572 0.0181 -0.0987
v  -0.0574 0.0160 -0.0988
v  -0.0659 0.0161 -0.0935
v  -0.0658 0.0182 -0.0934
v  -0.0738 0.0182 -0.0873
v  -0.0740 0.0161 -0.0875
v  -0.0724 0.0200 -0.0861
v  -0.0648 0.0198 -0.0927
v  -0.0556 0.0199 -0.0978
v  -0.0506 0.0172 0.1053
v  -0.0505 0.0193 0.1052
v  -0.0414 0.0193 0.1091
v  -0.0414 0.0172 0.1093
v  -0.0411 0.0208 0.1080
v  -0.0495 0.0209 0.1047
v  0.0488 0.0159 -0.1023
v  0.0487 0.0180 -0.1022
v  0.0396 0.0180 -0.1061
v  0.0396 0.0159 -0.1063
v  0.0477 0.0196 -0.1017
v  0.0393 0.0196 -0.1050
v  -0.0813 0.0183 -0.0806
v  -0.0814 0.0161 -0.0808
v  -0.0805 0.0198 -0.0798
v  0.0179 0.0193 0.1148
v  0.0179 0.0172 0.1151
v  0.0277 0.0172 0.1130
v  0.0277 0.0193 0.1128
v  0.0277 0.0208 0.1112
v  0.0179 0.0208 0.1129
v  -0.0097 0.0159 -0.1133
v  -0.0097 0.0180 -0.1130
v  -0.0098 0.0196 -0.1109
v  0.0982 0.0168 0.0601
v  0.1029 0.0167 0.0512
v  0.1026 0.0188 0.0512
v  0.0980 0.0189 0.0600
v  0.1003 0.0204 0.0511
v  0.0965 0.0205 0.0597
v  -0.1118 0.0165 -0.0295
v  -0.1116 0.0186 -0.0295
v  -0.1138 0.0186 -0.0197
v  -0.1141 0.0165 -0.0197
v  -0.1100 0.0201 -0.0294
v  -0.1119 0.0202 -0.0197
v  0.0926 0.0190 0.0684
v  0.0864 0.0190 0.0762
v  0.0865 0.0169 0.0764
v  0.0927 0.0168 0.0685
v  0.0919 0.0205 0.0675
v  0.0852 0.0208 0.0747
v  -0.1155 0.0166 -0.0097
v  -0.1152 0.0187 -0.0097
v  -0.1131 0.0202 -0.0097
v  0.0641 0.0170 0.0965
v  0.0640 0.0191 0.0964
v  0.0720 0.0191 0.0903
v  0.0722 0.0170 0.0905
v  0.0706 0.0208 0.0891
v  0.0630 0.0207 0.0957
v  -0.0485 0.0160 -0.1033
v  -0.0483 0.0181 -0.1033
v  -0.0473 0.0197 -0.1027
v  0.0796 0.0169 0.0837
v  0.0795 0.0191 0.0836
v  0.0787 0.0206 0.0827
v  -0.0319 0.0172 0.1124
v  -0.0319 0.0193 0.1121
v  -0.0318 0.0209 0.1105
v  0.0301 0.0159 -0.1094
v  0.0300 0.0180 -0.1092
v  0.0300 0.0195 -0.1076
v  0.0079 0.0172 0.1163
v  0.0079 0.0193 0.1160
v  0.0080 0.0208 0.1138
v  0.0079 0.0151 0.1165
v  -0.0021 0.0151 0.1168
v  0.0179 0.0151 0.1153
v  0.0301 0.0138 -0.1095
v  0.0397 0.0138 -0.1064
v  0.0203 0.0138 -0.1118
v  -0.0319 0.0151 0.1126
v  -0.0415 0.0151 0.1094
v  -0.0221 0.0151 0.1148
v  0.0798 0.0148 0.0839
v  0.0723 0.0149 0.0906
v  0.0866 0.0148 0.0765
v  -0.0485 0.0139 -0.1035
v  -0.0392 0.0138 -0.1072
v  -0.0575 0.0139 -0.0989
v  0.0642 0.0149 0.0966
v  0.0557 0.0150 0.1020
v  -0.1157 0.0145 -0.0097
v  -0.1142 0.0144 -0.0197
v  -0.1162 0.0145 0.0003
v  0.0928 0.0147 0.0686
v  0.0983 0.0147 0.0602
v  -0.1120 0.0144 -0.0295
v  -0.1088 0.0143 -0.0391
v  0.1031 0.0146 0.0513
v  0.1070 0.0146 0.0421
v  -0.0097 0.0138 -0.1134
v  0.0003 0.0138 -0.1138
v  -0.0197 0.0138 -0.1122
v  0.0278 0.0151 0.1132
v  0.0374 0.0150 0.1103
v  -0.0816 0.0140 -0.0809
v  -0.0741 0.0140 -0.0876
v  -0.0884 0.0141 -0.0735
v  0.0489 0.0138 -0.1025
v  0.0578 0.0138 -0.0977
v  -0.0507 0.0151 0.1055
v  -0.0596 0.0151 0.1007
v  -0.0660 0.0139 -0.0936
v  0.1141 0.0143 -0.0073
v  0.1144 0.0143 0.0027
v  0.1128 0.0142 -0.0173
v  -0.1159 0.0146 0.0104
v  -0.1147 0.0146 0.0203
v  -0.0947 0.0141 -0.0656
v  -0.1001 0.0142 -0.0572
v  0.1108 0.0142 -0.0272
v  0.1078 0.0141 -0.0368
v  -0.1126 0.0147 0.0302
v  -0.1097 0.0148 0.0398
v  -0.1049 0.0142 -0.0483
v  0.0103 0.0138 -0.1132
v  -0.0122 0.0151 0.1163
v  -0.0296 0.0138 -0.1102
v  0.0815 0.0139 -0.0792
v  0.0882 0.0139 -0.0717
v  0.0741 0.0139 -0.0860
v  -0.0833 0.0150 0.0822
v  -0.0900 0.0149 0.0747
v  -0.0759 0.0150 0.0890
v  0.0467 0.0150 0.1065
v  0.0662 0.0138 -0.0922
v  -0.0680 0.0150 0.0953
v  0.1138 0.0144 0.0128
v  0.1124 0.0145 0.0227
v  0.0942 0.0140 -0.0636
v  0.0995 0.0140 -0.0551
v  -0.0960 0.0149 0.0666
v  -0.1014 0.0149 0.0581
v  0.1101 0.0145 0.0325
v  0.1041 0.0141 -0.0461
v  -0.1059 0.0148 0.0491
v  0.1029 0.0124 0.0758
v  0.0960 0.0125 0.0846
v  0.1090 0.0124 0.0665
v  -0.1280 0.0121 -0.0109
v  -0.1264 0.0121 -0.0220
v  -0.1286 0.0122 0.0002
v  0.0712 0.0127 0.1069
v  0.0618 0.0127 0.1128
v  0.0801 0.0126 0.1002
v  -0.0537 0.0115 -0.1148
v  -0.0433 0.0115 -0.1189
v  -0.0636 0.0115 -0.1097
v  0.0884 0.0126 0.0927
v  -0.0352 0.0128 0.1245
v  -0.0458 0.0128 0.1210
v  -0.0244 0.0129 0.1270
v  0.0334 0.0114 -0.1215
v  0.0440 0.0114 -0.1180
v  0.0226 0.0114 -0.1240
v  0.0089 0.0128 0.1288
v  -0.0022 0.0128 0.1292
v  0.0199 0.0128 0.1275
v  -0.1172 0.0125 0.0543
v  -0.1213 0.0125 0.0439
v  -0.1122 0.0126 0.0642
v  0.1154 0.0117 -0.0512
v  0.1195 0.0118 -0.0409
v  0.1103 0.0117 -0.0612
v  0.1221 0.0122 0.0359
v  0.1186 0.0123 0.0464
v  0.1246 0.0121 0.0250
v  -0.1063 0.0126 0.0737
v  -0.0996 0.0127 0.0826
v  0.1045 0.0116 -0.0706
v  0.0978 0.0116 -0.0795
v  0.1262 0.0121 0.0140
v  0.1268 0.0120 0.0029
v  -0.0752 0.0128 0.1053
v  -0.0840 0.0127 0.0985
v  -0.0659 0.0128 0.1114
v  0.0734 0.0115 -0.1023
v  0.0822 0.0115 -0.0954
v  0.0641 0.0114 -0.1084
v  0.0518 0.0127 0.1178
v  0.0415 0.0128 0.1220
v  -0.0921 0.0127 0.0909
v  0.0903 0.0115 -0.0878
v  -0.0327 0.0114 -0.1222
v  -0.0218 0.0114 -0.1245
v  -0.0134 0.0129 0.1286
v  0.0116 0.0114 -0.1256
v  0.0004 0.0114 -0.1262
v  -0.1161 0.0119 -0.0537
v  -0.1108 0.0118 -0.0635
v  -0.1204 0.0120 -0.0434
v  -0.1246 0.0124 0.0333
v  -0.1269 0.0123 0.0224
v  0.1228 0.0118 -0.0302
v  0.1251 0.0119 -0.0193
v  -0.1047 0.0118 -0.0728
v  -0.0979 0.0117 -0.0816
v  -0.1282 0.0123 0.0113
v  0.1264 0.0119 -0.0083
v  -0.0730 0.0116 -0.1038
v  -0.0820 0.0116 -0.0971
v  -0.0561 0.0128 0.1167
v  0.0543 0.0114 -0.1136
v  -0.0902 0.0117 -0.0897
v  0.0308 0.0128 0.1252
v  -0.0107 0.0114 -0.1258
v  0.1142 0.0123 0.0567
v  -0.1239 0.0120 -0.0328
v  0.1320 0.0003 0.0266
v  0.1293 0.0003 0.0381
v  0.0095 0.0010 0.1364
v  0.0213 0.0010 0.1350
v  -0.1054 0.0008 0.0874
v  -0.0976 0.0008 0.0962
v  -0.1187 0.0007 0.0680
v  -0.1241 0.0006 0.0575
v  0.1036 -0.0004 -0.0843
v  0.0957 -0.0004 -0.0930
v  0.1222 -0.0002 -0.0543
v  0.1169 -0.0003 -0.0648
v  0.1343 0.0001 0.0030
v  0.1339 0.0000 -0.0089
v  -0.0698 0.0009 0.1180
v  -0.0594 0.0010 0.1236
v  -0.0889 0.0009 0.1043
v  -0.1338 0.0002 -0.0234
v  -0.1355 0.0003 -0.0117
v  -0.1036 -0.0002 -0.0864
v  -0.0956 -0.0003 -0.0950
v  -0.0797 0.0009 0.1116
v  -0.1125 0.0008 0.0780
v  0.0871 -0.0004 -0.1011
v  0.0778 -0.0005 -0.1084
v  0.1107 -0.0003 -0.0748
v  0.0655 0.0008 0.1194
v  0.0755 0.0008 0.1132
v  0.0328 0.0009 0.1326
v  0.0441 0.0009 0.1291
v  0.0467 -0.0005 -0.1250
v  0.0356 -0.0006 -0.1287
v  0.0937 0.0007 0.0982
v  0.1018 0.0006 0.0896
v  -0.0868 -0.0003 -0.1029
v  -0.0374 0.0010 0.1318
v  -0.0259 0.0010 0.1345
v  0.0005 -0.0006 -0.1337
v  -0.0114 -0.0005 -0.1333
v  -0.0023 0.0010 0.1368
v  -0.1109 -0.0001 -0.0772
v  -0.1173 -0.0001 -0.0673
v  -0.1285 0.0006 0.0466
v  -0.1358 0.0004 0.0120
v  -0.1343 0.0005 0.0238
v  -0.1229 -0.0000 -0.0569
v  0.1325 -0.0000 -0.0206
v  -0.1319 0.0005 0.0353
v  0.1091 0.0006 0.0803
v  0.1155 0.0005 0.0705
v  0.1301 -0.0001 -0.0322
v  0.1337 0.0002 0.0148
v  0.0680 -0.0005 -0.1148
v  0.0576 -0.0005 -0.1204
v  -0.1362 0.0003 0.0002
v  0.0849 0.0007 0.1061
v  -0.0486 0.0010 0.1282
v  -0.0773 -0.0004 -0.1100
v  0.0550 0.0009 0.1247
v  0.0241 -0.0006 -0.1313
v  -0.0231 -0.0005 -0.1318
v  -0.0347 -0.0005 -0.1294
v  0.0123 -0.0006 -0.1330
v  -0.1275 0.0001 -0.0461
v  -0.1312 0.0001 -0.0349
v  0.1210 0.0005 0.0601
v  -0.0568 -0.0004 -0.1216
v  -0.0673 -0.0004 -0.1162
v  -0.0459 -0.0005 -0.1260
v  -0.0142 0.0010 0.1362
v  0.1266 -0.0001 -0.0434
v  0.1257 0.0004 0.0493
v  -0.0121 0.0215 0.1086
v  -0.0220 0.0215 0.1078
v  -0.0020 0.0215 0.1089
v  -0.0120 0.0215 0.1020
v  -0.0020 0.0215 0.1022
v  -0.0219 0.0215 0.1017
v  0.0002 0.0202 -0.1059
v  0.0103 0.0202 -0.1056
v  0.0002 0.0204 -0.0993
v  0.0102 0.0203 -0.0991
v  0.0201 0.0203 -0.0988
v  0.0202 0.0202 -0.1049
v  0.1007 0.0208 0.0025
v  0.1004 0.0208 0.0126
v  0.0898 0.0209 0.0024
v  0.0896 0.0209 0.0125
v  0.0893 0.0210 0.0224
v  0.0996 0.0209 0.0225
v  -0.1083 0.0209 0.0003
v  -0.1080 0.0209 -0.0097
v  -0.1015 0.0210 -0.0096
v  -0.1017 0.0210 0.0004
v  -0.1072 0.0208 -0.0196
v  -0.1012 0.0209 -0.0196
v  -0.0307 0.0210 0.0012
v  -0.0308 0.0210 0.0112
v  -0.0210 0.0210 0.0113
v  -0.0209 0.0209 0.0013
v  -0.0404 0.0210 0.0111
v  -0.0403 0.0210 0.0011
v  -0.0309 0.0211 0.0211
v  -0.0405 0.0211 0.0210
v  -0.0211 0.0211 0.0212
v  -0.0098 0.0202 -0.1058
v  -0.0198 0.0202 -0.1053
v  -0.0198 0.0204 -0.0992
v  -0.0099 0.0204 -0.0993
v  0.0299 0.0202 -0.1037
v  0.0299 0.0203 -0.0983
v  0.0392 0.0203 -0.0978
v  0.0388 0.0202 -0.1022
v  0.0180 0.0214 0.1082
v  0.0080 0.0214 0.1088
v  0.0081 0.0215 0.1023
v  0.0180 0.0215 0.1021
v  0.0277 0.0214 0.1073
v  0.0366 0.0214 0.1060
v  0.0371 0.0215 0.1016
v  0.0278 0.0215 0.1019
v  0.0453 0.0202 -0.1008
v  0.0476 0.0203 -0.0973
v  -0.0406 0.0215 0.1052
v  -0.0471 0.0214 0.1037
v  -0.0410 0.0215 0.1007
v  -0.0494 0.0215 0.1002
v  -0.0384 0.0203 -0.1031
v  -0.0295 0.0203 -0.1043
v  -0.0389 0.0204 -0.0986
v  -0.0296 0.0204 -0.0990
v  -0.0484 0.0204 -0.0932
v  -0.0474 0.0203 -0.0983
v  -0.0566 0.0204 -0.0927
v  -0.0572 0.0205 -0.0871
v  -0.0486 0.0205 -0.0872
v  -0.0393 0.0205 -0.0871
v  -0.0392 0.0204 -0.0932
v  -0.0647 0.0214 0.0929
v  -0.0586 0.0215 0.0945
v  -0.0591 0.0215 0.0888
v  -0.0668 0.0214 0.0884
v  0.0456 0.0214 0.1012
v  0.0548 0.0214 0.0957
v  0.0466 0.0214 0.0962
v  0.0468 0.0214 0.0901
v  0.0554 0.0214 0.0900
v  0.0374 0.0214 0.0962
v  0.0375 0.0214 0.0901
v  0.0568 0.0203 -0.0915
v  0.0629 0.0202 -0.0899
v  0.0573 0.0204 -0.0859
v  0.0650 0.0203 -0.0854
v  0.0732 0.0204 -0.0783
v  0.0786 0.0203 -0.0764
v  0.0736 0.0204 -0.0715
v  0.0804 0.0204 -0.0710
v  0.0632 0.0213 0.0897
v  0.0715 0.0213 0.0828
v  0.0641 0.0213 0.0834
v  0.0643 0.0213 0.0761
v  0.0721 0.0213 0.0760
v  0.0558 0.0214 0.0834
v  0.0559 0.0213 0.0761
v  -0.0208 0.0209 -0.0088
v  -0.0207 0.0208 -0.0187
v  -0.0305 0.0208 -0.0188
v  -0.0306 0.0209 -0.0089
v  -0.0402 0.0209 -0.0090
v  -0.0401 0.0208 -0.0189
v  0.0192 0.0209 -0.0084
v  0.0193 0.0208 -0.0183
v  0.0093 0.0208 -0.0184
v  0.0092 0.0209 -0.0085
v  -0.0008 0.0209 -0.0086
v  -0.0007 0.0208 -0.0185
v  -0.0009 0.0209 0.0015
v  0.0091 0.0209 0.0016
v  0.0191 0.0209 0.0017
v  0.0732 0.0208 -0.0078
v  0.0733 0.0208 -0.0177
v  0.0653 0.0208 -0.0178
v  0.0652 0.0208 -0.0079
v  0.0568 0.0208 -0.0080
v  0.0569 0.0208 -0.0179
v  0.0651 0.0209 0.0022
v  0.0567 0.0209 0.0021
v  0.0731 0.0209 0.0022
v  -0.0107 0.0208 -0.0186
v  -0.0108 0.0209 -0.0087
v  -0.0109 0.0209 0.0014
v  -0.0493 0.0209 -0.0190
v  -0.0494 0.0209 -0.0091
v  -0.0584 0.0209 -0.0092
v  -0.0582 0.0209 -0.0191
v  -0.0495 0.0210 0.0010
v  -0.0585 0.0210 0.0009
v  0.0480 0.0208 -0.0180
v  0.0479 0.0208 -0.0081
v  0.0386 0.0208 -0.0082
v  0.0387 0.0208 -0.0181
v  0.0477 0.0209 0.0020
v  0.0385 0.0209 0.0019
v  0.1000 0.0206 -0.0175
v  0.1006 0.0207 -0.0075
v  0.0897 0.0207 -0.0176
v  0.0898 0.0208 -0.0076
v  0.0291 0.0208 -0.0182
v  0.0290 0.0209 -0.0083
v  0.0289 0.0209 0.0018
v  -0.1061 0.0208 -0.0293
v  -0.1007 0.0208 -0.0293
v  -0.1046 0.0207 -0.0382
v  -0.1002 0.0208 -0.0386
v  -0.0212 0.0211 0.0311
v  -0.0310 0.0211 0.0309
v  -0.0406 0.0211 0.0308
v  -0.0311 0.0212 0.0405
v  -0.0407 0.0212 0.0404
v  -0.0213 0.0212 0.0406
v  0.0190 0.0210 0.0117
v  0.0189 0.0210 0.0217
v  0.0287 0.0210 0.0218
v  0.0288 0.0210 0.0118
v  0.0384 0.0210 0.0119
v  0.0383 0.0210 0.0219
v  0.0984 0.0209 0.0323
v  0.0888 0.0210 0.0322
v  0.0968 0.0210 0.0419
v  0.0882 0.0211 0.0418
v  -0.0111 0.0211 0.0214
v  -0.0110 0.0210 0.0114
v  -0.0010 0.0210 0.0115
v  -0.0011 0.0210 0.0215
v  -0.1076 0.0210 0.0203
v  -0.1082 0.0210 0.0104
v  -0.1017 0.0211 0.0104
v  -0.1016 0.0211 0.0204
v  -0.0586 0.0210 0.0109
v  -0.0587 0.0211 0.0209
v  -0.0498 0.0211 0.0209
v  -0.0497 0.0210 0.0110
v  0.0566 0.0209 0.0121
v  0.0564 0.0210 0.0221
v  0.0649 0.0210 0.0222
v  0.0650 0.0209 0.0122
v  0.0730 0.0209 0.0123
v  0.0729 0.0210 0.0222
v  0.0089 0.0210 0.0216
v  0.0090 0.0210 0.0116
v  0.0475 0.0210 0.0220
v  0.0476 0.0210 0.0120
v  0.0948 0.0210 0.0510
v  0.0875 0.0211 0.0510
v  0.0867 0.0212 0.0596
v  0.0926 0.0211 0.0593
v  0.0188 0.0211 0.0315
v  0.0187 0.0211 0.0410
v  0.0285 0.0211 0.0412
v  0.0286 0.0211 0.0316
v  0.0382 0.0211 0.0317
v  0.0381 0.0211 0.0413
v  -0.0214 0.0212 0.0499
v  -0.0312 0.0212 0.0498
v  -0.0408 0.0212 0.0497
v  -0.0313 0.0213 0.0587
v  -0.0409 0.0213 0.0586
v  -0.0215 0.0213 0.0588
v  -0.0113 0.0212 0.0407
v  -0.0112 0.0211 0.0312
v  -0.0012 0.0211 0.0313
v  -0.0013 0.0212 0.0408
v  -0.1067 0.0211 0.0301
v  -0.1054 0.0211 0.0390
v  -0.1013 0.0212 0.0302
v  -0.1010 0.0212 0.0395
v  -0.0499 0.0211 0.0308
v  -0.0588 0.0211 0.0307
v  -0.0589 0.0212 0.0402
v  -0.0500 0.0212 0.0403
v  0.0647 0.0211 0.0415
v  0.0648 0.0211 0.0320
v  0.0563 0.0211 0.0319
v  0.0562 0.0211 0.0414
v  0.0728 0.0210 0.0320
v  0.0727 0.0211 0.0416
v  0.0087 0.0212 0.0409
v  0.0088 0.0211 0.0314
v  0.0473 0.0211 0.0413
v  0.0474 0.0211 0.0318
v  -0.0216 0.0213 0.0673
v  -0.0314 0.0213 0.0672
v  -0.0410 0.0213 0.0671
v  -0.0315 0.0214 0.0751
v  -0.0410 0.0214 0.0750
v  -0.0217 0.0214 0.0753
v  0.0283 0.0212 0.0593
v  0.0284 0.0212 0.0504
v  0.0186 0.0212 0.0503
v  0.0185 0.0212 0.0592
v  0.0380 0.0212 0.0505
v  0.0379 0.0212 0.0594
v  0.0906 0.0211 0.0653
v  0.0860 0.0212 0.0674
v  -0.0115 0.0213 0.0589
v  -0.0114 0.0212 0.0500
v  -0.0014 0.0212 0.0501
v  -0.0015 0.0213 0.0590
v  -0.0956 0.0213 0.0489
v  -0.1007 0.0212 0.0479
v  -0.0951 0.0213 0.0572
v  -0.0896 0.0213 0.0492
v  -0.0895 0.0213 0.0578
v  -0.0956 0.0212 0.0398
v  -0.0895 0.0212 0.0399
v  -0.0590 0.0213 0.0495
v  -0.0591 0.0213 0.0584
v  -0.0502 0.0213 0.0585
v  -0.0501 0.0213 0.0496
v  0.0645 0.0212 0.0597
v  0.0646 0.0212 0.0508
v  0.0561 0.0212 0.0507
v  0.0561 0.0212 0.0596
v  0.0726 0.0212 0.0509
v  0.0725 0.0212 0.0598
v  0.0085 0.0213 0.0591
v  0.0086 0.0212 0.0502
v  0.0471 0.0212 0.0595
v  0.0472 0.0212 0.0506
v  0.0560 0.0213 0.0681
v  0.0644 0.0213 0.0682
v  0.0724 0.0213 0.0682
v  -0.0217 0.0214 0.0827
v  -0.0315 0.0214 0.0826
v  -0.0411 0.0214 0.0825
v  -0.0316 0.0215 0.0893
v  -0.0412 0.0215 0.0892
v  -0.0218 0.0215 0.0894
v  0.0184 0.0213 0.0677
v  0.0183 0.0213 0.0757
v  0.0281 0.0213 0.0758
v  0.0282 0.0213 0.0678
v  0.0378 0.0213 0.0679
v  0.0377 0.0213 0.0759
v  -0.0117 0.0214 0.0754
v  -0.0116 0.0213 0.0674
v  -0.0016 0.0213 0.0675
v  -0.0017 0.0214 0.0755
v  -0.0822 0.0214 0.0739
v  -0.0828 0.0214 0.0665
v  -0.0892 0.0213 0.0655
v  -0.0756 0.0214 0.0667
v  -0.0754 0.0214 0.0744
v  -0.0829 0.0213 0.0581
v  -0.0755 0.0213 0.0582
v  -0.0591 0.0214 0.0669
v  -0.0592 0.0214 0.0749
v  -0.0503 0.0214 0.0750
v  -0.0502 0.0214 0.0670
v  0.0769 0.0212 0.0809
v  0.0788 0.0212 0.0756
v  0.0084 0.0213 0.0756
v  0.0084 0.0213 0.0676
v  0.0470 0.0213 0.0760
v  0.0471 0.0213 0.0680
v  -0.0219 0.0215 0.0956
v  -0.0317 0.0215 0.0955
v  -0.0412 0.0215 0.0953
v  -0.0317 0.0215 0.1013
v  0.0182 0.0214 0.0831
v  0.0182 0.0214 0.0899
v  0.0280 0.0214 0.0900
v  0.0280 0.0214 0.0832
v  0.0376 0.0214 0.0833
v  -0.0119 0.0214 0.0895
v  -0.0118 0.0214 0.0828
v  -0.0018 0.0214 0.0829
v  -0.0018 0.0214 0.0896
v  -0.0750 0.0214 0.0812
v  -0.0676 0.0214 0.0820
v  -0.0593 0.0214 0.0822
v  -0.0677 0.0214 0.0747
v  -0.0504 0.0215 0.0891
v  -0.0504 0.0214 0.0824
v  0.0610 0.0213 0.0942
v  0.0082 0.0214 0.0898
v  0.0083 0.0214 0.0830
v  0.0469 0.0214 0.0834
v  0.0181 0.0215 0.0961
v  0.0279 0.0215 0.0961
v  -0.0317 0.0215 0.1066
v  -0.0119 0.0215 0.0958
v  -0.0019 0.0215 0.0959
v  -0.0503 0.0215 0.0951
v  0.0081 0.0215 0.0960
v  0.0432 0.0214 0.1047
v  -0.0673 0.0212 0.0401
v  -0.0753 0.0212 0.0401
v  -0.0754 0.0213 0.0493
v  -0.0674 0.0213 0.0494
v  -0.0675 0.0213 0.0583
v  -0.0804 0.0213 0.0793
v  -0.0733 0.0205 -0.0798
v  -0.0659 0.0205 -0.0805
v  -0.0650 0.0204 -0.0868
v  -0.0739 0.0206 -0.0730
v  -0.0661 0.0206 -0.0732
v  -0.0576 0.0205 -0.0805
v  -0.0577 0.0206 -0.0731
v  -0.0672 0.0212 0.0306
v  -0.0671 0.0211 0.0208
v  -0.0751 0.0211 0.0207
v  -0.0752 0.0212 0.0305
v  -0.0667 0.0209 -0.0192
v  -0.0747 0.0209 -0.0193
v  -0.0748 0.0209 -0.0093
v  -0.0668 0.0209 -0.0093
v  -0.0669 0.0210 0.0008
v  -0.0749 0.0210 0.0007
v  -0.0676 0.0214 0.0668
v  -0.0750 0.0210 0.0107
v  -0.0670 0.0210 0.0108
v  -0.0828 0.0213 0.0493
v  -0.0827 0.0212 0.0400
v  -0.0815 0.0206 -0.0652
v  -0.0806 0.0205 -0.0726
v  -0.0878 0.0206 -0.0644
v  -0.0883 0.0207 -0.0567
v  -0.0817 0.0207 -0.0569
v  -0.0743 0.0207 -0.0569
v  -0.0742 0.0206 -0.0653
v  -0.0825 0.0211 0.0206
v  -0.0893 0.0211 0.0205
v  -0.0894 0.0212 0.0303
v  -0.0826 0.0212 0.0304
v  -0.0821 0.0209 -0.0194
v  -0.0889 0.0209 -0.0194
v  -0.0890 0.0209 -0.0095
v  -0.0822 0.0209 -0.0094
v  -0.0823 0.0210 0.0006
v  -0.0891 0.0210 0.0005
v  -0.0936 0.0212 0.0633
v  -0.0892 0.0211 0.0106
v  -0.0824 0.0211 0.0106
v  -0.1041 0.0211 0.0456
v  -0.0997 0.0207 -0.0471
v  -0.0946 0.0207 -0.0480
v  -0.0939 0.0206 -0.0562
v  -0.0948 0.0208 -0.0388
v  -0.0885 0.0207 -0.0481
v  -0.0887 0.0208 -0.0388
v  -0.0955 0.0211 0.0205
v  -0.0956 0.0212 0.0303
v  -0.0952 0.0210 -0.0096
v  -0.0951 0.0209 -0.0195
v  -0.0953 0.0210 0.0005
v  -0.0954 0.0211 0.0105
v  0.0388 0.0207 -0.0279
v  0.0389 0.0207 -0.0375
v  0.0293 0.0207 -0.0376
v  0.0292 0.0207 -0.0280
v  0.0194 0.0207 -0.0281
v  0.0195 0.0207 -0.0377
v  -0.0400 0.0208 -0.0287
v  -0.0399 0.0207 -0.0383
v  -0.0491 0.0207 -0.0384
v  -0.0492 0.0208 -0.0288
v  -0.0581 0.0208 -0.0289
v  -0.0580 0.0208 -0.0385
v  0.0976 0.0205 -0.0369
v  0.0990 0.0206 -0.0273
v  0.0890 0.0206 -0.0370
v  0.0894 0.0207 -0.0274
v  -0.1032 0.0206 -0.0448
v  0.0095 0.0207 -0.0378
v  0.0094 0.0208 -0.0282
v  -0.0006 0.0208 -0.0283
v  -0.0005 0.0207 -0.0379
v  -0.0105 0.0207 -0.0380
v  -0.0106 0.0208 -0.0284
v  -0.0206 0.0208 -0.0285
v  -0.0205 0.0207 -0.0381
v  0.0570 0.0207 -0.0277
v  0.0571 0.0207 -0.0373
v  0.0482 0.0207 -0.0374
v  0.0481 0.0207 -0.0278
v  -0.0303 0.0207 -0.0382
v  -0.0304 0.0208 -0.0286
v  0.0734 0.0207 -0.0275
v  0.0735 0.0206 -0.0371
v  0.0655 0.0207 -0.0372
v  0.0654 0.0207 -0.0276
v  -0.0746 0.0208 -0.0291
v  -0.0745 0.0208 -0.0387
v  -0.0819 0.0208 -0.0388
v  -0.0820 0.0208 -0.0292
v  -0.0888 0.0208 -0.0292
v  -0.0949 0.0208 -0.0293
v  -0.0665 0.0208 -0.0386
v  -0.0666 0.0208 -0.0290
v  -0.0204 0.0207 -0.0474
v  -0.0203 0.0206 -0.0563
v  -0.0301 0.0206 -0.0564
v  -0.0302 0.0207 -0.0475
v  -0.0398 0.0207 -0.0476
v  -0.0397 0.0206 -0.0565
v  0.0096 0.0206 -0.0471
v  0.0196 0.0206 -0.0470
v  0.0197 0.0206 -0.0559
v  0.0097 0.0206 -0.0560
v  -0.0004 0.0207 -0.0472
v  -0.0003 0.0206 -0.0561
v  0.0736 0.0206 -0.0464
v  0.0737 0.0205 -0.0553
v  0.0657 0.0205 -0.0554
v  0.0656 0.0206 -0.0465
v  0.0572 0.0206 -0.0466
v  0.0573 0.0206 -0.0555
v  -0.0103 0.0206 -0.0562
v  -0.0104 0.0207 -0.0473
v  -0.0489 0.0206 -0.0566
v  -0.0490 0.0207 -0.0477
v  -0.0579 0.0207 -0.0478
v  -0.0579 0.0206 -0.0567
v  0.0484 0.0206 -0.0556
v  0.0483 0.0206 -0.0467
v  0.0390 0.0206 -0.0468
v  0.0391 0.0206 -0.0557
v  0.0938 0.0204 -0.0544
v  0.0958 0.0205 -0.0461
v  0.0879 0.0205 -0.0549
v  0.0885 0.0206 -0.0462
v  0.0295 0.0206 -0.0558
v  0.0294 0.0206 -0.0469
v  -0.0663 0.0207 -0.0568
v  -0.0664 0.0207 -0.0479
v  -0.0744 0.0207 -0.0480
v  -0.0923 0.0205 -0.0623
v  -0.0818 0.0207 -0.0480
v  -0.0201 0.0205 -0.0727
v  -0.0299 0.0205 -0.0728
v  -0.0300 0.0206 -0.0649
v  -0.0202 0.0206 -0.0648
v  -0.0395 0.0205 -0.0729
v  -0.0396 0.0206 -0.0650
v  0.0199 0.0205 -0.0723
v  0.0099 0.0205 -0.0724
v  0.0098 0.0205 -0.0645
v  0.0198 0.0205 -0.0643
v  -0.0001 0.0205 -0.0725
v  -0.0002 0.0206 -0.0646
v  0.0738 0.0205 -0.0637
v  0.0659 0.0205 -0.0718
v  0.0658 0.0205 -0.0639
v  0.0574 0.0205 -0.0719
v  0.0573 0.0205 -0.0640
v  -0.0102 0.0205 -0.0726
v  -0.0102 0.0206 -0.0647
v  -0.0488 0.0205 -0.0730
v  -0.0489 0.0206 -0.0651
v  -0.0578 0.0206 -0.0652
v  0.0485 0.0205 -0.0720
v  0.0484 0.0205 -0.0640
v  0.0392 0.0205 -0.0721
v  0.0392 0.0205 -0.0641
v  0.0810 0.0205 -0.0635
v  0.0874 0.0204 -0.0626
v  0.0811 0.0205 -0.0552
v  0.0297 0.0205 -0.0722
v  0.0296 0.0205 -0.0642
v  -0.0662 0.0206 -0.0652
v  -0.0787 0.0204 -0.0780
v  -0.0298 0.0205 -0.0802
v  -0.0200 0.0205 -0.0801
v  -0.0200 0.0204 -0.0869
v  -0.0298 0.0204 -0.0870
v  -0.0394 0.0205 -0.0803
v  0.0100 0.0205 -0.0798
v  0.0199 0.0204 -0.0797
v  0.0200 0.0204 -0.0865
v  0.0101 0.0204 -0.0866
v  0.0000 0.0204 -0.0867
v  -0.0000 0.0205 -0.0799
v  0.0658 0.0204 -0.0791
v  0.0575 0.0204 -0.0793
v  -0.0100 0.0204 -0.0868
v  -0.0101 0.0205 -0.0800
v  -0.0487 0.0205 -0.0804
v  0.0486 0.0204 -0.0862
v  0.0486 0.0204 -0.0794
v  0.0394 0.0204 -0.0863
v  0.0393 0.0204 -0.0795
v  0.0298 0.0204 -0.0864
v  0.0297 0.0204 -0.0796
v  -0.0628 0.0203 -0.0913
v  -0.0297 0.0204 -0.0932
v  -0.0199 0.0204 -0.0931
v  0.0101 0.0204 -0.0928
v  0.0201 0.0204 -0.0927
v  0.0001 0.0204 -0.0930
v  -0.0099 0.0204 -0.0931
v  -0.0450 0.0202 -0.1017
v  0.0485 0.0203 -0.0922
v  0.0394 0.0204 -0.0924
v  0.0299 0.0204 -0.0926
v  0.0811 0.0206 -0.0370
v  0.0811 0.0206 -0.0463
v  0.0919 0.0204 -0.0604
v  0.0810 0.0207 -0.0275
v  0.0810 0.0208 -0.0177
v  0.0807 0.0209 0.0124
v  0.0806 0.0210 0.0223
v  0.0808 0.0209 0.0023
v  0.0804 0.0210 0.0321
v  0.0803 0.0211 0.0417
v  0.0801 0.0211 0.0510
v  0.0799 0.0212 0.0598
v  0.0797 0.0212 0.0682
v  0.0809 0.0208 -0.0077
v  -0.0493 0.2075 0.1288
v  -0.0493 0.2212 0.1298
v  -0.0525 0.2208 0.1264
v  -0.0525 0.2074 0.1254
v  -0.0560 0.2204 0.1224
v  -0.0561 0.2073 0.1214
v  -0.0524 0.2355 0.1263
v  -0.0560 0.2346 0.1223
v  -0.0492 0.2362 0.1297
v  -0.0596 0.2199 0.1184
v  -0.0596 0.2072 0.1174
v  -0.0627 0.2195 0.1148
v  -0.0627 0.2072 0.1139
v  -0.0596 0.2337 0.1183
v  -0.0626 0.2330 0.1147
v  -0.0559 0.2496 0.1208
v  -0.0595 0.2483 0.1168
v  -0.0626 0.2472 0.1133
v  -0.0595 0.2630 0.1138
v  -0.0626 0.2615 0.1103
v  -0.0558 0.2647 0.1177
v  -0.0490 0.2520 0.1282
v  -0.0523 0.2509 0.1248
v  -0.0522 0.2664 0.1215
v  -0.0489 0.2679 0.1248
v  -0.0490 0.1675 0.1163
v  -0.0491 0.1757 0.1205
v  -0.0523 0.1763 0.1173
v  -0.0523 0.1684 0.1131
v  -0.0559 0.1694 0.1095
v  -0.0560 0.1771 0.1136
v  -0.0524 0.1853 0.1208
v  -0.0560 0.1858 0.1169
v  -0.0492 0.1849 0.1241
v  -0.0595 0.1779 0.1098
v  -0.0595 0.1704 0.1058
v  -0.0626 0.1713 0.1026
v  -0.0626 0.1786 0.1064
v  -0.0596 0.1864 0.1130
v  -0.0627 0.1868 0.1096
v  -0.0561 0.1958 0.1195
v  -0.0596 0.1961 0.1156
v  -0.0627 0.1963 0.1121
v  -0.0493 0.1954 0.1268
v  -0.0525 0.1956 0.1235
v  -0.0316 0.1303 0.1000
v  -0.0316 0.1375 0.1012
v  -0.0370 0.1375 0.1010
v  -0.0369 0.1303 0.0998
v  -0.0254 0.1303 0.1000
v  -0.0255 0.1375 0.1012
v  -0.0315 0.1225 0.0987
v  -0.0251 0.1226 0.0987
v  -0.0369 0.1226 0.0985
v  -0.0191 0.1304 0.1000
v  -0.0193 0.1376 0.1012
v  -0.0138 0.1305 0.0996
v  -0.0141 0.1377 0.1009
v  -0.0185 0.1227 0.0986
v  -0.0130 0.1231 0.0981
v  -0.0245 0.1142 0.0974
v  -0.0172 0.1145 0.0973
v  -0.0110 0.1153 0.0964
v  -0.0057 0.1063 0.0949
v  -0.0157 0.1054 0.0963
v  -0.0240 0.1050 0.0966
v  -0.0369 0.1141 0.0974
v  -0.0313 0.1141 0.0976
v  -0.0312 0.1049 0.0967
v  -0.0368 0.1049 0.0965
v  -0.0368 0.0951 0.0962
v  -0.0311 0.0950 0.0965
v  -0.0237 0.0951 0.0963
v  -0.0310 0.0850 0.0966
v  -0.0236 0.0850 0.0965
v  -0.0368 0.0851 0.0963
v  -0.0150 0.0953 0.0962
v  -0.0053 0.0951 0.0957
v  -0.0148 0.0851 0.0966
v  -0.0051 0.0850 0.0963
v  -0.0236 0.0757 0.0970
v  -0.0147 0.0757 0.0971
v  -0.0050 0.0757 0.0970
v  -0.0049 0.0678 0.0977
v  -0.0147 0.0677 0.0977
v  -0.0236 0.0677 0.0975
v  -0.0369 0.0758 0.0967
v  -0.0310 0.0757 0.0970
v  -0.0311 0.0678 0.0975
v  -0.0370 0.0679 0.0971
v  -0.0521 0.3574 -0.0127
v  -0.0488 0.3611 -0.0126
v  -0.0488 0.3580 -0.0287
v  -0.0521 0.3544 -0.0285
v  -0.0521 0.3584 0.0034
v  -0.0488 0.3620 0.0039
v  -0.0557 0.3541 0.0028
v  -0.0558 0.3532 -0.0128
v  -0.0558 0.3502 -0.0282
v  -0.0520 0.3572 0.0194
v  -0.0488 0.3608 0.0203
v  -0.0488 0.3575 0.0364
v  -0.0520 0.3539 0.0352
v  -0.0557 0.3498 0.0337
v  -0.0557 0.3529 0.0184
v  -0.0594 0.3497 0.0022
v  -0.0594 0.3486 0.0174
v  -0.0594 0.3456 0.0322
v  -0.0625 0.3449 0.0165
v  -0.0625 0.3419 0.0310
v  -0.0625 0.3460 0.0017
v  -0.0594 0.3460 -0.0279
v  -0.0594 0.3489 -0.0129
v  -0.0625 0.3451 -0.0130
v  -0.0625 0.3424 -0.0276
v  -0.0672 0.0798 0.0161
v  -0.0670 0.0784 0.0156
v  -0.0669 0.0784 0.0402
v  -0.0670 0.0797 0.0407
v  -0.0671 0.0783 -0.0131
v  -0.0672 0.0797 -0.0125
v  -0.0672 0.0820 0.0168
v  -0.0673 0.0819 -0.0117
v  -0.0671 0.0819 0.0413
v  -0.0672 0.0797 -0.0406
v  -0.0671 0.0783 -0.0412
v  -0.0672 0.0795 -0.0642
v  -0.0670 0.0781 -0.0647
v  -0.0673 0.0817 -0.0636
v  -0.0674 0.0819 -0.0399
v  -0.0674 0.0853 -0.0109
v  -0.0675 0.0853 -0.0391
v  -0.0675 0.0851 -0.0630
v  -0.0676 0.0899 -0.0626
v  -0.0676 0.0901 -0.0383
v  -0.0675 0.0902 -0.0100
v  -0.0671 0.0854 0.0419
v  -0.0673 0.0854 0.0176
v  -0.0673 0.0903 0.0184
v  -0.0672 0.0903 0.0425
v  -0.0370 0.2700 0.1296
v  -0.0371 0.2536 0.1330
v  -0.0317 0.2536 0.1331
v  -0.0316 0.2701 0.1297
v  -0.0256 0.2536 0.1331
v  -0.0255 0.2701 0.1297
v  -0.0318 0.2373 0.1347
v  -0.0256 0.2373 0.1347
v  -0.0372 0.2373 0.1346
v  -0.0194 0.2536 0.1330
v  -0.0193 0.2701 0.1296
v  -0.0141 0.2700 0.1294
v  -0.0141 0.2536 0.1328
v  -0.0195 0.2373 0.1346
v  -0.0141 0.2373 0.1344
v  -0.0257 0.2218 0.1347
v  -0.0195 0.2219 0.1347
v  -0.0142 0.2219 0.1344
v  -0.0142 0.2078 0.1332
v  -0.0195 0.2077 0.1334
v  -0.0257 0.2077 0.1336
v  -0.0319 0.2218 0.1348
v  -0.0373 0.2218 0.1347
v  -0.0320 0.2077 0.1336
v  -0.0374 0.2076 0.1336
v  -0.0371 0.2092 -0.1276
v  -0.0371 0.2236 -0.1280
v  -0.0318 0.2235 -0.1279
v  -0.0318 0.2092 -0.1276
v  -0.0256 0.2235 -0.1278
v  -0.0256 0.2092 -0.1275
v  -0.0317 0.2391 -0.1272
v  -0.0256 0.2390 -0.1271
v  -0.0371 0.2391 -0.1273
v  -0.0195 0.2234 -0.1277
v  -0.0195 0.2091 -0.1274
v  -0.0143 0.2234 -0.1274
v  -0.0143 0.2092 -0.1272
v  -0.0143 0.2389 -0.1265
v  -0.0195 0.2390 -0.1268
v  -0.0256 0.2552 -0.1249
v  -0.0195 0.2551 -0.1246
v  -0.0142 0.2551 -0.1243
v  -0.0195 0.2714 -0.1207
v  -0.0142 0.2713 -0.1203
v  -0.0256 0.2716 -0.1211
v  -0.0371 0.2554 -0.1253
v  -0.0317 0.2553 -0.1251
v  -0.0317 0.2717 -0.1213
v  -0.0370 0.2718 -0.1215
v  -0.0489 0.3258 -0.0854
v  -0.0489 0.3135 -0.0964
v  -0.0522 0.3110 -0.0945
v  -0.0521 0.3230 -0.0838
v  -0.0558 0.3197 -0.0820
v  -0.0558 0.3080 -0.0924
v  -0.0558 0.2951 -0.1011
v  -0.0522 0.2977 -0.1035
v  -0.0489 0.2999 -0.1056
v  -0.0595 0.3050 -0.0902
v  -0.0595 0.3164 -0.0801
v  -0.0626 0.3135 -0.0784
v  -0.0626 0.3025 -0.0882
v  -0.0595 0.2925 -0.0987
v  -0.0626 0.2902 -0.0965
v  -0.0559 0.2811 -0.1082
v  -0.0595 0.2789 -0.1055
v  -0.0626 0.2770 -0.1032
v  -0.0626 0.2631 -0.1081
v  -0.0595 0.2646 -0.1106
v  -0.0559 0.2664 -0.1134
v  -0.0489 0.2852 -0.1130
v  -0.0522 0.2833 -0.1108
v  -0.0522 0.2682 -0.1161
v  -0.0489 0.2697 -0.1185
v  -0.0370 0.2877 -0.1158
v  -0.0317 0.2876 -0.1156
v  -0.0256 0.2875 -0.1153
v  -0.0317 0.3027 -0.1080
v  -0.0255 0.3025 -0.1076
v  -0.0370 0.3029 -0.1082
v  -0.0194 0.2873 -0.1150
v  -0.0142 0.2871 -0.1145
v  -0.0194 0.3023 -0.1073
v  -0.0142 0.3021 -0.1069
v  -0.0255 0.3165 -0.0981
v  -0.0194 0.3163 -0.0978
v  -0.0142 0.3160 -0.0974
v  -0.0141 0.3285 -0.0863
v  -0.0194 0.3288 -0.0866
v  -0.0255 0.3291 -0.0869
v  -0.0370 0.3169 -0.0986
v  -0.0316 0.3167 -0.0984
v  -0.0316 0.3294 -0.0872
v  -0.0370 0.3295 -0.0874
v  -0.0066 0.1176 -0.0435
v  -0.0064 0.1131 -0.0453
v  -0.0065 0.1127 -0.0754
v  -0.0067 0.1172 -0.0739
v  -0.0065 0.1180 -0.0078
v  -0.0063 0.1135 -0.0100
v  -0.0066 0.1233 -0.0418
v  -0.0066 0.1236 -0.0047
v  -0.0068 0.1230 -0.0727
v  -0.0063 0.1140 0.0310
v  -0.0065 0.1184 0.0343
v  -0.0063 0.1142 0.0623
v  -0.0065 0.1187 0.0647
v  -0.0066 0.1246 0.0675
v  -0.0065 0.1242 0.0382
v  -0.0066 0.1302 -0.0003
v  -0.0065 0.1309 0.0417
v  -0.0066 0.1316 0.0705
v  -0.0066 0.1405 0.0739
v  -0.0066 0.1379 0.0428
v  -0.0066 0.1369 0.0028
v  -0.0068 0.1302 -0.0724
v  -0.0066 0.1301 -0.0403
v  -0.0066 0.1372 -0.0383
v  -0.0068 0.1393 -0.0744
v  -0.0374 0.1952 0.1315
v  -0.0320 0.1952 0.1315
v  -0.0257 0.1953 0.1314
v  -0.0257 0.1845 0.1284
v  -0.0319 0.1844 0.1285
v  -0.0373 0.1843 0.1286
v  -0.0195 0.1953 0.1312
v  -0.0142 0.1954 0.1309
v  -0.0142 0.1847 0.1278
v  -0.0195 0.1846 0.1282
v  -0.0256 0.1751 0.1246
v  -0.0195 0.1752 0.1244
v  -0.0142 0.1753 0.1240
v  -0.0142 0.1670 0.1195
v  -0.0194 0.1668 0.1199
v  -0.0256 0.1667 0.1202
v  -0.0372 0.1749 0.1249
v  -0.0318 0.1750 0.1248
v  -0.0317 0.1666 0.1204
v  -0.0371 0.1665 0.1205
v  -0.0368 0.3622 0.0381
v  -0.0368 0.3567 0.0542
v  -0.0315 0.3566 0.0542
v  -0.0315 0.3620 0.0381
v  -0.0254 0.3563 0.0542
v  -0.0254 0.3617 0.0381
v  -0.0315 0.3490 0.0694
v  -0.0254 0.3489 0.0694
v  -0.0368 0.3491 0.0694
v  -0.0193 0.3560 0.0541
v  -0.0193 0.3614 0.0380
v  -0.0140 0.3557 0.0540
v  -0.0140 0.3610 0.0380
v  -0.0192 0.3486 0.0693
v  -0.0140 0.3483 0.0692
v  -0.0254 0.3395 0.0835
v  -0.0192 0.3393 0.0835
v  -0.0140 0.3391 0.0833
v  -0.0140 0.3281 0.0961
v  -0.0192 0.3283 0.0962
v  -0.0254 0.3284 0.0963
v  -0.0368 0.3396 0.0835
v  -0.0315 0.3396 0.0835
v  -0.0315 0.3284 0.0963
v  -0.0368 0.3284 0.0962
v  -0.0368 0.3156 0.1074
v  -0.0315 0.3156 0.1074
v  -0.0254 0.3156 0.1074
v  -0.0315 0.3014 0.1168
v  -0.0254 0.3014 0.1168
v  -0.0368 0.3014 0.1167
v  -0.0192 0.3155 0.1074
v  -0.0140 0.3154 0.1072
v  -0.0193 0.3014 0.1168
v  -0.0140 0.3013 0.1166
v  -0.0254 0.2861 0.1242
v  -0.0193 0.2861 0.1242
v  -0.0140 0.2861 0.1240
v  -0.0369 0.2861 0.1242
v  -0.0316 0.2861 0.1242
v  -0.0523 0.0756 0.0897
v  -0.0491 0.0724 0.0926
v  -0.0490 0.0800 0.0922
v  -0.0522 0.0830 0.0894
v  -0.0559 0.0864 0.0860
v  -0.0559 0.0792 0.0861
v  -0.0522 0.0917 0.0893
v  -0.0558 0.0949 0.0860
v  -0.0489 0.0890 0.0921
v  -0.0595 0.0898 0.0823
v  -0.0595 0.0828 0.0822
v  -0.0626 0.0927 0.0787
v  -0.0626 0.0859 0.0786
v  -0.0626 0.1008 0.0789
v  -0.0595 0.0981 0.0825
v  -0.0558 0.1040 0.0861
v  -0.0595 0.1069 0.0827
v  -0.0626 0.1094 0.0793
v  -0.0626 0.1180 0.0800
v  -0.0595 0.1157 0.0833
v  -0.0558 0.1131 0.0866
v  -0.0489 0.0986 0.0922
v  -0.0522 0.1011 0.0893
v  -0.0522 0.1105 0.0899
v  -0.0489 0.1082 0.0926
v  -0.0374 0.1362 -0.1104
v  -0.0373 0.1436 -0.1113
v  -0.0319 0.1434 -0.1119
v  -0.0320 0.1360 -0.1111
v  -0.0258 0.1433 -0.1128
v  -0.0258 0.1359 -0.1120
v  -0.0319 0.1508 -0.1136
v  -0.0257 0.1507 -0.1145
v  -0.0372 0.1509 -0.1130
v  -0.0196 0.1432 -0.1138
v  -0.0196 0.1358 -0.1130
v  -0.0143 0.1357 -0.1137
v  -0.0144 0.1431 -0.1144
v  -0.0196 0.1506 -0.1154
v  -0.0143 0.1506 -0.1161
v  -0.0257 0.1584 -0.1176
v  -0.0196 0.1583 -0.1186
v  -0.0143 0.1583 -0.1193
v  -0.0196 0.1665 -0.1231
v  -0.0143 0.1665 -0.1238
v  -0.0257 0.1665 -0.1221
v  -0.0371 0.1586 -0.1161
v  -0.0318 0.1585 -0.1167
v  -0.0318 0.1666 -0.1213
v  -0.0371 0.1666 -0.1206
v  -0.0330 0.0470 -0.1075
v  -0.0403 0.0478 -0.1068
v  -0.0391 0.0522 -0.1091
v  -0.0328 0.0515 -0.1094
v  -0.0247 0.0512 -0.1096
v  -0.0247 0.0466 -0.1076
v  -0.0324 0.0557 -0.1108
v  -0.0246 0.0555 -0.1109
v  -0.0385 0.0560 -0.1103
v  -0.0154 0.0464 -0.1078
v  -0.0154 0.0510 -0.1098
v  -0.0054 0.0464 -0.1081
v  -0.0054 0.0509 -0.1100
v  -0.0154 0.0554 -0.1112
v  -0.0054 0.0553 -0.1114
v  -0.0245 0.0603 -0.1119
v  -0.0154 0.0602 -0.1122
v  -0.0054 0.0602 -0.1124
v  -0.0154 0.0663 -0.1131
v  -0.0054 0.0662 -0.1132
v  -0.0244 0.0664 -0.1128
v  -0.0382 0.0606 -0.1113
v  -0.0322 0.0604 -0.1117
v  -0.0321 0.0664 -0.1125
v  -0.0381 0.0666 -0.1122
v  -0.0381 0.0742 -0.1130
v  -0.0321 0.0741 -0.1134
v  -0.0244 0.0741 -0.1138
v  -0.0322 0.0832 -0.1143
v  -0.0245 0.0832 -0.1148
v  -0.0382 0.0833 -0.1138
v  -0.0154 0.0741 -0.1140
v  -0.0055 0.0740 -0.1142
v  -0.0155 0.0832 -0.1151
v  -0.0056 0.0831 -0.1152
v  -0.0246 0.0930 -0.1157
v  -0.0157 0.0932 -0.1161
v  -0.0057 0.0930 -0.1162
v  -0.0163 0.1032 -0.1168
v  -0.0060 0.1040 -0.1168
v  -0.0249 0.1029 -0.1164
v  -0.0382 0.0931 -0.1140
v  -0.0322 0.0930 -0.1152
v  -0.0323 0.1028 -0.1145
v  -0.0381 0.1029 -0.1132
v  -0.0532 0.0602 0.0228
v  -0.0502 0.0566 0.0238
v  -0.0501 0.0567 0.0529
v  -0.0530 0.0603 0.0510
v  -0.0504 0.0565 -0.0083
v  -0.0533 0.0601 -0.0087
v  -0.0565 0.0643 0.0212
v  -0.0566 0.0642 -0.0095
v  -0.0565 0.0644 0.0486
v  -0.0534 0.0601 -0.0402
v  -0.0506 0.0564 -0.0405
v  -0.0535 0.0600 -0.0672
v  -0.0507 0.0564 -0.0682
v  -0.0568 0.0641 -0.0665
v  -0.0567 0.0642 -0.0401
v  -0.0600 0.0683 -0.0105
v  -0.0600 0.0682 -0.0405
v  -0.0601 0.0682 -0.0661
v  -0.0629 0.0718 -0.0409
v  -0.0629 0.0717 -0.0661
v  -0.0628 0.0718 -0.0116
v  -0.0599 0.0685 0.0458
v  -0.0599 0.0684 0.0194
v  -0.0628 0.0719 0.0176
v  -0.0628 0.0720 0.0432
v  -0.0488 0.3528 -0.0444
v  -0.0521 0.3493 -0.0437
v  -0.0558 0.3453 -0.0430
v  -0.0521 0.3423 -0.0582
v  -0.0558 0.3385 -0.0571
v  -0.0488 0.3456 -0.0592
v  -0.0594 0.3412 -0.0423
v  -0.0626 0.3377 -0.0416
v  -0.0594 0.3346 -0.0559
v  -0.0626 0.3313 -0.0549
v  -0.0558 0.3299 -0.0701
v  -0.0594 0.3263 -0.0686
v  -0.0626 0.3232 -0.0672
v  -0.0489 0.3366 -0.0730
v  -0.0521 0.3335 -0.0717
v  -0.0371 0.1754 -0.1245
v  -0.0318 0.1754 -0.1246
v  -0.0257 0.1754 -0.1245
v  -0.0318 0.1853 -0.1255
v  -0.0257 0.1852 -0.1255
v  -0.0371 0.1853 -0.1255
v  -0.0196 0.1753 -0.1245
v  -0.0143 0.1754 -0.1242
v  -0.0195 0.1852 -0.1254
v  -0.0143 0.1853 -0.1252
v  -0.0256 0.1964 -0.1266
v  -0.0195 0.1964 -0.1266
v  -0.0143 0.1965 -0.1264
v  -0.0371 0.1965 -0.1266
v  -0.0318 0.1965 -0.1267
v  -0.0489 0.1171 0.0935
v  -0.0522 0.1191 0.0908
v  -0.0558 0.1215 0.0875
v  -0.0521 0.1271 0.0920
v  -0.0558 0.1292 0.0888
v  -0.0489 0.1252 0.0946
v  -0.0595 0.1239 0.0842
v  -0.0626 0.1260 0.0810
v  -0.0595 0.1314 0.0854
v  -0.0626 0.1333 0.0823
v  -0.0558 0.1363 0.0902
v  -0.0595 0.1383 0.0868
v  -0.0626 0.1399 0.0837
v  -0.0595 0.1447 0.0881
v  -0.0626 0.1462 0.0850
v  -0.0558 0.1429 0.0914
v  -0.0489 0.1327 0.0959
v  -0.0521 0.1344 0.0933
v  -0.0521 0.1412 0.0945
v  -0.0489 0.1397 0.0971
v  -0.0535 0.1087 -0.1064
v  -0.0503 0.1063 -0.1089
v  -0.0504 0.0968 -0.1091
v  -0.0535 0.0994 -0.1069
v  -0.0571 0.1024 -0.1044
v  -0.0570 0.1114 -0.1036
v  -0.0535 0.0902 -0.1070
v  -0.0570 0.0935 -0.1045
v  -0.0504 0.0874 -0.1095
v  -0.0606 0.1055 -0.1015
v  -0.0605 0.1142 -0.1010
v  -0.0636 0.1081 -0.0988
v  -0.0636 0.1165 -0.0984
v  -0.0636 0.0997 -0.0992
v  -0.0606 0.0968 -0.1022
v  -0.0570 0.0853 -0.1044
v  -0.0605 0.0888 -0.1020
v  -0.0635 0.0918 -0.0998
v  -0.0634 0.0852 -0.0996
v  -0.0604 0.0820 -0.1019
v  -0.0570 0.0783 -0.1045
v  -0.0503 0.0787 -0.1092
v  -0.0535 0.0817 -0.1072
v  -0.0534 0.0745 -0.1068
v  -0.0503 0.0713 -0.1089
v  -0.0491 0.1680 -0.1168
v  -0.0491 0.1602 -0.1123
v  -0.0524 0.1613 -0.1102
v  -0.0523 0.1689 -0.1147
v  -0.0561 0.1625 -0.1078
v  -0.0560 0.1699 -0.1123
v  -0.0524 0.1541 -0.1070
v  -0.0561 0.1555 -0.1046
v  -0.0492 0.1529 -0.1092
v  -0.0596 0.1709 -0.1099
v  -0.0597 0.1637 -0.1055
v  -0.0629 0.1648 -0.1035
v  -0.0628 0.1718 -0.1079
v  -0.0598 0.1570 -0.1022
v  -0.0630 0.1583 -0.1002
v  -0.0563 0.1488 -0.1025
v  -0.0599 0.1504 -0.1001
v  -0.0631 0.1519 -0.0978
v  -0.0632 0.1455 -0.0966
v  -0.0601 0.1439 -0.0990
v  -0.0564 0.1420 -0.1016
v  -0.0526 0.1471 -0.1050
v  -0.0493 0.1457 -0.1073
v  -0.0527 0.1402 -0.1042
v  -0.0495 0.1386 -0.1067
v  -0.0369 0.3406 -0.0745
v  -0.0316 0.3404 -0.0744
v  -0.0255 0.3401 -0.0741
v  -0.0316 0.3497 -0.0602
v  -0.0255 0.3494 -0.0600
v  -0.0369 0.3499 -0.0604
v  -0.0194 0.3398 -0.0739
v  -0.0141 0.3394 -0.0736
v  -0.0193 0.3490 -0.0598
v  -0.0141 0.3486 -0.0596
v  -0.0254 0.3567 -0.0449
v  -0.0193 0.3564 -0.0447
v  -0.0141 0.3559 -0.0445
v  -0.0141 0.3612 -0.0286
v  -0.0193 0.3616 -0.0287
v  -0.0254 0.3621 -0.0288
v  -0.0369 0.3573 -0.0451
v  -0.0316 0.3571 -0.0450
v  -0.0316 0.3624 -0.0289
v  -0.0369 0.3627 -0.0290
v  -0.0315 0.3654 0.0215
v  -0.0368 0.3656 0.0215
v  -0.0368 0.3668 0.0046
v  -0.0315 0.3666 0.0046
v  -0.0254 0.3650 0.0215
v  -0.0254 0.3662 0.0046
v  -0.0315 0.3656 -0.0123
v  -0.0369 0.3658 -0.0124
v  -0.0254 0.3652 -0.0123
v  -0.0193 0.3658 0.0046
v  -0.0193 0.3648 -0.0122
v  -0.0141 0.3643 -0.0122
v  -0.0140 0.3653 0.0046
v  -0.0193 0.3647 0.0215
v  -0.0140 0.3642 0.0214
v  -0.0520 0.3217 0.0900
v  -0.0487 0.3245 0.0926
v  -0.0487 0.3354 0.0803
v  -0.0520 0.3324 0.0780
v  -0.0557 0.3288 0.0754
v  -0.0557 0.3184 0.0871
v  -0.0520 0.3414 0.0647
v  -0.0557 0.3376 0.0624
v  -0.0487 0.3447 0.0667
v  -0.0594 0.3151 0.0840
v  -0.0594 0.3252 0.0727
v  -0.0625 0.3221 0.0704
v  -0.0625 0.3123 0.0814
v  -0.0594 0.3338 0.0601
v  -0.0625 0.3304 0.0581
v  -0.0557 0.3446 0.0485
v  -0.0594 0.3406 0.0466
v  -0.0625 0.3371 0.0449
v  -0.0520 0.3486 0.0504
v  -0.0488 0.3521 0.0520
v  -0.0490 0.2538 -0.1221
v  -0.0522 0.2527 -0.1196
v  -0.0559 0.2513 -0.1168
v  -0.0522 0.2373 -0.1215
v  -0.0559 0.2364 -0.1186
v  -0.0490 0.2381 -0.1240
v  -0.0595 0.2500 -0.1139
v  -0.0626 0.2489 -0.1113
v  -0.0595 0.2355 -0.1156
v  -0.0626 0.2347 -0.1130
v  -0.0559 0.2221 -0.1191
v  -0.0595 0.2216 -0.1161
v  -0.0626 0.2212 -0.1135
v  -0.0595 0.2088 -0.1157
v  -0.0626 0.2087 -0.1131
v  -0.0559 0.2089 -0.1187
v  -0.0490 0.2230 -0.1245
v  -0.0522 0.2226 -0.1220
v  -0.0522 0.2090 -0.1216
v  -0.0490 0.2091 -0.1241
v  -0.0488 0.2835 0.1196
v  -0.0521 0.2816 0.1164
v  -0.0558 0.2795 0.1127
v  -0.0521 0.2961 0.1094
v  -0.0557 0.2935 0.1059
v  -0.0488 0.2983 0.1124
v  -0.0594 0.2773 0.1089
v  -0.0625 0.2754 0.1056
v  -0.0594 0.2910 0.1023
v  -0.0625 0.2888 0.0992
v  -0.0557 0.3066 0.0973
v  -0.0594 0.3037 0.0940
v  -0.0625 0.3011 0.0911
v  -0.0488 0.3120 0.1034
v  -0.0520 0.3095 0.1006
v  -0.0523 0.1970 -0.1206
v  -0.0490 0.1968 -0.1231
v  -0.0559 0.1972 -0.1177
v  -0.0523 0.1864 -0.1195
v  -0.0559 0.1870 -0.1166
v  -0.0490 0.1860 -0.1220
v  -0.0595 0.1975 -0.1148
v  -0.0627 0.1977 -0.1122
v  -0.0596 0.1875 -0.1137
v  -0.0627 0.1880 -0.1111
v  -0.0560 0.1779 -0.1156
v  -0.0596 0.1787 -0.1127
v  -0.0627 0.1795 -0.1101
v  -0.0490 0.1765 -0.1210
v  -0.0523 0.1771 -0.1185
v  -0.0489 0.1464 0.0990
v  -0.0522 0.1477 0.0963
v  -0.0558 0.1493 0.0931
v  -0.0522 0.1543 0.1027
v  -0.0558 0.1557 0.0993
v  -0.0489 0.1532 0.1055
v  -0.0595 0.1509 0.0899
v  -0.0626 0.1523 0.0869
v  -0.0595 0.1571 0.0959
v  -0.0626 0.1583 0.0928
v  -0.0559 0.1623 0.1047
v  -0.0595 0.1635 0.1012
v  -0.0626 0.1646 0.0980
v  -0.0522 0.1611 0.1083
v  -0.0489 0.1601 0.1113
v  -0.0527 0.0621 0.0890
v  -0.0496 0.0586 0.0924
v  -0.0495 0.0601 0.0929
v  -0.0526 0.0636 0.0896
v  -0.0562 0.0676 0.0857
v  -0.0562 0.0662 0.0851
v  -0.0525 0.0661 0.0897
v  -0.0561 0.0700 0.0858
v  -0.0493 0.0627 0.0929
v  -0.0597 0.0702 0.0812
v  -0.0597 0.0716 0.0818
v  -0.0627 0.0750 0.0780
v  -0.0627 0.0736 0.0773
v  -0.0627 0.0772 0.0783
v  -0.0596 0.0739 0.0821
v  -0.0560 0.0737 0.0860
v  -0.0596 0.0775 0.0822
v  -0.0626 0.0808 0.0785
v  -0.0492 0.0667 0.0928
v  -0.0524 0.0700 0.0898
v  -0.0529 0.1330 -0.1045
v  -0.0497 0.1313 -0.1066
v  -0.0566 0.1351 -0.1017
v  -0.0532 0.1255 -0.1048
v  -0.0568 0.1278 -0.1024
v  -0.0499 0.1236 -0.1070
v  -0.0602 0.1371 -0.0989
v  -0.0633 0.1389 -0.0963
v  -0.0634 0.1320 -0.0968
v  -0.0604 0.1300 -0.0997
v  -0.0569 0.1199 -0.1029
v  -0.0605 0.1224 -0.1005
v  -0.0635 0.1245 -0.0979
v  -0.0502 0.1152 -0.1078
v  -0.0533 0.1174 -0.1054
v  -0.0676 0.1416 -0.0324
v  -0.0676 0.1472 -0.0312
v  -0.0676 0.1494 -0.0621
v  -0.0677 0.1420 -0.0594
v  -0.0675 0.1415 -0.0010
v  -0.0675 0.1467 0.0007
v  -0.0677 0.1352 -0.0330
v  -0.0676 0.1352 -0.0029
v  -0.0677 0.1351 -0.0589
v  -0.0674 0.1474 0.0315
v  -0.0674 0.1419 0.0299
v  -0.0672 0.1497 0.0581
v  -0.0672 0.1425 0.0540
v  -0.0674 0.1355 0.0272
v  -0.0672 0.1358 0.0510
v  -0.0676 0.1283 -0.0047
v  -0.0674 0.1285 0.0246
v  -0.0672 0.1287 0.0486
v  -0.0674 0.1209 0.0226
v  -0.0672 0.1210 0.0467
v  -0.0676 0.1207 -0.0065
v  -0.0677 0.1279 -0.0595
v  -0.0677 0.1281 -0.0342
v  -0.0677 0.1204 -0.0359
v  -0.0677 0.1202 -0.0606
v  0.0049 0.0661 -0.1132
v  0.0048 0.0738 -0.1141
v  0.0148 0.0735 -0.1138
v  0.0149 0.0659 -0.1130
v  0.0047 0.0826 -0.1151
v  0.0146 0.0821 -0.1147
v  0.0240 0.0654 -0.1127
v  0.0238 0.0731 -0.1134
v  0.0310 0.0731 -0.1130
v  0.0323 0.0643 -0.1119
v  0.0304 0.0817 -0.1136
v  0.0234 0.0817 -0.1142
v  0.0146 0.0906 -0.1155
v  0.0233 0.0900 -0.1149
v  0.0302 0.0899 -0.1137
v  0.0233 0.0969 -0.1146
v  0.0302 0.0967 -0.1128
v  0.0148 0.0976 -0.1158
v  0.0047 0.0917 -0.1160
v  0.0051 0.0993 -0.1164
v  -0.0065 0.1890 0.0708
v  -0.0065 0.1874 0.0772
v  -0.0065 0.1795 0.0704
v  -0.0065 0.1811 0.0638
v  -0.0065 0.1978 0.0768
v  -0.0065 0.1962 0.0829
v  -0.0066 0.1901 0.0665
v  -0.0066 0.1989 0.0726
v  -0.0066 0.1823 0.0593
v  -0.0065 0.2060 0.0875
v  -0.0065 0.2074 0.0816
v  -0.0065 0.2178 0.0852
v  -0.0065 0.2166 0.0910
v  -0.0066 0.2084 0.0776
v  -0.0066 0.2186 0.0813
v  -0.0067 0.1995 0.0701
v  -0.0067 0.2090 0.0751
v  -0.0067 0.2191 0.0789
v  -0.0071 0.2093 0.0738
v  -0.0071 0.2194 0.0776
v  -0.0072 0.1999 0.0687
v  -0.0068 0.1830 0.0566
v  -0.0068 0.1908 0.0639
v  -0.0072 0.1912 0.0624
v  -0.0072 0.1834 0.0551
v  -0.0065 0.3082 -0.0622
v  -0.0065 0.2997 -0.0702
v  -0.0065 0.3017 -0.0734
v  -0.0065 0.3107 -0.0651
v  -0.0066 0.2902 -0.0770
v  -0.0065 0.2916 -0.0805
v  -0.0066 0.2984 -0.0680
v  -0.0066 0.2893 -0.0746
v  -0.0066 0.3066 -0.0603
v  -0.0065 0.2808 -0.0863
v  -0.0066 0.2799 -0.0825
v  -0.0066 0.2693 -0.0907
v  -0.0066 0.2690 -0.0867
v  -0.0066 0.2794 -0.0799
v  -0.0066 0.2688 -0.0840
v  -0.0068 0.2887 -0.0731
v  -0.0068 0.2790 -0.0784
v  -0.0068 0.2687 -0.0823
v  -0.0072 0.2788 -0.0775
v  -0.0072 0.2687 -0.0814
v  -0.0072 0.2884 -0.0723
v  -0.0068 0.3056 -0.0591
v  -0.0068 0.2976 -0.0666
v  -0.0072 0.2972 -0.0659
v  -0.0072 0.3051 -0.0584
v  -0.0064 0.2634 0.0861
v  -0.0064 0.2746 0.0827
v  -0.0064 0.2760 0.0877
v  -0.0064 0.2642 0.0913
v  -0.0064 0.2853 0.0778
v  -0.0064 0.2872 0.0825
v  -0.0065 0.2737 0.0793
v  -0.0065 0.2840 0.0747
v  -0.0065 0.2629 0.0825
v  -0.0064 0.2977 0.0759
v  -0.0064 0.2952 0.0716
v  -0.0064 0.3043 0.0642
v  -0.0064 0.3071 0.0680
v  -0.0065 0.2936 0.0687
v  -0.0065 0.3023 0.0616
v  -0.0067 0.2832 0.0727
v  -0.0067 0.2926 0.0670
v  -0.0067 0.3011 0.0600
v  -0.0071 0.2920 0.0660
v  -0.0071 0.3005 0.0591
v  -0.0071 0.2827 0.0717
v  -0.0067 0.2625 0.0804
v  -0.0067 0.2731 0.0772
v  -0.0071 0.2728 0.0761
v  -0.0071 0.2623 0.0792
v  -0.0066 0.2577 -0.0894
v  -0.0066 0.2573 -0.0936
v  -0.0066 0.2461 -0.0908
v  -0.0066 0.2452 -0.0950
v  -0.0067 0.2579 -0.0866
v  -0.0067 0.2467 -0.0879
v  -0.0066 0.2333 -0.0951
v  -0.0066 0.2346 -0.0907
v  -0.0066 0.2234 -0.0893
v  -0.0066 0.2217 -0.0938
v  -0.0067 0.2246 -0.0862
v  -0.0067 0.2356 -0.0877
v  -0.0068 0.2471 -0.0861
v  -0.0068 0.2361 -0.0859
v  -0.0069 0.2253 -0.0843
v  -0.0073 0.2364 -0.0849
v  -0.0073 0.2257 -0.0833
v  -0.0072 0.2473 -0.0851
v  -0.0068 0.2580 -0.0849
v  -0.0072 0.2581 -0.0840
v  -0.0066 0.1850 -0.0720
v  -0.0066 0.1775 -0.0651
v  -0.0066 0.1752 -0.0719
v  -0.0066 0.1828 -0.0781
v  -0.0066 0.1711 -0.0569
v  -0.0066 0.1687 -0.0640
v  -0.0067 0.1791 -0.0605
v  -0.0067 0.1727 -0.0521
v  -0.0067 0.1865 -0.0678
v  -0.0066 0.1634 -0.0537
v  -0.0066 0.1659 -0.0470
v  -0.0066 0.1620 -0.0323
v  -0.0066 0.1595 -0.0380
v  -0.0067 0.1675 -0.0424
v  -0.0067 0.1637 -0.0287
v  -0.0069 0.1737 -0.0492
v  -0.0069 0.1685 -0.0397
v  -0.0069 0.1647 -0.0265
v  -0.0073 0.1652 -0.0253
v  -0.0073 0.1691 -0.0381
v  -0.0073 0.1742 -0.0476
v  -0.0069 0.1875 -0.0653
v  -0.0069 0.1800 -0.0578
v  -0.0073 0.1806 -0.0562
v  -0.0073 0.1880 -0.0639
v  -0.0534 0.0691 -0.1065
v  -0.0503 0.0658 -0.1084
v  -0.0569 0.0730 -0.1044
v  -0.0535 0.0654 -0.1063
v  -0.0569 0.0694 -0.1042
v  -0.0504 0.0620 -0.1079
v  -0.0604 0.0769 -0.1020
v  -0.0633 0.0803 -0.0996
v  -0.0603 0.0734 -0.1022
v  -0.0632 0.0768 -0.0998
v  -0.0569 0.0671 -0.1039
v  -0.0602 0.0711 -0.1023
v  -0.0631 0.0746 -0.0999
v  -0.0630 0.0732 -0.0996
v  -0.0602 0.0698 -0.1018
v  -0.0569 0.0657 -0.1033
v  -0.0505 0.0595 -0.1074
v  -0.0535 0.0631 -0.1060
v  -0.0536 0.0616 -0.1052
v  -0.0506 0.0581 -0.1065
v  -0.0321 0.0425 0.1015
v  -0.0322 0.0478 0.0999
v  -0.0393 0.0486 0.0993
v  -0.0383 0.0425 0.1013
v  -0.0241 0.0423 0.1023
v  -0.0241 0.0475 0.1006
v  -0.0330 0.0371 0.1029
v  -0.0247 0.0370 0.1040
v  -0.0396 0.0371 0.1018
v  -0.0149 0.0474 0.1009
v  -0.0149 0.0422 0.1025
v  -0.0050 0.0422 0.1025
v  -0.0051 0.0474 0.1008
v  -0.0151 0.0370 0.1045
v  -0.0047 0.0370 0.1045
v  -0.0672 0.0968 0.0430
v  -0.0674 0.0968 0.0190
v  -0.0675 0.0967 -0.0093
v  -0.0674 0.1044 0.0196
v  -0.0675 0.1043 -0.0088
v  -0.0672 0.1045 0.0441
v  -0.0676 0.0965 -0.0378
v  -0.0677 0.0964 -0.0624
v  -0.0677 0.1039 -0.0623
v  -0.0677 0.1041 -0.0374
v  -0.0676 0.1125 -0.0083
v  -0.0677 0.1123 -0.0371
v  -0.0677 0.1120 -0.0618
v  -0.0672 0.1128 0.0452
v  -0.0674 0.1127 0.0210
v  -0.0370 0.1588 0.1153
v  -0.0317 0.1589 0.1152
v  -0.0255 0.1590 0.1150
v  -0.0316 0.1516 0.1093
v  -0.0255 0.1517 0.1092
v  -0.0370 0.1516 0.1094
v  -0.0194 0.1591 0.1148
v  -0.0142 0.1592 0.1143
v  -0.0194 0.1518 0.1089
v  -0.0141 0.1519 0.1084
v  -0.0255 0.1446 0.1025
v  -0.0194 0.1447 0.1023
v  -0.0141 0.1448 0.1018
v  -0.0370 0.1445 0.1027
v  -0.0316 0.1446 0.1027
v  0.0049 0.0939 0.0952
v  0.0052 0.1016 0.0941
v  0.0146 0.0928 0.0948
v  0.0147 0.0999 0.0937
v  0.0050 0.0846 0.0959
v  0.0148 0.0842 0.0956
v  0.0232 0.0923 0.0944
v  0.0230 0.0992 0.0934
v  0.0300 0.0922 0.0938
v  0.0297 0.0991 0.0928
v  0.0305 0.0840 0.0946
v  0.0235 0.0839 0.0952
v  0.0151 0.0754 0.0962
v  0.0241 0.0752 0.0960
v  0.0313 0.0752 0.0954
v  0.0329 0.0663 0.0958
v  0.0245 0.0672 0.0966
v  0.0153 0.0676 0.0969
v  0.0052 0.0756 0.0967
v  0.0053 0.0677 0.0974
v  -0.0380 0.1121 -0.1125
v  -0.0323 0.1120 -0.1136
v  -0.0253 0.1120 -0.1151
v  -0.0257 0.1205 -0.1134
v  -0.0323 0.1205 -0.1121
v  -0.0379 0.1207 -0.1112
v  -0.0178 0.1123 -0.1170
v  -0.0115 0.1130 -0.1166
v  -0.0134 0.1208 -0.1152
v  -0.0190 0.1205 -0.1148
v  -0.0259 0.1284 -0.1122
v  -0.0195 0.1283 -0.1134
v  -0.0141 0.1283 -0.1141
v  -0.0376 0.1286 -0.1104
v  -0.0322 0.1285 -0.1112
v  -0.0371 0.0617 0.0976
v  -0.0313 0.0615 0.0979
v  -0.0237 0.0615 0.0980
v  -0.0315 0.0567 0.0983
v  -0.0238 0.0565 0.0986
v  -0.0375 0.0570 0.0981
v  -0.0148 0.0615 0.0983
v  -0.0049 0.0615 0.0982
v  -0.0148 0.0565 0.0988
v  -0.0050 0.0565 0.0988
v  -0.0240 0.0521 0.0994
v  -0.0149 0.0520 0.0997
v  -0.0050 0.0520 0.0996
v  -0.0319 0.0524 0.0989
v  -0.0381 0.0530 0.0986
v  0.0443 0.0655 0.0530
v  0.0442 0.0650 0.0221
v  0.0470 0.0686 0.0204
v  0.0471 0.0691 0.0510
v  0.0504 0.0732 0.0485
v  0.0503 0.0728 0.0181
v  0.0502 0.0725 -0.0161
v  0.0469 0.0683 -0.0139
v  0.0440 0.0646 -0.0122
v  0.0536 0.0770 0.0156
v  0.0537 0.0773 0.0458
v  0.0565 0.0810 0.0433
v  0.0565 0.0807 0.0133
v  0.0536 0.0767 -0.0186
v  0.0564 0.0804 -0.0209
v  0.0501 0.0722 -0.0499
v  0.0535 0.0765 -0.0525
v  0.0564 0.0802 -0.0548
v  0.0563 0.0802 -0.0841
v  0.0534 0.0764 -0.0817
v  0.0500 0.0721 -0.0791
v  0.0439 0.0643 -0.0458
v  0.0468 0.0680 -0.0475
v  0.0466 0.0679 -0.0766
v  0.0437 0.0642 -0.0748
v  0.0605 0.1015 -0.0593
v  0.0605 0.0948 -0.0588
v  0.0604 0.0945 -0.0879
v  0.0604 0.1012 -0.0884
v  0.0605 0.0950 -0.0247
v  0.0606 0.1018 -0.0241
v  0.0606 0.1093 -0.0587
v  0.0606 0.1096 -0.0238
v  0.0605 0.1090 -0.0884
v  0.0606 0.1020 0.0107
v  0.0605 0.0952 0.0106
v  0.0605 0.1022 0.0400
v  0.0605 0.0953 0.0399
v  0.0606 0.1099 0.0108
v  0.0606 0.1101 0.0402
v  0.0606 0.1175 -0.0237
v  0.0606 0.1178 0.0107
v  0.0605 0.1179 0.0402
v  0.0605 0.1246 0.0401
v  0.0605 0.1244 0.0111
v  0.0605 0.1241 -0.0236
v  0.0604 0.1167 -0.0881
v  0.0606 0.1171 -0.0584
v  0.0605 0.1237 -0.0583
v  0.0604 0.1233 -0.0880
v  0.0465 0.0835 -0.1178
v  0.0465 0.0769 -0.1173
v  0.0435 0.0732 -0.1148
v  0.0435 0.0799 -0.1153
v  0.0499 0.0812 -0.1202
v  0.0499 0.0878 -0.1207
v  0.0466 0.0913 -0.1179
v  0.0500 0.0955 -0.1209
v  0.0435 0.0876 -0.1154
v  0.0533 0.0921 -0.1237
v  0.0533 0.0854 -0.1231
v  0.0562 0.0891 -0.1252
v  0.0562 0.0957 -0.1258
v  0.0563 0.1034 -0.1260
v  0.0534 0.0998 -0.1239
v  0.0500 0.1032 -0.1206
v  0.0534 0.1075 -0.1236
v  0.0563 0.1111 -0.1257
v  0.0534 0.1141 -0.1230
v  0.0563 0.1177 -0.1252
v  0.0500 0.1099 -0.1199
v  0.0466 0.0990 -0.1176
v  0.0435 0.0953 -0.1151
v  0.0466 0.1056 -0.1168
v  0.0436 0.1020 -0.1143
v  0.0464 0.1012 0.0875
v  0.0463 0.1079 0.0865
v  0.0431 0.1043 0.0889
v  0.0433 0.0976 0.0899
v  0.0498 0.1121 0.0838
v  0.0499 0.1054 0.0848
v  0.0501 0.0976 0.0855
v  0.0466 0.0934 0.0882
v  0.0436 0.0898 0.0905
v  0.0534 0.1096 0.0819
v  0.0533 0.1163 0.0809
v  0.0563 0.1199 0.0780
v  0.0563 0.1132 0.0790
v  0.0535 0.1017 0.0826
v  0.0564 0.1053 0.0796
v  0.0502 0.0898 0.0860
v  0.0536 0.0939 0.0831
v  0.0565 0.0974 0.0801
v  0.0565 0.0907 0.0800
v  0.0537 0.0871 0.0830
v  0.0503 0.0830 0.0860
v  0.0438 0.0820 0.0911
v  0.0468 0.0856 0.0888
v  0.0470 0.0789 0.0888
v  0.0441 0.0753 0.0912
v  0.0053 0.0615 0.0979
v  0.0152 0.0614 0.0975
v  0.0151 0.0565 0.0981
v  0.0052 0.0565 0.0986
v  0.0242 0.0612 0.0972
v  0.0314 0.0604 0.0964
v  0.0238 0.0564 0.0979
v  0.0307 0.0561 0.0971
v  0.0149 0.0520 0.0989
v  0.0235 0.0520 0.0987
v  0.0304 0.0519 0.0980
v  0.0302 0.0474 0.0993
v  0.0234 0.0474 0.0999
v  0.0148 0.0474 0.1000
v  0.0051 0.0520 0.0994
v  0.0051 0.0474 0.1006
v  0.0394 0.0506 -0.0430
v  0.0393 0.0464 -0.0422
v  0.0391 0.0463 -0.0712
v  0.0391 0.0504 -0.0720
v  0.0395 0.0508 -0.0093
v  0.0394 0.0466 -0.0086
v  0.0395 0.0539 -0.0098
v  0.0394 0.0537 -0.0435
v  0.0392 0.0535 -0.0725
v  0.0395 0.0510 0.0240
v  0.0394 0.0468 0.0247
v  0.0394 0.0513 0.0553
v  0.0393 0.0470 0.0555
v  0.0396 0.0545 0.0552
v  0.0396 0.0542 0.0235
v  0.0396 0.0561 -0.0101
v  0.0398 0.0565 0.0234
v  0.0397 0.0568 0.0551
v  0.0400 0.0585 0.0551
v  0.0399 0.0580 0.0237
v  0.0398 0.0577 -0.0102
v  0.0393 0.0557 -0.0727
v  0.0395 0.0559 -0.0437
v  0.0396 0.0574 -0.0438
v  0.0394 0.0572 -0.0728
v  0.0088 0.1066 -0.0771
v  0.0025 0.1067 -0.0773
v  0.0026 0.1071 -0.0476
v  0.0089 0.1070 -0.0473
v  0.0163 0.1065 -0.0758
v  0.0163 0.1070 -0.0463
v  0.0162 0.1074 -0.0116
v  0.0089 0.1074 -0.0126
v  0.0026 0.1076 -0.0128
v  0.0237 0.1070 -0.0439
v  0.0238 0.1065 -0.0734
v  0.0301 0.1071 -0.0422
v  0.0302 0.1066 -0.0716
v  0.0236 0.1074 -0.0094
v  0.0300 0.1075 -0.0078
v  0.0235 0.1078 0.0272
v  0.0162 0.1078 0.0267
v  0.0299 0.1079 0.0278
v  0.0234 0.1080 0.0591
v  0.0298 0.1081 0.0591
v  0.0161 0.1080 0.0591
v  0.0089 0.1078 0.0263
v  0.0026 0.1080 0.0261
v  0.0088 0.1081 0.0591
v  0.0025 0.1083 0.0589
v  0.0680 0.0259 -0.0459
v  0.0539 0.0317 -0.0521
v  0.0552 0.0318 -0.0267
v  0.0702 0.0260 -0.0236
v  0.0556 0.0320 0.0023
v  0.0710 0.0261 0.0013
v  0.0443 0.0362 -0.0366
v  0.0445 0.0364 -0.0045
v  0.0438 0.0360 -0.0643
v  0.0705 0.0263 0.0263
v  0.0554 0.0321 0.0313
v  0.0543 0.0323 0.0567
v  0.0687 0.0264 0.0487
v  0.0444 0.0365 0.0274
v  0.0440 0.0367 0.0548
v  0.0400 0.0416 -0.0075
v  0.0400 0.0417 0.0255
v  0.0398 0.0419 0.0553
v  0.0397 0.0412 -0.0697
v  0.0399 0.0414 -0.0409
v  -0.0055 0.0256 -0.1019
v  -0.0054 0.0315 -0.1006
v  0.0064 0.0315 -0.1005
v  0.0079 0.0256 -0.1015
v  0.0178 0.0314 -0.0996
v  0.0209 0.0256 -0.0998
v  0.0156 0.0359 -0.1029
v  0.0053 0.0359 -0.1029
v  -0.0054 0.0359 -0.1028
v  0.0329 0.0256 -0.0967
v  0.0281 0.0314 -0.0980
v  0.0435 0.0256 -0.0921
v  0.0368 0.0315 -0.0953
v  0.0321 0.0359 -0.1017
v  0.0247 0.0359 -0.1028
v  0.0233 0.0411 -0.1063
v  0.0147 0.0411 -0.1060
v  0.0301 0.0411 -0.1049
v  0.0299 0.0462 -0.1076
v  0.0231 0.0462 -0.1087
v  0.0145 0.0463 -0.1085
v  -0.0054 0.0412 -0.1055
v  0.0049 0.0411 -0.1057
v  0.0048 0.0463 -0.1083
v  -0.0527 0.0257 -0.0902
v  -0.0455 0.0316 -0.0937
v  -0.0375 0.0316 -0.0967
v  -0.0428 0.0257 -0.0952
v  -0.0313 0.0256 -0.0987
v  -0.0278 0.0316 -0.0987
v  -0.0255 0.0361 -0.1021
v  -0.0339 0.0362 -0.1017
v  -0.0405 0.0362 -0.0999
v  -0.0170 0.0315 -0.1000
v  -0.0187 0.0256 -0.1010
v  -0.0158 0.0360 -0.1025
v  -0.0247 0.0414 -0.1051
v  -0.0154 0.0412 -0.1053
v  -0.0391 0.0417 -0.1035
v  -0.0328 0.0416 -0.1051
v  0.0048 0.0509 -0.1102
v  0.0145 0.0508 -0.1104
v  0.0048 0.0552 -0.1115
v  0.0146 0.0551 -0.1116
v  0.0231 0.0507 -0.1104
v  0.0299 0.0506 -0.1095
v  0.0302 0.0545 -0.1107
v  0.0233 0.0549 -0.1115
v  0.0237 0.0595 -0.1122
v  0.0148 0.0599 -0.1124
v  0.0308 0.0587 -0.1114
v  0.0048 0.0601 -0.1124
v  0.0052 0.0422 0.1021
v  0.0149 0.0422 0.1015
v  0.0059 0.0370 0.1040
v  0.0161 0.0370 0.1031
v  0.0235 0.0422 0.1012
v  0.0304 0.0422 0.1007
v  0.0325 0.0369 0.1010
v  0.0252 0.0369 0.1017
v  0.0435 0.1118 -0.0730
v  0.0433 0.1123 -0.0436
v  0.0464 0.1160 -0.0460
v  0.0465 0.1155 -0.0755
v  0.0500 0.1197 -0.0785
v  0.0499 0.1202 -0.0489
v  0.0498 0.1207 -0.0145
v  0.0463 0.1164 -0.0116
v  0.0432 0.1128 -0.0093
v  0.0534 0.1245 -0.0519
v  0.0534 0.1239 -0.0816
v  0.0563 0.1274 -0.0842
v  0.0563 0.1279 -0.0546
v  0.0563 0.1284 -0.0201
v  0.0533 0.1249 -0.0175
v  0.0533 0.1253 0.0177
v  0.0498 0.1210 0.0207
v  0.0563 0.1287 0.0151
v  0.0532 0.1254 0.0466
v  0.0563 0.1289 0.0439
v  0.0497 0.1212 0.0497
v  0.0431 0.1131 0.0259
v  0.0462 0.1168 0.0235
v  0.0461 0.1170 0.0528
v  0.0430 0.1133 0.0554
v  -0.0648 0.0743 -0.0818
v  -0.0629 0.0718 -0.0829
v  -0.0649 0.0743 -0.0658
v  -0.0648 0.0744 -0.0917
v  -0.0629 0.0720 -0.0931
v  -0.0660 0.0758 -0.0810
v  -0.0657 0.0756 -0.0896
v  -0.0661 0.0760 -0.0652
v  -0.0650 0.0757 -0.0970
v  -0.0629 0.0724 -0.0980
v  -0.0649 0.0748 -0.0958
v  -0.0660 0.0762 -0.0914
v  -0.0662 0.0771 -0.0920
v  -0.0665 0.0769 -0.0811
v  -0.0667 0.0771 -0.0650
v  -0.0668 0.0779 -0.0812
v  -0.0500 0.0569 0.0736
v  -0.0480 0.0539 0.0541
v  -0.0479 0.0541 0.0754
v  -0.0477 0.0544 0.0880
v  -0.0499 0.0572 0.0855
v  -0.0465 0.0517 0.0767
v  -0.0462 0.0521 0.0897
v  -0.0467 0.0515 0.0548
v  -0.0498 0.0577 0.0907
v  -0.0475 0.0550 0.0931
v  -0.0472 0.0560 0.0947
v  -0.0457 0.0527 0.0948
v  -0.0452 0.0538 0.0963
v  -0.0441 0.0503 0.0961
v  -0.0451 0.0495 0.0911
v  -0.0430 0.0517 0.0974
v  -0.0427 0.0469 0.0975
v  -0.0444 0.0462 0.0926
v  -0.0460 0.0489 0.0554
v  -0.0457 0.0491 0.0776
v  -0.0452 0.0458 0.0784
v  -0.0456 0.0455 0.0558
v  -0.0059 0.1093 -0.0970
v  -0.0065 0.1122 -0.0964
v  -0.0060 0.1097 -0.0764
v  -0.0055 0.1086 -0.1089
v  -0.0065 0.1113 -0.1090
v  -0.0046 0.1077 -0.0971
v  -0.0045 0.1076 -0.1067
v  -0.0046 0.1080 -0.0770
v  -0.0007 0.1052 -0.1155
v  -0.0064 0.1093 -0.1152
v  -0.0043 0.1072 -0.1142
v  -0.0028 0.1067 -0.1093
v  0.0013 0.1059 -0.1103
v  -0.0022 0.1068 -0.0977
v  -0.0020 0.1071 -0.0773
v  0.0022 0.1064 -0.0981
v  -0.0466 0.0486 -0.0885
v  -0.0460 0.0452 -0.0875
v  -0.0462 0.0451 -0.0693
v  -0.0466 0.0485 -0.0697
v  -0.0461 0.0489 -0.0991
v  -0.0453 0.0455 -0.0978
v  -0.0472 0.0515 -0.0996
v  -0.0474 0.0513 -0.0889
v  -0.0474 0.0512 -0.0697
v  -0.0452 0.0497 -0.1048
v  -0.0437 0.0462 -0.1035
v  -0.0440 0.0510 -0.1076
v  -0.0468 0.0521 -0.1053
v  -0.0463 0.0532 -0.1078
v  -0.0485 0.0544 -0.1052
v  -0.0487 0.0539 -0.0995
v  -0.0483 0.0554 -0.1076
v  -0.0507 0.0572 -0.1042
v  -0.0508 0.0567 -0.0987
v  -0.0487 0.0536 -0.0692
v  -0.0487 0.0537 -0.0886
v  -0.0507 0.0565 -0.0874
v  -0.0649 0.0745 0.0414
v  -0.0628 0.0721 0.0609
v  -0.0648 0.0746 0.0584
v  -0.0660 0.0762 0.0568
v  -0.0661 0.0762 0.0403
v  -0.0657 0.0760 0.0649
v  -0.0647 0.0748 0.0679
v  -0.0627 0.0724 0.0709
v  -0.0665 0.0772 0.0567
v  -0.0667 0.0782 0.0572
v  -0.0667 0.0774 0.0400
v  -0.0660 0.0766 0.0666
v  -0.0661 0.0775 0.0675
v  -0.0627 0.0728 0.0756
v  -0.0648 0.0760 0.0733
v  -0.0648 0.0752 0.0719
v  -0.0061 0.1116 0.0932
v  -0.0005 0.1075 0.0921
v  -0.0040 0.1095 0.0910
v  -0.0053 0.1108 0.0873
v  -0.0063 0.1135 0.0892
v  -0.0043 0.1097 0.0850
v  -0.0026 0.1090 0.0867
v  0.0014 0.1081 0.0873
v  -0.0057 0.1113 0.0785
v  -0.0058 0.1113 0.0605
v  -0.0063 0.1142 0.0800
v  -0.0044 0.1097 0.0774
v  -0.0045 0.1095 0.0595
v  -0.0020 0.1088 0.0774
v  0.0023 0.1083 0.0775
v  -0.0018 0.1086 0.0590
v  0.0435 0.1111 -0.0940
v  0.0410 0.1085 -0.0923
v  0.0409 0.1093 -0.0714
v  0.0384 0.1069 -0.0915
v  0.0383 0.1077 -0.0707
v  0.0384 0.1054 -0.1035
v  0.0410 0.1070 -0.1043
v  0.0436 0.1096 -0.1060
v  0.0350 0.1062 -0.0916
v  0.0350 0.1069 -0.0707
v  0.0303 0.1059 -0.0925
v  0.0303 0.1044 -0.1045
v  0.0351 0.1046 -0.1036
v  0.0351 0.1017 -0.1098
v  0.0385 0.1025 -0.1097
v  0.0302 0.1015 -0.1106
v  0.0351 0.0970 -0.1119
v  0.0384 0.0978 -0.1118
v  0.0436 0.1067 -0.1122
v  0.0410 0.1041 -0.1105
v  0.0410 0.0994 -0.1126
v  0.0394 0.0586 -0.0929
v  0.0397 0.0584 -0.0728
v  0.0390 0.0573 -0.0929
v  0.0402 0.0600 -0.0932
v  0.0404 0.0597 -0.0731
v  0.0388 0.0597 -0.1041
v  0.0399 0.0612 -0.1046
v  0.0381 0.0582 -0.1039
v  0.0415 0.0618 -0.0938
v  0.0417 0.0615 -0.0737
v  0.0436 0.0645 -0.0951
v  0.0436 0.0658 -0.1070
v  0.0414 0.0631 -0.1055
v  0.0412 0.0658 -0.1111
v  0.0394 0.0638 -0.1101
v  0.0435 0.0686 -0.1127
v  0.0411 0.0705 -0.1131
v  0.0390 0.0685 -0.1122
v  0.0377 0.0621 -0.1098
v  0.0362 0.0601 -0.1095
v  0.0365 0.0667 -0.1119
v  0.0602 0.1276 -0.0877
v  0.0601 0.1227 -0.1086
v  0.0600 0.1271 -0.1082
v  0.0594 0.1290 -0.1074
v  0.0596 0.1297 -0.0871
v  0.0592 0.1281 -0.1165
v  0.0594 0.1262 -0.1193
v  0.0595 0.1218 -0.1206
v  0.0583 0.1288 -0.1067
v  0.0563 0.1267 -0.1052
v  0.0583 0.1295 -0.0861
v  0.0582 0.1274 -0.1181
v  0.0563 0.1252 -0.1173
v  0.0583 0.1248 -0.1237
v  0.0583 0.1203 -0.1252
v  0.0563 0.1224 -0.1234
v  0.0599 0.0893 -0.1076
v  0.0601 0.0941 -0.1084
v  0.0601 0.0896 -0.0874
v  0.0594 0.0887 -0.1191
v  0.0595 0.0933 -0.1203
v  0.0594 0.0860 -0.1067
v  0.0591 0.0862 -0.1164
v  0.0596 0.0860 -0.0868
v  0.0562 0.0845 -0.1232
v  0.0583 0.0917 -0.1250
v  0.0582 0.0871 -0.1233
v  0.0582 0.0845 -0.1179
v  0.0562 0.0817 -0.1172
v  0.0583 0.0832 -0.0858
v  0.0562 0.0805 -0.1047
v  0.0583 0.0834 -0.1061
v  0.0565 0.0816 0.0632
v  0.0585 0.0840 0.0415
v  0.0585 0.0844 0.0611
v  0.0584 0.0857 0.0715
v  0.0565 0.0830 0.0742
v  0.0596 0.0870 0.0596
v  0.0593 0.0874 0.0685
v  0.0597 0.0868 0.0404
v  0.0585 0.0884 0.0757
v  0.0585 0.0931 0.0767
v  0.0565 0.0859 0.0787
v  0.0596 0.0899 0.0703
v  0.0597 0.0946 0.0710
v  0.0603 0.0952 0.0597
v  0.0601 0.0904 0.0595
v  0.0603 0.0904 0.0400
v  0.0443 0.0662 0.0742
v  0.0423 0.0636 0.0758
v  0.0423 0.0629 0.0542
v  0.0410 0.0618 0.0767
v  0.0410 0.0611 0.0548
v  0.0422 0.0651 0.0873
v  0.0408 0.0632 0.0884
v  0.0443 0.0677 0.0855
v  0.0402 0.0604 0.0771
v  0.0403 0.0597 0.0551
v  0.0397 0.0590 0.0773
v  0.0397 0.0617 0.0890
v  0.0389 0.0601 0.0893
v  0.0403 0.0660 0.0927
v  0.0385 0.0643 0.0933
v  0.0369 0.0621 0.0939
v  0.0371 0.0689 0.0948
v  0.0396 0.0707 0.0939
v  0.0442 0.0706 0.0900
v  0.0420 0.0680 0.0917
v  0.0417 0.0727 0.0928
v  0.0603 0.1290 0.0402
v  0.0601 0.1289 0.0583
v  0.0603 0.1245 0.0588
v  0.0595 0.1283 0.0682
v  0.0596 0.1238 0.0693
v  0.0593 0.1301 0.0663
v  0.0595 0.1309 0.0583
v  0.0596 0.1311 0.0407
v  0.0583 0.1270 0.0732
v  0.0562 0.1246 0.0762
v  0.0584 0.1224 0.0748
v  0.0583 0.1295 0.0691
v  0.0562 0.1274 0.0717
v  0.0583 0.1307 0.0597
v  0.0584 0.1310 0.0419
v  0.0562 0.1286 0.0619
v  0.0344 0.1041 0.0905
v  0.0296 0.1038 0.0910
v  0.0345 0.0994 0.0924
v  0.0343 0.1068 0.0862
v  0.0296 0.1066 0.0865
v  0.0377 0.1048 0.0899
v  0.0376 0.1076 0.0855
v  0.0379 0.1001 0.0918
v  0.0343 0.1081 0.0768
v  0.0297 0.1078 0.0771
v  0.0344 0.1084 0.0589
v  0.0376 0.1089 0.0761
v  0.0377 0.1092 0.0583
v  0.0402 0.1104 0.0749
v  0.0402 0.1092 0.0844
v  0.0403 0.1107 0.0572
v  0.0429 0.1130 0.0731
v  0.0429 0.1117 0.0826
v  0.0405 0.1017 0.0907
v  0.0403 0.1064 0.0888
v  0.0429 0.1090 0.0871
v  -0.0106 0.1966 -0.1259
v  -0.0106 0.2093 -0.1267
v  -0.0106 0.1855 -0.1247
v  -0.0084 0.1860 -0.1234
v  -0.0084 0.1971 -0.1246
v  -0.0083 0.2097 -0.1255
v  -0.0106 0.1756 -0.1237
v  -0.0106 0.1667 -0.1231
v  -0.0084 0.1761 -0.1222
v  -0.0084 0.1672 -0.1214
v  -0.0073 0.1871 -0.1207
v  -0.0073 0.1772 -0.1192
v  -0.0073 0.1683 -0.1181
v  -0.0068 0.1703 -0.1125
v  -0.0068 0.1791 -0.1144
v  -0.0068 0.1889 -0.1162
v  -0.0072 0.2106 -0.1231
v  -0.0073 0.1981 -0.1221
v  -0.0068 0.1998 -0.1179
v  -0.0068 0.2121 -0.1191
v  -0.0104 0.2079 0.1326
v  -0.0104 0.2220 0.1339
v  -0.0104 0.2374 0.1339
v  -0.0082 0.2222 0.1324
v  -0.0081 0.2375 0.1324
v  -0.0082 0.2082 0.1311
v  -0.0104 0.2536 0.1323
v  -0.0104 0.2700 0.1289
v  -0.0081 0.2535 0.1309
v  -0.0081 0.2698 0.1276
v  -0.0070 0.2376 0.1295
v  -0.0070 0.2534 0.1280
v  -0.0070 0.2693 0.1248
v  -0.0066 0.2532 0.1233
v  -0.0066 0.2686 0.1202
v  -0.0066 0.2380 0.1247
v  -0.0070 0.2089 0.1280
v  -0.0070 0.2226 0.1294
v  -0.0066 0.2234 0.1244
v  -0.0066 0.2099 0.1229
v  -0.0066 0.3230 0.0893
v  -0.0070 0.3255 0.0926
v  -0.0070 0.3133 0.1034
v  -0.0066 0.3112 0.0996
v  -0.0070 0.2996 0.1124
v  -0.0066 0.2980 0.1083
v  -0.0081 0.3145 0.1057
v  -0.0081 0.3006 0.1149
v  -0.0081 0.3270 0.0947
v  -0.0070 0.2849 0.1196
v  -0.0066 0.2837 0.1152
v  -0.0081 0.2856 0.1222
v  -0.0103 0.2860 0.1235
v  -0.0103 0.3011 0.1161
v  -0.0103 0.3278 0.0957
v  -0.0103 0.3152 0.1068
v  -0.0669 0.1286 0.0638
v  -0.0669 0.1209 0.0623
v  -0.0669 0.1358 0.0658
v  -0.0662 0.1283 0.0726
v  -0.0662 0.1354 0.0743
v  -0.0662 0.1205 0.0714
v  -0.0669 0.1424 0.0682
v  -0.0668 0.1488 0.0714
v  -0.0662 0.1419 0.0761
v  -0.0661 0.1481 0.0781
v  -0.0648 0.1412 0.0806
v  -0.0648 0.1346 0.0791
v  -0.0648 0.1473 0.0821
v  -0.0648 0.1196 0.0765
v  -0.0648 0.1274 0.0777
v  -0.0669 0.1993 -0.1063
v  -0.0671 0.2008 -0.1037
v  -0.0671 0.2113 -0.1049
v  -0.0668 0.2100 -0.1074
v  -0.0669 0.1900 -0.1050
v  -0.0671 0.1914 -0.1021
v  -0.0662 0.1890 -0.1071
v  -0.0662 0.1985 -0.1083
v  -0.0662 0.2092 -0.1093
v  -0.0669 0.1817 -0.1036
v  -0.0672 0.1830 -0.1004
v  -0.0670 0.1742 -0.1025
v  -0.0672 0.1755 -0.0988
v  -0.0662 0.1807 -0.1060
v  -0.0663 0.1733 -0.1048
v  -0.0649 0.1885 -0.1090
v  -0.0649 0.1801 -0.1080
v  -0.0650 0.1726 -0.1063
v  -0.0648 0.2088 -0.1111
v  -0.0648 0.1980 -0.1102
v  -0.0670 0.2209 0.1048
v  -0.0670 0.2092 0.1036
v  -0.0668 0.2081 0.1066
v  -0.0668 0.2199 0.1076
v  -0.0668 0.2328 0.1076
v  -0.0670 0.2335 0.1049
v  -0.0661 0.2325 0.1098
v  -0.0661 0.2195 0.1099
v  -0.0661 0.2075 0.1089
v  -0.0667 0.2462 0.1063
v  -0.0670 0.2466 0.1037
v  -0.0667 0.2597 0.1035
v  -0.0670 0.2599 0.1010
v  -0.0661 0.2461 0.1085
v  -0.0661 0.2599 0.1056
v  -0.0648 0.2326 0.1120
v  -0.0648 0.2464 0.1106
v  -0.0647 0.2605 0.1077
v  -0.0648 0.2072 0.1112
v  -0.0648 0.2194 0.1121
v  -0.0671 0.2621 -0.1006
v  -0.0668 0.2616 -0.1028
v  -0.0668 0.2481 -0.1059
v  -0.0671 0.2489 -0.1036
v  -0.0668 0.2347 -0.1075
v  -0.0671 0.2357 -0.1051
v  -0.0662 0.2479 -0.1076
v  -0.0662 0.2342 -0.1093
v  -0.0662 0.2616 -0.1045
v  -0.0668 0.2219 -0.1079
v  -0.0671 0.2231 -0.1055
v  -0.0662 0.2212 -0.1097
v  -0.0648 0.2343 -0.1110
v  -0.0648 0.2210 -0.1115
v  -0.0648 0.2621 -0.1062
v  -0.0648 0.2481 -0.1093
v  -0.0648 0.2757 -0.1014
v  -0.0648 0.2886 -0.0949
v  -0.0661 0.2750 -0.0998
v  -0.0661 0.2877 -0.0934
v  -0.0648 0.3006 -0.0867
v  -0.0648 0.3114 -0.0771
v  -0.0661 0.2995 -0.0854
v  -0.0661 0.3101 -0.0760
v  -0.0668 0.2872 -0.0918
v  -0.0668 0.2988 -0.0840
v  -0.0668 0.3092 -0.0747
v  -0.0671 0.2984 -0.0821
v  -0.0671 0.3085 -0.0731
v  -0.0671 0.2871 -0.0898
v  -0.0668 0.2748 -0.0981
v  -0.0671 0.2749 -0.0960
v  -0.0647 0.3103 0.0794
v  -0.0647 0.2993 0.0888
v  -0.0647 0.2872 0.0968
v  -0.0661 0.2981 0.0871
v  -0.0661 0.2862 0.0949
v  -0.0661 0.3089 0.0778
v  -0.0647 0.2741 0.1031
v  -0.0661 0.2734 0.1011
v  -0.0667 0.2856 0.0930
v  -0.0667 0.2730 0.0991
v  -0.0670 0.2728 0.0967
v  -0.0670 0.2851 0.0908
v  -0.0667 0.3078 0.0763
v  -0.0667 0.2973 0.0854
v  -0.0670 0.2966 0.0833
v  -0.0670 0.3070 0.0745
v  -0.0668 0.3320 -0.0399
v  -0.0670 0.3307 -0.0390
v  -0.0670 0.3350 -0.0261
v  -0.0668 0.3364 -0.0267
v  -0.0668 0.3260 -0.0525
v  -0.0670 0.3249 -0.0513
v  -0.0661 0.3334 -0.0406
v  -0.0661 0.3272 -0.0533
v  -0.0661 0.3378 -0.0271
v  -0.0668 0.3183 -0.0641
v  -0.0670 0.3174 -0.0627
v  -0.0661 0.3194 -0.0652
v  -0.0648 0.3209 -0.0662
v  -0.0648 0.3288 -0.0541
v  -0.0648 0.3397 -0.0273
v  -0.0648 0.3351 -0.0411
v  -0.0647 0.3393 0.0300
v  -0.0647 0.3345 0.0437
v  -0.0647 0.3280 0.0566
v  -0.0661 0.3327 0.0428
v  -0.0661 0.3263 0.0555
v  -0.0661 0.3374 0.0293
v  -0.0647 0.3199 0.0686
v  -0.0661 0.3183 0.0672
v  -0.0667 0.3171 0.0659
v  -0.0667 0.3250 0.0544
v  -0.0670 0.3160 0.0643
v  -0.0670 0.3237 0.0531
v  -0.0667 0.3359 0.0287
v  -0.0667 0.3313 0.0419
v  -0.0670 0.3299 0.0409
v  -0.0670 0.3344 0.0281
v  -0.0668 0.1548 0.0753
v  -0.0671 0.1560 0.0691
v  -0.0668 0.1607 0.0829
v  -0.0671 0.1618 0.0777
v  -0.0661 0.1600 0.0870
v  -0.0661 0.1541 0.0801
v  -0.0668 0.1668 0.0897
v  -0.0670 0.1678 0.0855
v  -0.0668 0.1733 0.0947
v  -0.0670 0.1744 0.0910
v  -0.0661 0.1661 0.0928
v  -0.0661 0.1726 0.0975
v  -0.0648 0.1593 0.0901
v  -0.0648 0.1654 0.0954
v  -0.0648 0.1720 0.0999
v  -0.0648 0.1533 0.0840
v  -0.0670 0.1816 0.0953
v  -0.0668 0.1805 0.0988
v  -0.0668 0.1885 0.1021
v  -0.0670 0.1896 0.0988
v  -0.0661 0.1878 0.1046
v  -0.0661 0.1797 0.1014
v  -0.0668 0.1977 0.1047
v  -0.0670 0.1988 0.1016
v  -0.0661 0.1970 0.1071
v  -0.0648 0.1873 0.1069
v  -0.0648 0.1966 0.1094
v  -0.0648 0.1792 0.1038
v  -0.0463 0.1066 0.0945
v  -0.0463 0.1156 0.0953
v  -0.0463 0.1239 0.0965
v  -0.0438 0.1148 0.0964
v  -0.0438 0.1231 0.0976
v  -0.0438 0.1056 0.0956
v  -0.0463 0.1315 0.0977
v  -0.0463 0.1386 0.0989
v  -0.0438 0.1308 0.0988
v  -0.0438 0.1379 0.1000
v  -0.0409 0.1227 0.0981
v  -0.0409 0.1304 0.0995
v  -0.0409 0.1376 0.1006
v  -0.0409 0.1051 0.0962
v  -0.0409 0.1143 0.0970
v  -0.0464 0.2092 -0.1259
v  -0.0464 0.1967 -0.1249
v  -0.0464 0.1857 -0.1237
v  -0.0440 0.1966 -0.1259
v  -0.0440 0.1855 -0.1248
v  -0.0439 0.2092 -0.1269
v  -0.0464 0.1760 -0.1228
v  -0.0464 0.1673 -0.1184
v  -0.0440 0.1757 -0.1238
v  -0.0440 0.1670 -0.1194
v  -0.0411 0.1853 -0.1253
v  -0.0411 0.1755 -0.1243
v  -0.0411 0.1667 -0.1201
v  -0.0410 0.2092 -0.1275
v  -0.0410 0.1965 -0.1264
v  -0.0463 0.2708 -0.1202
v  -0.0463 0.2547 -0.1238
v  -0.0464 0.2386 -0.1257
v  -0.0439 0.2551 -0.1248
v  -0.0439 0.2389 -0.1268
v  -0.0439 0.2714 -0.1211
v  -0.0464 0.2233 -0.1263
v  -0.0439 0.2235 -0.1274
v  -0.0410 0.2391 -0.1272
v  -0.0410 0.2235 -0.1279
v  -0.0410 0.2717 -0.1215
v  -0.0410 0.2553 -0.1252
v  -0.0410 0.2877 -0.1158
v  -0.0409 0.3028 -0.1082
v  -0.0438 0.3024 -0.1079
v  -0.0439 0.2873 -0.1155
v  -0.0409 0.3168 -0.0987
v  -0.0409 0.3295 -0.0874
v  -0.0438 0.3164 -0.0984
v  -0.0438 0.3290 -0.0872
v  -0.0463 0.3153 -0.0976
v  -0.0463 0.3015 -0.1070
v  -0.0463 0.3278 -0.0865
v  -0.0463 0.2865 -0.1146
v  -0.0408 0.3154 0.1072
v  -0.0408 0.3282 0.0961
v  -0.0408 0.3012 0.1165
v  -0.0437 0.3149 0.1066
v  -0.0437 0.3008 0.1158
v  -0.0437 0.3277 0.0955
v  -0.0409 0.2859 0.1239
v  -0.0410 0.2699 0.1293
v  -0.0438 0.2856 0.1232
v  -0.0439 0.2696 0.1286
v  -0.0462 0.2998 0.1146
v  -0.0462 0.2848 0.1219
v  -0.0463 0.2690 0.1272
v  -0.0461 0.3265 0.0944
v  -0.0461 0.3138 0.1054
v  -0.0462 0.3605 -0.0289
v  -0.0462 0.3552 -0.0448
v  -0.0462 0.3479 -0.0599
v  -0.0437 0.3567 -0.0451
v  -0.0438 0.3493 -0.0603
v  -0.0437 0.3620 -0.0290
v  -0.0462 0.3388 -0.0739
v  -0.0438 0.3400 -0.0744
v  -0.0409 0.3499 -0.0604
v  -0.0409 0.3406 -0.0746
v  -0.0408 0.3626 -0.0290
v  -0.0408 0.3573 -0.0451
v  -0.0408 0.3621 0.0381
v  -0.0408 0.3566 0.0541
v  -0.0408 0.3490 0.0693
v  -0.0437 0.3559 0.0538
v  -0.0437 0.3484 0.0689
v  -0.0437 0.3615 0.0378
v  -0.0408 0.3395 0.0834
v  -0.0437 0.3389 0.0829
v  -0.0461 0.3470 0.0681
v  -0.0461 0.3376 0.0819
v  -0.0461 0.3600 0.0373
v  -0.0461 0.3545 0.0531
v  -0.0463 0.1454 0.1009
v  -0.0463 0.1523 0.1075
v  -0.0438 0.1449 0.1021
v  -0.0438 0.1518 0.1087
v  -0.0463 0.1594 0.1134
v  -0.0464 0.1669 0.1185
v  -0.0439 0.1590 0.1146
v  -0.0440 0.1666 0.1198
v  -0.0410 0.1588 0.1152
v  -0.0409 0.1516 0.1093
v  -0.0411 0.1665 0.1203
v  -0.0409 0.1446 0.1026
v  -0.0465 0.1594 -0.1139
v  -0.0465 0.1520 -0.1108
v  -0.0440 0.1590 -0.1149
v  -0.0441 0.1514 -0.1118
v  -0.0466 0.1447 -0.1090
v  -0.0468 0.1375 -0.1083
v  -0.0442 0.1441 -0.1101
v  -0.0444 0.1368 -0.1093
v  -0.0411 0.1511 -0.1125
v  -0.0413 0.1438 -0.1108
v  -0.0414 0.1364 -0.1099
v  -0.0411 0.1587 -0.1156
v  -0.0067 0.2855 -0.1074
v  -0.0068 0.2707 -0.1129
v  -0.0072 0.2709 -0.1164
v  -0.0072 0.2862 -0.1108
v  -0.0071 0.3007 -0.1033
v  -0.0067 0.2994 -0.1002
v  -0.0083 0.3014 -0.1053
v  -0.0083 0.2867 -0.1128
v  -0.0083 0.2711 -0.1186
v  -0.0071 0.3140 -0.0942
v  -0.0067 0.3123 -0.0913
v  -0.0071 0.3261 -0.0834
v  -0.0067 0.3240 -0.0809
v  -0.0082 0.3151 -0.0960
v  -0.0082 0.3274 -0.0850
v  -0.0105 0.3019 -0.1063
v  -0.0105 0.3157 -0.0969
v  -0.0105 0.3281 -0.0858
v  -0.0105 0.2869 -0.1140
v  -0.0105 0.2712 -0.1197
v  -0.0104 0.3554 -0.0443
v  -0.0104 0.3606 -0.0285
v  -0.0104 0.3481 -0.0593
v  -0.0082 0.3543 -0.0439
v  -0.0082 0.3472 -0.0587
v  -0.0081 0.3595 -0.0283
v  -0.0104 0.3390 -0.0732
v  -0.0082 0.3382 -0.0725
v  -0.0071 0.3454 -0.0577
v  -0.0071 0.3366 -0.0712
v  -0.0067 0.3341 -0.0690
v  -0.0067 0.3426 -0.0560
v  -0.0071 0.3524 -0.0431
v  -0.0070 0.3575 -0.0278
v  -0.0066 0.3494 -0.0419
v  -0.0066 0.3542 -0.0270
v  -0.0674 0.1483 -0.0798
v  -0.0675 0.1417 -0.0774
v  -0.0675 0.1348 -0.0773
v  -0.0669 0.1411 -0.0879
v  -0.0669 0.1343 -0.0877
v  -0.0668 0.1475 -0.0893
v  -0.0675 0.1276 -0.0776
v  -0.0676 0.1199 -0.0781
v  -0.0669 0.1270 -0.0882
v  -0.0670 0.1193 -0.0891
v  -0.0656 0.1334 -0.0935
v  -0.0657 0.1261 -0.0943
v  -0.0657 0.1182 -0.0955
v  -0.0654 0.1466 -0.0939
v  -0.0655 0.1402 -0.0933
v  -0.0648 0.3424 -0.0131
v  -0.0647 0.3432 0.0014
v  -0.0661 0.3413 0.0012
v  -0.0661 0.3405 -0.0131
v  -0.0647 0.3422 0.0158
v  -0.0661 0.3402 0.0154
v  -0.0668 0.3397 0.0011
v  -0.0667 0.3387 0.0150
v  -0.0670 0.3372 0.0147
v  -0.0670 0.3382 0.0010
v  -0.0668 0.3390 -0.0129
v  -0.0670 0.3375 -0.0126
v  -0.0648 0.1112 0.0758
v  -0.0648 0.1027 0.0753
v  -0.0662 0.1122 0.0704
v  -0.0661 0.1038 0.0699
v  -0.0648 0.0948 0.0751
v  -0.0648 0.0881 0.0749
v  -0.0661 0.0961 0.0696
v  -0.0661 0.0894 0.0693
v  -0.0669 0.1044 0.0604
v  -0.0669 0.0966 0.0597
v  -0.0668 0.0901 0.0592
v  -0.0669 0.1127 0.0612
v  -0.0409 0.0953 0.0959
v  -0.0409 0.0853 0.0960
v  -0.0438 0.0958 0.0953
v  -0.0439 0.0859 0.0954
v  -0.0410 0.0761 0.0964
v  -0.0411 0.0682 0.0968
v  -0.0440 0.0689 0.0959
v  -0.0439 0.0767 0.0956
v  -0.0463 0.0871 0.0941
v  -0.0464 0.0780 0.0943
v  -0.0465 0.0702 0.0945
v  -0.0463 0.0969 0.0941
v  -0.0676 0.1117 -0.0787
v  -0.0675 0.1036 -0.0794
v  -0.0670 0.1111 -0.0902
v  -0.0669 0.1029 -0.0902
v  -0.0675 0.0960 -0.0803
v  -0.0674 0.0896 -0.0802
v  -0.0669 0.0953 -0.0903
v  -0.0668 0.0889 -0.0905
v  -0.0657 0.1017 -0.0959
v  -0.0656 0.0940 -0.0962
v  -0.0655 0.0875 -0.0968
v  -0.0657 0.1099 -0.0956
v  0.0352 0.0573 -0.1091
v  0.0348 0.0541 -0.1085
v  0.0374 0.0536 -0.1031
v  0.0376 0.0562 -0.1036
v  0.0345 0.0504 -0.1073
v  0.0345 0.0462 -0.1055
v  0.0372 0.0461 -0.1001
v  0.0373 0.0503 -0.1020
v  0.0387 0.0534 -0.0922
v  0.0386 0.0503 -0.0913
v  0.0386 0.0462 -0.0898
v  0.0388 0.0557 -0.0927
v  0.0583 0.1137 -0.1255
v  0.0583 0.1060 -0.1256
v  0.0596 0.1076 -0.1206
v  0.0596 0.1153 -0.1208
v  0.0583 0.0983 -0.1256
v  0.0596 0.0999 -0.1206
v  0.0602 0.1085 -0.1087
v  0.0602 0.1008 -0.1089
v  0.0602 0.1162 -0.1087
v  0.0537 0.0780 0.0659
v  0.0505 0.0739 0.0689
v  0.0537 0.0795 0.0771
v  0.0505 0.0754 0.0800
v  0.0472 0.0698 0.0718
v  0.0472 0.0713 0.0829
v  0.0471 0.0742 0.0876
v  0.0504 0.0783 0.0847
v  0.0537 0.0824 0.0816
v  0.0085 0.1080 0.0777
v  0.0159 0.1078 0.0774
v  0.0079 0.1074 0.0874
v  0.0156 0.1068 0.0871
v  0.0233 0.1078 0.0774
v  0.0232 0.1066 0.0870
v  0.0230 0.1039 0.0914
v  0.0151 0.1044 0.0917
v  0.0066 0.1056 0.0921
v  -0.0461 0.0407 -0.0858
v  -0.0464 0.0407 -0.0681
v  -0.0497 0.0359 -0.0812
v  -0.0505 0.0359 -0.0628
v  -0.0451 0.0409 -0.0955
v  -0.0480 0.0359 -0.0908
v  -0.0430 0.0413 -0.1011
v  -0.0451 0.0361 -0.0962
v  -0.0598 0.0694 0.0795
v  -0.0563 0.0653 0.0835
v  -0.0563 0.0649 0.0786
v  -0.0598 0.0689 0.0746
v  -0.0528 0.0613 0.0872
v  -0.0529 0.0608 0.0824
v  -0.0564 0.0646 0.0677
v  -0.0530 0.0605 0.0710
v  -0.0598 0.0687 0.0642
v  -0.0422 0.0421 0.0991
v  -0.0443 0.0369 0.0999
v  -0.0443 0.0416 0.0940
v  -0.0472 0.0367 0.0930
v  -0.0454 0.0413 0.0791
v  -0.0489 0.0365 0.0781
v  -0.0499 0.0364 0.0563
v  -0.0459 0.0411 0.0559
v  -0.0478 0.0634 -0.1098
v  -0.0478 0.0690 -0.1103
v  -0.0480 0.0595 -0.1093
v  -0.0454 0.0619 -0.1105
v  -0.0456 0.0578 -0.1098
v  -0.0453 0.0676 -0.1113
v  -0.0481 0.0569 -0.1086
v  -0.0459 0.0550 -0.1090
v  -0.0427 0.0567 -0.1102
v  -0.0432 0.0534 -0.1092
v  -0.0425 0.0610 -0.1110
v  -0.0424 0.0669 -0.1117
v  -0.0413 0.0621 0.0971
v  -0.0416 0.0576 0.0974
v  -0.0442 0.0629 0.0962
v  -0.0444 0.0586 0.0963
v  -0.0421 0.0542 0.0976
v  -0.0448 0.0557 0.0965
v  -0.0468 0.0603 0.0951
v  -0.0470 0.0576 0.0951
v  -0.0466 0.0644 0.0948
v  -0.0471 0.1300 -0.1081
v  -0.0473 0.1222 -0.1086
v  -0.0446 0.1293 -0.1092
v  -0.0449 0.1213 -0.1098
v  -0.0476 0.1137 -0.1096
v  -0.0477 0.1046 -0.1105
v  -0.0453 0.1036 -0.1116
v  -0.0451 0.1128 -0.1109
v  -0.0419 0.1209 -0.1105
v  -0.0422 0.1123 -0.1118
v  -0.0423 0.1031 -0.1124
v  -0.0417 0.1288 -0.1098
v  -0.0467 0.2075 0.1312
v  -0.0467 0.2215 0.1323
v  -0.0466 0.2367 0.1321
v  -0.0443 0.2217 0.1337
v  -0.0441 0.2371 0.1336
v  -0.0443 0.2076 0.1327
v  -0.0464 0.2528 0.1305
v  -0.0440 0.2532 0.1320
v  -0.0412 0.2372 0.1343
v  -0.0411 0.2535 0.1327
v  -0.0414 0.2076 0.1334
v  -0.0413 0.2218 0.1345
v  -0.0536 0.0608 -0.1030
v  -0.0569 0.0649 -0.1013
v  -0.0536 0.0603 -0.0974
v  -0.0569 0.0644 -0.0962
v  -0.0602 0.0690 -0.1000
v  -0.0601 0.0685 -0.0944
v  -0.0568 0.0642 -0.0850
v  -0.0601 0.0683 -0.0843
v  -0.0536 0.0601 -0.0860
v  -0.0465 0.1752 0.1228
v  -0.0466 0.1845 0.1264
v  -0.0441 0.1750 0.1241
v  -0.0442 0.1844 0.1278
v  -0.0467 0.1952 0.1292
v  -0.0443 0.1952 0.1306
v  -0.0413 0.1843 0.1284
v  -0.0414 0.1951 0.1313
v  -0.0412 0.1749 0.1248
v  -0.0082 0.1169 0.0949
v  -0.0095 0.1237 0.0966
v  -0.0071 0.1182 0.0909
v  -0.0077 0.1242 0.0927
v  -0.0102 0.1307 0.0982
v  -0.0104 0.1379 0.0997
v  -0.0080 0.1311 0.0946
v  -0.0082 0.1382 0.0965
v  -0.0069 0.1246 0.0841
v  -0.0070 0.1315 0.0865
v  -0.0071 0.1390 0.0894
v  -0.0067 0.1187 0.0819
v  -0.0106 0.1359 -0.1121
v  -0.0104 0.1285 -0.1120
v  -0.0098 0.1214 -0.1129
v  -0.0083 0.1290 -0.1062
v  -0.0080 0.1220 -0.1068
v  -0.0084 0.1363 -0.1070
v  -0.0085 0.1146 -0.1143
v  -0.0074 0.1159 -0.1080
v  -0.0071 0.1226 -0.0941
v  -0.0069 0.1167 -0.0953
v  -0.0072 0.1373 -0.0961
v  -0.0072 0.1296 -0.0939
v  -0.0105 0.2550 -0.1237
v  -0.0106 0.2390 -0.1260
v  -0.0083 0.2391 -0.1248
v  -0.0083 0.2551 -0.1225
v  -0.0106 0.2235 -0.1269
v  -0.0083 0.2239 -0.1257
v  -0.0072 0.2396 -0.1225
v  -0.0072 0.2246 -0.1233
v  -0.0068 0.2257 -0.1195
v  -0.0068 0.2404 -0.1187
v  -0.0072 0.2552 -0.1202
v  -0.0068 0.2555 -0.1166
v  -0.0066 0.3538 0.0352
v  -0.0070 0.3572 0.0365
v  -0.0070 0.3521 0.0520
v  -0.0066 0.3488 0.0501
v  -0.0070 0.3450 0.0667
v  -0.0066 0.3420 0.0643
v  -0.0081 0.3541 0.0532
v  -0.0081 0.3469 0.0682
v  -0.0081 0.3593 0.0374
v  -0.0070 0.3362 0.0803
v  -0.0066 0.3333 0.0774
v  -0.0081 0.3379 0.0821
v  -0.0103 0.3479 0.0689
v  -0.0103 0.3387 0.0830
v  -0.0103 0.3604 0.0378
v  -0.0103 0.3551 0.0538
v  -0.0104 0.1450 0.1007
v  -0.0104 0.1521 0.1074
v  -0.0082 0.1454 0.0983
v  -0.0082 0.1526 0.1047
v  -0.0104 0.1595 0.1134
v  -0.0104 0.1672 0.1187
v  -0.0082 0.1599 0.1113
v  -0.0082 0.1677 0.1168
v  -0.0071 0.1535 0.0994
v  -0.0071 0.1609 0.1072
v  -0.0071 0.1686 0.1132
v  -0.0067 0.1700 0.1073
v  -0.0067 0.1624 0.1008
v  -0.0067 0.1553 0.0918
v  -0.0071 0.1463 0.0931
v  -0.0067 0.1483 0.0851
v  -0.0105 0.1755 0.1233
v  -0.0105 0.1849 0.1271
v  -0.0082 0.1760 0.1215
v  -0.0082 0.1853 0.1255
v  -0.0105 0.1956 0.1303
v  -0.0082 0.1960 0.1287
v  -0.0071 0.1862 0.1222
v  -0.0071 0.1967 0.1255
v  -0.0066 0.1980 0.1204
v  -0.0066 0.1875 0.1168
v  -0.0071 0.1769 0.1181
v  -0.0067 0.1783 0.1125
v  -0.0106 0.1584 -0.1195
v  -0.0106 0.1507 -0.1160
v  -0.0084 0.1590 -0.1182
v  -0.0084 0.1512 -0.1137
v  -0.0106 0.1432 -0.1136
v  -0.0084 0.1437 -0.1097
v  -0.0073 0.1449 -0.1021
v  -0.0073 0.1524 -0.1088
v  -0.0068 0.1473 -0.0913
v  -0.0068 0.1546 -0.1018
v  -0.0073 0.1602 -0.1150
v  -0.0069 0.1622 -0.1098
v  -0.0673 0.0848 -0.0803
v  -0.0671 0.0814 -0.0806
v  -0.0667 0.0841 -0.0910
v  -0.0665 0.0807 -0.0916
v  -0.0670 0.0792 -0.0810
v  -0.0664 0.0785 -0.0921
v  -0.0653 0.0792 -0.0970
v  -0.0651 0.0770 -0.0971
v  -0.0654 0.0826 -0.0968
v  -0.0648 0.0831 0.0747
v  -0.0648 0.0796 0.0743
v  -0.0661 0.0845 0.0688
v  -0.0661 0.0810 0.0683
v  -0.0648 0.0774 0.0740
v  -0.0661 0.0788 0.0680
v  -0.0668 0.0817 0.0582
v  -0.0668 0.0795 0.0577
v  -0.0668 0.0851 0.0587
v  -0.0671 0.1674 -0.0972
v  -0.0673 0.1686 -0.0933
v  -0.0674 0.1622 -0.0862
v  -0.0672 0.1610 -0.0917
v  -0.0664 0.1665 -0.1000
v  -0.0665 0.1601 -0.0958
v  -0.0673 0.1547 -0.0855
v  -0.0675 0.1561 -0.0769
v  -0.0667 0.1538 -0.0921
v  -0.0652 0.1592 -0.0983
v  -0.0653 0.1529 -0.0956
v  -0.0651 0.1657 -0.1018
v  -0.0462 0.0487 0.0253
v  -0.0458 0.0454 0.0260
v  -0.0464 0.0486 -0.0077
v  -0.0460 0.0453 -0.0071
v  -0.0469 0.0514 0.0248
v  -0.0471 0.0513 -0.0081
v  -0.0461 0.0452 -0.0405
v  -0.0465 0.0486 -0.0410
v  -0.0473 0.0512 -0.0412
v  -0.0485 0.0536 -0.0410
v  -0.0484 0.0537 -0.0082
v  -0.0482 0.0538 0.0244
v  -0.0668 0.0772 -0.0416
v  -0.0668 0.0773 -0.0132
v  -0.0661 0.0760 -0.0415
v  -0.0661 0.0761 -0.0130
v  -0.0668 0.0773 0.0153
v  -0.0661 0.0762 0.0156
v  -0.0649 0.0744 -0.0125
v  -0.0649 0.0745 0.0163
v  -0.0649 0.0743 -0.0413
v  -0.0019 0.1075 -0.0476
v  -0.0018 0.1079 -0.0127
v  -0.0046 0.1084 -0.0473
v  -0.0045 0.1088 -0.0124
v  -0.0018 0.1083 0.0263
v  -0.0045 0.1092 0.0270
v  -0.0058 0.1106 -0.0115
v  -0.0058 0.1110 0.0285
v  -0.0059 0.1101 -0.0465
v  -0.0103 0.3636 0.0213
v  -0.0104 0.3647 0.0046
v  -0.0081 0.3624 0.0211
v  -0.0081 0.3636 0.0045
v  -0.0104 0.3637 -0.0121
v  -0.0081 0.3626 -0.0120
v  -0.0070 0.3614 0.0043
v  -0.0070 0.3605 -0.0119
v  -0.0066 0.3571 -0.0117
v  -0.0066 0.3579 0.0040
v  -0.0070 0.3603 0.0206
v  -0.0066 0.3568 0.0197
v  -0.0461 0.3634 0.0209
v  -0.0462 0.3646 0.0042
v  -0.0437 0.3649 0.0213
v  -0.0437 0.3661 0.0044
v  -0.0462 0.3636 -0.0125
v  -0.0437 0.3651 -0.0124
v  -0.0408 0.3668 0.0045
v  -0.0408 0.3658 -0.0124
v  -0.0408 0.3655 0.0215
v  -0.0478 0.0950 -0.1109
v  -0.0478 0.0854 -0.1111
v  -0.0454 0.0939 -0.1121
v  -0.0454 0.0841 -0.1122
v  -0.0478 0.0765 -0.1109
v  -0.0453 0.0752 -0.1119
v  -0.0424 0.0835 -0.1131
v  -0.0424 0.0745 -0.1125
v  -0.0424 0.0933 -0.1131
v  0.0348 0.0411 -0.1028
v  0.0373 0.0359 -0.0980
v  0.0408 0.0359 -0.0924
v  0.0376 0.0411 -0.0974
v  0.0391 0.0411 -0.0876
v  0.0428 0.0359 -0.0830
v  0.0393 0.0420 0.0782
v  0.0388 0.0472 0.0784
v  0.0431 0.0368 0.0771
v  0.0379 0.0421 0.0932
v  0.0412 0.0369 0.0917
v  0.0375 0.0473 0.0921
v  0.0348 0.0474 0.0970
v  0.0351 0.0422 0.0981
v  0.0378 0.0369 0.0988
v  0.0394 0.0572 0.0774
v  0.0392 0.0548 0.0776
v  0.0379 0.0551 0.0901
v  0.0383 0.0579 0.0897
v  0.0390 0.0515 0.0779
v  0.0377 0.0516 0.0909
v  0.0353 0.0556 0.0951
v  0.0350 0.0518 0.0959
v  0.0359 0.0591 0.0945
v  0.0408 0.1098 -0.0420
v  0.0406 0.1102 -0.0077
v  0.0380 0.1086 -0.0070
v  0.0382 0.1082 -0.0413
v  0.0405 0.1106 0.0275
v  0.0378 0.1090 0.0283
v  0.0347 0.1078 -0.0070
v  0.0345 0.1082 0.0284
v  0.0348 0.1074 -0.0414
v  0.0351 0.0903 -0.1128
v  0.0352 0.0822 -0.1130
v  0.0384 0.0911 -0.1128
v  0.0385 0.0832 -0.1130
v  0.0356 0.0739 -0.1127
v  0.0387 0.0753 -0.1129
v  0.0410 0.0850 -0.1138
v  0.0410 0.0771 -0.1138
v  0.0410 0.0927 -0.1135
v  0.0407 0.0951 0.0916
v  0.0410 0.0872 0.0923
v  0.0385 0.0855 0.0935
v  0.0381 0.0934 0.0928
v  0.0414 0.0794 0.0928
v  0.0390 0.0775 0.0940
v  0.0353 0.0845 0.0942
v  0.0360 0.0761 0.0948
v  0.0348 0.0926 0.0934
v  0.0238 0.1058 -0.0942
v  0.0162 0.1059 -0.0966
v  0.0159 0.1046 -0.1088
v  0.0237 0.1043 -0.1063
v  0.0086 0.1060 -0.0979
v  0.0079 0.1051 -0.1104
v  0.0153 0.1021 -0.1148
v  0.0066 0.1033 -0.1154
v  0.0235 0.1015 -0.1123
v  0.0603 0.1178 0.0592
v  0.0603 0.1099 0.0596
v  0.0597 0.1093 0.0704
v  0.0597 0.1172 0.0699
v  0.0603 0.1020 0.0598
v  0.0597 0.1014 0.0708
v  0.0585 0.1078 0.0762
v  0.0585 0.0999 0.0766
v  0.0584 0.1157 0.0756
v  0.0466 0.1103 -0.1148
v  0.0500 0.1145 -0.1179
v  0.0466 0.1132 -0.1085
v  0.0500 0.1174 -0.1117
v  0.0534 0.1188 -0.1210
v  0.0534 0.1217 -0.1148
v  0.0500 0.1190 -0.0995
v  0.0534 0.1232 -0.1026
v  0.0466 0.1147 -0.0965
v  0.0533 0.0808 -0.1210
v  0.0499 0.0765 -0.1181
v  0.0533 0.0780 -0.1149
v  0.0499 0.0738 -0.1120
v  0.0465 0.0723 -0.1153
v  0.0465 0.0695 -0.1092
v  0.0466 0.0682 -0.0971
v  0.0500 0.0725 -0.0996
v  0.0534 0.0768 -0.1024
v  0.0532 0.1210 0.0790
v  0.0497 0.1168 0.0819
v  0.0497 0.1196 0.0773
v  0.0532 0.1238 0.0744
v  0.0461 0.1126 0.0847
v  0.0461 0.1154 0.0801
v  0.0497 0.1209 0.0677
v  0.0461 0.1167 0.0706
v  0.0532 0.1251 0.0646
v  0.0399 0.0586 -0.0439
v  0.0401 0.0589 -0.0104
v  0.0406 0.0598 -0.0441
v  0.0407 0.0602 -0.0106
v  0.0402 0.0593 0.0238
v  0.0409 0.0606 0.0237
v  0.0420 0.0620 -0.0111
v  0.0421 0.0624 0.0232
v  0.0418 0.0617 -0.0447
v  0.0584 0.0833 -0.0565
v  0.0584 0.0835 -0.0226
v  0.0597 0.0864 -0.0237
v  0.0596 0.0862 -0.0576
v  0.0585 0.0837 0.0116
v  0.0597 0.0866 0.0107
v  0.0603 0.0900 -0.0245
v  0.0603 0.0902 0.0105
v  0.0602 0.0898 -0.0583
v  0.0602 0.1281 -0.0581
v  0.0603 0.1285 -0.0235
v  0.0597 0.1306 -0.0231
v  0.0596 0.1302 -0.0576
v  0.0603 0.1288 0.0114
v  0.0597 0.1309 0.0120
v  0.0584 0.1304 -0.0220
v  0.0584 0.1308 0.0132
v  0.0584 0.1300 -0.0564
v  -0.0767 0.0264 0.0290
v  -0.0745 0.0265 0.0513
v  -0.0602 0.0322 0.0586
v  -0.0614 0.0321 0.0333
v  -0.0620 0.0320 0.0044
v  -0.0776 0.0263 0.0041
v  -0.0505 0.0362 0.0289
v  -0.0508 0.0361 -0.0030
v  -0.0618 0.0318 -0.0246
v  -0.0772 0.0261 -0.0208
v  -0.0608 0.0317 -0.0499
v  -0.0754 0.0260 -0.0431
v  -0.0508 0.0360 -0.0351
v  -0.0463 0.0408 -0.0061
v  -0.0465 0.0407 -0.0394
v  -0.0462 0.0410 0.0269
v  -0.0673 0.2101 -0.0876
v  -0.0673 0.2204 -0.0900
v  -0.0673 0.2182 -0.0937
v  -0.0673 0.2078 -0.0916
v  -0.0673 0.1982 -0.0888
v  -0.0673 0.2004 -0.0844
v  -0.0673 0.1957 -0.0936
v  -0.0673 0.2052 -0.0959
v  -0.0673 0.2157 -0.0977
v  -0.0673 0.1894 -0.0856
v  -0.0673 0.1916 -0.0806
v  -0.0674 0.1815 -0.0818
v  -0.0673 0.1835 -0.0762
v  -0.0673 0.1871 -0.0909
v  -0.0673 0.1793 -0.0879
v  -0.0672 0.1934 -0.0982
v  -0.0673 0.1849 -0.0961
v  -0.0673 0.1772 -0.0938
v  -0.0672 0.2133 -0.1016
v  -0.0672 0.2028 -0.1001
v  -0.0671 0.2271 0.0883
v  -0.0671 0.2162 0.0864
v  -0.0671 0.2145 0.0907
v  -0.0671 0.2255 0.0924
v  -0.0671 0.2372 0.0929
v  -0.0671 0.2384 0.0890
v  -0.0671 0.2358 0.0972
v  -0.0671 0.2238 0.0968
v  -0.0671 0.2126 0.0953
v  -0.0671 0.2492 0.0922
v  -0.0671 0.2500 0.0884
v  -0.0671 0.2616 0.0863
v  -0.0671 0.2611 0.0899
v  -0.0671 0.2607 0.0939
v  -0.0671 0.2482 0.0963
v  -0.0671 0.2345 0.1013
v  -0.0671 0.2473 0.1003
v  -0.0671 0.2602 0.0977
v  -0.0671 0.2107 0.0998
v  -0.0671 0.2222 0.1011
v  -0.0672 0.2658 -0.0874
v  -0.0672 0.2648 -0.0907
v  -0.0672 0.2530 -0.0934
v  -0.0672 0.2544 -0.0901
v  -0.0673 0.2410 -0.0947
v  -0.0673 0.2428 -0.0913
v  -0.0672 0.2391 -0.0984
v  -0.0672 0.2515 -0.0970
v  -0.0672 0.2638 -0.0942
v  -0.0673 0.2293 -0.0948
v  -0.0673 0.2314 -0.0912
v  -0.0672 0.2271 -0.0986
v  -0.0672 0.2373 -0.1020
v  -0.0672 0.2249 -0.1023
v  -0.0672 0.2629 -0.0977
v  -0.0672 0.2500 -0.1006
v  -0.0672 0.2972 -0.0738
v  -0.0672 0.2969 -0.0711
v  -0.0672 0.3055 -0.0632
v  -0.0672 0.3063 -0.0656
v  -0.0672 0.2872 -0.0808
v  -0.0672 0.2873 -0.0779
v  -0.0672 0.2871 -0.0841
v  -0.0672 0.2976 -0.0768
v  -0.0672 0.3071 -0.0683
v  -0.0672 0.2763 -0.0865
v  -0.0672 0.2768 -0.0834
v  -0.0672 0.2758 -0.0899
v  -0.0672 0.2871 -0.0872
v  -0.0672 0.2753 -0.0932
v  -0.0672 0.2980 -0.0797
v  -0.0671 0.3078 -0.0708
v  -0.0671 0.2728 0.0862
v  -0.0671 0.2728 0.0828
v  -0.0671 0.2839 0.0810
v  -0.0671 0.2835 0.0778
v  -0.0671 0.2728 0.0900
v  -0.0671 0.2843 0.0845
v  -0.0671 0.2942 0.0744
v  -0.0671 0.2934 0.0715
v  -0.0671 0.3025 0.0640
v  -0.0671 0.3036 0.0666
v  -0.0671 0.2950 0.0776
v  -0.0671 0.3047 0.0694
v  -0.0671 0.2847 0.0879
v  -0.0671 0.2958 0.0807
v  -0.0671 0.3059 0.0721
v  -0.0671 0.2728 0.0936
v  -0.0671 0.3243 -0.0336
v  -0.0671 0.3278 -0.0223
v  -0.0671 0.3296 -0.0233
v  -0.0672 0.3259 -0.0349
v  -0.0672 0.3207 -0.0460
v  -0.0672 0.3194 -0.0442
v  -0.0671 0.3276 -0.0364
v  -0.0672 0.3222 -0.0479
v  -0.0671 0.3315 -0.0243
v  -0.0672 0.3131 -0.0542
v  -0.0672 0.3141 -0.0563
v  -0.0672 0.3153 -0.0586
v  -0.0671 0.3164 -0.0608
v  -0.0671 0.3236 -0.0497
v  -0.0671 0.3333 -0.0252
v  -0.0671 0.3293 -0.0378
v  -0.0671 0.3104 0.0554
v  -0.0671 0.3118 0.0576
v  -0.0671 0.3188 0.0476
v  -0.0671 0.3172 0.0457
v  -0.0671 0.3133 0.0600
v  -0.0671 0.3205 0.0495
v  -0.0671 0.3244 0.0367
v  -0.0671 0.3226 0.0353
v  -0.0671 0.3267 0.0243
v  -0.0671 0.3286 0.0252
v  -0.0671 0.3263 0.0382
v  -0.0671 0.3306 0.0262
v  -0.0671 0.3222 0.0514
v  -0.0671 0.3282 0.0397
v  -0.0671 0.3326 0.0272
v  -0.0671 0.3148 0.0623
v  -0.0672 0.1621 0.0507
v  -0.0672 0.1637 0.0453
v  -0.0673 0.1604 0.0352
v  -0.0673 0.1587 0.0397
v  -0.0672 0.1667 0.0587
v  -0.0672 0.1682 0.0527
v  -0.0672 0.1602 0.0566
v  -0.0672 0.1651 0.0652
v  -0.0673 0.1566 0.0449
v  -0.0672 0.1724 0.0674
v  -0.0672 0.1739 0.0614
v  -0.0672 0.1791 0.0740
v  -0.0672 0.1806 0.0683
v  -0.0672 0.1708 0.0738
v  -0.0672 0.1774 0.0801
v  -0.0671 0.1692 0.0800
v  -0.0672 0.1633 0.0716
v  -0.0671 0.1757 0.0860
v  -0.0673 0.1539 0.0507
v  -0.0672 0.1580 0.0628
v  -0.0672 0.1866 0.0795
v  -0.0672 0.1883 0.0742
v  -0.0672 0.1950 0.0841
v  -0.0671 0.1968 0.0792
v  -0.0671 0.1930 0.0894
v  -0.0672 0.1848 0.0852
v  -0.0671 0.2043 0.0878
v  -0.0671 0.2061 0.0833
v  -0.0671 0.2023 0.0928
v  -0.0671 0.1912 0.0945
v  -0.0671 0.2004 0.0975
v  -0.0671 0.1830 0.0906
v  -0.0671 0.3293 0.0128
v  -0.0671 0.3312 0.0132
v  -0.0671 0.3322 0.0010
v  -0.0671 0.3303 0.0010
v  -0.0671 0.3333 0.0138
v  -0.0671 0.3344 0.0010
v  -0.0671 0.3317 -0.0112
v  -0.0671 0.3298 -0.0107
v  -0.0671 0.3337 -0.0117
v  -0.0671 0.3364 0.0010
v  -0.0671 0.3357 -0.0122
v  -0.0671 0.3354 0.0142
v  -0.0674 0.1744 -0.0774
v  -0.0674 0.1763 -0.0710
v  -0.0675 0.1683 -0.0673
v  -0.0674 0.1701 -0.0612
v  -0.0674 0.1723 -0.0829
v  -0.0675 0.1662 -0.0737
v  -0.0675 0.1632 -0.0544
v  -0.0674 0.1650 -0.0487
v  -0.0675 0.1594 -0.0389
v  -0.0674 0.1613 -0.0337
v  -0.0676 0.1570 -0.0445
v  -0.0675 0.1610 -0.0614
v  -0.0675 0.1641 -0.0800
v  -0.0676 0.1584 -0.0690
v  -0.0676 0.1540 -0.0518
v  -0.0674 0.1703 -0.0884
v  -0.0674 0.1589 -0.0161
v  -0.0675 0.1570 -0.0189
v  -0.0674 0.1579 0.0028
v  -0.0674 0.1562 0.0027
v  -0.0675 0.1547 -0.0225
v  -0.0674 0.1538 0.0024
v  -0.0673 0.1567 0.0233
v  -0.0673 0.1585 0.0207
v  -0.0674 0.1545 0.0263
v  -0.0674 0.1515 0.0295
v  -0.0675 0.1508 0.0018
v  -0.0676 0.1515 -0.0270
v  -0.0064 0.3285 0.0248
v  -0.0064 0.3311 0.0134
v  -0.0064 0.3351 0.0144
v  -0.0064 0.3324 0.0264
v  -0.0065 0.3323 0.0018
v  -0.0064 0.3362 0.0021
v  -0.0065 0.3285 0.0127
v  -0.0065 0.3296 0.0015
v  -0.0065 0.3259 0.0237
v  -0.0065 0.3319 -0.0099
v  -0.0064 0.3357 -0.0102
v  -0.0065 0.3300 -0.0215
v  -0.0064 0.3337 -0.0223
v  -0.0065 0.3275 -0.0209
v  -0.0065 0.3293 -0.0097
v  -0.0067 0.3277 -0.0096
v  -0.0067 0.3280 0.0014
v  -0.0067 0.3260 -0.0205
v  -0.0071 0.3268 -0.0096
v  -0.0071 0.3251 -0.0203
v  -0.0071 0.3271 0.0013
v  -0.0067 0.3243 0.0231
v  -0.0067 0.3268 0.0123
v  -0.0071 0.3259 0.0121
v  -0.0071 0.3234 0.0227
v  -0.0066 0.2108 -0.0914
v  -0.0066 0.2128 -0.0866
v  -0.0066 0.2027 -0.0828
v  -0.0066 0.2006 -0.0879
v  -0.0067 0.2042 -0.0793
v  -0.0067 0.2141 -0.0833
v  -0.0066 0.1934 -0.0779
v  -0.0066 0.1912 -0.0834
v  -0.0067 0.1949 -0.0741
v  -0.0069 0.1958 -0.0718
v  -0.0069 0.2050 -0.0772
v  -0.0073 0.1963 -0.0705
v  -0.0073 0.2055 -0.0760
v  -0.0069 0.2149 -0.0814
v  -0.0073 0.2154 -0.0803
v  -0.0066 0.1571 -0.0172
v  -0.0066 0.1596 -0.0144
v  -0.0066 0.1585 0.0031
v  -0.0066 0.1561 0.0037
v  -0.0067 0.1612 -0.0126
v  -0.0067 0.1601 0.0028
v  -0.0066 0.1590 0.0189
v  -0.0066 0.1566 0.0223
v  -0.0066 0.1608 0.0318
v  -0.0065 0.1586 0.0373
v  -0.0067 0.1605 0.0165
v  -0.0066 0.1622 0.0280
v  -0.0068 0.1611 0.0025
v  -0.0068 0.1614 0.0151
v  -0.0068 0.1631 0.0257
v  -0.0072 0.1619 0.0143
v  -0.0072 0.1636 0.0245
v  -0.0072 0.1616 0.0024
v  -0.0068 0.1622 -0.0116
v  -0.0073 0.1627 -0.0110
v  -0.0064 0.3122 0.0556
v  -0.0064 0.3154 0.0590
v  -0.0064 0.3190 0.0461
v  -0.0064 0.3225 0.0489
v  -0.0065 0.3100 0.0534
v  -0.0065 0.3166 0.0442
v  -0.0064 0.3244 0.0358
v  -0.0064 0.3282 0.0380
v  -0.0065 0.3219 0.0343
v  -0.0067 0.3151 0.0431
v  -0.0067 0.3204 0.0334
v  -0.0071 0.3195 0.0329
v  -0.0071 0.3143 0.0424
v  -0.0067 0.3087 0.0520
v  -0.0071 0.3079 0.0512
v  -0.0065 0.2288 0.0875
v  -0.0064 0.2280 0.0932
v  -0.0065 0.2403 0.0885
v  -0.0064 0.2399 0.0940
v  -0.0065 0.2294 0.0837
v  -0.0065 0.2405 0.0847
v  -0.0065 0.2519 0.0880
v  -0.0064 0.2521 0.0934
v  -0.0065 0.2517 0.0844
v  -0.0067 0.2516 0.0821
v  -0.0067 0.2406 0.0825
v  -0.0071 0.2516 0.0809
v  -0.0071 0.2407 0.0812
v  -0.0067 0.2297 0.0814
v  -0.0071 0.2299 0.0801
v  -0.0065 0.1620 0.0478
v  -0.0066 0.1640 0.0414
v  -0.0066 0.1685 0.0480
v  -0.0065 0.1667 0.0547
v  -0.0066 0.1654 0.0369
v  -0.0066 0.1698 0.0434
v  -0.0065 0.1743 0.0556
v  -0.0065 0.1725 0.0624
v  -0.0066 0.1755 0.0510
v  -0.0068 0.1706 0.0405
v  -0.0068 0.1762 0.0483
v  -0.0072 0.1766 0.0467
v  -0.0072 0.1710 0.0389
v  -0.0068 0.1662 0.0342
v  -0.0072 0.1666 0.0327
v  -0.0065 0.3301 -0.0340
v  -0.0065 0.3266 -0.0326
v  -0.0065 0.3218 -0.0433
v  -0.0065 0.3250 -0.0452
v  -0.0066 0.3196 -0.0419
v  -0.0066 0.3242 -0.0317
v  -0.0065 0.3156 -0.0532
v  -0.0065 0.3185 -0.0556
v  -0.0066 0.3137 -0.0515
v  -0.0067 0.3183 -0.0411
v  -0.0067 0.3126 -0.0505
v  -0.0072 0.3119 -0.0500
v  -0.0071 0.3176 -0.0407
v  -0.0067 0.3228 -0.0311
v  -0.0071 0.3220 -0.0308
v  -0.0667 0.1654 -0.0222
v  -0.0666 0.1629 -0.0092
v  -0.0657 0.1633 -0.0085
v  -0.0657 0.1658 -0.0211
v  -0.0638 0.1660 -0.0205
v  -0.0637 0.1635 -0.0081
v  -0.0657 0.1623 0.0033
v  -0.0637 0.1625 0.0034
v  -0.0666 0.1619 0.0032
v  -0.0601 0.1636 -0.0079
v  -0.0601 0.1661 -0.0202
v  -0.0543 0.1636 -0.0080
v  -0.0543 0.1661 -0.0202
v  -0.0601 0.1626 0.0035
v  -0.0543 0.1625 0.0035
v  -0.0637 0.1628 0.0139
v  -0.0601 0.1629 0.0139
v  -0.0543 0.1629 0.0140
v  -0.0600 0.1646 0.0231
v  -0.0542 0.1646 0.0232
v  -0.0637 0.1645 0.0232
v  -0.0657 0.1626 0.0141
v  -0.0666 0.1623 0.0147
v  -0.0657 0.1644 0.0236
v  -0.0666 0.1640 0.0246
v  -0.0666 0.1671 0.0324
v  -0.0657 0.1674 0.0312
v  -0.0637 0.1676 0.0306
v  -0.0657 0.1718 0.0378
v  -0.0637 0.1720 0.0371
v  -0.0666 0.1716 0.0391
v  -0.0600 0.1677 0.0306
v  -0.0542 0.1676 0.0308
v  -0.0600 0.1720 0.0367
v  -0.0542 0.1720 0.0367
v  -0.0600 0.1776 0.0458
v  -0.0637 0.1776 0.0461
v  -0.0542 0.1776 0.0456
v  -0.0542 0.1844 0.0539
v  -0.0600 0.1844 0.0541
v  -0.0637 0.1844 0.0544
v  -0.0665 0.1772 0.0480
v  -0.0656 0.1775 0.0468
v  -0.0656 0.1843 0.0549
v  -0.0665 0.1840 0.0560
v  -0.0658 0.1882 -0.0625
v  -0.0667 0.1878 -0.0635
v  -0.0667 0.1805 -0.0562
v  -0.0658 0.1808 -0.0549
v  -0.0638 0.1810 -0.0542
v  -0.0638 0.1884 -0.0619
v  -0.0658 0.1746 -0.0464
v  -0.0638 0.1748 -0.0456
v  -0.0667 0.1742 -0.0479
v  -0.0601 0.1811 -0.0539
v  -0.0601 0.1884 -0.0617
v  -0.0543 0.1811 -0.0539
v  -0.0543 0.1885 -0.0617
v  -0.0543 0.1749 -0.0452
v  -0.0601 0.1749 -0.0453
v  -0.0638 0.1698 -0.0329
v  -0.0601 0.1698 -0.0325
v  -0.0543 0.1698 -0.0326
v  -0.0667 0.1692 -0.0350
v  -0.0658 0.1695 -0.0336
v  -0.0666 0.2251 -0.0824
v  -0.0666 0.2149 -0.0794
v  -0.0657 0.2152 -0.0788
v  -0.0657 0.2255 -0.0818
v  -0.0638 0.2154 -0.0785
v  -0.0638 0.2257 -0.0815
v  -0.0638 0.2057 -0.0741
v  -0.0657 0.2055 -0.0745
v  -0.0666 0.2051 -0.0752
v  -0.0601 0.2155 -0.0784
v  -0.0601 0.2258 -0.0814
v  -0.0543 0.2156 -0.0784
v  -0.0543 0.2258 -0.0815
v  -0.0601 0.2058 -0.0740
v  -0.0543 0.2059 -0.0740
v  -0.0638 0.1966 -0.0686
v  -0.0601 0.1967 -0.0684
v  -0.0543 0.1968 -0.0684
v  -0.0667 0.1961 -0.0699
v  -0.0658 0.1964 -0.0690
v  -0.0657 0.2574 -0.0827
v  -0.0657 0.2679 -0.0803
v  -0.0666 0.2677 -0.0808
v  -0.0666 0.2572 -0.0833
v  -0.0637 0.2576 -0.0825
v  -0.0637 0.2680 -0.0800
v  -0.0657 0.2467 -0.0838
v  -0.0637 0.2469 -0.0836
v  -0.0666 0.2465 -0.0843
v  -0.0601 0.2577 -0.0824
v  -0.0601 0.2681 -0.0799
v  -0.0543 0.2577 -0.0824
v  -0.0543 0.2681 -0.0800
v  -0.0601 0.2470 -0.0835
v  -0.0543 0.2471 -0.0835
v  -0.0638 0.2362 -0.0832
v  -0.0601 0.2363 -0.0831
v  -0.0543 0.2364 -0.0832
v  -0.0666 0.2357 -0.0840
v  -0.0657 0.2360 -0.0835
v  -0.0656 0.3040 -0.0578
v  -0.0665 0.3041 -0.0582
v  -0.0665 0.2962 -0.0656
v  -0.0656 0.2961 -0.0651
v  -0.0637 0.3039 -0.0576
v  -0.0637 0.2961 -0.0649
v  -0.0637 0.2874 -0.0712
v  -0.0657 0.2874 -0.0714
v  -0.0666 0.2874 -0.0719
v  -0.0600 0.2962 -0.0648
v  -0.0600 0.3040 -0.0575
v  -0.0542 0.2962 -0.0648
v  -0.0542 0.3040 -0.0575
v  -0.0600 0.2875 -0.0711
v  -0.0542 0.2875 -0.0711
v  -0.0637 0.2780 -0.0762
v  -0.0600 0.2781 -0.0762
v  -0.0542 0.2781 -0.0762
v  -0.0657 0.2779 -0.0765
v  -0.0666 0.2779 -0.0770
v  -0.0656 0.3240 -0.0203
v  -0.0665 0.3242 -0.0204
v  -0.0665 0.3211 -0.0308
v  -0.0656 0.3209 -0.0306
v  -0.0636 0.3208 -0.0304
v  -0.0636 0.3239 -0.0202
v  -0.0636 0.3164 -0.0402
v  -0.0656 0.3164 -0.0403
v  -0.0665 0.3166 -0.0406
v  -0.0599 0.3207 -0.0304
v  -0.0599 0.3238 -0.0202
v  -0.0541 0.3208 -0.0304
v  -0.0541 0.3238 -0.0201
v  -0.0600 0.3163 -0.0401
v  -0.0542 0.3164 -0.0401
v  -0.0600 0.3107 -0.0492
v  -0.0636 0.3107 -0.0493
v  -0.0542 0.3108 -0.0492
v  -0.0665 0.3109 -0.0498
v  -0.0656 0.3108 -0.0495
v  -0.0655 0.3225 0.0222
v  -0.0664 0.3228 0.0224
v  -0.0664 0.3253 0.0118
v  -0.0655 0.3250 0.0118
v  -0.0636 0.3248 0.0117
v  -0.0636 0.3224 0.0222
v  -0.0636 0.3259 0.0011
v  -0.0655 0.3261 0.0011
v  -0.0664 0.3264 0.0011
v  -0.0599 0.3248 0.0117
v  -0.0599 0.3223 0.0221
v  -0.0541 0.3248 0.0117
v  -0.0541 0.3223 0.0221
v  -0.0599 0.3259 0.0011
v  -0.0541 0.3259 0.0011
v  -0.0636 0.3256 -0.0096
v  -0.0599 0.3255 -0.0096
v  -0.0541 0.3255 -0.0096
v  -0.0665 0.3260 -0.0097
v  -0.0656 0.3257 -0.0097
v  -0.0655 0.3001 0.0583
v  -0.0664 0.3002 0.0587
v  -0.0664 0.3076 0.0508
v  -0.0655 0.3074 0.0505
v  -0.0635 0.3073 0.0503
v  -0.0635 0.3000 0.0581
v  -0.0655 0.3137 0.0418
v  -0.0635 0.3135 0.0416
v  -0.0664 0.3139 0.0420
v  -0.0599 0.3072 0.0502
v  -0.0599 0.2999 0.0580
v  -0.0541 0.2999 0.0580
v  -0.0541 0.3072 0.0502
v  -0.0599 0.3135 0.0416
v  -0.0541 0.3135 0.0416
v  -0.0599 0.3185 0.0321
v  -0.0636 0.3186 0.0322
v  -0.0541 0.3185 0.0321
v  -0.0655 0.3187 0.0323
v  -0.0664 0.3190 0.0325
v  -0.0655 0.2625 0.0783
v  -0.0664 0.2625 0.0789
v  -0.0664 0.2728 0.0757
v  -0.0655 0.2728 0.0752
v  -0.0635 0.2728 0.0749
v  -0.0636 0.2626 0.0780
v  -0.0635 0.2826 0.0705
v  -0.0655 0.2826 0.0708
v  -0.0664 0.2827 0.0713
v  -0.0599 0.2728 0.0748
v  -0.0599 0.2625 0.0779
v  -0.0541 0.2727 0.0748
v  -0.0541 0.2625 0.0779
v  -0.0599 0.2825 0.0704
v  -0.0541 0.2825 0.0704
v  -0.0635 0.2917 0.0649
v  -0.0599 0.2916 0.0648
v  -0.0541 0.2916 0.0648
v  -0.0664 0.2919 0.0656
v  -0.0655 0.2917 0.0651
v  -0.0656 0.2201 0.0770
v  -0.0665 0.2198 0.0776
v  -0.0664 0.2303 0.0800
v  -0.0656 0.2305 0.0794
v  -0.0636 0.2306 0.0790
v  -0.0636 0.2202 0.0766
v  -0.0655 0.2412 0.0804
v  -0.0636 0.2413 0.0801
v  -0.0664 0.2410 0.0810
v  -0.0599 0.2307 0.0789
v  -0.0599 0.2203 0.0764
v  -0.0541 0.2306 0.0788
v  -0.0541 0.2202 0.0764
v  -0.0599 0.2413 0.0799
v  -0.0541 0.2413 0.0799
v  -0.0636 0.2520 0.0797
v  -0.0599 0.2520 0.0796
v  -0.0541 0.2520 0.0796
v  -0.0664 0.2518 0.0807
v  -0.0655 0.2519 0.0801
v  -0.0665 0.1918 0.0630
v  -0.0656 0.1920 0.0621
v  -0.0636 0.1922 0.0616
v  -0.0636 0.2008 0.0678
v  -0.0656 0.2007 0.0682
v  -0.0665 0.2004 0.0691
v  -0.0600 0.1922 0.0614
v  -0.0542 0.1921 0.0612
v  -0.0600 0.2009 0.0676
v  -0.0542 0.2008 0.0675
v  -0.0636 0.2102 0.0728
v  -0.0599 0.2103 0.0726
v  -0.0541 0.2102 0.0726
v  -0.0665 0.2098 0.0740
v  -0.0656 0.2101 0.0732
v  -0.0138 0.1884 -0.0624
v  -0.0196 0.1885 -0.0623
v  -0.0196 0.1811 -0.0545
v  -0.0138 0.1811 -0.0547
v  -0.0101 0.1810 -0.0549
v  -0.0101 0.1884 -0.0627
v  -0.0101 0.1747 -0.0463
v  -0.0138 0.1747 -0.0460
v  -0.0196 0.1748 -0.0458
v  -0.0082 0.1808 -0.0554
v  -0.0082 0.1882 -0.0631
v  -0.0082 0.1745 -0.0467
v  -0.0101 0.1695 -0.0368
v  -0.0082 0.1694 -0.0373
v  -0.0082 0.1655 -0.0247
v  -0.0101 0.1657 -0.0244
v  -0.0196 0.1697 -0.0364
v  -0.0138 0.1696 -0.0366
v  -0.0138 0.1658 -0.0241
v  -0.0196 0.1658 -0.0239
v  -0.0671 0.1623 -0.0103
v  -0.0671 0.1648 -0.0239
v  -0.0670 0.1613 0.0031
v  -0.0672 0.1605 0.0030
v  -0.0673 0.1615 -0.0117
v  -0.0673 0.1639 -0.0263
v  -0.0670 0.1617 0.0155
v  -0.0670 0.1635 0.0262
v  -0.0672 0.1627 0.0285
v  -0.0672 0.1609 0.0168
v  -0.0673 0.1594 0.0029
v  -0.0673 0.1598 0.0185
v  -0.0672 0.1617 0.0315
v  -0.0674 0.1603 -0.0137
v  -0.0674 0.1627 -0.0295
v  -0.0137 0.2197 0.0764
v  -0.0195 0.2198 0.0763
v  -0.0194 0.2303 0.0788
v  -0.0136 0.2302 0.0789
v  -0.0100 0.2301 0.0790
v  -0.0100 0.2197 0.0765
v  -0.0136 0.2409 0.0800
v  -0.0100 0.2408 0.0802
v  -0.0194 0.2409 0.0799
v  -0.0080 0.2301 0.0794
v  -0.0080 0.2196 0.0769
v  -0.0080 0.2408 0.0805
v  -0.0100 0.2516 0.0799
v  -0.0080 0.2516 0.0802
v  -0.0080 0.2623 0.0785
v  -0.0100 0.2622 0.0782
v  -0.0194 0.2517 0.0797
v  -0.0136 0.2516 0.0797
v  -0.0136 0.2622 0.0781
v  -0.0194 0.2623 0.0780
v  -0.0136 0.2725 0.0750
v  -0.0194 0.2725 0.0749
v  -0.0099 0.2725 0.0752
v  -0.0099 0.2824 0.0708
v  -0.0136 0.2823 0.0706
v  -0.0194 0.2823 0.0706
v  -0.0080 0.2726 0.0755
v  -0.0080 0.2825 0.0711
v  -0.0080 0.2917 0.0654
v  -0.0099 0.2916 0.0652
v  -0.0080 0.3001 0.0587
v  -0.0099 0.2999 0.0584
v  -0.0194 0.2915 0.0650
v  -0.0136 0.2915 0.0650
v  -0.0136 0.2999 0.0583
v  -0.0194 0.2998 0.0582
v  -0.0194 0.3072 0.0504
v  -0.0136 0.3072 0.0505
v  -0.0099 0.3073 0.0506
v  -0.0099 0.3137 0.0419
v  -0.0136 0.3136 0.0418
v  -0.0194 0.3135 0.0417
v  -0.0080 0.3075 0.0508
v  -0.0080 0.3139 0.0421
v  -0.0099 0.3188 0.0324
v  -0.0080 0.3191 0.0326
v  -0.0080 0.3229 0.0225
v  -0.0099 0.3227 0.0224
v  -0.0194 0.3186 0.0323
v  -0.0136 0.3187 0.0324
v  -0.0136 0.3226 0.0223
v  -0.0194 0.3225 0.0223
v  -0.0194 0.3250 0.0119
v  -0.0136 0.3251 0.0119
v  -0.0100 0.3252 0.0119
v  -0.0136 0.3262 0.0012
v  -0.0100 0.3263 0.0012
v  -0.0194 0.3261 0.0012
v  -0.0080 0.3255 0.0120
v  -0.0080 0.3266 0.0013
v  -0.0100 0.3261 -0.0095
v  -0.0080 0.3263 -0.0095
v  -0.0080 0.3246 -0.0202
v  -0.0100 0.3244 -0.0202
v  -0.0194 0.3258 -0.0095
v  -0.0136 0.3259 -0.0095
v  -0.0137 0.3242 -0.0201
v  -0.0195 0.3242 -0.0201
v  -0.0137 0.3212 -0.0304
v  -0.0195 0.3211 -0.0304
v  -0.0100 0.3213 -0.0305
v  -0.0137 0.3168 -0.0403
v  -0.0100 0.3170 -0.0403
v  -0.0195 0.3167 -0.0402
v  -0.0080 0.3216 -0.0306
v  -0.0080 0.3172 -0.0404
v  -0.0100 0.3113 -0.0495
v  -0.0081 0.3115 -0.0497
v  -0.0081 0.3048 -0.0581
v  -0.0100 0.3046 -0.0579
v  -0.0195 0.3111 -0.0494
v  -0.0137 0.3112 -0.0494
v  -0.0137 0.3045 -0.0578
v  -0.0195 0.3044 -0.0577
v  -0.0195 0.2966 -0.0651
v  -0.0137 0.2967 -0.0652
v  -0.0100 0.2968 -0.0653
v  -0.0101 0.2881 -0.0716
v  -0.0137 0.2880 -0.0715
v  -0.0195 0.2879 -0.0714
v  -0.0081 0.2969 -0.0655
v  -0.0081 0.2882 -0.0719
v  -0.0101 0.2786 -0.0768
v  -0.0081 0.2787 -0.0770
v  -0.0081 0.2686 -0.0809
v  -0.0101 0.2686 -0.0806
v  -0.0137 0.2786 -0.0766
v  -0.0195 0.2785 -0.0765
v  -0.0138 0.2685 -0.0805
v  -0.0196 0.2685 -0.0804
v  -0.0196 0.2580 -0.0829
v  -0.0138 0.2581 -0.0830
v  -0.0101 0.2581 -0.0832
v  -0.0101 0.2474 -0.0843
v  -0.0138 0.2474 -0.0841
v  -0.0196 0.2474 -0.0840
v  -0.0081 0.2581 -0.0834
v  -0.0081 0.2474 -0.0846
v  -0.0081 0.2366 -0.0843
v  -0.0101 0.2367 -0.0840
v  -0.0082 0.2259 -0.0827
v  -0.0101 0.2260 -0.0824
v  -0.0196 0.2366 -0.0837
v  -0.0138 0.2367 -0.0838
v  -0.0138 0.2261 -0.0822
v  -0.0196 0.2260 -0.0820
v  -0.0196 0.2158 -0.0790
v  -0.0138 0.2158 -0.0791
v  -0.0101 0.2157 -0.0793
v  -0.0138 0.2060 -0.0748
v  -0.0101 0.2059 -0.0750
v  -0.0196 0.2060 -0.0746
v  -0.0082 0.2156 -0.0797
v  -0.0082 0.2058 -0.0753
v  -0.0101 0.1967 -0.0694
v  -0.0082 0.1966 -0.0698
v  -0.0138 0.1968 -0.0692
v  -0.0196 0.1968 -0.0690
v  -0.0137 0.1838 0.0537
v  -0.0195 0.1839 0.0537
v  -0.0195 0.1917 0.0610
v  -0.0137 0.1916 0.0611
v  -0.0100 0.1915 0.0612
v  -0.0100 0.1837 0.0538
v  -0.0100 0.2002 0.0675
v  -0.0137 0.2003 0.0674
v  -0.0195 0.2004 0.0673
v  -0.0081 0.1914 0.0616
v  -0.0081 0.1836 0.0542
v  -0.0080 0.2001 0.0679
v  -0.0100 0.2096 0.0727
v  -0.0080 0.2095 0.0730
v  -0.0137 0.2097 0.0725
v  -0.0195 0.2098 0.0725
v  -0.0137 0.1671 0.0313
v  -0.0138 0.1641 0.0233
v  -0.0196 0.1642 0.0233
v  -0.0195 0.1672 0.0312
v  -0.0101 0.1670 0.0314
v  -0.0101 0.1640 0.0234
v  -0.0137 0.1715 0.0374
v  -0.0101 0.1714 0.0376
v  -0.0195 0.1716 0.0374
v  -0.0081 0.1669 0.0318
v  -0.0081 0.1639 0.0238
v  -0.0081 0.1712 0.0381
v  -0.0101 0.1770 0.0455
v  -0.0081 0.1769 0.0459
v  -0.0195 0.1772 0.0453
v  -0.0137 0.1771 0.0453
v  -0.0276 0.1840 0.0537
v  -0.0275 0.1918 0.0611
v  -0.0275 0.2005 0.0674
v  -0.0368 0.1919 0.0611
v  -0.0368 0.2006 0.0674
v  -0.0369 0.1841 0.0538
v  -0.0275 0.2099 0.0725
v  -0.0275 0.2199 0.0763
v  -0.0368 0.2200 0.0763
v  -0.0368 0.2100 0.0725
v  -0.0461 0.2007 0.0674
v  -0.0461 0.2101 0.0725
v  -0.0461 0.2201 0.0763
v  -0.0462 0.1843 0.0538
v  -0.0461 0.1920 0.0612
v  -0.0275 0.2303 0.0788
v  -0.0275 0.2410 0.0799
v  -0.0368 0.2411 0.0799
v  -0.0368 0.2304 0.0788
v  -0.0275 0.2517 0.0796
v  -0.0275 0.2623 0.0779
v  -0.0368 0.2624 0.0779
v  -0.0368 0.2518 0.0796
v  -0.0461 0.2412 0.0799
v  -0.0461 0.2519 0.0796
v  -0.0461 0.2624 0.0779
v  -0.0461 0.2305 0.0788
v  -0.0274 0.2726 0.0749
v  -0.0274 0.2824 0.0705
v  -0.0367 0.2726 0.0748
v  -0.0367 0.2824 0.0705
v  -0.0274 0.2915 0.0649
v  -0.0274 0.2998 0.0582
v  -0.0367 0.2915 0.0649
v  -0.0367 0.2999 0.0581
v  -0.0460 0.2825 0.0704
v  -0.0460 0.2916 0.0648
v  -0.0460 0.2999 0.0581
v  -0.0460 0.2727 0.0748
v  -0.0274 0.3072 0.0504
v  -0.0274 0.3135 0.0417
v  -0.0367 0.3135 0.0416
v  -0.0367 0.3072 0.0503
v  -0.0274 0.3186 0.0323
v  -0.0275 0.3224 0.0223
v  -0.0367 0.3186 0.0322
v  -0.0368 0.3224 0.0222
v  -0.0460 0.3135 0.0416
v  -0.0460 0.3186 0.0322
v  -0.0461 0.3224 0.0222
v  -0.0460 0.3072 0.0503
v  -0.0275 0.3249 0.0118
v  -0.0275 0.3260 0.0012
v  -0.0368 0.3249 0.0118
v  -0.0368 0.3260 0.0011
v  -0.0275 0.3258 -0.0095
v  -0.0275 0.3241 -0.0201
v  -0.0368 0.3240 -0.0201
v  -0.0368 0.3257 -0.0096
v  -0.0461 0.3259 0.0011
v  -0.0461 0.3256 -0.0096
v  -0.0461 0.3239 -0.0201
v  -0.0461 0.3248 0.0118
v  -0.0275 0.3210 -0.0304
v  -0.0275 0.3166 -0.0402
v  -0.0368 0.3209 -0.0304
v  -0.0368 0.3166 -0.0402
v  -0.0275 0.3110 -0.0493
v  -0.0275 0.3043 -0.0577
v  -0.0368 0.3109 -0.0493
v  -0.0368 0.3042 -0.0576
v  -0.0461 0.3108 -0.0493
v  -0.0461 0.3165 -0.0401
v  -0.0462 0.3041 -0.0576
v  -0.0461 0.3208 -0.0304
v  -0.0276 0.2965 -0.0650
v  -0.0276 0.2878 -0.0713
v  -0.0369 0.2877 -0.0712
v  -0.0369 0.2964 -0.0650
v  -0.0276 0.2784 -0.0764
v  -0.0276 0.2684 -0.0803
v  -0.0369 0.2783 -0.0763
v  -0.0369 0.2683 -0.0802
v  -0.0462 0.2782 -0.0762
v  -0.0462 0.2876 -0.0712
v  -0.0462 0.2682 -0.0800
v  -0.0462 0.2963 -0.0649
v  -0.0276 0.2580 -0.0828
v  -0.0276 0.2473 -0.0839
v  -0.0369 0.2579 -0.0826
v  -0.0369 0.2472 -0.0837
v  -0.0276 0.2366 -0.0836
v  -0.0276 0.2260 -0.0819
v  -0.0369 0.2365 -0.0834
v  -0.0369 0.2260 -0.0817
v  -0.0462 0.2472 -0.0836
v  -0.0462 0.2365 -0.0833
v  -0.0462 0.2259 -0.0816
v  -0.0462 0.2578 -0.0825
v  -0.0277 0.2157 -0.0788
v  -0.0277 0.2059 -0.0745
v  -0.0370 0.2059 -0.0743
v  -0.0370 0.2157 -0.0787
v  -0.0277 0.1968 -0.0689
v  -0.0277 0.1885 -0.0621
v  -0.0370 0.1968 -0.0687
v  -0.0370 0.1885 -0.0619
v  -0.0463 0.1968 -0.0685
v  -0.0463 0.2059 -0.0741
v  -0.0463 0.1885 -0.0618
v  -0.0463 0.2157 -0.0785
v  -0.0277 0.1811 -0.0543
v  -0.0277 0.1748 -0.0457
v  -0.0370 0.1749 -0.0455
v  -0.0370 0.1811 -0.0542
v  -0.0277 0.1697 -0.0353
v  -0.0276 0.1659 -0.0227
v  -0.0369 0.1660 -0.0215
v  -0.0370 0.1698 -0.0340
v  -0.0463 0.1749 -0.0453
v  -0.0463 0.1698 -0.0330
v  -0.0462 0.1660 -0.0206
v  -0.0463 0.1811 -0.0540
v  -0.0196 0.1634 -0.0102
v  -0.0276 0.1634 -0.0099
v  -0.0276 0.1623 0.0026
v  -0.0196 0.1622 0.0024
v  -0.0369 0.1635 -0.0092
v  -0.0369 0.1624 0.0029
v  -0.0276 0.1626 0.0138
v  -0.0196 0.1625 0.0136
v  -0.0276 0.1643 0.0234
v  -0.0369 0.1627 0.0139
v  -0.0369 0.1644 0.0234
v  -0.0462 0.1625 0.0033
v  -0.0462 0.1628 0.0140
v  -0.0462 0.1645 0.0233
v  -0.0462 0.1636 -0.0083
v  -0.0276 0.1673 0.0312
v  -0.0276 0.1717 0.0373
v  -0.0369 0.1674 0.0311
v  -0.0369 0.1718 0.0371
v  -0.0276 0.1773 0.0454
v  -0.0369 0.1774 0.0455
v  -0.0462 0.1719 0.0369
v  -0.0462 0.1775 0.0455
v  -0.0462 0.1675 0.0309
v  -0.0138 0.1633 -0.0103
v  -0.0101 0.1632 -0.0105
v  -0.0138 0.1622 0.0024
v  -0.0101 0.1621 0.0023
v  -0.0081 0.1630 -0.0107
v  -0.0081 0.1619 0.0023
v  -0.0081 0.1622 0.0139
v  -0.0101 0.1623 0.0137
v  -0.0138 0.1624 0.0137
v  -0.0671 0.1799 -0.0583
v  -0.0671 0.1872 -0.0653
v  -0.0671 0.1736 -0.0499
v  -0.0673 0.1728 -0.0526
v  -0.0673 0.1791 -0.0614
v  -0.0672 0.1864 -0.0679
v  -0.0671 0.1686 -0.0371
v  -0.0673 0.1677 -0.0401
v  -0.0674 0.1716 -0.0564
v  -0.0674 0.1665 -0.0441
v  -0.0673 0.1779 -0.0656
v  -0.0673 0.1852 -0.0715
v  -0.0668 0.3258 0.0120
v  -0.0668 0.3233 0.0226
v  -0.0668 0.3268 0.0011
v  -0.0670 0.3266 0.0121
v  -0.0670 0.3276 0.0011
v  -0.0670 0.3241 0.0230
v  -0.0669 0.3265 -0.0099
v  -0.0669 0.3247 -0.0207
v  -0.0670 0.3272 -0.0101
v  -0.0670 0.3254 -0.0210
v  -0.0671 0.3288 0.0011
v  -0.0671 0.3283 -0.0103
v  -0.0671 0.3264 -0.0216
v  -0.0671 0.3252 0.0235
v  -0.0671 0.3277 0.0124
v  -0.0669 0.1913 0.0645
v  -0.0669 0.1836 0.0577
v  -0.0669 0.2000 0.0704
v  -0.0671 0.1992 0.0724
v  -0.0671 0.1906 0.0668
v  -0.0671 0.1829 0.0602
v  -0.0669 0.2094 0.0751
v  -0.0669 0.2194 0.0787
v  -0.0670 0.2187 0.0805
v  -0.0670 0.2086 0.0770
v  -0.0671 0.1982 0.0753
v  -0.0671 0.2075 0.0797
v  -0.0671 0.2176 0.0830
v  -0.0671 0.1896 0.0700
v  -0.0672 0.1819 0.0637
v  -0.0670 0.1666 0.0343
v  -0.0670 0.1711 0.0410
v  -0.0671 0.1659 0.0370
v  -0.0671 0.1704 0.0439
v  -0.0669 0.1768 0.0499
v  -0.0671 0.1761 0.0526
v  -0.0672 0.1752 0.0565
v  -0.0672 0.1695 0.0478
v  -0.0672 0.1649 0.0407
v  -0.0668 0.3080 0.0514
v  -0.0668 0.3005 0.0594
v  -0.0668 0.3143 0.0425
v  -0.0670 0.3085 0.0523
v  -0.0670 0.3150 0.0432
v  -0.0670 0.3009 0.0604
v  -0.0668 0.3195 0.0328
v  -0.0670 0.3202 0.0334
v  -0.0671 0.3212 0.0342
v  -0.0671 0.3159 0.0443
v  -0.0670 0.3016 0.0619
v  -0.0670 0.3093 0.0536
v  -0.0669 0.3215 -0.0311
v  -0.0669 0.3170 -0.0411
v  -0.0671 0.3221 -0.0317
v  -0.0671 0.3175 -0.0418
v  -0.0669 0.3112 -0.0504
v  -0.0669 0.3043 -0.0588
v  -0.0671 0.3116 -0.0512
v  -0.0671 0.3045 -0.0598
v  -0.0671 0.3183 -0.0428
v  -0.0672 0.3122 -0.0525
v  -0.0672 0.3050 -0.0612
v  -0.0671 0.3231 -0.0325
v  -0.0668 0.2624 0.0798
v  -0.0668 0.2728 0.0766
v  -0.0668 0.2828 0.0721
v  -0.0670 0.2728 0.0780
v  -0.0670 0.2829 0.0734
v  -0.0670 0.2622 0.0813
v  -0.0668 0.2921 0.0663
v  -0.0670 0.2924 0.0675
v  -0.0670 0.2928 0.0692
v  -0.0670 0.2832 0.0753
v  -0.0671 0.2619 0.0834
v  -0.0671 0.2728 0.0800
v  -0.0670 0.2963 -0.0663
v  -0.0670 0.2874 -0.0726
v  -0.0671 0.2964 -0.0674
v  -0.0671 0.2873 -0.0738
v  -0.0670 0.2777 -0.0778
v  -0.0670 0.2675 -0.0816
v  -0.0671 0.2775 -0.0790
v  -0.0672 0.2671 -0.0829
v  -0.0672 0.2873 -0.0756
v  -0.0672 0.2772 -0.0809
v  -0.0672 0.2665 -0.0849
v  -0.0672 0.2966 -0.0690
v  -0.0670 0.2568 -0.0841
v  -0.0670 0.2460 -0.0852
v  -0.0672 0.2563 -0.0855
v  -0.0672 0.2453 -0.0866
v  -0.0670 0.2352 -0.0849
v  -0.0670 0.2245 -0.0833
v  -0.0672 0.2343 -0.0864
v  -0.0672 0.2236 -0.0848
v  -0.0672 0.2442 -0.0886
v  -0.0673 0.2331 -0.0884
v  -0.0673 0.2222 -0.0870
v  -0.0672 0.2555 -0.0874
v  -0.0669 0.2299 0.0811
v  -0.0668 0.2407 0.0820
v  -0.0670 0.2402 0.0836
v  -0.0670 0.2293 0.0827
v  -0.0668 0.2516 0.0816
v  -0.0670 0.2512 0.0831
v  -0.0671 0.2507 0.0854
v  -0.0671 0.2394 0.0859
v  -0.0671 0.2283 0.0851
v  -0.0670 0.2143 -0.0804
v  -0.0671 0.2045 -0.0764
v  -0.0672 0.2133 -0.0821
v  -0.0672 0.2036 -0.0782
v  -0.0671 0.1955 -0.0713
v  -0.0672 0.1946 -0.0735
v  -0.0673 0.2023 -0.0809
v  -0.0673 0.1933 -0.0765
v  -0.0673 0.2119 -0.0844
v  -0.0065 0.3450 -0.0401
v  -0.0065 0.3496 -0.0260
v  -0.0065 0.3387 -0.0535
v  -0.0065 0.3340 -0.0507
v  -0.0065 0.3399 -0.0381
v  -0.0064 0.3442 -0.0247
v  -0.0065 0.3306 -0.0660
v  -0.0065 0.3210 -0.0773
v  -0.0065 0.3265 -0.0624
v  -0.0065 0.3175 -0.0731
v  -0.0065 0.3292 -0.0478
v  -0.0065 0.3222 -0.0588
v  -0.0065 0.3139 -0.0688
v  -0.0064 0.3386 -0.0234
v  -0.0065 0.3347 -0.0359
v  -0.0065 0.1518 0.0758
v  -0.0065 0.1468 0.0629
v  -0.0066 0.1580 0.0823
v  -0.0065 0.1611 0.0729
v  -0.0065 0.1557 0.0659
v  -0.0065 0.1516 0.0533
v  -0.0065 0.1647 0.0919
v  -0.0065 0.1722 0.0989
v  -0.0065 0.1674 0.0817
v  -0.0065 0.1747 0.0891
v  -0.0065 0.1641 0.0634
v  -0.0065 0.1701 0.0714
v  -0.0065 0.1772 0.0792
v  -0.0065 0.1556 0.0446
v  -0.0065 0.1592 0.0563
v  -0.0065 0.2244 0.1174
v  -0.0065 0.2114 0.1158
v  -0.0065 0.2384 0.1178
v  -0.0064 0.2256 0.1091
v  -0.0064 0.2389 0.1096
v  -0.0065 0.2132 0.1073
v  -0.0064 0.2530 0.1166
v  -0.0064 0.2676 0.1137
v  -0.0064 0.2527 0.1087
v  -0.0064 0.2665 0.1061
v  -0.0064 0.2394 0.1014
v  -0.0064 0.2524 0.1006
v  -0.0064 0.2653 0.0982
v  -0.0064 0.2150 0.0986
v  -0.0064 0.2269 0.1007
v  -0.0064 0.3293 0.0733
v  -0.0064 0.3195 0.0845
v  -0.0064 0.3376 0.0608
v  -0.0064 0.3324 0.0567
v  -0.0064 0.3246 0.0684
v  -0.0064 0.3152 0.0789
v  -0.0064 0.3441 0.0474
v  -0.0064 0.3490 0.0332
v  -0.0064 0.3433 0.0309
v  -0.0064 0.3387 0.0442
v  -0.0064 0.3331 0.0409
v  -0.0064 0.3272 0.0526
v  -0.0064 0.3375 0.0285
v  -0.0064 0.3109 0.0731
v  -0.0064 0.3197 0.0634
v  -0.0067 0.1463 -0.0613
v  -0.0066 0.1436 -0.0332
v  -0.0066 0.1430 0.0043
v  -0.0066 0.1491 -0.0274
v  -0.0066 0.1484 0.0046
v  -0.0066 0.1516 -0.0518
v  -0.0065 0.1440 0.0387
v  -0.0065 0.1492 0.0327
v  -0.0065 0.1534 0.0271
v  -0.0066 0.1527 0.0043
v  -0.0066 0.1560 -0.0442
v  -0.0066 0.1536 -0.0214
v  -0.0067 0.2143 -0.1134
v  -0.0067 0.2023 -0.1119
v  -0.0067 0.1915 -0.1098
v  -0.0066 0.2052 -0.1049
v  -0.0066 0.1946 -0.1023
v  -0.0066 0.2168 -0.1067
v  -0.0067 0.1818 -0.1074
v  -0.0067 0.1731 -0.1047
v  -0.0066 0.1851 -0.0992
v  -0.0066 0.1764 -0.0956
v  -0.0066 0.1978 -0.0947
v  -0.0066 0.1883 -0.0908
v  -0.0066 0.1798 -0.0863
v  -0.0066 0.2194 -0.0999
v  -0.0066 0.2082 -0.0977
v  -0.0064 0.3519 0.0185
v  -0.0065 0.3530 0.0036
v  -0.0064 0.3473 0.0031
v  -0.0064 0.3462 0.0171
v  -0.0065 0.3523 -0.0113
v  -0.0064 0.3466 -0.0109
v  -0.0064 0.3408 -0.0105
v  -0.0064 0.3414 0.0026
v  -0.0064 0.3403 0.0157
v  -0.0067 0.1651 -0.1016
v  -0.0067 0.1579 -0.0930
v  -0.0067 0.1686 -0.0912
v  -0.0066 0.1618 -0.0837
v  -0.0067 0.1514 -0.0803
v  -0.0066 0.1560 -0.0700
v  -0.0066 0.1655 -0.0736
v  -0.0066 0.1601 -0.0610
v  -0.0066 0.1721 -0.0809
v  -0.0066 0.2559 -0.1114
v  -0.0066 0.2704 -0.1079
v  -0.0066 0.2414 -0.1134
v  -0.0066 0.2427 -0.1071
v  -0.0066 0.2564 -0.1053
v  -0.0066 0.2700 -0.1020
v  -0.0067 0.2274 -0.1140
v  -0.0066 0.2294 -0.1075
v  -0.0066 0.2441 -0.1007
v  -0.0066 0.2315 -0.1009
v  -0.0066 0.2696 -0.0960
v  -0.0066 0.2569 -0.0991
v  -0.0064 0.2820 0.1090
v  -0.0064 0.2955 0.1025
v  -0.0064 0.2799 0.1017
v  -0.0064 0.2927 0.0957
v  -0.0064 0.3081 0.0943
v  -0.0064 0.3046 0.0880
v  -0.0064 0.2898 0.0887
v  -0.0064 0.3009 0.0816
v  -0.0064 0.2778 0.0943
v  -0.0066 0.3099 -0.0873
v  -0.0066 0.2977 -0.0958
v  -0.0065 0.3071 -0.0825
v  -0.0065 0.2956 -0.0906
v  -0.0066 0.2844 -0.1027
v  -0.0066 0.2832 -0.0971
v  -0.0065 0.2819 -0.0914
v  -0.0065 0.2935 -0.0852
v  -0.0065 0.3042 -0.0777
v  -0.0065 0.1803 0.1046
v  -0.0065 0.1895 0.1092
v  -0.0065 0.1827 0.0952
v  -0.0065 0.1918 0.1002
v  -0.0065 0.1998 0.1130
v  -0.0065 0.2019 0.1043
v  -0.0065 0.1941 0.0910
v  -0.0065 0.2041 0.0954
v  -0.0065 0.1852 0.0857
v  0.0971 0.0262 0.0184
v  0.0939 0.0263 0.0362
v  0.0996 0.0263 0.0333
v  0.1032 0.0262 0.0166
v  0.1042 0.0261 -0.0006
v  0.0980 0.0261 -0.0002
v  0.1049 0.0171 -0.0006
v  0.1039 0.0172 0.0164
v  0.1003 0.0173 0.0330
v  0.0965 0.0260 -0.0188
v  0.1026 0.0260 -0.0177
v  0.0983 0.0259 -0.0343
v  0.0926 0.0259 -0.0365
v  0.1033 0.0170 -0.0175
v  0.0990 0.0169 -0.0340
v  -0.0775 0.0258 -0.0756
v  -0.0657 0.0257 -0.0860
v  -0.0687 0.0258 -0.0850
v  -0.0813 0.0258 -0.0738
v  -0.0920 0.0259 -0.0607
v  -0.0874 0.0259 -0.0632
v  -0.0818 0.0168 -0.0735
v  -0.0926 0.0169 -0.0604
v  -0.0691 0.0168 -0.0849
v  -0.0487 0.0268 0.0997
v  -0.0625 0.0268 0.0920
v  -0.0652 0.0268 0.0907
v  -0.0506 0.0268 0.0992
v  -0.0337 0.0268 0.1053
v  -0.0348 0.0268 0.1054
v  -0.0508 0.0177 0.0992
v  -0.0350 0.0178 0.1054
v  -0.0655 0.0177 0.0906
v  -0.0934 0.0266 0.0560
v  -0.0996 0.0265 0.0400
v  -0.1053 0.0265 0.0374
v  -0.0986 0.0266 0.0531
v  -0.0895 0.0266 0.0674
v  -0.0850 0.0267 0.0701
v  -0.0900 0.0176 0.0671
v  -0.0992 0.0175 0.0528
v  -0.1060 0.0174 0.0372
v  -0.0952 0.0260 -0.0488
v  -0.1005 0.0260 -0.0460
v  -0.1067 0.0261 -0.0302
v  -0.1008 0.0261 -0.0326
v  -0.1074 0.0171 -0.0298
v  -0.1012 0.0170 -0.0457
v  0.0705 0.0266 0.0792
v  0.0586 0.0266 0.0896
v  0.0616 0.0266 0.0882
v  0.0743 0.0266 0.0769
v  0.0850 0.0265 0.0639
v  0.0804 0.0265 0.0668
v  0.0747 0.0175 0.0768
v  0.0855 0.0174 0.0636
v  0.0620 0.0176 0.0881
v  -0.0164 0.0268 0.1066
v  -0.0290 0.0268 0.1049
v  -0.0183 0.0178 0.1091
v  -0.0013 0.0178 0.1101
v  -0.0032 0.0268 0.1070
v  0.0415 0.0256 -0.0962
v  0.0554 0.0256 -0.0884
v  0.0581 0.0256 -0.0876
v  0.0435 0.0256 -0.0961
v  0.0278 0.0256 -0.1022
v  0.0265 0.0256 -0.1018
v  0.0279 0.0166 -0.1022
v  0.0438 0.0166 -0.0960
v  0.0585 0.0166 -0.0874
v  -0.1041 0.0262 -0.0148
v  -0.1103 0.0262 -0.0134
v  -0.1113 0.0263 0.0037
v  -0.1050 0.0263 0.0038
v  -0.1110 0.0172 -0.0132
v  -0.1120 0.0173 0.0038
v  -0.0783 0.0267 0.0800
v  -0.0747 0.0267 0.0821
v  -0.0787 0.0177 0.0798
v  0.0155 0.0268 0.1083
v  0.0145 0.0268 0.1079
v  0.0101 0.0268 0.1061
v  0.0319 0.0268 0.1040
v  0.0302 0.0268 0.1040
v  0.0321 0.0177 0.1041
v  0.0156 0.0177 0.1084
v  0.0882 0.0264 0.0524
v  0.0935 0.0264 0.0492
v  0.0941 0.0173 0.0489
v  -0.0057 0.0256 -0.1059
v  -0.0057 0.0256 -0.1068
v  -0.0226 0.0256 -0.1051
v  -0.0218 0.0256 -0.1044
v  -0.0375 0.0256 -0.1005
v  -0.0390 0.0256 -0.1009
v  -0.0227 0.0166 -0.1052
v  -0.0391 0.0166 -0.1009
v  -0.0057 0.0166 -0.1069
v  0.0106 0.0256 -0.1050
v  0.0112 0.0256 -0.1058
v  0.0113 0.0166 -0.1059
v  -0.1096 0.0264 0.0208
v  -0.1034 0.0264 0.0224
v  -0.1103 0.0174 0.0207
v  0.0451 0.0267 0.0979
v  0.0474 0.0267 0.0973
v  0.0477 0.0176 0.0973
v  0.0865 0.0258 -0.0525
v  0.0915 0.0258 -0.0499
v  0.0824 0.0257 -0.0642
v  0.0781 0.0257 -0.0665
v  0.0829 0.0167 -0.0639
v  0.0921 0.0168 -0.0496
v  -0.0545 0.0257 -0.0941
v  -0.0523 0.0257 -0.0943
v  -0.0547 0.0167 -0.0940
v  0.0677 0.0257 -0.0785
v  0.0712 0.0257 -0.0769
v  0.0716 0.0167 -0.0766
v  0.0445 0.0325 0.0959
v  0.0492 0.0324 0.0882
v  0.0538 0.0266 0.0891
v  0.0605 0.0266 0.0797
v  0.0379 0.0325 0.1004
v  0.0453 0.0267 0.0957
v  0.0524 0.0324 0.0756
v  0.0654 0.0265 0.0665
v  0.0485 0.0315 -0.0835
v  0.0518 0.0316 -0.0709
v  0.0643 0.0258 -0.0636
v  0.0592 0.0257 -0.0766
v  0.0436 0.0315 -0.0910
v  0.0522 0.0256 -0.0858
v  -0.0549 0.0324 0.0899
v  -0.0581 0.0323 0.0774
v  -0.0658 0.0267 0.0820
v  -0.0709 0.0266 0.0689
v  -0.0503 0.0325 0.0974
v  -0.0441 0.0326 0.1017
v  -0.0507 0.0268 0.0974
v  -0.0591 0.0268 0.0911
v  -0.0560 0.0316 -0.0814
v  -0.0516 0.0316 -0.0891
v  -0.0609 0.0258 -0.0835
v  -0.0674 0.0258 -0.0741
v  -0.0590 0.0316 -0.0688
v  -0.0721 0.0259 -0.0609
v  -0.0041 0.0326 0.1067
v  0.0077 0.0326 0.1062
v  0.0190 0.0326 0.1050
v  0.0230 0.0268 0.1040
v  0.0292 0.0325 0.1032
v  0.0349 0.0267 0.1006
v  -0.0361 0.0326 0.1043
v  -0.0264 0.0326 0.1058
v  -0.0406 0.0268 0.1019
v  -0.0156 0.0326 0.1066
v  -0.1125 0.0006 0.0780
v  -0.1054 0.0006 0.0874
v  -0.1123 0.0005 0.0779
v  -0.1053 0.0005 0.0873
v  -0.1187 0.0005 0.0680
v  -0.1186 0.0004 0.0679
v  0.1107 -0.0005 -0.0748
v  0.1036 -0.0006 -0.0842
v  0.1105 -0.0006 -0.0747
v  0.1034 -0.0006 -0.0841
v  0.1169 -0.0005 -0.0648
v  0.1167 -0.0005 -0.0647
v  0.1337 -0.0000 0.0148
v  0.1343 -0.0001 0.0030
v  0.1335 -0.0001 0.0148
v  0.1341 -0.0002 0.0030
v  0.1320 0.0001 0.0266
v  0.1318 -0.0000 0.0265
v  -0.0796 0.0007 0.1115
v  -0.0698 0.0008 0.1180
v  -0.0795 0.0006 0.1114
v  -0.0697 0.0007 0.1178
v  -0.0889 0.0007 0.1043
v  -0.0888 0.0006 0.1041
v  0.0778 -0.0007 -0.1084
v  0.0679 -0.0007 -0.1148
v  0.0777 -0.0008 -0.1082
v  0.0679 -0.0008 -0.1146
v  0.0871 -0.0006 -0.1011
v  0.0870 -0.0007 -0.1009
v  0.0550 0.0007 0.1247
v  0.0655 0.0006 0.1194
v  0.0549 0.0006 0.1245
v  0.0654 0.0006 0.1192
v  0.0441 0.0007 0.1291
v  0.0440 0.0006 0.1289
v  -0.0975 0.0007 0.0962
v  -0.0974 0.0006 0.0961
v  0.0957 -0.0006 -0.0930
v  0.0956 -0.0007 -0.0929
v  -0.0347 -0.0007 -0.1293
v  -0.0459 -0.0007 -0.1259
v  -0.0346 -0.0008 -0.1292
v  -0.0459 -0.0007 -0.1258
v  -0.0231 -0.0007 -0.1318
v  -0.0231 -0.0008 -0.1316
v  -0.0142 0.0008 0.1362
v  -0.0023 0.0008 0.1368
v  -0.0142 0.0007 0.1360
v  -0.0023 0.0007 0.1366
v  -0.0259 0.0008 0.1345
v  -0.0259 0.0007 0.1343
v  0.0123 -0.0008 -0.1330
v  0.0005 -0.0008 -0.1336
v  0.0123 -0.0008 -0.1328
v  0.0005 -0.0008 -0.1334
v  0.0241 -0.0008 -0.1313
v  0.0240 -0.0008 -0.1311
v  -0.1229 -0.0002 -0.0569
v  -0.1275 -0.0001 -0.0461
v  -0.1227 -0.0003 -0.0568
v  -0.1273 -0.0002 -0.0460
v  -0.1171 -0.0004 -0.0672
v  -0.1173 -0.0003 -0.0673
v  -0.1319 0.0003 0.0353
v  -0.1284 0.0004 0.0466
v  -0.1317 0.0002 0.0353
v  -0.1283 0.0003 0.0465
v  -0.1343 0.0003 0.0238
v  -0.1341 0.0002 0.0238
v  0.1300 -0.0003 -0.0321
v  0.1266 -0.0003 -0.0434
v  0.1298 -0.0004 -0.0321
v  0.1264 -0.0004 -0.0433
v  0.1325 -0.0002 -0.0206
v  0.1323 -0.0003 -0.0206
v  -0.1109 -0.0003 -0.0771
v  -0.1107 -0.0004 -0.0770
v  -0.1036 -0.0004 -0.0864
v  -0.1035 -0.0005 -0.0863
v  -0.1357 0.0002 0.0120
v  -0.1356 0.0001 0.0120
v  -0.1360 0.0001 0.0002
v  -0.1361 0.0001 0.0002
v  0.1339 -0.0002 -0.0089
v  0.1337 -0.0002 -0.0088
v  -0.0773 -0.0006 -0.1100
v  -0.0868 -0.0005 -0.1029
v  -0.0772 -0.0006 -0.1098
v  -0.0866 -0.0006 -0.1028
v  -0.0673 -0.0006 -0.1162
v  -0.0672 -0.0007 -0.1161
v  -0.0594 0.0008 0.1235
v  -0.0486 0.0008 0.1281
v  -0.0593 0.0007 0.1234
v  -0.0485 0.0007 0.1280
v  0.0576 -0.0007 -0.1203
v  0.0467 -0.0007 -0.1250
v  0.0575 -0.0008 -0.1202
v  0.0467 -0.0008 -0.1248
v  -0.0955 -0.0004 -0.0950
v  -0.0954 -0.0005 -0.0949
v  0.0328 0.0007 0.1325
v  0.0328 0.0007 0.1323
v  0.0213 0.0008 0.1350
v  0.0213 0.0007 0.1348
v  -0.0114 -0.0007 -0.1332
v  -0.0113 -0.0008 -0.1330
v  0.1210 0.0003 0.0601
v  0.1256 0.0002 0.0492
v  0.1209 0.0002 0.0600
v  0.1255 0.0001 0.0492
v  0.1153 0.0002 0.0704
v  0.1155 0.0003 0.0704
v  -0.1311 -0.0001 -0.0349
v  -0.1338 -0.0000 -0.0234
v  -0.1309 -0.0002 -0.0348
v  -0.1336 -0.0001 -0.0234
v  0.1090 0.0004 0.0803
v  0.1089 0.0003 0.0802
v  0.1018 0.0004 0.0896
v  0.1016 0.0004 0.0895
v  -0.1355 0.0001 -0.0117
v  -0.1353 -0.0000 -0.0117
v  0.0755 0.0006 0.1132
v  0.0849 0.0006 0.1061
v  0.0754 0.0005 0.1130
v  0.0848 0.0005 0.1059
v  -0.0568 -0.0006 -0.1215
v  -0.0568 -0.0007 -0.1214
v  0.0937 0.0005 0.0982
v  0.0936 0.0004 0.0981
v  -0.0374 0.0008 0.1318
v  -0.0373 0.0007 0.1316
v  0.0356 -0.0008 -0.1286
v  0.0355 -0.0008 -0.1284
v  0.0095 0.0008 0.1364
v  0.0095 0.0007 0.1362
v  -0.1240 0.0005 0.0575
v  -0.1239 0.0004 0.0574
v  0.1222 -0.0004 -0.0543
v  0.1220 -0.0005 -0.0543
v  0.1293 0.0001 0.0381
v  0.1291 0.0000 0.0380
v  -0.0840 0.0286 -0.0497
v  -0.0833 0.0293 -0.0485
v  -0.0822 0.0293 -0.0466
v  -0.0840 0.0251 -0.0496
v  -0.0815 0.0286 -0.0454
v  -0.0815 0.0251 -0.0454
v  -0.0899 0.0286 -0.0406
v  -0.0905 0.0293 -0.0417
v  -0.0917 0.0293 -0.0437
v  -0.0923 0.0286 -0.0449
v  -0.0899 0.0252 -0.0405
v  -0.0924 0.0251 -0.0448
v  -0.0923 0.0286 -0.0454
v  -0.0917 0.0293 -0.0466
v  -0.0906 0.0293 -0.0485
v  -0.0899 0.0286 -0.0497
v  -0.0899 0.0251 -0.0496
v  -0.0924 0.0251 -0.0453
v  -0.0825 0.0296 -0.0438
v  -0.0825 0.0296 -0.0464
v  -0.0836 0.0296 -0.0483
v  -0.0836 0.0296 -0.0419
v  -0.0858 0.0296 -0.0496
v  -0.0881 0.0296 -0.0496
v  -0.0903 0.0296 -0.0483
v  -0.0914 0.0296 -0.0464
v  -0.0903 0.0296 -0.0419
v  -0.0914 0.0296 -0.0438
v  -0.0881 0.0296 -0.0406
v  -0.0858 0.0296 -0.0406
v  -0.0815 0.0251 -0.0448
v  -0.0815 0.0286 -0.0449
v  -0.0822 0.0293 -0.0437
v  -0.0840 0.0286 -0.0406
v  -0.0833 0.0293 -0.0418
v  -0.0840 0.0251 -0.0405
v  -0.0845 0.0286 -0.0403
v  -0.0858 0.0293 -0.0403
v  -0.0881 0.0293 -0.0403
v  -0.0845 0.0251 -0.0403
v  -0.0894 0.0286 -0.0403
v  -0.0894 0.0252 -0.0403
v  -0.0894 0.0251 -0.0499
v  -0.0894 0.0286 -0.0499
v  -0.0881 0.0293 -0.0499
v  -0.0845 0.0251 -0.0499
v  -0.0858 0.0293 -0.0499
v  -0.0845 0.0286 -0.0499
v  -0.0820 0.0294 -0.0446
v  -0.0817 0.0291 -0.0451
v  -0.0820 0.0294 -0.0457
v  -0.0849 0.0294 -0.0405
v  -0.0843 0.0291 -0.0405
v  -0.0840 0.0294 -0.0411
v  -0.0899 0.0294 -0.0411
v  -0.0896 0.0291 -0.0405
v  -0.0889 0.0294 -0.0405
v  -0.0919 0.0294 -0.0457
v  -0.0922 0.0291 -0.0451
v  -0.0919 0.0294 -0.0446
v  -0.0889 0.0294 -0.0497
v  -0.0896 0.0290 -0.0497
v  -0.0899 0.0294 -0.0491
v  -0.0840 0.0294 -0.0491
v  -0.0843 0.0290 -0.0497
v  -0.0850 0.0294 -0.0497
v  -0.0841 0.0249 -0.0496
v  -0.0842 0.0249 -0.0498
v  -0.0844 0.0249 -0.0498
v  -0.0843 0.0248 -0.0496
v  -0.0815 0.0249 -0.0451
v  -0.0816 0.0249 -0.0453
v  -0.0816 0.0249 -0.0449
v  -0.0817 0.0248 -0.0451
v  -0.0842 0.0251 -0.0404
v  -0.0841 0.0249 -0.0406
v  -0.0844 0.0249 -0.0404
v  -0.0843 0.0248 -0.0406
v  -0.0897 0.0252 -0.0404
v  -0.0895 0.0249 -0.0404
v  -0.0898 0.0249 -0.0406
v  -0.0896 0.0249 -0.0406
v  -0.0924 0.0251 -0.0451
v  -0.0923 0.0249 -0.0449
v  -0.0923 0.0249 -0.0453
v  -0.0922 0.0248 -0.0451
v  -0.0897 0.0249 -0.0498
v  -0.0898 0.0249 -0.0496
v  -0.0895 0.0249 -0.0498
v  -0.0896 0.0248 -0.0496
v  -0.0838 0.0295 -0.0488
v  -0.0834 0.0295 -0.0484
v  -0.0836 0.0295 -0.0486
v  -0.0836 0.0294 -0.0488
v  -0.0842 0.0286 -0.0498
v  -0.0841 0.0288 -0.0497
v  -0.0844 0.0288 -0.0499
v  -0.0856 0.0295 -0.0498
v  -0.0858 0.0295 -0.0498
v  -0.0854 0.0295 -0.0497
v  -0.0854 0.0293 -0.0499
v  -0.0822 0.0295 -0.0440
v  -0.0822 0.0296 -0.0442
v  -0.0823 0.0295 -0.0437
v  -0.0821 0.0294 -0.0441
v  -0.0815 0.0286 -0.0451
v  -0.0816 0.0288 -0.0450
v  -0.0816 0.0288 -0.0453
v  -0.0822 0.0295 -0.0463
v  -0.0823 0.0295 -0.0465
v  -0.0822 0.0295 -0.0461
v  -0.0821 0.0294 -0.0461
v  -0.0858 0.0296 -0.0404
v  -0.0856 0.0295 -0.0404
v  -0.0854 0.0296 -0.0406
v  -0.0854 0.0294 -0.0404
v  -0.0842 0.0286 -0.0404
v  -0.0844 0.0289 -0.0404
v  -0.0841 0.0289 -0.0405
v  -0.0838 0.0296 -0.0415
v  -0.0836 0.0295 -0.0416
v  -0.0834 0.0295 -0.0418
v  -0.0836 0.0294 -0.0414
v  -0.0905 0.0295 -0.0418
v  -0.0903 0.0295 -0.0416
v  -0.0901 0.0296 -0.0415
v  -0.0903 0.0294 -0.0414
v  -0.0897 0.0288 -0.0404
v  -0.0898 0.0289 -0.0405
v  -0.0895 0.0289 -0.0404
v  -0.0885 0.0296 -0.0406
v  -0.0883 0.0295 -0.0404
v  -0.0881 0.0296 -0.0404
v  -0.0885 0.0294 -0.0404
v  -0.0916 0.0295 -0.0465
v  -0.0917 0.0295 -0.0463
v  -0.0917 0.0295 -0.0460
v  -0.0918 0.0294 -0.0461
v  -0.0924 0.0286 -0.0451
v  -0.0923 0.0288 -0.0453
v  -0.0923 0.0289 -0.0450
v  -0.0917 0.0295 -0.0439
v  -0.0916 0.0295 -0.0437
v  -0.0917 0.0296 -0.0442
v  -0.0918 0.0294 -0.0441
v  -0.0883 0.0295 -0.0498
v  -0.0885 0.0295 -0.0497
v  -0.0881 0.0295 -0.0498
v  -0.0885 0.0294 -0.0499
v  -0.0897 0.0287 -0.0498
v  -0.0895 0.0288 -0.0499
v  -0.0898 0.0288 -0.0497
v  -0.0903 0.0295 -0.0486
v  -0.0905 0.0295 -0.0484
v  -0.0901 0.0295 -0.0488
v  -0.0903 0.0294 -0.0488
v  -0.0991 0.0288 -0.0039
v  -0.0980 0.0296 -0.0032
v  -0.0960 0.0296 -0.0021
v  -0.0949 0.0254 -0.0014
v  -0.0948 0.0289 -0.0014
v  -0.0991 0.0254 -0.0039
v  -0.1008 0.0296 0.0062
v  -0.1028 0.0296 0.0051
v  -0.1039 0.0289 0.0044
v  -0.1039 0.0254 0.0044
v  -0.0996 0.0289 0.0069
v  -0.0997 0.0254 0.0069
v  -0.1042 0.0296 0.0026
v  -0.1042 0.0296 0.0004
v  -0.1042 0.0289 -0.0010
v  -0.1042 0.0289 0.0040
v  -0.1042 0.0254 0.0040
v  -0.1042 0.0254 -0.0010
v  -0.0962 0.0299 -0.0019
v  -0.0981 0.0299 -0.0030
v  -0.1007 0.0299 -0.0030
v  -0.0949 0.0299 0.0026
v  -0.1026 0.0299 -0.0019
v  -0.1039 0.0299 0.0004
v  -0.1039 0.0299 0.0026
v  -0.1007 0.0299 0.0060
v  -0.1026 0.0299 0.0049
v  -0.0981 0.0299 0.0060
v  -0.0962 0.0299 0.0048
v  -0.0949 0.0299 0.0004
v  -0.0946 0.0254 -0.0010
v  -0.0946 0.0289 -0.0010
v  -0.0946 0.0296 0.0004
v  -0.0946 0.0289 0.0040
v  -0.0946 0.0296 0.0026
v  -0.0946 0.0254 0.0040
v  -0.0948 0.0254 0.0044
v  -0.0948 0.0289 0.0044
v  -0.0960 0.0296 0.0051
v  -0.0991 0.0289 0.0069
v  -0.0980 0.0296 0.0062
v  -0.0991 0.0254 0.0069
v  -0.1040 0.0289 -0.0014
v  -0.1028 0.0296 -0.0021
v  -0.1008 0.0296 -0.0032
v  -0.0997 0.0254 -0.0039
v  -0.0997 0.0288 -0.0039
v  -0.1040 0.0254 -0.0014
v  -0.0948 0.0297 -0.0005
v  -0.0948 0.0293 -0.0011
v  -0.0954 0.0297 -0.0015
v  -0.0954 0.0297 0.0045
v  -0.0948 0.0293 0.0041
v  -0.0948 0.0297 0.0035
v  -0.1000 0.0297 0.0065
v  -0.0994 0.0294 0.0068
v  -0.0988 0.0297 0.0065
v  -0.1040 0.0297 0.0035
v  -0.1040 0.0294 0.0041
v  -0.1034 0.0297 0.0045
v  -0.1034 0.0297 -0.0015
v  -0.1040 0.0293 -0.0011
v  -0.1040 0.0297 -0.0005
v  -0.0988 0.0296 -0.0035
v  -0.0994 0.0293 -0.0038
v  -0.1000 0.0296 -0.0035
v  -0.0992 0.0252 -0.0038
v  -0.0994 0.0252 -0.0039
v  -0.0994 0.0251 -0.0037
v  -0.0996 0.0252 -0.0038
v  -0.0947 0.0252 -0.0012
v  -0.0949 0.0252 -0.0013
v  -0.0947 0.0252 -0.0010
v  -0.0949 0.0251 -0.0011
v  -0.0947 0.0254 0.0043
v  -0.0947 0.0252 0.0040
v  -0.0949 0.0252 0.0043
v  -0.0949 0.0251 0.0041
v  -0.0994 0.0254 0.0070
v  -0.0992 0.0252 0.0069
v  -0.0996 0.0252 0.0069
v  -0.0994 0.0251 0.0067
v  -0.1041 0.0254 0.0043
v  -0.1039 0.0252 0.0044
v  -0.1041 0.0252 0.0040
v  -0.1039 0.0251 0.0041
v  -0.1041 0.0252 -0.0012
v  -0.1041 0.0252 -0.0010
v  -0.1039 0.0252 -0.0013
v  -0.1039 0.0251 -0.0011
v  -0.0985 0.0298 -0.0032
v  -0.0980 0.0298 -0.0031
v  -0.0982 0.0298 -0.0033
v  -0.0984 0.0296 -0.0034
v  -0.0994 0.0288 -0.0040
v  -0.0993 0.0291 -0.0039
v  -0.0995 0.0291 -0.0039
v  -0.1003 0.0298 -0.0032
v  -0.1006 0.0298 -0.0033
v  -0.1008 0.0298 -0.0031
v  -0.1004 0.0296 -0.0034
v  -0.0947 0.0298 0.0001
v  -0.0948 0.0298 -0.0001
v  -0.0947 0.0298 0.0004
v  -0.0947 0.0296 -0.0001
v  -0.0947 0.0289 -0.0012
v  -0.0947 0.0291 -0.0011
v  -0.0948 0.0291 -0.0013
v  -0.0958 0.0298 -0.0017
v  -0.0959 0.0298 -0.0019
v  -0.0961 0.0298 -0.0020
v  -0.0957 0.0296 -0.0018
v  -0.0961 0.0298 0.0050
v  -0.0959 0.0298 0.0049
v  -0.0958 0.0298 0.0047
v  -0.0957 0.0297 0.0048
v  -0.0947 0.0289 0.0042
v  -0.0948 0.0291 0.0043
v  -0.0947 0.0291 0.0041
v  -0.0947 0.0298 0.0029
v  -0.0947 0.0298 0.0026
v  -0.0948 0.0298 0.0031
v  -0.0947 0.0297 0.0031
v  -0.1008 0.0298 0.0061
v  -0.1006 0.0298 0.0062
v  -0.1003 0.0299 0.0062
v  -0.1004 0.0297 0.0064
v  -0.0994 0.0291 0.0069
v  -0.0995 0.0292 0.0069
v  -0.0993 0.0292 0.0069
v  -0.0985 0.0299 0.0062
v  -0.0982 0.0298 0.0062
v  -0.0980 0.0298 0.0061
v  -0.0984 0.0297 0.0064
v  -0.1041 0.0298 0.0026
v  -0.1041 0.0298 0.0029
v  -0.1040 0.0298 0.0031
v  -0.1041 0.0297 0.0031
v  -0.1041 0.0289 0.0042
v  -0.1041 0.0291 0.0041
v  -0.1040 0.0291 0.0043
v  -0.1029 0.0298 0.0049
v  -0.1027 0.0298 0.0050
v  -0.1030 0.0299 0.0047
v  -0.1031 0.0297 0.0048
v  -0.1029 0.0298 -0.0019
v  -0.1030 0.0298 -0.0017
v  -0.1027 0.0298 -0.0020
v  -0.1031 0.0296 -0.0018
v  -0.1041 0.0290 -0.0012
v  -0.1040 0.0291 -0.0013
v  -0.1041 0.0291 -0.0011
v  -0.1040 0.0298 -0.0001
v  -0.1041 0.0298 0.0001
v  -0.1041 0.0298 0.0004
v  -0.1041 0.0297 -0.0001
v  -0.0894 0.0291 0.0433
v  -0.0880 0.0298 0.0433
v  -0.0858 0.0298 0.0433
v  -0.0894 0.0256 0.0433
v  -0.0844 0.0291 0.0433
v  -0.0844 0.0256 0.0433
v  -0.0858 0.0299 0.0529
v  -0.0880 0.0299 0.0529
v  -0.0893 0.0292 0.0529
v  -0.0893 0.0257 0.0529
v  -0.0844 0.0292 0.0529
v  -0.0844 0.0257 0.0529
v  -0.0898 0.0292 0.0527
v  -0.0905 0.0299 0.0515
v  -0.0916 0.0299 0.0495
v  -0.0923 0.0257 0.0484
v  -0.0923 0.0291 0.0484
v  -0.0898 0.0257 0.0527
v  -0.0858 0.0301 0.0436
v  -0.0880 0.0301 0.0436
v  -0.0902 0.0301 0.0449
v  -0.0835 0.0301 0.0449
v  -0.0913 0.0301 0.0468
v  -0.0913 0.0302 0.0494
v  -0.0902 0.0302 0.0513
v  -0.0880 0.0302 0.0526
v  -0.0835 0.0302 0.0513
v  -0.0858 0.0302 0.0526
v  -0.0824 0.0302 0.0494
v  -0.0824 0.0301 0.0468
v  -0.0833 0.0298 0.0447
v  -0.0822 0.0298 0.0467
v  -0.0815 0.0291 0.0478
v  -0.0840 0.0291 0.0435
v  -0.0840 0.0256 0.0436
v  -0.0815 0.0257 0.0479
v  -0.0815 0.0291 0.0484
v  -0.0821 0.0299 0.0495
v  -0.0833 0.0299 0.0515
v  -0.0839 0.0292 0.0526
v  -0.0815 0.0257 0.0484
v  -0.0839 0.0257 0.0527
v  -0.0923 0.0257 0.0479
v  -0.0923 0.0291 0.0478
v  -0.0916 0.0298 0.0467
v  -0.0898 0.0291 0.0436
v  -0.0905 0.0298 0.0447
v  -0.0898 0.0256 0.0436
v  -0.0839 0.0299 0.0441
v  -0.0842 0.0296 0.0435
v  -0.0849 0.0299 0.0435
v  -0.0819 0.0299 0.0487
v  -0.0816 0.0296 0.0481
v  -0.0819 0.0299 0.0475
v  -0.0849 0.0300 0.0527
v  -0.0842 0.0296 0.0527
v  -0.0839 0.0300 0.0521
v  -0.0898 0.0300 0.0521
v  -0.0895 0.0296 0.0527
v  -0.0889 0.0300 0.0527
v  -0.0918 0.0299 0.0475
v  -0.0922 0.0296 0.0481
v  -0.0918 0.0299 0.0487
v  -0.0889 0.0299 0.0435
v  -0.0895 0.0296 0.0435
v  -0.0898 0.0299 0.0441
v  -0.0894 0.0254 0.0434
v  -0.0896 0.0255 0.0434
v  -0.0895 0.0253 0.0436
v  -0.0897 0.0254 0.0436
v  -0.0842 0.0255 0.0434
v  -0.0844 0.0254 0.0434
v  -0.0841 0.0254 0.0436
v  -0.0843 0.0253 0.0436
v  -0.0814 0.0257 0.0481
v  -0.0815 0.0254 0.0479
v  -0.0815 0.0254 0.0483
v  -0.0817 0.0254 0.0481
v  -0.0841 0.0257 0.0529
v  -0.0840 0.0255 0.0526
v  -0.0844 0.0255 0.0528
v  -0.0843 0.0254 0.0526
v  -0.0896 0.0257 0.0529
v  -0.0894 0.0255 0.0528
v  -0.0897 0.0255 0.0527
v  -0.0895 0.0254 0.0526
v  -0.0923 0.0255 0.0481
v  -0.0922 0.0255 0.0483
v  -0.0922 0.0255 0.0479
v  -0.0921 0.0254 0.0481
v  -0.0882 0.0300 0.0434
v  -0.0884 0.0301 0.0435
v  -0.0880 0.0300 0.0434
v  -0.0884 0.0299 0.0434
v  -0.0896 0.0291 0.0434
v  -0.0894 0.0294 0.0434
v  -0.0897 0.0294 0.0435
v  -0.0904 0.0300 0.0448
v  -0.0900 0.0301 0.0445
v  -0.0903 0.0300 0.0446
v  -0.0902 0.0299 0.0444
v  -0.0835 0.0300 0.0446
v  -0.0837 0.0301 0.0445
v  -0.0833 0.0300 0.0448
v  -0.0836 0.0299 0.0444
v  -0.0841 0.0291 0.0434
v  -0.0841 0.0294 0.0435
v  -0.0843 0.0294 0.0434
v  -0.0853 0.0301 0.0435
v  -0.0855 0.0300 0.0434
v  -0.0858 0.0300 0.0434
v  -0.0853 0.0299 0.0434
v  -0.0822 0.0301 0.0495
v  -0.0821 0.0300 0.0493
v  -0.0821 0.0301 0.0490
v  -0.0820 0.0299 0.0491
v  -0.0814 0.0291 0.0481
v  -0.0815 0.0294 0.0482
v  -0.0815 0.0294 0.0480
v  -0.0821 0.0301 0.0472
v  -0.0821 0.0300 0.0469
v  -0.0822 0.0300 0.0467
v  -0.0820 0.0299 0.0471
v  -0.0855 0.0301 0.0528
v  -0.0853 0.0301 0.0527
v  -0.0858 0.0301 0.0528
v  -0.0853 0.0299 0.0528
v  -0.0841 0.0293 0.0528
v  -0.0843 0.0294 0.0528
v  -0.0840 0.0294 0.0527
v  -0.0835 0.0301 0.0516
v  -0.0833 0.0301 0.0514
v  -0.0837 0.0301 0.0517
v  -0.0835 0.0299 0.0518
v  -0.0903 0.0301 0.0516
v  -0.0900 0.0301 0.0517
v  -0.0904 0.0301 0.0514
v  -0.0902 0.0299 0.0518
v  -0.0896 0.0292 0.0528
v  -0.0897 0.0294 0.0527
v  -0.0894 0.0294 0.0528
v  -0.0884 0.0301 0.0527
v  -0.0882 0.0301 0.0528
v  -0.0880 0.0301 0.0528
v  -0.0884 0.0299 0.0528
v  -0.0916 0.0300 0.0469
v  -0.0916 0.0301 0.0472
v  -0.0915 0.0301 0.0467
v  -0.0918 0.0299 0.0471
v  -0.0923 0.0293 0.0481
v  -0.0923 0.0294 0.0480
v  -0.0923 0.0294 0.0482
v  -0.0915 0.0301 0.0495
v  -0.0916 0.0301 0.0490
v  -0.0916 0.0301 0.0493
v  -0.0918 0.0299 0.0491
v  -0.0960 0.0297 0.0207
v  -0.0939 0.0297 0.0213
v  -0.0926 0.0290 0.0216
v  -0.0926 0.0255 0.0216
v  -0.0974 0.0290 0.0203
v  -0.0974 0.0255 0.0204
v  -0.0950 0.0290 0.0309
v  -0.0964 0.0298 0.0306
v  -0.0985 0.0298 0.0300
v  -0.0998 0.0290 0.0296
v  -0.0950 0.0256 0.0309
v  -0.0998 0.0256 0.0296
v  -0.1002 0.0290 0.0293
v  -0.1006 0.0297 0.0279
v  -0.1011 0.0297 0.0258
v  -0.1015 0.0290 0.0245
v  -0.1002 0.0256 0.0293
v  -0.1015 0.0255 0.0245
v  -0.0921 0.0300 0.0234
v  -0.0940 0.0300 0.0215
v  -0.0961 0.0300 0.0210
v  -0.0986 0.0300 0.0216
v  -0.1002 0.0300 0.0232
v  -0.1008 0.0300 0.0257
v  -0.1003 0.0300 0.0279
v  -0.0984 0.0301 0.0297
v  -0.0963 0.0301 0.0303
v  -0.0938 0.0300 0.0296
v  -0.0922 0.0300 0.0280
v  -0.0916 0.0300 0.0255
v  -0.0922 0.0290 0.0220
v  -0.0918 0.0297 0.0233
v  -0.0913 0.0297 0.0255
v  -0.0922 0.0255 0.0220
v  -0.0909 0.0290 0.0268
v  -0.0909 0.0255 0.0268
v  -0.0910 0.0290 0.0273
v  -0.0920 0.0297 0.0282
v  -0.0936 0.0298 0.0298
v  -0.0946 0.0290 0.0308
v  -0.0946 0.0256 0.0308
v  -0.0911 0.0255 0.0273
v  -0.1014 0.0290 0.0240
v  -0.1004 0.0297 0.0230
v  -0.0988 0.0297 0.0214
v  -0.1014 0.0255 0.0240
v  -0.0979 0.0290 0.0205
v  -0.0979 0.0255 0.0205
v  -0.0923 0.0298 0.0225
v  -0.0925 0.0294 0.0219
v  -0.0931 0.0298 0.0217
v  -0.0916 0.0298 0.0274
v  -0.0911 0.0295 0.0270
v  -0.0913 0.0298 0.0264
v  -0.0955 0.0298 0.0306
v  -0.0948 0.0295 0.0307
v  -0.0944 0.0298 0.0303
v  -0.1001 0.0298 0.0287
v  -0.0999 0.0295 0.0294
v  -0.0993 0.0298 0.0295
v  -0.1008 0.0298 0.0238
v  -0.1013 0.0295 0.0243
v  -0.1011 0.0298 0.0249
v  -0.0969 0.0298 0.0207
v  -0.0976 0.0294 0.0205
v  -0.0980 0.0298 0.0210
v  -0.0974 0.0253 0.0204
v  -0.0976 0.0253 0.0204
v  -0.0976 0.0252 0.0206
v  -0.0978 0.0253 0.0205
v  -0.0924 0.0253 0.0218
v  -0.0926 0.0253 0.0217
v  -0.0923 0.0253 0.0220
v  -0.0925 0.0252 0.0220
v  -0.0909 0.0255 0.0271
v  -0.0910 0.0253 0.0268
v  -0.0911 0.0253 0.0272
v  -0.0912 0.0252 0.0270
v  -0.0948 0.0256 0.0309
v  -0.0946 0.0254 0.0308
v  -0.0950 0.0254 0.0308
v  -0.0949 0.0253 0.0307
v  -0.1001 0.0256 0.0295
v  -0.0998 0.0254 0.0296
v  -0.1001 0.0254 0.0293
v  -0.0999 0.0253 0.0293
v  -0.1014 0.0254 0.0242
v  -0.1014 0.0253 0.0244
v  -0.1013 0.0253 0.0241
v  -0.1012 0.0252 0.0243
v  -0.0963 0.0299 0.0207
v  -0.0965 0.0299 0.0208
v  -0.0961 0.0299 0.0208
v  -0.0965 0.0298 0.0206
v  -0.0976 0.0290 0.0203
v  -0.0975 0.0292 0.0204
v  -0.0977 0.0292 0.0205
v  -0.0986 0.0299 0.0213
v  -0.0988 0.0299 0.0215
v  -0.0983 0.0299 0.0213
v  -0.0984 0.0298 0.0212
v  -0.0920 0.0299 0.0231
v  -0.0922 0.0299 0.0229
v  -0.0919 0.0299 0.0233
v  -0.0920 0.0298 0.0229
v  -0.0923 0.0290 0.0218
v  -0.0923 0.0292 0.0219
v  -0.0925 0.0292 0.0217
v  -0.0935 0.0299 0.0216
v  -0.0937 0.0299 0.0214
v  -0.0939 0.0299 0.0213
v  -0.0935 0.0298 0.0214
v  -0.0919 0.0299 0.0280
v  -0.0919 0.0300 0.0277
v  -0.0921 0.0300 0.0282
v  -0.0917 0.0298 0.0279
v  -0.0909 0.0290 0.0270
v  -0.0910 0.0293 0.0272
v  -0.0910 0.0293 0.0269
v  -0.0914 0.0300 0.0259
v  -0.0913 0.0299 0.0257
v  -0.0914 0.0299 0.0255
v  -0.0912 0.0298 0.0259
v  -0.0963 0.0300 0.0305
v  -0.0961 0.0300 0.0305
v  -0.0959 0.0300 0.0304
v  -0.0959 0.0298 0.0306
v  -0.0948 0.0292 0.0309
v  -0.0949 0.0293 0.0309
v  -0.0947 0.0293 0.0308
v  -0.0938 0.0299 0.0299
v  -0.0936 0.0300 0.0297
v  -0.0941 0.0300 0.0299
v  -0.0940 0.0298 0.0301
v  -0.1005 0.0300 0.0279
v  -0.1004 0.0299 0.0282
v  -0.1002 0.0300 0.0283
v  -0.1004 0.0298 0.0284
v  -0.1001 0.0290 0.0295
v  -0.1001 0.0293 0.0293
v  -0.0999 0.0293 0.0295
v  -0.0989 0.0300 0.0296
v  -0.0987 0.0299 0.0298
v  -0.0985 0.0300 0.0299
v  -0.0989 0.0298 0.0298
v  -0.1003 0.0299 0.0231
v  -0.1005 0.0299 0.0233
v  -0.1005 0.0300 0.0235
v  -0.1007 0.0298 0.0234
v  -0.1015 0.0292 0.0242
v  -0.1014 0.0293 0.0241
v  -0.1014 0.0293 0.0244
v  -0.1011 0.0299 0.0255
v  -0.1010 0.0299 0.0258
v  -0.1010 0.0300 0.0253
v  -0.1012 0.0298 0.0253
v  -0.0946 0.0287 -0.0278
v  -0.0936 0.0294 -0.0268
v  -0.0921 0.0294 -0.0252
v  -0.0911 0.0287 -0.0243
v  -0.0946 0.0252 -0.0278
v  -0.0911 0.0252 -0.0243
v  -0.0979 0.0288 -0.0175
v  -0.0988 0.0295 -0.0184
v  -0.1004 0.0295 -0.0200
v  -0.0979 0.0253 -0.0175
v  -0.1014 0.0287 -0.0210
v  -0.1014 0.0253 -0.0210
v  -0.1015 0.0287 -0.0215
v  -0.1012 0.0295 -0.0228
v  -0.1006 0.0294 -0.0249
v  -0.1002 0.0252 -0.0262
v  -0.1002 0.0287 -0.0263
v  -0.1015 0.0253 -0.0215
v  -0.0916 0.0297 -0.0225
v  -0.0923 0.0297 -0.0250
v  -0.0938 0.0297 -0.0266
v  -0.0985 0.0297 -0.0267
v  -0.0963 0.0297 -0.0273
v  -0.1003 0.0297 -0.0249
v  -0.1009 0.0298 -0.0227
v  -0.1002 0.0298 -0.0202
v  -0.0961 0.0298 -0.0180
v  -0.0986 0.0298 -0.0187
v  -0.0940 0.0298 -0.0186
v  -0.0922 0.0298 -0.0204
v  -0.0910 0.0287 -0.0238
v  -0.0913 0.0294 -0.0225
v  -0.0919 0.0295 -0.0203
v  -0.0922 0.0253 -0.0190
v  -0.0922 0.0287 -0.0190
v  -0.0910 0.0252 -0.0238
v  -0.0926 0.0253 -0.0186
v  -0.0926 0.0288 -0.0186
v  -0.0939 0.0295 -0.0183
v  -0.0974 0.0288 -0.0173
v  -0.0961 0.0295 -0.0177
v  -0.0974 0.0253 -0.0173
v  -0.0999 0.0252 -0.0266
v  -0.0999 0.0287 -0.0266
v  -0.0986 0.0294 -0.0270
v  -0.0951 0.0287 -0.0279
v  -0.0964 0.0294 -0.0276
v  -0.0951 0.0252 -0.0279
v  -0.0913 0.0295 -0.0234
v  -0.0911 0.0292 -0.0240
v  -0.0916 0.0295 -0.0245
v  -0.0931 0.0296 -0.0187
v  -0.0925 0.0292 -0.0189
v  -0.0923 0.0295 -0.0195
v  -0.0981 0.0296 -0.0180
v  -0.0976 0.0292 -0.0175
v  -0.0970 0.0296 -0.0177
v  -0.1012 0.0295 -0.0219
v  -0.1013 0.0292 -0.0213
v  -0.1009 0.0295 -0.0208
v  -0.0994 0.0295 -0.0265
v  -0.1000 0.0292 -0.0264
v  -0.1001 0.0295 -0.0257
v  -0.0944 0.0295 -0.0273
v  -0.0949 0.0292 -0.0277
v  -0.0955 0.0295 -0.0276
v  -0.0947 0.0250 -0.0277
v  -0.0948 0.0251 -0.0278
v  -0.0949 0.0249 -0.0276
v  -0.0950 0.0250 -0.0278
v  -0.0910 0.0251 -0.0240
v  -0.0911 0.0250 -0.0242
v  -0.0910 0.0250 -0.0238
v  -0.0912 0.0250 -0.0240
v  -0.0924 0.0253 -0.0187
v  -0.0923 0.0251 -0.0190
v  -0.0926 0.0251 -0.0187
v  -0.0926 0.0250 -0.0189
v  -0.0977 0.0253 -0.0173
v  -0.0974 0.0251 -0.0174
v  -0.0978 0.0251 -0.0175
v  -0.0976 0.0250 -0.0176
v  -0.1015 0.0253 -0.0212
v  -0.1014 0.0251 -0.0210
v  -0.1014 0.0251 -0.0214
v  -0.1013 0.0250 -0.0213
v  -0.1001 0.0251 -0.0264
v  -0.1001 0.0250 -0.0262
v  -0.0999 0.0250 -0.0265
v  -0.0999 0.0249 -0.0263
v  -0.0941 0.0297 -0.0270
v  -0.0937 0.0296 -0.0268
v  -0.0939 0.0296 -0.0269
v  -0.0940 0.0295 -0.0271
v  -0.0948 0.0287 -0.0279
v  -0.0947 0.0290 -0.0278
v  -0.0950 0.0290 -0.0279
v  -0.0961 0.0296 -0.0275
v  -0.0964 0.0296 -0.0275
v  -0.0959 0.0297 -0.0274
v  -0.0960 0.0295 -0.0276
v  -0.0913 0.0296 -0.0227
v  -0.0914 0.0297 -0.0230
v  -0.0914 0.0297 -0.0225
v  -0.0913 0.0295 -0.0229
v  -0.0910 0.0287 -0.0240
v  -0.0910 0.0290 -0.0239
v  -0.0911 0.0290 -0.0242
v  -0.0920 0.0296 -0.0250
v  -0.0921 0.0296 -0.0252
v  -0.0919 0.0297 -0.0248
v  -0.0918 0.0295 -0.0249
v  -0.0935 0.0297 -0.0186
v  -0.0939 0.0297 -0.0184
v  -0.0937 0.0297 -0.0184
v  -0.0935 0.0295 -0.0185
v  -0.0924 0.0287 -0.0188
v  -0.0925 0.0290 -0.0187
v  -0.0923 0.0290 -0.0189
v  -0.0921 0.0297 -0.0201
v  -0.0920 0.0297 -0.0203
v  -0.0922 0.0297 -0.0199
v  -0.0921 0.0295 -0.0199
v  -0.0984 0.0297 -0.0183
v  -0.0988 0.0297 -0.0185
v  -0.0986 0.0297 -0.0183
v  -0.0985 0.0295 -0.0182
v  -0.0976 0.0289 -0.0174
v  -0.0978 0.0290 -0.0175
v  -0.0975 0.0290 -0.0174
v  -0.0966 0.0297 -0.0178
v  -0.0963 0.0297 -0.0177
v  -0.0961 0.0297 -0.0178
v  -0.0965 0.0295 -0.0176
v  -0.1011 0.0297 -0.0225
v  -0.1010 0.0297 -0.0223
v  -0.1011 0.0297 -0.0228
v  -0.1012 0.0295 -0.0223
v  -0.1015 0.0287 -0.0212
v  -0.1015 0.0290 -0.0214
v  -0.1014 0.0290 -0.0211
v  -0.1005 0.0297 -0.0203
v  -0.1004 0.0297 -0.0201
v  -0.1006 0.0297 -0.0205
v  -0.1007 0.0295 -0.0204
v  -0.0988 0.0296 -0.0268
v  -0.0989 0.0297 -0.0266
v  -0.0985 0.0296 -0.0269
v  -0.0990 0.0295 -0.0268
v  -0.1001 0.0289 -0.0265
v  -0.1000 0.0290 -0.0265
v  -0.1002 0.0290 -0.0263
v  -0.1002 0.0297 -0.0253
v  -0.1004 0.0296 -0.0252
v  -0.1005 0.0297 -0.0249
v  -0.1004 0.0295 -0.0254
v  0.0776 0.0290 0.0525
v  0.0769 0.0297 0.0513
v  0.0758 0.0297 0.0494
v  0.0751 0.0290 0.0482
v  0.0751 0.0255 0.0482
v  0.0776 0.0255 0.0525
v  0.0835 0.0290 0.0434
v  0.0841 0.0297 0.0446
v  0.0853 0.0297 0.0465
v  0.0859 0.0290 0.0477
v  0.0859 0.0255 0.0477
v  0.0835 0.0255 0.0434
v  0.0859 0.0255 0.0482
v  0.0859 0.0290 0.0482
v  0.0853 0.0297 0.0494
v  0.0842 0.0297 0.0513
v  0.0835 0.0290 0.0525
v  0.0835 0.0255 0.0525
v  0.0761 0.0300 0.0467
v  0.0761 0.0300 0.0493
v  0.0772 0.0300 0.0512
v  0.0794 0.0300 0.0525
v  0.0817 0.0300 0.0525
v  0.0839 0.0300 0.0512
v  0.0850 0.0300 0.0492
v  0.0794 0.0300 0.0434
v  0.0850 0.0300 0.0467
v  0.0839 0.0300 0.0447
v  0.0817 0.0300 0.0434
v  0.0772 0.0300 0.0447
v  0.0751 0.0290 0.0477
v  0.0758 0.0297 0.0465
v  0.0769 0.0297 0.0446
v  0.0751 0.0255 0.0477
v  0.0776 0.0290 0.0434
v  0.0776 0.0255 0.0434
v  0.0781 0.0255 0.0432
v  0.0781 0.0290 0.0432
v  0.0794 0.0297 0.0432
v  0.0830 0.0290 0.0432
v  0.0817 0.0297 0.0432
v  0.0830 0.0255 0.0432
v  0.0830 0.0255 0.0528
v  0.0830 0.0290 0.0528
v  0.0817 0.0297 0.0528
v  0.0781 0.0290 0.0528
v  0.0794 0.0297 0.0528
v  0.0781 0.0255 0.0528
v  0.0756 0.0298 0.0474
v  0.0753 0.0295 0.0480
v  0.0756 0.0298 0.0485
v  0.0785 0.0298 0.0434
v  0.0779 0.0294 0.0434
v  0.0776 0.0298 0.0439
v  0.0835 0.0298 0.0439
v  0.0832 0.0294 0.0434
v  0.0825 0.0298 0.0434
v  0.0855 0.0298 0.0485
v  0.0858 0.0294 0.0480
v  0.0855 0.0298 0.0474
v  0.0825 0.0298 0.0525
v  0.0832 0.0295 0.0525
v  0.0835 0.0298 0.0520
v  0.0776 0.0298 0.0520
v  0.0779 0.0295 0.0525
v  0.0786 0.0298 0.0525
v  0.0777 0.0253 0.0525
v  0.0778 0.0254 0.0527
v  0.0780 0.0253 0.0527
v  0.0779 0.0252 0.0525
v  0.0751 0.0253 0.0480
v  0.0752 0.0253 0.0482
v  0.0752 0.0253 0.0478
v  0.0753 0.0252 0.0480
v  0.0778 0.0255 0.0432
v  0.0777 0.0253 0.0435
v  0.0780 0.0253 0.0433
v  0.0779 0.0252 0.0435
v  0.0833 0.0255 0.0432
v  0.0831 0.0253 0.0433
v  0.0834 0.0253 0.0435
v  0.0831 0.0252 0.0435
v  0.0860 0.0255 0.0480
v  0.0859 0.0253 0.0478
v  0.0859 0.0253 0.0482
v  0.0858 0.0252 0.0480
v  0.0833 0.0254 0.0527
v  0.0834 0.0253 0.0525
v  0.0831 0.0253 0.0527
v  0.0832 0.0252 0.0525
v  0.0772 0.0299 0.0515
v  0.0774 0.0300 0.0516
v  0.0770 0.0299 0.0513
v  0.0772 0.0298 0.0517
v  0.0778 0.0290 0.0527
v  0.0777 0.0293 0.0526
v  0.0780 0.0293 0.0527
v  0.0792 0.0299 0.0527
v  0.0794 0.0299 0.0527
v  0.0790 0.0300 0.0525
v  0.0790 0.0298 0.0527
v  0.0759 0.0299 0.0466
v  0.0758 0.0299 0.0468
v  0.0758 0.0299 0.0470
v  0.0757 0.0298 0.0469
v  0.0751 0.0290 0.0480
v  0.0752 0.0292 0.0478
v  0.0752 0.0292 0.0481
v  0.0759 0.0299 0.0494
v  0.0758 0.0300 0.0489
v  0.0758 0.0299 0.0491
v  0.0757 0.0298 0.0490
v  0.0794 0.0299 0.0432
v  0.0792 0.0299 0.0433
v  0.0790 0.0299 0.0434
v  0.0790 0.0297 0.0432
v  0.0778 0.0290 0.0432
v  0.0780 0.0292 0.0432
v  0.0777 0.0292 0.0434
v  0.0774 0.0299 0.0443
v  0.0772 0.0299 0.0444
v  0.0770 0.0299 0.0446
v  0.0772 0.0297 0.0442
v  0.0839 0.0299 0.0444
v  0.0837 0.0299 0.0443
v  0.0841 0.0299 0.0446
v  0.0839 0.0297 0.0442
v  0.0833 0.0291 0.0432
v  0.0834 0.0292 0.0434
v  0.0831 0.0292 0.0432
v  0.0819 0.0299 0.0433
v  0.0817 0.0299 0.0432
v  0.0821 0.0299 0.0434
v  0.0821 0.0297 0.0432
v  0.0853 0.0299 0.0491
v  0.0853 0.0299 0.0489
v  0.0852 0.0299 0.0494
v  0.0854 0.0298 0.0490
v  0.0860 0.0290 0.0480
v  0.0859 0.0292 0.0481
v  0.0859 0.0292 0.0478
v  0.0853 0.0299 0.0468
v  0.0852 0.0299 0.0466
v  0.0853 0.0299 0.0470
v  0.0854 0.0298 0.0469
v  0.0821 0.0300 0.0525
v  0.0817 0.0299 0.0527
v  0.0819 0.0299 0.0527
v  0.0821 0.0298 0.0527
v  0.0833 0.0292 0.0527
v  0.0831 0.0293 0.0527
v  0.0834 0.0293 0.0526
v  0.0841 0.0299 0.0513
v  0.0837 0.0300 0.0516
v  0.0839 0.0299 0.0515
v  0.0839 0.0298 0.0517
v  0.0927 0.0287 0.0067
v  0.0916 0.0295 0.0061
v  0.0896 0.0295 0.0049
v  0.0884 0.0253 0.0043
v  0.0884 0.0287 0.0043
v  0.0927 0.0253 0.0068
v  0.0932 0.0287 -0.0041
v  0.0944 0.0294 -0.0034
v  0.0964 0.0294 -0.0023
v  0.0932 0.0252 -0.0040
v  0.0975 0.0287 -0.0016
v  0.0975 0.0252 -0.0016
v  0.0978 0.0287 -0.0011
v  0.0978 0.0294 0.0002
v  0.0978 0.0294 0.0025
v  0.0978 0.0287 0.0038
v  0.0978 0.0252 0.0038
v  0.0978 0.0252 -0.0011
v  0.0943 0.0298 0.0058
v  0.0962 0.0297 0.0047
v  0.0975 0.0297 0.0024
v  0.0962 0.0297 -0.0020
v  0.0975 0.0297 0.0002
v  0.0917 0.0298 0.0058
v  0.0917 0.0297 -0.0031
v  0.0943 0.0297 -0.0031
v  0.0898 0.0297 0.0047
v  0.0898 0.0297 -0.0020
v  0.0885 0.0297 0.0025
v  0.0885 0.0297 0.0002
v  0.0882 0.0287 0.0038
v  0.0882 0.0294 0.0025
v  0.0882 0.0294 0.0002
v  0.0882 0.0287 -0.0011
v  0.0882 0.0252 -0.0011
v  0.0882 0.0253 0.0038
v  0.0884 0.0252 -0.0016
v  0.0884 0.0287 -0.0016
v  0.0896 0.0294 -0.0023
v  0.0927 0.0287 -0.0041
v  0.0916 0.0294 -0.0034
v  0.0927 0.0252 -0.0040
v  0.0975 0.0252 0.0043
v  0.0975 0.0287 0.0043
v  0.0964 0.0294 0.0049
v  0.0933 0.0287 0.0067
v  0.0944 0.0295 0.0061
v  0.0933 0.0253 0.0068
v  0.0884 0.0295 0.0033
v  0.0884 0.0292 0.0040
v  0.0890 0.0295 0.0043
v  0.0890 0.0295 -0.0016
v  0.0884 0.0292 -0.0013
v  0.0884 0.0295 -0.0007
v  0.0936 0.0295 -0.0036
v  0.0930 0.0291 -0.0039
v  0.0924 0.0295 -0.0036
v  0.0976 0.0295 -0.0007
v  0.0976 0.0291 -0.0013
v  0.0970 0.0295 -0.0016
v  0.0970 0.0295 0.0043
v  0.0976 0.0292 0.0040
v  0.0976 0.0295 0.0033
v  0.0924 0.0295 0.0063
v  0.0930 0.0292 0.0066
v  0.0936 0.0295 0.0063
v  0.0928 0.0251 0.0067
v  0.0930 0.0251 0.0068
v  0.0930 0.0250 0.0066
v  0.0932 0.0251 0.0067
v  0.0883 0.0251 0.0041
v  0.0885 0.0250 0.0042
v  0.0883 0.0250 0.0039
v  0.0885 0.0250 0.0040
v  0.0883 0.0252 -0.0014
v  0.0883 0.0250 -0.0011
v  0.0885 0.0250 -0.0015
v  0.0885 0.0249 -0.0012
v  0.0930 0.0252 -0.0041
v  0.0928 0.0250 -0.0040
v  0.0932 0.0250 -0.0040
v  0.0930 0.0249 -0.0038
v  0.0977 0.0252 -0.0014
v  0.0975 0.0250 -0.0015
v  0.0977 0.0250 -0.0011
v  0.0975 0.0249 -0.0012
v  0.0977 0.0251 0.0041
v  0.0977 0.0250 0.0039
v  0.0975 0.0250 0.0042
v  0.0975 0.0249 0.0040
v  0.0916 0.0297 0.0060
v  0.0918 0.0297 0.0061
v  0.0921 0.0297 0.0061
v  0.0920 0.0295 0.0062
v  0.0930 0.0287 0.0068
v  0.0929 0.0290 0.0067
v  0.0931 0.0290 0.0067
v  0.0942 0.0296 0.0061
v  0.0944 0.0297 0.0060
v  0.0939 0.0297 0.0061
v  0.0940 0.0295 0.0062
v  0.0883 0.0296 0.0027
v  0.0884 0.0297 0.0029
v  0.0883 0.0296 0.0025
v  0.0883 0.0295 0.0029
v  0.0883 0.0287 0.0041
v  0.0883 0.0290 0.0039
v  0.0884 0.0290 0.0042
v  0.0895 0.0296 0.0047
v  0.0897 0.0297 0.0049
v  0.0894 0.0297 0.0045
v  0.0893 0.0295 0.0047
v  0.0897 0.0296 -0.0022
v  0.0895 0.0296 -0.0020
v  0.0894 0.0296 -0.0018
v  0.0893 0.0295 -0.0020
v  0.0883 0.0287 -0.0014
v  0.0884 0.0289 -0.0015
v  0.0883 0.0289 -0.0012
v  0.0883 0.0296 -0.0000
v  0.0883 0.0296 0.0002
v  0.0884 0.0297 -0.0002
v  0.0883 0.0295 -0.0002
v  0.0944 0.0296 -0.0033
v  0.0942 0.0296 -0.0034
v  0.0939 0.0296 -0.0034
v  0.0940 0.0295 -0.0035
v  0.0930 0.0288 -0.0041
v  0.0931 0.0289 -0.0040
v  0.0928 0.0289 -0.0040
v  0.0921 0.0296 -0.0034
v  0.0918 0.0296 -0.0034
v  0.0916 0.0296 -0.0033
v  0.0920 0.0295 -0.0035
v  0.0977 0.0296 -0.0000
v  0.0976 0.0296 -0.0002
v  0.0977 0.0296 0.0002
v  0.0977 0.0295 -0.0002
v  0.0977 0.0287 -0.0014
v  0.0977 0.0289 -0.0012
v  0.0976 0.0289 -0.0015
v  0.0966 0.0296 -0.0018
v  0.0965 0.0296 -0.0021
v  0.0963 0.0296 -0.0022
v  0.0967 0.0295 -0.0020
v  0.0963 0.0297 0.0049
v  0.0965 0.0296 0.0047
v  0.0966 0.0297 0.0045
v  0.0967 0.0295 0.0047
v  0.0977 0.0289 0.0041
v  0.0976 0.0290 0.0042
v  0.0977 0.0290 0.0039
v  0.0976 0.0297 0.0029
v  0.0977 0.0296 0.0027
v  0.0977 0.0296 0.0024
v  0.0977 0.0295 0.0029
v  0.0816 0.0292 -0.0404
v  0.0794 0.0292 -0.0404
v  0.0780 0.0285 -0.0404
v  0.0830 0.0285 -0.0404
v  0.0830 0.0250 -0.0404
v  0.0780 0.0250 -0.0404
v  0.0780 0.0250 -0.0500
v  0.0780 0.0284 -0.0501
v  0.0794 0.0291 -0.0501
v  0.0816 0.0291 -0.0501
v  0.0829 0.0284 -0.0501
v  0.0829 0.0249 -0.0500
v  0.0834 0.0284 -0.0498
v  0.0841 0.0291 -0.0486
v  0.0852 0.0292 -0.0467
v  0.0834 0.0249 -0.0498
v  0.0859 0.0284 -0.0455
v  0.0859 0.0250 -0.0455
v  0.0794 0.0295 -0.0407
v  0.0816 0.0295 -0.0407
v  0.0838 0.0295 -0.0420
v  0.0849 0.0295 -0.0466
v  0.0849 0.0295 -0.0440
v  0.0838 0.0294 -0.0485
v  0.0816 0.0294 -0.0498
v  0.0771 0.0295 -0.0420
v  0.0760 0.0295 -0.0465
v  0.0794 0.0294 -0.0498
v  0.0771 0.0295 -0.0485
v  0.0760 0.0295 -0.0440
v  0.0776 0.0285 -0.0407
v  0.0769 0.0292 -0.0419
v  0.0758 0.0292 -0.0438
v  0.0751 0.0285 -0.0450
v  0.0751 0.0250 -0.0450
v  0.0775 0.0250 -0.0407
v  0.0751 0.0285 -0.0455
v  0.0757 0.0292 -0.0467
v  0.0769 0.0292 -0.0486
v  0.0751 0.0250 -0.0455
v  0.0775 0.0284 -0.0498
v  0.0775 0.0250 -0.0498
v  0.0859 0.0250 -0.0450
v  0.0859 0.0284 -0.0450
v  0.0852 0.0292 -0.0438
v  0.0841 0.0292 -0.0419
v  0.0834 0.0285 -0.0407
v  0.0834 0.0250 -0.0407
v  0.0775 0.0293 -0.0412
v  0.0778 0.0289 -0.0407
v  0.0785 0.0293 -0.0407
v  0.0755 0.0293 -0.0458
v  0.0752 0.0289 -0.0452
v  0.0755 0.0293 -0.0447
v  0.0785 0.0292 -0.0498
v  0.0778 0.0289 -0.0498
v  0.0775 0.0292 -0.0493
v  0.0834 0.0292 -0.0493
v  0.0831 0.0289 -0.0498
v  0.0825 0.0292 -0.0498
v  0.0854 0.0293 -0.0447
v  0.0858 0.0289 -0.0453
v  0.0854 0.0292 -0.0458
v  0.0825 0.0293 -0.0407
v  0.0831 0.0289 -0.0407
v  0.0834 0.0293 -0.0412
v  0.0830 0.0248 -0.0405
v  0.0832 0.0248 -0.0405
v  0.0831 0.0247 -0.0407
v  0.0833 0.0248 -0.0407
v  0.0778 0.0248 -0.0405
v  0.0780 0.0248 -0.0405
v  0.0776 0.0248 -0.0407
v  0.0779 0.0247 -0.0407
v  0.0750 0.0250 -0.0452
v  0.0751 0.0248 -0.0450
v  0.0751 0.0248 -0.0454
v  0.0753 0.0247 -0.0452
v  0.0777 0.0250 -0.0500
v  0.0776 0.0247 -0.0498
v  0.0780 0.0247 -0.0499
v  0.0779 0.0247 -0.0497
v  0.0832 0.0249 -0.0500
v  0.0830 0.0247 -0.0499
v  0.0833 0.0247 -0.0498
v  0.0831 0.0247 -0.0497
v  0.0859 0.0248 -0.0452
v  0.0858 0.0248 -0.0454
v  0.0858 0.0248 -0.0451
v  0.0857 0.0247 -0.0452
v  0.0818 0.0294 -0.0406
v  0.0820 0.0294 -0.0407
v  0.0816 0.0294 -0.0405
v  0.0820 0.0293 -0.0405
v  0.0832 0.0285 -0.0405
v  0.0830 0.0287 -0.0405
v  0.0833 0.0287 -0.0407
v  0.0839 0.0294 -0.0417
v  0.0840 0.0294 -0.0419
v  0.0836 0.0294 -0.0416
v  0.0838 0.0293 -0.0415
v  0.0773 0.0294 -0.0416
v  0.0769 0.0294 -0.0419
v  0.0771 0.0294 -0.0417
v  0.0772 0.0293 -0.0415
v  0.0777 0.0285 -0.0405
v  0.0777 0.0287 -0.0407
v  0.0779 0.0287 -0.0405
v  0.0794 0.0294 -0.0405
v  0.0789 0.0294 -0.0407
v  0.0791 0.0294 -0.0406
v  0.0789 0.0293 -0.0405
v  0.0757 0.0294 -0.0464
v  0.0757 0.0294 -0.0462
v  0.0758 0.0294 -0.0466
v  0.0756 0.0292 -0.0463
v  0.0750 0.0285 -0.0452
v  0.0751 0.0287 -0.0454
v  0.0751 0.0287 -0.0451
v  0.0757 0.0294 -0.0443
v  0.0757 0.0294 -0.0441
v  0.0758 0.0294 -0.0439
v  0.0756 0.0292 -0.0442
v  0.0791 0.0293 -0.0500
v  0.0789 0.0294 -0.0498
v  0.0794 0.0294 -0.0500
v  0.0789 0.0292 -0.0500
v  0.0777 0.0286 -0.0500
v  0.0779 0.0287 -0.0500
v  0.0776 0.0287 -0.0498
v  0.0771 0.0293 -0.0488
v  0.0769 0.0294 -0.0486
v  0.0773 0.0294 -0.0489
v  0.0771 0.0292 -0.0490
v  0.0839 0.0293 -0.0488
v  0.0836 0.0294 -0.0489
v  0.0840 0.0294 -0.0486
v  0.0838 0.0292 -0.0490
v  0.0832 0.0284 -0.0500
v  0.0833 0.0287 -0.0499
v  0.0830 0.0287 -0.0500
v  0.0818 0.0293 -0.0500
v  0.0816 0.0294 -0.0500
v  0.0820 0.0294 -0.0498
v  0.0820 0.0292 -0.0500
v  0.0852 0.0294 -0.0441
v  0.0852 0.0294 -0.0443
v  0.0851 0.0294 -0.0439
v  0.0854 0.0292 -0.0442
v  0.0859 0.0286 -0.0453
v  0.0859 0.0287 -0.0451
v  0.0859 0.0287 -0.0454
v  0.0852 0.0294 -0.0464
v  0.0851 0.0294 -0.0467
v  0.0852 0.0294 -0.0462
v  0.0854 0.0292 -0.0463
v  0.0910 0.0286 -0.0175
v  0.0896 0.0293 -0.0178
v  0.0875 0.0293 -0.0184
v  0.0862 0.0286 -0.0188
v  0.0862 0.0251 -0.0188
v  0.0910 0.0251 -0.0175
v  0.0886 0.0251 -0.0280
v  0.0886 0.0285 -0.0281
v  0.0900 0.0293 -0.0277
v  0.0921 0.0293 -0.0271
v  0.0934 0.0285 -0.0268
v  0.0934 0.0251 -0.0268
v  0.0938 0.0251 -0.0264
v  0.0938 0.0285 -0.0264
v  0.0942 0.0293 -0.0251
v  0.0951 0.0251 -0.0216
v  0.0947 0.0293 -0.0230
v  0.0951 0.0286 -0.0216
v  0.0857 0.0296 -0.0205
v  0.0876 0.0296 -0.0187
v  0.0897 0.0296 -0.0181
v  0.0938 0.0296 -0.0204
v  0.0922 0.0296 -0.0188
v  0.0944 0.0296 -0.0229
v  0.0939 0.0296 -0.0250
v  0.0920 0.0296 -0.0269
v  0.0899 0.0296 -0.0274
v  0.0874 0.0296 -0.0268
v  0.0858 0.0296 -0.0252
v  0.0852 0.0296 -0.0227
v  0.0854 0.0293 -0.0205
v  0.0849 0.0293 -0.0226
v  0.0845 0.0286 -0.0239
v  0.0858 0.0286 -0.0191
v  0.0858 0.0251 -0.0191
v  0.0845 0.0251 -0.0239
v  0.0846 0.0251 -0.0244
v  0.0846 0.0286 -0.0244
v  0.0856 0.0293 -0.0254
v  0.0872 0.0293 -0.0270
v  0.0882 0.0285 -0.0279
v  0.0881 0.0251 -0.0279
v  0.0950 0.0286 -0.0211
v  0.0940 0.0293 -0.0202
v  0.0924 0.0293 -0.0186
v  0.0915 0.0286 -0.0176
v  0.0914 0.0251 -0.0176
v  0.0950 0.0251 -0.0211
v  0.0859 0.0294 -0.0197
v  0.0861 0.0291 -0.0190
v  0.0867 0.0294 -0.0189
v  0.0852 0.0294 -0.0246
v  0.0847 0.0290 -0.0241
v  0.0849 0.0294 -0.0235
v  0.0891 0.0293 -0.0277
v  0.0884 0.0290 -0.0279
v  0.0880 0.0293 -0.0274
v  0.0937 0.0294 -0.0259
v  0.0935 0.0290 -0.0265
v  0.0929 0.0293 -0.0267
v  0.0944 0.0294 -0.0210
v  0.0949 0.0290 -0.0214
v  0.0947 0.0294 -0.0220
v  0.0905 0.0294 -0.0178
v  0.0912 0.0291 -0.0177
v  0.0916 0.0294 -0.0181
v  0.0910 0.0249 -0.0176
v  0.0912 0.0250 -0.0175
v  0.0911 0.0248 -0.0177
v  0.0914 0.0249 -0.0176
v  0.0860 0.0250 -0.0189
v  0.0862 0.0249 -0.0189
v  0.0859 0.0249 -0.0191
v  0.0861 0.0248 -0.0191
v  0.0845 0.0251 -0.0242
v  0.0846 0.0249 -0.0240
v  0.0847 0.0249 -0.0243
v  0.0848 0.0248 -0.0241
v  0.0884 0.0251 -0.0280
v  0.0882 0.0249 -0.0279
v  0.0886 0.0249 -0.0280
v  0.0884 0.0248 -0.0278
v  0.0937 0.0251 -0.0266
v  0.0934 0.0249 -0.0267
v  0.0937 0.0249 -0.0264
v  0.0935 0.0248 -0.0264
v  0.0950 0.0249 -0.0214
v  0.0950 0.0249 -0.0216
v  0.0949 0.0249 -0.0212
v  0.0948 0.0248 -0.0214
v  0.0897 0.0295 -0.0179
v  0.0899 0.0295 -0.0179
v  0.0901 0.0296 -0.0180
v  0.0901 0.0294 -0.0178
v  0.0912 0.0286 -0.0175
v  0.0911 0.0289 -0.0175
v  0.0913 0.0288 -0.0176
v  0.0924 0.0295 -0.0187
v  0.0919 0.0296 -0.0185
v  0.0922 0.0295 -0.0185
v  0.0920 0.0294 -0.0183
v  0.0858 0.0295 -0.0201
v  0.0855 0.0295 -0.0205
v  0.0856 0.0295 -0.0203
v  0.0856 0.0294 -0.0200
v  0.0859 0.0286 -0.0189
v  0.0859 0.0288 -0.0191
v  0.0861 0.0288 -0.0189
v  0.0871 0.0296 -0.0188
v  0.0873 0.0295 -0.0186
v  0.0875 0.0295 -0.0185
v  0.0871 0.0294 -0.0186
v  0.0855 0.0295 -0.0249
v  0.0857 0.0295 -0.0253
v  0.0855 0.0295 -0.0251
v  0.0853 0.0293 -0.0250
v  0.0845 0.0286 -0.0242
v  0.0846 0.0288 -0.0243
v  0.0846 0.0288 -0.0240
v  0.0849 0.0295 -0.0229
v  0.0850 0.0295 -0.0226
v  0.0850 0.0295 -0.0231
v  0.0848 0.0294 -0.0231
v  0.0895 0.0295 -0.0276
v  0.0899 0.0295 -0.0276
v  0.0897 0.0295 -0.0277
v  0.0895 0.0293 -0.0278
v  0.0884 0.0287 -0.0280
v  0.0885 0.0288 -0.0280
v  0.0883 0.0288 -0.0279
v  0.0877 0.0295 -0.0271
v  0.0874 0.0295 -0.0271
v  0.0872 0.0295 -0.0269
v  0.0876 0.0293 -0.0272
v  0.0940 0.0295 -0.0253
v  0.0938 0.0295 -0.0255
v  0.0941 0.0295 -0.0251
v  0.0940 0.0293 -0.0255
v  0.0937 0.0285 -0.0266
v  0.0937 0.0288 -0.0265
v  0.0935 0.0288 -0.0267
v  0.0925 0.0295 -0.0268
v  0.0923 0.0295 -0.0270
v  0.0921 0.0295 -0.0271
v  0.0925 0.0293 -0.0270
v  0.0941 0.0295 -0.0204
v  0.0941 0.0295 -0.0207
v  0.0939 0.0295 -0.0202
v  0.0943 0.0294 -0.0205
v  0.0951 0.0287 -0.0214
v  0.0950 0.0288 -0.0213
v  0.0950 0.0288 -0.0215
v  0.0947 0.0295 -0.0227
v  0.0946 0.0295 -0.0229
v  0.0946 0.0295 -0.0225
v  0.0948 0.0294 -0.0225
v  0.0882 0.0254 0.0306
v  0.0882 0.0289 0.0306
v  0.0872 0.0296 0.0297
v  0.0857 0.0296 0.0281
v  0.0847 0.0289 0.0271
v  0.0847 0.0254 0.0271
v  0.0915 0.0253 0.0203
v  0.0915 0.0288 0.0203
v  0.0924 0.0295 0.0213
v  0.0950 0.0288 0.0238
v  0.0940 0.0296 0.0229
v  0.0950 0.0254 0.0238
v  0.0942 0.0296 0.0278
v  0.0938 0.0289 0.0291
v  0.0938 0.0254 0.0291
v  0.0948 0.0296 0.0256
v  0.0951 0.0288 0.0243
v  0.0951 0.0254 0.0243
v  0.0874 0.0299 0.0294
v  0.0899 0.0299 0.0301
v  0.0921 0.0299 0.0295
v  0.0945 0.0299 0.0256
v  0.0939 0.0299 0.0277
v  0.0859 0.0299 0.0279
v  0.0938 0.0299 0.0231
v  0.0922 0.0298 0.0215
v  0.0897 0.0298 0.0208
v  0.0876 0.0298 0.0214
v  0.0858 0.0299 0.0232
v  0.0852 0.0299 0.0254
v  0.0846 0.0254 0.0266
v  0.0846 0.0289 0.0266
v  0.0849 0.0296 0.0253
v  0.0858 0.0288 0.0218
v  0.0855 0.0296 0.0232
v  0.0858 0.0254 0.0219
v  0.0862 0.0288 0.0215
v  0.0875 0.0295 0.0211
v  0.0897 0.0295 0.0205
v  0.0862 0.0254 0.0215
v  0.0910 0.0288 0.0202
v  0.0910 0.0253 0.0202
v  0.0935 0.0254 0.0295
v  0.0935 0.0289 0.0295
v  0.0922 0.0296 0.0298
v  0.0900 0.0296 0.0304
v  0.0887 0.0289 0.0308
v  0.0887 0.0254 0.0308
v  0.0849 0.0297 0.0262
v  0.0847 0.0293 0.0268
v  0.0852 0.0297 0.0273
v  0.0867 0.0296 0.0216
v  0.0861 0.0293 0.0217
v  0.0859 0.0296 0.0224
v  0.0917 0.0296 0.0208
v  0.0912 0.0293 0.0204
v  0.0906 0.0296 0.0205
v  0.0948 0.0296 0.0247
v  0.0949 0.0293 0.0241
v  0.0945 0.0296 0.0236
v  0.0930 0.0297 0.0294
v  0.0936 0.0293 0.0292
v  0.0937 0.0297 0.0286
v  0.0880 0.0297 0.0301
v  0.0885 0.0293 0.0306
v  0.0891 0.0297 0.0304
v  0.0883 0.0252 0.0306
v  0.0884 0.0252 0.0307
v  0.0886 0.0252 0.0307
v  0.0885 0.0251 0.0305
v  0.0846 0.0252 0.0269
v  0.0847 0.0252 0.0271
v  0.0846 0.0252 0.0267
v  0.0848 0.0251 0.0268
v  0.0860 0.0254 0.0216
v  0.0859 0.0251 0.0219
v  0.0862 0.0251 0.0216
v  0.0862 0.0251 0.0218
v  0.0912 0.0253 0.0202
v  0.0910 0.0251 0.0203
v  0.0914 0.0251 0.0204
v  0.0912 0.0250 0.0205
v  0.0951 0.0254 0.0241
v  0.0949 0.0252 0.0239
v  0.0950 0.0252 0.0243
v  0.0949 0.0251 0.0241
v  0.0937 0.0252 0.0293
v  0.0937 0.0252 0.0291
v  0.0935 0.0252 0.0294
v  0.0935 0.0251 0.0292
v  0.0873 0.0298 0.0296
v  0.0875 0.0298 0.0298
v  0.0877 0.0298 0.0298
v  0.0876 0.0297 0.0299
v  0.0884 0.0289 0.0308
v  0.0883 0.0291 0.0306
v  0.0886 0.0291 0.0307
v  0.0897 0.0298 0.0304
v  0.0900 0.0298 0.0303
v  0.0895 0.0298 0.0303
v  0.0896 0.0297 0.0305
v  0.0850 0.0298 0.0256
v  0.0850 0.0298 0.0258
v  0.0850 0.0298 0.0253
v  0.0849 0.0296 0.0258
v  0.0846 0.0289 0.0269
v  0.0846 0.0291 0.0267
v  0.0847 0.0291 0.0270
v  0.0855 0.0298 0.0276
v  0.0856 0.0298 0.0278
v  0.0857 0.0298 0.0280
v  0.0854 0.0296 0.0277
v  0.0873 0.0297 0.0213
v  0.0871 0.0298 0.0215
v  0.0875 0.0298 0.0212
v  0.0871 0.0296 0.0213
v  0.0860 0.0288 0.0216
v  0.0861 0.0291 0.0216
v  0.0859 0.0291 0.0218
v  0.0857 0.0298 0.0229
v  0.0856 0.0298 0.0232
v  0.0858 0.0298 0.0228
v  0.0857 0.0296 0.0227
v  0.0924 0.0298 0.0213
v  0.0922 0.0297 0.0212
v  0.0920 0.0298 0.0211
v  0.0921 0.0296 0.0210
v  0.0912 0.0290 0.0202
v  0.0914 0.0291 0.0203
v  0.0911 0.0291 0.0202
v  0.0902 0.0298 0.0207
v  0.0899 0.0297 0.0206
v  0.0897 0.0298 0.0206
v  0.0901 0.0296 0.0205
v  0.0947 0.0298 0.0256
v  0.0947 0.0298 0.0254
v  0.0947 0.0298 0.0251
v  0.0948 0.0296 0.0252
v  0.0951 0.0288 0.0241
v  0.0951 0.0291 0.0242
v  0.0950 0.0291 0.0239
v  0.0941 0.0297 0.0231
v  0.0940 0.0298 0.0229
v  0.0942 0.0298 0.0233
v  0.0943 0.0296 0.0232
v  0.0924 0.0298 0.0297
v  0.0925 0.0298 0.0295
v  0.0921 0.0298 0.0297
v  0.0926 0.0297 0.0296
v  0.0937 0.0290 0.0293
v  0.0936 0.0291 0.0294
v  0.0938 0.0291 0.0292
v  0.0940 0.0298 0.0280
v  0.0941 0.0298 0.0278
v  0.0938 0.0298 0.0282
v  0.0940 0.0296 0.0282
# 6834 vertices

vn 0.7987 0.5863 -0.1356
vn 0.9472 0.2788 -0.1585
vn 0.9300 0.2779 -0.2406
vn 0.7841 0.5859 -0.2048
vn 0.7635 0.5855 -0.2725
vn 0.9057 0.2772 -0.3207
vn 0.3304 0.9359 -0.1221
vn 0.3393 0.9361 -0.0927
vn 0.3456 0.9363 -0.0626
vn 0.5264 0.5831 -0.6188
vn 0.6247 0.2749 -0.7308
vn 0.5587 0.2749 -0.7825
vn 0.4707 0.5828 -0.6624
vn 0.4115 0.5824 -0.7010
vn 0.4884 0.2746 -0.8283
vn 0.1774 0.9346 -0.3083
vn 0.2031 0.9347 -0.2915
vn 0.2273 0.9349 -0.2726
vn -0.5599 0.2809 0.7795
vn -0.4732 0.5879 0.6561
vn -0.5289 0.5875 0.6124
vn -0.6259 0.2801 0.7278
vn -0.4140 0.5882 0.6947
vn -0.4896 0.2814 0.8253
vn -0.2071 0.9370 0.2814
vn -0.1814 0.9371 0.2982
vn -0.2313 0.9368 0.2625
vn 0.5424 0.2825 0.7912
vn 0.4568 0.5899 0.6658
vn 0.3968 0.5900 0.7032
vn 0.4711 0.2829 0.8355
vn 0.5134 0.5898 0.6234
vn 0.6093 0.2821 0.7410
vn 0.1971 0.9378 0.2857
vn 0.2217 0.9378 0.2672
vn 0.1710 0.9379 0.3019
vn -0.1337 0.5807 -0.8031
vn -0.1576 0.2722 -0.9492
vn -0.2397 0.2717 -0.9321
vn -0.2029 0.5807 -0.7885
vn -0.3197 0.2714 -0.9078
vn -0.2705 0.5806 -0.7679
vn -0.1190 0.9338 -0.3374
vn -0.0896 0.9338 -0.3463
vn -0.0595 0.9339 -0.3527
vn 0.1312 0.5899 0.7967
vn 0.1564 0.2831 0.9462
vn 0.2385 0.2827 0.9291
vn 0.2004 0.5900 0.7821
vn 0.3186 0.2826 0.9048
vn 0.2681 0.5900 0.7616
vn 0.0856 0.9379 0.3362
vn 0.1150 0.9379 0.3273
vn 0.0556 0.9379 0.3426
vn 0.7577 0.5885 0.2821
vn 0.8986 0.2815 0.3365
vn 0.9247 0.2810 0.2568
vn 0.7797 0.5882 0.2149
vn 0.7957 0.5878 0.1460
vn 0.9437 0.2807 0.1753
vn 0.3443 0.9369 0.0598
vn 0.3374 0.9371 0.0897
vn 0.3278 0.9372 0.1189
vn -0.7816 0.2732 -0.5608
vn -0.6605 0.5814 -0.4751
vn -0.6168 0.5812 -0.5308
vn -0.7299 0.2726 -0.6268
vn -0.6991 0.5816 -0.4159
vn -0.8274 0.2736 -0.4905
vn -0.3053 0.9342 -0.1844
vn -0.2885 0.9341 -0.2102
vn -0.2695 0.9340 -0.2344
vn 0.6966 0.5890 0.4096
vn 0.8262 0.2824 0.4875
vn 0.8657 0.2820 0.4135
vn 0.7299 0.5888 0.3472
vn 0.3158 0.9374 0.1472
vn 0.3013 0.9375 0.1743
vn -0.7660 0.5851 0.2661
vn -0.9069 0.2768 0.3177
vn -0.8756 0.2775 0.3953
vn -0.7396 0.5856 0.3318
vn -0.7076 0.5860 0.3949
vn -0.8376 0.2782 0.4701
vn -0.3090 0.9361 0.1679
vn -0.3229 0.9360 0.1405
vn -0.3343 0.9358 0.1120
vn 0.9554 0.2805 0.0923
vn 0.8057 0.5875 0.0760
vn 0.8095 0.5871 0.0053
vn 0.9599 0.2801 0.0086
vn 0.3503 0.9366 -0.0014
vn 0.3487 0.9368 0.0293
vn -0.8012 0.5843 0.1293
vn -0.9483 0.2765 0.1555
vn -0.9312 0.2765 0.2376
vn -0.7866 0.5847 0.1985
vn -0.3433 0.9356 0.0826
vn -0.3496 0.9354 0.0525
vn 0.9572 0.2796 -0.0753
vn 0.8072 0.5867 -0.0654
vn 0.3493 0.9365 -0.0321
vn -0.4593 0.5807 -0.6721
vn -0.3993 0.5807 -0.7095
vn -0.4722 0.2718 -0.8385
vn -0.5435 0.2717 -0.7942
vn -0.5159 0.5808 -0.6297
vn -0.6105 0.2715 -0.7440
vn -0.2256 0.9339 -0.2773
vn -0.2010 0.9339 -0.2958
vn -0.1750 0.9338 -0.3120
vn 0.6716 0.2822 0.6851
vn 0.5660 0.5897 0.5761
vn 0.6144 0.5895 0.5245
vn 0.7287 0.2825 0.6238
vn 0.2445 0.9377 0.2467
vn 0.2655 0.9377 0.2242
vn -0.7602 0.5822 -0.2884
vn -0.8998 0.2740 -0.3395
vn -0.9259 0.2743 -0.2598
vn -0.7822 0.5825 -0.2212
vn -0.9448 0.2748 -0.1783
vn -0.7982 0.5828 -0.1523
vn -0.3483 0.9348 -0.0699
vn -0.3414 0.9346 -0.0998
vn -0.3318 0.9345 -0.1290
vn -0.0634 0.5808 -0.8115
vn 0.0073 0.5810 -0.8139
vn 0.0095 0.2729 -0.9620
vn -0.0743 0.2726 -0.9592
vn -0.0290 0.9339 -0.3564
vn 0.0017 0.9340 -0.3574
vn 0.0609 0.5898 0.8052
vn -0.0097 0.5897 0.8076
vn -0.0107 0.2832 0.9590
vn 0.0732 0.2833 0.9562
vn 0.0250 0.9378 0.3462
vn -0.0057 0.9377 0.3473
vn -0.8669 0.2738 -0.4165
vn -0.7324 0.5819 -0.3535
vn -0.3197 0.9344 -0.1573
vn 0.7051 0.5847 -0.4012
vn 0.8364 0.2766 -0.4731
vn 0.7921 0.2759 -0.5444
vn 0.6678 0.5843 -0.4612
vn 0.7419 0.2752 -0.6114
vn 0.6253 0.5839 -0.5178
vn 0.2703 0.9352 -0.2287
vn 0.2887 0.9354 -0.2041
vn 0.3050 0.9356 -0.1780
vn -0.7933 0.2784 0.5415
vn -0.6702 0.5864 0.4549
vn -0.7431 0.2786 0.6084
vn -0.6278 0.5868 0.5115
vn -0.2927 0.9363 0.1940
vn -0.2743 0.9365 0.2186
vn -0.9566 0.2754 -0.0953
vn -0.8082 0.5832 -0.0823
vn -0.8120 0.5836 -0.0117
vn -0.9611 0.2759 -0.0116
vn -0.3543 0.9351 -0.0087
vn -0.3527 0.9349 -0.0394
vn 0.6860 0.2749 -0.6736
vn 0.5780 0.5835 -0.5704
vn 0.2498 0.9351 -0.2516
vn -0.6872 0.2792 0.6707
vn -0.5805 0.5872 0.5641
vn -0.2537 0.9367 0.2415
vn -0.9583 0.2763 0.0723
vn -0.8096 0.5839 0.0590
vn -0.3533 0.9353 0.0220
vn -0.3974 0.2716 -0.8765
vn -0.3362 0.5806 -0.7415
vn -0.1475 0.9338 -0.3259
vn 0.3962 0.2828 0.8735
vn 0.3337 0.5900 0.7352
vn 0.1436 0.9379 0.3158
vn -0.6727 0.2719 -0.6881
vn -0.5685 0.5810 -0.5824
vn -0.2485 0.9340 -0.2568
vn 0.2840 0.5818 -0.7621
vn 0.3374 0.2736 -0.9007
vn 0.2578 0.2732 -0.9268
vn 0.2168 0.5816 -0.7841
vn 0.1479 0.5813 -0.8001
vn 0.1762 0.2730 -0.9457
vn 0.0628 0.9341 -0.3514
vn 0.0928 0.9342 -0.3444
vn 0.1220 0.9343 -0.3349
vn -0.2865 0.5888 0.7558
vn -0.3386 0.2819 0.8977
vn -0.2589 0.2821 0.9238
vn -0.2193 0.5891 0.7778
vn -0.1504 0.5893 0.7938
vn -0.1774 0.2825 0.9427
vn -0.0967 0.9375 0.3343
vn -0.0668 0.9376 0.3413
vn -0.1260 0.9374 0.3248
vn 0.7804 0.2826 0.5578
vn 0.6580 0.5893 0.4688
vn 0.2845 0.9376 0.2001
vn 0.0932 0.2729 -0.9575
vn 0.0779 0.5811 -0.8101
vn 0.0324 0.9340 -0.3557
vn -0.0944 0.2829 0.9545
vn -0.0804 0.5895 0.8037
vn -0.0364 0.9377 0.3456
vn 0.8745 0.2769 -0.3983
vn 0.7371 0.5851 -0.3381
vn 0.3189 0.9358 -0.1506
vn 0.4144 0.2741 -0.8678
vn 0.3491 0.5821 -0.7343
vn 0.1503 0.9345 -0.3228
vn -0.4156 0.2817 0.8648
vn -0.3516 0.5885 0.7280
vn -0.1542 0.9372 0.3127
vn -0.0179 0.9998 -0.0028
vn -0.0177 0.9998 -0.0014
vn -0.1119 0.9935 0.0228
vn -0.1139 0.9934 0.0131
vn -0.0173 0.9999 -0.0001
vn -0.1090 0.9935 0.0323
vn -0.5048 0.8542 0.1245
vn -0.4916 0.8545 0.1679
vn -0.5141 0.8539 0.0802
vn 0.0139 0.9999 -0.0066
vn 0.1109 0.9937 -0.0141
vn 0.1112 0.9938 -0.0042
vn 0.0139 0.9999 -0.0052
vn 0.1097 0.9937 -0.0239
vn 0.0137 0.9999 -0.0080
vn 0.5105 0.8552 -0.0894
vn 0.5160 0.8555 -0.0445
vn 0.5175 0.8557 0.0008
vn -0.0112 0.9998 -0.0186
vn -0.0661 0.9929 -0.0989
vn -0.0577 0.9929 -0.1041
vn -0.0100 0.9998 -0.0194
vn -0.0123 0.9998 -0.0178
vn -0.0740 0.9929 -0.0929
vn -0.3314 0.8517 -0.4059
vn -0.2952 0.8516 -0.4331
vn -0.2567 0.8516 -0.4570
vn 0.0698 0.9942 0.0822
vn 0.0081 0.9999 0.0070
vn 0.0091 0.9999 0.0061
vn 0.0772 0.9941 0.0756
vn 0.0839 0.9941 0.0684
vn 0.0101 0.9999 0.0050
vn 0.3925 0.8572 0.3333
vn 0.3615 0.8573 0.3664
vn 0.3278 0.8574 0.3967
vn -0.1113 0.9931 -0.0358
vn -0.1082 0.9931 -0.0452
vn -0.0171 0.9998 -0.0110
vn -0.0176 0.9998 -0.0097
vn -0.1135 0.9932 -0.0262
vn -0.0179 0.9998 -0.0083
vn -0.5123 0.8530 -0.1001
vn -0.5020 0.8528 -0.1443
vn -0.4879 0.8526 -0.1873
vn -0.0009 0.9929 -0.1187
vn -0.0020 0.9998 -0.0214
vn -0.0034 0.9998 -0.0214
vn -0.0108 0.9929 -0.1183
vn -0.0206 0.9929 -0.1172
vn -0.0047 0.9998 -0.0212
vn -0.0866 0.8516 -0.5169
vn -0.0417 0.8517 -0.5224
vn 0.0036 0.8518 -0.5239
vn -0.0033 0.9942 0.1079
vn -0.0023 0.9999 0.0106
vn -0.0009 0.9999 0.0106
vn 0.0066 0.9942 0.1076
vn 0.0164 0.9942 0.1064
vn 0.0005 0.9999 0.0104
vn 0.0380 0.8575 0.5132
vn 0.0830 0.8575 0.5077
vn -0.0073 0.8574 0.5146
vn -0.1043 0.9931 -0.0543
vn -0.0996 0.9930 -0.0630
vn -0.0159 0.9998 -0.0136
vn -0.0166 0.9998 -0.0123
vn -0.4701 0.8524 -0.2290
vn -0.4488 0.8522 -0.2690
vn 0.0914 0.9934 -0.0694
vn 0.0966 0.9935 -0.0610
vn 0.0118 0.9998 -0.0133
vn 0.0111 0.9998 -0.0145
vn 0.0854 0.9933 -0.0773
vn 0.0103 0.9998 -0.0156
vn 0.3995 0.8536 -0.3342
vn 0.4267 0.8539 -0.2980
vn 0.4506 0.8542 -0.2595
vn -0.1008 0.9936 0.0503
vn -0.0161 0.9999 0.0025
vn -0.0154 0.9999 0.0037
vn -0.0956 0.9937 0.0587
vn -0.0897 0.9937 0.0666
vn -0.0145 0.9999 0.0048
vn -0.4031 0.8555 0.3250
vn -0.4303 0.8552 0.2888
vn -0.4542 0.8550 0.2503
vn -0.0181 0.9998 -0.0070
vn -0.1149 0.9932 -0.0164
vn -0.1154 0.9933 -0.0066
vn -0.0182 0.9998 -0.0056
vn -0.5211 0.8534 -0.0101
vn -0.5186 0.8532 -0.0553
vn 0.0093 0.9998 -0.0166
vn 0.0788 0.9933 -0.0846
vn 0.0716 0.9932 -0.0914
vn 0.0083 0.9998 -0.0176
vn 0.3361 0.8532 -0.3989
vn 0.3692 0.8534 -0.3680
vn -0.0136 0.9999 0.0058
vn -0.0831 0.9938 0.0739
vn -0.0759 0.9939 0.0807
vn -0.0126 0.9999 0.0068
vn -0.3398 0.8560 0.3897
vn -0.3729 0.8557 0.3587
vn -0.0181 0.9998 -0.0042
vn -0.1151 0.9933 0.0033
vn -0.5196 0.8537 0.0352
vn -0.0489 0.9929 -0.1086
vn -0.0397 0.9929 -0.1122
vn -0.0075 0.9998 -0.0205
vn -0.0088 0.9998 -0.0200
vn -0.2163 0.8516 -0.4775
vn -0.1743 0.8516 -0.4944
vn 0.0355 0.9942 0.1015
vn 0.0032 0.9999 0.0097
vn 0.0045 0.9999 0.0092
vn 0.0447 0.9942 0.0978
vn 0.0535 0.9942 0.0934
vn 0.0057 0.9999 0.0086
vn 0.2531 0.8576 0.4478
vn 0.2127 0.8576 0.4683
vn 0.1707 0.8576 0.4852
vn -0.0814 0.9929 -0.0863
vn -0.0133 0.9998 -0.0169
vn -0.0881 0.9930 -0.0791
vn -0.0143 0.9998 -0.0158
vn -0.3961 0.8519 -0.3426
vn -0.3652 0.8518 -0.3756
vn 0.0378 0.9931 -0.1114
vn 0.0035 0.9998 -0.0204
vn 0.0022 0.9998 -0.0208
vn 0.0284 0.9930 -0.1145
vn 0.0008 0.9998 -0.0212
vn 0.0187 0.9930 -0.1167
vn 0.0937 0.8520 -0.5150
vn 0.1378 0.8522 -0.5048
vn 0.1809 0.8523 -0.4907
vn -0.0420 0.9940 0.1007
vn -0.0078 0.9999 0.0096
vn -0.0064 0.9999 0.0100
vn -0.0326 0.9941 0.1038
vn -0.0230 0.9941 0.1060
vn -0.0051 0.9999 0.0104
vn -0.0974 0.8571 0.5058
vn -0.1415 0.8570 0.4956
vn -0.1845 0.8568 0.4815
vn 0.0109 0.9999 0.0039
vn 0.0900 0.9941 0.0606
vn 0.0954 0.9941 0.0523
vn 0.0117 0.9999 0.0028
vn 0.4452 0.8570 0.2597
vn 0.4204 0.8571 0.2977
vn -0.0006 0.9998 -0.0214
vn 0.0089 0.9930 -0.1181
vn 0.0489 0.8519 -0.5214
vn -0.0037 0.9999 0.0106
vn -0.0132 0.9941 0.1074
vn -0.0525 0.8573 0.5122
vn 0.1011 0.9935 -0.0522
vn 0.1048 0.9936 -0.0430
vn 0.0130 0.9999 -0.0107
vn 0.0125 0.9998 -0.0120
vn 0.4711 0.8544 -0.2191
vn 0.4880 0.8547 -0.1771
vn 0.0556 0.9931 -0.1029
vn 0.0060 0.9998 -0.0192
vn 0.0048 0.9998 -0.0199
vn 0.0469 0.9931 -0.1076
vn 0.2226 0.8525 -0.4729
vn 0.2625 0.8527 -0.4516
vn -0.0511 0.9940 0.0968
vn -0.0598 0.9939 0.0922
vn -0.0103 0.9999 0.0084
vn -0.0091 0.9999 0.0091
vn -0.2262 0.8566 0.4637
vn -0.2662 0.8564 0.4424
vn 0.0134 0.9999 -0.0094
vn 0.1076 0.9936 -0.0335
vn 0.5012 0.8549 -0.1338
vn 0.0072 0.9998 -0.0184
vn 0.0639 0.9932 -0.0975
vn 0.3005 0.8529 -0.4269
vn -0.0115 0.9999 0.0076
vn -0.0681 0.9939 0.0868
vn -0.3041 0.8562 0.4176
vn 0.0069 0.9999 0.0078
vn 0.0619 0.9942 0.0881
vn 0.2916 0.8575 0.4239
vn -0.0061 0.9998 -0.0209
vn -0.0303 0.9929 -0.1151
vn -0.1310 0.8516 -0.5076
vn 0.0019 0.9999 0.0101
vn 0.0261 0.9942 0.1044
vn 0.1273 0.8576 0.4984
vn 0.1040 0.9940 0.0345
vn 0.0129 0.9999 0.0002
vn 0.0133 0.9999 -0.0011
vn 0.1070 0.9939 0.0251
vn 0.1093 0.9939 0.0155
vn 0.0136 0.9999 -0.0024
vn 0.5086 0.8562 0.0909
vn 0.4984 0.8564 0.1350
vn 0.4843 0.8566 0.1781
vn -0.0152 0.9998 -0.0147
vn -0.0942 0.9930 -0.0713
vn -0.4241 0.8520 -0.3069
vn 0.0123 0.9999 0.0015
vn 0.1001 0.9940 0.0436
vn 0.4665 0.8568 0.2198
vn -0.1053 0.9936 0.0414
vn -0.0167 0.9999 0.0012
vn -0.4747 0.8547 0.2099
vn 0.0138 0.9999 -0.0038
vn 0.1107 0.9938 0.0057
vn 0.5150 0.8559 0.0461
vn -0.6178 0.3521 0.7031
vn -0.6497 0.0842 0.7555
vn -0.5801 0.0801 0.8106
vn -0.5419 0.3427 0.7674
vn -0.4720 0.3716 0.7995
vn -0.5069 0.0835 0.8580
vn -0.3309 0.8272 0.4541
vn -0.2438 0.8814 0.4046
vn -0.3770 0.8333 0.4043
vn 0.5409 0.5686 -0.6198
vn 0.6468 0.1283 -0.7518
vn 0.5804 0.1087 -0.8070
vn 0.5112 0.5065 -0.6943
vn 0.4723 0.4196 -0.7752
vn 0.5084 0.0896 -0.8565
vn 0.2351 0.9218 -0.3082
vn 0.2590 0.8757 -0.4075
vn 0.2116 0.9481 -0.2373
vn 0.8071 0.5717 -0.1473
vn 0.9774 0.1322 -0.1650
vn 0.9573 0.1475 -0.2487
vn 0.7641 0.6109 -0.2072
vn 0.7257 0.6353 -0.2642
vn 0.9305 0.1587 -0.3301
vn 0.2602 0.9622 -0.0802
vn 0.2297 0.9689 -0.0917
vn 0.3072 0.9492 -0.0675
vn -0.4303 0.0872 0.8985
vn -0.3948 0.3921 0.8309
vn -0.3226 0.4049 0.8556
vn -0.3505 0.0896 0.9323
vn -0.2187 0.8668 0.4482
vn -0.1564 0.9001 0.4066
vn 0.3945 0.3819 -0.8358
vn 0.4303 0.0805 -0.8991
vn 0.3208 0.3965 -0.8602
vn 0.3501 0.0808 -0.9332
vn 0.2204 0.8573 -0.4653
vn 0.1526 0.8962 -0.4166
vn 0.8975 0.1653 -0.4089
vn 0.6907 0.6486 -0.3198
vn 0.6582 0.6526 -0.3752
vn 0.8585 0.1672 -0.4848
vn 0.2100 0.9722 -0.1038
vn 0.1979 0.9731 -0.1180
vn -0.1838 0.0902 0.9788
vn -0.0980 0.0884 0.9913
vn -0.0953 0.3931 0.9145
vn -0.1700 0.4055 0.8981
vn -0.0130 0.3733 0.9276
vn -0.0115 0.0853 0.9963
vn -0.0509 0.8674 0.4950
vn -0.0070 0.8823 0.4707
vn -0.0829 0.9004 0.4271
vn 0.0937 0.3836 -0.9187
vn 0.1683 0.3965 -0.9025
vn 0.1834 0.0804 -0.9797
vn 0.0976 0.0781 -0.9922
vn 0.0114 0.3633 -0.9316
vn 0.0111 0.0745 -0.9972
vn 0.0033 0.8772 -0.4802
vn 0.0473 0.8622 -0.5043
vn 0.0791 0.8961 -0.4368
vn 0.7043 0.3544 0.6151
vn 0.7558 0.0866 0.6491
vn 0.8108 0.0818 0.5795
vn 0.7685 0.3442 0.5393
vn 0.8007 0.3725 0.4692
vn 0.8582 0.0845 0.5062
vn 0.4568 0.8282 0.3246
vn 0.4075 0.8819 0.2371
vn 0.4070 0.8348 0.3707
vn -0.2681 0.0905 0.9591
vn -0.2469 0.4077 0.8791
vn -0.1321 0.8771 0.4618
vn 0.2678 0.0813 -0.9601
vn 0.2452 0.3992 -0.8834
vn 0.1284 0.8726 -0.4713
vn -0.5539 0.4717 -0.6861
vn -0.6306 0.0991 -0.7698
vn -0.6957 0.0882 -0.7129
vn -0.6271 0.4194 -0.6564
vn -0.7058 0.3448 -0.6189
vn -0.7561 0.0764 -0.6500
vn -0.4105 0.8290 -0.3797
vn -0.3216 0.8793 -0.3513
vn -0.2575 0.9086 -0.3288
vn 0.2972 0.4816 0.8244
vn 0.3312 0.1104 0.9371
vn 0.4108 0.1173 0.9041
vn 0.3586 0.5092 0.7824
vn 0.4203 0.5177 0.7452
vn 0.4875 0.1196 0.8649
vn 0.1806 0.9304 0.3190
vn 0.1591 0.9265 0.3409
vn 0.1427 0.9133 0.3815
vn -0.2993 0.4714 -0.8296
vn -0.3316 0.0989 -0.9382
vn -0.4113 0.1058 -0.9053
vn -0.3607 0.4992 -0.7879
vn -0.4225 0.5078 -0.7507
vn -0.4879 0.1081 -0.8662
vn -0.1630 0.9221 -0.3509
vn -0.1846 0.9261 -0.3291
vn -0.1466 0.9085 -0.3913
vn -0.9304 0.3662 -0.0142
vn -0.9969 0.0777 -0.0117
vn -0.9943 0.0752 0.0755
vn -0.9391 0.3380 0.0625
vn -0.9234 0.3485 0.1606
vn -0.9833 0.0803 0.1635
vn -0.5645 0.8245 0.0395
vn -0.5458 0.8313 0.1047
vn -0.4773 0.8787 -0.0099
vn -0.7695 0.1064 0.6298
vn -0.7126 0.0958 0.6950
vn -0.6550 0.4262 0.6239
vn -0.6846 0.4780 0.5503
vn -0.3484 0.8829 0.3150
vn -0.3259 0.9116 0.2507
vn 0.5983 0.6338 -0.4902
vn 0.7635 0.1567 -0.6265
vn 0.7078 0.1446 -0.6915
vn 0.5696 0.6086 -0.5524
vn 0.1980 0.9615 -0.1907
vn 0.1920 0.9685 -0.1587
vn -0.9795 0.0822 -0.1840
vn -0.9919 0.0806 -0.0983
vn -0.9175 0.3859 -0.0966
vn -0.9012 0.3982 -0.1713
vn -0.5015 0.8635 -0.0538
vn -0.4339 0.8969 -0.0858
vn -0.7490 0.5135 0.4187
vn -0.8658 0.1147 0.4871
vn -0.8205 0.1128 0.5603
vn -0.7154 0.5053 0.4825
vn -0.3189 0.9248 0.2075
vn -0.3260 0.9285 0.1776
vn 0.8138 0.1643 -0.5575
vn 0.6277 0.6479 -0.4316
vn 0.1921 0.9720 -0.1355
vn -0.8023 0.3640 -0.4731
vn -0.8586 0.0753 -0.5071
vn -0.8991 0.0790 -0.4305
vn -0.8338 0.3845 -0.3961
vn -0.8586 0.3974 -0.3239
vn -0.9329 0.0814 -0.3508
vn -0.4134 0.8965 -0.1594
vn -0.4547 0.8627 -0.2215
vn -0.4112 0.8775 -0.2466
vn 0.0758 0.0825 0.9937
vn 0.0637 0.3449 0.9365
vn 0.1618 0.3549 0.9208
vn 0.1638 0.0872 0.9826
vn 0.1074 0.8351 0.5395
vn 0.0422 0.8286 0.5583
vn -0.0761 0.0714 -0.9945
vn -0.0651 0.3345 -0.9402
vn -0.1633 0.3443 -0.9246
vn -0.1641 0.0758 -0.9835
vn -0.0457 0.8223 -0.5672
vn -0.1110 0.8287 -0.5485
vn -0.8821 0.4003 -0.2482
vn -0.9598 0.0824 -0.2684
vn -0.4684 0.8731 -0.1350
vn 0.5519 0.4814 0.6810
vn 0.6301 0.1101 0.7687
vn 0.6953 0.0989 0.7119
vn 0.6253 0.4291 0.6518
vn 0.3178 0.8844 0.3417
vn 0.2536 0.9132 0.3190
vn -0.5612 0.1059 -0.8209
vn -0.4863 0.4993 -0.7171
vn -0.2144 0.9222 -0.3219
vn 0.9954 0.0953 0.0079
vn 0.9904 0.1135 -0.0795
vn 0.8559 0.5105 -0.0827
vn 0.9053 0.4246 -0.0066
vn 0.3802 0.9235 -0.0506
vn 0.4777 0.8783 -0.0193
vn -0.9641 0.0929 0.2486
vn -0.8754 0.4236 0.2328
vn -0.8280 0.4764 0.2957
vn -0.9379 0.1044 0.3309
vn -0.4549 0.8816 0.1260
vn -0.3884 0.9108 0.1398
vn 0.9171 0.3880 0.0917
vn 0.8997 0.4033 0.1672
vn 0.9791 0.0881 0.1831
vn 0.9915 0.0871 0.0968
vn 0.5074 0.8606 0.0439
vn 0.4304 0.8994 0.0763
vn -0.9050 0.1118 0.4105
vn -0.7862 0.5044 0.3569
vn -0.3479 0.9245 0.1560
vn 0.8988 0.0875 0.4296
vn 0.8322 0.3923 0.3919
vn 0.8569 0.4046 0.3195
vn 0.9326 0.0891 0.3498
vn 0.4096 0.8999 0.1497
vn 0.4510 0.8669 0.2122
vn -0.8112 0.0721 -0.5804
vn -0.7700 0.3351 -0.5430
vn -0.4603 0.8227 -0.3336
vn 0.9594 0.0894 0.2675
vn 0.8804 0.4067 0.2439
vn 0.4647 0.8765 0.1255
vn 0.2489 0.0993 0.9634
vn 0.2342 0.4295 0.8722
vn 0.1289 0.8846 0.4482
vn -0.2493 0.0878 -0.9644
vn -0.2360 0.4190 -0.8768
vn -0.1326 0.8791 -0.4577
vn 0.5607 0.1172 0.8197
vn 0.4842 0.5091 0.7116
vn 0.2105 0.9265 0.3119
vn 0.5236 0.3773 0.7639
vn 0.4549 0.3773 0.8067
vn 0.5884 0.3771 0.7153
vn -0.2316 0.3667 -0.9011
vn -0.1524 0.3667 -0.9178
vn -0.3091 0.3666 -0.8775
vn 0.2300 0.3774 0.8970
vn 0.1508 0.3773 0.9137
vn 0.3075 0.3774 0.8735
vn 0.8932 0.3753 0.2476
vn 0.8681 0.3756 0.3246
vn 0.9116 0.3749 0.1687
vn -0.7555 0.3675 -0.5423
vn -0.7056 0.3672 -0.6061
vn -0.7997 0.3678 -0.4745
vn 0.8363 0.3759 0.3991
vn 0.7982 0.3763 0.4705
vn -0.8461 0.3723 0.3814
vn -0.8763 0.3718 0.3063
vn -0.8095 0.3727 0.4537
vn 0.9230 0.3745 0.0886
vn 0.9274 0.3740 0.0077
vn -0.8999 0.3713 0.2288
vn -0.9166 0.3709 0.1496
vn 0.9247 0.3736 -0.0732
vn 0.9150 0.3731 -0.1536
vn -0.5252 0.3667 -0.7679
vn -0.4565 0.3667 -0.8107
vn -0.5900 0.3669 -0.7193
vn 0.6486 0.3770 0.6612
vn 0.7040 0.3768 0.6021
vn -0.8948 0.3688 -0.2516
vn -0.8697 0.3684 -0.3286
vn -0.9132 0.3691 -0.1728
vn -0.0720 0.3669 -0.9275
vn 0.0089 0.3670 -0.9302
vn 0.0704 0.3772 0.9235
vn -0.0105 0.3770 0.9262
vn -0.8379 0.3681 -0.4031
vn 0.7651 0.3708 -0.5264
vn 0.8079 0.3713 -0.4577
vn 0.7165 0.3703 -0.5912
vn -0.7667 0.3732 0.5224
vn -0.7181 0.3737 0.5872
vn -0.9246 0.3695 -0.0926
vn -0.9290 0.3700 -0.0117
vn 0.6624 0.3699 -0.6514
vn 0.6033 0.3695 -0.7068
vn -0.6640 0.3741 0.6474
vn -0.6049 0.3745 0.7028
vn -0.9263 0.3704 0.0692
vn -0.3842 0.3666 -0.8473
vn 0.3827 0.3774 0.8433
vn -0.6502 0.3670 -0.6652
vn 0.2488 0.3677 -0.8960
vn 0.3258 0.3680 -0.8709
vn 0.1700 0.3674 -0.9144
vn -0.2504 0.3763 0.8920
vn -0.3274 0.3760 0.8669
vn -0.1716 0.3766 0.9104
vn 0.7539 0.3765 0.5383
vn 0.0898 0.3672 -0.9258
vn -0.0914 0.3768 0.9218
vn 0.8445 0.3717 -0.3855
vn 0.8747 0.3722 -0.3103
vn 0.4003 0.3683 -0.8391
vn 0.4717 0.3687 -0.8010
vn -0.4019 0.3757 0.8351
vn -0.4733 0.3753 0.7969
vn 0.8983 0.3727 -0.2328
vn 0.5396 0.3691 -0.7567
vn -0.5411 0.3749 0.7527
vn 0.0496 0.9988 -0.0003
vn 0.0490 0.9988 0.0042
vn 0.0499 0.9987 -0.0048
vn -0.0495 0.9986 0.0161
vn -0.0512 0.9986 0.0119
vn -0.0474 0.9987 0.0201
vn 0.0448 0.9989 0.0171
vn 0.0426 0.9989 0.0211
vn 0.0466 0.9988 0.0129
vn -0.0444 0.9984 -0.0357
vn -0.0416 0.9984 -0.0392
vn -0.0469 0.9984 -0.0319
vn 0.0480 0.9988 0.0086
vn 0.0108 0.9989 0.0450
vn 0.0064 0.9989 0.0459
vn 0.0152 0.9989 0.0437
vn -0.0151 0.9983 -0.0558
vn -0.0106 0.9983 -0.0567
vn -0.0194 0.9983 -0.0545
vn 0.0273 0.9989 0.0375
vn 0.0234 0.9989 0.0399
vn 0.0309 0.9989 0.0348
vn -0.0324 0.9988 0.0369
vn -0.0360 0.9988 0.0341
vn -0.0286 0.9988 0.0394
vn 0.0282 0.9985 -0.0477
vn 0.0317 0.9985 -0.0449
vn 0.0244 0.9984 -0.0502
vn 0.0483 0.9987 -0.0183
vn 0.0492 0.9987 -0.0139
vn 0.0469 0.9986 -0.0227
vn -0.0246 0.9988 0.0415
vn -0.0204 0.9989 0.0433
vn 0.0204 0.9984 -0.0523
vn 0.0162 0.9984 -0.0541
vn 0.0452 0.9986 -0.0269
vn 0.0432 0.9986 -0.0309
vn -0.0072 0.9989 0.0464
vn -0.0117 0.9989 0.0457
vn -0.0027 0.9989 0.0466
vn 0.0030 0.9984 -0.0572
vn 0.0074 0.9984 -0.0565
vn -0.0016 0.9983 -0.0574
vn 0.0402 0.9989 0.0249
vn 0.0374 0.9989 0.0285
vn -0.0161 0.9989 0.0447
vn 0.0119 0.9984 -0.0555
vn -0.0385 0.9984 -0.0426
vn -0.0351 0.9983 -0.0456
vn 0.0194 0.9989 0.0420
vn -0.0236 0.9983 -0.0528
vn -0.0277 0.9983 -0.0507
vn -0.0540 0.9985 -0.0014
vn -0.0541 0.9985 -0.0059
vn -0.0534 0.9986 0.0031
vn -0.0393 0.9987 0.0310
vn -0.0423 0.9987 0.0276
vn 0.0350 0.9985 -0.0418
vn 0.0381 0.9985 -0.0384
vn -0.0539 0.9985 -0.0105
vn -0.0533 0.9985 -0.0150
vn -0.0450 0.9987 0.0240
vn 0.0408 0.9986 -0.0348
vn -0.0490 0.9984 -0.0279
vn -0.0508 0.9984 -0.0237
vn 0.0019 0.9989 0.0465
vn -0.0061 0.9983 -0.0573
vn -0.0522 0.9984 -0.0194
vn 0.0343 0.9989 0.0318
vn -0.0315 0.9983 -0.0483
vn 0.0497 0.9987 -0.0094
vn -0.0525 0.9986 0.0075
vn 0.9424 0.0456 -0.3315
vn 0.9675 0.0465 -0.2485
vn 0.5650 0.0512 0.8235
vn 0.6345 0.0506 0.7712
vn -0.3514 0.0513 0.9348
vn -0.2687 0.0514 0.9618
vn -0.5084 0.0510 0.8596
vn -0.5815 0.0504 0.8120
vn 0.3512 0.0426 -0.9353
vn 0.2685 0.0422 -0.9624
vn 0.5813 0.0441 -0.8125
vn 0.5082 0.0439 -0.8601
vn 0.8702 0.0453 -0.4907
vn 0.8237 0.0443 -0.5654
vn -0.0108 0.0529 0.9985
vn 0.0764 0.0529 0.9957
vn -0.1840 0.0519 0.9816
vn -0.9426 0.0452 0.3310
vn -0.9101 0.0460 0.4117
vn -0.9819 0.0439 -0.1841
vn -0.9622 0.0433 -0.2688
vn -0.0978 0.0525 0.9938
vn -0.4315 0.0513 0.9007
vn 0.1838 0.0420 -0.9821
vn 0.0976 0.0421 -0.9943
vn 0.4313 0.0433 -0.9012
vn 0.8598 0.0520 0.5080
vn 0.9008 0.0515 0.4311
vn 0.6990 0.0509 0.7133
vn 0.7584 0.0516 0.6498
vn -0.1632 0.0410 -0.9857
vn -0.2483 0.0401 -0.9678
vn 0.9620 0.0503 0.2683
vn 0.9817 0.0500 0.1836
vn -0.9352 0.0430 -0.3515
vn 0.2481 0.0516 0.9674
vn 0.3311 0.0512 0.9422
vn -0.4905 0.0403 -0.8705
vn -0.5652 0.0399 -0.8240
vn 0.4903 0.0518 0.8700
vn -0.9942 0.0447 -0.0980
vn -0.9989 0.0454 -0.0109
vn -0.6501 0.0492 0.7582
vn -0.8238 0.0469 0.5649
vn -0.7716 0.0469 0.6344
vn -0.9960 0.0457 0.0763
vn 0.7714 0.0433 -0.6349
vn -0.7137 0.0478 0.6989
vn 0.9940 0.0499 0.0974
vn 0.9987 0.0497 0.0104
vn 0.7135 0.0433 -0.6993
vn 0.9099 0.0454 -0.4122
vn 0.0106 0.0421 -0.9991
vn -0.0766 0.0418 -0.9962
vn -0.8704 0.0469 0.4902
vn 0.9350 0.0508 0.3510
vn 0.1630 0.0524 0.9852
vn -0.9010 0.0430 -0.4316
vn 0.8122 0.0521 0.5811
vn -0.3313 0.0395 -0.9427
vn -0.6347 0.0395 -0.7717
vn -0.6992 0.0401 -0.7138
vn -0.4121 0.0399 -0.9103
vn -0.9856 0.0455 0.1628
vn -0.9677 0.0451 0.2480
vn 0.9958 0.0491 -0.0768
vn -0.8124 0.0423 -0.5816
vn -0.8600 0.0428 -0.5085
vn -0.7586 0.0413 -0.6503
vn 0.4119 0.0515 0.9098
vn 0.6499 0.0438 -0.7587
vn 0.9854 0.0479 -0.1633
vn 0.0295 0.9978 0.0591
vn 0.0286 0.9973 0.0676
vn 0.0320 0.9980 0.0553
vn 0.0012 1.0000 0.0009
vn 0.0013 1.0000 0.0007
vn 0.0012 1.0000 0.0015
vn -0.0363 0.9972 -0.0660
vn -0.0337 0.9970 -0.0698
vn -0.0056 0.9999 -0.0115
vn -0.0054 0.9999 -0.0117
vn -0.0055 0.9999 -0.0123
vn -0.0329 0.9964 -0.0784
vn 0.0327 0.9992 -0.0250
vn 0.0344 0.9991 -0.0233
vn 0.0016 1.0000 -0.0075
vn 0.0017 1.0000 -0.0074
vn 0.0019 1.0000 -0.0074
vn 0.0375 0.9991 -0.0221
vn -0.0628 0.9976 0.0288
vn -0.0666 0.9974 0.0262
vn -0.0084 1.0000 -0.0021
vn -0.0082 1.0000 -0.0020
vn -0.0751 0.9969 0.0254
vn -0.0090 1.0000 -0.0020
vn -0.0021 1.0000 -0.0054
vn -0.0409 0.9970 -0.0658
vn -0.0486 0.9964 -0.0695
vn -0.0063 0.9999 -0.0119
vn -0.0058 0.9999 -0.0115
vn -0.0339 0.9949 -0.0953
vn -0.0058 0.9999 -0.0134
vn -0.0047 0.9998 -0.0176
vn -0.0341 0.9911 -0.1285
vn 0.0444 0.9973 0.0587
vn 0.0366 0.9978 0.0551
vn 0.0016 1.0000 0.0007
vn 0.0020 1.0000 0.0011
vn 0.0583 0.9960 0.0684
vn 0.0867 0.9925 0.0859
vn 0.0070 1.0000 0.0032
vn 0.0028 1.0000 0.0018
vn -0.0240 0.9872 -0.1579
vn 0.0018 0.9962 -0.0866
vn 0.0299 0.9926 0.1178
vn 0.0198 0.9889 0.1473
vn 0.0005 1.0000 0.0068
vn -0.0060 0.9971 0.0759
vn -0.0909 0.9912 -0.0966
vn -0.0625 0.9949 -0.0792
vn -0.0113 0.9998 -0.0140
vn -0.0071 0.9999 -0.0126
vn -0.0220 0.9996 -0.0164
vn -0.0736 0.9963 -0.0441
vn -0.0638 0.9970 -0.0431
vn -0.0092 0.9999 -0.0086
vn -0.0037 1.0000 -0.0064
vn -0.0023 1.0000 -0.0055
vn -0.0038 1.0000 -0.0061
vn -0.0114 0.9948 0.1010
vn -0.0019 0.9978 0.0669
vn -0.0030 1.0000 0.0023
vn -0.0175 0.9980 0.0605
vn 0.0694 0.9970 0.0334
vn 0.0596 0.9977 0.0323
vn 0.0178 0.9998 0.0056
vn -0.0005 1.0000 -0.0044
vn 0.0049 1.0000 -0.0022
vn -0.0005 1.0000 -0.0047
vn -0.0019 1.0000 -0.0053
vn -0.0024 0.9970 -0.0777
vn 0.0072 0.9937 -0.1117
vn -0.0012 0.9999 -0.0131
vn 0.0133 0.9974 -0.0713
vn 0.0079 0.9975 -0.0705
vn 0.0249 0.9945 -0.1021
vn -0.0002 0.9999 -0.0125
vn 0.0230 0.9975 -0.0662
vn 0.0622 0.9979 0.0156
vn 0.0587 0.9981 0.0198
vn 0.0169 0.9999 0.0015
vn -0.0006 1.0000 -0.0047
vn 0.0049 1.0000 -0.0034
vn -0.0005 1.0000 -0.0050
vn 0.0327 0.9990 -0.0306
vn 0.0321 0.9991 -0.0273
vn 0.0017 1.0000 -0.0078
vn 0.0016 1.0000 -0.0076
vn -0.0920 0.9954 0.0264
vn -0.0101 0.9999 -0.0018
vn -0.1253 0.9918 0.0267
vn -0.0144 0.9999 -0.0028
vn 0.0427 0.9989 -0.0213
vn 0.0023 1.0000 -0.0074
vn 0.0513 0.9985 -0.0208
vn 0.0029 1.0000 -0.0075
vn -0.0662 0.9970 0.0411
vn -0.0626 0.9975 0.0334
vn -0.0082 1.0000 -0.0017
vn -0.0086 1.0000 -0.0012
vn 0.0666 0.9976 -0.0206
vn 0.0039 1.0000 -0.0077
vn 0.0078 1.0000 -0.0061
vn 0.0965 0.9952 -0.0167
vn -0.0759 0.9956 0.0550
vn -0.0933 0.9921 0.0834
vn -0.0094 1.0000 -0.0004
vn -0.0107 0.9999 0.0037
vn 0.1204 0.9927 -0.0010
vn 0.0653 0.9978 0.0097
vn -0.0131 0.9998 0.0145
vn -0.0409 0.9970 0.0661
vn -0.0398 0.9976 0.0563
vn -0.0031 1.0000 -0.0038
vn -0.0053 1.0000 0.0016
vn -0.0028 1.0000 -0.0037
vn -0.0022 1.0000 -0.0052
vn -0.0019 1.0000 -0.0054
vn -0.0004 1.0000 -0.0052
vn -0.0021 1.0000 -0.0052
vn -0.0273 0.9981 0.0555
vn -0.0091 0.9999 0.0136
vn -0.0231 0.9980 0.0590
vn -0.0028 1.0000 -0.0039
vn -0.0041 1.0000 0.0017
vn -0.0025 1.0000 -0.0038
vn 0.0946 0.9953 0.0216
vn 0.0630 0.9980 0.0046
vn -0.0024 1.0000 -0.0036
vn 0.0015 1.0000 0.0026
vn -0.0121 0.9981 0.0597
vn -0.0061 0.9999 0.0145
vn -0.0026 1.0000 -0.0038
vn -0.0023 1.0000 -0.0037
vn -0.0021 1.0000 -0.0035
vn 0.0937 0.9947 0.0417
vn 0.0297 0.9960 0.0845
vn -0.0031 0.9998 0.0173
vn 0.1171 0.9888 0.0925
vn -0.0291 0.9954 0.0913
vn -0.0630 0.9975 -0.0306
vn -0.0212 0.9997 -0.0123
vn -0.0665 0.9974 -0.0264
vn -0.0092 0.9999 -0.0074
vn -0.0037 1.0000 -0.0061
vn -0.0037 1.0000 -0.0058
vn -0.0220 0.9997 -0.0093
vn -0.0672 0.9976 -0.0154
vn -0.0680 0.9975 -0.0208
vn -0.0098 0.9999 -0.0063
vn -0.0037 1.0000 -0.0059
vn -0.0023 1.0000 -0.0054
vn -0.0038 1.0000 -0.0056
vn -0.0492 0.9947 0.0904
vn -0.0999 0.9885 0.1139
vn -0.0834 0.9965 -0.0093
vn -0.0248 0.9997 -0.0063
vn -0.0744 0.9972 -0.0051
vn -0.0039 1.0000 -0.0057
vn -0.0040 1.0000 -0.0053
vn -0.0024 1.0000 -0.0054
vn 0.0387 0.9983 -0.0431
vn 0.0347 0.9988 -0.0355
vn 0.0023 1.0000 -0.0086
vn 0.0019 1.0000 -0.0082
vn -0.1547 0.9878 0.0166
vn -0.0021 1.0000 -0.0056
vn 0.0587 0.9947 -0.0839
vn 0.0464 0.9973 -0.0563
vn 0.0037 0.9999 -0.0135
vn 0.0030 1.0000 -0.0094
vn -0.1084 0.9940 -0.0147
vn -0.0014 1.0000 -0.0069
vn -0.0019 1.0000 -0.0071
vn 0.0048 0.9997 -0.0244
vn 0.0199 0.9973 -0.0709
vn -0.0017 1.0000 -0.0070
vn -0.0988 0.9946 -0.0324
vn 0.0018 0.9997 -0.0253
vn -0.0016 1.0000 -0.0070
vn -0.0022 1.0000 -0.0073
vn -0.0979 0.9938 -0.0525
vn -0.1213 0.9872 -0.1031
vn -0.0012 0.9996 -0.0281
vn -0.0019 1.0000 -0.0072
vn 0.0576 0.9920 -0.1125
vn -0.0005 1.0000 -0.0049
vn 0.0177 0.9998 -0.0014
vn -0.2557 -0.0838 0.9631
vn -0.2589 -0.0207 0.9657
vn -0.3009 -0.0200 0.9535
vn -0.2980 -0.0800 0.9512
vn -0.3133 -0.0203 0.9494
vn -0.3106 -0.0789 0.9473
vn -0.3058 0.0407 0.9512
vn -0.3180 0.0393 0.9473
vn -0.2643 0.0428 0.9635
vn -0.3225 -0.0208 0.9464
vn -0.3203 -0.0783 0.9441
vn -0.3485 -0.0210 0.9371
vn -0.3484 -0.0761 0.9343
vn -0.3266 0.0378 0.9444
vn -0.3508 0.0356 0.9358
vn -0.3262 0.1036 0.9396
vn -0.3342 0.1015 0.9370
vn -0.3566 0.0975 0.9292
vn -0.3471 0.1718 0.9220
vn -0.3676 0.1663 0.9150
vn -0.3396 0.1743 0.9243
vn -0.2735 0.1112 0.9554
vn -0.3143 0.1059 0.9434
vn -0.3281 0.1775 0.9278
vn -0.2880 0.1862 0.9394
vn -0.2593 -0.3874 0.8847
vn -0.2554 -0.3095 0.9159
vn -0.2972 -0.2961 0.9078
vn -0.3002 -0.3714 0.8786
vn -0.3127 -0.3654 0.8767
vn -0.3098 -0.2908 0.9052
vn -0.2959 -0.2182 0.9300
vn -0.3086 -0.2142 0.9268
vn -0.2536 -0.2285 0.9399
vn -0.3208 -0.2861 0.9029
vn -0.3243 -0.3599 0.8748
vn -0.3607 -0.3452 0.8665
vn -0.3546 -0.2744 0.8938
vn -0.3193 -0.2106 0.9240
vn -0.3512 -0.2023 0.9142
vn -0.3090 -0.1426 0.9403
vn -0.3193 -0.1405 0.9372
vn -0.3493 -0.1354 0.9272
vn -0.2539 -0.1521 0.9552
vn -0.2963 -0.1452 0.9440
vn 0.4785 -0.1628 0.8629
vn 0.4834 -0.1842 0.8558
vn 0.4450 -0.1996 0.8730
vn 0.4348 -0.1624 0.8858
vn 0.4934 -0.1668 0.8537
vn 0.4971 -0.1701 0.8509
vn 0.4832 -0.1531 0.8620
vn 0.5029 -0.1603 0.8494
vn 0.4344 -0.1509 0.8880
vn 0.5321 -0.1718 0.8291
vn 0.5337 -0.1566 0.8311
vn 0.6718 -0.1704 0.7209
vn 0.6551 -0.1495 0.7406
vn 0.5477 -0.1677 0.8197
vn 0.7033 -0.1533 0.6942
vn 0.5160 -0.1208 0.8481
vn 0.5663 -0.1219 0.8151
vn 0.7565 -0.0522 0.6519
vn 0.7049 0.2030 0.6797
vn 0.5624 -0.0387 0.8259
vn 0.5215 -0.0580 0.8513
vn 0.4393 -0.1127 0.8912
vn 0.4901 -0.1150 0.8640
vn 0.4928 -0.0601 0.8681
vn 0.4462 -0.0606 0.8929
vn 0.4497 -0.0112 0.8931
vn 0.4884 -0.0078 0.8726
vn 0.5148 0.0005 0.8573
vn 0.4812 0.0297 0.8761
vn 0.5033 0.0374 0.8633
vn 0.4483 0.0260 0.8935
vn 0.5328 0.0248 0.8459
vn 0.5562 0.0651 0.8285
vn 0.5087 0.0502 0.8595
vn 0.5292 0.0660 0.8460
vn 0.4934 0.0591 0.8678
vn 0.4979 0.0676 0.8646
vn 0.5188 0.0761 0.8515
vn 0.5136 0.0851 0.8538
vn 0.4921 0.0798 0.8669
vn 0.4857 0.0729 0.8711
vn 0.4437 0.0504 0.8947
vn 0.4761 0.0533 0.8778
vn 0.4731 0.0672 0.8784
vn 0.4375 0.0643 0.8969
vn -0.6877 0.6597 0.3031
vn -0.6635 0.6920 0.2846
vn -0.7028 0.6823 0.2014
vn -0.7253 0.6511 0.2237
vn -0.6495 0.6580 0.3810
vn -0.6235 0.6907 0.3663
vn -0.6566 0.6485 0.3850
vn -0.6943 0.6503 0.3082
vn -0.7314 0.6421 0.2298
vn -0.6111 0.6464 0.4569
vn -0.5833 0.6789 0.4460
vn -0.5431 0.6568 0.5231
vn -0.5726 0.6253 0.5302
vn -0.5807 0.6163 0.5319
vn -0.6187 0.6371 0.4597
vn -0.6601 0.6439 0.3868
vn -0.6224 0.6326 0.4610
vn -0.5846 0.6119 0.5327
vn -0.6306 0.6222 0.4640
vn -0.5935 0.6018 0.5345
vn -0.6677 0.6334 0.3911
vn -0.7343 0.6377 0.2328
vn -0.6975 0.6458 0.3106
vn -0.7045 0.6354 0.3161
vn -0.7408 0.6275 0.2395
vn -0.8627 -0.0638 0.5018
vn -0.8524 -0.1696 0.4947
vn -0.8524 -0.1512 0.5005
vn -0.8601 -0.0504 0.5077
vn -0.8507 -0.1848 0.4922
vn -0.8627 -0.0777 0.4997
vn -0.8636 -0.0272 0.5035
vn -0.8643 -0.0367 0.5016
vn -0.8602 -0.0195 0.5095
vn -0.8627 -0.0896 0.4978
vn -0.8497 -0.1949 0.4900
vn -0.8650 -0.0966 0.4924
vn -0.8516 -0.1976 0.4856
vn -0.8677 -0.0518 0.4943
vn -0.8649 -0.0456 0.4998
vn -0.8643 -0.0207 0.5026
vn -0.8651 -0.0264 0.5009
vn -0.8682 -0.0305 0.4952
vn -0.8682 -0.0172 0.4959
vn -0.8650 -0.0148 0.5016
vn -0.8640 -0.0116 0.5033
vn -0.8598 -0.0105 0.5106
vn -0.8633 -0.0150 0.5044
vn -0.8630 -0.0084 0.5052
vn -0.8593 -0.0060 0.5114
vn 0.4436 0.2620 0.8571
vn 0.4566 0.1515 0.8767
vn 0.4870 0.1510 0.8603
vn 0.4746 0.2619 0.8403
vn 0.4975 0.1505 0.8543
vn 0.4852 0.2618 0.8343
vn 0.4937 0.0520 0.8681
vn 0.5040 0.0510 0.8622
vn 0.4638 0.0530 0.8844
vn 0.5131 0.1500 0.8451
vn 0.5006 0.2616 0.8252
vn 0.5559 0.2603 0.7895
vn 0.5694 0.1487 0.8085
vn 0.5199 0.0499 0.8527
vn 0.5773 0.0485 0.8151
vn 0.5074 -0.0398 0.8608
vn 0.5235 -0.0418 0.8510
vn 0.5820 -0.0437 0.8120
vn 0.5849 -0.1335 0.8001
vn 0.5251 -0.1310 0.8409
vn 0.5088 -0.1278 0.8513
vn 0.4972 -0.0379 0.8668
vn 0.4678 -0.0361 0.8831
vn 0.4988 -0.1248 0.8577
vn 0.4698 -0.1220 0.8743
vn -0.5165 -0.0510 -0.8548
vn -0.5101 0.0084 -0.8601
vn -0.4876 0.0115 -0.8730
vn -0.4946 -0.0484 -0.8678
vn -0.4793 0.0152 -0.8775
vn -0.4865 -0.0453 -0.8725
vn -0.4768 0.0868 -0.8747
vn -0.4682 0.0905 -0.8790
vn -0.5001 0.0837 -0.8619
vn -0.4659 0.0188 -0.8846
vn -0.4726 -0.0424 -0.8802
vn -0.4157 0.0214 -0.9093
vn -0.4199 -0.0404 -0.9067
vn -0.4066 0.0965 -0.9085
vn -0.4550 0.0941 -0.8855
vn -0.4529 0.1803 -0.8732
vn -0.4398 0.1833 -0.8792
vn -0.3929 0.1850 -0.9008
vn -0.4197 0.2866 -0.8612
vn -0.3741 0.2869 -0.8819
vn -0.4326 0.2846 -0.8555
vn -0.4860 0.1747 -0.8563
vn -0.4617 0.1772 -0.8691
vn -0.4417 0.2824 -0.8515
vn -0.4671 0.2809 -0.8384
vn -0.8387 0.5312 -0.1196
vn -0.8643 0.4655 -0.1907
vn -0.8812 0.4470 -0.1537
vn -0.8563 0.5094 -0.0848
vn -0.8611 0.5029 -0.0749
vn -0.8859 0.4414 -0.1430
vn -0.9060 0.3705 -0.2047
vn -0.9014 0.3752 -0.2161
vn -0.8848 0.3901 -0.2546
vn -0.8885 0.4380 -0.1369
vn -0.8637 0.4992 -0.0697
vn -0.8699 0.4901 -0.0564
vn -0.8950 0.4293 -0.1212
vn -0.9088 0.3675 -0.1977
vn -0.9157 0.3596 -0.1793
vn -0.9209 0.2923 -0.2581
vn -0.9238 0.2897 -0.2502
vn -0.9313 0.2830 -0.2291
vn -0.9416 0.2027 -0.2688
vn -0.9334 0.2079 -0.2926
vn -0.9302 0.2098 -0.3012
vn -0.8999 0.3072 -0.3095
vn -0.9163 0.2959 -0.2700
vn -0.9256 0.2123 -0.3134
vn -0.9093 0.2201 -0.3532
vn -0.4424 0.3949 -0.8052
vn -0.4160 0.3955 -0.8188
vn -0.4068 0.3966 -0.8230
vn -0.3847 0.5076 -0.7709
vn -0.3754 0.5079 -0.7754
vn -0.4119 0.5079 -0.7566
vn -0.3942 0.3975 -0.8286
vn -0.3498 0.3965 -0.8488
vn -0.3632 0.5079 -0.7811
vn -0.3199 0.5058 -0.8011
vn -0.3379 0.6139 -0.7134
vn -0.3262 0.6134 -0.7192
vn -0.2839 0.6106 -0.7393
vn -0.2415 0.7070 -0.6647
vn -0.2828 0.7104 -0.6445
vn -0.2943 0.7110 -0.6386
vn -0.3753 0.6149 -0.6936
vn -0.3472 0.6141 -0.7087
vn -0.3036 0.7115 -0.6337
vn -0.3325 0.7125 -0.6179
vn 0.8642 0.0268 -0.5025
vn 0.8594 0.1061 -0.5002
vn 0.8571 0.1189 -0.5013
vn 0.8616 0.0374 -0.5062
vn 0.8649 0.0252 -0.5013
vn 0.8600 0.1039 -0.4995
vn 0.8644 0.0068 -0.5027
vn 0.8653 0.0060 -0.5011
vn 0.8609 0.0128 -0.5086
vn 0.8602 0.1062 -0.4987
vn 0.8655 0.0275 -0.5001
vn 0.8598 0.1184 -0.4966
vn 0.8677 0.0370 -0.4957
vn 0.8706 0.0113 -0.4919
vn 0.8663 0.0073 -0.4994
vn 0.8655 0.0017 -0.5009
vn 0.8667 0.0016 -0.4988
vn 0.8723 0.0002 -0.4889
vn 0.8728 -0.0086 -0.4879
vn 0.8667 -0.0021 -0.4989
vn 0.8655 -0.0001 -0.5008
vn 0.8603 0.0017 -0.5097
vn 0.8644 0.0011 -0.5028
vn 0.8647 -0.0024 -0.5023
vn 0.8605 -0.0085 -0.5094
vn 0.4693 -0.2129 0.8570
vn 0.4978 -0.2164 0.8398
vn 0.5075 -0.2205 0.8329
vn 0.5010 -0.3199 0.8042
vn 0.4916 -0.3159 0.8115
vn 0.4635 -0.3126 0.8291
vn 0.5239 -0.2245 0.8216
vn 0.5849 -0.2273 0.7786
vn 0.5797 -0.3258 0.7469
vn 0.5175 -0.3239 0.7921
vn 0.4868 -0.4203 0.7657
vn 0.5037 -0.4228 0.7533
vn 0.5676 -0.4228 0.7065
vn 0.5503 -0.5100 0.6611
vn 0.4831 -0.5124 0.7099
vn 0.4650 -0.5124 0.7220
vn 0.4498 -0.4158 0.7904
vn 0.4775 -0.4178 0.7730
vn 0.4552 -0.5123 0.7282
vn 0.4278 -0.5125 0.7446
vn 0.1335 0.9648 0.2266
vn 0.1872 0.9225 0.3376
vn 0.2193 0.9231 0.3159
vn 0.1659 0.9645 0.2053
vn 0.2282 0.9239 0.3071
vn 0.1752 0.9646 0.1970
vn 0.2683 0.8659 0.4222
vn 0.2772 0.8673 0.4134
vn 0.2363 0.8645 0.4436
vn 0.2392 0.9244 0.2970
vn 0.1864 0.9644 0.1876
vn 0.2825 0.9213 0.2673
vn 0.2291 0.9603 0.1593
vn 0.2884 0.8685 0.4032
vn 0.3330 0.8663 0.3724
vn 0.3228 0.7949 0.5137
vn 0.3347 0.7964 0.5037
vn 0.3812 0.7948 0.4722
vn 0.4271 0.7071 0.5636
vn 0.3783 0.7084 0.5958
vn 0.3655 0.7071 0.6053
vn 0.2817 0.7913 0.5427
vn 0.3136 0.7932 0.5221
vn 0.3558 0.7055 0.6129
vn 0.3238 0.7037 0.6325
vn 0.3622 0.6037 0.7101
vn 0.3943 0.6051 0.6916
vn 0.4045 0.6062 0.6848
vn 0.4278 0.4952 0.7561
vn 0.4382 0.4958 0.7498
vn 0.3958 0.4944 0.7739
vn 0.4183 0.6071 0.6756
vn 0.4692 0.6057 0.6426
vn 0.4528 0.4962 0.7408
vn 0.5055 0.4947 0.7069
vn 0.4654 0.3795 0.7996
vn 0.4805 0.3795 0.7906
vn 0.5346 0.3781 0.7558
vn 0.4233 0.3790 0.8229
vn 0.4549 0.3794 0.8057
vn -0.2143 0.0243 0.9765
vn -0.1469 0.0376 0.9884
vn -0.1479 0.0263 0.9886
vn -0.1986 0.0191 0.9799
vn -0.2442 0.0065 0.9697
vn -0.2627 0.0083 0.9649
vn -0.1975 0.0040 0.9803
vn -0.2300 -0.0036 0.9732
vn -0.1538 0.0072 0.9881
vn -0.3004 -0.0046 0.9538
vn -0.3110 -0.0028 0.9504
vn -0.4145 -0.0101 0.9100
vn -0.4209 -0.0088 0.9071
vn -0.4095 -0.0199 0.9121
vn -0.2902 -0.0143 0.9569
vn -0.2294 -0.0263 0.9730
vn -0.2816 -0.0323 0.9590
vn -0.4042 -0.0361 0.9140
vn -0.4000 -0.0614 0.9145
vn -0.2823 -0.0628 0.9573
vn -0.2392 -0.0599 0.9691
vn -0.1611 -0.0193 0.9867
vn -0.2051 -0.0221 0.9785
vn -0.2171 -0.0576 0.9744
vn -0.1669 -0.0552 0.9844
vn -0.6080 -0.0551 -0.7920
vn -0.6000 -0.1676 -0.7822
vn -0.6031 -0.1655 -0.7803
vn -0.6146 -0.0479 -0.7873
vn -0.6177 -0.1612 -0.7697
vn -0.6308 -0.0372 -0.7750
vn -0.5843 -0.2974 -0.7551
vn -0.5975 -0.2959 -0.7453
vn -0.5837 -0.2980 -0.7553
vn -0.6094 -0.1597 -0.7766
vn -0.6188 -0.0274 -0.7851
vn -0.3845 -0.0393 -0.9223
vn -0.4487 -0.1852 -0.8743
vn -0.5938 -0.2979 -0.7475
vn -0.4963 -0.3188 -0.8075
vn -0.5662 -0.4286 -0.7040
vn -0.5649 -0.4281 -0.7054
vn -0.4844 -0.4263 -0.7640
vn -0.5543 -0.3225 -0.7673
vn -0.4611 -0.2741 -0.8440
vn -0.5504 -0.3734 -0.7467
vn -0.5549 -0.4301 -0.7121
vn -0.5541 -0.4299 -0.7128
vn -0.5335 -0.4151 -0.7369
vn -0.5323 -0.4426 -0.7216
vn -0.5289 -0.4202 -0.7373
vn -0.6587 -0.4851 -0.5751
vn -0.5565 -0.3693 -0.7443
vn -0.5244 -0.3508 -0.7758
vn -0.4929 -0.3476 -0.7976
vn -0.4780 -0.4105 -0.7766
vn -0.5311 -0.2505 -0.8094
vn -0.5073 -0.2530 -0.8238
vn -0.5502 -0.2468 -0.7977
vn -0.4765 -0.4174 -0.7738
vn -0.4920 -0.3478 -0.7981
vn -0.4733 -0.4198 -0.7744
vn -0.4879 -0.3448 -0.8019
vn -0.5059 -0.2517 -0.8251
vn -0.5003 -0.2451 -0.8305
vn -0.5173 -0.1719 -0.8384
vn -0.5126 -0.1721 -0.8412
vn -0.5043 -0.1657 -0.8475
vn -0.5143 -0.1332 -0.8472
vn -0.5027 -0.1292 -0.8548
vn -0.5236 -0.1311 -0.8418
vn -0.5616 -0.1653 -0.8108
vn -0.5372 -0.1693 -0.8263
vn -0.5404 -0.1270 -0.8318
vn -0.5704 -0.1233 -0.8121
vn -0.5831 -0.0964 -0.8066
vn -0.5471 -0.1069 -0.8302
vn -0.5294 -0.1143 -0.8406
vn -0.5689 -0.0850 -0.8180
vn -0.5362 -0.1007 -0.8380
vn -0.6154 -0.0567 -0.7862
vn -0.5156 -0.1181 -0.8486
vn -0.5004 -0.1173 -0.8578
vn -0.5187 -0.1058 -0.8484
vn -0.5000 -0.1076 -0.8593
vn -0.5624 -0.0651 -0.8243
vn -0.5204 -0.0819 -0.8500
vn -0.4980 -0.0776 -0.8637
vn -0.5341 -0.0214 -0.8452
vn -0.3811 0.1418 -0.9136
vn -0.6190 0.0192 -0.7851
vn -0.6504 0.0204 -0.7593
vn -0.6177 -0.0183 -0.7862
vn -0.6589 0.0672 -0.7492
vn -0.6569 0.0761 -0.7501
vn -0.6692 -0.6308 0.3926
vn -0.6839 -0.6088 0.4020
vn -0.6804 -0.6126 0.4023
vn -0.6662 -0.6338 0.3931
vn -0.6868 -0.6051 0.4027
vn -0.6722 -0.6272 0.3934
vn -0.6659 -0.6361 0.3898
vn -0.6689 -0.6325 0.3905
vn -0.6630 -0.6389 0.3902
vn -0.6750 -0.6238 0.3940
vn -0.6894 -0.6018 0.4031
vn -0.6780 -0.6210 0.3934
vn -0.6919 -0.5998 0.4019
vn -0.6747 -0.6261 0.3908
vn -0.6717 -0.6290 0.3913
vn -0.6697 -0.6320 0.3901
vn -0.6725 -0.6285 0.3908
vn -0.6753 -0.6258 0.3903
vn -0.6765 -0.6231 0.3924
vn -0.6790 -0.6208 0.3918
vn -0.6740 -0.6263 0.3917
vn -0.6638 -0.6385 0.3895
vn -0.6667 -0.6356 0.3892
vn -0.6711 -0.6300 0.3908
vn -0.6680 -0.6333 0.3908
vn -0.7406 0.6615 0.1181
vn -0.7616 0.6319 0.1440
vn -0.7672 0.6233 0.1511
vn -0.7958 0.6020 0.0654
vn -0.8011 0.5940 0.0735
vn -0.7762 0.6294 0.0362
vn -0.7699 0.6192 0.1545
vn -0.7761 0.6093 0.1625
vn -0.8037 0.5900 0.0774
vn -0.8096 0.5805 0.0868
vn -0.8326 0.5539 -0.0022
vn -0.8351 0.5501 0.0023
vn -0.8411 0.5407 0.0135
vn -0.8091 0.5861 -0.0434
vn -0.8276 0.5612 -0.0112
vn -0.5299 -0.2490 -0.8107
vn -0.5173 -0.2195 -0.8271
vn -0.5193 -0.1761 -0.8363
vn -0.4996 -0.0988 -0.8606
vn -0.4913 -0.0986 -0.8654
vn -0.5214 -0.0989 -0.8476
vn -0.5104 -0.1250 -0.8508
vn -0.4284 -0.0882 -0.8993
vn -0.4759 -0.0988 -0.8739
vn -0.4159 -0.0998 -0.9039
vn -0.4900 -0.0868 -0.8674
vn -0.4755 -0.0852 -0.8756
vn -0.4196 -0.0843 -0.9038
vn -0.5198 -0.0903 -0.8495
vn -0.4982 -0.0887 -0.8625
vn -0.1696 -0.0923 0.9812
vn -0.2256 -0.0938 0.9697
vn -0.2506 -0.0964 0.9633
vn -0.2255 -0.1206 0.9667
vn -0.2556 -0.1232 0.9589
vn -0.1690 -0.1202 0.9783
vn -0.2879 -0.0968 0.9528
vn -0.3960 -0.0909 0.9137
vn -0.2911 -0.1237 0.9487
vn -0.3897 -0.1157 0.9136
vn -0.2504 -0.1329 0.9590
vn -0.2874 -0.1343 0.9483
vn -0.3784 -0.1273 0.9169
vn -0.2867 -0.1650 0.9437
vn -0.3725 -0.1590 0.9143
vn -0.2508 -0.1629 0.9542
vn -0.1624 -0.1304 0.9781
vn -0.2179 -0.1299 0.9673
vn -0.2241 -0.1636 0.9607
vn -0.1746 -0.1717 0.9695
vn -0.9004 0.0771 -0.4281
vn -0.8885 0.0685 -0.4537
vn -0.8980 0.0259 -0.4392
vn -0.9086 0.0273 -0.4168
vn -0.9064 0.0448 -0.4199
vn -0.9009 0.0723 -0.4280
vn -0.9140 0.0068 -0.4056
vn -0.9090 0.0021 -0.4167
vn -0.9015 0.0048 -0.4327
vn -0.9286 0.0492 -0.3679
vn -0.9161 0.0555 -0.3970
vn -0.9778 0.0303 -0.2073
vn -0.9723 0.0426 -0.2298
vn -0.9824 0.0299 -0.1845
vn -0.9265 0.0221 -0.3756
vn -0.9150 -0.0057 -0.4034
vn -0.9213 -0.0122 -0.3886
vn -0.9786 0.0084 -0.2058
vn -0.9727 -0.0116 -0.2320
vn -0.9228 -0.0058 -0.3852
vn -0.9135 -0.0168 -0.4064
vn -0.9026 -0.0314 -0.4293
vn -0.9145 -0.0150 -0.4042
vn -0.9076 -0.0391 -0.4181
vn -0.8996 -0.0553 -0.4331
vn -0.8562 -0.3859 -0.3434
vn -0.8629 -0.3649 -0.3495
vn -0.8703 -0.3668 -0.3286
vn -0.8702 -0.3724 -0.3227
vn -0.8660 -0.3764 -0.3292
vn -0.8737 -0.3608 -0.3263
vn -0.8972 -0.2647 -0.3535
vn -0.8927 -0.2789 -0.3539
vn -0.8907 -0.2572 -0.3748
vn -0.8793 -0.3437 -0.3298
vn -0.8638 -0.3853 -0.3247
vn -0.8805 -0.3826 -0.2801
vn -0.8990 -0.3160 -0.3033
vn -0.8924 -0.2923 -0.3438
vn -0.9152 -0.2949 -0.2748
vn -0.9110 -0.1601 -0.3801
vn -0.9149 -0.1783 -0.3622
vn -0.9471 -0.1884 -0.2600
vn -0.9672 -0.0762 -0.2422
vn -0.9248 -0.0569 -0.3761
vn -0.9151 -0.0348 -0.4017
vn -0.9144 -0.1415 -0.3793
vn -0.9061 -0.1299 -0.4027
vn -0.9133 -0.0199 -0.4069
vn -0.8975 -0.0235 -0.4404
vn -0.2839 0.7981 -0.5315
vn -0.2543 0.7970 -0.5479
vn -0.2448 0.7964 -0.5530
vn -0.1999 0.8685 -0.4535
vn -0.1903 0.8679 -0.4587
vn -0.2304 0.8697 -0.4365
vn -0.2335 0.7957 -0.5589
vn -0.1927 0.7920 -0.5794
vn -0.1791 0.8672 -0.4647
vn -0.1384 0.8632 -0.4856
vn -0.1316 0.9247 -0.3573
vn -0.1201 0.9238 -0.3634
vn -0.0792 0.9196 -0.3849
vn -0.0163 0.9602 -0.2788
vn -0.0577 0.9648 -0.2564
vn -0.0694 0.9658 -0.2500
vn -0.1726 0.9266 -0.3342
vn -0.1414 0.9253 -0.3519
vn -0.0795 0.9664 -0.2443
vn -0.1114 0.9677 -0.2260
vn 0.1081 0.9898 0.0927
vn 0.0755 0.9907 0.1133
vn 0.0144 0.9999 -0.0006
vn 0.0471 0.9987 -0.0204
vn 0.1180 0.9894 0.0852
vn 0.0572 0.9980 -0.0271
vn -0.0160 0.9910 -0.1330
vn -0.0484 0.9923 -0.1141
vn -0.0058 0.9903 -0.1392
vn 0.0690 0.9970 -0.0348
vn 0.0061 0.9893 -0.1461
vn 0.0480 0.9843 -0.1697
vn 0.1113 0.9920 -0.0598
vn 0.1295 0.9886 0.0767
vn 0.1720 0.9838 0.0500
vn -0.4299 0.4541 0.7804
vn -0.3945 0.4763 0.7858
vn -0.4292 0.5343 0.7283
vn -0.4632 0.5091 0.7254
vn -0.4726 0.5018 0.7244
vn -0.4398 0.4476 0.7786
vn -0.4983 0.5561 0.6651
vn -0.5072 0.5482 0.6650
vn -0.4657 0.5839 0.6650
vn -0.4450 0.4440 0.7777
vn -0.4774 0.4981 0.7239
vn -0.4891 0.4887 0.7225
vn -0.4582 0.4349 0.7752
vn -0.5116 0.5443 0.6648
vn -0.5221 0.5346 0.6645
vn -0.5434 0.5865 0.6006
vn -0.5475 0.5824 0.6009
vn -0.5571 0.5725 0.6016
vn -0.5349 0.5950 0.5999
vn -0.5037 0.6249 0.5965
vn -0.9133 0.1367 -0.3836
vn -0.9296 0.1320 -0.3442
vn -0.9343 0.1304 -0.3319
vn -0.9300 0.0616 -0.3624
vn -0.9347 0.0609 -0.3502
vn -0.9137 0.0638 -0.4013
vn -0.9377 0.1292 -0.3226
vn -0.9468 0.1256 -0.2964
vn -0.9384 0.0601 -0.3403
vn -0.9483 0.0582 -0.3119
vn -0.9334 0.0025 -0.3589
vn -0.9373 0.0023 -0.3486
vn -0.9481 0.0017 -0.3179
vn -0.9357 -0.0437 -0.3500
vn -0.9474 -0.0433 -0.3171
vn -0.9316 -0.0437 -0.3609
vn -0.9124 0.0031 -0.4092
vn -0.9286 0.0027 -0.3711
vn -0.9268 -0.0437 -0.3730
vn -0.9108 -0.0447 -0.4105
vn -0.3082 0.2640 0.9139
vn -0.3473 0.2519 0.9033
vn -0.3585 0.2479 0.9000
vn -0.3712 0.3242 0.8701
vn -0.3820 0.3193 0.8673
vn -0.3332 0.3398 0.8795
vn -0.3654 0.2450 0.8980
vn -0.3840 0.2382 0.8921
vn -0.3883 0.3161 0.8656
vn -0.4051 0.3083 0.8607
vn -0.4093 0.3864 0.8265
vn -0.4151 0.3830 0.8252
vn -0.4300 0.3744 0.8215
vn -0.3623 0.4111 0.8365
vn -0.3990 0.3921 0.8289
vn -0.9257 -0.0744 -0.3708
vn -0.9098 -0.0759 -0.4079
vn -0.9305 -0.0746 -0.3586
vn -0.9265 -0.0816 -0.3673
vn -0.9312 -0.0828 -0.3550
vn -0.9108 -0.0824 -0.4045
vn -0.9348 -0.0749 -0.3471
vn -0.9473 -0.0739 -0.3116
vn -0.9357 -0.0842 -0.3425
vn -0.9490 -0.0839 -0.3039
vn -0.9184 -0.1926 -0.3457
vn -0.9237 -0.1717 -0.3425
vn -0.9391 -0.1446 -0.3117
vn -0.8973 -0.2220 -0.3816
vn -0.9133 -0.2080 -0.3502
vn -0.2398 -0.3783 0.8941
vn -0.2795 -0.3610 0.8897
vn -0.2961 -0.3560 0.8863
vn -0.3106 -0.4912 0.8138
vn -0.3229 -0.4847 0.8129
vn -0.2720 -0.5101 0.8160
vn -0.3221 -0.3535 0.8782
vn -0.3952 -0.3356 0.8551
vn -0.3379 -0.4775 0.8111
vn -0.3877 -0.4542 0.8021
vn -0.3172 -0.4315 0.8445
vn -0.3301 -0.4253 0.8427
vn -0.3712 -0.4073 0.8345
vn -0.3049 -0.4377 0.8458
vn -0.2651 -0.4555 0.8498
vn -0.5098 -0.3177 0.7995
vn -0.4666 -0.2848 0.8374
vn -0.2766 -0.0459 0.9599
vn -0.3463 -0.0790 0.9348
vn -0.3740 -0.1008 0.9219
vn -0.5223 -0.3338 0.7847
vn -0.2684 0.0108 0.9633
vn -0.3022 -0.0115 0.9532
vn -0.1888 0.0379 0.9813
vn -0.5443 -0.3392 0.7672
vn -0.4105 -0.1177 0.9042
vn -0.5070 -0.1201 0.8535
vn -0.5961 -0.3213 0.7358
vn -0.4593 -0.0387 0.8874
vn -0.3451 -0.0277 0.9381
vn -0.2807 0.0024 0.9598
vn -0.3241 -0.0079 0.9460
vn -0.4350 -0.0170 0.9003
vn -0.1581 0.0442 0.9864
vn -0.2408 0.0209 0.9704
vn -0.8961 0.0460 -0.4414
vn -0.8801 0.0336 -0.4737
vn -0.9048 0.0571 -0.4219
vn -0.8845 0.0681 -0.4616
vn -0.8917 0.0759 -0.4461
vn -0.8754 0.0798 -0.4768
vn -0.9226 0.0460 -0.3831
vn -0.9740 0.0193 -0.2255
vn -0.9740 0.0778 -0.2128
vn -0.9129 0.0921 -0.3976
vn -0.8884 0.0739 -0.4530
vn -0.9091 0.0724 -0.4103
vn -0.9708 0.0798 -0.2262
vn -0.8807 0.1038 -0.4621
vn -0.8901 0.0895 -0.4469
vn -0.8649 0.0040 0.5019
vn -0.8650 0.0052 0.5018
vn -0.8686 0.0034 0.4954
vn -0.8682 0.0045 0.4962
vn -0.8639 0.0023 0.5036
vn -0.8641 0.0042 0.5034
vn -0.8648 0.0022 0.5021
vn -0.8638 0.0008 0.5039
vn -0.8681 0.0035 0.4965
vn -0.8630 -0.0004 0.5052
vn -0.8627 -0.0006 0.5057
vn -0.8581 -0.0096 0.5133
vn -0.8583 -0.0059 0.5132
vn -0.8626 -0.0010 0.5059
vn -0.8583 -0.0045 0.5131
vn -0.8637 -0.0003 0.5041
vn -0.8626 -0.0014 0.5059
vn -0.8584 -0.0037 0.5130
vn -0.8625 -0.0015 0.5060
vn -0.8585 -0.0030 0.5128
vn -0.8636 -0.0009 0.5041
vn -0.8680 0.0019 0.4966
vn -0.8647 0.0007 0.5023
vn -0.8647 -0.0004 0.5024
vn -0.8680 0.0006 0.4965
vn -0.4907 -0.1199 -0.8630
vn -0.4848 -0.1118 -0.8674
vn -0.4692 -0.1022 -0.8772
vn -0.4780 -0.1063 -0.8719
vn -0.4807 -0.1057 -0.8705
vn -0.4613 -0.0991 -0.8817
vn -0.4490 -0.0995 -0.8880
vn -0.4479 -0.0932 -0.8892
vn -0.4278 -0.0851 -0.8998
vn -0.3478 -0.1725 -0.9215
vn -0.3969 -0.0435 -0.9168
vn -0.4309 -0.0790 -0.8989
vn -0.4453 -0.0595 -0.8934
vn -0.3856 -0.0114 -0.9226
vn -0.3469 0.0469 -0.9367
vn -0.3073 0.2000 -0.9303
vn -0.3045 0.2629 -0.9155
vn -0.3910 0.1138 -0.9133
vn -0.4766 -0.0753 -0.8759
vn -0.4406 0.0833 -0.8938
vn 0.8616 0.0052 -0.5075
vn 0.8648 0.0004 -0.5022
vn 0.8648 0.0006 -0.5020
vn 0.8619 0.0064 -0.5070
vn 0.8613 0.0041 -0.5081
vn 0.8647 0.0001 -0.5023
vn 0.8489 0.0244 -0.5280
vn 0.8476 0.0199 -0.5303
vn 0.8501 0.0295 -0.5258
vn 0.8646 -0.0001 -0.5024
vn 0.8610 0.0030 -0.5086
vn 0.8607 0.0019 -0.5092
vn 0.8646 -0.0003 -0.5025
vn 0.8462 0.0154 -0.5326
vn 0.8449 0.0108 -0.5348
vn 0.7796 0.0884 -0.6200
vn 0.7738 0.0694 -0.6296
vn 0.7679 0.0496 -0.6386
vn 0.4822 0.2231 -0.8472
vn 0.4632 0.1592 -0.8718
vn 0.5007 0.2838 -0.8177
vn 0.7896 0.1285 -0.6000
vn 0.7850 0.1075 -0.6101
vn 0.5173 0.3434 -0.7839
vn 0.5303 0.4045 -0.7451
vn 0.8711 -0.0127 -0.4910
vn 0.8718 -0.0111 -0.4898
vn 0.8669 -0.0030 -0.4984
vn 0.8668 -0.0034 -0.4987
vn 0.8723 -0.0093 -0.4888
vn 0.8671 -0.0026 -0.4982
vn 0.8892 -0.0427 -0.4555
vn 0.8915 -0.0354 -0.4515
vn 0.8863 -0.0492 -0.4605
vn 0.8671 -0.0022 -0.4981
vn 0.8727 -0.0074 -0.4881
vn 0.8672 -0.0018 -0.4980
vn 0.8729 -0.0054 -0.4878
vn 0.8932 -0.0275 -0.4489
vn 0.8940 -0.0193 -0.4476
vn 0.9471 -0.1415 -0.2880
vn 0.9546 -0.1095 -0.2771
vn 0.9593 -0.0760 -0.2719
vn 0.9439 -0.2855 0.1659
vn 0.9622 -0.2007 0.1843
vn 0.9210 -0.3655 0.1347
vn 0.9252 -0.1970 -0.3243
vn 0.9372 -0.1709 -0.3040
vn 0.8937 -0.4392 0.0922
vn 0.8622 -0.5051 0.0398
vn 0.8600 -0.0034 -0.5102
vn 0.8601 -0.0049 -0.5101
vn 0.8645 -0.0017 -0.5027
vn 0.8644 -0.0014 -0.5027
vn 0.8603 -0.0064 -0.5097
vn 0.8645 -0.0020 -0.5026
vn 0.8424 -0.0173 -0.5385
vn 0.8431 -0.0235 -0.5372
vn 0.8421 -0.0112 -0.5392
vn 0.8646 -0.0024 -0.5025
vn 0.8606 -0.0079 -0.5093
vn 0.8610 -0.0094 -0.5086
vn 0.8646 -0.0027 -0.5024
vn 0.8442 -0.0296 -0.5352
vn 0.8457 -0.0357 -0.5325
vn 0.7576 -0.0952 -0.6457
vn 0.7617 -0.1206 -0.6367
vn 0.7672 -0.1456 -0.6247
vn 0.4430 -0.3489 -0.8259
vn 0.4588 -0.4166 -0.7849
vn 0.4311 -0.2779 -0.8584
vn 0.7542 -0.0438 -0.6552
vn 0.7551 -0.0695 -0.6519
vn 0.4235 -0.2043 -0.8826
vn 0.4207 -0.1289 -0.8980
vn 0.8729 -0.0034 -0.4879
vn 0.8672 -0.0014 -0.4980
vn 0.8727 -0.0015 -0.4883
vn 0.8671 -0.0010 -0.4981
vn 0.8940 -0.0111 -0.4479
vn 0.8932 -0.0034 -0.4497
vn 0.8670 -0.0007 -0.4982
vn 0.8723 0.0001 -0.4890
vn 0.8717 0.0015 -0.4900
vn 0.8669 -0.0004 -0.4984
vn 0.8895 0.0095 -0.4568
vn 0.8916 0.0036 -0.4528
vn 0.9598 -0.0104 -0.2805
vn 0.9557 0.0186 -0.2936
vn 0.9496 0.0439 -0.3104
vn 0.9869 0.0534 0.1524
vn 0.9849 0.1291 0.1154
vn 0.9837 -0.0284 0.1777
vn 0.9611 -0.0424 -0.2730
vn 0.9754 -0.1140 0.1886
vn 0.8694 0.0053 -0.4940
vn 0.8689 0.0062 -0.4949
vn 0.8663 0.0006 -0.4995
vn 0.8664 0.0004 -0.4993
vn 0.8685 0.0078 -0.4957
vn 0.8662 0.0010 -0.4996
vn 0.8784 0.0291 -0.4770
vn 0.8767 0.0348 -0.4799
vn 0.8804 0.0253 -0.4735
vn 0.8661 0.0019 -0.4998
vn 0.8679 0.0106 -0.4965
vn 0.8673 0.0160 -0.4975
vn 0.8660 0.0032 -0.5001
vn 0.8745 0.0456 -0.4829
vn 0.8714 0.0663 -0.4861
vn 0.9011 0.1500 -0.4068
vn 0.8884 0.1910 -0.4174
vn 0.8648 0.2680 -0.4247
vn 0.6898 0.6926 -0.2110
vn 0.8015 0.5675 -0.1887
vn 0.8696 0.4687 -0.1554
vn 0.9176 0.1120 -0.3813
vn 0.9095 0.1277 -0.3956
vn 0.9050 0.4080 -0.1206
vn 0.9306 0.3579 -0.0768
vn -0.9042 -0.0522 -0.4239
vn -0.8916 -0.0728 -0.4469
vn -0.8960 -0.0229 -0.4434
vn -0.9022 -0.0760 -0.4246
vn -0.8864 -0.0399 -0.4611
vn -0.8930 -0.1065 -0.4373
vn -0.9187 0.0072 -0.3948
vn -0.9708 0.0022 -0.2399
vn -0.9070 0.0060 -0.4211
vn -0.9706 0.0151 -0.2401
vn -0.9274 -0.1920 -0.3209
vn -0.9325 -0.1345 -0.3352
vn -0.9808 -0.0782 -0.1784
vn -0.9329 -0.3559 0.0555
vn -0.9067 -0.4216 -0.0118
vn -0.8941 -0.4477 0.0132
vn -0.9198 -0.2485 -0.3036
vn -0.9280 -0.2173 -0.3028
vn -0.8906 -0.4548 0.0074
vn -0.8863 -0.4631 -0.0022
vn 0.4078 0.2734 0.8712
vn 0.4331 0.2508 0.8657
vn 0.2205 0.1765 0.9593
vn 0.2533 0.2425 0.9365
vn 0.4226 0.3088 0.8521
vn 0.4396 0.2699 0.8567
vn 0.3542 0.3086 0.8828
vn 0.3959 0.3619 0.8440
vn 0.2029 0.2786 0.9387
vn 0.4718 0.2774 0.8369
vn 0.4627 0.3251 0.8247
vn 0.4891 0.3262 0.8090
vn 0.4945 0.2732 0.8251
vn 0.4424 0.3882 0.8085
vn 0.4737 0.4035 0.7828
vn -0.8591 -0.0038 0.5118
vn -0.8627 -0.0046 0.5057
vn -0.8638 -0.0061 0.5038
vn -0.8626 -0.0027 0.5059
vn -0.8637 -0.0031 0.5041
vn -0.8588 -0.0029 0.5124
vn -0.8648 -0.0076 0.5020
vn -0.8681 -0.0088 0.4963
vn -0.8682 -0.0039 0.4963
vn -0.8647 -0.0037 0.5023
vn -0.8636 -0.0016 0.5041
vn -0.8647 -0.0015 0.5023
vn -0.8682 -0.0010 0.4962
vn -0.8586 -0.0026 0.5126
vn -0.8625 -0.0018 0.5060
vn 0.3995 -0.5953 0.6972
vn 0.4268 -0.5933 0.6825
vn 0.4374 -0.5912 0.6776
vn 0.3963 -0.6583 0.6400
vn 0.4075 -0.6554 0.6359
vn 0.3694 -0.6607 0.6534
vn 0.4577 -0.5893 0.6658
vn 0.5314 -0.5851 0.6125
vn 0.4307 -0.6530 0.6229
vn 0.5109 -0.6464 0.5666
vn 0.4669 -0.4497 0.7614
vn 0.5008 -0.4364 0.7475
vn 0.6032 -0.4254 0.6746
vn 0.4175 -0.4801 0.7715
vn 0.4517 -0.4648 0.7615
vn 0.5509 0.0995 0.8286
vn 0.5812 0.2808 0.7638
vn 0.5400 0.1179 0.8334
vn 0.5421 0.2690 0.7961
vn 0.5371 0.0787 0.8398
vn 0.5342 0.0856 0.8410
vn 0.5523 0.1239 0.8244
vn 0.5407 0.2641 0.7987
vn 0.5642 0.1248 0.8162
vn 0.5462 0.2598 0.7964
vn 0.5693 0.0941 0.8167
vn 0.5507 0.0917 0.8297
vn 0.5321 0.0824 0.8426
vn 0.5502 0.0823 0.8310
vn 0.5873 0.0753 0.8059
vn 0.6781 0.0184 0.7347
vn 0.5556 0.0839 0.8272
vn 0.5323 0.0893 0.8418
vn 0.5328 0.0815 0.8423
vn 0.5312 0.0889 0.8426
vn -0.6412 0.1190 -0.7581
vn -0.6559 0.1342 -0.7428
vn -0.6608 0.1328 -0.7387
vn -0.6568 0.1635 -0.7361
vn -0.6360 0.1435 -0.7583
vn -0.6242 0.1293 -0.7705
vn -0.5730 0.1137 -0.8116
vn -0.2821 0.1887 -0.9407
vn -0.2853 0.2107 -0.9350
vn -0.6070 0.1810 -0.7738
vn -0.6424 0.0849 -0.7616
vn -0.6203 0.0999 -0.7780
vn -0.3317 0.1066 -0.9373
vn -0.6155 0.0524 -0.7864
vn -0.6249 0.0664 -0.7779
vn 0.4291 0.0821 0.8995
vn 0.4702 0.0868 0.8783
vn 0.4782 0.0944 0.8732
vn 0.4648 0.1287 0.8760
vn 0.4685 0.1420 0.8720
vn 0.4143 0.1178 0.9025
vn 0.4883 0.1014 0.8667
vn 0.5101 0.1047 0.8537
vn 0.4841 0.1497 0.8621
vn 0.5059 0.1505 0.8494
vn 0.4548 0.2096 0.8656
vn 0.4782 0.2173 0.8509
vn 0.5000 0.2148 0.8390
vn 0.4506 0.1842 0.8735
vn 0.3723 0.1534 0.9154
vn 0.6914 -0.6116 -0.3846
vn 0.6864 -0.6133 -0.3907
vn 0.6819 -0.6201 -0.3880
vn 0.6875 -0.6174 -0.3822
vn 0.6873 -0.6178 -0.3822
vn 0.6815 -0.6206 -0.3878
vn 0.6800 -0.6213 -0.3894
vn 0.6804 -0.6206 -0.3897
vn 0.6851 -0.6137 -0.3925
vn 0.6866 -0.6129 -0.3910
vn 0.6919 -0.6106 -0.3853
vn 0.7112 -0.5795 -0.3980
vn 0.7077 -0.5797 -0.4038
vn 0.6853 -0.6134 -0.3926
vn 0.7067 -0.5800 -0.4052
vn 0.6783 -0.6221 -0.3909
vn 0.6835 -0.6145 -0.3939
vn 0.7047 -0.5818 -0.4061
vn 0.6978 -0.5874 -0.4098
vn 0.6772 -0.6184 -0.3987
vn 0.6724 -0.6253 -0.3962
vn 0.6833 -0.6147 -0.3940
vn 0.6788 -0.6214 -0.3913
vn 0.6729 -0.6244 -0.3967
vn 0.6771 -0.6181 -0.3994
vn 0.8648 -0.0070 -0.5021
vn 0.8646 -0.0287 -0.5016
vn 0.8621 -0.0274 -0.5059
vn 0.8620 -0.0066 -0.5068
vn 0.8653 -0.0288 -0.5004
vn 0.8656 -0.0071 -0.5007
vn 0.8648 -0.0005 -0.5021
vn 0.8656 -0.0005 -0.5007
vn 0.8620 -0.0004 -0.5070
vn 0.8664 -0.0068 -0.4993
vn 0.8661 -0.0280 -0.4992
vn 0.8692 -0.0060 -0.4944
vn 0.8686 -0.0257 -0.4948
vn 0.8665 -0.0004 -0.4993
vn 0.8694 -0.0001 -0.4941
vn 0.8656 0.0065 -0.5007
vn 0.8664 0.0063 -0.4993
vn 0.8694 0.0061 -0.4940
vn 0.8689 0.0297 -0.4942
vn 0.8658 0.0315 -0.4993
vn 0.8650 0.0320 -0.5007
vn 0.8620 0.0056 -0.5068
vn 0.8648 0.0062 -0.5021
vn 0.8643 0.0313 -0.5020
vn 0.8617 0.0289 -0.5066
vn -0.9269 -0.0313 -0.3741
vn -0.8128 -0.2309 -0.5348
vn -0.7787 -0.2419 -0.5788
vn -0.9001 -0.0334 -0.4343
vn -0.8211 -0.2305 -0.5222
vn -0.9335 -0.0369 -0.3567
vn -0.9433 0.0096 -0.3319
vn -0.9504 0.0061 -0.3110
vn -0.9164 0.0124 -0.4002
vn -0.9105 -0.0455 -0.4109
vn -0.7835 -0.2410 -0.5728
vn -0.5099 -0.2377 -0.8268
vn -0.6620 -0.0576 -0.7473
vn -0.6988 0.0041 -0.7153
vn -0.9316 0.0030 -0.3636
vn -0.9633 0.0532 -0.2630
vn -0.9481 0.0497 -0.3142
vn -0.7381 0.0478 -0.6730
vn -0.9670 0.1535 -0.2034
vn -0.8317 0.1683 -0.5292
vn -0.9748 0.1572 -0.1585
vn -0.9575 0.0582 -0.2826
vn -0.9337 0.0649 -0.3520
vn -0.9707 0.1663 -0.1734
vn -0.9541 0.1841 -0.2364
vn 0.8744 0.1140 0.4716
vn 0.7811 0.2526 0.5711
vn 0.7690 0.2524 0.5874
vn 0.8585 0.1156 0.4997
vn 0.7862 0.2540 0.5634
vn 0.8836 0.1111 0.4549
vn 0.9058 0.0755 0.4169
vn 0.8927 0.0807 0.4434
vn 0.8765 0.0826 0.4743
vn 0.9144 0.1028 0.3915
vn 0.8234 0.2473 0.5107
vn 0.9179 0.2177 0.3317
vn 0.9732 0.0835 0.2141
vn 0.9352 0.0652 0.3481
vn 0.9835 0.0505 0.1739
vn 0.9276 0.0380 0.3715
vn 0.9517 0.0290 0.3056
vn 0.9890 0.0234 0.1463
vn 0.9941 -0.0609 0.0893
vn 0.9750 -0.0779 0.2079
vn 0.9640 -0.0765 0.2548
vn 0.8933 0.0520 0.4464
vn 0.9113 0.0470 0.4090
vn 0.9538 -0.0665 0.2931
vn 0.9380 -0.0580 0.3418
vn 0.5290 0.1075 0.8418
vn 0.5313 0.1105 0.8399
vn 0.5267 0.1537 0.8360
vn 0.5253 0.1508 0.8375
vn 0.5586 0.1099 0.8221
vn 0.7089 0.0750 0.7013
vn 0.5528 0.1594 0.8179
vn 0.7073 0.1420 0.6925
vn 0.5194 0.2106 0.8282
vn 0.5407 0.2170 0.8127
vn 0.6995 0.2068 0.6840
vn 0.6935 0.2455 0.6773
vn 0.5298 0.2514 0.8100
vn 0.5163 0.2534 0.8181
vn 0.5200 0.2112 0.8276
vn 0.5163 0.2643 0.8146
vn 0.8632 -0.0175 -0.5046
vn 0.8621 0.0504 -0.5042
vn 0.8554 0.0444 -0.5160
vn 0.8569 -0.0179 -0.5152
vn 0.8647 -0.0225 -0.5018
vn 0.8639 0.0492 -0.5012
vn 0.8640 -0.0370 -0.5021
vn 0.8627 -0.0303 -0.5048
vn 0.8569 -0.0325 -0.5145
vn 0.8661 -0.0287 -0.4990
vn 0.8658 0.0447 -0.4984
vn 0.8711 -0.0351 -0.4899
vn 0.8715 0.0374 -0.4890
vn 0.8695 -0.0597 -0.4903
vn 0.8651 -0.0468 -0.4994
vn 0.8621 -0.0730 -0.5014
vn 0.8626 -0.0861 -0.4986
vn 0.8654 -0.1079 -0.4893
vn 0.8514 -0.2076 -0.4816
vn 0.8518 -0.1802 -0.4919
vn 0.8526 -0.1665 -0.4953
vn 0.8556 -0.0743 -0.5122
vn 0.8612 -0.0662 -0.5040
vn 0.8519 -0.1632 -0.4977
vn 0.8450 -0.1802 -0.5035
vn 0.0097 0.9995 -0.0292
vn 0.0425 0.9981 -0.0440
vn 0.0366 0.9987 -0.0360
vn 0.0056 0.9998 -0.0189
vn -0.0014 0.9996 -0.0267
vn -0.0033 0.9999 -0.0145
vn -0.0035 0.9999 -0.0111
vn 0.0051 0.9999 -0.0160
vn 0.0361 0.9988 -0.0338
vn -0.0119 0.9999 -0.0099
vn -0.0123 0.9997 -0.0221
vn -0.0389 0.9992 0.0054
vn -0.0413 0.9991 -0.0064
vn -0.0118 0.9999 -0.0064
vn -0.0384 0.9992 0.0088
vn -0.0105 0.9999 -0.0037
vn -0.0018 1.0000 -0.0090
vn -0.0372 0.9992 0.0118
vn -0.0023 1.0000 0.0055
vn -0.0296 0.9993 0.0226
vn 0.0077 1.0000 -0.0028
vn 0.0075 0.9999 -0.0149
vn 0.0385 0.9987 -0.0335
vn 0.0179 0.9998 -0.0127
vn 0.0487 0.9982 -0.0349
vn 0.1575 0.9801 -0.1206
vn 0.3372 0.9097 -0.2423
vn 0.3178 0.9259 -0.2044
vn 0.1524 0.9828 -0.1040
vn 0.3138 0.9307 -0.1881
vn 0.1520 0.9837 -0.0955
vn 0.5097 0.8029 -0.3091
vn 0.5023 0.8122 -0.2967
vn 0.5320 0.7746 -0.3420
vn 0.1579 0.9833 -0.0908
vn 0.3263 0.9277 -0.1812
vn 0.3630 0.9150 -0.1760
vn 0.1731 0.9811 -0.0869
vn 0.5092 0.8093 -0.2929
vn 0.5319 0.7951 -0.2913
vn 0.7916 0.4005 -0.4615
vn 0.7959 0.3955 -0.4584
vn 0.8093 0.3756 -0.4516
vn 0.7941 0.3620 -0.4882
vn 0.7925 0.3912 -0.4679
vn -0.3213 0.7832 -0.5324
vn -0.5131 -0.1366 -0.8474
vn -0.4575 -0.1743 -0.8720
vn -0.2775 0.7728 -0.5707
vn -0.3878 -0.2738 -0.8801
vn -0.2293 0.7459 -0.6254
vn -0.4053 -0.5470 -0.7325
vn -0.4379 -0.4852 -0.7568
vn -0.4607 -0.4615 -0.7582
vn -0.1429 0.7239 -0.6749
vn -0.2763 -0.3707 -0.8867
vn 0.0143 0.7677 -0.6407
vn -0.0602 -0.2858 -0.9564
vn -0.1241 -0.5578 -0.8207
vn -0.3225 -0.5953 -0.7359
vn -0.3854 -0.4771 -0.7898
vn -0.4577 -0.4748 -0.7517
vn -0.1887 -0.4501 -0.8728
vn -0.2121 -0.4002 -0.8915
vn -0.4049 -0.4031 -0.8207
vn -0.4766 -0.4080 -0.7787
vn -0.4635 -0.4562 -0.7597
vn -0.4592 -0.4624 -0.7585
vn -0.4721 -0.4170 -0.7767
vn -0.5442 0.7988 -0.2566
vn -0.8496 -0.1944 -0.4902
vn -0.6840 -0.3269 -0.6521
vn -0.5230 0.7418 -0.4197
vn -0.4459 0.7524 -0.4849
vn -0.6071 -0.2621 -0.7502
vn -0.4721 -0.5328 -0.7024
vn -0.5304 -0.5716 -0.6260
vn -0.6984 -0.5287 -0.4824
vn -0.5623 -0.1710 -0.8091
vn -0.3757 0.7744 -0.5090
vn -0.4725 -0.4793 -0.7396
vn -0.4666 -0.4605 -0.7551
vn -0.4668 -0.4560 -0.7578
vn -0.6963 -0.4676 -0.5446
vn -0.5323 -0.4689 -0.7049
vn -0.4850 -0.3371 -0.8069
vn -0.4858 -0.3234 -0.8121
vn -0.4949 -0.2337 -0.8369
vn -0.4911 -0.2167 -0.8438
vn -0.4243 -0.3187 -0.8476
vn -0.2327 -0.3274 -0.9158
vn -0.2518 -0.2403 -0.9375
vn -0.4406 -0.2133 -0.8720
vn -0.4474 -0.1305 -0.8848
vn -0.4869 -0.1364 -0.8627
vn -0.2708 -0.1739 -0.9468
vn -0.4958 -0.1538 -0.8547
vn 0.5152 0.3143 0.7973
vn 0.5324 0.2764 0.8001
vn 0.5056 0.4016 0.7636
vn 0.5453 0.3681 0.7531
vn 0.5483 0.2175 0.8075
vn 0.6822 0.2106 0.7002
vn 0.7061 0.2613 0.6581
vn 0.5862 0.2872 0.7575
vn -0.6537 0.6690 0.3537
vn -0.6459 0.6743 0.3580
vn -0.6739 0.6363 0.3754
vn -0.6817 0.6303 0.3715
vn -0.6874 0.6213 0.3760
vn -0.6796 0.6278 0.3796
vn -0.6754 0.6322 0.3796
vn -0.6698 0.6405 0.3755
vn -0.6420 0.6778 0.3584
vn -0.6744 0.6346 0.3774
vn -0.6828 0.6275 0.3742
vn -0.6556 0.6644 0.3589
vn -0.6449 0.6738 0.3607
vn -0.6398 0.6790 0.3600
vn -0.6701 0.6393 0.3773
vn -0.6661 0.6433 0.3774
vn -0.6713 0.6365 0.3798
vn -0.6362 0.6823 0.3603
vn -0.6577 0.6490 0.3825
vn -0.6293 0.6854 0.3663
vn -0.6625 0.6427 0.3847
vn -0.6380 0.6813 0.3588
vn -0.6658 0.6447 0.3757
vn -0.6568 0.6509 0.3808
vn -0.6288 0.6869 0.3643
vn -0.6941 -0.6019 0.3948
vn -0.6831 -0.6191 0.3875
vn -0.6923 -0.6011 0.3992
vn -0.7201 -0.5813 0.3790
vn -0.6997 -0.6116 0.3693
vn -0.7374 -0.5300 0.4188
vn -0.7437 -0.5281 0.4098
vn -0.7329 -0.5336 0.4220
vn -0.9431 -0.2686 0.1960
vn -0.7806 -0.5538 0.2900
vn -0.8153 -0.4734 0.3333
vn -0.8235 -0.3950 0.4072
vn -0.9000 -0.2034 0.3855
vn -0.8135 -0.3649 0.4528
vn -0.8042 -0.3755 0.4608
vn -0.8626 -0.1903 0.4687
vn -0.6750 -0.6146 0.4083
vn -0.7254 -0.5379 0.4295
vn -0.7160 -0.5463 0.4347
vn -0.6917 -0.5476 0.4708
vn -0.6639 -0.6033 0.4419
vn -0.7820 -0.3993 0.4785
vn -0.7332 -0.4293 0.5274
vn -0.7968 -0.3774 0.4719
vn -0.6208 -0.5197 0.5870
vn -0.6027 -0.4733 0.6424
vn -0.3567 -0.2338 0.9045
vn -0.5436 -0.3766 0.7501
vn -0.1731 -0.1585 0.9721
vn -0.4370 -0.1965 0.8777
vn -0.7568 -0.2665 0.5968
vn 0.0093 -0.0123 0.9999
vn -0.3518 0.0333 0.9355
vn -0.7516 -0.0664 0.6563
vn -0.8433 -0.1969 0.5001
vn -0.8279 -0.2254 0.5136
vn -0.8450 -0.0496 0.5325
vn -0.8592 -0.0252 0.5110
vn 0.7719 0.4450 -0.4540
vn 0.8472 0.1688 -0.5038
vn 0.7875 0.4065 -0.4633
vn 0.6692 0.6145 -0.4178
vn 0.7830 0.3192 -0.5339
vn 0.4927 0.8169 -0.2999
vn 0.4873 0.8203 -0.2994
vn 0.4955 0.8151 -0.3002
vn -0.1450 0.6779 -0.7207
vn 0.2936 0.4335 -0.8520
vn 0.2393 0.7383 -0.6306
vn 0.2867 0.9304 -0.2284
vn 0.0875 0.9728 -0.2146
vn 0.1902 0.9726 -0.1339
vn 0.1680 0.9792 -0.1138
vn 0.0627 0.9952 -0.0756
vn -0.8517 -0.2521 0.4594
vn -0.8831 -0.0954 0.4594
vn -0.8677 -0.0439 0.4952
vn -0.8478 -0.2075 0.4881
vn -0.8624 -0.3730 0.3424
vn -0.9211 -0.2345 0.3108
vn -0.7973 -0.4791 0.3672
vn -0.7995 -0.4060 0.4427
vn -0.8021 -0.3755 0.4643
vn -0.8354 -0.5497 -0.0001
vn -0.8801 -0.4607 -0.1147
vn -0.7172 -0.5460 -0.4331
vn -0.8078 -0.5746 0.1316
vn -0.8003 -0.5394 -0.2619
vn -0.7882 -0.5737 0.2226
vn -0.7418 -0.5589 0.3707
vn -0.8643 -0.4905 -0.1111
vn -0.7705 -0.5798 0.2648
vn -0.7105 -0.6000 0.3676
vn -0.7349 -0.5272 0.4266
vn -0.7355 -0.5364 0.4140
vn -0.6961 -0.5995 0.3951
vn -0.6834 -0.6116 0.3986
vn -0.6646 -0.6336 0.3961
vn -0.6791 -0.6139 0.4024
vn -0.7295 -0.5302 0.4322
vn -0.7299 -0.5352 0.4252
vn -0.7252 -0.5266 0.4435
vn -0.6854 -0.5808 0.4393
vn -0.6619 -0.6164 0.4266
vn -0.8067 -0.3362 0.4860
vn -0.8422 -0.1336 0.5223
vn -0.8076 -0.3541 0.4716
vn -0.7729 -0.3634 0.5202
vn -0.7916 -0.1616 0.5893
vn -0.6552 -0.5232 0.5449
vn -0.6911 -0.2500 0.6781
vn -0.7092 -0.4476 0.5447
vn 0.9425 0.3299 0.0544
vn 0.5568 0.7606 0.3340
vn 0.6970 0.7155 -0.0473
vn 0.7133 0.5768 -0.3982
vn 0.8650 0.2830 -0.4145
vn 0.5082 0.8083 -0.2972
vn 0.3406 0.9285 -0.1480
vn 0.2284 0.9733 0.0241
vn 0.7777 0.4336 -0.4552
vn 0.7911 0.4012 -0.4617
vn 0.8569 0.1661 -0.4880
vn 0.5066 0.8084 -0.2998
vn 0.5036 0.8102 -0.2999
vn 0.2049 0.9715 -0.1187
vn 0.0886 0.9955 -0.0331
vn 0.1740 0.9786 -0.1100
vn -0.6817 0.6531 0.3298
vn -0.5825 0.7692 0.2625
vn -0.5519 0.7812 0.2919
vn -0.3693 0.9204 0.1284
vn -0.3413 0.9249 0.1675
vn -0.4671 0.8841 -0.0155
vn -0.6788 0.7172 0.1579
vn -0.7640 0.5967 0.2454
vn -0.1566 0.9877 -0.0004
vn -0.1363 0.9895 0.0482
vn -0.0547 0.9967 -0.0594
vn -0.1094 0.9610 -0.2541
vn -0.2318 0.9560 -0.1796
vn -0.3838 0.6989 -0.6035
vn -0.6547 0.6458 -0.3929
vn -0.2302 0.6983 -0.6777
vn -0.4311 0.2717 -0.8604
vn -0.6724 0.2580 -0.6937
vn -0.9089 0.4165 0.0191
vn -0.8514 0.5103 -0.1212
vn -0.8805 0.2213 -0.4193
vn 0.7562 -0.4237 -0.4987
vn 0.8016 -0.3624 -0.4755
vn 0.8076 -0.2435 -0.5372
vn 0.6913 -0.5609 -0.4555
vn 0.7337 -0.5228 -0.4340
vn 0.5688 -0.5447 -0.6163
vn 0.5152 -0.6431 -0.5665
vn 0.6415 -0.3594 -0.6777
vn 0.6591 -0.6151 -0.4328
vn 0.6920 -0.5951 -0.4086
vn 0.6487 -0.6318 -0.4244
vn 0.5006 -0.6819 -0.5333
vn 0.4967 -0.6745 -0.5462
vn -0.0700 -0.6266 -0.7762
vn 0.0168 -0.5908 -0.8066
vn -0.1414 -0.6480 -0.7484
vn -0.6762 -0.2611 -0.6889
vn -0.5057 -0.2673 -0.8202
vn 0.0502 -0.5195 -0.8530
vn 0.1339 -0.3710 -0.9189
vn -0.3804 -0.2439 -0.8921
vn 0.8492 0.1646 -0.5017
vn 0.8489 0.0266 -0.5278
vn 0.8358 0.1552 -0.5266
vn 0.3698 0.8774 -0.3056
vn 0.4367 0.8545 -0.2814
vn 0.3151 0.8719 -0.3749
vn 0.5789 0.4681 -0.6677
vn 0.7634 0.0513 -0.6439
vn -0.4810 0.8515 0.2087
vn -0.6873 0.6421 0.3396
vn -0.4179 0.8821 0.2176
vn -0.4032 0.9007 -0.1619
vn -0.7710 0.5879 0.2448
vn -0.2151 0.6666 -0.7137
vn -0.0720 0.2282 -0.9710
vn -0.8928 0.4277 -0.1413
vn 0.8487 -0.1002 -0.5192
vn 0.8500 -0.0260 -0.5261
vn 0.8584 -0.1047 -0.5021
vn 0.7803 -0.1583 -0.6050
vn 0.7802 -0.0398 -0.6243
vn 0.8175 -0.2905 -0.4973
vn 0.7900 -0.2948 -0.5376
vn 0.8285 -0.2826 -0.4834
vn -0.0352 -0.5816 -0.8127
vn 0.2386 -0.1240 -0.9632
vn 0.4152 -0.3534 -0.8383
vn 0.6553 -0.4952 -0.5704
vn 0.5402 -0.6468 -0.5384
vn 0.7567 -0.4811 -0.4425
vn 0.6702 -0.6043 -0.4309
vn 0.7341 -0.5000 -0.4595
vn 0.7338 -0.5680 -0.3727
vn 0.7676 -0.4716 -0.4340
vn 0.7799 -0.4707 -0.4125
vn 0.8562 -0.3887 -0.3402
vn 0.8281 -0.4878 -0.2763
vn 0.8451 -0.2692 -0.4619
vn 0.8675 -0.2612 -0.4234
vn 0.8356 -0.2737 -0.4762
vn 0.9576 -0.1945 -0.2125
vn 0.9876 -0.0321 -0.1536
vn 0.9585 -0.2763 -0.0699
vn 0.9134 -0.1117 -0.3913
vn 0.9236 -0.0198 -0.3829
vn 0.8806 -0.0215 -0.4735
vn 0.8746 -0.0912 -0.4762
vn 0.8641 -0.1003 -0.4932
vn 0.7178 -0.5978 -0.3570
vn 0.7283 -0.5819 -0.3620
vn 0.7062 -0.5887 -0.3934
vn 0.7582 -0.5321 -0.3767
vn 0.7464 -0.5182 -0.4176
vn 0.8220 -0.5247 -0.2215
vn 0.8363 -0.5150 -0.1882
vn 0.8156 -0.5265 -0.2399
vn 0.8135 -0.4160 -0.4064
vn 0.8091 -0.3710 -0.4557
vn 0.8626 -0.2585 -0.4349
vn 0.8787 -0.4439 -0.1757
vn 0.9352 -0.2901 -0.2030
vn 0.9126 -0.3276 0.2448
vn 0.8956 -0.2999 0.3285
vn 0.9241 -0.1719 0.3415
vn 0.7417 -0.0511 0.6687
vn 0.8305 -0.0603 0.5537
vn 0.9486 -0.3103 0.0617
vn 0.9398 -0.3134 0.1361
vn 0.9029 -0.0563 0.4262
vn 0.8567 0.1657 -0.4885
vn 0.8732 0.1525 -0.4630
vn 0.8830 0.0290 -0.4685
vn 0.9185 0.2801 -0.2792
vn 0.9319 0.0496 -0.3592
vn 0.5549 0.8200 -0.1403
vn 0.4956 0.8368 -0.2325
vn 0.4722 0.8393 -0.2694
vn 0.7391 0.6314 0.2345
vn 0.4990 0.6506 0.5725
vn 0.9898 0.1388 -0.0323
vn 0.2372 0.9354 0.2622
vn -0.2775 0.8008 0.5308
vn -0.3467 0.8975 0.2725
vn -0.3802 0.8974 0.2238
vn -0.5876 0.7041 0.3988
vn 0.4098 0.6241 0.6653
vn 0.4257 0.6372 0.6425
vn 0.5664 0.2557 0.7835
vn 0.1013 0.9325 0.3466
vn 0.1676 0.9411 0.2937
vn 0.3992 0.6120 0.6827
vn -0.0476 0.9005 0.4323
vn 0.6391 0.2516 0.7268
vn -0.0775 0.9881 0.1329
vn 0.0110 0.9969 0.0780
vn -0.1224 0.9895 0.0762
vn -0.2717 0.9319 0.2403
vn -0.3222 0.9273 0.1904
vn -0.4806 0.8054 0.3468
vn -0.2421 0.8254 0.5100
vn -0.5281 0.7917 0.3071
vn -0.5864 0.7054 0.3982
vn -0.3596 0.7564 0.5464
vn 0.7220 0.2518 0.6445
vn 0.3634 0.6181 0.6971
vn 0.3107 0.6240 0.7170
vn -0.1872 -0.0819 -0.9789
vn -0.2008 -0.0390 -0.9789
vn -0.1675 -0.0983 -0.9810
vn 0.3496 -0.0725 -0.9341
vn 0.3207 -0.0601 -0.9453
vn 0.2968 -0.0289 -0.9545
vn -0.1399 -0.0783 -0.9871
vn -0.1428 -0.2327 -0.9620
vn 0.3849 -0.0618 -0.9209
vn 0.3913 -0.1418 -0.9093
vn 0.7287 -0.0302 -0.6841
vn 0.7422 -0.0280 -0.6696
vn 0.7499 -0.0471 -0.6599
vn 0.8419 -0.0128 -0.5396
vn 0.8397 -0.0098 -0.5430
vn 0.8369 -0.0096 -0.5473
vn 0.7046 -0.0123 -0.7095
vn 0.7162 -0.0248 -0.6975
vn 0.8342 -0.0078 -0.5515
vn 0.8316 -0.0044 -0.5554
vn 0.7813 -0.1280 0.6109
vn 0.7763 -0.0435 0.6288
vn 0.7694 0.0439 0.6372
vn 0.9875 -0.0308 0.1544
vn 0.9856 0.0290 0.1667
vn 0.9870 -0.0874 0.1350
vn 0.7596 0.1392 0.6353
vn 0.7444 0.2453 0.6211
vn 0.9806 0.0952 0.1712
vn 0.9713 0.1699 0.1667
vn 0.9572 0.0095 -0.2894
vn 0.9576 0.0339 -0.2862
vn 0.9561 0.0618 -0.2864
vn 0.8924 0.0074 -0.4512
vn 0.8923 0.0142 -0.4513
vn 0.8920 0.0014 -0.4520
vn 0.9521 -0.0323 -0.3040
vn 0.9553 -0.0122 -0.2954
vn 0.8913 -0.0040 -0.4535
vn 0.8902 -0.0090 -0.4555
vn 0.8865 0.0450 -0.4605
vn 0.9275 0.1861 -0.3243
vn 0.9383 0.1551 -0.3092
vn 0.8888 0.0372 -0.4569
vn 0.9466 0.1235 -0.2979
vn 0.8905 0.0294 -0.4541
vn 0.9075 0.4098 0.0927
vn 0.9351 0.3308 0.1274
vn 0.8738 0.4840 0.0478
vn 0.9525 0.0921 -0.2903
vn 0.8916 0.0217 -0.4523
vn 0.9563 0.2499 0.1520
vn 0.7216 0.3577 0.5928
vn 0.6906 0.4694 0.5503
vn 0.6063 0.6741 0.4219
vn 0.6517 0.5762 0.4932
vn -0.8399 -0.0112 0.5426
vn -0.8405 -0.0078 0.5418
vn -0.8389 -0.0151 0.5441
vn -0.7705 -0.0319 0.6367
vn -0.7660 -0.0426 0.6415
vn -0.7732 -0.0220 0.6338
vn -0.8372 -0.0205 0.5465
vn -0.8326 -0.0318 0.5529
vn -0.7576 -0.0540 0.6505
vn -0.7447 -0.0685 0.6638
vn -0.5720 -0.0992 0.8142
vn -0.5893 -0.0858 0.8034
vn -0.5603 -0.1220 0.8193
vn -0.6046 -0.0460 0.7952
vn -0.5989 -0.0667 0.7980
vn -0.9479 -0.0221 0.3177
vn -0.8947 -0.0069 0.4467
vn -0.8972 -0.0044 0.4416
vn -0.9527 -0.0136 0.3037
vn -0.9431 -0.0238 0.3318
vn -0.8923 -0.0065 0.4514
vn -0.9952 -0.0532 0.0817
vn -0.9971 -0.0476 0.0602
vn -0.9988 -0.0290 0.0405
vn -0.9391 -0.0205 0.3430
vn -0.8899 -0.0032 0.4562
vn -0.9347 -0.0570 0.3509
vn -0.8875 -0.0100 0.4607
vn -0.9945 -0.0596 0.0863
vn -0.9831 -0.1597 0.0892
vn -0.9815 -0.0761 -0.1754
vn -0.9768 -0.1077 -0.1848
vn -0.9486 -0.2616 -0.1783
vn -0.9781 -0.0400 -0.2043
vn -0.9792 -0.0672 -0.1913
vn -0.8367 -0.0019 0.5477
vn -0.8388 -0.0066 0.5443
vn -0.7662 -0.0219 0.6422
vn -0.7598 -0.0067 0.6501
vn -0.7539 0.0106 0.6569
vn -0.8346 0.0036 0.5508
vn -0.5915 0.0211 0.8060
vn -0.5995 -0.0146 0.8003
vn -0.6089 -0.0476 0.7919
vn -0.7490 0.0311 0.6619
vn -0.8329 0.0103 0.5534
vn -0.7456 0.0557 0.6641
vn -0.8315 0.0184 0.5552
vn -0.5861 0.0619 0.8079
vn -0.5841 0.1092 0.8043
vn -0.4299 0.0305 0.9024
vn -0.4304 0.0864 0.8985
vn -0.4358 0.1492 0.8876
vn -0.4380 -0.0680 0.8964
vn -0.4329 -0.0199 0.9012
vn -0.9039 0.0255 0.4269
vn -0.9601 0.0729 0.2699
vn -0.9610 0.0435 0.2732
vn -0.9031 0.0151 0.4291
vn -0.9597 0.0194 0.2804
vn -0.9016 0.0067 0.4324
vn -0.9965 0.0834 0.0098
vn -0.9992 0.0372 0.0136
vn -0.9903 0.1380 0.0145
vn -0.9568 0.0004 0.2909
vn -0.8996 0.0002 0.4367
vn -0.9997 -0.0003 0.0244
vn -0.9755 0.0515 -0.2137
vn -0.9772 0.0003 -0.2125
vn -0.9650 0.1843 -0.1865
vn -0.9720 0.1132 -0.2057
vn -0.9532 0.2593 -0.1556
vn -0.9364 0.3315 -0.1147
vn -0.9800 0.1971 0.0284
vn -0.9654 0.2558 0.0508
vn -0.9150 0.3981 -0.0653
vn -0.8895 0.4568 -0.0087
vn -0.9468 0.3114 0.0812
vn -0.9246 0.3620 0.1189
vn -0.9505 0.1396 0.2777
vn -0.9415 0.1732 0.2890
vn -0.9299 0.2049 0.3053
vn -0.9005 0.0626 0.4304
vn -0.8971 0.0751 0.4353
vn -0.9027 0.0498 0.4274
vn -0.9566 0.1057 0.2714
vn -0.9038 0.0373 0.4263
vn -0.5040 0.4022 0.7643
vn -0.4811 0.3442 0.8063
vn -0.4618 0.2815 0.8411
vn -0.6019 0.2641 0.7537
vn -0.5923 0.2128 0.7771
vn -0.6149 0.3130 0.7239
vn -0.4465 0.2158 0.8684
vn -0.5863 0.1606 0.7940
vn -0.7448 0.1125 0.6577
vn -0.7442 0.0833 0.6628
vn -0.8308 0.0277 0.5559
vn -0.8307 0.0379 0.5554
vn -0.7525 0.1720 0.6358
vn -0.7476 0.1423 0.6488
vn -0.8313 0.0487 0.5537
vn -0.8327 0.0599 0.5504
vn -0.8825 0.2748 0.3817
vn -0.8809 0.1039 0.4618
vn -0.8740 0.1086 0.4736
vn -0.8642 0.2861 0.4139
vn -0.8999 0.2570 0.3523
vn -0.8872 0.0964 0.4512
vn -0.8431 0.4665 0.2673
vn -0.8719 0.4408 0.2131
vn -0.8135 0.4826 0.3245
vn -0.9159 0.2333 0.3266
vn -0.8927 0.0866 0.4423
vn -0.8993 0.4057 0.1632
vn -0.8608 0.5062 0.0538
vn -0.8296 0.5451 0.1207
vn -0.7627 0.5909 0.2628
vn -0.7968 0.5733 0.1909
vn -0.6237 0.5650 0.5402
vn -0.5903 0.5362 0.6033
vn -0.5589 0.4992 0.6621
vn -0.6736 0.4313 0.6002
vn -0.6509 0.3978 0.6466
vn -0.6990 0.4576 0.5495
vn -0.5300 0.4543 0.7160
vn -0.6312 0.3580 0.6880
vn -0.7597 0.2004 0.6187
vn -0.7692 0.2265 0.5975
vn -0.8350 0.0710 0.5456
vn -0.8383 0.0816 0.5391
vn -0.7951 0.2677 0.5442
vn -0.7811 0.2492 0.5726
vn -0.8425 0.0912 0.5309
vn -0.8476 0.0994 0.5212
vn -0.8264 -0.0590 0.5600
vn -0.8548 -0.0218 0.5185
vn -0.8142 -0.1010 0.5718
vn -0.8519 -0.0316 0.5228
vn -0.7054 -0.2344 0.6689
vn -0.7428 -0.1395 0.6548
vn -0.8024 -0.0984 0.5887
vn -0.8490 -0.0315 0.5274
vn -0.7918 -0.0848 0.6048
vn -0.8465 -0.0257 0.5317
vn -0.6738 -0.2246 0.7039
vn -0.6519 -0.1951 0.7327
vn -0.5235 -0.3779 0.7636
vn -0.4908 -0.3471 0.7991
vn -0.4705 -0.2970 0.8309
vn -0.5677 -0.2600 0.7811
vn -0.8447 -0.0204 0.5349
vn -0.7848 -0.0686 0.6160
vn -0.7788 -0.0521 0.6251
vn -0.8429 -0.0156 0.5379
vn -0.6284 -0.1180 0.7689
vn -0.6386 -0.1572 0.7533
vn -0.7727 -0.0366 0.6337
vn -0.8409 -0.0111 0.5410
vn -0.6186 -0.0813 0.7815
vn -0.4508 -0.1759 0.8751
vn -0.4441 -0.1190 0.8880
vn -0.4588 -0.2372 0.8563
vn -0.0310 -0.0545 0.9980
vn -0.0343 -0.0961 0.9948
vn -0.0347 -0.1274 0.9912
vn 0.1863 -0.1036 0.9770
vn 0.1781 -0.1396 0.9741
vn 0.1909 -0.0558 0.9800
vn -0.0304 -0.1393 0.9898
vn -0.0462 -0.1904 0.9806
vn 0.1725 -0.1529 0.9731
vn 0.1635 -0.2094 0.9641
vn 0.3493 -0.1479 0.9252
vn 0.3431 -0.1611 0.9254
vn 0.3478 -0.2120 0.9133
vn 0.3707 -0.0580 0.9269
vn 0.3603 -0.1092 0.9264
vn -0.8532 -0.0479 -0.5194
vn -0.8529 -0.0814 -0.5157
vn -0.8544 -0.0878 -0.5122
vn -0.7269 -0.0883 -0.6810
vn -0.7288 -0.0953 -0.6781
vn -0.7258 -0.0517 -0.6859
vn -0.8406 -0.2421 -0.4846
vn -0.8037 -0.4132 -0.4281
vn -0.7197 -0.2617 -0.6431
vn -0.6927 -0.4450 -0.5676
vn -0.5920 -0.0986 -0.7999
vn -0.5921 -0.2641 -0.7614
vn -0.5800 -0.4548 -0.6758
vn -0.5876 -0.0526 -0.8074
vn -0.5902 -0.0909 -0.8021
vn -0.8483 0.2415 -0.4712
vn -0.8533 0.1495 -0.4996
vn -0.8546 0.0698 -0.5146
vn -0.7163 0.1654 -0.6779
vn -0.7215 0.0774 -0.6881
vn -0.7071 0.2681 -0.6543
vn -0.8541 0.0037 -0.5200
vn -0.7243 0.0049 -0.6894
vn -0.5755 0.0813 -0.8137
vn -0.5830 0.0062 -0.8125
vn -0.5492 0.2791 -0.7877
vn -0.5647 0.1725 -0.8071
vn -0.5281 0.3935 -0.7525
vn -0.5011 0.5065 -0.7017
vn -0.6715 0.4848 -0.5604
vn -0.6924 0.3776 -0.6148
vn -0.4677 0.6132 -0.6366
vn -0.4280 0.7102 -0.5590
vn -0.6442 0.5851 -0.4925
vn -0.6108 0.6754 -0.4132
vn -0.7992 0.5179 -0.3050
vn -0.8216 0.4320 -0.3721
vn -0.7713 0.5938 -0.2291
vn -0.8380 0.3385 -0.4281
vn 0.2499 0.5955 0.7635
vn 0.2108 0.6940 0.6885
vn 0.2846 0.4881 0.8251
vn 0.0118 0.5515 0.8341
vn 0.0468 0.4531 0.8902
vn -0.0273 0.6419 0.7663
vn 0.3134 0.3749 0.8725
vn 0.3355 0.2600 0.9054
vn 0.0767 0.3494 0.9338
vn 0.1006 0.2437 0.9646
vn -0.2045 0.3862 0.8994
vn -0.1767 0.2993 0.9377
vn -0.1542 0.2102 0.9654
vn -0.2723 0.5438 0.7938
vn -0.2367 0.4684 0.8512
vn -0.6190 0.7753 0.1253
vn -0.6619 0.7489 0.0319
vn -0.7019 0.7098 -0.0590
vn -0.4798 0.8680 -0.1282
vn -0.5278 0.8178 -0.2293
vn -0.4282 0.9034 -0.0226
vn -0.7386 0.6581 -0.1464
vn -0.5717 0.7534 -0.3248
vn -0.3320 0.8658 -0.3743
vn -0.3825 0.7950 -0.4708
vn -0.2186 0.9623 -0.1617
vn -0.2771 0.9219 -0.2709
vn 0.0198 0.9563 0.2916
vn 0.0733 0.9130 0.4013
vn 0.1226 0.8542 0.5053
vn -0.1616 0.8470 0.5064
vn -0.1140 0.7911 0.6010
vn -0.2123 0.8891 0.4055
vn 0.1682 0.7809 0.6016
vn -0.0693 0.7224 0.6880
vn -0.3510 0.6685 0.6557
vn -0.3107 0.6109 0.7282
vn -0.4376 0.7524 0.4924
vn -0.3934 0.7159 0.5769
vn -0.1183 -0.4212 0.8992
vn -0.1478 -0.5624 0.8135
vn 0.1083 -0.4742 0.8738
vn 0.0777 -0.6291 0.7734
vn -0.1366 -0.5042 0.8527
vn -0.1265 -0.4305 0.8937
vn 0.0976 -0.5661 0.8185
vn 0.1161 -0.4855 0.8665
vn 0.3057 -0.5932 0.7448
vn 0.2783 -0.6585 0.6992
vn 0.3314 -0.5098 0.7939
vn 0.3170 -0.4910 0.8115
vn -0.8167 -0.3822 -0.4324
vn -0.8465 -0.2653 -0.4615
vn -0.7115 -0.4107 -0.5702
vn -0.7423 -0.2841 -0.6069
vn -0.8575 -0.1348 -0.4965
vn -0.8455 -0.0380 -0.5326
vn -0.7513 -0.1520 -0.6422
vn -0.7418 -0.0498 -0.6688
vn -0.6313 -0.2954 -0.7171
vn -0.6443 -0.1645 -0.7468
vn -0.6451 -0.0560 -0.7620
vn -0.6020 -0.4265 -0.6750
vn 0.8270 0.0312 -0.5613
vn 0.8263 0.0221 -0.5628
vn 0.6817 0.0884 -0.7263
vn 0.6841 0.1234 -0.7188
vn 0.6900 0.1587 -0.7061
vn 0.8287 0.0404 -0.5583
vn 0.2889 0.3682 -0.8837
vn 0.2733 0.2877 -0.9179
vn 0.2643 0.2077 -0.9418
vn 0.6993 0.1928 -0.6883
vn 0.8312 0.0492 -0.5538
vn 0.7117 0.2242 -0.6657
vn 0.8345 0.0573 -0.5480
vn 0.3111 0.4459 -0.8393
vn 0.3398 0.5176 -0.7852
vn -0.1436 0.4849 -0.8627
vn -0.1113 0.5856 -0.8029
vn -0.0720 0.6786 -0.7310
vn -0.1692 0.3801 -0.9093
vn -0.1885 0.2753 -0.9427
vn 0.0852 0.8826 -0.4623
vn 0.1476 0.9207 -0.3613
vn 0.0269 0.8290 -0.5587
vn 0.4610 0.6712 -0.5805
vn 0.4156 0.6320 -0.6541
vn 0.5098 0.6974 -0.5037
vn -0.0257 0.7605 -0.6488
vn 0.3749 0.5804 -0.7229
vn 0.7446 0.2730 -0.6091
vn 0.7270 0.2512 -0.6390
vn 0.8385 0.0642 -0.5411
vn 0.8430 0.0697 -0.5334
vn 0.7641 0.2887 -0.5769
vn 0.7848 0.2983 -0.5433
vn 0.8479 0.0737 -0.5250
vn 0.8531 0.0760 -0.5162
vn -0.8842 -0.0098 0.4670
vn -0.8822 0.0023 0.4709
vn -0.8824 0.0052 0.4704
vn -0.9302 -0.0044 0.3670
vn -0.9271 0.0115 0.3746
vn -0.9363 -0.0375 0.3491
vn -0.8821 0.0047 0.4711
vn -0.8816 0.0036 0.4721
vn -0.9248 0.0170 0.3800
vn -0.9241 0.0150 0.3818
vn -0.9928 0.0378 0.1137
vn -0.9911 0.0519 0.1228
vn -0.9937 0.0359 0.1065
vn -0.9956 -0.0723 0.0601
vn -0.9957 -0.0036 0.0927
vn -0.7280 0.5983 0.3348
vn -0.6931 0.5961 0.4053
vn -0.7547 0.4867 0.4399
vn -0.7839 0.4891 0.3826
vn -0.6582 0.5850 0.4739
vn -0.7263 0.4762 0.4957
vn -0.8279 0.2888 0.4808
vn -0.8109 0.2810 0.5133
vn -0.8536 0.1056 0.5102
vn -0.8601 0.1094 0.4983
vn -0.8458 0.2906 0.4474
vn -0.8670 0.1105 0.4859
vn -0.6082 -0.0284 0.7933
vn -0.6112 -0.0166 0.7913
vn -0.7750 -0.0139 0.6319
vn -0.7756 -0.0087 0.6312
vn -0.6123 -0.0099 0.7905
vn -0.6183 -0.0108 0.7859
vn -0.7776 -0.0069 0.6287
vn -0.7810 -0.0091 0.6245
vn -0.8415 -0.0045 0.5402
vn -0.8425 -0.0046 0.5386
vn -0.8432 -0.0059 0.5376
vn -0.8408 -0.0054 0.5413
vn 0.3766 -0.0112 0.9263
vn 0.3735 0.0233 0.9273
vn 0.1889 -0.0124 0.9819
vn 0.1788 0.0179 0.9837
vn 0.3601 0.0454 0.9318
vn 0.3386 0.0569 0.9392
vn 0.1448 0.0489 0.9883
vn 0.1599 0.0362 0.9865
vn -0.0357 0.0111 0.9993
vn -0.0373 0.0296 0.9989
vn -0.0359 0.0447 0.9984
vn -0.0309 -0.0163 0.9994
vn -0.8813 0.0010 0.4726
vn -0.8816 -0.0029 0.4720
vn -0.9271 0.0060 0.3748
vn -0.9265 -0.0011 0.3763
vn -0.8827 -0.0084 0.4699
vn -0.8820 -0.0178 0.4709
vn -0.9249 -0.0045 0.3802
vn -0.9232 -0.0117 0.3841
vn -0.9921 0.0102 0.1248
vn -0.9908 0.0093 0.1353
vn -0.9932 -0.0038 0.1165
vn -0.9938 0.0129 0.1101
vn 0.2102 -0.2504 -0.9450
vn 0.2198 -0.2414 -0.9452
vn 0.6749 -0.1432 -0.7238
vn 0.6737 -0.2037 -0.7103
vn 0.2219 -0.2800 -0.9340
vn 0.2204 -0.3174 -0.9223
vn 0.6701 -0.1131 -0.7336
vn 0.6727 -0.1349 -0.7275
vn 0.8257 -0.0608 -0.5608
vn 0.8246 -0.0422 -0.5642
vn 0.8219 0.0092 -0.5695
vn 0.8239 -0.1168 -0.5546
vn 0.1240 0.0388 -0.9915
vn 0.1912 0.0057 -0.9815
vn 0.7814 -0.0019 -0.6240
vn 0.7768 0.0055 -0.6298
vn 0.2030 -0.0266 -0.9788
vn 0.7823 -0.0083 -0.6229
vn 0.8494 -0.0007 -0.5278
vn 0.8491 -0.0061 -0.5283
vn 0.8496 0.0044 -0.5275
vn 0.7182 -0.5957 -0.3597
vn 0.7150 -0.6016 -0.3562
vn 0.8155 -0.5195 -0.2551
vn 0.8116 -0.5275 -0.2511
vn 0.7152 -0.6016 -0.3558
vn 0.8121 -0.5281 -0.2481
vn 0.9489 -0.3148 0.0243
vn 0.9480 -0.3183 0.0027
vn 0.9496 -0.3130 -0.0193
vn 0.0606 0.9981 0.0092
vn 0.0495 0.9981 0.0361
vn 0.2060 0.9683 0.1414
vn 0.1980 0.9559 0.2170
vn 0.0390 0.9976 0.0568
vn 0.1906 0.9452 0.2651
vn 0.4344 0.6481 0.6255
vn 0.4460 0.6745 0.5884
vn 0.4770 0.7272 0.4936
vn -0.8652 0.2699 0.4227
vn -0.8171 0.3520 0.4566
vn -0.6288 0.7264 0.2772
vn -0.5340 0.7960 0.2851
vn -0.9661 0.0320 0.2561
vn -0.8614 0.4799 0.1663
vn -0.9249 -0.3384 -0.1731
vn -0.9696 -0.1681 -0.1777
vn -0.6356 -0.5445 0.5472
vn -0.6270 -0.5460 0.5557
vn -0.6542 -0.6241 0.4272
vn -0.6561 -0.6238 0.4248
vn -0.6249 -0.5406 0.5633
vn -0.6551 -0.6197 0.4322
vn -0.6598 -0.6384 0.3964
vn -0.6625 -0.6338 0.3993
vn -0.6606 -0.6382 0.3954
vn -0.2655 0.2500 0.9311
vn -0.1949 0.4185 0.8871
vn -0.6904 0.2715 0.6705
vn -0.5118 0.6761 0.5301
vn -0.7934 0.3262 0.5139
vn -0.5258 0.7710 0.3593
vn -0.5013 0.8090 0.3069
vn -0.7954 0.3753 0.4759
vn -0.8373 -0.0983 -0.5378
vn -0.8446 -0.0741 -0.5302
vn -0.8354 -0.1454 -0.5301
vn -0.7120 -0.1284 -0.6903
vn -0.7093 -0.1912 -0.6785
vn -0.7309 -0.0967 -0.6756
vn -0.8632 -0.2887 -0.4143
vn -0.7454 -0.3472 -0.5691
vn -0.5985 -0.2278 -0.7681
vn -0.6198 -0.3775 -0.6880
vn -0.6080 -0.1523 -0.7792
vn -0.6213 -0.1145 -0.7752
vn 0.3109 0.0710 0.9478
vn 0.2820 0.1013 0.9541
vn 0.1387 0.0604 0.9885
vn 0.1287 0.0822 0.9883
vn 0.2186 0.0952 0.9712
vn 0.0594 0.0377 0.9975
vn -0.0413 0.0629 0.9972
vn -0.1232 -0.0016 0.9924
vn -0.0338 0.0571 0.9978
vn -0.8332 0.0342 -0.5520
vn -0.8328 0.0960 -0.5452
vn -0.7372 0.0391 -0.6745
vn -0.7417 0.1096 -0.6617
vn -0.8350 0.1076 -0.5395
vn -0.8445 0.0626 -0.5318
vn -0.7634 0.0657 -0.6426
vn -0.7517 0.1066 -0.6509
vn -0.6545 0.1192 -0.7466
vn -0.6693 0.1098 -0.7349
vn -0.6832 0.0706 -0.7268
vn -0.6473 0.0441 -0.7610
vn -0.1173 -0.0947 0.9886
vn -0.1211 -0.0241 0.9923
vn -0.1275 0.0475 0.9907
vn 0.1347 -0.0296 0.9904
vn 0.1281 0.0529 0.9903
vn 0.1388 -0.1100 0.9842
vn -0.1380 0.1249 0.9825
vn 0.1174 0.1432 0.9827
vn 0.3592 0.0542 0.9317
vn 0.3503 0.1512 0.9243
vn 0.3674 -0.1187 0.9225
vn 0.3644 -0.0338 0.9306
vn -0.7634 -0.5852 0.2736
vn -0.7598 -0.5881 0.2772
vn -0.6987 -0.6143 0.3666
vn -0.6959 -0.6180 0.3657
vn -0.7660 -0.5806 0.2760
vn -0.6953 -0.6174 0.3678
vn -0.6797 -0.6236 0.3861
vn -0.6805 -0.6231 0.3856
vn -0.6829 -0.6188 0.3883
vn -0.1193 -0.3453 0.9309
vn -0.1155 -0.2559 0.9598
vn 0.1301 -0.3911 0.9111
vn 0.1381 -0.2913 0.9466
vn -0.1152 -0.1710 0.9785
vn 0.1404 -0.1960 0.9705
vn 0.3632 -0.3084 0.8792
vn 0.3678 -0.2089 0.9061
vn 0.3512 -0.4121 0.8407
vn 0.9875 0.0753 0.1385
vn 0.9618 -0.0754 0.2631
vn 0.9319 0.1076 -0.3463
vn 0.9642 0.0101 -0.2650
vn 0.9329 -0.1312 0.3354
vn 0.9076 -0.1355 0.3975
vn 0.9782 -0.0497 -0.2014
vn 0.9866 -0.0800 -0.1425
vn 0.8914 0.0191 -0.4529
vn 0.8993 -0.0086 -0.4372
vn 0.9058 -0.0306 -0.4226
vn 0.8786 0.0650 -0.4731
vn 0.2526 -0.0628 -0.9655
vn 0.3257 0.0750 -0.9425
vn 0.3659 0.1943 -0.9102
vn 0.7396 0.0256 -0.6725
vn 0.7582 0.0966 -0.6448
vn 0.7162 -0.0478 -0.6963
vn 0.3769 0.2980 -0.8770
vn 0.7799 0.1763 -0.6006
vn 0.8442 0.0353 -0.5348
vn 0.8493 0.0759 -0.5224
vn 0.8361 -0.0242 -0.5480
vn 0.8404 0.0065 -0.5420
vn -0.2013 0.1779 -0.9632
vn -0.2078 0.0931 -0.9737
vn 0.2673 0.0694 -0.9611
vn 0.2625 0.1335 -0.9557
vn -0.2077 0.0208 -0.9780
vn 0.2788 0.0153 -0.9602
vn 0.6875 0.0286 -0.7256
vn 0.6949 0.0058 -0.7191
vn 0.8293 0.0004 -0.5588
vn 0.8276 0.0064 -0.5613
vn 0.6830 0.0562 -0.7282
vn 0.8266 0.0136 -0.5627
vn 0.8726 0.0698 -0.4835
vn 0.8651 0.2791 -0.4168
vn 0.8829 0.2620 -0.3897
vn 0.8767 0.0650 -0.4767
vn 0.8994 0.2405 -0.3650
vn 0.8804 0.0591 -0.4705
vn 0.7502 0.6476 -0.1331
vn 0.7938 0.6045 -0.0672
vn 0.7050 0.6796 -0.2027
vn 0.9144 0.2150 -0.3431
vn 0.8837 0.0524 -0.4651
vn 0.8353 0.5497 -0.0063
vn 0.5041 0.8276 0.2469
vn 0.5563 0.7589 0.3386
vn 0.3944 0.9176 0.0499
vn 0.4502 0.8803 0.1499
vn 0.8557 -0.3724 0.3594
vn 0.7443 -0.5794 0.3322
vn 0.9716 -0.1879 -0.1440
vn 0.9345 -0.3391 -0.1082
vn 0.7503 -0.5348 0.3887
vn 0.7586 -0.4699 0.4514
vn 0.9400 -0.3366 -0.0566
vn 0.9532 -0.3023 0.0007
vn 0.9115 -0.1063 -0.3974
vn 0.9186 -0.1200 -0.3766
vn 0.9287 -0.1067 -0.3552
vn 0.8836 -0.0285 -0.4674
vn 0.8810 -0.0339 -0.4720
vn 0.8788 -0.0282 -0.4763
vn 0.9100 -0.0616 -0.4100
vn 0.8774 -0.0210 -0.4794
vn 0.7704 -0.3922 0.5026
vn 0.7798 -0.3049 0.5468
vn 0.9658 -0.2557 0.0430
vn 0.9764 -0.2013 0.0784
vn 0.7832 -0.2151 0.5834
vn 0.9835 -0.1442 0.1093
vn 0.9425 -0.0716 -0.3264
vn 0.9478 -0.0521 -0.3145
vn 0.8888 -0.0139 -0.4580
vn 0.8873 -0.0188 -0.4608
vn 0.9362 -0.0903 -0.3396
vn 0.8856 -0.0236 -0.4639
vn -0.1298 -0.3962 -0.9090
vn -0.0488 -0.3397 -0.9393
vn 0.4430 -0.2501 -0.8609
vn 0.5573 -0.2186 -0.8010
vn 0.1157 -0.2083 -0.9712
vn 0.6621 -0.1294 -0.7381
vn 0.8226 -0.0575 -0.5657
vn 0.7999 -0.0867 -0.5939
vn 0.8563 -0.0239 -0.5159
vn 0.8514 -0.0298 -0.5237
vn 0.7672 -0.0895 -0.6351
vn 0.8445 -0.0259 -0.5349
vn -0.8812 -0.0307 0.4718
vn -0.8798 -0.0516 0.4725
vn -0.9231 -0.0225 0.3839
vn -0.9247 -0.0370 0.3790
vn -0.8763 -0.0947 0.4723
vn -0.9235 -0.0803 0.3751
vn -0.9951 -0.0132 0.0979
vn -0.9919 -0.0659 0.1087
vn -0.9947 -0.0119 0.1019
vn -0.6308 -0.0201 0.7757
vn -0.6435 -0.0357 0.7646
vn -0.7849 -0.0146 0.6195
vn -0.7890 -0.0226 0.6140
vn -0.6594 -0.0894 0.7464
vn -0.7911 -0.0520 0.6095
vn -0.8447 -0.0165 0.5350
vn -0.8456 -0.0422 0.5322
vn -0.8438 -0.0095 0.5366
vn -0.9158 -0.0737 0.3949
vn -0.8819 -0.0151 0.4713
vn -0.8772 -0.0108 0.4801
vn -0.9037 -0.0526 0.4249
vn -0.9630 -0.2072 0.1721
vn -0.9596 -0.1488 0.2389
vn -0.8919 -0.0299 0.4513
vn -0.8724 -0.0048 0.4888
vn -0.9478 -0.0882 0.3065
vn -0.9649 -0.2549 -0.0633
vn -0.9868 -0.1620 0.0049
vn -0.9344 -0.3360 -0.1184
vn -0.8470 -0.1882 0.4972
vn -0.8625 -0.0157 0.5059
vn -0.8476 -0.1883 0.4960
vn -0.8634 -0.0167 0.5042
vn -0.8015 -0.3685 0.4710
vn -0.8030 -0.3658 0.4706
vn -0.8643 -0.0249 0.5023
vn -0.8476 -0.1932 0.4942
vn -0.8032 -0.3670 0.4693
vn -0.7341 -0.5261 0.4293
vn -0.7324 -0.5282 0.4296
vn -0.7299 -0.5320 0.4292
vn -0.8022 -0.3769 0.4631
vn -0.8033 -0.3723 0.4649
vn -0.7314 -0.5348 0.4231
vn -0.7308 -0.5353 0.4234
vn -0.8053 -0.3653 0.4670
vn -0.7304 -0.5357 0.4238
vn -0.6887 -0.6051 0.3995
vn -0.6863 -0.6082 0.3988
vn -0.6906 -0.6025 0.4000
vn 0.1626 0.9807 -0.1083
vn 0.1627 0.9809 -0.1069
vn 0.4975 0.8140 -0.3000
vn 0.4992 0.8130 -0.2997
vn 0.1652 0.9804 -0.1070
vn 0.5012 0.8118 -0.2996
vn 0.7932 0.3937 -0.4645
vn 0.7935 0.3939 -0.4638
vn 0.7918 0.3963 -0.4648
vn 0.3362 0.9404 -0.0519
vn 0.2751 0.9489 -0.1546
vn 0.6583 0.7007 -0.2750
vn 0.6099 0.7112 -0.3496
vn 0.2118 0.9426 -0.2580
vn 0.5601 0.7104 -0.4261
vn 0.8264 0.2992 -0.4770
vn 0.8058 0.3016 -0.5096
vn 0.8583 0.0767 -0.5075
vn 0.8633 0.0758 -0.4990
vn 0.8462 0.2915 -0.4460
vn 0.8681 0.0735 -0.4910
vn -0.4830 0.7769 0.4038
vn -0.5288 0.7891 0.3125
vn -0.2654 0.9162 0.3004
vn -0.3198 0.9276 0.1933
vn -0.5744 0.7886 0.2194
vn -0.3744 0.9233 0.0852
vn -0.0972 0.9932 0.0648
vn -0.1581 0.9862 -0.0491
vn -0.0374 0.9832 0.1787
vn -0.8538 0.0306 -0.5197
vn -0.8586 -0.0065 -0.5126
vn -0.7735 0.0310 -0.6330
vn -0.7695 -0.0173 -0.6385
vn -0.8521 -0.0430 -0.5216
vn -0.7518 -0.0611 -0.6565
vn -0.6791 -0.0325 -0.7334
vn -0.6472 -0.0804 -0.7581
vn -0.6908 0.0309 -0.7224
vn 0.2292 -0.3011 -0.9256
vn 0.2620 -0.2490 -0.9324
vn 0.5553 0.3953 -0.7317
vn 0.6424 0.0335 -0.7656
vn 0.7764 0.2830 -0.5631
vn 0.5672 0.6922 -0.4463
vn 0.8423 0.3423 -0.4164
vn 0.8937 0.0351 -0.4473
vn 0.5876 0.7611 -0.2747
vn 0.9314 0.3164 -0.1799
vn 0.7252 0.6729 -0.1459
vn 0.9726 0.0859 -0.2159
vn 0.9413 0.1879 0.2805
vn 0.9112 0.2845 0.2980
vn 0.8598 0.4101 0.3043
vn 0.8841 -0.1387 -0.4463
vn 0.8911 -0.0717 -0.4480
vn 0.9724 -0.0451 -0.2290
vn 0.9640 -0.1404 -0.2256
vn 0.8934 -0.0353 -0.4480
vn 0.9741 0.0140 -0.2259
vn 0.9564 0.0575 0.2865
vn 0.9505 0.1308 0.2819
vn 0.9532 -0.0396 0.2998
vn -0.5443 0.7843 0.2977
vn -0.5410 0.7861 0.2989
vn -0.3335 0.9257 0.1784
vn -0.3353 0.9255 0.1759
vn -0.5377 0.7879 0.3001
vn -0.3314 0.9260 0.1809
vn -0.1316 0.9894 0.0622
vn -0.1303 0.9893 0.0653
vn -0.1324 0.9894 0.0589
vn -0.4253 0.0742 -0.9020
vn -0.4461 -0.0116 -0.8949
vn -0.6365 0.0770 -0.7674
vn -0.6340 0.0049 -0.7733
vn -0.4707 -0.0766 -0.8789
vn -0.6332 -0.0662 -0.7712
vn -0.8259 0.0121 -0.5637
vn -0.8116 -0.0481 -0.5823
vn -0.8444 0.0735 -0.5306
vn 0.8042 0.1191 0.5823
vn 0.8277 0.0850 0.5548
vn 0.7265 0.0885 0.6814
vn 0.6993 0.1235 0.7041
vn 0.8489 0.0535 0.5259
vn 0.7600 0.0539 0.6477
vn 0.6152 0.0915 0.7830
vn 0.6519 0.0611 0.7558
vn 0.5988 0.1246 0.7911
vn -0.0186 0.9969 -0.0762
vn -0.0001 0.9969 -0.0791
vn -0.0303 0.9595 -0.2802
vn -0.0550 0.9591 -0.2776
vn 0.0185 0.9972 -0.0718
vn -0.0061 0.9679 -0.2512
vn -0.2266 0.6247 -0.7473
vn -0.2422 0.6457 -0.7242
vn -0.1761 0.6770 -0.7146
vn 0.8832 0.0074 -0.4690
vn 0.8828 0.0018 -0.4698
vn 0.9261 0.0095 -0.3770
vn 0.9282 0.0172 -0.3717
vn 0.8820 -0.0035 -0.4712
vn 0.9253 0.0034 -0.3793
vn 0.9913 0.0291 -0.1283
vn 0.9900 0.0147 -0.1405
vn 0.9932 0.0487 -0.1058
vn -0.9210 0.3846 0.0623
vn -0.9243 0.3746 0.0726
vn -0.7851 0.5566 0.2717
vn -0.7900 0.5461 0.2788
vn -0.9246 0.3776 0.0503
vn -0.7881 0.5504 0.2757
vn -0.7138 0.6038 0.3548
vn -0.7102 0.6088 0.3537
vn -0.7082 0.6133 0.3496
vn -0.1628 -0.6508 -0.7416
vn -0.1755 -0.6593 -0.7311
vn 0.5082 -0.6843 -0.5229
vn 0.5037 -0.6893 -0.5208
vn -0.1721 -0.6576 -0.7335
vn 0.5020 -0.6875 -0.5248
vn 0.6453 -0.6374 -0.4211
vn 0.6448 -0.6387 -0.4199
vn 0.6493 -0.6331 -0.4215
vn 0.3264 0.6334 0.7016
vn 0.2711 0.6259 0.7312
vn -0.4087 0.7220 0.5583
vn -0.3897 0.7356 0.5540
vn 0.2788 0.6250 0.7291
vn -0.4020 0.7274 0.5561
vn -0.6225 0.6626 0.4164
vn -0.6161 0.6705 0.4133
vn -0.6177 0.6686 0.4139
vn 0.8117 -0.3437 -0.4722
vn 0.8132 -0.3424 -0.4706
vn 0.7436 -0.5115 -0.4306
vn 0.7460 -0.5091 -0.4294
vn 0.8119 -0.3503 -0.4670
vn 0.7462 -0.5109 -0.4268
vn 0.7014 -0.5883 -0.4024
vn 0.7026 -0.5883 -0.4004
vn 0.6994 -0.5898 -0.4038
vn 0.7625 -0.4744 -0.4398
vn 0.7645 -0.4717 -0.4394
vn 0.8323 -0.2777 -0.4798
vn 0.8312 -0.2797 -0.4804
vn 0.7655 -0.4709 -0.4385
vn 0.8332 -0.2759 -0.4792
vn 0.8610 -0.1059 -0.4974
vn 0.8617 -0.1042 -0.4965
vn 0.8604 -0.1062 -0.4984
vn 0.8514 0.1697 -0.4964
vn 0.8519 0.1715 -0.4948
vn 0.4617 0.8423 -0.2782
vn 0.4553 0.8458 -0.2782
vn 0.8528 0.1707 -0.4935
vn 0.4655 0.8405 -0.2773
vn -0.3891 0.8962 0.2129
vn -0.3851 0.8978 0.2136
vn -0.3975 0.8920 0.2151
vn -0.1509 0.9844 0.0901
vn -0.1560 0.9821 0.1057
vn -0.3213 0.9205 0.2223
vn -0.3047 0.9339 0.1872
vn -0.3025 0.9374 0.1725
vn -0.1510 0.9851 0.0823
vn -0.4865 0.8255 0.2861
vn -0.4845 0.8293 0.2784
vn -0.3159 0.9339 0.1675
vn -0.1573 0.9844 0.0782
vn -0.3535 0.9205 0.1663
vn -0.1724 0.9822 0.0748
vn -0.4975 0.8213 0.2793
vn -0.7921 0.4011 0.4601
vn -0.7991 0.3874 0.4598
vn -0.7915 0.3979 0.4639
vn -0.8657 0.0012 0.5005
vn -0.8656 0.0009 0.5007
vn -0.8678 0.0002 0.4970
vn -0.8676 0.0003 0.4972
vn -0.8674 0.0011 0.4975
vn -0.8657 0.0020 0.5006
vn -0.8690 0.0008 0.4948
vn -0.8693 -0.0002 0.4944
vn -0.8695 -0.0002 0.4939
vn -0.8671 0.0029 0.4981
vn -0.8655 0.0035 0.5010
vn -0.8667 0.0055 0.4989
vn -0.8651 0.0058 0.5016
vn -0.8686 0.0030 0.4955
vn -0.8681 0.0056 0.4964
vn -0.8741 -0.0007 0.4857
vn -0.8733 0.0019 0.4871
vn -0.8724 0.0028 0.4887
vn -0.8757 -0.0012 0.4829
vn -0.8749 -0.0017 0.4844
vn -0.8681 0.0015 0.4965
vn -0.8677 0.0019 0.4970
vn -0.8660 0.0009 0.5001
vn -0.8661 0.0009 0.4998
vn -0.8663 0.0008 0.4996
vn -0.8684 0.0009 0.4959
vn -0.8645 0.0008 0.5026
vn -0.8645 0.0006 0.5026
vn -0.8645 0.0003 0.5026
vn -0.8664 0.0006 0.4994
vn -0.8687 0.0002 0.4954
vn -0.8689 -0.0008 0.4950
vn -0.8665 0.0003 0.4992
vn -0.8646 0.0013 0.5025
vn -0.8646 0.0011 0.5025
vn -0.8583 0.0013 0.5131
vn -0.8579 0.0030 0.5137
vn -0.8577 0.0050 0.5142
vn -0.8593 -0.0014 0.5115
vn -0.8588 -0.0001 0.5123
vn -0.8649 0.0005 0.5019
vn -0.8678 0.0020 0.4969
vn -0.8679 0.0015 0.4967
vn -0.8652 0.0008 0.5015
vn -0.8679 0.0010 0.4967
vn -0.8654 0.0009 0.5011
vn -0.8700 0.0012 0.4931
vn -0.8701 0.0022 0.4929
vn -0.8701 0.0033 0.4929
vn -0.8679 0.0005 0.4968
vn -0.8655 0.0009 0.5008
vn -0.8698 0.0004 0.4934
vn -0.8772 0.0024 0.4802
vn -0.8765 0.0003 0.4815
vn -0.8779 0.0082 0.4787
vn -0.8777 0.0050 0.4792
vn -0.8670 0.0028 0.4984
vn -0.8641 -0.0016 0.5033
vn -0.8639 -0.0027 0.5037
vn -0.8666 0.0026 0.4990
vn -0.8673 0.0027 0.4978
vn -0.8644 -0.0006 0.5029
vn -0.8696 0.0054 0.4936
vn -0.8692 0.0063 0.4943
vn -0.8687 0.0069 0.4952
vn -0.8676 0.0024 0.4973
vn -0.8647 -0.0000 0.5023
vn -0.8699 0.0044 0.4931
vn -0.8775 0.0153 0.4793
vn -0.8779 0.0117 0.4787
vn -0.8769 0.0189 0.4804
vn -0.8758 0.0224 0.4821
vn -0.8666 -0.0000 0.4990
vn -0.8690 -0.0019 0.4947
vn -0.8667 -0.0005 0.4989
vn -0.8691 -0.0031 0.4946
vn -0.8646 0.0015 0.5024
vn -0.8647 0.0017 0.5023
vn -0.8667 -0.0009 0.4988
vn -0.8691 -0.0044 0.4946
vn -0.8690 -0.0057 0.4948
vn -0.8667 -0.0013 0.4989
vn -0.8647 0.0020 0.5022
vn -0.8648 0.0023 0.5021
vn -0.8575 0.0098 0.5143
vn -0.8577 0.0124 0.5140
vn -0.8581 0.0153 0.5133
vn -0.8575 0.0073 0.5144
vn -0.8640 -0.0070 0.5034
vn -0.8644 -0.0084 0.5027
vn -0.8656 0.0001 0.5008
vn -0.8657 0.0010 0.5006
vn -0.8659 0.0017 0.5002
vn -0.8638 -0.0056 0.5038
vn -0.8670 0.0074 0.4983
vn -0.8676 0.0075 0.4972
vn -0.8665 0.0070 0.4992
vn -0.8638 -0.0041 0.5039
vn -0.8662 0.0023 0.4996
vn -0.8682 0.0074 0.4962
vn -0.8745 0.0254 0.4844
vn -0.8729 0.0279 0.4872
vn -0.8691 0.0306 0.4938
vn -0.8710 0.0297 0.4904
vn -0.8687 -0.0070 0.4953
vn -0.8666 -0.0017 0.4990
vn -0.8664 -0.0020 0.4993
vn -0.8683 -0.0082 0.4960
vn -0.8649 0.0027 0.5020
vn -0.8649 0.0031 0.5019
vn -0.8663 -0.0021 0.4996
vn -0.8678 -0.0092 0.4969
vn -0.8671 -0.0099 0.4980
vn -0.8660 -0.0021 0.5000
vn -0.8650 0.0037 0.5017
vn -0.8652 0.0043 0.5015
vn -0.8595 0.0210 0.5107
vn -0.8606 0.0238 0.5088
vn -0.8619 0.0263 0.5064
vn -0.8587 0.0182 0.5122
vn -0.8652 0.0052 0.5015
vn -0.8662 0.0089 0.4996
vn -0.8659 0.0155 0.5000
vn -0.8650 0.0094 0.5017
vn -0.8653 0.0027 0.5013
vn -0.8664 0.0057 0.4994
vn -0.8643 0.0022 0.5030
vn -0.8644 0.0001 0.5028
vn -0.8643 0.0053 0.5029
vn -0.8654 0.0012 0.5011
vn -0.8664 0.0039 0.4993
vn -0.8655 0.0008 0.5010
vn -0.8666 0.0030 0.4989
vn -0.8644 -0.0010 0.5027
vn -0.8645 -0.0010 0.5027
vn -0.8612 -0.0083 0.5081
vn -0.8617 -0.0077 0.5074
vn -0.8608 -0.0066 0.5089
vn -0.8631 -0.0009 0.5051
vn -0.8622 -0.0048 0.5066
vn -0.8656 0.0007 0.5008
vn -0.8668 0.0026 0.4986
vn -0.8657 0.0008 0.5006
vn -0.8671 0.0024 0.4981
vn -0.8645 -0.0004 0.5026
vn -0.8645 -0.0007 0.5027
vn -0.8658 0.0009 0.5004
vn -0.8674 0.0022 0.4976
vn -0.8645 -0.0000 0.5026
vn -0.8601 -0.0039 0.5101
vn -0.8597 -0.0026 0.5108
vn -0.8605 -0.0052 0.5095
vn -0.8664 -0.0102 0.4992
vn -0.8658 -0.0018 0.5003
vn -0.8657 -0.0013 0.5006
vn -0.8657 -0.0101 0.5005
vn -0.8654 0.0050 0.5011
vn -0.8656 0.0057 0.5006
vn -0.8656 -0.0006 0.5008
vn -0.8650 -0.0094 0.5017
vn -0.8660 0.0064 0.5000
vn -0.8652 0.0299 0.5006
vn -0.8671 0.0307 0.4972
vn -0.8634 0.0284 0.5037
vn -0.8660 0.0082 0.5000
vn -0.8646 0.0089 0.5024
vn -0.8651 0.0113 0.5014
vn -0.8639 0.0132 0.5034
vn -0.8673 0.0079 0.4978
vn -0.8662 0.0103 0.4997
vn -0.8645 0.0143 0.5024
vn -0.8634 0.0180 0.5041
vn -0.8641 0.0167 0.5030
vn -0.8633 0.0228 0.5042
vn -0.8647 0.0133 0.5022
vn -0.8653 0.0124 0.5011
vn -0.8688 0.0052 0.4951
vn -0.8655 0.0084 0.5009
vn -0.8707 0.0031 0.4917
vn -0.8634 0.0272 0.5037
vn -0.8641 0.0184 0.5030
vn -0.8641 0.0290 0.5024
vn -0.8643 0.0181 0.5026
vn -0.8643 0.0133 0.5027
vn -0.8643 0.0120 0.5028
vn -0.8647 0.0144 0.5021
vn -0.8652 0.0238 0.5009
vn -0.8643 0.0090 0.5029
vn -0.8638 0.0037 0.5038
vn -0.8642 0.0075 0.5031
vn -0.8646 0.0088 0.5024
vn 0.8634 -0.0146 -0.5043
vn 0.8643 -0.0155 -0.5027
vn 0.8654 -0.0040 -0.5011
vn 0.8652 -0.0038 -0.5015
vn 0.8652 -0.0161 -0.5011
vn 0.8656 -0.0041 -0.5008
vn 0.8590 -0.0605 -0.5085
vn 0.8628 -0.0628 -0.5017
vn 0.8555 -0.0569 -0.5147
vn 0.8663 -0.0163 -0.4993
vn 0.8658 -0.0041 -0.5004
vn 0.8673 -0.0163 -0.4975
vn 0.8660 -0.0041 -0.5000
vn 0.8710 -0.0636 -0.4872
vn 0.8668 -0.0639 -0.4945
vn 0.8479 -0.2580 -0.4631
vn 0.8322 -0.2543 -0.4927
vn 0.8643 -0.2562 -0.4329
vn 0.6686 -0.6734 -0.3155
vn 0.7094 -0.6638 -0.2370
vn 0.6292 -0.6699 -0.3942
vn 0.8041 -0.2313 -0.5476
vn 0.8175 -0.2452 -0.5212
vn 0.5921 -0.6535 -0.4715
vn 0.5579 -0.6249 -0.5461
vn 0.8668 -0.0002 -0.4986
vn 0.8712 0.0027 -0.4910
vn 0.8706 0.0037 -0.4920
vn 0.8667 -0.0000 -0.4988
vn 0.8849 0.0186 -0.4654
vn 0.8872 0.0145 -0.4611
vn 0.8700 0.0045 -0.4931
vn 0.8666 0.0002 -0.4991
vn 0.8826 0.0220 -0.4696
vn 0.9259 0.0980 -0.3649
vn 0.9342 0.0829 -0.3471
vn 0.9505 0.3093 -0.0281
vn 0.9662 0.2568 0.0221
vn 0.9422 0.0653 -0.3286
vn 0.9778 0.1971 0.0708
vn 0.8658 0.0045 -0.5004
vn 0.8666 0.0216 -0.4986
vn 0.8655 0.0251 -0.5003
vn 0.8656 0.0053 -0.5007
vn 0.8675 0.0887 -0.4894
vn 0.8618 0.1032 -0.4966
vn 0.8642 0.0223 -0.5026
vn 0.8653 0.0047 -0.5011
vn 0.8633 0.0161 -0.5044
vn 0.8652 0.0033 -0.5015
vn 0.8570 0.0912 -0.5072
vn 0.8545 0.0656 -0.5153
vn 0.8019 0.3885 -0.4540
vn 0.7902 0.3529 -0.5011
vn 0.7951 0.2637 -0.5462
vn 0.4967 0.7855 -0.3692
vn 0.5175 0.6880 -0.5087
vn 0.5243 0.8056 -0.2758
vn 0.8338 0.3449 -0.4310
vn 0.5902 0.7739 -0.2299
vn 0.8614 -0.0109 -0.5078
vn 0.8647 -0.0030 -0.5022
vn 0.8620 -0.0123 -0.5068
vn 0.8649 -0.0033 -0.5020
vn 0.8475 -0.0416 -0.5291
vn 0.8498 -0.0472 -0.5251
vn 0.8627 -0.0135 -0.5056
vn 0.8650 -0.0035 -0.5017
vn 0.8524 -0.0524 -0.5203
vn 0.7824 -0.1927 -0.5922
vn 0.7924 -0.2135 -0.5715
vn 0.5274 -0.5852 -0.6160
vn 0.5009 -0.5362 -0.6794
vn 0.7741 -0.1698 -0.6099
vn 0.4781 -0.4795 -0.7359
vn 0.8604 0.0007 -0.5097
vn 0.8645 -0.0006 -0.5026
vn 0.8602 -0.0006 -0.5100
vn 0.8645 -0.0008 -0.5027
vn 0.8437 0.0058 -0.5368
vn 0.8428 0.0005 -0.5383
vn 0.8600 -0.0020 -0.5102
vn 0.8644 -0.0011 -0.5027
vn 0.8422 -0.0052 -0.5391
vn 0.7551 -0.0185 -0.6554
vn 0.7579 0.0057 -0.6524
vn 0.4232 -0.0534 -0.9045
vn 0.4316 0.0205 -0.9018
vn 0.7623 0.0284 -0.6466
vn 0.4455 0.0916 -0.8906
vn 0.8650 0.0020 -0.5017
vn 0.8627 0.0104 -0.5056
vn 0.8623 0.0085 -0.5063
vn 0.8649 0.0014 -0.5019
vn 0.8529 0.0430 -0.5203
vn 0.8514 0.0365 -0.5232
vn 0.8621 0.0077 -0.5066
vn 0.8649 0.0010 -0.5020
vn 0.8509 0.0343 -0.5243
vn 0.7941 0.1553 -0.5877
vn 0.7920 0.1479 -0.5924
vn 0.5374 0.4514 -0.7124
vn 0.5437 0.4673 -0.6972
vn 0.7988 0.1779 -0.5747
vn 0.5495 0.5343 -0.6423
vn 0.8662 -0.0040 -0.4997
vn 0.8683 -0.0158 -0.4958
vn 0.8693 -0.0151 -0.4940
vn 0.8664 -0.0039 -0.4993
vn 0.8791 -0.0589 -0.4729
vn 0.8751 -0.0619 -0.4799
vn 0.8702 -0.0141 -0.4924
vn 0.8666 -0.0036 -0.4990
vn 0.8829 -0.0546 -0.4664
vn 0.8965 -0.2365 -0.3746
vn 0.9115 -0.2191 -0.3481
vn 0.8271 -0.5616 -0.0208
vn 0.7895 -0.6073 -0.0880
vn 0.8807 -0.2490 -0.4030
vn 0.7500 -0.6416 -0.1605
vn -0.5962 0.6135 0.5178
vn -0.5545 0.7116 0.4315
vn -0.1959 0.9455 0.2602
vn -0.2146 0.9024 0.3737
vn 0.0261 0.9653 0.2597
vn -0.0009 0.9869 0.1614
vn -0.2117 0.9652 0.1536
vn -0.0417 0.9974 0.0582
vn -0.5491 0.7630 0.3410
vn 0.0591 0.9897 0.1307
vn 0.1040 0.9699 0.2203
vn 0.0779 0.9896 0.1210
vn 0.1294 0.9698 0.2066
vn 0.0069 0.9995 0.0312
vn 0.0204 0.9995 0.0240
vn -0.1086 0.9924 -0.0577
vn -0.0593 0.9942 -0.0895
vn -0.0473 0.9943 -0.0959
vn -0.1441 0.9597 -0.2413
vn -0.1291 0.9600 -0.2485
vn -0.2107 0.9575 -0.1968
vn -0.2809 0.9582 0.0548
vn -0.6148 0.7409 0.2704
vn -0.4240 0.9047 -0.0414
vn -0.7517 0.6172 0.2325
vn -0.8591 0.4658 0.2121
vn -0.5959 0.7931 -0.1264
vn -0.3362 0.8773 -0.3425
vn -0.6639 0.7303 -0.1612
vn -0.3966 0.8286 -0.3950
vn -0.8834 0.4259 0.1957
vn -0.2475 0.8773 -0.4112
vn -0.2279 0.8738 -0.4297
vn -0.2963 0.8326 -0.4679
vn -0.2702 0.8272 -0.4927
vn -0.3192 0.8134 -0.4863
vn -0.4194 0.8046 -0.4204
vn -0.2911 0.8120 -0.5058
vn -0.3446 0.7317 -0.5881
vn -0.3715 0.7304 -0.5731
vn -0.4711 0.7212 -0.5078
vn -0.9003 0.3958 0.1809
vn -0.6851 0.7041 -0.1865
vn -0.7327 0.6283 -0.2614
vn -0.9259 0.3510 0.1399
vn -0.1589 0.5643 0.8101
vn -0.6017 0.2969 0.7415
vn -0.6341 0.3297 0.6994
vn -0.2235 0.6312 0.7428
vn 0.1569 0.7569 0.6344
vn 0.2169 0.6684 0.7115
vn -0.2550 0.7500 0.6103
vn 0.0906 0.8686 0.4872
vn -0.6508 0.4045 0.6426
vn 0.2872 0.7702 0.5695
vn 0.3386 0.6799 0.6505
vn 0.3201 0.7710 0.5506
vn 0.3690 0.6809 0.6326
vn 0.2446 0.8762 0.4153
vn 0.2106 0.8775 0.4309
vn 0.0466 0.9365 0.3476
vn 0.1427 0.9436 0.2986
vn 0.1734 0.9431 0.2836
vn -0.6293 0.5235 0.5744
vn -0.2403 0.8474 0.4735
vn -0.3954 0.1322 0.9090
vn -0.4474 0.1924 0.8734
vn 0.0615 0.3111 0.9484
vn 0.1184 0.2019 0.9722
vn 0.3693 0.3451 0.8629
vn 0.4007 0.2213 0.8891
vn 0.3276 0.4617 0.8244
vn -0.0063 0.4083 0.9128
vn -0.5013 0.2383 0.8318
vn 0.4539 0.3490 0.8198
vn 0.4759 0.2238 0.8505
vn 0.4750 0.3494 0.8077
vn 0.4946 0.2239 0.8398
vn 0.4234 0.4677 0.7759
vn 0.4472 0.4683 0.7620
vn 0.2759 0.5697 0.7741
vn 0.3847 0.5784 0.7194
vn 0.4117 0.5793 0.7035
vn -0.5542 0.2715 0.7868
vn -0.0823 0.4922 0.8666
vn 0.2139 -0.1606 0.9636
vn 0.2201 -0.2836 0.9333
vn -0.2532 -0.2100 0.9443
vn -0.2746 -0.1144 0.9547
vn 0.4324 -0.1655 0.8864
vn 0.4229 -0.2926 0.8577
vn 0.1953 -0.0371 0.9800
vn 0.4322 -0.0363 0.9011
vn -0.3061 -0.0237 0.9517
vn 0.4878 -0.1653 0.8571
vn 0.4739 -0.2928 0.8305
vn 0.5015 -0.1657 0.8491
vn 0.4865 -0.2932 0.8230
vn 0.4929 -0.0356 0.8694
vn 0.5079 -0.0359 0.8607
vn 0.4216 0.0932 0.9020
vn 0.4889 0.0947 0.8672
vn 0.5056 0.0946 0.8576
vn -0.3471 0.0594 0.9359
vn 0.1634 0.0846 0.9829
vn 0.1431 -0.7148 0.6846
vn -0.2586 -0.5787 0.7734
vn -0.2441 -0.4938 0.8346
vn 0.1759 -0.6203 0.7644
vn 0.2994 -0.7307 0.6135
vn 0.3418 -0.6353 0.6925
vn 0.3769 -0.5296 0.7600
vn 0.2001 -0.5158 0.8330
vn -0.2384 -0.4026 0.8838
vn 0.3833 -0.6361 0.6696
vn 0.3386 -0.7316 0.5918
vn 0.3935 -0.6365 0.6633
vn 0.3482 -0.7319 0.5857
vn 0.4211 -0.5302 0.7359
vn 0.4320 -0.5306 0.7293
vn 0.4041 -0.4148 0.8153
vn 0.4514 -0.4153 0.7898
vn 0.4631 -0.4157 0.7827
vn 0.2151 -0.4030 0.8896
vn -0.2413 -0.3072 0.9205
vn -0.0577 -0.9558 0.2883
vn -0.3982 -0.8021 0.4451
vn -0.3519 -0.7676 0.5358
vn 0.0014 -0.9184 0.3956
vn 0.1378 -0.9357 0.3248
vn 0.0752 -0.9734 0.2163
vn 0.1965 -0.8821 0.4281
vn 0.0550 -0.8652 0.4984
vn -0.3128 -0.7178 0.6220
vn 0.1723 -0.9366 0.3050
vn 0.1090 -0.9744 0.1966
vn 0.1807 -0.9368 0.2995
vn 0.1172 -0.9745 0.1912
vn 0.2321 -0.8831 0.4078
vn 0.2408 -0.8833 0.4022
vn 0.2878 -0.8144 0.5039
vn 0.2506 -0.8135 0.5247
vn 0.2969 -0.8147 0.4981
vn -0.2816 -0.6543 0.7019
vn 0.1025 -0.7970 0.5952
vn -0.3263 -0.9350 -0.1390
vn -0.6316 -0.7692 0.0969
vn -0.5691 -0.8030 0.1770
vn -0.2565 -0.9659 -0.0362
vn -0.1232 -0.9853 -0.1182
vn -0.1895 -0.9553 -0.2269
vn -0.0564 -0.9984 -0.0071
vn -0.1877 -0.9797 0.0703
vn -0.5082 -0.8201 0.2630
vn -0.0884 -0.9863 -0.1393
vn -0.1534 -0.9563 -0.2491
vn -0.0799 -0.9862 -0.1450
vn -0.1445 -0.9561 -0.2550
vn -0.0225 -0.9994 -0.0274
vn -0.0142 -0.9994 -0.0330
vn 0.0101 -0.9944 0.1049
vn 0.0436 -0.9954 0.0850
vn 0.0518 -0.9955 0.0795
vn -0.4507 -0.8199 0.3531
vn -0.1212 -0.9764 0.1790
vn -0.5833 -0.6595 -0.4742
vn -0.8521 -0.5066 -0.1311
vn -0.8045 -0.5872 -0.0899
vn -0.5248 -0.7489 -0.4047
vn -0.3717 -0.7709 -0.5172
vn -0.4236 -0.6813 -0.5971
vn -0.4619 -0.8253 -0.3248
vn -0.3148 -0.8471 -0.4281
vn -0.7511 -0.6592 -0.0378
vn -0.3291 -0.7718 -0.5441
vn -0.3782 -0.6820 -0.6260
vn -0.3668 -0.6815 -0.6333
vn -0.3184 -0.7713 -0.5511
vn -0.2747 -0.8480 -0.4532
vn -0.2647 -0.8476 -0.4598
vn -0.2159 -0.9098 -0.3544
vn -0.2538 -0.9089 -0.3309
vn -0.2065 -0.9095 -0.3607
vn -0.3953 -0.8877 -0.2359
vn -0.6929 -0.7206 0.0247
vn -0.7513 -0.2152 -0.6239
vn -0.9720 -0.1497 -0.1812
vn -0.9528 -0.2400 -0.1858
vn -0.7202 -0.3354 -0.6074
vn -0.5399 -0.3504 -0.7653
vn -0.5638 -0.2254 -0.7945
vn -0.5083 -0.4691 -0.7222
vn -0.6816 -0.4506 -0.5765
vn -0.9266 -0.3307 -0.1791
vn -0.4851 -0.3505 -0.8012
vn -0.5053 -0.2251 -0.8331
vn -0.4709 -0.3498 -0.8099
vn -0.4902 -0.2242 -0.8423
vn -0.4569 -0.4695 -0.7556
vn -0.4437 -0.4688 -0.7638
vn -0.4694 -0.5799 -0.6659
vn -0.4211 -0.5805 -0.6969
vn -0.4088 -0.5799 -0.7047
vn -0.8930 -0.4203 -0.1610
vn -0.6358 -0.5593 -0.5319
vn -0.8033 0.2596 -0.5360
vn -0.9853 0.1612 -0.0561
vn -0.9904 0.0942 -0.1007
vn -0.8011 0.1462 -0.5805
vn -0.5883 0.1616 -0.7923
vn -0.5807 0.2880 -0.7615
vn -0.7914 0.0280 -0.6106
vn -0.5879 0.0328 -0.8083
vn -0.9902 0.0193 -0.1381
vn -0.5160 0.1643 -0.8407
vn -0.5027 0.2917 -0.8137
vn -0.4969 0.1654 -0.8519
vn -0.4820 0.2929 -0.8257
vn -0.5208 0.0346 -0.8530
vn -0.5032 0.0356 -0.8634
vn -0.5798 -0.0967 -0.8090
vn -0.5173 -0.0958 -0.8504
vn -0.5010 -0.0949 -0.8602
vn -0.9842 -0.0625 -0.1654
vn -0.7749 -0.0931 -0.6252
vn -0.9458 0.3115 0.0922
vn -0.7637 0.5493 -0.3392
vn -0.5110 0.6268 -0.5883
vn -0.5419 0.5224 -0.6584
vn -0.7845 0.4623 -0.4132
vn -0.9622 0.2689 0.0421
vn -0.4155 0.6349 -0.6514
vn -0.3898 0.6362 -0.6658
vn -0.4521 0.5290 -0.7182
vn -0.4280 0.5304 -0.7318
vn -0.5651 0.4091 -0.7165
vn -0.4813 0.4142 -0.7726
vn -0.4589 0.4154 -0.7854
vn -0.9756 0.2194 -0.0079
vn -0.7976 0.3658 -0.4796
vn 0.4034 0.6775 0.6151
vn 0.3842 0.6786 0.6260
vn 0.3362 0.7689 0.5439
vn 0.3552 0.7679 0.5330
vn 0.4295 0.7621 0.4845
vn 0.4778 0.6716 0.5662
vn 0.3701 0.8400 0.3968
vn 0.3003 0.8451 0.4424
vn 0.2860 0.8482 0.4459
vn 0.6687 0.6901 0.2769
vn 0.7136 0.6064 0.3507
vn 0.6034 0.7700 0.2073
vn 0.2804 0.9183 0.2795
vn 0.4854 0.8654 0.1246
vn 0.3517 0.9348 0.0486
vn 0.1859 0.9691 0.1624
vn 0.2199 0.9225 0.3173
vn 0.2231 0.9216 0.3178
vn 0.1425 0.9714 0.1899
vn 0.1429 0.9706 0.1935
vn -0.7942 0.3281 0.5116
vn -0.8047 0.2535 0.5369
vn -0.7939 0.3848 0.4708
vn -0.8548 0.1422 0.4992
vn -0.8513 0.1199 0.5108
vn -0.8514 0.0909 0.5166
vn -0.8293 0.3488 0.4367
vn -0.8721 0.2456 0.4233
vn -0.8729 0.0828 0.4808
vn -0.8646 0.1237 0.4870
vn -0.8629 0.0578 0.5020
vn -0.8659 0.0489 0.4978
vn -0.8681 0.0320 0.4954
vn -0.8612 0.0507 0.5058
vn -0.8607 0.0397 0.5076
vn -0.4513 0.2966 -0.8417
vn -0.4701 0.2964 -0.8313
vn -0.4858 0.1689 -0.8576
vn -0.4675 0.1692 -0.8677
vn -0.3911 0.1680 -0.9049
vn -0.3728 0.2945 -0.8799
vn -0.4752 0.0395 -0.8790
vn -0.4009 0.0391 -0.9153
vn -0.4930 0.0391 -0.8692
vn -0.0852 0.1524 -0.9846
vn -0.0619 0.2672 -0.9617
vn -0.1013 0.0349 -0.9942
vn -0.4019 -0.0904 -0.9112
vn -0.1087 -0.0842 -0.9905
vn -0.1070 -0.2033 -0.9732
vn -0.3941 -0.2191 -0.8926
vn -0.4915 -0.0913 -0.8661
vn -0.4742 -0.0909 -0.8757
vn -0.4645 -0.2203 -0.8578
vn -0.4813 -0.2208 -0.8483
vn -0.4463 -0.3459 -0.8253
vn -0.4627 -0.3464 -0.8160
vn -0.3776 -0.3442 -0.8596
vn -0.3531 -0.4629 -0.8130
vn -0.4200 -0.4651 -0.7793
vn -0.4360 -0.4657 -0.7701
vn -0.0972 -0.3197 -0.9425
vn -0.0798 -0.4310 -0.8988
vn -0.0558 -0.5356 -0.8426
vn -0.3211 -0.5738 -0.7534
vn -0.0255 -0.6324 -0.7743
vn -0.2821 -0.6754 -0.6813
vn -0.4017 -0.5770 -0.7111
vn -0.3862 -0.5764 -0.7201
vn -0.3452 -0.6783 -0.6486
vn -0.3602 -0.6788 -0.6398
vn -0.3124 -0.7691 -0.5577
vn -0.2978 -0.7685 -0.5662
vn -0.2370 -0.7654 -0.5983
vn -0.1866 -0.8420 -0.5062
vn -0.2452 -0.8453 -0.4748
vn -0.2592 -0.8457 -0.4664
vn 0.0101 -0.7190 -0.6950
vn 0.0505 -0.7935 -0.6065
vn -0.1315 -0.9043 -0.4062
vn 0.0956 -0.8548 -0.5100
vn 0.1453 -0.9018 -0.4069
vn -0.0724 -0.9513 -0.2998
vn -0.2014 -0.9080 -0.3673
vn -0.1879 -0.9076 -0.3755
vn -0.1267 -0.9546 -0.2696
vn -0.1397 -0.9550 -0.2617
vn -0.0754 -0.9856 -0.1516
vn -0.0628 -0.9852 -0.1594
vn -0.0104 -0.9819 -0.1891
vn 0.0024 -0.9989 -0.0472
vn 0.0532 -0.9956 -0.0766
vn -0.0099 -0.9992 -0.0396
vn 0.1987 -0.9331 -0.2996
vn 0.2548 -0.9480 -0.1905
vn 0.1175 -0.9924 0.0363
vn 0.3127 -0.9464 -0.0811
vn 0.3713 -0.9281 0.0271
vn 0.1817 -0.9721 0.1481
vn 0.0560 -0.9958 0.0731
vn 0.0680 -0.9955 0.0655
vn 0.1332 -0.9751 0.1773
vn 0.1214 -0.9753 0.1848
vn 0.1965 -0.9379 0.2858
vn 0.1849 -0.9380 0.2932
vn 0.2443 -0.9351 0.2566
vn 0.2567 -0.8849 0.3887
vn 0.3039 -0.8823 0.3594
vn 0.2452 -0.8849 0.3961
vn 0.4291 -0.8936 0.1319
vn 0.4847 -0.8436 0.2310
vn 0.3597 -0.8145 0.4552
vn 0.5372 -0.7791 0.3231
vn 0.5860 -0.7007 0.4069
vn 0.4110 -0.7324 0.5428
vn 0.3015 -0.8167 0.4921
vn 0.3129 -0.8168 0.4847
vn 0.3645 -0.7344 0.5726
vn 0.3530 -0.7342 0.5799
vn 0.3987 -0.6391 0.6577
vn 0.4102 -0.6394 0.6503
vn 0.4567 -0.6377 0.6202
vn 0.4960 -0.5326 0.6858
vn 0.4492 -0.5339 0.7164
vn 0.4376 -0.5335 0.7238
vn 0.6300 -0.6102 0.4804
vn 0.6685 -0.5095 0.5418
vn 0.5284 -0.4185 0.7387
vn 0.7012 -0.4003 0.5900
vn 0.7281 -0.2839 0.6239
vn 0.5537 -0.2967 0.7781
vn 0.4810 -0.4193 0.7700
vn 0.4692 -0.4188 0.7774
vn 0.5052 -0.2971 0.8103
vn 0.4931 -0.2965 0.8179
vn 0.5088 -0.1691 0.8441
vn 0.5214 -0.1698 0.8363
vn 0.5714 -0.1700 0.8028
vn 0.5817 -0.0411 0.8124
vn 0.5292 -0.0401 0.8475
vn 0.5160 -0.0393 0.8557
vn 0.7493 -0.1632 0.6418
vn 0.7649 -0.0412 0.6428
vn 0.7750 0.0804 0.6268
vn 0.5845 0.0884 0.8066
vn 0.7789 0.1993 0.5946
vn 0.5795 0.2169 0.7856
vn 0.5146 0.0911 0.8526
vn 0.5287 0.0902 0.8440
vn 0.5198 0.2195 0.8256
vn 0.5046 0.2205 0.8347
vn 0.4862 0.3462 0.8023
vn 0.5026 0.3450 0.7927
vn 0.5665 0.3416 0.7499
vn 0.4773 0.4642 0.7461
vn 0.5455 0.4598 0.7008
vn 0.4598 0.4654 0.7563
vn 0.7755 0.3130 0.5483
vn 0.7642 0.4189 0.4904
vn 0.5161 0.5702 0.6391
vn 0.7442 0.5166 0.4235
vn 0.4442 0.5755 0.6867
vn 0.4257 0.5767 0.6973
vn -0.3118 0.7344 -0.6028
vn -0.3303 0.7343 -0.5931
vn -0.3758 0.6391 -0.6710
vn -0.3566 0.6393 -0.6813
vn -0.2777 0.6355 -0.7204
vn -0.2361 0.7306 -0.6407
vn -0.3150 0.5302 -0.7872
vn -0.3952 0.5337 -0.7477
vn -0.4146 0.5335 -0.7372
vn 0.0271 0.5780 -0.8156
vn 0.0556 0.6691 -0.7411
vn -0.0034 0.4807 -0.8769
vn -0.3470 0.4161 -0.8405
vn -0.0338 0.3771 -0.9256
vn -0.4269 0.4190 -0.8014
vn -0.4462 0.4188 -0.7909
vn -0.2103 0.8826 -0.4206
vn -0.1117 0.9642 -0.2406
vn -0.1218 0.9640 -0.2364
vn -0.2226 0.8819 -0.4156
vn -0.1415 0.8816 -0.4502
vn -0.0627 0.9632 -0.2615
vn -0.2614 0.8169 -0.5141
vn -0.1860 0.8119 -0.5534
vn -0.2746 0.8175 -0.5062
vn 0.1107 0.8275 -0.5505
vn 0.1231 0.9297 -0.3472
vn 0.0953 0.7440 -0.6613
vn -0.2009 0.7925 -0.5758
vn 0.0800 0.7270 -0.6820
vn -0.2902 0.7984 -0.5276
vn -0.2745 0.7974 -0.5374
vn -0.3348 0.7337 -0.5912
vn -0.3804 0.6386 -0.6690
vn -0.4192 0.5329 -0.7351
vn -0.3818 0.6378 -0.6689
vn -0.4206 0.5321 -0.7348
vn -0.3362 0.7331 -0.5912
vn -0.4507 0.4181 -0.7887
vn -0.4745 0.2957 -0.8291
vn -0.4758 0.2948 -0.8287
vn -0.4520 0.4173 -0.7884
vn -0.4222 0.5312 -0.7345
vn -0.4535 0.4164 -0.7880
vn -0.4771 0.2939 -0.8282
vn -0.3381 0.7324 -0.5910
vn -0.3836 0.6371 -0.6686
vn -0.4901 0.1682 -0.8553
vn -0.4970 0.0384 -0.8669
vn -0.4981 0.0375 -0.8663
vn -0.4912 0.1673 -0.8548
vn -0.4954 -0.0921 -0.8638
vn -0.4851 -0.2215 -0.8459
vn -0.4859 -0.2224 -0.8452
vn -0.4963 -0.0930 -0.8631
vn -0.4991 0.0365 -0.8658
vn -0.4972 -0.0940 -0.8625
vn -0.4867 -0.2234 -0.8445
vn -0.4924 0.1663 -0.8543
vn -0.4663 -0.3472 -0.8137
vn -0.4395 -0.4664 -0.7677
vn -0.4671 -0.3481 -0.8128
vn -0.4402 -0.4672 -0.7668
vn -0.4051 -0.5776 -0.7087
vn -0.3635 -0.6794 -0.6374
vn -0.4057 -0.5784 -0.7077
vn -0.3640 -0.6801 -0.6364
vn -0.4408 -0.4680 -0.7659
vn -0.4062 -0.5792 -0.7068
vn -0.3644 -0.6808 -0.6354
vn -0.4678 -0.3490 -0.8120
vn -0.3154 -0.7696 -0.5552
vn -0.2621 -0.8462 -0.4640
vn -0.2625 -0.8467 -0.4629
vn -0.3159 -0.7702 -0.5541
vn -0.2042 -0.9084 -0.3649
vn -0.1423 -0.9553 -0.2593
vn -0.2045 -0.9088 -0.3638
vn -0.1426 -0.9555 -0.2581
vn -0.2627 -0.8472 -0.4618
vn -0.2047 -0.9092 -0.3627
vn -0.1428 -0.9558 -0.2570
vn -0.3162 -0.7708 -0.5531
vn -0.0779 -0.9857 -0.1493
vn -0.0123 -0.9992 -0.0372
vn -0.0782 -0.9859 -0.1480
vn -0.0126 -0.9993 -0.0360
vn 0.0536 -0.9957 0.0754
vn 0.1190 -0.9751 0.1870
vn 0.1188 -0.9749 0.1882
vn 0.0534 -0.9956 0.0766
vn -0.0126 -0.9993 -0.0349
vn 0.0533 -0.9956 0.0777
vn 0.1188 -0.9747 0.1893
vn -0.0783 -0.9860 -0.1469
vn 0.1826 -0.9378 0.2954
vn 0.2429 -0.8845 0.3983
vn 0.1823 -0.9374 0.2966
vn 0.2426 -0.8841 0.3994
vn 0.2991 -0.8163 0.4942
vn 0.3507 -0.7337 0.5820
vn 0.2989 -0.8157 0.4953
vn 0.3503 -0.7331 0.5830
vn 0.2987 -0.8152 0.4962
vn 0.2425 -0.8837 0.4004
vn 0.3501 -0.7324 0.5839
vn 0.1823 -0.9371 0.2977
vn 0.3963 -0.6385 0.6597
vn 0.4351 -0.5329 0.7258
vn 0.4347 -0.5321 0.7266
vn 0.3959 -0.6378 0.6606
vn 0.4666 -0.4181 0.7794
vn 0.4904 -0.2957 0.8198
vn 0.4661 -0.4173 0.7801
vn 0.4899 -0.2948 0.8204
vn 0.4656 -0.4164 0.7809
vn 0.4343 -0.5313 0.7274
vn 0.4893 -0.2939 0.8211
vn 0.3956 -0.6371 0.6615
vn 0.5060 -0.1682 0.8460
vn 0.5129 -0.0384 0.8576
vn 0.5053 -0.1673 0.8466
vn 0.5122 -0.0375 0.8581
vn 0.5113 0.0920 0.8545
vn 0.5010 0.2215 0.8366
vn 0.5104 0.0930 0.8549
vn 0.5000 0.2224 0.8370
vn 0.5113 -0.0366 0.8586
vn 0.5094 0.0939 0.8554
vn 0.4989 0.2233 0.8374
vn 0.5046 -0.1664 0.8472
vn 0.4823 0.3471 0.8043
vn 0.4556 0.4663 0.7583
vn 0.4543 0.4671 0.7585
vn 0.4812 0.3480 0.8046
vn 0.4212 0.5775 0.6993
vn 0.3796 0.6793 0.6280
vn 0.4198 0.5783 0.6995
vn 0.3781 0.6800 0.6282
vn 0.4180 0.5790 0.7000
vn 0.4528 0.4679 0.7590
vn 0.3761 0.6807 0.6287
vn 0.4798 0.3488 0.8050
vn 0.3315 0.7695 0.5459
vn 0.2810 0.8563 0.4333
vn 0.2694 0.8661 0.4211
vn 0.3300 0.7701 0.5460
vn 0.2208 0.9294 0.2958
vn 0.1517 0.9701 0.1894
vn 0.1502 0.9696 0.1934
vn 0.2060 0.9366 0.2834
vn 0.2577 0.8728 0.4145
vn 0.1895 0.9411 0.2802
vn 0.1420 0.9696 0.1994
vn 0.3278 0.7707 0.5465
vn 0.0814 0.9908 0.1084
vn 0.0866 0.9901 0.1109
vn 0.0250 0.9995 0.0215
vn 0.0261 0.9994 0.0214
vn 0.0890 0.9895 0.1136
vn 0.0255 0.9994 0.0218
vn -0.0420 0.9950 -0.0908
vn -0.0389 0.9951 -0.0905
vn -0.1259 0.9632 -0.2375
vn -0.0431 0.9948 -0.0924
vn -0.1266 0.9621 -0.2415
vn 0.0246 0.9994 0.0224
vn -0.0444 0.9945 -0.0947
vn -0.1273 0.9608 -0.2461
vn 0.0858 0.9895 0.1164
vn -0.2267 0.8798 -0.4178
vn -0.2760 0.8183 -0.5041
vn -0.2258 0.8772 -0.4237
vn -0.2719 0.8202 -0.5033
vn -0.2921 0.8003 -0.5236
vn -0.2898 0.8036 -0.5199
vn -0.2673 0.8233 -0.5008
vn -0.2870 0.8080 -0.5146
vn -0.2249 0.8749 -0.4289
vn 0.0865 0.9909 0.1028
vn 0.1207 0.9893 0.0818
vn 0.0334 0.9993 0.0166
vn 0.0645 0.9979 -0.0003
vn 0.2586 0.9660 -0.0066
vn 0.1926 0.9784 -0.0756
vn 0.1469 0.9717 -0.1850
vn 0.0048 0.9938 -0.1111
vn -0.0308 0.9950 -0.0946
vn -0.8070 0.1111 0.5800
vn -0.7985 0.0965 0.5942
vn -0.8108 0.1471 0.5665
vn -0.8509 0.0499 0.5229
vn -0.8503 0.0351 0.5252
vn -0.8485 0.0281 0.5285
vn -0.8092 0.2045 0.5507
vn -0.8514 0.0703 0.5198
vn -0.8608 0.0216 0.5085
vn -0.8607 0.0303 0.5083
vn -0.8612 0.0143 0.5081
vn -0.8611 0.0102 0.5083
vn -0.8204 -0.4119 0.3966
vn -0.8505 -0.3870 0.3561
vn -0.7896 -0.4260 0.4418
vn -0.8687 -0.1279 0.4785
vn -0.8598 -0.1327 0.4931
vn -0.8770 -0.1193 0.4655
vn -0.7597 -0.4278 0.4898
vn -0.7322 -0.4169 0.5385
vn -0.8507 -0.1331 0.5085
vn -0.8422 -0.1289 0.5236
vn -0.8654 -0.0379 0.4996
vn -0.8629 -0.0375 0.5040
vn -0.8605 -0.0357 0.5082
vn -0.8703 -0.0347 0.4913
vn -0.8680 -0.0369 0.4952
vn -0.9206 0.1045 0.3763
vn -0.9125 0.1173 0.3920
vn -0.9288 0.0914 0.3590
vn -0.8860 0.0253 0.4630
vn -0.8835 0.0290 0.4675
vn -0.8812 0.0329 0.4715
vn -0.9371 0.0762 0.3408
vn -0.9451 0.0575 0.3218
vn -0.8913 0.0162 0.4530
vn -0.8886 0.0212 0.4582
vn -0.8716 0.0075 0.4902
vn -0.8724 0.0064 0.4888
vn -0.8732 0.0051 0.4873
vn -0.8708 0.0085 0.4915
vn -0.8702 0.0098 0.4927
vn -0.8941 0.1657 0.4162
vn -0.8996 0.1502 0.4100
vn -0.8769 0.0529 0.4777
vn -0.8782 0.0451 0.4761
vn -0.9043 0.1339 0.4053
vn -0.8791 0.0386 0.4750
vn -0.8696 0.0118 0.4936
vn -0.8694 0.0149 0.4939
vn -0.8691 0.0193 0.4943
vn -0.9226 -0.2718 0.2738
vn -0.9386 -0.2271 0.2597
vn -0.9024 -0.3146 0.2944
vn -0.8946 -0.0812 0.4395
vn -0.8901 -0.0950 0.4458
vn -0.8978 -0.0670 0.4352
vn -0.8783 -0.3537 0.3218
vn -0.8842 -0.1080 0.4545
vn -0.8724 -0.0316 0.4878
vn -0.8740 -0.0279 0.4851
vn -0.8761 -0.0196 0.4817
vn -0.8752 -0.0238 0.4831
vn -0.7085 -0.3946 0.5851
vn -0.6894 -0.3626 0.6271
vn -0.8346 -0.1206 0.5374
vn -0.8285 -0.1092 0.5493
vn -0.6752 -0.3229 0.6632
vn -0.6661 -0.2776 0.6923
vn -0.8238 -0.0956 0.5587
vn -0.8207 -0.0806 0.5656
vn -0.8568 -0.0289 0.5148
vn -0.8557 -0.0247 0.5169
vn -0.8550 -0.0202 0.5183
vn -0.8584 -0.0327 0.5119
vn -0.9642 -0.0585 0.2588
vn -0.9629 -0.0974 0.2517
vn -0.9584 -0.1388 0.2492
vn -0.9009 -0.0276 0.4331
vn -0.9009 -0.0399 0.4322
vn -0.9002 -0.0162 0.4352
vn -0.9505 -0.1824 0.2517
vn -0.8999 -0.0532 0.4329
vn -0.8766 -0.0154 0.4810
vn -0.8767 -0.0114 0.4808
vn -0.8763 -0.0042 0.4818
vn -0.8766 -0.0076 0.4811
vn -0.6617 -0.2294 0.7138
vn -0.6618 -0.1804 0.7276
vn -0.8191 -0.0653 0.5700
vn -0.8187 -0.0503 0.5720
vn -0.6661 -0.1322 0.7341
vn -0.6740 -0.0862 0.7336
vn -0.8195 -0.0360 0.5719
vn -0.8213 -0.0228 0.5701
vn -0.8548 -0.0117 0.5189
vn -0.8551 -0.0080 0.5184
vn -0.8557 -0.0047 0.5175
vn -0.8547 -0.0158 0.5189
vn -0.6855 -0.0440 0.7267
vn -0.7003 -0.0070 0.7138
vn -0.8239 -0.0112 0.5666
vn -0.8273 -0.0013 0.5617
vn -0.7176 0.0241 0.6960
vn -0.7358 0.0488 0.6754
vn -0.8313 0.0068 0.5558
vn -0.8354 0.0131 0.5494
vn -0.8572 0.0004 0.5150
vn -0.8581 0.0021 0.5134
vn -0.8591 0.0035 0.5119
vn -0.8564 -0.0019 0.5164
vn -0.9525 0.0350 0.3026
vn -0.9585 0.0082 0.2848
vn -0.8967 0.0027 0.4427
vn -0.8941 0.0101 0.4477
vn -0.9626 -0.0231 0.2699
vn -0.8987 -0.0061 0.4384
vn -0.8757 -0.0013 0.4828
vn -0.8750 0.0013 0.4841
vn -0.8742 0.0034 0.4856
vn -0.7536 0.0674 0.6539
vn -0.7703 0.0803 0.6326
vn -0.8394 0.0179 0.5433
vn -0.8429 0.0215 0.5376
vn -0.7855 0.0892 0.6124
vn -0.8460 0.0247 0.5327
vn -0.8605 0.0060 0.5094
vn -0.8609 0.0078 0.5087
vn -0.8599 0.0047 0.5105
vn 0.8619 0.0170 -0.5068
vn 0.8631 0.0176 -0.5047
vn 0.8607 0.0160 -0.5088
vn 0.8646 0.0027 -0.5024
vn 0.8649 0.0029 -0.5020
vn 0.8651 0.0030 -0.5015
vn 0.8597 0.0147 -0.5106
vn 0.8587 0.0131 -0.5123
vn 0.8644 0.0024 -0.5028
vn 0.8642 0.0021 -0.5031
vn 0.8655 -0.0005 -0.5009
vn 0.8655 -0.0006 -0.5009
vn 0.8656 -0.0005 -0.5008
vn 0.8686 -0.0063 -0.4955
vn 0.8670 -0.0045 -0.4983
vn 0.8690 -0.0075 -0.4947
vn 0.8664 -0.0020 -0.4993
vn 0.8663 -0.0017 -0.4996
vn 0.8659 -0.0014 -0.5002
vn 0.8695 -0.0097 -0.4939
vn 0.8700 -0.0080 -0.4929
vn 0.8664 -0.0027 -0.4993
vn 0.8665 -0.0024 -0.4991
vn 0.8657 -0.0005 -0.5005
vn 0.8657 -0.0009 -0.5006
vn 0.8657 -0.0010 -0.5006
vn 0.8656 -0.0000 -0.5007
vn 0.8657 -0.0003 -0.5006
vn 0.8719 -0.0018 -0.4896
vn 0.8716 -0.0030 -0.4901
vn 0.8721 -0.0004 -0.4893
vn 0.8669 -0.0011 -0.4984
vn 0.8670 -0.0008 -0.4983
vn 0.8669 -0.0014 -0.4985
vn 0.8722 0.0010 -0.4891
vn 0.8722 0.0027 -0.4891
vn 0.8670 -0.0005 -0.4983
vn 0.8670 -0.0001 -0.4983
vn 0.8657 -0.0009 -0.5005
vn 0.8657 -0.0008 -0.5005
vn 0.8703 0.0118 -0.4924
vn 0.8709 0.0100 -0.4913
vn 0.8695 0.0134 -0.4937
vn 0.8665 0.0021 -0.4992
vn 0.8666 0.0018 -0.4990
vn 0.8668 0.0014 -0.4987
vn 0.8687 0.0148 -0.4952
vn 0.8677 0.0160 -0.4968
vn 0.8661 0.0027 -0.4999
vn 0.8663 0.0024 -0.4995
vn 0.8657 -0.0006 -0.5006
vn 0.8657 -0.0005 -0.5006
vn 0.8657 -0.0007 -0.5005
vn 0.8657 -0.0006 -0.5005
vn 0.8645 -0.0052 -0.5026
vn 0.8652 -0.0023 -0.5014
vn 0.8656 -0.0010 -0.5008
vn 0.8655 -0.0012 -0.5009
vn 0.8656 -0.0009 -0.5008
vn 0.8654 -0.0018 -0.5011
vn 0.8660 -0.0020 -0.5000
vn 0.8656 0.0003 -0.5007
vn 0.8656 0.0004 -0.5008
vn 0.8656 -0.0002 -0.5007
vn 0.8656 0.0002 -0.5008
vn 0.8579 -0.0020 -0.5139
vn 0.8585 -0.0029 -0.5128
vn 0.8591 -0.0035 -0.5118
vn 0.8642 -0.0014 -0.5032
vn 0.8643 -0.0016 -0.5030
vn 0.8640 -0.0012 -0.5035
vn 0.8598 -0.0037 -0.5107
vn 0.8604 -0.0042 -0.5096
vn 0.8644 -0.0017 -0.5028
vn 0.8646 -0.0018 -0.5025
vn 0.8655 -0.0009 -0.5009
vn 0.8667 0.0169 -0.4986
vn 0.8656 0.0175 -0.5005
vn 0.8656 0.0030 -0.5007
vn 0.8659 0.0029 -0.5003
vn 0.8644 0.0177 -0.5026
vn 0.8654 0.0030 -0.5011
vn 0.8609 -0.0074 -0.5086
vn 0.8623 -0.0094 -0.5063
vn 0.8647 -0.0022 -0.5023
vn 0.8649 -0.0026 -0.5019
vn 0.8635 -0.0080 -0.5043
vn 0.8652 -0.0025 -0.5015
vn 0.8656 -0.0006 -0.5007
vn 0.8655 -0.0009 -0.5008
vn 0.8567 0.0026 -0.5158
vn 0.8567 0.0047 -0.5158
vn 0.8569 0.0008 -0.5154
vn 0.8638 -0.0005 -0.5038
vn 0.8638 -0.0001 -0.5039
vn 0.8638 0.0003 -0.5039
vn 0.8573 -0.0007 -0.5147
vn 0.8639 -0.0009 -0.5037
vn 0.8655 -0.0008 -0.5010
vn 0.8655 -0.0009 -0.5010
vn 0.8721 0.0045 -0.4893
vn 0.8718 0.0063 -0.4898
vn 0.8670 0.0002 -0.4983
vn 0.8669 0.0006 -0.4984
vn 0.8714 0.0081 -0.4904
vn 0.8669 0.0010 -0.4986
vn 0.8579 0.0112 -0.5137
vn 0.8573 0.0091 -0.5148
vn 0.8640 0.0017 -0.5034
vn 0.8639 0.0012 -0.5037
vn 0.8569 0.0069 -0.5155
vn 0.8638 0.0008 -0.5038
vn 0.8655 -0.0007 -0.5010
vn 0.8705 -0.0066 -0.4921
vn 0.8709 -0.0054 -0.4914
vn 0.8666 -0.0022 -0.4989
vn 0.8667 -0.0019 -0.4988
vn 0.8713 -0.0042 -0.4907
vn 0.8668 -0.0016 -0.4986
vn 0.8657 -0.0010 -0.5005
vn 0.6830 0.7119 -0.1632
vn 0.6450 0.7161 -0.2668
vn 0.5944 0.7172 -0.3638
vn 0.8530 0.0770 -0.5161
vn 0.9225 0.0732 -0.3791
vn 0.9708 0.0615 -0.2320
vn 0.5321 0.7147 -0.4539
vn 0.4581 0.7092 -0.5358
vn 0.7640 0.0711 -0.6413
vn 0.6562 0.0575 -0.7524
vn -0.6633 0.6922 -0.2844
vn -0.6970 0.6949 -0.1769
vn -0.7119 0.6992 -0.0653
vn -0.9714 0.0181 -0.2368
vn -0.9963 0.0299 -0.0805
vn -0.9220 0.0111 -0.3870
vn -0.0607 0.6966 0.7149
vn 0.0523 0.6962 0.7160
vn 0.1869 0.7084 0.6807
vn 0.0721 0.0119 0.9973
vn 0.2626 0.0820 0.9614
vn -0.0858 0.0138 0.9962
vn -0.4612 0.7128 0.5285
vn -0.3751 0.7071 0.5994
vn -0.2779 0.7019 0.6558
vn -0.3920 0.0306 0.9194
vn -0.5316 0.0458 0.8458
vn -0.6566 0.0621 0.7516
vn -0.7074 0.7053 0.0466
vn -0.6851 0.7117 0.1555
vn -0.9709 0.0624 0.2312
vn -0.9960 0.0458 0.0770
vn 0.6615 0.6966 0.2777
vn 0.6953 0.6983 0.1699
vn 0.7102 0.7016 0.0581
vn 0.9714 0.0208 0.2365
vn 0.9963 0.0313 0.0801
vn 0.9220 0.0152 0.3869
vn 0.4281 0.1225 0.8954
vn 0.2498 0.6866 0.6827
vn 0.4030 0.2143 0.8898
vn 0.4762 0.2246 0.8502
vn 0.4941 0.1586 0.8548
vn 0.0576 0.6907 -0.7209
vn -0.0551 0.6900 -0.7217
vn -0.1664 0.6899 -0.7045
vn -0.2277 0.0059 -0.9737
vn -0.0722 0.0058 -0.9974
vn 0.0855 0.0079 -0.9963
vn -0.6474 0.7168 0.2590
vn -0.5970 0.7188 0.3561
vn -0.9227 0.0752 0.3780
vn -0.8534 0.0798 0.5151
vn -0.1719 0.6984 0.6947
vn -0.2419 0.0197 0.9701
vn 0.4305 0.7110 0.5561
vn 0.4087 0.7216 0.5588
vn 0.5431 0.6966 0.4688
vn 0.7565 0.0134 0.6538
vn 0.6097 0.0934 0.7871
vn 0.7055 0.7066 -0.0541
vn 0.9959 0.0459 -0.0776
vn -0.3737 0.6904 -0.6194
vn -0.4650 0.6905 -0.5540
vn -0.5452 0.6906 -0.4752
vn -0.6448 0.0071 -0.7643
vn -0.7565 0.0071 -0.6540
vn -0.5174 0.0071 -0.8557
vn -0.2733 0.6903 -0.6699
vn -0.3772 0.0066 -0.9261
vn -0.5350 0.7173 0.4463
vn -0.7644 0.0749 0.6404
vn 0.6100 0.6964 0.3781
vn 0.8497 0.0133 0.5271
vn 0.3720 0.7028 -0.6064
vn 0.2747 0.6969 -0.6625
vn 0.3916 0.0249 -0.9198
vn 0.5312 0.0405 -0.8463
vn -0.6120 0.6910 -0.3847
vn -0.8497 0.0079 -0.5272
vn 0.1687 0.6929 -0.7011
vn 0.2416 0.0138 -0.9703
vn 0.8727 0.4259 0.2388
vn 0.6485 0.7593 -0.0537
vn 0.4449 0.8940 0.0535
vn 0.2805 0.9586 -0.0499
vn 0.8151 0.0952 0.5714
vn 0.6041 0.7388 0.2985
vn 0.4488 0.8800 -0.1555
vn 0.2062 0.9753 -0.0785
vn 0.3971 0.7077 -0.5844
vn 0.3726 0.8647 -0.3369
vn 0.1667 0.9736 -0.1559
vn 0.1752 0.9557 -0.2366
vn 0.2626 0.2371 -0.9353
vn 0.1538 0.8942 -0.4203
vn -0.3716 0.7621 0.5302
vn -0.3514 0.8844 0.3073
vn -0.1811 0.9586 0.2198
vn -0.1667 0.9761 0.1396
vn -0.2366 0.4241 0.8742
vn 0.0889 0.0920 0.9918
vn -0.0357 0.7273 0.6854
vn -0.1750 0.8915 0.4179
vn -0.6444 0.7607 0.0776
vn -0.9150 0.3619 -0.1783
vn -0.4053 0.9128 -0.0499
vn -0.2702 0.9620 0.0401
vn -0.4413 0.8838 0.1552
vn -0.2039 0.9767 0.0669
vn 0.4988 0.2483 0.8304
vn 0.5508 0.2438 0.7982
vn 0.6135 0.2104 0.7611
vn 0.4811 0.6927 0.5373
vn 0.6864 0.1180 0.7176
vn 0.5660 0.6749 0.4734
vn 0.2838 0.0970 0.9540
vn 0.3801 0.1637 0.9103
vn 0.1461 0.6647 0.7327
vn 0.4472 0.2163 0.8679
vn -0.3428 -0.6010 0.7220
vn -0.2789 -0.6008 0.7492
vn -0.1745 -0.9110 0.3736
vn -0.1418 -0.9109 0.3876
vn -0.4042 -0.6012 0.6894
vn -0.2060 -0.9112 0.3568
vn 0.3453 -0.6073 -0.7155
vn 0.2815 -0.6077 -0.7426
vn 0.1784 -0.9142 -0.3638
vn 0.1457 -0.9144 -0.3778
vn 0.4067 -0.6069 -0.6828
vn 0.2099 -0.9141 -0.3470
vn 0.7268 -0.6052 -0.3249
vn 0.6951 -0.6053 -0.3878
vn 0.3740 -0.9129 -0.1633
vn 0.3577 -0.9131 -0.1956
vn 0.7524 -0.6050 -0.2605
vn 0.3873 -0.9127 -0.1303
vn -0.0767 -0.6000 0.7963
vn -0.0073 -0.5997 0.8002
vn -0.0381 -0.9105 0.4117
vn -0.0025 -0.9104 0.4137
vn -0.1454 -0.6003 0.7864
vn -0.0733 -0.9106 0.4067
vn 0.0793 -0.6083 -0.7898
vn 0.0099 -0.6083 -0.7936
vn 0.0420 -0.9147 -0.4019
vn 0.0064 -0.9148 -0.4039
vn 0.1480 -0.6082 -0.7799
vn 0.0772 -0.9146 -0.3968
vn 0.6493 -0.6002 0.4670
vn 0.6874 -0.6004 0.4087
vn 0.3344 -0.9106 0.2428
vn 0.3539 -0.9107 0.2129
vn 0.6062 -0.6004 0.5216
vn 0.3123 -0.9106 0.2708
vn -0.2130 -0.6006 0.7706
vn -0.1080 -0.9107 0.3986
vn 0.2155 -0.6080 -0.7641
vn 0.1119 -0.9145 -0.3888
vn -0.5560 -0.6092 -0.5654
vn -0.6036 -0.6086 -0.5151
vn -0.2841 -0.9149 -0.2868
vn -0.3084 -0.9147 -0.2610
vn -0.5046 -0.6097 -0.6113
vn -0.2576 -0.9151 -0.3103
vn 0.3295 -0.6003 0.7288
vn 0.3923 -0.6002 0.6971
vn 0.1702 -0.9104 0.3770
vn 0.2024 -0.9105 0.3606
vn 0.2651 -0.6005 0.7544
vn 0.1372 -0.9104 0.3903
vn -0.3269 -0.6096 -0.7222
vn -0.3897 -0.6093 -0.6905
vn -0.1663 -0.9152 -0.3671
vn -0.1985 -0.9152 -0.3507
vn -0.2625 -0.6097 -0.7479
vn -0.1333 -0.9151 -0.3805
vn -0.7933 -0.6054 0.0643
vn -0.7847 -0.6054 0.1333
vn -0.4056 -0.9133 0.0362
vn -0.4012 -0.9132 0.0716
vn -0.4068 -0.9135 0.0005
vn -0.7957 -0.6057 -0.0053
vn -0.5674 -0.6032 0.5606
vn -0.5171 -0.6023 0.6082
vn -0.2898 -0.9118 0.2909
vn -0.2639 -0.9116 0.3153
vn -0.6133 -0.6038 0.5092
vn -0.3133 -0.9121 0.2645
vn 0.5700 -0.6068 -0.5540
vn 0.5196 -0.6067 -0.6016
vn 0.2937 -0.9136 -0.2811
vn 0.2678 -0.9138 -0.3054
vn 0.6159 -0.6067 -0.5026
vn 0.3172 -0.9135 -0.2547
vn -0.7918 -0.6062 -0.0747
vn -0.4049 -0.9137 -0.0351
vn -0.7819 -0.6067 -0.1434
vn -0.3998 -0.9139 -0.0703
vn -0.6551 -0.6040 0.4539
vn -0.3347 -0.9123 0.2361
vn -0.3538 -0.9125 0.2054
vn -0.6925 -0.6041 0.3943
vn 0.6577 -0.6060 -0.4474
vn 0.3386 -0.9133 -0.2262
vn -0.7175 -0.6075 -0.3408
vn -0.7446 -0.6074 -0.2769
vn -0.3668 -0.9144 -0.1715
vn -0.3807 -0.9142 -0.1388
vn -0.6848 -0.6077 -0.4022
vn -0.3500 -0.9145 -0.2030
vn 0.0623 -0.5997 0.7978
vn 0.1313 -0.5998 0.7893
vn 0.0332 -0.9104 0.4125
vn 0.0686 -0.9103 0.4082
vn -0.0597 -0.6085 -0.7913
vn -0.1287 -0.6089 -0.7827
vn -0.0293 -0.9149 -0.4026
vn -0.0647 -0.9150 -0.3983
vn -0.7661 -0.6071 -0.2110
vn -0.3918 -0.9141 -0.1050
vn 0.5586 -0.6007 0.5719
vn 0.2880 -0.9105 0.2967
vn 0.5072 -0.6008 0.6179
vn 0.2615 -0.9105 0.3202
vn -0.4493 -0.6096 -0.6531
vn -0.2292 -0.9152 -0.3316
vn 0.7959 -0.6027 -0.0578
vn 0.7873 -0.6034 -0.1268
vn 0.4095 -0.9119 -0.0263
vn 0.4052 -0.9122 -0.0617
vn 0.4107 -0.9117 0.0093
vn 0.7982 -0.6023 0.0118
vn -0.7701 -0.6054 0.2010
vn -0.7499 -0.6053 0.2670
vn -0.3938 -0.9130 0.1063
vn -0.3834 -0.9129 0.1402
vn 0.7943 -0.6020 0.0813
vn 0.4088 -0.9115 0.0449
vn 0.7844 -0.6018 0.1500
vn 0.4037 -0.9114 0.0802
vn -0.7242 -0.6047 0.3314
vn -0.3701 -0.9127 0.1732
vn 0.7200 -0.6008 0.3473
vn 0.7472 -0.6012 0.2834
vn 0.3706 -0.9109 0.1814
vn 0.3845 -0.9111 0.1486
vn -0.6467 -0.6080 -0.4605
vn -0.3305 -0.9146 -0.2329
vn 0.7687 -0.6016 0.2175
vn 0.3956 -0.9112 0.1148
vn 0.1991 -0.6002 0.7747
vn 0.1034 -0.9103 0.4007
vn -0.1965 -0.6094 -0.7681
vn -0.0995 -0.9151 -0.3909
vn 0.4519 -0.6005 0.6596
vn 0.2330 -0.9105 0.3415
vn -0.4625 -0.6016 0.6513
vn -0.2359 -0.9114 0.3373
vn 0.4650 -0.6067 -0.6447
vn 0.2398 -0.9139 -0.3274
vn 0.7727 -0.6043 -0.1945
vn 0.3977 -0.9124 -0.0965
vn 0.4993 -0.0036 -0.8664
vn -0.4993 0.0036 0.8664
vn -1.0000 -0.0021 0.0008
vn 1.0000 0.0021 -0.0008
vn 0.5007 0.0057 0.8656
vn -0.5007 -0.0057 -0.8656
vn 0.6278 0.6860 -0.3677
vn 0.6284 0.6900 0.3593
vn -0.0009 0.6906 0.7233
vn -0.6307 0.6873 0.3603
vn -0.6313 0.6833 -0.3667
vn -0.0020 0.6827 -0.7307
vn 0.3017 -0.3863 -0.8717
vn 0.0014 -0.8572 -0.5150
vn -0.3013 -0.3874 -0.8713
vn 0.6060 -0.3847 -0.6962
vn 0.9079 -0.3812 -0.1744
vn 0.4516 -0.8548 -0.2556
vn 0.9003 -0.3665 0.2348
vn 0.6533 -0.3648 0.6634
vn 0.6492 -0.6606 0.3769
vn 0.2488 -0.3645 0.8974
vn -0.2457 -0.3655 0.8978
vn 0.0020 -0.6600 0.7513
vn -0.6507 -0.3676 0.6645
vn -0.8983 -0.3704 0.2364
vn -0.6458 -0.6634 0.3779
vn -0.9066 -0.3850 -0.1729
vn -0.6056 -0.3871 -0.6953
vn -0.4483 -0.8568 -0.2548
vn 0.1148 0.9149 -0.3870
vn 0.3767 0.3908 -0.8398
vn 0.1150 0.6950 -0.7097
vn 0.2289 0.1467 -0.9623
vn -0.2310 0.1457 -0.9620
vn -0.0015 0.3572 -0.9340
vn -0.1193 0.9144 -0.3868
vn -0.1192 0.6945 -0.7095
vn -0.3798 0.3892 -0.8392
vn 0.3873 0.9170 -0.0949
vn 0.9134 0.3960 -0.0940
vn 0.6682 0.6986 -0.2559
vn 0.9470 0.1519 -0.2832
vn 0.7167 0.1492 -0.6812
vn 0.8061 0.3614 -0.4686
vn 0.2701 0.9157 -0.2976
vn 0.5509 0.6973 -0.4586
vn 0.5347 0.3916 -0.7488
vn 0.2706 0.9189 0.2872
vn 0.5359 0.3997 0.7437
vn 0.5516 0.7022 0.4501
vn 0.7178 0.1566 0.6784
vn 0.9474 0.1549 0.2800
vn 0.8068 0.3664 0.4634
vn 0.3875 0.9180 0.0843
vn 0.6686 0.7014 0.2472
vn 0.9136 0.3970 0.0883
vn -0.1187 0.9185 0.3771
vn -0.3785 0.3982 0.8356
vn -0.1180 0.7021 0.7022
vn -0.2412 0.1612 0.9570
vn 0.2422 0.1622 0.9566
vn -0.0003 0.4728 0.8812
vn 0.1154 0.9191 0.3769
vn 0.1162 0.7026 0.7020
vn 0.3781 0.3998 0.8350
vn -0.3912 0.9164 0.0850
vn -0.9151 0.3931 0.0898
vn -0.6712 0.6985 0.2483
vn -0.9476 0.1509 0.2815
vn -0.7174 0.1535 0.6796
vn -0.8076 0.3630 0.4648
vn -0.2740 0.9177 0.2877
vn -0.5539 0.6998 0.4511
vn -0.5364 0.3974 0.7446
vn -0.2744 0.9146 -0.2971
vn -0.5376 0.3893 -0.7480
vn -0.5546 0.6949 -0.4577
vn -0.7095 0.1511 -0.6883
vn -0.9507 0.1530 -0.2697
vn -0.7667 0.4640 -0.4438
vn -0.3914 0.9154 -0.0942
vn -0.6715 0.6958 -0.2547
vn -0.9152 0.3921 -0.0925
vn 0.4561 -0.4141 -0.7877
vn 0.2008 -0.9187 -0.3400
vn 0.9126 -0.4088 0.0015
vn 0.4000 -0.9165 0.0046
vn 0.4574 -0.4056 0.7914
vn 0.2012 -0.9151 0.3495
vn -0.4544 -0.4075 0.7921
vn -0.1968 -0.9159 0.3498
vn -0.9109 -0.4127 0.0030
vn -0.3961 -0.9182 0.0053
vn -0.4557 -0.4159 -0.7870
vn -0.1974 -0.9196 -0.3396
vn -0.0023 0.9722 -0.2340
vn -0.0022 0.8312 -0.5560
vn 0.3834 0.2141 -0.8985
vn 0.1577 0.5231 -0.8375
vn -0.3857 0.2124 -0.8978
vn -0.1613 0.5224 -0.8373
vn 0.1959 0.9733 -0.1198
vn 0.4757 0.8336 -0.2807
vn 0.9685 0.2195 -0.1174
vn 0.8012 0.5275 -0.2826
vn 0.5834 0.2151 -0.7832
vn 0.6414 0.5257 -0.5588
vn 0.1962 0.9745 0.1090
vn 0.4761 0.8367 0.2709
vn 0.5847 0.2236 0.7799
vn 0.6423 0.5317 0.5521
vn 0.9687 0.2208 0.1135
vn 0.8016 0.5305 0.2756
vn -0.0019 0.9747 0.2235
vn -0.0013 0.8371 0.5470
vn -0.3843 0.2221 0.8961
vn -0.1600 0.5315 0.8318
vn 0.3848 0.2238 0.8955
vn 0.1591 0.5321 0.8316
vn -0.2001 0.9737 0.1093
vn -0.4792 0.8346 0.2716
vn -0.9694 0.2167 0.1151
vn -0.8034 0.5271 0.2769
vn -0.5843 0.2211 0.7808
vn -0.6437 0.5289 0.5531
vn -0.2003 0.9724 -0.1195
vn -0.4796 0.8316 -0.2799
vn -0.5856 0.2126 -0.7822
vn -0.6446 0.5229 -0.5578
vn -0.9696 0.2154 -0.1158
vn -0.8038 0.5241 -0.2813
vn 0.9239 0.3826 -0.0028
vn 0.3828 0.9238 -0.0053
vn 0.4609 0.3772 -0.8033
vn 0.1901 0.9216 -0.3383
vn -0.4638 0.3752 -0.8025
vn -0.1946 0.9208 -0.3380
vn -0.9256 0.3786 -0.0013
vn -0.3867 0.9222 -0.0047
vn -0.4625 0.3839 0.7992
vn -0.1941 0.9244 0.3284
vn 0.4622 0.3859 0.7984
vn 0.1907 0.9252 0.3281
vn -0.1469 -0.0123 -0.9891
vn 0.1453 -0.0117 -0.9893
vn 0.9295 -0.0067 -0.3689
vn 0.7832 -0.0084 -0.6217
vn -0.9111 -0.0074 -0.4121
vn -0.8134 -0.0081 -0.5816
vn 0.7145 0.0066 0.6996
vn 0.9636 0.0048 0.2673
vn -0.2067 0.0095 0.9784
vn 0.2083 0.0103 0.9780
vn -0.9632 0.0007 0.2689
vn -0.7133 0.0036 0.7008
vn 0.0021 -1.0000 0.0054
vn -0.0008 -0.0054 -1.0000
vn 0.0008 0.0054 1.0000
vn 0.8656 -0.0009 -0.5007
vn 0.8664 0.0045 0.4993
vn -0.8664 -0.0045 -0.4993
vn 0.3615 0.6840 -0.6335
vn 0.7255 0.6882 -0.0043
vn 0.3625 0.6908 0.6256
vn -0.3645 0.6893 0.6262
vn -0.7284 0.6851 -0.0031
vn -0.3655 0.6825 -0.6330
vn -0.1757 -0.3873 -0.9051
vn -0.2584 -0.8574 -0.4452
vn -0.6975 -0.3869 -0.6031
vn 0.1758 -0.3867 -0.9053
vn 0.6982 -0.3839 -0.6043
vn 0.2613 -0.8562 -0.4457
vn 0.8962 -0.3692 -0.2461
vn 0.8966 -0.3666 0.2486
vn 0.7491 -0.6624 0.0030
vn 0.6633 -0.3648 0.6534
vn 0.2352 -0.3644 0.9010
vn 0.3758 -0.6597 0.6508
vn -0.2321 -0.3654 0.9014
vn -0.6607 -0.3676 0.6545
vn -0.3719 -0.6613 0.6514
vn -0.8725 -0.3823 0.3041
vn -0.8730 -0.3856 -0.2986
vn -0.5179 -0.8554 0.0051
vn -0.0919 0.9144 -0.3943
vn -0.0927 0.3894 -0.9164
vn -0.2536 0.6944 -0.6735
vn -0.2826 0.1456 -0.9481
vn -0.6808 0.1460 -0.7178
vn -0.4675 0.3569 -0.8088
vn -0.2946 0.9146 -0.2770
vn -0.4563 0.6946 -0.5562
vn -0.7475 0.3901 -0.5376
vn 0.2903 0.9158 -0.2775
vn 0.7450 0.3933 -0.5388
vn 0.4524 0.6965 -0.5569
vn 0.6789 0.1490 -0.7190
vn 0.2805 0.1469 -0.9485
vn 0.4646 0.3589 -0.8095
vn 0.0873 0.9147 -0.3945
vn 0.2495 0.6955 -0.6738
vn 0.0896 0.3898 -0.9165
vn 0.3802 0.9181 0.1118
vn 0.8369 0.3984 0.3754
vn 0.7045 0.7007 0.1128
vn 0.9612 0.1546 0.2283
vn 0.9609 0.1522 -0.2315
vn 0.9313 0.3642 -0.0027
vn 0.3800 0.9169 -0.1224
vn 0.7043 0.6994 -0.1214
vn 0.8362 0.3943 -0.3811
vn 0.0879 0.9190 0.3844
vn 0.0910 0.3997 0.9121
vn 0.2506 0.7027 0.6659
vn 0.2700 0.1622 0.9491
vn 0.6883 0.1617 0.7071
vn 0.4415 0.4730 0.7624
vn 0.2907 0.9188 0.2671
vn 0.4533 0.7025 0.5486
vn 0.7459 0.3991 0.5333
vn -0.2943 0.9175 0.2676
vn -0.7467 0.3959 0.5346
vn -0.4554 0.7005 0.5494
vn -0.6795 0.1538 0.7173
vn -0.2811 0.1559 0.9469
vn -0.4662 0.3656 0.8056
vn -0.0912 0.9186 0.3845
vn -0.2525 0.7017 0.6663
vn -0.0913 0.3993 0.9123
vn -0.3841 0.9152 -0.1218
vn -0.8386 0.3907 -0.3797
vn -0.7075 0.6964 -0.1203
vn -0.9582 0.1531 -0.2417
vn -0.9578 0.1558 0.2416
vn -0.8847 0.4661 -0.0018
vn -0.3839 0.9165 0.1125
vn -0.7073 0.6977 0.1140
vn -0.8379 0.3949 0.3768
vn 0.0001 -0.4157 -0.9095
vn 0.0016 -0.9195 -0.3931
vn 0.7901 -0.4115 -0.4543
vn 0.3465 -0.9177 -0.1943
vn 0.7908 -0.4066 0.4574
vn 0.3468 -0.9155 0.2037
vn 0.0016 -0.4058 0.9139
vn 0.0023 -0.9152 0.4030
vn -0.7884 -0.4099 0.4587
vn -0.3426 -0.9170 0.2042
vn -0.7891 -0.4149 -0.4530
vn -0.3429 -0.9192 -0.1938
vn -0.1166 0.9722 -0.2033
vn -0.2780 0.8309 -0.4820
vn -0.1167 0.2126 -0.9701
vn -0.2809 0.5224 -0.8051
vn -0.7825 0.2132 -0.5850
vn -0.5571 0.5227 -0.6454
vn 0.1122 0.9726 -0.2035
vn 0.2736 0.8321 -0.4824
vn 0.7806 0.2166 -0.5863
vn 0.5538 0.5250 -0.6463
vn 0.1142 0.2131 -0.9703
vn 0.2773 0.5236 -0.8056
vn 0.2267 0.9739 -0.0054
vn 0.5498 0.8353 -0.0050
vn 0.8968 0.2221 0.3826
vn 0.8336 0.5299 0.1560
vn 0.8962 0.2179 -0.3864
vn 0.8333 0.5282 -0.1631
vn 0.1125 0.9748 0.1928
vn 0.2744 0.8373 0.4729
vn 0.1158 0.2236 0.9678
vn 0.2786 0.5322 0.7994
vn 0.7815 0.2229 0.5827
vn 0.5548 0.5320 0.6397
vn -0.1163 0.9743 0.1929
vn -0.2772 0.8361 0.4734
vn -0.7815 0.2196 0.5840
vn -0.5560 0.5296 0.6406
vn -0.1151 0.2231 0.9680
vn -0.2796 0.5310 0.7999
vn -0.2308 0.9730 -0.0051
vn -0.5533 0.8329 -0.0041
vn -0.8977 0.2141 -0.3850
vn -0.8358 0.5247 -0.1617
vn -0.8971 0.2183 0.3841
vn -0.8356 0.5264 0.1574
vn 0.7997 0.3798 -0.4651
vn 0.3311 0.9226 -0.1977
vn -0.0016 0.3755 -0.9268
vn -0.0023 0.9209 -0.3898
vn -0.8020 0.3763 -0.4638
vn -0.3353 0.9212 -0.1971
vn -0.8013 0.3815 0.4610
vn -0.3351 0.9233 0.1877
vn -0.0001 0.3856 0.9227
vn -0.0016 0.9251 0.3798
vn 0.8004 0.3848 0.4597
vn 0.3314 0.9247 0.1871
vn -0.6218 -0.0122 -0.7831
vn -0.3688 -0.0125 -0.9294
vn 0.6205 -0.0096 -0.7842
vn 0.3674 -0.0109 -0.9300
vn -0.9951 -0.0049 0.0986
vn -0.9953 -0.0059 -0.0969
vn 0.9686 0.0047 0.2487
vn 0.9682 0.0020 -0.2503
vn 0.3102 0.0104 0.9506
vn 0.6694 0.0101 0.7428
vn -0.6997 0.0037 0.7144
vn -0.2673 0.0060 0.9636
vn 0.6284 0.6900 0.3592
vn -0.0009 0.6906 0.7232
vn -0.6308 0.6873 0.3603
vn -0.6314 0.6833 -0.3667
vn -0.4484 -0.8567 -0.2549
vn -0.3013 -0.3875 -0.8713
vn 0.3015 -0.3861 -0.8718
vn 0.6522 -0.3719 -0.6605
vn 0.8999 -0.3691 -0.2324
vn 0.6487 -0.6647 -0.3708
vn 0.9002 -0.3666 0.2349
vn 0.6493 -0.6606 0.3769
vn 0.2488 -0.3644 0.8974
vn -0.2458 -0.3654 0.8978
vn -0.6045 -0.3796 0.7004
vn -0.9063 -0.3831 0.1785
vn -0.4480 -0.8539 0.2648
vn -0.2745 0.9145 -0.2972
vn -0.5375 0.3894 -0.7480
vn -0.7185 0.1461 -0.6800
vn -0.9481 0.1479 -0.2816
vn -0.8084 0.3580 -0.4673
vn -0.3915 0.9154 -0.0942
vn 0.1149 0.9149 -0.3871
vn 0.3767 0.3909 -0.8398
vn 0.1150 0.6950 -0.7098
vn 0.2288 0.1467 -0.9623
vn -0.1194 0.9144 -0.3869
vn -0.1192 0.6945 -0.7096
vn -0.3797 0.3892 -0.8392
vn 0.3874 0.9170 -0.0949
vn 0.9134 0.3960 -0.0941
vn 0.6682 0.6986 -0.2558
vn 0.7167 0.1493 -0.6812
vn 0.8060 0.3614 -0.4687
vn 0.2701 0.9156 -0.2977
vn 0.5347 0.3917 -0.7488
vn 0.2706 0.9188 0.2873
vn 0.5517 0.7022 0.4501
vn 0.7088 0.1617 0.6866
vn 0.9501 0.1600 0.2679
vn 0.7647 0.4720 0.4387
vn 0.3876 0.9180 0.0843
vn 0.9136 0.3970 0.0882
vn -0.1188 0.9185 0.3772
vn -0.3784 0.3983 0.8356
vn -0.2295 0.1562 0.9607
vn 0.2304 0.1571 0.9603
vn -0.0000 0.3672 0.9301
vn 0.1155 0.9190 0.3770
vn 0.3781 0.3999 0.8350
vn -0.3913 0.9163 0.0850
vn -0.9503 0.1558 0.2696
vn -0.7083 0.1587 0.6879
vn -0.7659 0.4688 0.4400
vn -0.2740 0.9177 0.2878
vn -0.5363 0.3974 0.7446
vn -0.4556 -0.4160 -0.7870
vn -0.1973 -0.9196 -0.3396
vn 0.4561 -0.4140 -0.7877
vn 0.2007 -0.9188 -0.3399
vn 0.4574 -0.4055 0.7914
vn 0.2013 -0.9151 0.3495
vn -0.4544 -0.4074 0.7922
vn -0.4797 0.8316 -0.2799
vn -0.6446 0.5230 -0.5577
vn -0.0022 0.8311 -0.5561
vn 0.1960 0.9733 -0.1198
vn 0.1961 0.9745 0.1089
vn 0.4761 0.8366 0.2709
vn 0.5847 0.2236 0.7798
vn -0.0013 0.8371 0.5471
vn -0.3843 0.2222 0.8961
vn -0.4792 0.8346 0.2717
vn -0.9694 0.2166 0.1151
vn -0.8034 0.5271 0.2770
vn 0.4609 0.3773 -0.8033
vn 0.1902 0.9216 -0.3384
vn -0.1946 0.9208 -0.3381
vn -0.3868 0.9222 -0.0047
vn -0.4625 0.3840 0.7991
vn -0.9300 -0.0106 -0.3674
vn -0.7842 -0.0117 -0.6204
vn -0.1468 -0.0123 -0.9891
vn -0.8125 -0.0019 0.5830
vn -0.9104 -0.0030 0.4136
vn 0.9632 0.0019 -0.2689
vn 0.7133 -0.0009 -0.7008
vn 0.7440 0.0098 0.6681
vn 0.9512 0.0083 0.3086
vn -0.2487 0.0060 0.9686
vn 0.2503 0.0071 0.9681
vn -0.2596 -0.0058 -0.9657
vn 0.2596 0.0058 0.9657
vn -0.7065 0.0023 0.7077
vn 0.7065 -0.0023 -0.7077
vn 0.9661 0.0034 0.2580
vn -0.9661 -0.0034 -0.2580
vn 0.1861 0.6833 -0.7061
vn 0.7006 0.6871 -0.1924
vn 0.5130 0.6905 0.5099
vn -0.1891 0.6900 0.6986
vn -0.7035 0.6862 0.1850
vn -0.5159 0.6828 -0.5173
vn -0.4044 -0.3875 -0.8284
vn -0.3660 -0.8571 -0.3626
vn -0.8304 -0.3861 -0.4018
vn -0.0650 -0.3871 -0.9197
vn 0.5174 -0.3851 -0.7642
vn 0.1359 -0.8568 -0.4975
vn 0.8015 -0.3706 -0.4693
vn 0.9299 -0.3677 0.0083
vn 0.7235 -0.6635 -0.1906
vn 0.8093 -0.3656 0.4598
vn 0.4599 -0.3644 0.8098
vn 0.5306 -0.6600 0.5318
vn 0.0086 -0.3647 0.9311
vn -0.4693 -0.3664 0.8034
vn -0.1915 -0.6605 0.7260
vn -0.7646 -0.3809 0.5199
vn -0.9211 -0.3844 -0.0623
vn -0.5000 -0.8547 0.1395
vn -0.1896 0.9144 -0.3578
vn -0.3262 0.3893 -0.8614
vn -0.4183 0.6945 -0.5854
vn -0.5182 0.1457 -0.8428
vn -0.8431 0.1468 -0.5173
vn -0.6604 0.3573 -0.6605
vn -0.3551 0.9149 -0.1920
vn -0.5838 0.6951 -0.4196
vn -0.8607 0.3910 -0.3261
vn 0.2098 0.9153 -0.3438
vn 0.5807 0.3919 -0.7136
vn 0.2938 0.6957 -0.6556
vn 0.4699 0.1477 -0.8703
vn 0.0257 0.1461 -0.9889
vn 0.2398 0.3579 -0.9025
vn -0.0165 0.9145 -0.4043
vn 0.0675 0.6949 -0.7160
vn -0.1502 0.3893 -0.9088
vn 0.3974 0.9176 0.0089
vn 0.9061 0.3973 0.1457
vn 0.7106 0.6997 -0.0739
vn 0.9878 0.1533 -0.0283
vn 0.8684 0.1508 -0.4724
vn 0.8993 0.3629 -0.2440
vn 0.3366 0.9162 -0.2172
vn 0.6498 0.6983 -0.3001
vn 0.7096 0.3929 -0.5848
vn 0.1857 0.9190 0.3479
vn 0.3245 0.3999 0.8572
vn 0.4153 0.7026 0.5778
vn 0.5067 0.1621 0.8468
vn 0.8481 0.1611 0.5047
vn 0.6244 0.4727 0.6218
vn 0.3512 0.9184 0.1821
vn 0.5808 0.7021 0.4121
vn 0.8590 0.3982 0.3219
vn -0.2137 0.9181 0.3339
vn -0.5824 0.3971 0.7093
vn -0.2967 0.7014 0.6480
vn -0.4705 0.1550 0.8687
vn -0.0263 0.1567 0.9873
vn -0.2413 0.3666 0.8986
vn 0.0126 0.9189 0.3943
vn -0.0705 0.7023 0.7084
vn 0.1485 0.3998 0.9045
vn -0.4013 0.9158 -0.0189
vn -0.9077 0.3918 -0.1499
vn -0.7136 0.6974 0.0664
vn -0.9879 0.1544 0.0144
vn -0.8625 0.1572 0.4810
vn -0.8544 0.4674 0.2269
vn -0.3405 0.9171 0.2073
vn -0.6527 0.6988 0.2926
vn -0.7113 0.3962 0.5805
vn -0.2358 -0.4160 -0.8783
vn -0.1014 -0.9197 -0.3794
vn 0.6451 -0.4128 -0.6430
vn 0.2832 -0.9183 -0.2767
vn 0.8817 -0.4076 0.2375
vn 0.3865 -0.9160 0.1077
vn 0.2376 -0.4055 0.8827
vn 0.1053 -0.9151 0.3893
vn -0.6433 -0.4086 0.6474
vn -0.2793 -0.9164 0.2866
vn -0.8800 -0.4139 -0.2331
vn -0.3826 -0.9187 -0.0977
vn -0.1640 0.9722 -0.1669
vn -0.3921 0.8312 -0.3942
vn -0.3635 0.2124 -0.9070
vn -0.4790 0.5225 -0.7053
vn -0.9069 0.2142 -0.3627
vn -0.7044 0.5233 -0.4796
vn 0.0570 0.9724 -0.2262
vn 0.1406 0.8315 -0.5374
vn 0.6025 0.2152 -0.7685
vn 0.3683 0.5240 -0.7680
vn -0.1405 0.2126 -0.9670
vn 0.0601 0.5229 -0.8503
vn 0.2189 0.9736 -0.0646
vn 0.5309 0.8345 -0.1477
vn 0.9656 0.2209 0.1373
vn 0.8462 0.5288 -0.0655
vn 0.7659 0.2165 -0.6054
vn 0.7634 0.5269 -0.3736
vn 0.1598 0.9747 0.1564
vn 0.3886 0.8371 0.3852
vn 0.3626 0.2237 0.9047
vn 0.4768 0.5321 0.6997
vn 0.9060 0.2220 0.3604
vn 0.7022 0.5314 0.4739
vn -0.0611 0.9745 0.2157
vn -0.1441 0.8367 0.5284
vn -0.6035 0.2209 0.7662
vn -0.3706 0.5307 0.7623
vn 0.1396 0.2236 0.9646
vn -0.0623 0.5317 0.8446
vn -0.2230 0.9733 0.0541
vn -0.5344 0.8338 0.1387
vn -0.9665 0.2153 -0.1397
vn -0.8485 0.5258 0.0598
vn -0.7668 0.2197 0.6031
vn -0.7657 0.5277 0.3678
vn 0.6525 0.3785 -0.6565
vn 0.2699 0.9221 -0.2773
vn -0.2409 0.3752 -0.8951
vn -0.1019 0.9208 -0.3766
vn -0.8942 0.3774 -0.2406
vn -0.3737 0.9217 -0.1043
vn -0.6542 0.3827 0.6524
vn -0.2738 0.9239 0.2673
vn 0.2393 0.3859 0.8910
vn 0.0979 0.9252 0.3666
vn 0.8926 0.3838 0.2365
vn 0.3698 0.9243 0.0943
vn -0.8032 -0.0116 -0.5956
vn -0.5969 -0.0123 -0.8022
vn 0.3964 -0.0108 -0.9180
vn 0.1142 -0.0118 -0.9934
vn -0.9357 -0.0033 0.3528
vn -0.9865 -0.0045 0.1639
vn 0.9999 0.0034 -0.0104
vn 0.8704 0.0005 -0.4924
vn 0.5457 0.0103 0.8379
vn 0.8388 0.0093 0.5443
vn -0.4909 0.0050 0.8712
vn -0.0089 0.0067 0.9999
vn 0.2580 -0.0047 -0.9661
vn -0.2580 0.0047 0.9661
vn -0.9657 -0.0007 0.2596
vn 0.9657 0.0007 -0.2596
vn 0.7077 0.0053 0.7065
vn -0.7077 -0.0053 -0.7065
vn 0.5122 0.6850 -0.5181
vn 0.7009 0.6892 0.1839
vn 0.1873 0.6909 0.6983
vn -0.5151 0.6883 0.5107
vn -0.7038 0.6841 -0.1913
vn -0.1902 0.6825 -0.7057
vn 0.0651 -0.3870 -0.9198
vn -0.1330 -0.8574 -0.4972
vn -0.5170 -0.3873 -0.7634
vn 0.4047 -0.3858 -0.8291
vn 0.8313 -0.3825 -0.4033
vn 0.3690 -0.8555 -0.3632
vn 0.9299 -0.3678 -0.0059
vn 0.8023 -0.3655 0.4720
vn 0.7238 -0.6614 0.1966
vn 0.4721 -0.3645 0.8026
vn -0.0056 -0.3648 0.9311
vn 0.1955 -0.6597 0.7256
vn -0.4569 -0.3663 0.8106
vn -0.8070 -0.3689 0.4611
vn -0.5269 -0.6623 0.5327
vn -0.9209 -0.3838 0.0679
vn -0.7654 -0.3866 -0.5145
vn -0.5002 -0.8562 -0.1294
vn 0.0120 0.9146 -0.4043
vn 0.1471 0.3899 -0.9090
vn -0.0717 0.6946 -0.7158
vn -0.0279 0.1460 -0.9889
vn -0.4719 0.1457 -0.8696
vn -0.2428 0.3568 -0.9021
vn -0.2142 0.9144 -0.3435
vn -0.2978 0.6944 -0.6550
vn -0.5835 0.3894 -0.7126
vn 0.3509 0.9164 -0.1926
vn 0.8585 0.3946 -0.3275
vn 0.5801 0.6975 -0.4206
vn 0.8416 0.1504 -0.5187
vn 0.5162 0.1479 -0.8436
vn 0.6578 0.3601 -0.6616
vn 0.1851 0.9151 -0.3581
vn 0.4144 0.6963 -0.5861
vn 0.3232 0.3906 -0.8620
vn 0.3370 0.9185 0.2068
vn 0.7106 0.3992 0.5794
vn 0.6503 0.7015 0.2915
vn 0.8692 0.1558 0.4693
vn 0.9878 0.1536 0.0251
vn 0.8998 0.3654 0.2385
vn 0.3974 0.9174 -0.0195
vn 0.7107 0.7004 0.0652
vn 0.9058 0.3957 -0.1515
vn -0.0159 0.9188 0.3944
vn -0.1487 0.3991 0.9047
vn 0.0687 0.7026 0.7083
vn 0.0149 0.1618 0.9867
vn 0.4815 0.1621 0.8613
vn 0.2284 0.4730 0.8509
vn 0.2103 0.9190 0.3336
vn 0.2948 0.7027 0.6475
vn 0.5818 0.3997 0.7084
vn -0.3547 0.9170 0.1827
vn -0.8602 0.3944 0.3232
vn -0.5831 0.6996 0.4130
vn -0.8423 0.1524 0.5171
vn -0.5168 0.1549 0.8420
vn -0.6593 0.3644 0.6577
vn -0.1890 0.9182 0.3482
vn -0.4173 0.7008 0.5785
vn -0.3248 0.3985 0.8577
vn -0.3408 0.9148 -0.2167
vn -0.7123 0.3899 -0.5836
vn -0.6532 0.6956 -0.2991
vn -0.8633 0.1520 -0.4813
vn -0.9879 0.1544 -0.0144
vn -0.8548 0.4649 -0.2305
vn -0.4013 0.9159 0.0096
vn -0.7137 0.6967 -0.0728
vn -0.9075 0.3935 0.1472
vn 0.2361 -0.4150 -0.8786
vn 0.1047 -0.9192 -0.3796
vn 0.8814 -0.4101 -0.2345
vn 0.3863 -0.9171 -0.0984
vn 0.6461 -0.4059 0.6464
vn 0.2836 -0.9152 0.2862
vn -0.2344 -0.4065 0.8831
vn -0.1008 -0.9155 0.3895
vn -0.8796 -0.4113 0.2389
vn -0.3824 -0.9176 0.1083
vn -0.6444 -0.4156 -0.6419
vn -0.2797 -0.9195 -0.2762
vn -0.0615 0.9722 -0.2262
vn -0.1450 0.8309 -0.5372
vn 0.1381 0.2132 -0.9672
vn -0.0637 0.5226 -0.8502
vn -0.6047 0.2127 -0.7675
vn -0.3718 0.5224 -0.7674
vn 0.1596 0.9729 -0.1671
vn 0.3880 0.8328 -0.3949
vn 0.9054 0.2181 -0.3642
vn 0.7014 0.5262 -0.4807
vn 0.3611 0.2140 -0.9076
vn 0.4756 0.5245 -0.7062
vn 0.2189 0.9743 0.0538
vn 0.5311 0.8360 0.1378
vn 0.7669 0.2230 0.6018
vn 0.7640 0.5309 0.3666
vn 0.9654 0.2194 -0.1413
vn 0.8463 0.5294 0.0584
vn 0.0573 0.9748 0.2156
vn 0.1414 0.8373 0.5281
vn -0.1390 0.2230 0.9649
vn 0.0615 0.5320 0.8445
vn 0.6038 0.2235 0.7652
vn 0.3696 0.5322 0.7617
vn -0.1637 0.9740 0.1566
vn -0.3915 0.8354 0.3858
vn -0.9063 0.2181 0.3619
vn -0.7037 0.5284 0.4751
vn -0.3621 0.2222 0.9053
vn -0.4779 0.5300 0.7005
vn -0.2231 0.9727 -0.0643
vn -0.5346 0.8322 -0.1468
vn -0.7678 0.2132 -0.6041
vn -0.7663 0.5237 -0.3723
vn -0.9663 0.2168 0.1389
vn -0.8486 0.5252 -0.0641
vn 0.8922 0.3812 -0.2421
vn 0.3696 0.9232 -0.1049
vn 0.2378 0.3762 -0.8955
vn 0.0973 0.9212 -0.3768
vn -0.6552 0.3757 -0.6554
vn -0.2743 0.9209 -0.2768
vn -0.8938 0.3800 0.2380
vn -0.3735 0.9227 0.0949
vn -0.2394 0.3849 0.8914
vn -0.1012 0.9248 0.3667
vn 0.6536 0.3855 0.6513
vn 0.2703 0.9250 0.2669
vn -0.3978 -0.0125 -0.9174
vn -0.1158 -0.0123 -0.9932
vn 0.8023 -0.0082 -0.5969
vn 0.5956 -0.0097 -0.8032
vn -0.9867 -0.0062 -0.1623
vn -0.9363 -0.0071 -0.3512
vn 0.8712 0.0058 0.4909
vn 1.0000 0.0035 0.0088
vn 0.0535 0.0101 0.9985
vn 0.4543 0.0104 0.8908
vn -0.8608 0.0022 0.5090
vn -0.5076 0.0049 0.8616
vn -0.0021 0.6827 -0.7307
vn 0.6284 0.6899 0.3593
vn -0.2999 -0.3780 0.8759
vn 0.0022 -0.8515 0.5243
vn 0.3029 -0.3768 0.8754
vn -0.9063 -0.3830 0.1786
vn -0.8987 -0.3729 -0.2308
vn -0.6517 -0.3747 -0.6595
vn -0.6464 -0.6674 -0.3697
vn -0.2473 -0.3751 -0.8934
vn 0.2474 -0.3740 -0.8938
vn 0.0008 -0.6681 -0.7441
vn 0.6522 -0.3720 -0.6605
vn 0.8999 -0.3691 -0.2323
vn 0.6486 -0.6647 -0.3708
vn 0.9082 -0.3793 0.1770
vn 0.6072 -0.3771 0.6994
vn 0.4521 -0.8520 0.2641
vn -0.1180 0.7022 0.7021
vn -0.2295 0.1560 0.9607
vn 0.1154 0.9190 0.3770
vn 0.1161 0.7027 0.7019
vn 0.3781 0.3999 0.8349
vn -0.6711 0.6985 0.2483
vn -0.8076 0.3630 0.4647
vn -0.5539 0.6999 0.4510
vn -0.2745 0.9145 -0.2971
vn -0.5375 0.3893 -0.7480
vn -0.5546 0.6950 -0.4576
vn -0.7184 0.1462 -0.6800
vn -0.8083 0.3581 -0.4673
vn -0.6716 0.6958 -0.2548
vn -0.9153 0.3921 -0.0925
vn 0.1148 0.9149 -0.3871
vn 0.3768 0.3908 -0.8398
vn 0.1150 0.6951 -0.7097
vn 0.2406 0.1519 -0.9587
vn -0.2428 0.1509 -0.9583
vn -0.0017 0.4632 -0.8862
vn -0.1191 0.6946 -0.7095
vn -0.3798 0.3893 -0.8392
vn 0.6681 0.6987 -0.2559
vn 0.9470 0.1519 -0.2831
vn 0.5509 0.6973 -0.4585
vn 0.5347 0.3916 -0.7489
vn 0.5359 0.3998 0.7437
vn 0.7088 0.1617 0.6867
vn 0.7647 0.4720 0.4386
vn 0.6685 0.7014 0.2472
vn -0.9109 -0.4126 0.0030
vn -0.0019 0.9747 0.2236
vn 0.3848 0.2237 0.8955
vn 0.1591 0.5322 0.8316
vn -0.2002 0.9736 0.1094
vn -0.2004 0.9724 -0.1195
vn -0.5856 0.2127 -0.7822
vn -0.6446 0.5229 -0.5577
vn -0.8039 0.5241 -0.2813
vn -0.0023 0.9722 -0.2342
vn 0.3834 0.2140 -0.8984
vn 0.1961 0.9732 -0.1199
vn 0.4756 0.8337 -0.2806
vn 0.6423 0.5317 0.5520
vn -0.3869 0.9221 -0.0047
vn -0.1941 0.9243 0.3285
vn 0.3829 0.9238 -0.0053
vn -0.4638 0.3753 -0.8025
vn -0.1947 0.9207 -0.3381
vn 0.1469 -0.0010 0.9892
vn -0.1452 -0.0016 0.9894
vn -0.9294 -0.0067 0.3690
vn -0.7832 -0.0050 0.6218
vn 0.9111 0.0009 0.4122
vn 0.8135 0.0016 0.5816
vn -0.7144 -0.0040 -0.6997
vn -0.9636 -0.0022 -0.2673
vn 0.2067 -0.0002 -0.9784
vn -0.2083 -0.0011 -0.9781
vn 0.7133 -0.0009 -0.7009
vn -0.3645 0.6893 0.6261
vn 0.3615 0.6840 -0.6336
vn 0.3625 0.6908 0.6255
vn 0.1773 -0.3768 0.9092
vn 0.2621 -0.8513 0.4546
vn 0.6991 -0.3774 0.6073
vn -0.1741 -0.3776 0.9095
vn -0.6966 -0.3804 0.6084
vn -0.2577 -0.8524 0.4549
vn -0.8946 -0.3703 0.2500
vn -0.8950 -0.3730 -0.2445
vn -0.7463 -0.6656 0.0041
vn -0.6617 -0.3748 -0.6494
vn -0.2336 -0.3751 -0.8971
vn -0.3730 -0.6683 -0.6436
vn 0.2337 -0.3742 -0.8974
vn 0.6622 -0.3719 -0.6505
vn 0.3748 -0.6667 -0.6442
vn 0.8742 -0.3819 -0.3000
vn 0.8746 -0.3786 0.3028
vn 0.5216 -0.8532 0.0042
vn 0.0879 0.9190 0.3843
vn 0.2506 0.7028 0.6658
vn 0.2820 0.1570 0.9465
vn 0.6800 0.1567 0.7162
vn 0.4660 0.3675 0.8049
vn 0.2906 0.9188 0.2671
vn 0.4533 0.7026 0.5486
vn 0.7459 0.3990 0.5333
vn -0.2941 0.9175 0.2676
vn -0.4554 0.7006 0.5494
vn -0.6795 0.1538 0.7174
vn -0.0913 0.3992 0.9123
vn -0.3840 0.9153 -0.1217
vn -0.9619 0.1480 -0.2299
vn -0.9615 0.1506 0.2299
vn -0.9329 0.3602 -0.0012
vn -0.3838 0.9165 0.1124
vn -0.7073 0.6977 0.1139
vn -0.8379 0.3948 0.3768
vn -0.0919 0.9144 -0.3942
vn -0.2536 0.6945 -0.6734
vn -0.2707 0.1507 -0.9508
vn -0.6890 0.1512 -0.7088
vn -0.4435 0.4630 -0.7674
vn -0.4562 0.6947 -0.5561
vn 0.2902 0.9159 -0.2774
vn 0.7450 0.3932 -0.5389
vn 0.4525 0.6965 -0.5569
vn 0.6788 0.1489 -0.7190
vn 0.2806 0.1469 -0.9485
vn 0.4646 0.3588 -0.8095
vn 0.0873 0.9148 -0.3943
vn 0.0896 0.3897 -0.9166
vn 0.3801 0.9181 0.1118
vn 0.8369 0.3983 0.3754
vn 0.7045 0.7007 0.1127
vn 0.9575 0.1599 0.2401
vn 0.9571 0.1573 -0.2433
vn 0.8827 0.4699 -0.0032
vn 0.3799 0.9169 -0.1223
vn 0.7044 0.6994 -0.1214
vn 0.8363 0.3942 -0.3811
vn 0.0023 -0.9151 0.4031
vn -0.7883 -0.4100 0.4587
vn -0.3427 -0.9170 0.2043
vn -0.3430 -0.9191 -0.1939
vn 0.0016 -0.9194 -0.3932
vn 0.7901 -0.4116 -0.4543
vn 0.3466 -0.9176 -0.1944
vn 0.3470 -0.9155 0.2038
vn 0.1157 0.2235 0.9678
vn 0.2787 0.5322 0.7994
vn 0.5549 0.5319 0.6397
vn -0.1163 0.9743 0.1930
vn -0.2772 0.8361 0.4733
vn -0.5561 0.5296 0.6406
vn -0.2309 0.9730 -0.0051
vn -0.5533 0.8330 -0.0040
vn -0.1166 0.9721 -0.2033
vn -0.2779 0.8310 -0.4819
vn -0.5571 0.5226 -0.6454
vn 0.2774 0.5236 -0.8056
vn 0.8962 0.2179 -0.3865
vn -0.8013 0.3814 0.4609
vn -0.3350 0.9233 0.1877
vn -0.0001 0.3855 0.9227
vn -0.0017 0.9251 0.3798
vn 0.3311 0.9227 -0.1976
vn -0.0023 0.9209 -0.3897
vn -0.3354 0.9212 -0.1971
vn 0.6218 -0.0011 0.7832
vn 0.3689 -0.0009 0.9295
vn -0.6205 -0.0038 0.7842
vn -0.3674 -0.0024 0.9301
vn 0.9951 -0.0017 -0.0986
vn 0.9953 -0.0006 0.0970
vn -0.9686 -0.0021 -0.2487
vn -0.9682 0.0006 0.2502
vn -0.3102 -0.0012 -0.9507
vn -0.6694 -0.0008 -0.7429
vn 0.6997 -0.0010 -0.7145
vn 0.2674 -0.0033 -0.9636
vn 0.6071 -0.3771 0.6994
vn 0.4522 -0.8519 0.2641
vn 0.3030 -0.3768 0.8753
vn -0.2999 -0.3781 0.8758
vn 0.0022 -0.8515 0.5244
vn -0.6459 -0.6633 0.3780
vn -0.8987 -0.3729 -0.2309
vn -0.6517 -0.3748 -0.6594
vn -0.2473 -0.3750 -0.8934
vn 0.0008 -0.6680 -0.7441
vn 0.6060 -0.3847 -0.6963
vn 0.9079 -0.3812 -0.1743
vn 0.4517 -0.8548 -0.2556
vn 0.5358 0.3997 0.7437
vn 0.7179 0.1565 0.6783
vn 0.9474 0.1548 0.2800
vn 0.3874 0.9180 0.0844
vn 0.6685 0.7014 0.2473
vn 0.9136 0.3969 0.0882
vn -0.1187 0.9185 0.3772
vn -0.2294 0.1561 0.9607
vn 0.2304 0.1570 0.9603
vn -0.0001 0.3673 0.9301
vn 0.1155 0.9190 0.3769
vn -0.9151 0.3930 0.0898
vn -0.9476 0.1509 0.2816
vn -0.7174 0.1535 0.6795
vn -0.5363 0.3975 0.7446
vn -0.2745 0.9146 -0.2971
vn -0.7094 0.1512 -0.6884
vn -0.9508 0.1530 -0.2695
vn -0.7667 0.4640 -0.4437
vn -0.6715 0.6958 -0.2548
vn 0.3767 0.3907 -0.8399
vn 0.2288 0.1467 -0.9624
vn -0.0014 0.3572 -0.9340
vn 0.3873 0.9171 -0.0949
vn 0.9135 0.3959 -0.0940
vn 0.9496 0.1570 -0.2712
vn 0.7077 0.1543 -0.6895
vn 0.7640 0.4672 -0.4450
vn 0.2013 -0.9150 0.3496
vn -0.4543 -0.4075 0.7922
vn -0.1969 -0.9158 0.3500
vn -0.3962 -0.9181 0.0053
vn -0.1974 -0.9196 -0.3397
vn 0.9126 -0.4089 0.0015
vn 0.4002 -0.9164 0.0046
vn 0.5847 0.2235 0.7799
vn 0.9687 0.2207 0.1135
vn -0.2002 0.9736 0.1093
vn -0.0022 0.9722 -0.2341
vn 0.3834 0.2141 -0.8984
vn 0.1578 0.5231 -0.8375
vn -0.3857 0.2125 -0.8978
vn 0.4756 0.8337 -0.2807
vn -0.4625 0.3840 0.7992
vn 0.9239 0.3825 -0.0028
vn 0.9300 -0.0027 0.3675
vn 0.7843 -0.0017 0.6204
vn -0.1452 -0.0017 0.9894
vn 0.8125 -0.0047 -0.5829
vn 0.9104 -0.0036 -0.4136
vn -0.7440 -0.0006 -0.6682
vn -0.9512 0.0009 -0.3086
vn 0.2487 -0.0034 -0.9686
vn -0.2503 -0.0044 -0.9682
vn -0.1890 0.6900 0.6987
vn 0.4060 -0.3768 0.8326
vn 0.3696 -0.8515 0.3719
vn 0.8320 -0.3782 0.4059
vn 0.0667 -0.3770 0.9238
vn -0.5158 -0.3790 0.7683
vn -0.1323 -0.8519 0.5068
vn -0.7999 -0.3689 0.4734
vn -0.9283 -0.3718 -0.0043
vn -0.7207 -0.6645 0.1977
vn -0.8078 -0.3740 -0.4557
vn -0.4583 -0.3751 -0.8058
vn -0.5277 -0.6680 -0.5246
vn -0.0071 -0.3748 -0.9271
vn 0.4708 -0.3731 -0.7995
vn 0.1943 -0.6675 -0.7188
vn 0.7662 -0.3833 -0.5158
vn 0.9227 -0.3798 0.0664
vn 0.5038 -0.8540 -0.1303
vn 0.1857 0.9190 0.3478
vn 0.3245 0.3998 0.8572
vn 0.4153 0.7027 0.5777
vn 0.5175 0.1571 0.8411
vn 0.8425 0.1559 0.5157
vn 0.6588 0.3671 0.6566
vn 0.3510 0.9185 0.1820
vn 0.5807 0.7021 0.4121
vn 0.8591 0.3981 0.3218
vn -0.2136 0.9181 0.3339
vn -0.2967 0.7015 0.6480
vn -0.4705 0.1551 0.8687
vn -0.0263 0.1566 0.9873
vn -0.2413 0.3665 0.8986
vn -0.0704 0.7022 0.7084
vn 0.1485 0.3997 0.9045
vn -0.4012 0.9158 -0.0188
vn -0.9077 0.3918 -0.1500
vn -0.9884 0.1494 0.0267
vn -0.8691 0.1521 0.4708
vn -0.9009 0.3616 0.2401
vn -0.6528 0.6988 0.2926
vn -0.7114 0.3962 0.5805
vn -0.1896 0.9144 -0.3577
vn -0.3262 0.3891 -0.8615
vn -0.4183 0.6946 -0.5853
vn -0.5073 0.1508 -0.8485
vn -0.8488 0.1520 -0.5064
vn -0.6264 0.4633 -0.6269
vn -0.3550 0.9149 -0.1920
vn -0.5837 0.6951 -0.4196
vn 0.2938 0.6956 -0.6556
vn 0.4698 0.1476 -0.8703
vn 0.0256 0.1460 -0.9889
vn -0.0165 0.9145 -0.4042
vn -0.1502 0.3892 -0.9088
vn 0.3973 0.9176 0.0089
vn 0.9061 0.3972 0.1457
vn 0.7106 0.6997 -0.0740
vn 0.9872 0.1586 -0.0160
vn 0.8618 0.1557 -0.4828
vn 0.8524 0.4686 -0.2319
vn 0.3366 0.9163 -0.2172
vn 0.7097 0.3929 -0.5848
vn 0.1053 -0.9150 0.3895
vn -0.2794 -0.9164 0.2868
vn -0.8800 -0.4139 -0.2330
vn -0.3827 -0.9187 -0.0978
vn -0.1014 -0.9196 -0.3795
vn 0.6450 -0.4129 -0.6430
vn 0.2833 -0.9182 -0.2768
vn 0.3866 -0.9159 0.1077
vn 0.1599 0.9747 0.1564
vn 0.3885 0.8371 0.3852
vn 0.9060 0.2219 0.3604
vn -0.0611 0.9745 0.2158
vn -0.1441 0.8367 0.5283
vn -0.6034 0.2210 0.7662
vn -0.3706 0.5306 0.7623
vn -0.2231 0.9733 0.0541
vn -0.8485 0.5258 0.0597
vn -0.7668 0.2197 0.6030
vn -0.7657 0.5276 0.3679
vn -0.4790 0.5225 -0.7054
vn -0.9069 0.2142 -0.3628
vn -0.7045 0.5232 -0.4796
vn 0.0570 0.9724 -0.2264
vn 0.1405 0.8316 -0.5373
vn 0.3684 0.5239 -0.7680
vn 0.0601 0.5228 -0.8503
vn 0.2189 0.9736 -0.0647
vn 0.8462 0.5288 -0.0654
vn 0.7659 0.2164 -0.6054
vn 0.7634 0.5270 -0.3735
vn 0.2393 0.3858 0.8910
vn 0.8926 0.3837 0.2366
vn 0.6526 0.3784 -0.6565
vn -0.8942 0.3774 -0.2407
vn 0.8033 -0.0017 0.5956
vn 0.5969 -0.0011 0.8023
vn -0.3964 -0.0026 0.9181
vn -0.1141 -0.0015 0.9935
vn 0.9357 -0.0032 -0.3528
vn 0.9865 -0.0020 -0.1639
vn -0.9999 -0.0007 0.0105
vn -0.8704 0.0021 0.4923
vn -0.5457 -0.0011 -0.8380
vn -0.8389 -0.0001 -0.5443
vn 0.4909 -0.0023 -0.8712
vn 0.0088 -0.0040 -1.0000
vn -0.5151 0.6884 0.5107
vn 0.5122 0.6850 -0.5182
vn 0.7009 0.6892 0.1838
vn 0.1873 0.6908 0.6983
vn -0.0636 -0.3774 0.9239
vn 0.1367 -0.8513 0.5066
vn 0.5187 -0.3769 0.7674
vn -0.4030 -0.3786 0.8332
vn -0.8297 -0.3817 0.4073
vn -0.3654 -0.8531 0.3724
vn -0.9283 -0.3717 0.0098
vn -0.8007 -0.3741 -0.4680
vn -0.7210 -0.6666 -0.1893
vn -0.4705 -0.3751 -0.7987
vn 0.0071 -0.3748 -0.9271
vn -0.1927 -0.6683 -0.7185
vn 0.4586 -0.3731 -0.8065
vn 0.8086 -0.3705 -0.4571
vn 0.5297 -0.6657 -0.5256
vn 0.9225 -0.3806 -0.0638
vn 0.7670 -0.3777 0.5187
vn 0.5040 -0.8525 0.1387
vn -0.0159 0.9189 0.3943
vn -0.1487 0.3991 0.9048
vn 0.0272 0.1568 0.9873
vn 0.4713 0.1571 0.8679
vn 0.2412 0.3676 0.8982
vn 0.2103 0.9190 0.3335
vn 0.2948 0.7028 0.6475
vn 0.5819 0.3996 0.7084
vn -0.3547 0.9170 0.1826
vn -0.8602 0.3945 0.3233
vn -0.5831 0.6995 0.4131
vn -0.8422 0.1524 0.5172
vn -0.5169 0.1548 0.8419
vn -0.6593 0.3643 0.6577
vn -0.1890 0.9182 0.3481
vn -0.3249 0.3985 0.8577
vn -0.3408 0.9148 -0.2166
vn -0.7123 0.3898 -0.5836
vn -0.6532 0.6956 -0.2990
vn -0.8698 0.1470 -0.4710
vn -0.9885 0.1491 -0.0267
vn -0.9013 0.3590 -0.2424
vn -0.4012 0.9159 0.0096
vn -0.9075 0.3934 0.1472
vn -0.0155 0.1512 -0.9884
vn -0.4824 0.1509 -0.8629
vn -0.2304 0.4630 -0.8559
vn -0.2978 0.6945 -0.6550
vn -0.5835 0.3895 -0.7126
vn 0.3508 0.9164 -0.1925
vn 0.8585 0.3945 -0.3275
vn 0.6578 0.3600 -0.6616
vn 0.1851 0.9152 -0.3580
vn 0.3232 0.3905 -0.8620
vn 0.3369 0.9186 0.2067
vn 0.6503 0.7016 0.2915
vn 0.8626 0.1608 0.4796
vn 0.9873 0.1587 0.0128
vn 0.8528 0.4710 0.2255
vn 0.3973 0.9175 -0.0195
vn 0.7107 0.7005 0.0652
vn 0.9058 0.3956 -0.1515
vn -0.2344 -0.4066 0.8830
vn -0.1008 -0.9154 0.3897
vn -0.8796 -0.4114 0.2389
vn -0.3826 -0.9176 0.1083
vn -0.6443 -0.4156 -0.6419
vn -0.2798 -0.9194 -0.2764
vn 0.1047 -0.9192 -0.3797
vn 0.8813 -0.4102 -0.2345
vn 0.3865 -0.9170 -0.0984
vn 0.2838 -0.9151 0.2863
vn 0.0573 0.9748 0.2157
vn -0.1637 0.9740 0.1567
vn -0.3914 0.8354 0.3858
vn -0.7037 0.5284 0.4750
vn -0.3621 0.2223 0.9053
vn -0.4778 0.5300 0.7005
vn -0.2232 0.9727 -0.0643
vn -0.5346 0.8323 -0.1468
vn -0.7663 0.5236 -0.3723
vn -0.8486 0.5251 -0.0640
vn -0.0615 0.9721 -0.2262
vn 0.1596 0.9729 -0.1672
vn 0.3879 0.8329 -0.3948
vn 0.9054 0.2181 -0.3643
vn 0.7015 0.5262 -0.4807
vn 0.2190 0.9742 0.0538
vn 0.5311 0.8361 0.1378
vn 0.9653 0.2194 -0.1413
vn -0.8939 0.3799 0.2380
vn -0.3735 0.9228 0.0949
vn -0.1012 0.9248 0.3668
vn 0.2704 0.9250 0.2669
vn 0.3697 0.9232 -0.1049
vn 0.0973 0.9212 -0.3767
vn -0.6552 0.3756 -0.6554
vn 0.3978 -0.0009 0.9175
vn 0.1158 -0.0011 0.9933
vn -0.8023 -0.0052 0.5969
vn -0.5956 -0.0036 0.8033
vn 0.9867 -0.0003 0.1624
vn 0.9363 0.0006 0.3513
vn -0.8712 -0.0032 -0.4909
vn -1.0000 -0.0008 -0.0088
vn -0.0536 -0.0009 -0.9986
vn -0.4543 -0.0012 -0.8908
vn 0.8607 0.0004 -0.5090
vn 0.5076 -0.0023 -0.8616
# 6036 vertex normals

vt 4.5750 0.2557 0.9824
vt 4.5798 0.1765 0.9866
vt 4.9101 0.1750 0.9777
vt 4.9024 0.2543 0.9736
vt 5.2226 0.2528 0.9612
vt 5.2331 0.1736 0.9652
vt 7.6470 5.2081 0.0345
vt 7.7450 4.8916 0.0347
vt 7.7888 4.9024 0.0318
vt 7.6896 5.2226 0.0316
vt 7.8146 4.5679 0.0349
vt 7.8592 4.5750 0.0320
vt 1.4546 0.2444 0.8576
vt 1.4323 0.1651 0.8607
vt 1.7032 0.1638 0.8867
vt 1.7231 0.2432 0.8834
vt 2.0091 0.2420 0.9063
vt 1.9916 0.1626 0.9098
vt 5.9679 7.2124 0.0332
vt 6.2505 7.0317 0.0333
vt 6.2769 7.0675 0.0304
vt 5.9909 7.2502 0.0302
vt 6.5160 6.8276 0.0335
vt 6.5454 6.8610 0.0306
vt 1.7023 0.1821 0.1002
vt 1.7218 0.2613 0.1037
vt 1.4532 0.2600 0.1295
vt 1.4314 0.1808 0.1263
vt 2.0077 0.2625 0.0808
vt 1.9907 0.1833 0.0772
vt 1.7480 0.8656 0.0356
vt 1.7218 0.8295 0.0327
vt 2.0077 0.6467 0.0328
vt 2.0306 0.6849 0.0357
vt 1.4825 1.0697 0.0354
vt 1.4532 1.0360 0.0325
vt 6.2290 0.1894 0.0944
vt 6.2096 0.2685 0.0979
vt 5.9199 0.2688 0.0758
vt 5.9368 0.1896 0.0721
vt 6.4826 0.2681 0.1230
vt 6.5044 0.1890 0.1198
vt 6.1841 0.8200 0.0365
vt 6.2096 0.7834 0.0336
vt 6.4826 0.9843 0.0335
vt 6.4539 1.0186 0.0364
vt 5.8977 0.6452 0.0365
vt 5.9199 0.6065 0.0336
vt 4.6396 0.2359 0.9666
vt 4.6449 0.1565 0.9706
vt 4.9818 0.1562 0.9619
vt 4.9736 0.2356 0.9580
vt 5.3112 0.1561 0.9497
vt 5.3001 0.2355 0.9458
vt 2.7148 7.5251 0.0324
vt 3.0376 7.6213 0.0324
vt 3.0264 7.6639 0.0295
vt 2.6999 7.5666 0.0294
vt 3.3677 7.6895 0.0324
vt 3.3604 7.7329 0.0295
vt 4.6383 0.2686 0.0205
vt 4.6440 0.1894 0.0163
vt 4.9809 0.1897 0.0250
vt 4.9723 0.2688 0.0291
vt 5.3103 0.1898 0.0373
vt 5.2988 0.2689 0.0413
vt 4.9610 0.2760 0.0365
vt 4.9723 0.2330 0.0336
vt 5.2988 0.3303 0.0336
vt 5.2838 0.3722 0.0365
vt 4.6308 0.2078 0.0365
vt 4.6383 0.1640 0.0336
vt 2.5988 0.2634 0.9577
vt 2.5866 0.1843 0.9617
vt 2.9074 0.1831 0.9751
vt 2.9169 0.2623 0.9709
vt 3.2428 0.2611 0.9806
vt 3.2362 0.1819 0.9848
vt 7.8005 3.2511 0.0356
vt 7.7241 2.9290 0.0357
vt 7.7676 2.9169 0.0328
vt 7.8449 3.2428 0.0326
vt 7.6615 2.5988 0.0329
vt 7.6193 2.6146 0.0358
vt 1.7997 0.1588 0.0989
vt 1.8185 0.2382 0.1023
vt 1.5552 0.2375 0.1286
vt 1.5341 0.1581 0.1254
vt 2.0989 0.2390 0.0790
vt 2.0825 0.1597 0.0754
vt 0.6706 5.8788 0.0328
vt 0.8548 6.1559 0.0327
vt 0.8182 6.1815 0.0298
vt 0.6318 5.9011 0.0299
vt 1.0630 6.4162 0.0326
vt 1.0288 6.4448 0.0297
vt 1.9958 0.2654 0.9209
vt 1.9783 0.1863 0.9245
vt 2.2761 0.1853 0.9448
vt 2.2910 0.2645 0.9410
vt 7.4869 2.3103 0.0360
vt 7.5276 2.2910 0.0331
vt 7.3280 2.0185 0.0361
vt 7.3668 1.9958 0.0332
vt 5.3257 0.2516 0.0386
vt 5.3373 0.1723 0.0347
vt 5.6505 0.1738 0.0507
vt 5.6362 0.2531 0.0545
vt 5.9346 0.2545 0.0739
vt 5.9515 0.1753 0.0702
vt 0.6300 2.0873 0.0347
vt 0.4774 2.3823 0.0346
vt 0.4364 2.3638 0.0316
vt 0.5908 2.0654 0.0318
vt 0.3516 2.6892 0.0344
vt 0.3091 2.6743 0.0315
vt 3.5703 0.1806 0.9909
vt 3.5742 0.2598 0.9866
vt 3.9083 0.2585 0.9889
vt 3.9074 0.1793 0.9932
vt 7.8663 3.9089 0.0352
vt 7.8481 3.5786 0.0354
vt 7.8930 3.5742 0.0325
vt 7.9115 3.9083 0.0323
vt 4.6780 0.2487 0.0174
vt 4.6840 0.1694 0.0133
vt 5.0143 0.1709 0.0222
vt 5.0055 0.2502 0.0262
vt 0.2535 3.0057 0.0342
vt 0.2099 2.9945 0.0313
vt 0.1839 3.3294 0.0340
vt 0.1395 3.3220 0.0311
vt 4.2447 0.1779 0.9918
vt 4.2428 0.2571 0.9875
vt 7.8551 4.2395 0.0351
vt 7.9002 4.2428 0.0321
vt 6.2110 0.2359 0.8892
vt 5.9212 0.2357 0.9113
vt 5.9376 0.1563 0.9149
vt 6.2299 0.1565 0.8926
vt 6.4839 0.2363 0.8641
vt 6.5052 0.1569 0.8672
vt 1.5446 6.8787 0.0325
vt 1.8144 7.0773 0.0324
vt 1.7890 7.1136 0.0295
vt 1.5161 6.9127 0.0295
vt 2.1009 7.2521 0.0324
vt 2.0788 7.2904 0.0295
vt 6.7606 0.1885 0.1479
vt 6.7366 0.2676 0.1510
vt 1.4521 0.2670 0.8712
vt 1.2078 0.2676 0.8421
vt 1.1835 0.1885 0.8451
vt 1.4299 0.1878 0.8745
vt 6.7050 1.2396 0.0364
vt 6.7366 1.2078 0.0335
vt 6.9699 1.4521 0.0334
vt 6.9355 1.4811 0.0363
vt 2.7019 0.2410 0.0421
vt 2.6907 0.1617 0.0382
vt 3.0116 0.1628 0.0248
vt 3.0200 0.2421 0.0289
vt 3.3403 0.1640 0.0151
vt 3.3459 0.2433 0.0192
vt 0.1980 4.6461 0.0334
vt 0.2745 4.9683 0.0332
vt 0.2311 4.9800 0.0303
vt 0.1537 4.6541 0.0304
vt 0.3793 5.2827 0.0331
vt 0.3371 5.2981 0.0301
vt 4.3008 0.2363 0.9716
vt 3.9596 0.2367 0.9730
vt 3.9591 0.1573 0.9771
vt 4.3031 0.1569 0.9757
vt 3.7026 7.7292 0.0325
vt 3.6992 7.7731 0.0295
vt 4.0398 7.7402 0.0325
vt 4.0404 7.7842 0.0296
vt 4.2994 0.2682 0.0155
vt 3.9583 0.2677 0.0141
vt 3.9582 0.1886 0.0099
vt 4.3023 0.1891 0.0113
vt 4.2959 0.1681 0.0364
vt 4.2994 0.1238 0.0335
vt 3.9583 0.1127 0.0335
vt 3.9587 0.1571 0.0364
vt 2.3803 0.1606 0.0551
vt 2.3941 0.2400 0.0589
vt 0.5117 5.5870 0.0329
vt 0.4711 5.6059 0.0300
vt 5.8316 0.2499 0.9260
vt 5.8473 0.1706 0.9297
vt 6.1339 0.1692 0.9070
vt 6.1157 0.2485 0.9034
vt 6.4038 0.1678 0.8811
vt 6.3833 0.2471 0.8778
vt 6.9877 6.3554 0.0338
vt 7.1902 6.0908 0.0340
vt 7.2275 6.1157 0.0311
vt 7.0226 6.3833 0.0309
vt 7.4079 5.8316 0.0312
vt 7.3685 5.8100 0.0342
vt 6.2381 0.1767 0.0929
vt 6.2187 0.2560 0.0964
vt 6.5080 0.1781 0.1188
vt 6.4863 0.2574 0.1220
vt 0.8083 1.8065 0.0349
vt 0.7712 1.7813 0.0320
vt 0.9761 1.5137 0.0322
vt 1.0109 1.5419 0.0351
vt 3.6745 0.1653 0.0090
vt 3.6772 0.2446 0.0132
vt 4.0113 0.2459 0.0109
vt 4.0116 0.1666 0.0067
vt 0.1322 3.9884 0.0337
vt 0.1505 4.3187 0.0335
vt 0.1057 4.3228 0.0306
vt 0.0872 3.9887 0.0307
vt 6.6550 0.1664 0.8524
vt 6.6323 0.2457 0.8493
vt 1.2054 0.2457 0.8290
vt 1.1809 0.1664 0.8319
vt 6.7624 6.6016 0.0337
vt 6.7946 6.6323 0.0307
vt 6.7592 0.1795 0.1475
vt 6.7354 0.2587 0.1505
vt 1.2040 0.2587 0.1581
vt 1.1800 0.1795 0.1551
vt 1.2362 1.2957 0.0353
vt 1.2040 1.2646 0.0323
vt 4.3489 0.1680 0.0081
vt 4.3458 0.2473 0.0123
vt 0.1434 3.6578 0.0339
vt 0.0985 3.6542 0.0309
vt 5.6306 0.1561 0.9339
vt 5.6168 0.2355 0.9302
vt 2.4017 7.4017 0.0324
vt 2.3832 7.4418 0.0294
vt 5.6297 0.1898 0.0530
vt 5.6155 0.2689 0.0569
vt 5.5968 0.4956 0.0365
vt 5.6155 0.4551 0.0336
vt 6.7615 0.1574 0.8390
vt 6.7380 0.2368 0.8361
vt 1.3108 0.2368 0.1578
vt 1.2876 0.1574 0.1548
vt 1.2935 6.6577 0.0326
vt 1.2620 6.6892 0.0296
vt 2.6241 0.2398 0.9424
vt 2.6119 0.1605 0.9462
vt 2.9392 0.1595 0.9593
vt 2.9485 0.2389 0.9554
vt 3.2809 0.2381 0.9649
vt 3.2745 0.1587 0.9689
vt 4.7107 7.6757 0.0327
vt 5.0393 7.6007 0.0328
vt 5.0515 7.6431 0.0299
vt 4.7191 7.7190 0.0298
vt 5.3600 7.4979 0.0329
vt 5.3759 7.5392 0.0300
vt 2.6228 0.2646 0.0447
vt 2.6111 0.1855 0.0408
vt 2.9383 0.1864 0.0277
vt 2.9472 0.2656 0.0317
vt 3.2796 0.2664 0.0222
vt 3.2736 0.1872 0.0181
vt 2.9592 0.2966 0.0361
vt 2.9472 0.2538 0.0332
vt 3.2796 0.1780 0.0333
vt 3.2878 0.2216 0.0362
vt 2.6386 0.3994 0.0360
vt 2.6228 0.3578 0.0331
vt 1.6956 0.1871 0.9010
vt 1.7155 0.2663 0.8976
vt 7.1437 1.7414 0.0362
vt 7.1804 1.7155 0.0333
vt 3.6153 0.1580 0.9748
vt 3.6188 0.2374 0.9708
vt 4.3767 7.7223 0.0326
vt 4.3812 7.7661 0.0297
vt 3.6144 0.1880 0.0121
vt 3.6175 0.2671 0.0164
vt 3.6218 0.1750 0.0363
vt 3.6175 0.1308 0.0334
vt 5.5463 0.1721 0.9492
vt 5.5331 0.2514 0.9453
vt 7.5211 5.5150 0.0344
vt 7.5623 5.5331 0.0314
vt 2.2953 0.1615 0.9297
vt 2.3101 0.2409 0.9260
vt 5.6703 7.3682 0.0331
vt 5.6899 7.4079 0.0301
vt 2.2944 0.1844 0.0573
vt 2.3088 0.2636 0.0611
vt 2.3282 0.5291 0.0359
vt 2.3088 0.4891 0.0329
vt 0.3928 3.3633 0.0349
vt 0.4586 3.0574 0.0351
vt 0.5751 3.0867 0.0354
vt 0.5115 3.3826 0.0352
vt 0.5513 2.7582 0.0353
vt 0.6647 2.7974 0.0355
vt 0.6612 3.1085 0.0371
vt 0.7486 2.8265 0.0373
vt 0.5992 3.3969 0.0369
vt 7.6440 4.2237 0.0359
vt 7.5240 4.2146 0.0361
vt 7.5343 3.9124 0.0363
vt 7.6546 3.9112 0.0361
vt 7.4870 4.5148 0.0360
vt 7.6057 4.5341 0.0357
vt 7.3992 4.5007 0.0377
vt 7.4353 4.2080 0.0379
vt 7.4453 3.9134 0.0380
vt 1.9341 6.9060 0.0334
vt 2.0020 6.8087 0.0337
vt 2.2638 6.9685 0.0337
vt 2.2048 7.0712 0.0334
vt 1.6790 6.7183 0.0335
vt 1.7554 6.6271 0.0338
vt 1.8118 6.5599 0.0356
vt 2.0522 6.7368 0.0355
vt 2.3075 6.8926 0.0355
vt 6.2431 1.2703 0.0374
vt 6.3195 1.1791 0.0372
vt 6.5568 1.3880 0.0371
vt 6.4727 1.4722 0.0373
vt 6.6834 1.6930 0.0373
vt 6.7747 1.6163 0.0371
vt 6.6158 1.7499 0.0390
vt 6.4104 1.5346 0.0390
vt 6.1866 1.3378 0.0391
vt 0.5943 4.8808 0.0345
vt 0.6901 5.1683 0.0343
vt 0.5775 5.2097 0.0340
vt 0.4784 4.9125 0.0342
vt 0.5244 4.5863 0.0346
vt 0.4061 4.6080 0.0343
vt 0.6117 4.5704 0.0364
vt 0.6799 4.8575 0.0362
vt 0.7733 5.1377 0.0361
vt 4.0363 7.4147 0.0338
vt 4.0376 7.5326 0.0335
vt 3.7189 7.5222 0.0335
vt 3.7281 7.4046 0.0338
vt 3.4219 7.3683 0.0337
vt 3.4023 7.4847 0.0334
vt 3.4364 7.2824 0.0355
vt 3.7349 7.3178 0.0356
vt 4.0353 7.3276 0.0356
vt 3.9622 0.4828 0.0373
vt 3.9609 0.3648 0.0371
vt 4.2796 0.3752 0.0372
vt 4.2704 0.4928 0.0374
vt 4.5766 0.5291 0.0374
vt 4.5962 0.4127 0.0372
vt 4.2636 0.5798 0.0391
vt 4.5620 0.6152 0.0391
vt 3.9631 0.5700 0.0390
vt 0.8111 5.4464 0.0342
vt 0.9564 5.7131 0.0341
vt 0.8528 5.7732 0.0338
vt 0.7026 5.4973 0.0339
vt 0.8913 5.4088 0.0360
vt 1.0329 5.6689 0.0359
vt 6.9162 5.9070 0.0352
vt 7.0792 5.6503 0.0353
vt 7.1840 5.7081 0.0351
vt 7.0155 5.9736 0.0349
vt 6.7310 6.1488 0.0350
vt 6.8240 6.2236 0.0347
vt 6.6623 6.0935 0.0368
vt 6.8428 5.8578 0.0369
vt 7.0017 5.6076 0.0371
vt 0.9193 2.2472 0.0358
vt 0.8145 2.1893 0.0356
vt 0.9830 1.9238 0.0358
vt 1.0823 1.9905 0.0360
vt 1.2674 1.7486 0.0362
vt 1.1745 1.6738 0.0359
vt 1.3361 1.8041 0.0379
vt 1.1556 2.0398 0.0377
vt 0.9967 2.2901 0.0376
vt 0.3612 4.2984 0.0345
vt 0.4809 4.2870 0.0347
vt 0.4642 3.9850 0.0349
vt 0.3439 3.9862 0.0346
vt 0.5531 3.9842 0.0366
vt 0.5694 4.2785 0.0365
vt 6.6110 6.4564 0.0346
vt 6.5251 6.3738 0.0349
vt 6.2999 6.5805 0.0347
vt 6.3782 6.6700 0.0344
vt 6.2420 6.5144 0.0365
vt 6.4615 6.3129 0.0366
vt 1.3875 1.4410 0.0361
vt 1.4734 1.5236 0.0363
vt 1.6986 1.3170 0.0365
vt 1.6203 1.2274 0.0363
vt 1.7564 1.3833 0.0382
vt 1.5369 1.5847 0.0380
vt 0.3545 3.6737 0.0348
vt 0.4745 3.6828 0.0350
vt 0.5631 3.6896 0.0368
vt 2.5389 7.1053 0.0337
vt 2.8250 7.2181 0.0337
vt 2.7851 7.3293 0.0334
vt 2.4892 7.2127 0.0334
vt 2.5756 7.0260 0.0355
vt 2.8545 7.1359 0.0355
vt 5.1735 0.6794 0.0375
vt 5.2134 0.5681 0.0373
vt 5.5093 0.6847 0.0373
vt 5.4596 0.7921 0.0375
vt 5.7346 0.9289 0.0375
vt 5.7937 0.8262 0.0373
vt 5.6910 1.0050 0.0392
vt 5.4228 0.8716 0.0392
vt 5.1439 0.7617 0.0392
vt 1.5258 6.4252 0.0339
vt 1.4417 6.5094 0.0335
vt 1.3151 6.2044 0.0339
vt 1.2238 6.2811 0.0336
vt 1.3826 6.1478 0.0357
vt 1.5880 6.3630 0.0356
vt 5.2431 7.1932 0.0342
vt 5.2855 7.3036 0.0339
vt 4.9823 7.4008 0.0338
vt 4.9500 7.2872 0.0341
vt 4.6717 7.4716 0.0337
vt 4.6496 7.3557 0.0340
vt 4.6332 7.2701 0.0358
vt 4.9260 7.2033 0.0359
vt 5.2118 7.1117 0.0360
vt 2.7554 0.7042 0.0370
vt 2.7130 0.5938 0.0368
vt 3.0162 0.4966 0.0369
vt 3.0485 0.6103 0.0371
vt 3.3489 0.5417 0.0372
vt 3.3268 0.4258 0.0370
vt 3.3652 0.6275 0.0389
vt 3.0724 0.6943 0.0388
vt 2.7866 0.7859 0.0387
vt 6.9715 1.8623 0.0370
vt 6.8737 1.9310 0.0372
vt 7.0421 2.1843 0.0371
vt 7.1457 2.1242 0.0369
vt 6.9655 2.2288 0.0388
vt 6.8013 1.9818 0.0389
vt 4.3560 7.5157 0.0336
vt 4.3443 7.3983 0.0339
vt 4.3355 7.3117 0.0357
vt 3.6425 0.3817 0.0371
vt 3.6542 0.4991 0.0373
vt 3.6629 0.5860 0.0390
vt 7.2187 5.3806 0.0355
vt 7.3337 5.1000 0.0357
vt 7.4472 5.1392 0.0354
vt 7.3283 5.4293 0.0352
vt 7.1377 5.3447 0.0372
vt 7.2498 5.0712 0.0374
vt 5.7988 6.9322 0.0344
vt 5.8601 7.0337 0.0341
vt 5.5788 7.1810 0.0340
vt 5.5268 7.0746 0.0343
vt 5.4883 6.9961 0.0361
vt 5.7535 6.8572 0.0362
vt 2.4717 0.8228 0.0369
vt 2.1996 0.9653 0.0367
vt 2.1384 0.8637 0.0365
vt 2.4197 0.7164 0.0367
vt 2.5101 0.9016 0.0386
vt 2.2449 1.0404 0.0385
vt 7.5399 4.8400 0.0356
vt 7.4234 4.8107 0.0358
vt 7.3372 4.7891 0.0376
vt 6.1272 6.8629 0.0343
vt 6.0572 6.7670 0.0346
vt 6.0054 6.6962 0.0363
vt 1.8713 1.0345 0.0364
vt 1.9413 1.1304 0.0366
vt 1.9930 1.2014 0.0383
vt 6.0644 0.9914 0.0372
vt 5.9965 1.0887 0.0374
vt 5.9462 1.1608 0.0391
vt 3.0902 7.4202 0.0334
vt 3.1201 7.3060 0.0337
vt 3.1422 7.2216 0.0355
vt 4.9083 0.4772 0.0373
vt 4.8784 0.5915 0.0375
vt 4.8562 0.6760 0.0392
vt 7.3084 2.7292 0.0369
vt 7.4210 2.6877 0.0366
vt 7.5201 2.9849 0.0365
vt 7.4042 3.0166 0.0367
vt 7.4741 3.3111 0.0366
vt 7.5924 3.2894 0.0364
vt 7.3867 3.3272 0.0383
vt 7.3185 3.0401 0.0384
vt 7.2251 2.7599 0.0386
vt 1.0270 6.0351 0.0337
vt 1.1248 5.9664 0.0340
vt 1.1971 5.9158 0.0358
vt 7.2959 2.4001 0.0368
vt 7.1874 2.4510 0.0370
vt 7.1072 2.4888 0.0387
vt 0.7798 2.5168 0.0357
vt 0.6702 2.4681 0.0354
vt 0.8607 2.5530 0.0374
vt 7.6373 3.5989 0.0362
vt 7.5176 3.6105 0.0364
vt 7.4290 3.6191 0.0382
vt 1.7867 0.4308 0.1773
vt 1.7834 0.3850 0.1769
vt 2.0171 0.3861 0.1544
vt 2.0174 0.4320 0.1550
vt 2.2658 0.4334 0.1353
vt 2.2659 0.3872 0.1345
vt 2.0165 0.4661 0.1591
vt 2.2660 0.4710 0.1423
vt 1.8105 0.4646 0.1802
vt 1.7961 0.4172 0.8098
vt 1.7855 0.3714 0.8105
vt 2.0192 0.3703 0.8329
vt 2.0276 0.4161 0.8324
vt 2.2732 0.4151 0.8523
vt 2.2680 0.3693 0.8528
vt 5.9141 6.6260 0.0562
vt 5.9724 6.6590 0.0520
vt 5.7268 6.8188 0.0519
vt 5.6881 6.7855 0.0554
vt 6.1304 6.4380 0.0564
vt 6.2039 6.4783 0.0522
vt 4.4891 0.4271 0.9184
vt 4.4946 0.3813 0.9197
vt 4.7795 0.3800 0.9121
vt 4.7731 0.4258 0.9105
vt 5.0511 0.4246 0.8996
vt 5.0581 0.3788 0.9013
vt 7.1994 4.7265 0.0575
vt 7.2842 4.7731 0.0532
vt 7.1967 5.0511 0.0531
vt 7.1037 5.0000 0.0573
vt 7.2736 4.4488 0.0576
vt 7.3471 4.4891 0.0534
vt 2.5279 0.3881 0.1174
vt 2.5283 0.4341 0.1181
vt 2.8021 0.4353 0.1039
vt 2.8011 0.3890 0.1031
vt 2.5314 0.4685 0.1224
vt 2.8123 0.4729 0.1107
vt 2.5315 0.4143 0.8694
vt 2.5300 0.3683 0.8700
vt 2.8044 0.4137 0.8836
vt 2.8032 0.3675 0.8842
vt 2.5372 0.4486 0.8653
vt 2.8148 0.4517 0.8768
vt 2.3085 0.4490 0.8488
vt 5.3283 0.3775 0.8874
vt 5.3209 0.4233 0.8857
vt 5.5805 0.4220 0.8688
vt 5.5880 0.3762 0.8706
vt 6.9873 5.2671 0.0571
vt 7.0852 5.3209 0.0529
vt 6.9506 5.5805 0.0528
vt 6.8510 5.5257 0.0570
vt 3.3727 0.3906 0.0835
vt 3.6667 0.3912 0.0784
vt 3.6688 0.4372 0.0790
vt 3.3747 0.4368 0.0843
vt 3.9663 0.4379 0.0771
vt 3.9633 0.3917 0.0765
vt 3.6843 0.4716 0.0830
vt 3.9953 0.4756 0.0831
vt 3.3946 0.4744 0.0908
vt 3.6711 0.4113 0.9084
vt 3.3770 0.4122 0.9031
vt 3.3747 0.3659 0.9038
vt 3.6688 0.3653 0.9089
vt 3.9686 0.4110 0.9103
vt 3.9653 0.3648 0.9109
vt 3.9978 0.4490 0.9044
vt 3.6868 0.4460 0.9045
vt 3.3971 0.4502 0.8967
vt 1.7808 0.4368 0.8225
vt 1.7771 0.3911 0.8230
vt 2.0063 0.3904 0.8459
vt 2.0070 0.4363 0.8453
vt 2.2505 0.4360 0.8654
vt 2.2502 0.3897 0.8662
vt 2.0064 0.4705 0.8411
vt 2.2511 0.4737 0.8583
vt 1.8045 0.4705 0.8196
vt 3.0834 0.3898 0.0918
vt 3.0846 0.4358 0.0924
vt 3.0941 0.4703 0.0967
vt 3.0855 0.3666 0.8955
vt 3.0870 0.4127 0.8950
vt 3.0966 0.4473 0.8908
vt 6.1580 0.4102 0.8153
vt 6.1619 0.3644 0.8161
vt 6.3830 0.3648 0.7918
vt 6.3796 0.4106 0.7911
vt 1.8814 0.4112 0.1772
vt 1.6711 0.4106 0.2025
vt 1.6657 0.3648 0.2021
vt 1.8784 0.3654 0.1768
vt 1.4407 6.0955 0.0556
vt 1.6444 6.2894 0.0556
vt 1.6204 6.3289 0.0513
vt 1.4130 6.1230 0.0520
vt 1.8697 6.4739 0.0555
vt 1.8420 6.5221 0.0513
vt 1.6179 6.3318 0.0517
vt 5.1256 0.4385 0.1010
vt 5.1298 0.3928 0.1001
vt 5.4053 0.3928 0.1137
vt 5.4008 0.4385 0.1147
vt 5.6655 0.4384 0.1312
vt 5.6702 0.3926 0.1302
vt 5.6339 1.1047 0.0590
vt 5.3701 0.9711 0.0590
vt 5.4008 0.9175 0.0548
vt 5.6655 1.0495 0.0548
vt 5.1256 0.8082 0.0548
vt 5.0977 0.8570 0.0590
vt 5.1280 0.4095 0.8864
vt 5.1318 0.3637 0.8872
vt 5.4074 0.3637 0.8736
vt 5.4031 0.4095 0.8727
vt 5.6679 0.4097 0.8562
vt 5.6722 0.3638 0.8572
vt 2.6274 6.9288 0.0555
vt 2.5969 6.9819 0.0512
vt 2.3321 6.8499 0.0512
vt 2.3636 6.7952 0.0555
vt 2.9006 7.0411 0.0552
vt 2.8720 7.0912 0.0512
vt 4.0184 0.4190 0.0750
vt 4.0157 0.3728 0.0743
vt 4.3067 0.3740 0.0756
vt 4.3083 0.4199 0.0761
vt 4.5943 0.4210 0.0806
vt 4.5958 0.3752 0.0800
vt 4.3258 0.4542 0.0796
vt 4.5860 0.4548 0.0846
vt 4.0467 0.4570 0.0810
vt 6.1693 0.3827 0.1710
vt 6.3860 0.3839 0.1958
vt 6.3823 0.4297 0.1965
vt 6.1651 0.4285 0.1719
vt 1.5722 0.4297 0.2022
vt 1.5666 0.3839 0.2017
vt 1.6127 1.6415 0.0579
vt 1.5722 1.6177 0.0537
vt 1.7867 1.4186 0.0539
vt 1.8146 1.4462 0.0575
vt 1.4245 1.8625 0.0578
vt 1.3752 1.8349 0.0536
vt 1.5693 1.6153 0.0541
vt 6.0611 0.4196 0.8270
vt 6.0681 0.3738 0.8287
vt 6.2848 0.3726 0.8039
vt 6.2785 0.4184 0.8024
vt 1.5686 0.3726 0.7856
vt 1.5809 0.4184 0.7848
vt 6.3343 6.2319 0.0565
vt 6.4191 6.2785 0.0523
vt 6.5233 6.0100 0.0567
vt 6.6163 6.0611 0.0524
vt 3.4366 0.3705 0.0816
vt 3.7249 0.3716 0.0763
vt 3.7267 0.4176 0.0769
vt 3.4384 0.4168 0.0823
vt 3.7418 0.4523 0.0809
vt 3.4577 0.4548 0.0889
vt 5.6845 0.4260 0.1301
vt 5.6892 0.3802 0.1291
vt 5.9364 0.3815 0.1487
vt 5.9318 0.4273 0.1497
vt 1.2518 2.0985 0.0576
vt 1.1975 2.0682 0.0534
vt 1.0408 2.3155 0.0533
vt 1.0968 2.3467 0.0575
vt 5.8352 0.3750 0.8510
vt 5.8278 0.4208 0.8492
vt 6.6960 5.7740 0.0568
vt 6.7939 5.8278 0.0526
vt 2.3511 0.4130 0.1343
vt 2.3515 0.3668 0.1336
vt 2.6083 0.3676 0.1161
vt 2.6085 0.4136 0.1167
vt 2.8769 0.4148 0.1023
vt 2.8762 0.3685 0.1015
vt 2.8868 0.4527 0.1092
vt 2.6114 0.4482 0.1211
vt 2.3512 0.4509 0.1414
vt 4.2601 0.3921 0.0777
vt 4.2620 0.4380 0.0782
vt 4.5537 0.4382 0.0826
vt 4.5550 0.3925 0.0820
vt 4.5453 0.4719 0.0867
vt 4.2800 0.4721 0.0817
vt 4.2622 0.3643 0.9097
vt 4.2643 0.4102 0.9092
vt 4.5560 0.4098 0.9048
vt 4.5570 0.3640 0.9053
vt 4.2825 0.4445 0.9058
vt 4.5478 0.4438 0.9008
vt 3.1540 0.4155 0.0906
vt 3.1530 0.3695 0.0900
vt 3.1631 0.4501 0.0949
vt 6.1557 0.4378 0.1722
vt 6.1598 0.3921 0.1713
vt 6.3809 0.3916 0.1956
vt 6.3773 0.4374 0.1963
vt 1.5705 0.4374 0.7972
vt 1.5645 0.3916 0.7976
vt 6.3531 1.6105 0.0589
vt 6.3773 1.5705 0.0547
vt 6.5803 1.7808 0.0546
vt 6.5524 1.8085 0.0583
vt 6.1557 1.3773 0.0547
vt 6.1278 1.4260 0.0589
vt 5.9244 0.3641 0.8379
vt 5.9201 0.4099 0.8370
vt 2.1104 6.6432 0.0555
vt 2.0799 6.6963 0.0512
vt 3.9144 0.3837 0.9254
vt 4.2055 0.3825 0.9242
vt 4.2013 0.4283 0.9231
vt 3.9126 0.4295 0.9246
vt 7.3255 4.1700 0.0578
vt 7.3848 4.2013 0.0535
vt 4.1700 0.4622 0.9157
vt 3.8980 0.4633 0.9192
vt 4.8807 0.3764 0.0877
vt 4.8773 0.4222 0.0884
vt 5.1551 0.4235 0.0993
vt 5.1593 0.3777 0.0985
vt 4.8553 0.4560 0.0936
vt 5.1275 0.4573 0.1055
vt 3.6252 0.4307 0.9228
vt 3.3378 0.4322 0.9174
vt 3.3354 0.3860 0.9182
vt 3.6237 0.3849 0.9234
vt 3.6379 0.4648 0.9188
vt 3.3577 0.4698 0.9108
vt 5.4295 0.3790 0.1123
vt 5.4249 0.4247 0.1133
vt 0.9605 2.6054 0.0573
vt 0.9062 2.5751 0.0531
vt 0.8460 2.8732 0.0569
vt 0.7947 2.8449 0.0529
vt 2.5071 0.3889 0.8836
vt 2.5079 0.4349 0.8830
vt 2.7763 0.4342 0.8975
vt 2.7750 0.3880 0.8982
vt 2.7867 0.4719 0.8905
vt 2.5113 0.4694 0.8786
vt 2.1075 0.3660 0.1539
vt 2.1076 0.4119 0.1544
vt 2.1065 0.4462 0.1586
vt 1.9045 0.4451 0.1801
vt 3.0517 0.3870 0.9097
vt 3.0534 0.4330 0.9091
vt 3.0630 0.4675 0.9048
vt 4.8456 0.3927 0.0895
vt 4.8423 0.4384 0.0903
vt 5.0977 0.4721 0.1071
vt 4.8200 0.4720 0.0954
vt 4.8476 0.3638 0.8978
vt 4.8446 0.4096 0.8971
vt 4.8225 0.4436 0.8920
vt 5.1002 0.4436 0.8804
vt 5.9223 0.3924 0.1494
vt 5.9178 0.4381 0.1504
vt 5.8871 1.2567 0.0590
vt 5.9178 1.2032 0.0548
vt 5.9254 0.3467 0.1488
vt 5.6729 0.3469 0.1296
vt 5.6910 0.3132 0.1256
vt 5.9462 0.3130 0.1451
vt 6.1866 0.3126 0.1672
vt 6.1633 0.3463 0.1707
vt 4.8488 0.3180 0.8984
vt 4.5577 0.3182 0.9059
vt 4.5636 0.2842 0.9103
vt 4.8578 0.2840 0.9027
vt 5.1455 0.2839 0.8920
vt 5.1334 0.3179 0.8878
vt 4.8470 0.3469 0.0889
vt 4.5560 0.3467 0.0814
vt 4.5620 0.3130 0.0769
vt 4.8562 0.3132 0.0845
vt 5.1316 0.3470 0.0995
vt 5.1439 0.3133 0.0952
vt 2.7599 0.3085 0.9031
vt 3.0401 0.3075 0.9148
vt 3.0500 0.3412 0.9104
vt 2.7728 0.3422 0.8988
vt 3.3272 0.3065 0.9233
vt 3.3341 0.3402 0.9188
vt 2.1049 0.3202 0.1533
vt 1.8754 0.3196 0.1763
vt 1.8522 0.2856 0.1728
vt 2.0842 0.2863 0.1496
vt 2.3311 0.2870 0.1291
vt 2.3492 0.3210 0.1330
vt 2.5046 0.3431 0.8843
vt 2.2473 0.3440 0.8667
vt 2.2288 0.3103 0.8707
vt 2.4888 0.3094 0.8884
vt 5.4320 0.3332 0.1117
vt 5.1614 0.3319 0.0979
vt 5.1735 0.2981 0.0936
vt 5.4470 0.2994 0.1076
vt 5.7099 0.3007 0.1246
vt 5.6921 0.3345 0.1286
vt 3.6228 0.3391 0.9241
vt 3.6191 0.3053 0.9286
vt 3.9134 0.3042 0.9307
vt 3.9140 0.3379 0.9261
vt 4.8823 0.3307 0.0871
vt 4.5970 0.3294 0.0794
vt 4.6031 0.2956 0.0749
vt 4.8915 0.2968 0.0826
vt 4.2055 0.3368 0.9248
vt 4.2080 0.3030 0.9294
vt 4.5007 0.3017 0.9249
vt 4.4951 0.3355 0.9204
vt 5.9272 0.3183 0.8384
vt 5.6747 0.3180 0.8577
vt 5.6925 0.2841 0.8616
vt 5.9478 0.2843 0.8421
vt 6.1882 0.2846 0.8200
vt 6.1651 0.3186 0.8165
vt 6.3847 0.3459 0.1951
vt 6.4104 0.3122 0.1918
vt 1.5605 0.3459 0.7981
vt 1.5346 0.3122 0.8013
vt 1.7499 0.3116 0.8270
vt 1.7735 0.3453 0.8235
vt 3.1519 0.3237 0.0894
vt 2.8747 0.3227 0.1009
vt 2.8623 0.2888 0.0967
vt 3.1425 0.2898 0.0850
vt 3.4296 0.2908 0.0765
vt 3.4360 0.3247 0.0810
vt 4.2624 0.3186 0.9103
vt 3.9651 0.3190 0.9115
vt 3.9647 0.2850 0.9160
vt 4.2651 0.2846 0.9147
vt 3.9631 0.3123 0.0713
vt 4.2636 0.3127 0.0725
vt 4.2606 0.3464 0.0770
vt 3.9634 0.3460 0.0758
vt 2.6064 0.3218 0.1155
vt 2.5912 0.2879 0.1114
vt 5.6076 0.2966 0.8752
vt 5.8578 0.2954 0.8553
vt 5.8378 0.3292 0.8516
vt 5.5902 0.3305 0.8712
vt 6.0935 0.2941 0.8328
vt 6.0710 0.3280 0.8292
vt 5.9397 0.3357 0.1482
vt 5.9602 0.3019 0.1445
vt 6.1959 0.3032 0.1670
vt 6.1729 0.3369 0.1705
vt 3.7247 0.3258 0.0757
vt 3.7215 0.2919 0.0712
vt 4.0158 0.2931 0.0691
vt 4.0159 0.3270 0.0737
vt 6.2881 0.3268 0.8044
vt 6.3129 0.2929 0.8077
vt 1.5647 0.3268 0.7860
vt 1.5385 0.2929 0.7891
vt 1.7580 0.2918 0.8143
vt 1.7819 0.3257 0.8109
vt 6.3900 0.3381 0.1954
vt 6.4153 0.3044 0.1921
vt 1.7801 0.3393 0.1763
vt 1.5630 0.3381 0.2013
vt 1.5369 0.3044 0.1981
vt 1.7564 0.3055 0.1729
vt 4.3074 0.3282 0.0749
vt 4.3104 0.2943 0.0704
vt 5.4094 0.3179 0.8742
vt 5.4244 0.2839 0.8782
vt 5.4228 0.3133 0.1090
vt 5.4076 0.3470 0.1131
vt 6.3865 0.3191 0.7922
vt 6.4120 0.2851 0.7954
vt 1.6624 0.3191 0.2017
vt 1.6370 0.2851 0.1985
vt 3.0839 0.3209 0.8961
vt 2.8012 0.3217 0.8848
vt 2.7882 0.2877 0.8890
vt 3.0740 0.2869 0.9004
vt 3.3668 0.2862 0.9088
vt 3.3736 0.3201 0.9044
vt 3.0821 0.3441 0.0911
vt 2.7994 0.3433 0.1025
vt 2.7866 0.3096 0.0982
vt 3.0724 0.3104 0.0868
vt 3.3652 0.3111 0.0784
vt 3.3718 0.3448 0.0829
vt 2.0030 0.3447 0.8464
vt 1.9818 0.3110 0.8502
vt 3.6681 0.3195 0.9095
vt 3.6645 0.2855 0.9140
vt 3.6663 0.3454 0.0777
vt 3.6629 0.3117 0.0732
vt 5.0712 0.2992 0.9062
vt 5.3447 0.2979 0.8922
vt 5.3301 0.3317 0.8880
vt 5.0595 0.3330 0.9019
vt 2.5276 0.3226 0.8705
vt 2.2652 0.3235 0.8533
vt 2.2465 0.2896 0.8572
vt 2.5117 0.2886 0.8745
vt 2.5258 0.3424 0.1168
vt 2.2634 0.3414 0.1339
vt 2.2449 0.3077 0.1300
vt 2.5101 0.3087 0.1127
vt 4.7804 0.3343 0.9127
vt 4.7891 0.3005 0.9172
vt 2.0160 0.3246 0.8334
vt 1.9946 0.2906 0.8370
vt 1.9930 0.3066 0.1502
vt 2.0142 0.3404 0.1539
vt 7.7573 3.5874 0.0361
vt 7.7109 3.2676 0.0363
vt 7.7752 3.9099 0.0360
vt 0.5604 2.4192 0.0353
vt 0.4375 2.7189 0.0352
vt 0.7094 2.1312 0.0355
vt 7.4047 2.3490 0.0367
vt 7.2495 2.0640 0.0368
vt 7.5339 2.6460 0.0366
vt 0.9289 6.1039 0.0335
vt 1.1322 6.3581 0.0334
vt 0.7490 5.8334 0.0336
vt 7.6362 2.9530 0.0364
vt 4.9383 0.3626 0.0372
vt 4.6159 0.2960 0.0372
vt 5.2535 0.4565 0.0372
vt 3.0602 7.5347 0.0332
vt 3.3826 7.6013 0.0333
vt 2.7450 7.4409 0.0332
vt 6.1326 0.8938 0.0372
vt 5.8529 0.7231 0.0372
vt 6.3960 1.0877 0.0371
vt 1.8010 0.9383 0.0363
vt 1.5418 1.1376 0.0362
vt 2.0770 0.7619 0.0365
vt 6.1975 6.9591 0.0341
vt 6.4567 6.7598 0.0343
vt 5.9215 7.1355 0.0340
vt 7.6567 4.8694 0.0355
vt 7.7247 4.5534 0.0357
vt 7.5610 5.1785 0.0353
vt 2.3676 0.6098 0.0366
vt 2.6706 0.4831 0.0367
vt 5.6309 7.2876 0.0339
vt 5.3279 7.4143 0.0337
vt 7.4381 5.4781 0.0351
vt 7.2891 5.7662 0.0350
vt 3.6307 0.2640 0.0370
vt 3.3046 0.3095 0.0369
vt 3.9597 0.2465 0.0371
vt 4.3678 7.6334 0.0334
vt 4.6939 7.5879 0.0335
vt 4.0388 7.6509 0.0334
vt 7.0696 1.7935 0.0369
vt 6.8663 1.5393 0.0370
vt 2.9837 0.3827 0.0368
vt 5.0148 7.5147 0.0336
vt 1.3573 6.5939 0.0334
vt 1.6025 6.8096 0.0333
vt 5.5591 0.5770 0.0372
vt 2.4394 7.3204 0.0332
vt 2.1456 7.1742 0.0332
vt 0.2343 3.6647 0.0346
vt 0.2233 3.9875 0.0345
vt 0.2738 3.3440 0.0348
vt 1.3013 1.3583 0.0360
vt 1.0813 1.5987 0.0358
vt 6.6972 6.5391 0.0344
vt 6.9172 6.2987 0.0346
vt 0.2412 4.3100 0.0343
vt 0.2876 4.6298 0.0342
vt 0.8835 1.8570 0.0357
vt 7.1150 6.0404 0.0348
vt 0.5939 5.5484 0.0338
vt 0.4646 5.2513 0.0339
vt 4.2889 0.2572 0.0372
vt 3.7096 7.6401 0.0333
vt 0.3623 4.9443 0.0340
vt 6.6412 1.3035 0.0371
vt 1.8659 7.0036 0.0333
vt 7.7642 4.2327 0.0358
vt 0.3418 3.0280 0.0350
vt 5.2466 0.0238 0.9717
vt 4.9192 0.0252 0.9844
vt 6.2614 0.0398 0.0890
vt 6.5412 0.0394 0.1148
vt 2.5928 0.0358 0.0344
vt 2.9243 0.0367 0.0212
vt 1.9645 0.0336 0.0713
vt 1.6727 0.0324 0.0946
vt 2.5928 0.0104 0.9523
vt 2.9244 0.0095 0.9655
vt 1.6727 0.0138 0.8921
vt 1.9645 0.0126 0.9154
vt 5.8722 0.0208 0.9356
vt 6.1641 0.0193 0.9124
vt 3.9574 0.0389 0.0031
vt 4.3054 0.0394 0.0045
vt 3.2641 0.0376 0.0115
vt 5.3529 0.0225 0.0283
vt 5.6717 0.0240 0.0446
vt 3.3318 0.0140 0.0085
vt 2.9987 0.0128 0.0184
vt 3.6094 0.0383 0.0054
vt 2.2720 0.0347 0.0512
vt 3.2641 0.0086 0.9752
vt 3.6094 0.0079 0.9813
vt 2.2720 0.0115 0.9355
vt 1.9511 0.0366 0.9304
vt 2.2526 0.0356 0.9510
vt 1.1473 0.0388 0.8501
vt 1.3965 0.0382 0.8798
vt 4.6510 0.0064 0.9771
vt 4.9916 0.0062 0.9683
vt 2.8923 0.0334 0.9816
vt 3.2254 0.0322 0.9915
vt 2.6735 0.0117 0.0320
vt 4.9916 0.0401 0.0184
vt 5.3256 0.0402 0.0309
vt 5.9637 0.0062 0.9205
vt 6.2614 0.0065 0.8977
vt 5.9637 0.0400 0.0663
vt 3.6702 0.0153 0.0024
vt 4.0114 0.0167 0.0000
vt 1.3988 0.0311 0.1209
vt 6.2704 0.0269 0.0876
vt 6.5447 0.0284 0.1139
vt 4.3527 0.0181 0.0014
vt 6.4384 0.0179 0.8861
vt 6.7993 0.0298 0.1431
vt 3.5639 0.0309 0.9976
vt 3.9051 0.0295 1.0000
vt 6.6930 0.0165 0.8569
vt 5.5653 0.0223 0.9554
vt 3.9574 0.0073 0.9836
vt 4.3054 0.0068 0.9822
vt 5.9786 0.0255 0.0644
vt 2.5672 0.0346 0.9680
vt 4.6510 0.0398 0.0097
vt 2.3590 0.0106 0.0490
vt 1.6651 0.0375 0.9067
vt 5.3256 0.0060 0.9558
vt 6.5412 0.0069 0.8719
vt 6.8008 0.0074 0.8433
vt 5.6506 0.0061 0.9399
vt 4.6915 0.0195 0.0067
vt 5.0255 0.0210 0.0156
vt 4.2463 0.0281 0.9986
vt 1.7714 0.0088 0.0933
vt 2.0575 0.0096 0.0696
vt 1.5028 0.0080 0.1202
vt 1.2536 0.0074 0.1499
vt 5.6506 0.0402 0.0468
vt 6.8008 0.0388 0.1434
vt 1.1446 0.0298 0.1501
vt 1.1446 0.0165 0.8366
vt 1.3988 0.0151 0.8658
vt 4.5851 0.0267 0.9933
vt 5.2965 1.0992 0.0607
vt 5.0304 0.9740 0.0607
vt 5.5582 1.2365 0.0607
vt 5.2019 1.2637 0.0608
vt 5.4615 1.4047 0.0608
vt 4.9422 1.1275 0.0608
vt 2.4393 6.6636 0.0573
vt 2.7009 6.8009 0.0573
vt 2.5359 6.4954 0.0576
vt 2.7955 6.6364 0.0576
vt 3.0552 6.7726 0.0576
vt 2.9670 6.9261 0.0573
vt 2.8998 7.0430 0.0554
vt 6.6159 5.3960 0.0588
vt 6.7559 5.1394 0.0589
vt 6.3348 5.2407 0.0590
vt 6.4786 4.9862 0.0592
vt 6.6175 4.7316 0.0593
vt 6.8836 4.8785 0.0591
vt 1.2310 2.4210 0.0592
vt 1.0910 2.6776 0.0590
vt 1.2588 2.7703 0.0593
vt 1.4026 2.5158 0.0594
vt 0.9634 2.9385 0.0589
vt 1.1199 3.0250 0.0591
vt 0.8441 2.8725 0.0572
vt 3.2310 3.5260 0.0593
vt 3.3767 3.2725 0.0594
vt 3.6293 3.4121 0.0594
vt 3.4837 3.6655 0.0593
vt 3.1299 3.1362 0.0595
vt 2.9843 3.3896 0.0593
vt 3.5212 3.0210 0.0596
vt 3.2745 2.8847 0.0596
vt 3.7739 3.1606 0.0596
vt 2.1839 6.5153 0.0573
vt 1.9369 6.3570 0.0573
vt 2.0251 6.2035 0.0577
vt 2.2785 6.3508 0.0577
vt 3.1775 7.1364 0.0555
vt 3.2326 7.0374 0.0573
vt 3.3118 6.9027 0.0576
vt 3.5573 7.0238 0.0576
vt 3.4819 7.1300 0.0573
vt 3.4522 7.2067 0.0555
vt 6.0605 1.5431 0.0606
vt 5.8135 1.3848 0.0606
vt 5.7189 1.5494 0.0608
vt 5.9723 1.6966 0.0607
vt 6.2952 1.7082 0.0606
vt 6.5567 1.8045 0.0588
vt 6.5052 1.8693 0.0605
vt 6.4515 1.9876 0.0607
vt 6.2187 1.8445 0.0607
vt 3.6710 7.1884 0.0572
vt 3.7175 7.2464 0.0556
vt 3.7814 7.1342 0.0574
vt 4.0022 7.2349 0.0561
vt 4.5453 0.6932 0.0590
vt 4.5155 0.7701 0.0607
vt 4.3264 0.7117 0.0606
vt 4.2800 0.6535 0.0590
vt 4.4401 0.8763 0.0609
vt 4.2160 0.7660 0.0607
vt 3.9953 0.6650 0.0595
vt 1.4923 6.0308 0.0574
vt 1.7022 6.1919 0.0574
vt 1.5459 5.9126 0.0577
vt 1.7787 6.0557 0.0577
vt 1.3832 5.6397 0.0578
vt 1.3335 5.7818 0.0576
vt 1.1312 5.6488 0.0564
vt 1.1783 5.5069 0.0577
vt 1.2465 5.3574 0.0580
vt 1.4664 5.4851 0.0579
vt 1.7040 5.6173 0.0579
vt 1.6164 5.7723 0.0578
vt 3.7163 0.7295 0.0605
vt 3.6843 0.6638 0.0590
vt 3.8958 0.7782 0.0607
vt 3.8007 0.9128 0.0607
vt 3.5957 0.8119 0.0606
vt 3.3946 0.7265 0.0593
vt 6.6639 2.1183 0.0605
vt 6.8663 2.2511 0.0592
vt 6.8191 2.3932 0.0604
vt 6.6142 2.2604 0.0606
vt 6.5310 2.4150 0.0605
vt 6.7509 2.5427 0.0605
vt 6.3810 2.1278 0.0606
vt 6.2934 2.2828 0.0605
vt 4.1016 7.1219 0.0575
vt 4.2811 7.1706 0.0573
vt 4.3132 7.2361 0.0557
vt 4.1967 6.9873 0.0577
vt 4.4017 7.0882 0.0576
vt 4.6029 7.1735 0.0563
vt 4.7178 7.0272 0.0577
vt 4.8834 7.0566 0.0575
vt 4.9034 7.1265 0.0559
vt 4.8280 6.8622 0.0579
vt 5.0095 6.9473 0.0578
vt 5.1852 7.0141 0.0565
vt 6.9451 2.6624 0.0603
vt 7.1238 2.7867 0.0590
vt 7.0557 2.9590 0.0602
vt 6.8748 2.8349 0.0603
vt 6.7728 3.0210 0.0602
vt 6.9688 3.1370 0.0602
vt 6.6621 2.7132 0.0604
vt 6.5559 2.9001 0.0603
vt 3.3380 3.9190 0.0591
vt 3.1934 4.1705 0.0590
vt 2.9408 4.0310 0.0590
vt 3.0854 3.7794 0.0591
vt 2.8386 3.6431 0.0591
vt 2.6941 3.8946 0.0590
vt 4.3681 4.4881 0.0590
vt 4.2235 4.7396 0.0589
vt 3.9670 4.5979 0.0589
vt 4.1115 4.3463 0.0590
vt 3.8530 4.2035 0.0591
vt 3.7085 4.4551 0.0589
vt 3.9987 3.9501 0.0592
vt 4.2572 4.0929 0.0592
vt 4.5137 4.2346 0.0592
vt 5.7596 5.2568 0.0589
vt 5.6150 5.5083 0.0587
vt 5.4097 5.3949 0.0588
vt 5.5543 5.1434 0.0589
vt 5.3361 5.0228 0.0589
vt 5.1915 5.2744 0.0588
vt 5.6999 4.8899 0.0591
vt 5.4817 4.7694 0.0591
vt 5.9052 5.0034 0.0591
vt 3.4500 4.3122 0.0589
vt 3.5945 4.0607 0.0591
vt 3.7402 3.8073 0.0592
vt 2.4550 3.7626 0.0590
vt 2.5996 3.5110 0.0592
vt 2.3700 3.3842 0.0592
vt 2.2255 3.6358 0.0590
vt 2.7452 3.2576 0.0593
vt 2.5157 3.1308 0.0593
vt 4.9620 5.1476 0.0588
vt 5.1065 4.8960 0.0590
vt 4.8675 4.7640 0.0590
vt 4.7229 5.0155 0.0588
vt 5.2522 4.6426 0.0591
vt 5.0131 4.5105 0.0591
vt 6.3032 5.8885 0.0584
vt 6.4646 5.6463 0.0586
vt 6.0371 5.7415 0.0587
vt 6.1873 5.4931 0.0589
vt 4.4762 4.8792 0.0588
vt 4.6207 4.6276 0.0590
vt 4.7664 4.3742 0.0592
vt 0.8498 3.1989 0.0587
vt 0.7488 3.1447 0.0570
vt 0.9873 3.2766 0.0590
vt 0.7554 3.4433 0.0586
vt 0.8637 3.5172 0.0588
vt 0.6771 3.4140 0.0569
vt 3.9162 2.9129 0.0597
vt 3.6636 2.7733 0.0598
vt 3.4168 2.6370 0.0598
vt 3.8026 2.5314 0.0599
vt 3.5558 2.3950 0.0599
vt 4.0552 2.6709 0.0599
vt 4.6594 3.9812 0.0593
vt 4.8039 3.7296 0.0595
vt 5.0566 3.8692 0.0595
vt 4.9120 4.1207 0.0593
vt 5.1588 4.2571 0.0593
vt 5.3033 4.0055 0.0594
vt 6.9979 4.6154 0.0592
vt 6.7505 4.4787 0.0595
vt 7.0980 4.3519 0.0594
vt 6.8766 4.2296 0.0596
vt 4.0304 3.3023 0.0596
vt 3.8858 3.5538 0.0594
vt 4.1444 3.6966 0.0594
vt 4.2889 3.4451 0.0595
vt 1.5438 1.9285 0.0595
vt 1.3823 2.1707 0.0594
vt 1.5501 2.2634 0.0596
vt 1.7003 2.0150 0.0598
vt 2.6613 2.8773 0.0595
vt 2.8059 2.6258 0.0597
vt 3.0354 2.7526 0.0596
vt 2.8909 3.0041 0.0595
vt 5.6274 4.5159 0.0593
vt 5.7719 4.2644 0.0594
vt 5.9901 4.3850 0.0594
vt 5.8456 4.6365 0.0592
vt 6.0509 4.7499 0.0592
vt 6.1954 4.4984 0.0594
vt 4.5474 3.5879 0.0595
vt 4.4029 3.8394 0.0594
vt 5.5424 4.1376 0.0594
vt 5.3978 4.3891 0.0593
vt 7.1828 4.0928 0.0595
vt 6.9946 3.9873 0.0598
vt 7.1025 3.7593 0.0599
vt 7.2490 3.8530 0.0597
vt 7.3538 3.8980 0.0579
vt 4.9463 3.4820 0.0596
vt 5.0853 3.2400 0.0598
vt 5.3379 3.3796 0.0598
vt 5.1989 3.6215 0.0596
vt 5.4457 3.7578 0.0596
vt 5.5847 3.5159 0.0598
vt 4.1899 2.4365 0.0600
vt 3.9373 2.2970 0.0600
vt 3.6905 2.1606 0.0601
vt 4.0666 2.0719 0.0602
vt 3.8199 1.9356 0.0602
vt 4.3193 2.2115 0.0602
vt 4.3118 2.8126 0.0599
vt 4.1727 3.0546 0.0597
vt 4.4312 3.1974 0.0597
vt 4.5703 2.9555 0.0598
vt 1.7122 1.6984 0.0597
vt 1.8105 1.4419 0.0581
vt 1.8764 1.4925 0.0598
vt 1.8511 1.7734 0.0599
vt 1.9971 1.5451 0.0600
vt 3.1777 2.5049 0.0598
vt 2.9482 2.3781 0.0598
vt 3.0873 2.1362 0.0600
vt 3.3168 2.2630 0.0599
vt 6.2715 3.8953 0.0597
vt 6.1325 4.1373 0.0595
vt 5.9142 4.0167 0.0596
vt 6.0533 3.7748 0.0597
vt 6.3378 4.2507 0.0595
vt 6.4768 4.0087 0.0597
vt 4.8288 3.0983 0.0598
vt 4.6897 3.3402 0.0597
vt 5.8238 3.6480 0.0597
vt 5.6847 3.8899 0.0596
vt 4.4422 1.9975 0.0603
vt 4.1896 1.8580 0.0603
vt 3.9428 1.7216 0.0603
vt 4.3053 1.6567 0.0604
vt 4.0585 1.5204 0.0605
vt 4.5579 1.7963 0.0604
vt 5.6020 2.9201 0.0601
vt 5.4726 3.1452 0.0599
vt 5.2200 3.0056 0.0599
vt 5.3493 2.7806 0.0601
vt 5.7194 3.2815 0.0599
vt 5.8487 3.0565 0.0600
vt 7.2858 3.6730 0.0597
vt 7.3506 3.6379 0.0581
vt 7.2001 3.5554 0.0599
vt 7.2864 3.3577 0.0587
vt 4.5758 2.3532 0.0601
vt 4.4465 2.5783 0.0600
vt 4.7050 2.7211 0.0600
vt 4.8343 2.4960 0.0601
vt 2.2754 1.3857 0.0602
vt 2.1304 1.3369 0.0600
vt 2.2660 1.1384 0.0589
vt 2.4108 1.1848 0.0602
vt 2.4330 1.4672 0.0602
vt 2.5633 1.2516 0.0603
vt 2.1401 1.6143 0.0600
vt 2.2982 1.7002 0.0600
vt 3.2220 1.9018 0.0601
vt 3.3513 1.6767 0.0602
vt 3.5808 1.8035 0.0602
vt 3.4515 2.0286 0.0601
vt 6.5355 3.4359 0.0600
vt 6.4062 3.6609 0.0598
vt 6.1880 3.5404 0.0599
vt 6.3173 3.3153 0.0600
vt 6.6115 3.7744 0.0598
vt 6.7408 3.5493 0.0600
vt 5.0928 2.6389 0.0601
vt 4.9635 2.8639 0.0600
vt 6.0878 3.1885 0.0600
vt 5.9585 3.4136 0.0599
vt 6.4403 3.1014 0.0601
vt 6.6583 3.2220 0.0601
vt 6.8625 3.3357 0.0601
vt 4.6654 1.6092 0.0605
vt 4.4128 1.4697 0.0606
vt 4.1660 1.3333 0.0606
vt 4.5113 1.2983 0.0607
vt 4.2645 1.1619 0.0607
vt 4.7639 1.4378 0.0606
vt 5.4723 2.5666 0.0602
vt 5.5880 2.3653 0.0603
vt 5.8406 2.5049 0.0603
vt 5.7249 2.7062 0.0602
vt 5.9717 2.8425 0.0602
vt 6.0874 2.6412 0.0603
vt 4.8144 1.9380 0.0604
vt 4.6988 2.1393 0.0603
vt 4.9573 2.2821 0.0603
vt 5.0729 2.0808 0.0604
vt 2.8123 0.8859 0.0591
vt 2.9879 0.9528 0.0604
vt 2.8613 1.1302 0.0604
vt 2.6853 1.0612 0.0603
vt 3.0511 1.2301 0.0604
vt 3.1694 1.0380 0.0605
vt 2.7372 1.3387 0.0603
vt 2.9278 1.4428 0.0603
vt 3.4743 1.4628 0.0604
vt 3.5899 1.2615 0.0605
vt 3.8194 1.3883 0.0605
vt 3.7038 1.5896 0.0604
vt 7.1671 3.0827 0.0600
vt 7.2386 3.0630 0.0584
vt 7.1371 3.2451 0.0600
vt 5.3314 2.2236 0.0604
vt 5.2158 2.4249 0.0602
vt 6.3264 2.7733 0.0603
vt 6.2108 2.9746 0.0601
vt 4.8540 1.2809 0.0607
vt 4.6009 1.1426 0.0608
vt 4.3543 1.0081 0.0608
vt 4.6856 0.9975 0.0609
vt 5.6955 2.1783 0.0605
vt 5.7940 2.0069 0.0606
vt 6.0466 2.1465 0.0605
vt 5.9481 2.3179 0.0604
vt 6.1949 2.4542 0.0604
vt 5.0204 1.5796 0.0606
vt 4.9219 1.7509 0.0605
vt 5.1804 1.8938 0.0605
vt 5.2789 1.7224 0.0606
vt 3.2796 0.8729 0.0605
vt 3.4817 0.9603 0.0606
vt 3.6980 1.0757 0.0606
vt 3.3721 1.1422 0.0605
vt 4.0260 1.0311 0.0607
vt 3.9270 1.2014 0.0606
vt 6.9546 2.5185 0.0602
vt 7.0284 2.5113 0.0587
vt 5.5374 1.8652 0.0606
vt 5.4389 2.0366 0.0605
vt 6.4337 2.5863 0.0604
vt 5.8841 1.8500 0.0607
vt 6.1360 1.9906 0.0606
vt 4.7648 0.8627 0.0607
vt 4.8200 0.7635 0.0590
vt 5.1110 1.4220 0.0607
vt 5.3696 1.5646 0.0607
vt 4.1178 0.8813 0.0608
vt 5.6280 1.7076 0.0607
vt 6.6540 1.9977 0.0604
vt 6.7289 2.0064 0.0588
vt 2.8691 2.0156 0.0600
vt 2.6638 1.9022 0.0600
vt 2.7985 1.6678 0.0601
vt 3.0037 1.7812 0.0601
vt 3.1331 1.5562 0.0603
vt 3.1140 0.8435 0.0603
vt 3.0941 0.7734 0.0588
vt 0.9417 4.9411 0.0580
vt 1.1226 5.0653 0.0581
vt 1.0523 5.2378 0.0578
vt 0.8736 5.1132 0.0566
vt 1.0286 4.7632 0.0582
vt 1.2246 4.8791 0.0582
vt 1.3353 5.1870 0.0581
vt 1.4415 5.0000 0.0582
vt 2.7300 2.2575 0.0598
vt 2.5877 2.5052 0.0597
vt 2.3824 2.3918 0.0597
vt 2.5247 2.1441 0.0598
vt 2.0073 3.5152 0.0591
vt 1.8020 3.4018 0.0591
vt 1.9465 3.1503 0.0592
vt 2.1518 3.2637 0.0592
vt 2.2975 3.0102 0.0594
vt 2.0922 2.8968 0.0594
vt 3.2561 1.3424 0.0604
vt 2.2378 2.6433 0.0595
vt 2.4431 2.7568 0.0595
vt 2.6077 1.5626 0.0602
vt 2.4730 1.7968 0.0600
vt 0.9494 4.4570 0.0583
vt 0.8603 4.6551 0.0581
vt 0.7110 4.5423 0.0568
vt 0.7981 4.3452 0.0582
vt 0.9009 4.1442 0.0585
vt 1.0670 4.2449 0.0585
vt 1.2566 4.3508 0.0585
vt 1.1349 4.5644 0.0583
vt 2.1916 2.2864 0.0597
vt 2.0168 2.1898 0.0597
vt 2.1591 1.9422 0.0599
vt 2.3340 2.0387 0.0599
vt 1.6112 3.2964 0.0591
vt 1.4364 3.1998 0.0591
vt 1.5809 2.9483 0.0593
vt 1.7558 3.0449 0.0592
vt 1.9014 2.7914 0.0594
vt 1.7266 2.6948 0.0594
vt 2.5386 1.0519 0.0601
vt 2.5314 0.9794 0.0586
vt 1.8723 2.4414 0.0596
vt 2.0471 2.5380 0.0596
vt 2.0074 1.3466 0.0598
vt 2.0165 1.2731 0.0583
vt 0.6483 3.9533 0.0571
vt 0.7512 3.7370 0.0585
vt 0.8688 3.8333 0.0586
vt 0.7637 4.0509 0.0584
vt 0.9981 3.6014 0.0588
vt 1.0216 3.9232 0.0587
vt 1.1550 3.6894 0.0588
vt 1.8568 2.1014 0.0597
vt 2.0002 1.8545 0.0599
vt 1.4202 2.8595 0.0593
vt 1.2764 3.1114 0.0591
vt 1.5657 2.6059 0.0594
vt 1.7115 2.3526 0.0596
vt 4.5806 5.2632 0.0587
vt 4.4415 5.5051 0.0585
vt 4.1948 5.3688 0.0585
vt 4.3338 5.1268 0.0587
vt 4.0812 4.9873 0.0587
vt 3.9422 5.2292 0.0586
vt 2.5517 4.1423 0.0588
vt 2.4127 4.3843 0.0587
vt 2.1736 4.2522 0.0587
vt 2.3127 4.0102 0.0589
vt 2.0831 3.8834 0.0589
vt 1.9441 4.1254 0.0587
vt 5.9549 6.3412 0.0581
vt 6.1328 6.1207 0.0583
vt 5.7334 6.2189 0.0584
vt 5.8855 5.9841 0.0586
vt 0.6959 3.6287 0.0584
vt 0.6366 3.6742 0.0568
vt 3.6856 5.0875 0.0586
vt 3.8247 4.8456 0.0587
vt 3.5662 4.7027 0.0588
vt 3.4271 4.9447 0.0586
vt 3.1686 4.8019 0.0586
vt 3.3076 4.5599 0.0588
vt 3.0511 4.4182 0.0588
vt 2.9121 4.6602 0.0586
vt 5.0492 5.5220 0.0586
vt 4.9101 5.7640 0.0585
vt 4.6806 5.6372 0.0585
vt 4.8196 5.3952 0.0586
vt 2.6594 4.5206 0.0587
vt 2.7985 4.2786 0.0588
vt 5.4727 5.7560 0.0586
vt 5.3336 5.9980 0.0584
vt 5.1283 5.8846 0.0585
vt 5.2674 5.6426 0.0586
vt 1.6596 3.6495 0.0589
vt 1.5206 3.8914 0.0588
vt 1.3298 3.7860 0.0588
vt 1.4689 3.5441 0.0589
vt 1.2941 3.4475 0.0589
vt 1.1353 3.3596 0.0590
vt 1.7259 4.0048 0.0587
vt 1.8649 3.7629 0.0589
vt 2.7774 4.8945 0.0585
vt 2.6480 5.1196 0.0584
vt 2.3954 4.9800 0.0584
vt 2.5248 4.7550 0.0585
vt 2.2780 4.6186 0.0585
vt 2.1487 4.8437 0.0584
vt 3.5509 5.3219 0.0584
vt 3.8075 5.4636 0.0584
vt 3.6781 5.6887 0.0583
vt 3.4216 5.5469 0.0583
vt 3.2924 5.1791 0.0585
vt 3.1631 5.4041 0.0583
vt 5.1989 6.2323 0.0583
vt 5.0696 6.4574 0.0582
vt 4.8643 6.3440 0.0582
vt 4.9936 6.1189 0.0583
vt 4.7754 5.9984 0.0583
vt 4.6461 6.2234 0.0582
vt 2.9046 5.2613 0.0583
vt 3.0339 5.0363 0.0585
vt 1.9096 4.7116 0.0584
vt 2.0389 4.4866 0.0586
vt 1.8094 4.3598 0.0586
vt 1.6801 4.5848 0.0584
vt 4.4166 6.0966 0.0582
vt 4.5459 5.8716 0.0584
vt 4.3069 5.7395 0.0584
vt 4.1775 5.9645 0.0582
vt 5.6915 6.7906 0.0561
vt 5.5978 6.7263 0.0579
vt 5.7727 6.5464 0.0580
vt 5.4402 6.6519 0.0581
vt 5.5831 6.4433 0.0583
vt 3.9307 5.8282 0.0583
vt 4.0601 5.6032 0.0584
vt 1.4619 4.4642 0.0585
vt 1.5912 4.2392 0.0586
vt 1.3859 4.1258 0.0586
vt 0.7140 4.2269 0.0581
vt 0.6472 4.2582 0.0565
vt 1.1953 4.0203 0.0586
vt 2.4094 5.5348 0.0581
vt 2.1568 5.3952 0.0581
vt 2.2725 5.1940 0.0583
vt 2.5251 5.3335 0.0582
vt 1.9100 5.2589 0.0581
vt 2.0257 5.0576 0.0583
vt 3.4395 6.1039 0.0580
vt 3.1830 5.9622 0.0580
vt 3.2986 5.7609 0.0582
vt 3.5552 5.9026 0.0581
vt 2.9245 5.8193 0.0581
vt 3.0401 5.6181 0.0582
vt 4.9463 6.6700 0.0580
vt 4.6253 6.7579 0.0579
vt 4.7413 6.5578 0.0580
vt 4.4075 6.6386 0.0579
vt 4.5231 6.4374 0.0581
vt 2.6660 5.6765 0.0581
vt 2.7816 5.4753 0.0582
vt 1.6710 5.1268 0.0582
vt 1.7866 4.9256 0.0583
vt 1.5571 4.7988 0.0583
vt 4.1780 6.5118 0.0580
vt 4.2936 6.3106 0.0581
vt 3.9389 6.3798 0.0580
vt 4.0546 6.1785 0.0581
vt 5.1362 6.7700 0.0580
vt 5.3128 6.8394 0.0579
vt 5.2610 6.5619 0.0581
vt 3.6921 6.2434 0.0580
vt 3.8078 6.0422 0.0581
vt 1.3391 4.6782 0.0583
vt 0.8303 4.8174 0.0578
vt 0.7589 4.8369 0.0563
vt 2.0493 5.5823 0.0580
vt 2.3019 5.7218 0.0580
vt 2.2034 5.8932 0.0579
vt 1.9508 5.7537 0.0579
vt 1.8025 5.4459 0.0580
vt 3.0755 6.1492 0.0579
vt 3.3320 6.2909 0.0579
vt 3.2335 6.4623 0.0578
vt 2.9770 6.3206 0.0578
vt 2.7185 6.1778 0.0578
vt 2.8170 6.0064 0.0579
vt 4.5157 6.9398 0.0578
vt 4.2994 6.8245 0.0578
vt 2.4600 6.0350 0.0579
vt 2.5585 5.8636 0.0580
vt 1.5637 5.3139 0.0581
vt 3.9714 6.8691 0.0577
vt 4.0704 6.6987 0.0578
vt 3.7329 6.7382 0.0578
vt 3.8314 6.5668 0.0579
vt 3.4861 6.6019 0.0578
vt 3.5846 6.4305 0.0579
vt 1.0428 5.3816 0.0576
vt 0.9691 5.3886 0.0560
vt 1.8614 5.9095 0.0578
vt 2.1133 6.0501 0.0578
vt 2.8864 6.4782 0.0577
vt 3.1434 6.6192 0.0577
vt 2.6278 6.3356 0.0577
vt 2.3694 6.1925 0.0578
vt 1.3434 5.9024 0.0574
vt 1.2686 5.8935 0.0558
vt 3.8796 7.0189 0.0576
vt 3.6431 6.8920 0.0577
vt 3.3965 6.7576 0.0577
vt 5.5287 6.1057 0.0584
vt 5.3920 6.3389 0.0583
vt 5.4599 6.8503 0.0577
vt 5.4628 6.9227 0.0561
vt 5.6693 5.8647 0.0586
vt 5.8128 5.6176 0.0587
vt 6.2494 4.8596 0.0592
vt 6.3933 4.6077 0.0594
vt 6.1040 5.1132 0.0590
vt 6.5344 4.3593 0.0595
vt 6.6719 4.1165 0.0597
vt 6.8045 3.8811 0.0598
vt 6.9311 3.6557 0.0599
vt 7.0481 3.4432 0.0600
vt 5.9581 5.3665 0.0589
vt 4.6415 4.5327 0.0063
vt 4.6582 4.8317 0.0031
vt 4.5256 4.8231 0.0081
vt 4.5094 4.5311 0.0113
vt 4.3745 4.8130 0.0142
vt 4.3589 4.5292 0.0173
vt 4.5260 5.1419 0.0086
vt 4.3745 5.1230 0.0147
vt 4.6590 5.1581 0.0037
vt 4.2237 4.8031 0.0204
vt 4.2087 4.5274 0.0234
vt 4.0931 4.7952 0.0260
vt 4.0786 4.5265 0.0290
vt 4.2232 5.1042 0.0208
vt 4.0924 5.0884 0.0264
vt 4.3544 5.4485 0.0195
vt 4.2032 5.4203 0.0255
vt 4.0724 5.3964 0.0309
vt 4.1595 5.7400 0.0352
vt 4.0294 5.7078 0.0403
vt 4.3100 5.7777 0.0295
vt 4.6389 5.5010 0.0089
vt 4.5060 5.4768 0.0137
vt 4.4608 5.8154 0.0240
vt 4.5931 5.8477 0.0195
vt 4.4640 3.6639 0.0462
vt 4.5245 3.8410 0.0327
vt 4.3944 3.8554 0.0369
vt 4.3349 3.6825 0.0501
vt 4.1877 3.7041 0.0550
vt 4.2460 3.8723 0.0422
vt 4.4431 4.0504 0.0259
vt 4.2939 4.0618 0.0315
vt 4.5740 4.0406 0.0214
vt 4.0979 3.8892 0.0475
vt 4.0407 3.7259 0.0600
vt 3.9130 3.7451 0.0646
vt 3.9694 3.9044 0.0525
vt 4.1450 4.0734 0.0372
vt 4.0159 4.0840 0.0424
vt 4.3317 4.2793 0.0232
vt 4.1821 4.2847 0.0291
vt 4.0525 4.2900 0.0346
vt 4.6130 4.2696 0.0125
vt 4.4816 4.2741 0.0173
vt 4.6703 2.8524 0.1289
vt 4.6863 3.0106 0.1251
vt 4.5470 3.0109 0.1160
vt 4.5300 2.8532 0.1197
vt 4.8296 2.8530 0.1401
vt 4.8445 3.0112 0.1362
vt 4.6537 2.6842 0.1331
vt 4.8171 2.6853 0.1448
vt 4.5116 2.6850 0.1238
vt 4.9897 2.8547 0.1513
vt 5.0024 3.0124 0.1472
vt 5.1189 2.8579 0.1624
vt 5.1312 3.0144 0.1579
vt 4.9848 2.6889 0.1569
vt 5.1172 2.6967 0.1687
vt 4.8122 2.5034 0.1497
vt 4.9973 2.5103 0.1635
vt 5.1430 2.5280 0.1773
vt 5.2577 2.3318 0.1918
vt 5.0223 2.3119 0.1693
vt 4.8131 2.3039 0.1534
vt 4.4954 2.5019 0.1275
vt 4.6405 2.5011 0.1370
vt 4.6326 2.3011 0.1399
vt 4.4840 2.3018 0.1302
vt 4.4792 2.0867 0.1314
vt 4.6309 2.0856 0.1410
vt 4.8167 2.0874 0.1548
vt 4.6340 1.8684 0.1406
vt 4.8228 1.8687 0.1543
vt 4.4802 1.8700 0.1311
vt 5.0379 2.0913 0.1709
vt 5.2799 2.0873 0.1899
vt 5.0487 1.8699 0.1701
vt 5.2944 1.8677 0.1884
vt 4.8304 1.6656 0.1529
vt 5.0590 1.6659 0.1685
vt 5.3073 1.6656 0.1865
vt 5.3181 1.4926 0.1846
vt 5.0680 1.4922 0.1666
vt 4.8376 1.4920 0.1511
vt 4.4851 1.6680 0.1298
vt 4.6394 1.6660 0.1393
vt 4.6444 1.4927 0.1377
vt 4.4898 1.4952 0.1281
vt 4.4364 7.7956 0.3099
vt 4.3917 7.8751 0.3206
vt 3.9858 7.8080 0.2906
vt 4.0399 7.7300 0.2806
vt 4.8395 7.8158 0.3396
vt 4.8044 7.8958 0.3510
vt 4.8784 7.7223 0.3267
vt 4.4865 7.7026 0.2978
vt 4.1011 7.6389 0.2694
vt 5.2422 7.7904 0.3693
vt 5.2166 7.8697 0.3814
vt 5.6215 7.7974 0.4112
vt 5.6376 7.7197 0.3984
vt 5.6544 7.6289 0.3839
vt 5.2699 7.6976 0.3556
vt 4.9170 7.6284 0.3140
vt 5.2973 7.6044 0.3420
vt 5.6707 7.5377 0.3695
vt 5.3205 7.5235 0.3303
vt 5.6842 7.4586 0.3571
vt 4.9500 7.5469 0.3030
vt 4.1619 7.5474 0.2583
vt 4.5363 7.6093 0.2859
vt 4.5792 7.5283 0.2757
vt 4.2145 7.4681 0.2488
vt 5.3778 1.7544 0.3148
vt 5.3627 1.7240 0.3142
vt 5.9810 1.7236 0.3601
vt 5.9940 1.7536 0.3606
vt 4.6431 1.7228 0.2611
vt 4.6602 1.7534 0.2617
vt 5.3967 1.8022 0.3158
vt 4.6812 1.8012 0.2628
vt 6.0093 1.8013 0.3615
vt 3.9551 1.7517 0.2097
vt 3.9377 1.7211 0.2092
vt 3.3615 1.7487 0.1663
vt 3.3473 1.7184 0.1660
vt 3.3784 1.7964 0.1669
vt 3.9756 1.7995 0.2107
vt 4.7043 1.8752 0.2642
vt 3.9972 1.8733 0.2118
vt 3.3949 1.8700 0.1675
vt 3.4080 1.9754 0.1680
vt 4.0169 1.9791 0.2128
vt 4.7263 1.9814 0.2655
vt 6.0259 1.8757 0.3626
vt 5.4176 1.8764 0.3171
vt 5.4377 1.9830 0.3184
vt 6.0413 1.9828 0.3636
vt 4.9685 5.8938 0.0262
vt 5.0159 5.5356 0.0153
vt 5.1548 5.5363 0.0248
vt 5.1069 5.8946 0.0357
vt 5.3132 5.5364 0.0360
vt 5.2648 5.8947 0.0468
vt 5.1759 5.1820 0.0195
vt 5.3347 5.1822 0.0308
vt 5.0366 5.1814 0.0100
vt 5.4705 5.5364 0.0473
vt 5.4216 5.8946 0.0581
vt 5.5538 5.8940 0.0682
vt 5.6030 5.5362 0.0575
vt 5.4924 5.1823 0.0422
vt 5.6253 5.1826 0.0524
vt 5.3339 4.8454 0.0305
vt 5.4917 4.8458 0.0420
vt 5.6248 4.8466 0.0523
vt 5.6057 4.5399 0.0562
vt 5.4730 4.5385 0.0457
vt 5.3155 4.5376 0.0341
vt 5.1749 4.8449 0.0191
vt 5.0355 4.8444 0.0095
vt 5.1567 4.5367 0.0227
vt 5.0176 4.5360 0.0129
vt 6.8369 4.5707 0.8333
vt 6.8420 4.8827 0.8345
vt 6.7050 4.8821 0.8440
vt 6.7005 4.5703 0.8430
vt 6.5462 4.8812 0.8548
vt 6.5426 4.5697 0.8539
vt 6.6942 5.2204 0.8419
vt 6.5345 5.2191 0.8524
vt 6.8321 5.2212 0.8325
vt 6.3873 4.8804 0.8653
vt 6.3844 4.5692 0.8646
vt 6.2492 4.8803 0.8740
vt 6.2470 4.5697 0.8734
vt 6.2359 5.2170 0.8713
vt 6.3747 5.2177 0.8628
vt 6.5023 5.5721 0.8456
vt 6.3415 5.5700 0.8558
vt 6.2020 5.5684 0.8642
vt 6.2837 5.9247 0.8437
vt 6.1436 5.9221 0.8519
vt 6.4450 5.9275 0.8336
vt 6.8014 5.5751 0.8261
vt 6.6628 5.5740 0.8353
vt 6.6062 5.9301 0.8234
vt 6.7455 5.9316 0.8144
vt 2.5637 7.1082 0.1857
vt 2.2892 6.8405 0.1654
vt 2.3828 6.7851 0.1583
vt 2.6509 7.0465 0.1781
vt 2.7508 6.9745 0.1698
vt 2.4902 6.7203 0.1506
vt 2.2700 6.4388 0.1343
vt 2.1562 6.4955 0.1416
vt 2.0572 6.5441 0.1482
vt 2.5977 6.6555 0.1429
vt 2.8508 6.9023 0.1616
vt 2.9379 6.8400 0.1547
vt 2.6915 6.5997 0.1365
vt 2.3839 6.3821 0.1272
vt 2.4832 6.3334 0.1212
vt 2.0937 6.1351 0.1213
vt 2.2127 6.0872 0.1145
vt 2.3165 6.0462 0.1088
vt 2.1928 5.7438 0.0997
vt 2.0858 5.7767 0.1051
vt 1.9630 5.8154 0.1116
vt 1.8715 6.2242 0.1345
vt 1.9748 6.1831 0.1282
vt 1.8404 5.8542 0.1182
vt 1.7338 5.8875 0.1243
vt 6.6606 6.2786 0.7965
vt 6.5211 6.2766 0.8055
vt 6.3595 6.2733 0.8156
vt 6.4073 6.6056 0.7815
vt 6.2457 6.6014 0.7916
vt 6.5469 6.6081 0.7725
vt 6.1979 6.2696 0.8256
vt 6.0576 6.2660 0.8338
vt 6.0841 6.5969 0.8016
vt 5.9440 6.5921 0.8098
vt 6.1046 6.9053 0.7618
vt 5.9432 6.8999 0.7718
vt 5.8035 6.8941 0.7801
vt 5.6382 7.1664 0.7452
vt 5.7773 7.1732 0.7367
vt 5.9381 7.1796 0.7266
vt 6.4054 6.9134 0.7426
vt 6.2659 6.9104 0.7516
vt 6.0990 7.1854 0.7163
vt 6.2382 7.1890 0.7072
vt 4.9958 2.5764 0.3986
vt 5.0446 2.4799 0.3958
vt 5.8003 2.4706 0.3399
vt 5.7598 2.5679 0.3419
vt 4.1015 2.5851 0.4647
vt 4.1581 2.4890 0.4613
vt 4.9525 2.7016 0.4016
vt 4.0231 2.7083 0.4703
vt 5.7276 2.6957 0.3439
vt 3.1312 2.4982 0.5371
vt 3.0438 2.5949 0.5428
vt 2.3438 2.5042 0.5951
vt 2.2805 2.6014 0.5988
vt 2.2093 2.7285 0.6036
vt 2.9471 2.7198 0.5496
vt 3.9131 2.8509 0.4783
vt 2.8581 2.8661 0.5561
vt 2.1333 2.8819 0.6090
vt 2.0488 3.0745 0.6153
vt 2.8311 3.0178 0.5581
vt 3.8340 2.9968 0.4841
vt 5.7190 2.8511 0.3444
vt 4.9168 2.8490 0.4042
vt 4.8647 3.0037 0.4080
vt 5.7713 3.0488 0.3407
vt 4.9874 4.2648 0.0195
vt 5.1258 4.2659 0.0293
vt 5.2837 4.2673 0.0410
vt 5.2403 4.0325 0.0505
vt 5.0835 4.0305 0.0388
vt 4.9462 4.0290 0.0288
vt 5.4403 4.2689 0.0527
vt 5.5722 4.2709 0.0633
vt 5.5266 4.0373 0.0730
vt 5.3958 4.0346 0.0623
vt 5.1862 3.8276 0.0624
vt 5.3406 3.8303 0.0743
vt 5.4703 3.8334 0.0851
vt 5.4041 3.6513 0.0993
vt 5.2752 3.6480 0.0884
vt 5.1217 3.6452 0.0765
vt 4.8943 3.8234 0.0406
vt 5.0306 3.8251 0.0506
vt 4.9670 3.6425 0.0647
vt 4.8313 3.6407 0.0547
vt 3.6210 2.5082 0.9875
vt 3.8587 2.1050 0.9724
vt 3.9951 2.1823 0.9721
vt 3.7573 2.5856 0.9870
vt 4.1513 2.2723 0.9714
vt 3.9136 2.6755 0.9861
vt 4.2203 1.8001 0.9516
vt 4.3767 1.8900 0.9511
vt 4.0837 1.7231 0.9519
vt 4.3069 2.3625 0.9706
vt 4.0693 2.7654 0.9852
vt 4.4394 2.4413 0.9696
vt 4.2022 2.8435 0.9841
vt 4.5322 1.9802 0.9505
vt 4.6645 2.0594 0.9498
vt 4.5856 1.5353 0.9257
vt 4.7412 1.6254 0.9253
vt 4.8733 1.7049 0.9247
vt 5.0619 1.3845 0.8947
vt 4.9300 1.3048 0.8951
vt 4.7743 1.2149 0.8954
vt 4.2922 1.3693 0.9261
vt 4.4291 1.4458 0.9260
vt 4.4291 7.4081 0.1807
vt 4.6175 7.1644 0.1407
vt 4.7743 7.1630 0.1519
vt 4.5861 7.4063 0.1918
vt 4.2922 7.4088 0.1712
vt 4.4804 7.1642 0.1312
vt 4.6447 6.8850 0.0962
vt 4.7821 6.8857 0.1057
vt 4.9390 6.8851 0.1168
vt 4.9199 6.5772 0.0763
vt 5.0771 6.5770 0.0874
vt 4.7823 6.5762 0.0668
vt 5.0949 6.8840 0.1281
vt 4.9300 7.1609 0.1631
vt 5.2268 6.8817 0.1381
vt 5.0619 7.1576 0.1731
vt 5.2331 6.5765 0.0986
vt 5.3650 6.5749 0.1086
vt 5.1861 6.2445 0.0640
vt 5.3424 6.2442 0.0752
vt 5.4744 6.2432 0.0853
vt 4.8906 6.2435 0.0434
vt 5.0286 6.2444 0.0528
vt 3.9864 1.6623 0.1238
vt 4.1121 1.5944 0.1205
vt 4.1093 1.7601 0.1217
vt 3.9851 1.8240 0.1246
vt 3.8409 1.8983 0.1287
vt 3.8403 1.7412 0.1285
vt 3.9836 2.0144 0.1252
vt 3.8413 2.0834 0.1289
vt 4.1083 1.9552 0.1223
vt 3.6938 1.9727 0.1337
vt 3.6912 1.8201 0.1341
vt 3.5601 2.0364 0.1396
vt 3.5588 1.8878 0.1397
vt 3.5642 2.2114 0.1388
vt 3.6961 2.1523 0.1334
vt 3.8438 2.2820 0.1285
vt 3.7003 2.3451 0.1326
vt 3.5702 2.3993 0.1376
vt 3.5800 2.5858 0.1355
vt 3.7087 2.5366 0.1308
vt 3.8508 2.4793 0.1270
vt 4.1105 2.1646 0.1220
vt 3.9850 2.2189 0.1251
vt 3.9931 2.4219 0.1234
vt 4.1173 2.3726 0.1207
vt 6.5913 2.9818 0.7787
vt 6.6005 3.1421 0.7818
vt 6.4728 3.1388 0.7935
vt 6.4632 2.9783 0.7906
vt 6.3277 3.1358 0.8074
vt 6.3177 2.9752 0.8047
vt 6.4960 3.3000 0.7990
vt 6.3512 3.2975 0.8127
vt 6.6233 3.3028 0.7873
vt 6.1846 3.1332 0.8215
vt 6.1743 2.9727 0.8192
vt 6.0476 2.9718 0.8308
vt 6.0588 3.1320 0.8330
vt 6.2086 3.2953 0.8269
vt 6.0846 3.2945 0.8386
vt 6.3966 3.4645 0.8226
vt 6.2543 3.4629 0.8367
vt 6.1316 3.4627 0.8487
vt 6.3215 3.6405 0.8510
vt 6.1974 3.6408 0.8627
vt 6.4636 3.6415 0.8369
vt 6.6679 3.4685 0.7971
vt 6.5410 3.4664 0.8088
vt 6.6079 3.6428 0.8231
vt 6.7345 3.6443 0.8114
vt 6.4343 1.0411 0.7778
vt 6.6105 1.0586 0.7623
vt 6.6139 1.1537 0.7714
vt 6.4572 1.1388 0.7842
vt 6.2525 1.1317 0.7991
vt 6.2250 1.0330 0.7930
vt 6.4680 1.2296 0.7890
vt 6.2693 1.2253 0.8037
vt 6.6182 1.2378 0.7765
vt 5.9897 1.0289 0.8105
vt 6.0190 1.1281 0.8166
vt 5.7372 1.0270 0.8294
vt 5.7666 1.1263 0.8355
vt 6.0384 1.2230 0.8210
vt 5.7863 1.2215 0.8398
vt 6.2815 1.3304 0.8071
vt 6.0524 1.3290 0.8243
vt 5.8002 1.3277 0.8429
vt 6.0652 1.4611 0.8271
vt 5.8128 1.4598 0.8456
vt 6.2936 1.4621 0.8099
vt 6.6251 1.3373 0.7800
vt 6.4766 1.3327 0.7924
vt 6.4865 1.4634 0.7951
vt 6.6353 1.4664 0.7830
vt 6.6476 1.6338 0.7857
vt 6.4996 1.6315 0.7978
vt 6.3082 1.6307 0.8128
vt 6.5144 1.8287 0.8006
vt 6.3247 1.8287 0.8158
vt 6.6601 1.8306 0.7881
vt 6.0806 1.6301 0.8301
vt 5.8279 1.6283 0.8485
vt 6.0983 1.8291 0.8332
vt 5.8458 1.8258 0.8516
vt 6.3414 2.0429 0.8185
vt 6.1179 2.0460 0.8360
vt 5.8649 2.0409 0.8545
vt 6.1447 2.2634 0.8370
vt 5.8815 2.2815 0.8557
vt 6.3582 2.2567 0.8201
vt 6.6627 2.0432 0.7885
vt 6.5285 2.0416 0.8032
vt 6.5195 2.2549 0.8009
vt 6.6513 2.2563 0.7863
vt 5.3420 1.3285 0.3719
vt 5.3257 1.2499 0.3831
vt 6.0547 1.2527 0.4374
vt 6.0506 1.3312 0.4245
vt 4.5217 1.2478 0.3232
vt 4.5544 1.3265 0.3134
vt 5.3525 1.4177 0.3582
vt 4.5835 1.4157 0.3012
vt 6.0377 1.4203 0.4090
vt 3.7656 1.3251 0.2548
vt 3.7148 1.2464 0.2632
vt 3.0894 1.3248 0.2046
vt 3.0227 1.2461 0.2117
vt 3.1546 1.4141 0.1954
vt 3.8143 1.4144 0.2442
vt 4.6049 1.5046 0.2885
vt 3.8544 1.5033 0.2331
vt 3.2099 1.5029 0.1854
vt 3.8839 1.5800 0.2231
vt 3.2526 1.5794 0.1766
vt 4.6190 1.5815 0.2773
vt 6.0180 1.5090 0.3930
vt 5.3555 1.5066 0.3440
vt 5.3537 1.5833 0.3315
vt 5.9965 1.5854 0.3789
vt 3.5936 7.6952 0.2617
vt 3.6568 7.6199 0.2524
vt 3.7286 7.5318 0.2420
vt 3.2935 7.4674 0.2256
vt 3.3755 7.3836 0.2159
vt 3.2217 7.5391 0.2342
vt 3.8002 7.4435 0.2316
vt 3.8622 7.3669 0.2228
vt 3.4573 7.2996 0.2063
vt 3.5284 7.2268 0.1982
vt 3.0477 7.1967 0.1917
vt 3.1390 7.1181 0.1829
vt 3.2185 7.0502 0.1754
vt 2.8764 7.3423 0.2087
vt 2.9563 7.2752 0.2007
vt 6.7920 3.8359 0.8236
vt 6.6561 3.8349 0.8334
vt 6.4988 3.8342 0.8444
vt 6.6698 4.0497 0.8363
vt 6.5126 4.0492 0.8474
vt 6.8056 4.0503 0.8265
vt 6.3411 3.8337 0.8553
vt 6.2038 3.8345 0.8641
vt 6.3551 4.0489 0.8583
vt 6.2181 4.0498 0.8672
vt 6.5293 4.2928 0.8510
vt 6.3716 4.2926 0.8618
vt 6.2346 4.2933 0.8707
vt 6.8226 4.2938 0.8302
vt 6.6867 4.2933 0.8400
vt 4.1302 2.5660 0.1180
vt 4.0069 2.6107 0.1205
vt 3.8649 2.6627 0.1241
vt 4.0249 2.7834 0.1167
vt 3.8837 2.8304 0.1201
vt 4.1475 2.7430 0.1143
vt 3.7227 2.7146 0.1278
vt 3.5951 2.7592 0.1323
vt 3.7406 2.8775 0.1240
vt 3.6140 2.9179 0.1283
vt 3.9037 2.9842 0.1158
vt 3.7611 3.0267 0.1197
vt 3.6343 3.0634 0.1240
vt 3.7799 3.1665 0.1157
vt 3.6533 3.1996 0.1199
vt 3.9218 3.1282 0.1120
vt 4.1664 2.9052 0.1103
vt 4.0443 2.9417 0.1126
vt 4.0620 3.0899 0.1088
vt 4.1838 3.0570 0.1066
vt 2.1036 2.3827 0.1322
vt 1.9943 2.3311 0.1376
vt 1.9895 2.1250 0.1370
vt 2.0905 2.1816 0.1310
vt 2.2057 2.2475 0.1244
vt 2.2254 2.4427 0.1260
vt 2.0890 1.9813 0.1309
vt 2.2030 2.0531 0.1242
vt 1.9813 1.9195 0.1364
vt 2.3292 2.3135 0.1185
vt 2.3424 2.5027 0.1196
vt 2.4412 2.3702 0.1139
vt 2.4495 2.5543 0.1146
vt 2.4308 2.1867 0.1132
vt 2.3125 2.1249 0.1173
vt 2.2044 1.8734 0.1245
vt 2.3160 1.9506 0.1178
vt 2.4157 2.0168 0.1123
vt 2.4193 1.8731 0.1129
vt 2.3174 1.8031 0.1182
vt 2.2011 1.7215 0.1245
vt 1.9873 1.7298 0.1370
vt 2.0834 1.7961 0.1307
vt 2.0935 1.6399 0.1315
vt 1.9937 1.5696 0.1376
vt 1.7780 3.6732 0.1271
vt 1.8915 3.5038 0.1353
vt 1.9926 3.5271 0.1287
vt 1.8793 3.6924 0.1206
vt 2.1057 3.5542 0.1213
vt 1.9928 3.7148 0.1133
vt 2.0740 3.3713 0.1344
vt 2.1884 3.4027 0.1270
vt 1.9717 3.3442 0.1409
vt 2.1039 3.7373 0.1059
vt 2.2163 3.5813 0.1138
vt 2.3119 3.6053 0.1075
vt 2.1994 3.7573 0.0996
vt 2.3002 3.4342 0.1195
vt 2.3979 3.4618 0.1133
vt 2.2417 3.2557 0.1304
vt 2.3560 3.2915 0.1231
vt 2.4578 3.3226 0.1172
vt 2.4917 3.1835 0.1191
vt 2.3850 3.1488 0.1246
vt 2.2673 3.1088 0.1316
vt 2.1248 3.2200 0.1376
vt 2.0199 3.1893 0.1439
vt 2.1469 3.0688 0.1385
vt 2.0386 3.0344 0.1445
vt 6.0479 7.4300 0.6670
vt 5.9091 7.4259 0.6761
vt 5.7488 7.4194 0.6865
vt 2.2512 5.4922 0.9274
vt 2.0909 5.4091 0.9282
vt 2.3005 5.0543 0.9535
vt 2.4602 5.1385 0.9526
vt 1.9521 5.3360 0.9287
vt 2.1621 4.9805 0.9541
vt 5.5886 7.4122 0.6968
vt 5.4502 7.4044 0.7054
vt 2.5498 5.6434 0.9256
vt 2.4114 5.5746 0.9265
vt 2.6197 5.2221 0.9516
vt 2.7572 5.2924 0.9506
vt 2.6852 4.7575 0.9726
vt 2.8439 4.8424 0.9715
vt 2.9805 4.9142 0.9704
vt 3.2161 4.5151 0.9847
vt 3.0804 4.4418 0.9859
vt 2.9224 4.3557 0.9870
vt 2.3882 4.5976 0.9742
vt 2.5261 4.6722 0.9736
vt 2.7641 4.2692 0.9880
vt 2.6266 4.1938 0.9887
vt 3.5111 3.0030 0.9961
vt 3.3747 2.9258 0.9967
vt 3.1240 3.3508 1.0000
vt 3.2607 3.4275 0.9994
vt 3.6677 3.0925 0.9952
vt 3.4178 3.5162 0.9984
vt 3.0103 3.8520 0.9967
vt 2.8732 3.7758 0.9973
vt 3.1680 3.9396 0.9957
vt 3.5743 3.6047 0.9973
vt 3.3252 4.0270 0.9945
vt 3.4600 4.1017 0.9933
vt 3.7084 3.6807 0.9960
vt 3.8238 3.1818 0.9941
vt 3.9572 3.2590 0.9929
vt 3.9992 7.0182 0.1231
vt 4.1211 7.0792 0.1210
vt 3.9392 7.3174 0.1596
vt 3.8215 7.2508 0.1608
vt 3.6878 7.1731 0.1624
vt 3.8605 6.9470 0.1258
vt 3.6247 7.4474 0.2025
vt 3.4965 7.3642 0.2030
vt 3.7376 7.5186 0.2023
vt 3.7222 6.8757 0.1286
vt 3.5545 7.0952 0.1642
vt 3.4396 7.0278 0.1658
vt 3.6028 6.8140 0.1312
vt 3.3687 7.2808 0.2036
vt 3.2587 7.2085 0.2042
vt 3.2898 7.5170 0.2469
vt 3.1681 7.4291 0.2462
vt 3.0634 7.3529 0.2457
vt 6.0307 7.4291 0.3960
vt 6.0348 7.3529 0.3829
vt 6.0250 7.5170 0.4112
vt 3.4121 7.6046 0.2476
vt 3.5199 7.6796 0.2485
vt 6.0188 7.6046 0.4265
vt 3.1873 7.7197 0.2953
vt 3.2898 7.7974 0.2973
vt 1.6442 5.5417 0.1176
vt 1.7529 5.5166 0.1117
vt 1.8779 5.4872 0.1053
vt 1.7063 5.1816 0.1082
vt 1.8327 5.1617 0.1019
vt 1.5965 5.1986 0.1140
vt 2.0031 5.4580 0.0990
vt 2.1123 5.4334 0.0937
vt 1.9591 5.1419 0.0957
vt 2.0695 5.1255 0.0906
vt 1.8197 4.8504 0.1009
vt 1.9465 4.8397 0.0948
vt 2.0573 4.8312 0.0896
vt 1.9566 4.5614 0.0955
vt 2.0672 4.5602 0.0903
vt 1.8300 4.5638 0.1016
vt 1.5828 4.8706 0.1130
vt 1.6930 4.8613 0.1072
vt 1.7035 4.5663 0.1079
vt 1.5935 4.5684 0.1137
vt 4.5177 6.1862 0.0361
vt 4.3869 6.1460 0.0402
vt 4.2378 6.0990 0.0453
vt 4.2843 6.4608 0.0623
vt 4.1378 6.4051 0.0667
vt 4.4129 6.5085 0.0587
vt 4.0890 6.0521 0.0504
vt 3.9604 6.0118 0.0551
vt 3.9917 6.3493 0.0713
vt 3.8654 6.3014 0.0754
vt 4.0113 6.6894 0.0937
vt 3.8687 6.6255 0.0975
vt 3.7455 6.5704 0.1009
vt 4.2799 6.8080 0.0872
vt 4.1543 6.7533 0.0901
vt 1.7284 4.3047 0.1097
vt 1.6188 4.3004 0.1155
vt 1.8543 4.3096 0.1034
vt 1.7576 4.0749 0.1118
vt 1.8832 4.0864 0.1055
vt 1.6483 4.0650 0.1177
vt 1.9804 4.3147 0.0972
vt 2.0907 4.3199 0.0920
vt 2.0090 4.0981 0.0992
vt 2.1192 4.1089 0.0941
vt 1.9076 3.8901 0.1072
vt 2.0338 3.9075 0.1009
vt 2.1446 3.9233 0.0958
vt 1.6720 3.8579 0.1193
vt 1.7816 3.8728 0.1135
vt 4.2124 3.2038 0.1005
vt 4.0886 3.2331 0.1031
vt 3.9476 3.2673 0.1065
vt 4.1819 3.3767 0.0833
vt 4.0385 3.4069 0.0871
vt 4.3079 3.3508 0.0802
vt 3.8066 3.3016 0.1100
vt 3.6818 3.3314 0.1139
vt 3.8950 3.4371 0.0912
vt 3.7693 3.4635 0.0953
vt 4.1185 3.5508 0.0700
vt 3.9731 3.5769 0.0745
vt 3.8464 3.5999 0.0789
vt 4.2641 3.5248 0.0656
vt 4.3918 3.5024 0.0621
vt 3.9657 1.3703 0.1251
vt 4.0949 1.2938 0.1201
vt 4.1061 1.3271 0.1188
vt 3.9772 1.4023 0.1234
vt 3.8287 1.4889 0.1292
vt 3.8187 1.4579 0.1308
vt 3.9824 1.4560 0.1231
vt 3.8331 1.5409 0.1289
vt 4.1107 1.3826 0.1189
vt 3.6710 1.5452 0.1368
vt 3.6815 1.5753 0.1349
vt 3.5471 1.6493 0.1416
vt 3.5367 1.6200 0.1436
vt 3.5524 1.6985 0.1407
vt 3.6862 1.6258 0.1344
vt 3.8375 1.6229 0.1286
vt 3.6890 1.7053 0.1342
vt 3.5563 1.7760 0.1401
vt 4.1125 1.4695 0.1196
vt 3.9854 1.5405 0.1233
vt 2.1430 2.9132 0.1373
vt 2.0442 2.8750 0.1440
vt 2.2670 2.9577 0.1308
vt 2.1400 2.7490 0.1362
vt 2.2521 2.7982 0.1290
vt 2.0381 2.7068 0.1425
vt 2.3887 3.0022 0.1243
vt 2.5004 3.0406 0.1192
vt 2.4887 2.8899 0.1180
vt 2.3720 2.8474 0.1225
vt 2.2418 2.6269 0.1276
vt 2.3542 2.6813 0.1207
vt 2.4621 2.7281 0.1157
vt 2.0195 2.5258 0.1401
vt 2.1256 2.5726 0.1343
vt 4.1678 3.0998 0.2236
vt 4.1968 3.2222 0.2259
vt 3.4201 3.2695 0.1686
vt 3.4892 3.1071 0.1736
vt 4.9534 3.0966 0.2819
vt 4.9962 3.2106 0.2852
vt 4.1514 2.9591 0.2223
vt 4.9070 2.9612 0.2784
vt 3.5020 2.9576 0.1744
vt 5.7671 3.2256 0.3425
vt 5.7285 3.1061 0.3396
vt 6.4338 3.2747 0.3924
vt 6.3292 3.1188 0.3847
vt 5.6606 2.9675 0.3345
vt 6.2551 2.9731 0.3792
vt 4.8621 2.8099 0.2751
vt 5.5945 2.8149 0.3296
vt 6.1958 2.8184 0.3748
vt 5.5440 2.6486 0.3259
vt 6.1468 2.6513 0.3712
vt 4.8151 2.6440 0.2716
vt 3.4884 2.8011 0.1733
vt 4.1214 2.8055 0.2200
vt 4.0810 2.6391 0.2170
vt 3.4611 2.6338 0.1713
vt 5.5493 1.4572 0.8641
vt 5.5635 1.6242 0.8668
vt 5.3043 1.6176 0.8841
vt 5.2906 1.4515 0.8817
vt 5.5804 1.8160 0.8698
vt 5.3212 1.8044 0.8866
vt 5.0514 1.4404 0.8973
vt 5.0684 1.6098 0.8990
vt 4.8772 1.6084 0.9107
vt 4.8283 1.4172 0.9098
vt 4.9012 1.7971 0.9119
vt 5.0888 1.7971 0.9010
vt 5.3347 1.9886 0.8891
vt 5.1031 1.9766 0.9030
vt 4.9073 1.9752 0.9117
vt 5.0968 2.1258 0.9019
vt 4.8939 2.1235 0.9087
vt 5.3337 2.1411 0.8904
vt 5.5954 2.0137 0.8726
vt 5.5898 2.1791 0.8746
vt 2.1273 4.1310 0.6100
vt 1.9675 4.0952 0.6219
vt 2.1379 3.9230 0.6093
vt 2.3038 3.9599 0.5970
vt 1.9781 4.3221 0.6210
vt 1.8243 4.2879 0.6325
vt 2.2350 4.1552 0.6018
vt 2.0817 4.3454 0.6131
vt 2.4155 3.9849 0.5884
vt 1.7083 4.5003 0.6411
vt 1.8570 4.5317 0.6300
vt 1.7662 4.7577 0.6367
vt 1.6216 4.7314 0.6475
vt 1.9572 4.5531 0.6223
vt 1.8637 4.7756 0.6293
vt 2.1426 4.3596 0.6079
vt 2.0160 4.5661 0.6173
vt 1.9209 4.7865 0.6243
vt 2.0440 4.5733 0.6135
vt 1.9483 4.7926 0.6206
vt 2.1717 4.3675 0.6040
vt 2.4814 4.0001 0.5829
vt 2.2985 4.1700 0.5964
vt 2.3289 4.1782 0.5924
vt 2.5132 4.0086 0.5788
vt 5.4672 6.7256 0.3641
vt 5.6674 6.5402 0.3494
vt 5.7489 6.5822 0.3434
vt 5.5393 6.7780 0.3589
vt 5.8383 6.3336 0.3367
vt 5.9277 6.3643 0.3302
vt 5.6113 6.5116 0.3532
vt 5.7768 6.3127 0.3410
vt 5.4174 6.6899 0.3675
vt 6.0729 6.1279 0.3195
vt 5.9771 6.1094 0.3264
vt 6.1825 5.8773 0.3114
vt 6.0817 5.8717 0.3187
vt 5.9112 6.0969 0.3310
vt 6.0125 5.8678 0.3235
vt 5.7377 6.3001 0.3431
vt 5.8695 6.0893 0.3334
vt 5.9687 5.8654 0.3260
vt 5.8418 6.0850 0.3337
vt 5.9398 5.8640 0.3264
vt 5.7114 6.2930 0.3433
vt 5.3855 6.6683 0.3692
vt 5.5754 6.4942 0.3551
vt 5.5510 6.4846 0.3552
vt 5.3632 6.6563 0.3691
vt 1.7448 5.7497 0.6385
vt 1.8307 5.9936 0.6322
vt 1.7060 6.0239 0.6415
vt 1.6140 5.7672 0.6482
vt 1.9524 6.2258 0.6233
vt 1.8356 6.2681 0.6320
vt 1.9147 5.9730 0.6257
vt 2.0310 6.1971 0.6172
vt 1.8329 5.7378 0.6317
vt 2.0007 6.4953 0.6198
vt 2.1079 6.4421 0.6118
vt 2.2947 6.6386 0.5981
vt 2.1987 6.7012 0.6053
vt 2.1800 6.4060 0.6062
vt 2.3591 6.5961 0.5930
vt 2.0768 6.1797 0.6131
vt 2.2218 6.3842 0.6024
vt 2.3963 6.5704 0.5896
vt 3.2833 6.5704 0.2995
vt 3.1806 6.3842 0.2777
vt 3.2055 6.3721 0.2801
vt 3.3067 6.5561 0.3016
vt 3.0953 6.1797 0.2596
vt 3.1215 6.1702 0.2622
vt 1.8845 5.7306 0.6272
vt 1.9637 5.9606 0.6214
vt 3.0289 5.9606 0.2455
vt 3.0561 5.9538 0.2483
vt 2.9825 5.7306 0.2356
vt 3.0105 5.7267 0.2386
vt 6.1505 5.6246 0.3136
vt 6.2551 5.6175 0.3060
vt 6.1837 5.3735 0.3111
vt 6.2913 5.3542 0.3032
vt 6.0788 5.6295 0.3186
vt 6.1098 5.3865 0.3162
vt 6.2925 5.0939 0.3031
vt 6.1817 5.1236 0.3112
vt 6.1460 4.8802 0.3138
vt 6.2608 4.8424 0.3054
vt 6.0673 4.9059 0.3193
vt 6.1057 5.1438 0.3165
vt 6.0632 5.3944 0.3190
vt 6.0578 5.1560 0.3193
vt 6.0178 4.9214 0.3222
vt 6.0267 5.1627 0.3199
vt 5.9857 4.9299 0.3229
vt 6.0327 5.3987 0.3195
vt 6.0334 5.6324 0.3212
vt 6.0037 5.6339 0.3216
vt 5.7114 4.0440 0.3457
vt 5.5384 3.8811 0.3584
vt 5.7082 3.8309 0.3460
vt 5.8661 3.9951 0.3344
vt 5.3323 3.7416 0.3736
vt 5.5110 3.6898 0.3605
vt 5.4228 3.9151 0.3666
vt 5.2114 3.7764 0.3822
vt 5.6057 4.0771 0.3532
vt 5.2522 3.5747 0.3796
vt 5.0845 3.6281 0.3918
vt 4.7160 3.5436 0.4190
vt 4.8593 3.4893 0.4085
vt 4.9682 3.6637 0.4001
vt 4.6233 3.5796 0.4256
vt 5.1364 3.7975 0.3870
vt 4.8963 3.6852 0.4047
vt 4.5668 3.6012 0.4290
vt 4.5313 3.6132 0.4299
vt 4.8518 3.6971 0.4063
vt 5.0903 3.8091 0.3887
vt 5.5399 4.0972 0.3573
vt 5.3510 3.9356 0.3712
vt 5.3066 3.9470 0.3728
vt 5.4988 4.1083 0.3586
vt 2.1007 1.5226 0.1321
vt 2.0074 1.4495 0.1385
vt 2.2043 1.6075 0.1249
vt 2.1059 1.4417 0.1324
vt 2.2094 1.5285 0.1253
vt 2.0205 1.3665 0.1391
vt 2.3136 1.6922 0.1182
vt 2.4172 1.7648 0.1132
vt 2.3070 1.6152 0.1180
vt 2.4110 1.6894 0.1132
vt 2.2146 1.4784 0.1258
vt 2.3039 1.5660 0.1180
vt 2.4052 1.6411 0.1132
vt 2.4116 1.6120 0.1141
vt 2.3165 1.5365 0.1192
vt 2.2313 1.4484 0.1270
vt 2.0344 1.3137 0.1397
vt 2.1137 1.3903 0.1328
vt 2.1349 1.3597 0.1341
vt 2.0601 1.2821 0.1411
vt 4.6787 0.9426 0.1234
vt 4.6535 1.0594 0.1280
vt 4.4612 1.0750 0.1171
vt 4.5166 0.9436 0.1128
vt 4.8943 0.9388 0.1353
vt 4.8702 1.0528 0.1405
vt 4.6762 0.8255 0.1171
vt 4.9059 0.8242 0.1287
vt 4.4903 0.8253 0.1086
vt 5.1086 1.0500 0.1563
vt 5.1334 0.9367 0.1511
vt 5.3868 0.9360 0.1693
vt 5.3615 1.0493 0.1743
vt 5.1584 0.8232 0.1446
vt 5.4237 0.8228 0.1635
vt 6.0542 2.1248 0.3644
vt 5.4544 2.1244 0.3195
vt 4.7444 2.1221 0.2666
vt 5.4685 2.2910 0.3204
vt 4.7588 2.2878 0.2675
vt 6.0818 2.2923 0.3664
vt 4.0316 2.1191 0.2137
vt 3.4151 2.1149 0.1682
vt 3.4174 2.2792 0.1682
vt 4.0419 2.2840 0.2142
vt 4.7723 2.4662 0.2685
vt 4.0505 2.4616 0.2148
vt 3.4288 2.4564 0.1689
vt 6.1092 2.4723 0.3684
vt 5.5035 2.4702 0.3229
vt 4.7569 3.4736 0.0710
vt 4.8923 3.4751 0.0809
vt 5.0468 3.4775 0.0927
vt 4.8060 3.3172 0.0995
vt 4.9606 3.3191 0.1111
vt 4.6706 3.3162 0.0896
vt 5.1999 3.4802 0.1046
vt 5.3281 3.4833 0.1155
vt 5.1138 3.3212 0.1230
vt 5.2413 3.3239 0.1340
vt 4.8628 3.1649 0.1320
vt 5.0162 3.1663 0.1438
vt 5.1426 3.1685 0.1550
vt 4.5723 3.1634 0.1106
vt 4.7079 3.1637 0.1204
vt 5.5326 2.0608 0.2101
vt 5.5253 2.2290 0.2140
vt 5.7760 2.0367 0.2290
vt 5.7615 2.1912 0.2324
vt 5.5476 1.8594 0.2080
vt 5.7926 1.8496 0.2269
vt 5.9899 2.0257 0.2456
vt 5.9699 2.1762 0.2487
vt 6.1560 2.0253 0.2599
vt 6.1344 2.1742 0.2625
vt 6.1802 1.8457 0.2583
vt 6.0113 1.8441 0.2437
vt 5.8102 1.6593 0.2253
vt 6.0363 1.6541 0.2424
vt 6.2126 1.6552 0.2574
vt 6.2588 1.4612 0.2589
vt 6.0562 1.4813 0.2412
vt 5.8243 1.4893 0.2237
vt 5.5629 1.6634 0.2060
vt 5.5754 1.4923 0.2040
vt 6.6379 2.4571 0.7843
vt 6.5067 2.4551 0.7979
vt 6.3507 2.4558 0.8153
vt 6.3355 2.6397 0.8092
vt 6.4845 2.6408 0.7933
vt 6.6134 2.6436 0.7804
vt 6.1860 2.4609 0.8350
vt 6.0175 2.4773 0.8452
vt 6.0462 2.6470 0.8374
vt 6.1852 2.6410 0.8260
vt 1.3918 2.6410 0.2268
vt 1.3203 2.4609 0.2268
vt 1.4775 2.4558 0.2062
vt 1.5313 2.6386 0.2087
vt 6.3220 2.8114 0.8054
vt 6.1772 2.8101 0.8206
vt 6.0488 2.8109 0.8324
vt 6.5964 2.8172 0.7783
vt 6.4681 2.8138 0.7906
vt 4.4917 1.3614 0.1263
vt 4.6468 1.3575 0.1362
vt 4.8428 1.3561 0.1494
vt 4.6467 1.2510 0.1343
vt 4.8475 1.2479 0.1473
vt 4.4900 1.2582 0.1242
vt 5.0748 1.3560 0.1649
vt 5.3261 1.3566 0.1828
vt 5.0817 1.2470 0.1629
vt 5.3339 1.2473 0.1808
vt 4.8547 1.1523 0.1445
vt 5.0918 1.1502 0.1601
vt 5.3447 1.1499 0.1781
vt 4.6457 1.1580 0.1316
vt 4.4829 1.1715 0.1213
vt 3.3123 1.4433 0.7396
vt 4.0848 1.4329 0.6823
vt 4.1696 1.5113 0.6882
vt 3.4020 1.5212 0.7452
vt 3.5124 1.6111 0.7511
vt 4.2753 1.6019 0.6946
vt 5.1327 1.5950 0.6310
vt 5.0277 1.5038 0.6245
vt 4.9438 1.4247 0.6184
vt 4.3867 1.6927 0.7005
vt 3.6279 1.7012 0.7566
vt 3.7310 1.7810 0.7611
vt 4.4855 1.7736 0.7053
vt 5.2437 1.6866 0.6371
vt 5.3430 1.7681 0.6420
vt 5.9791 1.5896 0.5683
vt 6.0925 1.6818 0.5743
vt 6.1935 1.7638 0.5791
vt 6.9284 1.7627 0.5248
vt 6.8270 1.6807 0.5199
vt 6.7113 1.5880 0.5140
vt 5.7854 1.4180 0.5558
vt 5.8715 1.4976 0.5618
vt 6.6009 1.4956 0.5076
vt 6.5121 1.4155 0.5017
vt 6.3664 2.2274 0.5843
vt 6.3524 2.0801 0.5849
vt 7.0829 2.0742 0.5307
vt 7.0960 2.2204 0.5301
vt 5.4968 2.0854 0.6481
vt 5.4847 2.2335 0.6493
vt 6.3524 2.3973 0.5854
vt 5.4759 2.4041 0.6501
vt 7.0958 2.3895 0.5302
vt 4.6088 2.2388 0.7139
vt 4.6117 2.0902 0.7133
vt 3.8737 2.2414 0.7677
vt 3.8753 2.0928 0.7673
vt 4.6088 2.4101 0.7139
vt 3.8687 2.4133 0.7682
vt 5.4726 2.5740 0.6503
vt 4.6103 2.5807 0.7138
vt 3.8686 2.5845 0.7681
vt 3.8688 2.7293 0.7678
vt 4.5992 2.7251 0.7143
vt 5.4713 2.7178 0.6500
vt 7.0890 2.5579 0.5306
vt 6.3449 2.5664 0.5859
vt 6.3404 2.7095 0.5859
vt 7.0843 2.7004 0.5307
vt 0.3685 1.8361 0.4313
vt 0.3800 1.6921 0.4321
vt 0.4866 1.6114 0.4270
vt 0.4730 1.7558 0.4260
vt 0.2581 1.7849 0.4377
vt 0.2447 1.9288 0.4368
vt 0.3654 2.0042 0.4312
vt 0.2401 2.0967 0.4366
vt 0.4718 1.9243 0.4260
vt 0.1206 2.0213 0.4421
vt 0.1353 1.8775 0.4432
vt 0.0419 1.9570 0.4487
vt 0.0266 2.1006 0.4476
vt 0.0212 2.2684 0.4473
vt 0.1148 2.1891 0.4418
vt 0.2461 2.2647 0.4372
vt 0.1211 2.3570 0.4424
vt 0.0267 2.4362 0.4478
vt 0.1372 2.5010 0.4436
vt 0.0403 2.5798 0.4488
vt 0.2639 2.4088 0.4386
vt 0.3714 2.1723 0.4318
vt 0.4779 2.0927 0.4266
vt 0.3907 2.3165 0.4334
vt 0.4989 2.2371 0.4283
vt 2.4762 2.2208 0.8103
vt 2.4981 2.3662 0.8080
vt 2.3910 2.2875 0.8023
vt 2.3699 2.1424 0.8048
vt 2.6184 2.4577 0.8142
vt 2.5943 2.3119 0.8165
vt 2.5787 2.1416 0.8183
vt 2.4606 2.0511 0.8123
vt 2.3581 1.9730 0.8068
vt 2.7162 2.4028 0.8223
vt 2.7404 2.5492 0.8202
vt 2.8562 2.6271 0.8244
vt 2.8330 2.4807 0.8264
vt 2.7008 2.2319 0.8239
vt 2.8179 2.3092 0.8277
vt 2.5677 1.9713 0.8198
vt 2.6902 2.0609 0.8251
vt 2.8078 2.1377 0.8287
vt 2.8111 1.9908 0.8287
vt 2.6935 1.9143 0.8252
vt 2.5701 1.8251 0.8202
vt 2.3481 1.8033 0.8086
vt 2.4491 1.8814 0.8141
vt 2.4506 1.7357 0.8147
vt 2.3491 1.6578 0.8096
vt 5.5838 1.3570 0.2021
vt 5.8315 1.3553 0.2217
vt 5.8360 1.2476 0.2194
vt 5.5911 1.2479 0.2001
vt 6.0579 1.3491 0.2388
vt 6.2307 1.3333 0.2542
vt 6.0567 1.2451 0.2360
vt 6.2231 1.2389 0.2509
vt 5.8443 1.1506 0.2165
vt 6.0622 1.1502 0.2328
vt 6.2269 1.1485 0.2474
vt 6.2405 1.0496 0.2431
vt 6.0756 1.0499 0.2289
vt 5.8587 1.0497 0.2128
vt 5.6015 1.1503 0.1973
vt 5.6175 1.0494 0.1936
vt 5.6496 1.1187 0.5466
vt 5.6294 1.0288 0.5478
vt 6.3543 1.0251 0.4936
vt 6.3752 1.1148 0.4922
vt 4.8061 1.1236 0.6091
vt 4.7863 1.0331 0.6103
vt 4.8205 1.1917 0.6084
vt 5.6634 1.1861 0.5458
vt 6.3889 1.1820 0.4914
vt 3.9711 1.1287 0.6708
vt 3.9519 1.0376 0.6718
vt 3.1826 1.1337 0.7284
vt 3.1761 1.0418 0.7284
vt 3.1887 1.2039 0.7286
vt 3.9855 1.1976 0.6702
vt 4.8288 1.2398 0.6082
vt 3.9885 1.2467 0.6705
vt 3.1922 1.2543 0.7291
vt 3.1951 1.2901 0.7298
vt 3.9846 1.2812 0.6716
vt 4.8341 1.2734 0.6085
vt 6.3953 1.2295 0.4912
vt 5.6707 1.2336 0.5456
vt 5.6748 1.2666 0.5459
vt 6.3986 1.2628 0.4916
vt 3.0870 6.0630 0.2922
vt 2.9200 5.9774 0.2926
vt 3.3622 5.2321 0.2937
vt 3.5283 5.3172 0.2934
vt 3.2969 6.1390 0.2920
vt 3.7332 5.3981 0.2933
vt 4.2447 4.5267 0.2944
vt 4.0415 4.4456 0.2945
vt 3.8771 4.3595 0.2948
vt 3.9578 5.4467 0.2934
vt 3.5238 6.1868 0.2920
vt 4.1470 5.4977 0.2936
vt 3.7149 6.2373 0.2923
vt 4.4663 4.5778 0.2945
vt 4.6530 4.6310 0.2948
vt 5.0039 3.6589 0.2956
vt 4.8093 3.5638 0.2955
vt 5.1767 3.7340 0.2958
vt 5.4735 2.8550 0.2961
vt 5.6362 2.9468 0.2963
vt 5.2856 2.7492 0.2961
vt 4.6161 3.4677 0.2956
vt 4.4530 3.3812 0.2960
vt 5.0982 2.6434 0.2963
vt 4.9357 2.5570 0.2968
vt 5.0614 6.1390 0.0726
vt 4.6104 6.0898 0.0884
vt 5.0170 5.4712 0.0888
vt 5.4481 5.6105 0.0730
vt 5.4581 4.7494 0.0892
vt 5.8389 4.9966 0.0734
vt 4.5941 5.5611 0.1007
vt 5.0737 4.7580 0.1012
vt 4.1706 6.2497 0.1003
vt 6.1955 4.3626 0.0737
vt 5.8809 4.0167 0.0897
vt 6.2300 3.3642 0.0900
vt 6.4792 3.7731 0.0741
vt 5.5425 3.9574 0.1017
vt 5.9371 3.2629 0.1021
vt 3.9574 0.8133 0.6928
vt 4.7580 0.8095 0.6342
vt 4.7676 0.9226 0.6142
vt 3.9384 0.9266 0.6753
vt 3.2629 0.8165 0.7421
vt 3.1889 0.9303 0.7297
vt 6.2497 0.8026 0.5213
vt 6.3241 0.9152 0.4982
vt 5.6051 0.9186 0.5522
vt 5.5611 0.8058 0.5743
vt 5.6475 0.5753 0.8100
vt 5.6255 0.7033 0.8060
vt 5.3215 0.7028 0.8270
vt 5.2987 0.5751 0.8330
vt 5.0176 0.7026 0.8449
vt 4.9404 0.5751 0.8510
vt 5.1230 0.7990 0.8512
vt 5.3848 0.7994 0.8326
vt 5.6565 0.8001 0.8128
vt 4.5871 0.5753 0.8631
vt 4.7295 0.7025 0.8585
vt 4.2490 0.5757 0.8680
vt 4.4668 0.7027 0.8660
vt 4.6831 0.7986 0.8774
vt 4.8890 0.7987 0.8675
vt 4.9760 0.9120 0.8758
vt 5.1914 0.9124 0.8591
vt 4.7804 0.9118 0.8839
vt 4.8266 1.0234 0.8919
vt 5.0168 1.0242 0.8831
vt 5.2325 1.0251 0.8669
vt 5.6975 0.9139 0.8213
vt 5.4382 0.9130 0.8406
vt 5.4788 1.0259 0.8486
vt 2.4992 0.5777 0.1644
vt 2.3072 0.7066 0.1813
vt 2.1158 0.7060 0.2014
vt 2.2300 0.5769 0.1872
vt 1.9745 0.5762 0.2174
vt 1.9073 0.7054 0.2260
vt 6.1623 0.8029 0.7744
vt 6.1719 0.7049 0.7593
vt 6.3887 0.7060 0.7355
vt 6.3717 0.8051 0.7579
vt 2.0792 0.8058 0.1856
vt 1.9367 0.8051 0.2035
vt 5.9134 0.7040 0.7831
vt 5.9722 0.5757 0.7831
vt 6.2608 0.5762 0.7532
vt 5.9198 0.8011 0.7930
vt 6.1869 0.9187 0.7852
vt 5.9511 0.9155 0.8025
vt 1.9677 0.9258 0.1835
vt 1.8362 0.9236 0.2008
vt 6.3937 0.9236 0.7705
vt 1.9020 1.0586 0.1737
vt 1.7669 1.0348 0.1944
vt 5.5074 1.1251 0.8546
vt 5.2593 1.1238 0.8727
vt 5.5260 1.2201 0.8588
vt 5.2751 1.2176 0.8767
vt 5.0406 1.1218 0.8886
vt 4.8518 1.1191 0.8979
vt 4.8627 1.2052 0.9021
vt 5.0516 1.2130 0.8924
vt 5.0513 1.3126 0.8950
vt 5.2830 1.3215 0.8795
vt 4.8582 1.2948 0.9056
vt 5.5382 1.3258 0.8617
vt 5.6428 0.9359 0.1888
vt 5.8833 0.9359 0.2085
vt 5.6891 0.8225 0.1842
vt 5.9374 0.8224 0.2055
vt 6.0992 0.9361 0.2250
vt 6.2679 0.9361 0.2389
vt 6.3260 0.8221 0.2421
vt 6.1487 0.8222 0.2263
vt 1.5363 2.4516 0.5041
vt 2.2775 2.4627 0.5582
vt 2.1724 2.5421 0.5637
vt 1.4297 2.5310 0.5095
vt 1.3045 2.6233 0.5149
vt 2.0489 2.6345 0.5695
vt 2.9124 2.6438 0.6327
vt 3.0359 2.5514 0.6268
vt 3.1412 2.4719 0.6212
vt 1.9232 2.7263 0.5749
vt 1.1774 2.7151 0.5201
vt 1.0682 2.7909 0.5245
vt 1.8139 2.8019 0.5794
vt 2.6780 2.8112 0.6430
vt 2.7867 2.7356 0.6383
vt 3.6721 2.7437 0.7033
vt 3.7973 2.6519 0.6975
vt 3.5629 2.8194 0.7080
vt 4.3992 2.7472 0.7566
vt 4.2873 2.8230 0.7613
vt 4.5271 2.6554 0.7510
vt 4.0253 2.4800 0.6857
vt 3.9203 2.5594 0.6915
vt 4.6560 2.5630 0.7452
vt 4.7685 2.4837 0.7399
vt 2.8865 1.6342 0.1414
vt 2.8302 1.5804 0.1455
vt 3.2889 1.6344 0.1708
vt 2.6366 1.6369 0.1231
vt 2.5735 1.5847 0.1265
vt 2.9226 1.6684 0.1392
vt 2.7020 1.6635 0.1239
vt 3.3194 1.6710 0.1679
vt 2.5072 1.6649 0.1126
vt 2.4515 1.5944 0.1173
vt 2.5358 1.6469 0.1153
vt 2.6626 1.6772 0.1198
vt 2.6488 1.6967 0.1179
vt 2.9282 1.6910 0.1372
vt 3.3358 1.6958 0.1664
vt 2.9299 1.7123 0.1362
vt 6.5740 1.2565 0.4761
vt 6.0533 1.1915 0.4462
vt 6.5865 1.1955 0.4861
vt 6.9004 1.2024 0.5099
vt 6.8712 1.2628 0.4984
vt 6.5990 1.1433 0.4929
vt 6.9230 1.1509 0.5180
vt 6.0528 1.1389 0.4518
vt 6.9989 1.2740 0.5083
vt 7.0271 1.2145 0.5201
vt 4.1905 1.2359 0.1171
vt 4.0666 1.2740 0.1251
vt 4.1611 1.2145 0.1216
vt 4.2310 1.1649 0.1196
vt 4.2655 1.1898 0.1159
vt 7.0436 1.1649 0.5289
vt 7.0535 1.1121 0.5363
vt 6.9429 1.0957 0.5240
vt 4.2907 1.1121 0.1183
vt 4.3395 1.1438 0.1166
vt 4.3476 1.0391 0.1165
vt 6.9562 1.0268 0.5307
vt 7.0677 1.0391 0.5434
vt 6.0566 1.0822 0.4552
vt 6.6115 1.0869 0.4973
vt 6.6249 1.0139 0.5003
vt 6.9685 1.0226 0.5291
vt 6.0629 1.0091 0.4574
vt 6.3503 2.3970 0.3017
vt 6.3268 2.4598 0.3008
vt 5.8327 2.4060 0.3397
vt 6.6538 2.3813 0.2810
vt 6.6429 2.4391 0.2775
vt 6.3719 2.3619 0.3056
vt 6.6142 2.3587 0.2882
vt 5.8663 2.3680 0.3429
vt 5.7264 2.3070 0.8614
vt 5.8673 2.3962 0.8500
vt 5.8101 2.3580 0.8547
vt 2.2736 6.8913 0.2884
vt 2.2017 6.8072 0.2938
vt 2.3126 6.7051 0.2926
vt 2.4027 6.7891 0.2903
vt 2.2481 6.6538 0.2977
vt 2.3059 6.6142 0.2948
vt 6.7996 2.3962 0.2666
vt 6.8072 2.3504 0.2752
vt 2.4997 6.4229 0.2929
vt 2.8073 5.9115 0.2936
vt 2.6056 6.4948 0.2916
vt 2.4448 6.3719 0.2952
vt 2.7429 5.8663 0.2960
vt 2.4531 1.0763 0.1874
vt 2.4691 1.0021 0.1910
vt 2.9301 1.0003 0.2241
vt 2.9258 1.0742 0.2219
vt 2.1793 1.0833 0.1691
vt 2.2001 1.0089 0.1742
vt 2.1837 1.1397 0.1648
vt 2.4544 1.1335 0.1840
vt 2.9364 1.1316 0.2195
vt 2.0246 1.0987 0.1616
vt 2.0345 1.0242 0.1689
vt 1.9368 1.1290 0.1602
vt 2.0340 1.1526 0.1554
vt 1.9650 1.1762 0.1524
vt 2.0627 1.2031 0.1502
vt 2.2078 1.1919 0.1603
vt 1.9997 1.2233 0.1464
vt 2.1177 1.2633 0.1450
vt 2.2569 1.2529 0.1550
vt 2.9690 1.1846 0.2164
vt 2.4804 1.1863 0.1802
vt 2.5411 1.2478 0.1760
vt 5.9788 1.6404 0.3688
vt 6.4398 1.5880 0.4117
vt 6.4049 1.6417 0.4004
vt 6.3821 1.6757 0.3937
vt 5.9697 1.6768 0.3629
vt 6.5833 1.6714 0.4096
vt 6.6437 1.6449 0.4182
vt 6.6912 1.5929 0.4303
vt 6.3890 1.6980 0.3919
vt 6.4034 1.7189 0.3922
vt 5.9715 1.7014 0.3604
vt 6.6299 1.6850 0.4120
vt 6.6536 1.7041 0.4132
vt 6.8087 1.6025 0.4389
vt 6.8509 1.6200 0.4421
vt 6.7811 1.6725 0.4280
vt 6.7436 1.6548 0.4254
vt 1.5708 2.4473 0.6528
vt 1.5340 2.3318 0.6572
vt 1.6804 2.3579 0.6685
vt 1.6295 2.4124 0.6603
vt 1.7304 2.4300 0.6446
vt 1.6701 2.4881 0.6448
vt 1.6561 2.4011 0.6554
vt 5.1471 1.8033 0.3008
vt 5.1498 1.7269 0.3021
vt 5.2435 1.6561 0.3001
vt 5.2162 1.7860 0.2987
vt 5.3479 1.6804 0.2947
vt 5.3271 1.8286 0.2964
vt 1.9472 2.4403 0.6269
vt 2.3961 2.4394 0.5935
vt 1.8988 2.5033 0.6278
vt 1.9922 2.4050 0.6289
vt 2.4419 2.4013 0.5957
vt 1.8033 2.4063 0.6434
vt 5.0940 2.0271 0.2983
vt 5.2040 2.0861 0.2970
vt 4.8261 2.4907 0.2978
vt 5.0315 1.9922 0.3006
vt 4.7655 2.4419 0.3002
vt 1.0092 2.4352 0.4657
vt 1.0875 2.3792 0.4606
vt 1.6139 2.3956 0.4989
vt 3.6296 6.8554 0.2931
vt 3.9361 6.3297 0.2952
vt 3.9913 6.3861 0.2994
vt 3.6844 6.9125 0.2974
vt 3.4544 7.1559 0.2890
vt 3.5090 7.2134 0.2933
vt 0.7072 2.4021 0.4436
vt 0.7866 2.3461 0.4386
vt 3.5429 6.8083 0.2910
vt 3.8493 6.2834 0.2931
vt 3.4082 6.7611 0.2903
vt 3.2305 7.0629 0.2861
vt 3.3670 7.1091 0.2869
vt 3.2755 7.2646 0.2790
vt 3.3623 7.3129 0.2811
vt 3.1390 7.2158 0.2783
vt 4.8610 2.2265 0.9020
vt 4.7245 2.2321 0.9081
vt 4.7558 2.1292 0.9147
vt 4.6377 2.2490 0.9141
vt 4.6686 2.1465 0.9206
vt 0.5497 2.3392 0.4321
vt 0.6290 2.2831 0.4271
vt 0.8441 2.3120 0.4318
vt 0.6871 2.2490 0.4203
vt 0.5777 2.1809 0.4232
vt 0.6352 2.1465 0.4164
vt 6.9048 1.2936 0.4544
vt 6.4045 1.2889 0.4925
vt 6.8981 1.2658 0.4532
vt 6.9220 1.3230 0.4564
vt 6.4202 1.3172 0.4942
vt 7.1780 1.3167 0.4318
vt 7.2050 1.3489 0.4343
vt 7.1616 1.2839 0.4299
vt 6.9578 1.3636 0.4595
vt 6.4536 1.3571 0.4972
vt 7.0196 1.4224 0.4639
vt 7.3177 1.4500 0.4417
vt 7.2504 1.3907 0.4374
vt 4.5859 1.4504 0.9234
vt 4.5006 1.3907 0.9063
vt 4.5253 1.3489 0.9006
vt 4.6183 1.4069 0.9171
vt 4.5528 1.5102 0.9327
vt 4.4664 1.4500 0.9147
vt 4.5839 1.6114 0.9392
vt 4.6195 1.5516 0.9295
vt 4.6604 1.5078 0.9228
vt 4.6567 1.3703 0.9130
vt 4.5459 1.3167 0.8973
vt 4.5611 1.2839 0.8952
vt 4.6917 1.3269 0.9092
vt 4.7206 1.4701 0.9173
vt 7.0747 2.7958 0.5305
vt 7.5994 2.6891 0.4918
vt 7.5862 2.7835 0.4920
vt 7.5581 2.8262 0.4918
vt 7.0517 2.8403 0.5297
vt 7.7828 2.8046 0.4742
vt 7.8566 2.7639 0.4698
vt 7.8923 2.6695 0.4676
vt 0.4748 2.8208 0.4893
vt 0.5414 2.7748 0.4857
vt 0.9930 2.8360 0.5277
vt 0.1905 2.7904 0.4682
vt 0.2386 2.7423 0.4634
vt 3.9147 7.5252 0.3526
vt 3.9347 7.5581 0.3533
vt 3.7935 7.7828 0.3506
vt 3.7455 7.8095 0.3488
vt 4.2218 7.0070 0.3545
vt 4.2373 7.0517 0.3550
vt 0.0490 2.7333 0.4579
vt 0.0105 2.6351 0.4553
vt 0.0858 2.6806 0.4521
vt 4.3579 2.6351 0.9987
vt 4.3366 2.7333 0.9939
vt 4.2416 2.7639 0.9821
vt 4.2588 2.6695 0.9865
vt 4.2065 2.8046 0.9728
vt 4.2497 2.7966 0.9772
vt 7.5722 1.9618 0.4929
vt 7.5931 2.0658 0.4922
vt 7.0678 1.9672 0.5309
vt 7.8522 1.9479 0.4700
vt 7.8847 2.0481 0.4681
vt 7.5402 1.8904 0.4930
vt 7.7809 1.8945 0.4742
vt 7.0427 1.8906 0.5303
vt 4.3814 1.8563 0.9885
vt 4.4105 1.9570 0.9948
vt 4.3560 2.0134 0.9980
vt 4.3314 1.9134 0.9924
vt 4.2536 1.8560 0.9756
vt 4.2935 1.7967 0.9698
vt 7.8051 1.8560 0.4683
vt 7.9395 1.9134 0.4586
vt 7.9840 2.0134 0.4555
vt 6.9992 1.8282 0.5282
vt 7.4455 1.7697 0.4865
vt 7.5081 1.8329 0.4904
vt 7.7585 1.7967 0.4633
vt 3.2317 1.7940 0.7979
vt 3.8063 1.8452 0.7639
vt 3.3142 1.8553 0.8001
vt 3.0510 1.8821 0.8193
vt 2.9552 1.8250 0.8182
vt 3.3668 1.9122 0.8009
vt 3.1406 1.9193 0.8166
vt 3.8514 1.9071 0.7657
vt 2.9473 1.9421 0.8270
vt 2.9230 2.0447 0.8289
vt 2.8424 1.8875 0.8265
vt 3.0974 1.9741 0.8208
vt 3.0830 2.0767 0.8223
vt 3.3745 2.0905 0.8033
vt 3.3778 1.9844 0.8023
vt 3.8701 1.9843 0.7668
vt 2.7791 1.4592 0.7792
vt 2.7097 1.4022 0.7756
vt 3.2526 1.3862 0.7354
vt 2.6677 1.3622 0.7730
vt 3.2180 1.3468 0.7326
vt 2.4210 1.4349 0.7965
vt 2.3722 1.3937 0.7938
vt 2.4959 1.4921 0.8000
vt 2.6456 1.3320 0.7713
vt 3.2014 1.3179 0.7308
vt 2.6348 1.3020 0.7701
vt 2.3413 1.3605 0.7914
vt 2.3209 1.3251 0.7896
vt 2.2553 1.4542 0.8003
vt 2.2151 1.4165 0.7959
vt 2.1767 1.3702 0.7919
vt 2.0711 1.4612 0.7823
vt 2.1568 1.5175 0.7940
vt 2.2162 1.5564 0.8004
vt 2.3811 1.5551 0.8080
vt 2.3073 1.4973 0.8040
vt 2.2750 1.5998 0.8051
vt 3.8631 2.8263 0.7673
vt 3.4069 2.8234 0.8001
vt 3.3975 2.7270 0.8016
vt 3.1503 2.8090 0.8166
vt 3.1254 2.7129 0.8190
vt 3.1934 2.8496 0.8123
vt 3.3993 2.8671 0.7983
vt 3.8423 2.8717 0.7662
vt 3.0065 2.7809 0.8221
vt 2.9014 2.7292 0.8209
vt 2.9680 2.6811 0.8252
vt 6.5673 2.9014 0.3411
vt 6.5766 3.0065 0.3476
vt 6.5140 3.1097 0.3546
vt 6.4995 3.0153 0.3487
vt 3.1097 2.8369 0.8142
vt 4.6531 2.8624 0.7970
vt 4.2064 2.8680 0.7643
vt 4.7386 2.8167 0.7944
vt 6.1147 3.7936 0.3585
vt 6.3760 3.3469 0.3578
vt 6.3862 3.3993 0.3584
vt 6.1295 3.8423 0.3590
vt 6.4985 3.1934 0.3562
vt 6.3550 3.2614 0.3521
vt 6.2187 2.2825 0.2781
vt 6.1039 2.2769 0.2681
vt 6.2504 2.1801 0.2726
vt 6.1039 2.1451 0.2846
vt 6.2187 2.2247 0.2853
vt 6.1523 2.3339 0.2929
vt 6.0377 2.2567 0.2921
vt 6.2948 2.2887 0.2874
vt 6.2280 2.3979 0.2950
vt 6.3264 2.1974 0.2806
vt 6.2948 2.2993 0.2861
vt 6.0144 2.5693 0.2963
vt 5.8991 2.4949 0.2956
vt 5.7515 3.0208 0.2971
vt 6.0895 2.6339 0.2984
vt 5.8280 3.0828 0.2992
vt 6.1390 2.7016 0.3027
vt 6.2786 2.4640 0.2992
vt 5.8790 3.1476 0.3035
vt 4.8524 2.4277 0.7349
vt 5.2984 2.4213 0.7674
vt 5.2136 2.4772 0.7724
vt 6.3200 2.5466 0.3062
vt 6.1790 2.7864 0.3097
vt 6.3770 2.2317 0.2888
vt 6.3458 2.3334 0.2943
vt 6.3458 2.3541 0.2917
vt 6.3877 2.3892 0.3044
vt 6.3200 2.4497 0.3183
vt 6.2786 2.3938 0.3080
vt 2.3541 2.3334 0.7932
vt 2.3103 2.2317 0.7971
vt 2.4353 2.3892 0.7985
vt 6.1326 4.2969 0.8759
vt 6.1450 4.5726 0.8786
vt 6.1158 4.0536 0.8722
vt 6.0385 4.0650 0.8721
vt 6.0565 4.3074 0.8759
vt 6.0695 4.5818 0.8788
vt 6.1008 3.8383 0.8690
vt 6.0930 3.6445 0.8673
vt 6.0216 3.8500 0.8684
vt 6.0105 3.6563 0.8660
vt 5.9700 4.0887 0.8656
vt 5.9493 3.8746 0.8611
vt 5.9320 3.6814 0.8574
vt 6.7263 3.7238 0.2701
vt 6.8592 3.6814 0.2585
vt 6.8890 3.8746 0.2563
vt 6.7723 3.9158 0.2667
vt 6.9247 4.0887 0.2537
vt 6.8185 4.1286 0.2634
vt 6.0052 4.6012 0.8732
vt 5.9905 4.3296 0.8700
vt 6.8608 4.3668 0.2603
vt 6.9599 4.3296 0.2512
vt 6.9854 4.6012 0.2494
vt 6.8913 4.6338 0.2581
vt 5.6929 4.5427 0.0649
vt 5.7123 4.8484 0.0609
vt 5.7129 5.1834 0.0610
vt 0.5576 4.8531 0.7186
vt 0.5569 5.1853 0.7187
vt 0.4876 5.1834 0.7141
vt 0.4873 4.8484 0.7140
vt 0.5192 4.5427 0.7116
vt 0.5906 4.5495 0.7161
vt 5.6906 5.5358 0.0659
vt 5.6412 5.8924 0.0766
vt 0.5954 5.5347 0.7159
vt 0.6794 5.8880 0.7098
vt 0.6125 5.8924 0.7052
vt 0.5272 5.5358 0.7113
vt 0.6466 5.1893 0.7169
vt 0.6833 5.5323 0.7142
vt 0.7650 5.8790 0.7083
vt 0.8080 5.5284 0.7068
vt 0.8857 5.8638 0.7012
vt 0.7742 5.1960 0.7093
vt 0.6838 4.5633 0.7140
vt 0.6490 4.8626 0.7166
vt 0.7791 4.8784 0.7089
vt 0.8167 4.5861 0.7060
vt 1.6632 7.0470 0.6440
vt 1.5729 7.1014 0.6489
vt 1.3027 6.8349 0.6688
vt 1.4029 6.7888 0.6632
vt 1.0759 6.5382 0.6855
vt 1.1845 6.5016 0.6792
vt 1.2297 6.8627 0.6695
vt 0.9977 6.5602 0.6865
vt 1.5058 7.1343 0.6491
vt 0.8960 6.2171 0.6987
vt 1.0114 6.1909 0.6920
vt 0.8136 6.2328 0.7000
vt 0.7483 6.2404 0.6952
vt 0.9344 6.5709 0.6816
vt 5.5619 6.2404 0.0935
vt 5.4527 6.5709 0.1168
vt 1.4479 7.1508 0.6438
vt 1.1689 6.8763 0.6644
vt 5.3150 6.8763 0.1461
vt 5.1507 7.1508 0.1810
vt 6.5707 2.8175 0.4038
vt 6.5326 2.6499 0.4010
vt 6.6213 2.9725 0.4075
vt 6.7832 2.8092 0.4225
vt 6.8237 2.9640 0.4255
vt 6.7509 2.6408 0.4201
vt 6.6831 3.1175 0.4121
vt 6.7625 3.2556 0.4180
vt 6.8703 3.1070 0.4289
vt 6.9204 3.2412 0.4326
vt 6.9629 3.0897 0.4415
vt 6.8685 3.1071 0.4291
vt 6.9246 2.9465 0.4387
vt 3.4312 3.1070 0.1412
vt 3.5321 3.0897 0.1296
vt 3.5539 3.2239 0.1250
vt 3.4609 3.2412 0.1349
vt 3.5096 2.9465 0.1344
vt 6.8614 2.6203 0.4341
vt 6.8896 2.7906 0.4361
vt 3.4890 2.7906 0.1388
vt 3.4724 2.6203 0.1423
vt 2.2996 4.3559 0.0895
vt 2.3702 4.3869 0.0935
vt 2.3391 4.6167 0.0913
vt 2.2727 4.5869 0.0875
vt 2.3336 4.1517 0.0919
vt 2.4100 4.1823 0.0964
vt 2.2696 4.1318 0.0900
vt 2.2391 4.3367 0.0879
vt 2.2145 4.5694 0.0861
vt 2.3675 3.9710 0.0942
vt 2.4520 4.0003 0.0993
vt 2.3974 3.8088 0.0961
vt 2.4939 3.8366 0.1021
vt 2.2986 3.9511 0.0920
vt 2.3299 3.7892 0.0940
vt 2.2029 4.1190 0.0909
vt 2.2294 3.9366 0.0926
vt 2.2715 3.7735 0.0954
vt 2.1504 4.5618 0.0871
vt 2.1740 4.3260 0.0888
vt 7.6030 4.8239 0.4792
vt 7.5741 4.5703 0.4770
vt 7.6437 4.5472 0.4832
vt 7.6696 4.8039 0.4851
vt 7.6693 5.0829 0.4851
vt 7.6051 5.0981 0.4793
vt 3.9304 5.0765 0.0356
vt 3.8810 5.0829 0.0413
vt 3.8809 4.8039 0.0413
vt 3.9310 4.7934 0.0354
vt 7.6929 4.5337 0.4896
vt 7.7175 4.7934 0.4913
vt 7.6370 5.3750 0.4828
vt 7.5749 5.3844 0.4772
vt 7.5673 5.6699 0.4777
vt 7.5076 5.6731 0.4722
vt 3.9109 5.3733 0.0398
vt 3.8692 5.6733 0.0488
vt 3.8215 5.6699 0.0541
vt 3.8623 5.3750 0.0454
vt 3.9968 5.0787 0.0310
vt 3.9770 5.3805 0.0354
vt 3.9346 5.6856 0.0445
vt 3.9164 4.5337 0.0384
vt 3.9834 4.5278 0.0336
vt 3.9977 4.7912 0.0307
vt 2.4466 5.7208 0.0993
vt 2.3872 5.7111 0.0961
vt 2.3108 5.4174 0.0904
vt 2.3717 5.4335 0.0938
vt 2.2707 5.1255 0.0874
vt 2.3328 5.1476 0.0909
vt 2.2562 5.4119 0.0892
vt 2.2151 5.1152 0.0862
vt 2.3338 5.7108 0.0950
vt 2.2605 4.8457 0.0866
vt 2.3243 4.8724 0.0902
vt 2.2038 4.8313 0.0853
vt 2.1523 5.1158 0.0873
vt 2.1404 4.8274 0.0864
vt 2.2731 5.7215 0.0962
vt 2.1942 5.4174 0.0904
vt 2.3942 6.0177 0.1052
vt 2.5576 6.2991 0.1172
vt 2.4529 6.0019 0.1038
vt 2.6136 6.2784 0.1156
vt 2.7615 6.5598 0.1323
vt 3.0028 6.7952 0.1501
vt 2.8141 6.5345 0.1304
vt 3.0512 6.7657 0.1479
vt 2.6626 6.2684 0.1164
vt 2.8597 6.5198 0.1309
vt 3.0927 6.7466 0.1481
vt 2.9097 6.5106 0.1335
vt 3.1378 6.7319 0.1503
vt 2.7167 6.2652 0.1193
vt 2.5045 5.9970 0.1047
vt 2.5617 6.0001 0.1078
vt 3.5165 6.7692 0.1335
vt 3.6562 6.5306 0.1038
vt 3.7736 6.2671 0.0789
vt 3.5956 6.5041 0.1069
vt 3.7109 6.2451 0.0824
vt 3.4585 6.7387 0.1361
vt 3.8667 5.9834 0.0590
vt 3.8025 5.9662 0.0630
vt 3.6664 6.2318 0.0871
vt 3.7562 5.9577 0.0680
vt 7.4559 5.9577 0.4695
vt 7.3995 5.9546 0.4643
vt 7.3033 6.2318 0.4583
vt 7.2509 6.2227 0.4534
vt 6.8829 6.7169 0.4274
vt 7.1113 6.4864 0.4442
vt 7.1445 6.5041 0.4495
vt 6.9116 6.7387 0.4323
vt 3.5534 6.4864 0.1111
vt 7.0637 6.4718 0.4396
vt 6.8410 6.6973 0.4232
vt 3.9657 7.2426 0.2124
vt 3.9916 7.2152 0.2133
vt 4.3171 7.3073 0.2373
vt 4.2986 7.3375 0.2370
vt 3.6504 7.1109 0.1892
vt 3.6833 7.0870 0.1905
vt 3.9401 7.2718 0.2134
vt 3.6190 7.1373 0.1897
vt 4.2791 7.3688 0.2384
vt 3.3577 6.9447 0.1676
vt 3.3971 6.9250 0.1694
vt 3.3210 6.9677 0.1678
vt 3.2775 7.0009 0.1703
vt 3.5808 7.1738 0.1927
vt 4.2527 7.4098 0.2422
vt 3.9077 7.3109 0.2168
vt 5.6926 7.4004 0.3483
vt 6.0359 7.2969 0.3736
vt 2.9884 7.2969 0.2455
vt 3.1797 7.1555 0.2049
vt 2.9400 7.2572 0.2460
vt 3.1278 7.1183 0.2062
vt 5.6944 7.3589 0.3427
vt 6.0316 7.2572 0.3675
vt 3.3567 6.9786 0.1674
vt 3.3016 6.9445 0.1693
vt 6.6218 6.9191 0.4081
vt 6.6453 6.9445 0.4127
vt 6.3504 7.1183 0.3910
vt 6.3325 7.0900 0.3868
vt 6.5864 6.8953 0.4045
vt 6.3041 7.0626 0.3837
vt 5.6888 7.3266 0.3394
vt 6.0198 7.2266 0.3638
vt 5.9989 7.1965 0.3612
vt 5.6757 7.2947 0.3374
vt 6.8605 3.3868 0.4253
vt 6.7090 3.4125 0.4130
vt 7.0498 3.5160 0.4393
vt 6.9223 3.5387 0.4288
vt 7.1445 3.4996 0.4492
vt 6.9694 3.3704 0.4362
vt 7.2195 3.6488 0.4519
vt 7.1178 3.6703 0.4433
vt 7.3464 3.7902 0.4613
vt 7.2561 3.8122 0.4535
vt 7.2896 3.6326 0.4599
vt 7.4074 3.7741 0.4686
vt 3.6791 3.6326 0.0888
vt 3.5934 3.4996 0.1069
vt 3.6730 3.4835 0.0998
vt 3.7514 3.6175 0.0831
vt 3.7485 3.7741 0.0741
vt 3.8183 3.7603 0.0689
vt 3.4899 3.3704 0.1288
vt 3.5824 3.3536 0.1190
vt 7.3651 3.9687 0.4616
vt 7.4485 3.9456 0.4688
vt 7.5314 4.1203 0.4749
vt 7.4533 4.1445 0.4681
vt 7.5851 4.1043 0.4816
vt 7.5051 3.9294 0.4757
vt 7.5968 4.3197 0.4797
vt 7.5233 4.3441 0.4732
vt 7.6481 4.3044 0.4862
vt 3.9209 4.0933 0.0470
vt 3.9574 4.2956 0.0392
vt 3.8900 4.3044 0.0440
vt 3.8529 4.1043 0.0519
vt 3.8746 3.9169 0.0569
vt 3.8059 3.9294 0.0619
vt 4.2122 2.3378 0.1195
vt 4.2245 2.5345 0.1169
vt 4.2413 2.7145 0.1134
vt 4.3036 2.5152 0.1179
vt 4.3202 2.6971 0.1144
vt 4.2918 2.3166 0.1204
vt 4.2600 2.8794 0.1094
vt 4.2771 3.0339 0.1058
vt 4.3386 2.8638 0.1105
vt 4.3560 3.0199 0.1068
vt 4.4037 2.6884 0.1178
vt 4.4229 2.8560 0.1137
vt 4.4405 3.0131 0.1099
vt 4.3753 2.3059 0.1239
vt 4.3867 2.5055 0.1214
vt 1.5114 4.5699 0.1188
vt 1.5369 4.2973 0.1207
vt 1.5666 4.0580 0.1228
vt 1.4749 4.2954 0.1265
vt 1.5046 4.0536 0.1287
vt 1.4493 4.5707 0.1247
vt 1.5901 3.8473 0.1245
vt 1.7003 3.6595 0.1325
vt 1.5280 3.8408 0.1303
vt 1.6386 3.6510 0.1384
vt 6.9572 3.8408 0.8090
vt 6.9706 4.0536 0.8119
vt 6.9039 4.0514 0.8188
vt 6.8905 3.8374 0.8159
vt 1.5308 3.8422 0.1307
vt 1.4729 3.8374 0.1387
vt 1.5798 3.6465 0.1465
vt 6.8278 3.6465 0.8025
vt 6.9356 4.5709 0.8257
vt 6.9211 4.2944 0.8225
vt 6.9878 4.2954 0.8156
vt 7.0025 4.5707 0.8188
vt 1.6544 5.9108 0.1296
vt 1.5632 5.5593 0.1228
vt 1.5146 5.2106 0.1192
vt 1.5025 5.5697 0.1288
vt 1.4531 5.2176 0.1251
vt 1.5948 5.9246 0.1356
vt 1.5006 4.8771 0.1181
vt 1.4387 4.8809 0.1240
vt 7.0084 4.8809 0.8202
vt 6.9994 5.2176 0.8184
vt 6.9318 5.2207 0.8251
vt 6.9412 4.8825 0.8270
vt 6.8463 5.9306 0.8072
vt 6.9018 5.5743 0.8188
vt 6.9698 5.5697 0.8122
vt 6.9149 5.9246 0.8007
vt 6.7619 6.2775 0.7894
vt 6.6484 6.6069 0.7654
vt 6.7180 6.5982 0.7591
vt 6.8309 6.2701 0.7830
vt 6.5070 6.9122 0.7355
vt 6.3398 7.1877 0.7002
vt 6.5772 6.9023 0.7294
vt 6.4107 7.1768 0.6942
vt 2.2189 6.8794 0.1714
vt 2.1649 6.9023 0.1779
vt 1.9269 6.5982 0.1602
vt 1.9832 6.5781 0.1540
vt 2.4979 7.1514 0.1920
vt 2.4465 7.1768 0.1987
vt 1.7362 6.2701 0.1461
vt 1.7944 6.2530 0.1400
vt 4.5404 6.8812 0.0898
vt 4.3765 7.1604 0.1246
vt 4.6776 6.5726 0.0604
vt 4.4571 6.8699 0.0864
vt 4.5936 6.5626 0.0572
vt 4.2941 7.1481 0.1211
vt 4.7856 6.2403 0.0371
vt 4.8631 5.8912 0.0199
vt 4.7010 6.2318 0.0339
vt 4.7781 5.8844 0.0168
vt 4.5117 6.5422 0.0568
vt 4.6181 6.2146 0.0338
vt 4.6945 5.8705 0.0168
vt 4.2151 7.1222 0.1201
vt 4.3766 6.8466 0.0857
vt 3.9432 7.8625 0.2987
vt 3.5446 7.7479 0.2693
vt 3.1666 7.5893 0.2414
vt 3.5029 7.7789 0.2767
vt 3.1214 7.6188 0.2485
vt 2.3895 4.0568 0.9828
vt 2.4508 4.0948 0.9868
vt 2.2134 4.4971 0.9724
vt 2.1543 4.4554 0.9685
vt 2.8157 7.3893 0.2155
vt 2.7673 7.4169 0.2224
vt 1.7789 5.2327 0.9271
vt 1.9881 4.8786 0.9523
vt 2.0605 4.9242 0.9539
vt 1.8505 5.2797 0.9286
vt 1.6602 5.6016 0.8985
vt 1.5893 5.5535 0.8971
vt 1.7618 5.6580 0.8986
vt 2.5250 4.1375 0.9885
vt 2.2866 4.5413 0.9740
vt 3.5189 2.4528 0.9872
vt 3.7562 2.0502 0.9721
vt 3.9808 1.6691 0.9515
vt 3.6769 2.0162 0.9704
vt 3.9004 1.6370 0.9498
vt 3.4407 2.4168 0.9855
vt 4.1888 1.3161 0.9257
vt 4.1888 7.4053 0.1645
vt 4.1074 7.3922 0.1607
vt 4.1074 1.2857 0.9240
vt 3.8254 7.5687 0.2028
vt 4.0303 7.3642 0.1593
vt 3.9004 7.5984 0.2046
vt 3.3702 2.3946 0.9815
vt 3.6041 1.9978 0.9665
vt 3.6769 7.7633 0.2520
vt 3.6041 7.7321 0.2497
vt 3.3702 7.8518 0.2993
vt 4.3077 3.1831 0.0993
vt 4.4047 3.3327 0.0786
vt 4.3871 3.1707 0.1001
vt 4.4851 3.3219 0.0792
vt 4.4899 3.4868 0.0602
vt 4.5630 3.6510 0.0441
vt 4.5710 3.4777 0.0607
vt 4.6448 3.6435 0.0444
vt 4.6538 3.4739 0.0642
vt 4.5676 3.3171 0.0828
vt 4.7280 3.6406 0.0479
vt 4.4693 3.1650 0.1038
vt 1.8138 3.4873 0.1408
vt 1.8929 3.3250 0.1463
vt 1.7522 3.4770 0.1467
vt 1.8307 3.3130 0.1523
vt 1.9393 3.1675 0.1492
vt 1.9588 3.0100 0.1499
vt 1.8758 3.1538 0.1551
vt 1.8988 2.9947 0.1560
vt 1.8313 3.3131 0.1523
vt 1.7719 3.3064 0.1604
vt 1.8164 3.1463 0.1632
vt 6.7593 3.1538 0.7655
vt 6.6944 3.1463 0.7729
vt 6.6859 2.9863 0.7699
vt 6.7519 2.9947 0.7627
vt 6.7170 3.3064 0.7785
vt 1.6936 3.4714 0.1548
vt 6.7614 3.4714 0.7883
vt 6.5993 6.2297 0.2799
vt 6.7363 5.9088 0.2697
vt 6.8189 5.9139 0.2619
vt 6.6775 6.2459 0.2723
vt 6.4912 6.5606 0.2861
vt 6.4186 6.5337 0.2933
vt 5.7682 6.5773 0.8155
vt 5.7110 6.5606 0.8114
vt 5.8213 6.2459 0.8347
vt 5.8805 6.2562 0.8392
vt 5.9051 5.9139 0.8524
vt 5.9658 5.9174 0.8572
vt 6.2615 6.8516 0.3031
vt 6.1958 6.8148 0.3097
vt 5.9913 7.1138 0.3231
vt 5.9340 7.0679 0.3291
vt 5.4153 7.1138 0.7489
vt 5.5751 6.8516 0.7827
vt 5.6297 6.8744 0.7863
vt 5.4669 7.1423 0.7518
vt 5.8412 6.5867 0.8148
vt 5.7014 6.8870 0.7852
vt 5.5369 7.1578 0.7505
vt 5.9545 6.2621 0.8387
vt 6.0404 5.9199 0.8568
vt 3.0783 4.9622 0.9689
vt 3.3126 4.5653 0.9831
vt 2.8562 5.3383 0.9492
vt 3.1418 4.9843 0.9660
vt 2.9221 5.3565 0.9466
vt 3.3737 4.5916 0.9801
vt 2.6500 5.6874 0.9243
vt 5.3500 7.3945 0.7109
vt 5.2819 7.3762 0.7127
vt 5.1438 7.5933 0.6673
vt 5.0779 7.5727 0.6696
vt 5.0340 7.5348 0.6682
vt 5.2340 7.3428 0.7106
vt 5.6845 7.3428 0.3458
vt 5.6368 7.2887 0.3510
vt 5.3459 7.5348 0.3708
vt 5.3090 7.4739 0.3752
vt 4.9811 7.6869 0.3977
vt 4.9843 7.7283 0.3927
vt 4.5916 7.8407 0.4217
vt 4.5960 7.7966 0.4261
vt 5.3565 7.5727 0.3653
vt 4.9559 7.6203 0.4013
vt 4.5833 7.7256 0.4288
vt 2.9728 3.2457 0.1366
vt 3.0342 3.1015 0.1409
vt 3.0379 2.9520 0.1410
vt 2.7620 3.0879 0.1235
vt 2.7681 2.9402 0.1237
vt 2.7263 3.2285 0.1212
vt 3.0301 2.7946 0.1403
vt 3.0178 2.6268 0.1393
vt 2.7557 2.7827 0.1227
vt 2.7330 2.6141 0.1209
vt 2.6036 2.9204 0.1172
vt 2.5829 2.7615 0.1154
vt 2.5548 2.5910 0.1132
vt 2.5913 3.2093 0.1170
vt 2.6085 3.0686 0.1178
vt 4.6099 7.4687 0.2685
vt 4.9733 7.4868 0.2953
vt 4.9875 7.4441 0.2906
vt 4.6303 7.4264 0.2643
vt 5.3363 7.4639 0.3220
vt 5.3443 7.4215 0.3169
vt 4.9945 7.4108 0.2883
vt 5.3450 7.3883 0.3141
vt 5.3398 7.3554 0.3126
vt 4.9973 7.3779 0.2874
vt 4.6436 7.3937 0.2624
vt 4.6543 7.3618 0.2621
vt 3.4611 2.4373 0.1447
vt 3.4535 2.2530 0.1463
vt 6.8292 2.2530 0.4317
vt 6.8422 2.4373 0.4326
vt 6.7275 2.4599 0.4184
vt 6.7154 2.2779 0.4175
vt 3.4504 2.0813 0.1470
vt 3.4480 1.9356 0.1474
vt 6.8206 1.9356 0.4310
vt 6.8243 2.0813 0.4313
vt 6.7070 2.1084 0.4169
vt 6.6980 1.9644 0.4162
vt 6.4871 2.2894 0.3977
vt 6.4686 2.1211 0.3963
vt 6.4557 1.9783 0.3954
vt 6.5071 2.4702 0.3991
vt 4.3708 2.0912 0.1248
vt 4.3716 1.8750 0.1244
vt 4.2866 2.1029 0.1214
vt 4.2865 1.8878 0.1212
vt 4.3752 1.6735 0.1233
vt 4.3785 1.5015 0.1218
vt 4.2910 1.5167 0.1191
vt 4.2890 1.6873 0.1203
vt 4.2053 1.9134 0.1207
vt 4.2066 1.7149 0.1200
vt 4.2074 1.5463 0.1191
vt 4.2063 2.1263 0.1207
vt 3.0031 2.4492 0.1383
vt 2.9855 2.2720 0.1371
vt 2.7062 2.4355 0.1190
vt 2.7053 2.2576 0.1190
vt 2.9630 2.1077 0.1356
vt 2.9623 1.9685 0.1359
vt 2.7031 2.0927 0.1191
vt 2.6952 1.9530 0.1189
vt 2.5451 2.2305 0.1126
vt 2.5357 2.0638 0.1122
vt 2.5205 1.9226 0.1114
vt 2.5505 2.4104 0.1129
vt 4.7106 1.2652 0.9063
vt 4.7137 1.1944 0.9035
vt 4.5670 1.1849 0.8913
vt 4.5688 1.2411 0.8935
vt 4.7026 1.1158 0.8996
vt 4.6778 1.0226 0.8938
vt 4.5277 1.0224 0.8818
vt 4.5540 1.1133 0.8877
vt 6.8761 1.1810 0.4533
vt 6.8510 1.1129 0.4549
vt 7.1014 1.1133 0.4308
vt 7.1306 1.1849 0.4291
vt 7.0541 1.0224 0.4340
vt 6.8141 1.0231 0.4575
vt 7.1482 1.2411 0.4289
vt 6.8910 1.2303 0.4527
vt 4.3627 2.4924 0.9998
vt 4.4178 2.4362 0.9967
vt 4.4096 2.5798 0.9950
vt 4.4216 2.2684 0.9974
vt 4.3640 2.3248 1.0000
vt 7.8933 2.3600 0.4677
vt 8.0000 2.3248 0.4545
vt 7.9981 2.4924 0.4547
vt 7.8981 2.5276 0.4673
vt 7.9895 2.6351 0.4553
vt 4.3640 2.1570 0.9999
vt 4.4189 2.1006 0.9967
vt 7.9993 2.1570 0.4545
vt 7.8906 2.1920 0.4678
vt 7.6032 2.3792 0.4917
vt 7.6073 2.2107 0.4914
vt 7.6020 2.5471 0.4918
vt 3.1247 1.7156 0.7938
vt 3.0007 1.6262 0.7890
vt 2.8442 1.7478 0.8145
vt 2.7234 1.6588 0.8094
vt 2.8799 1.5368 0.7839
vt 2.6018 1.5696 0.8043
vt 2.4839 1.6328 0.8128
vt 2.6053 1.7220 0.8179
vt 2.7301 1.8109 0.8228
vt 5.3670 2.1727 0.2961
vt 5.5527 2.2860 0.2956
vt 5.4942 1.9188 0.2943
vt 5.6880 2.0377 0.2928
vt 5.7412 2.3938 0.2954
vt 5.8793 2.1522 0.2921
vt 5.9424 2.0380 0.2848
vt 5.7429 1.9151 0.2863
vt 5.9424 2.2783 0.2547
vt 5.7429 2.2900 0.2394
vt 5.5304 1.7839 0.2896
vt 5.5304 2.3167 0.2230
vt 1.7122 2.2290 0.6907
vt 1.8001 2.3038 0.6888
vt 2.5147 0.9040 0.1939
vt 2.9629 0.9031 0.2255
vt 2.6798 0.7984 0.1908
vt 3.1553 0.7988 0.2224
vt 2.2570 0.9086 0.1791
vt 2.4168 0.8001 0.1784
vt 2.0861 0.9175 0.1755
vt 2.2380 0.8034 0.1776
vt 3.6446 1.5275 0.1422
vt 3.5112 1.6023 0.1489
vt 3.7927 1.4396 0.1359
vt 6.7908 1.4294 0.4649
vt 6.9128 1.4396 0.4741
vt 6.8627 1.5275 0.4556
vt 6.7396 1.5176 0.4464
vt 3.9371 1.3514 0.1306
vt 6.8367 1.3408 0.4831
vt 6.9556 1.3514 0.4921
vt 6.5183 1.4237 0.4446
vt 6.5514 1.3348 0.4618
vt 6.4792 1.5122 0.4271
vt 4.3856 0.9342 0.1125
vt 4.3443 0.8220 0.1061
vt 4.2546 0.9241 0.1248
vt 4.1658 0.8172 0.1227
vt 4.2328 1.0226 0.1289
vt 6.6450 0.9173 0.5009
vt 7.0019 0.9241 0.5318
vt 6.6719 0.8131 0.4877
vt 7.0185 0.8172 0.5207
vt 6.1376 0.8098 0.4442
vt 6.0694 0.9131 0.4564
vt 1.9369 1.3973 0.1440
vt 1.9229 1.5198 0.1432
vt 1.9513 1.3121 0.1445
vt 1.8833 1.3644 0.1503
vt 1.9035 1.2757 0.1510
vt 1.8632 1.4891 0.1491
vt 1.9700 1.2569 0.1451
vt 1.9275 1.2152 0.1514
vt 6.7886 1.2152 0.7591
vt 6.7924 1.2757 0.7621
vt 6.7241 1.2521 0.7685
vt 6.7216 1.1811 0.7644
vt 1.8846 1.1811 0.1598
vt 6.7237 1.1260 0.7587
vt 6.7288 1.3462 0.7714
vt 6.7979 1.3644 0.7646
vt 6.8068 1.4891 0.7671
vt 6.7370 1.4732 0.7739
vt 4.3788 1.3696 0.1204
vt 4.3750 1.2716 0.1189
vt 4.2901 1.3870 0.1181
vt 4.2862 1.2942 0.1171
vt 4.3649 1.1978 0.1173
vt 4.2805 1.2308 0.1159
vt 4.2071 1.3296 0.1168
vt 4.2025 1.2715 0.1162
vt 4.2085 1.4188 0.1179
vt 1.9674 2.8480 0.1495
vt 1.9586 2.6768 0.1477
vt 1.9057 2.8311 0.1555
vt 1.8947 2.6582 0.1535
vt 1.9364 2.4927 0.1450
vt 1.9179 2.2947 0.1429
vt 1.8547 2.2724 0.1487
vt 1.8695 2.4724 0.1506
vt 1.8329 2.6484 0.1615
vt 1.8049 2.4618 0.1585
vt 1.8966 2.6579 0.1537
vt 1.7910 2.2610 0.1568
vt 6.7460 2.2610 0.7761
vt 6.7322 2.4618 0.7744
vt 6.7077 2.6484 0.7709
vt 6.6909 2.8219 0.7692
vt 6.7563 2.8311 0.7618
vt 6.7722 2.6582 0.7632
vt 4.7428 4.5339 0.0035
vt 4.7599 4.8378 0.0002
vt 4.7610 5.1696 0.0008
vt 4.8438 4.8415 0.0000
vt 4.8450 5.1766 0.0006
vt 4.8264 4.5347 0.0033
vt 4.7408 5.5182 0.0061
vt 4.8248 5.5285 0.0059
vt 4.9305 5.1801 0.0036
vt 4.9101 5.5337 0.0089
vt 4.9117 4.5354 0.0064
vt 4.9293 4.8435 0.0031
vt 2.1904 1.3415 0.1381
vt 2.2801 1.4305 0.1306
vt 2.3313 1.3314 0.1484
vt 2.4089 1.4205 0.1402
vt 2.3615 1.5189 0.1226
vt 2.5000 1.5091 0.1329
vt 2.6898 1.4157 0.1609
vt 2.7534 1.5043 0.1517
vt 2.6160 1.3265 0.1695
vt 4.6244 3.8309 0.0303
vt 4.6744 4.0337 0.0188
vt 4.7067 3.8251 0.0305
vt 4.7573 4.0299 0.0188
vt 4.7140 4.2665 0.0098
vt 4.7972 4.2648 0.0097
vt 4.8416 4.0285 0.0221
vt 4.8821 4.2644 0.0129
vt 4.7904 3.8230 0.0338
vt 1.4977 2.5620 0.6493
vt 1.4187 2.5280 0.6429
vt 1.4359 2.7092 0.6481
vt 1.3495 2.6967 0.6397
vt 1.6140 2.5892 0.6453
vt 1.5591 2.7218 0.6467
vt 1.3855 2.8631 0.6490
vt 1.2992 2.8579 0.6399
vt 1.3463 3.0181 0.6510
vt 1.2635 3.0144 0.6414
vt 1.5070 2.8706 0.6492
vt 1.4578 3.0261 0.6523
vt 1.7883 2.7290 0.6334
vt 1.7268 2.8795 0.6374
vt 1.6529 3.0419 0.6426
vt 1.8457 2.6011 0.6301
vt 5.9297 2.9744 0.8327
vt 5.9244 2.8154 0.8328
vt 5.9215 2.6592 0.8365
vt 5.7826 2.8247 0.8184
vt 5.7835 2.6737 0.8207
vt 5.7966 2.9840 0.8207
vt 5.9073 2.5111 0.8434
vt 6.6050 2.5403 0.2767
vt 6.7468 2.5111 0.2616
vt 6.6924 2.6592 0.2598
vt 6.5542 2.6707 0.2755
vt 6.5655 2.6737 0.2771
vt 6.2597 2.6864 0.3033
vt 6.2922 2.5576 0.3018
vt 6.5472 2.8247 0.2772
vt 6.5660 2.9840 0.2754
vt 6.3084 3.0052 0.2991
vt 6.2539 2.8390 0.3033
vt 6.0990 5.5678 0.8691
vt 6.1333 5.2177 0.8763
vt 6.0582 5.2220 0.8766
vt 6.0241 5.5688 0.8695
vt 6.1470 4.8823 0.8791
vt 6.0718 4.8893 0.8794
vt 5.9957 5.2316 0.8713
vt 6.0085 4.9045 0.8740
vt 6.9918 4.9045 0.2489
vt 6.9010 4.9301 0.2574
vt 6.9708 5.2316 0.2505
vt 6.8826 5.2481 0.2588
vt 5.9624 5.5721 0.8644
vt 6.9151 5.5721 0.2547
vt 6.8295 5.5781 0.2628
vt 3.0216 7.7161 0.5440
vt 2.9810 7.7901 0.5452
vt 2.5925 7.6789 0.5738
vt 2.6465 7.6078 0.5716
vt 2.2239 7.5259 0.6010
vt 2.2908 7.4590 0.5978
vt 2.5476 7.7227 0.5724
vt 2.1711 7.5669 0.6002
vt 2.9441 7.8358 0.5432
vt 1.8819 7.3327 0.6262
vt 1.9610 7.2713 0.6221
vt 1.8216 7.3700 0.6259
vt 2.1202 7.5882 0.5943
vt 1.7671 7.3890 0.6203
vt 5.1507 1.4479 0.8938
vt 4.9628 1.7671 0.9236
vt 4.7547 2.1202 0.9485
vt 4.5794 2.5476 0.9653
vt 4.3455 2.9441 0.9795
vt 4.2943 2.9013 0.9825
vt 4.5305 2.5007 0.9682
vt 2.5007 7.7458 0.5663
vt 1.2399 3.1685 0.6428
vt 1.3188 3.1724 0.6528
vt 1.1521 3.3283 0.6650
vt 1.0717 3.3239 0.6552
vt 1.4133 3.1817 0.6554
vt 1.2524 3.3385 0.6672
vt 0.9998 3.4881 0.6762
vt 0.9239 3.4833 0.6660
vt 0.8682 3.6562 0.6859
vt 0.7931 3.6505 0.6757
vt 1.0852 3.4985 0.6795
vt 0.9475 3.6663 0.6897
vt 1.4003 3.3592 0.6610
vt 1.2041 3.5188 0.6755
vt 1.0551 3.6859 0.6865
vt 1.2098 3.7181 0.6769
vt 1.3727 3.5531 0.6649
vt 1.5984 3.3970 0.6482
vt 1.5600 3.2019 0.6493
vt 1.7657 3.2446 0.6359
vt 5.4874 3.6562 0.1085
vt 5.5548 3.8381 0.0942
vt 5.6121 4.0416 0.0820
vt 0.7535 3.8381 0.6943
vt 0.8298 3.8479 0.6984
vt 0.7303 4.0509 0.7057
vt 0.6559 4.0416 0.7015
vt 5.6587 4.2746 0.0721
vt 0.6496 4.2829 0.7117
vt 0.5768 4.2746 0.7073
vt 0.8285 4.0690 0.7033
vt 0.7450 4.2994 0.7095
vt 0.8814 4.3267 0.7012
vt 0.9694 4.0987 0.6947
vt 0.9317 3.8668 0.6956
vt 1.0783 3.8979 0.6866
vt 6.0386 3.4660 0.8557
vt 5.9876 3.2974 0.8448
vt 5.9628 3.4777 0.8559
vt 5.8961 3.3089 0.8417
vt 5.9520 3.1344 0.8372
vt 5.8368 3.1452 0.8291
vt 6.4576 3.1706 0.2881
vt 6.6329 3.1452 0.2704
vt 6.7336 3.3089 0.2630
vt 6.6277 3.3349 0.2755
vt 6.1942 3.2227 0.3093
vt 6.4567 3.3824 0.2899
vt 5.8875 3.5033 0.8479
vt 6.8469 3.4777 0.2547
vt 6.7835 3.5033 0.2641
vt 6.6570 3.5474 0.2752
vt 2.9578 1.8633 0.1362
vt 2.9486 1.7898 0.1361
vt 2.6811 1.8474 0.1183
vt 2.6635 1.7736 0.1177
vt 2.9377 1.7422 0.1360
vt 2.6500 1.7261 0.1173
vt 2.5116 1.7418 0.1118
vt 2.5051 1.6940 0.1119
vt 2.5171 1.8160 0.1116
vt 3.4440 1.8259 0.1482
vt 3.4389 1.7499 0.1492
vt 6.8065 1.7499 0.4299
vt 6.8144 1.8259 0.4305
vt 6.6867 1.8561 0.4154
vt 6.6743 1.7810 0.4145
vt 3.4330 1.7015 0.1504
vt 3.4239 1.6725 0.1524
vt 6.7971 1.7015 0.4291
vt 6.6653 1.7332 0.4139
vt 6.4299 1.7961 0.3937
vt 6.4167 1.7485 0.3928
vt 6.4434 1.8708 0.3946
vt 2.5312 3.6605 0.1056
vt 2.6327 3.6874 0.1120
vt 2.8130 3.5483 0.1248
vt 2.6725 3.5206 0.1155
vt 2.4513 3.6409 0.1025
vt 2.5584 3.5010 0.1099
vt 2.8300 3.3842 0.1266
vt 3.0489 3.4146 0.1417
vt 2.6543 3.3649 0.1164
vt 2.4777 3.4830 0.1097
vt 2.5469 3.3461 0.1142
vt 2.3861 3.6240 0.1035
vt 5.3059 1.0790 0.3990
vt 5.3177 1.0058 0.4015
vt 4.4788 1.0766 0.3373
vt 4.4887 1.0032 0.3397
vt 5.3027 1.1358 0.3957
vt 4.4794 1.1336 0.3343
vt 3.6512 1.0011 0.2774
vt 3.6440 1.0748 0.2752
vt 3.6497 1.1320 0.2725
vt 3.6737 1.1850 0.2688
vt 4.4945 1.1865 0.3300
vt 5.3103 1.1886 0.3908
vt 3.9231 1.6982 0.2094
vt 4.6374 1.6999 0.2619
vt 3.9153 1.6728 0.2116
vt 4.6329 1.6744 0.2643
vt 5.3522 1.7012 0.3146
vt 5.3493 1.6760 0.3170
vt 4.6274 1.6371 0.2692
vt 5.3507 1.6388 0.3225
vt 3.9033 1.6356 0.2159
vt 3.2486 5.1670 0.2946
vt 3.7647 4.2933 0.2958
vt 3.1838 5.1210 0.2970
vt 3.7006 4.2465 0.2981
vt 4.3420 3.3142 0.2969
vt 4.2843 3.2577 0.2993
vt 3.2577 2.3942 0.5355
vt 4.2465 2.3851 0.4626
vt 4.2041 2.4238 0.4600
vt 3.2007 2.4329 0.5341
vt 5.0833 2.4147 0.3951
vt 5.1210 2.3761 0.3980
vt 4.0503 3.3151 0.9913
vt 3.8026 3.7349 0.9943
vt 4.1040 3.3538 0.9881
vt 3.8587 3.7695 0.9911
vt 3.5554 4.1540 0.9916
vt 3.6140 4.1844 0.9885
vt 3.7900 7.8823 0.4856
vt 4.1968 7.8618 0.4555
vt 4.1844 7.9077 0.4517
vt 3.7695 7.9291 0.4823
vt 4.1970 7.7879 0.4573
vt 3.8035 7.8070 0.4863
vt 3.3825 7.8582 0.5156
vt 3.3538 7.9049 0.5130
vt 3.4095 7.7828 0.5154
vt 5.1940 7.9253 0.3909
vt 5.6054 7.8518 0.4213
vt 4.7750 7.9518 0.3600
vt 2.8804 3.2250 0.9940
vt 3.1275 2.8060 0.9907
vt 3.1958 2.8322 0.9948
vt 2.9463 3.2552 0.9981
vt 4.3557 7.9307 0.3291
vt 2.6966 3.6784 0.9954
vt 2.6330 3.6443 0.9913
vt 3.0223 3.2946 0.9998
vt 2.7716 3.7196 0.9971
vt 3.2728 2.8699 0.9965
vt 1.9087 2.0849 0.1420
vt 1.9034 1.8759 0.1416
vt 1.8418 2.0604 0.1475
vt 1.8404 1.8493 0.1474
vt 1.9087 1.6828 0.1421
vt 1.8485 1.6541 0.1481
vt 1.7750 1.8359 0.1553
vt 1.7843 1.6395 0.1559
vt 6.7488 1.6396 0.7765
vt 6.8154 1.6541 0.7689
vt 6.7574 1.8359 0.7781
vt 1.7747 2.0481 0.1553
vt 6.7578 2.0481 0.7782
vt 4.6277 0.9118 0.8856
vt 4.4919 0.7989 0.8752
vt 4.3216 0.7995 0.8639
vt 4.4768 0.9122 0.8741
vt 6.7652 0.9132 0.4633
vt 6.9928 0.9122 0.4404
vt 6.7032 0.8005 0.4835
vt 6.9111 0.7995 0.4598
vt 2.6052 0.9332 0.7704
vt 2.5953 1.0451 0.7692
vt 2.6897 0.8192 0.7803
vt 2.2090 0.9351 0.7936
vt 2.2929 0.8210 0.8014
vt 2.2319 1.0474 0.7904
vt 2.0689 1.0487 0.7907
vt 2.0443 0.9358 0.7937
vt 2.0672 0.8219 0.8036
vt 1.9111 0.9361 0.7835
vt 1.9364 0.8221 0.7907
vt 1.9451 1.0496 0.7801
vt 2.6278 1.2632 0.7692
vt 2.6200 1.2099 0.7688
vt 2.2866 1.2177 0.7881
vt 2.3044 1.2784 0.7884
vt 2.6086 1.1380 0.7688
vt 2.2633 1.1417 0.7887
vt 2.1253 1.2284 0.7888
vt 2.0997 1.1453 0.7892
vt 1.9790 1.1485 0.7784
vt 2.0070 1.2389 0.7779
vt 2.1488 1.3041 0.7896
vt 2.0339 1.3333 0.7788
vt 2.3541 2.4066 0.5528
vt 3.2179 2.4159 0.6157
vt 4.8704 4.7258 0.2977
vt 4.9260 4.7821 0.3020
vt 4.4226 5.6459 0.3008
vt 4.3669 5.5901 0.2966
vt 4.1030 2.4239 0.6802
vt 5.3877 3.8382 0.2987
vt 5.4419 3.8970 0.3030
vt 4.7847 4.6788 0.2956
vt 5.3044 3.7874 0.2966
vt 4.2804 5.5440 0.2945
vt 4.7699 1.9821 0.9178
vt 4.7675 1.8070 0.9184
vt 4.6828 2.0007 0.9236
vt 4.6843 1.8293 0.9243
vt 4.7536 1.6262 0.9184
vt 4.6796 1.6559 0.9245
vt 0.6039 1.6559 0.4151
vt 0.6056 1.8293 0.4145
vt 0.5491 1.8668 0.4210
vt 0.5480 1.6970 0.4211
vt 0.5637 1.5516 0.4226
vt 0.6180 1.5078 0.4174
vt 0.5553 2.0361 0.4215
vt 0.6114 2.0007 0.4147
vt 2.2892 2.0865 0.7997
vt 2.2772 1.9166 0.8019
vt 2.2117 1.8795 0.7961
vt 2.2237 2.0515 0.7935
vt 2.2449 2.1974 0.7908
vt 2.2708 1.7460 0.8039
vt 2.2060 1.7054 0.7986
vt 6.2968 1.8568 0.2683
vt 6.3243 1.6749 0.2677
vt 6.3891 1.7054 0.2758
vt 6.3686 1.8795 0.2765
vt 2.1415 1.6749 0.7905
vt 6.3522 1.5175 0.2696
vt 6.2733 2.0327 0.2698
vt 6.3484 2.0515 0.2780
vt 3.2160 6.7092 0.2901
vt 2.9867 6.6598 0.2902
vt 2.7974 6.9633 0.2867
vt 3.0344 7.0123 0.2861
vt 2.7725 6.5839 0.2907
vt 2.5717 6.8863 0.2882
vt 2.6944 7.1058 0.2799
vt 2.4631 6.9936 0.2833
vt 5.5369 2.2660 0.8742
vt 5.3056 2.2394 0.8882
vt 2.9407 7.1613 0.2785
vt 5.0593 2.2278 0.8952
vt 3.3869 2.5821 0.8026
vt 3.3783 2.4106 0.8033
vt 3.0988 2.3960 0.8212
vt 3.1101 2.5676 0.8203
vt 3.3734 2.2385 0.8036
vt 3.0868 2.2240 0.8221
vt 2.9338 2.3636 0.8280
vt 2.9245 2.1918 0.8288
vt 2.9477 2.5353 0.8269
vt 0.4410 2.4184 0.4371
vt 0.3136 2.5107 0.4423
vt 0.5982 2.4813 0.4487
vt 0.4704 2.5736 0.4538
vt 0.1860 2.6027 0.4473
vt 0.3420 2.6655 0.4588
vt 0.7756 2.6068 0.4762
vt 0.6482 2.6986 0.4813
vt 0.9017 2.5145 0.4709
vt 4.4244 1.7765 0.9766
vt 4.4548 1.8775 0.9831
vt 0.3095 1.6839 0.4414
vt 0.1875 1.7765 0.4470
vt 4.3337 1.7163 0.9574
vt 4.3777 1.6235 0.9421
vt 4.4687 1.6839 0.9613
vt 0.4318 1.5910 0.4358
vt 0.5382 1.5102 0.4309
vt 4.4236 1.5306 0.9271
vt 4.5134 1.5910 0.9460
vt 7.1123 1.5028 0.4696
vt 7.4166 1.5306 0.4471
vt 7.5366 1.6235 0.4528
vt 7.2266 1.5956 0.4758
vt 7.3451 1.6884 0.4815
vt 7.6590 1.7163 0.4583
vt 2.7875 2.6518 0.8165
vt 2.6650 2.5601 0.8104
vt 6.4150 2.6211 0.3473
vt 6.4832 2.5601 0.3331
vt 6.5316 2.6518 0.3484
vt 6.4629 2.7128 0.3628
vt 6.5673 2.7292 0.3627
vt 6.4995 2.7894 0.3769
vt 2.5430 2.4681 0.8042
vt 6.3648 2.5288 0.3320
vt 6.4334 2.4681 0.3179
vt 5.3437 2.5288 0.7956
vt 5.2215 2.6211 0.8019
vt 4.9795 2.6489 0.7841
vt 5.1054 2.5566 0.7781
vt 5.4534 2.4497 0.7900
vt 4.8519 2.7407 0.7898
vt 5.0973 2.7128 0.8079
vt 4.9847 2.7894 0.8124
vt 5.6811 1.2925 0.5466
vt 4.8412 1.2996 0.6092
vt 5.6965 1.3204 0.5482
vt 4.8568 1.3276 0.6108
vt 3.9860 1.3079 0.6728
vt 3.9986 1.3362 0.6746
vt 4.8886 1.3671 0.6138
vt 4.0294 1.3756 0.6777
vt 5.7289 1.3600 0.5512
vt 6.2663 1.8301 0.5824
vt 5.4153 1.8342 0.6453
vt 5.4614 1.8979 0.6471
vt 6.3120 1.8936 0.5843
vt 4.5560 1.8391 0.7087
vt 4.5964 1.9025 0.7109
vt 5.4878 1.9764 0.6478
vt 4.6115 1.9810 0.7124
vt 6.3374 1.9718 0.5851
vt 6.3324 2.8054 0.5855
vt 5.4654 2.8142 0.6495
vt 5.4444 2.8595 0.6483
vt 6.3101 2.8505 0.5845
vt 4.5875 2.8220 0.7141
vt 4.5632 2.8675 0.7132
vt 5.1702 5.3986 0.3570
vt 5.6905 4.5152 0.3580
vt 5.7060 4.5632 0.3584
vt 5.1867 5.4444 0.3574
vt 3.4848 2.8641 0.7113
vt 2.6014 2.8560 0.6463
vt 4.6605 6.2635 0.3558
vt 4.6760 6.3101 0.3563
vt 1.7365 2.8467 0.5826
vt 2.4647 2.1587 0.0741
vt 2.8515 1.6314 0.0745
vt 3.3257 1.6564 0.0899
vt 2.9193 2.2730 0.0896
vt 2.4777 2.9921 0.0892
vt 2.0737 2.7708 0.0737
vt 3.1341 2.5426 0.1008
vt 2.6560 3.3386 0.1005
vt 3.5539 1.8624 0.1012
vt 2.0543 3.7219 0.0888
vt 1.7166 3.4031 0.0734
vt 1.7042 4.3717 0.0885
vt 1.4323 3.9909 0.0730
vt 2.1811 4.1445 0.1001
vt 1.7795 4.8447 0.0999
vt 4.5185 0.9070 0.3403
vt 3.6829 0.9045 0.2784
vt 3.8555 0.8008 0.2726
vt 4.6614 0.8037 0.3320
vt 5.4574 0.8067 0.3918
vt 5.3447 0.9098 0.4019
vt 2.7752 4.5893 0.1226
vt 2.7162 4.8145 0.1183
vt 2.6236 4.7652 0.1115
vt 2.6754 4.5388 0.1153
vt 2.7452 4.3305 0.1204
vt 2.8554 4.3797 0.1285
vt 2.6252 4.2770 0.1117
vt 2.5666 4.4839 0.1074
vt 2.5223 4.7114 0.1042
vt 2.8275 4.1403 0.1264
vt 2.9521 4.1869 0.1355
vt 2.9218 3.9679 0.1332
vt 3.0641 4.0116 0.1437
vt 2.6928 4.0897 0.1165
vt 2.7686 3.9206 0.1219
vt 2.5095 4.2255 0.1033
vt 2.5632 4.0412 0.1071
vt 2.6209 3.8751 0.1111
vt 2.4242 4.6598 0.0971
vt 2.4612 4.4311 0.0998
vt 7.1915 4.9596 0.4484
vt 7.1427 4.7233 0.4448
vt 7.2496 4.6852 0.4526
vt 7.2934 4.9257 0.4559
vt 7.3069 5.1794 0.4569
vt 7.2089 5.2066 0.4498
vt 7.4139 5.1498 0.4648
vt 7.4045 4.8887 0.4641
vt 7.3662 4.6436 0.4612
vt 7.2871 5.4400 0.4555
vt 7.1924 5.4588 0.4486
vt 7.1402 5.7099 0.4448
vt 7.2312 5.7004 0.4514
vt 7.3304 5.6902 0.4587
vt 7.3903 5.4196 0.4631
vt 7.5172 5.1215 0.4725
vt 7.4901 5.4002 0.4705
vt 7.4261 5.6804 0.4659
vt 7.4786 4.6037 0.4696
vt 7.5118 4.8533 0.4721
vt 2.7790 5.8017 0.1231
vt 2.6975 5.7812 0.1171
vt 2.6293 5.5230 0.1121
vt 2.7129 5.5530 0.1182
vt 2.5963 5.2630 0.1096
vt 2.6818 5.3016 0.1159
vt 2.5026 5.2211 0.1028
vt 2.5377 5.4903 0.1054
vt 2.6084 5.7589 0.1106
vt 2.5957 5.0083 0.1095
vt 2.6839 5.0536 0.1160
vt 2.4992 4.9590 0.1025
vt 2.4118 5.1808 0.0963
vt 2.4055 4.9118 0.0958
vt 2.5218 5.7378 0.1044
vt 2.4489 5.4591 0.0990
vt 3.1198 6.4858 0.1484
vt 3.1879 6.4783 0.1534
vt 3.3876 6.6668 0.1681
vt 3.3264 6.6824 0.1636
vt 2.9443 6.2674 0.1354
vt 3.0182 6.2688 0.1408
vt 2.8635 6.2660 0.1295
vt 3.0452 6.4941 0.1429
vt 3.2595 6.6995 0.1588
vt 2.8029 6.0310 0.1249
vt 2.8812 6.0418 0.1307
vt 2.7172 6.0194 0.1187
vt 2.7850 6.2650 0.1239
vt 2.6340 6.0084 0.1127
vt 2.9728 6.5024 0.1377
vt 3.1945 6.7163 0.1541
vt 7.1375 5.9539 0.4446
vt 7.0514 5.9541 0.4383
vt 7.0071 6.1952 0.4350
vt 6.9269 6.1866 0.4291
vt 7.2315 5.9537 0.4515
vt 7.0946 6.2046 0.4414
vt 6.8418 6.4197 0.4228
vt 6.7688 6.4031 0.4175
vt 6.5797 6.5998 0.4036
vt 6.6445 6.6235 0.4083
vt 6.9215 6.4379 0.4287
vt 6.7151 6.6494 0.4135
vt 7.1791 6.2138 0.4477
vt 6.9984 6.4556 0.4344
vt 6.7832 6.6747 0.4186
vt 7.3222 5.9537 0.4582
vt 4.1307 7.0751 0.2230
vt 4.4125 7.1515 0.2438
vt 4.3893 7.1894 0.2421
vt 4.0967 7.1092 0.2205
vt 3.8191 6.9966 0.2000
vt 3.8631 6.9676 0.2033
vt 4.0595 7.1464 0.2178
vt 3.7709 7.0283 0.1965
vt 4.3638 7.2309 0.2402
vt 3.6140 6.8307 0.1849
vt 3.5609 6.8535 0.1809
vt 3.5027 6.8785 0.1767
vt 3.4463 6.9030 0.1727
vt 3.7241 7.0593 0.1931
vt 4.3390 7.2714 0.2385
vt 4.0233 7.1828 0.2152
vt 6.3625 6.7731 0.3876
vt 6.4181 6.8029 0.3916
vt 6.1667 6.9550 0.3731
vt 6.1212 6.9203 0.3698
vt 6.4786 6.8354 0.3961
vt 6.2163 6.9929 0.3768
vt 5.8945 7.0773 0.3530
vt 5.8597 7.0389 0.3505
vt 5.5824 7.1270 0.3301
vt 5.6058 7.1679 0.3318
vt 5.9322 7.1194 0.3558
vt 5.6313 7.2126 0.3336
vt 6.2640 7.0299 0.3803
vt 5.9686 7.1603 0.3586
vt 5.6556 7.2562 0.3355
vt 6.5370 6.8671 0.4005
vt 6.2475 3.5461 0.3784
vt 6.1116 3.5799 0.3684
vt 5.8596 3.5082 0.3497
vt 5.9723 3.4725 0.3580
vt 6.4480 3.6464 0.3933
vt 6.2987 3.6789 0.3823
vt 6.3966 3.5050 0.3894
vt 6.6103 3.6097 0.4053
vt 6.1019 3.4266 0.3675
vt 6.6654 3.7703 0.4094
vt 6.5159 3.8030 0.3984
vt 6.8319 3.9148 0.4217
vt 6.6902 3.9489 0.4113
vt 6.8265 3.7348 0.4213
vt 6.9848 3.8779 0.4330
vt 6.9827 3.7000 0.4329
vt 6.7722 3.5716 0.4173
vt 7.1316 3.8423 0.4439
vt 6.2481 3.3662 0.3783
vt 6.5515 3.4573 0.4009
vt 6.9697 4.0783 0.4319
vt 6.8378 4.1147 0.4222
vt 7.0849 4.2608 0.4404
vt 6.9628 4.2995 0.4315
vt 7.2176 4.2188 0.4502
vt 7.1124 4.0387 0.4424
vt 7.1790 4.4632 0.4474
vt 7.0654 4.5027 0.4391
vt 7.3028 4.4201 0.4565
vt 7.3453 4.1785 0.4597
vt 7.4221 4.3788 0.4654
vt 7.2494 4.0008 0.4526
vt 5.2939 7.1828 0.3088
vt 5.3056 7.2248 0.3096
vt 4.9991 7.2476 0.2870
vt 4.9993 7.2056 0.2871
vt 5.3183 7.2709 0.3106
vt 4.9989 7.2935 0.2870
vt 4.6919 7.2357 0.2644
vt 4.7037 7.1951 0.2653
vt 4.6788 7.2801 0.2634
vt 4.9984 7.3383 0.2871
vt 4.6660 7.3234 0.2626
vt 5.3303 7.3158 0.3115
vt 3.0339 3.8134 0.1412
vt 3.1951 3.8549 0.1531
vt 3.2883 3.6796 0.1597
vt 3.4395 3.7199 0.1710
vt 2.8945 3.7685 0.1309
vt 3.1276 3.6345 0.1477
vt 3.6113 3.5693 0.1833
vt 3.7556 3.6095 0.1941
vt 4.0027 3.4865 0.2121
vt 4.1321 3.5270 0.2218
vt 3.8613 3.4351 0.2014
vt 3.4371 3.5210 0.1703
vt 2.9695 3.5882 0.1361
vt 3.2482 3.4659 0.1562
vt 3.6801 3.3687 0.1879
vt 2.7578 3.7247 0.1208
vt 4.5739 3.4753 0.2545
vt 4.5047 3.4353 0.2492
vt 5.0468 3.4550 0.2895
vt 5.0440 3.4162 0.2891
vt 4.4151 3.3835 0.2423
vt 5.0371 3.3658 0.2884
vt 5.5613 3.4289 0.3275
vt 5.4957 3.4662 0.3227
vt 5.6369 3.3800 0.3329
vt 5.7173 3.3150 0.3388
vt 5.0228 3.2991 0.2872
vt 4.3020 3.3151 0.2338
vt 3.2838 7.1665 0.5252
vt 3.5700 7.2236 0.5041
vt 3.5461 7.3091 0.5060
vt 3.2443 7.2506 0.5283
vt 3.8623 7.2481 0.4826
vt 3.8540 7.3337 0.4833
vt 3.5855 7.1654 0.5027
vt 3.8672 7.1901 0.4819
vt 3.3099 7.1094 0.5230
vt 4.1556 7.2398 0.4610
vt 4.1626 7.3237 0.4606
vt 4.4449 7.1987 0.4396
vt 4.4668 7.2793 0.4381
vt 4.4293 7.1439 0.4405
vt 4.1501 7.1829 0.4611
vt 4.1449 7.1484 0.4607
vt 3.8684 7.1549 0.4811
vt 4.4180 7.1107 0.4406
vt 4.1375 7.1293 0.4595
vt 4.4072 7.0923 0.4396
vt 3.8645 7.1354 0.4797
vt 3.3239 7.0748 0.5213
vt 3.5931 7.1302 0.5014
vt 3.5928 7.1107 0.4997
vt 3.3271 7.0556 0.5193
vt 6.1989 4.6047 0.3099
vt 6.0784 4.6478 0.3187
vt 5.9818 4.4295 0.3258
vt 6.1106 4.3833 0.3164
vt 5.8936 4.4608 0.3320
vt 5.9958 4.6771 0.3245
vt 5.8590 4.2275 0.3348
vt 5.9994 4.1797 0.3246
vt 5.7629 4.2599 0.3416
vt 5.7029 4.2796 0.3453
vt 5.8382 4.4798 0.3354
vt 5.6649 4.2904 0.3464
vt 5.8030 4.4902 0.3363
vt 5.9439 4.6948 0.3276
vt 5.9106 4.7046 0.3284
vt 4.3358 3.4362 0.4471
vt 4.2652 3.4901 0.4523
vt 3.8253 3.4679 0.4847
vt 3.8122 3.4154 0.4858
vt 4.2197 3.5257 0.4553
vt 3.8341 3.5025 0.4838
vt 3.4308 3.4771 0.5138
vt 3.3437 3.4267 0.5203
vt 3.1071 3.5171 0.5377
vt 2.9692 3.4696 0.5479
vt 3.4886 3.5102 0.5092
vt 3.1999 3.5485 0.5305
vt 3.8377 3.5234 0.4828
vt 3.5218 3.5302 0.5061
vt 3.2547 3.5674 0.5258
vt 3.5356 3.5412 0.5033
vt 3.2806 3.5779 0.5221
vt 3.8352 3.5349 0.4812
vt 4.1912 3.5471 0.4567
vt 4.1710 3.5590 0.4565
vt 2.5097 6.8117 0.5823
vt 2.4264 6.8822 0.5885
vt 2.7491 6.9589 0.5646
vt 2.6796 7.0355 0.5699
vt 2.5655 6.7639 0.5778
vt 2.7955 6.9069 0.5609
vt 3.0086 7.0778 0.5455
vt 2.9538 7.1589 0.5497
vt 3.0451 7.0227 0.5425
vt 2.8219 6.8754 0.5583
vt 3.0654 6.9893 0.5403
vt 3.0721 6.9708 0.5381
vt 2.8319 6.8580 0.5558
vt 2.5976 6.7350 0.5748
vt 2.6108 6.7190 0.5721
vt 2.4124 6.5561 0.5867
vt 1.7080 4.9974 0.6411
vt 1.5665 4.9791 0.6516
vt 1.6842 5.2462 0.6429
vt 1.5456 5.2385 0.6532
vt 1.8034 5.0098 0.6338
vt 1.7775 5.2514 0.6357
vt 1.6961 5.4988 0.6420
vt 1.5609 5.5033 0.6521
vt 1.7872 5.4957 0.6350
vt 1.8406 5.4938 0.6304
vt 1.8323 5.2546 0.6310
vt 2.9569 5.4938 0.2301
vt 2.9855 5.4929 0.2332
vt 2.9814 5.2564 0.2322
vt 2.9524 5.2546 0.2290
vt 1.8593 5.0174 0.6289
vt 2.9686 5.0174 0.2324
vt 2.9980 5.0216 0.2357
vt 3.0053 4.7865 0.2401
vt 3.0351 4.7926 0.2435
vt 2.7041 3.5430 0.5675
vt 2.8660 3.5872 0.5554
vt 2.6985 3.6856 0.5678
vt 2.5308 3.6445 0.5803
vt 2.9766 3.6167 0.5470
vt 2.8141 3.7133 0.5590
vt 2.5079 3.8107 0.5819
vt 2.3381 3.7720 0.5945
vt 2.6222 3.8368 0.5732
vt 2.8834 3.7300 0.5532
vt 2.6895 3.8526 0.5675
vt 2.7221 3.8614 0.5634
vt 2.9176 3.7393 0.5489
vt 3.0426 3.6345 0.5414
vt 3.0748 3.6444 0.5373
vt 4.7613 7.2009 0.4164
vt 4.7253 7.1251 0.4189
vt 4.9920 7.0204 0.3992
vt 5.0413 7.0898 0.3957
vt 4.9579 6.9732 0.4015
vt 4.7000 7.0736 0.4205
vt 5.2407 6.8865 0.3809
vt 5.3020 6.9481 0.3765
vt 5.1984 6.8446 0.3837
vt 4.9353 6.9447 0.4024
vt 5.1709 6.8193 0.3850
vt 5.1511 6.8052 0.3847
vt 4.9183 6.9288 0.4019
vt 4.6829 7.0424 0.4210
vt 4.6689 7.0251 0.4203
vt 1.9647 3.5912 0.4521
vt 2.1571 3.2654 0.4455
vt 2.1904 3.2615 0.4465
vt 2.0040 3.5773 0.4531
vt 2.0639 3.5904 0.4537
vt 2.2472 3.2798 0.4471
vt 2.3657 2.9645 0.4437
vt 2.4178 2.9907 0.4442
vt 2.3413 2.9534 0.4426
vt 2.3442 3.3280 0.4473
vt 2.1623 3.6363 0.4540
vt 2.4924 3.4129 0.4473
vt 2.3109 3.7204 0.4540
vt 2.5134 3.0414 0.4444
vt 2.6621 3.1253 0.4444
vt 2.5738 2.7266 0.4451
vt 2.6681 2.7793 0.4453
vt 2.8180 2.8611 0.4453
vt 2.8032 2.5505 0.4499
vt 2.9534 2.6319 0.4499
vt 2.7107 2.4949 0.4498
vt 2.5263 2.6927 0.4446
vt 2.5111 2.6662 0.4436
vt 2.6670 2.4546 0.4493
vt 2.6585 2.4170 0.4484
vt 5.5830 3.5871 0.3323
vt 5.7778 3.6550 0.3467
vt 5.7353 3.6618 0.3474
vt 5.5454 3.5945 0.3334
vt 2.7793 2.2647 0.4577
vt 2.8212 2.3078 0.4582
vt 2.8775 2.0986 0.4697
vt 2.9172 2.1453 0.4701
vt 5.9459 3.7512 0.3591
vt 5.9014 3.7575 0.3597
vt 2.9143 2.3625 0.4583
vt 3.0660 2.4411 0.4582
vt 3.0057 2.2077 0.4702
vt 3.1533 2.2934 0.4701
vt 3.1404 1.9800 0.4855
vt 3.0515 1.9182 0.4854
vt 3.2865 2.0681 0.4853
vt 3.4093 1.8603 0.5037
vt 3.2629 1.7728 0.5038
vt 3.1733 1.7122 0.5038
vt 6.1700 3.8744 0.3757
vt 6.1273 3.8803 0.3764
vt 3.0110 1.8727 0.4850
vt 3.1317 1.6688 0.5034
vt 6.3312 4.0275 0.3915
vt 6.3704 4.0218 0.3905
vt 1.3924 4.1125 0.5769
vt 1.3535 4.1049 0.5786
vt 1.4613 3.9456 0.5557
vt 1.5040 3.9533 0.5532
vt 1.5651 3.9575 0.5545
vt 1.4515 4.1167 0.5786
vt 1.6294 3.8173 0.5266
vt 1.6922 3.8217 0.5276
vt 1.5839 3.8094 0.5296
vt 1.6634 3.9594 0.5603
vt 1.5488 4.1187 0.5846
vt 1.8123 3.9599 0.5707
vt 1.6973 4.1194 0.5951
vt 1.9405 4.3483 0.4780
vt 1.8123 4.5658 0.4950
vt 1.6634 4.4822 0.4949
vt 1.7913 4.2651 0.4779
vt 1.5651 4.4362 0.4947
vt 1.6922 4.2204 0.4777
vt 1.8809 3.9005 0.4640
vt 1.9799 3.9455 0.4642
vt 2.1278 4.0307 0.4642
vt 1.7757 3.6992 0.4890
vt 1.8189 3.7074 0.4864
vt 1.6294 4.2125 0.4772
vt 1.8189 3.8910 0.4634
vt 1.7757 3.9116 0.4624
vt 1.0753 4.9163 0.6378
vt 1.1192 4.6935 0.6285
vt 1.1513 4.7016 0.6281
vt 1.1067 4.9242 0.6377
vt 1.2065 4.7061 0.6307
vt 1.1614 4.9287 0.6403
vt 1.2707 4.4943 0.6170
vt 1.2148 4.4898 0.6146
vt 1.1812 4.4819 0.6153
vt 1.3020 4.7085 0.6371
vt 1.2567 4.9311 0.6467
vt 1.4500 4.7098 0.6477
vt 1.4047 4.9325 0.6574
vt 1.3666 4.4965 0.6233
vt 1.5146 4.4976 0.6339
vt 1.3529 4.2967 0.5996
vt 1.4493 4.2988 0.6057
vt 1.5976 4.2997 0.6163
vt 1.2597 4.2847 0.5985
vt 1.2956 4.2924 0.5974
vt 1.0937 5.6198 0.6406
vt 1.1303 5.8474 0.6330
vt 1.1000 5.8440 0.6329
vt 1.0632 5.6149 0.6406
vt 1.1481 5.6228 0.6434
vt 1.1846 5.8496 0.6357
vt 1.0775 5.3874 0.6440
vt 1.1319 5.3910 0.6467
vt 1.0469 5.3811 0.6440
vt 1.2433 5.6247 0.6498
vt 1.2798 5.8512 0.6421
vt 1.3915 5.6262 0.6604
vt 1.4281 5.8527 0.6527
vt 1.2272 5.3932 0.6531
vt 1.3752 5.3947 0.6637
vt 1.1364 5.1583 0.6457
vt 1.2317 5.1607 0.6521
vt 1.3797 5.1622 0.6627
vt 1.0510 5.1469 0.6431
vt 1.0819 5.1541 0.6430
vt 1.4645 6.6326 0.5625
vt 1.4360 6.6349 0.5620
vt 1.3262 6.4631 0.5852
vt 1.3554 6.4621 0.5855
vt 1.5179 6.6318 0.5654
vt 1.4091 6.4619 0.5884
vt 1.3163 6.2727 0.6080
vt 1.2623 6.2722 0.6051
vt 1.2327 6.2717 0.6050
vt 1.5043 6.4625 0.5948
vt 1.6130 6.6320 0.5718
vt 1.6528 6.4638 0.6053
vt 1.7615 6.6332 0.5823
vt 1.4115 6.2737 0.6144
vt 1.5599 6.2750 0.6249
vt 1.2410 6.0674 0.6239
vt 1.3363 6.0687 0.6302
vt 1.4846 6.0702 0.6408
vt 1.1869 6.0661 0.6211
vt 1.1568 6.0642 0.6209
vt 5.9791 3.5584 0.8835
vt 6.0042 3.5491 0.8842
vt 6.1576 3.8088 0.8757
vt 6.1316 3.8164 0.8750
vt 6.0794 3.8421 0.8747
vt 5.9275 3.5849 0.8831
vt 6.2241 4.0870 0.8627
vt 6.2768 4.0621 0.8630
vt 6.3037 4.0560 0.8635
vt 5.9848 3.8940 0.8746
vt 5.8330 3.6372 0.8830
vt 5.8361 3.9778 0.8747
vt 5.6843 3.7209 0.8831
vt 6.1293 4.1387 0.8627
vt 5.9806 4.2225 0.8628
vt 6.2642 4.3668 0.8474
vt 6.3592 4.3154 0.8474
vt 6.1155 4.4508 0.8475
vt 6.2385 4.6587 0.8291
vt 6.3870 4.5746 0.8290
vt 6.4821 4.5233 0.8290
vt 6.4400 4.2864 0.8480
vt 6.4122 4.2912 0.8476
vt 1.6408 6.7792 0.5394
vt 1.5878 6.7807 0.5364
vt 1.5600 6.7841 0.5358
vt 5.3495 2.4917 0.8796
vt 5.3703 2.4752 0.8804
vt 5.5263 2.7396 0.8870
vt 5.5044 2.7543 0.8862
vt 5.4545 2.7837 0.8858
vt 5.3001 2.5221 0.8792
vt 5.6123 3.0511 0.8887
vt 5.6629 3.0227 0.8891
vt 5.6858 3.0099 0.8899
vt 5.3607 2.8370 0.8857
vt 5.2065 2.5758 0.8790
vt 5.2120 2.9207 0.8857
vt 5.0579 2.6595 0.8790
vt 5.5183 3.1041 0.8886
vt 5.3696 3.1878 0.8886
vt 5.7709 3.3198 0.8878
vt 5.6766 3.3723 0.8877
vt 5.5279 3.4560 0.8878
vt 5.8460 3.2812 0.8890
vt 5.8220 3.2923 0.8882
vt 6.4142 6.5472 0.3981
vt 6.4372 6.5510 0.3959
vt 6.2390 6.7119 0.3814
vt 6.2174 6.7072 0.3836
vt 4.8154 1.5858 0.8184
vt 4.9314 1.7826 0.8384
vt 4.8836 1.8156 0.8381
vt 4.7681 1.6196 0.8181
vt 5.0605 2.0017 0.8554
vt 5.0122 2.0339 0.8551
vt 6.0182 6.8490 0.3651
vt 5.9983 6.8435 0.3674
vt 4.8836 6.7046 0.2270
vt 4.7907 6.7034 0.2338
vt 4.6755 6.5441 0.2094
vt 4.7681 6.5452 0.2025
vt 4.5271 6.5435 0.2199
vt 4.6422 6.7030 0.2443
vt 4.9191 2.0884 0.8549
vt 4.7706 2.1723 0.8549
vt 4.6422 1.9545 0.8379
vt 4.7907 1.8705 0.8379
vt 5.0585 2.3248 0.8687
vt 5.1519 2.2707 0.8689
vt 4.9099 2.4087 0.8687
vt 5.2007 2.2395 0.8693
vt 5.0793 1.9818 0.8561
vt 5.2205 2.2212 0.8700
vt 6.9168 5.7307 0.4350
vt 6.9439 5.7294 0.4332
vt 6.8649 5.9546 0.4274
vt 6.8385 5.9545 0.4293
vt 4.5200 5.7307 0.1354
vt 4.5658 5.9545 0.1452
vt 4.5197 5.9543 0.1496
vt 4.4741 5.7312 0.1399
vt 4.5847 6.1666 0.1635
vt 4.6312 6.1676 0.1591
vt 6.7527 6.1690 0.4192
vt 6.7273 6.1676 0.4211
vt 4.4276 5.9538 0.1567
vt 4.3821 5.7310 0.1470
vt 4.2795 5.9530 0.1673
vt 4.2341 5.7302 0.1576
vt 4.4924 6.1659 0.1705
vt 4.3442 6.1652 0.1810
vt 4.6680 6.3648 0.1812
vt 4.5755 6.3638 0.1881
vt 4.4272 6.3632 0.1987
vt 6.6093 6.3690 0.4086
vt 6.5850 6.3663 0.4106
vt 4.7149 6.3663 0.1769
vt 4.8154 6.5472 0.1982
vt 6.8832 4.8076 0.4323
vt 6.9131 4.8018 0.4307
vt 6.9724 5.0293 0.4352
vt 6.9435 5.0344 0.4368
vt 4.5412 4.8076 0.1396
vt 4.5053 5.0344 0.1321
vt 4.4600 5.0368 0.1367
vt 4.4963 4.8104 0.1443
vt 4.4896 5.2666 0.1288
vt 4.4441 5.2685 0.1334
vt 6.9695 5.2666 0.4388
vt 6.9978 5.2625 0.4371
vt 4.3685 5.0374 0.1439
vt 4.4049 4.8110 0.1515
vt 4.2209 5.0365 0.1545
vt 4.2574 4.8101 0.1622
vt 4.3524 5.2688 0.1405
vt 4.2046 5.2680 0.1512
vt 4.4488 5.5013 0.1345
vt 4.3570 5.5014 0.1416
vt 4.2091 5.5006 0.1522
vt 6.9883 5.4973 0.4364
vt 6.9606 5.5001 0.4382
vt 4.4945 5.5001 0.1299
vt 6.5470 4.1910 0.4036
vt 6.5112 4.1968 0.4048
vt 6.4698 4.1996 0.4101
vt 6.2878 4.0303 0.3967
vt 6.6251 4.3882 0.4216
vt 6.6648 4.3854 0.4162
vt 6.6979 4.3794 0.4148
vt 4.7189 4.1996 0.1913
vt 4.6288 4.2001 0.1987
vt 4.7371 4.0308 0.2216
vt 4.8267 4.0303 0.2140
vt 4.4820 4.1991 0.2096
vt 4.5907 4.0297 0.2325
vt 4.5363 4.3888 0.1792
vt 4.3892 4.3878 0.1900
vt 4.6270 4.3882 0.1719
vt 4.5523 4.5930 0.1561
vt 4.4612 4.5936 0.1634
vt 4.3139 4.5926 0.1741
vt 6.8208 4.5840 0.4239
vt 6.7897 4.5901 0.4254
vt 6.7511 4.5930 0.4310
vt 6.7904 4.5897 0.4255
vt 4.5968 4.5901 0.1513
vt 2.7228 4.1188 0.6710
vt 2.5767 4.1193 0.6599
vt 2.6917 3.9587 0.6355
vt 2.8378 3.9580 0.6466
vt 2.9280 3.9565 0.6540
vt 2.8132 4.1174 0.6784
vt 3.0562 5.0145 0.4774
vt 2.9280 5.2322 0.4946
vt 2.8378 5.1726 0.4947
vt 2.9661 4.9547 0.4776
vt 2.6917 5.0841 0.4948
vt 2.8201 4.8662 0.4777
vt 2.9718 5.2722 0.4942
vt 2.8576 5.4662 0.5143
vt 2.8132 5.4271 0.5147
vt 5.4662 4.1144 0.3572
vt 5.2722 3.9533 0.3715
vt 5.0550 3.8156 0.3875
vt 3.0997 5.0550 0.4769
vt 3.1960 4.7774 0.4634
vt 3.2398 4.8174 0.4630
vt 4.8174 3.7037 0.4050
vt 3.4392 4.5313 0.4517
vt 3.2501 4.8518 0.4621
vt 3.4257 4.5022 0.4525
vt 3.3804 4.4648 0.4529
vt 2.9597 4.6295 0.4638
vt 3.1057 4.7178 0.4636
vt 3.2904 4.4048 0.4532
vt 3.1447 4.3158 0.4533
vt 4.7147 3.5504 0.2664
vt 4.7346 3.5638 0.2696
vt 4.4088 3.6167 0.2456
vt 4.3728 3.6034 0.2411
vt 5.0466 3.5411 0.2927
vt 5.0506 3.5280 0.2912
vt 5.0511 3.5098 0.2904
vt 4.6808 3.5317 0.2630
vt 4.3154 3.5845 0.2361
vt 5.3619 3.5364 0.3142
vt 5.3338 3.5489 0.3139
vt 5.6289 3.5754 0.3339
vt 5.6884 3.5587 0.3376
vt 5.3968 3.5189 0.3160
vt 5.0497 3.4857 0.2899
vt 5.4410 3.4958 0.3189
vt 5.7649 3.5366 0.3429
vt 4.6334 3.5069 0.2591
vt 4.2359 3.5593 0.2298
vt 3.2206 4.7998 0.2355
vt 3.3698 4.8015 0.2252
vt 3.3325 5.0286 0.2174
vt 3.1832 5.0270 0.2277
vt 3.0869 5.0257 0.2338
vt 3.1243 4.7982 0.2417
vt 3.1663 5.2595 0.2242
vt 3.0700 5.2585 0.2303
vt 3.3157 5.2608 0.2139
vt 3.0313 5.0241 0.2363
vt 3.0686 4.7961 0.2441
vt 3.0145 5.2576 0.2328
vt 3.0738 5.4926 0.2312
vt 3.0184 5.4925 0.2337
vt 3.0430 5.7247 0.2390
vt 3.0983 5.7239 0.2365
vt 3.3196 5.4942 0.2148
vt 3.1701 5.4931 0.2251
vt 3.1946 5.7240 0.2303
vt 3.3441 5.7248 0.2200
vt 3.2395 5.9481 0.2399
vt 3.3891 5.9486 0.2296
vt 3.1433 5.9485 0.2461
vt 3.2078 6.1626 0.2598
vt 3.3039 6.1617 0.2536
vt 3.4535 6.1619 0.2433
vt 3.0882 5.9501 0.2486
vt 3.1530 6.1650 0.2624
vt 3.2363 6.3656 0.2801
vt 3.2908 6.3624 0.2774
vt 3.3367 6.5484 0.3014
vt 3.3908 6.5445 0.2987
vt 3.5363 6.3610 0.2609
vt 3.3868 6.3611 0.2712
vt 3.4866 6.5429 0.2924
vt 3.6361 6.5425 0.2821
vt 3.7512 6.7031 0.3066
vt 3.6018 6.7038 0.3169
vt 3.5062 6.7058 0.3232
vt 3.6350 2.8039 0.8554
vt 3.5062 2.5853 0.8382
vt 3.6018 2.5350 0.8380
vt 3.7303 2.7532 0.8552
vt 3.7512 2.4526 0.8379
vt 3.8797 2.6706 0.8550
vt 3.4526 6.7102 0.3260
vt 3.4235 6.7190 0.3263
vt 3.5819 6.8484 0.3535
vt 3.5538 6.8580 0.3540
vt 3.4526 2.6083 0.8388
vt 3.5819 2.8278 0.8561
vt 3.7749 3.0413 0.8694
vt 3.7223 3.0661 0.8701
vt 3.7223 6.9607 0.3833
vt 3.6953 6.9708 0.3840
vt 3.8457 3.3271 0.8820
vt 3.6953 3.0721 0.8714
vt 3.8716 3.3192 0.8806
vt 3.9236 3.2934 0.8800
vt 4.0192 2.9073 0.8690
vt 3.8700 2.9901 0.8691
vt 4.0184 3.2417 0.8796
vt 4.1675 3.1587 0.8794
vt 4.3219 3.4206 0.8862
vt 4.1730 3.5039 0.8864
vt 4.0785 3.5561 0.8868
vt 4.3312 3.7721 0.8895
vt 4.2370 3.8248 0.8899
vt 4.4800 3.6884 0.8893
vt 4.0271 3.5829 0.8875
vt 4.0023 3.5928 0.8888
vt 4.1862 3.8526 0.8906
vt 4.1626 3.8645 0.8919
vt 4.3964 4.0948 0.8891
vt 4.3461 4.1237 0.8898
vt 4.3237 4.1375 0.8912
vt 4.4829 4.4072 0.8865
vt 4.5042 4.3915 0.8853
vt 4.5539 4.3616 0.8846
vt 4.6389 3.9577 0.8885
vt 4.4903 4.0416 0.8888
vt 4.6475 4.3079 0.8842
vt 4.7959 4.2236 0.8840
vt 4.8001 4.5663 0.8759
vt 4.9483 4.4817 0.8757
vt 4.7068 4.6206 0.8763
vt 4.9456 4.8126 0.8640
vt 4.8526 4.8674 0.8644
vt 5.0936 4.7277 0.8638
vt 4.6577 4.6515 0.8769
vt 4.6374 4.6689 0.8781
vt 4.8040 4.8992 0.8650
vt 4.7846 4.9183 0.8661
vt 4.9887 5.0978 0.8491
vt 4.9406 5.1304 0.8497
vt 4.8992 6.9199 0.3995
vt 5.1304 6.7973 0.3824
vt 5.3412 6.6496 0.3669
vt 5.1128 5.3078 0.8307
vt 5.0651 5.3412 0.8312
vt 5.2292 4.9572 0.8486
vt 5.0814 5.0425 0.8488
vt 5.2053 5.2521 0.8304
vt 5.3529 5.1665 0.8302
vt 2.5375 6.4722 0.6690
vt 2.6850 6.4740 0.6797
vt 2.7947 6.6435 0.6565
vt 2.6471 6.6416 0.6458
vt 2.7772 6.4760 0.6867
vt 2.8872 6.6458 0.6635
vt 2.6832 6.2866 0.7066
vt 2.5912 6.2849 0.6995
vt 2.4439 6.2832 0.6887
vt 2.8245 6.4791 0.6910
vt 2.9349 6.6496 0.6676
vt 5.5278 6.4791 0.3531
vt 5.6872 6.2890 0.3413
vt 2.7302 6.2890 0.7109
vt 2.6068 6.0809 0.7227
vt 2.6535 6.0825 0.7271
vt 5.8167 6.0825 0.3317
vt 5.9140 5.8631 0.3245
vt 2.5493 5.8624 0.7348
vt 2.5958 5.8631 0.7393
vt 2.5150 6.0795 0.7156
vt 2.3678 6.0781 0.7048
vt 2.4576 5.8614 0.7277
vt 2.3106 5.8601 0.7168
vt 2.2733 5.6331 0.7247
vt 2.4202 5.6342 0.7355
vt 2.5117 5.6347 0.7427
vt 2.4946 5.4018 0.7463
vt 2.4032 5.4017 0.7391
vt 2.2565 5.4009 0.7282
vt 2.5580 5.6346 0.7472
vt 5.9774 5.6346 0.3198
vt 6.0061 5.4010 0.3176
vt 2.5408 5.4010 0.7508
vt 2.5443 5.1662 0.7499
vt 2.4983 5.1678 0.7454
vt 5.9996 5.1662 0.3180
vt 5.9581 4.9345 0.3211
vt 2.5226 4.9366 0.7402
vt 2.5685 4.9345 0.7448
vt 2.2603 5.1675 0.7273
vt 2.4069 5.1681 0.7382
vt 2.4314 4.9373 0.7330
vt 2.2849 4.9369 0.7220
vt 2.3298 4.7131 0.7124
vt 2.4762 4.7132 0.7234
vt 2.5673 4.7124 0.7307
vt 2.5405 4.4998 0.7097
vt 2.6314 4.4987 0.7170
vt 2.3942 4.4999 0.6987
vt 2.6129 4.7099 0.7353
vt 5.8822 4.7099 0.3266
vt 5.7736 4.4959 0.3346
vt 2.6767 4.4959 0.7217
vt 2.7139 4.2992 0.6995
vt 2.7587 4.2963 0.7043
vt 5.6341 4.2963 0.3448
vt 5.5959 4.2992 0.3392
vt 5.4271 4.1174 0.3517
vt 5.6346 4.2959 0.3448
vt 2.6232 4.3005 0.6921
vt 2.4769 4.3008 0.6811
vt 3.5573 4.0183 0.3066
vt 3.7062 4.0202 0.2962
vt 3.5967 4.1896 0.2731
vt 3.4477 4.1877 0.2835
vt 3.3514 4.1856 0.2896
vt 3.4610 4.0162 0.3128
vt 3.2578 4.3746 0.2698
vt 3.3540 4.3766 0.2637
vt 3.5031 4.3785 0.2533
vt 3.2953 4.1829 0.2920
vt 3.4047 4.0134 0.3151
vt 3.2607 4.1782 0.2911
vt 3.3697 4.0086 0.3141
vt 3.2018 4.3720 0.2722
vt 3.1677 4.3675 0.2715
vt 3.1817 4.5800 0.2538
vt 3.1258 4.5775 0.2562
vt 3.0920 4.5733 0.2555
vt 3.2779 4.5818 0.2476
vt 3.4270 4.5837 0.2373
vt 4.1104 3.0154 0.4569
vt 3.9928 3.2145 0.4487
vt 3.8436 3.1316 0.4489
vt 3.9608 2.9332 0.4571
vt 4.2059 3.0659 0.4566
vt 4.0878 3.2660 0.4484
vt 4.2018 2.8606 0.4687
vt 4.2977 2.9105 0.4685
vt 4.0520 2.7787 0.4690
vt 4.2631 3.0831 0.4562
vt 4.1438 3.2853 0.4480
vt 4.1771 3.2806 0.4472
vt 4.2986 3.0748 0.4555
vt 3.7014 3.6444 0.3844
vt 3.7369 3.6499 0.3854
vt 3.6447 3.7446 0.3659
vt 3.6086 3.7393 0.3647
vt 4.3553 2.9270 0.4681
vt 4.4152 2.7116 0.4837
vt 4.4716 2.7300 0.4833
vt 3.4931 3.8614 0.3403
vt 3.5284 3.8665 0.3413
vt 3.5848 3.8694 0.3390
vt 4.1702 2.5788 0.4842
vt 4.3189 2.6624 0.4839
vt 4.4427 2.4530 0.5023
vt 4.5390 2.5022 0.5020
vt 4.2938 2.3696 0.5025
vt 3.9116 4.0226 0.2815
vt 3.8023 4.1919 0.2584
vt 3.7088 4.3808 0.2387
vt 4.0397 4.1945 0.2414
vt 3.9465 4.3833 0.2217
vt 4.1488 4.0251 0.2645
vt 3.6329 4.5858 0.2227
vt 3.5759 4.8036 0.2107
vt 3.8139 4.8060 0.1938
vt 3.8708 4.5883 0.2058
vt 4.1841 4.3858 0.2047
vt 4.1086 4.5907 0.1888
vt 4.0519 4.8082 0.1769
vt 4.3860 4.0277 0.2474
vt 4.2771 4.1971 0.2244
vt 3.5387 5.0305 0.2029
vt 3.5221 5.2625 0.1994
vt 3.7605 5.2645 0.1826
vt 3.7770 5.0326 0.1860
vt 3.5261 5.4957 0.2003
vt 3.5507 5.7260 0.2056
vt 3.7894 5.7275 0.1889
vt 3.7646 5.4974 0.1835
vt 3.9988 5.2664 0.1658
vt 4.0031 5.4991 0.1668
vt 4.0280 5.7290 0.1721
vt 4.0152 5.0348 0.1692
vt 3.5957 5.9496 0.2152
vt 3.6602 6.1626 0.2289
vt 3.8345 5.9508 0.1985
vt 3.8991 6.1635 0.2122
vt 3.7431 6.3614 0.2466
vt 3.8428 6.5426 0.2677
vt 3.9820 6.3620 0.2299
vt 4.0818 6.5428 0.2510
vt 4.1379 6.1644 0.1955
vt 4.2208 6.3626 0.2131
vt 4.3207 6.5432 0.2343
vt 4.0732 5.9520 0.1818
vt 3.9579 6.7029 0.2922
vt 4.0863 2.5553 0.8550
vt 3.9579 2.3374 0.8379
vt 4.3253 2.4217 0.8549
vt 4.1969 2.2038 0.8379
vt 4.1969 6.7029 0.2755
vt 4.2258 2.7919 0.8689
vt 4.3740 3.0431 0.8793
vt 4.4647 2.6582 0.8688
vt 4.6127 2.9092 0.8792
vt 4.5641 2.2880 0.8549
vt 4.7035 2.5244 0.8687
vt 4.8515 2.7754 0.8791
vt 4.4358 6.7029 0.2588
vt 4.4358 2.0702 0.8379
vt 4.5283 3.3048 0.8861
vt 4.6862 3.5724 0.8891
vt 4.7670 3.1707 0.8859
vt 4.9248 3.4381 0.8889
vt 4.8450 3.8413 0.8883
vt 5.0018 4.1070 0.8837
vt 5.2400 3.9722 0.8835
vt 5.0834 3.7068 0.8881
vt 5.1633 3.3039 0.8887
vt 5.3217 3.5723 0.8879
vt 5.4783 3.8374 0.8833
vt 5.0056 3.0367 0.8858
vt 5.1541 4.3648 0.8754
vt 5.2992 4.6104 0.8635
vt 5.3921 4.2296 0.8752
vt 5.5370 4.4749 0.8633
vt 5.4346 4.8396 0.8483
vt 5.5581 5.0485 0.8299
vt 5.6723 4.7038 0.8480
vt 5.7955 4.9123 0.8297
vt 5.9099 4.5680 0.8477
vt 5.7749 4.3395 0.8630
vt 6.0330 4.7762 0.8294
vt 5.6301 4.0945 0.8749
vt 2.3325 6.4701 0.6542
vt 2.4419 6.6395 0.6311
vt 2.2391 6.2813 0.6739
vt 2.0021 6.2791 0.6568
vt 2.0953 6.4679 0.6371
vt 2.2045 6.6373 0.6140
vt 2.1632 6.0762 0.6899
vt 2.1062 5.8584 0.7019
vt 1.9264 6.0741 0.6727
vt 1.8696 5.8565 0.6847
vt 1.6896 6.0720 0.6556
vt 1.7651 6.2769 0.6397
vt 1.6329 5.8545 0.6675
vt 1.9670 6.6350 0.5970
vt 1.8581 6.4657 0.6200
vt 2.0690 5.6316 0.7097
vt 2.0523 5.3996 0.7132
vt 1.8326 5.6298 0.6925
vt 1.8161 5.3979 0.6959
vt 2.0563 5.1664 0.7123
vt 2.0810 4.9360 0.7070
vt 1.8202 5.1650 0.6949
vt 1.8450 4.9349 0.6896
vt 1.5798 5.3963 0.6786
vt 1.5841 5.1636 0.6777
vt 1.6090 4.9337 0.6723
vt 1.5961 5.6279 0.6752
vt 2.1260 4.7125 0.6974
vt 2.1905 4.4995 0.6836
vt 1.9547 4.4989 0.6663
vt 1.8901 4.7116 0.6800
vt 2.2733 4.3007 0.6660
vt 2.3731 4.1195 0.6448
vt 2.0376 4.3004 0.6486
vt 2.1374 4.1196 0.6274
vt 1.8018 4.3001 0.6313
vt 1.7189 4.4983 0.6489
vt 1.9016 4.1196 0.6101
vt 1.6542 4.7107 0.6627
vt 2.4882 3.9592 0.6204
vt 2.4882 4.9633 0.4949
vt 2.6166 4.7454 0.4778
vt 2.3809 4.6063 0.4779
vt 2.2525 4.8241 0.4949
vt 2.2525 3.9595 0.6030
vt 2.7697 4.4858 0.4639
vt 2.9559 4.1701 0.4535
vt 2.7366 4.0032 0.4537
vt 2.5513 4.3173 0.4640
vt 2.1450 4.4674 0.4779
vt 2.3271 4.1588 0.4642
vt 2.5112 3.8466 0.4538
vt 2.0167 3.9598 0.5856
vt 2.0167 4.6852 0.4950
vt 3.3473 3.9724 0.4466
vt 3.1453 3.8491 0.4468
vt 3.3310 3.5344 0.4438
vt 3.5340 3.6561 0.4436
vt 2.9182 3.6955 0.4470
vt 3.0970 3.3925 0.4440
vt 3.4966 3.2538 0.4446
vt 3.7007 3.3736 0.4443
vt 3.6385 3.0135 0.4491
vt 3.2604 3.1157 0.4448
vt 3.4007 2.8781 0.4494
vt 2.8643 3.2482 0.4442
vt 3.0238 2.9782 0.4451
vt 3.1617 2.7444 0.4497
vt 2.6926 3.5392 0.4472
vt 3.7548 2.8167 0.4574
vt 3.8452 2.6636 0.4692
vt 3.5155 2.6836 0.4577
vt 3.6047 2.5326 0.4695
vt 3.9649 2.4610 0.4845
vt 4.0884 2.2521 0.5028
vt 3.7279 2.3242 0.4848
vt 3.8512 2.1157 0.5031
vt 3.3634 2.4030 0.4698
vt 3.4909 2.1872 0.4851
vt 3.6140 1.9791 0.5035
vt 3.2745 2.5536 0.4580
vt 3.4942 4.0594 0.4464
vt 3.5854 4.1173 0.4461
vt 3.6821 3.7409 0.4434
vt 3.7747 3.7965 0.4431
vt 3.6333 4.1502 0.4457
vt 3.6518 4.1710 0.4449
vt 3.8257 3.8242 0.4427
vt 3.8498 3.8352 0.4419
vt 3.9972 3.5336 0.4434
vt 3.9434 3.5107 0.4439
vt 4.0266 3.5356 0.4427
vt 3.8495 3.4574 0.4441
vt 3.5078 3.9332 0.1774
vt 3.5546 3.9456 0.1827
vt 3.3711 4.1049 0.1692
vt 3.3333 4.0926 0.1646
vt 3.7208 3.7967 0.1931
vt 3.7628 3.8094 0.1980
vt 3.6544 3.7782 0.1874
vt 3.4333 3.9147 0.1712
vt 3.2708 4.0738 0.1593
vt 4.0416 3.6862 0.2167
vt 4.0884 3.6992 0.2220
vt 3.9682 3.6674 0.2105
vt 3.5613 3.7528 0.1802
vt 3.8704 3.6420 0.2029
vt 3.3292 3.8888 0.1632
vt 3.1812 4.0471 0.1524
vt 5.2692 7.1072 0.3081
vt 5.2604 7.0964 0.3092
vt 5.5248 7.0430 0.3287
vt 5.5367 7.0535 0.3279
vt 4.9959 7.1303 0.2880
vt 4.9901 7.1195 0.2893
vt 5.2763 7.1242 0.3079
vt 4.9983 7.1472 0.2874
vt 5.5485 7.0700 0.3280
vt 4.7215 7.1223 0.2677
vt 4.7188 7.1119 0.2692
vt 4.4509 7.0737 0.2495
vt 4.4508 7.0834 0.2477
vt 4.7191 7.1387 0.2668
vt 4.4437 7.0987 0.2465
vt 4.9991 7.1720 0.2872
vt 4.7130 7.1627 0.2661
vt 4.4309 7.1211 0.2453
vt 5.5634 7.0942 0.3288
vt 5.2842 7.1491 0.3082
vt 6.5899 4.1813 0.4050
vt 6.4184 4.0122 0.3923
vt 6.7366 4.3693 0.4159
vt 6.7897 4.3535 0.4191
vt 6.6487 4.1661 0.4087
vt 6.4839 3.9976 0.3965
vt 6.8565 4.5738 0.4248
vt 6.9467 4.7920 0.4315
vt 6.9924 4.7765 0.4341
vt 6.9053 4.5578 0.4277
vt 6.8641 4.3305 0.4243
vt 6.9739 4.5343 0.4324
vt 7.0568 4.7539 0.4386
vt 6.7304 4.1441 0.4144
vt 6.5736 3.9766 0.4028
vt 5.8314 3.6441 0.3489
vt 6.0013 3.7410 0.3615
vt 5.9024 3.6283 0.3534
vt 6.0755 3.7261 0.3663
vt 6.2231 3.8647 0.3779
vt 6.2949 3.8501 0.3825
vt 6.3918 3.8297 0.3893
vt 6.1740 3.7055 0.3732
vt 5.9960 3.6071 0.3600
vt 6.2591 6.7196 0.3811
vt 6.4597 6.5572 0.3959
vt 6.0358 6.8579 0.3646
vt 6.2840 6.7316 0.3822
vt 6.0566 6.8720 0.3655
vt 6.4883 6.5667 0.3973
vt 5.7936 6.9699 0.3468
vt 5.7788 6.9600 0.3474
vt 5.8101 6.9854 0.3473
vt 5.8316 7.0082 0.3486
vt 6.0845 6.8925 0.3672
vt 6.5275 6.5808 0.3998
vt 6.3178 6.7492 0.3844
vt 4.1883 7.0141 0.2283
vt 4.1912 7.0054 0.2303
vt 1.8268 7.0141 0.4765
vt 1.6792 6.9157 0.5077
vt 1.6963 6.9083 0.5070
vt 1.8424 7.0054 0.4761
vt 3.9385 6.9157 0.2099
vt 4.1769 7.0278 0.2268
vt 3.9231 6.9273 0.2081
vt 1.5416 6.7899 0.5368
vt 1.4163 6.6388 0.5633
vt 3.7057 6.7899 0.1927
vt 3.6867 6.7990 0.1906
vt 3.4715 6.6451 0.1747
vt 3.4939 6.6388 0.1770
vt 3.8980 6.9444 0.2059
vt 3.6562 6.8125 0.1881
vt 3.4363 6.6543 0.1718
vt 4.1577 7.0479 0.2251
vt 6.9733 5.7270 0.4336
vt 6.8930 5.9546 0.4277
vt 6.7793 6.1713 0.4194
vt 6.9302 5.9545 0.4298
vt 6.8140 6.1747 0.4212
vt 7.0124 5.7232 0.4358
vt 6.6340 6.3733 0.4087
vt 6.6659 6.3800 0.4103
vt 6.7101 6.3898 0.4133
vt 6.8625 6.1798 0.4245
vt 7.0672 5.7175 0.4395
vt 6.9821 5.9543 0.4333
vt 1.3055 6.4649 0.5867
vt 1.2111 6.2713 0.6066
vt 3.1472 6.2713 0.1514
vt 3.3067 6.4649 0.1632
vt 3.2816 6.4679 0.1606
vt 3.1198 6.2707 0.1487
vt 1.1346 6.0613 0.6227
vt 1.0773 5.8386 0.6348
vt 2.9217 5.8386 0.1347
vt 3.0182 6.0613 0.1418
vt 2.9889 6.0569 0.1390
vt 2.8912 5.8302 0.1317
vt 3.0770 6.2699 0.1452
vt 2.9436 6.0504 0.1354
vt 2.8439 5.8181 0.1280
vt 3.2422 6.4723 0.1575
vt 1.0402 5.6070 0.6426
vt 1.0236 5.3711 0.6460
vt 2.8319 5.3711 0.1279
vt 2.8595 5.6070 0.1300
vt 2.8281 5.5949 0.1270
vt 2.7997 5.3554 0.1249
vt 1.0273 5.1351 0.6452
vt 1.0508 4.9034 0.6401
vt 2.8793 4.9034 0.1314
vt 2.8388 5.1351 0.1284
vt 2.8055 5.1167 0.1253
vt 2.8442 4.8834 0.1281
vt 2.7500 5.3325 0.1210
vt 2.7543 5.0898 0.1212
vt 2.7902 4.8541 0.1238
vt 2.7795 5.5770 0.1232
vt 7.0047 5.0206 0.4358
vt 7.0290 5.2555 0.4376
vt 7.0710 5.2445 0.4400
vt 7.0483 5.0069 0.4383
vt 7.0186 5.4925 0.4369
vt 7.0593 5.4849 0.4392
vt 7.1163 5.4738 0.4431
vt 7.1301 5.2284 0.4441
vt 7.1096 4.9867 0.4425
vt 1.0934 4.6803 0.6310
vt 1.1532 4.4689 0.6183
vt 3.0539 4.4689 0.1441
vt 2.9520 4.6803 0.1367
vt 2.9136 4.6598 0.1332
vt 3.0100 4.4487 0.1402
vt 3.1818 4.2721 0.1535
vt 3.2116 4.2847 0.1575
vt 3.0779 4.4819 0.1476
vt 3.1298 4.2526 0.1490
vt 2.9443 4.4193 0.1351
vt 3.0536 4.2245 0.1431
vt 2.8550 4.6298 0.1286
vt 4.9137 7.5258 0.4050
vt 4.5586 7.6250 0.4312
vt 5.2502 7.3874 0.3802
vt 5.1791 7.2856 0.3856
vt 4.8619 7.4147 0.4090
vt 4.5276 7.5068 0.4337
vt 5.5629 7.2121 0.3571
vt 5.8465 7.0027 0.3362
vt 5.4739 7.1218 0.3638
vt 5.7417 6.9259 0.3440
vt 5.1061 7.1819 0.3910
vt 5.3829 7.0298 0.3705
vt 5.6345 6.8475 0.3519
vt 4.4955 7.3862 0.4360
vt 4.8087 7.3014 0.4129
vt 2.0019 3.3214 0.6191
vt 2.3267 3.2130 0.5952
vt 1.8395 3.4552 0.6311
vt 2.0758 3.5234 0.6138
vt 2.2499 3.4064 0.6010
vt 2.5660 3.3177 0.5777
vt 1.5974 3.6030 0.6489
vt 1.4216 3.7643 0.6619
vt 1.8542 3.6617 0.6302
vt 1.6678 3.8188 0.6439
vt 2.3143 3.5889 0.5962
vt 2.1117 3.7205 0.6112
vt 1.9173 3.8741 0.6256
vt 2.7845 3.4032 0.5616
vt 2.4917 3.4820 0.5832
vt 0.9578 4.9010 0.6963
vt 0.9993 4.6187 0.6932
vt 0.9493 5.2055 0.6970
vt 1.1663 4.9277 0.6811
vt 1.1536 5.2168 0.6821
vt 1.2125 4.6572 0.6776
vt 0.9789 5.5228 0.6949
vt 1.0511 5.8422 0.6896
vt 1.1783 5.5161 0.6803
vt 1.2440 5.8165 0.6755
vt 1.3614 5.2283 0.6668
vt 1.3811 5.5093 0.6654
vt 1.4402 5.7904 0.6611
vt 1.4294 4.6965 0.6617
vt 1.3785 4.9550 0.6655
vt 2.0672 7.1838 0.6149
vt 1.7852 6.9693 0.6356
vt 2.3797 7.3637 0.5919
vt 2.4825 7.2515 0.5844
vt 2.1904 7.0807 0.6059
vt 1.9270 6.8777 0.6253
vt 2.7170 7.5067 0.5670
vt 3.0730 7.6113 0.5408
vt 3.1319 7.4879 0.5366
vt 2.7983 7.3878 0.5612
vt 2.8807 7.2665 0.5551
vt 2.5870 7.1370 0.5767
vt 3.1915 7.3622 0.5322
vt 2.0710 6.7842 0.6147
vt 2.3155 6.9755 0.5967
vt 5.4428 3.2010 0.3654
vt 4.7390 3.1435 0.4174
vt 3.7961 3.1304 0.4869
vt 4.5924 3.2626 0.4282
vt 3.7884 3.2463 0.4875
vt 5.2045 3.3176 0.3831
vt 2.9338 3.1519 0.5505
vt 3.0836 3.2644 0.5395
vt 3.2255 3.3560 0.5291
vt 3.7973 3.3416 0.4869
vt 5.0130 3.4138 0.3972
vt 4.4410 3.3604 0.4394
vt 6.7508 4.6806 0.2691
vt 6.7134 4.4202 0.2718
vt 6.6607 4.1857 0.2756
vt 6.5377 4.4832 0.2849
vt 6.4728 4.2532 0.2897
vt 6.5835 4.7359 0.2816
vt 6.5997 3.9750 0.2801
vt 6.5323 3.7849 0.2850
vt 6.3945 4.0450 0.2954
vt 6.3034 3.8569 0.3021
vt 6.2810 4.3221 0.3038
vt 6.1851 4.1164 0.3109
vt 6.0713 3.9302 0.3192
vt 6.4126 4.7923 0.2942
vt 6.3582 4.5476 0.2982
vt 3.4416 7.6761 0.5136
vt 3.8163 7.7003 0.4860
vt 3.8295 7.5749 0.4851
vt 3.4776 7.5506 0.5111
vt 4.1908 7.6833 0.4584
vt 4.1815 7.5603 0.4592
vt 4.1716 7.4349 0.4599
vt 3.8425 7.4470 0.4842
vt 3.5140 7.4226 0.5084
vt 6.4532 3.6118 0.2908
vt 6.2393 3.4543 0.3066
vt 6.1934 3.6877 0.3102
vt 6.0047 3.5384 0.3241
vt 5.9208 3.3126 0.3301
vt 5.6623 3.4122 0.3493
vt 5.7518 3.6200 0.3428
vt 5.4358 3.5017 0.3660
vt 5.9346 3.7640 0.3293
vt 6.7015 5.5869 0.2729
vt 6.6130 5.9017 0.2794
vt 6.7509 5.2719 0.2692
vt 6.5939 5.3000 0.2809
vt 6.5491 5.5973 0.2843
vt 6.4660 5.8934 0.2904
vt 6.7654 4.9668 0.2680
vt 6.6039 5.0102 0.2801
vt 6.4336 5.3288 0.2928
vt 6.4389 5.0546 0.2923
vt 6.3158 5.8849 0.3015
vt 6.3934 5.6080 0.2958
vt 1.1692 6.1534 0.6809
vt 1.3325 6.4492 0.6689
vt 1.3532 6.1092 0.6675
vt 1.5049 6.3873 0.6564
vt 1.5390 6.7229 0.6538
vt 1.6972 6.6451 0.6422
vt 1.6802 6.3242 0.6435
vt 1.8581 6.5657 0.6304
vt 1.5402 6.0640 0.6537
vt 6.0965 6.7625 0.3177
vt 6.3094 6.4956 0.3019
vt 5.9778 6.7009 0.3266
vt 6.1790 6.4507 0.3117
vt 6.4821 6.2068 0.2891
vt 6.3424 6.1798 0.2996
vt 6.1997 6.1523 0.3102
vt 6.0459 6.4049 0.3215
vt 5.8566 6.6380 0.3355
vt 1.2800 3.9422 0.6724
vt 1.1633 4.1412 0.6810
vt 1.5156 3.9945 0.6552
vt 1.3897 4.1913 0.6645
vt 1.0690 4.3656 0.6880
vt 1.2880 4.4117 0.6720
vt 1.6201 4.2424 0.6475
vt 1.5108 4.4586 0.6556
vt 1.7552 4.0479 0.6375
vt 6.7593 4.9466 0.0736
vt 6.9387 4.4520 0.0738
vt 7.0444 4.6081 0.0738
vt 6.8890 5.0809 0.0735
vt 6.6605 5.5260 0.0732
vt 6.5069 5.4270 0.0733
vt 5.5360 0.3896 0.8349
vt 5.5260 0.5859 0.8326
vt 5.0809 0.5881 0.8611
vt 5.0948 0.3916 0.8631
vt 4.6081 0.5903 0.8806
vt 4.6245 0.3937 0.8822
vt 6.1936 5.8714 0.0730
vt 6.3650 5.9314 0.0730
vt 6.0106 6.2862 0.0727
vt 5.8331 6.2586 0.0727
vt 5.9370 0.3877 0.7982
vt 6.2882 0.3858 0.7539
vt 6.2862 0.5819 0.7513
vt 5.9314 0.5838 0.7956
vt 0.8968 4.7750 0.0725
vt 1.0456 5.2064 0.0723
vt 0.9835 5.1387 0.0723
vt 0.8261 4.6740 0.0725
vt 0.7455 4.1903 0.0728
vt 0.8264 4.3201 0.0727
vt 3.3260 0.5803 0.1033
vt 3.3387 0.3845 0.1023
vt 3.8258 0.3863 0.0921
vt 3.8097 0.5821 0.0932
vt 2.8613 0.5786 0.1229
vt 2.8702 0.3830 0.1221
vt 4.2269 0.7893 0.0752
vt 3.7597 0.7846 0.0751
vt 3.6717 0.7769 0.0751
vt 4.1714 0.7747 0.0752
vt 4.6925 0.8671 0.0752
vt 4.6658 0.8493 0.0752
vt 4.1657 0.4042 0.0964
vt 4.6635 0.4046 0.1057
vt 4.6658 0.6018 0.1062
vt 4.1714 0.6013 0.0968
vt 3.6717 0.6005 0.0971
vt 3.6623 0.4035 0.0968
vt 2.4367 1.2388 0.0746
vt 2.0420 1.5512 0.0744
vt 1.8558 1.5327 0.0743
vt 2.2602 1.2383 0.0746
vt 2.7047 1.0109 0.0748
vt 2.8585 1.0065 0.0748
vt 2.6877 0.4012 0.1262
vt 2.7047 0.5981 0.1264
vt 2.2602 0.5964 0.1548
vt 2.2405 0.3997 0.1546
vt 1.8558 0.5946 0.1916
vt 1.8350 0.3980 0.1911
vt 0.8391 3.8454 0.0730
vt 0.7441 3.6987 0.0730
vt 0.8219 3.2106 0.0733
vt 0.9361 3.3565 0.0732
vt 4.8074 0.3901 0.1011
vt 4.7894 0.5862 0.1027
vt 4.3013 0.5841 0.0930
vt 4.3194 0.3882 0.0917
vt 6.9758 3.0323 0.0746
vt 6.8251 2.6002 0.0748
vt 6.8825 2.6799 0.0747
vt 7.0400 3.1447 0.0745
vt 7.1208 3.6284 0.0743
vt 7.0474 3.4877 0.0744
vt 3.1447 0.5962 0.8800
vt 3.1559 0.3992 0.8810
vt 3.6429 0.3975 0.8913
vt 3.6284 0.5944 0.8901
vt 2.6799 0.5978 0.8603
vt 2.6873 0.4008 0.8612
vt 5.1565 1.0847 0.0752
vt 4.8084 0.9446 0.0752
vt 5.1565 0.6016 0.1356
vt 5.1432 0.4047 0.1244
vt 5.5931 0.4046 0.1521
vt 5.5010 0.6014 0.1583
vt 3.6417 7.0179 0.0719
vt 4.1114 7.0236 0.0720
vt 4.1943 7.0419 0.0720
vt 3.6943 7.0439 0.0719
vt 3.1997 6.9692 0.0718
vt 3.1735 6.9391 0.0718
vt 4.7969 0.3792 0.8715
vt 4.8003 0.5747 0.8712
vt 4.3057 0.5752 0.8805
vt 4.2992 0.3796 0.8807
vt 3.8057 0.5759 0.8802
vt 3.7957 0.3803 0.8804
vt 1.1156 2.8623 0.0735
vt 0.9774 2.7379 0.0735
vt 1.2059 2.2929 0.0738
vt 1.3681 2.3822 0.0738
vt 5.2777 0.3921 0.1202
vt 5.7189 0.3942 0.1485
vt 5.7071 0.5905 0.1507
vt 5.2621 0.5884 0.1222
vt 3.1790 0.8562 0.0749
vt 3.3014 0.8560 0.0750
vt 3.1790 0.5994 0.1070
vt 3.1656 0.4024 0.1068
vt 5.9977 1.5056 0.0752
vt 5.9662 1.5011 0.0751
vt 5.8293 1.4815 0.0751
vt 5.5010 1.2660 0.0752
vt 6.3546 1.8503 0.0750
vt 6.3121 1.8264 0.0750
vt 1.8513 0.4032 0.7950
vt 1.8503 0.6004 0.7943
vt 1.5056 0.6012 0.7497
vt 1.5044 0.4040 0.7503
vt 5.9977 0.6012 0.1882
vt 6.0021 0.4040 0.1880
vt 7.0354 3.9628 0.0741
vt 7.1223 4.1201 0.0740
vt 4.1201 0.5924 0.8903
vt 4.1365 0.3956 0.8916
vt 2.2893 6.5768 0.0719
vt 2.2748 6.5990 0.0718
vt 1.8675 6.3128 0.0719
vt 1.8975 6.3037 0.0719
vt 1.5535 5.9789 0.0720
vt 1.5108 5.9682 0.0720
vt 2.0318 0.5761 0.1889
vt 1.6872 0.5753 0.2334
vt 1.6873 0.3798 0.2331
vt 2.0341 0.3806 0.1883
vt 6.1356 0.3798 0.7891
vt 6.1325 0.5753 0.7891
vt 5.7252 0.5747 0.8249
vt 5.7266 0.3792 0.8251
vt 2.7186 6.7904 0.0718
vt 2.7226 6.8196 0.0718
vt 5.2774 0.5745 0.8524
vt 5.2766 0.3790 0.8527
vt 1.5014 1.8875 0.0741
vt 1.6815 1.9382 0.0741
vt 6.4711 0.3980 0.2294
vt 6.4673 0.5946 0.2320
vt 6.1125 0.5926 0.1877
vt 6.1199 0.3961 0.1852
vt 6.6013 2.1956 0.0749
vt 6.6519 2.2450 0.0749
vt 2.2450 0.5992 0.8315
vt 2.2489 0.4021 0.8323
vt 5.4382 6.5711 0.0725
vt 5.6062 6.5806 0.0725
vt 5.1616 6.8079 0.0723
vt 5.0158 6.8031 0.0723
vt 2.8211 0.3826 0.8509
vt 2.8384 0.5784 0.8510
vt 2.3938 0.5800 0.8226
vt 2.3740 0.3841 0.8226
vt 1.9894 0.5819 0.7858
vt 1.9684 0.3858 0.7860
vt 1.2138 5.5735 0.0722
vt 1.2669 5.6103 0.0721
vt 2.4265 0.5772 0.1517
vt 2.4318 0.3816 0.1510
vt 4.5717 6.9532 0.0721
vt 4.6873 6.9627 0.0721
vt 3.3127 0.5770 0.8703
vt 3.2990 0.3814 0.8703
vt 2.2362 0.7253 0.8197
vt 2.4979 0.7243 0.8208
vt 2.5436 0.5981 0.8371
vt 2.8758 0.5968 0.8410
vt 2.0286 0.7259 0.8067
vt 2.2538 0.5991 0.8219
vt 6.2426 2.6897 0.1024
vt 6.4598 2.8620 0.0903
vt 6.6579 3.2789 0.0744
vt 6.7284 2.8758 0.0746
vt 6.5661 2.4979 0.0905
vt 6.4110 2.2929 0.1026
vt 4.0066 6.7990 0.0880
vt 3.6784 6.9111 0.0999
vt 3.8684 6.7032 0.1001
vt 4.2779 6.5315 0.0882
vt 4.7078 6.5297 0.0724
vt 4.3820 6.7823 0.0722
vt 4.2306 0.7031 0.8647
vt 3.9308 0.5763 0.8640
vt 3.9934 0.7039 0.8499
vt 3.6180 0.5773 0.8478
vt 3.9235 0.9461 0.0905
vt 4.1658 0.9815 0.1021
vt 3.9019 1.3281 0.1016
vt 3.6568 1.2152 0.0903
vt 3.5270 0.9874 0.0749
vt 3.2042 1.2410 0.0747
vt 4.1515 0.7264 0.1029
vt 4.3735 0.7279 0.1008
vt 4.1423 0.6011 0.1023
vt 3.8337 0.6005 0.1069
vt 3.9235 0.7243 0.1183
vt 3.5270 0.5994 0.1234
vt 4.3443 0.8490 0.1027
vt 4.1424 0.8122 0.0927
vt 2.7676 0.7061 0.1701
vt 2.5100 0.7064 0.1700
vt 2.7859 0.5787 0.1505
vt 3.1154 0.5800 0.1473
vt 1.5266 5.3202 0.0998
vt 1.4724 4.8713 0.0883
vt 1.2521 4.4834 0.0727
vt 1.3611 5.2324 0.0883
vt 1.1784 4.8846 0.0725
vt 1.4274 5.5832 0.1000
vt 5.4739 0.7273 0.1576
vt 5.7671 0.7270 0.1806
vt 6.0396 0.7267 0.2047
vt 5.8293 0.6010 0.1852
vt 6.1274 0.6005 0.2153
vt 6.2745 0.7263 0.2290
vt 1.9587 0.8069 0.7876
vt 1.8105 0.8222 0.7686
vt 1.8323 0.7263 0.7843
vt 1.9812 0.5999 0.7976
vt 1.6374 0.7267 0.7550
vt 1.7226 0.6005 0.7659
vt 1.8537 0.7259 0.7815
vt 4.6179 0.7282 0.1074
vt 4.8872 0.7279 0.1200
vt 4.4679 0.6015 0.1066
vt 4.8084 0.6016 0.1181
vt 5.1762 0.7276 0.1372
vt 3.7510 6.9443 0.0720
vt 4.0692 6.9119 0.0720
vt 1.4979 5.7700 0.0721
vt 1.3155 5.5008 0.0722
vt 1.7392 6.0255 0.0720
vt 6.3810 1.9812 0.0750
vt 6.5756 2.2538 0.0749
vt 6.1274 1.7226 0.0751
vt 2.7013 6.6637 0.0719
vt 2.3525 6.4799 0.0719
vt 3.0596 6.8081 0.0719
vt 2.0278 6.2645 0.0720
vt 4.1423 0.8185 0.0751
vt 3.8337 0.8551 0.0751
vt 3.4129 6.9051 0.0719
vt 6.6964 2.5436 0.0748
vt 4.4679 0.8527 0.0752
vt 1.2041 5.2141 0.0723
vt 2.2724 0.0304 0.0513
vt 2.5931 0.0315 0.0346
vt 5.7253 0.4152 0.0036
vt 5.4050 0.2814 0.0037
vt 5.4069 0.2764 0.0039
vt 5.7276 0.4105 0.0038
vt 6.0350 0.5712 0.0037
vt 6.0322 0.5758 0.0034
vt 1.9650 0.0293 0.0714
vt 2.2724 0.0072 0.9354
vt 2.5931 0.0061 0.9521
vt 2.2747 7.4784 0.0007
vt 2.5950 7.6122 0.0005
vt 2.5931 7.6172 0.0008
vt 2.2724 7.4831 0.0009
vt 1.9650 7.3224 0.0010
vt 1.9677 7.3178 0.0008
vt 1.9650 0.0083 0.9153
vt 5.5649 0.0180 0.9553
vt 5.8717 0.0165 0.9355
vt 0.3624 5.5626 0.0020
vt 0.5207 5.8691 0.0018
vt 0.5160 5.8717 0.0021
vt 0.3575 5.5649 0.0022
vt 0.2273 5.2462 0.0024
vt 0.2323 5.2444 0.0022
vt 5.2462 0.0195 0.9716
vt 3.6095 0.0340 0.0056
vt 3.9574 0.0346 0.0032
vt 4.0426 0.0259 0.0043
vt 4.3905 0.0445 0.0043
vt 4.3900 0.0497 0.0040
vt 4.0426 0.0312 0.0041
vt 4.7357 0.0927 0.0042
vt 4.7347 0.0979 0.0039
vt 3.2643 0.0333 0.0116
vt 3.6094 0.0036 0.9811
vt 3.9574 0.0030 0.9835
vt 3.6100 7.8438 0.0002
vt 3.9574 7.8624 0.0002
vt 3.9574 7.8677 0.0004
vt 3.6094 7.8491 0.0005
vt 3.2643 7.8009 0.0005
vt 3.2653 7.7957 0.0003
vt 3.2643 0.0044 0.9751
vt 1.6656 0.0332 0.9066
vt 1.9516 0.0323 0.9303
vt 0.7516 1.6687 0.0039
vt 0.5618 1.9543 0.0038
vt 0.5572 1.9516 0.0040
vt 0.7473 1.6656 0.0041
vt 0.9620 1.3971 0.0042
vt 0.9660 1.4006 0.0040
vt 1.3971 0.0339 0.8798
vt 2.9246 0.0324 0.0213
vt 5.0739 0.1754 0.0038
vt 5.0754 0.1703 0.0041
vt 2.9246 0.0052 0.9654
vt 2.9246 7.7233 0.0006
vt 2.9260 7.7182 0.0004
vt 1.2544 0.0031 0.1500
vt 1.5035 0.0037 0.1202
vt 6.7965 6.7418 0.0002
vt 7.0339 6.4930 0.0002
vt 7.0380 6.4965 0.0005
vt 6.8002 6.7456 0.0004
vt 6.5406 6.9742 0.0003
vt 6.5373 6.9700 0.0001
vt 6.5406 0.0026 0.8718
vt 6.8002 0.0031 0.8432
vt 5.6502 0.0359 0.0469
vt 5.9633 0.0357 0.0664
vt 2.3520 0.3803 0.0043
vt 2.0394 0.5355 0.0042
vt 2.0367 0.5308 0.0045
vt 2.3498 0.3755 0.0045
vt 2.6748 0.2478 0.0045
vt 2.6767 0.2527 0.0043
vt 5.3252 0.0359 0.0310
vt 5.6502 0.0018 0.9398
vt 5.9632 0.0019 0.9203
vt 5.6479 7.5133 0.0000
vt 5.9606 7.3581 0.0000
vt 5.9632 7.3628 0.0002
vt 5.6502 7.5181 0.0002
vt 5.3252 7.6458 0.0002
vt 5.3233 7.6408 0.0000
vt 5.3252 0.0018 0.9557
vt 4.3526 0.0138 0.0016
vt 4.6913 0.0152 0.0068
vt 7.9458 3.3087 0.0019
vt 7.9875 3.6474 0.0017
vt 7.9822 3.6478 0.0015
vt 7.9404 3.3096 0.0017
vt 7.9936 3.9885 0.0013
vt 7.9990 3.9885 0.0015
vt 4.0115 0.0124 0.0001
vt 1.1454 0.0255 0.1502
vt 1.3995 0.0268 0.1210
vt 6.8507 1.2049 0.0030
vt 6.5969 0.9721 0.0031
vt 6.6005 0.9681 0.0034
vt 6.8546 1.2013 0.0032
vt 7.0878 1.4558 0.0030
vt 7.0835 1.4591 0.0028
vt 6.5442 0.0241 0.1140
vt 6.7987 0.0255 0.1432
vt 1.1453 0.0122 0.8365
vt 1.3995 0.0108 0.8657
vt 1.1492 6.6886 0.0013
vt 1.4030 6.9215 0.0011
vt 1.3995 6.9255 0.0014
vt 1.1453 6.6923 0.0015
vt 0.9122 6.4378 0.0017
vt 0.9164 6.4345 0.0015
vt 6.4378 0.0136 0.8860
vt 6.6923 0.0122 0.8568
vt 3.6704 0.0110 0.0025
vt 7.9747 4.3291 0.0012
vt 7.9801 4.3296 0.0014
vt 7.9308 4.6680 0.0012
vt 7.9255 4.6671 0.0010
vt 3.3320 0.0097 0.0086
vt 6.2700 0.0226 0.0877
vt 7.2939 1.7330 0.0026
vt 7.2984 1.7300 0.0028
vt 7.4793 2.0244 0.0024
vt 7.4840 2.0219 0.0026
vt 5.9781 0.0212 0.0645
vt 6.1636 0.0150 0.9123
vt 0.7061 6.1606 0.0017
vt 0.7016 6.1636 0.0019
vt 2.3594 0.0063 0.0492
vt 2.6739 0.0074 0.0321
vt 7.6019 5.6383 0.0006
vt 7.7384 5.3242 0.0007
vt 7.7435 5.3261 0.0009
vt 7.6068 5.6406 0.0008
vt 7.4428 5.9420 0.0007
vt 7.4381 5.9393 0.0004
vt 2.0580 0.0053 0.0697
vt 4.3053 0.0351 0.0046
vt 4.6508 0.0355 0.0098
vt 3.6951 0.0424 0.0042
vt 3.3502 0.0833 0.0042
vt 3.3492 0.0781 0.0044
vt 3.6947 0.0371 0.0044
vt 4.3053 0.0025 0.9821
vt 4.6507 0.0021 0.9769
vt 4.6507 7.8155 0.0003
vt 4.3053 7.8565 0.0003
vt 4.3049 7.8512 0.0001
vt 4.6498 7.8103 0.0000
vt 2.9989 0.0085 0.0185
vt 7.8466 4.9996 0.0008
vt 7.8518 5.0011 0.0011
vt 1.1480 0.0345 0.8500
vt 1.2035 1.1518 0.0041
vt 1.1998 1.1480 0.0043
vt 1.4593 0.9194 0.0044
vt 1.4627 0.9235 0.0042
vt 6.5407 0.0351 0.1149
vt 6.8002 0.0345 0.1435
vt 6.2609 0.0022 0.8976
vt 6.2579 7.1763 0.0001
vt 6.2609 7.1807 0.0003
vt 4.2462 0.0238 0.9984
vt 4.5849 0.0224 0.9932
vt 0.0542 4.5849 0.0028
vt 0.0124 4.2462 0.0030
vt 0.0178 4.2458 0.0028
vt 0.0595 4.5840 0.0026
vt 0.0063 3.9051 0.0029
vt 0.0009 3.9051 0.0032
vt 3.9051 0.0252 0.9999
vt 5.0253 0.0167 0.0158
vt 5.3526 0.0182 0.0284
vt 7.8688 2.9761 0.0019
vt 7.7676 2.6492 0.0021
vt 7.7727 2.6474 0.0023
vt 7.8740 2.9747 0.0021
vt 3.5640 0.0266 0.9975
vt 0.0253 3.5645 0.0031
vt 0.0199 3.5640 0.0033
vt 0.0691 3.2256 0.0035
vt 0.0744 3.2265 0.0033
vt 3.2256 0.0279 0.9914
vt 5.6713 0.0197 0.0447
vt 7.6376 2.3309 0.0022
vt 7.6425 2.3287 0.0025
vt 2.2530 0.0313 0.9508
vt 2.5675 0.0303 0.9679
vt 0.3981 2.2553 0.0037
vt 0.2616 2.5694 0.0036
vt 0.2565 2.5675 0.0038
vt 0.3932 2.2530 0.0039
vt 1.7720 0.0045 0.0934
vt 7.2483 6.2249 0.0003
vt 7.2527 6.2280 0.0006
vt 2.8925 0.0291 0.9815
vt 0.1534 2.8940 0.0034
vt 0.1482 2.8925 0.0036
vt 4.9913 0.0358 0.0186
vt 3.0101 0.1536 0.0042
vt 3.0087 0.1485 0.0045
vt 4.9913 0.0019 0.9681
vt 4.9913 7.7451 0.0002
vt 4.9899 7.7400 0.0000
vt 6.2609 0.0355 0.0891
vt 1.7421 0.7173 0.0042
vt 1.7391 0.7129 0.0044
vt 1.6733 0.0281 0.0947
vt 6.3235 0.7619 0.0033
vt 6.3267 0.7576 0.0035
vt 1.6733 0.0095 0.8920
vt 1.6733 7.1360 0.0012
vt 1.6765 7.1317 0.0010
vt 4.9189 0.0209 0.9843
vt 0.1260 4.9189 0.0026
vt 0.1312 4.9175 0.0024
vt 6.8865 0.6398 0.5036
vt 6.8516 0.6557 0.5012
vt 6.7944 0.6559 0.4971
vt 6.8862 0.5643 0.5036
vt 6.7594 0.6403 0.4947
vt 6.7592 0.5648 0.4946
vt 1.0986 0.6411 0.4645
vt 1.0637 0.6567 0.4669
vt 1.0065 0.6564 0.4710
vt 0.9716 0.6406 0.4734
vt 1.0989 0.5656 0.4644
vt 0.9718 0.5651 0.4734
vt 4.1997 0.6405 0.1205
vt 4.1600 0.6561 0.1205
vt 4.0953 0.6558 0.1205
vt 4.0559 0.6400 0.1205
vt 4.0564 0.5644 0.1205
vt 4.2002 0.5650 0.1205
vt 1.2394 3.9048 0.0828
vt 1.2011 3.9698 0.0828
vt 1.1442 4.0019 0.0828
vt 1.2395 3.8404 0.0829
vt 1.0676 4.0018 0.0828
vt 1.0108 3.9696 0.0828
vt 0.9726 3.9046 0.0828
vt 0.9727 3.8402 0.0828
vt 1.0678 3.7431 0.0829
vt 1.0110 3.7752 0.0829
vt 1.1444 3.7432 0.0829
vt 1.2012 3.7754 0.0829
vt 3.9438 0.5649 0.1561
vt 3.9444 0.6404 0.1560
vt 3.9049 0.6563 0.1560
vt 3.8006 0.6410 0.1560
vt 3.8402 0.6565 0.1560
vt 3.8000 0.5655 0.1561
vt 1.2407 0.6410 0.4735
vt 1.2058 0.6568 0.4710
vt 1.1487 0.6568 0.4670
vt 1.2410 0.5655 0.4734
vt 1.1138 0.6411 0.4645
vt 1.1140 0.5656 0.4644
vt 7.0283 0.5644 0.4946
vt 7.0286 0.6399 0.4946
vt 6.9937 0.6556 0.4971
vt 6.9014 0.5643 0.5036
vt 6.9366 0.6556 0.5012
vt 6.9016 0.6398 0.5036
vt 3.9304 0.6579 0.1552
vt 3.9491 0.6504 0.1552
vt 3.9586 0.6578 0.1531
vt 3.7866 0.6585 0.1531
vt 3.7959 0.6510 0.1552
vt 3.8147 0.6584 0.1552
vt 1.0896 0.6585 0.4661
vt 1.1062 0.6511 0.4649
vt 1.1227 0.6586 0.4661
vt 4.1855 0.6580 0.1213
vt 4.2043 0.6506 0.1213
vt 4.2136 0.6581 0.1234
vt 4.0416 0.6574 0.1234
vt 4.0511 0.6500 0.1213
vt 4.0698 0.6575 0.1213
vt 6.8775 0.6574 0.5020
vt 6.8941 0.6499 0.5032
vt 6.9107 0.6574 0.5020
vt 6.8884 0.5597 0.5033
vt 6.8938 0.5606 0.5036
vt 6.8992 4.0265 0.0700
vt 6.8938 4.0288 0.0701
vt 6.8884 4.0265 0.0700
vt 6.8938 4.0228 0.0697
vt 6.8992 0.5597 0.5033
vt 6.7550 0.5611 0.4938
vt 6.7597 0.5602 0.4942
vt 3.9447 0.5603 0.1557
vt 3.9504 0.5611 0.1556
vt 6.7597 3.9538 0.0700
vt 6.7550 3.9504 0.0701
vt 6.7544 3.9447 0.0700
vt 6.7603 3.9474 0.0698
vt 3.7926 0.5655 0.1558
vt 3.7991 0.5609 0.1557
vt 3.7872 0.5655 0.1551
vt 3.7900 0.5609 0.1550
vt 3.7956 0.5583 0.1551
vt 1.1064 0.5656 0.4641
vt 1.1118 0.5610 0.4646
vt 1.1011 0.5610 0.4646
vt 1.1065 0.5584 0.4649
vt 0.9662 0.5650 0.4740
vt 0.9724 0.5605 0.4737
vt 4.2012 0.5604 0.1209
vt 4.2077 0.5650 0.1208
vt 4.2046 0.5579 0.1215
vt 4.2103 0.5605 0.1216
vt 4.0498 0.5607 0.1209
vt 4.0555 0.5598 0.1209
vt 7.0277 0.5598 0.4942
vt 7.0324 0.5607 0.4938
vt 7.0271 3.9472 0.0697
vt 7.0331 3.9445 0.0700
vt 7.0324 3.9502 0.0701
vt 7.0277 3.9536 0.0700
vt 1.1334 4.0097 0.0826
vt 1.1472 4.0072 0.0825
vt 1.1406 4.0102 0.0825
vt 6.8594 0.6599 0.5013
vt 6.8528 0.6603 0.5009
vt 6.8641 0.6570 0.5018
vt 6.8666 0.6608 0.5012
vt 6.8940 0.6398 0.5038
vt 6.8898 0.6453 0.5036
vt 6.8983 0.6453 0.5036
vt 1.0712 4.0102 0.0825
vt 1.0646 4.0071 0.0825
vt 1.0785 4.0096 0.0826
vt 6.9240 0.6569 0.5018
vt 6.9288 0.6598 0.5013
vt 6.9215 0.6607 0.5012
vt 6.9354 0.6602 0.5009
vt 1.2450 3.9120 0.0826
vt 1.2409 3.9179 0.0827
vt 1.2456 3.9049 0.0826
vt 3.9180 0.6575 0.1558
vt 3.9120 0.6604 0.1556
vt 3.9049 0.6608 0.1557
vt 3.9179 0.6613 0.1551
vt 3.9517 0.6404 0.1557
vt 3.9471 0.6459 0.1558
vt 3.9572 0.6403 0.1551
vt 3.9542 0.6458 0.1552
vt 1.2103 3.9709 0.0825
vt 1.2042 3.9750 0.0826
vt 1.2134 3.9645 0.0826
vt 1.2247 3.9586 0.0822
vt 1.2165 3.9692 0.0822
vt 6.7958 0.6605 0.4969
vt 6.7898 0.6602 0.4964
vt 6.7838 0.6573 0.4961
vt 1.2044 3.7702 0.0827
vt 1.2104 3.7743 0.0826
vt 1.2135 3.7807 0.0827
vt 1.2163 0.6581 0.4720
vt 1.2104 0.6610 0.4718
vt 1.2044 0.6613 0.4713
vt 1.2249 3.7866 0.0823
vt 1.2167 3.7760 0.0823
vt 3.7877 0.6410 0.1551
vt 3.7932 0.6410 0.1558
vt 3.7908 0.6465 0.1553
vt 3.7979 0.6465 0.1558
vt 1.2409 3.8273 0.0827
vt 1.2450 3.8332 0.0826
vt 1.2457 3.8403 0.0826
vt 3.8272 0.6579 0.1558
vt 3.8332 0.6608 0.1556
vt 3.8273 0.6617 0.1551
vt 3.8403 0.6611 0.1557
vt 1.0648 3.7378 0.0827
vt 1.0715 3.7348 0.0826
vt 1.0787 3.7353 0.0827
vt 1.0762 0.6580 0.4663
vt 1.0715 0.6609 0.4668
vt 1.0648 0.6612 0.4672
vt 1.0787 0.6618 0.4669
vt 1.1062 0.6448 0.4643
vt 1.1020 0.6466 0.4645
vt 1.1104 0.6466 0.4645
vt 1.1336 3.7354 0.0827
vt 1.1408 3.7348 0.0826
vt 1.1474 3.7379 0.0827
vt 1.1408 0.6610 0.4669
vt 1.1336 0.6619 0.4669
vt 1.1361 0.6581 0.4663
vt 1.1474 0.6614 0.4672
vt 0.9665 3.8401 0.0826
vt 0.9671 3.8330 0.0825
vt 0.9712 3.8271 0.0827
vt 4.1730 0.6575 0.1207
vt 4.1670 0.6603 0.1209
vt 4.1599 0.6607 0.1208
vt 4.1729 0.6613 0.1214
vt 4.2070 0.6406 0.1208
vt 4.2023 0.6460 0.1207
vt 4.2125 0.6406 0.1214
vt 4.2095 0.6461 0.1213
vt 1.0018 3.7741 0.0826
vt 1.0078 3.7700 0.0826
vt 0.9987 3.7805 0.0827
vt 4.2195 0.6615 0.1248
vt 4.2239 0.6577 0.1245
vt 4.2259 0.6606 0.1252
vt 0.9959 0.6577 0.4720
vt 1.0078 0.6610 0.4713
vt 1.0018 0.6606 0.4718
vt 1.0017 3.9707 0.0825
vt 0.9985 3.9643 0.0826
vt 1.0077 3.9748 0.0825
vt 6.9923 0.6602 0.4969
vt 7.0042 0.6570 0.4961
vt 6.9983 0.6598 0.4963
vt 4.0313 0.6570 0.1245
vt 4.0357 0.6607 0.1248
vt 4.0293 0.6598 0.1252
vt 4.0430 0.6399 0.1214
vt 4.0489 0.6436 0.1208
vt 4.0460 0.6454 0.1213
vt 4.0532 0.6454 0.1207
vt 0.9670 3.9118 0.0825
vt 0.9664 3.9046 0.0826
vt 0.9711 3.9177 0.0826
vt 4.0823 0.6609 0.1214
vt 4.0822 0.6571 0.1207
vt 4.0882 0.6600 0.1209
vt 4.0954 0.6604 0.1208
vt 6.7543 3.7991 0.0701
vt 6.7602 3.7963 0.0699
vt 1.2404 0.5609 0.4737
vt 6.7596 3.7900 0.0701
vt 6.8882 3.7170 0.0701
vt 6.8935 3.7207 0.0699
vt 7.0276 3.7897 0.0701
vt 7.0270 3.7961 0.0698
vt 6.8989 3.7170 0.0701
vt 7.0330 3.7988 0.0701
vt 1.1225 4.0163 0.0822
vt 1.0893 4.0163 0.0822
vt 1.2413 3.9304 0.0822
vt 6.7580 0.6458 0.4943
vt 3.9689 0.6573 0.1520
vt 1.2414 3.8147 0.0823
vt 1.2421 0.6465 0.4738
vt 3.7762 0.6581 0.1520
vt 1.0896 3.7286 0.0823
vt 1.1227 3.7286 0.0823
vt 0.9707 3.8145 0.0822
vt 0.9873 3.7864 0.0823
vt 0.9702 0.6461 0.4738
vt 0.9872 3.9584 0.0822
vt 0.9707 3.9302 0.0822
vt 7.0299 0.6454 0.4943
vt 3.9567 0.5648 0.1551
vt 4.0435 0.5644 0.1215
vt 4.2131 0.5651 0.1215
vt 6.5969 0.6458 0.3326
vt 6.5566 0.6616 0.3326
vt 6.4906 0.6617 0.3326
vt 6.4500 0.5705 0.3325
vt 6.4503 0.6461 0.3326
vt 6.5967 0.5703 0.3325
vt 1.5096 0.6629 0.2977
vt 1.4436 0.6628 0.2977
vt 1.4033 0.6470 0.2977
vt 1.4035 0.5714 0.2977
vt 1.5500 0.6472 0.2977
vt 1.5502 0.5717 0.2977
vt 5.5765 0.6625 0.1712
vt 5.5205 0.6622 0.1671
vt 5.4863 0.6463 0.1646
vt 5.6108 0.6469 0.1738
vt 5.6114 0.5714 0.1738
vt 5.4869 0.5708 0.1646
vt 1.5092 2.6522 0.0835
vt 1.4436 2.6522 0.0835
vt 1.3773 2.6146 0.0835
vt 1.6084 2.5590 0.0836
vt 1.3445 2.5588 0.0835
vt 1.3446 2.4837 0.0836
vt 1.3774 2.4280 0.0836
vt 1.5094 2.3906 0.0837
vt 1.4438 2.3905 0.0836
vt 1.5757 2.4282 0.0837
vt 1.6084 2.4839 0.0836
vt 1.5755 2.6147 0.0836
vt 2.6527 0.5706 0.1954
vt 2.6532 0.6461 0.1954
vt 2.6191 0.6620 0.1979
vt 2.5288 0.6467 0.2045
vt 2.5631 0.6623 0.2020
vt 2.5282 0.5712 0.2046
vt 2.5134 0.5713 0.2046
vt 2.5139 0.6468 0.2045
vt 2.4798 0.6626 0.2020
vt 2.3893 0.6472 0.1954
vt 2.4237 0.6628 0.1979
vt 2.3888 0.5717 0.1954
vt 5.4715 0.6462 0.1646
vt 5.4371 0.6618 0.1671
vt 5.3811 0.6617 0.1712
vt 5.3474 0.5703 0.1738
vt 5.3469 0.6459 0.1737
vt 5.4720 0.5707 0.1646
vt 6.4359 0.6637 0.3297
vt 6.4455 0.6561 0.3318
vt 6.4646 0.6636 0.3318
vt 2.5052 0.6643 0.2029
vt 2.5214 0.6568 0.2041
vt 2.5377 0.6642 0.2029
vt 1.5356 0.6646 0.2986
vt 1.5548 0.6572 0.2986
vt 1.5643 0.6646 0.3006
vt 1.3889 0.6644 0.3006
vt 1.3985 0.6570 0.2986
vt 1.4176 0.6645 0.2986
vt 5.4625 0.6637 0.1662
vt 5.4788 0.6563 0.1650
vt 5.4950 0.6639 0.1662
vt 6.5826 0.6634 0.3317
vt 6.6017 0.6559 0.3317
vt 6.6113 0.6634 0.3297
vt 6.5976 0.5657 0.3322
vt 6.6034 0.5666 0.3321
vt 6.5976 2.6572 0.0707
vt 6.6004 2.6514 0.0705
vt 6.6069 2.6519 0.0707
vt 6.6034 2.6566 0.0708
vt 5.3434 0.5666 0.1746
vt 5.3481 0.5658 0.1741
vt 6.4433 0.5668 0.3321
vt 6.4491 0.5660 0.3322
vt 2.6521 0.5660 0.1950
vt 2.6567 0.5668 0.1946
vt 6.4491 2.6573 0.0707
vt 6.4433 2.6567 0.0709
vt 6.4398 2.6521 0.0708
vt 6.4463 2.6515 0.0705
vt 2.5208 0.5712 0.2048
vt 2.5260 0.5666 0.2043
vt 2.5155 0.5667 0.2043
vt 2.5207 0.5641 0.2040
vt 2.3833 0.5717 0.1947
vt 2.3893 0.5671 0.1951
vt 1.5512 0.5671 0.2980
vt 1.5578 0.5717 0.2979
vt 1.5604 0.5671 0.2987
vt 1.5546 0.5645 0.2986
vt 1.3959 0.5714 0.2979
vt 1.4026 0.5669 0.2980
vt 5.6108 0.5668 0.1742
vt 5.6168 0.5714 0.1745
vt 1.3999 0.5649 0.2987
vt 1.4030 0.5679 0.2982
vt 1.3933 0.5668 0.2986
vt 5.4795 0.5670 0.1646
vt 5.4847 0.5662 0.1649
vt 5.4742 0.5661 0.1649
vt 6.6834 2.5205 0.0709
vt 6.6810 2.5258 0.0708
vt 6.6773 2.5205 0.0705
vt 6.6810 2.5153 0.0708
vt 1.4302 2.6536 0.0833
vt 1.4435 2.6582 0.0833
vt 1.4362 2.6576 0.0832
vt 6.5565 0.6662 0.3323
vt 6.5699 0.6629 0.3323
vt 6.5638 0.6658 0.3322
vt 6.5698 0.6667 0.3317
vt 6.6044 0.6458 0.3323
vt 6.5996 0.6513 0.3323
vt 6.6100 0.6459 0.3316
vt 6.6069 0.6513 0.3318
vt 1.3827 2.6266 0.0833
vt 1.3761 2.6235 0.0832
vt 1.3720 2.6176 0.0833
vt 6.6173 0.6668 0.3283
vt 6.6218 0.6630 0.3287
vt 6.6239 0.6659 0.3279
vt 5.3824 0.6663 0.1715
vt 5.3765 0.6659 0.1720
vt 5.3707 0.6630 0.1723
vt 1.5766 2.6237 0.0833
vt 1.5701 2.6268 0.0834
vt 1.5808 2.6178 0.0833
vt 2.6178 0.6666 0.1976
vt 2.6295 0.6633 0.1968
vt 2.6237 0.6662 0.1971
vt 1.5641 2.6379 0.0830
vt 1.5749 2.6298 0.0830
vt 6.4371 0.6461 0.3317
vt 6.4428 0.6461 0.3323
vt 6.4402 0.6516 0.3318
vt 6.4475 0.6516 0.3323
vt 1.5226 2.6536 0.0834
vt 1.5166 2.6576 0.0832
vt 1.5093 2.6583 0.0833
vt 6.4773 0.6631 0.3323
vt 6.4834 0.6660 0.3322
vt 6.4774 0.6669 0.3317
vt 6.4907 0.6663 0.3323
vt 1.6139 2.4810 0.0834
vt 1.6170 2.4875 0.0834
vt 1.6164 2.4946 0.0835
vt 2.4810 0.6672 0.2017
vt 2.4921 0.6639 0.2026
vt 2.4875 0.6668 0.2021
vt 2.4946 0.6677 0.2020
vt 2.5213 0.6468 0.2048
vt 2.5172 0.6523 0.2045
vt 2.5255 0.6522 0.2045
vt 1.6169 2.5555 0.0833
vt 1.6138 2.5620 0.0834
vt 1.6163 2.5484 0.0834
vt 2.5508 0.6637 0.2026
vt 2.5555 0.6665 0.2021
vt 2.5484 0.6674 0.2020
vt 2.5620 0.6669 0.2017
vt 1.5095 2.3845 0.0834
vt 1.5168 2.3851 0.0834
vt 1.5228 2.3892 0.0835
vt 1.5229 0.6642 0.2980
vt 1.5168 0.6671 0.2981
vt 1.5095 0.6674 0.2981
vt 1.5228 0.6679 0.2986
vt 1.5571 0.6509 0.2981
vt 1.5527 0.6527 0.2980
vt 1.5631 0.6472 0.2987
vt 1.5600 0.6527 0.2985
vt 1.5703 2.4161 0.0835
vt 1.5768 2.4192 0.0834
vt 1.5810 2.4251 0.0834
vt 1.5643 2.4050 0.0831
vt 1.5751 2.4130 0.0831
vt 2.4251 0.6674 0.1976
vt 2.4192 0.6670 0.1971
vt 2.4134 0.6642 0.1969
vt 1.3721 2.4249 0.0834
vt 1.3763 2.4190 0.0833
vt 1.3829 2.4160 0.0835
vt 5.5868 0.6639 0.1723
vt 5.5810 0.6667 0.1720
vt 5.5751 0.6670 0.1715
vt 1.3784 2.4132 0.0830
vt 1.3889 2.4048 0.0830
vt 1.3766 2.4193 0.0833
vt 1.3902 0.6469 0.2986
vt 1.3959 0.6470 0.2980
vt 1.3933 0.6524 0.2985
vt 1.4006 0.6524 0.2980
vt 1.4364 2.3851 0.0834
vt 1.4437 2.3845 0.0834
vt 1.4304 2.3891 0.0835
vt 1.4303 0.6641 0.2980
vt 1.4364 0.6669 0.2981
vt 1.4304 0.6678 0.2986
vt 1.4437 0.6673 0.2981
vt 1.3360 2.5552 0.0833
vt 1.3366 2.5482 0.0834
vt 1.3391 2.5617 0.0833
vt 5.4448 0.6661 0.1670
vt 5.4383 0.6664 0.1674
vt 5.4494 0.6632 0.1665
vt 5.4518 0.6670 0.1671
vt 5.4789 0.6499 0.1645
vt 5.4747 0.6517 0.1646
vt 5.4830 0.6518 0.1646
vt 1.3366 2.4944 0.0834
vt 1.3361 2.4872 0.0833
vt 1.3392 2.4808 0.0833
vt 5.5082 0.6635 0.1665
vt 5.5128 0.6664 0.1670
vt 5.5056 0.6672 0.1671
vt 5.5192 0.6668 0.1674
vt 6.3692 2.5207 0.0706
vt 6.3654 2.5260 0.0708
vt 6.3654 2.5155 0.0708
vt 6.4396 2.3893 0.0709
vt 6.4461 2.3899 0.0706
vt 6.4488 2.3841 0.0709
vt 6.5974 2.3839 0.0709
vt 6.6001 2.3898 0.0706
vt 6.6067 2.3892 0.0709
vt 1.4174 2.6540 0.0829
vt 1.3887 2.6377 0.0829
vt 5.3455 0.6513 0.1741
vt 1.5354 2.6541 0.0829
vt 2.6546 0.6516 0.1950
vt 6.4254 0.6633 0.3287
vt 1.6232 2.5052 0.0830
vt 1.6232 2.5377 0.0830
vt 1.5356 2.3887 0.0831
vt 2.3880 0.6527 0.1950
vt 1.5748 0.6642 0.3017
vt 1.4176 2.3886 0.0831
vt 5.6121 0.6524 0.1742
vt 1.3784 0.6639 0.3017
vt 1.3298 2.5375 0.0830
vt 1.3298 2.5050 0.0830
vt 6.6098 0.5703 0.3316
vt 6.4369 0.5706 0.3316
vt 2.3847 0.6509 0.1946
vt 2.3900 0.6472 0.1953
vt 5.6161 0.6470 0.1745
vt 5.6106 0.6469 0.1738
vt 5.6483 0.6516 0.2022
vt 5.6134 0.6672 0.2047
vt 5.5563 0.6672 0.2087
vt 5.6481 0.5760 0.2021
vt 5.5213 0.6515 0.2112
vt 5.5211 0.5759 0.2111
vt 2.5861 0.6684 0.1785
vt 2.5290 0.6684 0.1745
vt 2.4941 0.6528 0.1720
vt 2.4943 0.5772 0.1719
vt 2.6210 0.6527 0.1810
vt 2.6212 0.5771 0.1809
vt 2.4789 0.6527 0.1720
vt 2.4439 0.6683 0.1745
vt 2.3868 0.6681 0.1785
vt 2.3521 0.5767 0.1809
vt 2.3519 0.6522 0.1810
vt 2.4791 0.5772 0.1719
vt 2.4479 1.6622 0.0842
vt 2.3911 1.6300 0.0842
vt 2.3529 1.5649 0.0842
vt 2.5245 1.6623 0.0842
vt 2.3529 1.5006 0.0843
vt 2.3913 1.4356 0.0843
vt 2.4481 1.4035 0.0843
vt 2.5247 1.4035 0.0844
vt 2.6197 1.5008 0.0843
vt 2.5815 1.4358 0.0844
vt 2.6197 1.5651 0.0843
vt 2.5813 1.6301 0.0843
vt 5.4713 0.6673 0.2087
vt 5.4141 0.6676 0.2047
vt 5.3791 0.6520 0.2022
vt 5.5062 0.6515 0.2112
vt 5.5060 0.5760 0.2111
vt 5.3789 0.5764 0.2021
vt 1.6047 0.6520 0.3286
vt 1.5653 0.6679 0.3286
vt 1.5006 0.6682 0.3286
vt 1.4609 0.6526 0.3286
vt 1.6042 0.5765 0.3286
vt 1.4604 0.5771 0.3286
vt 6.5398 0.5766 0.2931
vt 6.5393 0.6522 0.2930
vt 6.4996 0.6677 0.2930
vt 6.3955 0.6516 0.2930
vt 6.4349 0.6675 0.2930
vt 6.3961 0.5761 0.2930
vt 5.4972 0.6690 0.2096
vt 5.5138 0.6615 0.2108
vt 5.5304 0.6690 0.2096
vt 1.5908 0.6696 0.3277
vt 1.6095 0.6621 0.3277
vt 1.6189 0.6694 0.3256
vt 1.4469 0.6701 0.3256
vt 1.4563 0.6627 0.3277
vt 1.4751 0.6701 0.3277
vt 2.4699 0.6702 0.1736
vt 2.4865 0.6628 0.1724
vt 2.5030 0.6702 0.1736
vt 6.5251 0.6696 0.2939
vt 6.5439 0.6623 0.2939
vt 6.5533 0.6698 0.2960
vt 6.3813 0.6691 0.2959
vt 6.3907 0.6616 0.2939
vt 6.4094 0.6692 0.2939
vt 5.6475 0.5715 0.2017
vt 5.6522 0.5723 0.2013
vt 5.6522 1.6105 0.0715
vt 5.6475 1.6139 0.0714
vt 5.6469 1.6075 0.0712
vt 5.6528 1.6048 0.0714
vt 6.3895 0.5723 0.2935
vt 6.3952 0.5715 0.2934
vt 5.5135 0.5722 0.2111
vt 5.5189 0.5714 0.2109
vt 5.5082 0.5714 0.2109
vt 5.5189 1.6869 0.0714
vt 5.5135 1.6892 0.0715
vt 5.5082 1.6869 0.0714
vt 5.5135 1.6832 0.0712
vt 1.6170 0.5764 0.3276
vt 1.6116 0.5765 0.3283
vt 1.6142 0.5719 0.3276
vt 1.6051 0.5719 0.3282
vt 1.6077 0.5700 0.3275
vt 1.4529 0.5771 0.3284
vt 1.4594 0.5725 0.3283
vt 1.4475 0.5771 0.3277
vt 1.4503 0.5725 0.3276
vt 1.4567 0.5706 0.3275
vt 2.4867 0.5772 0.1717
vt 2.4921 0.5726 0.1722
vt 2.4814 0.5726 0.1722
vt 2.4867 0.5700 0.1725
vt 2.3480 0.5729 0.1817
vt 2.3527 0.5721 0.1813
vt 6.5408 0.5721 0.2934
vt 6.5465 0.5729 0.2935
vt 5.6527 1.4592 0.0715
vt 5.6467 1.4565 0.0713
vt 5.6473 1.4501 0.0715
vt 5.6520 1.4535 0.0716
vt 2.3819 1.6311 0.0839
vt 2.3788 1.6246 0.0840
vt 2.3879 1.6352 0.0840
vt 5.6181 0.6715 0.2039
vt 5.6121 0.6718 0.2044
vt 5.6239 0.6686 0.2036
vt 6.3709 0.6686 0.2970
vt 6.3754 0.6724 0.2974
vt 6.3689 0.6715 0.2977
vt 6.3826 0.6516 0.2940
vt 6.3882 0.6516 0.2933
vt 6.3856 0.6570 0.2938
vt 6.3928 0.6571 0.2933
vt 2.3467 1.5650 0.0840
vt 2.3514 1.5780 0.0841
vt 2.3473 1.5722 0.0840
vt 6.4219 0.6688 0.2933
vt 6.4278 0.6717 0.2934
vt 6.4220 0.6725 0.2939
vt 6.4350 0.6721 0.2933
vt 2.5209 1.6706 0.0839
vt 2.5136 1.6700 0.0841
vt 2.5275 1.6675 0.0840
vt 5.4791 0.6715 0.2088
vt 5.4725 0.6719 0.2084
vt 5.4838 0.6686 0.2093
vt 5.4864 0.6724 0.2088
vt 5.5138 0.6515 0.2114
vt 5.5095 0.6569 0.2111
vt 5.5180 0.6569 0.2111
vt 2.4588 1.6700 0.0840
vt 2.4515 1.6705 0.0839
vt 2.4449 1.6675 0.0840
vt 5.5438 0.6685 0.2093
vt 5.5485 0.6714 0.2088
vt 5.5412 0.6723 0.2087
vt 5.5551 0.6718 0.2084
vt 2.6259 1.5652 0.0841
vt 2.6253 1.5724 0.0840
vt 2.6211 1.5783 0.0841
vt 1.5784 0.6692 0.3283
vt 1.5724 0.6721 0.3282
vt 1.5652 0.6725 0.3282
vt 1.5783 0.6730 0.3276
vt 1.6120 0.6520 0.3283
vt 1.6074 0.6575 0.3283
vt 1.6176 0.6520 0.3276
vt 1.6146 0.6575 0.3278
vt 2.5937 1.6248 0.0841
vt 2.5905 1.6312 0.0840
vt 2.5845 1.6353 0.0840
vt 2.6050 1.6189 0.0837
vt 2.5968 1.6295 0.0837
vt 5.4155 0.6721 0.2044
vt 5.4095 0.6718 0.2039
vt 5.4036 0.6689 0.2037
vt 2.5907 1.4346 0.0841
vt 2.5938 1.4411 0.0842
vt 2.5847 1.4305 0.0841
vt 2.5907 0.6726 0.1793
vt 2.5847 0.6730 0.1788
vt 2.5966 0.6697 0.1796
vt 1.4366 0.6697 0.3246
vt 1.4411 0.6735 0.3242
vt 1.4346 0.6726 0.3238
vt 1.4481 0.6527 0.3276
vt 1.4540 0.6563 0.3282
vt 1.4511 0.6581 0.3278
vt 1.4583 0.6581 0.3283
vt 2.6253 1.4936 0.0841
vt 2.6259 1.5007 0.0841
vt 2.6212 1.4877 0.0842
vt 1.4875 0.6696 0.3283
vt 1.4936 0.6724 0.3282
vt 1.4877 0.6733 0.3277
vt 1.5007 0.6728 0.3282
vt 2.4518 1.3951 0.0841
vt 2.4590 1.3957 0.0842
vt 2.4451 1.3982 0.0841
vt 2.4518 0.6725 0.1744
vt 2.4451 0.6729 0.1748
vt 2.4565 0.6697 0.1739
vt 2.4590 0.6734 0.1745
vt 2.4865 0.6528 0.1718
vt 2.4823 0.6582 0.1721
vt 2.4907 0.6582 0.1721
vt 2.5139 1.3957 0.0842
vt 2.5211 1.3952 0.0841
vt 2.5277 1.3982 0.0841
vt 2.5164 0.6698 0.1739
vt 2.5211 0.6726 0.1744
vt 2.5139 0.6735 0.1745
vt 2.5277 0.6730 0.1748
vt 2.3474 1.4933 0.0840
vt 2.3515 1.4875 0.0841
vt 2.3468 1.5005 0.0840
vt 6.4995 0.6723 0.2933
vt 6.5127 0.6691 0.2933
vt 6.5067 0.6720 0.2934
vt 6.5125 0.6729 0.2939
vt 6.5462 0.6559 0.2934
vt 6.5419 0.6577 0.2933
vt 6.5522 0.6522 0.2940
vt 6.5491 0.6577 0.2938
vt 2.3881 1.4304 0.0841
vt 2.3790 1.4409 0.0841
vt 2.3821 1.4345 0.0840
vt 6.5591 0.6731 0.2974
vt 6.5636 0.6694 0.2970
vt 6.5655 0.6723 0.2978
vt 2.3881 0.6727 0.1788
vt 2.3821 0.6723 0.1793
vt 2.3762 0.6694 0.1796
vt 5.3795 0.5719 0.2018
vt 5.3795 1.6142 0.0715
vt 5.3800 1.6077 0.0713
vt 5.3799 1.4567 0.0713
vt 5.3741 1.6051 0.0715
vt 5.3740 1.4594 0.0716
vt 2.6207 0.5725 0.1813
vt 5.3793 1.4503 0.0716
vt 5.5079 1.3774 0.0716
vt 5.5133 1.3811 0.0713
vt 5.5186 1.3774 0.0716
vt 2.3675 1.6187 0.0836
vt 2.3509 1.5906 0.0836
vt 5.6496 0.6570 0.2018
vt 2.5028 1.6767 0.0836
vt 2.4696 1.6767 0.0836
vt 2.6216 1.5908 0.0837
vt 5.3778 0.6575 0.2018
vt 1.6292 0.6689 0.3246
vt 2.6052 1.4469 0.0838
vt 2.6217 1.4751 0.0838
vt 2.6224 0.6581 0.1814
vt 2.4699 1.3890 0.0838
vt 2.5030 1.3890 0.0838
vt 2.3510 1.4749 0.0837
vt 2.3676 1.4467 0.0837
vt 2.3505 0.6577 0.1814
vt 6.3832 0.5760 0.2940
vt 6.5527 0.5767 0.2940
vt 6.1537 0.6646 0.2610
vt 6.0900 0.6646 0.2631
vt 6.0510 0.6489 0.2644
vt 6.0508 0.5734 0.2643
vt 6.1926 0.6488 0.2597
vt 6.1924 0.5733 0.2596
vt 2.0228 0.6501 0.2307
vt 1.9838 0.6658 0.2295
vt 1.9201 0.6658 0.2274
vt 1.8812 0.6501 0.2261
vt 2.0230 0.5746 0.2307
vt 1.8814 0.5745 0.2260
vt 6.1876 0.6500 0.2333
vt 6.1596 0.6656 0.2297
vt 6.1139 0.6653 0.2239
vt 6.0861 0.6494 0.2203
vt 6.1882 0.5745 0.2333
vt 6.0866 0.5739 0.2204
vt 1.9861 2.0772 0.0839
vt 1.9121 2.0966 0.0839
vt 1.8487 2.0799 0.0839
vt 1.7946 2.0268 0.0839
vt 1.7777 1.9646 0.0839
vt 1.7976 1.8921 0.0840
vt 1.8440 1.8467 0.0840
vt 1.9180 1.8273 0.0840
vt 1.9813 1.8440 0.0840
vt 2.0355 1.8971 0.0840
vt 2.0524 1.9593 0.0840
vt 2.0325 2.0318 0.0839
vt 2.1112 0.6490 0.2455
vt 2.0834 0.6648 0.2490
vt 2.0377 0.6651 0.2549
vt 2.1107 0.5734 0.2455
vt 2.0096 0.6495 0.2584
vt 2.0091 0.5740 0.2585
vt 1.9953 0.6496 0.2589
vt 1.9572 0.6654 0.2576
vt 1.8947 0.6657 0.2555
vt 1.8564 0.6501 0.2542
vt 1.8558 0.5746 0.2542
vt 1.9947 0.5741 0.2589
vt 6.0717 0.6494 0.2199
vt 6.0334 0.6649 0.2211
vt 5.9709 0.6647 0.2233
vt 6.0723 0.5738 0.2199
vt 5.9328 0.6489 0.2246
vt 5.9333 0.5733 0.2246
vt 6.0311 0.6665 0.2621
vt 6.0446 0.6590 0.2637
vt 6.0631 0.6664 0.2631
vt 1.9836 0.6671 0.2576
vt 2.0016 0.6596 0.2582
vt 2.0150 0.6670 0.2566
vt 1.8488 0.6676 0.2509
vt 1.8536 0.6601 0.2532
vt 1.8718 0.6675 0.2538
vt 1.8612 0.6674 0.2284
vt 1.8747 0.6601 0.2267
vt 1.8932 0.6675 0.2273
vt 6.0597 0.6668 0.2211
vt 6.0779 0.6594 0.2205
vt 6.0911 0.6670 0.2222
vt 5.9250 0.6664 0.2279
vt 5.9299 0.6589 0.2256
vt 5.9480 0.6664 0.2249
vt 6.1926 0.5687 0.2593
vt 6.1980 0.5696 0.2590
vt 6.1937 2.0679 0.0709
vt 6.2001 2.0668 0.0711
vt 6.1980 2.0722 0.0712
vt 6.1926 2.0743 0.0711
vt 5.9278 0.5696 0.2252
vt 5.9332 0.5688 0.2250
vt 6.0434 0.5697 0.2641
vt 6.0491 0.5688 0.2640
vt 6.0361 0.5734 0.2638
vt 6.0388 0.5688 0.2637
vt 6.0434 2.1129 0.0712
vt 6.0388 2.1093 0.0711
vt 6.0449 2.1071 0.0709
vt 6.0491 2.1121 0.0711
vt 2.0024 0.5740 0.2590
vt 2.0065 0.5694 0.2583
vt 1.9963 0.5695 0.2586
vt 2.0008 0.5668 0.2582
vt 1.8491 0.5746 0.2537
vt 1.8556 0.5700 0.2538
vt 2.0232 0.5700 0.2310
vt 2.0299 0.5746 0.2311
vt 2.0243 0.5681 0.2318
vt 2.0308 0.5700 0.2320
vt 2.0224 0.5710 0.2312
vt 1.8735 0.5745 0.2260
vt 1.8798 0.5699 0.2263
vt 1.8668 0.5745 0.2265
vt 1.8694 0.5699 0.2266
vt 1.8752 0.5673 0.2267
vt 6.0795 0.5701 0.2201
vt 6.0840 0.5693 0.2205
vt 6.0739 0.5693 0.2202
vt 6.2357 1.9160 0.0712
vt 6.2394 1.9204 0.0713
vt 6.2385 1.9261 0.0712
vt 6.2334 1.9220 0.0709
vt 1.8401 2.0833 0.0836
vt 1.8354 2.0779 0.0837
vt 1.8470 2.0857 0.0836
vt 6.1599 0.6688 0.2604
vt 6.1530 0.6692 0.2607
vt 6.1661 0.6659 0.2604
vt 6.1771 0.6664 0.2594
vt 6.1646 0.6697 0.2597
vt 6.1993 0.6488 0.2592
vt 6.1948 0.6543 0.2594
vt 5.9307 0.6543 0.2249
vt 5.9263 0.6488 0.2251
vt 5.9248 0.6543 0.2257
vt 5.9314 0.6540 0.2250
vt 1.7911 2.0352 0.0836
vt 1.7887 2.0284 0.0837
vt 1.7967 2.0398 0.0837
vt 5.9602 0.6698 0.2246
vt 5.9588 0.6660 0.2239
vt 5.9648 0.6689 0.2239
vt 5.9716 0.6693 0.2236
vt 1.9848 2.0862 0.0836
vt 1.9776 2.0875 0.0837
vt 1.9904 2.0816 0.0837
vt 6.0096 0.6694 0.2602
vt 6.0079 0.6648 0.2604
vt 6.0187 0.6661 0.2614
vt 6.0152 0.6690 0.2608
vt 6.0224 0.6699 0.2609
vt 6.0364 0.6490 0.2639
vt 6.0432 0.6489 0.2644
vt 6.0397 0.6544 0.2640
vt 6.0479 0.6544 0.2642
vt 1.9246 2.1014 0.0837
vt 1.9178 2.1037 0.0836
vt 1.9106 2.1025 0.0836
vt 6.0766 0.6660 0.2633
vt 6.0822 0.6688 0.2630
vt 6.0754 0.6697 0.2627
vt 6.0894 0.6692 0.2628
vt 2.0597 1.9648 0.0837
vt 2.0572 1.9716 0.0838
vt 2.0584 1.9578 0.0838
vt 1.9648 0.6696 0.2575
vt 1.9578 0.6700 0.2573
vt 1.9703 0.6667 0.2578
vt 1.9716 0.6705 0.2572
vt 2.0029 0.6496 0.2589
vt 1.9984 0.6550 0.2588
vt 2.0064 0.6550 0.2585
vt 2.0430 2.0235 0.0838
vt 2.0417 2.0305 0.0837
vt 2.0369 2.0360 0.0837
vt 2.0305 0.6693 0.2552
vt 2.0235 0.6702 0.2554
vt 2.0271 0.6665 0.2559
vt 2.0360 0.6697 0.2546
vt 1.9830 1.8381 0.0838
vt 1.9899 1.8406 0.0838
vt 1.9946 1.8460 0.0839
vt 1.9899 0.6700 0.2301
vt 1.9830 0.6704 0.2298
vt 1.9962 0.6671 0.2301
vt 1.9965 1.8406 0.0834
vt 2.0072 1.8488 0.0834
vt 2.0289 0.6538 0.2313
vt 2.0249 0.6556 0.2311
vt 1.8543 0.6556 0.2539
vt 1.8504 0.6538 0.2536
vt 2.0310 0.6557 0.2318
vt 2.0257 0.6601 0.2317
vt 2.0389 1.8887 0.0837
vt 2.0414 1.8955 0.0838
vt 2.0334 1.8841 0.0838
vt 2.0306 1.8718 0.0834
vt 2.0389 1.8823 0.0834
vt 1.8826 0.6670 0.2548
vt 1.8955 0.6702 0.2552
vt 1.8887 0.6699 0.2549
vt 1.8397 1.8423 0.0838
vt 1.8453 1.8377 0.0837
vt 1.8524 1.8364 0.0838
vt 1.8453 0.6698 0.2297
vt 1.8397 0.6701 0.2303
vt 1.8380 0.6656 0.2301
vt 1.8488 0.6669 0.2291
vt 1.8524 0.6707 0.2295
vt 1.8665 0.6500 0.2265
vt 1.8734 0.6500 0.2261
vt 1.8699 0.6555 0.2265
vt 1.8780 0.6555 0.2262
vt 1.9054 1.8225 0.0839
vt 1.9123 1.8201 0.0837
vt 1.9195 1.8214 0.0838
vt 1.9067 0.6671 0.2272
vt 1.9123 0.6700 0.2275
vt 1.9054 0.6708 0.2278
vt 1.9195 0.6703 0.2277
vt 1.7717 1.9661 0.0837
vt 1.7704 1.9590 0.0836
vt 1.7728 1.9523 0.0838
vt 6.0339 0.6695 0.2215
vt 6.0465 0.6663 0.2210
vt 6.0410 0.6692 0.2213
vt 6.0477 0.6701 0.2216
vt 6.0791 0.6531 0.2200
vt 6.0748 0.6548 0.2200
vt 6.0827 0.6549 0.2203
vt 1.7884 1.8934 0.0837
vt 1.7931 1.8879 0.0837
vt 1.7871 1.9004 0.0838
vt 6.0996 0.6703 0.2234
vt 6.1033 0.6666 0.2229
vt 6.1066 0.6695 0.2236
vt 6.1121 0.6699 0.2241
vt 2.1093 0.5688 0.2452
vt 5.9337 2.0065 0.0712
vt 5.9359 2.0004 0.0709
vt 5.9692 1.8556 0.0712
vt 5.9757 1.8545 0.0710
vt 5.9309 1.9963 0.0712
vt 6.1202 1.8104 0.0712
vt 6.1244 1.8153 0.0710
vt 5.9768 1.8482 0.0712
vt 6.1869 0.5699 0.2337
vt 6.1306 1.8131 0.0712
vt 1.8229 2.0750 0.0833
vt 1.7995 2.0520 0.0833
vt 6.1955 0.6589 0.2588
vt 1.9689 2.0967 0.0833
vt 1.9369 2.1051 0.0833
vt 2.0610 1.9836 0.0834
vt 2.0524 2.0150 0.0834
vt 2.0072 0.6676 0.2311
vt 1.8612 1.8271 0.0834
vt 1.8932 1.8187 0.0834
vt 1.7691 1.9403 0.0834
vt 1.7777 1.9089 0.0834
vt 2.0816 0.6694 0.2488
vt 6.1577 0.6701 0.2300
vt 6.8336 0.6428 0.4158
vt 6.7946 0.6586 0.4145
vt 6.7309 0.6588 0.4124
vt 6.6919 0.6432 0.4111
vt 6.8333 0.5672 0.4157
vt 6.6917 0.5676 0.4111
vt 1.2348 0.6441 0.3775
vt 1.1958 0.6597 0.3787
vt 1.1320 0.6596 0.3808
vt 1.2350 0.5686 0.3774
vt 1.0931 0.6438 0.3821
vt 1.0933 0.5682 0.3820
vt 4.9327 0.6437 0.1353
vt 4.8944 0.6592 0.1340
vt 4.8320 0.6590 0.1318
vt 4.7944 0.5675 0.1306
vt 4.7939 0.6431 0.1305
vt 4.9333 0.5682 0.1353
vt 1.3209 3.2381 0.0832
vt 1.2667 3.2911 0.0832
vt 1.2033 3.3077 0.0831
vt 1.0830 3.2427 0.0831
vt 1.1293 3.2882 0.0831
vt 1.0632 3.1701 0.0832
vt 1.0802 3.1080 0.0832
vt 1.1344 3.0550 0.0833
vt 1.2718 3.0579 0.0833
vt 1.1978 3.0384 0.0833
vt 1.3181 3.1034 0.0833
vt 1.3379 3.1759 0.0832
vt 3.2785 0.6432 0.1649
vt 3.2404 0.6591 0.1662
vt 3.1779 0.6594 0.1683
vt 3.1391 0.5683 0.1696
vt 3.1396 0.6438 0.1696
vt 3.2779 0.5677 0.1649
vt 3.1247 0.5684 0.1692
vt 3.1253 0.6439 0.1691
vt 3.0974 0.6597 0.1656
vt 3.0235 0.6441 0.1562
vt 3.0516 0.6598 0.1597
vt 3.0230 0.5686 0.1562
vt 4.7801 0.5675 0.1311
vt 4.7795 0.6430 0.1310
vt 4.7514 0.6587 0.1346
vt 4.6778 0.6428 0.1440
vt 4.7057 0.6586 0.1404
vt 4.6783 0.5672 0.1440
vt 3.2633 0.6608 0.1645
vt 3.2814 0.6532 0.1639
vt 3.2863 0.6606 0.1616
vt 3.1202 0.6614 0.1673
vt 3.1334 0.6539 0.1689
vt 3.1516 0.6613 0.1683
vt 1.2226 0.6616 0.3787
vt 1.2411 0.6542 0.3781
vt 1.2546 0.6616 0.3798
vt 4.9173 0.6611 0.1356
vt 4.9355 0.6538 0.1363
vt 4.9403 0.6613 0.1386
vt 4.7742 0.6605 0.1329
vt 4.7875 0.6531 0.1312
vt 4.8056 0.6606 0.1318
vt 6.8215 0.6603 0.4145
vt 6.8400 0.6528 0.4151
vt 6.8535 0.6603 0.4135
vt 6.8350 0.5627 0.4154
vt 6.8407 0.5635 0.4155
vt 6.8350 3.3231 0.0703
vt 6.8391 3.3181 0.0701
vt 6.8453 3.3204 0.0703
vt 6.8407 3.3240 0.0704
vt 6.8480 0.5672 0.4152
vt 6.8453 0.5627 0.4150
vt 6.6860 0.5639 0.4104
vt 6.6915 0.5631 0.4107
vt 3.2781 0.5631 0.1645
vt 3.2834 0.5639 0.1642
vt 6.6915 3.2855 0.0704
vt 6.6860 3.2834 0.0705
vt 6.6839 3.2781 0.0704
vt 6.6903 3.2792 0.0701
vt 3.1314 0.5683 0.1697
vt 3.1374 0.5637 0.1693
vt 3.1273 0.5638 0.1690
vt 3.1333 0.5618 0.1687
vt 1.2496 0.5686 0.3779
vt 1.2428 0.5686 0.3774
vt 1.2470 0.5640 0.3780
vt 1.2366 0.5640 0.3777
vt 1.2408 0.5621 0.3783
vt 1.0865 0.5682 0.3825
vt 1.0931 0.5636 0.3824
vt 4.9335 0.5636 0.1357
vt 4.9400 0.5682 0.1358
vt 4.9327 0.5646 0.1359
vt 4.9346 0.5617 0.1365
vt 4.9409 0.5636 0.1366
vt 4.7872 0.5638 0.1308
vt 4.7929 0.5630 0.1309
vt 4.7827 0.5629 0.1312
vt 6.9503 3.2173 0.0704
vt 6.9480 3.2113 0.0701
vt 6.9530 3.2071 0.0704
vt 6.9539 3.2128 0.0705
vt 1.1907 3.3125 0.0830
vt 1.2048 3.3136 0.0829
vt 1.1976 3.3148 0.0828
vt 6.7952 0.6632 0.4142
vt 6.8080 0.6599 0.4147
vt 6.8024 0.6628 0.4144
vt 6.8093 0.6637 0.4141
vt 6.8413 0.6428 0.4157
vt 6.8367 0.6482 0.4156
vt 6.8482 0.6428 0.4153
vt 6.8449 0.6482 0.4153
vt 1.1306 3.2972 0.0828
vt 1.1250 3.2925 0.0829
vt 1.1377 3.2985 0.0830
vt 6.8694 0.6628 0.4121
vt 6.8623 0.6637 0.4123
vt 6.8659 0.6599 0.4128
vt 6.8767 0.6586 0.4118
vt 6.8750 0.6631 0.4116
vt 1.3243 3.2464 0.0829
vt 1.3188 3.2511 0.0830
vt 1.3268 3.2397 0.0830
vt 3.2525 0.6604 0.1655
vt 3.2464 0.6633 0.1655
vt 3.2397 0.6637 0.1659
vt 3.2511 0.6641 0.1648
vt 3.2850 0.6432 0.1643
vt 3.2806 0.6487 0.1645
vt 6.6898 0.6486 0.4108
vt 6.6852 0.6432 0.4106
vt 6.6905 0.6483 0.4107
vt 6.6890 0.6532 0.4102
vt 6.6838 0.6487 0.4101
vt 1.2752 3.2945 0.0829
vt 1.2684 3.2969 0.0829
vt 1.2800 3.2891 0.0830
vt 6.7200 0.6639 0.4111
vt 6.7075 0.6606 0.4108
vt 6.7185 0.6601 0.4118
vt 6.7248 0.6630 0.4118
vt 6.7316 0.6633 0.4121
vt 1.3286 3.1116 0.0831
vt 1.3226 3.0991 0.0830
vt 1.3273 3.1046 0.0830
vt 3.1046 0.6638 0.1659
vt 3.0991 0.6642 0.1653
vt 3.1080 0.6610 0.1666
vt 3.1116 0.6647 0.1661
vt 3.1320 0.6439 0.1696
vt 3.1286 0.6493 0.1692
vt 3.1366 0.6493 0.1695
vt 1.3452 3.1703 0.0830
vt 1.3439 3.1774 0.0830
vt 1.3428 3.1636 0.0831
vt 3.1636 0.6645 0.1678
vt 3.1648 0.6608 0.1685
vt 3.1703 0.6636 0.1681
vt 3.1774 0.6640 0.1680
vt 1.2104 3.0336 0.0831
vt 1.1963 3.0325 0.0830
vt 1.2035 3.0312 0.0830
vt 1.2035 0.6640 0.3789
vt 1.1963 0.6643 0.3791
vt 1.2091 0.6611 0.3786
vt 1.2104 0.6648 0.3792
vt 1.2424 0.6478 0.3776
vt 1.2379 0.6496 0.3776
vt 1.2494 0.6441 0.3779
vt 1.2460 0.6496 0.3779
vt 1.2634 3.0475 0.0831
vt 1.2705 3.0489 0.0830
vt 1.2761 3.0535 0.0830
vt 1.2670 0.6611 0.3805
vt 1.2705 0.6640 0.3811
vt 1.2634 0.6649 0.3809
vt 1.2779 0.6598 0.3815
vt 1.2761 0.6643 0.3817
vt 1.0768 3.0996 0.0829
vt 1.0823 3.0950 0.0830
vt 1.0743 3.1063 0.0830
vt 4.8937 0.6638 0.1343
vt 4.9065 0.6606 0.1347
vt 4.9004 0.6635 0.1346
vt 1.0768 3.0932 0.0826
vt 1.0852 3.0827 0.0826
vt 4.9392 0.6437 0.1358
vt 4.9348 0.6492 0.1356
vt 1.0909 0.6492 0.3824
vt 1.0864 0.6437 0.3826
vt 4.9406 0.6492 0.1364
vt 1.1259 3.0515 0.0830
vt 1.1327 3.0491 0.0830
vt 1.1211 3.0570 0.0831
vt 1.1086 3.0597 0.0827
vt 1.1193 3.0516 0.0827
vt 1.1327 0.6641 0.3811
vt 1.1259 0.6637 0.3814
vt 1.1196 0.6609 0.3815
vt 1.0738 3.2414 0.0829
vt 1.0725 3.2344 0.0830
vt 1.0785 3.2469 0.0829
vt 4.7531 0.6633 0.1348
vt 4.7620 0.6600 0.1336
vt 4.7586 0.6629 0.1342
vt 4.7656 0.6638 0.1341
vt 4.7864 0.6467 0.1306
vt 4.7828 0.6485 0.1310
vt 4.7908 0.6485 0.1307
vt 1.0583 3.1824 0.0830
vt 1.0559 3.1757 0.0829
vt 1.0572 3.1686 0.0829
vt 4.8188 0.6602 0.1316
vt 4.8243 0.6631 0.1320
vt 4.8176 0.6640 0.1323
vt 4.8314 0.6635 0.1321
vt 6.6503 3.1333 0.0702
vt 6.6453 3.1374 0.0705
vt 3.0242 0.5640 0.1559
vt 6.6481 3.1273 0.0705
vt 6.7530 3.0242 0.0705
vt 6.7592 3.0264 0.0703
vt 6.7634 3.0215 0.0705
vt 6.9069 3.0591 0.0705
vt 6.9080 3.0654 0.0702
vt 6.9145 3.0665 0.0704
vt 4.6796 0.5627 0.1443
vt 1.1785 3.3161 0.0825
vt 1.1465 3.3077 0.0825
vt 1.3159 3.2633 0.0826
vt 1.2925 3.2863 0.0826
vt 1.3380 3.1202 0.0827
vt 1.3466 3.1516 0.0827
vt 1.2226 3.0299 0.0827
vt 1.2546 3.0383 0.0827
vt 1.1086 0.6613 0.3825
vt 1.0902 0.6538 0.3831
vt 1.0631 3.2258 0.0826
vt 1.0545 3.1944 0.0826
vt 4.7075 0.6631 0.1406
vt 3.0535 0.6643 0.1595
vt 6.7646 0.6496 0.4758
vt 6.7297 0.6652 0.4783
vt 6.6725 0.6649 0.4824
vt 6.6376 0.6491 0.4848
vt 6.6378 0.5736 0.4847
vt 6.7649 0.5741 0.4758
vt 1.2205 0.6483 0.5150
vt 1.1856 0.6642 0.5125
vt 1.1284 0.6644 0.5085
vt 1.0934 0.6488 0.5060
vt 1.0932 0.5733 0.5060
vt 1.2202 0.5728 0.5149
vt 4.0348 0.5734 0.8643
vt 4.0353 0.6489 0.8643
vt 3.9959 0.6648 0.8643
vt 3.9312 0.6650 0.8643
vt 3.8916 0.6495 0.8643
vt 3.8910 0.5740 0.8643
vt 6.6386 3.9312 0.0839
vt 6.6770 3.8662 0.0839
vt 6.7338 3.8341 0.0840
vt 6.8104 3.8342 0.0840
vt 6.8672 3.8664 0.0840
vt 6.9055 3.9314 0.0839
vt 6.9054 3.9958 0.0839
vt 6.6768 4.0606 0.0838
vt 6.8671 4.0608 0.0839
vt 6.8102 4.0929 0.0838
vt 6.7336 4.0928 0.0838
vt 6.6386 3.9956 0.0839
vt 4.1087 0.6490 0.8287
vt 4.0690 0.6646 0.8287
vt 4.0043 0.6643 0.8287
vt 4.1092 0.5735 0.8288
vt 3.9649 0.6485 0.8287
vt 3.9654 0.5729 0.8288
vt 1.3623 0.5729 0.5059
vt 1.3626 0.6484 0.5060
vt 1.3277 0.6641 0.5085
vt 1.2356 0.6483 0.5150
vt 1.2706 0.6641 0.5125
vt 1.2354 0.5728 0.5149
vt 6.9070 0.5740 0.4848
vt 6.9067 0.6495 0.4848
vt 6.8718 0.6653 0.4824
vt 6.7798 0.6496 0.4758
vt 6.8147 0.6653 0.4783
vt 6.7800 0.5741 0.4758
vt 4.0945 0.6665 0.8296
vt 4.1133 0.6591 0.8296
vt 4.1226 0.6666 0.8317
vt 3.9506 0.6659 0.8317
vt 3.9601 0.6585 0.8296
vt 3.9788 0.6660 0.8296
vt 1.2115 0.6659 0.5134
vt 1.2281 0.6584 0.5146
vt 1.2447 0.6659 0.5134
vt 4.0214 0.6664 0.8634
vt 4.0401 0.6589 0.8634
vt 4.0496 0.6663 0.8613
vt 3.8776 0.6670 0.8614
vt 3.8869 0.6595 0.8634
vt 3.9057 0.6669 0.8634
vt 6.7556 0.6670 0.4774
vt 6.7722 0.6596 0.4763
vt 6.7887 0.6671 0.4775
vt 6.7671 0.5695 0.4760
vt 6.7725 0.5703 0.4757
vt 1.2222 3.8080 0.0712
vt 1.2275 3.8057 0.0713
vt 1.2329 3.8080 0.0712
vt 1.2275 3.8117 0.0709
vt 6.7778 0.5695 0.4760
vt 6.6337 0.5698 0.4855
vt 6.6384 0.5690 0.4851
vt 4.1102 0.5689 0.8291
vt 4.1159 0.5698 0.8292
vt 1.3610 3.8871 0.0709
vt 1.3616 3.8807 0.0711
vt 1.3663 3.8841 0.0712
vt 1.3670 3.8898 0.0711
vt 3.9580 0.5729 0.8290
vt 3.9645 0.5683 0.8291
vt 3.9526 0.5729 0.8297
vt 3.9554 0.5683 0.8298
vt 3.9618 0.5664 0.8299
vt 1.2278 0.5728 0.5152
vt 1.2332 0.5682 0.5147
vt 1.2224 0.5682 0.5147
vt 1.2278 0.5656 0.5144
vt 4.0477 0.5733 0.8634
vt 4.0423 0.5733 0.8641
vt 4.0448 0.5687 0.8633
vt 4.0357 0.5688 0.8640
vt 4.0391 0.5662 0.8634
vt 3.8844 0.5702 0.8639
vt 3.8900 0.5694 0.8640
vt 6.9064 0.5694 0.4851
vt 6.9111 0.5702 0.4855
vt 1.0883 3.8900 0.0712
vt 1.0889 3.8844 0.0713
vt 1.0936 3.8809 0.0712
vt 1.0942 3.8873 0.0709
vt 6.7375 3.8257 0.0837
vt 6.7447 3.8263 0.0838
vt 6.7308 3.8288 0.0837
vt 6.7308 0.6697 0.4786
vt 6.7422 0.6665 0.4777
vt 6.7375 0.6694 0.4782
vt 6.7447 0.6703 0.4783
vt 6.7722 0.6496 0.4756
vt 6.7680 0.6551 0.4759
vt 6.7764 0.6551 0.4759
vt 6.8068 3.8258 0.0837
vt 6.8134 3.8289 0.0837
vt 6.7996 3.8263 0.0838
vt 6.8021 0.6666 0.4777
vt 6.8068 0.6695 0.4782
vt 6.7996 0.6704 0.4783
vt 6.8134 0.6699 0.4786
vt 6.6325 3.9311 0.0836
vt 6.6331 3.9240 0.0836
vt 6.6372 3.9181 0.0837
vt 4.0821 0.6660 0.8290
vt 4.0760 0.6688 0.8291
vt 4.0689 0.6692 0.8291
vt 4.0819 0.6698 0.8297
vt 4.1160 0.6491 0.8290
vt 4.1113 0.6545 0.8290
vt 4.1215 0.6491 0.8297
vt 4.1185 0.6545 0.8295
vt 6.6738 3.8610 0.0837
vt 6.6647 3.8715 0.0837
vt 6.6678 3.8651 0.0836
vt 6.6533 3.8774 0.0833
vt 6.6615 3.8668 0.0833
vt 6.6619 0.6662 0.4834
vt 6.6738 0.6695 0.4826
vt 6.6678 0.6691 0.4831
vt 6.6737 4.0658 0.0836
vt 6.6677 4.0617 0.0835
vt 6.6645 4.0553 0.0837
vt 1.3382 0.6655 0.5075
vt 1.3323 0.6683 0.5077
vt 1.3263 0.6687 0.5082
vt 6.6614 4.0600 0.0832
vt 6.6532 4.0494 0.0832
vt 3.9520 0.6484 0.8297
vt 3.9576 0.6484 0.8290
vt 3.9550 0.6539 0.8295
vt 3.9622 0.6539 0.8290
vt 6.6371 4.0087 0.0837
vt 6.6330 4.0028 0.0836
vt 6.6324 3.9956 0.0836
vt 3.9972 0.6685 0.8291
vt 3.9913 0.6694 0.8296
vt 3.9913 0.6656 0.8290
vt 4.0044 0.6689 0.8291
vt 6.8066 4.1012 0.0835
vt 6.7994 4.1007 0.0837
vt 6.8132 4.0982 0.0836
vt 1.1981 0.6655 0.5131
vt 1.1934 0.6684 0.5127
vt 1.1868 0.6688 0.5123
vt 1.2006 0.6693 0.5126
vt 1.2280 0.6520 0.5151
vt 1.2238 0.6538 0.5150
vt 1.2323 0.6538 0.5150
vt 6.7372 4.1012 0.0835
vt 6.7306 4.0981 0.0836
vt 6.7445 4.1006 0.0836
vt 1.2628 0.6683 0.5126
vt 1.2555 0.6692 0.5126
vt 1.2580 0.6654 0.5131
vt 1.2694 0.6687 0.5123
vt 6.9110 4.0030 0.0836
vt 6.9069 4.0089 0.0837
vt 6.9116 3.9958 0.0837
vt 4.0090 0.6660 0.8640
vt 4.0030 0.6689 0.8639
vt 3.9958 0.6693 0.8640
vt 4.0089 0.6698 0.8634
vt 4.0427 0.6489 0.8640
vt 4.0380 0.6543 0.8640
vt 4.0482 0.6488 0.8633
vt 4.0452 0.6543 0.8635
vt 6.8762 4.0619 0.0836
vt 6.8702 4.0660 0.0836
vt 6.8794 4.0554 0.0837
vt 6.8907 4.0496 0.0833
vt 6.8825 4.0601 0.0833
vt 1.1298 0.6690 0.5082
vt 1.1238 0.6687 0.5077
vt 1.1178 0.6658 0.5075
vt 6.8795 3.8717 0.0838
vt 6.8704 3.8612 0.0837
vt 6.8764 3.8653 0.0837
vt 6.8704 0.6698 0.4826
vt 6.8823 0.6666 0.4834
vt 6.8764 0.6694 0.4832
vt 3.8672 0.6666 0.8603
vt 3.8717 0.6703 0.8599
vt 3.8653 0.6694 0.8596
vt 3.8787 0.6495 0.8633
vt 3.8846 0.6532 0.8639
vt 3.8818 0.6550 0.8635
vt 3.8889 0.6550 0.8640
vt 6.9117 3.9313 0.0837
vt 6.9069 3.9183 0.0838
vt 6.9110 3.9242 0.0837
vt 3.9182 0.6664 0.8640
vt 3.9242 0.6693 0.8639
vt 3.9183 0.6702 0.8634
vt 3.9313 0.6696 0.8640
vt 1.3611 4.0382 0.0708
vt 1.3671 4.0355 0.0710
vt 1.3617 0.5683 0.5056
vt 1.3617 4.0446 0.0710
vt 1.2332 4.1175 0.0710
vt 1.2278 4.1138 0.0708
vt 1.0937 0.5687 0.5056
vt 1.2224 4.1175 0.0710
vt 1.0937 4.0448 0.0711
vt 1.0943 4.0384 0.0709
vt 1.0884 4.0357 0.0711
vt 6.7556 3.8196 0.0834
vt 6.7887 3.8196 0.0834
vt 6.6367 3.9055 0.0833
vt 6.6362 0.6545 0.4852
vt 4.1329 0.6662 0.8327
vt 6.6367 4.0212 0.0833
vt 1.3639 0.6539 0.5056
vt 3.9403 0.6655 0.8327
vt 6.7885 4.1073 0.0832
vt 6.7553 4.1073 0.0832
vt 6.9073 4.0214 0.0833
vt 1.0921 0.6543 0.5057
vt 4.0598 0.6658 0.8603
vt 6.8909 3.8776 0.0834
vt 6.9074 3.9057 0.0834
vt 6.9081 0.6550 0.4852
vt 4.1221 0.5736 0.8297
vt 3.8781 0.5740 0.8634
vt 6.4751 0.6436 0.6469
vt 6.4347 0.6592 0.6469
vt 6.3687 0.6591 0.6469
vt 6.3287 0.5678 0.6468
vt 6.3284 0.6434 0.6469
vt 6.4753 0.5681 0.6468
vt 1.6718 0.6422 0.6817
vt 1.6315 0.6580 0.6817
vt 1.5655 0.6581 0.6817
vt 1.6716 0.5667 0.6817
vt 1.5251 0.6425 0.6817
vt 1.5249 0.5669 0.6817
vt 5.4465 0.6425 0.8110
vt 5.4124 0.6584 0.8135
vt 5.3564 0.6587 0.8176
vt 5.3220 0.6431 0.8202
vt 5.3215 0.5676 0.8202
vt 5.4459 0.5670 0.8110
vt 6.5008 5.2214 0.0832
vt 6.5336 5.2772 0.0832
vt 6.5335 5.3523 0.0831
vt 6.4343 5.4455 0.0831
vt 6.5006 5.4080 0.0831
vt 6.4345 5.1838 0.0832
vt 6.3024 5.4078 0.0831
vt 6.3687 5.4454 0.0831
vt 6.3689 5.1838 0.0832
vt 6.2696 5.3521 0.0831
vt 6.3025 5.2213 0.0832
vt 6.2697 5.2770 0.0831
vt 2.8176 0.6433 0.7894
vt 2.7832 0.6589 0.7869
vt 2.7272 0.6586 0.7828
vt 2.6931 0.6427 0.7802
vt 2.6936 0.5672 0.7803
vt 2.8181 0.5678 0.7894
vt 2.6788 0.5671 0.7803
vt 2.6782 0.6426 0.7802
vt 2.6439 0.6582 0.7827
vt 2.5537 0.6422 0.7894
vt 2.5878 0.6581 0.7869
vt 2.5542 0.5667 0.7894
vt 5.3066 0.5677 0.8202
vt 5.3072 0.6432 0.8202
vt 5.2730 0.6590 0.8177
vt 5.1826 0.6436 0.8110
vt 5.2170 0.6592 0.8135
vt 5.1820 0.5681 0.8111
vt 6.3140 0.6607 0.6498
vt 6.3236 0.6534 0.6477
vt 6.3427 0.6609 0.6477
vt 2.6693 0.6601 0.7819
vt 2.6856 0.6527 0.7807
vt 2.7018 0.6602 0.7819
vt 1.6575 0.6598 0.6809
vt 1.6766 0.6523 0.6809
vt 1.6862 0.6598 0.6789
vt 1.5108 0.6601 0.6789
vt 1.5203 0.6525 0.6809
vt 1.5395 0.6600 0.6809
vt 5.2985 0.6607 0.8185
vt 5.3147 0.6532 0.8197
vt 5.3310 0.6606 0.8185
vt 6.4607 0.6610 0.6477
vt 6.4799 0.6536 0.6477
vt 6.4894 0.6610 0.6498
vt 6.4763 0.5635 0.6472
vt 6.4821 0.5643 0.6472
vt 1.5210 5.1831 0.0702
vt 1.5145 5.1826 0.0704
vt 1.5179 5.1780 0.0705
vt 1.5237 5.1773 0.0704
vt 5.1780 0.5643 0.8103
vt 5.1826 0.5635 0.8107
vt 6.3219 0.5641 0.6472
vt 6.3277 0.5632 0.6471
vt 2.8176 0.5632 0.7898
vt 2.8222 0.5641 0.7902
vt 1.6781 5.1778 0.0705
vt 1.6816 5.1824 0.0704
vt 1.6750 5.1830 0.0702
vt 1.6723 5.1772 0.0704
vt 2.6862 0.5671 0.7800
vt 2.6915 0.5626 0.7805
vt 2.6810 0.5625 0.7805
vt 2.6863 0.5600 0.7808
vt 2.5487 0.5667 0.7901
vt 2.5548 0.5621 0.7898
vt 1.6725 0.5621 0.6813
vt 1.6792 0.5667 0.6814
vt 1.6760 0.5595 0.6807
vt 1.6818 0.5621 0.6806
vt 1.5173 0.5670 0.6814
vt 1.5240 0.5624 0.6813
vt 5.4453 0.5624 0.8107
vt 5.4514 0.5670 0.8103
vt 1.5147 0.5624 0.6807
vt 1.5212 0.5605 0.6806
vt 1.5244 0.5634 0.6811
vt 5.3140 0.5639 0.8203
vt 5.3193 0.5630 0.8200
vt 5.3088 0.5631 0.8200
vt 1.4380 5.3140 0.0705
vt 1.4403 5.3088 0.0704
vt 1.4441 5.3140 0.0701
vt 1.4403 5.3193 0.0704
vt 6.4346 5.1778 0.0830
vt 6.4419 5.1784 0.0829
vt 6.4479 5.1824 0.0830
vt 6.4480 0.6606 0.6472
vt 6.4419 0.6635 0.6473
vt 6.4346 0.6638 0.6472
vt 6.4479 0.6643 0.6478
vt 6.4826 0.6436 0.6472
vt 6.4778 0.6491 0.6471
vt 6.4882 0.6436 0.6478
vt 6.4851 0.6490 0.6477
vt 6.5019 5.2124 0.0829
vt 6.5061 5.2183 0.0830
vt 6.4954 5.2094 0.0830
vt 6.4999 5.2066 0.0826
vt 6.5017 5.2127 0.0829
vt 6.4894 5.1982 0.0826
vt 5.2124 0.6634 0.8127
vt 5.2066 0.6606 0.8125
vt 5.2183 0.6638 0.8133
vt 6.3014 5.2123 0.0829
vt 6.3080 5.2092 0.0830
vt 6.2972 5.2182 0.0829
vt 2.7877 0.6631 0.7877
vt 2.7818 0.6634 0.7872
vt 2.7935 0.6602 0.7879
vt 6.3032 5.2061 0.0826
vt 6.3140 5.1981 0.0826
vt 6.3153 0.6433 0.6478
vt 6.3210 0.6433 0.6471
vt 6.3184 0.6488 0.6476
vt 6.3257 0.6488 0.6471
vt 6.3615 5.1783 0.0829
vt 6.3688 5.1777 0.0830
vt 6.3555 5.1823 0.0830
vt 6.3615 0.6633 0.6473
vt 6.3555 0.6642 0.6478
vt 6.3554 0.6604 0.6471
vt 6.3688 0.6637 0.6472
vt 6.2642 5.3550 0.0829
vt 6.2611 5.3485 0.0828
vt 6.2617 5.3414 0.0829
vt 2.6561 0.6596 0.7821
vt 2.6515 0.6625 0.7826
vt 2.6450 0.6628 0.7830
vt 2.6586 0.6634 0.7827
vt 2.6857 0.6427 0.7800
vt 2.6815 0.6481 0.7803
vt 2.6898 0.6481 0.7803
vt 6.2612 5.2805 0.0828
vt 6.2643 5.2740 0.0829
vt 6.2617 5.2876 0.0830
vt 2.7149 0.6599 0.7821
vt 2.7195 0.6628 0.7826
vt 2.7124 0.6636 0.7827
vt 2.7260 0.6632 0.7830
vt 6.3686 5.4514 0.0828
vt 6.3613 5.4508 0.0828
vt 6.3553 5.4468 0.0829
vt 1.6448 0.6593 0.6815
vt 1.6387 0.6622 0.6814
vt 1.6314 0.6626 0.6814
vt 1.6447 0.6631 0.6809
vt 1.6789 0.6459 0.6814
vt 1.6745 0.6477 0.6815
vt 1.6849 0.6422 0.6808
vt 1.6818 0.6477 0.6810
vt 6.3078 5.4199 0.0829
vt 6.3013 5.4168 0.0828
vt 6.2971 5.4109 0.0828
vt 6.3138 5.4310 0.0825
vt 6.3030 5.4229 0.0825
vt 2.5775 0.6594 0.7879
vt 2.5891 0.6627 0.7871
vt 2.5832 0.6623 0.7877
vt 6.5018 5.4169 0.0828
vt 6.4952 5.4200 0.0829
vt 6.5060 5.4111 0.0829
vt 5.4227 0.6597 0.8125
vt 5.4169 0.6626 0.8127
vt 5.4111 0.6630 0.8132
vt 6.5000 5.4231 0.0825
vt 6.4892 5.4311 0.0825
vt 1.5120 0.6425 0.6808
vt 1.5177 0.6425 0.6815
vt 1.5151 0.6480 0.6810
vt 1.5224 0.6479 0.6815
vt 6.4477 5.4469 0.0829
vt 6.4417 5.4509 0.0828
vt 6.4344 5.4515 0.0828
vt 1.5522 0.6595 0.6815
vt 1.5583 0.6623 0.6814
vt 1.5523 0.6633 0.6809
vt 1.5656 0.6627 0.6814
vt 6.5390 5.2742 0.0829
vt 6.5421 5.2807 0.0829
vt 6.5415 5.2878 0.0830
vt 5.2807 0.6632 0.8178
vt 5.2742 0.6636 0.8174
vt 5.2853 0.6603 0.8183
vt 5.2878 0.6641 0.8177
vt 5.3146 0.6468 0.8203
vt 5.3105 0.6486 0.8201
vt 5.3188 0.6486 0.8201
vt 6.5415 5.3416 0.0830
vt 6.5420 5.3487 0.0829
vt 6.5389 5.3552 0.0829
vt 5.3487 0.6629 0.8178
vt 5.3416 0.6638 0.8177
vt 5.3441 0.6601 0.8183
vt 5.3552 0.6633 0.8174
vt 1.7522 5.3137 0.0701
vt 1.7559 5.3085 0.0703
vt 1.6752 5.4446 0.0700
vt 1.7559 5.3190 0.0703
vt 1.6818 5.4452 0.0703
vt 1.5240 5.4506 0.0703
vt 1.5212 5.4447 0.0701
vt 1.6725 5.4505 0.0703
vt 1.5147 5.4453 0.0703
vt 6.4607 5.1819 0.0826
vt 5.1813 0.6490 0.8106
vt 6.4999 0.6606 0.6508
vt 6.3427 5.1818 0.0826
vt 2.8188 0.6488 0.7898
vt 6.3035 0.6602 0.6508
vt 6.2549 5.3307 0.0825
vt 6.2549 5.2982 0.0825
vt 6.3425 5.4472 0.0825
vt 2.5523 0.6477 0.7898
vt 1.6967 0.6594 0.6778
vt 6.4605 5.4473 0.0825
vt 5.4479 0.6480 0.8106
vt 1.5003 0.6597 0.6778
vt 6.5483 5.3310 0.0826
vt 6.5483 5.2985 0.0826
vt 6.4884 0.5681 0.6478
vt 6.3155 0.5678 0.6477
vt 1.6853 0.5667 0.6808
vt 5.4519 0.6425 0.8103
vt 5.4915 0.6536 0.7748
vt 5.4344 0.6537 0.7708
vt 5.3995 0.6380 0.7683
vt 5.5265 0.6379 0.7773
vt 5.5267 0.5624 0.7772
vt 5.3997 0.5624 0.7682
vt 2.7426 0.5612 0.7984
vt 2.7428 0.6368 0.7985
vt 2.7080 0.6525 0.8009
vt 2.6509 0.6524 0.8050
vt 2.6159 0.6367 0.8075
vt 2.6157 0.5612 0.8074
vt 2.6007 0.6367 0.8075
vt 2.5658 0.6526 0.8050
vt 2.5087 0.6528 0.8010
vt 2.6005 0.5612 0.8074
vt 2.4737 0.6372 0.7985
vt 2.4735 0.5617 0.7984
vt 5.4301 6.1738 0.0825
vt 5.4869 6.2060 0.0825
vt 5.5252 6.2711 0.0825
vt 5.4868 6.4004 0.0824
vt 5.5251 6.3354 0.0824
vt 5.4299 6.4325 0.0824
vt 5.3533 6.4325 0.0824
vt 5.3536 6.1737 0.0825
vt 5.2584 6.2709 0.0824
vt 5.2965 6.4002 0.0824
vt 5.2583 6.3352 0.0824
vt 5.2967 6.2059 0.0825
vt 5.3844 0.6380 0.7683
vt 5.3494 0.6535 0.7708
vt 5.2922 0.6533 0.7748
vt 5.2573 0.6375 0.7773
vt 5.2575 0.5619 0.7772
vt 5.3846 0.5624 0.7682
vt 1.7690 0.6374 0.6562
vt 1.7294 0.6529 0.6562
vt 1.6647 0.6527 0.6562
vt 1.7696 0.5619 0.6562
vt 1.6253 0.6368 0.6562
vt 1.6258 0.5613 0.6562
vt 6.3744 0.5617 0.6918
vt 6.3750 0.6373 0.6917
vt 6.3355 0.6531 0.6917
vt 6.2708 0.6534 0.6917
vt 6.2312 0.6378 0.6918
vt 6.2306 0.5623 0.6918
vt 5.3753 0.6554 0.7699
vt 5.3919 0.6480 0.7687
vt 5.4085 0.6554 0.7699
vt 1.7549 0.6548 0.6571
vt 1.7737 0.6475 0.6571
vt 1.7830 0.6550 0.6591
vt 1.6110 0.6543 0.6591
vt 1.6205 0.6468 0.6570
vt 1.6392 0.6544 0.6570
vt 2.5918 0.6543 0.8059
vt 2.6083 0.6467 0.8070
vt 2.6249 0.6542 0.8059
vt 6.3610 0.6548 0.6909
vt 6.3798 0.6473 0.6909
vt 6.3892 0.6547 0.6888
vt 6.2172 0.6554 0.6888
vt 6.2265 0.6479 0.6909
vt 6.2454 0.6553 0.6909
vt 5.5261 0.5578 0.7776
vt 5.5308 0.5586 0.7780
vt 2.4745 6.2270 0.0695
vt 2.4685 6.2297 0.0697
vt 2.4692 6.2240 0.0698
vt 2.4739 6.2206 0.0697
vt 6.2240 0.5586 0.6914
vt 6.2297 0.5577 0.6914
vt 5.3922 0.5587 0.7682
vt 5.3975 0.5579 0.7685
vt 5.3868 0.5578 0.7685
vt 2.6132 6.1477 0.0697
vt 2.6078 6.1513 0.0695
vt 2.6025 6.1477 0.0697
vt 2.6078 6.1454 0.0698
vt 5.2519 0.5619 0.7779
vt 5.2581 0.5573 0.7775
vt 1.7705 0.5573 0.6566
vt 1.7770 0.5619 0.6565
vt 1.7740 0.5547 0.6572
vt 1.7796 0.5573 0.6573
vt 1.6183 0.5613 0.6565
vt 1.6249 0.5567 0.6566
vt 1.6129 0.5612 0.6572
vt 1.6158 0.5567 0.6572
vt 1.6215 0.5541 0.6572
vt 2.6081 0.5612 0.8076
vt 2.6134 0.5566 0.8071
vt 2.6027 0.5566 0.8071
vt 2.6081 0.5540 0.8069
vt 2.4693 0.5580 0.7976
vt 2.4740 0.5571 0.7981
vt 6.3753 0.5571 0.6914
vt 6.3810 0.5580 0.6913
vt 2.4746 6.3780 0.0694
vt 2.4740 6.3844 0.0696
vt 2.4693 6.3810 0.0697
vt 2.4687 6.3753 0.0696
vt 5.4961 6.2049 0.0822
vt 5.4993 6.2113 0.0823
vt 5.4901 6.2008 0.0823
vt 5.4961 0.6578 0.7756
vt 5.4901 0.6582 0.7751
vt 5.5020 0.6549 0.7759
vt 5.5106 6.2172 0.0819
vt 5.5024 6.2066 0.0819
vt 6.2183 0.6379 0.6908
vt 6.2239 0.6379 0.6915
vt 6.2214 0.6433 0.6910
vt 6.2286 0.6433 0.6915
vt 5.5308 6.2638 0.0822
vt 5.5314 6.2710 0.0822
vt 5.5267 6.2579 0.0823
vt 6.2578 0.6548 0.6915
vt 6.2638 0.6576 0.6913
vt 6.2579 0.6585 0.6908
vt 6.2710 0.6580 0.6914
vt 5.3644 6.1659 0.0823
vt 5.3506 6.1684 0.0823
vt 5.3572 6.1654 0.0822
vt 5.3619 0.6549 0.7702
vt 5.3572 0.6578 0.7707
vt 5.3506 0.6581 0.7711
vt 5.3644 0.6587 0.7707
vt 5.3919 0.6380 0.7681
vt 5.3877 0.6434 0.7683
vt 5.3961 0.6434 0.7683
vt 5.4332 6.1685 0.0823
vt 5.4193 6.1660 0.0823
vt 5.4265 6.1654 0.0822
vt 5.4219 0.6550 0.7702
vt 5.4265 0.6579 0.7707
vt 5.4193 0.6587 0.7707
vt 5.4332 0.6582 0.7711
vt 5.2528 6.2636 0.0821
vt 5.2569 6.2577 0.0823
vt 5.2522 6.2707 0.0822
vt 1.7424 0.6543 0.6565
vt 1.7364 0.6572 0.6566
vt 1.7293 0.6575 0.6565
vt 1.7423 0.6581 0.6571
vt 1.7764 0.6374 0.6565
vt 1.7717 0.6429 0.6565
vt 1.7819 0.6375 0.6572
vt 1.7788 0.6429 0.6570
vt 5.2844 6.2112 0.0823
vt 5.2875 6.2047 0.0822
vt 5.2935 6.2006 0.0822
vt 1.7933 0.6546 0.6602
vt 1.7953 0.6575 0.6609
vt 1.7888 0.6583 0.6605
vt 5.2817 0.6546 0.7758
vt 5.2935 0.6579 0.7751
vt 5.2875 0.6575 0.7756
vt 5.2874 6.4013 0.0821
vt 5.2842 6.3949 0.0822
vt 5.2934 6.4054 0.0821
vt 2.7066 0.6571 0.8007
vt 2.7185 0.6538 0.7999
vt 2.7126 0.6567 0.8002
vt 5.2811 6.3996 0.0818
vt 5.2729 6.3890 0.0818
vt 1.6124 0.6368 0.6571
vt 1.6183 0.6405 0.6566
vt 1.6154 0.6422 0.6570
vt 1.6225 0.6423 0.6564
vt 5.2528 6.3424 0.0821
vt 5.2521 6.3353 0.0822
vt 5.2568 6.3483 0.0822
vt 1.6516 0.6540 0.6564
vt 1.6576 0.6569 0.6566
vt 1.6517 0.6577 0.6571
vt 1.6647 0.6573 0.6565
vt 5.4263 6.4408 0.0821
vt 5.4191 6.4403 0.0822
vt 5.4329 6.4378 0.0821
vt 2.5671 0.6571 0.8047
vt 2.5784 0.6538 0.8056
vt 2.5737 0.6567 0.8051
vt 2.5809 0.6576 0.8050
vt 2.6083 0.6367 0.8077
vt 2.6041 0.6422 0.8074
vt 2.6126 0.6422 0.8074
vt 5.3570 6.4408 0.0821
vt 5.3503 6.4377 0.0821
vt 5.3642 6.4402 0.0822
vt 2.6358 0.6575 0.8050
vt 2.6383 0.6538 0.8056
vt 2.6430 0.6566 0.8051
vt 2.6497 0.6570 0.8047
vt 5.5307 6.3426 0.0822
vt 5.5266 6.3485 0.0823
vt 5.5313 6.3355 0.0822
vt 6.3426 0.6573 0.6913
vt 6.3355 0.6577 0.6914
vt 6.3486 0.6544 0.6915
vt 6.3485 0.6582 0.6908
vt 6.3820 0.6409 0.6914
vt 6.3777 0.6427 0.6915
vt 6.3878 0.6372 0.6908
vt 6.3848 0.6427 0.6910
vt 5.4960 6.4015 0.0821
vt 5.4900 6.4056 0.0822
vt 5.4991 6.3951 0.0822
vt 5.5105 6.3892 0.0818
vt 5.5023 6.3998 0.0818
vt 2.5040 0.6570 0.8002
vt 2.4981 0.6542 0.7999
vt 2.5100 0.6574 0.8007
vt 2.7419 6.2204 0.0697
vt 2.7413 6.2267 0.0694
vt 2.7472 6.2295 0.0697
vt 2.7474 6.3751 0.0696
vt 2.7414 6.3778 0.0694
vt 2.7420 0.5567 0.7980
vt 2.7420 6.3842 0.0696
vt 2.6134 6.4571 0.0696
vt 2.6081 6.4534 0.0693
vt 2.6027 6.4571 0.0696
vt 5.5272 6.2454 0.0819
vt 5.5278 0.6433 0.7777
vt 6.2069 0.6549 0.6878
vt 5.3753 6.1592 0.0819
vt 5.4085 6.1593 0.0819
vt 5.2565 6.2451 0.0819
vt 5.2731 6.2170 0.0819
vt 5.2559 0.6429 0.7776
vt 5.2564 6.3608 0.0818
vt 2.7442 0.6422 0.7981
vt 1.6007 0.6538 0.6602
vt 5.4082 6.4470 0.0818
vt 5.3751 6.4469 0.0818
vt 5.5271 6.3610 0.0819
vt 2.4723 0.6427 0.7981
vt 6.3995 0.6542 0.6877
vt 6.2178 0.5624 0.6908
vt 6.3873 0.5617 0.6908
vt 1.7824 0.5619 0.6572
vt 6.0708 0.6406 0.7197
vt 6.0318 0.6563 0.7185
vt 5.9681 0.6563 0.7164
vt 5.9292 0.6405 0.7151
vt 5.9294 0.5650 0.7150
vt 6.0710 0.5651 0.7197
vt 2.1444 0.5638 0.7487
vt 2.1446 0.6393 0.7487
vt 2.1057 0.6551 0.7500
vt 2.0420 0.6551 0.7521
vt 2.0030 0.6394 0.7534
vt 2.0028 0.5639 0.7533
vt 6.0228 0.5639 0.7515
vt 6.0233 0.6394 0.7515
vt 5.9955 0.6553 0.7550
vt 5.9212 0.5645 0.7645
vt 5.9498 0.6556 0.7609
vt 5.9217 0.6400 0.7644
vt 5.8920 5.7588 0.0828
vt 5.9660 5.7394 0.0828
vt 6.0293 5.7561 0.0828
vt 6.1004 5.8714 0.0828
vt 6.0835 5.8092 0.0828
vt 6.0805 5.9439 0.0828
vt 6.0341 5.9893 0.0827
vt 5.9601 6.0087 0.0827
vt 5.8967 5.9920 0.0827
vt 5.8426 5.9389 0.0827
vt 5.8257 5.8767 0.0827
vt 5.8456 5.8042 0.0828
vt 2.2475 0.6560 0.7357
vt 2.2018 0.6558 0.7299
vt 2.1740 0.6399 0.7263
vt 2.2755 0.6405 0.7393
vt 2.2761 0.5650 0.7393
vt 2.1745 0.5644 0.7264
vt 2.1601 0.5643 0.7259
vt 2.1596 0.6399 0.7259
vt 2.1213 0.6554 0.7271
vt 2.0588 0.6552 0.7293
vt 2.0207 0.6394 0.7306
vt 2.0212 0.5638 0.7306
vt 5.9074 0.6401 0.7649
vt 5.8693 0.6559 0.7636
vt 5.8068 0.6561 0.7615
vt 5.7685 0.6406 0.7602
vt 5.7679 0.5650 0.7602
vt 5.9068 0.5645 0.7649
vt 5.9092 0.6579 0.7174
vt 5.9227 0.6505 0.7157
vt 5.9412 0.6580 0.7164
vt 2.1476 0.6573 0.7271
vt 2.1658 0.6499 0.7265
vt 2.1790 0.6575 0.7282
vt 2.0129 0.6569 0.7339
vt 2.0178 0.6494 0.7316
vt 2.0359 0.6569 0.7309
vt 1.9831 0.6570 0.7511
vt 1.9966 0.6495 0.7528
vt 2.0151 0.6569 0.7521
vt 5.8957 0.6576 0.7636
vt 5.9137 0.6501 0.7642
vt 5.9271 0.6575 0.7626
vt 5.7609 0.6581 0.7569
vt 5.7657 0.6506 0.7592
vt 5.7839 0.6580 0.7598
vt 6.0712 0.5605 0.7200
vt 6.0767 0.5613 0.7203
vt 1.9233 5.7624 0.0702
vt 1.9288 5.7603 0.0701
vt 1.9277 5.7666 0.0698
vt 1.9212 5.7677 0.0701
vt 5.7624 0.5613 0.7596
vt 5.7677 0.5605 0.7598
vt 5.9220 0.5612 0.7152
vt 5.9278 0.5604 0.7153
vt 5.9148 0.5650 0.7155
vt 5.9174 0.5604 0.7156
vt 2.0722 5.7225 0.0701
vt 2.0780 5.7216 0.0702
vt 2.0826 5.7252 0.0700
vt 2.0764 5.7274 0.0698
vt 2.1679 0.5644 0.7259
vt 2.1719 0.5598 0.7265
vt 2.1618 0.5598 0.7262
vt 2.1663 0.5572 0.7266
vt 2.0145 0.5638 0.7311
vt 2.0211 0.5592 0.7310
vt 2.1446 0.5592 0.7483
vt 2.1512 0.5638 0.7482
vt 2.0136 0.5592 0.7319
vt 2.0190 0.5566 0.7317
vt 1.9949 0.5639 0.7533
vt 2.0011 0.5593 0.7530
vt 1.9881 0.5639 0.7528
vt 1.9908 0.5593 0.7527
vt 1.9969 0.5574 0.7524
vt 5.9141 0.5608 0.7647
vt 5.9186 0.5599 0.7643
vt 5.9084 0.5600 0.7646
vt 1.8857 5.9186 0.0700
vt 1.8820 5.9141 0.0701
vt 1.8829 5.9084 0.0700
vt 1.8879 5.9125 0.0698
vt 6.0310 5.7502 0.0826
vt 6.0379 5.7527 0.0826
vt 6.0426 5.7581 0.0827
vt 6.0442 0.6576 0.7191
vt 6.0379 0.6605 0.7191
vt 6.0310 0.6609 0.7188
vt 6.0552 0.6581 0.7201
vt 6.0426 0.6614 0.7198
vt 6.0774 0.6406 0.7202
vt 6.0729 0.6461 0.7201
vt 5.7664 0.6460 0.7599
vt 5.7620 0.6406 0.7597
vt 5.7671 0.6457 0.7597
vt 5.7606 0.6461 0.7591
vt 6.0894 5.8076 0.0826
vt 6.0814 5.7962 0.0827
vt 6.0869 5.8008 0.0825
vt 5.7962 0.6613 0.7602
vt 5.7947 0.6575 0.7608
vt 5.8008 0.6604 0.7609
vt 5.8076 0.6607 0.7612
vt 5.9004 5.7485 0.0826
vt 5.8877 5.7544 0.0826
vt 5.8933 5.7498 0.0825
vt 5.8877 0.6606 0.7193
vt 5.8860 0.6560 0.7191
vt 5.8968 0.6574 0.7181
vt 5.8933 0.6603 0.7187
vt 5.9004 0.6612 0.7186
vt 5.9145 0.6405 0.7156
vt 5.9214 0.6405 0.7151
vt 5.9179 0.6460 0.7155
vt 5.9260 0.6460 0.7152
vt 5.9534 5.7346 0.0827
vt 5.9603 5.7322 0.0826
vt 5.9675 5.7335 0.0826
vt 5.9547 0.6576 0.7162
vt 5.9603 0.6605 0.7165
vt 5.9534 0.6613 0.7168
vt 5.9675 0.6608 0.7167
vt 5.8208 5.8644 0.0826
vt 5.8197 5.8782 0.0825
vt 5.8184 5.8711 0.0825
vt 2.1344 0.6568 0.7270
vt 2.1289 0.6597 0.7273
vt 2.1218 0.6600 0.7275
vt 2.1356 0.6606 0.7276
vt 2.1672 0.6399 0.7259
vt 2.1626 0.6453 0.7260
vt 2.1706 0.6454 0.7263
vt 5.8364 5.8055 0.0825
vt 5.8411 5.8000 0.0825
vt 5.8351 5.8125 0.0826
vt 2.1875 0.6608 0.7294
vt 2.1912 0.6571 0.7289
vt 2.1945 0.6600 0.7296
vt 2.2000 0.6604 0.7301
vt 5.8834 5.9900 0.0825
vt 5.8950 5.9978 0.0825
vt 5.8881 5.9954 0.0824
vt 2.1050 0.6596 0.7497
vt 2.1181 0.6564 0.7494
vt 2.1119 0.6593 0.7494
vt 2.1291 0.6569 0.7484
vt 2.1166 0.6602 0.7487
vt 2.1508 0.6430 0.7482
vt 2.1467 0.6448 0.7484
vt 2.0186 0.6448 0.7309
vt 2.0146 0.6430 0.7312
vt 2.0125 0.6449 0.7316
vt 5.8447 5.9519 0.0825
vt 5.8391 5.9473 0.0824
vt 5.8367 5.9405 0.0825
vt 2.0467 0.6565 0.7299
vt 2.0527 0.6594 0.7299
vt 2.0481 0.6603 0.7306
vt 2.0595 0.6598 0.7296
vt 6.0328 5.9983 0.0824
vt 6.0256 5.9996 0.0825
vt 6.0384 5.9937 0.0825
vt 1.9672 0.6595 0.7498
vt 1.9616 0.6599 0.7492
vt 1.9599 0.6553 0.7494
vt 1.9707 0.6566 0.7504
vt 1.9744 0.6604 0.7500
vt 1.9884 0.6394 0.7529
vt 1.9952 0.6394 0.7534
vt 1.9917 0.6449 0.7530
vt 1.9999 0.6449 0.7532
vt 5.9726 6.0135 0.0825
vt 5.9658 6.0158 0.0824
vt 5.9586 6.0146 0.0825
vt 2.0286 0.6564 0.7523
vt 2.0342 0.6593 0.7520
vt 2.0274 0.6602 0.7517
vt 2.0414 0.6597 0.7518
vt 6.1077 5.8770 0.0825
vt 6.1053 5.8837 0.0826
vt 6.1064 5.8699 0.0826
vt 5.8824 0.6572 0.7638
vt 5.8770 0.6601 0.7635
vt 5.8699 0.6605 0.7633
vt 5.8837 0.6610 0.7632
vt 5.9149 0.6437 0.7648
vt 5.9105 0.6455 0.7648
vt 5.9185 0.6455 0.7645
vt 6.0897 5.9426 0.0825
vt 6.0849 5.9481 0.0825
vt 6.0910 5.9356 0.0826
vt 5.9426 0.6598 0.7612
vt 5.9356 0.6607 0.7614
vt 5.9392 0.6569 0.7619
vt 5.9481 0.6601 0.7606
vt 2.2748 0.5604 0.7397
vt 2.1854 5.8341 0.0697
vt 2.1877 5.8281 0.0700
vt 2.1457 5.9800 0.0697
vt 2.1905 5.8382 0.0700
vt 2.1521 5.9789 0.0699
vt 1.9969 6.0192 0.0697
vt 2.1446 5.9864 0.0699
vt 2.0011 6.0242 0.0699
vt 6.0215 0.5593 0.7512
vt 1.9908 6.0215 0.0699
vt 6.0552 5.7609 0.0823
vt 6.0786 5.7839 0.0823
vt 6.0737 0.6506 0.7207
vt 5.9092 5.7392 0.0822
vt 5.9412 5.7308 0.0823
vt 5.8171 5.8524 0.0822
vt 5.8257 5.8210 0.0822
vt 5.8709 5.9871 0.0821
vt 5.8475 5.9641 0.0821
vt 2.1475 0.6494 0.7478
vt 6.0169 6.0088 0.0821
vt 5.9849 6.0172 0.0821
vt 6.1090 5.8957 0.0822
vt 6.1004 5.9271 0.0822
vt 2.2456 0.6606 0.7360
vt 5.9937 0.6599 0.7548
vt 6.7120 0.5711 0.5636
vt 6.7117 0.6467 0.5637
vt 6.6727 0.6623 0.5650
vt 6.6090 0.6621 0.5671
vt 6.5701 0.6463 0.5683
vt 6.5703 0.5708 0.5683
vt 1.3564 0.5698 0.6019
vt 1.3566 0.6453 0.6020
vt 1.3177 0.6611 0.6007
vt 1.2149 0.6457 0.5974
vt 1.2539 0.6613 0.5987
vt 1.2147 0.5702 0.5973
vt 4.6679 0.6619 0.8529
vt 4.6296 0.6464 0.8542
vt 4.6290 0.5708 0.8543
vt 4.7303 0.6616 0.8508
vt 4.7684 0.6457 0.8495
vt 4.7679 0.5702 0.8495
vt 6.6748 4.5283 0.0836
vt 6.7487 4.5478 0.0836
vt 6.7951 4.5933 0.0836
vt 6.7978 4.7280 0.0835
vt 6.8149 4.6659 0.0835
vt 6.6114 4.5449 0.0836
vt 6.7436 4.7810 0.0835
vt 6.6802 4.7976 0.0835
vt 6.6063 4.7781 0.0834
vt 6.5599 4.7326 0.0835
vt 6.5402 4.6601 0.0835
vt 6.5572 4.5979 0.0835
vt 3.4433 0.5707 0.8199
vt 3.4428 0.6462 0.8199
vt 3.4045 0.6618 0.8186
vt 3.3039 0.6456 0.8152
vt 3.3420 0.6615 0.8165
vt 3.3045 0.5701 0.8152
vt 3.2896 0.6456 0.8156
vt 3.2615 0.6612 0.8192
vt 3.2157 0.6611 0.8250
vt 3.2901 0.5700 0.8157
vt 3.1878 0.6453 0.8286
vt 3.1884 0.5698 0.8286
vt 4.6147 0.5709 0.8538
vt 4.6152 0.6464 0.8537
vt 4.5873 0.6622 0.8502
vt 4.5416 0.6623 0.8444
vt 4.5135 0.6467 0.8408
vt 4.5129 0.5711 0.8408
vt 3.4274 0.6637 0.8203
vt 3.4456 0.6563 0.8209
vt 3.4503 0.6638 0.8232
vt 3.2842 0.6631 0.8175
vt 3.2976 0.6556 0.8158
vt 3.3157 0.6632 0.8164
vt 1.3445 0.6629 0.6008
vt 1.3630 0.6554 0.6014
vt 1.3766 0.6629 0.5997
vt 4.7532 0.6633 0.8491
vt 4.7713 0.6558 0.8485
vt 4.7762 0.6632 0.8462
vt 4.6101 0.6639 0.8519
vt 4.6233 0.6564 0.8536
vt 4.6415 0.6638 0.8529
vt 6.6996 0.6641 0.5650
vt 6.7181 0.6567 0.5644
vt 6.7316 0.6641 0.5660
vt 6.7136 0.5665 0.5639
vt 6.7194 0.5674 0.5638
vt 1.2760 4.5142 0.0708
vt 1.2806 4.5106 0.0709
vt 1.2864 4.5114 0.0708
vt 1.2822 4.5164 0.0706
vt 6.7266 0.5711 0.5641
vt 6.7240 0.5665 0.5643
vt 6.5647 0.5670 0.5689
vt 6.5701 0.5662 0.5686
vt 3.4436 0.5661 0.8203
vt 3.4489 0.5670 0.8206
vt 1.4375 4.5564 0.0708
vt 1.4310 4.5553 0.0705
vt 1.4299 4.5490 0.0708
vt 1.4353 4.5511 0.0709
vt 3.2968 0.5700 0.8152
vt 3.3029 0.5655 0.8155
vt 3.2928 0.5655 0.8158
vt 3.2988 0.5636 0.8161
vt 1.3710 0.5698 0.6015
vt 1.3642 0.5698 0.6019
vt 1.3683 0.5652 0.6013
vt 1.3580 0.5652 0.6016
vt 1.3625 0.5626 0.6012
vt 1.2078 0.5702 0.5968
vt 1.2145 0.5656 0.5969
vt 4.7680 0.5656 0.8491
vt 4.7746 0.5702 0.8490
vt 1.2069 0.5656 0.5960
vt 1.2133 0.5637 0.5961
vt 1.2153 0.5666 0.5968
vt 4.6217 0.5671 0.8541
vt 4.6274 0.5663 0.8540
vt 4.6172 0.5663 0.8536
vt 1.1711 4.6172 0.0708
vt 1.1733 4.6232 0.0705
vt 1.1683 4.6274 0.0708
vt 1.1674 4.6217 0.0709
vt 6.6733 4.5224 0.0834
vt 6.6805 4.5211 0.0833
vt 6.6873 4.5235 0.0834
vt 6.6861 0.6636 0.5648
vt 6.6805 0.6665 0.5651
vt 6.6733 0.6668 0.5653
vt 6.6873 0.6674 0.5654
vt 6.7195 0.6467 0.5637
vt 6.7149 0.6521 0.5639
vt 6.7264 0.6467 0.5642
vt 6.7230 0.6521 0.5641
vt 6.7475 4.5388 0.0833
vt 6.7531 4.5434 0.0834
vt 6.7403 4.5375 0.0834
vt 6.7440 0.6637 0.5667
vt 6.7475 0.6665 0.5673
vt 6.7403 0.6674 0.5672
vt 6.7548 0.6623 0.5677
vt 6.7531 0.6669 0.5679
vt 6.5538 4.5895 0.0833
vt 6.5593 4.5849 0.0834
vt 6.5513 4.5963 0.0833
vt 3.4166 0.6632 0.8193
vt 3.4105 0.6660 0.8192
vt 3.4037 0.6664 0.8189
vt 6.5538 4.5831 0.0830
vt 6.5621 4.5726 0.0830
vt 3.4493 0.6463 0.8204
vt 3.4448 0.6517 0.8202
vt 6.5679 0.6517 0.5687
vt 6.5634 0.6463 0.5688
vt 3.4507 0.6517 0.8210
vt 6.5981 4.5469 0.0834
vt 6.6028 4.5415 0.0833
vt 6.6097 4.5390 0.0833
vt 6.5966 0.6634 0.5677
vt 6.6028 0.6663 0.5677
vt 6.5981 0.6671 0.5684
vt 6.5856 0.6638 0.5687
vt 6.6097 0.6667 0.5674
vt 6.5508 4.7313 0.0832
vt 6.5495 4.7243 0.0833
vt 6.5555 4.7368 0.0832
vt 3.2687 0.6654 0.8188
vt 3.2632 0.6658 0.8194
vt 3.2721 0.6626 0.8182
vt 3.2757 0.6664 0.8187
vt 3.2963 0.6456 0.8152
vt 3.2928 0.6510 0.8156
vt 3.3008 0.6511 0.8153
vt 6.5329 4.6656 0.0832
vt 6.5342 4.6586 0.0833
vt 6.5353 4.6724 0.0833
vt 3.3344 0.6657 0.8166
vt 3.3276 0.6665 0.8169
vt 3.3289 0.6628 0.8163
vt 3.3414 0.6661 0.8168
vt 6.6818 4.8035 0.0832
vt 6.6746 4.8048 0.0832
vt 6.6677 4.8024 0.0833
vt 1.3310 0.6624 0.6009
vt 1.3254 0.6653 0.6006
vt 1.3182 0.6657 0.6004
vt 1.3323 0.6662 0.6003
vt 1.3642 0.6490 0.6019
vt 1.3597 0.6508 0.6019
vt 1.3712 0.6453 0.6015
vt 1.3679 0.6508 0.6016
vt 6.6147 4.7884 0.0833
vt 6.6076 4.7871 0.0832
vt 6.6020 4.7825 0.0832
vt 1.3924 0.6653 0.5984
vt 1.3853 0.6662 0.5986
vt 1.3889 0.6624 0.5990
vt 1.3998 0.6611 0.5980
vt 1.3980 0.6657 0.5978
vt 6.8038 4.7296 0.0833
vt 6.8013 4.7364 0.0832
vt 6.7958 4.7410 0.0833
vt 4.7425 0.6629 0.8501
vt 4.7364 0.6658 0.8502
vt 4.7296 0.6662 0.8505
vt 4.7410 0.6667 0.8495
vt 4.7749 0.6457 0.8490
vt 4.7705 0.6512 0.8491
vt 1.2128 0.6512 0.5970
vt 1.2083 0.6457 0.5969
vt 4.7764 0.6512 0.8484
vt 4.7698 0.6509 0.8490
vt 6.7522 4.7844 0.0832
vt 6.7453 4.7869 0.0832
vt 6.7569 4.7790 0.0833
vt 6.7695 4.7762 0.0829
vt 6.7587 4.7844 0.0829
vt 1.2478 0.6655 0.5981
vt 1.2416 0.6627 0.5980
vt 1.2547 0.6659 0.5984
vt 6.8043 4.5946 0.0833
vt 6.8056 4.6016 0.0834
vt 6.7996 4.5891 0.0833
vt 4.5946 0.6664 0.8505
vt 4.5891 0.6668 0.8499
vt 4.5980 0.6635 0.8512
vt 4.6016 0.6673 0.8507
vt 4.6221 0.6501 0.8541
vt 4.6185 0.6519 0.8538
vt 4.6265 0.6518 0.8541
vt 6.8222 4.6603 0.0833
vt 6.8209 4.6673 0.0833
vt 6.8198 4.6536 0.0834
vt 4.6603 0.6661 0.8528
vt 4.6536 0.6671 0.8525
vt 4.6548 0.6633 0.8531
vt 4.6673 0.6665 0.8526
vt 1.4710 4.7012 0.0704
vt 1.4760 4.6971 0.0707
vt 3.1897 0.5652 0.8290
vt 1.4733 4.7072 0.0707
vt 1.3683 4.8103 0.0707
vt 1.3622 4.8081 0.0704
vt 1.3580 4.8130 0.0707
vt 1.2145 4.7754 0.0707
vt 1.2133 4.7691 0.0705
vt 1.2069 4.7680 0.0707
vt 4.5142 0.5665 0.8405
vt 6.6996 4.5198 0.0830
vt 6.7316 4.5282 0.0830
vt 6.5856 4.5497 0.0830
vt 6.5671 0.6563 0.5693
vt 6.5401 4.7158 0.0829
vt 6.5315 4.6843 0.0829
vt 6.6555 4.8061 0.0829
vt 6.6234 4.7976 0.0829
vt 6.7929 4.7532 0.0829
vt 1.2305 0.6632 0.5970
vt 1.2120 0.6558 0.5964
vt 6.8150 4.6101 0.0830
vt 6.8236 4.6415 0.0830
vt 4.5434 0.6669 0.8441
vt 3.2175 0.6657 0.8252
# 8664 texture coords

o Base_Brazo
g Base_Brazo
usemtl Material__46
s 1
f 1/1/1 2/2/2 3/3/3 4/4/4 
f 5/5/5 4/4/4 3/3/3 6/6/6 
f 7/7/7 8/8/8 4/9/4 5/10/5 
f 9/11/9 1/12/1 4/9/4 8/8/8 
f 10/13/10 11/14/11 12/15/12 13/16/13 
f 14/17/14 13/16/13 12/15/12 15/18/15 
f 16/19/16 17/20/17 13/21/13 14/22/14 
f 18/23/18 10/24/10 13/21/13 17/20/17 
f 19/25/19 20/26/20 21/27/21 22/28/22 
f 23/29/23 20/26/20 19/25/19 24/30/24 
f 25/31/25 20/32/20 23/33/23 26/34/26 
f 27/35/27 21/36/21 20/32/20 25/31/25 
f 28/37/28 29/38/29 30/39/30 31/40/31 
f 32/41/32 29/38/29 28/37/28 33/42/33 
f 34/43/34 29/44/29 32/45/32 35/46/35 
f 36/47/36 30/48/30 29/44/29 34/43/34 
f 37/49/37 38/50/38 39/51/39 40/52/40 
f 39/51/39 41/53/41 42/54/42 40/52/40 
f 43/55/43 44/56/44 40/57/40 42/58/42 
f 45/59/45 37/60/37 40/57/40 44/56/44 
f 46/61/46 47/62/47 48/63/48 49/64/49 
f 48/63/48 50/65/50 51/66/51 49/64/49 
f 52/67/52 49/68/49 51/69/51 53/70/53 
f 54/71/54 46/72/46 49/68/49 52/67/52 
f 55/73/55 56/74/56 57/75/57 58/76/58 
f 59/77/59 58/76/58 57/75/57 60/78/60 
f 61/79/61 62/80/62 58/81/58 59/82/59 
f 55/83/55 58/81/58 62/80/62 63/84/63 
f 64/85/64 65/86/65 66/87/66 67/88/67 
f 68/89/68 65/86/65 64/85/64 69/90/69 
f 70/91/70 71/92/71 65/93/65 68/94/68 
f 72/95/72 66/96/66 65/93/65 71/92/71 
f 73/97/73 74/98/74 75/99/75 76/100/76 
f 55/73/55 76/100/76 75/99/75 56/74/56 
f 63/84/63 77/101/77 76/102/76 55/83/55 
f 78/103/78 73/104/73 76/102/76 77/101/77 
f 79/105/79 80/106/80 81/107/81 82/108/82 
f 83/109/83 82/108/82 81/107/81 84/110/84 
f 85/111/85 86/112/86 82/113/82 83/114/83 
f 87/115/87 79/116/79 82/113/82 86/112/86 
f 88/117/88 89/118/89 59/77/59 60/78/60 
f 90/119/90 89/118/89 88/117/88 91/120/91 
f 92/121/92 93/122/93 89/123/89 90/124/90 
f 59/82/59 89/123/89 93/122/93 61/79/61 
f 94/125/94 95/126/95 96/127/96 97/128/97 
f 79/105/79 97/128/97 96/127/96 80/106/80 
f 87/115/87 98/129/98 97/130/97 79/116/79 
f 99/131/99 94/132/94 97/130/97 98/129/98 
f 90/119/90 91/120/91 100/133/100 101/134/101 
f 1/1/1 101/134/101 100/133/100 2/2/2 
f 9/11/9 102/135/102 101/136/101 1/12/1 
f 90/124/90 101/136/101 102/135/102 92/121/92 
f 103/137/103 104/138/104 105/139/105 106/140/106 
f 107/141/107 103/137/103 106/140/106 108/142/108 
f 109/143/109 110/144/110 103/145/103 107/146/107 
f 111/147/111 104/148/104 103/145/103 110/144/110 
f 32/41/32 33/42/33 112/149/112 113/150/113 
f 114/151/114 113/152/113 112/153/112 115/154/115 
f 116/155/116 113/156/113 114/157/114 117/158/117 
f 35/46/35 32/45/32 113/156/113 116/155/116 
f 118/159/118 119/160/119 120/161/120 121/162/121 
f 120/161/120 122/163/122 123/164/123 121/162/121 
f 124/165/124 125/166/125 121/167/121 123/168/123 
f 126/169/126 118/170/118 121/167/121 125/166/125 
f 127/171/127 128/172/128 129/173/129 130/174/130 
f 37/49/37 127/171/127 130/174/130 38/50/38 
f 45/59/45 131/175/131 127/176/127 37/60/37 
f 132/177/132 128/178/128 127/176/127 131/175/131 
f 133/179/133 134/180/134 135/181/135 136/182/136 
f 46/61/46 133/179/133 136/182/136 47/62/47 
f 54/71/54 137/183/137 133/184/133 46/72/46 
f 134/185/134 133/184/133 137/183/137 138/186/138 
f 139/187/139 140/188/140 68/89/68 69/90/69 
f 118/159/118 140/188/140 139/187/139 119/160/119 
f 126/169/126 141/189/141 140/190/140 118/170/118 
f 70/91/70 68/94/68 140/190/140 141/189/141 
f 142/191/142 143/192/143 144/193/144 145/194/145 
f 144/193/144 146/195/146 147/196/147 145/194/145 
f 148/197/148 149/198/149 145/199/145 147/200/147 
f 142/201/142 145/199/145 149/198/149 150/202/150 
f 84/110/84 151/203/151 152/204/152 83/109/83 
f 151/203/151 153/205/153 154/206/154 152/204/152 
f 155/207/155 152/208/152 154/209/154 156/210/156 
f 85/111/85 83/114/83 152/208/152 155/207/155 
f 157/211/157 158/212/158 123/164/123 122/163/122 
f 159/213/159 158/212/158 157/211/157 160/214/160 
f 161/215/161 162/216/162 158/217/158 159/218/159 
f 124/165/124 123/168/123 158/217/158 162/216/162 
f 163/219/163 164/220/164 147/196/147 146/195/146 
f 10/13/10 164/221/164 163/222/163 11/14/11 
f 18/23/18 165/223/165 164/224/164 10/24/10 
f 148/197/148 147/200/147 164/224/164 165/223/165 
f 166/225/166 167/226/167 154/206/154 153/205/153 
f 21/27/21 167/227/167 166/228/166 22/28/22 
f 27/35/27 168/229/168 167/230/167 21/36/21 
f 156/210/156 154/209/154 167/230/167 168/229/168 
f 159/213/159 160/214/160 169/231/169 170/232/170 
f 94/125/94 170/232/170 169/231/169 95/126/95 
f 99/131/99 171/233/171 170/234/170 94/132/94 
f 161/215/161 159/218/159 170/234/170 171/233/171 
f 41/53/41 172/235/172 173/236/173 42/54/42 
f 104/138/104 173/236/173 172/235/172 105/139/105 
f 111/147/111 174/237/174 173/238/173 104/148/104 
f 43/55/43 42/58/42 173/238/173 174/237/174 
f 175/239/175 176/240/176 51/66/51 50/65/50 
f 30/39/30 176/240/176 175/239/175 31/40/31 
f 36/47/36 177/241/177 176/242/176 30/48/30 
f 51/69/51 176/242/176 177/241/177 53/70/53 
f 107/141/107 108/142/108 178/243/178 179/244/179 
f 66/87/66 179/245/179 178/246/178 67/88/67 
f 72/95/72 180/247/180 179/248/179 66/96/66 
f 109/143/109 107/146/107 179/248/179 180/247/180 
f 181/249/181 182/250/182 183/251/183 184/252/184 
f 185/253/185 184/252/184 183/251/183 186/254/186 
f 187/255/187 188/256/188 184/257/184 185/258/185 
f 189/259/189 181/260/181 184/257/184 188/256/188 
f 190/261/190 191/262/191 192/263/192 193/264/193 
f 194/265/194 193/264/193 192/263/192 195/266/195 
f 196/267/196 193/268/193 194/269/194 197/270/197 
f 198/271/198 190/272/190 193/268/193 196/267/196 
f 199/273/199 200/274/200 114/151/114 115/154/115 
f 73/97/73 200/274/200 199/273/199 74/98/74 
f 78/103/78 201/275/201 200/276/200 73/104/73 
f 117/158/117 114/157/114 200/276/200 201/275/201 
f 186/254/186 202/277/202 203/278/203 185/253/185 
f 128/172/128 203/278/203 202/277/202 129/173/129 
f 132/177/132 204/279/204 203/280/203 128/178/128 
f 187/255/187 185/258/185 203/280/203 204/279/204 
f 194/265/194 195/266/195 205/281/205 206/282/206 
f 134/180/134 206/282/206 205/281/205 135/181/135 
f 138/186/138 207/283/207 206/284/206 134/185/134 
f 197/270/197 194/269/194 206/284/206 207/283/207 
f 6/6/6 208/285/208 209/286/209 5/5/5 
f 142/191/142 209/286/209 208/285/208 143/192/143 
f 150/202/150 210/287/210 209/288/209 142/201/142 
f 7/7/7 5/10/5 209/288/209 210/287/210 
f 14/17/14 15/18/15 211/289/211 212/290/212 
f 181/249/181 212/290/212 211/289/211 182/250/182 
f 189/259/189 213/291/213 212/292/212 181/260/181 
f 16/19/16 14/22/14 212/292/212 213/291/213 
f 24/30/24 214/293/214 215/294/215 23/29/23 
f 190/261/190 215/294/215 214/293/214 191/262/191 
f 198/271/198 216/295/216 215/296/215 190/272/190 
f 26/34/26 23/33/23 215/296/215 216/295/216 
f 217/297/217 218/298/218 219/299/219 220/300/220 
f 219/299/219 218/298/218 221/301/221 222/302/222 
f 223/303/223 219/299/219 222/302/222 224/304/224 
f 225/305/225 220/300/220 219/299/219 223/303/223 
f 226/306/226 227/307/227 228/308/228 229/309/229 
f 230/310/230 227/307/227 226/306/226 231/311/231 
f 232/312/232 233/313/233 227/307/227 230/310/230 
f 234/314/234 228/308/228 227/307/227 233/313/233 
f 235/315/235 236/316/236 237/317/237 238/318/238 
f 235/315/235 239/319/239 240/320/240 236/316/236 
f 241/321/241 242/322/242 236/316/236 240/320/240 
f 243/323/243 237/317/237 236/316/236 242/322/242 
f 244/324/244 245/325/245 246/326/246 247/327/247 
f 248/328/248 247/327/247 246/326/246 249/329/249 
f 250/330/250 251/331/251 247/327/247 248/328/248 
f 252/332/252 244/324/244 247/327/247 251/331/251 
f 253/333/253 254/334/254 255/335/255 256/336/256 
f 257/337/257 253/333/253 256/336/256 258/338/258 
f 259/339/259 260/340/260 253/333/253 257/337/257 
f 261/341/261 254/334/254 253/333/253 260/340/260 
f 262/342/262 263/343/263 264/344/264 265/345/265 
f 266/346/266 265/345/265 264/344/264 267/347/267 
f 268/348/268 269/349/269 265/345/265 266/346/266 
f 270/350/270 262/342/262 265/345/265 269/349/269 
f 271/351/271 272/352/272 273/353/273 274/354/274 
f 275/355/275 274/354/274 273/353/273 276/356/276 
f 277/357/277 274/354/274 275/355/275 278/358/278 
f 279/359/279 271/351/271 274/354/274 277/357/277 
f 280/360/280 281/361/281 282/362/282 283/363/283 
f 254/334/254 280/360/280 283/363/283 255/335/255 
f 261/341/261 284/364/284 280/360/280 254/334/254 
f 285/365/285 281/361/281 280/360/280 284/364/284 
f 286/366/286 287/367/287 288/368/288 289/369/289 
f 290/370/290 286/366/286 289/369/289 291/371/291 
f 292/372/292 293/373/293 286/366/286 290/370/290 
f 293/373/293 294/374/294 287/367/287 286/366/286 
f 295/375/295 296/376/296 297/377/297 298/378/298 
f 299/379/299 298/378/298 297/377/297 300/380/300 
f 301/381/301 302/382/302 298/378/298 299/379/299 
f 303/383/303 295/375/295 298/378/298 302/382/302 
f 257/337/257 258/338/258 304/384/304 305/385/305 
f 306/386/306 305/385/305 304/384/304 307/387/307 
f 308/388/308 309/389/309 305/385/305 306/386/306 
f 259/339/259 257/337/257 305/385/305 309/389/309 
f 291/371/291 310/390/310 311/391/311 290/370/290 
f 312/392/312 311/391/311 310/390/310 313/393/313 
f 314/394/314 315/395/315 311/391/311 312/392/312 
f 292/372/292 290/370/290 311/391/311 315/395/315 
f 299/379/299 300/380/300 316/396/316 317/397/317 
f 318/398/318 317/397/317 316/396/316 319/399/319 
f 320/400/320 321/401/321 317/397/317 318/398/318 
f 301/381/301 299/379/299 317/397/317 321/401/321 
f 307/387/307 322/402/322 323/403/323 306/386/306 
f 220/300/220 323/403/323 322/402/322 217/297/217 
f 225/305/225 324/404/324 323/403/323 220/300/220 
f 308/388/308 306/386/306 323/403/323 324/404/324 
f 325/405/325 326/406/326 327/407/327 328/408/328 
f 328/408/328 238/318/238 237/317/237 325/405/325 
f 243/323/243 329/409/329 325/405/325 237/317/237 
f 330/410/330 326/406/326 325/405/325 329/409/329 
f 331/411/331 332/412/332 333/413/333 334/414/334 
f 335/415/335 334/414/334 333/413/333 336/416/336 
f 337/417/337 338/418/338 334/414/334 335/415/335 
f 339/419/339 331/411/331 334/414/334 338/418/338 
f 340/420/340 240/320/240 239/319/239 341/421/341 
f 342/422/342 340/420/340 341/421/341 343/423/343 
f 344/424/344 345/425/345 340/420/340 342/422/342 
f 241/321/241 240/320/240 340/420/340 345/425/345 
f 346/426/346 347/427/347 348/428/348 349/429/349 
f 348/428/348 350/430/350 351/431/351 349/429/349 
f 352/432/352 353/433/353 349/429/349 351/431/351 
f 346/426/346 349/429/349 353/433/353 354/434/354 
f 355/435/355 356/436/356 357/437/357 358/438/358 
f 359/439/359 358/438/358 357/437/357 360/440/360 
f 361/441/361 362/442/362 358/438/358 359/439/359 
f 363/443/363 355/435/355 358/438/358 362/442/362 
f 249/329/249 364/444/364 365/445/365 248/328/248 
f 366/446/366 365/445/365 364/444/364 367/447/367 
f 368/448/368 369/449/369 365/445/365 366/446/366 
f 250/330/250 248/328/248 365/445/365 369/449/369 
f 370/450/370 371/451/371 351/431/351 350/430/350 
f 262/342/262 371/451/371 370/450/370 263/343/263 
f 270/350/270 372/452/372 371/451/371 262/342/262 
f 352/432/352 351/431/351 371/451/371 372/452/372 
f 359/439/359 360/440/360 373/453/373 374/454/374 
f 271/351/271 374/454/374 373/453/373 272/352/272 
f 279/359/279 375/455/375 374/454/374 271/351/271 
f 361/441/361 359/439/359 374/454/374 375/455/375 
f 376/456/376 377/457/377 378/458/378 379/459/379 
f 287/367/287 376/456/376 379/459/379 288/368/288 
f 294/374/294 380/460/380 376/456/376 287/367/287 
f 381/461/381 377/457/377 376/456/376 380/460/380 
f 382/462/382 383/463/383 384/464/384 385/465/385 
f 385/465/385 384/464/384 347/427/347 346/426/346 
f 346/426/346 354/434/354 386/466/386 385/465/385 
f 387/467/387 382/462/382 385/465/385 386/466/386 
f 388/468/388 389/469/389 390/470/390 391/471/391 
f 355/435/355 388/468/388 391/471/391 356/436/356 
f 363/443/363 392/472/392 388/468/388 355/435/355 
f 393/473/393 389/469/389 388/468/388 392/472/392 
f 231/311/231 394/474/394 395/475/395 230/310/230 
f 377/457/377 395/475/395 394/474/394 378/458/378 
f 381/461/381 396/476/396 395/475/395 377/457/377 
f 232/312/232 230/310/230 395/475/395 396/476/396 
f 313/393/313 397/477/397 398/478/398 312/392/312 
f 382/462/382 398/478/398 397/477/397 383/463/383 
f 387/467/387 399/479/399 398/478/398 382/462/382 
f 314/394/314 312/392/312 398/478/398 399/479/399 
f 319/399/319 400/480/400 401/481/401 318/398/318 
f 389/469/389 401/481/401 400/480/400 390/470/390 
f 393/473/393 402/482/402 401/481/401 389/469/389 
f 320/400/320 318/398/318 401/481/401 402/482/402 
f 336/416/336 403/483/403 404/484/404 335/415/335 
f 244/324/244 404/484/404 403/483/403 245/325/245 
f 252/332/252 405/485/405 404/484/404 244/324/244 
f 337/417/337 335/415/335 404/484/404 405/485/405 
f 267/347/267 406/486/406 407/487/407 266/346/266 
f 326/406/326 407/487/407 406/486/406 327/407/327 
f 330/410/330 408/488/408 407/487/407 326/406/326 
f 268/348/268 266/346/266 407/487/407 408/488/408 
f 275/355/275 276/356/276 409/489/409 410/490/410 
f 331/411/331 410/490/410 409/489/409 332/412/332 
f 339/419/339 411/491/411 410/490/410 331/411/331 
f 278/358/278 275/355/275 410/490/410 411/491/411 
f 412/492/412 413/493/413 414/494/414 415/495/415 
f 416/496/416 415/495/415 414/494/414 417/497/417 
f 418/498/418 419/499/419 415/495/415 416/496/416 
f 420/500/420 412/492/412 415/495/415 419/499/419 
f 342/422/342 343/423/343 421/501/421 422/502/422 
f 281/361/281 422/502/422 421/501/421 282/362/282 
f 285/365/285 423/503/423 422/502/422 281/361/281 
f 344/424/344 342/422/342 422/502/422 423/503/423 
f 366/446/366 367/447/367 424/504/424 425/505/425 
f 412/492/412 425/505/425 424/504/424 413/493/413 
f 420/500/420 426/506/426 425/505/425 412/492/412 
f 368/448/368 366/446/366 425/505/425 426/506/426 
f 427/507/427 222/302/222 221/301/221 428/508/428 
f 295/375/295 427/507/427 428/508/428 296/376/296 
f 303/383/303 429/509/429 427/507/427 295/375/295 
f 224/304/224 222/302/222 427/507/427 429/509/429 
f 417/497/417 430/510/430 431/511/431 416/496/416 
f 228/308/228 431/511/431 430/510/430 229/309/229 
f 234/314/234 432/512/432 431/511/431 228/308/228 
f 418/498/418 416/496/416 431/511/431 432/512/432 
f 433/513/433 434/514/434 435/515/435 436/516/436 
f 437/517/437 436/516/436 435/515/435 438/518/438 
f 439/519/439 436/516/436 437/517/437 440/520/440 
f 441/521/441 433/513/433 436/516/436 439/519/439 
f 442/522/442 443/523/443 444/524/444 445/525/445 
f 446/526/446 445/525/445 444/524/444 447/527/447 
f 448/528/448 445/529/445 446/530/446 449/531/449 
f 448/528/448 450/532/450 442/533/442 445/529/445 
f 451/534/451 452/535/452 453/536/453 454/537/454 
f 455/538/455 454/537/454 453/536/453 456/539/456 
f 457/540/457 454/541/454 455/542/455 458/543/458 
f 457/540/457 459/544/459 451/545/451 454/541/454 
f 437/517/437 438/518/438 460/546/460 461/547/461 
f 462/548/462 461/547/461 460/546/460 463/549/463 
f 464/550/464 461/547/461 462/548/462 465/551/465 
f 440/520/440 437/517/437 461/547/461 464/550/464 
f 466/552/466 446/526/446 447/527/447 467/553/467 
f 468/554/468 466/552/466 467/553/467 469/555/469 
f 470/556/470 466/552/466 468/554/468 471/557/471 
f 470/556/470 449/558/449 446/526/446 466/552/466 
f 455/538/455 456/539/456 472/559/472 473/560/473 
f 474/561/474 473/560/473 472/559/472 475/562/475 
f 476/563/476 473/564/473 474/565/474 477/566/477 
f 476/563/476 458/543/458 455/542/455 473/564/473 
f 478/567/478 479/568/479 480/569/480 481/570/481 
f 482/571/482 480/569/480 479/568/479 483/572/483 
f 484/573/484 480/569/480 482/571/482 485/574/485 
f 486/575/486 481/570/481 480/569/480 484/573/484 
f 487/576/487 488/577/488 489/578/489 490/579/490 
f 491/580/491 487/576/487 490/579/490 492/581/492 
f 493/582/493 494/583/494 487/576/487 491/580/491 
f 494/583/494 495/584/495 488/577/488 487/576/487 
f 496/585/496 497/586/497 498/587/498 499/588/499 
f 500/589/500 499/588/499 498/587/498 501/590/501 
f 502/591/502 499/588/499 500/589/500 503/592/503 
f 496/585/496 499/588/499 502/591/502 504/593/504 
f 462/548/462 463/549/463 505/594/505 506/595/506 
f 481/570/481 506/595/506 505/594/505 478/567/478 
f 486/575/486 507/596/507 506/595/506 481/570/481 
f 465/551/465 462/548/462 506/595/506 507/596/507 
f 468/554/468 469/555/469 508/597/508 509/598/509 
f 488/577/488 509/598/509 508/597/508 489/578/489 
f 510/599/510 509/598/509 488/577/488 495/584/495 
f 510/599/510 471/557/471 468/554/468 509/598/509 
f 511/600/511 512/601/512 513/602/513 514/603/514 
f 515/604/515 514/605/514 513/606/513 516/607/516 
f 517/608/517 518/609/518 514/610/514 515/611/515 
f 518/609/518 519/612/519 511/613/511 514/614/514 
f 520/615/520 521/616/521 522/617/522 523/618/523 
f 524/619/524 523/618/523 522/617/522 525/620/525 
f 526/621/526 527/622/527 523/623/523 524/624/524 
f 520/625/520 523/623/523 527/622/527 528/626/528 
f 529/627/529 530/628/530 531/629/531 532/630/532 
f 533/631/533 532/630/532 531/629/531 534/632/534 
f 535/633/535 532/634/532 533/635/533 536/636/536 
f 535/633/535 537/637/537 529/638/529 532/634/532 
f 538/639/538 539/640/539 540/641/540 541/642/541 
f 542/643/542 541/642/541 540/641/540 543/644/543 
f 544/645/544 541/642/541 542/643/542 545/646/545 
f 544/645/544 546/647/546 538/639/538 541/642/541 
f 547/648/547 548/649/548 549/650/549 550/651/550 
f 433/513/433 549/652/549 548/653/548 434/514/434 
f 551/654/551 549/655/549 433/656/433 441/657/441 
f 551/654/551 552/658/552 550/659/550 549/660/549 
f 553/661/553 554/662/554 555/663/555 556/664/556 
f 555/665/555 443/523/443 442/522/442 556/666/556 
f 557/667/557 556/668/556 442/533/442 450/532/450 
f 557/667/557 558/669/558 553/670/553 556/668/556 
f 559/671/559 560/672/560 561/673/561 562/674/562 
f 538/639/538 561/673/561 560/672/560 539/640/539 
f 563/675/563 561/673/561 538/639/538 546/647/546 
f 562/674/562 561/673/561 563/675/563 564/676/564 
f 565/677/565 566/678/566 567/679/567 568/680/568 
f 550/651/550 568/680/568 567/679/567 547/648/547 
f 569/681/569 568/682/568 550/659/550 552/658/552 
f 565/683/565 568/682/568 569/681/569 570/684/570 
f 474/561/474 475/562/475 571/685/571 572/686/572 
f 553/661/553 572/686/572 571/685/571 554/662/554 
f 573/687/573 572/688/572 553/670/553 558/669/558 
f 573/687/573 477/566/477 474/565/474 572/688/572 
f 574/689/574 575/690/575 576/691/576 577/692/577 
f 578/693/578 577/692/577 576/691/576 579/694/579 
f 580/695/580 581/696/581 577/692/577 578/693/578 
f 581/696/581 582/697/582 574/689/574 577/692/577 
f 482/571/482 483/572/483 583/698/583 584/699/584 
f 585/700/585 584/699/584 583/698/583 586/701/586 
f 587/702/587 588/703/588 584/699/584 585/700/585 
f 485/574/485 482/571/482 584/699/584 588/703/588 
f 491/580/491 492/581/492 589/704/589 590/705/590 
f 591/706/591 590/705/590 589/704/589 592/707/592 
f 593/708/593 590/705/590 591/706/591 594/709/594 
f 491/580/491 590/705/590 593/708/593 493/582/493 
f 595/710/595 578/693/578 579/694/579 596/711/596 
f 562/674/562 595/710/595 596/711/596 559/671/559 
f 564/676/564 597/712/597 595/710/595 562/674/562 
f 580/695/580 578/693/578 595/710/595 597/712/597 
f 598/713/598 599/714/599 600/715/600 601/716/601 
f 496/585/496 601/717/601 600/718/600 497/586/497 
f 602/719/602 601/720/601 496/721/496 504/722/504 
f 598/723/598 601/720/601 602/719/602 603/724/603 
f 533/631/533 534/632/534 604/725/604 605/726/605 
f 511/600/511 605/726/605 604/725/604 512/601/512 
f 606/727/606 605/728/605 511/613/511 519/612/519 
f 606/727/606 536/636/536 533/635/533 605/728/605 
f 607/729/607 608/730/608 609/731/609 610/732/610 
f 451/534/451 609/731/609 608/730/608 452/535/452 
f 611/733/611 609/734/609 451/545/451 459/544/459 
f 611/735/611 612/736/612 610/732/610 609/731/609 
f 542/643/542 543/644/543 613/737/613 614/738/614 
f 615/739/615 614/738/614 613/737/613 616/740/616 
f 617/741/617 614/738/614 615/739/615 618/742/618 
f 545/646/545 542/643/542 614/738/614 617/741/617 
f 619/743/619 620/744/620 621/745/621 622/746/622 
f 610/732/610 619/743/619 622/746/622 607/729/607 
f 623/747/623 619/743/619 610/732/610 612/736/612 
f 623/747/623 624/748/624 620/744/620 619/743/619 
f 615/739/615 616/740/616 625/749/625 626/750/626 
f 565/677/565 626/750/626 625/749/625 566/678/566 
f 570/684/570 627/751/627 626/752/626 565/683/565 
f 627/751/627 618/753/618 615/754/615 626/752/626 
f 500/589/500 501/590/501 628/755/628 629/756/629 
f 630/757/630 629/756/629 628/755/628 631/758/631 
f 632/759/632 633/760/633 629/756/629 630/757/630 
f 503/592/503 500/589/500 629/756/629 633/760/633 
f 515/604/515 516/607/516 634/761/634 635/762/635 
f 574/689/574 635/762/635 634/761/634 575/690/575 
f 636/763/636 635/762/635 574/689/574 582/697/582 
f 636/763/636 517/764/517 515/604/515 635/762/635 
f 630/757/630 631/758/631 637/765/637 638/766/638 
f 620/744/620 638/766/638 637/765/637 621/745/621 
f 639/767/639 638/766/638 620/744/620 624/748/624 
f 630/757/630 638/766/638 639/767/639 632/759/632 
f 585/700/585 586/701/586 640/768/640 641/769/641 
f 520/615/520 641/769/641 640/768/640 521/616/521 
f 528/770/528 642/771/642 641/769/641 520/615/520 
f 642/771/642 587/702/587 585/700/585 641/769/641 
f 591/706/591 592/707/592 643/772/643 644/773/644 
f 529/627/529 644/773/644 643/772/643 530/628/530 
f 645/774/645 644/773/644 529/627/529 537/775/537 
f 645/774/645 594/709/594 591/706/591 644/773/644 
f 524/619/524 525/620/525 646/776/646 647/777/647 
f 598/713/598 647/777/647 646/776/646 599/714/599 
f 603/724/603 648/778/648 647/779/647 598/723/598 
f 526/621/526 524/624/524 647/779/647 648/778/648 
f 649/780/649 650/781/650 337/782/337 405/783/405 
f 649/780/649 405/783/405 252/784/252 651/785/651 
f 646/776/646 649/780/649 651/785/651 599/714/599 
f 650/781/650 649/780/649 646/776/646 525/620/525 
f 652/786/652 653/787/653 268/788/268 408/789/408 
f 652/786/652 408/789/408 330/790/330 654/791/654 
f 643/772/643 652/786/652 654/791/654 530/628/530 
f 643/772/643 592/707/592 653/787/653 652/786/652 
f 655/792/655 656/793/656 278/794/278 411/795/411 
f 657/796/657 655/792/655 411/795/411 339/797/339 
f 640/768/640 655/792/655 657/796/657 521/616/521 
f 640/768/640 586/701/586 656/793/656 655/792/655 
f 420/798/420 419/799/419 658/800/658 659/801/659 
f 658/800/658 419/799/419 418/802/418 660/803/660 
f 637/765/637 658/800/658 660/803/660 621/745/621 
f 637/765/637 631/758/631 659/801/659 658/800/658 
f 661/804/661 662/805/662 344/806/344 423/807/423 
f 661/804/661 423/807/423 285/808/285 663/809/663 
f 634/761/634 661/804/661 663/809/663 575/690/575 
f 516/607/516 662/805/662 661/804/661 634/761/634 
f 664/810/664 665/811/665 368/812/368 426/813/426 
f 659/801/659 664/810/664 426/813/426 420/798/420 
f 628/755/628 664/810/664 659/801/659 631/758/631 
f 628/755/628 501/590/501 665/811/665 664/810/664 
f 666/814/666 667/815/667 224/816/224 429/817/429 
f 666/814/666 429/817/429 303/818/303 668/819/668 
f 625/749/625 666/814/666 668/819/668 566/678/566 
f 625/749/625 616/740/616 667/815/667 666/814/666 
f 669/820/669 660/803/660 418/802/418 432/821/432 
f 669/820/669 432/821/432 234/822/234 670/823/670 
f 622/746/622 669/820/669 670/823/670 607/729/607 
f 622/746/622 621/745/621 660/803/660 669/820/669 
f 671/824/671 672/825/672 225/826/225 223/827/223 
f 671/824/671 223/827/223 224/816/224 667/815/667 
f 613/737/613 671/824/671 667/815/667 616/740/616 
f 672/825/672 671/824/671 613/737/613 543/644/543 
f 673/828/673 670/823/670 234/822/234 233/829/233 
f 673/828/673 233/829/233 232/830/232 674/831/674 
f 608/730/608 673/828/673 674/831/674 452/535/452 
f 607/729/607 670/823/670 673/828/673 608/730/608 
f 675/832/675 676/833/676 243/834/243 242/835/242 
f 675/832/675 242/835/242 241/836/241 677/837/677 
f 604/725/604 675/832/675 677/837/677 512/601/512 
f 676/833/676 675/832/675 604/725/604 534/632/534 
f 678/838/678 651/785/651 252/784/252 251/839/251 
f 678/840/678 251/841/251 250/842/250 679/843/679 
f 600/718/600 678/840/678 679/843/679 497/586/497 
f 599/714/599 651/785/651 678/838/678 600/715/600 
f 680/844/680 681/845/681 261/846/261 260/847/260 
f 680/844/680 260/847/260 259/848/259 682/849/682 
f 596/711/596 680/844/680 682/849/682 559/671/559 
f 596/711/596 579/694/579 681/845/681 680/844/680 
f 683/850/683 684/851/684 270/852/270 269/853/269 
f 653/787/653 683/850/683 269/853/269 268/788/268 
f 589/704/589 683/850/683 653/787/653 592/707/592 
f 684/851/684 683/850/683 589/704/589 492/581/492 
f 279/854/279 277/855/277 685/856/685 686/857/686 
f 656/793/656 685/856/685 277/855/277 278/794/278 
f 583/698/583 685/856/685 656/793/656 586/701/586 
f 483/572/483 686/857/686 685/856/685 583/698/583 
f 687/858/687 663/809/663 285/808/285 284/859/284 
f 687/858/687 284/859/284 261/846/261 681/845/681 
f 576/691/576 687/858/687 681/845/681 579/694/579 
f 575/690/575 663/809/663 687/858/687 576/691/576 
f 294/860/294 293/861/293 688/862/688 689/863/689 
f 688/862/688 293/861/293 292/864/292 690/865/690 
f 571/685/571 688/862/688 690/865/690 554/662/554 
f 571/685/571 475/562/475 689/863/689 688/862/688 
f 691/866/691 668/819/668 303/818/303 302/867/302 
f 691/866/691 302/867/302 301/868/301 692/869/692 
f 567/679/567 691/866/691 692/869/692 547/648/547 
f 567/679/567 566/678/566 668/819/668 691/866/691 
f 693/870/693 682/849/682 259/848/259 309/871/309 
f 693/870/693 309/871/309 308/872/308 694/873/694 
f 560/672/560 693/870/693 694/873/694 539/640/539 
f 559/671/559 682/849/682 693/870/693 560/672/560 
f 695/874/695 690/865/690 292/864/292 315/875/315 
f 695/876/695 315/877/315 314/878/314 696/879/696 
f 555/665/555 695/876/695 696/879/696 443/523/443 
f 555/663/555 554/662/554 690/865/690 695/874/695 
f 697/880/697 692/869/692 301/868/301 321/881/321 
f 698/882/698 697/883/697 321/884/321 320/885/320 
f 548/653/548 697/883/697 698/882/698 434/514/434 
f 547/648/547 692/869/692 697/880/697 548/649/548 
f 699/886/699 694/873/694 308/872/308 324/887/324 
f 699/886/699 324/887/324 225/826/225 672/825/672 
f 543/644/543 540/641/540 699/886/699 672/825/672 
f 694/873/694 699/886/699 540/641/540 539/640/539 
f 700/888/700 654/791/654 330/790/330 329/889/329 
f 700/888/700 329/889/329 243/834/243 676/833/676 
f 531/629/531 700/888/700 676/833/676 534/632/534 
f 531/629/531 530/628/530 654/791/654 700/888/700 
f 339/797/339 338/890/338 701/891/701 657/796/657 
f 650/781/650 701/891/701 338/890/338 337/782/337 
f 522/617/522 701/891/701 650/781/650 525/620/525 
f 521/616/521 657/796/657 701/891/701 522/617/522 
f 702/892/702 677/837/677 241/836/241 345/893/345 
f 702/894/702 345/895/345 344/806/344 662/805/662 
f 516/607/516 513/606/513 702/894/702 662/805/662 
f 512/601/512 677/837/677 702/892/702 513/602/513 
f 703/896/703 704/897/704 354/898/354 353/899/353 
f 703/896/703 353/899/353 352/900/352 705/901/705 
f 508/597/508 703/896/703 705/901/705 489/578/489 
f 508/597/508 469/555/469 704/897/704 703/896/703 
f 706/902/706 707/903/707 363/904/363 362/905/362 
f 706/902/706 362/905/362 361/906/361 708/907/708 
f 505/594/505 706/902/706 708/907/708 478/567/478 
f 505/594/505 463/549/463 707/903/707 706/902/706 
f 709/908/709 679/843/679 250/842/250 369/909/369 
f 709/908/709 369/909/369 368/812/368 665/811/665 
f 498/587/498 709/908/709 665/811/665 501/590/501 
f 497/586/497 679/843/679 709/908/709 498/587/498 
f 710/910/710 705/901/705 352/900/352 372/911/372 
f 710/910/710 372/911/372 270/852/270 684/851/684 
f 492/581/492 490/579/490 710/910/710 684/851/684 
f 489/578/489 705/901/705 710/910/710 490/579/490 
f 711/912/711 708/907/708 361/906/361 375/913/375 
f 686/857/686 711/912/711 375/913/375 279/854/279 
f 483/572/483 479/568/479 711/912/711 686/857/686 
f 479/568/479 478/567/478 708/907/708 711/912/711 
f 381/914/381 380/915/380 712/916/712 713/917/713 
f 712/916/712 380/915/380 294/860/294 689/863/689 
f 472/559/472 712/916/712 689/863/689 475/562/475 
f 713/917/713 712/916/712 472/559/472 456/539/456 
f 714/918/714 715/919/715 387/920/387 386/921/386 
f 714/918/714 386/921/386 354/898/354 704/897/704 
f 469/555/469 467/553/467 714/918/714 704/897/704 
f 467/553/467 447/527/447 715/919/715 714/918/714 
f 716/922/716 717/923/717 393/924/393 392/925/392 
f 707/903/707 716/922/716 392/925/392 363/904/363 
f 460/546/460 716/922/716 707/903/707 463/549/463 
f 717/923/717 716/922/716 460/546/460 438/518/438 
f 718/926/718 674/831/674 232/830/232 396/927/396 
f 713/917/713 718/926/718 396/927/396 381/914/381 
f 456/539/456 453/536/453 718/926/718 713/917/713 
f 453/536/453 452/535/452 674/831/674 718/926/718 
f 719/928/719 696/879/696 314/878/314 399/929/399 
f 719/928/719 399/929/399 387/920/387 715/919/715 
f 444/524/444 719/928/719 715/919/715 447/527/447 
f 444/524/444 443/523/443 696/879/696 719/928/719 
f 320/885/320 402/930/402 720/931/720 698/882/698 
f 720/931/720 402/930/402 393/924/393 717/923/717 
f 438/518/438 435/515/435 720/931/720 717/923/717 
f 435/515/435 434/514/434 698/882/698 720/931/720 
f 721/932/721 722/933/722 61/79/61 93/122/93 
f 723/934/723 721/932/721 93/122/93 92/121/92 
f 430/510/430 721/932/721 723/934/723 229/309/229 
f 722/933/722 721/932/721 430/510/430 417/497/417 
f 87/115/87 86/112/86 724/935/724 725/936/725 
f 726/937/726 724/935/724 86/112/86 85/111/85 
f 428/508/428 724/935/724 726/937/726 296/376/296 
f 725/936/725 724/935/724 428/508/428 221/301/221 
f 727/938/727 728/939/728 78/103/78 77/101/77 
f 727/938/727 77/101/77 63/84/63 729/940/729 
f 413/493/413 424/504/424 727/938/727 729/940/729 
f 424/504/424 367/447/367 728/939/728 727/938/727 
f 730/941/730 731/942/731 72/95/72 71/92/71 
f 732/943/732 730/941/730 71/92/71 70/91/70 
f 421/501/421 730/941/730 732/943/732 282/362/282 
f 421/501/421 343/423/343 731/942/731 730/941/730 
f 733/944/733 729/940/729 63/84/63 62/80/62 
f 733/944/733 62/80/62 61/79/61 722/933/722 
f 417/497/417 414/494/414 733/944/733 722/933/722 
f 414/494/414 413/493/413 729/940/729 733/944/733 
f 734/945/734 735/946/735 54/71/54 52/67/52 
f 734/945/734 52/67/52 53/70/53 736/947/736 
f 736/947/736 332/412/332 409/489/409 734/945/734 
f 409/489/409 276/356/276 735/946/735 734/945/734 
f 737/948/737 738/949/738 45/59/45 44/56/44 
f 739/950/739 737/948/737 44/56/44 43/55/43 
f 739/950/739 327/407/327 406/486/406 737/948/737 
f 267/347/267 738/949/738 737/948/737 406/486/406 
f 740/951/740 741/952/741 36/47/36 34/43/34 
f 740/951/740 34/43/34 35/46/35 742/953/742 
f 403/483/403 740/951/740 742/953/742 245/325/245 
f 336/416/336 741/952/741 740/951/740 403/483/403 
f 743/954/743 744/955/744 27/35/27 25/31/25 
f 743/954/743 25/31/25 26/34/26 745/956/745 
f 400/480/400 743/954/743 745/956/745 390/470/390 
f 319/399/319 744/955/744 743/954/743 400/480/400 
f 746/957/746 747/958/747 18/23/18 17/20/17 
f 748/959/748 746/957/746 17/20/17 16/19/16 
f 383/463/383 397/477/397 746/957/746 748/959/748 
f 313/393/313 747/958/747 746/957/746 397/477/397 
f 749/960/749 750/961/750 9/11/9 8/8/8 
f 749/960/749 8/8/8 7/7/7 751/962/751 
f 394/474/394 749/960/749 751/962/751 378/458/378 
f 394/474/394 231/311/231 750/961/750 749/960/749 
f 752/963/752 745/956/745 26/34/26 216/295/216 
f 752/963/752 216/295/216 198/271/198 753/964/753 
f 356/436/356 391/471/391 752/963/752 753/964/753 
f 391/471/391 390/470/390 745/956/745 752/963/752 
f 754/965/754 748/959/748 16/19/16 213/291/213 
f 755/966/755 754/965/754 213/291/213 189/259/189 
f 347/427/347 384/464/384 754/965/754 755/966/755 
f 748/959/748 754/965/754 384/464/384 383/463/383 
f 7/7/7 210/287/210 756/967/756 751/962/751 
f 757/968/757 756/967/756 210/287/210 150/202/150 
f 288/368/288 379/459/379 756/967/756 757/968/757 
f 379/459/379 378/458/378 751/962/751 756/967/756 
f 758/969/758 759/970/759 197/270/197 207/283/207 
f 758/969/758 207/283/207 138/186/138 760/971/760 
f 272/352/272 373/453/373 758/969/758 760/971/760 
f 360/440/360 759/970/759 758/969/758 373/453/373 
f 761/972/761 762/973/762 187/255/187 204/279/204 
f 761/972/761 204/279/204 132/177/132 763/974/763 
f 263/343/263 370/450/370 761/972/761 763/974/763 
f 370/450/370 350/430/350 762/973/762 761/972/761 
f 764/975/764 765/976/765 117/158/117 201/275/201 
f 764/975/764 201/275/201 78/103/78 728/939/728 
f 364/444/364 764/975/764 728/939/728 367/447/367 
f 249/329/249 765/976/765 764/975/764 364/444/364 
f 766/977/766 753/964/753 198/271/198 196/267/196 
f 766/977/766 196/267/196 197/270/197 759/970/759 
f 357/437/357 766/977/766 759/970/759 360/440/360 
f 753/964/753 766/977/766 357/437/357 356/436/356 
f 189/259/189 188/256/188 767/978/767 755/966/755 
f 762/973/762 767/978/767 188/256/188 187/255/187 
f 348/428/348 767/978/767 762/973/762 350/430/350 
f 755/966/755 767/978/767 348/428/348 347/427/347 
f 768/979/768 769/980/769 109/143/109 180/247/180 
f 768/979/768 180/247/180 72/95/72 731/942/731 
f 341/421/341 768/979/768 731/942/731 343/423/343 
f 341/421/341 239/319/239 769/980/769 768/979/768 
f 770/981/770 736/947/736 53/70/53 177/241/177 
f 770/981/770 177/241/177 36/47/36 741/952/741 
f 333/413/333 770/981/770 741/952/741 336/416/336 
f 736/947/736 770/981/770 333/413/333 332/412/332 
f 771/982/771 739/950/739 43/55/43 174/237/174 
f 771/982/771 174/237/174 111/147/111 772/983/772 
f 238/318/238 328/408/328 771/982/771 772/983/772 
f 739/950/739 771/982/771 328/408/328 327/407/327 
f 773/984/773 774/985/774 161/215/161 171/233/171 
f 773/984/773 171/233/171 99/131/99 775/986/775 
f 217/297/217 322/402/322 773/984/773 775/986/775 
f 322/402/322 307/387/307 774/985/774 773/984/773 
f 776/987/776 777/988/777 156/210/156 168/229/168 
f 776/987/776 168/229/168 27/35/27 744/955/744 
f 316/396/316 776/987/776 744/955/744 319/399/319 
f 316/396/316 300/380/300 777/988/777 776/987/776 
f 778/989/778 779/990/779 148/197/148 165/223/165 
f 778/989/778 165/223/165 18/23/18 747/958/747 
f 310/390/310 778/989/778 747/958/747 313/393/313 
f 310/390/310 291/371/291 779/990/779 778/989/778 
f 780/991/780 781/992/781 124/165/124 162/216/162 
f 780/991/780 162/216/162 161/215/161 774/985/774 
f 304/384/304 780/991/780 774/985/774 307/387/307 
f 304/384/304 258/338/258 781/992/781 780/991/780 
f 782/993/782 726/937/726 85/111/85 155/207/155 
f 777/988/777 782/993/782 155/207/155 156/210/156 
f 297/377/297 782/993/782 777/988/777 300/380/300 
f 297/377/297 296/376/296 726/937/726 782/993/782 
f 150/202/150 149/198/149 783/994/783 757/968/757 
f 783/994/783 149/198/149 148/197/148 779/990/779 
f 289/369/289 783/994/783 779/990/779 291/371/291 
f 757/968/757 783/994/783 289/369/289 288/368/288 
f 70/91/70 141/189/141 784/995/784 732/943/732 
f 784/995/784 141/189/141 126/169/126 785/996/785 
f 255/335/255 283/363/283 784/995/784 785/996/785 
f 283/363/283 282/362/282 732/943/732 784/995/784 
f 786/997/786 760/971/760 138/186/138 137/183/137 
f 786/997/786 137/183/137 54/71/54 735/946/735 
f 273/353/273 786/997/786 735/946/735 276/356/276 
f 272/352/272 760/971/760 786/997/786 273/353/273 
f 787/998/787 763/974/763 132/177/132 131/175/131 
f 787/998/787 131/175/131 45/59/45 738/949/738 
f 264/344/264 787/998/787 738/949/738 267/347/267 
f 763/974/763 787/998/787 264/344/264 263/343/263 
f 788/999/788 785/996/785 126/169/126 125/166/125 
f 788/999/788 125/166/125 124/165/124 781/992/781 
f 256/336/256 788/999/788 781/992/781 258/338/258 
f 255/335/255 785/996/785 788/999/788 256/336/256 
f 789/1000/789 742/953/742 35/46/35 116/155/116 
f 789/1000/789 116/155/116 117/158/117 765/976/765 
f 246/326/246 789/1000/789 765/976/765 249/329/249 
f 246/326/246 245/325/245 742/953/742 789/1000/789 
f 790/1001/790 772/983/772 111/147/111 110/144/110 
f 790/1001/790 110/144/110 109/143/109 769/980/769 
f 239/319/239 235/315/235 790/1001/790 769/980/769 
f 772/983/772 790/1001/790 235/315/235 238/318/238 
f 92/121/92 102/135/102 791/1002/791 723/934/723 
f 791/1002/791 102/135/102 9/11/9 750/961/750 
f 231/311/231 226/306/226 791/1002/791 750/961/750 
f 226/306/226 229/309/229 723/934/723 791/1002/791 
f 792/1003/792 775/986/775 99/131/99 98/129/98 
f 725/936/725 792/1003/792 98/129/98 87/115/87 
f 221/301/221 218/298/218 792/1003/792 725/936/725 
f 217/297/217 775/986/775 792/1003/792 218/298/218 
f 793/1004/793 6/6/6 3/3/3 794/1005/794 
f 33/42/33 28/37/28 795/1006/795 796/1007/796 
f 192/263/192 191/262/191 797/1008/797 798/1009/798 
f 799/1010/799 24/30/24 19/25/19 800/1011/800 
f 801/1012/801 802/1013/802 183/251/183 182/250/182 
f 15/18/15 12/15/12 803/1014/803 804/1015/804 
f 805/1016/805 806/1017/806 144/193/144 143/192/143 
f 136/182/136 135/181/135 807/1018/807 808/1019/808 
f 195/266/195 192/263/192 798/1009/798 809/1020/809 
f 81/107/81 80/106/80 810/1021/810 811/1022/811 
f 812/1023/812 122/163/122 120/161/120 813/1024/813 
f 205/281/205 195/266/195 809/1020/809 814/1025/814 
f 191/262/191 214/293/214 815/1026/815 797/1008/797 
f 202/277/202 186/254/186 816/1027/816 817/1028/817 
f 801/1012/801 182/250/182 211/289/211 818/1029/818 
f 75/99/75 74/98/74 819/1030/819 820/1031/820 
f 115/154/115 112/153/112 821/1032/821 822/1033/822 
f 39/51/39 38/50/38 823/1034/823 824/1035/824 
f 60/78/60 57/75/57 825/1036/825 826/1037/826 
f 120/161/120 119/160/119 827/1038/827 813/1024/813 
f 50/65/50 48/63/48 828/1039/828 829/1040/829 
f 106/140/106 105/139/105 830/1041/830 831/1042/831 
f 816/1027/816 186/254/186 183/251/183 802/1013/802 
f 28/37/28 31/40/31 832/1043/832 795/1006/795 
f 160/214/160 157/211/157 833/1044/833 834/1045/834 
f 835/1046/835 800/1011/800 19/25/19 22/28/22 
f 153/205/153 151/203/151 836/1047/836 837/1048/837 
f 169/231/169 160/214/160 834/1045/834 838/1049/838 
f 839/1050/839 146/195/146 144/193/144 806/1017/806 
f 837/1048/837 840/1051/840 166/225/166 153/205/153 
f 91/120/91 88/117/88 841/1052/841 842/1053/842 
f 839/1050/839 843/1054/843 163/219/163 146/195/146 
f 805/1016/805 143/192/143 208/285/208 844/1055/844 
f 845/1056/845 846/1057/846 130/174/130 129/173/129 
f 81/107/81 811/1022/811 847/1058/847 84/110/84 
f 848/1059/848 825/1036/825 57/75/57 56/74/56 
f 135/181/135 205/281/205 814/1025/814 807/1018/807 
f 849/1060/849 828/1039/828 48/63/48 47/62/47 
f 129/173/129 202/277/202 817/1028/817 845/1056/845 
f 812/1023/812 833/1044/833 157/211/157 122/163/122 
f 827/1038/827 119/160/119 139/187/139 850/1061/850 
f 822/1033/822 851/1062/851 199/273/199 115/154/115 
f 41/53/41 39/51/39 824/1035/824 852/1063/852 
f 178/243/178 108/142/108 853/1064/853 854/1065/854 
f 172/235/172 855/1066/855 830/1041/830 105/139/105 
f 108/142/108 106/140/106 831/1042/831 853/1064/853 
f 96/127/96 95/126/95 856/1067/856 857/1068/857 
f 856/1067/856 95/126/95 169/231/169 838/1049/838 
f 100/133/100 91/120/91 842/1053/842 858/1069/858 
f 69/90/69 64/85/64 859/1070/859 860/1071/860 
f 151/203/151 84/110/84 847/1058/847 836/1047/836 
f 80/106/80 96/127/96 857/1068/857 810/1021/810 
f 64/85/64 67/88/67 861/1072/861 859/1070/859 
f 819/1030/819 74/98/74 199/273/199 851/1062/851 
f 139/187/139 69/90/69 860/1071/860 850/1061/850 
f 861/1072/861 67/88/67 178/246/178 854/1073/854 
f 826/1037/826 841/1052/841 88/117/88 60/78/60 
f 848/1059/848 56/74/56 75/99/75 820/1031/820 
f 829/1040/829 862/1074/862 175/239/175 50/65/50 
f 849/1060/849 47/62/47 136/182/136 808/1019/808 
f 172/235/172 41/53/41 852/1063/852 855/1066/855 
f 823/1034/823 38/50/38 130/174/130 846/1057/846 
f 112/149/112 33/42/33 796/1007/796 821/1075/821 
f 832/1043/832 31/40/31 175/239/175 862/1074/862 
f 799/1010/799 815/1026/815 214/293/214 24/30/24 
f 22/28/22 166/228/166 840/1076/840 835/1046/835 
f 804/1015/804 818/1029/818 211/289/211 15/18/15 
f 11/14/11 163/222/163 843/1077/843 863/1078/863 
f 208/285/208 6/6/6 793/1004/793 844/1055/844 
f 864/1079/864 2/2/2 100/133/100 858/1069/858 
f 865/1080/865 866/1081/866 528/626/528 527/622/527 
f 867/1082/867 865/1080/865 527/622/527 526/621/526 
f 868/1083/868 865/1080/865 867/1082/867 869/1084/869 
f 868/1083/868 870/1085/870 866/1081/866 865/1080/865 
f 871/1086/871 872/1087/872 535/633/535 536/636/536 
f 872/1087/872 871/1086/871 873/1088/873 874/1089/874 
f 872/1087/872 874/1089/874 875/1090/875 876/1091/876 
f 876/1091/876 537/1092/537 535/633/535 872/1087/872 
f 476/563/476 477/566/477 877/1093/877 878/1094/878 
f 877/1093/877 879/1095/879 880/1096/880 878/1094/878 
f 880/1096/880 881/1097/881 882/1098/882 878/1094/878 
f 476/563/476 878/1094/878 882/1098/882 458/543/458 
f 883/1099/883 884/1100/884 627/751/627 570/684/570 
f 885/1101/885 884/1100/884 883/1099/883 886/1102/886 
f 887/1103/887 884/1100/884 885/1101/885 888/1104/888 
f 618/1105/618 627/751/627 884/1100/884 887/1103/887 
f 889/1106/889 890/1107/889 891/1108/889 892/1109/889 
f 893/1110/889 890/1107/889 889/1106/889 894/1111/889 
f 895/1112/889 890/1107/889 893/1110/889 896/1113/889 
f 895/1112/889 897/1114/889 891/1108/889 890/1107/889 
f 898/1115/890 606/727/606 519/612/519 899/1116/891 
f 898/1115/890 899/1116/891 900/1117/892 901/1118/893 
f 873/1088/873 871/1086/871 898/1115/890 901/1118/893 
f 606/727/606 898/1115/890 871/1086/871 536/636/536 
f 645/1119/645 537/1092/537 876/1091/876 902/1120/894 
f 875/1090/875 903/1121/895 902/1120/894 876/1091/876 
f 903/1121/895 904/1122/896 905/1123/897 902/1120/894 
f 905/1123/897 594/1124/594 645/1119/645 902/1120/894 
f 603/724/603 906/1125/898 907/1126/899 648/778/648 
f 908/1127/900 907/1126/899 906/1125/898 909/1128/901 
f 867/1082/867 907/1126/899 908/1127/900 869/1084/869 
f 648/778/648 907/1126/899 867/1082/867 526/621/526 
f 910/1129/902 602/719/602 504/1130/504 911/1131/903 
f 911/1131/903 912/1132/904 913/1133/905 910/1129/902 
f 906/1125/898 910/1129/902 913/1133/905 909/1128/901 
f 602/719/602 910/1129/902 906/1125/898 603/724/603 
f 905/1123/897 914/1134/906 593/1135/593 594/1124/594 
f 914/1134/906 905/1123/897 904/1122/896 915/1136/907 
f 915/1136/907 493/1137/493 593/1135/593 914/1134/906 
f 587/1138/587 916/1139/908 917/1140/909 588/1141/588 
f 916/1139/908 918/1142/910 919/1143/911 917/1140/909 
f 917/1140/909 919/1143/911 485/1144/485 588/1141/588 
f 517/608/517 920/1145/912 921/1146/913 518/609/518 
f 921/1146/913 920/1145/912 922/1147/914 923/1148/915 
f 900/1117/892 899/1116/891 921/1146/913 923/1148/915 
f 921/1146/913 899/1116/891 519/612/519 518/609/518 
f 924/1149/916 925/1150/917 582/1151/582 926/1152/918 
f 926/1152/918 927/1153/919 928/1154/920 924/1149/916 
f 924/1149/916 928/1154/920 929/1155/921 930/1156/922 
f 930/1156/922 922/1147/914 925/1150/917 924/1149/916 
f 931/1157/923 484/1158/484 485/1144/485 932/1159/924 
f 932/1159/924 933/1160/925 934/1161/926 931/1157/923 
f 484/1158/484 931/1157/923 934/1161/926 486/1162/486 
f 935/1163/927 503/1164/503 936/1165/928 937/1166/929 
f 938/1167/930 937/1166/929 936/1165/928 939/1168/931 
f 940/1169/932 937/1166/929 938/1167/930 941/1170/933 
f 940/1169/932 912/1132/904 935/1163/927 937/1166/929 
f 493/1137/493 942/1171/934 943/1172/935 494/1173/494 
f 944/1174/936 945/1175/937 943/1172/935 942/1171/934 
f 495/1176/495 494/1173/494 943/1172/935 945/1175/937 
f 946/1177/938 947/1178/939 510/1179/510 495/1176/495 
f 948/1180/940 949/1181/941 947/1178/939 946/1177/938 
f 471/1182/471 510/1179/510 947/1178/939 949/1181/941 
f 950/1183/942 632/1184/632 951/1185/943 952/1186/944 
f 953/1187/945 952/1186/944 951/1185/943 954/1188/946 
f 955/1189/947 952/1186/944 953/1187/945 956/1190/933 
f 955/1189/947 939/1168/931 950/1183/942 952/1186/944 
f 957/1191/889 958/1192/889 959/1193/889 960/1194/889 
f 961/1195/889 960/1194/889 959/1193/889 962/1196/889 
f 889/1106/889 960/1194/889 961/1195/889 894/1111/889 
f 889/1106/889 892/1109/889 957/1191/889 960/1194/889 
f 963/1197/889 964/1198/889 965/1199/889 966/1200/889 
f 967/1201/889 966/1200/889 965/1199/889 968/1202/889 
f 967/1201/889 969/1203/889 970/1204/889 966/1200/889 
f 970/1204/889 971/1205/889 963/1197/889 966/1200/889 
f 972/1206/889 973/1207/889 974/1208/889 975/1209/889 
f 976/1210/889 975/1209/889 974/1208/889 977/1211/889 
f 978/1212/889 975/1209/889 976/1210/889 979/1213/889 
f 978/1212/889 980/1214/889 972/1206/889 975/1209/889 
f 967/1201/889 968/1202/889 981/1215/889 982/1216/889 
f 957/1191/889 982/1216/889 981/1215/889 958/1192/889 
f 957/1191/889 892/1109/889 983/1217/889 982/1216/889 
f 983/1217/889 969/1203/889 967/1201/889 982/1216/889 
f 961/1195/889 962/1196/889 984/1218/889 985/1219/889 
f 986/1220/889 985/1219/889 984/1218/889 987/1221/889 
f 988/1222/889 985/1219/889 986/1220/889 989/1223/889 
f 988/1222/889 894/1111/889 961/1195/889 985/1219/889 
f 976/1210/889 977/1211/889 990/1224/889 991/1225/889 
f 992/1226/889 991/1225/889 990/1224/889 993/1227/889 
f 994/1228/889 991/1225/889 992/1226/889 995/1229/889 
f 994/1228/889 979/1213/889 976/1210/889 991/1225/889 
f 558/669/558 996/1230/948 997/1231/949 573/687/573 
f 997/1231/949 996/1230/948 998/1232/950 999/1233/951 
f 997/1231/949 999/1233/951 879/1095/879 877/1093/877 
f 877/1093/877 477/566/477 573/687/573 997/1231/949 
f 1000/1234/889 1001/1235/889 992/1226/889 993/1227/889 
f 963/1197/889 1001/1235/889 1000/1234/889 964/1198/889 
f 1002/1236/889 1001/1235/889 963/1197/889 971/1205/889 
f 992/1226/889 1001/1235/889 1002/1236/889 995/1229/889 
f 1003/1237/952 617/1238/617 618/1105/618 887/1103/887 
f 1004/1239/953 1003/1237/952 887/1103/887 888/1104/888 
f 1005/1240/954 1003/1237/952 1004/1239/953 1006/1241/955 
f 545/1242/545 617/1238/617 1003/1237/952 1005/1240/954 
f 1007/1243/889 897/1114/889 895/1112/889 1008/1244/889 
f 1009/1245/889 1008/1244/889 895/1112/889 896/1113/889 
f 1010/1246/889 1008/1244/889 1009/1245/889 1011/1247/889 
f 1010/1246/889 1012/1248/889 1007/1243/889 1008/1244/889 
f 1013/1249/889 1014/1250/889 1015/1251/889 1016/1252/889 
f 1017/1253/889 1016/1252/889 1015/1251/889 1018/1254/889 
f 1002/1236/889 1016/1252/889 1017/1253/889 995/1229/889 
f 1002/1236/889 971/1205/889 1013/1249/889 1016/1252/889 
f 458/543/458 882/1098/882 1019/1255/956 457/540/457 
f 1020/1256/957 1019/1255/956 882/1098/882 881/1097/881 
f 1021/1257/958 1019/1255/956 1020/1256/957 1022/1258/959 
f 457/540/457 1019/1255/956 1021/1257/958 459/544/459 
f 891/1108/889 897/1114/889 1023/1259/889 1024/1260/889 
f 1025/1261/889 1024/1260/889 1023/1259/889 1026/1262/889 
f 983/1217/889 1024/1260/889 1025/1261/889 969/1203/889 
f 891/1108/889 1024/1260/889 983/1217/889 892/1109/889 
f 552/658/552 1027/1263/960 1028/1264/961 569/681/569 
f 1029/1265/962 1028/1264/961 1027/1263/960 1030/1266/963 
f 883/1099/883 1028/1264/961 1029/1265/962 886/1102/886 
f 569/681/569 1028/1264/961 883/1099/883 570/684/570 
f 1031/1267/889 1032/1268/889 1033/1269/889 1034/1270/889 
f 893/1110/889 1034/1270/889 1033/1269/889 896/1113/889 
f 988/1222/889 1034/1270/889 893/1110/889 894/1111/889 
f 988/1222/889 989/1223/889 1031/1267/889 1034/1270/889 
f 1035/1271/889 1036/1272/889 1037/1273/889 1038/1274/889 
f 1039/1275/889 1038/1274/889 1037/1273/889 1040/1276/889 
f 978/1212/889 1038/1274/889 1039/1275/889 980/1214/889 
f 978/1212/889 979/1213/889 1035/1271/889 1038/1274/889 
f 1025/1261/889 1026/1262/889 1041/1277/889 1042/1278/889 
f 1013/1249/889 1042/1278/889 1041/1277/889 1014/1250/889 
f 970/1204/889 1042/1278/889 1013/1249/889 971/1205/889 
f 970/1204/889 969/1203/889 1025/1261/889 1042/1278/889 
f 1017/1253/889 1018/1254/889 1043/1279/889 1044/1280/889 
f 1035/1271/889 1044/1280/889 1043/1279/889 1036/1272/889 
f 994/1228/889 1044/1280/889 1035/1271/889 979/1213/889 
f 994/1228/889 995/1229/889 1017/1253/889 1044/1280/889 
f 459/544/459 1021/1257/958 1045/1281/964 611/733/611 
f 1021/1257/958 1022/1258/959 1046/1282/965 1045/1281/964 
f 1046/1282/965 1047/1283/966 1048/1284/967 1045/1281/964 
f 612/1285/612 611/733/611 1045/1281/964 1048/1284/967 
f 1049/1286/889 1050/1287/889 1051/1288/889 1052/1289/889 
f 1053/1290/889 1052/1289/889 1051/1288/889 1054/1291/889 
f 1015/1251/889 1052/1289/889 1053/1290/889 1018/1254/889 
f 1015/1251/889 1014/1250/889 1049/1286/889 1052/1289/889 
f 1055/1292/889 1012/1248/889 1010/1246/889 1056/1293/889 
f 1057/1294/889 1056/1293/889 1010/1246/889 1011/1247/889 
f 1058/1295/889 1056/1293/889 1057/1294/889 1059/1296/889 
f 1058/1295/889 1060/1297/889 1055/1292/889 1056/1293/889 
f 1007/1243/889 1012/1248/889 1061/1298/889 1062/1299/889 
f 1063/1300/889 1062/1299/889 1061/1298/889 1064/1301/889 
f 1023/1259/889 1062/1299/889 1063/1300/889 1026/1262/889 
f 1023/1259/889 897/1114/889 1007/1243/889 1062/1299/889 
f 1065/1302/968 551/654/551 441/1303/441 1066/1304/969 
f 1067/1305/970 1065/1302/968 1066/1304/969 1068/1306/971 
f 1027/1263/960 1065/1302/968 1067/1305/970 1030/1266/963 
f 551/654/551 1065/1302/968 1027/1263/960 552/658/552 
f 1069/1307/889 1070/1308/889 1071/1309/889 1072/1310/889 
f 1009/1245/889 1069/1307/889 1072/1310/889 1011/1247/889 
f 1033/1269/889 1069/1307/889 1009/1245/889 896/1113/889 
f 1032/1268/889 1070/1308/889 1069/1307/889 1033/1269/889 
f 1073/1311/889 1074/1312/889 1075/1313/889 1076/1314/889 
f 1077/1315/889 1074/1312/889 1073/1311/889 1078/1316/889 
f 1037/1273/889 1074/1312/889 1077/1315/889 1040/1276/889 
f 1037/1273/889 1036/1272/889 1075/1313/889 1074/1312/889 
f 1063/1300/889 1064/1301/889 1079/1317/889 1080/1318/889 
f 1080/1318/889 1079/1317/889 1050/1287/889 1049/1286/889 
f 1041/1277/889 1080/1318/889 1049/1286/889 1014/1250/889 
f 1041/1277/889 1026/1262/889 1063/1300/889 1080/1318/889 
f 1053/1290/889 1054/1291/889 1081/1319/889 1082/1320/889 
f 1075/1313/889 1082/1320/889 1081/1319/889 1076/1314/889 
f 1043/1279/889 1082/1320/889 1075/1313/889 1036/1272/889 
f 1043/1279/889 1018/1254/889 1053/1290/889 1082/1320/889 
f 1083/1321/889 1060/1297/889 1058/1295/889 1084/1322/889 
f 1085/1323/889 1084/1322/889 1058/1295/889 1059/1296/889 
f 1086/1324/889 1084/1322/889 1085/1323/889 1087/1325/889 
f 1086/1324/889 1088/1326/889 1083/1321/889 1084/1322/889 
f 1089/1327/889 1090/1328/889 1091/1329/889 1092/1330/889 
f 1093/1331/889 1090/1328/889 1089/1327/889 1094/1332/889 
f 1051/1288/889 1090/1328/889 1093/1331/889 1054/1291/889 
f 1051/1288/889 1050/1287/889 1091/1329/889 1090/1328/889 
f 1095/1333/972 623/1334/623 612/1285/612 1048/1284/967 
f 1095/1333/972 1048/1284/967 1047/1283/966 1096/1335/973 
f 624/1336/624 623/1334/623 1095/1333/972 1096/1335/973 
f 1055/1292/889 1060/1297/889 1097/1337/889 1098/1338/889 
f 1099/1339/889 1098/1338/889 1097/1337/889 1100/1340/889 
f 1061/1298/889 1098/1338/889 1099/1339/889 1064/1301/889 
f 1061/1298/889 1012/1248/889 1055/1292/889 1098/1338/889 
f 1101/1341/974 1102/1342/975 440/1343/440 1103/1344/976 
f 1104/1345/977 1101/1341/974 1103/1344/976 1105/1346/978 
f 1106/1347/979 1101/1341/974 1104/1345/977 1107/1348/980 
f 1106/1347/979 1068/1306/971 1102/1342/975 1101/1341/974 
f 1108/1349/889 1109/1350/889 1110/1351/889 1111/1352/889 
f 1057/1294/889 1111/1352/889 1110/1351/889 1059/1296/889 
f 1072/1310/889 1111/1352/889 1057/1294/889 1011/1247/889 
f 1072/1310/889 1071/1309/889 1108/1349/889 1111/1352/889 
f 1112/1353/889 1113/1354/889 1114/1355/889 1115/1356/889 
f 1116/1357/889 1113/1354/889 1112/1353/889 1117/1358/981 
f 1073/1311/889 1113/1354/889 1116/1357/889 1078/1316/889 
f 1073/1311/889 1076/1314/889 1114/1355/889 1113/1354/889 
f 1099/1339/889 1100/1340/889 1118/1359/889 1119/1360/889 
f 1091/1329/889 1119/1360/889 1118/1359/889 1092/1330/889 
f 1079/1317/889 1119/1360/889 1091/1329/889 1050/1287/889 
f 1079/1317/889 1064/1301/889 1099/1339/889 1119/1360/889 
f 1093/1331/889 1094/1332/889 1120/1361/889 1121/1362/889 
f 1120/1361/889 1115/1356/889 1114/1355/889 1121/1362/889 
f 1081/1319/889 1121/1362/889 1114/1355/889 1076/1314/889 
f 1081/1319/889 1054/1291/889 1093/1331/889 1121/1362/889 
f 1122/1363/889 956/1190/933 953/1187/945 1123/1364/889 
f 1124/1365/982 1123/1364/889 953/1187/945 954/1188/946 
f 1112/1353/889 1123/1364/889 1124/1365/982 1117/1358/981 
f 1112/1353/889 1115/1356/889 1122/1363/889 1123/1364/889 
f 1125/1366/889 1088/1326/889 1086/1324/889 1126/1367/889 
f 1127/1368/889 1126/1367/889 1086/1324/889 1087/1325/889 
f 1128/1369/889 1126/1367/889 1127/1368/889 1129/1370/983 
f 1128/1369/889 1130/1371/889 1125/1366/889 1126/1367/889 
f 1131/1372/889 1132/1373/889 1133/1374/889 1134/1375/889 
f 1135/1376/889 1134/1375/889 1133/1374/889 1136/1377/889 
f 1089/1327/889 1134/1375/889 1135/1376/889 1094/1332/889 
f 1089/1327/889 1092/1330/889 1131/1372/889 1134/1375/889 
f 1083/1321/889 1088/1326/889 1137/1378/889 1138/1379/889 
f 1139/1380/889 1138/1379/889 1137/1378/889 1140/1381/889 
f 1097/1337/889 1138/1379/889 1139/1380/889 1100/1340/889 
f 1097/1337/889 1060/1297/889 1083/1321/889 1138/1379/889 
f 465/1382/465 1141/1383/984 1142/1384/985 1143/1385/986 
f 1144/1386/987 1142/1384/985 1141/1383/984 1145/1387/988 
f 1146/1388/989 1142/1384/985 1144/1386/987 1147/1389/980 
f 1146/1388/989 1105/1346/978 1143/1385/986 1142/1384/985 
f 1148/1390/889 1149/1391/980 1150/1392/889 1151/1393/889 
f 1085/1323/889 1151/1393/889 1150/1392/889 1087/1325/889 
f 1110/1351/889 1151/1393/889 1085/1323/889 1059/1296/889 
f 1110/1351/889 1109/1350/889 1148/1390/889 1151/1393/889 
f 1152/1394/990 639/1395/639 624/1336/624 1153/1396/991 
f 1153/1396/991 954/1188/946 951/1185/943 1152/1394/990 
f 1152/1394/990 951/1185/943 632/1184/632 639/1395/639 
f 1139/1380/889 1140/1381/889 1154/1397/889 1155/1398/889 
f 1131/1372/889 1155/1398/889 1154/1397/889 1132/1373/889 
f 1118/1359/889 1155/1398/889 1131/1372/889 1092/1330/889 
f 1118/1359/889 1100/1340/889 1139/1380/889 1155/1398/889 
f 1135/1376/889 1136/1377/889 1156/1399/889 1157/1400/889 
f 1122/1363/889 1157/1400/889 1156/1399/889 956/1190/933 
f 1120/1361/889 1157/1400/889 1122/1363/889 1115/1356/889 
f 1120/1361/889 1094/1332/889 1135/1376/889 1157/1400/889 
f 1158/1401/889 1130/1371/889 1128/1369/889 1159/1402/889 
f 1160/1403/992 1159/1402/889 1128/1369/889 1129/1370/983 
f 1161/1404/993 1159/1402/889 1160/1403/992 918/1142/910 
f 1161/1404/993 870/1085/870 1158/1401/889 1159/1402/889 
f 1162/1405/889 1163/1406/889 1164/1407/889 1165/1408/889 
f 1166/1409/889 1165/1408/889 1164/1407/889 941/1170/933 
f 1133/1374/889 1165/1408/889 1166/1409/889 1136/1377/889 
f 1133/1374/889 1132/1373/889 1162/1405/889 1165/1408/889 
f 1125/1366/889 1130/1371/889 1167/1410/889 1168/1411/889 
f 1169/1412/889 1168/1411/889 1167/1410/889 1170/1413/889 
f 1137/1378/889 1168/1411/889 1169/1412/889 1140/1381/889 
f 1137/1378/889 1088/1326/889 1125/1366/889 1168/1411/889 
f 1171/1414/994 486/1162/486 934/1161/926 1172/1415/995 
f 1173/1416/996 1172/1415/995 934/1161/926 933/1160/925 
f 1174/1417/997 1172/1415/995 1173/1416/996 1149/1391/980 
f 1174/1417/997 1145/1387/988 1171/1414/994 1172/1415/995 
f 1173/1416/996 933/1160/925 1175/1418/998 1176/1419/889 
f 1127/1368/889 1176/1419/889 1175/1418/998 1129/1370/983 
f 1150/1392/889 1176/1419/889 1127/1368/889 1087/1325/889 
f 1150/1392/889 1149/1391/980 1173/1416/996 1176/1419/889 
f 950/1183/942 939/1168/931 936/1165/928 1177/1420/999 
f 936/1165/928 503/1164/503 633/1421/633 1177/1420/999 
f 632/1184/632 950/1183/942 1177/1420/999 633/1421/633 
f 1169/1412/889 1170/1413/889 1178/1422/889 1179/1423/889 
f 1162/1405/889 1179/1423/889 1178/1422/889 1163/1406/889 
f 1154/1397/889 1179/1423/889 1162/1405/889 1132/1373/889 
f 1154/1397/889 1140/1381/889 1169/1412/889 1179/1423/889 
f 1166/1409/889 941/1170/933 938/1167/930 1180/1424/889 
f 955/1189/947 1180/1424/889 938/1167/930 939/1168/931 
f 1156/1399/889 1180/1424/889 955/1189/947 956/1190/933 
f 1156/1399/889 1136/1377/889 1166/1409/889 1180/1424/889 
f 1181/1425/889 909/1128/901 913/1133/905 1182/1426/889 
f 940/1169/932 1182/1426/889 913/1133/905 912/1132/904 
f 1164/1407/889 1182/1426/889 940/1169/932 941/1170/933 
f 1164/1407/889 1163/1406/889 1181/1425/889 1182/1426/889 
f 1161/1404/993 1183/1427/1000 866/1081/866 870/1085/870 
f 916/1139/908 1183/1427/1000 1161/1404/993 918/1142/910 
f 642/1428/642 1183/1427/1000 916/1139/908 587/1138/587 
f 528/626/528 866/1081/866 1183/1427/1000 642/1428/642 
f 1158/1401/889 870/1085/870 868/1083/868 1184/1429/889 
f 1185/1430/889 1184/1429/889 868/1083/868 869/1084/869 
f 1167/1410/889 1184/1429/889 1185/1430/889 1170/1413/889 
f 1167/1410/889 1130/1371/889 1158/1401/889 1184/1429/889 
f 1186/1431/1001 932/1159/924 485/1144/485 919/1143/911 
f 1160/1403/992 1186/1431/1001 919/1143/911 918/1142/910 
f 1175/1418/998 1186/1431/1001 1160/1403/992 1129/1370/983 
f 932/1159/924 1186/1431/1001 1175/1418/998 933/1160/925 
f 908/1127/900 1187/1432/889 1185/1430/889 869/1084/869 
f 1181/1425/889 1187/1432/889 908/1127/900 909/1128/901 
f 1178/1422/889 1187/1432/889 1181/1425/889 1163/1406/889 
f 1178/1422/889 1170/1413/889 1185/1430/889 1187/1432/889 
f 935/1163/927 912/1132/904 911/1131/903 1188/1433/1002 
f 502/1434/502 1188/1433/1002 911/1131/903 504/1130/504 
f 1188/1433/1002 502/1434/502 503/1164/503 935/1163/927 
f 1189/1435/889 1190/1436/889 1191/1437/889 1192/1438/889 
f 1193/1439/889 1192/1438/889 1191/1437/889 1147/1389/980 
f 1108/1349/889 1192/1438/889 1193/1439/889 1109/1350/889 
f 1108/1349/889 1071/1309/889 1189/1435/889 1192/1438/889 
f 1171/1414/994 1145/1387/988 1141/1383/984 1194/1440/1003 
f 1194/1440/1003 1141/1383/984 465/1382/465 507/1441/507 
f 1194/1440/1003 507/1441/507 486/1162/486 1171/1414/994 
f 1195/1442/1004 1196/1443/1005 1197/1444/1006 580/1445/580 
f 1195/1442/1004 1198/1446/1007 1199/1447/1008 1196/1443/1005 
f 1200/1448/1009 1196/1443/1005 1199/1447/1008 1201/1449/921 
f 1197/1444/1006 1196/1443/1005 1200/1448/1009 927/1153/919 
f 1202/1450/889 1203/1451/889 1204/1452/889 1205/1453/889 
f 1189/1435/889 1202/1450/889 1205/1453/889 1190/1436/889 
f 1070/1308/889 1202/1450/889 1189/1435/889 1071/1309/889 
f 1070/1308/889 1032/1268/889 1203/1451/889 1202/1450/889 
f 1206/1454/889 1207/1455/889 1208/1456/889 1209/1457/889 
f 1210/1458/889 1209/1457/889 1208/1456/889 1211/1459/889 
f 986/1220/889 1209/1457/889 1210/1458/889 989/1223/889 
f 986/1220/889 987/1221/889 1206/1454/889 1209/1457/889 
f 1193/1439/889 1147/1389/980 1144/1386/987 1212/1460/889 
f 1174/1417/997 1212/1460/889 1144/1386/987 1145/1387/988 
f 1148/1390/889 1212/1460/889 1174/1417/997 1149/1391/980 
f 1148/1390/889 1109/1350/889 1193/1439/889 1212/1460/889 
f 1210/1458/889 1211/1459/889 1213/1461/889 1214/1462/889 
f 1203/1451/889 1214/1462/889 1213/1461/889 1204/1452/889 
f 1031/1267/889 1214/1462/889 1203/1451/889 1032/1268/889 
f 1031/1267/889 989/1223/889 1210/1458/889 1214/1462/889 
f 1215/1463/889 1216/1464/889 1107/1348/980 1104/1345/977 
f 1146/1388/989 1215/1463/889 1104/1345/977 1105/1346/978 
f 1191/1437/889 1215/1463/889 1146/1388/989 1147/1389/980 
f 1191/1437/889 1190/1436/889 1216/1464/889 1215/1463/889 
f 1217/1465/1010 1218/1466/1011 564/1467/564 1219/1468/1012 
f 1217/1465/1010 1219/1468/1012 1220/1469/1013 1221/1470/1014 
f 1222/1471/1015 1223/1472/1016 1217/1465/1010 1221/1470/1014 
f 1223/1472/1016 1198/1446/1007 1218/1466/1011 1217/1465/1010 
f 1224/1473/889 1225/1474/889 1226/1475/889 1227/1476/889 
f 1226/1475/889 1107/1348/980 1216/1464/889 1227/1476/889 
f 1205/1453/889 1227/1476/889 1216/1464/889 1190/1436/889 
f 1205/1453/889 1204/1452/889 1224/1473/889 1227/1476/889 
f 1228/1477/889 1229/1478/889 1230/1479/889 1231/1480/889 
f 1232/1481/889 1231/1480/889 1230/1479/889 1233/1482/889 
f 1208/1456/889 1231/1480/889 1232/1481/889 1211/1459/889 
f 1208/1456/889 1207/1455/889 1228/1477/889 1231/1480/889 
f 1143/1385/986 1105/1346/978 1103/1344/976 1234/1483/1017 
f 1234/1483/1017 1103/1344/976 440/1343/440 464/1484/464 
f 1234/1483/1017 464/1484/464 465/1382/465 1143/1385/986 
f 1232/1481/889 1233/1482/889 1235/1485/889 1236/1486/889 
f 1224/1473/889 1236/1486/889 1235/1485/889 1225/1474/889 
f 1213/1461/889 1236/1486/889 1224/1473/889 1204/1452/889 
f 1213/1461/889 1211/1459/889 1232/1481/889 1236/1486/889 
f 1102/1342/975 1068/1306/971 1066/1304/969 1237/1487/1018 
f 1237/1487/1018 1066/1304/969 441/1303/441 439/1488/439 
f 1237/1487/1018 439/1488/439 440/1343/440 1102/1342/975 
f 546/1489/546 1238/1490/1019 1239/1491/1020 1240/1492/1021 
f 1241/1493/1022 1239/1491/1020 1238/1490/1019 1006/1241/955 
f 1242/1494/1023 1239/1491/1020 1241/1493/1022 1243/1495/1024 
f 1242/1494/1023 1220/1469/1013 1240/1492/1021 1239/1491/1020 
f 1244/1496/889 1030/1266/963 1067/1305/970 1245/1497/889 
f 1106/1347/979 1245/1497/889 1067/1305/970 1068/1306/971 
f 1226/1475/889 1245/1497/889 1106/1347/979 1107/1348/980 
f 1226/1475/889 1225/1474/889 1244/1496/889 1245/1497/889 
f 888/1104/888 885/1101/885 1246/1498/889 1247/1499/889 
f 1248/1500/889 1246/1498/889 885/1101/885 886/1102/886 
f 1230/1479/889 1246/1498/889 1248/1500/889 1233/1482/889 
f 1230/1479/889 1229/1478/889 1247/1499/889 1246/1498/889 
f 1248/1500/889 886/1102/886 1029/1265/962 1249/1501/889 
f 1244/1496/889 1249/1501/889 1029/1265/962 1030/1266/963 
f 1235/1485/889 1249/1501/889 1244/1496/889 1225/1474/889 
f 1235/1485/889 1233/1482/889 1248/1500/889 1249/1501/889 
f 1250/1502/889 1251/1503/889 1252/1504/889 1253/1505/889 
f 1254/1506/889 1253/1505/889 1252/1504/889 1255/1507/889 
f 1000/1234/889 1253/1505/889 1254/1506/889 964/1198/889 
f 1000/1234/889 993/1227/889 1250/1502/889 1253/1505/889 
f 1256/1508/889 1257/1509/889 1258/1510/889 1259/1511/889 
f 1260/1512/889 1259/1511/889 1258/1510/889 1261/1513/889 
f 984/1218/889 1259/1511/889 1260/1512/889 987/1221/889 
f 984/1218/889 962/1196/889 1256/1508/889 1259/1511/889 
f 1262/1514/1025 1263/1515/1026 557/667/557 450/532/450 
f 1263/1515/1026 1262/1514/1025 1264/1516/1027 1265/1517/1028 
f 998/1232/950 996/1230/948 1263/1515/1026 1265/1517/1028 
f 557/667/557 1263/1515/1026 996/1230/948 558/669/558 
f 1266/1518/1029 544/1519/544 545/1242/545 1005/1240/954 
f 1005/1240/954 1006/1241/955 1238/1490/1019 1266/1518/1029 
f 1238/1490/1019 546/1489/546 544/1519/544 1266/1518/1029 
f 1254/1506/889 1255/1507/889 1267/1520/889 1268/1521/889 
f 1269/1522/889 1268/1521/889 1267/1520/889 1270/1523/889 
f 965/1199/889 1268/1521/889 1269/1522/889 968/1202/889 
f 965/1199/889 964/1198/889 1254/1506/889 1268/1521/889 
f 1269/1522/889 1270/1523/889 1271/1524/889 1272/1525/889 
f 1273/1526/889 1272/1525/889 1271/1524/889 1274/1527/889 
f 981/1215/889 1272/1525/889 1273/1526/889 958/1192/889 
f 981/1215/889 968/1202/889 1269/1522/889 1272/1525/889 
f 1275/1528/889 1276/1529/889 1277/1530/889 1278/1531/889 
f 1250/1502/889 1278/1531/889 1277/1530/889 1251/1503/889 
f 990/1224/889 1278/1531/889 1250/1502/889 993/1227/889 
f 990/1224/889 977/1211/889 1275/1528/889 1278/1531/889 
f 1273/1526/889 1274/1527/889 1279/1532/889 1280/1533/889 
f 1256/1508/889 1280/1533/889 1279/1532/889 1257/1509/889 
f 959/1193/889 1280/1533/889 1256/1508/889 962/1196/889 
f 959/1193/889 958/1192/889 1273/1526/889 1280/1533/889 
f 1281/1534/889 1282/1535/889 1283/1536/889 1284/1537/889 
f 1275/1528/889 1284/1537/889 1283/1536/889 1276/1529/889 
f 974/1208/889 1284/1537/889 1275/1528/889 977/1211/889 
f 974/1208/889 973/1207/889 1281/1534/889 1284/1537/889 
f 1285/1538/889 1286/1539/889 1287/1540/889 1288/1541/889 
f 1289/1542/889 1288/1541/889 1287/1540/889 1243/1495/1024 
f 1228/1477/889 1288/1541/889 1289/1542/889 1229/1478/889 
f 1228/1477/889 1207/1455/889 1285/1538/889 1288/1541/889 
f 1289/1542/889 1243/1495/1024 1241/1493/1022 1290/1543/889 
f 1004/1239/953 1290/1543/889 1241/1493/1022 1006/1241/955 
f 1247/1499/889 1290/1543/889 1004/1239/953 888/1104/888 
f 1247/1499/889 1229/1478/889 1289/1542/889 1290/1543/889 
f 1260/1512/889 1261/1513/889 1291/1544/889 1292/1545/889 
f 1285/1538/889 1292/1545/889 1291/1544/889 1286/1539/889 
f 1206/1454/889 1292/1545/889 1285/1538/889 1207/1455/889 
f 1206/1454/889 987/1221/889 1260/1512/889 1292/1545/889 
f 1293/1546/889 1294/1547/889 1295/1548/889 1296/1549/889 
f 1297/1550/889 1296/1549/889 1295/1548/889 1298/1551/889 
f 1279/1532/889 1296/1549/889 1297/1550/889 1257/1509/889 
f 1279/1532/889 1274/1527/889 1293/1546/889 1296/1549/889 
f 1299/1552/889 1300/1553/889 1301/1554/889 1302/1555/889 
f 1303/1556/889 1299/1552/889 1302/1555/889 1304/1557/889 
f 1267/1520/889 1299/1552/889 1303/1556/889 1270/1523/889 
f 1267/1520/889 1255/1507/889 1300/1553/889 1299/1552/889 
f 1305/1558/889 1306/1559/1030 1307/1560/889 1308/1561/889 
f 1309/1562/889 1308/1561/889 1307/1560/889 1310/1563/889 
f 1283/1536/889 1308/1561/889 1309/1562/889 1276/1529/889 
f 1305/1558/889 1308/1561/889 1283/1536/889 1282/1535/889 
f 1303/1556/889 1304/1557/889 1311/1564/889 1312/1565/889 
f 1293/1546/889 1312/1565/889 1311/1564/889 1294/1547/889 
f 1271/1524/889 1312/1565/889 1293/1546/889 1274/1527/889 
f 1271/1524/889 1270/1523/889 1303/1556/889 1312/1565/889 
f 1297/1550/889 1298/1551/889 1313/1566/889 1314/1567/889 
f 1315/1568/889 1314/1567/889 1313/1566/889 1316/1569/889 
f 1258/1510/889 1314/1567/889 1315/1568/889 1261/1513/889 
f 1258/1510/889 1257/1509/889 1297/1550/889 1314/1567/889 
f 1309/1562/889 1310/1563/889 1317/1570/889 1318/1571/889 
f 1319/1572/889 1318/1571/889 1317/1570/889 1320/1573/889 
f 1277/1530/889 1318/1571/889 1319/1572/889 1251/1503/889 
f 1277/1530/889 1276/1529/889 1309/1562/889 1318/1571/889 
f 449/1574/449 1321/1575/1031 1322/1576/1032 448/528/448 
f 1322/1576/1032 1321/1575/1031 1323/1577/1033 1324/1578/1034 
f 1264/1516/1027 1262/1514/1025 1322/1576/1032 1324/1578/1034 
f 448/528/448 1322/1576/1032 1262/1514/1025 450/532/450 
f 1319/1572/889 1320/1573/889 1325/1579/889 1326/1580/889 
f 1300/1553/889 1326/1580/889 1325/1579/889 1301/1554/889 
f 1252/1504/889 1326/1580/889 1300/1553/889 1255/1507/889 
f 1252/1504/889 1251/1503/889 1319/1572/889 1326/1580/889 
f 1315/1568/889 1316/1569/889 1327/1581/889 1328/1582/889 
f 1329/1583/889 1328/1582/889 1327/1581/889 1222/1471/1015 
f 1286/1539/889 1291/1544/889 1328/1582/889 1329/1583/889 
f 1315/1568/889 1328/1582/889 1291/1544/889 1261/1513/889 
f 1240/1492/1021 1220/1469/1013 1219/1468/1012 1330/1584/1035 
f 564/1467/564 563/1585/563 1330/1584/1035 1219/1468/1012 
f 563/1585/563 546/1489/546 1240/1492/1021 1330/1584/1035 
f 1329/1583/889 1222/1471/1015 1221/1470/1014 1331/1586/889 
f 1242/1494/1023 1331/1586/889 1221/1470/1014 1220/1469/1013 
f 1287/1540/889 1331/1586/889 1242/1494/1023 1243/1495/1024 
f 1329/1583/889 1331/1586/889 1287/1540/889 1286/1539/889 
f 1332/1587/889 1333/1588/889 1334/1589/889 1335/1590/889 
f 1336/1591/889 1337/1592/889 1334/1589/889 1333/1588/889 
f 1295/1548/889 1334/1589/889 1337/1592/889 1298/1551/889 
f 1295/1548/889 1294/1547/889 1335/1590/889 1334/1589/889 
f 1338/1593/889 1339/1594/889 1340/1595/889 1341/1596/889 
f 1342/1597/889 1343/1598/889 1340/1595/889 1339/1594/889 
f 1302/1555/889 1340/1595/889 1343/1598/889 1304/1557/889 
f 1302/1555/889 1301/1554/889 1341/1596/889 1340/1595/889 
f 1344/1599/1036 948/1180/940 1345/1600/1037 1346/1601/889 
f 1347/1602/1030 1348/1603/889 1346/1601/889 1345/1600/1037 
f 1348/1603/889 1310/1563/889 1307/1560/889 1346/1601/889 
f 1346/1601/889 1307/1560/889 1306/1559/1030 1344/1599/1036 
f 1342/1597/889 1349/1604/889 1350/1605/889 1343/1598/889 
f 1332/1587/889 1335/1590/889 1350/1605/889 1349/1604/889 
f 1311/1564/889 1350/1605/889 1335/1590/889 1294/1547/889 
f 1311/1564/889 1304/1557/889 1343/1598/889 1350/1605/889 
f 1336/1591/889 1351/1606/889 1352/1607/889 1337/1592/889 
f 1352/1607/889 1351/1606/889 1201/1449/921 1353/1608/889 
f 1352/1607/889 1353/1608/889 1316/1569/889 1313/1566/889 
f 1298/1551/889 1337/1592/889 1352/1607/889 1313/1566/889 
f 1347/1602/1030 1354/1609/889 1355/1610/889 1348/1603/889 
f 1356/1611/889 1357/1612/889 1355/1610/889 1354/1609/889 
f 1317/1570/889 1355/1610/889 1357/1612/889 1320/1573/889 
f 1317/1570/889 1310/1563/889 1348/1603/889 1355/1610/889 
f 1358/1613/1038 1359/1614/1039 471/1182/471 949/1181/941 
f 1358/1613/1038 949/1181/941 948/1180/940 1344/1599/1036 
f 1306/1559/1030 1360/1615/1040 1358/1613/1038 1344/1599/1036 
f 1358/1613/1038 1360/1615/1040 1323/1577/1033 1359/1614/1039 
f 1356/1611/889 1361/1616/889 1362/1617/889 1357/1612/889 
f 1338/1593/889 1341/1596/889 1362/1617/889 1361/1616/889 
f 1325/1579/889 1362/1617/889 1341/1596/889 1301/1554/889 
f 1325/1579/889 1320/1573/889 1357/1612/889 1362/1617/889 
f 1363/1618/889 1353/1608/889 1201/1449/921 1199/1447/1008 
f 1199/1447/1008 1198/1446/1007 1223/1472/1016 1363/1618/889 
f 1222/1471/1015 1327/1581/889 1363/1618/889 1223/1472/1016 
f 1363/1618/889 1327/1581/889 1316/1569/889 1353/1608/889 
f 1198/1446/1007 1195/1442/1004 1364/1619/1041 1218/1466/1011 
f 580/1445/580 597/1620/597 1364/1619/1041 1195/1442/1004 
f 564/1467/564 1218/1466/1011 1364/1619/1041 597/1620/597 
f 1365/1621/889 1366/1622/889 1367/1623/889 1368/1624/889 
f 1369/1625/889 1365/1621/889 1368/1624/889 929/1155/921 
f 1336/1591/889 1333/1588/889 1365/1621/889 1369/1625/889 
f 1332/1587/889 1366/1622/889 1365/1621/889 1333/1588/889 
f 1370/1626/889 1371/1627/889 1372/1628/889 1373/1629/889 
f 1373/1629/889 1374/1630/889 1375/1631/889 1370/1626/889 
f 1342/1597/889 1339/1594/889 1370/1626/889 1375/1631/889 
f 1371/1627/889 1370/1626/889 1339/1594/889 1338/1593/889 
f 1376/1632/1042 946/1177/938 495/1176/495 945/1175/937 
f 1376/1632/1042 945/1175/937 944/1174/936 1377/1633/1043 
f 1347/1602/1030 1345/1600/1037 1376/1632/1042 1377/1633/1043 
f 948/1180/940 946/1177/938 1376/1632/1042 1345/1600/1037 
f 1375/1631/889 1374/1630/889 1378/1634/889 1379/1635/889 
f 1367/1623/889 1366/1622/889 1379/1635/889 1378/1634/889 
f 1379/1635/889 1366/1622/889 1332/1587/889 1349/1604/889 
f 1342/1597/889 1375/1631/889 1379/1635/889 1349/1604/889 
f 1380/1636/889 1369/1625/889 929/1155/921 928/1154/920 
f 928/1154/920 927/1153/919 1200/1448/1009 1380/1636/889 
f 1201/1449/921 1351/1606/889 1380/1636/889 1200/1448/1009 
f 1351/1606/889 1336/1591/889 1369/1625/889 1380/1636/889 
f 944/1174/936 1381/1637/1044 1382/1638/889 1377/1633/1043 
f 1382/1638/889 1381/1637/1044 1383/1639/1030 1384/1640/889 
f 1356/1611/889 1354/1609/889 1382/1638/889 1384/1640/889 
f 1382/1638/889 1354/1609/889 1347/1602/1030 1377/1633/1043 
f 1384/1640/889 1383/1639/1030 1385/1641/889 1386/1642/889 
f 1385/1641/889 1372/1628/889 1371/1627/889 1386/1642/889 
f 1338/1593/889 1361/1616/889 1386/1642/889 1371/1627/889 
f 1361/1616/889 1356/1611/889 1384/1640/889 1386/1642/889 
f 927/1153/919 926/1152/918 1387/1643/1045 1197/1444/1006 
f 1387/1643/1045 926/1152/918 582/1151/582 581/1644/581 
f 1387/1643/1045 581/1644/581 580/1445/580 1197/1444/1006 
f 1388/1645/889 1389/1646/889 900/1117/892 923/1148/915 
f 1388/1645/889 923/1148/915 922/1147/914 930/1156/922 
f 929/1155/921 1368/1624/889 1388/1645/889 930/1156/922 
f 1367/1623/889 1389/1646/889 1388/1645/889 1368/1624/889 
f 1390/1647/889 1391/1648/889 875/1090/875 874/1089/874 
f 874/1089/874 873/1088/873 1392/1649/889 1390/1647/889 
f 1374/1630/889 1373/1629/889 1390/1647/889 1392/1649/889 
f 1372/1628/889 1391/1648/889 1390/1647/889 1373/1629/889 
f 1392/1649/889 873/1088/873 901/1118/893 1393/1650/889 
f 1389/1646/889 1393/1650/889 901/1118/893 900/1117/892 
f 1367/1623/889 1378/1634/889 1393/1650/889 1389/1646/889 
f 1378/1634/889 1374/1630/889 1392/1649/889 1393/1650/889 
f 925/1150/917 922/1147/914 920/1145/912 1394/1651/1046 
f 517/608/517 636/1652/636 1394/1651/1046 920/1145/912 
f 582/1151/582 925/1150/917 1394/1651/1046 636/1652/636 
f 1395/1653/1047 942/1171/934 493/1137/493 915/1136/907 
f 915/1136/907 904/1122/896 1396/1654/1048 1395/1653/1047 
f 1383/1639/1030 1381/1637/1044 1395/1653/1047 1396/1654/1048 
f 1381/1637/1044 944/1174/936 942/1171/934 1395/1653/1047 
f 1396/1654/1048 904/1122/896 903/1121/895 1397/1655/889 
f 903/1121/895 875/1090/875 1391/1648/889 1397/1655/889 
f 1397/1655/889 1391/1648/889 1372/1628/889 1385/1641/889 
f 1385/1641/889 1383/1639/1030 1396/1654/1048 1397/1655/889 
f 1398/1656/889 1264/1516/1027 1324/1578/1034 1399/1657/889 
f 1399/1657/889 1324/1578/1034 1323/1577/1033 1360/1615/1040 
f 1306/1559/1030 1305/1558/889 1399/1657/889 1360/1615/1040 
f 1399/1657/889 1305/1558/889 1282/1535/889 1398/1656/889 
f 1400/1658/1049 1359/1614/1039 1323/1577/1033 1321/1575/1031 
f 1400/1658/1049 1321/1575/1031 449/1574/449 470/1659/470 
f 471/1182/471 1359/1614/1039 1400/1658/1049 470/1659/470 
f 998/1232/950 1265/1517/1028 1401/1660/889 1402/1661/889 
f 1401/1660/889 1265/1517/1028 1264/1516/1027 1398/1656/889 
f 1401/1660/889 1398/1656/889 1282/1535/889 1281/1534/889 
f 1281/1534/889 973/1207/889 1402/1661/889 1401/1660/889 
f 1403/1662/889 1404/1663/889 881/1097/881 880/1096/880 
f 1403/1662/889 880/1096/880 879/1095/879 1405/1664/889 
f 1039/1275/889 1403/1662/889 1405/1664/889 980/1214/889 
f 1040/1276/889 1404/1663/889 1403/1662/889 1039/1275/889 
f 1406/1665/889 1407/1666/889 1022/1258/959 1020/1256/957 
f 1020/1256/957 881/1097/881 1404/1663/889 1406/1665/889 
f 1077/1315/889 1406/1665/889 1404/1663/889 1040/1276/889 
f 1077/1315/889 1078/1316/889 1407/1666/889 1406/1665/889 
f 1408/1667/889 1409/1668/1050 1047/1283/966 1046/1282/965 
f 1408/1667/889 1046/1282/965 1022/1258/959 1407/1666/889 
f 1408/1667/889 1407/1666/889 1078/1316/889 1116/1357/889 
f 1116/1357/889 1117/1358/981 1409/1668/1050 1408/1667/889 
f 624/1336/624 1096/1335/973 1410/1669/1051 1153/1396/991 
f 1410/1669/1051 1096/1335/973 1047/1283/966 1409/1668/1050 
f 1124/1365/982 1410/1669/1051 1409/1668/1050 1117/1358/981 
f 1124/1365/982 954/1188/946 1153/1396/991 1410/1669/1051 
f 1411/1670/889 1405/1664/889 879/1095/879 999/1233/951 
f 1411/1670/889 999/1233/951 998/1232/950 1402/1661/889 
f 972/1206/889 1411/1670/889 1402/1661/889 973/1207/889 
f 980/1214/889 1405/1664/889 1411/1670/889 972/1206/889 
f 1412/1671/1052 1413/1672/1053 1414/1673/1054 1415/1674/1055 
f 1416/1675/1056 1417/1676/1057 1415/1674/1055 1414/1673/1054 
f 1416/1675/1056 1414/1673/1054 1418/1677/1058 1419/1678/1059 
f 1418/1677/1058 1414/1673/1054 1413/1672/1053 1420/1679/1060 
f 1421/1680/1061 1422/1681/1062 1417/1676/1057 1416/1675/1056 
f 1423/1682/1063 1424/1683/1064 1422/1681/1062 1421/1680/1061 
f 1425/1684/1065 1426/1685/1066 1423/1682/1063 1421/1680/1061 
f 1425/1684/1065 1421/1680/1061 1416/1675/1056 1419/1678/1059 
f 1425/1684/1065 1419/1678/1059 1427/1686/1067 1428/1687/1068 
f 1425/1684/1065 1428/1687/1068 1429/1688/1069 1426/1685/1066 
f 1429/1688/1069 1428/1687/1068 1430/1689/1070 1431/1690/1071 
f 1428/1687/1068 1427/1686/1067 1432/1691/1072 1430/1689/1070 
f 1418/1677/1058 1420/1679/1060 1433/1692/1073 1434/1693/1074 
f 1427/1686/1067 1419/1678/1059 1418/1677/1058 1434/1693/1074 
f 1432/1691/1072 1427/1686/1067 1434/1693/1074 1435/1694/1075 
f 1435/1694/1075 1434/1693/1074 1433/1692/1073 1436/1695/1076 
f 1437/1696/1077 1438/1697/1078 1439/1698/1079 1440/1699/1080 
f 1441/1700/1081 1440/1699/1080 1439/1698/1079 1442/1701/1082 
f 1442/1701/1082 1439/1698/1079 1443/1702/1083 1444/1703/1084 
f 1439/1698/1079 1438/1697/1078 1445/1704/1085 1443/1702/1083 
f 1446/1705/1086 1447/1706/1087 1441/1700/1081 1442/1701/1082 
f 1448/1707/1088 1447/1706/1087 1446/1705/1086 1449/1708/1089 
f 1449/1708/1089 1446/1705/1086 1450/1709/1090 1451/1710/1091 
f 1446/1705/1086 1442/1701/1082 1444/1703/1084 1450/1709/1090 
f 1450/1709/1090 1444/1703/1084 1452/1711/1092 1453/1712/1093 
f 1450/1709/1090 1453/1712/1093 1454/1713/1094 1451/1710/1091 
f 1453/1712/1093 1422/1681/1062 1424/1683/1064 1454/1713/1094 
f 1453/1712/1093 1452/1711/1092 1417/1676/1057 1422/1681/1062 
f 1443/1702/1083 1445/1704/1085 1455/1714/1095 1456/1715/1096 
f 1452/1711/1092 1444/1703/1084 1443/1702/1083 1456/1715/1096 
f 1417/1676/1057 1452/1711/1092 1456/1715/1096 1415/1674/1055 
f 1415/1674/1055 1456/1715/1096 1455/1714/1095 1412/1671/1052 
f 1457/1716/1097 1458/1717/1098 1459/1718/1099 1460/1719/1100 
f 1457/1716/1097 1461/1720/1101 1462/1721/1102 1458/1717/1098 
f 1461/1720/1101 1457/1716/1097 1463/1722/1103 1464/1723/1104 
f 1460/1719/1100 1465/1724/1105 1463/1722/1103 1457/1716/1097 
f 1462/1721/1102 1461/1720/1101 1466/1725/1106 1467/1726/1107 
f 1468/1727/1108 1469/1728/1109 1467/1726/1107 1466/1725/1106 
f 1468/1727/1108 1466/1725/1106 1470/1729/1110 1471/1730/1111 
f 1470/1729/1110 1466/1725/1106 1461/1720/1101 1464/1723/1104 
f 1470/1729/1110 1464/1723/1104 1472/1731/1112 1473/1732/1113 
f 1474/1733/1114 1471/1730/1111 1470/1729/1110 1473/1732/1113 
f 1475/1734/1115 1474/1733/1114 1473/1732/1113 1476/1735/1116 
f 1476/1735/1116 1473/1732/1113 1472/1731/1112 1477/1736/1117 
f 1478/1737/1118 1479/1738/1119 1463/1722/1103 1465/1724/1105 
f 1472/1731/1112 1464/1723/1104 1463/1722/1103 1479/1738/1119 
f 1472/1731/1112 1479/1738/1119 1480/1739/1120 1477/1736/1117 
f 1478/1737/1118 1481/1740/1121 1480/1739/1120 1479/1738/1119 
f 1481/1740/1121 1482/1741/1122 1483/1742/1123 1480/1739/1120 
f 1484/1743/1124 1477/1736/1117 1480/1739/1120 1483/1742/1123 
f 1484/1743/1124 1483/1742/1123 1485/1744/1125 1486/1745/1126 
f 1485/1744/1125 1483/1742/1123 1482/1741/1122 1487/1746/1127 
f 1476/1735/1116 1477/1736/1117 1484/1743/1124 1488/1747/1128 
f 1489/1748/1129 1475/1734/1115 1476/1735/1116 1488/1747/1128 
f 1489/1748/1129 1488/1747/1128 1490/1749/1130 1491/1750/1131 
f 1490/1749/1130 1488/1747/1128 1484/1743/1124 1486/1745/1126 
f 1490/1749/1130 1486/1745/1126 1492/1751/1132 1493/1752/1133 
f 1494/1753/1134 1491/1750/1131 1490/1749/1130 1493/1752/1133 
f 1495/1754/1135 1494/1753/1134 1493/1752/1133 1496/1755/1136 
f 1496/1755/1136 1493/1752/1133 1492/1751/1132 1497/1756/1137 
f 1487/1746/1127 1498/1757/1138 1499/1758/1139 1485/1744/1125 
f 1492/1751/1132 1486/1745/1126 1485/1744/1125 1499/1758/1139 
f 1492/1751/1132 1499/1758/1139 1500/1759/1140 1497/1756/1137 
f 1500/1759/1140 1499/1758/1139 1498/1757/1138 1501/1760/1141 
f 1502/1761/1142 1503/1762/1143 1504/1763/1144 1505/1764/1145 
f 1506/1765/1146 1507/1766/1147 1503/1762/1143 1502/1761/1142 
f 1508/1767/1148 1506/1765/1146 1502/1761/1142 1509/1768/1149 
f 1509/1768/1149 1502/1761/1142 1505/1764/1145 1510/1769/1150 
f 1511/1770/1151 1512/1771/1152 1507/1766/1147 1506/1765/1146 
f 1513/1772/1153 1512/1771/1152 1511/1770/1151 1514/1773/1154 
f 1515/1774/1155 1514/1773/1154 1511/1770/1151 1516/1775/1156 
f 1516/1775/1156 1511/1770/1151 1506/1765/1146 1508/1767/1148 
f 1516/1775/1156 1508/1767/1148 1517/1776/1157 1518/1777/1158 
f 1519/1778/1159 1515/1774/1155 1516/1775/1156 1518/1777/1158 
f 1518/1777/1158 1520/1779/1160 1521/1780/1161 1519/1778/1159 
f 1517/1776/1157 1522/1781/1162 1520/1779/1160 1518/1777/1158 
f 1509/1768/1149 1510/1769/1150 1523/1782/1163 1524/1783/1164 
f 1517/1776/1157 1508/1767/1148 1509/1768/1149 1524/1783/1164 
f 1524/1783/1164 1525/1784/1165 1522/1781/1162 1517/1776/1157 
f 1525/1784/1165 1524/1783/1164 1523/1782/1163 1526/1785/1166 
f 1527/1786/1167 1528/1787/1168 1529/1788/1169 1530/1789/1170 
f 1531/1790/1171 1528/1787/1168 1527/1786/1167 1532/1791/1172 
f 1532/1791/1172 1527/1786/1167 1533/1792/1173 1534/1793/1174 
f 1533/1792/1173 1527/1786/1167 1530/1789/1170 1535/1794/1175 
f 1536/1795/1176 1537/1796/1177 1531/1790/1171 1532/1791/1172 
f 1538/1797/1178 1539/1798/1179 1537/1796/1177 1536/1795/1176 
f 1540/1799/1180 1538/1797/1178 1536/1795/1176 1541/1800/1181 
f 1541/1800/1181 1536/1795/1176 1532/1791/1172 1534/1793/1174 
f 1541/1800/1181 1534/1793/1174 1542/1801/1182 1543/1802/1183 
f 1544/1803/1184 1540/1799/1180 1541/1800/1181 1543/1802/1183 
f 1545/1804/1185 1544/1803/1184 1543/1802/1183 1546/1805/1186 
f 1542/1801/1182 1547/1806/1187 1546/1805/1186 1543/1802/1183 
f 1533/1792/1173 1535/1794/1175 1548/1807/1188 1549/1808/1189 
f 1542/1801/1182 1534/1793/1174 1533/1792/1173 1549/1808/1189 
f 1549/1808/1189 1550/1809/1190 1547/1806/1187 1542/1801/1182 
f 1549/1808/1189 1548/1807/1188 1551/1810/1191 1550/1809/1190 
f 1552/1811/1192 1553/1812/1193 1554/1813/1194 1555/1814/1195 
f 1556/1815/1196 1557/1816/1197 1555/1814/1195 1554/1813/1194 
f 1556/1815/1196 1554/1813/1194 1558/1817/1198 1559/1818/1199 
f 1554/1813/1194 1553/1812/1193 1560/1819/1200 1558/1817/1198 
f 1561/1820/1201 1562/1821/1202 1557/1816/1197 1556/1815/1196 
f 1563/1822/1203 1562/1821/1202 1561/1820/1201 1564/1823/1204 
f 1565/1824/1205 1566/1825/1206 1564/1823/1204 1561/1820/1201 
f 1565/1824/1205 1561/1820/1201 1556/1815/1196 1559/1818/1199 
f 1565/1824/1205 1559/1818/1199 1567/1826/1207 1568/1827/1208 
f 1565/1824/1205 1568/1827/1208 1569/1828/1209 1566/1825/1206 
f 1570/1829/1210 1569/1828/1209 1568/1827/1208 1571/1830/1211 
f 1568/1827/1208 1567/1826/1207 1572/1831/1212 1571/1830/1211 
f 1573/1832/1213 1558/1817/1198 1560/1819/1200 1574/1833/1214 
f 1567/1826/1207 1559/1818/1199 1558/1817/1198 1573/1832/1213 
f 1572/1831/1212 1567/1826/1207 1573/1832/1213 1575/1834/1215 
f 1575/1834/1215 1573/1832/1213 1574/1833/1214 1576/1835/1216 
f 1577/1836/1217 1578/1837/1218 1579/1838/1219 1580/1839/1220 
f 1581/1840/1221 1582/1841/1222 1580/1839/1220 1579/1838/1219 
f 1581/1840/1221 1579/1838/1219 1583/1842/1223 1584/1843/1224 
f 1578/1837/1218 1585/1844/1225 1583/1842/1223 1579/1838/1219 
f 1586/1845/1226 1587/1846/1227 1582/1841/1222 1581/1840/1221 
f 1588/1847/1228 1589/1848/1229 1587/1846/1227 1586/1845/1226 
f 1590/1849/1230 1588/1847/1228 1586/1845/1226 1591/1850/1231 
f 1591/1850/1231 1586/1845/1226 1581/1840/1221 1584/1843/1224 
f 1591/1850/1231 1584/1843/1224 1592/1851/1232 1593/1852/1233 
f 1594/1853/1234 1590/1849/1230 1591/1850/1231 1593/1852/1233 
f 1594/1853/1234 1593/1852/1233 1595/1854/1235 1596/1855/1236 
f 1595/1854/1235 1593/1852/1233 1592/1851/1232 1597/1856/1237 
f 1598/1857/1238 1599/1858/1239 1583/1842/1223 1585/1844/1225 
f 1592/1851/1232 1584/1843/1224 1583/1842/1223 1599/1858/1239 
f 1592/1851/1232 1599/1858/1239 1600/1859/1240 1597/1856/1237 
f 1599/1858/1239 1598/1857/1238 1601/1860/1241 1600/1859/1240 
f 1602/1861/1242 1603/1862/1243 1604/1863/1244 1605/1864/1245 
f 1606/1865/1246 1605/1864/1245 1604/1863/1244 1607/1866/1247 
f 1608/1867/1248 1607/1866/1247 1604/1863/1244 1609/1868/1249 
f 1603/1862/1243 1610/1869/1250 1609/1868/1249 1604/1863/1244 
f 1611/1870/1251 1612/1871/1252 1606/1865/1246 1607/1866/1247 
f 1613/1872/1253 1612/1871/1252 1611/1870/1251 1614/1873/1254 
f 1615/1874/1255 1616/1875/1256 1614/1873/1254 1611/1870/1251 
f 1611/1870/1251 1607/1866/1247 1608/1867/1248 1615/1874/1255 
f 1615/1874/1255 1608/1867/1248 1617/1876/1257 1618/1877/1258 
f 1615/1874/1255 1618/1877/1258 1619/1878/1259 1616/1875/1256 
f 1620/1879/1260 1619/1878/1259 1618/1877/1258 1621/1880/1261 
f 1621/1880/1261 1618/1877/1258 1617/1876/1257 1622/1881/1262 
f 1623/1882/1263 1624/1883/1264 1609/1868/1249 1610/1869/1250 
f 1617/1876/1257 1608/1867/1248 1609/1868/1249 1624/1883/1264 
f 1617/1876/1257 1624/1883/1264 1625/1884/1265 1622/1881/1262 
f 1625/1884/1265 1624/1883/1264 1623/1882/1263 1626/1885/1266 
f 1600/1859/1240 1601/1860/1241 1627/1886/1267 1628/1887/1268 
f 1629/1888/1269 1597/1856/1237 1600/1859/1240 1628/1887/1268 
f 1629/1888/1269 1628/1887/1268 1630/1889/1270 1631/1890/1271 
f 1627/1886/1267 1632/1891/1272 1630/1889/1270 1628/1887/1268 
f 1595/1854/1235 1597/1856/1237 1629/1888/1269 1633/1892/1273 
f 1596/1855/1236 1595/1854/1235 1633/1892/1273 1634/1893/1274 
f 1635/1894/1275 1636/1895/1276 1634/1893/1274 1633/1892/1273 
f 1635/1894/1275 1633/1892/1273 1629/1888/1269 1631/1890/1271 
f 1635/1894/1275 1631/1890/1271 1637/1896/1277 1638/1897/1278 
f 1635/1894/1275 1638/1897/1278 1639/1898/1279 1636/1895/1276 
f 1640/1899/1280 1639/1898/1279 1638/1897/1278 1641/1900/1281 
f 1641/1900/1281 1638/1897/1278 1637/1896/1277 1642/1901/1282 
f 1643/1902/1283 1644/1903/1284 1630/1889/1270 1632/1891/1272 
f 1637/1896/1277 1631/1890/1271 1630/1889/1270 1644/1903/1284 
f 1637/1896/1277 1644/1903/1284 1645/1904/1285 1642/1901/1282 
f 1644/1903/1284 1643/1902/1283 1646/1905/1286 1645/1904/1285 
f 1647/1906/1287 1648/1907/1288 1649/1908/1289 1650/1909/1290 
f 1651/1910/1291 1652/1911/1292 1648/1907/1288 1647/1906/1287 
f 1651/1910/1291 1647/1906/1287 1653/1912/1293 1654/1913/1294 
f 1653/1912/1293 1647/1906/1287 1650/1909/1290 1655/1914/1295 
f 1656/1915/1296 1652/1911/1292 1651/1910/1291 1657/1916/1297 
f 1658/1917/1298 1656/1915/1296 1657/1916/1297 1659/1918/1299 
f 1660/1919/1300 1659/1918/1299 1657/1916/1297 1661/1920/1301 
f 1661/1920/1301 1657/1916/1297 1651/1910/1291 1654/1913/1294 
f 1661/1920/1301 1654/1913/1294 1662/1921/1302 1663/1922/1303 
f 1660/1919/1300 1661/1920/1301 1663/1922/1303 1664/1923/1304 
f 1665/1924/1305 1664/1923/1304 1663/1922/1303 1666/1925/1306 
f 1663/1922/1303 1662/1921/1302 1667/1926/1307 1666/1925/1306 
f 1653/1912/1293 1655/1914/1295 1668/1927/1308 1669/1928/1309 
f 1662/1921/1302 1654/1913/1294 1653/1912/1293 1669/1928/1309 
f 1667/1926/1307 1662/1921/1302 1669/1928/1309 1670/1929/1310 
f 1669/1928/1309 1668/1927/1308 1671/1930/1311 1670/1929/1310 
f 1575/1834/1215 1576/1835/1216 1672/1931/1312 1673/1932/1313 
f 1572/1831/1212 1575/1834/1215 1673/1932/1313 1674/1933/1314 
f 1675/1934/1315 1674/1933/1314 1673/1932/1313 1676/1935/1316 
f 1676/1935/1316 1673/1932/1313 1672/1931/1312 1677/1936/1317 
f 1678/1937/1318 1571/1830/1211 1572/1831/1212 1674/1933/1314 
f 1571/1830/1211 1678/1937/1318 1679/1938/1319 1570/1829/1210 
f 1680/1939/1320 1679/1938/1319 1678/1937/1318 1681/1940/1321 
f 1681/1940/1321 1678/1937/1318 1674/1933/1314 1675/1934/1315 
f 1681/1940/1321 1675/1934/1315 1682/1941/1322 1683/1942/1323 
f 1684/1943/1324 1680/1939/1320 1681/1940/1321 1683/1942/1323 
f 1685/1944/1325 1684/1943/1324 1683/1942/1323 1686/1945/1326 
f 1686/1945/1326 1683/1942/1323 1682/1941/1322 1687/1946/1327 
f 1676/1935/1316 1677/1936/1317 1688/1947/1328 1689/1948/1329 
f 1682/1941/1322 1675/1934/1315 1676/1935/1316 1689/1948/1329 
f 1682/1941/1322 1689/1948/1329 1690/1949/1330 1687/1946/1327 
f 1689/1948/1329 1688/1947/1328 1691/1950/1331 1690/1949/1330 
f 1692/1951/1332 1693/1952/1333 1694/1953/1334 1695/1954/1335 
f 1696/1955/1336 1697/1956/1337 1695/1954/1335 1694/1953/1334 
f 1696/1955/1336 1694/1953/1334 1698/1957/1338 1699/1958/1339 
f 1693/1952/1333 1700/1959/1340 1698/1957/1338 1694/1953/1334 
f 1701/1960/1341 1702/1961/1342 1697/1956/1337 1696/1955/1336 
f 1702/1961/1342 1701/1960/1341 1703/1962/1343 1704/1963/1344 
f 1703/1962/1343 1701/1960/1341 1705/1964/1345 1706/1965/1346 
f 1705/1964/1345 1701/1960/1341 1696/1955/1336 1699/1958/1339 
f 1705/1964/1345 1699/1958/1339 1707/1966/1347 1708/1967/1348 
f 1709/1968/1349 1706/1965/1346 1705/1964/1345 1708/1967/1348 
f 1710/1969/1350 1709/1968/1349 1708/1967/1348 1711/1970/1351 
f 1707/1966/1347 1712/1971/1352 1711/1970/1351 1708/1967/1348 
f 1713/1972/1353 1714/1973/1354 1698/1957/1338 1700/1959/1340 
f 1707/1966/1347 1699/1958/1339 1698/1957/1338 1714/1973/1354 
f 1714/1974/1354 1715/1975/1355 1712/1976/1352 1707/1977/1347 
f 1714/1974/1354 1713/1978/1353 1716/1979/1356 1715/1975/1355 
f 1715/1975/1355 1716/1979/1356 1717/1980/1357 1718/1981/1358 
f 1719/1982/1359 1712/1976/1352 1715/1975/1355 1718/1981/1358 
f 1719/1982/1359 1718/1981/1358 1720/1983/1360 1721/1984/1361 
f 1717/1980/1357 1722/1985/1362 1720/1983/1360 1718/1981/1358 
f 1723/1986/1363 1711/1987/1351 1712/1976/1352 1719/1982/1359 
f 1724/1988/1364 1710/1989/1350 1711/1987/1351 1723/1986/1363 
f 1724/1988/1364 1723/1986/1363 1725/1990/1365 1726/1991/1366 
f 1725/1990/1365 1723/1986/1363 1719/1982/1359 1721/1984/1361 
f 1725/1990/1365 1721/1984/1361 1727/1992/1367 1728/1993/1368 
f 1729/1994/1369 1726/1991/1366 1725/1990/1365 1728/1993/1368 
f 1728/1993/1368 1562/1821/1202 1563/1822/1203 1729/1994/1369 
f 1727/1992/1367 1557/1816/1197 1562/1821/1202 1728/1993/1368 
f 1730/1995/1370 1731/1996/1371 1720/1983/1360 1722/1985/1362 
f 1727/1992/1367 1721/1984/1361 1720/1983/1360 1731/1996/1371 
f 1731/1996/1371 1555/1814/1195 1557/1816/1197 1727/1992/1367 
f 1555/1814/1195 1731/1996/1371 1730/1995/1370 1552/1811/1192 
f 1732/1997/1372 1733/1998/1373 1734/1999/1374 1735/2000/1375 
f 1736/2001/1376 1737/2002/1377 1732/1997/1372 1735/2000/1375 
f 1736/2001/1376 1735/2000/1375 1738/2003/1378 1739/2004/1379 
f 1735/2000/1375 1734/1999/1374 1740/2005/1380 1738/2003/1378 
f 1741/2006/1381 1742/2007/1382 1737/2002/1377 1736/2001/1376 
f 1742/2007/1382 1741/2006/1381 1743/2008/1383 1744/2009/1384 
f 1745/2010/1385 1743/2008/1383 1741/2006/1381 1746/2011/1386 
f 1746/2011/1386 1741/2006/1381 1736/2001/1376 1739/2004/1379 
f 1746/2011/1386 1739/2004/1379 1747/2012/1387 1748/2013/1388 
f 1746/2011/1386 1748/2013/1388 1749/2014/1389 1745/2010/1385 
f 1750/2015/1390 1749/2014/1389 1748/2013/1388 1751/2016/1391 
f 1748/2013/1388 1747/2012/1387 1752/2017/1392 1751/2016/1391 
f 1738/2003/1378 1740/2005/1380 1753/2018/1393 1754/2019/1394 
f 1747/2012/1387 1739/2004/1379 1738/2003/1378 1754/2019/1394 
f 1752/2017/1392 1747/2012/1387 1754/2019/1394 1755/2020/1395 
f 1755/2020/1395 1754/2019/1394 1753/2018/1393 1756/2021/1396 
f 1757/2022/1397 1758/2023/1398 1759/2024/1399 1760/2025/1400 
f 1761/2026/1401 1762/2027/1402 1760/2025/1400 1759/2024/1399 
f 1761/2026/1401 1759/2024/1399 1763/2028/1403 1764/2029/1404 
f 1758/2023/1398 1765/2030/1405 1763/2028/1403 1759/2024/1399 
f 1766/2031/1406 1767/2032/1407 1762/2027/1402 1761/2026/1401 
f 1768/2033/1408 1767/2032/1407 1766/2031/1406 1769/2034/1409 
f 1769/2034/1409 1766/2031/1406 1770/2035/1410 1771/2036/1411 
f 1770/2035/1410 1766/2031/1406 1761/2026/1401 1764/2029/1404 
f 1770/2035/1410 1764/2029/1404 1772/2037/1412 1773/2038/1413 
f 1774/2039/1414 1771/2036/1411 1770/2035/1410 1773/2038/1413 
f 1773/2038/1413 1775/2040/1415 1776/2041/1416 1774/2039/1414 
f 1775/2040/1415 1773/2038/1413 1772/2037/1412 1777/2042/1417 
f 1778/2043/1418 1779/2044/1419 1763/2028/1403 1765/2030/1405 
f 1772/2037/1412 1764/2029/1404 1763/2028/1403 1779/2044/1419 
f 1772/2037/1412 1779/2044/1419 1780/2045/1420 1777/2042/1417 
f 1780/2045/1420 1779/2044/1419 1778/2043/1418 1781/2046/1421 
f 1782/2047/1422 1783/2048/1423 1784/2049/1424 1785/2050/1425 
f 1786/2051/1426 1787/2052/1427 1782/2047/1422 1785/2050/1425 
f 1786/2051/1426 1785/2050/1425 1788/2053/1428 1789/2054/1429 
f 1785/2050/1425 1784/2049/1424 1790/2055/1430 1788/2053/1428 
f 1791/2056/1431 1787/2052/1427 1786/2051/1426 1792/2057/1432 
f 1793/2058/1433 1791/2056/1431 1792/2057/1432 1794/2059/1434 
f 1794/2059/1434 1792/2057/1432 1795/2060/1435 1796/2061/1436 
f 1795/2060/1435 1792/2057/1432 1786/2051/1426 1789/2054/1429 
f 1795/2060/1435 1789/2054/1429 1797/2062/1437 1798/2063/1438 
f 1799/2064/1439 1796/2061/1436 1795/2060/1435 1798/2063/1438 
f 1799/2064/1439 1798/2063/1438 1800/2065/1440 1801/2066/1441 
f 1798/2063/1438 1797/2062/1437 1802/2067/1442 1800/2065/1440 
f 1788/2053/1428 1790/2055/1430 1803/2068/1443 1804/2069/1444 
f 1797/2062/1437 1789/2054/1429 1788/2053/1428 1804/2069/1444 
f 1802/2067/1442 1797/2062/1437 1804/2069/1444 1805/2070/1445 
f 1804/2069/1444 1803/2068/1443 1806/2071/1446 1805/2070/1445 
f 1805/2070/1445 1806/2071/1446 1807/2072/1447 1808/2073/1448 
f 1802/2067/1442 1805/2070/1445 1808/2073/1448 1809/2074/1449 
f 1809/2074/1449 1808/2073/1448 1810/2075/1450 1811/2076/1451 
f 1810/2075/1450 1808/2073/1448 1807/2072/1447 1812/2077/1452 
f 1813/2078/1453 1800/2065/1440 1802/2067/1442 1809/2074/1449 
f 1814/2079/1454 1801/2066/1441 1800/2065/1440 1813/2078/1453 
f 1814/2079/1454 1813/2078/1453 1815/2080/1455 1816/2081/1456 
f 1815/2080/1455 1813/2078/1453 1809/2074/1449 1811/2076/1451 
f 1815/2080/1455 1811/2076/1451 1817/2082/1457 1818/2083/1458 
f 1819/2084/1459 1816/2081/1456 1815/2080/1455 1818/2083/1458 
f 1818/2083/1458 1820/2085/1460 1821/2086/1461 1819/2084/1459 
f 1818/2083/1458 1817/2082/1457 1822/2087/1462 1820/2085/1460 
f 1810/2075/1450 1812/2077/1452 1823/2088/1463 1824/2089/1464 
f 1817/2082/1457 1811/2076/1451 1810/2075/1450 1824/2089/1464 
f 1822/2087/1462 1817/2082/1457 1824/2089/1464 1825/2090/1465 
f 1824/2089/1464 1823/2088/1463 1826/2091/1466 1825/2090/1465 
f 1827/2092/1467 1828/2093/1468 1829/2094/1469 1830/2095/1470 
f 1831/2096/1471 1828/2093/1468 1827/2092/1467 1832/2097/1472 
f 1832/2097/1472 1827/2092/1467 1833/2098/1473 1834/2099/1474 
f 1827/2092/1467 1830/2095/1470 1835/2100/1475 1833/2098/1473 
f 1836/2101/1476 1837/2102/1477 1831/2096/1471 1832/2097/1472 
f 1838/2103/1478 1839/2104/1479 1837/2102/1477 1836/2101/1476 
f 1840/2105/1480 1838/2103/1478 1836/2101/1476 1841/2106/1481 
f 1841/2106/1481 1836/2101/1476 1832/2097/1472 1834/2099/1474 
f 1841/2106/1481 1834/2099/1474 1842/2107/1482 1843/2108/1483 
f 1841/2106/1481 1843/2108/1483 1844/2109/1484 1840/2105/1480 
f 1843/2108/1483 1845/2110/1485 1846/2111/1486 1844/2109/1484 
f 1845/2110/1485 1843/2108/1483 1842/2107/1482 1847/2112/1487 
f 1833/2098/1473 1835/2100/1475 1848/2113/1488 1849/2114/1489 
f 1842/2107/1482 1834/2099/1474 1833/2098/1473 1849/2114/1489 
f 1842/2107/1482 1849/2114/1489 1850/2115/1490 1847/2112/1487 
f 1848/2113/1488 1851/2116/1491 1850/2115/1490 1849/2114/1489 
f 1504/1763/1144 1852/2117/1492 1853/2118/1493 1505/1764/1145 
f 1854/2119/1494 1510/1769/1150 1505/1764/1145 1853/2118/1493 
f 1854/2119/1494 1853/2118/1493 1855/2120/1495 1856/2121/1496 
f 1852/2117/1492 1857/2122/1497 1855/2120/1495 1853/2118/1493 
f 1523/1782/1163 1510/1769/1150 1854/2119/1494 1858/2123/1498 
f 1859/2124/1499 1526/1785/1166 1523/1782/1163 1858/2123/1498 
f 1859/2124/1499 1858/2123/1498 1860/2125/1500 1861/2126/1501 
f 1860/2125/1500 1858/2123/1498 1854/2119/1494 1856/2121/1496 
f 1860/2125/1500 1856/2121/1496 1862/2127/1502 1863/2128/1503 
f 1864/2129/1504 1861/2126/1501 1860/2125/1500 1863/2128/1503 
f 1863/2128/1503 1612/1871/1252 1613/1872/1253 1864/2129/1504 
f 1863/2128/1503 1862/2127/1502 1606/1865/1246 1612/1871/1252 
f 1865/2130/1505 1866/2131/1506 1855/2120/1495 1857/2122/1497 
f 1862/2127/1502 1856/2121/1496 1855/2120/1495 1866/2131/1506 
f 1606/1865/1246 1862/2127/1502 1866/2131/1506 1605/1864/1245 
f 1605/1864/1245 1866/2131/1506 1865/2130/1505 1602/1861/1242 
f 1780/2045/1420 1781/2046/1421 1867/2132/1507 1868/2133/1508 
f 1869/2134/1509 1777/2042/1417 1780/2045/1420 1868/2133/1508 
f 1869/2134/1509 1868/2133/1508 1870/2135/1510 1871/2136/1511 
f 1867/2132/1507 1872/2137/1512 1870/2135/1510 1868/2133/1508 
f 1775/2040/1415 1777/2042/1417 1869/2134/1509 1873/2138/1513 
f 1874/2139/1514 1776/2041/1416 1775/2040/1415 1873/2138/1513 
f 1875/2140/1515 1876/2141/1516 1874/2139/1514 1873/2138/1513 
f 1875/2140/1515 1873/2138/1513 1869/2134/1509 1871/2136/1511 
f 1875/2140/1515 1871/2136/1511 1877/2142/1517 1878/2143/1518 
f 1875/2140/1515 1878/2143/1518 1879/2144/1519 1876/2141/1516 
f 1878/2143/1518 1587/1846/1227 1589/1848/1229 1879/2144/1519 
f 1878/2143/1518 1877/2142/1517 1582/1841/1222 1587/1846/1227 
f 1880/2145/1520 1881/2146/1521 1870/2135/1510 1872/2137/1512 
f 1877/2142/1517 1871/2136/1511 1870/2135/1510 1881/2146/1521 
f 1877/2142/1517 1881/2146/1521 1580/1839/1220 1582/1841/1222 
f 1580/1839/1220 1881/2146/1521 1880/2145/1520 1577/1836/1217 
f 1756/2021/1396 1882/2147/1522 1883/2148/1523 1755/2020/1395 
f 1752/2017/1392 1755/2020/1395 1883/2148/1523 1884/2149/1524 
f 1884/2149/1524 1883/2148/1523 1885/2150/1525 1886/2151/1526 
f 1882/2147/1522 1887/2152/1527 1885/2150/1525 1883/2148/1523 
f 1888/2153/1528 1751/2016/1391 1752/2017/1392 1884/2149/1524 
f 1889/2154/1529 1750/2015/1390 1751/2016/1391 1888/2153/1528 
f 1890/2155/1530 1891/2156/1531 1889/2154/1529 1888/2153/1528 
f 1890/2155/1530 1888/2153/1528 1884/2149/1524 1886/2151/1526 
f 1890/2155/1530 1886/2151/1526 1892/2157/1532 1893/2158/1533 
f 1890/2155/1530 1893/2158/1533 1894/2159/1534 1891/2156/1531 
f 1894/2159/1534 1893/2158/1533 1895/2160/1535 1896/2161/1536 
f 1895/2160/1535 1893/2158/1533 1892/2157/1532 1897/2162/1537 
f 1898/2163/1538 1899/2164/1539 1885/2150/1525 1887/2152/1527 
f 1892/2157/1532 1886/2151/1526 1885/2150/1525 1899/2164/1539 
f 1892/2157/1532 1899/2164/1539 1900/2165/1540 1897/2162/1537 
f 1900/2165/1540 1899/2164/1539 1898/2163/1538 1901/2166/1541 
f 1902/2167/1542 1903/2168/1543 1904/2169/1544 1905/2170/1545 
f 1906/2171/1546 1907/2172/1547 1902/2167/1542 1905/2170/1545 
f 1906/2171/1546 1905/2170/1545 1908/2173/1548 1909/2174/1549 
f 1905/2170/1545 1904/2169/1544 1910/2175/1550 1908/2173/1548 
f 1911/2176/1551 1912/2177/1552 1907/2172/1547 1906/2171/1546 
f 1913/2178/1553 1914/2179/1554 1912/2177/1552 1911/2176/1551 
f 1915/2180/1555 1913/2178/1553 1911/2176/1551 1916/2181/1556 
f 1916/2181/1556 1911/2176/1551 1906/2171/1546 1909/2174/1549 
f 1916/2181/1556 1909/2174/1549 1917/2182/1557 1918/2183/1558 
f 1916/2181/1556 1918/2183/1558 1919/2184/1559 1915/2180/1555 
f 1920/2185/1560 1919/2184/1559 1918/2183/1558 1921/2186/1561 
f 1921/2186/1561 1918/2183/1558 1917/2182/1557 1922/2187/1562 
f 1908/2173/1548 1910/2175/1550 1923/2188/1563 1924/2189/1564 
f 1917/2182/1557 1909/2174/1549 1908/2173/1548 1924/2189/1564 
f 1917/2182/1557 1924/2189/1564 1925/2190/1565 1922/2187/1562 
f 1925/2190/1565 1924/2189/1564 1923/2188/1563 1926/2191/1566 
f 1927/2192/1567 1928/2193/1568 1929/2194/1569 1930/2195/1570 
f 1931/2196/1571 1932/2197/1572 1930/2195/1570 1929/2194/1569 
f 1931/2196/1571 1929/2194/1569 1933/2198/1573 1934/2199/1574 
f 1933/2198/1573 1929/2194/1569 1928/2193/1568 1935/2200/1575 
f 1936/2201/1576 1932/2197/1572 1931/2196/1571 1937/2202/1577 
f 1938/2203/1578 1939/2204/1579 1936/2201/1576 1937/2202/1577 
f 1938/2203/1578 1937/2202/1577 1940/2205/1580 1941/2206/1581 
f 1940/2205/1580 1937/2202/1577 1931/2196/1571 1934/2199/1574 
f 1940/2205/1580 1934/2199/1574 1942/2207/1582 1943/2208/1583 
f 1944/2209/1584 1941/2206/1581 1940/2205/1580 1943/2208/1583 
f 1945/2210/1585 1944/2209/1584 1943/2208/1583 1946/2211/1586 
f 1947/2212/1587 1946/2211/1586 1943/2208/1583 1942/2207/1582 
f 1948/2213/1588 1933/2198/1573 1935/2200/1575 1949/2214/1589 
f 1942/2207/1582 1934/2199/1574 1933/2198/1573 1948/2213/1588 
f 1947/2212/1587 1942/2207/1582 1948/2213/1588 1950/2215/1590 
f 1948/2213/1588 1949/2214/1589 1951/2216/1591 1950/2215/1590 
f 1645/1904/1285 1646/1905/1286 1952/2217/1592 1953/2218/1593 
f 1954/2219/1594 1642/1901/1282 1645/1904/1285 1953/2218/1593 
f 1954/2220/1594 1953/2221/1593 1955/2222/1595 1956/2223/1596 
f 1955/2222/1595 1953/2221/1593 1952/2224/1592 1957/2225/1597 
f 1641/1900/1281 1642/1901/1282 1954/2219/1594 1958/2226/1598 
f 1641/1900/1281 1958/2226/1598 1959/2227/1599 1640/1899/1280 
f 1959/2228/1599 1958/2229/1598 1960/2230/1600 1961/2231/1601 
f 1960/2230/1600 1958/2229/1598 1954/2220/1594 1956/2223/1596 
f 1960/2230/1600 1956/2223/1596 1962/2232/1602 1963/2233/1603 
f 1960/2230/1600 1963/2233/1603 1964/2234/1604 1961/2231/1601 
f 1965/2235/1605 1964/2234/1604 1963/2233/1603 1966/2236/1606 
f 1967/2237/1607 1966/2236/1606 1963/2233/1603 1962/2232/1602 
f 1968/2238/1608 1969/2239/1609 1955/2222/1595 1957/2225/1597 
f 1962/2232/1602 1956/2223/1596 1955/2222/1595 1969/2239/1609 
f 1969/2239/1609 1970/2240/1610 1967/2237/1607 1962/2232/1602 
f 1969/2239/1609 1968/2238/1608 1971/2241/1611 1970/2240/1610 
f 1972/2242/1612 1973/2243/1613 1692/1951/1332 1695/1954/1335 
f 1974/2244/1614 1973/2243/1613 1972/2242/1612 1975/2245/1615 
f 1975/2245/1615 1972/2242/1612 1976/2246/1616 1977/2247/1617 
f 1972/2242/1612 1695/1954/1335 1697/1956/1337 1976/2246/1616 
f 1978/2248/1618 1979/2249/1619 1974/2244/1614 1975/2245/1615 
f 1970/2240/1610 1971/2241/1611 1979/2249/1619 1978/2248/1618 
f 1978/2248/1618 1980/2250/1620 1967/2237/1607 1970/2240/1610 
f 1980/2250/1620 1978/2248/1618 1975/2245/1615 1977/2247/1617 
f 1980/2250/1620 1977/2247/1617 1981/2251/1621 1982/2252/1622 
f 1982/2252/1622 1966/2236/1606 1967/2237/1607 1980/2250/1620 
f 1966/2236/1606 1982/2252/1622 1983/2253/1623 1965/2235/1605 
f 1981/2251/1621 1984/2254/1624 1983/2253/1623 1982/2252/1622 
f 1976/2246/1616 1697/1956/1337 1702/1961/1342 1985/2255/1625 
f 1981/2251/1621 1977/2247/1617 1976/2246/1616 1985/2255/1625 
f 1985/2255/1625 1986/2256/1626 1984/2254/1624 1981/2251/1621 
f 1986/2256/1626 1985/2255/1625 1702/1961/1342 1704/1963/1344 
f 1987/2257/1627 1988/2258/1628 1989/2259/1629 1990/2260/1630 
f 1991/2261/1631 1992/2262/1632 1987/2257/1627 1990/2260/1630 
f 1991/2261/1631 1990/2260/1630 1993/2263/1633 1994/2264/1634 
f 1989/2259/1629 1995/2265/1635 1993/2263/1633 1990/2260/1630 
f 1996/2266/1636 1992/2262/1632 1991/2261/1631 1997/2267/1637 
f 1998/2268/1638 1999/2269/1639 1996/2266/1636 1997/2267/1637 
f 2000/2270/1640 2001/2271/1641 1998/2268/1638 1997/2267/1637 
f 2000/2270/1640 1997/2267/1637 1991/2261/1631 1994/2264/1634 
f 2000/2270/1640 1994/2264/1634 2002/2272/1642 2003/2273/1643 
f 2004/2274/1644 2001/2271/1641 2000/2270/1640 2003/2273/1643 
f 2003/2275/1643 1519/1778/1159 1521/1780/1161 2004/2276/1644 
f 2002/2277/1642 1515/1774/1155 1519/1778/1159 2003/2275/1643 
f 2005/2278/1645 1993/2263/1633 1995/2265/1635 2006/2279/1646 
f 2002/2272/1642 1994/2264/1634 1993/2263/1633 2005/2278/1645 
f 2005/2280/1645 1514/1773/1154 1515/1774/1155 2002/2277/1642 
f 1514/2281/1154 2005/2278/1645 2006/2279/1646 1513/2282/1153 
f 1626/1885/1266 2007/2283/1647 2008/2284/1648 1625/1884/1265 
f 2009/2285/1649 1622/1881/1262 1625/1884/1265 2008/2284/1648 
f 2009/2285/1649 2008/2284/1648 2010/2286/1650 2011/2287/1651 
f 2007/2283/1647 2012/2288/1652 2010/2286/1650 2008/2284/1648 
f 1621/1880/1261 1622/1881/1262 2009/2285/1649 2013/2289/1653 
f 1620/1879/1260 1621/1880/1261 2013/2289/1653 2014/2290/1654 
f 2014/2290/1654 2013/2289/1653 2015/2291/1655 2016/2292/1656 
f 2015/2291/1655 2013/2289/1653 2009/2285/1649 2011/2287/1651 
f 2015/2291/1655 2011/2287/1651 2017/2293/1657 2018/2294/1658 
f 2019/2295/1659 2016/2292/1656 2015/2291/1655 2018/2294/1658 
f 2019/2295/1659 2018/2294/1658 2020/2296/1660 2021/2297/1661 
f 2017/2293/1657 2022/2298/1662 2020/2296/1660 2018/2294/1658 
f 2023/2299/1663 2024/2300/1664 2010/2286/1650 2012/2288/1652 
f 2017/2293/1657 2011/2287/1651 2010/2286/1650 2024/2300/1664 
f 2024/2300/1664 2025/2301/1665 2022/2298/1662 2017/2293/1657 
f 2025/2301/1665 2024/2300/1664 2023/2299/1663 2026/2302/1666 
f 1435/1694/1075 1436/1695/1076 2027/2303/1667 2028/2304/1668 
f 1432/1691/1072 1435/1694/1075 2028/2304/1668 2029/2305/1669 
f 2029/2305/1669 2028/2304/1668 2030/2306/1670 2031/2307/1671 
f 2027/2303/1667 2032/2308/1672 2030/2306/1670 2028/2304/1668 
f 2033/2309/1673 1430/1689/1070 1432/1691/1072 2029/2305/1669 
f 1431/1690/1071 1430/1689/1070 2033/2309/1673 2034/2310/1674 
f 2034/2310/1674 2033/2309/1673 2035/2311/1675 2036/2312/1676 
f 2035/2311/1675 2033/2309/1673 2029/2305/1669 2031/2307/1671 
f 2035/2311/1675 2031/2307/1671 2037/2313/1677 2038/2314/1678 
f 2039/2315/1679 2036/2312/1676 2035/2311/1675 2038/2314/1678 
f 2038/2314/1678 1996/2266/1636 1999/2269/1639 2039/2315/1679 
f 1996/2266/1636 2038/2314/1678 2037/2313/1677 1992/2262/1632 
f 2040/2316/1680 2041/2317/1681 2030/2306/1670 2032/2308/1672 
f 2037/2313/1677 2031/2307/1671 2030/2306/1670 2041/2317/1681 
f 2037/2313/1677 2041/2317/1681 1987/2257/1627 1992/2262/1632 
f 1987/2257/1627 2041/2317/1681 2040/2316/1680 1988/2258/1628 
f 2042/2318/1682 2025/2301/1665 2026/2302/1666 2043/2319/1683 
f 2044/2320/1684 2022/2298/1662 2025/2301/1665 2042/2318/1682 
f 2044/2320/1684 2042/2318/1682 2045/2321/1685 2046/2322/1686 
f 2043/2319/1683 2047/2323/1687 2045/2321/1685 2042/2318/1682 
f 2048/2324/1688 2020/2296/1660 2022/2298/1662 2044/2320/1684 
f 2049/2325/1689 2021/2297/1661 2020/2296/1660 2048/2324/1688 
f 2050/2326/1690 2051/2327/1691 2049/2325/1689 2048/2324/1688 
f 2050/2326/1690 2048/2324/1688 2044/2320/1684 2046/2322/1686 
f 2050/2326/1690 2046/2322/1686 2052/2328/1692 2053/2329/1693 
f 2050/2326/1690 2053/2329/1693 2054/2330/1694 2051/2327/1691 
f 2054/2330/1694 2053/2329/1693 1936/2201/1576 1939/2204/1579 
f 1936/2201/1576 2053/2329/1693 2052/2328/1692 1932/2197/1572 
f 2055/2331/1695 2056/2332/1696 2045/2321/1685 2047/2323/1687 
f 2052/2328/1692 2046/2322/1686 2045/2321/1685 2056/2332/1696 
f 2056/2332/1696 1930/2195/1570 1932/2197/1572 2052/2328/1692 
f 2056/2332/1696 2055/2331/1695 1927/2192/1567 1930/2195/1570 
f 1901/2166/1541 2057/2333/1697 2058/2334/1698 1900/2165/1540 
f 2059/2335/1699 1897/2162/1537 1900/2165/1540 2058/2334/1698 
f 2059/2335/1699 2058/2334/1698 2060/2336/1700 2061/2337/1701 
f 2060/2336/1700 2058/2334/1698 2057/2333/1697 2062/2338/1702 
f 2063/2339/1703 1895/2160/1535 1897/2162/1537 2059/2335/1699 
f 2064/2340/1704 1896/2161/1536 1895/2160/1535 2063/2339/1703 
f 2065/2341/1705 2066/2342/1706 2064/2340/1704 2063/2339/1703 
f 2065/2341/1705 2063/2339/1703 2059/2335/1699 2061/2337/1701 
f 2065/2341/1705 2061/2337/1701 2067/2343/1707 2068/2344/1708 
f 2065/2341/1705 2068/2344/1708 2069/2345/1709 2066/2342/1706 
f 2069/2345/1709 2068/2344/1708 1447/1706/1087 1448/1707/1088 
f 2067/2343/1707 1441/1700/1081 1447/1706/1087 2068/2344/1708 
f 2070/2346/1710 2060/2336/1700 2062/2338/1702 2071/2347/1711 
f 2067/2343/1707 2061/2337/1701 2060/2336/1700 2070/2346/1710 
f 1441/1700/1081 2067/2343/1707 2070/2346/1710 1440/1699/1080 
f 1440/1699/1080 2070/2346/1710 2071/2347/1711 1437/1696/1077 
f 2072/2348/1712 2073/2349/1713 2074/2350/1714 2075/2351/1715 
f 2076/2352/1716 2077/2353/1717 2072/2348/1712 2075/2351/1715 
f 2076/2352/1716 2075/2351/1715 2078/2354/1718 2079/2355/1719 
f 2078/2354/1718 2075/2351/1715 2074/2350/1714 2080/2356/1720 
f 2081/2357/1721 2077/2353/1717 2076/2352/1716 2082/2358/1722 
f 2083/2359/1723 2084/2360/1724 2081/2357/1721 2082/2358/1722 
f 2085/2361/1725 2083/2359/1723 2082/2358/1722 2086/2362/1726 
f 2086/2362/1726 2082/2358/1722 2076/2352/1716 2079/2355/1719 
f 2086/2362/1726 2079/2355/1719 2087/2363/1727 2088/2364/1728 
f 2085/2361/1725 2086/2362/1726 2088/2364/1728 2089/2365/1729 
f 1744/2009/1384 2089/2365/1729 2088/2364/1728 1742/2007/1382 
f 1742/2007/1382 2088/2364/1728 2087/2363/1727 1737/2002/1377 
f 2080/2356/1720 2090/2366/1730 2091/2367/1731 2078/2354/1718 
f 2087/2363/1727 2079/2355/1719 2078/2354/1718 2091/2367/1731 
f 2091/2367/1731 1732/1997/1372 1737/2002/1377 2087/2363/1727 
f 1732/1997/1372 2091/2367/1731 2090/2366/1730 1733/1998/1373 
f 2092/2368/1732 1950/2215/1590 1951/2216/1591 2093/2369/1733 
f 1947/2212/1587 1950/2215/1590 2092/2368/1732 2094/2370/1734 
f 2094/2370/1734 2092/2368/1732 2095/2371/1735 2096/2372/1736 
f 2095/2371/1735 2092/2368/1732 2093/2369/1733 2097/2373/1737 
f 2098/2374/1738 1946/2211/1586 1947/2212/1587 2094/2370/1734 
f 1945/2210/1585 1946/2211/1586 2098/2374/1738 2099/2375/1739 
f 2100/2376/1740 2099/2375/1739 2098/2374/1738 2101/2377/1741 
f 2101/2377/1741 2098/2374/1738 2094/2370/1734 2096/2372/1736 
f 2101/2377/1741 2096/2372/1736 2102/2378/1742 2103/2379/1743 
f 2104/2380/1744 2100/2376/1740 2101/2377/1741 2103/2379/1743 
f 1914/2179/1554 2104/2380/1744 2103/2379/1743 1912/2177/1552 
f 2102/2378/1742 1907/2172/1547 1912/2177/1552 2103/2379/1743 
f 2097/2373/1737 2105/2381/1745 2106/2382/1746 2095/2371/1735 
f 2102/2378/1742 2096/2372/1736 2095/2371/1735 2106/2382/1746 
f 2106/2382/1746 1902/2167/1542 1907/2172/1547 2102/2378/1742 
f 2105/2381/1745 1903/2168/1543 1902/2167/1542 2106/2382/1746 
f 2107/2383/1747 2108/2384/1748 2109/2385/1749 2110/2386/1750 
f 2111/2387/1751 2112/2388/1752 2108/2384/1748 2107/2383/1747 
f 2111/2387/1751 2107/2383/1747 2113/2389/1753 2114/2390/1754 
f 2110/2386/1750 2115/2391/1755 2113/2389/1753 2107/2383/1747 
f 2116/2392/1756 2112/2388/1752 2111/2387/1751 2117/2393/1757 
f 2118/2394/1758 2116/2392/1756 2117/2393/1757 2119/2395/1759 
f 2120/2396/1760 2121/2397/1761 2119/2395/1759 2117/2393/1757 
f 2120/2396/1760 2117/2393/1757 2111/2387/1751 2114/2390/1754 
f 2120/2396/1760 2114/2390/1754 2122/2398/1762 2123/2399/1763 
f 2120/2396/1760 2123/2399/1763 2124/2400/1764 2121/2397/1761 
f 2123/2399/1763 2125/2401/1765 2126/2402/1766 2124/2400/1764 
f 2125/2401/1765 2123/2399/1763 2122/2398/1762 2127/2403/1767 
f 2128/2404/1768 2129/2405/1769 2113/2389/1753 2115/2391/1755 
f 2122/2398/1762 2114/2390/1754 2113/2389/1753 2129/2405/1769 
f 2122/2398/1762 2129/2405/1769 2130/2406/1770 2127/2403/1767 
f 2129/2405/1769 2128/2404/1768 2131/2407/1771 2130/2406/1770 
f 2132/2408/1772 1801/2066/1441 1814/2079/1454 2133/2409/1773 
f 2134/2410/1774 2135/2411/1775 2132/2408/1772 2133/2409/1773 
f 2134/2410/1774 2133/2409/1773 2136/2412/1776 2137/2413/1777 
f 2136/2412/1776 2133/2409/1773 1814/2079/1454 1816/2081/1456 
f 2138/2414/1778 2135/2411/1775 2134/2410/1774 2139/2415/1779 
f 2140/2416/1780 2141/2417/1781 2138/2414/1778 2139/2415/1779 
f 2142/2418/1782 2140/2416/1780 2139/2415/1779 2143/2419/1783 
f 2143/2419/1783 2139/2415/1779 2134/2410/1774 2137/2413/1777 
f 2143/2419/1783 2137/2413/1777 2144/2420/1784 2145/2421/1785 
f 2146/2422/1786 2142/2418/1782 2143/2419/1783 2145/2421/1785 
f 2146/2422/1786 2145/2421/1785 2147/2423/1787 2148/2424/1788 
f 2147/2423/1787 2145/2421/1785 2144/2420/1784 2149/2425/1789 
f 2136/2412/1776 1816/2081/1456 1819/2084/1459 2150/2426/1790 
f 2144/2420/1784 2137/2413/1777 2136/2412/1776 2150/2426/1790 
f 2144/2420/1784 2150/2426/1790 2151/2427/1791 2149/2425/1789 
f 1819/2084/1459 1821/2086/1461 2151/2427/1791 2150/2426/1790 
f 2152/2428/1792 2153/2429/1793 2154/2430/1794 2155/2431/1795 
f 2156/2432/1796 2157/2433/1797 2153/2429/1793 2152/2428/1792 
f 2156/2432/1796 2152/2428/1792 2158/2434/1798 2159/2435/1799 
f 2158/2434/1798 2152/2428/1792 2155/2431/1795 2160/2436/1800 
f 2161/2437/1801 2157/2433/1797 2156/2432/1796 2162/2438/1802 
f 2161/2437/1801 2162/2438/1802 2163/2439/1803 2164/2440/1804 
f 2163/2439/1803 2162/2438/1802 2165/2441/1805 2166/2442/1806 
f 2165/2441/1805 2162/2438/1802 2156/2432/1796 2159/2435/1799 
f 2165/2441/1805 2159/2435/1799 2167/2443/1807 2168/2444/1808 
f 2169/2445/1809 2166/2442/1806 2165/2441/1805 2168/2444/1808 
f 2169/2445/1809 2168/2444/1808 2170/2446/1810 2171/2447/1811 
f 2167/2443/1807 2172/2448/1812 2170/2446/1810 2168/2444/1808 
f 2158/2434/1798 2160/2436/1800 2173/2449/1813 2174/2450/1814 
f 2167/2443/1807 2159/2435/1799 2158/2434/1798 2174/2450/1814 
f 2175/2451/1815 2172/2448/1812 2167/2443/1807 2174/2450/1814 
f 2174/2450/1814 2173/2449/1813 2176/2452/1816 2175/2451/1815 
f 2177/2453/1817 2178/2454/1818 2179/2455/1819 2180/2456/1820 
f 2181/2457/1821 2182/2458/1822 2179/2455/1819 2178/2454/1818 
f 2181/2457/1821 2178/2454/1818 2183/2459/1823 2184/2460/1824 
f 2177/2453/1817 2185/2461/1825 2183/2459/1823 2178/2454/1818 
f 2186/2462/1826 2182/2458/1822 2181/2457/1821 2187/2463/1827 
f 2188/2464/1828 2186/2462/1826 2187/2463/1827 2189/2465/1829 
f 2190/2466/1830 2191/2467/1831 2189/2465/1829 2187/2463/1827 
f 2190/2466/1830 2187/2463/1827 2181/2457/1821 2184/2460/1824 
f 2190/2466/1830 2184/2460/1824 2192/2468/1832 2193/2469/1833 
f 2190/2466/1830 2193/2469/1833 2194/2470/1834 2191/2467/1831 
f 2193/2469/1833 2195/2471/1835 2196/2472/1836 2194/2470/1834 
f 2195/2471/1835 2193/2469/1833 2192/2468/1832 2197/2473/1837 
f 2198/2474/1838 2199/2475/1839 2183/2459/1823 2185/2461/1825 
f 2192/2468/1832 2184/2460/1824 2183/2459/1823 2199/2475/1839 
f 2192/2468/1832 2199/2475/1839 2200/2476/1840 2197/2473/1837 
f 2198/2474/1838 2201/2477/1841 2200/2476/1840 2199/2475/1839 
f 2202/2478/1842 2203/2479/1843 2204/2480/1844 2205/2481/1845 
f 2206/2482/1846 2207/2483/1847 2204/2480/1844 2203/2479/1843 
f 2206/2482/1846 2203/2479/1843 2208/2484/1848 2209/2485/1849 
f 2208/2484/1848 2203/2479/1843 2202/2478/1842 2210/2486/1850 
f 2211/2487/1851 2207/2483/1847 2206/2482/1846 2212/2488/1852 
f 2211/2487/1851 2212/2488/1852 2213/2489/1853 2214/2490/1854 
f 2215/2491/1855 2216/2492/1856 2213/2489/1853 2212/2488/1852 
f 2215/2491/1855 2212/2488/1852 2206/2482/1846 2209/2485/1849 
f 2215/2491/1855 2209/2485/1849 2217/2493/1857 2218/2494/1858 
f 2215/2491/1855 2218/2494/1858 2219/2495/1859 2216/2492/1856 
f 2219/2496/1859 2218/2497/1858 2220/2498/1860 2221/2499/1861 
f 2220/2498/1860 2218/2497/1858 2217/2500/1857 2222/2501/1862 
f 2208/2484/1848 2210/2486/1850 2223/2502/1863 2224/2503/1864 
f 2217/2493/1857 2209/2485/1849 2208/2484/1848 2224/2503/1864 
f 2222/2501/1862 2217/2500/1857 2224/2504/1864 2225/2505/1865 
f 2225/2505/1865 2224/2504/1864 2223/2506/1863 2226/2507/1866 
f 2227/2508/1867 2228/2509/1868 2188/2464/1828 2189/2465/1829 
f 2229/2510/1869 2230/2511/1870 2228/2509/1868 2227/2508/1867 
f 2229/2510/1869 2227/2508/1867 2231/2512/1871 2232/2513/1872 
f 2189/2465/1829 2191/2467/1831 2231/2512/1871 2227/2508/1867 
f 2233/2514/1873 2230/2511/1870 2229/2510/1869 2234/2515/1874 
f 2235/2516/1875 2236/2517/1876 2233/2514/1873 2234/2515/1874 
f 2237/2518/1877 2235/2516/1875 2234/2515/1874 2238/2519/1878 
f 2238/2519/1878 2234/2515/1874 2229/2510/1869 2232/2513/1872 
f 2238/2519/1878 2232/2513/1872 2239/2520/1879 2240/2521/1880 
f 2237/2518/1877 2238/2519/1878 2240/2521/1880 2241/2522/1881 
f 2241/2522/1881 2240/2521/1880 2242/2523/1882 2243/2524/1883 
f 2239/2520/1879 2244/2525/1884 2242/2523/1882 2240/2521/1880 
f 2194/2470/1834 2245/2526/1885 2231/2512/1871 2191/2467/1831 
f 2239/2520/1879 2232/2513/1872 2231/2512/1871 2245/2526/1885 
f 2246/2527/1886 2244/2525/1884 2239/2520/1879 2245/2526/1885 
f 2194/2470/1834 2196/2472/1836 2246/2527/1886 2245/2526/1885 
f 2247/2528/1887 2248/2529/1888 2249/2530/1889 2250/2531/1890 
f 2251/2532/1891 2252/2533/1892 2249/2530/1889 2248/2529/1888 
f 2251/2532/1891 2248/2529/1888 2253/2534/1893 2254/2535/1894 
f 2253/2534/1893 2248/2529/1888 2247/2528/1887 2255/2536/1895 
f 2256/2537/1896 2252/2533/1892 2251/2532/1891 2257/2538/1897 
f 2258/2539/1898 2259/2540/1899 2256/2537/1896 2257/2538/1897 
f 2258/2539/1898 2257/2538/1897 2260/2541/1900 2261/2542/1901 
f 2260/2541/1900 2257/2538/1897 2251/2532/1891 2254/2535/1894 
f 2260/2541/1900 2254/2535/1894 2262/2543/1902 2263/2544/1903 
f 2264/2545/1904 2261/2542/1901 2260/2541/1900 2263/2544/1903 
f 2265/2546/1905 2264/2545/1904 2263/2544/1903 2266/2547/1906 
f 2262/2543/1902 2267/2548/1907 2266/2547/1906 2263/2544/1903 
f 2253/2534/1893 2255/2536/1895 2268/2549/1908 2269/2550/1909 
f 2262/2543/1902 2254/2535/1894 2253/2534/1893 2269/2550/1909 
f 2270/2551/1910 2267/2548/1907 2262/2543/1902 2269/2550/1909 
f 2270/2551/1910 2269/2550/1909 2268/2549/1908 2271/2552/1911 
f 2272/2553/1912 1925/2190/1565 1926/2191/1566 2273/2554/1913 
f 2274/2555/1914 1922/2187/1562 1925/2190/1565 2272/2553/1912 
f 2274/2555/1914 2272/2553/1912 2275/2556/1915 2276/2557/1916 
f 2272/2553/1912 2273/2554/1913 2277/2558/1917 2275/2556/1915 
f 2278/2559/1918 1921/2186/1561 1922/2187/1562 2274/2555/1914 
f 2279/2560/1919 1920/2185/1560 1921/2186/1561 2278/2559/1918 
f 2279/2560/1919 2278/2559/1918 2280/2561/1920 2281/2562/1921 
f 2280/2561/1920 2278/2559/1918 2274/2555/1914 2276/2557/1916 
f 2280/2561/1920 2276/2557/1916 2282/2563/1922 2283/2564/1923 
f 2284/2565/1924 2281/2562/1921 2280/2561/1920 2283/2564/1923 
f 2285/2566/1925 2284/2565/1924 2283/2564/1923 2286/2567/1926 
f 2286/2567/1926 2283/2564/1923 2282/2563/1922 2287/2568/1927 
f 2275/2556/1915 2277/2558/1917 2288/2569/1928 2289/2570/1929 
f 2282/2563/1922 2276/2557/1916 2275/2556/1915 2289/2570/1929 
f 2282/2563/1922 2289/2570/1929 2290/2571/1930 2287/2568/1927 
f 2289/2570/1929 2288/2569/1928 2291/2572/1931 2290/2571/1930 
f 2292/2573/1932 2293/2574/1933 2294/2575/1934 2295/2576/1935 
f 2296/2577/1936 2297/2578/1937 2293/2574/1933 2292/2573/1932 
f 2296/2577/1936 2292/2573/1932 2298/2579/1938 2299/2580/1939 
f 2292/2573/1932 2295/2576/1935 2300/2581/1940 2298/2579/1938 
f 2301/2582/1941 2297/2578/1937 2296/2577/1936 2302/2583/1942 
f 2301/2582/1941 2302/2583/1942 2303/2584/1943 2304/2585/1944 
f 2303/2584/1943 2302/2583/1942 2305/2586/1945 2306/2587/1946 
f 2305/2586/1945 2302/2583/1942 2296/2577/1936 2299/2580/1939 
f 1550/1809/1190 1551/1810/1191 2307/2588/1947 2308/2589/1948 
f 2309/2590/1949 1547/1806/1187 1550/1809/1190 2308/2589/1948 
f 2309/2590/1949 2308/2589/1948 2310/2591/1950 2311/2592/1951 
f 2308/2589/1948 2307/2588/1947 2312/2593/1952 2310/2591/1950 
f 2313/2594/1953 1546/1805/1186 1547/1806/1187 2309/2590/1949 
f 2314/2595/1954 1545/1804/1185 1546/1805/1186 2313/2594/1953 
f 2315/2596/1955 2314/2595/1954 2313/2594/1953 2316/2597/1956 
f 2316/2597/1956 2313/2594/1953 2309/2590/1949 2311/2592/1951 
f 2316/2597/1956 2311/2592/1951 2317/2598/1957 2318/2599/1958 
f 2319/2600/1959 2315/2596/1955 2316/2597/1956 2318/2599/1958 
f 2318/2599/1958 2130/2406/1770 2131/2407/1771 2319/2600/1959 
f 2130/2406/1770 2318/2599/1958 2317/2598/1957 2127/2403/1767 
f 2310/2591/1950 2312/2593/1952 2320/2601/1960 2321/2602/1961 
f 2317/2598/1957 2311/2592/1951 2310/2591/1950 2321/2602/1961 
f 2317/2598/1957 2321/2602/1961 2125/2401/1765 2127/2403/1767 
f 2125/2401/1765 2321/2602/1961 2320/2601/1960 2126/2402/1766 
f 1690/1949/1330 1691/1950/1331 2322/2603/1962 2323/2604/1963 
f 2324/2605/1964 1687/1946/1327 1690/1949/1330 2323/2604/1963 
f 2324/2605/1964 2323/2604/1963 2325/2606/1965 2326/2607/1966 
f 2322/2603/1962 2327/2608/1967 2325/2606/1965 2323/2604/1963 
f 1686/1945/1326 1687/1946/1327 2324/2605/1964 2328/2609/1968 
f 2329/2610/1969 1685/1944/1325 1686/1945/1326 2328/2609/1968 
f 2329/2610/1969 2328/2609/1968 2330/2611/1970 2331/2612/1971 
f 2330/2611/1970 2328/2609/1968 2324/2605/1964 2326/2607/1966 
f 2330/2611/1970 2326/2607/1966 2332/2613/1972 2333/2614/1973 
f 2334/2615/1974 2331/2612/1971 2330/2611/1970 2333/2614/1973 
f 1469/1728/1109 2334/2615/1974 2333/2614/1973 1467/1726/1107 
f 1462/1721/1102 1467/1726/1107 2333/2614/1973 2332/2613/1972 
f 2335/2616/1975 2336/2617/1976 2325/2606/1965 2327/2608/1967 
f 2332/2613/1972 2326/2607/1966 2325/2606/1965 2336/2617/1976 
f 2336/2617/1976 1458/1717/1098 1462/1721/1102 2332/2613/1972 
f 1458/1717/1098 2336/2617/1976 2335/2616/1975 1459/1718/1099 
f 2337/2618/1977 2338/2619/1978 1475/1734/1115 1489/1748/1129 
f 2339/2620/1979 2340/2621/1980 2338/2619/1978 2337/2618/1977 
f 2339/2620/1979 2337/2618/1977 2341/2622/1981 2342/2623/1982 
f 2341/2622/1981 2337/2618/1977 1489/1748/1129 1491/1750/1131 
f 2343/2624/1983 2344/2625/1984 2340/2621/1980 2339/2620/1979 
f 2345/2626/1985 2346/2627/1986 2344/2625/1984 2343/2624/1983 
f 2347/2628/1987 2345/2626/1985 2343/2624/1983 2348/2629/1988 
f 2348/2629/1988 2343/2624/1983 2339/2620/1979 2342/2623/1982 
f 2348/2629/1988 2342/2623/1982 2349/2630/1989 2350/2631/1990 
f 2351/2632/1991 2347/2628/1987 2348/2629/1988 2350/2631/1990 
f 2352/2633/1992 2351/2632/1991 2350/2631/1990 2353/2634/1993 
f 2350/2631/1990 2349/2630/1989 2354/2635/1994 2353/2634/1993 
f 2341/2622/1981 1491/1750/1131 1494/1753/1134 2355/2636/1995 
f 2349/2630/1989 2342/2623/1982 2341/2622/1981 2355/2636/1995 
f 2354/2635/1994 2349/2630/1989 2355/2636/1995 2356/2637/1996 
f 2355/2636/1995 1494/1753/1134 1495/1754/1135 2356/2637/1996 
f 1825/2090/1465 1826/2091/1466 2357/2638/1997 2358/2639/1998 
f 1822/2087/1462 1825/2090/1465 2358/2639/1998 2359/2640/1999 
f 2360/2641/2000 2359/2640/1999 2358/2639/1998 2361/2642/2001 
f 2361/2642/2001 2358/2639/1998 2357/2638/1997 2362/2643/2002 
f 2363/2644/2003 1820/2085/1460 1822/2087/1462 2359/2640/1999 
f 1820/2085/1460 2363/2644/2003 2364/2645/2004 1821/2086/1461 
f 2365/2646/2005 2364/2645/2004 2363/2644/2003 2366/2647/2006 
f 2366/2648/2006 2363/2649/2003 2359/2650/1999 2360/2651/2000 
f 2366/2647/2006 2360/2641/2000 2367/2652/2007 2368/2653/2008 
f 2365/2646/2005 2366/2647/2006 2368/2653/2008 2369/2654/2009 
f 2369/2654/2009 2368/2653/2008 1767/2032/1407 1768/2033/1408 
f 1762/2027/1402 1767/2032/1407 2368/2653/2008 2367/2652/2007 
f 2362/2643/2002 2370/2655/2010 2371/2656/2011 2361/2642/2001 
f 2360/2641/2000 2361/2642/2001 2371/2656/2011 2367/2652/2007 
f 2371/2656/2011 1760/2025/1400 1762/2027/1402 2367/2652/2007 
f 1760/2025/1400 2371/2656/2011 2370/2655/2010 1757/2022/1397 
f 1500/1759/1140 1501/1760/1141 2372/2657/2012 2373/2658/2013 
f 2373/2658/2013 2374/2659/2014 1497/1756/1137 1500/1759/1140 
f 2373/2658/2013 2375/2660/2015 2376/2661/2016 2374/2659/2014 
f 2373/2658/2013 2372/2657/2012 2377/2662/2017 2375/2660/2015 
f 1497/1756/1137 2374/2659/2014 2378/2663/2018 1496/1755/1136 
f 1495/1754/1135 1496/1755/1136 2378/2663/2018 2379/2664/2019 
f 2380/2665/2020 2381/2666/2021 2379/2664/2019 2378/2663/2018 
f 2380/2665/2020 2378/2663/2018 2374/2659/2014 2376/2661/2016 
f 2380/2665/2020 2376/2661/2016 2382/2667/2022 2383/2668/2023 
f 2380/2665/2020 2383/2668/2023 2384/2669/2024 2381/2666/2021 
f 2384/2669/2024 2383/2668/2023 2301/2582/1941 2304/2585/1944 
f 2297/2578/1937 2301/2582/1941 2383/2668/2023 2382/2667/2022 
f 2385/2670/2025 2375/2660/2015 2377/2662/2017 2386/2671/2026 
f 2375/2660/2015 2385/2670/2025 2382/2667/2022 2376/2661/2016 
f 2385/2670/2025 2293/2574/1933 2297/2578/1937 2382/2667/2022 
f 2293/2574/1933 2385/2670/2025 2386/2671/2026 2294/2575/1934 
f 2387/2672/2027 2388/2673/2028 2389/2674/2029 2390/2675/2030 
f 2391/2676/2031 2390/2675/2030 2389/2674/2029 2392/2677/2032 
f 2393/2678/2033 2392/2677/2032 2389/2674/2029 2394/2679/2034 
f 2395/2680/2035 2394/2679/2034 2389/2674/2029 2388/2673/2028 
f 2396/2681/2036 2397/2682/2037 2391/2676/2031 2392/2677/2032 
f 2398/2683/2038 2397/2682/2037 2396/2681/2036 2399/2684/2039 
f 2396/2681/2036 2400/2685/2040 2401/2686/2041 2399/2684/2039 
f 2396/2681/2036 2392/2677/2032 2393/2678/2033 2400/2685/2040 
f 2400/2685/2040 2393/2678/2033 2402/2687/2042 2403/2688/2043 
f 2403/2688/2043 2404/2689/2044 2401/2686/2041 2400/2685/2040 
f 2405/2690/2045 2404/2689/2044 2403/2688/2043 2406/2691/2046 
f 2407/2692/2047 2406/2691/2046 2403/2688/2043 2402/2687/2042 
f 2395/2680/2035 2408/2693/2048 2409/2694/2049 2394/2679/2034 
f 2402/2687/2042 2393/2678/2033 2394/2679/2034 2409/2694/2049 
f 2409/2694/2049 2410/2695/2050 2407/2692/2047 2402/2687/2042 
f 2409/2694/2049 2408/2693/2048 2411/2696/2051 2410/2695/2050 
f 2412/2697/2052 2413/2698/2053 2414/2699/2054 2415/2700/2055 
f 2416/2701/2056 2413/2698/2053 2412/2697/2052 2417/2702/2057 
f 2417/2702/2057 2412/2697/2052 2418/2703/2058 2419/2704/2059 
f 2418/2703/2058 2412/2697/2052 2415/2700/2055 2420/2705/2060 
f 2421/2706/2061 2422/2707/2062 2416/2701/2056 2417/2702/2057 
f 2422/2707/2062 2421/2706/2061 2423/2708/2063 2424/2709/2064 
f 2421/2706/2061 2425/2710/2065 2426/2711/2066 2423/2708/2063 
f 2425/2710/2065 2421/2706/2061 2417/2702/2057 2419/2704/2059 
f 2427/2712/2067 2428/2713/2068 2425/2710/2065 2419/2704/2059 
f 2428/2713/2068 2429/2714/2069 2426/2711/2066 2425/2710/2065 
f 2430/2715/2070 2429/2714/2069 2428/2713/2068 2431/2716/2071 
f 2432/2717/2072 2431/2716/2071 2428/2713/2068 2427/2712/2067 
f 2420/2705/2060 2433/2718/2073 2434/2719/2074 2418/2703/2058 
f 2427/2712/2067 2419/2704/2059 2418/2703/2058 2434/2719/2074 
f 2434/2719/2074 2435/2720/2075 2432/2717/2072 2427/2712/2067 
f 2433/2718/2073 2436/2721/2076 2435/2720/2075 2434/2719/2074 
f 2437/2722/2077 2438/2723/2078 2439/2724/2079 2440/2725/2080 
f 2441/2726/2081 2438/2723/2078 2437/2722/2077 2442/2727/2082 
f 2442/2727/2082 2437/2722/2077 2443/2728/2083 2444/2729/2084 
f 2437/2722/2077 2440/2725/2080 2445/2730/2085 2443/2728/2083 
f 2441/2726/2081 2442/2727/2082 2446/2731/2086 2447/2732/2087 
f 2448/2733/2088 2447/2732/2087 2446/2731/2086 2449/2734/2089 
f 2450/2735/2090 2449/2734/2089 2446/2731/2086 2451/2736/2091 
f 2451/2736/2091 2446/2731/2086 2442/2727/2082 2444/2729/2084 
f 2452/2737/2092 2453/2738/2093 2451/2736/2091 2444/2729/2084 
f 2451/2736/2091 2453/2738/2093 2454/2739/2094 2450/2735/2090 
f 2454/2739/2094 2453/2738/2093 2455/2740/2095 2456/2741/2096 
f 2453/2738/2093 2452/2737/2092 2457/2742/2097 2455/2740/2095 
f 2458/2743/2098 2443/2728/2083 2445/2730/2085 2459/2744/2099 
f 2444/2729/2084 2443/2728/2083 2458/2743/2098 2452/2737/2092 
f 2457/2742/2097 2452/2737/2092 2458/2743/2098 2460/2745/2100 
f 2460/2745/2100 2458/2743/2098 2459/2744/2099 2461/2746/2101 
f 2462/2747/2102 2463/2748/2103 2464/2749/2104 2465/2750/2105 
f 2466/2751/2106 2463/2748/2103 2462/2747/2102 2467/2752/2107 
f 2468/2753/2108 2467/2752/2107 2462/2747/2102 2469/2754/2109 
f 2470/2755/2110 2469/2754/2109 2462/2747/2102 2465/2750/2105 
f 2471/2756/2111 2472/2757/2112 2466/2751/2106 2467/2752/2107 
f 2473/2758/2113 2472/2757/2112 2471/2756/2111 2474/2759/2114 
f 2471/2756/2111 2475/2760/2115 2476/2761/2116 2474/2759/2114 
f 2475/2760/2115 2471/2756/2111 2467/2752/2107 2468/2753/2108 
f 2477/2762/2117 2478/2763/2118 2475/2760/2115 2468/2753/2108 
f 2476/2761/2116 2475/2760/2115 2478/2763/2118 2479/2764/2119 
f 2480/2765/2120 2479/2764/2119 2478/2763/2118 2481/2766/2121 
f 2478/2763/2118 2477/2762/2117 2482/2767/2122 2481/2766/2121 
f 2470/2755/2110 2483/2768/2123 2484/2769/2124 2469/2754/2109 
f 2468/2753/2108 2469/2754/2109 2484/2769/2124 2477/2762/2117 
f 2482/2767/2122 2477/2762/2117 2484/2769/2124 2485/2770/2125 
f 2485/2770/2125 2484/2769/2124 2483/2768/2123 2486/2771/2126 
f 2356/2637/1996 1495/1754/1135 2379/2664/2019 2487/2772/2127 
f 2354/2635/1994 2356/2637/1996 2487/2772/2127 2488/2773/2128 
f 2489/2774/2129 2488/2773/2128 2487/2772/2127 2490/2775/2130 
f 2379/2664/2019 2381/2666/2021 2490/2775/2130 2487/2772/2127 
f 2491/2776/2131 2353/2634/1993 2354/2635/1994 2488/2773/2128 
f 2492/2777/2132 2352/2633/1992 2353/2634/1993 2491/2776/2131 
f 2491/2776/2131 2493/2778/2133 2494/2779/2134 2492/2777/2132 
f 2493/2778/2133 2491/2776/2131 2488/2773/2128 2489/2774/2129 
f 2495/2780/2135 2496/2781/2136 2493/2778/2133 2489/2774/2129 
f 2496/2781/2136 2497/2782/2137 2494/2779/2134 2493/2778/2133 
f 2498/2783/2138 2497/2782/2137 2496/2781/2136 2499/2784/2139 
f 2496/2781/2136 2495/2780/2135 2500/2785/2140 2499/2784/2139 
f 2384/2669/2024 2501/2786/2141 2490/2775/2130 2381/2666/2021 
f 2490/2775/2130 2501/2786/2141 2495/2780/2135 2489/2774/2129 
f 2500/2785/2140 2495/2780/2135 2501/2786/2141 2502/2787/2142 
f 2501/2786/2141 2384/2669/2024 2304/2585/1944 2502/2787/2142 
f 2503/2788/2143 2504/2789/2144 2505/2790/2145 2506/2791/2146 
f 2503/2788/2143 2507/2792/2147 2508/2793/2148 2504/2789/2144 
f 2509/2794/2149 2507/2792/2147 2503/2788/2143 2510/2795/2150 
f 2510/2795/2150 2503/2788/2143 2506/2791/2146 2511/2796/2151 
f 2508/2793/2148 2507/2792/2147 2512/2797/2152 2513/2798/2153 
f 2514/2799/2154 2515/2800/2155 2513/2798/2153 2512/2797/2152 
f 2516/2801/2156 2514/2799/2154 2512/2797/2152 2517/2802/2157 
f 2507/2792/2147 2509/2794/2149 2517/2802/2157 2512/2797/2152 
f 2517/2802/2157 2509/2794/2149 2518/2803/2158 2519/2804/2159 
f 2516/2801/2156 2517/2802/2157 2519/2804/2159 2520/2805/2160 
f 2521/2806/2161 2520/2805/2160 2519/2804/2159 2522/2807/2162 
f 2523/2808/2163 2522/2807/2162 2519/2804/2159 2518/2803/2158 
f 2511/2796/2151 2524/2809/2164 2525/2810/2165 2510/2795/2150 
f 2510/2795/2150 2525/2810/2165 2518/2803/2158 2509/2794/2149 
f 2525/2810/2165 2526/2811/2166 2523/2808/2163 2518/2803/2158 
f 2524/2809/2164 2527/2812/2167 2526/2811/2166 2525/2810/2165 
f 2528/2813/2168 2529/2814/2169 2530/2815/2170 2531/2816/2171 
f 2532/2817/2172 2528/2813/2168 2531/2816/2171 2533/2818/2173 
f 2534/2819/2174 2533/2818/2173 2531/2816/2171 2535/2820/2175 
f 2531/2816/2171 2530/2815/2170 2536/2821/2176 2535/2820/2175 
f 2537/2822/2177 2538/2823/2178 2532/2817/2172 2533/2818/2173 
f 2538/2823/2178 2537/2822/2177 2539/2824/2179 2540/2825/2180 
f 2537/2822/2177 2541/2826/2181 2542/2827/2182 2539/2824/2179 
f 2533/2818/2173 2534/2819/2174 2541/2826/2181 2537/2822/2177 
f 2543/2828/2183 2541/2826/2181 2534/2819/2174 2544/2829/2184 
f 2543/2828/2183 2545/2830/2185 2542/2827/2182 2541/2826/2181 
f 2545/2830/2185 2543/2828/2183 2546/2831/2186 2547/2832/2187 
f 2543/2828/2183 2544/2829/2184 2548/2833/2188 2546/2831/2186 
f 2549/2834/2189 2535/2820/2175 2536/2821/2176 2550/2835/2190 
f 2544/2829/2184 2534/2819/2174 2535/2820/2175 2549/2834/2189 
f 2548/2833/2188 2544/2829/2184 2549/2834/2189 2551/2836/2191 
f 2551/2836/2191 2549/2834/2189 2550/2835/2190 2552/2837/2192 
f 2553/2838/2193 2554/2839/2194 2555/2840/2195 2556/2841/2196 
f 2557/2842/2197 2558/2843/2198 2556/2841/2196 2555/2840/2195 
f 2559/2844/2199 2560/2845/2200 2557/2842/2197 2555/2840/2195 
f 2561/2846/2201 2559/2844/2199 2555/2840/2195 2554/2839/2194 
f 2562/2847/2202 2558/2843/2198 2557/2842/2197 2563/2848/2203 
f 2564/2849/2204 2565/2850/2205 2562/2847/2202 2563/2848/2203 
f 2563/2848/2203 2566/2851/2206 2567/2852/2207 2564/2849/2204 
f 2557/2842/2197 2560/2845/2200 2566/2851/2206 2563/2848/2203 
f 2566/2853/2206 2560/2854/2200 2568/2855/2208 2569/2856/2209 
f 2567/2857/2207 2566/2853/2206 2569/2856/2209 2570/2858/2210 
f 2515/2800/2155 2570/2858/2210 2569/2856/2209 2513/2798/2153 
f 2508/2793/2148 2513/2798/2153 2569/2856/2209 2568/2855/2208 
f 2561/2859/2201 2571/2860/2211 2572/2861/2212 2559/2862/2199 
f 2559/2862/2199 2572/2861/2212 2568/2855/2208 2560/2854/2200 
f 2572/2861/2212 2504/2789/2144 2508/2793/2148 2568/2855/2208 
f 2572/2861/2212 2571/2860/2211 2505/2790/2145 2504/2789/2144 
f 2573/2863/2213 2574/2864/2214 2575/2865/2215 2576/2866/2216 
f 2577/2867/2217 2578/2868/2218 2576/2866/2216 2575/2865/2215 
f 2579/2869/2219 2577/2867/2217 2575/2865/2215 2580/2870/2220 
f 2581/2871/2221 2580/2870/2220 2575/2865/2215 2574/2864/2214 
f 2582/2872/2222 2578/2868/2218 2577/2867/2217 2583/2873/2223 
f 2584/2874/2224 2582/2872/2222 2583/2873/2223 2585/2875/2225 
f 2586/2876/2226 2585/2875/2225 2583/2873/2223 2587/2877/2227 
f 2577/2867/2217 2579/2869/2219 2587/2877/2227 2583/2873/2223 
f 2588/2878/2228 2587/2877/2227 2579/2869/2219 2589/2879/2229 
f 2586/2876/2226 2587/2877/2227 2588/2878/2228 2590/2880/2230 
f 2591/2881/2231 2590/2880/2230 2588/2878/2228 2592/2882/2232 
f 2593/2883/2233 2592/2882/2232 2588/2878/2228 2589/2879/2229 
f 2581/2871/2221 2594/2884/2234 2595/2885/2235 2580/2870/2220 
f 2579/2869/2219 2580/2870/2220 2595/2885/2235 2589/2879/2229 
f 2595/2885/2235 2596/2886/2236 2593/2883/2233 2589/2879/2229 
f 2596/2886/2236 2595/2885/2235 2594/2884/2234 1793/2058/1433 
f 2597/2887/2237 2598/2888/2238 2599/2889/2239 2600/2890/2240 
f 2601/2891/2241 2600/2890/2240 2599/2889/2239 2602/2892/2242 
f 2603/2893/2243 2602/2894/2242 2599/2895/2239 2604/2896/2244 
f 2599/2889/2239 2598/2888/2238 2605/2897/2245 2604/2898/2244 
f 2602/2894/2242 2606/2899/2246 2607/2900/2247 2601/2901/2241 
f 2574/2864/2214 2573/2863/2213 2607/2900/2247 2606/2899/2246 
f 2606/2899/2246 2608/2902/2248 2581/2871/2221 2574/2864/2214 
f 2608/2902/2248 2606/2899/2246 2602/2894/2242 2603/2893/2243 
f 2609/2903/2249 2610/2904/2250 2608/2902/2248 2603/2893/2243 
f 2610/2904/2250 2594/2884/2234 2581/2871/2221 2608/2902/2248 
f 1793/2058/1433 2594/2884/2234 2610/2904/2250 1791/2056/1431 
f 2609/2903/2249 1787/2052/1427 1791/2056/1431 2610/2904/2250 
f 2604/2898/2244 2605/2897/2245 2611/2905/2251 2612/2906/2252 
f 2609/2903/2249 2603/2893/2243 2604/2896/2244 2612/2907/2252 
f 2612/2907/2252 1782/2047/1422 1787/2052/1427 2609/2903/2249 
f 2612/2906/2252 2611/2905/2251 1783/2908/1423 1782/2909/1422 
f 1793/2058/1433 1794/2059/1434 2613/2910/2253 2596/2886/2236 
f 2614/2911/2254 2593/2883/2233 2596/2886/2236 2613/2910/2253 
f 2615/2912/2255 2616/2913/2256 2614/2911/2254 2613/2910/2253 
f 2613/2910/2253 1794/2059/1434 1796/2061/1436 2615/2912/2255 
f 2617/2914/2257 2592/2882/2232 2593/2883/2233 2614/2911/2254 
f 2618/2915/2258 2591/2881/2231 2592/2882/2232 2617/2914/2257 
f 2619/2916/2259 2618/2915/2258 2617/2914/2257 2620/2917/2260 
f 2620/2917/2260 2617/2914/2257 2614/2911/2254 2616/2913/2256 
f 2621/2918/2261 2620/2917/2260 2616/2913/2256 2622/2919/2262 
f 2619/2916/2259 2620/2917/2260 2621/2918/2261 2623/2920/2263 
f 2141/2417/1781 2623/2920/2263 2621/2918/2261 2138/2414/1778 
f 2621/2918/2261 2622/2919/2262 2135/2411/1775 2138/2414/1778 
f 2615/2912/2255 1796/2061/1436 1799/2064/1439 2624/2921/2264 
f 2616/2913/2256 2615/2912/2255 2624/2921/2264 2622/2919/2262 
f 2135/2411/1775 2622/2919/2262 2624/2921/2264 2132/2408/1772 
f 1799/2064/1439 1801/2066/1441 2132/2408/1772 2624/2921/2264 
f 2502/2787/2142 2304/2585/1944 2303/2584/1943 2625/2922/2265 
f 2500/2785/2140 2502/2787/2142 2625/2922/2265 2626/2923/2266 
f 2625/2922/2265 2627/2924/2267 2628/2925/2268 2626/2923/2266 
f 2306/2587/1946 2627/2924/2267 2625/2922/2265 2303/2584/1943 
f 2629/2926/2269 2499/2784/2139 2500/2785/2140 2626/2923/2266 
f 2630/2927/2270 2498/2783/2138 2499/2784/2139 2629/2926/2269 
f 2631/2928/2271 2630/2927/2270 2629/2926/2269 2632/2929/2272 
f 2629/2926/2269 2626/2923/2266 2628/2925/2268 2632/2929/2272 
f 2633/2930/2273 2634/2931/2274 2635/2932/2275 2636/2933/2276 
f 2637/2934/2277 2636/2933/2276 2635/2932/2275 2638/2935/2278 
f 2639/2936/2279 2638/2935/2278 2635/2932/2275 2640/2937/2280 
f 2641/2938/2281 2640/2937/2280 2635/2932/2275 2634/2931/2274 
f 2642/2939/2282 2643/2940/2283 2637/2934/2277 2638/2935/2278 
f 2644/2941/2284 2643/2940/2283 2642/2939/2282 2645/2942/2285 
f 2646/2943/2286 2645/2942/2285 2642/2939/2282 2647/2944/2287 
f 2638/2935/2278 2639/2936/2279 2647/2944/2287 2642/2939/2282 
f 2648/2945/2288 2647/2944/2287 2639/2936/2279 2649/2946/2289 
f 2650/2947/2290 2646/2943/2286 2647/2944/2287 2648/2945/2288 
f 2650/2947/2290 2648/2945/2288 2651/2948/2291 2652/2949/2292 
f 2653/2950/2293 2651/2948/2291 2648/2945/2288 2649/2946/2289 
f 2641/2938/2281 2654/2951/2294 2655/2952/2295 2640/2937/2280 
f 2639/2936/2279 2640/2937/2280 2655/2952/2295 2649/2946/2289 
f 2655/2952/2295 2656/2953/2296 2653/2950/2293 2649/2946/2289 
f 2656/2953/2296 2655/2952/2295 2654/2951/2294 2657/2954/2297 
f 2658/2955/2298 2659/2956/2299 1846/2111/1486 2660/2957/2300 
f 2659/2956/2299 2658/2955/2298 2661/2958/2301 2662/2959/2302 
f 2661/2958/2301 2658/2955/2298 2663/2960/2303 2664/2961/2304 
f 2660/2957/2300 2665/2962/2305 2663/2960/2303 2658/2955/2298 
f 2666/2963/2306 2285/2566/1925 2667/2964/2307 2668/2965/2308 
f 2666/2963/2306 2668/2965/2308 2669/2966/2309 2670/2967/2310 
f 2661/2958/2301 2664/2961/2304 2669/2966/2309 2668/2965/2308 
f 2667/2964/2307 2662/2959/2302 2661/2958/2301 2668/2965/2308 
f 2671/2968/2311 2672/2969/2312 1539/1798/1179 2673/2970/2313 
f 2672/2969/2312 2671/2968/2311 2663/2960/2303 2665/2962/2305 
f 2669/2966/2309 2664/2961/2304 2663/2960/2303 2671/2968/2311 
f 2673/2970/2313 2670/2967/2310 2669/2966/2309 2671/2968/2311 
f 2674/2971/2314 1829/2094/1469 2675/2972/2315 2676/2973/2316 
f 2677/2974/2317 2678/2975/2318 2674/2971/2314 2676/2973/2316 
f 2679/2976/2319 2680/2977/2320 2677/2974/2317 2676/2973/2316 
f 2675/2972/2315 2681/2978/2321 2679/2976/2319 2676/2973/2316 
f 2682/2979/2322 2678/2975/2318 2677/2974/2317 2683/2980/2323 
f 2684/2981/2324 2073/2349/1713 2682/2982/2322 2683/2983/2323 
f 2685/2984/2325 2686/2985/2326 2684/2981/2324 2683/2983/2323 
f 2683/2980/2323 2677/2974/2317 2680/2977/2320 2685/2986/2325 
f 2687/2987/2327 2685/2986/2325 2680/2977/2320 2688/2988/2328 
f 2685/2984/2325 2687/2989/2327 2689/2990/2329 2686/2985/2326 
f 2689/2990/2329 2687/2989/2327 2690/2991/2330 2294/2575/1934 
f 2688/2988/2328 2691/2992/2331 2690/2993/2330 2687/2987/2327 
f 2692/2994/2332 2693/2995/2333 2679/2976/2319 2681/2978/2321 
f 2679/2976/2319 2693/2995/2333 2688/2988/2328 2680/2977/2320 
f 2694/2996/2334 2691/2997/2331 2688/2988/2328 2693/2995/2333 
f 2693/2995/2333 2692/2994/2332 2695/2998/2335 2694/2996/2334 
f 2696/2999/2336 2697/3000/2337 1649/1908/1289 2698/3001/2338 
f 2697/3000/2337 2696/2999/2336 2699/3002/2339 2700/3003/2340 
f 2699/3002/2339 2696/2999/2336 2701/3004/2341 2702/3005/2342 
f 2701/3004/2341 2696/2999/2336 2698/3001/2338 2703/3006/2343 
f 2704/3007/2344 1821/2086/1461 2705/3008/2345 2706/3009/2346 
f 2704/3010/2344 2706/3011/2346 2707/3012/2347 2708/3013/2348 
f 2707/3012/2347 2706/3011/2346 2699/3014/2339 2702/3015/2342 
f 2705/3016/2345 2700/3003/2340 2699/3002/2339 2706/3017/2346 
f 2709/3018/2349 2710/3019/2350 2529/2814/2169 2711/3020/2351 
f 2701/3021/2341 2703/3022/2343 2710/3019/2350 2709/3018/2349 
f 2702/3015/2342 2701/3021/2341 2709/3018/2349 2707/3012/2347 
f 2711/3020/2351 2708/3013/2348 2707/3012/2347 2709/3018/2349 
f 2712/3023/2352 2713/3024/2353 2714/3025/2354 2715/3026/2355 
f 2713/3024/2353 2712/3023/2352 2716/3027/2356 2717/3028/2357 
f 2718/3029/2358 2716/3027/2356 2712/3023/2352 2719/3030/2359 
f 2719/3030/2359 2712/3023/2352 2715/3026/2355 2720/3031/2360 
f 2716/3027/2356 2721/3032/2361 2722/3033/2362 2717/3028/2357 
f 2722/3033/2362 2721/3032/2361 2723/3034/2363 1783/2908/1423 
f 2724/3035/2364 2725/3036/2365 2723/3034/2363 2721/3032/2361 
f 2724/3035/2364 2721/3032/2361 2716/3027/2356 2718/3029/2358 
f 2726/3037/2366 2724/3035/2364 2718/3029/2358 2727/3038/2367 
f 2724/3035/2364 2726/3037/2366 2728/3039/2368 2725/3036/2365 
f 2291/2572/1931 2728/3039/2368 2726/3037/2366 2729/3040/2369 
f 2727/3038/2367 2730/3041/2370 2729/3040/2369 2726/3037/2366 
f 2719/3030/2359 2720/3031/2360 2731/3042/2371 2732/3043/2372 
f 2718/3029/2358 2719/3030/2359 2732/3043/2372 2727/3038/2367 
f 2733/3044/2373 2730/3041/2370 2727/3038/2367 2732/3043/2372 
f 2731/3042/2371 1839/2104/1479 2733/3044/2373 2732/3043/2372 
f 2734/3045/2374 1851/2116/1491 2735/3046/2375 2736/3047/2376 
f 2737/3048/2377 2738/3049/2378 2734/3045/2374 2736/3047/2376 
f 2739/3050/2379 2737/3048/2377 2736/3047/2376 2740/3051/2380 
f 2740/3051/2380 2736/3047/2376 2735/3046/2375 2741/3052/2381 
f 2742/3053/2382 2743/3054/2383 1529/1788/1169 2744/3055/2384 
f 2745/3056/2385 2746/3057/2386 2743/3054/2383 2742/3053/2382 
f 2745/3056/2385 2742/3053/2382 2737/3048/2377 2739/3050/2379 
f 2737/3048/2377 2742/3053/2382 2744/3055/2384 2738/3049/2378 
f 2747/3058/2387 2084/3059/1724 2748/3060/2388 2749/3061/2389 
f 2740/3051/2380 2741/3052/2381 2747/3058/2387 2749/3061/2389 
f 2749/3061/2389 2745/3056/2385 2739/3050/2379 2740/3051/2380 
f 2745/3056/2385 2749/3061/2389 2748/3060/2388 2746/3057/2386 
f 2750/3062/2390 1475/3063/1115 2751/3064/2391 2752/3065/2392 
f 2753/3066/2393 2754/3067/2394 2750/3062/2390 2752/3068/2392 
f 2755/3069/2395 2753/3070/2393 2752/3071/2392 2756/3072/2396 
f 2751/3073/2391 2757/3074/2397 2756/3072/2396 2752/3071/2392 
f 2758/3075/2398 2759/3076/2399 1658/1917/1298 2760/3077/2400 
f 2761/3078/2401 2762/3079/2402 2759/3076/2399 2758/3075/2398 
f 2753/3066/2393 2755/3080/2395 2761/3078/2401 2758/3075/2398 
f 2760/3077/2400 2754/3067/2394 2753/3066/2393 2758/3075/2398 
f 2763/3081/2403 2764/3082/2404 2552/2837/2192 2765/3083/2405 
f 2764/3082/2404 2763/3081/2403 2756/3072/2396 2757/3074/2397 
f 2756/3072/2396 2763/3081/2403 2761/3084/2401 2755/3069/2395 
f 2763/3081/2403 2765/3083/2405 2762/3085/2402 2761/3084/2401 
f 2633/2930/2273 2766/3086/2406 2767/3087/2407 2768/3088/2408 
f 2769/3089/2409 2770/3090/2410 2768/3091/2408 2767/3092/2407 
f 2771/3093/2411 2769/3089/2409 2767/3092/2407 2772/3094/2412 
f 2766/3086/2406 2773/3095/2413 2772/3096/2412 2767/3087/2407 
f 2774/3097/2414 2775/3098/2415 2770/3090/2410 2769/3089/2409 
f 2540/2825/2180 2775/3098/2415 2774/3097/2414 2776/3099/2416 
f 2777/3100/2417 2776/3099/2416 2774/3097/2414 2778/3101/2418 
f 2778/3101/2418 2774/3097/2414 2769/3089/2409 2771/3093/2411 
f 2779/3102/2419 2778/3101/2418 2771/3093/2411 2780/3103/2420 
f 2781/3104/2421 2777/3100/2417 2778/3101/2418 2779/3102/2419 
f 2148/2424/1788 2781/3105/2421 2779/3106/2419 2782/3107/2422 
f 2780/3108/2420 2783/3109/2423 2782/3107/2422 2779/3106/2419 
f 2784/3110/2424 2785/3111/2425 2772/3096/2412 2773/3095/2413 
f 2771/3112/2411 2772/3096/2412 2785/3111/2425 2780/3113/2420 
f 2785/3111/2425 2786/3114/2426 2783/3115/2423 2780/3113/2420 
f 2786/3114/2426 2785/3111/2425 2784/3110/2424 2461/2746/2101 
f 2787/3116/2427 2788/3117/2428 2527/2812/2167 2789/3118/2429 
f 2790/3119/2430 2791/3120/2431 2788/3117/2428 2787/3116/2427 
f 2792/3121/2432 2793/3122/2433 2790/3119/2430 2787/3116/2427 
f 2789/3118/2429 2794/3123/2434 2792/3121/2432 2787/3116/2427 
f 2795/3124/2435 2796/3125/2436 2791/3120/2431 2790/3119/2430 
f 2797/3126/2437 2411/2696/2051 2796/3125/2436 2795/3124/2435 
f 2798/3127/2438 2797/3126/2437 2795/3124/2435 2799/3128/2439 
f 2799/3128/2439 2795/3124/2435 2790/3119/2430 2793/3122/2433 
f 2800/3129/2440 2799/3130/2439 2793/3131/2433 2801/3132/2441 
f 2802/3133/2442 2798/3134/2438 2799/3130/2439 2800/3129/2440 
f 2439/3135/2079 2802/3133/2442 2800/3129/2440 2803/3136/2443 
f 2801/3132/2441 2804/3137/2444 2803/3136/2443 2800/3129/2440 
f 2805/3138/2445 2792/3139/2432 2794/3140/2434 2806/3141/2446 
f 2801/3132/2441 2793/3131/2433 2792/3139/2432 2805/3138/2445 
f 2807/3142/2447 2804/3137/2444 2801/3132/2441 2805/3138/2445 
f 2806/3141/2446 2141/2417/1781 2807/3142/2447 2805/3138/2445 
f 2808/3143/2448 2436/2721/2076 2809/3144/2449 2810/3145/2450 
f 2811/3146/2451 2812/3147/2452 2808/3143/2448 2810/3145/2450 
f 2813/3148/2453 2811/3146/2451 2810/3145/2450 2814/3149/2454 
f 2809/3144/2449 2815/3150/2455 2814/3149/2454 2810/3145/2450 
f 2816/3151/2456 2817/3152/2457 2644/2941/2284 2818/3153/2458 
f 2819/3154/2459 2820/3155/2460 2817/3152/2457 2816/3151/2456 
f 2816/3156/2456 2811/3157/2451 2813/3158/2453 2819/3159/2459 
f 2816/3156/2456 2818/3160/2458 2812/3161/2452 2811/3157/2451 
f 2821/3162/2461 2822/3163/2462 2456/2741/2096 2823/3164/2463 
f 2822/3165/2462 2821/3166/2461 2814/3167/2454 2815/3168/2455 
f 2813/3169/2453 2814/3167/2454 2821/3166/2461 2819/3170/2459 
f 2821/3162/2461 2823/3164/2463 2820/3155/2460 2819/3154/2459 
f 2824/3171/2464 2825/3172/2465 2414/2699/2054 2826/3173/2466 
f 2825/3172/2465 2824/3171/2464 2827/3174/2467 2828/3175/2468 
f 2827/3174/2467 2824/3171/2464 2829/3176/2469 2830/3177/2470 
f 2826/3173/2466 2831/3178/2471 2829/3176/2469 2824/3171/2464 
f 2832/3179/2472 2448/3180/2088 2833/3181/2473 2834/3182/2474 
f 2835/3183/2475 2836/3184/2476 2832/3179/2472 2834/3182/2474 
f 2835/3185/2475 2834/3186/2474 2827/3174/2467 2830/3177/2470 
f 2833/3187/2473 2828/3175/2468 2827/3174/2467 2834/3186/2474 
f 2837/3188/2477 2405/2690/2045 2838/3189/2478 2839/3190/2479 
f 2837/3188/2477 2839/3190/2479 2829/3176/2469 2831/3178/2471 
f 2829/3176/2469 2839/3190/2479 2835/3185/2475 2830/3177/2470 
f 2839/3190/2479 2838/3189/2478 2836/3191/2476 2835/3185/2475 
f 2840/3192/2480 2398/2683/2038 2841/3193/2481 2842/3194/2482 
f 2840/3192/2480 2842/3194/2482 2843/3195/2483 2844/3196/2484 
f 2843/3195/2483 2842/3194/2482 2845/3197/2485 2846/3198/2486 
f 2841/3193/2481 2847/3199/2487 2845/3197/2485 2842/3194/2482 
f 2848/3200/2488 2849/3201/2489 2480/2765/2120 2850/3202/2490 
f 2849/3201/2489 2848/3200/2488 2851/3203/2491 2852/3204/2492 
f 2851/3203/2491 2848/3200/2488 2843/3195/2483 2846/3198/2486 
f 2850/3202/2490 2844/3196/2484 2843/3195/2483 2848/3200/2488 
f 2424/2709/2064 2853/3205/2493 2854/3206/2494 2855/3207/2495 
f 2855/3207/2495 2854/3206/2494 2845/3197/2485 2847/3199/2487 
f 2845/3197/2485 2854/3206/2494 2851/3203/2491 2846/3198/2486 
f 2853/3205/2493 2852/3204/2492 2851/3203/2491 2854/3206/2494 
f 2387/2672/2027 2856/3208/2496 2857/3209/2497 2858/3210/2498 
f 2859/3211/2499 2860/3212/2500 2858/3210/2498 2857/3209/2497 
f 2857/3209/2497 2861/3213/2501 2862/3214/2502 2859/3211/2499 
f 2856/3208/2496 2863/3215/2503 2861/3213/2501 2857/3209/2497 
f 2864/3216/2504 2865/3217/2505 2860/3212/2500 2859/3211/2499 
f 2865/3217/2505 2864/3216/2504 2866/3218/2506 2521/2806/2161 
f 2867/3219/2507 2868/3220/2508 2866/3218/2506 2864/3216/2504 
f 2859/3211/2499 2862/3214/2502 2867/3219/2507 2864/3216/2504 
f 2867/3219/2507 2862/3214/2502 2869/3221/2509 2870/3222/2510 
f 2867/3219/2507 2870/3222/2510 2871/3223/2511 2868/3220/2508 
f 2352/3224/1992 2871/3223/2511 2870/3222/2510 2872/3225/2512 
f 2869/3221/2509 2873/3226/2513 2872/3225/2512 2870/3222/2510 
f 2874/3227/2514 2875/3228/2515 2861/3213/2501 2863/3215/2503 
f 2869/3221/2509 2862/3214/2502 2861/3213/2501 2875/3228/2515 
f 2876/3229/2516 2873/3226/2513 2869/3221/2509 2875/3228/2515 
f 2876/3229/2516 2875/3228/2515 2874/3227/2514 2486/2771/2126 
f 2430/2715/2070 2877/3230/2517 2878/3231/2518 2879/3232/2519 
f 2879/3232/2519 2878/3231/2518 2880/3233/2520 2881/3234/2521 
f 2882/3235/2522 2880/3233/2520 2878/3231/2518 2883/3236/2523 
f 2877/3230/2517 2884/3237/2524 2883/3236/2523 2878/3231/2518 
f 2885/3238/2525 2886/3239/2526 2473/2758/2113 2887/3240/2527 
f 2886/3241/2526 2885/3242/2525 2888/3243/2528 2889/3244/2529 
f 2885/3238/2525 2880/3233/2520 2882/3235/2522 2888/3245/2528 
f 2880/3233/2520 2885/3238/2525 2887/3240/2527 2881/3234/2521 
f 2890/3246/2530 2891/3247/2531 2652/2949/2292 2892/3248/2532 
f 2891/3249/2531 2890/3250/2530 2883/3251/2523 2884/3252/2524 
f 2882/3253/2522 2883/3251/2523 2890/3250/2530 2888/3243/2528 
f 2892/3254/2532 2889/3244/2529 2888/3243/2528 2890/3250/2530 
f 2893/3255/2533 2894/3256/2534 2346/2627/1986 2895/3257/2535 
f 2894/3258/2534 2893/3259/2533 2896/3260/2536 2897/3261/2537 
f 2896/3260/2536 2893/3259/2533 2898/3262/2538 2899/3263/2539 
f 2895/3257/2535 2900/3264/2540 2898/3265/2538 2893/3255/2533 
f 2896/3260/2536 2901/3266/2541 2902/3267/2542 2897/3261/2537 
f 2902/3267/2542 2901/3266/2541 2903/3268/2543 2547/2832/2187 
f 2904/3269/2544 2905/3270/2545 2903/3268/2543 2901/3266/2541 
f 2904/3269/2544 2901/3266/2541 2896/3260/2536 2899/3263/2539 
f 2906/3271/2546 2904/3269/2544 2899/3263/2539 2907/3272/2547 
f 2904/3269/2544 2906/3271/2546 2908/3273/2548 2905/3270/2545 
f 2908/3274/2548 2906/3275/2546 2909/3276/2549 2657/2954/2297 
f 2907/3272/2547 2910/3277/2550 2909/3278/2549 2906/3271/2546 
f 2911/3279/2551 2912/3280/2552 2898/3265/2538 2900/3264/2540 
f 2907/3272/2547 2899/3263/2539 2898/3262/2538 2912/3281/2552 
f 2913/3282/2553 2910/3283/2550 2907/3284/2547 2912/3280/2552 
f 2912/3285/2552 2911/3286/2551 2464/2749/2104 2913/3287/2553 
f 2914/3288/2554 1879/2144/1519 1589/1848/1229 2915/3289/2555 
f 1879/2144/1519 2914/3288/2554 2916/3290/2556 1876/2141/1516 
f 2917/3291/2557 2916/3290/2556 2914/3288/2554 2918/3292/2558 
f 2918/3292/2558 2914/3288/2554 2915/3289/2555 2919/3293/2559 
f 2916/3290/2556 2920/3294/2560 1874/2139/1514 1876/2141/1516 
f 2921/3295/2561 1776/2041/1416 1874/2139/1514 2920/3294/2560 
f 2922/3296/2562 2923/3297/2563 2921/3295/2561 2920/3294/2560 
f 2922/3296/2562 2920/3294/2560 2916/3290/2556 2917/3291/2557 
f 2924/3298/2564 2925/3299/2565 2922/3296/2562 2917/3291/2557 
f 2922/3296/2562 2925/3299/2565 2926/3300/2566 2923/3297/2563 
f 2927/3301/2567 2926/3302/2566 2925/3303/2565 2928/3304/2568 
f 2924/3305/2564 2929/3306/2569 2928/3304/2568 2925/3303/2565 
f 2918/3292/2558 2919/3293/2559 2930/3307/2570 2931/3308/2571 
f 2917/3291/2557 2918/3292/2558 2931/3308/2571 2924/3298/2564 
f 2932/3309/2572 2929/3306/2569 2924/3305/2564 2931/3310/2571 
f 2932/3309/2572 2931/3310/2571 2930/3311/2570 2933/3312/2573 
f 1569/1828/1209 1570/1829/1210 2934/3313/2574 2935/3314/2575 
f 2936/3315/2576 1566/1825/1206 1569/1828/1209 2935/3314/2575 
f 2937/3316/2577 2938/3317/2578 2936/3318/2576 2935/3319/2575 
f 2934/3320/2574 2939/3321/2579 2937/3316/2577 2935/3319/2575 
f 2940/3322/2580 1564/1823/1204 1566/1825/1206 2936/3315/2576 
f 1563/1822/1203 1564/1823/1204 2940/3322/2580 2941/3323/2581 
f 2942/3324/2582 2943/3325/2583 2941/3326/2581 2940/3327/2580 
f 2936/3318/2576 2938/3317/2578 2942/3324/2582 2940/3327/2580 
f 2942/3324/2582 2938/3317/2578 2944/3328/2584 2945/3329/2585 
f 2946/3330/2586 2943/3325/2583 2942/3324/2582 2945/3329/2585 
f 2945/3329/2585 2947/3331/2587 2948/3332/2588 2946/3330/2586 
f 2944/3328/2584 2949/3333/2589 2947/3331/2587 2945/3329/2585 
f 2950/3334/2590 2951/3335/2591 2937/3316/2577 2939/3321/2579 
f 2937/3316/2577 2951/3335/2591 2944/3328/2584 2938/3317/2578 
f 2952/3336/2592 2949/3333/2589 2944/3328/2584 2951/3335/2591 
f 2952/3336/2592 2951/3335/2591 2950/3334/2590 2953/3337/2593 
f 2954/3338/2594 2955/3339/2595 2956/3340/2596 2957/3341/2597 
f 2957/3341/2597 2956/3340/2596 2958/3342/2598 2959/3343/2599 
f 2960/3344/2600 2961/3345/2601 2958/3342/2598 2956/3340/2596 
f 2960/3344/2600 2956/3340/2596 2955/3339/2595 2962/3346/2602 
f 2963/3347/2603 2964/3348/2604 2959/3343/2599 2958/3342/2598 
f 2946/3330/2586 2948/3332/2588 2964/3348/2604 2963/3347/2603 
f 2965/3349/2605 2943/3325/2583 2946/3330/2586 2963/3347/2603 
f 2965/3349/2605 2963/3347/2603 2958/3342/2598 2961/3345/2601 
f 2966/3350/2606 2965/3349/2605 2961/3345/2601 2967/3351/2607 
f 2965/3349/2605 2966/3350/2606 2941/3326/2581 2943/3325/2583 
f 1563/1822/1203 2941/3323/2581 2966/3352/2606 1729/1994/1369 
f 2967/3353/2607 1726/1991/1366 1729/1994/1369 2966/3352/2606 
f 2960/3344/2600 2962/3346/2602 2968/3354/2608 2969/3355/2609 
f 2960/3344/2600 2969/3355/2609 2967/3351/2607 2961/3345/2601 
f 2969/3356/2609 1724/1988/1364 1726/1991/1366 2967/3353/2607 
f 2969/3356/2609 2968/3357/2608 1710/1989/1350 1724/1988/1364 
f 2970/3358/2610 2124/2400/1764 2126/2402/1766 2971/3359/2611 
f 2124/2400/1764 2970/3358/2610 2972/3360/2612 2121/2397/1761 
f 2972/3360/2612 2970/3358/2610 2973/3361/2613 2974/3362/2614 
f 2971/3359/2611 2975/3363/2615 2973/3361/2613 2970/3358/2610 
f 2972/3360/2612 2976/3364/2616 2119/2395/1759 2121/2397/1761 
f 2118/2394/1758 2119/2395/1759 2976/3364/2616 2977/3365/2617 
f 2978/3366/2618 2979/3367/2619 2977/3365/2617 2976/3364/2616 
f 2978/3366/2618 2976/3364/2616 2972/3360/2612 2974/3362/2614 
f 2980/3368/2620 2978/3369/2618 2974/3362/2614 2981/3370/2621 
f 2978/3371/2618 2980/3372/2620 2982/3373/2622 2979/3374/2619 
f 1896/2161/1536 2982/3373/2622 2980/3372/2620 1894/2159/1534 
f 2981/3375/2621 1891/2156/1531 1894/2159/1534 2980/3372/2620 
f 2983/3376/2623 2984/3377/2624 2973/3361/2613 2975/3363/2615 
f 2981/3370/2621 2974/3362/2614 2973/3361/2613 2984/3377/2624 
f 1889/2154/1529 1891/2156/1531 2981/3375/2621 2984/3378/2624 
f 1889/2154/1529 2984/3378/2624 2983/3379/2623 1750/2015/1390 
f 2985/3380/2625 2986/3381/2626 2987/3382/2627 2988/3383/2628 
f 2989/3384/2629 2990/3385/2630 2986/3381/2626 2985/3380/2625 
f 2991/3386/2631 2989/3384/2629 2985/3380/2625 2992/3387/2632 
f 2992/3387/2632 2985/3380/2625 2988/3383/2628 2993/3388/2633 
f 2994/3389/2634 2995/3390/2635 2990/3385/2630 2989/3384/2629 
f 2996/3391/2636 2997/3392/2637 2995/3390/2635 2994/3389/2634 
f 2996/3391/2636 2994/3389/2634 2998/3393/2638 2999/3394/2639 
f 2989/3384/2629 2991/3386/2631 2998/3393/2638 2994/3389/2634 
f 3000/3395/2640 3001/3396/2641 2998/3393/2638 2991/3386/2631 
f 2999/3394/2639 2998/3393/2638 3001/3396/2641 3002/3397/2642 
f 1939/2204/1579 3002/3397/2642 3001/3396/2641 2054/2330/1694 
f 3000/3395/2640 2051/2327/1691 2054/2330/1694 3001/3396/2641 
f 3003/3398/2643 3004/3399/2644 2992/3387/2632 2993/3388/2633 
f 3000/3395/2640 2991/3386/2631 2992/3387/2632 3004/3399/2644 
f 3004/3399/2644 2049/2325/1689 2051/2327/1691 3000/3395/2640 
f 2049/2325/1689 3004/3399/2644 3003/3398/2643 2021/2297/1661 
f 3005/3400/2645 3006/3401/2646 3007/3402/2647 3008/3403/2648 
f 3005/3400/2645 3008/3403/2648 3009/3404/2649 3010/3405/2650 
f 3011/3406/2651 3009/3407/2649 3008/3408/2648 3012/3409/2652 
f 3008/3403/2648 3007/3402/2647 3013/3410/2653 3012/3411/2652 
f 3009/3404/2649 3014/3412/2654 3015/3413/2655 3010/3405/2650 
f 3015/3413/2655 3014/3412/2654 3016/3414/2656 3017/3415/2657 
f 3018/3416/2658 3019/3417/2659 3016/3418/2656 3014/3419/2654 
f 3009/3407/2649 3011/3406/2651 3018/3416/2658 3014/3419/2654 
f 3018/3416/2658 3011/3406/2651 3020/3420/2660 3021/3421/2661 
f 3018/3416/2658 3021/3421/2661 3022/3422/2662 3019/3417/2659 
f 1431/1690/1071 3022/3422/2662 3021/3421/2661 1429/1688/1069 
f 3020/3420/2660 1426/1685/1066 1429/1688/1069 3021/3421/2661 
f 3012/3409/2652 3013/3423/2653 3023/3424/2663 3024/3425/2664 
f 3011/3406/2651 3012/3409/2652 3024/3425/2664 3020/3420/2660 
f 1423/1682/1063 1426/1685/1066 3020/3420/2660 3024/3425/2664 
f 1423/1682/1063 3024/3425/2664 3023/3424/2663 1424/1683/1064 
f 3025/3426/2665 3026/3427/2666 3027/3428/2667 3028/3429/2668 
f 3028/3429/2668 3027/3428/2667 3029/3430/2669 3030/3431/2670 
f 3027/3428/2667 3031/3432/2671 3032/3433/2672 3029/3430/2669 
f 3026/3427/2666 3033/3434/2673 3031/3432/2671 3027/3428/2667 
f 3029/3430/2669 3034/3435/2674 3035/3436/2675 3030/3431/2670 
f 3035/3436/2675 3034/3435/2674 2988/3383/2628 2987/3382/2627 
f 3036/3437/2676 2993/3388/2633 2988/3383/2628 3034/3435/2674 
f 3029/3430/2669 3032/3433/2672 3036/3437/2676 3034/3435/2674 
f 3036/3437/2676 3032/3433/2672 3037/3438/2677 3038/3439/2678 
f 3036/3437/2676 3038/3439/2678 3003/3398/2643 2993/3388/2633 
f 3003/3398/2643 3038/3439/2678 2019/2295/1659 2021/2297/1661 
f 3037/3438/2677 2016/2292/1656 2019/2295/1659 3038/3439/2678 
f 3039/3440/2679 3040/3441/2680 3031/3432/2671 3033/3434/2673 
f 3031/3432/2671 3040/3441/2680 3037/3438/2677 3032/3433/2672 
f 2014/2290/1654 2016/2292/1656 3037/3438/2677 3040/3441/2680 
f 2014/2290/1654 3040/3441/2680 3039/3440/2679 1620/1879/1260 
f 3041/3442/2681 1619/1878/1259 1620/1879/1260 3039/3440/2679 
f 1619/1878/1259 3041/3442/2681 3042/3443/2682 1616/1875/1256 
f 3043/3444/2683 3044/3445/2684 3042/3443/2682 3041/3442/2681 
f 3039/3440/2679 3033/3434/2673 3043/3444/2683 3041/3442/2681 
f 3042/3443/2682 3045/3446/2685 1614/1873/1254 1616/1875/1256 
f 3046/3447/2686 1613/1872/1253 1614/1873/1254 3045/3446/2685 
f 3047/3448/2687 3048/3449/2688 3046/3447/2686 3045/3446/2685 
f 3047/3448/2687 3045/3446/2685 3042/3443/2682 3044/3445/2684 
f 3049/3450/2689 3050/3451/2690 3047/3448/2687 3044/3445/2684 
f 3047/3448/2687 3050/3451/2690 3051/3452/2691 3048/3449/2688 
f 3051/3452/2691 3050/3451/2690 3052/3453/2692 3053/3454/2693 
f 3049/3450/2689 3054/3455/2694 3052/3453/2692 3050/3451/2690 
f 3026/3427/2666 3055/3456/2695 3043/3444/2683 3033/3434/2673 
f 3049/3450/2689 3044/3445/2684 3043/3444/2683 3055/3456/2695 
f 3056/3457/2696 3054/3455/2694 3049/3450/2689 3055/3456/2695 
f 3055/3456/2695 3026/3427/2666 3025/3426/2665 3056/3457/2696 
f 2039/2315/1679 1999/2269/1639 3057/3458/2697 3058/3459/2698 
f 3059/3460/2699 2036/2312/1676 2039/2315/1679 3058/3459/2698 
f 3060/3461/2700 3061/3462/2701 3059/3460/2699 3058/3459/2698 
f 3057/3458/2697 3062/3463/2702 3060/3461/2700 3058/3459/2698 
f 3063/3464/2703 2034/2310/1674 2036/2312/1676 3059/3460/2699 
f 1431/1690/1071 2034/2310/1674 3063/3464/2703 3022/3422/2662 
f 3019/3417/2659 3022/3422/2662 3063/3464/2703 3064/3465/2704 
f 3059/3460/2699 3061/3462/2701 3064/3465/2704 3063/3464/2703 
f 3064/3465/2704 3061/3462/2701 3065/3466/2705 3066/3467/2706 
f 3016/3418/2656 3019/3417/2659 3064/3465/2704 3066/3467/2706 
f 3017/3415/2657 3016/3414/2656 3066/3468/2706 3067/3469/2707 
f 3065/3470/2705 3068/3471/2708 3067/3469/2707 3066/3468/2706 
f 3069/3472/2709 3070/3473/2710 3060/3474/2700 3062/3475/2702 
f 3065/3466/2705 3061/3462/2701 3060/3461/2700 3070/3476/2710 
f 3071/3477/2711 3068/3471/2708 3065/3470/2705 3070/3473/2710 
f 3071/3477/2711 3070/3473/2710 3069/3472/2709 3072/3478/2712 
f 3073/3479/2713 3074/3480/2714 3075/3481/2715 3076/3482/2716 
f 3074/3480/2714 3073/3479/2713 3077/3483/2717 3078/3484/2718 
f 3079/3485/2719 3080/3486/2720 3077/3483/2717 3073/3479/2713 
f 3076/3482/2716 3081/3487/2721 3079/3485/2719 3073/3479/2713 
f 3077/3483/2717 3082/3488/2722 3083/3489/2723 3078/3484/2718 
f 3083/3489/2723 3082/3488/2722 3051/3452/2691 3053/3454/2693 
f 3084/3490/2724 3048/3449/2688 3051/3452/2691 3082/3488/2722 
f 3077/3483/2717 3080/3486/2720 3084/3490/2724 3082/3488/2722 
f 3085/3491/2725 3084/3490/2724 3080/3486/2720 3086/3492/2726 
f 3084/3490/2724 3085/3491/2725 3046/3447/2686 3048/3449/2688 
f 1613/1872/1253 3046/3447/2686 3085/3491/2725 1864/2129/1504 
f 3086/3492/2726 1861/2126/1501 1864/2129/1504 3085/3491/2725 
f 3087/3493/2727 3088/3494/2728 3079/3485/2719 3081/3487/2721 
f 3079/3485/2719 3088/3494/2728 3086/3492/2726 3080/3486/2720 
f 1859/2124/1499 1861/2126/1501 3086/3492/2726 3088/3494/2728 
f 3087/3493/2727 1526/1785/1166 1859/2124/1499 3088/3494/2728 
f 2004/2276/1644 1521/1780/1161 3089/3495/2729 3090/3496/2730 
f 2004/2274/1644 3090/3497/2730 3091/3498/2731 2001/2271/1641 
f 3091/3498/2731 3090/3497/2730 3092/3499/2732 3093/3500/2733 
f 3090/3496/2730 3089/3495/2729 3094/3501/2734 3092/3502/2732 
f 3095/3503/2735 1998/2268/1638 2001/2271/1641 3091/3498/2731 
f 1998/2268/1638 3095/3503/2735 3057/3458/2697 1999/2269/1639 
f 3096/3504/2736 3062/3463/2702 3057/3458/2697 3095/3503/2735 
f 3096/3504/2736 3095/3503/2735 3091/3498/2731 3093/3500/2733 
f 3097/3505/2737 3096/3506/2736 3093/3507/2733 3098/3508/2738 
f 3096/3506/2736 3097/3505/2737 3069/3472/2709 3062/3475/2702 
f 3072/3478/2712 3069/3472/2709 3097/3505/2737 3099/3509/2739 
f 3098/3508/2738 3100/3510/2740 3099/3509/2739 3097/3505/2737 
f 3092/3502/2732 3094/3501/2734 3101/3511/2741 3102/3512/2742 
f 3098/3508/2738 3093/3507/2733 3092/3502/2732 3102/3512/2742 
f 3102/3512/2742 3103/3513/2743 3100/3510/2740 3098/3508/2738 
f 3103/3513/2743 3102/3512/2742 3101/3511/2741 3104/3514/2744 
f 3105/3515/2745 3106/3516/2746 2118/2394/1758 2977/3365/2617 
f 3107/3517/2747 3108/3518/2748 3106/3516/2746 3105/3515/2745 
f 3109/3519/2749 3107/3517/2747 3105/3515/2745 3110/3520/2750 
f 3105/3515/2745 2977/3365/2617 2979/3367/2619 3110/3520/2750 
f 3111/3521/2751 3112/3522/2752 3108/3518/2748 3107/3517/2747 
f 3112/3522/2752 3111/3521/2751 3113/3523/2753 3114/3524/2754 
f 3113/3523/2753 3111/3521/2751 3115/3525/2755 3116/3526/2756 
f 3107/3517/2747 3109/3519/2749 3115/3525/2755 3111/3521/2751 
f 3115/3527/2755 3109/3528/2749 3117/3529/2757 3118/3530/2758 
f 3116/3531/2756 3115/3527/2755 3118/3530/2758 3119/3532/2759 
f 1448/1707/1088 3119/3532/2759 3118/3530/2758 2069/2345/1709 
f 3117/3529/2757 2066/2342/1706 2069/2345/1709 3118/3530/2758 
f 3110/3533/2750 2979/3374/2619 2982/3373/2622 3120/3534/2760 
f 3110/3533/2750 3120/3534/2760 3117/3529/2757 3109/3528/2749 
f 3120/3534/2760 2064/2340/1704 2066/2342/1706 3117/3529/2757 
f 2064/2340/1704 3120/3534/2760 2982/3373/2622 1896/2161/1536 
f 3121/3535/2761 3114/3524/2754 3113/3523/2753 3122/3536/2762 
f 3121/3535/2761 3122/3536/2762 3123/3537/2763 3124/3538/2764 
f 3125/3539/2765 3123/3537/2763 3122/3536/2762 3126/3540/2766 
f 3113/3523/2753 3116/3526/2756 3126/3540/2766 3122/3536/2762 
f 3123/3537/2763 3127/3541/2767 3128/3542/2768 3124/3538/2764 
f 3007/3402/2647 3006/3401/2646 3128/3542/2768 3127/3541/2767 
f 3007/3402/2647 3127/3541/2767 3129/3543/2769 3013/3410/2653 
f 3123/3537/2763 3125/3539/2765 3129/3543/2769 3127/3541/2767 
f 3130/3544/2770 3131/3545/2771 3129/3546/2769 3125/3547/2765 
f 3013/3423/2653 3129/3546/2769 3131/3545/2771 3023/3424/2663 
f 1424/1683/1064 3023/3424/2663 3131/3545/2771 1454/1713/1094 
f 3130/3544/2770 1451/1710/1091 1454/1713/1094 3131/3545/2771 
f 3119/3532/2759 3132/3548/2772 3126/3549/2766 3116/3531/2756 
f 3130/3544/2770 3125/3547/2765 3126/3549/2766 3132/3548/2772 
f 1449/1708/1089 1451/1710/1091 3130/3544/2770 3132/3548/2772 
f 3132/3548/2772 3119/3532/2759 1448/1707/1088 1449/1708/1089 
f 1882/2147/1522 1756/2021/1396 3133/3550/2773 3134/3551/2774 
f 1882/2147/1522 3134/3551/2774 3135/3552/2775 1887/2152/1527 
f 3136/3553/2776 3137/3554/2777 3135/3552/2775 3134/3551/2774 
f 3133/3550/2773 3138/3555/2778 3136/3553/2776 3134/3551/2774 
f 3135/3552/2775 3139/3556/2779 1898/2163/1538 1887/2152/1527 
f 1901/2166/1541 1898/2163/1538 3139/3556/2779 3140/3557/2780 
f 3140/3557/2780 3139/3556/2779 3141/3558/2781 3142/3559/2782 
f 3139/3556/2779 3135/3552/2775 3137/3554/2777 3141/3558/2781 
f 3141/3558/2781 3137/3554/2777 3143/3560/2783 3144/3561/2784 
f 3141/3558/2781 3144/3561/2784 3145/3562/2785 3142/3559/2782 
f 3145/3562/2785 3144/3561/2784 1460/1719/1100 1459/1718/1099 
f 3143/3560/2783 1465/1724/1105 1460/1719/1100 3144/3561/2784 
f 3146/3563/2786 3147/3564/2787 3136/3553/2776 3138/3555/2778 
f 3143/3560/2783 3137/3554/2777 3136/3553/2776 3147/3564/2787 
f 1478/1737/1118 1465/1724/1105 3143/3560/2783 3147/3564/2787 
f 3146/3563/2786 1481/1740/1121 1478/1737/1118 3147/3564/2787 
f 2026/2302/1666 3148/3565/2788 3149/3566/2789 2043/2319/1683 
f 2043/2319/1683 3149/3566/2789 3150/3567/2790 2047/2323/1687 
f 3150/3567/2790 3149/3566/2789 3151/3568/2791 3152/3569/2792 
f 3148/3565/2788 3153/3570/2793 3151/3568/2791 3149/3566/2789 
f 2047/2323/1687 3150/3567/2790 3154/3571/2794 2055/2331/1695 
f 3155/3572/2795 1927/2192/1567 2055/2331/1695 3154/3571/2794 
f 3155/3572/2795 3154/3571/2794 3156/3573/2796 3157/3574/2797 
f 3156/3573/2796 3154/3571/2794 3150/3567/2790 3152/3569/2792 
f 3156/3575/2796 3152/3576/2792 3158/3577/2798 3159/3578/2799 
f 3157/3574/2797 3156/3579/2796 3159/3580/2799 3160/3581/2800 
f 3160/3582/2800 3159/3578/2799 1867/2132/1507 1781/2046/1421 
f 3158/3577/2798 1872/2137/1512 1867/2132/1507 3159/3578/2799 
f 3161/3583/2801 3162/3584/2802 3151/3585/2791 3153/3586/2793 
f 3158/3577/2798 3152/3576/2792 3151/3585/2791 3162/3584/2802 
f 3162/3584/2802 1880/2145/1520 1872/2137/1512 3158/3577/2798 
f 1880/2145/1520 3162/3584/2802 3161/3583/2801 1577/1836/1217 
f 2007/2283/1647 1626/1885/1266 3163/3587/2803 3164/3588/2804 
f 2007/2283/1647 3164/3588/2804 3165/3589/2805 2012/2288/1652 
f 3164/3588/2804 3166/3590/2806 3167/3591/2807 3165/3589/2805 
f 3163/3587/2803 3168/3592/2808 3166/3590/2806 3164/3588/2804 
f 3165/3589/2805 3169/3593/2809 2023/2299/1663 2012/2288/1652 
f 2026/2302/1666 2023/2299/1663 3169/3593/2809 3148/3565/2788 
f 3153/3570/2793 3148/3565/2788 3169/3593/2809 3170/3594/2810 
f 3169/3593/2809 3165/3589/2805 3167/3591/2807 3170/3594/2810 
f 3170/3595/2810 3167/3596/2807 3171/3597/2811 3172/3598/2812 
f 3153/3586/2793 3170/3595/2810 3172/3598/2812 3161/3583/2801 
f 3161/3583/2801 3172/3598/2812 1578/1837/1218 1577/1836/1217 
f 3171/3597/2811 1585/1844/1225 1578/1837/1218 3172/3598/2812 
f 3173/3599/2813 3174/3600/2814 3166/3601/2806 3168/3602/2808 
f 3171/3597/2811 3167/3596/2807 3166/3601/2806 3174/3600/2814 
f 1598/1857/1238 1585/1844/1225 3171/3597/2811 3174/3600/2814 
f 1598/1857/1238 3174/3600/2814 3173/3599/2813 1601/1860/1241 
f 1627/1886/1267 1601/1860/1241 3173/3599/2813 3175/3603/2815 
f 1627/1886/1267 3175/3603/2815 3176/3604/2816 1632/1891/1272 
f 3177/3605/2817 3176/3604/2816 3175/3603/2815 3178/3606/2818 
f 3175/3603/2815 3173/3599/2813 3168/3602/2808 3178/3606/2818 
f 3176/3604/2816 3179/3607/2819 1643/1902/1283 1632/1891/1272 
f 1643/1902/1283 3179/3607/2819 3180/3608/2820 1646/1905/1286 
f 3181/3609/2821 3182/3610/2822 3180/3608/2820 3179/3607/2819 
f 3179/3607/2819 3176/3604/2816 3177/3605/2817 3181/3609/2821 
f 3183/3611/2823 3181/3612/2821 3177/3613/2817 3184/3614/2824 
f 3181/3612/2821 3183/3611/2823 3185/3615/2825 3182/3616/2822 
f 3185/3615/2825 3183/3611/2823 1603/1862/1243 1602/1861/1242 
f 3184/3614/2824 1610/1869/1250 1603/1862/1243 3183/3611/2823 
f 3178/3617/2818 3168/3592/2808 3163/3587/2803 3186/3618/2826 
f 3184/3614/2824 3177/3613/2817 3178/3617/2818 3186/3618/2826 
f 1623/1882/1263 1610/1869/1250 3184/3614/2824 3186/3618/2826 
f 1623/1882/1263 3186/3618/2826 3163/3587/2803 1626/1885/1266 
f 3187/3619/2827 1717/1980/1357 1716/1979/1356 3188/3620/2828 
f 1717/1980/1357 3187/3619/2827 3189/3621/2829 1722/1985/1362 
f 3189/3621/2829 3187/3619/2827 3190/3622/2830 3191/3623/2831 
f 3188/3620/2828 3192/3624/2832 3190/3622/2830 3187/3619/2827 
f 3189/3621/2829 3193/3625/2833 1730/1995/1370 1722/1985/1362 
f 3194/3626/2834 1552/1811/1192 1730/1995/1370 3193/3625/2833 
f 3195/3627/2835 3196/3628/2836 3194/3626/2834 3193/3625/2833 
f 3195/3627/2835 3193/3625/2833 3189/3621/2829 3191/3623/2831 
f 3195/3627/2835 3191/3623/2831 3197/3629/2837 3198/3630/2838 
f 3195/3627/2835 3198/3630/2838 3199/3631/2839 3196/3628/2836 
f 3198/3630/2838 2027/2303/1667 1436/1695/1076 3199/3631/2839 
f 3197/3629/2837 2032/2308/1672 2027/2303/1667 3198/3630/2838 
f 3200/3632/2840 3201/3633/2841 3190/3622/2830 3192/3624/2832 
f 3197/3629/2837 3191/3623/2831 3190/3622/2830 3201/3633/2841 
f 3197/3629/2837 3201/3633/2841 2040/2316/1680 2032/2308/1672 
f 3201/3633/2841 3200/3632/2840 1988/2258/1628 2040/2316/1680 
f 1852/2117/1492 1504/1763/1144 3202/3634/2842 3203/3635/2843 
f 1852/2117/1492 3203/3635/2843 3204/3636/2844 1857/2122/1497 
f 3204/3636/2844 3203/3635/2843 3205/3637/2845 3206/3638/2846 
f 3202/3639/2842 3207/3640/2847 3205/3641/2845 3203/3642/2843 
f 3204/3636/2844 3208/3643/2848 1865/2130/1505 1857/2122/1497 
f 1602/1861/1242 1865/2130/1505 3208/3643/2848 3185/3615/2825 
f 3209/3644/2849 3182/3616/2822 3185/3615/2825 3208/3643/2848 
f 3204/3636/2844 3206/3638/2846 3209/3644/2849 3208/3643/2848 
f 3209/3645/2849 3206/3646/2846 3210/3647/2850 3211/3648/2851 
f 3209/3645/2849 3211/3648/2851 3180/3649/2820 3182/3650/2822 
f 3180/3649/2820 3211/3648/2851 1952/2224/1592 1646/3651/1286 
f 3210/3647/2850 1957/2225/1597 1952/2224/1592 3211/3648/2851 
f 3212/3652/2852 3213/3653/2853 3205/3641/2845 3207/3640/2847 
f 3210/3647/2850 3206/3646/2846 3205/3641/2845 3213/3653/2853 
f 1968/2238/1608 1957/2225/1597 3210/3647/2850 3213/3653/2853 
f 1968/2238/1608 3213/3653/2853 3212/3652/2852 1971/2241/1611 
f 1693/1952/1333 1692/1951/1332 3214/3654/2854 3215/3655/2855 
f 1693/1952/1333 3215/3655/2855 3216/3656/2856 1700/1959/1340 
f 3217/3657/2857 3218/3658/2858 3216/3656/2856 3215/3655/2855 
f 3215/3655/2855 3214/3654/2854 3219/3659/2859 3217/3657/2857 
f 3216/3656/2856 3220/3660/2860 1713/1972/1353 1700/1959/1340 
f 1716/1979/1356 1713/1978/1353 3220/3661/2860 3188/3620/2828 
f 3188/3620/2828 3220/3661/2860 3221/3662/2861 3192/3624/2832 
f 3221/3663/2861 3220/3660/2860 3216/3656/2856 3218/3658/2858 
f 3222/3664/2862 3223/3665/2863 3221/3662/2861 3218/3666/2858 
f 3221/3662/2861 3223/3665/2863 3200/3632/2840 3192/3624/2832 
f 1988/2258/1628 3200/3632/2840 3223/3665/2863 1989/2259/1629 
f 3222/3664/2862 1995/2265/1635 1989/2259/1629 3223/3665/2863 
f 3217/3657/2857 3219/3659/2859 3224/3667/2864 3225/3668/2865 
f 3222/3664/2862 3218/3666/2858 3217/3669/2857 3225/3670/2865 
f 2006/2279/1646 1995/2265/1635 3222/3664/2862 3225/3670/2865 
f 2006/2279/1646 3225/3670/2865 3224/3671/2864 1513/2282/1153 
f 3226/3672/2866 2057/2333/1697 1901/2166/1541 3140/3557/2780 
f 2057/2333/1697 3226/3672/2866 3227/3673/2867 2062/2338/1702 
f 3228/3674/2868 3229/3675/2869 3227/3673/2867 3226/3672/2866 
f 3140/3557/2780 3142/3559/2782 3228/3674/2868 3226/3672/2866 
f 3227/3673/2867 3230/3676/2870 2071/2347/1711 2062/2338/1702 
f 3231/3677/2871 1437/1696/1077 2071/2347/1711 3230/3676/2870 
f 3232/3678/2872 3233/3679/2873 3231/3677/2871 3230/3676/2870 
f 3227/3673/2867 3229/3675/2869 3232/3678/2872 3230/3676/2870 
f 3234/3680/2874 3232/3678/2872 3229/3675/2869 3235/3681/2875 
f 3232/3678/2872 3234/3680/2874 3236/3682/2876 3233/3679/2873 
f 3234/3680/2874 2322/2603/1962 1691/1950/1331 3236/3682/2876 
f 3235/3681/2875 2327/2608/1967 2322/2603/1962 3234/3680/2874 
f 3228/3674/2868 3142/3559/2782 3145/3562/2785 3237/3683/2877 
f 3235/3681/2875 3229/3675/2869 3228/3674/2868 3237/3683/2877 
f 2335/2616/1975 2327/2608/1967 3235/3681/2875 3237/3683/2877 
f 2335/2616/1975 3237/3683/2877 3145/3562/2785 1459/1718/1099 
f 3238/3684/2878 1928/2193/1568 1927/2192/1567 3155/3572/2795 
f 1928/2193/1568 3238/3684/2878 3239/3685/2879 1935/2200/1575 
f 3238/3684/2878 3240/3686/2880 3241/3687/2881 3239/3685/2879 
f 3240/3686/2880 3238/3684/2878 3155/3572/2795 3157/3574/2797 
f 3239/3685/2879 3242/3688/2882 1949/2214/1589 1935/2200/1575 
f 3243/3689/2883 1951/2216/1591 1949/2214/1589 3242/3688/2882 
f 3244/3690/2884 3245/3691/2885 3243/3689/2883 3242/3688/2882 
f 3239/3685/2879 3241/3687/2881 3244/3690/2884 3242/3688/2882 
f 3244/3690/2884 3241/3692/2881 3246/3693/2886 3247/3694/2887 
f 3244/3695/2884 3247/3696/2887 3248/3697/2888 3245/3698/2885 
f 3248/3697/2888 3247/3696/2887 1758/2023/1398 1757/2022/1397 
f 3246/3699/2886 1765/2030/1405 1758/2023/1398 3247/3696/2887 
f 3249/3700/2889 3240/3686/2880 3157/3574/2797 3160/3581/2800 
f 3246/3693/2886 3241/3687/2881 3240/3686/2880 3249/3700/2889 
f 1765/2030/1405 3246/3699/2886 3249/3701/2889 1778/2043/1418 
f 1778/2043/1418 3249/3701/2889 3160/3582/2800 1781/2046/1421 
f 3250/3702/2890 3251/3703/2891 3252/3704/2892 3253/3705/2893 
f 3250/3702/2890 3253/3705/2893 3254/3706/2894 3255/3707/2895 
f 3256/3708/2896 3254/3709/2894 3253/3710/2893 3257/3711/2897 
f 3257/3711/2897 3253/3710/2893 3252/3712/2892 3258/3713/2898 
f 3254/3706/2894 3259/3714/2899 3260/3715/2900 3255/3707/2895 
f 3261/3716/2901 3262/3717/2902 3260/3715/2900 3259/3714/2899 
f 3261/3718/2901 3259/3719/2899 3263/3720/2903 3264/3721/2904 
f 3259/3719/2899 3254/3709/2894 3256/3708/2896 3263/3720/2903 
f 3263/3720/2903 3256/3708/2896 3265/3722/2905 3266/3723/2906 
f 3264/3721/2904 3263/3720/2903 3266/3723/2906 3267/3724/2907 
f 1640/1899/1280 3267/3724/2907 3266/3723/2906 1639/1898/1279 
f 1639/1898/1279 3266/3723/2906 3265/3722/2905 1636/1895/1276 
f 3268/3725/2908 3257/3711/2897 3258/3713/2898 3269/3726/2909 
f 3265/3722/2905 3256/3708/2896 3257/3711/2897 3268/3725/2908 
f 3265/3722/2905 3268/3725/2908 1634/1893/1274 1636/1895/1276 
f 1634/1893/1274 3268/3725/2908 3269/3726/2909 1596/1855/1236 
f 3270/3727/2910 1964/2234/1604 1965/2235/1605 3271/3728/2911 
f 3272/3729/2912 1961/2231/1601 1964/2234/1604 3270/3727/2910 
f 3272/3729/2912 3270/3727/2910 3273/3730/2913 3274/3731/2914 
f 3273/3730/2913 3270/3727/2910 3271/3728/2911 3275/3732/2915 
f 3272/3729/2912 3276/3733/2916 1959/2228/1599 1961/2231/1601 
f 3267/3724/2907 1640/1899/1280 1959/2227/1599 3276/3734/2916 
f 3267/3724/2907 3276/3734/2916 3277/3735/2917 3264/3721/2904 
f 3277/3735/2917 3276/3734/2916 3272/3736/2912 3274/3737/2914 
f 3278/3738/2918 3279/3739/2919 3277/3735/2917 3274/3737/2914 
f 3264/3721/2904 3277/3735/2917 3279/3739/2919 3261/3718/2901 
f 3262/3717/2902 3261/3716/2901 3279/3740/2919 3280/3741/2920 
f 3278/3742/2918 3281/3743/2921 3280/3741/2920 3279/3740/2919 
f 3282/3744/2922 3273/3745/2913 3275/3746/2915 3283/3747/2923 
f 3278/3742/2918 3274/3748/2914 3273/3745/2913 3282/3744/2922 
f 3284/3749/2924 3281/3743/2921 3278/3742/2918 3282/3744/2922 
f 3282/3744/2922 3283/3747/2923 3285/3750/2925 3284/3749/2924 
f 2109/2385/1749 3286/3751/2926 3287/3752/2927 2110/2386/1750 
f 2110/2386/1750 3287/3752/2927 3288/3753/2928 2115/2391/1755 
f 3289/3754/2929 3290/3755/2930 3288/3753/2928 3287/3752/2927 
f 3286/3751/2926 3291/3756/2931 3289/3754/2929 3287/3752/2927 
f 2128/2404/1768 2115/2391/1755 3288/3753/2928 3292/3757/2932 
f 3293/3758/2933 2131/2407/1771 2128/2404/1768 3292/3757/2932 
f 3293/3758/2933 3292/3757/2932 3294/3759/2934 3295/3760/2935 
f 3288/3753/2928 3290/3755/2930 3294/3759/2934 3292/3757/2932 
f 3294/3759/2934 3290/3755/2930 3296/3761/2936 3297/3762/2937 
f 3295/3760/2935 3294/3759/2934 3297/3762/2937 3298/3763/2938 
f 1914/2179/1554 3298/3763/2938 3297/3762/2937 2104/2380/1744 
f 2104/2380/1744 3297/3762/2937 3296/3761/2936 2100/2376/1740 
f 3299/3764/2939 3300/3765/2940 3289/3754/2929 3291/3756/2931 
f 3296/3761/2936 3290/3755/2930 3289/3754/2929 3300/3765/2940 
f 3296/3761/2936 3300/3765/2940 2099/2375/1739 2100/2376/1740 
f 2099/2375/1739 3300/3765/2940 3299/3764/2939 1945/2210/1585 
f 3301/3766/2941 1525/1784/1165 1526/1785/1166 3087/3493/2727 
f 1522/1781/1162 1525/1784/1165 3301/3766/2941 3302/3767/2942 
f 3303/3768/2943 3302/3767/2942 3301/3766/2941 3304/3769/2944 
f 3087/3493/2727 3081/3487/2721 3304/3769/2944 3301/3766/2941 
f 3305/3770/2945 1520/1779/1160 1522/1781/1162 3302/3767/2942 
f 3089/3495/2729 1521/1780/1161 1520/1779/1160 3305/3770/2945 
f 3306/3771/2946 3094/3501/2734 3089/3495/2729 3305/3770/2945 
f 3306/3771/2946 3305/3770/2945 3302/3767/2942 3303/3768/2943 
f 3306/3771/2946 3303/3768/2943 3307/3772/2947 3308/3773/2948 
f 3306/3771/2946 3308/3773/2948 3101/3511/2741 3094/3501/2734 
f 3101/3511/2741 3308/3773/2948 3309/3774/2949 3104/3514/2744 
f 3309/3774/2949 3308/3773/2948 3307/3772/2947 3310/3775/2950 
f 3076/3482/2716 3311/3776/2951 3304/3769/2944 3081/3487/2721 
f 3303/3768/2943 3304/3769/2944 3311/3776/2951 3307/3772/2947 
f 3307/3772/2947 3311/3776/2951 3312/3777/2952 3310/3775/2950 
f 3076/3482/2716 3075/3481/2715 3312/3777/2952 3311/3776/2951 
f 3313/3778/2953 1749/2014/1389 1750/2015/1390 2983/3379/2623 
f 1745/2010/1385 1749/2014/1389 3313/3778/2953 3314/3779/2954 
f 3314/3780/2954 3313/3781/2953 3315/3782/2955 3316/3783/2956 
f 3315/3782/2955 3313/3781/2953 2983/3376/2623 2975/3363/2615 
f 3317/3784/2957 1743/2008/1383 1745/2010/1385 3314/3779/2954 
f 1743/2008/1383 3317/3784/2957 3318/3785/2958 1744/2009/1384 
f 3318/3786/2958 3317/3787/2957 3319/3788/2959 3320/3789/2960 
f 3314/3780/2954 3316/3783/2956 3319/3788/2959 3317/3787/2957 
f 3319/3788/2959 3316/3783/2956 3321/3790/2961 3322/3791/2962 
f 3323/3792/2963 3320/3789/2960 3319/3788/2959 3322/3791/2962 
f 3323/3792/2963 3322/3791/2962 2307/2588/1947 1551/1810/1191 
f 2312/2593/1952 2307/2588/1947 3322/3791/2962 3321/3790/2961 
f 3324/3793/2964 3315/3782/2955 2975/3363/2615 2971/3359/2611 
f 3315/3782/2955 3324/3793/2964 3321/3790/2961 3316/3783/2956 
f 3324/3793/2964 2320/2601/1960 2312/2593/1952 3321/3790/2961 
f 2320/2601/1960 3324/3793/2964 2971/3359/2611 2126/2402/1766 
f 1482/1741/1122 1481/1740/1121 3146/3563/2786 3325/3794/2965 
f 1487/1746/1127 1482/1741/1122 3325/3794/2965 3326/3795/2966 
f 3327/3796/2967 3328/3797/2968 3326/3795/2966 3325/3794/2965 
f 3146/3563/2786 3138/3555/2778 3327/3796/2967 3325/3794/2965 
f 3329/3798/2969 1498/1757/1138 1487/1746/1127 3326/3795/2966 
f 1498/1757/1138 3329/3798/2969 3330/3799/2970 1501/1760/1141 
f 3331/3800/2971 3330/3799/2970 3329/3798/2969 3332/3801/2972 
f 3326/3795/2966 3328/3797/2968 3332/3801/2972 3329/3798/2969 
f 3332/3801/2972 3328/3797/2968 3333/3802/2973 3334/3803/2974 
f 3331/3800/2971 3332/3801/2972 3334/3803/2974 3335/3804/2975 
f 3335/3804/2975 3334/3803/2974 1734/1999/1374 1733/1998/1373 
f 1734/1999/1374 3334/3803/2974 3333/3802/2973 1740/2005/1380 
f 3133/3550/2773 3336/3805/2976 3327/3796/2967 3138/3555/2778 
f 3327/3796/2967 3336/3805/2976 3333/3802/2973 3328/3797/2968 
f 3333/3802/2973 3336/3805/2976 1753/2018/1393 1740/2005/1380 
f 3133/3550/2773 1756/2021/1396 1753/2018/1393 3336/3805/2976 
f 2319/2600/1959 2131/2407/1771 3293/3758/2933 3337/3806/2977 
f 2315/2596/1955 2319/2600/1959 3337/3806/2977 3338/3807/2978 
f 3338/3807/2978 3337/3806/2977 3339/3808/2979 3340/3809/2980 
f 3339/3808/2979 3337/3806/2977 3293/3758/2933 3295/3760/2935 
f 3341/3810/2981 2314/2595/1954 2315/2596/1955 3338/3807/2978 
f 1545/1804/1185 2314/2595/1954 3341/3810/2981 3342/3811/2982 
f 3341/3810/2981 3343/3812/2983 3344/3813/2984 3342/3811/2982 
f 3341/3810/2981 3338/3807/2978 3340/3809/2980 3343/3812/2983 
f 3345/3814/2985 3346/3815/2986 3343/3812/2983 3340/3809/2980 
f 3346/3815/2986 3347/3816/2987 3344/3813/2984 3343/3812/2983 
f 3346/3815/2986 1919/2184/1559 1920/2185/1560 3347/3816/2987 
f 1919/2184/1559 3346/3815/2986 3345/3814/2985 1915/2180/1555 
f 3348/3817/2988 3339/3808/2979 3295/3760/2935 3298/3763/2938 
f 3345/3814/2985 3340/3809/2980 3339/3808/2979 3348/3817/2988 
f 3345/3814/2985 3348/3817/2988 1913/2178/1553 1915/2180/1555 
f 3348/3817/2988 3298/3763/2938 1914/2179/1554 1913/2178/1553 
f 3349/3818/2989 2623/2920/2263 2141/2417/1781 2806/3141/2446 
f 3349/3818/2989 3350/3819/2990 2619/2916/2259 2623/2920/2263 
f 3351/3820/2991 3350/3819/2990 3349/3818/2989 3352/3821/2992 
f 2806/3141/2446 2794/3140/2434 3352/3821/2992 3349/3818/2989 
f 2619/2916/2259 3350/3819/2990 3353/3822/2993 2618/2915/2258 
f 3354/3823/2994 2591/2881/2231 2618/2915/2258 3353/3822/2993 
f 3355/3824/2995 3354/3823/2994 3353/3822/2993 3356/3825/2996 
f 3356/3825/2996 3353/3822/2993 3350/3819/2990 3351/3820/2991 
f 3357/3826/2997 3358/3827/2998 3356/3828/2996 3351/3829/2991 
f 3355/3830/2995 3356/3828/2996 3358/3827/2998 3359/3831/2999 
f 2505/2790/2145 3359/3831/2999 3358/3827/2998 2506/2791/2146 
f 2506/2791/2146 3358/3827/2998 3357/3826/2997 2511/2796/2151 
f 3352/3832/2992 2794/3123/2434 2789/3118/2429 3360/3833/3000 
f 3357/3826/2997 3351/3829/2991 3352/3832/2992 3360/3833/3000 
f 3357/3826/2997 3360/3833/3000 2524/2809/2164 2511/2796/2151 
f 2524/2809/2164 3360/3833/3000 2789/3118/2429 2527/2812/2167 
f 3361/3834/3001 2454/3835/2094 2456/3836/2096 2822/3165/2462 
f 2450/3837/2090 2454/3835/2094 3361/3834/3001 3362/3838/3002 
f 3363/3839/3003 3362/3840/3002 3361/3841/3001 3364/3842/3004 
f 2822/3843/2462 2815/3150/2455 3364/3842/3004 3361/3841/3001 
f 3365/3844/3005 2449/3845/2089 2450/3837/2090 3362/3838/3002 
f 2833/3181/2473 2448/3180/2088 2449/3845/2089 3365/3844/3005 
f 2833/3187/2473 3365/3846/3005 3366/3847/3006 2828/3175/2468 
f 3362/3840/3002 3363/3839/3003 3366/3847/3006 3365/3846/3005 
f 3367/3848/3007 3368/3849/3008 3366/3847/3006 3363/3839/3003 
f 2828/3175/2468 3366/3847/3006 3368/3849/3008 2825/3172/2465 
f 3368/3849/3008 2415/2700/2055 2414/2699/2054 2825/3172/2465 
f 2415/2700/2055 3368/3849/3008 3367/3848/3007 2420/2705/2060 
f 2809/3144/2449 3369/3850/3009 3364/3842/3004 2815/3150/2455 
f 3367/3848/3007 3363/3839/3003 3364/3842/3004 3369/3850/3009 
f 3367/3848/3007 3369/3850/3009 2433/2718/2073 2420/2705/2060 
f 2433/2718/2073 3369/3850/3009 2809/3144/2449 2436/2721/2076 
f 3370/3851/3010 2397/2682/2037 2398/2683/2038 2840/3192/2480 
f 3371/3852/3011 2391/2676/2031 2397/2682/2037 3370/3851/3010 
f 3371/3852/3011 3370/3851/3010 3372/3853/3012 3373/3854/3013 
f 3372/3853/3012 3370/3851/3010 2840/3192/2480 2844/3196/2484 
f 2390/2675/2030 2391/2676/2031 3371/3852/3011 3374/3855/3014 
f 2387/2672/2027 2390/2675/2030 3374/3855/3014 2856/3208/2496 
f 2856/3208/2496 3374/3855/3014 3375/3856/3015 2863/3215/2503 
f 3375/3856/3015 3374/3855/3014 3371/3852/3011 3373/3854/3013 
f 3376/3857/3016 3375/3856/3015 3373/3854/3013 3377/3858/3017 
f 2874/3227/2514 2863/3215/2503 3375/3856/3015 3376/3857/3016 
f 2486/2771/2126 2874/3227/2514 3376/3857/3016 2485/2770/2125 
f 3376/3857/3016 3377/3858/3017 2482/2767/2122 2485/2770/2125 
f 3378/3859/3018 3372/3853/3012 2844/3196/2484 2850/3202/2490 
f 3373/3854/3013 3372/3853/3012 3378/3859/3018 3377/3858/3017 
f 2482/2767/2122 3377/3858/3017 3378/3859/3018 2481/2766/2121 
f 3378/3859/3018 2850/3202/2490 2480/2765/2120 2481/2766/2121 
f 3379/3860/3019 2551/2836/2191 2552/2837/2192 2764/3082/2404 
f 2548/2833/2188 2551/2836/2191 3379/3860/3019 3380/3861/3020 
f 3381/3862/3021 3382/3863/3022 3380/3861/3020 3379/3860/3019 
f 3381/3862/3021 3379/3860/3019 2764/3082/2404 2757/3074/2397 
f 3383/3864/3023 2546/2831/2186 2548/2833/2188 3380/3861/3020 
f 2902/3267/2542 2547/2832/2187 2546/2831/2186 3383/3864/3023 
f 3384/3865/3024 2897/3261/2537 2902/3267/2542 3383/3864/3023 
f 3380/3861/3020 3382/3863/3022 3384/3865/3024 3383/3864/3023 
f 3385/3866/3025 3384/3865/3024 3382/3863/3022 3386/3867/3026 
f 3384/3865/3024 3385/3866/3025 2894/3258/2534 2897/3261/2537 
f 2894/3256/2534 3385/3868/3025 2344/2625/1984 2346/2627/1986 
f 2340/2621/1980 2344/2625/1984 3385/3868/3025 3386/3869/3026 
f 3381/3862/3021 2757/3074/2397 2751/3073/2391 3387/3870/3027 
f 3381/3862/3021 3387/3870/3027 3386/3867/3026 3382/3863/3022 
f 3387/3871/3027 2338/2619/1978 2340/2621/1980 3386/3869/3026 
f 2751/3064/2391 1475/3063/1115 2338/3872/1978 3387/3873/3027 
f 3388/3874/3028 3389/3875/3029 2714/3025/2354 2713/3024/2353 
f 3390/3876/3030 3391/3877/3031 3389/3875/3029 3388/3874/3028 
f 3392/3878/3032 3393/3879/3033 3390/3876/3030 3388/3874/3028 
f 3392/3878/3032 3388/3874/3028 2713/3024/2353 2717/3028/2357 
f 3392/3878/3032 2717/3028/2357 2722/3033/2362 3394/3880/3034 
f 3395/3881/3035 3393/3879/3033 3392/3878/3032 3394/3880/3034 
f 3395/3881/3035 3394/3880/3034 2611/2905/2251 2605/2897/2245 
f 2722/3033/2362 1783/2908/1423 2611/2905/2251 3394/3880/3034 
f 3396/3882/3036 2081/2357/1721 2084/2360/1724 2747/3883/2387 
f 3396/3882/3036 3397/3884/3037 2077/2353/1717 2081/2357/1721 
f 3398/3885/3038 3397/3886/3037 3396/3887/3036 3399/3888/3039 
f 2747/3058/2387 2741/3052/2381 3399/3888/3039 3396/3887/3036 
f 2077/2353/1717 3397/3884/3037 3400/3889/3040 2072/2348/1712 
f 2073/2349/1713 2072/2348/1712 3400/3889/3040 2682/2982/2322 
f 3401/3890/3041 2678/2975/2318 2682/2979/2322 3400/3891/3040 
f 3397/3886/3037 3398/3885/3038 3401/3890/3041 3400/3891/3040 
f 3401/3890/3041 3398/3885/3038 3402/3892/3042 3403/3893/3043 
f 3401/3890/3041 3403/3893/3043 2674/2971/2314 2678/2975/2318 
f 2674/2971/2314 3403/3893/3043 1830/2095/1470 1829/2094/1469 
f 1830/2095/1470 3403/3893/3043 3402/3892/3042 1835/2100/1475 
f 2735/3046/2375 3404/3894/3044 3399/3888/3039 2741/3052/2381 
f 3402/3892/3042 3398/3885/3038 3399/3888/3039 3404/3894/3044 
f 3402/3892/3042 3404/3894/3044 1848/2113/1488 1835/2100/1475 
f 2735/3046/2375 1851/2116/1491 1848/2113/1488 3404/3894/3044 
f 3405/3895/3045 2295/2576/1935 2294/2575/1934 2690/2991/2330 
f 3406/3896/3046 2300/2581/1940 2295/2576/1935 3405/3895/3045 
f 3406/3896/3046 3405/3895/3045 3407/3897/3047 3408/3898/3048 
f 2690/2991/2330 2691/3899/2331 3407/3897/3047 3405/3895/3045 
f 2694/2996/2334 3409/3900/3049 3407/3901/3047 2691/2997/2331 
f 3410/3902/3050 3408/3903/3048 3407/3901/3047 3409/3900/3049 
f 3411/3904/3051 3410/3902/3050 3409/3900/3049 3412/3905/3052 
f 2694/2996/2334 2695/2998/2335 3412/3905/3052 3409/3900/3049 
f 3413/3906/3053 2273/2554/1913 1926/2191/1566 3414/3907/3054 
f 3415/3908/3055 2277/2558/1917 2273/2554/1913 3413/3906/3053 
f 3416/3909/3056 3417/3910/3057 3415/3908/3055 3413/3906/3053 
f 3413/3906/3053 3414/3907/3054 3418/3911/3058 3416/3909/3056 
f 2288/2569/1928 2277/2558/1917 3415/3908/3055 3419/3912/3059 
f 2728/3039/2368 2291/2572/1931 2288/2569/1928 3419/3912/3059 
f 3420/3913/3060 2725/3036/2365 2728/3039/2368 3419/3912/3059 
f 3420/3913/3060 3419/3912/3059 3415/3908/3055 3417/3910/3057 
f 3420/3914/3060 3417/3915/3057 3421/3916/3061 3422/3917/3062 
f 3420/3913/3060 3422/3918/3062 2723/3034/2363 2725/3036/2365 
f 3422/3917/3062 1784/2049/1424 1783/2048/1423 2723/3919/2363 
f 1790/2055/1430 1784/2049/1424 3422/3917/3062 3421/3916/3061 
f 3423/3920/3063 3416/3921/3056 3418/3922/3058 3424/3923/3064 
f 3421/3916/3061 3417/3915/3057 3416/3921/3056 3423/3920/3063 
f 3423/3920/3063 1803/2068/1443 1790/2055/1430 3421/3916/3061 
f 1803/2068/1443 3423/3920/3063 3424/3923/3064 1806/2071/1446 
f 1501/1760/1141 3330/3799/2970 3425/3924/3065 2372/2657/2012 
f 2377/2662/2017 2372/2657/2012 3425/3924/3065 3426/3925/3066 
f 3427/3926/3067 3428/3927/3068 3426/3925/3066 3425/3924/3065 
f 3425/3924/3065 3330/3799/2970 3331/3800/2971 3427/3926/3067 
f 3429/3928/3069 2386/2671/2026 2377/2662/2017 3426/3925/3066 
f 2689/2990/2329 2294/2575/1934 2386/2671/2026 3429/3928/3069 
f 3430/3929/3070 2686/2985/2326 2689/2990/2329 3429/3928/3069 
f 3426/3925/3066 3428/3927/3068 3430/3929/3070 3429/3928/3069 
f 3430/3929/3070 3428/3927/3068 3431/3930/3071 3432/3931/3072 
f 3430/3929/3070 3432/3931/3072 2684/2981/2324 2686/2985/2326 
f 2684/2981/2324 3432/3931/3072 2074/2350/1714 2073/2349/1713 
f 2074/2350/1714 3432/3931/3072 3431/3930/3071 2080/2356/1720 
f 3433/3932/3073 3427/3926/3067 3331/3800/2971 3335/3804/2975 
f 3431/3930/3071 3428/3927/3068 3427/3926/3067 3433/3932/3073 
f 3431/3930/3071 3433/3932/3073 2090/2366/1730 2080/2356/1720 
f 2090/2366/1730 3433/3932/3073 3335/3804/2975 1733/1998/1373 
f 3434/3933/3074 2093/2369/1733 1951/2216/1591 3243/3689/2883 
f 2097/2373/1737 2093/2369/1733 3434/3933/3074 3435/3934/3075 
f 3435/3934/3075 3434/3933/3074 3436/3935/3076 3437/3936/3077 
f 3243/3689/2883 3245/3691/2885 3436/3935/3076 3434/3933/3074 
f 3438/3937/3078 2105/2381/1745 2097/2373/1737 3435/3934/3075 
f 1903/2168/1543 2105/2381/1745 3438/3937/3078 3439/3938/3079 
f 3440/3939/3080 3439/3938/3079 3438/3937/3078 3441/3940/3081 
f 3438/3937/3078 3435/3934/3075 3437/3936/3077 3441/3940/3081 
f 3442/3941/3082 3443/3942/3083 3441/3940/3081 3437/3943/3077 
f 3440/3939/3080 3441/3940/3081 3443/3942/3083 3444/3944/3084 
f 3444/3945/3084 3443/3946/3083 2357/2638/1997 1826/2091/1466 
f 2357/2638/1997 3443/3946/3083 3442/3947/3082 2362/2643/2002 
f 3248/3697/2888 3445/3948/3085 3436/3949/3076 3245/3698/2885 
f 3442/3947/3082 3437/3950/3077 3436/3949/3076 3445/3948/3085 
f 3442/3947/3082 3445/3948/3085 2370/2655/2010 2362/2643/2002 
f 2370/2655/2010 3445/3948/3085 3248/3697/2888 1757/2022/1397 
f 1412/1671/1052 3446/3951/3086 3447/3952/3087 1413/1672/1053 
f 3448/3953/3088 1420/1679/1060 1413/1672/1053 3447/3952/3087 
f 3449/3954/3089 3450/3955/3090 3448/3953/3088 3447/3952/3087 
f 3449/3954/3089 3447/3952/3087 3446/3951/3086 3451/3956/3091 
f 1433/1692/1073 1420/1679/1060 3448/3953/3088 3452/3957/3092 
f 3199/3631/2839 1436/1695/1076 1433/1692/1073 3452/3957/3092 
f 3453/3958/3093 3196/3628/2836 3199/3631/2839 3452/3957/3092 
f 3453/3958/3093 3452/3957/3092 3448/3953/3088 3450/3955/3090 
f 3453/3958/3093 3450/3955/3090 3454/3959/3094 3455/3960/3095 
f 3453/3958/3093 3455/3960/3095 3194/3626/2834 3196/3628/2836 
f 1552/1811/1192 3194/3626/2834 3455/3960/3095 1553/1812/1193 
f 1553/1812/1193 3455/3960/3095 3454/3959/3094 1560/1819/1200 
f 3451/3956/3091 3456/3961/3096 3457/3962/3097 3449/3954/3089 
f 3449/3954/3089 3457/3962/3097 3454/3959/3094 3450/3955/3090 
f 3454/3959/3094 3457/3962/3097 1574/1833/1214 1560/1819/1200 
f 1574/1833/1214 3457/3962/3097 3456/3961/3096 1576/1835/1216 
f 3458/3963/3098 2290/2571/1930 2291/2572/1931 2729/3040/2369 
f 3458/3963/3098 3459/3964/3099 2287/2568/1927 2290/2571/1930 
f 3459/3964/3099 3458/3963/3098 3460/3965/3100 3461/3966/3101 
f 3460/3965/3100 3458/3963/3098 2729/3040/2369 2730/3041/2370 
f 2287/2568/1927 3459/3964/3099 3462/3967/3102 2286/2567/1926 
f 2667/2964/2307 2285/2566/1925 2286/2567/1926 3462/3967/3102 
f 3463/3968/3103 2662/2959/2302 2667/2964/2307 3462/3967/3102 
f 3462/3967/3102 3459/3964/3099 3461/3966/3101 3463/3968/3103 
f 3463/3968/3103 3461/3966/3101 3464/3969/3104 3465/3970/3105 
f 3463/3968/3103 3465/3970/3105 2659/2956/2299 2662/2959/2302 
f 3465/3970/3105 1844/2109/1484 1846/2111/1486 2659/2956/2299 
f 1844/2109/1484 3465/3970/3105 3464/3969/3104 1840/2105/1480 
f 3460/3965/3100 2730/3041/2370 2733/3044/2373 3466/3971/3106 
f 3464/3969/3104 3461/3966/3101 3460/3965/3100 3466/3971/3106 
f 3464/3969/3104 3466/3971/3106 1838/2103/1478 1840/2105/1480 
f 2733/3044/2373 1839/2104/1479 1838/2103/1478 3466/3971/3106 
f 3467/3972/3107 1438/1697/1078 1437/1696/1077 3231/3677/2871 
f 3467/3972/3107 3468/3973/3108 1445/1704/1085 1438/1697/1078 
f 3468/3973/3108 3467/3972/3107 3469/3974/3109 3470/3975/3110 
f 3231/3677/2871 3233/3679/2873 3469/3974/3109 3467/3972/3107 
f 1445/1704/1085 3468/3973/3108 3471/3976/3111 1455/1714/1095 
f 3446/3951/3086 1412/1671/1052 1455/1714/1095 3471/3976/3111 
f 3451/3956/3091 3446/3951/3086 3471/3976/3111 3472/3977/3112 
f 3472/3977/3112 3471/3976/3111 3468/3973/3108 3470/3975/3110 
f 3472/3977/3112 3470/3975/3110 3473/3978/3113 3474/3979/3114 
f 3472/3977/3112 3474/3979/3114 3456/3961/3096 3451/3956/3091 
f 3456/3961/3096 3474/3979/3114 1672/1931/1312 1576/1835/1216 
f 1677/1936/1317 1672/1931/1312 3474/3979/3114 3473/3978/3113 
f 3236/3682/2876 3475/3980/3115 3469/3974/3109 3233/3679/2873 
f 3473/3978/3113 3470/3975/3110 3469/3974/3109 3475/3980/3115 
f 3473/3978/3113 3475/3980/3115 1688/1947/1328 1677/1936/1317 
f 3236/3682/2876 1691/1950/1331 1688/1947/1328 3475/3980/3115 
f 3476/3981/3116 1474/3982/1114 1475/3063/1115 2750/3062/2390 
f 3476/3981/3116 3477/3983/3117 1471/3984/1111 1474/3982/1114 
f 3478/3985/3118 3479/3986/3119 3477/3983/3117 3476/3981/3116 
f 3478/3985/3118 3476/3981/3116 2750/3062/2390 2754/3067/2394 
f 1471/3984/1111 3477/3983/3117 3480/3987/3120 1468/3988/1108 
f 3481/3989/3121 1469/3990/1109 1468/3988/1108 3480/3987/3120 
f 3480/3987/3120 3482/3991/3122 3483/3992/3123 3481/3989/3121 
f 3482/3991/3122 3480/3987/3120 3477/3983/3117 3479/3986/3119 
f 3482/3991/3122 3479/3986/3119 3484/3993/3124 3485/3994/3125 
f 3485/3994/3125 3486/3995/3126 3483/3992/3123 3482/3991/3122 
f 3485/3994/3125 1664/1923/1304 1665/1924/1305 3486/3995/3126 
f 1660/1919/1300 1664/1923/1304 3485/3994/3125 3484/3993/3124 
f 2760/3077/2400 3487/3996/3127 3478/3985/3118 2754/3067/2394 
f 3484/3993/3124 3479/3986/3119 3478/3985/3118 3487/3996/3127 
f 1660/1919/1300 3484/3993/3124 3487/3996/3127 1659/1918/1299 
f 1659/1918/1299 3487/3996/3127 2760/3077/2400 1658/1917/1298 
f 1768/2033/1408 3488/3997/3128 3489/3998/3129 2369/2654/2009 
f 2365/2646/2005 2369/2654/2009 3489/3998/3129 3490/3999/3130 
f 3491/4000/3131 3492/4001/3132 3490/3999/3130 3489/3998/3129 
f 3491/4000/3131 3489/3998/3129 3488/3997/3128 3493/4002/3133 
f 3494/4003/3134 2364/2645/2004 2365/2646/2005 3490/3999/3130 
f 1821/2086/1461 2364/2645/2004 3494/4003/3134 2705/3008/2345 
f 3495/4004/3135 2700/3003/2340 2705/3016/2345 3494/4005/3134 
f 3490/4006/3130 3492/4007/3132 3495/4004/3135 3494/4005/3134 
f 3495/4004/3135 3492/4008/3132 3496/4009/3136 3497/4010/3137 
f 3495/4004/3135 3497/4010/3137 2697/3000/2337 2700/3003/2340 
f 3497/4010/3137 1650/1909/1290 1649/1908/1289 2697/3000/2337 
f 1655/1914/1295 1650/1909/1290 3497/4010/3137 3496/4009/3136 
f 3491/4011/3131 3493/4012/3133 3498/4013/3138 3499/4014/3139 
f 3491/4011/3131 3499/4014/3139 3496/4009/3136 3492/4008/3132 
f 3499/4014/3139 1668/1927/1308 1655/1914/1295 3496/4009/3136 
f 1668/1927/1308 3499/4014/3139 3498/4013/3138 1671/1930/1311 
f 1596/1855/1236 3269/3726/2909 3500/4015/3140 1594/1853/1234 
f 3501/4016/3141 1590/1849/1230 1594/1853/1234 3500/4015/3140 
f 3502/4017/3142 3501/4016/3141 3500/4015/3140 3503/4018/3143 
f 3500/4015/3140 3269/3726/2909 3258/3713/2898 3503/4018/3143 
f 3504/4019/3144 1588/1847/1228 1590/1849/1230 3501/4016/3141 
f 2915/3289/2555 1589/1848/1229 1588/1847/1228 3504/4019/3144 
f 3505/4020/3145 2919/3293/2559 2915/3289/2555 3504/4019/3144 
f 3501/4016/3141 3502/4017/3142 3505/4020/3145 3504/4019/3144 
f 3505/4020/3145 3502/4017/3142 3506/4021/3146 3507/4022/3147 
f 3505/4020/3145 3507/4022/3147 2930/3307/2570 2919/3293/2559 
f 3507/4023/3147 3508/4024/3148 2933/3312/2573 2930/3311/2570 
f 3508/4024/3148 3507/4023/3147 3506/4025/3146 3509/4026/3149 
f 3503/4018/3143 3258/3713/2898 3252/3712/2892 3510/4027/3150 
f 3502/4017/3142 3503/4018/3143 3510/4027/3150 3506/4021/3146 
f 3506/4025/3146 3510/4028/3150 3511/4029/3151 3509/4026/3149 
f 3511/4029/3151 3510/4028/3150 3252/3704/2892 3251/3703/2891 
f 3512/4030/3152 3513/4031/3153 3514/4032/3154 3515/4033/3155 
f 3516/4034/3156 3517/4035/3157 3515/4033/3155 3514/4032/3154 
f 3516/4034/3156 3514/4032/3154 3518/4036/3158 3519/4037/3159 
f 3514/4032/3154 3513/4031/3153 3520/4038/3160 3518/4036/3158 
f 3521/4039/3161 3522/4040/3162 3517/4035/3157 3516/4034/3156 
f 2954/3338/2594 3522/4040/3162 3521/4039/3161 2955/3339/2595 
f 3523/4041/3163 2962/3346/2602 2955/3339/2595 3521/4039/3161 
f 3521/4039/3161 3516/4034/3156 3519/4037/3159 3523/4041/3163 
f 3523/4041/3163 3519/4037/3159 3524/4042/3164 3525/4043/3165 
f 3523/4041/3163 3525/4043/3165 2968/3354/2608 2962/3346/2602 
f 2968/4044/2608 3525/4045/3165 1709/1968/1349 1710/1969/1350 
f 3524/4046/3164 1706/1965/1346 1709/1968/1349 3525/4045/3165 
f 3518/4047/3158 3520/4048/3160 3526/4049/3166 3527/4050/3167 
f 3524/4042/3164 3519/4037/3159 3518/4036/3158 3527/4051/3167 
f 3527/4050/3167 1703/1962/1343 1706/1965/1346 3524/4046/3164 
f 1703/1962/1343 3527/4050/3167 3526/4049/3166 1704/1963/1344 
f 2334/4052/1974 1469/3990/1109 3481/3989/3121 3528/4053/3168 
f 3528/4053/3168 3529/4054/3169 2331/4055/1971 2334/4052/1974 
f 3528/4053/3168 3530/4056/3170 3531/4057/3171 3529/4054/3169 
f 3483/3992/3123 3530/4056/3170 3528/4053/3168 3481/3989/3121 
f 2331/4055/1971 3529/4054/3169 3532/4058/3172 2329/4059/1969 
f 3533/4060/3173 1685/4061/1325 2329/4059/1969 3532/4058/3172 
f 3532/4058/3172 3534/4062/3174 3535/4063/3175 3533/4060/3173 
f 3529/4054/3169 3531/4057/3171 3534/4062/3174 3532/4058/3172 
f 3534/4062/3174 3531/4057/3171 3536/4064/3176 3537/4065/3177 
f 3537/4065/3177 3538/4066/3178 3535/4063/3175 3534/4062/3174 
f 3539/4067/3179 3538/4066/3178 3537/4065/3177 3540/4068/3180 
f 3537/4065/3177 3536/4064/3176 3541/4069/3181 3540/4068/3180 
f 3483/3992/3123 3486/3995/3126 3542/4070/3182 3530/4056/3170 
f 3536/4064/3176 3531/4057/3171 3530/4056/3170 3542/4070/3182 
f 3541/4069/3181 3536/4064/3176 3542/4070/3182 3543/4071/3183 
f 3486/3995/3126 1665/1924/1305 3543/4071/3183 3542/4070/3182 
f 1684/1943/1324 1685/1944/1325 3533/4072/3173 3544/4073/3184 
f 3544/4073/3184 3545/4074/3185 1680/1939/1320 1684/1943/1324 
f 3544/4075/3184 3546/4076/3186 3547/4077/3187 3545/4078/3185 
f 3535/4063/3175 3546/4076/3186 3544/4075/3184 3533/4060/3173 
f 1680/1939/1320 3545/4074/3185 3548/4079/3188 1679/1938/1319 
f 1570/1829/1210 1679/1938/1319 3548/4079/3188 2934/3313/2574 
f 3549/4080/3189 2939/3321/2579 2934/3320/2574 3548/4081/3188 
f 3545/4078/3185 3547/4077/3187 3549/4080/3189 3548/4081/3188 
f 3550/4082/3190 3551/4083/3191 3549/4080/3189 3547/4077/3187 
f 3549/4080/3189 3551/4083/3191 2950/3334/2590 2939/3321/2579 
f 2950/3334/2590 3551/4083/3191 3552/4084/3192 2953/3337/2593 
f 3553/4085/3193 3552/4084/3192 3551/4083/3191 3550/4082/3190 
f 3535/4063/3175 3538/4066/3178 3554/4086/3194 3546/4076/3186 
f 3550/4082/3190 3547/4077/3187 3546/4076/3186 3554/4086/3194 
f 3554/4086/3194 3555/4087/3195 3553/4085/3193 3550/4082/3190 
f 3554/4086/3194 3538/4066/3178 3539/4067/3179 3555/4087/3195 
f 3556/4088/3196 1774/2039/1414 1776/2041/1416 2921/3295/2561 
f 3556/4088/3196 3557/4089/3197 1771/2036/1411 1774/2039/1414 
f 3557/4089/3197 3556/4088/3196 3558/4090/3198 3559/4091/3199 
f 2921/3295/2561 2923/3297/2563 3558/4090/3198 3556/4088/3196 
f 1771/2036/1411 3557/4089/3197 3560/4092/3200 1769/2034/1409 
f 1769/2034/1409 3560/4092/3200 3488/3997/3128 1768/2033/1408 
f 3560/4092/3200 3561/4093/3201 3493/4002/3133 3488/3997/3128 
f 3561/4093/3201 3560/4092/3200 3557/4089/3197 3559/4091/3199 
f 3562/4094/3202 3561/4095/3201 3559/4096/3199 3563/4097/3203 
f 3562/4094/3202 3498/4013/3138 3493/4012/3133 3561/4095/3201 
f 1671/1930/1311 3498/4013/3138 3562/4094/3202 3564/4098/3204 
f 3565/4099/3205 3564/4098/3204 3562/4094/3202 3563/4097/3203 
f 2926/3300/2566 3566/4100/3206 3558/4090/3198 2923/3297/2563 
f 3563/4097/3203 3559/4096/3199 3558/4101/3198 3566/4102/3206 
f 3566/4102/3206 3567/4103/3207 3565/4099/3205 3563/4097/3203 
f 2926/3302/2566 2927/3301/2567 3567/4103/3207 3566/4102/3206 
f 3568/4104/3208 1544/1803/1184 1545/1804/1185 3342/3811/2982 
f 3568/4104/3208 3569/4105/3209 1540/1799/1180 1544/1803/1184 
f 3569/4105/3209 3568/4104/3208 3570/4106/3210 3571/4107/3211 
f 3344/3813/2984 3570/4106/3210 3568/4104/3208 3342/3811/2982 
f 1540/1799/1180 3569/4105/3209 3572/4108/3212 1538/1797/1178 
f 2673/2970/2313 1539/1798/1179 1538/1797/1178 3572/4108/3212 
f 3573/4109/3213 2670/2967/2310 2673/2970/2313 3572/4108/3212 
f 3573/4109/3213 3572/4108/3212 3569/4105/3209 3571/4107/3211 
f 3574/4110/3214 3575/4111/3215 3573/4109/3213 3571/4107/3211 
f 3573/4109/3213 3575/4111/3215 2666/2963/2306 2670/2967/2310 
f 3575/4111/3215 2284/2565/1924 2285/2566/1925 2666/2963/2306 
f 2281/2562/1921 2284/2565/1924 3575/4111/3215 3574/4110/3214 
f 3344/3813/2984 3347/3816/2987 3576/4112/3216 3570/4106/3210 
f 3571/4107/3211 3570/4106/3210 3576/4112/3216 3574/4110/3214 
f 3576/4112/3216 2279/2560/1919 2281/2562/1921 3574/4110/3214 
f 2279/2560/1919 3576/4112/3216 3347/3816/2987 1920/2185/1560 
f 3577/4113/3217 2089/2365/1729 1744/2009/1384 3318/3785/2958 
f 2085/2361/1725 2089/2365/1729 3577/4113/3217 3578/4114/3218 
f 3578/4115/3218 3577/4116/3217 3579/4117/3219 3580/4118/3220 
f 3579/4117/3219 3577/4116/3217 3318/3786/2958 3320/3789/2960 
f 3581/4119/3221 2083/2359/1723 2085/2361/1725 3578/4114/3218 
f 2748/4120/2388 2084/2360/1724 2083/2359/1723 3581/4119/3221 
f 2748/3060/2388 3581/4121/3221 3582/4122/3222 2746/3057/2386 
f 3578/4115/3218 3580/4118/3220 3582/4122/3222 3581/4121/3221 
f 3582/4122/3222 3580/4118/3220 3583/4123/3223 3584/4124/3224 
f 2743/3054/2383 2746/3057/2386 3582/4122/3222 3584/4124/3224 
f 3584/4124/3224 1530/1789/1170 1529/1788/1169 2743/3054/2383 
f 1535/1794/1175 1530/1789/1170 3584/4124/3224 3583/4123/3223 
f 3579/4117/3219 3320/3789/2960 3323/3792/2963 3585/4125/3225 
f 3579/4117/3219 3585/4125/3225 3583/4123/3223 3580/4118/3220 
f 3585/4125/3225 1548/1807/1188 1535/1794/1175 3583/4123/3223 
f 1548/1807/1188 3585/4125/3225 3323/3792/2963 1551/1810/1191 
f 3586/4126/3226 3587/4127/3227 2997/3392/2637 2996/3391/2636 
f 3588/4128/3228 3587/4127/3227 3586/4126/3226 3589/4129/3229 
f 3589/4129/3229 3586/4126/3226 3590/4130/3230 3591/4131/3231 
f 2996/3391/2636 2999/3394/2639 3590/4130/3230 3586/4126/3226 
f 3592/4132/3232 3593/4133/3233 3588/4128/3228 3589/4129/3229 
f 3286/3751/2926 2109/2385/1749 3593/4133/3233 3592/4132/3232 
f 3594/4134/3234 3291/3756/2931 3286/3751/2926 3592/4132/3232 
f 3589/4129/3229 3591/4131/3231 3594/4134/3234 3592/4132/3232 
f 3594/4134/3234 3591/4131/3231 3595/4135/3235 3596/4136/3236 
f 3594/4134/3234 3596/4136/3236 3299/3764/2939 3291/3756/2931 
f 3299/3764/2939 3596/4136/3236 1944/2209/1584 1945/2210/1585 
f 1941/2206/1581 1944/2209/1584 3596/4136/3236 3595/4135/3235 
f 3002/3397/2642 3597/4137/3237 3590/4130/3230 2999/3394/2639 
f 3590/4130/3230 3597/4137/3237 3595/4135/3235 3591/4131/3231 
f 3597/4137/3237 1938/2203/1578 1941/2206/1581 3595/4135/3235 
f 1938/2203/1578 3597/4137/3237 3002/3397/2642 1939/2204/1579 
f 3598/4138/3238 3599/4139/3239 2695/2998/2335 2692/2994/2332 
f 3600/4140/3240 3601/4141/3241 3599/4139/3239 3598/4138/3238 
f 3600/4140/3240 3598/4138/3238 3602/4142/3242 3603/4143/3243 
f 3602/4142/3242 3598/4138/3238 2692/2994/2332 2681/2978/2321 
f 3604/4144/3244 3601/4141/3241 3600/4140/3240 3605/4145/3245 
f 2715/3026/2355 2714/3025/2354 3604/4144/3244 3605/4145/3245 
f 2720/3031/2360 2715/3026/2355 3605/4145/3245 3606/4146/3246 
f 3600/4140/3240 3603/4143/3243 3606/4146/3246 3605/4145/3245 
f 3607/4147/3247 3606/4146/3246 3603/4143/3243 3608/4148/3248 
f 2731/3042/2371 2720/3031/2360 3606/4146/3246 3607/4147/3247 
f 3607/4147/3247 1837/2102/1477 1839/2104/1479 2731/3042/2371 
f 3608/4148/3248 1831/2096/1471 1837/2102/1477 3607/4147/3247 
f 3602/4142/3242 2681/2978/2321 2675/2972/2315 3609/4149/3249 
f 3602/4142/3242 3609/4149/3249 3608/4148/3248 3603/4143/3243 
f 3609/4149/3249 1828/2093/1468 1831/2096/1471 3608/4148/3248 
f 1828/2093/1468 3609/4149/3249 2675/2972/2315 1829/2094/1469 
f 3610/4150/3250 1537/1796/1177 1539/1798/1179 2672/2969/2312 
f 3610/4150/3250 3611/4151/3251 1531/1790/1171 1537/1796/1177 
f 3612/4152/3252 3613/4153/3253 3611/4151/3251 3610/4150/3250 
f 3612/4152/3252 3610/4150/3250 2672/2969/2312 2665/2962/2305 
f 3614/4154/3254 1528/1787/1168 1531/1790/1171 3611/4151/3251 
f 2744/3055/2384 1529/1788/1169 1528/1787/1168 3614/4154/3254 
f 3615/4155/3255 2738/3049/2378 2744/3055/2384 3614/4154/3254 
f 3615/4155/3255 3614/4154/3254 3611/4151/3251 3613/4153/3253 
f 3616/4156/3256 3617/4157/3257 3615/4155/3255 3613/4153/3253 
f 3615/4155/3255 3617/4157/3257 2734/3045/2374 2738/3049/2378 
f 3617/4157/3257 1850/2115/1490 1851/2116/1491 2734/3045/2374 
f 1850/2115/1490 3617/4157/3257 3616/4156/3256 1847/2112/1487 
f 3612/4152/3252 2665/2962/2305 2660/2957/2300 3618/4158/3258 
f 3616/4156/3256 3613/4153/3253 3612/4152/3252 3618/4158/3258 
f 3616/4156/3256 3618/4158/3258 1845/2110/1485 1847/2112/1487 
f 2660/2957/2300 1846/2111/1486 1845/2110/1485 3618/4158/3258 
f 3619/4159/3259 2530/2815/2170 2529/2814/2169 2710/3019/2350 
f 2536/2821/2176 2530/2815/2170 3619/4159/3259 3620/4160/3260 
f 3620/4160/3260 3619/4159/3259 3621/4161/3261 3622/4162/3262 
f 2710/3019/2350 2703/3022/2343 3621/4161/3261 3619/4159/3259 
f 3623/4163/3263 2550/2835/2190 2536/2821/2176 3620/4160/3260 
f 2552/2837/2192 2550/2835/2190 3623/4163/3263 2765/3083/2405 
f 2765/3083/2405 3623/4163/3263 3624/4164/3264 2762/3085/2402 
f 3624/4164/3264 3623/4163/3263 3620/4160/3260 3622/4162/3262 
f 3624/4165/3264 3622/4166/3262 3625/4167/3265 3626/4168/3266 
f 2759/3076/2399 2762/3079/2402 3624/4165/3264 3626/4168/3266 
f 2759/3076/2399 3626/4168/3266 1656/1915/1296 1658/1917/1298 
f 1656/1915/1296 3626/4168/3266 3625/4167/3265 1652/1911/1292 
f 2698/3001/2338 3627/4169/3267 3621/4170/3261 2703/3006/2343 
f 3625/4167/3265 3622/4166/3262 3621/4170/3261 3627/4169/3267 
f 3625/4167/3265 3627/4169/3267 1648/1907/1288 1652/1911/1292 
f 2698/3001/2338 1649/1908/1289 1648/1907/1288 3627/4169/3267 
f 3628/4171/3268 1986/2256/1626 1704/1963/1344 3526/4049/3166 
f 3628/4171/3268 3629/4172/3269 1984/2254/1624 1986/2256/1626 
f 3630/4173/3270 3631/4174/3271 3629/4172/3269 3628/4171/3268 
f 3520/4048/3160 3630/4173/3270 3628/4171/3268 3526/4049/3166 
f 1984/2254/1624 3629/4172/3269 3632/4175/3272 1983/2253/1623 
f 1965/2235/1605 1983/2253/1623 3632/4175/3272 3271/3728/2911 
f 3633/4176/3273 3275/3732/2915 3271/3728/2911 3632/4175/3272 
f 3632/4175/3272 3629/4172/3269 3631/4174/3271 3633/4176/3273 
f 3634/4177/3274 3635/4178/3275 3633/4179/3273 3631/4180/3271 
f 3633/4179/3273 3635/4178/3275 3283/3747/2923 3275/3746/2915 
f 3285/3750/2925 3283/3747/2923 3635/4178/3275 3636/4181/3276 
f 3637/4182/3277 3636/4181/3276 3635/4178/3275 3634/4177/3274 
f 3520/4038/3160 3513/4031/3153 3638/4183/3278 3630/4184/3270 
f 3634/4177/3274 3631/4180/3271 3630/4184/3270 3638/4183/3278 
f 3638/4183/3278 3639/4185/3279 3637/4182/3277 3634/4177/3274 
f 3639/4185/3279 3638/4183/3278 3513/4031/3153 3512/4030/3152 
f 3640/4186/3280 1512/1771/1152 1513/1772/1153 3224/4187/2864 
f 3640/4186/3280 3641/4188/3281 1507/1766/1147 1512/1771/1152 
f 3641/4189/3281 3640/4190/3280 3642/4191/3282 3643/4192/3283 
f 3224/3667/2864 3219/3659/2859 3642/4191/3282 3640/4190/3280 
f 1507/1766/1147 3641/4188/3281 3644/4193/3284 1503/1762/1143 
f 1503/1762/1143 3644/4193/3284 3202/3634/2842 1504/1763/1144 
f 3645/4194/3285 3207/3640/2847 3202/3639/2842 3644/4195/3284 
f 3645/4194/3285 3644/4195/3284 3641/4189/3281 3643/4192/3283 
f 3645/4194/3285 3643/4192/3283 3646/4196/3286 3647/4197/3287 
f 3645/4194/3285 3647/4197/3287 3212/3652/2852 3207/3640/2847 
f 3212/3652/2852 3647/4197/3287 1979/2249/1619 1971/2241/1611 
f 3647/4197/3287 3646/4196/3286 1974/2244/1614 1979/2249/1619 
f 3214/3654/2854 3648/4198/3288 3642/4191/3282 3219/3659/2859 
f 3646/4196/3286 3643/4192/3283 3642/4191/3282 3648/4198/3288 
f 1974/2244/1614 3646/4196/3286 3648/4198/3288 1973/2243/1613 
f 1973/2243/1613 3648/4198/3288 3214/3654/2854 1692/1951/1332 
f 3649/4199/3289 1904/2169/1544 1903/2168/1543 3439/3938/3079 
f 1910/2175/1550 1904/2169/1544 3649/4199/3289 3650/4200/3290 
f 3650/4200/3290 3649/4199/3289 3651/4201/3291 3652/4202/3292 
f 3649/4199/3289 3439/3938/3079 3440/3939/3080 3651/4201/3291 
f 3653/4203/3293 1923/2188/1563 1910/2175/1550 3650/4200/3290 
f 1926/2191/1566 1923/2188/1563 3653/4203/3293 3414/3907/3054 
f 3653/4203/3293 3654/4204/3294 3418/3911/3058 3414/3907/3054 
f 3650/4200/3290 3652/4202/3292 3654/4204/3294 3653/4203/3293 
f 3654/4204/3294 3652/4202/3292 3655/4205/3295 3656/4206/3296 
f 3656/4207/3296 3424/3923/3064 3418/3922/3058 3654/4208/3294 
f 3424/3923/3064 3656/4207/3296 1807/2072/1447 1806/2071/1446 
f 1812/2077/1452 1807/2072/1447 3656/4207/3296 3655/4209/3295 
f 3657/4210/3297 3651/4201/3291 3440/3939/3080 3444/3944/3084 
f 3655/4205/3295 3652/4202/3292 3651/4201/3291 3657/4210/3297 
f 3657/4211/3297 1823/2088/1463 1812/2077/1452 3655/4209/3295 
f 3444/3945/3084 1826/2091/1466 1823/2088/1463 3657/4211/3297 
f 3658/4212/3298 2590/2880/2230 2591/2881/2231 3354/3823/2994 
f 2586/2876/2226 2590/2880/2230 3658/4212/3298 3659/4213/3299 
f 3660/4214/3300 3659/4213/3299 3658/4212/3298 3661/4215/3301 
f 3658/4212/3298 3354/3823/2994 3355/3824/2995 3661/4215/3301 
f 3662/4216/3302 3661/4217/3301 3355/3830/2995 3359/3831/2999 
f 3663/4218/3303 3660/4219/3300 3661/4217/3301 3662/4216/3302 
f 3662/4216/3302 2571/2860/2211 2561/2859/2201 3663/4218/3303 
f 3359/3831/2999 2505/2790/2145 2571/2860/2211 3662/4216/3302 
f 3664/4220/3304 2570/2858/2210 2515/2800/2155 3665/4221/3305 
f 2567/2857/2207 2570/2858/2210 3664/4220/3304 3666/4222/3306 
f 3667/4223/3307 3668/4224/3308 3666/4222/3306 3664/4220/3304 
f 3669/4225/3309 3667/4223/3307 3664/4220/3304 3665/4221/3305 
f 3669/4225/3309 3670/4226/3310 3671/4227/3311 3667/4223/3307 
f 3672/4228/3312 3668/4224/3308 3667/4223/3307 3671/4227/3311 
f 3671/4227/3311 2630/4229/2270 2631/4230/2271 3672/4228/3312 
f 3671/4227/3311 3670/4226/3310 2498/4231/2138 2630/4229/2270 
f 3673/4232/3313 2520/2805/2160 2521/2806/2161 2866/3218/2506 
f 2516/2801/2156 2520/2805/2160 3673/4232/3313 3674/4233/3314 
f 3675/4234/3315 3674/4233/3314 3673/4232/3313 3676/4235/3316 
f 2866/3218/2506 2868/3220/2508 3676/4235/3316 3673/4232/3313 
f 3677/4236/3317 2514/2799/2154 2516/2801/2156 3674/4233/3314 
f 3665/4221/3305 2515/2800/2155 2514/2799/2154 3677/4236/3317 
f 3677/4236/3317 3678/4237/3318 3669/4225/3309 3665/4221/3305 
f 3674/4233/3314 3675/4234/3315 3678/4237/3318 3677/4236/3317 
f 3679/4238/3319 3680/4239/3320 3678/4237/3318 3675/4234/3315 
f 3680/4239/3320 3670/4226/3310 3669/4225/3309 3678/4237/3318 
f 2498/4231/2138 3670/4226/3310 3680/4239/3320 2497/4240/2137 
f 3679/4238/3319 2494/4241/2134 2497/4240/2137 3680/4239/3320 
f 2871/3223/2511 3681/4242/3321 3676/4235/3316 2868/3220/2508 
f 3679/4238/3319 3675/4234/3315 3676/4235/3316 3681/4242/3321 
f 3681/4242/3321 2492/4243/2132 2494/4241/2134 3679/4238/3319 
f 2492/4243/2132 3681/4242/3321 2871/3223/2511 2352/3224/1992 
f 3682/4244/3322 2634/2931/2274 2633/2930/2273 2768/3088/2408 
f 3682/4244/3322 3683/4245/3323 2641/2938/2281 2634/2931/2274 
f 3684/4246/3324 3683/4247/3323 3682/4248/3322 3685/4249/3325 
f 3682/4248/3322 2768/3091/2408 2770/3090/2410 3685/4249/3325 
f 2641/2938/2281 3683/4245/3323 3686/4250/3326 2654/2951/2294 
f 2908/3274/2548 2657/2954/2297 2654/2951/2294 3686/4250/3326 
f 3687/4251/3327 2905/3270/2545 2908/3273/2548 3686/4252/3326 
f 3686/4252/3326 3683/4247/3323 3684/4246/3324 3687/4251/3327 
f 3687/4251/3327 3684/4246/3324 3688/4253/3328 3689/4254/3329 
f 3687/4251/3327 3689/4254/3329 2903/3268/2543 2905/3270/2545 
f 2903/3268/2543 3689/4254/3329 2545/2830/2185 2547/2832/2187 
f 2542/2827/2182 2545/2830/2185 3689/4254/3329 3688/4253/3328 
f 3685/4249/3325 2770/3090/2410 2775/3098/2415 3690/4255/3330 
f 3684/4246/3324 3685/4249/3325 3690/4255/3330 3688/4253/3328 
f 3690/4255/3330 2539/2824/2179 2542/2827/2182 3688/4253/3328 
f 2539/2824/2179 3690/4255/3330 2775/3098/2415 2540/2825/2180 
f 3691/4256/3331 2146/2422/1786 2148/2424/1788 2782/3107/2422 
f 3691/4256/3331 3692/4257/3332 2142/2418/1782 2146/2422/1786 
f 3691/4256/3331 3693/4258/3333 3694/4259/3334 3692/4257/3332 
f 2782/3107/2422 2783/3109/2423 3693/4258/3333 3691/4256/3331 
f 2142/2418/1782 3692/4257/3332 3695/4260/3335 2140/2416/1780 
f 2807/3142/2447 2141/2417/1781 2140/2416/1780 3695/4260/3335 
f 3696/4261/3336 2804/3137/2444 2807/3142/2447 3695/4260/3335 
f 3692/4257/3332 3694/4259/3334 3696/4261/3336 3695/4260/3335 
f 3696/4262/3336 3694/4263/3334 3697/4264/3337 3698/4265/3338 
f 3696/4262/3336 3698/4265/3338 2803/4266/2443 2804/4267/2444 
f 3698/4265/3338 2440/2725/2080 2439/2724/2079 2803/4266/2443 
f 2445/2730/2085 2440/2725/2080 3698/4265/3338 3697/4264/3337 
f 2786/3114/2426 3699/4268/3339 3693/4269/3333 2783/3115/2423 
f 3697/4264/3337 3694/4263/3334 3693/4269/3333 3699/4268/3339 
f 3699/4268/3339 2459/2744/2099 2445/2730/2085 3697/4264/3337 
f 2786/3114/2426 2461/2746/2101 2459/2744/2099 3699/4268/3339 
f 2465/2750/2105 2464/2749/2104 2911/3286/2551 3700/4270/3340 
f 3700/4270/3340 3701/4271/3341 2470/2755/2110 2465/2750/2105 
f 3702/4272/3342 3701/4271/3341 3700/4270/3340 3703/4273/3343 
f 2911/3286/2551 2900/4274/2540 3703/4273/3343 3700/4270/3340 
f 2470/2755/2110 3701/4271/3341 3704/4275/3344 2483/2768/2123 
f 2486/2771/2126 2483/2768/2123 3704/4275/3344 2876/3229/2516 
f 3705/4276/3345 2873/3226/2513 2876/3229/2516 3704/4275/3344 
f 3705/4276/3345 3704/4275/3344 3701/4271/3341 3702/4272/3342 
f 3706/4277/3346 3707/4278/3347 3705/4279/3345 3702/4280/3342 
f 3705/4276/3345 3707/4281/3347 2872/3225/2512 2873/3226/2513 
f 2872/4282/2512 3707/4278/3347 2351/2632/1991 2352/2633/1992 
f 3706/4277/3346 2347/2628/1987 2351/2632/1991 3707/4278/3347 
f 2895/3257/2535 3708/4283/3348 3703/4284/3343 2900/3264/2540 
f 3702/4280/3342 3703/4284/3343 3708/4283/3348 3706/4277/3346 
f 3708/4283/3348 2345/2626/1985 2347/2628/1987 3706/4277/3346 
f 2345/2626/1985 3708/4283/3348 2895/3257/2535 2346/2627/1986 
f 3709/4285/3349 2538/2823/2178 2540/2825/2180 2776/3099/2416 
f 3709/4285/3349 3710/4286/3350 2532/2817/2172 2538/2823/2178 
f 3711/4287/3351 3710/4286/3350 3709/4285/3349 3712/4288/3352 
f 3709/4285/3349 2776/3099/2416 2777/3100/2417 3712/4288/3352 
f 2532/2817/2172 3710/4286/3350 3713/4289/3353 2528/2813/2168 
f 2711/3020/2351 2529/2814/2169 2528/2813/2168 3713/4289/3353 
f 2708/3013/2348 2711/3020/2351 3713/4289/3353 3714/4290/3354 
f 3714/4290/3354 3713/4289/3353 3710/4286/3350 3711/4287/3351 
f 3715/4291/3355 3716/4292/3356 3714/4290/3354 3711/4287/3351 
f 3714/4290/3354 3716/4292/3356 2704/3010/2344 2708/3013/2348 
f 2704/3007/2344 3716/4293/3356 2151/2427/1791 1821/2086/1461 
f 2151/2427/1791 3716/4293/3356 3715/4294/3355 2149/2425/1789 
f 3712/4288/3352 2777/3100/2417 2781/3104/2421 3717/4295/3357 
f 3715/4291/3355 3711/4287/3351 3712/4288/3352 3717/4295/3357 
f 3715/4294/3355 3717/4296/3357 2147/2423/1787 2149/2425/1789 
f 2147/2423/1787 3717/4296/3357 2781/3105/2421 2148/2424/1788 
f 3718/4297/3358 2429/2714/2069 2430/2715/2070 2879/3232/2519 
f 3718/4297/3358 3719/4298/3359 2426/2711/2066 2429/2714/2069 
f 3720/4299/3360 3719/4298/3359 3718/4297/3358 3721/4300/3361 
f 3718/4297/3358 2879/3232/2519 2881/3234/2521 3721/4300/3361 
f 2426/2711/2066 3719/4298/3359 3722/4301/3362 2423/2708/2063 
f 2424/2709/2064 2423/2708/2063 3722/4301/3362 2853/3205/2493 
f 3723/4302/3363 2852/3204/2492 2853/3205/2493 3722/4301/3362 
f 3719/4298/3359 3720/4299/3360 3723/4302/3363 3722/4301/3362 
f 3723/4302/3363 3720/4299/3360 3724/4303/3364 3725/4304/3365 
f 3723/4302/3363 3725/4304/3365 2849/3201/2489 2852/3204/2492 
f 2480/2765/2120 2849/3201/2489 3725/4304/3365 2479/2764/2119 
f 3725/4304/3365 3724/4303/3364 2476/2761/2116 2479/2764/2119 
f 3721/4300/3361 2881/3234/2521 2887/3240/2527 3726/4305/3366 
f 3720/4299/3360 3721/4300/3361 3726/4305/3366 3724/4303/3364 
f 2476/2761/2116 3724/4303/3364 3726/4305/3366 2474/2759/2114 
f 2887/3240/2527 2473/2758/2113 2474/2759/2114 3726/4305/3366 
f 2461/2746/2101 2784/3110/2424 3727/4306/3367 2460/2745/2100 
f 3728/4307/3368 2457/2742/2097 2460/2745/2100 3727/4306/3367 
f 3729/4308/3369 3730/4309/3370 3728/4307/3368 3727/4306/3367 
f 3727/4306/3367 2784/3110/2424 2773/3095/2413 3729/4308/3369 
f 3731/4310/3371 2455/2740/2095 2457/2742/2097 3728/4307/3368 
f 2823/3164/2463 2456/2741/2096 2455/2740/2095 3731/4310/3371 
f 3732/4311/3372 2820/3155/2460 2823/3164/2463 3731/4310/3371 
f 3732/4311/3372 3731/4310/3371 3728/4307/3368 3730/4309/3370 
f 3732/4311/3372 3730/4309/3370 3733/4312/3373 3734/4313/3374 
f 3732/4311/3372 3734/4313/3374 2817/3152/2457 2820/3155/2460 
f 3734/4313/3374 2643/2940/2283 2644/2941/2284 2817/3152/2457 
f 3733/4312/3373 2637/2934/2277 2643/2940/2283 3734/4313/3374 
f 3729/4308/3369 2773/3095/2413 2766/3086/2406 3735/4314/3375 
f 3729/4308/3369 3735/4314/3375 3733/4312/3373 3730/4309/3370 
f 3735/4314/3375 2636/2933/2276 2637/2934/2277 3733/4312/3373 
f 2636/2933/2276 3735/4314/3375 2766/3086/2406 2633/2930/2273 
f 3736/4315/3376 2447/4316/2087 2448/3180/2088 2832/3179/2472 
f 3737/4317/3377 2441/2726/2081 2447/2732/2087 3736/4318/3376 
f 3738/4319/3378 3739/4320/3379 3737/4321/3377 3736/4315/3376 
f 2832/3179/2472 2836/3184/2476 3738/4319/3378 3736/4315/3376 
f 2438/2723/2078 2441/2726/2081 3737/4317/3377 3740/4322/3380 
f 2802/4323/2442 2439/2724/2079 2438/2723/2078 3740/4322/3380 
f 3741/4324/3381 2798/3134/2438 2802/3133/2442 3740/4325/3380 
f 3741/4324/3381 3740/4325/3380 3737/4321/3377 3739/4320/3379 
f 3742/4326/3382 3741/4327/3381 3739/4328/3379 3743/4329/3383 
f 3741/4327/3381 3742/4326/3382 2797/3126/2437 2798/3127/2438 
f 2797/3126/2437 3742/4326/3382 2410/2695/2050 2411/2696/2051 
f 2407/2692/2047 2410/2695/2050 3742/4326/3382 3743/4329/3383 
f 2838/3189/2478 3744/4330/3384 3738/4331/3378 2836/3191/2476 
f 3743/4329/3383 3739/4328/3379 3738/4331/3378 3744/4330/3384 
f 3744/4330/3384 2406/2691/2046 2407/2692/2047 3743/4329/3383 
f 2406/2691/2046 3744/4330/3384 2838/3189/2478 2405/2690/2045 
f 2472/2757/2112 2473/2758/2113 2886/3239/2526 3745/4332/3385 
f 2466/2751/2106 2472/2757/2112 3745/4332/3385 3746/4333/3386 
f 3747/4334/3387 3746/4335/3386 3745/4336/3385 3748/4337/3388 
f 2886/4338/2526 2889/4339/2529 3748/4337/3388 3745/4336/3385 
f 3749/4340/3389 2463/2748/2103 2466/2751/2106 3746/4333/3386 
f 2913/3287/2553 2464/2749/2104 2463/2748/2103 3749/4340/3389 
f 3750/4341/3390 2910/3283/2550 2913/3282/2553 3749/4342/3389 
f 3746/4335/3386 3747/4334/3387 3750/4341/3390 3749/4342/3389 
f 3750/4343/3390 3747/4344/3387 3751/4345/3391 3752/4346/3392 
f 3750/4343/3390 3752/4346/3392 2909/3276/2549 2910/4347/2550 
f 2909/3276/2549 3752/4346/3392 2656/2953/2296 2657/2954/2297 
f 3751/4345/3391 2653/2950/2293 2656/2953/2296 3752/4346/3392 
f 2892/3248/2532 3753/4348/3393 3748/4349/3388 2889/4350/2529 
f 3747/4344/3387 3748/4349/3388 3753/4348/3393 3751/4345/3391 
f 3751/4345/3391 3753/4348/3393 2651/2948/2291 2653/2950/2293 
f 2651/2948/2291 3753/4348/3393 2892/3248/2532 2652/2949/2292 
f 2526/2811/2166 2527/2812/2167 2788/3117/2428 3754/4351/3394 
f 3754/4351/3394 3755/4352/3395 2523/2808/2163 2526/2811/2166 
f 3755/4352/3395 3754/4351/3394 3756/4353/3396 3757/4354/3397 
f 3756/4353/3396 3754/4351/3394 2788/3117/2428 2791/3120/2431 
f 2523/2808/2163 3755/4352/3395 3758/4355/3398 2522/2807/2162 
f 2521/2806/2161 2522/2807/2162 3758/4355/3398 2865/3217/2505 
f 3759/4356/3399 2860/3212/2500 2865/3217/2505 3758/4355/3398 
f 3758/4355/3398 3755/4352/3395 3757/4354/3397 3759/4356/3399 
f 3759/4356/3399 3757/4354/3397 3760/4357/3400 3761/4358/3401 
f 3759/4356/3399 3761/4358/3401 2858/3210/2498 2860/3212/2500 
f 2858/3210/2498 3761/4358/3401 2388/2673/2028 2387/2672/2027 
f 3760/4357/3400 2395/2680/2035 2388/2673/2028 3761/4358/3401 
f 3756/4353/3396 2791/3120/2431 2796/3125/2436 3762/4359/3402 
f 3756/4353/3396 3762/4359/3402 3760/4357/3400 3757/4354/3397 
f 3762/4359/3402 2408/2693/2048 2395/2680/2035 3760/4357/3400 
f 2796/3125/2436 2411/2696/2051 2408/2693/2048 3762/4359/3402 
f 3763/4360/3403 2404/2689/2044 2405/2690/2045 2837/3188/2477 
f 3763/4360/3403 3764/4361/3404 2401/2686/2041 2404/2689/2044 
f 3765/4362/3405 3764/4361/3404 3763/4360/3403 3766/4363/3406 
f 2837/3188/2477 2831/3178/2471 3766/4363/3406 3763/4360/3403 
f 2401/2686/2041 3764/4361/3404 3767/4364/3407 2399/2684/2039 
f 2841/3193/2481 2398/2683/2038 2399/2684/2039 3767/4364/3407 
f 3768/4365/3408 2847/3199/2487 2841/3193/2481 3767/4364/3407 
f 3764/4361/3404 3765/4362/3405 3768/4365/3408 3767/4364/3407 
f 3768/4365/3408 3765/4362/3405 3769/4366/3409 3770/4367/3410 
f 3768/4365/3408 3770/4367/3410 2855/3207/2495 2847/3199/2487 
f 2855/3207/2495 3770/4367/3410 2422/2707/2062 2424/2709/2064 
f 3769/4366/3409 2416/2701/2056 2422/2707/2062 3770/4367/3410 
f 2826/3173/2466 3771/4368/3411 3766/4363/3406 2831/3178/2471 
f 3766/4363/3406 3771/4368/3411 3769/4366/3409 3765/4362/3405 
f 3771/4368/3411 2413/2698/2053 2416/2701/2056 3769/4366/3409 
f 2826/3173/2466 2414/2699/2054 2413/2698/2053 3771/4368/3411 
f 3772/4369/3412 2435/2720/2075 2436/2721/2076 2808/3143/2448 
f 3772/4369/3412 3773/4370/3413 2432/2717/2072 2435/2720/2075 
f 3774/4371/3414 3773/4370/3413 3772/4369/3412 3775/4372/3415 
f 2808/3143/2448 2812/3147/2452 3775/4372/3415 3772/4369/3412 
f 2432/2717/2072 3773/4370/3413 3776/4373/3416 2431/2716/2071 
f 2430/2715/2070 2431/2716/2071 3776/4373/3416 2877/3230/2517 
f 2877/3230/2517 3776/4373/3416 3777/4374/3417 2884/3237/2524 
f 3777/4374/3417 3776/4373/3416 3773/4370/3413 3774/4371/3414 
f 3778/4375/3418 3779/4376/3419 3777/4377/3417 3774/4378/3414 
f 2891/3249/2531 2884/3252/2524 3777/4377/3417 3779/4376/3419 
f 2891/3247/2531 3779/4379/3419 2650/2947/2290 2652/2949/2292 
f 2650/2947/2290 3779/4379/3419 3778/4380/3418 2646/2943/2286 
f 2818/3160/2458 3780/4381/3420 3775/4382/3415 2812/3161/2452 
f 3778/4375/3418 3774/4378/3414 3775/4382/3415 3780/4381/3420 
f 3778/4380/3418 3780/4383/3420 2645/2942/2285 2646/2943/2286 
f 2818/3153/2458 2644/2941/2284 2645/2942/2285 3780/4383/3420 
f 3781/4384/3421 3782/4385/3422 3783/4386/3423 3784/4387/3424 
f 3781/4384/3421 3784/4387/3424 3785/4388/3425 3786/4389/3426 
f 3784/4387/3424 3787/4390/3427 3788/4391/3428 3785/4388/3425 
f 3784/4387/3424 3783/4386/3423 3411/4392/3051 3787/4390/3427 
f 3785/4388/3425 3789/4393/3429 3790/4394/3430 3786/4389/3426 
f 3790/4394/3430 3789/4393/3429 3791/4395/3431 3792/4396/3432 
f 3793/4397/3433 3391/4398/3031 3791/4395/3431 3789/4393/3429 
f 3789/4393/3429 3785/4388/3425 3788/4391/3428 3793/4397/3433 
f 3794/4399/3434 3795/4400/3435 3793/4401/3433 3788/4402/3428 
f 3391/3877/3031 3793/4401/3433 3795/4400/3435 3389/3875/3029 
f 3389/3875/3029 3795/4400/3435 3604/4144/3244 2714/3025/2354 
f 3604/4144/3244 3795/4400/3435 3794/4399/3434 3601/4141/3241 
f 3787/4403/3427 3411/3904/3051 3412/3905/3052 3796/4404/3436 
f 3794/4399/3434 3788/4402/3428 3787/4403/3427 3796/4404/3436 
f 3794/4399/3434 3796/4404/3436 3599/4139/3239 3601/4141/3241 
f 3599/4139/3239 3796/4404/3436 3412/3905/3052 2695/2998/2335 
f 3797/4405/3437 3798/4406/3438 3799/4407/3439 3800/4408/3440 
f 3797/4405/3437 3800/4408/3440 3801/4409/3441 3802/4410/3442 
f 3803/4411/3443 3801/4409/3441 3800/4408/3440 3804/4412/3444 
f 3800/4408/3440 3799/4407/3439 3805/4413/3445 3804/4412/3444 
f 3801/4409/3441 3806/4414/3446 3807/4415/3447 3802/4410/3442 
f 3806/4414/3446 3808/4416/3448 3809/4417/3449 3807/4415/3447 
f 3806/4414/3446 3810/4418/3450 3811/4419/3451 3808/4416/3448 
f 3810/4418/3450 3806/4414/3446 3801/4409/3441 3803/4411/3443 
f 3812/4420/3452 3813/4421/3453 3810/4418/3450 3803/4411/3443 
f 3813/4421/3453 3814/4422/3454 3811/4419/3451 3810/4418/3450 
f 3814/4422/3454 3813/4421/3453 2995/3390/2635 2997/3392/2637 
f 3812/4420/3452 2990/3385/2630 2995/3390/2635 3813/4421/3453 
f 3804/4412/3444 3805/4413/3445 3815/4423/3455 3816/4424/3456 
f 3803/4411/3443 3804/4412/3444 3816/4424/3456 3812/4420/3452 
f 2986/3381/2626 2990/3385/2630 3812/4420/3452 3816/4424/3456 
f 3816/4424/3456 3815/4423/3455 2987/3382/2627 2986/3381/2626 
f 3817/4425/3457 3818/4426/3458 3819/4427/3459 3820/4428/3460 
f 3817/4425/3457 3820/4428/3460 3821/4429/3461 3822/4430/3462 
f 3823/4431/3463 3821/4429/3461 3820/4428/3460 3824/4432/3464 
f 3820/4428/3460 3819/4427/3459 3825/4433/3465 3824/4432/3464 
f 3821/4429/3461 3826/4434/3466 3827/4435/3467 3822/4430/3462 
f 3828/4436/3468 3827/4435/3467 3826/4434/3466 3829/4437/3469 
f 3830/4438/3470 3829/4437/3469 3826/4434/3466 3831/4439/3471 
f 3831/4439/3471 3826/4434/3466 3821/4429/3461 3823/4431/3463 
f 3832/4440/3472 3833/4441/3473 3831/4439/3471 3823/4431/3463 
f 3834/4442/3474 3830/4438/3470 3831/4439/3471 3833/4441/3473 
f 3834/4442/3474 3833/4441/3473 3015/3413/2655 3017/3415/2657 
f 3832/4440/3472 3010/3405/2650 3015/3413/2655 3833/4441/3473 
f 3824/4432/3464 3825/4433/3465 3835/4443/3475 3836/4444/3476 
f 3832/4440/3472 3823/4431/3463 3824/4432/3464 3836/4444/3476 
f 3005/3400/2645 3010/3405/2650 3832/4440/3472 3836/4444/3476 
f 3836/4444/3476 3835/4443/3475 3006/3401/2646 3005/3400/2645 
f 3837/4445/3477 3838/4446/3478 3839/4447/3479 3840/4448/3480 
f 3840/4448/3480 3839/4447/3479 3841/4449/3481 3842/4450/3482 
f 3843/4451/3483 3841/4449/3481 3839/4447/3479 3844/4452/3484 
f 3839/4447/3479 3838/4446/3478 3845/4453/3485 3844/4452/3484 
f 3841/4449/3481 3846/4454/3486 3847/4455/3487 3842/4450/3482 
f 3798/4406/3438 3847/4455/3487 3846/4454/3486 3799/4407/3439 
f 3805/4413/3445 3799/4407/3439 3846/4454/3486 3848/4456/3488 
f 3841/4449/3481 3843/4451/3483 3848/4456/3488 3846/4454/3486 
f 3848/4456/3488 3843/4451/3483 3849/4457/3489 3850/4458/3490 
f 3815/4423/3455 3805/4413/3445 3848/4456/3488 3850/4458/3490 
f 2987/3382/2627 3815/4423/3455 3850/4458/3490 3035/3436/2675 
f 3849/4457/3489 3030/3431/2670 3035/3436/2675 3850/4458/3490 
f 3844/4452/3484 3845/4453/3485 3851/4459/3491 3852/4460/3492 
f 3843/4451/3483 3844/4452/3484 3852/4460/3492 3849/4457/3489 
f 3028/3429/2668 3030/3431/2670 3849/4457/3489 3852/4460/3492 
f 3852/4460/3492 3851/4459/3491 3025/3426/2665 3028/3429/2668 
f 3853/4461/3493 3854/4462/3494 3855/4463/3495 3856/4464/3496 
f 3854/4462/3494 3853/4461/3493 3857/4465/3497 3858/4466/3498 
f 3859/4467/3499 3857/4465/3497 3853/4461/3493 3860/4468/3500 
f 3853/4461/3493 3856/4464/3496 3861/4469/3501 3860/4468/3500 
f 3857/4465/3497 3862/4470/3502 3863/4471/3503 3858/4466/3498 
f 3863/4471/3503 3862/4470/3502 3838/4446/3478 3837/4445/3477 
f 3864/4472/3504 3845/4453/3485 3838/4446/3478 3862/4470/3502 
f 3864/4472/3504 3862/4470/3502 3857/4465/3497 3859/4467/3499 
f 3864/4472/3504 3859/4467/3499 3865/4473/3505 3866/4474/3506 
f 3864/4472/3504 3866/4474/3506 3851/4459/3491 3845/4453/3485 
f 3025/3426/2665 3851/4459/3491 3866/4474/3506 3056/3457/2696 
f 3056/3457/2696 3866/4474/3506 3865/4473/3505 3054/3455/2694 
f 3867/4475/3507 3860/4468/3500 3861/4469/3501 3868/4476/3508 
f 3865/4473/3505 3859/4467/3499 3860/4468/3500 3867/4475/3507 
f 3865/4473/3505 3867/4475/3507 3052/3453/2692 3054/3455/2694 
f 3053/3454/2693 3052/3453/2692 3867/4475/3507 3868/4476/3508 
f 3869/4477/3509 3870/4478/3510 3828/4436/3468 3829/4437/3469 
f 3870/4478/3510 3869/4477/3509 3871/4479/3511 3872/4480/3512 
f 3873/4481/3513 3874/4482/3514 3871/4479/3511 3869/4477/3509 
f 3830/4438/3470 3873/4481/3513 3869/4477/3509 3829/4437/3469 
f 3871/4479/3511 3875/4483/3515 3876/4484/3516 3872/4480/3512 
f 3877/4485/3517 3876/4484/3516 3875/4483/3515 3878/4486/3518 
f 3878/4486/3518 3875/4483/3515 3879/4487/3519 3880/4488/3520 
f 3879/4487/3519 3875/4483/3515 3871/4479/3511 3874/4482/3514 
f 3881/4489/3521 3882/4490/3522 3879/4487/3519 3874/4482/3514 
f 3883/4491/3523 3880/4488/3520 3879/4487/3519 3882/4490/3522 
f 3072/3478/2712 3883/4491/3523 3882/4490/3522 3071/3477/2711 
f 3881/4489/3521 3068/3471/2708 3071/3477/2711 3882/4490/3522 
f 3830/4438/3470 3834/4442/3474 3884/4492/3524 3873/4481/3513 
f 3881/4489/3521 3874/4482/3514 3873/4481/3513 3884/4492/3524 
f 3067/3469/2707 3068/3471/2708 3881/4489/3521 3884/4492/3524 
f 3067/3469/2707 3884/4492/3524 3834/4442/3474 3017/3415/2657 
f 3885/4493/3525 3886/4494/3526 3887/4495/3527 3888/4496/3528 
f 3889/4497/3529 3890/4498/3530 3885/4493/3525 3888/4496/3528 
f 3891/4499/3531 3892/4500/3532 3889/4497/3529 3888/4496/3528 
f 3887/4495/3527 3893/4501/3533 3891/4499/3531 3888/4496/3528 
f 3894/4502/3534 3890/4498/3530 3889/4497/3529 3895/4503/3535 
f 3855/4463/3495 3894/4502/3534 3895/4503/3535 3856/4464/3496 
f 3861/4469/3501 3856/4464/3496 3895/4503/3535 3896/4504/3536 
f 3896/4504/3536 3895/4503/3535 3889/4497/3529 3892/4500/3532 
f 3897/4505/3537 3896/4504/3536 3892/4500/3532 3898/4506/3538 
f 3868/4476/3508 3861/4469/3501 3896/4504/3536 3897/4505/3537 
f 3868/4476/3508 3897/4505/3537 3083/3489/2723 3053/3454/2693 
f 3898/4506/3538 3078/3484/2718 3083/3489/2723 3897/4505/3537 
f 3899/4507/3539 3900/4508/3540 3891/4499/3531 3893/4501/3533 
f 3892/4500/3532 3891/4499/3531 3900/4508/3540 3898/4506/3538 
f 3074/3480/2714 3078/3484/2718 3898/4506/3538 3900/4508/3540 
f 3074/3480/2714 3900/4508/3540 3899/4507/3539 3075/3481/2715 
f 3901/4509/3541 3877/4485/3517 3878/4486/3518 3902/4510/3542 
f 3901/4509/3541 3902/4510/3542 3903/4511/3543 3904/4512/3544 
f 3903/4511/3543 3902/4510/3542 3905/4513/3545 3906/4514/3546 
f 3880/4488/3520 3905/4513/3545 3902/4510/3542 3878/4486/3518 
f 3903/4511/3543 3907/4515/3547 3908/4516/3548 3904/4512/3544 
f 3909/4517/3549 3908/4516/3548 3907/4515/3547 3910/4518/3550 
f 3907/4515/3547 3911/4519/3551 3912/4520/3552 3910/4518/3550 
f 3911/4519/3551 3907/4515/3547 3903/4511/3543 3906/4514/3546 
f 3911/4519/3551 3906/4514/3546 3913/4521/3553 3914/4522/3554 
f 3914/4522/3554 3915/4523/3555 3912/4520/3552 3911/4519/3551 
f 3104/3514/2744 3915/4523/3555 3914/4522/3554 3103/3513/2743 
f 3103/3513/2743 3914/4522/3554 3913/4521/3553 3100/3510/2740 
f 3880/4488/3520 3883/4491/3523 3916/4524/3556 3905/4513/3545 
f 3913/4521/3553 3906/4514/3546 3905/4513/3545 3916/4524/3556 
f 3100/3510/2740 3913/4521/3553 3916/4524/3556 3099/3509/2739 
f 3916/4524/3556 3883/4491/3523 3072/3478/2712 3099/3509/2739 
f 3917/4525/3557 3918/4526/3558 3919/4527/3559 3920/4528/3560 
f 3921/4529/3561 3922/4530/3562 3918/4526/3558 3917/4525/3557 
f 3917/4525/3557 3923/4531/3563 3924/4532/3564 3921/4529/3561 
f 3920/4528/3560 3925/4533/3565 3923/4531/3563 3917/4525/3557 
f 3926/4534/3566 3927/4535/3567 3922/4530/3562 3921/4529/3561 
f 3927/4535/3567 3926/4534/3566 3928/4536/3568 3929/4537/3569 
f 3928/4536/3568 3926/4534/3566 3930/4538/3570 3931/4539/3571 
f 3921/4529/3561 3924/4532/3564 3930/4538/3570 3926/4534/3566 
f 3932/4540/3572 3930/4538/3570 3924/4532/3564 3933/4541/3573 
f 3931/4539/3571 3930/4538/3570 3932/4540/3572 3934/4542/3574 
f 3114/3524/2754 3934/4542/3574 3932/4540/3572 3112/3522/2752 
f 3933/4541/3573 3108/3518/2748 3112/3522/2752 3932/4540/3572 
f 3935/4543/3575 3936/4544/3576 3923/4531/3563 3925/4533/3565 
f 3933/4541/3573 3924/4532/3564 3923/4531/3563 3936/4544/3576 
f 3936/4544/3576 3106/3516/2746 3108/3518/2748 3933/4541/3573 
f 3106/3516/2746 3936/4544/3576 3935/4543/3575 2118/2394/1758 
f 3937/4545/3577 3938/4546/3578 3929/4537/3569 3928/4536/3568 
f 3938/4546/3578 3937/4545/3577 3939/4547/3579 3940/4548/3580 
f 3941/4549/3581 3939/4547/3579 3937/4545/3577 3942/4550/3582 
f 3931/4539/3571 3942/4550/3582 3937/4545/3577 3928/4536/3568 
f 3939/4547/3579 3943/4551/3583 3944/4552/3584 3940/4548/3580 
f 3944/4552/3584 3943/4551/3583 3819/4427/3459 3818/4426/3458 
f 3945/4553/3585 3825/4433/3465 3819/4427/3459 3943/4551/3583 
f 3939/4547/3579 3941/4549/3581 3945/4553/3585 3943/4551/3583 
f 3945/4553/3585 3941/4549/3581 3946/4554/3586 3947/4555/3587 
f 3945/4553/3585 3947/4555/3587 3835/4443/3475 3825/4433/3465 
f 3006/3401/2646 3835/4443/3475 3947/4555/3587 3128/3542/2768 
f 3128/3542/2768 3947/4555/3587 3946/4554/3586 3124/3538/2764 
f 3934/4542/3574 3948/4556/3588 3942/4550/3582 3931/4539/3571 
f 3946/4554/3586 3941/4549/3581 3942/4550/3582 3948/4556/3588 
f 3946/4554/3586 3948/4556/3588 3121/3535/2761 3124/3538/2764 
f 3948/4556/3588 3934/4542/3574 3114/3524/2754 3121/3535/2761 
f 3949/4557/3589 3909/4517/3549 3910/4518/3550 3950/4558/3590 
f 3951/4559/3591 3952/4560/3592 3949/4557/3589 3950/4558/3590 
f 3951/4559/3591 3950/4558/3590 3953/4561/3593 3954/4562/3594 
f 3950/4558/3590 3910/4518/3550 3912/4520/3552 3953/4561/3593 
f 3955/4563/3595 3956/4564/3596 3952/4560/3592 3951/4559/3591 
f 3887/4495/3527 3886/4494/3526 3956/4564/3596 3955/4563/3595 
f 3893/4501/3533 3887/4495/3527 3955/4563/3595 3957/4565/3597 
f 3955/4563/3595 3951/4559/3591 3954/4562/3594 3957/4565/3597 
f 3957/4565/3597 3954/4562/3594 3958/4566/3598 3959/4567/3599 
f 3899/4507/3539 3893/4501/3533 3957/4565/3597 3959/4567/3599 
f 3899/4507/3539 3959/4567/3599 3312/3777/2952 3075/3481/2715 
f 3958/4566/3598 3310/3775/2950 3312/3777/2952 3959/4567/3599 
f 3953/4561/3593 3912/4520/3552 3915/4523/3555 3960/4568/3600 
f 3958/4566/3598 3954/4562/3594 3953/4561/3593 3960/4568/3600 
f 3960/4568/3600 3309/3774/2949 3310/3775/2950 3958/4566/3598 
f 3960/4568/3600 3915/4523/3555 3104/3514/2744 3309/3774/2949 
f 3809/4417/3449 3808/4416/3448 3961/4569/3601 3962/4570/3602 
f 3962/4570/3602 3961/4569/3601 3963/4571/3603 3964/4572/3604 
f 3965/4573/3605 3966/4574/3606 3963/4571/3603 3961/4569/3601 
f 3961/4569/3601 3808/4416/3448 3811/4419/3451 3965/4573/3605 
f 3963/4571/3603 3967/4575/3607 3968/4576/3608 3964/4572/3604 
f 3968/4576/3608 3967/4575/3607 3969/4577/3609 3970/4578/3610 
f 3971/4579/3611 3969/4577/3609 3967/4575/3607 3972/4580/3612 
f 3967/4575/3607 3963/4571/3603 3966/4574/3606 3972/4580/3612 
f 3973/4581/3613 3974/4582/3531 3972/4580/3612 3966/4574/3606 
f 3971/4579/3611 3972/4580/3612 3974/4582/3531 3975/4583/3614 
f 3974/4582/3531 3593/4133/3233 2109/2385/1749 3975/4583/3614 
f 3973/4581/3613 3588/4128/3228 3593/4133/3233 3974/4582/3531 
f 3965/4573/3605 3811/4419/3451 3814/4422/3454 3976/4584/3615 
f 3965/4573/3605 3976/4584/3615 3973/4581/3613 3966/4574/3606 
f 3976/4584/3615 3587/4127/3227 3588/4128/3228 3973/4581/3613 
f 3587/4127/3227 3976/4584/3615 3814/4422/3454 2997/3392/2637 
f 3977/4585/3616 3970/4578/3610 3969/4577/3609 3978/4586/3617 
f 3979/4587/3618 3977/4585/3616 3978/4586/3617 3980/4588/3619 
f 3978/4586/3617 3981/4589/3620 3982/4590/3621 3980/4588/3619 
f 3971/4579/3611 3981/4589/3620 3978/4586/3617 3969/4577/3609 
f 3983/4591/3622 3984/4592/3623 3979/4587/3618 3980/4588/3619 
f 3920/4528/3560 3919/4527/3559 3984/4592/3623 3983/4591/3622 
f 3985/4593/3624 3925/4533/3565 3920/4528/3560 3983/4591/3622 
f 3980/4588/3619 3982/4590/3621 3985/4593/3624 3983/4591/3622 
f 3986/4594/3625 3985/4593/3624 3982/4590/3621 3987/4595/3626 
f 3985/4593/3624 3986/4594/3625 3935/4543/3575 3925/4533/3565 
f 3935/4543/3575 3986/4594/3625 2116/2392/1756 2118/2394/1758 
f 3986/4594/3625 3987/4595/3626 2112/2388/1752 2116/2392/1756 
f 3971/4579/3611 3975/4583/3614 3988/4596/3627 3981/4589/3620 
f 3987/4595/3626 3982/4590/3621 3981/4589/3620 3988/4596/3627 
f 2112/2388/1752 3987/4595/3626 3988/4596/3627 2108/2384/1748 
f 3975/4583/3614 2109/2385/1749 2108/2384/1748 3988/4596/3627 
f 3989/4597/3628 3990/4598/3629 3991/4599/3630 3992/4600/3631 
f 3991/4599/3630 3990/4598/3629 3993/4601/3632 3994/4602/3633 
f 3993/4601/3632 3990/4598/3629 3995/4603/3634 3996/4604/3635 
f 3989/4597/3628 3997/4605/3636 3995/4603/3634 3990/4598/3629 
f 3993/4601/3632 3998/4606/3637 3999/4607/3638 3994/4602/3633 
f 4000/4608/3639 4001/4609/3640 3999/4607/3638 3998/4606/3637 
f 4002/4610/3641 4000/4608/3639 3998/4606/3637 4003/4611/3642 
f 3998/4606/3637 3993/4601/3632 3996/4604/3635 4003/4611/3642 
f 4004/4612/3643 4003/4611/3642 3996/4604/3635 4005/4613/3644 
f 4002/4610/3641 4003/4611/3642 4004/4612/3643 4006/4614/3645 
f 4004/4612/3643 4007/4615/3646 4008/4616/3647 4006/4614/3645 
f 4005/4613/3644 4009/4617/3648 4007/4615/3646 4004/4612/3643 
f 4010/4618/3649 4011/4619/3650 3995/4603/3634 3997/4605/3636 
f 4005/4613/3644 3996/4604/3635 3995/4603/3634 4011/4619/3650 
f 4012/4620/3651 4009/4617/3648 4005/4613/3644 4011/4619/3650 
f 4010/4618/3649 4013/4621/3652 4012/4620/3651 4011/4619/3650 
f 4014/4622/3653 2236/2517/1876 2235/2516/1875 4015/4623/3654 
f 4016/4624/3655 4017/4625/3656 4014/4622/3653 4015/4623/3654 
f 4018/4626/3657 4016/4624/3655 4015/4623/3654 4019/4627/3658 
f 2237/2518/1877 4019/4627/3658 4015/4623/3654 2235/2516/1875 
f 4020/4628/3659 4021/4629/3660 4017/4625/3656 4016/4624/3655 
f 4021/4629/3660 4020/4628/3659 2247/2528/1887 2250/2531/1890 
f 2255/2536/1895 2247/2528/1887 4020/4628/3659 4022/4630/3661 
f 4020/4628/3659 4016/4624/3655 4018/4626/3657 4022/4630/3661 
f 4023/4631/3662 4022/4630/3661 4018/4626/3657 4024/4632/3663 
f 2268/2549/1908 2255/2536/1895 4022/4630/3661 4023/4631/3662 
f 2271/2552/1911 2268/2549/1908 4023/4631/3662 4025/4633/3664 
f 4026/4634/3665 4025/4633/3664 4023/4631/3662 4024/4632/3663 
f 2237/2518/1877 2241/2522/1881 4027/4635/3666 4019/4627/3658 
f 4018/4626/3657 4019/4627/3658 4027/4635/3666 4024/4632/3663 
f 4027/4635/3666 4028/4636/3667 4026/4634/3665 4024/4632/3663 
f 4027/4635/3666 2241/2522/1881 2243/2524/1883 4028/4636/3667 
f 4029/4637/3668 2259/2540/1899 2258/2539/1898 4030/4638/3669 
f 4029/4637/3668 4030/4638/3669 4031/4639/3670 4032/4640/3671 
f 4030/4638/3669 4033/4641/3672 4034/4642/3673 4031/4639/3670 
f 4030/4638/3669 2258/2539/1898 2261/2542/1901 4033/4641/3672 
f 4031/4639/3670 4035/4643/3674 4036/4644/3675 4032/4640/3671 
f 4037/4645/3676 4038/4646/3677 4036/4644/3675 4035/4643/3674 
f 4039/4647/3678 4040/4648/3679 4037/4645/3676 4035/4643/3674 
f 4031/4639/3670 4034/4642/3673 4039/4647/3678 4035/4643/3674 
f 4039/4647/3678 4034/4642/3673 4041/4649/3680 4042/4650/3681 
f 4039/4647/3678 4042/4650/3681 4043/4651/3682 4040/4648/3679 
f 4043/4651/3682 4042/4650/3681 4044/4652/3683 4045/4653/3684 
f 4046/4654/3685 4044/4652/3683 4042/4650/3681 4041/4649/3680 
f 4033/4641/3672 2261/2542/1901 2264/2545/1904 4047/4655/3686 
f 4041/4649/3680 4034/4642/3673 4033/4641/3672 4047/4655/3686 
f 4047/4655/3686 4048/4656/3687 4046/4654/3685 4041/4649/3680 
f 4048/4656/3687 4047/4655/3686 2264/2545/1904 2265/2546/1905 
f 2213/2489/1853 4049/4657/3688 4050/4658/3689 2214/2490/1854 
f 4050/4658/3689 4049/4657/3688 4051/4659/3690 4052/4660/3691 
f 4053/4661/3692 4054/4662/3693 4051/4659/3690 4049/4657/3688 
f 2216/2492/1856 4053/4661/3692 4049/4657/3688 2213/2489/1853 
f 4051/4659/3690 4055/4663/3694 4056/4664/3695 4052/4660/3691 
f 4056/4664/3695 4055/4663/3694 3989/4597/3628 3992/4600/3631 
f 3997/4605/3636 3989/4597/3628 4055/4663/3694 4057/4665/3696 
f 4055/4663/3694 4051/4659/3690 4054/4662/3693 4057/4665/3696 
f 4058/4666/3697 4059/4667/3698 4057/4665/3696 4054/4662/3693 
f 3997/4605/3636 4057/4665/3696 4059/4667/3698 4010/4618/3649 
f 4059/4667/3698 4060/4668/3699 4013/4621/3652 4010/4618/3649 
f 4058/4666/3697 4061/4669/3700 4060/4668/3699 4059/4667/3698 
f 2216/2492/1856 2219/2495/1859 4062/4670/3701 4053/4661/3692 
f 4053/4661/3692 4062/4670/3701 4058/4666/3697 4054/4662/3693 
f 4063/4671/3702 4061/4669/3700 4058/4666/3697 4062/4670/3701 
f 4063/4671/3702 4062/4670/3701 2219/2495/1859 2221/4672/1861 
f 2163/2439/1803 4064/4673/3703 4065/4674/3704 2164/2440/1804 
f 4065/4674/3704 4064/4673/3703 4066/4675/3705 4067/4676/3706 
f 4064/4673/3703 4068/4677/3707 4069/4678/3708 4066/4675/3705 
f 2163/2439/1803 2166/2442/1806 4068/4677/3707 4064/4673/3703 
f 4066/4675/3705 4070/4679/3709 4071/4680/3710 4067/4676/3706 
f 4071/4680/3710 4070/4679/3709 2202/2478/1842 2205/2481/1845 
f 4072/4681/3711 2210/2486/1850 2202/2478/1842 4070/4679/3709 
f 4066/4675/3705 4069/4678/3708 4072/4681/3711 4070/4679/3709 
f 4073/4682/3712 4072/4681/3711 4069/4678/3708 4074/4683/3713 
f 4072/4681/3711 4073/4682/3712 2223/2502/1863 2210/2486/1850 
f 2223/2506/1863 4073/4684/3712 4075/4685/3714 2226/2507/1866 
f 4076/4686/3715 4075/4685/3714 4073/4684/3712 4074/4687/3713 
f 2169/2445/1809 4077/4688/3716 4068/4677/3707 2166/2442/1806 
f 4074/4683/3713 4069/4678/3708 4068/4677/3707 4077/4688/3716 
f 4077/4689/3716 4078/4690/3717 4076/4686/3715 4074/4687/3713 
f 4078/4690/3717 4077/4689/3716 2169/4691/1809 2171/4692/1811 
f 4079/4693/3718 4038/4646/3677 4037/4645/3676 4080/4694/3719 
f 4079/4693/3718 4080/4694/3719 4081/4695/3720 4082/4696/3721 
f 4081/4695/3720 4080/4694/3719 4083/4697/3722 4084/4698/3723 
f 4037/4645/3676 4040/4648/3679 4083/4697/3722 4080/4694/3719 
f 4081/4695/3720 4085/4699/3724 4086/4700/3725 4082/4696/3721 
f 2154/2430/1794 4086/4700/3725 4085/4699/3724 2155/2431/1795 
f 2160/2436/1800 2155/2431/1795 4085/4699/3724 4087/4701/3726 
f 4085/4699/3724 4081/4695/3720 4084/4698/3723 4087/4701/3726 
f 4087/4701/3726 4084/4698/3723 4088/4702/3727 4089/4703/3728 
f 2160/2436/1800 4087/4701/3726 4089/4703/3728 2173/2449/1813 
f 2173/2449/1813 4089/4703/3728 4090/4704/3729 2176/2452/1816 
f 4091/4705/3730 4090/4704/3729 4089/4703/3728 4088/4702/3727 
f 4043/4651/3682 4092/4706/3731 4083/4697/3722 4040/4648/3679 
f 4088/4702/3727 4084/4698/3723 4083/4697/3722 4092/4706/3731 
f 4092/4706/3731 4093/4707/3732 4091/4705/3730 4088/4702/3727 
f 4093/4707/3732 4092/4706/3731 4043/4651/3682 4045/4653/3684 
f 4094/4708/3733 4001/4609/3640 4000/4608/3639 4095/4709/3734 
f 4096/4710/3735 4097/4711/3736 4094/4708/3733 4095/4709/3734 
f 4098/4712/3737 4096/4710/3735 4095/4709/3734 4099/4713/3738 
f 4095/4709/3734 4000/4608/3639 4002/4610/3641 4099/4713/3738 
f 4100/4714/3739 4101/4715/3740 4097/4711/3736 4096/4710/3735 
f 2180/2456/1820 4101/4715/3740 4100/4714/3739 2177/2453/1817 
f 2185/2461/1825 2177/2453/1817 4100/4714/3739 4102/4716/3741 
f 4100/4714/3739 4096/4710/3735 4098/4712/3737 4102/4716/3741 
f 4102/4716/3741 4098/4712/3737 4103/4717/3742 4104/4718/3743 
f 2198/2474/1838 2185/2461/1825 4102/4716/3741 4104/4718/3743 
f 4104/4718/3743 4105/4719/3744 2201/2477/1841 2198/2474/1838 
f 4103/4717/3742 4106/4720/3745 4105/4719/3744 4104/4718/3743 
f 4107/4721/3746 4099/4713/3738 4002/4610/3641 4006/4614/3645 
f 4098/4712/3737 4099/4713/3738 4107/4721/3746 4103/4717/3742 
f 4107/4721/3746 4108/4722/3747 4106/4720/3745 4103/4717/3742 
f 4107/4721/3746 4006/4614/3645 4008/4616/3647 4108/4722/3747 
f 4109/4723/3748 4110/4724/3749 4111/4725/3750 4112/4726/3751 
f 4113/4727/3752 4112/4726/3751 4111/4725/3750 4114/4728/3753 
f 4111/4725/3750 4115/4729/3754 4116/4730/3755 4114/4728/3753 
f 4111/4725/3750 4110/4724/3749 4117/4731/3756 4115/4729/3754 
f 4118/4732/3757 4119/4733/3758 4113/4727/3752 4114/4728/3753 
f 4120/4734/3759 4121/4735/3760 4119/4733/3758 4118/4732/3757 
f 4122/4736/3761 4123/4737/3762 4120/4734/3759 4118/4732/3757 
f 4114/4728/3753 4116/4730/3755 4122/4736/3761 4118/4732/3757 
f 4122/4736/3761 4116/4730/3755 4124/4738/3763 4125/4739/3764 
f 4122/4736/3761 4125/4739/3764 4126/4740/3765 4123/4737/3762 
f 4126/4740/3765 4125/4739/3764 4127/4741/3766 4128/4742/3767 
f 4124/4738/3763 4129/4743/3768 4127/4741/3766 4125/4739/3764 
f 4130/4744/3769 4115/4729/3754 4117/4731/3756 4131/4745/3770 
f 4124/4738/3763 4116/4730/3755 4115/4729/3754 4130/4744/3769 
f 4132/4746/3771 4129/4743/3768 4124/4738/3763 4130/4744/3769 
f 4132/4746/3771 4130/4744/3769 4131/4745/3770 4133/4747/3772 
f 4133/4748/3772 4134/4749/3773 4135/4750/3774 4132/4751/3771 
f 4129/4743/3768 4132/4746/3771 4135/4752/3774 4136/4753/3775 
f 4135/4752/3774 4137/4754/3776 4138/4755/3777 4136/4753/3775 
f 4139/4756/3778 4137/4757/3776 4135/4750/3774 4134/4749/3773 
f 4140/4758/3779 4127/4741/3766 4129/4743/3768 4136/4753/3775 
f 4141/4759/3780 4128/4742/3767 4127/4741/3766 4140/4758/3779 
f 4142/4760/3781 4143/4761/3782 4141/4759/3780 4140/4758/3779 
f 4136/4753/3775 4138/4755/3777 4142/4760/3781 4140/4758/3779 
f 4144/4762/3783 4142/4760/3781 4138/4755/3777 4145/4763/3784 
f 4142/4760/3781 4144/4762/3783 4146/4764/3785 4143/4761/3782 
f 4147/4765/3786 4146/4764/3785 4144/4762/3783 4148/4766/3787 
f 4144/4762/3783 4145/4763/3784 4149/4767/3788 4148/4766/3787 
f 4139/4756/3778 4150/4768/3789 4151/4769/3790 4137/4757/3776 
f 4145/4763/3784 4138/4755/3777 4137/4754/3776 4151/4770/3790 
f 4149/4767/3788 4145/4763/3784 4151/4770/3790 4152/4771/3791 
f 4152/4772/3791 4151/4769/3790 4150/4768/3789 4153/4773/3792 
f 4154/4774/3793 4155/4775/3794 4156/4776/3795 4157/4777/3796 
f 4154/4774/3793 4157/4777/3796 4158/4778/3797 4159/4779/3798 
f 4158/4778/3797 4157/4777/3796 4160/4780/3799 4161/4781/3800 
f 4157/4777/3796 4156/4776/3795 4162/4782/3801 4160/4780/3799 
f 4158/4778/3797 4163/4783/3802 4164/4784/3803 4159/4779/3798 
f 4165/4785/3804 4166/4786/3805 4164/4784/3803 4163/4783/3802 
f 4167/4787/3806 4165/4788/3804 4163/4789/3802 4168/4790/3807 
f 4163/4789/3802 4158/4791/3797 4161/4792/3800 4168/4790/3807 
f 4168/4790/3807 4161/4792/3800 4169/4793/3808 4170/4794/3809 
f 4167/4787/3806 4168/4790/3807 4170/4794/3809 4171/4795/3810 
f 4121/4735/3760 4171/4795/3810 4170/4794/3809 4119/4733/3758 
f 4169/4793/3808 4113/4727/3752 4119/4733/3758 4170/4794/3809 
f 4160/4780/3799 4162/4782/3801 4172/4796/3811 4173/4797/3812 
f 4169/4793/3808 4161/4792/3800 4160/4798/3799 4173/4799/3812 
f 4112/4726/3751 4113/4727/3752 4169/4793/3808 4173/4799/3812 
f 4112/4726/3751 4173/4799/3812 4172/4800/3811 4109/4723/3748 
f 4174/4801/3813 4175/4802/3814 4176/4803/3815 4177/4804/3816 
f 4178/4805/3817 4179/4806/3818 4177/4804/3816 4176/4803/3815 
f 4180/4807/3819 4178/4805/3817 4176/4803/3815 4181/4808/3820 
f 4176/4803/3815 4175/4802/3814 4182/4809/3821 4181/4808/3820 
f 4183/4810/3822 4184/4811/3823 4179/4806/3818 4178/4805/3817 
f 4185/4812/3824 4186/4813/3825 4184/4811/3823 4183/4810/3822 
f 4187/4814/3826 4188/4815/3827 4185/4812/3824 4183/4810/3822 
f 4183/4810/3822 4178/4805/3817 4180/4807/3819 4187/4814/3826 
f 4189/4816/3828 4190/4817/3829 4187/4814/3826 4180/4807/3819 
f 4187/4814/3826 4190/4817/3829 4191/4818/3830 4188/4815/3827 
f 4166/4786/3805 4191/4818/3830 4190/4817/3829 4164/4784/3803 
f 4189/4816/3828 4159/4779/3798 4164/4784/3803 4190/4817/3829 
f 4181/4808/3820 4182/4809/3821 4192/4819/3831 4193/4820/3832 
f 4180/4807/3819 4181/4808/3820 4193/4820/3832 4189/4816/3828 
f 4193/4820/3832 4154/4774/3793 4159/4779/3798 4189/4816/3828 
f 4193/4820/3832 4192/4819/3831 4155/4775/3794 4154/4774/3793 
f 4194/4821/3833 4195/4822/3834 4196/4823/3835 4197/4824/3836 
f 4195/4822/3834 4194/4821/3833 4198/4825/3837 4199/4826/3838 
f 4198/4825/3837 4194/4821/3833 4200/4827/3839 4201/4828/3840 
f 4194/4821/3833 4197/4824/3836 4202/4829/3841 4200/4827/3839 
f 4198/4825/3837 4203/4830/3842 4204/4831/3843 4199/4826/3838 
f 4205/4832/3844 4206/4833/3845 4204/4831/3843 4203/4830/3842 
f 4207/4834/3846 4208/4835/3847 4205/4832/3844 4203/4830/3842 
f 4203/4830/3842 4198/4825/3837 4201/4828/3840 4207/4834/3846 
f 4207/4834/3846 4201/4828/3840 4209/4836/3848 4210/4837/3849 
f 4207/4834/3846 4210/4837/3849 4211/4838/3850 4208/4835/3847 
f 4186/4813/3825 4211/4838/3850 4210/4837/3849 4184/4811/3823 
f 4209/4836/3848 4179/4806/3818 4184/4811/3823 4210/4837/3849 
f 4200/4827/3839 4202/4829/3841 4212/4839/3851 4213/4840/3852 
f 4209/4836/3848 4201/4828/3840 4200/4827/3839 4213/4840/3852 
f 4177/4804/3816 4179/4806/3818 4209/4836/3848 4213/4840/3852 
f 4177/4804/3816 4213/4840/3852 4212/4839/3851 4174/4801/3813 
f 4214/4841/3853 4215/4842/3854 4216/4843/3855 4217/4844/3856 
f 4218/4845/3857 4214/4841/3853 4217/4844/3856 4219/4846/3858 
f 4220/4847/3859 4219/4846/3858 4217/4844/3856 4221/4848/3860 
f 4217/4844/3856 4216/4843/3855 4222/4849/3861 4221/4848/3860 
f 4223/4850/3862 4224/4851/3863 4218/4845/3857 4219/4846/3858 
f 4225/4852/3864 4226/4853/3865 4224/4851/3863 4223/4850/3862 
f 4227/4854/3866 4228/4855/3867 4225/4852/3864 4223/4850/3862 
f 4223/4850/3862 4219/4846/3858 4220/4847/3859 4227/4854/3866 
f 4227/4854/3866 4220/4847/3859 4229/4856/3868 4230/4857/3869 
f 4227/4854/3866 4230/4857/3869 4231/4858/3870 4228/4855/3867 
f 4206/4833/3845 4231/4858/3870 4230/4857/3869 4204/4831/3843 
f 4229/4856/3868 4199/4826/3838 4204/4831/3843 4230/4857/3869 
f 4232/4859/3871 4221/4848/3860 4222/4849/3861 4233/4860/3872 
f 4221/4848/3860 4232/4859/3871 4229/4856/3868 4220/4847/3859 
f 4195/4822/3834 4199/4826/3838 4229/4856/3868 4232/4859/3871 
f 4232/4859/3871 4233/4860/3872 4196/4823/3835 4195/4822/3834 
f 4234/4861/3873 4235/4862/3874 4236/4863/3875 4237/4864/3876 
f 4238/4865/3877 4239/4866/3878 4234/4861/3873 4237/4864/3876 
f 4240/4867/3879 4238/4865/3877 4237/4864/3876 4241/4868/3880 
f 4242/4869/3881 4241/4868/3880 4237/4864/3876 4236/4863/3875 
f 4243/4870/3882 4244/4871/3883 4239/4866/3878 4238/4865/3877 
f 4245/4872/3884 4246/4873/3885 4244/4871/3883 4243/4870/3882 
f 4247/4874/3886 4248/4875/3887 4245/4872/3884 4243/4870/3882 
f 4243/4870/3882 4238/4865/3877 4240/4867/3879 4247/4874/3886 
f 4249/4876/3888 4247/4874/3886 4240/4867/3879 4250/4877/3889 
f 4247/4874/3886 4249/4876/3888 4251/4878/3890 4248/4875/3887 
f 4226/4879/3865 4251/4878/3890 4249/4876/3888 4224/4880/3863 
f 4249/4876/3888 4250/4877/3889 4218/4881/3857 4224/4880/3863 
f 4242/4869/3881 4252/4882/3891 4253/4883/3892 4241/4868/3880 
f 4250/4877/3889 4240/4867/3879 4241/4868/3880 4253/4883/3892 
f 4218/4845/3857 4250/4884/3889 4253/4885/3892 4214/4841/3853 
f 4253/4885/3892 4252/4886/3891 4215/4842/3854 4214/4841/3853 
f 4254/4887/3893 4255/4888/3894 4256/4889/3895 4257/4890/3896 
f 4254/4887/3893 4257/4890/3896 4258/4891/3897 4259/4892/3898 
f 4260/4893/3899 4258/4891/3897 4257/4890/3896 4261/4894/3900 
f 4262/4895/3901 4261/4894/3900 4257/4890/3896 4256/4889/3895 
f 4258/4891/3897 4263/4896/3902 4264/4897/3903 4259/4892/3898 
f 4265/4898/3904 4266/4899/3905 4264/4897/3903 4263/4896/3902 
f 4267/4900/3906 4268/4901/3907 4265/4898/3904 4263/4896/3902 
f 4258/4891/3897 4260/4893/3899 4267/4900/3906 4263/4896/3902 
f 4267/4900/3906 4260/4893/3899 4269/4902/3908 4270/4903/3909 
f 4267/4900/3906 4270/4903/3909 4271/4904/3910 4268/4901/3907 
f 4246/4873/3885 4271/4904/3910 4270/4903/3909 4244/4871/3883 
f 4269/4902/3908 4239/4866/3878 4244/4871/3883 4270/4903/3909 
f 4262/4895/3901 4272/4905/3911 4273/4906/3912 4261/4894/3900 
f 4260/4893/3899 4261/4894/3900 4273/4906/3912 4269/4902/3908 
f 4234/4861/3873 4239/4866/3878 4269/4902/3908 4273/4906/3912 
f 4234/4861/3873 4273/4906/3912 4272/4905/3911 4235/4862/3874 
f 4274/4907/3913 4275/4908/3914 4276/4909/3915 4277/4910/3916 
f 4274/4911/3913 4277/4912/3916 4278/4913/3917 4279/4914/3918 
f 4278/4913/3917 4277/4912/3916 4280/4915/3919 4281/4916/3920 
f 4277/4910/3916 4276/4909/3915 4282/4917/3921 4280/4918/3919 
f 4278/4919/3917 4283/4920/3922 4284/4921/3923 4279/4922/3918 
f 4285/4923/3924 4284/4921/3923 4283/4920/3922 4286/4924/3925 
f 4287/4925/3926 4288/4926/3927 4286/4927/3925 4283/4928/3922 
f 4287/4925/3926 4283/4928/3922 4278/4913/3917 4281/4916/3920 
f 4289/4929/3928 4287/4925/3926 4281/4916/3920 4290/4930/3929 
f 4287/4925/3926 4289/4929/3928 4291/4931/3930 4288/4926/3927 
f 4291/4931/3930 4289/4929/3928 4264/4897/3903 4266/4899/3905 
f 4290/4930/3929 4259/4892/3898 4264/4897/3903 4289/4929/3928 
f 4292/4932/3931 4280/4915/3919 4282/4933/3921 4293/4934/3932 
f 4290/4930/3929 4281/4916/3920 4280/4915/3919 4292/4932/3931 
f 4254/4887/3893 4259/4892/3898 4290/4930/3929 4292/4932/3931 
f 4292/4932/3931 4293/4934/3932 4255/4888/3894 4254/4887/3893 
f 4294/4935/3933 4295/4936/3934 4296/4937/3935 4297/4938/3936 
f 4294/4939/3933 4297/4940/3936 4298/4941/3937 4299/4942/3938 
f 4300/4943/3939 4298/4941/3937 4297/4940/3936 4301/4944/3940 
f 4297/4938/3936 4296/4937/3935 4302/4945/3941 4301/4946/3940 
f 4298/4941/3937 4303/4947/3942 4304/4948/3943 4299/4942/3938 
f 4304/4948/3943 4303/4947/3942 4305/4949/3944 4306/4950/3945 
f 4307/4951/3946 4308/4952/3947 4305/4949/3944 4303/4947/3942 
f 4303/4947/3942 4298/4941/3937 4300/4943/3939 4307/4951/3946 
f 4309/4953/3948 4310/4954/3949 4307/4951/3946 4300/4943/3939 
f 4307/4951/3946 4310/4954/3949 4311/4955/3950 4308/4952/3947 
f 4311/4955/3950 4310/4954/3949 4284/4921/3923 4285/4923/3924 
f 4309/4953/3948 4279/4922/3918 4284/4921/3923 4310/4954/3949 
f 4301/4946/3940 4302/4945/3941 4312/4956/3951 4313/4957/3952 
f 4301/4944/3940 4313/4958/3952 4309/4953/3948 4300/4943/3939 
f 4274/4959/3913 4279/4922/3918 4309/4953/3948 4313/4958/3952 
f 4274/4907/3913 4313/4957/3952 4312/4956/3951 4275/4908/3914 
f 4314/4960/3953 4315/4961/3954 4316/4962/3955 4317/4963/3956 
f 4314/4964/3953 4317/4965/3956 4318/4966/3957 4319/4967/3958 
f 4318/4966/3957 4317/4965/3956 4320/4968/3959 4321/4969/3960 
f 4320/4970/3959 4317/4963/3956 4316/4962/3955 4322/4971/3961 
f 4318/4966/3957 4323/4972/3962 4324/4973/3963 4319/4967/3958 
f 4324/4973/3963 4323/4972/3962 4325/4974/3964 4326/4975/3965 
f 4327/4976/3966 4328/4977/3967 4325/4974/3964 4323/4972/3962 
f 4327/4976/3966 4323/4972/3962 4318/4966/3957 4321/4969/3960 
f 4327/4976/3966 4321/4969/3960 4329/4978/3968 4330/4979/3969 
f 4327/4976/3966 4330/4979/3969 4331/4980/3970 4328/4977/3967 
f 4304/4948/3943 4306/4950/3945 4331/4980/3970 4330/4979/3969 
f 4329/4978/3968 4299/4942/3938 4304/4948/3943 4330/4979/3969 
f 4320/4970/3959 4322/4971/3961 4332/4981/3971 4333/4982/3972 
f 4329/4978/3968 4321/4969/3960 4320/4968/3959 4333/4983/3972 
f 4294/4939/3933 4299/4942/3938 4329/4978/3968 4333/4983/3972 
f 4333/4982/3972 4332/4981/3971 4295/4936/3934 4294/4935/3933 
f 4152/4772/3791 4153/4773/3792 4334/4984/3973 4335/4985/3974 
f 4152/4772/3791 4335/4985/3974 4336/4986/3975 4149/4987/3788 
f 4337/4988/3976 4336/4986/3975 4335/4985/3974 4338/4989/3977 
f 4335/4985/3974 4334/4984/3973 4339/4990/3978 4338/4989/3977 
f 4336/4991/3975 4340/4992/3979 4148/4993/3787 4149/4994/3788 
f 4341/4995/3980 4147/4996/3786 4148/4993/3787 4340/4992/3979 
f 4342/4997/3981 4343/4998/3982 4341/4995/3980 4340/4992/3979 
f 4336/4991/3975 4337/4999/3976 4342/4997/3981 4340/4992/3979 
f 4344/5000/3983 4345/5001/3984 4342/4997/3981 4337/4999/3976 
f 4342/4997/3981 4345/5001/3984 4346/5002/3985 4343/4998/3982 
f 4346/5002/3985 4345/5001/3984 4324/4973/3963 4326/4975/3965 
f 4344/5000/3983 4319/4967/3958 4324/4973/3963 4345/5001/3984 
f 4338/4989/3977 4339/4990/3978 4347/5003/3986 4348/5004/3987 
f 4344/5005/3983 4337/4988/3976 4338/4989/3977 4348/5006/3987 
f 4348/5007/3987 4314/4964/3953 4319/4967/3958 4344/5000/3983 
f 4348/5004/3987 4347/5003/3986 4315/4961/3954 4314/4960/3953 
f 4349/5008/3988 4350/5009/3989 4351/5010/3990 4352/5011/3991 
f 4349/5008/3988 4352/5011/3991 4353/5012/3992 4354/5013/3993 
f 4355/5014/3994 4353/5015/3992 4352/5016/3991 4356/5017/3995 
f 4351/5018/3990 4357/5019/3996 4356/5017/3995 4352/5016/3991 
f 4353/5015/3992 4358/5020/3997 4359/5021/3998 4354/5022/3993 
f 2270/2551/1910 2271/2552/1911 4359/5023/3998 4358/5024/3997 
f 4358/5024/3997 4360/5025/3999 2267/2548/1907 2270/2551/1910 
f 4358/5020/3997 4353/5015/3992 4355/5014/3994 4360/5026/3999 
f 4360/5026/3999 4355/5014/3994 4361/5027/4000 4362/5028/4001 
f 4362/5029/4001 2266/2547/1906 2267/2548/1907 4360/5025/3999 
f 2265/5030/1905 2266/5031/1906 4362/5028/4001 4363/5032/4002 
f 4361/5027/4000 4364/5033/4003 4363/5032/4002 4362/5028/4001 
f 4365/5034/4004 4366/5035/4005 4356/5017/3995 4357/5019/3996 
f 4361/5027/4000 4355/5014/3994 4356/5017/3995 4366/5035/4005 
f 4367/5036/4006 4364/5033/4003 4361/5027/4000 4366/5035/4005 
f 4366/5035/4005 4365/5034/4004 4368/5037/4007 4367/5036/4006 
f 4369/5038/4008 4110/5039/3749 4109/5040/3748 4370/5041/4009 
f 4117/5042/3756 4110/5039/3749 4369/5038/4008 4371/5043/4010 
f 4372/5044/4011 4371/5043/4010 4369/5038/4008 4373/5045/4012 
f 4369/5038/4008 4370/5041/4009 4374/5046/4013 4373/5045/4012 
f 4375/5047/4014 4131/5048/3770 4117/5042/3756 4371/5043/4010 
f 4133/4748/3772 4131/5048/3770 4375/5047/4014 4376/5049/4015 
f 4377/5050/4016 4376/5049/4015 4375/5047/4014 4378/5051/4017 
f 4375/5047/4014 4371/5043/4010 4372/5044/4011 4378/5051/4017 
f 4378/5051/4017 4372/5044/4011 4379/5052/4018 4380/5053/4019 
f 4381/5054/4020 4377/5050/4016 4378/5051/4017 4380/5053/4019 
f 4381/5054/4020 4380/5053/4019 3984/4592/3623 3919/4527/3559 
f 4379/5052/4018 3979/4587/3618 3984/4592/3623 4380/5053/4019 
f 4382/5055/4021 4373/5045/4012 4374/5046/4013 4383/5056/4022 
f 4379/5052/4018 4372/5044/4011 4373/5045/4012 4382/5055/4021 
f 4382/5055/4021 3977/4585/3616 3979/4587/3618 4379/5052/4018 
f 3977/4585/3616 4382/5055/4021 4383/5056/4022 3970/4578/3610 
f 4384/5057/4023 4385/5058/4024 4386/5059/4025 4387/5060/4026 
f 4388/5061/4027 4389/5062/4028 4384/5057/4023 4387/5060/4026 
f 4387/5060/4026 4390/5063/4029 4391/5064/4030 4388/5061/4027 
f 4386/5059/4025 4392/5065/4031 4390/5063/4029 4387/5060/4026 
f 4393/5066/4032 4394/5067/4033 4389/5062/4028 4388/5061/4027 
f 4078/4690/3717 2171/4692/1811 4394/5067/4033 4393/5066/4032 
f 4393/5066/4032 4395/5068/4034 4076/4686/3715 4078/4690/3717 
f 4388/5061/4027 4391/5064/4030 4395/5068/4034 4393/5066/4032 
f 4395/5068/4034 4391/5064/4030 4396/5069/4035 4397/5070/4036 
f 4397/5070/4036 4075/4685/3714 4076/4686/3715 4395/5068/4034 
f 2226/2507/1866 4075/4685/3714 4397/5070/4036 4398/5071/4037 
f 4396/5069/4035 4399/5072/4038 4398/5071/4037 4397/5070/4036 
f 4400/5073/4039 4401/5074/4040 4390/5063/4029 4392/5065/4031 
f 4396/5069/4035 4391/5064/4030 4390/5063/4029 4401/5074/4040 
f 4402/5075/4041 4399/5072/4038 4396/5069/4035 4401/5074/4040 
f 4402/5075/4041 4401/5074/4040 4400/5073/4039 4403/5076/4042 
f 4404/5077/4043 4402/5075/4041 4403/5076/4042 4405/5078/4044 
f 4402/5075/4041 4404/5077/4043 4406/5079/4045 4399/5072/4038 
f 4407/5080/4046 4406/5079/4045 4404/5077/4043 4408/5081/4047 
f 4404/5077/4043 4405/5078/4044 4409/5082/4048 4408/5081/4047 
f 4406/5079/4045 4410/5083/4049 4398/5071/4037 4399/5072/4038 
f 4398/5071/4037 4410/5083/4049 2225/2505/1865 2226/2507/1866 
f 4410/5083/4049 4411/5084/4050 2222/2501/1862 2225/2505/1865 
f 4410/5083/4049 4406/5079/4045 4407/5080/4046 4411/5084/4050 
f 4412/5085/4051 4411/5084/4050 4407/5080/4046 4413/5086/4052 
f 4412/5085/4051 2220/2498/1860 2222/2501/1862 4411/5084/4050 
f 2221/2499/1861 2220/2498/1860 4412/5085/4051 4414/5087/4053 
f 4413/5086/4052 4415/5088/4054 4414/5087/4053 4412/5085/4051 
f 4408/5081/4047 4409/5082/4048 4416/5089/4055 4417/5090/4056 
f 4407/5080/4046 4408/5081/4047 4417/5090/4056 4413/5086/4052 
f 4418/5091/4057 4415/5088/4054 4413/5086/4052 4417/5090/4056 
f 4418/5091/4057 4417/5090/4056 4416/5089/4055 4419/5092/4058 
f 4420/5093/4059 4421/5094/4060 4418/5091/4057 4419/5092/4058 
f 4422/5095/4061 4415/5088/4054 4418/5091/4057 4421/5094/4060 
f 4423/5096/4062 4422/5097/4061 4421/5098/4060 4424/5099/4063 
f 4420/5100/4059 4425/5101/4064 4424/5099/4063 4421/5098/4060 
f 4426/5102/4065 4414/5087/4053 4415/5088/4054 4422/5095/4061 
f 4063/5103/3702 2221/2499/1861 4414/5087/4053 4426/5102/4065 
f 4426/5102/4065 4427/5104/4066 4061/5105/3700 4063/5103/3702 
f 4426/5106/4065 4422/5097/4061 4423/5096/4062 4427/5107/4066 
f 4427/5107/4066 4423/5096/4062 4428/5108/4067 4429/5109/4068 
f 4429/5110/4068 4060/5111/3699 4061/5105/3700 4427/5104/4066 
f 4013/5112/3652 4060/5113/3699 4429/5109/4068 4430/5114/4069 
f 4428/5108/4067 4431/5115/4070 4430/5114/4069 4429/5109/4068 
f 4432/5116/4071 4433/5117/4072 4424/5099/4063 4425/5101/4064 
f 4428/5108/4067 4423/5096/4062 4424/5099/4063 4433/5117/4072 
f 4434/5118/4073 4431/5115/4070 4428/5108/4067 4433/5117/4072 
f 4433/5117/4072 4432/5116/4071 4435/5119/4074 4434/5118/4073 
f 4434/5118/4073 4435/5119/4074 4436/5120/4075 4437/5121/4076 
f 4434/5118/4073 4437/5121/4076 4438/5122/4077 4431/5115/4070 
f 4438/5122/4077 4437/5121/4076 4439/5123/4078 4440/5124/4079 
f 4436/5120/4075 4441/5125/4080 4439/5123/4078 4437/5121/4076 
f 4438/5122/4077 4442/5126/4081 4430/5114/4069 4431/5115/4070 
f 4012/5127/3651 4013/5112/3652 4430/5114/4069 4442/5126/4081 
f 4443/5128/4082 4009/5129/3648 4012/5127/3651 4442/5126/4081 
f 4443/5128/4082 4442/5126/4081 4438/5122/4077 4440/5124/4079 
f 4443/5128/4082 4440/5124/4079 4444/5130/4083 4445/5131/4084 
f 4443/5128/4082 4445/5131/4084 4007/5132/3646 4009/5129/3648 
f 4008/5133/3647 4007/5132/3646 4445/5131/4084 4446/5134/4085 
f 4444/5130/4083 4447/5135/4086 4446/5134/4085 4445/5131/4084 
f 4448/5136/4087 4449/5137/4088 4439/5123/4078 4441/5125/4080 
f 4444/5130/4083 4440/5124/4079 4439/5123/4078 4449/5137/4088 
f 4450/5138/4089 4447/5135/4086 4444/5130/4083 4449/5137/4088 
f 4450/5138/4089 4449/5137/4088 4448/5136/4087 4451/5139/4090 
f 4452/5140/4091 4450/5138/4089 4451/5139/4090 4453/5141/4092 
f 4450/5138/4089 4452/5140/4091 4454/5142/4093 4447/5135/4086 
f 4454/5142/4093 4452/5140/4091 4455/5143/4094 4456/5144/4095 
f 4453/5141/4092 4457/5145/4096 4455/5143/4094 4452/5140/4091 
f 4454/5142/4093 4458/5146/4097 4446/5134/4085 4447/5135/4086 
f 4108/5147/3747 4008/5133/3647 4446/5134/4085 4458/5146/4097 
f 4459/5148/4098 4106/5149/3745 4108/5147/3747 4458/5146/4097 
f 4459/5148/4098 4458/5146/4097 4454/5142/4093 4456/5144/4095 
f 4459/5148/4098 4456/5144/4095 4460/5150/4099 4461/5151/4100 
f 4459/5152/4098 4461/5153/4100 4105/4719/3744 4106/4720/3745 
f 2201/2477/1841 4105/4719/3744 4461/5153/4100 4462/5154/4101 
f 4460/5150/4099 4463/5155/4102 4462/5156/4101 4461/5151/4100 
f 4464/5157/4103 4465/5158/4104 4455/5143/4094 4457/5145/4096 
f 4460/5150/4099 4456/5144/4095 4455/5143/4094 4465/5158/4104 
f 4466/5159/4105 4463/5155/4102 4460/5150/4099 4465/5158/4104 
f 4464/5157/4103 4467/5160/4106 4466/5159/4105 4465/5158/4104 
f 4468/5161/4107 4469/5162/4108 4466/5163/4105 4467/5164/4106 
f 4466/5163/4105 4469/5162/4108 4470/5165/4109 4463/5166/4102 
f 4471/5167/4110 4470/5165/4109 4469/5162/4108 4472/5168/4111 
f 4469/5162/4108 4468/5161/4107 4473/5169/4112 4472/5168/4111 
f 4470/5165/4109 4474/5170/4113 4462/5171/4101 4463/5166/4102 
f 2200/2476/1840 2201/2477/1841 4462/5154/4101 4474/5172/4113 
f 2197/2473/1837 2200/2476/1840 4474/5172/4113 4475/5173/4114 
f 4474/5170/4113 4470/5165/4109 4471/5167/4110 4475/5174/4114 
f 4475/5174/4114 4471/5167/4110 4476/5175/4115 4477/5176/4116 
f 2197/2473/1837 4475/5173/4114 4477/5177/4116 2195/2471/1835 
f 2196/2472/1836 2195/2471/1835 4477/5177/4116 4478/5178/4117 
f 4477/5176/4116 4476/5175/4115 4479/5179/4118 4478/5180/4117 
f 4480/5181/4119 4472/5168/4111 4473/5169/4112 4481/5182/4120 
f 4471/5167/4110 4472/5168/4111 4480/5181/4119 4476/5175/4115 
f 4479/5179/4118 4476/5175/4115 4480/5181/4119 4482/5183/4121 
f 4482/5183/4121 4480/5181/4119 4481/5182/4120 4483/5184/4122 
f 4482/5183/4121 4483/5184/4122 4484/5185/4123 4485/5186/4124 
f 4486/5187/4125 4479/5179/4118 4482/5183/4121 4485/5186/4124 
f 4487/5188/4126 4486/5187/4125 4485/5186/4124 4488/5189/4127 
f 4488/5189/4127 4485/5186/4124 4484/5185/4123 4489/5190/4128 
f 4490/5191/4129 4478/5180/4117 4479/5179/4118 4486/5187/4125 
f 2246/2527/1886 2196/2472/1836 4478/5178/4117 4490/5192/4129 
f 2244/2525/1884 2246/2527/1886 4490/5192/4129 4491/5193/4130 
f 4490/5191/4129 4486/5187/4125 4487/5188/4126 4491/5194/4130 
f 4492/5195/4131 4491/5194/4130 4487/5188/4126 4493/5196/4132 
f 2244/2525/1884 4491/5193/4130 4492/5197/4131 2242/2523/1882 
f 2243/2524/1883 2242/2523/1882 4492/5197/4131 4494/5198/4133 
f 4493/5196/4132 4495/5199/4134 4494/5200/4133 4492/5195/4131 
f 4488/5189/4127 4489/5190/4128 4496/5201/4135 4497/5202/4136 
f 4493/5196/4132 4487/5188/4126 4488/5189/4127 4497/5202/4136 
f 4497/5202/4136 4498/5203/4137 4495/5199/4134 4493/5196/4132 
f 4497/5202/4136 4496/5201/4135 4499/5204/4138 4498/5203/4137 
f 4498/5203/4137 4499/5204/4138 4500/5205/4139 4501/5206/4140 
f 4498/5203/4137 4501/5206/4140 4502/5207/4141 4495/5199/4134 
f 4503/5208/4142 4504/5209/4143 4502/5207/4141 4501/5206/4140 
f 4501/5206/4140 4500/5205/4139 4505/5210/4144 4503/5208/4142 
f 4502/5207/4141 4506/5211/4145 4494/5200/4133 4495/5199/4134 
f 4494/5198/4133 4506/5212/4145 4028/4636/3667 2243/2524/1883 
f 4506/5212/4145 4507/5213/4146 4026/4634/3665 4028/4636/3667 
f 4502/5207/4141 4504/5209/4143 4507/5214/4146 4506/5211/4145 
f 4507/5214/4146 4504/5209/4143 4508/5215/4147 4509/5216/4148 
f 4509/5217/4148 4025/4633/3664 4026/4634/3665 4507/5213/4146 
f 2271/2552/1911 4025/4633/3664 4509/5217/4148 4359/5023/3998 
f 4508/5218/4147 4354/5219/3993 4359/5023/3998 4509/5220/4148 
f 4510/5221/4149 4503/5208/4142 4505/5210/4144 4511/5222/4150 
f 4508/5215/4147 4504/5209/4143 4503/5208/4142 4510/5221/4149 
f 4349/5008/3988 4354/5013/3993 4508/5215/4147 4510/5221/4149 
f 4510/5221/4149 4511/5222/4150 4350/5009/3989 4349/5008/3988 
f 4512/5223/4151 4513/5224/4152 4514/5225/4153 4515/5226/4154 
f 4512/5223/4151 4515/5226/4154 4516/5227/4155 4517/5228/4156 
f 4518/5229/4157 4516/5227/4155 4515/5226/4154 4519/5230/4158 
f 4515/5226/4154 4514/5225/4153 4520/5231/4159 4519/5230/4158 
f 4516/5227/4155 4521/5232/4160 4522/5233/4161 4517/5228/4156 
f 2175/5234/1815 2176/5235/1816 4522/5233/4161 4521/5232/4160 
f 4521/5232/4160 4523/5236/4162 2172/5237/1812 2175/5234/1815 
f 4516/5227/4155 4518/5229/4157 4523/5236/4162 4521/5232/4160 
f 4523/5236/4162 4518/5229/4157 4524/5238/4163 4525/5239/4164 
f 4525/5239/4164 2170/5240/1810 2172/5237/1812 4523/5236/4162 
f 2170/5240/1810 4525/5239/4164 4394/5067/4033 2171/4692/1811 
f 4524/5238/4163 4389/5062/4028 4394/5067/4033 4525/5239/4164 
f 4526/5241/4165 4519/5230/4158 4520/5231/4159 4527/5242/4166 
f 4518/5229/4157 4519/5230/4158 4526/5241/4165 4524/5238/4163 
f 4384/5057/4023 4389/5062/4028 4524/5238/4163 4526/5241/4165 
f 4384/5057/4023 4526/5241/4165 4527/5242/4166 4385/5058/4024 
f 4528/5243/4167 4529/5244/4168 4530/5245/4169 4531/5246/4170 
f 4529/5244/4168 4528/5243/4167 4532/5247/4171 4533/5248/4172 
f 4534/5249/4173 4535/5250/4174 4532/5247/4171 4528/5243/4167 
f 4528/5243/4167 4531/5246/4170 4536/5251/4175 4534/5249/4173 
f 4532/5247/4171 4537/5252/4176 4538/5253/4177 4533/5248/4172 
f 4045/5254/3684 4538/5253/4177 4537/5252/4176 4093/5255/3732 
f 4093/5256/3732 4537/5257/4176 4539/5258/4178 4091/5259/3730 
f 4539/5260/4178 4537/5252/4176 4532/5247/4171 4535/5250/4174 
f 4539/5260/4178 4535/5250/4174 4540/5261/4179 4541/5262/4180 
f 4090/5263/3729 4091/5259/3730 4539/5258/4178 4541/5264/4180 
f 2176/5235/1816 4090/5263/3729 4541/5264/4180 4522/5233/4161 
f 4540/5265/4179 4517/5228/4156 4522/5233/4161 4541/5264/4180 
f 4534/5249/4173 4536/5251/4175 4542/5266/4181 4543/5267/4182 
f 4540/5261/4179 4535/5250/4174 4534/5249/4173 4543/5267/4182 
f 4543/5267/4182 4512/5268/4151 4517/5269/4156 4540/5261/4179 
f 4543/5267/4182 4542/5266/4181 4513/5270/4152 4512/5268/4151 
f 4514/5225/4153 4513/5224/4152 4544/5271/4183 4545/5272/4184 
f 4546/5273/4185 4520/5231/4159 4514/5225/4153 4545/5272/4184 
f 4547/5274/4186 4548/5275/4187 4546/5273/4185 4545/5272/4184 
f 4544/5271/4183 4549/5276/4188 4547/5274/4186 4545/5272/4184 
f 4550/5277/4189 4527/5242/4166 4520/5231/4159 4546/5273/4185 
f 4527/5242/4166 4550/5277/4189 4551/5278/4190 4385/5058/4024 
f 4552/5279/4191 4551/5278/4190 4550/5277/4189 4553/5280/4192 
f 4550/5277/4189 4546/5273/4185 4548/5275/4187 4553/5280/4192 
f 4553/5280/4192 4548/5275/4187 4554/5281/4193 4555/5282/4194 
f 4556/5283/4195 4552/5279/4191 4553/5280/4192 4555/5282/4194 
f 4326/4975/3965 4556/5283/4195 4555/5282/4194 4346/5002/3985 
f 4554/5281/4193 4343/4998/3982 4346/5002/3985 4555/5282/4194 
f 4557/5284/4196 4558/5285/4197 4547/5274/4186 4549/5276/4188 
f 4554/5281/4193 4548/5275/4187 4547/5274/4186 4558/5285/4197 
f 4341/4995/3980 4343/4998/3982 4554/5281/4193 4558/5285/4197 
f 4341/4995/3980 4558/5285/4197 4557/5284/4196 4147/4996/3786 
f 4386/5059/4025 4385/5058/4024 4551/5278/4190 4559/5286/4198 
f 4386/5059/4025 4559/5286/4198 4560/5287/4199 4392/5065/4031 
f 4561/5288/4200 4560/5287/4199 4559/5286/4198 4562/5289/4201 
f 4559/5286/4198 4551/5278/4190 4552/5279/4191 4562/5289/4201 
f 4560/5287/4199 4563/5290/4202 4400/5073/4039 4392/5065/4031 
f 4564/5291/4203 4403/5076/4042 4400/5073/4039 4563/5290/4202 
f 4565/5292/4204 4564/5291/4203 4563/5290/4202 4566/5293/4205 
f 4560/5287/4199 4561/5288/4200 4566/5293/4205 4563/5290/4202 
f 4567/5294/4206 4568/5295/4207 4566/5293/4205 4561/5288/4200 
f 4569/5296/4208 4565/5292/4204 4566/5293/4205 4568/5295/4207 
f 4569/5296/4208 4568/5295/4207 4331/4980/3970 4306/4950/3945 
f 4568/5295/4207 4567/5294/4206 4328/4977/3967 4331/4980/3970 
f 4562/5289/4201 4552/5279/4191 4556/5283/4195 4570/5297/4209 
f 4567/5294/4206 4561/5288/4200 4562/5289/4201 4570/5297/4209 
f 4328/4977/3967 4567/5294/4206 4570/5297/4209 4325/4974/3964 
f 4325/4974/3964 4570/5297/4209 4556/5283/4195 4326/4975/3965 
f 4405/5078/4044 4403/5076/4042 4564/5291/4203 4571/5298/4210 
f 4572/5299/4211 4409/5082/4048 4405/5078/4044 4571/5298/4210 
f 4572/5299/4211 4571/5298/4210 4573/5300/4212 4574/5301/4213 
f 4571/5298/4210 4564/5291/4203 4565/5292/4204 4573/5300/4212 
f 4575/5302/4214 4416/5089/4055 4409/5082/4048 4572/5299/4211 
f 4419/5092/4058 4416/5089/4055 4575/5302/4214 4576/5303/4215 
f 4576/5303/4215 4575/5302/4214 4577/5304/4216 4578/5305/4217 
f 4572/5299/4211 4574/5301/4213 4577/5304/4216 4575/5302/4214 
f 4577/5304/4216 4574/5301/4213 4579/5306/4218 4580/5307/4219 
f 4581/5308/4220 4578/5305/4217 4577/5304/4216 4580/5307/4219 
f 4581/5308/4220 4580/5307/4219 4311/4955/3950 4285/4923/3924 
f 4579/5306/4218 4308/4952/3947 4311/4955/3950 4580/5307/4219 
f 4573/5300/4212 4565/5292/4204 4569/5296/4208 4582/5309/4221 
f 4579/5306/4218 4574/5301/4213 4573/5300/4212 4582/5309/4221 
f 4305/4949/3944 4308/4952/3947 4579/5306/4218 4582/5309/4221 
f 4305/4949/3944 4582/5309/4221 4569/5296/4208 4306/4950/3945 
f 4419/5092/4058 4576/5303/4215 4583/5310/4222 4420/5093/4059 
f 4584/5311/4223 4425/5101/4064 4420/5100/4059 4583/5312/4222 
f 4585/5313/4224 4584/5311/4223 4583/5312/4222 4586/5314/4225 
f 4583/5310/4222 4576/5303/4215 4578/5305/4217 4586/5315/4225 
f 4587/5316/4226 4432/5116/4071 4425/5101/4064 4584/5311/4223 
f 4588/5317/4227 4435/5119/4074 4432/5116/4071 4587/5316/4226 
f 4589/5318/4228 4590/5319/4229 4588/5317/4227 4587/5316/4226 
f 4587/5316/4226 4584/5311/4223 4585/5313/4224 4589/5318/4228 
f 4589/5318/4228 4585/5313/4224 4591/5320/4230 4592/5321/4231 
f 4589/5318/4228 4592/5321/4231 4593/5322/4232 4590/5319/4229 
f 4266/4899/3905 4593/5322/4232 4592/5321/4231 4291/4931/3930 
f 4591/5320/4230 4288/4926/3927 4291/4931/3930 4592/5321/4231 
f 4586/5315/4225 4578/5305/4217 4581/5308/4220 4594/5323/4233 
f 4585/5313/4224 4586/5314/4225 4594/5324/4233 4591/5320/4230 
f 4286/4927/3925 4288/4926/3927 4591/5320/4230 4594/5324/4233 
f 4286/4924/3925 4594/5323/4233 4581/5308/4220 4285/4923/3924 
f 4436/5120/4075 4435/5119/4074 4588/5317/4227 4595/5325/4234 
f 4596/5326/4235 4441/5125/4080 4436/5120/4075 4595/5325/4234 
f 4596/5326/4235 4595/5325/4234 4597/5327/4236 4598/5328/4237 
f 4595/5325/4234 4588/5317/4227 4590/5319/4229 4597/5327/4236 
f 4599/5329/4238 4448/5136/4087 4441/5125/4080 4596/5326/4235 
f 4448/5136/4087 4599/5329/4238 4600/5330/4239 4451/5139/4090 
f 4601/5331/4240 4600/5330/4239 4599/5329/4238 4602/5332/4241 
f 4596/5326/4235 4598/5328/4237 4602/5332/4241 4599/5329/4238 
f 4603/5333/4242 4604/5334/4243 4602/5332/4241 4598/5328/4237 
f 4605/5335/4244 4601/5331/4240 4602/5332/4241 4604/5334/4243 
f 4246/4873/3885 4605/5335/4244 4604/5334/4243 4271/4904/3910 
f 4603/5333/4242 4268/4901/3907 4271/4904/3910 4604/5334/4243 
f 4597/5327/4236 4590/5319/4229 4593/5322/4232 4606/5336/4245 
f 4597/5327/4236 4606/5336/4245 4603/5333/4242 4598/5328/4237 
f 4265/4898/3904 4268/4901/3907 4603/5333/4242 4606/5336/4245 
f 4265/4898/3904 4606/5336/4245 4593/5322/4232 4266/4899/3905 
f 4453/5141/4092 4451/5139/4090 4600/5330/4239 4607/5337/4246 
f 4608/5338/4247 4457/5145/4096 4453/5141/4092 4607/5337/4246 
f 4608/5338/4247 4607/5337/4246 4609/5339/4248 4610/5340/4249 
f 4600/5330/4239 4601/5331/4240 4609/5339/4248 4607/5337/4246 
f 4464/5157/4103 4457/5145/4096 4608/5338/4247 4611/5341/4250 
f 4612/5342/4251 4467/5160/4106 4464/5157/4103 4611/5341/4250 
f 4612/5342/4251 4611/5341/4250 4613/5343/4252 4614/5344/4253 
f 4613/5343/4252 4611/5341/4250 4608/5338/4247 4610/5340/4249 
f 4615/5345/4254 4613/5343/4252 4610/5340/4249 4616/5346/4255 
f 4614/5344/4253 4613/5343/4252 4615/5345/4254 4617/5347/4256 
f 4226/4879/3865 4617/5347/4256 4615/5345/4254 4251/4878/3890 
f 4251/4878/3890 4615/5345/4254 4616/5346/4255 4248/4875/3887 
f 4605/5335/4244 4618/5348/4257 4609/5339/4248 4601/5331/4240 
f 4616/5346/4255 4610/5340/4249 4609/5339/4248 4618/5348/4257 
f 4245/4872/3884 4248/4875/3887 4616/5346/4255 4618/5348/4257 
f 4245/4872/3884 4618/5348/4257 4605/5335/4244 4246/4873/3885 
f 4619/5349/4258 4468/5161/4107 4467/5164/4106 4612/5350/4251 
f 4468/5161/4107 4619/5349/4258 4620/5351/4259 4473/5169/4112 
f 4621/5352/4260 4620/5351/4259 4619/5349/4258 4622/5353/4261 
f 4612/5350/4251 4614/5354/4253 4622/5353/4261 4619/5349/4258 
f 4620/5351/4259 4623/5355/4262 4481/5182/4120 4473/5169/4112 
f 4624/5356/4263 4483/5184/4122 4481/5182/4120 4623/5355/4262 
f 4625/5357/4264 4626/5358/4265 4624/5356/4263 4623/5355/4262 
f 4620/5351/4259 4621/5352/4260 4625/5357/4264 4623/5355/4262 
f 4627/5359/4266 4625/5357/4264 4621/5352/4260 4628/5360/4267 
f 4625/5357/4264 4627/5359/4266 4629/5361/4268 4626/5358/4265 
f 4231/4858/3870 4206/4833/3845 4629/5361/4268 4627/5359/4266 
f 4627/5359/4266 4628/5360/4267 4228/4855/3867 4231/4858/3870 
f 4617/5362/4256 4630/5363/4269 4622/5353/4261 4614/5354/4253 
f 4621/5352/4260 4622/5353/4261 4630/5363/4269 4628/5360/4267 
f 4228/4855/3867 4628/5360/4267 4630/5363/4269 4225/4852/3864 
f 4225/4852/3864 4630/5363/4269 4617/5362/4256 4226/4853/3865 
f 4631/5364/4270 4484/5185/4123 4483/5184/4122 4624/5356/4263 
f 4484/5185/4123 4631/5364/4270 4632/5365/4271 4489/5190/4128 
f 4632/5365/4271 4631/5364/4270 4633/5366/4272 4634/5367/4273 
f 4624/5356/4263 4626/5358/4265 4633/5366/4272 4631/5364/4270 
f 4632/5365/4271 4635/5368/4274 4496/5201/4135 4489/5190/4128 
f 4496/5201/4135 4635/5368/4274 4636/5369/4275 4499/5204/4138 
f 4637/5370/4276 4638/5371/4277 4636/5369/4275 4635/5368/4274 
f 4632/5365/4271 4634/5367/4273 4637/5370/4276 4635/5368/4274 
f 4639/5372/4278 4640/5373/4279 4637/5370/4276 4634/5367/4273 
f 4637/5370/4276 4640/5373/4279 4641/5374/4280 4638/5371/4277 
f 4186/4813/3825 4641/5374/4280 4640/5373/4279 4211/4838/3850 
f 4211/4838/3850 4640/5373/4279 4639/5372/4278 4208/4835/3847 
f 4629/5361/4268 4642/5375/4281 4633/5366/4272 4626/5358/4265 
f 4639/5372/4278 4634/5367/4273 4633/5366/4272 4642/5375/4281 
f 4639/5372/4278 4642/5375/4281 4205/4832/3844 4208/4835/3847 
f 4629/5361/4268 4206/4833/3845 4205/4832/3844 4642/5375/4281 
f 4643/5376/4282 4500/5205/4139 4499/5204/4138 4636/5369/4275 
f 4644/5377/4283 4505/5210/4144 4500/5205/4139 4643/5376/4282 
f 4645/5378/4284 4644/5377/4283 4643/5376/4282 4646/5379/4285 
f 4636/5369/4275 4638/5371/4277 4646/5379/4285 4643/5376/4282 
f 4647/5380/4286 4511/5222/4150 4505/5210/4144 4644/5377/4283 
f 4648/5381/4287 4350/5009/3989 4511/5222/4150 4647/5380/4286 
f 4649/5382/4288 4650/5383/4289 4648/5381/4287 4647/5380/4286 
f 4647/5380/4286 4644/5377/4283 4645/5378/4284 4649/5382/4288 
f 4651/5384/4290 4649/5382/4288 4645/5378/4284 4652/5385/4291 
f 4649/5382/4288 4651/5384/4290 4653/5386/4292 4650/5383/4289 
f 4653/5386/4292 4651/5384/4290 4191/4818/3830 4166/4786/3805 
f 4652/5385/4291 4188/4815/3827 4191/4818/3830 4651/5384/4290 
f 4641/5374/4280 4654/5387/4293 4646/5379/4285 4638/5371/4277 
f 4652/5385/4291 4645/5378/4284 4646/5379/4285 4654/5387/4293 
f 4185/4812/3824 4188/4815/3827 4652/5385/4291 4654/5387/4293 
f 4185/4812/3824 4654/5387/4293 4641/5374/4280 4186/4813/3825 
f 4351/5010/3990 4350/5009/3989 4648/5381/4287 4655/5388/4294 
f 4357/5019/3996 4351/5018/3990 4655/5389/4294 4656/5390/4295 
f 4657/5391/4296 4656/5390/4295 4655/5389/4294 4658/5392/4297 
f 4655/5388/4294 4648/5381/4287 4650/5383/4289 4658/5393/4297 
f 4659/5394/4298 4365/5034/4004 4357/5019/3996 4656/5390/4295 
f 4660/5395/4299 4368/5037/4007 4365/5034/4004 4659/5394/4298 
f 4661/5396/4300 4660/5395/4299 4659/5394/4298 4662/5397/4301 
f 4659/5394/4298 4656/5390/4295 4657/5391/4296 4662/5397/4301 
f 4662/5397/4301 4657/5391/4296 4663/5398/4302 4664/5399/4303 
f 4665/5400/4304 4661/5396/4300 4662/5397/4301 4664/5399/4303 
f 4121/4735/3760 4665/5400/4304 4664/5399/4303 4171/4795/3810 
f 4663/5398/4302 4167/4787/3806 4171/4795/3810 4664/5399/4303 
f 4658/5393/4297 4650/5383/4289 4653/5386/4292 4666/5401/4305 
f 4663/5398/4302 4657/5391/4296 4658/5392/4297 4666/5402/4305 
f 4666/5402/4305 4165/4788/3804 4167/4787/3806 4663/5398/4302 
f 4653/5386/4292 4166/4786/3805 4165/4785/3804 4666/5401/4305 
f 4667/5403/4306 4368/5037/4007 4660/5395/4299 4668/5404/4307 
f 4667/5403/4306 4668/5404/4307 4669/5405/4308 4670/5406/4309 
f 4669/5405/4308 4668/5404/4307 4671/5407/4310 4672/5408/4311 
f 4668/5404/4307 4660/5395/4299 4661/5396/4300 4671/5407/4310 
f 4669/5405/4308 4673/5409/4312 4674/5410/4313 4670/5406/4309 
f 4674/5410/4313 4673/5409/4312 4675/5411/4314 4530/5245/4169 
f 4675/5411/4314 4673/5409/4312 4676/5412/4315 4677/5413/4316 
f 4676/5412/4315 4673/5409/4312 4669/5405/4308 4672/5408/4311 
f 4678/5414/4317 4679/5415/4318 4676/5412/4315 4672/5408/4311 
f 4680/5416/4319 4677/5413/4316 4676/5412/4315 4679/5415/4318 
f 4680/5416/4319 4679/5415/4318 4126/4740/3765 4128/4742/3767 
f 4678/5414/4317 4123/4737/3762 4126/4740/3765 4679/5415/4318 
f 4671/5407/4310 4661/5396/4300 4665/5400/4304 4681/5417/4320 
f 4678/5414/4317 4672/5408/4311 4671/5407/4310 4681/5417/4320 
f 4681/5417/4320 4120/4734/3759 4123/4737/3762 4678/5414/4317 
f 4681/5417/4320 4665/5400/4304 4121/4735/3760 4120/4734/3759 
f 4682/5418/4321 4531/5246/4170 4530/5245/4169 4675/5411/4314 
f 4683/5419/4322 4536/5251/4175 4531/5246/4170 4682/5418/4321 
f 4684/5420/4323 4685/5421/4324 4683/5419/4322 4682/5418/4321 
f 4675/5411/4314 4677/5413/4316 4684/5420/4323 4682/5418/4321 
f 4686/5422/4325 4542/5266/4181 4536/5251/4175 4683/5419/4322 
f 4544/5423/4183 4513/5270/4152 4542/5266/4181 4686/5422/4325 
f 4687/5424/4326 4549/5425/4188 4544/5423/4183 4686/5422/4325 
f 4686/5422/4325 4683/5419/4322 4685/5421/4324 4687/5424/4326 
f 4687/5424/4326 4685/5421/4324 4688/5426/4327 4689/5427/4328 
f 4687/5424/4326 4689/5427/4328 4557/5428/4196 4549/5425/4188 
f 4147/4765/3786 4557/5428/4196 4689/5427/4328 4146/4764/3785 
f 4688/5426/4327 4143/4761/3782 4146/4764/3785 4689/5427/4328 
f 4680/5416/4319 4690/5429/4329 4684/5420/4323 4677/5413/4316 
f 4688/5426/4327 4685/5421/4324 4684/5420/4323 4690/5429/4329 
f 4141/4759/3780 4143/4761/3782 4688/5426/4327 4690/5429/4329 
f 4141/4759/3780 4690/5429/4329 4680/5416/4319 4128/4742/3767 
f 4367/5036/4006 4368/5037/4007 4667/5403/4306 4691/5430/4330 
f 4367/5036/4006 4691/5430/4330 4692/5431/4331 4364/5033/4003 
f 4692/5431/4331 4691/5430/4330 4693/5432/4332 4694/5433/4333 
f 4693/5432/4332 4691/5430/4330 4667/5403/4306 4670/5406/4309 
f 4692/5431/4331 4695/5434/4334 4363/5032/4002 4364/5033/4003 
f 2265/5030/1905 4363/5032/4002 4695/5434/4334 4048/5435/3687 
f 4695/5434/4334 4696/5436/4335 4046/5437/3685 4048/5435/3687 
f 4695/5434/4334 4692/5431/4331 4694/5433/4333 4696/5436/4335 
f 4697/5438/4336 4696/5436/4335 4694/5433/4333 4698/5439/4337 
f 4697/5438/4336 4044/5440/3683 4046/5437/3685 4696/5436/4335 
f 4045/5254/3684 4044/5440/3683 4697/5438/4336 4538/5253/4177 
f 4698/5439/4337 4533/5248/4172 4538/5253/4177 4697/5438/4336 
f 4693/5432/4332 4670/5406/4309 4674/5410/4313 4699/5441/4338 
f 4698/5439/4337 4694/5433/4333 4693/5432/4332 4699/5441/4338 
f 4529/5244/4168 4533/5248/4172 4698/5439/4337 4699/5441/4338 
f 4529/5244/4168 4699/5441/4338 4674/5410/4313 4530/5245/4169 
f 4700/5442/4339 4156/5443/3795 4155/5444/3794 4701/5445/4340 
f 4700/5442/4339 4702/5446/4341 4162/5447/3801 4156/5443/3795 
f 4703/5448/4342 4702/5446/4341 4700/5442/4339 4704/5449/4343 
f 4701/5445/4340 4705/5450/4344 4704/5449/4343 4700/5442/4339 
f 4162/5447/3801 4702/5446/4341 4706/5451/4345 4172/5452/3811 
f 4109/5040/3748 4172/5452/3811 4706/5451/4345 4370/5041/4009 
f 4374/5046/4013 4370/5041/4009 4706/5451/4345 4707/5453/4346 
f 4707/5453/4346 4706/5451/4345 4702/5446/4341 4703/5448/4342 
f 4707/5453/4346 4703/5448/4342 4708/5454/4347 4709/5455/4348 
f 4383/5056/4022 4374/5046/4013 4707/5453/4346 4709/5455/4348 
f 4709/5455/4348 3968/4576/3608 3970/4578/3610 4383/5056/4022 
f 4708/5454/4347 3964/4572/3604 3968/4576/3608 4709/5455/4348 
f 4710/5456/4349 4704/5449/4343 4705/5450/4344 4711/5457/4350 
f 4703/5448/4342 4704/5449/4343 4710/5456/4349 4708/5454/4347 
f 4710/5456/4349 3962/4570/3602 3964/4572/3604 4708/5454/4347 
f 3962/4570/3602 4710/5456/4349 4711/5457/4350 3809/4417/3449 
f 4712/5458/4351 4256/5459/3895 4255/5460/3894 4713/5461/4352 
f 4712/5458/4351 4714/5462/4353 4262/5463/3901 4256/5459/3895 
f 4714/5462/4353 4712/5458/4351 4715/5464/4354 4716/5465/4355 
f 4713/5461/4352 4717/5466/4356 4715/5464/4354 4712/5458/4351 
f 4262/5463/3901 4714/5462/4353 4718/5467/4357 4272/5468/3911 
f 4235/5469/3874 4272/5468/3911 4718/5467/4357 4719/5470/4358 
f 4719/5470/4358 4718/5467/4357 4720/5471/4359 4721/5472/4360 
f 4718/5467/4357 4714/5462/4353 4716/5465/4355 4720/5471/4359 
f 4720/5471/4359 4716/5465/4355 4722/5473/4361 4723/5474/4362 
f 4721/5472/4360 4720/5471/4359 4723/5474/4362 4724/5475/4363 
f 3886/4494/3526 4724/5475/4363 4723/5474/4362 3956/4564/3596 
f 4722/5473/4361 3952/4560/3592 3956/4564/3596 4723/5474/4362 
f 4725/5476/4364 4726/5477/4365 4715/5464/4354 4717/5466/4356 
f 4722/5473/4361 4716/5465/4355 4715/5464/4354 4726/5477/4365 
f 3949/4557/3589 3952/4560/3592 4722/5473/4361 4726/5477/4365 
f 3949/4557/3589 4726/5477/4365 4725/5476/4364 3909/4517/3549 
f 4727/5478/4366 4334/4984/3973 4153/4773/3792 4728/5479/4367 
f 4339/4990/3978 4334/4984/3973 4727/5478/4366 4729/5480/4368 
f 4730/5481/4369 4729/5480/4368 4727/5478/4366 4731/5482/4370 
f 4727/5478/4366 4728/5479/4367 4732/5483/4371 4731/5482/4370 
f 4339/4990/3978 4729/5480/4368 4733/5484/4372 4347/5003/3986 
f 4347/5003/3986 4733/5484/4372 4734/5485/4373 4315/4961/3954 
f 4735/5486/4374 4734/5485/4373 4733/5484/4372 4736/5487/4375 
f 4729/5480/4368 4730/5481/4369 4736/5487/4375 4733/5484/4372 
f 4736/5487/4375 4730/5481/4369 4737/5488/4376 4738/5489/4377 
f 4739/5490/4378 4735/5486/4374 4736/5487/4375 4738/5489/4377 
f 4739/5490/4378 4738/5489/4377 3944/4552/3584 3818/4426/3458 
f 4737/5488/4376 3940/4548/3580 3944/4552/3584 4738/5489/4377 
f 4740/5491/4379 4731/5482/4370 4732/5483/4371 4741/5492/4380 
f 4730/5481/4369 4731/5482/4370 4740/5491/4379 4737/5488/4376 
f 3938/4546/3578 3940/4548/3580 4737/5488/4376 4740/5491/4379 
f 3938/4546/3578 4740/5491/4379 4741/5492/4380 3929/4537/3569 
f 4742/5493/4381 4134/4749/3773 4133/4748/3772 4376/5049/4015 
f 4743/5494/4382 4139/4756/3778 4134/4749/3773 4742/5493/4381 
f 4744/5495/4383 4745/5496/4384 4743/5494/4382 4742/5493/4381 
f 4377/5050/4016 4744/5495/4383 4742/5493/4381 4376/5049/4015 
f 4746/5497/4385 4150/4768/3789 4139/4756/3778 4743/5494/4382 
f 4728/5479/4367 4153/4773/3792 4150/4768/3789 4746/5497/4385 
f 4747/5498/4386 4732/5483/4371 4728/5479/4367 4746/5497/4385 
f 4743/5494/4382 4745/5496/4384 4747/5498/4386 4746/5497/4385 
f 4748/5499/4387 4747/5498/4386 4745/5496/4384 4749/5500/4388 
f 4747/5498/4386 4748/5499/4387 4741/5492/4380 4732/5483/4371 
f 4741/5492/4380 4748/5499/4387 3927/4535/3567 3929/4537/3569 
f 4749/5500/4388 3922/4530/3562 3927/4535/3567 4748/5499/4387 
f 4750/5501/4389 4744/5495/4383 4377/5050/4016 4381/5054/4020 
f 4749/5500/4388 4745/5496/4384 4744/5495/4383 4750/5501/4389 
f 3918/4526/3558 3922/4530/3562 4749/5500/4388 4750/5501/4389 
f 3918/4526/3558 4750/5501/4389 4381/5054/4020 3919/4527/3559 
f 4751/5502/4390 4276/4909/3915 4275/4908/3914 4752/5503/4391 
f 4753/5504/4392 4282/4917/3921 4276/4909/3915 4751/5502/4390 
f 4751/5502/4390 4754/5505/4393 4755/5506/4394 4753/5504/4392 
f 4751/5502/4390 4752/5503/4391 4756/5507/4395 4754/5505/4393 
f 4757/5508/4396 4293/5509/3932 4282/4917/3921 4753/5504/4392 
f 4713/5461/4352 4255/5460/3894 4293/5509/3932 4757/5508/4396 
f 4717/5466/4356 4713/5461/4352 4757/5508/4396 4758/5510/4397 
f 4753/5504/4392 4755/5506/4394 4758/5510/4397 4757/5508/4396 
f 4759/5511/4398 4758/5510/4397 4755/5506/4394 4760/5512/4399 
f 4725/5476/4364 4717/5466/4356 4758/5510/4397 4759/5511/4398 
f 4759/5511/4398 3908/4516/3548 3909/4517/3549 4725/5476/4364 
f 4760/5512/4399 3904/4512/3544 3908/4516/3548 4759/5511/4398 
f 4754/5505/4393 4756/5507/4395 4761/5513/4400 4762/5514/4401 
f 4760/5512/4399 4755/5506/4394 4754/5505/4393 4762/5514/4401 
f 4762/5514/4401 3901/4509/3541 3904/4512/3544 4760/5512/4399 
f 3901/4509/3541 4762/5514/4401 4761/5513/4400 3877/4485/3517 
f 4763/5515/4402 4236/5516/3875 4235/5469/3874 4719/5470/4358 
f 4763/5517/4402 4764/5518/4403 4242/5519/3881 4236/5520/3875 
f 4764/5521/4403 4763/5515/4402 4765/5522/4404 4766/5523/4405 
f 4719/5470/4358 4721/5472/4360 4765/5522/4404 4763/5515/4402 
f 4242/5519/3881 4764/5518/4403 4767/5524/4406 4252/4886/3891 
f 4768/5525/4407 4215/4842/3854 4252/4886/3891 4767/5524/4406 
f 4767/5526/4406 4769/5527/4408 4770/5528/4409 4768/5529/4407 
f 4767/5526/4406 4764/5521/4403 4766/5523/4405 4769/5527/4408 
f 4769/5527/4408 4766/5523/4405 4771/5530/4410 4772/5531/4411 
f 4772/5531/4411 4773/5532/4412 4770/5528/4409 4769/5527/4408 
f 3855/4463/3495 4773/5532/4412 4772/5531/4411 3894/4502/3534 
f 3894/4502/3534 4772/5531/4411 4771/5530/4410 3890/4498/3530 
f 4724/5475/4363 4774/5533/4413 4765/5522/4404 4721/5472/4360 
f 4765/5522/4404 4774/5533/4413 4771/5530/4410 4766/5523/4405 
f 4771/5530/4410 4774/5533/4413 3885/4493/3525 3890/4498/3530 
f 4774/5533/4413 4724/5475/4363 3886/4494/3526 3885/4493/3525 
f 4296/4937/3935 4295/4936/3934 4775/5534/4414 4776/5535/4415 
f 4302/4945/3941 4296/4937/3935 4776/5535/4415 4777/5536/4416 
f 4777/5536/4416 4776/5535/4415 4778/5537/4417 4779/5538/4418 
f 4775/5534/4414 4780/5539/4419 4778/5537/4417 4776/5535/4415 
f 4781/5540/4420 4312/4956/3951 4302/4945/3941 4777/5536/4416 
f 4275/4908/3914 4312/4956/3951 4781/5540/4420 4752/5503/4391 
f 4782/5541/4421 4756/5507/4395 4752/5503/4391 4781/5540/4420 
f 4781/5540/4420 4777/5536/4416 4779/5538/4418 4782/5541/4421 
f 4783/5542/4422 4782/5541/4421 4779/5538/4418 4784/5543/4423 
f 4782/5541/4421 4783/5542/4422 4761/5513/4400 4756/5507/4395 
f 4783/5542/4422 3876/4484/3516 3877/4485/3517 4761/5513/4400 
f 4784/5543/4423 3872/4480/3512 3876/4484/3516 4783/5542/4422 
f 4785/5544/4424 4786/5545/4425 4778/5537/4417 4780/5539/4419 
f 4778/5537/4417 4786/5545/4425 4784/5543/4423 4779/5538/4418 
f 4786/5545/4425 3870/4478/3510 3872/4480/3512 4784/5543/4423 
f 3870/4478/3510 4786/5545/4425 4785/5544/4424 3828/4436/3468 
f 4787/5546/4426 4216/4843/3855 4215/4842/3854 4768/5525/4407 
f 4787/5546/4426 4788/5547/4427 4222/4849/3861 4216/4843/3855 
f 4788/5548/4427 4787/5549/4426 4789/5550/4428 4790/5551/4429 
f 4789/5550/4428 4787/5549/4426 4768/5529/4407 4770/5528/4409 
f 4222/4849/3861 4788/5547/4427 4791/5552/4430 4233/4860/3872 
f 4233/4860/3872 4791/5552/4430 4792/5553/4431 4196/4823/3835 
f 4792/5554/4431 4791/5555/4430 4793/5556/4432 4794/5557/4433 
f 4793/5556/4432 4791/5555/4430 4788/5548/4427 4790/5551/4429 
f 4795/5558/4434 4796/5559/4435 4793/5556/4432 4790/5551/4429 
f 4794/5557/4433 4793/5556/4432 4796/5559/4435 4797/5560/4436 
f 3837/4445/3477 4797/5560/4436 4796/5559/4435 3863/4471/3503 
f 3863/4471/3503 4796/5559/4435 4795/5558/4434 3858/4466/3498 
f 4789/5550/4428 4770/5528/4409 4773/5532/4412 4798/5561/4437 
f 4789/5550/4428 4798/5561/4437 4795/5558/4434 4790/5551/4429 
f 4795/5558/4434 4798/5561/4437 3854/4462/3494 3858/4466/3498 
f 4798/5561/4437 4773/5532/4412 3855/4463/3495 3854/4462/3494 
f 4196/4823/3835 4792/5553/4431 4799/5562/4438 4197/4824/3836 
f 4800/5563/4439 4202/4829/3841 4197/4824/3836 4799/5562/4438 
f 4800/5564/4439 4799/5565/4438 4801/5566/4440 4802/5567/4441 
f 4801/5566/4440 4799/5565/4438 4792/5554/4431 4794/5557/4433 
f 4803/5568/4442 4212/4839/3851 4202/4829/3841 4800/5563/4439 
f 4212/4839/3851 4803/5568/4442 4804/5569/4443 4174/4801/3813 
f 4804/5570/4443 4803/5571/4442 4805/5572/4444 4806/5573/4445 
f 4805/5572/4444 4803/5571/4442 4800/5564/4439 4802/5567/4441 
f 4805/5572/4444 4802/5567/4441 4807/5574/4446 4808/5575/4447 
f 4809/5576/4448 4806/5573/4445 4805/5572/4444 4808/5575/4447 
f 3798/4406/3438 4809/5576/4448 4808/5575/4447 3847/4455/3487 
f 4807/5574/4446 3842/4450/3482 3847/4455/3487 4808/5575/4447 
f 4810/5577/4449 4801/5566/4440 4794/5557/4433 4797/5560/4436 
f 4807/5574/4446 4802/5567/4441 4801/5566/4440 4810/5577/4449 
f 3840/4448/3480 3842/4450/3482 4807/5574/4446 4810/5577/4449 
f 4810/5577/4449 4797/5560/4436 3837/4445/3477 3840/4448/3480 
f 4811/5578/4450 4316/4962/3955 4315/4961/3954 4734/5485/4373 
f 4811/5578/4450 4812/5579/4451 4322/4971/3961 4316/4962/3955 
f 4813/5580/4452 4812/5579/4451 4811/5578/4450 4814/5581/4453 
f 4735/5486/4374 4814/5581/4453 4811/5578/4450 4734/5485/4373 
f 4322/4971/3961 4812/5579/4451 4815/5582/4454 4332/4981/3971 
f 4775/5534/4414 4295/4936/3934 4332/4981/3971 4815/5582/4454 
f 4780/5539/4419 4775/5534/4414 4815/5582/4454 4816/5583/4455 
f 4815/5582/4454 4812/5579/4451 4813/5580/4452 4816/5583/4455 
f 4817/5584/4456 4816/5583/4455 4813/5580/4452 4818/5585/4457 
f 4785/5544/4424 4780/5539/4419 4816/5583/4455 4817/5584/4456 
f 4785/5544/4424 4817/5584/4456 3827/4435/3467 3828/4436/3468 
f 4817/5584/4456 4818/5585/4457 3822/4430/3462 3827/4435/3467 
f 4735/5486/4374 4739/5490/4378 4819/5586/4458 4814/5581/4453 
f 4818/5585/4457 4813/5580/4452 4814/5581/4453 4819/5586/4458 
f 3822/4430/3462 4818/5585/4457 4819/5586/4458 3817/4425/3457 
f 3818/4426/3458 3817/4425/3457 4819/5586/4458 4739/5490/4378 
f 4820/5587/4459 4175/4802/3814 4174/4801/3813 4804/5569/4443 
f 4182/4809/3821 4175/4802/3814 4820/5587/4459 4821/5588/4460 
f 4821/5589/4460 4820/5590/4459 4822/5591/4461 4823/5592/4462 
f 4806/5573/4445 4822/5591/4461 4820/5590/4459 4804/5570/4443 
f 4824/5593/4463 4192/5594/3831 4182/5595/3821 4821/5589/4460 
f 4701/5445/4340 4155/5444/3794 4192/5594/3831 4824/5593/4463 
f 4825/5596/4464 4705/5450/4344 4701/5445/4340 4824/5593/4463 
f 4825/5596/4464 4824/5593/4463 4821/5589/4460 4823/5592/4462 
f 4825/5596/4464 4823/5592/4462 4826/5597/4465 4827/5598/4466 
f 4825/5596/4464 4827/5598/4466 4711/5457/4350 4705/5450/4344 
f 4711/5457/4350 4827/5598/4466 3807/4415/3447 3809/4417/3449 
f 4826/5597/4465 3802/4410/3442 3807/4415/3447 4827/5598/4466 
f 4806/5573/4445 4809/5576/4448 4828/5599/4467 4822/5591/4461 
f 4826/5597/4465 4823/5592/4462 4822/5591/4461 4828/5599/4467 
f 3797/4405/3437 3802/4410/3442 4826/5597/4465 4828/5599/4467 
f 4828/5599/4467 4809/5576/4448 3798/4406/3438 3797/4405/3437 
f 4829/5600/4468 3284/3749/2924 3285/3750/2925 4830/5601/4469 
f 3284/3749/2924 4829/5600/4468 4831/5602/4470 3281/3743/2921 
f 4832/5603/4471 4831/5602/4470 4829/5600/4468 4833/5604/4472 
f 4829/5600/4468 4830/5601/4469 4834/5605/4473 4833/5604/4472 
f 4831/5602/4470 4835/5606/4474 3280/3741/2920 3281/3743/2921 
f 4836/5607/4475 3262/3717/2902 3280/3741/2920 4835/5606/4474 
f 4837/5608/4476 4838/5609/4477 4836/5607/4475 4835/5606/4474 
f 4837/5608/4476 4835/5606/4474 4831/5602/4470 4832/5603/4471 
f 4837/5608/4476 4832/5603/4471 4839/5610/4478 4840/5611/4479 
f 4837/5608/4476 4840/5611/4479 4841/5612/4479 4838/5609/4477 
f 2180/2456/1820 4841/5612/4479 4840/5611/4479 4101/4715/3740 
f 4839/5610/4478 4097/4711/3736 4101/4715/3740 4840/5611/4479 
f 4833/5604/4472 4834/5605/4473 4842/5613/4480 4843/5614/4480 
f 4839/5610/4478 4832/5603/4471 4833/5604/4472 4843/5614/4480 
f 4094/4708/3733 4097/4711/3736 4839/5610/4478 4843/5614/4480 
f 4842/5613/4480 4001/4609/3640 4094/4708/3733 4843/5614/4480 
f 4844/5615/4481 3543/4071/3183 1665/1924/1305 4845/5616/4482 
f 3541/4069/3181 3543/4071/3183 4844/5615/4481 4846/5617/4483 
f 4847/5618/4484 4846/5617/4483 4844/5615/4481 4848/5619/4485 
f 4844/5615/4481 4845/5616/4482 4849/5620/4486 4848/5619/4485 
f 4850/5621/4487 3540/4068/3180 3541/4069/3181 4846/5617/4483 
f 3539/4067/3179 3540/4068/3180 4850/5621/4487 4851/5622/4488 
f 4852/5623/4489 4853/5624/4490 4851/5622/4488 4850/5621/4487 
f 4846/5617/4483 4847/5618/4484 4852/5623/4489 4850/5621/4487 
f 4852/5623/4489 4847/5618/4484 4854/5625/4491 4855/5626/4492 
f 4852/5623/4489 4855/5626/4492 4856/5627/4493 4853/5624/4490 
f 2154/2430/1794 4856/5627/4493 4855/5626/4492 4086/4700/3725 
f 4854/5625/4491 4082/4696/3721 4086/4700/3725 4855/5626/4492 
f 4848/5619/4485 4849/5620/4486 4857/5628/4494 4858/5629/4495 
f 4848/5619/4485 4858/5629/4495 4854/5625/4491 4847/5618/4484 
f 4079/4693/3718 4082/4696/3721 4854/5625/4491 4858/5629/4495 
f 4079/4693/3718 4858/5629/4495 4857/5628/4494 4038/4646/3677 
f 4859/5630/4496 2952/3336/2592 2953/3337/2593 4860/5631/4497 
f 4861/5632/4498 2949/3333/2589 2952/3336/2592 4859/5630/4496 
f 4861/5632/4498 4859/5630/4496 4862/5633/4499 4863/5634/4500 
f 4859/5630/4496 4860/5631/4497 4864/5635/4501 4862/5633/4499 
f 4865/5636/4502 2947/3331/2587 2949/3333/2589 4861/5632/4498 
f 4866/5637/4503 2948/3332/2588 2947/3331/2587 4865/5636/4502 
f 4865/5636/4502 4867/5638/4504 4868/5639/4505 4866/5637/4503 
f 4861/5632/4498 4863/5634/4500 4867/5638/4504 4865/5636/4502 
f 4867/5638/4504 4863/5634/4500 4869/5640/4506 4870/5641/4507 
f 4870/5641/4507 4871/5642/4507 4868/5639/4505 4867/5638/4504 
f 4071/4680/3710 2205/2481/1845 4871/5642/4507 4870/5641/4507 
f 4869/5640/4506 4067/4676/3706 4071/4680/3710 4870/5641/4507 
f 4862/5633/4499 4864/5635/4501 4872/5643/4506 4873/5644/4506 
f 4862/5633/4499 4873/5644/4506 4869/5640/4506 4863/5634/4500 
f 4065/4674/3704 4067/4676/3706 4869/5640/4506 4873/5644/4506 
f 4872/5643/4506 2164/2440/1804 4065/4674/3704 4873/5644/4506 
f 4874/5645/4508 3522/4040/3162 2954/3338/2594 4875/5646/4509 
f 4874/5645/4508 4876/5647/4510 3517/4035/3157 3522/4040/3162 
f 4877/5648/4511 4876/5647/4510 4874/5645/4508 4878/5649/4512 
f 4875/5646/4509 4879/5650/4513 4878/5649/4512 4874/5645/4508 
f 3517/4035/3157 4876/5647/4510 4880/5651/4514 3515/4033/3155 
f 4881/5652/4515 3512/4030/3152 3515/4033/3155 4880/5651/4514 
f 4882/5653/4516 4881/5652/4515 4880/5651/4514 4883/5654/4517 
f 4876/5647/4510 4877/5648/4511 4883/5654/4517 4880/5651/4514 
f 4884/5655/4518 4883/5654/4517 4877/5648/4511 4885/5656/4518 
f 4882/5653/4516 4883/5654/4517 4884/5655/4518 4886/5657/4519 
f 4056/4664/3695 3992/4600/3631 4886/5657/4519 4884/5655/4518 
f 4885/5656/4518 4052/4660/3691 4056/4664/3695 4884/5655/4518 
f 4887/5658/4520 4888/5659/4521 4878/5649/4512 4879/5650/4513 
f 4878/5649/4512 4888/5659/4521 4885/5656/4518 4877/5648/4511 
f 4050/4658/3689 4052/4660/3691 4885/5656/4518 4888/5659/4521 
f 4887/5658/4520 2214/2490/1854 4050/4658/3689 4888/5659/4521 
f 1670/1929/1310 1671/1930/1311 4889/5660/4522 4890/5661/4523 
f 4891/5662/4524 1667/1926/1307 1670/1929/1310 4890/5661/4523 
f 4891/5662/4524 4890/5661/4523 4892/5663/4525 4893/5664/4526 
f 4889/5660/4522 4894/5665/4527 4892/5663/4525 4890/5661/4523 
f 4895/5666/4528 1666/1925/1306 1667/1926/1307 4891/5662/4524 
f 1665/1924/1305 1666/1925/1306 4895/5666/4528 4845/5616/4482 
f 4849/5620/4486 4845/5616/4482 4895/5666/4528 4896/5667/4492 
f 4891/5662/4524 4893/5664/4526 4896/5667/4492 4895/5666/4528 
f 4897/5668/4529 4896/5667/4492 4893/5664/4526 4898/5669/4530 
f 4857/5628/4494 4849/5620/4486 4896/5667/4492 4897/5668/4529 
f 4857/5628/4494 4897/5668/4529 4036/4644/3675 4038/4646/3677 
f 4898/5669/4530 4032/4640/3671 4036/4644/3675 4897/5668/4529 
f 4899/5670/4531 4900/5671/4532 4892/5663/4525 4894/5665/4527 
f 4898/5669/4530 4893/5664/4526 4892/5663/4525 4900/5671/4532 
f 4029/4637/3668 4032/4640/3671 4898/5669/4530 4900/5671/4532 
f 4899/5670/4531 2259/2540/1899 4029/4637/3668 4900/5671/4532 
f 2932/3309/2572 2933/3312/2573 4901/5672/4533 4902/5673/4534 
f 4903/5674/4535 2929/3306/2569 2932/3309/2572 4902/5673/4534 
f 4903/5674/4535 4902/5673/4534 4904/5675/4536 4905/5676/4537 
f 4901/5672/4533 4906/5677/4538 4904/5675/4536 4902/5673/4534 
f 4903/5674/4535 4907/5678/4539 2928/3304/2568 2929/3306/2569 
f 2928/3304/2568 4907/5678/4539 4908/5679/4540 2927/3301/2567 
f 4908/5679/4540 4907/5678/4539 4909/5680/4541 4910/5681/4542 
f 4903/5674/4535 4905/5676/4537 4909/5680/4541 4907/5678/4539 
f 4911/5682/4543 4912/5683/4543 4909/5680/4541 4905/5676/4537 
f 4913/5684/4543 4910/5681/4542 4909/5680/4541 4912/5683/4543 
f 2250/2531/1890 4913/5684/4543 4912/5683/4543 4021/4629/3660 
f 4911/5682/4543 4017/4625/3656 4021/4629/3660 4912/5683/4543 
f 4914/5685/4543 4915/5686/4543 4904/5675/4536 4906/5677/4538 
f 4905/5676/4537 4904/5675/4536 4915/5686/4543 4911/5682/4543 
f 4014/4622/3653 4017/4625/3656 4911/5682/4543 4915/5686/4543 
f 4914/5685/4543 2236/2517/1876 4014/4622/3653 4915/5686/4543 
f 3639/4185/3279 3512/4030/3152 4881/5652/4515 4916/5687/4544 
f 4917/5688/4545 3637/4182/3277 3639/4185/3279 4916/5687/4544 
f 4918/5689/4546 4917/5688/4545 4916/5687/4544 4919/5690/4547 
f 4916/5687/4544 4881/5652/4515 4882/5653/4516 4919/5690/4547 
f 3636/4181/3276 3637/4182/3277 4917/5688/4545 4920/5691/4548 
f 3285/3750/2925 3636/4181/3276 4920/5691/4548 4830/5601/4469 
f 4834/5605/4473 4830/5601/4469 4920/5691/4548 4921/5692/4549 
f 4921/5692/4549 4920/5691/4548 4917/5688/4545 4918/5689/4546 
f 4922/5693/2059 4921/5692/4549 4918/5689/4546 4923/5694/2059 
f 4842/5613/4480 4834/5605/4473 4921/5692/4549 4922/5693/2059 
f 3999/4607/3638 4001/4609/3640 4842/5613/4480 4922/5693/2059 
f 4923/5694/2059 3994/4602/3633 3999/4607/3638 4922/5693/2059 
f 4919/5690/4547 4882/5653/4516 4886/5657/4519 4924/5695/2059 
f 4918/5689/4546 4919/5690/4547 4924/5695/2059 4923/5694/2059 
f 3991/4599/3630 3994/4602/3633 4923/5694/2059 4924/5695/2059 
f 3991/4599/3630 4924/5695/2059 4886/5657/4519 3992/4600/3631 
f 3567/4103/3207 2927/3301/2567 4908/5679/4540 4925/5696/4550 
f 4926/5697/4551 3565/4099/3205 3567/4103/3207 4925/5696/4550 
f 4927/5698/4552 4928/5699/4553 4926/5697/4551 4925/5696/4550 
f 4910/5681/4542 4927/5698/4552 4925/5696/4550 4908/5679/4540 
f 3564/4098/3204 3565/4099/3205 4926/5697/4551 4929/5700/4554 
f 4889/5660/4522 1671/1930/1311 3564/4098/3204 4929/5700/4554 
f 4930/5701/4555 4894/5665/4527 4889/5660/4522 4929/5700/4554 
f 4926/5697/4551 4928/5699/4553 4930/5701/4555 4929/5700/4554 
f 4930/5701/4555 4928/5699/4553 4931/5702/4526 4932/5703/4556 
f 4930/5701/4555 4932/5703/4556 4899/5670/4531 4894/5665/4527 
f 2256/2537/1896 2259/2540/1899 4899/5670/4531 4932/5703/4556 
f 4931/5702/4526 2252/2533/1892 2256/2537/1896 4932/5703/4556 
f 4910/5681/4542 4913/5684/4543 4933/5704/4557 4927/5698/4552 
f 4931/5702/4526 4928/5699/4553 4927/5698/4552 4933/5704/4557 
f 2249/2530/1889 2252/2533/1892 4931/5702/4526 4933/5704/4557 
f 4933/5704/4557 4913/5684/4543 2250/2531/1890 2249/2530/1889 
f 4934/5705/4558 3511/4029/3151 3251/3703/2891 4935/5706/4559 
f 4934/5705/4558 4936/5707/4560 3509/4026/3149 3511/4029/3151 
f 4937/5708/4561 4936/5707/4560 4934/5705/4558 4938/5709/4562 
f 4939/5710/4563 4938/5709/4562 4934/5705/4558 4935/5706/4559 
f 3509/4026/3149 4936/5707/4560 4940/5711/4564 3508/4024/3148 
f 4901/5672/4533 2933/3312/2573 3508/4024/3148 4940/5711/4564 
f 4941/5712/4565 4906/5677/4538 4901/5672/4533 4940/5711/4564 
f 4940/5711/4564 4936/5707/4560 4937/5708/4561 4941/5712/4565 
f 4941/5712/4565 4937/5708/4561 4942/5713/4566 4943/5714/4567 
f 4941/5712/4565 4943/5714/4567 4914/5685/4543 4906/5677/4538 
f 2233/2514/1873 2236/2517/1876 4914/5685/4543 4943/5714/4567 
f 4942/5713/4566 2230/2511/1870 2233/2514/1873 4943/5714/4567 
f 4939/5710/4563 4944/5715/4566 4945/5716/4566 4938/5709/4562 
f 4942/5713/4566 4937/5708/4561 4938/5709/4562 4945/5716/4566 
f 2228/2509/1868 2230/2511/1870 4942/5713/4566 4945/5716/4566 
f 2228/2509/1868 4945/5716/4566 4944/5715/4566 2188/2464/1828 
f 4946/5717/4568 2964/3348/2604 2948/3332/2588 4866/5637/4503 
f 2964/3348/2604 4946/5717/4568 4947/5718/4569 2959/3343/2599 
f 4947/5718/4569 4946/5717/4568 4948/5719/4570 4949/5720/4571 
f 4868/5639/4505 4948/5719/4570 4946/5717/4568 4866/5637/4503 
f 4947/5718/4569 4950/5721/4572 2957/3341/2597 2959/3343/2599 
f 4875/5646/4509 2954/3338/2594 2957/3341/2597 4950/5721/4572 
f 4879/5650/4513 4875/5646/4509 4950/5721/4572 4951/5722/4573 
f 4950/5721/4572 4947/5718/4569 4949/5720/4571 4951/5722/4573 
f 4951/5722/4573 4949/5720/4571 4952/5723/4520 4953/5724/4520 
f 4879/5650/4513 4951/5722/4573 4953/5724/4520 4887/5658/4520 
f 2211/2487/1851 2214/2490/1854 4887/5658/4520 4953/5724/4520 
f 4952/5723/4520 2207/2483/1847 2211/2487/1851 4953/5724/4520 
f 4868/5639/4505 4871/5642/4507 4954/5725/4507 4948/5719/4570 
f 4952/5723/4520 4949/5720/4571 4948/5719/4570 4954/5725/4507 
f 2204/2480/1844 2207/2483/1847 4952/5723/4520 4954/5725/4507 
f 4871/5642/4507 2205/2481/1845 2204/2480/1844 4954/5725/4507 
f 4955/5726/4574 3260/3715/2900 3262/3717/2902 4836/5607/4475 
f 4956/5727/4575 3255/3707/2895 3260/3715/2900 4955/5726/4574 
f 4957/5728/4576 4958/5729/4577 4956/5727/4575 4955/5726/4574 
f 4955/5726/4574 4836/5607/4475 4838/5609/4477 4957/5728/4576 
f 4959/5730/4578 3250/3702/2890 3255/3707/2895 4956/5727/4575 
f 4935/5706/4559 3251/3703/2891 3250/3702/2890 4959/5730/4578 
f 4939/5710/4563 4935/5706/4559 4959/5730/4578 4960/5731/4579 
f 4959/5730/4578 4956/5727/4575 4958/5729/4577 4960/5731/4579 
f 4961/5732/4580 4960/5731/4579 4958/5729/4577 4962/5733/4580 
f 4944/5715/4566 4939/5710/4563 4960/5731/4579 4961/5732/4580 
f 4944/5715/4566 4961/5732/4580 2186/2462/1826 2188/2464/1828 
f 4962/5733/4580 2182/2458/1822 2186/2462/1826 4961/5732/4580 
f 4957/5728/4576 4838/5609/4477 4841/5612/4479 4963/5734/4479 
f 4962/5733/4580 4958/5729/4577 4957/5728/4576 4963/5734/4479 
f 4963/5734/4479 2179/2455/1819 2182/2458/1822 4962/5733/4580 
f 4841/5612/4479 2180/2456/1820 2179/2455/1819 4963/5734/4479 
f 4964/5735/4581 3555/4087/3195 3539/4067/3179 4851/5622/4488 
f 4964/5735/4581 4965/5736/4582 3553/4085/3193 3555/4087/3195 
f 4965/5736/4582 4964/5735/4581 4966/5737/4583 4967/5738/4584 
f 4851/5622/4488 4853/5624/4490 4966/5737/4583 4964/5735/4581 
f 3553/4085/3193 4965/5736/4582 4968/5739/4585 3552/4084/3192 
f 4860/5631/4497 2953/3337/2593 3552/4084/3192 4968/5739/4585 
f 4969/5740/4586 4864/5635/4501 4860/5631/4497 4968/5739/4585 
f 4965/5736/4582 4967/5738/4584 4969/5740/4586 4968/5739/4585 
f 4970/5741/4587 4971/5742/4506 4969/5740/4586 4967/5738/4584 
f 4969/5740/4586 4971/5742/4506 4872/5643/4506 4864/5635/4501 
f 2161/2437/1801 2164/2440/1804 4872/5643/4506 4971/5742/4506 
f 4970/5741/4587 2157/2433/1797 2161/2437/1801 4971/5742/4506 
f 4856/5627/4493 4972/5743/4587 4966/5737/4583 4853/5624/4490 
f 4970/5741/4587 4967/5738/4584 4966/5737/4583 4972/5743/4587 
f 4972/5743/4587 2153/2429/1793 2157/2433/1797 4970/5741/4587 
f 4972/5743/4587 4856/5627/4493 2154/2430/1794 2153/2429/1793 
f 4973/5744/889 4974/5745/889 4975/5746/4588 4976/5747/4589 
f 4977/5748/4590 4978/5749/889 4973/5744/889 4976/5747/4589 
f 4979/5750/4591 4977/5751/4590 4976/5752/4589 4980/5753/4592 
f 4976/5752/4589 4975/5754/4588 4981/5755/4593 4980/5753/4592 
f 4982/5756/889 4978/5749/889 4977/5748/4590 4983/5757/4594 
f 4984/5758/4595 4985/5759/889 4982/5756/889 4983/5757/4594 
f 4986/5760/4596 4987/5761/4597 4984/5762/4595 4983/5763/4594 
f 4983/5763/4594 4977/5751/4590 4979/5750/4591 4986/5760/4596 
f 4988/5764/889 4989/5765/889 4990/5766/4598 4991/5767/4599 
f 4992/5768/4600 4993/5769/889 4988/5764/889 4991/5767/4599 
f 4991/5770/4599 4994/5771/4601 4995/5772/4602 4992/5773/4600 
f 4991/5770/4599 4990/5774/4598 4996/5775/4603 4994/5771/4601 
f 4997/5776/889 4998/5777/889 4999/5778/4604 5000/5779/4605 
f 5001/5780/889 4997/5776/889 5000/5779/4605 5002/5781/4606 
f 5003/5782/4607 5004/5783/4608 5002/5784/4606 5000/5785/4605 
f 4999/5786/4604 5005/5787/4609 5003/5782/4607 5000/5785/4605 
f 5006/5788/889 5007/5789/889 5008/5790/4610 5009/5791/4611 
f 5009/5791/4611 5010/5792/4612 5011/5793/889 5006/5788/889 
f 5012/5794/4613 5010/5795/4612 5009/5796/4611 5013/5797/4614 
f 5008/5798/4610 5014/5799/4615 5013/5797/4614 5009/5796/4611 
f 5015/5800/889 4993/5769/889 4992/5768/4600 5016/5801/4616 
f 5017/5802/4617 5018/5803/889 5015/5800/889 5016/5801/4616 
f 5019/5804/4618 5017/5805/4617 5016/5806/4616 5020/5807/4619 
f 4992/5773/4600 4995/5772/4602 5020/5807/4619 5016/5806/4616 
f 5021/5808/889 5022/5809/889 5023/5810/4620 5024/5811/4621 
f 5025/5812/4622 5026/5813/889 5021/5808/889 5024/5811/4621 
f 5024/5814/4621 5027/5815/4623 5028/5816/4624 5025/5817/4622 
f 5023/5818/4620 5029/5819/4625 5027/5815/4623 5024/5814/4621 
f 5002/5781/4606 5030/5820/4626 5031/5821/4627 5001/5780/889 
f 5030/5822/4626 5032/5823/4628 5033/5824/4629 5034/5825/4630 
f 5030/5822/4626 5002/5784/4606 5004/5783/4608 5032/5823/4628 
f 5035/5826/889 5036/5827/889 5037/5828/4631 5038/5829/4632 
f 5039/5830/4633 5040/5831/889 5035/5826/889 5038/5829/4632 
f 5041/5832/4634 5039/5833/4633 5038/5834/4632 5042/5835/4635 
f 5038/5834/4632 5037/5836/4631 5043/5837/4636 5042/5835/4635 
f 5044/5838/889 5018/5803/889 5017/5802/4617 5045/5839/4637 
f 5045/5839/4637 5046/5840/4638 5047/5841/889 5044/5838/889 
f 5048/5842/4639 5049/5843/4640 5046/5844/4638 5045/5845/4637 
f 5017/5805/4617 5019/5804/4618 5048/5842/4639 5045/5845/4637 
f 5050/5846/4641 5051/5847/889 5011/5793/889 5010/5792/4612 
f 4999/5778/4604 4998/5777/889 5051/5847/889 5050/5846/4641 
f 5005/5787/4609 4999/5786/4604 5050/5848/4641 5052/5849/4642 
f 5050/5848/4641 5010/5795/4612 5012/5794/4613 5052/5849/4642 
f 5053/5850/4643 5054/5851/889 5055/5852/4644 5034/5853/4630 
f 5056/5854/4645 5057/5855/889 5054/5851/889 5053/5850/4643 
f 5058/5856/4646 5056/5857/4645 5053/5858/4643 5059/5859/4647 
f 5053/5860/4643 5034/5825/4630 5033/5824/4629 5059/5861/4647 
f 5060/5862/889 5026/5813/889 5025/5812/4622 5061/5863/4648 
f 4975/5746/4588 4974/5745/889 5060/5862/889 5061/5863/4648 
f 5061/5864/4648 5062/5865/4649 4981/5755/4593 4975/5754/4588 
f 5062/5865/4649 5061/5864/4648 5025/5817/4622 5028/5816/4624 
f 5063/5866/889 5064/5867/4650 5065/5868/4651 5066/5869/889 
f 5067/5870/889 5066/5869/889 5065/5868/4651 5068/5871/4652 
f 5068/5872/4652 5065/5873/4651 5069/5874/4653 5070/5875/4654 
f 5069/5876/4653 5065/5877/4651 5064/5878/4650 5071/5879/4655 
f 5072/5880/889 5040/5831/889 5039/5830/4633 5073/5881/4656 
f 5073/5881/4656 5064/5867/4650 5063/5866/889 5072/5880/889 
f 5071/5879/4655 5064/5878/4650 5073/5882/4656 5074/5883/4657 
f 5073/5882/4656 5039/5833/4633 5041/5832/4634 5074/5883/4657 
f 5047/5841/889 5046/5840/4638 5075/5884/4658 5076/5885/889 
f 5008/5790/4610 5007/5789/889 5076/5885/889 5075/5884/4658 
f 5014/5886/4615 5008/5887/4610 5075/5888/4658 5077/5889/4659 
f 5046/5844/4638 5049/5843/4640 5077/5889/4659 5075/5888/4658 
f 5078/5890/889 5057/5855/889 5056/5854/4645 5079/5891/4660 
f 5023/5810/4620 5022/5809/889 5078/5890/889 5079/5891/4660 
f 5023/5818/4620 5079/5892/4660 5080/5893/4661 5029/5819/4625 
f 5079/5892/4660 5056/5857/4645 5058/5856/4646 5080/5893/4661 
f 5081/5894/889 4985/5759/889 4984/5758/4595 5082/5895/4662 
f 5083/5896/4663 5084/5897/889 5081/5894/889 5082/5895/4662 
f 5085/5898/4664 5083/5899/4663 5082/5900/4662 5086/5901/4665 
f 5082/5900/4662 4984/5902/4595 4987/5903/4597 5086/5901/4665 
f 5087/5904/4666 5088/5905/889 5067/5870/889 5068/5871/4652 
f 4990/5766/4598 4989/5765/889 5088/5905/889 5087/5904/4666 
f 4996/5775/4603 4990/5774/4598 5087/5906/4666 5089/5907/4667 
f 5089/5907/4667 5087/5906/4666 5068/5872/4652 5070/5875/4654 
f 5090/5908/889 5084/5897/889 5083/5896/4663 5091/5909/4668 
f 5037/5828/4631 5036/5827/889 5090/5908/889 5091/5909/4668 
f 5037/5836/4631 5091/5910/4668 5092/5911/4669 5043/5837/4636 
f 5092/5911/4669 5091/5910/4668 5083/5899/4663 5085/5898/4664 
f 5093/5912/4670 5094/5913/4671 3668/4224/3308 3672/4228/3312 
f 5094/5913/4671 5093/5912/4670 5095/5914/4672 5096/5915/4673 
f 5093/5912/4670 5097/5916/4674 5098/5917/4675 5095/5914/4672 
f 2631/4230/2271 5097/5916/4674 5093/5912/4670 3672/4228/3312 
f 2564/2849/2204 2567/2852/2207 3666/5918/3306 5099/5919/4676 
f 2565/2850/2205 2564/2849/2204 5099/5919/4676 5100/5920/4677 
f 5096/5921/4673 5100/5920/4677 5099/5919/4676 5094/5922/4671 
f 5099/5919/4676 3666/5918/3306 3668/5923/3308 5094/5922/4671 
f 5101/5924/4678 3660/5925/3300 3663/5926/3303 5102/5927/4679 
f 5103/5928/4680 5104/5929/4681 5101/5924/4678 5102/5927/4679 
f 5102/5927/4679 2554/2839/2194 2553/2838/2193 5103/5928/4680 
f 2561/2846/2201 2554/2839/2194 5102/5927/4679 3663/5926/3303 
f 5105/5930/4682 2585/2875/2225 2586/2876/2226 3659/4213/3299 
f 2584/2874/2224 2585/2875/2225 5105/5930/4682 5106/5931/4683 
f 5105/5930/4682 5101/5932/4678 5104/5933/4681 5106/5931/4683 
f 3659/4213/3299 3660/4214/3300 5101/5932/4678 5105/5930/4682 
f 5107/5934/4684 3408/5935/3048 3410/5936/3050 5108/5937/4685 
f 5109/5938/4686 5107/5934/4684 5108/5937/4685 5110/5939/4687 
f 5108/5937/4685 3783/4386/3423 3782/4385/3422 5110/5939/4687 
f 3411/4392/3051 3783/4386/3423 5108/5937/4685 3410/5936/3050 
f 5111/5940/4688 5112/5941/4689 2300/2581/1940 3406/3896/3046 
f 5113/5942/4690 5112/5941/4689 5111/5940/4688 5114/5943/4691 
f 5111/5940/4688 5107/5944/4684 5109/5945/4686 5114/5943/4691 
f 3406/5946/3046 3408/5935/3048 5107/5934/4684 5111/5947/4688 
f 5115/5948/4692 3393/3879/3033 3395/3881/3035 5116/5949/4693 
f 5117/5950/4694 5118/5951/4695 5115/5948/4692 5116/5949/4693 
f 5116/5949/4693 2598/2888/2238 2597/2887/2237 5117/5950/4694 
f 2598/2888/2238 5116/5949/4693 3395/3881/3035 2605/2897/2245 
f 3391/4398/3031 3390/5952/3030 5119/5953/4696 3791/4395/3431 
f 5120/5954/4697 3792/4396/3432 3791/4395/3431 5119/5953/4696 
f 5115/5955/4692 5118/5956/4695 5120/5954/4697 5119/5953/4696 
f 5115/5955/4692 5119/5953/4696 3390/5952/3030 3393/5957/3033 
f 2627/2924/2267 2306/2587/1946 5121/5958/4698 5122/5959/4699 
f 2627/2924/2267 5122/5959/4699 5123/5960/4700 2628/2925/2268 
f 5055/5961/4644 5124/5962/4701 5123/5960/4700 5122/5959/4699 
f 5122/5959/4699 5121/5958/4698 5034/5825/4630 5055/5961/4644 
f 2632/2929/2272 2628/2925/2268 5123/5960/4700 5125/5963/4702 
f 5097/5916/4674 2631/5964/2271 2632/5965/2272 5125/5966/4702 
f 5125/5966/4702 5126/5967/4703 5098/5917/4675 5097/5916/4674 
f 5123/5968/4700 5124/5969/4701 5126/5967/4703 5125/5970/4702 
f 5127/5971/4704 2298/2579/1938 2300/2581/1940 5112/5941/4689 
f 5128/5972/4705 2299/2580/1939 2298/2579/1938 5127/5971/4704 
f 5129/5973/4706 5031/5974/4627 5128/5972/4705 5127/5971/4704 
f 5127/5971/4704 5112/5941/4689 5113/5942/4690 5129/5973/4706 
f 2305/2586/1945 2299/2580/1939 5128/5972/4705 5130/5975/4707 
f 2306/2587/1946 2305/2586/1945 5130/5975/4707 5121/5958/4698 
f 5130/5975/4707 5030/5822/4626 5034/5825/4630 5121/5958/4698 
f 5128/5972/4705 5031/5974/4627 5030/5822/4626 5130/5975/4707 
f 2584/5976/2224 5106/5977/4683 5090/5908/889 5036/5827/889 
f 5090/5908/889 5106/5977/4683 5104/5929/4681 5084/5897/889 
f 2600/5978/2240 5088/5905/889 4989/5765/889 2597/5979/2237 
f 5067/5870/889 5088/5905/889 2600/5978/2240 2601/5980/2241 
f 5084/5897/889 5104/5929/4681 5103/5928/4680 5081/5894/889 
f 5103/5928/4680 2553/2838/2193 4985/5759/889 5081/5894/889 
f 5126/5981/4703 5078/5890/889 5022/5809/889 5098/5982/4675 
f 5057/5855/889 5078/5890/889 5126/5981/4703 5124/5983/4701 
f 3781/4384/3421 5076/5885/889 5007/5789/889 3782/4385/3422 
f 5047/5841/889 5076/5885/889 3781/4384/3421 3786/4389/3426 
f 2576/5984/2216 5072/5880/889 5063/5866/889 2573/5985/2213 
f 5040/5831/889 5072/5880/889 2576/5984/2216 2578/5986/2218 
f 5067/5870/889 2601/5980/2241 2607/5987/2247 5066/5869/889 
f 2607/5987/2247 2573/5985/2213 5063/5866/889 5066/5869/889 
f 5100/5920/4677 5060/5862/889 4974/5745/889 2565/2850/2205 
f 5026/5813/889 5060/5862/889 5100/5920/4677 5096/5921/4673 
f 5057/5855/889 5124/5983/4701 5055/5852/4644 5054/5851/889 
f 5113/5988/4690 5114/5989/4691 5051/5847/889 4998/5777/889 
f 5011/5793/889 5051/5847/889 5114/5989/4691 5109/5938/4686 
f 5047/5841/889 3786/4389/3426 3790/4394/3430 5044/5838/889 
f 3790/4394/3430 3792/4396/3432 5018/5803/889 5044/5838/889 
f 2582/5990/2222 5035/5826/889 5040/5831/889 2578/5986/2218 
f 5036/5827/889 5035/5826/889 2582/5990/2222 2584/5976/2224 
f 5026/5813/889 5096/5921/4673 5095/5991/4672 5021/5808/889 
f 5095/5991/4672 5098/5982/4675 5022/5809/889 5021/5808/889 
f 5120/5954/4697 5015/5800/889 5018/5803/889 3792/4396/3432 
f 4993/5769/889 5015/5800/889 5120/5954/4697 5118/5956/4695 
f 5110/5939/4687 5006/5788/889 5011/5793/889 5109/5938/4686 
f 5007/5789/889 5006/5788/889 5110/5939/4687 3782/4385/3422 
f 5129/5992/4706 4997/5776/889 5001/5780/889 5031/5821/4627 
f 4998/5777/889 4997/5776/889 5129/5992/4706 5113/5988/4690 
f 5117/5993/4694 4988/5764/889 4993/5769/889 5118/5956/4695 
f 4989/5765/889 4988/5764/889 5117/5993/4694 2597/5979/2237 
f 2556/2841/2196 4982/5756/889 4985/5759/889 2553/2838/2193 
f 4978/5749/889 4982/5756/889 2556/2841/2196 2558/2843/2198 
f 2562/2847/2202 4973/5744/889 4978/5749/889 2558/2843/2198 
f 4974/5745/889 4973/5744/889 2562/2847/2202 2565/2850/2205 
f 863/1078/863 803/1014/803 12/15/12 11/14/11 
f 5131/5994/4708 5132/5995/4709 797/1008/797 815/1026/815 
f 5133/5996/4710 5134/5997/4711 5132/5998/4709 5131/5999/4708 
f 5131/5999/4708 5135/6000/4712 5136/6001/4713 5133/5996/4710 
f 815/1026/815 799/1010/799 5135/6002/4712 5131/5994/4708 
f 5137/6003/4714 5138/6004/4715 801/1012/801 818/1029/818 
f 5139/6005/4716 5140/6006/4717 5138/6007/4715 5137/6008/4714 
f 5137/6008/4714 5141/6009/4718 5142/6010/4719 5139/6005/4716 
f 818/1029/818 804/1015/804 5141/6011/4718 5137/6003/4714 
f 5143/6012/4720 5144/6013/4721 805/1016/805 844/1055/844 
f 5145/6014/4722 5146/6015/4723 5144/6016/4721 5143/6017/4720 
f 5143/6017/4720 5147/6018/4724 5148/6019/4725 5145/6014/4722 
f 844/1055/844 793/1004/793 5147/6020/4724 5143/6012/4720 
f 5149/6021/4726 5150/6022/4727 807/1018/807 814/1025/814 
f 5150/6023/4727 5149/6024/4726 5151/6025/4728 5152/6026/4729 
f 5153/6027/4730 5154/6028/4731 5151/6025/4728 5149/6024/4726 
f 809/1020/809 5153/6029/4730 5149/6021/4726 814/1025/814 
f 5155/6030/4732 5156/6031/4733 845/1056/845 817/1028/817 
f 5157/6032/4734 5158/6033/4735 5156/6034/4733 5155/6035/4732 
f 5155/6035/4732 5159/6036/4736 5160/6037/4737 5157/6032/4734 
f 817/1028/817 816/1027/816 5159/6038/4736 5155/6030/4732 
f 5161/6039/4738 5162/6040/4739 819/1030/819 851/1062/851 
f 5163/6041/4740 5164/6042/4741 5162/6043/4739 5161/6044/4738 
f 5161/6044/4738 5165/6045/4742 5166/6046/4743 5163/6041/4740 
f 851/1062/851 822/1033/822 5165/6047/4742 5161/6039/4738 
f 5167/6048/4744 5153/6029/4730 809/1020/809 798/1009/798 
f 5168/6049/4745 5154/6028/4731 5153/6027/4730 5167/6050/4744 
f 5167/6050/4744 5132/5998/4709 5134/5997/4711 5168/6049/4745 
f 798/1009/798 797/1008/797 5132/5995/4709 5167/6048/4744 
f 5169/6051/4746 5159/6038/4736 816/1027/816 802/1013/802 
f 5159/6036/4736 5169/6052/4746 5170/6053/4747 5160/6037/4737 
f 5170/6053/4747 5169/6052/4746 5138/6007/4715 5140/6006/4717 
f 802/1013/802 801/1012/801 5138/6004/4715 5169/6051/4746 
f 5171/6054/4748 5172/6055/4749 861/1072/861 854/1073/854 
f 5173/6056/4750 5174/6057/4751 5172/6058/4749 5171/6059/4748 
f 5171/6059/4748 5175/6060/4752 5176/6061/4753 5173/6056/4750 
f 854/1065/854 853/1064/853 5175/6062/4752 5171/6063/4748 
f 5177/6064/4754 5178/6065/4755 832/1043/832 862/1074/862 
f 5179/6066/4756 5180/6067/4757 5178/6068/4755 5177/6069/4754 
f 5177/6069/4754 5181/6070/4758 5182/6071/4759 5179/6066/4756 
f 862/1074/862 829/1040/829 5181/6072/4758 5177/6064/4754 
f 5183/6073/4760 5184/6074/4761 830/1041/830 855/1066/855 
f 5185/6075/4762 5186/6076/4763 5184/6077/4761 5183/6078/4760 
f 5183/6078/4760 5187/6079/4764 5188/6080/4765 5185/6075/4762 
f 855/1066/855 852/1063/852 5187/6081/4764 5183/6073/4760 
f 856/1067/856 838/1049/838 5189/6082/4766 5190/6083/4767 
f 5190/6084/4767 5189/6085/4766 5191/6086/4768 5192/6087/4769 
f 5193/6088/4770 5191/6086/4768 5189/6085/4766 5194/6089/4771 
f 838/1049/838 834/1045/834 5194/6090/4771 5189/6082/4766 
f 5195/6091/4772 5196/6092/4773 835/1046/835 840/1076/840 
f 5197/6093/4774 5198/6094/4775 5196/6095/4773 5195/6096/4772 
f 5195/6096/4772 5199/6097/4776 5200/6098/4777 5197/6093/4774 
f 840/1051/840 837/1048/837 5199/6099/4776 5195/6100/4772 
f 5201/6101/4778 5202/6102/4779 863/1078/863 843/1077/843 
f 5203/6103/4780 5204/6104/4781 5202/6105/4779 5201/6106/4778 
f 5201/6106/4778 5205/6107/4782 5206/6108/4783 5203/6103/4780 
f 843/1054/843 839/1050/839 5205/6109/4782 5201/6110/4778 
f 5207/6111/4784 5194/6090/4771 834/1045/834 833/1044/833 
f 5208/6112/4785 5193/6088/4770 5194/6089/4771 5207/6113/4784 
f 5207/6113/4784 5209/6114/4786 5210/6115/4787 5208/6112/4785 
f 833/1044/833 812/1023/812 5209/6116/4786 5207/6111/4784 
f 5211/6117/4788 5199/6099/4776 837/1048/837 836/1047/836 
f 5212/6118/4789 5200/6098/4777 5199/6097/4776 5211/6119/4788 
f 5213/6120/4790 5212/6118/4789 5211/6119/4788 5214/6121/4791 
f 836/1047/836 847/1058/847 5214/6122/4791 5211/6117/4788 
f 5215/6123/4792 5205/6109/4782 839/1050/839 806/1017/806 
f 5216/6124/4793 5206/6108/4783 5205/6107/4782 5215/6125/4792 
f 5215/6125/4792 5144/6016/4721 5146/6015/4723 5216/6124/4793 
f 806/1017/806 805/1016/805 5144/6013/4721 5215/6123/4792 
f 5217/6126/4794 5218/6127/4795 827/1038/827 850/1061/850 
f 5219/6128/4796 5220/6129/4797 5218/6130/4795 5217/6131/4794 
f 5217/6131/4794 5221/6132/4798 5222/6133/4799 5219/6128/4796 
f 850/1061/850 860/1071/860 5221/6134/4798 5217/6126/4794 
f 5223/6135/4800 5224/6136/4801 849/1060/849 808/1019/808 
f 5225/6137/4802 5226/6138/4803 5224/6139/4801 5223/6140/4800 
f 5223/6140/4800 5150/6023/4727 5152/6026/4729 5225/6137/4802 
f 808/1019/808 807/1018/807 5150/6022/4727 5223/6135/4800 
f 5227/6141/4804 5228/6142/4805 823/1034/823 846/1057/846 
f 5228/6143/4805 5227/6144/4804 5229/6145/4806 5230/6146/4807 
f 5158/6033/4735 5229/6145/4806 5227/6144/4804 5156/6034/4733 
f 846/1057/846 845/1056/845 5156/6031/4733 5227/6141/4804 
f 5231/6147/4808 5209/6116/4786 812/1023/812 813/1024/813 
f 5232/6148/4809 5210/6115/4787 5209/6114/4786 5231/6149/4808 
f 5231/6149/4808 5218/6130/4795 5220/6129/4797 5232/6148/4809 
f 813/1024/813 827/1038/827 5218/6127/4795 5231/6147/4808 
f 5233/6150/4810 5165/6047/4742 822/1033/822 821/1032/821 
f 5234/6151/4811 5166/6046/4743 5165/6045/4742 5233/6152/4810 
f 5233/6152/4810 5235/6153/4812 5236/6154/4813 5234/6151/4811 
f 821/1075/821 796/1007/796 5235/6155/4812 5233/6156/4810 
f 5237/6157/4814 5175/6062/4752 853/1064/853 831/1042/831 
f 5238/6158/4815 5176/6061/4753 5175/6060/4752 5237/6159/4814 
f 5237/6159/4814 5184/6077/4761 5186/6076/4763 5238/6158/4815 
f 831/1042/831 830/1041/830 5184/6074/4761 5237/6157/4814 
f 5239/6160/4816 5240/6161/4817 864/1079/864 858/1069/858 
f 5240/6162/4817 5239/6163/4816 5241/6164/4818 5242/6165/4819 
f 5243/6166/4820 5241/6164/4818 5239/6163/4816 5244/6167/4821 
f 5239/6160/4816 858/1069/858 842/1053/842 5244/6168/4821 
f 5245/6169/4822 5246/6170/4823 810/1021/810 857/1068/857 
f 5247/6171/4824 5248/6172/4825 5246/6173/4823 5245/6174/4822 
f 5245/6174/4822 5190/6084/4767 5192/6087/4769 5247/6171/4824 
f 857/1068/857 856/1067/856 5190/6083/4767 5245/6169/4822 
f 5249/6175/4826 5244/6168/4821 842/1053/842 841/1052/841 
f 5250/6176/4827 5243/6166/4820 5244/6167/4821 5249/6177/4826 
f 5249/6177/4826 5251/6178/4828 5252/6179/4829 5250/6176/4827 
f 841/1052/841 826/1037/826 5251/6180/4828 5249/6175/4826 
f 5253/6181/4830 5214/6122/4791 847/1058/847 811/1022/811 
f 5254/6182/4831 5213/6120/4790 5214/6121/4791 5253/6183/4830 
f 5253/6183/4830 5246/6173/4823 5248/6172/4825 5254/6182/4831 
f 811/1022/811 810/1021/810 5246/6170/4823 5253/6181/4830 
f 5255/6184/4832 5256/6185/4833 848/1059/848 820/1031/820 
f 5257/6186/4834 5258/6187/4835 5256/6188/4833 5255/6189/4832 
f 5162/6043/4739 5164/6042/4741 5257/6186/4834 5255/6189/4832 
f 5162/6040/4739 5255/6184/4832 820/1031/820 819/1030/819 
f 5259/6190/4836 5221/6134/4798 860/1071/860 859/1070/859 
f 5260/6191/4837 5222/6133/4799 5221/6132/4798 5259/6192/4836 
f 5259/6192/4836 5172/6058/4749 5174/6057/4751 5260/6191/4837 
f 859/1070/859 861/1072/861 5172/6055/4749 5259/6190/4836 
f 5261/6193/4838 5251/6180/4828 826/1037/826 825/1036/825 
f 5262/6194/4839 5252/6179/4829 5251/6178/4828 5261/6195/4838 
f 5261/6195/4838 5256/6188/4833 5258/6187/4835 5262/6194/4839 
f 825/1036/825 848/1059/848 5256/6185/4833 5261/6193/4838 
f 5263/6196/4840 5181/6072/4758 829/1040/829 828/1039/828 
f 5264/6197/4841 5182/6071/4759 5181/6070/4758 5263/6198/4840 
f 5263/6198/4840 5224/6139/4801 5226/6138/4803 5264/6197/4841 
f 828/1039/828 849/1060/849 5224/6136/4801 5263/6196/4840 
f 852/1063/852 824/1035/824 5265/6199/4842 5187/6081/4764 
f 5187/6079/4764 5265/6200/4842 5266/6201/4843 5188/6080/4765 
f 5230/6146/4807 5266/6201/4843 5265/6200/4842 5228/6143/4805 
f 5228/6142/4805 5265/6199/4842 824/1035/824 823/1034/823 
f 795/1006/795 5267/6202/4844 5235/6155/4812 796/1007/796 
f 5268/6203/4845 5236/6154/4813 5235/6153/4812 5267/6204/4844 
f 5267/6204/4844 5178/6068/4755 5180/6067/4757 5268/6203/4845 
f 795/1006/795 832/1043/832 5178/6065/4755 5267/6202/4844 
f 800/1011/800 5269/6205/4846 5135/6002/4712 799/1010/799 
f 5270/6206/4847 5136/6001/4713 5135/6000/4712 5269/6207/4846 
f 5198/6094/4775 5270/6206/4847 5269/6207/4846 5196/6095/4773 
f 5196/6092/4773 5269/6205/4846 800/1011/800 835/1046/835 
f 5271/6208/4848 5141/6011/4718 804/1015/804 803/1014/803 
f 5271/6209/4848 5272/6210/4849 5142/6010/4719 5141/6009/4718 
f 5272/6210/4849 5271/6209/4848 5202/6105/4779 5204/6104/4781 
f 5271/6208/4848 803/1014/803 863/1078/863 5202/6102/4779 
f 5273/6211/4850 5147/6020/4724 793/1004/793 794/1005/794 
f 5147/6018/4724 5273/6212/4850 5274/6213/4851 5148/6019/4725 
f 5274/6213/4851 5273/6212/4850 5240/6162/4817 5242/6165/4819 
f 794/1005/794 864/1079/864 5240/6161/4817 5273/6211/4850 
f 864/1079/864 794/1005/794 3/3/3 2/2/2 
s off
f 5275/6214/4852 5276/6215/4852 5277/6216/4852 5278/6217/4852 
f 5278/6217/4852 5277/6216/4852 5279/6218/4852 5280/6219/4852 
f 5281/6220/4853 5282/6221/4853 5283/6222/4853 5284/6223/4853 
f 5285/6224/4853 5281/6220/4853 5284/6223/4853 5286/6225/4853 
f 5287/6226/4854 5288/6227/4854 5289/6228/4854 5290/6229/4854 
f 5287/6226/4854 5290/6229/4854 5291/6230/4854 5292/6231/4854 
f 5293/6232/889 5294/6233/889 5295/6234/889 5296/6235/889 
f 5297/6236/889 5298/6237/889 5299/6238/889 5300/6239/889 
f 5295/6234/889 5297/6236/889 5300/6239/889 5301/6240/889 
f 5300/6239/889 5302/6241/889 5301/6240/889 
f 5301/6240/889 5303/6242/889 5304/6243/889 5295/6234/889 
f 5295/6234/889 5304/6243/889 5296/6235/889 
f 5305/6244/4855 5306/6245/4855 5307/6246/4855 5308/6247/4855 
f 5307/6246/4855 5309/6248/4855 5308/6247/4855 
f 5305/6244/4855 5308/6247/4855 5310/6249/4855 
f 5311/6250/4856 5312/6251/4856 5313/6252/4856 5314/6253/4856 
f 5314/6253/4856 5313/6252/4856 5315/6254/4856 5316/6255/4856 
f 5317/6256/4857 5318/6257/4857 5319/6258/4857 5320/6259/4857 
f 5319/6258/4857 5321/6260/4857 5322/6261/4857 5320/6259/4857 
f 5323/6262/4858 5324/6263/4858 5325/6264/4858 
f 5326/6265/4859 5327/6266/4859 5328/6267/4859 
f 5329/6268/4860 5330/6269/4860 5331/6270/4860 
f 5332/6271/4861 5333/6272/4861 5334/6273/4861 
f 5335/6274/4862 5336/6275/4862 5337/6276/4862 
f 5338/6277/4863 5339/6278/4863 5340/6279/4863 
f 5278/6217/4864 5341/6280/4864 5342/6281/4864 
f 5343/6282/4865 5342/6283/4865 5341/6284/4865 5344/6285/4865 
f 5320/6259/4866 5342/6281/4866 5343/6286/4866 
f 5280/6219/4867 5345/6287/4867 5346/6288/4867 
f 5305/6244/4868 5347/6289/4868 5345/6290/4868 
f 5346/6291/4869 5345/6292/4869 5347/6293/4869 5348/6294/4869 
f 5310/6249/4870 5349/6295/4870 5350/6296/4870 
f 5314/6297/4871 5351/6298/4871 5349/6295/4871 
f 5351/6298/4872 5352/6299/4872 5350/6296/4872 5349/6295/4872 
f 5316/6255/4873 5353/6300/4873 5354/6301/4873 
f 5285/6224/4874 5355/6302/4874 5353/6300/4874 
f 5355/6302/4875 5356/6303/4875 5354/6301/4875 5353/6300/4875 
f 5286/6225/4876 5357/6304/4876 5358/6305/4876 
f 5292/6231/4877 5359/6306/4877 5357/6307/4877 
f 5359/6306/4878 5360/6308/4878 5358/6309/4878 5357/6307/4878 
f 5291/6230/4879 5361/6310/4879 5362/6311/4879 
f 5317/6256/4880 5363/6312/4880 5361/6313/4880 
f 5364/6314/4881 5362/6315/4881 5361/6316/4881 5363/6317/4881 
f 5365/6318/4882 5295/6234/4882 5366/6319/4882 5367/6320/4882 
f 5367/6321/4883 5366/6322/4883 5276/6215/4883 5368/6323/4883 
f 5368/6323/4884 5338/6277/4884 5365/6324/4884 5367/6321/4884 
f 5275/6214/4885 5369/6325/4885 5370/6326/4885 
f 5322/6261/4886 5371/6327/4886 5369/6325/4886 
f 5370/6326/4887 5369/6325/4887 5371/6327/4887 5339/6278/4887 
f 5372/6328/4888 5373/6329/4888 5297/6236/4888 5374/6330/4888 
f 5340/6279/4889 5375/6331/4889 5372/6332/4889 5374/6333/4889 
f 5375/6331/4890 5321/6260/4890 5373/6334/4890 5372/6332/4890 
f 5376/6335/4891 5377/6336/4891 5293/6232/4891 5378/6337/4891 
f 5379/6338/4892 5376/6339/4892 5378/6340/4892 5307/6246/4892 
f 5379/6338/4893 5323/6262/4893 5377/6341/4893 5376/6339/4893 
f 5306/6245/4894 5380/6342/4894 5381/6343/4894 
f 5279/6344/4895 5382/6345/4895 5380/6342/4895 
f 5380/6342/4896 5382/6345/4896 5324/6263/4896 5381/6343/4896 
f 5383/6346/4897 5384/6347/4897 5294/6233/4897 5385/6348/4897 
f 5325/6349/4898 5386/6350/4898 5383/6346/4898 5385/6348/4898 
f 5277/6216/4899 5384/6351/4899 5383/6352/4899 5386/6353/4899 
f 5304/6243/4900 5387/6354/4900 5388/6355/4900 5389/6356/4900 
f 5390/6357/4901 5388/6358/4901 5387/6359/4901 5312/6251/4901 
f 5326/6360/4902 5389/6356/4902 5388/6355/4902 5390/6361/4902 
f 5311/6362/4903 5391/6363/4903 5392/6364/4903 
f 5308/6247/4904 5393/6365/4904 5391/6363/4904 
f 5393/6365/4905 5327/6266/4905 5392/6364/4905 5391/6363/4905 
f 5394/6366/4906 5395/6367/4906 5396/6368/4906 5296/6235/4906 
f 5397/6369/4907 5395/6370/4907 5394/6371/4907 5328/6267/4907 
f 5397/6369/4908 5309/6248/4908 5396/6372/4908 5395/6370/4908 
f 5301/6240/4909 5398/6373/4909 5399/6374/4909 5400/6375/4909 
f 5282/6221/4910 5401/6376/4910 5399/6377/4910 5398/6378/4910 
f 5399/6377/4911 5401/6376/4911 5329/6268/4911 5400/6379/4911 
f 5281/6220/4912 5402/6380/4912 5403/6381/4912 
f 5315/6254/4913 5404/6382/4913 5402/6380/4913 
f 5404/6382/4914 5330/6269/4914 5403/6381/4914 5402/6380/4914 
f 5303/6242/4915 5405/6383/4915 5406/6384/4915 5407/6385/4915 
f 5406/6386/4916 5405/6387/4916 5331/6270/4916 5408/6388/4916 
f 5406/6386/4917 5408/6388/4917 5313/6252/4917 5407/6389/4917 
f 5300/6239/4918 5409/6390/4918 5410/6391/4918 5411/6392/4918 
f 5288/6227/4919 5412/6393/4919 5410/6394/4919 5409/6395/4919 
f 5332/6271/4920 5411/6396/4920 5410/6394/4920 5412/6393/4920 
f 5287/6226/4921 5413/6397/4921 5414/6398/4921 
f 5284/6399/4922 5415/6400/4922 5413/6397/4922 
f 5415/6400/4923 5333/6272/4923 5414/6398/4923 5413/6397/4923 
f 5416/6401/4924 5417/6402/4924 5302/6241/4924 5418/6403/4924 
f 5418/6404/4925 5334/6273/4925 5419/6405/4925 5416/6406/4925 
f 5419/6407/4926 5283/6222/4926 5417/6408/4926 5416/6409/4926 
f 5420/6410/4927 5421/6411/4927 5298/6237/4927 5422/6412/4927 
f 5422/6413/4928 5319/6258/4928 5423/6414/4928 5420/6415/4928 
f 5423/6416/4929 5335/6274/4929 5421/6417/4929 5420/6418/4929 
f 5318/6419/4930 5424/6420/4930 5425/6421/4930 
f 5290/6229/4931 5426/6422/4931 5424/6420/4931 
f 5424/6420/4932 5426/6422/4932 5336/6275/4932 5425/6421/4932 
f 5427/6423/4933 5428/6424/4933 5299/6238/4933 5429/6425/4933 
f 5429/6426/4934 5337/6276/4934 5430/6427/4934 5427/6428/4934 
f 5430/6427/4935 5289/6228/4935 5428/6429/4935 5427/6428/4935 
f 5278/6217/4936 5280/6219/4936 5346/6288/4936 5341/6280/4936 
f 5341/6284/4937 5346/6291/4937 5348/6294/4937 5344/6285/4937 
f 5350/6296/4938 5347/6289/4938 5305/6244/4938 5310/6249/4938 
f 5347/6293/4939 5350/6430/4939 5352/6431/4939 5348/6294/4939 
f 5354/6301/4940 5351/6432/4940 5314/6253/4940 5316/6255/4940 
f 5351/6433/4941 5354/6434/4941 5356/6435/4941 5352/6431/4941 
f 5285/6224/4942 5286/6225/4942 5358/6305/4942 5355/6302/4942 
f 5358/6436/4943 5360/6437/4943 5356/6435/4943 5355/6438/4943 
f 5359/6306/4944 5292/6231/4944 5291/6230/4944 5362/6311/4944 
f 5362/6315/4945 5364/6314/4945 5360/6437/4945 5359/6439/4945 
f 5343/6286/4946 5363/6312/4946 5317/6256/4946 5320/6259/4946 
f 5344/6285/4947 5364/6314/4947 5363/6317/4947 5343/6282/4947 
f 5295/6234/4948 5365/6318/4948 5374/6330/4948 5297/6236/4948 
f 5338/6440/4949 5340/6441/4949 5374/6330/4949 5365/6318/4949 
f 5276/6215/4950 5275/6214/4950 5370/6326/4950 5368/6323/4950 
f 5370/6326/4951 5339/6278/4951 5338/6277/4951 5368/6323/4951 
f 5371/6327/4952 5322/6261/4952 5321/6260/4952 5375/6331/4952 
f 5340/6279/4953 5339/6278/4953 5371/6327/4953 5375/6331/4953 
f 5293/6232/4954 5377/6336/4954 5385/6348/4954 5294/6233/4954 
f 5385/6348/4955 5377/6336/4955 5323/6442/4955 5325/6349/4955 
f 5306/6245/4956 5381/6343/4956 5379/6338/4956 5307/6246/4956 
f 5379/6338/4957 5381/6343/4957 5324/6263/4957 5323/6262/4957 
f 5386/6353/4958 5382/6443/4958 5279/6218/4958 5277/6216/4958 
f 5324/6263/4959 5382/6345/4959 5386/6444/4959 5325/6264/4959 
f 5389/6356/4960 5394/6366/4960 5296/6235/4960 5304/6243/4960 
f 5326/6360/4961 5328/6445/4961 5394/6366/4961 5389/6356/4961 
f 5390/6357/4962 5312/6251/4962 5311/6250/4962 5392/6446/4962 
f 5327/6266/4963 5326/6265/4963 5390/6447/4963 5392/6364/4963 
f 5308/6247/4964 5309/6248/4964 5397/6369/4964 5393/6365/4964 
f 5397/6369/4965 5328/6267/4965 5327/6266/4965 5393/6365/4965 
f 5400/6375/4966 5405/6383/4966 5303/6242/4966 5301/6240/4966 
f 5405/6383/4967 5400/6375/4967 5329/6448/4967 5331/6449/4967 
f 5403/6381/4968 5401/6376/4968 5282/6221/4968 5281/6220/4968 
f 5401/6376/4969 5403/6381/4969 5330/6269/4969 5329/6268/4969 
f 5315/6254/4970 5313/6252/4970 5408/6388/4970 5404/6382/4970 
f 5408/6388/4971 5331/6270/4971 5330/6269/4971 5404/6382/4971 
f 5302/6241/4972 5300/6239/4972 5411/6392/4972 5418/6403/4972 
f 5418/6403/4973 5411/6392/4973 5332/6450/4973 5334/6451/4973 
f 5288/6227/4974 5287/6226/4974 5414/6398/4974 5412/6393/4974 
f 5333/6272/4975 5332/6271/4975 5412/6393/4975 5414/6398/4975 
f 5283/6222/4976 5419/6407/4976 5415/6452/4976 5284/6223/4976 
f 5419/6405/4977 5334/6273/4977 5333/6272/4977 5415/6400/4977 
f 5429/6425/4978 5299/6238/4978 5298/6237/4978 5421/6411/4978 
f 5335/6453/4979 5337/6454/4979 5429/6425/4979 5421/6411/4979 
f 5425/6455/4980 5423/6414/4980 5319/6258/4980 5318/6257/4980 
f 5425/6421/4981 5336/6275/4981 5335/6274/4981 5423/6416/4981 
f 5290/6229/4982 5289/6228/4982 5430/6427/4982 5426/6422/4982 
f 5337/6276/4983 5336/6275/4983 5426/6422/4983 5430/6427/4983 
f 5309/6248/4984 5307/6246/4984 5378/6340/4984 5396/6372/4984 
f 5378/6337/4985 5293/6232/4985 5296/6235/4985 5396/6368/4985 
f 5277/6216/4986 5276/6215/4986 5366/6322/4986 5384/6351/4986 
f 5366/6319/4987 5295/6234/4987 5294/6233/4987 5384/6347/4987 
f 5319/6258/4988 5422/6413/4988 5373/6334/4988 5321/6260/4988 
f 5298/6237/4989 5297/6236/4989 5373/6329/4989 5422/6412/4989 
f 5409/6395/4990 5428/6429/4990 5289/6228/4990 5288/6227/4990 
f 5300/6239/4991 5299/6238/4991 5428/6424/4991 5409/6390/4991 
f 5282/6221/4992 5398/6378/4992 5417/6408/4992 5283/6222/4992 
f 5417/6402/4993 5398/6373/4993 5301/6240/4993 5302/6241/4993 
f 5313/6252/4994 5312/6251/4994 5387/6359/4994 5407/6389/4994 
f 5407/6385/4995 5387/6354/4995 5304/6243/4995 5303/6242/4995 
f 5342/6281/4996 5320/6259/4996 5322/6261/4996 5369/6325/4996 
f 5275/6214/4997 5278/6217/4997 5342/6281/4997 5369/6325/4997 
f 5380/6342/4998 5306/6245/4998 5305/6244/4998 5345/6290/4998 
f 5345/6290/4999 5280/6456/4999 5279/6344/4999 5380/6342/4999 
f 5424/6420/5000 5361/6310/5000 5291/6230/5000 5290/6229/5000 
f 5318/6419/5001 5317/6457/5001 5361/6310/5001 5424/6420/5001 
f 5349/6295/5002 5391/6363/5002 5311/6362/5002 5314/6297/5002 
f 5391/6363/5003 5349/6295/5003 5310/6249/5003 5308/6247/5003 
f 5281/6220/5004 5285/6224/5004 5353/6300/5004 5402/6380/5004 
f 5402/6380/5005 5353/6300/5005 5316/6255/5005 5315/6254/5005 
f 5357/6307/5006 5413/6397/5006 5287/6226/5006 5292/6231/5006 
f 5284/6399/5007 5413/6397/5007 5357/6307/5007 5286/6458/5007 
f 5348/6294/5008 5352/6431/5008 5356/6435/5008 5360/6437/5008 
f 5348/6294/5008 5360/6437/5008 5364/6314/5008 5344/6285/5008 
f 5431/6459/5009 5432/6460/5009 5433/6461/5009 5434/6462/5009 
f 5433/6461/5009 5435/6463/5009 5434/6462/5009 
f 5436/6464/5009 5431/6459/5009 5434/6462/5009 
f 5437/6465/5010 5438/6466/5010 5439/6467/5010 5440/6468/5010 
f 5441/6469/5010 5437/6465/5010 5440/6468/5010 5442/6470/5010 
f 5443/6471/3438 5444/6472/3438 5445/6473/3438 5446/6474/3438 
f 5447/6475/3438 5446/6474/3438 5445/6473/3438 5448/6476/3438 
f 5449/6477/889 5450/6478/889 5451/6479/889 5452/6480/889 
f 5453/6481/889 5454/6482/889 5455/6483/889 5456/6484/889 
f 5455/6483/889 5457/6485/889 5456/6484/889 
f 5456/6484/889 5458/6486/889 5459/6487/889 5453/6481/889 
f 5453/6481/889 5459/6487/889 5452/6480/889 5451/6479/889 
f 5460/6488/889 5449/6477/889 5452/6480/889 
f 5461/6489/5011 5462/6490/5011 5463/6491/5011 5464/6492/5011 
f 5463/6491/5011 5465/6493/5011 5464/6492/5011 
f 5461/6489/5011 5464/6492/5011 5466/6494/5011 
f 5467/6495/5012 5468/6496/5012 5469/6497/5012 5470/6498/5012 
f 5469/6497/5012 5471/6499/5012 5470/6498/5012 
f 5467/6495/5012 5470/6498/5012 5472/6500/5012 
f 5473/6501/5013 5474/6502/5013 5475/6503/5013 5476/6504/5013 
f 5475/6503/5013 5477/6505/5013 5476/6504/5013 
f 5478/6506/5013 5473/6501/5013 5476/6504/5013 
f 5479/6507/5014 5480/6508/5014 5481/6509/5014 
f 5482/6510/5015 5483/6511/5015 5484/6512/5015 
f 5485/6513/5016 5486/6514/5016 5487/6515/5016 
f 5488/6516/5017 5489/6517/5017 5490/6518/5017 
f 5491/6519/5018 5492/6520/5018 5493/6521/5018 
f 5494/6522/5019 5495/6523/5019 5496/6524/5019 
f 5436/6464/5020 5497/6525/5020 5498/6526/5020 
f 5497/6527/5021 5499/6528/5021 5500/6529/5021 5498/6530/5021 
f 5476/6504/5022 5498/6531/5022 5500/6532/5022 
f 5434/6462/5023 5501/6533/5023 5502/6534/5023 
f 5461/6489/5024 5503/6535/5024 5501/6536/5024 
f 5502/6537/5025 5501/6538/5025 5503/6539/5025 5504/6540/5025 
f 5466/6494/5026 5505/6541/5026 5506/6542/5026 
f 5467/6495/5027 5507/6543/5027 5505/6541/5027 
f 5506/6542/5028 5505/6541/5028 5507/6543/5028 5508/6544/5028 
f 5472/6500/5029 5509/6545/5029 5510/6546/5029 
f 5442/6470/5030 5511/6547/5030 5509/6548/5030 
f 5510/6549/5031 5509/6548/5031 5511/6547/5031 5512/6550/5031 
f 5440/6468/5032 5513/6551/5032 5514/6552/5032 
f 5447/6475/5033 5515/6553/5033 5513/6554/5033 
f 5516/6555/5034 5514/6556/5034 5513/6551/5034 5515/6557/5034 
f 5448/6476/5035 5517/6558/5035 5518/6559/5035 
f 5478/6506/5036 5519/6560/5036 5517/6558/5036 
f 5517/6561/5037 5519/6562/5037 5520/6563/5037 5518/6564/5037 
f 5521/6565/5038 5450/6478/5038 5522/6566/5038 5523/6567/5038 
f 5522/6568/5039 5432/6460/5039 5524/6569/5039 5523/6570/5039 
f 5494/6522/5040 5521/6571/5040 5523/6570/5040 5524/6569/5040 
f 5431/6459/5041 5525/6572/5041 5526/6573/5041 
f 5477/6574/5042 5527/6575/5042 5525/6572/5042 
f 5525/6572/5043 5527/6575/5043 5495/6523/5043 5526/6573/5043 
f 5451/6479/5044 5528/6576/5044 5529/6577/5044 5530/6578/5044 
f 5528/6579/5045 5496/6524/5045 5531/6580/5045 5529/6581/5045 
f 5475/6503/5046 5530/6582/5046 5529/6583/5046 5531/6584/5046 
f 5532/6585/5047 5533/6586/5047 5460/6488/5047 5534/6587/5047 
f 5534/6588/5048 5463/6491/5048 5535/6589/5048 5532/6590/5048 
f 5479/6591/5049 5533/6586/5049 5532/6585/5049 5535/6592/5049 
f 5462/6593/5050 5536/6594/5050 5537/6595/5050 
f 5435/6463/5051 5538/6596/5051 5536/6594/5051 
f 5538/6596/5052 5480/6508/5052 5537/6595/5052 5536/6594/5052 
f 5449/6477/5053 5539/6597/5053 5540/6598/5053 5541/6599/5053 
f 5542/6600/5054 5540/6601/5054 5539/6602/5054 5481/6509/5054 
f 5542/6600/5055 5433/6461/5055 5541/6603/5055 5540/6601/5055 
f 5459/6487/5056 5543/6604/5056 5544/6605/5056 5545/6606/5056 
f 5543/6607/5057 5469/6497/5057 5546/6608/5057 5544/6609/5057 
f 5544/6609/5058 5546/6608/5058 5482/6510/5058 5545/6610/5058 
f 5468/6496/5059 5547/6611/5059 5548/6612/5059 
f 5464/6492/5060 5549/6613/5060 5547/6611/5060 
f 5547/6611/5061 5549/6613/5061 5483/6511/5061 5548/6612/5061 
f 5550/6614/5062 5551/6615/5062 5452/6480/5062 5552/6616/5062 
f 5553/6617/5063 5550/6618/5063 5552/6619/5063 5484/6512/5063 
f 5551/6620/5064 5550/6618/5064 5553/6617/5064 5465/6493/5064 
f 5554/6621/5065 5555/6622/5065 5556/6623/5065 5456/6484/5065 
f 5557/6624/5066 5555/6625/5066 5554/6626/5066 5437/6465/5066 
f 5557/6624/5067 5485/6513/5067 5556/6627/5067 5555/6625/5067 
f 5441/6469/5068 5558/6628/5068 5559/6629/5068 
f 5470/6630/5069 5560/6631/5069 5558/6628/5069 
f 5560/6631/5070 5486/6514/5070 5559/6629/5070 5558/6628/5070 
f 5458/6486/5071 5561/6632/5071 5562/6633/5071 5563/6634/5071 
f 5562/6633/5072 5561/6632/5072 5487/6635/5072 5564/6636/5072 
f 5471/6499/5073 5563/6637/5073 5562/6638/5073 5564/6639/5073 
f 5565/6640/5074 5566/6641/5074 5567/6642/5074 5455/6483/5074 
f 5568/6643/5075 5566/6644/5075 5565/6645/5075 5443/6471/5075 
f 5568/6646/5076 5488/6647/5076 5567/6642/5076 5566/6648/5076 
f 5446/6649/5077 5569/6650/5077 5570/6651/5077 
f 5439/6467/5078 5571/6652/5078 5569/6650/5078 
f 5569/6650/5079 5571/6652/5079 5489/6517/5079 5570/6651/5079 
f 5572/6653/5080 5573/6654/5080 5457/6485/5080 5574/6655/5080 
f 5575/6656/5081 5572/6657/5081 5574/6658/5081 5490/6518/5081 
f 5572/6657/5082 5575/6656/5082 5438/6466/5082 5573/6659/5082 
f 5576/6660/5083 5577/6661/5083 5453/6481/5083 5578/6662/5083 
f 5576/6663/5084 5578/6664/5084 5474/6502/5084 5579/6665/5084 
f 5579/6665/5085 5491/6519/5085 5577/6666/5085 5576/6663/5085 
f 5473/6501/5086 5580/6667/5086 5581/6668/5086 
f 5445/6473/5087 5582/6669/5087 5580/6667/5087 
f 5582/6669/5088 5492/6520/5088 5581/6668/5088 5580/6667/5088 
f 5583/6670/5089 5584/6671/5089 5585/6672/5089 5454/6482/5089 
f 5586/6673/5090 5584/6674/5090 5583/6675/5090 5493/6521/5090 
f 5586/6673/5091 5444/6472/5091 5585/6676/5091 5584/6674/5091 
f 5497/6525/5092 5436/6464/5092 5434/6462/5092 5502/6534/5092 
f 5499/6528/5093 5497/6527/5093 5502/6537/5093 5504/6540/5093 
f 5503/6535/5094 5461/6489/5094 5466/6494/5094 5506/6542/5094 
f 5508/6677/5095 5504/6540/5095 5503/6539/5095 5506/6678/5095 
f 5510/6546/5096 5507/6543/5096 5467/6495/5096 5472/6500/5096 
f 5508/6677/5097 5507/6679/5097 5510/6680/5097 5512/6681/5097 
f 5511/6547/5098 5442/6470/5098 5440/6468/5098 5514/6552/5098 
f 5512/6681/5099 5511/6682/5099 5514/6683/5099 5516/6684/5099 
f 5447/6475/5100 5448/6476/5100 5518/6559/5100 5515/6553/5100 
f 5515/6685/5101 5518/6564/5101 5520/6563/5101 5516/6684/5101 
f 5478/6506/5102 5476/6504/5102 5500/6532/5102 5519/6560/5102 
f 5500/6529/5103 5499/6528/5103 5520/6563/5103 5519/6562/5103 
f 5528/6576/5104 5451/6479/5104 5450/6478/5104 5521/6565/5104 
f 5521/6565/5105 5494/6686/5105 5496/6687/5105 5528/6576/5105 
f 5432/6460/5106 5431/6459/5106 5526/6573/5106 5524/6569/5106 
f 5524/6569/5107 5526/6573/5107 5495/6523/5107 5494/6522/5107 
f 5531/6584/5108 5527/6688/5108 5477/6505/5108 5475/6503/5108 
f 5531/6580/5109 5496/6524/5109 5495/6523/5109 5527/6575/5109 
f 5533/6586/5110 5539/6597/5110 5449/6477/5110 5460/6488/5110 
f 5533/6586/5111 5479/6591/5111 5481/6689/5111 5539/6597/5111 
f 5462/6490/5112 5537/6690/5112 5535/6589/5112 5463/6491/5112 
f 5535/6691/5113 5537/6595/5113 5480/6508/5113 5479/6507/5113 
f 5542/6600/5114 5538/6596/5114 5435/6463/5114 5433/6461/5114 
f 5542/6600/5115 5481/6509/5115 5480/6508/5115 5538/6596/5115 
f 5552/6616/5116 5452/6480/5116 5459/6487/5116 5545/6606/5116 
f 5545/6606/5117 5482/6692/5117 5484/6693/5117 5552/6616/5117 
f 5548/6612/5118 5546/6608/5118 5469/6497/5118 5468/6496/5118 
f 5483/6511/5119 5482/6510/5119 5546/6608/5119 5548/6612/5119 
f 5465/6493/5120 5553/6617/5120 5549/6613/5120 5464/6492/5120 
f 5549/6613/5121 5553/6617/5121 5484/6512/5121 5483/6511/5121 
f 5458/6486/5122 5456/6484/5122 5556/6623/5122 5561/6632/5122 
f 5487/6635/5123 5561/6632/5123 5556/6623/5123 5485/6694/5123 
f 5441/6469/5124 5559/6629/5124 5557/6624/5124 5437/6465/5124 
f 5557/6624/5125 5559/6629/5125 5486/6514/5125 5485/6513/5125 
f 5470/6498/5126 5471/6499/5126 5564/6639/5126 5560/6695/5126 
f 5486/6514/5127 5560/6631/5127 5564/6696/5127 5487/6515/5127 
f 5455/6483/5128 5567/6642/5128 5574/6655/5128 5457/6485/5128 
f 5574/6655/5129 5567/6642/5129 5488/6647/5129 5490/6697/5129 
f 5446/6474/5130 5570/6698/5130 5568/6643/5130 5443/6471/5130 
f 5568/6699/5131 5570/6651/5131 5489/6517/5131 5488/6516/5131 
f 5439/6467/5132 5438/6466/5132 5575/6656/5132 5571/6652/5132 
f 5489/6517/5133 5571/6652/5133 5575/6656/5133 5490/6518/5133 
f 5453/6481/5134 5577/6661/5134 5583/6670/5134 5454/6482/5134 
f 5577/6661/5135 5491/6700/5135 5493/6701/5135 5583/6670/5135 
f 5581/6668/5136 5579/6665/5136 5474/6502/5136 5473/6501/5136 
f 5581/6668/5137 5492/6520/5137 5491/6519/5137 5579/6665/5137 
f 5582/6669/5138 5445/6473/5138 5444/6472/5138 5586/6673/5138 
f 5582/6669/5139 5586/6673/5139 5493/6521/5139 5492/6520/5139 
f 5534/6588/5140 5551/6620/5140 5465/6493/5140 5463/6491/5140 
f 5452/6480/5141 5551/6615/5141 5534/6587/5141 5460/6488/5141 
f 5433/6461/5142 5432/6460/5142 5522/6568/5142 5541/6603/5142 
f 5522/6566/5143 5450/6478/5143 5449/6477/5143 5541/6599/5143 
f 5475/6503/5144 5474/6502/5144 5578/6664/5144 5530/6582/5144 
f 5578/6662/5145 5453/6481/5145 5451/6479/5145 5530/6578/5145 
f 5565/6645/5146 5585/6676/5146 5444/6472/5146 5443/6471/5146 
f 5585/6672/5147 5565/6640/5147 5455/6483/5147 5454/6482/5147 
f 5438/6466/5148 5437/6465/5148 5554/6626/5148 5573/6659/5148 
f 5573/6654/5149 5554/6621/5149 5456/6484/5149 5457/6485/5149 
f 5563/6637/5150 5471/6499/5150 5469/6497/5150 5543/6607/5150 
f 5543/6604/5151 5459/6487/5151 5458/6486/5151 5563/6634/5151 
f 5525/6572/5152 5498/6526/5152 5476/6702/5152 5477/6574/5152 
f 5431/6459/5153 5436/6464/5153 5498/6526/5153 5525/6572/5153 
f 5501/6533/5154 5536/6594/5154 5462/6593/5154 5461/6703/5154 
f 5435/6463/5155 5536/6594/5155 5501/6533/5155 5434/6462/5155 
f 5517/6558/5156 5448/6476/5156 5445/6473/5156 5580/6667/5156 
f 5473/6501/5157 5478/6506/5157 5517/6558/5157 5580/6667/5157 
f 5468/6496/5158 5467/6495/5158 5505/6541/5158 5547/6611/5158 
f 5464/6492/5159 5547/6611/5159 5505/6541/5159 5466/6494/5159 
f 5442/6470/5160 5509/6548/5160 5558/6628/5160 5441/6469/5160 
f 5558/6704/5161 5509/6545/5161 5472/6500/5161 5470/6705/5161 
f 5447/6475/5162 5513/6554/5162 5569/6706/5162 5446/6707/5162 
f 5569/6650/5163 5513/6551/5163 5440/6468/5163 5439/6467/5163 
f 5499/6528/5008 5504/6540/5008 5508/6677/5008 5516/6684/5008 
f 5508/6677/5008 5512/6681/5008 5516/6684/5008 
f 5499/6528/5008 5516/6684/5008 5520/6563/5008 
f 5587/6708/4857 5588/6709/4857 5589/6710/4857 5590/6711/4857 
f 5590/6711/4857 5589/6710/4857 5591/6712/4857 5592/6713/4857 
f 5593/6714/4856 5594/6715/4856 5595/6716/4856 5596/6717/4856 
f 5597/6718/4856 5593/6714/4856 5596/6717/4856 5598/6719/4856 
f 5599/6720/4853 5600/6721/4853 5601/6722/4853 5602/6723/4853 
f 5601/6722/4853 5603/6724/4853 5602/6723/4853 
f 5604/6725/4853 5599/6720/4853 5602/6723/4853 
f 5605/6726/889 5606/6727/889 5607/6728/889 5608/6729/889 
f 5607/6728/889 5609/6730/889 5610/6731/889 5608/6729/889 
f 5610/6731/889 5611/6732/889 5612/6733/889 5613/6734/889 
f 5612/6733/889 5614/6735/889 5613/6734/889 
f 5610/6731/889 5613/6734/889 5615/6736/889 5608/6729/889 
f 5608/6729/889 5615/6736/889 5616/6737/889 
f 5617/6738/4852 5618/6739/4852 5619/6740/4852 5620/6741/4852 
f 5621/6742/4852 5620/6741/4852 5619/6740/4852 5622/6743/4852 
f 5623/6744/4855 5624/6745/4855 5625/6746/4855 5626/6747/4855 
f 5627/6748/4855 5623/6744/4855 5626/6747/4855 5628/6749/4855 
f 5629/6750/4854 5630/6751/4854 5631/6752/4854 5632/6753/4854 
f 5631/6752/4854 5633/6754/4854 5632/6753/4854 
f 5629/6750/4854 5632/6753/4854 5634/6755/4854 
f 5635/6756/4863 5636/6757/4863 5637/6758/4863 
f 5638/6759/4858 5639/6760/4858 5640/6761/4858 
f 5641/6762/5164 5642/6763/5164 5643/6764/5164 
f 5644/6765/5165 5645/6766/5165 5646/6767/5165 
f 5647/6768/5166 5648/6769/5166 5649/6770/5166 
f 5650/6771/5167 5651/6772/5167 5652/6773/5167 
f 5590/6711/4880 5653/6774/4880 5654/6775/4880 
f 5654/6776/5168 5653/6777/5168 5655/6778/5168 5656/6779/5168 
f 5634/6755/4879 5654/6780/4879 5656/6781/4879 
f 5592/6713/5169 5657/6782/5169 5658/6783/5169 
f 5621/6742/5170 5659/6784/5170 5657/6782/5170 
f 5658/6785/4865 5657/6786/4865 5659/6787/4865 5660/6788/4865 
f 5622/6789/5171 5661/6790/5171 5662/6791/5171 
f 5627/6748/5172 5663/6792/5172 5661/6790/5172 
f 5664/6793/5173 5662/6791/5173 5661/6790/5173 5663/6792/5173 
f 5628/6749/5174 5665/6794/5174 5666/6795/5174 
f 5598/6796/4871 5667/6797/4871 5665/6794/4871 
f 5668/6798/5175 5666/6795/5175 5665/6794/5175 5667/6797/5175 
f 5596/6717/5176 5669/6799/5176 5670/6800/5176 
f 5604/6725/5177 5671/6801/5177 5669/6799/5177 
f 5671/6801/4875 5672/6802/4875 5670/6800/4875 5669/6799/4875 
f 5602/6723/5178 5673/6803/5178 5674/6804/5178 
f 5629/6750/5179 5675/6805/5179 5673/6806/5179 
f 5675/6807/5180 5676/6808/5180 5674/6809/5180 5673/6810/5180 
f 5677/6811/5181 5678/6812/5181 5606/6727/5181 5679/6813/5181 
f 5677/6814/5182 5679/6815/5182 5588/6709/5182 5680/6816/5182 
f 5680/6817/4929 5650/6771/4929 5678/6818/4929 5677/6819/4929 
f 5587/6820/5183 5681/6821/5183 5682/6822/5183 
f 5632/6753/5184 5683/6823/5184 5681/6821/5184 
f 5683/6823/5185 5651/6772/5185 5682/6822/5185 5681/6821/5185 
f 5684/6824/5186 5607/6728/5186 5685/6825/5186 5686/6826/5186 
f 5652/6773/4934 5687/6827/4934 5686/6828/4934 5685/6829/4934 
f 5686/6828/4935 5687/6827/4935 5633/6754/4935 5684/6830/4935 
f 5688/6831/5187 5689/6832/5187 5608/6729/5187 5690/6833/5187 
f 5688/6834/5188 5690/6835/5188 5617/6738/5188 5691/6836/5188 
f 5691/6836/5189 5635/6756/5189 5689/6837/5189 5688/6834/5189 
f 5620/6741/5190 5692/6838/5190 5693/6839/5190 
f 5591/6712/4886 5694/6840/4886 5692/6838/4886 
f 5694/6840/4887 5636/6757/4887 5693/6839/4887 5692/6838/4887 
f 5605/6726/5191 5695/6841/5191 5696/6842/5191 5697/6843/5191 
f 5637/6758/5192 5698/6844/5192 5696/6845/5192 5695/6846/5192 
f 5696/6845/5193 5698/6844/5193 5589/6710/5193 5697/6847/5193 
f 5615/6736/5194 5699/6848/5194 5700/6849/5194 5701/6850/5194 
f 5702/6851/5195 5700/6852/5195 5699/6853/5195 5624/6745/5195 
f 5638/6759/5196 5701/6854/5196 5700/6852/5196 5702/6851/5196 
f 5623/6744/4894 5703/6855/4894 5704/6856/4894 
f 5619/6857/5197 5705/6858/5197 5703/6855/5197 
f 5703/6855/5198 5705/6858/5198 5639/6760/5198 5704/6856/5198 
f 5706/6859/5199 5707/6860/5199 5708/6861/5199 5616/6737/5199 
f 5707/6860/4898 5706/6859/4898 5640/6862/4898 5709/6863/4898 
f 5708/6864/5200 5707/6865/5200 5709/6866/5200 5618/6739/5200 
f 5710/6867/5201 5711/6868/5201 5614/6735/5201 5712/6869/5201 
f 5710/6870/4901 5712/6871/4901 5593/6714/4901 5713/6872/4901 
f 5713/6873/5202 5641/6762/5202 5711/6874/5202 5710/6875/5202 
f 5597/6876/5203 5714/6877/5203 5715/6878/5203 
f 5626/6747/5204 5716/6879/5204 5714/6877/5204 
f 5716/6879/5205 5642/6763/5205 5715/6878/5205 5714/6877/5205 
f 5717/6880/5206 5718/6881/5206 5613/6734/5206 5719/6882/5206 
f 5720/6883/4907 5717/6884/4907 5719/6885/4907 5643/6764/4907 
f 5625/6746/5207 5718/6886/5207 5717/6884/5207 5720/6883/5207 
f 5721/6887/5208 5722/6888/5208 5611/6732/5208 5723/6889/5208 
f 5721/6890/5209 5723/6891/5209 5600/6721/5209 5724/6892/5209 
f 5721/6890/4911 5724/6892/4911 5644/6765/4911 5722/6893/4911 
f 5599/6720/5210 5725/6894/5210 5726/6895/5210 
f 5595/6716/5211 5727/6896/5211 5725/6894/5211 
f 5727/6896/5212 5645/6766/5212 5726/6895/5212 5725/6894/5212 
f 5728/6897/5213 5729/6898/5213 5730/6899/5213 5612/6733/5213 
f 5731/6900/4916 5729/6901/4916 5728/6902/4916 5646/6767/4916 
f 5731/6900/5214 5594/6715/5214 5730/6903/5214 5729/6901/5214 
f 5732/6904/5215 5733/6905/5215 5609/6730/5215 5734/6906/5215 
f 5734/6907/4919 5631/6752/4919 5735/6908/4919 5732/6909/4919 
f 5732/6909/4920 5735/6908/4920 5647/6768/4920 5733/6910/4920 
f 5630/6751/5216 5736/6911/5216 5737/6912/5216 
f 5603/6913/5217 5738/6914/5217 5736/6911/5217 
f 5648/6769/5218 5737/6912/5218 5736/6911/5218 5738/6914/5218 
f 5739/6915/5219 5610/6731/5219 5740/6916/5219 5741/6917/5219 
f 5740/6918/4925 5649/6770/4925 5742/6919/4925 5741/6920/4925 
f 5601/6722/5220 5739/6921/5220 5741/6922/5220 5742/6923/5220 
f 5658/6783/5221 5653/6774/5221 5590/6711/5221 5592/6713/5221 
f 5655/6778/5222 5653/6777/5222 5658/6785/5222 5660/6788/5222 
f 5622/6743/5223 5662/6924/5223 5659/6784/5223 5621/6742/5223 
f 5662/6925/5224 5664/6926/5224 5660/6788/5224 5659/6787/5224 
f 5666/6795/4938 5663/6792/4938 5627/6748/4938 5628/6749/4938 
f 5668/6927/4939 5664/6926/4939 5663/6928/4939 5666/6929/4939 
f 5598/6719/5225 5596/6717/5225 5670/6800/5225 5667/6930/5225 
f 5667/6931/5226 5670/6932/5226 5672/6933/5226 5668/6927/5226 
f 5604/6725/5227 5602/6723/5227 5674/6804/5227 5671/6801/5227 
f 5671/6934/4943 5674/6809/4943 5676/6808/4943 5672/6933/4943 
f 5675/6805/4944 5629/6750/4944 5634/6755/4944 5656/6781/4944 
f 5655/6778/4945 5676/6808/4945 5675/6807/4945 5656/6779/4945 
f 5607/6728/4978 5606/6727/4978 5678/6812/4978 5685/6825/4978 
f 5685/6825/5228 5678/6812/5228 5650/6935/5228 5652/6936/5228 
f 5682/6937/4980 5680/6816/4980 5588/6709/4980 5587/6708/4980 
f 5682/6822/5229 5651/6772/5229 5650/6771/5229 5680/6817/5229 
f 5683/6823/4982 5632/6753/4982 5633/6754/4982 5687/6827/4982 
f 5652/6773/4983 5651/6772/4983 5683/6823/4983 5687/6827/4983 
f 5608/6729/4948 5689/6832/4948 5695/6841/4948 5605/6726/4948 
f 5695/6841/5230 5689/6832/5230 5635/6938/5230 5637/6939/5230 
f 5617/6738/4950 5620/6741/4950 5693/6839/4950 5691/6836/4950 
f 5693/6839/4951 5636/6757/4951 5635/6756/4951 5691/6836/4951 
f 5591/6712/4952 5589/6710/4952 5698/6844/4952 5694/6840/4952 
f 5694/6840/4953 5698/6844/4953 5637/6758/4953 5636/6757/4953 
f 5616/6737/5231 5615/6736/5231 5701/6850/5231 5706/6859/5231 
f 5706/6859/4955 5701/6850/4955 5638/6940/4955 5640/6862/4955 
f 5624/6745/4956 5623/6744/4956 5704/6856/4956 5702/6851/4956 
f 5704/6856/4957 5639/6760/4957 5638/6759/4957 5702/6851/4957 
f 5709/6866/4958 5705/6941/4958 5619/6740/4958 5618/6739/4958 
f 5639/6760/4959 5705/6858/4959 5709/6942/4959 5640/6761/4959 
f 5614/6735/5232 5711/6868/5232 5719/6882/5232 5613/6734/5232 
f 5719/6882/5233 5711/6868/5233 5641/6943/5233 5643/6944/5233 
f 5715/6945/5234 5713/6872/5234 5593/6714/5234 5597/6718/5234 
f 5713/6873/4963 5715/6878/4963 5642/6763/4963 5641/6762/4963 
f 5626/6747/4964 5625/6746/4964 5720/6883/4964 5716/6879/4964 
f 5720/6883/4965 5643/6764/4965 5642/6763/4965 5716/6879/4965 
f 5722/6888/4966 5728/6897/4966 5612/6733/4966 5611/6732/4966 
f 5644/6946/5235 5646/6947/5235 5728/6897/5235 5722/6888/5235 
f 5600/6721/5236 5599/6720/5236 5726/6895/5236 5724/6892/5236 
f 5726/6895/4969 5645/6766/4969 5644/6765/4969 5724/6892/4969 
f 5727/6896/4970 5595/6716/4970 5594/6715/4970 5731/6900/4970 
f 5727/6896/4971 5731/6900/4971 5646/6767/4971 5645/6766/4971 
f 5740/6916/4972 5610/6731/4972 5609/6730/4972 5733/6905/4972 
f 5733/6905/5237 5647/6948/5237 5649/6949/5237 5740/6916/5237 
f 5735/6908/5238 5631/6752/5238 5630/6751/5238 5737/6912/5238 
f 5737/6912/5239 5648/6769/5239 5647/6768/5239 5735/6908/5239 
f 5603/6724/4976 5601/6722/4976 5742/6923/4976 5738/6950/4976 
f 5738/6914/4977 5742/6919/4977 5649/6770/4977 5648/6769/4977 
f 5618/6739/5240 5617/6738/5240 5690/6835/5240 5708/6864/5240 
f 5608/6729/5241 5616/6737/5241 5708/6861/5241 5690/6833/5241 
f 5588/6709/4988 5679/6815/4988 5697/6847/4988 5589/6710/4988 
f 5697/6843/5242 5679/6813/5242 5606/6727/5242 5605/6726/5242 
f 5631/6752/4990 5734/6907/4990 5684/6830/4990 5633/6754/4990 
f 5684/6824/5243 5734/6906/5243 5609/6730/5243 5607/6728/5243 
f 5723/6891/5244 5739/6921/5244 5601/6722/5244 5600/6721/5244 
f 5611/6732/4993 5610/6731/4993 5739/6915/4993 5723/6889/4993 
f 5593/6714/4994 5712/6871/4994 5730/6903/4994 5594/6715/4994 
f 5712/6869/4995 5614/6735/4995 5612/6733/4995 5730/6899/4995 
f 5718/6886/4984 5625/6746/4984 5624/6745/4984 5699/6853/4984 
f 5615/6736/4985 5613/6734/4985 5718/6881/4985 5699/6848/4985 
f 5632/6753/5245 5681/6821/5245 5654/6780/5245 5634/6755/5245 
f 5681/6821/5246 5587/6820/5246 5590/6951/5246 5654/6780/5246 
f 5621/6742/4997 5657/6782/4997 5692/6838/4997 5620/6741/4997 
f 5592/6713/5247 5591/6712/5247 5692/6838/5247 5657/6782/5247 
f 5602/6952/5248 5603/6913/5248 5736/6911/5248 5673/6806/5248 
f 5673/6806/5249 5736/6911/5249 5630/6751/5249 5629/6750/5249 
f 5627/6748/5250 5661/6790/5250 5703/6855/5250 5623/6744/5250 
f 5703/6855/5251 5661/6790/5251 5622/6789/5251 5619/6857/5251 
f 5665/6794/5252 5714/6877/5252 5597/6876/5252 5598/6796/5252 
f 5626/6747/5253 5714/6877/5253 5665/6794/5253 5628/6749/5253 
f 5725/6894/5254 5599/6720/5254 5604/6725/5254 5669/6799/5254 
f 5595/6716/5255 5725/6894/5255 5669/6799/5255 5596/6717/5255 
f 5660/6788/5008 5664/6926/5008 5668/6927/5008 5655/6778/5008 
f 5668/6927/5008 5672/6933/5008 5676/6808/5008 5655/6778/5008 
f 5743/6953/5256 5744/6954/5256 5745/6955/5256 5746/6956/5256 
f 5747/6957/5256 5743/6953/5256 5746/6956/5256 5748/6958/5256 
f 5749/6959/5257 5750/6960/5257 5751/6961/5257 5752/6962/5257 
f 5753/6963/5257 5749/6959/5257 5752/6962/5257 5754/6964/5257 
f 5755/6965/5258 5756/6966/5258 5757/6967/5258 5758/6968/5258 
f 5759/6969/5258 5755/6965/5258 5758/6968/5258 5760/6970/5258 
f 5761/6971/889 5762/6972/889 5763/6973/889 5764/6974/889 
f 5761/6971/889 5764/6974/889 5765/6975/889 5766/6976/889 
f 5761/6971/889 5766/6976/889 5767/6977/889 5768/6978/889 
f 5761/6971/889 5768/6978/889 5769/6979/889 5770/6980/889 
f 5761/6971/889 5770/6980/889 5771/6981/889 5772/6982/889 
f 5773/6983/5259 5774/6984/5259 5775/6985/5259 5776/6986/5259 
f 5776/6986/5259 5775/6985/5259 5777/6987/5259 5778/6988/5259 
f 5779/6989/5260 5780/6990/5260 5781/6991/5260 5782/6992/5260 
f 5779/6989/5260 5782/6992/5260 5783/6993/5260 5784/6994/5260 
f 5785/6995/5261 5786/6996/5261 5787/6997/5261 5788/6998/5261 
f 5788/6998/5261 5787/6997/5261 5789/6999/5261 5790/7000/5261 
f 5791/7001/5262 5792/7002/5262 5793/7003/5262 
f 5794/7004/5263 5795/7005/5263 5796/7006/5263 
f 5797/7007/5264 5798/7008/5264 5799/7009/5264 
f 5800/7010/5265 5801/7011/5265 5802/7012/5265 
f 5803/7013/5266 5804/7014/5266 5805/7015/5266 
f 5806/7016/5267 5807/7017/5267 5808/7018/5267 
f 5748/6958/5268 5809/7019/5268 5810/7020/5268 
f 5811/7021/5269 5812/7022/5269 5810/7023/5269 5809/7024/5269 
f 5790/7000/5270 5810/7025/5270 5812/7026/5270 
f 5746/6956/5271 5813/7027/5271 5814/7028/5271 
f 5776/7029/5272 5815/7030/5272 5813/7027/5272 
f 5813/7031/5273 5815/7032/5273 5816/7033/5273 5814/7034/5273 
f 5778/6988/5274 5817/7035/5274 5818/7036/5274 
f 5784/6994/5275 5819/7037/5275 5817/7035/5275 
f 5819/7037/5276 5820/7038/5276 5818/7036/5276 5817/7035/5276 
f 5783/6993/5277 5821/7039/5277 5822/7040/5277 
f 5753/6963/5278 5823/7041/5278 5821/7042/5278 
f 5824/7043/5279 5822/7044/5279 5821/7042/5279 5823/7045/5279 
f 5754/6964/5280 5825/7046/5280 5826/7047/5280 
f 5759/7048/5281 5827/7049/5281 5825/7046/5281 
f 5826/7047/5282 5825/7046/5282 5827/7049/5282 5828/7050/5282 
f 5760/6970/5283 5829/7051/5283 5830/7052/5283 
f 5788/6998/5284 5831/7053/5284 5829/7051/5284 
f 5830/7054/5285 5829/7055/5285 5831/7056/5285 5832/7057/5285 
f 5833/7058/5286 5834/7059/5286 5763/6973/5286 5835/7060/5286 
f 5833/7061/5287 5835/7062/5287 5743/6953/5287 5836/7063/5287 
f 5836/7063/5288 5806/7064/5288 5834/7065/5288 5833/7061/5288 
f 5747/6957/5289 5837/7066/5289 5838/7067/5289 
f 5789/6999/5290 5839/7068/5290 5837/7069/5290 
f 5807/7017/5291 5838/7070/5291 5837/7069/5291 5839/7071/5291 
f 5840/7072/5292 5841/7073/5292 5764/6974/5292 5842/7074/5292 
f 5842/7075/5293 5808/7018/5293 5843/7076/5293 5840/7077/5293 
f 5843/7076/5294 5787/6997/5294 5841/7078/5294 5840/7077/5294 
f 5844/7079/5295 5845/7080/5295 5761/6971/5295 5846/7081/5295 
f 5846/7082/5296 5774/7083/5296 5847/7084/5296 5844/7085/5296 
f 5847/7084/5297 5791/7001/5297 5845/7086/5297 5844/7085/5297 
f 5773/7087/5298 5848/7088/5298 5849/7089/5298 
f 5745/6955/5299 5850/7090/5299 5848/7088/5299 
f 5850/7090/5300 5792/7002/5300 5849/7089/5300 5848/7088/5300 
f 5762/6972/5301 5851/7091/5301 5852/7092/5301 5853/7093/5301 
f 5793/7003/5302 5854/7094/5302 5852/7095/5302 5851/7096/5302 
f 5854/7094/5303 5744/6954/5303 5853/7097/5303 5852/7095/5303 
f 5855/7098/5304 5856/7099/5304 5771/6981/5304 5857/7100/5304 
f 5855/7101/5305 5857/7102/5305 5780/6990/5305 5858/7103/5305 
f 5858/7103/5306 5794/7004/5306 5856/7104/5306 5855/7101/5306 
f 5779/6989/5307 5859/7105/5307 5860/7106/5307 
f 5777/6987/5308 5861/7107/5308 5859/7105/5308 
f 5860/7106/5309 5859/7105/5309 5861/7107/5309 5795/7005/5309 
f 5862/7108/5310 5863/7109/5310 5864/7110/5310 5772/6982/5310 
f 5863/7111/5311 5862/7112/5311 5796/7006/5311 5865/7113/5311 
f 5864/7114/5312 5863/7111/5312 5865/7113/5312 5775/6985/5312 
f 5866/7115/5313 5867/7116/5313 5868/7117/5313 5769/6979/5313 
f 5867/7118/5314 5866/7119/5314 5750/6960/5314 5869/7120/5314 
f 5867/7116/5315 5869/7121/5315 5797/7122/5315 5868/7117/5315 
f 5749/6959/5316 5870/7123/5316 5871/7124/5316 
f 5782/6992/5317 5872/7125/5317 5870/7126/5317 
f 5870/7123/5318 5872/7127/5318 5798/7128/5318 5871/7124/5318 
f 5873/7129/5319 5874/7130/5319 5770/6980/5319 5875/7131/5319 
f 5799/7132/5320 5876/7133/5320 5873/7129/5320 5875/7131/5320 
f 5876/7134/5321 5781/6991/5321 5874/7135/5321 5873/7136/5321 
f 5877/7137/5322 5878/7138/5322 5879/7139/5322 5767/6977/5322 
f 5878/7140/5323 5877/7141/5323 5756/7142/5323 5880/7143/5323 
f 5878/7140/5324 5880/7143/5324 5800/7010/5324 5879/7144/5324 
f 5755/7145/5325 5881/7146/5325 5882/7147/5325 
f 5752/6962/5326 5883/7148/5326 5881/7146/5326 
f 5881/7146/5327 5883/7148/5327 5801/7011/5327 5882/7147/5327 
f 5884/7149/5328 5885/7150/5328 5886/7151/5328 5768/6978/5328 
f 5802/7012/5329 5887/7152/5329 5885/7153/5329 5884/7154/5329 
f 5887/7152/5330 5751/6961/5330 5886/7155/5330 5885/7153/5330 
f 5888/7156/5331 5889/7157/5331 5890/7158/5331 5765/6975/5331 
f 5888/7159/5332 5786/6996/5332 5891/7160/5332 5889/7161/5332 
f 5889/7161/5333 5891/7160/5333 5803/7013/5333 5890/7162/5333 
f 5785/6995/5334 5892/7163/5334 5893/7164/5334 
f 5758/6968/5335 5894/7165/5335 5892/7163/5335 
f 5894/7165/5336 5804/7014/5336 5893/7164/5336 5892/7163/5336 
f 5895/7166/5337 5896/7167/5337 5766/6976/5337 5897/7168/5337 
f 5897/7169/5338 5805/7015/5338 5898/7170/5338 5895/7171/5338 
f 5898/7170/5339 5757/6967/5339 5896/7172/5339 5895/7171/5339 
f 5748/6958/5340 5746/6956/5340 5814/7028/5340 5809/7019/5340 
f 5814/7034/5341 5816/7033/5341 5811/7021/5341 5809/7024/5341 
f 5776/6986/5342 5778/6988/5342 5818/7036/5342 5815/7173/5342 
f 5818/7174/5343 5820/7175/5343 5816/7033/5343 5815/7032/5343 
f 5819/7037/5344 5784/6994/5344 5783/6993/5344 5822/7040/5344 
f 5822/7176/5345 5824/7177/5345 5820/7175/5345 5819/7178/5345 
f 5753/6963/5346 5754/6964/5346 5826/7047/5346 5823/7041/5346 
f 5826/7179/5347 5828/7180/5347 5824/7177/5347 5823/7181/5347 
f 5830/7052/5348 5827/7182/5348 5759/6969/5348 5760/6970/5348 
f 5830/7054/5349 5832/7057/5349 5828/7180/5349 5827/7183/5349 
f 5788/6998/5350 5790/7000/5350 5812/7026/5350 5831/7053/5350 
f 5811/7021/5351 5832/7057/5351 5831/7056/5351 5812/7022/5351 
f 5834/7059/5352 5842/7074/5352 5764/6974/5352 5763/6973/5352 
f 5842/7074/5353 5834/7059/5353 5806/7184/5353 5808/7185/5353 
f 5836/7063/5354 5743/6953/5354 5747/6957/5354 5838/7067/5354 
f 5836/7063/5355 5838/7067/5355 5807/7186/5355 5806/7064/5355 
f 5789/6999/5356 5787/6997/5356 5843/7076/5356 5839/7068/5356 
f 5807/7017/5357 5839/7068/5357 5843/7076/5357 5808/7018/5357 
f 5845/7080/5358 5851/7091/5358 5762/6972/5358 5761/6971/5358 
f 5851/7091/5359 5845/7080/5359 5791/7187/5359 5793/7188/5359 
f 5774/7083/5360 5773/7087/5360 5849/7089/5360 5847/7084/5360 
f 5792/7002/5361 5791/7001/5361 5847/7084/5361 5849/7089/5361 
f 5745/6955/5362 5744/6954/5362 5854/7094/5362 5850/7090/5362 
f 5850/7090/5363 5854/7094/5363 5793/7003/5363 5792/7002/5363 
f 5862/7108/5364 5772/6982/5364 5771/6981/5364 5856/7099/5364 
f 5856/7099/5365 5794/7189/5365 5796/7190/5365 5862/7108/5365 
f 5780/6990/5366 5779/6989/5366 5860/7106/5366 5858/7103/5366 
f 5858/7103/5367 5860/7106/5367 5795/7005/5367 5794/7004/5367 
f 5865/7113/5368 5861/7107/5368 5777/6987/5368 5775/6985/5368 
f 5795/7005/5369 5861/7107/5369 5865/7113/5369 5796/7006/5369 
f 5769/6979/5370 5868/7117/5370 5875/7131/5370 5770/6980/5370 
f 5875/7131/5371 5868/7117/5371 5797/7122/5371 5799/7132/5371 
f 5749/6959/5372 5871/7124/5372 5869/7120/5372 5750/6960/5372 
f 5798/7128/5373 5797/7191/5373 5869/7120/5373 5871/7124/5373 
f 5781/6991/5374 5876/7134/5374 5872/7125/5374 5782/6992/5374 
f 5876/7134/5375 5799/7009/5375 5798/7008/5375 5872/7125/5375 
f 5768/6978/5376 5767/6977/5376 5879/7139/5376 5884/7149/5376 
f 5879/7139/5377 5800/7192/5377 5802/7193/5377 5884/7149/5377 
f 5882/7147/5378 5880/7143/5378 5756/7142/5378 5755/7145/5378 
f 5801/7011/5379 5800/7010/5379 5880/7143/5379 5882/7147/5379 
f 5751/6961/5380 5887/7152/5380 5883/7148/5380 5752/6962/5380 
f 5802/7012/5381 5801/7011/5381 5883/7148/5381 5887/7152/5381 
f 5766/6976/5382 5765/6975/5382 5890/7158/5382 5897/7168/5382 
f 5897/7168/5383 5890/7158/5383 5803/7194/5383 5805/7195/5383 
f 5891/7160/5384 5786/6996/5384 5785/6995/5384 5893/7164/5384 
f 5803/7013/5385 5891/7160/5385 5893/7164/5385 5804/7014/5385 
f 5757/6967/5386 5898/7170/5386 5894/7165/5386 5758/6968/5386 
f 5805/7015/5387 5804/7014/5387 5894/7165/5387 5898/7170/5387 
f 5846/7196/5388 5864/7114/5388 5775/6985/5388 5774/6984/5388 
f 5772/6982/5389 5864/7110/5389 5846/7081/5389 5761/6971/5389 
f 5743/6953/5390 5835/7062/5390 5853/7097/5390 5744/6954/5390 
f 5853/7093/5391 5835/7060/5391 5763/6973/5391 5762/6972/5391 
f 5787/6997/5392 5786/6996/5392 5888/7159/5392 5841/7078/5392 
f 5841/7073/5393 5888/7156/5393 5765/6975/5393 5764/6974/5393 
f 5877/7197/5394 5896/7172/5394 5757/6967/5394 5756/6966/5394 
f 5896/7167/5395 5877/7137/5395 5767/6977/5395 5766/6976/5395 
f 5866/7119/5396 5886/7155/5396 5751/6961/5396 5750/6960/5396 
f 5769/6979/5397 5768/6978/5397 5886/7151/5397 5866/7115/5397 
f 5857/7102/5398 5874/7135/5398 5781/6991/5398 5780/6990/5398 
f 5770/6980/5399 5874/7130/5399 5857/7100/5399 5771/6981/5399 
f 5837/7069/5400 5810/7025/5400 5790/7000/5400 5789/6999/5400 
f 5748/6958/5401 5810/7020/5401 5837/7066/5401 5747/6957/5401 
f 5813/7027/5402 5848/7088/5402 5773/7087/5402 5776/7029/5402 
f 5848/7088/5403 5813/7027/5403 5746/6956/5403 5745/6955/5403 
f 5760/6970/5404 5758/6968/5404 5892/7163/5404 5829/7051/5404 
f 5788/6998/5405 5829/7051/5405 5892/7163/5405 5785/6995/5405 
f 5817/7035/5406 5859/7105/5406 5779/6989/5406 5784/6994/5406 
f 5817/7035/5407 5778/6988/5407 5777/6987/5407 5859/7105/5407 
f 5821/7042/5408 5870/7123/5408 5749/6959/5408 5753/6963/5408 
f 5870/7126/5409 5821/7039/5409 5783/6993/5409 5782/6992/5409 
f 5825/7046/5410 5881/7146/5410 5755/7145/5410 5759/7048/5410 
f 5881/7146/5411 5825/7046/5411 5754/6964/5411 5752/6962/5411 
f 5816/7033/5008 5820/7175/5008 5824/7177/5008 5832/7057/5008 
f 5824/7177/5008 5828/7180/5008 5832/7057/5008 
f 5811/7021/5008 5816/7033/5008 5832/7057/5008 
f 5899/7198/5412 5900/7199/5412 5901/7200/5412 5902/7201/5412 
f 5903/7202/5412 5899/7198/5412 5902/7201/5412 5904/7203/5412 
f 5905/7204/5413 5906/7205/5413 5907/7206/5413 5908/7207/5413 
f 5908/7207/5413 5907/7206/5413 5909/7208/5413 5910/7209/5413 
f 5911/7210/5414 5912/7211/5414 5913/7212/5414 5914/7213/5414 
f 5913/7212/5414 5915/7214/5414 5914/7213/5414 
f 5916/7215/5414 5911/7210/5414 5914/7213/5414 
f 5917/7216/889 5918/7217/889 5919/7218/889 5920/7219/889 
f 5919/7218/889 5921/7220/889 5920/7219/889 
f 5920/7219/889 5922/7221/889 5923/7222/889 5917/7216/889 
f 5917/7216/889 5923/7222/889 5924/7223/889 5925/7224/889 
f 5924/7223/889 5926/7225/889 5925/7224/889 
f 5917/7216/889 5925/7224/889 5927/7226/889 5928/7227/889 
f 5929/7228/5415 5930/7229/5415 5931/7230/5415 5932/7231/5415 
f 5931/7230/5415 5933/7232/5415 5932/7231/5415 
f 5934/7233/5415 5929/7228/5415 5932/7231/5415 
f 5935/7234/5416 5936/7235/5416 5937/7236/5416 5938/7237/5416 
f 5937/7236/5416 5939/7238/5416 5938/7237/5416 
f 5935/7234/5416 5938/7237/5416 5940/7239/5416 
f 5941/7240/5417 5942/7241/5417 5943/7242/5417 5944/7243/5417 
f 5943/7242/5417 5945/7244/5417 5944/7243/5417 
f 5941/7240/5417 5944/7243/5417 5946/7245/5417 
f 5947/7246/5418 5948/7247/5418 5949/7248/5418 
f 5950/7249/5419 5951/7250/5419 5952/7251/5419 
f 5953/7252/5420 5954/7253/5420 5955/7254/5420 
f 5956/7255/5421 5957/7256/5421 5958/7257/5421 
f 5959/7258/5422 5960/7259/5422 5961/7260/5422 
f 5962/7261/5423 5963/7262/5423 5964/7263/5423 
f 5903/7202/5424 5965/7264/5424 5966/7265/5424 
f 5965/7266/5425 5967/7267/5425 5968/7268/5425 5966/7269/5425 
f 5946/7270/5426 5966/7265/5426 5968/7271/5426 
f 5904/7203/5427 5969/7272/5427 5970/7273/5427 
f 5934/7233/5428 5971/7274/5428 5969/7275/5428 
f 5970/7276/5429 5969/7277/5429 5971/7278/5429 5972/7279/5429 
f 5932/7231/5430 5973/7280/5430 5974/7281/5430 
f 5935/7234/5431 5975/7282/5431 5973/7280/5431 
f 5976/7283/5432 5974/7281/5432 5973/7280/5432 5975/7282/5432 
f 5940/7284/5433 5977/7285/5433 5978/7286/5433 
f 5908/7207/5434 5979/7287/5434 5977/7285/5434 
f 5980/7288/5435 5978/7286/5435 5977/7285/5435 5979/7287/5435 
f 5910/7209/5436 5981/7289/5436 5982/7290/5436 
f 5916/7215/5437 5983/7291/5437 5981/7292/5437 
f 5981/7292/5438 5983/7293/5438 5984/7294/5438 5982/7295/5438 
f 5914/7213/5439 5985/7296/5439 5986/7297/5439 
f 5941/7240/5440 5987/7298/5440 5985/7296/5440 
f 5987/7299/5441 5988/7300/5441 5986/7301/5441 5985/7302/5441 
f 5989/7303/5442 5919/7218/5442 5990/7304/5442 5991/7305/5442 
f 5990/7306/5443 5900/7199/5443 5992/7307/5443 5991/7308/5443 
f 5991/7308/5444 5992/7307/5444 5962/7261/5444 5989/7309/5444 
f 5899/7198/5445 5993/7310/5445 5994/7311/5445 
f 5944/7312/5446 5995/7313/5446 5993/7310/5446 
f 5995/7313/5447 5963/7262/5447 5994/7311/5447 5993/7310/5447 
f 5996/7314/5448 5997/7315/5448 5921/7220/5448 5998/7316/5448 
f 5996/7317/5449 5998/7318/5449 5964/7263/5449 5999/7319/5449 
f 5999/7319/5450 5945/7320/5450 5997/7321/5450 5996/7317/5450 
f 6000/7322/5451 6001/7323/5451 5917/7216/5451 6002/7324/5451 
f 5930/7229/5452 6003/7325/5452 6000/7326/5452 6002/7327/5452 
f 6003/7325/5453 5947/7246/5453 6001/7328/5453 6000/7326/5453 
f 5929/7228/5454 6004/7329/5454 6005/7330/5454 
f 5902/7201/5455 6006/7331/5455 6004/7332/5455 
f 6004/7332/5456 6006/7333/5456 5948/7334/5456 6005/7335/5456 
f 6007/7336/5457 6008/7337/5457 5918/7217/5457 6009/7338/5457 
f 6009/7339/5458 5949/7340/5458 6010/7341/5458 6007/7342/5458 
f 6010/7341/5459 5901/7200/5459 6008/7343/5459 6007/7342/5459 
f 6011/7344/5460 5927/7226/5460 6012/7345/5460 6013/7346/5460 
f 6013/7347/5461 6012/7348/5461 5937/7236/5461 6014/7349/5461 
f 6014/7349/5462 5950/7249/5462 6011/7350/5462 6013/7347/5462 
f 5936/7235/5463 6015/7351/5463 6016/7352/5463 
f 5933/7232/5464 6017/7353/5464 6015/7351/5464 
f 5951/7250/5465 6016/7352/5465 6015/7351/5465 6017/7353/5465 
f 6018/7354/5466 6019/7355/5466 5928/7227/5466 6020/7356/5466 
f 6020/7357/5467 5952/7251/5467 6021/7358/5467 6018/7359/5467 
f 6021/7358/5468 5931/7230/5468 6019/7360/5468 6018/7359/5468 
f 6022/7361/5469 5926/7225/5469 6023/7362/5469 6024/7363/5469 
f 6024/7364/5470 6023/7365/5470 5906/7205/5470 6025/7366/5470 
f 6025/7366/5471 5953/7252/5471 6022/7367/5471 6024/7364/5471 
f 5905/7204/5472 6026/7368/5472 6027/7369/5472 
f 5938/7370/5473 6028/7371/5473 6026/7368/5473 
f 5954/7253/5474 6027/7369/5474 6026/7368/5474 6028/7371/5474 
f 6029/7372/5475 6030/7373/5475 6031/7374/5475 5925/7224/5475 
f 5955/7254/5476 6032/7375/5476 6030/7376/5476 6029/7377/5476 
f 6032/7375/5477 5939/7378/5477 6031/7379/5477 6030/7376/5477 
f 6033/7380/5478 6034/7381/5478 5923/7222/5478 6035/7382/5478 
f 6035/7383/5479 5912/7211/5479 6036/7384/5479 6033/7385/5479 
f 6033/7380/5480 6036/7386/5480 5956/7387/5480 6034/7381/5480 
f 5911/7210/5481 6037/7388/5481 6038/7389/5481 
f 5909/7208/5482 6039/7390/5482 6037/7391/5482 
f 6039/7392/5483 5957/7256/5483 6038/7389/5483 6037/7388/5483 
f 6040/7393/5484 6041/7394/5484 5924/7223/5484 6042/7395/5484 
f 5958/7396/5485 6043/7397/5485 6040/7393/5485 6042/7395/5485 
f 6041/7398/5486 6040/7399/5486 6043/7400/5486 5907/7206/5486 
f 6044/7401/5487 6045/7402/5487 5920/7219/5487 6046/7403/5487 
f 6046/7404/5488 5943/7242/5488 6047/7405/5488 6044/7406/5488 
f 6047/7405/5489 5959/7258/5489 6045/7407/5489 6044/7406/5489 
f 5942/7241/5490 6048/7408/5490 6049/7409/5490 
f 5915/7214/5491 6050/7410/5491 6048/7408/5491 
f 6050/7410/5492 5960/7259/5492 6049/7409/5492 6048/7408/5492 
f 6051/7411/5493 6052/7412/5493 6053/7413/5493 5922/7221/5493 
f 6054/7414/5494 6052/7415/5494 6051/7416/5494 5961/7260/5494 
f 6054/7414/5495 5913/7212/5495 6053/7417/5495 6052/7415/5495 
f 5903/7202/5496 5904/7203/5496 5970/7273/5496 5965/7264/5496 
f 5972/7279/5497 5967/7267/5497 5965/7266/5497 5970/7276/5497 
f 5932/7231/5498 5974/7281/5498 5971/7274/5498 5934/7233/5498 
f 5976/7418/5499 5972/7279/5499 5971/7278/5499 5974/7419/5499 
f 5978/7420/5500 5975/7282/5500 5935/7234/5500 5940/7239/5500 
f 5976/7418/5501 5975/7421/5501 5978/7422/5501 5980/7423/5501 
f 5982/7290/5502 5979/7287/5502 5908/7207/5502 5910/7209/5502 
f 5980/7423/5503 5979/7424/5503 5982/7425/5503 5984/7426/5503 
f 5986/7297/5504 5983/7291/5504 5916/7215/5504 5914/7213/5504 
f 5984/7426/5505 5983/7427/5505 5986/7301/5505 5988/7300/5505 
f 5946/7245/5506 5968/7428/5506 5987/7298/5506 5941/7240/5506 
f 5987/7299/5507 5968/7268/5507 5967/7267/5507 5988/7300/5507 
f 5989/7303/5508 5998/7316/5508 5921/7220/5508 5919/7218/5508 
f 5998/7316/5509 5989/7303/5509 5962/7429/5509 5964/7430/5509 
f 5900/7199/5510 5899/7198/5510 5994/7311/5510 5992/7307/5510 
f 5994/7311/5511 5963/7262/5511 5962/7261/5511 5992/7307/5511 
f 5944/7312/5512 5945/7320/5512 5999/7319/5512 5995/7313/5512 
f 5995/7313/5513 5999/7319/5513 5964/7263/5513 5963/7262/5513 
f 5917/7216/5514 6001/7323/5514 6009/7338/5514 5918/7217/5514 
f 6009/7338/5515 6001/7323/5515 5947/7431/5515 5949/7432/5515 
f 6005/7330/5516 6003/7325/5516 5930/7229/5516 5929/7228/5516 
f 6003/7325/5517 6005/7330/5517 5948/7247/5517 5947/7246/5517 
f 5902/7201/5518 5901/7200/5518 6010/7341/5518 6006/7331/5518 
f 6006/7331/5519 6010/7341/5519 5949/7340/5519 5948/7334/5519 
f 5927/7226/5520 6011/7344/5520 6020/7356/5520 5928/7227/5520 
f 6020/7356/5521 6011/7344/5521 5950/7433/5521 5952/7434/5521 
f 6016/7352/5522 6014/7349/5522 5937/7236/5522 5936/7235/5522 
f 5950/7249/5523 6014/7349/5523 6016/7352/5523 5951/7250/5523 
f 5933/7232/5524 5931/7230/5524 6021/7358/5524 6017/7353/5524 
f 6017/7353/5525 6021/7358/5525 5952/7251/5525 5951/7250/5525 
f 5925/7224/5526 5926/7225/5526 6022/7361/5526 6029/7372/5526 
f 6022/7361/5527 5953/7435/5527 5955/7436/5527 6029/7372/5527 
f 6027/7369/5528 6025/7366/5528 5906/7205/5528 5905/7204/5528 
f 6027/7369/5529 5954/7253/5529 5953/7252/5529 6025/7366/5529 
f 5939/7378/5530 6032/7375/5530 6028/7371/5530 5938/7370/5530 
f 6028/7371/5531 6032/7375/5531 5955/7254/5531 5954/7253/5531 
f 6034/7381/5532 6042/7395/5532 5924/7223/5532 5923/7222/5532 
f 6034/7381/5533 5956/7387/5533 5958/7396/5533 6042/7395/5533 
f 5911/7210/5534 6038/7389/5534 6036/7384/5534 5912/7211/5534 
f 5956/7255/5535 6036/7384/5535 6038/7389/5535 5957/7256/5535 
f 6039/7390/5536 5909/7208/5536 5907/7206/5536 6043/7400/5536 
f 5958/7437/5537 5957/7438/5537 6039/7390/5537 6043/7400/5537 
f 6051/7411/5538 5922/7221/5538 5920/7219/5538 6045/7402/5538 
f 6051/7411/5539 6045/7402/5539 5959/7439/5539 5961/7440/5539 
f 6049/7409/5540 6047/7405/5540 5943/7242/5540 5942/7241/5540 
f 5959/7258/5541 6047/7405/5541 6049/7409/5541 5960/7259/5541 
f 6050/7410/5542 5915/7214/5542 5913/7212/5542 6054/7414/5542 
f 5961/7260/5543 5960/7259/5543 6050/7410/5543 6054/7414/5543 
f 5930/7229/5544 6002/7327/5544 6019/7360/5544 5931/7230/5544 
f 6019/7355/5545 6002/7324/5545 5917/7216/5545 5928/7227/5545 
f 5900/7199/5546 5990/7306/5546 6008/7343/5546 5901/7200/5546 
f 6008/7337/5547 5990/7304/5547 5919/7218/5547 5918/7217/5547 
f 5997/7441/5548 5945/7244/5548 5943/7242/5548 6046/7404/5548 
f 5921/7220/5549 5997/7315/5549 6046/7403/5549 5920/7219/5549 
f 6053/7417/5550 5913/7212/5550 5912/7211/5550 6035/7383/5550 
f 5923/7222/5551 5922/7221/5551 6053/7413/5551 6035/7382/5551 
f 6023/7365/5552 6041/7398/5552 5907/7206/5552 5906/7205/5552 
f 6023/7362/5553 5926/7225/5553 5924/7223/5553 6041/7394/5553 
f 6031/7442/5554 5939/7238/5554 5937/7236/5554 6012/7348/5554 
f 5927/7226/5555 5925/7224/5555 6031/7374/5555 6012/7345/5555 
f 5944/7312/5556 5993/7310/5556 5966/7265/5556 5946/7270/5556 
f 5993/7310/5557 5899/7198/5557 5903/7202/5557 5966/7265/5557 
f 6004/7329/5558 5929/7228/5558 5934/7233/5558 5969/7275/5558 
f 5902/7201/5559 6004/7332/5559 5969/7272/5559 5904/7203/5559 
f 5914/7213/5560 5915/7214/5560 6048/7408/5560 5985/7296/5560 
f 5985/7296/5561 6048/7408/5561 5942/7241/5561 5941/7240/5561 
f 6015/7351/5562 5936/7235/5562 5935/7234/5562 5973/7280/5562 
f 6015/7351/5563 5973/7280/5563 5932/7231/5563 5933/7232/5563 
f 5977/7285/5564 6026/7368/5564 5905/7204/5564 5908/7207/5564 
f 5940/7284/5565 5938/7370/5565 6026/7368/5565 5977/7285/5565 
f 5981/7292/5566 6037/7388/5566 5911/7210/5566 5916/7215/5566 
f 6037/7391/5567 5981/7289/5567 5910/7209/5567 5909/7208/5567 
f 5972/7279/5008 5976/7418/5008 5980/7423/5008 5988/7300/5008 
f 5980/7423/5008 5984/7426/5008 5988/7300/5008 
f 5967/7267/5008 5972/7279/5008 5988/7300/5008 
f 6055/7443/4853 6056/7444/4853 6057/7445/4853 6058/7446/4853 
f 6055/7443/4853 6058/7446/4853 6059/7447/4853 6060/7448/4853 
f 6061/7449/4852 6062/7450/4852 6063/7451/4852 6064/7452/4852 
f 6061/7449/4852 6064/7452/4852 6065/7453/4852 6066/7454/4852 
f 6067/7455/4855 6068/7456/4855 6069/7457/4855 6070/7458/4855 
f 6067/7455/4855 6070/7458/4855 6071/7459/4855 6072/7460/4855 
f 6073/7461/889 6074/7462/889 6075/7463/889 6076/7464/889 
f 6077/7465/889 6078/7466/889 6079/7467/889 6076/7464/889 
f 6073/7461/889 6076/7464/889 6079/7467/889 6080/7468/889 
f 6079/7467/889 6081/7469/889 6082/7470/889 6080/7468/889 
f 6082/7470/889 6083/7471/889 6080/7468/889 
f 6073/7461/889 6080/7468/889 6084/7472/889 
f 6085/7473/4854 6086/7474/4854 6087/7475/4854 6088/7476/4854 
f 6088/7476/4854 6087/7475/4854 6089/7477/4854 6090/7478/4854 
f 6091/7479/4857 6092/7480/4857 6093/7481/4857 6094/7482/4857 
f 6093/7481/4857 6095/7483/4857 6094/7482/4857 
f 6091/7479/4857 6094/7482/4857 6096/7484/4857 
f 6097/7485/4856 6098/7486/4856 6099/7487/4856 6100/7488/4856 
f 6099/7487/4856 6101/7489/4856 6100/7488/4856 
f 6097/7485/4856 6100/7488/4856 6102/7490/4856 
f 6103/7491/4861 6104/7492/4861 6105/7493/4861 
f 6106/7494/4862 6107/7495/4862 6108/7496/4862 
f 6109/7497/5568 6110/7498/5568 6111/7499/5568 
f 6112/7500/4858 6113/7501/4858 6114/7502/4858 
f 6115/7503/5569 6116/7504/5569 6117/7505/5569 
f 6118/7506/5165 6119/7507/5165 6120/7508/5165 
f 6060/7448/5570 6121/7509/5570 6122/7510/5570 
f 6123/7511/5571 6122/7512/5571 6121/7513/5571 6124/7514/5571 
f 6102/7490/5572 6122/7510/5572 6123/7515/5572 
f 6059/7447/5178 6125/7516/5178 6126/7517/5178 
f 6088/7476/5573 6127/7518/5573 6125/7519/5573 
f 6128/7520/5180 6126/7521/5180 6125/7522/5180 6127/7523/5180 
f 6090/7478/5574 6129/7524/5574 6130/7525/5574 
f 6091/7526/5575 6131/7527/5575 6129/7524/5575 
f 6132/7528/5576 6130/7525/5576 6129/7524/5576 6131/7527/5576 
f 6096/7484/5577 6133/7529/5577 6134/7530/5577 
f 6066/7454/5578 6135/7531/5578 6133/7529/5578 
f 6135/7531/5579 6136/7532/5579 6134/7530/5579 6133/7529/5579 
f 6065/7533/5580 6137/7534/5580 6138/7535/5580 
f 6067/7455/5581 6139/7536/5581 6137/7534/5581 
f 6138/7535/5582 6137/7534/5582 6139/7536/5582 6140/7537/5582 
f 6072/7460/5583 6141/7538/5583 6142/7539/5583 
f 6097/7485/5584 6143/7540/5584 6141/7541/5584 
f 6142/7542/5585 6141/7543/5585 6143/7544/5585 6144/7545/5585 
f 6145/7546/4909 6146/7547/4909 6075/7463/4909 6147/7548/4909 
f 6147/7549/5209 6056/7444/5209 6148/7550/5209 6145/7551/5209 
f 6148/7550/5586 6118/7506/5586 6146/7552/5586 6145/7551/5586 
f 6055/7443/5587 6149/7553/5587 6150/7554/5587 
f 6100/7488/5211 6151/7555/5211 6149/7553/5211 
f 6151/7555/5212 6119/7507/5212 6150/7554/5212 6149/7553/5212 
f 6152/7556/5588 6153/7557/5588 6076/7464/5588 6154/7558/5588 
f 6120/7508/5589 6155/7559/5589 6152/7560/5589 6154/7561/5589 
f 6155/7559/5590 6101/7489/5590 6153/7562/5590 6152/7560/5590 
f 6156/7563/5215 6157/7564/5215 6158/7565/5215 6073/7461/5215 
f 6159/7566/4919 6157/7567/4919 6156/7568/4919 6086/7474/4919 
f 6159/7566/5591 6103/7491/5591 6158/7569/5591 6157/7567/5591 
f 6085/7473/4921 6160/7570/4921 6161/7571/4921 
f 6058/7572/4922 6162/7573/4922 6160/7570/4922 
f 6160/7570/5592 6162/7573/5592 6104/7492/5592 6161/7571/5592 
f 6163/7574/4924 6074/7462/4924 6164/7575/4924 6165/7576/4924 
f 6165/7576/5593 6164/7575/5593 6105/7577/5593 6166/7578/5593 
f 6166/7579/5220 6057/7445/5220 6163/7580/5220 6165/7581/5220 
f 6080/7468/5594 6167/7582/5594 6168/7583/5594 6169/7584/5594 
f 6093/7481/5595 6170/7585/5595 6168/7586/5595 6167/7587/5595 
f 6168/7583/5596 6170/7588/5596 6106/7589/5596 6169/7584/5596 
f 6092/7590/5597 6171/7591/5597 6172/7592/5597 
f 6089/7477/5184 6173/7593/5184 6171/7591/5184 
f 6173/7593/5598 6107/7495/5598 6172/7592/5598 6171/7591/5598 
f 6084/7472/4933 6174/7594/4933 6175/7595/4933 6176/7596/4933 
f 6175/7597/5599 6174/7598/5599 6108/7496/5599 6177/7599/5599 
f 6177/7599/5600 6087/7475/5600 6176/7600/5600 6175/7597/5600 
f 6178/7601/5601 6179/7602/5601 6082/7470/5601 6180/7603/5601 
f 6181/7604/5602 6178/7605/5602 6180/7606/5602 6062/7450/5602 
f 6178/7605/5603 6181/7604/5603 6109/7497/5603 6179/7607/5603 
f 6061/7449/5604 6182/7608/5604 6183/7609/5604 
f 6094/7482/5605 6184/7610/5605 6182/7608/5605 
f 6110/7498/5606 6183/7609/5606 6182/7608/5606 6184/7610/5606 
f 6185/7611/5191 6186/7612/5191 6083/7471/5191 6187/7613/5191 
f 6185/7614/5607 6187/7615/5607 6111/7499/5607 6188/7616/5607 
f 6188/7616/5608 6095/7483/5608 6186/7617/5608 6185/7614/5608 
f 6189/7618/4891 6190/7619/4891 6079/7467/4891 6191/7620/4891 
f 6192/7621/4892 6189/7622/4892 6191/7623/4892 6069/7457/4892 
f 6189/7622/5609 6192/7621/5609 6112/7500/5609 6190/7624/5609 
f 6068/7456/5610 6193/7625/5610 6194/7626/5610 
f 6064/7627/4895 6195/7628/4895 6193/7625/4895 
f 6193/7625/4896 6195/7628/4896 6113/7501/4896 6194/7626/4896 
f 6196/7629/4897 6197/7630/4897 6081/7469/4897 6198/7631/4897 
f 6114/7632/5611 6199/7633/5611 6196/7629/5611 6198/7631/5611 
f 6063/7451/5612 6197/7634/5612 6196/7635/5612 6199/7636/5612 
f 6200/7637/4900 6077/7465/4900 6201/7638/4900 6202/7639/4900 
f 6201/7640/5613 6099/7487/5613 6203/7641/5613 6202/7642/5613 
f 6203/7643/4902 6115/7503/4902 6200/7644/4902 6202/7645/4902 
f 6098/7646/5614 6204/7647/5614 6205/7648/5614 
f 6071/7459/5204 6206/7649/5204 6204/7647/5204 
f 6206/7649/5615 6116/7504/5615 6205/7648/5615 6204/7647/5615 
f 6207/7650/4906 6078/7466/4906 6208/7651/4906 6209/7652/4906 
f 6210/7653/5616 6209/7654/5616 6208/7655/5616 6117/7505/5616 
f 6210/7653/5207 6070/7458/5207 6207/7656/5207 6209/7654/5207 
f 6126/7517/5227 6121/7509/5227 6060/7448/5227 6059/7447/5227 
f 6121/7513/4943 6126/7521/4943 6128/7520/4943 6124/7514/4943 
f 6090/7478/5617 6130/7525/5617 6127/7518/5617 6088/7476/5617 
f 6132/7657/4945 6128/7520/4945 6127/7523/4945 6130/7658/4945 
f 6134/7530/5221 6131/7659/5221 6091/7479/5221 6096/7484/5221 
f 6132/7657/4947 6131/7660/4947 6134/7661/4947 6136/7662/4947 
f 6066/7454/5223 6065/7453/5223 6138/7663/5223 6135/7531/5223 
f 6135/7664/5224 6138/7665/5224 6140/7666/5224 6136/7662/5224 
f 6067/7455/4938 6072/7460/4938 6142/7539/4938 6139/7536/4938 
f 6139/7667/4939 6142/7542/4939 6144/7545/4939 6140/7666/4939 
f 6102/7490/5225 6123/7515/5225 6143/7540/5225 6097/7485/5225 
f 6123/7511/5226 6124/7514/5226 6144/7545/5226 6143/7544/5226 
f 6154/7558/5618 6076/7464/5618 6075/7463/5618 6146/7547/5618 
f 6118/7668/4967 6120/7669/4967 6154/7558/4967 6146/7547/4967 
f 6055/7443/4968 6150/7554/4968 6148/7550/4968 6056/7444/4968 
f 6148/7550/4969 6150/7554/4969 6119/7507/4969 6118/7506/4969 
f 6100/7488/5619 6101/7489/5619 6155/7559/5619 6151/7555/5619 
f 6120/7508/5620 6119/7507/5620 6151/7555/5620 6155/7559/5620 
f 6158/7565/5621 6164/7575/5621 6074/7462/5621 6073/7461/5621 
f 6164/7575/5237 6158/7565/5237 6103/7670/5237 6105/7577/5237 
f 6161/7571/4974 6159/7566/4974 6086/7474/4974 6085/7473/4974 
f 6104/7492/4975 6103/7491/4975 6159/7566/4975 6161/7571/4975 
f 6058/7446/4976 6057/7445/4976 6166/7579/4976 6162/7671/4976 
f 6162/7573/4977 6166/7672/4977 6105/7493/4977 6104/7492/4977 
f 6169/7584/5622 6174/7594/5622 6084/7472/5622 6080/7468/5622 
f 6106/7589/4979 6108/7673/4979 6174/7594/4979 6169/7584/4979 
f 6093/7481/5623 6092/7480/5623 6172/7674/5623 6170/7585/5623 
f 6170/7675/5624 6172/7592/5624 6107/7495/5624 6106/7494/5624 
f 6173/7593/4982 6089/7477/4982 6087/7475/4982 6177/7599/4982 
f 6173/7593/5625 6177/7599/5625 6108/7496/5625 6107/7495/5625 
f 6083/7471/5626 6082/7470/5626 6179/7602/5626 6187/7613/5626 
f 6187/7613/4949 6179/7602/4949 6109/7676/4949 6111/7677/4949 
f 6062/7450/5627 6061/7449/5627 6183/7609/5627 6181/7604/5627 
f 6110/7498/4951 6109/7497/4951 6181/7604/4951 6183/7609/4951 
f 6094/7482/4952 6095/7483/4952 6188/7616/4952 6184/7610/4952 
f 6184/7610/4953 6188/7616/4953 6111/7499/4953 6110/7498/4953 
f 6081/7469/5628 6079/7467/5628 6190/7619/5628 6198/7631/5628 
f 6190/7619/5629 6112/7678/5629 6114/7632/5629 6198/7631/5629 
f 6192/7621/4956 6069/7457/4956 6068/7456/4956 6194/7626/4956 
f 6194/7626/4957 6113/7501/4957 6112/7500/4957 6192/7621/4957 
f 6195/7679/4958 6064/7452/4958 6063/7451/4958 6199/7636/4958 
f 6113/7501/4959 6195/7628/4959 6199/7680/4959 6114/7502/4959 
f 6208/7651/4960 6078/7466/4960 6077/7465/4960 6200/7637/4960 
f 6200/7637/5233 6115/7681/5233 6117/7682/5233 6208/7651/5233 
f 6099/7487/4962 6098/7486/4962 6205/7683/4962 6203/7641/4962 
f 6203/7643/5630 6205/7648/5630 6116/7504/5630 6115/7503/5630 
f 6210/7653/4964 6206/7649/4964 6071/7459/4964 6070/7458/4964 
f 6206/7649/4965 6210/7653/4965 6117/7505/4965 6116/7504/4965 
f 6176/7600/4990 6087/7475/4990 6086/7474/4990 6156/7568/4990 
f 6176/7596/5631 6156/7563/5631 6073/7461/5631 6084/7472/5631 
f 6147/7549/4992 6163/7580/4992 6057/7445/4992 6056/7444/4992 
f 6074/7462/5632 6163/7574/5632 6147/7548/5632 6075/7463/5632 
f 6201/7640/4994 6153/7562/4994 6101/7489/4994 6099/7487/4994 
f 6077/7465/4995 6076/7464/4995 6153/7557/4995 6201/7638/4995 
f 6069/7457/4984 6191/7623/4984 6207/7656/4984 6070/7458/4984 
f 6078/7466/5633 6207/7650/5633 6191/7620/5633 6079/7467/5633 
f 6063/7451/4986 6062/7450/4986 6180/7606/4986 6197/7634/4986 
f 6180/7603/5241 6082/7470/5241 6081/7469/5241 6197/7630/5241 
f 6093/7481/5634 6167/7587/5634 6186/7617/5634 6095/7483/5634 
f 6167/7582/5635 6080/7468/5635 6083/7471/5635 6186/7612/5635 
f 6122/7510/5636 6102/7490/5636 6100/7488/5636 6149/7553/5636 
f 6122/7510/5637 6149/7553/5637 6055/7443/5637 6060/7448/5637 
f 6085/7473/5638 6088/7476/5638 6125/7519/5638 6160/7570/5638 
f 6160/7570/5639 6125/7519/5639 6059/7684/5639 6058/7572/5639 
f 6071/7459/5640 6204/7647/5640 6141/7538/5640 6072/7460/5640 
f 6141/7538/5641 6204/7647/5641 6098/7646/5641 6097/7685/5641 
f 6091/7526/5642 6129/7524/5642 6171/7591/5642 6092/7590/5642 
f 6171/7591/5643 6129/7524/5643 6090/7478/5643 6089/7477/5643 
f 6066/7454/5644 6133/7529/5644 6182/7608/5644 6061/7449/5644 
f 6182/7608/5645 6133/7529/5645 6096/7484/5645 6094/7482/5645 
f 6067/7455/5250 6137/7534/5250 6193/7625/5250 6068/7456/5250 
f 6065/7533/5646 6064/7627/5646 6193/7625/5646 6137/7534/5646 
f 6124/7514/5008 6128/7520/5008 6132/7657/5008 6136/7662/5008 
f 6124/7514/5008 6136/7662/5008 6140/7666/5008 6144/7545/5008 
f 6211/7686/5010 6212/7687/5010 6213/7688/5010 6214/7689/5010 
f 6213/7688/5010 6215/7690/5010 6214/7689/5010 
f 6216/7691/5010 6211/7686/5010 6214/7689/5010 
f 6217/7692/5009 6218/7693/5009 6219/7694/5009 6220/7695/5009 
f 6219/7694/5009 6221/7696/5009 6222/7697/5009 6220/7695/5009 
f 6223/7698/5011 6224/7699/5011 6225/7700/5011 6226/7701/5011 
f 6223/7698/5011 6226/7701/5011 6227/7702/5011 6228/7703/5011 
f 6229/7704/889 6230/7705/889 6231/7706/889 6232/7707/889 
f 6231/7706/889 6233/7708/889 6232/7707/889 
f 6234/7709/889 6229/7704/889 6232/7707/889 6235/7710/889 
f 6232/7707/889 6236/7711/889 6235/7710/889 
f 6237/7712/889 6234/7709/889 6235/7710/889 6238/7713/889 
f 6239/7714/889 6237/7712/889 6238/7713/889 6240/7715/889 
f 6241/7716/3438 6242/7717/3438 6243/7718/3438 6244/7719/3438 
f 6241/7716/3438 6244/7719/3438 6245/7720/3438 6246/7721/3438 
f 6247/7722/5013 6248/7723/5013 6249/7724/5013 6250/7725/5013 
f 6249/7724/5013 6251/7726/5013 6250/7725/5013 
f 6247/7722/5013 6250/7725/5013 6252/7727/5013 
f 6253/7728/5012 6254/7729/5012 6255/7730/5012 6256/7731/5012 
f 6255/7730/5012 6257/7732/5012 6256/7731/5012 
f 6253/7728/5012 6256/7731/5012 6258/7733/5012 
f 6259/7734/5647 6260/7735/5647 6261/7736/5647 
f 6262/7737/5018 6263/7738/5018 6264/7739/5018 
f 6265/7740/5019 6266/7741/5019 6267/7742/5019 
f 6268/7743/5648 6269/7744/5648 6270/7745/5648 
f 6271/7746/5015 6272/7747/5015 6273/7748/5015 
f 6274/7749/5649 6275/7750/5649 6276/7751/5649 
f 6216/7691/5650 6277/7752/5650 6278/7753/5650 
f 6279/7754/5651 6280/7755/5651 6278/7756/5651 6277/7757/5651 
f 6258/7733/5652 6278/7758/5652 6280/7759/5652 
f 6214/7689/5653 6281/7760/5653 6282/7761/5653 
f 6246/7721/5654 6283/7762/5654 6281/7763/5654 
f 6281/7764/5655 6283/7765/5655 6284/7766/5655 6282/7767/5655 
f 6245/7720/5656 6285/7768/5656 6286/7769/5656 
f 6247/7722/5657 6287/7770/5657 6285/7768/5657 
f 6287/7770/5658 6288/7771/5658 6286/7769/5658 6285/7768/5658 
f 6252/7727/5659 6289/7772/5659 6290/7773/5659 
f 6220/7695/5660 6291/7774/5660 6289/7775/5660 
f 6291/7774/5661 6292/7776/5661 6290/7777/5661 6289/7775/5661 
f 6222/7697/5662 6293/7778/5662 6294/7779/5662 
f 6228/7703/5663 6295/7780/5663 6293/7781/5663 
f 6293/7778/5664 6295/7782/5664 6296/7783/5664 6294/7784/5664 
f 6227/7702/5665 6297/7785/5665 6298/7786/5665 
f 6253/7728/5666 6299/7787/5666 6297/7785/5666 
f 6297/7788/5667 6299/7789/5667 6300/7790/5667 6298/7791/5667 
f 6234/7709/5668 6301/7792/5668 6302/7793/5668 6303/7794/5668 
f 6212/7687/5066 6304/7795/5066 6302/7796/5066 6301/7797/5066 
f 6303/7798/5669 6302/7796/5669 6304/7795/5669 6274/7749/5669 
f 6211/7686/5670 6305/7799/5670 6306/7800/5670 
f 6256/7801/5671 6307/7802/5671 6305/7799/5671 
f 6275/7750/5672 6306/7800/5672 6305/7799/5672 6307/7802/5672 
f 6308/7803/5673 6309/7804/5673 6229/7704/5673 6310/7805/5673 
f 6311/7806/5674 6308/7807/5674 6310/7805/5674 6276/7808/5674 
f 6308/7809/5675 6311/7810/5675 6257/7732/5675 6309/7811/5675 
f 6312/7812/5676 6313/7813/5676 6239/7714/5676 6314/7814/5676 
f 6312/7815/5075 6314/7816/5075 6242/7717/5075 6315/7817/5075 
f 6312/7812/5677 6315/7818/5677 6259/7819/5677 6313/7813/5677 
f 6241/7820/5678 6316/7821/5678 6317/7822/5678 
f 6215/7690/5078 6318/7823/5078 6316/7821/5078 
f 6260/7735/5079 6317/7822/5079 6316/7821/5079 6318/7823/5079 
f 6319/7824/5080 6320/7825/5080 6237/7712/5080 6321/7826/5080 
f 6319/7827/5081 6321/7828/5081 6261/7736/5081 6322/7829/5081 
f 6322/7829/5679 6213/7688/5679 6320/7830/5679 6319/7827/5679 
f 6238/7713/5680 6323/7831/5680 6324/7832/5680 6325/7833/5680 
f 6249/7724/5084 6326/7834/5084 6324/7835/5084 6323/7836/5084 
f 6324/7835/5085 6326/7834/5085 6262/7737/5085 6325/7837/5085 
f 6248/7723/5681 6327/7838/5681 6328/7839/5681 
f 6244/7719/5682 6329/7840/5682 6327/7838/5682 
f 6329/7840/5683 6263/7738/5683 6328/7839/5683 6327/7838/5683 
f 6330/7841/5684 6331/7842/5684 6240/7715/5684 6332/7843/5684 
f 6333/7844/5685 6330/7845/5685 6332/7846/5685 6264/7739/5685 
f 6243/7718/5686 6331/7847/5686 6330/7845/5686 6333/7844/5686 
f 6236/7711/5687 6334/7848/5687 6335/7849/5687 6336/7850/5687 
f 6337/7851/5039 6335/7852/5039 6334/7853/5039 6218/7693/5039 
f 6337/7851/5688 6265/7740/5688 6336/7854/5688 6335/7852/5688 
f 6217/7692/5689 6338/7855/5689 6339/7856/5689 
f 6250/7857/5690 6340/7858/5690 6338/7855/5690 
f 6339/7856/5691 6338/7855/5691 6340/7858/5691 6266/7741/5691 
f 6235/7710/5044 6341/7859/5044 6342/7860/5044 6343/7861/5044 
f 6267/7862/5692 6344/7863/5692 6342/7860/5692 6341/7859/5692 
f 6344/7864/5046 6251/7726/5046 6343/7865/5046 6342/7866/5046 
f 6345/7867/5693 6346/7868/5693 6233/7708/5693 6347/7869/5693 
f 6224/7699/5694 6348/7870/5694 6345/7871/5694 6347/7872/5694 
f 6345/7867/5695 6348/7873/5695 6268/7874/5695 6346/7868/5695 
f 6223/7875/5696 6349/7876/5696 6350/7877/5696 
f 6221/7696/5697 6351/7878/5697 6349/7876/5697 
f 6351/7878/5698 6269/7744/5698 6350/7877/5698 6349/7876/5698 
f 6232/7707/5699 6352/7879/5699 6353/7880/5699 6354/7881/5699 
f 6270/7745/5054 6355/7882/5054 6353/7883/5054 6352/7884/5054 
f 6354/7885/5700 6353/7883/5700 6355/7882/5700 6219/7694/5700 
f 6356/7886/5701 6357/7887/5701 6358/7888/5701 6230/7705/5701 
f 6357/7889/5702 6356/7890/5702 6255/7730/5702 6359/7891/5702 
f 6271/7746/5703 6358/7892/5703 6357/7889/5703 6359/7891/5703 
f 6254/7729/5704 6360/7893/5704 6361/7894/5704 
f 6226/7701/5705 6362/7895/5705 6360/7893/5705 
f 6360/7893/5706 6362/7895/5706 6272/7747/5706 6361/7894/5706 
f 6231/7706/5707 6363/7896/5707 6364/7897/5707 6365/7898/5707 
f 6364/7899/5708 6363/7900/5708 6273/7748/5708 6366/7901/5708 
f 6365/7902/5709 6364/7899/5709 6366/7901/5709 6225/7700/5709 
f 6216/7691/5098 6214/7689/5098 6282/7761/5098 6277/7752/5098 
f 6284/7766/5710 6279/7754/5710 6277/7757/5710 6282/7767/5710 
f 6246/7721/5711 6245/7720/5711 6286/7769/5711 6283/7762/5711 
f 6288/7903/5712 6284/7766/5712 6283/7765/5712 6286/7904/5712 
f 6252/7727/5102 6290/7773/5102 6287/7770/5102 6247/7722/5102 
f 6292/7905/5713 6288/7903/5713 6287/7906/5713 6290/7907/5713 
f 6291/7774/5092 6220/7695/5092 6222/7697/5092 6294/7779/5092 
f 6294/7908/5714 6296/7909/5714 6292/7905/5714 6291/7910/5714 
f 6228/7703/5715 6227/7702/5715 6298/7786/5715 6295/7780/5715 
f 6295/7911/5716 6298/7791/5716 6300/7790/5716 6296/7909/5716 
f 6253/7728/5096 6258/7733/5096 6280/7759/5096 6299/7787/5096 
f 6299/7789/5717 6280/7755/5717 6279/7754/5717 6300/7790/5717 
f 6303/7794/5122 6310/7805/5122 6229/7704/5122 6234/7709/5122 
f 6276/7808/5123 6310/7805/5123 6303/7794/5123 6274/7912/5123 
f 6212/7687/5718 6211/7686/5718 6306/7800/5718 6304/7795/5718 
f 6274/7749/5719 6304/7795/5719 6306/7800/5719 6275/7750/5719 
f 6256/7731/5126 6257/7732/5126 6311/7810/5126 6307/7913/5126 
f 6275/7750/5720 6307/7802/5720 6311/7914/5720 6276/7751/5720 
f 6321/7826/5721 6237/7712/5721 6239/7714/5721 6313/7813/5721 
f 6313/7813/5722 6259/7819/5722 6261/7915/5722 6321/7826/5722 
f 6242/7717/5130 6241/7716/5130 6317/7916/5130 6315/7817/5130 
f 6260/7735/5723 6259/7734/5723 6315/7917/5723 6317/7822/5723 
f 6215/7690/5132 6213/7688/5132 6322/7829/5132 6318/7823/5132 
f 6318/7823/5133 6322/7829/5133 6261/7736/5133 6260/7735/5133 
f 6332/7843/5724 6240/7715/5724 6238/7713/5724 6325/7833/5724 
f 6332/7843/5725 6325/7833/5725 6262/7918/5725 6264/7919/5725 
f 6328/7839/5136 6326/7834/5136 6249/7724/5136 6248/7723/5136 
f 6262/7737/5137 6326/7834/5137 6328/7839/5137 6263/7738/5137 
f 6329/7840/5138 6244/7719/5138 6243/7718/5138 6333/7844/5138 
f 6333/7844/5139 6264/7739/5139 6263/7738/5139 6329/7840/5139 
f 6236/7711/5726 6336/7850/5726 6341/7859/5726 6235/7710/5726 
f 6336/7850/5727 6265/7920/5727 6267/7862/5727 6341/7859/5727 
f 6217/7692/5106 6339/7856/5106 6337/7851/5106 6218/7693/5106 
f 6337/7851/5107 6339/7856/5107 6266/7741/5107 6265/7740/5107 
f 6251/7726/5108 6344/7864/5108 6340/7921/5108 6250/7725/5108 
f 6344/7922/5728 6267/7742/5728 6266/7741/5728 6340/7858/5728 
f 6352/7879/5110 6232/7707/5110 6233/7708/5110 6346/7868/5110 
f 6346/7868/5111 6268/7874/5111 6270/7923/5111 6352/7879/5111 
f 6350/7924/5112 6348/7870/5112 6224/7699/5112 6223/7698/5112 
f 6268/7743/5113 6348/7925/5113 6350/7877/5113 6269/7744/5113 
f 6221/7696/5114 6219/7694/5114 6355/7882/5114 6351/7878/5114 
f 6269/7744/5729 6351/7878/5729 6355/7882/5729 6270/7745/5729 
f 6358/7888/5116 6363/7896/5116 6231/7706/5116 6230/7705/5116 
f 6273/7926/5117 6363/7896/5117 6358/7888/5117 6271/7927/5117 
f 6255/7730/5118 6254/7729/5118 6361/7894/5118 6359/7891/5118 
f 6359/7891/5119 6361/7894/5119 6272/7747/5119 6271/7746/5119 
f 6362/7895/5730 6226/7701/5730 6225/7700/5730 6366/7901/5730 
f 6362/7895/5121 6366/7901/5121 6273/7748/5121 6272/7747/5121 
f 6243/7718/5731 6242/7717/5731 6314/7816/5731 6331/7847/5731 
f 6240/7715/5732 6331/7842/5732 6314/7814/5732 6239/7714/5732 
f 6301/7797/5733 6320/7830/5733 6213/7688/5733 6212/7687/5733 
f 6320/7825/5734 6301/7792/5734 6234/7709/5734 6237/7712/5734 
f 6356/7890/5150 6309/7811/5150 6257/7732/5150 6255/7730/5150 
f 6230/7705/5151 6229/7704/5151 6309/7804/5151 6356/7886/5151 
f 6347/7872/5140 6365/7902/5140 6225/7700/5140 6224/7699/5140 
f 6365/7898/5735 6347/7869/5735 6233/7708/5735 6231/7706/5735 
f 6219/7694/5142 6218/7693/5142 6334/7853/5142 6354/7885/5142 
f 6334/7848/5736 6236/7711/5736 6232/7707/5736 6354/7881/5736 
f 6251/7726/5144 6249/7724/5144 6323/7836/5144 6343/7865/5144 
f 6323/7831/5737 6238/7713/5737 6235/7710/5737 6343/7861/5737 
f 6256/7801/5738 6305/7799/5738 6278/7753/5738 6258/7928/5738 
f 6278/7753/5739 6305/7799/5739 6211/7686/5739 6216/7691/5739 
f 6246/7929/5740 6281/7760/5740 6316/7821/5740 6241/7820/5740 
f 6316/7821/5741 6281/7760/5741 6214/7689/5741 6215/7690/5741 
f 6297/7785/5742 6227/7702/5742 6226/7701/5742 6360/7893/5742 
f 6253/7728/5743 6297/7785/5743 6360/7893/5743 6254/7729/5743 
f 6247/7722/5744 6285/7768/5744 6327/7838/5744 6248/7723/5744 
f 6285/7768/5745 6245/7720/5745 6244/7719/5745 6327/7838/5745 
f 6217/7692/5746 6220/7695/5746 6289/7775/5746 6338/7855/5746 
f 6250/7857/5747 6338/7855/5747 6289/7775/5747 6252/7930/5747 
f 6223/7698/5748 6228/7703/5748 6293/7781/5748 6349/7931/5748 
f 6349/7876/5749 6293/7778/5749 6222/7697/5749 6221/7696/5749 
f 6284/7766/5008 6288/7903/5008 6292/7905/5008 6300/7790/5008 
f 6292/7905/5008 6296/7909/5008 6300/7790/5008 
f 6279/7754/5008 6284/7766/5008 6300/7790/5008 
f 6367/7932/4856 6368/7933/4856 6369/7934/4856 6370/7935/4856 
f 6371/7936/4856 6370/7935/4856 6369/7934/4856 6372/7937/4856 
f 6373/7938/4857 6374/7939/4857 6375/7940/4857 6376/7941/4857 
f 6376/7941/4857 6377/7942/4857 6378/7943/4857 6373/7938/4857 
f 6379/7944/4852 6380/7945/4852 6381/7946/4852 6382/7947/4852 
f 6382/7947/4852 6381/7946/4852 6383/7948/4852 6384/7949/4852 
f 6385/7950/889 6386/7951/889 6387/7952/889 6388/7953/889 
f 6387/7952/889 6389/7954/889 6388/7953/889 
f 6388/7953/889 6390/7955/889 6391/7956/889 6385/7950/889 
f 6392/7957/889 6385/7950/889 6391/7956/889 6393/7958/889 
f 6391/7956/889 6394/7959/889 6395/7960/889 6393/7958/889 
f 6392/7957/889 6393/7958/889 6396/7961/889 
f 6397/7962/4853 6398/7963/4853 6399/7964/4853 6400/7965/4853 
f 6397/7962/4853 6400/7965/4853 6401/7966/4853 6402/7967/4853 
f 6403/7968/4854 6404/7969/4854 6405/7970/4854 6406/7971/4854 
f 6406/7971/4854 6405/7970/4854 6407/7972/4854 6408/7973/4854 
f 6409/7974/4855 6410/7975/4855 6411/7976/4855 6412/7977/4855 
f 6409/7974/4855 6412/7977/4855 6413/7978/4855 6414/7979/4855 
f 6415/7980/4860 6416/7981/4860 6417/7982/4860 
f 6418/7983/4861 6419/7984/4861 6420/7985/4861 
f 6421/7986/4862 6422/7987/4862 6423/7988/4862 
f 6424/7989/4863 6425/7990/4863 6426/7991/4863 
f 6427/7992/4858 6428/7993/4858 6429/7994/4858 
f 6430/7995/4859 6431/7996/4859 6432/7997/4859 
f 6371/7936/5750 6433/7998/5750 6434/7999/5750 
f 6435/8000/5751 6436/8001/5751 6434/8002/5751 6433/8003/5751 
f 6414/7979/5583 6434/8004/5583 6436/8005/5583 
f 6372/7937/5752 6437/8006/5752 6438/8007/5752 
f 6402/7967/5753 6439/8008/5753 6437/8006/5753 
f 6439/8009/5754 6440/8010/5754 6438/8011/5754 6437/8012/5754 
f 6401/7966/4876 6441/8013/4876 6442/8014/4876 
f 6406/7971/4877 6443/8015/4877 6441/8016/4877 
f 6443/8015/5755 6444/8017/5755 6442/8018/5755 6441/8016/5755 
f 6408/7973/5756 6445/8019/5756 6446/8020/5756 
f 6373/8021/5757 6447/8022/5757 6445/8019/5757 
f 6447/8022/5576 6448/8023/5576 6446/8020/5576 6445/8019/5576 
f 6378/7943/5758 6449/8024/5758 6450/8025/5758 
f 6382/7947/5578 6451/8026/5578 6449/8024/5578 
f 6451/8026/5759 6452/8027/5759 6450/8025/5759 6449/8024/5759 
f 6384/7949/5760 6453/8028/5760 6454/8029/5760 
f 6409/7974/5761 6455/8030/5761 6453/8031/5761 
f 6456/8032/5762 6454/8033/5762 6453/8034/5762 6455/8035/5762 
f 6457/8036/4900 6458/8037/4900 6386/7951/4900 6459/8038/4900 
f 6457/8039/5763 6459/8040/5763 6367/7932/5763 6460/8041/5763 
f 6430/8042/5202 6458/8037/5202 6457/8036/5202 6460/8043/5202 
f 6370/8044/5764 6461/8045/5764 6462/8046/5764 
f 6413/7978/5765 6463/8047/5765 6461/8045/5765 
f 6461/8045/4905 6463/8047/4905 6431/7996/4905 6462/8046/4905 
f 6464/8048/5766 6465/8049/5766 6387/7952/5766 6466/8050/5766 
f 6467/8051/5767 6464/8052/5767 6466/8053/5767 6432/7997/5767 
f 6467/8051/5768 6412/7977/5768 6465/8054/5768 6464/8052/5768 
f 6468/8055/5769 6392/7957/5769 6469/8056/5769 6470/8057/5769 
f 6398/7963/5209 6471/8058/5209 6470/8059/5209 6469/8060/5209 
f 6470/8059/4911 6471/8058/4911 6415/7980/4911 6468/8061/4911 
f 6397/7962/5770 6472/8062/5770 6473/8063/5770 
f 6369/7934/5771 6474/8064/5771 6472/8062/5771 
f 6416/7981/5772 6473/8063/5772 6472/8062/5772 6474/8064/5772 
f 6475/8065/5773 6385/7950/5773 6476/8066/5773 6477/8067/5773 
f 6478/8068/4916 6477/8069/4916 6476/8070/4916 6417/7982/4916 
f 6368/7933/4917 6475/8071/4917 6477/8069/4917 6478/8068/4917 
f 6479/8072/4918 6480/8073/4918 6393/7958/4918 6481/8074/4918 
f 6482/8075/5774 6479/8076/5774 6481/8077/5774 6404/7969/5774 
f 6480/8078/4920 6479/8076/4920 6482/8075/4920 6418/7983/4920 
f 6403/7968/5775 6483/8079/5775 6484/8080/5775 
f 6400/8081/5776 6485/8082/5776 6483/8079/5776 
f 6483/8079/5592 6485/8082/5592 6419/7984/5592 6484/8080/5592 
f 6396/7961/4924 6486/8083/4924 6487/8084/4924 6488/8085/4924 
f 6489/8086/4925 6487/8087/4925 6486/8088/4925 6420/7985/4925 
f 6489/8089/5777 6399/7964/5777 6488/8090/5777 6487/8091/5777 
f 6490/8092/5778 6491/8093/5778 6394/7959/5778 6492/8094/5778 
f 6492/8095/4928 6375/7940/4928 6493/8096/4928 6490/8097/4928 
f 6490/8092/4929 6493/8098/4929 6421/8099/4929 6491/8093/4929 
f 6374/8100/5779 6494/8101/5779 6495/8102/5779 
f 6407/7972/5780 6496/8103/5780 6494/8101/5780 
f 6495/8102/5781 6494/8101/5781 6496/8103/5781 6422/7987/5781 
f 6497/8104/4933 6498/8105/4933 6395/7960/4933 6499/8106/4933 
f 6423/7988/5782 6500/8107/5782 6497/8108/5782 6499/8109/5782 
f 6497/8108/5600 6500/8107/5600 6405/7970/5600 6498/8110/5600 
f 6501/8111/4882 6502/8112/4882 6390/7955/4882 6503/8113/4882 
f 6503/8114/5783 6380/7945/5783 6504/8115/5783 6501/8116/5783 
f 6424/7989/5189 6502/8117/5189 6501/8116/5189 6504/8115/5189 
f 6379/7944/5784 6505/8118/5784 6506/8119/5784 
f 6377/7942/4886 6507/8120/4886 6505/8118/4886 
f 6505/8118/5785 6507/8120/5785 6425/7990/5785 6506/8119/5785 
f 6508/8121/4888 6509/8122/4888 6391/7956/4888 6510/8123/4888 
f 6510/8124/5192 6426/7991/5192 6511/8125/5192 6508/8126/5192 
f 6508/8126/5193 6511/8125/5193 6376/7941/5193 6509/8127/5193 
f 6512/8128/5786 6513/8129/5786 6389/7954/5786 6514/8130/5786 
f 6512/8131/5787 6514/8132/5787 6411/7976/5787 6515/8133/5787 
f 6512/8131/4893 6515/8133/4893 6427/7992/4893 6513/8134/4893 
f 6410/7975/5788 6516/8135/5788 6517/8136/5788 
f 6383/8137/5789 6518/8138/5789 6516/8135/5789 
f 6428/7993/5790 6517/8136/5790 6516/8135/5790 6518/8138/5790 
f 6519/8139/4897 6520/8140/4897 6388/7953/4897 6521/8141/4897 
f 6519/8139/4898 6521/8141/4898 6429/8142/4898 6522/8143/4898 
f 6519/8144/5612 6522/8145/5612 6381/7946/5612 6520/8146/5612 
f 6438/8007/4940 6433/7998/4940 6371/7936/4940 6372/7937/4940 
f 6440/8010/5791 6435/8000/5791 6433/8003/5791 6438/8011/5791 
f 6402/7967/5792 6401/7966/5792 6442/8014/5792 6439/8008/5792 
f 6442/8147/5793 6444/8148/5793 6440/8010/5793 6439/8009/5793 
f 6446/8020/4944 6443/8015/4944 6406/7971/4944 6408/7973/4944 
f 6443/8149/5794 6446/8150/5794 6448/8151/5794 6444/8148/5794 
f 6450/8025/5221 6447/8152/5221 6373/7938/5221 6378/7943/5221 
f 6447/8153/5795 6450/8154/5795 6452/8155/5795 6448/8151/5795 
f 6454/8029/5223 6451/8026/5223 6382/7947/5223 6384/7949/5223 
f 6452/8155/4937 6451/8156/4937 6454/8033/4937 6456/8032/4937 
f 6455/8030/5796 6409/7974/5796 6414/7979/5796 6436/8005/5796 
f 6455/8035/5797 6436/8001/5797 6435/8000/5797 6456/8032/5797 
f 6458/8037/4960 6466/8050/4960 6387/7952/4960 6386/7951/4960 
f 6458/8037/5233 6430/8042/5233 6432/8157/5233 6466/8050/5233 
f 6460/8041/5798 6367/7932/5798 6370/7935/5798 6462/8158/5798 
f 6430/7995/5630 6460/8159/5630 6462/8046/5630 6431/7996/5630 
f 6463/8047/5799 6413/7978/5799 6412/7977/5799 6467/8051/5799 
f 6467/8051/4965 6432/7997/4965 6431/7996/4965 6463/8047/4965 
f 6392/7957/5618 6468/8055/5618 6476/8066/5618 6385/7950/5618 
f 6476/8066/4967 6468/8055/4967 6415/8160/4967 6417/8161/4967 
f 6398/7963/5236 6397/7962/5236 6473/8063/5236 6471/8058/5236 
f 6473/8063/4969 6416/7981/4969 6415/7980/4969 6471/8058/4969 
f 6474/8064/5619 6369/7934/5619 6368/7933/5619 6478/8068/5619 
f 6474/8064/4971 6478/8068/4971 6417/7982/4971 6416/7981/4971 
f 6486/8083/5800 6396/7961/5800 6393/7958/5800 6480/8073/5800 
f 6418/8162/5237 6420/8163/5237 6486/8083/5237 6480/8073/5237 
f 6403/7968/4974 6484/8080/4974 6482/8075/4974 6404/7969/4974 
f 6484/8080/4975 6419/7984/4975 6418/7983/4975 6482/8075/4975 
f 6400/7965/4976 6399/7964/4976 6489/8089/4976 6485/8164/4976 
f 6485/8082/4977 6489/8086/4977 6420/7985/4977 6419/7984/4977 
f 6491/8093/4978 6499/8106/4978 6395/7960/4978 6394/7959/4978 
f 6423/8165/4979 6499/8106/4979 6491/8093/4979 6421/8099/4979 
f 6495/8166/4980 6493/8096/4980 6375/7940/4980 6374/7939/4980 
f 6422/7987/4981 6421/7986/4981 6493/8167/4981 6495/8102/4981 
f 6500/8107/4982 6496/8103/4982 6407/7972/4982 6405/7970/4982 
f 6423/7988/5625 6422/7987/5625 6496/8103/5625 6500/8107/5625 
f 6390/7955/5801 6502/8112/5801 6510/8123/5801 6391/7956/5801 
f 6510/8123/5230 6502/8112/5230 6424/8168/5230 6426/8169/5230 
f 6380/7945/5802 6379/7944/5802 6506/8119/5802 6504/8115/5802 
f 6506/8119/5803 6425/7990/5803 6424/7989/5803 6504/8115/5803 
f 6507/8120/5804 6377/7942/5804 6376/7941/5804 6511/8125/5804 
f 6507/8120/4953 6511/8125/4953 6426/7991/4953 6425/7990/4953 
f 6521/8141/5231 6388/7953/5231 6389/7954/5231 6513/8129/5231 
f 6521/8141/5805 6513/8129/5805 6427/8170/5805 6429/8142/5805 
f 6515/8133/4956 6411/7976/4956 6410/7975/4956 6517/8136/4956 
f 6428/7993/4957 6427/7992/4957 6515/8133/4957 6517/8136/4957 
f 6383/7948/4958 6381/7946/4958 6522/8145/4958 6518/8171/4958 
f 6522/8172/4959 6429/7994/4959 6428/7993/4959 6518/8138/4959 
f 6469/8060/5806 6488/8090/5806 6399/7964/5806 6398/7963/5806 
f 6396/7961/4993 6488/8085/4993 6469/8056/4993 6392/7957/4993 
f 6367/7932/4994 6459/8040/4994 6475/8071/4994 6368/7933/4994 
f 6475/8065/4995 6459/8038/4995 6386/7951/4995 6385/7950/4995 
f 6514/8132/5807 6465/8054/5807 6412/7977/5807 6411/7976/5807 
f 6465/8049/4985 6514/8130/4985 6389/7954/4985 6387/7952/4985 
f 6503/8114/4986 6520/8146/4986 6381/7946/4986 6380/7945/4986 
f 6390/7955/5241 6388/7953/5241 6520/8140/5241 6503/8113/5241 
f 6376/7941/5634 6375/7940/5634 6492/8095/5634 6509/8127/5634 
f 6509/8122/5242 6492/8094/5242 6394/7959/5242 6391/7956/5242 
f 6404/7969/4990 6481/8077/4990 6498/8110/4990 6405/7970/4990 
f 6481/8074/5243 6393/7958/5243 6395/7960/5243 6498/8105/5243 
f 6461/8045/5808 6434/8004/5808 6414/7979/5808 6413/7978/5808 
f 6371/8173/5809 6434/8004/5809 6461/8045/5809 6370/8044/5809 
f 6397/7962/5810 6402/7967/5810 6437/8006/5810 6472/8062/5810 
f 6472/8062/5636 6437/8006/5636 6372/7937/5636 6369/7934/5636 
f 6384/8174/5811 6383/8137/5811 6516/8135/5811 6453/8031/5811 
f 6516/8135/5812 6410/7975/5812 6409/7974/5812 6453/8031/5812 
f 6406/7971/5006 6441/8016/5006 6483/8079/5006 6403/7968/5006 
f 6483/8079/5007 6441/8016/5007 6401/8175/5007 6400/8081/5007 
f 6494/8101/5813 6374/8100/5813 6373/8021/5813 6445/8019/5813 
f 6494/8101/5814 6445/8019/5814 6408/7973/5814 6407/7972/5814 
f 6382/7947/5815 6449/8024/5815 6505/8118/5815 6379/7944/5815 
f 6505/8118/5816 6449/8024/5816 6378/7943/5816 6377/7942/5816 
f 6440/8010/5008 6444/8148/5008 6448/8151/5008 6435/8000/5008 
f 6435/8000/5008 6448/8151/5008 6452/8155/5008 6456/8032/5008 
f 6523/8176/5257 6524/8177/5257 6525/8178/5257 6526/8179/5257 
f 6523/8176/5257 6526/8179/5257 6527/8180/5257 6528/8181/5257 
f 6529/8182/5256 6530/8183/5256 6531/8184/5256 6532/8185/5256 
f 6529/8182/5256 6532/8185/5256 6533/8186/5256 6534/8187/5256 
f 6535/8188/5259 6536/8189/5259 6537/8190/5259 6538/8191/5259 
f 6537/8190/5259 6539/8192/5259 6540/8193/5259 6538/8191/5259 
f 6541/8194/889 6542/8195/889 6543/8196/889 6544/8197/889 
f 6543/8196/889 6545/8198/889 6544/8197/889 
f 6544/8197/889 6546/8199/889 6547/8200/889 6541/8194/889 
f 6547/8200/889 6548/8201/889 6549/8202/889 6550/8203/889 
f 6541/8194/889 6547/8200/889 6550/8203/889 6551/8204/889 
f 6541/8194/889 6551/8204/889 6552/8205/889 
f 6553/8206/5258 6554/8207/5258 6555/8208/5258 6556/8209/5258 
f 6557/8210/5258 6556/8209/5258 6555/8208/5258 6558/8211/5258 
f 6559/8212/5261 6560/8213/5261 6561/8214/5261 6562/8215/5261 
f 6559/8212/5261 6562/8215/5261 6563/8216/5261 6564/8217/5261 
f 6565/8218/5260 6566/8219/5260 6567/8220/5260 6568/8221/5260 
f 6565/8218/5260 6568/8221/5260 6569/8222/5260 6570/8223/5260 
f 6571/8224/5817 6572/8225/5817 6573/8226/5817 
f 6574/8227/5266 6575/8228/5266 6576/8229/5266 
f 6577/8230/5267 6578/8231/5267 6579/8232/5267 
f 6580/8233/5262 6581/8234/5262 6582/8235/5262 
f 6583/8236/5263 6584/8237/5263 6585/8238/5263 
f 6586/8239/5264 6587/8240/5264 6588/8241/5264 
f 6528/8181/5818 6589/8242/5818 6590/8243/5818 
f 6590/8244/5819 6589/8245/5819 6591/8246/5819 6592/8247/5819 
f 6569/8222/5820 6590/8248/5820 6592/8249/5820 
f 6527/8180/5821 6593/8250/5821 6594/8251/5821 
f 6557/8252/5822 6595/8253/5822 6593/8250/5822 
f 6594/8254/5823 6593/8255/5823 6595/8256/5823 6596/8257/5823 
f 6558/8211/5824 6597/8258/5824 6598/8259/5824 
f 6559/8212/5825 6599/8260/5825 6597/8258/5825 
f 6598/8259/5826 6597/8258/5826 6599/8260/5826 6600/8261/5826 
f 6564/8217/5827 6601/8262/5827 6602/8263/5827 
f 6529/8182/5828 6603/8264/5828 6601/8265/5828 
f 6603/8266/5829 6604/8267/5829 6602/8263/5829 6601/8262/5829 
f 6534/8187/5830 6605/8268/5830 6606/8269/5830 
f 6535/8270/5831 6607/8271/5831 6605/8268/5831 
f 6605/8268/5832 6607/8271/5832 6608/8272/5832 6606/8269/5832 
f 6538/8191/5833 6609/8273/5833 6610/8274/5833 
f 6570/8223/5834 6611/8275/5834 6609/8273/5834 
f 6610/8276/5835 6609/8277/5835 6611/8278/5835 6612/8279/5835 
f 6613/8280/5836 6614/8281/5836 6615/8282/5836 6543/8196/5836 
f 6524/8177/5837 6616/8283/5837 6614/8284/5837 6613/8285/5837 
f 6616/8283/5838 6586/8286/5838 6615/8287/5838 6614/8284/5838 
f 6523/8176/5839 6617/8288/5839 6618/8289/5839 
f 6568/8221/5840 6619/8290/5840 6617/8291/5840 
f 6617/8291/5841 6619/8292/5841 6587/8240/5841 6618/8293/5841 
f 6620/8294/5842 6545/8198/5842 6621/8295/5842 6622/8296/5842 
f 6621/8297/5843 6588/8241/5843 6623/8298/5843 6622/8299/5843 
f 6622/8299/5844 6623/8298/5844 6567/8220/5844 6620/8300/5844 
f 6624/8301/5845 6541/8194/5845 6625/8302/5845 6626/8303/5845 
f 6625/8304/5323 6553/8305/5323 6627/8306/5323 6626/8307/5323 
f 6627/8306/5846 6571/8224/5846 6624/8308/5846 6626/8307/5846 
f 6556/8309/5847 6628/8310/5847 6629/8311/5847 
f 6526/8179/5848 6630/8312/5848 6628/8310/5848 
f 6628/8310/5849 6630/8312/5849 6572/8225/5849 6629/8311/5849 
f 6542/8195/5328 6631/8313/5328 6632/8314/5328 6633/8315/5328 
f 6634/8316/5850 6632/8317/5850 6631/8318/5850 6573/8226/5850 
f 6633/8319/5851 6632/8317/5851 6634/8316/5851 6525/8178/5851 
f 6635/8320/5852 6551/8204/5852 6636/8321/5852 6637/8322/5852 
f 6561/8214/5853 6638/8323/5853 6637/8324/5853 6636/8325/5853 
f 6635/8326/5333 6637/8324/5333 6638/8323/5333 6574/8227/5333 
f 6560/8213/5854 6639/8327/5854 6640/8328/5854 
f 6555/8208/5855 6641/8329/5855 6639/8327/5855 
f 6639/8327/5856 6641/8329/5856 6575/8228/5856 6640/8328/5856 
f 6642/8330/5337 6643/8331/5337 6552/8205/5337 6644/8332/5337 
f 6644/8333/5857 6576/8229/5857 6645/8334/5857 6642/8335/5857 
f 6642/8335/5858 6645/8334/5858 6554/8207/5858 6643/8336/5858 
f 6646/8337/5859 6549/8202/5859 6647/8338/5859 6648/8339/5859 
f 6647/8340/5860 6531/8184/5860 6649/8341/5860 6648/8342/5860 
f 6649/8341/5861 6577/8343/5861 6646/8344/5861 6648/8342/5861 
f 6530/8183/5862 6650/8345/5862 6651/8346/5862 
f 6563/8216/5863 6652/8347/5863 6650/8348/5863 
f 6650/8348/5864 6652/8347/5864 6578/8231/5864 6651/8349/5864 
f 6653/8350/5865 6654/8351/5865 6655/8352/5865 6550/8203/5865 
f 6656/8353/5866 6654/8354/5866 6653/8355/5866 6579/8232/5866 
f 6656/8353/5294 6562/8215/5294 6655/8356/5294 6654/8354/5294 
f 6657/8357/5295 6658/8358/5295 6547/8200/5295 6659/8359/5295 
f 6657/8360/5296 6659/8361/5296 6537/8362/5296 6660/8363/5296 
f 6660/8363/5867 6580/8233/5867 6658/8364/5867 6657/8360/5867 
f 6536/8365/5868 6661/8366/5868 6662/8367/5868 
f 6533/8186/5869 6663/8368/5869 6661/8366/5869 
f 6662/8367/5300 6661/8366/5300 6663/8368/5300 6581/8234/5300 
f 6664/8369/5870 6665/8370/5870 6666/8371/5870 6548/8201/5870 
f 6667/8372/5302 6665/8373/5302 6664/8374/5302 6582/8235/5302 
f 6667/8372/5871 6532/8185/5871 6666/8375/5871 6665/8373/5871 
f 6668/8376/5872 6669/8377/5872 6544/8197/5872 6670/8378/5872 
f 6566/8219/5873 6671/8379/5873 6668/8380/5873 6670/8381/5873 
f 6669/8382/5874 6668/8380/5874 6671/8379/5874 6583/8236/5874 
f 6565/8218/5875 6672/8383/5875 6673/8384/5875 
f 6540/8193/5876 6674/8385/5876 6672/8383/5876 
f 6673/8384/5877 6672/8383/5877 6674/8385/5877 6584/8237/5877 
f 6675/8386/5878 6676/8387/5878 6546/8199/5878 6677/8388/5878 
f 6675/8389/5311 6677/8390/5311 6585/8238/5311 6678/8391/5311 
f 6678/8391/5879 6539/8192/5879 6676/8392/5879 6675/8389/5879 
f 6527/8180/5346 6594/8251/5346 6589/8242/5346 6528/8181/5346 
f 6591/8246/5880 6589/8245/5880 6594/8254/5880 6596/8257/5880 
f 6595/8393/5348 6557/8210/5348 6558/8211/5348 6598/8259/5348 
f 6600/8394/5881 6596/8257/5881 6595/8256/5881 6598/8395/5881 
f 6599/8260/5882 6559/8212/5882 6564/8217/5882 6602/8263/5882 
f 6604/8396/5883 6600/8394/5883 6599/8397/5883 6602/8398/5883 
f 6603/8264/5340 6529/8182/5340 6534/8187/5340 6606/8269/5340 
f 6608/8399/5884 6604/8396/5884 6603/8400/5884 6606/8401/5884 
f 6535/8188/5885 6538/8191/5885 6610/8274/5885 6607/8402/5885 
f 6607/8403/5886 6610/8276/5886 6612/8279/5886 6608/8399/5886 
f 6569/8222/5344 6592/8249/5344 6611/8275/5344 6570/8223/5344 
f 6611/8278/5887 6592/8247/5887 6591/8246/5887 6612/8279/5887 
f 6621/8295/5888 6545/8198/5888 6543/8196/5888 6615/8282/5888 
f 6586/8404/5889 6588/8405/5889 6621/8295/5889 6615/8282/5889 
f 6616/8283/5372 6524/8177/5372 6523/8176/5372 6618/8289/5372 
f 6616/8283/5373 6618/8289/5373 6587/8406/5373 6586/8286/5373 
f 6568/8221/5890 6567/8220/5890 6623/8298/5890 6619/8290/5890 
f 6619/8290/5375 6623/8298/5375 6588/8241/5375 6587/8240/5375 
f 6542/8195/5891 6541/8194/5891 6624/8301/5891 6631/8313/5891 
f 6631/8313/5892 6624/8301/5892 6571/8407/5892 6573/8408/5892 
f 6627/8306/5893 6553/8305/5893 6556/8309/5893 6629/8311/5893 
f 6627/8306/5894 6629/8311/5894 6572/8225/5894 6571/8224/5894 
f 6634/8316/5380 6630/8312/5380 6526/8179/5380 6525/8178/5380 
f 6630/8312/5381 6634/8316/5381 6573/8226/5381 6572/8225/5381 
f 6635/8320/5895 6644/8332/5895 6552/8205/5895 6551/8204/5895 
f 6635/8320/5383 6574/8409/5383 6576/8410/5383 6644/8332/5383 
f 6638/8323/5384 6561/8214/5384 6560/8213/5384 6640/8328/5384 
f 6574/8227/5896 6638/8323/5896 6640/8328/5896 6575/8228/5896 
f 6554/8207/5897 6645/8334/5897 6641/8329/5897 6555/8208/5897 
f 6641/8329/5898 6645/8334/5898 6576/8229/5898 6575/8228/5898 
f 6549/8202/5352 6646/8337/5352 6653/8350/5352 6550/8203/5352 
f 6577/8411/5353 6579/8412/5353 6653/8350/5353 6646/8337/5353 
f 6651/8346/5354 6649/8341/5354 6531/8184/5354 6530/8183/5354 
f 6649/8341/5899 6651/8346/5899 6578/8413/5899 6577/8343/5899 
f 6563/8216/5900 6562/8215/5900 6656/8353/5900 6652/8347/5900 
f 6652/8347/5901 6656/8353/5901 6579/8232/5901 6578/8231/5901 
f 6658/8358/5902 6664/8369/5902 6548/8201/5902 6547/8200/5902 
f 6580/8414/5903 6582/8415/5903 6664/8369/5903 6658/8358/5903 
f 6660/8363/5360 6537/8362/5360 6536/8365/5360 6662/8367/5360 
f 6581/8234/5904 6580/8233/5904 6660/8363/5904 6662/8367/5904 
f 6532/8185/5362 6667/8372/5362 6663/8368/5362 6533/8186/5362 
f 6667/8372/5905 6582/8235/5905 6581/8234/5905 6663/8368/5905 
f 6677/8388/5906 6546/8199/5906 6544/8197/5906 6669/8377/5906 
f 6677/8388/5365 6669/8377/5365 6583/8416/5365 6585/8417/5365 
f 6566/8219/5366 6565/8218/5366 6673/8384/5366 6671/8379/5366 
f 6584/8237/5907 6583/8236/5907 6671/8379/5907 6673/8384/5907 
f 6540/8193/5908 6539/8192/5908 6678/8391/5908 6674/8385/5908 
f 6678/8391/5909 6585/8238/5909 6584/8237/5909 6674/8385/5909 
f 6554/8207/5394 6553/8206/5394 6625/8418/5394 6643/8336/5394 
f 6643/8331/5395 6625/8302/5395 6541/8194/5395 6552/8205/5395 
f 6613/8285/5910 6633/8319/5910 6525/8178/5910 6524/8177/5910 
f 6633/8315/5397 6613/8280/5397 6543/8196/5397 6542/8195/5397 
f 6567/8220/5911 6566/8219/5911 6670/8381/5911 6620/8300/5911 
f 6544/8197/5399 6545/8198/5399 6620/8294/5399 6670/8378/5399 
f 6659/8419/5912 6676/8392/5912 6539/8192/5912 6537/8190/5912 
f 6547/8200/5389 6546/8199/5389 6676/8387/5389 6659/8359/5389 
f 6666/8375/5390 6532/8185/5390 6531/8184/5390 6647/8340/5390 
f 6549/8202/5391 6548/8201/5391 6666/8371/5391 6647/8338/5391 
f 6562/8215/5913 6561/8214/5913 6636/8325/5913 6655/8356/5913 
f 6655/8352/5393 6636/8321/5393 6551/8204/5393 6550/8203/5393 
f 6568/8221/5914 6617/8291/5914 6590/8248/5914 6569/8222/5914 
f 6590/8243/5915 6617/8288/5915 6523/8176/5915 6528/8181/5915 
f 6557/8252/5916 6593/8250/5916 6628/8310/5916 6556/8309/5916 
f 6628/8310/5917 6593/8250/5917 6527/8180/5917 6526/8179/5917 
f 6672/8383/5918 6609/8273/5918 6538/8191/5918 6540/8193/5918 
f 6609/8273/5919 6672/8383/5919 6565/8218/5919 6570/8223/5919 
f 6597/8258/5920 6639/8327/5920 6560/8213/5920 6559/8212/5920 
f 6639/8327/5921 6597/8258/5921 6558/8211/5921 6555/8208/5921 
f 6530/8183/5922 6529/8182/5922 6601/8265/5922 6650/8345/5922 
f 6601/8262/5923 6564/8217/5923 6563/8216/5923 6650/8348/5923 
f 6661/8366/5924 6536/8365/5924 6535/8270/5924 6605/8268/5924 
f 6661/8366/5925 6605/8268/5925 6534/8187/5925 6533/8186/5925 
f 6596/8257/5008 6600/8394/5008 6604/8396/5008 6612/8279/5008 
f 6604/8396/5008 6608/8399/5008 6612/8279/5008 
f 6591/8246/5008 6596/8257/5008 6612/8279/5008 
f 6679/8420/5413 6680/8421/5413 6681/8422/5413 6682/8423/5413 
f 6679/8420/5413 6682/8423/5413 6683/8424/5413 6684/8425/5413 
f 6685/8426/5412 6686/8427/5412 6687/8428/5412 6688/8429/5412 
f 6687/8428/5412 6689/8430/5412 6688/8429/5412 
f 6685/8426/5412 6688/8429/5412 6690/8431/5412 
f 6691/8432/5415 6692/8433/5415 6693/8434/5415 6694/8435/5415 
f 6695/8436/5415 6694/8435/5415 6693/8434/5415 6696/8437/5415 
f 6697/8438/889 6698/8439/889 6699/8440/889 6700/8441/889 
f 6699/8440/889 6701/8442/889 6700/8441/889 
f 6702/8443/889 6697/8438/889 6700/8441/889 6703/8444/889 
f 6703/8444/889 6704/8445/889 6705/8446/889 6702/8443/889 
f 6705/8446/889 6706/8447/889 6707/8448/889 6702/8443/889 
f 6708/8449/889 6702/8443/889 6707/8448/889 
f 6709/8450/5414 6710/8451/5414 6711/8452/5414 6712/8453/5414 
f 6711/8452/5414 6713/8454/5414 6712/8453/5414 
f 6709/8450/5414 6712/8453/5414 6714/8455/5414 
f 6715/8456/5417 6716/8457/5417 6717/8458/5417 6718/8459/5417 
f 6717/8458/5417 6719/8460/5417 6720/8461/5417 6718/8459/5417 
f 6721/8462/5416 6722/8463/5416 6723/8464/5416 6724/8465/5416 
f 6721/8462/5416 6724/8465/5416 6725/8466/5416 6726/8467/5416 
f 6727/8468/5926 6728/8469/5926 6729/8470/5926 
f 6730/8471/5422 6731/8472/5422 6732/8473/5422 
f 6733/8474/5423 6734/8475/5423 6735/8476/5423 
f 6736/8477/5927 6737/8478/5927 6738/8479/5927 
f 6739/8480/5928 6740/8481/5928 6741/8482/5928 
f 6742/8483/5929 6743/8484/5929 6744/8485/5929 
f 6679/8420/5930 6745/8486/5930 6746/8487/5930 
f 6747/8488/5931 6746/8489/5931 6745/8490/5931 6748/8491/5931 
f 6726/8492/5932 6746/8487/5932 6747/8493/5932 
f 6684/8425/5933 6749/8494/5933 6750/8495/5933 
f 6709/8450/5934 6751/8496/5934 6749/8497/5934 
f 6751/8498/5935 6752/8499/5935 6750/8500/5935 6749/8501/5935 
f 6714/8455/5936 6753/8502/5936 6754/8503/5936 
f 6718/8459/5937 6755/8504/5937 6753/8502/5937 
f 6756/8505/5938 6754/8503/5938 6753/8502/5938 6755/8504/5938 
f 6720/8506/5939 6757/8507/5939 6758/8508/5939 
f 6685/8426/5940 6759/8509/5940 6757/8507/5940 
f 6759/8509/5941 6760/8510/5941 6758/8508/5941 6757/8507/5941 
f 6690/8431/5942 6761/8511/5942 6762/8512/5942 
f 6696/8437/5943 6763/8513/5943 6761/8514/5943 
f 6761/8511/5944 6763/8515/5944 6764/8516/5944 6762/8517/5944 
f 6693/8434/5945 6765/8518/5945 6766/8519/5945 
f 6721/8462/5946 6767/8520/5946 6765/8518/5946 
f 6767/8521/5947 6768/8522/5947 6766/8523/5947 6765/8524/5947 
f 6769/8525/5948 6770/8526/5948 6771/8527/5948 6697/8438/5948 
f 6772/8528/5949 6770/8529/5949 6769/8530/5949 6681/8422/5949 
f 6771/8531/5471 6770/8529/5471 6772/8528/5471 6742/8483/5471 
f 6680/8421/5950 6773/8532/5950 6774/8533/5950 
f 6725/8534/5951 6775/8535/5951 6773/8532/5951 
f 6775/8535/5952 6743/8484/5952 6774/8533/5952 6773/8532/5952 
f 6776/8536/5953 6777/8537/5953 6698/8439/5953 6778/8538/5953 
f 6779/8539/5954 6776/8540/5954 6778/8541/5954 6744/8485/5954 
f 6779/8539/5955 6724/8542/5955 6777/8543/5955 6776/8540/5955 
f 6780/8544/5956 6781/8545/5956 6708/8449/5956 6782/8546/5956 
f 6711/8452/5957 6783/8547/5957 6780/8548/5957 6782/8549/5957 
f 6780/8544/5958 6783/8550/5958 6727/8551/5958 6781/8545/5958 
f 6710/8451/5959 6784/8552/5959 6785/8553/5959 
f 6683/8424/5960 6786/8554/5960 6784/8555/5960 
f 6786/8556/5961 6728/8469/5961 6785/8553/5961 6784/8552/5961 
f 6702/8443/5962 6787/8557/5962 6788/8558/5962 6789/8559/5962 
f 6790/8560/5485 6788/8561/5485 6787/8562/5485 6729/8563/5485 
f 6790/8560/5963 6682/8423/5963 6789/8564/5963 6788/8561/5963 
f 6791/8565/5964 6792/8566/5964 6706/8447/5964 6793/8567/5964 
f 6791/8568/5965 6793/8569/5965 6716/8457/5965 6794/8570/5965 
f 6794/8570/5966 6730/8471/5966 6792/8571/5966 6791/8568/5966 
f 6715/8456/5967 6795/8572/5967 6796/8573/5967 
f 6712/8453/5968 6797/8574/5968 6795/8572/5968 
f 6795/8572/5969 6797/8574/5969 6731/8472/5969 6796/8573/5969 
f 6798/8575/5970 6799/8576/5970 6707/8448/5970 6800/8577/5970 
f 6798/8578/5494 6800/8579/5494 6732/8473/5494 6801/8580/5494 
f 6801/8580/5971 6713/8454/5971 6799/8581/5971 6798/8578/5971 
f 6802/8582/5442 6803/8583/5442 6804/8584/5442 6704/8445/5442 
f 6805/8585/5443 6803/8586/5443 6802/8587/5443 6687/8428/5443 
f 6805/8585/5444 6733/8474/5444 6804/8588/5444 6803/8586/5444 
f 6686/8427/5972 6806/8589/5972 6807/8590/5972 
f 6719/8591/5973 6808/8592/5973 6806/8589/5973 
f 6806/8589/5974 6808/8592/5974 6734/8475/5974 6807/8590/5974 
f 6705/8446/5448 6809/8593/5448 6810/8594/5448 6811/8595/5448 
f 6810/8596/5975 6809/8597/5975 6735/8476/5975 6812/8598/5975 
f 6812/8598/5976 6717/8599/5976 6811/8600/5976 6810/8596/5976 
f 6813/8601/5977 6814/8602/5977 6815/8603/5977 6700/8441/5977 
f 6816/8604/5978 6814/8605/5978 6813/8606/5978 6694/8435/5978 
f 6815/8607/5453 6814/8605/5453 6816/8604/5453 6736/8477/5453 
f 6695/8436/5454 6817/8608/5454 6818/8609/5454 
f 6688/8429/5455 6819/8610/5455 6817/8611/5455 
f 6817/8608/5979 6819/8612/5979 6737/8478/5979 6818/8613/5979 
f 6820/8614/5980 6821/8615/5980 6703/8444/5980 6822/8616/5980 
f 6820/8614/5458 6822/8616/5458 6738/8617/5458 6823/8618/5458 
f 6820/8619/5981 6823/8620/5981 6689/8430/5981 6821/8621/5981 
f 6824/8622/5982 6825/8623/5982 6699/8440/5982 6826/8624/5982 
f 6824/8625/5461 6826/8626/5461 6723/8464/5461 6827/8627/5461 
f 6827/8627/5983 6739/8480/5983 6825/8628/5983 6824/8625/5983 
f 6722/8463/5984 6828/8629/5984 6829/8630/5984 
f 6692/8433/5985 6830/8631/5985 6828/8629/5985 
f 6828/8629/5986 6830/8631/5986 6740/8481/5986 6829/8630/5986 
f 6831/8632/5987 6832/8633/5987 6701/8442/5987 6833/8634/5987 
f 6831/8635/5988 6833/8636/5988 6741/8482/5988 6834/8637/5988 
f 6691/8432/5989 6832/8638/5989 6831/8635/5989 6834/8637/5989 
f 6750/8495/5990 6745/8486/5990 6679/8420/5990 6684/8425/5990 
f 6750/8500/5991 6752/8499/5991 6748/8491/5991 6745/8490/5991 
f 6754/8503/5992 6751/8496/5992 6709/8450/5992 6714/8455/5992 
f 6756/8639/5993 6752/8499/5993 6751/8498/5993 6754/8640/5993 
f 6758/8641/5994 6755/8504/5994 6718/8459/5994 6720/8461/5994 
f 6755/8642/5995 6758/8643/5995 6760/8644/5995 6756/8639/5995 
f 6762/8512/5496 6759/8509/5496 6685/8426/5496 6690/8431/5496 
f 6759/8645/5996 6762/8646/5996 6764/8647/5996 6760/8644/5996 
f 6693/8434/5997 6766/8519/5997 6763/8513/5997 6696/8437/5997 
f 6763/8648/5998 6766/8523/5998 6768/8522/5998 6764/8647/5998 
f 6721/8462/5500 6726/8467/5500 6747/8649/5500 6767/8520/5500 
f 6767/8521/5999 6747/8488/5999 6748/8491/5999 6768/8522/5999 
f 6697/8438/6000 6771/8527/6000 6778/8538/6000 6698/8439/6000 
f 6771/8527/5527 6742/8650/5527 6744/8651/5527 6778/8538/5527 
f 6681/8422/5528 6680/8421/5528 6774/8533/5528 6772/8528/5528 
f 6742/8483/5529 6772/8528/5529 6774/8533/5529 6743/8484/5529 
f 6724/8542/5530 6779/8539/5530 6775/8535/5530 6725/8534/5530 
f 6775/8535/5531 6779/8539/5531 6744/8485/5531 6743/8484/5531 
f 6702/8443/6001 6708/8449/6001 6781/8545/6001 6787/8557/6001 
f 6787/8557/6002 6781/8545/6002 6727/8551/6002 6729/8652/6002 
f 6783/8547/5534 6711/8452/5534 6710/8451/5534 6785/8553/5534 
f 6728/8469/6003 6727/8468/6003 6783/8547/6003 6785/8553/6003 
f 6682/8423/6004 6790/8560/6004 6786/8554/6004 6683/8424/6004 
f 6786/8554/6005 6790/8560/6005 6729/8563/6005 6728/8653/6005 
f 6800/8577/6006 6707/8448/6006 6706/8447/6006 6792/8566/6006 
f 6730/8654/6007 6732/8655/6007 6800/8577/6007 6792/8566/6007 
f 6715/8456/5540 6796/8573/5540 6794/8570/5540 6716/8457/5540 
f 6796/8573/6008 6731/8472/6008 6730/8471/6008 6794/8570/6008 
f 6713/8454/5542 6801/8580/5542 6797/8574/5542 6712/8453/5542 
f 6732/8473/6009 6731/8472/6009 6797/8574/6009 6801/8580/6009 
f 6705/8446/6010 6704/8445/6010 6804/8584/6010 6809/8593/6010 
f 6804/8584/5509 6733/8656/5509 6735/8657/5509 6809/8593/5509 
f 6687/8428/5510 6686/8427/5510 6807/8590/5510 6805/8585/5510 
f 6807/8590/5511 6734/8475/5511 6733/8474/5511 6805/8585/5511 
f 6719/8591/5512 6717/8599/5512 6812/8598/5512 6808/8592/5512 
f 6735/8476/5513 6734/8475/5513 6808/8592/5513 6812/8598/5513 
f 6815/8603/6011 6822/8616/6011 6703/8444/6011 6700/8441/6011 
f 6738/8617/6012 6822/8616/6012 6815/8603/6012 6736/8658/6012 
f 6694/8435/6013 6695/8436/6013 6818/8609/6013 6816/8604/6013 
f 6816/8604/6014 6818/8609/6014 6737/8478/6014 6736/8477/6014 
f 6823/8620/5518 6819/8610/5518 6688/8429/5518 6689/8430/5518 
f 6738/8659/5519 6737/8660/5519 6819/8610/5519 6823/8620/5519 
f 6701/8442/6015 6699/8440/6015 6825/8623/6015 6833/8634/6015 
f 6825/8623/6016 6739/8661/6016 6741/8662/6016 6833/8634/6016 
f 6829/8630/5522 6827/8627/5522 6723/8464/5522 6722/8463/5522 
f 6827/8627/5523 6829/8630/5523 6740/8481/5523 6739/8480/5523 
f 6692/8433/6017 6691/8432/6017 6834/8637/6017 6830/8631/6017 
f 6741/8482/5525 6740/8481/5525 6830/8631/5525 6834/8637/5525 
f 6711/8452/6018 6782/8549/6018 6799/8581/6018 6713/8454/6018 
f 6799/8576/6019 6782/8546/6019 6708/8449/6019 6707/8448/6019 
f 6682/8423/5552 6681/8422/5552 6769/8530/5552 6789/8564/5552 
f 6789/8559/6020 6769/8525/6020 6697/8438/6020 6702/8443/6020 
f 6723/8464/5554 6826/8626/5554 6777/8663/5554 6724/8465/5554 
f 6826/8624/6021 6699/8440/6021 6698/8439/6021 6777/8537/6021 
f 6691/8432/5544 6694/8435/5544 6813/8606/5544 6832/8638/5544 
f 6813/8601/6022 6700/8441/6022 6701/8442/6022 6832/8633/6022 
f 6802/8587/5546 6821/8621/5546 6689/8430/5546 6687/8428/5546 
f 6704/8445/6023 6703/8444/6023 6821/8615/6023 6802/8582/6023 
f 6793/8569/6024 6811/8664/6024 6717/8458/6024 6716/8457/6024 
f 6793/8567/5549 6706/8447/5549 6705/8446/5549 6811/8595/5549 
f 6725/8534/6025 6773/8532/6025 6746/8487/6025 6726/8492/6025 
f 6680/8421/6026 6679/8420/6026 6746/8487/6026 6773/8532/6026 
f 6784/8552/6027 6710/8451/6027 6709/8450/6027 6749/8497/6027 
f 6784/8555/6028 6749/8494/6028 6684/8425/6028 6683/8424/6028 
f 6828/8629/6029 6765/8518/6029 6693/8434/6029 6692/8433/6029 
f 6722/8463/6030 6721/8462/6030 6765/8518/6030 6828/8629/6030 
f 6718/8459/6031 6753/8502/6031 6795/8572/6031 6715/8456/6031 
f 6714/8455/6032 6712/8453/6032 6795/8572/6032 6753/8502/6032 
f 6806/8589/6033 6686/8427/6033 6685/8426/6033 6757/8507/6033 
f 6806/8589/6034 6757/8507/6034 6720/8506/6034 6719/8591/6034 
f 6695/8436/6035 6696/8437/6035 6761/8514/6035 6817/8608/6035 
f 6817/8611/6036 6761/8511/6036 6690/8431/6036 6688/8429/6036 
f 6752/8499/5008 6756/8639/5008 6760/8644/5008 6748/8491/5008 
f 6748/8491/5008 6760/8644/5008 6764/8647/5008 6768/8522/5008 
# 6576 polygons - 364 triangles

