# 3ds Max Wavefront OBJ Exporter v0.99 - (c)2007 guruware
# File Created: 15.05.2026 17:26:18

mtllib Mesa_Brazo.mtl

#
# object Mesa_Brazo
#

v  0.1908 -0.0100 -0.1745
v  0.1908 -0.0100 0.1745
v  -0.1908 -0.0100 0.1745
v  -0.1908 -0.0100 -0.1745
v  -0.1908 0.0100 0.1745
v  0.1908 0.0100 0.1745
v  0.1908 0.0100 -0.1745
v  -0.1908 0.0100 -0.1745
v  -0.1659 0.0006 0.1144
v  -0.1662 0.0005 0.1145
v  -0.1654 0.0007 0.1148
v  -0.1656 0.0006 0.1145
v  -0.1665 0.0004 0.1148
v  -0.1651 0.0007 0.1153
v  -0.1668 0.0004 0.1153
v  -0.1649 0.0008 0.1159
v  -0.1669 0.0004 0.1159
v  -0.1648 0.0008 0.1166
v  -0.1671 0.0003 0.1167
v  -0.1648 0.0008 0.1174
v  -0.1671 0.0003 0.1174
v  -0.1648 0.0008 0.1182
v  -0.1671 0.0003 0.1182
v  -0.1649 0.0008 0.1189
v  -0.1669 0.0004 0.1189
v  -0.1651 0.0007 0.1195
v  -0.1668 0.0004 0.1195
v  -0.1653 0.0007 0.1200
v  -0.1656 0.0006 0.1203
v  -0.1665 0.0004 0.1200
v  -0.1659 0.0006 0.1204
v  -0.1662 0.0005 0.1203
v  -0.1665 0.0004 0.0873
v  -0.1656 0.0006 0.0870
v  -0.1659 0.0006 0.0869
v  -0.1662 0.0005 0.0870
v  -0.1668 0.0004 0.0877
v  -0.1653 0.0007 0.0873
v  -0.1669 0.0004 0.0884
v  -0.1651 0.0007 0.0878
v  -0.1649 0.0008 0.0884
v  -0.1671 0.0003 0.0891
v  -0.1648 0.0008 0.0891
v  -0.1671 0.0003 0.0899
v  -0.1671 0.0003 0.0906
v  -0.1648 0.0008 0.0899
v  -0.1669 0.0004 0.0914
v  -0.1648 0.0008 0.0907
v  -0.1668 0.0004 0.0920
v  -0.1649 0.0008 0.0914
v  -0.1665 0.0004 0.0925
v  -0.1651 0.0007 0.0920
v  -0.1654 0.0007 0.0925
v  -0.1662 0.0005 0.0928
v  -0.1659 0.0006 0.0929
v  -0.1656 0.0006 0.0928
v  -0.1659 0.0006 -0.1027
v  -0.1662 0.0005 -0.1026
v  -0.1654 0.0007 -0.1023
v  -0.1656 0.0006 -0.1026
v  -0.1665 0.0004 -0.1023
v  -0.1651 0.0007 -0.1019
v  -0.1668 0.0004 -0.1018
v  -0.1649 0.0008 -0.1012
v  -0.1669 0.0004 -0.1012
v  -0.1648 0.0008 -0.1005
v  -0.1671 0.0003 -0.1005
v  -0.1648 0.0008 -0.0997
v  -0.1671 0.0003 -0.0997
v  -0.1648 0.0008 -0.0990
v  -0.1671 0.0003 -0.0989
v  -0.1649 0.0008 -0.0982
v  -0.1669 0.0004 -0.0982
v  -0.1651 0.0007 -0.0976
v  -0.1668 0.0004 -0.0976
v  -0.1653 0.0007 -0.0971
v  -0.1656 0.0006 -0.0968
v  -0.1665 0.0004 -0.0971
v  -0.1659 0.0006 -0.0967
v  -0.1662 0.0005 -0.0968
v  -0.1665 0.0004 -0.1299
v  -0.1656 0.0006 -0.1301
v  -0.1659 0.0006 -0.1302
v  -0.1662 0.0005 -0.1301
v  -0.1668 0.0004 -0.1294
v  -0.1653 0.0007 -0.1298
v  -0.1669 0.0004 -0.1288
v  -0.1651 0.0007 -0.1293
v  -0.1649 0.0008 -0.1287
v  -0.1671 0.0003 -0.1280
v  -0.1648 0.0008 -0.1280
v  -0.1671 0.0003 -0.1273
v  -0.1671 0.0003 -0.1265
v  -0.1648 0.0008 -0.1272
v  -0.1669 0.0004 -0.1258
v  -0.1648 0.0008 -0.1264
v  -0.1668 0.0004 -0.1251
v  -0.1649 0.0008 -0.1257
v  -0.1665 0.0004 -0.1247
v  -0.1651 0.0007 -0.1251
v  -0.1654 0.0007 -0.1246
v  -0.1662 0.0005 -0.1243
v  -0.1659 0.0006 -0.1242
v  -0.1656 0.0006 -0.1243
v  0.1713 0.0006 0.1104
v  0.1716 0.0005 0.1103
v  0.1707 0.0007 0.1100
v  0.1710 0.0006 0.1103
v  0.1719 0.0004 0.1100
v  0.1705 0.0007 0.1096
v  0.1721 0.0004 0.1095
v  0.1703 0.0008 0.1089
v  0.1723 0.0004 0.1089
v  0.1702 0.0008 0.1082
v  0.1724 0.0003 0.1082
v  0.1701 0.0008 0.1075
v  0.1725 0.0003 0.1074
v  0.1701 0.0008 0.1067
v  0.1724 0.0003 0.1066
v  0.1703 0.0008 0.1059
v  0.1723 0.0004 0.1059
v  0.1704 0.0007 0.1053
v  0.1721 0.0004 0.1053
v  0.1707 0.0007 0.1048
v  0.1710 0.0006 0.1045
v  0.1719 0.0004 0.1048
v  0.1713 0.0006 0.1044
v  0.1716 0.0005 0.1045
v  0.1719 0.0004 0.1376
v  0.1710 0.0006 0.1379
v  0.1713 0.0006 0.1380
v  0.1716 0.0005 0.1379
v  0.1721 0.0004 0.1371
v  0.1707 0.0007 0.1375
v  0.1723 0.0004 0.1365
v  0.1704 0.0007 0.1371
v  0.1703 0.0008 0.1364
v  0.1724 0.0003 0.1358
v  0.1701 0.0008 0.1357
v  0.1725 0.0003 0.1350
v  0.1724 0.0003 0.1342
v  0.1701 0.0008 0.1349
v  0.1723 0.0004 0.1335
v  0.1702 0.0008 0.1342
v  0.1721 0.0004 0.1329
v  0.1703 0.0008 0.1334
v  0.1719 0.0004 0.1324
v  0.1705 0.0007 0.1328
v  0.1707 0.0007 0.1323
v  0.1716 0.0005 0.1321
v  0.1713 0.0006 0.1320
v  0.1710 0.0006 0.1320
v  0.1713 0.0006 -0.1067
v  0.1716 0.0005 -0.1068
v  0.1707 0.0007 -0.1071
v  0.1710 0.0006 -0.1068
v  0.1719 0.0004 -0.1071
v  0.1705 0.0007 -0.1075
v  0.1721 0.0004 -0.1076
v  0.1703 0.0008 -0.1082
v  0.1723 0.0004 -0.1082
v  0.1702 0.0008 -0.1089
v  0.1724 0.0003 -0.1089
v  0.1701 0.0008 -0.1097
v  0.1725 0.0003 -0.1097
v  0.1701 0.0008 -0.1104
v  0.1724 0.0003 -0.1105
v  0.1703 0.0008 -0.1112
v  0.1723 0.0004 -0.1112
v  0.1704 0.0007 -0.1118
v  0.1721 0.0004 -0.1118
v  0.1707 0.0007 -0.1123
v  0.1710 0.0006 -0.1126
v  0.1719 0.0004 -0.1123
v  0.1713 0.0006 -0.1127
v  0.1716 0.0005 -0.1126
v  0.1719 0.0004 -0.0795
v  0.1710 0.0006 -0.0793
v  0.1713 0.0006 -0.0792
v  0.1716 0.0005 -0.0793
v  0.1721 0.0004 -0.0800
v  0.1707 0.0007 -0.0796
v  0.1723 0.0004 -0.0806
v  0.1704 0.0007 -0.0801
v  0.1703 0.0008 -0.0807
v  0.1724 0.0003 -0.0814
v  0.1701 0.0008 -0.0814
v  0.1725 0.0003 -0.0821
v  0.1724 0.0003 -0.0829
v  0.1701 0.0008 -0.0822
v  0.1723 0.0004 -0.0836
v  0.1702 0.0008 -0.0830
v  0.1721 0.0004 -0.0843
v  0.1703 0.0008 -0.0837
v  0.1719 0.0004 -0.0847
v  0.1705 0.0007 -0.0843
v  0.1707 0.0007 -0.0848
v  0.1716 0.0005 -0.0851
v  0.1713 0.0006 -0.0852
v  0.1710 0.0006 -0.0851
v  0.1237 0.0013 -0.1144
v  0.1218 0.0013 -0.1142
v  0.1218 -0.6739 -0.1142
v  0.1237 -0.6739 -0.1144
v  0.1199 0.0013 -0.1144
v  0.1199 -0.6739 -0.1144
v  0.1181 -0.6739 -0.1152
v  0.1218 -0.6739 -0.1153
v  0.1255 -0.6739 -0.1152
v  0.1166 -0.6739 -0.1163
v  0.1202 -0.6739 -0.1155
v  0.1174 -0.6739 -0.1171
v  0.1187 -0.6739 -0.1161
v  0.1155 -0.6739 -0.1179
v  0.1164 -0.6739 -0.1184
v  0.1147 -0.6739 -0.1196
v  0.1158 -0.6739 -0.1199
v  0.1145 -0.6739 -0.1215
v  0.1156 -0.6739 -0.1215
v  0.1147 -0.6739 -0.1234
v  0.1158 -0.6739 -0.1231
v  0.1155 -0.6739 -0.1252
v  0.1164 -0.6739 -0.1246
v  0.1166 -0.6739 -0.1267
v  0.1174 -0.6739 -0.1259
v  0.1187 -0.6739 -0.1269
v  0.1181 -0.6739 -0.1279
v  0.1218 -0.6739 -0.1278
v  0.1202 -0.6739 -0.1276
v  0.1234 -0.6739 -0.1276
v  0.1255 -0.6739 -0.1279
v  0.1270 -0.6739 -0.1267
v  0.1249 -0.6739 -0.1269
v  0.1281 -0.6739 -0.1252
v  0.1262 -0.6739 -0.1259
v  0.1289 -0.6739 -0.1234
v  0.1272 -0.6739 -0.1246
v  0.1291 -0.6739 -0.1215
v  0.1278 -0.6739 -0.1231
v  0.1278 -0.6739 -0.1199
v  0.1280 -0.6739 -0.1215
v  0.1272 -0.6739 -0.1184
v  0.1289 -0.6739 -0.1196
v  0.1262 -0.6739 -0.1171
v  0.1281 -0.6739 -0.1179
v  0.1249 -0.6739 -0.1161
v  0.1270 -0.6739 -0.1163
v  0.1234 -0.6739 -0.1155
v  0.1199 -0.6739 -0.1286
v  0.1237 -0.6739 -0.1286
v  0.1218 -0.6739 -0.1288
v  0.1145 0.0013 -0.1215
v  0.1147 0.0013 -0.1234
v  0.1270 0.0013 -0.1163
v  0.1255 0.0013 -0.1152
v  0.1289 0.0013 -0.1234
v  0.1281 0.0013 -0.1252
v  0.1289 0.0013 -0.1196
v  0.1281 0.0013 -0.1179
v  0.1291 0.0013 -0.1215
v  0.1166 0.0013 -0.1163
v  0.1155 0.0013 -0.1179
v  0.1181 0.0013 -0.1279
v  0.1199 0.0013 -0.1286
v  0.1181 0.0013 -0.1152
v  0.1218 0.0013 -0.1288
v  0.1255 0.0013 -0.1279
v  0.1270 0.0013 -0.1267
v  0.1166 0.0013 -0.1267
v  0.1155 0.0013 -0.1252
v  0.1237 0.0013 -0.1286
v  0.1147 0.0013 -0.1196
v  0.1200 -0.7040 -0.1226
v  0.1200 -0.6750 -0.1226
v  0.1203 -0.6750 -0.1230
v  0.1203 -0.7040 -0.1230
v  0.1238 -0.6750 -0.1221
v  0.1239 -0.6750 -0.1215
v  0.1239 -0.7040 -0.1215
v  0.1238 -0.7040 -0.1221
v  0.1233 -0.7040 -0.1230
v  0.1228 -0.7040 -0.1233
v  0.1228 -0.6750 -0.1233
v  0.1233 -0.6750 -0.1230
v  0.1223 -0.7040 -0.1235
v  0.1218 -0.7040 -0.1236
v  0.1218 -0.6750 -0.1236
v  0.1223 -0.6750 -0.1235
v  0.1238 -0.7040 -0.1210
v  0.1238 -0.6750 -0.1210
v  0.1236 -0.6750 -0.1205
v  0.1236 -0.7040 -0.1205
v  0.1197 -0.7040 -0.1215
v  0.1197 -0.6750 -0.1215
v  0.1198 -0.6750 -0.1221
v  0.1198 -0.7040 -0.1221
v  0.1203 -0.7040 -0.1201
v  0.1203 -0.6750 -0.1201
v  0.1200 -0.6750 -0.1205
v  0.1200 -0.7040 -0.1205
v  0.1223 -0.6750 -0.1195
v  0.1223 -0.7040 -0.1195
v  0.1228 -0.7040 -0.1197
v  0.1228 -0.6750 -0.1197
v  0.1236 -0.7040 -0.1226
v  0.1236 -0.6750 -0.1226
v  0.1213 -0.6750 -0.1195
v  0.1208 -0.6750 -0.1197
v  0.1208 -0.7040 -0.1197
v  0.1213 -0.7040 -0.1195
v  0.1218 -0.7040 -0.1194
v  0.1233 -0.7040 -0.1201
v  0.1198 -0.7040 -0.1210
v  0.1208 -0.7040 -0.1233
v  0.1213 -0.7040 -0.1235
v  0.1218 -0.6750 -0.1161
v  0.1204 -0.6750 -0.1163
v  0.1191 -0.6750 -0.1169
v  0.1232 -0.6750 -0.1163
v  0.1245 -0.6750 -0.1169
v  0.1180 -0.6750 -0.1177
v  0.1171 -0.6750 -0.1188
v  0.1256 -0.6750 -0.1177
v  0.1166 -0.6750 -0.1201
v  0.1265 -0.6750 -0.1188
v  0.1218 -0.6750 -0.1194
v  0.1164 -0.6750 -0.1215
v  0.1198 -0.6750 -0.1210
v  0.1166 -0.6750 -0.1229
v  0.1171 -0.6750 -0.1242
v  0.1208 -0.6750 -0.1233
v  0.1213 -0.6750 -0.1235
v  0.1265 -0.6750 -0.1242
v  0.1270 -0.6750 -0.1229
v  0.1272 -0.6750 -0.1215
v  0.1270 -0.6750 -0.1201
v  0.1233 -0.6750 -0.1201
v  0.1256 -0.6750 -0.1253
v  0.1180 -0.6750 -0.1253
v  0.1245 -0.6750 -0.1262
v  0.1191 -0.6750 -0.1262
v  0.1204 -0.6750 -0.1267
v  0.1232 -0.6750 -0.1267
v  0.1218 -0.6750 -0.1269
v  0.1249 -0.6750 -0.1269
v  0.1234 -0.6750 -0.1276
v  0.1234 -0.6873 -0.1276
v  0.1249 -0.6873 -0.1269
v  0.1278 -0.6750 -0.1199
v  0.1272 -0.6750 -0.1184
v  0.1158 -0.6750 -0.1199
v  0.1164 -0.6750 -0.1184
v  0.1164 -0.6873 -0.1184
v  0.1158 -0.6873 -0.1199
v  0.1266 -0.6750 -0.1167
v  0.1252 -0.6750 -0.1156
v  0.1252 -0.6873 -0.1156
v  0.1266 -0.6873 -0.1167
v  0.1234 -0.6873 -0.1155
v  0.1218 -0.6873 -0.1153
v  0.1218 -0.6750 -0.1153
v  0.1234 -0.6750 -0.1155
v  0.1218 -0.6750 -0.1154
v  0.1202 -0.6750 -0.1156
v  0.1187 -0.6750 -0.1162
v  0.1234 -0.6750 -0.1156
v  0.1175 -0.6750 -0.1172
v  0.1165 -0.6750 -0.1185
v  0.1159 -0.6750 -0.1199
v  0.1157 -0.6750 -0.1215
v  0.1159 -0.6750 -0.1231
v  0.1165 -0.6750 -0.1246
v  0.1175 -0.6750 -0.1258
v  0.1187 -0.6750 -0.1268
v  0.1202 -0.6750 -0.1274
v  0.1234 -0.6750 -0.1274
v  0.1249 -0.6750 -0.1268
v  0.1261 -0.6750 -0.1258
v  0.1271 -0.6750 -0.1246
v  0.1277 -0.6750 -0.1231
v  0.1279 -0.6750 -0.1215
v  0.1277 -0.6750 -0.1199
v  0.1271 -0.6750 -0.1185
v  0.1261 -0.6750 -0.1172
v  0.1249 -0.6750 -0.1162
v  0.1218 -0.6750 -0.1276
v  0.1218 -0.6750 -0.1278
v  0.1202 -0.6750 -0.1276
v  0.1202 -0.6873 -0.1276
v  0.1218 -0.6873 -0.1278
v  0.1187 -0.6750 -0.1269
v  0.1174 -0.6750 -0.1259
v  0.1174 -0.6873 -0.1259
v  0.1187 -0.6873 -0.1269
v  0.1266 -0.6873 -0.1263
v  0.1266 -0.6750 -0.1263
v  0.1277 -0.6750 -0.1249
v  0.1277 -0.6873 -0.1249
v  0.1272 -0.6873 -0.1246
v  0.1278 -0.6873 -0.1231
v  0.1278 -0.6750 -0.1231
v  0.1272 -0.6750 -0.1246
v  0.1202 -0.6750 -0.1155
v  0.1200 -0.6750 -0.1149
v  0.1184 -0.6750 -0.1156
v  0.1184 -0.6873 -0.1156
v  0.1200 -0.6873 -0.1149
v  0.1159 -0.6873 -0.1181
v  0.1159 -0.6750 -0.1181
v  0.1152 -0.6750 -0.1198
v  0.1152 -0.6873 -0.1198
v  0.1184 -0.6873 -0.1274
v  0.1170 -0.6873 -0.1263
v  0.1170 -0.6750 -0.1263
v  0.1184 -0.6750 -0.1274
v  0.1236 -0.6873 -0.1281
v  0.1218 -0.6873 -0.1283
v  0.1218 -0.6750 -0.1283
v  0.1236 -0.6750 -0.1281
v  0.1174 -0.6750 -0.1171
v  0.1187 -0.6750 -0.1161
v  0.1236 -0.6750 -0.1149
v  0.1236 -0.6873 -0.1149
v  0.1277 -0.6873 -0.1181
v  0.1277 -0.6750 -0.1181
v  0.1156 -0.6873 -0.1215
v  0.1156 -0.6750 -0.1215
v  0.1262 -0.6750 -0.1171
v  0.1174 -0.6873 -0.1171
v  0.1280 -0.6873 -0.1215
v  0.1280 -0.6750 -0.1215
v  0.1262 -0.6873 -0.1259
v  0.1262 -0.6750 -0.1259
v  0.1218 -0.6873 -0.1147
v  0.1202 -0.6873 -0.1155
v  0.1170 -0.6873 -0.1167
v  0.1187 -0.6873 -0.1161
v  0.1150 -0.6873 -0.1215
v  0.1152 -0.6873 -0.1233
v  0.1158 -0.6873 -0.1231
v  0.1164 -0.6873 -0.1246
v  0.1159 -0.6873 -0.1249
v  0.1200 -0.6873 -0.1281
v  0.1252 -0.6873 -0.1274
v  0.1284 -0.6873 -0.1233
v  0.1286 -0.6873 -0.1215
v  0.1278 -0.6873 -0.1199
v  0.1284 -0.6873 -0.1198
v  0.1272 -0.6873 -0.1184
v  0.1262 -0.6873 -0.1171
v  0.1249 -0.6873 -0.1161
v  0.1249 -0.6750 -0.1161
v  0.1158 -0.6750 -0.1231
v  0.1164 -0.6750 -0.1246
v  0.1252 -0.6750 -0.1274
v  0.1150 -0.6750 -0.1215
v  0.1152 -0.6750 -0.1233
v  0.1170 -0.6750 -0.1167
v  0.1159 -0.6750 -0.1249
v  0.1284 -0.6750 -0.1233
v  0.1286 -0.6750 -0.1215
v  0.1218 -0.6750 -0.1147
v  0.1200 -0.6750 -0.1281
v  0.1284 -0.6750 -0.1198
v  0.1110 -0.7293 -0.0590
v  0.1110 -0.7196 -0.0577
v  0.1110 -0.7099 -0.0590
v  0.1110 -0.7383 -0.0627
v  0.1110 -0.7461 -0.0687
v  0.1110 -0.7009 -0.0627
v  0.1110 -0.6932 -0.0687
v  0.1110 -0.7520 -0.0764
v  0.1110 -0.6872 -0.0764
v  0.1110 -0.7557 -0.0855
v  0.1110 -0.6835 -0.0855
v  0.1110 -0.7570 -0.0951
v  0.1110 -0.6822 -0.0951
v  0.1110 -0.7557 -0.1048
v  0.1110 -0.6835 -0.1048
v  0.1110 -0.7520 -0.1138
v  0.1110 -0.6872 -0.1138
v  0.1110 -0.7461 -0.1216
v  0.1110 -0.6932 -0.1216
v  0.1110 -0.7383 -0.1275
v  0.1110 -0.7293 -0.1313
v  0.1110 -0.7009 -0.1275
v  0.1110 -0.7196 -0.1325
v  0.1110 -0.7099 -0.1313
v  0.1177 -0.7196 -0.0561
v  0.1177 -0.7297 -0.0575
v  0.1177 -0.7001 -0.0614
v  0.1177 -0.7095 -0.0575
v  0.1177 -0.7391 -0.0614
v  0.1177 -0.6920 -0.0676
v  0.1177 -0.6858 -0.0756
v  0.1177 -0.7472 -0.0676
v  0.1177 -0.7573 -0.0850
v  0.1177 -0.7534 -0.0756
v  0.1177 -0.6806 -0.0951
v  0.1177 -0.6819 -0.0850
v  0.1177 -0.6819 -0.1052
v  0.1177 -0.7586 -0.0951
v  0.1177 -0.7573 -0.1052
v  0.1177 -0.6858 -0.1146
v  0.1177 -0.7472 -0.1227
v  0.1177 -0.7534 -0.1146
v  0.1177 -0.7001 -0.1289
v  0.1177 -0.6920 -0.1227
v  0.1177 -0.7095 -0.1328
v  0.1177 -0.7391 -0.1289
v  0.1177 -0.7297 -0.1328
v  0.1177 -0.7196 -0.1341
v  0.1111 -0.7295 -0.1321
v  0.1111 -0.7196 -0.1334
v  0.1112 -0.7196 -0.1336
v  0.1112 -0.7296 -0.1323
v  0.1111 -0.7005 -0.0620
v  0.1111 -0.7097 -0.0581
v  0.1112 -0.7096 -0.0579
v  0.1112 -0.7004 -0.0618
v  0.1119 -0.6920 -0.0676
v  0.1119 -0.7001 -0.0614
v  0.1121 -0.7001 -0.0614
v  0.1121 -0.6920 -0.0676
v  0.1121 -0.7196 -0.1341
v  0.1121 -0.7297 -0.1328
v  0.1119 -0.7297 -0.1328
v  0.1119 -0.7196 -0.1341
v  0.1119 -0.6806 -0.0951
v  0.1121 -0.6806 -0.0951
v  0.1121 -0.6819 -0.1052
v  0.1119 -0.6820 -0.1052
v  0.1115 -0.7470 -0.1226
v  0.1117 -0.7471 -0.1226
v  0.1117 -0.7533 -0.1146
v  0.1115 -0.7532 -0.1145
v  0.1121 -0.7297 -0.0575
v  0.1121 -0.7391 -0.0614
v  0.1111 -0.6813 -0.0951
v  0.1111 -0.6826 -0.0852
v  0.1112 -0.6824 -0.0852
v  0.1112 -0.6811 -0.0951
v  0.1119 -0.7095 -0.1328
v  0.1117 -0.7095 -0.1327
v  0.1117 -0.7001 -0.1288
v  0.1119 -0.7001 -0.1289
v  0.1112 -0.6924 -0.0679
v  0.1111 -0.6925 -0.0680
v  0.1112 -0.7529 -0.0759
v  0.1112 -0.7468 -0.0679
v  0.1111 -0.7467 -0.0680
v  0.1111 -0.7528 -0.0760
v  0.1111 -0.7388 -0.0620
v  0.1112 -0.7389 -0.0618
v  0.1112 -0.6863 -0.0759
v  0.1113 -0.6861 -0.0758
v  0.1113 -0.6823 -0.0851
v  0.1110 -0.7577 -0.0951
v  0.1110 -0.7564 -0.0853
v  0.1110 -0.7562 -0.0853
v  0.1110 -0.7575 -0.0951
v  0.1113 -0.7196 -0.1338
v  0.1113 -0.7296 -0.1325
v  0.1110 -0.6817 -0.0951
v  0.1110 -0.6830 -0.0853
v  0.1110 -0.6828 -0.0853
v  0.1110 -0.6815 -0.0951
v  0.1112 -0.7389 -0.1285
v  0.1111 -0.7388 -0.1283
v  0.1121 -0.7534 -0.1146
v  0.1121 -0.7573 -0.1052
v  0.1113 -0.7531 -0.0758
v  0.1113 -0.7469 -0.0678
v  0.1113 -0.7389 -0.1286
v  0.1115 -0.7390 -0.1287
v  0.1113 -0.7469 -0.1225
v  0.1121 -0.6858 -0.0756
v  0.1119 -0.6859 -0.0756
v  0.1110 -0.6928 -0.0684
v  0.1110 -0.6927 -0.0682
v  0.1110 -0.6866 -0.0761
v  0.1110 -0.6868 -0.0762
v  0.1110 -0.7196 -0.1330
v  0.1110 -0.7098 -0.1317
v  0.1110 -0.7097 -0.1319
v  0.1110 -0.7196 -0.1332
v  0.1110 -0.7526 -0.0761
v  0.1110 -0.7524 -0.0762
v  0.1113 -0.6861 -0.1145
v  0.1115 -0.6860 -0.1145
v  0.1115 -0.6922 -0.1226
v  0.1113 -0.6923 -0.1225
v  0.1111 -0.6864 -0.0760
v  0.1119 -0.7297 -0.0575
v  0.1119 -0.7391 -0.0614
v  0.1110 -0.6927 -0.1221
v  0.1110 -0.6866 -0.1142
v  0.1111 -0.6864 -0.1143
v  0.1111 -0.6925 -0.1222
v  0.1115 -0.7096 -0.0576
v  0.1115 -0.7196 -0.0563
v  0.1117 -0.7196 -0.0562
v  0.1117 -0.7095 -0.0575
v  0.1117 -0.7297 -0.1327
v  0.1117 -0.7196 -0.1340
v  0.1112 -0.6824 -0.1051
v  0.1112 -0.6863 -0.1144
v  0.1111 -0.6826 -0.1050
v  0.1111 -0.7295 -0.0581
v  0.1111 -0.7196 -0.0568
v  0.1110 -0.7196 -0.0570
v  0.1110 -0.7295 -0.0583
v  0.1119 -0.7573 -0.1052
v  0.1117 -0.7572 -0.1052
v  0.1119 -0.7534 -0.1146
v  0.1110 -0.7386 -0.1281
v  0.1111 -0.7467 -0.1222
v  0.1110 -0.7465 -0.1221
v  0.1117 -0.7585 -0.0951
v  0.1119 -0.7586 -0.0951
v  0.1119 -0.7573 -0.0850
v  0.1117 -0.7572 -0.0851
v  0.1121 -0.6819 -0.0850
v  0.1119 -0.6820 -0.0850
v  0.1121 -0.7586 -0.0951
v  0.1119 -0.6859 -0.1146
v  0.1121 -0.6858 -0.1146
v  0.1110 -0.7006 -0.0621
v  0.1117 -0.7297 -0.0575
v  0.1119 -0.7196 -0.0562
v  0.1121 -0.6920 -0.1227
v  0.1119 -0.7095 -0.0575
v  0.1115 -0.7002 -0.0615
v  0.1113 -0.7003 -0.0616
v  0.1113 -0.7096 -0.0578
v  0.1113 -0.7096 -0.1325
v  0.1115 -0.7096 -0.1326
v  0.1115 -0.7196 -0.1339
v  0.1111 -0.7579 -0.0951
v  0.1111 -0.7566 -0.0852
v  0.1119 -0.7472 -0.1227
v  0.1112 -0.7004 -0.1285
v  0.1112 -0.6924 -0.1224
v  0.1113 -0.7003 -0.1286
v  0.1113 -0.7570 -0.1051
v  0.1112 -0.7568 -0.1051
v  0.1112 -0.7529 -0.1144
v  0.1113 -0.7531 -0.1145
v  0.1110 -0.7097 -0.0583
v  0.1121 -0.7472 -0.1227
v  0.1121 -0.7391 -0.1289
v  0.1113 -0.7389 -0.0616
v  0.1115 -0.7390 -0.0615
v  0.1115 -0.7296 -0.0576
v  0.1113 -0.7296 -0.0578
v  0.1117 -0.7391 -0.0614
v  0.1117 -0.7471 -0.0676
v  0.1119 -0.7472 -0.0676
v  0.1110 -0.7465 -0.0682
v  0.1110 -0.7386 -0.0621
v  0.1115 -0.7571 -0.0851
v  0.1115 -0.7584 -0.0951
v  0.1121 -0.7095 -0.0575
v  0.1121 -0.7196 -0.0561
v  0.1119 -0.7534 -0.0756
v  0.1121 -0.7573 -0.0850
v  0.1121 -0.7534 -0.0756
v  0.1110 -0.7295 -0.1319
v  0.1110 -0.7294 -0.1317
v  0.1112 -0.7468 -0.1224
v  0.1110 -0.6828 -0.1050
v  0.1113 -0.6923 -0.0678
v  0.1115 -0.6922 -0.0677
v  0.1115 -0.6860 -0.0757
v  0.1115 -0.6821 -0.1052
v  0.1117 -0.6820 -0.1052
v  0.1117 -0.6859 -0.1146
v  0.1113 -0.6823 -0.1051
v  0.1119 -0.6920 -0.1227
v  0.1111 -0.7566 -0.1050
v  0.1111 -0.7528 -0.1143
v  0.1112 -0.7568 -0.0852
v  0.1113 -0.6809 -0.0951
v  0.1110 -0.7196 -0.0573
v  0.1110 -0.7294 -0.0585
v  0.1110 -0.7385 -0.0623
v  0.1110 -0.7464 -0.0684
v  0.1110 -0.7562 -0.1049
v  0.1110 -0.7524 -0.1141
v  0.1110 -0.7464 -0.1219
v  0.1110 -0.7385 -0.1279
v  0.1110 -0.7007 -0.1279
v  0.1110 -0.6928 -0.1219
v  0.1110 -0.6868 -0.1141
v  0.1110 -0.6830 -0.1049
v  0.1110 -0.7007 -0.0623
v  0.1110 -0.7098 -0.0585
v  0.1113 -0.7196 -0.0565
v  0.1112 -0.7196 -0.0566
v  0.1112 -0.7296 -0.0579
v  0.1110 -0.7526 -0.1142
v  0.1115 -0.7002 -0.1287
v  0.1121 -0.7001 -0.1289
v  0.1117 -0.7533 -0.0757
v  0.1112 -0.7581 -0.0951
v  0.1121 -0.7095 -0.1328
v  0.1119 -0.7391 -0.1289
v  0.1117 -0.6921 -0.1226
v  0.1117 -0.7001 -0.0614
v  0.1110 -0.7564 -0.1050
v  0.1121 -0.7472 -0.0676
v  0.1117 -0.6921 -0.0676
v  0.1111 -0.7097 -0.1321
v  0.1110 -0.7006 -0.1281
v  0.1111 -0.7005 -0.1283
v  0.1117 -0.6807 -0.0951
v  0.1115 -0.6808 -0.0951
v  0.1115 -0.6821 -0.0851
v  0.1117 -0.6820 -0.0851
v  0.1112 -0.7096 -0.1323
v  0.1115 -0.7470 -0.0677
v  0.1115 -0.7532 -0.0757
v  0.1117 -0.6859 -0.0757
v  0.1115 -0.7571 -0.1052
v  0.1115 -0.7296 -0.1326
v  0.1113 -0.7583 -0.0951
v  0.1113 -0.7570 -0.0851
v  0.1117 -0.7391 -0.1288
v  0.1335 -0.6127 -0.1333
v  0.1677 0.0006 -0.1374
v  0.1664 0.0006 -0.1375
v  0.1322 -0.6126 -0.1334
v  0.1347 -0.6127 -0.1070
v  0.1677 0.0006 -0.1030
v  0.1689 0.0005 -0.1029
v  0.1335 -0.6127 -0.1072
v  0.1358 -0.6133 -0.1401
v  0.1688 0.0005 -0.1468
v  0.1700 0.0004 -0.1464
v  0.1346 -0.6133 -0.1404
v  0.1287 -0.6362 -0.1251
v  0.1280 -0.6353 -0.1249
v  0.1281 -0.6329 -0.1294
v  0.1288 -0.6338 -0.1297
v  0.1291 -0.6300 -0.1337
v  0.1283 -0.6292 -0.1332
v  0.1286 -0.6244 -0.1361
v  0.1293 -0.6249 -0.1368
v  0.1336 -0.6311 -0.1060
v  0.1334 -0.6351 -0.1102
v  0.1346 -0.6348 -0.1104
v  0.1348 -0.6308 -0.1063
v  0.1297 -0.6191 -0.1388
v  0.1306 -0.6193 -0.1393
v  0.1303 -0.6253 -0.1373
v  0.1286 -0.6260 -0.1098
v  0.1288 -0.6221 -0.1074
v  0.1296 -0.6216 -0.1081
v  0.1294 -0.6253 -0.1103
v  0.1376 -0.6237 -0.1346
v  0.1375 -0.6231 -0.1338
v  0.1373 -0.6273 -0.1313
v  0.1374 -0.6281 -0.1320
v  0.1318 -0.6212 -0.1315
v  0.1306 -0.6213 -0.1319
v  0.1304 -0.6249 -0.1297
v  0.1316 -0.6246 -0.1294
v  0.1314 -0.6272 -0.1137
v  0.1327 -0.6272 -0.1137
v  0.1326 -0.6288 -0.1169
v  0.1313 -0.6289 -0.1168
v  0.1635 0.0008 -0.1445
v  0.1293 -0.6129 -0.1387
v  0.1288 -0.6128 -0.1378
v  0.1630 0.0008 -0.1434
v  0.1373 -0.6180 -0.1346
v  0.1371 -0.6225 -0.1330
v  0.1378 -0.6183 -0.1354
v  0.1306 -0.6213 -0.1086
v  0.1304 -0.6249 -0.1107
v  0.1280 -0.6267 -0.1092
v  0.1283 -0.6226 -0.1067
v  0.1318 -0.6195 -0.1007
v  0.1306 -0.6193 -0.1011
v  0.1303 -0.6253 -0.1031
v  0.1314 -0.6256 -0.1028
v  0.1366 -0.6177 -0.1066
v  0.1369 -0.6129 -0.1061
v  0.1376 -0.6130 -0.1053
v  0.1373 -0.6180 -0.1059
v  0.1369 -0.6129 -0.1344
v  0.1710 0.0004 -0.1388
v  0.1701 0.0004 -0.1381
v  0.1359 -0.6128 -0.1338
v  0.1365 -0.6319 -0.1202
v  0.1358 -0.6309 -0.1202
v  0.1359 -0.6303 -0.1166
v  0.1366 -0.6313 -0.1164
v  0.1664 0.0006 -0.1029
v  0.1322 -0.6126 -0.1070
v  0.1370 -0.6325 -0.1115
v  0.1372 -0.6315 -0.1119
v  0.1374 -0.6281 -0.1085
v  0.1372 -0.6289 -0.1078
v  0.1293 -0.6126 -0.1351
v  0.1301 -0.6126 -0.1343
v  0.1635 0.0008 -0.1398
v  0.1643 0.0007 -0.1388
v  0.1332 -0.6172 -0.1328
v  0.1320 -0.6172 -0.1329
v  0.1364 -0.6194 -0.1388
v  0.1361 -0.6253 -0.1368
v  0.1351 -0.6256 -0.1373
v  0.1354 -0.6196 -0.1394
v  0.1363 -0.6358 -0.1250
v  0.1368 -0.6347 -0.1247
v  0.1368 -0.6355 -0.1202
v  0.1362 -0.6366 -0.1202
v  0.1368 -0.6133 -0.1395
v  0.1710 0.0004 -0.1456
v  0.1355 -0.6366 -0.1252
v  0.1356 -0.6342 -0.1298
v  0.1364 -0.6334 -0.1294
v  0.1376 -0.6237 -0.1058
v  0.1375 -0.6231 -0.1066
v  0.1378 -0.6183 -0.1050
v  0.1379 -0.6187 -0.1041
v  0.1333 -0.6377 -0.1150
v  0.1332 -0.6386 -0.1202
v  0.1344 -0.6382 -0.1202
v  0.1344 -0.6373 -0.1151
v  0.1372 -0.6289 -0.1326
v  0.1370 -0.6325 -0.1290
v  0.1366 -0.6297 -0.1332
v  0.1346 -0.6348 -0.1300
v  0.1334 -0.6351 -0.1302
v  0.1336 -0.6311 -0.1344
v  0.1348 -0.6308 -0.1342
v  0.1327 -0.6258 -0.1027
v  0.1330 -0.6196 -0.1006
v  0.1369 -0.6249 -0.1042
v  0.1372 -0.6192 -0.1023
v  0.1364 -0.6194 -0.1016
v  0.1361 -0.6253 -0.1036
v  0.1308 -0.6375 -0.1254
v  0.1309 -0.6350 -0.1302
v  0.1321 -0.6352 -0.1303
v  0.1320 -0.6378 -0.1254
v  0.1373 -0.6273 -0.1091
v  0.1366 -0.6177 -0.1338
v  0.1363 -0.6220 -0.1324
v  0.1300 -0.6305 -0.1341
v  0.1298 -0.6345 -0.1300
v  0.1630 0.0008 -0.0995
v  0.1293 -0.6126 -0.1054
v  0.1288 -0.6126 -0.1045
v  0.1635 0.0008 -0.1007
v  0.1332 -0.6172 -0.1077
v  0.1330 -0.6212 -0.1090
v  0.1318 -0.6212 -0.1089
v  0.1320 -0.6172 -0.1075
v  0.1359 -0.6128 -0.1067
v  0.1701 0.0004 -0.1024
v  0.1290 -0.6176 -0.1345
v  0.1298 -0.6174 -0.1338
v  0.1327 -0.6272 -0.1267
v  0.1314 -0.6272 -0.1267
v  0.1313 -0.6289 -0.1236
v  0.1326 -0.6288 -0.1236
v  0.1313 -0.6295 -0.1202
v  0.1326 -0.6294 -0.1202
v  0.1358 -0.6303 -0.1067
v  0.1366 -0.6297 -0.1072
v  0.1311 -0.6126 -0.1337
v  0.1653 0.0007 -0.1380
v  0.1710 0.0004 -0.1016
v  0.1290 -0.6176 -0.1059
v  0.1285 -0.6178 -0.1051
v  0.1371 -0.6336 -0.1159
v  0.1370 -0.6324 -0.1162
v  0.1371 -0.6304 -0.1124
v  0.1283 -0.6181 -0.1363
v  0.1285 -0.6178 -0.1354
v  0.1288 -0.6126 -0.1359
v  0.1286 -0.6127 -0.1369
v  0.1375 -0.6133 -0.1388
v  0.1377 -0.6190 -0.1372
v  0.1372 -0.6192 -0.1381
v  0.1380 -0.6133 -0.1379
v  0.1321 -0.6132 -0.1000
v  0.1664 0.0006 -0.0936
v  0.1652 0.0007 -0.0941
v  0.1310 -0.6131 -0.1004
v  0.1345 -0.6173 -0.1075
v  0.1342 -0.6213 -0.1089
v  0.1346 -0.6133 -0.1000
v  0.1688 0.0005 -0.0936
v  0.1676 0.0006 -0.0934
v  0.1334 -0.6132 -0.0999
v  0.1352 -0.6251 -0.1297
v  0.1341 -0.6247 -0.1295
v  0.1339 -0.6274 -0.1267
v  0.1350 -0.6279 -0.1269
v  0.1377 -0.6190 -0.1032
v  0.1374 -0.6243 -0.1050
v  0.1339 -0.6258 -0.1376
v  0.1298 -0.6174 -0.1066
v  0.1379 -0.6187 -0.1363
v  0.1308 -0.6172 -0.1332
v  0.1328 -0.6246 -0.1111
v  0.1316 -0.6246 -0.1110
v  0.1344 -0.6373 -0.1253
v  0.1333 -0.6377 -0.1254
v  0.1298 -0.6345 -0.1104
v  0.1288 -0.6338 -0.1107
v  0.1287 -0.6362 -0.1153
v  0.1296 -0.6370 -0.1151
v  0.1296 -0.6370 -0.1253
v  0.1307 -0.6384 -0.1202
v  0.1296 -0.6379 -0.1202
v  0.1676 0.0006 -0.1470
v  0.1334 -0.6132 -0.1406
v  0.1296 -0.6216 -0.1324
v  0.1343 -0.6196 -0.1007
v  0.1276 -0.6342 -0.1247
v  0.1275 -0.6330 -0.1245
v  0.1276 -0.6309 -0.1285
v  0.1277 -0.6319 -0.1289
v  0.1351 -0.6256 -0.1031
v  0.1338 -0.6290 -0.1236
v  0.1286 -0.6244 -0.1043
v  0.1289 -0.6188 -0.1024
v  0.1285 -0.6185 -0.1032
v  0.1282 -0.6238 -0.1050
v  0.1330 -0.6212 -0.1314
v  0.1354 -0.6216 -0.1085
v  0.1356 -0.6175 -0.1072
v  0.1367 -0.6294 -0.1128
v  0.1369 -0.6264 -0.1098
v  0.1723 0.0003 -0.1410
v  0.1376 -0.6130 -0.1351
v  0.1381 -0.6131 -0.1360
v  0.1718 0.0004 -0.1398
v  0.1311 -0.6309 -0.1060
v  0.1300 -0.6305 -0.1063
v  0.1309 -0.6350 -0.1102
v  0.1718 0.0004 -0.1446
v  0.1345 -0.6173 -0.1329
v  0.1347 -0.6127 -0.1334
v  0.1358 -0.6303 -0.1338
v  0.1302 -0.6276 -0.1269
v  0.1342 -0.6213 -0.1316
v  0.1642 0.0007 -0.0949
v  0.1293 -0.6129 -0.1017
v  0.1300 -0.6130 -0.1010
v  0.1635 0.0008 -0.0959
v  0.1341 -0.6247 -0.1110
v  0.1352 -0.6251 -0.1107
v  0.1382 -0.6132 -0.1369
v  0.1360 -0.6285 -0.1132
v  0.1361 -0.6257 -0.1103
v  0.1328 -0.6246 -0.1294
v  0.1280 -0.6361 -0.1202
v  0.1280 -0.6353 -0.1155
v  0.1276 -0.6342 -0.1157
v  0.1276 -0.6349 -0.1202
v  0.1292 -0.6281 -0.1272
v  0.1291 -0.6299 -0.1238
v  0.1302 -0.6293 -0.1237
v  0.1287 -0.6371 -0.1202
v  0.1283 -0.6292 -0.1072
v  0.1279 -0.6284 -0.1079
v  0.1277 -0.6319 -0.1115
v  0.1281 -0.6329 -0.1111
v  0.1324 -0.6311 -0.1059
v  0.1321 -0.6352 -0.1101
v  0.1338 -0.6290 -0.1168
v  0.1339 -0.6274 -0.1137
v  0.1277 -0.6319 -0.1162
v  0.1279 -0.6299 -0.1124
v  0.1284 -0.6289 -0.1129
v  0.1283 -0.6308 -0.1164
v  0.1277 -0.6319 -0.1242
v  0.1279 -0.6299 -0.1280
v  0.1276 -0.6309 -0.1120
v  0.1275 -0.6330 -0.1159
v  0.1288 -0.6128 -0.1026
v  0.1285 -0.6185 -0.1372
v  0.1279 -0.6284 -0.1326
v  0.1278 -0.6276 -0.1319
v  0.1302 -0.6293 -0.1167
v  0.1302 -0.6276 -0.1135
v  0.1311 -0.6126 -0.1067
v  0.1643 0.0007 -0.1017
v  0.1653 0.0007 -0.1024
v  0.1301 -0.6126 -0.1061
v  0.1339 -0.6258 -0.1028
v  0.1308 -0.6375 -0.1150
v  0.1308 -0.6172 -0.1072
v  0.1350 -0.6279 -0.1135
v  0.1291 -0.6305 -0.1202
v  0.1301 -0.6298 -0.1202
v  0.1368 -0.6133 -0.1009
v  0.1710 0.0004 -0.0948
v  0.1700 0.0004 -0.0941
v  0.1358 -0.6133 -0.1003
v  0.1300 -0.6130 -0.1395
v  0.1310 -0.6131 -0.1401
v  0.1689 0.0005 -0.1376
v  0.1723 0.0003 -0.0994
v  0.1381 -0.6131 -0.1044
v  0.1718 0.0004 -0.1006
v  0.1369 -0.6249 -0.1362
v  0.1354 -0.6196 -0.1011
v  0.1283 -0.6226 -0.1338
v  0.1281 -0.6232 -0.1346
v  0.1280 -0.6267 -0.1312
v  0.1324 -0.6311 -0.1345
v  0.1311 -0.6309 -0.1344
v  0.1371 -0.6304 -0.1280
v  0.1372 -0.6315 -0.1285
v  0.1343 -0.6196 -0.1397
v  0.1294 -0.6253 -0.1301
v  0.1371 -0.6225 -0.1074
v  0.1363 -0.6220 -0.1080
v  0.1368 -0.6347 -0.1157
v  0.1327 -0.6258 -0.1377
v  0.1314 -0.6256 -0.1376
v  0.1356 -0.6175 -0.1333
v  0.1354 -0.6216 -0.1319
v  0.1355 -0.6366 -0.1153
v  0.1354 -0.6375 -0.1202
v  0.1284 -0.6289 -0.1276
v  0.1283 -0.6308 -0.1240
v  0.1630 0.0008 -0.0970
v  0.1286 -0.6127 -0.1035
v  0.1628 0.0008 -0.0983
v  0.1278 -0.6276 -0.1085
v  0.1630 0.0008 -0.1409
v  0.1297 -0.6191 -0.1017
v  0.1293 -0.6249 -0.1036
v  0.1722 0.0003 -0.1435
v  0.1366 -0.6313 -0.1240
v  0.1367 -0.6294 -0.1276
v  0.1360 -0.6285 -0.1272
v  0.1359 -0.6303 -0.1238
v  0.1283 -0.6181 -0.1042
v  0.1361 -0.6257 -0.1301
v  0.1369 -0.6264 -0.1307
v  0.1370 -0.6324 -0.1243
v  0.1371 -0.6336 -0.1245
v  0.1282 -0.6238 -0.1354
v  0.1374 -0.6243 -0.1354
v  0.1356 -0.6342 -0.1107
v  0.1364 -0.6334 -0.1110
v  0.1275 -0.6337 -0.1202
v  0.1277 -0.6325 -0.1202
v  0.1291 -0.6300 -0.1067
v  0.1363 -0.6358 -0.1155
v  0.1281 -0.6232 -0.1059
v  0.1349 -0.6301 -0.1202
v  0.1349 -0.6296 -0.1167
v  0.1349 -0.6296 -0.1237
v  0.1338 -0.6296 -0.1202
v  0.1370 -0.6331 -0.1202
v  0.1370 -0.6343 -0.1202
v  0.1724 0.0003 -0.1422
v  0.1283 -0.6314 -0.1202
v  0.1288 -0.6221 -0.1330
v  0.1286 -0.6260 -0.1306
v  0.1722 0.0003 -0.0970
v  0.1380 -0.6133 -0.1025
v  0.1382 -0.6132 -0.1035
v  0.1724 0.0003 -0.0982
v  0.1320 -0.6386 -0.1202
v  0.1291 -0.6299 -0.1166
v  0.1375 -0.6133 -0.1017
v  0.1718 0.0004 -0.0958
v  0.1628 0.0008 -0.1421
v  0.1320 -0.6378 -0.1150
v  0.1330 -0.6196 -0.1398
v  0.1642 0.0007 -0.1455
v  0.1652 0.0007 -0.1463
v  0.1292 -0.6281 -0.1132
v  0.1318 -0.6195 -0.1397
v  0.1321 -0.6132 -0.1404
v  0.1664 0.0006 -0.1468
v  0.1289 -0.6188 -0.1380
v  0.1329 -0.7099 -0.0590
v  0.1329 -0.7196 -0.0577
v  0.1329 -0.7293 -0.0590
v  0.1329 -0.7009 -0.0627
v  0.1329 -0.6932 -0.0687
v  0.1329 -0.7383 -0.0627
v  0.1329 -0.7461 -0.0687
v  0.1329 -0.6872 -0.0764
v  0.1329 -0.7520 -0.0764
v  0.1329 -0.6835 -0.0855
v  0.1329 -0.7557 -0.0855
v  0.1329 -0.6822 -0.0951
v  0.1329 -0.7570 -0.0951
v  0.1329 -0.6835 -0.1048
v  0.1329 -0.7557 -0.1048
v  0.1329 -0.6872 -0.1138
v  0.1329 -0.7520 -0.1138
v  0.1329 -0.6932 -0.1216
v  0.1329 -0.7461 -0.1216
v  0.1329 -0.7009 -0.1275
v  0.1329 -0.7099 -0.1313
v  0.1329 -0.7383 -0.1275
v  0.1329 -0.7196 -0.1325
v  0.1329 -0.7293 -0.1313
v  0.1263 -0.7196 -0.0561
v  0.1263 -0.7095 -0.0575
v  0.1263 -0.7391 -0.0614
v  0.1263 -0.7297 -0.0575
v  0.1263 -0.7001 -0.0614
v  0.1263 -0.7472 -0.0676
v  0.1263 -0.7534 -0.0756
v  0.1263 -0.6920 -0.0676
v  0.1263 -0.6819 -0.0850
v  0.1263 -0.6858 -0.0756
v  0.1263 -0.7586 -0.0951
v  0.1263 -0.7573 -0.0850
v  0.1263 -0.7573 -0.1052
v  0.1263 -0.6806 -0.0951
v  0.1263 -0.6819 -0.1052
v  0.1263 -0.7534 -0.1146
v  0.1263 -0.6920 -0.1227
v  0.1263 -0.6858 -0.1146
v  0.1263 -0.7391 -0.1289
v  0.1263 -0.7472 -0.1227
v  0.1263 -0.7297 -0.1328
v  0.1263 -0.7001 -0.1289
v  0.1263 -0.7095 -0.1328
v  0.1263 -0.7196 -0.1341
v  0.1329 -0.7097 -0.1321
v  0.1329 -0.7196 -0.1334
v  0.1328 -0.7196 -0.1336
v  0.1328 -0.7096 -0.1323
v  0.1329 -0.7388 -0.0620
v  0.1329 -0.7295 -0.0581
v  0.1328 -0.7296 -0.0579
v  0.1328 -0.7389 -0.0618
v  0.1320 -0.7472 -0.0676
v  0.1320 -0.7391 -0.0614
v  0.1318 -0.7391 -0.0614
v  0.1318 -0.7472 -0.0676
v  0.1318 -0.7196 -0.1341
v  0.1318 -0.7095 -0.1328
v  0.1320 -0.7095 -0.1328
v  0.1320 -0.7196 -0.1341
v  0.1320 -0.7586 -0.0951
v  0.1318 -0.7586 -0.0951
v  0.1318 -0.7573 -0.1052
v  0.1320 -0.7573 -0.1052
v  0.1324 -0.6922 -0.1226
v  0.1323 -0.6921 -0.1226
v  0.1323 -0.6859 -0.1146
v  0.1324 -0.6860 -0.1145
v  0.1318 -0.7095 -0.0575
v  0.1318 -0.7001 -0.0614
v  0.1329 -0.7579 -0.0951
v  0.1329 -0.7566 -0.0852
v  0.1328 -0.7568 -0.0852
v  0.1328 -0.7581 -0.0951
v  0.1320 -0.7297 -0.1328
v  0.1323 -0.7297 -0.1327
v  0.1323 -0.7391 -0.1288
v  0.1320 -0.7391 -0.1289
v  0.1328 -0.7468 -0.0679
v  0.1329 -0.7467 -0.0680
v  0.1328 -0.6863 -0.0759
v  0.1328 -0.6924 -0.0679
v  0.1329 -0.6925 -0.0680
v  0.1329 -0.6864 -0.0760
v  0.1329 -0.7005 -0.0620
v  0.1328 -0.7004 -0.0618
v  0.1328 -0.7529 -0.0759
v  0.1326 -0.7531 -0.0758
v  0.1326 -0.7570 -0.0851
v  0.1329 -0.6815 -0.0951
v  0.1329 -0.6828 -0.0853
v  0.1329 -0.6830 -0.0853
v  0.1329 -0.6817 -0.0951
v  0.1326 -0.7196 -0.1338
v  0.1326 -0.7096 -0.1325
v  0.1329 -0.7575 -0.0951
v  0.1329 -0.7562 -0.0853
v  0.1329 -0.7564 -0.0853
v  0.1329 -0.7577 -0.0951
v  0.1328 -0.7004 -0.1285
v  0.1329 -0.7005 -0.1283
v  0.1318 -0.6858 -0.1146
v  0.1318 -0.6819 -0.1052
v  0.1326 -0.6861 -0.0758
v  0.1326 -0.6923 -0.0678
v  0.1326 -0.7003 -0.1286
v  0.1324 -0.7002 -0.1287
v  0.1326 -0.6923 -0.1225
v  0.1318 -0.7534 -0.0756
v  0.1320 -0.7534 -0.0756
v  0.1329 -0.7464 -0.0684
v  0.1329 -0.7465 -0.0682
v  0.1329 -0.7526 -0.0761
v  0.1329 -0.7524 -0.0762
v  0.1329 -0.7196 -0.1330
v  0.1329 -0.7294 -0.1317
v  0.1329 -0.7295 -0.1319
v  0.1329 -0.7196 -0.1332
v  0.1329 -0.6866 -0.0761
v  0.1329 -0.6868 -0.0762
v  0.1326 -0.7531 -0.1145
v  0.1324 -0.7532 -0.1145
v  0.1324 -0.7470 -0.1226
v  0.1326 -0.7469 -0.1225
v  0.1329 -0.7528 -0.0760
v  0.1320 -0.7095 -0.0575
v  0.1320 -0.7001 -0.0614
v  0.1329 -0.7465 -0.1221
v  0.1329 -0.7526 -0.1142
v  0.1329 -0.7528 -0.1143
v  0.1329 -0.7467 -0.1222
v  0.1324 -0.7296 -0.0576
v  0.1324 -0.7196 -0.0563
v  0.1323 -0.7196 -0.0562
v  0.1323 -0.7297 -0.0575
v  0.1323 -0.7095 -0.1327
v  0.1323 -0.7196 -0.1340
v  0.1328 -0.7568 -0.1051
v  0.1328 -0.7529 -0.1144
v  0.1329 -0.7566 -0.1050
v  0.1329 -0.7097 -0.0581
v  0.1329 -0.7196 -0.0568
v  0.1329 -0.7196 -0.0570
v  0.1329 -0.7097 -0.0583
v  0.1320 -0.6820 -0.1052
v  0.1323 -0.6820 -0.1052
v  0.1320 -0.6859 -0.1146
v  0.1329 -0.7006 -0.1281
v  0.1329 -0.6925 -0.1222
v  0.1329 -0.6927 -0.1221
v  0.1323 -0.6807 -0.0951
v  0.1320 -0.6806 -0.0951
v  0.1320 -0.6820 -0.0850
v  0.1323 -0.6820 -0.0851
v  0.1318 -0.7573 -0.0850
v  0.1320 -0.7573 -0.0850
v  0.1318 -0.6806 -0.0951
v  0.1320 -0.7534 -0.1146
v  0.1318 -0.7534 -0.1146
v  0.1329 -0.7386 -0.0621
v  0.1323 -0.7095 -0.0575
v  0.1320 -0.7196 -0.0562
v  0.1318 -0.7472 -0.1227
v  0.1320 -0.7297 -0.0575
v  0.1324 -0.7390 -0.0615
v  0.1326 -0.7389 -0.0616
v  0.1326 -0.7296 -0.0578
v  0.1326 -0.7296 -0.1325
v  0.1324 -0.7296 -0.1326
v  0.1324 -0.7196 -0.1339
v  0.1329 -0.6813 -0.0951
v  0.1329 -0.6826 -0.0852
v  0.1320 -0.6920 -0.1227
v  0.1328 -0.7389 -0.1285
v  0.1328 -0.7468 -0.1224
v  0.1326 -0.7389 -0.1286
v  0.1326 -0.6823 -0.1051
v  0.1328 -0.6824 -0.1051
v  0.1328 -0.6863 -0.1144
v  0.1326 -0.6861 -0.1145
v  0.1329 -0.7295 -0.0583
v  0.1318 -0.6920 -0.1227
v  0.1318 -0.7001 -0.1289
v  0.1326 -0.7003 -0.0616
v  0.1324 -0.7002 -0.0615
v  0.1324 -0.7096 -0.0576
v  0.1326 -0.7096 -0.0578
v  0.1323 -0.7001 -0.0614
v  0.1323 -0.6921 -0.0676
v  0.1320 -0.6920 -0.0676
v  0.1329 -0.6927 -0.0682
v  0.1329 -0.7006 -0.0621
v  0.1324 -0.6821 -0.0851
v  0.1324 -0.6808 -0.0951
v  0.1318 -0.7297 -0.0575
v  0.1318 -0.7196 -0.0561
v  0.1320 -0.6859 -0.0756
v  0.1318 -0.6819 -0.0850
v  0.1318 -0.6858 -0.0756
v  0.1329 -0.7097 -0.1319
v  0.1329 -0.7098 -0.1317
v  0.1328 -0.6924 -0.1224
v  0.1329 -0.7564 -0.1050
v  0.1326 -0.7469 -0.0678
v  0.1324 -0.7470 -0.0677
v  0.1324 -0.7532 -0.0757
v  0.1324 -0.7571 -0.1052
v  0.1323 -0.7572 -0.1052
v  0.1323 -0.7533 -0.1146
v  0.1326 -0.7570 -0.1051
v  0.1320 -0.7472 -0.1227
v  0.1329 -0.6826 -0.1050
v  0.1329 -0.6864 -0.1143
v  0.1328 -0.6824 -0.0852
v  0.1326 -0.7583 -0.0951
v  0.1329 -0.7196 -0.0573
v  0.1329 -0.7098 -0.0585
v  0.1329 -0.7007 -0.0623
v  0.1329 -0.6928 -0.0684
v  0.1329 -0.6830 -0.1049
v  0.1329 -0.6868 -0.1141
v  0.1329 -0.6928 -0.1219
v  0.1329 -0.7007 -0.1279
v  0.1329 -0.7385 -0.1279
v  0.1329 -0.7464 -0.1219
v  0.1329 -0.7524 -0.1141
v  0.1329 -0.7562 -0.1049
v  0.1329 -0.7385 -0.0623
v  0.1329 -0.7294 -0.0585
v  0.1326 -0.7196 -0.0565
v  0.1328 -0.7196 -0.0566
v  0.1328 -0.7096 -0.0579
v  0.1329 -0.6866 -0.1142
v  0.1324 -0.7390 -0.1287
v  0.1318 -0.7391 -0.1289
v  0.1323 -0.6859 -0.0757
v  0.1328 -0.6811 -0.0951
v  0.1318 -0.7297 -0.1328
v  0.1320 -0.7001 -0.1289
v  0.1323 -0.7471 -0.1226
v  0.1323 -0.7391 -0.0614
v  0.1329 -0.6828 -0.1050
v  0.1318 -0.6920 -0.0676
v  0.1323 -0.7471 -0.0676
v  0.1329 -0.7295 -0.1321
v  0.1329 -0.7386 -0.1281
v  0.1329 -0.7388 -0.1283
v  0.1323 -0.7585 -0.0951
v  0.1324 -0.7584 -0.0951
v  0.1324 -0.7571 -0.0851
v  0.1323 -0.7572 -0.0851
v  0.1328 -0.7296 -0.1323
v  0.1324 -0.6922 -0.0677
v  0.1324 -0.6860 -0.0757
v  0.1323 -0.7533 -0.0757
v  0.1324 -0.6821 -0.1052
v  0.1324 -0.7096 -0.1326
v  0.1326 -0.6809 -0.0951
v  0.1326 -0.6823 -0.0851
v  0.1323 -0.7001 -0.1288
v  0.1320 -0.6127 0.1132
v  0.1662 0.0006 0.1091
v  0.1649 0.0006 0.1090
v  0.1307 -0.6126 0.1131
v  0.1332 -0.6127 0.1395
v  0.1662 0.0006 0.1435
v  0.1674 0.0005 0.1437
v  0.1320 -0.6127 0.1394
v  0.1343 -0.6133 0.1064
v  0.1673 0.0005 0.0997
v  0.1685 0.0004 0.1002
v  0.1331 -0.6133 0.1061
v  0.1272 -0.6362 0.1214
v  0.1265 -0.6353 0.1216
v  0.1266 -0.6329 0.1171
v  0.1273 -0.6338 0.1168
v  0.1275 -0.6300 0.1128
v  0.1268 -0.6292 0.1133
v  0.1271 -0.6244 0.1104
v  0.1278 -0.6249 0.1097
v  0.1321 -0.6311 0.1405
v  0.1319 -0.6351 0.1363
v  0.1331 -0.6348 0.1361
v  0.1333 -0.6308 0.1402
v  0.1282 -0.6191 0.1077
v  0.1291 -0.6193 0.1072
v  0.1288 -0.6253 0.1092
v  0.1271 -0.6260 0.1367
v  0.1273 -0.6221 0.1391
v  0.1281 -0.6216 0.1384
v  0.1279 -0.6253 0.1362
v  0.1361 -0.6237 0.1119
v  0.1360 -0.6231 0.1127
v  0.1358 -0.6273 0.1152
v  0.1359 -0.6281 0.1146
v  0.1303 -0.6212 0.1150
v  0.1291 -0.6213 0.1147
v  0.1289 -0.6249 0.1168
v  0.1301 -0.6246 0.1171
v  0.1299 -0.6272 0.1328
v  0.1312 -0.6272 0.1328
v  0.1311 -0.6288 0.1296
v  0.1298 -0.6289 0.1297
v  0.1620 0.0008 0.1020
v  0.1277 -0.6129 0.1078
v  0.1273 -0.6128 0.1087
v  0.1615 0.0008 0.1031
v  0.1358 -0.6180 0.1120
v  0.1356 -0.6225 0.1135
v  0.1363 -0.6183 0.1111
v  0.1291 -0.6213 0.1379
v  0.1289 -0.6249 0.1358
v  0.1265 -0.6267 0.1373
v  0.1268 -0.6226 0.1399
v  0.1303 -0.6195 0.1458
v  0.1291 -0.6193 0.1454
v  0.1288 -0.6253 0.1434
v  0.1299 -0.6256 0.1437
v  0.1351 -0.6177 0.1399
v  0.1353 -0.6129 0.1405
v  0.1361 -0.6130 0.1412
v  0.1358 -0.6180 0.1407
v  0.1353 -0.6129 0.1122
v  0.1695 0.0004 0.1077
v  0.1686 0.0004 0.1085
v  0.1344 -0.6128 0.1127
v  0.1350 -0.6319 0.1263
v  0.1343 -0.6309 0.1263
v  0.1344 -0.6303 0.1299
v  0.1351 -0.6313 0.1301
v  0.1649 0.0006 0.1436
v  0.1307 -0.6126 0.1395
v  0.1355 -0.6325 0.1351
v  0.1357 -0.6315 0.1346
v  0.1359 -0.6281 0.1380
v  0.1357 -0.6289 0.1387
v  0.1278 -0.6126 0.1115
v  0.1286 -0.6126 0.1122
v  0.1620 0.0008 0.1068
v  0.1628 0.0007 0.1078
v  0.1317 -0.6172 0.1138
v  0.1305 -0.6172 0.1136
v  0.1349 -0.6194 0.1077
v  0.1346 -0.6253 0.1097
v  0.1336 -0.6256 0.1092
v  0.1339 -0.6196 0.1072
v  0.1348 -0.6358 0.1216
v  0.1353 -0.6347 0.1218
v  0.1353 -0.6355 0.1263
v  0.1347 -0.6366 0.1263
v  0.1353 -0.6133 0.1070
v  0.1695 0.0004 0.1009
v  0.1340 -0.6366 0.1214
v  0.1341 -0.6342 0.1168
v  0.1349 -0.6334 0.1171
v  0.1361 -0.6237 0.1407
v  0.1360 -0.6231 0.1399
v  0.1363 -0.6183 0.1415
v  0.1364 -0.6187 0.1424
v  0.1317 -0.6377 0.1315
v  0.1317 -0.6386 0.1263
v  0.1329 -0.6382 0.1263
v  0.1329 -0.6373 0.1314
v  0.1357 -0.6289 0.1139
v  0.1355 -0.6325 0.1176
v  0.1351 -0.6297 0.1133
v  0.1331 -0.6348 0.1165
v  0.1319 -0.6351 0.1163
v  0.1321 -0.6311 0.1121
v  0.1333 -0.6308 0.1124
v  0.1312 -0.6258 0.1438
v  0.1315 -0.6196 0.1459
v  0.1354 -0.6249 0.1423
v  0.1357 -0.6192 0.1442
v  0.1349 -0.6194 0.1449
v  0.1346 -0.6253 0.1429
v  0.1293 -0.6375 0.1211
v  0.1294 -0.6350 0.1163
v  0.1306 -0.6352 0.1162
v  0.1305 -0.6378 0.1211
v  0.1358 -0.6273 0.1374
v  0.1351 -0.6177 0.1127
v  0.1348 -0.6220 0.1141
v  0.1285 -0.6305 0.1124
v  0.1283 -0.6345 0.1165
v  0.1615 0.0008 0.1470
v  0.1278 -0.6126 0.1412
v  0.1273 -0.6126 0.1420
v  0.1620 0.0008 0.1458
v  0.1317 -0.6172 0.1389
v  0.1315 -0.6212 0.1375
v  0.1303 -0.6212 0.1376
v  0.1305 -0.6172 0.1390
v  0.1344 -0.6128 0.1399
v  0.1686 0.0004 0.1441
v  0.1275 -0.6176 0.1120
v  0.1283 -0.6174 0.1127
v  0.1312 -0.6272 0.1198
v  0.1299 -0.6272 0.1198
v  0.1298 -0.6289 0.1229
v  0.1311 -0.6288 0.1230
v  0.1298 -0.6295 0.1263
v  0.1310 -0.6294 0.1263
v  0.1343 -0.6303 0.1398
v  0.1351 -0.6297 0.1393
v  0.1296 -0.6126 0.1128
v  0.1638 0.0007 0.1085
v  0.1695 0.0004 0.1449
v  0.1275 -0.6176 0.1406
v  0.1270 -0.6178 0.1414
v  0.1356 -0.6336 0.1306
v  0.1355 -0.6324 0.1304
v  0.1356 -0.6304 0.1341
v  0.1268 -0.6181 0.1102
v  0.1270 -0.6178 0.1112
v  0.1273 -0.6126 0.1106
v  0.1271 -0.6127 0.1096
v  0.1360 -0.6133 0.1078
v  0.1362 -0.6190 0.1093
v  0.1357 -0.6192 0.1084
v  0.1365 -0.6133 0.1086
v  0.1306 -0.6132 0.1465
v  0.1648 0.0006 0.1529
v  0.1637 0.0007 0.1524
v  0.1295 -0.6131 0.1461
v  0.1330 -0.6173 0.1390
v  0.1327 -0.6213 0.1377
v  0.1331 -0.6133 0.1465
v  0.1673 0.0005 0.1529
v  0.1661 0.0006 0.1531
v  0.1319 -0.6132 0.1466
v  0.1337 -0.6251 0.1168
v  0.1325 -0.6247 0.1171
v  0.1324 -0.6274 0.1198
v  0.1335 -0.6279 0.1196
v  0.1362 -0.6190 0.1433
v  0.1359 -0.6243 0.1415
v  0.1324 -0.6258 0.1089
v  0.1283 -0.6174 0.1399
v  0.1364 -0.6187 0.1102
v  0.1293 -0.6172 0.1133
v  0.1313 -0.6246 0.1355
v  0.1301 -0.6246 0.1355
v  0.1329 -0.6373 0.1212
v  0.1317 -0.6377 0.1211
v  0.1283 -0.6345 0.1361
v  0.1273 -0.6338 0.1358
v  0.1272 -0.6362 0.1312
v  0.1281 -0.6370 0.1314
v  0.1281 -0.6370 0.1212
v  0.1292 -0.6384 0.1263
v  0.1281 -0.6379 0.1263
v  0.1661 0.0006 0.0995
v  0.1319 -0.6132 0.1060
v  0.1281 -0.6216 0.1142
v  0.1327 -0.6196 0.1458
v  0.1261 -0.6342 0.1218
v  0.1260 -0.6330 0.1220
v  0.1261 -0.6309 0.1181
v  0.1262 -0.6319 0.1176
v  0.1336 -0.6256 0.1434
v  0.1323 -0.6290 0.1229
v  0.1271 -0.6244 0.1422
v  0.1274 -0.6188 0.1441
v  0.1270 -0.6185 0.1433
v  0.1267 -0.6238 0.1415
v  0.1315 -0.6212 0.1151
v  0.1339 -0.6216 0.1380
v  0.1341 -0.6175 0.1393
v  0.1352 -0.6294 0.1337
v  0.1353 -0.6264 0.1368
v  0.1708 0.0003 0.1055
v  0.1361 -0.6130 0.1114
v  0.1366 -0.6131 0.1105
v  0.1703 0.0004 0.1067
v  0.1296 -0.6309 0.1405
v  0.1285 -0.6305 0.1402
v  0.1294 -0.6350 0.1363
v  0.1702 0.0004 0.1019
v  0.1330 -0.6173 0.1136
v  0.1332 -0.6127 0.1131
v  0.1343 -0.6303 0.1128
v  0.1287 -0.6276 0.1196
v  0.1327 -0.6213 0.1150
v  0.1627 0.0007 0.1516
v  0.1277 -0.6129 0.1448
v  0.1285 -0.6130 0.1456
v  0.1620 0.0008 0.1506
v  0.1325 -0.6247 0.1356
v  0.1337 -0.6251 0.1358
v  0.1367 -0.6132 0.1096
v  0.1345 -0.6285 0.1333
v  0.1346 -0.6257 0.1362
v  0.1313 -0.6246 0.1172
v  0.1265 -0.6361 0.1263
v  0.1265 -0.6353 0.1310
v  0.1261 -0.6342 0.1308
v  0.1260 -0.6349 0.1263
v  0.1277 -0.6281 0.1193
v  0.1276 -0.6299 0.1227
v  0.1286 -0.6293 0.1228
v  0.1271 -0.6371 0.1263
v  0.1268 -0.6292 0.1393
v  0.1264 -0.6284 0.1387
v  0.1262 -0.6319 0.1350
v  0.1266 -0.6329 0.1355
v  0.1309 -0.6311 0.1406
v  0.1306 -0.6352 0.1364
v  0.1323 -0.6290 0.1297
v  0.1324 -0.6274 0.1328
v  0.1262 -0.6319 0.1303
v  0.1263 -0.6299 0.1341
v  0.1269 -0.6289 0.1337
v  0.1268 -0.6308 0.1301
v  0.1262 -0.6319 0.1223
v  0.1263 -0.6299 0.1185
v  0.1261 -0.6309 0.1346
v  0.1260 -0.6330 0.1306
v  0.1273 -0.6128 0.1439
v  0.1270 -0.6185 0.1093
v  0.1264 -0.6284 0.1139
v  0.1263 -0.6276 0.1146
v  0.1286 -0.6293 0.1298
v  0.1287 -0.6276 0.1330
v  0.1296 -0.6126 0.1398
v  0.1628 0.0007 0.1449
v  0.1638 0.0007 0.1441
v  0.1286 -0.6126 0.1404
v  0.1324 -0.6258 0.1437
v  0.1293 -0.6375 0.1315
v  0.1293 -0.6172 0.1393
v  0.1335 -0.6279 0.1330
v  0.1276 -0.6305 0.1263
v  0.1286 -0.6298 0.1263
v  0.1353 -0.6133 0.1456
v  0.1695 0.0004 0.1517
v  0.1685 0.0004 0.1524
v  0.1343 -0.6133 0.1462
v  0.1285 -0.6130 0.1071
v  0.1295 -0.6131 0.1065
v  0.1674 0.0005 0.1090
v  0.1708 0.0003 0.1471
v  0.1366 -0.6131 0.1421
v  0.1703 0.0004 0.1459
v  0.1354 -0.6249 0.1103
v  0.1339 -0.6196 0.1455
v  0.1268 -0.6226 0.1128
v  0.1265 -0.6232 0.1119
v  0.1265 -0.6267 0.1153
v  0.1309 -0.6311 0.1120
v  0.1296 -0.6309 0.1121
v  0.1356 -0.6304 0.1185
v  0.1357 -0.6315 0.1180
v  0.1327 -0.6196 0.1068
v  0.1279 -0.6253 0.1164
v  0.1356 -0.6225 0.1391
v  0.1348 -0.6220 0.1385
v  0.1353 -0.6347 0.1308
v  0.1312 -0.6258 0.1088
v  0.1299 -0.6256 0.1089
v  0.1341 -0.6175 0.1133
v  0.1339 -0.6216 0.1146
v  0.1340 -0.6366 0.1312
v  0.1339 -0.6375 0.1263
v  0.1269 -0.6289 0.1190
v  0.1268 -0.6308 0.1225
v  0.1615 0.0008 0.1495
v  0.1271 -0.6127 0.1430
v  0.1613 0.0008 0.1482
v  0.1263 -0.6276 0.1380
v  0.1615 0.0008 0.1056
v  0.1282 -0.6191 0.1449
v  0.1278 -0.6249 0.1429
v  0.1707 0.0003 0.1031
v  0.1351 -0.6313 0.1225
v  0.1352 -0.6294 0.1189
v  0.1345 -0.6285 0.1193
v  0.1344 -0.6303 0.1227
v  0.1268 -0.6181 0.1424
v  0.1346 -0.6257 0.1164
v  0.1353 -0.6264 0.1159
v  0.1355 -0.6324 0.1223
v  0.1356 -0.6336 0.1220
v  0.1267 -0.6238 0.1111
v  0.1359 -0.6243 0.1111
v  0.1341 -0.6342 0.1359
v  0.1349 -0.6334 0.1355
v  0.1260 -0.6337 0.1263
v  0.1262 -0.6325 0.1263
v  0.1275 -0.6300 0.1398
v  0.1348 -0.6358 0.1311
v  0.1265 -0.6232 0.1407
v  0.1334 -0.6301 0.1263
v  0.1334 -0.6296 0.1298
v  0.1334 -0.6296 0.1228
v  0.1323 -0.6296 0.1263
v  0.1354 -0.6331 0.1263
v  0.1355 -0.6343 0.1263
v  0.1709 0.0003 0.1043
v  0.1268 -0.6314 0.1263
v  0.1273 -0.6221 0.1135
v  0.1271 -0.6260 0.1159
v  0.1707 0.0003 0.1496
v  0.1365 -0.6133 0.1440
v  0.1367 -0.6132 0.1430
v  0.1709 0.0003 0.1483
v  0.1304 -0.6386 0.1263
v  0.1276 -0.6299 0.1299
v  0.1360 -0.6133 0.1449
v  0.1702 0.0004 0.1507
v  0.1613 0.0008 0.1044
v  0.1305 -0.6378 0.1315
v  0.1315 -0.6196 0.1067
v  0.1627 0.0007 0.1010
v  0.1637 0.0007 0.1002
v  0.1277 -0.6281 0.1333
v  0.1303 -0.6195 0.1068
v  0.1306 -0.6132 0.1061
v  0.1648 0.0006 0.0997
v  0.1274 -0.6188 0.1085
v  0.1314 -0.7099 0.1855
v  0.1314 -0.7196 0.1868
v  0.1314 -0.7293 0.1855
v  0.1314 -0.7009 0.1817
v  0.1314 -0.6932 0.1758
v  0.1314 -0.7383 0.1817
v  0.1314 -0.7461 0.1758
v  0.1314 -0.6872 0.1681
v  0.1314 -0.7520 0.1681
v  0.1314 -0.6835 0.1590
v  0.1314 -0.7557 0.1590
v  0.1314 -0.6822 0.1493
v  0.1314 -0.7570 0.1493
v  0.1314 -0.6835 0.1397
v  0.1314 -0.7557 0.1397
v  0.1314 -0.6872 0.1306
v  0.1314 -0.7520 0.1306
v  0.1314 -0.6932 0.1229
v  0.1314 -0.7461 0.1229
v  0.1314 -0.7009 0.1170
v  0.1314 -0.7099 0.1132
v  0.1314 -0.7383 0.1170
v  0.1314 -0.7196 0.1119
v  0.1314 -0.7293 0.1132
v  0.1247 -0.7196 0.1883
v  0.1247 -0.7095 0.1870
v  0.1247 -0.7391 0.1831
v  0.1247 -0.7297 0.1870
v  0.1247 -0.7001 0.1831
v  0.1247 -0.7472 0.1769
v  0.1247 -0.7534 0.1688
v  0.1247 -0.6920 0.1769
v  0.1247 -0.6819 0.1594
v  0.1247 -0.6858 0.1688
v  0.1247 -0.7586 0.1493
v  0.1247 -0.7573 0.1594
v  0.1247 -0.7573 0.1393
v  0.1247 -0.6806 0.1493
v  0.1247 -0.6819 0.1393
v  0.1247 -0.7534 0.1298
v  0.1247 -0.6920 0.1218
v  0.1247 -0.6858 0.1298
v  0.1247 -0.7391 0.1156
v  0.1247 -0.7472 0.1218
v  0.1247 -0.7297 0.1117
v  0.1247 -0.7001 0.1156
v  0.1247 -0.7095 0.1117
v  0.1247 -0.7196 0.1104
v  0.1313 -0.7097 0.1123
v  0.1313 -0.7196 0.1110
v  0.1312 -0.7196 0.1108
v  0.1312 -0.7096 0.1122
v  0.1313 -0.7388 0.1825
v  0.1313 -0.7295 0.1863
v  0.1312 -0.7296 0.1865
v  0.1312 -0.7389 0.1827
v  0.1305 -0.7472 0.1769
v  0.1305 -0.7391 0.1831
v  0.1303 -0.7391 0.1831
v  0.1303 -0.7472 0.1769
v  0.1303 -0.7196 0.1104
v  0.1303 -0.7095 0.1117
v  0.1305 -0.7095 0.1117
v  0.1305 -0.7196 0.1104
v  0.1305 -0.7586 0.1493
v  0.1303 -0.7586 0.1493
v  0.1303 -0.7573 0.1393
v  0.1305 -0.7573 0.1393
v  0.1309 -0.6922 0.1219
v  0.1307 -0.6921 0.1218
v  0.1307 -0.6859 0.1299
v  0.1309 -0.6860 0.1299
v  0.1303 -0.7095 0.1870
v  0.1303 -0.7001 0.1831
v  0.1313 -0.7579 0.1493
v  0.1313 -0.7566 0.1593
v  0.1312 -0.7568 0.1593
v  0.1312 -0.7581 0.1493
v  0.1305 -0.7297 0.1117
v  0.1307 -0.7297 0.1118
v  0.1307 -0.7391 0.1156
v  0.1305 -0.7391 0.1156
v  0.1312 -0.7468 0.1766
v  0.1313 -0.7467 0.1764
v  0.1312 -0.6863 0.1686
v  0.1312 -0.6924 0.1766
v  0.1313 -0.6925 0.1764
v  0.1313 -0.6864 0.1685
v  0.1313 -0.7005 0.1825
v  0.1312 -0.7004 0.1827
v  0.1312 -0.7529 0.1686
v  0.1311 -0.7531 0.1687
v  0.1311 -0.7570 0.1594
v  0.1314 -0.6815 0.1493
v  0.1314 -0.6828 0.1592
v  0.1314 -0.6830 0.1591
v  0.1314 -0.6817 0.1493
v  0.1311 -0.7196 0.1107
v  0.1311 -0.7096 0.1120
v  0.1314 -0.7575 0.1493
v  0.1314 -0.7562 0.1591
v  0.1314 -0.7564 0.1592
v  0.1314 -0.7577 0.1493
v  0.1312 -0.7004 0.1160
v  0.1313 -0.7005 0.1162
v  0.1303 -0.6858 0.1298
v  0.1303 -0.6819 0.1393
v  0.1311 -0.6861 0.1687
v  0.1311 -0.6923 0.1767
v  0.1311 -0.7003 0.1159
v  0.1309 -0.7002 0.1157
v  0.1311 -0.6923 0.1220
v  0.1303 -0.7534 0.1688
v  0.1305 -0.7534 0.1688
v  0.1314 -0.7464 0.1761
v  0.1314 -0.7465 0.1763
v  0.1314 -0.7526 0.1684
v  0.1314 -0.7524 0.1683
v  0.1314 -0.7196 0.1115
v  0.1314 -0.7294 0.1128
v  0.1314 -0.7295 0.1126
v  0.1314 -0.7196 0.1113
v  0.1314 -0.6866 0.1684
v  0.1314 -0.6868 0.1683
v  0.1311 -0.7531 0.1300
v  0.1309 -0.7532 0.1299
v  0.1309 -0.7470 0.1219
v  0.1311 -0.7469 0.1220
v  0.1313 -0.7528 0.1685
v  0.1305 -0.7095 0.1870
v  0.1305 -0.7001 0.1831
v  0.1314 -0.7465 0.1224
v  0.1314 -0.7526 0.1303
v  0.1313 -0.7528 0.1302
v  0.1313 -0.7467 0.1223
v  0.1309 -0.7296 0.1868
v  0.1309 -0.7196 0.1882
v  0.1307 -0.7196 0.1883
v  0.1307 -0.7297 0.1869
v  0.1307 -0.7095 0.1118
v  0.1307 -0.7196 0.1104
v  0.1312 -0.7568 0.1394
v  0.1312 -0.7529 0.1301
v  0.1313 -0.7566 0.1394
v  0.1313 -0.7097 0.1863
v  0.1313 -0.7196 0.1877
v  0.1314 -0.7196 0.1874
v  0.1314 -0.7097 0.1861
v  0.1305 -0.6820 0.1393
v  0.1307 -0.6820 0.1393
v  0.1305 -0.6859 0.1299
v  0.1314 -0.7006 0.1164
v  0.1313 -0.6925 0.1223
v  0.1314 -0.6927 0.1224
v  0.1307 -0.6807 0.1493
v  0.1305 -0.6806 0.1493
v  0.1305 -0.6820 0.1594
v  0.1307 -0.6820 0.1594
v  0.1303 -0.7573 0.1594
v  0.1305 -0.7573 0.1594
v  0.1303 -0.6806 0.1493
v  0.1305 -0.7534 0.1299
v  0.1303 -0.7534 0.1298
v  0.1314 -0.7386 0.1823
v  0.1307 -0.7095 0.1869
v  0.1305 -0.7196 0.1883
v  0.1303 -0.7472 0.1218
v  0.1305 -0.7297 0.1870
v  0.1309 -0.7390 0.1830
v  0.1311 -0.7389 0.1828
v  0.1311 -0.7296 0.1867
v  0.1311 -0.7296 0.1120
v  0.1309 -0.7296 0.1119
v  0.1309 -0.7196 0.1105
v  0.1313 -0.6813 0.1493
v  0.1313 -0.6826 0.1593
v  0.1305 -0.6920 0.1218
v  0.1312 -0.7389 0.1160
v  0.1312 -0.7468 0.1221
v  0.1311 -0.7389 0.1159
v  0.1311 -0.6823 0.1393
v  0.1312 -0.6824 0.1394
v  0.1312 -0.6863 0.1301
v  0.1311 -0.6861 0.1300
v  0.1314 -0.7295 0.1861
v  0.1303 -0.6920 0.1218
v  0.1303 -0.7001 0.1156
v  0.1311 -0.7003 0.1828
v  0.1309 -0.7002 0.1830
v  0.1309 -0.7096 0.1868
v  0.1311 -0.7096 0.1867
v  0.1307 -0.7001 0.1830
v  0.1307 -0.6921 0.1769
v  0.1305 -0.6920 0.1769
v  0.1314 -0.6927 0.1763
v  0.1314 -0.7006 0.1823
v  0.1309 -0.6821 0.1594
v  0.1309 -0.6808 0.1493
v  0.1303 -0.7297 0.1870
v  0.1303 -0.7196 0.1883
v  0.1305 -0.6859 0.1688
v  0.1303 -0.6819 0.1594
v  0.1303 -0.6858 0.1688
v  0.1314 -0.7097 0.1126
v  0.1314 -0.7098 0.1128
v  0.1312 -0.6924 0.1221
v  0.1314 -0.7564 0.1395
v  0.1311 -0.7469 0.1767
v  0.1309 -0.7470 0.1768
v  0.1309 -0.7532 0.1688
v  0.1309 -0.7571 0.1393
v  0.1307 -0.7572 0.1393
v  0.1307 -0.7533 0.1299
v  0.1311 -0.7570 0.1393
v  0.1305 -0.7472 0.1218
v  0.1313 -0.6826 0.1394
v  0.1313 -0.6864 0.1302
v  0.1312 -0.6824 0.1593
v  0.1311 -0.7583 0.1493
v  0.1314 -0.7196 0.1872
v  0.1314 -0.7098 0.1859
v  0.1314 -0.7007 0.1821
v  0.1314 -0.6928 0.1761
v  0.1314 -0.6830 0.1395
v  0.1314 -0.6868 0.1304
v  0.1314 -0.6928 0.1226
v  0.1314 -0.7007 0.1165
v  0.1314 -0.7385 0.1165
v  0.1314 -0.7464 0.1226
v  0.1314 -0.7524 0.1304
v  0.1314 -0.7562 0.1395
v  0.1314 -0.7385 0.1821
v  0.1314 -0.7294 0.1859
v  0.1311 -0.7196 0.1880
v  0.1312 -0.7196 0.1878
v  0.1312 -0.7096 0.1865
v  0.1314 -0.6866 0.1303
v  0.1309 -0.7390 0.1157
v  0.1303 -0.7391 0.1156
v  0.1307 -0.6859 0.1688
v  0.1312 -0.6811 0.1493
v  0.1303 -0.7297 0.1117
v  0.1305 -0.7001 0.1156
v  0.1307 -0.7471 0.1218
v  0.1307 -0.7391 0.1830
v  0.1314 -0.6828 0.1395
v  0.1303 -0.6920 0.1769
v  0.1307 -0.7471 0.1769
v  0.1313 -0.7295 0.1123
v  0.1314 -0.7386 0.1164
v  0.1313 -0.7388 0.1162
v  0.1307 -0.7585 0.1493
v  0.1309 -0.7584 0.1493
v  0.1309 -0.7571 0.1594
v  0.1307 -0.7572 0.1594
v  0.1312 -0.7296 0.1122
v  0.1309 -0.6922 0.1768
v  0.1309 -0.6860 0.1688
v  0.1307 -0.7533 0.1688
v  0.1309 -0.6821 0.1393
v  0.1309 -0.7096 0.1119
v  0.1311 -0.6809 0.1493
v  0.1311 -0.6823 0.1594
v  0.1307 -0.7001 0.1156
v  0.1222 0.0013 0.1321
v  0.1203 0.0013 0.1323
v  0.1203 -0.6739 0.1323
v  0.1222 -0.6739 0.1321
v  0.1184 0.0013 0.1321
v  0.1184 -0.6739 0.1321
v  0.1166 -0.6739 0.1313
v  0.1203 -0.6739 0.1313
v  0.1240 -0.6739 0.1313
v  0.1151 -0.6739 0.1302
v  0.1187 -0.6739 0.1310
v  0.1159 -0.6739 0.1294
v  0.1172 -0.6739 0.1304
v  0.1139 -0.6739 0.1287
v  0.1149 -0.6739 0.1281
v  0.1132 -0.6739 0.1269
v  0.1143 -0.6739 0.1266
v  0.1130 -0.6739 0.1250
v  0.1140 -0.6739 0.1250
v  0.1132 -0.6739 0.1231
v  0.1143 -0.6739 0.1234
v  0.1139 -0.6739 0.1213
v  0.1149 -0.6739 0.1219
v  0.1151 -0.6739 0.1198
v  0.1159 -0.6739 0.1206
v  0.1172 -0.6739 0.1196
v  0.1166 -0.6739 0.1187
v  0.1203 -0.6739 0.1188
v  0.1187 -0.6739 0.1190
v  0.1219 -0.6739 0.1190
v  0.1240 -0.6739 0.1187
v  0.1255 -0.6739 0.1198
v  0.1234 -0.6739 0.1196
v  0.1266 -0.6739 0.1213
v  0.1247 -0.6739 0.1206
v  0.1274 -0.6739 0.1231
v  0.1257 -0.6739 0.1219
v  0.1276 -0.6739 0.1250
v  0.1263 -0.6739 0.1234
v  0.1263 -0.6739 0.1266
v  0.1265 -0.6739 0.1250
v  0.1257 -0.6739 0.1281
v  0.1274 -0.6739 0.1269
v  0.1247 -0.6739 0.1294
v  0.1266 -0.6739 0.1287
v  0.1234 -0.6739 0.1304
v  0.1255 -0.6739 0.1302
v  0.1219 -0.6739 0.1310
v  0.1184 -0.6739 0.1179
v  0.1222 -0.6739 0.1179
v  0.1203 -0.6739 0.1177
v  0.1130 0.0013 0.1250
v  0.1132 0.0013 0.1231
v  0.1255 0.0013 0.1302
v  0.1240 0.0013 0.1313
v  0.1274 0.0013 0.1231
v  0.1266 0.0013 0.1213
v  0.1274 0.0013 0.1269
v  0.1266 0.0013 0.1287
v  0.1276 0.0013 0.1250
v  0.1151 0.0013 0.1302
v  0.1139 0.0013 0.1287
v  0.1166 0.0013 0.1187
v  0.1184 0.0013 0.1179
v  0.1166 0.0013 0.1313
v  0.1203 0.0013 0.1177
v  0.1240 0.0013 0.1187
v  0.1255 0.0013 0.1198
v  0.1151 0.0013 0.1198
v  0.1139 0.0013 0.1213
v  0.1222 0.0013 0.1179
v  0.1132 0.0013 0.1269
v  0.1185 -0.7040 0.1240
v  0.1185 -0.6750 0.1240
v  0.1188 -0.6750 0.1235
v  0.1188 -0.7040 0.1235
v  0.1223 -0.6750 0.1245
v  0.1224 -0.6750 0.1250
v  0.1224 -0.7040 0.1250
v  0.1223 -0.7040 0.1245
v  0.1218 -0.7040 0.1235
v  0.1213 -0.7040 0.1232
v  0.1213 -0.6750 0.1232
v  0.1218 -0.6750 0.1235
v  0.1208 -0.7040 0.1230
v  0.1203 -0.7040 0.1229
v  0.1203 -0.6750 0.1229
v  0.1208 -0.6750 0.1230
v  0.1223 -0.7040 0.1255
v  0.1223 -0.6750 0.1255
v  0.1221 -0.6750 0.1260
v  0.1221 -0.7040 0.1260
v  0.1182 -0.7040 0.1250
v  0.1182 -0.6750 0.1250
v  0.1183 -0.6750 0.1245
v  0.1183 -0.7040 0.1245
v  0.1188 -0.7040 0.1265
v  0.1188 -0.6750 0.1265
v  0.1185 -0.6750 0.1260
v  0.1185 -0.7040 0.1260
v  0.1208 -0.6750 0.1270
v  0.1208 -0.7040 0.1270
v  0.1213 -0.7040 0.1268
v  0.1213 -0.6750 0.1268
v  0.1221 -0.7040 0.1240
v  0.1221 -0.6750 0.1240
v  0.1198 -0.6750 0.1270
v  0.1193 -0.6750 0.1268
v  0.1193 -0.7040 0.1268
v  0.1198 -0.7040 0.1270
v  0.1203 -0.7040 0.1271
v  0.1218 -0.7040 0.1265
v  0.1183 -0.7040 0.1255
v  0.1193 -0.7040 0.1232
v  0.1198 -0.7040 0.1230
v  0.1203 -0.6750 0.1304
v  0.1189 -0.6750 0.1302
v  0.1176 -0.6750 0.1297
v  0.1217 -0.6750 0.1302
v  0.1230 -0.6750 0.1297
v  0.1165 -0.6750 0.1288
v  0.1156 -0.6750 0.1277
v  0.1241 -0.6750 0.1288
v  0.1151 -0.6750 0.1264
v  0.1250 -0.6750 0.1277
v  0.1203 -0.6750 0.1271
v  0.1149 -0.6750 0.1250
v  0.1183 -0.6750 0.1255
v  0.1151 -0.6750 0.1236
v  0.1156 -0.6750 0.1223
v  0.1193 -0.6750 0.1232
v  0.1198 -0.6750 0.1230
v  0.1250 -0.6750 0.1223
v  0.1255 -0.6750 0.1236
v  0.1257 -0.6750 0.1250
v  0.1255 -0.6750 0.1264
v  0.1218 -0.6750 0.1265
v  0.1241 -0.6750 0.1212
v  0.1165 -0.6750 0.1212
v  0.1230 -0.6750 0.1203
v  0.1176 -0.6750 0.1203
v  0.1189 -0.6750 0.1198
v  0.1217 -0.6750 0.1198
v  0.1203 -0.6750 0.1196
v  0.1234 -0.6750 0.1196
v  0.1219 -0.6750 0.1190
v  0.1219 -0.6873 0.1190
v  0.1234 -0.6873 0.1196
v  0.1263 -0.6750 0.1266
v  0.1257 -0.6750 0.1281
v  0.1143 -0.6750 0.1266
v  0.1149 -0.6750 0.1281
v  0.1149 -0.6873 0.1281
v  0.1143 -0.6873 0.1266
v  0.1251 -0.6750 0.1298
v  0.1237 -0.6750 0.1309
v  0.1237 -0.6873 0.1309
v  0.1251 -0.6873 0.1298
v  0.1219 -0.6873 0.1310
v  0.1203 -0.6873 0.1313
v  0.1203 -0.6750 0.1313
v  0.1219 -0.6750 0.1310
v  0.1203 -0.6750 0.1311
v  0.1187 -0.6750 0.1309
v  0.1172 -0.6750 0.1303
v  0.1219 -0.6750 0.1309
v  0.1160 -0.6750 0.1293
v  0.1150 -0.6750 0.1281
v  0.1144 -0.6750 0.1266
v  0.1142 -0.6750 0.1250
v  0.1144 -0.6750 0.1234
v  0.1150 -0.6750 0.1219
v  0.1160 -0.6750 0.1207
v  0.1172 -0.6750 0.1197
v  0.1187 -0.6750 0.1191
v  0.1219 -0.6750 0.1191
v  0.1234 -0.6750 0.1197
v  0.1246 -0.6750 0.1207
v  0.1256 -0.6750 0.1219
v  0.1262 -0.6750 0.1234
v  0.1264 -0.6750 0.1250
v  0.1262 -0.6750 0.1266
v  0.1256 -0.6750 0.1281
v  0.1246 -0.6750 0.1293
v  0.1234 -0.6750 0.1303
v  0.1203 -0.6750 0.1189
v  0.1203 -0.6750 0.1188
v  0.1187 -0.6750 0.1190
v  0.1187 -0.6873 0.1190
v  0.1203 -0.6873 0.1188
v  0.1172 -0.6750 0.1196
v  0.1159 -0.6750 0.1206
v  0.1159 -0.6873 0.1206
v  0.1172 -0.6873 0.1196
v  0.1251 -0.6873 0.1202
v  0.1251 -0.6750 0.1202
v  0.1262 -0.6750 0.1216
v  0.1262 -0.6873 0.1216
v  0.1257 -0.6873 0.1219
v  0.1263 -0.6873 0.1234
v  0.1263 -0.6750 0.1234
v  0.1257 -0.6750 0.1219
v  0.1187 -0.6750 0.1310
v  0.1185 -0.6750 0.1316
v  0.1169 -0.6750 0.1309
v  0.1169 -0.6873 0.1309
v  0.1185 -0.6873 0.1316
v  0.1144 -0.6873 0.1284
v  0.1144 -0.6750 0.1284
v  0.1137 -0.6750 0.1268
v  0.1137 -0.6873 0.1268
v  0.1169 -0.6873 0.1191
v  0.1155 -0.6873 0.1202
v  0.1155 -0.6750 0.1202
v  0.1169 -0.6750 0.1191
v  0.1221 -0.6873 0.1184
v  0.1203 -0.6873 0.1182
v  0.1203 -0.6750 0.1182
v  0.1221 -0.6750 0.1184
v  0.1159 -0.6750 0.1294
v  0.1172 -0.6750 0.1304
v  0.1221 -0.6750 0.1316
v  0.1221 -0.6873 0.1316
v  0.1262 -0.6873 0.1284
v  0.1262 -0.6750 0.1284
v  0.1140 -0.6873 0.1250
v  0.1140 -0.6750 0.1250
v  0.1247 -0.6750 0.1294
v  0.1159 -0.6873 0.1294
v  0.1265 -0.6873 0.1250
v  0.1265 -0.6750 0.1250
v  0.1247 -0.6873 0.1206
v  0.1247 -0.6750 0.1206
v  0.1203 -0.6873 0.1318
v  0.1187 -0.6873 0.1310
v  0.1155 -0.6873 0.1298
v  0.1172 -0.6873 0.1304
v  0.1135 -0.6873 0.1250
v  0.1137 -0.6873 0.1232
v  0.1143 -0.6873 0.1234
v  0.1149 -0.6873 0.1219
v  0.1144 -0.6873 0.1216
v  0.1185 -0.6873 0.1184
v  0.1237 -0.6873 0.1191
v  0.1269 -0.6873 0.1232
v  0.1271 -0.6873 0.1250
v  0.1263 -0.6873 0.1266
v  0.1269 -0.6873 0.1268
v  0.1257 -0.6873 0.1281
v  0.1247 -0.6873 0.1294
v  0.1234 -0.6873 0.1304
v  0.1234 -0.6750 0.1304
v  0.1143 -0.6750 0.1234
v  0.1149 -0.6750 0.1219
v  0.1237 -0.6750 0.1191
v  0.1135 -0.6750 0.1250
v  0.1137 -0.6750 0.1232
v  0.1155 -0.6750 0.1298
v  0.1144 -0.6750 0.1216
v  0.1269 -0.6750 0.1232
v  0.1271 -0.6750 0.1250
v  0.1203 -0.6750 0.1318
v  0.1185 -0.6750 0.1184
v  0.1269 -0.6750 0.1268
v  0.1095 -0.7293 0.1855
v  0.1095 -0.7196 0.1868
v  0.1095 -0.7099 0.1855
v  0.1095 -0.7383 0.1817
v  0.1095 -0.7461 0.1758
v  0.1095 -0.7009 0.1817
v  0.1095 -0.6932 0.1758
v  0.1095 -0.7520 0.1681
v  0.1095 -0.6872 0.1681
v  0.1095 -0.7557 0.1590
v  0.1095 -0.6835 0.1590
v  0.1095 -0.7570 0.1493
v  0.1095 -0.6822 0.1493
v  0.1095 -0.7557 0.1397
v  0.1095 -0.6835 0.1397
v  0.1095 -0.7520 0.1306
v  0.1095 -0.6872 0.1306
v  0.1095 -0.7461 0.1229
v  0.1095 -0.6932 0.1229
v  0.1095 -0.7383 0.1170
v  0.1095 -0.7293 0.1132
v  0.1095 -0.7009 0.1170
v  0.1095 -0.7196 0.1119
v  0.1095 -0.7099 0.1132
v  0.1162 -0.7196 0.1883
v  0.1162 -0.7297 0.1870
v  0.1162 -0.7001 0.1831
v  0.1162 -0.7095 0.1870
v  0.1162 -0.7391 0.1831
v  0.1162 -0.6920 0.1769
v  0.1162 -0.6858 0.1688
v  0.1162 -0.7472 0.1769
v  0.1162 -0.7573 0.1594
v  0.1162 -0.7534 0.1688
v  0.1162 -0.6806 0.1493
v  0.1162 -0.6819 0.1594
v  0.1162 -0.6819 0.1393
v  0.1162 -0.7586 0.1493
v  0.1162 -0.7573 0.1393
v  0.1162 -0.6858 0.1298
v  0.1162 -0.7472 0.1218
v  0.1162 -0.7534 0.1298
v  0.1162 -0.7001 0.1156
v  0.1162 -0.6920 0.1218
v  0.1162 -0.7095 0.1117
v  0.1162 -0.7391 0.1156
v  0.1162 -0.7297 0.1117
v  0.1162 -0.7196 0.1104
v  0.1096 -0.7295 0.1123
v  0.1096 -0.7196 0.1110
v  0.1097 -0.7196 0.1108
v  0.1097 -0.7296 0.1122
v  0.1096 -0.7005 0.1825
v  0.1096 -0.7097 0.1863
v  0.1097 -0.7096 0.1865
v  0.1097 -0.7004 0.1827
v  0.1104 -0.6920 0.1769
v  0.1104 -0.7001 0.1831
v  0.1106 -0.7001 0.1831
v  0.1106 -0.6920 0.1769
v  0.1106 -0.7196 0.1104
v  0.1106 -0.7297 0.1117
v  0.1104 -0.7297 0.1117
v  0.1104 -0.7196 0.1104
v  0.1104 -0.6806 0.1493
v  0.1106 -0.6806 0.1493
v  0.1106 -0.6819 0.1393
v  0.1104 -0.6820 0.1393
v  0.1100 -0.7470 0.1219
v  0.1102 -0.7471 0.1218
v  0.1102 -0.7533 0.1299
v  0.1100 -0.7532 0.1299
v  0.1106 -0.7297 0.1870
v  0.1106 -0.7391 0.1831
v  0.1096 -0.6813 0.1493
v  0.1096 -0.6826 0.1593
v  0.1097 -0.6824 0.1593
v  0.1097 -0.6811 0.1493
v  0.1104 -0.7095 0.1117
v  0.1102 -0.7095 0.1118
v  0.1102 -0.7001 0.1156
v  0.1104 -0.7001 0.1156
v  0.1097 -0.6924 0.1766
v  0.1096 -0.6925 0.1764
v  0.1097 -0.7529 0.1686
v  0.1097 -0.7468 0.1766
v  0.1096 -0.7467 0.1764
v  0.1096 -0.7528 0.1685
v  0.1096 -0.7388 0.1825
v  0.1097 -0.7389 0.1827
v  0.1097 -0.6863 0.1686
v  0.1098 -0.6861 0.1687
v  0.1098 -0.6823 0.1594
v  0.1095 -0.7577 0.1493
v  0.1095 -0.7564 0.1592
v  0.1095 -0.7562 0.1591
v  0.1095 -0.7575 0.1493
v  0.1098 -0.7196 0.1107
v  0.1098 -0.7296 0.1120
v  0.1095 -0.6817 0.1493
v  0.1095 -0.6830 0.1591
v  0.1095 -0.6828 0.1592
v  0.1095 -0.6815 0.1493
v  0.1097 -0.7389 0.1160
v  0.1096 -0.7388 0.1162
v  0.1106 -0.7534 0.1298
v  0.1106 -0.7573 0.1393
v  0.1098 -0.7531 0.1687
v  0.1098 -0.7469 0.1767
v  0.1098 -0.7389 0.1159
v  0.1100 -0.7390 0.1157
v  0.1098 -0.7469 0.1220
v  0.1106 -0.6858 0.1688
v  0.1104 -0.6859 0.1688
v  0.1095 -0.6928 0.1761
v  0.1095 -0.6927 0.1763
v  0.1095 -0.6866 0.1684
v  0.1095 -0.6868 0.1683
v  0.1095 -0.7196 0.1115
v  0.1095 -0.7098 0.1128
v  0.1095 -0.7097 0.1126
v  0.1095 -0.7196 0.1113
v  0.1095 -0.7526 0.1684
v  0.1095 -0.7524 0.1683
v  0.1098 -0.6861 0.1300
v  0.1100 -0.6860 0.1299
v  0.1100 -0.6922 0.1219
v  0.1098 -0.6923 0.1220
v  0.1096 -0.6864 0.1685
v  0.1104 -0.7297 0.1870
v  0.1104 -0.7391 0.1831
v  0.1095 -0.6927 0.1224
v  0.1095 -0.6866 0.1303
v  0.1096 -0.6864 0.1302
v  0.1096 -0.6925 0.1223
v  0.1100 -0.7096 0.1868
v  0.1100 -0.7196 0.1882
v  0.1102 -0.7196 0.1883
v  0.1102 -0.7095 0.1869
v  0.1102 -0.7297 0.1118
v  0.1102 -0.7196 0.1104
v  0.1097 -0.6824 0.1394
v  0.1097 -0.6863 0.1301
v  0.1096 -0.6826 0.1394
v  0.1096 -0.7295 0.1863
v  0.1096 -0.7196 0.1877
v  0.1095 -0.7196 0.1874
v  0.1095 -0.7295 0.1861
v  0.1104 -0.7573 0.1393
v  0.1102 -0.7572 0.1393
v  0.1104 -0.7534 0.1299
v  0.1095 -0.7386 0.1164
v  0.1096 -0.7467 0.1223
v  0.1095 -0.7465 0.1224
v  0.1102 -0.7585 0.1493
v  0.1104 -0.7586 0.1493
v  0.1104 -0.7573 0.1594
v  0.1102 -0.7572 0.1594
v  0.1106 -0.6819 0.1594
v  0.1104 -0.6820 0.1594
v  0.1106 -0.7586 0.1493
v  0.1104 -0.6859 0.1299
v  0.1106 -0.6858 0.1298
v  0.1095 -0.7006 0.1823
v  0.1102 -0.7297 0.1869
v  0.1104 -0.7196 0.1883
v  0.1106 -0.6920 0.1218
v  0.1104 -0.7095 0.1870
v  0.1100 -0.7002 0.1830
v  0.1098 -0.7003 0.1828
v  0.1098 -0.7096 0.1867
v  0.1098 -0.7096 0.1120
v  0.1100 -0.7096 0.1119
v  0.1100 -0.7196 0.1105
v  0.1096 -0.7579 0.1493
v  0.1096 -0.7566 0.1593
v  0.1104 -0.7472 0.1218
v  0.1097 -0.7004 0.1160
v  0.1097 -0.6924 0.1221
v  0.1098 -0.7003 0.1159
v  0.1098 -0.7570 0.1393
v  0.1097 -0.7568 0.1394
v  0.1097 -0.7529 0.1301
v  0.1098 -0.7531 0.1300
v  0.1095 -0.7097 0.1861
v  0.1106 -0.7472 0.1218
v  0.1106 -0.7391 0.1156
v  0.1098 -0.7389 0.1828
v  0.1100 -0.7390 0.1830
v  0.1100 -0.7296 0.1868
v  0.1098 -0.7296 0.1867
v  0.1102 -0.7391 0.1830
v  0.1102 -0.7471 0.1769
v  0.1104 -0.7472 0.1769
v  0.1095 -0.7465 0.1763
v  0.1095 -0.7386 0.1823
v  0.1100 -0.7571 0.1594
v  0.1100 -0.7584 0.1493
v  0.1106 -0.7095 0.1870
v  0.1106 -0.7196 0.1883
v  0.1104 -0.7534 0.1688
v  0.1106 -0.7573 0.1594
v  0.1106 -0.7534 0.1688
v  0.1095 -0.7295 0.1126
v  0.1095 -0.7294 0.1128
v  0.1097 -0.7468 0.1221
v  0.1095 -0.6828 0.1395
v  0.1098 -0.6923 0.1767
v  0.1100 -0.6922 0.1768
v  0.1100 -0.6860 0.1688
v  0.1100 -0.6821 0.1393
v  0.1102 -0.6820 0.1393
v  0.1102 -0.6859 0.1299
v  0.1098 -0.6823 0.1393
v  0.1104 -0.6920 0.1218
v  0.1096 -0.7566 0.1394
v  0.1096 -0.7528 0.1302
v  0.1097 -0.7568 0.1593
v  0.1098 -0.6809 0.1493
v  0.1095 -0.7196 0.1872
v  0.1095 -0.7294 0.1859
v  0.1095 -0.7385 0.1821
v  0.1095 -0.7464 0.1761
v  0.1095 -0.7562 0.1395
v  0.1095 -0.7524 0.1304
v  0.1095 -0.7464 0.1226
v  0.1095 -0.7385 0.1165
v  0.1095 -0.7007 0.1165
v  0.1095 -0.6928 0.1226
v  0.1095 -0.6868 0.1304
v  0.1095 -0.6830 0.1395
v  0.1095 -0.7007 0.1821
v  0.1095 -0.7098 0.1859
v  0.1098 -0.7196 0.1880
v  0.1097 -0.7196 0.1878
v  0.1097 -0.7296 0.1865
v  0.1095 -0.7526 0.1303
v  0.1100 -0.7002 0.1157
v  0.1106 -0.7001 0.1156
v  0.1102 -0.7533 0.1688
v  0.1097 -0.7581 0.1493
v  0.1106 -0.7095 0.1117
v  0.1104 -0.7391 0.1156
v  0.1102 -0.6921 0.1218
v  0.1102 -0.7001 0.1830
v  0.1095 -0.7564 0.1395
v  0.1106 -0.7472 0.1769
v  0.1102 -0.6921 0.1769
v  0.1096 -0.7097 0.1123
v  0.1095 -0.7006 0.1164
v  0.1096 -0.7005 0.1162
v  0.1102 -0.6807 0.1493
v  0.1100 -0.6808 0.1493
v  0.1100 -0.6821 0.1594
v  0.1102 -0.6820 0.1594
v  0.1097 -0.7096 0.1122
v  0.1100 -0.7470 0.1768
v  0.1100 -0.7532 0.1688
v  0.1102 -0.6859 0.1688
v  0.1100 -0.7571 0.1393
v  0.1100 -0.7296 0.1119
v  0.1098 -0.7583 0.1493
v  0.1098 -0.7570 0.1594
v  0.1102 -0.7391 0.1156
v  -0.1283 -0.6127 -0.1140
v  -0.1625 0.0006 -0.1099
v  -0.1612 0.0006 -0.1097
v  -0.1270 -0.6126 -0.1139
v  -0.1295 -0.6127 -0.1403
v  -0.1625 0.0006 -0.1442
v  -0.1637 0.0005 -0.1444
v  -0.1283 -0.6127 -0.1401
v  -0.1306 -0.6133 -0.1072
v  -0.1636 0.0005 -0.1005
v  -0.1648 0.0004 -0.1009
v  -0.1294 -0.6133 -0.1068
v  -0.1235 -0.6362 -0.1221
v  -0.1228 -0.6353 -0.1223
v  -0.1229 -0.6329 -0.1179
v  -0.1236 -0.6338 -0.1175
v  -0.1239 -0.6300 -0.1136
v  -0.1231 -0.6292 -0.1141
v  -0.1234 -0.6244 -0.1111
v  -0.1241 -0.6249 -0.1105
v  -0.1284 -0.6311 -0.1413
v  -0.1282 -0.6351 -0.1371
v  -0.1294 -0.6348 -0.1369
v  -0.1296 -0.6308 -0.1410
v  -0.1245 -0.6191 -0.1085
v  -0.1254 -0.6193 -0.1079
v  -0.1251 -0.6253 -0.1100
v  -0.1234 -0.6260 -0.1375
v  -0.1236 -0.6221 -0.1399
v  -0.1244 -0.6216 -0.1392
v  -0.1242 -0.6253 -0.1370
v  -0.1324 -0.6237 -0.1127
v  -0.1323 -0.6231 -0.1135
v  -0.1321 -0.6273 -0.1160
v  -0.1322 -0.6281 -0.1153
v  -0.1266 -0.6212 -0.1157
v  -0.1254 -0.6213 -0.1154
v  -0.1252 -0.6249 -0.1176
v  -0.1264 -0.6246 -0.1178
v  -0.1262 -0.6272 -0.1336
v  -0.1275 -0.6272 -0.1335
v  -0.1274 -0.6288 -0.1304
v  -0.1261 -0.6289 -0.1304
v  -0.1583 0.0008 -0.1027
v  -0.1241 -0.6129 -0.1086
v  -0.1236 -0.6128 -0.1095
v  -0.1578 0.0008 -0.1039
v  -0.1321 -0.6180 -0.1127
v  -0.1319 -0.6225 -0.1142
v  -0.1326 -0.6183 -0.1119
v  -0.1254 -0.6213 -0.1387
v  -0.1252 -0.6249 -0.1366
v  -0.1228 -0.6267 -0.1381
v  -0.1231 -0.6226 -0.1406
v  -0.1266 -0.6195 -0.1466
v  -0.1254 -0.6193 -0.1462
v  -0.1251 -0.6253 -0.1442
v  -0.1262 -0.6256 -0.1445
v  -0.1314 -0.6177 -0.1407
v  -0.1317 -0.6129 -0.1412
v  -0.1324 -0.6130 -0.1420
v  -0.1321 -0.6180 -0.1414
v  -0.1317 -0.6129 -0.1129
v  -0.1658 0.0004 -0.1085
v  -0.1649 0.0004 -0.1092
v  -0.1307 -0.6128 -0.1135
v  -0.1313 -0.6319 -0.1271
v  -0.1307 -0.6309 -0.1271
v  -0.1307 -0.6303 -0.1307
v  -0.1314 -0.6313 -0.1309
v  -0.1612 0.0006 -0.1444
v  -0.1270 -0.6126 -0.1402
v  -0.1318 -0.6325 -0.1358
v  -0.1320 -0.6315 -0.1354
v  -0.1322 -0.6281 -0.1388
v  -0.1320 -0.6289 -0.1395
v  -0.1241 -0.6126 -0.1122
v  -0.1249 -0.6126 -0.1130
v  -0.1583 0.0008 -0.1075
v  -0.1591 0.0007 -0.1085
v  -0.1280 -0.6172 -0.1145
v  -0.1268 -0.6172 -0.1144
v  -0.1312 -0.6194 -0.1085
v  -0.1309 -0.6253 -0.1104
v  -0.1299 -0.6256 -0.1099
v  -0.1302 -0.6196 -0.1079
v  -0.1311 -0.6358 -0.1223
v  -0.1316 -0.6347 -0.1225
v  -0.1316 -0.6355 -0.1271
v  -0.1310 -0.6366 -0.1271
v  -0.1316 -0.6133 -0.1078
v  -0.1658 0.0004 -0.1017
v  -0.1303 -0.6366 -0.1221
v  -0.1304 -0.6342 -0.1175
v  -0.1312 -0.6334 -0.1179
v  -0.1324 -0.6237 -0.1415
v  -0.1323 -0.6231 -0.1407
v  -0.1326 -0.6183 -0.1423
v  -0.1327 -0.6187 -0.1432
v  -0.1281 -0.6377 -0.1322
v  -0.1280 -0.6386 -0.1271
v  -0.1292 -0.6382 -0.1271
v  -0.1292 -0.6373 -0.1322
v  -0.1320 -0.6289 -0.1147
v  -0.1318 -0.6325 -0.1183
v  -0.1314 -0.6297 -0.1141
v  -0.1294 -0.6348 -0.1172
v  -0.1282 -0.6351 -0.1171
v  -0.1284 -0.6311 -0.1129
v  -0.1296 -0.6308 -0.1131
v  -0.1275 -0.6258 -0.1446
v  -0.1278 -0.6196 -0.1467
v  -0.1317 -0.6249 -0.1430
v  -0.1320 -0.6192 -0.1449
v  -0.1312 -0.6194 -0.1457
v  -0.1309 -0.6253 -0.1437
v  -0.1256 -0.6375 -0.1219
v  -0.1257 -0.6350 -0.1171
v  -0.1269 -0.6352 -0.1170
v  -0.1268 -0.6378 -0.1219
v  -0.1321 -0.6273 -0.1381
v  -0.1314 -0.6177 -0.1135
v  -0.1311 -0.6220 -0.1149
v  -0.1248 -0.6305 -0.1131
v  -0.1246 -0.6345 -0.1172
v  -0.1578 0.0008 -0.1478
v  -0.1241 -0.6126 -0.1419
v  -0.1236 -0.6126 -0.1428
v  -0.1583 0.0008 -0.1466
v  -0.1280 -0.6172 -0.1396
v  -0.1278 -0.6212 -0.1383
v  -0.1266 -0.6212 -0.1384
v  -0.1268 -0.6172 -0.1397
v  -0.1307 -0.6128 -0.1406
v  -0.1649 0.0004 -0.1449
v  -0.1238 -0.6176 -0.1128
v  -0.1246 -0.6174 -0.1135
v  -0.1275 -0.6272 -0.1206
v  -0.1262 -0.6272 -0.1205
v  -0.1261 -0.6289 -0.1237
v  -0.1274 -0.6288 -0.1237
v  -0.1261 -0.6295 -0.1271
v  -0.1274 -0.6294 -0.1271
v  -0.1306 -0.6303 -0.1406
v  -0.1314 -0.6297 -0.1401
v  -0.1259 -0.6126 -0.1135
v  -0.1601 0.0007 -0.1093
v  -0.1658 0.0004 -0.1457
v  -0.1238 -0.6176 -0.1414
v  -0.1233 -0.6178 -0.1422
v  -0.1319 -0.6336 -0.1314
v  -0.1318 -0.6324 -0.1311
v  -0.1319 -0.6304 -0.1349
v  -0.1231 -0.6181 -0.1110
v  -0.1233 -0.6178 -0.1119
v  -0.1236 -0.6126 -0.1113
v  -0.1234 -0.6127 -0.1104
v  -0.1323 -0.6133 -0.1085
v  -0.1325 -0.6190 -0.1100
v  -0.1320 -0.6192 -0.1092
v  -0.1328 -0.6133 -0.1094
v  -0.1269 -0.6132 -0.1473
v  -0.1612 0.0006 -0.1537
v  -0.1600 0.0007 -0.1532
v  -0.1258 -0.6131 -0.1469
v  -0.1293 -0.6173 -0.1397
v  -0.1290 -0.6213 -0.1384
v  -0.1294 -0.6133 -0.1473
v  -0.1636 0.0005 -0.1537
v  -0.1624 0.0006 -0.1538
v  -0.1282 -0.6132 -0.1474
v  -0.1300 -0.6251 -0.1176
v  -0.1289 -0.6247 -0.1178
v  -0.1287 -0.6274 -0.1205
v  -0.1298 -0.6279 -0.1204
v  -0.1325 -0.6190 -0.1441
v  -0.1322 -0.6243 -0.1423
v  -0.1287 -0.6258 -0.1096
v  -0.1246 -0.6174 -0.1406
v  -0.1327 -0.6187 -0.1110
v  -0.1256 -0.6172 -0.1141
v  -0.1276 -0.6246 -0.1362
v  -0.1264 -0.6246 -0.1363
v  -0.1292 -0.6373 -0.1220
v  -0.1281 -0.6377 -0.1219
v  -0.1246 -0.6345 -0.1369
v  -0.1236 -0.6338 -0.1366
v  -0.1235 -0.6362 -0.1320
v  -0.1244 -0.6370 -0.1321
v  -0.1244 -0.6370 -0.1220
v  -0.1255 -0.6384 -0.1271
v  -0.1244 -0.6379 -0.1271
v  -0.1624 0.0006 -0.1003
v  -0.1282 -0.6132 -0.1067
v  -0.1244 -0.6216 -0.1149
v  -0.1291 -0.6196 -0.1466
v  -0.1224 -0.6342 -0.1226
v  -0.1223 -0.6330 -0.1228
v  -0.1224 -0.6309 -0.1188
v  -0.1225 -0.6319 -0.1183
v  -0.1299 -0.6256 -0.1442
v  -0.1286 -0.6290 -0.1237
v  -0.1234 -0.6244 -0.1430
v  -0.1237 -0.6188 -0.1449
v  -0.1233 -0.6185 -0.1440
v  -0.1230 -0.6238 -0.1422
v  -0.1278 -0.6212 -0.1158
v  -0.1302 -0.6216 -0.1387
v  -0.1304 -0.6175 -0.1401
v  -0.1315 -0.6294 -0.1344
v  -0.1317 -0.6264 -0.1375
v  -0.1671 0.0003 -0.1063
v  -0.1324 -0.6130 -0.1122
v  -0.1329 -0.6131 -0.1113
v  -0.1666 0.0004 -0.1075
v  -0.1259 -0.6309 -0.1412
v  -0.1248 -0.6305 -0.1410
v  -0.1257 -0.6350 -0.1371
v  -0.1666 0.0004 -0.1027
v  -0.1293 -0.6173 -0.1144
v  -0.1295 -0.6127 -0.1139
v  -0.1306 -0.6303 -0.1135
v  -0.1250 -0.6276 -0.1204
v  -0.1290 -0.6213 -0.1157
v  -0.1590 0.0007 -0.1524
v  -0.1241 -0.6129 -0.1456
v  -0.1248 -0.6130 -0.1463
v  -0.1583 0.0008 -0.1514
v  -0.1289 -0.6247 -0.1363
v  -0.1300 -0.6251 -0.1366
v  -0.1330 -0.6132 -0.1103
v  -0.1308 -0.6285 -0.1341
v  -0.1309 -0.6257 -0.1370
v  -0.1276 -0.6246 -0.1179
v  -0.1228 -0.6361 -0.1271
v  -0.1228 -0.6353 -0.1318
v  -0.1224 -0.6342 -0.1316
v  -0.1224 -0.6349 -0.1271
v  -0.1240 -0.6281 -0.1201
v  -0.1239 -0.6299 -0.1235
v  -0.1250 -0.6293 -0.1236
v  -0.1235 -0.6371 -0.1271
v  -0.1231 -0.6292 -0.1400
v  -0.1227 -0.6284 -0.1394
v  -0.1225 -0.6319 -0.1358
v  -0.1229 -0.6329 -0.1362
v  -0.1272 -0.6311 -0.1413
v  -0.1269 -0.6352 -0.1371
v  -0.1286 -0.6290 -0.1304
v  -0.1287 -0.6274 -0.1336
v  -0.1225 -0.6319 -0.1311
v  -0.1227 -0.6299 -0.1349
v  -0.1232 -0.6289 -0.1344
v  -0.1231 -0.6308 -0.1309
v  -0.1225 -0.6319 -0.1230
v  -0.1227 -0.6299 -0.1193
v  -0.1224 -0.6309 -0.1353
v  -0.1223 -0.6330 -0.1313
v  -0.1236 -0.6128 -0.1447
v  -0.1233 -0.6185 -0.1101
v  -0.1227 -0.6284 -0.1147
v  -0.1226 -0.6276 -0.1154
v  -0.1250 -0.6293 -0.1305
v  -0.1250 -0.6276 -0.1338
v  -0.1259 -0.6126 -0.1406
v  -0.1591 0.0007 -0.1456
v  -0.1601 0.0007 -0.1449
v  -0.1249 -0.6126 -0.1412
v  -0.1287 -0.6258 -0.1445
v  -0.1256 -0.6375 -0.1322
v  -0.1256 -0.6172 -0.1401
v  -0.1298 -0.6279 -0.1338
v  -0.1239 -0.6305 -0.1271
v  -0.1249 -0.6298 -0.1271
v  -0.1316 -0.6133 -0.1464
v  -0.1658 0.0004 -0.1525
v  -0.1648 0.0004 -0.1532
v  -0.1306 -0.6133 -0.1469
v  -0.1248 -0.6130 -0.1078
v  -0.1258 -0.6131 -0.1072
v  -0.1637 0.0005 -0.1097
v  -0.1671 0.0003 -0.1478
v  -0.1329 -0.6131 -0.1429
v  -0.1666 0.0004 -0.1467
v  -0.1317 -0.6249 -0.1111
v  -0.1302 -0.6196 -0.1462
v  -0.1231 -0.6226 -0.1135
v  -0.1229 -0.6232 -0.1127
v  -0.1228 -0.6267 -0.1160
v  -0.1272 -0.6311 -0.1128
v  -0.1259 -0.6309 -0.1129
v  -0.1319 -0.6304 -0.1192
v  -0.1320 -0.6315 -0.1188
v  -0.1291 -0.6196 -0.1076
v  -0.1242 -0.6253 -0.1172
v  -0.1319 -0.6225 -0.1399
v  -0.1311 -0.6220 -0.1392
v  -0.1316 -0.6347 -0.1316
v  -0.1275 -0.6258 -0.1095
v  -0.1262 -0.6256 -0.1096
v  -0.1304 -0.6175 -0.1140
v  -0.1302 -0.6216 -0.1154
v  -0.1303 -0.6366 -0.1320
v  -0.1302 -0.6375 -0.1271
v  -0.1232 -0.6289 -0.1197
v  -0.1231 -0.6308 -0.1233
v  -0.1578 0.0008 -0.1502
v  -0.1234 -0.6127 -0.1437
v  -0.1576 0.0008 -0.1490
v  -0.1226 -0.6276 -0.1388
v  -0.1578 0.0008 -0.1064
v  -0.1245 -0.6191 -0.1456
v  -0.1241 -0.6249 -0.1437
v  -0.1670 0.0003 -0.1038
v  -0.1314 -0.6313 -0.1232
v  -0.1315 -0.6294 -0.1197
v  -0.1308 -0.6285 -0.1201
v  -0.1307 -0.6303 -0.1234
v  -0.1231 -0.6181 -0.1431
v  -0.1309 -0.6257 -0.1171
v  -0.1317 -0.6264 -0.1166
v  -0.1318 -0.6324 -0.1230
v  -0.1319 -0.6336 -0.1228
v  -0.1230 -0.6238 -0.1119
v  -0.1322 -0.6243 -0.1118
v  -0.1304 -0.6342 -0.1366
v  -0.1312 -0.6334 -0.1362
v  -0.1223 -0.6337 -0.1271
v  -0.1225 -0.6325 -0.1271
v  -0.1239 -0.6300 -0.1406
v  -0.1311 -0.6358 -0.1318
v  -0.1229 -0.6232 -0.1414
v  -0.1297 -0.6301 -0.1271
v  -0.1297 -0.6296 -0.1305
v  -0.1297 -0.6296 -0.1236
v  -0.1286 -0.6296 -0.1271
v  -0.1318 -0.6331 -0.1271
v  -0.1318 -0.6343 -0.1271
v  -0.1672 0.0003 -0.1051
v  -0.1231 -0.6314 -0.1271
v  -0.1236 -0.6221 -0.1143
v  -0.1234 -0.6260 -0.1166
v  -0.1670 0.0003 -0.1503
v  -0.1328 -0.6133 -0.1447
v  -0.1330 -0.6132 -0.1438
v  -0.1672 0.0003 -0.1491
v  -0.1268 -0.6386 -0.1271
v  -0.1239 -0.6299 -0.1307
v  -0.1323 -0.6133 -0.1456
v  -0.1666 0.0004 -0.1515
v  -0.1576 0.0008 -0.1051
v  -0.1268 -0.6378 -0.1323
v  -0.1278 -0.6196 -0.1075
v  -0.1590 0.0007 -0.1017
v  -0.1600 0.0007 -0.1010
v  -0.1240 -0.6281 -0.1341
v  -0.1266 -0.6195 -0.1076
v  -0.1269 -0.6132 -0.1069
v  -0.1612 0.0006 -0.1005
v  -0.1237 -0.6188 -0.1092
v  -0.1277 -0.7099 -0.1356
v  -0.1277 -0.7196 -0.1369
v  -0.1277 -0.7293 -0.1356
v  -0.1277 -0.7009 -0.1319
v  -0.1277 -0.6932 -0.1259
v  -0.1277 -0.7383 -0.1319
v  -0.1277 -0.7461 -0.1259
v  -0.1277 -0.6872 -0.1182
v  -0.1277 -0.7520 -0.1182
v  -0.1277 -0.6835 -0.1092
v  -0.1277 -0.7557 -0.1092
v  -0.1277 -0.6822 -0.0995
v  -0.1277 -0.7570 -0.0995
v  -0.1277 -0.6835 -0.0898
v  -0.1277 -0.7557 -0.0898
v  -0.1277 -0.6872 -0.0808
v  -0.1277 -0.7520 -0.0808
v  -0.1277 -0.6932 -0.0731
v  -0.1277 -0.7461 -0.0731
v  -0.1277 -0.7009 -0.0671
v  -0.1277 -0.7099 -0.0634
v  -0.1277 -0.7383 -0.0671
v  -0.1277 -0.7196 -0.0621
v  -0.1277 -0.7293 -0.0634
v  -0.1211 -0.7196 -0.1385
v  -0.1211 -0.7095 -0.1372
v  -0.1211 -0.7391 -0.1333
v  -0.1211 -0.7297 -0.1372
v  -0.1211 -0.7001 -0.1333
v  -0.1211 -0.7472 -0.1271
v  -0.1211 -0.7534 -0.1190
v  -0.1211 -0.6920 -0.1271
v  -0.1211 -0.6819 -0.1096
v  -0.1211 -0.6858 -0.1190
v  -0.1211 -0.7586 -0.0995
v  -0.1211 -0.7573 -0.1096
v  -0.1211 -0.7573 -0.0894
v  -0.1211 -0.6806 -0.0995
v  -0.1211 -0.6819 -0.0894
v  -0.1211 -0.7534 -0.0800
v  -0.1211 -0.6920 -0.0719
v  -0.1211 -0.6858 -0.0800
v  -0.1211 -0.7391 -0.0657
v  -0.1211 -0.7472 -0.0719
v  -0.1211 -0.7297 -0.0618
v  -0.1211 -0.7001 -0.0657
v  -0.1211 -0.7095 -0.0618
v  -0.1211 -0.7196 -0.0605
v  -0.1277 -0.7097 -0.0625
v  -0.1277 -0.7196 -0.0612
v  -0.1276 -0.7196 -0.0610
v  -0.1276 -0.7096 -0.0623
v  -0.1277 -0.7388 -0.1327
v  -0.1277 -0.7295 -0.1365
v  -0.1276 -0.7296 -0.1367
v  -0.1276 -0.7389 -0.1328
v  -0.1268 -0.7472 -0.1271
v  -0.1268 -0.7391 -0.1333
v  -0.1266 -0.7391 -0.1333
v  -0.1266 -0.7472 -0.1271
v  -0.1266 -0.7196 -0.0605
v  -0.1266 -0.7095 -0.0618
v  -0.1268 -0.7095 -0.0619
v  -0.1268 -0.7196 -0.0605
v  -0.1268 -0.7586 -0.0995
v  -0.1266 -0.7586 -0.0995
v  -0.1266 -0.7573 -0.0894
v  -0.1268 -0.7573 -0.0894
v  -0.1272 -0.6922 -0.0721
v  -0.1271 -0.6921 -0.0720
v  -0.1271 -0.6859 -0.0800
v  -0.1272 -0.6860 -0.0801
v  -0.1266 -0.7095 -0.1372
v  -0.1266 -0.7001 -0.1333
v  -0.1277 -0.7579 -0.0995
v  -0.1277 -0.7566 -0.1094
v  -0.1276 -0.7568 -0.1095
v  -0.1276 -0.7581 -0.0995
v  -0.1268 -0.7297 -0.0619
v  -0.1271 -0.7297 -0.0619
v  -0.1271 -0.7391 -0.0658
v  -0.1268 -0.7391 -0.0657
v  -0.1276 -0.7468 -0.1267
v  -0.1277 -0.7467 -0.1266
v  -0.1276 -0.6863 -0.1187
v  -0.1276 -0.6924 -0.1267
v  -0.1277 -0.6925 -0.1266
v  -0.1277 -0.6864 -0.1187
v  -0.1277 -0.7005 -0.1327
v  -0.1276 -0.7004 -0.1328
v  -0.1276 -0.7529 -0.1187
v  -0.1274 -0.7531 -0.1188
v  -0.1274 -0.7570 -0.1095
v  -0.1277 -0.6815 -0.0995
v  -0.1277 -0.6828 -0.1094
v  -0.1277 -0.6830 -0.1093
v  -0.1277 -0.6817 -0.0995
v  -0.1274 -0.7196 -0.0608
v  -0.1274 -0.7096 -0.0621
v  -0.1277 -0.7575 -0.0995
v  -0.1277 -0.7562 -0.1093
v  -0.1277 -0.7564 -0.1094
v  -0.1277 -0.7577 -0.0995
v  -0.1276 -0.7004 -0.0662
v  -0.1277 -0.7005 -0.0663
v  -0.1266 -0.6858 -0.0800
v  -0.1266 -0.6819 -0.0894
v  -0.1274 -0.6861 -0.1188
v  -0.1274 -0.6923 -0.1268
v  -0.1274 -0.7003 -0.0660
v  -0.1272 -0.7002 -0.0659
v  -0.1274 -0.6923 -0.0722
v  -0.1266 -0.7534 -0.1190
v  -0.1268 -0.7534 -0.1190
v  -0.1277 -0.7464 -0.1263
v  -0.1277 -0.7465 -0.1264
v  -0.1277 -0.7526 -0.1185
v  -0.1277 -0.7524 -0.1184
v  -0.1277 -0.7196 -0.0616
v  -0.1277 -0.7294 -0.0629
v  -0.1277 -0.7295 -0.0627
v  -0.1277 -0.7196 -0.0614
v  -0.1277 -0.6866 -0.1185
v  -0.1277 -0.6868 -0.1184
v  -0.1274 -0.7531 -0.0802
v  -0.1272 -0.7532 -0.0801
v  -0.1272 -0.7470 -0.0721
v  -0.1274 -0.7469 -0.0722
v  -0.1277 -0.7528 -0.1187
v  -0.1268 -0.7095 -0.1371
v  -0.1268 -0.7001 -0.1333
v  -0.1277 -0.7465 -0.0726
v  -0.1277 -0.7526 -0.0805
v  -0.1277 -0.7528 -0.0803
v  -0.1277 -0.7467 -0.0724
v  -0.1272 -0.7296 -0.1370
v  -0.1272 -0.7196 -0.1383
v  -0.1271 -0.7196 -0.1384
v  -0.1271 -0.7297 -0.1371
v  -0.1271 -0.7095 -0.0619
v  -0.1271 -0.7196 -0.0606
v  -0.1276 -0.7568 -0.0895
v  -0.1276 -0.7529 -0.0803
v  -0.1277 -0.7566 -0.0896
v  -0.1277 -0.7097 -0.1365
v  -0.1277 -0.7196 -0.1378
v  -0.1277 -0.7196 -0.1376
v  -0.1277 -0.7097 -0.1363
v  -0.1268 -0.6820 -0.0894
v  -0.1271 -0.6820 -0.0894
v  -0.1268 -0.6859 -0.0800
v  -0.1277 -0.7006 -0.0665
v  -0.1277 -0.6925 -0.0724
v  -0.1277 -0.6927 -0.0726
v  -0.1271 -0.6807 -0.0995
v  -0.1268 -0.6806 -0.0995
v  -0.1268 -0.6820 -0.1096
v  -0.1271 -0.6820 -0.1096
v  -0.1266 -0.7573 -0.1096
v  -0.1268 -0.7573 -0.1096
v  -0.1266 -0.6806 -0.0995
v  -0.1268 -0.7534 -0.0800
v  -0.1266 -0.7534 -0.0800
v  -0.1277 -0.7386 -0.1325
v  -0.1271 -0.7095 -0.1371
v  -0.1268 -0.7196 -0.1385
v  -0.1266 -0.7472 -0.0719
v  -0.1268 -0.7297 -0.1371
v  -0.1272 -0.7390 -0.1331
v  -0.1274 -0.7389 -0.1330
v  -0.1274 -0.7296 -0.1368
v  -0.1274 -0.7296 -0.0621
v  -0.1272 -0.7296 -0.0620
v  -0.1272 -0.7196 -0.0607
v  -0.1277 -0.6813 -0.0995
v  -0.1277 -0.6826 -0.1094
v  -0.1268 -0.6920 -0.0719
v  -0.1276 -0.7389 -0.0662
v  -0.1276 -0.7468 -0.0723
v  -0.1274 -0.7389 -0.0660
v  -0.1274 -0.6823 -0.0895
v  -0.1276 -0.6824 -0.0895
v  -0.1276 -0.6863 -0.0803
v  -0.1274 -0.6861 -0.0802
v  -0.1277 -0.7295 -0.1363
v  -0.1266 -0.6920 -0.0719
v  -0.1266 -0.7001 -0.0657
v  -0.1274 -0.7003 -0.1330
v  -0.1272 -0.7002 -0.1331
v  -0.1272 -0.7096 -0.1370
v  -0.1274 -0.7096 -0.1368
v  -0.1271 -0.7001 -0.1332
v  -0.1271 -0.6921 -0.1270
v  -0.1268 -0.6920 -0.1271
v  -0.1277 -0.6927 -0.1264
v  -0.1277 -0.7006 -0.1325
v  -0.1272 -0.6821 -0.1095
v  -0.1272 -0.6808 -0.0995
v  -0.1266 -0.7297 -0.1372
v  -0.1266 -0.7196 -0.1385
v  -0.1268 -0.6859 -0.1190
v  -0.1266 -0.6819 -0.1096
v  -0.1266 -0.6858 -0.1190
v  -0.1277 -0.7097 -0.0627
v  -0.1277 -0.7098 -0.0629
v  -0.1276 -0.6924 -0.0723
v  -0.1277 -0.7564 -0.0896
v  -0.1274 -0.7469 -0.1268
v  -0.1272 -0.7470 -0.1269
v  -0.1272 -0.7532 -0.1189
v  -0.1272 -0.7571 -0.0895
v  -0.1271 -0.7572 -0.0894
v  -0.1271 -0.7533 -0.0800
v  -0.1274 -0.7570 -0.0895
v  -0.1268 -0.7472 -0.0719
v  -0.1277 -0.6826 -0.0896
v  -0.1277 -0.6864 -0.0803
v  -0.1276 -0.6824 -0.1095
v  -0.1274 -0.7583 -0.0995
v  -0.1277 -0.7196 -0.1374
v  -0.1277 -0.7098 -0.1361
v  -0.1277 -0.7007 -0.1323
v  -0.1277 -0.6928 -0.1263
v  -0.1277 -0.6830 -0.0897
v  -0.1277 -0.6868 -0.0806
v  -0.1277 -0.6928 -0.0727
v  -0.1277 -0.7007 -0.0667
v  -0.1277 -0.7385 -0.0667
v  -0.1277 -0.7464 -0.0727
v  -0.1277 -0.7524 -0.0806
v  -0.1277 -0.7562 -0.0897
v  -0.1277 -0.7385 -0.1323
v  -0.1277 -0.7294 -0.1361
v  -0.1274 -0.7196 -0.1382
v  -0.1276 -0.7196 -0.1380
v  -0.1276 -0.7096 -0.1367
v  -0.1277 -0.6866 -0.0805
v  -0.1272 -0.7390 -0.0659
v  -0.1266 -0.7391 -0.0657
v  -0.1271 -0.6859 -0.1190
v  -0.1276 -0.6811 -0.0995
v  -0.1266 -0.7297 -0.0618
v  -0.1268 -0.7001 -0.0657
v  -0.1271 -0.7471 -0.0720
v  -0.1271 -0.7391 -0.1332
v  -0.1277 -0.6828 -0.0896
v  -0.1266 -0.6920 -0.1271
v  -0.1271 -0.7471 -0.1270
v  -0.1277 -0.7295 -0.0625
v  -0.1277 -0.7386 -0.0665
v  -0.1277 -0.7388 -0.0663
v  -0.1271 -0.7585 -0.0995
v  -0.1272 -0.7584 -0.0995
v  -0.1272 -0.7571 -0.1095
v  -0.1271 -0.7572 -0.1096
v  -0.1276 -0.7296 -0.0623
v  -0.1272 -0.6922 -0.1269
v  -0.1272 -0.6860 -0.1189
v  -0.1271 -0.7533 -0.1190
v  -0.1272 -0.6821 -0.0895
v  -0.1272 -0.7096 -0.0620
v  -0.1274 -0.6809 -0.0995
v  -0.1274 -0.6823 -0.1095
v  -0.1271 -0.7001 -0.0658
v  -0.1058 -0.7293 -0.1356
v  -0.1058 -0.7196 -0.1369
v  -0.1058 -0.7099 -0.1356
v  -0.1058 -0.7383 -0.1319
v  -0.1058 -0.7461 -0.1259
v  -0.1058 -0.7009 -0.1319
v  -0.1058 -0.6932 -0.1259
v  -0.1058 -0.7520 -0.1182
v  -0.1058 -0.6872 -0.1182
v  -0.1058 -0.7557 -0.1092
v  -0.1058 -0.6835 -0.1092
v  -0.1058 -0.7570 -0.0995
v  -0.1058 -0.6822 -0.0995
v  -0.1058 -0.7557 -0.0898
v  -0.1058 -0.6835 -0.0898
v  -0.1058 -0.7520 -0.0808
v  -0.1058 -0.6872 -0.0808
v  -0.1058 -0.7461 -0.0731
v  -0.1058 -0.6932 -0.0731
v  -0.1058 -0.7383 -0.0671
v  -0.1058 -0.7293 -0.0634
v  -0.1058 -0.7009 -0.0671
v  -0.1058 -0.7196 -0.0621
v  -0.1058 -0.7099 -0.0634
v  -0.1125 -0.7196 -0.1385
v  -0.1125 -0.7297 -0.1372
v  -0.1125 -0.7001 -0.1333
v  -0.1125 -0.7095 -0.1372
v  -0.1125 -0.7391 -0.1333
v  -0.1125 -0.6920 -0.1271
v  -0.1125 -0.6858 -0.1190
v  -0.1125 -0.7472 -0.1271
v  -0.1125 -0.7573 -0.1096
v  -0.1125 -0.7534 -0.1190
v  -0.1125 -0.6806 -0.0995
v  -0.1125 -0.6819 -0.1096
v  -0.1125 -0.6819 -0.0894
v  -0.1125 -0.7586 -0.0995
v  -0.1125 -0.7573 -0.0894
v  -0.1125 -0.6858 -0.0800
v  -0.1125 -0.7472 -0.0719
v  -0.1125 -0.7534 -0.0800
v  -0.1125 -0.7001 -0.0657
v  -0.1125 -0.6920 -0.0719
v  -0.1125 -0.7095 -0.0618
v  -0.1125 -0.7391 -0.0657
v  -0.1125 -0.7297 -0.0618
v  -0.1125 -0.7196 -0.0605
v  -0.1059 -0.7295 -0.0625
v  -0.1059 -0.7196 -0.0612
v  -0.1060 -0.7196 -0.0610
v  -0.1060 -0.7296 -0.0623
v  -0.1059 -0.7005 -0.1327
v  -0.1059 -0.7097 -0.1365
v  -0.1060 -0.7096 -0.1367
v  -0.1060 -0.7004 -0.1328
v  -0.1067 -0.6920 -0.1271
v  -0.1067 -0.7001 -0.1333
v  -0.1069 -0.7001 -0.1333
v  -0.1069 -0.6920 -0.1271
v  -0.1069 -0.7196 -0.0605
v  -0.1069 -0.7297 -0.0618
v  -0.1067 -0.7297 -0.0619
v  -0.1067 -0.7196 -0.0605
v  -0.1067 -0.6806 -0.0995
v  -0.1069 -0.6806 -0.0995
v  -0.1069 -0.6819 -0.0894
v  -0.1067 -0.6820 -0.0894
v  -0.1063 -0.7470 -0.0721
v  -0.1065 -0.7471 -0.0720
v  -0.1065 -0.7533 -0.0800
v  -0.1063 -0.7532 -0.0801
v  -0.1069 -0.7297 -0.1372
v  -0.1069 -0.7391 -0.1333
v  -0.1059 -0.6813 -0.0995
v  -0.1059 -0.6826 -0.1094
v  -0.1060 -0.6824 -0.1095
v  -0.1060 -0.6811 -0.0995
v  -0.1067 -0.7095 -0.0619
v  -0.1065 -0.7095 -0.0619
v  -0.1065 -0.7001 -0.0658
v  -0.1067 -0.7001 -0.0657
v  -0.1060 -0.6924 -0.1267
v  -0.1059 -0.6925 -0.1266
v  -0.1060 -0.7529 -0.1187
v  -0.1060 -0.7468 -0.1267
v  -0.1059 -0.7467 -0.1266
v  -0.1059 -0.7528 -0.1187
v  -0.1059 -0.7388 -0.1327
v  -0.1060 -0.7389 -0.1328
v  -0.1060 -0.6863 -0.1187
v  -0.1061 -0.6861 -0.1188
v  -0.1061 -0.6823 -0.1095
v  -0.1058 -0.7577 -0.0995
v  -0.1058 -0.7564 -0.1094
v  -0.1058 -0.7562 -0.1093
v  -0.1058 -0.7575 -0.0995
v  -0.1061 -0.7196 -0.0608
v  -0.1061 -0.7296 -0.0621
v  -0.1058 -0.6817 -0.0995
v  -0.1058 -0.6830 -0.1093
v  -0.1058 -0.6828 -0.1094
v  -0.1058 -0.6815 -0.0995
v  -0.1060 -0.7389 -0.0662
v  -0.1059 -0.7388 -0.0663
v  -0.1069 -0.7534 -0.0800
v  -0.1069 -0.7573 -0.0894
v  -0.1061 -0.7531 -0.1188
v  -0.1061 -0.7469 -0.1268
v  -0.1061 -0.7389 -0.0660
v  -0.1063 -0.7390 -0.0659
v  -0.1061 -0.7469 -0.0722
v  -0.1069 -0.6858 -0.1190
v  -0.1067 -0.6859 -0.1190
v  -0.1058 -0.6928 -0.1263
v  -0.1058 -0.6927 -0.1264
v  -0.1058 -0.6866 -0.1185
v  -0.1058 -0.6868 -0.1184
v  -0.1058 -0.7196 -0.0616
v  -0.1058 -0.7098 -0.0629
v  -0.1058 -0.7097 -0.0627
v  -0.1058 -0.7196 -0.0614
v  -0.1058 -0.7526 -0.1185
v  -0.1058 -0.7524 -0.1184
v  -0.1061 -0.6861 -0.0802
v  -0.1063 -0.6860 -0.0801
v  -0.1063 -0.6922 -0.0721
v  -0.1061 -0.6923 -0.0722
v  -0.1059 -0.6864 -0.1187
v  -0.1067 -0.7297 -0.1371
v  -0.1067 -0.7391 -0.1333
v  -0.1058 -0.6927 -0.0726
v  -0.1058 -0.6866 -0.0805
v  -0.1059 -0.6864 -0.0803
v  -0.1059 -0.6925 -0.0724
v  -0.1063 -0.7096 -0.1370
v  -0.1063 -0.7196 -0.1383
v  -0.1065 -0.7196 -0.1384
v  -0.1065 -0.7095 -0.1371
v  -0.1065 -0.7297 -0.0619
v  -0.1065 -0.7196 -0.0606
v  -0.1060 -0.6824 -0.0895
v  -0.1060 -0.6863 -0.0803
v  -0.1059 -0.6826 -0.0896
v  -0.1059 -0.7295 -0.1365
v  -0.1059 -0.7196 -0.1378
v  -0.1058 -0.7196 -0.1376
v  -0.1058 -0.7295 -0.1363
v  -0.1067 -0.7573 -0.0894
v  -0.1065 -0.7572 -0.0894
v  -0.1067 -0.7534 -0.0800
v  -0.1058 -0.7386 -0.0665
v  -0.1059 -0.7467 -0.0724
v  -0.1058 -0.7465 -0.0726
v  -0.1065 -0.7585 -0.0995
v  -0.1067 -0.7586 -0.0995
v  -0.1067 -0.7573 -0.1096
v  -0.1065 -0.7572 -0.1096
v  -0.1069 -0.6819 -0.1096
v  -0.1067 -0.6820 -0.1096
v  -0.1069 -0.7586 -0.0995
v  -0.1067 -0.6859 -0.0800
v  -0.1069 -0.6858 -0.0800
v  -0.1058 -0.7006 -0.1325
v  -0.1065 -0.7297 -0.1371
v  -0.1067 -0.7196 -0.1385
v  -0.1069 -0.6920 -0.0719
v  -0.1067 -0.7095 -0.1371
v  -0.1063 -0.7002 -0.1331
v  -0.1061 -0.7003 -0.1330
v  -0.1061 -0.7096 -0.1368
v  -0.1061 -0.7096 -0.0621
v  -0.1063 -0.7096 -0.0620
v  -0.1063 -0.7196 -0.0607
v  -0.1059 -0.7579 -0.0995
v  -0.1059 -0.7566 -0.1094
v  -0.1067 -0.7472 -0.0719
v  -0.1060 -0.7004 -0.0662
v  -0.1060 -0.6924 -0.0723
v  -0.1061 -0.7003 -0.0660
v  -0.1061 -0.7570 -0.0895
v  -0.1060 -0.7568 -0.0895
v  -0.1060 -0.7529 -0.0803
v  -0.1061 -0.7531 -0.0802
v  -0.1058 -0.7097 -0.1363
v  -0.1069 -0.7472 -0.0719
v  -0.1069 -0.7391 -0.0657
v  -0.1061 -0.7389 -0.1330
v  -0.1063 -0.7390 -0.1331
v  -0.1063 -0.7296 -0.1370
v  -0.1061 -0.7296 -0.1368
v  -0.1065 -0.7391 -0.1332
v  -0.1065 -0.7471 -0.1270
v  -0.1067 -0.7472 -0.1271
v  -0.1058 -0.7465 -0.1264
v  -0.1058 -0.7386 -0.1325
v  -0.1063 -0.7571 -0.1095
v  -0.1063 -0.7584 -0.0995
v  -0.1069 -0.7095 -0.1372
v  -0.1069 -0.7196 -0.1385
v  -0.1067 -0.7534 -0.1190
v  -0.1069 -0.7573 -0.1096
v  -0.1069 -0.7534 -0.1190
v  -0.1058 -0.7295 -0.0627
v  -0.1058 -0.7294 -0.0629
v  -0.1060 -0.7468 -0.0723
v  -0.1058 -0.6828 -0.0896
v  -0.1061 -0.6923 -0.1268
v  -0.1063 -0.6922 -0.1269
v  -0.1063 -0.6860 -0.1189
v  -0.1063 -0.6821 -0.0895
v  -0.1065 -0.6820 -0.0894
v  -0.1065 -0.6859 -0.0800
v  -0.1061 -0.6823 -0.0895
v  -0.1067 -0.6920 -0.0719
v  -0.1059 -0.7566 -0.0896
v  -0.1059 -0.7528 -0.0803
v  -0.1060 -0.7568 -0.1095
v  -0.1061 -0.6809 -0.0995
v  -0.1058 -0.7196 -0.1374
v  -0.1058 -0.7294 -0.1361
v  -0.1058 -0.7385 -0.1323
v  -0.1058 -0.7464 -0.1263
v  -0.1058 -0.7562 -0.0897
v  -0.1058 -0.7524 -0.0806
v  -0.1058 -0.7464 -0.0727
v  -0.1058 -0.7385 -0.0667
v  -0.1058 -0.7007 -0.0667
v  -0.1058 -0.6928 -0.0727
v  -0.1058 -0.6868 -0.0806
v  -0.1058 -0.6830 -0.0897
v  -0.1058 -0.7007 -0.1323
v  -0.1058 -0.7098 -0.1361
v  -0.1061 -0.7196 -0.1382
v  -0.1060 -0.7196 -0.1380
v  -0.1060 -0.7296 -0.1367
v  -0.1058 -0.7526 -0.0805
v  -0.1063 -0.7002 -0.0659
v  -0.1069 -0.7001 -0.0657
v  -0.1065 -0.7533 -0.1190
v  -0.1060 -0.7581 -0.0995
v  -0.1069 -0.7095 -0.0618
v  -0.1067 -0.7391 -0.0657
v  -0.1065 -0.6921 -0.0720
v  -0.1065 -0.7001 -0.1332
v  -0.1058 -0.7564 -0.0896
v  -0.1069 -0.7472 -0.1271
v  -0.1065 -0.6921 -0.1270
v  -0.1059 -0.7097 -0.0625
v  -0.1058 -0.7006 -0.0665
v  -0.1059 -0.7005 -0.0663
v  -0.1065 -0.6807 -0.0995
v  -0.1063 -0.6808 -0.0995
v  -0.1063 -0.6821 -0.1095
v  -0.1065 -0.6820 -0.1096
v  -0.1060 -0.7096 -0.0623
v  -0.1063 -0.7470 -0.1269
v  -0.1063 -0.7532 -0.1189
v  -0.1065 -0.6859 -0.1190
v  -0.1063 -0.7571 -0.0895
v  -0.1063 -0.7296 -0.0620
v  -0.1061 -0.7583 -0.0995
v  -0.1061 -0.7570 -0.1095
v  -0.1065 -0.7391 -0.0658
v  -0.1185 0.0013 -0.1328
v  -0.1166 0.0013 -0.1331
v  -0.1166 -0.6739 -0.1331
v  -0.1185 -0.6739 -0.1328
v  -0.1147 0.0013 -0.1328
v  -0.1147 -0.6739 -0.1328
v  -0.1129 -0.6739 -0.1321
v  -0.1166 -0.6739 -0.1320
v  -0.1203 -0.6739 -0.1321
v  -0.1114 -0.6739 -0.1309
v  -0.1150 -0.6739 -0.1318
v  -0.1122 -0.6739 -0.1302
v  -0.1135 -0.6739 -0.1312
v  -0.1103 -0.6739 -0.1294
v  -0.1112 -0.6739 -0.1289
v  -0.1095 -0.6739 -0.1277
v  -0.1106 -0.6739 -0.1274
v  -0.1093 -0.6739 -0.1258
v  -0.1104 -0.6739 -0.1258
v  -0.1095 -0.6739 -0.1239
v  -0.1106 -0.6739 -0.1241
v  -0.1103 -0.6739 -0.1221
v  -0.1112 -0.6739 -0.1226
v  -0.1114 -0.6739 -0.1206
v  -0.1122 -0.6739 -0.1213
v  -0.1135 -0.6739 -0.1203
v  -0.1129 -0.6739 -0.1194
v  -0.1166 -0.6739 -0.1195
v  -0.1150 -0.6739 -0.1197
v  -0.1182 -0.6739 -0.1197
v  -0.1203 -0.6739 -0.1194
v  -0.1218 -0.6739 -0.1206
v  -0.1197 -0.6739 -0.1203
v  -0.1229 -0.6739 -0.1221
v  -0.1210 -0.6739 -0.1213
v  -0.1237 -0.6739 -0.1239
v  -0.1220 -0.6739 -0.1226
v  -0.1239 -0.6739 -0.1258
v  -0.1226 -0.6739 -0.1241
v  -0.1226 -0.6739 -0.1274
v  -0.1229 -0.6739 -0.1258
v  -0.1220 -0.6739 -0.1289
v  -0.1237 -0.6739 -0.1277
v  -0.1210 -0.6739 -0.1302
v  -0.1229 -0.6739 -0.1294
v  -0.1197 -0.6739 -0.1312
v  -0.1218 -0.6739 -0.1309
v  -0.1182 -0.6739 -0.1318
v  -0.1147 -0.6739 -0.1187
v  -0.1185 -0.6739 -0.1187
v  -0.1166 -0.6739 -0.1184
v  -0.1093 0.0013 -0.1258
v  -0.1095 0.0013 -0.1239
v  -0.1218 0.0013 -0.1309
v  -0.1203 0.0013 -0.1321
v  -0.1237 0.0013 -0.1239
v  -0.1229 0.0013 -0.1221
v  -0.1237 0.0013 -0.1277
v  -0.1229 0.0013 -0.1294
v  -0.1239 0.0013 -0.1258
v  -0.1114 0.0013 -0.1309
v  -0.1103 0.0013 -0.1294
v  -0.1129 0.0013 -0.1194
v  -0.1147 0.0013 -0.1187
v  -0.1129 0.0013 -0.1321
v  -0.1166 0.0013 -0.1184
v  -0.1203 0.0013 -0.1194
v  -0.1218 0.0013 -0.1206
v  -0.1114 0.0013 -0.1206
v  -0.1103 0.0013 -0.1221
v  -0.1185 0.0013 -0.1187
v  -0.1095 0.0013 -0.1277
v  -0.1148 -0.7040 -0.1247
v  -0.1148 -0.6750 -0.1247
v  -0.1151 -0.6750 -0.1243
v  -0.1151 -0.7040 -0.1243
v  -0.1186 -0.6750 -0.1252
v  -0.1187 -0.6750 -0.1258
v  -0.1187 -0.7040 -0.1258
v  -0.1186 -0.7040 -0.1252
v  -0.1181 -0.7040 -0.1243
v  -0.1176 -0.7040 -0.1240
v  -0.1176 -0.6750 -0.1240
v  -0.1181 -0.6750 -0.1243
v  -0.1171 -0.7040 -0.1238
v  -0.1166 -0.7040 -0.1237
v  -0.1166 -0.6750 -0.1237
v  -0.1171 -0.6750 -0.1238
v  -0.1186 -0.7040 -0.1263
v  -0.1186 -0.6750 -0.1263
v  -0.1184 -0.6750 -0.1268
v  -0.1184 -0.7040 -0.1268
v  -0.1145 -0.7040 -0.1258
v  -0.1145 -0.6750 -0.1258
v  -0.1146 -0.6750 -0.1252
v  -0.1146 -0.7040 -0.1252
v  -0.1151 -0.7040 -0.1272
v  -0.1151 -0.6750 -0.1272
v  -0.1148 -0.6750 -0.1268
v  -0.1148 -0.7040 -0.1268
v  -0.1171 -0.6750 -0.1278
v  -0.1171 -0.7040 -0.1278
v  -0.1176 -0.7040 -0.1276
v  -0.1176 -0.6750 -0.1276
v  -0.1184 -0.7040 -0.1247
v  -0.1184 -0.6750 -0.1247
v  -0.1161 -0.6750 -0.1278
v  -0.1156 -0.6750 -0.1276
v  -0.1156 -0.7040 -0.1276
v  -0.1161 -0.7040 -0.1278
v  -0.1166 -0.7040 -0.1278
v  -0.1181 -0.7040 -0.1272
v  -0.1146 -0.7040 -0.1263
v  -0.1156 -0.7040 -0.1240
v  -0.1161 -0.7040 -0.1238
v  -0.1166 -0.6750 -0.1311
v  -0.1152 -0.6750 -0.1310
v  -0.1139 -0.6750 -0.1304
v  -0.1180 -0.6750 -0.1310
v  -0.1193 -0.6750 -0.1304
v  -0.1128 -0.6750 -0.1296
v  -0.1119 -0.6750 -0.1285
v  -0.1204 -0.6750 -0.1296
v  -0.1114 -0.6750 -0.1272
v  -0.1213 -0.6750 -0.1285
v  -0.1166 -0.6750 -0.1278
v  -0.1112 -0.6750 -0.1258
v  -0.1146 -0.6750 -0.1263
v  -0.1114 -0.6750 -0.1244
v  -0.1119 -0.6750 -0.1231
v  -0.1156 -0.6750 -0.1240
v  -0.1161 -0.6750 -0.1238
v  -0.1213 -0.6750 -0.1231
v  -0.1218 -0.6750 -0.1244
v  -0.1220 -0.6750 -0.1258
v  -0.1218 -0.6750 -0.1272
v  -0.1181 -0.6750 -0.1272
v  -0.1204 -0.6750 -0.1220
v  -0.1128 -0.6750 -0.1220
v  -0.1193 -0.6750 -0.1211
v  -0.1139 -0.6750 -0.1211
v  -0.1152 -0.6750 -0.1206
v  -0.1180 -0.6750 -0.1206
v  -0.1166 -0.6750 -0.1204
v  -0.1197 -0.6750 -0.1203
v  -0.1182 -0.6750 -0.1197
v  -0.1182 -0.6873 -0.1197
v  -0.1197 -0.6873 -0.1203
v  -0.1226 -0.6750 -0.1274
v  -0.1220 -0.6750 -0.1289
v  -0.1106 -0.6750 -0.1274
v  -0.1112 -0.6750 -0.1289
v  -0.1112 -0.6873 -0.1289
v  -0.1106 -0.6873 -0.1274
v  -0.1214 -0.6750 -0.1306
v  -0.1200 -0.6750 -0.1317
v  -0.1200 -0.6873 -0.1317
v  -0.1214 -0.6873 -0.1306
v  -0.1182 -0.6873 -0.1318
v  -0.1166 -0.6873 -0.1320
v  -0.1166 -0.6750 -0.1320
v  -0.1182 -0.6750 -0.1318
v  -0.1166 -0.6750 -0.1319
v  -0.1150 -0.6750 -0.1317
v  -0.1135 -0.6750 -0.1311
v  -0.1182 -0.6750 -0.1317
v  -0.1123 -0.6750 -0.1301
v  -0.1113 -0.6750 -0.1288
v  -0.1107 -0.6750 -0.1273
v  -0.1105 -0.6750 -0.1258
v  -0.1107 -0.6750 -0.1242
v  -0.1113 -0.6750 -0.1227
v  -0.1123 -0.6750 -0.1214
v  -0.1135 -0.6750 -0.1205
v  -0.1150 -0.6750 -0.1198
v  -0.1182 -0.6750 -0.1198
v  -0.1197 -0.6750 -0.1205
v  -0.1209 -0.6750 -0.1214
v  -0.1219 -0.6750 -0.1227
v  -0.1225 -0.6750 -0.1242
v  -0.1227 -0.6750 -0.1258
v  -0.1225 -0.6750 -0.1273
v  -0.1219 -0.6750 -0.1288
v  -0.1209 -0.6750 -0.1301
v  -0.1197 -0.6750 -0.1311
v  -0.1166 -0.6750 -0.1196
v  -0.1166 -0.6750 -0.1195
v  -0.1150 -0.6750 -0.1197
v  -0.1150 -0.6873 -0.1197
v  -0.1166 -0.6873 -0.1195
v  -0.1135 -0.6750 -0.1203
v  -0.1122 -0.6750 -0.1213
v  -0.1122 -0.6873 -0.1213
v  -0.1135 -0.6873 -0.1203
v  -0.1214 -0.6873 -0.1209
v  -0.1214 -0.6750 -0.1209
v  -0.1225 -0.6750 -0.1223
v  -0.1225 -0.6873 -0.1223
v  -0.1220 -0.6873 -0.1226
v  -0.1226 -0.6873 -0.1241
v  -0.1226 -0.6750 -0.1241
v  -0.1220 -0.6750 -0.1226
v  -0.1150 -0.6750 -0.1318
v  -0.1148 -0.6750 -0.1324
v  -0.1132 -0.6750 -0.1317
v  -0.1132 -0.6873 -0.1317
v  -0.1148 -0.6873 -0.1324
v  -0.1107 -0.6873 -0.1292
v  -0.1107 -0.6750 -0.1292
v  -0.1100 -0.6750 -0.1275
v  -0.1100 -0.6873 -0.1275
v  -0.1132 -0.6873 -0.1198
v  -0.1118 -0.6873 -0.1209
v  -0.1118 -0.6750 -0.1209
v  -0.1132 -0.6750 -0.1198
v  -0.1184 -0.6873 -0.1192
v  -0.1166 -0.6873 -0.1189
v  -0.1166 -0.6750 -0.1189
v  -0.1184 -0.6750 -0.1192
v  -0.1122 -0.6750 -0.1302
v  -0.1135 -0.6750 -0.1312
v  -0.1184 -0.6750 -0.1324
v  -0.1184 -0.6873 -0.1324
v  -0.1225 -0.6873 -0.1292
v  -0.1225 -0.6750 -0.1292
v  -0.1104 -0.6873 -0.1258
v  -0.1104 -0.6750 -0.1258
v  -0.1210 -0.6750 -0.1302
v  -0.1122 -0.6873 -0.1302
v  -0.1229 -0.6873 -0.1258
v  -0.1229 -0.6750 -0.1258
v  -0.1210 -0.6873 -0.1213
v  -0.1210 -0.6750 -0.1213
v  -0.1166 -0.6873 -0.1326
v  -0.1150 -0.6873 -0.1318
v  -0.1118 -0.6873 -0.1306
v  -0.1135 -0.6873 -0.1312
v  -0.1098 -0.6873 -0.1258
v  -0.1100 -0.6873 -0.1240
v  -0.1106 -0.6873 -0.1241
v  -0.1112 -0.6873 -0.1226
v  -0.1107 -0.6873 -0.1223
v  -0.1148 -0.6873 -0.1192
v  -0.1200 -0.6873 -0.1198
v  -0.1232 -0.6873 -0.1240
v  -0.1234 -0.6873 -0.1258
v  -0.1226 -0.6873 -0.1274
v  -0.1232 -0.6873 -0.1275
v  -0.1220 -0.6873 -0.1289
v  -0.1210 -0.6873 -0.1302
v  -0.1197 -0.6873 -0.1312
v  -0.1197 -0.6750 -0.1312
v  -0.1106 -0.6750 -0.1241
v  -0.1112 -0.6750 -0.1226
v  -0.1200 -0.6750 -0.1198
v  -0.1098 -0.6750 -0.1258
v  -0.1100 -0.6750 -0.1240
v  -0.1118 -0.6750 -0.1306
v  -0.1107 -0.6750 -0.1223
v  -0.1232 -0.6750 -0.1240
v  -0.1234 -0.6750 -0.1258
v  -0.1166 -0.6750 -0.1326
v  -0.1148 -0.6750 -0.1192
v  -0.1232 -0.6750 -0.1275
v  -0.1248 -0.6127 0.1393
v  -0.1589 0.0006 0.1434
v  -0.1577 0.0006 0.1435
v  -0.1235 -0.6126 0.1394
v  -0.1260 -0.6127 0.1130
v  -0.1589 0.0006 0.1090
v  -0.1602 0.0005 0.1089
v  -0.1248 -0.6127 0.1132
v  -0.1270 -0.6133 0.1461
v  -0.1601 0.0005 0.1528
v  -0.1613 0.0004 0.1524
v  -0.1259 -0.6133 0.1464
v  -0.1200 -0.6362 0.1311
v  -0.1193 -0.6353 0.1309
v  -0.1194 -0.6329 0.1354
v  -0.1201 -0.6338 0.1357
v  -0.1203 -0.6300 0.1397
v  -0.1196 -0.6292 0.1392
v  -0.1199 -0.6244 0.1421
v  -0.1206 -0.6249 0.1428
v  -0.1249 -0.6311 0.1120
v  -0.1247 -0.6351 0.1162
v  -0.1258 -0.6348 0.1164
v  -0.1261 -0.6308 0.1123
v  -0.1209 -0.6191 0.1448
v  -0.1219 -0.6193 0.1453
v  -0.1216 -0.6253 0.1433
v  -0.1198 -0.6260 0.1158
v  -0.1200 -0.6221 0.1134
v  -0.1208 -0.6216 0.1141
v  -0.1206 -0.6253 0.1163
v  -0.1289 -0.6237 0.1406
v  -0.1288 -0.6231 0.1398
v  -0.1285 -0.6273 0.1373
v  -0.1287 -0.6281 0.1379
v  -0.1230 -0.6212 0.1375
v  -0.1219 -0.6213 0.1379
v  -0.1217 -0.6249 0.1357
v  -0.1228 -0.6246 0.1354
v  -0.1227 -0.6272 0.1197
v  -0.1239 -0.6272 0.1197
v  -0.1239 -0.6288 0.1229
v  -0.1226 -0.6289 0.1228
v  -0.1547 0.0008 0.1505
v  -0.1205 -0.6129 0.1447
v  -0.1201 -0.6128 0.1438
v  -0.1543 0.0008 0.1494
v  -0.1286 -0.6180 0.1406
v  -0.1283 -0.6225 0.1390
v  -0.1290 -0.6183 0.1414
v  -0.1219 -0.6213 0.1146
v  -0.1217 -0.6249 0.1167
v  -0.1193 -0.6267 0.1152
v  -0.1195 -0.6226 0.1127
v  -0.1230 -0.6195 0.1067
v  -0.1219 -0.6193 0.1071
v  -0.1216 -0.6253 0.1091
v  -0.1227 -0.6256 0.1088
v  -0.1279 -0.6177 0.1126
v  -0.1281 -0.6129 0.1121
v  -0.1289 -0.6130 0.1113
v  -0.1286 -0.6180 0.1119
v  -0.1281 -0.6129 0.1404
v  -0.1623 0.0004 0.1448
v  -0.1613 0.0004 0.1440
v  -0.1271 -0.6128 0.1398
v  -0.1278 -0.6319 0.1262
v  -0.1271 -0.6309 0.1262
v  -0.1272 -0.6303 0.1226
v  -0.1278 -0.6313 0.1224
v  -0.1577 0.0006 0.1089
v  -0.1235 -0.6126 0.1130
v  -0.1282 -0.6325 0.1175
v  -0.1285 -0.6315 0.1179
v  -0.1287 -0.6281 0.1145
v  -0.1284 -0.6289 0.1138
v  -0.1206 -0.6126 0.1411
v  -0.1214 -0.6126 0.1403
v  -0.1548 0.0008 0.1457
v  -0.1555 0.0007 0.1448
v  -0.1245 -0.6172 0.1388
v  -0.1233 -0.6172 0.1389
v  -0.1277 -0.6194 0.1448
v  -0.1274 -0.6253 0.1428
v  -0.1264 -0.6256 0.1433
v  -0.1267 -0.6196 0.1454
v  -0.1276 -0.6358 0.1310
v  -0.1281 -0.6347 0.1307
v  -0.1281 -0.6355 0.1262
v  -0.1275 -0.6366 0.1262
v  -0.1280 -0.6133 0.1455
v  -0.1623 0.0004 0.1516
v  -0.1267 -0.6366 0.1311
v  -0.1269 -0.6342 0.1358
v  -0.1277 -0.6334 0.1354
v  -0.1289 -0.6237 0.1118
v  -0.1288 -0.6231 0.1126
v  -0.1290 -0.6183 0.1110
v  -0.1292 -0.6187 0.1101
v  -0.1245 -0.6377 0.1210
v  -0.1245 -0.6386 0.1262
v  -0.1257 -0.6382 0.1262
v  -0.1257 -0.6373 0.1211
v  -0.1284 -0.6289 0.1386
v  -0.1282 -0.6325 0.1350
v  -0.1279 -0.6297 0.1392
v  -0.1258 -0.6348 0.1360
v  -0.1247 -0.6351 0.1362
v  -0.1249 -0.6311 0.1404
v  -0.1261 -0.6308 0.1402
v  -0.1239 -0.6258 0.1087
v  -0.1243 -0.6196 0.1066
v  -0.1282 -0.6249 0.1102
v  -0.1285 -0.6192 0.1083
v  -0.1277 -0.6194 0.1076
v  -0.1274 -0.6253 0.1096
v  -0.1220 -0.6375 0.1314
v  -0.1222 -0.6350 0.1362
v  -0.1234 -0.6352 0.1363
v  -0.1233 -0.6378 0.1314
v  -0.1285 -0.6273 0.1151
v  -0.1279 -0.6177 0.1398
v  -0.1276 -0.6220 0.1384
v  -0.1213 -0.6305 0.1401
v  -0.1211 -0.6345 0.1360
v  -0.1543 0.0008 0.1055
v  -0.1206 -0.6126 0.1114
v  -0.1201 -0.6126 0.1105
v  -0.1548 0.0008 0.1067
v  -0.1245 -0.6172 0.1137
v  -0.1243 -0.6212 0.1150
v  -0.1230 -0.6212 0.1149
v  -0.1233 -0.6172 0.1135
v  -0.1271 -0.6128 0.1126
v  -0.1613 0.0004 0.1084
v  -0.1203 -0.6176 0.1405
v  -0.1211 -0.6174 0.1398
v  -0.1239 -0.6272 0.1327
v  -0.1227 -0.6272 0.1327
v  -0.1226 -0.6289 0.1296
v  -0.1239 -0.6288 0.1296
v  -0.1226 -0.6295 0.1262
v  -0.1238 -0.6294 0.1262
v  -0.1271 -0.6303 0.1127
v  -0.1279 -0.6297 0.1132
v  -0.1224 -0.6126 0.1397
v  -0.1565 0.0007 0.1440
v  -0.1623 0.0004 0.1076
v  -0.1203 -0.6176 0.1119
v  -0.1198 -0.6178 0.1111
v  -0.1283 -0.6336 0.1219
v  -0.1283 -0.6324 0.1222
v  -0.1284 -0.6304 0.1184
v  -0.1196 -0.6181 0.1423
v  -0.1198 -0.6178 0.1414
v  -0.1201 -0.6126 0.1419
v  -0.1199 -0.6127 0.1429
v  -0.1288 -0.6133 0.1448
v  -0.1290 -0.6190 0.1432
v  -0.1285 -0.6192 0.1441
v  -0.1293 -0.6133 0.1439
v  -0.1234 -0.6132 0.1060
v  -0.1576 0.0006 0.0996
v  -0.1565 0.0007 0.1001
v  -0.1222 -0.6131 0.1064
v  -0.1257 -0.6173 0.1135
v  -0.1255 -0.6213 0.1149
v  -0.1259 -0.6133 0.1060
v  -0.1601 0.0005 0.0996
v  -0.1589 0.0006 0.0994
v  -0.1246 -0.6132 0.1059
v  -0.1265 -0.6251 0.1357
v  -0.1253 -0.6247 0.1355
v  -0.1252 -0.6274 0.1327
v  -0.1263 -0.6279 0.1329
v  -0.1290 -0.6190 0.1092
v  -0.1287 -0.6243 0.1110
v  -0.1252 -0.6258 0.1436
v  -0.1211 -0.6174 0.1126
v  -0.1292 -0.6187 0.1423
v  -0.1221 -0.6172 0.1392
v  -0.1241 -0.6246 0.1171
v  -0.1228 -0.6246 0.1170
v  -0.1257 -0.6373 0.1313
v  -0.1245 -0.6377 0.1314
v  -0.1211 -0.6345 0.1164
v  -0.1201 -0.6338 0.1167
v  -0.1200 -0.6362 0.1213
v  -0.1209 -0.6370 0.1211
v  -0.1209 -0.6370 0.1313
v  -0.1220 -0.6384 0.1262
v  -0.1209 -0.6379 0.1262
v  -0.1589 0.0006 0.1530
v  -0.1246 -0.6132 0.1465
v  -0.1208 -0.6216 0.1383
v  -0.1255 -0.6196 0.1067
v  -0.1189 -0.6342 0.1307
v  -0.1188 -0.6330 0.1305
v  -0.1189 -0.6309 0.1345
v  -0.1190 -0.6319 0.1349
v  -0.1264 -0.6256 0.1091
v  -0.1251 -0.6290 0.1296
v  -0.1199 -0.6244 0.1103
v  -0.1202 -0.6188 0.1084
v  -0.1197 -0.6185 0.1092
v  -0.1194 -0.6238 0.1110
v  -0.1243 -0.6212 0.1374
v  -0.1266 -0.6216 0.1145
v  -0.1269 -0.6175 0.1132
v  -0.1280 -0.6294 0.1188
v  -0.1281 -0.6264 0.1158
v  -0.1635 0.0003 0.1470
v  -0.1289 -0.6130 0.1411
v  -0.1293 -0.6131 0.1420
v  -0.1631 0.0004 0.1458
v  -0.1224 -0.6309 0.1120
v  -0.1213 -0.6305 0.1123
v  -0.1222 -0.6350 0.1162
v  -0.1630 0.0004 0.1506
v  -0.1257 -0.6173 0.1389
v  -0.1260 -0.6127 0.1394
v  -0.1271 -0.6303 0.1397
v  -0.1215 -0.6276 0.1329
v  -0.1255 -0.6213 0.1376
v  -0.1555 0.0007 0.1009
v  -0.1205 -0.6129 0.1077
v  -0.1213 -0.6130 0.1070
v  -0.1547 0.0008 0.1019
v  -0.1253 -0.6247 0.1170
v  -0.1265 -0.6251 0.1167
v  -0.1295 -0.6132 0.1429
v  -0.1272 -0.6285 0.1192
v  -0.1274 -0.6257 0.1163
v  -0.1241 -0.6246 0.1354
v  -0.1192 -0.6361 0.1262
v  -0.1193 -0.6353 0.1215
v  -0.1189 -0.6342 0.1217
v  -0.1188 -0.6349 0.1262
v  -0.1205 -0.6281 0.1332
v  -0.1204 -0.6299 0.1298
v  -0.1214 -0.6293 0.1297
v  -0.1199 -0.6371 0.1262
v  -0.1196 -0.6292 0.1132
v  -0.1192 -0.6284 0.1139
v  -0.1190 -0.6319 0.1175
v  -0.1194 -0.6329 0.1171
v  -0.1236 -0.6311 0.1119
v  -0.1234 -0.6352 0.1161
v  -0.1251 -0.6290 0.1228
v  -0.1252 -0.6274 0.1197
v  -0.1190 -0.6319 0.1222
v  -0.1191 -0.6299 0.1184
v  -0.1197 -0.6289 0.1189
v  -0.1196 -0.6308 0.1224
v  -0.1190 -0.6319 0.1302
v  -0.1191 -0.6299 0.1340
v  -0.1189 -0.6309 0.1180
v  -0.1188 -0.6330 0.1219
v  -0.1201 -0.6128 0.1086
v  -0.1197 -0.6185 0.1432
v  -0.1192 -0.6284 0.1386
v  -0.1191 -0.6276 0.1379
v  -0.1214 -0.6293 0.1227
v  -0.1215 -0.6276 0.1195
v  -0.1224 -0.6126 0.1127
v  -0.1555 0.0007 0.1077
v  -0.1565 0.0007 0.1084
v  -0.1214 -0.6126 0.1121
v  -0.1252 -0.6258 0.1088
v  -0.1220 -0.6375 0.1210
v  -0.1221 -0.6172 0.1132
v  -0.1263 -0.6279 0.1195
v  -0.1203 -0.6305 0.1262
v  -0.1214 -0.6298 0.1262
v  -0.1280 -0.6133 0.1069
v  -0.1623 0.0004 0.1008
v  -0.1613 0.0004 0.1001
v  -0.1270 -0.6133 0.1063
v  -0.1213 -0.6130 0.1455
v  -0.1222 -0.6131 0.1460
v  -0.1602 0.0005 0.1436
v  -0.1635 0.0003 0.1054
v  -0.1293 -0.6131 0.1104
v  -0.1631 0.0004 0.1066
v  -0.1282 -0.6249 0.1422
v  -0.1267 -0.6196 0.1071
v  -0.1195 -0.6226 0.1398
v  -0.1193 -0.6232 0.1406
v  -0.1193 -0.6267 0.1372
v  -0.1236 -0.6311 0.1405
v  -0.1224 -0.6309 0.1404
v  -0.1284 -0.6304 0.1340
v  -0.1285 -0.6315 0.1345
v  -0.1255 -0.6196 0.1457
v  -0.1206 -0.6253 0.1361
v  -0.1283 -0.6225 0.1134
v  -0.1276 -0.6220 0.1140
v  -0.1281 -0.6347 0.1217
v  -0.1239 -0.6258 0.1437
v  -0.1227 -0.6256 0.1436
v  -0.1269 -0.6175 0.1393
v  -0.1266 -0.6216 0.1379
v  -0.1267 -0.6366 0.1213
v  -0.1267 -0.6375 0.1262
v  -0.1197 -0.6289 0.1336
v  -0.1196 -0.6308 0.1300
v  -0.1543 0.0008 0.1030
v  -0.1199 -0.6127 0.1095
v  -0.1541 0.0008 0.1043
v  -0.1191 -0.6276 0.1145
v  -0.1543 0.0008 0.1469
v  -0.1209 -0.6191 0.1076
v  -0.1206 -0.6249 0.1096
v  -0.1635 0.0003 0.1495
v  -0.1278 -0.6313 0.1300
v  -0.1280 -0.6294 0.1336
v  -0.1272 -0.6285 0.1332
v  -0.1272 -0.6303 0.1298
v  -0.1196 -0.6181 0.1102
v  -0.1274 -0.6257 0.1361
v  -0.1281 -0.6264 0.1367
v  -0.1283 -0.6324 0.1303
v  -0.1283 -0.6336 0.1305
v  -0.1194 -0.6238 0.1414
v  -0.1287 -0.6243 0.1414
v  -0.1269 -0.6342 0.1167
v  -0.1277 -0.6334 0.1170
v  -0.1187 -0.6337 0.1262
v  -0.1190 -0.6325 0.1262
v  -0.1203 -0.6300 0.1127
v  -0.1276 -0.6358 0.1215
v  -0.1193 -0.6232 0.1118
v  -0.1262 -0.6301 0.1262
v  -0.1262 -0.6296 0.1227
v  -0.1262 -0.6296 0.1297
v  -0.1250 -0.6296 0.1262
v  -0.1282 -0.6331 0.1262
v  -0.1283 -0.6343 0.1262
v  -0.1637 0.0003 0.1482
v  -0.1195 -0.6314 0.1262
v  -0.1200 -0.6221 0.1390
v  -0.1198 -0.6260 0.1366
v  -0.1635 0.0003 0.1030
v  -0.1293 -0.6133 0.1085
v  -0.1295 -0.6132 0.1095
v  -0.1637 0.0003 0.1042
v  -0.1232 -0.6386 0.1262
v  -0.1204 -0.6299 0.1226
v  -0.1288 -0.6133 0.1077
v  -0.1630 0.0004 0.1018
v  -0.1541 0.0008 0.1481
v  -0.1233 -0.6378 0.1210
v  -0.1243 -0.6196 0.1458
v  -0.1555 0.0007 0.1515
v  -0.1565 0.0007 0.1523
v  -0.1205 -0.6281 0.1192
v  -0.1230 -0.6195 0.1457
v  -0.1234 -0.6132 0.1464
v  -0.1576 0.0006 0.1528
v  -0.1202 -0.6188 0.1440
v  -0.1242 -0.7099 0.1176
v  -0.1242 -0.7196 0.1164
v  -0.1242 -0.7293 0.1176
v  -0.1242 -0.7009 0.1214
v  -0.1242 -0.6932 0.1273
v  -0.1242 -0.7383 0.1214
v  -0.1242 -0.7461 0.1273
v  -0.1242 -0.6872 0.1351
v  -0.1242 -0.7520 0.1351
v  -0.1242 -0.6835 0.1441
v  -0.1242 -0.7557 0.1441
v  -0.1242 -0.6822 0.1538
v  -0.1242 -0.7570 0.1538
v  -0.1242 -0.6835 0.1635
v  -0.1242 -0.7557 0.1635
v  -0.1242 -0.6872 0.1725
v  -0.1242 -0.7520 0.1725
v  -0.1242 -0.6932 0.1802
v  -0.1242 -0.7461 0.1802
v  -0.1242 -0.7009 0.1862
v  -0.1242 -0.7099 0.1899
v  -0.1242 -0.7383 0.1862
v  -0.1242 -0.7196 0.1912
v  -0.1242 -0.7293 0.1899
v  -0.1175 -0.7196 0.1148
v  -0.1175 -0.7095 0.1161
v  -0.1175 -0.7391 0.1200
v  -0.1175 -0.7297 0.1161
v  -0.1175 -0.7001 0.1200
v  -0.1175 -0.7472 0.1262
v  -0.1175 -0.7534 0.1343
v  -0.1175 -0.6920 0.1262
v  -0.1175 -0.6819 0.1437
v  -0.1175 -0.6858 0.1343
v  -0.1175 -0.7586 0.1538
v  -0.1175 -0.7573 0.1437
v  -0.1175 -0.7573 0.1639
v  -0.1175 -0.6806 0.1538
v  -0.1175 -0.6819 0.1639
v  -0.1175 -0.7534 0.1733
v  -0.1175 -0.6920 0.1814
v  -0.1175 -0.6858 0.1733
v  -0.1175 -0.7391 0.1875
v  -0.1175 -0.7472 0.1814
v  -0.1175 -0.7297 0.1914
v  -0.1175 -0.7001 0.1875
v  -0.1175 -0.7095 0.1914
v  -0.1175 -0.7196 0.1928
v  -0.1241 -0.7097 0.1908
v  -0.1241 -0.7196 0.1921
v  -0.1240 -0.7196 0.1923
v  -0.1240 -0.7096 0.1910
v  -0.1241 -0.7388 0.1206
v  -0.1241 -0.7295 0.1168
v  -0.1240 -0.7296 0.1166
v  -0.1240 -0.7389 0.1204
v  -0.1233 -0.7472 0.1262
v  -0.1233 -0.7391 0.1200
v  -0.1231 -0.7391 0.1200
v  -0.1231 -0.7472 0.1262
v  -0.1231 -0.7196 0.1928
v  -0.1231 -0.7095 0.1914
v  -0.1233 -0.7095 0.1914
v  -0.1233 -0.7196 0.1928
v  -0.1233 -0.7586 0.1538
v  -0.1231 -0.7586 0.1538
v  -0.1231 -0.7573 0.1639
v  -0.1233 -0.7573 0.1639
v  -0.1237 -0.6922 0.1812
v  -0.1235 -0.6921 0.1813
v  -0.1235 -0.6859 0.1732
v  -0.1237 -0.6860 0.1732
v  -0.1231 -0.7095 0.1161
v  -0.1231 -0.7001 0.1200
v  -0.1241 -0.7579 0.1538
v  -0.1241 -0.7566 0.1439
v  -0.1240 -0.7568 0.1438
v  -0.1240 -0.7581 0.1538
v  -0.1233 -0.7297 0.1914
v  -0.1235 -0.7297 0.1914
v  -0.1235 -0.7391 0.1875
v  -0.1233 -0.7391 0.1875
v  -0.1240 -0.7468 0.1266
v  -0.1241 -0.7467 0.1267
v  -0.1240 -0.6863 0.1345
v  -0.1240 -0.6924 0.1266
v  -0.1241 -0.6925 0.1267
v  -0.1241 -0.6864 0.1346
v  -0.1241 -0.7005 0.1206
v  -0.1240 -0.7004 0.1204
v  -0.1240 -0.7529 0.1345
v  -0.1239 -0.7531 0.1344
v  -0.1239 -0.7570 0.1438
v  -0.1242 -0.6815 0.1538
v  -0.1242 -0.6828 0.1439
v  -0.1242 -0.6830 0.1440
v  -0.1242 -0.6817 0.1538
v  -0.1239 -0.7196 0.1924
v  -0.1239 -0.7096 0.1911
v  -0.1242 -0.7575 0.1538
v  -0.1242 -0.7562 0.1440
v  -0.1242 -0.7564 0.1439
v  -0.1242 -0.7577 0.1538
v  -0.1240 -0.7004 0.1871
v  -0.1241 -0.7005 0.1869
v  -0.1231 -0.6858 0.1733
v  -0.1231 -0.6819 0.1639
v  -0.1239 -0.6861 0.1344
v  -0.1239 -0.6923 0.1264
v  -0.1239 -0.7003 0.1873
v  -0.1237 -0.7002 0.1874
v  -0.1239 -0.6923 0.1811
v  -0.1231 -0.7534 0.1343
v  -0.1233 -0.7534 0.1343
v  -0.1242 -0.7464 0.1270
v  -0.1242 -0.7465 0.1268
v  -0.1242 -0.7526 0.1347
v  -0.1242 -0.7524 0.1348
v  -0.1242 -0.7196 0.1916
v  -0.1242 -0.7294 0.1904
v  -0.1242 -0.7295 0.1906
v  -0.1242 -0.7196 0.1919
v  -0.1242 -0.6866 0.1347
v  -0.1242 -0.6868 0.1348
v  -0.1239 -0.7531 0.1731
v  -0.1237 -0.7532 0.1732
v  -0.1237 -0.7470 0.1812
v  -0.1239 -0.7469 0.1811
v  -0.1241 -0.7528 0.1346
v  -0.1233 -0.7095 0.1161
v  -0.1233 -0.7001 0.1200
v  -0.1242 -0.7465 0.1807
v  -0.1242 -0.7526 0.1728
v  -0.1241 -0.7528 0.1729
v  -0.1241 -0.7467 0.1809
v  -0.1237 -0.7296 0.1163
v  -0.1237 -0.7196 0.1150
v  -0.1235 -0.7196 0.1149
v  -0.1235 -0.7297 0.1162
v  -0.1235 -0.7095 0.1914
v  -0.1235 -0.7196 0.1927
v  -0.1240 -0.7568 0.1637
v  -0.1240 -0.7529 0.1730
v  -0.1241 -0.7566 0.1637
v  -0.1241 -0.7097 0.1168
v  -0.1241 -0.7196 0.1155
v  -0.1242 -0.7196 0.1157
v  -0.1242 -0.7097 0.1170
v  -0.1233 -0.6820 0.1639
v  -0.1235 -0.6820 0.1638
v  -0.1233 -0.6859 0.1733
v  -0.1242 -0.7006 0.1868
v  -0.1241 -0.6925 0.1809
v  -0.1242 -0.6927 0.1807
v  -0.1235 -0.6807 0.1538
v  -0.1233 -0.6806 0.1538
v  -0.1233 -0.6820 0.1437
v  -0.1235 -0.6820 0.1437
v  -0.1231 -0.7573 0.1437
v  -0.1233 -0.7573 0.1437
v  -0.1231 -0.6806 0.1538
v  -0.1233 -0.7534 0.1733
v  -0.1231 -0.7534 0.1733
v  -0.1242 -0.7386 0.1208
v  -0.1235 -0.7095 0.1162
v  -0.1233 -0.7196 0.1148
v  -0.1231 -0.7472 0.1814
v  -0.1233 -0.7297 0.1161
v  -0.1237 -0.7390 0.1202
v  -0.1239 -0.7389 0.1203
v  -0.1239 -0.7296 0.1164
v  -0.1239 -0.7296 0.1911
v  -0.1237 -0.7296 0.1913
v  -0.1237 -0.7196 0.1926
v  -0.1241 -0.6813 0.1538
v  -0.1241 -0.6826 0.1439
v  -0.1233 -0.6920 0.1813
v  -0.1240 -0.7389 0.1871
v  -0.1240 -0.7468 0.1810
v  -0.1239 -0.7389 0.1873
v  -0.1239 -0.6823 0.1638
v  -0.1240 -0.6824 0.1637
v  -0.1240 -0.6863 0.1730
v  -0.1239 -0.6861 0.1731
v  -0.1242 -0.7295 0.1170
v  -0.1231 -0.6920 0.1814
v  -0.1231 -0.7001 0.1875
v  -0.1239 -0.7003 0.1203
v  -0.1237 -0.7002 0.1202
v  -0.1237 -0.7096 0.1163
v  -0.1239 -0.7096 0.1164
v  -0.1235 -0.7001 0.1201
v  -0.1235 -0.6921 0.1263
v  -0.1233 -0.6920 0.1262
v  -0.1242 -0.6927 0.1268
v  -0.1242 -0.7006 0.1208
v  -0.1237 -0.6821 0.1437
v  -0.1237 -0.6808 0.1538
v  -0.1231 -0.7297 0.1161
v  -0.1231 -0.7196 0.1148
v  -0.1233 -0.6859 0.1343
v  -0.1231 -0.6819 0.1437
v  -0.1231 -0.6858 0.1343
v  -0.1242 -0.7097 0.1906
v  -0.1242 -0.7098 0.1904
v  -0.1240 -0.6924 0.1810
v  -0.1242 -0.7564 0.1636
v  -0.1239 -0.7469 0.1264
v  -0.1237 -0.7470 0.1263
v  -0.1237 -0.7532 0.1344
v  -0.1237 -0.7571 0.1638
v  -0.1235 -0.7572 0.1638
v  -0.1235 -0.7533 0.1732
v  -0.1239 -0.7570 0.1638
v  -0.1233 -0.7472 0.1813
v  -0.1241 -0.6826 0.1637
v  -0.1241 -0.6864 0.1729
v  -0.1240 -0.6824 0.1438
v  -0.1239 -0.7583 0.1538
v  -0.1242 -0.7196 0.1159
v  -0.1242 -0.7098 0.1172
v  -0.1242 -0.7007 0.1210
v  -0.1242 -0.6928 0.1270
v  -0.1242 -0.6830 0.1636
v  -0.1242 -0.6868 0.1727
v  -0.1242 -0.6928 0.1806
v  -0.1242 -0.7007 0.1866
v  -0.1242 -0.7385 0.1866
v  -0.1242 -0.7464 0.1806
v  -0.1242 -0.7524 0.1727
v  -0.1242 -0.7562 0.1636
v  -0.1242 -0.7385 0.1210
v  -0.1242 -0.7294 0.1172
v  -0.1239 -0.7196 0.1151
v  -0.1240 -0.7196 0.1153
v  -0.1240 -0.7096 0.1166
v  -0.1242 -0.6866 0.1728
v  -0.1237 -0.7390 0.1874
v  -0.1231 -0.7391 0.1875
v  -0.1235 -0.6859 0.1343
v  -0.1240 -0.6811 0.1538
v  -0.1231 -0.7297 0.1914
v  -0.1233 -0.7001 0.1875
v  -0.1235 -0.7471 0.1813
v  -0.1235 -0.7391 0.1201
v  -0.1242 -0.6828 0.1636
v  -0.1231 -0.6920 0.1262
v  -0.1235 -0.7471 0.1263
v  -0.1241 -0.7295 0.1908
v  -0.1242 -0.7386 0.1868
v  -0.1241 -0.7388 0.1869
v  -0.1235 -0.7585 0.1538
v  -0.1237 -0.7584 0.1538
v  -0.1237 -0.7571 0.1437
v  -0.1235 -0.7572 0.1437
v  -0.1240 -0.7296 0.1910
v  -0.1237 -0.6922 0.1263
v  -0.1237 -0.6860 0.1344
v  -0.1235 -0.7533 0.1343
v  -0.1237 -0.6821 0.1638
v  -0.1237 -0.7096 0.1913
v  -0.1239 -0.6809 0.1538
v  -0.1239 -0.6823 0.1438
v  -0.1235 -0.7001 0.1875
v  -0.1150 0.0013 0.1204
v  -0.1131 0.0013 0.1202
v  -0.1131 -0.6739 0.1202
v  -0.1150 -0.6739 0.1204
v  -0.1112 0.0013 0.1204
v  -0.1112 -0.6739 0.1204
v  -0.1094 -0.6739 0.1212
v  -0.1131 -0.6739 0.1213
v  -0.1167 -0.6739 0.1212
v  -0.1079 -0.6739 0.1223
v  -0.1114 -0.6739 0.1215
v  -0.1087 -0.6739 0.1231
v  -0.1099 -0.6739 0.1221
v  -0.1067 -0.6739 0.1239
v  -0.1077 -0.6739 0.1244
v  -0.1060 -0.6739 0.1256
v  -0.1070 -0.6739 0.1259
v  -0.1057 -0.6739 0.1275
v  -0.1068 -0.6739 0.1275
v  -0.1060 -0.6739 0.1294
v  -0.1070 -0.6739 0.1291
v  -0.1067 -0.6739 0.1312
v  -0.1077 -0.6739 0.1306
v  -0.1079 -0.6739 0.1327
v  -0.1087 -0.6739 0.1319
v  -0.1099 -0.6739 0.1329
v  -0.1094 -0.6739 0.1339
v  -0.1131 -0.6739 0.1338
v  -0.1114 -0.6739 0.1336
v  -0.1147 -0.6739 0.1336
v  -0.1167 -0.6739 0.1339
v  -0.1183 -0.6739 0.1327
v  -0.1162 -0.6739 0.1329
v  -0.1194 -0.6739 0.1312
v  -0.1175 -0.6739 0.1319
v  -0.1201 -0.6739 0.1294
v  -0.1185 -0.6739 0.1306
v  -0.1204 -0.6739 0.1275
v  -0.1191 -0.6739 0.1291
v  -0.1191 -0.6739 0.1259
v  -0.1193 -0.6739 0.1275
v  -0.1185 -0.6739 0.1244
v  -0.1201 -0.6739 0.1256
v  -0.1175 -0.6739 0.1231
v  -0.1194 -0.6739 0.1239
v  -0.1162 -0.6739 0.1221
v  -0.1183 -0.6739 0.1223
v  -0.1147 -0.6739 0.1215
v  -0.1112 -0.6739 0.1346
v  -0.1150 -0.6739 0.1346
v  -0.1131 -0.6739 0.1348
v  -0.1057 0.0013 0.1275
v  -0.1060 0.0013 0.1294
v  -0.1183 0.0013 0.1223
v  -0.1167 0.0013 0.1212
v  -0.1201 0.0013 0.1294
v  -0.1194 0.0013 0.1312
v  -0.1201 0.0013 0.1256
v  -0.1194 0.0013 0.1239
v  -0.1204 0.0013 0.1275
v  -0.1079 0.0013 0.1223
v  -0.1067 0.0013 0.1239
v  -0.1094 0.0013 0.1339
v  -0.1112 0.0013 0.1346
v  -0.1094 0.0013 0.1212
v  -0.1131 0.0013 0.1348
v  -0.1167 0.0013 0.1339
v  -0.1183 0.0013 0.1327
v  -0.1079 0.0013 0.1327
v  -0.1067 0.0013 0.1312
v  -0.1150 0.0013 0.1346
v  -0.1060 0.0013 0.1256
v  -0.1113 -0.7040 0.1285
v  -0.1113 -0.6750 0.1285
v  -0.1116 -0.6750 0.1290
v  -0.1116 -0.7040 0.1290
v  -0.1151 -0.6750 0.1281
v  -0.1151 -0.6750 0.1275
v  -0.1151 -0.7040 0.1275
v  -0.1151 -0.7040 0.1281
v  -0.1145 -0.7040 0.1290
v  -0.1141 -0.7040 0.1293
v  -0.1141 -0.6750 0.1293
v  -0.1145 -0.6750 0.1290
v  -0.1136 -0.7040 0.1295
v  -0.1131 -0.7040 0.1296
v  -0.1131 -0.6750 0.1296
v  -0.1136 -0.6750 0.1295
v  -0.1151 -0.7040 0.1270
v  -0.1151 -0.6750 0.1270
v  -0.1149 -0.6750 0.1265
v  -0.1149 -0.7040 0.1265
v  -0.1110 -0.7040 0.1275
v  -0.1110 -0.6750 0.1275
v  -0.1111 -0.6750 0.1281
v  -0.1111 -0.7040 0.1281
v  -0.1116 -0.7040 0.1261
v  -0.1116 -0.6750 0.1261
v  -0.1113 -0.6750 0.1265
v  -0.1113 -0.7040 0.1265
v  -0.1136 -0.6750 0.1255
v  -0.1136 -0.7040 0.1255
v  -0.1141 -0.7040 0.1257
v  -0.1141 -0.6750 0.1257
v  -0.1149 -0.7040 0.1285
v  -0.1149 -0.6750 0.1285
v  -0.1125 -0.6750 0.1255
v  -0.1120 -0.6750 0.1257
v  -0.1120 -0.7040 0.1257
v  -0.1125 -0.7040 0.1255
v  -0.1131 -0.7040 0.1254
v  -0.1145 -0.7040 0.1261
v  -0.1111 -0.7040 0.1270
v  -0.1120 -0.7040 0.1293
v  -0.1125 -0.7040 0.1295
v  -0.1131 -0.6750 0.1221
v  -0.1117 -0.6750 0.1223
v  -0.1104 -0.6750 0.1229
v  -0.1145 -0.6750 0.1223
v  -0.1158 -0.6750 0.1229
v  -0.1093 -0.6750 0.1237
v  -0.1084 -0.6750 0.1248
v  -0.1169 -0.6750 0.1237
v  -0.1079 -0.6750 0.1261
v  -0.1177 -0.6750 0.1248
v  -0.1131 -0.6750 0.1254
v  -0.1077 -0.6750 0.1275
v  -0.1111 -0.6750 0.1270
v  -0.1079 -0.6750 0.1289
v  -0.1084 -0.6750 0.1302
v  -0.1120 -0.6750 0.1293
v  -0.1125 -0.6750 0.1295
v  -0.1177 -0.6750 0.1302
v  -0.1183 -0.6750 0.1289
v  -0.1185 -0.6750 0.1275
v  -0.1183 -0.6750 0.1261
v  -0.1145 -0.6750 0.1261
v  -0.1169 -0.6750 0.1313
v  -0.1093 -0.6750 0.1313
v  -0.1158 -0.6750 0.1322
v  -0.1104 -0.6750 0.1322
v  -0.1117 -0.6750 0.1327
v  -0.1145 -0.6750 0.1327
v  -0.1131 -0.6750 0.1329
v  -0.1162 -0.6750 0.1329
v  -0.1147 -0.6750 0.1336
v  -0.1147 -0.6873 0.1336
v  -0.1162 -0.6873 0.1329
v  -0.1191 -0.6750 0.1259
v  -0.1185 -0.6750 0.1244
v  -0.1070 -0.6750 0.1259
v  -0.1077 -0.6750 0.1244
v  -0.1077 -0.6873 0.1244
v  -0.1070 -0.6873 0.1259
v  -0.1179 -0.6750 0.1227
v  -0.1165 -0.6750 0.1216
v  -0.1165 -0.6873 0.1216
v  -0.1179 -0.6873 0.1227
v  -0.1147 -0.6873 0.1215
v  -0.1131 -0.6873 0.1213
v  -0.1131 -0.6750 0.1213
v  -0.1147 -0.6750 0.1215
v  -0.1131 -0.6750 0.1214
v  -0.1115 -0.6750 0.1216
v  -0.1100 -0.6750 0.1222
v  -0.1147 -0.6750 0.1216
v  -0.1087 -0.6750 0.1232
v  -0.1078 -0.6750 0.1245
v  -0.1072 -0.6750 0.1259
v  -0.1069 -0.6750 0.1275
v  -0.1072 -0.6750 0.1291
v  -0.1078 -0.6750 0.1306
v  -0.1087 -0.6750 0.1318
v  -0.1100 -0.6750 0.1328
v  -0.1115 -0.6750 0.1334
v  -0.1147 -0.6750 0.1334
v  -0.1161 -0.6750 0.1328
v  -0.1174 -0.6750 0.1318
v  -0.1184 -0.6750 0.1306
v  -0.1190 -0.6750 0.1291
v  -0.1192 -0.6750 0.1275
v  -0.1190 -0.6750 0.1259
v  -0.1184 -0.6750 0.1245
v  -0.1174 -0.6750 0.1232
v  -0.1161 -0.6750 0.1222
v  -0.1131 -0.6750 0.1336
v  -0.1131 -0.6750 0.1338
v  -0.1114 -0.6750 0.1336
v  -0.1114 -0.6873 0.1336
v  -0.1131 -0.6873 0.1338
v  -0.1099 -0.6750 0.1329
v  -0.1087 -0.6750 0.1319
v  -0.1087 -0.6873 0.1319
v  -0.1099 -0.6873 0.1329
v  -0.1179 -0.6873 0.1323
v  -0.1179 -0.6750 0.1323
v  -0.1190 -0.6750 0.1309
v  -0.1190 -0.6873 0.1309
v  -0.1185 -0.6873 0.1306
v  -0.1191 -0.6873 0.1291
v  -0.1191 -0.6750 0.1291
v  -0.1185 -0.6750 0.1306
v  -0.1114 -0.6750 0.1215
v  -0.1113 -0.6750 0.1209
v  -0.1097 -0.6750 0.1216
v  -0.1097 -0.6873 0.1216
v  -0.1113 -0.6873 0.1209
v  -0.1072 -0.6873 0.1241
v  -0.1072 -0.6750 0.1241
v  -0.1065 -0.6750 0.1257
v  -0.1065 -0.6873 0.1257
v  -0.1097 -0.6873 0.1334
v  -0.1082 -0.6873 0.1323
v  -0.1082 -0.6750 0.1323
v  -0.1097 -0.6750 0.1334
v  -0.1148 -0.6873 0.1341
v  -0.1131 -0.6873 0.1343
v  -0.1131 -0.6750 0.1343
v  -0.1148 -0.6750 0.1341
v  -0.1087 -0.6750 0.1231
v  -0.1099 -0.6750 0.1221
v  -0.1148 -0.6750 0.1209
v  -0.1148 -0.6873 0.1209
v  -0.1190 -0.6873 0.1241
v  -0.1190 -0.6750 0.1241
v  -0.1068 -0.6873 0.1275
v  -0.1068 -0.6750 0.1275
v  -0.1175 -0.6750 0.1231
v  -0.1087 -0.6873 0.1231
v  -0.1193 -0.6873 0.1275
v  -0.1193 -0.6750 0.1275
v  -0.1175 -0.6873 0.1319
v  -0.1175 -0.6750 0.1319
v  -0.1131 -0.6873 0.1207
v  -0.1114 -0.6873 0.1215
v  -0.1082 -0.6873 0.1227
v  -0.1099 -0.6873 0.1221
v  -0.1062 -0.6873 0.1275
v  -0.1065 -0.6873 0.1293
v  -0.1070 -0.6873 0.1291
v  -0.1077 -0.6873 0.1306
v  -0.1072 -0.6873 0.1309
v  -0.1113 -0.6873 0.1341
v  -0.1165 -0.6873 0.1334
v  -0.1197 -0.6873 0.1293
v  -0.1199 -0.6873 0.1275
v  -0.1191 -0.6873 0.1259
v  -0.1197 -0.6873 0.1257
v  -0.1185 -0.6873 0.1244
v  -0.1175 -0.6873 0.1231
v  -0.1162 -0.6873 0.1221
v  -0.1162 -0.6750 0.1221
v  -0.1070 -0.6750 0.1291
v  -0.1077 -0.6750 0.1306
v  -0.1165 -0.6750 0.1334
v  -0.1062 -0.6750 0.1275
v  -0.1065 -0.6750 0.1293
v  -0.1082 -0.6750 0.1227
v  -0.1072 -0.6750 0.1309
v  -0.1197 -0.6750 0.1293
v  -0.1199 -0.6750 0.1275
v  -0.1131 -0.6750 0.1207
v  -0.1113 -0.6750 0.1341
v  -0.1197 -0.6750 0.1257
v  -0.1023 -0.7293 0.1176
v  -0.1023 -0.7196 0.1164
v  -0.1023 -0.7099 0.1176
v  -0.1023 -0.7383 0.1214
v  -0.1023 -0.7461 0.1273
v  -0.1023 -0.7009 0.1214
v  -0.1023 -0.6932 0.1273
v  -0.1023 -0.7520 0.1351
v  -0.1023 -0.6872 0.1351
v  -0.1023 -0.7557 0.1441
v  -0.1023 -0.6835 0.1441
v  -0.1023 -0.7570 0.1538
v  -0.1023 -0.6822 0.1538
v  -0.1023 -0.7557 0.1635
v  -0.1023 -0.6835 0.1635
v  -0.1023 -0.7520 0.1725
v  -0.1023 -0.6872 0.1725
v  -0.1023 -0.7461 0.1802
v  -0.1023 -0.6932 0.1802
v  -0.1023 -0.7383 0.1862
v  -0.1023 -0.7293 0.1899
v  -0.1023 -0.7009 0.1862
v  -0.1023 -0.7196 0.1912
v  -0.1023 -0.7099 0.1899
v  -0.1089 -0.7196 0.1148
v  -0.1089 -0.7297 0.1161
v  -0.1089 -0.7001 0.1200
v  -0.1089 -0.7095 0.1161
v  -0.1089 -0.7391 0.1200
v  -0.1089 -0.6920 0.1262
v  -0.1089 -0.6858 0.1343
v  -0.1089 -0.7472 0.1262
v  -0.1089 -0.7573 0.1437
v  -0.1089 -0.7534 0.1343
v  -0.1089 -0.6806 0.1538
v  -0.1089 -0.6819 0.1437
v  -0.1089 -0.6819 0.1639
v  -0.1089 -0.7586 0.1538
v  -0.1089 -0.7573 0.1639
v  -0.1089 -0.6858 0.1733
v  -0.1089 -0.7472 0.1814
v  -0.1089 -0.7534 0.1733
v  -0.1089 -0.7001 0.1875
v  -0.1089 -0.6920 0.1814
v  -0.1089 -0.7095 0.1914
v  -0.1089 -0.7391 0.1875
v  -0.1089 -0.7297 0.1914
v  -0.1089 -0.7196 0.1928
v  -0.1023 -0.7295 0.1908
v  -0.1023 -0.7196 0.1921
v  -0.1024 -0.7196 0.1923
v  -0.1024 -0.7296 0.1910
v  -0.1023 -0.7005 0.1206
v  -0.1023 -0.7097 0.1168
v  -0.1024 -0.7096 0.1166
v  -0.1024 -0.7004 0.1204
v  -0.1032 -0.6920 0.1262
v  -0.1032 -0.7001 0.1200
v  -0.1034 -0.7001 0.1200
v  -0.1034 -0.6920 0.1262
v  -0.1034 -0.7196 0.1928
v  -0.1034 -0.7297 0.1914
v  -0.1032 -0.7297 0.1914
v  -0.1032 -0.7196 0.1928
v  -0.1032 -0.6806 0.1538
v  -0.1034 -0.6806 0.1538
v  -0.1034 -0.6819 0.1639
v  -0.1032 -0.6820 0.1639
v  -0.1028 -0.7470 0.1812
v  -0.1030 -0.7471 0.1813
v  -0.1030 -0.7533 0.1732
v  -0.1028 -0.7532 0.1732
v  -0.1034 -0.7297 0.1161
v  -0.1034 -0.7391 0.1200
v  -0.1023 -0.6813 0.1538
v  -0.1023 -0.6826 0.1439
v  -0.1024 -0.6824 0.1438
v  -0.1024 -0.6811 0.1538
v  -0.1032 -0.7095 0.1914
v  -0.1030 -0.7095 0.1914
v  -0.1030 -0.7001 0.1875
v  -0.1032 -0.7001 0.1875
v  -0.1024 -0.6924 0.1266
v  -0.1023 -0.6925 0.1267
v  -0.1024 -0.7529 0.1345
v  -0.1024 -0.7468 0.1266
v  -0.1023 -0.7467 0.1267
v  -0.1023 -0.7528 0.1346
v  -0.1023 -0.7388 0.1206
v  -0.1024 -0.7389 0.1204
v  -0.1024 -0.6863 0.1345
v  -0.1026 -0.6861 0.1344
v  -0.1026 -0.6823 0.1438
v  -0.1023 -0.7577 0.1538
v  -0.1023 -0.7564 0.1439
v  -0.1023 -0.7562 0.1440
v  -0.1023 -0.7575 0.1538
v  -0.1026 -0.7196 0.1924
v  -0.1026 -0.7296 0.1911
v  -0.1023 -0.6817 0.1538
v  -0.1023 -0.6830 0.1440
v  -0.1023 -0.6828 0.1439
v  -0.1023 -0.6815 0.1538
v  -0.1024 -0.7389 0.1871
v  -0.1023 -0.7388 0.1869
v  -0.1034 -0.7534 0.1733
v  -0.1034 -0.7573 0.1639
v  -0.1026 -0.7531 0.1344
v  -0.1026 -0.7469 0.1264
v  -0.1026 -0.7389 0.1873
v  -0.1028 -0.7390 0.1874
v  -0.1026 -0.7469 0.1811
v  -0.1034 -0.6858 0.1343
v  -0.1032 -0.6859 0.1343
v  -0.1023 -0.6928 0.1270
v  -0.1023 -0.6927 0.1268
v  -0.1023 -0.6866 0.1347
v  -0.1023 -0.6868 0.1348
v  -0.1023 -0.7196 0.1916
v  -0.1023 -0.7098 0.1904
v  -0.1023 -0.7097 0.1906
v  -0.1023 -0.7196 0.1919
v  -0.1023 -0.7526 0.1347
v  -0.1023 -0.7524 0.1348
v  -0.1026 -0.6861 0.1731
v  -0.1028 -0.6860 0.1732
v  -0.1028 -0.6922 0.1812
v  -0.1026 -0.6923 0.1811
v  -0.1023 -0.6864 0.1346
v  -0.1032 -0.7297 0.1161
v  -0.1032 -0.7391 0.1200
v  -0.1023 -0.6927 0.1807
v  -0.1023 -0.6866 0.1728
v  -0.1023 -0.6864 0.1729
v  -0.1023 -0.6925 0.1809
v  -0.1028 -0.7096 0.1163
v  -0.1028 -0.7196 0.1150
v  -0.1030 -0.7196 0.1149
v  -0.1030 -0.7095 0.1162
v  -0.1030 -0.7297 0.1914
v  -0.1030 -0.7196 0.1927
v  -0.1024 -0.6824 0.1637
v  -0.1024 -0.6863 0.1730
v  -0.1023 -0.6826 0.1637
v  -0.1023 -0.7295 0.1168
v  -0.1023 -0.7196 0.1155
v  -0.1023 -0.7196 0.1157
v  -0.1023 -0.7295 0.1170
v  -0.1032 -0.7573 0.1639
v  -0.1030 -0.7572 0.1638
v  -0.1032 -0.7534 0.1733
v  -0.1023 -0.7386 0.1868
v  -0.1023 -0.7467 0.1809
v  -0.1023 -0.7465 0.1807
v  -0.1030 -0.7585 0.1538
v  -0.1032 -0.7586 0.1538
v  -0.1032 -0.7573 0.1437
v  -0.1030 -0.7572 0.1437
v  -0.1034 -0.6819 0.1437
v  -0.1032 -0.6820 0.1437
v  -0.1034 -0.7586 0.1538
v  -0.1032 -0.6859 0.1733
v  -0.1034 -0.6858 0.1733
v  -0.1023 -0.7006 0.1208
v  -0.1030 -0.7297 0.1162
v  -0.1032 -0.7196 0.1148
v  -0.1034 -0.6920 0.1814
v  -0.1032 -0.7095 0.1161
v  -0.1028 -0.7002 0.1202
v  -0.1026 -0.7003 0.1203
v  -0.1026 -0.7096 0.1164
v  -0.1026 -0.7096 0.1911
v  -0.1028 -0.7096 0.1913
v  -0.1028 -0.7196 0.1926
v  -0.1023 -0.7579 0.1538
v  -0.1023 -0.7566 0.1439
v  -0.1032 -0.7472 0.1813
v  -0.1024 -0.7004 0.1871
v  -0.1024 -0.6924 0.1810
v  -0.1026 -0.7003 0.1873
v  -0.1026 -0.7570 0.1638
v  -0.1024 -0.7568 0.1637
v  -0.1024 -0.7529 0.1730
v  -0.1026 -0.7531 0.1731
v  -0.1023 -0.7097 0.1170
v  -0.1034 -0.7472 0.1814
v  -0.1034 -0.7391 0.1875
v  -0.1026 -0.7389 0.1203
v  -0.1028 -0.7390 0.1202
v  -0.1028 -0.7296 0.1163
v  -0.1026 -0.7296 0.1164
v  -0.1030 -0.7391 0.1201
v  -0.1030 -0.7471 0.1263
v  -0.1032 -0.7472 0.1262
v  -0.1023 -0.7465 0.1268
v  -0.1023 -0.7386 0.1208
v  -0.1028 -0.7571 0.1437
v  -0.1028 -0.7584 0.1538
v  -0.1034 -0.7095 0.1161
v  -0.1034 -0.7196 0.1148
v  -0.1032 -0.7534 0.1343
v  -0.1034 -0.7573 0.1437
v  -0.1034 -0.7534 0.1343
v  -0.1023 -0.7295 0.1906
v  -0.1023 -0.7294 0.1904
v  -0.1024 -0.7468 0.1810
v  -0.1023 -0.6828 0.1636
v  -0.1026 -0.6923 0.1264
v  -0.1028 -0.6922 0.1263
v  -0.1028 -0.6860 0.1344
v  -0.1028 -0.6821 0.1638
v  -0.1030 -0.6820 0.1638
v  -0.1030 -0.6859 0.1732
v  -0.1026 -0.6823 0.1638
v  -0.1032 -0.6920 0.1813
v  -0.1023 -0.7566 0.1637
v  -0.1023 -0.7528 0.1729
v  -0.1024 -0.7568 0.1438
v  -0.1026 -0.6809 0.1538
v  -0.1023 -0.7196 0.1159
v  -0.1023 -0.7294 0.1172
v  -0.1023 -0.7385 0.1210
v  -0.1023 -0.7464 0.1270
v  -0.1023 -0.7562 0.1636
v  -0.1023 -0.7524 0.1727
v  -0.1023 -0.7464 0.1806
v  -0.1023 -0.7385 0.1866
v  -0.1023 -0.7007 0.1866
v  -0.1023 -0.6928 0.1806
v  -0.1023 -0.6868 0.1727
v  -0.1023 -0.6830 0.1636
v  -0.1023 -0.7007 0.1210
v  -0.1023 -0.7098 0.1172
v  -0.1026 -0.7196 0.1151
v  -0.1024 -0.7196 0.1153
v  -0.1024 -0.7296 0.1166
v  -0.1023 -0.7526 0.1728
v  -0.1028 -0.7002 0.1874
v  -0.1034 -0.7001 0.1875
v  -0.1030 -0.7533 0.1343
v  -0.1024 -0.7581 0.1538
v  -0.1034 -0.7095 0.1914
v  -0.1032 -0.7391 0.1875
v  -0.1030 -0.6921 0.1813
v  -0.1030 -0.7001 0.1201
v  -0.1023 -0.7564 0.1636
v  -0.1034 -0.7472 0.1262
v  -0.1030 -0.6921 0.1263
v  -0.1023 -0.7097 0.1908
v  -0.1023 -0.7006 0.1868
v  -0.1023 -0.7005 0.1869
v  -0.1030 -0.6807 0.1538
v  -0.1028 -0.6808 0.1538
v  -0.1028 -0.6821 0.1437
v  -0.1030 -0.6820 0.1437
v  -0.1024 -0.7096 0.1910
v  -0.1028 -0.7470 0.1263
v  -0.1028 -0.7532 0.1344
v  -0.1030 -0.6859 0.1343
v  -0.1028 -0.7571 0.1638
v  -0.1028 -0.7296 0.1913
v  -0.1026 -0.7583 0.1538
v  -0.1026 -0.7570 0.1438
v  -0.1030 -0.7391 0.1875
# 4808 vertices

vn 0.0000 -1.0000 -0.0000
vn 0.0000 1.0000 -0.0000
vn -1.0000 0.0000 -0.0000
vn -0.0000 0.0000 1.0000
vn 1.0000 0.0000 0.0000
vn 0.0000 0.0000 -1.0000
vn -0.0544 0.9985 -0.0000
vn 0.0544 0.9985 -0.0000
vn 0.1040 0.0000 0.9946
vn 0.0000 0.0000 1.0000
vn -0.1040 0.0000 0.9946
vn -0.8245 0.0000 -0.5658
vn 0.3637 0.0000 0.9315
vn 0.2199 0.0000 0.9755
vn 0.8245 0.0000 -0.5658
vn 0.5602 0.0000 -0.8284
vn 0.8245 0.0000 0.5658
vn 0.5602 0.0000 0.8284
vn 1.0000 0.0000 -0.0000
vn -0.3637 0.0000 0.9315
vn -0.5602 0.0000 0.8284
vn -0.2199 0.0000 -0.9755
vn -0.1040 0.0000 -0.9946
vn -0.2199 0.0000 0.9755
vn 0.3637 0.0000 -0.9315
vn 0.2199 0.0000 -0.9755
vn -0.3637 0.0000 -0.9315
vn -0.5602 0.0000 -0.8284
vn 0.1040 0.0000 -0.9946
vn -0.8245 0.0000 0.5658
vn -0.5848 -0.1667 -0.7939
vn -0.5506 0.4604 0.6964
vn -0.0291 0.8470 0.5307
vn -0.0329 0.6773 0.7350
vn -0.0388 0.0000 -0.9992
vn -0.0369 -0.3930 -0.9188
vn -0.0243 0.9997 -0.0000
vn -0.0248 0.9859 -0.1655
vn -0.1469 -0.8915 -0.4286
vn -0.0000 -0.6776 0.7354
vn -0.0000 -0.3932 0.9195
vn -0.4179 0.9054 0.0746
vn -0.1063 0.5483 -0.8295
vn -0.5032 0.6694 0.5466
vn -0.4613 -0.7996 0.3845
vn -0.5032 -0.6694 0.5466
vn -0.2981 0.9239 0.2398
vn -0.9283 -0.3706 0.0306
vn -0.4250 -0.1861 -0.8858
vn -0.9283 0.3706 0.0306
vn -0.5506 -0.4604 -0.6964
vn 0.0000 -0.9404 -0.3402
vn 0.0000 -0.9862 -0.1656
vn -0.3207 -0.8536 0.4104
vn -0.2475 -0.7505 -0.6128
vn -0.0264 0.9400 0.3401
vn -0.9425 0.3012 0.1448
vn -0.9688 0.0509 -0.2424
vn -0.9334 -0.3474 0.0901
vn -0.2224 0.8787 -0.4225
vn -0.4613 0.7996 0.3845
vn -0.0369 -0.3930 0.9188
vn -0.0329 -0.6773 0.7350
vn -0.6755 0.6646 -0.3195
vn -0.2018 0.2014 0.9585
vn -0.1161 -0.2042 -0.9720
vn -0.4324 0.8728 -0.2265
vn -0.7858 -0.1272 0.6053
vn -0.0775 -0.9650 -0.2504
vn -0.7162 -0.5406 -0.4415
vn -0.0744 -0.9939 0.0820
vn -0.0248 0.9859 0.1655
vn -0.0248 -0.9859 -0.1655
vn -0.0243 -0.9997 -0.0000
vn -0.0264 0.9400 -0.3401
vn -0.7162 0.5406 0.4415
vn -0.1161 -0.2042 0.9720
vn 0.0000 0.8474 -0.5310
vn 0.0000 0.9404 -0.3402
vn -0.1161 0.2042 0.9720
vn -0.2779 0.5297 0.8014
vn -0.3016 0.1961 -0.9331
vn -0.6297 -0.7742 0.0639
vn -0.0840 -0.8981 -0.4317
vn -0.3947 0.5067 0.7664
vn -0.3546 0.7242 -0.5914
vn -0.2981 -0.9239 -0.2398
vn -0.7580 0.3597 0.5441
vn 0.0000 -0.8474 -0.5310
vn 0.0000 -0.6776 -0.7354
vn 0.0000 0.9862 -0.1656
vn -0.2779 -0.5297 0.8014
vn -0.0940 -0.7711 0.6297
vn -0.7162 -0.5406 0.4415
vn -0.1303 -0.9881 0.0815
vn -0.0369 0.3930 0.9188
vn -0.0388 0.0000 0.9992
vn -0.0264 -0.9400 0.3401
vn -0.0248 -0.9859 0.1655
vn -0.9688 -0.0509 -0.2424
vn -0.3207 -0.8536 -0.4104
vn -0.6453 0.7394 -0.1919
vn -0.6297 0.7742 0.0639
vn -0.2224 0.8787 0.4225
vn -0.1357 0.9590 -0.2489
vn -0.2058 0.9472 -0.2458
vn -0.0291 0.8470 -0.5307
vn -0.4324 -0.8728 -0.2265
vn -0.6755 -0.6646 0.3195
vn -0.4324 -0.8728 0.2265
vn -0.2870 0.9547 0.0787
vn -0.4250 0.1861 0.8858
vn -0.5848 -0.1667 0.7939
vn -0.1852 -0.5419 0.8198
vn -0.3016 0.1961 0.9331
vn -0.9425 -0.3012 -0.1448
vn -0.1852 0.5419 -0.8198
vn 0.0000 0.6776 -0.7354
vn -0.0775 -0.9650 0.2504
vn -0.2475 0.7505 0.6128
vn -0.6453 -0.7394 0.1919
vn -0.4179 -0.9054 0.0746
vn 0.0000 0.3932 -0.9195
vn -0.3546 -0.7242 0.5914
vn -0.0329 -0.6773 -0.7350
vn -0.0291 -0.8470 -0.5307
vn -0.3207 0.8536 0.4104
vn -0.0840 0.8981 -0.4317
vn -0.1063 0.5483 0.8295
vn -0.9631 -0.1483 0.2246
vn -0.1852 0.5419 0.8198
vn -0.6453 -0.7394 -0.1919
vn -0.0291 -0.8470 0.5307
vn -0.5848 0.1667 0.7939
vn -0.6755 0.6646 0.3195
vn 0.0000 -0.3932 -0.9195
vn 0.0000 0.9862 0.1656
vn 0.0000 0.9404 0.3402
vn -0.6297 -0.7742 -0.0639
vn -0.7858 -0.1272 -0.6053
vn -0.1641 0.7641 0.6239
vn -0.9534 0.2338 0.1909
vn -0.7858 0.1272 -0.6053
vn -0.9534 0.2338 -0.1909
vn -0.7162 0.5406 -0.4415
vn -0.9283 -0.3706 -0.0306
vn 0.0000 0.3932 0.9195
vn 0.0000 0.6776 0.7354
vn -0.1303 0.9881 0.0815
vn -0.1469 0.8915 -0.4286
vn -0.2058 0.9472 0.2458
vn -0.9631 0.1483 -0.2246
vn -0.2475 0.7505 -0.6128
vn -0.4250 0.1861 -0.8858
vn -0.5032 -0.6694 -0.5466
vn -0.9688 -0.0509 0.2424
vn -0.9425 -0.3012 0.1448
vn -0.3207 0.8536 -0.4104
vn -0.5848 0.1667 -0.7939
vn -0.9334 -0.3474 -0.0901
vn -0.4179 0.9054 -0.0746
vn -0.0744 -0.9939 -0.0820
vn -0.2475 -0.7505 0.6128
vn -0.1161 0.2042 -0.9720
vn -0.2224 -0.8787 0.4225
vn -0.1303 0.9881 -0.0815
vn -0.0744 0.9939 -0.0820
vn -0.1357 0.9590 0.2489
vn 0.0000 0.8474 0.5310
vn -0.5032 0.6694 -0.5466
vn -0.1641 -0.7641 0.6239
vn -0.3947 -0.5067 0.7664
vn -0.9631 0.1483 0.2246
vn -0.1357 -0.9590 -0.2489
vn -0.1063 -0.5483 0.8295
vn -0.4613 0.7996 -0.3845
vn -0.9334 0.3474 -0.0901
vn -0.3016 -0.1961 -0.9331
vn -0.3947 0.5067 -0.7664
vn -0.3016 -0.1961 0.9331
vn -0.1303 -0.9881 -0.0815
vn -0.9334 0.3474 0.0901
vn -0.2870 -0.9547 0.0787
vn -0.7580 -0.3597 0.5441
vn -0.2018 -0.2014 0.9585
vn -0.7858 0.1272 0.6053
vn -0.0744 0.9939 0.0820
vn -0.0264 -0.9400 -0.3401
vn -0.1063 -0.5483 -0.8295
vn -0.2018 0.2014 -0.9585
vn -0.1469 -0.8915 0.4286
vn -0.2779 0.5297 -0.8014
vn -0.4324 0.8728 0.2265
vn -0.9425 0.3012 -0.1448
vn -0.1357 -0.9590 0.2489
vn -0.6453 0.7394 0.1919
vn -0.0000 -0.8474 0.5310
vn -0.2018 -0.2014 -0.9585
vn -0.2779 -0.5297 -0.8014
vn -0.0940 0.7711 0.6297
vn -0.0329 0.6773 -0.7350
vn -0.0369 0.3930 -0.9188
vn -0.2981 -0.9239 0.2398
vn -0.5506 -0.4604 0.6964
vn -0.4613 -0.7996 -0.3845
vn -0.3546 -0.7242 -0.5914
vn -0.4250 -0.1861 0.8858
vn -0.1469 0.8915 0.4286
vn -0.3947 -0.5067 -0.7664
vn -0.1978 0.9769 0.0806
vn -0.9534 -0.2338 0.1909
vn -0.0840 -0.8981 0.4317
vn -0.0000 -0.9862 0.1656
vn -0.0000 -0.9404 0.3402
vn -0.1978 -0.9769 0.0806
vn -0.1641 -0.7641 -0.6239
vn -0.7580 0.3597 -0.5441
vn -0.2058 -0.9472 -0.2458
vn -0.2224 -0.8787 -0.4225
vn -0.0840 0.8981 0.4317
vn -0.0940 0.7711 -0.6297
vn -0.2058 -0.9472 0.2458
vn -0.7580 -0.3597 -0.5441
vn -0.2870 0.9547 -0.0787
vn -0.3546 0.7242 0.5914
vn -0.2870 -0.9547 -0.0787
vn -0.6755 -0.6646 -0.3195
vn -0.9283 0.3706 -0.0306
vn -0.9631 -0.1483 -0.2246
vn -0.9534 -0.2338 -0.1909
vn -0.1641 0.7641 -0.6239
vn -0.0940 -0.7711 -0.6297
vn -0.5506 0.4604 -0.6964
vn -0.1978 0.9769 -0.0806
vn -0.1978 -0.9769 -0.0806
vn -0.0775 0.9650 -0.2504
vn -0.1852 -0.5419 -0.8198
vn -0.9688 0.0509 0.2424
vn -0.2981 0.9239 -0.2398
vn -0.0775 0.9650 0.2504
vn -0.4179 -0.9054 -0.0746
vn -0.6297 0.7742 -0.0639
vn 0.0037 0.0885 0.9961
vn 0.0034 0.0096 0.9999
vn -0.1003 0.0318 0.9944
vn -0.0761 0.1055 0.9915
vn 0.0839 0.0712 -0.9939
vn 0.0034 0.0096 -0.9999
vn 0.1075 -0.0127 -0.9941
vn 0.0037 0.0885 -0.9961
vn 0.1642 -0.1285 -0.9780
vn 0.1001 -0.0372 -0.9943
vn 0.2147 -0.0611 -0.9748
vn 0.0755 -0.1108 -0.9910
vn -0.2662 -0.9384 -0.2204
vn -0.4366 -0.8733 -0.2160
vn -0.4455 -0.7887 -0.4238
vn -0.2723 -0.8580 -0.4356
vn -0.2806 -0.7183 -0.6366
vn -0.4572 -0.6450 -0.6124
vn -0.4673 -0.4425 -0.7654
vn -0.2888 -0.5148 -0.8072
vn 0.0576 -0.7800 0.6232
vn 0.0528 -0.9054 0.4213
vn 0.1267 -0.9017 0.4134
vn 0.1351 -0.7799 0.6111
vn -0.2930 -0.2513 -0.9225
vn -0.1753 -0.2848 -0.9424
vn -0.1730 -0.5493 -0.8176
vn -0.3883 0.7458 -0.5412
vn -0.4116 0.5859 -0.6981
vn -0.2551 0.5957 -0.7616
vn -0.2390 0.7713 -0.5899
vn 0.9704 -0.2353 -0.0543
vn 0.7917 0.2370 0.5630
vn 0.7952 0.3975 0.4578
vn 0.9663 -0.2526 -0.0506
vn -0.0653 0.5867 0.8072
vn -0.1489 0.5932 0.7912
vn -0.1384 0.7777 0.6133
vn -0.0591 0.7770 0.6267
vn -0.0544 0.9041 -0.4239
vn 0.0143 0.9026 -0.4302
vn 0.0152 0.9762 -0.2162
vn -0.0516 0.9757 -0.2130
vn -0.5634 0.1095 -0.8189
vn -0.4671 0.0173 -0.8841
vn -0.7497 0.1001 -0.6541
vn -0.8206 0.1690 -0.5459
vn 0.4830 0.1851 0.8558
vn 0.4809 0.4380 0.7595
vn 0.7810 0.0458 0.6229
vn -0.1489 0.5932 -0.7912
vn -0.1384 0.7777 -0.6133
vn -0.6463 0.6448 -0.4082
vn -0.6740 0.5221 -0.5226
vn -0.0853 -0.3067 0.9480
vn -0.1753 -0.2848 0.9424
vn -0.1730 -0.5493 0.8176
vn -0.0856 -0.5694 0.8176
vn 0.2993 0.2456 -0.9220
vn 0.2943 0.0233 -0.9554
vn 0.4726 -0.0210 -0.8810
vn 0.4830 0.1851 -0.8558
vn 0.2943 0.0233 0.9554
vn 0.3681 -0.0688 0.9272
vn 0.2237 -0.0375 0.9739
vn 0.1754 0.0509 0.9832
vn 0.4556 0.8902 -0.0000
vn 0.2744 0.9616 -0.0000
vn 0.2760 0.9357 -0.2198
vn 0.4577 0.8635 -0.2119
vn -0.1003 0.0318 -0.9944
vn -0.0761 0.1055 -0.9915
vn 0.5976 -0.7439 0.2992
vn 0.9615 -0.2719 0.0410
vn 0.9663 -0.2526 0.0506
vn 0.6228 -0.6516 0.4330
vn -0.4493 0.1766 0.8757
vn -0.2803 0.1463 0.9487
vn -0.5478 0.1270 0.8269
vn -0.3566 0.0866 0.9302
vn 0.0067 0.3166 0.9485
vn -0.0721 0.3310 0.9409
vn 0.2664 -0.3618 -0.8934
vn 0.2492 -0.5979 -0.7618
vn 0.1458 -0.5972 -0.7887
vn 0.1571 -0.3499 -0.9235
vn 0.3448 -0.9195 -0.1888
vn 0.5810 -0.7994 -0.1530
vn 0.5751 -0.8181 -0.0000
vn 0.3405 -0.9403 -0.0000
vn 0.2776 -0.1496 -0.9490
vn 0.3559 -0.0903 -0.9302
vn 0.2115 -0.9564 -0.2016
vn 0.2198 -0.8896 -0.4003
vn 0.3571 -0.8562 -0.3734
vn 0.9704 -0.2353 0.0543
vn 0.7917 0.2370 -0.5630
vn 0.7810 0.0458 -0.6229
vn 0.9735 -0.2221 0.0550
vn 0.0498 -0.9761 0.2116
vn 0.0488 -0.9988 -0.0000
vn 0.1195 -0.9928 -0.0000
vn 0.1214 -0.9706 0.2078
vn 0.6228 -0.6516 -0.4330
vn 0.5976 -0.7439 -0.2992
vn 0.3763 -0.7467 -0.5484
vn 0.1267 -0.9017 -0.4134
vn 0.0528 -0.9054 -0.4213
vn 0.0576 -0.7800 -0.6232
vn 0.1351 -0.7799 -0.6111
vn -0.0101 -0.5824 0.8128
vn -0.0067 -0.3232 0.9463
vn 0.4005 -0.5858 0.7045
vn 0.4260 -0.3708 0.8253
vn 0.2664 -0.3618 0.8934
vn 0.2492 -0.5979 0.7618
vn -0.0821 -0.9727 -0.2171
vn -0.0832 -0.8982 -0.4317
vn -0.0142 -0.9041 -0.4271
vn -0.0151 -0.9766 -0.2145
vn 0.7952 0.3975 -0.4578
vn 0.2993 0.2456 0.9220
vn 0.2955 0.5101 0.8078
vn -0.1684 -0.7498 -0.6398
vn -0.1637 -0.8854 -0.4351
vn -0.8022 0.1793 -0.5695
vn -0.4493 0.1766 -0.8757
vn -0.7228 0.2159 -0.6565
vn -0.5478 0.1270 -0.8269
vn 0.0067 0.3166 -0.9485
vn 0.0101 0.5771 -0.8166
vn -0.0653 0.5867 -0.8072
vn -0.0721 0.3310 -0.9409
vn 0.1754 0.0509 -0.9832
vn 0.2237 -0.0375 -0.9739
vn -0.4371 0.3705 0.8196
vn -0.2723 0.3586 0.8929
vn 0.0143 0.9026 0.4302
vn -0.0544 0.9041 0.4239
vn -0.0516 0.9757 0.2130
vn 0.0152 0.9762 0.2162
vn -0.0507 0.9987 -0.0000
vn 0.0155 0.9999 -0.0000
vn 0.2328 -0.7726 0.5907
vn 0.3763 -0.7467 0.5484
vn -0.1656 0.1239 0.9784
vn -0.2152 0.0565 0.9749
vn 0.3681 -0.0688 -0.9272
vn -0.4371 0.3705 -0.8196
vn -0.7060 0.3604 -0.6096
vn 0.9572 -0.2884 0.0236
vn 0.7950 0.5840 -0.1641
vn 0.7954 0.5145 -0.3203
vn -0.9765 0.2155 -0.0005
vn -0.7060 0.3604 0.6096
vn -0.7228 0.2159 0.6565
vn -0.9772 0.2116 0.0148
vn 0.4439 -0.1780 -0.8782
vn 0.6865 -0.3584 -0.6327
vn 0.4260 -0.3708 -0.8253
vn 0.7129 -0.2152 -0.6675
vn -0.0833 -0.0770 0.9935
vn -0.1074 0.0072 0.9942
vn -0.2235 0.0326 0.9742
vn -0.1741 -0.0562 0.9831
vn 0.0866 0.3000 -0.9500
vn 0.0870 0.5639 -0.8213
vn 0.0755 -0.1108 0.9910
vn 0.1001 -0.0372 0.9943
vn -0.0034 -0.0153 0.9999
vn -0.0037 -0.0944 0.9955
vn 0.1721 0.7466 0.6427
vn 0.0861 0.7629 0.6407
vn 0.0849 0.8966 0.4347
vn 0.1679 0.8836 0.4371
vn 0.6865 -0.3584 0.6327
vn 0.6537 -0.5228 0.5471
vn 0.0639 -0.5915 -0.8037
vn -0.2723 0.3586 -0.8929
vn 0.9735 -0.2221 -0.0550
vn -0.1601 0.3448 0.9249
vn 0.0126 0.7722 -0.6353
vn -0.0591 0.7770 -0.6267
vn 0.1214 -0.9706 -0.2078
vn 0.0498 -0.9761 -0.2116
vn -0.1637 -0.8854 0.4351
vn -0.2723 -0.8580 0.4356
vn -0.2662 -0.9384 0.2204
vn -0.1603 -0.9624 0.2194
vn -0.1603 -0.9624 -0.2194
vn -0.0816 -0.9967 0.0000
vn -0.1591 -0.9873 0.0000
vn -0.0034 -0.0153 -0.9999
vn -0.0037 -0.0944 -0.9955
vn -0.2551 0.5957 0.7616
vn 0.0709 -0.3371 0.9388
vn -0.7532 -0.6326 -0.1803
vn -0.9811 0.1931 -0.0093
vn -0.9789 0.2040 -0.0131
vn -0.7600 -0.5495 -0.3471
vn 0.1458 -0.5972 0.7887
vn 0.0840 0.9722 0.2187
vn -0.4673 -0.4425 0.7654
vn -0.4706 -0.1902 0.8616
vn -0.7593 -0.0527 0.6486
vn -0.7672 -0.2479 0.5916
vn 0.0101 0.5771 0.8166
vn 0.1764 0.5440 -0.8204
vn 0.1784 0.2783 -0.9438
vn 0.4639 0.7814 -0.4174
vn 0.4728 0.6399 -0.6058
vn 0.8217 -0.1702 0.5439
vn 0.4726 -0.0210 0.8810
vn 0.7598 -0.1037 0.6419
vn 0.5642 -0.1119 0.8180
vn -0.0845 -0.7663 0.6369
vn -0.1684 -0.7498 0.6398
vn -0.0832 -0.8982 0.4317
vn 0.5466 -0.1294 -0.8273
vn 0.0866 0.3000 0.9500
vn 0.0839 0.0712 0.9939
vn 0.2328 -0.7726 -0.5907
vn -0.1303 0.9006 0.4147
vn 0.0870 0.5639 0.8213
vn -0.3675 0.0650 0.9277
vn -0.4671 0.0173 0.8841
vn -0.2917 -0.0279 0.9561
vn -0.5634 0.1095 0.8189
vn 0.0861 0.7629 -0.6407
vn 0.1721 0.7466 -0.6427
vn 0.9762 -0.2130 -0.0418
vn 0.2808 0.8555 -0.4351
vn 0.2881 0.7151 -0.6369
vn 0.0126 0.7722 0.6353
vn -0.4332 -0.9013 0.0000
vn -0.4366 -0.8733 0.2160
vn -0.7532 -0.6326 0.1803
vn -0.7503 -0.6611 0.0000
vn -0.2268 0.8885 0.3989
vn -0.2194 0.9548 0.2005
vn -0.1254 0.9700 0.2083
vn -0.2640 -0.9645 0.0000
vn -0.4572 -0.6450 0.6124
vn -0.7662 -0.4181 0.4880
vn -0.7600 -0.5495 0.3471
vn -0.4455 -0.7887 0.4238
vn -0.0126 -0.7754 0.6313
vn -0.0142 -0.9041 0.4271
vn 0.0840 0.9722 -0.2187
vn 0.0849 0.8966 -0.4347
vn -0.6143 0.7765 -0.1402
vn -0.6260 0.7286 -0.2780
vn -0.3709 0.8533 -0.3665
vn -0.3604 0.9144 -0.1844
vn -0.6143 0.7765 0.1402
vn -0.6260 0.7286 0.2780
vn -0.9789 0.2040 0.0131
vn -0.9811 0.1931 0.0093
vn -0.7497 0.1001 0.6541
vn -0.7593 -0.0527 -0.6486
vn -0.7662 -0.4181 -0.4880
vn -0.9769 0.2136 -0.0108
vn -0.1254 0.9700 -0.2083
vn -0.1303 0.9006 -0.4147
vn -0.1656 0.1239 -0.9784
vn -0.3566 0.0866 -0.9302
vn -0.2152 0.0565 -0.9749
vn -0.2803 0.1463 -0.9487
vn 0.0639 -0.5915 0.8037
vn -0.0821 -0.9727 0.2171
vn -0.1601 0.3448 -0.9249
vn 0.1679 0.8836 -0.4371
vn -0.2169 0.9762 -0.0000
vn -0.1238 0.9923 -0.0000
vn 0.2776 -0.1496 0.9490
vn 0.3559 -0.0903 0.9302
vn 0.2147 -0.0611 0.9748
vn 0.1642 -0.1285 0.9780
vn -0.2917 -0.0279 -0.9561
vn -0.1741 -0.0562 -0.9831
vn 0.1075 -0.0127 0.9941
vn 0.8217 -0.1702 -0.5439
vn 0.7598 -0.1037 -0.6419
vn 0.5642 -0.1119 -0.8180
vn 0.4005 -0.5858 -0.7045
vn 0.1571 -0.3499 0.9235
vn -0.6740 0.5221 0.5226
vn -0.9761 0.2174 -0.0053
vn -0.6463 0.6448 0.4082
vn -0.0126 -0.7754 -0.6313
vn -0.0845 -0.7663 -0.6369
vn 0.7954 0.5145 0.3203
vn 0.9615 -0.2719 -0.0410
vn 0.0709 -0.3371 -0.9388
vn -0.2390 0.7713 0.5899
vn 0.4809 0.4380 -0.7595
vn 0.2955 0.5101 -0.8078
vn 0.5810 -0.7994 0.1530
vn -0.0101 -0.5824 -0.8128
vn -0.0856 -0.5694 -0.8176
vn 0.1784 0.2783 0.9438
vn 0.1764 0.5440 0.8204
vn 0.2115 -0.9564 0.2016
vn 0.2087 -0.9780 -0.0000
vn -0.3709 0.8533 0.3665
vn -0.3604 0.9144 0.1844
vn -0.8206 0.1690 0.5459
vn -0.9772 0.2116 -0.0148
vn -0.9775 0.2101 -0.0203
vn -0.9769 0.2136 0.0108
vn -0.8022 0.1793 0.5695
vn -0.2930 -0.2513 0.9225
vn -0.2888 -0.5148 0.8072
vn 0.8008 -0.1800 -0.5712
vn 0.4577 0.8635 0.2119
vn 0.4639 0.7814 0.4174
vn 0.2808 0.8555 0.4351
vn 0.2760 0.9357 0.2198
vn 0.2881 0.7151 0.6369
vn 0.4728 0.6399 0.6058
vn 0.7950 0.5840 0.1641
vn 0.9572 -0.2884 -0.0236
vn -0.7672 -0.2479 -0.5916
vn 0.6537 -0.5228 -0.5471
vn 0.2198 -0.8896 0.4003
vn 0.3571 -0.8562 0.3734
vn -0.9821 0.1885 -0.0000
vn -0.6106 0.7920 -0.0000
vn -0.2806 -0.7183 0.6366
vn 0.3448 -0.9195 0.1888
vn -0.9761 0.2174 0.0053
vn 0.1641 0.9864 -0.0000
vn 0.1651 0.9614 -0.2203
vn 0.1651 0.9614 0.2203
vn 0.0837 0.9965 -0.0000
vn 0.7949 0.6067 -0.0000
vn 0.9554 -0.2953 -0.0000
vn 0.9773 -0.2105 -0.0236
vn -0.3571 0.9341 -0.0000
vn -0.4116 0.5859 0.6981
vn -0.3883 0.7458 0.5412
vn 0.8008 -0.1800 0.5712
vn 0.7129 -0.2152 0.6675
vn 0.9762 -0.2130 0.0418
vn 0.9773 -0.2105 0.0236
vn -0.0154 -0.9999 0.0000
vn -0.2194 0.9548 -0.2005
vn 0.4439 -0.1780 0.8782
vn 0.5466 -0.1294 0.8273
vn -0.9775 0.2101 0.0203
vn -0.0151 -0.9766 0.2145
vn -0.0067 -0.3232 -0.9463
vn -0.3675 0.0650 -0.9277
vn -0.2235 0.0326 -0.9742
vn -0.2268 0.8885 -0.3989
vn -0.0853 -0.3067 -0.9480
vn -0.0833 -0.0770 -0.9935
vn -0.1074 0.0072 -0.9942
vn -0.4706 -0.1902 -0.8616
vn 0.5848 0.1667 -0.7939
vn 0.5506 -0.4604 0.6964
vn 0.0291 -0.8470 0.5307
vn 0.0329 -0.6773 0.7350
vn 0.0388 0.0000 -0.9992
vn 0.0369 0.3930 -0.9188
vn 0.0243 -0.9997 -0.0000
vn 0.0248 -0.9859 -0.1655
vn 0.1469 0.8915 -0.4286
vn 0.4179 -0.9054 0.0746
vn 0.1063 -0.5483 -0.8295
vn 0.5032 -0.6694 0.5466
vn 0.4613 0.7996 0.3845
vn 0.5032 0.6694 0.5466
vn 0.2981 -0.9239 0.2398
vn 0.9283 0.3706 0.0306
vn 0.4250 0.1861 -0.8858
vn 0.9283 -0.3706 0.0306
vn 0.5506 0.4604 -0.6964
vn 0.3207 0.8536 0.4104
vn 0.2475 0.7505 -0.6128
vn 0.0264 -0.9400 0.3401
vn 0.9425 -0.3012 0.1448
vn 0.9688 -0.0509 -0.2424
vn 0.9334 0.3474 0.0901
vn 0.2224 -0.8787 -0.4225
vn 0.4613 -0.7996 0.3845
vn 0.0369 0.3930 0.9188
vn 0.0329 0.6773 0.7350
vn 0.6755 -0.6646 -0.3195
vn 0.2018 -0.2014 0.9585
vn 0.1161 0.2042 -0.9720
vn 0.4324 -0.8728 -0.2265
vn 0.7858 0.1272 0.6053
vn 0.0775 0.9650 -0.2504
vn 0.7162 0.5406 -0.4415
vn 0.0744 0.9939 0.0820
vn 0.0248 -0.9859 0.1655
vn 0.0248 0.9859 -0.1655
vn 0.0243 0.9997 -0.0000
vn 0.0264 -0.9400 -0.3401
vn 0.7162 -0.5406 0.4415
vn 0.1161 0.2042 0.9720
vn 0.1161 -0.2042 0.9720
vn 0.2779 -0.5297 0.8014
vn 0.3016 -0.1961 -0.9331
vn 0.6297 0.7742 0.0639
vn 0.0840 0.8981 -0.4317
vn 0.3947 -0.5067 0.7664
vn 0.3546 -0.7242 -0.5914
vn 0.2981 0.9239 -0.2398
vn 0.7580 -0.3597 0.5441
vn 0.2779 0.5297 0.8014
vn 0.0940 0.7711 0.6297
vn 0.7162 0.5406 0.4415
vn 0.1303 0.9881 0.0815
vn 0.0369 -0.3930 0.9188
vn 0.0388 0.0000 0.9992
vn 0.0264 0.9400 0.3401
vn 0.0248 0.9859 0.1655
vn 0.9688 0.0509 -0.2424
vn 0.3207 0.8536 -0.4104
vn 0.6453 -0.7394 -0.1919
vn 0.6297 -0.7742 0.0639
vn 0.2224 -0.8787 0.4225
vn 0.1357 -0.9590 -0.2489
vn 0.2058 -0.9472 -0.2458
vn 0.0291 -0.8470 -0.5307
vn 0.4324 0.8728 -0.2265
vn 0.6755 0.6646 0.3195
vn 0.4324 0.8728 0.2265
vn 0.2870 -0.9547 0.0787
vn 0.4250 -0.1861 0.8858
vn 0.5848 0.1667 0.7939
vn 0.1852 0.5419 0.8198
vn 0.3016 -0.1961 0.9331
vn 0.9425 0.3012 -0.1448
vn 0.1852 -0.5419 -0.8198
vn 0.0775 0.9650 0.2504
vn 0.2475 -0.7505 0.6128
vn 0.6453 0.7394 0.1919
vn 0.4179 0.9054 0.0746
vn 0.3546 0.7242 0.5914
vn 0.0329 0.6773 -0.7350
vn 0.0291 0.8470 -0.5307
vn 0.3207 -0.8536 0.4104
vn 0.0840 -0.8981 -0.4317
vn 0.1063 -0.5483 0.8295
vn 0.9631 0.1483 0.2246
vn 0.1852 -0.5419 0.8198
vn 0.6453 0.7394 -0.1919
vn 0.0291 0.8470 0.5307
vn 0.5848 -0.1667 0.7939
vn 0.6755 -0.6646 0.3195
vn 0.0000 -0.9862 0.1656
vn 0.0000 -0.9404 0.3402
vn 0.6297 0.7742 -0.0639
vn 0.7858 0.1272 -0.6053
vn 0.1641 -0.7641 0.6239
vn 0.9534 -0.2338 0.1909
vn 0.7858 -0.1272 -0.6053
vn 0.9534 -0.2338 -0.1909
vn 0.7162 -0.5406 -0.4415
vn 0.9283 0.3706 -0.0306
vn 0.1303 -0.9881 0.0815
vn 0.1469 -0.8915 -0.4286
vn 0.2058 -0.9472 0.2458
vn 0.9631 -0.1483 -0.2246
vn 0.2475 -0.7505 -0.6128
vn 0.4250 -0.1861 -0.8858
vn 0.5032 0.6694 -0.5466
vn 0.9688 0.0509 0.2424
vn 0.9425 0.3012 0.1448
vn 0.3207 -0.8536 -0.4104
vn 0.5848 -0.1667 -0.7939
vn 0.9334 0.3474 -0.0901
vn 0.4179 -0.9054 -0.0746
vn 0.0744 0.9939 -0.0820
vn 0.2475 0.7505 0.6128
vn 0.1161 -0.2042 -0.9720
vn 0.2224 0.8787 0.4225
vn 0.1303 -0.9881 -0.0815
vn 0.0744 -0.9939 -0.0820
vn 0.1357 -0.9590 0.2489
vn 0.5032 -0.6694 -0.5466
vn 0.1641 0.7641 0.6239
vn 0.3947 0.5067 0.7664
vn 0.9631 -0.1483 0.2246
vn 0.1357 0.9590 -0.2489
vn 0.1063 0.5483 0.8295
vn 0.4613 -0.7996 -0.3845
vn 0.9334 -0.3474 -0.0901
vn 0.3016 0.1961 -0.9331
vn 0.3947 -0.5067 -0.7664
vn 0.3016 0.1961 0.9331
vn 0.1303 0.9881 -0.0815
vn 0.9334 -0.3474 0.0901
vn 0.2870 0.9547 0.0787
vn 0.7580 0.3597 0.5441
vn 0.2018 0.2014 0.9585
vn 0.7858 -0.1272 0.6053
vn 0.0744 -0.9939 0.0820
vn 0.0264 0.9400 -0.3401
vn 0.1063 0.5483 -0.8295
vn 0.2018 -0.2014 -0.9585
vn 0.1469 0.8915 0.4286
vn 0.2779 -0.5297 -0.8014
vn 0.4324 -0.8728 0.2265
vn 0.9425 -0.3012 -0.1448
vn 0.1357 0.9590 0.2489
vn 0.6453 -0.7394 0.1919
vn 0.2018 0.2014 -0.9585
vn 0.2779 0.5297 -0.8014
vn 0.0940 -0.7711 0.6297
vn 0.0329 -0.6773 -0.7350
vn 0.0369 -0.3930 -0.9188
vn 0.2981 0.9239 0.2398
vn 0.5506 0.4604 0.6964
vn 0.4613 0.7996 -0.3845
vn 0.3546 0.7242 -0.5914
vn 0.4250 0.1861 0.8858
vn 0.1469 -0.8915 0.4286
vn 0.3947 0.5067 -0.7664
vn 0.1978 -0.9769 0.0806
vn 0.9534 0.2338 0.1909
vn 0.0840 0.8981 0.4317
vn 0.1978 0.9769 0.0806
vn 0.1641 0.7641 -0.6239
vn 0.7580 -0.3597 -0.5441
vn 0.2058 0.9472 -0.2458
vn 0.2224 0.8787 -0.4225
vn 0.0840 -0.8981 0.4317
vn 0.0940 -0.7711 -0.6297
vn 0.2058 0.9472 0.2458
vn 0.7580 0.3597 -0.5441
vn 0.2870 -0.9547 -0.0787
vn 0.3546 -0.7242 0.5914
vn 0.2870 0.9547 -0.0787
vn 0.6755 0.6646 -0.3195
vn 0.9283 -0.3706 -0.0306
vn 0.9631 0.1483 -0.2246
vn 0.9534 0.2338 -0.1909
vn 0.1641 -0.7641 -0.6239
vn 0.0940 0.7711 -0.6297
vn 0.5506 -0.4604 -0.6964
vn 0.1978 -0.9769 -0.0806
vn 0.1978 0.9769 -0.0806
vn 0.0775 -0.9650 -0.2504
vn 0.1852 0.5419 -0.8198
vn 0.9688 -0.0509 0.2424
vn 0.2981 -0.9239 -0.2398
vn 0.0775 -0.9650 0.2504
vn 0.4179 0.9054 -0.0746
vn 0.6297 -0.7742 -0.0639
vn -0.0037 0.0885 -0.9961
vn -0.0034 0.0096 -0.9999
vn 0.1003 0.0318 -0.9944
vn 0.0761 0.1055 -0.9915
vn -0.0839 0.0712 0.9939
vn -0.0034 0.0096 0.9999
vn -0.1075 -0.0127 0.9941
vn -0.0037 0.0885 0.9961
vn -0.1642 -0.1285 0.9780
vn -0.1001 -0.0372 0.9943
vn -0.2147 -0.0611 0.9748
vn -0.0755 -0.1108 0.9910
vn 0.2662 -0.9384 0.2204
vn 0.4366 -0.8733 0.2160
vn 0.4455 -0.7887 0.4238
vn 0.2723 -0.8580 0.4356
vn 0.2806 -0.7183 0.6366
vn 0.4572 -0.6450 0.6124
vn 0.4673 -0.4425 0.7654
vn 0.2888 -0.5148 0.8072
vn -0.0576 -0.7800 -0.6232
vn -0.0528 -0.9054 -0.4213
vn -0.1267 -0.9017 -0.4134
vn -0.1351 -0.7799 -0.6111
vn 0.2930 -0.2513 0.9225
vn 0.1753 -0.2848 0.9424
vn 0.1730 -0.5493 0.8176
vn 0.3883 0.7458 0.5412
vn 0.4116 0.5859 0.6981
vn 0.2551 0.5957 0.7616
vn 0.2390 0.7713 0.5899
vn -0.9704 -0.2353 0.0543
vn -0.7917 0.2370 -0.5630
vn -0.7952 0.3975 -0.4578
vn -0.9663 -0.2526 0.0506
vn 0.0653 0.5867 -0.8072
vn 0.1489 0.5932 -0.7912
vn 0.1384 0.7777 -0.6133
vn 0.0591 0.7770 -0.6267
vn 0.0544 0.9041 0.4239
vn -0.0143 0.9026 0.4302
vn -0.0152 0.9762 0.2162
vn 0.0516 0.9757 0.2130
vn 0.5634 0.1095 0.8189
vn 0.4671 0.0173 0.8841
vn 0.7497 0.1001 0.6541
vn 0.8206 0.1690 0.5459
vn -0.4830 0.1851 -0.8558
vn -0.4809 0.4380 -0.7595
vn -0.7810 0.0458 -0.6229
vn 0.1489 0.5932 0.7912
vn 0.1384 0.7777 0.6133
vn 0.6463 0.6448 0.4082
vn 0.6740 0.5221 0.5226
vn 0.0853 -0.3067 -0.9480
vn 0.1753 -0.2848 -0.9424
vn 0.1730 -0.5493 -0.8176
vn 0.0856 -0.5694 -0.8176
vn -0.2993 0.2456 0.9220
vn -0.2943 0.0233 0.9554
vn -0.4726 -0.0210 0.8810
vn -0.4830 0.1851 0.8558
vn -0.2943 0.0233 -0.9554
vn -0.3681 -0.0688 -0.9272
vn -0.2237 -0.0375 -0.9739
vn -0.1754 0.0509 -0.9832
vn -0.4556 0.8902 -0.0000
vn -0.2744 0.9616 -0.0000
vn -0.2760 0.9357 0.2198
vn -0.4577 0.8635 0.2119
vn 0.1003 0.0318 0.9944
vn 0.0761 0.1055 0.9915
vn -0.5976 -0.7439 -0.2992
vn -0.9615 -0.2719 -0.0410
vn -0.9663 -0.2526 -0.0506
vn -0.6228 -0.6516 -0.4330
vn 0.4493 0.1766 -0.8757
vn 0.2803 0.1463 -0.9487
vn 0.5478 0.1270 -0.8269
vn 0.3566 0.0866 -0.9302
vn -0.0067 0.3166 -0.9485
vn 0.0721 0.3310 -0.9409
vn -0.2664 -0.3618 0.8934
vn -0.2492 -0.5979 0.7618
vn -0.1458 -0.5972 0.7887
vn -0.1571 -0.3499 0.9235
vn -0.3448 -0.9195 0.1888
vn -0.5810 -0.7994 0.1530
vn -0.5751 -0.8181 -0.0000
vn -0.3405 -0.9403 -0.0000
vn -0.2776 -0.1496 0.9490
vn -0.3559 -0.0903 0.9302
vn -0.2115 -0.9564 0.2016
vn -0.2198 -0.8896 0.4003
vn -0.3571 -0.8562 0.3734
vn -0.9704 -0.2353 -0.0543
vn -0.7917 0.2370 0.5630
vn -0.7810 0.0458 0.6229
vn -0.9735 -0.2221 -0.0550
vn -0.0498 -0.9761 -0.2116
vn -0.0488 -0.9988 -0.0000
vn -0.1195 -0.9928 -0.0000
vn -0.1214 -0.9706 -0.2078
vn -0.6228 -0.6516 0.4330
vn -0.5976 -0.7439 0.2992
vn -0.3763 -0.7467 0.5484
vn -0.1267 -0.9017 0.4134
vn -0.0528 -0.9054 0.4213
vn -0.0576 -0.7800 0.6232
vn -0.1351 -0.7799 0.6111
vn 0.0101 -0.5824 -0.8128
vn 0.0067 -0.3232 -0.9463
vn -0.4005 -0.5858 -0.7045
vn -0.4260 -0.3708 -0.8253
vn -0.2664 -0.3618 -0.8934
vn -0.2492 -0.5979 -0.7618
vn 0.0821 -0.9727 0.2171
vn 0.0832 -0.8982 0.4317
vn 0.0142 -0.9041 0.4271
vn 0.0151 -0.9766 0.2145
vn -0.7952 0.3975 0.4578
vn -0.2993 0.2456 -0.9220
vn -0.2955 0.5101 -0.8078
vn 0.1684 -0.7498 0.6398
vn 0.1637 -0.8854 0.4351
vn 0.8022 0.1793 0.5695
vn 0.4493 0.1766 0.8757
vn 0.7228 0.2159 0.6565
vn 0.5478 0.1270 0.8269
vn -0.0067 0.3166 0.9485
vn -0.0101 0.5771 0.8166
vn 0.0653 0.5867 0.8072
vn 0.0721 0.3310 0.9409
vn -0.1754 0.0509 0.9832
vn -0.2237 -0.0375 0.9739
vn 0.4371 0.3705 -0.8196
vn 0.2723 0.3586 -0.8929
vn -0.0143 0.9026 -0.4302
vn 0.0544 0.9041 -0.4239
vn 0.0516 0.9757 -0.2130
vn -0.0152 0.9762 -0.2162
vn 0.0507 0.9987 -0.0000
vn -0.0155 0.9999 -0.0000
vn -0.2328 -0.7726 -0.5907
vn -0.3763 -0.7467 -0.5484
vn 0.1656 0.1239 -0.9784
vn 0.2152 0.0565 -0.9749
vn -0.3681 -0.0688 0.9272
vn 0.4371 0.3705 0.8196
vn 0.7060 0.3604 0.6096
vn -0.9572 -0.2884 -0.0236
vn -0.7950 0.5840 0.1641
vn -0.7954 0.5145 0.3203
vn 0.9765 0.2155 0.0005
vn 0.7060 0.3604 -0.6096
vn 0.7228 0.2159 -0.6565
vn 0.9772 0.2116 -0.0148
vn -0.4439 -0.1780 0.8782
vn -0.6865 -0.3584 0.6327
vn -0.4260 -0.3708 0.8253
vn -0.7129 -0.2152 0.6675
vn 0.0833 -0.0770 -0.9935
vn 0.1074 0.0072 -0.9942
vn 0.2235 0.0326 -0.9742
vn 0.1741 -0.0562 -0.9831
vn -0.0866 0.3000 0.9500
vn -0.0870 0.5639 0.8213
vn -0.0755 -0.1108 -0.9910
vn -0.1001 -0.0372 -0.9943
vn 0.0034 -0.0153 -0.9999
vn 0.0037 -0.0944 -0.9955
vn -0.1721 0.7466 -0.6427
vn -0.0861 0.7629 -0.6407
vn -0.0849 0.8966 -0.4347
vn -0.1679 0.8836 -0.4371
vn -0.6865 -0.3584 -0.6327
vn -0.6537 -0.5228 -0.5471
vn -0.0639 -0.5915 0.8037
vn 0.2723 0.3586 0.8929
vn -0.9735 -0.2221 0.0550
vn 0.1601 0.3448 -0.9249
vn -0.0126 0.7722 0.6353
vn 0.0591 0.7770 0.6267
vn -0.1214 -0.9706 0.2078
vn -0.0498 -0.9761 0.2116
vn 0.1637 -0.8854 -0.4351
vn 0.2723 -0.8580 -0.4356
vn 0.2662 -0.9384 -0.2204
vn 0.1603 -0.9624 -0.2194
vn 0.1603 -0.9624 0.2194
vn 0.0816 -0.9967 -0.0000
vn 0.1591 -0.9873 -0.0000
vn 0.0034 -0.0153 0.9999
vn 0.0037 -0.0944 0.9955
vn 0.2551 0.5957 -0.7616
vn -0.0709 -0.3371 -0.9388
vn 0.7532 -0.6326 0.1803
vn 0.9811 0.1931 0.0093
vn 0.9789 0.2040 0.0131
vn 0.7600 -0.5495 0.3471
vn -0.1458 -0.5972 -0.7887
vn -0.0840 0.9722 -0.2187
vn 0.4673 -0.4425 -0.7654
vn 0.4706 -0.1902 -0.8616
vn 0.7593 -0.0527 -0.6486
vn 0.7672 -0.2479 -0.5916
vn -0.0101 0.5771 -0.8166
vn -0.1764 0.5440 0.8204
vn -0.1784 0.2783 0.9438
vn -0.4639 0.7814 0.4174
vn -0.4728 0.6399 0.6058
vn -0.8217 -0.1702 -0.5439
vn -0.4726 -0.0210 -0.8810
vn -0.7598 -0.1037 -0.6419
vn -0.5642 -0.1119 -0.8180
vn 0.0845 -0.7663 -0.6369
vn 0.1684 -0.7498 -0.6398
vn 0.0832 -0.8982 -0.4317
vn -0.5466 -0.1294 0.8273
vn -0.0866 0.3000 -0.9500
vn -0.0839 0.0712 -0.9939
vn -0.2328 -0.7726 0.5907
vn 0.1303 0.9006 -0.4147
vn -0.0870 0.5639 -0.8213
vn 0.3675 0.0650 -0.9277
vn 0.4671 0.0173 -0.8841
vn 0.2917 -0.0279 -0.9561
vn 0.5634 0.1095 -0.8189
vn -0.0861 0.7629 0.6407
vn -0.1721 0.7466 0.6427
vn -0.9762 -0.2130 0.0418
vn -0.2808 0.8555 0.4351
vn -0.2881 0.7151 0.6369
vn -0.0126 0.7722 -0.6353
vn 0.4332 -0.9013 -0.0000
vn 0.4366 -0.8733 -0.2160
vn 0.7532 -0.6326 -0.1803
vn 0.7503 -0.6611 -0.0000
vn 0.2268 0.8885 -0.3989
vn 0.2194 0.9548 -0.2005
vn 0.1254 0.9700 -0.2083
vn 0.2640 -0.9645 -0.0000
vn 0.4572 -0.6450 -0.6124
vn 0.7662 -0.4181 -0.4880
vn 0.7600 -0.5495 -0.3471
vn 0.4455 -0.7887 -0.4238
vn 0.0126 -0.7754 -0.6313
vn 0.0142 -0.9041 -0.4271
vn -0.0840 0.9722 0.2187
vn -0.0849 0.8966 0.4347
vn 0.6143 0.7765 0.1402
vn 0.6260 0.7286 0.2780
vn 0.3709 0.8533 0.3665
vn 0.3604 0.9144 0.1844
vn 0.6143 0.7765 -0.1402
vn 0.6260 0.7286 -0.2780
vn 0.9789 0.2040 -0.0131
vn 0.9811 0.1931 -0.0093
vn 0.7497 0.1001 -0.6541
vn 0.7593 -0.0527 0.6486
vn 0.7662 -0.4181 0.4880
vn 0.9769 0.2136 0.0108
vn 0.1254 0.9700 0.2083
vn 0.1303 0.9006 0.4147
vn 0.1656 0.1239 0.9784
vn 0.3566 0.0866 0.9302
vn 0.2152 0.0565 0.9749
vn 0.2803 0.1463 0.9487
vn -0.0639 -0.5915 -0.8037
vn 0.0821 -0.9727 -0.2171
vn 0.1601 0.3448 0.9249
vn -0.1679 0.8836 0.4371
vn 0.2169 0.9762 -0.0000
vn 0.1238 0.9923 -0.0000
vn -0.2776 -0.1496 -0.9490
vn -0.3559 -0.0903 -0.9302
vn -0.2147 -0.0611 -0.9748
vn -0.1642 -0.1285 -0.9780
vn 0.2917 -0.0279 0.9561
vn 0.1741 -0.0562 0.9831
vn -0.1075 -0.0127 -0.9941
vn -0.8217 -0.1702 0.5439
vn -0.7598 -0.1037 0.6419
vn -0.5642 -0.1119 0.8180
vn -0.4005 -0.5858 0.7045
vn -0.1571 -0.3499 -0.9235
vn 0.6740 0.5221 -0.5226
vn 0.9761 0.2174 0.0053
vn 0.6463 0.6448 -0.4082
vn 0.0126 -0.7754 0.6313
vn 0.0845 -0.7663 0.6369
vn -0.7954 0.5145 -0.3203
vn -0.9615 -0.2719 0.0410
vn -0.0709 -0.3371 0.9388
vn 0.2390 0.7713 -0.5899
vn -0.4809 0.4380 0.7595
vn -0.2955 0.5101 0.8078
vn -0.5810 -0.7994 -0.1530
vn 0.0101 -0.5824 0.8128
vn 0.0856 -0.5694 0.8176
vn -0.1784 0.2783 -0.9438
vn -0.1764 0.5440 -0.8204
vn -0.2115 -0.9564 -0.2016
vn -0.2087 -0.9780 -0.0000
vn 0.3709 0.8533 -0.3665
vn 0.3604 0.9144 -0.1844
vn 0.8206 0.1690 -0.5459
vn 0.9772 0.2116 0.0148
vn 0.9775 0.2101 0.0203
vn 0.9769 0.2136 -0.0108
vn 0.8022 0.1793 -0.5695
vn 0.2930 -0.2513 -0.9225
vn 0.2888 -0.5148 -0.8072
vn -0.8008 -0.1800 0.5712
vn -0.4577 0.8635 -0.2119
vn -0.4639 0.7814 -0.4174
vn -0.2808 0.8555 -0.4351
vn -0.2760 0.9357 -0.2198
vn -0.2881 0.7151 -0.6369
vn -0.4728 0.6399 -0.6058
vn -0.7950 0.5840 -0.1641
vn -0.9572 -0.2884 0.0236
vn 0.7672 -0.2479 0.5916
vn -0.6537 -0.5228 0.5471
vn -0.2198 -0.8896 -0.4003
vn -0.3571 -0.8562 -0.3734
vn 0.9821 0.1885 -0.0000
vn 0.6106 0.7920 -0.0000
vn 0.2806 -0.7183 -0.6366
vn -0.3448 -0.9195 -0.1888
vn 0.9761 0.2174 -0.0053
vn -0.1641 0.9864 -0.0000
vn -0.1651 0.9614 0.2203
vn -0.1651 0.9614 -0.2203
vn -0.0837 0.9965 -0.0000
vn -0.7949 0.6067 -0.0000
vn -0.9554 -0.2953 -0.0000
vn -0.9773 -0.2105 0.0236
vn 0.3571 0.9341 -0.0000
vn 0.4116 0.5859 -0.6981
vn 0.3883 0.7458 -0.5412
vn -0.8008 -0.1800 -0.5712
vn -0.7129 -0.2152 -0.6675
vn -0.9762 -0.2130 -0.0418
vn -0.9773 -0.2105 -0.0236
vn 0.0154 -0.9999 -0.0000
vn 0.2194 0.9548 0.2005
vn -0.4439 -0.1780 -0.8782
vn -0.5466 -0.1294 -0.8273
vn 0.9775 0.2101 -0.0203
vn 0.0151 -0.9766 -0.2145
vn 0.0067 -0.3232 0.9463
vn 0.3675 0.0650 0.9277
vn 0.2235 0.0326 0.9742
vn 0.2268 0.8885 0.3989
vn 0.0853 -0.3067 0.9480
vn 0.0833 -0.0770 0.9935
vn 0.1074 0.0072 0.9942
vn 0.4706 -0.1902 0.8616
vn -0.0243 -0.9997 0.0000
vn 0.0000 -0.8474 0.5310
vn 0.0000 -0.6776 0.7354
vn 0.0000 -0.3932 0.9195
vn -0.0000 -1.0000 0.0000
vn -1.0000 -0.0000 0.0000
# 1160 vertex normals

vt 0.0000 1.0000 0.0000
vt 0.0000 0.0000 0.0000
vt 1.0000 0.0000 0.0000
vt 1.0000 1.0000 0.0000
vt 0.0000 0.0000 1.0000
vt 1.0000 0.0000 1.0000
vt 1.0000 1.0000 1.0000
vt 0.0000 1.0000 1.0000
vt 0.2625 0.9989 3.2305
vt 0.2625 0.9989 3.2363
vt 0.2626 0.9991 3.2194
vt 0.2626 0.9990 3.2247
vt 0.2625 0.9988 3.2417
vt 0.2627 0.9992 3.2148
vt 0.2626 0.9987 3.2463
vt 0.2628 0.9992 3.2113
vt 0.2626 0.9986 3.2500
vt 0.2629 0.9993 3.2092
vt 0.2627 0.9986 3.2523
vt 0.2630 0.9993 3.2085
vt 0.2628 0.9986 3.2531
vt 0.2630 0.9993 3.2094
vt 0.2629 0.9986 3.2525
vt 0.2631 0.9992 3.2117
vt 0.2630 0.9986 3.2503
vt 0.2632 0.9992 3.2153
vt 0.2631 0.9987 3.2468
vt 0.2632 0.9991 3.2200
vt 0.2632 0.9990 3.2254
vt 0.2631 0.9988 3.2423
vt 0.2632 0.9990 3.2312
vt 0.2632 0.9989 3.2370
vt 0.2594 0.9988 3.2370
vt 0.2595 0.9990 3.2200
vt 0.2594 0.9990 3.2257
vt 0.2594 0.9989 3.2315
vt 0.2595 0.9987 3.2417
vt 0.2595 0.9991 3.2146
vt 0.2595 0.9986 3.2453
vt 0.2596 0.9992 3.2101
vt 0.2597 0.9992 3.2067
vt 0.2596 0.9986 3.2477
vt 0.2597 0.9993 3.2046
vt 0.2597 0.9986 3.2486
vt 0.2598 0.9986 3.2480
vt 0.2598 0.9993 3.2040
vt 0.2599 0.9986 3.2460
vt 0.2599 0.9993 3.2049
vt 0.2600 0.9987 3.2425
vt 0.2600 0.9992 3.2073
vt 0.2600 0.9988 3.2380
vt 0.2601 0.9992 3.2110
vt 0.2601 0.9991 3.2157
vt 0.2601 0.9989 3.2327
vt 0.2601 0.9989 3.2270
vt 0.2601 0.9990 3.2212
vt 0.2379 0.9989 3.2298
vt 0.2379 0.9989 3.2355
vt 0.2379 0.9991 3.2185
vt 0.2379 0.9990 3.2240
vt 0.2380 0.9988 3.2408
vt 0.2379 0.9992 3.2138
vt 0.2381 0.9987 3.2453
vt 0.2380 0.9992 3.2101
vt 0.2382 0.9986 3.2487
vt 0.2381 0.9993 3.2077
vt 0.2382 0.9986 3.2508
vt 0.2382 0.9993 3.2067
vt 0.2383 0.9986 3.2513
vt 0.2383 0.9993 3.2073
vt 0.2384 0.9986 3.2504
vt 0.2383 0.9992 3.2094
vt 0.2385 0.9986 3.2480
vt 0.2384 0.9992 3.2128
vt 0.2385 0.9987 3.2443
vt 0.2385 0.9991 3.2173
vt 0.2386 0.9990 3.2226
vt 0.2386 0.9988 3.2396
vt 0.2386 0.9990 3.2284
vt 0.2386 0.9989 3.2341
vt 0.2349 0.9988 3.2459
vt 0.2348 0.9990 3.2290
vt 0.2348 0.9990 3.2348
vt 0.2348 0.9989 3.2405
vt 0.2350 0.9987 3.2504
vt 0.2348 0.9991 3.2236
vt 0.2351 0.9986 3.2538
vt 0.2348 0.9992 3.2189
vt 0.2349 0.9992 3.2153
vt 0.2352 0.9986 3.2560
vt 0.2350 0.9993 3.2129
vt 0.2352 0.9986 3.2566
vt 0.2353 0.9986 3.2557
vt 0.2350 0.9993 3.2121
vt 0.2354 0.9986 3.2534
vt 0.2351 0.9993 3.2127
vt 0.2355 0.9987 3.2498
vt 0.2352 0.9992 3.2148
vt 0.2355 0.9988 3.2451
vt 0.2353 0.9992 3.2183
vt 0.2354 0.9991 3.2228
vt 0.2355 0.9989 3.2397
vt 0.2355 0.9989 3.2339
vt 0.2354 0.9990 3.2281
vt 0.7379 0.9989 3.2298
vt 0.7379 0.9989 3.2355
vt 0.7379 0.9991 3.2185
vt 0.7379 0.9990 3.2240
vt 0.7380 0.9988 3.2408
vt 0.7379 0.9992 3.2138
vt 0.7381 0.9987 3.2453
vt 0.7380 0.9992 3.2101
vt 0.7382 0.9986 3.2487
vt 0.7381 0.9993 3.2077
vt 0.7382 0.9986 3.2508
vt 0.7382 0.9993 3.2067
vt 0.7383 0.9986 3.2513
vt 0.7383 0.9993 3.2073
vt 0.7384 0.9986 3.2504
vt 0.7383 0.9992 3.2094
vt 0.7385 0.9986 3.2480
vt 0.7384 0.9992 3.2128
vt 0.7385 0.9987 3.2443
vt 0.7385 0.9991 3.2173
vt 0.7386 0.9990 3.2226
vt 0.7386 0.9988 3.2396
vt 0.7386 0.9990 3.2283
vt 0.7386 0.9989 3.2341
vt 0.7349 0.9988 3.2459
vt 0.7348 0.9990 3.2290
vt 0.7348 0.9990 3.2348
vt 0.7348 0.9989 3.2405
vt 0.7350 0.9987 3.2504
vt 0.7348 0.9991 3.2236
vt 0.7351 0.9986 3.2538
vt 0.7348 0.9992 3.2189
vt 0.7349 0.9992 3.2153
vt 0.7352 0.9986 3.2560
vt 0.7350 0.9993 3.2129
vt 0.7352 0.9986 3.2566
vt 0.7353 0.9986 3.2557
vt 0.7350 0.9993 3.2121
vt 0.7354 0.9986 3.2534
vt 0.7351 0.9993 3.2127
vt 0.7355 0.9987 3.2498
vt 0.7352 0.9992 3.2148
vt 0.7355 0.9988 3.2451
vt 0.7353 0.9992 3.2183
vt 0.7354 0.9991 3.2228
vt 0.7355 0.9989 3.2397
vt 0.7355 0.9989 3.2339
vt 0.7354 0.9990 3.2281
vt 0.7625 0.9989 3.2305
vt 0.7625 0.9989 3.2362
vt 0.7626 0.9991 3.2194
vt 0.7626 0.9990 3.2247
vt 0.7625 0.9988 3.2417
vt 0.7627 0.9992 3.2148
vt 0.7626 0.9987 3.2463
vt 0.7628 0.9992 3.2113
vt 0.7626 0.9986 3.2499
vt 0.7629 0.9993 3.2092
vt 0.7627 0.9986 3.2523
vt 0.7630 0.9993 3.2085
vt 0.7628 0.9986 3.2531
vt 0.7630 0.9993 3.2094
vt 0.7629 0.9986 3.2524
vt 0.7631 0.9992 3.2117
vt 0.7630 0.9986 3.2503
vt 0.7632 0.9992 3.2153
vt 0.7631 0.9987 3.2468
vt 0.7632 0.9991 3.2200
vt 0.7632 0.9990 3.2254
vt 0.7631 0.9988 3.2423
vt 0.7632 0.9990 3.2312
vt 0.7632 0.9989 3.2370
vt 0.7594 0.9988 3.2369
vt 0.7595 0.9990 3.2199
vt 0.7594 0.9990 3.2257
vt 0.7594 0.9989 3.2315
vt 0.7595 0.9987 3.2417
vt 0.7595 0.9991 3.2146
vt 0.7595 0.9986 3.2453
vt 0.7596 0.9992 3.2101
vt 0.7597 0.9992 3.2067
vt 0.7596 0.9986 3.2477
vt 0.7597 0.9993 3.2046
vt 0.7597 0.9986 3.2486
vt 0.7598 0.9986 3.2480
vt 0.7598 0.9993 3.2040
vt 0.7599 0.9986 3.2460
vt 0.7599 0.9993 3.2049
vt 0.7600 0.9987 3.2425
vt 0.7600 0.9992 3.2073
vt 0.7600 0.9988 3.2380
vt 0.7601 0.9992 3.2110
vt 0.7601 0.9991 3.2157
vt 0.7601 0.9989 3.2327
vt 0.7601 0.9989 3.2269
vt 0.7601 0.9990 3.2212
vt 0.7617 1.0000 3.0231
vt 0.7617 1.0000 3.0142
vt 0.7617 0.0427 3.0142
vt 0.7617 0.0427 3.0231
vt 0.7617 1.0000 3.0054
vt 0.7617 0.0427 3.0054
vt 0.7618 0.0427 2.9973
vt 0.7618 0.0427 3.0143
vt 0.7617 0.0427 3.0314
vt 0.7619 0.0427 2.9903
vt 0.7618 0.0427 3.0068
vt 0.7620 0.0427 2.9939
vt 0.7619 0.0427 2.9999
vt 0.7621 0.0427 2.9850
vt 0.7621 0.0427 2.9895
vt 0.7622 0.0427 2.9818
vt 0.7622 0.0427 2.9867
vt 0.7624 0.0427 2.9809
vt 0.7623 0.0427 2.9859
vt 0.7625 0.0427 2.9822
vt 0.7625 0.0427 2.9871
vt 0.7626 0.0427 2.9859
vt 0.7626 0.0427 2.9901
vt 0.7627 0.0427 2.9914
vt 0.7626 0.0427 2.9949
vt 0.7627 0.0427 3.0011
vt 0.7628 0.0427 2.9987
vt 0.7627 0.0427 3.0157
vt 0.7627 0.0427 3.0082
vt 0.7627 0.0427 3.0232
vt 0.7626 0.0427 3.0328
vt 0.7625 0.0427 3.0397
vt 0.7626 0.0427 3.0302
vt 0.7624 0.0427 3.0450
vt 0.7625 0.0427 3.0361
vt 0.7622 0.0427 3.0482
vt 0.7624 0.0427 3.0406
vt 0.7621 0.0427 3.0492
vt 0.7622 0.0427 3.0433
vt 0.7620 0.0427 3.0429
vt 0.7621 0.0427 3.0441
vt 0.7619 0.0427 3.0399
vt 0.7619 0.0427 3.0478
vt 0.7618 0.0427 3.0351
vt 0.7618 0.0427 3.0442
vt 0.7618 0.0427 3.0290
vt 0.7617 0.0427 3.0386
vt 0.7617 0.0427 3.0219
vt 0.7628 0.0427 3.0070
vt 0.7627 0.0427 3.0246
vt 0.7628 0.0427 3.0158
vt 0.7624 1.0000 2.9809
vt 0.7625 1.0000 2.9822
vt 0.7617 1.0000 3.0386
vt 0.7617 1.0000 3.0314
vt 0.7622 1.0000 3.0482
vt 0.7624 1.0000 3.0450
vt 0.7619 1.0000 3.0478
vt 0.7618 1.0000 3.0442
vt 0.7621 1.0000 3.0492
vt 0.7619 1.0000 2.9903
vt 0.7621 1.0000 2.9850
vt 0.7628 1.0000 2.9987
vt 0.7628 1.0000 3.0070
vt 0.7618 1.0000 2.9973
vt 0.7628 1.0000 3.0158
vt 0.7626 1.0000 3.0328
vt 0.7625 1.0000 3.0397
vt 0.7627 1.0000 2.9914
vt 0.7626 1.0000 2.9859
vt 0.7627 1.0000 3.0246
vt 0.7622 1.0000 2.9818
vt 0.7623 0.0000 3.0068
vt 0.7623 0.0411 3.0068
vt 0.7624 0.0411 3.0083
vt 0.7624 0.0000 3.0083
vt 0.7622 0.0411 3.0244
vt 0.7622 0.0411 3.0247
vt 0.7622 0.0000 3.0247
vt 0.7622 0.0000 3.0244
vt 0.7623 0.0000 3.0220
vt 0.7623 0.0000 3.0200
vt 0.7623 0.0411 3.0200
vt 0.7623 0.0411 3.0220
vt 0.7624 0.0000 3.0177
vt 0.7624 0.0000 3.0152
vt 0.7624 0.0411 3.0152
vt 0.7624 0.0411 3.0177
vt 0.7621 0.0000 3.0243
vt 0.7621 0.0411 3.0243
vt 0.7621 0.0411 3.0232
vt 0.7621 0.0000 3.0232
vt 0.7623 0.0000 3.0054
vt 0.7623 0.0411 3.0054
vt 0.7623 0.0411 3.0058
vt 0.7623 0.0000 3.0058
vt 0.7621 0.0000 3.0080
vt 0.7621 0.0411 3.0080
vt 0.7622 0.0411 3.0065
vt 0.7622 0.0000 3.0065
vt 0.7621 0.0411 3.0173
vt 0.7621 0.0000 3.0173
vt 0.7621 0.0000 3.0196
vt 0.7621 0.0411 3.0196
vt 0.7623 0.0000 3.0235
vt 0.7623 0.0411 3.0235
vt 0.7621 0.0411 3.0123
vt 0.7621 0.0411 3.0100
vt 0.7621 0.0000 3.0100
vt 0.7621 0.0000 3.0123
vt 0.7621 0.0000 3.0148
vt 0.7621 0.0000 3.0217
vt 0.7622 0.0000 3.0056
vt 0.7624 0.0000 3.0104
vt 0.7624 0.0000 3.0127
vt 0.7618 0.0411 3.0144
vt 0.7619 0.0411 3.0079
vt 0.7619 0.0411 3.0020
vt 0.7618 0.0411 3.0209
vt 0.7618 0.0411 3.0270
vt 0.7620 0.0411 2.9969
vt 0.7621 0.0411 2.9930
vt 0.7619 0.0411 3.0323
vt 0.7622 0.0411 2.9906
vt 0.7619 0.0411 3.0364
vt 0.7621 0.0411 3.0148
vt 0.7623 0.0411 2.9899
vt 0.7622 0.0411 3.0056
vt 0.7624 0.0411 2.9909
vt 0.7625 0.0411 2.9936
vt 0.7624 0.0411 3.0104
vt 0.7624 0.0411 3.0127
vt 0.7623 0.0411 3.0370
vt 0.7622 0.0411 3.0394
vt 0.7621 0.0411 3.0401
vt 0.7620 0.0411 3.0391
vt 0.7621 0.0411 3.0217
vt 0.7624 0.0411 3.0332
vt 0.7626 0.0411 2.9977
vt 0.7625 0.0411 3.0281
vt 0.7626 0.0411 3.0030
vt 0.7626 0.0411 3.0091
vt 0.7626 0.0411 3.0221
vt 0.7626 0.0411 3.0156
vt 0.7626 0.0411 3.0302
vt 0.7627 0.0411 3.0232
vt 0.7627 0.0237 3.0232
vt 0.7626 0.0237 3.0302
vt 0.7620 0.0411 3.0429
vt 0.7619 0.0411 3.0399
vt 0.7622 0.0411 2.9867
vt 0.7621 0.0411 2.9895
vt 0.7621 0.0237 2.9895
vt 0.7622 0.0237 2.9867
vt 0.7618 0.0411 3.0370
vt 0.7617 0.0411 3.0303
vt 0.7617 0.0237 3.0303
vt 0.7618 0.0237 3.0370
vt 0.7617 0.0237 3.0219
vt 0.7618 0.0237 3.0143
vt 0.7618 0.0411 3.0143
vt 0.7617 0.0411 3.0219
vt 0.7618 0.0411 3.0070
vt 0.7619 0.0411 3.0002
vt 0.7617 0.0411 3.0217
vt 0.7620 0.0411 2.9944
vt 0.7621 0.0411 2.9900
vt 0.7622 0.0411 2.9873
vt 0.7623 0.0411 2.9865
vt 0.7625 0.0411 2.9876
vt 0.7626 0.0411 2.9907
vt 0.7626 0.0411 2.9953
vt 0.7627 0.0411 3.0013
vt 0.7627 0.0411 3.0083
vt 0.7626 0.0411 3.0231
vt 0.7626 0.0411 3.0299
vt 0.7625 0.0411 3.0357
vt 0.7624 0.0411 3.0400
vt 0.7622 0.0411 3.0427
vt 0.7621 0.0411 3.0435
vt 0.7620 0.0411 3.0424
vt 0.7619 0.0411 3.0394
vt 0.7618 0.0411 3.0347
vt 0.7618 0.0411 3.0287
vt 0.7627 0.0411 3.0157
vt 0.7627 0.0411 3.0082
vt 0.7627 0.0237 3.0082
vt 0.7627 0.0237 3.0157
vt 0.7627 0.0411 3.0011
vt 0.7626 0.0411 2.9949
vt 0.7626 0.0237 2.9949
vt 0.7627 0.0237 3.0011
vt 0.7625 0.0237 3.0380
vt 0.7625 0.0411 3.0380
vt 0.7624 0.0411 3.0429
vt 0.7624 0.0237 3.0429
vt 0.7624 0.0237 3.0406
vt 0.7622 0.0237 3.0433
vt 0.7622 0.0411 3.0433
vt 0.7624 0.0411 3.0406
vt 0.7618 0.0411 3.0068
vt 0.7618 0.0411 3.0061
vt 0.7618 0.0411 2.9985
vt 0.7618 0.0237 2.9985
vt 0.7618 0.0237 3.0061
vt 0.7621 0.0237 2.9871
vt 0.7621 0.0411 2.9871
vt 0.7622 0.0411 2.9841
vt 0.7622 0.0237 2.9841
vt 0.7627 0.0237 2.9998
vt 0.7627 0.0237 2.9931
vt 0.7627 0.0411 2.9931
vt 0.7627 0.0411 2.9998
vt 0.7627 0.0237 3.0240
vt 0.7627 0.0237 3.0158
vt 0.7627 0.0411 3.0158
vt 0.7627 0.0411 3.0240
vt 0.7620 0.0411 2.9939
vt 0.7619 0.0411 2.9999
vt 0.7617 0.0411 3.0225
vt 0.7617 0.0237 3.0225
vt 0.7619 0.0237 3.0422
vt 0.7619 0.0411 3.0422
vt 0.7623 0.0237 2.9859
vt 0.7623 0.0411 2.9859
vt 0.7618 0.0411 3.0351
vt 0.7620 0.0237 2.9939
vt 0.7621 0.0237 3.0441
vt 0.7621 0.0411 3.0441
vt 0.7625 0.0237 3.0361
vt 0.7625 0.0411 3.0361
vt 0.7617 0.0237 3.0143
vt 0.7618 0.0237 3.0068
vt 0.7619 0.0237 2.9920
vt 0.7619 0.0237 2.9999
vt 0.7624 0.0237 2.9832
vt 0.7625 0.0237 2.9845
vt 0.7625 0.0237 2.9871
vt 0.7626 0.0237 2.9901
vt 0.7626 0.0237 2.9878
vt 0.7628 0.0237 3.0075
vt 0.7626 0.0237 3.0316
vt 0.7622 0.0237 3.0459
vt 0.7621 0.0237 3.0468
vt 0.7620 0.0237 3.0429
vt 0.7620 0.0237 3.0455
vt 0.7619 0.0237 3.0399
vt 0.7618 0.0237 3.0351
vt 0.7618 0.0237 3.0290
vt 0.7618 0.0411 3.0290
vt 0.7625 0.0411 2.9871
vt 0.7626 0.0411 2.9901
vt 0.7626 0.0411 3.0316
vt 0.7624 0.0411 2.9832
vt 0.7625 0.0411 2.9845
vt 0.7619 0.0411 2.9920
vt 0.7626 0.0411 2.9878
vt 0.7622 0.0411 3.0459
vt 0.7621 0.0411 3.0468
vt 0.7617 0.0411 3.0143
vt 0.7628 0.0411 3.0075
vt 0.7620 0.0411 3.0455
vt 0.7629 0.1295 3.0708
vt 0.7629 0.1296 3.0650
vt 0.7609 0.1294 3.0737
vt 0.7609 0.1295 3.0680
vt 0.7633 0.1286 3.0822
vt 0.7634 0.1286 3.0768
vt 0.7624 0.0961 3.0476
vt 0.7624 0.0974 3.0443
vt 0.7627 0.1007 3.0454
vt 0.7627 0.0995 3.0487
vt 0.7630 0.1050 3.0502
vt 0.7630 0.1060 3.0468
vt 0.7632 0.1129 3.0484
vt 0.7632 0.1121 3.0519
vt 0.7608 0.1034 3.0685
vt 0.7612 0.0977 3.0678
vt 0.7612 0.0981 3.0733
vt 0.7608 0.1038 3.0740
vt 0.7634 0.1204 3.0536
vt 0.7634 0.1201 3.0582
vt 0.7632 0.1115 3.0564
vt 0.7612 0.1107 3.0453
vt 0.7610 0.1161 3.0461
vt 0.7611 0.1168 3.0498
vt 0.7612 0.1116 3.0491
vt 0.7629 0.1138 3.0902
vt 0.7628 0.1147 3.0896
vt 0.7627 0.1088 3.0882
vt 0.7627 0.1076 3.0888
vt 0.7628 0.1174 3.0626
vt 0.7628 0.1172 3.0571
vt 0.7627 0.1122 3.0560
vt 0.7626 0.1126 3.0614
vt 0.7615 0.1088 3.0590
vt 0.7614 0.1089 3.0648
vt 0.7617 0.1066 3.0648
vt 0.7617 0.1065 3.0589
vt 0.7634 0.1292 3.0517
vt 0.7633 0.1293 3.0494
vt 0.7629 0.1219 3.0888
vt 0.7628 0.1155 3.0874
vt 0.7630 0.1215 3.0910
vt 0.7611 0.1172 3.0546
vt 0.7613 0.1122 3.0539
vt 0.7612 0.1096 3.0427
vt 0.7610 0.1154 3.0436
vt 0.7605 0.1198 3.0594
vt 0.7605 0.1201 3.0541
vt 0.7607 0.1115 3.0527
vt 0.7606 0.1111 3.0580
vt 0.7608 0.1223 3.0823
vt 0.7608 0.1292 3.0835
vt 0.7607 0.1290 3.0870
vt 0.7608 0.1219 3.0857
vt 0.7629 0.1292 3.0866
vt 0.7629 0.1293 3.0819
vt 0.7619 0.1022 3.0836
vt 0.7619 0.1036 3.0803
vt 0.7616 0.1045 3.0801
vt 0.7616 0.1031 3.0833
vt 0.7609 0.1296 3.0622
vt 0.7612 0.1014 3.0846
vt 0.7612 0.1029 3.0857
vt 0.7610 0.1076 3.0862
vt 0.7609 0.1064 3.0852
vt 0.7631 0.1296 3.0515
vt 0.7630 0.1297 3.0550
vt 0.7628 0.1231 3.0695
vt 0.7629 0.1231 3.0637
vt 0.7632 0.1199 3.0851
vt 0.7631 0.1116 3.0834
vt 0.7632 0.1111 3.0787
vt 0.7633 0.1197 3.0805
vt 0.7622 0.0967 3.0829
vt 0.7622 0.0982 3.0854
vt 0.7619 0.0972 3.0847
vt 0.7619 0.0956 3.0822
vt 0.7633 0.1286 3.0868
vt 0.7622 0.0955 3.0791
vt 0.7626 0.0989 3.0802
vt 0.7625 0.1001 3.0840
vt 0.7608 0.1138 3.0871
vt 0.7608 0.1147 3.0866
vt 0.7607 0.1215 3.0877
vt 0.7606 0.1210 3.0883
vt 0.7615 0.0940 3.0677
vt 0.7619 0.0928 3.0680
vt 0.7619 0.0934 3.0735
vt 0.7615 0.0946 3.0732
vt 0.7628 0.1064 3.0878
vt 0.7625 0.1014 3.0865
vt 0.7628 0.1053 3.0854
vt 0.7626 0.0981 3.0755
vt 0.7627 0.0977 3.0700
vt 0.7630 0.1034 3.0715
vt 0.7629 0.1038 3.0770
vt 0.7606 0.1109 3.0637
vt 0.7605 0.1197 3.0651
vt 0.7607 0.1122 3.0836
vt 0.7605 0.1202 3.0849
vt 0.7605 0.1199 3.0811
vt 0.7606 0.1116 3.0798
vt 0.7623 0.0942 3.0572
vt 0.7627 0.0979 3.0584
vt 0.7627 0.0976 3.0642
vt 0.7623 0.0939 3.0630
vt 0.7610 0.1088 3.0858
vt 0.7629 0.1223 3.0853
vt 0.7628 0.1162 3.0840
vt 0.7630 0.1042 3.0547
vt 0.7627 0.0985 3.0532
vt 0.7609 0.1296 3.0483
vt 0.7608 0.1296 3.0459
vt 0.7610 0.1231 3.0668
vt 0.7611 0.1175 3.0659
vt 0.7611 0.1174 3.0601
vt 0.7610 0.1231 3.0610
vt 0.7609 0.1293 3.0790
vt 0.7631 0.1225 3.0502
vt 0.7630 0.1228 3.0537
vt 0.7624 0.1089 3.0662
vt 0.7624 0.1088 3.0604
vt 0.7622 0.1065 3.0597
vt 0.7622 0.1066 3.0655
vt 0.7619 0.1057 3.0591
vt 0.7619 0.1058 3.0650
vt 0.7609 0.1044 3.0788
vt 0.7609 0.1053 3.0826
vt 0.7630 0.1296 3.0596
vt 0.7609 0.1225 3.0471
vt 0.7609 0.1222 3.0446
vt 0.7615 0.0999 3.0856
vt 0.7615 0.1015 3.0852
vt 0.7613 0.1043 3.0853
vt 0.7632 0.1217 3.0471
vt 0.7631 0.1222 3.0479
vt 0.7632 0.1296 3.0493
vt 0.7632 0.1295 3.0486
vt 0.7632 0.1286 3.0903
vt 0.7631 0.1206 3.0909
vt 0.7632 0.1202 3.0887
vt 0.7631 0.1287 3.0925
vt 0.7604 0.1288 3.0610
vt 0.7605 0.1289 3.0556
vt 0.7609 0.1229 3.0726
vt 0.7611 0.1172 3.0717
vt 0.7604 0.1286 3.0725
vt 0.7604 0.1287 3.0667
vt 0.7626 0.1118 3.0783
vt 0.7626 0.1124 3.0730
vt 0.7624 0.1086 3.0720
vt 0.7624 0.1080 3.0773
vt 0.7606 0.1206 3.0873
vt 0.7607 0.1130 3.0861
vt 0.7632 0.1109 3.0733
vt 0.7610 0.1228 3.0508
vt 0.7630 0.1210 3.0917
vt 0.7629 0.1230 3.0584
vt 0.7612 0.1126 3.0652
vt 0.7613 0.1126 3.0594
vt 0.7623 0.0946 3.0743
vt 0.7623 0.0940 3.0688
vt 0.7612 0.0985 3.0510
vt 0.7613 0.0995 3.0466
vt 0.7616 0.0961 3.0465
vt 0.7616 0.0950 3.0509
vt 0.7624 0.0950 3.0520
vt 0.7620 0.0930 3.0564
vt 0.7620 0.0938 3.0512
vt 0.7634 0.1287 3.0711
vt 0.7629 0.1168 3.0525
vt 0.7604 0.1196 3.0709
vt 0.7624 0.0990 3.0424
vt 0.7623 0.1007 3.0419
vt 0.7626 0.1036 3.0429
vt 0.7627 0.1022 3.0434
vt 0.7606 0.1111 3.0750
vt 0.7622 0.1063 3.0712
vt 0.7608 0.1129 3.0449
vt 0.7607 0.1208 3.0462
vt 0.7607 0.1213 3.0442
vt 0.7609 0.1137 3.0430
vt 0.7628 0.1175 3.0683
vt 0.7610 0.1168 3.0769
vt 0.7609 0.1227 3.0779
vt 0.7613 0.1057 3.0834
vt 0.7611 0.1100 3.0839
vt 0.7629 0.1290 3.0902
vt 0.7630 0.1289 3.0924
vt 0.7609 0.1036 3.0569
vt 0.7609 0.1042 3.0517
vt 0.7612 0.0979 3.0563
vt 0.7628 0.1229 3.0753
vt 0.7629 0.1294 3.0765
vt 0.7629 0.1044 3.0817
vt 0.7625 0.1084 3.0550
vt 0.7627 0.1172 3.0741
vt 0.7606 0.1292 3.0477
vt 0.7605 0.1291 3.0511
vt 0.7612 0.1124 3.0710
vt 0.7612 0.1118 3.0762
vt 0.7631 0.1287 3.0932
vt 0.7613 0.1070 3.0802
vt 0.7611 0.1110 3.0806
vt 0.7626 0.1126 3.0672
vt 0.7620 0.0963 3.0435
vt 0.7617 0.0974 3.0433
vt 0.7617 0.0990 3.0414
vt 0.7620 0.0979 3.0417
vt 0.7625 0.1076 3.0502
vt 0.7623 0.1050 3.0493
vt 0.7622 0.1060 3.0542
vt 0.7620 0.0949 3.0468
vt 0.7610 0.1060 3.0440
vt 0.7611 0.1072 3.0421
vt 0.7614 0.1022 3.0415
vt 0.7613 0.1007 3.0434
vt 0.7609 0.1034 3.0626
vt 0.7612 0.0976 3.0620
vt 0.7617 0.1063 3.0705
vt 0.7614 0.1086 3.0706
vt 0.7617 0.1023 3.0421
vt 0.7614 0.1051 3.0422
vt 0.7615 0.1064 3.0448
vt 0.7617 0.1038 3.0447
vt 0.7623 0.1023 3.0430
vt 0.7626 0.1051 3.0439
vt 0.7614 0.1036 3.0411
vt 0.7617 0.1007 3.0410
vt 0.7607 0.1293 3.0456
vt 0.7633 0.1213 3.0479
vt 0.7629 0.1072 3.0447
vt 0.7629 0.1084 3.0442
vt 0.7617 0.1060 3.0534
vt 0.7615 0.1084 3.0535
vt 0.7609 0.1296 3.0567
vt 0.7609 0.1297 3.0520
vt 0.7606 0.1109 3.0695
vt 0.7616 0.0942 3.0561
vt 0.7610 0.1230 3.0556
vt 0.7614 0.1080 3.0758
vt 0.7620 0.1042 3.0488
vt 0.7620 0.1051 3.0536
vt 0.7604 0.1286 3.0827
vt 0.7604 0.1286 3.0779
vt 0.7634 0.1291 3.0553
vt 0.7634 0.1289 3.0599
vt 0.7607 0.1289 3.0890
vt 0.7630 0.1122 3.0870
vt 0.7605 0.1197 3.0764
vt 0.7630 0.1154 3.0465
vt 0.7631 0.1146 3.0456
vt 0.7628 0.1096 3.0451
vt 0.7630 0.1034 3.0657
vt 0.7630 0.1036 3.0600
vt 0.7624 0.1043 3.0870
vt 0.7625 0.1029 3.0875
vt 0.7633 0.1196 3.0751
vt 0.7627 0.1116 3.0512
vt 0.7609 0.1155 3.0847
vt 0.7610 0.1162 3.0814
vt 0.7615 0.0982 3.0844
vt 0.7632 0.1109 3.0675
vt 0.7632 0.1111 3.0617
vt 0.7628 0.1227 3.0807
vt 0.7627 0.1168 3.0794
vt 0.7615 0.0955 3.0780
vt 0.7619 0.0943 3.0783
vt 0.7626 0.1064 3.0464
vt 0.7623 0.1038 3.0455
vt 0.7607 0.1295 3.0450
vt 0.7611 0.1084 3.0416
vt 0.7606 0.1204 3.0496
vt 0.7607 0.1121 3.0483
vt 0.7621 0.1031 3.0841
vt 0.7624 0.1057 3.0850
vt 0.7624 0.1070 3.0817
vt 0.7621 0.1045 3.0809
vt 0.7608 0.1217 3.0437
vt 0.7626 0.1110 3.0828
vt 0.7626 0.1100 3.0861
vt 0.7621 0.1015 3.0861
vt 0.7622 0.0999 3.0865
vt 0.7631 0.1137 3.0463
vt 0.7630 0.1130 3.0893
vt 0.7612 0.0989 3.0782
vt 0.7612 0.1001 3.0820
vt 0.7620 0.0997 3.0413
vt 0.7620 0.1013 3.0424
vt 0.7610 0.1050 3.0472
vt 0.7615 0.0967 3.0819
vt 0.7609 0.1146 3.0425
vt 0.7619 0.1047 3.0759
vt 0.7616 0.1056 3.0757
vt 0.7621 0.1056 3.0764
vt 0.7619 0.1055 3.0707
vt 0.7618 0.1006 3.0855
vt 0.7618 0.0988 3.0858
vt 0.7620 0.1029 3.0449
vt 0.7630 0.1161 3.0488
vt 0.7628 0.1107 3.0475
vt 0.7605 0.1287 3.0887
vt 0.7606 0.1287 3.0896
vt 0.7619 0.0927 3.0622
vt 0.7617 0.1050 3.0486
vt 0.7605 0.1286 3.0863
vt 0.7615 0.0939 3.0618
vt 0.7634 0.1197 3.0694
vt 0.7615 0.1076 3.0487
vt 0.7634 0.1198 3.0636
vt 0.7634 0.1288 3.0653
vt 0.7633 0.1208 3.0501
vt 0.7370 0.1295 3.0710
vt 0.7370 0.1296 3.0652
vt 0.7351 0.1294 3.0801
vt 0.7350 0.1295 3.0743
vt 0.7375 0.1286 3.0808
vt 0.7375 0.1286 3.0754
vt 0.7363 0.0961 3.0497
vt 0.7362 0.0974 3.0465
vt 0.7366 0.1007 3.0465
vt 0.7366 0.0995 3.0498
vt 0.7369 0.1050 3.0503
vt 0.7369 0.1060 3.0470
vt 0.7371 0.1129 3.0479
vt 0.7372 0.1121 3.0513
vt 0.7350 0.1034 3.0751
vt 0.7353 0.0977 3.0734
vt 0.7353 0.0981 3.0789
vt 0.7350 0.1038 3.0805
vt 0.7373 0.1204 3.0525
vt 0.7374 0.1201 3.0570
vt 0.7372 0.1115 3.0557
vt 0.7351 0.1107 3.0510
vt 0.7349 0.1161 3.0524
vt 0.7350 0.1168 3.0560
vt 0.7352 0.1116 3.0547
vt 0.7372 0.1138 3.0901
vt 0.7371 0.1147 3.0897
vt 0.7369 0.1088 3.0889
vt 0.7370 0.1076 3.0893
vt 0.7368 0.1174 3.0632
vt 0.7368 0.1172 3.0577
vt 0.7366 0.1122 3.0570
vt 0.7367 0.1126 3.0625
vt 0.7355 0.1088 3.0638
vt 0.7355 0.1089 3.0696
vt 0.7357 0.1066 3.0688
vt 0.7357 0.1065 3.0630
vt 0.7373 0.1292 3.0506
vt 0.7372 0.1293 3.0486
vt 0.7371 0.1219 3.0887
vt 0.7370 0.1155 3.0877
vt 0.7372 0.1215 3.0907
vt 0.7351 0.1172 3.0607
vt 0.7352 0.1122 3.0594
vt 0.7351 0.1096 3.0486
vt 0.7349 0.1154 3.0501
vt 0.7345 0.1198 3.0672
vt 0.7345 0.1201 3.0619
vt 0.7347 0.1115 3.0600
vt 0.7347 0.1111 3.0654
vt 0.7351 0.1223 3.0888
vt 0.7350 0.1292 3.0901
vt 0.7350 0.1290 3.0937
vt 0.7350 0.1219 3.0923
vt 0.7371 0.1292 3.0865
vt 0.7371 0.1293 3.0820
vt 0.7361 0.1022 3.0868
vt 0.7361 0.1036 3.0836
vt 0.7358 0.1045 3.0842
vt 0.7358 0.1031 3.0875
vt 0.7350 0.1296 3.0685
vt 0.7354 0.1014 3.0899
vt 0.7355 0.1029 3.0909
vt 0.7352 0.1076 3.0922
vt 0.7352 0.1064 3.0913
vt 0.7370 0.1296 3.0513
vt 0.7370 0.1297 3.0550
vt 0.7369 0.1231 3.0699
vt 0.7369 0.1231 3.0641
vt 0.7374 0.1199 3.0841
vt 0.7373 0.1116 3.0828
vt 0.7373 0.1111 3.0780
vt 0.7375 0.1197 3.0793
vt 0.7364 0.0967 3.0851
vt 0.7364 0.0982 3.0876
vt 0.7361 0.0972 3.0880
vt 0.7361 0.0956 3.0854
vt 0.7375 0.1286 3.0856
vt 0.7364 0.0955 3.0812
vt 0.7368 0.0989 3.0813
vt 0.7367 0.1001 3.0851
vt 0.7350 0.1138 3.0937
vt 0.7351 0.1147 3.0931
vt 0.7350 0.1215 3.0945
vt 0.7349 0.1210 3.0953
vt 0.7356 0.0940 3.0722
vt 0.7360 0.0928 3.0713
vt 0.7360 0.0934 3.0768
vt 0.7356 0.0946 3.0776
vt 0.7370 0.1064 3.0882
vt 0.7367 0.1014 3.0877
vt 0.7370 0.1053 3.0856
vt 0.7368 0.0981 3.0764
vt 0.7367 0.0977 3.0709
vt 0.7371 0.1034 3.0715
vt 0.7371 0.1038 3.0770
vt 0.7347 0.1109 3.0711
vt 0.7345 0.1197 3.0730
vt 0.7349 0.1122 3.0906
vt 0.7348 0.1202 3.0923
vt 0.7347 0.1199 3.0888
vt 0.7348 0.1116 3.0870
vt 0.7363 0.0942 3.0593
vt 0.7367 0.0979 3.0594
vt 0.7367 0.0976 3.0651
vt 0.7364 0.0939 3.0650
vt 0.7353 0.1088 3.0917
vt 0.7371 0.1223 3.0854
vt 0.7370 0.1162 3.0844
vt 0.7370 0.1042 3.0547
vt 0.7367 0.0985 3.0542
vt 0.7348 0.1296 3.0551
vt 0.7347 0.1296 3.0529
vt 0.7351 0.1231 3.0730
vt 0.7352 0.1175 3.0718
vt 0.7351 0.1174 3.0661
vt 0.7350 0.1231 3.0673
vt 0.7351 0.1293 3.0855
vt 0.7370 0.1225 3.0501
vt 0.7369 0.1228 3.0538
vt 0.7365 0.1089 3.0680
vt 0.7364 0.1088 3.0622
vt 0.7362 0.1065 3.0622
vt 0.7362 0.1066 3.0680
vt 0.7360 0.1057 3.0624
vt 0.7360 0.1058 3.0682
vt 0.7351 0.1044 3.0852
vt 0.7351 0.1053 3.0889
vt 0.7370 0.1296 3.0598
vt 0.7348 0.1225 3.0538
vt 0.7348 0.1222 3.0515
vt 0.7358 0.0999 3.0899
vt 0.7358 0.1015 3.0894
vt 0.7355 0.1043 3.0904
vt 0.7371 0.1217 3.0467
vt 0.7370 0.1222 3.0477
vt 0.7371 0.1296 3.0489
vt 0.7372 0.1295 3.0480
vt 0.7375 0.1286 3.0893
vt 0.7374 0.1206 3.0902
vt 0.7374 0.1202 3.0878
vt 0.7374 0.1287 3.0916
vt 0.7345 0.1288 3.0690
vt 0.7345 0.1289 3.0636
vt 0.7351 0.1229 3.0788
vt 0.7352 0.1172 3.0776
vt 0.7345 0.1286 3.0805
vt 0.7345 0.1287 3.0748
vt 0.7367 0.1118 3.0793
vt 0.7367 0.1124 3.0741
vt 0.7365 0.1086 3.0737
vt 0.7365 0.1080 3.0790
vt 0.7348 0.1206 3.0945
vt 0.7350 0.1130 3.0929
vt 0.7373 0.1109 3.0725
vt 0.7349 0.1228 3.0573
vt 0.7373 0.1210 3.0912
vt 0.7369 0.1230 3.0586
vt 0.7353 0.1126 3.0707
vt 0.7353 0.1126 3.0649
vt 0.7364 0.0946 3.0764
vt 0.7364 0.0940 3.0708
vt 0.7352 0.0985 3.0567
vt 0.7352 0.0995 3.0522
vt 0.7355 0.0961 3.0510
vt 0.7355 0.0950 3.0554
vt 0.7363 0.0950 3.0541
vt 0.7359 0.0930 3.0597
vt 0.7359 0.0938 3.0545
vt 0.7375 0.1287 3.0696
vt 0.7368 0.1168 3.0529
vt 0.7346 0.1196 3.0788
vt 0.7362 0.0990 3.0446
vt 0.7362 0.1007 3.0442
vt 0.7365 0.1036 3.0443
vt 0.7365 0.1022 3.0447
vt 0.7348 0.1111 3.0823
vt 0.7363 0.1063 3.0737
vt 0.7347 0.1129 3.0520
vt 0.7346 0.1208 3.0537
vt 0.7346 0.1213 3.0515
vt 0.7348 0.1137 3.0499
vt 0.7368 0.1175 3.0690
vt 0.7352 0.1168 3.0829
vt 0.7351 0.1227 3.0842
vt 0.7355 0.1057 3.0884
vt 0.7353 0.1100 3.0896
vt 0.7372 0.1290 3.0899
vt 0.7373 0.1289 3.0920
vt 0.7349 0.1036 3.0635
vt 0.7349 0.1042 3.0582
vt 0.7352 0.0979 3.0619
vt 0.7370 0.1229 3.0756
vt 0.7370 0.1294 3.0767
vt 0.7371 0.1044 3.0818
vt 0.7364 0.1084 3.0567
vt 0.7369 0.1172 3.0747
vt 0.7345 0.1292 3.0553
vt 0.7345 0.1291 3.0589
vt 0.7353 0.1124 3.0764
vt 0.7353 0.1118 3.0817
vt 0.7373 0.1287 3.0926
vt 0.7355 0.1070 3.0851
vt 0.7353 0.1110 3.0862
vt 0.7367 0.1126 3.0684
vt 0.7359 0.0963 3.0469
vt 0.7355 0.0974 3.0477
vt 0.7355 0.0990 3.0458
vt 0.7359 0.0979 3.0450
vt 0.7364 0.1076 3.0518
vt 0.7362 0.1050 3.0518
vt 0.7362 0.1060 3.0566
vt 0.7359 0.0949 3.0501
vt 0.7349 0.1060 3.0503
vt 0.7350 0.1072 3.0483
vt 0.7352 0.1022 3.0469
vt 0.7352 0.1007 3.0489
vt 0.7349 0.1034 3.0693
vt 0.7352 0.0976 3.0676
vt 0.7358 0.1063 3.0745
vt 0.7355 0.1086 3.0754
vt 0.7356 0.1023 3.0464
vt 0.7353 0.1051 3.0474
vt 0.7353 0.1064 3.0499
vt 0.7356 0.1038 3.0489
vt 0.7362 0.1023 3.0454
vt 0.7365 0.1051 3.0454
vt 0.7353 0.1036 3.0464
vt 0.7356 0.1007 3.0453
vt 0.7346 0.1293 3.0531
vt 0.7372 0.1213 3.0472
vt 0.7368 0.1072 3.0451
vt 0.7368 0.1084 3.0447
vt 0.7357 0.1060 3.0575
vt 0.7354 0.1084 3.0584
vt 0.7349 0.1296 3.0632
vt 0.7349 0.1297 3.0586
vt 0.7347 0.1109 3.0769
vt 0.7356 0.0942 3.0606
vt 0.7350 0.1230 3.0619
vt 0.7355 0.1080 3.0806
vt 0.7359 0.1042 3.0521
vt 0.7359 0.1051 3.0569
vt 0.7346 0.1286 3.0904
vt 0.7346 0.1286 3.0858
vt 0.7374 0.1291 3.0540
vt 0.7374 0.1289 3.0586
vt 0.7349 0.1289 3.0960
vt 0.7373 0.1122 3.0865
vt 0.7346 0.1197 3.0841
vt 0.7369 0.1154 3.0466
vt 0.7370 0.1146 3.0455
vt 0.7367 0.1096 3.0458
vt 0.7370 0.1034 3.0657
vt 0.7370 0.1036 3.0599
vt 0.7367 0.1043 3.0885
vt 0.7367 0.1029 3.0888
vt 0.7375 0.1196 3.0738
vt 0.7367 0.1116 3.0522
vt 0.7351 0.1155 3.0909
vt 0.7352 0.1162 3.0875
vt 0.7357 0.0982 3.0888
vt 0.7373 0.1109 3.0667
vt 0.7373 0.1111 3.0609
vt 0.7370 0.1227 3.0809
vt 0.7369 0.1168 3.0800
vt 0.7357 0.0955 3.0825
vt 0.7360 0.0943 3.0816
vt 0.7364 0.1064 3.0480
vt 0.7362 0.1038 3.0479
vt 0.7347 0.1295 3.0523
vt 0.7350 0.1084 3.0477
vt 0.7345 0.1204 3.0573
vt 0.7347 0.1121 3.0555
vt 0.7364 0.1031 3.0865
vt 0.7366 0.1057 3.0866
vt 0.7366 0.1070 3.0833
vt 0.7363 0.1045 3.0833
vt 0.7347 0.1217 3.0508
vt 0.7368 0.1110 3.0837
vt 0.7369 0.1100 3.0870
vt 0.7364 0.1015 3.0884
vt 0.7364 0.0999 3.0888
vt 0.7370 0.1137 3.0460
vt 0.7372 0.1130 3.0891
vt 0.7353 0.0989 3.0837
vt 0.7354 0.1001 3.0874
vt 0.7359 0.0997 3.0446
vt 0.7359 0.1013 3.0457
vt 0.7349 0.1050 3.0537
vt 0.7357 0.0967 3.0863
vt 0.7348 0.1146 3.0492
vt 0.7360 0.1047 3.0792
vt 0.7358 0.1056 3.0798
vt 0.7363 0.1056 3.0789
vt 0.7360 0.1055 3.0740
vt 0.7361 0.1006 3.0887
vt 0.7361 0.0988 3.0891
vt 0.7359 0.1029 3.0483
vt 0.7369 0.1161 3.0491
vt 0.7367 0.1107 3.0484
vt 0.7348 0.1287 3.0961
vt 0.7349 0.1287 3.0968
vt 0.7360 0.0927 3.0655
vt 0.7356 0.1050 3.0527
vt 0.7347 0.1286 3.0939
vt 0.7356 0.0939 3.0663
vt 0.7375 0.1197 3.0680
vt 0.7354 0.1076 3.0536
vt 0.7374 0.1198 3.0623
vt 0.7375 0.1288 3.0639
vt 0.7372 0.1208 3.0492
vt 0.7354 1.0000 3.0278
vt 0.7353 1.0000 3.0190
vt 0.7353 0.0427 3.0190
vt 0.7354 0.0427 3.0278
vt 0.7353 1.0000 3.0101
vt 0.7353 0.0427 3.0101
vt 0.7353 0.0427 3.0018
vt 0.7354 0.0427 3.0188
vt 0.7355 0.0427 3.0359
vt 0.7353 0.0427 2.9946
vt 0.7354 0.0427 3.0113
vt 0.7354 0.0427 2.9980
vt 0.7354 0.0427 3.0042
vt 0.7354 0.0427 2.9890
vt 0.7355 0.0427 2.9933
vt 0.7355 0.0427 2.9853
vt 0.7356 0.0427 2.9902
vt 0.7357 0.0427 2.9839
vt 0.7357 0.0427 2.9890
vt 0.7358 0.0427 2.9848
vt 0.7358 0.0427 2.9897
vt 0.7360 0.0427 2.9880
vt 0.7360 0.0427 2.9924
vt 0.7361 0.0427 2.9933
vt 0.7361 0.0427 2.9969
vt 0.7362 0.0427 3.0028
vt 0.7363 0.0427 3.0002
vt 0.7363 0.0427 3.0172
vt 0.7363 0.0427 3.0097
vt 0.7363 0.0427 3.0248
vt 0.7364 0.0427 3.0343
vt 0.7364 0.0427 3.0415
vt 0.7363 0.0427 3.0319
vt 0.7363 0.0427 3.0471
vt 0.7363 0.0427 3.0380
vt 0.7361 0.0427 3.0507
vt 0.7362 0.0427 3.0428
vt 0.7360 0.0427 3.0521
vt 0.7361 0.0427 3.0459
vt 0.7359 0.0427 3.0463
vt 0.7360 0.0427 3.0471
vt 0.7357 0.0427 3.0436
vt 0.7359 0.0427 3.0512
vt 0.7356 0.0427 3.0392
vt 0.7357 0.0427 3.0480
vt 0.7355 0.0427 3.0333
vt 0.7356 0.0427 3.0428
vt 0.7354 0.0427 3.0263
vt 0.7363 0.0427 3.0083
vt 0.7364 0.0427 3.0260
vt 0.7364 0.0427 3.0171
vt 0.7357 1.0000 2.9839
vt 0.7358 1.0000 2.9848
vt 0.7356 1.0000 3.0428
vt 0.7355 1.0000 3.0359
vt 0.7361 1.0000 3.0507
vt 0.7363 1.0000 3.0471
vt 0.7359 1.0000 3.0512
vt 0.7357 1.0000 3.0480
vt 0.7360 1.0000 3.0521
vt 0.7353 1.0000 2.9946
vt 0.7354 1.0000 2.9890
vt 0.7363 1.0000 3.0002
vt 0.7363 1.0000 3.0083
vt 0.7353 1.0000 3.0018
vt 0.7364 1.0000 3.0171
vt 0.7364 1.0000 3.0343
vt 0.7364 1.0000 3.0415
vt 0.7361 1.0000 2.9933
vt 0.7360 1.0000 2.9880
vt 0.7364 1.0000 3.0260
vt 0.7355 1.0000 2.9853
vt 0.7359 0.0000 3.0096
vt 0.7359 0.0411 3.0096
vt 0.7359 0.0411 3.0110
vt 0.7359 0.0000 3.0110
vt 0.7359 0.0411 3.0273
vt 0.7359 0.0411 3.0277
vt 0.7359 0.0000 3.0277
vt 0.7359 0.0000 3.0273
vt 0.7360 0.0000 3.0247
vt 0.7360 0.0000 3.0226
vt 0.7360 0.0411 3.0226
vt 0.7360 0.0411 3.0247
vt 0.7360 0.0000 3.0203
vt 0.7360 0.0000 3.0178
vt 0.7360 0.0411 3.0178
vt 0.7360 0.0411 3.0203
vt 0.7359 0.0000 3.0274
vt 0.7359 0.0411 3.0274
vt 0.7358 0.0411 3.0265
vt 0.7358 0.0000 3.0265
vt 0.7358 0.0000 3.0084
vt 0.7358 0.0411 3.0084
vt 0.7358 0.0411 3.0087
vt 0.7358 0.0000 3.0087
vt 0.7357 0.0000 3.0114
vt 0.7357 0.0411 3.0114
vt 0.7357 0.0411 3.0098
vt 0.7357 0.0000 3.0098
vt 0.7357 0.0411 3.0208
vt 0.7357 0.0000 3.0208
vt 0.7357 0.0000 3.0231
vt 0.7357 0.0411 3.0231
vt 0.7360 0.0000 3.0262
vt 0.7360 0.0411 3.0262
vt 0.7357 0.0411 3.0158
vt 0.7357 0.0411 3.0134
vt 0.7357 0.0000 3.0134
vt 0.7357 0.0000 3.0158
vt 0.7357 0.0000 3.0183
vt 0.7358 0.0000 3.0250
vt 0.7358 0.0000 3.0088
vt 0.7360 0.0000 3.0130
vt 0.7360 0.0000 3.0153
vt 0.7354 0.0411 3.0187
vt 0.7354 0.0411 3.0122
vt 0.7354 0.0411 3.0061
vt 0.7355 0.0411 3.0252
vt 0.7356 0.0411 3.0312
vt 0.7355 0.0411 3.0008
vt 0.7355 0.0411 2.9967
vt 0.7356 0.0411 3.0362
vt 0.7356 0.0411 2.9940
vt 0.7358 0.0411 3.0401
vt 0.7357 0.0411 3.0183
vt 0.7357 0.0411 2.9930
vt 0.7358 0.0411 3.0088
vt 0.7358 0.0411 2.9937
vt 0.7360 0.0411 2.9960
vt 0.7360 0.0411 3.0130
vt 0.7360 0.0411 3.0153
vt 0.7362 0.0411 3.0394
vt 0.7361 0.0411 3.0421
vt 0.7360 0.0411 3.0431
vt 0.7359 0.0411 3.0424
vt 0.7358 0.0411 3.0250
vt 0.7362 0.0411 3.0353
vt 0.7361 0.0411 2.9998
vt 0.7363 0.0411 3.0300
vt 0.7361 0.0411 3.0049
vt 0.7362 0.0411 3.0109
vt 0.7363 0.0411 3.0239
vt 0.7363 0.0411 3.0174
vt 0.7363 0.0411 3.0319
vt 0.7363 0.0411 3.0248
vt 0.7363 0.0237 3.0248
vt 0.7363 0.0237 3.0319
vt 0.7359 0.0411 3.0463
vt 0.7357 0.0411 3.0436
vt 0.7356 0.0411 2.9902
vt 0.7355 0.0411 2.9933
vt 0.7355 0.0237 2.9933
vt 0.7356 0.0237 2.9902
vt 0.7356 0.0411 3.0411
vt 0.7355 0.0411 3.0347
vt 0.7355 0.0237 3.0347
vt 0.7356 0.0237 3.0411
vt 0.7354 0.0237 3.0263
vt 0.7354 0.0237 3.0188
vt 0.7354 0.0411 3.0188
vt 0.7354 0.0411 3.0263
vt 0.7354 0.0411 3.0114
vt 0.7354 0.0411 3.0045
vt 0.7354 0.0411 3.0262
vt 0.7354 0.0411 2.9985
vt 0.7355 0.0411 2.9938
vt 0.7356 0.0411 2.9907
vt 0.7357 0.0411 2.9895
vt 0.7358 0.0411 2.9903
vt 0.7360 0.0411 2.9930
vt 0.7361 0.0411 2.9973
vt 0.7362 0.0411 3.0031
vt 0.7363 0.0411 3.0099
vt 0.7363 0.0411 3.0247
vt 0.7363 0.0411 3.0316
vt 0.7363 0.0411 3.0376
vt 0.7362 0.0411 3.0423
vt 0.7361 0.0411 3.0454
vt 0.7360 0.0411 3.0465
vt 0.7359 0.0411 3.0458
vt 0.7357 0.0411 3.0431
vt 0.7356 0.0411 3.0387
vt 0.7355 0.0411 3.0330
vt 0.7363 0.0411 3.0173
vt 0.7363 0.0411 3.0172
vt 0.7363 0.0411 3.0097
vt 0.7363 0.0237 3.0097
vt 0.7363 0.0237 3.0172
vt 0.7362 0.0411 3.0028
vt 0.7361 0.0411 2.9969
vt 0.7361 0.0237 2.9969
vt 0.7362 0.0237 3.0028
vt 0.7363 0.0237 3.0399
vt 0.7363 0.0411 3.0399
vt 0.7362 0.0411 3.0451
vt 0.7362 0.0237 3.0451
vt 0.7362 0.0237 3.0428
vt 0.7361 0.0237 3.0459
vt 0.7361 0.0411 3.0459
vt 0.7362 0.0411 3.0428
vt 0.7354 0.0411 3.0113
vt 0.7353 0.0411 3.0107
vt 0.7353 0.0411 3.0029
vt 0.7353 0.0237 3.0029
vt 0.7353 0.0237 3.0107
vt 0.7355 0.0237 2.9910
vt 0.7355 0.0411 2.9910
vt 0.7356 0.0411 2.9876
vt 0.7356 0.0237 2.9876
vt 0.7362 0.0237 3.0014
vt 0.7361 0.0237 2.9949
vt 0.7361 0.0411 2.9949
vt 0.7362 0.0411 3.0014
vt 0.7364 0.0237 3.0254
vt 0.7364 0.0237 3.0172
vt 0.7364 0.0411 3.0172
vt 0.7364 0.0411 3.0254
vt 0.7354 0.0411 2.9980
vt 0.7354 0.0411 3.0042
vt 0.7354 0.0411 3.0271
vt 0.7354 0.0237 3.0271
vt 0.7357 0.0237 3.0460
vt 0.7357 0.0411 3.0460
vt 0.7357 0.0237 2.9890
vt 0.7357 0.0411 2.9890
vt 0.7356 0.0411 3.0392
vt 0.7354 0.0237 2.9980
vt 0.7360 0.0237 3.0471
vt 0.7360 0.0411 3.0471
vt 0.7363 0.0237 3.0380
vt 0.7363 0.0411 3.0380
vt 0.7353 0.0237 3.0189
vt 0.7354 0.0237 3.0113
vt 0.7354 0.0237 2.9962
vt 0.7354 0.0237 3.0042
vt 0.7357 0.0237 2.9863
vt 0.7358 0.0237 2.9871
vt 0.7358 0.0237 2.9897
vt 0.7360 0.0237 2.9924
vt 0.7360 0.0237 2.9901
vt 0.7363 0.0237 3.0090
vt 0.7364 0.0237 3.0332
vt 0.7361 0.0237 3.0485
vt 0.7360 0.0237 3.0498
vt 0.7359 0.0237 3.0463
vt 0.7359 0.0237 3.0490
vt 0.7357 0.0237 3.0436
vt 0.7356 0.0237 3.0392
vt 0.7355 0.0237 3.0333
vt 0.7355 0.0411 3.0333
vt 0.7358 0.0411 2.9897
vt 0.7360 0.0411 2.9924
vt 0.7364 0.0411 3.0332
vt 0.7357 0.0411 2.9863
vt 0.7358 0.0411 2.9871
vt 0.7354 0.0411 2.9962
vt 0.7360 0.0411 2.9901
vt 0.7361 0.0411 3.0485
vt 0.7360 0.0411 3.0498
vt 0.7353 0.0411 3.0189
vt 0.7363 0.0411 3.0090
vt 0.7359 0.0411 3.0490
vt 0.2370 0.1295 3.0710
vt 0.2370 0.1296 3.0652
vt 0.2351 0.1294 3.0801
vt 0.2350 0.1295 3.0743
vt 0.2375 0.1286 3.0809
vt 0.2375 0.1286 3.0754
vt 0.2363 0.0961 3.0497
vt 0.2362 0.0974 3.0465
vt 0.2366 0.1007 3.0465
vt 0.2366 0.0995 3.0498
vt 0.2369 0.1050 3.0503
vt 0.2369 0.1060 3.0471
vt 0.2371 0.1129 3.0480
vt 0.2372 0.1121 3.0513
vt 0.2350 0.1034 3.0751
vt 0.2353 0.0977 3.0735
vt 0.2353 0.0981 3.0789
vt 0.2350 0.1038 3.0805
vt 0.2373 0.1204 3.0526
vt 0.2374 0.1201 3.0570
vt 0.2372 0.1115 3.0557
vt 0.2351 0.1107 3.0511
vt 0.2349 0.1161 3.0524
vt 0.2350 0.1168 3.0560
vt 0.2352 0.1116 3.0547
vt 0.2372 0.1138 3.0901
vt 0.2371 0.1147 3.0897
vt 0.2369 0.1088 3.0889
vt 0.2370 0.1076 3.0893
vt 0.2368 0.1174 3.0632
vt 0.2368 0.1172 3.0577
vt 0.2366 0.1122 3.0570
vt 0.2367 0.1126 3.0626
vt 0.2355 0.1088 3.0639
vt 0.2355 0.1089 3.0697
vt 0.2357 0.1066 3.0688
vt 0.2357 0.1065 3.0630
vt 0.2373 0.1292 3.0507
vt 0.2372 0.1293 3.0486
vt 0.2371 0.1219 3.0887
vt 0.2370 0.1155 3.0877
vt 0.2372 0.1215 3.0907
vt 0.2351 0.1172 3.0607
vt 0.2352 0.1122 3.0595
vt 0.2351 0.1096 3.0487
vt 0.2349 0.1154 3.0501
vt 0.2345 0.1198 3.0673
vt 0.2345 0.1201 3.0619
vt 0.2347 0.1115 3.0600
vt 0.2347 0.1111 3.0654
vt 0.2351 0.1223 3.0888
vt 0.2350 0.1292 3.0901
vt 0.2350 0.1290 3.0937
vt 0.2350 0.1219 3.0923
vt 0.2371 0.1292 3.0866
vt 0.2371 0.1293 3.0821
vt 0.2361 0.1022 3.0868
vt 0.2361 0.1036 3.0836
vt 0.2358 0.1045 3.0842
vt 0.2358 0.1031 3.0875
vt 0.2350 0.1296 3.0685
vt 0.2354 0.1014 3.0899
vt 0.2355 0.1029 3.0909
vt 0.2352 0.1076 3.0923
vt 0.2352 0.1064 3.0913
vt 0.2370 0.1296 3.0513
vt 0.2370 0.1297 3.0550
vt 0.2369 0.1231 3.0699
vt 0.2369 0.1231 3.0641
vt 0.2374 0.1199 3.0841
vt 0.2373 0.1116 3.0828
vt 0.2373 0.1111 3.0780
vt 0.2375 0.1197 3.0793
vt 0.2364 0.0967 3.0851
vt 0.2364 0.0982 3.0876
vt 0.2361 0.0972 3.0880
vt 0.2361 0.0956 3.0854
vt 0.2375 0.1286 3.0856
vt 0.2364 0.0955 3.0812
vt 0.2368 0.0989 3.0813
vt 0.2367 0.1001 3.0851
vt 0.2350 0.1138 3.0937
vt 0.2351 0.1147 3.0931
vt 0.2350 0.1215 3.0945
vt 0.2349 0.1210 3.0953
vt 0.2356 0.0940 3.0722
vt 0.2360 0.0928 3.0713
vt 0.2360 0.0934 3.0768
vt 0.2356 0.0946 3.0777
vt 0.2370 0.1064 3.0882
vt 0.2367 0.1014 3.0877
vt 0.2370 0.1053 3.0856
vt 0.2368 0.0981 3.0764
vt 0.2367 0.0977 3.0709
vt 0.2371 0.1034 3.0715
vt 0.2371 0.1038 3.0770
vt 0.2347 0.1109 3.0711
vt 0.2345 0.1197 3.0730
vt 0.2349 0.1122 3.0906
vt 0.2348 0.1202 3.0923
vt 0.2347 0.1199 3.0888
vt 0.2348 0.1116 3.0870
vt 0.2363 0.0942 3.0593
vt 0.2367 0.0979 3.0594
vt 0.2367 0.0976 3.0651
vt 0.2364 0.0939 3.0650
vt 0.2353 0.1088 3.0917
vt 0.2371 0.1223 3.0854
vt 0.2370 0.1162 3.0844
vt 0.2370 0.1042 3.0547
vt 0.2367 0.0985 3.0542
vt 0.2348 0.1296 3.0551
vt 0.2347 0.1296 3.0530
vt 0.2351 0.1231 3.0731
vt 0.2352 0.1175 3.0718
vt 0.2351 0.1174 3.0661
vt 0.2350 0.1231 3.0673
vt 0.2351 0.1293 3.0855
vt 0.2370 0.1225 3.0501
vt 0.2369 0.1228 3.0538
vt 0.2365 0.1089 3.0680
vt 0.2364 0.1088 3.0622
vt 0.2362 0.1065 3.0622
vt 0.2362 0.1066 3.0680
vt 0.2360 0.1057 3.0624
vt 0.2360 0.1058 3.0682
vt 0.2351 0.1044 3.0852
vt 0.2351 0.1053 3.0889
vt 0.2370 0.1296 3.0598
vt 0.2348 0.1225 3.0538
vt 0.2348 0.1222 3.0515
vt 0.2358 0.0999 3.0899
vt 0.2358 0.1015 3.0894
vt 0.2355 0.1043 3.0904
vt 0.2371 0.1217 3.0467
vt 0.2370 0.1222 3.0477
vt 0.2371 0.1296 3.0490
vt 0.2372 0.1295 3.0480
vt 0.2375 0.1286 3.0893
vt 0.2374 0.1206 3.0902
vt 0.2374 0.1202 3.0878
vt 0.2374 0.1287 3.0917
vt 0.2345 0.1288 3.0690
vt 0.2345 0.1289 3.0636
vt 0.2351 0.1229 3.0788
vt 0.2352 0.1172 3.0776
vt 0.2345 0.1286 3.0805
vt 0.2345 0.1287 3.0748
vt 0.2367 0.1118 3.0793
vt 0.2367 0.1124 3.0741
vt 0.2365 0.1086 3.0737
vt 0.2365 0.1080 3.0790
vt 0.2348 0.1206 3.0945
vt 0.2350 0.1130 3.0929
vt 0.2373 0.1109 3.0725
vt 0.2349 0.1228 3.0573
vt 0.2373 0.1210 3.0912
vt 0.2369 0.1230 3.0586
vt 0.2353 0.1126 3.0707
vt 0.2353 0.1126 3.0649
vt 0.2364 0.0946 3.0764
vt 0.2364 0.0940 3.0709
vt 0.2352 0.0985 3.0567
vt 0.2352 0.0995 3.0522
vt 0.2355 0.0961 3.0510
vt 0.2355 0.0950 3.0554
vt 0.2363 0.0950 3.0541
vt 0.2359 0.0930 3.0597
vt 0.2359 0.0938 3.0545
vt 0.2375 0.1287 3.0696
vt 0.2368 0.1168 3.0529
vt 0.2346 0.1196 3.0788
vt 0.2362 0.0990 3.0446
vt 0.2362 0.1007 3.0442
vt 0.2365 0.1036 3.0443
vt 0.2365 0.1022 3.0447
vt 0.2348 0.1111 3.0823
vt 0.2363 0.1063 3.0737
vt 0.2347 0.1129 3.0520
vt 0.2346 0.1208 3.0537
vt 0.2346 0.1213 3.0515
vt 0.2348 0.1137 3.0499
vt 0.2368 0.1175 3.0690
vt 0.2352 0.1168 3.0829
vt 0.2351 0.1227 3.0842
vt 0.2355 0.1057 3.0884
vt 0.2353 0.1100 3.0896
vt 0.2372 0.1290 3.0899
vt 0.2373 0.1289 3.0920
vt 0.2349 0.1036 3.0636
vt 0.2349 0.1042 3.0583
vt 0.2352 0.0979 3.0619
vt 0.2370 0.1229 3.0756
vt 0.2370 0.1294 3.0767
vt 0.2371 0.1044 3.0818
vt 0.2364 0.1084 3.0567
vt 0.2369 0.1172 3.0747
vt 0.2345 0.1292 3.0554
vt 0.2345 0.1291 3.0589
vt 0.2353 0.1124 3.0764
vt 0.2353 0.1118 3.0817
vt 0.2373 0.1287 3.0926
vt 0.2355 0.1070 3.0851
vt 0.2353 0.1110 3.0862
vt 0.2367 0.1126 3.0684
vt 0.2359 0.0963 3.0469
vt 0.2355 0.0974 3.0477
vt 0.2355 0.0990 3.0458
vt 0.2359 0.0979 3.0450
vt 0.2364 0.1076 3.0518
vt 0.2362 0.1050 3.0518
vt 0.2362 0.1060 3.0566
vt 0.2359 0.0949 3.0501
vt 0.2349 0.1060 3.0504
vt 0.2350 0.1072 3.0483
vt 0.2352 0.1022 3.0469
vt 0.2352 0.1007 3.0489
vt 0.2349 0.1034 3.0693
vt 0.2352 0.0976 3.0677
vt 0.2358 0.1063 3.0745
vt 0.2355 0.1086 3.0754
vt 0.2356 0.1023 3.0464
vt 0.2353 0.1051 3.0474
vt 0.2353 0.1064 3.0499
vt 0.2356 0.1038 3.0489
vt 0.2362 0.1023 3.0454
vt 0.2365 0.1051 3.0454
vt 0.2353 0.1036 3.0464
vt 0.2356 0.1007 3.0453
vt 0.2346 0.1293 3.0531
vt 0.2372 0.1213 3.0472
vt 0.2368 0.1072 3.0451
vt 0.2368 0.1084 3.0447
vt 0.2357 0.1060 3.0575
vt 0.2354 0.1084 3.0584
vt 0.2349 0.1296 3.0632
vt 0.2349 0.1297 3.0586
vt 0.2347 0.1109 3.0769
vt 0.2356 0.0942 3.0606
vt 0.2350 0.1230 3.0619
vt 0.2355 0.1080 3.0806
vt 0.2359 0.1042 3.0521
vt 0.2359 0.1051 3.0569
vt 0.2346 0.1286 3.0904
vt 0.2346 0.1286 3.0859
vt 0.2374 0.1291 3.0540
vt 0.2374 0.1289 3.0586
vt 0.2349 0.1289 3.0960
vt 0.2373 0.1122 3.0866
vt 0.2346 0.1197 3.0841
vt 0.2369 0.1154 3.0466
vt 0.2370 0.1146 3.0456
vt 0.2367 0.1096 3.0458
vt 0.2370 0.1034 3.0657
vt 0.2370 0.1036 3.0600
vt 0.2367 0.1043 3.0885
vt 0.2367 0.1029 3.0888
vt 0.2375 0.1196 3.0738
vt 0.2367 0.1116 3.0522
vt 0.2351 0.1155 3.0909
vt 0.2352 0.1162 3.0875
vt 0.2357 0.0982 3.0888
vt 0.2373 0.1109 3.0667
vt 0.2373 0.1111 3.0609
vt 0.2370 0.1227 3.0809
vt 0.2369 0.1168 3.0800
vt 0.2357 0.0955 3.0825
vt 0.2360 0.0943 3.0816
vt 0.2364 0.1064 3.0480
vt 0.2362 0.1038 3.0480
vt 0.2347 0.1295 3.0523
vt 0.2350 0.1084 3.0477
vt 0.2345 0.1204 3.0573
vt 0.2347 0.1121 3.0555
vt 0.2364 0.1031 3.0865
vt 0.2366 0.1057 3.0866
vt 0.2366 0.1070 3.0833
vt 0.2363 0.1045 3.0833
vt 0.2347 0.1217 3.0508
vt 0.2368 0.1110 3.0837
vt 0.2369 0.1100 3.0870
vt 0.2364 0.1015 3.0884
vt 0.2364 0.0999 3.0888
vt 0.2370 0.1137 3.0460
vt 0.2372 0.1130 3.0891
vt 0.2353 0.0989 3.0837
vt 0.2354 0.1001 3.0874
vt 0.2359 0.0997 3.0446
vt 0.2359 0.1013 3.0457
vt 0.2349 0.1050 3.0538
vt 0.2357 0.0967 3.0863
vt 0.2348 0.1146 3.0492
vt 0.2360 0.1047 3.0792
vt 0.2358 0.1056 3.0798
vt 0.2363 0.1056 3.0789
vt 0.2360 0.1055 3.0740
vt 0.2361 0.1006 3.0887
vt 0.2361 0.0988 3.0891
vt 0.2359 0.1029 3.0483
vt 0.2369 0.1161 3.0491
vt 0.2367 0.1107 3.0484
vt 0.2348 0.1287 3.0961
vt 0.2349 0.1287 3.0968
vt 0.2360 0.0927 3.0655
vt 0.2356 0.1050 3.0527
vt 0.2347 0.1286 3.0939
vt 0.2356 0.0939 3.0663
vt 0.2375 0.1197 3.0680
vt 0.2354 0.1076 3.0536
vt 0.2374 0.1198 3.0623
vt 0.2375 0.1288 3.0639
vt 0.2372 0.1208 3.0492
vt 0.2354 1.0000 3.0278
vt 0.2353 1.0000 3.0190
vt 0.2353 0.0427 3.0190
vt 0.2354 0.0427 3.0278
vt 0.2353 1.0000 3.0101
vt 0.2353 0.0427 3.0101
vt 0.2353 0.0427 3.0018
vt 0.2354 0.0427 3.0189
vt 0.2355 0.0427 3.0359
vt 0.2353 0.0427 2.9946
vt 0.2354 0.0427 3.0113
vt 0.2354 0.0427 2.9981
vt 0.2354 0.0427 3.0042
vt 0.2354 0.0427 2.9890
vt 0.2355 0.0427 2.9933
vt 0.2355 0.0427 2.9854
vt 0.2356 0.0427 2.9902
vt 0.2357 0.0427 2.9839
vt 0.2357 0.0427 2.9890
vt 0.2358 0.0427 2.9849
vt 0.2358 0.0427 2.9897
vt 0.2360 0.0427 2.9880
vt 0.2360 0.0427 2.9925
vt 0.2361 0.0427 2.9933
vt 0.2361 0.0427 2.9969
vt 0.2362 0.0427 3.0028
vt 0.2363 0.0427 3.0002
vt 0.2363 0.0427 3.0173
vt 0.2363 0.0427 3.0097
vt 0.2363 0.0427 3.0248
vt 0.2364 0.0427 3.0343
vt 0.2364 0.0427 3.0415
vt 0.2363 0.0427 3.0319
vt 0.2363 0.0427 3.0471
vt 0.2363 0.0427 3.0380
vt 0.2361 0.0427 3.0507
vt 0.2362 0.0427 3.0428
vt 0.2360 0.0427 3.0522
vt 0.2361 0.0427 3.0459
vt 0.2359 0.0427 3.0463
vt 0.2360 0.0427 3.0471
vt 0.2357 0.0427 3.0436
vt 0.2359 0.0427 3.0512
vt 0.2356 0.0427 3.0392
vt 0.2357 0.0427 3.0481
vt 0.2355 0.0427 3.0333
vt 0.2356 0.0427 3.0428
vt 0.2354 0.0427 3.0263
vt 0.2363 0.0427 3.0083
vt 0.2364 0.0427 3.0260
vt 0.2364 0.0427 3.0171
vt 0.2357 1.0000 2.9839
vt 0.2358 1.0000 2.9849
vt 0.2356 1.0000 3.0428
vt 0.2355 1.0000 3.0359
vt 0.2361 1.0000 3.0507
vt 0.2363 1.0000 3.0471
vt 0.2359 1.0000 3.0512
vt 0.2357 1.0000 3.0481
vt 0.2360 1.0000 3.0522
vt 0.2353 1.0000 2.9946
vt 0.2354 1.0000 2.9890
vt 0.2363 1.0000 3.0002
vt 0.2363 1.0000 3.0083
vt 0.2353 1.0000 3.0018
vt 0.2364 1.0000 3.0171
vt 0.2364 1.0000 3.0343
vt 0.2364 1.0000 3.0415
vt 0.2361 1.0000 2.9933
vt 0.2360 1.0000 2.9880
vt 0.2364 1.0000 3.0260
vt 0.2355 1.0000 2.9854
vt 0.2359 0.0000 3.0096
vt 0.2359 0.0411 3.0096
vt 0.2359 0.0411 3.0110
vt 0.2359 0.0000 3.0110
vt 0.2359 0.0411 3.0273
vt 0.2359 0.0411 3.0277
vt 0.2359 0.0000 3.0277
vt 0.2359 0.0000 3.0273
vt 0.2360 0.0000 3.0247
vt 0.2360 0.0000 3.0226
vt 0.2360 0.0411 3.0226
vt 0.2360 0.0411 3.0247
vt 0.2360 0.0000 3.0203
vt 0.2360 0.0000 3.0178
vt 0.2360 0.0411 3.0178
vt 0.2360 0.0411 3.0203
vt 0.2359 0.0000 3.0274
vt 0.2359 0.0411 3.0274
vt 0.2358 0.0411 3.0265
vt 0.2358 0.0000 3.0265
vt 0.2358 0.0000 3.0084
vt 0.2358 0.0411 3.0084
vt 0.2358 0.0411 3.0087
vt 0.2358 0.0000 3.0087
vt 0.2357 0.0000 3.0114
vt 0.2357 0.0411 3.0114
vt 0.2357 0.0411 3.0098
vt 0.2357 0.0000 3.0098
vt 0.2357 0.0411 3.0208
vt 0.2357 0.0000 3.0208
vt 0.2357 0.0000 3.0231
vt 0.2357 0.0411 3.0231
vt 0.2360 0.0000 3.0263
vt 0.2360 0.0411 3.0263
vt 0.2357 0.0411 3.0158
vt 0.2357 0.0411 3.0135
vt 0.2357 0.0000 3.0135
vt 0.2357 0.0000 3.0158
vt 0.2357 0.0000 3.0183
vt 0.2358 0.0000 3.0250
vt 0.2358 0.0000 3.0088
vt 0.2360 0.0000 3.0130
vt 0.2360 0.0000 3.0153
vt 0.2354 0.0411 3.0187
vt 0.2354 0.0411 3.0122
vt 0.2354 0.0411 3.0061
vt 0.2355 0.0411 3.0252
vt 0.2356 0.0411 3.0312
vt 0.2355 0.0411 3.0008
vt 0.2355 0.0411 2.9967
vt 0.2356 0.0411 3.0362
vt 0.2356 0.0411 2.9940
vt 0.2358 0.0411 3.0401
vt 0.2357 0.0411 3.0183
vt 0.2357 0.0411 2.9930
vt 0.2358 0.0411 3.0088
vt 0.2358 0.0411 2.9937
vt 0.2360 0.0411 2.9960
vt 0.2360 0.0411 3.0130
vt 0.2360 0.0411 3.0153
vt 0.2362 0.0411 3.0394
vt 0.2361 0.0411 3.0421
vt 0.2360 0.0411 3.0431
vt 0.2359 0.0411 3.0424
vt 0.2358 0.0411 3.0250
vt 0.2362 0.0411 3.0353
vt 0.2361 0.0411 2.9998
vt 0.2363 0.0411 3.0300
vt 0.2361 0.0411 3.0049
vt 0.2362 0.0411 3.0109
vt 0.2363 0.0411 3.0239
vt 0.2363 0.0411 3.0174
vt 0.2363 0.0411 3.0319
vt 0.2363 0.0411 3.0248
vt 0.2363 0.0237 3.0248
vt 0.2363 0.0237 3.0319
vt 0.2359 0.0411 3.0463
vt 0.2357 0.0411 3.0436
vt 0.2356 0.0411 2.9902
vt 0.2355 0.0411 2.9933
vt 0.2355 0.0237 2.9933
vt 0.2356 0.0237 2.9902
vt 0.2356 0.0411 3.0411
vt 0.2355 0.0411 3.0347
vt 0.2355 0.0237 3.0347
vt 0.2356 0.0237 3.0411
vt 0.2354 0.0237 3.0263
vt 0.2354 0.0237 3.0189
vt 0.2354 0.0411 3.0189
vt 0.2354 0.0411 3.0263
vt 0.2354 0.0411 3.0188
vt 0.2354 0.0411 3.0114
vt 0.2354 0.0411 3.0045
vt 0.2354 0.0411 3.0262
vt 0.2354 0.0411 2.9985
vt 0.2355 0.0411 2.9938
vt 0.2356 0.0411 2.9907
vt 0.2357 0.0411 2.9896
vt 0.2358 0.0411 2.9903
vt 0.2360 0.0411 2.9930
vt 0.2361 0.0411 2.9973
vt 0.2362 0.0411 3.0031
vt 0.2363 0.0411 3.0099
vt 0.2363 0.0411 3.0247
vt 0.2363 0.0411 3.0316
vt 0.2363 0.0411 3.0377
vt 0.2362 0.0411 3.0423
vt 0.2361 0.0411 3.0454
vt 0.2360 0.0411 3.0465
vt 0.2359 0.0411 3.0458
vt 0.2357 0.0411 3.0431
vt 0.2356 0.0411 3.0388
vt 0.2355 0.0411 3.0330
vt 0.2363 0.0411 3.0173
vt 0.2363 0.0411 3.0097
vt 0.2363 0.0237 3.0097
vt 0.2363 0.0237 3.0173
vt 0.2362 0.0411 3.0028
vt 0.2361 0.0411 2.9969
vt 0.2361 0.0237 2.9969
vt 0.2362 0.0237 3.0028
vt 0.2363 0.0237 3.0399
vt 0.2363 0.0411 3.0399
vt 0.2362 0.0411 3.0451
vt 0.2362 0.0237 3.0451
vt 0.2362 0.0237 3.0428
vt 0.2361 0.0237 3.0459
vt 0.2361 0.0411 3.0459
vt 0.2362 0.0411 3.0428
vt 0.2354 0.0411 3.0113
vt 0.2353 0.0411 3.0107
vt 0.2353 0.0411 3.0029
vt 0.2353 0.0237 3.0029
vt 0.2353 0.0237 3.0107
vt 0.2355 0.0237 2.9910
vt 0.2355 0.0411 2.9910
vt 0.2356 0.0411 2.9876
vt 0.2356 0.0237 2.9876
vt 0.2362 0.0237 3.0014
vt 0.2361 0.0237 2.9950
vt 0.2361 0.0411 2.9950
vt 0.2362 0.0411 3.0014
vt 0.2364 0.0237 3.0254
vt 0.2364 0.0237 3.0172
vt 0.2364 0.0411 3.0172
vt 0.2364 0.0411 3.0254
vt 0.2354 0.0411 2.9981
vt 0.2354 0.0411 3.0042
vt 0.2354 0.0411 3.0271
vt 0.2354 0.0237 3.0271
vt 0.2357 0.0237 3.0460
vt 0.2357 0.0411 3.0460
vt 0.2357 0.0237 2.9890
vt 0.2357 0.0411 2.9890
vt 0.2356 0.0411 3.0392
vt 0.2354 0.0237 2.9981
vt 0.2360 0.0237 3.0471
vt 0.2360 0.0411 3.0471
vt 0.2363 0.0237 3.0380
vt 0.2363 0.0411 3.0380
vt 0.2353 0.0237 3.0189
vt 0.2354 0.0237 3.0113
vt 0.2354 0.0237 2.9962
vt 0.2354 0.0237 3.0042
vt 0.2357 0.0237 2.9863
vt 0.2358 0.0237 2.9871
vt 0.2358 0.0237 2.9897
vt 0.2360 0.0237 2.9925
vt 0.2360 0.0237 2.9901
vt 0.2363 0.0237 3.0090
vt 0.2364 0.0237 3.0332
vt 0.2361 0.0237 3.0485
vt 0.2360 0.0237 3.0498
vt 0.2359 0.0237 3.0463
vt 0.2359 0.0237 3.0490
vt 0.2357 0.0237 3.0436
vt 0.2356 0.0237 3.0392
vt 0.2355 0.0237 3.0333
vt 0.2355 0.0411 3.0333
vt 0.2358 0.0411 2.9897
vt 0.2360 0.0411 2.9925
vt 0.2364 0.0411 3.0332
vt 0.2357 0.0411 2.9863
vt 0.2358 0.0411 2.9871
vt 0.2354 0.0411 2.9962
vt 0.2360 0.0411 2.9901
vt 0.2361 0.0411 3.0485
vt 0.2360 0.0411 3.0498
vt 0.2353 0.0411 3.0189
vt 0.2363 0.0411 3.0090
vt 0.2359 0.0411 3.0490
vt 0.2629 0.1295 3.0708
vt 0.2629 0.1296 3.0650
vt 0.2609 0.1294 3.0737
vt 0.2609 0.1295 3.0680
vt 0.2633 0.1286 3.0822
vt 0.2634 0.1286 3.0769
vt 0.2624 0.0961 3.0476
vt 0.2624 0.0974 3.0443
vt 0.2627 0.1007 3.0454
vt 0.2627 0.0995 3.0487
vt 0.2630 0.1050 3.0502
vt 0.2630 0.1060 3.0468
vt 0.2632 0.1129 3.0484
vt 0.2632 0.1121 3.0519
vt 0.2608 0.1034 3.0685
vt 0.2612 0.0977 3.0678
vt 0.2612 0.0981 3.0734
vt 0.2608 0.1038 3.0740
vt 0.2634 0.1204 3.0536
vt 0.2634 0.1201 3.0582
vt 0.2632 0.1115 3.0564
vt 0.2612 0.1107 3.0453
vt 0.2610 0.1161 3.0461
vt 0.2611 0.1168 3.0498
vt 0.2612 0.1116 3.0491
vt 0.2629 0.1138 3.0902
vt 0.2628 0.1147 3.0896
vt 0.2627 0.1088 3.0882
vt 0.2627 0.1076 3.0888
vt 0.2628 0.1174 3.0626
vt 0.2628 0.1172 3.0571
vt 0.2627 0.1122 3.0560
vt 0.2626 0.1126 3.0614
vt 0.2615 0.1088 3.0590
vt 0.2614 0.1089 3.0649
vt 0.2617 0.1066 3.0648
vt 0.2617 0.1065 3.0589
vt 0.2634 0.1292 3.0517
vt 0.2633 0.1293 3.0494
vt 0.2629 0.1219 3.0888
vt 0.2628 0.1155 3.0874
vt 0.2630 0.1215 3.0910
vt 0.2611 0.1172 3.0546
vt 0.2613 0.1122 3.0539
vt 0.2612 0.1096 3.0427
vt 0.2610 0.1154 3.0436
vt 0.2605 0.1198 3.0594
vt 0.2605 0.1201 3.0541
vt 0.2607 0.1115 3.0527
vt 0.2606 0.1111 3.0580
vt 0.2608 0.1223 3.0824
vt 0.2608 0.1292 3.0836
vt 0.2607 0.1290 3.0870
vt 0.2608 0.1219 3.0857
vt 0.2629 0.1292 3.0866
vt 0.2629 0.1293 3.0819
vt 0.2619 0.1022 3.0836
vt 0.2619 0.1036 3.0803
vt 0.2616 0.1045 3.0801
vt 0.2616 0.1031 3.0833
vt 0.2609 0.1296 3.0622
vt 0.2612 0.1014 3.0846
vt 0.2612 0.1029 3.0857
vt 0.2610 0.1076 3.0863
vt 0.2609 0.1064 3.0852
vt 0.2631 0.1296 3.0516
vt 0.2630 0.1297 3.0551
vt 0.2628 0.1231 3.0695
vt 0.2629 0.1231 3.0638
vt 0.2632 0.1199 3.0851
vt 0.2631 0.1116 3.0834
vt 0.2632 0.1111 3.0787
vt 0.2633 0.1197 3.0805
vt 0.2622 0.0967 3.0829
vt 0.2622 0.0982 3.0854
vt 0.2619 0.0972 3.0847
vt 0.2619 0.0956 3.0822
vt 0.2633 0.1286 3.0868
vt 0.2622 0.0955 3.0791
vt 0.2626 0.0989 3.0802
vt 0.2625 0.1001 3.0840
vt 0.2608 0.1138 3.0871
vt 0.2608 0.1147 3.0867
vt 0.2607 0.1215 3.0877
vt 0.2606 0.1210 3.0883
vt 0.2615 0.0940 3.0677
vt 0.2619 0.0928 3.0680
vt 0.2619 0.0934 3.0735
vt 0.2615 0.0946 3.0732
vt 0.2628 0.1064 3.0878
vt 0.2625 0.1014 3.0865
vt 0.2628 0.1053 3.0854
vt 0.2626 0.0981 3.0755
vt 0.2627 0.0977 3.0700
vt 0.2630 0.1034 3.0715
vt 0.2629 0.1038 3.0770
vt 0.2606 0.1109 3.0637
vt 0.2605 0.1197 3.0651
vt 0.2607 0.1122 3.0836
vt 0.2605 0.1202 3.0849
vt 0.2605 0.1199 3.0811
vt 0.2606 0.1116 3.0798
vt 0.2623 0.0942 3.0572
vt 0.2627 0.0979 3.0585
vt 0.2627 0.0976 3.0642
vt 0.2623 0.0939 3.0630
vt 0.2610 0.1088 3.0858
vt 0.2629 0.1223 3.0853
vt 0.2628 0.1162 3.0840
vt 0.2630 0.1042 3.0547
vt 0.2627 0.0985 3.0532
vt 0.2609 0.1296 3.0483
vt 0.2608 0.1296 3.0459
vt 0.2610 0.1231 3.0668
vt 0.2611 0.1175 3.0659
vt 0.2611 0.1174 3.0601
vt 0.2610 0.1231 3.0610
vt 0.2609 0.1293 3.0790
vt 0.2631 0.1225 3.0502
vt 0.2630 0.1228 3.0537
vt 0.2624 0.1089 3.0663
vt 0.2624 0.1088 3.0604
vt 0.2622 0.1065 3.0597
vt 0.2622 0.1066 3.0655
vt 0.2619 0.1057 3.0591
vt 0.2619 0.1058 3.0650
vt 0.2609 0.1044 3.0788
vt 0.2609 0.1053 3.0826
vt 0.2630 0.1296 3.0596
vt 0.2609 0.1225 3.0471
vt 0.2609 0.1222 3.0446
vt 0.2615 0.0999 3.0856
vt 0.2615 0.1015 3.0852
vt 0.2613 0.1043 3.0853
vt 0.2632 0.1217 3.0471
vt 0.2631 0.1222 3.0479
vt 0.2632 0.1296 3.0494
vt 0.2632 0.1295 3.0486
vt 0.2632 0.1286 3.0903
vt 0.2631 0.1206 3.0909
vt 0.2632 0.1202 3.0887
vt 0.2631 0.1287 3.0925
vt 0.2604 0.1288 3.0610
vt 0.2605 0.1289 3.0556
vt 0.2609 0.1229 3.0726
vt 0.2611 0.1172 3.0717
vt 0.2604 0.1286 3.0725
vt 0.2604 0.1287 3.0667
vt 0.2626 0.1118 3.0783
vt 0.2626 0.1124 3.0730
vt 0.2624 0.1086 3.0720
vt 0.2624 0.1080 3.0773
vt 0.2606 0.1206 3.0873
vt 0.2607 0.1130 3.0861
vt 0.2632 0.1109 3.0733
vt 0.2610 0.1228 3.0508
vt 0.2630 0.1210 3.0917
vt 0.2629 0.1230 3.0584
vt 0.2612 0.1126 3.0653
vt 0.2613 0.1126 3.0594
vt 0.2623 0.0946 3.0743
vt 0.2623 0.0940 3.0688
vt 0.2612 0.0985 3.0510
vt 0.2613 0.0995 3.0467
vt 0.2616 0.0961 3.0465
vt 0.2616 0.0950 3.0509
vt 0.2624 0.0950 3.0520
vt 0.2620 0.0930 3.0564
vt 0.2620 0.0938 3.0512
vt 0.2634 0.1287 3.0711
vt 0.2629 0.1168 3.0525
vt 0.2604 0.1196 3.0709
vt 0.2624 0.0990 3.0424
vt 0.2623 0.1007 3.0419
vt 0.2626 0.1036 3.0429
vt 0.2627 0.1022 3.0434
vt 0.2606 0.1111 3.0750
vt 0.2622 0.1063 3.0712
vt 0.2608 0.1129 3.0450
vt 0.2607 0.1208 3.0462
vt 0.2607 0.1213 3.0442
vt 0.2609 0.1137 3.0430
vt 0.2628 0.1175 3.0684
vt 0.2610 0.1168 3.0769
vt 0.2609 0.1227 3.0779
vt 0.2613 0.1057 3.0835
vt 0.2611 0.1100 3.0839
vt 0.2629 0.1290 3.0902
vt 0.2630 0.1289 3.0924
vt 0.2609 0.1036 3.0569
vt 0.2609 0.1042 3.0517
vt 0.2612 0.0979 3.0563
vt 0.2628 0.1229 3.0753
vt 0.2629 0.1294 3.0766
vt 0.2629 0.1044 3.0817
vt 0.2625 0.1084 3.0550
vt 0.2627 0.1172 3.0741
vt 0.2606 0.1292 3.0477
vt 0.2605 0.1291 3.0511
vt 0.2612 0.1124 3.0710
vt 0.2612 0.1118 3.0762
vt 0.2631 0.1287 3.0932
vt 0.2613 0.1070 3.0802
vt 0.2611 0.1110 3.0807
vt 0.2626 0.1126 3.0672
vt 0.2620 0.0963 3.0436
vt 0.2617 0.0974 3.0433
vt 0.2617 0.0990 3.0414
vt 0.2620 0.0979 3.0417
vt 0.2625 0.1076 3.0502
vt 0.2623 0.1050 3.0494
vt 0.2622 0.1060 3.0542
vt 0.2620 0.0949 3.0468
vt 0.2610 0.1060 3.0440
vt 0.2611 0.1072 3.0421
vt 0.2614 0.1022 3.0415
vt 0.2613 0.1007 3.0434
vt 0.2609 0.1034 3.0626
vt 0.2612 0.0976 3.0620
vt 0.2617 0.1063 3.0705
vt 0.2614 0.1086 3.0706
vt 0.2617 0.1023 3.0421
vt 0.2614 0.1051 3.0423
vt 0.2615 0.1064 3.0448
vt 0.2617 0.1038 3.0447
vt 0.2623 0.1023 3.0430
vt 0.2626 0.1051 3.0440
vt 0.2614 0.1036 3.0411
vt 0.2617 0.1007 3.0410
vt 0.2607 0.1293 3.0456
vt 0.2633 0.1213 3.0479
vt 0.2629 0.1072 3.0448
vt 0.2629 0.1084 3.0442
vt 0.2617 0.1060 3.0534
vt 0.2615 0.1084 3.0535
vt 0.2609 0.1296 3.0567
vt 0.2609 0.1297 3.0520
vt 0.2606 0.1109 3.0695
vt 0.2616 0.0942 3.0561
vt 0.2610 0.1230 3.0556
vt 0.2614 0.1080 3.0758
vt 0.2620 0.1042 3.0488
vt 0.2620 0.1051 3.0536
vt 0.2604 0.1286 3.0827
vt 0.2604 0.1286 3.0780
vt 0.2634 0.1291 3.0553
vt 0.2634 0.1289 3.0599
vt 0.2607 0.1289 3.0890
vt 0.2630 0.1122 3.0870
vt 0.2605 0.1197 3.0764
vt 0.2630 0.1154 3.0465
vt 0.2631 0.1146 3.0456
vt 0.2628 0.1096 3.0451
vt 0.2630 0.1034 3.0657
vt 0.2630 0.1036 3.0600
vt 0.2624 0.1043 3.0870
vt 0.2625 0.1029 3.0875
vt 0.2633 0.1196 3.0751
vt 0.2627 0.1116 3.0512
vt 0.2609 0.1155 3.0847
vt 0.2610 0.1162 3.0814
vt 0.2615 0.0982 3.0845
vt 0.2632 0.1109 3.0675
vt 0.2632 0.1111 3.0618
vt 0.2628 0.1227 3.0807
vt 0.2627 0.1168 3.0794
vt 0.2615 0.0955 3.0780
vt 0.2619 0.0943 3.0783
vt 0.2626 0.1064 3.0464
vt 0.2623 0.1038 3.0455
vt 0.2607 0.1295 3.0450
vt 0.2611 0.1084 3.0417
vt 0.2606 0.1204 3.0496
vt 0.2607 0.1121 3.0483
vt 0.2621 0.1031 3.0842
vt 0.2624 0.1057 3.0850
vt 0.2624 0.1070 3.0817
vt 0.2621 0.1045 3.0809
vt 0.2608 0.1217 3.0437
vt 0.2626 0.1110 3.0828
vt 0.2626 0.1100 3.0862
vt 0.2621 0.1015 3.0861
vt 0.2622 0.0999 3.0865
vt 0.2631 0.1137 3.0463
vt 0.2630 0.1130 3.0894
vt 0.2612 0.0989 3.0782
vt 0.2612 0.1001 3.0820
vt 0.2620 0.0997 3.0413
vt 0.2620 0.1013 3.0424
vt 0.2610 0.1050 3.0473
vt 0.2615 0.0967 3.0819
vt 0.2609 0.1146 3.0425
vt 0.2619 0.1047 3.0759
vt 0.2616 0.1056 3.0757
vt 0.2621 0.1056 3.0765
vt 0.2619 0.1055 3.0707
vt 0.2618 0.1006 3.0855
vt 0.2618 0.0988 3.0859
vt 0.2620 0.1029 3.0450
vt 0.2630 0.1161 3.0488
vt 0.2628 0.1107 3.0476
vt 0.2605 0.1287 3.0887
vt 0.2606 0.1287 3.0896
vt 0.2619 0.0927 3.0622
vt 0.2617 0.1050 3.0486
vt 0.2605 0.1286 3.0864
vt 0.2615 0.0939 3.0618
vt 0.2634 0.1197 3.0694
vt 0.2615 0.1076 3.0487
vt 0.2634 0.1198 3.0636
vt 0.2634 0.1288 3.0653
vt 0.2633 0.1208 3.0501
vt 0.2617 1.0000 3.0231
vt 0.2617 1.0000 3.0142
vt 0.2617 0.0427 3.0142
vt 0.2617 0.0427 3.0231
vt 0.2617 1.0000 3.0054
vt 0.2617 0.0427 3.0054
vt 0.2618 0.0427 2.9973
vt 0.2618 0.0427 3.0143
vt 0.2617 0.0427 3.0314
vt 0.2619 0.0427 2.9903
vt 0.2618 0.0427 3.0068
vt 0.2620 0.0427 2.9940
vt 0.2619 0.0427 2.9999
vt 0.2621 0.0427 2.9850
vt 0.2621 0.0427 2.9895
vt 0.2622 0.0427 2.9818
vt 0.2622 0.0427 2.9867
vt 0.2624 0.0427 2.9809
vt 0.2623 0.0427 2.9859
vt 0.2625 0.0427 2.9823
vt 0.2625 0.0427 2.9871
vt 0.2626 0.0427 2.9859
vt 0.2626 0.0427 2.9902
vt 0.2627 0.0427 2.9915
vt 0.2626 0.0427 2.9949
vt 0.2627 0.0427 3.0011
vt 0.2628 0.0427 2.9987
vt 0.2627 0.0427 3.0157
vt 0.2627 0.0427 3.0082
vt 0.2627 0.0427 3.0232
vt 0.2626 0.0427 3.0328
vt 0.2625 0.0427 3.0397
vt 0.2626 0.0427 3.0302
vt 0.2624 0.0427 3.0450
vt 0.2625 0.0427 3.0361
vt 0.2622 0.0427 3.0482
vt 0.2624 0.0427 3.0406
vt 0.2621 0.0427 3.0492
vt 0.2622 0.0427 3.0433
vt 0.2620 0.0427 3.0430
vt 0.2621 0.0427 3.0441
vt 0.2619 0.0427 3.0399
vt 0.2619 0.0427 3.0478
vt 0.2618 0.0427 3.0351
vt 0.2618 0.0427 3.0442
vt 0.2618 0.0427 3.0290
vt 0.2617 0.0427 3.0386
vt 0.2617 0.0427 3.0219
vt 0.2628 0.0427 3.0070
vt 0.2627 0.0427 3.0246
vt 0.2628 0.0427 3.0158
vt 0.2624 1.0000 2.9809
vt 0.2625 1.0000 2.9823
vt 0.2617 1.0000 3.0386
vt 0.2617 1.0000 3.0314
vt 0.2622 1.0000 3.0482
vt 0.2624 1.0000 3.0450
vt 0.2619 1.0000 3.0478
vt 0.2618 1.0000 3.0442
vt 0.2621 1.0000 3.0492
vt 0.2619 1.0000 2.9903
vt 0.2621 1.0000 2.9850
vt 0.2628 1.0000 2.9987
vt 0.2628 1.0000 3.0070
vt 0.2618 1.0000 2.9973
vt 0.2628 1.0000 3.0158
vt 0.2626 1.0000 3.0328
vt 0.2625 1.0000 3.0397
vt 0.2627 1.0000 2.9915
vt 0.2626 1.0000 2.9859
vt 0.2627 1.0000 3.0246
vt 0.2622 1.0000 2.9818
vt 0.2623 0.0000 3.0068
vt 0.2623 0.0411 3.0068
vt 0.2624 0.0411 3.0084
vt 0.2624 0.0000 3.0084
vt 0.2622 0.0411 3.0244
vt 0.2622 0.0411 3.0247
vt 0.2622 0.0000 3.0247
vt 0.2622 0.0000 3.0244
vt 0.2623 0.0000 3.0220
vt 0.2623 0.0000 3.0200
vt 0.2623 0.0411 3.0200
vt 0.2623 0.0411 3.0220
vt 0.2624 0.0000 3.0177
vt 0.2624 0.0000 3.0152
vt 0.2624 0.0411 3.0152
vt 0.2624 0.0411 3.0177
vt 0.2621 0.0000 3.0243
vt 0.2621 0.0411 3.0243
vt 0.2621 0.0411 3.0233
vt 0.2621 0.0000 3.0233
vt 0.2623 0.0000 3.0054
vt 0.2623 0.0411 3.0054
vt 0.2623 0.0411 3.0058
vt 0.2623 0.0000 3.0058
vt 0.2621 0.0000 3.0080
vt 0.2621 0.0411 3.0080
vt 0.2622 0.0411 3.0065
vt 0.2622 0.0000 3.0065
vt 0.2621 0.0411 3.0173
vt 0.2621 0.0000 3.0173
vt 0.2621 0.0000 3.0196
vt 0.2621 0.0411 3.0196
vt 0.2623 0.0000 3.0235
vt 0.2623 0.0411 3.0235
vt 0.2621 0.0411 3.0123
vt 0.2621 0.0411 3.0100
vt 0.2621 0.0000 3.0100
vt 0.2621 0.0000 3.0123
vt 0.2621 0.0000 3.0148
vt 0.2621 0.0000 3.0217
vt 0.2622 0.0000 3.0056
vt 0.2624 0.0000 3.0104
vt 0.2624 0.0000 3.0127
vt 0.2618 0.0411 3.0144
vt 0.2619 0.0411 3.0080
vt 0.2619 0.0411 3.0020
vt 0.2618 0.0411 3.0209
vt 0.2618 0.0411 3.0270
vt 0.2620 0.0411 2.9969
vt 0.2621 0.0411 2.9930
vt 0.2619 0.0411 3.0323
vt 0.2622 0.0411 2.9906
vt 0.2619 0.0411 3.0364
vt 0.2621 0.0411 3.0148
vt 0.2623 0.0411 2.9899
vt 0.2622 0.0411 3.0056
vt 0.2624 0.0411 2.9910
vt 0.2625 0.0411 2.9936
vt 0.2624 0.0411 3.0104
vt 0.2624 0.0411 3.0127
vt 0.2623 0.0411 3.0370
vt 0.2622 0.0411 3.0394
vt 0.2621 0.0411 3.0401
vt 0.2620 0.0411 3.0391
vt 0.2621 0.0411 3.0217
vt 0.2624 0.0411 3.0332
vt 0.2626 0.0411 2.9977
vt 0.2625 0.0411 3.0281
vt 0.2626 0.0411 3.0030
vt 0.2626 0.0411 3.0091
vt 0.2626 0.0411 3.0221
vt 0.2626 0.0411 3.0156
vt 0.2626 0.0411 3.0302
vt 0.2627 0.0411 3.0232
vt 0.2627 0.0237 3.0232
vt 0.2626 0.0237 3.0302
vt 0.2620 0.0411 3.0430
vt 0.2619 0.0411 3.0399
vt 0.2622 0.0411 2.9867
vt 0.2621 0.0411 2.9895
vt 0.2621 0.0237 2.9895
vt 0.2622 0.0237 2.9867
vt 0.2618 0.0411 3.0370
vt 0.2617 0.0411 3.0303
vt 0.2617 0.0237 3.0303
vt 0.2618 0.0237 3.0370
vt 0.2617 0.0237 3.0219
vt 0.2618 0.0237 3.0143
vt 0.2618 0.0411 3.0143
vt 0.2617 0.0411 3.0219
vt 0.2618 0.0411 3.0070
vt 0.2619 0.0411 3.0002
vt 0.2617 0.0411 3.0218
vt 0.2620 0.0411 2.9944
vt 0.2621 0.0411 2.9900
vt 0.2622 0.0411 2.9873
vt 0.2623 0.0411 2.9865
vt 0.2625 0.0411 2.9876
vt 0.2626 0.0411 2.9907
vt 0.2626 0.0411 2.9953
vt 0.2627 0.0411 3.0013
vt 0.2627 0.0411 3.0083
vt 0.2626 0.0411 3.0231
vt 0.2626 0.0411 3.0299
vt 0.2625 0.0411 3.0357
vt 0.2624 0.0411 3.0400
vt 0.2622 0.0411 3.0427
vt 0.2621 0.0411 3.0435
vt 0.2620 0.0411 3.0424
vt 0.2619 0.0411 3.0394
vt 0.2618 0.0411 3.0347
vt 0.2618 0.0411 3.0287
vt 0.2627 0.0411 3.0157
vt 0.2627 0.0411 3.0082
vt 0.2627 0.0237 3.0082
vt 0.2627 0.0237 3.0157
vt 0.2627 0.0411 3.0011
vt 0.2626 0.0411 2.9949
vt 0.2626 0.0237 2.9949
vt 0.2627 0.0237 3.0011
vt 0.2625 0.0237 3.0380
vt 0.2625 0.0411 3.0380
vt 0.2624 0.0411 3.0429
vt 0.2624 0.0237 3.0429
vt 0.2624 0.0237 3.0406
vt 0.2622 0.0237 3.0433
vt 0.2622 0.0411 3.0433
vt 0.2624 0.0411 3.0406
vt 0.2618 0.0411 3.0068
vt 0.2618 0.0411 3.0061
vt 0.2618 0.0411 2.9985
vt 0.2618 0.0237 2.9985
vt 0.2618 0.0237 3.0061
vt 0.2621 0.0237 2.9871
vt 0.2621 0.0411 2.9871
vt 0.2622 0.0411 2.9841
vt 0.2622 0.0237 2.9841
vt 0.2627 0.0237 2.9998
vt 0.2627 0.0237 2.9931
vt 0.2627 0.0411 2.9931
vt 0.2627 0.0411 2.9998
vt 0.2627 0.0237 3.0240
vt 0.2627 0.0237 3.0158
vt 0.2627 0.0411 3.0158
vt 0.2627 0.0411 3.0240
vt 0.2620 0.0411 2.9940
vt 0.2619 0.0411 2.9999
vt 0.2617 0.0411 3.0225
vt 0.2617 0.0237 3.0225
vt 0.2619 0.0237 3.0422
vt 0.2619 0.0411 3.0422
vt 0.2623 0.0237 2.9859
vt 0.2623 0.0411 2.9859
vt 0.2618 0.0411 3.0351
vt 0.2620 0.0237 2.9940
vt 0.2621 0.0237 3.0441
vt 0.2621 0.0411 3.0441
vt 0.2625 0.0237 3.0361
vt 0.2625 0.0411 3.0361
vt 0.2617 0.0237 3.0143
vt 0.2618 0.0237 3.0068
vt 0.2619 0.0237 2.9920
vt 0.2619 0.0237 2.9999
vt 0.2624 0.0237 2.9832
vt 0.2625 0.0237 2.9845
vt 0.2625 0.0237 2.9871
vt 0.2626 0.0237 2.9902
vt 0.2626 0.0237 2.9878
vt 0.2628 0.0237 3.0075
vt 0.2626 0.0237 3.0316
vt 0.2622 0.0237 3.0459
vt 0.2621 0.0237 3.0468
vt 0.2620 0.0237 3.0430
vt 0.2620 0.0237 3.0456
vt 0.2619 0.0237 3.0399
vt 0.2618 0.0237 3.0351
vt 0.2618 0.0237 3.0290
vt 0.2618 0.0411 3.0290
vt 0.2625 0.0411 2.9871
vt 0.2626 0.0411 2.9902
vt 0.2626 0.0411 3.0316
vt 0.2624 0.0411 2.9832
vt 0.2625 0.0411 2.9845
vt 0.2619 0.0411 2.9920
vt 0.2626 0.0411 2.9878
vt 0.2622 0.0411 3.0459
vt 0.2621 0.0411 3.0468
vt 0.2617 0.0411 3.0143
vt 0.2628 0.0411 3.0075
vt 0.2620 0.0411 3.0456
# 2498 texture coords

o Mesa_Brazo
g Mesa_Brazo
usemtl Material__27
s off
f 1/1/1 2/2/1 3/3/1 4/4/1 
f 5/5/2 6/6/2 7/7/2 8/8/2 
f 5/4/3 8/1/3 4/2/3 3/3/3 
f 2/3/4 6/4/4 5/1/4 3/2/4 
f 7/7/5 6/8/5 2/5/5 1/6/5 
f 8/7/6 7/8/6 1/5/6 4/6/6 
f 9/9/7 10/10/7 11/11/7 12/12/7 
f 10/10/7 13/13/7 14/14/7 11/11/7 
f 13/13/7 15/15/7 16/16/7 14/14/7 
f 15/15/7 17/17/7 18/18/7 16/16/7 
f 17/17/7 19/19/7 20/20/7 18/18/7 
f 19/19/7 21/21/7 22/22/7 20/20/7 
f 21/21/7 23/23/7 24/24/7 22/22/7 
f 23/23/7 25/25/7 26/26/7 24/24/7 
f 25/25/7 27/27/7 28/28/7 26/26/7 
f 29/29/7 28/28/7 27/27/7 30/30/7 
f 31/31/7 29/29/7 30/30/7 32/32/7 
f 33/33/7 34/34/7 35/35/7 36/36/7 
f 33/33/7 37/37/7 38/38/7 34/34/7 
f 39/39/7 40/40/7 38/38/7 37/37/7 
f 41/41/7 40/40/7 39/39/7 42/42/7 
f 43/43/7 41/41/7 42/42/7 44/44/7 
f 44/44/7 45/45/7 46/46/7 43/43/7 
f 46/46/7 45/45/7 47/47/7 48/48/7 
f 49/49/7 50/50/7 48/48/7 47/47/7 
f 51/51/7 52/52/7 50/50/7 49/49/7 
f 53/53/7 52/52/7 51/51/7 54/54/7 
f 55/55/7 56/56/7 53/53/7 54/54/7 
f 57/57/7 58/58/7 59/59/7 60/60/7 
f 58/58/7 61/61/7 62/62/7 59/59/7 
f 61/61/7 63/63/7 64/64/7 62/62/7 
f 63/63/7 65/65/7 66/66/7 64/64/7 
f 65/65/7 67/67/7 68/68/7 66/66/7 
f 67/67/7 69/69/7 70/70/7 68/68/7 
f 69/69/7 71/71/7 72/72/7 70/70/7 
f 71/71/7 73/73/7 74/74/7 72/72/7 
f 73/73/7 75/75/7 76/76/7 74/74/7 
f 77/77/7 76/76/7 75/75/7 78/78/7 
f 79/79/7 77/77/7 78/78/7 80/80/7 
f 81/81/7 82/82/7 83/83/7 84/84/7 
f 81/81/7 85/85/7 86/86/7 82/82/7 
f 87/87/7 88/88/7 86/86/7 85/85/7 
f 89/89/7 88/88/7 87/87/7 90/90/7 
f 91/91/7 89/89/7 90/90/7 92/92/7 
f 92/92/7 93/93/7 94/94/7 91/91/7 
f 94/94/7 93/93/7 95/95/7 96/96/7 
f 97/97/7 98/98/7 96/96/7 95/95/7 
f 99/99/7 100/100/7 98/98/7 97/97/7 
f 101/101/7 100/100/7 99/99/7 102/102/7 
f 103/103/7 104/104/7 101/101/7 102/102/7 
f 105/105/8 106/106/8 107/107/8 108/108/8 
f 106/106/8 109/109/8 110/110/8 107/107/8 
f 109/109/8 111/111/8 112/112/8 110/110/8 
f 111/111/8 113/113/8 114/114/8 112/112/8 
f 113/113/8 115/115/8 116/116/8 114/114/8 
f 115/115/8 117/117/8 118/118/8 116/116/8 
f 117/117/8 119/119/8 120/120/8 118/118/8 
f 119/119/8 121/121/8 122/122/8 120/120/8 
f 121/121/8 123/123/8 124/124/8 122/122/8 
f 125/125/8 124/124/8 123/123/8 126/126/8 
f 127/127/8 125/125/8 126/126/8 128/128/8 
f 129/129/8 130/130/8 131/131/8 132/132/8 
f 129/129/8 133/133/8 134/134/8 130/130/8 
f 135/135/8 136/136/8 134/134/8 133/133/8 
f 137/137/8 136/136/8 135/135/8 138/138/8 
f 139/139/8 137/137/8 138/138/8 140/140/8 
f 140/140/8 141/141/8 142/142/8 139/139/8 
f 142/142/8 141/141/8 143/143/8 144/144/8 
f 145/145/8 146/146/8 144/144/8 143/143/8 
f 147/147/8 148/148/8 146/146/8 145/145/8 
f 149/149/8 148/148/8 147/147/8 150/150/8 
f 151/151/8 152/152/8 149/149/8 150/150/8 
f 153/153/8 154/154/8 155/155/8 156/156/8 
f 154/154/8 157/157/8 158/158/8 155/155/8 
f 157/157/8 159/159/8 160/160/8 158/158/8 
f 159/159/8 161/161/8 162/162/8 160/160/8 
f 161/161/8 163/163/8 164/164/8 162/162/8 
f 163/163/8 165/165/8 166/166/8 164/164/8 
f 165/165/8 167/167/8 168/168/8 166/166/8 
f 167/167/8 169/169/8 170/170/8 168/168/8 
f 169/169/8 171/171/8 172/172/8 170/170/8 
f 173/173/8 172/172/8 171/171/8 174/174/8 
f 175/175/8 173/173/8 174/174/8 176/176/8 
f 177/177/8 178/178/8 179/179/8 180/180/8 
f 177/177/8 181/181/8 182/182/8 178/178/8 
f 183/183/8 184/184/8 182/182/8 181/181/8 
f 185/185/8 184/184/8 183/183/8 186/186/8 
f 187/187/8 185/185/8 186/186/8 188/188/8 
f 188/188/8 189/189/8 190/190/8 187/187/8 
f 190/190/8 189/189/8 191/191/8 192/192/8 
f 193/193/8 194/194/8 192/192/8 191/191/8 
f 195/195/8 196/196/8 194/194/8 193/193/8 
f 197/197/8 196/196/8 195/195/8 198/198/8 
f 199/199/8 200/200/8 197/197/8 198/198/8 
f 201/201/9 202/202/10 203/203/10 204/204/9 
f 202/202/10 205/205/11 206/206/11 203/203/10 
f 204/204/1 203/203/1 206/206/1 207/207/1 
f 204/204/1 207/207/1 208/208/1 209/209/1 
f 207/207/1 210/210/1 211/211/1 208/208/1 
f 211/211/1 210/210/1 212/212/1 213/213/1 
f 210/210/1 214/214/1 215/215/1 212/212/1 
f 214/214/1 216/216/1 217/217/1 215/215/1 
f 216/216/1 218/218/1 219/219/1 217/217/1 
f 218/218/1 220/220/1 221/221/1 219/219/1 
f 220/220/1 222/222/1 223/223/1 221/221/1 
f 223/223/1 222/222/1 224/224/1 225/225/1 
f 226/226/1 225/225/1 224/224/1 227/227/1 
f 226/226/1 227/227/1 228/228/1 229/229/1 
f 230/230/1 228/228/1 227/227/1 231/231/1 
f 230/230/1 231/231/1 232/232/1 233/233/1 
f 232/232/1 234/234/1 235/235/1 233/233/1 
f 234/234/1 236/236/1 237/237/1 235/235/1 
f 236/236/1 238/238/1 239/239/1 237/237/1 
f 238/238/1 240/240/1 241/241/1 239/239/1 
f 242/242/1 240/240/1 238/238/1 243/243/1 
f 244/244/1 242/242/1 243/243/1 245/245/1 
f 246/246/1 244/244/1 245/245/1 247/247/1 
f 248/248/1 246/246/1 247/247/1 209/209/1 
f 248/248/1 209/209/1 208/208/1 
f 227/227/1 249/249/1 250/250/1 231/231/1 
f 250/250/1 249/249/1 251/251/1 
f 220/220/12 218/218/3 252/252/3 253/253/12 
f 247/247/13 254/254/13 255/255/14 209/209/14 
f 256/256/15 236/236/15 234/234/16 257/257/16 
f 258/258/17 259/259/18 245/245/18 243/243/17 
f 260/260/19 238/238/19 236/236/15 256/256/15 
f 261/261/20 262/262/21 214/214/21 210/210/20 
f 227/227/22 263/263/22 264/264/23 249/249/23 
f 265/265/24 207/207/24 206/206/11 205/205/11 
f 249/249/23 264/264/23 266/266/6 251/251/6 
f 232/232/25 231/231/26 267/267/26 268/268/25 
f 269/269/27 224/224/27 222/222/28 270/270/28 
f 210/210/20 207/207/24 265/265/24 261/261/20 
f 238/238/19 260/260/19 258/258/17 243/243/17 
f 267/267/26 231/231/26 250/250/29 271/271/29 
f 271/271/29 250/250/29 251/251/6 266/266/6 
f 245/245/18 259/259/18 254/254/13 247/247/13 
f 269/269/27 263/263/22 227/227/22 224/224/27 
f 253/253/12 270/270/28 222/222/28 220/220/12 
f 216/216/30 214/214/21 262/262/21 272/272/30 
f 257/257/16 234/234/16 232/232/25 268/268/25 
f 209/209/14 255/255/14 201/201/9 204/204/9 
f 216/216/30 272/272/30 252/252/3 218/218/3 
f 273/273/28 274/274/28 275/275/27 276/276/27 
f 277/277/15 278/278/19 279/279/19 280/280/15 
f 281/281/25 282/282/26 283/283/26 284/284/25 
f 285/285/29 286/286/6 287/287/6 288/288/29 
f 289/289/17 290/290/17 291/291/18 292/292/18 
f 293/293/3 294/294/3 295/295/12 296/296/12 
f 282/282/26 285/285/29 288/288/29 283/283/26 
f 297/297/20 298/298/20 299/299/21 300/300/21 
f 301/301/9 302/302/9 303/303/14 304/304/14 
f 277/277/15 280/280/15 305/305/16 306/306/16 
f 307/307/11 308/308/24 309/309/24 310/310/11 
f 302/302/1 311/311/1 310/310/1 303/303/1 
f 310/310/1 309/309/1 297/297/1 303/303/1 
f 303/303/1 297/297/1 300/300/1 312/312/1 
f 300/300/1 289/289/1 292/292/1 312/312/1 
f 289/289/1 300/300/1 313/313/1 293/293/1 
f 296/296/1 279/279/1 289/289/1 293/293/1 
f 279/279/1 296/296/1 273/273/1 280/280/1 
f 280/280/1 273/273/1 281/281/1 305/305/1 
f 281/281/1 273/273/1 276/276/1 314/314/1 
f 314/314/1 315/315/1 282/282/1 281/281/1 
f 282/282/1 315/315/1 286/286/1 285/285/1 
f 316/316/1 317/317/1 318/318/1 319/319/1 
f 320/320/1 319/319/1 318/318/1 321/321/1 
f 321/321/1 322/322/1 323/323/1 320/320/1 
f 322/322/1 324/324/1 325/325/1 323/323/1 
f 324/324/1 307/307/1 326/326/1 325/325/1 
f 307/307/1 324/324/1 298/298/1 308/308/1 
f 299/299/1 298/298/1 324/324/1 327/327/1 
f 327/327/1 294/294/1 328/328/1 299/299/1 
f 294/294/1 327/327/1 329/329/1 295/295/1 
f 329/329/1 275/275/1 274/274/1 295/295/1 
f 329/329/1 330/330/1 331/331/1 275/275/1 
f 332/332/1 331/331/1 330/330/1 287/287/1 
f 288/288/1 287/287/1 330/330/1 333/333/1 
f 333/333/1 284/284/1 283/283/1 288/288/1 
f 334/334/1 306/306/1 284/284/1 333/333/1 
f 306/306/1 334/334/1 335/335/1 277/277/1 
f 335/335/1 290/290/1 278/278/1 277/277/1 
f 335/335/1 336/336/1 291/291/1 290/290/1 
f 336/336/1 304/304/1 337/337/1 291/291/1 
f 304/304/1 336/336/1 326/326/1 301/301/1 
f 326/326/1 336/336/1 325/325/1 
f 338/338/1 333/333/1 330/330/1 339/339/1 
f 340/340/1 338/338/1 339/339/1 341/341/1 
f 342/342/1 343/343/1 340/340/1 341/341/1 
f 343/343/1 342/342/1 344/344/1 
f 310/310/11 311/311/10 326/326/10 307/307/11 
f 313/313/30 328/328/30 294/294/3 293/293/3 
f 289/289/17 279/279/19 278/278/19 290/290/17 
f 312/312/13 337/337/13 304/304/14 303/303/14 
f 308/308/24 298/298/20 297/297/20 309/309/24 
f 299/299/21 328/328/30 313/313/30 300/300/21 
f 337/337/13 312/312/13 292/292/18 291/291/18 
f 284/284/25 306/306/16 305/305/16 281/281/25 
f 314/314/22 276/276/27 275/275/27 331/331/22 
f 314/314/22 331/331/22 332/332/23 315/315/23 
f 273/273/28 296/296/12 295/295/12 274/274/28 
f 315/315/23 332/332/23 287/287/6 286/286/6 
f 302/302/9 301/301/9 326/326/10 311/311/10 
f 345/345/24 346/346/11 347/347/11 348/348/24 
f 349/349/17 240/240/17 242/242/18 350/350/18 
f 351/351/15 352/352/16 353/353/16 354/354/15 
f 355/355/13 356/356/14 357/357/14 358/358/13 
f 359/359/23 360/360/6 361/361/6 362/362/23 
f 363/361/1 364/363/1 365/364/1 366/365/1 
f 365/364/1 317/317/1 316/316/1 366/365/1 
f 317/317/1 365/364/1 367/366/1 318/318/1 
f 318/318/1 367/366/1 368/367/1 321/321/1 
f 369/368/1 322/322/1 321/321/1 368/367/1 
f 369/368/1 370/369/1 324/324/1 322/322/1 
f 370/369/1 371/370/1 327/327/1 324/324/1 
f 327/327/1 371/370/1 330/330/1 329/329/1 
f 372/371/1 339/339/1 330/330/1 371/370/1 
f 373/372/1 341/341/1 339/339/1 372/371/1 
f 374/373/1 342/342/1 341/341/1 373/372/1 
f 375/374/1 344/344/1 342/342/1 374/373/1 
f 375/374/1 376/375/1 377/376/1 344/344/1 
f 344/344/1 377/376/1 340/340/1 343/343/1 
f 378/377/1 338/338/1 340/340/1 377/376/1 
f 378/377/1 379/378/1 333/333/1 338/338/1 
f 333/333/1 379/378/1 380/379/1 334/334/1 
f 334/334/1 380/379/1 381/380/1 335/335/1 
f 381/380/1 382/381/1 336/336/1 335/335/1 
f 383/382/1 325/325/1 336/336/1 382/381/1 
f 325/325/1 383/382/1 384/383/1 323/323/1 
f 323/323/1 384/383/1 319/319/1 320/320/1 
f 319/319/1 384/383/1 385/384/1 316/316/1 
f 316/316/1 385/384/1 366/365/1 
f 376/375/1 375/374/1 386/385/1 
f 387/385/10 388/386/9 389/387/9 390/388/10 
f 346/346/11 387/385/10 390/388/10 347/347/11 
f 391/389/14 392/390/13 393/391/13 394/392/14 
f 395/393/25 396/394/25 397/395/16 398/396/16 
f 226/226/22 391/389/22 392/390/27 
f 392/390/27 225/225/27 226/226/22 
f 399/397/21 400/398/30 401/399/30 402/400/21 
f 230/230/29 346/346/29 387/385/6 
f 387/385/6 228/228/6 230/230/29 
f 211/211/11 403/401/11 361/361/10 208/208/10 
f 387/385/6 388/386/23 229/229/23 
f 229/229/23 228/228/6 387/385/6 
f 388/386/9 391/389/14 394/392/14 389/387/9 
f 404/402/11 405/403/24 406/404/24 407/405/11 
f 408/406/21 409/407/21 410/408/30 411/409/30 
f 412/410/22 413/411/27 414/412/27 415/413/22 
f 345/345/26 346/346/29 230/230/29 
f 230/230/29 233/233/26 345/345/26 
f 416/414/29 417/415/6 418/416/6 419/417/29 
f 420/418/20 421/419/24 213/213/24 212/212/20 
f 422/420/9 423/421/9 357/357/14 356/356/14 
f 358/358/13 424/422/18 425/423/18 355/355/13 
f 351/351/30 352/352/21 215/215/21 
f 215/215/21 217/217/30 351/351/30 
f 354/354/15 426/424/19 427/425/19 351/351/15 
f 244/244/13 428/426/13 350/350/18 242/242/18 
f 352/352/16 420/418/25 429/427/25 353/353/16 
f 400/398/30 430/428/3 431/429/3 401/399/30 
f 432/430/20 399/397/21 402/400/21 433/431/20 
f 406/404/1 423/421/1 434/432/1 407/405/1 
f 360/360/1 423/421/1 406/404/1 435/433/1 
f 435/433/1 406/404/1 436/434/1 437/435/1 
f 436/434/1 408/406/1 429/427/1 437/435/1 
f 411/409/1 353/353/1 429/427/1 408/406/1 
f 411/409/1 438/436/1 354/354/1 353/353/1 
f 354/354/1 438/436/1 439/437/1 426/424/1 
f 440/438/1 426/424/1 439/437/1 441/439/1 
f 442/440/1 393/391/1 441/439/1 439/437/1 
f 394/392/1 393/391/1 442/440/1 413/411/1 
f 389/387/1 394/392/1 413/411/1 412/410/1 
f 443/441/1 390/388/1 389/387/1 412/410/1 
f 416/414/1 347/347/1 390/388/1 443/441/1 
f 348/348/1 347/347/1 416/414/1 444/442/1 
f 395/393/1 432/430/1 348/348/1 444/442/1 
f 398/396/1 399/397/1 432/430/1 395/393/1 
f 399/397/1 398/396/1 445/443/1 400/398/1 
f 446/444/1 430/428/1 400/398/1 445/443/1 
f 447/445/1 430/428/1 446/444/1 448/446/1 
f 448/446/1 424/422/1 449/447/1 447/445/1 
f 450/448/1 449/447/1 424/422/1 358/358/1 
f 358/358/1 357/357/1 451/449/1 450/448/1 
f 359/359/1 451/449/1 357/357/1 360/360/1 
f 360/360/1 357/357/1 423/421/1 
f 416/414/1 443/441/1 417/415/1 
f 229/229/23 388/386/23 391/389/22 
f 391/389/22 226/226/22 229/229/23 
f 452/450/22 451/449/22 359/359/23 362/362/23 
f 348/348/24 432/430/20 433/431/20 345/345/24 
f 427/425/19 426/424/19 440/438/17 453/451/17 
f 361/361/1 403/401/1 364/363/1 363/361/1 
f 364/363/1 403/401/1 421/419/1 365/364/1 
f 365/364/1 421/419/1 420/418/1 367/366/1 
f 367/366/1 420/418/1 352/352/1 368/367/1 
f 368/367/1 352/352/1 351/351/1 369/368/1 
f 427/425/1 370/369/1 369/368/1 351/351/1 
f 427/425/1 453/451/1 371/370/1 370/369/1 
f 453/451/1 454/452/1 372/371/1 371/370/1 
f 454/452/1 392/390/1 373/372/1 372/371/1 
f 373/372/1 392/390/1 391/389/1 374/373/1 
f 375/374/1 374/373/1 391/389/1 388/386/1 
f 386/385/1 375/374/1 388/386/1 387/385/1 
f 386/385/1 387/385/1 346/346/1 376/375/1 
f 376/375/1 346/346/1 345/345/1 377/376/1 
f 377/376/1 345/345/1 433/431/1 378/377/1 
f 379/378/1 378/377/1 433/431/1 402/400/1 
f 401/399/1 380/379/1 379/378/1 402/400/1 
f 431/429/1 381/380/1 380/379/1 401/399/1 
f 349/349/1 382/381/1 381/380/1 431/429/1 
f 382/381/1 349/349/1 350/350/1 383/382/1 
f 350/350/1 428/426/1 384/383/1 383/382/1 
f 428/426/1 452/450/1 385/384/1 384/383/1 
f 362/362/1 366/365/1 385/384/1 452/450/1 
f 362/362/1 361/361/1 363/361/1 366/365/1 
f 392/390/13 454/452/18 441/439/18 393/391/13 
f 455/453/26 396/394/25 395/393/25 444/442/26 
f 213/213/24 421/419/24 403/401/11 211/211/11 
f 401/399/15 402/400/16 237/237/16 
f 237/237/16 239/239/15 401/399/15 
f 456/454/3 457/455/12 439/437/12 438/436/3 
f 444/442/26 416/414/29 419/417/29 455/453/26 
f 454/452/18 453/451/17 440/438/17 441/439/18 
f 409/407/21 408/406/21 436/434/20 458/456/20 
f 413/411/27 442/440/28 459/457/28 414/412/27 
f 351/351/30 217/217/30 219/219/3 
f 219/219/3 427/425/3 351/351/30 
f 246/246/14 452/450/14 428/426/13 244/244/13 
f 403/401/29 361/361/6 360/360/6 
f 360/360/6 435/433/29 403/401/29 
f 233/233/26 235/235/25 433/431/25 
f 433/431/25 345/345/26 233/233/26 
f 459/457/28 442/440/28 439/437/12 457/455/12 
f 225/225/27 392/390/27 454/452/28 
f 454/452/28 223/223/28 225/225/27 
f 248/248/9 208/208/10 361/361/10 
f 361/361/10 362/362/9 248/248/9 
f 421/419/26 437/435/26 429/427/25 
f 429/427/25 420/418/25 421/419/26 
f 460/458/15 461/459/19 446/444/19 445/443/15 
f 460/458/15 445/443/15 398/396/16 397/395/16 
f 407/405/11 434/432/10 462/460/10 404/402/11 
f 219/219/3 221/221/12 453/451/12 
f 453/451/12 427/425/3 219/219/3 
f 463/461/23 418/416/6 417/415/6 443/441/23 
f 458/456/20 436/434/20 406/404/24 405/403/24 
f 464/462/17 425/423/18 424/422/18 448/446/17 
f 221/221/12 223/223/28 454/452/28 
f 454/452/28 453/451/12 221/221/12 
f 349/349/12 431/429/3 430/428/3 447/445/12 
f 450/448/27 428/426/27 350/350/28 
f 350/350/28 449/447/28 450/448/27 
f 412/410/22 415/413/22 463/461/23 443/441/23 
f 451/449/22 452/450/22 428/426/27 
f 428/426/27 450/448/27 451/449/22 
f 241/241/19 431/429/19 401/399/15 
f 401/399/15 239/239/15 241/241/19 
f 235/235/25 237/237/16 402/400/16 
f 402/400/16 433/431/25 235/235/25 
f 410/408/30 456/454/3 438/436/3 411/409/30 
f 461/459/19 464/462/17 448/446/17 446/444/19 
f 404/402/2 462/460/2 422/420/2 356/356/2 
f 404/402/2 356/356/2 362/362/2 
f 362/362/2 361/361/2 404/402/2 
f 362/362/2 356/356/2 355/355/2 
f 355/355/2 452/450/2 362/362/2 
f 452/450/2 355/355/2 425/423/2 
f 425/423/2 428/426/2 452/450/2 
f 350/350/2 428/426/2 425/423/2 
f 425/423/2 464/462/2 350/350/2 
f 349/349/2 350/350/2 464/462/2 
f 464/462/2 461/459/2 349/349/2 
f 431/429/2 349/349/2 461/459/2 
f 461/459/2 460/458/2 431/429/2 
f 401/399/2 431/429/2 460/458/2 
f 460/458/2 402/400/2 401/399/2 
f 402/400/2 460/458/2 397/395/2 
f 397/395/2 433/431/2 402/400/2 
f 397/395/2 396/394/2 345/345/2 
f 345/345/2 433/431/2 397/395/2 
f 346/346/2 345/345/2 396/394/2 
f 396/394/2 455/453/2 346/346/2 
f 387/385/2 346/346/2 455/453/2 
f 455/453/2 419/417/2 387/385/2 
f 388/386/2 387/385/2 419/417/2 
f 419/417/2 463/461/2 388/386/2 
f 415/413/2 391/389/2 388/386/2 
f 388/386/2 463/461/2 415/413/2 
f 391/389/2 415/413/2 414/412/2 
f 414/412/2 392/390/2 391/389/2 
f 392/390/2 414/412/2 459/457/2 
f 459/457/2 454/452/2 392/390/2 
f 454/452/2 459/457/2 457/455/2 
f 457/455/2 453/451/2 454/452/2 
f 457/455/2 456/454/2 427/425/2 
f 427/425/2 453/451/2 457/455/2 
f 351/351/2 427/425/2 456/454/2 
f 456/454/2 410/408/2 351/351/2 
f 352/352/2 351/351/2 410/408/2 
f 410/408/2 409/407/2 352/352/2 
f 458/456/2 420/418/2 352/352/2 
f 352/352/2 409/407/2 458/456/2 
f 458/456/2 405/403/2 421/419/2 
f 421/419/2 420/418/2 458/456/2 
f 361/361/2 403/401/2 421/419/2 
f 421/419/2 405/403/2 361/361/2 
f 361/361/2 405/403/2 404/402/2 
f 463/461/2 419/417/2 418/416/2 
f 248/248/9 362/362/9 452/450/14 
f 452/450/14 246/246/14 248/248/9 
f 420/418/20 212/212/20 215/215/21 
f 215/215/21 352/352/21 420/418/20 
f 403/401/29 435/433/29 437/435/26 
f 437/435/26 421/419/26 403/401/29 
f 349/349/17 431/429/19 241/241/19 
f 241/241/19 240/240/17 349/349/17 
f 349/349/12 447/445/12 449/447/28 
f 449/447/28 350/350/28 349/349/12 
f 422/420/9 462/460/10 434/432/10 423/421/9 
usemtl Material__28
f 465/2/3 466/2/3 467/2/3 468/2/3 
f 469/2/3 468/2/3 467/2/3 470/2/3 
f 469/2/3 470/2/3 471/2/3 472/2/3 
f 472/2/3 471/2/3 473/2/3 474/2/3 
f 474/2/3 473/2/3 475/2/3 476/2/3 
f 476/2/3 475/2/3 477/2/3 478/2/3 
f 478/2/3 477/2/3 479/2/3 480/2/3 
f 480/2/3 479/2/3 481/2/3 482/2/3 
f 482/2/3 481/2/3 483/2/3 484/2/3 
f 485/2/3 484/2/3 483/2/3 486/2/3 
f 487/2/3 485/2/3 486/2/3 488/2/3 
f 489/2/19 490/2/19 491/2/19 492/2/19 
f 493/2/19 494/2/19 491/2/19 490/2/19 
f 495/2/19 494/2/19 493/2/19 496/2/19 
f 497/2/19 495/2/19 496/2/19 498/2/19 
f 495/2/19 497/2/19 499/2/19 500/2/19 
f 501/2/19 499/2/19 497/2/19 502/2/19 
f 502/2/19 503/2/19 504/2/19 501/2/19 
f 505/2/19 504/2/19 503/2/19 506/2/19 
f 504/2/19 505/2/19 507/2/19 508/2/19 
f 509/2/19 507/2/19 505/2/19 510/2/19 
f 510/2/19 511/2/19 512/2/19 509/2/19 
f 513/2/31 514/2/31 515/2/31 516/2/31 
f 517/2/32 518/2/32 519/2/32 520/2/32 
f 521/2/33 522/2/34 523/2/34 524/2/33 
f 525/2/35 526/2/36 527/2/36 528/2/35 
f 529/2/37 530/2/37 531/2/38 532/2/38 
f 533/2/39 534/2/39 535/2/39 536/2/39 
f 493/2/40 490/2/41 537/2/41 538/2/40 
f 539/2/42 540/2/42 541/2/42 542/2/42 
f 543/2/43 544/2/43 545/2/43 546/2/43 
f 520/2/44 547/2/44 548/2/44 517/2/44 
f 549/2/45 550/2/45 551/2/45 552/2/45 
f 553/2/46 551/2/46 550/2/46 554/2/46 
f 555/2/47 556/2/47 557/2/47 541/2/47 
f 558/2/48 559/2/48 560/2/48 561/2/48 
f 562/2/49 563/2/49 516/2/49 515/2/49 
f 564/2/50 565/2/50 566/2/50 567/2/50 
f 516/2/51 568/2/51 569/2/51 513/2/51 
f 570/2/52 506/2/52 503/2/53 571/2/53 
f 550/2/54 549/2/54 572/2/54 573/2/54 
f 574/2/55 575/2/55 533/2/55 576/2/55 
f 524/2/33 577/2/56 578/2/56 521/2/33 
f 579/2/57 580/2/57 581/2/57 582/2/57 
f 583/2/58 584/2/58 585/2/58 586/2/58 
f 587/2/59 588/2/59 560/2/59 559/2/59 
f 589/2/60 590/2/60 591/2/60 592/2/60 
f 547/2/61 555/2/61 593/2/61 548/2/61 
f 537/2/62 594/2/62 595/2/63 538/2/63 
f 596/2/64 597/2/64 598/2/64 599/2/64 
f 600/2/65 601/2/65 602/2/65 603/2/65 
f 528/2/66 527/2/66 604/2/66 605/2/66 
f 606/2/67 607/2/67 598/2/67 608/2/67 
f 609/2/68 610/2/68 611/2/68 612/2/68 
f 613/2/69 614/2/69 535/2/69 615/2/69 
f 616/2/70 569/2/70 617/2/70 618/2/70 
f 619/2/71 620/2/71 621/2/71 622/2/71 
f 577/2/56 623/2/72 624/2/72 578/2/56 
f 571/2/73 625/2/74 620/2/74 613/2/73 
f 626/2/75 532/2/38 531/2/38 627/2/75 
f 548/2/76 580/2/76 628/2/76 517/2/76 
f 602/2/77 629/2/77 594/2/77 630/2/77 
f 631/2/78 627/2/79 504/2/79 508/2/78 
f 630/2/80 632/2/80 603/2/80 602/2/80 
f 633/2/81 634/2/81 635/2/81 600/2/81 
f 636/2/82 637/2/82 638/2/82 562/2/82 
f 558/2/83 639/2/83 640/2/83 559/2/83 
f 534/2/84 641/2/84 615/2/84 535/2/84 
f 520/2/85 519/2/85 635/2/85 634/2/85 
f 642/2/86 643/2/86 592/2/86 644/2/86 
f 645/2/87 646/2/87 647/2/87 648/2/87 
f 517/2/88 628/2/88 649/2/88 518/2/88 
f 505/2/89 650/2/89 651/2/90 510/2/90 
f 504/2/79 627/2/79 531/2/91 501/2/91 
f 652/2/92 653/2/92 654/2/92 655/2/92 
f 656/2/93 657/2/93 658/2/93 595/2/93 
f 659/2/94 551/2/94 553/2/94 660/2/94 
f 622/2/95 661/2/95 662/2/95 619/2/95 
f 663/2/96 632/2/96 630/2/97 664/2/97 
f 665/2/98 621/2/99 666/2/99 667/2/98 
f 529/2/37 624/2/72 623/2/72 530/2/37 
f 586/2/100 668/2/100 669/2/100 583/2/100 
f 670/2/101 576/2/101 648/2/101 647/2/101 
f 671/2/102 608/2/102 598/2/102 597/2/102 
f 540/2/103 539/2/103 567/2/103 566/2/103 
f 672/2/104 673/2/104 674/2/104 556/2/104 
f 675/2/105 676/2/105 677/2/105 590/2/105 
f 589/2/106 678/2/106 675/2/106 590/2/106 
f 631/2/107 679/2/107 626/2/75 627/2/75 
f 680/2/108 681/2/108 647/2/108 646/2/108 
f 551/2/109 659/2/109 587/2/109 552/2/109 
f 552/2/110 640/2/110 682/2/110 549/2/110 
f 542/2/111 541/2/111 557/2/111 683/2/111 
f 684/2/3 466/2/3 465/2/3 685/2/3 
f 686/2/3 685/2/3 465/2/3 468/2/3 
f 687/2/3 686/2/3 468/2/3 469/2/3 
f 588/2/3 687/2/3 469/2/3 472/2/3 
f 588/2/3 472/2/3 474/2/3 560/2/3 
f 476/2/3 561/2/3 560/2/3 474/2/3 
f 478/2/3 688/2/3 561/2/3 476/2/3 
f 688/2/3 478/2/3 480/2/3 689/2/3 
f 689/2/3 480/2/3 482/2/3 690/2/3 
f 482/2/3 484/2/3 691/2/3 690/2/3 
f 485/2/3 669/2/3 691/2/3 484/2/3 
f 485/2/3 487/2/3 583/2/3 669/2/3 
f 583/2/3 487/2/3 488/2/3 584/2/3 
f 488/2/3 486/2/3 692/2/3 584/2/3 
f 692/2/3 486/2/3 483/2/3 693/2/3 
f 694/2/3 693/2/3 483/2/3 481/2/3 
f 695/2/3 694/2/3 481/2/3 479/2/3 
f 479/2/3 477/2/3 564/2/3 695/2/3 
f 564/2/3 477/2/3 475/2/3 565/2/3 
f 582/2/3 565/2/3 475/2/3 473/2/3 
f 582/2/3 473/2/3 471/2/3 579/2/3 
f 579/2/3 471/2/3 470/2/3 696/2/3 
f 696/2/3 470/2/3 467/2/3 697/2/3 
f 684/2/3 697/2/3 467/2/3 466/2/3 
f 698/2/112 635/2/112 519/2/112 699/2/112 
f 609/2/113 700/2/113 699/2/113 610/2/113 
f 629/2/114 654/2/114 653/2/114 656/2/114 
f 601/2/115 600/2/115 635/2/115 698/2/115 
f 618/2/116 701/2/116 689/2/116 690/2/116 
f 637/2/117 702/2/117 545/2/117 544/2/117 
f 507/2/118 703/2/118 631/2/78 508/2/78 
f 622/2/119 621/2/119 665/2/119 704/2/119 
f 634/2/120 633/2/120 673/2/120 672/2/120 
f 587/2/121 559/2/121 640/2/121 552/2/121 
f 639/2/122 705/2/122 682/2/122 640/2/122 
f 506/2/52 570/2/52 650/2/89 505/2/89 
f 706/2/123 703/2/118 507/2/118 509/2/123 
f 652/2/124 554/2/124 550/2/124 573/2/124 
f 707/2/125 651/2/125 650/2/126 641/2/126 
f 547/2/127 672/2/127 556/2/127 555/2/127 
f 626/2/128 679/2/128 708/2/128 677/2/128 
f 632/2/129 522/2/129 709/2/129 603/2/129 
f 686/2/130 660/2/130 612/2/130 685/2/130 
f 633/2/131 600/2/131 603/2/131 709/2/131 
f 680/2/132 710/2/132 701/2/132 681/2/132 
f 665/2/98 667/2/98 711/2/133 658/2/133 
f 518/2/134 610/2/134 699/2/134 519/2/134 
f 548/2/135 593/2/135 581/2/135 580/2/135 
f 511/2/136 526/2/136 525/2/6 512/2/6 
f 500/2/137 623/2/137 577/2/138 495/2/138 
f 558/2/139 710/2/139 680/2/139 639/2/139 
f 513/2/140 668/2/140 586/2/140 514/2/140 
f 633/2/141 709/2/141 712/2/141 673/2/141 
f 580/2/142 579/2/142 696/2/142 628/2/142 
f 713/2/143 514/2/143 586/2/143 585/2/143 
f 714/2/144 692/2/144 693/2/144 596/2/144 
f 599/2/145 715/2/145 714/2/145 596/2/145 
f 710/2/146 558/2/146 561/2/146 688/2/146 
f 663/2/147 492/2/147 491/2/148 523/2/148 
f 499/2/2 530/2/2 623/2/137 500/2/137 
f 716/2/149 717/2/149 718/2/149 719/2/149 
f 677/2/150 708/2/150 591/2/150 590/2/150 
f 674/2/151 718/2/151 557/2/151 556/2/151 
f 692/2/152 714/2/152 585/2/152 584/2/152 
f 592/2/153 591/2/153 702/2/153 644/2/153 
f 510/2/90 651/2/90 526/2/136 511/2/136 
f 525/2/6 706/2/123 509/2/123 512/2/6 
f 515/2/154 720/2/154 636/2/154 562/2/154 
f 568/2/155 670/2/155 617/2/155 569/2/155 
f 685/2/156 612/2/156 611/2/156 684/2/156 
f 659/2/157 687/2/157 588/2/157 587/2/157 
f 589/2/158 592/2/158 643/2/158 607/2/158 
f 522/2/34 632/2/96 663/2/96 523/2/34 
f 713/2/159 720/2/159 515/2/159 514/2/159 
f 710/2/160 688/2/160 689/2/160 701/2/160 
f 542/2/161 606/2/161 608/2/161 539/2/161 
f 619/2/162 614/2/162 613/2/162 620/2/162 
f 573/2/163 721/2/163 653/2/163 652/2/163 
f 544/2/164 543/2/164 528/2/164 605/2/164 
f 722/2/165 721/2/165 573/2/165 572/2/165 
f 675/2/166 717/2/166 716/2/166 676/2/166 
f 532/2/167 676/2/167 716/2/167 529/2/167 
f 719/2/168 718/2/168 674/2/168 723/2/168 
f 492/2/147 663/2/147 664/2/10 489/2/10 
f 495/2/138 577/2/138 524/2/169 494/2/169 
f 643/2/170 642/2/170 715/2/170 599/2/170 
f 656/2/171 653/2/171 721/2/171 657/2/171 
f 655/2/172 700/2/172 554/2/172 652/2/172 
f 696/2/173 697/2/173 649/2/173 628/2/173 
f 535/2/174 614/2/174 724/2/174 536/2/174 
f 629/2/175 656/2/175 595/2/175 594/2/175 
f 598/2/176 607/2/176 643/2/176 599/2/176 
f 694/2/177 695/2/177 671/2/177 597/2/177 
f 563/2/178 562/2/178 638/2/178 725/2/178 
f 644/2/179 636/2/179 720/2/179 642/2/179 
f 601/2/180 698/2/180 655/2/180 654/2/180 
f 619/2/181 662/2/181 724/2/181 614/2/181 
f 565/2/182 582/2/182 581/2/182 566/2/182 
f 705/2/183 726/2/183 727/2/183 682/2/183 
f 609/2/184 612/2/184 660/2/184 553/2/184 
f 629/2/185 602/2/185 601/2/185 654/2/185 
f 611/2/186 610/2/186 518/2/186 649/2/186 
f 719/2/187 624/2/187 529/2/187 716/2/187 
f 494/2/169 524/2/169 523/2/148 491/2/148 
f 615/2/188 570/2/188 571/2/73 613/2/73 
f 707/2/189 728/2/189 604/2/189 527/2/189 
f 544/2/190 605/2/190 638/2/190 637/2/190 
f 704/2/191 657/2/191 721/2/191 722/2/191 
f 637/2/192 636/2/192 644/2/192 702/2/192 
f 555/2/193 541/2/193 540/2/193 593/2/193 
f 597/2/194 596/2/194 693/2/194 694/2/194 
f 622/2/195 704/2/195 722/2/195 661/2/195 
f 540/2/196 566/2/196 581/2/196 593/2/196 
f 496/2/197 493/2/40 538/2/40 711/2/197 
f 638/2/198 605/2/198 604/2/198 725/2/198 
f 501/2/91 531/2/91 530/2/2 499/2/2 
f 575/2/199 574/2/199 563/2/199 725/2/199 
f 521/2/200 712/2/200 709/2/200 522/2/200 
f 703/2/201 706/2/202 543/2/202 546/2/201 
f 528/2/35 543/2/202 706/2/202 525/2/35 
f 538/2/63 595/2/63 658/2/133 711/2/133 
f 502/2/1 625/2/1 571/2/53 503/2/53 
f 549/2/203 682/2/203 727/2/203 572/2/203 
f 631/2/107 703/2/201 546/2/201 679/2/107 
f 700/2/204 609/2/204 553/2/204 554/2/204 
f 617/2/205 670/2/205 647/2/205 681/2/205 
f 670/2/206 568/2/206 574/2/206 576/2/206 
f 700/2/207 655/2/207 698/2/207 699/2/207 
f 674/2/208 673/2/208 712/2/208 723/2/208 
f 570/2/188 615/2/188 641/2/126 650/2/126 
f 516/2/209 563/2/209 574/2/209 568/2/209 
f 717/2/210 683/2/210 557/2/210 718/2/210 
f 686/2/211 687/2/211 659/2/211 660/2/211 
f 658/2/212 657/2/212 704/2/212 665/2/212 
f 497/2/213 666/2/213 625/2/1 502/2/1 
f 496/2/197 711/2/197 667/2/214 498/2/214 
f 726/2/215 662/2/215 661/2/215 727/2/215 
f 575/2/216 728/2/216 534/2/216 533/2/216 
f 715/2/217 713/2/217 585/2/217 714/2/217 
f 724/2/218 645/2/218 648/2/218 536/2/218 
f 498/2/214 667/2/214 666/2/213 497/2/213 
f 536/2/219 648/2/219 576/2/219 533/2/219 
f 521/2/220 578/2/220 723/2/220 712/2/220 
f 679/2/221 546/2/221 545/2/221 708/2/221 
f 661/2/222 722/2/222 572/2/222 727/2/222 
f 668/2/223 513/2/223 569/2/223 616/2/223 
f 683/2/224 678/2/224 606/2/224 542/2/224 
f 520/2/225 634/2/225 672/2/225 547/2/225 
f 707/2/125 527/2/36 526/2/36 651/2/125 
f 646/2/226 645/2/226 726/2/226 705/2/226 
f 617/2/227 681/2/227 701/2/227 618/2/227 
f 671/2/228 695/2/228 564/2/228 567/2/228 
f 537/2/41 490/2/41 489/2/10 664/2/10 
f 669/2/229 668/2/229 616/2/229 691/2/229 
f 618/2/230 690/2/230 691/2/230 616/2/230 
f 702/2/231 591/2/231 708/2/231 545/2/231 
f 534/2/232 728/2/232 707/2/232 641/2/232 
f 642/2/233 720/2/233 713/2/233 715/2/233 
f 683/2/234 717/2/234 675/2/234 678/2/234 
f 724/2/235 662/2/235 726/2/235 645/2/235 
f 537/2/62 664/2/97 630/2/97 594/2/62 
f 532/2/236 626/2/236 677/2/236 676/2/236 
f 728/2/237 575/2/237 725/2/237 604/2/237 
f 611/2/238 649/2/238 697/2/238 684/2/238 
f 607/2/239 606/2/239 678/2/239 589/2/239 
f 625/2/74 666/2/99 621/2/99 620/2/74 
f 624/2/240 719/2/240 723/2/240 578/2/240 
f 680/2/241 646/2/241 705/2/241 639/2/241 
f 539/2/242 608/2/242 671/2/242 567/2/242 
usemtl Material__27
f 729/463/243 730/153/244 731/156/245 
f 732/464/246 729/463/243 731/156/245 
f 733/465/247 734/199/248 735/198/249 
f 736/466/250 734/199/248 733/465/247 
f 737/467/251 738/176/252 739/174/253 
f 740/468/254 738/176/252 737/467/251 
f 741/469/255 742/470/256 743/471/257 744/472/258 
f 745/473/259 746/474/260 747/475/261 748/476/262 
f 749/477/263 750/478/264 751/479/265 752/480/266 
f 753/481/267 754/482/268 755/483/269 748/476/262 
f 756/484/270 757/485/271 758/486/272 759/487/273 
f 760/488/274 761/489/275 762/490/276 763/491/277 
f 764/492/278 765/493/279 766/494/280 767/495/281 
f 768/496/282 769/497/283 770/498/284 771/499/285 
f 772/168/286 773/500/287 774/501/288 
f 775/166/289 772/168/286 774/501/288 
f 776/502/290 777/503/291 761/489/275 778/504/292 
f 779/505/293 780/506/294 759/487/273 758/486/272 
f 756/484/270 781/507/295 782/508/296 757/485/271 
f 783/509/297 784/510/298 785/511/299 786/512/300 
f 787/513/301 788/514/302 789/515/303 790/516/304 
f 791/517/305 792/159/306 793/157/307 
f 794/518/308 791/517/305 793/157/307 
f 795/519/309 796/520/310 797/521/311 798/522/312 
f 736/466/250 799/200/313 734/199/248 
f 800/523/314 799/200/313 736/466/250 
f 801/524/315 802/525/316 803/526/317 804/527/318 
f 805/528/319 806/529/320 807/160/321 
f 807/160/321 806/529/320 808/158/322 
f 809/530/323 729/463/243 732/464/246 810/531/324 
f 811/532/325 812/533/326 813/534/327 814/535/328 
f 815/536/329 816/537/330 817/538/331 818/539/332 
f 819/540/333 739/174/253 820/171/334 
f 737/467/251 739/174/253 819/540/333 
f 821/541/335 822/542/336 823/543/337 815/536/329 
f 824/544/338 825/545/339 826/546/340 827/547/341 
f 828/548/342 829/549/343 830/550/344 831/551/345 
f 832/552/346 833/553/347 823/543/337 834/554/348 
f 835/555/349 836/556/350 837/557/351 838/558/352 
f 839/559/353 840/560/354 783/509/297 786/512/300 
f 841/561/355 842/562/356 843/563/357 844/564/358 
f 845/565/359 846/566/360 847/567/361 848/568/362 
f 849/569/363 825/545/339 824/544/338 803/526/317 
f 776/502/290 850/570/364 851/571/365 777/503/291 
f 745/473/259 852/572/366 853/573/367 744/472/258 
f 854/192/368 855/574/369 856/575/370 
f 854/192/368 857/194/371 855/574/369 
f 858/576/372 859/577/373 860/578/374 861/579/375 
f 862/580/376 735/198/249 863/195/377 
f 733/465/247 735/198/249 862/580/376 
f 806/529/320 805/528/319 864/581/378 865/582/379 
f 866/583/380 867/584/381 868/585/382 869/586/383 
f 869/586/383 868/585/382 870/587/384 871/588/385 
f 872/589/386 873/590/387 841/561/355 844/564/358 
f 874/591/388 875/155/389 808/158/322 
f 806/529/320 874/591/388 808/158/322 
f 788/514/302 863/195/377 876/193/390 
f 862/580/376 863/195/377 788/514/302 
f 855/574/369 877/592/391 878/593/392 856/575/370 
f 879/594/393 880/595/394 881/596/395 802/525/316 
f 882/597/396 883/598/397 884/599/398 885/600/399 
f 886/601/400 887/602/401 888/603/402 
f 889/604/403 887/602/401 886/601/400 
f 890/605/404 891/178/405 892/182/406 
f 893/606/407 890/605/404 892/182/406 
f 858/576/372 894/607/408 895/608/409 859/577/373 
f 896/609/410 897/180/411 898/179/412 
f 899/610/413 896/609/410 898/179/412 
f 900/611/414 901/612/415 902/613/416 903/614/417 
f 904/615/418 842/562/356 841/561/355 905/616/419 
f 837/557/351 906/617/420 813/534/327 838/558/352 
f 877/592/391 907/618/421 758/486/272 757/485/271 
f 823/543/337 833/553/347 816/537/330 815/536/329 
f 899/610/413 898/179/412 891/178/405 
f 890/605/404 899/610/413 891/178/405 
f 800/523/314 736/466/250 858/576/372 861/579/375 
f 778/504/292 761/489/275 760/488/274 908/619/422 
f 864/581/378 805/528/319 884/599/398 883/598/397 
f 810/531/324 909/620/423 765/493/279 764/492/278 
f 859/577/373 910/621/424 911/622/425 860/578/374 
f 912/623/426 913/624/427 836/556/350 835/555/349 
f 737/467/251 819/540/333 811/532/325 
f 814/535/328 737/467/251 811/532/325 
f 914/625/428 915/626/429 916/627/430 917/628/431 
f 918/629/432 845/565/359 919/630/433 920/631/434 
f 740/468/254 921/175/435 738/176/252 
f 922/632/436 921/175/435 740/468/254 
f 890/605/404 783/509/297 840/560/354 899/610/413 
f 765/493/279 909/620/423 865/582/379 923/633/437 
f 899/610/413 840/560/354 924/634/438 896/609/410 
f 925/635/439 926/636/440 927/637/441 928/638/442 
f 929/639/443 752/480/266 872/589/386 844/564/358 
f 930/640/444 902/613/416 866/583/380 869/586/383 
f 931/641/445 932/642/446 933/643/447 934/644/448 
f 764/492/278 935/645/449 809/530/323 810/531/324 
f 936/646/450 895/608/409 894/607/408 937/647/451 
f 881/596/395 938/648/452 939/649/453 849/569/363 
f 940/163/454 941/650/455 942/651/456 
f 943/161/457 941/650/455 940/163/454 
f 944/652/458 945/653/459 914/625/428 946/654/460 
f 819/540/333 820/171/334 886/601/400 
f 820/171/334 947/169/461 886/601/400 
f 732/464/246 874/591/388 909/620/423 810/531/324 
f 937/647/451 894/607/408 733/465/247 862/580/376 
f 729/463/243 809/530/323 948/655/462 949/656/463 
f 834/554/348 823/543/337 822/542/336 950/657/464 
f 867/584/381 767/495/281 766/494/280 951/658/465 
f 809/530/323 935/645/449 952/659/466 948/655/462 
f 953/184/467 954/660/468 955/661/469 
f 956/185/470 954/660/468 953/184/467 
f 957/662/471 895/608/409 936/646/450 958/663/472 
f 778/504/292 908/619/422 959/664/473 942/651/456 
f 960/665/474 961/666/475 939/649/453 938/648/452 
f 901/612/415 952/659/466 935/645/449 962/667/476 
f 963/668/477 964/669/478 965/670/479 966/671/480 
f 951/658/465 967/672/481 968/673/482 969/674/483 
f 970/675/484 741/469/255 918/629/432 920/631/434 
f 971/676/485 972/677/486 973/678/487 974/679/488 
f 975/680/489 976/681/490 750/478/264 749/477/263 
f 977/682/491 770/498/284 769/497/283 978/683/492 
f 979/684/493 980/685/494 981/686/495 982/687/496 
f 983/688/497 984/689/498 927/637/441 926/636/440 
f 985/690/499 980/685/494 979/684/493 986/691/500 
f 933/643/447 932/642/446 954/660/468 987/692/501 
f 882/597/396 885/600/399 774/501/288 988/693/502 
f 894/607/408 858/576/372 736/466/250 733/465/247 
f 989/694/503 928/638/442 927/637/441 990/695/504 
f 970/675/484 963/668/477 742/470/256 741/469/255 
f 771/499/285 991/696/505 992/697/506 768/496/282 
f 993/698/507 994/196/508 995/197/509 
f 996/699/510 994/196/508 993/698/507 
f 997/700/511 749/477/263 752/480/266 929/639/443 
f 920/631/434 919/630/433 998/701/512 917/628/431 
f 999/702/513 907/618/421 996/699/510 993/698/507 
f 960/665/474 1000/703/514 958/663/472 961/666/475 
f 950/657/464 838/558/352 813/534/327 812/533/326 
f 968/673/482 1001/704/515 1002/705/516 969/674/483 
f 1003/706/517 1004/181/518 1005/177/519 
f 1006/707/520 1003/706/517 1005/177/519 
f 1007/708/521 1008/709/522 754/482/268 
f 753/481/267 1007/708/521 754/482/268 
f 974/679/488 964/669/478 916/627/430 915/626/429 
f 963/668/477 970/675/484 916/627/430 964/669/478 
f 794/518/308 793/157/307 1009/154/523 
f 949/656/463 794/518/308 1009/154/523 
f 1010/189/524 1011/710/525 789/515/303 
f 1012/191/526 1010/189/524 789/515/303 
f 812/533/326 1013/711/527 834/554/348 950/657/464 
f 1006/707/520 843/563/357 1003/706/517 
f 1014/712/528 843/563/357 1006/707/520 
f 1015/713/529 1016/714/530 990/695/504 1017/715/531 
f 1018/716/532 847/567/361 846/566/360 1019/717/533 
f 762/490/276 1020/718/534 1021/719/535 763/491/277 
f 1022/720/536 740/468/254 737/467/251 814/535/328 
f 766/494/280 1023/721/537 967/672/481 951/658/465 
f 1024/722/538 939/649/453 961/666/475 1025/723/539 
f 770/498/284 871/588/385 870/587/384 771/499/285 
f 745/473/259 748/476/262 755/483/269 852/572/366 
f 893/606/407 892/182/406 953/184/467 
f 955/661/469 893/606/407 953/184/467 
f 787/513/301 937/647/451 862/580/376 788/514/302 
f 879/594/393 802/525/316 801/524/315 1026/724/540 
f 732/464/246 731/156/245 875/155/389 
f 874/591/388 732/464/246 875/155/389 
f 1027/725/541 1018/716/532 1019/717/533 1028/726/542 
f 840/560/354 839/559/353 997/700/511 924/634/438 
f 1029/727/543 1030/728/544 851/571/365 850/570/364 
f 1006/707/520 1005/177/519 897/180/411 
f 896/609/410 1006/707/520 897/180/411 
f 1031/729/545 831/551/345 830/550/344 1032/730/546 
f 806/529/320 865/582/379 909/620/423 874/591/388 
f 1033/731/547 1034/732/548 968/673/482 967/672/481 
f 1035/187/549 1036/733/550 987/692/501 
f 1037/190/551 1036/733/550 1035/187/549 
f 962/667/476 866/583/380 902/613/416 901/612/415 
f 916/627/430 970/675/484 920/631/434 917/628/431 
f 908/619/422 887/602/401 889/604/403 959/664/473 
f 758/486/272 907/618/421 999/702/513 779/505/293 
f 1024/722/538 825/545/339 849/569/363 939/649/453 
f 900/611/414 1030/728/544 952/659/466 901/612/415 
f 985/690/499 1038/734/552 781/507/295 980/685/494 
f 1039/162/553 884/599/398 805/528/319 
f 1039/162/553 805/528/319 807/160/321 
f 784/510/298 1040/735/554 1041/736/555 785/511/299 
f 951/658/465 969/674/483 868/585/382 867/584/381 
f 798/522/312 797/521/311 960/665/474 938/648/452 
f 907/618/421 877/592/391 855/574/369 996/699/510 
f 947/169/461 889/604/403 886/601/400 
f 947/169/461 1042/167/556 889/604/403 
f 1043/737/557 1044/738/558 1045/739/559 1046/740/560 
f 878/593/392 1047/741/396 1036/733/550 856/575/370 
f 851/571/365 1048/742/561 1049/743/562 777/503/291 
f 1021/719/535 1020/718/534 1050/744/563 1051/745/564 
f 824/544/338 905/616/419 804/527/318 803/526/317 
f 988/693/502 1052/746/565 1016/714/530 882/597/396 
f 887/602/401 908/619/422 760/488/274 1053/747/566 
f 829/549/343 913/624/427 912/623/426 830/550/344 
f 1054/748/567 1055/749/568 873/590/387 872/589/386 
f 958/663/472 936/646/450 1025/723/539 961/666/475 
f 1056/750/569 986/691/500 979/684/493 1057/751/570 
f 914/625/428 945/653/459 1058/752/571 915/626/429 
f 1013/711/527 1053/747/566 832/552/346 834/554/348 
f 997/700/511 929/639/443 1014/712/528 924/634/438 
f 801/524/315 1055/749/568 1059/753/572 1026/724/540 
f 866/583/380 962/667/476 767/495/281 867/584/381 
f 1060/754/573 782/508/296 781/507/295 1038/734/552 
f 972/677/486 1038/734/552 985/690/499 973/678/487 
f 797/521/311 796/520/310 1061/755/574 1062/756/575 
f 831/551/345 1031/729/545 1054/748/567 751/479/265 
f 944/652/458 786/512/300 785/511/299 945/653/459 
f 817/538/331 1026/724/540 1059/753/572 818/539/332 
f 943/161/457 791/517/305 941/650/455 
f 792/159/306 791/517/305 943/161/457 
f 1044/738/558 1049/743/562 1048/742/561 1045/739/559 
f 1063/757/576 930/640/444 1064/758/577 1061/755/574 
f 1000/703/514 978/683/492 957/662/471 958/663/472 
f 768/496/282 992/697/506 780/506/294 911/622/425 
f 986/691/500 965/670/479 973/678/487 985/690/499 
f 1051/745/564 1050/744/563 1065/759/578 1066/760/579 
f 890/605/404 893/606/407 784/510/298 783/509/297 
f 1067/165/580 942/651/456 959/664/473 
f 940/163/454 942/651/456 1067/165/580 
f 931/641/445 971/676/485 1058/752/571 1041/736/555 
f 968/673/482 1034/732/548 1068/761/581 1001/704/515 
f 817/538/331 1066/760/579 879/594/393 1026/724/540 
f 923/633/437 1069/762/582 1070/763/583 1023/721/537 
f 1071/186/584 1072/764/585 1073/765/586 
f 1071/186/584 1073/765/586 1074/188/587 
f 848/568/362 913/624/427 829/549/343 1075/766/588 
f 849/569/363 803/526/317 802/525/316 881/596/395 
f 964/669/478 974/679/488 973/678/487 965/670/479 
f 930/640/444 1063/757/576 903/614/417 902/613/416 
f 979/684/493 982/687/496 1068/761/581 1057/751/570 
f 757/485/271 782/508/296 878/593/392 877/592/391 
f 1001/704/515 1068/761/581 982/687/496 1076/767/589 
f 1077/768/590 842/562/356 904/615/418 
f 1072/764/585 1077/768/590 904/615/418 
f 812/533/326 811/532/325 888/603/402 1013/711/527 
f 836/556/350 913/624/427 848/568/362 847/567/361 
f 1051/745/564 816/537/330 833/553/347 1021/719/535 
f 1078/183/591 1077/768/590 1072/764/585 
f 1078/183/591 1072/764/585 1071/186/584 
f 1079/164/592 885/600/399 884/599/398 
f 1079/164/592 884/599/398 1039/162/553 
f 852/572/366 1019/717/533 846/566/360 853/573/367 
f 1012/191/526 789/515/303 788/514/302 
f 876/193/390 1012/191/526 788/514/302 
f 937/647/451 787/513/301 1025/723/539 936/646/450 
f 976/681/490 946/654/460 998/701/512 1080/769/593 
f 1000/703/514 1062/756/575 977/682/491 978/683/492 
f 1076/767/589 991/696/505 1002/705/516 1001/704/515 
f 1043/737/557 1050/744/563 1020/718/534 1044/738/558 
f 914/625/428 917/628/431 998/701/512 946/654/460 
f 1042/167/556 959/664/473 889/604/403 
f 1042/167/556 1067/165/580 959/664/473 
f 975/680/489 944/652/458 946/654/460 976/681/490 
f 948/655/462 952/659/466 1030/728/544 1029/727/543 
f 751/479/265 1054/748/567 872/589/386 752/480/266 
f 1022/720/536 906/617/420 1027/725/541 1081/770/594 
f 745/473/259 744/472/258 743/471/257 746/474/260 
f 1080/769/593 828/548/342 750/478/264 976/681/490 
f 910/621/424 769/497/283 768/496/282 911/622/425 
f 965/670/479 986/691/500 1056/750/569 966/671/480 
f 1008/709/522 1082/170/595 1083/172/596 
f 1007/708/521 1082/170/595 1008/709/522 
f 1027/725/541 906/617/420 837/557/351 1018/716/532 
f 821/541/335 912/623/426 835/555/349 822/542/336 
f 1002/705/516 870/587/384 868/585/382 969/674/483 
f 756/484/270 981/686/495 980/685/494 781/507/295 
f 1063/757/576 1046/740/560 1045/739/559 903/614/417 
f 853/573/367 846/566/360 845/565/359 918/629/432 
f 766/494/280 765/493/279 923/633/437 1023/721/537 
f 926/636/440 925/635/439 966/671/480 1056/750/569 
f 1058/752/571 945/653/459 785/511/299 1041/736/555 
f 983/688/497 1034/732/548 1033/731/547 984/689/498 
f 767/495/281 962/667/476 935/645/449 764/492/278 
f 744/472/258 853/573/367 918/629/432 741/469/255 
f 948/655/462 1029/727/543 794/518/308 949/656/463 
f 1080/769/593 1075/766/588 829/549/343 828/548/342 
f 967/672/481 1023/721/537 1070/763/583 1033/731/547 
f 1031/729/545 1059/753/572 1055/749/568 1054/748/567 
f 1069/762/582 1015/713/529 1017/715/531 1070/763/583 
f 775/166/289 774/501/288 885/600/399 
f 1079/164/592 775/166/289 885/600/399 
f 925/635/439 928/638/442 743/471/257 742/470/256 
f 981/686/495 1084/771/597 1076/767/589 982/687/496 
f 1085/772/598 1081/770/594 1027/725/541 1028/726/542 
f 754/482/268 1085/772/598 1028/726/542 755/483/269 
f 1086/773/599 1083/172/596 1087/173/600 
f 1008/709/522 1083/172/596 1086/773/599 
f 1037/190/551 856/575/370 1036/733/550 
f 1037/190/551 854/192/368 856/575/370 
f 789/515/303 1011/710/525 826/546/340 790/516/304 
f 1086/773/599 1085/772/598 754/482/268 1008/709/522 
f 989/694/503 1052/746/565 747/475/261 746/474/260 
f 786/512/300 944/652/458 975/680/489 839/559/353 
f 777/503/291 1049/743/562 762/490/276 761/489/275 
f 747/475/261 1088/774/601 753/481/267 748/476/262 
f 796/520/310 1046/740/560 1063/757/576 1061/755/574 
f 919/630/433 1075/766/588 1080/769/593 998/701/512 
f 1066/760/579 1065/759/578 880/595/394 879/594/393 
f 778/504/292 942/651/456 941/650/455 776/502/290 
f 882/597/396 1016/714/530 1015/713/529 883/598/397 
f 881/596/395 880/595/394 798/522/312 938/648/452 
f 817/538/331 816/537/330 1051/745/564 1066/760/579 
f 838/558/352 950/657/464 822/542/336 835/555/349 
f 871/588/385 1064/758/577 930/640/444 869/586/383 
f 769/497/283 910/621/424 957/662/471 978/683/492 
f 992/697/506 1084/771/597 759/487/273 780/506/294 
f 903/614/417 1045/739/559 1048/742/561 900/611/414 
f 1041/736/555 1040/735/554 932/642/446 931/641/445 
f 818/539/332 1032/730/546 821/541/335 815/536/329 
f 955/661/469 784/510/298 893/606/407 
f 1040/735/554 784/510/298 955/661/469 
f 974/679/488 915/626/429 1058/752/571 971/676/485 
f 1003/706/517 1077/768/590 1004/181/518 
f 1004/181/518 1077/768/590 1078/183/591 
f 924/634/438 1014/712/528 1006/707/520 896/609/410 
f 1082/170/595 1007/708/521 773/500/287 
f 772/168/286 1082/170/595 773/500/287 
f 989/694/503 990/695/504 1016/714/530 1052/746/565 
f 833/553/347 832/552/346 763/491/277 1021/719/535 
f 888/603/402 887/602/401 1053/747/566 1013/711/527 
f 797/521/311 1062/756/575 1000/703/514 960/665/474 
f 848/568/362 1075/766/588 919/630/433 845/565/359 
f 955/661/469 932/642/446 1040/735/554 
f 954/660/468 932/642/446 955/661/469 
f 900/611/414 1048/742/561 851/571/365 1030/728/544 
f 861/579/375 999/702/513 993/698/507 800/523/314 
f 929/639/443 844/564/358 843/563/357 1014/712/528 
f 1052/746/565 988/693/502 1088/774/601 747/475/261 
f 760/488/274 763/491/277 832/552/346 1053/747/566 
f 859/577/373 895/608/409 957/662/471 910/621/424 
f 956/185/470 987/692/501 954/660/468 
f 1035/187/549 987/692/501 956/185/470 
f 1057/751/570 1068/761/581 1034/732/548 983/688/497 
f 790/516/304 826/546/340 825/545/339 1024/722/538 
f 1064/758/577 871/588/385 770/498/284 977/682/491 
f 755/483/269 1028/726/542 1019/717/533 852/572/366 
f 843/563/357 842/562/356 1003/706/517 
f 1003/706/517 842/562/356 1077/768/590 
f 831/551/345 751/479/265 750/478/264 828/548/342 
f 905/616/419 841/561/355 873/590/387 804/527/318 
f 1038/734/552 972/677/486 934/644/448 1060/754/573 
f 999/702/513 861/579/375 860/578/374 779/505/293 
f 839/559/353 975/680/489 749/477/263 997/700/511 
f 1072/764/585 904/615/418 827/547/341 1073/765/586 
f 933/643/447 1047/741/396 1060/754/573 934/644/448 
f 798/522/312 880/595/394 1065/759/578 795/519/309 
f 1050/744/563 1043/737/557 795/519/309 1065/759/578 
f 1074/188/587 1073/765/586 1011/710/525 
f 1010/189/524 1074/188/587 1011/710/525 
f 923/633/437 865/582/379 864/581/378 1069/762/582 
f 922/632/436 1081/770/594 1085/772/598 1086/773/599 
f 928/638/442 989/694/503 746/474/260 743/471/257 
f 933/643/447 987/692/501 1036/733/550 1047/741/396 
f 949/656/463 1009/154/523 730/153/244 
f 729/463/243 949/656/463 730/153/244 
f 1057/751/570 983/688/497 926/636/440 1056/750/569 
f 1062/756/575 1061/755/574 1064/758/577 977/682/491 
f 1002/705/516 991/696/505 771/499/285 870/587/384 
f 800/523/314 995/197/509 799/200/313 
f 993/698/507 995/197/509 800/523/314 
f 922/632/436 1087/173/600 921/175/435 
f 1086/773/599 1087/173/600 922/632/436 
f 1047/741/396 878/593/392 782/508/296 1060/754/573 
f 1007/708/521 753/481/267 1088/774/601 
f 773/500/287 1007/708/521 1088/774/601 
f 787/513/301 790/516/304 1024/722/538 1025/723/539 
f 794/518/308 1029/727/543 850/570/364 791/517/305 
f 759/487/273 1084/771/597 981/686/495 756/484/270 
f 1017/715/531 984/689/498 1033/731/547 1070/763/583 
f 795/519/309 1043/737/557 1046/740/560 796/520/310 
f 1022/720/536 1081/770/594 922/632/436 740/468/254 
f 776/502/290 941/650/455 791/517/305 850/570/364 
f 762/490/276 1049/743/562 1044/738/558 1020/718/534 
f 813/534/327 906/617/420 1022/720/536 814/535/328 
f 827/547/341 826/546/340 1011/710/525 1073/765/586 
f 811/532/325 819/540/333 888/603/402 
f 819/540/333 886/601/400 888/603/402 
f 773/500/287 1088/774/601 988/693/502 774/501/288 
f 984/689/498 1017/715/531 990/695/504 927/637/441 
f 847/567/361 1018/716/532 837/557/351 836/556/350 
f 855/574/369 857/194/371 996/699/510 
f 857/194/371 994/196/508 996/699/510 
f 742/470/256 963/668/477 966/671/480 925/635/439 
f 779/505/293 860/578/374 911/622/425 780/506/294 
f 972/677/486 971/676/485 931/641/445 934/644/448 
f 821/541/335 1032/730/546 830/550/344 912/623/426 
f 804/527/318 873/590/387 1055/749/568 801/524/315 
f 883/598/397 1015/713/529 1069/762/582 864/581/378 
f 824/544/338 827/547/341 904/615/418 905/616/419 
f 1032/730/546 818/539/332 1059/753/572 1031/729/545 
f 991/696/505 1076/767/589 1084/771/597 992/697/506 
usemtl Material__28
f 1089/2/19 1090/2/19 1091/2/19 1092/2/19 
f 1093/2/19 1092/2/19 1091/2/19 1094/2/19 
f 1093/2/19 1094/2/19 1095/2/19 1096/2/19 
f 1096/2/19 1095/2/19 1097/2/19 1098/2/19 
f 1098/2/19 1097/2/19 1099/2/19 1100/2/19 
f 1100/2/19 1099/2/19 1101/2/19 1102/2/19 
f 1102/2/19 1101/2/19 1103/2/19 1104/2/19 
f 1104/2/19 1103/2/19 1105/2/19 1106/2/19 
f 1106/2/19 1105/2/19 1107/2/19 1108/2/19 
f 1109/2/19 1108/2/19 1107/2/19 1110/2/19 
f 1111/2/19 1109/2/19 1110/2/19 1112/2/19 
f 1113/2/3 1114/2/3 1115/2/3 1116/2/3 
f 1117/2/3 1118/2/3 1115/2/3 1114/2/3 
f 1119/2/3 1118/2/3 1117/2/3 1120/2/3 
f 1121/2/3 1119/2/3 1120/2/3 1122/2/3 
f 1119/2/3 1121/2/3 1123/2/3 1124/2/3 
f 1125/2/3 1123/2/3 1121/2/3 1126/2/3 
f 1126/2/3 1127/2/3 1128/2/3 1125/2/3 
f 1129/2/3 1128/2/3 1127/2/3 1130/2/3 
f 1128/2/3 1129/2/3 1131/2/3 1132/2/3 
f 1133/2/3 1131/2/3 1129/2/3 1134/2/3 
f 1134/2/3 1135/2/3 1136/2/3 1133/2/3 
f 1137/2/602 1138/2/602 1139/2/602 1140/2/602 
f 1141/2/603 1142/2/603 1143/2/603 1144/2/603 
f 1145/2/604 1146/2/605 1147/2/605 1148/2/604 
f 1149/2/606 1150/2/607 1151/2/607 1152/2/606 
f 1153/2/608 1154/2/608 1155/2/609 1156/2/609 
f 1157/2/610 1158/2/610 1159/2/610 1160/2/610 
f 1117/2/148 1114/2/147 1161/2/147 1162/2/148 
f 1163/2/611 1164/2/611 1165/2/611 1166/2/611 
f 1167/2/612 1168/2/612 1169/2/612 1170/2/612 
f 1144/2/613 1171/2/613 1172/2/613 1141/2/613 
f 1173/2/614 1174/2/614 1175/2/614 1176/2/614 
f 1177/2/615 1175/2/615 1174/2/615 1178/2/615 
f 1179/2/616 1180/2/616 1181/2/616 1165/2/616 
f 1182/2/617 1183/2/617 1184/2/617 1185/2/617 
f 1186/2/618 1187/2/618 1140/2/618 1139/2/618 
f 1188/2/619 1189/2/619 1190/2/619 1191/2/619 
f 1140/2/620 1192/2/620 1193/2/620 1137/2/620 
f 1194/2/79 1130/2/79 1127/2/91 1195/2/91 
f 1174/2/621 1173/2/621 1196/2/621 1197/2/621 
f 1198/2/622 1199/2/622 1157/2/622 1200/2/622 
f 1148/2/604 1201/2/623 1202/2/623 1145/2/604 
f 1203/2/624 1204/2/624 1205/2/624 1206/2/624 
f 1207/2/625 1208/2/625 1209/2/625 1210/2/625 
f 1211/2/626 1212/2/626 1184/2/626 1183/2/626 
f 1213/2/627 1214/2/627 1215/2/627 1216/2/627 
f 1171/2/628 1179/2/628 1217/2/628 1172/2/628 
f 1161/2/629 1218/2/629 1219/2/630 1162/2/630 
f 1220/2/631 1221/2/631 1222/2/631 1223/2/631 
f 1224/2/632 1225/2/632 1226/2/632 1227/2/632 
f 1152/2/633 1151/2/633 1228/2/633 1229/2/633 
f 1230/2/634 1231/2/634 1222/2/634 1232/2/634 
f 1233/2/635 1234/2/635 1235/2/635 1236/2/635 
f 1237/2/636 1238/2/636 1159/2/636 1239/2/636 
f 1240/2/637 1193/2/637 1241/2/637 1242/2/637 
f 1243/2/638 1244/2/638 1245/2/638 1246/2/638 
f 1201/2/623 1247/2/639 1248/2/639 1202/2/623 
f 1195/2/640 1249/2/641 1244/2/641 1237/2/640 
f 1250/2/642 1156/2/609 1155/2/609 1251/2/642 
f 1172/2/643 1204/2/643 1252/2/643 1141/2/643 
f 1226/2/644 1253/2/644 1218/2/644 1254/2/644 
f 1255/2/89 1251/2/52 1128/2/52 1132/2/89 
f 1254/2/645 1256/2/645 1227/2/645 1226/2/645 
f 1257/2/646 1258/2/646 1259/2/646 1224/2/646 
f 1260/2/647 1261/2/647 1262/2/647 1186/2/647 
f 1182/2/648 1263/2/648 1264/2/648 1183/2/648 
f 1158/2/649 1265/2/649 1239/2/649 1159/2/649 
f 1144/2/650 1143/2/650 1259/2/650 1258/2/650 
f 1266/2/651 1267/2/651 1216/2/651 1268/2/651 
f 1269/2/652 1270/2/652 1271/2/652 1272/2/652 
f 1141/2/653 1252/2/653 1273/2/653 1142/2/653 
f 1129/2/78 1274/2/78 1275/2/118 1134/2/118 
f 1128/2/52 1251/2/52 1155/2/53 1125/2/53 
f 1276/2/654 1277/2/654 1278/2/654 1279/2/654 
f 1280/2/655 1281/2/655 1282/2/655 1219/2/655 
f 1283/2/656 1175/2/656 1177/2/656 1284/2/656 
f 1246/2/657 1285/2/657 1286/2/657 1243/2/657 
f 1287/2/658 1256/2/658 1254/2/659 1288/2/659 
f 1289/2/660 1245/2/661 1290/2/661 1291/2/660 
f 1153/2/608 1248/2/639 1247/2/639 1154/2/608 
f 1210/2/662 1292/2/662 1293/2/662 1207/2/662 
f 1294/2/663 1200/2/663 1272/2/663 1271/2/663 
f 1295/2/664 1232/2/664 1222/2/664 1221/2/664 
f 1164/2/665 1163/2/665 1191/2/665 1190/2/665 
f 1296/2/666 1297/2/666 1298/2/666 1180/2/666 
f 1299/2/667 1300/2/667 1301/2/667 1214/2/667 
f 1213/2/668 1302/2/668 1299/2/668 1214/2/668 
f 1255/2/669 1303/2/669 1250/2/642 1251/2/642 
f 1304/2/670 1305/2/670 1271/2/670 1270/2/670 
f 1175/2/671 1283/2/671 1211/2/671 1176/2/671 
f 1176/2/672 1264/2/672 1306/2/672 1173/2/672 
f 1166/2/673 1165/2/673 1181/2/673 1307/2/673 
f 1308/2/19 1090/2/19 1089/2/19 1309/2/19 
f 1310/2/19 1309/2/19 1089/2/19 1092/2/19 
f 1311/2/19 1310/2/19 1092/2/19 1093/2/19 
f 1212/2/19 1311/2/19 1093/2/19 1096/2/19 
f 1212/2/19 1096/2/19 1098/2/19 1184/2/19 
f 1100/2/19 1185/2/19 1184/2/19 1098/2/19 
f 1102/2/19 1312/2/19 1185/2/19 1100/2/19 
f 1312/2/19 1102/2/19 1104/2/19 1313/2/19 
f 1313/2/19 1104/2/19 1106/2/19 1314/2/19 
f 1106/2/19 1108/2/19 1315/2/19 1314/2/19 
f 1109/2/19 1293/2/19 1315/2/19 1108/2/19 
f 1109/2/19 1111/2/19 1207/2/19 1293/2/19 
f 1207/2/19 1111/2/19 1112/2/19 1208/2/19 
f 1112/2/19 1110/2/19 1316/2/19 1208/2/19 
f 1316/2/19 1110/2/19 1107/2/19 1317/2/19 
f 1318/2/19 1317/2/19 1107/2/19 1105/2/19 
f 1319/2/19 1318/2/19 1105/2/19 1103/2/19 
f 1103/2/19 1101/2/19 1188/2/19 1319/2/19 
f 1188/2/19 1101/2/19 1099/2/19 1189/2/19 
f 1206/2/19 1189/2/19 1099/2/19 1097/2/19 
f 1206/2/19 1097/2/19 1095/2/19 1203/2/19 
f 1203/2/19 1095/2/19 1094/2/19 1320/2/19 
f 1320/2/19 1094/2/19 1091/2/19 1321/2/19 
f 1308/2/19 1321/2/19 1091/2/19 1090/2/19 
f 1322/2/674 1259/2/674 1143/2/674 1323/2/674 
f 1233/2/675 1324/2/675 1323/2/675 1234/2/675 
f 1253/2/676 1278/2/676 1277/2/676 1280/2/676 
f 1225/2/677 1224/2/677 1259/2/677 1322/2/677 
f 1242/2/678 1325/2/678 1313/2/678 1314/2/678 
f 1261/2/679 1326/2/679 1169/2/679 1168/2/679 
f 1131/2/90 1327/2/90 1255/2/89 1132/2/89 
f 1246/2/680 1245/2/680 1289/2/680 1328/2/680 
f 1258/2/681 1257/2/681 1297/2/681 1296/2/681 
f 1211/2/682 1183/2/682 1264/2/682 1176/2/682 
f 1263/2/683 1329/2/683 1306/2/683 1264/2/683 
f 1130/2/79 1194/2/79 1274/2/78 1129/2/78 
f 1330/2/136 1327/2/90 1131/2/90 1133/2/136 
f 1276/2/684 1178/2/684 1174/2/684 1197/2/684 
f 1331/2/685 1275/2/685 1274/2/686 1265/2/686 
f 1171/2/687 1296/2/687 1180/2/687 1179/2/687 
f 1250/2/688 1303/2/688 1332/2/688 1301/2/688 
f 1256/2/689 1146/2/689 1333/2/689 1227/2/689 
f 1310/2/690 1284/2/690 1236/2/690 1309/2/690 
f 1257/2/691 1224/2/691 1227/2/691 1333/2/691 
f 1304/2/692 1334/2/692 1325/2/692 1305/2/692 
f 1289/2/660 1291/2/660 1335/2/693 1282/2/693 
f 1142/2/694 1234/2/694 1323/2/694 1143/2/694 
f 1172/2/695 1217/2/695 1205/2/695 1204/2/695 
f 1135/2/123 1150/2/123 1149/2/6 1136/2/6 
f 1124/2/696 1247/2/696 1201/2/697 1119/2/697 
f 1182/2/698 1334/2/698 1304/2/698 1263/2/698 
f 1137/2/699 1292/2/699 1210/2/699 1138/2/699 
f 1257/2/700 1333/2/700 1336/2/700 1297/2/700 
f 1204/2/701 1203/2/701 1320/2/701 1252/2/701 
f 1337/2/702 1138/2/702 1210/2/702 1209/2/702 
f 1338/2/703 1316/2/703 1317/2/703 1220/2/703 
f 1223/2/704 1339/2/704 1338/2/704 1220/2/704 
f 1334/2/705 1182/2/705 1185/2/705 1312/2/705 
f 1287/2/41 1116/2/41 1115/2/40 1147/2/40 
f 1123/2/1 1154/2/1 1247/2/696 1124/2/696 
f 1340/2/706 1341/2/706 1342/2/706 1343/2/706 
f 1301/2/707 1332/2/707 1215/2/707 1214/2/707 
f 1298/2/708 1342/2/708 1181/2/708 1180/2/708 
f 1316/2/709 1338/2/709 1209/2/709 1208/2/709 
f 1216/2/710 1215/2/710 1326/2/710 1268/2/710 
f 1134/2/118 1275/2/118 1150/2/123 1135/2/123 
f 1149/2/6 1330/2/136 1133/2/136 1136/2/6 
f 1139/2/711 1344/2/711 1260/2/711 1186/2/711 
f 1192/2/712 1294/2/712 1241/2/712 1193/2/712 
f 1309/2/713 1236/2/713 1235/2/713 1308/2/713 
f 1283/2/714 1311/2/714 1212/2/714 1211/2/714 
f 1213/2/715 1216/2/715 1267/2/715 1231/2/715 
f 1146/2/605 1256/2/658 1287/2/658 1147/2/605 
f 1337/2/716 1344/2/716 1139/2/716 1138/2/716 
f 1334/2/717 1312/2/717 1313/2/717 1325/2/717 
f 1166/2/718 1230/2/718 1232/2/718 1163/2/718 
f 1243/2/719 1238/2/719 1237/2/719 1244/2/719 
f 1197/2/720 1345/2/720 1277/2/720 1276/2/720 
f 1168/2/721 1167/2/721 1152/2/721 1229/2/721 
f 1346/2/722 1345/2/722 1197/2/722 1196/2/722 
f 1299/2/723 1341/2/723 1340/2/723 1300/2/723 
f 1156/2/724 1300/2/724 1340/2/724 1153/2/724 
f 1343/2/725 1342/2/725 1298/2/725 1347/2/725 
f 1116/2/41 1287/2/41 1288/2/10 1113/2/10 
f 1119/2/697 1201/2/697 1148/2/197 1118/2/197 
f 1267/2/726 1266/2/726 1339/2/726 1223/2/726 
f 1280/2/727 1277/2/727 1345/2/727 1281/2/727 
f 1279/2/728 1324/2/728 1178/2/728 1276/2/728 
f 1320/2/729 1321/2/729 1273/2/729 1252/2/729 
f 1159/2/730 1238/2/730 1348/2/730 1160/2/730 
f 1253/2/731 1280/2/731 1219/2/731 1218/2/731 
f 1222/2/732 1231/2/732 1267/2/732 1223/2/732 
f 1318/2/733 1319/2/733 1295/2/733 1221/2/733 
f 1187/2/734 1186/2/734 1262/2/734 1349/2/734 
f 1268/2/735 1260/2/735 1344/2/735 1266/2/735 
f 1225/2/736 1322/2/736 1279/2/736 1278/2/736 
f 1243/2/737 1286/2/737 1348/2/737 1238/2/737 
f 1189/2/738 1206/2/738 1205/2/738 1190/2/738 
f 1329/2/739 1350/2/739 1351/2/739 1306/2/739 
f 1233/2/740 1236/2/740 1284/2/740 1177/2/740 
f 1253/2/741 1226/2/741 1225/2/741 1278/2/741 
f 1235/2/742 1234/2/742 1142/2/742 1273/2/742 
f 1343/2/743 1248/2/743 1153/2/743 1340/2/743 
f 1118/2/197 1148/2/197 1147/2/40 1115/2/40 
f 1239/2/744 1194/2/744 1195/2/640 1237/2/640 
f 1331/2/745 1352/2/745 1228/2/745 1151/2/745 
f 1168/2/746 1229/2/746 1262/2/746 1261/2/746 
f 1328/2/747 1281/2/747 1345/2/747 1346/2/747 
f 1261/2/748 1260/2/748 1268/2/748 1326/2/748 
f 1179/2/749 1165/2/749 1164/2/749 1217/2/749 
f 1221/2/750 1220/2/750 1317/2/750 1318/2/750 
f 1246/2/751 1328/2/751 1346/2/751 1285/2/751 
f 1164/2/752 1190/2/752 1205/2/752 1217/2/752 
f 1120/2/169 1117/2/148 1162/2/148 1335/2/169 
f 1262/2/753 1229/2/753 1228/2/753 1349/2/753 
f 1125/2/53 1155/2/53 1154/2/1 1123/2/1 
f 1199/2/754 1198/2/754 1187/2/754 1349/2/754 
f 1145/2/755 1336/2/755 1333/2/755 1146/2/755 
f 1327/2/756 1330/2/757 1167/2/757 1170/2/756 
f 1152/2/606 1167/2/757 1330/2/757 1149/2/606 
f 1162/2/630 1219/2/630 1282/2/693 1335/2/693 
f 1126/2/2 1249/2/2 1195/2/91 1127/2/91 
f 1173/2/758 1306/2/758 1351/2/758 1196/2/758 
f 1255/2/669 1327/2/756 1170/2/756 1303/2/669 
f 1324/2/759 1233/2/759 1177/2/759 1178/2/759 
f 1241/2/760 1294/2/760 1271/2/760 1305/2/760 
f 1294/2/761 1192/2/761 1198/2/761 1200/2/761 
f 1324/2/762 1279/2/762 1322/2/762 1323/2/762 
f 1298/2/763 1297/2/763 1336/2/763 1347/2/763 
f 1194/2/744 1239/2/744 1265/2/686 1274/2/686 
f 1140/2/764 1187/2/764 1198/2/764 1192/2/764 
f 1341/2/765 1307/2/765 1181/2/765 1342/2/765 
f 1310/2/766 1311/2/766 1283/2/766 1284/2/766 
f 1282/2/767 1281/2/767 1328/2/767 1289/2/767 
f 1121/2/137 1290/2/137 1249/2/2 1126/2/2 
f 1120/2/169 1335/2/169 1291/2/138 1122/2/138 
f 1350/2/768 1286/2/768 1285/2/768 1351/2/768 
f 1199/2/769 1352/2/769 1158/2/769 1157/2/769 
f 1339/2/770 1337/2/770 1209/2/770 1338/2/770 
f 1348/2/771 1269/2/771 1272/2/771 1160/2/771 
f 1122/2/138 1291/2/138 1290/2/137 1121/2/137 
f 1160/2/772 1272/2/772 1200/2/772 1157/2/772 
f 1145/2/773 1202/2/773 1347/2/773 1336/2/773 
f 1303/2/774 1170/2/774 1169/2/774 1332/2/774 
f 1285/2/775 1346/2/775 1196/2/775 1351/2/775 
f 1292/2/776 1137/2/776 1193/2/776 1240/2/776 
f 1307/2/777 1302/2/777 1230/2/777 1166/2/777 
f 1144/2/778 1258/2/778 1296/2/778 1171/2/778 
f 1331/2/685 1151/2/607 1150/2/607 1275/2/685 
f 1270/2/779 1269/2/779 1350/2/779 1329/2/779 
f 1241/2/780 1305/2/780 1325/2/780 1242/2/780 
f 1295/2/781 1319/2/781 1188/2/781 1191/2/781 
f 1161/2/147 1114/2/147 1113/2/10 1288/2/10 
f 1293/2/782 1292/2/782 1240/2/782 1315/2/782 
f 1242/2/783 1314/2/783 1315/2/783 1240/2/783 
f 1326/2/784 1215/2/784 1332/2/784 1169/2/784 
f 1158/2/785 1352/2/785 1331/2/785 1265/2/785 
f 1266/2/786 1344/2/786 1337/2/786 1339/2/786 
f 1307/2/787 1341/2/787 1299/2/787 1302/2/787 
f 1348/2/788 1286/2/788 1350/2/788 1269/2/788 
f 1161/2/629 1288/2/659 1254/2/659 1218/2/629 
f 1156/2/789 1250/2/789 1301/2/789 1300/2/789 
f 1352/2/790 1199/2/790 1349/2/790 1228/2/790 
f 1235/2/791 1273/2/791 1321/2/791 1308/2/791 
f 1231/2/792 1230/2/792 1302/2/792 1213/2/792 
f 1249/2/641 1290/2/661 1245/2/661 1244/2/641 
f 1248/2/793 1343/2/793 1347/2/793 1202/2/793 
f 1304/2/794 1270/2/794 1329/2/794 1263/2/794 
f 1163/2/795 1232/2/795 1295/2/795 1191/2/795 
usemtl Material__27
f 1353/775/243 1354/105/244 1355/108/245 
f 1356/776/246 1353/775/243 1355/108/245 
f 1357/777/247 1358/151/248 1359/150/249 
f 1360/778/250 1358/151/248 1357/777/247 
f 1361/779/251 1362/128/252 1363/126/253 
f 1364/780/254 1362/128/252 1361/779/251 
f 1365/781/255 1366/782/256 1367/783/257 1368/784/258 
f 1369/785/259 1370/786/260 1371/787/261 1372/788/262 
f 1373/789/263 1374/790/264 1375/791/265 1376/792/266 
f 1377/793/267 1378/794/268 1379/795/269 1372/788/262 
f 1380/796/270 1381/797/271 1382/798/272 1383/799/273 
f 1384/800/274 1385/801/275 1386/802/276 1387/803/277 
f 1388/804/278 1389/805/279 1390/806/280 1391/807/281 
f 1392/808/282 1393/809/283 1394/810/284 1395/811/285 
f 1396/120/286 1397/812/287 1398/813/288 
f 1399/118/289 1396/120/286 1398/813/288 
f 1400/814/290 1401/815/291 1385/801/275 1402/816/292 
f 1403/817/293 1404/818/294 1383/799/273 1382/798/272 
f 1380/796/270 1405/819/295 1406/820/296 1381/797/271 
f 1407/821/297 1408/822/298 1409/823/299 1410/824/300 
f 1411/825/301 1412/826/302 1413/827/303 1414/828/304 
f 1415/829/305 1416/111/306 1417/109/307 
f 1418/830/308 1415/829/305 1417/109/307 
f 1419/831/309 1420/832/310 1421/833/311 1422/834/312 
f 1360/778/250 1423/152/313 1358/151/248 
f 1424/835/314 1423/152/313 1360/778/250 
f 1425/836/315 1426/837/316 1427/838/317 1428/839/318 
f 1429/840/319 1430/841/320 1431/112/321 
f 1431/112/321 1430/841/320 1432/110/322 
f 1433/842/323 1353/775/243 1356/776/246 1434/843/324 
f 1435/844/325 1436/845/326 1437/846/327 1438/847/328 
f 1439/848/329 1440/849/330 1441/850/331 1442/851/332 
f 1443/852/333 1363/126/253 1444/123/334 
f 1361/779/251 1363/126/253 1443/852/333 
f 1445/853/335 1446/854/336 1447/855/337 1439/848/329 
f 1448/856/338 1449/857/339 1450/858/340 1451/859/341 
f 1452/860/342 1453/861/343 1454/862/344 1455/863/345 
f 1456/864/346 1457/865/347 1447/855/337 1458/866/348 
f 1459/867/349 1460/868/350 1461/869/351 1462/870/352 
f 1463/871/353 1464/872/354 1407/821/297 1410/824/300 
f 1465/873/355 1466/874/356 1467/875/357 1468/876/358 
f 1469/877/359 1470/878/360 1471/879/361 1472/880/362 
f 1473/881/363 1449/857/339 1448/856/338 1427/838/317 
f 1400/814/290 1474/882/364 1475/883/365 1401/815/291 
f 1369/785/259 1476/884/366 1477/885/367 1368/784/258 
f 1478/144/368 1479/886/369 1480/887/370 
f 1478/144/368 1481/146/371 1479/886/369 
f 1482/888/372 1483/889/373 1484/890/374 1485/891/375 
f 1486/892/376 1359/150/249 1487/147/377 
f 1357/777/247 1359/150/249 1486/892/376 
f 1430/841/320 1429/840/319 1488/893/378 1489/894/379 
f 1490/895/380 1491/896/381 1492/897/382 1493/898/383 
f 1493/898/383 1492/897/382 1494/899/384 1495/900/385 
f 1496/901/386 1497/902/387 1465/873/355 1468/876/358 
f 1498/903/388 1499/107/389 1432/110/322 
f 1430/841/320 1498/903/388 1432/110/322 
f 1412/826/302 1487/147/377 1500/145/390 
f 1486/892/376 1487/147/377 1412/826/302 
f 1479/886/369 1501/904/391 1502/905/392 1480/887/370 
f 1503/906/393 1504/907/394 1505/908/395 1426/837/316 
f 1506/909/396 1507/910/397 1508/911/398 1509/912/399 
f 1510/913/400 1511/914/401 1512/915/402 
f 1513/916/403 1511/914/401 1510/913/400 
f 1514/917/404 1515/130/405 1516/134/406 
f 1517/918/407 1514/917/404 1516/134/406 
f 1482/888/372 1518/919/408 1519/920/409 1483/889/373 
f 1520/921/410 1521/132/411 1522/131/412 
f 1523/922/413 1520/921/410 1522/131/412 
f 1524/923/414 1525/924/415 1526/925/416 1527/926/417 
f 1528/927/418 1466/874/356 1465/873/355 1529/928/419 
f 1461/869/351 1530/929/420 1437/846/327 1462/870/352 
f 1501/904/391 1531/930/421 1382/798/272 1381/797/271 
f 1447/855/337 1457/865/347 1440/849/330 1439/848/329 
f 1523/922/413 1522/131/412 1515/130/405 
f 1514/917/404 1523/922/413 1515/130/405 
f 1424/835/314 1360/778/250 1482/888/372 1485/891/375 
f 1402/816/292 1385/801/275 1384/800/274 1532/931/422 
f 1488/893/378 1429/840/319 1508/911/398 1507/910/397 
f 1434/843/324 1533/932/423 1389/805/279 1388/804/278 
f 1483/889/373 1534/933/424 1535/934/425 1484/890/374 
f 1536/935/426 1537/936/427 1460/868/350 1459/867/349 
f 1361/779/251 1443/852/333 1435/844/325 
f 1438/847/328 1361/779/251 1435/844/325 
f 1538/937/428 1539/938/429 1540/939/430 1541/940/431 
f 1542/941/432 1469/877/359 1543/942/433 1544/943/434 
f 1364/780/254 1545/127/435 1362/128/252 
f 1546/944/436 1545/127/435 1364/780/254 
f 1514/917/404 1407/821/297 1464/872/354 1523/922/413 
f 1389/805/279 1533/932/423 1489/894/379 1547/945/437 
f 1523/922/413 1464/872/354 1548/946/438 1520/921/410 
f 1549/947/439 1550/948/440 1551/949/441 1552/950/442 
f 1553/951/443 1376/792/266 1496/901/386 1468/876/358 
f 1554/952/444 1526/925/416 1490/895/380 1493/898/383 
f 1555/953/445 1556/954/446 1557/955/447 1558/956/448 
f 1388/804/278 1559/957/449 1433/842/323 1434/843/324 
f 1560/958/450 1519/920/409 1518/919/408 1561/959/451 
f 1505/908/395 1562/960/452 1563/961/453 1473/881/363 
f 1564/115/454 1565/962/455 1566/963/456 
f 1567/113/457 1565/962/455 1564/115/454 
f 1568/964/458 1569/965/459 1538/937/428 1570/966/460 
f 1443/852/333 1444/123/334 1510/913/400 
f 1444/123/334 1571/121/461 1510/913/400 
f 1356/776/246 1498/903/388 1533/932/423 1434/843/324 
f 1561/959/451 1518/919/408 1357/777/247 1486/892/376 
f 1353/775/243 1433/842/323 1572/967/462 1573/968/463 
f 1458/866/348 1447/855/337 1446/854/336 1574/969/464 
f 1491/896/381 1391/807/281 1390/806/280 1575/970/465 
f 1433/842/323 1559/957/449 1576/971/466 1572/967/462 
f 1577/136/467 1578/972/468 1579/973/469 
f 1580/137/470 1578/972/468 1577/136/467 
f 1581/974/471 1519/920/409 1560/958/450 1582/975/472 
f 1402/816/292 1532/931/422 1583/976/473 1566/963/456 
f 1584/977/474 1585/978/475 1563/961/453 1562/960/452 
f 1525/924/415 1576/971/466 1559/957/449 1586/979/476 
f 1587/980/477 1588/981/478 1589/982/479 1590/983/480 
f 1575/970/465 1591/984/481 1592/985/482 1593/986/483 
f 1594/987/484 1365/781/255 1542/941/432 1544/943/434 
f 1595/988/485 1596/989/486 1597/990/487 1598/991/488 
f 1599/992/489 1600/993/490 1374/790/264 1373/789/263 
f 1601/994/491 1394/810/284 1393/809/283 1602/995/492 
f 1603/996/493 1604/997/494 1605/998/495 1606/999/496 
f 1607/1000/497 1608/1001/498 1551/949/441 1550/948/440 
f 1609/1002/499 1604/997/494 1603/996/493 1610/1003/500 
f 1557/955/447 1556/954/446 1578/972/468 1611/1004/501 
f 1506/909/396 1509/912/399 1398/813/288 1612/1005/502 
f 1518/919/408 1482/888/372 1360/778/250 1357/777/247 
f 1613/1006/503 1552/950/442 1551/949/441 1614/1007/504 
f 1594/987/484 1587/980/477 1366/782/256 1365/781/255 
f 1395/811/285 1615/1008/505 1616/1009/506 1392/808/282 
f 1617/1010/507 1618/148/508 1619/149/509 
f 1620/1011/510 1618/148/508 1617/1010/507 
f 1621/1012/511 1373/789/263 1376/792/266 1553/951/443 
f 1544/943/434 1543/942/433 1622/1013/512 1541/940/431 
f 1623/1014/513 1531/930/421 1620/1011/510 1617/1010/507 
f 1584/977/474 1624/1015/514 1582/975/472 1585/978/475 
f 1574/969/464 1462/870/352 1437/846/327 1436/845/326 
f 1592/985/482 1625/1016/515 1626/1017/516 1593/986/483 
f 1627/1018/517 1628/133/518 1629/129/519 
f 1630/1019/520 1627/1018/517 1629/129/519 
f 1631/1020/521 1632/1021/522 1378/794/268 
f 1377/793/267 1631/1020/521 1378/794/268 
f 1598/991/488 1588/981/478 1540/939/430 1539/938/429 
f 1587/980/477 1594/987/484 1540/939/430 1588/981/478 
f 1418/830/308 1417/109/307 1633/106/523 
f 1573/968/463 1418/830/308 1633/106/523 
f 1634/141/524 1635/1022/525 1413/827/303 
f 1636/143/526 1634/141/524 1413/827/303 
f 1436/845/326 1637/1023/527 1458/866/348 1574/969/464 
f 1630/1019/520 1467/875/357 1627/1018/517 
f 1638/1024/528 1467/875/357 1630/1019/520 
f 1639/1025/529 1640/1026/530 1614/1007/504 1641/1027/531 
f 1642/1028/532 1471/879/361 1470/878/360 1643/1029/533 
f 1386/802/276 1644/1030/534 1645/1031/535 1387/803/277 
f 1646/1032/536 1364/780/254 1361/779/251 1438/847/328 
f 1390/806/280 1647/1033/537 1591/984/481 1575/970/465 
f 1648/1034/538 1563/961/453 1585/978/475 1649/1035/539 
f 1394/810/284 1495/900/385 1494/899/384 1395/811/285 
f 1369/785/259 1372/788/262 1379/795/269 1476/884/366 
f 1517/918/407 1516/134/406 1577/136/467 
f 1579/973/469 1517/918/407 1577/136/467 
f 1411/825/301 1561/959/451 1486/892/376 1412/826/302 
f 1503/906/393 1426/837/316 1425/836/315 1650/1036/540 
f 1356/776/246 1355/108/245 1499/107/389 
f 1498/903/388 1356/776/246 1499/107/389 
f 1651/1037/541 1642/1028/532 1643/1029/533 1652/1038/542 
f 1464/872/354 1463/871/353 1621/1012/511 1548/946/438 
f 1653/1039/543 1654/1040/544 1475/883/365 1474/882/364 
f 1630/1019/520 1629/129/519 1521/132/411 
f 1520/921/410 1630/1019/520 1521/132/411 
f 1655/1041/545 1455/863/345 1454/862/344 1656/1042/546 
f 1430/841/320 1489/894/379 1533/932/423 1498/903/388 
f 1657/1043/547 1658/1044/548 1592/985/482 1591/984/481 
f 1659/139/549 1660/1045/550 1611/1004/501 
f 1661/142/551 1660/1045/550 1659/139/549 
f 1586/979/476 1490/895/380 1526/925/416 1525/924/415 
f 1540/939/430 1594/987/484 1544/943/434 1541/940/431 
f 1532/931/422 1511/914/401 1513/916/403 1583/976/473 
f 1382/798/272 1531/930/421 1623/1014/513 1403/817/293 
f 1648/1034/538 1449/857/339 1473/881/363 1563/961/453 
f 1524/923/414 1654/1040/544 1576/971/466 1525/924/415 
f 1609/1002/499 1662/1046/552 1405/819/295 1604/997/494 
f 1663/114/553 1508/911/398 1429/840/319 
f 1663/114/553 1429/840/319 1431/112/321 
f 1408/822/298 1664/1047/554 1665/1048/555 1409/823/299 
f 1575/970/465 1593/986/483 1492/897/382 1491/896/381 
f 1422/834/312 1421/833/311 1584/977/474 1562/960/452 
f 1531/930/421 1501/904/391 1479/886/369 1620/1011/510 
f 1571/121/461 1513/916/403 1510/913/400 
f 1571/121/461 1666/119/556 1513/916/403 
f 1667/1049/557 1668/1050/558 1669/1051/559 1670/1052/560 
f 1502/905/392 1671/1053/396 1660/1045/550 1480/887/370 
f 1475/883/365 1672/1054/561 1673/1055/562 1401/815/291 
f 1645/1031/535 1644/1030/534 1674/1056/563 1675/1057/564 
f 1448/856/338 1529/928/419 1428/839/318 1427/838/317 
f 1612/1005/502 1676/1058/565 1640/1026/530 1506/909/396 
f 1511/914/401 1532/931/422 1384/800/274 1677/1059/566 
f 1453/861/343 1537/936/427 1536/935/426 1454/862/344 
f 1678/1060/567 1679/1061/568 1497/902/387 1496/901/386 
f 1582/975/472 1560/958/450 1649/1035/539 1585/978/475 
f 1680/1062/569 1610/1003/500 1603/996/493 1681/1063/570 
f 1538/937/428 1569/965/459 1682/1064/571 1539/938/429 
f 1637/1023/527 1677/1059/566 1456/864/346 1458/866/348 
f 1621/1012/511 1553/951/443 1638/1024/528 1548/946/438 
f 1425/836/315 1679/1061/568 1683/1065/572 1650/1036/540 
f 1490/895/380 1586/979/476 1391/807/281 1491/896/381 
f 1684/1066/573 1406/820/296 1405/819/295 1662/1046/552 
f 1596/989/486 1662/1046/552 1609/1002/499 1597/990/487 
f 1421/833/311 1420/832/310 1685/1067/574 1686/1068/575 
f 1455/863/345 1655/1041/545 1678/1060/567 1375/791/265 
f 1568/964/458 1410/824/300 1409/823/299 1569/965/459 
f 1441/850/331 1650/1036/540 1683/1065/572 1442/851/332 
f 1567/113/457 1415/829/305 1565/962/455 
f 1416/111/306 1415/829/305 1567/113/457 
f 1668/1050/558 1673/1055/562 1672/1054/561 1669/1051/559 
f 1687/1069/576 1554/952/444 1688/1070/577 1685/1067/574 
f 1624/1015/514 1602/995/492 1581/974/471 1582/975/472 
f 1392/808/282 1616/1009/506 1404/818/294 1535/934/425 
f 1610/1003/500 1589/982/479 1597/990/487 1609/1002/499 
f 1675/1057/564 1674/1056/563 1689/1071/578 1690/1072/579 
f 1514/917/404 1517/918/407 1408/822/298 1407/821/297 
f 1691/117/580 1566/963/456 1583/976/473 
f 1564/115/454 1566/963/456 1691/117/580 
f 1555/953/445 1595/988/485 1682/1064/571 1665/1048/555 
f 1592/985/482 1658/1044/548 1692/1073/581 1625/1016/515 
f 1441/850/331 1690/1072/579 1503/906/393 1650/1036/540 
f 1547/945/437 1693/1074/582 1694/1075/583 1647/1033/537 
f 1695/138/584 1696/1076/585 1697/1077/586 
f 1695/138/584 1697/1077/586 1698/140/587 
f 1472/880/362 1537/936/427 1453/861/343 1699/1078/588 
f 1473/881/363 1427/838/317 1426/837/316 1505/908/395 
f 1588/981/478 1598/991/488 1597/990/487 1589/982/479 
f 1554/952/444 1687/1069/576 1527/926/417 1526/925/416 
f 1603/996/493 1606/999/496 1692/1073/581 1681/1063/570 
f 1381/797/271 1406/820/296 1502/905/392 1501/904/391 
f 1625/1016/515 1692/1073/581 1606/999/496 1700/1079/589 
f 1701/1080/590 1466/874/356 1528/927/418 
f 1696/1076/585 1701/1080/590 1528/927/418 
f 1436/845/326 1435/844/325 1512/915/402 1637/1023/527 
f 1460/868/350 1537/936/427 1472/880/362 1471/879/361 
f 1675/1057/564 1440/849/330 1457/865/347 1645/1031/535 
f 1702/135/591 1701/1080/590 1696/1076/585 
f 1702/135/591 1696/1076/585 1695/138/584 
f 1703/116/592 1509/912/399 1508/911/398 
f 1703/116/592 1508/911/398 1663/114/553 
f 1476/884/366 1643/1029/533 1470/878/360 1477/885/367 
f 1636/143/526 1413/827/303 1412/826/302 
f 1500/145/390 1636/143/526 1412/826/302 
f 1561/959/451 1411/825/301 1649/1035/539 1560/958/450 
f 1600/993/490 1570/966/460 1622/1013/512 1704/1081/593 
f 1624/1015/514 1686/1068/575 1601/994/491 1602/995/492 
f 1700/1079/589 1615/1008/505 1626/1017/516 1625/1016/515 
f 1667/1049/557 1674/1056/563 1644/1030/534 1668/1050/558 
f 1538/937/428 1541/940/431 1622/1013/512 1570/966/460 
f 1666/119/556 1583/976/473 1513/916/403 
f 1666/119/556 1691/117/580 1583/976/473 
f 1599/992/489 1568/964/458 1570/966/460 1600/993/490 
f 1572/967/462 1576/971/466 1654/1040/544 1653/1039/543 
f 1375/791/265 1678/1060/567 1496/901/386 1376/792/266 
f 1646/1032/536 1530/929/420 1651/1037/541 1705/1082/594 
f 1369/785/259 1368/784/258 1367/783/257 1370/786/260 
f 1704/1081/593 1452/860/342 1374/790/264 1600/993/490 
f 1534/933/424 1393/809/283 1392/808/282 1535/934/425 
f 1589/982/479 1610/1003/500 1680/1062/569 1590/983/480 
f 1632/1021/522 1706/122/595 1707/124/596 
f 1631/1020/521 1706/122/595 1632/1021/522 
f 1651/1037/541 1530/929/420 1461/869/351 1642/1028/532 
f 1445/853/335 1536/935/426 1459/867/349 1446/854/336 
f 1626/1017/516 1494/899/384 1492/897/382 1593/986/483 
f 1380/796/270 1605/998/495 1604/997/494 1405/819/295 
f 1687/1069/576 1670/1052/560 1669/1051/559 1527/926/417 
f 1477/885/367 1470/878/360 1469/877/359 1542/941/432 
f 1390/806/280 1389/805/279 1547/945/437 1647/1033/537 
f 1550/948/440 1549/947/439 1590/983/480 1680/1062/569 
f 1682/1064/571 1569/965/459 1409/823/299 1665/1048/555 
f 1607/1000/497 1658/1044/548 1657/1043/547 1608/1001/498 
f 1391/807/281 1586/979/476 1559/957/449 1388/804/278 
f 1368/784/258 1477/885/367 1542/941/432 1365/781/255 
f 1572/967/462 1653/1039/543 1418/830/308 1573/968/463 
f 1704/1081/593 1699/1078/588 1453/861/343 1452/860/342 
f 1591/984/481 1647/1033/537 1694/1075/583 1657/1043/547 
f 1655/1041/545 1683/1065/572 1679/1061/568 1678/1060/567 
f 1693/1074/582 1639/1025/529 1641/1027/531 1694/1075/583 
f 1399/118/289 1398/813/288 1509/912/399 
f 1703/116/592 1399/118/289 1509/912/399 
f 1549/947/439 1552/950/442 1367/783/257 1366/782/256 
f 1605/998/495 1708/1083/597 1700/1079/589 1606/999/496 
f 1709/1084/598 1705/1082/594 1651/1037/541 1652/1038/542 
f 1378/794/268 1709/1084/598 1652/1038/542 1379/795/269 
f 1710/1085/599 1707/124/596 1711/125/600 
f 1632/1021/522 1707/124/596 1710/1085/599 
f 1661/142/551 1480/887/370 1660/1045/550 
f 1661/142/551 1478/144/368 1480/887/370 
f 1413/827/303 1635/1022/525 1450/858/340 1414/828/304 
f 1710/1085/599 1709/1084/598 1378/794/268 1632/1021/522 
f 1613/1006/503 1676/1058/565 1371/787/261 1370/786/260 
f 1410/824/300 1568/964/458 1599/992/489 1463/871/353 
f 1401/815/291 1673/1055/562 1386/802/276 1385/801/275 
f 1371/787/261 1712/1086/601 1377/793/267 1372/788/262 
f 1420/832/310 1670/1052/560 1687/1069/576 1685/1067/574 
f 1543/942/433 1699/1078/588 1704/1081/593 1622/1013/512 
f 1690/1072/579 1689/1071/578 1504/907/394 1503/906/393 
f 1402/816/292 1566/963/456 1565/962/455 1400/814/290 
f 1506/909/396 1640/1026/530 1639/1025/529 1507/910/397 
f 1505/908/395 1504/907/394 1422/834/312 1562/960/452 
f 1441/850/331 1440/849/330 1675/1057/564 1690/1072/579 
f 1462/870/352 1574/969/464 1446/854/336 1459/867/349 
f 1495/900/385 1688/1070/577 1554/952/444 1493/898/383 
f 1393/809/283 1534/933/424 1581/974/471 1602/995/492 
f 1616/1009/506 1708/1083/597 1383/799/273 1404/818/294 
f 1527/926/417 1669/1051/559 1672/1054/561 1524/923/414 
f 1665/1048/555 1664/1047/554 1556/954/446 1555/953/445 
f 1442/851/332 1656/1042/546 1445/853/335 1439/848/329 
f 1579/973/469 1408/822/298 1517/918/407 
f 1664/1047/554 1408/822/298 1579/973/469 
f 1598/991/488 1539/938/429 1682/1064/571 1595/988/485 
f 1627/1018/517 1701/1080/590 1628/133/518 
f 1628/133/518 1701/1080/590 1702/135/591 
f 1548/946/438 1638/1024/528 1630/1019/520 1520/921/410 
f 1706/122/595 1631/1020/521 1397/812/287 
f 1396/120/286 1706/122/595 1397/812/287 
f 1613/1006/503 1614/1007/504 1640/1026/530 1676/1058/565 
f 1457/865/347 1456/864/346 1387/803/277 1645/1031/535 
f 1512/915/402 1511/914/401 1677/1059/566 1637/1023/527 
f 1421/833/311 1686/1068/575 1624/1015/514 1584/977/474 
f 1472/880/362 1699/1078/588 1543/942/433 1469/877/359 
f 1579/973/469 1556/954/446 1664/1047/554 
f 1578/972/468 1556/954/446 1579/973/469 
f 1524/923/414 1672/1054/561 1475/883/365 1654/1040/544 
f 1485/891/375 1623/1014/513 1617/1010/507 1424/835/314 
f 1553/951/443 1468/876/358 1467/875/357 1638/1024/528 
f 1676/1058/565 1612/1005/502 1712/1086/601 1371/787/261 
f 1384/800/274 1387/803/277 1456/864/346 1677/1059/566 
f 1483/889/373 1519/920/409 1581/974/471 1534/933/424 
f 1580/137/470 1611/1004/501 1578/972/468 
f 1659/139/549 1611/1004/501 1580/137/470 
f 1681/1063/570 1692/1073/581 1658/1044/548 1607/1000/497 
f 1414/828/304 1450/858/340 1449/857/339 1648/1034/538 
f 1688/1070/577 1495/900/385 1394/810/284 1601/994/491 
f 1379/795/269 1652/1038/542 1643/1029/533 1476/884/366 
f 1467/875/357 1466/874/356 1627/1018/517 
f 1627/1018/517 1466/874/356 1701/1080/590 
f 1455/863/345 1375/791/265 1374/790/264 1452/860/342 
f 1529/928/419 1465/873/355 1497/902/387 1428/839/318 
f 1662/1046/552 1596/989/486 1558/956/448 1684/1066/573 
f 1623/1014/513 1485/891/375 1484/890/374 1403/817/293 
f 1463/871/353 1599/992/489 1373/789/263 1621/1012/511 
f 1696/1076/585 1528/927/418 1451/859/341 1697/1077/586 
f 1557/955/447 1671/1053/396 1684/1066/573 1558/956/448 
f 1422/834/312 1504/907/394 1689/1071/578 1419/831/309 
f 1674/1056/563 1667/1049/557 1419/831/309 1689/1071/578 
f 1698/140/587 1697/1077/586 1635/1022/525 
f 1634/141/524 1698/140/587 1635/1022/525 
f 1547/945/437 1489/894/379 1488/893/378 1693/1074/582 
f 1546/944/436 1705/1082/594 1709/1084/598 1710/1085/599 
f 1552/950/442 1613/1006/503 1370/786/260 1367/783/257 
f 1557/955/447 1611/1004/501 1660/1045/550 1671/1053/396 
f 1573/968/463 1633/106/523 1354/105/244 
f 1353/775/243 1573/968/463 1354/105/244 
f 1681/1063/570 1607/1000/497 1550/948/440 1680/1062/569 
f 1686/1068/575 1685/1067/574 1688/1070/577 1601/994/491 
f 1626/1017/516 1615/1008/505 1395/811/285 1494/899/384 
f 1424/835/314 1619/149/509 1423/152/313 
f 1617/1010/507 1619/149/509 1424/835/314 
f 1546/944/436 1711/125/600 1545/127/435 
f 1710/1085/599 1711/125/600 1546/944/436 
f 1671/1053/396 1502/905/392 1406/820/296 1684/1066/573 
f 1631/1020/521 1377/793/267 1712/1086/601 
f 1397/812/287 1631/1020/521 1712/1086/601 
f 1411/825/301 1414/828/304 1648/1034/538 1649/1035/539 
f 1418/830/308 1653/1039/543 1474/882/364 1415/829/305 
f 1383/799/273 1708/1083/597 1605/998/495 1380/796/270 
f 1641/1027/531 1608/1001/498 1657/1043/547 1694/1075/583 
f 1419/831/309 1667/1049/557 1670/1052/560 1420/832/310 
f 1646/1032/536 1705/1082/594 1546/944/436 1364/780/254 
f 1400/814/290 1565/962/455 1415/829/305 1474/882/364 
f 1386/802/276 1673/1055/562 1668/1050/558 1644/1030/534 
f 1437/846/327 1530/929/420 1646/1032/536 1438/847/328 
f 1451/859/341 1450/858/340 1635/1022/525 1697/1077/586 
f 1435/844/325 1443/852/333 1512/915/402 
f 1443/852/333 1510/913/400 1512/915/402 
f 1397/812/287 1712/1086/601 1612/1005/502 1398/813/288 
f 1608/1001/498 1641/1027/531 1614/1007/504 1551/949/441 
f 1471/879/361 1642/1028/532 1461/869/351 1460/868/350 
f 1479/886/369 1481/146/371 1620/1011/510 
f 1481/146/371 1618/148/508 1620/1011/510 
f 1366/782/256 1587/980/477 1590/983/480 1549/947/439 
f 1403/817/293 1484/890/374 1535/934/425 1404/818/294 
f 1596/989/486 1595/988/485 1555/953/445 1558/956/448 
f 1445/853/335 1656/1042/546 1454/862/344 1536/935/426 
f 1428/839/318 1497/902/387 1679/1061/568 1425/836/315 
f 1507/910/397 1639/1025/529 1693/1074/582 1488/893/378 
f 1448/856/338 1451/859/341 1528/927/418 1529/928/419 
f 1656/1042/546 1442/851/332 1683/1065/572 1655/1041/545 
f 1615/1008/505 1700/1079/589 1708/1083/597 1616/1009/506 
usemtl Material__28
f 1713/2/19 1714/2/19 1715/2/19 1716/2/19 
f 1717/2/19 1716/2/19 1715/2/19 1718/2/19 
f 1717/2/19 1718/2/19 1719/2/19 1720/2/19 
f 1720/2/19 1719/2/19 1721/2/19 1722/2/19 
f 1722/2/19 1721/2/19 1723/2/19 1724/2/19 
f 1724/2/19 1723/2/19 1725/2/19 1726/2/19 
f 1726/2/19 1725/2/19 1727/2/19 1728/2/19 
f 1728/2/19 1727/2/19 1729/2/19 1730/2/19 
f 1730/2/19 1729/2/19 1731/2/19 1732/2/19 
f 1733/2/19 1732/2/19 1731/2/19 1734/2/19 
f 1735/2/19 1733/2/19 1734/2/19 1736/2/19 
f 1737/2/3 1738/2/3 1739/2/3 1740/2/3 
f 1741/2/3 1742/2/3 1739/2/3 1738/2/3 
f 1743/2/3 1742/2/3 1741/2/3 1744/2/3 
f 1745/2/3 1743/2/3 1744/2/3 1746/2/3 
f 1743/2/3 1745/2/3 1747/2/3 1748/2/3 
f 1749/2/3 1747/2/3 1745/2/3 1750/2/3 
f 1750/2/3 1751/2/3 1752/2/3 1749/2/3 
f 1753/2/3 1752/2/3 1751/2/3 1754/2/3 
f 1752/2/3 1753/2/3 1755/2/3 1756/2/3 
f 1757/2/3 1755/2/3 1753/2/3 1758/2/3 
f 1758/2/3 1759/2/3 1760/2/3 1757/2/3 
f 1761/2/602 1762/2/602 1763/2/602 1764/2/602 
f 1765/2/603 1766/2/603 1767/2/603 1768/2/603 
f 1769/2/604 1770/2/605 1771/2/605 1772/2/604 
f 1773/2/606 1774/2/607 1775/2/607 1776/2/606 
f 1777/2/608 1778/2/608 1779/2/609 1780/2/609 
f 1781/2/610 1782/2/610 1783/2/610 1784/2/610 
f 1741/2/148 1738/2/147 1785/2/147 1786/2/148 
f 1787/2/611 1788/2/611 1789/2/611 1790/2/611 
f 1791/2/612 1792/2/612 1793/2/612 1794/2/612 
f 1768/2/613 1795/2/613 1796/2/613 1765/2/613 
f 1797/2/614 1798/2/614 1799/2/614 1800/2/614 
f 1801/2/615 1799/2/615 1798/2/615 1802/2/615 
f 1803/2/616 1804/2/616 1805/2/616 1789/2/616 
f 1806/2/617 1807/2/617 1808/2/617 1809/2/617 
f 1810/2/618 1811/2/618 1764/2/618 1763/2/618 
f 1812/2/619 1813/2/619 1814/2/619 1815/2/619 
f 1764/2/620 1816/2/620 1817/2/620 1761/2/620 
f 1818/2/79 1754/2/79 1751/2/91 1819/2/91 
f 1798/2/621 1797/2/621 1820/2/621 1821/2/621 
f 1822/2/622 1823/2/622 1781/2/622 1824/2/622 
f 1772/2/604 1825/2/623 1826/2/623 1769/2/604 
f 1827/2/624 1828/2/624 1829/2/624 1830/2/624 
f 1831/2/625 1832/2/625 1833/2/625 1834/2/625 
f 1835/2/626 1836/2/626 1808/2/626 1807/2/626 
f 1837/2/627 1838/2/627 1839/2/627 1840/2/627 
f 1795/2/628 1803/2/628 1841/2/628 1796/2/628 
f 1785/2/629 1842/2/629 1843/2/630 1786/2/630 
f 1844/2/631 1845/2/631 1846/2/631 1847/2/631 
f 1848/2/632 1849/2/632 1850/2/632 1851/2/632 
f 1776/2/633 1775/2/633 1852/2/633 1853/2/633 
f 1854/2/634 1855/2/634 1846/2/634 1856/2/634 
f 1857/2/635 1858/2/635 1859/2/635 1860/2/635 
f 1861/2/636 1862/2/636 1783/2/636 1863/2/636 
f 1864/2/637 1817/2/637 1865/2/637 1866/2/637 
f 1867/2/638 1868/2/638 1869/2/638 1870/2/638 
f 1825/2/623 1871/2/639 1872/2/639 1826/2/623 
f 1819/2/640 1873/2/641 1868/2/641 1861/2/640 
f 1874/2/642 1780/2/609 1779/2/609 1875/2/642 
f 1796/2/643 1828/2/643 1876/2/643 1765/2/643 
f 1850/2/644 1877/2/644 1842/2/644 1878/2/644 
f 1879/2/89 1875/2/52 1752/2/52 1756/2/89 
f 1878/2/645 1880/2/645 1851/2/645 1850/2/645 
f 1881/2/646 1882/2/646 1883/2/646 1848/2/646 
f 1884/2/647 1885/2/647 1886/2/647 1810/2/647 
f 1806/2/648 1887/2/648 1888/2/648 1807/2/648 
f 1782/2/649 1889/2/649 1863/2/649 1783/2/649 
f 1768/2/650 1767/2/650 1883/2/650 1882/2/650 
f 1890/2/651 1891/2/651 1840/2/651 1892/2/651 
f 1893/2/652 1894/2/652 1895/2/652 1896/2/652 
f 1765/2/653 1876/2/653 1897/2/653 1766/2/653 
f 1753/2/78 1898/2/78 1899/2/118 1758/2/118 
f 1752/2/52 1875/2/52 1779/2/53 1749/2/53 
f 1900/2/654 1901/2/654 1902/2/654 1903/2/654 
f 1904/2/655 1905/2/655 1906/2/655 1843/2/655 
f 1907/2/656 1799/2/656 1801/2/656 1908/2/656 
f 1870/2/657 1909/2/657 1910/2/657 1867/2/657 
f 1911/2/658 1880/2/658 1878/2/659 1912/2/659 
f 1913/2/660 1869/2/661 1914/2/661 1915/2/660 
f 1777/2/608 1872/2/639 1871/2/639 1778/2/608 
f 1834/2/662 1916/2/662 1917/2/662 1831/2/662 
f 1918/2/663 1824/2/663 1896/2/663 1895/2/663 
f 1919/2/664 1856/2/664 1846/2/664 1845/2/664 
f 1788/2/665 1787/2/665 1815/2/665 1814/2/665 
f 1920/2/666 1921/2/666 1922/2/666 1804/2/666 
f 1923/2/667 1924/2/667 1925/2/667 1838/2/667 
f 1837/2/668 1926/2/668 1923/2/668 1838/2/668 
f 1879/2/669 1927/2/669 1874/2/642 1875/2/642 
f 1928/2/670 1929/2/670 1895/2/670 1894/2/670 
f 1799/2/671 1907/2/671 1835/2/671 1800/2/671 
f 1800/2/672 1888/2/672 1930/2/672 1797/2/672 
f 1790/2/673 1789/2/673 1805/2/673 1931/2/673 
f 1932/2/19 1714/2/19 1713/2/19 1933/2/19 
f 1934/2/19 1933/2/19 1713/2/19 1716/2/19 
f 1935/2/19 1934/2/19 1716/2/19 1717/2/19 
f 1836/2/19 1935/2/19 1717/2/19 1720/2/19 
f 1836/2/19 1720/2/19 1722/2/19 1808/2/19 
f 1724/2/19 1809/2/19 1808/2/19 1722/2/19 
f 1726/2/19 1936/2/19 1809/2/19 1724/2/19 
f 1936/2/19 1726/2/19 1728/2/19 1937/2/19 
f 1937/2/19 1728/2/19 1730/2/19 1938/2/19 
f 1730/2/19 1732/2/19 1939/2/19 1938/2/19 
f 1733/2/19 1917/2/19 1939/2/19 1732/2/19 
f 1733/2/19 1735/2/19 1831/2/19 1917/2/19 
f 1831/2/19 1735/2/19 1736/2/19 1832/2/19 
f 1736/2/19 1734/2/19 1940/2/19 1832/2/19 
f 1940/2/19 1734/2/19 1731/2/19 1941/2/19 
f 1942/2/19 1941/2/19 1731/2/19 1729/2/19 
f 1943/2/19 1942/2/19 1729/2/19 1727/2/19 
f 1727/2/19 1725/2/19 1812/2/19 1943/2/19 
f 1812/2/19 1725/2/19 1723/2/19 1813/2/19 
f 1830/2/19 1813/2/19 1723/2/19 1721/2/19 
f 1830/2/19 1721/2/19 1719/2/19 1827/2/19 
f 1827/2/19 1719/2/19 1718/2/19 1944/2/19 
f 1944/2/19 1718/2/19 1715/2/19 1945/2/19 
f 1932/2/19 1945/2/19 1715/2/19 1714/2/19 
f 1946/2/674 1883/2/674 1767/2/674 1947/2/674 
f 1857/2/675 1948/2/675 1947/2/675 1858/2/675 
f 1877/2/676 1902/2/676 1901/2/676 1904/2/676 
f 1849/2/677 1848/2/677 1883/2/677 1946/2/677 
f 1866/2/678 1949/2/678 1937/2/678 1938/2/678 
f 1885/2/679 1950/2/679 1793/2/679 1792/2/679 
f 1755/2/90 1951/2/90 1879/2/89 1756/2/89 
f 1870/2/680 1869/2/680 1913/2/680 1952/2/680 
f 1882/2/681 1881/2/681 1921/2/681 1920/2/681 
f 1835/2/682 1807/2/682 1888/2/682 1800/2/682 
f 1887/2/683 1953/2/683 1930/2/683 1888/2/683 
f 1754/2/79 1818/2/79 1898/2/78 1753/2/78 
f 1954/2/136 1951/2/90 1755/2/90 1757/2/136 
f 1900/2/684 1802/2/684 1798/2/684 1821/2/684 
f 1955/2/685 1899/2/685 1898/2/686 1889/2/686 
f 1795/2/687 1920/2/687 1804/2/687 1803/2/687 
f 1874/2/688 1927/2/688 1956/2/688 1925/2/688 
f 1880/2/689 1770/2/689 1957/2/689 1851/2/689 
f 1934/2/690 1908/2/690 1860/2/690 1933/2/690 
f 1881/2/691 1848/2/691 1851/2/691 1957/2/691 
f 1928/2/692 1958/2/692 1949/2/692 1929/2/692 
f 1913/2/660 1915/2/660 1959/2/693 1906/2/693 
f 1766/2/694 1858/2/694 1947/2/694 1767/2/694 
f 1796/2/695 1841/2/695 1829/2/695 1828/2/695 
f 1759/2/123 1774/2/123 1773/2/6 1760/2/6 
f 1748/2/696 1871/2/696 1825/2/697 1743/2/697 
f 1806/2/698 1958/2/698 1928/2/698 1887/2/698 
f 1761/2/699 1916/2/699 1834/2/699 1762/2/699 
f 1881/2/700 1957/2/700 1960/2/700 1921/2/700 
f 1828/2/701 1827/2/701 1944/2/701 1876/2/701 
f 1961/2/702 1762/2/702 1834/2/702 1833/2/702 
f 1962/2/703 1940/2/703 1941/2/703 1844/2/703 
f 1847/2/704 1963/2/704 1962/2/704 1844/2/704 
f 1958/2/705 1806/2/705 1809/2/705 1936/2/705 
f 1911/2/41 1740/2/41 1739/2/40 1771/2/40 
f 1747/2/1 1778/2/1 1871/2/696 1748/2/696 
f 1964/2/706 1965/2/706 1966/2/706 1967/2/706 
f 1925/2/707 1956/2/707 1839/2/707 1838/2/707 
f 1922/2/708 1966/2/708 1805/2/708 1804/2/708 
f 1940/2/709 1962/2/709 1833/2/709 1832/2/709 
f 1840/2/710 1839/2/710 1950/2/710 1892/2/710 
f 1758/2/118 1899/2/118 1774/2/123 1759/2/123 
f 1773/2/6 1954/2/136 1757/2/136 1760/2/6 
f 1763/2/711 1968/2/711 1884/2/711 1810/2/711 
f 1816/2/712 1918/2/712 1865/2/712 1817/2/712 
f 1933/2/713 1860/2/713 1859/2/713 1932/2/713 
f 1907/2/714 1935/2/714 1836/2/714 1835/2/714 
f 1837/2/715 1840/2/715 1891/2/715 1855/2/715 
f 1770/2/605 1880/2/658 1911/2/658 1771/2/605 
f 1961/2/716 1968/2/716 1763/2/716 1762/2/716 
f 1958/2/717 1936/2/717 1937/2/717 1949/2/717 
f 1790/2/718 1854/2/718 1856/2/718 1787/2/718 
f 1867/2/719 1862/2/719 1861/2/719 1868/2/719 
f 1821/2/720 1969/2/720 1901/2/720 1900/2/720 
f 1792/2/721 1791/2/721 1776/2/721 1853/2/721 
f 1970/2/722 1969/2/722 1821/2/722 1820/2/722 
f 1923/2/723 1965/2/723 1964/2/723 1924/2/723 
f 1780/2/724 1924/2/724 1964/2/724 1777/2/724 
f 1967/2/725 1966/2/725 1922/2/725 1971/2/725 
f 1740/2/41 1911/2/41 1912/2/10 1737/2/10 
f 1743/2/697 1825/2/697 1772/2/197 1742/2/197 
f 1891/2/726 1890/2/726 1963/2/726 1847/2/726 
f 1904/2/727 1901/2/727 1969/2/727 1905/2/727 
f 1903/2/728 1948/2/728 1802/2/728 1900/2/728 
f 1944/2/729 1945/2/729 1897/2/729 1876/2/729 
f 1783/2/730 1862/2/730 1972/2/730 1784/2/730 
f 1877/2/731 1904/2/731 1843/2/731 1842/2/731 
f 1846/2/732 1855/2/732 1891/2/732 1847/2/732 
f 1942/2/733 1943/2/733 1919/2/733 1845/2/733 
f 1811/2/734 1810/2/734 1886/2/734 1973/2/734 
f 1892/2/735 1884/2/735 1968/2/735 1890/2/735 
f 1849/2/736 1946/2/736 1903/2/736 1902/2/736 
f 1867/2/737 1910/2/737 1972/2/737 1862/2/737 
f 1813/2/738 1830/2/738 1829/2/738 1814/2/738 
f 1953/2/739 1974/2/739 1975/2/739 1930/2/739 
f 1857/2/740 1860/2/740 1908/2/740 1801/2/740 
f 1877/2/741 1850/2/741 1849/2/741 1902/2/741 
f 1859/2/742 1858/2/742 1766/2/742 1897/2/742 
f 1967/2/743 1872/2/743 1777/2/743 1964/2/743 
f 1742/2/197 1772/2/197 1771/2/40 1739/2/40 
f 1863/2/744 1818/2/744 1819/2/640 1861/2/640 
f 1955/2/745 1976/2/745 1852/2/745 1775/2/745 
f 1792/2/746 1853/2/746 1886/2/746 1885/2/746 
f 1952/2/747 1905/2/747 1969/2/747 1970/2/747 
f 1885/2/748 1884/2/748 1892/2/748 1950/2/748 
f 1803/2/749 1789/2/749 1788/2/749 1841/2/749 
f 1845/2/750 1844/2/750 1941/2/750 1942/2/750 
f 1870/2/751 1952/2/751 1970/2/751 1909/2/751 
f 1788/2/752 1814/2/752 1829/2/752 1841/2/752 
f 1744/2/169 1741/2/148 1786/2/148 1959/2/169 
f 1886/2/753 1853/2/753 1852/2/753 1973/2/753 
f 1749/2/53 1779/2/53 1778/2/1 1747/2/1 
f 1823/2/754 1822/2/754 1811/2/754 1973/2/754 
f 1769/2/755 1960/2/755 1957/2/755 1770/2/755 
f 1951/2/756 1954/2/757 1791/2/757 1794/2/756 
f 1776/2/606 1791/2/757 1954/2/757 1773/2/606 
f 1786/2/630 1843/2/630 1906/2/693 1959/2/693 
f 1750/2/2 1873/2/2 1819/2/91 1751/2/91 
f 1797/2/758 1930/2/758 1975/2/758 1820/2/758 
f 1879/2/669 1951/2/756 1794/2/756 1927/2/669 
f 1948/2/759 1857/2/759 1801/2/759 1802/2/759 
f 1865/2/760 1918/2/760 1895/2/760 1929/2/760 
f 1918/2/761 1816/2/761 1822/2/761 1824/2/761 
f 1948/2/762 1903/2/762 1946/2/762 1947/2/762 
f 1922/2/763 1921/2/763 1960/2/763 1971/2/763 
f 1818/2/744 1863/2/744 1889/2/686 1898/2/686 
f 1764/2/764 1811/2/764 1822/2/764 1816/2/764 
f 1965/2/765 1931/2/765 1805/2/765 1966/2/765 
f 1934/2/766 1935/2/766 1907/2/766 1908/2/766 
f 1906/2/767 1905/2/767 1952/2/767 1913/2/767 
f 1745/2/137 1914/2/137 1873/2/2 1750/2/2 
f 1744/2/169 1959/2/169 1915/2/138 1746/2/138 
f 1974/2/768 1910/2/768 1909/2/768 1975/2/768 
f 1823/2/769 1976/2/769 1782/2/769 1781/2/769 
f 1963/2/770 1961/2/770 1833/2/770 1962/2/770 
f 1972/2/771 1893/2/771 1896/2/771 1784/2/771 
f 1746/2/138 1915/2/138 1914/2/137 1745/2/137 
f 1784/2/772 1896/2/772 1824/2/772 1781/2/772 
f 1769/2/773 1826/2/773 1971/2/773 1960/2/773 
f 1927/2/774 1794/2/774 1793/2/774 1956/2/774 
f 1909/2/775 1970/2/775 1820/2/775 1975/2/775 
f 1916/2/776 1761/2/776 1817/2/776 1864/2/776 
f 1931/2/777 1926/2/777 1854/2/777 1790/2/777 
f 1768/2/778 1882/2/778 1920/2/778 1795/2/778 
f 1955/2/685 1775/2/607 1774/2/607 1899/2/685 
f 1894/2/779 1893/2/779 1974/2/779 1953/2/779 
f 1865/2/780 1929/2/780 1949/2/780 1866/2/780 
f 1919/2/781 1943/2/781 1812/2/781 1815/2/781 
f 1785/2/147 1738/2/147 1737/2/10 1912/2/10 
f 1917/2/782 1916/2/782 1864/2/782 1939/2/782 
f 1866/2/783 1938/2/783 1939/2/783 1864/2/783 
f 1950/2/784 1839/2/784 1956/2/784 1793/2/784 
f 1782/2/785 1976/2/785 1955/2/785 1889/2/785 
f 1890/2/786 1968/2/786 1961/2/786 1963/2/786 
f 1931/2/787 1965/2/787 1923/2/787 1926/2/787 
f 1972/2/788 1910/2/788 1974/2/788 1893/2/788 
f 1785/2/629 1912/2/659 1878/2/659 1842/2/629 
f 1780/2/789 1874/2/789 1925/2/789 1924/2/789 
f 1976/2/790 1823/2/790 1973/2/790 1852/2/790 
f 1859/2/791 1897/2/791 1945/2/791 1932/2/791 
f 1855/2/792 1854/2/792 1926/2/792 1837/2/792 
f 1873/2/641 1914/2/661 1869/2/661 1868/2/641 
f 1872/2/793 1967/2/793 1971/2/793 1826/2/793 
f 1928/2/794 1894/2/794 1953/2/794 1887/2/794 
f 1787/2/795 1856/2/795 1919/2/795 1815/2/795 
usemtl Material__27
f 1977/1087/9 1978/1088/10 1979/1089/10 1980/1090/9 
f 1978/1088/10 1981/1091/11 1982/1092/11 1979/1089/10 
f 1980/1090/1 1979/1089/1 1982/1092/1 1983/1093/1 
f 1980/1090/1 1983/1093/1 1984/1094/1 1985/1095/1 
f 1983/1093/1 1986/1096/1 1987/1097/1 1984/1094/1 
f 1987/1097/1 1986/1096/1 1988/1098/1 1989/1099/1 
f 1986/1096/1 1990/1100/1 1991/1101/1 1988/1098/1 
f 1990/1100/1 1992/1102/1 1993/1103/1 1991/1101/1 
f 1992/1102/1 1994/1104/1 1995/1105/1 1993/1103/1 
f 1994/1104/1 1996/1106/1 1997/1107/1 1995/1105/1 
f 1996/1106/1 1998/1108/1 1999/1109/1 1997/1107/1 
f 1999/1109/1 1998/1108/1 2000/1110/1 2001/1111/1 
f 2002/1112/1 2001/1111/1 2000/1110/1 2003/1113/1 
f 2002/1112/1 2003/1113/1 2004/1114/1 2005/1115/1 
f 2006/1116/1 2004/1114/1 2003/1113/1 2007/1117/1 
f 2006/1116/1 2007/1117/1 2008/1118/1 2009/1119/1 
f 2008/1118/1 2010/1120/1 2011/1121/1 2009/1119/1 
f 2010/1120/1 2012/1122/1 2013/1123/1 2011/1121/1 
f 2012/1122/1 2014/1124/1 2015/1125/1 2013/1123/1 
f 2014/1124/1 2016/1126/1 2017/1127/1 2015/1125/1 
f 2018/1128/1 2016/1126/1 2014/1124/1 2019/1129/1 
f 2020/1130/1 2018/1128/1 2019/1129/1 2021/1131/1 
f 2022/1132/1 2020/1130/1 2021/1131/1 2023/1133/1 
f 2024/1134/1 2022/1132/1 2023/1133/1 1985/1095/1 
f 2024/1134/1 1985/1095/1 1984/1094/1 
f 2003/1113/1 2025/1135/1 2026/1136/1 2007/1117/1 
f 2026/1136/1 2025/1135/1 2027/1137/1 
f 1996/1106/12 1994/1104/3 2028/1138/3 2029/1139/12 
f 2023/1133/13 2030/1140/13 2031/1141/14 1985/1095/14 
f 2032/1142/15 2012/1122/15 2010/1120/16 2033/1143/16 
f 2034/1144/17 2035/1145/18 2021/1131/18 2019/1129/17 
f 2036/1146/19 2014/1124/19 2012/1122/15 2032/1142/15 
f 2037/1147/20 2038/1148/21 1990/1100/21 1986/1096/20 
f 2003/1113/22 2039/1149/22 2040/1150/23 2025/1135/23 
f 2041/1151/24 1983/1093/24 1982/1092/11 1981/1091/11 
f 2025/1135/23 2040/1150/23 2042/1152/6 2027/1137/6 
f 2008/1118/25 2007/1117/26 2043/1153/26 2044/1154/25 
f 2045/1155/27 2000/1110/27 1998/1108/28 2046/1156/28 
f 1986/1096/20 1983/1093/24 2041/1151/24 2037/1147/20 
f 2014/1124/19 2036/1146/19 2034/1144/17 2019/1129/17 
f 2043/1153/26 2007/1117/26 2026/1136/29 2047/1157/29 
f 2047/1157/29 2026/1136/29 2027/1137/6 2042/1152/6 
f 2021/1131/18 2035/1145/18 2030/1140/13 2023/1133/13 
f 2045/1155/27 2039/1149/22 2003/1113/22 2000/1110/27 
f 2029/1139/12 2046/1156/28 1998/1108/28 1996/1106/12 
f 1992/1102/30 1990/1100/21 2038/1148/21 2048/1158/30 
f 2033/1143/16 2010/1120/16 2008/1118/25 2044/1154/25 
f 1985/1095/14 2031/1141/14 1977/1087/9 1980/1090/9 
f 1992/1102/30 2048/1158/30 2028/1138/3 1994/1104/3 
f 2049/1159/28 2050/1160/28 2051/1161/27 2052/1162/27 
f 2053/1163/15 2054/1164/19 2055/1165/19 2056/1166/15 
f 2057/1167/25 2058/1168/26 2059/1169/26 2060/1170/25 
f 2061/1171/29 2062/1172/6 2063/1173/6 2064/1174/29 
f 2065/1175/17 2066/1176/17 2067/1177/18 2068/1178/18 
f 2069/1179/3 2070/1180/3 2071/1181/12 2072/1182/12 
f 2058/1168/26 2061/1171/29 2064/1174/29 2059/1169/26 
f 2073/1183/20 2074/1184/20 2075/1185/21 2076/1186/21 
f 2077/1187/9 2078/1188/9 2079/1189/14 2080/1190/14 
f 2053/1163/15 2056/1166/15 2081/1191/16 2082/1192/16 
f 2083/1193/11 2084/1194/24 2085/1195/24 2086/1196/11 
f 2078/1188/1 2087/1197/1 2086/1196/1 2079/1189/1 
f 2086/1196/1 2085/1195/1 2073/1183/1 2079/1189/1 
f 2079/1189/1 2073/1183/1 2076/1186/1 2088/1198/1 
f 2076/1186/1 2065/1175/1 2068/1178/1 2088/1198/1 
f 2065/1175/1 2076/1186/1 2089/1199/1 2069/1179/1 
f 2072/1182/1 2055/1165/1 2065/1175/1 2069/1179/1 
f 2055/1165/1 2072/1182/1 2049/1159/1 2056/1166/1 
f 2056/1166/1 2049/1159/1 2057/1167/1 2081/1191/1 
f 2057/1167/1 2049/1159/1 2052/1162/1 2090/1200/1 
f 2090/1200/1 2091/1201/1 2058/1168/1 2057/1167/1 
f 2058/1168/1 2091/1201/1 2062/1172/1 2061/1171/1 
f 2092/1202/1 2093/1203/1 2094/1204/1 2095/1205/1 
f 2096/1206/1 2095/1205/1 2094/1204/1 2097/1207/1 
f 2097/1207/1 2098/1208/1 2099/1209/1 2096/1206/1 
f 2098/1208/1 2100/1210/1 2101/1211/1 2099/1209/1 
f 2100/1210/1 2083/1193/1 2102/1212/1 2101/1211/1 
f 2083/1193/1 2100/1210/1 2074/1184/1 2084/1194/1 
f 2075/1185/1 2074/1184/1 2100/1210/1 2103/1213/1 
f 2103/1213/1 2070/1180/1 2104/1214/1 2075/1185/1 
f 2070/1180/1 2103/1213/1 2105/1215/1 2071/1181/1 
f 2105/1215/1 2051/1161/1 2050/1160/1 2071/1181/1 
f 2105/1215/1 2106/1216/1 2107/1217/1 2051/1161/1 
f 2108/1218/1 2107/1217/1 2106/1216/1 2063/1173/1 
f 2064/1174/1 2063/1173/1 2106/1216/1 2109/1219/1 
f 2109/1219/1 2060/1170/1 2059/1169/1 2064/1174/1 
f 2110/1220/1 2082/1192/1 2060/1170/1 2109/1219/1 
f 2082/1192/1 2110/1220/1 2111/1221/1 2053/1163/1 
f 2111/1221/1 2066/1176/1 2054/1164/1 2053/1163/1 
f 2111/1221/1 2112/1222/1 2067/1177/1 2066/1176/1 
f 2112/1222/1 2080/1190/1 2113/1223/1 2067/1177/1 
f 2080/1190/1 2112/1222/1 2102/1212/1 2077/1187/1 
f 2102/1212/1 2112/1222/1 2101/1211/1 
f 2114/1224/1 2109/1219/1 2106/1216/1 2115/1225/1 
f 2116/1226/1 2114/1224/1 2115/1225/1 2117/1227/1 
f 2118/1228/1 2119/1229/1 2116/1226/1 2117/1227/1 
f 2119/1229/1 2118/1228/1 2120/1230/1 
f 2086/1196/11 2087/1197/10 2102/1212/10 2083/1193/11 
f 2089/1199/30 2104/1214/30 2070/1180/3 2069/1179/3 
f 2065/1175/17 2055/1165/19 2054/1164/19 2066/1176/17 
f 2088/1198/13 2113/1223/13 2080/1190/14 2079/1189/14 
f 2084/1194/24 2074/1184/20 2073/1183/20 2085/1195/24 
f 2075/1185/21 2104/1214/30 2089/1199/30 2076/1186/21 
f 2113/1223/13 2088/1198/13 2068/1178/18 2067/1177/18 
f 2060/1170/25 2082/1192/16 2081/1191/16 2057/1167/25 
f 2090/1200/22 2052/1162/27 2051/1161/27 2107/1217/22 
f 2090/1200/22 2107/1217/22 2108/1218/23 2091/1201/23 
f 2049/1159/28 2072/1182/12 2071/1181/12 2050/1160/28 
f 2091/1201/23 2108/1218/23 2063/1173/6 2062/1172/6 
f 2078/1188/9 2077/1187/9 2102/1212/10 2087/1197/10 
f 2121/1231/24 2122/1232/11 2123/1233/11 2124/1234/24 
f 2125/1235/17 2016/1126/17 2018/1128/18 2126/1236/18 
f 2127/1237/15 2128/1238/16 2129/1239/16 2130/1240/15 
f 2131/1241/13 2132/1242/14 2133/1243/14 2134/1244/13 
f 2135/1245/23 2136/1246/6 2137/1247/6 2138/1248/23 
f 2139/1247/1 2140/1249/1 2141/1250/1 2142/1251/1 
f 2141/1250/1 2093/1203/1 2092/1202/1 2142/1251/1 
f 2093/1203/1 2141/1250/1 2143/1252/1 2094/1204/1 
f 2094/1204/1 2143/1252/1 2144/1253/1 2097/1207/1 
f 2145/1254/1 2098/1208/1 2097/1207/1 2144/1253/1 
f 2145/1254/1 2146/1255/1 2100/1210/1 2098/1208/1 
f 2146/1255/1 2147/1256/1 2103/1213/1 2100/1210/1 
f 2103/1213/1 2147/1256/1 2106/1216/1 2105/1215/1 
f 2148/1257/1 2115/1225/1 2106/1216/1 2147/1256/1 
f 2149/1258/1 2117/1227/1 2115/1225/1 2148/1257/1 
f 2150/1259/1 2118/1228/1 2117/1227/1 2149/1258/1 
f 2151/1260/1 2120/1230/1 2118/1228/1 2150/1259/1 
f 2151/1260/1 2152/1261/1 2153/1262/1 2120/1230/1 
f 2120/1230/1 2153/1262/1 2116/1226/1 2119/1229/1 
f 2154/1263/1 2114/1224/1 2116/1226/1 2153/1262/1 
f 2154/1263/1 2155/1264/1 2109/1219/1 2114/1224/1 
f 2109/1219/1 2155/1264/1 2156/1265/1 2110/1220/1 
f 2110/1220/1 2156/1265/1 2157/1266/1 2111/1221/1 
f 2157/1266/1 2158/1267/1 2112/1222/1 2111/1221/1 
f 2159/1268/1 2101/1211/1 2112/1222/1 2158/1267/1 
f 2101/1211/1 2159/1268/1 2160/1269/1 2099/1209/1 
f 2099/1209/1 2160/1269/1 2095/1205/1 2096/1206/1 
f 2095/1205/1 2160/1269/1 2161/1270/1 2092/1202/1 
f 2092/1202/1 2161/1270/1 2142/1251/1 
f 2152/1261/1 2151/1260/1 2162/1271/1 
f 2163/1272/10 2164/1273/9 2165/1274/9 2166/1275/10 
f 2122/1232/11 2163/1272/10 2166/1275/10 2123/1233/11 
f 2167/1276/14 2168/1277/13 2169/1278/13 2170/1279/14 
f 2171/1280/25 2172/1281/25 2173/1282/16 2174/1283/16 
f 2002/1112/22 2167/1276/22 2168/1277/27 
f 2168/1277/27 2001/1111/27 2002/1112/22 
f 2175/1284/21 2176/1285/30 2177/1286/30 2178/1287/21 
f 2006/1116/29 2122/1232/29 2163/1272/6 
f 2163/1272/6 2004/1114/6 2006/1116/29 
f 1987/1097/11 2179/1288/11 2137/1247/10 1984/1094/10 
f 2163/1272/6 2164/1273/23 2005/1115/23 
f 2005/1115/23 2004/1114/6 2163/1272/6 
f 2164/1273/9 2167/1276/14 2170/1279/14 2165/1274/9 
f 2180/1289/11 2181/1290/24 2182/1291/24 2183/1292/11 
f 2184/1293/21 2185/1294/21 2186/1295/30 2187/1296/30 
f 2188/1297/22 2189/1298/27 2190/1299/27 2191/1300/22 
f 2121/1231/26 2122/1232/29 2006/1116/29 
f 2006/1116/29 2009/1119/26 2121/1231/26 
f 2192/1301/29 2193/1302/6 2194/1303/6 2195/1304/29 
f 2196/1305/20 2197/1306/24 1989/1099/24 1988/1098/20 
f 2198/1307/9 2199/1308/9 2133/1243/14 2132/1242/14 
f 2134/1244/13 2200/1309/18 2201/1310/18 2131/1241/13 
f 2127/1237/30 2128/1238/21 1991/1101/21 
f 1991/1101/21 1993/1103/30 2127/1237/30 
f 2130/1240/15 2202/1311/19 2203/1312/19 2127/1237/15 
f 2020/1130/13 2204/1313/13 2126/1236/18 2018/1128/18 
f 2128/1238/16 2196/1305/25 2205/1314/25 2129/1239/16 
f 2176/1285/30 2206/1315/3 2207/1316/3 2177/1286/30 
f 2208/1317/20 2175/1284/21 2178/1287/21 2209/1318/20 
f 2182/1291/1 2199/1308/1 2210/1319/1 2183/1292/1 
f 2136/1246/1 2199/1308/1 2182/1291/1 2211/1320/1 
f 2211/1320/1 2182/1291/1 2212/1321/1 2213/1322/1 
f 2212/1321/1 2184/1293/1 2205/1314/1 2213/1322/1 
f 2187/1296/1 2129/1239/1 2205/1314/1 2184/1293/1 
f 2187/1296/1 2214/1323/1 2130/1240/1 2129/1239/1 
f 2130/1240/1 2214/1323/1 2215/1324/1 2202/1311/1 
f 2216/1325/1 2202/1311/1 2215/1324/1 2217/1326/1 
f 2218/1327/1 2169/1278/1 2217/1326/1 2215/1324/1 
f 2170/1279/1 2169/1278/1 2218/1327/1 2189/1298/1 
f 2165/1274/1 2170/1279/1 2189/1298/1 2188/1297/1 
f 2219/1328/1 2166/1275/1 2165/1274/1 2188/1297/1 
f 2192/1301/1 2123/1233/1 2166/1275/1 2219/1328/1 
f 2124/1234/1 2123/1233/1 2192/1301/1 2220/1329/1 
f 2171/1280/1 2208/1317/1 2124/1234/1 2220/1329/1 
f 2174/1283/1 2175/1284/1 2208/1317/1 2171/1280/1 
f 2175/1284/1 2174/1283/1 2221/1330/1 2176/1285/1 
f 2222/1331/1 2206/1315/1 2176/1285/1 2221/1330/1 
f 2223/1332/1 2206/1315/1 2222/1331/1 2224/1333/1 
f 2224/1333/1 2200/1309/1 2225/1334/1 2223/1332/1 
f 2226/1335/1 2225/1334/1 2200/1309/1 2134/1244/1 
f 2134/1244/1 2133/1243/1 2227/1336/1 2226/1335/1 
f 2135/1245/1 2227/1336/1 2133/1243/1 2136/1246/1 
f 2136/1246/1 2133/1243/1 2199/1308/1 
f 2192/1301/1 2219/1328/1 2193/1302/1 
f 2005/1115/23 2164/1273/23 2167/1276/22 
f 2167/1276/22 2002/1112/22 2005/1115/23 
f 2228/1337/22 2227/1336/22 2135/1245/23 2138/1248/23 
f 2124/1234/24 2208/1317/20 2209/1318/20 2121/1231/24 
f 2203/1312/19 2202/1311/19 2216/1325/17 2229/1338/17 
f 2137/1247/1 2179/1288/1 2140/1249/1 2139/1247/1 
f 2140/1249/1 2179/1288/1 2197/1306/1 2141/1250/1 
f 2141/1250/1 2197/1306/1 2196/1305/1 2143/1252/1 
f 2143/1252/1 2196/1305/1 2128/1238/1 2144/1253/1 
f 2144/1253/1 2128/1238/1 2127/1237/1 2145/1254/1 
f 2203/1312/1 2146/1255/1 2145/1254/1 2127/1237/1 
f 2203/1312/1 2229/1338/1 2147/1256/1 2146/1255/1 
f 2229/1338/1 2230/1339/1 2148/1257/1 2147/1256/1 
f 2230/1339/1 2168/1277/1 2149/1258/1 2148/1257/1 
f 2149/1258/1 2168/1277/1 2167/1276/1 2150/1259/1 
f 2151/1260/1 2150/1259/1 2167/1276/1 2164/1273/1 
f 2162/1271/1 2151/1260/1 2164/1273/1 2163/1272/1 
f 2162/1271/1 2163/1272/1 2122/1232/1 2152/1261/1 
f 2152/1261/1 2122/1232/1 2121/1231/1 2153/1262/1 
f 2153/1262/1 2121/1231/1 2209/1318/1 2154/1263/1 
f 2155/1264/1 2154/1263/1 2209/1318/1 2178/1287/1 
f 2177/1286/1 2156/1265/1 2155/1264/1 2178/1287/1 
f 2207/1316/1 2157/1266/1 2156/1265/1 2177/1286/1 
f 2125/1235/1 2158/1267/1 2157/1266/1 2207/1316/1 
f 2158/1267/1 2125/1235/1 2126/1236/1 2159/1268/1 
f 2126/1236/1 2204/1313/1 2160/1269/1 2159/1268/1 
f 2204/1313/1 2228/1337/1 2161/1270/1 2160/1269/1 
f 2138/1248/1 2142/1251/1 2161/1270/1 2228/1337/1 
f 2138/1248/1 2137/1247/1 2139/1247/1 2142/1251/1 
f 2168/1277/13 2230/1339/18 2217/1326/18 2169/1278/13 
f 2231/1340/26 2172/1281/25 2171/1280/25 2220/1329/26 
f 1989/1099/24 2197/1306/24 2179/1288/11 1987/1097/11 
f 2177/1286/15 2178/1287/16 2013/1123/16 
f 2013/1123/16 2015/1125/15 2177/1286/15 
f 2232/1341/3 2233/1342/12 2215/1324/12 2214/1323/3 
f 2220/1329/26 2192/1301/29 2195/1304/29 2231/1340/26 
f 2230/1339/18 2229/1338/17 2216/1325/17 2217/1326/18 
f 2185/1294/21 2184/1293/21 2212/1321/20 2234/1343/20 
f 2189/1298/27 2218/1327/28 2235/1344/28 2190/1299/27 
f 2127/1237/30 1993/1103/30 1995/1105/3 
f 1995/1105/3 2203/1312/3 2127/1237/30 
f 2022/1132/14 2228/1337/14 2204/1313/13 2020/1130/13 
f 2179/1288/29 2137/1247/6 2136/1246/6 
f 2136/1246/6 2211/1320/29 2179/1288/29 
f 2009/1119/26 2011/1121/25 2209/1318/25 
f 2209/1318/25 2121/1231/26 2009/1119/26 
f 2235/1344/28 2218/1327/28 2215/1324/12 2233/1342/12 
f 2001/1111/27 2168/1277/27 2230/1339/28 
f 2230/1339/28 1999/1109/28 2001/1111/27 
f 2024/1134/9 1984/1094/10 2137/1247/10 
f 2137/1247/10 2138/1248/9 2024/1134/9 
f 2197/1306/26 2213/1322/26 2205/1314/25 
f 2205/1314/25 2196/1305/25 2197/1306/26 
f 2236/1345/15 2237/1346/19 2222/1331/19 2221/1330/15 
f 2236/1345/15 2221/1330/15 2174/1283/16 2173/1282/16 
f 2183/1292/11 2210/1319/10 2238/1347/10 2180/1289/11 
f 1995/1105/3 1997/1107/12 2229/1338/12 
f 2229/1338/12 2203/1312/3 1995/1105/3 
f 2239/1348/23 2194/1303/6 2193/1302/6 2219/1328/23 
f 2234/1343/20 2212/1321/20 2182/1291/24 2181/1290/24 
f 2240/1349/17 2201/1310/18 2200/1309/18 2224/1333/17 
f 1997/1107/12 1999/1109/28 2230/1339/28 
f 2230/1339/28 2229/1338/12 1997/1107/12 
f 2125/1235/12 2207/1316/3 2206/1315/3 2223/1332/12 
f 2226/1335/27 2204/1313/27 2126/1236/28 
f 2126/1236/28 2225/1334/28 2226/1335/27 
f 2188/1297/22 2191/1300/22 2239/1348/23 2219/1328/23 
f 2227/1336/22 2228/1337/22 2204/1313/27 
f 2204/1313/27 2226/1335/27 2227/1336/22 
f 2017/1127/19 2207/1316/19 2177/1286/15 
f 2177/1286/15 2015/1125/15 2017/1127/19 
f 2011/1121/25 2013/1123/16 2178/1287/16 
f 2178/1287/16 2209/1318/25 2011/1121/25 
f 2186/1295/30 2232/1341/3 2214/1323/3 2187/1296/30 
f 2237/1346/19 2240/1349/17 2224/1333/17 2222/1331/19 
f 2180/1289/2 2238/1347/2 2198/1307/2 2132/1242/2 
f 2180/1289/2 2132/1242/2 2138/1248/2 
f 2138/1248/2 2137/1247/2 2180/1289/2 
f 2138/1248/2 2132/1242/2 2131/1241/2 
f 2131/1241/2 2228/1337/2 2138/1248/2 
f 2228/1337/2 2131/1241/2 2201/1310/2 
f 2201/1310/2 2204/1313/2 2228/1337/2 
f 2126/1236/2 2204/1313/2 2201/1310/2 
f 2201/1310/2 2240/1349/2 2126/1236/2 
f 2125/1235/2 2126/1236/2 2240/1349/2 
f 2240/1349/2 2237/1346/2 2125/1235/2 
f 2207/1316/2 2125/1235/2 2237/1346/2 
f 2237/1346/2 2236/1345/2 2207/1316/2 
f 2177/1286/2 2207/1316/2 2236/1345/2 
f 2236/1345/2 2178/1287/2 2177/1286/2 
f 2178/1287/2 2236/1345/2 2173/1282/2 
f 2173/1282/2 2209/1318/2 2178/1287/2 
f 2173/1282/2 2172/1281/2 2121/1231/2 
f 2121/1231/2 2209/1318/2 2173/1282/2 
f 2122/1232/2 2121/1231/2 2172/1281/2 
f 2172/1281/2 2231/1340/2 2122/1232/2 
f 2163/1272/2 2122/1232/2 2231/1340/2 
f 2231/1340/2 2195/1304/2 2163/1272/2 
f 2164/1273/2 2163/1272/2 2195/1304/2 
f 2195/1304/2 2239/1348/2 2164/1273/2 
f 2191/1300/2 2167/1276/2 2164/1273/2 
f 2164/1273/2 2239/1348/2 2191/1300/2 
f 2167/1276/2 2191/1300/2 2190/1299/2 
f 2190/1299/2 2168/1277/2 2167/1276/2 
f 2168/1277/2 2190/1299/2 2235/1344/2 
f 2235/1344/2 2230/1339/2 2168/1277/2 
f 2230/1339/2 2235/1344/2 2233/1342/2 
f 2233/1342/2 2229/1338/2 2230/1339/2 
f 2233/1342/2 2232/1341/2 2203/1312/2 
f 2203/1312/2 2229/1338/2 2233/1342/2 
f 2127/1237/2 2203/1312/2 2232/1341/2 
f 2232/1341/2 2186/1295/2 2127/1237/2 
f 2128/1238/2 2127/1237/2 2186/1295/2 
f 2186/1295/2 2185/1294/2 2128/1238/2 
f 2234/1343/2 2196/1305/2 2128/1238/2 
f 2128/1238/2 2185/1294/2 2234/1343/2 
f 2234/1343/2 2181/1290/2 2197/1306/2 
f 2197/1306/2 2196/1305/2 2234/1343/2 
f 2137/1247/2 2179/1288/2 2197/1306/2 
f 2197/1306/2 2181/1290/2 2137/1247/2 
f 2137/1247/2 2181/1290/2 2180/1289/2 
f 2239/1348/2 2195/1304/2 2194/1303/2 
f 2024/1134/9 2138/1248/9 2228/1337/14 
f 2228/1337/14 2022/1132/14 2024/1134/9 
f 2196/1305/20 1988/1098/20 1991/1101/21 
f 1991/1101/21 2128/1238/21 2196/1305/20 
f 2179/1288/29 2211/1320/29 2213/1322/26 
f 2213/1322/26 2197/1306/26 2179/1288/29 
f 2125/1235/17 2207/1316/19 2017/1127/19 
f 2017/1127/19 2016/1126/17 2125/1235/17 
f 2125/1235/12 2223/1332/12 2225/1334/28 
f 2225/1334/28 2126/1236/28 2125/1235/12 
f 2198/1307/9 2238/1347/10 2210/1319/10 2199/1308/9 
usemtl Material__28
f 2241/2/3 2242/2/3 2243/2/3 2244/2/3 
f 2245/2/3 2244/2/3 2243/2/3 2246/2/3 
f 2245/2/3 2246/2/3 2247/2/3 2248/2/3 
f 2248/2/3 2247/2/3 2249/2/3 2250/2/3 
f 2250/2/3 2249/2/3 2251/2/3 2252/2/3 
f 2252/2/3 2251/2/3 2253/2/3 2254/2/3 
f 2254/2/3 2253/2/3 2255/2/3 2256/2/3 
f 2256/2/3 2255/2/3 2257/2/3 2258/2/3 
f 2258/2/3 2257/2/3 2259/2/3 2260/2/3 
f 2261/2/3 2260/2/3 2259/2/3 2262/2/3 
f 2263/2/3 2261/2/3 2262/2/3 2264/2/3 
f 2265/2/19 2266/2/19 2267/2/19 2268/2/19 
f 2269/2/19 2270/2/19 2267/2/19 2266/2/19 
f 2271/2/19 2270/2/19 2269/2/19 2272/2/19 
f 2273/2/19 2271/2/19 2272/2/19 2274/2/19 
f 2271/2/19 2273/2/19 2275/2/19 2276/2/19 
f 2277/2/19 2275/2/19 2273/2/19 2278/2/19 
f 2278/2/19 2279/2/19 2280/2/19 2277/2/19 
f 2281/2/19 2280/2/19 2279/2/19 2282/2/19 
f 2280/2/19 2281/2/19 2283/2/19 2284/2/19 
f 2285/2/19 2283/2/19 2281/2/19 2286/2/19 
f 2286/2/19 2287/2/19 2288/2/19 2285/2/19 
f 2289/2/31 2290/2/31 2291/2/31 2292/2/31 
f 2293/2/32 2294/2/32 2295/2/32 2296/2/32 
f 2297/2/33 2298/2/34 2299/2/34 2300/2/33 
f 2301/2/35 2302/2/36 2303/2/36 2304/2/35 
f 2305/2/37 2306/2/37 2307/2/38 2308/2/38 
f 2309/2/39 2310/2/39 2311/2/39 2312/2/39 
f 2269/2/40 2266/2/41 2313/2/41 2314/2/40 
f 2315/2/42 2316/2/42 2317/2/42 2318/2/42 
f 2319/2/43 2320/2/43 2321/2/43 2322/2/43 
f 2296/2/44 2323/2/44 2324/2/44 2293/2/44 
f 2325/2/45 2326/2/45 2327/2/45 2328/2/45 
f 2329/2/46 2327/2/46 2326/2/46 2330/2/46 
f 2331/2/47 2332/2/47 2333/2/47 2317/2/47 
f 2334/2/48 2335/2/48 2336/2/48 2337/2/48 
f 2338/2/49 2339/2/49 2292/2/49 2291/2/49 
f 2340/2/50 2341/2/50 2342/2/50 2343/2/50 
f 2292/2/51 2344/2/51 2345/2/51 2289/2/51 
f 2346/2/52 2282/2/52 2279/2/53 2347/2/53 
f 2326/2/54 2325/2/54 2348/2/54 2349/2/54 
f 2350/2/55 2351/2/55 2309/2/55 2352/2/55 
f 2300/2/33 2353/2/56 2354/2/56 2297/2/33 
f 2355/2/57 2356/2/57 2357/2/57 2358/2/57 
f 2359/2/58 2360/2/58 2361/2/58 2362/2/58 
f 2363/2/59 2364/2/59 2336/2/59 2335/2/59 
f 2365/2/60 2366/2/60 2367/2/60 2368/2/60 
f 2323/2/61 2331/2/61 2369/2/61 2324/2/61 
f 2313/2/62 2370/2/62 2371/2/63 2314/2/63 
f 2372/2/64 2373/2/64 2374/2/64 2375/2/64 
f 2376/2/65 2377/2/65 2378/2/65 2379/2/65 
f 2304/2/66 2303/2/66 2380/2/66 2381/2/66 
f 2382/2/67 2383/2/67 2374/2/67 2384/2/67 
f 2385/2/68 2386/2/68 2387/2/68 2388/2/68 
f 2389/2/69 2390/2/69 2311/2/69 2391/2/69 
f 2392/2/70 2345/2/70 2393/2/70 2394/2/70 
f 2395/2/71 2396/2/71 2397/2/71 2398/2/71 
f 2353/2/56 2399/2/72 2400/2/72 2354/2/56 
f 2347/2/73 2401/2/74 2396/2/74 2389/2/73 
f 2402/2/75 2308/2/38 2307/2/38 2403/2/75 
f 2324/2/76 2356/2/76 2404/2/76 2293/2/76 
f 2378/2/77 2405/2/77 2370/2/77 2406/2/77 
f 2407/2/78 2403/2/79 2280/2/79 2284/2/78 
f 2406/2/80 2408/2/80 2379/2/80 2378/2/80 
f 2409/2/81 2410/2/81 2411/2/81 2376/2/81 
f 2412/2/82 2413/2/82 2414/2/82 2338/2/82 
f 2334/2/83 2415/2/83 2416/2/83 2335/2/83 
f 2310/2/84 2417/2/84 2391/2/84 2311/2/84 
f 2296/2/85 2295/2/85 2411/2/85 2410/2/85 
f 2418/2/86 2419/2/86 2368/2/86 2420/2/86 
f 2421/2/87 2422/2/87 2423/2/87 2424/2/87 
f 2293/2/88 2404/2/88 2425/2/88 2294/2/88 
f 2281/2/89 2426/2/89 2427/2/90 2286/2/90 
f 2280/2/79 2403/2/79 2307/2/91 2277/2/91 
f 2428/2/92 2429/2/92 2430/2/92 2431/2/92 
f 2432/2/93 2433/2/93 2434/2/93 2371/2/93 
f 2435/2/94 2327/2/94 2329/2/94 2436/2/94 
f 2398/2/95 2437/2/95 2438/2/95 2395/2/95 
f 2439/2/96 2408/2/96 2406/2/97 2440/2/97 
f 2441/2/98 2397/2/99 2442/2/99 2443/2/98 
f 2305/2/37 2400/2/72 2399/2/72 2306/2/37 
f 2362/2/100 2444/2/100 2445/2/100 2359/2/100 
f 2446/2/101 2352/2/101 2424/2/101 2423/2/101 
f 2447/2/102 2384/2/102 2374/2/102 2373/2/102 
f 2316/2/103 2315/2/103 2343/2/103 2342/2/103 
f 2448/2/104 2449/2/104 2450/2/104 2332/2/104 
f 2451/2/105 2452/2/105 2453/2/105 2366/2/105 
f 2365/2/106 2454/2/106 2451/2/106 2366/2/106 
f 2407/2/107 2455/2/107 2402/2/75 2403/2/75 
f 2456/2/108 2457/2/108 2423/2/108 2422/2/108 
f 2327/2/109 2435/2/109 2363/2/109 2328/2/109 
f 2328/2/110 2416/2/110 2458/2/110 2325/2/110 
f 2318/2/111 2317/2/111 2333/2/111 2459/2/111 
f 2460/2/3 2242/2/3 2241/2/3 2461/2/3 
f 2462/2/3 2461/2/3 2241/2/3 2244/2/3 
f 2463/2/3 2462/2/3 2244/2/3 2245/2/3 
f 2364/2/3 2463/2/3 2245/2/3 2248/2/3 
f 2364/2/3 2248/2/3 2250/2/3 2336/2/3 
f 2252/2/3 2337/2/3 2336/2/3 2250/2/3 
f 2254/2/3 2464/2/3 2337/2/3 2252/2/3 
f 2464/2/3 2254/2/3 2256/2/3 2465/2/3 
f 2465/2/3 2256/2/3 2258/2/3 2466/2/3 
f 2258/2/3 2260/2/3 2467/2/3 2466/2/3 
f 2261/2/3 2445/2/3 2467/2/3 2260/2/3 
f 2261/2/3 2263/2/3 2359/2/3 2445/2/3 
f 2359/2/3 2263/2/3 2264/2/3 2360/2/3 
f 2264/2/3 2262/2/3 2468/2/3 2360/2/3 
f 2468/2/3 2262/2/3 2259/2/3 2469/2/3 
f 2470/2/3 2469/2/3 2259/2/3 2257/2/3 
f 2471/2/3 2470/2/3 2257/2/3 2255/2/3 
f 2255/2/3 2253/2/3 2340/2/3 2471/2/3 
f 2340/2/3 2253/2/3 2251/2/3 2341/2/3 
f 2358/2/3 2341/2/3 2251/2/3 2249/2/3 
f 2358/2/3 2249/2/3 2247/2/3 2355/2/3 
f 2355/2/3 2247/2/3 2246/2/3 2472/2/3 
f 2472/2/3 2246/2/3 2243/2/3 2473/2/3 
f 2460/2/3 2473/2/3 2243/2/3 2242/2/3 
f 2474/2/112 2411/2/112 2295/2/112 2475/2/112 
f 2385/2/113 2476/2/113 2475/2/113 2386/2/113 
f 2405/2/114 2430/2/114 2429/2/114 2432/2/114 
f 2377/2/115 2376/2/115 2411/2/115 2474/2/115 
f 2394/2/116 2477/2/116 2465/2/116 2466/2/116 
f 2413/2/117 2478/2/117 2321/2/117 2320/2/117 
f 2283/2/118 2479/2/118 2407/2/78 2284/2/78 
f 2398/2/119 2397/2/119 2441/2/119 2480/2/119 
f 2410/2/120 2409/2/120 2449/2/120 2448/2/120 
f 2363/2/121 2335/2/121 2416/2/121 2328/2/121 
f 2415/2/122 2481/2/122 2458/2/122 2416/2/122 
f 2282/2/52 2346/2/52 2426/2/89 2281/2/89 
f 2482/2/123 2479/2/118 2283/2/118 2285/2/123 
f 2428/2/124 2330/2/124 2326/2/124 2349/2/124 
f 2483/2/125 2427/2/125 2426/2/126 2417/2/126 
f 2323/2/127 2448/2/127 2332/2/127 2331/2/127 
f 2402/2/128 2455/2/128 2484/2/128 2453/2/128 
f 2408/2/129 2298/2/129 2485/2/129 2379/2/129 
f 2462/2/130 2436/2/130 2388/2/130 2461/2/130 
f 2409/2/131 2376/2/131 2379/2/131 2485/2/131 
f 2456/2/132 2486/2/132 2477/2/132 2457/2/132 
f 2441/2/98 2443/2/98 2487/2/133 2434/2/133 
f 2294/2/134 2386/2/134 2475/2/134 2295/2/134 
f 2324/2/135 2369/2/135 2357/2/135 2356/2/135 
f 2287/2/136 2302/2/136 2301/2/6 2288/2/6 
f 2276/2/137 2399/2/137 2353/2/138 2271/2/138 
f 2334/2/139 2486/2/139 2456/2/139 2415/2/139 
f 2289/2/140 2444/2/140 2362/2/140 2290/2/140 
f 2409/2/141 2485/2/141 2488/2/141 2449/2/141 
f 2356/2/142 2355/2/142 2472/2/142 2404/2/142 
f 2489/2/143 2290/2/143 2362/2/143 2361/2/143 
f 2490/2/144 2468/2/144 2469/2/144 2372/2/144 
f 2375/2/145 2491/2/145 2490/2/145 2372/2/145 
f 2486/2/146 2334/2/146 2337/2/146 2464/2/146 
f 2439/2/147 2268/2/147 2267/2/148 2299/2/148 
f 2275/2/2 2306/2/2 2399/2/137 2276/2/137 
f 2492/2/149 2493/2/149 2494/2/149 2495/2/149 
f 2453/2/150 2484/2/150 2367/2/150 2366/2/150 
f 2450/2/151 2494/2/151 2333/2/151 2332/2/151 
f 2468/2/152 2490/2/152 2361/2/152 2360/2/152 
f 2368/2/153 2367/2/153 2478/2/153 2420/2/153 
f 2286/2/90 2427/2/90 2302/2/136 2287/2/136 
f 2301/2/6 2482/2/123 2285/2/123 2288/2/6 
f 2291/2/154 2496/2/154 2412/2/154 2338/2/154 
f 2344/2/155 2446/2/155 2393/2/155 2345/2/155 
f 2461/2/156 2388/2/156 2387/2/156 2460/2/156 
f 2435/2/157 2463/2/157 2364/2/157 2363/2/157 
f 2365/2/158 2368/2/158 2419/2/158 2383/2/158 
f 2298/2/34 2408/2/96 2439/2/96 2299/2/34 
f 2489/2/159 2496/2/159 2291/2/159 2290/2/159 
f 2486/2/160 2464/2/160 2465/2/160 2477/2/160 
f 2318/2/161 2382/2/161 2384/2/161 2315/2/161 
f 2395/2/162 2390/2/162 2389/2/162 2396/2/162 
f 2349/2/163 2497/2/163 2429/2/163 2428/2/163 
f 2320/2/164 2319/2/164 2304/2/164 2381/2/164 
f 2498/2/165 2497/2/165 2349/2/165 2348/2/165 
f 2451/2/166 2493/2/166 2492/2/166 2452/2/166 
f 2308/2/167 2452/2/167 2492/2/167 2305/2/167 
f 2495/2/168 2494/2/168 2450/2/168 2499/2/168 
f 2268/2/147 2439/2/147 2440/2/10 2265/2/10 
f 2271/2/138 2353/2/138 2300/2/169 2270/2/169 
f 2419/2/170 2418/2/170 2491/2/170 2375/2/170 
f 2432/2/171 2429/2/171 2497/2/171 2433/2/171 
f 2431/2/172 2476/2/172 2330/2/172 2428/2/172 
f 2472/2/173 2473/2/173 2425/2/173 2404/2/173 
f 2311/2/174 2390/2/174 2500/2/174 2312/2/174 
f 2405/2/175 2432/2/175 2371/2/175 2370/2/175 
f 2374/2/176 2383/2/176 2419/2/176 2375/2/176 
f 2470/2/177 2471/2/177 2447/2/177 2373/2/177 
f 2339/2/178 2338/2/178 2414/2/178 2501/2/178 
f 2420/2/179 2412/2/179 2496/2/179 2418/2/179 
f 2377/2/180 2474/2/180 2431/2/180 2430/2/180 
f 2395/2/181 2438/2/181 2500/2/181 2390/2/181 
f 2341/2/182 2358/2/182 2357/2/182 2342/2/182 
f 2481/2/183 2502/2/183 2503/2/183 2458/2/183 
f 2385/2/184 2388/2/184 2436/2/184 2329/2/184 
f 2405/2/185 2378/2/185 2377/2/185 2430/2/185 
f 2387/2/186 2386/2/186 2294/2/186 2425/2/186 
f 2495/2/187 2400/2/187 2305/2/187 2492/2/187 
f 2270/2/169 2300/2/169 2299/2/148 2267/2/148 
f 2391/2/188 2346/2/188 2347/2/73 2389/2/73 
f 2483/2/189 2504/2/189 2380/2/189 2303/2/189 
f 2320/2/190 2381/2/190 2414/2/190 2413/2/190 
f 2480/2/191 2433/2/191 2497/2/191 2498/2/191 
f 2413/2/192 2412/2/192 2420/2/192 2478/2/192 
f 2331/2/193 2317/2/193 2316/2/193 2369/2/193 
f 2373/2/194 2372/2/194 2469/2/194 2470/2/194 
f 2398/2/195 2480/2/195 2498/2/195 2437/2/195 
f 2316/2/196 2342/2/196 2357/2/196 2369/2/196 
f 2272/2/197 2269/2/40 2314/2/40 2487/2/197 
f 2414/2/198 2381/2/198 2380/2/198 2501/2/198 
f 2277/2/91 2307/2/91 2306/2/2 2275/2/2 
f 2351/2/199 2350/2/199 2339/2/199 2501/2/199 
f 2297/2/200 2488/2/200 2485/2/200 2298/2/200 
f 2479/2/201 2482/2/202 2319/2/202 2322/2/201 
f 2304/2/35 2319/2/202 2482/2/202 2301/2/35 
f 2314/2/63 2371/2/63 2434/2/133 2487/2/133 
f 2278/2/1 2401/2/1 2347/2/53 2279/2/53 
f 2325/2/203 2458/2/203 2503/2/203 2348/2/203 
f 2407/2/107 2479/2/201 2322/2/201 2455/2/107 
f 2476/2/204 2385/2/204 2329/2/204 2330/2/204 
f 2393/2/205 2446/2/205 2423/2/205 2457/2/205 
f 2446/2/206 2344/2/206 2350/2/206 2352/2/206 
f 2476/2/207 2431/2/207 2474/2/207 2475/2/207 
f 2450/2/208 2449/2/208 2488/2/208 2499/2/208 
f 2346/2/188 2391/2/188 2417/2/126 2426/2/126 
f 2292/2/209 2339/2/209 2350/2/209 2344/2/209 
f 2493/2/210 2459/2/210 2333/2/210 2494/2/210 
f 2462/2/211 2463/2/211 2435/2/211 2436/2/211 
f 2434/2/212 2433/2/212 2480/2/212 2441/2/212 
f 2273/2/213 2442/2/213 2401/2/1 2278/2/1 
f 2272/2/197 2487/2/197 2443/2/214 2274/2/214 
f 2502/2/215 2438/2/215 2437/2/215 2503/2/215 
f 2351/2/216 2504/2/216 2310/2/216 2309/2/216 
f 2491/2/217 2489/2/217 2361/2/217 2490/2/217 
f 2500/2/218 2421/2/218 2424/2/218 2312/2/218 
f 2274/2/214 2443/2/214 2442/2/213 2273/2/213 
f 2312/2/219 2424/2/219 2352/2/219 2309/2/219 
f 2297/2/220 2354/2/220 2499/2/220 2488/2/220 
f 2455/2/221 2322/2/221 2321/2/221 2484/2/221 
f 2437/2/222 2498/2/222 2348/2/222 2503/2/222 
f 2444/2/223 2289/2/223 2345/2/223 2392/2/223 
f 2459/2/224 2454/2/224 2382/2/224 2318/2/224 
f 2296/2/225 2410/2/225 2448/2/225 2323/2/225 
f 2483/2/125 2303/2/36 2302/2/36 2427/2/125 
f 2422/2/226 2421/2/226 2502/2/226 2481/2/226 
f 2393/2/227 2457/2/227 2477/2/227 2394/2/227 
f 2447/2/228 2471/2/228 2340/2/228 2343/2/228 
f 2313/2/41 2266/2/41 2265/2/10 2440/2/10 
f 2445/2/229 2444/2/229 2392/2/229 2467/2/229 
f 2394/2/230 2466/2/230 2467/2/230 2392/2/230 
f 2478/2/231 2367/2/231 2484/2/231 2321/2/231 
f 2310/2/232 2504/2/232 2483/2/232 2417/2/232 
f 2418/2/233 2496/2/233 2489/2/233 2491/2/233 
f 2459/2/234 2493/2/234 2451/2/234 2454/2/234 
f 2500/2/235 2438/2/235 2502/2/235 2421/2/235 
f 2313/2/62 2440/2/97 2406/2/97 2370/2/62 
f 2308/2/236 2402/2/236 2453/2/236 2452/2/236 
f 2504/2/237 2351/2/237 2501/2/237 2380/2/237 
f 2387/2/238 2425/2/238 2473/2/238 2460/2/238 
f 2383/2/239 2382/2/239 2454/2/239 2365/2/239 
f 2401/2/74 2442/2/99 2397/2/99 2396/2/74 
f 2400/2/240 2495/2/240 2499/2/240 2354/2/240 
f 2456/2/241 2422/2/241 2481/2/241 2415/2/241 
f 2315/2/242 2384/2/242 2447/2/242 2343/2/242 
usemtl Material__27
f 2505/1350/796 2506/57/797 2507/60/798 
f 2508/1351/799 2505/1350/796 2507/60/798 
f 2509/1352/800 2510/103/801 2511/102/802 
f 2512/1353/803 2510/103/801 2509/1352/800 
f 2513/1354/804 2514/80/805 2515/78/806 
f 2516/1355/807 2514/80/805 2513/1354/804 
f 2517/1356/808 2518/1357/809 2519/1358/810 2520/1359/811 
f 2521/1360/812 2522/1361/813 2523/1362/814 2524/1363/815 
f 2525/1364/816 2526/1365/817 2527/1366/818 2528/1367/819 
f 2529/1368/820 2530/1369/821 2531/1370/822 2524/1363/815 
f 2532/1371/823 2533/1372/824 2534/1373/825 2535/1374/826 
f 2536/1375/827 2537/1376/828 2538/1377/829 2539/1378/830 
f 2540/1379/831 2541/1380/832 2542/1381/833 2543/1382/834 
f 2544/1383/835 2545/1384/836 2546/1385/837 2547/1386/838 
f 2548/72/839 2549/1387/840 2550/1388/841 
f 2551/70/842 2548/72/839 2550/1388/841 
f 2552/1389/843 2553/1390/844 2537/1376/828 2554/1391/845 
f 2555/1392/846 2556/1393/847 2535/1374/826 2534/1373/825 
f 2532/1371/823 2557/1394/848 2558/1395/849 2533/1372/824 
f 2559/1396/850 2560/1397/851 2561/1398/852 2562/1399/853 
f 2563/1400/854 2564/1401/855 2565/1402/856 2566/1403/857 
f 2567/1404/858 2568/63/859 2569/61/860 
f 2570/1405/861 2567/1404/858 2569/61/860 
f 2571/1406/862 2572/1407/863 2573/1408/864 2574/1409/865 
f 2512/1353/803 2575/104/866 2510/103/801 
f 2576/1410/867 2575/104/866 2512/1353/803 
f 2577/1411/868 2578/1412/869 2579/1413/870 2580/1414/871 
f 2581/1415/872 2582/1416/873 2583/64/874 
f 2583/64/874 2582/1416/873 2584/62/875 
f 2585/1417/876 2505/1350/796 2508/1351/799 2586/1418/877 
f 2587/1419/878 2588/1420/879 2589/1421/880 2590/1422/881 
f 2591/1423/882 2592/1424/883 2593/1425/884 2594/1426/885 
f 2595/1427/886 2515/78/806 2596/75/887 
f 2513/1354/804 2515/78/806 2595/1427/886 
f 2597/1428/888 2598/1429/889 2599/1430/890 2591/1423/882 
f 2600/1431/891 2601/1432/892 2602/1433/893 2603/1434/894 
f 2604/1435/895 2605/1436/896 2606/1437/897 2607/1438/898 
f 2608/1439/899 2609/1440/900 2599/1430/890 2610/1441/901 
f 2611/1442/902 2612/1443/903 2613/1444/904 2614/1445/905 
f 2615/1446/906 2616/1447/907 2559/1396/850 2562/1399/853 
f 2617/1448/908 2618/1449/909 2619/1450/910 2620/1451/911 
f 2621/1452/912 2622/1453/913 2623/1454/914 2624/1455/915 
f 2625/1456/916 2601/1432/892 2600/1431/891 2579/1413/870 
f 2552/1389/843 2626/1457/917 2627/1458/918 2553/1390/844 
f 2521/1360/812 2628/1459/919 2629/1460/920 2520/1359/811 
f 2630/96/921 2631/1461/922 2632/1462/923 
f 2630/96/921 2633/98/924 2631/1461/922 
f 2634/1463/925 2635/1464/926 2636/1465/927 2637/1466/928 
f 2638/1467/929 2511/102/802 2639/99/930 
f 2509/1352/800 2511/102/802 2638/1467/929 
f 2582/1416/873 2581/1415/872 2640/1468/931 2641/1469/932 
f 2642/1470/933 2643/1471/934 2644/1472/935 2645/1473/936 
f 2645/1473/936 2644/1472/935 2646/1474/937 2647/1475/938 
f 2648/1476/939 2649/1477/940 2617/1448/908 2620/1451/911 
f 2650/1478/941 2651/59/942 2584/62/875 
f 2582/1416/873 2650/1478/941 2584/62/875 
f 2564/1401/855 2639/99/930 2652/97/943 
f 2638/1467/929 2639/99/930 2564/1401/855 
f 2631/1461/922 2653/1479/944 2654/1480/945 2632/1462/923 
f 2655/1481/946 2656/1482/947 2657/1483/948 2578/1412/869 
f 2658/1484/949 2659/1485/950 2660/1486/951 2661/1487/952 
f 2662/1488/953 2663/1489/954 2664/1490/955 
f 2665/1491/956 2663/1489/954 2662/1488/953 
f 2666/1492/957 2667/82/958 2668/86/959 
f 2669/1493/960 2666/1492/957 2668/86/959 
f 2634/1463/925 2670/1494/961 2671/1495/962 2635/1464/926 
f 2672/1496/963 2673/84/964 2674/83/965 
f 2675/1497/966 2672/1496/963 2674/83/965 
f 2676/1498/967 2677/1499/968 2678/1500/969 2679/1501/970 
f 2680/1502/971 2618/1449/909 2617/1448/908 2681/1503/972 
f 2613/1444/904 2682/1504/973 2589/1421/880 2614/1445/905 
f 2653/1479/944 2683/1505/974 2534/1373/825 2533/1372/824 
f 2599/1430/890 2609/1440/900 2592/1424/883 2591/1423/882 
f 2675/1497/966 2674/83/965 2667/82/958 
f 2666/1492/957 2675/1497/966 2667/82/958 
f 2576/1410/867 2512/1353/803 2634/1463/925 2637/1466/928 
f 2554/1391/845 2537/1376/828 2536/1375/827 2684/1506/975 
f 2640/1468/931 2581/1415/872 2660/1486/951 2659/1485/950 
f 2586/1418/877 2685/1507/976 2541/1380/832 2540/1379/831 
f 2635/1464/926 2686/1508/977 2687/1509/978 2636/1465/927 
f 2688/1510/979 2689/1511/980 2612/1443/903 2611/1442/902 
f 2513/1354/804 2595/1427/886 2587/1419/878 
f 2590/1422/881 2513/1354/804 2587/1419/878 
f 2690/1512/981 2691/1513/982 2692/1514/983 2693/1515/984 
f 2694/1516/985 2621/1452/912 2695/1517/986 2696/1518/987 
f 2516/1355/807 2697/79/988 2514/80/805 
f 2698/1519/989 2697/79/988 2516/1355/807 
f 2666/1492/957 2559/1396/850 2616/1447/907 2675/1497/966 
f 2541/1380/832 2685/1507/976 2641/1469/932 2699/1520/990 
f 2675/1497/966 2616/1447/907 2700/1521/991 2672/1496/963 
f 2701/1522/992 2702/1523/993 2703/1524/994 2704/1525/995 
f 2705/1526/996 2528/1367/819 2648/1476/939 2620/1451/911 
f 2706/1527/997 2678/1500/969 2642/1470/933 2645/1473/936 
f 2707/1528/998 2708/1529/999 2709/1530/1000 2710/1531/1001 
f 2540/1379/831 2711/1532/1002 2585/1417/876 2586/1418/877 
f 2712/1533/1003 2671/1495/962 2670/1494/961 2713/1534/1004 
f 2657/1483/948 2714/1535/1005 2715/1536/1006 2625/1456/916 
f 2716/67/1007 2717/1537/1008 2718/1538/1009 
f 2719/65/1010 2717/1537/1008 2716/67/1007 
f 2720/1539/1011 2721/1540/1012 2690/1512/981 2722/1541/1013 
f 2595/1427/886 2596/75/887 2662/1488/953 
f 2596/75/887 2723/73/1014 2662/1488/953 
f 2508/1351/799 2650/1478/941 2685/1507/976 2586/1418/877 
f 2713/1534/1004 2670/1494/961 2509/1352/800 2638/1467/929 
f 2505/1350/796 2585/1417/876 2724/1542/1015 2725/1543/1016 
f 2610/1441/901 2599/1430/890 2598/1429/889 2726/1544/1017 
f 2643/1471/934 2543/1382/834 2542/1381/833 2727/1545/1018 
f 2585/1417/876 2711/1532/1002 2728/1546/1019 2724/1542/1015 
f 2729/88/1020 2730/1547/1021 2731/1548/1022 
f 2732/89/1023 2730/1547/1021 2729/88/1020 
f 2733/1549/1024 2671/1495/962 2712/1533/1003 2734/1550/1025 
f 2554/1391/845 2684/1506/975 2735/1551/1026 2718/1538/1009 
f 2736/1552/1027 2737/1553/1028 2715/1536/1006 2714/1535/1005 
f 2677/1499/968 2728/1546/1019 2711/1532/1002 2738/1554/1029 
f 2739/1555/1030 2740/1556/1031 2741/1557/1032 2742/1558/1033 
f 2727/1545/1018 2743/1559/1034 2744/1560/1035 2745/1561/1036 
f 2746/1562/1037 2517/1356/808 2694/1516/985 2696/1518/987 
f 2747/1563/1038 2748/1564/1039 2749/1565/1040 2750/1566/1041 
f 2751/1567/1042 2752/1568/1043 2526/1365/817 2525/1364/816 
f 2753/1569/1044 2546/1385/837 2545/1384/836 2754/1570/1045 
f 2755/1571/1046 2756/1572/1047 2757/1573/1048 2758/1574/1049 
f 2759/1575/1050 2760/1576/1051 2703/1524/994 2702/1523/993 
f 2761/1577/1052 2756/1572/1047 2755/1571/1046 2762/1578/1053 
f 2709/1530/1000 2708/1529/999 2730/1547/1021 2763/1579/1054 
f 2658/1484/949 2661/1487/952 2550/1388/841 2764/1580/1055 
f 2670/1494/961 2634/1463/925 2512/1353/803 2509/1352/800 
f 2765/1581/1056 2704/1525/995 2703/1524/994 2766/1582/1057 
f 2746/1562/1037 2739/1555/1030 2518/1357/809 2517/1356/808 
f 2547/1386/838 2767/1583/1058 2768/1584/1059 2544/1383/835 
f 2769/1585/1060 2770/100/1061 2771/101/1062 
f 2772/1586/1063 2770/100/1061 2769/1585/1060 
f 2773/1587/1064 2525/1364/816 2528/1367/819 2705/1526/996 
f 2696/1518/987 2695/1517/986 2774/1588/1065 2693/1515/984 
f 2775/1589/1066 2683/1505/974 2772/1586/1063 2769/1585/1060 
f 2736/1552/1027 2776/1590/1067 2734/1550/1025 2737/1553/1028 
f 2726/1544/1017 2614/1445/905 2589/1421/880 2588/1420/879 
f 2744/1560/1035 2777/1591/1068 2778/1592/1069 2745/1561/1036 
f 2779/1593/1070 2780/85/1071 2781/81/1072 
f 2782/1594/1073 2779/1593/1070 2781/81/1072 
f 2783/1595/1074 2784/1596/1075 2530/1369/821 
f 2529/1368/820 2783/1595/1074 2530/1369/821 
f 2750/1566/1041 2740/1556/1031 2692/1514/983 2691/1513/982 
f 2739/1555/1030 2746/1562/1037 2692/1514/983 2740/1556/1031 
f 2570/1405/861 2569/61/860 2785/58/1076 
f 2725/1543/1016 2570/1405/861 2785/58/1076 
f 2786/93/1077 2787/1597/1078 2565/1402/856 
f 2788/95/1079 2786/93/1077 2565/1402/856 
f 2588/1420/879 2789/1598/1080 2610/1441/901 2726/1544/1017 
f 2782/1594/1073 2619/1450/910 2779/1593/1070 
f 2790/1599/1081 2619/1450/910 2782/1594/1073 
f 2791/1600/1082 2792/1601/1083 2766/1582/1057 2793/1602/1084 
f 2794/1603/1085 2623/1454/914 2622/1453/913 2795/1604/1086 
f 2538/1377/829 2796/1605/1087 2797/1606/1088 2539/1378/830 
f 2798/1607/1089 2516/1355/807 2513/1354/804 2590/1422/881 
f 2542/1381/833 2799/1608/1090 2743/1559/1034 2727/1545/1018 
f 2800/1609/1091 2715/1536/1006 2737/1553/1028 2801/1610/1092 
f 2546/1385/837 2647/1475/938 2646/1474/937 2547/1386/838 
f 2521/1360/812 2524/1363/815 2531/1370/822 2628/1459/919 
f 2669/1493/960 2668/86/959 2729/88/1020 
f 2731/1548/1022 2669/1493/960 2729/88/1020 
f 2563/1400/854 2713/1534/1004 2638/1467/929 2564/1401/855 
f 2655/1481/946 2578/1412/869 2577/1411/868 2802/1611/1093 
f 2508/1351/799 2507/60/798 2651/59/942 
f 2650/1478/941 2508/1351/799 2651/59/942 
f 2803/1612/1094 2794/1603/1085 2795/1604/1086 2804/1613/1095 
f 2616/1447/907 2615/1446/906 2773/1587/1064 2700/1521/991 
f 2805/1614/1096 2806/1615/1097 2627/1458/918 2626/1457/917 
f 2782/1594/1073 2781/81/1072 2673/84/964 
f 2672/1496/963 2782/1594/1073 2673/84/964 
f 2807/1616/1098 2607/1438/898 2606/1437/897 2808/1617/1099 
f 2582/1416/873 2641/1469/932 2685/1507/976 2650/1478/941 
f 2809/1618/1100 2810/1619/1101 2744/1560/1035 2743/1559/1034 
f 2811/91/1102 2812/1620/1103 2763/1579/1054 
f 2813/94/1104 2812/1620/1103 2811/91/1102 
f 2738/1554/1029 2642/1470/933 2678/1500/969 2677/1499/968 
f 2692/1514/983 2746/1562/1037 2696/1518/987 2693/1515/984 
f 2684/1506/975 2663/1489/954 2665/1491/956 2735/1551/1026 
f 2534/1373/825 2683/1505/974 2775/1589/1066 2555/1392/846 
f 2800/1609/1091 2601/1432/892 2625/1456/916 2715/1536/1006 
f 2676/1498/967 2806/1615/1097 2728/1546/1019 2677/1499/968 
f 2761/1577/1052 2814/1621/1105 2557/1394/848 2756/1572/1047 
f 2815/66/1106 2660/1486/951 2581/1415/872 
f 2815/66/1106 2581/1415/872 2583/64/874 
f 2560/1397/851 2816/1622/1107 2817/1623/1108 2561/1398/852 
f 2727/1545/1018 2745/1561/1036 2644/1472/935 2643/1471/934 
f 2574/1409/865 2573/1408/864 2736/1552/1027 2714/1535/1005 
f 2683/1505/974 2653/1479/944 2631/1461/922 2772/1586/1063 
f 2723/73/1014 2665/1491/956 2662/1488/953 
f 2723/73/1014 2818/71/1109 2665/1491/956 
f 2819/1624/1110 2820/1625/1111 2821/1626/1112 2822/1627/1113 
f 2654/1480/945 2823/1628/949 2812/1620/1103 2632/1462/923 
f 2627/1458/918 2824/1629/1114 2825/1630/1115 2553/1390/844 
f 2797/1606/1088 2796/1605/1087 2826/1631/1116 2827/1632/1117 
f 2600/1431/891 2681/1503/972 2580/1414/871 2579/1413/870 
f 2764/1580/1055 2828/1633/1118 2792/1601/1083 2658/1484/949 
f 2663/1489/954 2684/1506/975 2536/1375/827 2829/1634/1119 
f 2605/1436/896 2689/1511/980 2688/1510/979 2606/1437/897 
f 2830/1635/1120 2831/1636/1121 2649/1477/940 2648/1476/939 
f 2734/1550/1025 2712/1533/1003 2801/1610/1092 2737/1553/1028 
f 2832/1637/1122 2762/1578/1053 2755/1571/1046 2833/1638/1123 
f 2690/1512/981 2721/1540/1012 2834/1639/1124 2691/1513/982 
f 2789/1598/1080 2829/1634/1119 2608/1439/899 2610/1441/901 
f 2773/1587/1064 2705/1526/996 2790/1599/1081 2700/1521/991 
f 2577/1411/868 2831/1636/1121 2835/1640/1125 2802/1611/1093 
f 2642/1470/933 2738/1554/1029 2543/1382/834 2643/1471/934 
f 2836/1641/1126 2558/1395/849 2557/1394/848 2814/1621/1105 
f 2748/1564/1039 2814/1621/1105 2761/1577/1052 2749/1565/1040 
f 2573/1408/864 2572/1407/863 2837/1642/1127 2838/1643/1128 
f 2607/1438/898 2807/1616/1098 2830/1635/1120 2527/1366/818 
f 2720/1539/1011 2562/1399/853 2561/1398/852 2721/1540/1012 
f 2593/1425/884 2802/1611/1093 2835/1640/1125 2594/1426/885 
f 2719/65/1010 2567/1404/858 2717/1537/1008 
f 2568/63/859 2567/1404/858 2719/65/1010 
f 2820/1625/1111 2825/1630/1115 2824/1629/1114 2821/1626/1112 
f 2839/1644/1129 2706/1527/997 2840/1645/1130 2837/1642/1127 
f 2776/1590/1067 2754/1570/1045 2733/1549/1024 2734/1550/1025 
f 2544/1383/835 2768/1584/1059 2556/1393/847 2687/1509/978 
f 2762/1578/1053 2741/1557/1032 2749/1565/1040 2761/1577/1052 
f 2827/1632/1117 2826/1631/1116 2841/1646/1131 2842/1647/1132 
f 2666/1492/957 2669/1493/960 2560/1397/851 2559/1396/850 
f 2843/69/1133 2718/1538/1009 2735/1551/1026 
f 2716/67/1007 2718/1538/1009 2843/69/1133 
f 2707/1528/998 2747/1563/1038 2834/1639/1124 2817/1623/1108 
f 2744/1560/1035 2810/1619/1101 2844/1648/1134 2777/1591/1068 
f 2593/1425/884 2842/1647/1132 2655/1481/946 2802/1611/1093 
f 2699/1520/990 2845/1649/1135 2846/1650/1136 2799/1608/1090 
f 2847/90/1137 2848/1651/1138 2849/1652/1139 
f 2847/90/1137 2849/1652/1139 2850/92/1140 
f 2624/1455/915 2689/1511/980 2605/1436/896 2851/1653/1141 
f 2625/1456/916 2579/1413/870 2578/1412/869 2657/1483/948 
f 2740/1556/1031 2750/1566/1041 2749/1565/1040 2741/1557/1032 
f 2706/1527/997 2839/1644/1129 2679/1501/970 2678/1500/969 
f 2755/1571/1046 2758/1574/1049 2844/1648/1134 2833/1638/1123 
f 2533/1372/824 2558/1395/849 2654/1480/945 2653/1479/944 
f 2777/1591/1068 2844/1648/1134 2758/1574/1049 2852/1654/1142 
f 2853/1655/1143 2618/1449/909 2680/1502/971 
f 2848/1651/1138 2853/1655/1143 2680/1502/971 
f 2588/1420/879 2587/1419/878 2664/1490/955 2789/1598/1080 
f 2612/1443/903 2689/1511/980 2624/1455/915 2623/1454/914 
f 2827/1632/1117 2592/1424/883 2609/1440/900 2797/1606/1088 
f 2854/87/1144 2853/1655/1143 2848/1651/1138 
f 2854/87/1144 2848/1651/1138 2847/90/1137 
f 2855/68/1145 2661/1487/952 2660/1486/951 
f 2855/68/1145 2660/1486/951 2815/66/1106 
f 2628/1459/919 2795/1604/1086 2622/1453/913 2629/1460/920 
f 2788/95/1079 2565/1402/856 2564/1401/855 
f 2652/97/943 2788/95/1079 2564/1401/855 
f 2713/1534/1004 2563/1400/854 2801/1610/1092 2712/1533/1003 
f 2752/1568/1043 2722/1541/1013 2774/1588/1065 2856/1656/1146 
f 2776/1590/1067 2838/1643/1128 2753/1569/1044 2754/1570/1045 
f 2852/1654/1142 2767/1583/1058 2778/1592/1069 2777/1591/1068 
f 2819/1624/1110 2826/1631/1116 2796/1605/1087 2820/1625/1111 
f 2690/1512/981 2693/1515/984 2774/1588/1065 2722/1541/1013 
f 2818/71/1109 2735/1551/1026 2665/1491/956 
f 2818/71/1109 2843/69/1133 2735/1551/1026 
f 2751/1567/1042 2720/1539/1011 2722/1541/1013 2752/1568/1043 
f 2724/1542/1015 2728/1546/1019 2806/1615/1097 2805/1614/1096 
f 2527/1366/818 2830/1635/1120 2648/1476/939 2528/1367/819 
f 2798/1607/1089 2682/1504/973 2803/1612/1094 2857/1657/1147 
f 2521/1360/812 2520/1359/811 2519/1358/810 2522/1361/813 
f 2856/1656/1146 2604/1435/895 2526/1365/817 2752/1568/1043 
f 2686/1508/977 2545/1384/836 2544/1383/835 2687/1509/978 
f 2741/1557/1032 2762/1578/1053 2832/1637/1122 2742/1558/1033 
f 2784/1596/1075 2858/74/1148 2859/76/1149 
f 2783/1595/1074 2858/74/1148 2784/1596/1075 
f 2803/1612/1094 2682/1504/973 2613/1444/904 2794/1603/1085 
f 2597/1428/888 2688/1510/979 2611/1442/902 2598/1429/889 
f 2778/1592/1069 2646/1474/937 2644/1472/935 2745/1561/1036 
f 2532/1371/823 2757/1573/1048 2756/1572/1047 2557/1394/848 
f 2839/1644/1129 2822/1627/1113 2821/1626/1112 2679/1501/970 
f 2629/1460/920 2622/1453/913 2621/1452/912 2694/1516/985 
f 2542/1381/833 2541/1380/832 2699/1520/990 2799/1608/1090 
f 2702/1523/993 2701/1522/992 2742/1558/1033 2832/1637/1122 
f 2834/1639/1124 2721/1540/1012 2561/1398/852 2817/1623/1108 
f 2759/1575/1050 2810/1619/1101 2809/1618/1100 2760/1576/1051 
f 2543/1382/834 2738/1554/1029 2711/1532/1002 2540/1379/831 
f 2520/1359/811 2629/1460/920 2694/1516/985 2517/1356/808 
f 2724/1542/1015 2805/1614/1096 2570/1405/861 2725/1543/1016 
f 2856/1656/1146 2851/1653/1141 2605/1436/896 2604/1435/895 
f 2743/1559/1034 2799/1608/1090 2846/1650/1136 2809/1618/1100 
f 2807/1616/1098 2835/1640/1125 2831/1636/1121 2830/1635/1120 
f 2845/1649/1135 2791/1600/1082 2793/1602/1084 2846/1650/1136 
f 2551/70/842 2550/1388/841 2661/1487/952 
f 2855/68/1145 2551/70/842 2661/1487/952 
f 2701/1522/992 2704/1525/995 2519/1358/810 2518/1357/809 
f 2757/1573/1048 2860/1658/1150 2852/1654/1142 2758/1574/1049 
f 2861/1659/1151 2857/1657/1147 2803/1612/1094 2804/1613/1095 
f 2530/1369/821 2861/1659/1151 2804/1613/1095 2531/1370/822 
f 2862/1660/1152 2859/76/1149 2863/77/1153 
f 2784/1596/1075 2859/76/1149 2862/1660/1152 
f 2813/94/1104 2632/1462/923 2812/1620/1103 
f 2813/94/1104 2630/96/921 2632/1462/923 
f 2565/1402/856 2787/1597/1078 2602/1433/893 2566/1403/857 
f 2862/1660/1152 2861/1659/1151 2530/1369/821 2784/1596/1075 
f 2765/1581/1056 2828/1633/1118 2523/1362/814 2522/1361/813 
f 2562/1399/853 2720/1539/1011 2751/1567/1042 2615/1446/906 
f 2553/1390/844 2825/1630/1115 2538/1377/829 2537/1376/828 
f 2523/1362/814 2864/1661/1154 2529/1368/820 2524/1363/815 
f 2572/1407/863 2822/1627/1113 2839/1644/1129 2837/1642/1127 
f 2695/1517/986 2851/1653/1141 2856/1656/1146 2774/1588/1065 
f 2842/1647/1132 2841/1646/1131 2656/1482/947 2655/1481/946 
f 2554/1391/845 2718/1538/1009 2717/1537/1008 2552/1389/843 
f 2658/1484/949 2792/1601/1083 2791/1600/1082 2659/1485/950 
f 2657/1483/948 2656/1482/947 2574/1409/865 2714/1535/1005 
f 2593/1425/884 2592/1424/883 2827/1632/1117 2842/1647/1132 
f 2614/1445/905 2726/1544/1017 2598/1429/889 2611/1442/902 
f 2647/1475/938 2840/1645/1130 2706/1527/997 2645/1473/936 
f 2545/1384/836 2686/1508/977 2733/1549/1024 2754/1570/1045 
f 2768/1584/1059 2860/1658/1150 2535/1374/826 2556/1393/847 
f 2679/1501/970 2821/1626/1112 2824/1629/1114 2676/1498/967 
f 2817/1623/1108 2816/1622/1107 2708/1529/999 2707/1528/998 
f 2594/1426/885 2808/1617/1099 2597/1428/888 2591/1423/882 
f 2731/1548/1022 2560/1397/851 2669/1493/960 
f 2816/1622/1107 2560/1397/851 2731/1548/1022 
f 2750/1566/1041 2691/1513/982 2834/1639/1124 2747/1563/1038 
f 2779/1593/1070 2853/1655/1143 2780/85/1071 
f 2780/85/1071 2853/1655/1143 2854/87/1144 
f 2700/1521/991 2790/1599/1081 2782/1594/1073 2672/1496/963 
f 2858/74/1148 2783/1595/1074 2549/1387/840 
f 2548/72/839 2858/74/1148 2549/1387/840 
f 2765/1581/1056 2766/1582/1057 2792/1601/1083 2828/1633/1118 
f 2609/1440/900 2608/1439/899 2539/1378/830 2797/1606/1088 
f 2664/1490/955 2663/1489/954 2829/1634/1119 2789/1598/1080 
f 2573/1408/864 2838/1643/1128 2776/1590/1067 2736/1552/1027 
f 2624/1455/915 2851/1653/1141 2695/1517/986 2621/1452/912 
f 2731/1548/1022 2708/1529/999 2816/1622/1107 
f 2730/1547/1021 2708/1529/999 2731/1548/1022 
f 2676/1498/967 2824/1629/1114 2627/1458/918 2806/1615/1097 
f 2637/1466/928 2775/1589/1066 2769/1585/1060 2576/1410/867 
f 2705/1526/996 2620/1451/911 2619/1450/910 2790/1599/1081 
f 2828/1633/1118 2764/1580/1055 2864/1661/1154 2523/1362/814 
f 2536/1375/827 2539/1378/830 2608/1439/899 2829/1634/1119 
f 2635/1464/926 2671/1495/962 2733/1549/1024 2686/1508/977 
f 2732/89/1023 2763/1579/1054 2730/1547/1021 
f 2811/91/1102 2763/1579/1054 2732/89/1023 
f 2833/1638/1123 2844/1648/1134 2810/1619/1101 2759/1575/1050 
f 2566/1403/857 2602/1433/893 2601/1432/892 2800/1609/1091 
f 2840/1645/1130 2647/1475/938 2546/1385/837 2753/1569/1044 
f 2531/1370/822 2804/1613/1095 2795/1604/1086 2628/1459/919 
f 2619/1450/910 2618/1449/909 2779/1593/1070 
f 2779/1593/1070 2618/1449/909 2853/1655/1143 
f 2607/1438/898 2527/1366/818 2526/1365/817 2604/1435/895 
f 2681/1503/972 2617/1448/908 2649/1477/940 2580/1414/871 
f 2814/1621/1105 2748/1564/1039 2710/1531/1001 2836/1641/1126 
f 2775/1589/1066 2637/1466/928 2636/1465/927 2555/1392/846 
f 2615/1446/906 2751/1567/1042 2525/1364/816 2773/1587/1064 
f 2848/1651/1138 2680/1502/971 2603/1434/894 2849/1652/1139 
f 2709/1530/1000 2823/1628/949 2836/1641/1126 2710/1531/1001 
f 2574/1409/865 2656/1482/947 2841/1646/1131 2571/1406/862 
f 2826/1631/1116 2819/1624/1110 2571/1406/862 2841/1646/1131 
f 2850/92/1140 2849/1652/1139 2787/1597/1078 
f 2786/93/1077 2850/92/1140 2787/1597/1078 
f 2699/1520/990 2641/1469/932 2640/1468/931 2845/1649/1135 
f 2698/1519/989 2857/1657/1147 2861/1659/1151 2862/1660/1152 
f 2704/1525/995 2765/1581/1056 2522/1361/813 2519/1358/810 
f 2709/1530/1000 2763/1579/1054 2812/1620/1103 2823/1628/949 
f 2725/1543/1016 2785/58/1076 2506/57/797 
f 2505/1350/796 2725/1543/1016 2506/57/797 
f 2833/1638/1123 2759/1575/1050 2702/1523/993 2832/1637/1122 
f 2838/1643/1128 2837/1642/1127 2840/1645/1130 2753/1569/1044 
f 2778/1592/1069 2767/1583/1058 2547/1386/838 2646/1474/937 
f 2576/1410/867 2771/101/1062 2575/104/866 
f 2769/1585/1060 2771/101/1062 2576/1410/867 
f 2698/1519/989 2863/77/1153 2697/79/988 
f 2862/1660/1152 2863/77/1153 2698/1519/989 
f 2823/1628/949 2654/1480/945 2558/1395/849 2836/1641/1126 
f 2783/1595/1074 2529/1368/820 2864/1661/1154 
f 2549/1387/840 2783/1595/1074 2864/1661/1154 
f 2563/1400/854 2566/1403/857 2800/1609/1091 2801/1610/1092 
f 2570/1405/861 2805/1614/1096 2626/1457/917 2567/1404/858 
f 2535/1374/826 2860/1658/1150 2757/1573/1048 2532/1371/823 
f 2793/1602/1084 2760/1576/1051 2809/1618/1100 2846/1650/1136 
f 2571/1406/862 2819/1624/1110 2822/1627/1113 2572/1407/863 
f 2798/1607/1089 2857/1657/1147 2698/1519/989 2516/1355/807 
f 2552/1389/843 2717/1537/1008 2567/1404/858 2626/1457/917 
f 2538/1377/829 2825/1630/1115 2820/1625/1111 2796/1605/1087 
f 2589/1421/880 2682/1504/973 2798/1607/1089 2590/1422/881 
f 2603/1434/894 2602/1433/893 2787/1597/1078 2849/1652/1139 
f 2587/1419/878 2595/1427/886 2664/1490/955 
f 2595/1427/886 2662/1488/953 2664/1490/955 
f 2549/1387/840 2864/1661/1154 2764/1580/1055 2550/1388/841 
f 2760/1576/1051 2793/1602/1084 2766/1582/1057 2703/1524/994 
f 2623/1454/914 2794/1603/1085 2613/1444/904 2612/1443/903 
f 2631/1461/922 2633/98/924 2772/1586/1063 
f 2633/98/924 2770/100/1061 2772/1586/1063 
f 2518/1357/809 2739/1555/1030 2742/1558/1033 2701/1522/992 
f 2555/1392/846 2636/1465/927 2687/1509/978 2556/1393/847 
f 2748/1564/1039 2747/1563/1038 2707/1528/998 2710/1531/1001 
f 2597/1428/888 2808/1617/1099 2606/1437/897 2688/1510/979 
f 2580/1414/871 2649/1477/940 2831/1636/1121 2577/1411/868 
f 2659/1485/950 2791/1600/1082 2845/1649/1135 2640/1468/931 
f 2600/1431/891 2603/1434/894 2680/1502/971 2681/1503/972 
f 2808/1617/1099 2594/1426/885 2835/1640/1125 2807/1616/1098 
f 2767/1583/1058 2852/1654/1142 2860/1658/1150 2768/1584/1059 
usemtl Material__28
f 2865/2/3 2866/2/3 2867/2/3 2868/2/3 
f 2869/2/3 2868/2/3 2867/2/3 2870/2/3 
f 2869/2/3 2870/2/3 2871/2/3 2872/2/3 
f 2872/2/3 2871/2/3 2873/2/3 2874/2/3 
f 2874/2/3 2873/2/3 2875/2/3 2876/2/3 
f 2876/2/3 2875/2/3 2877/2/3 2878/2/3 
f 2878/2/3 2877/2/3 2879/2/3 2880/2/3 
f 2880/2/3 2879/2/3 2881/2/3 2882/2/3 
f 2882/2/3 2881/2/3 2883/2/3 2884/2/3 
f 2885/2/3 2884/2/3 2883/2/3 2886/2/3 
f 2887/2/3 2885/2/3 2886/2/3 2888/2/3 
f 2889/2/19 2890/2/19 2891/2/19 2892/2/19 
f 2893/2/19 2894/2/19 2891/2/19 2890/2/19 
f 2895/2/19 2894/2/19 2893/2/19 2896/2/19 
f 2897/2/19 2895/2/19 2896/2/19 2898/2/19 
f 2895/2/19 2897/2/19 2899/2/19 2900/2/19 
f 2901/2/19 2899/2/19 2897/2/19 2902/2/19 
f 2902/2/19 2903/2/19 2904/2/19 2901/2/19 
f 2905/2/19 2904/2/19 2903/2/19 2906/2/19 
f 2904/2/19 2905/2/19 2907/2/19 2908/2/19 
f 2909/2/19 2907/2/19 2905/2/19 2910/2/19 
f 2910/2/19 2911/2/19 2912/2/19 2909/2/19 
f 2913/2/134 2914/2/134 2915/2/134 2916/2/134 
f 2917/2/51 2918/2/51 2919/2/51 2920/2/51 
f 2921/2/126 2922/2/125 2923/2/125 2924/2/126 
f 2925/2/97 2926/2/96 2927/2/96 2928/2/97 
f 2929/2/1155 2930/2/1155 2931/2/99 2932/2/99 
f 2933/2/208 2934/2/208 2935/2/208 2936/2/208 
f 2893/2/118 2890/2/123 2937/2/123 2938/2/118 
f 2939/2/241 2940/2/241 2941/2/241 2942/2/241 
f 2943/2/175 2944/2/175 2945/2/175 2946/2/175 
f 2920/2/155 2947/2/155 2948/2/155 2917/2/155 
f 2949/2/176 2950/2/176 2951/2/176 2952/2/176 
f 2953/2/170 2951/2/170 2950/2/170 2954/2/170 
f 2955/2/87 2956/2/87 2957/2/87 2941/2/87 
f 2958/2/228 2959/2/228 2960/2/228 2961/2/228 
f 2962/2/112 2963/2/112 2916/2/112 2915/2/112 
f 2964/2/146 2965/2/146 2966/2/146 2967/2/146 
f 2916/2/32 2968/2/32 2969/2/32 2913/2/32 
f 2970/2/138 2906/2/138 2903/2/137 2971/2/137 
f 2950/2/158 2949/2/158 2972/2/158 2973/2/158 
f 2974/2/120 2975/2/120 2933/2/120 2976/2/120 
f 2924/2/126 2977/2/188 2978/2/188 2921/2/126 
f 2979/2/116 2980/2/116 2981/2/116 2982/2/116 
f 2983/2/156 2984/2/156 2985/2/156 2986/2/156 
f 2987/2/177 2988/2/177 2960/2/177 2959/2/177 
f 2989/2/165 2990/2/165 2991/2/165 2992/2/165 
f 2947/2/205 2955/2/205 2993/2/205 2948/2/205 
f 2937/2/202 2994/2/202 2995/2/201 2938/2/201 
f 2996/2/109 2997/2/109 2998/2/109 2999/2/109 
f 3000/2/198 3001/2/198 3002/2/198 3003/2/198 
f 2928/2/80 2927/2/80 3004/2/80 3005/2/80 
f 3006/2/110 3007/2/110 2998/2/110 3008/2/110 
f 3009/2/143 3010/2/143 3011/2/143 3012/2/143 
f 3013/2/240 3014/2/240 2935/2/240 3015/2/240 
f 3016/2/76 2969/2/76 3017/2/76 3018/2/76 
f 3019/2/167 3020/2/167 3021/2/167 3022/2/167 
f 2977/2/188 3023/2/73 3024/2/73 2978/2/188 
f 2971/2/72 3025/2/37 3020/2/37 3013/2/72 
f 3026/2/98 2932/2/99 2931/2/99 3027/2/98 
f 2948/2/70 2980/2/70 3028/2/70 2917/2/70 
f 3002/2/164 3029/2/164 2994/2/164 3030/2/164 
f 3031/2/1156 3027/2/214 2904/2/214 2908/2/1156 
f 3030/2/66 3032/2/66 3003/2/66 3002/2/66 
f 3033/2/199 3034/2/199 3035/2/199 3000/2/199 
f 3036/2/180 3037/2/180 3038/2/180 2962/2/180 
f 2958/2/242 3039/2/242 3040/2/242 2959/2/242 
f 2934/2/220 3041/2/220 3015/2/220 2935/2/220 
f 2920/2/209 2919/2/209 3035/2/209 3034/2/209 
f 3042/2/124 3043/2/124 2992/2/124 3044/2/124 
f 3045/2/47 3046/2/47 3047/2/47 3048/2/47 
f 2917/2/223 3028/2/223 3049/2/223 2918/2/223 
f 2905/2/169 3050/2/169 3051/2/148 2910/2/148 
f 2904/2/214 3027/2/214 2931/2/213 2901/2/213 
f 3052/2/192 3053/2/192 3054/2/192 3055/2/192 
f 3056/2/221 3057/2/221 3058/2/221 2995/2/221 
f 3059/2/145 2951/2/145 2953/2/145 3060/2/145 
f 3022/2/166 3061/2/166 3062/2/166 3019/2/166 
f 3063/2/36 3032/2/36 3030/2/35 3064/2/35 
f 3065/2/75 3021/2/38 3066/2/38 3067/2/75 
f 2929/2/1155 3024/2/73 3023/2/73 2930/2/1155 
f 2986/2/238 3068/2/238 3069/2/238 2983/2/238 
f 3070/2/127 2976/2/127 3048/2/127 3047/2/127 
f 3071/2/121 3008/2/121 2998/2/121 2997/2/121 
f 2940/2/139 2939/2/139 2967/2/139 2966/2/139 
f 3072/2/219 3073/2/219 3074/2/219 2956/2/219 
f 3075/2/195 3076/2/195 3077/2/195 2990/2/195 
f 2989/2/222 3078/2/222 3075/2/222 2990/2/222 
f 3031/2/133 3079/2/133 3026/2/98 3027/2/98 
f 3080/2/193 3081/2/193 3047/2/193 3046/2/193 
f 2951/2/64 3059/2/64 2987/2/64 2952/2/64 
f 2952/2/67 3040/2/67 3082/2/67 2949/2/67 
f 2942/2/226 2941/2/226 2957/2/226 3083/2/226 
f 3084/2/3 2866/2/3 2865/2/3 3085/2/3 
f 3086/2/3 3085/2/3 2865/2/3 2868/2/3 
f 3087/2/3 3086/2/3 2868/2/3 2869/2/3 
f 2988/2/3 3087/2/3 2869/2/3 2872/2/3 
f 2988/2/3 2872/2/3 2874/2/3 2960/2/3 
f 2876/2/3 2961/2/3 2960/2/3 2874/2/3 
f 2878/2/3 3088/2/3 2961/2/3 2876/2/3 
f 3088/2/3 2878/2/3 2880/2/3 3089/2/3 
f 3089/2/3 2880/2/3 2882/2/3 3090/2/3 
f 2882/2/3 2884/2/3 3091/2/3 3090/2/3 
f 2885/2/3 3069/2/3 3091/2/3 2884/2/3 
f 2885/2/3 2887/2/3 2983/2/3 3069/2/3 
f 2983/2/3 2887/2/3 2888/2/3 2984/2/3 
f 2888/2/3 2886/2/3 3092/2/3 2984/2/3 
f 3092/2/3 2886/2/3 2883/2/3 3093/2/3 
f 3094/2/3 3093/2/3 2883/2/3 2881/2/3 
f 3095/2/3 3094/2/3 2881/2/3 2879/2/3 
f 2879/2/3 2877/2/3 2964/2/3 3095/2/3 
f 2964/2/3 2877/2/3 2875/2/3 2965/2/3 
f 2982/2/3 2965/2/3 2875/2/3 2873/2/3 
f 2982/2/3 2873/2/3 2871/2/3 2979/2/3 
f 2979/2/3 2871/2/3 2870/2/3 3096/2/3 
f 3096/2/3 2870/2/3 2867/2/3 3097/2/3 
f 3084/2/3 3097/2/3 2867/2/3 2866/2/3 
f 3098/2/49 3035/2/49 2919/2/49 3099/2/49 
f 3009/2/159 3100/2/159 3099/2/159 3010/2/159 
f 3029/2/117 3054/2/117 3053/2/117 3056/2/117 
f 3001/2/178 3000/2/178 3035/2/178 3098/2/178 
f 3018/2/57 3101/2/57 3089/2/57 3090/2/57 
f 3037/2/114 3102/2/114 2945/2/114 2944/2/114 
f 2907/2/1157 3103/2/1157 3031/2/1156 2908/2/1156 
f 3022/2/236 3021/2/236 3065/2/236 3104/2/236 
f 3034/2/55 3033/2/55 3073/2/55 3072/2/55 
f 2987/2/102 2959/2/102 3040/2/102 2952/2/102 
f 3039/2/161 3105/2/161 3082/2/161 3040/2/161 
f 2906/2/138 2970/2/138 3050/2/169 2905/2/169 
f 3106/2/1158 3103/2/1157 2907/2/1157 2909/2/1158 
f 3052/2/86 2954/2/86 2950/2/86 2973/2/86 
f 3107/2/34 3051/2/34 3050/2/33 3041/2/33 
f 2947/2/101 3072/2/101 2956/2/101 2955/2/101 
f 3026/2/212 3079/2/212 3108/2/212 3077/2/212 
f 3032/2/189 2922/2/189 3109/2/189 3003/2/189 
f 3086/2/152 3060/2/152 3012/2/152 3085/2/152 
f 3033/2/237 3000/2/237 3003/2/237 3109/2/237 
f 3080/2/196 3110/2/196 3101/2/196 3081/2/196 
f 3065/2/75 3067/2/75 3111/2/107 3058/2/107 
f 2918/2/31 3010/2/31 3099/2/31 2919/2/31 
f 2948/2/227 2993/2/227 2981/2/227 2980/2/227 
f 2911/2/147 2926/2/147 2925/2/10 2912/2/10 
f 2900/2/53 3023/2/53 2977/2/52 2895/2/52 
f 2958/2/103 3110/2/103 3080/2/103 3039/2/103 
f 2913/2/186 3068/2/186 2986/2/186 2914/2/186 
f 3033/2/216 3109/2/216 3112/2/216 3073/2/216 
f 2980/2/230 2979/2/230 3096/2/230 3028/2/230 
f 3113/2/68 2914/2/68 2986/2/68 2985/2/68 
f 3114/2/211 3092/2/211 3093/2/211 2996/2/211 
f 2999/2/94 3115/2/94 3114/2/94 2996/2/94 
f 3110/2/50 2958/2/50 2961/2/50 3088/2/50 
f 3063/2/136 2892/2/136 2891/2/90 2923/2/90 
f 2899/2/1159 2930/2/1159 3023/2/53 2900/2/53 
f 3116/2/181 3117/2/181 3118/2/181 3119/2/181 
f 3077/2/191 3108/2/191 2991/2/191 2990/2/191 
f 3074/2/218 3118/2/218 2957/2/218 2956/2/218 
f 3092/2/130 3114/2/130 2985/2/130 2984/2/130 
f 2992/2/163 2991/2/163 3102/2/163 3044/2/163 
f 2910/2/148 3051/2/148 2926/2/147 2911/2/147 
f 2925/2/10 3106/2/1158 2909/2/1158 2912/2/10 
f 2915/2/207 3120/2/207 3036/2/207 2962/2/207 
f 2968/2/44 3070/2/44 3017/2/44 2969/2/44 
f 3085/2/58 3012/2/58 3011/2/58 3084/2/58 
f 3059/2/194 3087/2/194 2988/2/194 2987/2/194 
f 2989/2/54 2992/2/54 3043/2/54 3007/2/54 
f 2922/2/125 3032/2/36 3063/2/36 2923/2/125 
f 3113/2/113 3120/2/113 2915/2/113 2914/2/113 
f 3110/2/182 3088/2/182 3089/2/182 3101/2/182 
f 2942/2/122 3006/2/122 3008/2/122 2939/2/122 
f 3019/2/187 3014/2/187 3013/2/187 3020/2/187 
f 2973/2/153 3121/2/153 3053/2/153 3052/2/153 
f 2944/2/77 2943/2/77 2928/2/77 3005/2/77 
f 3122/2/60 3121/2/60 2973/2/60 2972/2/60 
f 3075/2/95 3117/2/95 3116/2/95 3076/2/95 
f 2932/2/71 3076/2/71 3116/2/71 2929/2/71 
f 3119/2/174 3118/2/174 3074/2/174 3123/2/174 
f 2892/2/136 3063/2/136 3064/2/6 2889/2/6 
f 2895/2/52 2977/2/52 2924/2/89 2894/2/89 
f 3043/2/46 3042/2/46 3115/2/46 2999/2/46 
f 3056/2/231 3053/2/231 3121/2/231 3057/2/231 
f 3055/2/179 3100/2/179 2954/2/179 3052/2/179 
f 3096/2/229 3097/2/229 3049/2/229 3028/2/229 
f 2935/2/168 3014/2/168 3124/2/168 2936/2/168 
f 3029/2/43 3056/2/43 2995/2/43 2994/2/43 
f 2998/2/45 3007/2/45 3043/2/45 2999/2/45 
f 3094/2/59 3095/2/59 3071/2/59 2997/2/59 
f 2963/2/115 2962/2/115 3038/2/115 3125/2/115 
f 3044/2/172 3036/2/172 3120/2/172 3042/2/172 
f 3001/2/82 3098/2/82 3055/2/82 3054/2/82 
f 3019/2/149 3062/2/149 3124/2/149 3014/2/149 
f 2965/2/160 2982/2/160 2981/2/160 2966/2/160 
f 3105/2/224 3126/2/224 3127/2/224 3082/2/224 
f 3009/2/217 3012/2/217 3060/2/217 2953/2/217 
f 3029/2/190 3002/2/190 3001/2/190 3054/2/190 
f 3011/2/140 3010/2/140 2918/2/140 3049/2/140 
f 3119/2/162 3024/2/162 2929/2/162 3116/2/162 
f 2894/2/89 2924/2/89 2923/2/90 2891/2/90 
f 3015/2/56 2970/2/56 2971/2/72 3013/2/72 
f 3107/2/129 3128/2/129 3004/2/129 2927/2/129 
f 2944/2/185 3005/2/185 3038/2/185 3037/2/185 
f 3104/2/150 3057/2/150 3121/2/150 3122/2/150 
f 3037/2/92 3036/2/92 3044/2/92 3102/2/92 
f 2955/2/108 2941/2/108 2940/2/108 2993/2/108 
f 2997/2/157 2996/2/157 3093/2/157 3094/2/157 
f 3022/2/105 3104/2/105 3122/2/105 3061/2/105 
f 2940/2/132 2966/2/132 2981/2/132 2993/2/132 
f 2896/2/78 2893/2/118 2938/2/118 3111/2/78 
f 3038/2/65 3005/2/65 3004/2/65 3125/2/65 
f 2901/2/213 2931/2/213 2930/2/1159 2899/2/1159 
f 2975/2/81 2974/2/81 2963/2/81 3125/2/81 
f 2921/2/232 3112/2/232 3109/2/232 2922/2/232 
f 3103/2/63 3106/2/62 2943/2/62 2946/2/63 
f 2928/2/97 2943/2/62 3106/2/62 2925/2/97 
f 2938/2/201 2995/2/201 3058/2/107 3111/2/107 
f 2902/2/2 3025/2/2 2971/2/137 2903/2/137 
f 2949/2/239 3082/2/239 3127/2/239 2972/2/239 
f 3031/2/133 3103/2/63 2946/2/63 3079/2/133 
f 3100/2/233 3009/2/233 2953/2/233 2954/2/233 
f 3017/2/61 3070/2/61 3047/2/61 3081/2/61 
f 3070/2/225 2968/2/225 2974/2/225 2976/2/225 
f 3100/2/154 3055/2/154 3098/2/154 3099/2/154 
f 3074/2/39 3073/2/39 3112/2/39 3123/2/39 
f 2970/2/56 3015/2/56 3041/2/33 3050/2/33 
f 2916/2/85 2963/2/85 2974/2/85 2968/2/85 
f 3117/2/235 3083/2/235 2957/2/235 3118/2/235 
f 3086/2/144 3087/2/144 3059/2/144 3060/2/144 
f 3058/2/128 3057/2/128 3104/2/128 3065/2/128 
f 2897/2/91 3066/2/91 3025/2/2 2902/2/2 
f 2896/2/78 3111/2/78 3067/2/79 2898/2/79 
f 3126/2/234 3062/2/234 3061/2/234 3127/2/234 
f 2975/2/141 3128/2/141 2934/2/141 2933/2/141 
f 3115/2/184 3113/2/184 2985/2/184 3114/2/184 
f 3124/2/151 3045/2/151 3048/2/151 2936/2/151 
f 2898/2/79 3067/2/79 3066/2/91 2897/2/91 
f 2936/2/104 3048/2/104 2976/2/104 2933/2/104 
f 2921/2/84 2978/2/84 3123/2/84 3112/2/84 
f 3079/2/93 2946/2/93 2945/2/93 3108/2/93 
f 3061/2/106 3122/2/106 2972/2/106 3127/2/106 
f 3068/2/88 2913/2/88 2969/2/88 3016/2/88 
f 3083/2/183 3078/2/183 3006/2/183 2942/2/183 
f 2920/2/206 3034/2/206 3072/2/206 2947/2/206 
f 3107/2/34 2927/2/96 2926/2/96 3051/2/34 
f 3046/2/111 3045/2/111 3126/2/111 3105/2/111 
f 3017/2/135 3081/2/135 3101/2/135 3018/2/135 
f 3071/2/48 3095/2/48 2964/2/48 2967/2/48 
f 2937/2/123 2890/2/123 2889/2/6 3064/2/6 
f 3069/2/173 3068/2/173 3016/2/173 3091/2/173 
f 3018/2/142 3090/2/142 3091/2/142 3016/2/142 
f 3102/2/171 2991/2/171 3108/2/171 2945/2/171 
f 2934/2/200 3128/2/200 3107/2/200 3041/2/200 
f 3042/2/204 3120/2/204 3113/2/204 3115/2/204 
f 3083/2/215 3117/2/215 3075/2/215 3078/2/215 
f 3124/2/210 3062/2/210 3126/2/210 3045/2/210 
f 2937/2/202 3064/2/35 3030/2/35 2994/2/202 
f 2932/2/119 3026/2/119 3077/2/119 3076/2/119 
f 3128/2/131 2975/2/131 3125/2/131 3004/2/131 
f 3011/2/100 3049/2/100 3097/2/100 3084/2/100 
f 3007/2/203 3006/2/203 3078/2/203 2989/2/203 
f 3025/2/37 3066/2/38 3021/2/38 3020/2/37 
f 3024/2/69 3119/2/69 3123/2/69 2978/2/69 
f 3080/2/42 3046/2/42 3105/2/42 3039/2/42 
f 2939/2/83 3008/2/83 3071/2/83 2967/2/83 
f 3129/2/19 3130/2/19 3131/2/19 3132/2/19 
f 3133/2/19 3132/2/19 3131/2/19 3134/2/19 
f 3133/2/19 3134/2/19 3135/2/19 3136/2/19 
f 3136/2/19 3135/2/19 3137/2/19 3138/2/19 
f 3138/2/19 3137/2/19 3139/2/19 3140/2/19 
f 3140/2/19 3139/2/19 3141/2/19 3142/2/19 
f 3142/2/19 3141/2/19 3143/2/19 3144/2/19 
f 3144/2/19 3143/2/19 3145/2/19 3146/2/19 
f 3146/2/19 3145/2/19 3147/2/19 3148/2/19 
f 3149/2/19 3148/2/19 3147/2/19 3150/2/19 
f 3151/2/19 3149/2/19 3150/2/19 3152/2/19 
f 3153/2/1160 3154/2/1160 3155/2/1160 3156/2/1160 
f 3157/2/1160 3158/2/1160 3155/2/1160 3154/2/1160 
f 3159/2/1160 3158/2/1160 3157/2/1160 3160/2/1160 
f 3161/2/1160 3159/2/1160 3160/2/1160 3162/2/1160 
f 3159/2/1160 3161/2/1160 3163/2/1160 3164/2/1160 
f 3165/2/1160 3163/2/1160 3161/2/1160 3166/2/1160 
f 3166/2/1160 3167/2/1160 3168/2/1160 3165/2/1160 
f 3169/2/1160 3168/2/1160 3167/2/1160 3170/2/1160 
f 3168/2/1160 3169/2/1160 3171/2/1160 3172/2/1160 
f 3173/2/1160 3171/2/1160 3169/2/1160 3174/2/1160 
f 3174/2/1160 3175/2/1160 3176/2/1160 3173/2/1160 
f 3177/2/694 3178/2/694 3179/2/694 3180/2/694 
f 3181/2/620 3182/2/620 3183/2/620 3184/2/620 
f 3185/2/686 3186/2/685 3187/2/685 3188/2/686 
f 3189/2/659 3190/2/658 3191/2/658 3192/2/659 
f 3193/2/641 3194/2/641 3195/2/661 3196/2/661 
f 3197/2/763 3198/2/763 3199/2/763 3200/2/763 
f 3157/2/90 3154/2/136 3201/2/136 3202/2/90 
f 3203/2/794 3204/2/794 3205/2/794 3206/2/794 
f 3207/2/731 3208/2/731 3209/2/731 3210/2/731 
f 3184/2/712 3211/2/712 3212/2/712 3181/2/712 
f 3213/2/732 3214/2/732 3215/2/732 3216/2/732 
f 3217/2/726 3215/2/726 3214/2/726 3218/2/726 
f 3219/2/652 3220/2/652 3221/2/652 3205/2/652 
f 3222/2/781 3223/2/781 3224/2/781 3225/2/781 
f 3226/2/674 3227/2/674 3180/2/674 3179/2/674 
f 3228/2/705 3229/2/705 3230/2/705 3231/2/705 
f 3180/2/603 3232/2/603 3233/2/603 3177/2/603 
f 3234/2/697 3170/2/697 3167/2/696 3235/2/696 
f 3214/2/715 3213/2/715 3236/2/715 3237/2/715 
f 3238/2/681 3239/2/681 3197/2/681 3240/2/681 
f 3188/2/686 3241/2/744 3242/2/744 3185/2/686 
f 3243/2/678 3244/2/678 3245/2/678 3246/2/678 
f 3247/2/713 3248/2/713 3249/2/713 3250/2/713 
f 3251/2/733 3252/2/733 3224/2/733 3223/2/733 
f 3253/2/722 3254/2/722 3255/2/722 3256/2/722 
f 3211/2/760 3219/2/760 3257/2/760 3212/2/760 
f 3201/2/757 3258/2/757 3259/2/756 3202/2/756 
f 3260/2/671 3261/2/671 3262/2/671 3263/2/671 
f 3264/2/753 3265/2/753 3266/2/753 3267/2/753 
f 3192/2/645 3191/2/645 3268/2/645 3269/2/645 
f 3270/2/672 3271/2/672 3262/2/672 3272/2/672 
f 3273/2/702 3274/2/702 3275/2/702 3276/2/702 
f 3277/2/793 3278/2/793 3199/2/793 3279/2/793 
f 3280/2/643 3233/2/643 3281/2/643 3282/2/643 
f 3283/2/724 3284/2/724 3285/2/724 3286/2/724 
f 3241/2/744 3287/2/640 3288/2/640 3242/2/744 
f 3235/2/639 3289/2/608 3284/2/608 3277/2/639 
f 3290/2/660 3196/2/661 3195/2/661 3291/2/660 
f 3212/2/637 3244/2/637 3292/2/637 3181/2/637 
f 3266/2/721 3293/2/721 3258/2/721 3294/2/721 
f 3295/2/169 3291/2/138 3168/2/138 3172/2/169 
f 3294/2/633 3296/2/633 3267/2/633 3266/2/633 
f 3297/2/754 3298/2/754 3299/2/754 3264/2/754 
f 3300/2/736 3301/2/736 3302/2/736 3226/2/736 
f 3222/2/795 3303/2/795 3304/2/795 3223/2/795 
f 3198/2/773 3305/2/773 3279/2/773 3199/2/773 
f 3184/2/764 3183/2/764 3299/2/764 3298/2/764 
f 3306/2/684 3307/2/684 3256/2/684 3308/2/684 
f 3309/2/616 3310/2/616 3311/2/616 3312/2/616 
f 3181/2/776 3292/2/776 3313/2/776 3182/2/776 
f 3169/2/1156 3314/2/1156 3315/2/1157 3174/2/1157 
f 3168/2/138 3291/2/138 3195/2/137 3165/2/137 
f 3316/2/748 3317/2/748 3318/2/748 3319/2/748 
f 3320/2/774 3321/2/774 3322/2/774 3259/2/774 
f 3323/2/704 3215/2/704 3217/2/704 3324/2/704 
f 3286/2/723 3325/2/723 3326/2/723 3283/2/723 
f 3327/2/607 3296/2/607 3294/2/606 3328/2/606 
f 3329/2/642 3285/2/609 3330/2/609 3331/2/642 
f 3193/2/641 3288/2/640 3287/2/640 3194/2/641 
f 3250/2/791 3332/2/791 3333/2/791 3247/2/791 
f 3334/2/687 3240/2/687 3312/2/687 3311/2/687 
f 3335/2/682 3272/2/682 3262/2/682 3261/2/682 
f 3204/2/698 3203/2/698 3231/2/698 3230/2/698 
f 3336/2/772 3337/2/772 3338/2/772 3220/2/772 
f 3339/2/751 3340/2/751 3341/2/751 3254/2/751 
f 3253/2/775 3342/2/775 3339/2/775 3254/2/775 
f 3295/2/693 3343/2/693 3290/2/660 3291/2/660 
f 3344/2/749 3345/2/749 3311/2/749 3310/2/749 
f 3215/2/631 3323/2/631 3251/2/631 3216/2/631 
f 3216/2/634 3304/2/634 3346/2/634 3213/2/634 
f 3206/2/779 3205/2/779 3221/2/779 3347/2/779 
f 3348/2/19 3130/2/19 3129/2/19 3349/2/19 
f 3350/2/19 3349/2/19 3129/2/19 3132/2/19 
f 3351/2/19 3350/2/19 3132/2/19 3133/2/19 
f 3252/2/19 3351/2/19 3133/2/19 3136/2/19 
f 3252/2/19 3136/2/19 3138/2/19 3224/2/19 
f 3140/2/19 3225/2/19 3224/2/19 3138/2/19 
f 3142/2/19 3352/2/19 3225/2/19 3140/2/19 
f 3352/2/19 3142/2/19 3144/2/19 3353/2/19 
f 3353/2/19 3144/2/19 3146/2/19 3354/2/19 
f 3146/2/19 3148/2/19 3355/2/19 3354/2/19 
f 3149/2/19 3333/2/19 3355/2/19 3148/2/19 
f 3149/2/19 3151/2/19 3247/2/19 3333/2/19 
f 3247/2/19 3151/2/19 3152/2/19 3248/2/19 
f 3152/2/19 3150/2/19 3356/2/19 3248/2/19 
f 3356/2/19 3150/2/19 3147/2/19 3357/2/19 
f 3358/2/19 3357/2/19 3147/2/19 3145/2/19 
f 3359/2/19 3358/2/19 3145/2/19 3143/2/19 
f 3143/2/19 3141/2/19 3228/2/19 3359/2/19 
f 3228/2/19 3141/2/19 3139/2/19 3229/2/19 
f 3246/2/19 3229/2/19 3139/2/19 3137/2/19 
f 3246/2/19 3137/2/19 3135/2/19 3243/2/19 
f 3243/2/19 3135/2/19 3134/2/19 3360/2/19 
f 3360/2/19 3134/2/19 3131/2/19 3361/2/19 
f 3348/2/19 3361/2/19 3131/2/19 3130/2/19 
f 3362/2/618 3299/2/618 3183/2/618 3363/2/618 
f 3273/2/716 3364/2/716 3363/2/716 3274/2/716 
f 3293/2/679 3318/2/679 3317/2/679 3320/2/679 
f 3265/2/734 3264/2/734 3299/2/734 3362/2/734 
f 3282/2/624 3365/2/624 3353/2/624 3354/2/624 
f 3301/2/676 3366/2/676 3209/2/676 3208/2/676 
f 3171/2/148 3367/2/148 3295/2/169 3172/2/169 
f 3286/2/789 3285/2/789 3329/2/789 3368/2/789 
f 3298/2/622 3297/2/622 3337/2/622 3336/2/622 
f 3251/2/664 3223/2/664 3304/2/664 3216/2/664 
f 3303/2/718 3369/2/718 3346/2/718 3304/2/718 
f 3170/2/697 3234/2/697 3314/2/1156 3169/2/1156 
f 3370/2/147 3367/2/148 3171/2/148 3173/2/147 
f 3316/2/651 3218/2/651 3214/2/651 3237/2/651 
f 3371/2/605 3315/2/605 3314/2/604 3305/2/604 
f 3211/2/663 3336/2/663 3220/2/663 3219/2/663 
f 3290/2/767 3343/2/767 3372/2/767 3341/2/767 
f 3296/2/745 3186/2/745 3373/2/745 3267/2/745 
f 3350/2/709 3324/2/709 3276/2/709 3349/2/709 
f 3297/2/790 3264/2/790 3267/2/790 3373/2/790 
f 3344/2/752 3374/2/752 3365/2/752 3345/2/752 
f 3329/2/642 3331/2/642 3375/2/669 3322/2/669 
f 3182/2/602 3274/2/602 3363/2/602 3183/2/602 
f 3212/2/780 3257/2/780 3245/2/780 3244/2/780 
f 3175/2/1158 3190/2/1158 3189/2/10 3176/2/10 
f 3164/2/91 3287/2/91 3241/2/79 3159/2/79 
f 3222/2/665 3374/2/665 3344/2/665 3303/2/665 
f 3177/2/742 3332/2/742 3250/2/742 3178/2/742 
f 3297/2/769 3373/2/769 3376/2/769 3337/2/769 
f 3244/2/783 3243/2/783 3360/2/783 3292/2/783 
f 3377/2/635 3178/2/635 3250/2/635 3249/2/635 
f 3378/2/766 3356/2/766 3357/2/766 3260/2/766 
f 3263/2/656 3379/2/656 3378/2/656 3260/2/656 
f 3374/2/619 3222/2/619 3225/2/619 3352/2/619 
f 3327/2/123 3156/2/123 3155/2/118 3187/2/118 
f 3163/2/2 3194/2/2 3287/2/91 3164/2/91 
f 3380/2/737 3381/2/737 3382/2/737 3383/2/737 
f 3341/2/747 3372/2/747 3255/2/747 3254/2/747 
f 3338/2/771 3382/2/771 3221/2/771 3220/2/771 
f 3356/2/690 3378/2/690 3249/2/690 3248/2/690 
f 3256/2/720 3255/2/720 3366/2/720 3308/2/720 
f 3174/2/1157 3315/2/1157 3190/2/1158 3175/2/1158 
f 3189/2/10 3370/2/147 3173/2/147 3176/2/10 
f 3179/2/762 3384/2/762 3300/2/762 3226/2/762 
f 3232/2/613 3334/2/613 3281/2/613 3233/2/613 
f 3349/2/625 3276/2/625 3275/2/625 3348/2/625 
f 3323/2/750 3351/2/750 3252/2/750 3251/2/750 
f 3253/2/621 3256/2/621 3307/2/621 3271/2/621 
f 3186/2/685 3296/2/607 3327/2/607 3187/2/685 
f 3377/2/675 3384/2/675 3179/2/675 3178/2/675 
f 3374/2/738 3352/2/738 3353/2/738 3365/2/738 
f 3206/2/683 3270/2/683 3272/2/683 3203/2/683 
f 3283/2/743 3278/2/743 3277/2/743 3284/2/743 
f 3237/2/710 3385/2/710 3317/2/710 3316/2/710 
f 3208/2/644 3207/2/644 3192/2/644 3269/2/644 
f 3386/2/627 3385/2/627 3237/2/627 3236/2/627 
f 3339/2/657 3381/2/657 3380/2/657 3340/2/657 
f 3196/2/638 3340/2/638 3380/2/638 3193/2/638 
f 3383/2/730 3382/2/730 3338/2/730 3387/2/730 
f 3156/2/123 3327/2/123 3328/2/6 3153/2/6 
f 3159/2/79 3241/2/79 3188/2/78 3158/2/78 
f 3307/2/615 3306/2/615 3379/2/615 3263/2/615 
f 3320/2/784 3317/2/784 3385/2/784 3321/2/784 
f 3319/2/735 3364/2/735 3218/2/735 3316/2/735 
f 3360/2/782 3361/2/782 3313/2/782 3292/2/782 
f 3199/2/725 3278/2/725 3388/2/725 3200/2/725 
f 3293/2/612 3320/2/612 3259/2/612 3258/2/612 
f 3262/2/614 3271/2/614 3307/2/614 3263/2/614 
f 3358/2/626 3359/2/626 3335/2/626 3261/2/626 
f 3227/2/677 3226/2/677 3302/2/677 3389/2/677 
f 3308/2/728 3300/2/728 3384/2/728 3306/2/728 
f 3265/2/647 3362/2/647 3319/2/647 3318/2/647 
f 3283/2/706 3326/2/706 3388/2/706 3278/2/706 
f 3229/2/717 3246/2/717 3245/2/717 3230/2/717 
f 3369/2/777 3390/2/777 3391/2/777 3346/2/777 
f 3273/2/770 3276/2/770 3324/2/770 3217/2/770 
f 3293/2/746 3266/2/746 3265/2/746 3318/2/746 
f 3275/2/699 3274/2/699 3182/2/699 3313/2/699 
f 3383/2/719 3288/2/719 3193/2/719 3380/2/719 
f 3158/2/78 3188/2/78 3187/2/118 3155/2/118 
f 3279/2/623 3234/2/623 3235/2/639 3277/2/639 
f 3371/2/689 3392/2/689 3268/2/689 3191/2/689 
f 3208/2/741 3269/2/741 3302/2/741 3301/2/741 
f 3368/2/707 3321/2/707 3385/2/707 3386/2/707 
f 3301/2/654 3300/2/654 3308/2/654 3366/2/654 
f 3219/2/670 3205/2/670 3204/2/670 3257/2/670 
f 3261/2/714 3260/2/714 3357/2/714 3358/2/714 
f 3286/2/667 3368/2/667 3386/2/667 3325/2/667 
f 3204/2/692 3230/2/692 3245/2/692 3257/2/692 
f 3160/2/89 3157/2/90 3202/2/90 3375/2/89 
f 3302/2/632 3269/2/632 3268/2/632 3389/2/632 
f 3165/2/137 3195/2/137 3194/2/2 3163/2/2 
f 3239/2/646 3238/2/646 3227/2/646 3389/2/646 
f 3185/2/785 3376/2/785 3373/2/785 3186/2/785 
f 3367/2/630 3370/2/629 3207/2/629 3210/2/630 
f 3192/2/659 3207/2/629 3370/2/629 3189/2/659 
f 3202/2/756 3259/2/756 3322/2/669 3375/2/669 
f 3166/2/1 3289/2/1 3235/2/696 3167/2/696 
f 3213/2/792 3346/2/792 3391/2/792 3236/2/792 
f 3295/2/693 3367/2/630 3210/2/630 3343/2/693 
f 3364/2/786 3273/2/786 3217/2/786 3218/2/786 
f 3281/2/628 3334/2/628 3311/2/628 3345/2/628 
f 3334/2/778 3232/2/778 3238/2/778 3240/2/778 
f 3364/2/711 3319/2/711 3362/2/711 3363/2/711 
f 3338/2/610 3337/2/610 3376/2/610 3387/2/610 
f 3234/2/623 3279/2/623 3305/2/604 3314/2/604 
f 3180/2/650 3227/2/650 3238/2/650 3232/2/650 
f 3381/2/788 3347/2/788 3221/2/788 3382/2/788 
f 3350/2/703 3351/2/703 3323/2/703 3324/2/703 
f 3322/2/688 3321/2/688 3368/2/688 3329/2/688 
f 3161/2/53 3330/2/53 3289/2/1 3166/2/1 
f 3160/2/89 3375/2/89 3331/2/52 3162/2/52 
f 3390/2/787 3326/2/787 3325/2/787 3391/2/787 
f 3239/2/700 3392/2/700 3198/2/700 3197/2/700 
f 3379/2/740 3377/2/740 3249/2/740 3378/2/740 
f 3388/2/708 3309/2/708 3312/2/708 3200/2/708 
f 3162/2/52 3331/2/52 3330/2/53 3161/2/53 
f 3200/2/666 3312/2/666 3240/2/666 3197/2/666 
f 3185/2/649 3242/2/649 3387/2/649 3376/2/649 
f 3343/2/655 3210/2/655 3209/2/655 3372/2/655 
f 3325/2/668 3386/2/668 3236/2/668 3391/2/668 
f 3332/2/653 3177/2/653 3233/2/653 3280/2/653 
f 3347/2/739 3342/2/739 3270/2/739 3206/2/739 
f 3184/2/761 3298/2/761 3336/2/761 3211/2/761 
f 3371/2/605 3191/2/658 3190/2/658 3315/2/605 
f 3310/2/673 3309/2/673 3390/2/673 3369/2/673 
f 3281/2/695 3345/2/695 3365/2/695 3282/2/695 
f 3335/2/617 3359/2/617 3228/2/617 3231/2/617 
f 3201/2/136 3154/2/136 3153/2/6 3328/2/6 
f 3333/2/729 3332/2/729 3280/2/729 3355/2/729 
f 3282/2/701 3354/2/701 3355/2/701 3280/2/701 
f 3366/2/727 3255/2/727 3372/2/727 3209/2/727 
f 3198/2/755 3392/2/755 3371/2/755 3305/2/755 
f 3306/2/759 3384/2/759 3377/2/759 3379/2/759 
f 3347/2/768 3381/2/768 3339/2/768 3342/2/768 
f 3388/2/765 3326/2/765 3390/2/765 3309/2/765 
f 3201/2/757 3328/2/606 3294/2/606 3258/2/757 
f 3196/2/680 3290/2/680 3341/2/680 3340/2/680 
f 3392/2/691 3239/2/691 3389/2/691 3268/2/691 
f 3275/2/662 3313/2/662 3361/2/662 3348/2/662 
f 3271/2/758 3270/2/758 3342/2/758 3253/2/758 
f 3289/2/608 3330/2/609 3285/2/609 3284/2/608 
f 3288/2/636 3383/2/636 3387/2/636 3242/2/636 
f 3344/2/611 3310/2/611 3369/2/611 3303/2/611 
f 3203/2/648 3272/2/648 3335/2/648 3231/2/648 
usemtl Material__27
f 3393/1662/23 3394/1663/6 3395/1664/6 3396/1665/23 
f 3394/1663/6 3397/1666/29 3398/1667/29 3395/1664/6 
f 3396/1665/1 3395/1664/1 3398/1667/1 3399/1668/1 
f 3396/1665/1 3399/1668/1 3400/1669/1 3401/1670/1 
f 3399/1668/1 3402/1671/1 3403/1672/1 3400/1669/1 
f 3403/1672/1 3402/1671/1 3404/1673/1 3405/1674/1 
f 3402/1671/1 3406/1675/1 3407/1676/1 3404/1673/1 
f 3406/1675/1 3408/1677/1 3409/1678/1 3407/1676/1 
f 3408/1677/1 3410/1679/1 3411/1680/1 3409/1678/1 
f 3410/1679/1 3412/1681/1 3413/1682/1 3411/1680/1 
f 3412/1681/1 3414/1683/1 3415/1684/1 3413/1682/1 
f 3415/1684/1 3414/1683/1 3416/1685/1 3417/1686/1 
f 3418/1687/1 3417/1686/1 3416/1685/1 3419/1688/1 
f 3418/1687/1 3419/1688/1 3420/1689/1 3421/1690/1 
f 3422/1691/1 3420/1689/1 3419/1688/1 3423/1692/1 
f 3422/1691/1 3423/1692/1 3424/1693/1 3425/1694/1 
f 3424/1693/1 3426/1695/1 3427/1696/1 3425/1694/1 
f 3426/1695/1 3428/1697/1 3429/1698/1 3427/1696/1 
f 3428/1697/1 3430/1699/1 3431/1700/1 3429/1698/1 
f 3430/1699/1 3432/1701/1 3433/1702/1 3431/1700/1 
f 3434/1703/1 3432/1701/1 3430/1699/1 3435/1704/1 
f 3436/1705/1 3434/1703/1 3435/1704/1 3437/1706/1 
f 3438/1707/1 3436/1705/1 3437/1706/1 3439/1708/1 
f 3440/1709/1 3438/1707/1 3439/1708/1 3401/1670/1 
f 3440/1709/1 3401/1670/1 3400/1669/1 
f 3419/1688/1 3441/1710/1 3442/1711/1 3423/1692/1 
f 3442/1711/1 3441/1710/1 3443/1712/1 
f 3412/1681/17 3410/1679/19 3444/1713/19 3445/1714/17 
f 3439/1708/27 3446/1715/27 3447/1716/22 3401/1670/22 
f 3448/1717/30 3428/1697/30 3426/1695/21 3449/1718/21 
f 3450/1719/12 3451/1720/28 3437/1706/28 3435/1704/12 
f 3452/1721/3 3430/1699/3 3428/1697/30 3448/1717/30 
f 3453/1722/25 3454/1723/16 3406/1675/16 3402/1671/25 
f 3419/1688/14 3455/1724/14 3456/1725/9 3441/1710/9 
f 3457/1726/26 3399/1668/26 3398/1667/29 3397/1666/29 
f 3441/1710/9 3456/1725/9 3458/1727/10 3443/1712/10 
f 3424/1693/20 3423/1692/24 3459/1728/24 3460/1729/20 
f 3461/1730/13 3416/1685/13 3414/1683/18 3462/1731/18 
f 3402/1671/25 3399/1668/26 3457/1726/26 3453/1722/25 
f 3430/1699/3 3452/1721/3 3450/1719/12 3435/1704/12 
f 3459/1728/24 3423/1692/24 3442/1711/11 3463/1732/11 
f 3463/1732/11 3442/1711/11 3443/1712/10 3458/1727/10 
f 3437/1706/28 3451/1720/28 3446/1715/27 3439/1708/27 
f 3461/1730/13 3455/1724/14 3419/1688/14 3416/1685/13 
f 3445/1714/17 3462/1731/18 3414/1683/18 3412/1681/17 
f 3408/1677/15 3406/1675/16 3454/1723/16 3464/1733/15 
f 3449/1718/21 3426/1695/21 3424/1693/20 3460/1729/20 
f 3401/1670/22 3447/1716/22 3393/1662/23 3396/1665/23 
f 3408/1677/15 3464/1733/15 3444/1713/19 3410/1679/19 
f 3465/1734/18 3466/1735/18 3467/1736/13 3468/1737/13 
f 3469/1738/30 3470/1739/3 3471/1740/3 3472/1741/30 
f 3473/1742/20 3474/1743/24 3475/1744/24 3476/1745/20 
f 3477/1746/11 3478/1747/10 3479/1748/10 3480/1749/11 
f 3481/1750/12 3482/1751/12 3483/1752/28 3484/1753/28 
f 3485/1754/19 3486/1755/19 3487/1756/17 3488/1757/17 
f 3474/1743/24 3477/1746/11 3480/1749/11 3475/1744/24 
f 3489/1758/25 3490/1759/25 3491/1760/16 3492/1761/16 
f 3493/1762/23 3494/1763/23 3495/1764/22 3496/1765/22 
f 3469/1738/30 3472/1741/30 3497/1766/21 3498/1767/21 
f 3499/1768/29 3500/1769/26 3501/1770/26 3502/1771/29 
f 3494/1763/1 3503/1772/1 3502/1771/1 3495/1764/1 
f 3502/1771/1 3501/1770/1 3489/1758/1 3495/1764/1 
f 3495/1764/1 3489/1758/1 3492/1761/1 3504/1773/1 
f 3492/1761/1 3481/1750/1 3484/1753/1 3504/1773/1 
f 3481/1750/1 3492/1761/1 3505/1774/1 3485/1754/1 
f 3488/1757/1 3471/1740/1 3481/1750/1 3485/1754/1 
f 3471/1740/1 3488/1757/1 3465/1734/1 3472/1741/1 
f 3472/1741/1 3465/1734/1 3473/1742/1 3497/1766/1 
f 3473/1742/1 3465/1734/1 3468/1737/1 3506/1775/1 
f 3506/1775/1 3507/1776/1 3474/1743/1 3473/1742/1 
f 3474/1743/1 3507/1776/1 3478/1747/1 3477/1746/1 
f 3508/1777/1 3509/1778/1 3510/1779/1 3511/1780/1 
f 3512/1781/1 3511/1780/1 3510/1779/1 3513/1782/1 
f 3513/1782/1 3514/1783/1 3515/1784/1 3512/1781/1 
f 3514/1783/1 3516/1785/1 3517/1786/1 3515/1784/1 
f 3516/1785/1 3499/1768/1 3518/1787/1 3517/1786/1 
f 3499/1768/1 3516/1785/1 3490/1759/1 3500/1769/1 
f 3491/1760/1 3490/1759/1 3516/1785/1 3519/1788/1 
f 3519/1788/1 3486/1755/1 3520/1789/1 3491/1760/1 
f 3486/1755/1 3519/1788/1 3521/1790/1 3487/1756/1 
f 3521/1790/1 3467/1736/1 3466/1735/1 3487/1756/1 
f 3521/1790/1 3522/1791/1 3523/1792/1 3467/1736/1 
f 3524/1793/1 3523/1792/1 3522/1791/1 3479/1748/1 
f 3480/1749/1 3479/1748/1 3522/1791/1 3525/1794/1 
f 3525/1794/1 3476/1745/1 3475/1744/1 3480/1749/1 
f 3526/1795/1 3498/1767/1 3476/1745/1 3525/1794/1 
f 3498/1767/1 3526/1795/1 3527/1796/1 3469/1738/1 
f 3527/1796/1 3482/1751/1 3470/1739/1 3469/1738/1 
f 3527/1796/1 3528/1797/1 3483/1752/1 3482/1751/1 
f 3528/1797/1 3496/1765/1 3529/1798/1 3483/1752/1 
f 3496/1765/1 3528/1797/1 3518/1787/1 3493/1762/1 
f 3518/1787/1 3528/1797/1 3517/1786/1 
f 3530/1799/1 3525/1794/1 3522/1791/1 3531/1800/1 
f 3532/1801/1 3530/1799/1 3531/1800/1 3533/1802/1 
f 3534/1803/1 3535/1804/1 3532/1801/1 3533/1802/1 
f 3535/1804/1 3534/1803/1 3536/1805/1 
f 3502/1771/29 3503/1772/6 3518/1787/6 3499/1768/29 
f 3505/1774/15 3520/1789/15 3486/1755/19 3485/1754/19 
f 3481/1750/12 3471/1740/3 3470/1739/3 3482/1751/12 
f 3504/1773/27 3529/1798/27 3496/1765/22 3495/1764/22 
f 3500/1769/26 3490/1759/25 3489/1758/25 3501/1770/26 
f 3491/1760/16 3520/1789/15 3505/1774/15 3492/1761/16 
f 3529/1798/27 3504/1773/27 3484/1753/28 3483/1752/28 
f 3476/1745/20 3498/1767/21 3497/1766/21 3473/1742/20 
f 3506/1775/14 3468/1737/13 3467/1736/13 3523/1792/14 
f 3506/1775/14 3523/1792/14 3524/1793/9 3507/1776/9 
f 3465/1734/18 3488/1757/17 3487/1756/17 3466/1735/18 
f 3507/1776/9 3524/1793/9 3479/1748/10 3478/1747/10 
f 3494/1763/23 3493/1762/23 3518/1787/6 3503/1772/6 
f 3537/1806/26 3538/1807/29 3539/1808/29 3540/1809/26 
f 3541/1810/12 3432/1701/12 3434/1703/28 3542/1811/28 
f 3543/1812/30 3544/1813/21 3545/1814/21 3546/1815/30 
f 3547/1816/27 3548/1817/22 3549/1818/22 3550/1819/27 
f 3551/1820/9 3552/1821/10 3553/1822/10 3554/1823/9 
f 3555/1824/1 3556/1825/1 3557/1826/1 3558/1827/1 
f 3557/1826/1 3509/1778/1 3508/1777/1 3558/1827/1 
f 3509/1778/1 3557/1826/1 3559/1828/1 3510/1779/1 
f 3510/1779/1 3559/1828/1 3560/1829/1 3513/1782/1 
f 3561/1830/1 3514/1783/1 3513/1782/1 3560/1829/1 
f 3561/1830/1 3562/1831/1 3516/1785/1 3514/1783/1 
f 3562/1831/1 3563/1832/1 3519/1788/1 3516/1785/1 
f 3519/1788/1 3563/1832/1 3522/1791/1 3521/1790/1 
f 3564/1833/1 3531/1800/1 3522/1791/1 3563/1832/1 
f 3565/1834/1 3533/1802/1 3531/1800/1 3564/1833/1 
f 3566/1835/1 3534/1803/1 3533/1802/1 3565/1834/1 
f 3567/1836/1 3536/1805/1 3534/1803/1 3566/1835/1 
f 3567/1836/1 3568/1837/1 3569/1838/1 3536/1805/1 
f 3536/1805/1 3569/1838/1 3532/1801/1 3535/1804/1 
f 3570/1839/1 3530/1799/1 3532/1801/1 3569/1838/1 
f 3570/1839/1 3571/1840/1 3525/1794/1 3530/1799/1 
f 3525/1794/1 3571/1840/1 3572/1841/1 3526/1795/1 
f 3526/1795/1 3572/1841/1 3573/1842/1 3527/1796/1 
f 3573/1842/1 3574/1843/1 3528/1797/1 3527/1796/1 
f 3575/1844/1 3517/1786/1 3528/1797/1 3574/1843/1 
f 3517/1786/1 3575/1844/1 3576/1845/1 3515/1784/1 
f 3515/1784/1 3576/1845/1 3511/1780/1 3512/1781/1 
f 3511/1780/1 3576/1845/1 3577/1846/1 3508/1777/1 
f 3508/1777/1 3577/1846/1 3558/1827/1 
f 3568/1837/1 3567/1836/1 3578/1847/1 
f 3579/1847/6 3580/1848/23 3581/1849/23 3582/1850/6 
f 3538/1807/29 3579/1847/6 3582/1850/6 3539/1808/29 
f 3583/1851/22 3584/1852/27 3585/1853/27 3586/1854/22 
f 3587/1855/20 3588/1856/20 3589/1857/21 3590/1858/21 
f 3418/1687/14 3583/1851/14 3584/1852/13 
f 3584/1852/13 3417/1686/13 3418/1687/14 
f 3591/1859/16 3592/1860/15 3593/1861/15 3594/1862/16 
f 3422/1691/11 3538/1807/11 3579/1847/10 
f 3579/1847/10 3420/1689/10 3422/1691/11 
f 3403/1672/29 3595/1863/29 3553/1822/6 3400/1669/6 
f 3579/1847/10 3580/1848/9 3421/1690/9 
f 3421/1690/9 3420/1689/10 3579/1847/10 
f 3580/1848/23 3583/1851/22 3586/1854/22 3581/1849/23 
f 3596/1864/29 3597/1865/26 3598/1866/26 3599/1867/29 
f 3600/1868/16 3601/1869/16 3602/1870/15 3603/1871/15 
f 3604/1872/14 3605/1873/13 3606/1874/13 3607/1875/14 
f 3537/1806/24 3538/1807/11 3422/1691/11 
f 3422/1691/11 3425/1694/24 3537/1806/24 
f 3608/1876/11 3609/1877/10 3610/1878/10 3611/1879/11 
f 3612/1880/25 3613/1881/26 3405/1674/26 3404/1673/25 
f 3614/1882/23 3615/1883/23 3549/1818/22 3548/1817/22 
f 3550/1819/27 3616/1884/28 3617/1885/28 3547/1816/27 
f 3543/1812/15 3544/1813/16 3407/1676/16 
f 3407/1676/16 3409/1678/15 3543/1812/15 
f 3546/1815/30 3618/1886/3 3619/1887/3 3543/1812/30 
f 3436/1705/27 3620/1888/27 3542/1811/28 3434/1703/28 
f 3544/1813/21 3612/1880/20 3621/1889/20 3545/1814/21 
f 3592/1860/15 3622/1890/19 3623/1891/19 3593/1861/15 
f 3624/1892/25 3591/1859/16 3594/1862/16 3625/1893/25 
f 3598/1866/1 3615/1883/1 3626/1894/1 3599/1867/1 
f 3552/1821/1 3615/1883/1 3598/1866/1 3627/1895/1 
f 3627/1895/1 3598/1866/1 3628/1896/1 3629/1897/1 
f 3628/1896/1 3600/1868/1 3621/1889/1 3629/1897/1 
f 3603/1871/1 3545/1814/1 3621/1889/1 3600/1868/1 
f 3603/1871/1 3630/1898/1 3546/1815/1 3545/1814/1 
f 3546/1815/1 3630/1898/1 3631/1899/1 3618/1886/1 
f 3632/1900/1 3618/1886/1 3631/1899/1 3633/1901/1 
f 3634/1902/1 3585/1853/1 3633/1901/1 3631/1899/1 
f 3586/1854/1 3585/1853/1 3634/1902/1 3605/1873/1 
f 3581/1849/1 3586/1854/1 3605/1873/1 3604/1872/1 
f 3635/1903/1 3582/1850/1 3581/1849/1 3604/1872/1 
f 3608/1876/1 3539/1808/1 3582/1850/1 3635/1903/1 
f 3540/1809/1 3539/1808/1 3608/1876/1 3636/1904/1 
f 3587/1855/1 3624/1892/1 3540/1809/1 3636/1904/1 
f 3590/1858/1 3591/1859/1 3624/1892/1 3587/1855/1 
f 3591/1859/1 3590/1858/1 3637/1905/1 3592/1860/1 
f 3638/1906/1 3622/1890/1 3592/1860/1 3637/1905/1 
f 3639/1907/1 3622/1890/1 3638/1906/1 3640/1908/1 
f 3640/1908/1 3616/1884/1 3641/1909/1 3639/1907/1 
f 3642/1910/1 3641/1909/1 3616/1884/1 3550/1819/1 
f 3550/1819/1 3549/1818/1 3643/1911/1 3642/1910/1 
f 3551/1820/1 3643/1911/1 3549/1818/1 3552/1821/1 
f 3552/1821/1 3549/1818/1 3615/1883/1 
f 3608/1876/1 3635/1903/1 3609/1877/1 
f 3421/1690/9 3580/1848/9 3583/1851/14 
f 3583/1851/14 3418/1687/14 3421/1690/9 
f 3644/1912/14 3643/1911/14 3551/1820/9 3554/1823/9 
f 3540/1809/26 3624/1892/25 3625/1893/25 3537/1806/26 
f 3619/1887/3 3618/1886/3 3632/1900/12 3645/1913/12 
f 3553/1822/1 3595/1863/1 3556/1825/1 3555/1824/1 
f 3556/1825/1 3595/1863/1 3613/1881/1 3557/1826/1 
f 3557/1826/1 3613/1881/1 3612/1880/1 3559/1828/1 
f 3559/1828/1 3612/1880/1 3544/1813/1 3560/1829/1 
f 3560/1829/1 3544/1813/1 3543/1812/1 3561/1830/1 
f 3619/1887/1 3562/1831/1 3561/1830/1 3543/1812/1 
f 3619/1887/1 3645/1913/1 3563/1832/1 3562/1831/1 
f 3645/1913/1 3646/1914/1 3564/1833/1 3563/1832/1 
f 3646/1914/1 3584/1852/1 3565/1834/1 3564/1833/1 
f 3565/1834/1 3584/1852/1 3583/1851/1 3566/1835/1 
f 3567/1836/1 3566/1835/1 3583/1851/1 3580/1848/1 
f 3578/1847/1 3567/1836/1 3580/1848/1 3579/1847/1 
f 3578/1847/1 3579/1847/1 3538/1807/1 3568/1837/1 
f 3568/1837/1 3538/1807/1 3537/1806/1 3569/1838/1 
f 3569/1838/1 3537/1806/1 3625/1893/1 3570/1839/1 
f 3571/1840/1 3570/1839/1 3625/1893/1 3594/1862/1 
f 3593/1861/1 3572/1841/1 3571/1840/1 3594/1862/1 
f 3623/1891/1 3573/1842/1 3572/1841/1 3593/1861/1 
f 3541/1810/1 3574/1843/1 3573/1842/1 3623/1891/1 
f 3574/1843/1 3541/1810/1 3542/1811/1 3575/1844/1 
f 3542/1811/1 3620/1888/1 3576/1845/1 3575/1844/1 
f 3620/1888/1 3644/1912/1 3577/1846/1 3576/1845/1 
f 3554/1823/1 3558/1827/1 3577/1846/1 3644/1912/1 
f 3554/1823/1 3553/1822/1 3555/1824/1 3558/1827/1 
f 3584/1852/27 3646/1914/28 3633/1901/28 3585/1853/27 
f 3647/1915/24 3588/1856/20 3587/1855/20 3636/1904/24 
f 3405/1674/26 3613/1881/26 3595/1863/29 3403/1672/29 
f 3593/1861/30 3594/1862/21 3429/1698/21 
f 3429/1698/21 3431/1700/30 3593/1861/30 
f 3648/1916/19 3649/1917/17 3631/1899/17 3630/1898/19 
f 3636/1904/24 3608/1876/11 3611/1879/11 3647/1915/24 
f 3646/1914/28 3645/1913/12 3632/1900/12 3633/1901/28 
f 3601/1869/16 3600/1868/16 3628/1896/25 3650/1918/25 
f 3605/1873/13 3634/1902/18 3651/1919/18 3606/1874/13 
f 3543/1812/15 3409/1678/15 3411/1680/19 
f 3411/1680/19 3619/1887/19 3543/1812/15 
f 3438/1707/22 3644/1912/22 3620/1888/27 3436/1705/27 
f 3595/1863/11 3553/1822/10 3552/1821/10 
f 3552/1821/10 3627/1895/11 3595/1863/11 
f 3425/1694/24 3427/1696/20 3625/1893/20 
f 3625/1893/20 3537/1806/24 3425/1694/24 
f 3651/1919/18 3634/1902/18 3631/1899/17 3649/1917/17 
f 3417/1686/13 3584/1852/13 3646/1914/18 
f 3646/1914/18 3415/1684/18 3417/1686/13 
f 3440/1709/23 3400/1669/6 3553/1822/6 
f 3553/1822/6 3554/1823/23 3440/1709/23 
f 3613/1881/24 3629/1897/24 3621/1889/20 
f 3621/1889/20 3612/1880/20 3613/1881/24 
f 3652/1920/30 3653/1921/3 3638/1906/3 3637/1905/30 
f 3652/1920/30 3637/1905/30 3590/1858/21 3589/1857/21 
f 3599/1867/29 3626/1894/6 3654/1922/6 3596/1864/29 
f 3411/1680/19 3413/1682/17 3645/1913/17 
f 3645/1913/17 3619/1887/19 3411/1680/19 
f 3655/1923/9 3610/1878/10 3609/1877/10 3635/1903/9 
f 3650/1918/25 3628/1896/25 3598/1866/26 3597/1865/26 
f 3656/1924/12 3617/1885/28 3616/1884/28 3640/1908/12 
f 3413/1682/17 3415/1684/18 3646/1914/18 
f 3646/1914/18 3645/1913/17 3413/1682/17 
f 3541/1810/17 3623/1891/19 3622/1890/19 3639/1907/17 
f 3642/1910/13 3620/1888/13 3542/1811/18 
f 3542/1811/18 3641/1909/18 3642/1910/13 
f 3604/1872/14 3607/1875/14 3655/1923/9 3635/1903/9 
f 3643/1911/14 3644/1912/14 3620/1888/13 
f 3620/1888/13 3642/1910/13 3643/1911/14 
f 3433/1702/3 3623/1891/3 3593/1861/30 
f 3593/1861/30 3431/1700/30 3433/1702/3 
f 3427/1696/20 3429/1698/21 3594/1862/21 
f 3594/1862/21 3625/1893/20 3427/1696/20 
f 3602/1870/15 3648/1916/19 3630/1898/19 3603/1871/15 
f 3653/1921/3 3656/1924/12 3640/1908/12 3638/1906/3 
f 3596/1864/2 3654/1922/2 3614/1882/2 3548/1817/2 
f 3596/1864/2 3548/1817/2 3554/1823/2 
f 3554/1823/2 3553/1822/2 3596/1864/2 
f 3554/1823/2 3548/1817/2 3547/1816/2 
f 3547/1816/2 3644/1912/2 3554/1823/2 
f 3644/1912/2 3547/1816/2 3617/1885/2 
f 3617/1885/2 3620/1888/2 3644/1912/2 
f 3542/1811/2 3620/1888/2 3617/1885/2 
f 3617/1885/2 3656/1924/2 3542/1811/2 
f 3541/1810/2 3542/1811/2 3656/1924/2 
f 3656/1924/2 3653/1921/2 3541/1810/2 
f 3623/1891/2 3541/1810/2 3653/1921/2 
f 3653/1921/2 3652/1920/2 3623/1891/2 
f 3593/1861/2 3623/1891/2 3652/1920/2 
f 3652/1920/2 3594/1862/2 3593/1861/2 
f 3594/1862/2 3652/1920/2 3589/1857/2 
f 3589/1857/2 3625/1893/2 3594/1862/2 
f 3589/1857/2 3588/1856/2 3537/1806/2 
f 3537/1806/2 3625/1893/2 3589/1857/2 
f 3538/1807/2 3537/1806/2 3588/1856/2 
f 3588/1856/2 3647/1915/2 3538/1807/2 
f 3579/1847/2 3538/1807/2 3647/1915/2 
f 3647/1915/2 3611/1879/2 3579/1847/2 
f 3580/1848/2 3579/1847/2 3611/1879/2 
f 3611/1879/2 3655/1923/2 3580/1848/2 
f 3607/1875/2 3583/1851/2 3580/1848/2 
f 3580/1848/2 3655/1923/2 3607/1875/2 
f 3583/1851/2 3607/1875/2 3606/1874/2 
f 3606/1874/2 3584/1852/2 3583/1851/2 
f 3584/1852/2 3606/1874/2 3651/1919/2 
f 3651/1919/2 3646/1914/2 3584/1852/2 
f 3646/1914/2 3651/1919/2 3649/1917/2 
f 3649/1917/2 3645/1913/2 3646/1914/2 
f 3649/1917/2 3648/1916/2 3619/1887/2 
f 3619/1887/2 3645/1913/2 3649/1917/2 
f 3543/1812/2 3619/1887/2 3648/1916/2 
f 3648/1916/2 3602/1870/2 3543/1812/2 
f 3544/1813/2 3543/1812/2 3602/1870/2 
f 3602/1870/2 3601/1869/2 3544/1813/2 
f 3650/1918/2 3612/1880/2 3544/1813/2 
f 3544/1813/2 3601/1869/2 3650/1918/2 
f 3650/1918/2 3597/1865/2 3613/1881/2 
f 3613/1881/2 3612/1880/2 3650/1918/2 
f 3553/1822/2 3595/1863/2 3613/1881/2 
f 3613/1881/2 3597/1865/2 3553/1822/2 
f 3553/1822/2 3597/1865/2 3596/1864/2 
f 3655/1923/2 3611/1879/2 3610/1878/2 
f 3440/1709/23 3554/1823/23 3644/1912/22 
f 3644/1912/22 3438/1707/22 3440/1709/23 
f 3612/1880/25 3404/1673/25 3407/1676/16 
f 3407/1676/16 3544/1813/16 3612/1880/25 
f 3595/1863/11 3627/1895/11 3629/1897/24 
f 3629/1897/24 3613/1881/24 3595/1863/11 
f 3541/1810/12 3623/1891/3 3433/1702/3 
f 3433/1702/3 3432/1701/12 3541/1810/12 
f 3541/1810/17 3639/1907/17 3641/1909/18 
f 3641/1909/18 3542/1811/18 3541/1810/17 
f 3614/1882/23 3654/1922/6 3626/1894/6 3615/1883/23 
f 3657/1925/796 3658/9/797 3659/12/798 
f 3660/1926/799 3657/1925/796 3659/12/798 
f 3661/1927/800 3662/55/801 3663/54/802 
f 3664/1928/803 3662/55/801 3661/1927/800 
f 3665/1929/804 3666/32/805 3667/30/806 
f 3668/1930/807 3666/32/805 3665/1929/804 
f 3669/1931/808 3670/1932/809 3671/1933/810 3672/1934/811 
f 3673/1935/812 3674/1936/813 3675/1937/814 3676/1938/815 
f 3677/1939/816 3678/1940/817 3679/1941/818 3680/1942/819 
f 3681/1943/820 3682/1944/821 3683/1945/822 3676/1938/815 
f 3684/1946/823 3685/1947/824 3686/1948/825 3687/1949/826 
f 3688/1950/827 3689/1951/828 3690/1952/829 3691/1953/830 
f 3692/1954/831 3693/1955/832 3694/1956/833 3695/1957/834 
f 3696/1958/835 3697/1959/836 3698/1960/837 3699/1961/838 
f 3700/24/839 3701/1962/840 3702/1963/841 
f 3703/22/842 3700/24/839 3702/1963/841 
f 3704/1964/843 3705/1965/844 3689/1951/828 3706/1966/845 
f 3707/1967/846 3708/1968/847 3687/1949/826 3686/1948/825 
f 3684/1946/823 3709/1969/848 3710/1970/849 3685/1947/824 
f 3711/1971/850 3712/1972/851 3713/1973/852 3714/1974/853 
f 3715/1975/854 3716/1976/855 3717/1977/856 3718/1978/857 
f 3719/1979/858 3720/15/859 3721/13/860 
f 3722/1980/861 3719/1979/858 3721/13/860 
f 3723/1981/862 3724/1982/863 3725/1983/864 3726/1984/865 
f 3664/1928/803 3727/56/866 3662/55/801 
f 3728/1985/867 3727/56/866 3664/1928/803 
f 3729/1986/868 3730/1987/869 3731/1988/870 3732/1989/871 
f 3733/1990/872 3734/1991/873 3735/16/874 
f 3735/16/874 3734/1991/873 3736/14/875 
f 3737/1992/876 3657/1925/796 3660/1926/799 3738/1993/877 
f 3739/1994/878 3740/1995/879 3741/1996/880 3742/1997/881 
f 3743/1998/882 3744/1999/883 3745/2000/884 3746/2001/885 
f 3747/2002/886 3667/30/806 3748/27/887 
f 3665/1929/804 3667/30/806 3747/2002/886 
f 3749/2003/888 3750/2004/889 3751/2005/890 3743/1998/882 
f 3752/2006/891 3753/2007/892 3754/2008/893 3755/2009/894 
f 3756/2010/895 3757/2011/896 3758/2012/897 3759/2013/898 
f 3760/2014/899 3761/2015/900 3751/2005/890 3762/2016/901 
f 3763/2017/902 3764/2018/903 3765/2019/904 3766/2020/905 
f 3767/2021/906 3768/2022/907 3711/1971/850 3714/1974/853 
f 3769/2023/908 3770/2024/909 3771/2025/910 3772/2026/911 
f 3773/2027/912 3774/2028/913 3775/2029/914 3776/2030/915 
f 3777/2031/916 3753/2007/892 3752/2006/891 3731/1988/870 
f 3704/1964/843 3778/2032/917 3779/2033/918 3705/1965/844 
f 3673/1935/812 3780/2034/919 3781/2035/920 3672/1934/811 
f 3782/48/921 3783/2036/922 3784/2037/923 
f 3782/48/921 3785/50/924 3783/2036/922 
f 3786/2038/925 3787/2039/926 3788/2040/927 3789/2041/928 
f 3790/2042/929 3663/54/802 3791/51/930 
f 3661/1927/800 3663/54/802 3790/2042/929 
f 3734/1991/873 3733/1990/872 3792/2043/931 3793/2044/932 
f 3794/2045/933 3795/2046/934 3796/2047/935 3797/2048/936 
f 3797/2048/936 3796/2047/935 3798/2049/937 3799/2050/938 
f 3800/2051/939 3801/2052/940 3769/2023/908 3772/2026/911 
f 3802/2053/941 3803/11/942 3736/14/875 
f 3734/1991/873 3802/2053/941 3736/14/875 
f 3716/1976/855 3791/51/930 3804/49/943 
f 3790/2042/929 3791/51/930 3716/1976/855 
f 3783/2036/922 3805/2054/944 3806/2055/945 3784/2037/923 
f 3807/2056/946 3808/2057/947 3809/2058/948 3730/1987/869 
f 3810/2059/949 3811/2060/950 3812/2061/951 3813/2062/952 
f 3814/2063/953 3815/2064/954 3816/2065/955 
f 3817/2066/956 3815/2064/954 3814/2063/953 
f 3818/2067/957 3819/34/958 3820/38/959 
f 3821/2068/960 3818/2067/957 3820/38/959 
f 3786/2038/925 3822/2069/961 3823/2070/962 3787/2039/926 
f 3824/2071/963 3825/36/964 3826/35/965 
f 3827/2072/966 3824/2071/963 3826/35/965 
f 3828/2073/967 3829/2074/968 3830/2075/969 3831/2076/970 
f 3832/2077/971 3770/2024/909 3769/2023/908 3833/2078/972 
f 3765/2019/904 3834/2079/973 3741/1996/880 3766/2020/905 
f 3805/2054/944 3835/2080/974 3686/1948/825 3685/1947/824 
f 3751/2005/890 3761/2015/900 3744/1999/883 3743/1998/882 
f 3827/2072/966 3826/35/965 3819/34/958 
f 3818/2067/957 3827/2072/966 3819/34/958 
f 3728/1985/867 3664/1928/803 3786/2038/925 3789/2041/928 
f 3706/1966/845 3689/1951/828 3688/1950/827 3836/2081/975 
f 3792/2043/931 3733/1990/872 3812/2061/951 3811/2060/950 
f 3738/1993/877 3837/2082/976 3693/1955/832 3692/1954/831 
f 3787/2039/926 3838/2083/977 3839/2084/978 3788/2040/927 
f 3840/2085/979 3841/2086/980 3764/2018/903 3763/2017/902 
f 3665/1929/804 3747/2002/886 3739/1994/878 
f 3742/1997/881 3665/1929/804 3739/1994/878 
f 3842/2087/981 3843/2088/982 3844/2089/983 3845/2090/984 
f 3846/2091/985 3773/2027/912 3847/2092/986 3848/2093/987 
f 3668/1930/807 3849/31/988 3666/32/805 
f 3850/2094/989 3849/31/988 3668/1930/807 
f 3818/2067/957 3711/1971/850 3768/2022/907 3827/2072/966 
f 3693/1955/832 3837/2082/976 3793/2044/932 3851/2095/990 
f 3827/2072/966 3768/2022/907 3852/2096/991 3824/2071/963 
f 3853/2097/992 3854/2098/993 3855/2099/994 3856/2100/995 
f 3857/2101/996 3680/1942/819 3800/2051/939 3772/2026/911 
f 3858/2102/997 3830/2075/969 3794/2045/933 3797/2048/936 
f 3859/2103/998 3860/2104/999 3861/2105/1000 3862/2106/1001 
f 3692/1954/831 3863/2107/1002 3737/1992/876 3738/1993/877 
f 3864/2108/1003 3823/2070/962 3822/2069/961 3865/2109/1004 
f 3809/2058/948 3866/2110/1005 3867/2111/1006 3777/2031/916 
f 3868/19/1007 3869/2112/1008 3870/2113/1009 
f 3871/17/1010 3869/2112/1008 3868/19/1007 
f 3872/2114/1011 3873/2115/1012 3842/2087/981 3874/2116/1013 
f 3747/2002/886 3748/27/887 3814/2063/953 
f 3748/27/887 3875/25/1014 3814/2063/953 
f 3660/1926/799 3802/2053/941 3837/2082/976 3738/1993/877 
f 3865/2109/1004 3822/2069/961 3661/1927/800 3790/2042/929 
f 3657/1925/796 3737/1992/876 3876/2117/1015 3877/2118/1016 
f 3762/2016/901 3751/2005/890 3750/2004/889 3878/2119/1017 
f 3795/2046/934 3695/1957/834 3694/1956/833 3879/2120/1018 
f 3737/1992/876 3863/2107/1002 3880/2121/1019 3876/2117/1015 
f 3881/40/1020 3882/2122/1021 3883/2123/1022 
f 3884/41/1023 3882/2122/1021 3881/40/1020 
f 3885/2124/1024 3823/2070/962 3864/2108/1003 3886/2125/1025 
f 3706/1966/845 3836/2081/975 3887/2126/1026 3870/2113/1009 
f 3888/2127/1027 3889/2128/1028 3867/2111/1006 3866/2110/1005 
f 3829/2074/968 3880/2121/1019 3863/2107/1002 3890/2129/1029 
f 3891/2130/1030 3892/2131/1031 3893/2132/1032 3894/2133/1033 
f 3879/2120/1018 3895/2134/1034 3896/2135/1035 3897/2136/1036 
f 3898/2137/1037 3669/1931/808 3846/2091/985 3848/2093/987 
f 3899/2138/1038 3900/2139/1039 3901/2140/1040 3902/2141/1041 
f 3903/2142/1042 3904/2143/1043 3678/1940/817 3677/1939/816 
f 3905/2144/1044 3698/1960/837 3697/1959/836 3906/2145/1045 
f 3907/2146/1046 3908/2147/1047 3909/2148/1048 3910/2149/1049 
f 3911/2150/1050 3912/2151/1051 3855/2099/994 3854/2098/993 
f 3913/2152/1052 3908/2147/1047 3907/2146/1046 3914/2153/1053 
f 3861/2105/1000 3860/2104/999 3882/2122/1021 3915/2154/1054 
f 3810/2059/949 3813/2062/952 3702/1963/841 3916/2155/1055 
f 3822/2069/961 3786/2038/925 3664/1928/803 3661/1927/800 
f 3917/2156/1056 3856/2100/995 3855/2099/994 3918/2157/1057 
f 3898/2137/1037 3891/2130/1030 3670/1932/809 3669/1931/808 
f 3699/1961/838 3919/2158/1058 3920/2159/1059 3696/1958/835 
f 3921/2160/1060 3922/52/1061 3923/53/1062 
f 3924/2161/1063 3922/52/1061 3921/2160/1060 
f 3925/2162/1064 3677/1939/816 3680/1942/819 3857/2101/996 
f 3848/2093/987 3847/2092/986 3926/2163/1065 3845/2090/984 
f 3927/2164/1066 3835/2080/974 3924/2161/1063 3921/2160/1060 
f 3888/2127/1027 3928/2165/1067 3886/2125/1025 3889/2128/1028 
f 3878/2119/1017 3766/2020/905 3741/1996/880 3740/1995/879 
f 3896/2135/1035 3929/2166/1068 3930/2167/1069 3897/2136/1036 
f 3931/2168/1070 3932/37/1071 3933/33/1072 
f 3934/2169/1073 3931/2168/1070 3933/33/1072 
f 3935/2170/1074 3936/2171/1075 3682/1944/821 
f 3681/1943/820 3935/2170/1074 3682/1944/821 
f 3902/2141/1041 3892/2131/1031 3844/2089/983 3843/2088/982 
f 3891/2130/1030 3898/2137/1037 3844/2089/983 3892/2131/1031 
f 3722/1980/861 3721/13/860 3937/10/1076 
f 3877/2118/1016 3722/1980/861 3937/10/1076 
f 3938/45/1077 3939/2172/1078 3717/1977/856 
f 3940/47/1079 3938/45/1077 3717/1977/856 
f 3740/1995/879 3941/2173/1080 3762/2016/901 3878/2119/1017 
f 3934/2169/1073 3771/2025/910 3931/2168/1070 
f 3942/2174/1081 3771/2025/910 3934/2169/1073 
f 3943/2175/1082 3944/2176/1083 3918/2157/1057 3945/2177/1084 
f 3946/2178/1085 3775/2029/914 3774/2028/913 3947/2179/1086 
f 3690/1952/829 3948/2180/1087 3949/2181/1088 3691/1953/830 
f 3950/2182/1089 3668/1930/807 3665/1929/804 3742/1997/881 
f 3694/1956/833 3951/2183/1090 3895/2134/1034 3879/2120/1018 
f 3952/2184/1091 3867/2111/1006 3889/2128/1028 3953/2185/1092 
f 3698/1960/837 3799/2050/938 3798/2049/937 3699/1961/838 
f 3673/1935/812 3676/1938/815 3683/1945/822 3780/2034/919 
f 3821/2068/960 3820/38/959 3881/40/1020 
f 3883/2123/1022 3821/2068/960 3881/40/1020 
f 3715/1975/854 3865/2109/1004 3790/2042/929 3716/1976/855 
f 3807/2056/946 3730/1987/869 3729/1986/868 3954/2186/1093 
f 3660/1926/799 3659/12/798 3803/11/942 
f 3802/2053/941 3660/1926/799 3803/11/942 
f 3955/2187/1094 3946/2178/1085 3947/2179/1086 3956/2188/1095 
f 3768/2022/907 3767/2021/906 3925/2162/1064 3852/2096/991 
f 3957/2189/1096 3958/2190/1097 3779/2033/918 3778/2032/917 
f 3934/2169/1073 3933/33/1072 3825/36/964 
f 3824/2071/963 3934/2169/1073 3825/36/964 
f 3959/2191/1098 3759/2013/898 3758/2012/897 3960/2192/1099 
f 3734/1991/873 3793/2044/932 3837/2082/976 3802/2053/941 
f 3961/2193/1100 3962/2194/1101 3896/2135/1035 3895/2134/1034 
f 3963/43/1102 3964/2195/1103 3915/2154/1054 
f 3965/46/1104 3964/2195/1103 3963/43/1102 
f 3890/2129/1029 3794/2045/933 3830/2075/969 3829/2074/968 
f 3844/2089/983 3898/2137/1037 3848/2093/987 3845/2090/984 
f 3836/2081/975 3815/2064/954 3817/2066/956 3887/2126/1026 
f 3686/1948/825 3835/2080/974 3927/2164/1066 3707/1967/846 
f 3952/2184/1091 3753/2007/892 3777/2031/916 3867/2111/1006 
f 3828/2073/967 3958/2190/1097 3880/2121/1019 3829/2074/968 
f 3913/2152/1052 3966/2196/1105 3709/1969/848 3908/2147/1047 
f 3967/18/1106 3812/2061/951 3733/1990/872 
f 3967/18/1106 3733/1990/872 3735/16/874 
f 3712/1972/851 3968/2197/1107 3969/2198/1108 3713/1973/852 
f 3879/2120/1018 3897/2136/1036 3796/2047/935 3795/2046/934 
f 3726/1984/865 3725/1983/864 3888/2127/1027 3866/2110/1005 
f 3835/2080/974 3805/2054/944 3783/2036/922 3924/2161/1063 
f 3875/25/1014 3817/2066/956 3814/2063/953 
f 3875/25/1014 3970/23/1109 3817/2066/956 
f 3971/2199/1110 3972/2200/1111 3973/2201/1112 3974/2202/1113 
f 3806/2055/945 3975/2203/949 3964/2195/1103 3784/2037/923 
f 3779/2033/918 3976/2204/1114 3977/2205/1115 3705/1965/844 
f 3949/2181/1088 3948/2180/1087 3978/2206/1116 3979/2207/1117 
f 3752/2006/891 3833/2078/972 3732/1989/871 3731/1988/870 
f 3916/2155/1055 3980/2208/1118 3944/2176/1083 3810/2059/949 
f 3815/2064/954 3836/2081/975 3688/1950/827 3981/2209/1119 
f 3757/2011/896 3841/2086/980 3840/2085/979 3758/2012/897 
f 3982/2210/1120 3983/2211/1121 3801/2052/940 3800/2051/939 
f 3886/2125/1025 3864/2108/1003 3953/2185/1092 3889/2128/1028 
f 3984/2212/1122 3914/2153/1053 3907/2146/1046 3985/2213/1123 
f 3842/2087/981 3873/2115/1012 3986/2214/1124 3843/2088/982 
f 3941/2173/1080 3981/2209/1119 3760/2014/899 3762/2016/901 
f 3925/2162/1064 3857/2101/996 3942/2174/1081 3852/2096/991 
f 3729/1986/868 3983/2211/1121 3987/2215/1125 3954/2186/1093 
f 3794/2045/933 3890/2129/1029 3695/1957/834 3795/2046/934 
f 3988/2216/1126 3710/1970/849 3709/1969/848 3966/2196/1105 
f 3900/2139/1039 3966/2196/1105 3913/2152/1052 3901/2140/1040 
f 3725/1983/864 3724/1982/863 3989/2217/1127 3990/2218/1128 
f 3759/2013/898 3959/2191/1098 3982/2210/1120 3679/1941/818 
f 3872/2114/1011 3714/1974/853 3713/1973/852 3873/2115/1012 
f 3745/2000/884 3954/2186/1093 3987/2215/1125 3746/2001/885 
f 3871/17/1010 3719/1979/858 3869/2112/1008 
f 3720/15/859 3719/1979/858 3871/17/1010 
f 3972/2200/1111 3977/2205/1115 3976/2204/1114 3973/2201/1112 
f 3991/2219/1129 3858/2102/997 3992/2220/1130 3989/2217/1127 
f 3928/2165/1067 3906/2145/1045 3885/2124/1024 3886/2125/1025 
f 3696/1958/835 3920/2159/1059 3708/1968/847 3839/2084/978 
f 3914/2153/1053 3893/2132/1032 3901/2140/1040 3913/2152/1052 
f 3979/2207/1117 3978/2206/1116 3993/2221/1131 3994/2222/1132 
f 3818/2067/957 3821/2068/960 3712/1972/851 3711/1971/850 
f 3995/21/1133 3870/2113/1009 3887/2126/1026 
f 3868/19/1007 3870/2113/1009 3995/21/1133 
f 3859/2103/998 3899/2138/1038 3986/2214/1124 3969/2198/1108 
f 3896/2135/1035 3962/2194/1101 3996/2223/1134 3929/2166/1068 
f 3745/2000/884 3994/2222/1132 3807/2056/946 3954/2186/1093 
f 3851/2095/990 3997/2224/1135 3998/2225/1136 3951/2183/1090 
f 3999/42/1137 4000/2226/1138 4001/2227/1139 
f 3999/42/1137 4001/2227/1139 4002/44/1140 
f 3776/2030/915 3841/2086/980 3757/2011/896 4003/2228/1141 
f 3777/2031/916 3731/1988/870 3730/1987/869 3809/2058/948 
f 3892/2131/1031 3902/2141/1041 3901/2140/1040 3893/2132/1032 
f 3858/2102/997 3991/2219/1129 3831/2076/970 3830/2075/969 
f 3907/2146/1046 3910/2149/1049 3996/2223/1134 3985/2213/1123 
f 3685/1947/824 3710/1970/849 3806/2055/945 3805/2054/944 
f 3929/2166/1068 3996/2223/1134 3910/2149/1049 4004/2229/1142 
f 4005/2230/1143 3770/2024/909 3832/2077/971 
f 4000/2226/1138 4005/2230/1143 3832/2077/971 
f 3740/1995/879 3739/1994/878 3816/2065/955 3941/2173/1080 
f 3764/2018/903 3841/2086/980 3776/2030/915 3775/2029/914 
f 3979/2207/1117 3744/1999/883 3761/2015/900 3949/2181/1088 
f 4006/39/1144 4005/2230/1143 4000/2226/1138 
f 4006/39/1144 4000/2226/1138 3999/42/1137 
f 4007/20/1145 3813/2062/952 3812/2061/951 
f 4007/20/1145 3812/2061/951 3967/18/1106 
f 3780/2034/919 3947/2179/1086 3774/2028/913 3781/2035/920 
f 3940/47/1079 3717/1977/856 3716/1976/855 
f 3804/49/943 3940/47/1079 3716/1976/855 
f 3865/2109/1004 3715/1975/854 3953/2185/1092 3864/2108/1003 
f 3904/2143/1043 3874/2116/1013 3926/2163/1065 4008/2231/1146 
f 3928/2165/1067 3990/2218/1128 3905/2144/1044 3906/2145/1045 
f 4004/2229/1142 3919/2158/1058 3930/2167/1069 3929/2166/1068 
f 3971/2199/1110 3978/2206/1116 3948/2180/1087 3972/2200/1111 
f 3842/2087/981 3845/2090/984 3926/2163/1065 3874/2116/1013 
f 3970/23/1109 3887/2126/1026 3817/2066/956 
f 3970/23/1109 3995/21/1133 3887/2126/1026 
f 3903/2142/1042 3872/2114/1011 3874/2116/1013 3904/2143/1043 
f 3876/2117/1015 3880/2121/1019 3958/2190/1097 3957/2189/1096 
f 3679/1941/818 3982/2210/1120 3800/2051/939 3680/1942/819 
f 3950/2182/1089 3834/2079/973 3955/2187/1094 4009/2232/1147 
f 3673/1935/812 3672/1934/811 3671/1933/810 3674/1936/813 
f 4008/2231/1146 3756/2010/895 3678/1940/817 3904/2143/1043 
f 3838/2083/977 3697/1959/836 3696/1958/835 3839/2084/978 
f 3893/2132/1032 3914/2153/1053 3984/2212/1122 3894/2133/1033 
f 3936/2171/1075 4010/26/1148 4011/28/1149 
f 3935/2170/1074 4010/26/1148 3936/2171/1075 
f 3955/2187/1094 3834/2079/973 3765/2019/904 3946/2178/1085 
f 3749/2003/888 3840/2085/979 3763/2017/902 3750/2004/889 
f 3930/2167/1069 3798/2049/937 3796/2047/935 3897/2136/1036 
f 3684/1946/823 3909/2148/1048 3908/2147/1047 3709/1969/848 
f 3991/2219/1129 3974/2202/1113 3973/2201/1112 3831/2076/970 
f 3781/2035/920 3774/2028/913 3773/2027/912 3846/2091/985 
f 3694/1956/833 3693/1955/832 3851/2095/990 3951/2183/1090 
f 3854/2098/993 3853/2097/992 3894/2133/1033 3984/2212/1122 
f 3986/2214/1124 3873/2115/1012 3713/1973/852 3969/2198/1108 
f 3911/2150/1050 3962/2194/1101 3961/2193/1100 3912/2151/1051 
f 3695/1957/834 3890/2129/1029 3863/2107/1002 3692/1954/831 
f 3672/1934/811 3781/2035/920 3846/2091/985 3669/1931/808 
f 3876/2117/1015 3957/2189/1096 3722/1980/861 3877/2118/1016 
f 4008/2231/1146 4003/2228/1141 3757/2011/896 3756/2010/895 
f 3895/2134/1034 3951/2183/1090 3998/2225/1136 3961/2193/1100 
f 3959/2191/1098 3987/2215/1125 3983/2211/1121 3982/2210/1120 
f 3997/2224/1135 3943/2175/1082 3945/2177/1084 3998/2225/1136 
f 3703/22/842 3702/1963/841 3813/2062/952 
f 4007/20/1145 3703/22/842 3813/2062/952 
f 3853/2097/992 3856/2100/995 3671/1933/810 3670/1932/809 
f 3909/2148/1048 4012/2233/1150 4004/2229/1142 3910/2149/1049 
f 4013/2234/1151 4009/2232/1147 3955/2187/1094 3956/2188/1095 
f 3682/1944/821 4013/2234/1151 3956/2188/1095 3683/1945/822 
f 4014/2235/1152 4011/28/1149 4015/29/1153 
f 3936/2171/1075 4011/28/1149 4014/2235/1152 
f 3965/46/1104 3784/2037/923 3964/2195/1103 
f 3965/46/1104 3782/48/921 3784/2037/923 
f 3717/1977/856 3939/2172/1078 3754/2008/893 3718/1978/857 
f 4014/2235/1152 4013/2234/1151 3682/1944/821 3936/2171/1075 
f 3917/2156/1056 3980/2208/1118 3675/1937/814 3674/1936/813 
f 3714/1974/853 3872/2114/1011 3903/2142/1042 3767/2021/906 
f 3705/1965/844 3977/2205/1115 3690/1952/829 3689/1951/828 
f 3675/1937/814 4016/2236/1154 3681/1943/820 3676/1938/815 
f 3724/1982/863 3974/2202/1113 3991/2219/1129 3989/2217/1127 
f 3847/2092/986 4003/2228/1141 4008/2231/1146 3926/2163/1065 
f 3994/2222/1132 3993/2221/1131 3808/2057/947 3807/2056/946 
f 3706/1966/845 3870/2113/1009 3869/2112/1008 3704/1964/843 
f 3810/2059/949 3944/2176/1083 3943/2175/1082 3811/2060/950 
f 3809/2058/948 3808/2057/947 3726/1984/865 3866/2110/1005 
f 3745/2000/884 3744/1999/883 3979/2207/1117 3994/2222/1132 
f 3766/2020/905 3878/2119/1017 3750/2004/889 3763/2017/902 
f 3799/2050/938 3992/2220/1130 3858/2102/997 3797/2048/936 
f 3697/1959/836 3838/2083/977 3885/2124/1024 3906/2145/1045 
f 3920/2159/1059 4012/2233/1150 3687/1949/826 3708/1968/847 
f 3831/2076/970 3973/2201/1112 3976/2204/1114 3828/2073/967 
f 3969/2198/1108 3968/2197/1107 3860/2104/999 3859/2103/998 
f 3746/2001/885 3960/2192/1099 3749/2003/888 3743/1998/882 
f 3883/2123/1022 3712/1972/851 3821/2068/960 
f 3968/2197/1107 3712/1972/851 3883/2123/1022 
f 3902/2141/1041 3843/2088/982 3986/2214/1124 3899/2138/1038 
f 3931/2168/1070 4005/2230/1143 3932/37/1071 
f 3932/37/1071 4005/2230/1143 4006/39/1144 
f 3852/2096/991 3942/2174/1081 3934/2169/1073 3824/2071/963 
f 4010/26/1148 3935/2170/1074 3701/1962/840 
f 3700/24/839 4010/26/1148 3701/1962/840 
f 3917/2156/1056 3918/2157/1057 3944/2176/1083 3980/2208/1118 
f 3761/2015/900 3760/2014/899 3691/1953/830 3949/2181/1088 
f 3816/2065/955 3815/2064/954 3981/2209/1119 3941/2173/1080 
f 3725/1983/864 3990/2218/1128 3928/2165/1067 3888/2127/1027 
f 3776/2030/915 4003/2228/1141 3847/2092/986 3773/2027/912 
f 3883/2123/1022 3860/2104/999 3968/2197/1107 
f 3882/2122/1021 3860/2104/999 3883/2123/1022 
f 3828/2073/967 3976/2204/1114 3779/2033/918 3958/2190/1097 
f 3789/2041/928 3927/2164/1066 3921/2160/1060 3728/1985/867 
f 3857/2101/996 3772/2026/911 3771/2025/910 3942/2174/1081 
f 3980/2208/1118 3916/2155/1055 4016/2236/1154 3675/1937/814 
f 3688/1950/827 3691/1953/830 3760/2014/899 3981/2209/1119 
f 3787/2039/926 3823/2070/962 3885/2124/1024 3838/2083/977 
f 3884/41/1023 3915/2154/1054 3882/2122/1021 
f 3963/43/1102 3915/2154/1054 3884/41/1023 
f 3985/2213/1123 3996/2223/1134 3962/2194/1101 3911/2150/1050 
f 3718/1978/857 3754/2008/893 3753/2007/892 3952/2184/1091 
f 3992/2220/1130 3799/2050/938 3698/1960/837 3905/2144/1044 
f 3683/1945/822 3956/2188/1095 3947/2179/1086 3780/2034/919 
f 3771/2025/910 3770/2024/909 3931/2168/1070 
f 3931/2168/1070 3770/2024/909 4005/2230/1143 
f 3759/2013/898 3679/1941/818 3678/1940/817 3756/2010/895 
f 3833/2078/972 3769/2023/908 3801/2052/940 3732/1989/871 
f 3966/2196/1105 3900/2139/1039 3862/2106/1001 3988/2216/1126 
f 3927/2164/1066 3789/2041/928 3788/2040/927 3707/1967/846 
f 3767/2021/906 3903/2142/1042 3677/1939/816 3925/2162/1064 
f 4000/2226/1138 3832/2077/971 3755/2009/894 4001/2227/1139 
f 3861/2105/1000 3975/2203/949 3988/2216/1126 3862/2106/1001 
f 3726/1984/865 3808/2057/947 3993/2221/1131 3723/1981/862 
f 3978/2206/1116 3971/2199/1110 3723/1981/862 3993/2221/1131 
f 4002/44/1140 4001/2227/1139 3939/2172/1078 
f 3938/45/1077 4002/44/1140 3939/2172/1078 
f 3851/2095/990 3793/2044/932 3792/2043/931 3997/2224/1135 
f 3850/2094/989 4009/2232/1147 4013/2234/1151 4014/2235/1152 
f 3856/2100/995 3917/2156/1056 3674/1936/813 3671/1933/810 
f 3861/2105/1000 3915/2154/1054 3964/2195/1103 3975/2203/949 
f 3877/2118/1016 3937/10/1076 3658/9/797 
f 3657/1925/796 3877/2118/1016 3658/9/797 
f 3985/2213/1123 3911/2150/1050 3854/2098/993 3984/2212/1122 
f 3990/2218/1128 3989/2217/1127 3992/2220/1130 3905/2144/1044 
f 3930/2167/1069 3919/2158/1058 3699/1961/838 3798/2049/937 
f 3728/1985/867 3923/53/1062 3727/56/866 
f 3921/2160/1060 3923/53/1062 3728/1985/867 
f 3850/2094/989 4015/29/1153 3849/31/988 
f 4014/2235/1152 4015/29/1153 3850/2094/989 
f 3975/2203/949 3806/2055/945 3710/1970/849 3988/2216/1126 
f 3935/2170/1074 3681/1943/820 4016/2236/1154 
f 3701/1962/840 3935/2170/1074 4016/2236/1154 
f 3715/1975/854 3718/1978/857 3952/2184/1091 3953/2185/1092 
f 3722/1980/861 3957/2189/1096 3778/2032/917 3719/1979/858 
f 3687/1949/826 4012/2233/1150 3909/2148/1048 3684/1946/823 
f 3945/2177/1084 3912/2151/1051 3961/2193/1100 3998/2225/1136 
f 3723/1981/862 3971/2199/1110 3974/2202/1113 3724/1982/863 
f 3950/2182/1089 4009/2232/1147 3850/2094/989 3668/1930/807 
f 3704/1964/843 3869/2112/1008 3719/1979/858 3778/2032/917 
f 3690/1952/829 3977/2205/1115 3972/2200/1111 3948/2180/1087 
f 3741/1996/880 3834/2079/973 3950/2182/1089 3742/1997/881 
f 3755/2009/894 3754/2008/893 3939/2172/1078 4001/2227/1139 
f 3739/1994/878 3747/2002/886 3816/2065/955 
f 3747/2002/886 3814/2063/953 3816/2065/955 
f 3701/1962/840 4016/2236/1154 3916/2155/1055 3702/1963/841 
f 3912/2151/1051 3945/2177/1084 3918/2157/1057 3855/2099/994 
f 3775/2029/914 3946/2178/1085 3765/2019/904 3764/2018/903 
f 3783/2036/922 3785/50/924 3924/2161/1063 
f 3785/50/924 3922/52/1061 3924/2161/1063 
f 3670/1932/809 3891/2130/1030 3894/2133/1033 3853/2097/992 
f 3707/1967/846 3788/2040/927 3839/2084/978 3708/1968/847 
f 3900/2139/1039 3899/2138/1038 3859/2103/998 3862/2106/1001 
f 3749/2003/888 3960/2192/1099 3758/2012/897 3840/2085/979 
f 3732/1989/871 3801/2052/940 3983/2211/1121 3729/1986/868 
f 3811/2060/950 3943/2175/1082 3997/2224/1135 3792/2043/931 
f 3752/2006/891 3755/2009/894 3832/2077/971 3833/2078/972 
f 3960/2192/1099 3746/2001/885 3987/2215/1125 3959/2191/1098 
f 3919/2158/1058 4004/2229/1142 4012/2233/1150 3920/2159/1059 
usemtl Material__28
f 4017/2/3 4018/2/3 4019/2/3 4020/2/3 
f 4021/2/3 4020/2/3 4019/2/3 4022/2/3 
f 4021/2/3 4022/2/3 4023/2/3 4024/2/3 
f 4024/2/3 4023/2/3 4025/2/3 4026/2/3 
f 4026/2/3 4025/2/3 4027/2/3 4028/2/3 
f 4028/2/3 4027/2/3 4029/2/3 4030/2/3 
f 4030/2/3 4029/2/3 4031/2/3 4032/2/3 
f 4032/2/3 4031/2/3 4033/2/3 4034/2/3 
f 4034/2/3 4033/2/3 4035/2/3 4036/2/3 
f 4037/2/3 4036/2/3 4035/2/3 4038/2/3 
f 4039/2/3 4037/2/3 4038/2/3 4040/2/3 
f 4041/2/19 4042/2/19 4043/2/19 4044/2/19 
f 4045/2/19 4046/2/19 4043/2/19 4042/2/19 
f 4047/2/19 4046/2/19 4045/2/19 4048/2/19 
f 4049/2/19 4047/2/19 4048/2/19 4050/2/19 
f 4047/2/19 4049/2/19 4051/2/19 4052/2/19 
f 4053/2/19 4051/2/19 4049/2/19 4054/2/19 
f 4054/2/19 4055/2/19 4056/2/19 4053/2/19 
f 4057/2/19 4056/2/19 4055/2/19 4058/2/19 
f 4056/2/19 4057/2/19 4059/2/19 4060/2/19 
f 4061/2/19 4059/2/19 4057/2/19 4062/2/19 
f 4062/2/19 4063/2/19 4064/2/19 4061/2/19 
f 4065/2/134 4066/2/134 4067/2/134 4068/2/134 
f 4069/2/51 4070/2/51 4071/2/51 4072/2/51 
f 4073/2/126 4074/2/125 4075/2/125 4076/2/126 
f 4077/2/97 4078/2/96 4079/2/96 4080/2/97 
f 4081/2/1155 4082/2/1155 4083/2/99 4084/2/99 
f 4085/2/208 4086/2/208 4087/2/208 4088/2/208 
f 4045/2/118 4042/2/123 4089/2/123 4090/2/118 
f 4091/2/241 4092/2/241 4093/2/241 4094/2/241 
f 4095/2/175 4096/2/175 4097/2/175 4098/2/175 
f 4072/2/155 4099/2/155 4100/2/155 4069/2/155 
f 4101/2/176 4102/2/176 4103/2/176 4104/2/176 
f 4105/2/170 4103/2/170 4102/2/170 4106/2/170 
f 4107/2/87 4108/2/87 4109/2/87 4093/2/87 
f 4110/2/228 4111/2/228 4112/2/228 4113/2/228 
f 4114/2/112 4115/2/112 4068/2/112 4067/2/112 
f 4116/2/146 4117/2/146 4118/2/146 4119/2/146 
f 4068/2/32 4120/2/32 4121/2/32 4065/2/32 
f 4122/2/138 4058/2/138 4055/2/137 4123/2/137 
f 4102/2/158 4101/2/158 4124/2/158 4125/2/158 
f 4126/2/120 4127/2/120 4085/2/120 4128/2/120 
f 4076/2/126 4129/2/188 4130/2/188 4073/2/126 
f 4131/2/116 4132/2/116 4133/2/116 4134/2/116 
f 4135/2/156 4136/2/156 4137/2/156 4138/2/156 
f 4139/2/177 4140/2/177 4112/2/177 4111/2/177 
f 4141/2/165 4142/2/165 4143/2/165 4144/2/165 
f 4099/2/205 4107/2/205 4145/2/205 4100/2/205 
f 4089/2/202 4146/2/202 4147/2/201 4090/2/201 
f 4148/2/109 4149/2/109 4150/2/109 4151/2/109 
f 4152/2/198 4153/2/198 4154/2/198 4155/2/198 
f 4080/2/80 4079/2/80 4156/2/80 4157/2/80 
f 4158/2/110 4159/2/110 4150/2/110 4160/2/110 
f 4161/2/143 4162/2/143 4163/2/143 4164/2/143 
f 4165/2/240 4166/2/240 4087/2/240 4167/2/240 
f 4168/2/76 4121/2/76 4169/2/76 4170/2/76 
f 4171/2/167 4172/2/167 4173/2/167 4174/2/167 
f 4129/2/188 4175/2/73 4176/2/73 4130/2/188 
f 4123/2/72 4177/2/37 4172/2/37 4165/2/72 
f 4178/2/98 4084/2/99 4083/2/99 4179/2/98 
f 4100/2/70 4132/2/70 4180/2/70 4069/2/70 
f 4154/2/164 4181/2/164 4146/2/164 4182/2/164 
f 4183/2/1156 4179/2/214 4056/2/214 4060/2/1156 
f 4182/2/66 4184/2/66 4155/2/66 4154/2/66 
f 4185/2/199 4186/2/199 4187/2/199 4152/2/199 
f 4188/2/180 4189/2/180 4190/2/180 4114/2/180 
f 4110/2/242 4191/2/242 4192/2/242 4111/2/242 
f 4086/2/220 4193/2/220 4167/2/220 4087/2/220 
f 4072/2/209 4071/2/209 4187/2/209 4186/2/209 
f 4194/2/124 4195/2/124 4144/2/124 4196/2/124 
f 4197/2/47 4198/2/47 4199/2/47 4200/2/47 
f 4069/2/223 4180/2/223 4201/2/223 4070/2/223 
f 4057/2/169 4202/2/169 4203/2/148 4062/2/148 
f 4056/2/214 4179/2/214 4083/2/213 4053/2/213 
f 4204/2/192 4205/2/192 4206/2/192 4207/2/192 
f 4208/2/221 4209/2/221 4210/2/221 4147/2/221 
f 4211/2/145 4103/2/145 4105/2/145 4212/2/145 
f 4174/2/166 4213/2/166 4214/2/166 4171/2/166 
f 4215/2/36 4184/2/36 4182/2/35 4216/2/35 
f 4217/2/75 4173/2/38 4218/2/38 4219/2/75 
f 4081/2/1155 4176/2/73 4175/2/73 4082/2/1155 
f 4138/2/238 4220/2/238 4221/2/238 4135/2/238 
f 4222/2/127 4128/2/127 4200/2/127 4199/2/127 
f 4223/2/121 4160/2/121 4150/2/121 4149/2/121 
f 4092/2/139 4091/2/139 4119/2/139 4118/2/139 
f 4224/2/219 4225/2/219 4226/2/219 4108/2/219 
f 4227/2/195 4228/2/195 4229/2/195 4142/2/195 
f 4141/2/222 4230/2/222 4227/2/222 4142/2/222 
f 4183/2/133 4231/2/133 4178/2/98 4179/2/98 
f 4232/2/193 4233/2/193 4199/2/193 4198/2/193 
f 4103/2/64 4211/2/64 4139/2/64 4104/2/64 
f 4104/2/67 4192/2/67 4234/2/67 4101/2/67 
f 4094/2/226 4093/2/226 4109/2/226 4235/2/226 
f 4236/2/3 4018/2/3 4017/2/3 4237/2/3 
f 4238/2/3 4237/2/3 4017/2/3 4020/2/3 
f 4239/2/3 4238/2/3 4020/2/3 4021/2/3 
f 4140/2/3 4239/2/3 4021/2/3 4024/2/3 
f 4140/2/3 4024/2/3 4026/2/3 4112/2/3 
f 4028/2/3 4113/2/3 4112/2/3 4026/2/3 
f 4030/2/3 4240/2/3 4113/2/3 4028/2/3 
f 4240/2/3 4030/2/3 4032/2/3 4241/2/3 
f 4241/2/3 4032/2/3 4034/2/3 4242/2/3 
f 4034/2/3 4036/2/3 4243/2/3 4242/2/3 
f 4037/2/3 4221/2/3 4243/2/3 4036/2/3 
f 4037/2/3 4039/2/3 4135/2/3 4221/2/3 
f 4135/2/3 4039/2/3 4040/2/3 4136/2/3 
f 4040/2/3 4038/2/3 4244/2/3 4136/2/3 
f 4244/2/3 4038/2/3 4035/2/3 4245/2/3 
f 4246/2/3 4245/2/3 4035/2/3 4033/2/3 
f 4247/2/3 4246/2/3 4033/2/3 4031/2/3 
f 4031/2/3 4029/2/3 4116/2/3 4247/2/3 
f 4116/2/3 4029/2/3 4027/2/3 4117/2/3 
f 4134/2/3 4117/2/3 4027/2/3 4025/2/3 
f 4134/2/3 4025/2/3 4023/2/3 4131/2/3 
f 4131/2/3 4023/2/3 4022/2/3 4248/2/3 
f 4248/2/3 4022/2/3 4019/2/3 4249/2/3 
f 4236/2/3 4249/2/3 4019/2/3 4018/2/3 
f 4250/2/49 4187/2/49 4071/2/49 4251/2/49 
f 4161/2/159 4252/2/159 4251/2/159 4162/2/159 
f 4181/2/117 4206/2/117 4205/2/117 4208/2/117 
f 4153/2/178 4152/2/178 4187/2/178 4250/2/178 
f 4170/2/57 4253/2/57 4241/2/57 4242/2/57 
f 4189/2/114 4254/2/114 4097/2/114 4096/2/114 
f 4059/2/1157 4255/2/1157 4183/2/1156 4060/2/1156 
f 4174/2/236 4173/2/236 4217/2/236 4256/2/236 
f 4186/2/55 4185/2/55 4225/2/55 4224/2/55 
f 4139/2/102 4111/2/102 4192/2/102 4104/2/102 
f 4191/2/161 4257/2/161 4234/2/161 4192/2/161 
f 4058/2/138 4122/2/138 4202/2/169 4057/2/169 
f 4258/2/1158 4255/2/1157 4059/2/1157 4061/2/1158 
f 4204/2/86 4106/2/86 4102/2/86 4125/2/86 
f 4259/2/34 4203/2/34 4202/2/33 4193/2/33 
f 4099/2/101 4224/2/101 4108/2/101 4107/2/101 
f 4178/2/212 4231/2/212 4260/2/212 4229/2/212 
f 4184/2/189 4074/2/189 4261/2/189 4155/2/189 
f 4238/2/152 4212/2/152 4164/2/152 4237/2/152 
f 4185/2/237 4152/2/237 4155/2/237 4261/2/237 
f 4232/2/196 4262/2/196 4253/2/196 4233/2/196 
f 4217/2/75 4219/2/75 4263/2/107 4210/2/107 
f 4070/2/31 4162/2/31 4251/2/31 4071/2/31 
f 4100/2/227 4145/2/227 4133/2/227 4132/2/227 
f 4063/2/147 4078/2/147 4077/2/10 4064/2/10 
f 4052/2/53 4175/2/53 4129/2/52 4047/2/52 
f 4110/2/103 4262/2/103 4232/2/103 4191/2/103 
f 4065/2/186 4220/2/186 4138/2/186 4066/2/186 
f 4185/2/216 4261/2/216 4264/2/216 4225/2/216 
f 4132/2/230 4131/2/230 4248/2/230 4180/2/230 
f 4265/2/68 4066/2/68 4138/2/68 4137/2/68 
f 4266/2/211 4244/2/211 4245/2/211 4148/2/211 
f 4151/2/94 4267/2/94 4266/2/94 4148/2/94 
f 4262/2/50 4110/2/50 4113/2/50 4240/2/50 
f 4215/2/136 4044/2/136 4043/2/90 4075/2/90 
f 4051/2/1159 4082/2/1159 4175/2/53 4052/2/53 
f 4268/2/181 4269/2/181 4270/2/181 4271/2/181 
f 4229/2/191 4260/2/191 4143/2/191 4142/2/191 
f 4226/2/218 4270/2/218 4109/2/218 4108/2/218 
f 4244/2/130 4266/2/130 4137/2/130 4136/2/130 
f 4144/2/163 4143/2/163 4254/2/163 4196/2/163 
f 4062/2/148 4203/2/148 4078/2/147 4063/2/147 
f 4077/2/10 4258/2/1158 4061/2/1158 4064/2/10 
f 4067/2/207 4272/2/207 4188/2/207 4114/2/207 
f 4120/2/44 4222/2/44 4169/2/44 4121/2/44 
f 4237/2/58 4164/2/58 4163/2/58 4236/2/58 
f 4211/2/194 4239/2/194 4140/2/194 4139/2/194 
f 4141/2/54 4144/2/54 4195/2/54 4159/2/54 
f 4074/2/125 4184/2/36 4215/2/36 4075/2/125 
f 4265/2/113 4272/2/113 4067/2/113 4066/2/113 
f 4262/2/182 4240/2/182 4241/2/182 4253/2/182 
f 4094/2/122 4158/2/122 4160/2/122 4091/2/122 
f 4171/2/187 4166/2/187 4165/2/187 4172/2/187 
f 4125/2/153 4273/2/153 4205/2/153 4204/2/153 
f 4096/2/77 4095/2/77 4080/2/77 4157/2/77 
f 4274/2/60 4273/2/60 4125/2/60 4124/2/60 
f 4227/2/95 4269/2/95 4268/2/95 4228/2/95 
f 4084/2/71 4228/2/71 4268/2/71 4081/2/71 
f 4271/2/174 4270/2/174 4226/2/174 4275/2/174 
f 4044/2/136 4215/2/136 4216/2/6 4041/2/6 
f 4047/2/52 4129/2/52 4076/2/89 4046/2/89 
f 4195/2/46 4194/2/46 4267/2/46 4151/2/46 
f 4208/2/231 4205/2/231 4273/2/231 4209/2/231 
f 4207/2/179 4252/2/179 4106/2/179 4204/2/179 
f 4248/2/229 4249/2/229 4201/2/229 4180/2/229 
f 4087/2/168 4166/2/168 4276/2/168 4088/2/168 
f 4181/2/43 4208/2/43 4147/2/43 4146/2/43 
f 4150/2/45 4159/2/45 4195/2/45 4151/2/45 
f 4246/2/59 4247/2/59 4223/2/59 4149/2/59 
f 4115/2/115 4114/2/115 4190/2/115 4277/2/115 
f 4196/2/172 4188/2/172 4272/2/172 4194/2/172 
f 4153/2/82 4250/2/82 4207/2/82 4206/2/82 
f 4171/2/149 4214/2/149 4276/2/149 4166/2/149 
f 4117/2/160 4134/2/160 4133/2/160 4118/2/160 
f 4257/2/224 4278/2/224 4279/2/224 4234/2/224 
f 4161/2/217 4164/2/217 4212/2/217 4105/2/217 
f 4181/2/190 4154/2/190 4153/2/190 4206/2/190 
f 4163/2/140 4162/2/140 4070/2/140 4201/2/140 
f 4271/2/162 4176/2/162 4081/2/162 4268/2/162 
f 4046/2/89 4076/2/89 4075/2/90 4043/2/90 
f 4167/2/56 4122/2/56 4123/2/72 4165/2/72 
f 4259/2/129 4280/2/129 4156/2/129 4079/2/129 
f 4096/2/185 4157/2/185 4190/2/185 4189/2/185 
f 4256/2/150 4209/2/150 4273/2/150 4274/2/150 
f 4189/2/92 4188/2/92 4196/2/92 4254/2/92 
f 4107/2/108 4093/2/108 4092/2/108 4145/2/108 
f 4149/2/157 4148/2/157 4245/2/157 4246/2/157 
f 4174/2/105 4256/2/105 4274/2/105 4213/2/105 
f 4092/2/132 4118/2/132 4133/2/132 4145/2/132 
f 4048/2/78 4045/2/118 4090/2/118 4263/2/78 
f 4190/2/65 4157/2/65 4156/2/65 4277/2/65 
f 4053/2/213 4083/2/213 4082/2/1159 4051/2/1159 
f 4127/2/81 4126/2/81 4115/2/81 4277/2/81 
f 4073/2/232 4264/2/232 4261/2/232 4074/2/232 
f 4255/2/63 4258/2/62 4095/2/62 4098/2/63 
f 4080/2/97 4095/2/62 4258/2/62 4077/2/97 
f 4090/2/201 4147/2/201 4210/2/107 4263/2/107 
f 4054/2/2 4177/2/2 4123/2/137 4055/2/137 
f 4101/2/239 4234/2/239 4279/2/239 4124/2/239 
f 4183/2/133 4255/2/63 4098/2/63 4231/2/133 
f 4252/2/233 4161/2/233 4105/2/233 4106/2/233 
f 4169/2/61 4222/2/61 4199/2/61 4233/2/61 
f 4222/2/225 4120/2/225 4126/2/225 4128/2/225 
f 4252/2/154 4207/2/154 4250/2/154 4251/2/154 
f 4226/2/39 4225/2/39 4264/2/39 4275/2/39 
f 4122/2/56 4167/2/56 4193/2/33 4202/2/33 
f 4068/2/85 4115/2/85 4126/2/85 4120/2/85 
f 4269/2/235 4235/2/235 4109/2/235 4270/2/235 
f 4238/2/144 4239/2/144 4211/2/144 4212/2/144 
f 4210/2/128 4209/2/128 4256/2/128 4217/2/128 
f 4049/2/91 4218/2/91 4177/2/2 4054/2/2 
f 4048/2/78 4263/2/78 4219/2/79 4050/2/79 
f 4278/2/234 4214/2/234 4213/2/234 4279/2/234 
f 4127/2/141 4280/2/141 4086/2/141 4085/2/141 
f 4267/2/184 4265/2/184 4137/2/184 4266/2/184 
f 4276/2/151 4197/2/151 4200/2/151 4088/2/151 
f 4050/2/79 4219/2/79 4218/2/91 4049/2/91 
f 4088/2/104 4200/2/104 4128/2/104 4085/2/104 
f 4073/2/84 4130/2/84 4275/2/84 4264/2/84 
f 4231/2/93 4098/2/93 4097/2/93 4260/2/93 
f 4213/2/106 4274/2/106 4124/2/106 4279/2/106 
f 4220/2/88 4065/2/88 4121/2/88 4168/2/88 
f 4235/2/183 4230/2/183 4158/2/183 4094/2/183 
f 4072/2/206 4186/2/206 4224/2/206 4099/2/206 
f 4259/2/34 4079/2/96 4078/2/96 4203/2/34 
f 4198/2/111 4197/2/111 4278/2/111 4257/2/111 
f 4169/2/135 4233/2/135 4253/2/135 4170/2/135 
f 4223/2/48 4247/2/48 4116/2/48 4119/2/48 
f 4089/2/123 4042/2/123 4041/2/6 4216/2/6 
f 4221/2/173 4220/2/173 4168/2/173 4243/2/173 
f 4170/2/142 4242/2/142 4243/2/142 4168/2/142 
f 4254/2/171 4143/2/171 4260/2/171 4097/2/171 
f 4086/2/200 4280/2/200 4259/2/200 4193/2/200 
f 4194/2/204 4272/2/204 4265/2/204 4267/2/204 
f 4235/2/215 4269/2/215 4227/2/215 4230/2/215 
f 4276/2/210 4214/2/210 4278/2/210 4197/2/210 
f 4089/2/202 4216/2/35 4182/2/35 4146/2/202 
f 4084/2/119 4178/2/119 4229/2/119 4228/2/119 
f 4280/2/131 4127/2/131 4277/2/131 4156/2/131 
f 4163/2/100 4201/2/100 4249/2/100 4236/2/100 
f 4159/2/203 4158/2/203 4230/2/203 4141/2/203 
f 4177/2/37 4218/2/38 4173/2/38 4172/2/37 
f 4176/2/69 4271/2/69 4275/2/69 4130/2/69 
f 4232/2/42 4198/2/42 4257/2/42 4191/2/42 
f 4091/2/83 4160/2/83 4223/2/83 4119/2/83 
usemtl Material__27
f 4281/2237/23 4282/2238/6 4283/2239/6 4284/2240/23 
f 4282/2238/6 4285/2241/29 4286/2242/29 4283/2239/6 
f 4284/2240/1 4283/2239/1 4286/2242/1 4287/2243/1 
f 4284/2240/1 4287/2243/1 4288/2244/1 4289/2245/1 
f 4287/2243/1 4290/2246/1 4291/2247/1 4288/2244/1 
f 4291/2247/1 4290/2246/1 4292/2248/1 4293/2249/1 
f 4290/2246/1 4294/2250/1 4295/2251/1 4292/2248/1 
f 4294/2250/1 4296/2252/1 4297/2253/1 4295/2251/1 
f 4296/2252/1 4298/2254/1 4299/2255/1 4297/2253/1 
f 4298/2254/1 4300/2256/1 4301/2257/1 4299/2255/1 
f 4300/2256/1 4302/2258/1 4303/2259/1 4301/2257/1 
f 4303/2259/1 4302/2258/1 4304/2260/1 4305/2261/1 
f 4306/2262/1 4305/2261/1 4304/2260/1 4307/2263/1 
f 4306/2262/1 4307/2263/1 4308/2264/1 4309/2265/1 
f 4310/2266/1 4308/2264/1 4307/2263/1 4311/2267/1 
f 4310/2266/1 4311/2267/1 4312/2268/1 4313/2269/1 
f 4312/2268/1 4314/2270/1 4315/2271/1 4313/2269/1 
f 4314/2270/1 4316/2272/1 4317/2273/1 4315/2271/1 
f 4316/2272/1 4318/2274/1 4319/2275/1 4317/2273/1 
f 4318/2274/1 4320/2276/1 4321/2277/1 4319/2275/1 
f 4322/2278/1 4320/2276/1 4318/2274/1 4323/2279/1 
f 4324/2280/1 4322/2278/1 4323/2279/1 4325/2281/1 
f 4326/2282/1 4324/2280/1 4325/2281/1 4327/2283/1 
f 4328/2284/1 4326/2282/1 4327/2283/1 4289/2245/1 
f 4328/2284/1 4289/2245/1 4288/2244/1 
f 4307/2263/1 4329/2285/1 4330/2286/1 4311/2267/1 
f 4330/2286/1 4329/2285/1 4331/2287/1 
f 4300/2256/17 4298/2254/19 4332/2288/19 4333/2289/17 
f 4327/2283/27 4334/2290/27 4335/2291/22 4289/2245/22 
f 4336/2292/30 4316/2272/30 4314/2270/21 4337/2293/21 
f 4338/2294/12 4339/2295/28 4325/2281/28 4323/2279/12 
f 4340/2296/3 4318/2274/3 4316/2272/30 4336/2292/30 
f 4341/2297/25 4342/2298/16 4294/2250/16 4290/2246/25 
f 4307/2263/14 4343/2299/14 4344/2300/9 4329/2285/9 
f 4345/2301/26 4287/2243/26 4286/2242/29 4285/2241/29 
f 4329/2285/9 4344/2300/9 4346/2302/10 4331/2287/10 
f 4312/2268/20 4311/2267/24 4347/2303/24 4348/2304/20 
f 4349/2305/13 4304/2260/13 4302/2258/18 4350/2306/18 
f 4290/2246/25 4287/2243/26 4345/2301/26 4341/2297/25 
f 4318/2274/3 4340/2296/3 4338/2294/12 4323/2279/12 
f 4347/2303/24 4311/2267/24 4330/2286/11 4351/2307/11 
f 4351/2307/11 4330/2286/11 4331/2287/10 4346/2302/10 
f 4325/2281/28 4339/2295/28 4334/2290/27 4327/2283/27 
f 4349/2305/13 4343/2299/14 4307/2263/14 4304/2260/13 
f 4333/2289/17 4350/2306/18 4302/2258/18 4300/2256/17 
f 4296/2252/15 4294/2250/16 4342/2298/16 4352/2308/15 
f 4337/2293/21 4314/2270/21 4312/2268/20 4348/2304/20 
f 4289/2245/22 4335/2291/22 4281/2237/23 4284/2240/23 
f 4296/2252/15 4352/2308/15 4332/2288/19 4298/2254/19 
f 4353/2309/18 4354/2310/18 4355/2311/13 4356/2312/13 
f 4357/2313/30 4358/2314/3 4359/2315/3 4360/2316/30 
f 4361/2317/20 4362/2318/24 4363/2319/24 4364/2320/20 
f 4365/2321/11 4366/2322/10 4367/2323/10 4368/2324/11 
f 4369/2325/12 4370/2326/12 4371/2327/28 4372/2328/28 
f 4373/2329/19 4374/2330/19 4375/2331/17 4376/2332/17 
f 4362/2318/24 4365/2321/11 4368/2324/11 4363/2319/24 
f 4377/2333/25 4378/2334/25 4379/2335/16 4380/2336/16 
f 4381/2337/23 4382/2338/23 4383/2339/22 4384/2340/22 
f 4357/2313/30 4360/2316/30 4385/2341/21 4386/2342/21 
f 4387/2343/29 4388/2344/26 4389/2345/26 4390/2346/29 
f 4382/2338/1 4391/2347/1 4390/2346/1 4383/2339/1 
f 4390/2346/1 4389/2345/1 4377/2333/1 4383/2339/1 
f 4383/2339/1 4377/2333/1 4380/2336/1 4392/2348/1 
f 4380/2336/1 4369/2325/1 4372/2328/1 4392/2348/1 
f 4369/2325/1 4380/2336/1 4393/2349/1 4373/2329/1 
f 4376/2332/1 4359/2315/1 4369/2325/1 4373/2329/1 
f 4359/2315/1 4376/2332/1 4353/2309/1 4360/2316/1 
f 4360/2316/1 4353/2309/1 4361/2317/1 4385/2341/1 
f 4361/2317/1 4353/2309/1 4356/2312/1 4394/2350/1 
f 4394/2350/1 4395/2351/1 4362/2318/1 4361/2317/1 
f 4362/2318/1 4395/2351/1 4366/2322/1 4365/2321/1 
f 4396/2352/1 4397/2353/1 4398/2354/1 4399/2355/1 
f 4400/2356/1 4399/2355/1 4398/2354/1 4401/2357/1 
f 4401/2357/1 4402/2358/1 4403/2359/1 4400/2356/1 
f 4402/2358/1 4404/2360/1 4405/2361/1 4403/2359/1 
f 4404/2360/1 4387/2343/1 4406/2362/1 4405/2361/1 
f 4387/2343/1 4404/2360/1 4378/2334/1 4388/2344/1 
f 4379/2335/1 4378/2334/1 4404/2360/1 4407/2363/1 
f 4407/2363/1 4374/2330/1 4408/2364/1 4379/2335/1 
f 4374/2330/1 4407/2363/1 4409/2365/1 4375/2331/1 
f 4409/2365/1 4355/2311/1 4354/2310/1 4375/2331/1 
f 4409/2365/1 4410/2366/1 4411/2367/1 4355/2311/1 
f 4412/2368/1 4411/2367/1 4410/2366/1 4367/2323/1 
f 4368/2324/1 4367/2323/1 4410/2366/1 4413/2369/1 
f 4413/2369/1 4364/2320/1 4363/2319/1 4368/2324/1 
f 4414/2370/1 4386/2342/1 4364/2320/1 4413/2369/1 
f 4386/2342/1 4414/2370/1 4415/2371/1 4357/2313/1 
f 4415/2371/1 4370/2326/1 4358/2314/1 4357/2313/1 
f 4415/2371/1 4416/2372/1 4371/2327/1 4370/2326/1 
f 4416/2372/1 4384/2340/1 4417/2373/1 4371/2327/1 
f 4384/2340/1 4416/2372/1 4406/2362/1 4381/2337/1 
f 4406/2362/1 4416/2372/1 4405/2361/1 
f 4418/2374/1 4413/2369/1 4410/2366/1 4419/2375/1 
f 4420/2376/1 4418/2374/1 4419/2375/1 4421/2377/1 
f 4422/2378/1 4423/2379/1 4420/2376/1 4421/2377/1 
f 4423/2379/1 4422/2378/1 4424/2380/1 
f 4390/2346/29 4391/2347/6 4406/2362/6 4387/2343/29 
f 4393/2349/15 4408/2364/15 4374/2330/19 4373/2329/19 
f 4369/2325/12 4359/2315/3 4358/2314/3 4370/2326/12 
f 4392/2348/27 4417/2373/27 4384/2340/22 4383/2339/22 
f 4388/2344/26 4378/2334/25 4377/2333/25 4389/2345/26 
f 4379/2335/16 4408/2364/15 4393/2349/15 4380/2336/16 
f 4417/2373/27 4392/2348/27 4372/2328/28 4371/2327/28 
f 4364/2320/20 4386/2342/21 4385/2341/21 4361/2317/20 
f 4394/2350/14 4356/2312/13 4355/2311/13 4411/2367/14 
f 4394/2350/14 4411/2367/14 4412/2368/9 4395/2351/9 
f 4353/2309/18 4376/2332/17 4375/2331/17 4354/2310/18 
f 4395/2351/9 4412/2368/9 4367/2323/10 4366/2322/10 
f 4382/2338/23 4381/2337/23 4406/2362/6 4391/2347/6 
f 4425/2381/26 4426/2382/29 4427/2383/29 4428/2384/26 
f 4429/2385/12 4320/2276/12 4322/2278/28 4430/2386/28 
f 4431/2387/30 4432/2388/21 4433/2389/21 4434/2390/30 
f 4435/2391/27 4436/2392/22 4437/2393/22 4438/2394/27 
f 4439/2395/9 4440/2396/10 4441/2397/10 4442/2398/9 
f 4443/2352/1 4444/2399/1 4445/2400/1 4446/2401/1 
f 4445/2400/1 4397/2353/1 4396/2352/1 4446/2401/1 
f 4397/2353/1 4445/2400/1 4447/2402/1 4398/2354/1 
f 4398/2354/1 4447/2402/1 4448/2403/1 4401/2357/1 
f 4449/2404/1 4402/2358/1 4401/2357/1 4448/2403/1 
f 4449/2404/1 4450/2405/1 4404/2360/1 4402/2358/1 
f 4450/2405/1 4451/2406/1 4407/2363/1 4404/2360/1 
f 4407/2363/1 4451/2406/1 4410/2366/1 4409/2365/1 
f 4452/2407/1 4419/2375/1 4410/2366/1 4451/2406/1 
f 4453/2408/1 4421/2377/1 4419/2375/1 4452/2407/1 
f 4454/2409/1 4422/2378/1 4421/2377/1 4453/2408/1 
f 4455/2410/1 4424/2380/1 4422/2378/1 4454/2409/1 
f 4455/2410/1 4456/2411/1 4457/2412/1 4424/2380/1 
f 4424/2380/1 4457/2412/1 4420/2376/1 4423/2379/1 
f 4458/2413/1 4418/2374/1 4420/2376/1 4457/2412/1 
f 4458/2413/1 4459/2414/1 4413/2369/1 4418/2374/1 
f 4413/2369/1 4459/2414/1 4460/2415/1 4414/2370/1 
f 4414/2370/1 4460/2415/1 4461/2416/1 4415/2371/1 
f 4461/2416/1 4462/2417/1 4416/2372/1 4415/2371/1 
f 4463/2418/1 4405/2361/1 4416/2372/1 4462/2417/1 
f 4405/2361/1 4463/2418/1 4464/2419/1 4403/2359/1 
f 4403/2359/1 4464/2419/1 4399/2355/1 4400/2356/1 
f 4399/2355/1 4464/2419/1 4465/2420/1 4396/2352/1 
f 4396/2352/1 4465/2420/1 4446/2401/1 
f 4456/2411/1 4455/2410/1 4466/2421/1 
f 4467/2421/6 4468/2422/23 4469/2423/23 4470/2424/6 
f 4426/2382/29 4467/2421/6 4470/2424/6 4427/2383/29 
f 4471/2425/22 4472/2426/27 4473/2427/27 4474/2428/22 
f 4475/2429/20 4476/2430/20 4477/2431/21 4478/2432/21 
f 4306/2262/14 4471/2425/14 4472/2426/13 
f 4472/2426/13 4305/2261/13 4306/2262/14 
f 4479/2433/16 4480/2434/15 4481/2435/15 4482/2436/16 
f 4310/2266/11 4426/2382/11 4467/2421/10 
f 4467/2421/10 4308/2264/10 4310/2266/11 
f 4291/2247/29 4483/2437/29 4441/2397/6 4288/2244/6 
f 4467/2421/10 4468/2422/9 4309/2265/9 
f 4309/2265/9 4308/2264/10 4467/2421/10 
f 4468/2422/23 4471/2425/22 4474/2428/22 4469/2423/23 
f 4484/2438/29 4485/2439/26 4486/2440/26 4487/2441/29 
f 4488/2442/16 4489/2443/16 4490/2444/15 4491/2445/15 
f 4492/2446/14 4493/2447/13 4494/2448/13 4495/2449/14 
f 4425/2381/24 4426/2382/11 4310/2266/11 
f 4310/2266/11 4313/2269/24 4425/2381/24 
f 4496/2450/11 4497/2451/10 4498/2452/10 4499/2453/11 
f 4500/2454/25 4501/2455/26 4293/2249/26 4292/2248/25 
f 4502/2456/23 4503/2457/23 4437/2393/22 4436/2392/22 
f 4438/2394/27 4504/2458/28 4505/2459/28 4435/2391/27 
f 4431/2387/15 4432/2388/16 4295/2251/16 
f 4295/2251/16 4297/2253/15 4431/2387/15 
f 4434/2390/30 4506/2460/3 4507/2461/3 4431/2387/30 
f 4324/2280/27 4508/2462/27 4430/2386/28 4322/2278/28 
f 4432/2388/21 4500/2454/20 4509/2463/20 4433/2389/21 
f 4480/2434/15 4510/2464/19 4511/2465/19 4481/2435/15 
f 4512/2466/25 4479/2433/16 4482/2436/16 4513/2467/25 
f 4486/2440/1 4503/2457/1 4514/2468/1 4487/2441/1 
f 4440/2396/1 4503/2457/1 4486/2440/1 4515/2469/1 
f 4515/2469/1 4486/2440/1 4516/2470/1 4517/2471/1 
f 4516/2470/1 4488/2442/1 4509/2463/1 4517/2471/1 
f 4491/2445/1 4433/2389/1 4509/2463/1 4488/2442/1 
f 4491/2445/1 4518/2472/1 4434/2390/1 4433/2389/1 
f 4434/2390/1 4518/2472/1 4519/2473/1 4506/2460/1 
f 4520/2474/1 4506/2460/1 4519/2473/1 4521/2475/1 
f 4522/2476/1 4473/2427/1 4521/2475/1 4519/2473/1 
f 4474/2428/1 4473/2427/1 4522/2476/1 4493/2447/1 
f 4469/2423/1 4474/2428/1 4493/2447/1 4492/2446/1 
f 4523/2477/1 4470/2424/1 4469/2423/1 4492/2446/1 
f 4496/2450/1 4427/2383/1 4470/2424/1 4523/2477/1 
f 4428/2384/1 4427/2383/1 4496/2450/1 4524/2478/1 
f 4475/2429/1 4512/2466/1 4428/2384/1 4524/2478/1 
f 4478/2432/1 4479/2433/1 4512/2466/1 4475/2429/1 
f 4479/2433/1 4478/2432/1 4525/2479/1 4480/2434/1 
f 4526/2480/1 4510/2464/1 4480/2434/1 4525/2479/1 
f 4527/2481/1 4510/2464/1 4526/2480/1 4528/2482/1 
f 4528/2482/1 4504/2458/1 4529/2483/1 4527/2481/1 
f 4530/2484/1 4529/2483/1 4504/2458/1 4438/2394/1 
f 4438/2394/1 4437/2393/1 4531/2485/1 4530/2484/1 
f 4439/2395/1 4531/2485/1 4437/2393/1 4440/2396/1 
f 4440/2396/1 4437/2393/1 4503/2457/1 
f 4496/2450/1 4523/2477/1 4497/2451/1 
f 4309/2265/9 4468/2422/9 4471/2425/14 
f 4471/2425/14 4306/2262/14 4309/2265/9 
f 4532/2486/14 4531/2485/14 4439/2395/9 4442/2398/9 
f 4428/2384/26 4512/2466/25 4513/2467/25 4425/2381/26 
f 4507/2461/3 4506/2460/3 4520/2474/12 4533/2487/12 
f 4441/2397/1 4483/2437/1 4444/2399/1 4443/2352/1 
f 4444/2399/1 4483/2437/1 4501/2455/1 4445/2400/1 
f 4445/2400/1 4501/2455/1 4500/2454/1 4447/2402/1 
f 4447/2402/1 4500/2454/1 4432/2388/1 4448/2403/1 
f 4448/2403/1 4432/2388/1 4431/2387/1 4449/2404/1 
f 4507/2461/1 4450/2405/1 4449/2404/1 4431/2387/1 
f 4507/2461/1 4533/2487/1 4451/2406/1 4450/2405/1 
f 4533/2487/1 4534/2488/1 4452/2407/1 4451/2406/1 
f 4534/2488/1 4472/2426/1 4453/2408/1 4452/2407/1 
f 4453/2408/1 4472/2426/1 4471/2425/1 4454/2409/1 
f 4455/2410/1 4454/2409/1 4471/2425/1 4468/2422/1 
f 4466/2421/1 4455/2410/1 4468/2422/1 4467/2421/1 
f 4466/2421/1 4467/2421/1 4426/2382/1 4456/2411/1 
f 4456/2411/1 4426/2382/1 4425/2381/1 4457/2412/1 
f 4457/2412/1 4425/2381/1 4513/2467/1 4458/2413/1 
f 4459/2414/1 4458/2413/1 4513/2467/1 4482/2436/1 
f 4481/2435/1 4460/2415/1 4459/2414/1 4482/2436/1 
f 4511/2465/1 4461/2416/1 4460/2415/1 4481/2435/1 
f 4429/2385/1 4462/2417/1 4461/2416/1 4511/2465/1 
f 4462/2417/1 4429/2385/1 4430/2386/1 4463/2418/1 
f 4430/2386/1 4508/2462/1 4464/2419/1 4463/2418/1 
f 4508/2462/1 4532/2486/1 4465/2420/1 4464/2419/1 
f 4442/2398/1 4446/2401/1 4465/2420/1 4532/2486/1 
f 4442/2398/1 4441/2397/1 4443/2352/1 4446/2401/1 
f 4472/2426/27 4534/2488/28 4521/2475/28 4473/2427/27 
f 4535/2489/24 4476/2430/20 4475/2429/20 4524/2478/24 
f 4293/2249/26 4501/2455/26 4483/2437/29 4291/2247/29 
f 4481/2435/30 4482/2436/21 4317/2273/21 
f 4317/2273/21 4319/2275/30 4481/2435/30 
f 4536/2490/19 4537/2491/17 4519/2473/17 4518/2472/19 
f 4524/2478/24 4496/2450/11 4499/2453/11 4535/2489/24 
f 4534/2488/28 4533/2487/12 4520/2474/12 4521/2475/28 
f 4489/2443/16 4488/2442/16 4516/2470/25 4538/2492/25 
f 4493/2447/13 4522/2476/18 4539/2493/18 4494/2448/13 
f 4431/2387/15 4297/2253/15 4299/2255/19 
f 4299/2255/19 4507/2461/19 4431/2387/15 
f 4326/2282/22 4532/2486/22 4508/2462/27 4324/2280/27 
f 4483/2437/11 4441/2397/10 4440/2396/10 
f 4440/2396/10 4515/2469/11 4483/2437/11 
f 4313/2269/24 4315/2271/20 4513/2467/20 
f 4513/2467/20 4425/2381/24 4313/2269/24 
f 4539/2493/18 4522/2476/18 4519/2473/17 4537/2491/17 
f 4305/2261/13 4472/2426/13 4534/2488/18 
f 4534/2488/18 4303/2259/18 4305/2261/13 
f 4328/2284/23 4288/2244/6 4441/2397/6 
f 4441/2397/6 4442/2398/23 4328/2284/23 
f 4501/2455/24 4517/2471/24 4509/2463/20 
f 4509/2463/20 4500/2454/20 4501/2455/24 
f 4540/2494/30 4541/2495/3 4526/2480/3 4525/2479/30 
f 4540/2494/30 4525/2479/30 4478/2432/21 4477/2431/21 
f 4487/2441/29 4514/2468/6 4542/2496/6 4484/2438/29 
f 4299/2255/19 4301/2257/17 4533/2487/17 
f 4533/2487/17 4507/2461/19 4299/2255/19 
f 4543/2497/9 4498/2452/10 4497/2451/10 4523/2477/9 
f 4538/2492/25 4516/2470/25 4486/2440/26 4485/2439/26 
f 4544/2498/12 4505/2459/28 4504/2458/28 4528/2482/12 
f 4301/2257/17 4303/2259/18 4534/2488/18 
f 4534/2488/18 4533/2487/17 4301/2257/17 
f 4429/2385/17 4511/2465/19 4510/2464/19 4527/2481/17 
f 4530/2484/13 4508/2462/13 4430/2386/18 
f 4430/2386/18 4529/2483/18 4530/2484/13 
f 4492/2446/14 4495/2449/14 4543/2497/9 4523/2477/9 
f 4531/2485/14 4532/2486/14 4508/2462/13 
f 4508/2462/13 4530/2484/13 4531/2485/14 
f 4321/2277/3 4511/2465/3 4481/2435/30 
f 4481/2435/30 4319/2275/30 4321/2277/3 
f 4315/2271/20 4317/2273/21 4482/2436/21 
f 4482/2436/21 4513/2467/20 4315/2271/20 
f 4490/2444/15 4536/2490/19 4518/2472/19 4491/2445/15 
f 4541/2495/3 4544/2498/12 4528/2482/12 4526/2480/3 
f 4484/2438/2 4542/2496/2 4502/2456/2 4436/2392/2 
f 4484/2438/2 4436/2392/2 4442/2398/2 
f 4442/2398/2 4441/2397/2 4484/2438/2 
f 4442/2398/2 4436/2392/2 4435/2391/2 
f 4435/2391/2 4532/2486/2 4442/2398/2 
f 4532/2486/2 4435/2391/2 4505/2459/2 
f 4505/2459/2 4508/2462/2 4532/2486/2 
f 4430/2386/2 4508/2462/2 4505/2459/2 
f 4505/2459/2 4544/2498/2 4430/2386/2 
f 4429/2385/2 4430/2386/2 4544/2498/2 
f 4544/2498/2 4541/2495/2 4429/2385/2 
f 4511/2465/2 4429/2385/2 4541/2495/2 
f 4541/2495/2 4540/2494/2 4511/2465/2 
f 4481/2435/2 4511/2465/2 4540/2494/2 
f 4540/2494/2 4482/2436/2 4481/2435/2 
f 4482/2436/2 4540/2494/2 4477/2431/2 
f 4477/2431/2 4513/2467/2 4482/2436/2 
f 4477/2431/2 4476/2430/2 4425/2381/2 
f 4425/2381/2 4513/2467/2 4477/2431/2 
f 4426/2382/2 4425/2381/2 4476/2430/2 
f 4476/2430/2 4535/2489/2 4426/2382/2 
f 4467/2421/2 4426/2382/2 4535/2489/2 
f 4535/2489/2 4499/2453/2 4467/2421/2 
f 4468/2422/2 4467/2421/2 4499/2453/2 
f 4499/2453/2 4543/2497/2 4468/2422/2 
f 4495/2449/2 4471/2425/2 4468/2422/2 
f 4468/2422/2 4543/2497/2 4495/2449/2 
f 4471/2425/2 4495/2449/2 4494/2448/2 
f 4494/2448/2 4472/2426/2 4471/2425/2 
f 4472/2426/2 4494/2448/2 4539/2493/2 
f 4539/2493/2 4534/2488/2 4472/2426/2 
f 4534/2488/2 4539/2493/2 4537/2491/2 
f 4537/2491/2 4533/2487/2 4534/2488/2 
f 4537/2491/2 4536/2490/2 4507/2461/2 
f 4507/2461/2 4533/2487/2 4537/2491/2 
f 4431/2387/2 4507/2461/2 4536/2490/2 
f 4536/2490/2 4490/2444/2 4431/2387/2 
f 4432/2388/2 4431/2387/2 4490/2444/2 
f 4490/2444/2 4489/2443/2 4432/2388/2 
f 4538/2492/2 4500/2454/2 4432/2388/2 
f 4432/2388/2 4489/2443/2 4538/2492/2 
f 4538/2492/2 4485/2439/2 4501/2455/2 
f 4501/2455/2 4500/2454/2 4538/2492/2 
f 4441/2397/2 4483/2437/2 4501/2455/2 
f 4501/2455/2 4485/2439/2 4441/2397/2 
f 4441/2397/2 4485/2439/2 4484/2438/2 
f 4543/2497/2 4499/2453/2 4498/2452/2 
f 4328/2284/23 4442/2398/23 4532/2486/22 
f 4532/2486/22 4326/2282/22 4328/2284/23 
f 4500/2454/25 4292/2248/25 4295/2251/16 
f 4295/2251/16 4432/2388/16 4500/2454/25 
f 4483/2437/11 4515/2469/11 4517/2471/24 
f 4517/2471/24 4501/2455/24 4483/2437/11 
f 4429/2385/12 4511/2465/3 4321/2277/3 
f 4321/2277/3 4320/2276/12 4429/2385/12 
f 4429/2385/17 4527/2481/17 4529/2483/18 
f 4529/2483/18 4430/2386/18 4429/2385/17 
f 4502/2456/23 4542/2496/6 4514/2468/6 4503/2457/23 
usemtl Material__28
f 4545/2/19 4546/2/19 4547/2/19 4548/2/19 
f 4549/2/19 4548/2/19 4547/2/19 4550/2/19 
f 4549/2/19 4550/2/19 4551/2/19 4552/2/19 
f 4552/2/19 4551/2/19 4553/2/19 4554/2/19 
f 4554/2/19 4553/2/19 4555/2/19 4556/2/19 
f 4556/2/19 4555/2/19 4557/2/19 4558/2/19 
f 4558/2/19 4557/2/19 4559/2/19 4560/2/19 
f 4560/2/19 4559/2/19 4561/2/19 4562/2/19 
f 4562/2/19 4561/2/19 4563/2/19 4564/2/19 
f 4565/2/19 4564/2/19 4563/2/19 4566/2/19 
f 4567/2/19 4565/2/19 4566/2/19 4568/2/19 
f 4569/2/1160 4570/2/1160 4571/2/1160 4572/2/1160 
f 4573/2/1160 4574/2/1160 4571/2/1160 4570/2/1160 
f 4575/2/1160 4574/2/1160 4573/2/1160 4576/2/1160 
f 4577/2/1160 4575/2/1160 4576/2/1160 4578/2/1160 
f 4575/2/1160 4577/2/1160 4579/2/1160 4580/2/1160 
f 4581/2/1160 4579/2/1160 4577/2/1160 4582/2/1160 
f 4582/2/1160 4583/2/1160 4584/2/1160 4581/2/1160 
f 4585/2/1160 4584/2/1160 4583/2/1160 4586/2/1160 
f 4584/2/1160 4585/2/1160 4587/2/1160 4588/2/1160 
f 4589/2/1160 4587/2/1160 4585/2/1160 4590/2/1160 
f 4590/2/1160 4591/2/1160 4592/2/1160 4589/2/1160 
f 4593/2/694 4594/2/694 4595/2/694 4596/2/694 
f 4597/2/620 4598/2/620 4599/2/620 4600/2/620 
f 4601/2/686 4602/2/685 4603/2/685 4604/2/686 
f 4605/2/659 4606/2/658 4607/2/658 4608/2/659 
f 4609/2/641 4610/2/641 4611/2/661 4612/2/661 
f 4613/2/763 4614/2/763 4615/2/763 4616/2/763 
f 4573/2/90 4570/2/136 4617/2/136 4618/2/90 
f 4619/2/794 4620/2/794 4621/2/794 4622/2/794 
f 4623/2/731 4624/2/731 4625/2/731 4626/2/731 
f 4600/2/712 4627/2/712 4628/2/712 4597/2/712 
f 4629/2/732 4630/2/732 4631/2/732 4632/2/732 
f 4633/2/726 4631/2/726 4630/2/726 4634/2/726 
f 4635/2/652 4636/2/652 4637/2/652 4621/2/652 
f 4638/2/781 4639/2/781 4640/2/781 4641/2/781 
f 4642/2/674 4643/2/674 4596/2/674 4595/2/674 
f 4644/2/705 4645/2/705 4646/2/705 4647/2/705 
f 4596/2/603 4648/2/603 4649/2/603 4593/2/603 
f 4650/2/697 4586/2/697 4583/2/696 4651/2/696 
f 4630/2/715 4629/2/715 4652/2/715 4653/2/715 
f 4654/2/681 4655/2/681 4613/2/681 4656/2/681 
f 4604/2/686 4657/2/744 4658/2/744 4601/2/686 
f 4659/2/678 4660/2/678 4661/2/678 4662/2/678 
f 4663/2/713 4664/2/713 4665/2/713 4666/2/713 
f 4667/2/733 4668/2/733 4640/2/733 4639/2/733 
f 4669/2/722 4670/2/722 4671/2/722 4672/2/722 
f 4627/2/760 4635/2/760 4673/2/760 4628/2/760 
f 4617/2/757 4674/2/757 4675/2/756 4618/2/756 
f 4676/2/671 4677/2/671 4678/2/671 4679/2/671 
f 4680/2/753 4681/2/753 4682/2/753 4683/2/753 
f 4608/2/645 4607/2/645 4684/2/645 4685/2/645 
f 4686/2/672 4687/2/672 4678/2/672 4688/2/672 
f 4689/2/702 4690/2/702 4691/2/702 4692/2/702 
f 4693/2/793 4694/2/793 4615/2/793 4695/2/793 
f 4696/2/643 4649/2/643 4697/2/643 4698/2/643 
f 4699/2/724 4700/2/724 4701/2/724 4702/2/724 
f 4657/2/744 4703/2/640 4704/2/640 4658/2/744 
f 4651/2/639 4705/2/608 4700/2/608 4693/2/639 
f 4706/2/660 4612/2/661 4611/2/661 4707/2/660 
f 4628/2/637 4660/2/637 4708/2/637 4597/2/637 
f 4682/2/721 4709/2/721 4674/2/721 4710/2/721 
f 4711/2/169 4707/2/138 4584/2/138 4588/2/169 
f 4710/2/633 4712/2/633 4683/2/633 4682/2/633 
f 4713/2/754 4714/2/754 4715/2/754 4680/2/754 
f 4716/2/736 4717/2/736 4718/2/736 4642/2/736 
f 4638/2/795 4719/2/795 4720/2/795 4639/2/795 
f 4614/2/773 4721/2/773 4695/2/773 4615/2/773 
f 4600/2/764 4599/2/764 4715/2/764 4714/2/764 
f 4722/2/684 4723/2/684 4672/2/684 4724/2/684 
f 4725/2/616 4726/2/616 4727/2/616 4728/2/616 
f 4597/2/776 4708/2/776 4729/2/776 4598/2/776 
f 4585/2/1156 4730/2/1156 4731/2/1157 4590/2/1157 
f 4584/2/138 4707/2/138 4611/2/137 4581/2/137 
f 4732/2/748 4733/2/748 4734/2/748 4735/2/748 
f 4736/2/774 4737/2/774 4738/2/774 4675/2/774 
f 4739/2/704 4631/2/704 4633/2/704 4740/2/704 
f 4702/2/723 4741/2/723 4742/2/723 4699/2/723 
f 4743/2/607 4712/2/607 4710/2/606 4744/2/606 
f 4745/2/642 4701/2/609 4746/2/609 4747/2/642 
f 4609/2/641 4704/2/640 4703/2/640 4610/2/641 
f 4666/2/791 4748/2/791 4749/2/791 4663/2/791 
f 4750/2/687 4656/2/687 4728/2/687 4727/2/687 
f 4751/2/682 4688/2/682 4678/2/682 4677/2/682 
f 4620/2/698 4619/2/698 4647/2/698 4646/2/698 
f 4752/2/772 4753/2/772 4754/2/772 4636/2/772 
f 4755/2/751 4756/2/751 4757/2/751 4670/2/751 
f 4669/2/775 4758/2/775 4755/2/775 4670/2/775 
f 4711/2/693 4759/2/693 4706/2/660 4707/2/660 
f 4760/2/749 4761/2/749 4727/2/749 4726/2/749 
f 4631/2/631 4739/2/631 4667/2/631 4632/2/631 
f 4632/2/634 4720/2/634 4762/2/634 4629/2/634 
f 4622/2/779 4621/2/779 4637/2/779 4763/2/779 
f 4764/2/19 4546/2/19 4545/2/19 4765/2/19 
f 4766/2/19 4765/2/19 4545/2/19 4548/2/19 
f 4767/2/19 4766/2/19 4548/2/19 4549/2/19 
f 4668/2/19 4767/2/19 4549/2/19 4552/2/19 
f 4668/2/19 4552/2/19 4554/2/19 4640/2/19 
f 4556/2/19 4641/2/19 4640/2/19 4554/2/19 
f 4558/2/19 4768/2/19 4641/2/19 4556/2/19 
f 4768/2/19 4558/2/19 4560/2/19 4769/2/19 
f 4769/2/19 4560/2/19 4562/2/19 4770/2/19 
f 4562/2/19 4564/2/19 4771/2/19 4770/2/19 
f 4565/2/19 4749/2/19 4771/2/19 4564/2/19 
f 4565/2/19 4567/2/19 4663/2/19 4749/2/19 
f 4663/2/19 4567/2/19 4568/2/19 4664/2/19 
f 4568/2/19 4566/2/19 4772/2/19 4664/2/19 
f 4772/2/19 4566/2/19 4563/2/19 4773/2/19 
f 4774/2/19 4773/2/19 4563/2/19 4561/2/19 
f 4775/2/19 4774/2/19 4561/2/19 4559/2/19 
f 4559/2/19 4557/2/19 4644/2/19 4775/2/19 
f 4644/2/19 4557/2/19 4555/2/19 4645/2/19 
f 4662/2/19 4645/2/19 4555/2/19 4553/2/19 
f 4662/2/19 4553/2/19 4551/2/19 4659/2/19 
f 4659/2/19 4551/2/19 4550/2/19 4776/2/19 
f 4776/2/19 4550/2/19 4547/2/19 4777/2/19 
f 4764/2/19 4777/2/19 4547/2/19 4546/2/19 
f 4778/2/618 4715/2/618 4599/2/618 4779/2/618 
f 4689/2/716 4780/2/716 4779/2/716 4690/2/716 
f 4709/2/679 4734/2/679 4733/2/679 4736/2/679 
f 4681/2/734 4680/2/734 4715/2/734 4778/2/734 
f 4698/2/624 4781/2/624 4769/2/624 4770/2/624 
f 4717/2/676 4782/2/676 4625/2/676 4624/2/676 
f 4587/2/148 4783/2/148 4711/2/169 4588/2/169 
f 4702/2/789 4701/2/789 4745/2/789 4784/2/789 
f 4714/2/622 4713/2/622 4753/2/622 4752/2/622 
f 4667/2/664 4639/2/664 4720/2/664 4632/2/664 
f 4719/2/718 4785/2/718 4762/2/718 4720/2/718 
f 4586/2/697 4650/2/697 4730/2/1156 4585/2/1156 
f 4786/2/147 4783/2/148 4587/2/148 4589/2/147 
f 4732/2/651 4634/2/651 4630/2/651 4653/2/651 
f 4787/2/605 4731/2/605 4730/2/604 4721/2/604 
f 4627/2/663 4752/2/663 4636/2/663 4635/2/663 
f 4706/2/767 4759/2/767 4788/2/767 4757/2/767 
f 4712/2/745 4602/2/745 4789/2/745 4683/2/745 
f 4766/2/709 4740/2/709 4692/2/709 4765/2/709 
f 4713/2/790 4680/2/790 4683/2/790 4789/2/790 
f 4760/2/752 4790/2/752 4781/2/752 4761/2/752 
f 4745/2/642 4747/2/642 4791/2/669 4738/2/669 
f 4598/2/602 4690/2/602 4779/2/602 4599/2/602 
f 4628/2/780 4673/2/780 4661/2/780 4660/2/780 
f 4591/2/1158 4606/2/1158 4605/2/10 4592/2/10 
f 4580/2/91 4703/2/91 4657/2/79 4575/2/79 
f 4638/2/665 4790/2/665 4760/2/665 4719/2/665 
f 4593/2/742 4748/2/742 4666/2/742 4594/2/742 
f 4713/2/769 4789/2/769 4792/2/769 4753/2/769 
f 4660/2/783 4659/2/783 4776/2/783 4708/2/783 
f 4793/2/635 4594/2/635 4666/2/635 4665/2/635 
f 4794/2/766 4772/2/766 4773/2/766 4676/2/766 
f 4679/2/656 4795/2/656 4794/2/656 4676/2/656 
f 4790/2/619 4638/2/619 4641/2/619 4768/2/619 
f 4743/2/123 4572/2/123 4571/2/118 4603/2/118 
f 4579/2/2 4610/2/2 4703/2/91 4580/2/91 
f 4796/2/737 4797/2/737 4798/2/737 4799/2/737 
f 4757/2/747 4788/2/747 4671/2/747 4670/2/747 
f 4754/2/771 4798/2/771 4637/2/771 4636/2/771 
f 4772/2/690 4794/2/690 4665/2/690 4664/2/690 
f 4672/2/720 4671/2/720 4782/2/720 4724/2/720 
f 4590/2/1157 4731/2/1157 4606/2/1158 4591/2/1158 
f 4605/2/10 4786/2/147 4589/2/147 4592/2/10 
f 4595/2/762 4800/2/762 4716/2/762 4642/2/762 
f 4648/2/613 4750/2/613 4697/2/613 4649/2/613 
f 4765/2/625 4692/2/625 4691/2/625 4764/2/625 
f 4739/2/750 4767/2/750 4668/2/750 4667/2/750 
f 4669/2/621 4672/2/621 4723/2/621 4687/2/621 
f 4602/2/685 4712/2/607 4743/2/607 4603/2/685 
f 4793/2/675 4800/2/675 4595/2/675 4594/2/675 
f 4790/2/738 4768/2/738 4769/2/738 4781/2/738 
f 4622/2/683 4686/2/683 4688/2/683 4619/2/683 
f 4699/2/743 4694/2/743 4693/2/743 4700/2/743 
f 4653/2/710 4801/2/710 4733/2/710 4732/2/710 
f 4624/2/644 4623/2/644 4608/2/644 4685/2/644 
f 4802/2/627 4801/2/627 4653/2/627 4652/2/627 
f 4755/2/657 4797/2/657 4796/2/657 4756/2/657 
f 4612/2/638 4756/2/638 4796/2/638 4609/2/638 
f 4799/2/730 4798/2/730 4754/2/730 4803/2/730 
f 4572/2/123 4743/2/123 4744/2/6 4569/2/6 
f 4575/2/79 4657/2/79 4604/2/78 4574/2/78 
f 4723/2/615 4722/2/615 4795/2/615 4679/2/615 
f 4736/2/784 4733/2/784 4801/2/784 4737/2/784 
f 4735/2/735 4780/2/735 4634/2/735 4732/2/735 
f 4776/2/782 4777/2/782 4729/2/782 4708/2/782 
f 4615/2/725 4694/2/725 4804/2/725 4616/2/725 
f 4709/2/612 4736/2/612 4675/2/612 4674/2/612 
f 4678/2/614 4687/2/614 4723/2/614 4679/2/614 
f 4774/2/626 4775/2/626 4751/2/626 4677/2/626 
f 4643/2/677 4642/2/677 4718/2/677 4805/2/677 
f 4724/2/728 4716/2/728 4800/2/728 4722/2/728 
f 4681/2/647 4778/2/647 4735/2/647 4734/2/647 
f 4699/2/706 4742/2/706 4804/2/706 4694/2/706 
f 4645/2/717 4662/2/717 4661/2/717 4646/2/717 
f 4785/2/777 4806/2/777 4807/2/777 4762/2/777 
f 4689/2/770 4692/2/770 4740/2/770 4633/2/770 
f 4709/2/746 4682/2/746 4681/2/746 4734/2/746 
f 4691/2/699 4690/2/699 4598/2/699 4729/2/699 
f 4799/2/719 4704/2/719 4609/2/719 4796/2/719 
f 4574/2/78 4604/2/78 4603/2/118 4571/2/118 
f 4695/2/623 4650/2/623 4651/2/639 4693/2/639 
f 4787/2/689 4808/2/689 4684/2/689 4607/2/689 
f 4624/2/741 4685/2/741 4718/2/741 4717/2/741 
f 4784/2/707 4737/2/707 4801/2/707 4802/2/707 
f 4717/2/654 4716/2/654 4724/2/654 4782/2/654 
f 4635/2/670 4621/2/670 4620/2/670 4673/2/670 
f 4677/2/714 4676/2/714 4773/2/714 4774/2/714 
f 4702/2/667 4784/2/667 4802/2/667 4741/2/667 
f 4620/2/692 4646/2/692 4661/2/692 4673/2/692 
f 4576/2/89 4573/2/90 4618/2/90 4791/2/89 
f 4718/2/632 4685/2/632 4684/2/632 4805/2/632 
f 4581/2/137 4611/2/137 4610/2/2 4579/2/2 
f 4655/2/646 4654/2/646 4643/2/646 4805/2/646 
f 4601/2/785 4792/2/785 4789/2/785 4602/2/785 
f 4783/2/630 4786/2/629 4623/2/629 4626/2/630 
f 4608/2/659 4623/2/629 4786/2/629 4605/2/659 
f 4618/2/756 4675/2/756 4738/2/669 4791/2/669 
f 4582/2/1 4705/2/1 4651/2/696 4583/2/696 
f 4629/2/792 4762/2/792 4807/2/792 4652/2/792 
f 4711/2/693 4783/2/630 4626/2/630 4759/2/693 
f 4780/2/786 4689/2/786 4633/2/786 4634/2/786 
f 4697/2/628 4750/2/628 4727/2/628 4761/2/628 
f 4750/2/778 4648/2/778 4654/2/778 4656/2/778 
f 4780/2/711 4735/2/711 4778/2/711 4779/2/711 
f 4754/2/610 4753/2/610 4792/2/610 4803/2/610 
f 4650/2/623 4695/2/623 4721/2/604 4730/2/604 
f 4596/2/650 4643/2/650 4654/2/650 4648/2/650 
f 4797/2/788 4763/2/788 4637/2/788 4798/2/788 
f 4766/2/703 4767/2/703 4739/2/703 4740/2/703 
f 4738/2/688 4737/2/688 4784/2/688 4745/2/688 
f 4577/2/53 4746/2/53 4705/2/1 4582/2/1 
f 4576/2/89 4791/2/89 4747/2/52 4578/2/52 
f 4806/2/787 4742/2/787 4741/2/787 4807/2/787 
f 4655/2/700 4808/2/700 4614/2/700 4613/2/700 
f 4795/2/740 4793/2/740 4665/2/740 4794/2/740 
f 4804/2/708 4725/2/708 4728/2/708 4616/2/708 
f 4578/2/52 4747/2/52 4746/2/53 4577/2/53 
f 4616/2/666 4728/2/666 4656/2/666 4613/2/666 
f 4601/2/649 4658/2/649 4803/2/649 4792/2/649 
f 4759/2/655 4626/2/655 4625/2/655 4788/2/655 
f 4741/2/668 4802/2/668 4652/2/668 4807/2/668 
f 4748/2/653 4593/2/653 4649/2/653 4696/2/653 
f 4763/2/739 4758/2/739 4686/2/739 4622/2/739 
f 4600/2/761 4714/2/761 4752/2/761 4627/2/761 
f 4787/2/605 4607/2/658 4606/2/658 4731/2/605 
f 4726/2/673 4725/2/673 4806/2/673 4785/2/673 
f 4697/2/695 4761/2/695 4781/2/695 4698/2/695 
f 4751/2/617 4775/2/617 4644/2/617 4647/2/617 
f 4617/2/136 4570/2/136 4569/2/6 4744/2/6 
f 4749/2/729 4748/2/729 4696/2/729 4771/2/729 
f 4698/2/701 4770/2/701 4771/2/701 4696/2/701 
f 4782/2/727 4671/2/727 4788/2/727 4625/2/727 
f 4614/2/755 4808/2/755 4787/2/755 4721/2/755 
f 4722/2/759 4800/2/759 4793/2/759 4795/2/759 
f 4763/2/768 4797/2/768 4755/2/768 4758/2/768 
f 4804/2/765 4742/2/765 4806/2/765 4725/2/765 
f 4617/2/757 4744/2/606 4710/2/606 4674/2/757 
f 4612/2/680 4706/2/680 4757/2/680 4756/2/680 
f 4808/2/691 4655/2/691 4805/2/691 4684/2/691 
f 4691/2/662 4729/2/662 4777/2/662 4764/2/662 
f 4687/2/758 4686/2/758 4758/2/758 4669/2/758 
f 4705/2/608 4746/2/609 4701/2/609 4700/2/608 
f 4704/2/636 4799/2/636 4803/2/636 4658/2/636 
f 4760/2/611 4726/2/611 4785/2/611 4719/2/611 
f 4619/2/648 4688/2/648 4751/2/648 4647/2/648 
# 4198 polygons - 872 triangles

