# 3ds Max Wavefront OBJ Exporter v0.99 - (c)2007 guruware
# File Created: 14.05.2026 19:21:57

mtllib Parte3_Brazo.mtl

#
# object Parte3_Brazo
#

v  -0.0158 0.0186 0.0073
v  -0.0158 0.0153 0.0122
v  -0.0089 0.0153 0.0122
v  -0.0089 0.0186 0.0073
v  0.0000 0.0186 0.0073
v  0.0000 0.0153 0.0122
v  -0.0089 0.0203 0.0016
v  0.0000 0.0203 0.0016
v  -0.0158 0.0203 0.0016
v  -0.0158 0.0107 0.0159
v  -0.0158 0.0055 0.0180
v  -0.0089 0.0055 0.0180
v  -0.0089 0.0107 0.0159
v  0.0000 0.0107 0.0159
v  0.0000 0.0055 0.0180
v  -0.0089 0.0006 0.0185
v  -0.0158 0.0006 0.0185
v  -0.0158 -0.0032 0.0182
v  -0.0089 -0.0032 0.0182
v  0.0000 -0.0032 0.0182
v  0.0000 0.0006 0.0185
v  -0.0158 -0.0118 0.0132
v  -0.0158 -0.0152 0.0085
v  -0.0089 -0.0152 0.0085
v  -0.0089 -0.0118 0.0132
v  0.0000 -0.0118 0.0132
v  0.0000 -0.0152 0.0085
v  -0.0089 -0.0082 0.0163
v  0.0000 -0.0082 0.0163
v  -0.0158 -0.0082 0.0163
v  -0.0158 -0.0173 0.0030
v  -0.0158 -0.0175 -0.0030
v  -0.0089 -0.0175 -0.0030
v  -0.0089 -0.0173 0.0029
v  0.0000 -0.0173 0.0029
v  0.0000 -0.0175 -0.0030
v  -0.0090 -0.0126 -0.0137
v  -0.0089 -0.0159 -0.0087
v  -0.0158 -0.0159 -0.0087
v  -0.0158 -0.0126 -0.0136
v  0.0000 -0.0159 -0.0087
v  -0.0000 -0.0126 -0.0137
v  -0.0158 -0.0081 -0.0173
v  -0.0158 -0.0039 -0.0196
v  -0.0090 -0.0039 -0.0196
v  -0.0090 -0.0081 -0.0173
v  -0.0000 -0.0081 -0.0174
v  -0.0000 -0.0039 -0.0196
v  -0.0090 0.0014 -0.0202
v  -0.0090 -0.0012 -0.0203
v  -0.0158 -0.0012 -0.0203
v  -0.0158 0.0014 -0.0202
v  -0.0000 0.0014 -0.0202
v  -0.0000 -0.0012 -0.0203
v  -0.0158 0.0144 -0.0146
v  -0.0158 0.0180 -0.0100
v  -0.0089 0.0180 -0.0100
v  -0.0090 0.0144 -0.0146
v  -0.0000 0.0144 -0.0146
v  0.0000 0.0180 -0.0100
v  -0.0090 0.0098 -0.0179
v  -0.0000 0.0098 -0.0179
v  -0.0158 0.0098 -0.0179
v  -0.0158 0.0200 -0.0044
v  -0.0089 0.0200 -0.0044
v  0.0000 0.0200 -0.0044
v  -0.0208 0.0135 0.0210
v  -0.0208 0.0068 0.0237
v  -0.0206 0.0065 0.0227
v  -0.0206 0.0130 0.0200
v  -0.0208 0.0195 0.0162
v  -0.0206 0.0188 0.0155
v  -0.0211 0.0138 0.0215
v  -0.0211 0.0200 0.0166
v  -0.0211 0.0069 0.0243
v  -0.0208 -0.0109 -0.0224
v  -0.0208 -0.0055 -0.0253
v  -0.0207 -0.0052 -0.0242
v  -0.0207 -0.0104 -0.0215
v  -0.0207 -0.0160 -0.0169
v  -0.0207 -0.0168 -0.0176
v  -0.0210 -0.0172 -0.0180
v  -0.0211 -0.0112 -0.0229
v  -0.0212 -0.0057 -0.0258
v  -0.0208 -0.0232 -0.0037
v  -0.0207 -0.0222 -0.0036
v  -0.0207 -0.0219 0.0039
v  -0.0208 -0.0229 0.0041
v  -0.0208 -0.0203 0.0114
v  -0.0207 -0.0194 0.0109
v  -0.0211 -0.0235 0.0042
v  -0.0211 -0.0208 0.0116
v  -0.0211 -0.0238 -0.0037
v  -0.0208 0.0260 0.0023
v  -0.0207 0.0249 0.0021
v  -0.0207 0.0247 -0.0053
v  -0.0208 0.0257 -0.0055
v  -0.0208 0.0230 -0.0128
v  -0.0207 0.0221 -0.0123
v  -0.0212 0.0262 -0.0056
v  -0.0212 0.0235 -0.0130
v  -0.0212 0.0265 0.0023
v  -0.0208 -0.0046 0.0239
v  -0.0206 -0.0044 0.0229
v  -0.0206 0.0005 0.0233
v  -0.0208 0.0004 0.0243
v  -0.0211 0.0004 0.0249
v  -0.0211 -0.0048 0.0245
v  -0.0207 0.0014 -0.0250
v  -0.0207 -0.0018 -0.0252
v  -0.0208 -0.0019 -0.0263
v  -0.0208 0.0014 -0.0261
v  -0.0212 -0.0020 -0.0268
v  -0.0212 0.0014 -0.0266
v  -0.0207 0.0229 0.0093
v  -0.0208 0.0239 0.0097
v  -0.0211 0.0244 0.0100
v  -0.0208 -0.0211 -0.0111
v  -0.0207 -0.0202 -0.0107
v  -0.0211 -0.0216 -0.0114
v  -0.0206 -0.0150 0.0167
v  -0.0208 -0.0158 0.0174
v  -0.0206 -0.0106 0.0206
v  -0.0208 -0.0112 0.0215
v  -0.0211 -0.0161 0.0178
v  -0.0211 -0.0114 0.0220
v  -0.0207 0.0176 -0.0181
v  -0.0208 0.0183 -0.0188
v  -0.0207 0.0120 -0.0222
v  -0.0208 0.0124 -0.0231
v  -0.0212 0.0187 -0.0193
v  -0.0212 0.0127 -0.0236
v  -0.0230 -0.0057 -0.0261
v  -0.0225 -0.0057 -0.0261
v  -0.0224 -0.0113 -0.0231
v  -0.0229 -0.0114 -0.0231
v  -0.0224 -0.0174 -0.0181
v  -0.0229 -0.0174 -0.0181
v  -0.0232 -0.0115 -0.0233
v  -0.0232 -0.0176 -0.0183
v  -0.0232 -0.0058 -0.0263
v  -0.0229 0.0268 0.0024
v  -0.0224 0.0268 0.0024
v  -0.0224 0.0265 -0.0056
v  -0.0229 0.0265 -0.0056
v  -0.0224 0.0237 -0.0132
v  -0.0229 0.0238 -0.0132
v  -0.0232 0.0240 -0.0133
v  -0.0232 0.0267 -0.0057
v  -0.0232 0.0271 0.0024
v  -0.0224 -0.0048 0.0247
v  -0.0224 0.0004 0.0252
v  -0.0229 0.0004 0.0252
v  -0.0229 -0.0048 0.0248
v  -0.0224 0.0069 0.0245
v  -0.0229 0.0069 0.0245
v  -0.0232 0.0070 0.0248
v  -0.0232 0.0004 0.0254
v  -0.0232 -0.0049 0.0250
v  -0.0224 -0.0218 -0.0115
v  -0.0229 -0.0219 -0.0115
v  -0.0224 -0.0240 -0.0038
v  -0.0229 -0.0241 -0.0038
v  -0.0232 -0.0221 -0.0116
v  -0.0232 -0.0243 -0.0038
v  -0.0225 0.0189 -0.0194
v  -0.0229 0.0189 -0.0195
v  -0.0225 0.0128 -0.0238
v  -0.0230 0.0128 -0.0239
v  -0.0232 0.0129 -0.0241
v  -0.0232 0.0190 -0.0196
v  -0.0224 0.0139 0.0217
v  -0.0229 0.0139 0.0217
v  -0.0224 0.0201 0.0167
v  -0.0229 0.0202 0.0167
v  -0.0232 0.0203 0.0169
v  -0.0232 0.0140 0.0219
v  -0.0224 -0.0237 0.0042
v  -0.0229 -0.0238 0.0042
v  -0.0224 -0.0210 0.0118
v  -0.0229 -0.0210 0.0118
v  -0.0232 -0.0240 0.0043
v  -0.0232 -0.0212 0.0119
v  -0.0225 0.0014 -0.0269
v  -0.0225 -0.0020 -0.0271
v  -0.0230 -0.0020 -0.0271
v  -0.0230 0.0014 -0.0269
v  -0.0232 -0.0021 -0.0274
v  -0.0232 0.0014 -0.0272
v  -0.0224 0.0246 0.0101
v  -0.0229 0.0246 0.0101
v  -0.0232 0.0248 0.0102
v  -0.0224 -0.0163 0.0180
v  -0.0229 -0.0163 0.0180
v  -0.0229 -0.0116 0.0223
v  -0.0224 -0.0116 0.0223
v  -0.0232 -0.0117 0.0225
v  -0.0232 -0.0165 0.0182
v  -0.0233 0.0391 0.0039
v  -0.0233 0.0369 0.0036
v  -0.0233 0.0365 -0.0076
v  -0.0234 0.0386 -0.0080
v  -0.0234 0.0327 -0.0181
v  -0.0234 0.0345 -0.0192
v  -0.0233 0.0356 -0.0197
v  -0.0233 0.0398 -0.0082
v  -0.0233 0.0402 0.0040
v  -0.0216 -0.0315 0.0234
v  -0.0213 -0.0259 0.0240
v  -0.0222 -0.0107 0.0293
v  -0.0223 -0.0137 0.0298
v  -0.0229 0.0056 0.0325
v  -0.0230 0.0051 0.0341
v  -0.0232 0.0048 0.0350
v  -0.0230 -0.0157 0.0301
v  -0.0228 -0.0352 0.0230
v  -0.0233 0.0254 -0.0268
v  -0.0234 0.0267 -0.0283
v  -0.0232 0.0134 -0.0319
v  -0.0232 0.0133 -0.0336
v  -0.0234 0.0132 -0.0345
v  -0.0234 0.0274 -0.0292
v  -0.0232 0.0185 0.0303
v  -0.0233 0.0194 0.0321
v  -0.0233 0.0276 0.0237
v  -0.0233 0.0292 0.0251
v  -0.0233 0.0301 0.0259
v  -0.0233 0.0199 0.0331
v  -0.0225 -0.0248 -0.0320
v  -0.0222 -0.0192 -0.0312
v  -0.0218 -0.0296 -0.0300
v  -0.0222 -0.0369 -0.0304
v  -0.0207 -0.0365 -0.0284
v  -0.0211 -0.0432 -0.0295
v  -0.0232 -0.0491 -0.0286
v  -0.0233 -0.0417 -0.0306
v  -0.0233 -0.0285 -0.0324
v  -0.0233 0.0339 0.0144
v  -0.0233 0.0358 0.0153
v  -0.0233 0.0369 0.0158
v  -0.0426 -0.0589 -0.0080
v  -0.0391 -0.0590 -0.0080
v  -0.0391 -0.0594 -0.0012
v  -0.0426 -0.0593 -0.0014
v  -0.0426 -0.0589 0.0047
v  -0.0390 -0.0590 0.0051
v  -0.0439 -0.0585 0.0028
v  -0.0440 -0.0585 -0.0029
v  -0.0439 -0.0585 -0.0079
v  -0.0427 -0.0284 -0.0323
v  -0.0391 -0.0286 -0.0324
v  -0.0391 -0.0419 -0.0306
v  -0.0427 -0.0416 -0.0303
v  -0.0427 -0.0490 -0.0280
v  -0.0391 -0.0490 -0.0286
v  -0.0443 -0.0485 -0.0233
v  -0.0442 -0.0400 -0.0290
v  -0.0442 -0.0272 -0.0313
v  -0.0426 0.0299 0.0259
v  -0.0390 0.0301 0.0260
v  -0.0390 0.0369 0.0158
v  -0.0426 0.0367 0.0157
v  -0.0427 0.0401 0.0040
v  -0.0390 0.0403 0.0040
v  -0.0441 0.0385 0.0038
v  -0.0441 0.0353 0.0153
v  -0.0441 0.0287 0.0252
v  -0.0242 -0.0591 -0.0080
v  -0.0234 -0.0597 -0.0080
v  -0.0233 -0.0602 -0.0016
v  -0.0241 -0.0595 -0.0012
v  -0.0230 -0.0599 0.0043
v  -0.0240 -0.0591 0.0050
v  -0.0223 -0.0587 0.0094
v  -0.0237 -0.0577 0.0101
v  -0.0226 -0.0543 0.0144
v  -0.0390 -0.0575 0.0103
v  -0.0390 -0.0542 0.0144
v  -0.0229 -0.0545 -0.0247
v  -0.0241 -0.0534 -0.0253
v  -0.0241 -0.0560 -0.0206
v  -0.0232 -0.0569 -0.0201
v  -0.0391 -0.0532 -0.0253
v  -0.0391 -0.0559 -0.0207
v  -0.0391 0.0398 -0.0082
v  -0.0391 0.0356 -0.0197
v  -0.0390 -0.0158 0.0302
v  -0.0390 0.0047 0.0350
v  -0.0390 -0.0353 0.0230
v  -0.0203 0.0205 0.0016
v  -0.0192 0.0203 0.0016
v  -0.0192 0.0200 -0.0044
v  -0.0203 0.0202 -0.0044
v  -0.0192 0.0180 -0.0100
v  -0.0203 0.0182 -0.0101
v  -0.0203 0.0145 -0.0148
v  -0.0192 0.0144 -0.0146
v  -0.0192 0.0099 -0.0179
v  -0.0203 0.0099 -0.0181
v  -0.0192 0.0014 -0.0202
v  -0.0192 -0.0012 -0.0203
v  -0.0203 -0.0012 -0.0205
v  -0.0203 0.0014 -0.0204
v  -0.0192 -0.0039 -0.0196
v  -0.0203 -0.0040 -0.0198
v  -0.0192 -0.0081 -0.0174
v  -0.0203 -0.0082 -0.0175
v  -0.0192 -0.0126 -0.0137
v  -0.0203 -0.0127 -0.0138
v  -0.0192 -0.0159 -0.0087
v  -0.0203 -0.0161 -0.0088
v  -0.0192 -0.0175 -0.0030
v  -0.0203 -0.0177 -0.0030
v  -0.0203 -0.0175 0.0030
v  -0.0192 -0.0173 0.0030
v  -0.0192 -0.0153 0.0086
v  -0.0203 -0.0154 0.0087
v  -0.0203 -0.0119 0.0134
v  -0.0192 -0.0118 0.0132
v  -0.0192 -0.0083 0.0164
v  -0.0203 -0.0083 0.0165
v  -0.0192 -0.0032 0.0182
v  -0.0192 0.0006 0.0185
v  -0.0202 0.0006 0.0187
v  -0.0203 -0.0033 0.0184
v  -0.0192 0.0055 0.0180
v  -0.0203 0.0056 0.0182
v  -0.0192 0.0107 0.0159
v  -0.0203 0.0108 0.0161
v  -0.0192 0.0153 0.0123
v  -0.0203 0.0155 0.0124
v  -0.0192 0.0186 0.0073
v  -0.0203 0.0188 0.0074
v  -0.0206 0.0149 -0.0151
v  -0.0206 0.0186 -0.0103
v  -0.0206 0.0102 -0.0185
v  -0.0206 0.0155 -0.0159
v  -0.0206 0.0106 -0.0194
v  -0.0206 0.0195 -0.0108
v  -0.0206 -0.0123 0.0137
v  -0.0206 -0.0159 0.0089
v  -0.0205 -0.0086 0.0170
v  -0.0206 -0.0129 0.0144
v  -0.0206 -0.0091 0.0179
v  -0.0206 -0.0167 0.0094
v  -0.0206 -0.0165 -0.0090
v  -0.0206 -0.0131 -0.0141
v  -0.0206 -0.0182 -0.0031
v  -0.0206 -0.0192 -0.0032
v  -0.0206 -0.0174 -0.0094
v  -0.0206 -0.0138 -0.0148
v  -0.0206 0.0158 0.0127
v  -0.0206 0.0193 0.0076
v  -0.0206 0.0210 0.0017
v  -0.0206 0.0202 0.0080
v  -0.0206 0.0219 0.0018
v  -0.0206 0.0166 0.0134
v  -0.0206 -0.0013 -0.0210
v  -0.0206 0.0014 -0.0209
v  -0.0206 -0.0041 -0.0203
v  -0.0206 -0.0014 -0.0221
v  -0.0206 -0.0044 -0.0212
v  -0.0206 0.0014 -0.0219
v  -0.0205 0.0006 0.0192
v  -0.0205 -0.0034 0.0189
v  -0.0205 0.0057 0.0187
v  -0.0206 0.0006 0.0202
v  -0.0206 0.0059 0.0197
v  -0.0206 -0.0036 0.0199
v  -0.0206 0.0207 -0.0045
v  -0.0206 0.0217 -0.0047
v  -0.0206 -0.0180 0.0031
v  -0.0206 -0.0189 0.0033
v  -0.0206 -0.0084 -0.0180
v  -0.0206 -0.0089 -0.0188
v  -0.0206 0.0110 0.0165
v  -0.0206 0.0115 0.0174
v  -0.0206 0.0208 -0.0115
v  -0.0206 0.0166 -0.0170
v  -0.0207 0.0113 -0.0208
v  -0.0206 -0.0180 0.0101
v  -0.0206 -0.0140 0.0155
v  -0.0206 -0.0099 0.0192
v  -0.0206 -0.0149 -0.0158
v  -0.0206 -0.0188 -0.0100
v  -0.0206 -0.0207 -0.0034
v  -0.0206 0.0177 0.0144
v  -0.0206 0.0215 0.0086
v  -0.0206 0.0234 0.0020
v  -0.0207 0.0014 -0.0234
v  -0.0207 -0.0016 -0.0236
v  -0.0207 -0.0048 -0.0227
v  -0.0206 0.0005 0.0217
v  -0.0206 -0.0040 0.0214
v  -0.0206 0.0062 0.0212
v  -0.0206 0.0232 -0.0050
v  -0.0206 -0.0204 0.0036
v  -0.0206 -0.0097 -0.0201
v  -0.0206 0.0122 0.0187
v  -0.0217 -0.0210 0.0117
v  -0.0217 -0.0163 0.0180
v  -0.0217 -0.0116 0.0222
v  -0.0217 0.0201 0.0167
v  -0.0217 0.0246 0.0101
v  -0.0218 0.0268 0.0024
v  -0.0218 0.0014 -0.0269
v  -0.0218 -0.0020 -0.0271
v  -0.0218 -0.0057 -0.0261
v  -0.0217 -0.0240 -0.0038
v  -0.0218 -0.0237 0.0042
v  -0.0217 0.0069 0.0245
v  -0.0217 0.0139 0.0216
v  -0.0218 0.0237 -0.0131
v  -0.0218 0.0188 -0.0194
v  -0.0218 0.0128 -0.0238
v  -0.0217 -0.0174 -0.0181
v  -0.0217 -0.0218 -0.0115
v  -0.0217 0.0004 0.0251
v  -0.0217 -0.0048 0.0247
v  -0.0218 0.0265 -0.0056
v  -0.0217 -0.0113 -0.0231
v  -0.0233 -0.0066 -0.0269
v  -0.0233 -0.0123 -0.0238
v  -0.0233 -0.0185 -0.0187
v  -0.0229 -0.0222 -0.0191
v  -0.0229 -0.0168 -0.0243
v  -0.0230 -0.0115 -0.0275
v  -0.0232 -0.0222 0.0120
v  -0.0232 -0.0174 0.0185
v  -0.0232 -0.0126 0.0228
v  -0.0227 -0.0175 0.0222
v  -0.0228 -0.0219 0.0179
v  -0.0228 -0.0259 0.0115
v  -0.0233 0.0209 0.0174
v  -0.0233 0.0255 0.0105
v  -0.0233 0.0278 0.0025
v  -0.0233 0.0298 0.0027
v  -0.0233 0.0273 0.0113
v  -0.0233 0.0223 0.0188
v  -0.0233 -0.0028 -0.0279
v  -0.0233 0.0009 -0.0278
v  -0.0230 -0.0074 -0.0287
v  -0.0231 -0.0025 -0.0288
v  -0.0233 -0.0252 -0.0039
v  -0.0233 -0.0249 0.0043
v  -0.0229 -0.0282 0.0039
v  -0.0229 -0.0283 -0.0043
v  -0.0233 0.0144 0.0225
v  -0.0233 0.0071 0.0254
v  -0.0233 0.0153 0.0242
v  -0.0232 0.0069 0.0270
v  -0.0233 0.0246 -0.0136
v  -0.0233 0.0195 -0.0202
v  -0.0233 0.0131 -0.0247
v  -0.0234 0.0208 -0.0216
v  -0.0233 0.0134 -0.0263
v  -0.0234 0.0263 -0.0146
v  -0.0233 -0.0230 -0.0118
v  -0.0229 -0.0263 -0.0122
v  -0.0232 0.0001 0.0260
v  -0.0232 -0.0055 0.0255
v  -0.0230 -0.0018 0.0270
v  -0.0228 -0.0091 0.0256
v  -0.0233 0.0275 -0.0058
v  -0.0233 0.0294 -0.0062
v  -0.0447 0.0242 0.0021
v  -0.0447 0.0271 -0.0110
v  -0.0447 0.0208 -0.0164
v  -0.0447 0.0178 0.0013
v  -0.0447 0.0072 0.0000
v  -0.0447 0.0098 -0.0195
v  -0.0447 0.0165 0.0192
v  -0.0447 0.0051 0.0196
v  -0.0447 0.0239 0.0155
v  -0.0447 -0.0222 -0.0194
v  -0.0447 -0.0324 -0.0183
v  -0.0447 -0.0325 -0.0048
v  -0.0447 -0.0229 -0.0036
v  -0.0447 -0.0378 -0.0157
v  -0.0447 -0.0389 -0.0055
v  -0.0447 -0.0356 0.0084
v  -0.0447 -0.0402 0.0046
v  -0.0447 -0.0260 0.0119
v  -0.0441 -0.0540 -0.0199
v  -0.0445 -0.0562 -0.0076
v  -0.0446 -0.0516 -0.0071
v  -0.0439 -0.0559 -0.0183
v  -0.0441 -0.0573 -0.0127
v  -0.0441 -0.0570 0.0049
v  -0.0443 -0.0524 0.0094
v  -0.0447 0.0289 0.0096
v  -0.0447 0.0317 0.0030
v  -0.0447 0.0305 -0.0041
v  -0.0447 0.0278 0.0025
v  -0.0447 0.0309 -0.0175
v  -0.0446 0.0346 -0.0074
v  -0.0446 0.0351 0.0034
v  -0.0442 0.0381 -0.0081
v  -0.0442 0.0341 -0.0192
v  -0.0447 0.0117 -0.0299
v  -0.0447 0.0239 -0.0255
v  -0.0442 0.0263 -0.0283
v  -0.0442 0.0127 -0.0334
v  -0.0447 -0.0243 -0.0281
v  -0.0447 -0.0063 -0.0201
v  -0.0447 -0.0065 -0.0300
v  -0.0442 -0.0074 -0.0335
v  -0.0446 -0.0301 0.0198
v  -0.0446 -0.0408 0.0150
v  -0.0446 -0.0454 0.0075
v  -0.0441 -0.0455 0.0170
v  -0.0441 -0.0336 0.0223
v  -0.0446 0.0261 0.0227
v  -0.0446 0.0174 0.0288
v  -0.0446 0.0044 0.0302
v  -0.0441 0.0046 0.0338
v  -0.0441 0.0190 0.0321
v  -0.0446 0.0320 0.0138
v  -0.0447 -0.0453 -0.0063
v  -0.0447 -0.0422 -0.0197
v  -0.0426 0.0047 0.0349
v  -0.0390 0.0199 0.0332
v  -0.0426 0.0198 0.0331
v  -0.0427 0.0354 -0.0197
v  -0.0391 0.0274 -0.0292
v  -0.0427 0.0273 -0.0290
v  -0.0427 0.0131 -0.0344
v  -0.0391 0.0131 -0.0345
v  -0.0427 -0.0559 -0.0203
v  -0.0391 -0.0578 -0.0147
v  -0.0427 -0.0577 -0.0144
v  -0.0426 -0.0574 0.0096
v  -0.0427 -0.0540 0.0139
v  -0.0426 -0.0157 0.0300
v  -0.0426 -0.0351 0.0229
v  -0.0441 -0.0150 0.0291
v  -0.0427 0.0396 -0.0082
v  -0.0427 -0.0533 -0.0247
v  -0.0234 -0.0586 -0.0144
v  -0.0242 -0.0579 -0.0147
v  -0.0221 -0.0227 -0.0279
v  -0.0220 -0.0266 -0.0245
v  -0.0219 -0.0302 -0.0193
v  -0.0203 -0.0366 -0.0246
v  -0.0202 -0.0380 -0.0195
v  -0.0218 -0.0337 0.0099
v  -0.0216 -0.0315 0.0158
v  -0.0214 -0.0285 0.0199
v  -0.0197 -0.0412 0.0135
v  -0.0197 -0.0420 0.0172
v  -0.0200 -0.0413 0.0081
v  -0.0233 0.0249 0.0212
v  -0.0233 0.0305 0.0128
v  -0.0233 0.0333 0.0032
v  -0.0225 -0.0104 -0.0300
v  -0.0223 -0.0179 -0.0294
v  -0.0219 -0.0345 -0.0050
v  -0.0219 -0.0348 0.0027
v  -0.0202 -0.0412 0.0015
v  -0.0202 -0.0405 -0.0058
v  -0.0230 0.0063 0.0298
v  -0.0233 0.0169 0.0273
v  -0.0234 0.0295 -0.0164
v  -0.0233 0.0231 -0.0242
v  -0.0232 0.0135 -0.0291
v  -0.0219 -0.0329 -0.0126
v  -0.0202 -0.0394 -0.0130
v  -0.0220 -0.0171 0.0250
v  -0.0225 -0.0060 0.0282
v  -0.0233 0.0329 -0.0069
v  -0.0125 -0.0674 0.0104
v  -0.0085 -0.0677 0.0125
v  -0.0085 -0.0664 0.0127
v  -0.0125 -0.0661 0.0106
v  -0.0085 -0.0659 0.0127
v  -0.0125 -0.0656 0.0107
v  -0.0159 -0.0653 0.0081
v  -0.0160 -0.0658 0.0078
v  -0.0161 -0.0671 0.0076
v  -0.0189 -0.0654 0.0045
v  -0.0190 -0.0667 0.0042
v  -0.0187 -0.0649 0.0051
v  -0.0210 -0.0639 0.0019
v  -0.0211 -0.0649 0.0006
v  -0.0212 -0.0662 0.0003
v  -0.0230 -0.0638 -0.0082
v  -0.0227 -0.0632 -0.0127
v  -0.0227 -0.0646 -0.0129
v  -0.0230 -0.0651 -0.0084
v  -0.0227 -0.0621 -0.0130
v  -0.0231 -0.0627 -0.0081
v  -0.0214 -0.0614 -0.0182
v  -0.0214 -0.0627 -0.0171
v  -0.0214 -0.0641 -0.0172
v  -0.0193 -0.0636 -0.0212
v  -0.0193 -0.0623 -0.0210
v  -0.0192 -0.0617 -0.0215
v  -0.0165 -0.0614 -0.0246
v  -0.0165 -0.0619 -0.0245
v  -0.0165 -0.0632 -0.0247
v  -0.0092 -0.0613 -0.0296
v  -0.0049 -0.0611 -0.0309
v  -0.0048 -0.0624 -0.0311
v  -0.0091 -0.0626 -0.0298
v  -0.0093 -0.0608 -0.0295
v  -0.0049 -0.0606 -0.0309
v  -0.0004 -0.0610 -0.0315
v  -0.0004 -0.0605 -0.0314
v  -0.0003 -0.0623 -0.0316
v  -0.0225 -0.0643 -0.0037
v  -0.0225 -0.0657 -0.0040
v  -0.0226 -0.0633 -0.0032
v  -0.0221 -0.0617 0.0029
v  -0.0229 -0.0617 -0.0024
v  -0.0232 -0.0612 -0.0081
v  -0.0212 -0.0686 -0.0001
v  -0.0226 -0.0681 -0.0044
v  -0.0226 -0.0705 -0.0048
v  -0.0213 -0.0710 -0.0005
v  -0.0231 -0.0676 -0.0088
v  -0.0231 -0.0700 -0.0093
v  -0.0197 -0.0559 -0.0266
v  -0.0177 -0.0593 -0.0254
v  -0.0199 -0.0601 -0.0222
v  -0.0214 -0.0574 -0.0233
v  -0.0224 -0.0590 -0.0189
v  -0.0193 -0.0635 0.0061
v  -0.0208 -0.0611 0.0075
v  -0.0188 -0.0604 0.0111
v  -0.0170 -0.0634 0.0092
v  -0.0074 -0.0425 -0.0280
v  -0.0136 -0.0425 -0.0279
v  -0.0134 -0.0415 -0.0246
v  -0.0073 -0.0415 -0.0246
v  -0.0072 -0.0419 -0.0195
v  -0.0134 -0.0419 -0.0195
v  -0.0000 -0.0415 -0.0246
v  -0.0000 -0.0419 -0.0195
v  -0.0000 -0.0425 -0.0280
v  -0.0133 -0.0426 -0.0132
v  -0.0072 -0.0426 -0.0132
v  -0.0072 -0.0435 -0.0061
v  -0.0133 -0.0435 -0.0061
v  -0.0000 -0.0426 -0.0132
v  0.0000 -0.0435 -0.0062
v  -0.0071 -0.0451 0.0072
v  -0.0132 -0.0451 0.0073
v  -0.0129 -0.0459 0.0122
v  -0.0070 -0.0459 0.0122
v  -0.0069 -0.0478 0.0153
v  -0.0128 -0.0478 0.0153
v  0.0000 -0.0459 0.0122
v  0.0000 -0.0478 0.0153
v  0.0000 -0.0451 0.0072
v  -0.0133 -0.0443 0.0009
v  -0.0072 -0.0443 0.0009
v  0.0000 -0.0443 0.0009
v  -0.0056 -0.0584 -0.0308
v  -0.0051 -0.0600 -0.0308
v  -0.0095 -0.0602 -0.0295
v  -0.0105 -0.0585 -0.0296
v  -0.0004 -0.0599 -0.0313
v  -0.0003 -0.0583 -0.0312
v  -0.0132 -0.0515 0.0159
v  -0.0071 -0.0516 0.0161
v  -0.0069 -0.0563 0.0156
v  -0.0129 -0.0561 0.0152
v  0.0000 -0.0516 0.0162
v  0.0001 -0.0563 0.0158
v  -0.0088 -0.0653 0.0129
v  -0.0097 -0.0638 0.0133
v  -0.0138 -0.0636 0.0116
v  -0.0128 -0.0651 0.0110
v  -0.0161 -0.0648 0.0085
v  -0.0141 -0.0459 -0.0295
v  -0.0139 -0.0505 -0.0298
v  -0.0184 -0.0505 -0.0293
v  -0.0185 -0.0456 -0.0293
v  -0.0179 -0.0419 -0.0279
v  -0.0000 -0.0458 -0.0298
v  -0.0001 -0.0504 -0.0305
v  -0.0075 -0.0504 -0.0303
v  -0.0076 -0.0458 -0.0297
v  0.0004 -0.0655 0.0144
v  0.0003 -0.0640 0.0146
v  -0.0049 -0.0639 0.0143
v  -0.0043 -0.0655 0.0140
v  -0.0041 -0.0660 0.0139
v  0.0004 -0.0661 0.0143
v  -0.0169 -0.0472 0.0154
v  -0.0199 -0.0488 0.0167
v  -0.0173 -0.0511 0.0159
v  -0.0173 -0.0559 0.0148
v  -0.0146 -0.0588 -0.0278
v  -0.0135 -0.0604 -0.0275
v  -0.0167 -0.0608 -0.0249
v  -0.0132 -0.0610 -0.0274
v  -0.0175 -0.0431 -0.0061
v  -0.0175 -0.0439 0.0010
v  -0.0173 -0.0446 0.0074
v  -0.0170 -0.0453 0.0124
v  -0.0175 -0.0414 -0.0195
v  -0.0175 -0.0422 -0.0131
v  -0.0176 -0.0409 -0.0246
v  -0.0131 -0.0615 -0.0274
v  -0.0131 -0.0628 -0.0276
v  0.0004 -0.0666 0.0142
v  -0.0041 -0.0665 0.0139
v  -0.0042 -0.0678 0.0137
v  0.0003 -0.0679 0.0141
v  -0.0227 -0.0138 0.0244
v  -0.0216 -0.0242 0.0225
v  -0.0207 -0.0357 0.0203
v  -0.0232 0.0049 -0.0283
v  -0.0229 0.0011 -0.0305
v  -0.0227 -0.0032 -0.0327
v  -0.0390 -0.0477 0.0180
v  -0.0426 -0.0475 0.0179
v  -0.0447 -0.0107 0.0163
v  -0.0446 -0.0132 0.0259
v  -0.0447 -0.0358 -0.0259
v  -0.0447 -0.0080 -0.0018
v  -0.0232 -0.0083 0.0244
v  -0.0232 -0.0092 0.0248
v  -0.0232 0.0066 -0.0263
v  -0.0233 0.0065 -0.0270
v  -0.0211 -0.0081 0.0239
v  -0.0217 -0.0082 0.0241
v  -0.0224 -0.0082 0.0241
v  -0.0212 0.0065 -0.0258
v  -0.0218 0.0066 -0.0260
v  -0.0225 0.0066 -0.0261
v  -0.0206 -0.0070 0.0208
v  -0.0206 -0.0064 0.0194
v  -0.0206 -0.0075 0.0223
v  -0.0206 0.0056 -0.0212
v  -0.0207 0.0059 -0.0227
v  -0.0207 0.0062 -0.0242
v  -0.0203 -0.0058 0.0179
v  -0.0205 -0.0060 0.0184
v  -0.0203 0.0053 -0.0197
v  -0.0206 0.0054 -0.0202
v  -0.0192 -0.0058 0.0178
v  -0.0158 -0.0058 0.0177
v  -0.0192 0.0052 -0.0196
v  -0.0158 0.0052 -0.0195
v  -0.0227 -0.0476 0.0180
v  -0.0391 -0.0079 -0.0347
v  -0.0233 -0.0079 -0.0347
v  -0.0427 -0.0079 -0.0346
v  -0.0229 -0.0060 -0.0340
v  -0.0210 -0.0429 0.0190
v  -0.0230 0.0066 -0.0261
v  -0.0229 -0.0082 0.0242
v  -0.0208 0.0064 -0.0253
v  -0.0208 -0.0079 0.0233
v  -0.0090 0.0052 -0.0196
v  -0.0000 0.0052 -0.0196
v  -0.0089 -0.0058 0.0177
v  0.0000 -0.0058 0.0177
v  0.0159 0.0186 0.0072
v  0.0090 0.0186 0.0073
v  0.0090 0.0153 0.0122
v  0.0159 0.0153 0.0122
v  0.0090 0.0203 0.0015
v  0.0159 0.0203 0.0015
v  0.0090 0.0107 0.0159
v  0.0090 0.0055 0.0180
v  0.0159 0.0055 0.0180
v  0.0159 0.0107 0.0159
v  0.0090 0.0006 0.0185
v  0.0090 -0.0032 0.0182
v  0.0159 -0.0032 0.0181
v  0.0159 0.0006 0.0185
v  0.0090 -0.0118 0.0132
v  0.0090 -0.0152 0.0085
v  0.0159 -0.0152 0.0085
v  0.0159 -0.0118 0.0131
v  0.0090 -0.0082 0.0163
v  0.0159 -0.0082 0.0163
v  0.0090 -0.0173 0.0029
v  0.0090 -0.0175 -0.0030
v  0.0158 -0.0175 -0.0030
v  0.0159 -0.0173 0.0029
v  0.0158 -0.0159 -0.0088
v  0.0090 -0.0159 -0.0087
v  0.0090 -0.0126 -0.0137
v  0.0158 -0.0126 -0.0137
v  0.0158 -0.0081 -0.0174
v  0.0089 -0.0081 -0.0174
v  0.0089 -0.0039 -0.0196
v  0.0158 -0.0039 -0.0196
v  0.0089 -0.0012 -0.0203
v  0.0089 0.0014 -0.0202
v  0.0158 0.0014 -0.0202
v  0.0158 -0.0012 -0.0204
v  0.0089 0.0144 -0.0147
v  0.0090 0.0180 -0.0100
v  0.0158 0.0180 -0.0100
v  0.0158 0.0144 -0.0147
v  0.0158 0.0098 -0.0179
v  0.0089 0.0098 -0.0179
v  0.0090 0.0200 -0.0044
v  0.0158 0.0200 -0.0044
v  0.0207 0.0130 0.0200
v  0.0207 0.0065 0.0226
v  0.0209 0.0068 0.0236
v  0.0209 0.0135 0.0209
v  0.0212 0.0069 0.0242
v  0.0212 0.0138 0.0214
v  0.0212 0.0200 0.0165
v  0.0209 0.0195 0.0161
v  0.0207 0.0188 0.0154
v  0.0207 -0.0109 -0.0224
v  0.0206 -0.0104 -0.0215
v  0.0207 -0.0052 -0.0243
v  0.0208 -0.0055 -0.0253
v  0.0211 -0.0057 -0.0259
v  0.0211 -0.0112 -0.0229
v  0.0207 -0.0168 -0.0176
v  0.0210 -0.0172 -0.0180
v  0.0206 -0.0160 -0.0169
v  0.0207 -0.0219 0.0038
v  0.0207 -0.0222 -0.0036
v  0.0208 -0.0232 -0.0037
v  0.0208 -0.0229 0.0040
v  0.0212 -0.0235 0.0041
v  0.0211 -0.0238 -0.0038
v  0.0212 -0.0208 0.0116
v  0.0209 -0.0203 0.0113
v  0.0207 -0.0194 0.0108
v  0.0208 0.0257 -0.0055
v  0.0207 0.0247 -0.0053
v  0.0207 0.0249 0.0021
v  0.0208 0.0260 0.0022
v  0.0212 0.0265 0.0023
v  0.0212 0.0262 -0.0056
v  0.0212 0.0235 -0.0131
v  0.0208 0.0230 -0.0128
v  0.0207 0.0221 -0.0123
v  0.0209 -0.0046 0.0239
v  0.0209 0.0004 0.0243
v  0.0207 0.0005 0.0232
v  0.0207 -0.0044 0.0228
v  0.0212 -0.0048 0.0244
v  0.0212 0.0004 0.0249
v  0.0208 0.0014 -0.0261
v  0.0208 -0.0019 -0.0263
v  0.0207 -0.0018 -0.0252
v  0.0207 0.0014 -0.0250
v  0.0211 -0.0020 -0.0269
v  0.0212 0.0014 -0.0267
v  0.0209 0.0239 0.0097
v  0.0207 0.0229 0.0092
v  0.0212 0.0244 0.0099
v  0.0208 -0.0211 -0.0112
v  0.0207 -0.0202 -0.0107
v  0.0211 -0.0216 -0.0114
v  0.0207 -0.0150 0.0166
v  0.0209 -0.0158 0.0174
v  0.0212 -0.0161 0.0178
v  0.0209 -0.0112 0.0215
v  0.0212 -0.0114 0.0220
v  0.0207 -0.0106 0.0205
v  0.0207 0.0176 -0.0181
v  0.0208 0.0183 -0.0189
v  0.0212 0.0187 -0.0193
v  0.0212 0.0127 -0.0237
v  0.0208 0.0124 -0.0232
v  0.0207 0.0120 -0.0222
v  0.0224 -0.0113 -0.0232
v  0.0224 -0.0057 -0.0261
v  0.0229 -0.0057 -0.0262
v  0.0229 -0.0114 -0.0232
v  0.0232 -0.0058 -0.0264
v  0.0232 -0.0115 -0.0234
v  0.0232 -0.0176 -0.0184
v  0.0229 -0.0174 -0.0182
v  0.0224 -0.0174 -0.0182
v  0.0229 0.0265 -0.0057
v  0.0225 0.0265 -0.0057
v  0.0225 0.0268 0.0023
v  0.0230 0.0268 0.0023
v  0.0232 0.0271 0.0023
v  0.0232 0.0267 -0.0057
v  0.0232 0.0240 -0.0133
v  0.0229 0.0238 -0.0132
v  0.0224 0.0237 -0.0132
v  0.0225 0.0004 0.0251
v  0.0225 -0.0048 0.0247
v  0.0230 -0.0048 0.0247
v  0.0230 0.0004 0.0251
v  0.0233 -0.0049 0.0249
v  0.0233 0.0004 0.0254
v  0.0233 0.0070 0.0247
v  0.0230 0.0069 0.0245
v  0.0225 0.0069 0.0244
v  0.0224 -0.0218 -0.0115
v  0.0229 -0.0219 -0.0115
v  0.0232 -0.0221 -0.0116
v  0.0232 -0.0243 -0.0039
v  0.0229 -0.0241 -0.0038
v  0.0224 -0.0240 -0.0038
v  0.0229 0.0189 -0.0195
v  0.0224 0.0189 -0.0195
v  0.0232 0.0190 -0.0197
v  0.0232 0.0129 -0.0241
v  0.0229 0.0128 -0.0239
v  0.0224 0.0128 -0.0239
v  0.0230 0.0139 0.0216
v  0.0225 0.0139 0.0216
v  0.0233 0.0140 0.0218
v  0.0233 0.0203 0.0168
v  0.0230 0.0202 0.0167
v  0.0225 0.0201 0.0167
v  0.0230 -0.0238 0.0042
v  0.0225 -0.0237 0.0042
v  0.0232 -0.0240 0.0042
v  0.0233 -0.0212 0.0118
v  0.0230 -0.0210 0.0117
v  0.0225 -0.0210 0.0117
v  0.0224 -0.0020 -0.0272
v  0.0224 0.0014 -0.0269
v  0.0229 0.0014 -0.0270
v  0.0229 -0.0020 -0.0272
v  0.0232 0.0014 -0.0272
v  0.0232 -0.0021 -0.0274
v  0.0230 0.0246 0.0100
v  0.0225 0.0246 0.0100
v  0.0233 0.0248 0.0101
v  0.0230 -0.0163 0.0180
v  0.0225 -0.0163 0.0180
v  0.0233 -0.0165 0.0181
v  0.0233 -0.0117 0.0224
v  0.0230 -0.0116 0.0222
v  0.0225 -0.0116 0.0222
v  0.0234 0.0365 -0.0077
v  0.0234 0.0369 0.0035
v  0.0234 0.0391 0.0038
v  0.0234 0.0386 -0.0081
v  0.0234 0.0402 0.0039
v  0.0233 0.0398 -0.0083
v  0.0234 0.0345 -0.0192
v  0.0233 0.0356 -0.0198
v  0.0233 0.0327 -0.0182
v  0.0223 -0.0107 0.0292
v  0.0214 -0.0259 0.0240
v  0.0217 -0.0315 0.0234
v  0.0224 -0.0137 0.0298
v  0.0231 -0.0157 0.0301
v  0.0229 -0.0352 0.0230
v  0.0231 0.0051 0.0340
v  0.0233 0.0048 0.0349
v  0.0230 0.0056 0.0324
v  0.0233 0.0267 -0.0284
v  0.0233 0.0254 -0.0268
v  0.0233 0.0274 -0.0292
v  0.0233 0.0132 -0.0346
v  0.0232 0.0133 -0.0337
v  0.0231 0.0134 -0.0320
v  0.0234 0.0185 0.0303
v  0.0234 0.0194 0.0321
v  0.0234 0.0199 0.0331
v  0.0234 0.0301 0.0259
v  0.0234 0.0292 0.0251
v  0.0234 0.0276 0.0236
v  0.0225 -0.0248 -0.0320
v  0.0221 -0.0369 -0.0305
v  0.0217 -0.0296 -0.0300
v  0.0221 -0.0192 -0.0313
v  0.0233 -0.0285 -0.0325
v  0.0232 -0.0417 -0.0306
v  0.0232 -0.0491 -0.0287
v  0.0211 -0.0432 -0.0296
v  0.0207 -0.0365 -0.0285
v  0.0234 0.0339 0.0143
v  0.0234 0.0358 0.0152
v  0.0234 0.0369 0.0157
v  0.0391 -0.0594 -0.0013
v  0.0391 -0.0590 -0.0081
v  0.0427 -0.0589 -0.0081
v  0.0427 -0.0593 -0.0015
v  0.0441 -0.0585 -0.0030
v  0.0439 -0.0585 -0.0080
v  0.0439 -0.0585 0.0027
v  0.0427 -0.0589 0.0046
v  0.0391 -0.0590 0.0050
v  0.0390 -0.0419 -0.0307
v  0.0390 -0.0286 -0.0325
v  0.0427 -0.0284 -0.0324
v  0.0427 -0.0416 -0.0305
v  0.0441 -0.0400 -0.0292
v  0.0441 -0.0272 -0.0314
v  0.0427 -0.0490 -0.0281
v  0.0443 -0.0485 -0.0234
v  0.0390 -0.0490 -0.0287
v  0.0391 0.0369 0.0157
v  0.0391 0.0301 0.0259
v  0.0427 0.0299 0.0258
v  0.0427 0.0367 0.0156
v  0.0442 0.0353 0.0152
v  0.0442 0.0287 0.0250
v  0.0427 0.0401 0.0039
v  0.0442 0.0385 0.0037
v  0.0391 0.0403 0.0039
v  0.0234 -0.0601 -0.0018
v  0.0235 -0.0597 -0.0082
v  0.0242 -0.0591 -0.0081
v  0.0242 -0.0595 -0.0013
v  0.0240 -0.0591 0.0049
v  0.0231 -0.0598 0.0042
v  0.0238 -0.0577 0.0101
v  0.0224 -0.0586 0.0092
v  0.0391 -0.0575 0.0102
v  0.0391 -0.0542 0.0143
v  0.0227 -0.0543 0.0143
v  0.0241 -0.0534 -0.0254
v  0.0228 -0.0545 -0.0249
v  0.0391 -0.0532 -0.0254
v  0.0391 -0.0559 -0.0208
v  0.0241 -0.0560 -0.0207
v  0.0231 -0.0569 -0.0202
v  0.0391 0.0398 -0.0083
v  0.0391 0.0356 -0.0198
v  0.0391 -0.0353 0.0229
v  0.0391 -0.0158 0.0301
v  0.0391 0.0047 0.0349
v  0.0192 0.0200 -0.0044
v  0.0192 0.0203 0.0015
v  0.0203 0.0205 0.0015
v  0.0203 0.0202 -0.0045
v  0.0203 0.0182 -0.0101
v  0.0192 0.0180 -0.0100
v  0.0192 0.0144 -0.0147
v  0.0203 0.0145 -0.0148
v  0.0203 0.0099 -0.0181
v  0.0192 0.0099 -0.0180
v  0.0203 0.0014 -0.0204
v  0.0203 -0.0012 -0.0206
v  0.0192 -0.0012 -0.0204
v  0.0192 0.0014 -0.0202
v  0.0203 -0.0040 -0.0198
v  0.0192 -0.0039 -0.0196
v  0.0192 -0.0081 -0.0174
v  0.0203 -0.0082 -0.0176
v  0.0192 -0.0126 -0.0137
v  0.0203 -0.0127 -0.0138
v  0.0203 -0.0161 -0.0088
v  0.0192 -0.0159 -0.0088
v  0.0192 -0.0175 -0.0030
v  0.0203 -0.0177 -0.0031
v  0.0192 -0.0173 0.0029
v  0.0203 -0.0175 0.0029
v  0.0203 -0.0154 0.0086
v  0.0193 -0.0153 0.0085
v  0.0203 -0.0119 0.0133
v  0.0193 -0.0118 0.0132
v  0.0203 -0.0083 0.0165
v  0.0193 -0.0083 0.0163
v  0.0203 -0.0033 0.0184
v  0.0203 0.0006 0.0187
v  0.0193 0.0006 0.0185
v  0.0193 -0.0032 0.0182
v  0.0203 0.0056 0.0182
v  0.0193 0.0055 0.0180
v  0.0203 0.0108 0.0160
v  0.0193 0.0107 0.0159
v  0.0193 0.0153 0.0122
v  0.0203 0.0155 0.0123
v  0.0203 0.0188 0.0073
v  0.0193 0.0186 0.0073
v  0.0206 0.0186 -0.0104
v  0.0206 0.0149 -0.0152
v  0.0206 0.0195 -0.0108
v  0.0206 0.0155 -0.0159
v  0.0206 0.0102 -0.0186
v  0.0206 0.0106 -0.0195
v  0.0206 -0.0159 0.0088
v  0.0206 -0.0123 0.0137
v  0.0207 -0.0167 0.0093
v  0.0207 -0.0129 0.0144
v  0.0206 -0.0086 0.0169
v  0.0207 -0.0091 0.0178
v  0.0206 -0.0165 -0.0091
v  0.0206 -0.0131 -0.0142
v  0.0206 -0.0174 -0.0095
v  0.0206 -0.0138 -0.0149
v  0.0206 -0.0192 -0.0032
v  0.0206 -0.0182 -0.0031
v  0.0206 0.0158 0.0127
v  0.0206 0.0193 0.0075
v  0.0207 0.0202 0.0080
v  0.0207 0.0166 0.0133
v  0.0206 0.0210 0.0016
v  0.0207 0.0219 0.0017
v  0.0206 0.0014 -0.0209
v  0.0206 -0.0013 -0.0211
v  0.0206 0.0014 -0.0219
v  0.0206 -0.0014 -0.0221
v  0.0206 -0.0044 -0.0213
v  0.0206 -0.0041 -0.0203
v  0.0206 -0.0034 0.0188
v  0.0206 0.0006 0.0192
v  0.0207 -0.0036 0.0198
v  0.0207 0.0006 0.0202
v  0.0207 0.0059 0.0196
v  0.0206 0.0057 0.0187
v  0.0206 0.0207 -0.0046
v  0.0206 0.0217 -0.0047
v  0.0206 -0.0180 0.0030
v  0.0207 -0.0189 0.0032
v  0.0206 -0.0084 -0.0180
v  0.0206 -0.0089 -0.0189
v  0.0206 0.0110 0.0165
v  0.0207 0.0115 0.0173
v  0.0206 0.0208 -0.0116
v  0.0206 0.0166 -0.0170
v  0.0206 0.0113 -0.0208
v  0.0207 -0.0180 0.0100
v  0.0207 -0.0140 0.0155
v  0.0207 -0.0099 0.0192
v  0.0206 -0.0149 -0.0159
v  0.0206 -0.0188 -0.0101
v  0.0207 -0.0207 -0.0034
v  0.0207 0.0177 0.0144
v  0.0207 0.0215 0.0086
v  0.0207 0.0234 0.0019
v  0.0206 0.0014 -0.0235
v  0.0206 -0.0016 -0.0237
v  0.0206 -0.0048 -0.0228
v  0.0207 -0.0040 0.0213
v  0.0207 0.0005 0.0217
v  0.0207 0.0062 0.0211
v  0.0207 0.0232 -0.0050
v  0.0207 -0.0204 0.0035
v  0.0206 -0.0097 -0.0202
v  0.0207 0.0122 0.0187
v  0.0218 -0.0210 0.0117
v  0.0218 -0.0163 0.0179
v  0.0218 -0.0116 0.0222
v  0.0218 0.0201 0.0166
v  0.0218 0.0246 0.0100
v  0.0218 0.0268 0.0023
v  0.0218 0.0014 -0.0269
v  0.0218 -0.0020 -0.0271
v  0.0217 -0.0057 -0.0261
v  0.0218 -0.0237 0.0042
v  0.0218 -0.0240 -0.0038
v  0.0218 0.0139 0.0216
v  0.0218 0.0069 0.0244
v  0.0218 0.0188 -0.0195
v  0.0218 0.0237 -0.0132
v  0.0218 0.0128 -0.0239
v  0.0217 -0.0174 -0.0182
v  0.0217 -0.0218 -0.0115
v  0.0218 0.0004 0.0251
v  0.0218 -0.0048 0.0247
v  0.0218 0.0265 -0.0057
v  0.0217 -0.0113 -0.0231
v  0.0233 -0.0066 -0.0269
v  0.0233 -0.0123 -0.0239
v  0.0229 -0.0115 -0.0275
v  0.0229 -0.0168 -0.0243
v  0.0229 -0.0222 -0.0191
v  0.0233 -0.0185 -0.0187
v  0.0233 -0.0174 0.0184
v  0.0233 -0.0222 0.0120
v  0.0229 -0.0259 0.0115
v  0.0228 -0.0219 0.0178
v  0.0233 -0.0126 0.0228
v  0.0228 -0.0175 0.0222
v  0.0234 0.0255 0.0104
v  0.0234 0.0209 0.0173
v  0.0234 0.0223 0.0187
v  0.0234 0.0273 0.0113
v  0.0234 0.0298 0.0027
v  0.0234 0.0278 0.0024
v  0.0233 -0.0028 -0.0280
v  0.0233 0.0009 -0.0278
v  0.0230 -0.0025 -0.0288
v  0.0229 -0.0074 -0.0287
v  0.0233 -0.0249 0.0042
v  0.0233 -0.0252 -0.0040
v  0.0229 -0.0283 -0.0044
v  0.0229 -0.0282 0.0038
v  0.0234 0.0071 0.0254
v  0.0234 0.0144 0.0225
v  0.0234 0.0153 0.0242
v  0.0233 0.0069 0.0270
v  0.0233 0.0246 -0.0137
v  0.0233 0.0195 -0.0202
v  0.0233 0.0263 -0.0147
v  0.0233 0.0208 -0.0217
v  0.0233 0.0134 -0.0264
v  0.0233 0.0131 -0.0248
v  0.0233 -0.0230 -0.0119
v  0.0229 -0.0263 -0.0123
v  0.0233 -0.0055 0.0254
v  0.0234 0.0001 0.0260
v  0.0231 -0.0018 0.0269
v  0.0230 -0.0091 0.0256
v  0.0233 0.0275 -0.0059
v  0.0234 0.0294 -0.0063
v  0.0447 0.0208 -0.0165
v  0.0447 0.0271 -0.0111
v  0.0447 0.0242 0.0020
v  0.0447 0.0178 0.0012
v  0.0448 0.0239 0.0154
v  0.0448 0.0165 0.0191
v  0.0448 0.0051 0.0195
v  0.0447 0.0072 -0.0001
v  0.0447 0.0098 -0.0196
v  0.0447 -0.0325 -0.0049
v  0.0447 -0.0324 -0.0184
v  0.0447 -0.0222 -0.0195
v  0.0447 -0.0229 -0.0037
v  0.0447 -0.0260 0.0117
v  0.0447 -0.0356 0.0083
v  0.0447 -0.0402 0.0045
v  0.0447 -0.0389 -0.0057
v  0.0447 -0.0378 -0.0159
v  0.0441 -0.0540 -0.0201
v  0.0446 -0.0516 -0.0072
v  0.0445 -0.0562 -0.0077
v  0.0443 -0.0524 0.0093
v  0.0441 -0.0570 0.0047
v  0.0441 -0.0573 -0.0129
v  0.0439 -0.0559 -0.0185
v  0.0447 0.0305 -0.0042
v  0.0447 0.0317 0.0029
v  0.0447 0.0289 0.0095
v  0.0447 0.0278 0.0024
v  0.0446 0.0309 -0.0176
v  0.0447 0.0346 -0.0076
v  0.0442 0.0381 -0.0082
v  0.0441 0.0341 -0.0194
v  0.0447 0.0351 0.0033
v  0.0446 0.0239 -0.0256
v  0.0446 0.0117 -0.0300
v  0.0441 0.0127 -0.0335
v  0.0441 0.0263 -0.0284
v  0.0446 -0.0243 -0.0282
v  0.0446 -0.0065 -0.0301
v  0.0447 -0.0063 -0.0202
v  0.0441 -0.0074 -0.0336
v  0.0447 -0.0408 0.0148
v  0.0447 -0.0301 0.0197
v  0.0442 -0.0455 0.0169
v  0.0442 -0.0336 0.0221
v  0.0447 -0.0454 0.0074
v  0.0447 0.0261 0.0226
v  0.0447 0.0174 0.0287
v  0.0442 0.0190 0.0320
v  0.0447 0.0044 0.0300
v  0.0442 0.0046 0.0337
v  0.0447 0.0320 0.0137
v  0.0447 -0.0453 -0.0064
v  0.0447 -0.0422 -0.0199
v  0.0427 0.0198 0.0329
v  0.0391 0.0199 0.0331
v  0.0427 0.0047 0.0347
v  0.0390 0.0274 -0.0293
v  0.0427 0.0354 -0.0198
v  0.0427 0.0273 -0.0292
v  0.0427 0.0131 -0.0345
v  0.0390 0.0131 -0.0346
v  0.0391 -0.0578 -0.0148
v  0.0426 -0.0559 -0.0204
v  0.0427 -0.0577 -0.0146
v  0.0427 -0.0574 0.0095
v  0.0427 -0.0540 0.0138
v  0.0427 -0.0351 0.0228
v  0.0427 -0.0157 0.0299
v  0.0442 -0.0150 0.0290
v  0.0427 0.0396 -0.0083
v  0.0427 -0.0533 -0.0248
v  0.0234 -0.0586 -0.0145
v  0.0241 -0.0579 -0.0147
v  0.0219 -0.0266 -0.0246
v  0.0220 -0.0227 -0.0279
v  0.0202 -0.0366 -0.0247
v  0.0202 -0.0380 -0.0195
v  0.0219 -0.0302 -0.0194
v  0.0218 -0.0337 0.0098
v  0.0216 -0.0315 0.0157
v  0.0200 -0.0413 0.0081
v  0.0197 -0.0412 0.0134
v  0.0197 -0.0420 0.0171
v  0.0215 -0.0285 0.0199
v  0.0234 0.0305 0.0128
v  0.0234 0.0249 0.0211
v  0.0234 0.0333 0.0031
v  0.0222 -0.0179 -0.0294
v  0.0225 -0.0104 -0.0301
v  0.0219 -0.0345 -0.0051
v  0.0219 -0.0348 0.0027
v  0.0202 -0.0412 0.0015
v  0.0202 -0.0405 -0.0058
v  0.0232 0.0063 0.0297
v  0.0234 0.0169 0.0272
v  0.0233 0.0295 -0.0164
v  0.0233 0.0231 -0.0242
v  0.0232 0.0135 -0.0292
v  0.0219 -0.0329 -0.0127
v  0.0202 -0.0394 -0.0130
v  0.0221 -0.0171 0.0249
v  0.0226 -0.0060 0.0281
v  0.0234 0.0329 -0.0070
v  0.0131 -0.0674 0.0101
v  0.0131 -0.0661 0.0102
v  0.0092 -0.0663 0.0124
v  0.0091 -0.0676 0.0122
v  0.0165 -0.0670 0.0072
v  0.0166 -0.0657 0.0073
v  0.0165 -0.0652 0.0075
v  0.0132 -0.0656 0.0103
v  0.0093 -0.0658 0.0124
v  0.0193 -0.0666 0.0037
v  0.0193 -0.0653 0.0038
v  0.0214 -0.0661 -0.0003
v  0.0214 -0.0648 -0.0001
v  0.0214 -0.0638 0.0013
v  0.0192 -0.0648 0.0044
v  0.0225 -0.0645 -0.0135
v  0.0225 -0.0631 -0.0135
v  0.0230 -0.0637 -0.0090
v  0.0230 -0.0651 -0.0091
v  0.0212 -0.0640 -0.0178
v  0.0211 -0.0626 -0.0178
v  0.0211 -0.0614 -0.0188
v  0.0226 -0.0620 -0.0137
v  0.0231 -0.0627 -0.0088
v  0.0190 -0.0635 -0.0217
v  0.0189 -0.0622 -0.0217
v  0.0161 -0.0631 -0.0252
v  0.0160 -0.0618 -0.0251
v  0.0160 -0.0613 -0.0252
v  0.0187 -0.0616 -0.0221
v  0.0085 -0.0612 -0.0299
v  0.0085 -0.0625 -0.0300
v  0.0042 -0.0624 -0.0313
v  0.0041 -0.0611 -0.0311
v  0.0041 -0.0606 -0.0310
v  0.0085 -0.0607 -0.0298
v  0.0227 -0.0656 -0.0046
v  0.0227 -0.0642 -0.0045
v  0.0227 -0.0632 -0.0039
v  0.0230 -0.0616 -0.0029
v  0.0223 -0.0616 0.0025
v  0.0232 -0.0611 -0.0085
v  0.0131 -0.0732 0.0034
v  0.0138 -0.0732 0.0041
v  0.0108 -0.0735 0.0065
v  0.0103 -0.0735 0.0057
v  0.0075 -0.0738 0.0083
v  0.0071 -0.0737 0.0074
v  0.0100 -0.0735 0.0052
v  0.0069 -0.0737 0.0068
v  0.0127 -0.0733 0.0030
v  0.0194 -0.0558 -0.0269
v  0.0212 -0.0574 -0.0236
v  0.0195 -0.0600 -0.0228
v  0.0172 -0.0592 -0.0258
v  0.0222 -0.0590 -0.0193
v  0.0211 -0.0611 0.0072
v  0.0198 -0.0635 0.0055
v  0.0191 -0.0604 0.0108
v  0.0175 -0.0634 0.0088
v  0.0072 -0.0415 -0.0246
v  0.0134 -0.0415 -0.0246
v  0.0136 -0.0425 -0.0280
v  0.0074 -0.0425 -0.0280
v  0.0072 -0.0419 -0.0195
v  0.0133 -0.0419 -0.0196
v  0.0072 -0.0426 -0.0132
v  0.0133 -0.0426 -0.0132
v  0.0072 -0.0435 -0.0062
v  0.0133 -0.0435 -0.0062
v  0.0072 -0.0451 0.0072
v  0.0070 -0.0459 0.0122
v  0.0130 -0.0459 0.0122
v  0.0132 -0.0451 0.0072
v  0.0070 -0.0478 0.0153
v  0.0129 -0.0478 0.0152
v  0.0072 -0.0443 0.0009
v  0.0133 -0.0443 0.0009
v  0.0088 -0.0601 -0.0298
v  0.0043 -0.0600 -0.0310
v  0.0050 -0.0584 -0.0309
v  0.0099 -0.0585 -0.0299
v  0.0133 -0.0515 0.0159
v  0.0072 -0.0516 0.0161
v  0.0071 -0.0563 0.0156
v  0.0131 -0.0561 0.0152
v  0.0143 -0.0635 0.0113
v  0.0103 -0.0637 0.0130
v  0.0095 -0.0653 0.0126
v  0.0134 -0.0650 0.0105
v  0.0166 -0.0648 0.0080
v  0.0137 -0.0505 -0.0299
v  0.0140 -0.0459 -0.0295
v  0.0185 -0.0456 -0.0294
v  0.0183 -0.0505 -0.0294
v  0.0179 -0.0419 -0.0280
v  0.0076 -0.0458 -0.0297
v  0.0073 -0.0504 -0.0303
v  0.0055 -0.0639 0.0142
v  0.0051 -0.0654 0.0139
v  0.0049 -0.0660 0.0138
v  0.0200 -0.0488 0.0166
v  0.0170 -0.0472 0.0154
v  0.0174 -0.0511 0.0159
v  0.0175 -0.0559 0.0147
v  0.0161 -0.0607 -0.0255
v  0.0128 -0.0604 -0.0279
v  0.0140 -0.0587 -0.0282
v  0.0125 -0.0610 -0.0278
v  0.0175 -0.0431 -0.0061
v  0.0175 -0.0439 0.0009
v  0.0174 -0.0446 0.0073
v  0.0170 -0.0453 0.0124
v  0.0175 -0.0422 -0.0132
v  0.0175 -0.0414 -0.0196
v  0.0176 -0.0409 -0.0246
v  0.0125 -0.0628 -0.0280
v  0.0125 -0.0615 -0.0278
v  0.0048 -0.0678 0.0136
v  0.0049 -0.0665 0.0137
v  0.0217 -0.0242 0.0225
v  0.0228 -0.0138 0.0243
v  0.0208 -0.0357 0.0203
v  0.0228 0.0011 -0.0306
v  0.0232 0.0049 -0.0284
v  0.0226 -0.0032 -0.0327
v  0.0427 -0.0475 0.0178
v  0.0391 -0.0477 0.0179
v  0.0447 -0.0132 0.0258
v  0.0448 -0.0107 0.0162
v  0.0446 -0.0358 -0.0260
v  0.0447 -0.0080 -0.0019
v  0.0233 -0.0092 0.0247
v  0.0233 -0.0083 0.0243
v  0.0233 0.0065 -0.0270
v  0.0232 0.0066 -0.0264
v  0.0218 -0.0082 0.0240
v  0.0212 -0.0081 0.0238
v  0.0225 -0.0082 0.0241
v  0.0212 0.0065 -0.0259
v  0.0218 0.0066 -0.0261
v  0.0224 0.0066 -0.0261
v  0.0207 -0.0064 0.0193
v  0.0207 -0.0070 0.0208
v  0.0207 -0.0075 0.0223
v  0.0206 0.0056 -0.0213
v  0.0206 0.0059 -0.0228
v  0.0207 0.0062 -0.0243
v  0.0203 -0.0058 0.0179
v  0.0206 -0.0060 0.0184
v  0.0206 0.0054 -0.0203
v  0.0203 0.0053 -0.0198
v  0.0193 -0.0058 0.0177
v  0.0159 -0.0058 0.0177
v  0.0192 0.0052 -0.0196
v  0.0158 0.0052 -0.0196
v  0.0227 -0.0476 0.0180
v  0.0233 -0.0079 -0.0348
v  0.0390 -0.0079 -0.0348
v  0.0427 -0.0079 -0.0347
v  0.0229 -0.0060 -0.0340
v  0.0211 -0.0429 0.0190
v  0.0229 0.0066 -0.0262
v  0.0230 -0.0082 0.0241
v  0.0208 0.0064 -0.0253
v  0.0209 -0.0079 0.0233
v  0.0089 0.0052 -0.0196
v  0.0090 -0.0058 0.0177
v  0.0038 -0.0739 0.0094
v  0.0036 -0.0738 0.0085
v  0.0000 -0.0739 0.0098
v  0.0000 -0.0739 0.0088
v  0.0035 -0.0738 0.0078
v  0.0000 -0.0739 0.0082
v  0.0108 -0.0697 -0.0256
v  0.0103 -0.0698 -0.0249
v  0.0071 -0.0696 -0.0266
v  0.0074 -0.0694 -0.0274
v  0.0137 -0.0699 -0.0232
v  0.0131 -0.0701 -0.0226
v  0.0126 -0.0702 -0.0221
v  0.0099 -0.0700 -0.0243
v  0.0068 -0.0698 -0.0260
v  0.0171 -0.0708 -0.0166
v  0.0180 -0.0707 -0.0170
v  0.0191 -0.0711 -0.0133
v  0.0182 -0.0712 -0.0132
v  0.0195 -0.0716 -0.0096
v  0.0185 -0.0717 -0.0096
v  0.0179 -0.0717 -0.0096
v  0.0175 -0.0713 -0.0131
v  0.0165 -0.0709 -0.0164
v  -0.0044 -0.0727 0.0131
v  0.0001 -0.0727 0.0136
v  0.0002 -0.0703 0.0138
v  -0.0043 -0.0703 0.0134
v  -0.0086 -0.0701 0.0122
v  -0.0087 -0.0725 0.0118
v  0.0162 -0.0703 -0.0203
v  0.0154 -0.0704 -0.0198
v  0.0149 -0.0705 -0.0195
v  0.0213 -0.0689 -0.0182
v  0.0191 -0.0684 -0.0222
v  0.0191 -0.0660 -0.0220
v  0.0212 -0.0665 -0.0180
v  0.0162 -0.0680 -0.0256
v  0.0162 -0.0656 -0.0254
v  0.0171 -0.0725 -0.0025
v  0.0180 -0.0725 -0.0022
v  0.0162 -0.0729 0.0012
v  0.0154 -0.0729 0.0006
v  0.0149 -0.0729 0.0003
v  0.0165 -0.0726 -0.0028
v  0.0165 -0.0695 0.0070
v  0.0164 -0.0719 0.0068
v  0.0192 -0.0715 0.0033
v  0.0193 -0.0691 0.0035
v  0.0214 -0.0710 -0.0007
v  0.0214 -0.0686 -0.0005
v  -0.0038 -0.0739 0.0094
v  -0.0036 -0.0738 0.0085
v  -0.0074 -0.0738 0.0083
v  -0.0071 -0.0737 0.0074
v  -0.0035 -0.0738 0.0079
v  -0.0068 -0.0737 0.0069
v  -0.0131 -0.0701 -0.0225
v  -0.0138 -0.0699 -0.0232
v  -0.0108 -0.0697 -0.0256
v  -0.0103 -0.0698 -0.0248
v  -0.0075 -0.0694 -0.0274
v  -0.0071 -0.0696 -0.0265
v  -0.0069 -0.0698 -0.0260
v  -0.0100 -0.0700 -0.0243
v  -0.0127 -0.0702 -0.0221
v  -0.0191 -0.0721 -0.0058
v  -0.0182 -0.0721 -0.0059
v  -0.0171 -0.0725 -0.0025
v  -0.0180 -0.0725 -0.0021
v  -0.0194 -0.0716 -0.0095
v  -0.0185 -0.0717 -0.0095
v  -0.0175 -0.0722 -0.0061
v  -0.0179 -0.0717 -0.0095
v  -0.0165 -0.0726 -0.0027
v  0.0038 -0.0693 -0.0285
v  0.0036 -0.0695 -0.0276
v  -0.0000 -0.0694 -0.0279
v  -0.0000 -0.0693 -0.0289
v  0.0035 -0.0696 -0.0270
v  -0.0000 -0.0696 -0.0273
v  -0.0162 -0.0703 -0.0203
v  -0.0154 -0.0704 -0.0198
v  -0.0171 -0.0708 -0.0166
v  -0.0180 -0.0707 -0.0169
v  -0.0149 -0.0705 -0.0194
v  -0.0165 -0.0709 -0.0163
v  -0.0192 -0.0684 -0.0220
v  -0.0213 -0.0689 -0.0180
v  -0.0214 -0.0665 -0.0176
v  -0.0193 -0.0660 -0.0216
v  -0.0165 -0.0656 -0.0251
v  -0.0164 -0.0680 -0.0255
v  -0.0162 -0.0729 0.0012
v  -0.0154 -0.0729 0.0007
v  -0.0131 -0.0732 0.0035
v  -0.0137 -0.0732 0.0041
v  -0.0149 -0.0729 0.0003
v  -0.0126 -0.0733 0.0030
v  -0.0162 -0.0695 0.0073
v  -0.0191 -0.0691 0.0038
v  -0.0191 -0.0715 0.0035
v  -0.0162 -0.0719 0.0069
v  0.0163 -0.0553 -0.0288
v  0.0119 -0.0551 -0.0299
v  0.0002 -0.0607 0.0152
v  0.0064 -0.0607 0.0148
v  0.0118 -0.0605 0.0140
v  0.0160 -0.0603 0.0128
v  0.0062 -0.0550 -0.0307
v  -0.0002 -0.0549 -0.0309
v  0.0187 -0.0645 0.0056
v  0.0182 -0.0611 -0.0232
v  0.0229 -0.0603 -0.0141
v  0.0191 -0.0721 -0.0058
v  0.0182 -0.0721 -0.0060
v  0.0176 -0.0722 -0.0061
v  -0.0166 -0.0553 -0.0286
v  -0.0123 -0.0551 -0.0298
v  -0.0060 -0.0607 0.0149
v  -0.0114 -0.0605 0.0142
v  -0.0157 -0.0604 0.0130
v  -0.0066 -0.0550 -0.0306
v  -0.0182 -0.0646 0.0062
v  -0.0187 -0.0611 -0.0226
v  -0.0230 -0.0603 -0.0137
v  -0.0130 -0.0653 -0.0280
v  -0.0129 -0.0677 -0.0283
v  -0.0090 -0.0650 -0.0301
v  -0.0089 -0.0674 -0.0305
v  0.0044 -0.0672 -0.0318
v  0.0043 -0.0648 -0.0316
v  0.0086 -0.0650 -0.0303
v  0.0087 -0.0674 -0.0305
v  -0.0001 -0.0672 -0.0323
v  -0.0002 -0.0648 -0.0320
v  -0.0046 -0.0672 -0.0318
v  -0.0047 -0.0648 -0.0315
v  0.0231 -0.0675 -0.0093
v  0.0231 -0.0699 -0.0095
v  0.0226 -0.0694 -0.0139
v  0.0226 -0.0670 -0.0137
v  0.0226 -0.0705 -0.0050
v  0.0227 -0.0681 -0.0048
v  -0.0108 -0.0735 0.0065
v  -0.0103 -0.0735 0.0057
v  -0.0099 -0.0735 0.0052
v  -0.0227 -0.0670 -0.0133
v  -0.0226 -0.0694 -0.0137
v  0.0090 -0.0701 0.0120
v  0.0089 -0.0725 0.0118
v  0.0129 -0.0723 0.0096
v  0.0130 -0.0698 0.0099
v  -0.0191 -0.0711 -0.0133
v  -0.0182 -0.0712 -0.0131
v  -0.0175 -0.0713 -0.0130
v  -0.0126 -0.0699 0.0101
v  -0.0127 -0.0723 0.0097
v  0.0046 -0.0727 0.0131
v  0.0047 -0.0703 0.0134
v  -0.0123 -0.0731 -0.0221
v  -0.0097 -0.0729 -0.0243
v  -0.0097 -0.0785 -0.0249
v  -0.0123 -0.0787 -0.0228
v  -0.0067 -0.0727 -0.0259
v  -0.0067 -0.0783 -0.0265
v  -0.0065 -0.0858 -0.0270
v  -0.0033 -0.0857 -0.0280
v  -0.0030 -0.0859 -0.0264
v  -0.0059 -0.0860 -0.0255
v  -0.0120 -0.0863 -0.0234
v  -0.0108 -0.0864 -0.0222
v  -0.0127 -0.0867 -0.0199
v  -0.0141 -0.0866 -0.0208
v  0.0126 -0.0652 -0.0282
v  0.0127 -0.0676 -0.0284
v  0.0170 -0.0806 -0.0073
v  0.0174 -0.0802 -0.0106
v  0.0174 -0.0746 -0.0099
v  0.0171 -0.0750 -0.0066
v  0.0161 -0.0754 -0.0033
v  0.0160 -0.0810 -0.0040
v  0.0127 -0.0887 -0.0031
v  0.0141 -0.0884 -0.0057
v  0.0156 -0.0885 -0.0051
v  0.0141 -0.0888 -0.0022
v  0.0169 -0.0877 -0.0115
v  0.0153 -0.0877 -0.0115
v  0.0150 -0.0874 -0.0145
v  0.0166 -0.0873 -0.0148
v  -0.0144 -0.0790 -0.0201
v  -0.0160 -0.0794 -0.0172
v  -0.0161 -0.0738 -0.0165
v  -0.0145 -0.0734 -0.0195
v  -0.0097 -0.0856 -0.0258
v  -0.0123 -0.0858 -0.0236
v  -0.0141 -0.0870 -0.0173
v  -0.0150 -0.0874 -0.0144
v  -0.0166 -0.0873 -0.0148
v  -0.0156 -0.0869 -0.0179
v  -0.0171 -0.0742 -0.0133
v  -0.0170 -0.0798 -0.0139
v  -0.0173 -0.0802 -0.0106
v  -0.0174 -0.0746 -0.0099
v  -0.0160 -0.0865 -0.0180
v  -0.0144 -0.0861 -0.0210
v  -0.0058 -0.0894 0.0025
v  -0.0030 -0.0895 0.0034
v  -0.0033 -0.0897 0.0050
v  -0.0065 -0.0896 0.0040
v  -0.0034 -0.0767 0.0070
v  -0.0034 -0.0822 0.0063
v  0.0000 -0.0823 0.0066
v  0.0000 -0.0767 0.0074
v  -0.0066 -0.0765 0.0061
v  -0.0066 -0.0821 0.0053
v  -0.0094 -0.0894 0.0025
v  -0.0085 -0.0892 0.0011
v  0.0030 -0.0859 -0.0264
v  -0.0000 -0.0859 -0.0267
v  -0.0000 -0.0857 -0.0283
v  0.0033 -0.0857 -0.0280
v  0.0034 -0.0726 -0.0269
v  0.0034 -0.0782 -0.0275
v  -0.0000 -0.0781 -0.0278
v  -0.0000 -0.0725 -0.0272
v  0.0066 -0.0727 -0.0259
v  0.0066 -0.0783 -0.0265
v  0.0096 -0.0785 -0.0249
v  0.0096 -0.0856 -0.0258
v  0.0066 -0.0854 -0.0274
v  -0.0171 -0.0750 -0.0065
v  -0.0170 -0.0806 -0.0072
v  -0.0160 -0.0810 -0.0040
v  -0.0161 -0.0754 -0.0033
v  -0.0153 -0.0877 -0.0115
v  -0.0169 -0.0877 -0.0115
v  -0.0141 -0.0884 -0.0057
v  -0.0127 -0.0887 -0.0030
v  -0.0141 -0.0888 -0.0021
v  -0.0156 -0.0885 -0.0050
v  -0.0145 -0.0758 -0.0003
v  -0.0144 -0.0814 -0.0010
v  -0.0123 -0.0817 0.0016
v  -0.0123 -0.0761 0.0023
v  -0.0170 -0.0877 -0.0081
v  -0.0160 -0.0881 -0.0048
v  -0.0119 -0.0892 0.0004
v  -0.0108 -0.0890 -0.0007
v  0.0144 -0.0790 -0.0202
v  0.0123 -0.0787 -0.0228
v  0.0123 -0.0731 -0.0221
v  0.0145 -0.0734 -0.0195
v  0.0160 -0.0794 -0.0172
v  0.0161 -0.0738 -0.0165
v  0.0141 -0.0870 -0.0173
v  0.0156 -0.0869 -0.0179
v  0.0166 -0.0881 -0.0082
v  0.0150 -0.0881 -0.0086
v  -0.0096 -0.0819 0.0037
v  -0.0096 -0.0763 0.0045
v  -0.0144 -0.0885 -0.0019
v  -0.0122 -0.0888 0.0007
v  -0.0085 -0.0862 -0.0241
v  -0.0094 -0.0860 -0.0255
v  0.0144 -0.0814 -0.0010
v  0.0145 -0.0758 -0.0003
v  0.0123 -0.0817 0.0016
v  0.0123 -0.0761 0.0023
v  0.0085 -0.0892 0.0011
v  0.0108 -0.0890 -0.0008
v  0.0120 -0.0892 0.0004
v  0.0094 -0.0894 0.0025
v  0.0127 -0.0867 -0.0199
v  0.0141 -0.0866 -0.0208
v  -0.0034 -0.0782 -0.0275
v  -0.0034 -0.0726 -0.0269
v  0.0034 -0.0853 -0.0283
v  -0.0000 -0.0852 -0.0287
v  0.0034 -0.0822 0.0063
v  0.0067 -0.0821 0.0053
v  0.0067 -0.0765 0.0060
v  0.0034 -0.0767 0.0070
v  0.0000 -0.0896 0.0037
v  0.0000 -0.0898 0.0053
v  0.0065 -0.0896 0.0040
v  0.0059 -0.0894 0.0025
v  0.0097 -0.0729 -0.0243
v  0.0108 -0.0864 -0.0222
v  0.0120 -0.0863 -0.0234
v  0.0058 -0.0860 -0.0255
v  0.0065 -0.0858 -0.0270
v  0.0170 -0.0798 -0.0140
v  0.0171 -0.0742 -0.0133
v  0.0173 -0.0873 -0.0115
v  0.0170 -0.0877 -0.0081
v  0.0085 -0.0862 -0.0241
v  0.0094 -0.0860 -0.0255
v  0.0097 -0.0819 0.0037
v  0.0097 -0.0763 0.0044
v  0.0067 -0.0892 0.0045
v  0.0034 -0.0893 0.0054
v  -0.0087 -0.0736 0.0116
v  -0.0127 -0.0734 0.0095
v  -0.0162 -0.0730 0.0067
v  -0.0160 -0.0733 0.0065
v  -0.0126 -0.0736 0.0093
v  -0.0087 -0.0739 0.0113
v  -0.0191 -0.0726 0.0032
v  -0.0212 -0.0722 -0.0007
v  -0.0189 -0.0729 0.0030
v  -0.0210 -0.0724 -0.0009
v  -0.0225 -0.0706 -0.0139
v  -0.0230 -0.0711 -0.0094
v  -0.0212 -0.0700 -0.0182
v  -0.0223 -0.0708 -0.0139
v  -0.0210 -0.0703 -0.0181
v  -0.0227 -0.0714 -0.0095
v  -0.0191 -0.0696 -0.0221
v  -0.0163 -0.0691 -0.0256
v  -0.0161 -0.0694 -0.0255
v  -0.0189 -0.0699 -0.0220
v  -0.0045 -0.0684 -0.0318
v  -0.0088 -0.0686 -0.0305
v  -0.0000 -0.0683 -0.0323
v  -0.0045 -0.0687 -0.0316
v  -0.0000 -0.0686 -0.0321
v  -0.0087 -0.0688 -0.0304
v  -0.0225 -0.0716 -0.0050
v  -0.0223 -0.0719 -0.0051
v  -0.0044 -0.0738 0.0129
v  0.0001 -0.0738 0.0133
v  -0.0044 -0.0740 0.0126
v  0.0000 -0.0741 0.0130
v  -0.0128 -0.0688 -0.0284
v  -0.0127 -0.0691 -0.0283
v  0.0127 -0.0736 0.0092
v  0.0128 -0.0734 0.0094
v  0.0088 -0.0736 0.0116
v  0.0087 -0.0739 0.0113
v  0.0163 -0.0730 0.0066
v  0.0161 -0.0733 0.0064
v  0.0189 -0.0729 0.0030
v  0.0191 -0.0726 0.0031
v  0.0212 -0.0721 -0.0008
v  0.0210 -0.0724 -0.0009
v  0.0230 -0.0711 -0.0095
v  0.0227 -0.0714 -0.0096
v  0.0223 -0.0708 -0.0140
v  0.0225 -0.0706 -0.0140
v  0.0210 -0.0703 -0.0182
v  0.0212 -0.0700 -0.0183
v  0.0189 -0.0699 -0.0221
v  0.0191 -0.0696 -0.0222
v  0.0162 -0.0691 -0.0256
v  0.0161 -0.0694 -0.0255
v  0.0044 -0.0687 -0.0317
v  0.0044 -0.0684 -0.0319
v  0.0087 -0.0685 -0.0306
v  0.0087 -0.0688 -0.0304
v  0.0225 -0.0716 -0.0051
v  0.0223 -0.0719 -0.0052
v  0.0097 -0.0704 -0.0241
v  0.0124 -0.0707 -0.0220
v  0.0067 -0.0703 -0.0257
v  0.0035 -0.0743 0.0075
v  0.0000 -0.0743 0.0078
v  0.0067 -0.0741 0.0065
v  0.0045 -0.0740 0.0126
v  0.0045 -0.0738 0.0129
v  0.0126 -0.0691 -0.0283
v  0.0127 -0.0688 -0.0285
v  0.0162 -0.0730 -0.0030
v  0.0172 -0.0726 -0.0062
v  0.0176 -0.0722 -0.0096
v  0.0034 -0.0701 -0.0267
v  -0.0000 -0.0701 -0.0270
v  0.0146 -0.0710 -0.0193
v  0.0162 -0.0714 -0.0163
v  0.0172 -0.0718 -0.0130
v  0.0146 -0.0734 0.0000
v  0.0124 -0.0737 0.0027
v  0.0098 -0.0739 0.0048
v  -0.0098 -0.0704 -0.0241
v  -0.0124 -0.0707 -0.0219
v  -0.0067 -0.0703 -0.0257
v  -0.0034 -0.0743 0.0075
v  -0.0067 -0.0741 0.0065
v  -0.0172 -0.0726 -0.0062
v  -0.0162 -0.0730 -0.0029
v  -0.0175 -0.0722 -0.0096
v  -0.0035 -0.0696 -0.0270
v  -0.0034 -0.0701 -0.0267
v  -0.0162 -0.0714 -0.0163
v  -0.0146 -0.0710 -0.0193
v  -0.0172 -0.0718 -0.0130
v  -0.0124 -0.0737 0.0027
v  -0.0146 -0.0734 0.0001
v  -0.0097 -0.0739 0.0049
v  -0.0038 -0.0693 -0.0285
v  -0.0036 -0.0695 -0.0276
v  -0.0043 -0.0689 -0.0306
v  -0.0040 -0.0691 -0.0296
v  -0.0079 -0.0693 -0.0284
v  -0.0083 -0.0691 -0.0294
v  -0.0000 -0.0689 -0.0311
v  -0.0000 -0.0691 -0.0300
v  -0.0213 -0.0710 -0.0137
v  -0.0202 -0.0711 -0.0135
v  -0.0206 -0.0715 -0.0095
v  -0.0217 -0.0715 -0.0095
v  -0.0190 -0.0706 -0.0173
v  -0.0200 -0.0705 -0.0177
v  -0.0120 -0.0736 0.0084
v  -0.0114 -0.0736 0.0075
v  -0.0079 -0.0738 0.0094
v  -0.0083 -0.0739 0.0104
v  -0.0153 -0.0733 0.0057
v  -0.0145 -0.0733 0.0049
v  0.0206 -0.0715 -0.0096
v  0.0217 -0.0715 -0.0096
v  0.0213 -0.0720 -0.0054
v  0.0202 -0.0720 -0.0056
v  0.0191 -0.0725 -0.0017
v  0.0200 -0.0725 -0.0013
v  -0.0180 -0.0729 0.0024
v  -0.0171 -0.0729 0.0018
v  -0.0200 -0.0725 -0.0013
v  -0.0190 -0.0725 -0.0017
v  -0.0180 -0.0700 -0.0215
v  -0.0171 -0.0702 -0.0209
v  -0.0146 -0.0698 -0.0240
v  -0.0153 -0.0696 -0.0247
v  0.0042 -0.0689 -0.0306
v  0.0040 -0.0691 -0.0296
v  0.0083 -0.0691 -0.0294
v  0.0079 -0.0693 -0.0285
v  -0.0212 -0.0720 -0.0053
v  -0.0202 -0.0720 -0.0055
v  -0.0121 -0.0693 -0.0274
v  -0.0115 -0.0695 -0.0265
v  -0.0042 -0.0740 0.0116
v  -0.0040 -0.0740 0.0105
v  0.0000 -0.0740 0.0109
v  0.0000 -0.0741 0.0120
v  0.0180 -0.0729 0.0024
v  0.0172 -0.0729 0.0018
v  0.0154 -0.0733 0.0057
v  0.0146 -0.0733 0.0049
v  0.0146 -0.0698 -0.0240
v  0.0153 -0.0696 -0.0248
v  0.0180 -0.0700 -0.0215
v  0.0171 -0.0702 -0.0209
v  0.0190 -0.0706 -0.0174
v  0.0200 -0.0705 -0.0178
v  0.0213 -0.0710 -0.0138
v  0.0202 -0.0711 -0.0136
v  0.0120 -0.0693 -0.0274
v  0.0114 -0.0695 -0.0266
v  0.0079 -0.0738 0.0094
v  0.0083 -0.0739 0.0103
v  0.0043 -0.0740 0.0116
v  0.0041 -0.0740 0.0105
v  0.0121 -0.0736 0.0083
v  0.0115 -0.0736 0.0075
v  0.0124 -0.0737 0.0089
v  0.0158 -0.0733 0.0061
v  0.0086 -0.0739 0.0110
v  0.0044 -0.0741 0.0122
v  0.0000 -0.0741 0.0127
v  0.0124 -0.0692 -0.0280
v  0.0085 -0.0690 -0.0300
v  0.0158 -0.0695 -0.0252
v  0.0219 -0.0709 -0.0139
v  0.0206 -0.0704 -0.0181
v  0.0224 -0.0714 -0.0096
v  0.0186 -0.0699 -0.0219
v  0.0186 -0.0729 0.0028
v  0.0207 -0.0725 -0.0011
v  -0.0043 -0.0741 0.0122
v  -0.0085 -0.0739 0.0110
v  -0.0124 -0.0692 -0.0280
v  -0.0158 -0.0695 -0.0252
v  -0.0086 -0.0690 -0.0300
v  -0.0219 -0.0720 -0.0052
v  -0.0206 -0.0725 -0.0010
v  -0.0223 -0.0714 -0.0095
v  0.0043 -0.0688 -0.0313
v  -0.0000 -0.0688 -0.0317
v  -0.0186 -0.0699 -0.0218
v  -0.0207 -0.0704 -0.0180
v  -0.0186 -0.0729 0.0028
v  -0.0158 -0.0733 0.0062
v  0.0219 -0.0720 -0.0052
v  -0.0124 -0.0737 0.0089
v  -0.0219 -0.0709 -0.0138
v  -0.0044 -0.0688 -0.0313
v  0.0030 -0.0895 0.0034
v  -0.0150 -0.0881 -0.0085
v  -0.0096 -0.0890 0.0029
v  0.0123 -0.0888 0.0007
v  0.0097 -0.0890 0.0029
v  -0.0066 -0.0892 0.0045
v  0.0122 -0.0858 -0.0236
v  -0.0067 -0.0854 -0.0273
v  0.0160 -0.0881 -0.0049
v  0.0033 -0.0897 0.0050
v  -0.0034 -0.0893 0.0054
v  0.0000 -0.0894 0.0058
v  0.0170 -0.0869 -0.0148
v  -0.0034 -0.0853 -0.0283
v  -0.0173 -0.0873 -0.0114
v  0.0160 -0.0865 -0.0181
v  0.0144 -0.0861 -0.0210
v  -0.0166 -0.0881 -0.0082
v  -0.0170 -0.0869 -0.0148
v  0.0144 -0.0885 -0.0019
v  0.0095 -0.0859 -0.0257
v  0.0122 -0.0861 -0.0236
v  0.0066 -0.0857 -0.0273
v  0.0034 -0.0896 0.0053
v  0.0000 -0.0897 0.0056
v  0.0066 -0.0895 0.0043
v  0.0169 -0.0880 -0.0082
v  0.0159 -0.0884 -0.0050
v  0.0172 -0.0876 -0.0115
v  0.0033 -0.0856 -0.0283
v  -0.0000 -0.0855 -0.0286
v  0.0143 -0.0865 -0.0210
v  0.0159 -0.0868 -0.0180
v  0.0169 -0.0872 -0.0148
v  0.0122 -0.0891 0.0006
v  0.0143 -0.0887 -0.0020
v  0.0096 -0.0893 0.0027
v  -0.0096 -0.0859 -0.0257
v  -0.0122 -0.0861 -0.0236
v  -0.0066 -0.0857 -0.0273
v  -0.0033 -0.0896 0.0053
v  -0.0066 -0.0895 0.0043
v  -0.0169 -0.0880 -0.0081
v  -0.0159 -0.0884 -0.0049
v  -0.0172 -0.0876 -0.0115
v  -0.0034 -0.0856 -0.0282
v  -0.0143 -0.0865 -0.0210
v  -0.0159 -0.0868 -0.0180
v  -0.0169 -0.0872 -0.0148
v  -0.0143 -0.0887 -0.0020
v  -0.0122 -0.0891 0.0006
v  -0.0095 -0.0893 0.0027
v  -0.0099 -0.0689 -0.0288
v  -0.0099 -0.0701 -0.0289
v  -0.0115 -0.0702 -0.0284
v  -0.0115 -0.0690 -0.0281
v  -0.0089 -0.0705 -0.0260
v  -0.0089 -0.0693 -0.0258
v  -0.0106 -0.0693 -0.0254
v  -0.0106 -0.0706 -0.0255
v  -0.0085 -0.0703 -0.0279
v  -0.0086 -0.0690 -0.0277
v  -0.0119 -0.0704 -0.0268
v  -0.0119 -0.0692 -0.0266
v  -0.0183 -0.0698 -0.0212
v  -0.0183 -0.0710 -0.0214
v  -0.0194 -0.0712 -0.0202
v  -0.0194 -0.0700 -0.0199
v  -0.0159 -0.0713 -0.0194
v  -0.0159 -0.0701 -0.0192
v  -0.0172 -0.0702 -0.0180
v  -0.0171 -0.0714 -0.0181
v  -0.0166 -0.0711 -0.0212
v  -0.0166 -0.0698 -0.0210
v  -0.0189 -0.0714 -0.0186
v  -0.0189 -0.0702 -0.0184
v  -0.0220 -0.0713 -0.0089
v  -0.0217 -0.0711 -0.0106
v  -0.0218 -0.0723 -0.0107
v  -0.0221 -0.0725 -0.0092
v  -0.0187 -0.0724 -0.0102
v  -0.0187 -0.0712 -0.0099
v  -0.0191 -0.0714 -0.0083
v  -0.0191 -0.0726 -0.0084
v  -0.0201 -0.0723 -0.0114
v  -0.0201 -0.0710 -0.0112
v  -0.0209 -0.0727 -0.0080
v  -0.0209 -0.0715 -0.0078
v  -0.0194 -0.0737 0.0002
v  -0.0189 -0.0738 0.0018
v  -0.0187 -0.0726 0.0020
v  -0.0194 -0.0724 0.0004
v  -0.0164 -0.0723 -0.0006
v  -0.0160 -0.0725 0.0011
v  -0.0159 -0.0737 0.0009
v  -0.0164 -0.0735 -0.0008
v  -0.0183 -0.0735 -0.0012
v  -0.0183 -0.0723 -0.0010
v  -0.0172 -0.0739 0.0022
v  -0.0172 -0.0727 0.0023
v  0.0119 -0.0703 -0.0279
v  0.0106 -0.0701 -0.0289
v  0.0105 -0.0689 -0.0288
v  0.0118 -0.0690 -0.0277
v  0.0085 -0.0692 -0.0266
v  0.0085 -0.0704 -0.0267
v  0.0098 -0.0706 -0.0255
v  0.0097 -0.0694 -0.0254
v  0.0116 -0.0705 -0.0261
v  0.0116 -0.0692 -0.0260
v  0.0090 -0.0702 -0.0285
v  0.0090 -0.0690 -0.0283
v  -0.0006 -0.0686 -0.0314
v  0.0011 -0.0686 -0.0311
v  0.0011 -0.0699 -0.0313
v  -0.0005 -0.0698 -0.0316
v  -0.0012 -0.0689 -0.0285
v  -0.0012 -0.0702 -0.0286
v  0.0005 -0.0702 -0.0282
v  0.0004 -0.0690 -0.0281
v  0.0018 -0.0701 -0.0297
v  0.0017 -0.0688 -0.0295
v  -0.0017 -0.0700 -0.0304
v  -0.0017 -0.0688 -0.0302
v  0.0218 -0.0714 -0.0084
v  0.0218 -0.0726 -0.0086
v  0.0221 -0.0724 -0.0102
v  0.0220 -0.0712 -0.0102
v  0.0187 -0.0713 -0.0091
v  0.0192 -0.0711 -0.0107
v  0.0191 -0.0723 -0.0109
v  0.0187 -0.0725 -0.0092
v  0.0202 -0.0727 -0.0079
v  0.0202 -0.0714 -0.0078
v  0.0209 -0.0723 -0.0113
v  0.0209 -0.0711 -0.0112
v  0.0194 -0.0713 -0.0195
v  0.0189 -0.0711 -0.0211
v  0.0188 -0.0698 -0.0210
v  0.0194 -0.0700 -0.0194
v  0.0165 -0.0714 -0.0185
v  0.0164 -0.0702 -0.0184
v  0.0160 -0.0700 -0.0201
v  0.0159 -0.0712 -0.0202
v  0.0184 -0.0714 -0.0182
v  0.0183 -0.0702 -0.0180
v  0.0173 -0.0710 -0.0215
v  0.0173 -0.0698 -0.0213
v  0.0116 -0.0735 0.0091
v  0.0100 -0.0736 0.0097
v  0.0100 -0.0748 0.0096
v  0.0115 -0.0747 0.0091
v  0.0107 -0.0732 0.0064
v  0.0106 -0.0744 0.0062
v  0.0089 -0.0744 0.0067
v  0.0090 -0.0732 0.0068
v  0.0086 -0.0747 0.0085
v  0.0086 -0.0734 0.0087
v  0.0119 -0.0745 0.0075
v  0.0119 -0.0733 0.0076
v  0.0194 -0.0737 0.0009
v  0.0194 -0.0725 0.0009
v  0.0183 -0.0727 0.0022
v  0.0184 -0.0739 0.0021
v  0.0160 -0.0736 0.0001
v  0.0160 -0.0724 0.0001
v  0.0173 -0.0723 -0.0011
v  0.0172 -0.0735 -0.0012
v  0.0166 -0.0726 0.0020
v  0.0166 -0.0739 0.0018
v  0.0190 -0.0736 -0.0008
v  0.0190 -0.0723 -0.0006
v  -0.0106 -0.0748 0.0096
v  -0.0104 -0.0736 0.0097
v  -0.0118 -0.0734 0.0087
v  -0.0118 -0.0747 0.0085
v  -0.0098 -0.0744 0.0062
v  -0.0097 -0.0732 0.0063
v  -0.0085 -0.0733 0.0076
v  -0.0085 -0.0745 0.0074
v  -0.0115 -0.0732 0.0070
v  -0.0116 -0.0745 0.0068
v  -0.0089 -0.0747 0.0091
v  -0.0089 -0.0735 0.0093
v  0.0005 -0.0751 0.0123
v  0.0007 -0.0739 0.0123
v  -0.0011 -0.0738 0.0121
v  -0.0011 -0.0751 0.0120
v  0.0013 -0.0735 0.0095
v  0.0013 -0.0748 0.0093
v  -0.0005 -0.0747 0.0089
v  -0.0004 -0.0735 0.0090
v  -0.0017 -0.0749 0.0103
v  -0.0017 -0.0737 0.0105
v  0.0017 -0.0750 0.0111
v  0.0017 -0.0738 0.0112
v  -0.0469 -0.0162 -0.0229
v  -0.0476 -0.0161 -0.0217
v  -0.0476 -0.0160 -0.0198
v  -0.0469 -0.0159 -0.0190
v  -0.0438 -0.0162 -0.0229
v  -0.0438 -0.0161 -0.0187
v  -0.0469 -0.0234 -0.0181
v  -0.0476 -0.0234 -0.0189
v  -0.0477 -0.0238 -0.0211
v  -0.0469 -0.0239 -0.0224
v  -0.0438 -0.0232 -0.0180
v  -0.0439 -0.0239 -0.0222
v  -0.0476 -0.0227 -0.0235
v  -0.0477 -0.0215 -0.0242
v  -0.0469 -0.0200 -0.0250
v  -0.0439 -0.0200 -0.0250
v  -0.0476 -0.0172 -0.0236
v  -0.0476 -0.0167 -0.0183
v  -0.0476 -0.0189 -0.0245
v  -0.0476 -0.0221 -0.0175
v  -0.0476 -0.0209 -0.0169
v  -0.0476 -0.0184 -0.0170
v  -0.0469 -0.0192 -0.0164
v  -0.0439 -0.0192 -0.0165
v  -0.0468 -0.0050 0.0258
v  -0.0475 -0.0052 0.0246
v  -0.0475 -0.0054 0.0227
v  -0.0438 -0.0053 0.0215
v  -0.0468 -0.0056 0.0218
v  -0.0438 -0.0050 0.0258
v  -0.0475 0.0020 0.0214
v  -0.0476 0.0024 0.0235
v  -0.0468 0.0026 0.0249
v  -0.0468 0.0019 0.0206
v  -0.0438 0.0017 0.0205
v  -0.0438 0.0027 0.0247
v  -0.0475 0.0015 0.0260
v  -0.0438 -0.0011 0.0276
v  -0.0476 0.0004 0.0268
v  -0.0468 -0.0012 0.0277
v  -0.0475 -0.0040 0.0264
v  -0.0475 -0.0023 0.0272
v  -0.0475 -0.0047 0.0211
v  -0.0475 0.0006 0.0200
v  -0.0475 -0.0006 0.0195
v  -0.0475 -0.0031 0.0197
v  -0.0439 -0.0024 0.0191
v  -0.0468 -0.0024 0.0191
v  -0.0444 0.0274 0.0070
v  -0.0474 0.0274 0.0071
v  -0.0481 0.0262 0.0072
v  -0.0481 0.0243 0.0073
v  -0.0474 0.0235 0.0074
v  -0.0444 0.0232 0.0071
v  -0.0474 0.0226 -0.0001
v  -0.0482 0.0234 -0.0001
v  -0.0482 0.0255 -0.0005
v  -0.0444 0.0225 0.0000
v  -0.0474 0.0269 -0.0006
v  -0.0445 0.0267 -0.0007
v  -0.0481 0.0280 0.0006
v  -0.0482 0.0287 0.0017
v  -0.0474 0.0295 0.0033
v  -0.0444 0.0295 0.0033
v  -0.0481 0.0281 0.0061
v  -0.0481 0.0228 0.0066
v  -0.0481 0.0290 0.0044
v  -0.0481 0.0219 0.0011
v  -0.0481 0.0214 0.0024
v  -0.0481 0.0215 0.0048
v  -0.0474 0.0209 0.0041
v  -0.0445 0.0209 0.0041
v  -0.0469 0.0091 -0.0267
v  -0.0476 0.0092 -0.0255
v  -0.0476 0.0093 -0.0236
v  -0.0469 0.0094 -0.0228
v  -0.0438 0.0092 -0.0225
v  -0.0438 0.0090 -0.0268
v  -0.0469 0.0019 -0.0219
v  -0.0476 0.0019 -0.0227
v  -0.0477 0.0015 -0.0249
v  -0.0439 0.0014 -0.0261
v  -0.0469 0.0014 -0.0263
v  -0.0438 0.0021 -0.0218
v  -0.0476 0.0026 -0.0273
v  -0.0477 0.0038 -0.0281
v  -0.0469 0.0053 -0.0288
v  -0.0438 0.0053 -0.0288
v  -0.0476 0.0086 -0.0221
v  -0.0476 0.0081 -0.0274
v  -0.0476 0.0064 -0.0283
v  -0.0476 0.0032 -0.0213
v  -0.0476 0.0044 -0.0207
v  -0.0476 0.0069 -0.0208
v  -0.0469 0.0061 -0.0203
v  -0.0439 0.0061 -0.0203
v  -0.0468 -0.0287 0.0160
v  -0.0475 -0.0289 0.0148
v  -0.0476 -0.0290 0.0130
v  -0.0469 -0.0292 0.0121
v  -0.0438 -0.0290 0.0118
v  -0.0438 -0.0286 0.0160
v  -0.0469 -0.0217 0.0108
v  -0.0476 -0.0217 0.0117
v  -0.0476 -0.0212 0.0138
v  -0.0468 -0.0210 0.0152
v  -0.0439 -0.0210 0.0149
v  -0.0438 -0.0219 0.0108
v  -0.0475 -0.0222 0.0163
v  -0.0468 -0.0248 0.0179
v  -0.0476 -0.0233 0.0171
v  -0.0438 -0.0248 0.0179
v  -0.0476 -0.0277 0.0167
v  -0.0475 -0.0259 0.0175
v  -0.0476 -0.0284 0.0114
v  -0.0476 -0.0230 0.0103
v  -0.0476 -0.0243 0.0098
v  -0.0476 -0.0268 0.0100
v  -0.0469 -0.0260 0.0094
v  -0.0439 -0.0260 0.0094
v  -0.0472 -0.0521 0.0064
v  -0.0479 -0.0522 0.0051
v  -0.0479 -0.0524 0.0033
v  -0.0442 -0.0523 0.0021
v  -0.0472 -0.0526 0.0024
v  -0.0442 -0.0520 0.0064
v  -0.0472 -0.0451 0.0012
v  -0.0479 -0.0451 0.0020
v  -0.0480 -0.0446 0.0041
v  -0.0442 -0.0444 0.0053
v  -0.0472 -0.0444 0.0055
v  -0.0442 -0.0453 0.0011
v  -0.0479 -0.0456 0.0066
v  -0.0472 -0.0482 0.0082
v  -0.0480 -0.0467 0.0074
v  -0.0442 -0.0482 0.0082
v  -0.0479 -0.0518 0.0017
v  -0.0479 -0.0493 0.0078
v  -0.0479 -0.0510 0.0070
v  -0.0479 -0.0464 0.0006
v  -0.0479 -0.0477 0.0001
v  -0.0479 -0.0501 0.0003
v  -0.0442 -0.0494 -0.0003
v  -0.0472 -0.0494 -0.0003
v  -0.0442 -0.0411 -0.0205
v  -0.0472 -0.0410 -0.0204
v  -0.0479 -0.0409 -0.0192
v  -0.0442 -0.0410 -0.0162
v  -0.0479 -0.0409 -0.0173
v  -0.0472 -0.0407 -0.0165
v  -0.0472 -0.0482 -0.0156
v  -0.0479 -0.0483 -0.0164
v  -0.0480 -0.0486 -0.0186
v  -0.0472 -0.0488 -0.0200
v  -0.0443 -0.0488 -0.0198
v  -0.0442 -0.0481 -0.0156
v  -0.0479 -0.0475 -0.0210
v  -0.0480 -0.0464 -0.0218
v  -0.0472 -0.0448 -0.0225
v  -0.0442 -0.0449 -0.0225
v  -0.0479 -0.0416 -0.0158
v  -0.0480 -0.0420 -0.0211
v  -0.0479 -0.0437 -0.0220
v  -0.0479 -0.0433 -0.0145
v  -0.0479 -0.0470 -0.0150
v  -0.0479 -0.0458 -0.0144
v  -0.0472 -0.0440 -0.0140
v  -0.0443 -0.0440 -0.0140
v  0.0439 -0.0162 -0.0231
v  0.0439 -0.0161 -0.0188
v  0.0470 -0.0159 -0.0191
v  0.0477 -0.0161 -0.0219
v  0.0477 -0.0160 -0.0200
v  0.0470 -0.0162 -0.0231
v  0.0440 -0.0239 -0.0224
v  0.0470 -0.0239 -0.0226
v  0.0477 -0.0238 -0.0212
v  0.0439 -0.0232 -0.0182
v  0.0477 -0.0234 -0.0191
v  0.0470 -0.0234 -0.0182
v  0.0439 -0.0200 -0.0251
v  0.0470 -0.0200 -0.0252
v  0.0477 -0.0215 -0.0244
v  0.0477 -0.0227 -0.0236
v  0.0477 -0.0167 -0.0185
v  0.0477 -0.0184 -0.0172
v  0.0477 -0.0209 -0.0170
v  0.0477 -0.0221 -0.0176
v  0.0477 -0.0189 -0.0246
v  0.0477 -0.0172 -0.0238
v  0.0440 -0.0192 -0.0166
v  0.0470 -0.0192 -0.0166
v  0.0440 -0.0050 0.0256
v  0.0440 -0.0053 0.0214
v  0.0470 -0.0056 0.0217
v  0.0477 -0.0054 0.0225
v  0.0477 -0.0052 0.0244
v  0.0470 -0.0050 0.0256
v  0.0440 0.0027 0.0245
v  0.0470 0.0026 0.0247
v  0.0478 0.0024 0.0234
v  0.0477 0.0020 0.0213
v  0.0470 0.0019 0.0204
v  0.0440 0.0017 0.0204
v  0.0440 -0.0011 0.0275
v  0.0470 -0.0012 0.0275
v  0.0478 0.0004 0.0267
v  0.0477 0.0015 0.0259
v  0.0477 -0.0047 0.0210
v  0.0477 -0.0031 0.0196
v  0.0477 -0.0006 0.0194
v  0.0477 -0.0023 0.0271
v  0.0477 0.0006 0.0199
v  0.0477 -0.0040 0.0263
v  0.0440 -0.0024 0.0190
v  0.0470 -0.0024 0.0190
v  0.0445 0.0232 0.0070
v  0.0476 0.0235 0.0073
v  0.0483 0.0243 0.0071
v  0.0483 0.0262 0.0071
v  0.0476 0.0274 0.0070
v  0.0445 0.0274 0.0069
v  0.0445 0.0225 -0.0001
v  0.0446 0.0267 -0.0008
v  0.0476 0.0269 -0.0008
v  0.0483 0.0255 -0.0006
v  0.0483 0.0234 -0.0003
v  0.0476 0.0226 -0.0003
v  0.0476 0.0295 0.0032
v  0.0483 0.0287 0.0016
v  0.0483 0.0280 0.0005
v  0.0445 0.0295 0.0031
v  0.0483 0.0215 0.0047
v  0.0483 0.0214 0.0022
v  0.0483 0.0219 0.0010
v  0.0483 0.0281 0.0059
v  0.0483 0.0290 0.0043
v  0.0483 0.0228 0.0064
v  0.0446 0.0209 0.0039
v  0.0476 0.0209 0.0039
v  0.0439 0.0092 -0.0226
v  0.0469 0.0094 -0.0229
v  0.0476 0.0093 -0.0238
v  0.0476 0.0092 -0.0257
v  0.0469 0.0091 -0.0269
v  0.0439 0.0090 -0.0269
v  0.0439 0.0021 -0.0220
v  0.0440 0.0014 -0.0262
v  0.0469 0.0014 -0.0264
v  0.0477 0.0015 -0.0250
v  0.0476 0.0019 -0.0229
v  0.0469 0.0019 -0.0220
v  0.0439 0.0053 -0.0289
v  0.0469 0.0053 -0.0290
v  0.0477 0.0038 -0.0282
v  0.0476 0.0026 -0.0274
v  0.0476 0.0086 -0.0223
v  0.0476 0.0069 -0.0210
v  0.0476 0.0044 -0.0208
v  0.0476 0.0032 -0.0214
v  0.0476 0.0064 -0.0285
v  0.0476 0.0081 -0.0276
v  0.0440 0.0061 -0.0204
v  0.0469 0.0061 -0.0204
v  0.0440 -0.0290 0.0117
v  0.0470 -0.0292 0.0120
v  0.0477 -0.0290 0.0128
v  0.0470 -0.0287 0.0159
v  0.0477 -0.0289 0.0147
v  0.0440 -0.0286 0.0159
v  0.0440 -0.0219 0.0107
v  0.0440 -0.0210 0.0148
v  0.0470 -0.0210 0.0150
v  0.0477 -0.0217 0.0115
v  0.0478 -0.0212 0.0136
v  0.0470 -0.0217 0.0107
v  0.0440 -0.0248 0.0178
v  0.0470 -0.0248 0.0178
v  0.0478 -0.0233 0.0169
v  0.0477 -0.0222 0.0161
v  0.0477 -0.0284 0.0113
v  0.0477 -0.0268 0.0099
v  0.0477 -0.0243 0.0096
v  0.0477 -0.0230 0.0101
v  0.0477 -0.0259 0.0173
v  0.0477 -0.0277 0.0165
v  0.0440 -0.0260 0.0093
v  0.0470 -0.0260 0.0093
v  0.0443 -0.0523 0.0020
v  0.0473 -0.0526 0.0023
v  0.0480 -0.0524 0.0031
v  0.0473 -0.0521 0.0062
v  0.0480 -0.0522 0.0050
v  0.0443 -0.0520 0.0062
v  0.0444 -0.0444 0.0051
v  0.0473 -0.0444 0.0053
v  0.0481 -0.0446 0.0039
v  0.0480 -0.0451 0.0018
v  0.0473 -0.0451 0.0010
v  0.0443 -0.0453 0.0010
v  0.0443 -0.0482 0.0081
v  0.0473 -0.0482 0.0081
v  0.0480 -0.0456 0.0064
v  0.0481 -0.0467 0.0072
v  0.0480 -0.0518 0.0016
v  0.0480 -0.0501 0.0002
v  0.0480 -0.0477 -0.0001
v  0.0480 -0.0464 0.0004
v  0.0480 -0.0493 0.0077
v  0.0481 -0.0510 0.0069
v  0.0444 -0.0494 -0.0004
v  0.0473 -0.0494 -0.0004
v  0.0443 -0.0410 -0.0163
v  0.0473 -0.0407 -0.0166
v  0.0480 -0.0409 -0.0175
v  0.0443 -0.0411 -0.0206
v  0.0480 -0.0409 -0.0194
v  0.0473 -0.0410 -0.0206
v  0.0443 -0.0488 -0.0199
v  0.0473 -0.0488 -0.0201
v  0.0481 -0.0486 -0.0187
v  0.0473 -0.0482 -0.0157
v  0.0480 -0.0483 -0.0166
v  0.0443 -0.0481 -0.0157
v  0.0473 -0.0448 -0.0227
v  0.0481 -0.0464 -0.0219
v  0.0480 -0.0475 -0.0211
v  0.0443 -0.0449 -0.0226
v  0.0480 -0.0416 -0.0160
v  0.0480 -0.0433 -0.0147
v  0.0480 -0.0458 -0.0145
v  0.0480 -0.0470 -0.0151
v  0.0480 -0.0437 -0.0222
v  0.0480 -0.0420 -0.0213
v  0.0443 -0.0440 -0.0141
v  0.0473 -0.0440 -0.0141
# 2505 vertices

vn 0.2143 0.9071 0.3623
vn 0.3432 0.7350 0.5847
vn 0.3398 0.7351 0.5867
vn 0.2110 0.9071 0.3642
vn 0.0601 0.9928 0.1038
vn 0.0635 0.9928 0.1019
vn 0.4362 0.5042 0.7453
vn 0.4898 0.2413 0.8378
vn 0.4864 0.2413 0.8398
vn 0.4328 0.5042 0.7473
vn 0.5012 0.0104 0.8653
vn 0.5046 0.0104 0.8633
vn 0.5004 -0.1298 0.8560
vn 0.4970 -0.1298 0.8580
vn 0.3419 -0.7374 0.5825
vn 0.2418 -0.8796 0.4097
vn 0.2384 -0.8796 0.4116
vn 0.3385 -0.7374 0.5845
vn 0.4082 -0.5804 0.7047
vn 0.4116 -0.5804 0.7027
vn 0.0999 -0.9813 0.1648
vn -0.0568 -0.9928 -0.1058
vn -0.0601 -0.9928 -0.1038
vn 0.0966 -0.9813 0.1667
vn -0.3366 -0.7410 -0.5811
vn -0.2110 -0.9071 -0.3642
vn -0.2076 -0.9071 -0.3662
vn -0.3332 -0.7410 -0.5830
vn -0.4134 -0.5553 -0.7216
vn -0.4623 -0.3697 -0.8060
vn -0.4657 -0.3697 -0.8040
vn -0.4168 -0.5553 -0.7196
vn -0.4982 0.1101 -0.8601
vn -0.4985 -0.1036 -0.8607
vn -0.4950 -0.1036 -0.8627
vn -0.4947 0.1101 -0.8620
vn -0.3568 0.6954 -0.6238
vn -0.2389 0.8754 -0.4202
vn -0.2423 0.8754 -0.4183
vn -0.3602 0.6954 -0.6218
vn -0.4436 0.4655 -0.7658
vn -0.4402 0.4655 -0.7678
vn -0.0932 0.9813 -0.1687
vn -0.0966 0.9813 -0.1667
vn 0.9621 0.1771 -0.2076
vn 0.9806 0.0847 -0.1769
vn 0.9038 0.0208 -0.4275
vn 0.8994 0.0435 -0.4350
vn 0.9295 0.2591 -0.2624
vn 0.8915 0.0637 -0.4485
vn 0.8725 0.3983 0.2830
vn 0.7981 0.5816 0.1577
vn 0.9157 0.1902 0.3539
vn 0.6930 -0.1672 -0.7013
vn 0.6666 -0.1148 -0.7366
vn 0.8301 -0.0225 -0.5572
vn 0.8399 -0.0282 -0.5420
vn 0.8478 -0.0363 -0.5290
vn 0.7217 -0.2259 -0.6543
vn 0.2759 -0.5795 -0.7668
vn 0.2157 -0.4291 -0.8771
vn 0.1776 -0.2833 -0.9424
vn 0.7973 -0.3347 -0.5023
vn 0.8602 -0.0732 -0.5047
vn 0.8709 -0.0816 -0.4845
vn 0.8456 -0.3417 -0.4100
vn 0.8939 -0.3088 -0.3249
vn 0.8827 -0.0757 -0.4639
vn 0.6065 -0.7759 -0.1737
vn 0.7185 -0.6953 0.0186
vn 0.4858 -0.7839 -0.3867
vn 0.8309 0.3502 -0.4324
vn 0.8673 0.0861 -0.4903
vn 0.8537 0.0851 -0.5138
vn 0.7757 0.3460 -0.5278
vn 0.7245 0.3085 -0.6164
vn 0.8411 0.0759 -0.5356
vn 0.4526 0.7765 -0.4384
vn 0.3375 0.6926 -0.6375
vn 0.5765 0.7857 -0.2242
vn 0.9820 -0.0430 -0.1840
vn 0.9031 -0.0104 -0.4292
vn 0.9043 0.0010 -0.4270
vn 0.9846 0.0041 -0.1747
vn 0.9301 0.0080 0.3672
vn 0.9297 -0.1013 0.3540
vn 0.8218 0.0094 -0.5697
vn 0.8222 -0.0061 -0.5692
vn 0.6449 -0.0310 -0.7637
vn 0.6481 0.0380 -0.7606
vn 0.1477 -0.0786 -0.9859
vn 0.1545 0.0860 -0.9842
vn 0.8804 0.0787 -0.4677
vn 0.8841 0.3198 -0.3406
vn 0.6960 0.7178 -0.0182
vn 0.7567 -0.2896 -0.5861
vn 0.8534 -0.0537 -0.5185
vn 0.3719 -0.7140 -0.5933
vn 0.8908 -0.0626 -0.4501
vn 0.9286 -0.2552 -0.2692
vn 0.8962 -0.0487 -0.4410
vn 0.9522 -0.1991 -0.2317
vn 0.8010 -0.5796 0.1498
vn 0.8583 -0.4539 0.2392
vn 0.8311 0.0600 -0.5529
vn 0.6843 0.2441 -0.6872
vn 0.8242 0.0400 -0.5649
vn 0.6564 0.1629 -0.7367
vn 0.2461 0.5493 -0.7986
vn 0.1824 0.3670 -0.9122
vn -0.1042 -0.3440 -0.9332
vn -0.4161 -0.3690 -0.8311
vn -0.3696 -0.5544 -0.7456
vn -0.0674 -0.5169 -0.8534
vn -0.2903 -0.7399 -0.6068
vn 0.0083 -0.6884 -0.7253
vn 0.5921 -0.2431 -0.7683
vn 0.6355 -0.3183 -0.7034
vn 0.5726 -0.1583 -0.8044
vn 0.3815 0.9197 -0.0925
vn 0.1089 0.9912 0.0753
vn -0.0476 0.9797 -0.1948
vn 0.2360 0.9092 -0.3430
vn -0.1930 0.8740 -0.4459
vn 0.1011 0.8111 -0.5760
vn 0.6511 0.4099 -0.6388
vn 0.7195 0.4593 -0.5210
vn 0.7931 0.4641 -0.3946
vn 0.5458 -0.1296 0.8278
vn 0.5497 0.0104 0.8353
vn 0.7887 0.0103 0.6147
vn 0.7841 -0.1197 0.6089
vn 0.5349 0.2409 0.8099
vn 0.7769 0.2240 0.5884
vn 0.9922 0.1135 -0.0511
vn 0.9993 0.0070 -0.0356
vn 0.9973 -0.0588 -0.0442
vn -0.1642 -0.9058 -0.3905
vn 0.1264 -0.8419 -0.5247
vn -0.0123 -0.9913 -0.1312
vn 0.2685 -0.9204 -0.2841
vn 0.6919 -0.3875 -0.6092
vn 0.7575 -0.4223 -0.4978
vn -0.3107 0.6943 -0.6492
vn -0.0086 0.6448 -0.7643
vn -0.3936 0.4648 -0.7931
vn -0.0841 0.4316 -0.8981
vn 0.5550 0.2192 -0.8025
vn 0.5935 0.3274 -0.7353
vn 0.4811 0.5034 0.7177
vn 0.7261 0.4676 0.5041
vn 0.3882 0.7339 0.5574
vn 0.6404 0.6811 0.3550
vn 0.9238 0.3441 -0.1682
vn 0.9673 0.2370 -0.0908
vn 0.1450 -0.9797 0.1384
vn 0.4146 -0.9094 -0.0338
vn 0.2869 -0.8782 0.3827
vn 0.5458 -0.8154 0.1931
vn 0.8246 -0.4166 -0.3828
vn 0.8850 -0.3728 -0.2789
vn -0.4477 0.1100 -0.8874
vn -0.4472 -0.1033 -0.8885
vn -0.1248 -0.0948 -0.9876
vn -0.1391 0.1029 -0.9849
vn 0.5571 -0.0394 -0.8295
vn 0.5214 0.0540 -0.8516
vn 0.2595 0.9057 0.3353
vn 0.5209 0.8405 0.1489
vn 0.8634 0.4246 -0.2724
vn 0.3870 -0.7363 0.5551
vn 0.6366 -0.6849 0.3545
vn 0.7053 -0.5385 0.4610
vn 0.4575 -0.5795 0.6745
vn 0.9576 -0.2434 -0.1539
vn 0.9273 -0.3163 -0.2002
vn 0.8645 -0.0129 -0.5025
vn 0.8656 0.0049 -0.5007
vn 0.8648 0.0049 -0.5020
vn 0.8665 -0.0127 -0.4990
vn 0.8643 0.0052 -0.5029
vn 0.8681 -0.0090 -0.4963
vn 0.4002 0.6330 -0.6626
vn 0.5225 0.7148 -0.4648
vn 0.6362 0.7237 -0.2674
vn 0.9803 -0.1759 0.0894
vn 0.9098 0.0194 -0.4146
vn 0.8851 0.0373 -0.4638
vn 0.9895 -0.0806 -0.1197
vn 0.8727 0.0290 -0.4874
vn 0.9410 -0.0033 -0.3384
vn 0.8859 -0.0646 0.4594
vn 0.7678 -0.2734 0.5794
vn 0.6823 -0.3401 0.6471
vn 0.8626 0.0115 -0.5057
vn 0.8570 0.0092 -0.5152
vn 0.8516 0.0215 -0.5237
vn 0.7956 0.0218 -0.6055
vn 0.1107 0.1337 -0.9848
vn 0.2516 0.4296 -0.8673
vn 0.8663 0.0142 -0.4994
vn 0.8808 0.0123 -0.4734
vn 0.8665 0.0050 -0.4992
vn 0.8617 -0.0061 -0.5073
vn 0.8436 0.5267 0.1046
vn 0.9155 0.2705 0.2978
vn 0.5039 -0.0378 -0.8629
vn 0.7913 0.0180 -0.6112
vn 0.6958 0.0288 -0.7176
vn 0.2824 -0.0453 -0.9582
vn 0.5822 0.1747 -0.7940
vn -0.2097 -0.0178 -0.9776
vn -0.5609 -0.3522 -0.7493
vn -0.3246 -0.1850 -0.9276
vn -0.1493 -0.1138 -0.9822
vn 0.8664 0.0045 -0.4994
vn 0.8625 -0.0118 -0.5059
vn 0.7465 0.6608 -0.0781
vn -0.2452 -0.9695 0.0066
vn -0.0741 -0.9926 -0.0957
vn -0.0127 -0.9998 0.0141
vn -0.2037 -0.9701 0.1322
vn -0.2495 -0.8963 0.3666
vn 0.0640 -0.9843 0.1648
vn -0.6555 -0.5953 0.4646
vn -0.6855 -0.6114 0.3953
vn -0.6776 -0.6721 0.2986
vn -0.7830 -0.1231 -0.6097
vn -0.5181 -0.1257 -0.8460
vn -0.5255 -0.2092 -0.8247
vn -0.8564 -0.2143 -0.4697
vn -0.8547 -0.3880 -0.3449
vn -0.4993 -0.4473 -0.7421
vn -0.9366 -0.1243 0.3276
vn -0.9878 -0.1018 0.1178
vn -0.9979 -0.0636 0.0127
vn -0.0053 0.6669 0.7451
vn 0.3272 0.7166 0.6160
vn 0.1866 0.9069 0.3777
vn -0.1520 0.8334 0.5314
vn -0.2947 0.9081 0.2975
vn 0.0354 0.9924 0.1181
vn -0.7393 0.4594 0.4924
vn -0.6638 0.4239 0.6162
vn -0.5789 0.3465 0.7381
vn -0.3653 -0.9273 0.0820
vn -0.7760 -0.5004 0.3840
vn -0.6848 -0.5794 0.4420
vn -0.2791 -0.9431 0.1806
vn -0.5056 -0.7004 0.5038
vn -0.1366 -0.9440 0.3004
vn -0.2440 -0.7384 0.6287
vn 0.1255 -0.8537 0.5054
vn 0.3175 -0.5597 0.7655
vn 0.1881 -0.8843 0.4274
vn 0.3289 -0.6468 0.6880
vn -0.7532 -0.6249 -0.2053
vn -0.4680 -0.7104 -0.5256
vn -0.4497 -0.8699 -0.2025
vn -0.7710 -0.6303 0.0911
vn -0.3758 -0.7484 -0.5465
vn -0.2260 -0.9143 -0.3361
vn -0.1204 0.9810 -0.1524
vn -0.2759 0.8620 -0.4252
vn 0.4623 -0.2873 0.8389
vn 0.4828 -0.0561 0.8739
vn 0.4467 -0.3583 0.8198
vn 0.5579 0.8026 -0.2110
vn 0.1379 0.9887 0.0582
vn -0.0182 0.9773 -0.2112
vn 0.4307 0.7937 -0.4296
vn -0.1632 0.8719 -0.4618
vn 0.3129 0.7081 -0.6330
vn 0.2161 0.5634 -0.7974
vn -0.2806 0.6927 -0.6644
vn -0.3632 0.4638 -0.8081
vn 0.1505 0.3768 -0.9140
vn -0.4172 0.1099 -0.9021
vn -0.4152 -0.1029 -0.9039
vn 0.1195 -0.0824 -0.9894
vn 0.0941 0.0904 -0.9915
vn -0.3840 -0.3687 -0.8466
vn 0.1323 -0.3003 -0.9446
vn -0.3370 -0.5534 -0.7617
vn 0.1642 -0.4525 -0.8765
vn -0.2572 -0.7380 -0.6238
vn 0.2353 -0.6001 -0.7645
vn -0.1321 -0.9034 -0.4079
vn 0.3382 -0.7337 -0.5893
vn 0.0182 -0.9887 -0.1486
vn 0.4606 -0.8026 -0.3789
vn 0.5869 -0.7937 -0.1599
vn 0.1742 -0.9773 0.1209
vn 0.3154 -0.8761 0.3647
vn 0.7008 -0.7123 0.0390
vn 0.7783 -0.6005 0.1835
vn 0.4151 -0.7347 0.5366
vn 0.4859 -0.5784 0.6552
vn 0.8385 -0.4706 0.2746
vn 0.5738 -0.1290 0.8088
vn 0.5776 0.0105 0.8162
vn 0.9112 0.0089 0.4119
vn 0.9059 -0.1054 0.4101
vn 0.5629 0.2405 0.7907
vn 0.9023 0.1956 0.3841
vn 0.5091 0.5023 0.6990
vn 0.8581 0.4086 0.3110
vn 0.4165 0.7321 0.5391
vn 0.7837 0.5946 0.1798
vn 0.2881 0.9034 0.3175
vn 0.6795 0.7337 -0.0001
vn 0.7395 0.1833 -0.6477
vn 0.7714 0.2296 -0.5934
vn 0.7185 0.1219 -0.6848
vn 0.8572 0.0152 -0.5148
vn 0.8554 0.0101 -0.5178
vn 0.8598 0.0191 -0.5102
vn 0.9248 -0.1983 -0.3246
vn 0.8976 -0.2318 -0.3748
vn 0.9427 -0.1519 -0.2972
vn 0.8727 -0.0165 -0.4879
vn 0.8741 -0.0126 -0.4856
vn 0.8704 -0.0193 -0.4921
vn 0.7797 -0.2379 -0.5792
vn 0.7459 -0.1952 -0.6368
vn 0.8194 -0.2599 -0.5109
vn 0.8639 -0.0211 -0.5032
vn 0.8608 -0.0189 -0.5086
vn 0.8582 -0.0152 -0.5131
vn 0.9242 0.1928 -0.3297
vn 0.8904 0.2379 -0.3881
vn 0.8509 0.2599 -0.4566
vn 0.8697 0.0198 -0.4931
vn 0.8664 0.0216 -0.4988
vn 0.8725 0.0160 -0.4883
vn 0.7113 -0.0266 -0.7024
vn 0.6959 0.0295 -0.7175
vn 0.7118 -0.0963 -0.6958
vn 0.8548 -0.0021 -0.5190
vn 0.8551 -0.0077 -0.5183
vn 0.8538 0.0024 -0.5206
vn 0.9684 0.0023 -0.2495
vn 0.9683 -0.0362 -0.2473
vn 0.9627 0.0630 -0.2631
vn 0.8763 0.0002 -0.4817
vn 0.8757 0.0052 -0.4828
vn 0.8764 -0.0030 -0.4816
vn 0.8097 0.2574 -0.5274
vn 0.8630 0.0214 -0.5047
vn 0.8604 -0.2574 -0.4399
vn 0.8672 -0.0213 -0.4974
vn 0.7207 -0.1491 -0.6770
vn 0.8562 -0.0117 -0.5166
vn 0.9489 0.1328 -0.2861
vn 0.8746 0.0110 -0.4847
vn 0.8607 0.0164 -0.5089
vn 0.8585 0.0129 -0.5126
vn 0.8570 0.0086 -0.5152
vn 0.8696 -0.0163 -0.4935
vn 0.8713 -0.0134 -0.4906
vn 0.8725 -0.0105 -0.4886
vn 0.8626 -0.0058 -0.5058
vn 0.8636 -0.0098 -0.5042
vn 0.8648 -0.0148 -0.5019
vn 0.8715 0.0137 -0.4902
vn 0.8691 0.0170 -0.4943
vn 0.8663 0.0186 -0.4992
vn 0.8565 0.0020 -0.5161
vn 0.8566 -0.0012 -0.5160
vn 0.8585 -0.0042 -0.5127
vn 0.8742 0.0002 -0.4856
vn 0.8739 -0.0022 -0.4861
vn 0.8741 0.0045 -0.4857
vn 0.8634 0.0183 -0.5042
vn 0.8671 -0.0173 -0.4979
vn 0.8609 -0.0047 -0.5087
vn 0.8732 0.0094 -0.4873
vn 0.3955 -0.8641 0.3112
vn 0.4952 -0.7239 0.4803
vn 0.5663 -0.5689 0.5964
vn 0.4951 0.7222 0.4831
vn 0.3684 0.8912 0.2645
vn 0.2202 0.9754 0.0087
vn -0.3239 0.1077 -0.9399
vn -0.3235 -0.1013 -0.9408
vn -0.2957 -0.3610 -0.8844
vn 0.0991 -0.9762 -0.1929
vn 0.2553 -0.9642 0.0713
vn 0.6403 0.2367 0.7308
vn 0.5868 0.4952 0.6407
vn -0.0769 0.8601 -0.5044
vn -0.1924 0.6830 -0.7046
vn -0.2733 0.4570 -0.8465
vn -0.1781 -0.7292 -0.6608
vn -0.0525 -0.8929 -0.4472
vn 0.6557 0.0098 0.7549
vn 0.6530 -0.1279 0.7465
vn 0.0662 0.9641 -0.2571
vn -0.2545 -0.5448 -0.7990
vn 0.8872 0.0139 -0.4611
vn 0.8798 0.0176 -0.4751
vn 0.8770 0.0238 -0.4799
vn 0.8962 0.1032 -0.4314
vn 0.9063 0.0827 -0.4145
vn 0.9177 0.0657 -0.3919
vn 0.8506 0.0391 -0.5244
vn 0.8386 0.0446 -0.5429
vn 0.8171 0.0521 -0.5742
vn 0.7574 0.1350 -0.6389
vn 0.7928 0.1333 -0.5947
vn 0.8211 0.1331 -0.5550
vn 0.8871 0.0521 -0.4587
vn 0.8782 0.0646 -0.4740
vn 0.8674 0.0706 -0.4926
vn 0.8655 0.0036 -0.5008
vn 0.8661 0.0033 -0.4999
vn 0.8658 0.0024 -0.5004
vn 0.9129 0.0001 -0.4081
vn 0.8793 0.0036 -0.4763
vn 0.9463 0.0447 -0.3202
vn 0.9528 0.0167 -0.3031
vn 0.8668 0.0336 -0.4975
vn 0.8603 0.0352 -0.5086
vn 0.8464 0.1338 -0.5155
vn 0.8654 0.1327 -0.4832
vn 0.8912 0.0349 -0.4524
vn 0.8830 0.0173 -0.4690
vn 0.8589 0.0025 -0.5122
vn 0.8309 0.0134 -0.5563
vn 0.8460 0.0622 -0.5295
vn 0.8391 0.0485 -0.5418
vn 0.8411 0.0291 -0.5401
vn 0.8690 0.0006 -0.4949
vn 0.8852 -0.0009 -0.4651
vn 0.8649 0.0028 -0.5019
vn 0.8722 0.0299 -0.4882
vn 0.8818 0.1221 -0.4556
vn 0.8616 0.0090 -0.5076
vn 0.8149 0.0241 -0.5792
vn 0.7617 0.0478 -0.6461
vn 0.6619 0.1017 -0.7426
vn 0.8562 0.0699 -0.5118
vn 0.8650 0.0035 -0.5018
vn -0.8653 -0.0000 0.5012
vn -0.8668 0.0054 0.4986
vn -0.8671 0.0025 0.4981
vn -0.8671 0.0006 0.4981
vn -0.8633 0.0015 0.5048
vn -0.8635 -0.0003 0.5044
vn -0.8632 0.0045 0.5049
vn -0.8673 -0.0004 0.4978
vn -0.8674 -0.0011 0.4976
vn -0.8668 -0.0025 0.4987
vn -0.8655 -0.0023 0.5010
vn -0.8634 -0.0021 0.5045
vn -0.8642 -0.0031 0.5031
vn -0.8635 -0.0013 0.5044
vn -0.9166 -0.2734 0.2916
vn -0.8649 -0.1445 0.4808
vn -0.8669 -0.0358 0.4971
vn -0.7992 -0.5607 0.2165
vn -0.7570 -0.5941 0.2719
vn -0.7447 -0.3148 0.5885
vn -0.7677 -0.1650 0.6192
vn -0.8635 0.0079 0.5043
vn -0.8646 0.0105 0.5023
vn -0.8661 0.0086 0.4998
vn -0.8829 0.0678 0.4646
vn -0.8706 0.0797 0.4856
vn -0.8572 0.0832 0.5081
vn -0.8113 0.4594 0.3616
vn -0.8819 0.4195 0.2150
vn -0.9014 0.0130 0.4327
vn -0.8959 0.0440 0.4422
vn -0.9562 0.2899 0.0407
vn -0.9947 0.0936 -0.0423
vn -0.8992 -0.0092 0.4375
vn -0.8672 -0.0001 0.4980
vn -0.9004 -0.0032 0.4350
vn -0.9994 -0.0236 -0.0254
vn -0.8290 -0.0262 0.5586
vn -0.8345 -0.0326 0.5500
vn -0.8548 -0.0271 0.5183
vn -0.6115 -0.1926 0.7674
vn -0.5222 -0.1783 0.8340
vn -0.8348 0.0562 0.5477
vn -0.8250 0.0269 0.5645
vn -0.8234 -0.0058 0.5674
vn -0.4548 -0.0366 0.8898
vn -0.4828 0.1758 0.8579
vn -0.8451 0.0735 0.5296
vn -0.8663 -0.0180 0.4992
vn -0.8778 -0.0216 0.4785
vn 0.1959 -0.0497 0.9794
vn 0.4478 0.3604 0.8183
vn 0.1375 0.3454 0.9283
vn -0.5600 0.8007 -0.2127
vn -0.4306 0.5721 -0.6980
vn -0.6830 0.5433 -0.4882
vn -0.7443 0.1770 -0.6440
vn -0.5101 0.1834 -0.8403
vn -0.5464 -0.8247 -0.1460
vn -0.1378 -0.9696 -0.2020
vn -0.3317 -0.9392 -0.0888
vn -0.2764 -0.7335 0.6209
vn -0.1829 -0.5500 0.8149
vn 0.1673 -0.2741 0.9470
vn 0.1113 -0.3387 0.9343
vn -0.4856 -0.1475 0.8616
vn -0.4316 0.9008 0.0488
vn -0.7580 -0.6174 -0.2105
vn -0.7920 -0.5448 0.2753
vn -0.4126 -0.9103 -0.0348
vn 0.8605 0.0858 -0.5021
vn 0.8846 0.1250 -0.4494
vn 0.8895 0.1661 -0.4256
vn 0.8164 0.3367 -0.4692
vn 0.8283 0.4204 -0.3705
vn 0.8122 0.1969 -0.5492
vn 0.8040 0.1702 -0.5698
vn 0.8231 0.1315 -0.5525
vn 0.8066 0.3570 -0.4711
vn 0.9816 0.1138 -0.1536
vn 0.7605 0.4418 -0.4759
vn 0.8644 0.0004 -0.5029
vn 0.8653 -0.0000 -0.5012
vn 0.9225 0.0371 -0.3843
vn 0.8948 0.0539 -0.4432
vn 0.8578 0.2119 -0.4683
vn 0.8382 0.2088 -0.5038
vn 0.7662 0.4852 -0.4213
vn 0.7775 0.4995 -0.3820
vn 0.8347 0.0300 -0.5498
vn 0.8569 0.0069 -0.5154
vn 0.8659 -0.0000 -0.5002
vn 0.8705 0.0021 -0.4922
vn 0.8830 0.0102 -0.4693
vn 0.8750 0.1967 -0.4424
vn 0.8003 0.4760 -0.3646
vn 0.7404 0.1097 -0.6632
vn 0.7895 0.0721 -0.6095
vn -0.0537 -0.0893 0.9946
vn 0.1419 -0.0981 0.9850
vn 0.1470 -0.1396 0.9792
vn -0.0511 -0.1659 0.9848
vn 0.1505 -0.2722 0.9504
vn -0.0469 -0.3866 0.9211
vn -0.2282 -0.4779 0.8483
vn -0.2516 -0.1934 0.9483
vn -0.2474 -0.0769 0.9658
vn -0.4384 -0.2311 0.8686
vn -0.4317 -0.0629 0.8998
vn -0.3984 -0.4853 0.7783
vn -0.5680 -0.4410 0.6950
vn -0.6144 -0.1730 0.7698
vn -0.6003 -0.0432 0.7986
vn -0.8586 -0.0354 0.5114
vn -0.9374 -0.0439 0.3456
vn -0.9406 0.0297 0.3381
vn -0.8583 0.0098 0.5131
vn -0.9236 -0.1762 0.3406
vn -0.8603 -0.1103 0.4978
vn -0.9250 -0.3672 0.0976
vn -0.9836 -0.0916 0.1552
vn -0.9877 0.0476 0.1487
vn -0.9964 0.0699 -0.0477
vn -0.9922 -0.1111 -0.0562
vn -0.9156 -0.3891 -0.1017
vn -0.8957 -0.3476 -0.2773
vn -0.9683 -0.0337 -0.2473
vn -0.9663 0.0923 -0.2404
vn -0.7986 0.0782 -0.5968
vn -0.6663 0.1136 -0.7370
vn -0.6649 0.1320 -0.7351
vn -0.7972 0.1234 -0.5909
vn -0.7878 -0.0704 -0.6119
vn -0.6637 0.0477 -0.7465
vn -0.5106 0.1268 -0.8504
vn -0.5138 0.0928 -0.8529
vn -0.5073 0.1352 -0.8511
vn -0.7523 -0.0879 0.6529
vn -0.7439 -0.0164 0.6681
vn -0.7595 -0.2200 0.6121
vn -0.6215 -0.5019 0.6015
vn -0.7748 -0.3075 0.5524
vn -0.8584 -0.1784 0.4810
vn -0.6024 -0.0410 0.7971
vn -0.7460 -0.0185 0.6656
vn -0.7513 -0.0725 0.6560
vn -0.6084 -0.0949 0.7879
vn -0.8610 0.0049 0.5086
vn -0.8654 -0.0491 0.4986
vn -0.7910 -0.4853 -0.3727
vn -0.7996 -0.5221 -0.2968
vn -0.8383 -0.5389 -0.0831
vn -0.8382 -0.5412 -0.0679
vn -0.8799 -0.4397 0.1799
vn -0.3939 -0.6150 0.6831
vn -0.3964 -0.6288 0.6689
vn -0.1145 -0.6196 0.7766
vn -0.1926 -0.6282 0.7538
vn -0.3315 0.7629 -0.5550
vn -0.3042 0.7379 -0.6025
vn 0.0010 0.9916 -0.1295
vn -0.0556 0.9940 -0.0937
vn 0.0500 0.9950 0.0863
vn 0.1023 0.9929 0.0605
vn -0.0539 0.9942 -0.0930
vn 0.0500 0.9950 0.0864
vn -0.3212 0.7677 -0.5544
vn 0.1038 0.9913 0.0807
vn 0.1001 0.9917 0.0805
vn 0.0707 0.9900 0.1219
vn 0.1188 0.9892 0.0855
vn 0.2332 0.9362 0.2628
vn 0.1753 0.9367 0.3031
vn 0.4030 0.5772 0.7102
vn 0.4531 0.5525 0.6996
vn 0.1754 0.9368 0.3028
vn 0.4078 0.5814 0.7040
vn 0.0707 0.9900 0.1220
vn 0.1018 0.9919 0.0764
vn -0.6254 -0.0213 -0.7800
vn -0.6530 -0.0180 -0.7572
vn -0.7539 -0.2084 -0.6231
vn -0.7142 -0.2097 -0.6678
vn -0.5127 0.0611 -0.8564
vn -0.5091 0.0577 -0.8588
vn 0.4761 0.0020 0.8794
vn 0.4788 0.0504 0.8765
vn 0.4472 -0.1536 0.8811
vn 0.3899 -0.2334 0.8908
vn 0.5006 0.0643 0.8633
vn 0.4988 -0.1272 0.8573
vn 0.1552 -0.3954 0.9053
vn 0.2027 -0.4021 0.8929
vn 0.0120 -0.5546 0.8321
vn -0.0337 -0.5475 0.8362
vn -0.1951 -0.6242 0.7565
vn -0.5111 0.2373 -0.8261
vn -0.5902 -0.0104 -0.8072
vn -0.6526 -0.1639 -0.7397
vn -0.4831 0.1067 -0.8690
vn -0.0179 0.5394 -0.8419
vn -0.4776 0.3058 -0.8237
vn -0.4996 0.1132 -0.8588
vn -0.5462 0.0799 -0.8338
vn -0.5014 0.2891 -0.8155
vn 0.5055 -0.1815 0.8435
vn 0.5014 -0.1856 0.8451
vn 0.3654 -0.2471 0.8975
vn 0.3423 -0.2414 0.9081
vn 0.3408 -0.1804 0.9227
vn 0.5105 -0.1482 0.8470
vn 0.7782 0.3738 0.5047
vn 0.7103 -0.2391 0.6621
vn 0.5129 -0.1232 0.8496
vn 0.2926 -0.3697 0.8819
vn -0.7643 -0.4061 -0.5010
vn -0.7935 -0.4043 -0.4548
vn -0.8047 -0.5164 -0.2927
vn -0.8659 -0.2206 -0.4489
vn 0.4256 0.8966 -0.1221
vn 0.4301 0.8903 -0.1495
vn 0.4605 0.8677 -0.1873
vn 0.6028 0.7921 -0.0962
vn 0.4819 0.8642 -0.1450
vn 0.4467 0.8869 -0.1175
vn 0.4469 0.8229 -0.3508
vn -0.9013 0.0269 -0.4324
vn -0.8990 0.1099 -0.4239
vn 0.5114 -0.1132 0.8518
vn 0.3366 -0.1203 0.9339
vn 0.3319 -0.1032 0.9376
vn 0.5091 -0.1047 0.8543
vn 0.6812 0.1354 -0.7195
vn 0.7816 0.1173 -0.6127
vn 0.9551 -0.0000 -0.2963
vn 0.9183 0.0030 -0.3959
vn 0.9049 0.0248 -0.4250
vn 0.8314 0.0264 -0.5550
vn 0.4148 -0.4358 0.7988
vn -0.0563 -0.4072 0.9116
vn -0.8635 -0.0010 0.5043
vn -0.8268 -0.0210 0.5621
vn -0.8954 -0.0179 0.4450
vn 0.9844 -0.1379 -0.1092
vn 0.7564 0.0513 -0.6521
vn 0.5283 0.1202 -0.8405
vn 0.8522 0.0114 -0.5230
vn 0.9075 -0.2644 0.3264
vn 0.6297 -0.3315 0.7025
vn 0.5218 -0.3369 0.7837
vn 0.1565 0.1945 -0.9683
vn -0.3132 0.2434 -0.9179
vn -0.4354 0.2479 -0.8654
vn 0.8737 -0.0060 -0.4864
vn 0.8750 -0.0071 -0.4841
vn 0.9018 -0.0281 -0.4312
vn 0.8542 0.0055 -0.5199
vn 0.8565 0.0045 -0.5162
vn 0.8216 0.0210 -0.5696
vn 0.8963 -0.2697 0.3519
vn 0.9564 -0.0857 -0.2792
vn 0.1089 0.2024 -0.9732
vn 0.7024 0.0664 -0.7086
vn 0.5509 -0.3359 0.7640
vn 0.4753 -0.3375 0.8125
vn -0.4050 0.2475 -0.8802
vn -0.4821 0.2483 -0.8402
vn 0.5758 -0.4130 0.7056
vn -0.5181 -0.0509 -0.8538
vn -0.0324 -0.0541 -0.9980
vn -0.7579 -0.0510 -0.6503
vn 0.6700 0.0017 -0.7423
vn 0.9326 -0.2220 0.2846
vn -0.1262 0.2309 -0.9648
vn 0.7703 -0.3105 0.5569
vn 0.6469 0.0855 -0.7578
vn 0.9747 -0.1151 -0.1916
vn -0.4855 0.2483 -0.8382
vn 0.4718 -0.3375 0.8145
vn 0.4718 -0.3376 0.8145
vn 0.2076 0.9071 0.3662
vn 0.3365 0.7350 0.5886
vn 0.0568 0.9928 0.1058
vn 0.4830 0.2413 0.8417
vn 0.4295 0.5042 0.7492
vn 0.4935 -0.1298 0.8600
vn 0.4978 0.0104 0.8672
vn 0.2351 -0.8796 0.4136
vn 0.3351 -0.7374 0.5864
vn 0.4047 -0.5804 0.7067
vn -0.0635 -0.9928 -0.1019
vn 0.0932 -0.9813 0.1687
vn -0.2143 -0.9071 -0.3623
vn -0.3399 -0.7410 -0.5791
vn -0.4202 -0.5553 -0.7177
vn -0.4691 -0.3697 -0.8020
vn -0.5016 0.1101 -0.8581
vn -0.5020 -0.1036 -0.8586
vn -0.2456 0.8754 -0.4163
vn -0.3635 0.6954 -0.6199
vn -0.4470 0.4655 -0.7639
vn -0.0999 0.9813 -0.1648
vn -0.8248 0.0435 0.5637
vn -0.8205 0.0208 0.5712
vn -0.6414 0.0847 0.7626
vn -0.6587 0.1771 0.7312
vn -0.1486 0.1902 0.9704
vn -0.1887 0.3983 0.8977
vn -0.2603 0.5816 0.7707
vn -0.6901 0.2591 0.6757
vn -0.8326 0.0637 0.5502
vn -0.9531 -0.1672 0.2522
vn -0.8880 -0.0282 0.4589
vn -0.8964 -0.0225 0.4428
vn -0.9706 -0.1148 0.2117
vn -0.9059 -0.2833 -0.3149
vn -0.8682 -0.4291 -0.2493
vn -0.9266 -0.2259 0.3005
vn -0.8025 -0.5795 -0.1423
vn -0.8807 -0.0363 0.4722
vn -0.8537 -0.0816 0.5144
vn -0.8658 -0.0732 0.4951
vn -0.8324 -0.3347 0.4417
vn -0.7764 -0.3417 0.5295
vn -0.4525 -0.7759 0.4396
vn -0.5772 -0.7839 0.2289
vn -0.3414 -0.6953 0.6325
vn -0.7266 -0.3088 0.6138
vn -0.8416 -0.0757 0.5348
vn -0.8438 0.3460 0.4102
vn -0.8704 0.0851 0.4849
vn -0.8568 0.0861 0.5083
vn -0.7885 0.3502 0.5056
vn -0.4813 0.7857 0.3885
vn -0.6055 0.7765 0.1745
vn -0.7209 0.6926 -0.0244
vn -0.8952 0.3085 0.3217
vn -0.8831 0.0759 0.4631
vn -0.6482 -0.0430 0.7603
vn -0.6414 0.0041 0.7672
vn -0.8203 0.0010 0.5719
vn -0.8217 -0.0104 0.5698
vn -0.1555 -0.1013 0.9826
vn -0.1443 0.0080 0.9895
vn -0.9822 0.0380 0.1838
vn -0.9833 -0.0310 0.1794
vn -0.9028 -0.0061 0.4300
vn -0.9031 0.0094 0.4294
vn -0.9287 -0.0786 -0.3625
vn -0.9306 0.0860 -0.3557
vn -0.7354 0.3198 0.5974
vn -0.8438 0.0787 0.5309
vn -0.3621 0.7178 0.5946
vn -0.8849 -0.2896 0.3648
vn -0.8744 -0.0537 0.4822
vn -0.6996 -0.7140 0.0274
vn -0.8337 -0.0626 0.5487
vn -0.6956 -0.2552 0.6716
vn -0.2686 -0.5796 0.7693
vn -0.6748 -0.1991 0.7107
vn -0.2196 -0.4539 0.8636
vn -0.8284 -0.0487 0.5579
vn -0.8931 0.0600 0.4459
vn -0.9365 0.2441 0.2516
vn -0.8151 0.5493 -0.1839
vn -0.8820 0.3670 -0.2957
vn -0.9656 0.1629 0.2028
vn -0.9001 0.0400 0.4339
vn -0.4629 -0.5544 -0.6916
vn -0.5138 -0.3690 -0.7745
vn -0.7576 -0.3440 -0.5547
vn -0.7067 -0.5169 -0.4830
vn -0.9827 -0.1583 0.0965
vn -0.9611 -0.2431 0.1314
vn -0.9264 -0.3183 0.2013
vn -0.6333 -0.6884 -0.3537
vn -0.3819 -0.7399 -0.5537
vn -0.4150 0.9092 0.0340
vn -0.1453 0.9797 -0.1382
vn 0.0112 0.9912 0.1320
vn -0.2700 0.9197 0.2849
vn -0.7368 0.4641 0.4916
vn -0.8099 0.4593 0.3649
vn -0.8781 0.4099 0.2470
vn -0.5500 0.8111 -0.1989
vn -0.2908 0.8740 -0.3893
vn 0.4510 0.0104 0.8924
vn 0.4465 -0.1296 0.8854
vn 0.1380 -0.1197 0.9832
vn 0.1408 0.0103 0.9900
vn -0.5345 -0.0588 0.8431
vn -0.5281 0.0070 0.8491
vn -0.5380 0.1135 0.8353
vn 0.1238 0.2240 0.9667
vn 0.4364 0.2409 0.8669
vn -0.2571 -0.9058 -0.3367
vn -0.5180 -0.8419 -0.1514
vn -0.8727 -0.3875 0.2971
vn -0.8087 -0.4223 0.4094
vn -0.3800 -0.9204 0.0915
vn -0.1077 -0.9913 -0.0759
vn -0.6587 0.6448 -0.3878
vn -0.4085 0.6943 -0.5925
vn -0.9331 0.3274 0.1489
vn -0.9722 0.2192 0.0821
vn -0.7372 0.4316 -0.5198
vn -0.4921 0.4648 -0.7361
vn 0.0760 0.4676 0.8806
vn 0.3832 0.5034 0.7744
vn -0.5600 0.2370 0.7939
vn -0.6055 0.3441 0.7176
vn -0.0107 0.6811 0.7321
vn 0.2904 0.7339 0.6141
vn -0.2356 -0.9094 0.3428
vn 0.0479 -0.9797 0.1946
vn -0.7423 -0.4166 0.5248
vn -0.6823 -0.3728 0.6289
vn -0.1041 -0.8154 0.5695
vn 0.1892 -0.8782 0.4393
vn -0.5482 -0.1033 -0.8300
vn -0.5470 0.1100 -0.8299
vn -0.7851 0.1029 -0.6107
vn -0.7946 -0.0948 -0.5997
vn -0.9981 0.0540 0.0286
vn -0.9967 -0.0394 0.0705
vn -0.1300 0.8405 0.5260
vn 0.1618 0.9057 0.3919
vn -0.6659 0.4246 0.6134
vn -0.0092 -0.6849 0.7286
vn 0.2889 -0.7363 0.6119
vn -0.6351 -0.3163 0.7047
vn -0.6099 -0.2434 0.7541
vn 0.0489 -0.5385 0.8412
vn 0.3574 -0.5795 0.7324
vn -0.8658 0.0048 0.5004
vn -0.8650 0.0049 0.5017
vn -0.8660 -0.0129 0.4998
vn -0.8640 -0.0127 0.5033
vn -0.5485 0.7237 0.4188
vn -0.6632 0.7148 0.2219
vn -0.8625 -0.0090 0.5060
vn -0.7739 0.6330 0.0175
vn -0.8663 0.0052 0.4995
vn -0.8427 0.0373 0.5370
vn -0.8123 0.0193 0.5829
vn -0.4102 -0.1760 0.8948
vn -0.5962 -0.0806 0.7988
vn 0.1206 -0.2734 0.9543
vn 0.2217 -0.3402 0.9139
vn -0.7617 -0.0033 0.6479
vn -0.0423 -0.0646 0.9970
vn -0.8570 0.0290 0.5145
vn -0.8733 0.0092 0.4870
vn -0.8679 0.0115 0.4966
vn -0.8775 0.4296 -0.2133
vn -0.9094 0.1337 -0.3940
vn -0.9210 0.0218 0.3889
vn -0.8780 0.0215 0.4781
vn -0.8642 0.0142 0.5029
vn -0.8489 0.0123 0.5284
vn -0.1973 0.2705 0.9423
vn -0.3290 0.5267 0.7838
vn -0.8688 -0.0061 0.4951
vn -0.8642 0.0050 0.5032
vn -0.9993 -0.0378 0.0078
vn -0.9717 -0.0450 -0.2319
vn -0.9687 0.0288 0.2466
vn -0.9239 0.0180 0.3823
vn -0.7777 -0.1137 -0.6183
vn -0.6425 -0.1847 -0.7437
vn -0.3688 -0.3498 -0.8612
vn -0.7429 -0.0162 -0.6692
vn -0.9784 0.1751 0.1103
vn -0.8643 0.0045 0.5030
vn -0.8680 -0.0118 0.4965
vn -0.4392 0.6608 0.6087
vn 0.0185 -0.9998 -0.0039
vn -0.0462 -0.9926 -0.1119
vn 0.1278 -0.9695 -0.2094
vn 0.2161 -0.9701 -0.1109
vn 0.6840 -0.6114 -0.3979
vn 0.5962 -0.6721 -0.4392
vn 0.7292 -0.5953 -0.3374
vn 0.4422 -0.8963 -0.0340
vn 0.1110 -0.9843 0.1376
vn -0.4539 -0.2091 -0.8662
vn -0.4760 -0.1257 -0.8704
vn -0.1392 -0.1231 -0.9826
vn 0.0187 -0.2143 -0.9766
vn 0.5937 -0.1018 -0.7982
vn 0.5075 -0.0636 -0.8593
vn 0.1261 -0.3880 -0.9130
vn 0.7502 -0.1243 -0.6494
vn -0.3952 -0.4471 -0.8024
vn 0.2347 0.9069 0.3498
vn 0.3716 0.7166 0.5903
vn 0.6489 0.6669 0.3662
vn 0.5366 0.8334 0.1325
vn 0.8648 0.4239 -0.2692
vn 0.9283 0.3465 -0.1349
vn 0.4047 0.9081 -0.1076
vn 0.7949 0.4594 -0.3963
vn 0.0849 0.9924 0.0894
vn 0.7263 -0.5724 -0.3806
vn 0.7165 -0.4999 -0.4865
vn 0.2533 -0.9274 -0.2751
vn 0.2957 -0.9432 -0.1511
vn 0.3257 -0.9448 0.0343
vn 0.6903 -0.6971 -0.1939
vn 0.3642 -0.8552 0.3687
vn 0.6617 -0.7432 0.0990
vn 0.2769 -0.8844 0.3758
vn 0.4330 -0.6470 0.6276
vn 0.5031 -0.5620 0.6565
vn -0.2082 -0.7095 -0.6733
vn 0.1960 -0.6206 -0.7592
vn -0.2869 -0.7483 -0.5981
vn -0.1789 -0.9143 -0.3633
vn 0.0509 -0.8698 -0.4908
vn 0.4539 -0.6346 -0.6255
vn -0.0723 0.9810 -0.1802
vn -0.2316 0.8620 -0.4509
vn 0.4888 -0.3583 0.7954
vn 0.4977 -0.2873 0.8184
vn 0.5178 -0.0561 0.8536
vn -0.1742 0.9773 -0.1209
vn -0.0182 0.9887 0.1486
vn -0.4606 0.8026 0.3789
vn -0.5869 0.7937 0.1599
vn -0.7048 0.7081 -0.0435
vn -0.3193 0.8719 -0.3714
vn -0.4367 0.6927 -0.5740
vn -0.7992 0.5634 -0.2094
vn -0.8677 0.3768 -0.3242
vn -0.5203 0.4638 -0.7171
vn -0.9068 0.0904 -0.4117
vn -0.9177 -0.0824 -0.3887
vn -0.5774 -0.1029 -0.8099
vn -0.5750 0.1099 -0.8108
vn -0.8852 -0.3003 -0.3552
vn -0.5433 -0.3687 -0.7543
vn -0.4931 -0.5534 -0.6713
vn -0.8420 -0.4525 -0.2937
vn -0.4132 -0.7380 -0.5335
vn -0.7802 -0.6001 -0.1762
vn -0.6795 -0.7337 0.0001
vn -0.2881 -0.9034 -0.3175
vn -0.1379 -0.9887 -0.0582
vn -0.5579 -0.8027 0.2110
vn 0.0182 -0.9773 0.2112
vn -0.4307 -0.7937 0.4296
vn -0.3149 -0.7123 0.6272
vn 0.1594 -0.8761 0.4550
vn -0.2280 -0.6005 0.7664
vn 0.2590 -0.7347 0.6270
vn -0.1790 -0.4706 0.8640
vn 0.3266 -0.5784 0.7475
vn -0.0950 -0.1054 0.9899
vn -0.0961 0.0089 0.9953
vn 0.4206 0.0105 0.9072
vn 0.4160 -0.1290 0.9001
vn -0.1158 0.1956 0.9738
vn 0.4058 0.2405 0.8818
vn -0.1572 0.4086 0.8991
vn 0.3530 0.5023 0.7894
vn 0.2604 0.7321 0.6295
vn -0.2340 0.5946 0.7692
vn -0.3382 0.7337 0.5893
vn 0.1321 0.9034 0.4079
vn -0.8986 0.2296 0.3739
vn -0.9298 0.1833 0.3192
vn -0.8704 0.0191 0.4920
vn -0.8730 0.0152 0.4874
vn -0.9515 0.1219 0.2825
vn -0.8748 0.0101 0.4844
vn -0.7718 -0.2318 0.5921
vn -0.7417 -0.1983 0.6407
vn -0.8599 -0.0193 0.5101
vn -0.8575 -0.0165 0.5142
vn -0.7268 -0.1519 0.6698
vn -0.8562 -0.0126 0.5165
vn -0.8904 -0.2379 0.3881
vn -0.9235 -0.1952 0.3302
vn -0.8695 -0.0189 0.4936
vn -0.8721 -0.0152 0.4892
vn -0.8664 -0.0211 0.4990
vn -0.8509 -0.2599 0.4566
vn -0.7459 0.1928 0.6376
vn -0.7797 0.2379 0.5792
vn -0.8605 0.0198 0.5090
vn -0.8577 0.0160 0.5139
vn -0.8194 0.2599 0.5109
vn -0.8638 0.0216 0.5034
vn -0.9687 0.0295 0.2466
vn -0.9632 -0.0266 0.2675
vn -0.8764 0.0024 0.4815
vn -0.8755 -0.0021 0.4832
vn -0.8751 -0.0077 0.4839
vn -0.9577 -0.0963 0.2712
vn -0.6963 -0.0362 0.7168
vn -0.6983 0.0023 0.7158
vn -0.8538 -0.0030 0.5206
vn -0.8539 0.0002 0.5205
vn -0.8545 0.0052 0.5194
vn -0.7073 0.0630 0.7041
vn -0.8604 0.2574 0.4399
vn -0.8672 0.0214 0.4975
vn -0.8097 -0.2574 0.5274
vn -0.8630 -0.0213 0.5047
vn -0.9459 -0.1491 0.2883
vn -0.8741 -0.0117 0.4856
vn -0.7204 0.1328 0.6808
vn -0.8556 0.0110 0.5175
vn -0.8697 0.0163 0.4933
vn -0.8718 0.0129 0.4896
vn -0.8733 0.0086 0.4870
vn -0.8608 -0.0163 0.5088
vn -0.8591 -0.0134 0.5117
vn -0.8579 -0.0105 0.5137
vn -0.8679 -0.0058 0.4966
vn -0.8670 -0.0098 0.4982
vn -0.8657 -0.0148 0.5004
vn -0.8588 0.0137 0.5121
vn -0.8612 0.0169 0.5079
vn -0.8640 0.0186 0.5031
vn -0.8739 0.0020 0.4862
vn -0.8738 -0.0012 0.4863
vn -0.8719 -0.0043 0.4896
vn -0.8565 -0.0022 0.5162
vn -0.8562 0.0002 0.5167
vn -0.8562 0.0045 0.5166
vn -0.8670 0.0183 0.4980
vn -0.8633 -0.0173 0.5044
vn -0.8696 -0.0047 0.4937
vn -0.8572 0.0094 0.5150
vn 0.0731 -0.8641 0.4979
vn 0.1703 -0.7239 0.6685
vn 0.2356 -0.5689 0.7880
vn 0.1727 0.7222 0.6698
vn 0.0461 0.8912 0.4512
vn -0.1021 0.9754 0.1953
vn -0.6541 0.1077 -0.7487
vn -0.6551 -0.1013 -0.7487
vn -0.6200 -0.3610 -0.6966
vn -0.0652 -0.9642 0.2569
vn -0.2166 -0.9762 -0.0100
vn 0.2637 0.4952 0.8278
vn 0.3153 0.2367 0.9190
vn -0.5155 0.6830 -0.5174
vn -0.3993 0.8601 -0.3176
vn -0.5983 0.4570 -0.6582
vn -0.4845 -0.7292 -0.4833
vn -0.3618 -0.8929 -0.2681
vn 0.3286 0.0098 0.9444
vn 0.3226 -0.1279 0.9379
vn -0.2560 0.9641 -0.0705
vn -0.5665 -0.5448 -0.6183
vn -0.8415 0.0138 0.5402
vn -0.8498 0.0176 0.5268
vn -0.7965 0.0657 0.6010
vn -0.8105 0.0827 0.5799
vn -0.8201 0.1032 0.5628
vn -0.8526 0.0238 0.5220
vn -0.8882 0.0446 0.4573
vn -0.8781 0.0391 0.4769
vn -0.8900 0.1331 0.4361
vn -0.9104 0.1333 0.3918
vn -0.9046 0.0521 0.4231
vn -0.9310 0.1350 0.3391
vn -0.8481 0.0646 0.5259
vn -0.8392 0.0521 0.5413
vn -0.8649 0.0024 0.5020
vn -0.8646 0.0033 0.5025
vn -0.8651 0.0035 0.5016
vn -0.8589 0.0706 0.5073
vn -0.8082 0.0001 0.5889
vn -0.8506 0.0036 0.5257
vn -0.7370 0.0167 0.6757
vn -0.7486 0.0447 0.6615
vn -0.8692 0.0352 0.4932
vn -0.8629 0.0336 0.5043
vn -0.8497 0.1327 0.5102
vn -0.8683 0.1338 0.4777
vn -0.8462 0.0173 0.5326
vn -0.8358 0.0349 0.5479
vn -0.8716 0.0025 0.4902
vn -0.8960 0.0134 0.4439
vn -0.8803 0.0622 0.4704
vn -0.8875 0.0485 0.4583
vn -0.8657 0.0028 0.5005
vn -0.8616 0.0006 0.5075
vn -0.8439 -0.0009 0.5365
vn -0.8870 0.0291 0.4609
vn -0.8575 0.0298 0.5136
vn -0.8339 0.1221 0.5382
vn -0.9078 0.0241 0.4187
vn -0.8690 0.0090 0.4948
vn -0.9395 0.0478 0.3392
vn -0.9735 0.1017 0.2047
vn -0.8700 0.0699 0.4881
vn -0.8657 0.0035 0.5006
vn 0.8635 0.0025 -0.5043
vn 0.8638 0.0054 -0.5038
vn 0.8674 0.0045 -0.4975
vn 0.8674 0.0015 -0.4977
vn 0.8672 -0.0003 -0.4980
vn 0.8635 0.0006 -0.5044
vn 0.8632 -0.0011 -0.5048
vn 0.8634 -0.0004 -0.5046
vn 0.8672 -0.0013 -0.4980
vn 0.8672 -0.0021 -0.4979
vn 0.8664 -0.0031 -0.4993
vn 0.8652 -0.0023 -0.5014
vn 0.8639 -0.0025 -0.5037
vn 0.7091 -0.2734 -0.6500
vn 0.8626 -0.0358 -0.5046
vn 0.8474 -0.1445 -0.5110
vn 0.9191 -0.1650 -0.3579
vn 0.8810 -0.3148 -0.3531
vn 0.6125 -0.5941 -0.5214
vn 0.5855 -0.5607 -0.5855
vn 0.8645 0.0086 -0.5026
vn 0.8659 0.0105 -0.5001
vn 0.8671 0.0080 -0.4981
vn 0.8423 0.0678 -0.5347
vn 0.8543 0.0797 -0.5136
vn 0.7173 0.4594 -0.5238
vn 0.6253 0.4195 -0.6580
vn 0.8673 0.0832 -0.4908
vn 0.8293 0.0440 -0.5571
vn 0.8239 0.0130 -0.5666
vn 0.4583 0.0936 -0.8839
vn 0.5110 0.2899 -0.8092
vn 0.8269 -0.0092 -0.5623
vn 0.8254 -0.0032 -0.5646
vn 0.8635 -0.0001 -0.5044
vn 0.4753 -0.0236 -0.8795
vn 0.8923 -0.0326 -0.4502
vn 0.8970 -0.0262 -0.4412
vn 0.9700 -0.1926 -0.1486
vn 0.9832 -0.1783 -0.0380
vn 0.8749 -0.0271 -0.4836
vn 0.8905 0.0562 -0.4516
vn 0.9001 0.0269 -0.4348
vn 0.9844 0.1758 0.0080
vn 0.9019 -0.0058 -0.4320
vn 0.9982 -0.0366 0.0482
vn 0.8798 0.0735 -0.4695
vn 0.8641 -0.0180 -0.5030
vn 0.8518 -0.0216 -0.5234
vn 0.7368 0.3454 0.5812
vn 0.4870 0.3604 0.7956
vn 0.7520 -0.0497 0.6573
vn -0.3913 0.5721 -0.7208
vn 0.0942 0.8007 -0.5916
vn -0.0837 0.5433 -0.8354
vn -0.1882 0.1770 -0.9660
vn -0.4751 0.1834 -0.8606
vn -0.1066 -0.9696 -0.2201
vn 0.1452 -0.8247 -0.5466
vn 0.0880 -0.9392 -0.3319
vn 0.6761 -0.7335 0.0692
vn 0.7979 -0.5500 0.2468
vn 0.7551 -0.3387 0.5614
vn 0.7383 -0.2741 0.6163
vn 0.9890 -0.1475 0.0075
vn 0.2571 0.9008 -0.3501
vn 0.1946 -0.6174 -0.7622
vn 0.6246 -0.5515 -0.5529
vn 0.1751 -0.9107 -0.3742
vn -0.8299 0.1250 0.5437
vn -0.8637 0.0858 0.4966
vn -0.8132 0.3367 0.4747
vn -0.7335 0.4204 0.5341
vn -0.8118 0.1661 0.5598
vn -0.8805 0.1969 0.4313
vn -0.8943 0.1702 0.4139
vn -0.7912 0.4418 0.4229
vn -0.8100 0.3570 0.4652
vn -0.6215 0.1134 0.7752
vn -0.8888 0.1315 0.4391
vn -0.8663 0.0004 0.4996
vn -0.8296 0.0539 0.5557
vn -0.7923 0.0371 0.6090
vn -0.8330 0.2119 0.5110
vn -0.8541 0.2088 0.4764
vn -0.7467 0.4852 0.4550
vn -0.7182 0.4995 0.4844
vn -0.8923 0.0300 0.4505
vn -0.8734 0.0069 0.4869
vn -0.8647 -0.0000 0.5022
vn -0.8601 0.0021 0.5102
vn -0.8464 0.0102 0.5324
vn -0.8191 0.1967 0.5388
vn -0.7144 0.4760 0.5128
vn -0.9436 0.1097 0.3123
vn -0.9215 0.0721 0.3816
vn 0.9004 -0.0876 0.4262
vn 0.8937 -0.1640 0.4177
vn 0.7954 -0.1390 0.5900
vn 0.7988 -0.0970 0.5937
vn 0.9673 -0.0747 0.2422
vn 0.9560 -0.1901 0.2236
vn 0.8578 -0.4762 0.1932
vn 0.8358 -0.3900 0.3864
vn 0.7692 -0.2785 0.5751
vn 0.9970 -0.0602 0.0486
vn 0.9737 -0.2269 0.0205
vn 0.9882 -0.0404 -0.1479
vn 0.9694 -0.1655 -0.1814
vn 0.8876 -0.4264 -0.1739
vn 0.8785 -0.4776 0.0136
vn 0.7449 0.0327 -0.6663
vn 0.7447 -0.0445 -0.6659
vn 0.8547 -0.0316 -0.5181
vn 0.8597 0.0128 -0.5107
vn 0.6008 0.0503 -0.7978
vn 0.5983 -0.0919 -0.7960
vn 0.5190 -0.3765 -0.7674
vn 0.7360 -0.1870 -0.6506
vn 0.8477 -0.1075 -0.5196
vn 0.4323 0.0722 -0.8989
vn 0.4166 -0.1088 -0.9026
vn 0.2485 0.0944 -0.9640
vn 0.2371 -0.0314 -0.9710
vn 0.1747 -0.3428 -0.9230
vn 0.3403 -0.3906 -0.8554
vn -0.1512 0.0807 -0.9852
vn -0.1404 0.1245 -0.9822
vn -0.3302 0.1326 -0.9346
vn -0.3372 0.1151 -0.9344
vn -0.3492 0.0545 -0.9355
vn -0.1721 -0.0597 -0.9833
vn 0.9416 -0.0135 -0.3364
vn 0.9304 -0.0798 -0.3577
vn 0.9034 -0.2037 -0.3774
vn 0.8640 -0.2917 -0.4103
vn 0.8358 -0.4858 -0.2558
vn 0.8380 -0.1771 -0.5162
vn 0.0312 -0.9964 -0.0795
vn -0.0048 -0.9960 -0.0891
vn -0.0087 -0.9969 -0.0787
vn 0.0246 -0.9978 -0.0622
vn -0.0147 -0.9975 -0.0691
vn 0.0148 -0.9988 -0.0465
vn 0.3846 -0.9149 0.1224
vn 0.3339 -0.9204 0.2034
vn 0.4183 -0.9077 0.0330
vn 0.0578 -0.4773 -0.8769
vn 0.3412 -0.5444 -0.7663
vn 0.3215 -0.5432 -0.7756
vn 0.1193 -0.5162 -0.8481
vn 0.5748 -0.4543 -0.6806
vn 0.7810 -0.6239 -0.0263
vn 0.7949 -0.6063 -0.0247
vn 0.7315 -0.6251 0.2723
vn 0.7547 -0.6294 0.1853
vn -0.0536 0.9940 -0.0948
vn -0.1129 0.9916 -0.0636
vn -0.3712 0.7383 -0.5631
vn -0.3164 0.7631 -0.5635
vn 0.0016 0.9929 0.1188
vn 0.0184 0.9913 0.1302
vn 0.0200 0.9917 0.1268
vn 0.0706 0.9900 0.1220
vn 0.1756 0.9367 0.3029
vn 0.1119 0.9362 0.3331
vn 0.0151 0.9892 0.1456
vn 0.4157 0.5770 0.7031
vn 0.3817 0.5519 0.7414
vn 0.0156 0.9919 0.1263
vn -0.1933 -0.1934 -0.9619
vn -0.3588 -0.0077 -0.9334
vn -0.3844 -0.0111 -0.9231
vn -0.2449 -0.1937 -0.9500
vn 0.5271 -0.0020 0.8498
vn 0.5230 0.0484 0.8510
vn 0.5450 -0.1588 0.8233
vn 0.5815 -0.2429 0.7765
vn 0.7226 -0.5632 0.4008
vn 0.6846 -0.4143 0.5997
vn 0.7230 -0.4056 0.5592
vn 0.7518 -0.5529 0.3594
vn 0.7610 -0.6230 0.1809
vn -0.4107 -0.0000 -0.9118
vn -0.4628 0.2413 -0.8530
vn -0.5126 0.1110 -0.8514
vn -0.3202 -0.1526 -0.9350
vn -0.7214 0.5401 -0.4335
vn -0.4584 0.2911 -0.8397
vn -0.4548 0.0854 -0.8865
vn 0.6118 -0.2556 0.7486
vn 0.6384 -0.2494 0.7281
vn 0.6563 -0.1850 0.7315
vn 0.2198 -0.2408 0.9454
vn 0.0513 0.3729 0.9265
vn 0.4810 -0.1276 0.8674
vn 0.6193 -0.3800 0.6871
vn 0.1211 -0.5119 -0.8505
vn -0.0265 -0.3931 -0.9191
vn -0.0762 -0.3923 -0.9167
vn 0.0088 -0.2113 -0.9774
vn -0.3177 0.8966 0.3084
vn -0.3437 0.8903 0.2987
vn -0.3916 0.8677 0.3063
vn -0.3834 0.7921 0.4750
vn -0.3242 0.8869 0.3290
vn -0.3656 0.8641 0.3458
vn -0.5267 0.8229 0.2131
vn 0.0550 0.1116 -0.9922
vn 0.0421 0.0294 -0.9987
vn 0.6667 -0.1026 0.7382
vn 0.6661 -0.1202 0.7361
vn -0.9203 0.1173 0.3731
vn -0.9630 0.1354 0.2329
vn -0.7322 -0.0001 0.6811
vn -0.8189 0.0248 0.5735
vn -0.8003 0.0030 0.5996
vn -0.8951 0.0264 0.4451
vn 0.8188 -0.4072 0.4047
vn 0.4864 -0.4359 0.7572
vn 0.8989 -0.0210 -0.4376
vn 0.8671 -0.0010 -0.4981
vn 0.8315 -0.0179 -0.5553
vn -0.9420 0.0513 0.3316
vn -0.5846 -0.1379 0.7995
vn -0.8777 0.0114 0.4790
vn -0.9919 0.1202 0.0400
vn 0.2961 -0.3315 0.8958
vn -0.1685 -0.2644 0.9496
vn 0.4202 -0.3369 0.8426
vn -0.9178 0.1945 -0.3460
vn -0.6404 0.2434 -0.7285
vn -0.5341 0.2479 -0.8083
vn -0.8553 -0.0071 0.5181
vn -0.8567 -0.0060 0.5158
vn -0.8228 -0.0281 0.5677
vn -0.8760 0.0055 0.4823
vn -0.8739 0.0045 0.4861
vn -0.9029 0.0210 0.4293
vn -0.1408 -0.2697 0.9526
vn -0.7181 -0.0857 0.6907
vn -0.9642 0.0664 0.2567
vn -0.8984 0.2024 -0.3898
vn 0.3887 -0.3359 0.8580
vn 0.4683 -0.3375 0.8166
vn -0.5620 0.2475 -0.7892
vn -0.4889 0.2483 -0.8363
vn 0.3249 -0.4132 0.8507
vn -0.8496 -0.0541 -0.5247
vn -0.4828 -0.0509 -0.8743
vn -0.1870 -0.0510 -0.9810
vn -0.9773 0.0017 0.2118
vn -0.2173 -0.2223 0.9505
vn -0.7741 0.2309 -0.5895
vn 0.0998 -0.3105 0.9453
vn -0.9792 0.0855 0.1841
vn -0.6512 -0.1151 0.7502
vn -0.0224 -0.9979 -0.0609
vn 0.0022 -0.9995 -0.0330
vn -0.0315 -0.9980 -0.0544
vn -0.0129 -0.9997 -0.0222
vn 0.2685 -0.9237 0.2734
vn 0.1906 -0.9249 0.3291
vn -0.0562 -0.9854 -0.1606
vn -0.0535 -0.9789 -0.1971
vn -0.0720 -0.9779 -0.1964
vn -0.0674 -0.9848 -0.1602
vn -0.0451 -0.9863 -0.1588
vn -0.0353 -0.9803 -0.1942
vn 0.0746 -0.8248 -0.5605
vn -0.0197 -0.8174 -0.5757
vn -0.1153 -0.8121 -0.5720
vn -0.0024 -0.9840 -0.1781
vn -0.0251 -0.9885 -0.1490
vn -0.0169 -0.9898 -0.1414
vn 0.0111 -0.9861 -0.1656
vn -0.0104 -0.9911 -0.1324
vn 0.0218 -0.9883 -0.1507
vn 0.3703 -0.8663 -0.3354
vn 0.3148 -0.8547 -0.4127
vn 0.2451 -0.8438 -0.4774
vn 0.3193 -0.1663 0.9330
vn 0.4972 -0.1685 0.8511
vn 0.5048 -0.1141 0.8557
vn 0.3270 -0.1120 0.9383
vn 0.1367 -0.1054 0.9850
vn 0.1290 -0.1595 0.9787
vn -0.0346 -0.9873 -0.1549
vn -0.0180 -0.9820 -0.1878
vn 0.1640 -0.8336 -0.5275
vn 0.6025 -0.0024 -0.7981
vn 0.4363 0.0183 -0.8996
vn 0.4363 0.0733 -0.8968
vn 0.6031 0.0526 -0.7959
vn 0.2533 0.0364 -0.9667
vn 0.2527 0.0913 -0.9632
vn 0.0336 -0.9927 -0.1160
vn -0.0033 -0.9938 -0.1114
vn -0.0029 -0.9950 -0.1002
vn 0.0342 -0.9946 -0.0976
vn 0.4342 -0.8987 -0.0610
vn 0.4311 -0.8887 -0.1562
vn 0.9661 -0.0783 0.2460
vn 0.9606 -0.1331 0.2442
vn 0.9920 -0.1149 0.0518
vn 0.9968 -0.0600 0.0533
vn 0.9853 -0.0941 -0.1428
vn 0.9892 -0.0392 -0.1415
vn -0.0417 -0.9979 -0.0497
vn -0.0297 -0.9995 -0.0145
vn -0.0527 -0.9975 -0.0471
vn -0.0477 -0.9988 -0.0103
vn 0.1035 -0.9237 0.3689
vn 0.0103 -0.9204 0.3908
vn -0.1509 -0.9803 -0.1273
vn -0.1153 -0.9863 -0.1182
vn -0.1113 -0.9854 -0.1286
vn -0.1444 -0.9789 -0.1445
vn -0.1054 -0.9848 -0.1382
vn -0.1346 -0.9779 -0.1602
vn -0.4388 -0.8121 -0.3846
vn -0.4896 -0.8174 -0.3036
vn -0.5233 -0.8248 -0.2142
vn -0.1031 -0.9925 -0.0658
vn -0.1309 -0.9905 -0.0411
vn -0.1174 -0.9927 -0.0286
vn -0.0950 -0.9938 -0.0582
vn -0.1097 -0.9911 -0.0749
vn -0.1416 -0.9883 -0.0560
vn -0.4197 -0.8776 0.2315
vn -0.4752 -0.8663 0.1543
vn -0.3500 -0.8887 0.2962
vn -0.0783 -0.9844 -0.1576
vn -0.0900 -0.9772 -0.1922
vn -0.1069 -0.9770 -0.1845
vn -0.0886 -0.9843 -0.1529
vn -0.2085 -0.8087 -0.5501
vn -0.2956 -0.8076 -0.5103
vn -0.1172 -0.9873 -0.1071
vn -0.1539 -0.9820 -0.1091
vn -0.1533 -0.9840 -0.0907
vn -0.1168 -0.9885 -0.0959
vn -0.5391 -0.8336 -0.1202
vn -0.5360 -0.8438 -0.0250
vn -0.9979 0.0176 -0.0620
vn -0.9912 -0.0032 0.1326
vn -0.9885 0.0509 0.1427
vn -0.9961 0.0717 -0.0521
vn -0.9654 0.0900 -0.2448
vn -0.9664 0.0358 -0.2544
vn -0.0854 -0.9950 -0.0524
vn -0.1017 -0.9946 -0.0189
vn -0.0844 -0.9964 -0.0125
vn -0.0749 -0.9960 -0.0485
vn -0.2690 -0.8987 0.3463
vn -0.1795 -0.9077 0.3793
vn -0.2520 -0.0797 0.9644
vn -0.4356 -0.0616 0.8980
vn -0.4422 -0.1156 0.8894
vn -0.2592 -0.1337 0.9565
vn -0.1781 -0.3107 -0.9337
vn -0.3256 -0.1221 -0.9376
vn 0.4985 -0.1710 0.8498
vn 0.5770 -0.2248 0.7852
vn 0.6378 -0.3567 0.6827
vn 0.6838 -0.5116 0.5202
vn -0.4217 0.0215 -0.9065
vn -0.5045 0.0711 -0.8605
vn 0.7706 -0.6355 0.0492
vn 0.2354 -0.5561 -0.7971
vn 0.7424 -0.2841 -0.6067
vn -0.0058 -0.9925 -0.1222
vn 0.0295 -0.9905 -0.1340
vn 0.4097 -0.8776 -0.2489
vn -0.7251 -0.3257 -0.6067
vn -0.6588 -0.1373 -0.7397
vn 0.4053 -0.2170 0.8881
vn 0.2888 -0.3439 0.8935
vn 0.1254 -0.4996 0.8571
vn -0.5854 0.0127 -0.8106
vn -0.3151 -0.6414 0.6996
vn -0.8143 -0.5559 -0.1670
vn -0.8934 -0.2709 0.3583
vn -0.8976 0.1051 -0.4281
vn -0.8979 0.0507 -0.4372
vn -0.7953 0.1163 -0.5950
vn -0.7950 0.0619 -0.6034
vn -0.3252 0.0690 -0.9431
vn -0.3263 0.1237 -0.9371
vn -0.1360 0.1170 -0.9838
vn -0.1349 0.0622 -0.9889
vn -0.5031 0.0712 -0.8613
vn -0.5041 0.1258 -0.8545
vn -0.6617 0.0688 -0.7466
vn -0.6624 0.1233 -0.7389
vn 0.8617 0.0068 -0.5074
vn 0.8595 -0.0482 -0.5088
vn 0.7454 -0.0249 -0.6662
vn 0.7467 0.0302 -0.6644
vn 0.9405 -0.0716 -0.3321
vn 0.9436 -0.0166 -0.3308
vn -0.0639 -0.9969 -0.0467
vn -0.0662 -0.9978 -0.0096
vn -0.0852 -0.9149 0.3945
vn -0.9428 0.0283 0.3320
vn -0.9464 -0.0257 0.3219
vn 0.7960 -0.1046 0.5962
vn 0.7891 -0.1592 0.5932
vn 0.8920 -0.1481 0.4270
vn 0.8983 -0.0934 0.4293
vn -0.1143 -0.9898 -0.0851
vn -0.1492 -0.9861 -0.0728
vn -0.5146 -0.8547 0.0677
vn -0.0588 -0.0944 0.9938
vn -0.0663 -0.1485 0.9867
vn 0.6558 -0.1661 0.7364
vn 0.6631 -0.1116 0.7401
vn -0.9652 0.0505 -0.2565
vn -0.8960 0.0654 -0.4392
vn -0.8948 0.0949 -0.4363
vn -0.9640 0.0800 -0.2535
vn -0.7925 0.0765 -0.6051
vn -0.7911 0.1060 -0.6024
vn -0.2220 -0.9485 -0.2258
vn -0.1943 -0.9471 -0.2552
vn -0.2577 -0.9539 -0.1538
vn -0.2643 -0.9577 -0.1141
vn 0.0595 0.1061 -0.9926
vn 0.0604 0.0512 -0.9969
vn 0.9455 -0.0282 -0.3245
vn 0.8650 -0.0048 -0.5017
vn 0.8627 -0.0343 -0.5045
vn 0.9431 -0.0577 -0.3274
vn 0.9872 -0.0802 -0.1378
vn 0.9896 -0.0507 -0.1348
vn 0.1454 -0.9809 -0.1293
vn 0.1466 -0.9852 -0.0891
vn 0.1197 -0.9714 -0.2050
vn 0.0962 -0.9666 -0.2376
vn -0.9962 0.0618 -0.0610
vn -0.9902 0.0411 0.1338
vn -0.9914 0.0116 0.1306
vn -0.9974 0.0323 -0.0641
vn -0.8890 -0.0964 -0.4477
vn -0.9569 -0.1110 -0.2685
vn -0.2539 -0.9666 -0.0348
vn -0.2631 -0.9619 -0.0739
vn -0.9473 -0.0109 0.3202
vn -0.9461 0.0186 0.3235
vn -0.8656 -0.0048 0.5007
vn -0.8669 -0.0343 0.4973
vn -0.9825 -0.1492 0.1114
vn -0.9885 -0.1288 -0.0797
vn 0.0070 -0.9957 0.0924
vn -0.0323 -0.9943 0.1018
vn 0.3169 -0.1519 0.9362
vn 0.3189 -0.1225 0.9398
vn 0.4973 -0.1248 0.8586
vn 0.4952 -0.1542 0.8550
vn 0.1264 -0.1451 0.9813
vn 0.1283 -0.1157 0.9850
vn -0.0727 -0.9920 0.1032
vn -0.1615 -0.9467 -0.2789
vn -0.1247 -0.9471 -0.2956
vn -0.3211 0.0833 -0.9434
vn -0.3195 0.1128 -0.9408
vn -0.4979 0.1152 -0.8596
vn -0.4994 0.0856 -0.8621
vn -0.1306 0.0765 -0.9885
vn -0.1289 0.1060 -0.9860
vn 0.0667 0.0949 -0.9932
vn 0.0540 -0.0964 -0.9939
vn -0.1379 -0.0855 -0.9868
vn -0.7532 -0.0577 0.6552
vn -0.7519 -0.0282 0.6587
vn -0.6093 -0.0507 0.7913
vn -0.6107 -0.0802 0.7878
vn -0.2374 -0.9714 0.0018
vn -0.1502 -0.9852 0.0828
vn -0.1845 -0.9809 0.0618
vn -0.4449 -0.1009 0.8899
vn -0.4433 -0.0715 0.8935
vn -0.2603 -0.0897 0.9614
vn -0.2619 -0.1191 0.9577
vn -0.7489 -0.2172 0.6261
vn -0.6090 -0.2392 0.7562
vn -0.1125 -0.9889 0.0969
vn 0.4427 0.0618 -0.8945
vn 0.2597 0.0800 -0.9624
vn 0.2578 0.0505 -0.9649
vn 0.4407 0.0323 -0.8971
vn 0.6087 0.0411 -0.7923
vn 0.6066 0.0116 -0.7949
vn 0.0668 -0.9619 -0.2650
vn 0.1362 -0.9763 -0.1684
vn -0.0673 -0.1046 0.9922
vn -0.0691 -0.1340 0.9886
vn -0.4462 -0.2596 0.8564
vn -0.2668 -0.2774 0.9230
vn -0.2434 -0.9508 -0.1915
vn 0.9956 -0.0715 0.0600
vn 0.9933 -0.1009 0.0569
vn 0.9634 -0.0897 0.2525
vn 0.9611 -0.1191 0.2493
vn 0.1400 -0.9889 -0.0494
vn 0.1257 -0.9920 -0.0117
vn 0.0325 -0.9577 -0.2860
vn -0.6571 0.1128 -0.7453
vn -0.6585 0.0833 -0.7479
vn -0.3248 -0.0788 -0.9425
vn -0.4997 -0.0765 -0.8628
vn 0.6565 -0.1225 0.7443
vn 0.7906 -0.1157 0.6014
vn 0.7883 -0.1451 0.5979
vn 0.6544 -0.1519 0.7408
vn 0.0438 -0.9962 0.0757
vn 0.1044 -0.9943 0.0226
vn 0.0649 0.0654 -0.9957
vn -0.0052 -0.9539 -0.3001
vn -0.0854 -0.9485 -0.3050
vn 0.7513 0.0186 -0.6597
vn 0.7491 -0.0109 -0.6624
vn 0.8368 -0.1942 -0.5118
vn 0.9157 -0.2172 -0.3380
vn -0.0450 -0.9508 -0.3064
vn 0.8942 -0.1046 0.4353
vn 0.8919 -0.1340 0.4320
vn 0.7638 -0.3029 0.5699
vn 0.6324 -0.3096 0.7101
vn 0.0966 -0.4788 0.8726
vn -0.0843 -0.4685 0.8794
vn -0.2630 -0.4547 0.8509
vn -0.1874 -0.8918 0.4119
vn -0.0869 -0.8996 0.4280
vn 0.0149 -0.9053 0.4244
vn -0.4324 -0.4379 0.7882
vn -0.5861 -0.4187 0.6937
vn -0.2825 -0.8823 0.3764
vn -0.3689 -0.8715 0.3231
vn -0.8979 -0.3546 0.2609
vn -0.8234 -0.3762 0.4249
vn -0.9388 -0.3337 0.0854
vn -0.5438 -0.8355 0.0793
vn -0.5667 -0.8237 -0.0194
vn -0.5021 -0.8476 0.1717
vn -0.9445 -0.3145 -0.0949
vn -0.9148 -0.2977 -0.2731
vn -0.5528 -0.8034 -0.2210
vn -0.5697 -0.8130 -0.1208
vn -0.6310 -0.2673 -0.7283
vn -0.7550 -0.2736 -0.5960
vn -0.4837 -0.2651 -0.8341
vn -0.3927 -0.7865 -0.4767
vn -0.3098 -0.7852 -0.5362
vn -0.4626 -0.7899 -0.4025
vn -0.7181 -0.3979 0.5710
vn -0.4430 -0.8598 0.2539
vn 0.2731 -0.4851 0.8307
vn 0.4381 -0.4872 0.7555
vn 0.1142 -0.9089 0.4010
vn 0.2071 -0.9101 0.3589
vn -0.8508 -0.2839 -0.4423
vn -0.5166 -0.7957 -0.3161
vn 0.4139 -0.8997 0.1388
vn 0.8052 -0.4685 0.3636
vn 0.7094 -0.4787 0.5173
vn 0.3599 -0.9054 0.2252
vn 0.8692 -0.4546 0.1944
vn 0.4501 -0.8919 0.0437
vn 0.4670 -0.8825 -0.0565
vn 0.8989 -0.4378 0.0162
vn 0.8932 -0.4186 -0.1641
vn 0.4640 -0.8716 -0.1579
vn 0.7778 -0.3761 -0.5036
vn 0.3994 -0.8477 -0.3490
vn 0.3403 -0.8356 -0.4312
vn 0.6725 -0.3545 -0.6497
vn 0.2662 -0.8238 -0.5004
vn 0.5405 -0.3336 -0.7724
vn 0.1798 -0.8131 -0.5537
vn 0.3868 -0.3145 -0.8669
vn 0.2174 -0.2976 -0.9296
vn 0.0847 -0.8036 -0.5892
vn -0.2169 -0.7865 -0.5783
vn -0.3186 -0.2673 -0.9094
vn -0.1422 -0.2736 -0.9513
vn -0.1176 -0.7900 -0.6017
vn 0.8523 -0.3978 -0.3396
vn 0.4411 -0.8600 -0.2566
vn 0.0419 -0.2525 -0.9667
vn 0.2227 -0.2666 -0.9377
vn -0.1415 -0.2422 -0.9599
vn 0.5947 -0.4563 0.6619
vn 0.4454 -0.4585 0.7690
vn 0.7203 -0.4500 0.5279
vn 0.2900 -0.9090 0.2994
vn 0.5854 -0.4851 0.6496
vn -0.0158 -0.7958 -0.6053
vn 0.0388 -0.2838 -0.9581
vn 0.9068 -0.3891 -0.1621
vn 0.8655 -0.3680 -0.3399
vn 0.7901 -0.3461 -0.5060
vn -0.3202 -0.2357 -0.9176
vn -0.4873 -0.2336 -0.8414
vn 0.3943 -0.2835 -0.8741
vn 0.5499 -0.3030 -0.7783
vn 0.6835 -0.3241 -0.6540
vn 0.9125 -0.4085 0.0205
vn 0.8823 -0.4256 0.2010
vn 0.8174 -0.4395 0.3723
vn -0.8594 -0.2525 -0.4447
vn -0.9242 -0.2666 -0.2734
vn -0.7622 -0.2422 -0.6003
vn 0.2782 -0.4563 0.8452
vn 0.0995 -0.4500 0.8875
vn -0.7254 -0.3680 0.5817
vn -0.5918 -0.3891 0.7060
vn -0.8320 -0.3461 0.4336
vn -0.3734 -0.8087 -0.4545
vn -0.6366 -0.2357 -0.7343
vn -0.9487 -0.3030 0.0897
vn -0.9544 -0.2835 -0.0929
vn -0.9074 -0.3241 0.2675
vn -0.2647 -0.4256 0.8653
vn -0.4362 -0.4085 0.8018
vn -0.0838 -0.4395 0.8943
vn -0.0977 -0.9844 -0.1464
vn -0.1219 -0.9772 -0.1737
vn -0.0990 -0.9840 -0.1478
vn -0.0954 -0.9850 -0.1437
vn -0.1026 -0.9854 -0.1360
vn -0.1069 -0.9845 -0.1393
vn -0.0895 -0.9839 -0.1546
vn -0.0868 -0.9849 -0.1499
vn -0.1161 -0.9896 -0.0844
vn -0.1109 -0.9901 -0.0863
vn -0.1066 -0.9913 -0.0767
vn -0.1114 -0.9910 -0.0739
vn -0.1133 -0.9889 -0.0965
vn -0.1187 -0.9883 -0.0957
vn -0.0640 -0.9969 -0.0447
vn -0.0637 -0.9967 -0.0503
vn -0.0531 -0.9973 -0.0507
vn -0.0524 -0.9976 -0.0452
vn -0.0755 -0.9961 -0.0466
vn -0.0740 -0.9959 -0.0520
vn -0.0135 -0.9913 -0.1306
vn -0.0087 -0.9910 -0.1334
vn -0.0039 -0.9924 -0.1229
vn -0.0092 -0.9926 -0.1211
vn -0.0068 -0.9938 -0.1109
vn -0.0013 -0.9938 -0.1116
vn -0.0863 -0.9950 -0.0506
vn -0.0839 -0.9949 -0.0556
vn -0.0962 -0.9938 -0.0567
vn -0.0928 -0.9938 -0.0611
vn -0.1191 -0.9871 -0.1072
vn -0.1136 -0.9878 -0.1069
vn -0.1119 -0.9868 -0.1173
vn -0.1172 -0.9860 -0.1186
vn -0.0790 -0.9840 -0.1594
vn -0.0772 -0.9850 -0.1542
vn -0.0677 -0.9845 -0.1621
vn -0.0670 -0.9854 -0.1567
vn -0.1046 -0.9924 -0.0645
vn -0.1005 -0.9926 -0.0682
vn -0.1131 -0.9851 -0.1295
vn -0.1081 -0.9860 -0.1271
vn -0.0411 -0.9980 -0.0479
vn -0.0429 -0.9977 -0.0531
vn -0.0333 -0.9978 -0.0575
vn -0.0305 -0.9981 -0.0527
vn -0.0009 -0.9950 -0.1000
vn -0.0065 -0.9949 -0.1004
vn -0.0029 -0.9961 -0.0886
vn -0.0082 -0.9959 -0.0901
vn -0.0461 -0.9868 -0.1554
vn -0.0446 -0.9860 -0.1607
vn -0.0337 -0.9871 -0.1567
vn -0.0362 -0.9878 -0.1517
vn -0.0273 -0.9889 -0.1462
vn -0.0239 -0.9883 -0.1506
vn -0.0154 -0.9896 -0.1427
vn -0.0196 -0.9901 -0.1391
vn -0.0561 -0.9851 -0.1625
vn -0.0564 -0.9860 -0.1570
vn -0.0175 -0.9973 -0.0713
vn -0.0131 -0.9976 -0.0679
vn -0.0211 -0.9980 -0.0595
vn -0.0247 -0.9977 -0.0636
vn -0.0070 -0.9969 -0.0778
vn -0.0120 -0.9967 -0.0802
vn 0.0542 -0.9974 -0.0475
vn 0.0631 -0.9955 -0.0707
vn 0.0411 -0.9988 -0.0263
vn 0.0240 -0.9997 -0.0081
vn 0.0037 -1.0000 0.0064
vn -0.0511 -0.9720 -0.2294
vn -0.0760 -0.9706 -0.2285
vn -0.0265 -0.9739 -0.2255
vn 0.0361 -0.9817 -0.1869
vn 0.0179 -0.9788 -0.2038
vn 0.0506 -0.9847 -0.1668
vn -0.0032 -0.9762 -0.2168
vn 0.0672 -0.9932 -0.0952
vn 0.0664 -0.9905 -0.1201
vn -0.0190 -0.9997 0.0168
vn -0.0433 -0.9988 0.0225
vn -0.1735 -0.9720 -0.1585
vn -0.1824 -0.9739 -0.1352
vn -0.1603 -0.9706 -0.1796
vn -0.1554 -0.9877 -0.0191
vn -0.1372 -0.9905 -0.0022
vn -0.1698 -0.9847 -0.0392
vn -0.1003 -0.9697 -0.2227
vn -0.1230 -0.9694 -0.2124
vn -0.1865 -0.9762 -0.1107
vn -0.1857 -0.9788 -0.0859
vn -0.1161 -0.9932 0.0108
vn -0.0928 -0.9955 0.0195
vn 0.0608 -0.9877 -0.1442
vn -0.0682 -0.9974 0.0234
vn -0.1801 -0.9817 -0.0618
vn -0.1433 -0.9697 -0.1978
vn -0.0775 -0.2920 0.9533
vn 0.9333 -0.2774 0.2278
vn 0.8654 -0.2920 0.4071
vn 0.1143 -0.3029 0.9461
vn 0.2432 -0.1110 -0.9636
vn -0.7873 -0.0855 -0.6106
vn 0.9590 -0.2392 -0.1520
vn 0.0767 -0.9957 0.0521
vn 0.3013 -0.3096 0.9019
vn 0.4762 -0.3119 0.8222
vn 0.7253 -0.1712 -0.6668
vn -0.6559 -0.0788 -0.7507
vn -0.8604 -0.1942 0.4712
vn 0.5855 -0.1492 -0.7968
vn 0.4227 -0.1288 -0.8971
vn -0.2139 -0.9763 0.0344
vn -0.9393 -0.1713 0.2974
vn 0.9649 -0.2596 0.0391
vn 0.0061 -0.6209 -0.7838
vn 0.1444 -0.6316 -0.7617
vn -0.1341 -0.6129 -0.7787
vn 0.4288 -0.7768 0.4613
vn 0.3147 -0.7784 0.5433
vn 0.5249 -0.7718 0.3589
vn 0.6358 -0.7092 -0.3046
vn 0.6675 -0.7253 -0.1687
vn 0.5782 -0.6924 -0.4316
vn -0.2707 -0.6081 -0.7463
vn -0.3985 -0.6064 -0.6881
vn 0.2755 -0.6447 -0.7131
vn 0.3945 -0.6595 -0.6399
vn 0.4967 -0.6757 -0.5448
vn 0.6487 -0.7532 0.1089
vn 0.6718 -0.7402 -0.0290
vn 0.5991 -0.7639 0.2399
vn -0.6829 -0.6209 -0.3847
vn -0.7326 -0.6316 -0.2538
vn -0.6087 -0.6129 -0.5038
vn 0.1868 -0.7768 0.6015
vn 0.0502 -0.7718 0.6339
vn -0.5806 -0.7092 0.4000
vn -0.4784 -0.7253 0.4951
vn -0.6621 -0.6924 0.2868
vn -0.5127 -0.6081 -0.6061
vn -0.7556 -0.6447 -0.1158
vn -0.7513 -0.6595 0.0238
vn -0.7197 -0.6757 0.1598
vn -0.3594 -0.7402 0.5683
vn -0.2283 -0.7532 0.6169
vn -0.0900 -0.7639 0.6390
vn -0.7613 0.1654 -0.6269
vn 0.7067 -0.0983 0.7006
vn 0.9457 0.0051 -0.3249
vn -0.9587 0.0130 0.2842
vn -0.2661 -0.0843 0.9603
vn 0.1437 0.1068 -0.9838
vn 0.0624 0.9920 0.1094
vn -0.9787 0.1297 -0.1593
vn 0.9651 -0.0671 0.2532
vn 0.6577 0.0671 -0.7503
vn -0.6899 -0.0490 0.7222
vn 0.2506 -0.1157 0.9612
vn -0.3694 0.1312 -0.9200
vn 0.0649 0.9921 0.1075
vn -0.9329 0.0734 0.3525
vn 0.9651 -0.0133 -0.2615
vn 0.1939 0.1185 -0.9738
vn -0.2366 -0.1020 0.9662
vn 0.7002 -0.1161 0.7045
vn -0.7832 0.1238 -0.6093
vn 0.0661 0.9923 0.1047
vn -0.6363 0.0116 0.7713
vn 0.7068 0.0488 -0.7057
vn -0.3214 0.1458 -0.9357
vn 0.2799 -0.1317 0.9510
vn 0.9621 -0.0853 0.2591
vn -0.9871 0.0865 -0.1349
vn 0.0658 0.9927 0.1016
vn 0.1748 0.1450 -0.9739
vn -0.2573 -0.0674 0.9640
vn 0.7535 -0.0854 0.6518
vn -0.7230 0.1000 -0.6836
vn -0.9662 0.0318 0.2558
vn 0.9277 -0.0045 -0.3733
vn 0.0564 0.9925 0.1086
vn -0.3391 0.1710 -0.9251
vn 0.2593 -0.0984 0.9608
vn 0.9808 -0.0507 0.1883
vn -0.9708 0.0676 -0.2303
vn -0.7115 -0.0303 0.7021
vn 0.6185 0.0571 -0.7837
vn 0.0592 0.9922 0.1098
vn 0.9393 0.0326 -0.3414
vn -0.9630 0.0484 0.2652
vn -0.1905 -0.0625 0.9797
vn 0.2348 0.0718 -0.9694
vn -0.7001 0.1161 -0.7045
vn 0.7848 -0.0989 0.6119
vn 0.0541 0.9932 0.1030
vn 0.6428 0.0943 -0.7602
vn -0.7047 -0.0137 0.7094
vn 0.3248 -0.0897 0.9415
vn -0.2817 0.1015 -0.9541
vn -0.9621 0.0854 -0.2591
vn 0.9886 -0.0616 0.1375
vn 0.0545 0.9929 0.1061
vn 0.7677 -0.0595 0.6380
vn -0.7046 0.1334 -0.6969
vn -0.9423 0.0509 0.3308
vn 0.9568 -0.0432 -0.2874
vn 0.2661 0.0843 -0.9603
vn -0.1422 -0.0819 0.9864
vn 0.0579 0.9935 0.0982
vn 0.9851 -0.0237 0.1704
vn -0.9629 0.1022 -0.2496
vn -0.6543 -0.0110 0.7562
vn 0.6881 0.0189 -0.7254
vn -0.2506 0.1157 -0.9611
vn 0.3709 -0.1063 0.9226
vn 0.0554 0.9934 0.1001
vn -0.1684 -0.0391 0.9849
vn 0.2594 0.1025 -0.9603
vn -0.7501 0.1414 -0.6460
vn 0.7212 -0.1301 0.6804
vn 0.9662 -0.0318 -0.2558
vn -0.9262 0.0294 0.3759
vn 0.0639 0.9930 0.0991
vn 0.3455 -0.0651 0.9361
vn -0.2572 0.1335 -0.9571
vn -0.9774 0.1067 -0.1824
vn 0.9689 -0.0978 0.2272
vn 0.7115 0.0303 -0.7021
vn -0.6170 -0.0322 0.7863
vn 0.0610 0.9933 0.0978
vn 0.0088 0.9978 -0.0659
vn 0.0788 -0.9904 0.1138
vn -0.3612 -0.5576 -0.7475
vn -0.8637 0.0039 0.5040
vn 0.3920 0.5984 0.6988
vn 0.4937 -0.3685 0.7877
vn -0.4120 0.4809 -0.7739
vn -0.7176 0.6946 -0.0502
vn -0.3180 0.7465 0.5845
vn -0.1313 0.0358 0.9907
vn -0.2527 -0.5968 0.7616
vn -0.7497 -0.6583 0.0678
vn -0.9428 -0.0583 -0.3282
vn 0.8669 -0.0052 -0.4985
vn 0.0877 -0.9937 0.0703
vn -0.0854 0.9818 -0.1697
vn 0.4535 0.6001 0.6590
vn -0.8668 -0.0041 0.4986
vn -0.3948 -0.6395 -0.6596
vn -0.4467 0.3193 -0.8358
vn 0.4783 -0.4343 0.7632
vn -0.2955 -0.6726 0.6785
vn -0.6454 -0.7636 0.0193
vn -0.9232 -0.0772 -0.3765
vn -0.8016 0.5681 -0.1861
vn -0.4494 0.6740 0.5864
vn -0.1864 0.0978 0.9776
vn 0.8636 0.0050 -0.5042
vn 0.5352 0.0526 0.8431
vn -0.4868 -0.1380 -0.8626
vn -0.2257 0.8278 -0.5136
vn -0.8633 -0.0033 0.5046
vn 0.2904 -0.8011 0.5234
vn -0.1566 -0.9291 -0.3351
vn 0.2682 0.8762 0.4004
vn -0.1674 0.4031 0.8997
vn -0.1175 -0.3464 0.9307
vn -0.5100 -0.7915 0.3368
vn -0.8187 -0.5323 -0.2155
vn -0.9207 0.3171 -0.2274
vn -0.5928 0.7566 0.2760
vn 0.8627 -0.0032 -0.5057
vn -0.1312 0.0358 0.9907
vn -0.0615 0.9978 -0.0252
vn 0.0595 -0.9904 0.1250
vn -0.4687 -0.5576 -0.6852
vn 0.8670 0.0040 -0.4984
vn 0.4111 0.5984 0.6877
vn 0.4376 -0.3685 0.8202
vn -0.4663 0.4809 -0.7425
vn 0.3135 0.6946 -0.6475
vn 0.6652 0.7465 0.0150
vn 0.9247 0.0358 0.3791
vn 0.7863 -0.5968 0.1597
vn 0.4319 -0.6583 -0.6166
vn 0.1844 -0.0583 -0.9811
vn -0.8637 -0.0052 0.5040
vn 0.0174 -0.9937 0.1110
vn -0.1047 0.9818 -0.1585
vn 0.3460 0.6001 0.7212
vn 0.8638 -0.0041 -0.5039
vn -0.3757 -0.6395 -0.6707
vn -0.5027 0.3193 -0.8033
vn 0.4241 -0.4343 0.7947
vn 0.7356 -0.6726 0.0812
vn 0.3378 -0.7636 -0.5503
vn 0.1327 -0.0772 -0.9881
vn 0.2374 0.5681 -0.7880
vn 0.7322 0.6740 -0.0980
vn 0.9407 0.0978 0.3247
vn -0.8670 0.0050 0.4982
vn 0.4650 0.0526 0.8838
vn -0.5060 -0.1380 -0.8514
vn -0.3332 0.8278 -0.4513
vn 0.8673 -0.0033 -0.4978
vn 0.3095 -0.8011 0.5123
vn -0.2127 -0.9291 -0.3026
vn 0.2139 0.8762 0.4318
vn 0.8637 0.4032 0.3025
vn 0.8658 -0.3464 0.3612
vn 0.5459 -0.7915 -0.2748
vn 0.2204 -0.5323 -0.8173
vn 0.2608 0.3171 -0.9118
vn 0.5344 0.7566 -0.3769
vn -0.8679 -0.0032 0.4967
vn 0.6652 0.7465 0.0149
vn 0.4319 -0.6583 -0.6165
vn 0.7355 -0.6726 0.0812
vn 0.3379 -0.7636 -0.5503
vn 0.2375 0.5681 -0.7880
vn 0.9408 0.0978 0.3247
# 2093 vertex normals

vt 0.4102 0.3625 0.8334
vt 0.4327 0.3209 0.8080
vt 0.4866 0.3544 0.8080
vt 0.4641 0.3960 0.8334
vt 0.5342 0.4396 0.8334
vt 0.5567 0.3980 0.8080
vt 0.4382 0.4441 0.8460
vt 0.5083 0.4877 0.8460
vt 0.3843 0.4106 0.8460
vt 0.4493 0.7724 0.2900
vt 0.4588 0.7326 0.2723
vt 0.5127 0.7326 0.3058
vt 0.5032 0.7724 0.3235
vt 0.5733 0.7724 0.3672
vt 0.5829 0.7326 0.3495
vt 0.4866 0.8080 0.3544
vt 0.5567 0.8080 0.3980
vt 0.4327 0.8080 0.3209
vt 0.5150 0.6951 0.3017
vt 0.4611 0.6951 0.2681
vt 0.4597 0.6655 0.2708
vt 0.5136 0.6655 0.3043
vt 0.5837 0.6655 0.3479
vt 0.5851 0.6951 0.3453
vt 0.5630 0.3128 0.5998
vt 0.5841 0.3519 0.5731
vt 0.5302 0.3855 0.5731
vt 0.5091 0.3464 0.5998
vt 0.4390 0.3900 0.5998
vt 0.4601 0.4291 0.5731
vt 0.5052 0.6269 0.3198
vt 0.4909 0.5998 0.3464
vt 0.5610 0.5998 0.3900
vt 0.5753 0.6269 0.3634
vt 0.4513 0.6269 0.2863
vt 0.4370 0.5998 0.3128
vt 0.6094 0.3990 0.5574
vt 0.6364 0.4490 0.5556
vt 0.5825 0.4825 0.5556
vt 0.5555 0.4325 0.5574
vt 0.4854 0.4761 0.5574
vt 0.5124 0.5261 0.5556
vt 0.6308 0.5722 0.5937
vt 0.6084 0.5306 0.5682
vt 0.6623 0.4971 0.5682
vt 0.6847 0.5386 0.5937
vt 0.5383 0.5742 0.5682
vt 0.5607 0.6158 0.5937
vt 0.7015 0.6282 0.5697
vt 0.7116 0.6603 0.5884
vt 0.6577 0.6603 0.6219
vt 0.6476 0.6282 0.6032
vt 0.5775 0.6282 0.6469
vt 0.5876 0.6603 0.6656
vt 0.6308 0.5937 0.5722
vt 0.5607 0.5937 0.6158
vt 0.6847 0.5937 0.5386
vt 0.6604 0.7011 0.6269
vt 0.6611 0.6813 0.6283
vt 0.7150 0.6813 0.5947
vt 0.7143 0.7011 0.5934
vt 0.5903 0.7011 0.6706
vt 0.5910 0.6813 0.6719
vt 0.3108 0.5469 0.8008
vt 0.3320 0.5076 0.8286
vt 0.3859 0.5411 0.8286
vt 0.3647 0.5804 0.8008
vt 0.4348 0.6240 0.8008
vt 0.4560 0.5848 0.8286
vt 0.6501 0.7660 0.6080
vt 0.6353 0.8008 0.5804
vt 0.5652 0.8008 0.6240
vt 0.5800 0.7660 0.6516
vt 0.7040 0.7660 0.5744
vt 0.6892 0.8008 0.5469
vt 0.3573 0.4606 0.8443
vt 0.4112 0.4941 0.8443
vt 0.4813 0.5377 0.8443
vt 0.2232 0.7941 0.4331
vt 0.2001 0.7423 0.4456
vt 0.2095 0.7405 0.4420
vt 0.2316 0.7902 0.4301
vt 0.2635 0.8405 0.4114
vt 0.2701 0.8346 0.4093
vt 0.2174 0.7963 0.4327
vt 0.2585 0.8437 0.4104
vt 0.1938 0.7432 0.4454
vt 0.5882 0.6061 0.2371
vt 0.6124 0.6480 0.2236
vt 0.6043 0.6502 0.2292
vt 0.5810 0.6101 0.2420
vt 0.5423 0.5670 0.2629
vt 0.5479 0.5611 0.2591
vt 0.7409 0.5611 0.5479
vt 0.7450 0.5579 0.5497
vt 0.7676 0.6039 0.5908
vt 0.7629 0.6061 0.5882
vt 0.7816 0.6468 0.6155
vt 0.7764 0.6480 0.6124
vt 0.4306 0.5115 0.3216
vt 0.4301 0.5195 0.3231
vt 0.3676 0.5217 0.3567
vt 0.3653 0.5138 0.3565
vt 0.3040 0.5342 0.3896
vt 0.3089 0.5413 0.3884
vt 0.3627 0.5095 0.3543
vt 0.3000 0.5304 0.3881
vt 0.4295 0.5072 0.3186
vt 0.3804 0.8901 0.3484
vt 0.3822 0.8821 0.3489
vt 0.4446 0.8800 0.3152
vt 0.4456 0.8879 0.3132
vt 0.5069 0.8674 0.2802
vt 0.5033 0.8604 0.2836
vt 0.4448 0.8921 0.3100
vt 0.5075 0.8712 0.2762
vt 0.3782 0.8944 0.3460
vt 0.1981 0.6548 0.4466
vt 0.2075 0.6567 0.4430
vt 0.2043 0.6937 0.4448
vt 0.1947 0.6934 0.4485
vt 0.1882 0.6932 0.4484
vt 0.1917 0.6537 0.4465
vt 0.6105 0.7012 0.2258
vt 0.6121 0.6765 0.2249
vt 0.6205 0.6754 0.2189
vt 0.6188 0.7012 0.2198
vt 0.7864 0.6749 0.6238
vt 0.7811 0.6754 0.6205
vt 0.7802 0.7012 0.6188
vt 0.7855 0.7012 0.6220
vt 0.3221 0.8664 0.3813
vt 0.3177 0.8737 0.3822
vt 0.3140 0.8777 0.3806
vt 0.4936 0.5279 0.2881
vt 0.4903 0.5352 0.2908
vt 0.4940 0.5240 0.2846
vt 0.7119 0.5279 0.4936
vt 0.7154 0.5240 0.4940
vt 0.2601 0.5746 0.4147
vt 0.2529 0.5691 0.4171
vt 0.2269 0.6085 0.4326
vt 0.2183 0.6044 0.4357
vt 0.2478 0.5661 0.4162
vt 0.2124 0.6023 0.4353
vt 0.5524 0.8256 0.2571
vt 0.5581 0.8311 0.2525
vt 0.5868 0.7822 0.2386
vt 0.5940 0.7858 0.2332
vt 0.7520 0.8341 0.5599
vt 0.7475 0.8311 0.5581
vt 0.7668 0.7858 0.5940
vt 0.7718 0.7877 0.5967
vt 0.7238 0.8712 0.5075
vt 0.7198 0.8674 0.5069
vt 0.7969 0.6462 0.6090
vt 0.7929 0.6462 0.6112
vt 0.7792 0.6030 0.5861
vt 0.7833 0.6029 0.5838
vt 0.7566 0.5566 0.5443
vt 0.7608 0.5564 0.5420
vt 0.7865 0.6020 0.5841
vt 0.7637 0.5551 0.5419
vt 0.8002 0.6457 0.6095
vt 0.3323 0.3693 0.8965
vt 0.3361 0.3717 0.8963
vt 0.2998 0.4390 0.8939
vt 0.2960 0.4367 0.8942
vt 0.2657 0.5023 0.8728
vt 0.2618 0.5001 0.8731
vt 0.2590 0.4996 0.8746
vt 0.2935 0.4357 0.8959
vt 0.3302 0.3677 0.8983
vt 0.4376 0.6533 0.1835
vt 0.4395 0.6932 0.1800
vt 0.4358 0.6932 0.1773
vt 0.4339 0.6532 0.1808
vt 0.4365 0.7436 0.1856
vt 0.4328 0.7437 0.1829
vt 0.1796 0.7441 0.4316
vt 0.1739 0.6931 0.4346
vt 0.1773 0.6932 0.4358
vt 0.1829 0.7437 0.4328
vt 0.1808 0.6532 0.4339
vt 0.1775 0.6528 0.4327
vt 0.7265 0.4883 0.5223
vt 0.7305 0.4859 0.5221
vt 0.7608 0.5420 0.5564
vt 0.7566 0.5443 0.5566
vt 0.6917 0.4234 0.5054
vt 0.6956 0.4210 0.5051
vt 0.7333 0.4853 0.5205
vt 0.6980 0.4199 0.5033
vt 0.7333 0.5205 0.4853
vt 0.7305 0.5221 0.4859
vt 0.2372 0.5552 0.8354
vt 0.2332 0.5530 0.8355
vt 0.7628 0.8354 0.5552
vt 0.7828 0.7886 0.5923
vt 0.7868 0.7887 0.5902
vt 0.7668 0.8355 0.5530
vt 0.7900 0.7895 0.5905
vt 0.7698 0.8368 0.5531
vt 0.7410 0.8746 0.4996
vt 0.7382 0.8731 0.5001
vt 0.4237 0.7972 0.2094
vt 0.4199 0.7973 0.2067
vt 0.4012 0.8451 0.2510
vt 0.3975 0.8453 0.2484
vt 0.2457 0.8466 0.3960
vt 0.2036 0.7982 0.4186
vt 0.2067 0.7973 0.4199
vt 0.2484 0.8453 0.3975
vt 0.6554 0.3561 0.5077
vt 0.6593 0.3536 0.5075
vt 0.6213 0.2928 0.5288
vt 0.6251 0.2902 0.5286
vt 0.3519 0.5057 0.3387
vt 0.3536 0.5075 0.3407
vt 0.2902 0.5286 0.3749
vt 0.2879 0.5270 0.3732
vt 0.6613 0.3519 0.5057
vt 0.7966 0.7013 0.6179
vt 0.7975 0.6746 0.6196
vt 0.8015 0.6746 0.6175
vt 0.8006 0.7013 0.6158
vt 0.8049 0.6743 0.6181
vt 0.8039 0.7013 0.6164
vt 0.3710 0.3069 0.8793
vt 0.3673 0.3044 0.8796
vt 0.3975 0.2484 0.8453
vt 0.4012 0.2510 0.8451
vt 0.3022 0.8812 0.3655
vt 0.3044 0.8796 0.3673
vt 0.3693 0.8965 0.3323
vt 0.3677 0.8983 0.3302
vt 0.5929 0.2401 0.5648
vt 0.5966 0.2375 0.5646
vt 0.4226 0.6012 0.2017
vt 0.4034 0.5646 0.2375
vt 0.4071 0.5648 0.2401
vt 0.4263 0.6013 0.2044
vt 0.2017 0.6012 0.4226
vt 0.1986 0.6003 0.4213
vt 0.2347 0.5634 0.4019
vt 0.2375 0.5646 0.4034
vt 0.3547 0.9906 0.3356
vt 0.3570 0.9743 0.3346
vt 0.4512 0.9711 0.2838
vt 0.4546 0.9871 0.2818
vt 0.5398 0.9415 0.2361
vt 0.5484 0.9559 0.2312
vt 0.5534 0.9638 0.2289
vt 0.4567 0.9961 0.2811
vt 0.3537 0.9997 0.3366
vt 0.1986 0.4477 0.4381
vt 0.1945 0.4910 0.4427
vt 0.1466 0.6079 0.4598
vt 0.1410 0.5847 0.4613
vt 0.1156 0.7336 0.4686
vt 0.1020 0.7298 0.4753
vt 0.0937 0.7269 0.4777
vt 0.1352 0.5695 0.4573
vt 0.1961 0.4197 0.4266
vt 0.6127 0.8853 0.1971
vt 0.6254 0.8955 0.1899
vt 0.6570 0.7935 0.1752
vt 0.6705 0.7927 0.1670
vt 0.6778 0.7914 0.1619
vt 0.6326 0.9011 0.1862
vt 0.1322 0.8323 0.4563
vt 0.1170 0.8394 0.4642
vt 0.1880 0.9027 0.4257
vt 0.1757 0.9147 0.4321
vt 0.1691 0.9214 0.4361
vt 0.1086 0.8432 0.4688
vt 0.8202 0.4992 0.6603
vt 0.8141 0.5424 0.6558
vt 0.8050 0.4627 0.6472
vt 0.8104 0.4065 0.6489
vt 0.7898 0.4097 0.6391
vt 0.7982 0.3577 0.6466
vt 0.8104 0.3126 0.6285
vt 0.8198 0.3693 0.6449
vt 0.8284 0.4712 0.6604
vt 0.2664 0.9506 0.3835
vt 0.2587 0.9655 0.3874
vt 0.2547 0.9738 0.3899
vt 0.8691 0.3604 0.2371
vt 0.8411 0.3779 0.2365
vt 0.8102 0.3206 0.2333
vt 0.8394 0.3050 0.2342
vt 0.8115 0.2536 0.2374
vt 0.7818 0.2680 0.2367
vt 0.8297 0.2636 0.2407
vt 0.8573 0.3112 0.2402
vt 0.8785 0.3540 0.2405
vt 0.9797 0.4716 0.5649
vt 0.9521 0.4702 0.5837
vt 0.9435 0.3683 0.5679
vt 0.9709 0.3700 0.5485
vt 0.9605 0.3135 0.5289
vt 0.9345 0.3131 0.5512
vt 0.4711 0.3135 0.0395
vt 0.5190 0.3175 0.0485
vt 0.4696 0.3828 0.0233
vt 0.4515 0.3700 0.0291
vt 0.4351 0.4716 0.0203
vt 0.4507 0.4814 0.0133
vt 0.2842 0.0754 0.9203
vt 0.3130 0.0922 0.9216
vt 0.2668 0.1778 0.9741
vt 0.2382 0.1608 0.9725
vt 0.1849 0.2596 0.9983
vt 0.2133 0.2770 1.0000
vt 0.1725 0.2540 0.9867
vt 0.2246 0.1575 0.9615
vt 0.2842 0.9203 0.0754
vt 0.2382 0.9725 0.1608
vt 0.2246 0.9615 0.1575
vt 0.2693 0.9111 0.0744
vt 0.7243 0.4506 0.2358
vt 0.7188 0.4543 0.2309
vt 0.6889 0.4007 0.2276
vt 0.6934 0.3938 0.2326
vt 0.6592 0.3525 0.2299
vt 0.6643 0.3422 0.2359
vt 0.3899 0.2547 0.9738
vt 0.3366 0.3537 0.9997
vt 0.4361 0.1691 0.9214
vt 0.6309 0.3133 0.2392
vt 0.6388 0.3000 0.2468
vt 0.3691 0.2392 0.3133
vt 0.3887 0.2726 0.2697
vt 0.3612 0.2468 0.3000
vt 0.7584 0.2245 0.2478
vt 0.6113 0.2697 0.2726
vt 0.7396 0.1897 0.2732
vt 0.7899 0.2709 0.5976
vt 0.8021 0.2798 0.5964
vt 0.4432 0.2596 0.2188
vt 0.4036 0.2798 0.1979
vt 0.4024 0.2709 0.2101
vt 0.4432 0.2525 0.2284
vt 0.9198 0.5239 0.2809
vt 0.8021 0.5964 0.2798
vt 0.7812 0.5568 0.2596
vt 0.8986 0.4846 0.2606
vt 0.9198 0.2809 0.5239
vt 0.1578 0.3800 0.9964
vt 0.2811 0.4567 0.9961
vt 0.2289 0.5534 0.9638
vt 0.1055 0.4769 0.9641
vt 0.3319 0.5689 0.0571
vt 0.4573 0.5695 0.1352
vt 0.4777 0.7269 0.0937
vt 0.3539 0.7268 0.0163
vt 0.4266 0.4197 0.1961
vt 0.2995 0.4186 0.1172
vt 0.3495 0.3886 0.8476
vt 0.3578 0.3940 0.8462
vt 0.3308 0.4441 0.8445
vt 0.3222 0.4392 0.8459
vt 0.3054 0.4912 0.8288
vt 0.2966 0.4867 0.8300
vt 0.2752 0.5264 0.8019
vt 0.2842 0.5305 0.8009
vt 0.7307 0.7661 0.5581
vt 0.7158 0.8009 0.5305
vt 0.7398 0.7667 0.5543
vt 0.7248 0.8019 0.5264
vt 0.7409 0.7011 0.5771
vt 0.7417 0.6813 0.5784
vt 0.7509 0.6811 0.5748
vt 0.7502 0.7011 0.5735
vt 0.7382 0.6602 0.5721
vt 0.7474 0.6598 0.5684
vt 0.7281 0.6281 0.5533
vt 0.7372 0.6274 0.5495
vt 0.7114 0.5935 0.5223
vt 0.7203 0.5925 0.5181
vt 0.7203 0.5181 0.5925
vt 0.7114 0.5223 0.5935
vt 0.6889 0.4806 0.5680
vt 0.6976 0.4761 0.5668
vt 0.6630 0.4325 0.5554
vt 0.6714 0.4274 0.5540
vt 0.6442 0.3769 0.5558
vt 0.6360 0.3824 0.5572
vt 0.6106 0.3353 0.5729
vt 0.6185 0.3293 0.5716
vt 0.5972 0.2898 0.5987
vt 0.5895 0.2961 0.5996
vt 0.4249 0.6268 0.2695
vt 0.4105 0.5996 0.2961
vt 0.4028 0.5987 0.2898
vt 0.4173 0.6261 0.2630
vt 0.4332 0.6655 0.2540
vt 0.4347 0.6951 0.2514
vt 0.4271 0.6951 0.2446
vt 0.4257 0.6651 0.2473
vt 0.4324 0.7327 0.2556
vt 0.4249 0.7330 0.2488
vt 0.4229 0.7725 0.2733
vt 0.4152 0.7732 0.2667
vt 0.4062 0.8081 0.3042
vt 0.3984 0.8092 0.2979
vt 0.4062 0.3042 0.8081
vt 0.3837 0.3458 0.8336
vt 0.3757 0.3400 0.8349
vt 0.3984 0.2979 0.8092
vt 0.7288 0.8045 0.5281
vt 0.7068 0.8334 0.4873
vt 0.7034 0.8300 0.4867
vt 0.7442 0.7684 0.5567
vt 0.5339 0.8097 0.2676
vt 0.5281 0.8045 0.2712
vt 0.5567 0.7684 0.2558
vt 0.5640 0.7718 0.2514
vt 0.4912 0.8400 0.2907
vt 0.4873 0.8334 0.2932
vt 0.2852 0.5960 0.4021
vt 0.3258 0.5683 0.3802
vt 0.3293 0.5716 0.3815
vt 0.2898 0.5987 0.4028
vt 0.2630 0.6261 0.4173
vt 0.2577 0.6241 0.4170
vt 0.2790 0.5908 0.4051
vt 0.2501 0.6203 0.4207
vt 0.3216 0.5616 0.3821
vt 0.6976 0.5668 0.4761
vt 0.7009 0.5632 0.4764
vt 0.7242 0.5897 0.5196
vt 0.4265 0.5502 0.3260
vt 0.4764 0.5632 0.2991
vt 0.4761 0.5668 0.3024
vt 0.4274 0.5540 0.3286
vt 0.4273 0.5427 0.3251
vt 0.4797 0.5564 0.2968
vt 0.5250 0.5841 0.2724
vt 0.5196 0.5897 0.2758
vt 0.2936 0.8120 0.3976
vt 0.2979 0.8092 0.3984
vt 0.3400 0.8349 0.3757
vt 0.3368 0.8384 0.3744
vt 0.3867 0.8515 0.3474
vt 0.3886 0.8476 0.3495
vt 0.3331 0.8453 0.3759
vt 0.3855 0.8590 0.3477
vt 0.2878 0.8175 0.4003
vt 0.7556 0.6806 0.5777
vt 0.7548 0.7012 0.5764
vt 0.7520 0.6588 0.5712
vt 0.5861 0.6796 0.2395
vt 0.5777 0.6806 0.2444
vt 0.5712 0.6588 0.2480
vt 0.5792 0.6567 0.2432
vt 0.5764 0.7012 0.2452
vt 0.5846 0.7012 0.2403
vt 0.2446 0.6951 0.4271
vt 0.2389 0.6949 0.4271
vt 0.2416 0.6642 0.4257
vt 0.2473 0.6651 0.4257
vt 0.2432 0.7338 0.4248
vt 0.2488 0.7330 0.4249
vt 0.2303 0.6946 0.4313
vt 0.2348 0.7355 0.4289
vt 0.2332 0.6623 0.4298
vt 0.4386 0.8496 0.3195
vt 0.4392 0.8459 0.3222
vt 0.4867 0.8300 0.2966
vt 0.4399 0.8571 0.3183
vt 0.3746 0.5520 0.3539
vt 0.3769 0.5558 0.3558
vt 0.3728 0.5446 0.3545
vt 0.7416 0.6254 0.5518
vt 0.5588 0.6217 0.2542
vt 0.5518 0.6254 0.2584
vt 0.2667 0.7732 0.4152
vt 0.2616 0.7751 0.4149
vt 0.2541 0.7788 0.4185
vt 0.4973 0.8501 0.2873
vt 0.5432 0.8176 0.2626
vt 0.5754 0.7770 0.2452
vt 0.3154 0.5515 0.3854
vt 0.2697 0.5828 0.4100
vt 0.2387 0.6145 0.4267
vt 0.5336 0.5756 0.2678
vt 0.4850 0.5459 0.2939
vt 0.4288 0.5312 0.3242
vt 0.2791 0.8260 0.4049
vt 0.3277 0.8558 0.3787
vt 0.3839 0.8705 0.3484
vt 0.5976 0.7012 0.2332
vt 0.5991 0.6781 0.2324
vt 0.5917 0.6535 0.2364
vt 0.2175 0.6942 0.4381
vt 0.2205 0.6595 0.4365
vt 0.2223 0.7380 0.4355
vt 0.4424 0.8684 0.3169
vt 0.3703 0.5332 0.3557
vt 0.5699 0.6159 0.2482
vt 0.2430 0.7844 0.4244
vt 0.6162 0.2961 0.5290
vt 0.6119 0.3000 0.5304
vt 0.5838 0.2478 0.5661
vt 0.5878 0.2435 0.5650
vt 0.2078 0.6014 0.4314
vt 0.2435 0.5650 0.4122
vt 0.4122 0.5650 0.2435
vt 0.4314 0.6014 0.2078
vt 0.4063 0.2544 0.8449
vt 0.4104 0.2585 0.8437
vt 0.3806 0.3140 0.8777
vt 0.3762 0.3103 0.8791
vt 0.3413 0.3750 0.8961
vt 0.3460 0.3782 0.8944
vt 0.7912 0.7013 0.6208
vt 0.7922 0.6746 0.6226
vt 0.7874 0.6463 0.6142
vt 0.6863 0.4267 0.5056
vt 0.6814 0.4295 0.5072
vt 0.6457 0.3627 0.5095
vt 0.6502 0.3594 0.5079
vt 0.1890 0.7436 0.4416
vt 0.2128 0.7971 0.4287
vt 0.2544 0.8449 0.4063
vt 0.4287 0.7971 0.2128
vt 0.4063 0.8449 0.2544
vt 0.4416 0.7436 0.1890
vt 0.7290 0.8726 0.5054
vt 0.7575 0.8352 0.5583
vt 0.7775 0.7884 0.5953
vt 0.2710 0.5054 0.8726
vt 0.2425 0.5583 0.8352
vt 0.7508 0.5477 0.5567
vt 0.7450 0.5497 0.5579
vt 0.7154 0.4940 0.5240
vt 0.7208 0.4917 0.5225
vt 0.1834 0.6932 0.4446
vt 0.1870 0.6533 0.4427
vt 0.4446 0.6932 0.1834
vt 0.4427 0.6533 0.1870
vt 0.3100 0.4448 0.8921
vt 0.3051 0.4422 0.8937
vt 0.2762 0.5075 0.8712
vt 0.7735 0.6031 0.5893
vt 0.7508 0.5567 0.5477
vt 0.6137 0.6393 0.1969
vt 0.6095 0.6457 0.1998
vt 0.5841 0.6020 0.2135
vt 0.5877 0.5953 0.2109
vt 0.5447 0.5483 0.2341
vt 0.5419 0.5551 0.2363
vt 0.5499 0.5192 0.2351
vt 0.5935 0.5610 0.2116
vt 0.6204 0.6018 0.1970
vt 0.2864 0.5198 0.3735
vt 0.2324 0.5561 0.4027
vt 0.1957 0.5931 0.4225
vt 0.2032 0.5556 0.4238
vt 0.2397 0.5218 0.4035
vt 0.2926 0.4908 0.3742
vt 0.2409 0.8507 0.3974
vt 0.2991 0.8863 0.3660
vt 0.3664 0.9040 0.3297
vt 0.3643 0.9191 0.3307
vt 0.2920 0.9002 0.3697
vt 0.2295 0.8619 0.4034
vt 0.6181 0.6743 0.1951
vt 0.6227 0.6688 0.1920
vt 0.6211 0.6975 0.1928
vt 0.6164 0.7013 0.1961
vt 0.6304 0.6337 0.1912
vt 0.6307 0.6712 0.1902
vt 0.4205 0.4964 0.3011
vt 0.4199 0.5033 0.3020
vt 0.3514 0.4987 0.3384
vt 0.3567 0.4733 0.3393
vt 0.4255 0.4723 0.3022
vt 0.1977 0.8009 0.4207
vt 0.1734 0.7447 0.4339
vt 0.1835 0.8078 0.4283
vt 0.1602 0.7435 0.4416
vt 0.5021 0.8796 0.2565
vt 0.4996 0.8746 0.2590
vt 0.5531 0.8368 0.2302
vt 0.5570 0.8406 0.2269
vt 0.5954 0.7913 0.2063
vt 0.5905 0.7895 0.2100
vt 0.5690 0.8504 0.2204
vt 0.6090 0.7931 0.1993
vt 0.5101 0.8929 0.2520
vt 0.4853 0.5205 0.2667
vt 0.4871 0.5136 0.2652
vt 0.4920 0.4882 0.2664
vt 0.1685 0.6909 0.4367
vt 0.1732 0.6480 0.4344
vt 0.1615 0.6767 0.4427
vt 0.1692 0.6909 0.4378
vt 0.1721 0.6206 0.4362
vt 0.4357 0.8959 0.2935
vt 0.4363 0.9015 0.2920
vt 0.4395 0.9165 0.2901
vt 0.7342 0.8767 0.1603
vt 0.6239 0.8986 0.1009
vt 0.5790 0.8499 0.0766
vt 0.7277 0.8274 0.1568
vt 0.7169 0.7458 0.1510
vt 0.5525 0.7658 0.0623
vt 0.8780 0.8169 0.2379
vt 0.8818 0.7294 0.2399
vt 0.8470 0.8739 0.2211
vt 0.5537 0.5196 0.0630
vt 0.5626 0.4411 0.0678
vt 0.6765 0.4400 0.1292
vt 0.6863 0.5142 0.1345
vt 0.5843 0.3998 0.0795
vt 0.6700 0.3912 0.1257
vt 0.7874 0.4162 0.1890
vt 0.7556 0.3809 0.1718
vt 0.8165 0.4906 0.2047
vt 0.5460 0.2752 0.0650
vt 0.6516 0.2583 0.1177
vt 0.6567 0.2936 0.1194
vt 0.5583 0.2603 0.0743
vt 0.6062 0.2493 0.0981
vt 0.6460 0.2405 0.1215
vt 0.6888 0.2402 0.1427
vt 0.7364 0.2407 0.1703
vt 0.7546 0.2522 0.1775
vt 0.7937 0.2871 0.1966
vt 0.7972 0.9125 0.1943
vt 0.7419 0.9344 0.1644
vt 0.6824 0.9252 0.1324
vt 0.7378 0.9039 0.1623
vt 0.5692 0.9280 0.0721
vt 0.6537 0.9563 0.1176
vt 0.7449 0.9599 0.1668
vt 0.7460 0.9867 0.1725
vt 0.6458 0.9833 0.1185
vt 0.5520 0.9524 0.0679
vt 0.4649 0.7801 0.0158
vt 0.5021 0.8742 0.0359
vt 0.4760 0.8926 0.0270
vt 0.4332 0.7880 0.0039
vt 0.4801 0.5031 0.0241
vt 0.5477 0.6415 0.0598
vt 0.4640 0.6404 0.0154
vt 0.4322 0.6333 0.0033
vt 0.8830 0.4586 0.2413
vt 0.8422 0.3768 0.2192
vt 0.7794 0.3408 0.1851
vt 0.8573 0.3400 0.2324
vt 0.9012 0.4316 0.2562
vt 0.9073 0.8907 0.2543
vt 0.9584 0.8238 0.2819
vt 0.9700 0.7243 0.2881
vt 0.9981 0.7256 0.3084
vt 0.9838 0.8365 0.3007
vt 0.9256 0.9111 0.2693
vt 0.8325 0.9366 0.2141
vt 0.8425 0.9615 0.2246
vt 0.6635 0.3420 0.1223
vt 0.5502 0.3661 0.0616
vt 0.3249 0.7266 0.0000
vt 0.3456 0.8433 0.0315
vt 0.3167 0.8425 0.0151
vt 0.3130 0.9216 0.0922
vt 0.3007 0.8365 0.0162
vt 0.3084 0.7256 0.0019
vt 0.0775 0.4588 0.9626
vt 0.0628 0.5562 0.9013
vt 0.0350 0.5377 0.9002
vt 0.9892 0.7910 0.5825
vt 0.9650 0.9002 0.5377
vt 0.9372 0.9013 0.5562
vt 0.9616 0.7914 0.6014
vt 0.4175 0.7910 0.0108
vt 0.4623 0.9002 0.0350
vt 0.5412 0.9626 0.0775
vt 0.9249 0.4641 0.2606
vt 0.8716 0.4344 0.2459
vt 0.8986 0.4148 0.2463
vt 0.9019 0.3938 0.2493
vt 0.9257 0.4417 0.2603
vt 0.7896 0.2124 0.2485
vt 0.7704 0.1763 0.2746
vt 0.2296 0.2746 0.1763
vt 0.1966 0.2871 0.2063
vt 0.1775 0.2522 0.2454
vt 0.2104 0.2485 0.2124
vt 0.7464 0.2374 0.1885
vt 0.7876 0.2485 0.2104
vt 0.7345 0.2424 0.1722
vt 0.4688 0.8432 0.1086
vt 0.4361 0.9214 0.1691
vt 0.8138 0.9011 0.6326
vt 0.8381 0.7914 0.6778
vt 0.1862 0.6326 0.9011
vt 0.3030 0.5697 0.0406
vt 0.2708 0.4202 0.1004
vt 0.2872 0.5751 0.0412
vt 0.2562 0.4316 0.0988
vt 0.1296 0.3623 0.9948
vt 0.6377 0.9948 0.1296
vt 0.7404 0.9983 0.1849
vt 0.9451 0.2804 0.5009
vt 0.9451 0.5009 0.2804
vt 0.4991 0.2804 0.0549
vt 0.5359 0.2606 0.0751
vt 0.7715 0.5568 0.2526
vt 0.7471 0.5079 0.2395
vt 0.7546 0.5068 0.2450
vt 0.5494 0.2358 0.2757
vt 0.4932 0.2451 0.2455
vt 0.4921 0.2395 0.2529
vt 0.5457 0.2309 0.2812
vt 0.7545 0.5068 0.2451
vt 0.6281 0.5153 0.2021
vt 0.6003 0.4855 0.2181
vt 0.5568 0.4581 0.2417
vt 0.6093 0.4090 0.2310
vt 0.5663 0.3982 0.2547
vt 0.6391 0.4097 0.2102
vt 0.3116 0.4310 0.3751
vt 0.2632 0.4481 0.4034
vt 0.2286 0.4709 0.4233
vt 0.2918 0.3736 0.4079
vt 0.2605 0.3673 0.4248
vt 0.3350 0.3725 0.3813
vt 0.2089 0.8821 0.4145
vt 0.2793 0.9252 0.3765
vt 0.3607 0.9465 0.3326
vt 0.6442 0.6100 0.1887
vt 0.6397 0.5526 0.1937
vt 0.6472 0.4627 0.1950
vt 0.6558 0.5424 0.1859
vt 0.4366 0.4248 0.3066
vt 0.3714 0.4227 0.3419
vt 0.3900 0.3737 0.3500
vt 0.4511 0.3787 0.3168
vt 0.1379 0.7391 0.4553
vt 0.1580 0.8200 0.4422
vt 0.5248 0.9170 0.2441
vt 0.5907 0.8678 0.2088
vt 0.6330 0.7938 0.1875
vt 0.5005 0.4370 0.2721
vt 0.5119 0.3872 0.2841
vt 0.1835 0.5588 0.4419
vt 0.1753 0.6208 0.4400
vt 0.1537 0.6440 0.4521
vt 0.4453 0.9435 0.2870
vt 0.4502 0.1717 0.3520
vt 0.4910 0.1698 0.3542
vt 0.4922 0.1798 0.3531
vt 0.4515 0.1817 0.3508
vt 0.4922 0.1837 0.3522
vt 0.4517 0.1856 0.3496
vt 0.4127 0.1880 0.3551
vt 0.4113 0.1842 0.3569
vt 0.4099 0.1743 0.3583
vt 0.3733 0.1874 0.3712
vt 0.3716 0.1775 0.3730
vt 0.3776 0.1912 0.3672
vt 0.3449 0.1991 0.3823
vt 0.3385 0.1914 0.3929
vt 0.3367 0.1812 0.3954
vt 0.5420 0.1997 0.2836
vt 0.5021 0.2040 0.2660
vt 0.5008 0.1934 0.2652
vt 0.5402 0.1893 0.2824
vt 0.5002 0.2126 0.2641
vt 0.5429 0.2077 0.2836
vt 0.4501 0.2178 0.2513
vt 0.4593 0.2079 0.2560
vt 0.4584 0.1974 0.2555
vt 0.4148 0.2011 0.2537
vt 0.4160 0.2112 0.2544
vt 0.4115 0.2159 0.2537
vt 0.3725 0.2184 0.2601
vt 0.3733 0.2143 0.2606
vt 0.3716 0.2044 0.2599
vt 0.2949 0.2190 0.2954
vt 0.2625 0.2203 0.3229
vt 0.2606 0.2103 0.3226
vt 0.2929 0.2091 0.2950
vt 0.2958 0.2230 0.2950
vt 0.2633 0.2243 0.3228
vt 0.6442 0.2207 0.7637
vt 0.6771 0.2203 0.7375
vt 0.6772 0.2243 0.7367
vt 0.6440 0.2248 0.7631
vt 0.6774 0.2103 0.7394
vt 0.6446 0.2108 0.7655
vt 0.3080 0.1956 0.4226
vt 0.3066 0.1851 0.4247
vt 0.3094 0.2036 0.4182
vt 0.5774 0.1956 0.3080
vt 0.5818 0.2036 0.3094
vt 0.5753 0.1851 0.3066
vt 0.3410 0.2160 0.3687
vt 0.3085 0.2145 0.4075
vt 0.5993 0.2276 0.3111
vt 0.5903 0.2160 0.3107
vt 0.6313 0.2160 0.3410
vt 0.6475 0.2299 0.3408
vt 0.5441 0.2197 0.2829
vt 0.3343 0.1624 0.3983
vt 0.3043 0.1664 0.4278
vt 0.3024 0.1480 0.4311
vt 0.3322 0.1440 0.4015
vt 0.5370 0.1705 0.2803
vt 0.5722 0.1664 0.3043
vt 0.5689 0.1480 0.3024
vt 0.5335 0.1522 0.2785
vt 0.3711 0.2606 0.2265
vt 0.3718 0.2345 0.2475
vt 0.4089 0.2280 0.2447
vt 0.4075 0.2488 0.2280
vt 0.4493 0.2362 0.2401
vt 0.4432 0.2526 0.2285
vt 0.3715 0.3126 0.1896
vt 0.3769 0.2017 0.3556
vt 0.3720 0.2202 0.3362
vt 0.4039 0.2255 0.3163
vt 0.4097 0.2023 0.3404
vt 0.3408 0.2299 0.3525
vt 0.3165 0.7004 0.3634
vt 0.2679 0.6695 0.3632
vt 0.2850 0.6424 0.3714
vt 0.3330 0.6724 0.3714
vt 0.3561 0.6299 0.3683
vt 0.3082 0.6001 0.3683
vt 0.3897 0.7077 0.3714
vt 0.4127 0.6652 0.3683
vt 0.3742 0.7366 0.3634
vt 0.3370 0.5467 0.3624
vt 0.3849 0.5765 0.3624
vt 0.4168 0.5173 0.3558
vt 0.3689 0.4875 0.3558
vt 0.4415 0.6117 0.3624
vt 0.4734 0.5525 0.3558
vt 0.4781 0.4051 0.3434
vt 0.4308 0.3756 0.3434
vt 0.4555 0.3349 0.3371
vt 0.5019 0.3637 0.3371
vt 0.5160 0.3381 0.3226
vt 0.4695 0.3098 0.3228
vt 0.5568 0.3978 0.3371
vt 0.5708 0.3719 0.3225
vt 0.5341 0.4399 0.3434
vt 0.4009 0.4284 0.3493
vt 0.4488 0.4582 0.3493
vt 0.5053 0.4934 0.3493
vt 0.6820 0.2413 0.7324
vt 0.6782 0.2287 0.7356
vt 0.7071 0.2275 0.7030
vt 0.7149 0.2402 0.6991
vt 0.6437 0.2292 0.7627
vt 0.6426 0.2418 0.7619
vt 0.2970 0.2275 0.2929
vt 0.2638 0.2287 0.3212
vt 0.5160 0.3226 0.3381
vt 0.4695 0.3228 0.3098
vt 0.4702 0.2944 0.3024
vt 0.5185 0.2938 0.3304
vt 0.5177 0.2576 0.3353
vt 0.4687 0.2586 0.3095
vt 0.5749 0.2935 0.3644
vt 0.5735 0.2571 0.3680
vt 0.5708 0.3225 0.3719
vt 0.4908 0.1880 0.3498
vt 0.4856 0.1999 0.3417
vt 0.4459 0.2014 0.3359
vt 0.4507 0.1898 0.3464
vt 0.4139 0.1916 0.3509
vt 0.7425 0.3375 0.6802
vt 0.7424 0.3017 0.6845
vt 0.7760 0.3018 0.6578
vt 0.7767 0.3397 0.6576
vt 0.7657 0.3680 0.6488
vt 0.7321 0.3632 0.6695
vt 0.6338 0.3381 0.7511
vt 0.6375 0.3028 0.7570
vt 0.6946 0.3025 0.7191
vt 0.6929 0.3379 0.7133
vt 0.6835 0.3634 0.7004
vt 0.6258 0.3634 0.7366
vt 0.5694 0.1865 0.3815
vt 0.5700 0.1983 0.3791
vt 0.5279 0.1987 0.3565
vt 0.5311 0.1868 0.3617
vt 0.5319 0.1826 0.3632
vt 0.5691 0.1823 0.3823
vt 0.2887 0.3275 0.4385
vt 0.2637 0.3147 0.4209
vt 0.2825 0.2973 0.4373
vt 0.4323 0.2603 0.2922
vt 0.4373 0.2973 0.2825
vt 0.4209 0.3147 0.2637
vt 0.4385 0.3275 0.2887
vt 0.3358 0.2383 0.2611
vt 0.3335 0.2255 0.2711
vt 0.3705 0.2227 0.2575
vt 0.3009 0.2402 0.2851
vt 0.3329 0.2210 0.2739
vt 0.4667 0.3587 0.3363
vt 0.4074 0.3524 0.3685
vt 0.3545 0.3470 0.3987
vt 0.3685 0.4074 0.3524
vt 0.3987 0.3545 0.3470
vt 0.3363 0.4667 0.3587
vt 0.3137 0.3416 0.4242
vt 0.4242 0.3137 0.3416
vt 0.4385 0.2887 0.3275
vt 0.5797 0.3720 0.2754
vt 0.5261 0.3655 0.3043
vt 0.3043 0.5261 0.3655
vt 0.2754 0.5797 0.3720
vt 0.6488 0.3680 0.2343
vt 0.6198 0.3745 0.2492
vt 0.6220 0.3760 0.2521
vt 0.2521 0.6220 0.3760
vt 0.2343 0.6488 0.3680
vt 0.3324 0.2170 0.2744
vt 0.3304 0.2071 0.2738
vt 0.5687 0.1783 0.3827
vt 0.5317 0.1786 0.3639
vt 0.5306 0.1686 0.3648
vt 0.5676 0.1683 0.3835
vt 0.2040 0.5557 0.4247
vt 0.1848 0.5843 0.4334
vt 0.2058 0.5043 0.4338
vt 0.5581 0.5588 0.1835
vt 0.5662 0.5043 0.2058
vt 0.5666 0.5843 0.1848
vt 0.5619 0.6206 0.1738
vt 0.2287 0.4159 0.4309
vt 0.6265 0.7282 0.1911
vt 0.6464 0.6986 0.1837
vt 0.6655 0.6655 0.1754
vt 0.2604 0.2732 0.1897
vt 0.2769 0.3232 0.1590
vt 0.2479 0.3251 0.1427
vt 0.2324 0.3400 0.1427
vt 0.8541 0.6077 0.2250
vt 0.9344 0.5884 0.2690
vt 0.9588 0.5751 0.2872
vt 0.4984 0.4147 0.0339
vt 0.7014 0.6285 0.1426
vt 0.1827 0.6262 0.4299
vt 0.1793 0.6198 0.4313
vt 0.5687 0.6198 0.1793
vt 0.5656 0.6480 0.1732
vt 0.6093 0.7412 0.1999
vt 0.6143 0.7402 0.1963
vt 0.1969 0.6277 0.4437
vt 0.1922 0.6271 0.4399
vt 0.4348 0.6270 0.1887
vt 0.4399 0.6271 0.1922
vt 0.7818 0.7404 0.6151
vt 0.7875 0.7407 0.6139
vt 0.7928 0.7408 0.6109
vt 0.2251 0.6367 0.4341
vt 0.2374 0.6411 0.4275
vt 0.2124 0.6323 0.4404
vt 0.5790 0.7332 0.2433
vt 0.5915 0.7355 0.2365
vt 0.6040 0.7379 0.2293
vt 0.2512 0.6454 0.4236
vt 0.2456 0.6439 0.4235
vt 0.7473 0.7308 0.5682
vt 0.7519 0.7316 0.5710
vt 0.5710 0.7316 0.2481
vt 0.4311 0.6459 0.2579
vt 0.4236 0.6454 0.2512
vt 0.4576 0.6460 0.2746
vt 0.7382 0.7305 0.5719
vt 0.7115 0.7305 0.5882
vt 0.4052 0.3241 0.2386
vt 0.9624 0.6292 0.6029
vt 0.8388 0.6298 0.6795
vt 0.9900 0.6297 0.5840
vt 0.4160 0.6297 0.0100
vt 0.6752 0.6440 0.1679
vt 0.6603 0.4992 0.1798
vt 0.6544 0.5424 0.1842
vt 0.8321 0.6440 0.6752
vt 0.6816 0.6298 0.1638
vt 0.2384 0.3605 0.4229
vt 0.2386 0.3241 0.4052
vt 0.4285 0.3568 0.2322
vt 0.7968 0.7408 0.6088
vt 0.8001 0.7412 0.6093
vt 0.4311 0.6269 0.1860
vt 0.1860 0.6269 0.4311
vt 0.6121 0.7395 0.2235
vt 0.7765 0.7395 0.6121
vt 0.2032 0.6293 0.4439
vt 0.6576 0.7305 0.6218
vt 0.5875 0.7305 0.6654
vt 0.5115 0.6460 0.3082
vt 0.5816 0.6460 0.3518
vt 0.6583 0.5168 0.8334
vt 0.6044 0.4833 0.8334
vt 0.6268 0.4417 0.8080
vt 0.6807 0.4752 0.8080
vt 0.5784 0.5314 0.8460
vt 0.6323 0.5649 0.8460
vt 0.6434 0.7724 0.4108
vt 0.6530 0.7326 0.3931
vt 0.7069 0.7326 0.4266
vt 0.6973 0.7724 0.4443
vt 0.6807 0.8080 0.4752
vt 0.6268 0.8080 0.4417
vt 0.6552 0.6951 0.3889
vt 0.6538 0.6655 0.3916
vt 0.7077 0.6655 0.4251
vt 0.7091 0.6951 0.4225
vt 0.3689 0.4336 0.5998
vt 0.3900 0.4727 0.5731
vt 0.3361 0.5063 0.5731
vt 0.3150 0.4671 0.5998
vt 0.6454 0.6269 0.4071
vt 0.6311 0.5998 0.4336
vt 0.6850 0.5998 0.4671
vt 0.6993 0.6269 0.4406
vt 0.4153 0.5197 0.5574
vt 0.4423 0.5698 0.5556
vt 0.3884 0.6033 0.5556
vt 0.3614 0.5533 0.5574
vt 0.4143 0.6514 0.5682
vt 0.4682 0.6179 0.5682
vt 0.4906 0.6594 0.5937
vt 0.4367 0.6930 0.5937
vt 0.4535 0.6282 0.7240
vt 0.5074 0.6282 0.6905
vt 0.5174 0.6603 0.7092
vt 0.4635 0.6603 0.7427
vt 0.4367 0.5937 0.6930
vt 0.4906 0.5937 0.6594
vt 0.5209 0.6813 0.7155
vt 0.5202 0.7011 0.7142
vt 0.4663 0.7011 0.7477
vt 0.4670 0.6813 0.7491
vt 0.5049 0.6677 0.8008
vt 0.5261 0.6284 0.8286
vt 0.5800 0.6619 0.8286
vt 0.5588 0.7012 0.8008
vt 0.4951 0.8008 0.6677
vt 0.4412 0.8008 0.7012
vt 0.4560 0.7660 0.7287
vt 0.5099 0.7660 0.6952
vt 0.5515 0.5814 0.8443
vt 0.6054 0.6149 0.8443
vt 0.5668 0.7902 0.7541
vt 0.5889 0.7405 0.7660
vt 0.5969 0.7423 0.7718
vt 0.5738 0.7941 0.7593
vt 0.7593 0.7941 0.4262
vt 0.7718 0.7423 0.4031
vt 0.7770 0.7432 0.4001
vt 0.7643 0.7963 0.4237
vt 0.7420 0.8437 0.4649
vt 0.7376 0.8405 0.4664
vt 0.5336 0.8405 0.7376
vt 0.5282 0.8346 0.7333
vt 0.2095 0.6061 0.5621
vt 0.2176 0.6101 0.5656
vt 0.1942 0.6502 0.5531
vt 0.1849 0.6480 0.5494
vt 0.1785 0.6468 0.5494
vt 0.2038 0.6039 0.5624
vt 0.2501 0.5611 0.5837
vt 0.2454 0.5579 0.5844
vt 0.2564 0.5670 0.5864
vt 0.4307 0.5217 0.6807
vt 0.3683 0.5195 0.6470
vt 0.3667 0.5115 0.6474
vt 0.4318 0.5138 0.6827
vt 0.4310 0.5095 0.6859
vt 0.3645 0.5072 0.6497
vt 0.4937 0.5304 0.7197
vt 0.4931 0.5342 0.7158
vt 0.4894 0.5413 0.7124
vt 0.3514 0.8879 0.6394
vt 0.3538 0.8800 0.6392
vt 0.4162 0.8821 0.6729
vt 0.4166 0.8901 0.6746
vt 0.4155 0.8944 0.6776
vt 0.3488 0.8921 0.6416
vt 0.2861 0.8712 0.6078
vt 0.2901 0.8674 0.6063
vt 0.2951 0.8604 0.6076
vt 0.5989 0.6548 0.7728
vt 0.6023 0.6934 0.7747
vt 0.5941 0.6937 0.7688
vt 0.5908 0.6567 0.7670
vt 0.7728 0.6548 0.4011
vt 0.7781 0.6537 0.3981
vt 0.7800 0.6932 0.3946
vt 0.7747 0.6934 0.3977
vt 0.1782 0.7012 0.5460
vt 0.1765 0.6754 0.5451
vt 0.1863 0.6765 0.5489
vt 0.1879 0.7012 0.5498
vt 0.1699 0.6749 0.5451
vt 0.1717 0.7012 0.5461
vt 0.4793 0.8737 0.7084
vt 0.4763 0.8664 0.7053
vt 0.7122 0.8777 0.5204
vt 0.7084 0.8737 0.5207
vt 0.4796 0.8777 0.7122
vt 0.3042 0.5279 0.6132
vt 0.3083 0.5352 0.6144
vt 0.3006 0.5240 0.6146
vt 0.5383 0.5746 0.7387
vt 0.5441 0.5691 0.7433
vt 0.7158 0.5342 0.5069
vt 0.7197 0.5304 0.5063
vt 0.7479 0.5661 0.4541
vt 0.7433 0.5691 0.4559
vt 0.7619 0.6044 0.4213
vt 0.7669 0.6023 0.4188
vt 0.5787 0.6044 0.7619
vt 0.5714 0.6085 0.7566
vt 0.2460 0.8256 0.5811
vt 0.2389 0.8311 0.5787
vt 0.2337 0.8341 0.5796
vt 0.1970 0.7877 0.5598
vt 0.2030 0.7858 0.5594
vt 0.2116 0.7822 0.5626
vt 0.4280 0.6030 0.8046
vt 0.4415 0.6462 0.8298
vt 0.4377 0.6462 0.8325
vt 0.4241 0.6029 0.8073
vt 0.1675 0.6462 0.5623
vt 0.1641 0.6457 0.5635
vt 0.1896 0.6020 0.5772
vt 0.1927 0.6029 0.5759
vt 0.2318 0.5551 0.6000
vt 0.2345 0.5564 0.5984
vt 0.4016 0.5564 0.7655
vt 0.4056 0.5566 0.7627
vt 0.6552 0.6602 0.8942
vt 0.6514 0.6578 0.8939
vt 0.6877 0.5905 0.8963
vt 0.6915 0.5928 0.8965
vt 0.6939 0.5940 0.8983
vt 0.6572 0.6620 0.8959
vt 0.3380 0.8959 0.6572
vt 0.2740 0.8746 0.6227
vt 0.2764 0.8731 0.6210
vt 0.3398 0.8942 0.6552
vt 0.6210 0.7236 0.8731
vt 0.6172 0.7211 0.8728
vt 0.7910 0.6932 0.3987
vt 0.7891 0.6533 0.4022
vt 0.7931 0.6532 0.4043
vt 0.7950 0.6932 0.4008
vt 0.7964 0.6528 0.4038
vt 0.7983 0.6931 0.4002
vt 0.7953 0.7441 0.4059
vt 0.7920 0.7437 0.4064
vt 0.7880 0.7436 0.4043
vt 0.3753 0.7068 0.5223
vt 0.4056 0.7627 0.5566
vt 0.4016 0.7655 0.5564
vt 0.3714 0.7094 0.5221
vt 0.2883 0.5205 0.6305
vt 0.2906 0.5221 0.6286
vt 0.3538 0.5033 0.6657
vt 0.3554 0.5051 0.6636
vt 0.3364 0.6446 0.5051
vt 0.3403 0.6421 0.5054
vt 0.5925 0.7766 0.8355
vt 0.5887 0.7740 0.8354
vt 0.2206 0.8368 0.5939
vt 0.2234 0.8355 0.5925
vt 0.1831 0.7895 0.5737
vt 0.1863 0.7887 0.5724
vt 0.4113 0.8354 0.7740
vt 0.4075 0.8355 0.7766
vt 0.4276 0.7887 0.8137
vt 0.4313 0.7886 0.8110
vt 0.7792 0.7973 0.4303
vt 0.7752 0.7972 0.4281
vt 0.7823 0.7982 0.4300
vt 0.7597 0.8466 0.4720
vt 0.7567 0.8453 0.4719
vt 0.7528 0.8451 0.4697
vt 0.3000 0.5772 0.5075
vt 0.3039 0.5748 0.5077
vt 0.3343 0.6462 0.5033
vt 0.2976 0.5782 0.5057
vt 0.2631 0.5142 0.5270
vt 0.2659 0.5138 0.5286
vt 0.2698 0.5115 0.5288
vt 0.4460 0.6746 0.8384
vt 0.4451 0.7013 0.8366
vt 0.4414 0.7013 0.8393
vt 0.4423 0.6746 0.8411
vt 0.1607 0.7013 0.5586
vt 0.1573 0.7013 0.5598
vt 0.1555 0.6743 0.5588
vt 0.1589 0.6746 0.5577
vt 0.7265 0.5280 0.8796
vt 0.7226 0.5257 0.8793
vt 0.7528 0.4697 0.8451
vt 0.7567 0.4719 0.8453
vt 0.7292 0.8812 0.5285
vt 0.7265 0.8796 0.5280
vt 0.7292 0.5285 0.8812
vt 0.2374 0.4610 0.5646
vt 0.2414 0.4589 0.5648
vt 0.7656 0.5634 0.4610
vt 0.7626 0.5646 0.4610
vt 0.7341 0.5286 0.5138
vt 0.7369 0.5270 0.5142
vt 0.7850 0.6003 0.4249
vt 0.7819 0.6012 0.4253
vt 0.7779 0.6013 0.4231
vt 0.7586 0.5648 0.4589
vt 0.3212 0.9711 0.6495
vt 0.4154 0.9743 0.7003
vt 0.4175 0.9906 0.7016
vt 0.3177 0.9871 0.6478
vt 0.4189 0.9997 0.7020
vt 0.3159 0.9961 0.6465
vt 0.2238 0.9559 0.5972
vt 0.2192 0.9638 0.5943
vt 0.2327 0.9415 0.6018
vt 0.6368 0.6079 0.8079
vt 0.5956 0.4911 0.7794
vt 0.5907 0.4477 0.7767
vt 0.6410 0.5847 0.8116
vt 0.8183 0.5695 0.3599
vt 0.8116 0.5847 0.3590
vt 0.7767 0.4477 0.4093
vt 0.7844 0.4197 0.4187
vt 0.6735 0.7298 0.8362
vt 0.6376 0.5849 0.8152
vt 0.6401 0.5695 0.8183
vt 0.6798 0.7269 0.8417
vt 0.6605 0.7336 0.8285
vt 0.1471 0.8955 0.5556
vt 0.1600 0.8853 0.5623
vt 0.1400 0.9011 0.5516
vt 0.0949 0.7914 0.5272
vt 0.1033 0.7927 0.5305
vt 0.1176 0.7935 0.5374
vt 0.6407 0.8323 0.8212
vt 0.6557 0.8394 0.8296
vt 0.6808 0.7269 0.8399
vt 0.6641 0.8432 0.8341
vt 0.6035 0.9214 0.8015
vt 0.5965 0.9147 0.7981
vt 0.5844 0.9027 0.7914
vt 0.1202 0.4992 0.5325
vt 0.1351 0.4065 0.5367
vt 0.1409 0.4627 0.5355
vt 0.1281 0.5424 0.5331
vt 0.1125 0.4712 0.5364
vt 0.1283 0.3693 0.5447
vt 0.4633 0.4065 0.8649
vt 0.4516 0.3703 0.8640
vt 0.4468 0.3126 0.8548
vt 0.4675 0.3578 0.8524
vt 0.1476 0.3578 0.5325
vt 0.1592 0.4097 0.5344
vt 0.5061 0.9506 0.7492
vt 0.5135 0.9655 0.7534
vt 0.5179 0.9738 0.7554
vt 0.1983 0.7014 0.2333
vt 0.2292 0.7587 0.2365
vt 0.2011 0.7761 0.2371
vt 0.1712 0.7208 0.2342
vt 0.1672 0.7406 0.2402
vt 0.1912 0.7816 0.2405
vt 0.1425 0.6912 0.2407
vt 0.1435 0.6693 0.2374
vt 0.1699 0.6488 0.2367
vt 0.3316 0.3683 0.9487
vt 0.3401 0.4702 0.9645
vt 0.3112 0.4716 0.9809
vt 0.3023 0.3700 0.9646
vt 0.2848 0.3828 0.9609
vt 0.2951 0.4814 0.9797
vt 0.2917 0.3135 0.9451
vt 0.2575 0.3175 0.9129
vt 0.3226 0.3131 0.9320
vt 0.8787 0.5586 0.9741
vt 0.9249 0.4730 0.9216
vt 0.9527 0.4914 0.9203
vt 0.9067 0.5768 0.9725
vt 0.5878 0.9615 0.9162
vt 0.5768 0.9725 0.9067
vt 0.4914 0.9203 0.9527
vt 0.5048 0.9111 0.9609
vt 0.6756 0.9983 0.8534
vt 0.6843 0.9867 0.8641
vt 0.8534 0.6756 0.9983
vt 0.8253 0.6578 1.0000
vt 0.3237 0.6294 0.2278
vt 0.3522 0.6838 0.2310
vt 0.3460 0.6862 0.2358
vt 0.3155 0.6292 0.2326
vt 0.2883 0.5763 0.2359
vt 0.2993 0.5778 0.2300
vt 0.4553 0.3693 0.8717
vt 0.4636 0.4712 0.8875
vt 0.7554 0.4821 0.9738
vt 0.8015 0.3965 0.9214
vt 0.7020 0.5811 0.9997
vt 0.2669 0.5315 0.2469
vt 0.2815 0.5317 0.2393
vt 0.1465 0.6053 0.2478
vt 0.1277 0.5705 0.2732
vt 0.2561 0.4907 0.2726
vt 0.4251 0.2798 0.8312
vt 0.4329 0.2710 0.8209
vt 0.3079 0.2809 0.9047
vt 0.2867 0.8654 0.2606
vt 0.4035 0.7920 0.2596
vt 0.4251 0.8312 0.2798
vt 0.3079 0.9047 0.2809
vt 0.4035 0.2596 0.7920
vt 0.4091 0.2527 0.7836
vt 0.6465 0.6841 0.9961
vt 0.7697 0.7608 0.9964
vt 0.7175 0.8577 0.9641
vt 0.5943 0.7808 0.9638
vt 0.9114 0.4186 0.4980
vt 0.9438 0.5689 0.4379
vt 0.9658 0.7268 0.3971
vt 0.8417 0.7269 0.3202
vt 0.6319 0.6315 0.8445
vt 0.6589 0.5814 0.8462
vt 0.6673 0.5864 0.8476
vt 0.6401 0.6370 0.8459
vt 0.6145 0.6845 0.8300
vt 0.6065 0.6786 0.8288
vt 0.5853 0.7179 0.8009
vt 0.5931 0.7242 0.8019
vt 0.4147 0.8009 0.7179
vt 0.4069 0.8019 0.7242
vt 0.4220 0.7667 0.7521
vt 0.4296 0.7661 0.7455
vt 0.4323 0.7011 0.7713
vt 0.4330 0.6811 0.7726
vt 0.4405 0.6813 0.7658
vt 0.4398 0.7011 0.7645
vt 0.4296 0.6598 0.7662
vt 0.4371 0.6602 0.7595
vt 0.4270 0.6281 0.7407
vt 0.4194 0.6274 0.7473
vt 0.4103 0.5935 0.7097
vt 0.4025 0.5925 0.7159
vt 0.4103 0.7097 0.5935
vt 0.4025 0.7159 0.5925
vt 0.3798 0.6739 0.5668
vt 0.3878 0.6680 0.5680
vt 0.3618 0.6199 0.5554
vt 0.3536 0.6252 0.5540
vt 0.3348 0.5698 0.5572
vt 0.3263 0.5747 0.5558
vt 0.3007 0.5271 0.5716
vt 0.3095 0.5227 0.5729
vt 0.2794 0.4876 0.5987
vt 0.2883 0.4835 0.5996
vt 0.7117 0.5996 0.4835
vt 0.7206 0.5987 0.4876
vt 0.7351 0.6261 0.4608
vt 0.7260 0.6268 0.4569
vt 0.7436 0.6651 0.4451
vt 0.7450 0.6951 0.4424
vt 0.7358 0.6951 0.4388
vt 0.7344 0.6655 0.4414
vt 0.7427 0.7330 0.4466
vt 0.7335 0.7327 0.4429
vt 0.7331 0.7732 0.4645
vt 0.7240 0.7725 0.4607
vt 0.7073 0.8081 0.4916
vt 0.7162 0.8092 0.4957
vt 0.7073 0.4916 0.8081
vt 0.7162 0.4957 0.8092
vt 0.6936 0.5378 0.8349
vt 0.6849 0.5332 0.8336
vt 0.2758 0.8019 0.5931
vt 0.3155 0.8300 0.6145
vt 0.3120 0.8334 0.6157
vt 0.2712 0.8045 0.5937
vt 0.3077 0.8400 0.6138
vt 0.2649 0.8097 0.5908
vt 0.2426 0.7684 0.5783
vt 0.2349 0.7718 0.5746
vt 0.2479 0.7667 0.5780
vt 0.6993 0.5716 0.5271
vt 0.7027 0.5683 0.5265
vt 0.7246 0.5960 0.4859
vt 0.4735 0.5683 0.7027
vt 0.4773 0.5616 0.7053
vt 0.5199 0.5908 0.7282
vt 0.5141 0.5960 0.7246
vt 0.5416 0.6241 0.7395
vt 0.5488 0.6203 0.7438
vt 0.7395 0.6241 0.4584
vt 0.3229 0.5632 0.6216
vt 0.3261 0.5668 0.6202
vt 0.2841 0.5925 0.5975
vt 0.2797 0.5897 0.5983
vt 0.3192 0.5564 0.6200
vt 0.2739 0.5841 0.5956
vt 0.3716 0.5427 0.6483
vt 0.3728 0.5502 0.6485
vt 0.3748 0.5540 0.6464
vt 0.6936 0.8349 0.5378
vt 0.7201 0.8120 0.4943
vt 0.6969 0.8384 0.5374
vt 0.4658 0.8453 0.6991
vt 0.4626 0.8384 0.6969
vt 0.5057 0.8120 0.7201
vt 0.5111 0.8175 0.7235
vt 0.4126 0.8515 0.6699
vt 0.4134 0.8590 0.6708
vt 0.4136 0.8476 0.6673
vt 0.4622 0.8349 0.6936
vt 0.2287 0.7011 0.5677
vt 0.2229 0.7012 0.5677
vt 0.2216 0.6806 0.5669
vt 0.2274 0.6811 0.5670
vt 0.2142 0.7012 0.5634
vt 0.2128 0.6796 0.5627
vt 0.2197 0.6567 0.5664
vt 0.2281 0.6588 0.5705
vt 0.2338 0.6598 0.5704
vt 0.7482 0.6642 0.4423
vt 0.7496 0.6949 0.4396
vt 0.5657 0.6623 0.7529
vt 0.5686 0.6946 0.7545
vt 0.5604 0.6949 0.7496
vt 0.5577 0.6642 0.7482
vt 0.5641 0.7355 0.7520
vt 0.5561 0.7338 0.7473
vt 0.7473 0.7338 0.4439
vt 0.3630 0.8459 0.6401
vt 0.3608 0.8496 0.6420
vt 0.3589 0.8571 0.6414
vt 0.4253 0.5558 0.6737
vt 0.4247 0.5520 0.6764
vt 0.4261 0.5446 0.6776
vt 0.4729 0.5716 0.6993
vt 0.2527 0.6274 0.5806
vt 0.2475 0.6254 0.5809
vt 0.2401 0.6217 0.5774
vt 0.7374 0.7751 0.4623
vt 0.5377 0.7751 0.7374
vt 0.5448 0.7788 0.7416
vt 0.3015 0.8501 0.6106
vt 0.2556 0.8176 0.5858
vt 0.2235 0.7770 0.5685
vt 0.4834 0.5515 0.7086
vt 0.5291 0.5828 0.7333
vt 0.5601 0.6145 0.7500
vt 0.2653 0.5756 0.5910
vt 0.3138 0.5459 0.6172
vt 0.3701 0.5312 0.6475
vt 0.5197 0.8260 0.7282
vt 0.4711 0.8558 0.7020
vt 0.4149 0.8705 0.6717
vt 0.2013 0.7012 0.5565
vt 0.1997 0.6781 0.5557
vt 0.2071 0.6535 0.5597
vt 0.5783 0.6595 0.7598
vt 0.5813 0.6942 0.7614
vt 0.5765 0.7380 0.7588
vt 0.3565 0.8684 0.6402
vt 0.4285 0.5332 0.6790
vt 0.2290 0.6159 0.5714
vt 0.5558 0.7844 0.7477
vt 0.7250 0.5290 0.5084
vt 0.7533 0.5650 0.4558
vt 0.2467 0.4558 0.5650
vt 0.2750 0.5084 0.5290
vt 0.7726 0.6014 0.4201
vt 0.7122 0.5204 0.8777
vt 0.7420 0.4649 0.8437
vt 0.7475 0.4667 0.8449
vt 0.7173 0.5226 0.8791
vt 0.6824 0.5873 0.8961
vt 0.6776 0.5845 0.8944
vt 0.1669 0.7013 0.5499
vt 0.1651 0.6746 0.5489
vt 0.4501 0.7013 0.8331
vt 0.4511 0.6746 0.8349
vt 0.4467 0.6463 0.8263
vt 0.1737 0.6463 0.5533
vt 0.3092 0.5716 0.5079
vt 0.3141 0.5690 0.5095
vt 0.3503 0.6355 0.5072
vt 0.3456 0.6388 0.5056
vt 0.2803 0.5063 0.5304
vt 0.7699 0.7971 0.4251
vt 0.7827 0.7436 0.4013
vt 0.7475 0.8449 0.4667
vt 0.5836 0.7705 0.8352
vt 0.5796 0.7663 0.8341
vt 0.6078 0.7139 0.8712
vt 0.6121 0.7177 0.8726
vt 0.4363 0.7884 0.8076
vt 0.4164 0.8352 0.7705
vt 0.1924 0.7884 0.5637
vt 0.2295 0.8352 0.5836
vt 0.3854 0.6994 0.5240
vt 0.4156 0.7546 0.5579
vt 0.4112 0.7590 0.5567
vt 0.3808 0.7032 0.5225
vt 0.7857 0.6932 0.3957
vt 0.7838 0.6533 0.3993
vt 0.6462 0.6545 0.8937
vt 0.6416 0.6512 0.8921
vt 0.1991 0.6031 0.5665
vt 0.4335 0.6031 0.8009
vt 0.4112 0.5567 0.7590
vt 0.2410 0.5567 0.5888
vt 0.1593 0.6393 0.5615
vt 0.1854 0.5953 0.5755
vt 0.1561 0.6018 0.5561
vt 0.1831 0.5610 0.5705
vt 0.2268 0.5192 0.5941
vt 0.2284 0.5483 0.5987
vt 0.5409 0.5561 0.7670
vt 0.5390 0.5634 0.7656
vt 0.4858 0.5270 0.7369
vt 0.4868 0.5198 0.7380
vt 0.4844 0.4908 0.7326
vt 0.5380 0.5218 0.7607
vt 0.5776 0.5931 0.7868
vt 0.5751 0.5556 0.7801
vt 0.5751 0.6003 0.7850
vt 0.4735 0.8863 0.7314
vt 0.4715 0.8812 0.7292
vt 0.5280 0.8466 0.7597
vt 0.5317 0.8507 0.7628
vt 0.5430 0.8619 0.7691
vt 0.4805 0.9002 0.7354
vt 0.4081 0.9191 0.6964
vt 0.4062 0.9040 0.6952
vt 0.4060 0.8983 0.6939
vt 0.1504 0.6688 0.5567
vt 0.1518 0.6975 0.5576
vt 0.5567 0.6688 0.8496
vt 0.5576 0.6975 0.8482
vt 0.5512 0.6712 0.8553
vt 0.5509 0.6337 0.8543
vt 0.1457 0.6337 0.5509
vt 0.4218 0.4987 0.7030
vt 0.4218 0.5057 0.7024
vt 0.3526 0.4964 0.6657
vt 0.3512 0.4723 0.6611
vt 0.4200 0.4733 0.6982
vt 0.5700 0.7982 0.7823
vt 0.5941 0.7441 0.7953
vt 0.5993 0.7447 0.7991
vt 0.5749 0.8009 0.7861
vt 0.5890 0.8078 0.7938
vt 0.6131 0.7435 0.8060
vt 0.2705 0.8796 0.6220
vt 0.2156 0.8406 0.5924
vt 0.2623 0.8929 0.6177
vt 0.2035 0.8504 0.5860
vt 0.1640 0.7931 0.5641
vt 0.1773 0.7913 0.5716
vt 0.2860 0.5136 0.6298
vt 0.2847 0.4882 0.6253
vt 0.5999 0.6480 0.7990
vt 0.6044 0.6909 0.8017
vt 0.5998 0.6931 0.7983
vt 0.5962 0.6528 0.7964
vt 0.6135 0.6767 0.8044
vt 0.6030 0.6206 0.7967
vt 0.3363 0.9015 0.6574
vt 0.3330 0.9165 0.6558
vt 0.8568 0.8499 0.7770
vt 0.8119 0.8986 0.8012
vt 0.7016 0.8767 0.8607
vt 0.7081 0.8274 0.8572
vt 0.5888 0.8739 0.9215
vt 0.5578 0.8169 0.9382
vt 0.5540 0.7294 0.9403
vt 0.7189 0.7458 0.8513
vt 0.8834 0.7658 0.7627
vt 0.7593 0.4400 0.8295
vt 0.8732 0.4411 0.7681
vt 0.8821 0.5196 0.7633
vt 0.7495 0.5142 0.8348
vt 0.6193 0.4906 0.9050
vt 0.6485 0.4162 0.8893
vt 0.6803 0.3809 0.8722
vt 0.7658 0.3912 0.8261
vt 0.8515 0.3998 0.7798
vt 0.8840 0.2752 0.7561
vt 0.9129 0.3175 0.7425
vt 0.7783 0.2936 0.8185
vt 0.7824 0.2583 0.8151
vt 0.6382 0.2871 0.8906
vt 0.6755 0.2522 0.8686
vt 0.6912 0.2407 0.8575
vt 0.7406 0.2402 0.8328
vt 0.7816 0.2405 0.8088
vt 0.8233 0.2493 0.7882
vt 0.8693 0.2603 0.7615
vt 0.7534 0.9252 0.8327
vt 0.6940 0.9344 0.8648
vt 0.6386 0.9125 0.8946
vt 0.6980 0.9039 0.8626
vt 0.8660 0.9280 0.7713
vt 0.7815 0.9563 0.8169
vt 0.7846 0.9833 0.8101
vt 0.8784 0.9524 0.7595
vt 0.6902 0.9599 0.8661
vt 0.9331 0.8742 0.7351
vt 0.9703 0.7801 0.7151
vt 0.9971 0.7880 0.6955
vt 0.9543 0.8926 0.7186
vt 0.9550 0.5031 0.7233
vt 0.9711 0.6404 0.7146
vt 0.8881 0.6415 0.7601
vt 0.9982 0.6333 0.6949
vt 0.9797 0.4814 0.7049
vt 0.5930 0.3768 0.9185
vt 0.5521 0.4586 0.9405
vt 0.5732 0.3400 0.9242
vt 0.5292 0.4316 0.9478
vt 0.6560 0.3408 0.8848
vt 0.5279 0.8907 0.9536
vt 0.4768 0.8238 0.9811
vt 0.4466 0.8365 0.9923
vt 0.4652 0.7243 0.9874
vt 0.4323 0.7256 1.0000
vt 0.6026 0.9366 0.9133
vt 0.7722 0.3420 0.8224
vt 0.8852 0.3661 0.7613
vt 0.9852 0.8425 0.4311
vt 0.9576 0.8433 0.4123
vt 0.9934 0.7266 0.4160
vt 0.4311 0.8425 0.9852
vt 0.4160 0.7266 0.9934
vt 0.9527 0.9203 0.4914
vt 0.9249 0.9216 0.4730
vt 0.6747 0.9370 0.9013
vt 0.7460 0.8748 0.9626
vt 0.7035 0.9537 0.9002
vt 0.2814 0.8926 0.9543
vt 0.2965 0.9002 0.9537
vt 0.2540 0.9626 0.8748
vt 0.2405 0.9524 0.8784
vt 0.3207 0.7910 0.9985
vt 0.3045 0.7880 0.9971
vt 0.3253 0.9013 0.9370
vt 0.3496 0.7914 0.9822
vt 0.2596 0.8152 0.2459
vt 0.2570 0.8797 0.2606
vt 0.2304 0.8306 0.2463
vt 0.2385 0.8693 0.2603
vt 0.2118 0.8233 0.2493
vt 0.1211 0.6283 0.2485
vt 0.6693 0.2374 0.8565
vt 0.6283 0.2485 0.8789
vt 0.5925 0.2746 0.8984
vt 0.1016 0.5925 0.2746
vt 0.8341 0.8432 0.3359
vt 0.8015 0.9214 0.3965
vt 0.5516 0.8600 0.9011
vt 0.4728 0.7914 0.9051
vt 0.4484 0.9011 0.8600
vt 0.9393 0.4202 0.5164
vt 0.9715 0.5697 0.4566
vt 0.4716 0.5751 0.9788
vt 0.4566 0.5697 0.9715
vt 0.5164 0.4202 0.9393
vt 0.7980 0.7783 0.9948
vt 0.7783 0.9948 0.7980
vt 0.1899 0.9833 0.7846
vt 0.2020 0.9948 0.7783
vt 0.2767 0.2804 0.9169
vt 0.2439 0.2752 0.8840
vt 0.2385 0.2603 0.8693
vt 0.2570 0.2606 0.8797
vt 0.2767 0.9169 0.2804
vt 0.3816 0.7368 0.2396
vt 0.4091 0.7836 0.2527
vt 0.3764 0.7423 0.2451
vt 0.1858 0.4855 0.5618
vt 0.1571 0.5153 0.5473
vt 0.1934 0.4090 0.5482
vt 0.2368 0.3982 0.5711
vt 0.2294 0.4581 0.5852
vt 0.4758 0.4310 0.7168
vt 0.5262 0.4481 0.7418
vt 0.4699 0.3725 0.6948
vt 0.5162 0.3736 0.7165
vt 0.5475 0.3673 0.7333
vt 0.5620 0.4709 0.7598
vt 0.4932 0.9252 0.7422
vt 0.5635 0.8821 0.7801
vt 0.4118 0.9465 0.6983
vt 0.1435 0.5526 0.5421
vt 0.1465 0.6337 0.5500
vt 0.1447 0.6712 0.5512
vt 0.1365 0.6100 0.5411
vt 0.3497 0.4248 0.6500
vt 0.4150 0.4227 0.6851
vt 0.4134 0.3737 0.6660
vt 0.3520 0.3787 0.6332
vt 0.6369 0.7391 0.8171
vt 0.6147 0.8200 0.8074
vt 0.2476 0.9170 0.6098
vt 0.1819 0.8678 0.5742
vt 0.1410 0.7938 0.5506
vt 0.2858 0.4370 0.6156
vt 0.2913 0.3872 0.6004
vt 0.6018 0.5588 0.7870
vt 0.6261 0.6440 0.8060
vt 0.5971 0.4910 0.7777
vt 0.3271 0.9435 0.6527
vt 0.4795 0.1720 0.6492
vt 0.4788 0.1820 0.6501
vt 0.4413 0.1800 0.6290
vt 0.4420 0.1700 0.6281
vt 0.5206 0.1747 0.6632
vt 0.5197 0.1847 0.6639
vt 0.5178 0.1885 0.6648
vt 0.4782 0.1860 0.6510
vt 0.4411 0.1840 0.6299
vt 0.5638 0.1780 0.6693
vt 0.5624 0.1880 0.6700
vt 0.6075 0.1817 0.6676
vt 0.6055 0.1920 0.6686
vt 0.5939 0.1997 0.6742
vt 0.5567 0.1918 0.6712
vt 0.7243 0.1940 0.6164
vt 0.7237 0.2046 0.6165
vt 0.6883 0.2004 0.6410
vt 0.6893 0.1898 0.6406
vt 0.3836 0.1940 0.7243
vt 0.4136 0.1979 0.7536
vt 0.4140 0.2085 0.7534
vt 0.3835 0.2046 0.7237
vt 0.4189 0.2183 0.7618
vt 0.3837 0.2132 0.7259
vt 0.7259 0.2132 0.6163
vt 0.6871 0.2083 0.6420
vt 0.4485 0.2016 0.7760
vt 0.4488 0.2117 0.7752
vt 0.4869 0.2048 0.7907
vt 0.4869 0.2148 0.7895
vt 0.4876 0.2188 0.7904
vt 0.4524 0.2165 0.7781
vt 0.5677 0.2193 0.7933
vt 0.5680 0.2093 0.7949
vt 0.6076 0.2104 0.7842
vt 0.6073 0.2204 0.7825
vt 0.6068 0.2244 0.7822
vt 0.5670 0.2233 0.7932
vt 0.6498 0.1857 0.6578
vt 0.6484 0.1962 0.6586
vt 0.6443 0.2041 0.6616
vt 0.6366 0.2164 0.6685
vt 0.5881 0.2163 0.6872
vt 0.6852 0.2200 0.6445
vt 0.6294 0.2278 0.6763
vt 0.6838 0.2310 0.6478
vt 0.5778 0.2300 0.7007
vt 0.3805 0.5356 0.1271
vt 0.3724 0.5333 0.1269
vt 0.3846 0.4987 0.1247
vt 0.3921 0.5027 0.1250
vt 0.4028 0.4673 0.1230
vt 0.4095 0.4728 0.1234
vt 0.3973 0.5055 0.1248
vt 0.4141 0.4766 0.1233
vt 0.3861 0.5373 0.1269
vt 0.4685 0.2609 0.8215
vt 0.4397 0.2491 0.8027
vt 0.4491 0.2285 0.7874
vt 0.4806 0.2349 0.8021
vt 0.4118 0.2365 0.7712
vt 0.5429 0.2204 0.6987
vt 0.5504 0.2022 0.6808
vt 0.5317 0.2393 0.7185
vt 0.4907 0.2726 0.7439
vt 0.5031 0.2258 0.6995
vt 0.5120 0.2027 0.6778
vt 0.4465 0.7430 0.3714
vt 0.4945 0.7728 0.3714
vt 0.4812 0.8022 0.3632
vt 0.4321 0.7723 0.3634
vt 0.4692 0.7004 0.3683
vt 0.5171 0.7302 0.3683
vt 0.4981 0.6469 0.3624
vt 0.5459 0.6767 0.3624
vt 0.5300 0.5878 0.3558
vt 0.5778 0.6176 0.3558
vt 0.5900 0.4748 0.3434
vt 0.6116 0.4320 0.3371
vt 0.6580 0.4609 0.3371
vt 0.6374 0.5042 0.3434
vt 0.6253 0.4061 0.3226
vt 0.6713 0.4354 0.3228
vt 0.5618 0.5285 0.3493
vt 0.6096 0.5583 0.3493
vt 0.5647 0.2278 0.7947
vt 0.6052 0.2289 0.7827
vt 0.5997 0.2415 0.7850
vt 0.5566 0.2404 0.8002
vt 0.6770 0.2944 0.4312
vt 0.6713 0.3228 0.4354
vt 0.6253 0.3226 0.4061
vt 0.6304 0.2938 0.4001
vt 0.6275 0.2576 0.4039
vt 0.6726 0.2586 0.4369
vt 0.4755 0.2017 0.6643
vt 0.4409 0.2001 0.6408
vt 0.4410 0.1882 0.6324
vt 0.4773 0.1901 0.6540
vt 0.5145 0.1921 0.6676
vt 0.5268 0.3018 0.8191
vt 0.5224 0.3375 0.8173
vt 0.4872 0.3398 0.8379
vt 0.4886 0.3019 0.8374
vt 0.4854 0.3680 0.8232
vt 0.5188 0.3632 0.8022
vt 0.1621 0.3398 0.5128
vt 0.1768 0.3680 0.5146
vt 0.5738 0.3379 0.7874
vt 0.5785 0.3025 0.7916
vt 0.5679 0.3634 0.7723
vt 0.6086 0.1988 0.4080
vt 0.6037 0.1870 0.4084
vt 0.6022 0.1827 0.4086
vt 0.4086 0.1827 0.6022
vt 0.4080 0.1868 0.6041
vt 0.6324 0.1882 0.4410
vt 0.6408 0.2001 0.4409
vt 0.6024 0.1877 0.4099
vt 0.7327 0.3147 0.4578
vt 0.7333 0.3673 0.4525
vt 0.7038 0.3275 0.4538
vt 0.7095 0.2973 0.4519
vt 0.7045 0.2604 0.4622
vt 0.7439 0.2726 0.4907
vt 0.4877 0.2232 0.7937
vt 0.5245 0.2259 0.7982
vt 0.5166 0.2386 0.8063
vt 0.5265 0.2214 0.7959
vt 0.3526 0.3794 0.6325
vt 0.3624 0.3587 0.6109
vt 0.4219 0.3524 0.6427
vt 0.6427 0.5781 0.3524
vt 0.6109 0.6376 0.3587
vt 0.6704 0.5235 0.3470
vt 0.4765 0.3470 0.6704
vt 0.5205 0.3416 0.6907
vt 0.6907 0.4795 0.3416
vt 0.7038 0.4538 0.3275
vt 0.5181 0.3401 0.6936
vt 0.5462 0.3275 0.7038
vt 0.3030 0.3655 0.5789
vt 0.2928 0.3888 0.5984
vt 0.2494 0.3720 0.5500
vt 0.5789 0.6970 0.3655
vt 0.5500 0.7506 0.3720
vt 0.2066 0.3760 0.5274
vt 0.5274 0.7934 0.3760
vt 0.5146 0.8232 0.3680
vt 0.5272 0.2074 0.7971
vt 0.5270 0.2174 0.7957
vt 0.6005 0.1687 0.4096
vt 0.6015 0.1787 0.4089
vt 0.4096 0.1687 0.6005
vt 0.4089 0.1787 0.6015
vt 0.5831 0.5043 0.7730
vt 0.5932 0.5843 0.7902
vt 0.5708 0.4167 0.7506
vt 0.5690 0.4159 0.7559
vt 0.1307 0.6986 0.5417
vt 0.1476 0.7282 0.5541
vt 0.1135 0.6655 0.5305
vt 0.8984 0.2746 0.5925
vt 0.9165 0.3251 0.5587
vt 0.8888 0.3232 0.5398
vt 0.8723 0.2732 0.5705
vt 0.5587 0.3251 0.9165
vt 0.5007 0.5884 0.9682
vt 0.5817 0.6077 0.9253
vt 0.9367 0.4147 0.7332
vt 0.9609 0.3828 0.7152
vt 0.7344 0.6285 0.8430
vt 0.5940 0.6198 0.7956
vt 0.5909 0.6262 0.7936
vt 0.1585 0.7402 0.5614
vt 0.1644 0.7412 0.5636
vt 0.1436 0.6712 0.5525
vt 0.7810 0.6271 0.4045
vt 0.7753 0.6277 0.4032
vt 0.7863 0.6270 0.4075
vt 0.1786 0.7404 0.5498
vt 0.1738 0.7407 0.5537
vt 0.4413 0.7408 0.8296
vt 0.4463 0.7407 0.8262
vt 0.5615 0.6411 0.7507
vt 0.5738 0.6367 0.7573
vt 0.5860 0.6323 0.7644
vt 0.2199 0.7332 0.5665
vt 0.2073 0.7355 0.5598
vt 0.1944 0.7379 0.5533
vt 0.7414 0.6454 0.4490
vt 0.7460 0.6439 0.4463
vt 0.5537 0.6439 0.7460
vt 0.2283 0.7316 0.5706
vt 0.2340 0.7308 0.5705
vt 0.7323 0.6459 0.4453
vt 0.7056 0.6460 0.4290
vt 0.4295 0.7308 0.7660
vt 0.4370 0.7305 0.7593
vt 0.4635 0.7305 0.7426
vt 0.7608 0.3241 0.4598
vt 0.4737 0.6298 0.9066
vt 0.3504 0.6292 0.9837
vt 0.3215 0.6297 1.0000
vt 0.3051 0.6333 0.9982
vt 0.1017 0.6440 0.5263
vt 0.0934 0.6298 0.5263
vt 0.7559 0.4159 0.4310
vt 0.7521 0.3605 0.4433
vt 0.7777 0.4910 0.4029
vt 0.4376 0.7408 0.8323
vt 0.1677 0.7408 0.5624
vt 0.7903 0.6269 0.4096
vt 0.7936 0.6262 0.4091
vt 0.1850 0.7395 0.5497
vt 0.5938 0.6293 0.7701
vt 0.7701 0.6293 0.4062
vt 0.5174 0.7305 0.7090
vt 0.6517 0.6460 0.3954
vt 0.4264 0.4403 0.1220
vt 0.4320 0.4471 0.1224
vt 0.4544 0.4186 0.1217
vt 0.4587 0.4265 0.1221
vt 0.4358 0.4517 0.1223
vt 0.4616 0.4318 0.1220
vt 0.5302 0.7689 0.1545
vt 0.5308 0.7600 0.1534
vt 0.5636 0.7587 0.1550
vt 0.5647 0.7675 0.1562
vt 0.4963 0.7631 0.1523
vt 0.4985 0.7544 0.1513
vt 0.5000 0.7486 0.1502
vt 0.5313 0.7540 0.1523
vt 0.5629 0.7527 0.1538
vt 0.4400 0.7238 0.1457
vt 0.4348 0.7309 0.1465
vt 0.4097 0.7058 0.1431
vt 0.4161 0.6999 0.1425
vt 0.3897 0.6759 0.1396
vt 0.3970 0.6715 0.1392
vt 0.4020 0.6685 0.1385
vt 0.4204 0.6959 0.1417
vt 0.4435 0.7190 0.1448
vt 0.5261 0.1314 0.3688
vt 0.5633 0.1310 0.3871
vt 0.5655 0.1494 0.3852
vt 0.5284 0.1498 0.3666
vt 0.4887 0.1510 0.3562
vt 0.4863 0.1326 0.3585
vt 0.4640 0.7502 0.1496
vt 0.4678 0.7422 0.1487
vt 0.4704 0.7368 0.1477
vt 0.4145 0.1604 0.7575
vt 0.4492 0.1641 0.7803
vt 0.4488 0.1827 0.7784
vt 0.4139 0.1790 0.7557
vt 0.4875 0.1673 0.7954
vt 0.4871 0.1859 0.7933
vt 0.3761 0.6054 0.1326
vt 0.3678 0.6065 0.1327
vt 0.3667 0.5697 0.1296
vt 0.3751 0.5703 0.1297
vt 0.3809 0.5707 0.1294
vt 0.3818 0.6046 0.1322
vt 0.5219 0.1558 0.6619
vt 0.5233 0.1372 0.6602
vt 0.5665 0.1405 0.6668
vt 0.5652 0.1590 0.6683
vt 0.6102 0.1442 0.6654
vt 0.6089 0.1627 0.6667
vt 0.4858 0.4033 0.1220
vt 0.4886 0.4118 0.1224
vt 0.5194 0.3947 0.1230
vt 0.5205 0.4037 0.1234
vt 0.4904 0.4177 0.1223
vt 0.5213 0.4098 0.1233
vt 0.7036 0.6268 0.1513
vt 0.7117 0.6290 0.1523
vt 0.6995 0.6636 0.1545
vt 0.6920 0.6597 0.1534
vt 0.6813 0.6950 0.1562
vt 0.6746 0.6896 0.1550
vt 0.6702 0.6860 0.1538
vt 0.6869 0.6571 0.1523
vt 0.6982 0.6253 0.1502
vt 0.6744 0.4565 0.1361
vt 0.6681 0.4625 0.1358
vt 0.6442 0.4386 0.1326
vt 0.6493 0.4314 0.1327
vt 0.6944 0.4863 0.1396
vt 0.6871 0.4909 0.1392
vt 0.6638 0.4666 0.1353
vt 0.6822 0.4941 0.1385
vt 0.6407 0.4435 0.1322
vt 0.5982 0.7590 0.1572
vt 0.5956 0.7505 0.1559
vt 0.6255 0.7359 0.1563
vt 0.6296 0.7436 0.1576
vt 0.5938 0.7448 0.1547
vt 0.6227 0.7307 0.1550
vt 0.7174 0.5926 0.1496
vt 0.7090 0.5921 0.1487
vt 0.7080 0.5570 0.1457
vt 0.7163 0.5557 0.1465
vt 0.7034 0.5918 0.1477
vt 0.7024 0.5579 0.1448
vt 0.4076 0.1640 0.2509
vt 0.4513 0.1603 0.2523
vt 0.4549 0.1787 0.2537
vt 0.4112 0.1824 0.2521
vt 0.3679 0.1856 0.2585
vt 0.3644 0.1673 0.2575
vt 0.6200 0.4120 0.1296
vt 0.6163 0.4202 0.1297
vt 0.5857 0.4080 0.1271
vt 0.5878 0.3992 0.1269
vt 0.6138 0.4258 0.1294
vt 0.5842 0.4140 0.1269
vt 0.4075 0.1555 0.3608
vt 0.3691 0.1587 0.3757
vt 0.3669 0.1404 0.3787
vt 0.4052 0.1371 0.3635
vt 0.5014 0.2653 0.8225
vt 0.5409 0.2667 0.8107
vt 0.5715 0.2231 0.3740
vt 0.6183 0.2237 0.4069
vt 0.6573 0.2249 0.4403
vt 0.6848 0.2262 0.4709
vt 0.4403 0.2249 0.6573
vt 0.4709 0.2262 0.6848
vt 0.4589 0.2556 0.7106
vt 0.5888 0.2676 0.7892
vt 0.6404 0.2680 0.7601
vt 0.5441 0.1939 0.6729
vt 0.5442 0.1943 0.6722
vt 0.4610 0.2207 0.7850
vt 0.7368 0.2396 0.6184
vt 0.7310 0.2268 0.6170
vt 0.7712 0.2365 0.5882
vt 0.7836 0.2527 0.5909
vt 0.3808 0.2253 0.7338
vt 0.3755 0.6424 0.1361
vt 0.3835 0.6395 0.1358
vt 0.3890 0.6376 0.1353
vt 0.3397 0.2651 0.2415
vt 0.3384 0.2989 0.2184
vt 0.7300 0.2666 0.6916
vt 0.7585 0.2651 0.6603
vt 0.7115 0.2416 0.6954
vt 0.7389 0.2383 0.6642
vt 0.5219 0.2236 0.3462
vt 0.4757 0.2248 0.3257
vt 0.4373 0.2260 0.3147
vt 0.6892 0.2676 0.7260
vt 0.3870 0.1933 0.3598
vt 0.3872 0.1938 0.3604
vt 0.3999 0.2202 0.2522
vt 0.4961 0.2265 0.2589
vt 0.3268 0.1883 0.2727
vt 0.3234 0.1699 0.2719
vt 0.2893 0.1903 0.2940
vt 0.2861 0.1719 0.2934
vt 0.6084 0.1731 0.7902
vt 0.6080 0.1916 0.7874
vt 0.5683 0.1904 0.7979
vt 0.5686 0.1719 0.8004
vt 0.6456 0.1735 0.7718
vt 0.6452 0.1920 0.7689
vt 0.2539 0.1731 0.3213
vt 0.2571 0.1915 0.3218
vt 0.6782 0.1915 0.7429
vt 0.6787 0.1731 0.7461
vt 0.6910 0.1709 0.6401
vt 0.6925 0.1523 0.6392
vt 0.7278 0.1565 0.6154
vt 0.7262 0.1750 0.6160
vt 0.3840 0.1750 0.7262
vt 0.3846 0.1565 0.7278
vt 0.6528 0.1482 0.6561
vt 0.6514 0.1667 0.6571
vt 0.5538 0.3934 0.1247
vt 0.5533 0.4024 0.1250
vt 0.5530 0.4086 0.1248
vt 0.4973 0.1747 0.2632
vt 0.4938 0.1563 0.2616
vt 0.4434 0.1511 0.6263
vt 0.4450 0.1326 0.6243
vt 0.4823 0.1346 0.6459
vt 0.4808 0.1531 0.6477
vt 0.7085 0.5199 0.1431
vt 0.7006 0.5228 0.1425
vt 0.6952 0.5249 0.1417
vt 0.4478 0.1529 0.3542
vt 0.4455 0.1345 0.3568
vt 0.5964 0.1314 0.4129
vt 0.5986 0.1498 0.4111
vt 0.4129 0.1314 0.5964
vt 0.4111 0.1498 0.5986
vt 0.3730 0.1279 0.3045
vt 0.3421 0.1298 0.3155
vt 0.3366 0.0867 0.3128
vt 0.3674 0.0847 0.3019
vt 0.3140 0.1313 0.3318
vt 0.3086 0.0882 0.3290
vt 0.6720 0.6965 0.0300
vt 0.6515 0.7201 0.0309
vt 0.6418 0.7082 0.0295
vt 0.6603 0.6870 0.0286
vt 0.6985 0.6392 0.0267
vt 0.6842 0.6351 0.0256
vt 0.6887 0.6065 0.0235
vt 0.7034 0.6075 0.0243
vt 0.5275 0.1885 0.7998
vt 0.5278 0.1700 0.8022
vt 0.6445 0.0703 0.6018
vt 0.6744 0.0734 0.5891
vt 0.6690 0.1165 0.5926
vt 0.6390 0.1134 0.6052
vt 0.6069 0.1104 0.6122
vt 0.6125 0.0673 0.6087
vt 0.4131 0.5885 0.0078
vt 0.4139 0.6175 0.0102
vt 0.3993 0.6196 0.0096
vt 0.3984 0.5876 0.0069
vt 0.4184 0.6800 0.0156
vt 0.4311 0.6720 0.0156
vt 0.4469 0.6955 0.0184
vt 0.4358 0.7060 0.0187
vt 0.3999 0.0823 0.2969
vt 0.4328 0.0795 0.2978
vt 0.4385 0.1226 0.3004
vt 0.4056 0.1254 0.2995
vt 0.3294 0.0321 0.3089
vt 0.3602 0.0302 0.2981
vt 0.6878 0.5776 0.0210
vt 0.6817 0.5494 0.0184
vt 0.6957 0.5442 0.0187
vt 0.7025 0.5754 0.0216
vt 0.4706 0.1196 0.3074
vt 0.4648 0.0765 0.3047
vt 0.4947 0.0734 0.3174
vt 0.5006 0.1165 0.3200
vt 0.4256 0.0250 0.2940
vt 0.3927 0.0277 0.2930
vt 0.5331 0.4510 0.0026
vt 0.5067 0.4577 0.0018
vt 0.5020 0.4428 0.0003
vt 0.5312 0.4354 0.0012
vt 0.5066 0.1008 0.4251
vt 0.5034 0.0577 0.4312
vt 0.5314 0.0574 0.4449
vt 0.5347 0.1004 0.4388
vt 0.4766 0.1017 0.4174
vt 0.4734 0.0586 0.4236
vt 0.5611 0.4342 0.0026
vt 0.5601 0.4500 0.0039
vt 0.5950 0.7373 0.0295
vt 0.6197 0.7252 0.0297
vt 0.6271 0.7389 0.0312
vt 0.5998 0.7522 0.0309
vt 0.5940 0.1322 0.7433
vt 0.5969 0.0891 0.7485
vt 0.6249 0.0894 0.7348
vt 0.6221 0.1326 0.7295
vt 0.5639 0.1313 0.7509
vt 0.5669 0.0882 0.7561
vt 0.5362 0.0867 0.7574
vt 0.5401 0.0321 0.7645
vt 0.5708 0.0336 0.7633
vt 0.3380 0.1134 0.4727
vt 0.3352 0.0703 0.4787
vt 0.3576 0.0673 0.4563
vt 0.3604 0.1104 0.4502
vt 0.5273 0.1134 0.3380
vt 0.5213 0.0703 0.3352
vt 0.6706 0.5230 0.0156
vt 0.6834 0.5151 0.0156
vt 0.6351 0.4798 0.0102
vt 0.6122 0.4646 0.0078
vt 0.6187 0.4504 0.0069
vt 0.6441 0.4673 0.0096
vt 0.3865 0.1076 0.4329
vt 0.3837 0.0645 0.4391
vt 0.4124 0.0621 0.4276
vt 0.4154 0.1051 0.4214
vt 0.3314 0.0157 0.4859
vt 0.3537 0.0127 0.4636
vt 0.5907 0.4393 0.0046
vt 0.5869 0.4545 0.0056
vt 0.4772 0.0823 0.7407
vt 0.5059 0.0847 0.7522
vt 0.5027 0.1279 0.7469
vt 0.4739 0.1254 0.7354
vt 0.4511 0.0795 0.7235
vt 0.4478 0.1226 0.7182
vt 0.4666 0.7152 0.0210
vt 0.4576 0.7278 0.0216
vt 0.4061 0.6508 0.0126
vt 0.4200 0.6457 0.0129
vt 0.4427 0.0601 0.4224
vt 0.4458 0.1031 0.4162
vt 0.3798 0.0099 0.4463
vt 0.4085 0.0075 0.4349
vt 0.6746 0.6623 0.0273
vt 0.6878 0.6692 0.0286
vt 0.5797 0.0645 0.6096
vt 0.5739 0.1076 0.6131
vt 0.5472 0.0621 0.6046
vt 0.5414 0.1051 0.6081
vt 0.4271 0.5327 0.0039
vt 0.4175 0.5599 0.0056
vt 0.4033 0.5559 0.0046
vt 0.4139 0.5258 0.0026
vt 0.4896 0.7304 0.0235
vt 0.4830 0.7446 0.0243
vt 0.6499 0.0891 0.7155
vt 0.6710 0.0882 0.6914
vt 0.6682 0.1313 0.6860
vt 0.6471 0.1322 0.7102
vt 0.6008 0.0345 0.7557
vt 0.6288 0.0348 0.7420
vt 0.4642 0.0577 0.5564
vt 0.4883 0.0586 0.5774
vt 0.4824 0.1017 0.5809
vt 0.4582 0.1008 0.5598
vt 0.5564 0.0577 0.4642
vt 0.5598 0.1008 0.4582
vt 0.4820 0.4698 0.0015
vt 0.4747 0.4562 0.0000
vt 0.4298 0.4985 0.0012
vt 0.4415 0.5081 0.0026
vt 0.5331 0.1298 0.7521
vt 0.5149 0.7405 0.0256
vt 0.5111 0.7558 0.0267
vt 0.5687 0.7440 0.0286
vt 0.5706 0.7597 0.0300
vt 0.4287 0.0765 0.7011
vt 0.4253 0.1196 0.6957
vt 0.7011 0.0765 0.5713
vt 0.6957 0.1196 0.5747
vt 0.6816 0.0188 0.5852
vt 0.6517 0.0157 0.5978
vt 0.5416 0.7451 0.0273
vt 0.5406 0.7608 0.0286
vt 0.5164 0.0601 0.5937
vt 0.5104 0.1031 0.5972
vt 0.4956 0.0040 0.5735
vt 0.4715 0.0031 0.5525
vt 0.4851 0.1239 0.3606
vt 0.4444 0.1259 0.3590
vt 0.4043 0.1285 0.3659
vt 0.4046 0.1266 0.3683
vt 0.4443 0.1240 0.3615
vt 0.4846 0.1220 0.3631
vt 0.3663 0.1317 0.3810
vt 0.3318 0.1354 0.4038
vt 0.3670 0.1297 0.3833
vt 0.3328 0.1334 0.4059
vt 0.4918 0.1476 0.2618
vt 0.5314 0.1435 0.2785
vt 0.4495 0.1516 0.2526
vt 0.4907 0.1455 0.2635
vt 0.4488 0.1494 0.2545
vt 0.5299 0.1414 0.2801
vt 0.4060 0.1552 0.2513
vt 0.3630 0.1584 0.2580
vt 0.3632 0.1562 0.2598
vt 0.4058 0.1530 0.2532
vt 0.6783 0.1643 0.7468
vt 0.7062 0.1630 0.7149
vt 0.7066 0.1719 0.7139
vt 0.6453 0.1647 0.7723
vt 0.6770 0.1620 0.7455
vt 0.6443 0.1624 0.7707
vt 0.7046 0.1608 0.7139
vt 0.3022 0.1393 0.4334
vt 0.5666 0.1393 0.3022
vt 0.5648 0.1373 0.3035
vt 0.6682 0.4038 0.1354
vt 0.6978 0.4334 0.1393
vt 0.6965 0.4352 0.1373
vt 0.6672 0.4059 0.1334
vt 0.5247 0.1227 0.3708
vt 0.5617 0.1223 0.3889
vt 0.5238 0.1208 0.3731
vt 0.5605 0.1204 0.3910
vt 0.3222 0.1611 0.2723
vt 0.2851 0.1630 0.2938
vt 0.2861 0.1608 0.2954
vt 0.3228 0.1588 0.2741
vt 0.4846 0.1240 0.6421
vt 0.4835 0.1259 0.6441
vt 0.4464 0.1239 0.6226
vt 0.4479 0.1220 0.6208
vt 0.5243 0.1285 0.6585
vt 0.5250 0.1266 0.6563
vt 0.5675 0.1297 0.6630
vt 0.5673 0.1317 0.6652
vt 0.6107 0.1354 0.6639
vt 0.6106 0.1334 0.6617
vt 0.6926 0.1435 0.6380
vt 0.6917 0.1414 0.6361
vt 0.7266 0.1455 0.6127
vt 0.7279 0.1476 0.6143
vt 0.3873 0.1455 0.7266
vt 0.4166 0.1494 0.7559
vt 0.4153 0.1516 0.7575
vt 0.3857 0.1476 0.7279
vt 0.4508 0.1530 0.7785
vt 0.4498 0.1553 0.7802
vt 0.4879 0.1585 0.7954
vt 0.4884 0.1562 0.7935
vt 0.6076 0.1620 0.7887
vt 0.6082 0.1643 0.7905
vt 0.5686 0.1631 0.8006
vt 0.5684 0.1608 0.7987
vt 0.6531 0.1394 0.6547
vt 0.6525 0.1373 0.6526
vt 0.5317 0.1485 0.7511
vt 0.5011 0.1465 0.7459
vt 0.5628 0.1500 0.7499
vt 0.5629 0.1538 0.7527
vt 0.5313 0.1523 0.7540
vt 0.5000 0.1502 0.7486
vt 0.5619 0.1191 0.4547
vt 0.5367 0.1188 0.4352
vt 0.4790 0.1200 0.5832
vt 0.4547 0.1191 0.5619
vt 0.4168 0.4790 0.1200
vt 0.4381 0.4547 0.1191
vt 0.5642 0.1223 0.4517
vt 0.5384 0.1220 0.4318
vt 0.4383 0.3889 0.1223
vt 0.4395 0.3910 0.1204
vt 0.4068 0.4163 0.1208
vt 0.4052 0.4145 0.1227
vt 0.3774 0.4464 0.1239
vt 0.3792 0.4479 0.1220
vt 0.4145 0.1227 0.5948
vt 0.5948 0.1227 0.4145
vt 0.5282 0.1588 0.8003
vt 0.5280 0.1611 0.8022
vt 0.6047 0.1288 0.6148
vt 0.6370 0.1318 0.6078
vt 0.6673 0.1350 0.5951
vt 0.6376 0.1353 0.6110
vt 0.6685 0.1385 0.5980
vt 0.6046 0.1322 0.6182
vt 0.5931 0.1509 0.7422
vt 0.6214 0.1512 0.7283
vt 0.5938 0.1547 0.7448
vt 0.6227 0.1550 0.7307
vt 0.4720 0.1440 0.7343
vt 0.4456 0.1412 0.7168
vt 0.4704 0.1477 0.7368
vt 0.4435 0.1448 0.7190
vt 0.6942 0.1382 0.5770
vt 0.4230 0.1382 0.6942
vt 0.4204 0.1417 0.6959
vt 0.6959 0.1417 0.5796
vt 0.5714 0.1260 0.6158
vt 0.5386 0.1236 0.6107
vt 0.5707 0.1294 0.6191
vt 0.5373 0.1269 0.6139
vt 0.5074 0.1215 0.5997
vt 0.5055 0.1248 0.6027
vt 0.4766 0.1233 0.5859
vt 0.3429 0.1523 0.3131
vt 0.3439 0.1485 0.3156
vt 0.3751 0.1465 0.3046
vt 0.3747 0.1502 0.3018
vt 0.3140 0.1538 0.3298
vt 0.3156 0.1500 0.3320
vt 0.5096 0.1223 0.4177
vt 0.5083 0.1191 0.4213
vt 0.4781 0.1200 0.4136
vt 0.4787 0.1233 0.4098
vt 0.5334 0.1353 0.3362
vt 0.5307 0.1318 0.3383
vt 0.5534 0.1288 0.3609
vt 0.5565 0.1322 0.3593
vt 0.5038 0.1350 0.3202
vt 0.5059 0.1385 0.3178
vt 0.3609 0.1288 0.4466
vt 0.3383 0.1318 0.4693
vt 0.6485 0.1547 0.7108
vt 0.6467 0.1509 0.7088
vt 0.6680 0.1500 0.6844
vt 0.6702 0.1538 0.6860
vt 0.4412 0.1412 0.3004
vt 0.4421 0.1448 0.2976
vt 0.4082 0.1477 0.2966
vt 0.4079 0.1440 0.2995
vt 0.4735 0.1382 0.3074
vt 0.4751 0.1417 0.3048
vt 0.4163 0.1236 0.4176
vt 0.4158 0.1269 0.4140
vt 0.3862 0.1294 0.4258
vt 0.3873 0.1260 0.4292
vt 0.3593 0.1322 0.4435
vt 0.4470 0.1248 0.4086
vt 0.4470 0.1215 0.4124
vt 0.6577 0.7220 0.1572
vt 0.6522 0.7153 0.1559
vt 0.6485 0.7108 0.1547
vt 0.6708 0.7379 0.1601
vt 0.6645 0.7303 0.1587
vt 0.6895 0.7017 0.1577
vt 0.6971 0.7078 0.1590
vt 0.6396 0.7620 0.1605
vt 0.6348 0.7532 0.1591
vt 0.7275 0.5127 0.1444
vt 0.7184 0.5161 0.1438
vt 0.7034 0.4806 0.1401
vt 0.7117 0.4754 0.1405
vt 0.7266 0.5542 0.1474
vt 0.7361 0.5527 0.1482
vt 0.5551 0.3718 0.1239
vt 0.5545 0.3821 0.1243
vt 0.5180 0.3836 0.1225
vt 0.5168 0.3733 0.1220
vt 0.5930 0.3783 0.1264
vt 0.5905 0.3883 0.1266
vt 0.3806 0.6815 0.1401
vt 0.3722 0.6866 0.1405
vt 0.3565 0.6493 0.1366
vt 0.3656 0.6460 0.1364
vt 0.3574 0.6080 0.1328
vt 0.3478 0.6093 0.1329
vt 0.6289 0.3926 0.1294
vt 0.6246 0.4019 0.1295
vt 0.6614 0.4141 0.1329
vt 0.6556 0.4224 0.1328
vt 0.7373 0.5938 0.1516
vt 0.7278 0.5932 0.1506
vt 0.7218 0.6318 0.1535
vt 0.7310 0.6343 0.1547
vt 0.6046 0.7792 0.1601
vt 0.6015 0.7695 0.1587
vt 0.5672 0.7887 0.1590
vt 0.5660 0.7786 0.1577
vt 0.6894 0.4421 0.1366
vt 0.6822 0.4490 0.1364
vt 0.7174 0.6728 0.1571
vt 0.7088 0.6684 0.1559
vt 0.4794 0.3829 0.1209
vt 0.4825 0.3926 0.1214
vt 0.4492 0.4089 0.1211
vt 0.4444 0.4000 0.1205
vt 0.3466 0.5683 0.1294
vt 0.3563 0.5689 0.1295
vt 0.3529 0.5277 0.1264
vt 0.3622 0.5304 0.1266
vt 0.4935 0.7738 0.1535
vt 0.4910 0.7837 0.1547
vt 0.4551 0.7694 0.1516
vt 0.4594 0.7602 0.1506
vt 0.4284 0.7397 0.1474
vt 0.4225 0.7479 0.1482
vt 0.3946 0.7199 0.1444
vt 0.4018 0.7132 0.1438
vt 0.5288 0.7902 0.1571
vt 0.5295 0.7800 0.1559
vt 0.3945 0.4605 0.1225
vt 0.3869 0.4542 0.1220
vt 0.4131 0.4241 0.1209
vt 0.4195 0.4318 0.1214
vt 0.3665 0.4892 0.1239
vt 0.3752 0.4937 0.1243
vt 0.3579 0.4846 0.1240
vt 0.3610 0.4863 0.1237
vt 0.3470 0.5260 0.1263
vt 0.3437 0.5250 0.1266
vt 0.3820 0.4502 0.1218
vt 0.4091 0.4191 0.1206
vt 0.4413 0.3943 0.1202
vt 0.5282 0.8003 0.1588
vt 0.5284 0.7967 0.1580
vt 0.5680 0.7951 0.1599
vt 0.5684 0.7987 0.1608
vt 0.4894 0.7900 0.1554
vt 0.4884 0.7935 0.1562
vt 0.4166 0.7559 0.1494
vt 0.3873 0.7266 0.1455
vt 0.3899 0.7242 0.1449
vt 0.4188 0.7531 0.1487
vt 0.3639 0.6917 0.1414
vt 0.3669 0.6899 0.1409
vt 0.4508 0.7785 0.1530
vt 0.4523 0.7753 0.1523
vt 0.3370 0.5675 0.1297
vt 0.3405 0.5678 0.1294
vt 0.3417 0.6102 0.1330
vt 0.3383 0.6106 0.1334
vt 0.4762 0.3731 0.1208
vt 0.4774 0.3766 0.1206
vt 0.5154 0.3631 0.1220
vt 0.5159 0.3668 0.1218
vt 0.7229 0.6757 0.1580
vt 0.7369 0.6360 0.1554
vt 0.7402 0.6368 0.1562
vt 0.7259 0.6772 0.1588
vt 0.7019 0.7118 0.1599
vt 0.7046 0.7139 0.1608
vt 0.6940 0.4377 0.1368
vt 0.6651 0.4089 0.1330
vt 0.7199 0.4701 0.1414
vt 0.7170 0.4720 0.1409
vt 0.6076 0.7887 0.1620
vt 0.6065 0.7853 0.1611
vt 0.6426 0.7677 0.1615
vt 0.6443 0.7707 0.1624
vt 0.7468 0.5942 0.1530
vt 0.7434 0.5941 0.1523
vt 0.7422 0.5518 0.1487
vt 0.7455 0.5512 0.1494
vt 0.6330 0.3833 0.1297
vt 0.6316 0.3867 0.1294
vt 0.5945 0.3719 0.1263
vt 0.5954 0.3683 0.1266
vt 0.3506 0.6514 0.1368
vt 0.3474 0.6525 0.1373
vt 0.5557 0.3615 0.1240
vt 0.5555 0.3652 0.1237
vt 0.7365 0.5093 0.1455
vt 0.7333 0.5106 0.1449
vt 0.6770 0.7455 0.1620
vt 0.6748 0.7428 0.1611
vt 0.4600 0.4868 0.0018
vt 0.6549 0.4995 0.0129
vt 0.4388 0.0055 0.4297
vt 0.5544 0.0075 0.6006
vt 0.5236 0.0055 0.5898
vt 0.4695 0.0040 0.4309
vt 0.5098 0.0302 0.7593
vt 0.3014 0.0336 0.3252
vt 0.6197 0.0127 0.6047
vt 0.4503 0.4750 0.0003
vt 0.4995 0.0031 0.4385
vt 0.5275 0.0028 0.4522
vt 0.7083 0.0220 0.5673
vt 0.5525 0.0031 0.4715
vt 0.6538 0.0345 0.7227
vt 0.4874 0.0188 0.3135
vt 0.5141 0.0157 0.3314
vt 0.4550 0.0250 0.7306
vt 0.4811 0.0277 0.7479
vt 0.6748 0.0336 0.6986
vt 0.6660 0.4891 0.0126
vt 0.4575 0.0220 0.3009
vt 0.4327 0.0220 0.7083
vt 0.5869 0.0099 0.6057
vt 0.5404 0.7636 0.0298
vt 0.5103 0.7584 0.0278
vt 0.5103 0.0278 0.7584
vt 0.5404 0.0298 0.7636
vt 0.5708 0.7624 0.0312
vt 0.5708 0.0312 0.7624
vt 0.4485 0.4727 0.0010
vt 0.4733 0.4536 0.0007
vt 0.5267 0.0007 0.4536
vt 0.5515 0.0010 0.4727
vt 0.4276 0.4966 0.0019
vt 0.4727 0.0010 0.5515
vt 0.4966 0.0019 0.5724
vt 0.4034 0.6516 0.0135
vt 0.3965 0.6199 0.0105
vt 0.6516 0.0135 0.5966
vt 0.6199 0.0105 0.6035
vt 0.4160 0.6813 0.0166
vt 0.6813 0.0166 0.5840
vt 0.6006 0.7548 0.0321
vt 0.6006 0.0321 0.7548
vt 0.6284 0.7412 0.0324
vt 0.6284 0.0324 0.7412
vt 0.4818 0.7471 0.0254
vt 0.4559 0.7300 0.0226
vt 0.4559 0.0226 0.7300
vt 0.4818 0.0254 0.7471
vt 0.4337 0.7078 0.0197
vt 0.7078 0.0197 0.5663
vt 0.4337 0.0197 0.7078
vt 0.4006 0.5550 0.0053
vt 0.3956 0.5873 0.0077
vt 0.5550 0.0053 0.5994
vt 0.5873 0.0077 0.6044
vt 0.4114 0.5244 0.0033
vt 0.5244 0.0033 0.5886
vt 0.3296 0.0298 0.3098
vt 0.3602 0.0278 0.2990
vt 0.7010 0.6398 0.0278
vt 0.6902 0.6704 0.0298
vt 0.3018 0.0312 0.3259
vt 0.6741 0.6982 0.0312
vt 0.4989 0.0010 0.4400
vt 0.5011 0.4400 0.0010
vt 0.4692 0.0019 0.4324
vt 0.5308 0.4324 0.0019
vt 0.3321 0.0135 0.4870
vt 0.3543 0.0105 0.4648
vt 0.6457 0.4648 0.0105
vt 0.6679 0.4870 0.0135
vt 0.4865 0.0166 0.3143
vt 0.5130 0.0135 0.3321
vt 0.6857 0.5135 0.0166
vt 0.6532 0.0321 0.7221
vt 0.6741 0.0312 0.6982
vt 0.6532 0.7221 0.0321
vt 0.3925 0.0254 0.2940
vt 0.4251 0.0226 0.2949
vt 0.7051 0.5749 0.0226
vt 0.7060 0.6075 0.0254
vt 0.4568 0.0197 0.3018
vt 0.6982 0.5432 0.0197
vt 0.3801 0.0077 0.4477
vt 0.4087 0.0053 0.4364
vt 0.5913 0.4364 0.0053
vt 0.6199 0.4477 0.0077
vt 0.4387 0.0033 0.4312
vt 0.5613 0.4312 0.0033
vt 0.3054 0.1603 0.2933
vt 0.3040 0.1508 0.2924
vt 0.3158 0.1503 0.2827
vt 0.3187 0.1597 0.2834
vt 0.3140 0.1481 0.6763
vt 0.3143 0.1573 0.6743
vt 0.3029 0.1572 0.6626
vt 0.3029 0.1476 0.6637
vt 0.6743 0.1573 0.3143
vt 0.6763 0.1481 0.3140
vt 0.6937 0.1498 0.3082
vt 0.6922 0.1593 0.3088
vt 0.7173 0.6842 0.1503
vt 0.7076 0.6960 0.1508
vt 0.6918 0.6937 0.1498
vt 0.6860 0.6763 0.1481
vt 0.6971 0.6637 0.1476
vt 0.7131 0.6683 0.1488
vt 0.3317 0.1488 0.2869
vt 0.3329 0.1581 0.2875
vt 0.2875 0.1581 0.6671
vt 0.2869 0.1488 0.6683
vt 0.6912 0.1593 0.6922
vt 0.6918 0.1498 0.6937
vt 0.7076 0.1508 0.6960
vt 0.7067 0.1603 0.6946
vt 0.2875 0.6671 0.1581
vt 0.3029 0.6626 0.1572
vt 0.3143 0.6743 0.1573
vt 0.2834 0.6813 0.1597
vt 0.3088 0.6922 0.1593
vt 0.2933 0.6946 0.1603
vt 0.4093 0.1533 0.2617
vt 0.4081 0.1438 0.2608
vt 0.4235 0.1427 0.2579
vt 0.4260 0.1521 0.2594
vt 0.5865 0.1419 0.2888
vt 0.5845 0.1511 0.2895
vt 0.5683 0.1503 0.2851
vt 0.5697 0.1407 0.2851
vt 0.7105 0.1511 0.5845
vt 0.7112 0.1419 0.5865
vt 0.7244 0.1436 0.5984
vt 0.7236 0.1531 0.5970
vt 0.7244 0.5984 0.1436
vt 0.7112 0.5865 0.1419
vt 0.7149 0.5697 0.1407
vt 0.7392 0.5919 0.1438
vt 0.7311 0.5651 0.1412
vt 0.7421 0.5765 0.1427
vt 0.2579 0.1427 0.5765
vt 0.2689 0.1412 0.5651
vt 0.2696 0.1505 0.5639
vt 0.2594 0.1521 0.5740
vt 0.2851 0.1407 0.5697
vt 0.2851 0.1503 0.5683
vt 0.7392 0.1438 0.5919
vt 0.7383 0.1533 0.5907
vt 0.2617 0.5907 0.1533
vt 0.2594 0.5740 0.1521
vt 0.2696 0.5639 0.1505
vt 0.2851 0.5683 0.1503
vt 0.2895 0.5845 0.1511
vt 0.2764 0.5970 0.1531
vt 0.5315 0.1418 0.2887
vt 0.5159 0.1434 0.2829
vt 0.5147 0.1339 0.2820
vt 0.5296 0.1325 0.2867
vt 0.4956 0.1334 0.3089
vt 0.4936 0.1426 0.3099
vt 0.4773 0.1413 0.3136
vt 0.4791 0.1318 0.3135
vt 0.6901 0.1426 0.4936
vt 0.6911 0.1334 0.4956
vt 0.7082 0.1345 0.4988
vt 0.7073 0.1440 0.4974
vt 0.7180 0.4853 0.1339
vt 0.7082 0.4988 0.1345
vt 0.6911 0.4956 0.1334
vt 0.7133 0.4704 0.1325
vt 0.6865 0.4791 0.1318
vt 0.6984 0.4665 0.1314
vt 0.3016 0.1314 0.4665
vt 0.3022 0.1406 0.4652
vt 0.2887 0.1418 0.4685
vt 0.2867 0.1325 0.4704
vt 0.3135 0.1318 0.4791
vt 0.3136 0.1413 0.4773
vt 0.5026 0.1440 0.2927
vt 0.5012 0.1345 0.2918
vt 0.2887 0.4685 0.1418
vt 0.3022 0.4652 0.1406
vt 0.3136 0.4773 0.1413
vt 0.3099 0.4936 0.1426
vt 0.2927 0.4974 0.1440
vt 0.2829 0.4841 0.1434
vt 0.3503 0.1237 0.4046
vt 0.3612 0.1223 0.3943
vt 0.3634 0.1318 0.3931
vt 0.3510 0.1333 0.4035
vt 0.6299 0.1339 0.4262
vt 0.6190 0.1326 0.4141
vt 0.6195 0.1231 0.4160
vt 0.6312 0.1247 0.4278
vt 0.6475 0.1250 0.4215
vt 0.6466 0.1345 0.4202
vt 0.6388 0.3943 0.1223
vt 0.6497 0.4046 0.1237
vt 0.6475 0.4215 0.1250
vt 0.6312 0.4278 0.1247
vt 0.6195 0.4160 0.1231
vt 0.6240 0.3988 0.1219
vt 0.3767 0.1312 0.3976
vt 0.3760 0.1219 0.3988
vt 0.3988 0.1219 0.3760
vt 0.4160 0.1231 0.3805
vt 0.4141 0.1326 0.3810
vt 0.3976 0.1312 0.3767
vt 0.5798 0.1345 0.3534
vt 0.5785 0.1250 0.3525
vt 0.5954 0.1237 0.3503
vt 0.5965 0.1333 0.3510
vt 0.3634 0.3931 0.1318
vt 0.3767 0.3976 0.1312
vt 0.3810 0.4141 0.1326
vt 0.3510 0.4035 0.1333
vt 0.3701 0.4262 0.1339
vt 0.3534 0.4202 0.1345
vt 0.5320 0.1498 0.7929
vt 0.5464 0.1508 0.7959
vt 0.5469 0.1603 0.7938
vt 0.5313 0.1593 0.7914
vt 0.4476 0.1583 0.7663
vt 0.4471 0.1487 0.7668
vt 0.4627 0.1476 0.7629
vt 0.4626 0.1569 0.7616
vt 0.7629 0.1476 0.4627
vt 0.7771 0.1482 0.4740
vt 0.7757 0.1577 0.4744
vt 0.7616 0.1569 0.4626
vt 0.5320 0.7929 0.1498
vt 0.5260 0.7771 0.1482
vt 0.5373 0.7629 0.1476
vt 0.5464 0.7959 0.1508
vt 0.5529 0.7668 0.1487
vt 0.5571 0.7840 0.1504
vt 0.5571 0.1504 0.7840
vt 0.5567 0.1596 0.7830
vt 0.2160 0.1504 0.4429
vt 0.2332 0.1487 0.4471
vt 0.2337 0.1583 0.4476
vt 0.2172 0.1596 0.4436
vt 0.7929 0.1498 0.4680
vt 0.7914 0.1593 0.4687
vt 0.4436 0.7828 0.1596
vt 0.4476 0.7663 0.1583
vt 0.4626 0.7616 0.1569
vt 0.4531 0.7938 0.1603
vt 0.4744 0.7757 0.1577
vt 0.4687 0.7914 0.1593
vt 0.6457 0.1627 0.7618
vt 0.6310 0.1625 0.7681
vt 0.6318 0.1530 0.7695
vt 0.6457 0.1533 0.7644
vt 0.3624 0.1601 0.7351
vt 0.3622 0.1505 0.7358
vt 0.3777 0.1501 0.7408
vt 0.3777 0.1594 0.7392
vt 0.7392 0.1594 0.3777
vt 0.7408 0.1501 0.3777
vt 0.7591 0.1515 0.3808
vt 0.7577 0.1610 0.3813
vt 0.6318 0.7695 0.1530
vt 0.6192 0.7591 0.1515
vt 0.6223 0.7408 0.1501
vt 0.6378 0.7358 0.1505
vt 0.6495 0.7485 0.1522
vt 0.6457 0.7644 0.1533
vt 0.2356 0.1533 0.3543
vt 0.2515 0.1522 0.3505
vt 0.2528 0.1614 0.3512
vt 0.2382 0.1627 0.3543
vt 0.3512 0.1614 0.7472
vt 0.3505 0.1522 0.7485
vt 0.6187 0.1610 0.7577
vt 0.6192 0.1515 0.7591
vt 0.3512 0.7472 0.1614
vt 0.3624 0.7351 0.1601
vt 0.3777 0.7392 0.1594
vt 0.3543 0.7618 0.1627
vt 0.3813 0.7577 0.1610
vt 0.3690 0.7681 0.1625
vt 0.6777 0.1414 0.6337
vt 0.6791 0.1319 0.6332
vt 0.6939 0.1333 0.6286
vt 0.6933 0.1430 0.6279
vt 0.3318 0.1418 0.6066
vt 0.3155 0.1435 0.6029
vt 0.3147 0.1340 0.6018
vt 0.3313 0.1324 0.6063
vt 0.6063 0.1324 0.6687
vt 0.6234 0.1313 0.6655
vt 0.6239 0.1408 0.6644
vt 0.6066 0.1418 0.6682
vt 0.3714 0.6939 0.1333
vt 0.3668 0.6791 0.1319
vt 0.3766 0.6655 0.1313
vt 0.3982 0.6853 0.1340
vt 0.3937 0.6687 0.1324
vt 0.3864 0.6978 0.1344
vt 0.3857 0.1437 0.6966
vt 0.3721 0.1430 0.6933
vt 0.3714 0.1333 0.6939
vt 0.3864 0.1344 0.6978
vt 0.3982 0.1340 0.6853
vt 0.3971 0.1435 0.6845
vt 0.6644 0.1408 0.6239
vt 0.6655 0.1313 0.6234
vt 0.6337 0.6777 0.1414
vt 0.6279 0.6933 0.1430
vt 0.6143 0.6966 0.1437
vt 0.6029 0.6845 0.1435
vt 0.6066 0.6682 0.1418
vt 0.6239 0.6644 0.1408
vt 0.4350 0.1421 0.7598
vt 0.4460 0.1435 0.7701
vt 0.4468 0.1531 0.7687
vt 0.4344 0.1516 0.7583
vt 0.5464 0.1411 0.7365
vt 0.5464 0.1504 0.7356
vt 0.5356 0.1522 0.7477
vt 0.5348 0.1427 0.7483
vt 0.5628 0.1408 0.7429
vt 0.5632 0.1503 0.7416
vt 0.4350 0.7598 0.1421
vt 0.4372 0.7429 0.1408
vt 0.4536 0.7365 0.1411
vt 0.4652 0.7483 0.1427
vt 0.4608 0.7655 0.1439
vt 0.4460 0.7701 0.1435
vt 0.4608 0.1439 0.7655
vt 0.4601 0.1531 0.7643
vt 0.2357 0.1531 0.5399
vt 0.2345 0.1439 0.5392
vt 0.2517 0.1427 0.5348
vt 0.2523 0.1522 0.5356
vt 0.7429 0.1408 0.5628
vt 0.7598 0.1421 0.5650
vt 0.7583 0.1516 0.5656
vt 0.7416 0.1503 0.5632
vt 0.5532 0.7687 0.1531
vt 0.5399 0.7643 0.1531
vt 0.5356 0.7477 0.1522
vt 0.5632 0.7416 0.1503
vt 0.5464 0.7356 0.1504
vt 0.5656 0.7583 0.1516
vt 0.4805 0.1251 0.6331
vt 0.4672 0.1245 0.6233
vt 0.4683 0.1150 0.6228
vt 0.4802 0.1155 0.6325
vt 0.3863 0.1277 0.4992
vt 0.3877 0.1182 0.5006
vt 0.3988 0.1177 0.4880
vt 0.3978 0.1270 0.4875
vt 0.5125 0.1270 0.6022
vt 0.5120 0.1177 0.6012
vt 0.5294 0.1160 0.6071
vt 0.5304 0.1255 0.6077
vt 0.3675 0.4802 0.1155
vt 0.3772 0.4683 0.1150
vt 0.3929 0.4706 0.1160
vt 0.3988 0.4880 0.1177
vt 0.3877 0.5006 0.1182
vt 0.3716 0.4960 0.1170
vt 0.4960 0.1170 0.6284
vt 0.4947 0.1262 0.6290
vt 0.3710 0.1262 0.4947
vt 0.3716 0.1170 0.4960
vt 0.6071 0.1160 0.4706
vt 0.6228 0.1150 0.4683
vt 0.6233 0.1245 0.4672
vt 0.6077 0.1255 0.4696
vt 0.6233 0.4672 0.1245
vt 0.6331 0.4805 0.1251
vt 0.6290 0.4947 0.1262
vt 0.6022 0.4875 0.1270
vt 0.6137 0.4992 0.1277
vt 0.6077 0.4696 0.1255
vt 0.5878 0.1231 0.6573
vt 0.5878 0.1327 0.6572
vt 0.5711 0.1315 0.6549
vt 0.5724 0.1220 0.6544
vt 0.4222 0.1239 0.6264
vt 0.4226 0.1332 0.6270
vt 0.4065 0.1345 0.6315
vt 0.4054 0.1250 0.6302
vt 0.6402 0.1317 0.5648
vt 0.6270 0.1332 0.5774
vt 0.6264 0.1239 0.5778
vt 0.6396 0.1222 0.5659
vt 0.3604 0.5659 0.1222
vt 0.3736 0.5778 0.1239
vt 0.3698 0.5946 0.1250
vt 0.3456 0.5724 0.1220
vt 0.3537 0.5992 0.1246
vt 0.3427 0.5878 0.1231
vt 0.3537 0.1246 0.5992
vt 0.3530 0.1339 0.5980
vt 0.3428 0.1327 0.5878
vt 0.3427 0.1231 0.5878
vt 0.3698 0.1250 0.5946
vt 0.3685 0.1345 0.5935
vt 0.6549 0.1315 0.5711
vt 0.6544 0.1220 0.5724
vt 0.6549 0.5711 0.1315
vt 0.6572 0.5878 0.1327
vt 0.6470 0.5980 0.1339
vt 0.6315 0.5935 0.1345
vt 0.6270 0.5774 0.1332
vt 0.6402 0.5648 0.1317
vt 0.4616 0.1150 0.3684
vt 0.4635 0.1245 0.3680
vt 0.4479 0.1255 0.3704
vt 0.4473 0.1160 0.3714
vt 0.5475 0.1182 0.4015
vt 0.5461 0.1274 0.4002
vt 0.5310 0.1265 0.3955
vt 0.5318 0.1171 0.3975
vt 0.6139 0.1271 0.4421
vt 0.5998 0.1274 0.4539
vt 0.5985 0.1182 0.4525
vt 0.6128 0.1176 0.4413
vt 0.5384 0.3684 0.1150
vt 0.5527 0.3714 0.1160
vt 0.5587 0.3872 0.1176
vt 0.5318 0.3975 0.1171
vt 0.5475 0.4015 0.1182
vt 0.5277 0.3803 0.1154
vt 0.4730 0.1247 0.3791
vt 0.4633 0.1246 0.3683
vt 0.4723 0.1154 0.3803
vt 0.3955 0.1265 0.4690
vt 0.3791 0.1247 0.4730
vt 0.3803 0.1154 0.4723
vt 0.3975 0.1171 0.4682
vt 0.6286 0.1160 0.4473
vt 0.6296 0.1255 0.4479
vt 0.4635 0.3680 0.1245
vt 0.4730 0.3791 0.1247
vt 0.4690 0.3955 0.1265
vt 0.4421 0.3861 0.1271
vt 0.4539 0.4002 0.1274
vt 0.4479 0.3704 0.1255
vt 0.5609 0.1125 0.3999
vt 0.5623 0.1221 0.4000
vt 0.5476 0.1223 0.3937
vt 0.5470 0.1128 0.3948
vt 0.4458 0.1247 0.4267
vt 0.4470 0.1153 0.4285
vt 0.4624 0.1157 0.4235
vt 0.4611 0.1249 0.4227
vt 0.5948 0.1143 0.5345
vt 0.5959 0.1238 0.5353
vt 0.5773 0.1249 0.5389
vt 0.5765 0.1157 0.5376
vt 0.4530 0.3948 0.1128
vt 0.4655 0.4052 0.1143
vt 0.4624 0.4235 0.1157
vt 0.4391 0.3999 0.1125
vt 0.4470 0.4285 0.1153
vt 0.4353 0.4158 0.1136
vt 0.4146 0.1229 0.5654
vt 0.4000 0.1221 0.5623
vt 0.3999 0.1125 0.5609
vt 0.4158 0.1136 0.5647
vt 0.4346 0.1229 0.4146
vt 0.4353 0.1136 0.4158
vt 0.5353 0.1238 0.4041
vt 0.5345 0.1143 0.4052
vt 0.5476 0.3937 0.1223
vt 0.5623 0.4000 0.1221
vt 0.5654 0.4146 0.1229
vt 0.5389 0.4227 0.1249
vt 0.5542 0.4267 0.1247
vt 0.5353 0.4041 0.1238
vt 0.0298 0.4658 0.5658
vt 0.0298 0.4522 0.5666
vt 0.0383 0.4362 0.5671
vt 0.0477 0.4325 0.5681
vt 0.0536 0.4808 0.5653
vt 0.0730 0.4448 0.5662
vt 0.9483 0.4252 0.5103
vt 0.9576 0.4286 0.5101
vt 0.9678 0.4463 0.5075
vt 0.9680 0.4617 0.5064
vt 0.9241 0.4395 0.5116
vt 0.9438 0.4745 0.5062
vt 0.9680 0.5064 0.4617
vt 0.9783 0.5159 0.4672
vt 0.9822 0.5247 0.4731
vt 0.9797 0.5367 0.4834
vt 0.9438 0.5062 0.4745
vt 0.9556 0.5364 0.4979
vt 0.5638 0.5671 0.0383
vt 0.5478 0.5666 0.0298
vt 0.5318 0.5580 0.0211
vt 0.5764 0.5617 0.0452
vt 0.5243 0.5452 0.0172
vt 0.5269 0.5247 0.0178
vt 0.5328 0.5159 0.0217
vt 0.5537 0.5075 0.0322
vt 0.5714 0.5101 0.0424
vt 0.5836 0.5201 0.0491
vt 0.5883 0.5294 0.0517
vt 0.5874 0.5485 0.0511
vt 0.0730 0.5662 0.4448
vt 0.0477 0.5681 0.4325
vt 0.0452 0.5617 0.4236
vt 0.0511 0.5485 0.4126
vt 0.0592 0.5426 0.4112
vt 0.0825 0.5426 0.4257
vt 0.0513 0.5296 0.4122
vt 0.0491 0.5201 0.4164
vt 0.0517 0.5103 0.4252
vt 0.0759 0.5116 0.4395
vt 0.9828 0.5452 0.4757
vt 0.9789 0.5580 0.4682
vt 0.9702 0.5658 0.4658
vt 0.9464 0.5653 0.4808
vt 0.5342 0.5658 0.0298
vt 0.0452 0.4236 0.5617
vt 0.0517 0.5294 0.4117
vt 0.0424 0.5101 0.4286
vt 0.5383 0.5064 0.0320
vt 0.5166 0.5367 0.0203
vt 0.4808 0.5653 0.0536
vt 0.4448 0.5662 0.0730
vt 0.4257 0.5426 0.0825
vt 0.4395 0.5116 0.0759
vt 0.4745 0.5062 0.0562
vt 0.4979 0.5364 0.0444
vt 0.7492 0.0561 0.6515
vt 0.7601 0.0629 0.6502
vt 0.7687 0.0787 0.6490
vt 0.7446 0.1068 0.6494
vt 0.7671 0.0893 0.6476
vt 0.7253 0.0709 0.6520
vt 0.2254 0.0896 0.7055
vt 0.2345 0.0715 0.7090
vt 0.2468 0.0636 0.7106
vt 0.2272 0.0999 0.7050
vt 0.2508 0.1153 0.7036
vt 0.2691 0.0798 0.7107
vt 0.2691 0.7107 0.0798
vt 0.2468 0.7106 0.0636
vt 0.2464 0.7016 0.0508
vt 0.2831 0.6817 0.0555
vt 0.2494 0.6931 0.0437
vt 0.2594 0.6814 0.0402
vt 0.9213 0.6490 0.2313
vt 0.9371 0.6502 0.2399
vt 0.9527 0.6595 0.2482
vt 0.9563 0.6931 0.2494
vt 0.9594 0.6727 0.2519
vt 0.9083 0.6537 0.2243
vt 0.9285 0.7090 0.2345
vt 0.9492 0.7016 0.2464
vt 0.9104 0.7055 0.2254
vt 0.8987 0.6950 0.2192
vt 0.8945 0.6855 0.2169
vt 0.8966 0.6664 0.2180
vt 0.7671 0.6476 0.0893
vt 0.7757 0.6537 0.0917
vt 0.7820 0.6664 0.1034
vt 0.7560 0.6720 0.1264
vt 0.7793 0.6720 0.1120
vt 0.7446 0.6494 0.1068
vt 0.7831 0.6855 0.1055
vt 0.7728 0.7050 0.0999
vt 0.7808 0.6950 0.1013
vt 0.7492 0.7036 0.1153
vt 0.2519 0.6727 0.0406
vt 0.2508 0.6515 0.0561
vt 0.2482 0.6595 0.0473
vt 0.2747 0.6520 0.0709
vt 0.2399 0.6502 0.0629
vt 0.7757 0.0917 0.6537
vt 0.8880 0.6720 0.2207
vt 0.9001 0.7050 0.2272
vt 0.2345 0.7090 0.0715
vt 0.0709 0.6520 0.2747
vt 0.1068 0.6494 0.2554
vt 0.1264 0.6720 0.2440
vt 0.1153 0.7036 0.2508
vt 0.0798 0.7107 0.2691
vt 0.0555 0.6817 0.2831
vt 0.1851 0.9012 0.2258
vt 0.1614 0.9011 0.2104
vt 0.1565 0.8918 0.2061
vt 0.1567 0.8772 0.2056
vt 0.1628 0.8707 0.2078
vt 0.1856 0.8683 0.2249
vt 0.8713 0.8640 0.2711
vt 0.8769 0.8703 0.2679
vt 0.8790 0.8867 0.2705
vt 0.8466 0.8634 0.2845
vt 0.8736 0.8974 0.2753
vt 0.8504 0.8958 0.2901
vt 0.1496 0.2901 0.8958
vt 0.1264 0.2753 0.8974
vt 0.1266 0.2616 0.9055
vt 0.1312 0.2516 0.9112
vt 0.1443 0.2422 0.9172
vt 0.1680 0.2574 0.9169
vt 0.7944 0.8772 0.1567
vt 0.7939 0.8918 0.1565
vt 0.7845 0.9064 0.1514
vt 0.7885 0.8656 0.1535
vt 0.7705 0.9133 0.1439
vt 0.7384 0.9055 0.1266
vt 0.7484 0.9112 0.1312
vt 0.7295 0.8867 0.1210
vt 0.7321 0.8703 0.1231
vt 0.7429 0.8591 0.1290
vt 0.7531 0.8547 0.1345
vt 0.7741 0.8556 0.1457
vt 0.8144 0.2249 0.8683
vt 0.8372 0.2078 0.8707
vt 0.8465 0.2115 0.8656
vt 0.8522 0.2358 0.8512
vt 0.8543 0.2259 0.8556
vt 0.8289 0.2503 0.8512
vt 0.8655 0.2469 0.8547
vt 0.8710 0.2571 0.8591
vt 0.8713 0.2711 0.8640
vt 0.8466 0.2845 0.8634
vt 0.1439 0.2295 0.9133
vt 0.1514 0.2155 0.9064
vt 0.1851 0.2258 0.9012
vt 0.1614 0.2104 0.9011
vt 0.1514 0.9064 0.2155
vt 0.1535 0.8656 0.2115
vt 0.7289 0.8640 0.1287
vt 0.7247 0.8974 0.1264
vt 0.2249 0.8683 0.1856
vt 0.2503 0.8512 0.1711
vt 0.2845 0.8634 0.1534
vt 0.2901 0.8958 0.1496
vt 0.2574 0.9169 0.1680
vt 0.2258 0.9012 0.1851
vt 0.0126 0.4979 0.7603
vt 0.0127 0.4843 0.7611
vt 0.0212 0.4684 0.7616
vt 0.0306 0.4646 0.7626
vt 0.0559 0.4769 0.7607
vt 0.0365 0.5129 0.7598
vt 0.9655 0.4573 0.7048
vt 0.9747 0.4607 0.7047
vt 0.9849 0.4784 0.7020
vt 0.9610 0.5066 0.7007
vt 0.9852 0.4938 0.7010
vt 0.9413 0.4716 0.7061
vt 0.9610 0.7007 0.5066
vt 0.9852 0.7010 0.4938
vt 0.9954 0.7104 0.4993
vt 0.9994 0.7192 0.5052
vt 0.9969 0.7312 0.5155
vt 0.9728 0.7309 0.5300
vt 0.5443 0.7562 0.0280
vt 0.5316 0.7616 0.0212
vt 0.5157 0.7611 0.0127
vt 0.4997 0.7526 0.0040
vt 0.4922 0.7397 0.0000
vt 0.4948 0.7192 0.0006
vt 0.5007 0.7104 0.0046
vt 0.5216 0.7020 0.0151
vt 0.5515 0.7146 0.0320
vt 0.5393 0.7047 0.0253
vt 0.5562 0.7239 0.0345
vt 0.5552 0.7430 0.0339
vt 0.0306 0.7626 0.4646
vt 0.0280 0.7562 0.4557
vt 0.0339 0.7430 0.4448
vt 0.0420 0.7371 0.4433
vt 0.0653 0.7371 0.4578
vt 0.0559 0.7607 0.4769
vt 0.0341 0.7241 0.4443
vt 0.0320 0.7146 0.4485
vt 0.0345 0.7048 0.4573
vt 0.0587 0.7061 0.4716
vt 1.0000 0.7397 0.5078
vt 0.9874 0.7603 0.4979
vt 0.9960 0.7526 0.5003
vt 0.9635 0.7598 0.5129
vt 0.5021 0.7603 0.0126
vt 0.0280 0.4557 0.7562
vt 0.0345 0.7239 0.4438
vt 0.0253 0.7047 0.4607
vt 0.5062 0.7010 0.0148
vt 0.4845 0.7312 0.0031
vt 0.4769 0.7607 0.0559
vt 0.4578 0.7371 0.0653
vt 0.4716 0.7061 0.0587
vt 0.5300 0.7309 0.0272
vt 0.5066 0.7007 0.0390
vt 0.5129 0.7598 0.0365
vt 0.7934 0.1379 0.4696
vt 0.8043 0.1446 0.4683
vt 0.8130 0.1604 0.4671
vt 0.8113 0.1710 0.4656
vt 0.7888 0.1885 0.4675
vt 0.7695 0.1527 0.4701
vt 0.1830 0.1816 0.5230
vt 0.1812 0.1713 0.5235
vt 0.1902 0.1532 0.5271
vt 0.2025 0.1454 0.5286
vt 0.2249 0.1616 0.5288
vt 0.2066 0.1970 0.5217
vt 0.2249 0.5288 0.1616
vt 0.2025 0.5286 0.1454
vt 0.2022 0.5196 0.1325
vt 0.2152 0.4995 0.1219
vt 0.2052 0.5111 0.1255
vt 0.2388 0.4997 0.1372
vt 0.8554 0.4683 0.1957
vt 0.8709 0.4776 0.2039
vt 0.8776 0.4908 0.2077
vt 0.8396 0.4671 0.1870
vt 0.8745 0.5111 0.2052
vt 0.8675 0.5196 0.2022
vt 0.8468 0.5271 0.1902
vt 0.8266 0.4718 0.1800
vt 0.8287 0.5235 0.1812
vt 0.8170 0.5130 0.1749
vt 0.8128 0.5035 0.1727
vt 0.8149 0.4845 0.1738
vt 0.8113 0.4656 0.1710
vt 0.8200 0.4718 0.1734
vt 0.8262 0.4845 0.1851
vt 0.8235 0.4901 0.1937
vt 0.8002 0.4901 0.2082
vt 0.7888 0.4675 0.1885
vt 0.8273 0.5035 0.1872
vt 0.8170 0.5230 0.1816
vt 0.8251 0.5130 0.1830
vt 0.7934 0.5217 0.1970
vt 0.2077 0.4908 0.1224
vt 0.2066 0.4696 0.1379
vt 0.2039 0.4776 0.1291
vt 0.2305 0.4701 0.1527
vt 0.1957 0.4683 0.1446
vt 0.8200 0.1734 0.4718
vt 0.8063 0.4901 0.1765
vt 0.8184 0.5230 0.1830
vt 0.1902 0.5271 0.1532
vt 0.1885 0.4675 0.2112
vt 0.2082 0.4901 0.1998
vt 0.1970 0.5217 0.2066
vt 0.1527 0.4701 0.2305
vt 0.1616 0.5288 0.2249
vt 0.1372 0.4997 0.2388
vt 0.8401 0.2177 0.2898
vt 0.8510 0.2245 0.2885
vt 0.8597 0.2403 0.2873
vt 0.8355 0.2684 0.2877
vt 0.8580 0.2508 0.2858
vt 0.8162 0.2325 0.2903
vt 0.1363 0.2615 0.3432
vt 0.1345 0.2512 0.3437
vt 0.1435 0.2330 0.3473
vt 0.1782 0.2414 0.3490
vt 0.1558 0.2252 0.3488
vt 0.1599 0.2768 0.3419
vt 0.1782 0.3490 0.2414
vt 0.1558 0.3488 0.2252
vt 0.1555 0.3398 0.2124
vt 0.1685 0.3197 0.2018
vt 0.1585 0.3313 0.2053
vt 0.1922 0.3199 0.2170
vt 0.7467 0.2920 0.1333
vt 0.7597 0.2873 0.1403
vt 0.7755 0.2885 0.1490
vt 0.7978 0.3110 0.1610
vt 0.7911 0.2978 0.1572
vt 0.7947 0.3313 0.1585
vt 0.7876 0.3398 0.1555
vt 0.7670 0.3473 0.1435
vt 0.7488 0.3437 0.1345
vt 0.7371 0.3332 0.1283
vt 0.7329 0.3237 0.1260
vt 0.7350 0.3047 0.1271
vt 0.8580 0.2858 0.2508
vt 0.8667 0.2920 0.2533
vt 0.8729 0.3047 0.2650
vt 0.8469 0.3103 0.2880
vt 0.8702 0.3103 0.2735
vt 0.8355 0.2877 0.2684
vt 0.8740 0.3237 0.2671
vt 0.8637 0.3432 0.2615
vt 0.8717 0.3332 0.2629
vt 0.8401 0.3419 0.2768
vt 0.1610 0.3110 0.2022
vt 0.1572 0.2978 0.2089
vt 0.1599 0.2898 0.2177
vt 0.1838 0.2903 0.2325
vt 0.1490 0.2885 0.2245
vt 0.8667 0.2533 0.2920
vt 0.7265 0.3103 0.1298
vt 0.7385 0.3432 0.1363
vt 0.1435 0.3473 0.2330
vt 0.2684 0.2877 0.1645
vt 0.2880 0.3103 0.1531
vt 0.2768 0.3419 0.1599
vt 0.2325 0.2903 0.1838
vt 0.2414 0.3490 0.1782
vt 0.2170 0.3199 0.1922
vt 0.0622 0.4581 0.3742
vt 0.0383 0.4432 0.3746
vt 0.0384 0.4296 0.3755
vt 0.0816 0.4222 0.3751
vt 0.0469 0.4136 0.3759
vt 0.0563 0.4098 0.3770
vt 0.9398 0.4025 0.3192
vt 0.9490 0.4060 0.3190
vt 0.9592 0.4236 0.3163
vt 0.9594 0.4391 0.3153
vt 0.9352 0.4518 0.3151
vt 0.9155 0.4168 0.3205
vt 0.9594 0.3153 0.4391
vt 0.9697 0.3248 0.4446
vt 0.9736 0.3336 0.4504
vt 0.9712 0.3456 0.4608
vt 0.9471 0.3453 0.4753
vt 0.9352 0.3151 0.4518
vt 0.5991 0.3706 0.0537
vt 0.5864 0.3759 0.0469
vt 0.5704 0.3755 0.0384
vt 0.5496 0.3336 0.0264
vt 0.5545 0.3669 0.0297
vt 0.5469 0.3541 0.0257
vt 0.5554 0.3248 0.0303
vt 0.5764 0.3163 0.0408
vt 0.5940 0.3190 0.0510
vt 0.6100 0.3574 0.0597
vt 0.6062 0.3289 0.0577
vt 0.6110 0.3382 0.0602
vt 0.0563 0.3770 0.4098
vt 0.0537 0.3706 0.4009
vt 0.0597 0.3574 0.3900
vt 0.0816 0.3751 0.4222
vt 0.0678 0.3515 0.3886
vt 0.0911 0.3515 0.4031
vt 0.0577 0.3289 0.3938
vt 0.0602 0.3192 0.4025
vt 0.0845 0.3205 0.4168
vt 0.0602 0.3382 0.3890
vt 0.9743 0.3541 0.4531
vt 0.9617 0.3746 0.4432
vt 0.9703 0.3669 0.4455
vt 0.9378 0.3742 0.4581
vt 0.5568 0.3746 0.0383
vt 0.0537 0.4009 0.3706
vt 0.0510 0.3190 0.4060
vt 0.5609 0.3153 0.0406
vt 0.5392 0.3456 0.0288
vt 0.4031 0.3515 0.0911
vt 0.4168 0.3205 0.0845
vt 0.4518 0.3151 0.0648
vt 0.4222 0.3751 0.0816
vt 0.4753 0.3453 0.0529
vt 0.4581 0.3742 0.0622
vt 0.7409 0.9084 0.5653
vt 0.7602 0.8725 0.5662
vt 0.7828 0.8899 0.5681
vt 0.7757 0.9164 0.5666
vt 0.7844 0.9005 0.5671
vt 0.7648 0.9232 0.5658
vt 0.2554 0.9029 0.5062
vt 0.2330 0.9191 0.5064
vt 0.2207 0.9112 0.5075
vt 0.2369 0.8671 0.5116
vt 0.2115 0.8929 0.5101
vt 0.2133 0.8826 0.5103
vt 0.2684 0.5364 0.9256
vt 0.2447 0.5367 0.9408
vt 0.2351 0.5247 0.9380
vt 0.2324 0.5159 0.9314
vt 0.2554 0.5062 0.9029
vt 0.2330 0.5064 0.9191
vt 0.8878 0.5617 0.7912
vt 0.8769 0.5485 0.7971
vt 0.8759 0.5294 0.7976
vt 0.9112 0.5075 0.7793
vt 0.8806 0.5201 0.7950
vt 0.8929 0.5101 0.7885
vt 0.9314 0.5159 0.7676
vt 0.9380 0.5247 0.7649
vt 0.9399 0.5452 0.7631
vt 0.9324 0.5580 0.7672
vt 0.9164 0.5666 0.7757
vt 0.9005 0.5671 0.7844
vt 0.7602 0.5662 0.8725
vt 0.7709 0.5426 0.8541
vt 0.7942 0.5426 0.8686
vt 0.7828 0.5681 0.8899
vt 0.7971 0.5485 0.8769
vt 0.7912 0.5617 0.8878
vt 0.7950 0.5201 0.8806
vt 0.7976 0.5294 0.8759
vt 0.7867 0.5103 0.8826
vt 0.7631 0.5116 0.8671
vt 0.2591 0.5653 0.9084
vt 0.2352 0.5658 0.9232
vt 0.2369 0.5452 0.9399
vt 0.2328 0.5580 0.9324
vt 0.2243 0.5666 0.9164
vt 0.8899 0.5681 0.7828
vt 0.8686 0.5426 0.7942
vt 0.8826 0.5103 0.7867
vt 0.2207 0.5075 0.9112
vt 0.0916 0.5653 0.7409
vt 0.0744 0.5364 0.7316
vt 0.0971 0.5062 0.7446
vt 0.1459 0.5426 0.7709
vt 0.1329 0.5116 0.7631
vt 0.1275 0.5662 0.7602
vt 0.0383 0.4985 0.6520
vt 0.0576 0.5343 0.6494
vt 0.0323 0.5465 0.6476
vt 0.0229 0.5428 0.6490
vt 0.0145 0.5269 0.6502
vt 0.0144 0.5134 0.6515
vt 0.9573 0.5081 0.7107
vt 0.9815 0.5209 0.7106
vt 0.9813 0.5362 0.7090
vt 0.9712 0.5537 0.7055
vt 0.9620 0.5571 0.7050
vt 0.9378 0.5428 0.7036
vt 0.9701 0.6817 0.4830
vt 0.9942 0.6814 0.4975
vt 0.9963 0.6931 0.5085
vt 0.9815 0.7106 0.5209
vt 0.9921 0.7016 0.5148
vt 0.9573 0.7107 0.5081
vt 0.5558 0.6538 0.9701
vt 0.5675 0.6664 0.9638
vt 0.5695 0.6855 0.9626
vt 0.5047 0.6727 0.9975
vt 0.5537 0.7055 0.9712
vt 0.5362 0.7090 0.9813
vt 0.5148 0.7016 0.9921
vt 0.5653 0.6950 0.9648
vt 0.5085 0.6931 0.9963
vt 0.5115 0.6595 0.9940
vt 0.5269 0.6502 0.9855
vt 0.5428 0.6490 0.9771
vt 0.0678 0.6720 0.5547
vt 0.0445 0.6720 0.5692
vt 0.0362 0.6664 0.5675
vt 0.0323 0.6476 0.5465
vt 0.0299 0.6538 0.5558
vt 0.0576 0.6494 0.5343
vt 0.0622 0.7036 0.5428
vt 0.0380 0.7050 0.5571
vt 0.0374 0.6855 0.5695
vt 0.0352 0.6950 0.5653
vt 0.9617 0.6520 0.4985
vt 0.9856 0.6515 0.5134
vt 0.9940 0.6595 0.5115
vt 0.9975 0.6727 0.5047
vt 0.5134 0.6515 0.9856
vt 0.0299 0.5558 0.6538
vt 0.0288 0.7055 0.5537
vt 0.5209 0.7106 0.9815
vt 0.4975 0.6814 0.9942
vt 0.5170 0.6817 0.9701
vt 0.4919 0.7107 0.9573
vt 0.4572 0.7036 0.9378
vt 0.4657 0.6494 0.9424
vt 0.4453 0.6720 0.9322
vt 0.5015 0.6520 0.9617
vt 0.8818 0.8683 0.6581
vt 0.9069 0.8707 0.6709
vt 0.9117 0.8772 0.6755
vt 0.9114 0.8918 0.6759
vt 0.9055 0.9011 0.6735
vt 0.8813 0.9012 0.6591
vt 0.1504 0.8634 0.7178
vt 0.1529 0.8958 0.7241
vt 0.1295 0.8974 0.7383
vt 0.1229 0.8867 0.7410
vt 0.1218 0.8703 0.7377
vt 0.1273 0.8640 0.7341
vt 0.8883 0.7052 0.9172
vt 0.8873 0.7221 0.9112
vt 0.8815 0.7314 0.9055
vt 0.8643 0.6907 0.9169
vt 0.8705 0.7383 0.8974
vt 0.8471 0.7241 0.8958
vt 0.6958 0.8556 0.9008
vt 0.7167 0.8547 0.8894
vt 0.7268 0.8591 0.8839
vt 0.6853 0.9064 0.9064
vt 0.7377 0.8703 0.8782
vt 0.7410 0.8867 0.8771
vt 0.7314 0.9055 0.8815
vt 0.7221 0.9112 0.8873
vt 0.6993 0.9133 0.8988
vt 0.6813 0.8656 0.9086
vt 0.6759 0.8918 0.9114
vt 0.6755 0.8772 0.9117
vt 0.1182 0.6581 0.8683
vt 0.1315 0.6843 0.8512
vt 0.1082 0.6988 0.8512
vt 0.0914 0.6813 0.8656
vt 0.0992 0.6958 0.8556
vt 0.0931 0.6709 0.8707
vt 0.1504 0.7178 0.8634
vt 0.1273 0.7341 0.8640
vt 0.1161 0.7268 0.8591
vt 0.1106 0.7167 0.8547
vt 0.8813 0.6591 0.9012
vt 0.9055 0.6735 0.9011
vt 0.9064 0.6853 0.9064
vt 0.8988 0.6993 0.9133
vt 0.6735 0.9011 0.9055
vt 0.6709 0.8707 0.9069
vt 0.1161 0.8591 0.7268
vt 0.1185 0.9055 0.7314
vt 0.3409 0.9012 0.8813
vt 0.3093 0.9169 0.8643
vt 0.2759 0.8958 0.8471
vt 0.3157 0.8512 0.8685
vt 0.2822 0.8634 0.8496
vt 0.3419 0.8683 0.8818
vt 0.7428 0.9044 0.7607
vt 0.7654 0.9219 0.7626
vt 0.7670 0.9325 0.7616
vt 0.7583 0.9484 0.7611
vt 0.7474 0.9552 0.7603
vt 0.7235 0.9404 0.7598
vt 0.2543 0.8991 0.7061
vt 0.2728 0.9349 0.7007
vt 0.2504 0.9511 0.7010
vt 0.2381 0.9432 0.7020
vt 0.2289 0.9249 0.7047
vt 0.2307 0.9145 0.7048
vt 0.2728 0.7007 0.9349
vt 0.2858 0.7309 0.9575
vt 0.2621 0.7312 0.9728
vt 0.2504 0.7010 0.9511
vt 0.0300 0.7192 0.7475
vt 0.0366 0.7104 0.7502
vt 0.0489 0.7010 0.7496
vt 0.0272 0.7312 0.7379
vt 0.9198 0.7562 0.7738
vt 0.9089 0.7430 0.7797
vt 0.9078 0.7239 0.7802
vt 0.9126 0.7146 0.7776
vt 0.9249 0.7047 0.7711
vt 0.9432 0.7020 0.7619
vt 0.9634 0.7104 0.7502
vt 0.9700 0.7192 0.7475
vt 0.9719 0.7397 0.7457
vt 0.9644 0.7526 0.7498
vt 0.9484 0.7611 0.7583
vt 0.9325 0.7616 0.7670
vt 0.7535 0.7371 0.8861
vt 0.7768 0.7371 0.9006
vt 0.7797 0.7430 0.9089
vt 0.7428 0.7607 0.9044
vt 0.7738 0.7562 0.9198
vt 0.7654 0.7626 0.9219
vt 0.7457 0.7061 0.8991
vt 0.7693 0.7048 0.9145
vt 0.7802 0.7239 0.9078
vt 0.7776 0.7146 0.9126
vt 0.2765 0.7598 0.9404
vt 0.2526 0.7603 0.9552
vt 0.2543 0.7397 0.9719
vt 0.2502 0.7526 0.9644
vt 0.2417 0.7611 0.9484
vt 0.9219 0.7626 0.7654
vt 0.9006 0.7371 0.7768
vt 0.9145 0.7048 0.7693
vt 0.2381 0.7020 0.9432
vt 0.2498 0.7104 0.9634
vt 0.2525 0.7192 0.9700
vt 0.0425 0.7309 0.7142
vt 0.0651 0.7007 0.7272
vt 0.1009 0.7061 0.7457
vt 0.0596 0.7598 0.7235
vt 0.1139 0.7371 0.7535
vt 0.0956 0.7607 0.7428
vt 0.1016 0.6162 0.4675
vt 0.0763 0.6284 0.4656
vt 0.0669 0.6247 0.4671
vt 0.0584 0.5953 0.4696
vt 0.0584 0.6088 0.4683
vt 0.0823 0.5803 0.4701
vt 0.8938 0.6246 0.5217
vt 0.9133 0.5900 0.5288
vt 0.9376 0.6028 0.5286
vt 0.9272 0.6356 0.5235
vt 0.9373 0.6181 0.5271
vt 0.9180 0.6390 0.5230
vt 0.9261 0.4997 0.5649
vt 0.9502 0.4995 0.5793
vt 0.9523 0.5111 0.5904
vt 0.9376 0.5286 0.6028
vt 0.9481 0.5196 0.5967
vt 0.9133 0.5288 0.5900
vt 0.6377 0.4718 0.9261
vt 0.6494 0.4845 0.9198
vt 0.6514 0.5035 0.9186
vt 0.6472 0.5130 0.9209
vt 0.6356 0.5235 0.9272
vt 0.6181 0.5271 0.9373
vt 0.5967 0.5196 0.9481
vt 0.5904 0.5111 0.9523
vt 0.5865 0.4908 0.9536
vt 0.6088 0.4683 0.9416
vt 0.5934 0.4776 0.9500
vt 0.6247 0.4671 0.9331
vt 0.1118 0.4901 0.6366
vt 0.0885 0.4901 0.6511
vt 0.0802 0.4845 0.6494
vt 0.0739 0.4718 0.6377
vt 0.0763 0.4656 0.6284
vt 0.1016 0.4675 0.6162
vt 0.1062 0.5217 0.6246
vt 0.0820 0.5230 0.6390
vt 0.0791 0.5130 0.6472
vt 0.0814 0.5035 0.6514
vt 0.9177 0.4701 0.5803
vt 0.9416 0.4696 0.5953
vt 0.9500 0.4776 0.5934
vt 0.9536 0.4908 0.5865
vt 0.5953 0.4696 0.9416
vt 0.0739 0.6377 0.4718
vt 0.0728 0.5235 0.6356
vt 0.6028 0.5286 0.9376
vt 0.5793 0.4995 0.9502
vt 0.4197 0.4701 0.9177
vt 0.4351 0.4997 0.9261
vt 0.4100 0.5288 0.9133
vt 0.3634 0.4901 0.8882
vt 0.3754 0.5217 0.8938
vt 0.3838 0.4675 0.8984
vt 0.1428 0.6994 0.2877
vt 0.1175 0.7116 0.2858
vt 0.1081 0.7079 0.2873
vt 0.0996 0.6785 0.2898
vt 0.0997 0.6920 0.2885
vt 0.1235 0.6636 0.2903
vt 0.8721 0.6732 0.3490
vt 0.8963 0.6860 0.3488
vt 0.8961 0.7014 0.3473
vt 0.8860 0.7188 0.3437
vt 0.8768 0.7223 0.3432
vt 0.8526 0.7079 0.3419
vt 0.8721 0.3490 0.6732
vt 0.8848 0.3199 0.6481
vt 0.9089 0.3197 0.6626
vt 0.9068 0.3398 0.6799
vt 0.9111 0.3313 0.6736
vt 0.8963 0.3488 0.6860
vt 0.7209 0.2920 0.8849
vt 0.7326 0.3047 0.8785
vt 0.7346 0.3237 0.8774
vt 0.7188 0.3437 0.8860
vt 0.7304 0.3332 0.8796
vt 0.7014 0.3473 0.8961
vt 0.6799 0.3398 0.9068
vt 0.6736 0.3313 0.9111
vt 0.6698 0.3110 0.9123
vt 0.6766 0.2978 0.9088
vt 0.6920 0.2885 0.9003
vt 0.7079 0.2873 0.8919
vt 0.1428 0.2877 0.6994
vt 0.1530 0.3103 0.7198
vt 0.1297 0.3103 0.7343
vt 0.1151 0.2920 0.7209
vt 0.1215 0.3047 0.7326
vt 0.1175 0.2858 0.7116
vt 0.1474 0.3419 0.7079
vt 0.1232 0.3432 0.7223
vt 0.1226 0.3237 0.7346
vt 0.1204 0.3332 0.7304
vt 0.8765 0.2903 0.6636
vt 0.9004 0.2898 0.6785
vt 0.9123 0.3110 0.6698
vt 0.9088 0.2978 0.6766
vt 0.6785 0.2898 0.9004
vt 0.1151 0.7209 0.2920
vt 0.1140 0.3437 0.7188
vt 0.6860 0.3488 0.8963
vt 0.6626 0.3197 0.9089
vt 0.3268 0.3490 0.8721
vt 0.2921 0.3419 0.8526
vt 0.2802 0.3103 0.8470
vt 0.3006 0.2877 0.8572
vt 0.3519 0.3199 0.8848
vt 0.3364 0.2903 0.8765
vt 0.7742 0.8532 0.3751
vt 0.7968 0.8706 0.3770
vt 0.7984 0.8813 0.3759
vt 0.7549 0.8892 0.3742
vt 0.7898 0.8971 0.3755
vt 0.7788 0.9039 0.3746
vt 0.2413 0.8836 0.3151
vt 0.2190 0.8998 0.3153
vt 0.2066 0.8919 0.3163
vt 0.1993 0.8633 0.3192
vt 0.1975 0.8736 0.3190
vt 0.2229 0.8479 0.3205
vt 0.2307 0.3456 0.9216
vt 0.2211 0.3336 0.9187
vt 0.2183 0.3248 0.9121
vt 0.2544 0.3453 0.9063
vt 0.2413 0.3151 0.8836
vt 0.2190 0.3153 0.8998
vt 0.8686 0.3706 0.8052
vt 0.8576 0.3574 0.8111
vt 0.8566 0.3382 0.8116
vt 0.8736 0.3190 0.8025
vt 0.8613 0.3289 0.8091
vt 0.8919 0.3163 0.7934
vt 0.9121 0.3248 0.7817
vt 0.9206 0.3541 0.7771
vt 0.9187 0.3336 0.7789
vt 0.9132 0.3669 0.7812
vt 0.8971 0.3755 0.7898
vt 0.8813 0.3759 0.7984
vt 0.7742 0.3751 0.8532
vt 0.7849 0.3515 0.8349
vt 0.8082 0.3515 0.8494
vt 0.8111 0.3574 0.8576
vt 0.8052 0.3706 0.8686
vt 0.7968 0.3770 0.8706
vt 0.7771 0.3205 0.8479
vt 0.8007 0.3192 0.8633
vt 0.8091 0.3289 0.8613
vt 0.8116 0.3382 0.8566
vt 0.2451 0.3742 0.8892
vt 0.2212 0.3746 0.9039
vt 0.2188 0.3669 0.9132
vt 0.2229 0.3541 0.9206
vt 0.2102 0.3755 0.8971
vt 0.8706 0.3770 0.7968
vt 0.8494 0.3515 0.8082
vt 0.8633 0.3192 0.8007
vt 0.2066 0.3163 0.8919
vt 0.0937 0.3453 0.7456
vt 0.1164 0.3151 0.7587
vt 0.1521 0.3205 0.7771
vt 0.1651 0.3515 0.7849
vt 0.1468 0.3751 0.7742
vt 0.1108 0.3742 0.7549
# 3807 texture coords

o Parte3_Brazo
g Parte3_Brazo
usemtl Material__44
s 1
f 1/1/1 2/2/2 3/3/3 4/4/4 
f 5/5/4 4/4/4 3/3/3 6/6/3 
f 7/7/5 4/4/4 5/5/4 8/8/5 
f 7/7/5 9/9/6 1/1/1 4/4/4 
f 10/10/7 11/11/8 12/12/9 13/13/10 
f 14/14/10 13/13/10 12/12/9 15/15/9 
f 3/16/3 13/13/10 14/14/10 6/17/3 
f 3/16/3 2/18/2 10/10/7 13/13/10 
f 16/19/11 17/20/12 18/21/13 19/22/14 
f 19/22/14 20/23/14 21/24/11 16/19/11 
f 12/12/9 16/19/11 21/24/11 15/15/9 
f 17/20/12 16/19/11 12/12/9 11/11/8 
f 22/25/15 23/26/16 24/27/17 25/28/18 
f 26/29/18 25/28/18 24/27/17 27/30/17 
f 28/31/19 25/32/18 26/33/18 29/34/19 
f 28/31/19 30/35/20 22/36/15 25/32/18 
f 31/37/21 32/38/22 33/39/23 34/40/24 
f 35/41/24 34/40/24 33/39/23 36/42/23 
f 24/27/17 34/40/24 35/41/24 27/30/17 
f 24/27/17 23/26/16 31/37/21 34/40/24 
f 37/43/25 38/44/26 39/45/27 40/46/28 
f 41/47/26 38/44/26 37/43/25 42/48/25 
f 33/39/23 38/44/26 41/47/26 36/42/23 
f 33/39/23 32/38/22 39/45/27 38/44/26 
f 43/49/29 44/50/30 45/51/31 46/52/32 
f 47/53/32 46/52/32 45/51/31 48/54/31 
f 37/55/25 46/52/32 47/53/32 42/56/25 
f 43/49/29 46/52/32 37/55/25 40/57/28 
f 49/58/33 50/59/34 51/60/35 52/61/36 
f 49/58/33 53/62/33 54/63/34 50/59/34 
f 45/51/31 50/59/34 54/63/34 48/54/31 
f 45/51/31 44/50/30 51/60/35 50/59/34 
f 55/64/37 56/65/38 57/66/39 58/67/40 
f 59/68/40 58/67/40 57/66/39 60/69/39 
f 61/70/41 58/71/40 59/72/40 62/73/41 
f 61/70/41 63/74/42 55/75/37 58/71/40 
f 64/76/43 9/9/6 7/7/5 65/77/44 
f 66/78/44 65/77/44 7/7/5 8/8/5 
f 57/66/39 65/77/44 66/78/44 60/69/39 
f 57/66/39 56/65/38 64/76/43 65/77/44 
f 67/79/45 68/80/46 69/81/47 70/82/48 
f 71/83/49 67/79/45 70/82/48 72/84/50 
f 73/85/51 67/79/45 71/83/49 74/86/52 
f 73/85/51 75/87/53 68/80/46 67/79/45 
f 76/88/54 77/89/55 78/90/56 79/91/57 
f 79/91/57 80/92/58 81/93/59 76/88/54 
f 81/94/59 82/95/60 83/96/61 76/97/54 
f 83/96/61 84/98/62 77/99/55 76/97/54 
f 85/100/63 86/101/64 87/102/65 88/103/66 
f 89/104/67 88/103/66 87/102/65 90/105/68 
f 91/106/69 88/103/66 89/104/67 92/107/70 
f 85/100/63 88/103/66 91/106/69 93/108/71 
f 94/109/72 95/110/73 96/111/74 97/112/75 
f 98/113/76 97/112/75 96/111/74 99/114/77 
f 100/115/78 97/112/75 98/113/76 101/116/79 
f 100/115/78 102/117/80 94/109/72 97/112/75 
f 103/118/81 104/119/82 105/120/83 106/121/84 
f 68/80/46 106/121/84 105/120/83 69/81/47 
f 107/122/85 106/121/84 68/80/46 75/87/53 
f 107/122/85 108/123/86 103/118/81 106/121/84 
f 109/124/87 110/125/88 111/126/89 112/127/90 
f 77/89/55 111/126/89 110/125/88 78/90/56 
f 113/128/91 111/129/89 77/99/55 84/98/62 
f 112/130/90 111/129/89 113/128/91 114/131/92 
f 71/83/49 72/84/50 115/132/93 116/133/94 
f 94/109/72 116/133/94 115/132/93 95/110/73 
f 117/134/95 116/133/94 94/109/72 102/117/80 
f 117/134/95 74/86/52 71/83/49 116/133/94 
f 118/135/96 81/93/59 80/92/58 119/136/97 
f 85/100/63 118/135/96 119/136/97 86/101/64 
f 120/137/98 118/135/96 85/100/63 93/108/71 
f 81/94/59 118/138/96 120/139/98 82/95/60 
f 121/140/99 122/141/100 89/104/67 90/105/68 
f 121/140/99 123/142/101 124/143/102 122/141/100 
f 125/144/103 122/141/100 124/143/102 126/145/104 
f 125/144/103 92/107/70 89/104/67 122/141/100 
f 127/146/105 128/147/106 98/113/76 99/114/77 
f 127/146/105 129/148/107 130/149/108 128/147/106 
f 131/150/109 128/151/106 130/152/108 132/153/110 
f 131/150/109 101/154/79 98/155/76 128/151/106 
f 133/156/111 134/157/112 135/158/113 136/159/114 
f 135/158/113 137/160/115 138/161/116 136/159/114 
f 139/162/117 136/159/114 138/161/116 140/163/118 
f 133/156/111 136/159/114 139/162/117 141/164/119 
f 142/165/120 143/166/121 144/167/122 145/168/123 
f 144/167/122 146/169/124 147/170/125 145/168/123 
f 145/168/123 147/170/125 148/171/126 149/172/127 
f 149/172/127 150/173/128 142/165/120 145/168/123 
f 151/174/129 152/175/130 153/176/131 154/177/132 
f 152/175/130 155/178/133 156/179/134 153/176/131 
f 157/180/135 158/181/136 153/182/131 156/183/134 
f 154/184/132 153/182/131 158/181/136 159/185/137 
f 160/186/138 161/187/139 138/188/116 137/189/115 
f 160/186/138 162/190/140 163/191/141 161/187/139 
f 164/192/142 161/187/139 163/191/141 165/193/143 
f 164/194/142 140/163/118 138/161/116 161/195/139 
f 166/196/144 167/197/145 147/170/125 146/169/124 
f 166/198/144 168/199/146 169/200/147 167/201/145 
f 169/200/147 170/202/148 171/203/149 167/201/145 
f 171/203/149 148/204/126 147/205/125 167/201/145 
f 172/206/150 173/207/151 156/179/134 155/178/133 
f 172/206/150 174/208/152 175/209/153 173/207/151 
f 176/210/154 177/211/155 173/212/151 175/213/153 
f 156/183/134 173/212/151 177/211/155 157/180/135 
f 178/214/156 179/215/157 163/191/141 162/190/140 
f 178/214/156 180/216/158 181/217/159 179/215/157 
f 182/218/160 179/219/157 181/220/159 183/221/161 
f 182/222/160 165/193/143 163/191/141 179/215/157 
f 184/223/162 185/224/163 186/225/164 187/226/165 
f 133/156/111 186/225/164 185/224/163 134/157/112 
f 188/227/166 186/225/164 133/156/111 141/164/119 
f 187/226/165 186/225/164 188/227/166 189/228/167 
f 190/229/168 191/230/169 175/231/153 174/232/152 
f 142/165/120 191/230/169 190/229/168 143/166/121 
f 192/233/170 191/234/169 142/235/120 150/236/128 
f 175/213/153 191/234/169 192/233/170 176/210/154 
f 193/237/171 194/238/172 181/217/159 180/216/158 
f 195/239/173 194/240/172 193/241/171 196/242/174 
f 195/243/173 197/244/175 198/245/176 194/246/172 
f 198/245/176 183/221/161 181/220/159 194/246/172 
f 199/247/177 200/248/178 201/249/179 202/250/180 
f 201/249/179 203/251/181 204/252/182 202/250/180 
f 204/252/182 205/253/183 206/254/184 202/250/180 
f 199/247/177 202/250/180 206/254/184 207/255/185 
f 208/256/186 209/257/187 210/258/188 211/259/189 
f 210/258/188 212/260/190 213/261/191 211/259/189 
f 213/261/191 214/262/192 215/263/193 211/259/189 
f 208/256/186 211/259/189 215/263/193 216/264/194 
f 217/265/195 218/266/196 204/252/182 203/251/181 
f 217/265/195 219/267/197 220/268/198 218/266/196 
f 220/268/198 221/269/199 222/270/200 218/266/196 
f 204/252/182 218/266/196 222/270/200 205/253/183 
f 223/271/201 224/272/202 213/261/191 212/260/190 
f 223/271/201 225/273/203 226/274/204 224/272/202 
f 226/274/204 227/275/205 228/276/206 224/272/202 
f 213/261/191 224/272/202 228/276/206 214/262/192 
f 229/277/207 230/278/208 231/279/209 232/280/210 
f 231/279/209 233/281/211 234/282/212 232/280/210 
f 234/282/212 235/283/213 236/284/214 232/280/210 
f 229/277/207 232/280/210 236/284/214 237/285/215 
f 238/286/216 239/287/217 226/274/204 225/273/203 
f 199/247/177 239/287/217 238/286/216 200/248/178 
f 199/247/177 207/255/185 240/288/218 239/287/217 
f 226/274/204 239/287/217 240/288/218 227/275/205 
f 241/289/219 242/290/220 243/291/221 244/292/222 
f 245/293/223 244/292/222 243/291/221 246/294/224 
f 245/293/223 247/295/225 248/296/226 244/292/222 
f 248/296/226 249/297/227 241/289/219 244/292/222 
f 250/298/228 251/299/229 252/300/230 253/301/231 
f 254/302/232 253/301/231 252/300/230 255/303/233 
f 254/304/232 256/305/234 257/306/235 253/307/231 
f 250/308/228 253/307/231 257/306/235 258/309/236 
f 259/310/237 260/311/238 261/312/239 262/313/240 
f 263/314/241 262/313/240 261/312/239 264/315/242 
f 263/314/241 265/316/243 266/317/244 262/313/240 
f 259/318/237 262/319/240 266/320/244 267/321/245 
f 268/322/246 269/323/247 270/324/248 271/325/249 
f 270/324/248 272/326/250 273/327/251 271/325/249 
f 243/291/221 271/325/249 273/327/251 246/294/224 
f 243/291/221 242/290/220 268/322/246 271/325/249 
f 252/300/230 236/284/214 235/283/213 255/303/233 
f 252/300/230 251/299/229 237/285/215 236/284/214 
f 261/312/239 240/328/218 207/329/185 264/315/242 
f 261/312/239 260/311/238 227/330/205 240/328/218 
f 274/331/252 275/332/253 273/327/251 272/326/250 
f 274/333/252 276/334/254 275/335/253 
f 277/336/255 275/332/253 276/337/254 278/338/256 
f 277/336/255 246/294/224 273/327/251 275/332/253 
f 235/283/213 279/339/257 280/340/258 
f 281/341/259 280/342/258 279/343/257 282/344/260 
f 283/345/261 280/346/258 281/347/259 284/348/262 
f 235/283/213 280/340/258 283/349/261 255/303/233 
f 285/350/263 206/351/184 205/352/183 286/353/264 
f 285/350/263 264/315/242 207/329/185 206/351/184 
f 287/354/265 215/355/193 214/356/192 288/357/266 
f 216/358/194 215/355/193 287/354/265 289/359/267 
f 290/360/268 291/361/269 292/362/270 293/363/271 
f 64/76/43 292/362/270 291/361/269 9/9/6 
f 294/364/272 292/362/270 64/76/43 56/65/38 
f 294/364/272 295/365/273 293/363/271 292/362/270 
f 296/366/274 295/365/273 294/364/272 297/367/275 
f 55/64/37 297/367/275 294/364/272 56/65/38 
f 298/368/276 297/369/275 55/75/37 63/74/42 
f 298/368/276 299/370/277 296/371/274 297/369/275 
f 300/372/278 301/373/279 302/374/280 303/375/281 
f 300/372/278 52/61/36 51/60/35 301/373/279 
f 304/376/282 301/373/279 51/60/35 44/50/30 
f 304/376/282 305/377/283 302/374/280 301/373/279 
f 305/377/283 304/376/282 306/378/284 307/379/285 
f 43/49/29 306/378/284 304/376/282 44/50/30 
f 308/380/286 306/378/284 43/49/29 40/57/28 
f 308/380/286 309/381/287 307/379/285 306/378/284 
f 309/382/287 308/383/286 310/384/288 311/385/289 
f 39/45/27 310/384/288 308/383/286 40/46/28 
f 39/45/27 32/38/22 312/386/290 310/384/288 
f 312/386/290 313/387/291 311/385/289 310/384/288 
f 314/388/292 313/387/291 312/386/290 315/389/293 
f 31/37/21 315/389/293 312/386/290 32/38/22 
f 316/390/294 315/389/293 31/37/21 23/26/16 
f 316/390/294 317/391/295 314/388/292 315/389/293 
f 318/392/296 317/391/295 316/390/294 319/393/297 
f 22/25/15 319/393/297 316/390/294 23/26/16 
f 320/394/298 319/395/297 22/36/15 30/35/20 
f 318/396/296 319/395/297 320/394/298 321/397/299 
f 322/398/300 323/399/301 324/400/302 325/401/303 
f 322/398/300 18/21/13 17/20/12 323/399/301 
f 326/402/304 323/399/301 17/20/12 11/11/8 
f 324/400/302 323/399/301 326/402/304 327/403/305 
f 327/403/305 326/402/304 328/404/306 329/405/307 
f 10/10/7 328/404/306 326/402/304 11/11/8 
f 330/406/308 328/404/306 10/10/7 2/18/2 
f 330/406/308 331/407/309 329/405/307 328/404/306 
f 330/408/308 332/409/310 333/410/311 331/411/309 
f 1/1/1 332/409/310 330/408/308 2/2/2 
f 291/361/269 332/409/310 1/1/1 9/9/6 
f 333/410/311 332/409/310 291/361/269 290/360/268 
f 334/412/312 335/413/313 295/414/273 296/371/274 
f 336/415/314 334/412/312 296/371/274 299/370/277 
f 337/416/315 334/417/312 336/418/314 338/419/316 
f 339/420/317 335/421/313 334/417/312 337/416/315 
f 340/422/318 341/423/319 317/424/295 318/425/296 
f 318/425/296 321/426/299 342/427/320 340/422/318 
f 343/428/321 340/422/318 342/427/320 344/429/322 
f 343/428/321 345/430/323 341/423/319 340/422/318 
f 311/431/289 346/432/324 347/433/325 309/381/287 
f 348/434/326 346/435/324 311/436/289 313/437/291 
f 348/434/326 349/438/327 350/439/328 346/435/324 
f 350/439/328 351/440/329 347/441/325 346/435/324 
f 352/442/330 331/443/309 333/444/311 353/445/331 
f 354/446/332 353/445/331 333/444/311 290/447/268 
f 355/448/333 353/445/331 354/446/332 356/449/334 
f 355/448/333 357/450/335 352/442/330 353/445/331 
f 302/374/280 358/451/336 359/452/337 303/375/281 
f 360/453/338 358/451/336 302/374/280 305/377/283 
f 361/454/339 358/455/336 360/456/338 362/457/340 
f 359/458/337 358/455/336 361/454/339 363/459/341 
f 324/460/302 364/461/342 365/462/343 325/463/303 
f 366/464/344 364/461/342 324/460/302 327/465/305 
f 367/466/345 364/461/342 366/464/344 368/467/346 
f 365/462/343 364/461/342 367/466/345 369/468/347 
f 370/469/348 354/446/332 290/447/268 293/470/271 
f 335/421/313 370/469/348 293/470/271 295/471/273 
f 371/472/349 370/469/348 335/421/313 339/420/317 
f 371/472/349 356/449/334 354/446/332 370/469/348 
f 372/473/350 348/434/326 313/437/291 314/474/292 
f 341/423/319 372/473/350 314/474/292 317/424/295 
f 373/475/351 372/473/350 341/423/319 345/430/323 
f 349/438/327 348/434/326 372/473/350 373/475/351 
f 374/476/352 360/453/338 305/377/283 307/379/285 
f 307/379/285 309/381/287 347/433/325 374/476/352 
f 375/477/353 374/478/352 347/441/325 351/440/329 
f 362/457/340 360/456/338 374/478/352 375/477/353 
f 366/464/344 327/465/305 329/479/307 376/480/354 
f 352/442/330 376/480/354 329/479/307 331/443/309 
f 377/481/355 376/480/354 352/442/330 357/450/335 
f 368/467/346 366/464/344 376/480/354 377/481/355 
f 378/482/356 339/420/317 337/416/315 379/483/357 
f 380/484/358 379/483/357 337/416/315 338/419/316 
f 127/146/105 379/483/357 380/484/358 129/148/107 
f 127/146/105 99/114/77 378/482/356 379/483/357 
f 381/485/359 345/430/323 343/428/321 382/486/360 
f 383/487/361 382/486/360 343/428/321 344/429/322 
f 121/140/99 382/486/360 383/487/361 123/142/101 
f 121/140/99 90/105/68 381/485/359 382/486/360 
f 384/488/362 351/440/329 350/439/328 385/489/363 
f 386/490/364 385/489/363 350/439/328 349/438/327 
f 119/136/97 385/489/363 386/490/364 86/101/64 
f 119/136/97 80/92/58 384/488/362 385/489/363 
f 387/491/365 357/450/335 355/448/333 388/492/366 
f 389/493/367 388/492/366 355/448/333 356/449/334 
f 115/132/93 388/492/366 389/493/367 95/110/73 
f 115/132/93 72/84/50 387/491/365 388/492/366 
f 390/494/368 363/459/341 361/454/339 391/495/369 
f 361/454/339 362/457/340 392/496/370 391/495/369 
f 110/125/88 391/495/369 392/496/370 78/90/56 
f 110/125/88 109/124/87 390/494/368 391/495/369 
f 369/468/347 367/466/345 393/497/371 394/498/372 
f 395/499/373 393/497/371 367/466/345 368/467/346 
f 105/120/83 393/497/371 395/499/373 69/81/47 
f 394/498/372 393/497/371 105/120/83 104/119/82 
f 389/493/367 356/449/334 371/472/349 396/500/374 
f 378/482/356 396/500/374 371/472/349 339/420/317 
f 378/482/356 99/114/77 96/111/74 396/500/374 
f 96/111/74 95/110/73 389/493/367 396/500/374 
f 386/490/364 349/438/327 373/475/351 397/501/375 
f 381/485/359 397/501/375 373/475/351 345/430/323 
f 381/485/359 90/105/68 87/102/65 397/501/375 
f 87/102/65 86/101/64 386/490/364 397/501/375 
f 392/496/370 362/457/340 375/477/353 398/502/376 
f 384/488/362 398/502/376 375/477/353 351/440/329 
f 384/488/362 80/92/58 79/91/57 398/502/376 
f 79/91/57 78/90/56 392/496/370 398/502/376 
f 399/503/377 395/499/373 368/467/346 377/481/355 
f 387/491/365 399/503/377 377/481/355 357/450/335 
f 70/82/48 399/503/377 387/491/365 72/84/50 
f 70/82/48 69/81/47 395/499/373 399/503/377 
f 400/504/378 92/505/70 125/506/103 401/507/379 
f 402/508/380 401/509/379 125/144/103 126/145/104 
f 193/241/171 401/510/379 402/511/380 196/242/174 
f 193/237/171 180/216/158 400/504/378 401/507/379 
f 403/512/381 74/513/52 117/514/95 404/515/382 
f 405/516/383 404/515/382 117/514/95 102/517/80 
f 190/229/168 404/515/382 405/516/383 143/166/121 
f 190/229/168 174/232/152 403/512/381 404/515/382 
f 406/518/384 114/131/92 113/128/91 407/519/385 
f 408/520/386 407/519/385 113/128/91 84/98/62 
f 185/224/163 407/519/385 408/520/386 134/157/112 
f 406/518/384 407/519/385 185/224/163 184/223/162 
f 409/521/387 93/522/71 91/523/69 410/524/388 
f 400/504/378 410/524/388 91/523/69 92/505/70 
f 178/214/156 410/524/388 400/504/378 180/216/158 
f 178/214/156 162/190/140 409/521/387 410/524/388 
f 411/525/389 75/87/53 73/85/51 412/526/390 
f 403/527/381 412/526/390 73/85/51 74/86/52 
f 172/206/150 412/528/390 403/529/381 174/208/152 
f 172/206/150 155/178/133 411/530/389 412/528/390 
f 413/531/391 101/154/79 131/150/109 414/532/392 
f 415/533/393 414/532/392 131/150/109 132/153/110 
f 166/198/144 414/532/392 415/533/393 168/199/146 
f 166/196/144 146/169/124 413/534/391 414/535/392 
f 416/536/394 82/537/60 120/538/98 417/539/395 
f 409/521/387 417/539/395 120/538/98 93/522/71 
f 160/186/138 417/539/395 409/521/387 162/190/140 
f 160/186/138 137/189/115 416/536/394 417/539/395 
f 418/540/396 419/541/397 108/123/86 107/122/85 
f 411/525/389 418/540/396 107/122/85 75/87/53 
f 152/175/130 418/542/396 411/530/389 155/178/133 
f 152/175/130 151/174/129 419/543/397 418/542/396 
f 405/516/383 102/517/80 100/544/78 420/545/398 
f 413/534/391 420/545/398 100/544/78 101/546/79 
f 144/167/122 420/545/398 413/534/391 146/169/124 
f 144/167/122 143/166/121 405/516/383 420/545/398 
f 408/520/386 84/98/62 83/96/61 421/547/399 
f 83/96/61 82/95/60 416/548/394 421/547/399 
f 135/158/113 421/547/399 416/548/394 137/160/115 
f 135/158/113 134/157/112 408/520/386 421/547/399 
f 422/549/400 141/550/119 139/551/117 423/552/401 
f 424/553/402 423/552/401 139/551/117 140/554/118 
f 424/553/402 425/555/403 426/556/404 423/552/401 
f 426/556/404 427/557/405 422/549/400 423/552/401 
f 428/558/406 183/221/161 198/245/176 429/559/407 
f 430/560/408 429/559/407 198/245/176 197/244/175 
f 430/560/408 431/561/409 432/562/410 429/559/407 
f 432/562/410 433/563/411 428/558/406 429/559/407 
f 434/564/412 176/210/154 192/233/170 435/565/413 
f 436/566/414 435/565/413 192/233/170 150/236/128 
f 436/566/414 437/567/415 438/568/416 435/565/413 
f 438/568/416 439/569/417 434/564/412 435/565/413 
f 188/570/166 440/571/418 441/572/419 189/573/167 
f 422/549/400 440/571/418 188/570/166 141/550/119 
f 442/574/420 440/571/418 422/549/400 427/557/405 
f 441/572/419 440/571/418 442/574/420 443/575/421 
f 444/576/422 165/577/143 182/218/160 445/578/423 
f 428/558/406 445/578/423 182/218/160 183/221/161 
f 446/579/424 445/578/423 428/558/406 433/563/411 
f 446/579/424 447/580/425 444/576/422 445/578/423 
f 177/211/155 448/581/426 449/582/427 157/180/135 
f 434/564/412 448/581/426 177/211/155 176/210/154 
f 450/583/428 448/581/426 434/564/412 439/569/417 
f 450/583/428 451/584/429 449/582/427 448/581/426 
f 452/585/430 148/586/126 171/587/149 453/588/431 
f 454/589/432 453/588/431 171/587/149 170/590/148 
f 455/591/433 453/588/431 454/589/432 456/592/434 
f 455/591/433 457/593/435 452/585/430 453/588/431 
f 140/554/118 164/594/142 458/595/436 424/553/402 
f 444/576/422 458/595/436 164/594/142 165/577/143 
f 459/596/437 458/595/436 444/576/422 447/580/425 
f 424/553/402 458/595/436 459/596/437 425/555/403 
f 158/181/136 460/597/438 461/598/439 159/185/137 
f 158/181/136 157/180/135 449/582/427 460/597/438 
f 462/599/440 460/600/438 449/582/427 451/584/429 
f 462/599/440 463/601/441 461/598/439 460/597/438 
f 436/566/414 150/236/128 149/602/127 464/603/442 
f 452/585/430 464/603/442 149/602/127 148/586/126 
f 465/604/443 464/603/442 452/585/430 457/593/435 
f 436/566/414 464/603/442 465/604/443 437/567/415 
f 466/605/444 467/606/445 468/607/446 469/608/444 
f 470/609/444 469/608/444 468/607/446 471/610/447 
f 472/611/448 469/608/444 470/609/444 473/612/449 
f 472/611/448 474/613/450 466/605/444 469/608/444 
f 475/614/451 476/615/452 477/616/444 478/617/444 
f 476/615/452 479/618/453 480/619/454 477/616/444 
f 481/620/455 477/616/444 480/619/454 482/621/456 
f 481/620/455 483/622/457 478/617/444 477/616/444 
f 484/623/458 485/624/459 486/625/460 256/305/234 
f 484/623/458 487/626/461 488/627/462 485/624/459 
f 488/627/462 249/628/227 248/629/226 485/624/459 
f 248/629/226 247/630/225 489/631/463 485/624/459 
f 486/625/460 485/624/459 489/631/463 490/632/464 
f 491/633/465 492/634/466 493/635/467 494/636/444 
f 493/635/467 467/606/445 466/605/444 494/636/444 
f 466/605/444 474/613/450 491/633/465 494/636/444 
f 495/637/468 467/606/445 493/635/467 496/638/469 
f 497/639/470 496/638/469 493/635/467 492/634/466 
f 497/639/470 265/640/243 498/641/471 496/638/469 
f 495/637/468 496/638/469 498/641/471 499/642/472 
f 500/643/473 471/610/447 468/607/446 501/644/474 
f 495/637/468 501/644/474 468/607/446 467/606/445 
f 495/637/468 499/642/472 502/645/475 501/644/474 
f 500/643/473 501/644/474 502/645/475 503/646/476 
f 504/647/477 475/614/451 505/648/478 506/649/479 
f 500/643/473 506/649/479 505/648/478 471/610/447 
f 507/650/480 506/649/479 500/643/473 503/646/476 
f 507/650/480 258/309/236 504/647/477 506/649/479 
f 508/651/481 483/622/457 481/620/455 509/652/482 
f 510/653/483 509/652/482 481/620/455 482/621/456 
f 511/654/484 509/652/482 510/653/483 490/632/464 
f 511/654/484 512/655/485 508/651/481 509/652/482 
f 513/656/486 474/613/450 472/611/448 514/657/487 
f 515/658/488 514/657/487 472/611/448 473/612/449 
f 515/658/488 516/659/489 517/660/490 514/657/487 
f 513/656/486 514/657/487 517/660/490 267/661/245 
f 497/639/470 492/634/466 491/633/465 518/662/491 
f 513/656/486 518/662/491 491/633/465 474/613/450 
f 513/656/486 267/661/245 266/663/244 518/662/491 
f 497/639/470 518/662/491 266/663/244 265/640/243 
f 510/653/483 482/621/456 480/619/454 519/664/492 
f 520/665/493 519/664/492 480/619/454 479/618/453 
f 486/625/460 519/664/492 520/665/493 256/305/234 
f 486/625/460 490/632/464 510/653/483 519/664/492 
f 521/666/494 288/357/266 522/667/495 523/668/496 
f 259/318/237 523/668/496 522/667/495 260/669/238 
f 259/318/237 267/321/245 517/670/490 523/668/496 
f 521/666/494 523/668/496 517/670/490 516/671/489 
f 524/672/497 286/353/264 525/673/498 526/674/499 
f 527/675/500 526/676/499 525/677/498 528/678/501 
f 527/679/500 503/646/476 502/645/475 526/680/499 
f 524/681/497 526/680/499 502/645/475 499/642/472 
f 529/682/502 284/348/262 530/683/503 531/684/504 
f 241/289/219 531/684/504 530/683/503 242/290/220 
f 488/685/462 531/684/504 241/289/219 249/297/227 
f 488/685/462 487/686/461 529/682/502 531/684/504 
f 245/293/223 246/294/224 277/336/255 532/687/505 
f 533/688/506 532/687/505 277/336/255 278/338/256 
f 533/689/506 490/690/464 489/691/463 532/692/505 
f 245/693/223 532/694/505 489/631/463 247/695/225 
f 522/667/495 228/696/206 227/697/205 260/669/238 
f 522/667/495 288/357/266 214/356/192 228/696/206 
f 525/677/498 222/698/200 221/699/199 528/678/501 
f 525/673/498 286/353/264 205/352/183 222/700/200 
f 289/359/267 287/354/265 534/701/507 535/702/508 
f 521/666/494 534/701/507 287/354/265 288/357/266 
f 521/666/494 516/671/489 536/703/509 534/701/507 
f 535/702/508 534/701/507 536/703/509 512/704/485 
f 263/314/241 264/315/242 285/350/263 537/705/510 
f 524/672/497 537/705/510 285/350/263 286/353/264 
f 524/681/497 499/642/472 498/641/471 537/706/510 
f 263/707/241 537/706/510 498/641/471 265/640/243 
f 254/302/232 255/303/233 283/349/261 538/708/511 
f 529/682/502 538/709/511 283/345/261 284/348/262 
f 484/623/458 538/710/511 529/711/502 487/626/461 
f 254/304/232 538/710/511 484/623/458 256/305/234 
f 281/347/259 282/712/260 539/713/512 540/714/513 
f 268/715/246 540/716/513 539/717/512 269/718/247 
f 530/683/503 540/719/513 268/322/246 242/290/220 
f 530/683/503 284/348/262 281/347/259 540/719/513 
f 541/720/514 427/557/405 426/556/404 542/721/515 
f 543/722/516 542/721/515 426/556/404 425/555/403 
f 544/723/517 542/721/515 543/722/516 545/724/518 
f 544/723/517 233/725/211 541/720/514 542/721/515 
f 546/726/519 433/563/411 432/562/410 547/727/520 
f 548/728/521 547/727/520 432/562/410 431/561/409 
f 549/729/522 547/727/520 548/728/521 550/730/523 
f 549/729/522 551/731/524 546/726/519 547/727/520 
f 552/732/525 439/569/417 438/568/416 553/733/526 
f 554/734/526 553/733/526 438/568/416 437/567/415 
f 238/286/216 553/733/526 554/734/526 200/248/178 
f 238/286/216 225/273/203 552/732/525 553/733/526 
f 555/735/527 443/575/421 442/574/420 556/736/528 
f 541/720/514 556/736/528 442/574/420 427/557/405 
f 231/737/209 556/736/528 541/720/514 233/725/211 
f 231/737/209 230/738/208 555/735/527 556/736/528 
f 557/739/529 447/580/425 446/579/424 558/740/530 
f 546/726/519 558/740/530 446/579/424 433/563/411 
f 559/741/531 558/740/530 546/726/519 551/731/524 
f 559/741/531 560/742/532 557/739/529 558/740/530 
f 561/743/533 451/584/429 450/583/428 562/744/534 
f 552/732/525 562/744/534 450/583/428 439/569/417 
f 223/271/201 562/744/534 552/732/525 225/273/203 
f 223/271/201 212/260/190 561/743/533 562/744/534 
f 563/745/535 457/593/435 455/591/433 564/746/536 
f 565/747/537 564/746/536 455/591/433 456/592/434 
f 217/265/195 564/746/536 565/747/537 219/267/197 
f 217/265/195 203/251/181 563/745/535 564/746/536 
f 543/722/516 425/555/403 459/596/437 566/748/538 
f 557/739/529 566/748/538 459/596/437 447/580/425 
f 567/749/539 566/748/538 557/739/529 560/742/532 
f 567/749/539 545/724/518 543/722/516 566/748/538 
f 568/750/540 463/751/441 462/599/440 569/752/541 
f 561/743/533 569/752/541 462/599/440 451/584/429 
f 210/258/188 569/752/541 561/743/533 212/260/190 
f 210/258/188 209/257/187 568/750/540 569/752/541 
f 554/734/526 437/567/415 465/604/443 570/753/526 
f 563/745/535 570/753/526 465/604/443 457/593/435 
f 201/249/179 570/753/526 563/745/535 203/251/181 
f 201/249/179 200/248/178 554/734/526 570/753/526 
f 571/754/542 572/755/543 573/756/544 574/757/545 
f 573/756/544 575/758/546 576/759/547 574/757/545 
f 577/760/548 578/761/549 574/757/545 576/759/547 
f 571/754/542 574/757/545 578/761/549 579/762/550 
f 578/761/549 580/763/551 581/764/552 579/762/550 
f 582/765/553 580/763/551 578/761/549 577/760/548 
f 582/765/553 583/766/554 584/767/555 580/763/551 
f 584/767/555 585/768/556 581/764/552 580/763/551 
f 586/769/557 587/770/558 588/771/559 589/772/560 
f 590/773/561 587/770/558 586/769/557 591/774/562 
f 592/775/563 593/776/564 587/770/558 590/773/561 
f 593/776/564 594/777/565 588/771/559 587/770/558 
f 595/778/566 594/777/565 593/776/564 596/779/567 
f 597/780/568 596/779/567 593/776/564 592/775/563 
f 597/780/568 598/781/569 599/782/570 596/779/567 
f 595/778/566 596/779/567 599/782/570 600/783/571 
f 601/784/572 602/785/573 603/786/574 604/787/575 
f 601/784/572 605/788/576 606/789/577 602/785/573 
f 607/790/578 602/791/573 606/792/577 608/793/579 
f 603/794/574 602/791/573 607/790/578 609/795/580 
f 584/767/555 610/796/581 611/797/582 585/768/556 
f 584/767/555 583/766/554 612/798/583 610/796/581 
f 591/774/562 586/769/557 610/799/581 612/800/583 
f 586/769/557 589/772/560 611/801/582 610/799/581 
f 613/802/584 614/803/585 612/798/583 583/766/554 
f 270/804/248 614/805/585 613/806/584 272/807/250 
f 615/808/586 614/805/585 270/804/248 269/718/247 
f 612/800/583 614/805/585 615/808/586 591/774/562 
f 616/809/587 617/810/588 618/811/589 619/812/590 
f 616/809/587 585/768/556 611/797/582 617/810/588 
f 611/801/582 589/772/560 620/813/591 617/814/588 
f 618/815/589 617/814/588 620/813/591 621/816/592 
f 622/817/593 623/818/594 624/819/595 625/820/596 
f 624/819/595 592/775/563 626/821/597 625/820/596 
f 626/821/597 282/822/260 279/343/257 625/820/596 
f 622/817/593 625/820/596 279/343/257 235/823/213 
f 613/802/584 583/766/554 627/824/598 628/825/599 
f 629/826/600 628/825/599 627/824/598 630/827/601 
f 629/826/600 276/334/254 274/333/252 628/825/599 
f 272/828/250 613/802/584 628/825/599 274/333/252 
f 631/829/602 632/830/603 633/831/604 634/832/605 
f 635/833/606 634/832/605 633/831/604 636/834/607 
f 637/835/608 634/832/605 635/833/606 638/836/609 
f 637/835/608 639/837/610 631/829/602 634/832/605 
f 635/833/606 636/834/607 640/838/611 641/839/5 
f 642/840/5 641/839/5 640/838/611 643/841/612 
f 644/842/5 641/839/5 642/840/5 645/843/5 
f 644/842/5 638/836/609 635/833/606 641/839/5 
f 646/844/613 647/845/614 648/846/615 649/847/616 
f 650/848/617 649/847/616 648/846/615 651/849/618 
f 652/850/619 649/847/616 650/848/617 653/851/620 
f 652/850/619 654/852/621 646/844/613 649/847/616 
f 642/840/5 643/841/612 655/853/622 656/854/5 
f 646/844/613 656/854/5 655/853/622 647/845/614 
f 657/855/5 656/854/5 646/844/613 654/852/621 
f 657/855/5 645/843/5 642/840/5 656/854/5 
f 658/856/623 659/857/624 660/858/625 661/859/626 
f 662/860/627 659/857/624 658/856/623 663/861/628 
f 662/860/627 608/793/579 606/792/577 659/857/624 
f 606/789/577 605/788/576 660/862/625 659/863/624 
f 650/864/617 651/865/618 664/866/629 665/867/630 
f 666/868/631 665/867/630 664/866/629 667/869/632 
f 668/870/633 665/867/630 666/868/631 669/871/634 
f 668/870/633 653/872/620 650/864/617 665/867/630 
f 670/873/635 671/874/636 672/875/637 673/876/638 
f 674/877/639 673/876/638 672/875/637 630/827/601 
f 576/759/547 673/876/638 674/877/639 577/760/548 
f 576/759/547 575/758/546 670/873/635 673/876/638 
f 675/878/640 676/879/641 677/880/642 678/881/643 
f 678/881/643 677/880/642 235/283/213 234/282/212 
f 234/282/212 233/281/211 679/882/644 678/881/643 
f 679/882/644 632/883/603 675/878/640 678/881/643 
f 680/884/645 681/885/646 682/886/647 683/887/648 
f 675/878/640 683/887/648 682/886/647 676/879/641 
f 631/888/602 683/887/648 675/878/640 632/883/603 
f 631/888/602 639/889/610 680/884/645 683/887/648 
f 684/890/649 685/891/650 686/892/651 687/893/652 
f 670/873/635 687/893/652 686/892/651 671/874/636 
f 688/894/653 687/893/652 670/873/635 575/758/546 
f 684/890/649 687/893/652 688/894/653 689/895/654 
f 690/896/655 550/730/523 691/897/656 692/898/657 
f 693/899/658 692/900/657 691/901/656 276/334/254 
f 664/866/629 692/900/657 693/899/658 667/869/632 
f 664/866/629 651/865/618 690/902/655 692/900/657 
f 694/903/659 695/904/660 696/905/661 623/818/594 
f 694/903/659 661/906/626 660/862/625 695/904/660 
f 697/907/662 695/904/660 660/862/625 605/788/576 
f 697/907/662 598/781/569 696/905/661 695/904/660 
f 698/908/663 560/742/532 559/741/531 699/909/664 
f 700/910/665 699/909/664 559/741/531 551/731/524 
f 655/853/622 699/911/664 700/912/665 647/845/614 
f 655/853/622 643/841/612 698/913/663 699/911/664 
f 700/910/665 551/731/524 549/729/522 701/914/666 
f 690/896/655 701/914/666 549/729/522 550/730/523 
f 648/846/615 701/915/666 690/916/655 651/849/618 
f 648/846/615 647/845/614 700/912/665 701/915/666 
f 702/917/667 545/724/518 567/749/539 703/918/668 
f 698/908/663 703/918/668 567/749/539 560/742/532 
f 640/838/611 703/919/668 698/913/663 643/841/612 
f 640/838/611 636/834/607 702/920/667 703/919/668 
f 679/921/644 233/725/211 544/723/517 704/922/669 
f 702/917/667 704/923/669 544/723/517 545/724/518 
f 633/831/604 704/924/669 702/920/667 636/834/607 
f 633/831/604 632/830/603 679/925/644 704/924/669 
f 599/782/570 705/926/670 706/927/671 600/783/571 
f 697/907/662 705/926/670 599/782/570 598/781/569 
f 697/907/662 605/788/576 601/784/572 705/926/670 
f 706/927/671 705/926/670 601/784/572 604/787/575 
f 707/928/672 708/929/673 709/930/674 710/931/675 
f 707/928/672 689/895/654 688/894/653 708/929/673 
f 688/894/653 575/758/546 573/756/544 708/929/673 
f 573/756/544 572/755/543 709/930/674 708/929/673 
f 548/728/521 431/932/409 711/933/676 712/934/677 
f 568/935/540 712/936/677 711/937/676 463/938/441 
f 713/939/678 712/934/677 568/750/540 209/257/187 
f 713/939/678 550/730/523 548/728/521 712/934/677 
f 565/747/537 456/592/434 714/940/679 715/941/680 
f 555/735/527 715/941/680 714/940/679 443/575/421 
f 716/942/681 715/941/680 555/735/527 230/738/208 
f 716/942/681 219/267/197 565/747/537 715/941/680 
f 533/689/506 278/943/256 717/944/682 718/945/683 
f 535/702/508 718/945/683 717/944/682 289/359/267 
f 511/946/484 718/945/683 535/702/508 512/704/485 
f 511/946/484 490/690/464 533/689/506 718/945/683 
f 515/658/488 473/612/449 719/947/684 720/948/685 
f 508/651/481 720/948/685 719/947/684 483/622/457 
f 508/651/481 512/655/485 536/949/509 720/948/685 
f 515/658/488 720/948/685 536/949/509 516/659/489 
f 476/615/452 721/950/686 520/665/493 479/618/453 
f 504/647/477 721/950/686 476/615/452 475/614/451 
f 504/647/477 258/309/236 257/306/235 721/950/686 
f 520/665/493 721/950/686 257/306/235 256/305/234 
f 470/609/444 471/610/447 505/648/478 722/951/444 
f 478/617/444 722/951/444 505/648/478 475/614/451 
f 483/622/457 719/947/684 722/951/444 478/617/444 
f 719/947/684 473/612/449 470/609/444 722/951/444 
f 723/952/687 724/953/688 430/560/408 197/244/175 
f 461/598/439 724/953/688 723/952/687 159/185/137 
f 711/937/676 724/954/688 461/955/439 463/938/441 
f 430/560/408 724/953/688 711/933/676 431/561/409 
f 454/589/432 170/590/148 725/956/689 726/957/690 
f 441/572/419 726/957/690 725/956/689 189/573/167 
f 443/575/421 714/940/679 726/957/690 441/572/419 
f 714/940/679 456/592/434 454/589/432 726/957/690 
f 402/508/380 126/145/104 727/958/691 728/959/692 
f 419/541/397 728/959/692 727/958/691 108/123/86 
f 729/960/693 728/961/692 419/543/397 151/174/129 
f 729/960/693 196/242/174 402/511/380 728/961/692 
f 415/533/393 132/153/110 730/962/694 731/963/695 
f 406/518/384 731/963/695 730/962/694 114/131/92 
f 732/964/696 731/963/695 406/518/384 184/223/162 
f 732/964/696 168/199/146 415/533/393 731/963/695 
f 733/965/697 383/487/361 344/429/322 734/966/698 
f 734/966/698 369/468/347 394/498/372 733/965/697 
f 735/967/699 733/965/697 394/498/372 104/119/82 
f 383/487/361 733/965/697 735/967/699 123/142/101 
f 338/419/316 736/968/700 737/969/701 380/484/358 
f 736/968/700 363/459/341 390/494/368 737/969/701 
f 390/494/368 109/124/87 738/970/702 737/969/701 
f 738/970/702 129/148/107 380/484/358 737/969/701 
f 739/971/703 740/972/704 342/427/320 321/426/299 
f 365/462/343 740/972/704 739/971/703 325/463/303 
f 365/462/343 369/468/347 734/966/698 740/972/704 
f 344/429/322 342/427/320 740/972/704 734/966/698 
f 741/973/705 742/974/706 336/415/314 299/370/277 
f 359/452/337 742/974/706 741/973/705 303/375/281 
f 359/458/337 363/459/341 736/968/700 742/975/706 
f 338/419/316 336/418/314 742/975/706 736/968/700 
f 320/394/298 743/976/707 739/977/703 321/397/299 
f 320/394/298 30/35/20 744/978/708 743/976/707 
f 322/398/300 743/976/707 744/978/708 18/21/13 
f 322/398/300 325/401/303 739/977/703 743/976/707 
f 298/368/276 745/979/709 741/973/705 299/370/277 
f 746/980/710 745/979/709 298/368/276 63/74/42 
f 300/372/278 745/979/709 746/980/710 52/61/36 
f 300/372/278 303/375/281 741/973/705 745/979/709 
f 717/944/682 747/981/711 216/358/194 289/359/267 
f 276/334/254 747/981/711 717/944/682 278/943/256 
f 237/285/215 251/299/229 748/982/712 749/983/713 
f 748/982/712 528/678/501 221/699/199 749/983/713 
f 527/675/500 528/678/501 748/982/712 750/984/714 
f 748/982/712 251/299/229 250/298/228 750/984/714 
f 507/650/480 750/985/714 250/308/228 258/309/236 
f 507/650/480 503/646/476 527/679/500 750/985/714 
f 716/942/681 751/986/715 220/268/198 219/267/197 
f 229/987/207 751/986/715 716/942/681 230/988/208 
f 237/285/215 749/983/713 751/989/715 229/277/207 
f 751/986/715 749/990/713 221/269/199 220/268/198 
f 691/897/656 550/730/523 713/939/678 752/991/716 
f 208/256/186 752/991/716 713/939/678 209/257/187 
f 752/991/716 208/256/186 216/264/194 747/992/711 
f 691/901/656 752/993/716 747/981/711 276/334/254 
f 732/964/696 753/994/717 169/200/147 168/199/146 
f 187/226/165 753/994/717 732/964/696 184/223/162 
f 753/994/717 187/226/165 189/228/167 725/995/689 
f 725/995/689 170/202/148 169/200/147 753/994/717 
f 195/239/173 196/242/174 729/960/693 754/996/718 
f 154/177/132 754/996/718 729/960/693 151/174/129 
f 159/185/137 723/952/687 754/997/718 154/184/132 
f 723/952/687 197/244/175 195/243/173 754/997/718 
f 738/970/702 755/998/719 130/149/108 129/148/107 
f 738/970/702 109/124/87 112/127/90 755/998/719 
f 730/962/694 755/999/719 112/130/90 114/131/92 
f 730/962/694 132/153/110 130/152/108 755/999/719 
f 124/143/102 123/142/101 735/967/699 756/1000/720 
f 735/967/699 104/119/82 103/118/81 756/1000/720 
f 103/118/81 108/123/86 727/958/691 756/1000/720 
f 126/145/104 124/143/102 756/1000/720 727/958/691 
f 746/980/710 63/74/42 61/70/41 757/1001/721 
f 61/70/41 62/73/41 758/1002/721 757/1001/721 
f 757/1001/721 758/1002/721 53/62/33 49/58/33 
f 757/1001/721 49/58/33 52/61/36 746/980/710 
f 28/31/19 759/1003/722 744/978/708 30/35/20 
f 28/31/19 29/34/19 760/1004/723 759/1003/722 
f 760/1004/723 20/23/14 19/22/14 759/1003/722 
f 744/978/708 759/1003/722 19/22/14 18/21/13 
f 761/1005/724 762/1006/4 763/1007/3 764/1008/725 
f 765/1009/5 762/1006/4 761/1005/724 766/1010/726 
f 765/1009/5 8/8/5 5/5/4 762/1006/4 
f 5/5/4 6/6/3 763/1007/3 762/1006/4 
f 767/1011/10 768/1012/9 769/1013/727 770/1014/728 
f 770/1014/728 764/1015/725 763/1016/3 767/1011/10 
f 763/1016/3 6/17/3 14/14/10 767/1011/10 
f 768/1012/9 767/1011/10 14/14/10 15/15/9 
f 771/1017/11 772/1018/14 773/1019/729 774/1020/730 
f 768/1012/9 771/1017/11 774/1020/730 769/1013/727 
f 768/1012/9 15/15/9 21/24/11 771/1017/11 
f 20/23/14 772/1018/14 771/1017/11 21/24/11 
f 775/1021/18 776/1022/17 777/1023/731 778/1024/732 
f 779/1025/19 775/1026/18 778/1027/732 780/1028/733 
f 779/1025/19 29/34/19 26/33/18 775/1026/18 
f 775/1021/18 26/29/18 27/30/17 776/1022/17 
f 781/1029/24 782/1030/23 783/1031/734 784/1032/735 
f 781/1029/24 784/1032/735 777/1023/731 776/1022/17 
f 781/1029/24 776/1022/17 27/30/17 35/41/24 
f 781/1029/24 35/41/24 36/42/23 782/1030/23 
f 785/1033/736 786/1034/26 787/1035/25 788/1036/737 
f 786/1034/26 785/1033/736 783/1031/734 782/1030/23 
f 36/42/23 41/47/26 786/1034/26 782/1030/23 
f 787/1035/25 786/1034/26 41/47/26 42/48/25 
f 789/1037/738 790/1038/32 791/1039/31 792/1040/739 
f 789/1037/738 788/1041/737 787/1042/25 790/1038/32 
f 787/1042/25 42/56/25 47/53/32 790/1038/32 
f 791/1039/31 790/1038/32 47/53/32 48/54/31 
f 793/1043/34 794/1044/33 795/1045/740 796/1046/741 
f 796/1046/741 792/1040/739 791/1039/31 793/1043/34 
f 791/1039/31 48/54/31 54/63/34 793/1043/34 
f 794/1044/33 793/1043/34 54/63/34 53/62/33 
f 797/1047/40 798/1048/39 799/1049/742 800/1050/743 
f 797/1051/40 800/1052/743 801/1053/744 802/1054/41 
f 797/1051/40 802/1054/41 62/73/41 59/72/40 
f 797/1047/40 59/68/40 60/69/39 798/1048/39 
f 803/1055/44 765/1009/5 766/1010/726 804/1056/745 
f 803/1055/44 804/1056/745 799/1049/742 798/1048/39 
f 60/69/39 66/78/44 803/1055/44 798/1048/39 
f 765/1009/5 803/1055/44 66/78/44 8/8/5 
f 805/1057/746 806/1058/747 807/1059/748 808/1060/749 
f 808/1061/749 807/1062/748 809/1063/750 810/1064/751 
f 810/1064/751 811/1065/752 812/1066/753 808/1061/749 
f 812/1067/753 813/1068/754 805/1057/746 808/1060/749 
f 814/1069/755 815/1070/756 816/1071/757 817/1072/758 
f 817/1072/758 818/1073/759 819/1074/760 814/1069/755 
f 820/1075/761 814/1069/755 819/1074/760 821/1076/762 
f 822/1077/763 815/1070/756 814/1069/755 820/1075/761 
f 823/1078/764 824/1079/765 825/1080/766 826/1081/767 
f 827/1082/768 826/1081/767 825/1080/766 828/1083/769 
f 829/1084/770 830/1085/771 826/1081/767 827/1082/768 
f 831/1086/772 823/1078/764 826/1081/767 830/1085/771 
f 832/1087/773 833/1088/774 834/1089/775 835/1090/776 
f 835/1090/776 836/1091/777 837/1092/778 832/1087/773 
f 838/1093/779 839/1094/780 832/1087/773 837/1092/778 
f 839/1094/780 840/1095/781 833/1088/774 832/1087/773 
f 841/1096/782 842/1097/783 843/1098/784 844/1099/785 
f 841/1100/782 845/1101/786 846/1102/787 842/1103/783 
f 842/1103/783 846/1102/787 809/1063/750 807/1062/748 
f 807/1059/748 806/1058/747 843/1098/784 842/1097/783 
f 847/1104/788 848/1105/789 849/1106/790 850/1107/791 
f 851/1108/792 848/1105/789 847/1104/788 852/1109/793 
f 848/1105/789 851/1108/792 818/1073/759 817/1072/758 
f 816/1071/757 849/1106/790 848/1105/789 817/1072/758 
f 812/1067/753 853/1110/794 854/1111/795 813/1068/754 
f 855/1112/796 853/1113/794 812/1066/753 811/1065/752 
f 853/1110/794 855/1114/796 836/1091/777 835/1090/776 
f 854/1111/795 853/1110/794 835/1090/776 834/1089/775 
f 820/1075/761 856/1115/797 857/1116/798 822/1077/763 
f 858/1117/799 856/1115/797 820/1075/761 821/1076/762 
f 825/1080/766 856/1115/797 858/1117/799 828/1083/769 
f 825/1080/766 824/1079/765 857/1116/798 856/1115/797 
f 859/1118/800 831/1086/772 830/1085/771 860/1119/801 
f 830/1120/771 829/1121/770 861/1122/802 860/1123/801 
f 862/1124/803 860/1123/801 861/1122/802 863/1125/804 
f 859/1118/800 860/1119/801 862/1126/803 864/1127/805 
f 865/1128/806 840/1095/781 839/1094/780 866/1129/807 
f 839/1094/780 838/1093/779 867/1130/808 866/1129/807 
f 867/1130/808 868/1131/809 869/1132/810 866/1129/807 
f 865/1128/806 866/1129/807 869/1132/810 870/1133/811 
f 871/1134/812 872/1135/813 873/1136/814 874/1137/815 
f 873/1138/814 875/1139/816 876/1140/817 874/1141/815 
f 876/1140/817 877/1142/818 878/1143/819 874/1141/815 
f 871/1134/812 874/1137/815 878/1144/819 879/1145/820 
f 880/1146/821 881/1147/822 882/1148/823 883/1149/824 
f 883/1149/824 884/1150/825 885/1151/826 880/1146/821 
f 885/1152/826 886/1153/827 887/1154/828 880/1155/821 
f 881/1147/822 880/1146/821 887/1156/828 888/1157/829 
f 889/1158/830 890/1159/831 891/1160/832 892/1161/833 
f 892/1161/833 891/1160/832 893/1162/834 894/1163/835 
f 894/1163/835 895/1164/836 896/1165/837 892/1161/833 
f 889/1158/830 892/1161/833 896/1165/837 897/1166/838 
f 898/1167/839 879/1168/820 878/1169/819 899/1170/840 
f 878/1143/819 877/1142/818 900/1171/841 899/1172/840 
f 900/1171/841 901/1173/842 902/1174/843 899/1172/840 
f 898/1167/839 899/1170/840 902/1175/843 903/1176/844 
f 904/1177/845 905/1178/846 888/1157/829 887/1156/828 
f 887/1154/828 886/1153/827 906/1179/847 904/1180/845 
f 906/1179/847 907/1181/848 908/1182/849 904/1180/845 
f 905/1183/846 904/1184/845 908/1185/849 909/1186/850 
f 910/1187/851 911/1188/852 897/1166/838 896/1165/837 
f 910/1187/851 896/1165/837 895/1164/836 912/1189/853 
f 913/1190/854 914/1191/855 910/1187/851 912/1189/853 
f 915/1192/856 911/1188/852 910/1187/851 914/1191/855 
f 916/1193/857 917/1194/858 903/1176/844 902/1175/843 
f 916/1193/857 902/1175/843 901/1195/842 918/1196/859 
f 916/1193/857 918/1196/859 919/1197/860 920/1198/861 
f 920/1198/861 921/1199/862 917/1194/858 916/1193/857 
f 922/1200/863 923/1201/864 924/1202/865 925/1203/866 
f 924/1204/865 926/1205/867 927/1206/868 925/1207/866 
f 927/1206/868 875/1139/816 873/1138/814 925/1207/866 
f 872/1135/813 922/1200/863 925/1203/866 873/1136/814 
f 928/1208/869 929/1209/870 915/1210/856 914/1211/855 
f 914/1191/855 913/1190/854 930/1212/871 928/1213/869 
f 883/1149/824 928/1208/869 930/1214/871 884/1150/825 
f 883/1149/824 882/1148/823 929/1209/870 928/1208/869 
f 931/1215/872 932/1216/873 921/1199/862 920/1198/861 
f 933/1217/874 931/1218/872 920/1219/861 919/1220/860 
f 934/1221/875 935/1222/876 931/1218/872 933/1217/874 
f 935/1222/876 936/1223/877 932/1224/873 931/1218/872 
f 937/1225/878 938/1226/879 939/1227/880 940/1228/881 
f 940/1228/881 939/1227/880 941/1229/882 942/1230/883 
f 943/1231/884 940/1228/881 942/1230/883 944/1232/885 
f 943/1231/884 945/1233/886 937/1225/878 940/1228/881 
f 946/1234/887 947/1235/888 948/1236/889 949/1237/890 
f 950/1238/891 949/1239/890 948/1240/889 951/1241/892 
f 952/1242/893 949/1243/890 950/1244/891 953/1245/894 
f 952/1242/893 954/1246/895 946/1234/887 949/1237/890 
f 943/1231/884 955/1247/896 956/1248/897 945/1233/886 
f 944/1232/885 957/1249/898 955/1247/896 943/1231/884 
f 958/1250/899 959/1251/900 955/1247/896 957/1249/898 
f 959/1251/900 960/1252/901 956/1248/897 955/1247/896 
f 961/1253/902 954/1246/895 952/1242/893 962/1254/903 
f 952/1242/893 953/1255/894 963/1256/904 962/1254/903 
f 962/1254/903 963/1256/904 964/1257/905 965/1258/906 
f 961/1253/902 962/1254/903 965/1258/906 966/1259/907 
f 967/1260/908 968/1261/909 969/1262/910 970/1263/911 
f 967/1260/908 971/1264/912 972/1265/913 968/1261/909 
f 968/1266/909 972/1267/913 973/1268/914 974/1269/915 
f 969/1262/910 968/1261/909 974/1270/915 975/1271/916 
f 976/1272/917 966/1259/907 965/1258/906 977/1273/918 
f 978/1274/919 977/1273/918 965/1258/906 964/1257/905 
f 939/1227/880 977/1273/918 978/1274/919 941/1229/882 
f 939/1227/880 938/1226/879 976/1272/917 977/1273/918 
f 979/1275/920 980/1276/921 981/1277/922 982/1278/923 
f 983/1279/924 982/1278/923 981/1277/922 984/1280/925 
f 982/1278/923 983/1279/924 985/1281/926 986/1282/927 
f 986/1282/927 987/1283/928 979/1275/920 982/1278/923 
f 988/1284/929 989/1285/930 990/1286/931 991/1287/932 
f 992/1288/933 991/1287/932 990/1286/931 993/1289/934 
f 994/1290/935 991/1287/932 992/1288/933 995/1291/936 
f 988/1284/929 991/1287/932 994/1290/935 996/1292/937 
f 997/1293/938 998/1294/939 999/1295/940 1000/1296/941 
f 1001/1297/942 1000/1298/941 999/1299/940 1002/1300/943 
f 1003/1301/944 1000/1298/941 1001/1297/942 1004/1302/945 
f 1003/1303/944 1005/1304/946 997/1293/938 1000/1296/941 
f 1006/1305/947 1007/1306/948 1008/1307/949 1009/1308/950 
f 1009/1308/950 1008/1307/949 980/1276/921 979/1275/920 
f 987/1283/928 1010/1309/951 1009/1308/950 979/1275/920 
f 1010/1309/951 1011/1310/952 1006/1305/947 1009/1308/950 
f 988/1284/929 972/1311/913 971/1312/912 989/1285/930 
f 996/1292/937 973/1268/914 972/1311/913 988/1284/929 
f 978/1313/919 964/1314/905 998/1294/939 997/1293/938 
f 1005/1304/946 941/1315/882 978/1313/919 997/1293/938 
f 1012/1316/953 1013/1317/954 1011/1310/952 1010/1309/951 
f 1010/1309/951 987/1283/928 1014/1318/955 1012/1316/953 
f 1015/1319/956 1016/1320/957 1012/1316/953 1014/1318/955 
f 1013/1317/954 1012/1316/953 1016/1320/957 
f 973/1268/914 1017/1321/958 1018/1322/959 
f 1017/1321/958 973/1268/914 996/1292/937 1019/1323/960 
f 1020/1324/961 1021/1325/962 1017/1326/958 1019/1327/960 
f 1021/1328/962 1022/1329/963 1018/1322/959 1017/1321/958 
f 942/1330/883 941/1315/882 1005/1304/946 1023/1331/964 
f 1024/1332/965 944/1333/885 942/1330/883 1023/1331/964 
f 1025/1334/966 1026/1335/967 950/1238/891 951/1241/892 
f 950/1238/891 1026/1335/967 1027/1336/968 953/1337/894 
f 1028/1338/969 1029/1339/970 1030/1340/971 1031/1341/972 
f 1031/1341/972 1032/1342/973 1033/1343/974 1028/1338/969 
f 799/1049/742 804/1056/745 1028/1338/969 1033/1343/974 
f 804/1056/745 766/1010/726 1029/1339/970 1028/1338/969 
f 1034/1344/975 1033/1343/974 1032/1342/973 1035/1345/976 
f 1034/1346/975 1035/1347/976 1036/1348/977 1037/1349/978 
f 1034/1346/975 1037/1349/978 801/1053/744 800/1052/743 
f 799/1049/742 1033/1343/974 1034/1344/975 800/1050/743 
f 1038/1350/979 1039/1351/980 1040/1352/981 1041/1353/982 
f 1040/1352/981 1039/1351/980 1042/1354/983 1043/1355/984 
f 792/1040/739 796/1046/741 1040/1352/981 1043/1355/984 
f 1041/1353/982 1040/1352/981 796/1046/741 795/1045/740 
f 1044/1356/985 1043/1355/984 1042/1354/983 1045/1357/986 
f 1046/1358/987 1044/1356/985 1045/1357/986 1047/1359/988 
f 789/1037/738 1044/1356/985 1046/1358/987 788/1041/737 
f 789/1037/738 792/1040/739 1043/1355/984 1044/1356/985 
f 1046/1360/987 1047/1361/988 1048/1362/989 1049/1363/990 
f 1050/1364/991 1049/1363/990 1048/1362/989 1051/1365/992 
f 783/1031/734 785/1033/736 1049/1363/990 1050/1364/991 
f 785/1033/736 788/1036/737 1046/1360/987 1049/1363/990 
f 1052/1366/993 1050/1364/991 1051/1365/992 1053/1367/994 
f 1053/1367/994 1054/1368/995 1055/1369/996 1052/1366/993 
f 777/1023/731 784/1032/735 1052/1366/993 1055/1369/996 
f 784/1032/735 783/1031/734 1050/1364/991 1052/1366/993 
f 1055/1369/996 1054/1368/995 1056/1370/997 1057/1371/998 
f 1057/1372/998 1056/1373/997 1058/1374/999 1059/1375/1000 
f 780/1028/733 778/1027/732 1057/1372/998 1059/1375/1000 
f 778/1024/732 777/1023/731 1055/1369/996 1057/1371/998 
f 1060/1376/1001 1061/1377/1002 1062/1378/1003 1063/1379/1004 
f 1061/1377/1002 1064/1380/1005 1065/1381/1006 1062/1378/1003 
f 769/1013/727 774/1020/730 1062/1378/1003 1065/1381/1006 
f 1063/1379/1004 1062/1378/1003 774/1020/730 773/1019/729 
f 1065/1381/1006 1064/1380/1005 1066/1382/1007 1067/1383/1008 
f 1068/1384/1009 1067/1383/1008 1066/1382/1007 1069/1385/1010 
f 770/1014/728 1067/1383/1008 1068/1384/1009 764/1015/725 
f 770/1014/728 769/1013/727 1065/1381/1006 1067/1383/1008 
f 1068/1386/1009 1069/1387/1010 1070/1388/1011 1071/1389/1012 
f 1070/1388/1011 1030/1340/971 1029/1339/970 1071/1389/1012 
f 1029/1339/970 766/1010/726 761/1005/724 1071/1389/1012 
f 761/1005/724 764/1008/725 1068/1386/1009 1071/1389/1012 
f 1035/1390/976 1032/1391/973 1072/1392/1013 1073/1393/1014 
f 1073/1393/1014 1072/1392/1013 1074/1394/1015 1075/1395/1016 
f 1076/1396/1017 1073/1393/1014 1075/1395/1016 1077/1397/1018 
f 1076/1396/1017 1036/1398/977 1035/1390/976 1073/1393/1014 
f 1056/1373/997 1054/1399/995 1078/1400/1019 1079/1401/1020 
f 1078/1402/1019 1080/1403/1021 1081/1404/1022 1079/1405/1020 
f 1082/1406/1023 1079/1405/1020 1081/1404/1022 1083/1407/1024 
f 1082/1408/1023 1058/1374/999 1056/1373/997 1079/1401/1020 
f 1084/1409/1025 1048/1410/989 1047/1411/988 1085/1412/1026 
f 1086/1413/1027 1084/1409/1025 1085/1412/1026 1087/1414/1028 
f 1088/1415/1029 1089/1416/1030 1084/1409/1025 1086/1413/1027 
f 1048/1410/989 1084/1409/1025 1089/1416/1030 1051/1417/992 
f 1070/1418/1011 1069/1385/1010 1090/1419/1031 1091/1420/1032 
f 1092/1421/1033 1091/1422/1032 1090/1423/1031 1093/1424/1034 
f 1094/1425/1035 1091/1422/1032 1092/1421/1033 1095/1426/1036 
f 1094/1425/1035 1030/1427/971 1070/1428/1011 1091/1422/1032 
f 1038/1429/979 1096/1430/1037 1097/1431/1038 1039/1432/980 
f 1096/1430/1037 1098/1433/1039 1099/1434/1040 1097/1431/1038 
f 1100/1435/1041 1101/1436/1042 1097/1431/1038 1099/1434/1040 
f 1042/1437/983 1039/1432/980 1097/1431/1038 1101/1436/1042 
f 1102/1438/1043 1103/1439/1044 1061/1377/1002 1060/1376/1001 
f 1104/1440/1045 1105/1441/1046 1103/1442/1044 1102/1443/1043 
f 1106/1444/1047 1107/1445/1048 1103/1442/1044 1105/1441/1046 
f 1064/1380/1005 1061/1377/1002 1103/1439/1044 1107/1446/1048 
f 1031/1447/972 1030/1427/971 1094/1425/1035 1108/1448/1049 
f 1094/1425/1035 1095/1426/1036 1109/1449/1050 1108/1448/1049 
f 1074/1394/1015 1072/1392/1013 1108/1448/1049 1109/1449/1050 
f 1072/1392/1013 1032/1391/973 1031/1447/972 1108/1448/1049 
f 1053/1450/994 1051/1417/992 1089/1416/1030 1110/1451/1051 
f 1110/1451/1051 1089/1416/1030 1088/1415/1029 1111/1452/1052 
f 1080/1403/1021 1078/1402/1019 1110/1451/1051 1111/1452/1052 
f 1054/1453/995 1053/1450/994 1110/1451/1051 1078/1402/1019 
f 1045/1454/986 1042/1437/983 1101/1436/1042 1112/1455/1053 
f 1112/1455/1053 1101/1436/1042 1100/1435/1041 1113/1456/1054 
f 1113/1456/1054 1087/1414/1028 1085/1412/1026 1112/1455/1053 
f 1085/1412/1026 1047/1411/988 1045/1454/986 1112/1455/1053 
f 1114/1457/1055 1066/1382/1007 1064/1380/1005 1107/1446/1048 
f 1114/1458/1055 1107/1445/1048 1106/1444/1047 1115/1459/1056 
f 1090/1423/1031 1114/1458/1055 1115/1459/1056 1093/1424/1034 
f 1090/1419/1031 1069/1385/1010 1066/1382/1007 1114/1457/1055 
f 1075/1395/1016 1074/1394/1015 1116/1460/1057 1117/1461/1058 
f 865/1128/806 1117/1461/1058 1116/1460/1057 840/1095/781 
f 1118/1462/1059 1117/1461/1058 865/1128/806 870/1133/811 
f 1118/1462/1059 1077/1397/1018 1075/1395/1016 1117/1461/1058 
f 1081/1404/1022 1080/1403/1021 1119/1463/1060 1120/1464/1061 
f 859/1118/800 1120/1464/1061 1119/1463/1060 831/1086/772 
f 1121/1465/1062 1120/1464/1061 859/1118/800 864/1127/805 
f 1081/1404/1022 1120/1464/1061 1121/1465/1062 1083/1407/1024 
f 1086/1413/1027 1087/1414/1028 1122/1466/1063 1123/1467/1064 
f 1122/1466/1063 822/1077/763 857/1116/798 1123/1467/1064 
f 857/1116/798 824/1079/765 1124/1468/1065 1123/1467/1064 
f 1124/1468/1065 1088/1415/1029 1086/1413/1027 1123/1467/1064 
f 1092/1421/1033 1093/1424/1034 1125/1469/1066 1126/1470/1067 
f 1125/1469/1066 813/1068/754 854/1111/795 1126/1470/1067 
f 1127/1471/1068 1126/1470/1067 854/1111/795 834/1089/775 
f 1127/1471/1068 1095/1426/1036 1092/1421/1033 1126/1470/1067 
f 1128/1472/1069 1129/1473/1070 1099/1434/1040 1098/1433/1039 
f 1128/1472/1069 850/1107/791 849/1106/790 1129/1473/1070 
f 1130/1474/1071 1129/1473/1070 849/1106/790 816/1071/757 
f 1130/1474/1071 1100/1435/1041 1099/1434/1040 1129/1473/1070 
f 1105/1441/1046 1104/1440/1045 1131/1475/1072 1132/1476/1073 
f 1132/1476/1073 1131/1475/1072 844/1099/785 843/1098/784 
f 806/1058/747 1133/1477/1074 1132/1476/1073 843/1098/784 
f 1133/1477/1074 1106/1444/1047 1105/1441/1046 1132/1476/1073 
f 1109/1449/1050 1095/1426/1036 1127/1471/1068 1134/1478/1075 
f 1134/1478/1075 1127/1471/1068 834/1089/775 833/1088/774 
f 840/1095/781 1116/1460/1057 1134/1478/1075 833/1088/774 
f 1116/1460/1057 1074/1394/1015 1109/1449/1050 1134/1478/1075 
f 1111/1452/1052 1088/1415/1029 1124/1468/1065 1135/1479/1076 
f 1135/1479/1076 1124/1468/1065 824/1079/765 823/1078/764 
f 1119/1463/1060 1135/1479/1076 823/1078/764 831/1086/772 
f 1119/1463/1060 1080/1403/1021 1111/1452/1052 1135/1479/1076 
f 1113/1456/1054 1100/1435/1041 1130/1474/1071 1136/1480/1077 
f 815/1070/756 1136/1480/1077 1130/1474/1071 816/1071/757 
f 822/1077/763 1122/1466/1063 1136/1480/1077 815/1070/756 
f 1122/1466/1063 1087/1414/1028 1113/1456/1054 1136/1480/1077 
f 1137/1481/1078 1115/1459/1056 1106/1444/1047 1133/1477/1074 
f 805/1057/746 1137/1481/1078 1133/1477/1074 806/1058/747 
f 1125/1469/1066 1137/1481/1078 805/1057/746 813/1068/754 
f 1125/1469/1066 1093/1424/1034 1115/1459/1056 1137/1481/1078 
f 861/1122/802 829/1121/770 1138/1482/1079 1139/1483/1080 
f 932/1216/873 1139/1484/1080 1138/1485/1079 921/1199/862 
f 1140/1486/1081 1139/1483/1080 932/1224/873 936/1223/877 
f 1140/1486/1081 863/1125/804 861/1122/802 1139/1483/1080 
f 855/1487/796 811/1488/752 1141/1489/1082 1142/1490/1083 
f 929/1209/870 1142/1490/1083 1141/1489/1082 915/1210/856 
f 1143/1491/1084 1142/1490/1083 929/1209/870 882/1148/823 
f 1143/1491/1084 836/1492/777 855/1487/796 1142/1490/1083 
f 1144/1493/1085 1145/1494/1086 851/1108/792 852/1109/793 
f 1144/1495/1085 923/1201/864 922/1200/863 1145/1496/1086 
f 1145/1496/1086 922/1200/863 872/1135/813 1146/1497/1087 
f 851/1108/792 1145/1494/1086 1146/1498/1087 818/1073/759 
f 1147/1499/1088 827/1500/768 828/1501/769 1148/1502/1089 
f 1148/1502/1089 903/1176/844 917/1194/858 1147/1499/1088 
f 921/1199/862 1138/1485/1079 1147/1499/1088 917/1194/858 
f 829/1503/770 827/1500/768 1147/1499/1088 1138/1485/1079 
f 1149/1504/1090 810/1064/751 809/1063/750 1150/1505/1091 
f 1150/1505/1091 897/1166/838 911/1188/852 1149/1504/1090 
f 915/1192/856 1141/1506/1082 1149/1504/1090 911/1188/852 
f 811/1065/752 810/1064/751 1149/1504/1090 1141/1506/1082 
f 1151/1507/1092 867/1508/808 838/1509/779 1152/1510/1093 
f 1151/1507/1092 1152/1510/1093 888/1157/829 905/1178/846 
f 905/1183/846 909/1186/850 1153/1511/1094 1151/1512/1092 
f 1153/1513/1094 868/1131/809 867/1130/808 1151/1514/1092 
f 858/1515/799 821/1516/762 1154/1517/1095 1155/1518/1096 
f 898/1167/839 1155/1518/1096 1154/1517/1095 879/1168/820 
f 1155/1518/1096 898/1167/839 903/1176/844 1148/1502/1089 
f 1148/1502/1089 828/1501/769 858/1515/799 1155/1518/1096 
f 1156/1519/1097 846/1102/787 845/1101/786 1157/1520/1098 
f 1156/1519/1097 1157/1520/1098 890/1159/831 889/1158/830 
f 897/1166/838 1150/1505/1091 1156/1519/1097 889/1158/830 
f 809/1063/750 846/1102/787 1156/1519/1097 1150/1505/1091 
f 1158/1521/1099 837/1522/778 836/1492/777 1143/1491/1084 
f 1143/1491/1084 882/1148/823 881/1147/822 1158/1521/1099 
f 881/1147/822 888/1157/829 1152/1510/1093 1158/1521/1099 
f 1152/1510/1093 838/1509/779 837/1522/778 1158/1521/1099 
f 1159/1523/1100 819/1074/760 818/1073/759 1146/1498/1087 
f 1146/1497/1087 872/1135/813 871/1134/812 1159/1524/1100 
f 1154/1525/1095 1159/1524/1100 871/1134/812 879/1145/820 
f 1154/1526/1095 821/1076/762 819/1074/760 1159/1523/1100 
f 1160/1527/1101 1161/1528/1102 876/1140/817 875/1139/816 
f 1161/1528/1102 1160/1527/1101 1162/1529/1103 1163/1530/1104 
f 1164/1531/1105 1165/1532/1106 1161/1528/1102 1163/1530/1104 
f 876/1140/817 1161/1528/1102 1165/1532/1106 877/1142/818 
f 1166/1533/1107 933/1534/874 919/1535/860 1167/1536/1108 
f 1166/1533/1107 1167/1536/1108 1168/1537/1109 1169/1538/1110 
f 1170/1539/1111 1166/1533/1107 1169/1538/1110 1171/1540/1112 
f 1170/1539/1111 934/1541/875 933/1534/874 1166/1533/1107 
f 1172/1542/1113 930/1543/871 913/1544/854 1173/1545/1114 
f 1172/1542/1113 1173/1545/1114 1174/1546/1115 1175/1547/1116 
f 1176/1548/1117 1177/1549/1118 1172/1542/1113 1175/1547/1116 
f 884/1550/825 930/1543/871 1172/1542/1113 1177/1549/1118 
f 1178/1551/1119 927/1206/868 926/1205/867 1179/1552/1120 
f 1178/1553/1119 1179/1554/1120 1180/1555/1121 1181/1556/1122 
f 1162/1529/1103 1160/1527/1101 1178/1551/1119 1181/1557/1122 
f 1160/1527/1101 875/1139/816 927/1206/868 1178/1551/1119 
f 1182/1558/1123 918/1559/859 901/1173/842 1183/1560/1124 
f 1182/1558/1123 1183/1560/1124 1184/1561/1125 1185/1562/1126 
f 1167/1536/1108 1182/1558/1123 1185/1562/1126 1168/1537/1109 
f 1167/1536/1108 919/1535/860 918/1559/859 1182/1558/1123 
f 912/1563/853 895/1564/836 1186/1565/1127 1187/1566/1128 
f 1188/1567/1129 1187/1566/1128 1186/1565/1127 1189/1568/1130 
f 1173/1545/1114 1187/1566/1128 1188/1567/1129 1174/1546/1115 
f 1173/1545/1114 913/1544/854 912/1563/853 1187/1566/1128 
f 906/1179/847 886/1153/827 1190/1569/1131 1191/1570/1132 
f 1190/1569/1131 1192/1571/1133 1193/1572/1134 1191/1570/1132 
f 1193/1572/1134 1194/1573/1135 1195/1574/1136 1191/1570/1132 
f 906/1179/847 1191/1570/1132 1195/1574/1136 907/1181/848 
f 1165/1532/1106 1196/1575/1137 900/1171/841 877/1142/818 
f 1165/1532/1106 1164/1531/1105 1197/1576/1138 1196/1575/1137 
f 1197/1576/1138 1184/1561/1125 1183/1560/1124 1196/1575/1137 
f 1183/1560/1124 901/1173/842 900/1171/841 1196/1575/1137 
f 1198/1577/1139 1199/1578/1140 894/1579/835 893/1580/834 
f 1200/1581/1141 1199/1578/1140 1198/1577/1139 1201/1582/1142 
f 1200/1581/1141 1189/1568/1130 1186/1565/1127 1199/1578/1140 
f 1186/1565/1127 895/1564/836 894/1579/835 1199/1578/1140 
f 1177/1549/1118 1202/1583/1143 885/1152/826 884/1550/825 
f 1177/1549/1118 1176/1548/1117 1203/1584/1144 1202/1583/1143 
f 1203/1584/1144 1192/1571/1133 1190/1569/1131 1202/1583/1143 
f 885/1152/826 1202/1583/1143 1190/1569/1131 886/1153/827 
f 1204/1585/1145 1205/1586/1146 1206/1587/526 1207/1588/526 
f 1206/1587/526 1208/1589/1147 1209/1590/1148 1207/1588/526 
f 1207/1588/526 1209/1590/1148 1210/1591/1149 1211/1592/526 
f 1211/1592/526 1212/1593/1150 1204/1585/1145 1207/1588/526 
f 1213/1594/526 1214/1595/1151 1215/1596/1152 1216/1597/526 
f 1213/1594/526 1216/1597/526 1217/1598/1153 1218/1599/1154 
f 1219/1600/1155 1220/1601/1156 1213/1594/526 1218/1599/1154 
f 1220/1601/1156 1221/1602/1157 1214/1595/1151 1213/1594/526 
f 1222/1603/1158 995/1604/936 1223/1605/1159 1224/1606/1160 
f 1223/1605/1159 1225/1607/1161 1226/1608/1162 1224/1606/1160 
f 1224/1606/1160 1226/1608/1162 985/1609/926 983/1610/924 
f 983/1610/924 984/1611/925 1227/1612/1163 1224/1606/1160 
f 1222/1603/1158 1224/1606/1160 1227/1612/1163 1228/1613/1164 
f 1229/1614/1165 1230/1615/1166 1231/1616/1167 1232/1617/526 
f 1231/1616/1167 1208/1589/1147 1206/1587/526 1232/1617/526 
f 1232/1617/526 1206/1587/526 1205/1586/1146 1229/1614/1165 
f 1229/1614/1165 1205/1586/1146 1233/1618/1168 1234/1619/1169 
f 1235/1620/1170 1234/1619/1169 1233/1618/1168 1236/1621/1171 
f 1004/1302/945 1237/1622/1172 1234/1619/1169 1235/1620/1170 
f 1230/1615/1166 1229/1614/1165 1234/1619/1169 1237/1622/1172 
f 1238/1623/1173 1204/1585/1145 1212/1593/1150 1239/1624/1174 
f 1238/1623/1173 1239/1624/1174 1240/1625/1175 1241/1626/1176 
f 1241/1626/1176 1236/1621/1171 1233/1618/1168 1238/1623/1173 
f 1233/1618/1168 1205/1586/1146 1204/1585/1145 1238/1623/1173 
f 1242/1627/1177 1243/1628/1178 1244/1629/1179 1215/1596/1152 
f 1245/1630/1180 1243/1628/1178 1242/1627/1177 993/1631/934 
f 1240/1625/1175 1239/1624/1174 1243/1628/1178 1245/1630/1180 
f 1212/1593/1150 1244/1629/1179 1243/1628/1178 1239/1624/1174 
f 1246/1632/1181 1218/1599/1154 1217/1598/1153 1247/1633/1182 
f 1248/1634/1183 1246/1632/1181 1247/1633/1182 1249/1635/1184 
f 1225/1607/1161 1250/1636/1185 1246/1632/1181 1248/1634/1183 
f 1219/1600/1155 1218/1599/1154 1246/1632/1181 1250/1636/1185 
f 1251/1637/1186 1252/1638/1187 1209/1590/1148 1208/1589/1147 
f 1251/1637/1186 1002/1300/943 1253/1639/1188 1252/1638/1187 
f 1254/1640/1189 1252/1638/1187 1253/1639/1188 1255/1641/1190 
f 1254/1640/1189 1210/1591/1149 1209/1590/1148 1252/1638/1187 
f 1231/1616/1167 1230/1615/1166 1237/1622/1172 1256/1642/1191 
f 1001/1297/942 1256/1642/1191 1237/1622/1172 1004/1302/945 
f 1001/1297/942 1002/1300/943 1251/1637/1186 1256/1642/1191 
f 1231/1616/1167 1256/1642/1191 1251/1637/1186 1208/1589/1147 
f 1219/1600/1155 1250/1636/1185 1257/1643/1192 1220/1601/1156 
f 1257/1643/1192 1250/1636/1185 1225/1607/1161 1223/1605/1159 
f 995/1604/936 1258/1644/1193 1257/1643/1192 1223/1605/1159 
f 1258/1644/1193 1221/1602/1157 1220/1601/1156 1257/1643/1192 
f 1259/1645/1194 1260/1646/1195 1027/1336/968 1261/1647/1196 
f 1253/1639/1188 1259/1648/1194 1261/1649/1196 1255/1641/1190 
f 1002/1300/943 999/1299/940 1259/1648/1194 1253/1639/1188 
f 999/1650/940 998/1651/939 1260/1646/1195 1259/1645/1194 
f 1262/1652/1197 1024/1332/965 1263/1653/1198 1264/1654/1199 
f 1241/1655/1176 1264/1656/1199 1263/1657/1198 1236/1658/1171 
f 1265/1659/1200 1264/1656/1199 1241/1655/1176 1240/1660/1175 
f 1262/1661/1197 1264/1656/1199 1265/1659/1200 1266/1662/1201 
f 1267/1663/1202 1020/1324/961 1268/1664/1203 1269/1665/1204 
f 1268/1664/1203 1228/1666/1164 1227/1667/1163 1269/1665/1204 
f 981/1277/922 1269/1665/1204 1227/1667/1163 984/1280/925 
f 1267/1663/1202 1269/1665/1204 981/1277/922 980/1276/921 
f 1270/1668/1205 1014/1318/955 987/1283/928 986/1282/927 
f 986/1669/927 985/1609/926 1226/1608/1162 1270/1670/1205 
f 1226/1608/1162 1225/1607/1161 1271/1671/1206 1270/1670/1205 
f 1014/1318/955 1270/1668/1205 1271/1672/1206 1015/1319/956 
f 1260/1646/1195 963/1673/904 953/1337/894 1027/1336/968 
f 964/1674/905 963/1673/904 1260/1646/1195 998/1651/939 
f 944/1333/885 1024/1332/965 1262/1652/1197 957/1675/898 
f 1262/1661/1197 1266/1662/1201 958/1676/899 957/1677/898 
f 1272/1678/1207 1273/1679/1208 1026/1335/967 1025/1334/966 
f 1274/1680/1209 1273/1681/1208 1272/1682/1207 1249/1635/1184 
f 1261/1649/1196 1273/1681/1208 1274/1680/1209 1255/1641/1190 
f 1026/1335/967 1273/1679/1208 1261/1647/1196 1027/1336/968 
f 1023/1331/964 1005/1304/946 1003/1303/944 1275/1683/1210 
f 1235/1620/1170 1275/1684/1210 1003/1301/944 1004/1302/945 
f 1235/1685/1170 1236/1658/1171 1263/1657/1198 1275/1686/1210 
f 1263/1653/1198 1024/1332/965 1023/1331/964 1275/1683/1210 
f 1019/1323/960 996/1292/937 994/1290/935 1276/1687/1211 
f 1222/1688/1158 1276/1687/1211 994/1290/935 995/1291/936 
f 1222/1688/1158 1228/1689/1164 1268/1690/1203 1276/1687/1211 
f 1268/1664/1203 1020/1324/961 1019/1327/960 1276/1691/1211 
f 1277/1692/1212 1022/1693/963 1021/1325/962 1278/1694/1213 
f 1021/1325/962 1020/1324/961 1267/1663/1202 1278/1694/1213 
f 1267/1663/1202 980/1276/921 1008/1307/949 1278/1694/1213 
f 1277/1692/1212 1278/1694/1213 1008/1307/949 1007/1306/948 
f 1279/1695/1214 1163/1530/1104 1162/1529/1103 1280/1696/1215 
f 1280/1696/1215 975/1271/916 1281/1697/1216 1279/1695/1214 
f 1282/1698/1217 1283/1699/1218 1279/1695/1214 1281/1697/1216 
f 1164/1531/1105 1163/1530/1104 1279/1695/1214 1283/1699/1218 
f 1284/1700/1219 1285/1701/1220 1169/1538/1110 1168/1537/1109 
f 1284/1700/1219 1286/1702/1221 1287/1703/1222 1285/1701/1220 
f 1287/1703/1222 1288/1704/1223 1289/1705/1224 1285/1701/1220 
f 1169/1538/1110 1285/1701/1220 1289/1705/1224 1171/1540/1112 
f 1290/1706/444 1175/1547/1116 1174/1546/1115 1291/1707/1225 
f 1290/1706/444 1291/1707/1225 966/1259/907 976/1272/917 
f 976/1272/917 938/1226/879 1292/1708/444 1290/1706/444 
f 1176/1548/1117 1175/1547/1116 1290/1706/444 1292/1708/444 
f 1293/1709/1226 1181/1710/1122 1180/1711/1121 1294/1712/1227 
f 1294/1712/1227 970/1263/911 969/1262/910 1293/1709/1226 
f 1280/1696/1215 1293/1709/1226 969/1262/910 975/1271/916 
f 1280/1696/1215 1162/1529/1103 1181/1557/1122 1293/1709/1226 
f 1295/1713/1228 1296/1714/1229 1185/1562/1126 1184/1561/1125 
f 1297/1715/1230 1296/1714/1229 1295/1713/1228 1298/1716/1231 
f 1297/1715/1230 1286/1702/1221 1284/1700/1219 1296/1714/1229 
f 1185/1562/1126 1296/1714/1229 1284/1700/1219 1168/1537/1109 
f 1299/1717/1232 1300/1718/1233 1188/1567/1129 1189/1568/1130 
f 1299/1717/1232 954/1246/895 961/1253/902 1300/1718/1233 
f 1300/1718/1233 961/1253/902 966/1259/907 1291/1707/1225 
f 1188/1567/1129 1300/1718/1233 1291/1707/1225 1174/1546/1115 
f 1301/1719/1234 1302/1720/1235 1193/1572/1134 1192/1571/1133 
f 956/1248/897 1302/1720/1235 1301/1719/1234 945/1233/886 
f 960/1252/901 1303/1721/1236 1302/1720/1235 956/1248/897 
f 1194/1573/1135 1193/1572/1134 1302/1720/1235 1303/1721/1236 
f 1304/1722/1237 1197/1576/1138 1164/1531/1105 1283/1699/1218 
f 1283/1699/1218 1282/1698/1217 1305/1723/1238 1304/1722/1237 
f 1305/1723/1238 1298/1716/1231 1295/1713/1228 1304/1722/1237 
f 1295/1713/1228 1184/1561/1125 1197/1576/1138 1304/1722/1237 
f 1200/1581/1141 1201/1582/1142 1306/1724/1239 1307/1725/1240 
f 1306/1724/1239 947/1726/888 946/1234/887 1307/1725/1240 
f 946/1234/887 954/1246/895 1299/1717/1232 1307/1725/1240 
f 1200/1581/1141 1307/1725/1240 1299/1717/1232 1189/1568/1130 
f 1292/1708/444 1308/1727/444 1203/1584/1144 1176/1548/1117 
f 1292/1708/444 938/1226/879 937/1225/878 1308/1727/444 
f 1301/1719/1234 1308/1727/444 937/1225/878 945/1233/886 
f 1301/1719/1234 1192/1571/1133 1203/1584/1144 1308/1727/444 
f 1309/1728/1241 1310/1729/1242 1311/1730/1243 1312/1731/1244 
f 1309/1728/1241 1313/1732/1245 1314/1733/1246 1310/1729/1242 
f 1314/1733/1246 1315/1734/1247 1316/1735/1248 1310/1729/1242 
f 1311/1730/1243 1310/1729/1242 1316/1735/1248 1317/1736/1249 
f 1318/1737/1250 1319/1738/1251 1314/1733/1246 1313/1732/1245 
f 1318/1737/1250 1320/1739/1252 1321/1740/1253 1319/1738/1251 
f 1321/1740/1253 1322/1741/1254 1323/1742/1255 1319/1738/1251 
f 1314/1733/1246 1319/1738/1251 1323/1742/1255 1315/1734/1247 
f 1324/1743/1256 1325/1744/1257 1326/1745/1258 1327/1746/1259 
f 1324/1747/1256 1328/1748/1260 1329/1749/1261 1325/1750/1257 
f 1325/1750/1257 1329/1749/1261 1330/1751/1262 1331/1752/1263 
f 1326/1745/1258 1325/1744/1257 1331/1753/1263 1332/1754/1264 
f 1333/1755/1265 1334/1756/1266 1329/1749/1261 1328/1748/1260 
f 1333/1755/1265 1335/1757/1267 1336/1758/1268 1334/1756/1266 
f 1336/1758/1268 1337/1759/1269 1338/1760/1270 1334/1756/1266 
f 1329/1749/1261 1334/1756/1266 1338/1760/1270 1330/1751/1262 
f 1339/1761/1271 1340/1762/1272 1341/1763/1273 1342/1764/1274 
f 1341/1763/1273 609/795/580 607/790/578 1342/1764/1274 
f 608/793/579 1343/1765/1275 1342/1764/1274 607/790/578 
f 1339/1761/1271 1342/1764/1274 1343/1765/1275 1344/1766/1276 
f 1345/1767/1277 1346/1768/1278 1321/1740/1253 1320/1739/1252 
f 1326/1745/1258 1346/1768/1278 1345/1767/1277 1327/1746/1259 
f 1326/1745/1258 1332/1754/1264 1347/1769/1279 1346/1768/1278 
f 1347/1769/1279 1322/1741/1254 1321/1740/1253 1346/1768/1278 
f 1347/1769/1279 1348/1770/1280 1349/1771/1281 1322/1741/1254 
f 1347/1769/1279 1332/1754/1264 1350/1772/1282 1348/1770/1280 
f 1006/1773/947 1348/1770/1280 1350/1772/1282 1007/1774/948 
f 1349/1771/1281 1348/1770/1280 1006/1773/947 1011/1775/952 
f 1351/1776/1283 1352/1777/1284 1353/1778/1285 1354/1779/1286 
f 1353/1778/1285 1355/1780/1287 1356/1781/1288 1354/1779/1286 
f 1357/1782/1289 1354/1779/1286 1356/1781/1288 1358/1783/1290 
f 1359/1784/1291 1351/1776/1283 1354/1779/1286 1357/1782/1289 
f 1360/1785/1292 1361/1786/1293 1362/1787/1294 1363/1788/1295 
f 1361/1786/1293 1360/1785/1292 973/1268/914 1018/1322/959 
f 1022/1329/963 1364/1789/1296 1361/1786/1293 1018/1322/959 
f 1364/1789/1296 1330/1751/1262 1362/1787/1294 1361/1786/1293 
f 1349/1771/1281 1365/1790/1297 1366/1791/1298 1322/1741/1254 
f 1349/1771/1281 1011/1775/952 1013/1792/954 1365/1790/1297 
f 1016/1793/957 1367/1794/1299 1365/1790/1297 1013/1792/954 
f 1366/1791/1298 1365/1790/1297 1367/1794/1299 1368/1795/1300 
f 1369/1796/1301 1370/1797/1302 1371/1798/1303 1372/1799/1304 
f 1372/1799/1304 639/837/610 637/835/608 1369/1796/1301 
f 637/835/608 638/836/609 1373/1800/606 1369/1796/1301 
f 1370/1797/1302 1369/1796/1301 1373/1800/606 1374/1801/1305 
f 1373/1800/606 1375/1802/5 1376/1803/1306 1374/1801/1305 
f 644/842/5 1375/1802/5 1373/1800/606 638/836/609 
f 644/842/5 645/843/5 1377/1804/5 1375/1802/5 
f 1378/1805/1307 1376/1803/1306 1375/1802/5 1377/1804/5 
f 1379/1806/1308 1380/1807/1309 1381/1808/1310 1382/1809/1311 
f 1379/1806/1308 654/852/621 652/850/619 1380/1807/1309 
f 652/850/619 653/851/620 1383/1810/1312 1380/1807/1309 
f 1381/1808/1310 1380/1807/1309 1383/1810/1312 1384/1811/1313 
f 1385/1812/5 1386/1813/1314 1378/1805/1307 1377/1804/5 
f 1377/1804/5 645/843/5 657/855/5 1385/1812/5 
f 657/855/5 654/852/621 1379/1806/1308 1385/1812/5 
f 1382/1809/1311 1386/1813/1314 1385/1812/5 1379/1806/1308 
f 1387/1814/1315 1388/1815/1316 1389/1816/1317 1390/1817/1318 
f 1388/1815/1316 1387/1814/1315 1344/1766/1276 1343/1765/1275 
f 1343/1765/1275 608/793/579 662/860/627 1388/1815/1316 
f 662/860/627 663/861/628 1389/1816/1317 1388/1815/1316 
f 1391/1818/1319 1384/1819/1313 1383/1820/1312 1392/1821/1320 
f 1383/1820/1312 653/872/620 668/870/633 1392/1821/1320 
f 668/870/633 669/871/634 1393/1822/1321 1392/1821/1320 
f 1393/1822/1321 1394/1823/1322 1391/1818/1319 1392/1821/1320 
f 1395/1824/1323 1396/1825/1324 1397/1826/1325 1398/1827/1326 
f 1398/1827/1326 1397/1826/1325 1317/1736/1249 1316/1735/1248 
f 1315/1734/1247 1399/1828/1327 1398/1827/1326 1316/1735/1248 
f 1399/1828/1327 1368/1795/1300 1395/1824/1323 1398/1827/1326 
f 1400/1829/1328 1401/1830/1329 1402/1831/1330 1403/1832/1331 
f 1404/1833/1332 1402/1831/1330 1401/1830/1329 1371/1834/1303 
f 974/1270/915 1402/1835/1330 1404/1836/1332 975/1271/916 
f 973/1268/914 1403/1832/1331 1402/1831/1330 974/1269/915 
f 680/884/645 1405/1837/1333 1406/1838/1334 681/885/646 
f 680/884/645 639/889/610 1372/1839/1304 1405/1837/1333 
f 1371/1834/1303 1401/1830/1329 1405/1837/1333 1372/1839/1304 
f 1401/1830/1329 1400/1829/1328 1406/1838/1334 1405/1837/1333 
f 1407/1840/1335 685/891/650 684/890/649 1408/1841/1336 
f 684/890/649 689/895/654 1409/1842/1337 1408/1841/1336 
f 1409/1843/1337 1317/1736/1249 1397/1826/1325 1408/1844/1336 
f 1397/1845/1325 1396/1846/1324 1407/1840/1335 1408/1847/1336 
f 1410/1848/1338 1288/1849/1223 1411/1850/1339 1412/1851/1340 
f 1391/1818/1319 1412/1851/1340 1411/1850/1339 1384/1819/1313 
f 1412/1851/1340 1391/1818/1319 1394/1823/1322 1413/1852/1341 
f 1016/1853/957 1410/1848/1338 1412/1851/1340 1413/1852/1341 
f 1414/1854/1342 1415/1855/1343 1416/1856/1344 1363/1788/1295 
f 1415/1855/1343 1414/1854/1342 1337/1759/1269 1417/1857/1345 
f 1417/1857/1345 1344/1766/1276 1387/1814/1315 1415/1855/1343 
f 1416/1856/1344 1415/1855/1343 1387/1814/1315 1390/1817/1318 
f 1297/1715/1230 1298/1858/1231 1418/1859/1346 1419/1860/1347 
f 1419/1861/1347 1418/1862/1346 1378/1805/1307 1386/1813/1314 
f 1382/1809/1311 1420/1863/1348 1419/1861/1347 1386/1813/1314 
f 1297/1715/1230 1419/1860/1347 1420/1864/1348 1286/1702/1221 
f 1420/1864/1348 1421/1865/1349 1287/1703/1222 1286/1702/1221 
f 1381/1808/1310 1421/1866/1349 1420/1863/1348 1382/1809/1311 
f 1421/1866/1349 1381/1808/1310 1384/1811/1313 1411/1867/1339 
f 1287/1703/1222 1421/1868/1349 1411/1869/1339 1288/1704/1223 
f 1422/1870/1350 1305/1871/1238 1282/1698/1217 1423/1872/1351 
f 1422/1873/1350 1423/1874/1351 1374/1801/1305 1376/1803/1306 
f 1378/1805/1307 1418/1862/1346 1422/1873/1350 1376/1803/1306 
f 1418/1859/1346 1298/1858/1231 1305/1723/1238 1422/1870/1350 
f 1404/1836/1332 1424/1875/1352 1281/1697/1216 975/1271/916 
f 1370/1797/1302 1424/1876/1352 1404/1877/1332 1371/1798/1303 
f 1370/1797/1302 1374/1801/1305 1423/1874/1351 1424/1876/1352 
f 1423/1872/1351 1282/1698/1217 1281/1697/1216 1424/1875/1352 
f 1425/1878/1353 1426/1879/1354 1336/1758/1268 1335/1757/1267 
f 1339/1761/1271 1426/1879/1354 1425/1878/1353 1340/1762/1272 
f 1417/1857/1345 1426/1879/1354 1339/1761/1271 1344/1766/1276 
f 1417/1857/1345 1337/1759/1269 1336/1758/1268 1426/1879/1354 
f 1427/1880/1355 1428/1881/1356 707/928/672 710/931/675 
f 1427/1882/1355 1312/1731/1244 1311/1730/1243 1428/1883/1356 
f 1311/1730/1243 1317/1736/1249 1409/1843/1337 1428/1883/1356 
f 1409/1842/1337 689/895/654 707/928/672 1428/1881/1356 
f 1289/1705/1224 1429/1884/1357 1430/1885/1358 1171/1540/1112 
f 1429/1884/1357 1289/1705/1224 1288/1704/1223 1431/1886/1359 
f 947/1726/888 1306/1724/1239 1429/1884/1357 1431/1887/1359 
f 1201/1582/1142 1430/1885/1358 1429/1884/1357 1306/1724/1239 
f 1432/1888/1360 1433/1889/1361 1194/1573/1135 1303/1721/1236 
f 1303/1721/1236 960/1252/901 1434/1890/1362 1432/1888/1360 
f 1432/1888/1360 1434/1890/1362 970/1263/911 1294/1712/1227 
f 1180/1711/1121 1433/1889/1361 1432/1888/1360 1294/1712/1227 
f 1271/1891/1206 1435/1892/1363 1436/1893/1364 1015/1894/956 
f 1271/1671/1206 1225/1607/1161 1248/1634/1183 1435/1895/1363 
f 1249/1635/1184 1272/1682/1207 1435/1895/1363 1248/1634/1183 
f 1025/1334/966 1436/1893/1364 1435/1892/1363 1272/1678/1207 
f 1437/1896/1365 1438/1897/1366 1210/1591/1149 1254/1640/1189 
f 1437/1896/1365 1254/1640/1189 1255/1641/1190 1274/1680/1209 
f 1249/1635/1184 1247/1633/1182 1437/1896/1365 1274/1680/1209 
f 1247/1633/1182 1217/1598/1153 1438/1897/1366 1437/1896/1365 
f 1439/1898/1367 1214/1595/1151 1221/1602/1157 1258/1644/1193 
f 1439/1898/1367 1258/1644/1193 995/1604/936 992/1899/933 
f 1242/1627/1177 1439/1898/1367 992/1899/933 993/1631/934 
f 1242/1627/1177 1215/1596/1152 1214/1595/1151 1439/1898/1367 
f 1440/1900/526 1244/1629/1179 1212/1593/1150 1211/1592/526 
f 1440/1900/526 1211/1592/526 1210/1591/1149 1438/1897/1366 
f 1217/1598/1153 1216/1597/526 1440/1900/526 1438/1897/1366 
f 1216/1597/526 1215/1596/1152 1244/1629/1179 1440/1900/526 
f 1170/1539/1111 1441/1901/1368 1442/1902/1369 934/1541/875 
f 1170/1539/1111 1171/1540/1112 1430/1885/1358 1441/1901/1368 
f 1430/1885/1358 1201/1582/1142 1198/1577/1139 1441/1901/1368 
f 1442/1902/1369 1441/1901/1368 1198/1577/1139 893/1580/834 
f 1195/1574/1136 1443/1903/1370 1444/1904/1371 907/1181/848 
f 1195/1574/1136 1194/1573/1135 1433/1889/1361 1443/1903/1370 
f 1433/1889/1361 1180/1905/1121 1179/1552/1120 1443/1903/1370 
f 1179/1552/1120 926/1205/867 1444/1904/1371 1443/1903/1370 
f 1140/1486/1081 1445/1906/1372 1446/1907/1373 863/1125/804 
f 1445/1906/1372 1140/1486/1081 936/1223/877 1447/1908/1374 
f 1445/1906/1372 1447/1908/1374 890/1159/831 1157/1520/1098 
f 845/1101/786 1446/1907/1373 1445/1906/1372 1157/1520/1098 
f 1448/1909/1375 868/1131/809 1153/1513/1094 1449/1910/1376 
f 1450/1911/1377 1449/1912/1376 1153/1511/1094 909/1186/850 
f 1450/1911/1377 923/1201/864 1144/1495/1085 1449/1912/1376 
f 852/1109/793 1448/1909/1375 1449/1910/1376 1144/1493/1085 
f 1451/1913/1378 1083/1407/1024 1121/1465/1062 1452/1914/1379 
f 1452/1914/1379 1121/1465/1062 864/1127/805 1453/1915/1380 
f 1453/1915/1380 844/1099/785 1131/1475/1072 1452/1914/1379 
f 1451/1913/1378 1452/1914/1379 1131/1475/1072 1104/1440/1045 
f 1454/1916/1381 1077/1397/1018 1118/1462/1059 1455/1917/1382 
f 1455/1917/1382 1118/1462/1059 870/1133/811 1456/1918/1383 
f 1456/1918/1383 850/1107/791 1128/1472/1069 1455/1917/1382 
f 1454/1916/1381 1455/1917/1382 1128/1472/1069 1098/1433/1039 
f 1457/1919/1384 1058/1374/999 1082/1408/1023 1458/1920/1385 
f 1082/1406/1023 1083/1407/1024 1451/1913/1378 1458/1921/1385 
f 1451/1913/1378 1104/1440/1045 1102/1443/1043 1458/1921/1385 
f 1457/1919/1384 1458/1920/1385 1102/1438/1043 1060/1376/1001 
f 1076/1396/1017 1459/1922/1386 1460/1923/1387 1036/1398/977 
f 1459/1922/1386 1076/1396/1017 1077/1397/1018 1454/1916/1381 
f 1454/1916/1381 1098/1433/1039 1096/1430/1037 1459/1922/1386 
f 1460/1923/1387 1459/1922/1386 1096/1430/1037 1038/1429/979 
f 1059/1375/1000 1058/1374/999 1457/1919/1384 1461/1924/1388 
f 1457/1919/1384 1060/1376/1001 1063/1379/1004 1461/1924/1388 
f 1063/1379/1004 773/1019/729 1462/1925/1389 1461/1924/1388 
f 1462/1925/1389 780/1028/733 1059/1375/1000 1461/1924/1388 
f 1037/1349/978 1036/1348/977 1460/1926/1387 1463/1927/1390 
f 1460/1926/1387 1038/1350/979 1041/1353/982 1463/1927/1390 
f 1041/1353/982 795/1045/740 1464/1928/1391 1463/1927/1390 
f 1037/1349/978 1463/1927/1390 1464/1928/1391 801/1053/744 
f 1016/1853/957 1015/1894/956 1436/1893/1364 1465/1929/1392 
f 951/1241/892 1465/1929/1392 1436/1893/1364 1025/1334/966 
f 1466/1930/1393 958/1676/899 1266/1662/1201 1467/1931/1394 
f 1467/1931/1394 989/1285/930 971/1312/912 1466/1930/1393 
f 1468/1932/1395 1467/1931/1394 1266/1662/1201 1265/1659/1200 
f 1468/1932/1395 1265/1659/1200 1240/1660/1175 1245/1933/1180 
f 1245/1933/1180 993/1289/934 990/1286/931 1468/1932/1395 
f 1467/1931/1394 1468/1932/1395 990/1286/931 989/1285/930 
f 1469/1934/1396 1434/1890/1362 960/1252/901 959/1251/900 
f 1466/1935/1393 1469/1934/1396 959/1251/900 958/1250/899 
f 971/1264/912 967/1260/908 1469/1934/1396 1466/1935/1393 
f 1434/1890/1362 1469/1934/1396 967/1260/908 970/1263/911 
f 1431/1936/1359 1288/1849/1223 1410/1848/1338 1470/1937/1397 
f 1465/1929/1392 1470/1937/1397 1410/1848/1338 1016/1853/957 
f 951/1241/892 948/1240/889 1470/1937/1397 1465/1929/1392 
f 948/1240/889 947/1938/888 1431/1936/1359 1470/1937/1397 
f 908/1185/849 1471/1939/1398 1450/1911/1377 909/1186/850 
f 908/1182/849 907/1181/848 1444/1904/1371 1471/1940/1398 
f 924/1204/865 1471/1940/1398 1444/1904/1371 926/1205/867 
f 1450/1911/1377 1471/1939/1398 924/1202/865 923/1201/864 
f 1472/1941/1399 1447/1908/1374 936/1223/877 935/1222/876 
f 1472/1941/1399 935/1222/876 934/1221/875 1442/1942/1369 
f 893/1162/834 891/1160/832 1472/1941/1399 1442/1942/1369 
f 891/1160/832 890/1159/831 1447/1908/1374 1472/1941/1399 
f 1473/1943/1400 1456/1918/1383 870/1133/811 869/1132/810 
f 1473/1943/1400 869/1132/810 868/1131/809 1448/1909/1375 
f 1448/1909/1375 852/1109/793 847/1104/788 1473/1943/1400 
f 1456/1918/1383 1473/1943/1400 847/1104/788 850/1107/791 
f 1453/1915/1380 864/1127/805 862/1126/803 1474/1944/1401 
f 1474/1945/1401 862/1124/803 863/1125/804 1446/1907/1373 
f 841/1100/782 1474/1945/1401 1446/1907/1373 845/1101/786 
f 1453/1915/1380 1474/1944/1401 841/1096/782 844/1099/785 
f 802/1054/41 801/1053/744 1464/1928/1391 1475/1946/721 
f 794/1044/33 1475/1946/721 1464/1928/1391 795/1045/740 
f 794/1044/33 53/62/33 758/1002/721 1475/1946/721 
f 758/1002/721 62/73/41 802/1054/41 1475/1946/721 
f 1462/1925/1389 1476/1947/723 779/1025/19 780/1028/733 
f 1462/1925/1389 773/1019/729 772/1018/14 1476/1947/723 
f 760/1004/723 1476/1947/723 772/1018/14 20/23/14 
f 779/1025/19 1476/1947/723 760/1004/723 29/34/19 
f 1477/1948/1402 1478/1949/1403 1356/1781/1288 1355/1780/1287 
f 1478/1949/1403 1477/1948/1402 1479/1950/1404 1480/1951/1405 
f 1481/1952/1406 1478/1949/1403 1480/1951/1405 1482/1953/1407 
f 1356/1781/1288 1478/1949/1403 1481/1952/1406 1358/1783/1290 
f 1483/1954/1408 1484/1955/1409 1485/1956/1410 1486/1957/1411 
f 1483/1954/1408 1487/1958/1412 1488/1959/1413 1484/1955/1409 
f 1488/1959/1413 1489/1960/1414 1490/1961/1415 1484/1955/1409 
f 1485/1956/1410 1484/1955/1409 1490/1961/1415 1491/1962/1416 
f 1492/1963/1417 1493/1964/1418 1494/1965/1419 1495/1966/1420 
f 1495/1966/1420 1494/1965/1419 1496/1967/1421 1497/1968/1422 
f 1498/1969/1423 1499/1970/1424 1495/1966/1420 1497/1968/1422 
f 1499/1970/1424 1500/1971/1425 1492/1963/1417 1495/1966/1420 
f 1501/1972/1426 1502/1973/1427 1503/1974/1428 1504/1975/1429 
f 1503/1974/1428 710/931/675 709/930/674 1504/1975/1429 
f 709/930/674 572/755/543 1505/1976/1430 1504/1975/1429 
f 1505/1976/1430 1506/1977/1431 1501/1972/1426 1504/1975/1429 
f 1507/1978/1432 1508/1979/1433 1488/1959/1413 1487/1958/1412 
f 1508/1979/1433 1507/1978/1432 1493/1964/1418 1492/1963/1417 
f 1500/1971/1425 1509/1980/1434 1508/1979/1433 1492/1963/1417 
f 1488/1959/1413 1508/1979/1433 1509/1980/1434 1489/1960/1414 
f 1510/1981/1435 1511/1982/1436 1512/1983/1437 1513/1984/1438 
f 1514/1985/1439 1515/1986/1440 1512/1983/1437 1511/1982/1436 
f 1335/1757/1267 1333/1755/1265 1512/1983/1437 1515/1986/1440 
f 1333/1755/1265 1328/1748/1260 1513/1984/1438 1512/1983/1437 
f 1516/1987/1441 1517/1988/1442 1518/1989/1443 1519/1990/1444 
f 1518/1989/1443 1352/1777/1284 1351/1776/1283 1519/1990/1444 
f 1351/1776/1283 1359/1784/1291 1520/1991/1445 1519/1990/1444 
f 1516/1987/1441 1519/1990/1444 1520/1991/1445 1521/1992/1446 
f 1522/1993/1447 1523/1994/1448 1524/1995/1449 1525/1996/1450 
f 1525/1996/1450 1524/1995/1449 1526/1997/1451 1527/1998/1452 
f 1527/1998/1452 1320/1739/1252 1318/1737/1250 1525/1996/1450 
f 1522/1993/1447 1525/1996/1450 1318/1737/1250 1313/1732/1245 
f 1528/1999/1453 1529/2000/1454 1480/1951/1405 1479/1950/1404 
f 1528/1999/1453 1530/2001/1455 1531/2002/1456 1529/2000/1454 
f 1532/2003/1457 1529/2000/1454 1531/2002/1456 1533/2004/1458 
f 1532/2003/1457 1482/1953/1407 1480/1951/1405 1529/2000/1454 
f 1534/2005/1459 1535/2006/1460 1536/2007/1461 1537/2008/1462 
f 1536/2007/1461 1538/2009/1463 1539/2010/1464 1537/2008/1462 
f 1537/2008/1462 1539/2010/1464 1540/2011/1465 1541/2012/1466 
f 1534/2005/1459 1537/2008/1462 1541/2012/1466 1542/2013/1467 
f 1543/2014/1468 1544/2015/1469 1545/2016/1470 1546/2017/1471 
f 1543/2014/1468 1547/2018/1472 1548/2019/1473 1544/2015/1469 
f 1549/2020/1474 1544/2015/1469 1548/2019/1473 1550/2021/1475 
f 1545/2016/1470 1544/2015/1469 1549/2020/1474 1551/2022/1476 
f 1552/2023/1477 1553/2024/1478 1554/2025/1479 1555/2026/1480 
f 1552/2023/1477 1486/1957/1411 1485/1956/1410 1553/2024/1478 
f 1485/1956/1410 1491/1962/1416 1556/2027/1481 1553/2024/1478 
f 1556/2027/1481 1557/2028/1482 1554/2025/1479 1553/2024/1478 
f 1558/2029/1483 1559/2030/1484 1560/2031/1485 1561/2032/1486 
f 1558/2029/1483 1535/2006/1460 1534/2005/1459 1559/2030/1484 
f 1534/2005/1459 1542/2013/1467 1562/2033/1487 1559/2030/1484 
f 1563/2034/1488 1560/2031/1485 1559/2030/1484 1562/2033/1487 
f 1564/2035/1489 1565/2036/1490 1566/2037/1491 1567/2038/1492 
f 1566/2037/1491 594/777/565 595/778/566 1567/2038/1492 
f 595/778/566 600/783/571 1568/2039/1493 1567/2038/1492 
f 1568/2039/1493 1569/2040/1494 1564/2035/1489 1567/2038/1492 
f 1570/2041/1495 1571/2042/1496 1572/2043/1497 1573/2044/1498 
f 1570/2041/1495 1546/2017/1471 1545/2016/1470 1571/2042/1496 
f 1574/2045/1499 1571/2042/1496 1545/2016/1470 1551/2022/1476 
f 1574/2045/1499 1575/2046/1500 1572/2043/1497 1571/2042/1496 
f 1576/2047/1501 1577/2048/1502 1578/2049/1503 1579/2050/1504 
f 1576/2047/1501 579/762/550 581/764/552 1577/2048/1502 
f 585/768/556 616/809/587 1577/2048/1502 581/764/552 
f 616/809/587 619/812/590 1578/2049/1503 1577/2048/1502 
f 1580/2051/1505 1403/1832/1331 973/1268/914 1360/1785/1292 
f 1360/1785/1292 1363/1788/1295 1416/1856/1344 1580/2051/1505 
f 1416/1856/1344 1390/1817/1318 1581/2052/1506 1580/2051/1505 
f 1403/1832/1331 1580/2051/1505 1581/2052/1506 1400/1829/1328 
f 1582/2053/1507 1583/2054/1508 1393/1822/1321 669/871/634 
f 1582/2053/1507 685/891/650 1407/1840/1335 1583/2054/1508 
f 1407/1840/1335 1396/1846/1324 1584/2055/1509 1583/2054/1508 
f 1584/2055/1509 1394/1823/1322 1393/1822/1321 1583/2054/1508 
f 1585/2056/1510 1413/1852/1341 1394/1823/1322 1584/2055/1509 
f 1584/2057/1509 1396/1825/1324 1395/1824/1323 1585/2058/1510 
f 1395/1824/1323 1368/1795/1300 1367/1794/1299 1585/2058/1510 
f 1585/2058/1510 1367/1794/1299 1016/1793/957 1413/2059/1341 
f 1406/1838/1334 1400/1829/1328 1581/2052/1506 1586/2060/1511 
f 1581/2052/1506 1390/1817/1318 1389/1816/1317 1586/2060/1511 
f 1389/1816/1317 663/861/628 1587/2061/1512 1586/2060/1511 
f 1406/1838/1334 1586/2060/1511 1587/2061/1512 681/885/646 
f 1366/1791/1298 1588/2062/1513 1323/1742/1255 1322/1741/1254 
f 1368/1795/1300 1399/1828/1327 1588/2062/1513 1366/1791/1298 
f 1323/1742/1255 1588/2063/1513 1399/1828/1327 1315/1734/1247 
f 1338/1760/1270 1337/1759/1269 1414/1854/1342 1589/2064/1514 
f 1362/1787/1294 1589/2064/1514 1414/1854/1342 1363/1788/1295 
f 1338/1760/1270 1589/2064/1514 1362/1787/1294 1330/1751/1262 
f 1277/2065/1212 1590/2066/1515 1364/2067/1296 1022/2068/963 
f 1350/1772/1282 1590/2066/1515 1277/2065/1212 1007/1774/948 
f 1350/1772/1282 1332/1754/1264 1331/1753/1263 1590/2066/1515 
f 1331/1752/1263 1330/1751/1262 1364/1789/1296 1590/2069/1515 
f 1591/2070/1516 1592/2071/1517 1497/1968/1422 1496/1967/1421 
f 1591/2070/1516 1517/1988/1442 1516/1987/1441 1592/2071/1517 
f 1593/2072/1518 1592/2071/1517 1516/1987/1441 1521/1992/1446 
f 1498/1969/1423 1497/1968/1422 1592/2071/1517 1593/2072/1518 
f 1594/2073/1519 622/817/593 235/823/213 677/2074/642 
f 677/880/642 676/879/641 1595/2075/1520 1594/2076/1519 
f 1595/2075/1520 661/2077/626 694/2078/659 1594/2076/1519 
f 694/903/659 623/818/594 622/817/593 1594/2073/1519 
f 1582/2053/1507 669/871/634 666/868/631 1596/2079/1521 
f 666/868/631 667/869/632 1597/2080/1522 1596/2079/1521 
f 1597/2080/1522 671/874/636 686/892/651 1596/2079/1521 
f 1582/2053/1507 1596/2079/1521 686/892/651 685/891/650 
f 693/899/658 1598/2081/1523 1597/2080/1522 667/869/632 
f 629/826/600 1598/2081/1523 693/899/658 276/334/254 
f 672/875/637 1598/2081/1523 629/826/600 630/827/601 
f 1597/2080/1522 1598/2081/1523 672/875/637 671/874/636 
f 682/886/647 1599/2082/1524 1595/2075/1520 676/879/641 
f 1587/2061/1512 1599/2082/1524 682/886/647 681/885/646 
f 1587/2061/1512 663/861/628 658/856/623 1599/2082/1524 
f 1595/2075/1520 1599/2082/1524 658/856/623 661/859/626 
f 582/765/553 1600/2083/1525 627/824/598 583/766/554 
f 582/765/553 577/760/548 674/877/639 1600/2084/1525 
f 627/824/598 1600/2083/1525 674/877/639 630/827/601 
f 696/905/661 598/781/569 597/780/568 1601/2085/1526 
f 624/819/595 1601/2085/1526 597/780/568 592/775/563 
f 624/819/595 623/818/594 696/905/661 1601/2085/1526 
f 626/821/597 1602/2086/1527 539/717/512 282/822/260 
f 626/821/597 592/775/563 590/773/561 1602/2086/1527 
f 590/773/561 591/774/562 615/808/586 1602/2086/1527 
f 615/808/586 269/718/247 539/717/512 1602/2086/1527 
f 1568/2039/1493 1603/2087/1528 1604/2088/1529 1569/2040/1494 
f 706/927/671 1603/2087/1528 1568/2039/1493 600/783/571 
f 1605/2089/1530 1603/2087/1528 706/927/671 604/787/575 
f 1604/2088/1529 1603/2087/1528 1605/2089/1530 1606/2090/1531 
f 1607/2091/1532 1608/2092/1533 1609/2093/1534 1610/2094/1535 
f 1607/2091/1532 1611/2095/1536 1612/2096/1537 1608/2092/1533 
f 609/795/580 1341/1763/1273 1608/2092/1533 1612/2096/1537 
f 1609/2093/1534 1608/2092/1533 1341/1763/1273 1340/1762/1272 
f 1613/2097/1538 1606/2090/1531 1605/2089/1530 1614/2098/1539 
f 603/786/574 1614/2098/1539 1605/2089/1530 604/787/575 
f 1612/2096/1537 1614/2099/1539 603/794/574 609/795/580 
f 1612/2096/1537 1611/2095/1536 1613/2100/1538 1614/2099/1539 
f 1615/2101/1540 1616/2102/1541 1617/2103/1542 1618/2104/1543 
f 1618/2105/1543 1617/2106/1542 1510/1981/1435 1513/1984/1438 
f 1324/1747/1256 1618/2105/1543 1513/1984/1438 1328/1748/1260 
f 1615/2101/1540 1618/2104/1543 1324/1743/1256 1327/1746/1259 
f 1527/1998/1452 1526/1997/1451 1619/2107/1544 1620/2108/1545 
f 1615/2101/1540 1620/2108/1545 1619/2107/1544 1616/2102/1541 
f 1345/1767/1277 1620/2108/1545 1615/2101/1540 1327/1746/1259 
f 1345/1767/1277 1320/1739/1252 1527/1998/1452 1620/2108/1545 
f 1530/2001/1455 1621/2109/1546 1622/2110/1547 1531/2002/1456 
f 1621/2109/1546 1573/2044/1498 1572/2043/1497 1622/2110/1547 
f 1572/2043/1497 1575/2046/1500 1623/2111/1548 1622/2110/1547 
f 1531/2002/1456 1622/2110/1547 1623/2111/1548 1533/2004/1458 
f 620/813/591 1624/2112/1549 1625/2113/1550 621/816/592 
f 620/813/591 589/772/560 588/771/559 1624/2112/1549 
f 588/771/559 594/777/565 1566/2037/1491 1624/2112/1549 
f 1625/2113/1550 1624/2112/1549 1566/2037/1491 1565/2036/1490 
f 1626/2114/1551 1627/2115/1552 1628/2116/1553 1629/2117/1554 
f 1522/1993/1447 1629/2117/1554 1628/2116/1553 1523/1994/1448 
f 1309/1728/1241 1629/2117/1554 1522/1993/1447 1313/1732/1245 
f 1309/1728/1241 1312/1731/1244 1626/2114/1551 1629/2117/1554 
f 1630/2118/1555 1631/2119/1556 1548/2019/1473 1547/2018/1472 
f 1630/2118/1555 1561/2032/1486 1560/2031/1485 1631/2119/1556 
f 1632/2120/1557 1631/2119/1556 1560/2031/1485 1563/2034/1488 
f 1550/2021/1475 1548/2019/1473 1631/2119/1556 1632/2120/1557 
f 1505/1976/1430 1633/2121/1558 1634/2122/1559 1506/1977/1431 
f 571/754/542 1633/2121/1558 1505/1976/1430 572/755/543 
f 1576/2047/1501 1633/2121/1558 571/754/542 579/762/550 
f 1634/2122/1559 1633/2121/1558 1576/2047/1501 1579/2050/1504 
f 1503/1974/1428 1502/1973/1427 1635/2123/1560 1636/2124/1561 
f 1635/2125/1560 1627/2115/1552 1626/2114/1551 1636/2126/1561 
f 1626/2114/1551 1312/1731/1244 1427/1882/1355 1636/2126/1561 
f 1503/1974/1428 1636/2124/1561 1427/1880/1355 710/931/675 
f 1637/2127/1562 1638/2128/1563 1639/2129/1564 1640/2130/1565 
f 1638/2128/1563 1641/2131/1566 1642/2132/1567 1639/2129/1564 
f 1643/2133/1568 1644/2134/1569 1645/2135/23 1646/2136/23 
f 1647/2137/1570 1648/2138/23 1649/2139/23 1650/2140/1571 
f 1651/2141/1572 1515/1986/1440 1514/1985/1439 1652/2142/1573 
f 1652/2142/1573 1610/2094/1535 1609/2093/1534 1651/2141/1572 
f 1651/2141/1572 1609/2093/1534 1340/1762/1272 1425/1878/1353 
f 1425/1878/1353 1335/1757/1267 1515/1986/1440 1651/2141/1572 
f 1653/2143/1574 1654/2144/1575 1655/2145/1576 1656/2146/1577 
f 1657/2147/1578 1658/2148/1579 1653/2143/1574 1656/2146/1577 
f 1659/2149/23 1660/2150/23 1661/2151/1580 1662/2152/1581 
f 1663/2153/1582 1664/2154/23 1665/2155/23 1666/2156/1583 
f 1667/2157/1584 1668/2158/1585 1669/2159/1586 1670/2160/1587 
f 1640/2130/1565 1667/2157/1584 1670/2160/1587 1637/2127/1562 
f 1639/2129/1564 1671/2161/1588 1672/2162/1589 1640/2130/1565 
f 1673/2163/23 1674/2164/23 1675/2165/1590 1676/2166/1591 
f 1677/2167/1592 1678/2168/1593 1679/2169/1594 1680/2170/1595 
f 1677/2167/1592 1669/2159/1586 1668/2158/1585 1678/2168/1593 
f 1681/2171/1596 1668/2158/1585 1667/2157/1584 1682/2172/1597 
f 1683/2173/23 1684/2174/23 1685/2175/1598 1686/2176/1599 
f 1687/2177/1600 1688/2178/1601 1689/2179/1602 1690/2180/1603 
f 1687/2177/1600 1691/2181/1604 1692/2182/1605 1688/2178/1601 
f 1693/2183/1606 1694/2184/23 1683/2173/23 1686/2176/1599 
f 1695/2185/23 1696/2186/23 1697/2187/1607 1698/2188/1608 
f 1699/2189/1609 1700/2190/1610 1701/2191/1611 1702/2192/1612 
f 1699/2189/1609 1703/2193/1613 1704/2194/1614 1700/2190/1610 
f 1705/2195/1615 1706/2196/1616 1707/2197/1617 1704/2194/1614 
f 1696/2186/23 1645/2135/23 1644/2134/1569 1697/2187/1607 
f 1708/2198/1618 1709/2199/1619 1710/2200/1620 1711/2201/1621 
f 1708/2202/1618 1680/2170/1595 1679/2169/1594 1709/2203/1619 
f 1712/2204/23 1713/2205/1622 1675/2165/1590 1674/2164/23 
f 1714/2206/23 1715/2207/23 1716/2208/1623 1717/2209/1624 
f 1718/2210/1625 1719/2211/1626 1720/2212/1627 1721/2213/1628 
f 1718/2210/1625 1711/2201/1621 1710/2200/1620 1719/2211/1626 
f 1722/2214/1629 1723/2215/1630 1710/2200/1620 1709/2199/1619 
f 1724/2216/1631 1725/2217/23 1694/2184/23 1693/2183/1606 
f 1726/2218/1632 1727/2219/1633 1728/2220/1634 1729/2221/1635 
f 1730/2222/1636 1726/2218/1632 1729/2221/1635 1731/2223/1637 
f 1666/2156/1583 1665/2155/23 1732/2224/23 1733/2225/1638 
f 1664/2154/23 1663/2153/1582 1734/2226/1639 1735/2227/23 
f 1736/2228/1640 1692/2182/1605 1691/2181/1604 1737/2229/1641 
f 1720/2212/1627 1736/2228/1640 1737/2229/1641 1721/2213/1628 
f 1720/2212/1627 1719/2211/1626 1738/2230/1642 1739/2231/1643 
f 1740/2232/23 1741/2233/1644 1643/2133/1568 1646/2136/23 
f 1742/2234/1645 1658/2148/1579 1657/2147/1578 1743/2235/1646 
f 1744/2236/1647 1742/2234/1645 1743/2235/1646 1745/2237/1648 
f 1746/2238/23 1747/2239/23 1748/2240/1649 1749/2241/1650 
f 1733/2225/1638 1732/2224/23 1750/2242/23 1751/2243/1651 
f 1752/2244/1652 1642/2245/1567 1641/2246/1566 1753/2247/1653 
f 1701/2191/1611 1752/2244/1652 1753/2247/1653 1702/2192/1612 
f 1701/2191/1611 1700/2190/1610 1754/2248/1654 1755/2249/1655 
f 1662/2152/1581 1748/2240/1649 1747/2239/23 1659/2149/23 
f 1756/2250/1656 1757/2251/1657 1758/2252/1658 1759/2253/1659 
f 1689/2179/1602 1756/2254/1656 1759/2255/1659 1690/2180/1603 
f 1684/2174/23 1760/2256/23 1761/2257/1660 1685/2175/1598 
f 1749/2241/1650 1762/2258/1661 1763/2259/23 1746/2238/23 
f 1764/2260/1662 1705/2195/1615 1704/2194/1614 1703/2193/1613 
f 1728/2220/1634 1727/2219/1633 1705/2195/1615 1764/2260/1662 
f 1751/2243/1651 1750/2242/23 1765/2261/23 1766/2262/1663 
f 1767/2263/23 1695/2185/23 1698/2188/1608 1768/2264/1664 
f 1769/2265/1665 1730/2222/1636 1731/2223/1637 1770/2266/1666 
f 1654/2144/1575 1769/2267/1665 1770/2268/1666 1655/2145/1576 
f 1771/2269/1667 1654/2144/1575 1653/2143/1574 1772/2270/1668 
f 1773/2271/23 1774/2272/1669 1766/2262/1663 1765/2261/23 
f 1775/2273/1670 1744/2236/1647 1745/2237/1648 1776/2274/1671 
f 1776/2274/1671 1758/2252/1658 1757/2251/1657 1775/2273/1670 
f 1777/2275/1672 1757/2251/1657 1756/2250/1656 1778/2276/1673 
f 1660/2150/23 1735/2227/23 1734/2226/1639 1661/2151/1580 
f 1779/2277/1674 1506/1977/1431 1634/2122/1559 1780/2278/1675 
f 1781/2279/1676 1780/2278/1675 1634/2122/1559 1579/2050/1504 
f 1781/2279/1676 1782/2280/1677 1783/2281/1678 1780/2278/1675 
f 1783/2281/1678 1784/2282/1679 1779/2277/1674 1780/2278/1675 
f 1578/2049/1503 1785/2283/1680 1781/2279/1676 1579/2050/1504 
f 1578/2049/1503 619/812/590 1786/2284/1681 1785/2283/1680 
f 1787/2285/1682 1785/2283/1680 1786/2284/1681 1788/2286/1683 
f 1787/2285/1682 1782/2280/1677 1781/2279/1676 1785/2283/1680 
f 1625/2113/1550 1789/2287/1684 1790/2288/1685 621/816/592 
f 1791/2289/1686 1789/2287/1684 1625/2113/1550 1565/2036/1490 
f 1792/2290/1687 1789/2287/1684 1791/2289/1686 1793/2291/1688 
f 1790/2288/1685 1789/2287/1684 1792/2290/1687 1794/2292/1689 
f 1564/2035/1489 1795/2293/1690 1791/2289/1686 1565/2036/1490 
f 1796/2294/1691 1795/2293/1690 1564/2035/1489 1569/2040/1494 
f 1796/2294/1691 1797/2295/1692 1798/2296/1693 1795/2293/1690 
f 1798/2296/1693 1793/2291/1688 1791/2289/1686 1795/2293/1690 
f 1613/2100/1538 1799/2297/1694 1800/2298/1695 1606/2299/1531 
f 1801/2300/1696 1799/2297/1694 1613/2100/1538 1611/2095/1536 
f 1802/2301/1697 1799/2297/1694 1801/2300/1696 1803/2302/1698 
f 1800/2298/1695 1799/2297/1694 1802/2301/1697 1804/2303/1699 
f 618/811/589 1805/2304/1700 1786/2284/1681 619/812/590 
f 618/815/589 621/816/592 1790/2288/1685 1805/2305/1700 
f 1790/2288/1685 1794/2292/1689 1806/2306/1701 1805/2305/1700 
f 1786/2307/1681 1805/2308/1700 1806/2309/1701 1788/2310/1683 
f 1501/1972/1426 1807/2311/1702 1808/2312/1703 1502/1973/1427 
f 1501/1972/1426 1506/1977/1431 1779/2277/1674 1807/2311/1702 
f 1779/2277/1674 1784/2282/1679 1809/2313/1704 1807/2311/1702 
f 1808/2312/1703 1807/2311/1702 1809/2313/1704 1810/2314/1705 
f 1604/2088/1529 1811/2315/1706 1796/2294/1691 1569/2040/1494 
f 1800/2316/1695 1811/2315/1706 1604/2088/1529 1606/2090/1531 
f 1804/2317/1699 1812/2318/1707 1811/2315/1706 1800/2316/1695 
f 1796/2294/1691 1811/2315/1706 1812/2318/1707 1797/2295/1692 
f 1813/2319/1708 1814/2320/1709 1815/2321/1710 1816/2322/1711 
f 1817/2323/1712 1814/2320/1709 1813/2319/1708 1818/2324/1713 
f 1628/2116/1553 1814/2320/1709 1817/2323/1712 1523/1994/1448 
f 1815/2321/1710 1814/2320/1709 1628/2116/1553 1627/2115/1552 
f 1817/2323/1712 1818/2324/1713 1819/2325/1714 1820/2326/1715 
f 1821/2327/1716 1820/2326/1715 1819/2325/1714 1822/2328/1717 
f 1524/1995/1449 1820/2326/1715 1821/2327/1716 1526/1997/1451 
f 1524/1995/1449 1523/1994/1448 1817/2323/1712 1820/2326/1715 
f 1823/2329/1718 1824/2330/1719 1825/2331/1720 1826/2332/1721 
f 1825/2333/1720 1827/2334/1722 1828/2335/1723 1826/2336/1721 
f 1617/2106/1542 1826/2336/1721 1828/2335/1723 1510/1981/1435 
f 1823/2329/1718 1826/2332/1721 1617/2103/1542 1616/2102/1541 
f 1829/2337/1724 1830/2338/1725 1828/2335/1723 1827/2334/1722 
f 1831/2339/1726 1830/2338/1725 1829/2337/1724 1832/2340/1727 
f 1831/2339/1726 1514/1985/1439 1511/1982/1436 1830/2338/1725 
f 1828/2335/1723 1830/2338/1725 1511/1982/1436 1510/1981/1435 
f 1833/2341/1728 1834/2342/1729 1835/2343/1730 1836/2344/1731 
f 1801/2300/1696 1834/2342/1729 1833/2341/1728 1803/2302/1698 
f 1801/2300/1696 1611/2095/1536 1607/2091/1532 1834/2342/1729 
f 1607/2091/1532 1610/2094/1535 1835/2343/1730 1834/2342/1729 
f 1837/2345/1732 1821/2327/1716 1822/2328/1717 1838/2346/1733 
f 1823/2329/1718 1837/2345/1732 1838/2346/1733 1824/2330/1719 
f 1619/2107/1544 1837/2345/1732 1823/2329/1718 1616/2102/1541 
f 1619/2107/1544 1526/1997/1451 1821/2327/1716 1837/2345/1732 
f 1764/2260/1662 1839/2347/1734 1840/2348/1735 1728/2220/1634 
f 1841/2349/1736 1839/2347/1734 1764/2260/1662 1703/2193/1613 
f 1841/2349/1736 1491/2350/1416 1490/2351/1415 1839/2347/1734 
f 1840/2348/1735 1839/2347/1734 1490/2351/1415 1489/2352/1414 
f 1759/2255/1659 1842/2353/1737 1843/2354/1738 1690/2180/1603 
f 1844/2355/1739 1842/2356/1737 1759/2253/1659 1758/2252/1658 
f 1844/2357/1739 1358/1783/1290 1481/1952/1406 1842/2358/1737 
f 1481/2359/1406 1482/2360/1407 1843/2354/1738 1842/2353/1737 
f 1808/2361/1703 1810/2362/1705 1845/2363/1740 1846/2364/1741 
f 1815/2365/1710 1846/2364/1741 1845/2363/1740 1816/2366/1711 
f 1635/2125/1560 1846/2367/1741 1815/2321/1710 1627/2115/1552 
f 1808/2312/1703 1846/2368/1741 1635/2123/1560 1502/1973/1427 
f 1831/2339/1726 1832/2340/1727 1847/2369/1742 1848/2370/1743 
f 1835/2343/1730 1848/2370/1743 1847/2369/1742 1836/2344/1731 
f 1652/2142/1573 1848/2370/1743 1835/2343/1730 1610/2094/1535 
f 1652/2142/1573 1514/1985/1439 1831/2339/1726 1848/2370/1743 
f 1849/2371/1744 1657/2147/1578 1656/2146/1577 1850/2372/1745 
f 1851/2373/1746 1850/2372/1745 1656/2146/1577 1655/2145/1576 
f 1593/2374/1518 1850/2372/1745 1851/2373/1746 1498/2375/1423 
f 1593/2374/1518 1521/2376/1446 1849/2371/1744 1850/2372/1745 
f 1699/2189/1609 1852/2377/1747 1841/2349/1736 1703/2193/1613 
f 1699/2189/1609 1702/2192/1612 1853/2378/1748 1852/2377/1747 
f 1556/2379/1481 1852/2377/1747 1853/2378/1748 1557/2380/1482 
f 1841/2349/1736 1852/2377/1747 1556/2379/1481 1491/2350/1416 
f 1729/2221/1635 1854/2381/1749 1855/2382/1750 1731/2223/1637 
f 1840/2348/1735 1854/2381/1749 1729/2221/1635 1728/2220/1634 
f 1509/2383/1434 1854/2381/1749 1840/2348/1735 1489/2352/1414 
f 1509/2383/1434 1500/2384/1425 1855/2382/1750 1854/2381/1749 
f 1770/2268/1666 1856/2385/1751 1851/2373/1746 1655/2145/1576 
f 1770/2266/1666 1731/2223/1637 1855/2382/1750 1856/2386/1751 
f 1499/2387/1424 1856/2386/1751 1855/2382/1750 1500/2384/1425 
f 1499/2388/1424 1498/2375/1423 1851/2373/1746 1856/2385/1751 
f 1743/2235/1646 1857/2389/1752 1858/2390/1753 1745/2237/1648 
f 1743/2235/1646 1657/2147/1578 1849/2371/1744 1857/2389/1752 
f 1520/2391/1445 1857/2389/1752 1849/2371/1744 1521/2376/1446 
f 1520/2391/1445 1359/2392/1291 1858/2390/1753 1857/2389/1752 
f 1776/2274/1671 1859/2393/1754 1844/2355/1739 1758/2252/1658 
f 1776/2274/1671 1745/2237/1648 1858/2390/1753 1859/2393/1754 
f 1357/2394/1289 1859/2393/1754 1858/2390/1753 1359/2392/1291 
f 1358/2395/1290 1844/2355/1739 1859/2393/1754 1357/2394/1289 
f 1541/2396/1466 1860/2397/1755 1861/2398/1756 1542/2399/1467 
f 1541/2396/1466 1540/2400/1465 1862/2401/1757 1860/2397/1755 
f 1862/2401/1757 1641/2131/1566 1638/2128/1563 1860/2397/1755 
f 1861/2398/1756 1860/2397/1755 1638/2128/1563 1637/2127/1562 
f 1843/2354/1738 1482/2360/1407 1532/2402/1457 1863/2403/1758 
f 1864/2404/1759 1863/2403/1758 1532/2402/1457 1533/2405/1458 
f 1864/2404/1759 1691/2181/1604 1687/2177/1600 1863/2403/1758 
f 1843/2354/1738 1863/2403/1758 1687/2177/1600 1690/2180/1603 
f 1549/2406/1474 1865/2407/1760 1866/2408/1761 1551/2409/1476 
f 1867/2410/1762 1865/2407/1760 1549/2406/1474 1550/2411/1475 
f 1867/2410/1762 1680/2170/1595 1708/2202/1618 1865/2407/1760 
f 1708/2198/1618 1711/2201/1621 1866/2412/1761 1865/2413/1760 
f 1868/2414/1763 1869/2415/1764 1862/2416/1757 1540/2417/1465 
f 1868/2414/1763 1557/2380/1482 1853/2378/1748 1869/2415/1764 
f 1753/2247/1653 1869/2415/1764 1853/2378/1748 1702/2192/1612 
f 1753/2247/1653 1641/2246/1566 1862/2416/1757 1869/2415/1764 
f 1870/2418/1765 1563/2419/1488 1562/2420/1487 1871/2421/1766 
f 1861/2398/1756 1871/2421/1766 1562/2420/1487 1542/2399/1467 
f 1670/2160/1587 1871/2421/1766 1861/2398/1756 1637/2127/1562 
f 1670/2160/1587 1669/2159/1586 1870/2418/1765 1871/2421/1766 
f 1872/2422/1767 1867/2410/1762 1550/2411/1475 1632/2423/1557 
f 1870/2418/1765 1872/2422/1767 1632/2423/1557 1563/2419/1488 
f 1870/2418/1765 1669/2159/1586 1677/2167/1592 1872/2422/1767 
f 1867/2410/1762 1872/2422/1767 1677/2167/1592 1680/2170/1595 
f 1873/2424/1768 1575/2425/1500 1574/2426/1499 1874/2427/1769 
f 1866/2412/1761 1874/2427/1769 1574/2426/1499 1551/2428/1476 
f 1718/2210/1625 1874/2427/1769 1866/2412/1761 1711/2201/1621 
f 1718/2210/1625 1721/2213/1628 1873/2424/1768 1874/2427/1769 
f 1623/2429/1548 1875/2430/1770 1864/2404/1759 1533/2405/1458 
f 1873/2424/1768 1875/2430/1770 1623/2429/1548 1575/2425/1500 
f 1873/2424/1768 1721/2213/1628 1737/2229/1641 1875/2430/1770 
f 1864/2404/1759 1875/2430/1770 1737/2229/1641 1691/2181/1604 
f 1539/2010/1464 1538/2009/1463 1876/2431/1771 1877/2432/1772 
f 1876/2431/1771 1555/2026/1480 1554/2025/1479 1877/2432/1772 
f 1554/2025/1479 1557/2028/1482 1868/2433/1763 1877/2432/1772 
f 1877/2432/1772 1868/2433/1763 1540/2011/1465 1539/2010/1464 
f 1878/2434/1773 1879/2435/1774 1880/2436/1775 1881/2437/1776 
f 1878/2434/1773 1882/2438/1777 1883/2439/1778 1879/2435/1774 
f 1883/2439/1778 1555/2026/1480 1876/2431/1771 1879/2435/1774 
f 1880/2436/1775 1879/2435/1774 1876/2431/1771 1538/2009/1463 
f 1884/2440/1779 1885/2441/1780 1886/2442/1781 1887/2443/1782 
f 1888/2444/1783 1885/2441/1780 1884/2440/1779 1889/2445/1784 
f 1630/2118/1555 1885/2441/1780 1888/2444/1783 1561/2032/1486 
f 1630/2118/1555 1547/2018/1472 1886/2442/1781 1885/2441/1780 
f 1890/2446/1785 1891/2447/1786 1892/2448/1787 1893/2449/1788 
f 1890/2446/1785 1894/2450/1789 1895/2451/1790 1891/2447/1786 
f 1895/2451/1790 1573/2044/1498 1621/2109/1546 1891/2447/1786 
f 1892/2448/1787 1891/2447/1786 1621/2109/1546 1530/2001/1455 
f 1896/2452/1791 1897/2453/1792 1898/2454/1793 1899/2455/1794 
f 1900/2456/1795 1899/2455/1794 1898/2454/1793 1901/2457/1796 
f 1591/2070/1516 1899/2455/1794 1900/2456/1795 1517/1988/1442 
f 1591/2070/1516 1496/1967/1421 1896/2452/1791 1899/2455/1794 
f 1895/2451/1790 1894/2450/1789 1902/2458/1797 1903/2459/1798 
f 1902/2458/1797 1904/2460/1799 1905/2461/1800 1903/2459/1798 
f 1905/2461/1800 1546/2017/1471 1570/2041/1495 1903/2459/1798 
f 1895/2451/1790 1903/2459/1798 1570/2041/1495 1573/2044/1498 
f 1888/2444/1783 1889/2445/1784 1906/2462/1801 1907/2463/1802 
f 1908/2464/1803 1907/2463/1802 1906/2462/1801 1909/2465/1804 
f 1908/2464/1803 1535/2006/1460 1558/2029/1483 1907/2463/1802 
f 1888/2444/1783 1907/2463/1802 1558/2029/1483 1561/2032/1486 
f 1910/2466/1805 1911/2467/1806 1883/2439/1778 1882/2438/1777 
f 1910/2466/1805 1912/2468/1807 1913/2469/1808 1911/2467/1806 
f 1913/2469/1808 1486/1957/1411 1552/2023/1477 1911/2467/1806 
f 1883/2439/1778 1911/2467/1806 1552/2023/1477 1555/2026/1480 
f 1914/2470/1809 1915/2471/1810 1905/2461/1800 1904/2460/1799 
f 1914/2470/1809 1887/2443/1782 1886/2442/1781 1915/2471/1810 
f 1886/2442/1781 1547/2018/1472 1543/2014/1468 1915/2471/1810 
f 1905/2461/1800 1915/2471/1810 1543/2014/1468 1546/2017/1471 
f 1916/2472/1811 1917/2473/1812 1908/2464/1803 1909/2465/1804 
f 1916/2472/1811 1881/2437/1776 1880/2436/1775 1917/2473/1812 
f 1880/2436/1775 1538/2009/1463 1536/2007/1461 1917/2473/1812 
f 1908/2464/1803 1917/2473/1812 1536/2007/1461 1535/2006/1460 
f 1918/2474/1813 1919/2475/1814 1920/2476/1815 1921/2477/1816 
f 1918/2474/1813 1893/2449/1788 1892/2448/1787 1919/2475/1814 
f 1892/2448/1787 1530/2001/1455 1528/1999/1453 1919/2475/1814 
f 1920/2476/1815 1919/2475/1814 1528/1999/1453 1479/1950/1404 
f 1922/2478/1817 1923/2479/1818 1900/2456/1795 1901/2457/1796 
f 1922/2478/1817 1924/2480/1819 1925/2481/1820 1923/2479/1818 
f 1925/2481/1820 1352/1777/1284 1518/1989/1443 1923/2479/1818 
f 1900/2456/1795 1923/2479/1818 1518/1989/1443 1517/1988/1442 
f 1926/2482/1821 1927/2483/1822 1928/2484/1823 1929/2485/1824 
f 1930/2486/1825 1929/2485/1824 1928/2484/1823 1931/2487/1826 
f 1930/2486/1825 1493/1964/1418 1507/1978/1432 1929/2485/1824 
f 1926/2482/1821 1929/2485/1824 1507/1978/1432 1487/1958/1412 
f 1932/2488/1827 1933/2489/1828 1930/2486/1825 1931/2487/1826 
f 1932/2488/1827 1897/2453/1792 1896/2452/1791 1933/2489/1828 
f 1896/2452/1791 1496/1967/1421 1494/1965/1419 1933/2489/1828 
f 1930/2486/1825 1933/2489/1828 1494/1965/1419 1493/1964/1418 
f 1934/2490/1829 1935/2491/1830 1913/2469/1808 1912/2468/1807 
f 1934/2490/1829 1927/2483/1822 1926/2482/1821 1935/2491/1830 
f 1926/2482/1821 1487/1958/1412 1483/1954/1408 1935/2491/1830 
f 1483/1954/1408 1486/1957/1411 1913/2469/1808 1935/2491/1830 
f 1936/2492/1831 1937/2493/1832 1938/2494/1833 1939/2495/1834 
f 1920/2476/1815 1939/2495/1834 1938/2494/1833 1921/2477/1816 
f 1920/2476/1815 1479/1950/1404 1477/1948/1402 1939/2495/1834 
f 1936/2492/1831 1939/2495/1834 1477/1948/1402 1355/1780/1287 
f 1925/2481/1820 1924/2480/1819 1940/2496/1835 1941/2497/1836 
f 1936/2492/1831 1941/2497/1836 1940/2496/1835 1937/2493/1832 
f 1353/1778/1285 1941/2497/1836 1936/2492/1831 1355/1780/1287 
f 1353/1778/1285 1352/1777/1284 1925/2481/1820 1941/2497/1836 
f 1813/2498/1708 1942/2499/1837 1943/2500/1838 1818/2501/1713 
f 1813/2498/1708 1816/2366/1711 1944/2502/1839 1942/2499/1837 
f 1944/2502/1839 1937/2493/1832 1940/2496/1835 1942/2499/1837 
f 1940/2496/1835 1924/2480/1819 1943/2500/1838 1942/2499/1837 
f 1944/2502/1839 1816/2366/1711 1845/2363/1740 1945/2503/1840 
f 1845/2363/1740 1810/2362/1705 1946/2504/1841 1945/2503/1840 
f 1921/2477/1816 1938/2494/1833 1945/2503/1840 1946/2504/1841 
f 1944/2502/1839 1945/2503/1840 1938/2494/1833 1937/2493/1832 
f 1847/2505/1742 1947/2506/1842 1948/2507/1843 1836/2508/1731 
f 1949/2509/1844 1947/2506/1842 1847/2505/1742 1832/2510/1727 
f 1934/2490/1829 1947/2506/1842 1949/2509/1844 1927/2483/1822 
f 1934/2490/1829 1912/2468/1807 1948/2507/1843 1947/2506/1842 
f 1827/2511/1722 1825/2512/1720 1950/2513/1845 1951/2514/1846 
f 1950/2513/1845 1825/2512/1720 1824/2515/1719 1952/2516/1847 
f 1952/2516/1847 1897/2453/1792 1932/2488/1827 1950/2513/1845 
f 1951/2514/1846 1950/2513/1845 1932/2488/1827 1931/2487/1826 
f 1832/2510/1727 1829/2517/1724 1953/2518/1848 1949/2509/1844 
f 1827/2511/1722 1951/2514/1846 1953/2518/1848 1829/2517/1724 
f 1931/2487/1826 1928/2484/1823 1953/2518/1848 1951/2514/1846 
f 1949/2509/1844 1953/2518/1848 1928/2484/1823 1927/2483/1822 
f 1819/2519/1714 1954/2520/1849 1955/2521/1850 1822/2522/1717 
f 1943/2500/1838 1954/2520/1849 1819/2519/1714 1818/2501/1713 
f 1924/2480/1819 1922/2478/1817 1954/2520/1849 1943/2500/1838 
f 1922/2478/1817 1901/2457/1796 1955/2521/1850 1954/2520/1849 
f 1809/2523/1704 1956/2524/1851 1946/2504/1841 1810/2362/1705 
f 1809/2523/1704 1784/2525/1679 1957/2526/1852 1956/2524/1851 
f 1918/2474/1813 1956/2524/1851 1957/2526/1852 1893/2449/1788 
f 1946/2504/1841 1956/2524/1851 1918/2474/1813 1921/2477/1816 
f 1958/2527/1853 1959/2528/1854 1797/2529/1692 1812/2530/1707 
f 1960/2531/1855 1958/2527/1853 1812/2530/1707 1804/2532/1699 
f 1916/2472/1811 1958/2527/1853 1960/2531/1855 1881/2437/1776 
f 1916/2472/1811 1909/2465/1804 1959/2528/1854 1958/2527/1853 
f 1961/2533/1856 1962/2534/1857 1788/2310/1683 1806/2309/1701 
f 1806/2309/1701 1794/2535/1689 1963/2536/1858 1961/2533/1856 
f 1914/2470/1809 1961/2533/1856 1963/2536/1858 1887/2443/1782 
f 1962/2534/1857 1961/2533/1856 1914/2470/1809 1904/2460/1799 
f 1833/2537/1728 1964/2538/1859 1965/2539/1860 1803/2540/1698 
f 1833/2537/1728 1836/2508/1731 1948/2507/1843 1964/2538/1859 
f 1910/2466/1805 1964/2538/1859 1948/2507/1843 1912/2468/1807 
f 1910/2466/1805 1882/2438/1777 1965/2539/1860 1964/2538/1859 
f 1798/2541/1693 1966/2542/1861 1967/2543/1862 1793/2544/1688 
f 1966/2542/1861 1798/2541/1693 1797/2529/1692 1959/2528/1854 
f 1959/2528/1854 1909/2465/1804 1906/2462/1801 1966/2542/1861 
f 1967/2543/1862 1966/2542/1861 1906/2462/1801 1889/2445/1784 
f 1787/2545/1682 1968/2546/1863 1969/2547/1864 1782/2548/1677 
f 1787/2545/1682 1788/2310/1683 1962/2534/1857 1968/2546/1863 
f 1962/2534/1857 1904/2460/1799 1902/2458/1797 1968/2546/1863 
f 1969/2547/1864 1968/2546/1863 1902/2458/1797 1894/2450/1789 
f 1970/2549/1865 1952/2516/1847 1824/2515/1719 1838/2550/1733 
f 1955/2521/1850 1970/2549/1865 1838/2550/1733 1822/2522/1717 
f 1955/2521/1850 1901/2457/1796 1898/2454/1793 1970/2549/1865 
f 1952/2516/1847 1970/2549/1865 1898/2454/1793 1897/2453/1792 
f 1783/2551/1678 1971/2552/1866 1957/2526/1852 1784/2525/1679 
f 1783/2551/1678 1782/2548/1677 1969/2547/1864 1971/2552/1866 
f 1890/2446/1785 1971/2552/1866 1969/2547/1864 1894/2450/1789 
f 1957/2526/1852 1971/2552/1866 1890/2446/1785 1893/2449/1788 
f 1792/2553/1687 1972/2554/1867 1963/2536/1858 1794/2535/1689 
f 1792/2553/1687 1793/2544/1688 1967/2543/1862 1972/2554/1867 
f 1884/2440/1779 1972/2554/1867 1967/2543/1862 1889/2445/1784 
f 1884/2440/1779 1887/2443/1782 1963/2536/1858 1972/2554/1867 
f 1802/2555/1697 1973/2556/1868 1960/2531/1855 1804/2532/1699 
f 1802/2555/1697 1803/2540/1698 1965/2539/1860 1973/2556/1868 
f 1973/2556/1868 1965/2539/1860 1882/2438/1777 1878/2434/1773 
f 1960/2531/1855 1973/2556/1868 1878/2434/1773 1881/2437/1776 
f 1767/2263/23 1768/2264/1664 1774/2272/1669 1773/2271/23 
f 1765/2261/23 1750/2242/23 1732/2224/23 1665/2155/23 
f 1765/2261/23 1665/2155/23 1664/2154/23 1659/2149/23 
f 1664/2154/23 1735/2227/23 1660/2150/23 1659/2149/23 
f 1659/2149/23 1747/2239/23 1746/2238/23 1763/2259/23 
f 1765/2261/23 1659/2149/23 1763/2259/23 1974/2557/23 
f 1974/2557/23 1760/2256/23 1684/2174/23 1765/2261/23 
f 1684/2174/23 1683/2173/23 1694/2184/23 1725/2217/23 
f 1765/2261/23 1684/2174/23 1725/2217/23 1715/2207/23 
f 1765/2261/23 1715/2207/23 1714/2206/23 1773/2271/23 
f 1773/2271/23 1714/2206/23 1975/2558/23 1674/2164/23 
f 1975/2558/23 1712/2204/23 1674/2164/23 
f 1674/2164/23 1673/2163/23 1649/2139/23 1773/2271/23 
f 1773/2271/23 1649/2139/23 1648/2138/23 1646/2136/23 
f 1648/2138/23 1740/2232/23 1646/2136/23 
f 1773/2271/23 1646/2136/23 1645/2135/23 1695/2185/23 
f 1645/2135/23 1696/2186/23 1695/2185/23 
f 1773/2271/23 1695/2185/23 1767/2263/23 
f 1720/2212/1627 1739/2231/1643 1976/2559/1869 1736/2228/1640 
f 1977/2560/1870 1744/2236/1647 1775/2273/1670 1978/2561/1871 
f 1725/2217/23 1724/2216/1631 1716/2208/1623 1715/2207/23 
f 1667/2157/1584 1640/2130/1565 1672/2162/1589 1682/2172/1597 
f 1757/2251/1657 1777/2275/1672 1978/2561/1871 1775/2273/1670 
f 1692/2182/1605 1736/2228/1640 1976/2559/1869 1979/2562/1872 
f 1705/2195/1615 1727/2219/1633 1980/2563/1873 1706/2196/1616 
f 1642/2132/1567 1981/2564/1874 1671/2161/1588 1639/2129/1564 
f 1653/2143/1574 1658/2148/1579 1982/2565/1875 1772/2270/1668 
f 1761/2257/1660 1760/2256/23 1974/2557/23 1983/2566/1876 
f 1704/2194/1614 1707/2197/1617 1754/2248/1654 1700/2190/1610 
f 1689/2179/1602 1688/2178/1601 1984/2567/1877 1985/2568/1878 
f 1986/2569/1879 1769/2267/1665 1654/2144/1575 1771/2269/1667 
f 1692/2182/1605 1979/2562/1872 1984/2567/1877 1688/2178/1601 
f 1689/2179/1602 1985/2568/1878 1778/2570/1673 1756/2254/1656 
f 1738/2230/1642 1719/2211/1626 1710/2200/1620 1723/2215/1630 
f 1755/2249/1655 1987/2571/1880 1752/2244/1652 1701/2191/1611 
f 1679/2169/1594 1988/2572/1881 1722/2573/1629 1709/2203/1619 
f 1726/2218/1632 1730/2222/1636 1989/2574/1882 1990/2575/1883 
f 1981/2576/1874 1642/2245/1567 1752/2244/1652 1987/2571/1880 
f 1980/2563/1873 1727/2219/1633 1726/2218/1632 1990/2575/1883 
f 1991/2577/1884 1713/2205/1622 1712/2204/23 1975/2558/23 
f 1983/2566/1876 1974/2557/23 1763/2259/23 1762/2258/1661 
f 1992/2578/1885 1678/2168/1593 1668/2158/1585 1681/2171/1596 
f 1989/2574/1882 1730/2222/1636 1769/2265/1665 1986/2579/1879 
f 1676/2166/1591 1650/2140/1571 1649/2139/23 1673/2163/23 
f 1744/2236/1647 1977/2560/1870 1993/2580/1886 1742/2234/1645 
f 1988/2572/1881 1679/2169/1594 1678/2168/1593 1992/2578/1885 
f 1982/2565/1875 1658/2148/1579 1742/2234/1645 1993/2580/1886 
f 1991/2577/1884 1975/2558/23 1714/2206/23 1717/2209/1624 
f 1766/2262/1663 1774/2272/1669 1994/2581/1887 1995/2582/1888 
f 1706/2196/1616 1980/2563/1873 1995/2583/1888 1994/2584/1887 
f 1996/2585/1889 1994/2581/1887 1774/2272/1669 1768/2264/1664 
f 1994/2584/1887 1996/2586/1889 1707/2197/1617 1706/2196/1616 
f 1997/2587/1890 1998/2588/1891 1761/2257/1660 1983/2566/1876 
f 1778/2570/1673 1985/2568/1878 1998/2589/1891 1997/2590/1890 
f 1762/2258/1661 1999/2591/1892 1997/2587/1890 1983/2566/1876 
f 1777/2275/1672 1778/2276/1673 1997/2592/1890 1999/2593/1892 
f 2000/2594/1893 2001/2595/1894 1661/2151/1580 1734/2226/1639 
f 2000/2596/1893 1772/2270/1668 1982/2565/1875 2001/2597/1894 
f 1734/2226/1639 1663/2153/1582 2002/2598/1895 2000/2594/1893 
f 1771/2269/1667 1772/2270/1668 2000/2596/1893 2002/2599/1895 
f 2003/2600/1896 1996/2585/1889 1768/2264/1664 1698/2188/1608 
f 2003/2601/1896 1754/2248/1654 1707/2197/1617 1996/2586/1889 
f 2004/2602/1897 2003/2600/1896 1698/2188/1608 1697/2187/1607 
f 1755/2249/1655 1754/2248/1654 2003/2601/1896 2004/2603/1897 
f 1751/2243/1651 2005/2604/1898 2006/2605/1899 1733/2225/1638 
f 2006/2606/1899 2005/2607/1898 1990/2575/1883 1989/2574/1882 
f 1995/2582/1888 2005/2604/1898 1751/2243/1651 1766/2262/1663 
f 2005/2607/1898 1995/2583/1888 1980/2563/1873 1990/2575/1883 
f 2002/2598/1895 1663/2153/1582 1666/2156/1583 2007/2608/1900 
f 1986/2569/1879 1771/2269/1667 2002/2599/1895 2007/2609/1900 
f 2007/2608/1900 1666/2156/1583 1733/2225/1638 2006/2605/1899 
f 1989/2574/1882 1986/2579/1879 2007/2610/1900 2006/2606/1899 
f 2008/2611/1901 1748/2240/1649 1662/2152/1581 2009/2612/1902 
f 1993/2580/1886 1977/2560/1870 2008/2613/1901 2009/2614/1902 
f 1662/2152/1581 1661/2151/1580 2001/2595/1894 2009/2612/1902 
f 1993/2580/1886 2009/2614/1902 2001/2597/1894 1982/2565/1875 
f 1749/2241/1650 2010/2615/1903 1999/2591/1892 1762/2258/1661 
f 1999/2593/1892 2010/2616/1903 1978/2561/1871 1777/2275/1672 
f 1748/2240/1649 2008/2611/1901 2010/2615/1903 1749/2241/1650 
f 2010/2616/1903 2008/2613/1901 1977/2560/1870 1978/2561/1871 
f 1672/2162/1589 1671/2161/1588 2011/2617/1904 2012/2618/1905 
f 1647/2137/1570 2012/2619/1905 2011/2620/1904 1741/2233/1644 
f 2013/2621/1906 2011/2617/1904 1671/2161/1588 1981/2564/1874 
f 1643/2133/1568 1741/2233/1644 2011/2620/1904 2013/2622/1906 
f 1985/2568/1878 1984/2567/1877 2014/2623/1907 1998/2589/1891 
f 1998/2588/1891 2014/2624/1907 1685/2175/1598 1761/2257/1660 
f 1979/2562/1872 2015/2625/1908 2014/2623/1907 1984/2567/1877 
f 2015/2626/1908 1686/2176/1599 1685/2175/1598 2014/2624/1907 
f 1723/2215/1630 1722/2214/1629 2016/2627/1909 2017/2628/1910 
f 2017/2629/1910 2016/2630/1909 1991/2577/1884 1717/2209/1624 
f 1722/2573/1629 1988/2572/1881 2018/2631/1911 2016/2632/1909 
f 2018/2633/1911 1713/2205/1622 1991/2577/1884 2016/2630/1909 
f 1987/2571/1880 2019/2634/1912 2013/2635/1906 1981/2576/1874 
f 2013/2622/1906 2019/2636/1912 1644/2134/1569 1643/2133/1568 
f 2004/2603/1897 2019/2634/1912 1987/2571/1880 1755/2249/1655 
f 2004/2602/1897 1697/2187/1607 1644/2134/1569 2019/2636/1912 
f 1682/2172/1597 2020/2637/1913 2021/2638/1914 1681/2171/1596 
f 2021/2639/1914 2020/2640/1913 1650/2140/1571 1676/2166/1591 
f 1682/2172/1597 1672/2162/1589 2012/2618/1905 2020/2637/1913 
f 2012/2619/1905 1647/2137/1570 1650/2140/1571 2020/2640/1913 
f 1988/2572/1881 1992/2578/1885 2022/2641/1915 2018/2631/1911 
f 2022/2642/1915 1675/2165/1590 1713/2205/1622 2018/2633/1911 
f 2021/2638/1914 2022/2641/1915 1992/2578/1885 1681/2171/1596 
f 2022/2642/1915 2021/2639/1914 1676/2166/1591 1675/2165/1590 
f 1738/2230/1642 2023/2643/1916 2024/2644/1917 1739/2231/1643 
f 1716/2208/1623 1724/2216/1631 2024/2645/1917 2023/2646/1916 
f 1723/2215/1630 2017/2628/1910 2023/2643/1916 1738/2230/1642 
f 2023/2646/1916 2017/2629/1910 1717/2209/1624 1716/2208/1623 
f 1979/2562/1872 1976/2559/1869 2025/2647/1918 2015/2625/1908 
f 2015/2626/1908 2025/2648/1918 1693/2183/1606 1686/2176/1599 
f 1976/2559/1869 1739/2231/1643 2024/2644/1917 2025/2647/1918 
f 2025/2648/1918 2024/2645/1917 1724/2216/1631 1693/2183/1606 
f 1740/2232/23 1648/2138/23 1647/2137/1570 1741/2233/1644 
s off
f 2026/2649/1919 2027/2650/1919 2028/2651/1919 2029/2652/1919 
f 2030/2653/1920 2031/2654/1920 2032/2655/1920 2033/2656/1920 
f 2031/2657/1921 2030/2658/1921 2034/2659/1921 2035/2660/1921 
f 2028/2661/23 2027/2662/23 2034/2663/23 2030/2664/23 
f 2028/2661/23 2030/2664/23 2033/2665/23 2036/2666/23 
f 2036/2667/1922 2037/2668/1922 2029/2652/1922 2028/2651/1922 
f 2033/2656/1923 2032/2655/1923 2037/2669/1923 2036/2670/1923 
f 2035/2671/1924 2034/2672/1924 2027/2673/1924 2026/2674/1924 
f 2037/2675/1925 2032/2676/1925 2031/2677/1925 2029/2678/1925 
f 2029/2678/1925 2031/2677/1925 2035/2679/1925 2026/2680/1925 
f 2038/2681/1926 2039/2682/1926 2040/2683/1926 2041/2684/1926 
f 2042/2685/1927 2043/2686/1927 2044/2687/1927 2045/2688/1927 
f 2043/2689/1928 2042/2690/1928 2046/2691/1928 2047/2692/1928 
f 2046/2693/23 2042/2694/23 2045/2695/23 2039/2696/23 
f 2039/2696/23 2045/2695/23 2048/2697/23 2040/2698/23 
f 2040/2699/1929 2048/2700/1929 2049/2701/1929 2041/2702/1929 
f 2048/2700/1930 2045/2703/1930 2044/2704/1930 2049/2701/1930 
f 2047/2692/1931 2046/2691/1931 2039/2705/1931 2038/2706/1931 
f 2038/2707/1932 2041/2708/1932 2049/2709/1932 2044/2710/1932 
f 2038/2707/1932 2044/2710/1932 2043/2711/1932 2047/2712/1932 
f 2050/2713/1933 2051/2714/1933 2052/2715/1933 2053/2716/1933 
f 2054/2717/1934 2055/2718/1934 2056/2719/1934 2057/2720/1934 
f 2055/2721/1935 2054/2722/1935 2058/2723/1935 2059/2724/1935 
f 2052/2725/23 2058/2726/23 2054/2727/23 2053/2728/23 
f 2053/2728/23 2054/2727/23 2057/2729/23 2060/2730/23 
f 2060/2731/1936 2061/2732/1936 2050/2733/1936 2053/2734/1936 
f 2060/2731/1937 2057/2735/1937 2056/2736/1937 2061/2732/1937 
f 2052/2715/1938 2051/2714/1938 2059/2737/1938 2058/2738/1938 
f 2050/2739/1939 2061/2740/1939 2056/2741/1939 2055/2742/1939 
f 2050/2739/1939 2055/2742/1939 2059/2743/1939 2051/2744/1939 
f 2062/2745/1940 2063/2746/1940 2064/2747/1940 2065/2748/1940 
f 2066/2749/1941 2067/2750/1941 2068/2751/1941 2069/2752/1941 
f 2070/2753/1942 2071/2754/1942 2066/2749/1942 2069/2752/1942 
f 2063/2755/23 2062/2756/23 2070/2757/23 2069/2758/23 
f 2063/2755/23 2069/2758/23 2068/2759/23 2072/2760/23 
f 2073/2761/1943 2064/2747/1943 2063/2746/1943 2072/2762/1943 
f 2072/2763/1944 2068/2764/1944 2067/2765/1944 2073/2766/1944 
f 2071/2767/1945 2070/2768/1945 2062/2769/1945 2065/2770/1945 
f 2064/2771/1946 2073/2772/1946 2067/2773/1946 2065/2774/1946 
f 2065/2774/1946 2067/2773/1946 2066/2775/1946 2071/2776/1946 
f 2074/2777/1947 2075/2778/1947 2076/2779/1947 2077/2780/1947 
f 2078/2781/1948 2079/2782/1948 2080/2783/1948 2081/2784/1948 
f 2080/2785/1949 2082/2786/1949 2083/2787/1949 2081/2788/1949 
f 2074/2789/23 2082/2790/23 2080/2791/23 2075/2792/23 
f 2075/2792/23 2080/2791/23 2079/2793/23 2084/2794/23 
f 2084/2795/1950 2085/2796/1950 2076/2779/1950 2075/2778/1950 
f 2084/2797/1951 2079/2798/1951 2078/2799/1951 2085/2800/1951 
f 2083/2787/1952 2082/2786/1952 2074/2801/1952 2077/2802/1952 
f 2085/2803/1953 2078/2804/1953 2081/2805/1953 2076/2806/1953 
f 2076/2806/1953 2081/2805/1953 2083/2807/1953 2077/2808/1953 
f 2086/2809/1954 2087/2810/1954 2088/2811/1954 2089/2812/1954 
f 2090/2813/1955 2091/2814/1955 2092/2815/1955 2093/2816/1955 
f 2093/2817/1956 2092/2818/1956 2094/2819/1956 2095/2820/1956 
f 2088/2821/23 2094/2822/23 2092/2823/23 2091/2824/23 
f 2088/2821/23 2091/2824/23 2096/2825/23 2089/2826/23 
f 2089/2827/1957 2096/2828/1957 2097/2829/1957 2086/2830/1957 
f 2091/2814/1958 2090/2813/1958 2097/2831/1958 2096/2832/1958 
f 2087/2810/1959 2095/2833/1959 2094/2834/1959 2088/2811/1959 
f 2097/2835/1960 2090/2836/1960 2093/2837/1960 2086/2838/1960 
f 2086/2838/1960 2093/2837/1960 2095/2839/1960 2087/2840/1960 
f 2098/2841/1961 2099/2842/1961 2100/2843/1961 2101/2844/1961 
f 2102/2845/1962 2103/2846/1962 2104/2847/1962 2105/2848/1962 
f 2105/2849/1963 2106/2850/1963 2107/2851/1963 2102/2852/1963 
f 2100/2853/23 2099/2854/23 2106/2855/23 2104/2856/23 
f 2106/2855/23 2105/2857/23 2104/2856/23 
f 2100/2853/23 2104/2856/23 2108/2858/23 
f 2109/2859/1964 2101/2860/1964 2100/2861/1964 2108/2862/1964 
f 2109/2859/1965 2108/2862/1965 2104/2863/1965 2103/2864/1965 
f 2107/2865/1966 2106/2866/1966 2099/2842/1966 2098/2841/1966 
f 2098/2867/1967 2101/2868/1967 2109/2869/1967 2103/2870/1967 
f 2103/2870/1967 2102/2871/1967 2107/2872/1967 2098/2867/1967 
f 2110/2873/1968 2111/2874/1968 2112/2875/1968 2113/2876/1968 
f 2114/2877/1969 2115/2878/1969 2116/2879/1969 2117/2880/1969 
f 2118/2881/1970 2119/2882/1970 2115/2878/1970 2114/2877/1970 
f 2110/2883/23 2118/2884/23 2114/2885/23 2117/2886/23 
f 2110/2883/23 2117/2886/23 2120/2887/23 2111/2888/23 
f 2120/2889/1971 2121/2890/1971 2112/2875/1971 2111/2874/1971 
f 2121/2891/1972 2120/2892/1972 2117/2893/1972 2116/2894/1972 
f 2118/2895/1973 2110/2896/1973 2113/2897/1973 2119/2898/1973 
f 2112/2899/1974 2121/2900/1974 2116/2901/1974 2119/2902/1974 
f 2116/2901/1974 2115/2903/1974 2119/2902/1974 
f 2113/2904/1974 2112/2899/1974 2119/2902/1974 
f 2122/2905/1975 2123/2906/1975 2124/2907/1975 2125/2908/1975 
f 2126/2909/1976 2127/2910/1976 2128/2911/1976 2129/2912/1976 
f 2129/2913/1977 2128/2914/1977 2130/2915/1977 2131/2916/1977 
f 2125/2917/23 2124/2918/23 2130/2919/23 2128/2920/23 
f 2125/2917/23 2128/2920/23 2127/2921/23 2132/2922/23 
f 2125/2908/1978 2132/2923/1978 2133/2924/1978 2122/2905/1978 
f 2126/2909/1979 2133/2925/1979 2132/2926/1979 2127/2910/1979 
f 2130/2927/1980 2124/2928/1980 2123/2929/1980 2131/2930/1980 
f 2123/2931/1981 2122/2932/1981 2133/2933/1981 2129/2934/1981 
f 2133/2933/1981 2126/2935/1981 2129/2934/1981 
f 2123/2931/1981 2129/2934/1981 2131/2936/1981 
f 2134/2937/1982 2135/2938/1982 2136/2939/1982 2137/2940/1982 
f 2138/2941/1983 2139/2942/1983 2140/2943/1983 2141/2944/1983 
f 2142/2945/1984 2139/2946/1984 2138/2947/1984 2143/2948/1984 
f 2143/2949/23 2138/2950/23 2141/2951/23 2137/2952/23 
f 2137/2952/23 2141/2951/23 2144/2953/23 2134/2954/23 
f 2144/2955/1985 2145/2956/1985 2135/2957/1985 2134/2958/1985 
f 2141/2959/1986 2140/2960/1986 2145/2956/1986 2144/2955/1986 
f 2136/2961/1987 2142/2945/1987 2143/2948/1987 2137/2962/1987 
f 2136/2963/1988 2135/2964/1988 2145/2965/1988 2140/2966/1988 
f 2136/2963/1988 2140/2966/1988 2139/2967/1988 2142/2968/1988 
f 2146/2969/1989 2147/2970/1989 2148/2971/1989 2149/2972/1989 
f 2150/2973/1990 2151/2974/1990 2152/2975/1990 2153/2976/1990 
f 2154/2977/1991 2151/2978/1991 2150/2979/1991 2155/2980/1991 
f 2146/2981/23 2149/2982/23 2155/2983/23 2153/2984/23 
f 2155/2983/23 2150/2985/23 2153/2984/23 
f 2146/2981/23 2153/2984/23 2156/2986/23 
f 2157/2987/1992 2147/2988/1992 2146/2969/1992 2156/2989/1992 
f 2152/2990/1993 2157/2991/1993 2156/2992/1993 2153/2993/1993 
f 2149/2994/1994 2148/2995/1994 2154/2977/1994 2155/2980/1994 
f 2147/2996/1995 2157/2997/1995 2152/2998/1995 2154/2999/1995 
f 2152/2998/1995 2151/3000/1995 2154/2999/1995 
f 2148/3001/1995 2147/2996/1995 2154/2999/1995 
f 2158/3002/1996 2159/3003/1996 2160/3004/1996 2161/3005/1996 
f 2162/3006/1997 2163/3007/1997 2164/3008/1997 2165/3009/1997 
f 2166/3010/1998 2167/3011/1998 2165/3012/1998 2164/3013/1998 
f 2161/3014/23 2166/3015/23 2164/3016/23 2158/3017/23 
f 2158/3017/23 2164/3016/23 2163/3018/23 2168/3019/23 
f 2169/3020/1999 2159/3021/1999 2158/3022/1999 2168/3023/1999 
f 2163/3007/2000 2162/3006/2000 2169/3024/2000 2168/3025/2000 
f 2161/3005/2001 2160/3004/2001 2167/3026/2001 2166/3027/2001 
f 2160/3028/2002 2159/3029/2002 2169/3030/2002 2165/3031/2002 
f 2169/3030/2002 2162/3032/2002 2165/3031/2002 
f 2160/3028/2002 2165/3031/2002 2167/3033/2002 
f 2170/3034/2003 2171/3035/2003 2172/3036/2003 2173/3037/2003 
f 2174/3038/2003 2170/3034/2003 2173/3037/2003 2175/3039/2003 
f 2176/3040/2004 2177/3041/2004 2178/3042/2004 2179/3043/2004 
f 2180/3044/2004 2176/3040/2004 2179/3043/2004 2181/3045/2004 
f 2179/3046/2005 2182/3047/2005 2183/3048/2005 2184/3049/2005 
f 2181/3050/2005 2179/3046/2005 2184/3049/2005 2185/3051/2005 
f 2172/3052/2006 2171/3053/2006 2186/3054/2006 2187/3055/2006 
f 2186/3054/2006 2188/3056/2006 2183/3057/2006 2187/3055/2006 
f 2183/3057/2006 2182/3058/2006 2178/3059/2006 2177/3060/2006 
f 2187/3055/2006 2183/3057/2006 2177/3060/2006 2189/3061/2006 
f 2187/3055/2006 2189/3061/2006 2190/3062/2006 2191/3063/2006 
f 2175/3064/2007 2173/3065/2007 2187/3066/2007 2191/3067/2007 
f 2175/3064/2007 2191/3067/2007 2192/3068/2007 2193/3069/2007 
f 2192/3068/2008 2190/3070/2008 2189/3071/2008 2176/3072/2008 
f 2193/3069/2008 2192/3068/2008 2176/3072/2008 2180/3073/2008 
f 2185/3051/2009 2184/3049/2009 2188/3074/2009 2186/3075/2009 
f 2185/3051/2009 2186/3075/2009 2170/3076/2009 2174/3077/2009 
f 2186/3054/2010 2171/3053/2010 2170/3078/2010 
f 2172/3036/2011 2187/3079/2011 2173/3037/2011 
f 2191/3067/2012 2190/3080/2012 2192/3068/2012 
f 2189/3071/2013 2177/3081/2013 2176/3072/2013 
f 2178/3059/2014 2182/3058/2014 2179/3082/2014 
f 2183/3057/2015 2188/3056/2015 2184/3083/2015 
f 2174/3084/2016 2175/3085/2016 2193/3086/2016 2180/3087/2016 
f 2174/3084/2016 2180/3087/2016 2181/3088/2016 2185/3089/2016 
f 2194/3090/2017 2195/3091/2017 2196/3092/2017 2197/3093/2017 
f 2196/3092/2017 2198/3094/2017 2197/3093/2017 
f 2199/3095/2017 2194/3090/2017 2197/3093/2017 
f 2200/3096/2018 2201/3097/2018 2202/3098/2018 2203/3099/2018 
f 2204/3100/2018 2203/3099/2018 2202/3098/2018 2205/3101/2018 
f 2205/3102/2019 2202/3103/2019 2206/3104/2019 2207/3105/2019 
f 2206/3104/2019 2208/3106/2019 2209/3107/2019 2207/3105/2019 
f 2196/3108/2020 2195/3109/2020 2210/3110/2020 2208/3111/2020 
f 2210/3110/2020 2211/3112/2020 2208/3111/2020 
f 2212/3113/2020 2196/3108/2020 2208/3111/2020 2201/3114/2020 
f 2208/3111/2020 2206/3115/2020 2201/3114/2020 
f 2201/3114/2020 2200/3116/2020 2213/3117/2020 2212/3113/2020 
f 2213/3117/2020 2214/3118/2020 2215/3119/2020 2212/3113/2020 
f 2198/3120/2021 2212/3121/2021 2215/3122/2021 2216/3123/2021 
f 2215/3122/2021 2217/3124/2021 2216/3123/2021 
f 2197/3125/2021 2198/3120/2021 2216/3123/2021 
f 2216/3123/2022 2217/3124/2022 2214/3126/2022 2203/3127/2022 
f 2214/3126/2022 2213/3128/2022 2203/3127/2022 
f 2216/3123/2022 2203/3127/2022 2204/3129/2022 
f 2207/3105/2023 2209/3107/2023 2211/3130/2023 2194/3131/2023 
f 2211/3130/2023 2210/3132/2023 2194/3131/2023 
f 2207/3105/2023 2194/3131/2023 2199/3133/2023 
f 2210/3132/2024 2195/3134/2024 2194/3131/2024 
f 2196/3092/2025 2212/3135/2025 2198/3094/2025 
f 2215/3119/2026 2214/3118/2026 2217/3136/2026 
f 2213/3117/2027 2200/3116/2027 2203/3137/2027 
f 2201/3138/2028 2206/3104/2028 2202/3103/2028 
f 2208/3106/2029 2211/3130/2029 2209/3107/2029 
f 2199/3139/2030 2197/3140/2030 2216/3141/2030 2204/3142/2030 
f 2199/3139/2030 2204/3142/2030 2205/3143/2030 2207/3144/2030 
f 2218/3145/2031 2219/3146/2031 2220/3147/2031 2221/3148/2031 
f 2221/3148/2031 2222/3149/2031 2223/3150/2031 2218/3145/2031 
f 2224/3151/2032 2225/3152/2032 2226/3153/2032 2227/3154/2032 
f 2227/3154/2032 2226/3153/2032 2228/3155/2032 2229/3156/2032 
f 2229/3157/2033 2228/3158/2033 2230/3159/2033 2231/3160/2033 
f 2229/3157/2033 2231/3160/2033 2232/3161/2033 2233/3162/2033 
f 2221/3163/2034 2220/3164/2034 2234/3165/2034 2235/3166/2034 
f 2235/3166/2034 2234/3165/2034 2236/3167/2034 2230/3168/2034 
f 2236/3167/2034 2231/3169/2034 2230/3168/2034 
f 2230/3168/2034 2226/3170/2034 2225/3171/2034 2235/3166/2034 
f 2225/3171/2034 2237/3172/2034 2238/3173/2034 2235/3166/2034 
f 2235/3166/2034 2238/3173/2034 2239/3174/2034 
f 2223/3175/2035 2222/3176/2035 2235/3177/2035 2240/3178/2035 
f 2235/3177/2035 2239/3179/2035 2240/3178/2035 
f 2223/3175/2035 2240/3178/2035 2241/3180/2035 
f 2240/3178/2036 2238/3181/2036 2237/3182/2036 2241/3180/2036 
f 2241/3180/2036 2237/3182/2036 2224/3183/2036 2227/3184/2036 
f 2232/3161/2037 2236/3185/2037 2234/3186/2037 2218/3187/2037 
f 2234/3186/2037 2219/3188/2037 2218/3187/2037 
f 2233/3162/2037 2232/3161/2037 2218/3187/2037 
f 2234/3189/2038 2220/3147/2038 2219/3146/2038 
f 2221/3148/2039 2235/3190/2039 2222/3149/2039 
f 2239/3179/2040 2238/3181/2040 2240/3178/2040 
f 2237/3172/2041 2225/3171/2041 2224/3191/2041 
f 2226/3170/2042 2230/3168/2042 2228/3192/2042 
f 2231/3160/2043 2236/3185/2043 2232/3161/2043 
f 2223/3193/2044 2241/3194/2044 2227/3195/2044 2229/3196/2044 
f 2223/3193/2044 2229/3196/2044 2233/3197/2044 2218/3198/2044 
f 2242/3199/2003 2243/3200/2003 2244/3201/2003 2245/3202/2003 
f 2242/3199/2003 2245/3202/2003 2246/3203/2003 2247/3204/2003 
f 2248/3205/2004 2249/3206/2004 2250/3207/2004 2251/3208/2004 
f 2250/3207/2004 2252/3209/2004 2251/3208/2004 
f 2253/3210/2004 2248/3205/2004 2251/3208/2004 
f 2251/3211/2005 2252/3212/2005 2254/3213/2005 2255/3214/2005 
f 2251/3211/2005 2255/3214/2005 2256/3215/2005 2257/3216/2005 
f 2258/3217/2006 2244/3218/2006 2243/3219/2006 2259/3220/2006 
f 2259/3220/2006 2260/3221/2006 2255/3222/2006 2254/3223/2006 
f 2259/3220/2006 2254/3223/2006 2250/3224/2006 2261/3225/2006 
f 2250/3224/2006 2249/3226/2006 2261/3225/2006 
f 2261/3225/2006 2262/3227/2006 2263/3228/2006 2259/3220/2006 
f 2258/3217/2006 2259/3220/2006 2263/3228/2006 
f 2245/3229/2007 2258/3230/2007 2263/3231/2007 2264/3232/2007 
f 2245/3229/2007 2264/3232/2007 2265/3233/2007 2246/3234/2007 
f 2264/3232/2008 2262/3235/2008 2261/3236/2008 2248/3237/2008 
f 2264/3232/2008 2248/3237/2008 2253/3238/2008 2265/3233/2008 
f 2257/3216/2009 2256/3215/2009 2260/3239/2009 2242/3240/2009 
f 2260/3239/2009 2259/3241/2009 2242/3240/2009 
f 2257/3216/2009 2242/3240/2009 2247/3242/2009 
f 2259/3220/2010 2243/3219/2010 2242/3243/2010 
f 2244/3201/2011 2258/3244/2011 2245/3202/2011 
f 2263/3231/2045 2262/3245/2045 2264/3232/2045 
f 2261/3236/2013 2249/3246/2013 2248/3237/2013 
f 2250/3224/2014 2254/3223/2014 2252/3247/2014 
f 2255/3222/2015 2260/3221/2015 2256/3248/2015 
f 2246/3249/2016 2265/3250/2016 2253/3251/2016 2257/3252/2016 
f 2253/3251/2016 2251/3253/2016 2257/3252/2016 
f 2247/3254/2016 2246/3249/2016 2257/3252/2016 
f 2266/3255/2017 2267/3256/2017 2268/3257/2017 2269/3258/2017 
f 2266/3255/2017 2269/3258/2017 2270/3259/2017 2271/3260/2017 
f 2272/3261/2018 2273/3262/2018 2274/3263/2018 2275/3264/2018 
f 2272/3261/2018 2275/3264/2018 2276/3265/2018 2277/3266/2018 
f 2276/3267/2019 2275/3268/2019 2278/3269/2019 2279/3270/2019 
f 2278/3269/2019 2280/3271/2019 2279/3270/2019 
f 2276/3267/2019 2279/3270/2019 2281/3272/2019 
f 2267/3273/2020 2282/3274/2020 2283/3275/2020 2268/3276/2020 
f 2283/3275/2020 2280/3277/2020 2278/3278/2020 2274/3279/2020 
f 2268/3276/2020 2283/3275/2020 2274/3279/2020 2284/3280/2020 
f 2284/3280/2020 2274/3279/2020 2273/3281/2020 2285/3282/2020 
f 2285/3282/2020 2286/3283/2020 2287/3284/2020 2284/3280/2020 
f 2269/3285/2021 2284/3286/2021 2287/3287/2021 2288/3288/2021 
f 2269/3285/2021 2288/3288/2021 2289/3289/2021 2270/3290/2021 
f 2289/3289/2022 2288/3288/2022 2286/3291/2022 2272/3292/2022 
f 2286/3291/2022 2285/3293/2022 2272/3292/2022 
f 2289/3289/2022 2272/3292/2022 2277/3294/2022 
f 2281/3272/2023 2279/3270/2023 2283/3295/2023 2266/3296/2023 
f 2283/3295/2023 2282/3297/2023 2266/3296/2023 
f 2281/3272/2023 2266/3296/2023 2271/3298/2023 
f 2282/3297/2024 2267/3299/2024 2266/3296/2024 
f 2268/3257/2025 2284/3300/2025 2269/3258/2025 
f 2287/3284/2026 2286/3283/2026 2288/3301/2026 
f 2285/3282/2027 2273/3281/2027 2272/3302/2027 
f 2274/3303/2028 2278/3269/2028 2275/3268/2028 
f 2280/3271/2029 2283/3295/2029 2279/3270/2029 
f 2270/3304/2030 2289/3305/2030 2277/3306/2030 2271/3307/2030 
f 2271/3307/2030 2277/3306/2030 2276/3308/2030 2281/3309/2030 
f 2290/3310/2017 2291/3311/2017 2292/3312/2017 2293/3313/2017 
f 2292/3312/2017 2294/3314/2017 2293/3313/2017 
f 2295/3315/2017 2290/3310/2017 2293/3313/2017 
f 2296/3316/2018 2297/3317/2018 2298/3318/2018 2299/3319/2018 
f 2298/3318/2018 2300/3320/2018 2299/3319/2018 
f 2301/3321/2018 2296/3316/2018 2299/3319/2018 
f 2299/3322/2019 2300/3323/2019 2302/3324/2019 2303/3325/2019 
f 2302/3324/2019 2304/3326/2019 2303/3325/2019 
f 2299/3322/2019 2303/3325/2019 2305/3327/2019 
f 2306/3328/2020 2292/3329/2020 2291/3330/2020 2307/3331/2020 
f 2291/3330/2020 2308/3332/2020 2307/3331/2020 
f 2307/3331/2020 2304/3333/2020 2302/3334/2020 2306/3328/2020 
f 2302/3334/2020 2298/3335/2020 2297/3336/2020 2306/3328/2020 
f 2297/3336/2020 2309/3337/2020 2310/3338/2020 2306/3328/2020 
f 2306/3328/2020 2310/3338/2020 2311/3339/2020 
f 2294/3340/2021 2306/3341/2021 2311/3342/2021 2312/3343/2021 
f 2311/3342/2021 2313/3344/2021 2312/3343/2021 
f 2293/3345/2021 2294/3340/2021 2312/3343/2021 
f 2312/3343/2022 2313/3344/2022 2310/3346/2022 2296/3347/2022 
f 2310/3346/2022 2309/3348/2022 2296/3347/2022 
f 2312/3343/2022 2296/3347/2022 2301/3349/2022 
f 2305/3327/2023 2303/3325/2023 2307/3350/2023 2308/3351/2023 
f 2305/3327/2023 2308/3351/2023 2290/3352/2023 2295/3353/2023 
f 2308/3351/2024 2291/3354/2024 2290/3352/2024 
f 2292/3312/2025 2306/3355/2025 2294/3314/2025 
f 2311/3339/2026 2310/3338/2026 2313/3356/2026 
f 2309/3337/2027 2297/3336/2027 2296/3357/2027 
f 2298/3358/2028 2302/3324/2028 2300/3323/2028 
f 2304/3326/2029 2307/3350/2029 2303/3325/2029 
f 2293/3359/2030 2312/3360/2030 2301/3361/2030 2295/3362/2030 
f 2295/3362/2030 2301/3361/2030 2299/3363/2030 2305/3364/2030 
f 2314/3365/2003 2315/3366/2003 2316/3367/2003 2317/3368/2003 
f 2316/3367/2003 2318/3369/2003 2319/3370/2003 2317/3368/2003 
f 2320/3371/2004 2321/3372/2004 2322/3373/2004 2323/3374/2004 
f 2320/3371/2004 2323/3374/2004 2324/3375/2004 2325/3376/2004 
f 2323/3377/2005 2326/3378/2005 2327/3379/2005 2328/3380/2005 
f 2323/3377/2005 2328/3380/2005 2329/3381/2005 2324/3382/2005 
f 2330/3383/2006 2318/3384/2006 2316/3385/2006 2327/3386/2006 
f 2316/3385/2006 2331/3387/2006 2332/3388/2006 2327/3386/2006 
f 2330/3383/2006 2327/3386/2006 2326/3389/2006 2322/3390/2006 
f 2330/3383/2006 2322/3390/2006 2321/3391/2006 2333/3392/2006 
f 2334/3393/2006 2335/3394/2006 2333/3392/2006 2321/3391/2006 
f 2319/3395/2007 2330/3396/2007 2333/3397/2007 2317/3398/2007 
f 2317/3398/2007 2333/3397/2007 2336/3399/2007 2337/3400/2007 
f 2334/3401/2008 2320/3402/2008 2325/3403/2008 2335/3404/2008 
f 2336/3399/2008 2335/3404/2008 2325/3403/2008 2337/3400/2008 
f 2329/3381/2009 2328/3380/2009 2332/3405/2009 2315/3406/2009 
f 2332/3405/2009 2331/3407/2009 2315/3406/2009 
f 2329/3381/2009 2315/3406/2009 2314/3408/2009 
f 2331/3387/2010 2316/3385/2010 2315/3409/2010 
f 2318/3369/2011 2330/3410/2011 2319/3370/2011 
f 2333/3397/2012 2335/3404/2012 2336/3399/2012 
f 2334/3401/2013 2321/3411/2013 2320/3402/2013 
f 2322/3390/2014 2326/3389/2014 2323/3412/2014 
f 2327/3386/2015 2332/3388/2015 2328/3413/2015 
f 2337/3414/2016 2325/3415/2016 2324/3416/2016 2317/3417/2016 
f 2317/3417/2016 2324/3416/2016 2329/3418/2016 2314/3419/2016 
f 2338/3420/2046 2339/3421/2046 2340/3422/2046 2341/3423/2046 
f 2340/3422/2046 2342/3424/2046 2341/3423/2046 
f 2338/3420/2046 2341/3423/2046 2343/3425/2046 
f 2344/3426/2047 2345/3427/2047 2346/3428/2047 2347/3429/2047 
f 2347/3429/2047 2346/3428/2047 2348/3430/2047 2349/3431/2047 
f 2350/3432/2048 2351/3433/2048 2352/3434/2048 2353/3435/2048 
f 2344/3436/2048 2350/3432/2048 2353/3435/2048 2345/3437/2048 
f 2354/3438/2049 2355/3439/2049 2356/3440/2049 2346/3441/2049 
f 2357/3442/2049 2348/3443/2049 2346/3441/2049 2356/3440/2049 
f 2346/3441/2049 2353/3444/2049 2352/3445/2049 2354/3438/2049 
f 2352/3445/2049 2358/3446/2049 2359/3447/2049 2341/3448/2049 
f 2354/3438/2049 2352/3445/2049 2341/3448/2049 2342/3449/2049 
f 2339/3450/2050 2360/3451/2050 2361/3452/2050 2340/3453/2050 
f 2361/3452/2050 2355/3454/2050 2354/3455/2050 2340/3453/2050 
f 2357/3456/2051 2356/3457/2051 2361/3452/2051 2349/3458/2051 
f 2347/3459/2051 2349/3458/2051 2361/3452/2051 2360/3451/2051 
f 2350/3432/2052 2338/3460/2052 2343/3461/2052 2358/3462/2052 
f 2343/3461/2052 2359/3463/2052 2358/3462/2052 
f 2350/3432/2052 2358/3462/2052 2351/3433/2052 
f 2359/3463/2053 2343/3461/2053 2341/3464/2053 
f 2342/3449/2054 2340/3465/2054 2354/3438/2054 
f 2355/3439/2055 2361/3466/2055 2356/3440/2055 
f 2357/3442/2056 2349/3467/2056 2348/3443/2056 
f 2346/3468/2057 2345/3437/2057 2353/3435/2057 
f 2352/3434/2058 2351/3433/2058 2358/3462/2058 
f 2338/3469/2059 2350/3470/2059 2344/3471/2059 2360/3472/2059 
f 2344/3471/2059 2347/3473/2059 2360/3472/2059 
f 2338/3469/2059 2360/3472/2059 2339/3474/2059 
f 2362/3475/2060 2363/3476/2060 2364/3477/2060 2365/3478/2060 
f 2362/3475/2060 2365/3478/2060 2366/3479/2060 2367/3480/2060 
f 2368/3481/2061 2369/3482/2061 2370/3483/2061 2371/3484/2061 
f 2368/3481/2061 2371/3484/2061 2372/3485/2061 2373/3486/2061 
f 2374/3487/2062 2375/3488/2062 2376/3489/2062 2369/3490/2062 
f 2376/3489/2062 2377/3491/2062 2369/3490/2062 
f 2368/3492/2062 2374/3487/2062 2369/3490/2062 
f 2378/3493/2063 2379/3494/2063 2380/3495/2063 2381/3496/2063 
f 2371/3497/2063 2370/3498/2063 2377/3499/2063 2382/3500/2063 
f 2377/3499/2063 2376/3501/2063 2381/3496/2063 2382/3500/2063 
f 2380/3495/2063 2382/3500/2063 2381/3496/2063 
f 2378/3493/2063 2381/3496/2063 2383/3502/2063 2366/3503/2063 
f 2378/3493/2063 2366/3503/2063 2365/3504/2063 
f 2384/3505/2064 2385/3506/2064 2379/3507/2064 2364/3508/2064 
f 2379/3507/2064 2378/3509/2064 2364/3508/2064 
f 2363/3510/2064 2384/3505/2064 2364/3508/2064 
f 2384/3505/2065 2373/3511/2065 2372/3512/2065 2380/3513/2065 
f 2372/3512/2065 2382/3514/2065 2380/3513/2065 
f 2384/3505/2065 2380/3513/2065 2385/3506/2065 
f 2374/3487/2066 2362/3515/2066 2367/3516/2066 2383/3517/2066 
f 2374/3487/2066 2383/3517/2066 2381/3518/2066 2375/3488/2066 
f 2383/3502/2067 2367/3519/2067 2366/3503/2067 
f 2365/3478/2068 2364/3477/2068 2378/3520/2068 
f 2379/3507/2069 2385/3506/2069 2380/3513/2069 
f 2382/3514/2070 2372/3512/2070 2371/3521/2070 
f 2370/3498/2071 2369/3522/2071 2377/3499/2071 
f 2376/3501/2072 2375/3523/2072 2381/3496/2072 
f 2374/3524/2073 2368/3525/2073 2373/3526/2073 2363/3527/2073 
f 2373/3526/2073 2384/3528/2073 2363/3527/2073 
f 2362/3529/2073 2374/3524/2073 2363/3527/2073 
f 2386/3530/2074 2387/3531/2074 2388/3532/2074 2389/3533/2074 
f 2386/3530/2074 2389/3533/2074 2390/3534/2074 2391/3535/2074 
f 2392/3536/2075 2393/3537/2075 2394/3538/2075 2395/3539/2075 
f 2392/3536/2075 2395/3539/2075 2396/3540/2075 2397/3541/2075 
f 2398/3542/2076 2399/3543/2076 2400/3544/2076 2401/3545/2076 
f 2401/3545/2076 2400/3544/2076 2394/3546/2076 2393/3547/2076 
f 2402/3548/2077 2403/3549/2077 2404/3550/2077 2405/3551/2077 
f 2396/3552/2077 2395/3553/2077 2400/3554/2077 2404/3550/2077 
f 2404/3550/2077 2400/3554/2077 2399/3555/2077 2406/3556/2077 
f 2404/3550/2077 2406/3556/2077 2405/3551/2077 
f 2407/3557/2077 2402/3548/2077 2405/3551/2077 2389/3558/2077 
f 2407/3557/2077 2389/3558/2077 2388/3559/2077 
f 2386/3560/2078 2408/3561/2078 2409/3562/2078 2407/3563/2078 
f 2409/3562/2078 2402/3564/2078 2407/3563/2078 
f 2386/3560/2078 2407/3563/2078 2387/3565/2078 
f 2392/3566/2079 2397/3567/2079 2404/3568/2079 2409/3562/2079 
f 2404/3568/2079 2403/3569/2079 2409/3562/2079 
f 2408/3561/2079 2392/3566/2079 2409/3562/2079 
f 2391/3570/2080 2390/3571/2080 2405/3572/2080 2406/3573/2080 
f 2391/3570/2080 2406/3573/2080 2398/3542/2080 2401/3545/2080 
f 2405/3551/2081 2390/3574/2081 2389/3558/2081 
f 2388/3559/2082 2387/3575/2082 2407/3557/2082 
f 2402/3564/2083 2409/3562/2083 2403/3569/2083 
f 2404/3576/2084 2397/3541/2084 2396/3540/2084 
f 2395/3539/2085 2394/3538/2085 2400/3577/2085 
f 2399/3543/2086 2398/3542/2086 2406/3573/2086 
f 2391/3578/2087 2401/3579/2087 2393/3580/2087 2408/3581/2087 
f 2393/3580/2087 2392/3582/2087 2408/3581/2087 
f 2391/3578/2087 2408/3581/2087 2386/3583/2087 
f 2410/3584/2046 2411/3585/2046 2412/3586/2046 2413/3587/2046 
f 2410/3584/2046 2413/3587/2046 2414/3588/2046 2415/3589/2046 
f 2416/3590/2047 2417/3591/2047 2418/3592/2047 2419/3593/2047 
f 2416/3590/2047 2419/3593/2047 2420/3594/2047 2421/3595/2047 
f 2417/3596/2048 2422/3597/2048 2423/3598/2048 2418/3599/2048 
f 2424/3600/2048 2425/3601/2048 2418/3602/2048 2423/3603/2048 
f 2426/3604/2049 2427/3605/2049 2428/3606/2049 2429/3607/2049 
f 2429/3607/2049 2420/3608/2049 2419/3609/2049 2426/3604/2049 
f 2419/3609/2049 2425/3610/2049 2424/3611/2049 2426/3604/2049 
f 2424/3611/2049 2430/3612/2049 2431/3613/2049 2413/3614/2049 
f 2426/3604/2049 2424/3611/2049 2413/3614/2049 2412/3615/2049 
f 2432/3616/2050 2433/3617/2050 2427/3618/2050 2410/3619/2050 
f 2410/3619/2050 2427/3618/2050 2426/3620/2050 2411/3621/2050 
f 2432/3616/2051 2416/3622/2051 2421/3623/2051 2428/3624/2051 
f 2421/3623/2051 2429/3625/2051 2428/3624/2051 
f 2432/3616/2051 2428/3624/2051 2433/3617/2051 
f 2422/3597/2052 2415/3626/2052 2414/3627/2052 2430/3628/2052 
f 2414/3627/2052 2431/3629/2052 2430/3628/2052 
f 2422/3597/2052 2430/3628/2052 2423/3598/2052 
f 2431/3629/2053 2414/3627/2053 2413/3630/2053 
f 2412/3615/2088 2411/3631/2088 2426/3604/2088 
f 2427/3605/2055 2433/3632/2055 2428/3606/2055 
f 2429/3607/2056 2421/3633/2056 2420/3608/2056 
f 2419/3634/2089 2418/3599/2089 2425/3635/2089 
f 2424/3636/2058 2423/3598/2058 2430/3628/2058 
f 2422/3637/2059 2417/3638/2059 2416/3639/2059 2415/3640/2059 
f 2415/3640/2059 2416/3639/2059 2432/3641/2059 2410/3642/2059 
f 2434/3643/2060 2435/3644/2060 2436/3645/2060 2437/3646/2060 
f 2436/3645/2060 2438/3647/2060 2437/3646/2060 
f 2439/3648/2060 2434/3643/2060 2437/3646/2060 
f 2440/3649/2061 2441/3650/2061 2442/3651/2061 2443/3652/2061 
f 2442/3651/2061 2444/3653/2061 2443/3652/2061 
f 2440/3649/2061 2443/3652/2061 2445/3654/2061 
f 2446/3655/2062 2447/3656/2062 2448/3657/2062 2442/3658/2062 
f 2448/3657/2062 2449/3659/2062 2442/3658/2062 
f 2441/3660/2062 2446/3655/2062 2442/3658/2062 
f 2450/3661/2063 2451/3662/2063 2452/3663/2063 2453/3664/2063 
f 2453/3664/2063 2443/3665/2063 2444/3666/2063 2450/3661/2063 
f 2444/3666/2063 2449/3667/2063 2448/3668/2063 2450/3661/2063 
f 2450/3661/2063 2448/3668/2063 2454/3669/2063 2438/3670/2063 
f 2454/3669/2063 2455/3671/2063 2438/3670/2063 
f 2450/3661/2063 2438/3670/2063 2436/3672/2063 
f 2456/3673/2064 2457/3674/2064 2451/3675/2064 2450/3676/2064 
f 2456/3673/2064 2450/3676/2064 2435/3677/2064 2434/3678/2064 
f 2440/3679/2065 2445/3680/2065 2453/3681/2065 2452/3682/2065 
f 2440/3679/2065 2452/3682/2065 2457/3674/2065 2456/3673/2065 
f 2446/3655/2066 2439/3683/2066 2437/3684/2066 2455/3685/2066 
f 2446/3655/2066 2455/3685/2066 2454/3686/2066 2447/3656/2066 
f 2455/3671/2090 2437/3687/2090 2438/3670/2090 
f 2436/3645/2091 2435/3644/2091 2450/3688/2091 
f 2451/3675/2069 2457/3674/2069 2452/3682/2069 
f 2453/3681/2070 2445/3680/2070 2443/3689/2070 
f 2444/3666/2071 2442/3690/2071 2449/3667/2071 
f 2448/3668/2072 2447/3691/2072 2454/3669/2072 
f 2439/3692/2073 2446/3693/2073 2441/3694/2073 2456/3695/2073 
f 2441/3694/2073 2440/3696/2073 2456/3695/2073 
f 2439/3692/2073 2456/3695/2073 2434/3697/2073 
f 2458/3698/2060 2459/3699/2060 2460/3700/2060 2461/3701/2060 
f 2460/3700/2060 2462/3702/2060 2461/3701/2060 
f 2463/3703/2060 2458/3698/2060 2461/3701/2060 
f 2464/3704/2061 2465/3705/2061 2466/3706/2061 2467/3707/2061 
f 2464/3704/2061 2467/3707/2061 2468/3708/2061 2469/3709/2061 
f 2464/3710/2062 2470/3711/2062 2471/3712/2062 2472/3713/2062 
f 2471/3712/2062 2473/3714/2062 2472/3713/2062 
f 2464/3710/2062 2472/3713/2062 2465/3715/2062 
f 2474/3716/2063 2475/3717/2063 2476/3718/2063 2467/3719/2063 
f 2476/3718/2063 2477/3720/2063 2467/3719/2063 
f 2474/3716/2063 2467/3719/2063 2466/3721/2063 2472/3722/2063 
f 2472/3722/2063 2473/3723/2063 2478/3724/2063 2479/3725/2063 
f 2474/3716/2063 2472/3722/2063 2479/3725/2063 2462/3726/2063 
f 2474/3716/2063 2462/3726/2063 2460/3727/2063 
f 2458/3728/2064 2480/3729/2064 2481/3730/2064 2474/3731/2064 
f 2481/3730/2064 2475/3732/2064 2474/3731/2064 
f 2458/3728/2064 2474/3731/2064 2459/3733/2064 
f 2480/3729/2065 2469/3734/2065 2468/3735/2065 2476/3736/2065 
f 2468/3735/2065 2477/3737/2065 2476/3736/2065 
f 2480/3729/2065 2476/3736/2065 2481/3730/2065 
f 2470/3711/2066 2463/3738/2066 2461/3739/2066 2478/3740/2066 
f 2461/3739/2066 2479/3741/2066 2478/3740/2066 
f 2470/3711/2066 2478/3740/2066 2471/3712/2066 
f 2479/3725/2067 2461/3742/2067 2462/3726/2067 
f 2460/3700/2091 2459/3699/2091 2474/3743/2091 
f 2475/3732/2069 2481/3730/2069 2476/3736/2069 
f 2477/3737/2092 2468/3735/2092 2467/3744/2092 
f 2466/3721/2071 2465/3745/2071 2472/3722/2071 
f 2473/3723/2093 2471/3746/2093 2478/3724/2093 
f 2464/3747/2073 2469/3748/2073 2480/3749/2073 2458/3750/2073 
f 2470/3751/2073 2464/3747/2073 2458/3750/2073 2463/3752/2073 
f 2482/3753/2046 2483/3754/2046 2484/3755/2046 2485/3756/2046 
f 2485/3756/2046 2484/3755/2046 2486/3757/2046 2487/3758/2046 
f 2488/3759/2047 2489/3760/2047 2490/3761/2047 2491/3762/2047 
f 2490/3761/2047 2492/3763/2047 2491/3762/2047 
f 2493/3764/2047 2488/3759/2047 2491/3762/2047 
f 2494/3765/2048 2495/3766/2048 2496/3767/2048 2497/3768/2048 
f 2488/3769/2048 2497/3768/2048 2496/3767/2048 2489/3770/2048 
f 2498/3771/2049 2499/3772/2049 2500/3773/2049 2492/3774/2049 
f 2500/3773/2049 2501/3775/2049 2492/3774/2049 
f 2492/3774/2049 2490/3776/2049 2496/3777/2049 2502/3778/2049 
f 2496/3777/2049 2495/3779/2049 2502/3778/2049 
f 2492/3774/2049 2502/3778/2049 2503/3780/2049 2486/3781/2049 
f 2498/3771/2049 2492/3774/2049 2486/3781/2049 2484/3782/2049 
f 2482/3783/2050 2504/3784/2050 2505/3785/2050 2499/3786/2050 
f 2499/3786/2050 2498/3787/2050 2483/3788/2050 2482/3783/2050 
f 2493/3789/2051 2491/3790/2051 2501/3791/2051 2500/3792/2051 
f 2493/3789/2051 2500/3792/2051 2505/3785/2051 2504/3784/2051 
f 2485/3793/2052 2487/3794/2052 2503/3795/2052 2502/3796/2052 
f 2485/3793/2052 2502/3796/2052 2494/3765/2052 2497/3768/2052 
f 2503/3795/2053 2487/3794/2053 2486/3797/2053 
f 2484/3782/2054 2483/3798/2054 2498/3771/2054 
f 2499/3772/2055 2505/3799/2055 2500/3773/2055 
f 2501/3775/2056 2491/3800/2056 2492/3774/2056 
f 2490/3801/2089 2489/3770/2089 2496/3767/2089 
f 2495/3766/2058 2494/3765/2058 2502/3796/2058 
f 2497/3802/2059 2488/3803/2059 2493/3804/2059 2504/3805/2059 
f 2497/3802/2059 2504/3805/2059 2482/3806/2059 2485/3807/2059 
# 2352 polygons - 202 triangles

