# 3ds Max Wavefront OBJ Exporter v0.99 - (c)2007 guruware
# File Created: 07.05.2026 23:14:18

mtllib Piso_Entorno.mtl

#
# object Piso_Entorno
#

v  -2.3000 0.0000 -32.8500
v  -3.3000 0.0000 -32.7250
v  -2.5500 0.0000 -32.4750
v  2.3000 0.0000 -32.8500
v  1.3000 0.0000 -32.3500
v  2.3000 0.0000 -32.3500
v  4.6000 0.0000 -32.8500
v  4.1000 0.0000 -32.8500
v  4.6000 0.0000 -32.3500
v  0.0000 0.0000 -32.8500
v  -0.5000 0.0000 -32.8500
v  0.0000 0.0000 -32.3500
v  -2.3000 0.0000 -37.9500
v  -1.3000 0.0000 -37.9500
v  -2.3000 0.0000 -38.4500
v  1.0000 0.0000 -41.5504
v  1.0000 0.0000 -42.5504
v  0.5000 0.0000 -42.5504
v  -1.8000 0.0000 -37.9504
v  -1.8000 0.0000 -36.9504
v  -1.3000 0.0000 -37.9504
v  1.3000 0.0000 -30.0500
v  2.3000 0.0000 -30.0500
v  1.3000 0.0000 -30.5500
v  -3.3000 0.0000 -28.2500
v  -2.3000 0.0000 -28.2500
v  -3.3000 0.0000 -28.7500
v  -1.0000 0.0000 -37.4500
v  0.0000 0.0000 -37.4500
v  -1.0000 0.0000 -37.9500
v  -2.3000 0.0000 -31.5500
v  -1.3000 0.0000 -31.5500
v  -2.3000 0.0000 -32.0500
v  -2.3000 0.0000 -28.7500
v  -1.3000 0.0000 -28.7500
v  -2.3000 0.0000 -29.2500
v  -3.3000 0.0000 -29.7500
v  -2.8000 0.0000 -29.7500
v  2.8000 0.0000 -40.2504
v  3.3000 0.0000 -39.2504
v  3.3000 0.0000 -40.2504
v  -2.3000 0.0000 -38.9500
v  -2.8000 0.0000 -38.9500
v  -4.1000 0.0000 -37.9504
v  -4.1000 0.0000 -36.9504
v  -3.6000 0.0000 -37.9504
v  -3.3000 0.0000 -41.5500
v  -2.3000 0.0000 -41.5500
v  -3.3000 0.0000 -42.0500
v  0.0000 0.0000 -37.9504
v  0.0000 0.0000 -36.9504
v  0.5000 0.0000 -37.9504
v  1.8000 0.0000 -41.2500
v  1.8000 0.0000 -40.2500
v  2.3000 0.0000 -41.2500
v  3.6000 0.0000 -39.7500
v  4.6000 0.0000 -39.7500
v  3.6000 0.0000 -40.2500
v  0.0000 0.0000 -31.0500
v  1.0000 0.0000 -31.0500
v  0.0000 0.0000 -31.5500
v  1.3000 0.0000 -38.9500
v  1.3000 0.0000 -37.9500
v  1.8000 0.0000 -38.9500
v  -4.1000 0.0000 -31.0504
v  -4.1000 0.0000 -30.0504
v  -3.6000 0.0000 -31.0504
v  -0.5000 0.0000 -32.0500
v  -0.5000 0.0000 -31.0500
v  0.0000 0.0000 -32.0500
v  1.8000 0.0000 -43.5500
v  1.8000 0.0000 -42.5500
v  2.3000 0.0000 -43.5500
v  1.3000 0.0000 -43.5500
v  1.3000 0.0000 -42.8000
v  -0.5000 0.0000 -43.5500
v  0.0000 0.0000 -42.5500
v  0.0000 0.0000 -43.5500
v  0.0000 0.0000 -40.7500
v  1.0000 0.0000 -40.7500
v  0.0000 0.0000 -41.2500
v  0.0000 0.0000 -40.2504
v  0.0000 0.0000 -39.2504
v  0.5000 0.0000 -40.2504
v  -4.6000 0.0000 -33.8500
v  -3.6000 0.0000 -33.8500
v  -4.6000 0.0000 -34.3500
v  -3.6000 0.0000 -42.5504
v  -4.1000 0.0000 -42.5504
v  -4.1000 0.0000 -41.5504
v  -1.0000 0.0000 -27.7500
v  0.0000 0.0000 -28.2500
v  -1.0000 0.0000 -28.2500
v  3.6000 0.0000 -35.1500
v  4.6000 0.0000 -35.1500
v  3.6000 0.0000 -35.6500
v  -2.3000 0.0000 -37.9504
v  -2.3000 0.0000 -36.9504
v  -4.6000 0.0000 -31.5500
v  -3.6000 0.0000 -31.5500
v  -4.6000 0.0000 -32.0500
v  2.8000 0.0000 -38.4500
v  2.3000 0.0000 -38.4500
v  2.3000 0.0000 -38.2000
v  -0.5000 0.0000 -38.9500
v  -1.0000 0.0000 -38.9500
v  -4.6000 0.0000 -29.2500
v  -4.1000 0.0000 -29.2500
v  -4.6000 0.0000 -29.7500
v  -3.3000 0.0000 -32.8500
v  -2.8000 0.0000 -32.8500
v  -3.3000 0.0000 -33.3500
v  -1.3000 0.0000 -28.0004
v  -1.3000 0.0000 -28.7504
v  -1.8000 0.0000 -28.7504
v  -4.6000 0.0000 -37.9504
v  -4.6000 0.0000 -36.9504
v  -1.0000 0.0000 -36.9500
v  -0.7500 0.0000 -36.9500
v  4.1000 0.0000 -29.7500
v  4.1000 0.0000 -28.7500
v  4.6000 0.0000 -29.7500
v  -4.6000 0.0000 -28.7500
v  -3.6000 0.0000 -28.7500
v  2.3000 0.0000 -35.6500
v  1.3000 0.0000 -35.6500
v  1.3000 0.0000 -35.1500
v  3.6000 0.0000 -42.0500
v  4.6000 0.0000 -42.0500
v  3.6000 0.0000 -42.5500
v  1.3000 0.0000 -39.2500
v  2.3000 0.0000 -39.2500
v  1.3000 0.0000 -39.7500
v  -3.3000 0.0000 -35.1500
v  -2.3000 0.0000 -35.6500
v  -3.3000 0.0000 -35.6500
v  1.3000 0.0000 -32.0500
v  1.3000 0.0000 -31.0500
v  1.8000 0.0000 -32.0500
v  1.3000 0.0000 -36.6500
v  1.8000 0.0000 -36.6500
v  -1.3000 0.0000 -38.9500
v  -3.3000 0.0000 -41.2500
v  -3.3000 0.0000 -40.2500
v  -2.8000 0.0000 -41.2500
v  3.6000 0.0000 -30.5500
v  4.6000 0.0000 -30.5500
v  3.6000 0.0000 -31.0500
v  4.1000 0.0000 -36.6500
v  4.1000 0.0000 -35.6500
v  4.6000 0.0000 -36.6500
v  -4.6000 0.0000 -42.5500
v  -3.6000 0.0000 -42.5500
v  -4.6000 0.0000 -43.0500
v  3.6000 0.0000 -36.6500
v  3.6000 0.0000 -29.7500
v  3.6000 0.0000 -29.5000
v  -3.3000 0.0000 -38.9500
v  -3.3000 0.0000 -37.9500
v  -2.3000 0.0000 -33.3504
v  -2.3000 0.0000 -32.3504
v  -1.8000 0.0000 -33.3504
v  -2.3000 0.0000 -33.8500
v  -1.3000 0.0000 -33.8500
v  -2.3000 0.0000 -34.3500
v  2.3000 0.0000 -31.0500
v  2.3000 0.0000 -32.0500
v  1.8000 0.0000 -29.7500
v  1.8000 0.0000 -28.7500
v  2.3000 0.0000 -29.7500
v  -2.3000 0.0000 -40.7500
v  -1.3000 0.0000 -41.2500
v  -2.3000 0.0000 -41.2500
v  -4.6000 0.0000 -33.3504
v  -4.6000 0.0000 -32.3504
v  -4.1000 0.0000 -33.3504
v  -4.1000 0.0000 -35.6504
v  -4.1000 0.0000 -34.6504
v  -3.6000 0.0000 -35.6504
v  3.6000 0.0000 -37.4500
v  4.6000 0.0000 -37.9500
v  3.6000 0.0000 -37.9500
v  2.3000 0.0000 -33.3504
v  2.3000 0.0000 -32.3504
v  2.8000 0.0000 -33.3504
v  0.0000 0.0000 -36.1500
v  1.0000 0.0000 -36.1500
v  0.0000 0.0000 -36.6500
v  -4.6000 0.0000 -40.2504
v  -4.6000 0.0000 -39.2504
v  -4.1000 0.0000 -40.2504
v  -4.6000 0.0000 -33.3500
v  -3.6000 0.0000 -33.3500
v  2.3000 0.0000 -40.7500
v  3.3000 0.0000 -40.7500
v  -1.0000 0.0000 -28.7500
v  -4.6000 0.0000 -28.7504
v  -4.6000 0.0000 -28.2504
v  -4.1000 0.0000 -28.7504
v  0.0000 0.0000 -43.0500
v  1.0000 0.0000 -43.0500
v  3.3000 0.0000 -31.0500
v  2.3000 0.0000 -31.5500
v  1.3000 0.0000 -36.9500
v  2.3000 0.0000 -36.9500
v  1.3000 0.0000 -37.4500
v  4.1000 0.0000 -32.0500
v  4.6000 0.0000 -31.0500
v  4.6000 0.0000 -32.0500
v  1.8000 0.0000 -37.9500
v  2.3000 0.0000 -38.9500
v  -2.3000 0.0000 -35.6504
v  -2.3000 0.0000 -34.9004
v  -1.8000 0.0000 -35.6504
v  3.6000 0.0000 -38.9500
v  4.1000 0.0000 -38.9500
v  -0.5000 0.0000 -37.9500
v  0.0000 0.0000 -38.9500
v  -1.0000 0.0000 -34.3500
v  -1.0000 0.0000 -33.3500
v  -0.5000 0.0000 -34.3500
v  0.0000 0.0000 -40.2500
v  3.6000 0.0000 -41.2500
v  4.1000 0.0000 -41.2500
v  -0.5000 0.0000 -29.7500
v  -0.5000 0.0000 -28.7500
v  0.0000 0.0000 -29.7500
v  -1.0000 0.0000 -34.6500
v  0.0000 0.0000 -34.6500
v  -1.0000 0.0000 -35.1500
v  -4.6000 0.0000 -35.6500
v  -4.1000 0.0000 -36.1500
v  -4.6000 0.0000 -36.1500
v  4.1000 0.0000 -34.3500
v  4.1000 0.0000 -33.3500
v  4.6000 0.0000 -34.3500
v  2.3000 0.0000 -28.7500
v  3.0500 0.0000 -28.7500
v  2.3000 0.0000 -29.2500
v  -2.3000 0.0000 -29.0000
v  -2.3000 0.0000 -29.7500
v  1.3000 0.0000 -28.2500
v  2.0500 0.0000 -28.2500
v  1.3000 0.0000 -28.7500
v  0.0000 0.0000 -33.3500
v  1.0000 0.0000 -33.3500
v  0.0000 0.0000 -33.8500
v  -2.3000 0.0000 -42.5504
v  -2.3000 0.0000 -41.5504
v  -1.8000 0.0000 -42.5504
v  0.0000 0.0000 -28.7504
v  0.0000 0.0000 -27.7504
v  0.5000 0.0000 -28.7504
v  3.6000 0.0000 -27.7500
v  4.6000 0.0000 -27.7500
v  3.6000 0.0000 -28.2500
v  -3.6000 0.0000 -36.1500
v  -4.6000 0.0000 -36.6500
v  -2.8000 0.0000 -36.6500
v  -2.8000 0.0000 -35.6500
v  -2.3000 0.0000 -36.6500
v  4.6000 0.0000 -28.7500
v  3.6000 0.0000 -28.7500
v  -3.3000 0.0000 -39.7500
v  -2.3000 0.0000 -39.7500
v  2.8000 0.0000 -28.7504
v  3.3000 0.0000 -27.7504
v  3.3000 0.0000 -28.7504
v  -1.0000 0.0000 -42.0500
v  0.0000 0.0000 -42.0500
v  -1.0000 0.0000 -42.5500
v  2.3000 0.0000 -40.2500
v  1.3000 0.0000 -40.2500
v  -2.3000 0.0000 -40.2504
v  -2.3000 0.0000 -39.7504
v  -1.8000 0.0000 -40.2504
v  4.1000 0.0000 -40.2500
v  4.6000 0.0000 -41.2500
v  2.3000 0.0000 -30.5500
v  2.8000 0.0000 -35.6504
v  2.8000 0.0000 -34.6504
v  3.3000 0.0000 -35.6504
v  -1.8000 0.0000 -34.6504
v  -1.3000 0.0000 -35.6504
v  0.0000 0.0000 -33.3504
v  0.0000 0.0000 -32.3504
v  0.5000 0.0000 -33.3504
v  3.3000 0.0000 -35.6500
v  2.3000 0.0000 -36.1500
v  3.3000 0.0000 -40.2500
v  -1.8000 0.0000 -32.3504
v  -1.3000 0.0000 -33.3504
v  0.0000 0.0000 -35.6500
v  1.0000 0.0000 -35.6500
v  1.3000 0.0000 -42.0500
v  2.3000 0.0000 -42.5500
v  1.3000 0.0000 -42.5500
v  3.6000 0.0000 -39.2500
v  4.6000 0.0000 -39.2500
v  1.3000 0.0000 -32.8500
v  1.3000 0.0000 -33.3500
v  1.0000 0.0000 -34.3500
v  0.0000 0.0000 -34.3500
v  -3.3000 0.0000 -34.6500
v  -2.3000 0.0000 -34.6500
v  -1.0000 0.0000 -30.0500
v  0.0000 0.0000 -30.0500
v  -1.0000 0.0000 -30.5500
v  3.6000 0.0000 -43.5500
v  4.1000 0.0000 -43.5500
v  0.0000 0.0000 -28.7500
v  1.0000 0.0000 -28.7500
v  0.0000 0.0000 -29.2500
v  -1.0000 0.0000 -39.7500
v  0.0000 0.0000 -39.7500
v  -1.0000 0.0000 -40.2500
v  1.3000 0.0000 -27.7500
v  2.3000 0.0000 -27.7500
v  3.6000 0.0000 -41.9250
v  3.8500 0.0000 -30.5500
v  3.6000 0.0000 -30.4250
v  2.8000 0.0000 -31.0504
v  2.8000 0.0000 -30.0504
v  3.3000 0.0000 -31.0504
v  -4.1000 0.0000 -27.7504
v  -3.6000 0.0000 -28.7504
v  3.3000 0.0000 -36.6500
v  2.3000 0.0000 -36.6500
v  -2.8000 0.0000 -34.3500
v  -2.8000 0.0000 -33.3500
v  -3.3000 0.0000 -34.3500
v  0.5000 0.0000 -39.2504
v  1.0000 0.0000 -40.2504
v  3.3000 0.0000 -33.8500
v  2.3000 0.0000 -33.8500
v  2.3000 0.0000 -33.7250
v  1.3000 0.0000 -41.2500
v  1.8000 0.0000 -35.6500
v  3.6000 0.0000 -32.0500
v  3.6000 0.0000 -34.3500
v  3.6000 0.0000 -33.3500
v  0.0000 0.0000 -38.4500
v  1.0000 0.0000 -38.9500
v  2.3000 0.0000 -34.3500
v  0.0000 0.0000 -35.6504
v  0.5000 0.0000 -34.6504
v  0.5000 0.0000 -35.6504
v  4.1000 0.0000 -42.5500
v  4.6000 0.0000 -43.5500
v  1.0000 0.0000 -31.9250
v  -1.5500 0.0000 -40.7500
v  -2.3000 0.0000 -40.6250
v  3.3000 0.0000 -31.5500
v  -4.6000 0.0000 -31.0500
v  -3.6000 0.0000 -31.0500
v  -4.1000 0.0000 -39.2504
v  -3.6000 0.0000 -40.2504
v  3.6000 0.0000 -36.9500
v  4.6000 0.0000 -37.4500
v  3.3000 0.0000 -29.2500
v  -1.8000 0.0000 -39.2504
v  -1.3000 0.0000 -40.2504
v  0.5000 0.0000 -31.0504
v  0.5000 0.0000 -30.0504
v  1.0000 0.0000 -31.0504
v  -1.8000 0.0000 -41.5504
v  -1.3000 0.0000 -42.5504
v  0.0000 0.0000 -30.5500
v  -1.0000 0.0000 -31.0500
v  1.3000 0.0000 -29.7500
v  -3.3000 0.0000 -39.2500
v  -2.3000 0.0000 -39.2500
v  -2.8000 0.0000 -40.2500
v  -3.3000 0.0000 -36.9500
v  -2.3000 0.0000 -36.9500
v  -3.3000 0.0000 -37.4500
v  2.3000 0.0000 -40.2504
v  2.3000 0.0000 -39.2504
v  1.3000 0.0000 -34.3500
v  1.3000 0.0000 -33.6000
v  1.8000 0.0000 -34.3500
v  -1.0000 0.0000 -39.2500
v  0.0000 0.0000 -39.2500
v  -3.3000 0.0000 -30.5500
v  -2.5500 0.0000 -30.5500
v  -3.3000 0.0000 -31.0500
v  1.3000 0.0000 -41.5500
v  2.3000 0.0000 -41.5500
v  -3.3000 0.0000 -27.7500
v  0.5000 0.0000 -27.7504
v  1.0000 0.0000 -28.7504
v  -3.6000 0.0000 -43.5500
v  -4.6000 0.0000 -43.5500
v  2.3000 0.0000 -35.6504
v  2.3000 0.0000 -34.6504
v  2.3000 0.0000 -43.0500
v  3.3000 0.0000 -43.0500
v  -4.6000 0.0000 -38.4500
v  -3.6000 0.0000 -38.4500
v  -4.6000 0.0000 -38.9500
v  2.3000 0.0000 -37.4500
v  -2.3000 0.0000 -42.5500
v  -1.3000 0.0000 -42.5500
v  -2.3000 0.0000 -43.0500
v  -3.3000 0.0000 -32.0500
v  -2.8000 0.0000 -31.0500
v  -2.8000 0.0000 -32.0500
v  -1.0000 0.0000 -36.6500
v  -1.0000 0.0000 -35.6500
v  -0.5000 0.0000 -36.6500
v  1.0000 0.0000 -42.5500
v  -2.3000 0.0000 -31.0500
v  -1.3000 0.0000 -31.0500
v  0.5000 0.0000 -32.3504
v  1.0000 0.0000 -33.3504
v  -1.0000 0.0000 -32.8500
v  -3.3000 0.0000 -36.6500
v  -3.3000 0.0000 -36.4000
v  -4.6000 0.0000 -40.7500
v  -3.6000 0.0000 -40.7500
v  -4.6000 0.0000 -41.2500
v  -1.8000 0.0000 -29.2500
v  1.0000 0.0000 -29.2500
v  1.0000 0.0000 -34.6504
v  1.0000 0.0000 -35.6504
v  -1.8000 0.0000 -43.0500
v  -2.3000 0.0000 -43.5500
v  -2.3000 0.0000 -36.1500
v  -1.3000 0.0000 -36.6500
v  -1.8000 0.0000 -31.0504
v  -1.8000 0.0000 -30.0504
v  -1.3000 0.0000 -31.0504
v  -2.8000 0.0000 -43.5500
v  -2.8000 0.0000 -42.5500
v  2.8000 0.0000 -33.1004
v  3.3000 0.0000 -33.3504
v  -4.6000 0.0000 -31.0504
v  -4.6000 0.0000 -30.0504
v  -4.6000 0.0000 -40.2500
v  -3.6000 0.0000 -40.6250
v  0.0000 0.0000 -37.9500
v  1.0000 0.0000 -38.4500
v  -0.5000 0.0000 -42.5500
v  -1.0000 0.0000 -43.5500
v  -0.5000 0.0000 -41.2500
v  -0.5000 0.0000 -40.2500
v  -1.3000 0.0000 -35.6500
v  1.3000 0.0000 -34.6500
v  2.3000 0.0000 -34.6500
v  2.8000 0.0000 -37.9504
v  2.8000 0.0000 -36.9504
v  3.3000 0.0000 -37.9504
v  2.3000 0.0000 -31.0504
v  2.3000 0.0000 -30.0504
v  -2.3000 0.0000 -33.3500
v  -0.5000 0.0000 -33.8500
v  -2.8000 0.0000 -31.8000
v  2.3000 0.0000 -28.7504
v  2.3000 0.0000 -27.7504
v  -1.0000 0.0000 -41.2500
v  -1.0000 0.0000 -41.5500
v  0.0000 0.0000 -41.5500
v  -4.6000 0.0000 -37.9500
v  -3.6000 0.0000 -37.9500
v  2.8000 0.0000 -42.5504
v  3.3000 0.0000 -41.5504
v  3.3000 0.0000 -42.5504
v  1.8000 0.0000 -33.3500
v  -4.6000 0.0000 -42.5504
v  -4.6000 0.0000 -41.5504
v  -1.0000 0.0000 -29.7500
v  3.3000 0.0000 -38.4500
v  3.6000 0.0000 -32.8500
v  4.6000 0.0000 -33.3500
v  -2.3000 0.0000 -42.0500
v  -3.3000 0.0000 -42.5500
v  -1.0000 0.0000 -32.0500
v  -0.5000 0.0000 -35.6500
v  4.6000 0.0000 -38.9500
v  -2.3000 0.0000 -31.0504
v  -2.3000 0.0000 -30.0504
v  1.0000 0.0000 -36.9504
v  1.0000 0.0000 -37.9504
v  0.0000 0.0000 -35.1500
v  -4.6000 0.0000 -35.6504
v  -4.6000 0.0000 -34.6504
v  0.0000 0.0000 -31.0504
v  0.0000 0.0000 -30.0504
v  0.0000 0.0000 -42.5504
v  0.0000 0.0000 -41.5504
v  -3.3000 0.0000 -30.0500
v  -3.0500 0.0000 -30.0500
v  -2.3000 0.0000 -37.4500
v  3.3000 0.0000 -42.5500
v  3.6000 0.0000 -34.6500
v  4.6000 0.0000 -34.6500
v  2.3000 0.0000 -42.5504
v  2.3000 0.0000 -41.5504
v  -2.3000 0.0000 -28.7504
v  -2.3000 0.0000 -28.0004
v  2.3000 0.0000 -37.9504
v  -3.3000 0.0000 -43.5500
v  -4.1000 0.0000 -32.3504
v  -3.6000 0.0000 -33.3504
v  1.0000 0.0000 -37.9500
v  3.3000 0.0000 -34.6504
v  3.3000 0.0000 -36.1500
v  -1.3000 0.0000 -39.2504
v  1.0000 0.0000 -31.5500
v  4.6000 0.0000 -40.2500
v  -1.3000 0.0000 -43.0500
v  1.0000 0.0000 -33.8500
v  -3.6000 0.0000 -43.0500
v  -1.3000 0.0000 -34.3500
v  2.3000 0.0000 -37.9500
v  2.3000 0.0000 -36.9504
v  1.0000 0.0000 -36.6500
v  -1.3000 0.0000 -34.6504
v  -1.3000 0.0000 -29.7500
v  -1.3000 0.0000 -29.2500
v  1.0000 0.0000 -29.7500
v  -1.3000 0.0000 -36.1500
v  4.1000 0.0000 -37.9500
v  -2.3000 0.0000 -35.1500
v  -2.3000 0.0000 -27.7500
v  4.1000 0.0000 -31.0500
v  -3.6000 0.0000 -36.9504
v  2.8000 0.0000 -41.5504
v  2.3000 0.0000 -39.7500
v  -2.3000 0.0000 -40.2500
v  2.8000 0.0000 -27.7504
v  2.3000 0.0000 -33.3500
v  -3.6000 0.0000 -41.2500
v  -3.6000 0.0000 -27.7504
v  3.3000 0.0000 -38.9500
v  -3.6000 0.0000 -34.6504
v  -1.3000 0.0000 -33.3500
v  -2.8000 0.0000 -37.9500
v  -2.3000 0.0000 -39.2504
v  4.6000 0.0000 -28.2500
v  0.0000 0.0000 -27.7500
v  4.6000 0.0000 -35.6500
v  4.6000 0.0000 -35.4000
v  -1.3000 0.0000 -40.7500
v  -2.3000 0.0000 -34.6504
v  3.3000 0.0000 -32.0500
v  -3.6000 0.0000 -32.0500
v  2.3000 0.0000 -28.2500
v  -4.6000 0.0000 -27.7504
v  2.3000 0.0000 -42.0500
v  0.5000 0.0000 -41.5504
v  4.6000 0.0000 -42.5500
v  1.0000 0.0000 -43.5500
v  -3.6000 0.0000 -32.3504
v  3.3000 0.0000 -33.3500
v  -1.3000 0.0000 -38.4500
v  -1.3000 0.0000 -38.3250
v  0.0000 0.0000 -36.9500
v  1.8000 0.0000 -31.0500
v  -2.8000 0.0000 -28.7500
v  -2.3000 0.0000 -30.5500
v  -1.3000 0.0000 -41.5504
v  1.0000 0.0000 -39.2504
v  1.0000 0.0000 -32.3504
v  0.8750 0.0000 -32.3504
v  3.3000 0.0000 -36.9504
v  -1.3000 0.0000 -40.2500
v  -1.8000 0.0000 -27.7504
v  -2.3000 0.0000 -27.7504
v  1.0000 0.0000 -41.2500
v  2.3000 0.0000 -35.1500
v  1.0000 0.0000 -32.0500
v  -3.6000 0.0000 -39.2504
v  0.5000 0.0000 -36.9504
v  3.6000 0.0000 -30.0500
v  4.6000 0.0000 -30.0500
v  -2.3000 0.0000 -30.0500
v  -1.3000 0.0000 -32.3504
v  3.3000 0.0000 -32.3504
v  -1.3000 0.0000 -27.7504
v  -1.3000 0.0000 -32.0500
v  -1.3000 0.0000 -31.9250
v  3.3000 0.0000 -28.7500
v  -3.6000 0.0000 -35.6500
v  1.0000 0.0000 -30.0504
v  -0.5000 0.0000 -33.3500
v  1.0000 0.0000 -27.7504
v  -3.6000 0.0000 -30.0504
v  -3.6000 0.0000 -29.2500
v  3.3000 0.0000 -43.5500
v  2.8000 0.0000 -39.2504
v  -1.3000 0.0000 -30.0504
v  4.6000 0.0000 -36.9500
v  3.3000 0.0000 -34.3500
v  3.3000 0.0000 -41.2500
v  3.3000 0.0000 -29.7500
v  -3.6000 0.0000 -34.3500
v  -1.3000 0.0000 -36.9504
v  -3.6000 0.0000 -29.7500
v  -3.6000 0.0000 -36.6500
v  4.6000 0.0000 -41.5500
v  3.3000 0.0000 -38.0750
v  0.0000 0.0000 -34.6504
v  -3.6000 0.0000 -38.9500
v  -3.6000 0.0000 -41.5504
v  3.3000 0.0000 -30.0504
v  2.8000 0.0000 -32.3504
v  -1.3000 0.0000 -43.5500
v  1.0000 0.0000 -40.2500
v  -1.0000 0.0000 -32.3500
v  3.6000 0.0000 -32.3500
v  3.8500 0.0000 -32.8500
v  2.0500 0.0000 -32.8500
v  1.8000 0.0000 -32.8500
v  3.3000 0.0000 -41.5500
v  2.5500 0.0000 -41.2500
v  3.8500 0.0000 -39.2500
v  1.0000 0.0000 -39.2500
v  -1.3000 0.0000 -39.2500
v  0.0000 0.0000 -43.8500
v  -2.0500 0.0000 -43.8500
v  -1.3000 0.0000 -43.8500
v  1.0000 0.0000 -41.5500
v  3.3000 0.0000 -39.2500
v  -3.6000 0.0000 -34.6500
v  -3.6000 0.0000 -41.5500
v  -2.3000 0.0000 -43.8500
v  -3.6000 0.0000 -43.8500
v  -3.6000 0.0000 -39.2500
v  2.3000 0.0000 -43.8500
v  3.3000 0.0000 -43.8500
v  1.0000 0.0000 -34.6500
v  4.6000 0.0000 -43.8500
v  1.3000 0.0000 -43.8500
v  -4.1000 0.0000 -38.9500
v  3.3000 0.0000 -36.9500
v  1.0000 0.0000 -36.9500
v  -3.0500 0.0000 -43.5500
v  3.3000 0.0000 -34.6500
v  -1.0000 0.0000 -43.8500
v  1.0000 0.0000 -43.8500
v  -1.3000 0.0000 -41.5500
v  -1.8000 0.0000 -41.2500
v  -3.6000 0.0000 -36.9500
v  -4.1000 0.0000 -36.6500
v  -1.3000 0.0000 -34.6500
v  -1.3000 0.0000 -36.9500
v  3.8500 0.0000 -41.2500
v  3.6000 0.0000 -43.8500
v  -4.6000 0.0000 -36.9500
v  3.6000 0.0000 -41.5500
v  -4.6000 0.0000 -43.8500
v  -3.3000 0.0000 -43.8500
v  3.6000 0.0000 -36.8750
v  -4.6000 0.0000 -36.7250
v  -3.3000 0.0000 -34.5000
v  0.0000 0.0000 -36.8000
v  0.0000 0.0000 -41.3250
v  -4.6000 0.0000 -39.2500
v  -3.3000 0.0000 -39.0250
v  -4.6000 0.0000 -34.6500
v  3.8500 0.0000 -38.9500
v  -2.3000 0.0000 -34.5750
v  -4.6000 0.0000 -41.5500
v  3.3000 0.0000 -27.7500
v  1.0000 0.0000 -39.1000
v  1.3000 0.0000 -30.3000
v  3.6000 0.0000 -31.5500
v  1.3000 0.0000 -36.4000
v  1.3000 0.0000 -34.5750
v  3.5250 0.0000 -36.9500
v  3.3000 0.0000 -37.9500
v  1.0000 0.0000 -42.3000
v  1.0750 0.0000 -42.5500
v  1.0000 0.0000 -28.2500
v  1.2250 0.0000 -28.7500
v  3.6000 0.0000 -41.4750
v  3.5250 0.0000 -41.5500
v  1.3000 0.0000 -39.1750
v  1.2250 0.0000 -39.2500
v  1.0000 0.0000 -30.0500
v  1.0000 0.0000 -41.4000
v  1.0000 0.0000 -32.3500
v  3.3000 0.0000 -32.3500
v  1.1500 0.0000 -42.5500
v  1.2250 0.0000 -34.3500
v  3.3000 0.0000 -30.0500
v  3.5250 0.0000 -32.3500
v  3.5250 0.0000 -43.5500
v  3.6000 0.0000 -40.7500
v  3.6000 0.0000 -33.8500
v  1.1500 0.0000 -35.6500
v  1.0000 0.0000 -27.7500
v  -1.3000 0.0000 -30.8000
v  -1.2250 0.0000 -30.8000
v  -3.6000 0.0000 -35.9000
v  -3.6000 0.0000 -27.7500
v  -3.3000 0.0000 -36.8000
v  -1.3000 0.0000 -41.4000
v  -3.3000 0.0000 -33.8500
v  -3.6000 0.0000 -28.5000
v  -3.3750 0.0000 -28.2500
v  -3.3000 0.0000 -38.7000
v  -3.6000 0.0000 -43.6250
v  -3.3750 0.0000 -34.6500
v  -3.3000 0.0000 -34.5750
v  -3.6000 0.0000 -40.2500
v  -3.6000 0.0000 -39.1000
v  -3.6000 0.0000 -30.0500
v  -1.3000 0.0000 -32.3500
v  -3.3750 0.0000 -35.6500
v  -1.1500 0.0000 -34.6500
v  -3.3750 0.0000 -34.3500
v  -3.4500 0.0000 -36.9500
v  -3.5250 0.0000 -28.7500
v  -3.6000 0.0000 -32.3500
v  -3.3000 0.0000 -32.3500
v  -1.3000 0.0000 -30.0500
v  -1.3000 0.0000 -27.7500
v  -1.0000 0.0000 -32.2750
v  -1.3000 0.0000 -27.4500
v  0.0000 0.0000 -27.4500
v  -0.7500 0.0000 -27.4500
v  -1.0000 0.0000 -27.4500
v  2.5500 0.0000 -29.7500
v  -2.3000 0.0000 -27.4500
v  -2.8000 0.0000 -27.4500
v  -3.3000 0.0000 -27.4500
v  -3.6000 0.0000 -27.4500
v  0.2500 0.0000 -29.7500
v  -2.3000 0.0000 -32.3500
v  1.0000 0.0000 -27.4500
v  1.5500 0.0000 -27.7500
v  2.3000 0.0000 -27.4500
v  3.6000 0.0000 -27.4500
v  3.3000 0.0000 -27.4500
v  4.6000 0.0000 -27.4500
v  -1.3000 0.0000 -29.9750
v  3.5250 0.0000 -32.0500
v  -3.3000 0.0000 -27.5250
v  1.3000 0.0000 -27.4500
v  -4.6000 0.0000 -27.4500
v  2.5500 0.0000 -32.3500
v  -4.6000 0.0000 -32.3500
v  -4.6000 0.0000 -27.7500
v  -1.0000 0.0000 -27.6000
v  1.0000 0.0000 -29.8250
v  3.6000 0.0000 -32.2000
v  2.3000 0.0000 -32.2000
v  -3.6000 0.0000 -27.6750
v  0.2500 0.0000 -30.0500
v  1.0000 0.0000 -29.9000
v  -4.6000 0.0000 -30.0500
v  -3.0500 0.0000 -32.8500
v  1.5500 0.0000 -32.8500
v  -0.7500 0.0000 -32.8500
v  -2.3000 0.0000 -34.5000
v  -1.3000 0.0000 -30.5500
v  -3.6000 0.0000 -34.5750
v  -3.3000 0.0000 -35.9000
v  -20.7000 0.0000 -32.8500
v  -21.7000 0.0000 -32.7250
v  -20.9500 0.0000 -32.4750
v  -16.1000 0.0000 -32.8500
v  -17.1000 0.0000 -32.3500
v  -16.1000 0.0000 -32.3500
v  -13.8000 0.0000 -32.8500
v  -14.3000 0.0000 -32.8500
v  -13.8000 0.0000 -32.3500
v  -18.4000 0.0000 -32.8500
v  -18.9000 0.0000 -32.8500
v  -18.4000 0.0000 -32.3500
v  -17.1000 0.0000 -30.0500
v  -16.1000 0.0000 -30.0500
v  -17.1000 0.0000 -30.5500
v  -21.7000 0.0000 -28.2500
v  -20.7000 0.0000 -28.2500
v  -21.7000 0.0000 -28.7500
v  -20.7000 0.0000 -31.5500
v  -19.7000 0.0000 -31.5500
v  -20.7000 0.0000 -32.0500
v  -20.7000 0.0000 -28.7500
v  -19.7000 0.0000 -28.7500
v  -20.7000 0.0000 -29.2500
v  -21.7000 0.0000 -29.7500
v  -21.2000 0.0000 -29.7500
v  -18.4000 0.0000 -31.0500
v  -17.4000 0.0000 -31.0500
v  -18.4000 0.0000 -31.5500
v  -22.5000 0.0000 -31.0504
v  -22.5000 0.0000 -30.0504
v  -22.0000 0.0000 -31.0504
v  -18.9000 0.0000 -32.0500
v  -18.9000 0.0000 -31.0500
v  -18.4000 0.0000 -32.0500
v  -23.0000 0.0000 -33.8500
v  -22.0000 0.0000 -33.8500
v  -23.0000 0.0000 -34.3500
v  -19.4000 0.0000 -27.7500
v  -18.4000 0.0000 -28.2500
v  -19.4000 0.0000 -28.2500
v  -23.0000 0.0000 -31.5500
v  -22.0000 0.0000 -31.5500
v  -23.0000 0.0000 -32.0500
v  -23.0000 0.0000 -29.2500
v  -22.5000 0.0000 -29.2500
v  -23.0000 0.0000 -29.7500
v  -21.7000 0.0000 -32.8500
v  -21.2000 0.0000 -32.8500
v  -21.7000 0.0000 -33.3500
v  -19.7000 0.0000 -28.0004
v  -19.7000 0.0000 -28.7504
v  -20.2000 0.0000 -28.7504
v  -14.3000 0.0000 -29.7500
v  -14.3000 0.0000 -28.7500
v  -13.8000 0.0000 -29.7500
v  -23.0000 0.0000 -28.7500
v  -22.0000 0.0000 -28.7500
v  -17.1000 0.0000 -32.0500
v  -17.1000 0.0000 -31.0500
v  -16.6000 0.0000 -32.0500
v  -14.8000 0.0000 -30.5500
v  -13.8000 0.0000 -30.5500
v  -14.8000 0.0000 -31.0500
v  -14.8000 0.0000 -29.7500
v  -14.8000 0.0000 -29.5000
v  -20.7000 0.0000 -33.3504
v  -20.7000 0.0000 -32.3504
v  -20.2000 0.0000 -33.3504
v  -20.7000 0.0000 -33.8500
v  -19.7000 0.0000 -33.8500
v  -20.7000 0.0000 -34.3500
v  -16.1000 0.0000 -31.0500
v  -16.1000 0.0000 -32.0500
v  -16.6000 0.0000 -29.7500
v  -16.6000 0.0000 -28.7500
v  -16.1000 0.0000 -29.7500
v  -23.0000 0.0000 -33.3504
v  -23.0000 0.0000 -32.3504
v  -22.5000 0.0000 -33.3504
v  -16.1000 0.0000 -33.3504
v  -16.1000 0.0000 -32.3504
v  -15.6000 0.0000 -33.3504
v  -23.0000 0.0000 -33.3500
v  -22.0000 0.0000 -33.3500
v  -19.4000 0.0000 -28.7500
v  -23.0000 0.0000 -28.7504
v  -23.0000 0.0000 -28.2504
v  -22.5000 0.0000 -28.7504
v  -15.1000 0.0000 -31.0500
v  -16.1000 0.0000 -31.5500
v  -14.3000 0.0000 -32.0500
v  -13.8000 0.0000 -31.0500
v  -13.8000 0.0000 -32.0500
v  -19.4000 0.0000 -34.3500
v  -19.4000 0.0000 -33.3500
v  -18.9000 0.0000 -34.3500
v  -18.9000 0.0000 -29.7500
v  -18.9000 0.0000 -28.7500
v  -18.4000 0.0000 -29.7500
v  -14.3000 0.0000 -34.3500
v  -14.3000 0.0000 -33.3500
v  -13.8000 0.0000 -34.3500
v  -16.1000 0.0000 -28.7500
v  -15.3500 0.0000 -28.7500
v  -16.1000 0.0000 -29.2500
v  -20.7000 0.0000 -29.0000
v  -20.7000 0.0000 -29.7500
v  -17.1000 0.0000 -28.2500
v  -16.3500 0.0000 -28.2500
v  -17.1000 0.0000 -28.7500
v  -18.4000 0.0000 -33.3500
v  -17.4000 0.0000 -33.3500
v  -18.4000 0.0000 -33.8500
v  -18.4000 0.0000 -28.7504
v  -18.4000 0.0000 -27.7504
v  -17.9000 0.0000 -28.7504
v  -14.8000 0.0000 -27.7500
v  -13.8000 0.0000 -27.7500
v  -14.8000 0.0000 -28.2500
v  -13.8000 0.0000 -28.7500
v  -14.8000 0.0000 -28.7500
v  -15.6000 0.0000 -28.7504
v  -15.1000 0.0000 -27.7504
v  -15.1000 0.0000 -28.7504
v  -16.1000 0.0000 -30.5500
v  -18.4000 0.0000 -33.3504
v  -18.4000 0.0000 -32.3504
v  -17.9000 0.0000 -33.3504
v  -20.2000 0.0000 -32.3504
v  -19.7000 0.0000 -33.3504
v  -17.1000 0.0000 -32.8500
v  -17.1000 0.0000 -33.3500
v  -17.4000 0.0000 -34.3500
v  -18.4000 0.0000 -34.3500
v  -19.4000 0.0000 -30.0500
v  -18.4000 0.0000 -30.0500
v  -19.4000 0.0000 -30.5500
v  -18.4000 0.0000 -28.7500
v  -17.4000 0.0000 -28.7500
v  -18.4000 0.0000 -29.2500
v  -17.1000 0.0000 -27.7500
v  -16.1000 0.0000 -27.7500
v  -14.5500 0.0000 -30.5500
v  -14.8000 0.0000 -30.4250
v  -15.6000 0.0000 -31.0504
v  -15.6000 0.0000 -30.0504
v  -15.1000 0.0000 -31.0504
v  -22.5000 0.0000 -27.7504
v  -22.0000 0.0000 -28.7504
v  -21.2000 0.0000 -34.3500
v  -21.2000 0.0000 -33.3500
v  -21.7000 0.0000 -34.3500
v  -15.1000 0.0000 -33.8500
v  -16.1000 0.0000 -33.8500
v  -16.1000 0.0000 -33.7250
v  -14.8000 0.0000 -32.0500
v  -14.8000 0.0000 -34.3500
v  -14.8000 0.0000 -33.3500
v  -16.1000 0.0000 -34.3500
v  -17.4000 0.0000 -31.9250
v  -15.1000 0.0000 -31.5500
v  -23.0000 0.0000 -31.0500
v  -22.0000 0.0000 -31.0500
v  -15.1000 0.0000 -29.2500
v  -17.9000 0.0000 -31.0504
v  -17.9000 0.0000 -30.0504
v  -17.4000 0.0000 -31.0504
v  -18.4000 0.0000 -30.5500
v  -19.4000 0.0000 -31.0500
v  -17.1000 0.0000 -29.7500
v  -17.1000 0.0000 -34.3500
v  -17.1000 0.0000 -33.6000
v  -16.6000 0.0000 -34.3500
v  -21.7000 0.0000 -30.5500
v  -20.9500 0.0000 -30.5500
v  -21.7000 0.0000 -31.0500
v  -21.7000 0.0000 -27.7500
v  -17.9000 0.0000 -27.7504
v  -17.4000 0.0000 -28.7504
v  -21.7000 0.0000 -32.0500
v  -21.2000 0.0000 -31.0500
v  -21.2000 0.0000 -32.0500
v  -20.7000 0.0000 -31.0500
v  -19.7000 0.0000 -31.0500
v  -17.9000 0.0000 -32.3504
v  -17.4000 0.0000 -33.3504
v  -19.4000 0.0000 -32.8500
v  -20.2000 0.0000 -29.2500
v  -17.4000 0.0000 -29.2500
v  -20.2000 0.0000 -31.0504
v  -20.2000 0.0000 -30.0504
v  -19.7000 0.0000 -31.0504
v  -15.6000 0.0000 -33.1004
v  -15.1000 0.0000 -33.3504
v  -23.0000 0.0000 -31.0504
v  -23.0000 0.0000 -30.0504
v  -16.1000 0.0000 -31.0504
v  -16.1000 0.0000 -30.0504
v  -20.7000 0.0000 -33.3500
v  -18.9000 0.0000 -33.8500
v  -21.2000 0.0000 -31.8000
v  -16.1000 0.0000 -28.7504
v  -16.1000 0.0000 -27.7504
v  -16.6000 0.0000 -33.3500
v  -19.4000 0.0000 -29.7500
v  -14.8000 0.0000 -32.8500
v  -13.8000 0.0000 -33.3500
v  -19.4000 0.0000 -32.0500
v  -20.7000 0.0000 -31.0504
v  -20.7000 0.0000 -30.0504
v  -18.4000 0.0000 -31.0504
v  -18.4000 0.0000 -30.0504
v  -21.7000 0.0000 -30.0500
v  -21.4500 0.0000 -30.0500
v  -20.7000 0.0000 -28.7504
v  -20.7000 0.0000 -28.0004
v  -22.5000 0.0000 -32.3504
v  -22.0000 0.0000 -33.3504
v  -17.4000 0.0000 -31.5500
v  -17.4000 0.0000 -33.8500
v  -19.7000 0.0000 -34.3500
v  -19.7000 0.0000 -29.7500
v  -19.7000 0.0000 -29.2500
v  -17.4000 0.0000 -29.7500
v  -20.7000 0.0000 -27.7500
v  -14.3000 0.0000 -31.0500
v  -15.6000 0.0000 -27.7504
v  -16.1000 0.0000 -33.3500
v  -22.0000 0.0000 -27.7504
v  -19.7000 0.0000 -33.3500
v  -13.8000 0.0000 -28.2500
v  -18.4000 0.0000 -27.7500
v  -15.1000 0.0000 -32.0500
v  -22.0000 0.0000 -32.0500
v  -16.1000 0.0000 -28.2500
v  -23.0000 0.0000 -27.7504
v  -22.0000 0.0000 -32.3504
v  -15.1000 0.0000 -33.3500
v  -16.6000 0.0000 -31.0500
v  -21.2000 0.0000 -28.7500
v  -20.7000 0.0000 -30.5500
v  -17.4000 0.0000 -32.3504
v  -17.5250 0.0000 -32.3504
v  -20.2000 0.0000 -27.7504
v  -20.7000 0.0000 -27.7504
v  -17.4000 0.0000 -32.0500
v  -14.8000 0.0000 -30.0500
v  -13.8000 0.0000 -30.0500
v  -20.7000 0.0000 -30.0500
v  -19.7000 0.0000 -32.3504
v  -15.1000 0.0000 -32.3504
v  -19.7000 0.0000 -27.7504
v  -19.7000 0.0000 -32.0500
v  -19.7000 0.0000 -31.9250
v  -15.1000 0.0000 -28.7500
v  -17.4000 0.0000 -30.0504
v  -18.9000 0.0000 -33.3500
v  -17.4000 0.0000 -27.7504
v  -22.0000 0.0000 -30.0504
v  -22.0000 0.0000 -29.2500
v  -19.7000 0.0000 -30.0504
v  -15.1000 0.0000 -34.3500
v  -15.1000 0.0000 -29.7500
v  -22.0000 0.0000 -34.3500
v  -22.0000 0.0000 -29.7500
v  -15.1000 0.0000 -30.0504
v  -15.6000 0.0000 -32.3504
v  -19.4000 0.0000 -32.3500
v  -14.8000 0.0000 -32.3500
v  -14.5500 0.0000 -32.8500
v  -16.3500 0.0000 -32.8500
v  -16.6000 0.0000 -32.8500
v  -13.8000 0.0000 -34.6500
v  -22.0000 0.0000 -34.6500
v  -20.7000 0.0000 -34.6500
v  -18.4000 0.0000 -34.6500
v  -17.1000 0.0000 -34.6500
v  -16.1000 0.0000 -34.6500
v  -17.4000 0.0000 -34.6500
v  -15.1000 0.0000 -34.6500
v  -19.7000 0.0000 -34.6500
v  -19.4000 0.0000 -34.6500
v  -14.8000 0.0000 -34.6500
v  -21.7000 0.0000 -34.6500
v  -21.7000 0.0000 -34.5000
v  -23.0000 0.0000 -34.6500
v  -20.7000 0.0000 -34.5750
v  -15.1000 0.0000 -27.7500
v  -17.1000 0.0000 -30.3000
v  -14.8000 0.0000 -31.5500
v  -17.1000 0.0000 -34.5750
v  -17.4000 0.0000 -28.2500
v  -17.1750 0.0000 -28.7500
v  -17.4000 0.0000 -30.0500
v  -17.4000 0.0000 -32.3500
v  -15.1000 0.0000 -32.3500
v  -17.1750 0.0000 -34.3500
v  -15.1000 0.0000 -30.0500
v  -14.8750 0.0000 -32.3500
v  -14.8000 0.0000 -33.8500
v  -17.4000 0.0000 -27.7500
v  -19.7000 0.0000 -30.8000
v  -19.6250 0.0000 -30.8000
v  -22.0000 0.0000 -27.7500
v  -21.7000 0.0000 -33.8500
v  -22.0000 0.0000 -28.5000
v  -21.7750 0.0000 -28.2500
v  -21.7750 0.0000 -34.6500
v  -21.7000 0.0000 -34.5750
v  -22.0000 0.0000 -30.0500
v  -19.7000 0.0000 -32.3500
v  -21.7750 0.0000 -34.3500
v  -21.9250 0.0000 -28.7500
v  -22.0000 0.0000 -32.3500
v  -21.7000 0.0000 -32.3500
v  -19.7000 0.0000 -30.0500
v  -19.7000 0.0000 -27.7500
v  -19.4000 0.0000 -32.2750
v  -19.7000 0.0000 -27.4500
v  -18.4000 0.0000 -27.4500
v  -19.1500 0.0000 -27.4500
v  -19.4000 0.0000 -27.4500
v  -15.8500 0.0000 -29.7500
v  -20.7000 0.0000 -27.4500
v  -21.2000 0.0000 -27.4500
v  -21.7000 0.0000 -27.4500
v  -22.0000 0.0000 -27.4500
v  -18.1500 0.0000 -29.7500
v  -20.7000 0.0000 -32.3500
v  -17.4000 0.0000 -27.4500
v  -16.8500 0.0000 -27.7500
v  -16.1000 0.0000 -27.4500
v  -14.8000 0.0000 -27.4500
v  -15.1000 0.0000 -27.4500
v  -13.8000 0.0000 -27.4500
v  -19.7000 0.0000 -29.9750
v  -14.8750 0.0000 -32.0500
v  -21.7000 0.0000 -27.5250
v  -17.1000 0.0000 -27.4500
v  -23.0000 0.0000 -27.4500
v  -15.8500 0.0000 -32.3500
v  -23.0000 0.0000 -32.3500
v  -23.0000 0.0000 -27.7500
v  -19.4000 0.0000 -27.6000
v  -17.4000 0.0000 -29.8250
v  -14.8000 0.0000 -32.2000
v  -16.1000 0.0000 -32.2000
v  -22.0000 0.0000 -27.6750
v  -18.1500 0.0000 -30.0500
v  -17.4000 0.0000 -29.9000
v  -23.0000 0.0000 -30.0500
v  -21.4500 0.0000 -32.8500
v  -16.8500 0.0000 -32.8500
v  -19.1500 0.0000 -32.8500
v  -20.7000 0.0000 -34.5000
v  -19.7000 0.0000 -30.5500
v  -22.0000 0.0000 -34.5750
v  1.0000 0.0000 41.2496
v  1.0000 0.0000 40.2496
v  0.5000 0.0000 40.2496
v  0.0000 0.0000 37.9496
v  0.0000 0.0000 38.9496
v  0.5000 0.0000 37.9496
v  3.6000 0.0000 38.4500
v  4.6000 0.0000 38.4500
v  3.6000 0.0000 37.9500
v  -4.6000 0.0000 31.0496
v  -4.6000 0.0000 32.0496
v  -4.1000 0.0000 31.0496
v  2.8000 0.0000 37.9496
v  2.8000 0.0000 38.9496
v  3.3000 0.0000 37.9496
v  3.6000 0.0000 29.2500
v  4.6000 0.0000 29.2500
v  3.6000 0.0000 28.7500
v  2.8000 0.0000 28.7496
v  2.8000 0.0000 29.7496
v  3.3000 0.0000 28.7496
v  -3.3000 0.0000 41.2500
v  -2.3000 0.0000 41.2500
v  -3.3000 0.0000 40.7500
v  -2.3000 0.0000 37.4500
v  -1.8000 0.0000 37.4500
v  -2.3000 0.0000 36.9500
v  -2.8000 0.0000 32.3500
v  -2.3000 0.0000 33.3500
v  -2.3000 0.0000 32.3500
v  2.3000 0.0000 37.9496
v  2.3000 0.0000 38.9496
v  -2.3000 0.0000 37.9500
v  -1.3000 0.0000 37.4500
v  -0.5000 0.0000 36.9500
v  -0.5000 0.0000 37.9500
v  0.0000 0.0000 36.9500
v  -3.3000 0.0000 29.2500
v  -2.3000 0.0000 29.2500
v  -3.3000 0.0000 28.7500
v  -2.3000 0.0000 31.0496
v  -2.3000 0.0000 32.0496
v  -1.8000 0.0000 31.0496
v  1.8000 0.0000 39.2500
v  1.8000 0.0000 40.2500
v  2.3000 0.0000 39.2500
v  1.3000 0.0000 29.2500
v  2.3000 0.0000 28.7500
v  1.3000 0.0000 28.7500
v  -1.0000 0.0000 36.9500
v  -1.0000 0.0000 37.9500
v  1.3000 0.0000 39.2500
v  1.3000 0.0000 40.0000
v  -3.3000 0.0000 34.3500
v  -2.3000 0.0000 34.3500
v  -3.3000 0.0000 33.8500
v  -3.3000 0.0000 38.4500
v  -2.8000 0.0000 38.4500
v  -3.3000 0.0000 37.9500
v  -0.5000 0.0000 39.2500
v  0.0000 0.0000 40.2500
v  0.0000 0.0000 39.2500
v  -4.1000 0.0000 35.6496
v  -4.1000 0.0000 36.6496
v  -3.6000 0.0000 35.6496
v  0.0000 0.0000 28.7496
v  0.0000 0.0000 29.7496
v  0.5000 0.0000 28.7496
v  -3.8500 0.0000 35.1500
v  -4.6000 0.0000 35.1500
v  -4.6000 0.0000 35.6500
v  1.3000 0.0000 36.1500
v  2.3000 0.0000 36.1500
v  1.3000 0.0000 35.6500
v  -3.6000 0.0000 40.2496
v  -4.1000 0.0000 40.2496
v  -4.1000 0.0000 41.2496
v  1.8000 0.0000 36.9500
v  1.8000 0.0000 37.9500
v  2.3000 0.0000 36.9500
v  -4.1000 0.0000 28.7496
v  -4.1000 0.0000 29.2496
v  -3.6000 0.0000 28.7496
v  0.5000 0.0000 33.3496
v  0.0000 0.0000 33.3496
v  0.5000 0.0000 34.3496
v  2.8000 0.0000 35.6496
v  2.8000 0.0000 36.6496
v  3.3000 0.0000 35.6496
v  -3.3000 0.0000 27.7500
v  -2.8000 0.0000 27.7500
v  -1.0000 0.0000 29.7500
v  0.0000 0.0000 29.7500
v  -1.0000 0.0000 29.2500
v  3.6000 0.0000 29.7500
v  4.6000 0.0000 29.7500
v  0.0000 0.0000 32.8500
v  1.0000 0.0000 32.8500
v  0.0000 0.0000 32.3500
v  2.3000 0.0000 30.5500
v  3.3000 0.0000 30.5500
v  2.3000 0.0000 30.0500
v  2.3000 0.0000 31.0496
v  2.3000 0.0000 32.0496
v  2.8000 0.0000 31.0496
v  -1.0000 0.0000 38.9500
v  0.0000 0.0000 38.9500
v  -1.0000 0.0000 38.4500
v  -3.6000 0.0000 38.9496
v  -3.6000 0.0000 37.9496
v  -4.1000 0.0000 37.9496
v  -2.3000 0.0000 35.1500
v  -1.3000 0.0000 35.1500
v  -2.3000 0.0000 34.6500
v  -4.6000 0.0000 31.0500
v  -4.1000 0.0000 31.0500
v  -4.6000 0.0000 30.5500
v  3.6000 0.0000 40.7500
v  4.6000 0.0000 40.7500
v  3.6000 0.0000 40.2500
v  -3.3000 0.0000 29.7500
v  -2.3000 0.0000 29.7500
v  1.8000 0.0000 32.3500
v  1.8000 0.0000 33.3500
v  2.3000 0.0000 32.3500
v  -4.6000 0.0000 33.3500
v  -3.6000 0.0000 33.3500
v  -4.6000 0.0000 32.8500
v  3.3000 0.0000 32.0496
v  3.3000 0.0000 31.0496
v  -4.6000 0.0000 40.2500
v  -3.6000 0.0000 40.2500
v  -4.6000 0.0000 39.7500
v  -2.3000 0.0000 31.0500
v  -1.3000 0.0000 31.0500
v  -2.3000 0.0000 30.5500
v  2.3000 0.0000 37.4500
v  3.3000 0.0000 36.9500
v  -2.3000 0.0000 32.8500
v  -1.3000 0.0000 32.8500
v  -0.5000 0.0000 30.0500
v  -0.5000 0.0000 31.0500
v  0.0000 0.0000 30.0500
v  2.3000 0.0000 33.3500
v  3.3000 0.0000 32.8500
v  2.3000 0.0000 32.8500
v  -1.3000 0.0000 33.3500
v  -3.3000 0.0000 36.1500
v  -2.3000 0.0000 36.1500
v  -3.3000 0.0000 35.6500
v  1.3000 0.0000 38.9500
v  2.3000 0.0000 38.9500
v  1.3000 0.0000 38.4500
v  -1.0000 0.0000 36.6500
v  0.0000 0.0000 36.6500
v  -1.0000 0.0000 36.1500
v  1.3000 0.0000 32.0500
v  2.3000 0.0000 32.0500
v  1.3000 0.0000 31.5500
v  -2.3000 0.0000 35.6496
v  -2.3000 0.0000 36.6496
v  -1.8000 0.0000 35.6496
v  -2.3000 0.0000 28.2500
v  -1.3000 0.0000 28.2500
v  -2.3000 0.0000 27.7500
v  0.0000 0.0000 39.7500
v  1.0000 0.0000 39.7500
v  -1.0000 0.0000 32.0500
v  0.0000 0.0000 32.0500
v  -1.0000 0.0000 31.5500
v  3.6000 0.0000 36.6500
v  4.6000 0.0000 36.6500
v  3.6000 0.0000 36.1500
v  0.5000 0.0000 35.6496
v  0.0000 0.0000 35.6496
v  0.0000 0.0000 36.6496
v  -3.8500 0.0000 34.6500
v  -4.6000 0.0000 34.6500
v  -4.6000 0.0000 34.7750
v  -2.8000 0.0000 36.9500
v  1.3000 0.0000 36.9500
v  1.3000 0.0000 37.7000
v  -2.3000 0.0000 40.2496
v  -2.3000 0.0000 41.2496
v  -1.8000 0.0000 40.2496
v  1.8000 0.0000 30.0500
v  2.3000 0.0000 31.0500
v  4.1000 0.0000 34.6500
v  4.1000 0.0000 34.9000
v  4.6000 0.0000 34.6500
v  3.6000 0.0000 36.9500
v  4.1000 0.0000 36.9500
v  -4.6000 0.0000 28.7500
v  -3.6000 0.0000 28.7500
v  -4.6000 0.0000 28.2500
v  -1.0000 0.0000 40.7500
v  0.0000 0.0000 40.7500
v  -1.0000 0.0000 40.2500
v  0.0000 0.0000 31.5500
v  -1.0000 0.0000 31.0500
v  -1.0000 0.0000 33.8500
v  0.0000 0.0000 33.3500
v  -1.0000 0.0000 33.3500
v  2.3000 0.0000 35.6496
v  2.3000 0.0000 36.6496
v  2.3000 0.0000 28.7496
v  2.3000 0.0000 29.7496
v  3.6000 0.0000 27.7500
v  4.1000 0.0000 27.7500
v  1.5500 0.0000 38.4500
v  1.3000 0.0000 37.9500
v  0.0000 0.0000 30.5500
v  1.0000 0.0000 30.5500
v  -1.8000 0.0000 33.3496
v  -1.8000 0.0000 34.3496
v  -1.3000 0.0000 33.3496
v  -3.6000 0.0000 31.5496
v  -3.6000 0.0000 31.0496
v  4.1000 0.0000 28.5000
v  4.6000 0.0000 27.7500
v  -4.6000 0.0000 37.9496
v  -4.6000 0.0000 38.9496
v  1.3000 0.0000 40.7500
v  2.3000 0.0000 40.2500
v  1.3000 0.0000 40.2500
v  0.0000 0.0000 28.7500
v  1.0000 0.0000 28.7500
v  0.0000 0.0000 28.2500
v  -4.1000 0.0000 35.8996
v  -4.2250 0.0000 35.6496
v  1.0000 0.0000 33.3496
v  -2.3000 0.0000 31.5500
v  -3.3000 0.0000 31.5500
v  -3.3000 0.0000 31.6750
v  -4.6000 0.0000 37.9500
v  -3.6000 0.0000 37.9500
v  -4.6000 0.0000 37.4500
v  -3.6000 0.0000 36.9500
v  -4.6000 0.0000 36.9500
v  3.6000 0.0000 39.2500
v  4.1000 0.0000 39.2500
v  0.0000 0.0000 29.2500
v  -1.0000 0.0000 28.7500
v  -2.3000 0.0000 37.9496
v  -2.3000 0.0000 38.9496
v  -1.8000 0.0000 37.9496
v  -3.3000 0.0000 36.9500
v  -3.3000 0.0000 37.2000
v  -2.8000 0.0000 28.7500
v  3.6000 0.0000 34.6500
v  4.1000 0.0000 35.6500
v  3.6000 0.0000 40.8750
v  -4.1000 0.0000 33.3496
v  -4.1000 0.0000 34.3496
v  -3.6000 0.0000 33.3496
v  -0.5000 0.0000 32.3500
v  -0.5000 0.0000 33.3500
v  4.1000 0.0000 37.9500
v  4.6000 0.0000 36.9500
v  1.3000 0.0000 34.6500
v  1.8000 0.0000 34.6500
v  -1.0000 0.0000 34.6500
v  -1.0000 0.0000 35.6500
v  -0.5000 0.0000 34.6500
v  4.1000 0.0000 30.0500
v  4.1000 0.0000 31.0500
v  4.6000 0.0000 30.0500
v  2.3000 0.0000 33.3496
v  2.3000 0.0000 34.3496
v  2.8000 0.0000 33.3496
v  -3.0500 0.0000 31.5500
v  -3.3000 0.0000 31.0500
v  1.3000 0.0000 30.0500
v  1.3000 0.0000 31.0500
v  2.3000 0.0000 28.2500
v  3.3000 0.0000 27.7500
v  2.3000 0.0000 27.7500
v  1.0000 0.0000 35.1500
v  0.0000 0.0000 35.1500
v  0.0000 0.0000 35.6500
v  -0.5000 0.0000 35.6500
v  0.0000 0.0000 34.6500
v  1.3000 0.0000 32.3500
v  1.3000 0.0000 33.3500
v  1.0000 0.0000 31.0496
v  0.5000 0.0000 31.0496
v  1.0000 0.0000 32.0496
v  1.3000 0.0000 36.6500
v  4.1000 0.0000 40.2500
v  4.6000 0.0000 39.2500
v  0.0000 0.0000 36.1500
v  2.8000 0.0000 34.3496
v  3.3000 0.0000 33.3496
v  -1.9250 0.0000 28.7496
v  -1.8000 0.0000 28.9996
v  -1.8000 0.0000 28.7496
v  3.6000 0.0000 31.5500
v  4.6000 0.0000 31.0500
v  3.6000 0.0000 31.0500
v  1.3000 0.0000 27.7500
v  1.8000 0.0000 27.7500
v  1.3000 0.0000 33.8500
v  2.3000 0.0000 33.8500
v  3.6000 0.0000 38.9500
v  4.3500 0.0000 38.9500
v  -3.3000 0.0000 30.0500
v  -2.8000 0.0000 30.0500
v  -1.8000 0.0000 41.2496
v  -1.3000 0.0000 40.2496
v  -1.3000 0.0000 30.5500
v  -2.3000 0.0000 30.0500
v  2.3000 0.0000 34.6500
v  1.8000 0.0000 35.6500
v  -3.6000 0.0000 30.5500
v  -4.6000 0.0000 30.0500
v  1.3000 0.0000 41.2500
v  2.3000 0.0000 41.2500
v  3.6000 0.0000 30.0500
v  0.5000 0.0000 38.6996
v  1.0000 0.0000 37.9496
v  -3.6000 0.0000 39.2500
v  -4.6000 0.0000 39.2500
v  -2.8000 0.0000 34.6500
v  -2.8000 0.0000 35.6500
v  2.3000 0.0000 39.7500
v  3.3000 0.0000 39.7500
v  -2.3000 0.0000 40.2500
v  -1.3000 0.0000 40.2500
v  -2.3000 0.0000 39.7500
v  3.6000 0.0000 34.3500
v  4.6000 0.0000 34.3500
v  3.6000 0.0000 33.8500
v  4.1000 0.0000 32.3500
v  4.1000 0.0000 33.3500
v  4.6000 0.0000 32.3500
v  1.0000 0.0000 40.2500
v  2.3000 0.0000 37.9500
v  3.3000 0.0000 37.9500
v  0.0000 0.0000 31.0500
v  0.0000 0.0000 37.4500
v  1.0000 0.0000 37.4500
v  -1.8000 0.0000 39.7500
v  -2.3000 0.0000 39.2500
v  -1.8000 0.0000 36.6496
v  -1.3000 0.0000 35.6496
v  0.0000 0.0000 31.0496
v  0.0000 0.0000 32.0496
v  -2.8000 0.0000 39.2500
v  -2.8000 0.0000 40.2500
v  -4.6000 0.0000 28.7496
v  -4.6000 0.0000 29.7496
v  0.5000 0.0000 29.7496
v  1.0000 0.0000 28.7496
v  -0.5000 0.0000 40.2500
v  -1.0000 0.0000 39.2500
v  1.3000 0.0000 34.3500
v  2.3000 0.0000 34.3500
v  3.6000 0.0000 32.0500
v  4.6000 0.0000 32.0500
v  -1.0000 0.0000 32.3500
v  -3.6000 0.0000 32.8500
v  -4.6000 0.0000 32.3500
v  -4.6000 0.0000 33.3496
v  -4.6000 0.0000 34.3496
v  -1.3000 0.0000 32.0496
v  -1.3000 0.0000 31.0496
v  -2.3000 0.0000 35.6500
v  -1.3000 0.0000 35.6500
v  3.3000 0.0000 28.2500
v  -2.3000 0.0000 33.8500
v  -3.3000 0.0000 33.3500
v  -1.0000 0.0000 41.2500
v  0.0000 0.0000 41.2500
v  2.3000 0.0000 31.5500
v  1.0000 0.0000 28.2500
v  0.0000 0.0000 27.7500
v  2.8000 0.0000 40.2496
v  3.3000 0.0000 41.2496
v  3.3000 0.0000 40.2496
v  -4.6000 0.0000 40.2496
v  -4.6000 0.0000 41.2496
v  -2.8000 0.0000 31.0500
v  -1.0000 0.0000 27.7500
v  -0.5000 0.0000 27.7500
v  -2.3000 0.0000 40.7500
v  -3.3000 0.0000 40.2500
v  -1.0000 0.0000 34.3500
v  0.0000 0.0000 33.8500
v  0.0000 0.0000 38.4500
v  1.0000 0.0000 33.3500
v  4.6000 0.0000 33.8500
v  3.6000 0.0000 33.3500
v  -3.3000 0.0000 36.6500
v  -2.3000 0.0000 36.6500
v  4.6000 0.0000 36.1500
v  3.6000 0.0000 35.6500
v  3.6000 0.0000 32.3500
v  0.5000 0.0000 36.6496
v  1.0000 0.0000 35.6496
v  0.0000 0.0000 37.9500
v  1.0000 0.0000 37.9500
v  1.3000 0.0000 29.7500
v  2.3000 0.0000 29.2500
v  -1.0000 0.0000 30.0500
v  -2.3000 0.0000 28.7500
v  -1.3000 0.0000 28.7500
v  -3.3000 0.0000 32.3500
v  -1.8000 0.0000 38.9496
v  -1.3000 0.0000 37.9496
v  -1.8000 0.0000 29.7496
v  -1.3000 0.0000 28.7496
v  0.0000 0.0000 40.2496
v  0.0000 0.0000 41.2496
v  2.3000 0.0000 35.1500
v  3.3000 0.0000 35.1500
v  3.3000 0.0000 40.2500
v  2.3000 0.0000 35.6500
v  3.3000 0.0000 35.6500
v  -3.3000 0.0000 34.6500
v  -3.3000 0.0000 38.9500
v  -2.3000 0.0000 38.4500
v  2.3000 0.0000 40.2496
v  2.3000 0.0000 41.2496
v  -0.5000 0.0000 28.7500
v  -3.6000 0.0000 28.2500
v  -4.6000 0.0000 27.7500
v  -3.3000 0.0000 39.2500
v  -2.3000 0.0000 33.3496
v  -2.3000 0.0000 34.3496
v  -1.3000 0.0000 39.7500
v  -3.6000 0.0000 39.7500
v  3.3000 0.0000 31.0500
v  1.0000 0.0000 34.6500
v  2.8000 0.0000 32.0496
v  1.0000 0.0000 27.7500
v  2.3000 0.0000 38.4500
v  -3.6000 0.0000 32.3500
v  3.3000 0.0000 34.3496
v  4.6000 0.0000 28.7500
v  -3.6000 0.0000 30.0500
v  -1.3000 0.0000 38.9496
v  0.5000 0.0000 38.9496
v  3.3000 0.0000 37.4500
v  2.8000 0.0000 41.2496
v  0.5000 0.0000 32.0496
v  3.3000 0.0000 30.0500
v  4.1000 0.0000 28.7500
v  2.3000 0.0000 36.6500
v  -4.1000 0.0000 38.9496
v  -1.3000 0.0000 34.3496
v  4.6000 0.0000 33.3500
v  1.0000 0.0000 32.3500
v  -1.3000 0.0000 36.9500
v  -1.3000 0.0000 37.0750
v  4.6000 0.0000 37.9500
v  4.3500 0.0000 37.9500
v  -1.3000 0.0000 27.7500
v  -0.3750 0.0000 31.0500
v  4.6000 0.0000 31.5500
v  -1.3000 0.0000 29.7496
v  1.0000 0.0000 30.0500
v  -1.3000 0.0000 30.0500
v  -3.6000 0.0000 35.1500
v  -3.6000 0.0000 35.6500
v  -3.6000 0.0000 27.7500
v  -4.1000 0.0000 32.0496
v  -4.2250 0.0000 32.0496
v  2.3000 0.0000 40.7500
v  0.5000 0.0000 41.2496
v  4.6000 0.0000 40.2500
v  1.0000 0.0000 39.2500
v  -3.6000 0.0000 34.6500
v  -1.8000 0.0000 32.0496
v  1.0000 0.0000 38.9496
v  -2.3000 0.0000 32.0500
v  1.0000 0.0000 36.9500
v  -1.3000 0.0000 41.2496
v  0.0000 0.0000 34.3496
v  -2.8000 0.0000 33.3500
v  3.3000 0.0000 38.9496
v  3.0500 0.0000 38.9496
v  -3.6000 0.0000 37.4500
v  4.6000 0.0000 35.6500
v  -4.6000 0.0000 35.6496
v  -4.6000 0.0000 36.6496
v  -1.3000 0.0000 36.6496
v  -2.8000 0.0000 37.9500
v  -3.6000 0.0000 32.0496
v  3.3000 0.0000 36.6496
v  -3.6000 0.0000 29.7496
v  -4.1000 0.0000 29.7496
v  -3.6000 0.0000 31.0500
v  3.3000 0.0000 33.3500
v  1.0000 0.0000 36.6496
v  -1.3000 0.0000 32.3500
v  -1.3000 0.0000 35.2750
v  4.6000 0.0000 38.5750
v  3.3000 0.0000 39.2500
v  2.3000 0.0000 29.7500
v  1.0000 0.0000 35.6500
v  -2.3000 0.0000 29.7496
v  3.3000 0.0000 28.7500
v  3.3000 0.0000 32.3500
v  1.0000 0.0000 29.7496
v  -1.3000 0.0000 37.9500
v  1.0000 0.0000 31.0500
v  3.3000 0.0000 29.7496
v  4.6000 0.0000 41.2500
v  0.0000 0.0000 34.3500
v  3.3000 0.0000 34.6500
v  -0.3750 0.0000 35.6500
v  1.8000 0.0000 31.0500
v  -3.6000 0.0000 34.3496
v  1.8000 0.0000 28.7500
v  -1.3000 0.0000 34.6500
v  -3.6000 0.0000 41.2496
v  1.0000 0.0000 34.3496
v  -2.3000 0.0000 38.9500
v  -3.6000 0.0000 36.6496
v  -1.3000 0.0000 39.2500
v  2.3000 0.0000 41.5500
v  1.3000 0.0000 41.5500
v  3.3000 0.0000 27.4500
v  3.3000 0.0000 41.5500
v  3.3000 0.0000 41.2500
v  2.5500 0.0000 41.5500
v  3.3000 0.0000 32.0500
v  -1.3000 0.0000 36.6500
v  -2.0500 0.0000 38.9500
v  -1.3000 0.0000 38.9500
v  1.0000 0.0000 27.4500
v  1.0000 0.0000 41.5500
v  1.0000 0.0000 41.2500
v  0.0000 0.0000 41.5500
v  -1.0000 0.0000 41.5500
v  -3.6000 0.0000 34.3500
v  -3.6000 0.0000 41.5500
v  -3.6000 0.0000 41.2500
v  -4.6000 0.0000 41.5500
v  -1.3000 0.0000 29.7500
v  4.6000 0.0000 41.5500
v  3.6000 0.0000 41.5500
v  -3.6000 0.0000 29.7500
v  3.3000 0.0000 36.6500
v  4.6000 0.0000 27.4500
v  3.3000 0.0000 29.7500
v  1.0000 0.0000 29.7500
v  -2.0500 0.0000 34.3500
v  -1.3000 0.0000 34.3500
v  -3.6000 0.0000 38.9500
v  2.3000 0.0000 27.4500
v  1.0000 0.0000 36.6500
v  0.5000 0.0000 36.9500
v  3.3000 0.0000 38.9500
v  1.0000 0.0000 32.0500
v  -3.3000 0.0000 27.4500
v  -2.3000 0.0000 27.4500
v  -1.8000 0.0000 34.6500
v  4.6000 0.0000 38.9500
v  1.3000 0.0000 27.4500
v  -3.6000 0.0000 36.6500
v  -1.3000 0.0000 32.0500
v  -3.0500 0.0000 39.2500
v  -1.0000 0.0000 27.4500
v  0.0000 0.0000 27.4500
v  1.0000 0.0000 38.9500
v  -1.3000 0.0000 41.5500
v  -1.3000 0.0000 41.2500
v  -1.8000 0.0000 41.5500
v  -2.0500 0.0000 36.6500
v  -1.3000 0.0000 36.8750
v  1.0000 0.0000 34.3500
v  -2.3000 0.0000 41.5500
v  2.5500 0.0000 36.6500
v  3.8500 0.0000 41.5500
v  -3.6000 0.0000 32.0500
v  -3.3000 0.0000 41.5500
v  -3.3000 0.0000 32.0500
v  -1.3000 0.0000 27.4500
v  0.5000 0.0000 34.6500
v  3.3000 0.0000 34.3500
v  -3.6000 0.0000 27.4500
v  -4.1000 0.0000 30.0500
v  -2.0500 0.0000 32.3500
v  3.6000 0.0000 41.2500
v  -4.6000 0.0000 38.9500
v  -4.6000 0.0000 29.7500
v  -4.6000 0.0000 34.3500
v  3.6000 0.0000 27.4500
v  -4.6000 0.0000 29.9000
v  3.6000 0.0000 27.5250
v  -4.6000 0.0000 36.6500
v  0.0000 0.0000 41.4750
v  -4.6000 0.0000 36.8750
v  -3.3000 0.0000 34.5000
v  -4.6000 0.0000 27.4500
v  2.5500 0.0000 36.9500
v  -4.6000 0.0000 32.0500
v  -4.6000 0.0000 41.2500
v  1.3000 0.0000 38.7000
v  1.0000 0.0000 40.5000
v  1.0750 0.0000 40.2500
v  3.6000 0.0000 41.3250
v  3.5250 0.0000 41.2500
v  3.6000 0.0000 37.7000
v  3.3000 0.0000 38.2000
v  1.0000 0.0000 41.4000
v  1.1500 0.0000 40.2500
v  3.3000 0.0000 37.7000
v  3.5250 0.0000 39.2500
v  -1.3000 0.0000 28.5000
v  -1.3000 0.0000 33.8500
v  -1.3000 0.0000 32.6000
v  -1.3000 0.0000 33.6000
v  -1.3000 0.0000 31.8000
v  -1.3000 0.0000 41.4000
v  -3.6000 0.0000 36.7250
v  -1.2250 0.0000 34.3500
v  -1.0000 0.0000 32.2000
v  -3.6000 0.0000 39.1750
v  -1.0000 0.0000 32.1250
v  -1.2250 0.0000 32.0500
v  -1.3000 0.0000 29.8250
v  -3.6000 0.0000 32.2000
v  -1.3000 0.0000 29.5000
v  -1.3000 0.0000 34.1000
v  -3.4500 0.0000 35.6500
v  -3.3750 0.0000 34.6500
v  -3.5250 0.0000 37.9500
v  -3.4500 0.0000 37.9500
v  -2.3000 0.0000 28.7496
v  10.2000 0.0000 41.2496
v  10.2000 0.0000 40.2496
v  9.7000 0.0000 40.2496
v  9.2000 0.0000 37.9496
v  9.2000 0.0000 38.9496
v  9.7000 0.0000 37.9496
v  4.6000 0.0000 31.0496
v  4.6000 0.0000 32.0496
v  5.1000 0.0000 31.0496
v  5.9000 0.0000 41.2500
v  6.9000 0.0000 41.2500
v  5.9000 0.0000 40.7500
v  6.9000 0.0000 37.4500
v  7.4000 0.0000 37.4500
v  6.9000 0.0000 36.9500
v  6.4000 0.0000 32.3500
v  6.9000 0.0000 33.3500
v  6.9000 0.0000 32.3500
v  6.9000 0.0000 37.9500
v  7.9000 0.0000 37.4500
v  8.7000 0.0000 36.9500
v  8.7000 0.0000 37.9500
v  9.2000 0.0000 36.9500
v  5.9000 0.0000 29.2500
v  6.9000 0.0000 29.2500
v  5.9000 0.0000 28.7500
v  6.9000 0.0000 31.0496
v  6.9000 0.0000 32.0496
v  7.4000 0.0000 31.0496
v  8.2000 0.0000 36.9500
v  8.2000 0.0000 37.9500
v  5.9000 0.0000 34.3500
v  6.9000 0.0000 34.3500
v  5.9000 0.0000 33.8500
v  5.9000 0.0000 38.4500
v  6.4000 0.0000 38.4500
v  5.9000 0.0000 37.9500
v  8.7000 0.0000 39.2500
v  9.2000 0.0000 40.2500
v  9.2000 0.0000 39.2500
v  5.1000 0.0000 35.6496
v  5.1000 0.0000 36.6496
v  5.6000 0.0000 35.6496
v  9.2000 0.0000 28.7496
v  9.2000 0.0000 29.7496
v  9.7000 0.0000 28.7496
v  5.3500 0.0000 35.1500
v  4.6000 0.0000 35.1500
v  5.6000 0.0000 40.2496
v  5.1000 0.0000 40.2496
v  5.1000 0.0000 41.2496
v  5.1000 0.0000 28.7496
v  5.1000 0.0000 29.2496
v  5.6000 0.0000 28.7496
v  9.7000 0.0000 33.3496
v  9.2000 0.0000 33.3496
v  9.7000 0.0000 34.3496
v  5.9000 0.0000 27.7500
v  6.4000 0.0000 27.7500
v  8.2000 0.0000 29.7500
v  9.2000 0.0000 29.7500
v  8.2000 0.0000 29.2500
v  9.2000 0.0000 32.8500
v  10.2000 0.0000 32.8500
v  9.2000 0.0000 32.3500
v  8.2000 0.0000 38.9500
v  9.2000 0.0000 38.9500
v  8.2000 0.0000 38.4500
v  5.6000 0.0000 38.9496
v  5.6000 0.0000 37.9496
v  5.1000 0.0000 37.9496
v  6.9000 0.0000 35.1500
v  7.9000 0.0000 35.1500
v  6.9000 0.0000 34.6500
v  5.1000 0.0000 31.0500
v  4.6000 0.0000 30.5500
v  5.9000 0.0000 29.7500
v  6.9000 0.0000 29.7500
v  5.6000 0.0000 33.3500
v  4.6000 0.0000 32.8500
v  5.6000 0.0000 40.2500
v  4.6000 0.0000 39.7500
v  6.9000 0.0000 31.0500
v  7.9000 0.0000 31.0500
v  6.9000 0.0000 30.5500
v  6.9000 0.0000 32.8500
v  7.9000 0.0000 32.8500
v  8.7000 0.0000 30.0500
v  8.7000 0.0000 31.0500
v  9.2000 0.0000 30.0500
v  7.9000 0.0000 33.3500
v  5.9000 0.0000 36.1500
v  6.9000 0.0000 36.1500
v  5.9000 0.0000 35.6500
v  8.2000 0.0000 36.6500
v  9.2000 0.0000 36.6500
v  8.2000 0.0000 36.1500
v  6.9000 0.0000 35.6496
v  6.9000 0.0000 36.6496
v  7.4000 0.0000 35.6496
v  6.9000 0.0000 28.2500
v  7.9000 0.0000 28.2500
v  6.9000 0.0000 27.7500
v  9.2000 0.0000 39.7500
v  10.2000 0.0000 39.7500
v  8.2000 0.0000 32.0500
v  9.2000 0.0000 32.0500
v  8.2000 0.0000 31.5500
v  9.7000 0.0000 35.6496
v  9.2000 0.0000 35.6496
v  9.2000 0.0000 36.6496
v  5.3500 0.0000 34.6500
v  4.6000 0.0000 34.7750
v  6.4000 0.0000 36.9500
v  6.9000 0.0000 40.2496
v  6.9000 0.0000 41.2496
v  7.4000 0.0000 40.2496
v  5.6000 0.0000 28.7500
v  4.6000 0.0000 28.2500
v  8.2000 0.0000 40.7500
v  9.2000 0.0000 40.7500
v  8.2000 0.0000 40.2500
v  9.2000 0.0000 31.5500
v  8.2000 0.0000 31.0500
v  8.2000 0.0000 33.8500
v  9.2000 0.0000 33.3500
v  8.2000 0.0000 33.3500
v  9.2000 0.0000 30.5500
v  10.2000 0.0000 30.5500
v  7.4000 0.0000 33.3496
v  7.4000 0.0000 34.3496
v  7.9000 0.0000 33.3496
v  5.6000 0.0000 31.5496
v  5.6000 0.0000 31.0496
v  4.6000 0.0000 37.9496
v  4.6000 0.0000 38.9496
v  9.2000 0.0000 28.7500
v  10.2000 0.0000 28.7500
v  9.2000 0.0000 28.2500
v  5.1000 0.0000 35.8996
v  4.9750 0.0000 35.6496
v  10.2000 0.0000 33.3496
v  6.9000 0.0000 31.5500
v  5.9000 0.0000 31.5500
v  5.9000 0.0000 31.6750
v  5.6000 0.0000 37.9500
v  4.6000 0.0000 37.4500
v  5.6000 0.0000 36.9500
v  9.2000 0.0000 29.2500
v  8.2000 0.0000 28.7500
v  6.9000 0.0000 37.9496
v  6.9000 0.0000 38.9496
v  7.4000 0.0000 37.9496
v  5.9000 0.0000 36.9500
v  5.9000 0.0000 37.2000
v  6.4000 0.0000 28.7500
v  5.1000 0.0000 33.3496
v  5.1000 0.0000 34.3496
v  5.6000 0.0000 33.3496
v  8.7000 0.0000 32.3500
v  8.7000 0.0000 33.3500
v  8.2000 0.0000 34.6500
v  8.2000 0.0000 35.6500
v  8.7000 0.0000 34.6500
v  6.1500 0.0000 31.5500
v  5.9000 0.0000 31.0500
v  10.2000 0.0000 35.1500
v  9.2000 0.0000 35.1500
v  9.2000 0.0000 35.6500
v  8.7000 0.0000 35.6500
v  9.2000 0.0000 34.6500
v  10.2000 0.0000 31.0496
v  9.7000 0.0000 31.0496
v  10.2000 0.0000 32.0496
v  9.2000 0.0000 36.1500
v  7.2750 0.0000 28.7496
v  7.4000 0.0000 28.9996
v  7.4000 0.0000 28.7496
v  5.9000 0.0000 30.0500
v  6.4000 0.0000 30.0500
v  7.4000 0.0000 41.2496
v  7.9000 0.0000 40.2496
v  7.9000 0.0000 30.5500
v  6.9000 0.0000 30.0500
v  5.6000 0.0000 30.5500
v  9.7000 0.0000 38.6996
v  10.2000 0.0000 37.9496
v  5.6000 0.0000 39.2500
v  6.4000 0.0000 34.6500
v  6.4000 0.0000 35.6500
v  6.9000 0.0000 40.2500
v  7.9000 0.0000 40.2500
v  6.9000 0.0000 39.7500
v  10.2000 0.0000 40.2500
v  9.2000 0.0000 31.0500
v  9.2000 0.0000 37.4500
v  10.2000 0.0000 37.4500
v  7.4000 0.0000 39.7500
v  6.9000 0.0000 39.2500
v  7.4000 0.0000 36.6496
v  7.9000 0.0000 35.6496
v  9.2000 0.0000 31.0496
v  9.2000 0.0000 32.0496
v  6.4000 0.0000 39.2500
v  6.4000 0.0000 40.2500
v  4.6000 0.0000 28.7496
v  4.6000 0.0000 29.7496
v  9.7000 0.0000 29.7496
v  10.2000 0.0000 28.7496
v  8.7000 0.0000 40.2500
v  8.2000 0.0000 39.2500
v  8.2000 0.0000 32.3500
v  5.6000 0.0000 32.8500
v  4.6000 0.0000 33.3496
v  4.6000 0.0000 34.3496
v  7.9000 0.0000 32.0496
v  7.9000 0.0000 31.0496
v  6.9000 0.0000 35.6500
v  7.9000 0.0000 35.6500
v  6.9000 0.0000 33.8500
v  5.9000 0.0000 33.3500
v  8.2000 0.0000 41.2500
v  9.2000 0.0000 41.2500
v  10.2000 0.0000 28.2500
v  9.2000 0.0000 27.7500
v  4.6000 0.0000 40.2496
v  4.6000 0.0000 41.2496
v  6.4000 0.0000 31.0500
v  8.2000 0.0000 27.7500
v  8.7000 0.0000 27.7500
v  6.9000 0.0000 40.7500
v  5.9000 0.0000 40.2500
v  8.2000 0.0000 34.3500
v  9.2000 0.0000 33.8500
v  9.2000 0.0000 38.4500
v  10.2000 0.0000 33.3500
v  5.9000 0.0000 36.6500
v  6.9000 0.0000 36.6500
v  9.7000 0.0000 36.6496
v  10.2000 0.0000 35.6496
v  9.2000 0.0000 37.9500
v  10.2000 0.0000 37.9500
v  8.2000 0.0000 30.0500
v  6.9000 0.0000 28.7500
v  7.9000 0.0000 28.7500
v  5.9000 0.0000 32.3500
v  7.4000 0.0000 38.9496
v  7.9000 0.0000 37.9496
v  7.4000 0.0000 29.7496
v  7.9000 0.0000 28.7496
v  9.2000 0.0000 40.2496
v  9.2000 0.0000 41.2496
v  5.9000 0.0000 34.6500
v  5.9000 0.0000 38.9500
v  6.9000 0.0000 38.4500
v  8.7000 0.0000 28.7500
v  5.6000 0.0000 28.2500
v  5.9000 0.0000 39.2500
v  6.9000 0.0000 33.3496
v  6.9000 0.0000 34.3496
v  7.9000 0.0000 39.7500
v  5.6000 0.0000 39.7500
v  10.2000 0.0000 34.6500
v  10.2000 0.0000 27.7500
v  5.6000 0.0000 32.3500
v  5.6000 0.0000 30.0500
v  7.9000 0.0000 38.9496
v  9.7000 0.0000 38.9496
v  9.7000 0.0000 32.0496
v  5.1000 0.0000 38.9496
v  7.9000 0.0000 34.3496
v  10.2000 0.0000 32.3500
v  7.9000 0.0000 36.9500
v  7.9000 0.0000 37.0750
v  7.9000 0.0000 27.7500
v  8.8250 0.0000 31.0500
v  7.9000 0.0000 29.7496
v  10.2000 0.0000 30.0500
v  7.9000 0.0000 30.0500
v  5.6000 0.0000 35.1500
v  5.6000 0.0000 35.6500
v  5.6000 0.0000 27.7500
v  5.1000 0.0000 32.0496
v  4.9750 0.0000 32.0496
v  9.7000 0.0000 41.2496
v  10.2000 0.0000 39.2500
v  5.6000 0.0000 34.6500
v  7.4000 0.0000 32.0496
v  10.2000 0.0000 38.9496
v  6.9000 0.0000 32.0500
v  10.2000 0.0000 36.9500
v  7.9000 0.0000 41.2496
v  9.2000 0.0000 34.3496
v  6.4000 0.0000 33.3500
v  5.6000 0.0000 37.4500
v  4.6000 0.0000 35.6496
v  4.6000 0.0000 36.6496
v  7.9000 0.0000 36.6496
v  6.4000 0.0000 37.9500
v  5.6000 0.0000 32.0496
v  5.6000 0.0000 29.7496
v  5.1000 0.0000 29.7496
v  5.6000 0.0000 31.0500
v  10.2000 0.0000 36.6496
v  7.9000 0.0000 32.3500
v  7.9000 0.0000 35.2750
v  10.2000 0.0000 35.6500
v  6.9000 0.0000 29.7496
v  10.2000 0.0000 29.7496
v  7.9000 0.0000 37.9500
v  10.2000 0.0000 31.0500
v  9.2000 0.0000 34.3500
v  8.8250 0.0000 35.6500
v  5.6000 0.0000 34.3496
v  7.9000 0.0000 34.6500
v  5.6000 0.0000 41.2496
v  10.2000 0.0000 34.3496
v  6.9000 0.0000 38.9500
v  5.6000 0.0000 36.6496
v  7.9000 0.0000 39.2500
v  7.9000 0.0000 36.6500
v  7.1500 0.0000 38.9500
v  7.9000 0.0000 38.9500
v  10.2000 0.0000 27.4500
v  10.2000 0.0000 41.5500
v  10.2000 0.0000 41.2500
v  9.2000 0.0000 41.5500
v  8.2000 0.0000 41.5500
v  5.6000 0.0000 34.3500
v  5.6000 0.0000 41.5500
v  5.6000 0.0000 41.2500
v  7.9000 0.0000 29.7500
v  5.6000 0.0000 29.7500
v  10.2000 0.0000 29.7500
v  7.1500 0.0000 34.3500
v  7.9000 0.0000 34.3500
v  5.6000 0.0000 38.9500
v  10.2000 0.0000 36.6500
v  9.7000 0.0000 36.9500
v  10.2000 0.0000 32.0500
v  5.9000 0.0000 27.4500
v  6.9000 0.0000 27.4500
v  7.4000 0.0000 34.6500
v  5.6000 0.0000 36.6500
v  7.9000 0.0000 32.0500
v  6.1500 0.0000 39.2500
v  8.2000 0.0000 27.4500
v  9.2000 0.0000 27.4500
v  10.2000 0.0000 38.9500
v  7.9000 0.0000 41.5500
v  7.9000 0.0000 41.2500
v  7.4000 0.0000 41.5500
v  7.1500 0.0000 36.6500
v  7.9000 0.0000 36.8750
v  10.2000 0.0000 34.3500
v  6.9000 0.0000 41.5500
v  5.6000 0.0000 32.0500
v  5.9000 0.0000 41.5500
v  5.9000 0.0000 32.0500
v  7.9000 0.0000 27.4500
v  9.7000 0.0000 34.6500
v  5.6000 0.0000 27.4500
v  5.1000 0.0000 30.0500
v  7.1500 0.0000 32.3500
v  4.6000 0.0000 29.9000
v  9.2000 0.0000 41.4750
v  4.6000 0.0000 36.8750
v  5.9000 0.0000 34.5000
v  10.5000 0.0000 29.7500
v  10.5000 0.0000 34.6500
v  10.5000 0.0000 34.3500
v  10.5000 0.0000 37.9500
v  10.5000 0.0000 38.7000
v  10.5000 0.0000 41.2500
v  10.5000 0.0000 35.6500
v  10.5000 0.0000 36.6500
v  10.5000 0.0000 30.0500
v  10.5000 0.0000 32.0500
v  10.5000 0.0000 33.3500
v  10.5000 0.0000 32.3500
v  10.5000 0.0000 36.9500
v  10.5000 0.0000 27.7500
v  10.5000 0.0000 37.7000
v  10.5000 0.0000 40.2500
v  10.2000 0.0000 40.5000
v  10.2750 0.0000 40.2500
v  10.5000 0.0000 38.9500
v  10.5000 0.0000 27.4500
v  10.5000 0.0000 31.0500
v  10.5000 0.0000 39.2500
v  10.5000 0.0000 28.7500
v  10.2000 0.0000 41.4000
v  10.5000 0.0000 41.5500
v  10.3500 0.0000 40.2500
v  7.9000 0.0000 28.5000
v  7.9000 0.0000 33.8500
v  7.9000 0.0000 32.6000
v  7.9000 0.0000 33.6000
v  7.9000 0.0000 31.8000
v  7.9000 0.0000 41.4000
v  5.6000 0.0000 36.7250
v  7.9750 0.0000 34.3500
v  8.2000 0.0000 32.2000
v  5.6000 0.0000 39.1750
v  8.2000 0.0000 32.1250
v  7.9750 0.0000 32.0500
v  7.9000 0.0000 29.8250
v  5.6000 0.0000 32.2000
v  7.9000 0.0000 29.5000
v  7.9000 0.0000 34.1000
v  5.7500 0.0000 35.6500
v  5.8250 0.0000 34.6500
v  5.6750 0.0000 37.9500
v  5.7500 0.0000 37.9500
v  6.9000 0.0000 28.7496
v  6.9000 0.0000 -32.8500
v  5.9000 0.0000 -32.7250
v  6.6500 0.0000 -32.4750
v  11.5000 0.0000 -32.8500
v  10.5000 0.0000 -32.3500
v  11.5000 0.0000 -32.3500
v  13.8000 0.0000 -32.8500
v  13.3000 0.0000 -32.8500
v  13.8000 0.0000 -32.3500
v  9.2000 0.0000 -32.8500
v  8.7000 0.0000 -32.8500
v  9.2000 0.0000 -32.3500
v  6.9000 0.0000 -37.9500
v  7.9000 0.0000 -37.9500
v  6.9000 0.0000 -38.4500
v  10.2000 0.0000 -41.5504
v  10.2000 0.0000 -42.5504
v  9.7000 0.0000 -42.5504
v  7.4000 0.0000 -37.9504
v  7.4000 0.0000 -36.9504
v  7.9000 0.0000 -37.9504
v  10.5000 0.0000 -30.0500
v  11.5000 0.0000 -30.0500
v  10.5000 0.0000 -30.5500
v  5.9000 0.0000 -28.2500
v  6.9000 0.0000 -28.2500
v  5.9000 0.0000 -28.7500
v  8.2000 0.0000 -37.4500
v  9.2000 0.0000 -37.4500
v  8.2000 0.0000 -37.9500
v  6.9000 0.0000 -31.5500
v  7.9000 0.0000 -31.5500
v  6.9000 0.0000 -32.0500
v  6.9000 0.0000 -28.7500
v  7.9000 0.0000 -28.7500
v  6.9000 0.0000 -29.2500
v  5.9000 0.0000 -29.7500
v  6.4000 0.0000 -29.7500
v  12.0000 0.0000 -40.2504
v  12.5000 0.0000 -39.2504
v  12.5000 0.0000 -40.2504
v  6.9000 0.0000 -38.9500
v  6.4000 0.0000 -38.9500
v  5.1000 0.0000 -37.9504
v  5.1000 0.0000 -36.9504
v  5.6000 0.0000 -37.9504
v  5.9000 0.0000 -41.5500
v  6.9000 0.0000 -41.5500
v  5.9000 0.0000 -42.0500
v  9.2000 0.0000 -37.9504
v  9.2000 0.0000 -36.9504
v  9.7000 0.0000 -37.9504
v  11.0000 0.0000 -41.2500
v  11.0000 0.0000 -40.2500
v  11.5000 0.0000 -41.2500
v  12.8000 0.0000 -39.7500
v  13.8000 0.0000 -39.7500
v  12.8000 0.0000 -40.2500
v  9.2000 0.0000 -31.0500
v  10.2000 0.0000 -31.0500
v  9.2000 0.0000 -31.5500
v  10.5000 0.0000 -38.9500
v  10.5000 0.0000 -37.9500
v  11.0000 0.0000 -38.9500
v  5.1000 0.0000 -31.0504
v  5.1000 0.0000 -30.0504
v  5.6000 0.0000 -31.0504
v  8.7000 0.0000 -32.0500
v  8.7000 0.0000 -31.0500
v  9.2000 0.0000 -32.0500
v  11.0000 0.0000 -43.5500
v  11.0000 0.0000 -42.5500
v  11.5000 0.0000 -43.5500
v  10.5000 0.0000 -43.5500
v  10.5000 0.0000 -42.8000
v  8.7000 0.0000 -43.5500
v  9.2000 0.0000 -42.5500
v  9.2000 0.0000 -43.5500
v  9.2000 0.0000 -40.7500
v  10.2000 0.0000 -40.7500
v  9.2000 0.0000 -41.2500
v  9.2000 0.0000 -40.2504
v  9.2000 0.0000 -39.2504
v  9.7000 0.0000 -40.2504
v  4.6000 0.0000 -33.8500
v  5.6000 0.0000 -33.8500
v  5.6000 0.0000 -42.5504
v  5.1000 0.0000 -42.5504
v  5.1000 0.0000 -41.5504
v  8.2000 0.0000 -27.7500
v  9.2000 0.0000 -28.2500
v  8.2000 0.0000 -28.2500
v  12.8000 0.0000 -35.1500
v  13.8000 0.0000 -35.1500
v  12.8000 0.0000 -35.6500
v  6.9000 0.0000 -37.9504
v  6.9000 0.0000 -36.9504
v  4.6000 0.0000 -31.5500
v  5.6000 0.0000 -31.5500
v  12.0000 0.0000 -38.4500
v  11.5000 0.0000 -38.4500
v  11.5000 0.0000 -38.2000
v  8.7000 0.0000 -38.9500
v  8.2000 0.0000 -38.9500
v  4.6000 0.0000 -29.2500
v  5.1000 0.0000 -29.2500
v  5.9000 0.0000 -32.8500
v  6.4000 0.0000 -32.8500
v  5.9000 0.0000 -33.3500
v  7.9000 0.0000 -28.0004
v  7.9000 0.0000 -28.7504
v  7.4000 0.0000 -28.7504
v  4.6000 0.0000 -37.9504
v  4.6000 0.0000 -36.9504
v  8.2000 0.0000 -36.9500
v  8.4500 0.0000 -36.9500
v  13.3000 0.0000 -29.7500
v  13.3000 0.0000 -28.7500
v  13.8000 0.0000 -29.7500
v  5.6000 0.0000 -28.7500
v  11.5000 0.0000 -35.6500
v  10.5000 0.0000 -35.6500
v  10.5000 0.0000 -35.1500
v  12.8000 0.0000 -42.0500
v  13.8000 0.0000 -42.0500
v  12.8000 0.0000 -42.5500
v  10.5000 0.0000 -39.2500
v  11.5000 0.0000 -39.2500
v  10.5000 0.0000 -39.7500
v  5.9000 0.0000 -35.1500
v  6.9000 0.0000 -35.6500
v  5.9000 0.0000 -35.6500
v  10.5000 0.0000 -32.0500
v  10.5000 0.0000 -31.0500
v  11.0000 0.0000 -32.0500
v  10.5000 0.0000 -36.6500
v  11.0000 0.0000 -36.6500
v  7.9000 0.0000 -38.9500
v  5.9000 0.0000 -41.2500
v  5.9000 0.0000 -40.2500
v  6.4000 0.0000 -41.2500
v  12.8000 0.0000 -30.5500
v  13.8000 0.0000 -30.5500
v  12.8000 0.0000 -31.0500
v  13.3000 0.0000 -36.6500
v  13.3000 0.0000 -35.6500
v  13.8000 0.0000 -36.6500
v  5.6000 0.0000 -42.5500
v  4.6000 0.0000 -43.0500
v  12.8000 0.0000 -36.6500
v  12.8000 0.0000 -29.7500
v  12.8000 0.0000 -29.5000
v  5.9000 0.0000 -38.9500
v  5.9000 0.0000 -37.9500
v  6.9000 0.0000 -33.3504
v  6.9000 0.0000 -32.3504
v  7.4000 0.0000 -33.3504
v  6.9000 0.0000 -33.8500
v  7.9000 0.0000 -33.8500
v  6.9000 0.0000 -34.3500
v  11.5000 0.0000 -31.0500
v  11.5000 0.0000 -32.0500
v  11.0000 0.0000 -29.7500
v  11.0000 0.0000 -28.7500
v  11.5000 0.0000 -29.7500
v  6.9000 0.0000 -40.7500
v  7.9000 0.0000 -41.2500
v  6.9000 0.0000 -41.2500
v  4.6000 0.0000 -33.3504
v  4.6000 0.0000 -32.3504
v  5.1000 0.0000 -33.3504
v  5.1000 0.0000 -35.6504
v  5.1000 0.0000 -34.6504
v  5.6000 0.0000 -35.6504
v  12.8000 0.0000 -37.4500
v  13.8000 0.0000 -37.9500
v  12.8000 0.0000 -37.9500
v  11.5000 0.0000 -33.3504
v  11.5000 0.0000 -32.3504
v  12.0000 0.0000 -33.3504
v  9.2000 0.0000 -36.1500
v  10.2000 0.0000 -36.1500
v  9.2000 0.0000 -36.6500
v  4.6000 0.0000 -40.2504
v  4.6000 0.0000 -39.2504
v  5.1000 0.0000 -40.2504
v  5.6000 0.0000 -33.3500
v  11.5000 0.0000 -40.7500
v  12.5000 0.0000 -40.7500
v  8.2000 0.0000 -28.7500
v  4.6000 0.0000 -28.7504
v  4.6000 0.0000 -28.2504
v  5.1000 0.0000 -28.7504
v  9.2000 0.0000 -43.0500
v  10.2000 0.0000 -43.0500
v  12.5000 0.0000 -31.0500
v  11.5000 0.0000 -31.5500
v  10.5000 0.0000 -36.9500
v  11.5000 0.0000 -36.9500
v  10.5000 0.0000 -37.4500
v  13.3000 0.0000 -32.0500
v  13.8000 0.0000 -31.0500
v  13.8000 0.0000 -32.0500
v  11.0000 0.0000 -37.9500
v  11.5000 0.0000 -38.9500
v  6.9000 0.0000 -35.6504
v  6.9000 0.0000 -34.9004
v  7.4000 0.0000 -35.6504
v  12.8000 0.0000 -38.9500
v  13.3000 0.0000 -38.9500
v  8.7000 0.0000 -37.9500
v  9.2000 0.0000 -38.9500
v  8.2000 0.0000 -34.3500
v  8.2000 0.0000 -33.3500
v  8.7000 0.0000 -34.3500
v  9.2000 0.0000 -40.2500
v  12.8000 0.0000 -41.2500
v  13.3000 0.0000 -41.2500
v  8.7000 0.0000 -29.7500
v  8.7000 0.0000 -28.7500
v  9.2000 0.0000 -29.7500
v  8.2000 0.0000 -34.6500
v  9.2000 0.0000 -34.6500
v  8.2000 0.0000 -35.1500
v  5.1000 0.0000 -36.1500
v  4.6000 0.0000 -36.1500
v  13.3000 0.0000 -34.3500
v  13.3000 0.0000 -33.3500
v  13.8000 0.0000 -34.3500
v  11.5000 0.0000 -28.7500
v  12.2500 0.0000 -28.7500
v  11.5000 0.0000 -29.2500
v  6.9000 0.0000 -29.0000
v  6.9000 0.0000 -29.7500
v  10.5000 0.0000 -28.2500
v  11.2500 0.0000 -28.2500
v  10.5000 0.0000 -28.7500
v  9.2000 0.0000 -33.3500
v  10.2000 0.0000 -33.3500
v  9.2000 0.0000 -33.8500
v  6.9000 0.0000 -42.5504
v  6.9000 0.0000 -41.5504
v  7.4000 0.0000 -42.5504
v  9.2000 0.0000 -28.7504
v  9.2000 0.0000 -27.7504
v  9.7000 0.0000 -28.7504
v  12.8000 0.0000 -27.7500
v  13.8000 0.0000 -27.7500
v  12.8000 0.0000 -28.2500
v  5.6000 0.0000 -36.1500
v  6.4000 0.0000 -36.6500
v  6.4000 0.0000 -35.6500
v  6.9000 0.0000 -36.6500
v  13.8000 0.0000 -28.7500
v  12.8000 0.0000 -28.7500
v  5.9000 0.0000 -39.7500
v  6.9000 0.0000 -39.7500
v  12.0000 0.0000 -28.7504
v  12.5000 0.0000 -27.7504
v  12.5000 0.0000 -28.7504
v  8.2000 0.0000 -42.0500
v  9.2000 0.0000 -42.0500
v  8.2000 0.0000 -42.5500
v  11.5000 0.0000 -40.2500
v  10.5000 0.0000 -40.2500
v  6.9000 0.0000 -40.2504
v  6.9000 0.0000 -39.7504
v  7.4000 0.0000 -40.2504
v  13.3000 0.0000 -40.2500
v  13.8000 0.0000 -41.2500
v  11.5000 0.0000 -30.5500
v  12.0000 0.0000 -35.6504
v  12.0000 0.0000 -34.6504
v  12.5000 0.0000 -35.6504
v  7.4000 0.0000 -34.6504
v  7.9000 0.0000 -35.6504
v  9.2000 0.0000 -33.3504
v  9.2000 0.0000 -32.3504
v  9.7000 0.0000 -33.3504
v  12.5000 0.0000 -35.6500
v  11.5000 0.0000 -36.1500
v  12.5000 0.0000 -40.2500
v  7.4000 0.0000 -32.3504
v  7.9000 0.0000 -33.3504
v  9.2000 0.0000 -35.6500
v  10.2000 0.0000 -35.6500
v  10.5000 0.0000 -42.0500
v  11.5000 0.0000 -42.5500
v  10.5000 0.0000 -42.5500
v  12.8000 0.0000 -39.2500
v  13.8000 0.0000 -39.2500
v  10.5000 0.0000 -32.8500
v  10.5000 0.0000 -33.3500
v  10.2000 0.0000 -34.3500
v  9.2000 0.0000 -34.3500
v  5.9000 0.0000 -34.6500
v  6.9000 0.0000 -34.6500
v  8.2000 0.0000 -30.0500
v  9.2000 0.0000 -30.0500
v  8.2000 0.0000 -30.5500
v  12.8000 0.0000 -43.5500
v  13.3000 0.0000 -43.5500
v  9.2000 0.0000 -28.7500
v  10.2000 0.0000 -28.7500
v  9.2000 0.0000 -29.2500
v  8.2000 0.0000 -39.7500
v  9.2000 0.0000 -39.7500
v  8.2000 0.0000 -40.2500
v  10.5000 0.0000 -27.7500
v  11.5000 0.0000 -27.7500
v  12.8000 0.0000 -41.9250
v  13.0500 0.0000 -30.5500
v  12.8000 0.0000 -30.4250
v  12.0000 0.0000 -31.0504
v  12.0000 0.0000 -30.0504
v  12.5000 0.0000 -31.0504
v  5.1000 0.0000 -27.7504
v  5.6000 0.0000 -28.7504
v  12.5000 0.0000 -36.6500
v  11.5000 0.0000 -36.6500
v  6.4000 0.0000 -34.3500
v  6.4000 0.0000 -33.3500
v  5.9000 0.0000 -34.3500
v  9.7000 0.0000 -39.2504
v  10.2000 0.0000 -40.2504
v  12.5000 0.0000 -33.8500
v  11.5000 0.0000 -33.8500
v  11.5000 0.0000 -33.7250
v  10.5000 0.0000 -41.2500
v  11.0000 0.0000 -35.6500
v  12.8000 0.0000 -32.0500
v  12.8000 0.0000 -34.3500
v  12.8000 0.0000 -33.3500
v  9.2000 0.0000 -38.4500
v  10.2000 0.0000 -38.9500
v  11.5000 0.0000 -34.3500
v  9.2000 0.0000 -35.6504
v  9.7000 0.0000 -34.6504
v  9.7000 0.0000 -35.6504
v  13.3000 0.0000 -42.5500
v  13.8000 0.0000 -43.5500
v  10.2000 0.0000 -31.9250
v  7.6500 0.0000 -40.7500
v  6.9000 0.0000 -40.6250
v  12.5000 0.0000 -31.5500
v  5.6000 0.0000 -31.0500
v  5.1000 0.0000 -39.2504
v  5.6000 0.0000 -40.2504
v  12.8000 0.0000 -36.9500
v  13.8000 0.0000 -37.4500
v  12.5000 0.0000 -29.2500
v  7.4000 0.0000 -39.2504
v  7.9000 0.0000 -40.2504
v  9.7000 0.0000 -31.0504
v  9.7000 0.0000 -30.0504
v  10.2000 0.0000 -31.0504
v  7.4000 0.0000 -41.5504
v  7.9000 0.0000 -42.5504
v  9.2000 0.0000 -30.5500
v  8.2000 0.0000 -31.0500
v  10.5000 0.0000 -29.7500
v  5.9000 0.0000 -39.2500
v  6.9000 0.0000 -39.2500
v  6.4000 0.0000 -40.2500
v  5.9000 0.0000 -36.9500
v  6.9000 0.0000 -36.9500
v  5.9000 0.0000 -37.4500
v  11.5000 0.0000 -40.2504
v  11.5000 0.0000 -39.2504
v  10.5000 0.0000 -34.3500
v  10.5000 0.0000 -33.6000
v  11.0000 0.0000 -34.3500
v  8.2000 0.0000 -39.2500
v  9.2000 0.0000 -39.2500
v  5.9000 0.0000 -30.5500
v  6.6500 0.0000 -30.5500
v  5.9000 0.0000 -31.0500
v  10.5000 0.0000 -41.5500
v  11.5000 0.0000 -41.5500
v  5.9000 0.0000 -27.7500
v  9.7000 0.0000 -27.7504
v  10.2000 0.0000 -28.7504
v  5.6000 0.0000 -43.5500
v  11.5000 0.0000 -35.6504
v  11.5000 0.0000 -34.6504
v  11.5000 0.0000 -43.0500
v  12.5000 0.0000 -43.0500
v  4.6000 0.0000 -38.4500
v  5.6000 0.0000 -38.4500
v  11.5000 0.0000 -37.4500
v  6.9000 0.0000 -42.5500
v  7.9000 0.0000 -42.5500
v  6.9000 0.0000 -43.0500
v  5.9000 0.0000 -32.0500
v  6.4000 0.0000 -31.0500
v  6.4000 0.0000 -32.0500
v  8.2000 0.0000 -36.6500
v  8.2000 0.0000 -35.6500
v  8.7000 0.0000 -36.6500
v  10.2000 0.0000 -42.5500
v  6.9000 0.0000 -31.0500
v  7.9000 0.0000 -31.0500
v  9.7000 0.0000 -32.3504
v  10.2000 0.0000 -33.3504
v  8.2000 0.0000 -32.8500
v  5.9000 0.0000 -36.6500
v  5.9000 0.0000 -36.4000
v  4.6000 0.0000 -40.7500
v  5.6000 0.0000 -40.7500
v  7.4000 0.0000 -29.2500
v  10.2000 0.0000 -29.2500
v  10.2000 0.0000 -34.6504
v  10.2000 0.0000 -35.6504
v  7.4000 0.0000 -43.0500
v  6.9000 0.0000 -43.5500
v  6.9000 0.0000 -36.1500
v  7.9000 0.0000 -36.6500
v  7.4000 0.0000 -31.0504
v  7.4000 0.0000 -30.0504
v  7.9000 0.0000 -31.0504
v  6.4000 0.0000 -43.5500
v  6.4000 0.0000 -42.5500
v  12.0000 0.0000 -33.1004
v  12.5000 0.0000 -33.3504
v  4.6000 0.0000 -31.0504
v  4.6000 0.0000 -30.0504
v  5.6000 0.0000 -40.6250
v  9.2000 0.0000 -37.9500
v  10.2000 0.0000 -38.4500
v  8.7000 0.0000 -42.5500
v  8.2000 0.0000 -43.5500
v  8.7000 0.0000 -41.2500
v  8.7000 0.0000 -40.2500
v  7.9000 0.0000 -35.6500
v  10.5000 0.0000 -34.6500
v  11.5000 0.0000 -34.6500
v  12.0000 0.0000 -37.9504
v  12.0000 0.0000 -36.9504
v  12.5000 0.0000 -37.9504
v  11.5000 0.0000 -31.0504
v  11.5000 0.0000 -30.0504
v  6.9000 0.0000 -33.3500
v  8.7000 0.0000 -33.8500
v  6.4000 0.0000 -31.8000
v  11.5000 0.0000 -28.7504
v  11.5000 0.0000 -27.7504
v  8.2000 0.0000 -41.2500
v  8.2000 0.0000 -41.5500
v  9.2000 0.0000 -41.5500
v  5.6000 0.0000 -37.9500
v  12.0000 0.0000 -42.5504
v  12.5000 0.0000 -41.5504
v  12.5000 0.0000 -42.5504
v  11.0000 0.0000 -33.3500
v  4.6000 0.0000 -42.5504
v  4.6000 0.0000 -41.5504
v  8.2000 0.0000 -29.7500
v  12.5000 0.0000 -38.4500
v  12.8000 0.0000 -32.8500
v  13.8000 0.0000 -33.3500
v  6.9000 0.0000 -42.0500
v  5.9000 0.0000 -42.5500
v  8.2000 0.0000 -32.0500
v  8.7000 0.0000 -35.6500
v  13.8000 0.0000 -38.9500
v  6.9000 0.0000 -31.0504
v  6.9000 0.0000 -30.0504
v  10.2000 0.0000 -36.9504
v  10.2000 0.0000 -37.9504
v  9.2000 0.0000 -35.1500
v  4.6000 0.0000 -35.6504
v  4.6000 0.0000 -34.6504
v  9.2000 0.0000 -31.0504
v  9.2000 0.0000 -30.0504
v  9.2000 0.0000 -42.5504
v  9.2000 0.0000 -41.5504
v  5.9000 0.0000 -30.0500
v  6.1500 0.0000 -30.0500
v  6.9000 0.0000 -37.4500
v  12.5000 0.0000 -42.5500
v  12.8000 0.0000 -34.6500
v  13.8000 0.0000 -34.6500
v  11.5000 0.0000 -42.5504
v  11.5000 0.0000 -41.5504
v  6.9000 0.0000 -28.7504
v  6.9000 0.0000 -28.0004
v  11.5000 0.0000 -37.9504
v  5.9000 0.0000 -43.5500
v  5.1000 0.0000 -32.3504
v  5.6000 0.0000 -33.3504
v  10.2000 0.0000 -37.9500
v  12.5000 0.0000 -34.6504
v  12.5000 0.0000 -36.1500
v  7.9000 0.0000 -39.2504
v  10.2000 0.0000 -31.5500
v  13.8000 0.0000 -40.2500
v  7.9000 0.0000 -43.0500
v  10.2000 0.0000 -33.8500
v  5.6000 0.0000 -43.0500
v  7.9000 0.0000 -34.3500
v  11.5000 0.0000 -37.9500
v  11.5000 0.0000 -36.9504
v  10.2000 0.0000 -36.6500
v  7.9000 0.0000 -34.6504
v  7.9000 0.0000 -29.7500
v  7.9000 0.0000 -29.2500
v  10.2000 0.0000 -29.7500
v  7.9000 0.0000 -36.1500
v  13.3000 0.0000 -37.9500
v  6.9000 0.0000 -35.1500
v  6.9000 0.0000 -27.7500
v  13.3000 0.0000 -31.0500
v  5.6000 0.0000 -36.9504
v  12.0000 0.0000 -41.5504
v  11.5000 0.0000 -39.7500
v  6.9000 0.0000 -40.2500
v  12.0000 0.0000 -27.7504
v  11.5000 0.0000 -33.3500
v  5.6000 0.0000 -41.2500
v  5.6000 0.0000 -27.7504
v  12.5000 0.0000 -38.9500
v  5.6000 0.0000 -34.6504
v  7.9000 0.0000 -33.3500
v  6.4000 0.0000 -37.9500
v  6.9000 0.0000 -39.2504
v  13.8000 0.0000 -28.2500
v  9.2000 0.0000 -27.7500
v  13.8000 0.0000 -35.6500
v  13.8000 0.0000 -35.4000
v  7.9000 0.0000 -40.7500
v  6.9000 0.0000 -34.6504
v  12.5000 0.0000 -32.0500
v  5.6000 0.0000 -32.0500
v  11.5000 0.0000 -28.2500
v  4.6000 0.0000 -27.7504
v  11.5000 0.0000 -42.0500
v  9.7000 0.0000 -41.5504
v  13.8000 0.0000 -42.5500
v  10.2000 0.0000 -43.5500
v  5.6000 0.0000 -32.3504
v  12.5000 0.0000 -33.3500
v  7.9000 0.0000 -38.4500
v  7.9000 0.0000 -38.3250
v  9.2000 0.0000 -36.9500
v  11.0000 0.0000 -31.0500
v  6.4000 0.0000 -28.7500
v  6.9000 0.0000 -30.5500
v  7.9000 0.0000 -41.5504
v  10.2000 0.0000 -39.2504
v  10.2000 0.0000 -32.3504
v  10.0750 0.0000 -32.3504
v  12.5000 0.0000 -36.9504
v  7.9000 0.0000 -40.2500
v  7.4000 0.0000 -27.7504
v  6.9000 0.0000 -27.7504
v  10.2000 0.0000 -41.2500
v  11.5000 0.0000 -35.1500
v  10.2000 0.0000 -32.0500
v  5.6000 0.0000 -39.2504
v  9.7000 0.0000 -36.9504
v  12.8000 0.0000 -30.0500
v  13.8000 0.0000 -30.0500
v  6.9000 0.0000 -30.0500
v  7.9000 0.0000 -32.3504
v  12.5000 0.0000 -32.3504
v  7.9000 0.0000 -27.7504
v  7.9000 0.0000 -32.0500
v  7.9000 0.0000 -31.9250
v  12.5000 0.0000 -28.7500
v  5.6000 0.0000 -35.6500
v  10.2000 0.0000 -30.0504
v  8.7000 0.0000 -33.3500
v  10.2000 0.0000 -27.7504
v  5.6000 0.0000 -30.0504
v  5.6000 0.0000 -29.2500
v  12.5000 0.0000 -43.5500
v  12.0000 0.0000 -39.2504
v  7.9000 0.0000 -30.0504
v  13.8000 0.0000 -36.9500
v  12.5000 0.0000 -34.3500
v  12.5000 0.0000 -41.2500
v  12.5000 0.0000 -29.7500
v  5.6000 0.0000 -34.3500
v  7.9000 0.0000 -36.9504
v  5.6000 0.0000 -29.7500
v  5.6000 0.0000 -36.6500
v  13.8000 0.0000 -41.5500
v  12.5000 0.0000 -38.0750
v  9.2000 0.0000 -34.6504
v  5.6000 0.0000 -38.9500
v  5.6000 0.0000 -41.5504
v  12.5000 0.0000 -30.0504
v  12.0000 0.0000 -32.3504
v  7.9000 0.0000 -43.5500
v  10.2000 0.0000 -40.2500
v  8.2000 0.0000 -32.3500
v  12.8000 0.0000 -32.3500
v  13.0500 0.0000 -32.8500
v  11.2500 0.0000 -32.8500
v  11.0000 0.0000 -32.8500
v  12.5000 0.0000 -41.5500
v  11.7500 0.0000 -41.2500
v  13.0500 0.0000 -39.2500
v  10.2000 0.0000 -39.2500
v  7.9000 0.0000 -39.2500
v  9.2000 0.0000 -43.8500
v  7.1500 0.0000 -43.8500
v  7.9000 0.0000 -43.8500
v  10.2000 0.0000 -41.5500
v  12.5000 0.0000 -39.2500
v  5.6000 0.0000 -34.6500
v  5.6000 0.0000 -41.5500
v  6.9000 0.0000 -43.8500
v  5.6000 0.0000 -43.8500
v  5.6000 0.0000 -39.2500
v  11.5000 0.0000 -43.8500
v  12.5000 0.0000 -43.8500
v  10.2000 0.0000 -34.6500
v  13.8000 0.0000 -43.8500
v  10.5000 0.0000 -43.8500
v  5.1000 0.0000 -38.9500
v  12.5000 0.0000 -36.9500
v  10.2000 0.0000 -36.9500
v  6.1500 0.0000 -43.5500
v  12.5000 0.0000 -34.6500
v  8.2000 0.0000 -43.8500
v  10.2000 0.0000 -43.8500
v  7.9000 0.0000 -41.5500
v  7.4000 0.0000 -41.2500
v  5.6000 0.0000 -36.9500
v  5.1000 0.0000 -36.6500
v  7.9000 0.0000 -34.6500
v  7.9000 0.0000 -36.9500
v  13.0500 0.0000 -41.2500
v  12.8000 0.0000 -43.8500
v  12.8000 0.0000 -41.5500
v  5.9000 0.0000 -43.8500
v  12.8000 0.0000 -36.8750
v  4.6000 0.0000 -36.7250
v  5.9000 0.0000 -34.5000
v  9.2000 0.0000 -36.8000
v  9.2000 0.0000 -41.3250
v  5.9000 0.0000 -39.0250
v  13.0500 0.0000 -38.9500
v  6.9000 0.0000 -34.5750
v  12.5000 0.0000 -27.7500
v  10.2000 0.0000 -39.1000
v  10.5000 0.0000 -30.3000
v  12.8000 0.0000 -31.5500
v  10.5000 0.0000 -36.4000
v  10.5000 0.0000 -34.5750
v  12.7250 0.0000 -36.9500
v  12.5000 0.0000 -37.9500
v  10.2000 0.0000 -42.3000
v  10.2750 0.0000 -42.5500
v  10.2000 0.0000 -28.2500
v  10.4250 0.0000 -28.7500
v  12.8000 0.0000 -41.4750
v  12.7250 0.0000 -41.5500
v  10.5000 0.0000 -39.1750
v  10.4250 0.0000 -39.2500
v  10.2000 0.0000 -30.0500
v  10.2000 0.0000 -41.4000
v  10.2000 0.0000 -32.3500
v  12.5000 0.0000 -32.3500
v  10.3500 0.0000 -42.5500
v  10.4250 0.0000 -34.3500
v  12.5000 0.0000 -30.0500
v  12.7250 0.0000 -32.3500
v  12.7250 0.0000 -43.5500
v  12.8000 0.0000 -40.7500
v  12.8000 0.0000 -33.8500
v  10.3500 0.0000 -35.6500
v  10.2000 0.0000 -27.7500
v  7.9000 0.0000 -30.8000
v  7.9750 0.0000 -30.8000
v  5.6000 0.0000 -35.9000
v  5.6000 0.0000 -27.7500
v  5.9000 0.0000 -36.8000
v  7.9000 0.0000 -41.4000
v  5.9000 0.0000 -33.8500
v  5.6000 0.0000 -28.5000
v  5.8250 0.0000 -28.2500
v  5.9000 0.0000 -38.7000
v  5.6000 0.0000 -43.6250
v  5.8250 0.0000 -34.6500
v  5.9000 0.0000 -34.5750
v  5.6000 0.0000 -40.2500
v  5.6000 0.0000 -39.1000
v  5.6000 0.0000 -30.0500
v  7.9000 0.0000 -32.3500
v  5.8250 0.0000 -35.6500
v  8.0500 0.0000 -34.6500
v  5.8250 0.0000 -34.3500
v  5.7500 0.0000 -36.9500
v  5.6750 0.0000 -28.7500
v  5.6000 0.0000 -32.3500
v  5.9000 0.0000 -32.3500
v  7.9000 0.0000 -30.0500
v  7.9000 0.0000 -27.7500
v  8.2000 0.0000 -32.2750
v  7.9000 0.0000 -27.4500
v  9.2000 0.0000 -27.4500
v  8.4500 0.0000 -27.4500
v  8.2000 0.0000 -27.4500
v  11.7500 0.0000 -29.7500
v  6.9000 0.0000 -27.4500
v  6.4000 0.0000 -27.4500
v  5.9000 0.0000 -27.4500
v  5.6000 0.0000 -27.4500
v  9.4500 0.0000 -29.7500
v  6.9000 0.0000 -32.3500
v  10.2000 0.0000 -27.4500
v  10.7500 0.0000 -27.7500
v  11.5000 0.0000 -27.4500
v  12.8000 0.0000 -27.4500
v  12.5000 0.0000 -27.4500
v  13.8000 0.0000 -27.4500
v  7.9000 0.0000 -29.9750
v  12.7250 0.0000 -32.0500
v  5.9000 0.0000 -27.5250
v  10.5000 0.0000 -27.4500
v  11.7500 0.0000 -32.3500
v  8.2000 0.0000 -27.6000
v  10.2000 0.0000 -29.8250
v  12.8000 0.0000 -32.2000
v  11.5000 0.0000 -32.2000
v  5.6000 0.0000 -27.6750
v  9.4500 0.0000 -30.0500
v  10.2000 0.0000 -29.9000
v  6.1500 0.0000 -32.8500
v  10.7500 0.0000 -32.8500
v  8.4500 0.0000 -32.8500
v  6.9000 0.0000 -34.5000
v  7.9000 0.0000 -30.5500
v  5.6000 0.0000 -34.5750
v  5.9000 0.0000 -35.9000
v  -11.5000 0.0000 -32.8500
v  -12.5000 0.0000 -32.7250
v  -11.7500 0.0000 -32.4750
v  -6.9000 0.0000 -32.8500
v  -7.9000 0.0000 -32.3500
v  -6.9000 0.0000 -32.3500
v  -4.6000 0.0000 -32.8500
v  -5.1000 0.0000 -32.8500
v  -9.2000 0.0000 -32.8500
v  -9.7000 0.0000 -32.8500
v  -9.2000 0.0000 -32.3500
v  -7.9000 0.0000 -30.0500
v  -6.9000 0.0000 -30.0500
v  -7.9000 0.0000 -30.5500
v  -12.5000 0.0000 -28.2500
v  -11.5000 0.0000 -28.2500
v  -12.5000 0.0000 -28.7500
v  -11.5000 0.0000 -31.5500
v  -10.5000 0.0000 -31.5500
v  -11.5000 0.0000 -32.0500
v  -11.5000 0.0000 -28.7500
v  -10.5000 0.0000 -28.7500
v  -11.5000 0.0000 -29.2500
v  -12.5000 0.0000 -29.7500
v  -12.0000 0.0000 -29.7500
v  -9.2000 0.0000 -31.0500
v  -8.2000 0.0000 -31.0500
v  -9.2000 0.0000 -31.5500
v  -13.3000 0.0000 -31.0504
v  -13.3000 0.0000 -30.0504
v  -12.8000 0.0000 -31.0504
v  -9.7000 0.0000 -32.0500
v  -9.7000 0.0000 -31.0500
v  -9.2000 0.0000 -32.0500
v  -13.8000 0.0000 -33.8500
v  -12.8000 0.0000 -33.8500
v  -10.2000 0.0000 -27.7500
v  -9.2000 0.0000 -28.2500
v  -10.2000 0.0000 -28.2500
v  -13.8000 0.0000 -31.5500
v  -12.8000 0.0000 -31.5500
v  -13.8000 0.0000 -29.2500
v  -13.3000 0.0000 -29.2500
v  -12.5000 0.0000 -32.8500
v  -12.0000 0.0000 -32.8500
v  -12.5000 0.0000 -33.3500
v  -10.5000 0.0000 -28.0004
v  -10.5000 0.0000 -28.7504
v  -11.0000 0.0000 -28.7504
v  -5.1000 0.0000 -29.7500
v  -5.1000 0.0000 -28.7500
v  -12.8000 0.0000 -28.7500
v  -7.9000 0.0000 -32.0500
v  -7.9000 0.0000 -31.0500
v  -7.4000 0.0000 -32.0500
v  -5.6000 0.0000 -30.5500
v  -4.6000 0.0000 -30.5500
v  -5.6000 0.0000 -31.0500
v  -5.6000 0.0000 -29.7500
v  -5.6000 0.0000 -29.5000
v  -11.5000 0.0000 -33.3504
v  -11.5000 0.0000 -32.3504
v  -11.0000 0.0000 -33.3504
v  -11.5000 0.0000 -33.8500
v  -10.5000 0.0000 -33.8500
v  -11.5000 0.0000 -34.3500
v  -6.9000 0.0000 -31.0500
v  -6.9000 0.0000 -32.0500
v  -7.4000 0.0000 -29.7500
v  -7.4000 0.0000 -28.7500
v  -6.9000 0.0000 -29.7500
v  -13.8000 0.0000 -33.3504
v  -13.8000 0.0000 -32.3504
v  -13.3000 0.0000 -33.3504
v  -6.9000 0.0000 -33.3504
v  -6.9000 0.0000 -32.3504
v  -6.4000 0.0000 -33.3504
v  -12.8000 0.0000 -33.3500
v  -10.2000 0.0000 -28.7500
v  -13.8000 0.0000 -28.7504
v  -13.8000 0.0000 -28.2504
v  -13.3000 0.0000 -28.7504
v  -5.9000 0.0000 -31.0500
v  -6.9000 0.0000 -31.5500
v  -5.1000 0.0000 -32.0500
v  -10.2000 0.0000 -34.3500
v  -10.2000 0.0000 -33.3500
v  -9.7000 0.0000 -34.3500
v  -9.7000 0.0000 -29.7500
v  -9.7000 0.0000 -28.7500
v  -9.2000 0.0000 -29.7500
v  -5.1000 0.0000 -34.3500
v  -5.1000 0.0000 -33.3500
v  -6.9000 0.0000 -28.7500
v  -6.1500 0.0000 -28.7500
v  -6.9000 0.0000 -29.2500
v  -11.5000 0.0000 -29.0000
v  -11.5000 0.0000 -29.7500
v  -7.9000 0.0000 -28.2500
v  -7.1500 0.0000 -28.2500
v  -7.9000 0.0000 -28.7500
v  -9.2000 0.0000 -33.3500
v  -8.2000 0.0000 -33.3500
v  -9.2000 0.0000 -33.8500
v  -9.2000 0.0000 -28.7504
v  -9.2000 0.0000 -27.7504
v  -8.7000 0.0000 -28.7504
v  -5.6000 0.0000 -27.7500
v  -5.6000 0.0000 -28.2500
v  -5.6000 0.0000 -28.7500
v  -6.4000 0.0000 -28.7504
v  -5.9000 0.0000 -27.7504
v  -5.9000 0.0000 -28.7504
v  -6.9000 0.0000 -30.5500
v  -9.2000 0.0000 -33.3504
v  -9.2000 0.0000 -32.3504
v  -8.7000 0.0000 -33.3504
v  -11.0000 0.0000 -32.3504
v  -10.5000 0.0000 -33.3504
v  -7.9000 0.0000 -32.8500
v  -7.9000 0.0000 -33.3500
v  -8.2000 0.0000 -34.3500
v  -9.2000 0.0000 -34.3500
v  -10.2000 0.0000 -30.0500
v  -9.2000 0.0000 -30.0500
v  -10.2000 0.0000 -30.5500
v  -9.2000 0.0000 -28.7500
v  -8.2000 0.0000 -28.7500
v  -9.2000 0.0000 -29.2500
v  -7.9000 0.0000 -27.7500
v  -6.9000 0.0000 -27.7500
v  -5.3500 0.0000 -30.5500
v  -5.6000 0.0000 -30.4250
v  -6.4000 0.0000 -31.0504
v  -6.4000 0.0000 -30.0504
v  -5.9000 0.0000 -31.0504
v  -13.3000 0.0000 -27.7504
v  -12.8000 0.0000 -28.7504
v  -12.0000 0.0000 -34.3500
v  -12.0000 0.0000 -33.3500
v  -12.5000 0.0000 -34.3500
v  -5.9000 0.0000 -33.8500
v  -6.9000 0.0000 -33.8500
v  -6.9000 0.0000 -33.7250
v  -5.6000 0.0000 -32.0500
v  -5.6000 0.0000 -34.3500
v  -5.6000 0.0000 -33.3500
v  -6.9000 0.0000 -34.3500
v  -8.2000 0.0000 -31.9250
v  -5.9000 0.0000 -31.5500
v  -12.8000 0.0000 -31.0500
v  -5.9000 0.0000 -29.2500
v  -8.7000 0.0000 -31.0504
v  -8.7000 0.0000 -30.0504
v  -8.2000 0.0000 -31.0504
v  -9.2000 0.0000 -30.5500
v  -10.2000 0.0000 -31.0500
v  -7.9000 0.0000 -29.7500
v  -7.9000 0.0000 -34.3500
v  -7.9000 0.0000 -33.6000
v  -7.4000 0.0000 -34.3500
v  -12.5000 0.0000 -30.5500
v  -11.7500 0.0000 -30.5500
v  -12.5000 0.0000 -31.0500
v  -12.5000 0.0000 -27.7500
v  -8.7000 0.0000 -27.7504
v  -8.2000 0.0000 -28.7504
v  -12.5000 0.0000 -32.0500
v  -12.0000 0.0000 -31.0500
v  -12.0000 0.0000 -32.0500
v  -11.5000 0.0000 -31.0500
v  -10.5000 0.0000 -31.0500
v  -8.7000 0.0000 -32.3504
v  -8.2000 0.0000 -33.3504
v  -10.2000 0.0000 -32.8500
v  -11.0000 0.0000 -29.2500
v  -8.2000 0.0000 -29.2500
v  -11.0000 0.0000 -31.0504
v  -11.0000 0.0000 -30.0504
v  -10.5000 0.0000 -31.0504
v  -6.4000 0.0000 -33.1004
v  -5.9000 0.0000 -33.3504
v  -13.8000 0.0000 -31.0504
v  -13.8000 0.0000 -30.0504
v  -6.9000 0.0000 -31.0504
v  -6.9000 0.0000 -30.0504
v  -11.5000 0.0000 -33.3500
v  -9.7000 0.0000 -33.8500
v  -12.0000 0.0000 -31.8000
v  -6.9000 0.0000 -28.7504
v  -6.9000 0.0000 -27.7504
v  -7.4000 0.0000 -33.3500
v  -10.2000 0.0000 -29.7500
v  -5.6000 0.0000 -32.8500
v  -10.2000 0.0000 -32.0500
v  -11.5000 0.0000 -31.0504
v  -11.5000 0.0000 -30.0504
v  -9.2000 0.0000 -31.0504
v  -9.2000 0.0000 -30.0504
v  -12.5000 0.0000 -30.0500
v  -12.2500 0.0000 -30.0500
v  -11.5000 0.0000 -28.7504
v  -11.5000 0.0000 -28.0004
v  -13.3000 0.0000 -32.3504
v  -12.8000 0.0000 -33.3504
v  -8.2000 0.0000 -31.5500
v  -8.2000 0.0000 -33.8500
v  -10.5000 0.0000 -34.3500
v  -10.5000 0.0000 -29.7500
v  -10.5000 0.0000 -29.2500
v  -8.2000 0.0000 -29.7500
v  -11.5000 0.0000 -27.7500
v  -5.1000 0.0000 -31.0500
v  -6.4000 0.0000 -27.7504
v  -6.9000 0.0000 -33.3500
v  -12.8000 0.0000 -27.7504
v  -10.5000 0.0000 -33.3500
v  -4.6000 0.0000 -28.2500
v  -9.2000 0.0000 -27.7500
v  -5.9000 0.0000 -32.0500
v  -12.8000 0.0000 -32.0500
v  -6.9000 0.0000 -28.2500
v  -13.8000 0.0000 -27.7504
v  -12.8000 0.0000 -32.3504
v  -5.9000 0.0000 -33.3500
v  -7.4000 0.0000 -31.0500
v  -12.0000 0.0000 -28.7500
v  -11.5000 0.0000 -30.5500
v  -8.2000 0.0000 -32.3504
v  -8.3250 0.0000 -32.3504
v  -11.0000 0.0000 -27.7504
v  -11.5000 0.0000 -27.7504
v  -8.2000 0.0000 -32.0500
v  -5.6000 0.0000 -30.0500
v  -11.5000 0.0000 -30.0500
v  -10.5000 0.0000 -32.3504
v  -5.9000 0.0000 -32.3504
v  -10.5000 0.0000 -27.7504
v  -10.5000 0.0000 -32.0500
v  -10.5000 0.0000 -31.9250
v  -5.9000 0.0000 -28.7500
v  -8.2000 0.0000 -30.0504
v  -9.7000 0.0000 -33.3500
v  -8.2000 0.0000 -27.7504
v  -12.8000 0.0000 -30.0504
v  -12.8000 0.0000 -29.2500
v  -10.5000 0.0000 -30.0504
v  -5.9000 0.0000 -34.3500
v  -5.9000 0.0000 -29.7500
v  -12.8000 0.0000 -34.3500
v  -12.8000 0.0000 -29.7500
v  -5.9000 0.0000 -30.0504
v  -6.4000 0.0000 -32.3504
v  -10.2000 0.0000 -32.3500
v  -5.6000 0.0000 -32.3500
v  -5.3500 0.0000 -32.8500
v  -7.1500 0.0000 -32.8500
v  -7.4000 0.0000 -32.8500
v  -12.8000 0.0000 -34.6500
v  -11.5000 0.0000 -34.6500
v  -9.2000 0.0000 -34.6500
v  -7.9000 0.0000 -34.6500
v  -6.9000 0.0000 -34.6500
v  -8.2000 0.0000 -34.6500
v  -5.9000 0.0000 -34.6500
v  -10.5000 0.0000 -34.6500
v  -10.2000 0.0000 -34.6500
v  -5.6000 0.0000 -34.6500
v  -12.5000 0.0000 -34.6500
v  -12.5000 0.0000 -34.5000
v  -11.5000 0.0000 -34.5750
v  -5.9000 0.0000 -27.7500
v  -7.9000 0.0000 -30.3000
v  -5.6000 0.0000 -31.5500
v  -7.9000 0.0000 -34.5750
v  -8.2000 0.0000 -28.2500
v  -7.9750 0.0000 -28.7500
v  -8.2000 0.0000 -30.0500
v  -8.2000 0.0000 -32.3500
v  -5.9000 0.0000 -32.3500
v  -7.9750 0.0000 -34.3500
v  -5.9000 0.0000 -30.0500
v  -5.6750 0.0000 -32.3500
v  -5.6000 0.0000 -33.8500
v  -8.2000 0.0000 -27.7500
v  -10.5000 0.0000 -30.8000
v  -10.4250 0.0000 -30.8000
v  -12.8000 0.0000 -27.7500
v  -12.5000 0.0000 -33.8500
v  -12.8000 0.0000 -28.5000
v  -12.5750 0.0000 -28.2500
v  -12.5750 0.0000 -34.6500
v  -12.5000 0.0000 -34.5750
v  -12.8000 0.0000 -30.0500
v  -10.5000 0.0000 -32.3500
v  -12.5750 0.0000 -34.3500
v  -12.7250 0.0000 -28.7500
v  -12.8000 0.0000 -32.3500
v  -12.5000 0.0000 -32.3500
v  -10.5000 0.0000 -30.0500
v  -10.5000 0.0000 -27.7500
v  -10.2000 0.0000 -32.2750
v  -10.5000 0.0000 -27.4500
v  -9.2000 0.0000 -27.4500
v  -9.9500 0.0000 -27.4500
v  -10.2000 0.0000 -27.4500
v  -6.6500 0.0000 -29.7500
v  -11.5000 0.0000 -27.4500
v  -12.0000 0.0000 -27.4500
v  -12.5000 0.0000 -27.4500
v  -12.8000 0.0000 -27.4500
v  -8.9500 0.0000 -29.7500
v  -11.5000 0.0000 -32.3500
v  -8.2000 0.0000 -27.4500
v  -7.6500 0.0000 -27.7500
v  -6.9000 0.0000 -27.4500
v  -5.6000 0.0000 -27.4500
v  -5.9000 0.0000 -27.4500
v  -10.5000 0.0000 -29.9750
v  -5.6750 0.0000 -32.0500
v  -12.5000 0.0000 -27.5250
v  -7.9000 0.0000 -27.4500
v  -6.6500 0.0000 -32.3500
v  -10.2000 0.0000 -27.6000
v  -8.2000 0.0000 -29.8250
v  -5.6000 0.0000 -32.2000
v  -6.9000 0.0000 -32.2000
v  -12.8000 0.0000 -27.6750
v  -8.9500 0.0000 -30.0500
v  -8.2000 0.0000 -29.9000
v  -12.2500 0.0000 -32.8500
v  -7.6500 0.0000 -32.8500
v  -9.9500 0.0000 -32.8500
v  -11.5000 0.0000 -34.5000
v  -10.5000 0.0000 -30.5500
v  -12.8000 0.0000 -34.5750
# 3237 vertices

vn 0.0000 1.0000 -0.0000
# 1 vertex normals

vt 1.0000 0.0000 0.0000
vt 0.7500 1.0000 0.0000
vt 0.2500 0.2500 0.0000
vt 0.0000 1.0000 0.0000
vt 0.0000 0.0000 0.0000
vt 1.0000 0.5000 0.0000
vt 1.0000 1.0000 0.0000
vt 0.0000 0.2500 0.0000
vt 0.5000 1.0000 0.0000
vt 0.0000 0.5000 0.0000
vt 1.0000 0.2500 0.0000
vt 0.0000 0.7500 0.0000
vt 1.0000 0.7500 0.0000
vt 0.7500 0.0000 0.0000
vt 0.5000 0.0000 0.0000
vt 0.2500 0.0000 0.0000
vt 0.2500 1.0000 0.0000
vt 0.7500 0.7500 0.0000
vt 0.5000 0.2500 0.0000
# 19 texture coords

o Piso_Entorno
g Piso_Entorno
usemtl Material__2
s 1
f 1/1/1 2/2/1 3/3/1 
f 4/1/1 5/4/1 6/5/1 
f 7/1/1 8/6/1 9/5/1 
f 10/1/1 11/6/1 12/5/1 
f 13/4/1 14/5/1 15/7/1 
f 16/1/1 17/7/1 18/4/1 
f 19/4/1 20/5/1 21/7/1 
f 22/4/1 23/5/1 24/7/1 
f 25/4/1 26/5/1 27/7/1 
f 28/4/1 29/5/1 30/7/1 
f 31/4/1 32/5/1 33/7/1 
f 34/4/1 35/5/1 36/7/1 
f 37/4/1 27/5/1 38/7/1 
f 39/4/1 40/1/1 41/7/1 
f 15/6/1 42/7/1 43/4/1 
f 44/4/1 45/5/1 46/7/1 
f 47/4/1 48/5/1 49/7/1 
f 50/4/1 51/5/1 52/7/1 
f 53/4/1 54/5/1 55/7/1 
f 56/4/1 57/5/1 58/7/1 
f 59/4/1 60/5/1 61/7/1 
f 62/4/1 63/5/1 64/7/1 
f 65/4/1 66/5/1 67/7/1 
f 68/4/1 69/5/1 70/7/1 
f 71/4/1 72/5/1 73/7/1 
f 74/4/1 75/8/1 71/7/1 
f 76/4/1 77/1/1 78/7/1 
f 79/4/1 80/5/1 81/7/1 
f 82/4/1 83/5/1 84/7/1 
f 85/4/1 86/5/1 87/7/1 
f 88/7/1 89/4/1 90/5/1 
f 91/4/1 92/1/1 93/7/1 
f 94/4/1 95/5/1 96/7/1 
f 97/4/1 98/5/1 19/7/1 
f 99/4/1 100/5/1 101/7/1 
f 102/6/1 103/7/1 104/9/1 
f 105/7/1 106/4/1 30/5/1 
f 107/4/1 108/10/1 109/7/1 
f 110/4/1 111/10/1 112/7/1 
f 113/11/1 114/7/1 115/4/1 
f 116/4/1 117/5/1 44/7/1 
f 118/4/1 119/12/1 28/7/1 
f 120/4/1 121/5/1 122/7/1 
f 123/4/1 124/5/1 107/7/1 
f 125/1/1 126/7/1 127/4/1 
f 128/4/1 129/5/1 130/7/1 
f 131/4/1 132/5/1 133/7/1 
f 134/4/1 135/1/1 136/7/1 
f 137/4/1 138/5/1 139/7/1 
f 140/4/1 126/5/1 141/7/1 
f 15/4/1 142/1/1 42/7/1 
f 143/4/1 144/5/1 145/7/1 
f 146/4/1 147/5/1 148/7/1 
f 149/4/1 150/5/1 151/7/1 
f 152/4/1 153/5/1 154/7/1 
f 155/4/1 150/1/1 149/7/1 
f 156/4/1 157/12/1 120/7/1 
f 158/4/1 159/5/1 43/7/1 
f 160/4/1 161/5/1 162/7/1 
f 163/4/1 164/5/1 165/7/1 
f 139/4/1 166/1/1 167/7/1 
f 168/4/1 169/5/1 170/7/1 
f 171/4/1 172/1/1 173/7/1 
f 174/4/1 175/5/1 176/7/1 
f 177/4/1 178/5/1 179/7/1 
f 180/4/1 181/1/1 182/7/1 
f 183/4/1 184/5/1 185/7/1 
f 186/4/1 187/5/1 188/7/1 
f 189/4/1 190/5/1 191/7/1 
f 192/4/1 193/5/1 85/7/1 
f 194/4/1 195/5/1 55/7/1 
f 93/4/1 92/5/1 196/7/1 
f 197/4/1 198/10/1 199/7/1 
f 200/4/1 201/5/1 78/7/1 
f 166/4/1 202/5/1 203/7/1 
f 204/4/1 205/5/1 206/7/1 
f 207/4/1 208/1/1 209/7/1 
f 64/4/1 210/5/1 211/7/1 
f 212/4/1 213/8/1 214/7/1 
f 215/4/1 182/5/1 216/7/1 
f 105/4/1 217/5/1 218/7/1 
f 219/4/1 220/5/1 221/7/1 
f 222/4/1 80/1/1 79/7/1 
f 223/4/1 58/5/1 224/7/1 
f 225/4/1 226/5/1 227/7/1 
f 228/4/1 229/5/1 230/7/1 
f 231/4/1 232/6/1 233/7/1 
f 234/4/1 235/5/1 236/7/1 
f 237/4/1 238/8/1 239/7/1 
f 240/11/1 241/7/1 38/4/1 
f 242/4/1 243/8/1 244/7/1 
f 245/4/1 246/5/1 247/7/1 
f 248/4/1 249/5/1 250/7/1 
f 251/4/1 252/5/1 253/7/1 
f 254/4/1 255/5/1 256/7/1 
f 233/4/1 257/5/1 258/7/1 
f 259/4/1 260/5/1 261/7/1 
f 256/4/1 262/1/1 263/7/1 
f 264/4/1 265/5/1 144/7/1 
f 266/4/1 267/1/1 268/7/1 
f 269/4/1 270/5/1 271/7/1 
f 133/4/1 272/1/1 273/7/1 
f 274/4/1 275/10/1 276/7/1 
f 224/4/1 277/5/1 278/7/1 
f 24/4/1 279/5/1 138/7/1 
f 280/4/1 281/5/1 282/7/1 
f 214/4/1 283/5/1 284/7/1 
f 285/4/1 286/5/1 287/7/1 
f 125/4/1 288/5/1 289/7/1 
f 272/4/1 290/5/1 194/7/1 
f 162/4/1 291/5/1 292/7/1 
f 293/4/1 294/5/1 186/7/1 
f 295/4/1 296/1/1 297/7/1 
f 298/4/1 299/5/1 56/7/1 
f 300/4/1 4/5/1 301/7/1 
f 302/1/1 303/7/1 247/4/1 
f 304/4/1 305/5/1 134/7/1 
f 306/4/1 307/5/1 308/7/1 
f 309/4/1 130/5/1 310/7/1 
f 311/4/1 312/5/1 313/7/1 
f 314/4/1 315/5/1 316/7/1 
f 317/4/1 318/5/1 242/7/1 
f 319/2/1 129/1/1 128/7/1 
f 320/13/1 146/7/1 321/2/1 
f 322/4/1 323/5/1 324/7/1 
f 199/4/1 325/5/1 326/7/1 
f 289/4/1 327/1/1 328/7/1 
f 329/4/1 330/5/1 165/7/1 
f 331/4/1 330/1/1 329/7/1 
f 84/4/1 332/5/1 333/7/1 
f 334/1/1 335/7/1 336/2/1 
f 337/4/1 273/5/1 53/7/1 
f 141/4/1 338/5/1 328/7/1 
f 339/4/1 148/5/1 207/7/1 
f 340/4/1 341/5/1 234/7/1 
f 342/4/1 343/1/1 218/7/1 
f 335/4/1 334/5/1 344/7/1 
f 345/4/1 346/1/1 347/7/1 
f 310/4/1 348/5/1 349/7/1 
f 61/4/1 350/14/1 70/7/1 
f 351/11/1 171/7/1 352/2/1 
f 203/4/1 353/5/1 167/7/1 
f 354/4/1 355/5/1 99/7/1 
f 191/4/1 356/5/1 357/7/1 
f 358/4/1 359/1/1 180/7/1 
f 239/4/1 360/5/1 170/7/1 
f 276/4/1 361/5/1 362/7/1 
f 363/4/1 364/5/1 365/7/1 
f 250/4/1 366/5/1 367/7/1 
f 308/4/1 368/5/1 369/7/1 
f 370/4/1 244/5/1 168/7/1 
f 371/4/1 372/5/1 264/7/1 
f 145/4/1 373/5/1 173/7/1 
f 374/4/1 375/5/1 376/7/1 
f 377/4/1 378/5/1 39/7/1 
f 379/4/1 380/8/1 381/7/1 
f 382/4/1 383/5/1 314/7/1 
f 384/4/1 385/8/1 386/7/1 
f 387/4/1 388/5/1 295/7/1 
f 389/4/1 26/1/1 25/7/1 
f 253/4/1 390/5/1 391/7/1 
f 154/4/1 392/1/1 393/7/1 
f 394/4/1 395/5/1 280/7/1 
f 396/4/1 397/5/1 73/7/1 
f 398/4/1 399/5/1 400/7/1 
f 206/4/1 401/5/1 63/7/1 
f 402/4/1 403/5/1 404/7/1 
f 405/4/1 406/1/1 407/7/1 
f 408/4/1 409/5/1 410/7/1 
f 77/4/1 411/5/1 200/7/1 
f 412/4/1 413/5/1 31/7/1 
f 287/4/1 414/5/1 415/7/1 
f 245/1/1 220/7/1 416/4/1 
f 417/4/1 418/12/1 259/7/1 
f 419/4/1 420/5/1 421/7/1 
f 36/4/1 422/10/1 241/7/1 
f 313/4/1 423/5/1 227/7/1 
f 347/4/1 424/1/1 425/7/1 
f 404/4/1 426/10/1 427/7/1 
f 428/4/1 429/1/1 261/7/1 
f 430/4/1 431/5/1 432/7/1 
f 433/4/1 434/5/1 427/7/1 
f 185/4/1 435/12/1 436/7/1 
f 437/4/1 438/5/1 65/7/1 
f 439/4/1 440/14/1 419/7/1 
f 441/4/1 442/1/1 342/7/1 
f 443/1/1 76/7/1 444/4/1 
f 445/4/1 446/5/1 81/7/1 
f 135/4/1 447/5/1 428/7/1 
f 448/4/1 449/5/1 127/7/1 
f 450/4/1 451/5/1 452/7/1 
f 453/4/1 454/5/1 322/7/1 
f 455/4/1 164/1/1 163/7/1 
f 221/4/1 456/10/1 303/7/1 
f 407/4/1 457/12/1 33/7/1 
f 458/4/1 459/5/1 266/7/1 
f 460/4/1 316/5/1 445/7/1 
f 461/4/1 462/5/1 269/7/1 
f 463/4/1 464/5/1 398/7/1 
f 465/4/1 466/1/1 467/7/1 
f 381/4/1 468/5/1 344/7/1 
f 469/4/1 470/5/1 89/7/1 
f 471/4/1 196/5/1 225/7/1 
f 103/4/1 472/5/1 211/7/1 
f 473/4/1 474/1/1 341/7/1 
f 49/4/1 475/5/1 476/7/1 
f 477/4/1 369/5/1 68/7/1 
f 410/4/1 478/5/1 188/7/1 
f 216/4/1 181/1/1 479/7/1 
f 480/4/1 481/5/1 430/7/1 
f 52/4/1 482/1/1 483/7/1 
f 230/4/1 484/5/1 409/7/1 
f 485/4/1 486/5/1 177/7/1 
f 487/4/1 488/5/1 363/7/1 
f 489/4/1 490/5/1 18/7/1 
f 491/4/1 492/12/1 384/7/1 
f 376/4/1 493/5/1 159/7/1 
f 296/4/1 494/5/1 396/7/1 
f 495/4/1 496/5/1 94/7/1 
f 497/4/1 498/5/1 465/7/1 
f 499/4/1 500/8/1 115/7/1 
f 501/4/1 451/1/1 450/7/1 
f 502/4/1 476/5/1 433/7/1 
f 176/4/1 503/5/1 504/7/1 
f 442/1/1 441/4/1 505/5/1 
f 506/1/1 282/7/1 281/5/1 
f 293/1/1 188/7/1 478/5/1 
f 226/1/1 225/7/1 196/5/1 
f 507/1/1 289/7/1 288/5/1 
f 508/1/1 362/7/1 361/5/1 
f 509/1/1 61/7/1 60/5/1 
f 510/1/1 278/7/1 277/5/1 
f 511/1/1 404/7/1 403/5/1 
f 478/1/1 410/7/1 409/5/1 
f 302/1/1 247/4/1 512/5/1 
f 368/1/1 308/7/1 307/5/1 
f 392/1/1 154/4/1 513/5/1 
f 514/1/1 165/7/1 164/5/1 
f 402/1/1 476/7/1 475/5/1 
f 279/1/1 24/7/1 23/5/1 
f 217/1/1 105/7/1 30/5/1 
f 332/1/1 84/7/1 83/5/1 
f 34/1/1 27/7/1 26/5/1 
f 431/1/1 430/7/1 481/5/1 
f 515/1/1 211/7/1 210/5/1 
f 446/1/1 445/7/1 316/5/1 
f 323/1/1 322/7/1 454/5/1 
f 195/1/1 194/7/1 290/5/1 
f 451/1/1 501/4/1 516/5/1 
f 260/1/1 259/7/1 136/5/1 
f 517/1/1 188/7/1 187/5/1 
f 474/1/1 473/4/1 7/5/1 
f 518/1/1 284/7/1 283/5/1 
f 519/1/1 241/7/1 520/5/1 
f 441/1/1 218/7/1 217/5/1 
f 521/1/1 227/7/1 423/5/1 
f 178/1/1 177/7/1 486/5/1 
f 57/1/1 56/7/1 299/5/1 
f 522/1/1 428/7/1 447/5/1 
f 181/1/1 216/4/1 523/5/1 
f 187/1/1 186/7/1 294/5/1 
f 503/1/1 176/7/1 175/5/1 
f 296/1/1 73/7/1 72/5/1 
f 69/1/1 68/7/1 369/5/1 
f 135/1/1 134/4/1 524/5/1 
f 26/1/1 389/4/1 525/5/1 
f 524/1/1 134/7/1 305/5/1 
f 526/1/1 207/7/1 148/5/1 
f 327/1/1 289/4/1 507/5/1 
f 527/1/1 46/7/1 45/5/1 
f 466/1/1 465/4/1 528/5/1 
f 208/1/1 148/7/1 147/5/1 
f 515/1/1 63/7/1 401/5/1 
f 364/1/1 363/7/1 488/5/1 
f 272/1/1 133/4/1 529/5/1 
f 366/1/1 250/7/1 249/5/1 
f 59/1/1 369/7/1 368/5/1 
f 530/1/1 144/7/1 265/5/1 
f 267/1/1 266/4/1 531/5/1 
f 532/1/1 344/7/1 468/5/1 
f 533/1/1 421/7/1 420/5/1 
f 534/1/1 326/7/1 325/5/1 
f 474/1/1 236/7/1 235/5/1 
f 208/1/1 207/4/1 526/5/1 
f 535/1/1 211/7/1 472/5/1 
f 536/1/1 179/7/1 178/5/1 
f 125/1/1 328/7/1 338/5/1 
f 164/1/1 455/4/1 537/5/1 
f 13/1/1 43/4/1 538/5/1 
f 361/1/1 276/7/1 539/5/1 
f 66/1/1 65/7/1 438/5/1 
f 441/1/1 30/7/1 29/5/1 
f 540/1/1 256/7/1 255/5/1 
f 510/1/1 58/7/1 57/5/1 
f 150/1/1 155/4/1 96/5/1 
f 235/1/1 234/7/1 341/5/1 
f 493/1/1 376/7/1 375/5/1 
f 424/1/1 347/4/1 346/5/1 
f 32/1/1 31/7/1 413/5/1 
f 92/1/1 91/4/1 541/5/1 
f 530/1/1 173/7/1 373/5/1 
f 356/1/1 191/7/1 190/5/1 
f 201/1/1 200/7/1 411/5/1 
f 542/1/1 96/7/1 543/15/1 
f 484/1/1 230/7/1 229/5/1 
f 172/1/1 171/4/1 544/5/1 
f 315/1/1 314/7/1 383/5/1 
f 283/1/1 214/7/1 545/5/1 
f 546/1/1 167/7/1 353/5/1 
f 547/1/1 101/7/1 100/5/1 
f 532/1/1 301/7/1 4/5/1 
f 237/1/1 244/7/1 548/5/1 
f 325/1/1 199/7/1 549/5/1 
f 296/1/1 295/4/1 550/5/1 
f 551/1/1 18/7/1 490/5/1 
f 455/1/1 165/7/1 330/5/1 
f 552/1/1 349/7/1 348/5/1 
f 553/1/1 78/7/1 201/5/1 
f 554/1/1 504/7/1 503/5/1 
f 423/1/1 313/7/1 312/5/1 
f 334/1/1 532/4/1 555/5/1 
f 54/1/1 53/7/1 273/5/1 
f 406/1/1 405/4/1 386/5/1 
f 412/1/1 33/7/1 406/5/1 
f 556/1/1 15/7/1 557/14/1 
f 29/1/1 28/7/1 558/5/1 
f 139/4/1 559/5/1 166/1/1 
f 560/1/1 38/7/1 27/5/1 
f 412/1/1 386/7/1 561/5/1 
f 562/1/1 367/7/1 366/5/1 
f 529/1/1 133/7/1 132/5/1 
f 277/1/1 224/7/1 58/5/1 
f 169/1/1 168/7/1 244/5/1 
f 399/1/1 398/7/1 464/5/1 
f 563/1/1 333/7/1 332/5/1 
f 468/1/1 381/7/1 301/5/1 
f 330/1/1 331/4/1 112/5/1 
f 564/1/1 415/7/1 565/14/1 
f 402/1/1 427/7/1 434/5/1 
f 566/1/1 452/7/1 451/5/1 
f 262/1/1 256/4/1 540/5/1 
f 544/1/1 352/2/1 567/5/1 
f 568/1/1 115/7/1 569/5/1 
f 272/1/1 55/7/1 54/5/1 
f 270/1/1 269/7/1 462/5/1 
f 420/1/1 419/7/1 440/14/1 
f 570/1/1 81/7/1 80/5/1 
f 95/1/1 94/7/1 496/5/1 
f 513/1/1 154/7/1 153/5/1 
f 373/1/1 145/7/1 144/5/1 
f 125/1/1 127/4/1 571/5/1 
f 401/1/1 206/7/1 205/5/1 
f 572/1/1 70/7/1 350/14/1 
f 475/1/1 49/7/1 48/5/1 
f 573/1/1 357/7/1 356/5/1 
f 574/1/1 52/7/1 51/5/1 
f 548/1/1 242/7/1 318/5/1 
f 147/1/1 575/4/1 576/5/1 
f 456/10/1 245/1/1 303/7/1 
f 121/1/1 120/7/1 263/5/1 
f 561/1/1 384/7/1 577/5/1 
f 245/1/1 416/4/1 10/5/1 
f 578/1/1 292/7/1 291/5/1 
f 435/12/1 579/1/1 436/7/1 
f 293/1/1 409/7/1 484/5/1 
f 135/1/1 261/7/1 260/5/1 
f 142/1/1 15/4/1 556/5/1 
f 580/1/1 115/4/1 568/5/1 
f 550/1/1 295/7/1 388/5/1 
f 338/1/1 141/7/1 126/5/1 
f 34/1/1 38/4/1 560/5/1 
f 455/1/1 112/7/1 1/5/1 
f 581/1/1 33/7/1 582/14/1 
f 360/1/1 239/7/1 583/5/1 
f 72/1/1 71/7/1 297/5/1 
f 286/5/1 414/1/1 287/7/1 
f 257/1/1 231/4/1 584/5/1 
f 585/1/1 365/7/1 364/5/1 
f 291/1/1 162/7/1 161/5/1 
f 586/1/1 221/7/1 220/5/1 
f 587/1/1 391/7/1 390/5/1 
f 588/1/1 67/7/1 66/5/1 
f 589/1/1 107/7/1 124/5/1 
f 397/5/1 590/1/1 73/7/1 
f 591/1/1 39/7/1 378/5/1 
f 512/1/1 247/7/1 246/5/1 
f 181/1/1 180/4/1 359/5/1 
f 592/1/1 432/7/1 431/5/1 
f 222/1/1 81/7/1 446/5/1 
f 359/1/1 358/4/1 593/5/1 
f 237/1/1 170/7/1 169/5/1 
f 222/1/1 316/7/1 315/5/1 
f 594/1/1 344/7/1 334/5/1 
f 59/1/1 70/7/1 69/5/1 
f 429/1/1 428/4/1 522/5/1 
f 434/1/1 433/7/1 476/5/1 
f 265/1/1 264/7/1 372/5/1 
f 520/1/1 36/7/1 35/5/1 
f 343/1/1 342/4/1 442/5/1 
f 595/1/1 55/7/1 195/5/1 
f 596/1/1 170/7/1 360/5/1 
f 262/1/1 122/7/1 121/5/1 
f 90/1/1 89/7/1 470/5/1 
f 571/1/1 127/7/1 449/5/1 
f 597/1/1 87/7/1 86/5/1 
f 598/1/1 21/7/1 20/5/1 
f 45/1/1 44/7/1 117/5/1 
f 599/1/1 109/7/1 589/5/1 
f 100/1/1 99/7/1 355/5/1 
f 77/1/1 271/7/1 270/5/1 
f 600/1/1 258/7/1 257/5/1 
f 559/1/1 139/7/1 138/5/1 
f 482/1/1 52/4/1 574/5/1 
f 13/1/1 159/7/1 493/5/1 
f 353/1/1 203/7/1 202/5/1 
f 129/1/1 319/2/1 601/5/1 
f 210/1/1 64/7/1 63/5/1 
f 77/1/1 76/4/1 443/5/1 
f 552/1/1 130/7/1 129/5/1 
f 348/1/1 310/7/1 130/5/1 
f 472/1/1 104/9/1 602/16/1 
f 311/1/1 227/7/1 226/5/1 
f 166/1/1 138/7/1 279/5/1 
f 397/1/1 396/7/1 494/5/1 
f 346/1/1 345/4/1 603/5/1 
f 604/1/1 400/7/1 399/5/1 
f 20/1/1 19/7/1 98/5/1 
f 605/1/1 88/7/1 90/5/1 
f 390/1/1 253/7/1 252/5/1 
f 531/1/1 266/7/1 459/5/1 
f 40/1/1 39/4/1 591/5/1 
f 523/1/1 216/7/1 182/5/1 
f 542/1/1 151/7/1 150/5/1 
f 606/1/1 324/7/1 323/5/1 
f 281/1/1 280/7/1 395/5/1 
f 538/1/1 43/7/1 159/5/1 
f 443/1/1 444/4/1 271/5/1 
f 86/1/1 85/7/1 193/5/1 
f 311/1/1 196/7/1 92/5/1 
f 528/1/1 465/7/1 498/5/1 
f 607/1/1 185/7/1 184/5/1 
f 16/1/1 18/4/1 551/5/1 
f 608/1/1 427/7/1 511/5/1 
f 80/1/1 222/4/1 609/5/1 
f 610/4/1 12/5/1 11/6/1 
f 611/4/1 9/5/1 612/13/1 
f 613/11/1 614/6/1 5/4/1 
f 2/2/1 1/1/1 111/6/1 
usemtl Material__3
f 298/4/1 479/1/1 299/7/1 
f 55/1/1 388/7/1 337/5/1 
f 595/1/1 615/7/1 616/16/1 
f 617/17/1 479/1/1 299/7/1 
f 42/1/1 372/7/1 43/15/1 
f 343/1/1 618/7/1 218/5/1 
f 236/1/1 496/7/1 340/5/1 
f 142/1/1 619/7/1 42/5/1 
f 188/1/1 558/7/1 408/5/1 
f 78/1/1 620/7/1 444/5/1 
f 621/17/1 608/1/1 622/7/1 
f 570/1/1 623/7/1 81/5/1 
f 535/1/1 624/7/1 211/5/1 
f 81/1/1 462/7/1 460/5/1 
f 597/1/1 625/7/1 87/5/1 
f 533/1/1 626/7/1 421/5/1 
f 278/1/1 601/7/1 223/5/1 
f 261/1/1 375/7/1 417/5/1 
f 165/1/1 305/7/1 331/5/1 
f 608/1/1 622/7/1 427/5/1 
f 218/1/1 383/7/1 106/5/1 
f 427/1/1 627/7/1 502/5/1 
f 42/1/1 372/7/1 158/5/1 
f 303/1/1 229/7/1 219/5/1 
f 236/1/1 496/7/1 340/5/1 
f 358/4/1 151/1/1 593/7/1 
f 392/1/1 628/7/1 393/5/1 
f 604/1/1 629/7/1 400/5/1 
f 73/1/1 630/7/1 74/5/1 
f 427/1/1 627/7/1 502/5/1 
f 448/4/1 344/1/1 449/7/1 
f 590/1/1 631/7/1 73/5/1 
f 73/1/1 630/7/1 74/5/1 
f 328/1/1 205/7/1 140/5/1 
f 211/1/1 132/7/1 62/5/1 
f 229/4/1 302/1/1 632/7/1 
f 349/1/1 633/7/1 309/5/1 
f 634/4/1 73/1/1 630/7/1 
f 55/1/1 388/7/1 337/5/1 
f 349/1/1 633/7/1 309/5/1 
f 211/1/1 132/7/1 62/5/1 
f 604/1/1 629/7/1 635/15/1 
f 303/1/1 229/7/1 221/15/1 
f 42/1/1 372/7/1 158/5/1 
f 327/1/1 636/7/1 328/5/1 
f 261/1/1 375/7/1 417/5/1 
f 218/1/1 383/7/1 106/5/1 
f 517/1/1 637/7/1 188/5/1 
f 142/1/1 619/7/1 42/5/1 
f 328/1/1 205/7/1 140/5/1 
f 151/1/1 593/7/1 155/5/1 
f 392/1/1 628/7/1 393/5/1 
f 236/1/1 496/7/1 340/5/1 
f 427/1/1 627/7/1 638/16/1 
f 594/1/1 639/7/1 344/5/1 
f 327/1/1 636/7/1 328/5/1 
f 640/4/1 78/1/1 620/7/1 
f 553/1/1 641/7/1 78/5/1 
f 590/1/1 631/7/1 73/5/1 
f 172/1/1 642/7/1 643/15/1 
f 302/1/1 632/7/1 303/5/1 
f 553/1/1 641/7/1 78/5/1 
f 344/1/1 449/7/1 379/5/1 
f 600/1/1 644/7/1 645/15/1 
f 514/1/1 646/7/1 165/5/1 
f 375/4/1 429/1/1 647/7/1 
f 172/1/1 642/7/1 173/5/1 
f 218/1/1 383/7/1 105/15/1 
f 344/1/1 449/7/1 379/5/1 
f 429/1/1 647/7/1 261/5/1 
f 278/1/1 601/7/1 648/16/1 
f 461/4/1 81/1/1 462/7/1 
f 358/4/1 151/1/1 593/7/1 
f 278/1/1 601/7/1 223/5/1 
f 570/1/1 623/7/1 81/5/1 
f 594/1/1 639/7/1 344/5/1 
f 78/1/1 620/7/1 444/5/1 
f 387/4/1 55/1/1 388/7/1 
f 173/1/1 48/7/1 143/5/1 
f 517/1/1 637/7/1 188/5/1 
f 595/1/1 615/7/1 55/5/1 
f 514/1/1 646/7/1 165/5/1 
f 600/1/1 644/7/1 258/5/1 
f 533/1/1 626/7/1 421/5/1 
f 165/1/1 305/7/1 331/5/1 
f 597/1/1 625/7/1 87/5/1 
f 81/1/1 462/7/1 460/5/1 
f 328/1/1 205/7/1 140/5/1 
f 649/4/1 349/1/1 633/7/1 
f 617/17/1 479/1/1 299/7/1 
f 303/1/1 229/7/1 219/5/1 
f 47/4/1 173/1/1 48/7/1 
f 173/1/1 48/7/1 143/5/1 
f 132/4/1 535/1/1 624/7/1 
f 188/1/1 558/7/1 408/5/1 
f 165/1/1 305/7/1 331/5/1 
f 343/1/1 618/7/1 218/5/1 
f 261/1/1 375/7/1 417/5/1 
f 188/1/1 558/7/1 408/5/1 
f 211/1/1 132/7/1 64/15/1 
f 429/1/1 375/4/1 261/5/1 
f 205/4/1 328/5/1 636/7/1 
f 47/4/1 143/5/1 48/7/1 
f 461/4/1 460/5/1 462/7/1 
f 383/4/1 218/5/1 618/7/1 
f 448/4/1 379/5/1 449/7/1 
f 118/4/1 408/5/1 558/7/1 
f 131/4/1 62/5/1 132/7/1 
f 650/4/1 258/5/1 644/7/1 
f 651/4/1 223/5/1 601/7/1 
f 132/4/1 211/5/1 624/7/1 
f 151/1/1 358/4/1 155/5/1 
f 372/4/1 42/5/1 619/7/1 
f 449/4/1 344/5/1 639/7/1 
f 73/1/1 634/4/1 74/5/1 
f 371/4/1 158/5/1 372/7/1 
f 652/4/1 393/5/1 628/7/1 
f 204/4/1 140/5/1 205/7/1 
f 173/1/1 47/4/1 143/5/1 
f 371/4/1 158/5/1 372/7/1 
f 228/4/1 219/5/1 229/7/1 
f 634/4/1 74/5/1 630/7/1 
f 47/4/1 143/5/1 48/7/1 
f 448/4/1 379/5/1 449/7/1 
f 653/4/1 502/5/1 627/7/1 
f 228/4/1 219/5/1 229/7/1 
f 375/4/1 261/5/1 647/7/1 
f 358/4/1 654/12/1 593/7/1 
f 131/4/1 62/5/1 132/7/1 
f 652/4/1 393/5/1 628/7/1 
f 204/4/1 140/5/1 205/7/1 
f 374/4/1 417/5/1 375/7/1 
f 558/4/1 188/5/1 637/7/1 
f 650/4/1 655/8/1 644/7/1 
f 383/4/1 218/5/1 618/7/1 
f 228/4/1 219/5/1 229/7/1 
f 387/4/1 337/5/1 388/7/1 
f 131/4/1 64/15/1 132/7/1 
f 48/4/1 173/5/1 642/7/1 
f 649/4/1 309/5/1 633/7/1 
f 495/4/1 340/5/1 496/7/1 
f 229/4/1 303/5/1 632/7/1 
f 449/4/1 344/5/1 639/7/1 
f 653/4/1 502/5/1 627/7/1 
f 382/4/1 106/5/1 383/7/1 
f 204/4/1 140/5/1 205/7/1 
f 634/4/1 74/5/1 630/7/1 
f 627/4/1 427/5/1 622/7/1 
f 630/4/1 73/5/1 631/7/1 
f 535/1/1 132/4/1 211/5/1 
f 495/4/1 340/5/1 496/7/1 
f 304/4/1 656/10/1 305/7/1 
f 630/4/1 73/5/1 631/7/1 
f 558/4/1 657/10/1 637/7/1 
f 462/4/1 658/8/1 623/7/1 
f 659/4/1 400/5/1 629/7/1 
f 382/4/1 106/5/1 383/7/1 
f 479/1/1 617/17/1 215/5/1 
f 371/4/1 660/8/1 372/7/1 
f 81/1/1 461/4/1 460/5/1 
f 661/4/1 87/5/1 625/7/1 
f 151/1/1 358/4/1 155/5/1 
f 651/4/1 223/5/1 601/7/1 
f 479/1/1 617/17/1 662/16/1 
f 344/1/1 448/4/1 379/5/1 
f 48/4/1 173/5/1 642/7/1 
f 461/4/1 460/5/1 462/7/1 
f 205/4/1 328/5/1 636/7/1 
f 608/1/1 621/17/1 427/5/1 
f 388/4/1 55/5/1 615/7/1 
f 653/4/1 638/16/1 627/7/1 
f 305/4/1 663/12/1 646/7/1 
f 304/4/1 331/5/1 305/7/1 
f 620/4/1 78/5/1 641/7/1 
f 640/4/1 444/5/1 620/7/1 
f 659/4/1 400/5/1 629/7/1 
f 304/4/1 331/5/1 305/7/1 
f 372/4/1 42/5/1 619/7/1 
f 118/4/1 408/5/1 558/7/1 
f 374/4/1 417/5/1 375/7/1 
f 661/4/1 87/5/1 625/7/1 
f 387/4/1 337/5/1 388/7/1 
f 462/4/1 81/5/1 623/7/1 
f 479/1/1 298/4/1 215/5/1 
f 388/4/1 55/5/1 615/7/1 
f 302/1/1 229/4/1 303/5/1 
f 664/4/1 421/5/1 626/7/1 
f 664/4/1 421/5/1 626/7/1 
f 374/4/1 417/5/1 375/7/1 
f 620/4/1 78/5/1 641/7/1 
f 649/4/1 309/5/1 633/7/1 
f 55/1/1 387/4/1 337/5/1 
f 495/4/1 340/5/1 496/7/1 
f 640/4/1 444/5/1 620/7/1 
f 382/4/1 106/5/1 383/7/1 
f 118/4/1 408/5/1 558/7/1 
f 651/4/1 223/5/1 601/7/1 
f 78/1/1 640/4/1 444/5/1 
f 305/4/1 165/5/1 646/7/1 
f 349/1/1 649/4/1 309/5/1 
f 665/4/1 263/1/1 583/7/1 
f 140/1/1 517/7/1 126/5/1 
f 618/4/1 666/10/1 131/7/1 
f 623/4/1 570/5/1 387/7/1 
f 624/4/1 535/5/1 298/7/1 
f 63/1/1 505/7/1 204/5/1 
f 156/1/1 596/7/1 263/5/1 
f 631/4/1 590/5/1 649/7/1 
f 615/4/1 595/5/1 651/7/1 
f 494/4/1 309/1/1 590/7/1 
f 309/1/1 590/7/1 130/5/1 
f 155/1/1 327/7/1 96/5/1 
f 637/4/1 517/5/1 204/7/1 
f 341/1/1 555/7/1 611/5/1 
f 263/1/1 583/7/1 254/5/1 
f 138/1/1 60/7/1 667/16/1 
f 631/4/1 590/5/1 649/7/1 
f 126/1/1 294/7/1 127/15/1 
f 301/1/1 246/7/1 5/5/1 
f 631/4/1 590/5/1 649/7/1 
f 148/1/1 202/7/1 575/5/1 
f 58/1/1 290/7/1 298/5/1 
f 370/1/1 521/7/1 244/5/1 
f 639/4/1 594/5/1 495/7/1 
f 609/4/1 337/1/1 570/7/1 
f 156/1/1 596/7/1 263/5/1 
f 246/4/1 379/1/1 302/7/1 
f 339/1/1 546/7/1 668/15/1 
f 140/1/1 517/7/1 669/14/1 
f 639/4/1 96/1/1 288/7/1 
f 290/4/1 223/1/1 595/7/1 
f 341/1/1 555/7/1 611/5/1 
f 615/4/1 595/5/1 651/7/1 
f 297/1/1 411/7/1 387/5/1 
f 370/1/1 521/7/1 244/5/1 
f 96/1/1 288/7/1 495/5/1 
f 623/4/1 570/5/1 387/7/1 
f 555/4/1 340/1/1 594/7/1 
f 632/4/1 670/13/1 448/7/1 
f 671/2/1 155/1/1 358/7/1 
f 672/4/1 215/1/1 535/7/1 
f 673/2/1 674/13/1 411/7/1 
f 273/1/1 609/7/1 131/5/1 
f 148/1/1 202/7/1 146/15/1 
f 632/4/1 302/5/1 448/7/1 
f 63/1/1 505/7/1 204/5/1 
f 675/9/1 676/11/1 312/7/1 
f 637/4/1 517/5/1 204/7/1 
f 301/1/1 246/7/1 5/5/1 
f 618/4/1 343/5/1 131/7/1 
f 677/13/1 651/7/1 678/2/1 
f 246/4/1 379/1/1 302/7/1 
f 679/13/1 131/7/1 680/2/1 
f 637/4/1 517/5/1 204/7/1 
f 639/4/1 594/5/1 495/7/1 
f 126/1/1 294/7/1 127/15/1 
f 62/1/1 343/7/1 63/5/1 
f 244/1/1 312/7/1 317/5/1 
f 641/4/1 553/5/1 634/7/1 
f 639/4/1 594/5/1 495/7/1 
f 182/1/1 672/7/1 358/5/1 
f 681/4/1 138/1/1 60/7/1 
f 337/1/1 570/7/1 273/5/1 
f 58/1/1 290/7/1 298/5/1 
f 624/4/1 535/5/1 298/7/1 
f 74/1/1 553/7/1 297/5/1 
f 615/4/1 223/1/1 651/7/1 
f 215/1/1 535/7/1 182/5/1 
f 182/1/1 672/7/1 358/5/1 
f 637/4/1 517/5/1 204/7/1 
f 639/4/1 340/1/1 495/7/1 
f 339/1/1 546/7/1 148/5/1 
f 636/4/1 327/5/1 358/7/1 
f 632/4/1 302/5/1 448/7/1 
f 636/4/1 155/1/1 358/7/1 
f 623/4/1 570/5/1 387/7/1 
f 631/4/1 590/5/1 649/7/1 
f 273/1/1 609/7/1 131/5/1 
f 623/4/1 682/10/1 387/7/1 
f 632/4/1 379/1/1 448/7/1 
f 641/4/1 74/1/1 634/7/1 
f 137/1/1 572/7/1 138/5/1 
f 223/1/1 595/7/1 58/5/1 
f 155/1/1 327/7/1 96/5/1 
f 555/4/1 340/1/1 594/7/1 
f 618/4/1 62/1/1 131/7/1 
f 636/4/1 327/5/1 358/7/1 
f 137/1/1 572/7/1 138/5/1 
f 624/4/1 535/5/1 298/7/1 
f 641/4/1 74/1/1 634/7/1 
f 505/4/1 62/1/1 343/7/1 
f 624/4/1 535/5/1 298/7/1 
f 641/4/1 553/5/1 634/7/1 
f 74/1/1 553/7/1 297/5/1 
f 130/1/1 494/7/1 651/5/1 
f 130/1/1 494/7/1 651/5/1 
f 138/1/1 681/4/1 22/5/1 
f 683/4/1 5/5/1 246/7/1 
f 215/1/1 672/4/1 182/5/1 
f 379/1/1 246/4/1 301/5/1 
f 223/1/1 615/4/1 595/5/1 
f 337/1/1 609/4/1 273/5/1 
f 340/1/1 555/4/1 341/5/1 
f 312/4/1 244/5/1 521/7/1 
f 215/1/1 298/7/1 535/5/1 
f 618/4/1 131/5/1 609/7/1 
f 223/1/1 651/7/1 595/5/1 
f 62/1/1 618/4/1 343/5/1 
f 288/4/1 96/5/1 327/7/1 
f 337/1/1 387/7/1 570/5/1 
f 505/4/1 63/5/1 343/7/1 
f 60/4/1 138/5/1 572/7/1 
f 615/4/1 651/5/1 494/7/1 
f 624/4/1 298/5/1 290/7/1 
f 223/1/1 651/7/1 595/5/1 
f 494/4/1 130/5/1 590/7/1 
f 74/1/1 641/4/1 553/5/1 
f 74/1/1 641/4/1 553/5/1 
f 312/4/1 244/5/1 521/7/1 
f 639/4/1 495/5/1 288/7/1 
f 215/1/1 298/7/1 535/5/1 
f 202/4/1 148/5/1 546/7/1 
f 74/1/1 634/7/1 553/5/1 
f 140/1/1 204/7/1 517/5/1 
f 140/1/1 204/7/1 517/5/1 
f 340/1/1 495/7/1 594/5/1 
f 215/1/1 298/7/1 535/5/1 
f 337/1/1 387/7/1 570/5/1 
f 379/1/1 448/7/1 302/5/1 
f 636/4/1 327/5/1 155/1/1 
f 684/4/1 611/5/1 555/7/1 
f 96/1/1 639/4/1 495/5/1 
f 665/4/1 254/5/1 583/7/1 
f 609/4/1 273/5/1 570/7/1 
f 309/1/1 494/4/1 130/5/1 
f 155/1/1 636/4/1 327/5/1 
f 411/4/1 685/10/1 553/7/1 
f 379/1/1 632/4/1 302/5/1 
f 379/1/1 448/7/1 686/14/1 
f 687/4/1 575/5/1 202/7/1 
f 340/1/1 639/4/1 594/5/1 
f 223/1/1 678/2/1 595/5/1 
f 337/1/1 387/7/1 570/5/1 
f 340/1/1 495/7/1 594/5/1 
f 681/4/1 22/5/1 60/7/1 
f 244/1/1 675/9/1 317/5/1 
f 62/1/1 131/7/1 343/5/1 
f 684/4/1 688/8/1 555/7/1 
f 337/1/1 387/7/1 570/5/1 
f 309/1/1 649/7/1 689/14/1 
f 223/1/1 290/4/1 690/15/1 
f 632/4/1 448/5/1 294/7/1 
f 62/1/1 680/2/1 343/5/1 
f 297/1/1 673/2/1 387/5/1 
f 632/4/1 448/5/1 294/7/1 
f 340/1/1 555/4/1 691/15/1 
f 202/4/1 148/5/1 546/7/1 
f 294/4/1 692/10/1 517/7/1 
f 636/4/1 358/5/1 672/7/1 
f 618/4/1 131/5/1 609/7/1 
f 411/4/1 297/5/1 553/7/1 
f 623/4/1 387/5/1 411/7/1 
f 290/4/1 58/5/1 595/7/1 
f 309/1/1 649/7/1 590/5/1 
f 615/4/1 651/5/1 494/7/1 
f 693/4/1 317/5/1 312/7/1 
f 140/1/1 204/7/1 517/5/1 
f 683/4/1 5/5/1 246/7/1 
f 340/1/1 495/7/1 594/5/1 
f 637/4/1 204/5/1 505/7/1 
f 624/4/1 298/5/1 290/7/1 
f 60/4/1 138/5/1 572/7/1 
f 155/1/1 358/7/1 327/5/1 
f 636/4/1 358/5/1 672/7/1 
f 672/4/1 182/5/1 535/7/1 
f 140/1/1 204/7/1 517/5/1 
f 309/1/1 649/7/1 590/5/1 
f 687/4/1 575/5/1 202/7/1 
f 637/4/1 204/5/1 505/7/1 
f 62/1/1 131/7/1 343/5/1 
f 288/4/1 96/5/1 327/7/1 
f 309/1/1 649/7/1 590/5/1 
f 74/1/1 634/7/1 553/5/1 
f 215/1/1 298/7/1 535/5/1 
f 583/4/1 263/5/1 596/7/1 
f 379/1/1 632/4/1 302/5/1 
f 62/1/1 505/4/1 63/5/1 
f 263/1/1 665/4/1 254/5/1 
f 294/4/1 126/5/1 517/7/1 
f 155/1/1 358/7/1 327/5/1 
f 583/4/1 263/5/1 596/7/1 
f 379/1/1 246/4/1 301/5/1 
f 477/1/1 581/7/1 369/5/1 
f 220/1/1 537/7/1 610/5/1 
f 316/1/1 567/7/1 382/5/1 
f 316/1/1 567/7/1 382/5/1 
f 220/1/1 537/7/1 610/5/1 
f 196/1/1 35/7/1 91/5/1 
f 106/1/1 142/7/1 30/5/1 
f 196/1/1 35/7/1 91/5/1 
f 694/2/1 369/1/1 413/7/1 
f 537/4/1 219/1/1 514/7/1 
f 471/1/1 519/7/1 196/5/1 
f 477/1/1 581/7/1 369/5/1 
f 460/1/1 172/7/1 316/5/1 
f 408/1/1 429/7/1 409/5/1 
f 444/1/1 608/7/1 271/5/1 
f 408/1/1 429/7/1 409/5/1 
f 30/1/1 14/7/1 118/5/1 
f 471/1/1 519/7/1 196/5/1 
f 444/1/1 608/7/1 271/5/1 
f 460/1/1 172/7/1 316/5/1 
f 409/1/1 447/7/1 228/5/1 
f 106/1/1 142/7/1 30/5/1 
f 14/7/1 647/4/1 30/1/1 
f 271/1/1 403/7/1 461/5/1 
f 271/1/1 403/7/1 461/5/1 
f 537/4/1 219/1/1 514/7/1 
f 409/1/1 447/7/1 228/5/1 
f 695/18/1 369/1/1 413/7/1 
f 646/4/1 514/5/1 228/7/1 
f 619/4/1 142/5/1 382/7/1 
f 646/4/1 514/5/1 228/7/1 
f 647/4/1 429/5/1 118/7/1 
f 124/4/1 37/1/1 599/7/1 
f 112/1/1 193/7/1 110/15/1 
f 331/1/1 597/7/1 112/5/1 
f 644/4/1 600/5/1 374/7/1 
f 619/4/1 142/5/1 382/7/1 
f 622/4/1 608/5/1 640/7/1 
f 625/4/1 597/5/1 304/7/1 
f 642/4/1 172/5/1 461/7/1 
f 626/4/1 533/5/1 47/7/1 
f 696/17/1 417/1/1 600/7/1 
f 626/4/1 533/5/1 47/7/1 
f 159/1/1 464/7/1 374/5/1 
f 644/4/1 159/1/1 464/7/1 
f 136/1/1 584/7/1 304/5/1 
f 697/4/1 27/1/1 124/7/1 
f 698/6/1 374/7/1 644/4/1 
f 502/1/1 392/7/1 476/5/1 
f 143/1/1 533/7/1 144/5/1 
f 625/4/1 597/5/1 304/7/1 
f 622/4/1 608/5/1 640/7/1 
f 37/1/1 599/7/1 27/5/1 
f 642/4/1 699/10/1 461/7/1 
f 331/1/1 597/7/1 700/15/1 
f 405/1/1 547/7/1 386/5/1 
f 642/4/1 172/5/1 461/7/1 
f 644/4/1 600/5/1 374/7/1 
f 124/7/1 701/2/1 702/19/1 
f 629/4/1 604/5/1 371/7/1 
f 476/1/1 153/7/1 47/5/1 
f 628/4/1 392/5/1 653/7/1 
f 158/1/1 604/7/1 703/14/1 
f 405/1/1 547/7/1 386/5/1 
f 619/4/1 106/1/1 382/7/1 
f 628/4/1 704/8/1 653/7/1 
f 647/4/1 429/5/1 118/7/1 
f 705/2/1 706/13/1 304/7/1 
f 646/4/1 514/5/1 228/7/1 
f 619/4/1 142/5/1 382/7/1 
f 625/4/1 597/5/1 304/7/1 
f 646/4/1 514/5/1 228/7/1 
f 626/4/1 533/5/1 47/7/1 
f 622/4/1 444/1/1 640/7/1 
f 647/4/1 429/5/1 118/7/1 
f 642/4/1 172/5/1 461/7/1 
f 144/1/1 707/7/1 371/5/1 
f 629/4/1 708/10/1 371/7/1 
f 629/4/1 604/5/1 371/7/1 
f 143/1/1 533/7/1 144/5/1 
f 502/1/1 392/7/1 476/5/1 
f 136/1/1 584/7/1 304/5/1 
f 417/1/1 600/7/1 136/5/1 
f 622/4/1 608/5/1 640/7/1 
f 709/4/1 386/1/1 355/7/1 
f 647/4/1 408/1/1 118/7/1 
f 112/1/1 193/7/1 110/15/1 
f 628/4/1 392/5/1 653/7/1 
f 386/1/1 355/7/1 491/5/1 
f 144/1/1 707/7/1 371/5/1 
f 628/4/1 392/5/1 653/7/1 
f 629/4/1 604/5/1 371/7/1 
f 476/1/1 153/7/1 47/5/1 
f 158/1/1 604/7/1 159/5/1 
f 644/4/1 600/5/1 374/7/1 
f 626/4/1 533/5/1 47/7/1 
f 444/1/1 640/7/1 608/5/1 
f 159/1/1 644/4/1 374/5/1 
f 408/1/1 118/7/1 429/5/1 
f 447/4/1 409/5/1 429/7/1 
f 403/4/1 271/5/1 608/7/1 
f 14/4/1 30/5/1 142/7/1 
f 710/4/1 610/5/1 537/7/1 
f 35/4/1 196/5/1 519/7/1 
f 193/4/1 112/5/1 597/7/1 
f 14/4/1 30/5/1 142/7/1 
f 647/4/1 118/5/1 14/7/1 
f 460/1/1 461/7/1 172/5/1 
f 153/4/1 476/5/1 392/7/1 
f 408/1/1 647/4/1 429/5/1 
f 502/1/1 653/7/1 392/5/1 
f 158/1/1 371/7/1 604/5/1 
f 143/1/1 47/7/1 533/5/1 
f 707/4/1 144/5/1 533/7/1 
f 502/1/1 653/7/1 392/5/1 
f 447/4/1 409/5/1 429/7/1 
f 355/4/1 386/5/1 547/7/1 
f 413/4/1 369/5/1 581/7/1 
f 106/1/1 619/4/1 142/5/1 
f 709/4/1 491/5/1 355/7/1 
f 143/1/1 47/7/1 533/5/1 
f 106/1/1 382/7/1 142/5/1 
f 30/1/1 647/4/1 118/5/1 
f 106/1/1 382/7/1 142/5/1 
f 625/4/1 304/5/1 584/7/1 
f 413/4/1 369/5/1 581/7/1 
f 629/4/1 371/5/1 707/7/1 
f 707/4/1 144/5/1 533/7/1 
f 417/1/1 696/17/1 136/5/1 
f 464/4/1 159/5/1 604/7/1 
f 460/1/1 461/7/1 172/5/1 
f 584/4/1 711/8/1 600/7/1 
f 219/1/1 228/7/1 514/5/1 
f 646/4/1 712/10/1 447/7/1 
f 27/1/1 697/4/1 389/5/1 
f 369/1/1 695/18/1 306/5/1 
f 355/4/1 386/5/1 547/7/1 
f 219/1/1 228/7/1 514/5/1 
f 106/1/1 382/7/1 142/5/1 
f 331/1/1 304/7/1 713/14/1 
f 644/4/1 714/10/1 464/7/1 
f 158/1/1 371/7/1 604/5/1 
f 193/4/1 700/15/1 597/7/1 
f 219/1/1 228/7/1 514/5/1 
f 417/1/1 644/4/1 600/5/1 
f 331/1/1 705/2/1 597/5/1 
f 460/1/1 461/7/1 172/5/1 
f 158/1/1 371/7/1 604/5/1 
f 444/1/1 640/7/1 608/5/1 
f 625/4/1 304/5/1 584/7/1 
f 697/4/1 389/5/1 702/19/1 
f 408/1/1 118/7/1 429/5/1 
f 219/1/1 537/4/1 220/5/1 
f 124/4/1 715/12/1 599/7/1 
f 716/4/1 717/5/1 193/7/1 
f 718/4/1 306/5/1 369/1/1 
f 619/4/1 382/5/1 567/7/1 
f 219/1/1 228/7/1 514/5/1 
f 716/4/1 717/5/1 193/7/1 
f 464/4/1 159/5/1 604/7/1 
f 719/4/1 91/5/1 35/7/1 
f 219/1/1 537/4/1 220/5/1 
f 629/4/1 371/5/1 707/7/1 
f 567/4/1 316/5/1 172/7/1 
f 642/4/1 461/5/1 403/7/1 
f 444/1/1 622/4/1 608/5/1 
f 417/1/1 374/7/1 600/5/1 
f 719/4/1 91/5/1 35/7/1 
f 626/4/1 47/5/1 153/7/1 
f 626/4/1 47/5/1 153/7/1 
f 502/1/1 653/7/1 392/5/1 
f 143/1/1 47/7/1 533/5/1 
f 460/1/1 461/7/1 172/5/1 
f 642/4/1 461/5/1 403/7/1 
f 646/4/1 228/5/1 447/7/1 
f 37/1/1 124/4/1 27/5/1 
f 403/4/1 271/5/1 608/7/1 
f 567/4/1 316/5/1 172/7/1 
f 35/4/1 196/5/1 519/7/1 
f 331/1/1 304/7/1 597/5/1 
f 619/4/1 382/5/1 567/7/1 
f 417/1/1 374/7/1 600/5/1 
f 158/1/1 371/7/1 604/5/1 
f 417/1/1 374/7/1 600/5/1 
f 143/1/1 47/7/1 533/5/1 
f 408/1/1 118/7/1 429/5/1 
f 502/1/1 653/7/1 392/5/1 
f 331/1/1 304/7/1 597/5/1 
f 444/1/1 640/7/1 608/5/1 
f 153/4/1 476/5/1 392/7/1 
f 710/4/1 610/5/1 537/7/1 
f 386/1/1 709/4/1 491/5/1 
f 37/1/1 491/7/1 599/5/1 
f 370/1/1 22/7/1 521/5/1 
f 405/1/1 717/7/1 547/5/1 
f 227/1/1 307/7/1 471/5/1 
f 405/1/1 717/7/1 547/5/1 
f 156/1/1 575/7/1 596/5/1 
f 720/12/1 70/1/1 12/7/1 
f 581/1/1 710/7/1 33/5/1 
f 5/4/1 167/1/1 6/7/1 
f 525/4/1 721/1/1 719/7/1 
f 370/1/1 22/7/1 521/5/1 
f 546/1/1 684/7/1 167/5/1 
f 722/1/1 541/7/1 723/16/1 
f 241/1/1 577/7/1 37/5/1 
f 724/1/1 91/7/1 721/5/1 
f 611/4/1 209/1/1 9/7/1 
f 596/1/1 687/7/1 725/16/1 
f 726/1/1 525/7/1 727/15/1 
f 519/1/1 718/7/1 241/5/1 
f 137/5/1 167/1/1 6/7/1 
f 728/1/1 389/7/1 729/5/1 
f 137/1/1 5/7/1 572/5/1 
f 137/1/1 5/7/1 572/5/1 
f 170/1/1 23/7/1 168/15/1 
f 37/1/1 491/7/1 599/5/1 
f 521/1/1 681/7/1 730/16/1 
f 156/1/1 575/7/1 596/5/1 
f 33/1/1 731/7/1 405/5/1 
f 122/1/1 576/7/1 156/5/1 
f 732/1/1 693/7/1 722/5/1 
f 728/1/1 389/7/1 729/5/1 
f 716/4/1 405/1/1 717/7/1 
f 521/1/1 681/7/1 730/16/1 
f 170/1/1 23/7/1 370/5/1 
f 733/17/1 734/1/1 318/7/1 
f 477/1/1 610/7/1 581/5/1 
f 665/4/1 735/1/1 254/7/1 
f 339/1/1 611/7/1 546/5/1 
f 339/1/1 611/7/1 546/5/1 
f 477/1/1 610/7/1 581/5/1 
f 306/4/1 227/1/1 307/7/1 
f 5/4/1 167/1/1 6/7/1 
f 241/1/1 577/7/1 37/5/1 
f 735/1/1 254/7/1 736/5/1 
f 737/1/1 255/7/1 735/5/1 
f 209/1/1 9/7/1 339/5/1 
f 471/1/1 306/7/1 519/5/1 
f 471/1/1 306/7/1 738/12/1 
f 405/1/1 717/7/1 547/5/1 
f 339/1/1 611/7/1 739/14/1 
f 735/1/1 254/7/1 736/5/1 
f 736/1/1 665/7/1 734/5/1 
f 610/4/1 70/1/1 12/7/1 
f 726/1/1 525/7/1 728/5/1 
f 684/4/1 339/1/1 611/7/1 
f 740/11/1 389/7/1 697/4/1 
f 33/1/1 731/7/1 405/5/1 
f 525/4/1 721/1/1 719/7/1 
f 741/1/1 317/7/1 732/5/1 
f 227/1/1 307/7/1 471/5/1 
f 137/1/1 5/7/1 572/5/1 
f 572/1/1 683/7/1 70/5/1 
f 734/1/1 318/7/1 741/5/1 
f 724/1/1 91/7/1 721/5/1 
f 581/1/1 710/7/1 33/5/1 
f 209/1/1 9/7/1 339/5/1 
f 720/12/1 70/1/1 12/7/1 
f 547/1/1 716/7/1 101/5/1 
f 741/1/1 317/7/1 732/5/1 
f 22/4/1 170/1/1 23/7/1 
f 471/1/1 306/7/1 519/5/1 
f 599/1/1 709/7/1 109/5/1 
f 729/1/1 697/7/1 742/5/1 
f 137/1/1 5/7/1 572/5/1 
f 735/1/1 254/7/1 736/5/1 
f 710/4/1 477/1/1 610/7/1 
f 37/1/1 491/7/1 599/5/1 
f 477/1/1 610/7/1 581/5/1 
f 370/1/1 22/7/1 521/5/1 
f 156/1/1 575/7/1 596/5/1 
f 599/1/1 709/7/1 109/5/1 
f 737/1/1 255/7/1 735/5/1 
f 737/1/1 255/7/1 735/5/1 
f 122/1/1 576/7/1 156/5/1 
f 33/1/1 731/7/1 405/5/1 
f 370/1/1 22/7/1 521/5/1 
f 23/4/1 596/1/1 687/7/1 
f 741/1/1 317/7/1 732/5/1 
f 724/1/1 91/7/1 721/5/1 
f 471/1/1 306/7/1 519/5/1 
f 91/4/1 722/1/1 541/7/1 
f 122/1/1 576/7/1 156/5/1 
f 741/1/1 317/7/1 732/5/1 
f 726/1/1 525/7/1 728/5/1 
f 743/17/1 546/1/1 684/7/1 
f 572/1/1 683/7/1 70/5/1 
f 734/1/1 318/7/1 741/5/1 
f 724/1/1 91/7/1 719/4/1 
f 241/1/1 577/7/1 37/5/1 
f 709/4/1 37/1/1 491/7/1 
f 156/1/1 575/7/1 596/5/1 
f 519/1/1 718/7/1 241/5/1 
f 736/1/1 665/7/1 734/5/1 
f 732/1/1 693/7/1 722/5/1 
f 729/1/1 697/7/1 742/5/1 
f 722/1/1 541/7/1 724/5/1 
f 728/1/1 389/7/1 729/5/1 
f 547/1/1 716/7/1 101/5/1 
f 710/4/1 581/5/1 610/7/1 
f 744/4/1 101/5/1 716/7/1 
f 719/4/1 721/5/1 91/7/1 
f 693/4/1 732/5/1 317/7/1 
f 710/4/1 581/5/1 610/7/1 
f 209/1/1 611/4/1 339/5/1 
f 717/4/1 405/5/1 731/7/1 
f 491/4/1 37/5/1 577/7/1 
f 684/4/1 546/5/1 339/1/1 
f 405/1/1 716/4/1 547/5/1 
f 745/4/1 742/5/1 697/7/1 
f 317/4/1 741/5/1 318/7/1 
f 541/4/1 722/5/1 693/7/1 
f 687/4/1 596/5/1 575/7/1 
f 719/4/1 721/5/1 91/7/1 
f 716/4/1 547/5/1 717/7/1 
f 577/4/1 241/5/1 718/7/1 
f 717/4/1 405/5/1 731/7/1 
f 731/4/1 33/5/1 710/7/1 
f 728/1/1 697/4/1 729/5/1 
f 744/4/1 101/5/1 716/7/1 
f 254/4/1 735/5/1 255/7/1 
f 170/1/1 22/4/1 370/5/1 
f 716/4/1 547/5/1 717/7/1 
f 491/4/1 37/5/1 577/7/1 
f 687/4/1 596/5/1 575/7/1 
f 5/4/1 137/5/1 6/7/1 
f 596/1/1 23/4/1 170/5/1 
f 665/4/1 736/5/1 254/7/1 
f 697/4/1 729/5/1 389/7/1 
f 693/4/1 732/5/1 317/7/1 
f 681/4/1 521/5/1 22/7/1 
f 684/4/1 546/5/1 611/7/1 
f 254/4/1 735/5/1 255/7/1 
f 717/4/1 405/5/1 731/7/1 
f 687/4/1 596/5/1 575/7/1 
f 710/4/1 581/5/1 610/7/1 
f 12/4/1 70/5/1 683/7/1 
f 684/4/1 739/14/1 611/7/1 
f 665/4/1 736/5/1 254/7/1 
f 91/4/1 746/10/1 541/7/1 
f 610/4/1 720/12/1 12/7/1 
f 718/4/1 738/12/1 306/7/1 
f 718/4/1 519/5/1 306/7/1 
f 477/1/1 710/4/1 581/5/1 
f 687/4/1 596/5/1 575/7/1 
f 546/1/1 743/17/1 167/5/1 
f 709/4/1 599/5/1 491/7/1 
f 307/4/1 227/5/1 681/7/1 
f 681/4/1 747/8/1 22/7/1 
f 611/4/1 748/10/1 9/7/1 
f 318/4/1 734/5/1 665/7/1 
f 22/4/1 370/5/1 23/7/1 
f 70/1/1 610/4/1 477/5/1 
f 306/4/1 471/5/1 307/7/1 
f 541/4/1 722/5/1 693/7/1 
f 721/1/1 525/4/1 726/5/1 
f 610/4/1 720/12/1 12/7/1 
f 6/4/1 749/10/1 684/7/1 
f 317/4/1 741/5/1 318/7/1 
f 389/4/1 728/5/1 525/7/1 
f 227/1/1 306/4/1 471/5/1 
f 697/4/1 750/12/1 389/7/1 
f 709/4/1 599/5/1 491/7/1 
f 23/4/1 170/5/1 687/7/1 
f 734/1/1 733/17/1 741/5/1 
f 91/4/1 724/5/1 541/7/1 
f 167/1/1 5/4/1 137/5/1 
f 22/4/1 370/5/1 23/7/1 
f 751/17/1 730/16/1 681/7/1 
f 681/4/1 752/10/1 22/7/1 
f 665/4/1 736/5/1 254/7/1 
f 389/4/1 728/5/1 525/7/1 
f 575/4/1 156/5/1 576/7/1 
f 731/4/1 33/5/1 710/7/1 
f 37/1/1 709/4/1 599/5/1 
f 318/4/1 734/5/1 665/7/1 
f 683/4/1 572/5/1 5/7/1 
f 683/4/1 572/5/1 5/7/1 
f 491/4/1 37/5/1 577/7/1 
f 683/4/1 572/5/1 5/7/1 
f 684/4/1 546/5/1 611/7/1 
f 306/4/1 471/5/1 307/7/1 
f 12/4/1 70/5/1 683/7/1 
f 735/1/1 665/4/1 736/5/1 
f 697/4/1 729/5/1 389/7/1 
f 718/4/1 519/5/1 306/7/1 
f 716/4/1 547/5/1 717/7/1 
f 724/1/1 719/4/1 721/5/1 
f 577/4/1 241/5/1 718/7/1 
f 683/4/1 572/5/1 5/7/1 
f 254/4/1 735/5/1 255/7/1 
f 753/4/1 109/5/1 709/7/1 
f 693/4/1 732/5/1 317/7/1 
f 719/4/1 721/5/1 91/7/1 
f 722/1/1 91/4/1 724/5/1 
f 721/1/1 525/4/1 726/5/1 
f 693/4/1 732/5/1 317/7/1 
f 745/4/1 742/5/1 697/7/1 
f 389/4/1 728/5/1 525/7/1 
f 718/4/1 519/5/1 306/7/1 
f 753/4/1 109/5/1 709/7/1 
f 681/4/1 521/5/1 22/7/1 
f 709/4/1 599/5/1 491/7/1 
f 575/4/1 156/5/1 576/7/1 
f 575/4/1 156/5/1 576/7/1 
f 167/1/1 5/4/1 137/5/1 
f 611/4/1 339/5/1 9/7/1 
usemtl Material__2
f 111/6/1 754/13/1 2/2/1 
f 755/13/1 300/7/1 5/4/1 
f 754/13/1 110/7/1 2/2/1 
f 612/13/1 473/7/1 611/4/1 
f 755/13/1 5/4/1 614/6/1 
f 612/13/1 9/5/1 8/6/1 
f 756/13/1 416/7/1 610/4/1 
f 11/6/1 756/13/1 610/4/1 
usemtl Material__3
f 663/12/1 757/10/1 646/7/1 
f 757/10/1 165/5/1 646/7/1 
f 752/10/1 521/5/1 22/7/1 
f 110/15/1 193/7/1 717/5/1 
f 638/16/1 653/4/1 502/5/1 
f 307/4/1 227/5/1 751/17/1 
usemtl Material__2
f 422/10/1 520/5/1 241/7/1 
usemtl Material__3
f 168/15/1 23/7/1 370/5/1 
usemtl Material__2
f 231/4/1 257/1/1 232/6/1 
f 75/8/1 297/5/1 71/7/1 
usemtl Material__3
f 692/10/1 669/14/1 517/7/1 
f 669/14/1 692/10/1 126/5/1 
usemtl Material__2
f 238/8/1 583/5/1 239/7/1 
usemtl Material__3
f 758/9/1 369/1/1 694/2/1 
usemtl Material__2
f 111/10/1 1/5/1 112/7/1 
usemtl Material__3
f 369/1/1 758/9/1 718/4/1 
f 618/4/1 343/5/1 680/2/1 
usemtl Material__2
f 38/4/1 34/1/1 240/11/1 
usemtl Material__3
f 317/4/1 741/5/1 733/17/1 
f 110/15/1 193/7/1 717/5/1 
usemtl Material__2
f 582/14/1 33/7/1 32/5/1 
usemtl Material__3
f 715/12/1 27/5/1 599/7/1 
f 615/4/1 595/5/1 678/2/1 
f 691/15/1 555/4/1 341/5/1 
usemtl Material__2
f 515/4/1 672/5/1 104/9/1 
f 115/4/1 580/1/1 113/11/1 
usemtl Material__3
f 127/15/1 294/7/1 448/5/1 
f 616/16/1 615/7/1 55/5/1 
f 725/16/1 687/7/1 170/5/1 
f 697/4/1 702/19/1 701/2/1 
f 43/15/1 372/7/1 158/5/1 
f 750/12/1 729/5/1 389/7/1 
usemtl Material__2
f 530/4/1 567/5/1 352/2/1 
usemtl Material__3
f 625/4/1 759/12/1 705/2/1 
f 654/12/1 155/5/1 593/7/1 
usemtl Material__2
f 579/1/1 435/12/1 607/5/1 
usemtl Material__3
f 623/4/1 387/5/1 673/2/1 
f 627/4/1 427/5/1 621/17/1 
f 680/2/1 62/1/1 679/13/1 
f 655/8/1 258/5/1 644/7/1 
f 221/15/1 229/7/1 219/5/1 
f 727/15/1 525/7/1 728/5/1 
f 645/15/1 644/7/1 258/5/1 
usemtl Material__2
f 104/9/1 472/1/1 102/6/1 
usemtl Material__3
f 127/15/1 294/7/1 448/5/1 
f 643/15/1 642/7/1 173/5/1 
f 70/1/1 720/12/1 477/5/1 
f 675/9/1 244/1/1 676/11/1 
f 749/10/1 167/5/1 684/7/1 
f 690/15/1 290/4/1 58/5/1 
f 708/10/1 604/5/1 371/7/1 
f 699/10/1 172/5/1 461/7/1 
f 298/4/1 215/5/1 617/17/1 
usemtl Material__2
f 198/10/1 549/5/1 199/7/1 
usemtl Material__3
f 759/12/1 597/5/1 705/2/1 
usemtl Material__2
f 543/15/1 96/7/1 95/5/1 
usemtl Material__3
f 704/8/1 392/5/1 653/7/1 
usemtl Material__2
f 108/10/1 589/5/1 109/7/1 
f 492/12/1 577/5/1 384/7/1 
f 157/12/1 263/5/1 120/7/1 
usemtl Material__3
f 64/15/1 131/4/1 62/5/1 
f 689/14/1 649/7/1 590/5/1 
f 644/4/1 417/1/1 698/6/1 
usemtl Material__2
f 43/4/1 13/1/1 15/6/1 
f 245/1/1 456/10/1 586/5/1 
f 5/4/1 4/1/1 613/11/1 
f 350/14/1 61/4/1 509/5/1 
f 575/4/1 147/1/1 320/13/1 
usemtl Material__3
f 648/16/1 601/7/1 223/5/1 
usemtl Material__2
f 334/1/1 336/2/1 532/4/1 
f 213/8/1 545/5/1 214/7/1 
usemtl Material__3
f 705/2/1 331/1/1 706/13/1 
f 700/15/1 193/4/1 112/5/1 
f 688/8/1 611/5/1 555/7/1 
f 748/10/1 339/5/1 9/7/1 
f 668/15/1 546/7/1 148/5/1 
f 660/8/1 158/5/1 372/7/1 
f 747/8/1 521/5/1 22/7/1 
f 666/10/1 343/5/1 131/7/1 
f 730/16/1 681/7/1 227/5/1 
usemtl Material__2
f 243/8/1 548/5/1 244/7/1 
f 418/12/1 760/8/1 259/7/1 
usemtl Material__3
f 298/4/1 215/5/1 617/17/1 
f 730/16/1 751/17/1 227/5/1 
usemtl Material__2
f 760/8/1 136/5/1 259/7/1 
usemtl Material__3
f 6/4/1 167/5/1 743/17/1 
f 673/2/1 297/1/1 674/13/1 
f 693/4/1 317/5/1 675/9/1 
f 714/10/1 374/5/1 464/7/1 
usemtl Material__2
f 3/3/1 2/2/1 717/4/1 
f 119/12/1 558/5/1 28/7/1 
usemtl Material__3
f 667/16/1 60/7/1 22/5/1 
usemtl Material__2
f 500/8/1 569/5/1 115/7/1 
usemtl Material__3
f 713/14/1 304/7/1 597/5/1 
usemtl Material__2
f 1/1/1 3/3/1 731/5/1 
f 717/4/1 731/5/1 3/3/1 
usemtl Material__3
f 105/15/1 383/7/1 106/5/1 
usemtl Material__2
f 457/12/1 406/5/1 33/7/1 
f 14/5/1 557/14/1 15/7/1 
usemtl Material__3
f 718/4/1 306/5/1 695/18/1 
f 694/2/1 695/18/1 413/7/1 
f 758/9/1 695/18/1 694/2/1 
usemtl Material__2
f 385/8/1 561/5/1 386/7/1 
usemtl Material__3
f 695/18/1 758/9/1 718/4/1 
f 635/15/1 629/7/1 400/5/1 
f 658/8/1 81/5/1 623/7/1 
f 155/1/1 671/2/1 636/4/1 
f 657/10/1 188/5/1 637/7/1 
f 682/10/1 570/5/1 387/7/1 
f 471/1/1 738/12/1 519/5/1 
f 678/2/1 223/1/1 677/13/1 
f 70/1/1 720/12/1 477/5/1 
usemtl Material__2
f 380/8/1 301/5/1 381/7/1 
f 651/4/1 601/5/1 319/2/1 
usemtl Material__3
f 712/10/1 228/5/1 447/7/1 
usemtl Material__2
f 426/10/1 511/5/1 427/7/1 
f 565/14/1 415/7/1 414/5/1 
f 440/14/1 439/4/1 707/5/1 
usemtl Material__3
f 662/16/1 617/17/1 215/5/1 
f 146/15/1 202/7/1 575/5/1 
f 746/10/1 724/5/1 541/7/1 
f 686/14/1 448/7/1 302/5/1 
f 632/4/1 379/1/1 670/13/1 
usemtl Material__2
f 602/16/1 104/9/1 672/5/1 
f 352/2/1 544/1/1 351/11/1 
f 275/10/1 539/5/1 276/7/1 
usemtl Material__3
f 697/4/1 728/1/1 740/11/1 
f 702/19/1 27/1/1 124/7/1 
f 27/1/1 702/19/1 389/5/1 
f 711/8/1 136/5/1 600/7/1 
f 703/14/1 604/7/1 159/5/1 
f 739/14/1 684/4/1 546/5/1 
f 584/4/1 136/5/1 696/17/1 
f 656/10/1 331/5/1 305/7/1 
f 685/10/1 297/5/1 553/7/1 
f 723/16/1 541/7/1 724/5/1 
usemtl Material__2
f 321/2/1 575/4/1 320/13/1 
f 761/1/1 762/2/1 763/3/1 
f 764/1/1 765/4/1 766/5/1 
f 767/1/1 768/6/1 769/5/1 
f 770/1/1 771/6/1 772/5/1 
f 773/4/1 774/5/1 775/7/1 
f 776/4/1 777/5/1 778/7/1 
f 779/4/1 780/5/1 781/7/1 
f 782/4/1 783/5/1 784/7/1 
f 785/4/1 778/5/1 786/7/1 
f 787/4/1 788/5/1 789/7/1 
f 790/4/1 791/5/1 792/7/1 
f 793/4/1 794/5/1 795/7/1 
f 796/4/1 797/5/1 798/7/1 
f 799/4/1 800/1/1 801/7/1 
f 802/4/1 803/5/1 804/7/1 
f 805/4/1 806/10/1 807/7/1 
f 808/4/1 809/10/1 810/7/1 
f 811/11/1 812/7/1 813/4/1 
f 814/4/1 815/5/1 816/7/1 
f 817/4/1 818/5/1 805/7/1 
f 819/4/1 820/5/1 821/7/1 
f 822/4/1 823/5/1 824/7/1 
f 825/4/1 826/12/1 814/7/1 
f 827/4/1 828/5/1 829/7/1 
f 830/4/1 831/5/1 832/7/1 
f 821/4/1 833/1/1 834/7/1 
f 835/4/1 836/5/1 837/7/1 
f 838/4/1 839/5/1 840/7/1 
f 841/4/1 842/5/1 843/7/1 
f 844/4/1 845/5/1 796/7/1 
f 801/4/1 800/5/1 846/7/1 
f 847/4/1 848/10/1 849/7/1 
f 833/4/1 850/5/1 851/7/1 
f 852/4/1 853/1/1 854/7/1 
f 855/4/1 856/5/1 857/7/1 
f 858/4/1 859/5/1 860/7/1 
f 861/4/1 862/5/1 863/7/1 
f 864/4/1 865/8/1 866/7/1 
f 867/11/1 868/7/1 786/4/1 
f 869/4/1 870/8/1 871/7/1 
f 872/4/1 873/5/1 874/7/1 
f 875/4/1 876/5/1 877/7/1 
f 878/4/1 879/5/1 880/7/1 
f 880/4/1 881/1/1 882/7/1 
f 883/4/1 884/1/1 885/7/1 
f 775/4/1 886/5/1 820/7/1 
f 887/4/1 888/5/1 889/7/1 
f 829/4/1 890/5/1 891/7/1 
f 892/4/1 764/5/1 893/7/1 
f 894/1/1 895/7/1 874/4/1 
f 896/4/1 897/5/1 898/7/1 
f 899/4/1 900/5/1 901/7/1 
f 902/4/1 903/5/1 869/7/1 
f 904/13/1 822/7/1 905/2/1 
f 906/4/1 907/5/1 908/7/1 
f 849/4/1 909/5/1 910/7/1 
f 911/4/1 912/5/1 832/7/1 
f 913/4/1 912/1/1 911/7/1 
f 914/1/1 915/7/1 916/2/1 
f 917/4/1 824/5/1 852/7/1 
f 918/4/1 919/5/1 861/7/1 
f 915/4/1 914/5/1 920/7/1 
f 789/4/1 921/14/1 795/7/1 
f 851/4/1 922/5/1 834/7/1 
f 923/4/1 924/5/1 802/7/1 
f 866/4/1 925/5/1 837/7/1 
f 926/4/1 927/5/1 928/7/1 
f 898/4/1 929/5/1 930/7/1 
f 931/4/1 871/5/1 835/7/1 
f 932/4/1 933/8/1 934/7/1 
f 935/4/1 936/8/1 937/7/1 
f 938/4/1 777/1/1 776/7/1 
f 877/4/1 939/5/1 940/7/1 
f 941/4/1 942/1/1 943/7/1 
f 944/4/1 945/5/1 779/7/1 
f 889/4/1 946/5/1 947/7/1 
f 872/1/1 856/7/1 948/4/1 
f 784/4/1 949/10/1 868/7/1 
f 901/4/1 950/5/1 860/7/1 
f 951/4/1 952/5/1 953/7/1 
f 843/4/1 954/12/1 955/7/1 
f 956/4/1 957/5/1 790/7/1 
f 958/4/1 959/5/1 906/7/1 
f 960/4/1 831/1/1 830/7/1 
f 857/4/1 961/10/1 895/7/1 
f 943/4/1 962/12/1 781/7/1 
f 963/4/1 964/5/1 883/7/1 
f 934/4/1 965/5/1 920/7/1 
f 966/4/1 846/5/1 858/7/1 
f 967/4/1 968/1/1 919/7/1 
f 969/4/1 930/5/1 793/7/1 
f 970/4/1 971/5/1 951/7/1 
f 972/4/1 973/5/1 926/7/1 
f 974/4/1 975/12/1 935/7/1 
f 976/4/1 977/8/1 813/7/1 
f 840/4/1 978/5/1 979/7/1 
f 859/1/1 858/7/1 846/5/1 
f 980/1/1 789/7/1 788/5/1 
f 894/1/1 874/4/1 981/5/1 
f 929/1/1 898/7/1 897/5/1 
f 982/1/1 832/7/1 831/5/1 
f 886/1/1 775/7/1 774/5/1 
f 782/1/1 778/7/1 777/5/1 
f 952/1/1 951/7/1 971/5/1 
f 907/1/1 906/7/1 959/5/1 
f 968/1/1 967/4/1 767/5/1 
f 983/1/1 868/7/1 984/5/1 
f 985/1/1 860/7/1 950/5/1 
f 978/1/1 840/7/1 839/5/1 
f 794/1/1 793/7/1 930/5/1 
f 777/1/1 938/4/1 986/5/1 
f 987/1/1 852/7/1 824/5/1 
f 853/1/1 824/7/1 823/5/1 
f 927/1/1 926/7/1 973/5/1 
f 787/1/1 930/7/1 929/5/1 
f 884/1/1 883/4/1 988/5/1 
f 989/1/1 920/7/1 965/5/1 
f 990/1/1 910/7/1 909/5/1 
f 968/1/1 863/7/1 862/5/1 
f 853/1/1 852/4/1 987/5/1 
f 831/1/1 960/4/1 991/5/1 
f 791/1/1 790/7/1 957/5/1 
f 992/1/1 880/7/1 879/5/1 
f 862/1/1 861/7/1 919/5/1 
f 780/1/1 779/7/1 945/5/1 
f 800/1/1 799/4/1 993/5/1 
f 994/1/1 834/7/1 922/5/1 
f 995/1/1 804/7/1 803/5/1 
f 989/1/1 893/7/1 764/5/1 
f 864/1/1 871/7/1 996/5/1 
f 909/1/1 849/7/1 997/5/1 
f 960/1/1 832/7/1 912/5/1 
f 998/1/1 979/7/1 978/5/1 
f 950/1/1 901/7/1 900/5/1 
f 914/1/1 989/4/1 999/5/1 
f 942/1/1 941/4/1 937/5/1 
f 944/1/1 781/7/1 942/5/1 
f 821/4/1 1000/5/1 833/1/1 
f 1001/1/1 786/7/1 778/5/1 
f 944/1/1 937/7/1 1002/5/1 
f 836/1/1 835/7/1 871/5/1 
f 965/1/1 934/7/1 893/5/1 
f 912/1/1 913/4/1 810/5/1 
f 1003/1/1 947/7/1 1004/14/1 
f 881/1/1 880/4/1 992/5/1 
f 1005/1/1 813/7/1 1006/5/1 
f 1007/1/1 795/7/1 921/14/1 
f 996/1/1 869/7/1 903/5/1 
f 823/1/1 1008/4/1 1009/5/1 
f 961/10/1 872/1/1 895/7/1 
f 815/1/1 814/7/1 882/5/1 
f 1002/1/1 935/7/1 1010/5/1 
f 872/1/1 948/4/1 770/5/1 
f 1011/1/1 891/7/1 890/5/1 
f 954/12/1 1012/1/1 955/7/1 
f 1013/1/1 813/4/1 1005/5/1 
f 782/1/1 786/4/1 1001/5/1 
f 960/1/1 810/7/1 761/5/1 
f 1014/1/1 781/7/1 1015/14/1 
f 925/1/1 866/7/1 1016/5/1 
f 888/5/1 946/1/1 889/7/1 
f 1017/1/1 928/7/1 927/5/1 
f 890/1/1 829/7/1 828/5/1 
f 1018/1/1 857/7/1 856/5/1 
f 1019/1/1 940/7/1 939/5/1 
f 1020/1/1 792/7/1 791/5/1 
f 1021/1/1 805/7/1 818/5/1 
f 981/1/1 874/7/1 873/5/1 
f 1022/1/1 953/7/1 952/5/1 
f 864/1/1 837/7/1 836/5/1 
f 1023/1/1 920/7/1 914/5/1 
f 787/1/1 795/7/1 794/5/1 
f 984/1/1 784/7/1 783/5/1 
f 1024/1/1 837/7/1 925/5/1 
f 881/1/1 816/7/1 815/5/1 
f 1025/1/1 798/7/1 797/5/1 
f 1026/1/1 807/7/1 1021/5/1 
f 803/1/1 802/7/1 924/5/1 
f 1000/1/1 821/7/1 820/5/1 
f 922/1/1 851/7/1 850/5/1 
f 899/1/1 860/7/1 859/5/1 
f 833/1/1 820/7/1 886/5/1 
f 939/1/1 877/7/1 876/5/1 
f 988/1/1 883/7/1 964/5/1 
f 1027/1/1 908/7/1 907/5/1 
f 797/1/1 796/7/1 845/5/1 
f 899/1/1 846/7/1 800/5/1 
f 1028/1/1 843/7/1 842/5/1 
f 1029/4/1 772/5/1 771/6/1 
f 1030/4/1 769/5/1 1031/13/1 
f 1032/11/1 1033/6/1 765/4/1 
f 762/2/1 761/1/1 809/6/1 
usemtl Material__3
f 863/1/1 1034/7/1 918/5/1 
f 1025/1/1 1035/7/1 798/5/1 
f 832/1/1 1036/7/1 913/5/1 
f 895/1/1 1037/7/1 855/5/1 
f 863/1/1 1034/7/1 918/5/1 
f 1038/4/1 920/1/1 1039/7/1 
f 1037/4/1 894/1/1 1040/7/1 
f 895/1/1 1037/7/1 857/15/1 
f 863/1/1 1034/7/1 918/5/1 
f 1023/1/1 1041/7/1 920/5/1 
f 894/1/1 1040/7/1 895/5/1 
f 920/1/1 1039/7/1 932/5/1 
f 982/1/1 1042/7/1 832/5/1 
f 920/1/1 1039/7/1 932/5/1 
f 1023/1/1 1041/7/1 920/5/1 
f 982/1/1 1042/7/1 832/5/1 
f 832/1/1 1036/7/1 913/5/1 
f 1025/1/1 1035/7/1 798/5/1 
f 895/1/1 1037/7/1 855/5/1 
f 832/1/1 1036/7/1 913/5/1 
f 1038/4/1 932/5/1 1039/7/1 
f 1039/4/1 920/5/1 1041/7/1 
f 1043/4/1 855/5/1 1037/7/1 
f 1038/4/1 932/5/1 1039/7/1 
f 1043/4/1 855/5/1 1037/7/1 
f 1043/4/1 855/5/1 1037/7/1 
f 1044/4/1 918/5/1 1034/7/1 
f 1037/4/1 895/5/1 1040/7/1 
f 1039/4/1 920/5/1 1041/7/1 
f 1044/4/1 918/5/1 1034/7/1 
f 1045/4/1 1046/10/1 1036/7/1 
f 1047/4/1 798/5/1 1035/7/1 
f 920/1/1 1038/4/1 932/5/1 
f 1036/4/1 1048/12/1 1042/7/1 
f 1045/4/1 913/5/1 1036/7/1 
f 1045/4/1 913/5/1 1036/7/1 
f 1047/4/1 798/5/1 1035/7/1 
f 894/1/1 1037/4/1 895/5/1 
f 1044/4/1 918/5/1 1034/7/1 
f 1036/4/1 832/5/1 1042/7/1 
f 1049/4/1 882/1/1 1016/7/1 
f 825/1/1 1024/7/1 882/5/1 
f 919/1/1 999/7/1 1030/5/1 
f 882/1/1 1016/7/1 878/5/1 
f 820/1/1 788/7/1 1050/16/1 
f 893/1/1 873/7/1 765/5/1 
f 824/1/1 850/7/1 1008/5/1 
f 931/1/1 985/7/1 871/5/1 
f 1041/4/1 1023/5/1 1044/7/1 
f 825/1/1 1024/7/1 882/5/1 
f 873/4/1 932/1/1 894/7/1 
f 917/1/1 994/7/1 1051/15/1 
f 919/1/1 999/7/1 1030/5/1 
f 931/1/1 985/7/1 871/5/1 
f 999/4/1 918/1/1 1023/7/1 
f 1040/4/1 1052/13/1 1038/7/1 
f 824/1/1 850/7/1 822/15/1 
f 1040/4/1 894/5/1 1038/7/1 
f 1053/9/1 1054/11/1 900/7/1 
f 893/1/1 873/7/1 765/5/1 
f 873/4/1 932/1/1 894/7/1 
f 1041/4/1 1023/5/1 1044/7/1 
f 871/1/1 900/7/1 902/5/1 
f 1041/4/1 1023/5/1 1044/7/1 
f 1055/4/1 820/1/1 788/7/1 
f 1041/4/1 918/1/1 1044/7/1 
f 917/1/1 994/7/1 824/5/1 
f 1040/4/1 894/5/1 1038/7/1 
f 1040/4/1 932/1/1 1038/7/1 
f 819/1/1 1007/7/1 820/5/1 
f 999/4/1 918/1/1 1023/7/1 
f 819/1/1 1007/7/1 820/5/1 
f 820/1/1 1055/4/1 773/5/1 
f 1056/4/1 765/5/1 873/7/1 
f 932/1/1 873/4/1 893/5/1 
f 918/1/1 999/4/1 919/5/1 
f 900/4/1 871/5/1 985/7/1 
f 788/4/1 820/5/1 1007/7/1 
f 900/4/1 871/5/1 985/7/1 
f 850/4/1 824/5/1 994/7/1 
f 918/1/1 1044/7/1 1023/5/1 
f 932/1/1 1038/7/1 894/5/1 
f 1057/4/1 1030/5/1 999/7/1 
f 1049/4/1 878/5/1 1016/7/1 
f 932/1/1 1040/4/1 894/5/1 
f 932/1/1 1038/7/1 1058/14/1 
f 1059/4/1 1008/5/1 850/7/1 
f 918/1/1 1041/4/1 1023/5/1 
f 918/1/1 1044/7/1 1023/5/1 
f 1055/4/1 773/5/1 788/7/1 
f 871/1/1 1053/9/1 902/5/1 
f 1057/4/1 1060/8/1 999/7/1 
f 918/1/1 999/4/1 1061/15/1 
f 850/4/1 824/5/1 994/7/1 
f 1062/4/1 902/5/1 900/7/1 
f 1056/4/1 765/5/1 873/7/1 
f 918/1/1 1044/7/1 1023/5/1 
f 788/4/1 820/5/1 1007/7/1 
f 1059/4/1 1008/5/1 850/7/1 
f 1016/4/1 882/5/1 1024/7/1 
f 932/1/1 1040/4/1 894/5/1 
f 882/1/1 1049/4/1 878/5/1 
f 1016/4/1 882/5/1 1024/7/1 
f 932/1/1 873/4/1 893/5/1 
f 969/1/1 1014/7/1 930/5/1 
f 856/1/1 991/7/1 1029/5/1 
f 856/1/1 991/7/1 1029/5/1 
f 846/1/1 783/7/1 799/5/1 
f 846/1/1 783/7/1 799/5/1 
f 1063/2/1 930/1/1 945/7/1 
f 991/4/1 855/1/1 982/7/1 
f 966/1/1 983/7/1 846/5/1 
f 969/1/1 1014/7/1 930/5/1 
f 966/1/1 983/7/1 846/5/1 
f 991/4/1 855/1/1 982/7/1 
f 1064/18/1 930/1/1 945/7/1 
f 1042/4/1 982/5/1 1043/7/1 
f 1042/4/1 982/5/1 1043/7/1 
f 818/4/1 785/1/1 1026/7/1 
f 810/1/1 845/7/1 808/15/1 
f 913/1/1 1025/7/1 810/5/1 
f 1035/4/1 1025/5/1 1045/7/1 
f 1065/4/1 778/1/1 818/7/1 
f 1035/4/1 1025/5/1 1045/7/1 
f 785/1/1 1026/7/1 778/5/1 
f 913/1/1 1025/7/1 1066/15/1 
f 941/1/1 995/7/1 937/5/1 
f 818/7/1 1067/2/1 1068/19/1 
f 941/1/1 995/7/1 937/5/1 
f 1069/2/1 1070/13/1 1045/7/1 
f 1042/4/1 982/5/1 1043/7/1 
f 1035/4/1 1025/5/1 1045/7/1 
f 1042/4/1 982/5/1 1043/7/1 
f 1071/4/1 937/1/1 924/7/1 
f 810/1/1 845/7/1 808/15/1 
f 937/1/1 924/7/1 974/5/1 
f 1072/4/1 1029/5/1 991/7/1 
f 783/4/1 846/5/1 983/7/1 
f 845/4/1 810/5/1 1025/7/1 
f 924/4/1 937/5/1 995/7/1 
f 945/4/1 930/5/1 1014/7/1 
f 1071/4/1 974/5/1 924/7/1 
f 945/4/1 930/5/1 1014/7/1 
f 855/1/1 1043/7/1 982/5/1 
f 778/1/1 1065/4/1 938/5/1 
f 930/1/1 1064/18/1 896/5/1 
f 924/4/1 937/5/1 995/7/1 
f 855/1/1 1043/7/1 982/5/1 
f 913/1/1 1045/7/1 1073/14/1 
f 845/4/1 1066/15/1 1025/7/1 
f 855/1/1 1043/7/1 982/5/1 
f 913/1/1 1069/2/1 1025/5/1 
f 1065/4/1 938/5/1 1068/19/1 
f 855/1/1 991/4/1 856/5/1 
f 818/4/1 1074/12/1 1026/7/1 
f 1075/4/1 1076/5/1 845/7/1 
f 1077/4/1 896/5/1 930/1/1 
f 855/1/1 1043/7/1 982/5/1 
f 1075/4/1 1076/5/1 845/7/1 
f 1078/4/1 799/5/1 783/7/1 
f 855/1/1 991/4/1 856/5/1 
f 1078/4/1 799/5/1 783/7/1 
f 785/1/1 818/4/1 778/5/1 
f 783/4/1 846/5/1 983/7/1 
f 913/1/1 1045/7/1 1025/5/1 
f 913/1/1 1045/7/1 1025/5/1 
f 1072/4/1 1029/5/1 991/7/1 
f 937/1/1 1071/4/1 974/5/1 
f 785/1/1 974/7/1 1026/5/1 
f 931/1/1 773/7/1 985/5/1 
f 941/1/1 1076/7/1 995/5/1 
f 860/1/1 897/7/1 966/5/1 
f 941/1/1 1076/7/1 995/5/1 
f 825/1/1 1008/7/1 1024/5/1 
f 1079/12/1 795/1/1 772/7/1 
f 1014/1/1 1072/7/1 781/5/1 
f 765/4/1 834/1/1 766/7/1 
f 986/4/1 1080/1/1 1078/7/1 
f 931/1/1 773/7/1 985/5/1 
f 994/1/1 1057/7/1 834/5/1 
f 1081/1/1 993/7/1 1082/16/1 
f 868/1/1 1010/7/1 785/5/1 
f 1083/1/1 799/7/1 1080/5/1 
f 1030/4/1 854/1/1 769/7/1 
f 1024/1/1 1059/7/1 1084/16/1 
f 1085/1/1 986/7/1 1086/15/1 
f 983/1/1 1077/7/1 868/5/1 
f 819/5/1 834/1/1 766/7/1 
f 1087/1/1 938/7/1 1088/5/1 
f 819/1/1 765/7/1 1007/5/1 
f 819/1/1 765/7/1 1007/5/1 
f 837/1/1 774/7/1 835/15/1 
f 785/1/1 974/7/1 1026/5/1 
f 985/1/1 1055/7/1 1089/16/1 
f 825/1/1 1008/7/1 1024/5/1 
f 781/1/1 1090/7/1 941/5/1 
f 816/1/1 1009/7/1 825/5/1 
f 1091/1/1 1062/7/1 1081/5/1 
f 1087/1/1 938/7/1 1088/5/1 
f 1075/4/1 941/1/1 1076/7/1 
f 985/1/1 1055/7/1 1089/16/1 
f 837/1/1 774/7/1 931/5/1 
f 1092/17/1 1093/1/1 903/7/1 
f 969/1/1 1029/7/1 1014/5/1 
f 1049/4/1 1094/1/1 878/7/1 
f 917/1/1 1030/7/1 994/5/1 
f 917/1/1 1030/7/1 994/5/1 
f 969/1/1 1029/7/1 1014/5/1 
f 896/4/1 860/1/1 897/7/1 
f 765/4/1 834/1/1 766/7/1 
f 868/1/1 1010/7/1 785/5/1 
f 1094/1/1 878/7/1 1095/5/1 
f 1096/1/1 879/7/1 1094/5/1 
f 854/1/1 769/7/1 917/5/1 
f 966/1/1 896/7/1 983/5/1 
f 966/1/1 896/7/1 1097/12/1 
f 941/1/1 1076/7/1 995/5/1 
f 917/1/1 1030/7/1 1098/14/1 
f 1094/1/1 878/7/1 1095/5/1 
f 1095/1/1 1049/7/1 1093/5/1 
f 1029/4/1 795/1/1 772/7/1 
f 1085/1/1 986/7/1 1087/5/1 
f 1057/4/1 917/1/1 1030/7/1 
f 1099/11/1 938/7/1 1065/4/1 
f 781/1/1 1090/7/1 941/5/1 
f 986/4/1 1080/1/1 1078/7/1 
f 1100/1/1 902/7/1 1091/5/1 
f 860/1/1 897/7/1 966/5/1 
f 819/1/1 765/7/1 1007/5/1 
f 1007/1/1 1056/7/1 795/5/1 
f 1093/1/1 903/7/1 1100/5/1 
f 1083/1/1 799/7/1 1080/5/1 
f 1014/1/1 1072/7/1 781/5/1 
f 854/1/1 769/7/1 917/5/1 
f 1079/12/1 795/1/1 772/7/1 
f 995/1/1 1075/7/1 804/5/1 
f 1100/1/1 902/7/1 1091/5/1 
f 773/4/1 837/1/1 774/7/1 
f 966/1/1 896/7/1 983/5/1 
f 1026/1/1 1071/7/1 807/5/1 
f 1088/1/1 1065/7/1 1101/5/1 
f 819/1/1 765/7/1 1007/5/1 
f 1094/1/1 878/7/1 1095/5/1 
f 1072/4/1 969/1/1 1029/7/1 
f 785/1/1 974/7/1 1026/5/1 
f 969/1/1 1029/7/1 1014/5/1 
f 931/1/1 773/7/1 985/5/1 
f 825/1/1 1008/7/1 1024/5/1 
f 1026/1/1 1071/7/1 807/5/1 
f 1096/1/1 879/7/1 1094/5/1 
f 1096/1/1 879/7/1 1094/5/1 
f 816/1/1 1009/7/1 825/5/1 
f 781/1/1 1090/7/1 941/5/1 
f 931/1/1 773/7/1 985/5/1 
f 774/4/1 1024/1/1 1059/7/1 
f 1100/1/1 902/7/1 1091/5/1 
f 1083/1/1 799/7/1 1080/5/1 
f 966/1/1 896/7/1 983/5/1 
f 799/4/1 1081/1/1 993/7/1 
f 816/1/1 1009/7/1 825/5/1 
f 1100/1/1 902/7/1 1091/5/1 
f 1085/1/1 986/7/1 1087/5/1 
f 1102/17/1 994/1/1 1057/7/1 
f 1007/1/1 1056/7/1 795/5/1 
f 1093/1/1 903/7/1 1100/5/1 
f 1083/1/1 799/7/1 1078/4/1 
f 868/1/1 1010/7/1 785/5/1 
f 1071/4/1 785/1/1 974/7/1 
f 825/1/1 1008/7/1 1024/5/1 
f 983/1/1 1077/7/1 868/5/1 
f 1095/1/1 1049/7/1 1093/5/1 
f 1091/1/1 1062/7/1 1081/5/1 
f 1088/1/1 1065/7/1 1101/5/1 
f 1081/1/1 993/7/1 1083/5/1 
f 1087/1/1 938/7/1 1088/5/1 
f 995/1/1 1075/7/1 804/5/1 
f 1072/4/1 1014/5/1 1029/7/1 
f 1103/4/1 804/5/1 1075/7/1 
f 1078/4/1 1080/5/1 799/7/1 
f 1062/4/1 1091/5/1 902/7/1 
f 1072/4/1 1014/5/1 1029/7/1 
f 854/1/1 1030/4/1 917/5/1 
f 1076/4/1 941/5/1 1090/7/1 
f 974/4/1 785/5/1 1010/7/1 
f 1057/4/1 994/5/1 917/1/1 
f 941/1/1 1075/4/1 995/5/1 
f 1104/4/1 1101/5/1 1065/7/1 
f 902/4/1 1100/5/1 903/7/1 
f 993/4/1 1081/5/1 1062/7/1 
f 1059/4/1 1024/5/1 1008/7/1 
f 1078/4/1 1080/5/1 799/7/1 
f 1075/4/1 995/5/1 1076/7/1 
f 1010/4/1 868/5/1 1077/7/1 
f 1076/4/1 941/5/1 1090/7/1 
f 1090/4/1 781/5/1 1072/7/1 
f 1087/1/1 1065/4/1 1088/5/1 
f 1103/4/1 804/5/1 1075/7/1 
f 878/4/1 1094/5/1 879/7/1 
f 837/1/1 773/4/1 931/5/1 
f 1075/4/1 995/5/1 1076/7/1 
f 974/4/1 785/5/1 1010/7/1 
f 1059/4/1 1024/5/1 1008/7/1 
f 765/4/1 819/5/1 766/7/1 
f 1024/1/1 774/4/1 837/5/1 
f 1049/4/1 1095/5/1 878/7/1 
f 1065/4/1 1088/5/1 938/7/1 
f 1062/4/1 1091/5/1 902/7/1 
f 1055/4/1 985/5/1 773/7/1 
f 1057/4/1 994/5/1 1030/7/1 
f 878/4/1 1094/5/1 879/7/1 
f 1076/4/1 941/5/1 1090/7/1 
f 1059/4/1 1024/5/1 1008/7/1 
f 1072/4/1 1014/5/1 1029/7/1 
f 772/4/1 795/5/1 1056/7/1 
f 1057/4/1 1098/14/1 1030/7/1 
f 1049/4/1 1095/5/1 878/7/1 
f 799/4/1 1105/10/1 993/7/1 
f 1029/4/1 1079/12/1 772/7/1 
f 1077/4/1 1097/12/1 896/7/1 
f 1077/4/1 983/5/1 896/7/1 
f 969/1/1 1072/4/1 1014/5/1 
f 1059/4/1 1024/5/1 1008/7/1 
f 994/1/1 1102/17/1 834/5/1 
f 1071/4/1 1026/5/1 974/7/1 
f 897/4/1 860/5/1 1055/7/1 
f 1055/4/1 1106/8/1 773/7/1 
f 1030/4/1 1107/10/1 769/7/1 
f 903/4/1 1093/5/1 1049/7/1 
f 773/4/1 931/5/1 774/7/1 
f 795/1/1 1029/4/1 969/5/1 
f 896/4/1 966/5/1 897/7/1 
f 993/4/1 1081/5/1 1062/7/1 
f 1080/1/1 986/4/1 1085/5/1 
f 1029/4/1 1079/12/1 772/7/1 
f 766/4/1 1108/10/1 1057/7/1 
f 902/4/1 1100/5/1 903/7/1 
f 938/4/1 1087/5/1 986/7/1 
f 860/1/1 896/4/1 966/5/1 
f 1065/4/1 1109/12/1 938/7/1 
f 1071/4/1 1026/5/1 974/7/1 
f 774/4/1 837/5/1 1059/7/1 
f 1093/1/1 1092/17/1 1100/5/1 
f 799/4/1 1083/5/1 993/7/1 
f 834/1/1 765/4/1 819/5/1 
f 773/4/1 931/5/1 774/7/1 
f 1110/17/1 1089/16/1 1055/7/1 
f 1055/4/1 1111/10/1 773/7/1 
f 1049/4/1 1095/5/1 878/7/1 
f 938/4/1 1087/5/1 986/7/1 
f 1008/4/1 825/5/1 1009/7/1 
f 1090/4/1 781/5/1 1072/7/1 
f 785/1/1 1071/4/1 1026/5/1 
f 903/4/1 1093/5/1 1049/7/1 
f 1056/4/1 1007/5/1 765/7/1 
f 1056/4/1 1007/5/1 765/7/1 
f 974/4/1 785/5/1 1010/7/1 
f 1056/4/1 1007/5/1 765/7/1 
f 1057/4/1 994/5/1 1030/7/1 
f 896/4/1 966/5/1 897/7/1 
f 772/4/1 795/5/1 1056/7/1 
f 1094/1/1 1049/4/1 1095/5/1 
f 1065/4/1 1088/5/1 938/7/1 
f 1077/4/1 983/5/1 896/7/1 
f 1075/4/1 995/5/1 1076/7/1 
f 1083/1/1 1078/4/1 1080/5/1 
f 1010/4/1 868/5/1 1077/7/1 
f 1056/4/1 1007/5/1 765/7/1 
f 878/4/1 1094/5/1 879/7/1 
f 1112/4/1 807/5/1 1071/7/1 
f 1062/4/1 1091/5/1 902/7/1 
f 1078/4/1 1080/5/1 799/7/1 
f 1081/1/1 799/4/1 1083/5/1 
f 1080/1/1 986/4/1 1085/5/1 
f 1062/4/1 1091/5/1 902/7/1 
f 1104/4/1 1101/5/1 1065/7/1 
f 938/4/1 1087/5/1 986/7/1 
f 1077/4/1 983/5/1 896/7/1 
f 1112/4/1 807/5/1 1071/7/1 
f 1055/4/1 985/5/1 773/7/1 
f 1071/4/1 1026/5/1 974/7/1 
f 1008/4/1 825/5/1 1009/7/1 
f 1008/4/1 825/5/1 1009/7/1 
f 834/1/1 765/4/1 819/5/1 
f 1030/4/1 917/5/1 769/7/1 
usemtl Material__2
f 809/6/1 1113/13/1 762/2/1 
f 1114/13/1 892/7/1 765/4/1 
f 1113/13/1 808/7/1 762/2/1 
f 1031/13/1 967/7/1 1030/4/1 
f 1114/13/1 765/4/1 1033/6/1 
f 1031/13/1 769/5/1 768/6/1 
f 1115/13/1 948/7/1 1029/4/1 
f 771/6/1 1115/13/1 1029/4/1 
usemtl Material__3
f 1048/12/1 1116/10/1 1042/7/1 
f 1116/10/1 832/5/1 1042/7/1 
f 1111/10/1 985/5/1 773/7/1 
f 808/15/1 845/7/1 1076/5/1 
f 897/4/1 860/5/1 1110/17/1 
usemtl Material__2
f 949/10/1 984/5/1 868/7/1 
usemtl Material__3
f 835/15/1 774/7/1 931/5/1 
usemtl Material__2
f 865/8/1 1016/5/1 866/7/1 
usemtl Material__3
f 1117/9/1 930/1/1 1063/2/1 
usemtl Material__2
f 809/10/1 761/5/1 810/7/1 
usemtl Material__3
f 930/1/1 1117/9/1 1077/4/1 
usemtl Material__2
f 786/4/1 782/1/1 867/11/1 
usemtl Material__3
f 902/4/1 1100/5/1 1092/17/1 
f 808/15/1 845/7/1 1076/5/1 
usemtl Material__2
f 1015/14/1 781/7/1 780/5/1 
usemtl Material__3
f 1074/12/1 778/5/1 1026/7/1 
f 1061/15/1 999/4/1 919/5/1 
usemtl Material__2
f 813/4/1 1013/1/1 811/11/1 
usemtl Material__3
f 1084/16/1 1059/7/1 837/5/1 
f 1065/4/1 1068/19/1 1067/2/1 
f 1109/12/1 1088/5/1 938/7/1 
f 1035/4/1 1118/12/1 1069/2/1 
usemtl Material__2
f 1012/1/1 954/12/1 1028/5/1 
usemtl Material__3
f 857/15/1 1037/7/1 855/5/1 
f 1086/15/1 986/7/1 1087/5/1 
f 795/1/1 1079/12/1 969/5/1 
f 1053/9/1 871/1/1 1054/11/1 
f 1108/10/1 834/5/1 1057/7/1 
usemtl Material__2
f 848/10/1 997/5/1 849/7/1 
usemtl Material__3
f 1118/12/1 1025/5/1 1069/2/1 
usemtl Material__2
f 806/10/1 1021/5/1 807/7/1 
f 975/12/1 1010/5/1 935/7/1 
f 826/12/1 882/5/1 814/7/1 
f 872/1/1 961/10/1 1018/5/1 
f 765/4/1 764/1/1 1032/11/1 
f 921/14/1 789/4/1 980/5/1 
f 1008/4/1 823/1/1 904/13/1 
f 914/1/1 916/2/1 989/4/1 
usemtl Material__3
f 1069/2/1 913/1/1 1070/13/1 
f 1066/15/1 845/4/1 810/5/1 
f 1060/8/1 1030/5/1 999/7/1 
f 1107/10/1 917/5/1 769/7/1 
f 1051/15/1 994/7/1 824/5/1 
f 1106/8/1 985/5/1 773/7/1 
f 1089/16/1 1055/7/1 860/5/1 
usemtl Material__2
f 870/8/1 996/5/1 871/7/1 
usemtl Material__3
f 1089/16/1 1110/17/1 860/5/1 
f 766/4/1 834/5/1 1102/17/1 
f 1062/4/1 902/5/1 1053/9/1 
usemtl Material__2
f 763/3/1 762/2/1 1076/4/1 
usemtl Material__3
f 1050/16/1 788/7/1 773/5/1 
usemtl Material__2
f 977/8/1 1006/5/1 813/7/1 
usemtl Material__3
f 1073/14/1 1045/7/1 1025/5/1 
usemtl Material__2
f 761/1/1 763/3/1 1090/5/1 
f 1076/4/1 1090/5/1 763/3/1 
f 962/12/1 942/5/1 781/7/1 
usemtl Material__3
f 1077/4/1 896/5/1 1064/18/1 
f 1063/2/1 1064/18/1 945/7/1 
f 1117/9/1 1064/18/1 1063/2/1 
usemtl Material__2
f 936/8/1 1002/5/1 937/7/1 
usemtl Material__3
f 1064/18/1 1117/9/1 1077/4/1 
f 966/1/1 1097/12/1 983/5/1 
f 795/1/1 1079/12/1 969/5/1 
usemtl Material__2
f 933/8/1 893/5/1 934/7/1 
f 1004/14/1 947/7/1 946/5/1 
usemtl Material__3
f 822/15/1 850/7/1 1008/5/1 
f 1105/10/1 1083/5/1 993/7/1 
f 1058/14/1 1038/7/1 894/5/1 
f 1040/4/1 932/1/1 1052/13/1 
f 1065/4/1 1087/1/1 1099/11/1 
f 1068/19/1 778/1/1 818/7/1 
f 778/1/1 1068/19/1 938/5/1 
f 1098/14/1 1057/4/1 994/5/1 
f 1046/10/1 913/5/1 1036/7/1 
f 1082/16/1 993/7/1 1083/5/1 
usemtl Material__2
f 905/2/1 1008/4/1 904/13/1 
f 1119/1/1 1120/7/1 1121/4/1 
f 1122/4/1 1123/5/1 1124/7/1 
f 1125/4/1 1126/5/1 1127/7/1 
f 1128/4/1 1129/5/1 1130/7/1 
f 1131/4/1 1132/5/1 1133/7/1 
f 1134/4/1 1135/5/1 1136/7/1 
f 1137/4/1 1138/5/1 1139/7/1 
f 1140/4/1 1141/5/1 1142/7/1 
f 1143/4/1 1144/10/1 1145/7/1 
f 1146/4/1 1147/1/1 1148/7/1 
f 1149/4/1 1150/5/1 1131/7/1 
f 1151/4/1 1152/1/1 1143/7/1 
f 1153/4/1 1154/5/1 1155/7/1 
f 1156/4/1 1157/5/1 1158/7/1 
f 1159/4/1 1160/5/1 1161/7/1 
f 1162/4/1 1163/5/1 1164/7/1 
f 1165/4/1 1166/1/1 1167/7/1 
f 1168/4/1 1169/5/1 1153/7/1 
f 1170/4/1 1171/8/1 1162/7/1 
f 1172/4/1 1173/5/1 1174/7/1 
f 1175/4/1 1176/10/1 1177/7/1 
f 1178/4/1 1179/1/1 1180/7/1 
f 1181/4/1 1182/5/1 1183/7/1 
f 1184/4/1 1185/5/1 1186/7/1 
f 1187/11/1 1188/7/1 1189/4/1 
f 1190/4/1 1191/5/1 1192/7/1 
f 1193/7/1 1194/4/1 1195/5/1 
f 1196/4/1 1197/5/1 1198/7/1 
f 1199/4/1 1200/10/1 1201/7/1 
f 1202/7/1 1203/4/1 1204/1/1 
f 1205/4/1 1206/5/1 1207/7/1 
f 1208/4/1 1158/5/1 1209/7/1 
f 1210/4/1 1211/5/1 1212/7/1 
f 1213/4/1 1214/5/1 1134/7/1 
f 1215/4/1 1216/5/1 1217/7/1 
f 1218/4/1 1219/5/1 1220/7/1 
f 1221/4/1 1222/5/1 1223/7/1 
f 1224/4/1 1225/5/1 1226/7/1 
f 1227/1/1 1228/7/1 1229/4/1 
f 1230/4/1 1231/5/1 1232/7/1 
f 1233/4/1 1234/10/1 1235/7/1 
f 1236/4/1 1237/5/1 1238/7/1 
f 1239/4/1 1240/5/1 1156/7/1 
f 1241/4/1 1242/5/1 1243/7/1 
f 1244/4/1 1245/5/1 1246/7/1 
f 1223/4/1 1247/1/1 1248/7/1 
f 1249/4/1 1250/5/1 1251/7/1 
f 1252/4/1 1253/5/1 1254/7/1 
f 1255/4/1 1256/1/1 1198/7/1 
f 1257/4/1 1258/5/1 1148/7/1 
f 1259/4/1 1260/5/1 1261/7/1 
f 1262/4/1 1263/1/1 1264/7/1 
f 1147/4/1 1265/5/1 1257/7/1 
f 1266/4/1 1267/5/1 1268/7/1 
f 1269/4/1 1270/5/1 1271/7/1 
f 1272/4/1 1273/5/1 1274/7/1 
f 1275/4/1 1276/5/1 1277/7/1 
f 1278/4/1 1279/5/1 1280/7/1 
f 1281/4/1 1282/5/1 1283/7/1 
f 1284/4/1 1285/5/1 1180/7/1 
f 1286/4/1 1287/5/1 1288/7/1 
f 1289/4/1 1290/5/1 1291/7/1 
f 1292/7/1 1293/4/1 1294/5/1 
f 1295/11/1 1296/7/1 1297/2/1 
f 1298/4/1 1151/1/1 1145/7/1 
f 1299/4/1 1300/8/1 1196/7/1 
f 1301/4/1 1302/5/1 1303/7/1 
f 1220/7/1 1304/4/1 1305/1/1 
f 1305/4/1 1219/1/1 1218/7/1 
f 1306/4/1 1307/12/1 1308/7/1 
f 1309/4/1 1127/5/1 1310/7/1 
f 1311/4/1 1312/5/1 1313/7/1 
f 1314/4/1 1315/5/1 1316/7/1 
f 1288/4/1 1317/5/1 1318/7/1 
f 1319/4/1 1320/1/1 1321/7/1 
f 1205/7/1 1322/4/1 1323/5/1 
f 1324/4/1 1325/5/1 1137/7/1 
f 1326/4/1 1136/5/1 1327/7/1 
f 1271/4/1 1328/12/1 1329/7/1 
f 1330/4/1 1331/5/1 1261/7/1 
f 1332/4/1 1333/5/1 1334/7/1 
f 1130/4/1 1335/6/1 1336/7/1 
f 1327/4/1 1337/8/1 1338/7/1 
f 1339/4/1 1340/5/1 1229/7/1 
f 1341/4/1 1342/1/1 1343/7/1 
f 1344/4/1 1345/5/1 1346/7/1 
f 1347/13/1 1181/7/1 1348/2/1 
f 1202/4/1 1204/5/1 1349/7/1 
f 1350/1/1 1351/7/1 1352/2/1 
f 1353/4/1 1354/5/1 1355/7/1 
f 1355/4/1 1356/1/1 1357/7/1 
f 1358/4/1 1238/5/1 1359/7/1 
f 1212/4/1 1360/5/1 1361/7/1 
f 1362/4/1 1363/5/1 1364/7/1 
f 1365/4/1 1366/12/1 1298/7/1 
f 1209/4/1 1367/5/1 1283/7/1 
f 1368/4/1 1369/1/1 1306/7/1 
f 1370/2/1 1237/1/1 1236/7/1 
f 1371/4/1 1372/5/1 1373/7/1 
f 1374/4/1 1375/5/1 1217/7/1 
f 1310/4/1 1376/5/1 1377/7/1 
f 1378/4/1 1192/5/1 1379/7/1 
f 1380/4/1 1381/5/1 1382/7/1 
f 1383/4/1 1384/5/1 1385/7/1 
f 1386/4/1 1387/5/1 1388/7/1 
f 1351/4/1 1389/12/1 1390/7/1 
f 1391/4/1 1392/5/1 1304/7/1 
f 1393/4/1 1394/1/1 1395/7/1 
f 1396/1/1 1397/7/1 1398/4/1 
f 1382/4/1 1399/5/1 1400/7/1 
f 1401/4/1 1402/5/1 1241/7/1 
f 1403/7/1 1404/4/1 1405/1/1 
f 1406/4/1 1191/1/1 1190/7/1 
f 1359/4/1 1407/5/1 1408/7/1 
f 1274/4/1 1409/5/1 1381/7/1 
f 1388/4/1 1410/5/1 1411/7/1 
f 1412/2/1 1413/13/1 1414/7/1 
f 1415/4/1 1416/1/1 1417/7/1 
f 1418/4/1 1167/5/1 1419/7/1 
f 1420/4/1 1421/5/1 1402/7/1 
f 1422/4/1 1423/8/1 1125/7/1 
f 1424/4/1 1390/5/1 1425/7/1 
f 1303/4/1 1426/5/1 1427/7/1 
f 1254/4/1 1428/5/1 1429/7/1 
f 1430/7/1 1379/4/1 1431/5/1 
f 1235/4/1 1432/5/1 1433/7/1 
f 1434/4/1 1435/5/1 1341/7/1 
f 1436/4/1 1417/5/1 1383/7/1 
f 1124/4/1 1437/8/1 1438/7/1 
f 1397/4/1 1396/5/1 1400/7/1 
f 1251/4/1 1439/1/1 1440/7/1 
f 1441/4/1 1442/5/1 1232/7/1 
f 1443/4/1 1444/5/1 1164/7/1 
f 1445/4/1 1446/5/1 1447/7/1 
f 1448/4/1 1449/5/1 1450/7/1 
f 1451/4/1 1452/5/1 1453/7/1 
f 1179/4/1 1454/5/1 1284/7/1 
f 1455/4/1 1456/5/1 1255/7/1 
f 1457/4/1 1331/1/1 1330/7/1 
f 1458/4/1 1459/5/1 1155/7/1 
f 1447/4/1 1460/10/1 1461/7/1 
f 1280/4/1 1462/5/1 1463/7/1 
f 1404/7/1 1464/4/1 1465/5/1 
f 1466/4/1 1467/5/1 1461/7/1 
f 1468/4/1 1469/5/1 1199/7/1 
f 1264/4/1 1263/5/1 1243/7/1 
f 1186/4/1 1470/5/1 1471/7/1 
f 1472/1/1 1178/7/1 1473/4/1 
f 1474/4/1 1475/5/1 1420/7/1 
f 1476/4/1 1477/5/1 1415/7/1 
f 1478/4/1 1375/1/1 1374/7/1 
f 1246/4/1 1479/5/1 1480/7/1 
f 1481/4/1 1482/5/1 1371/7/1 
f 1483/1/1 1484/7/1 1161/4/1 
f 1485/4/1 1486/5/1 1230/7/1 
f 1166/4/1 1487/1/1 1393/7/1 
f 1174/4/1 1488/5/1 1489/7/1 
f 1490/4/1 1491/5/1 1314/7/1 
f 1277/4/1 1492/5/1 1392/7/1 
f 1346/4/1 1493/5/1 1494/7/1 
f 1495/4/1 1496/1/1 1497/7/1 
f 1498/4/1 1499/5/1 1194/7/1 
f 1425/4/1 1500/5/1 1429/7/1 
f 1501/4/1 1361/5/1 1502/7/1 
f 1142/4/1 1503/5/1 1504/7/1 
f 1505/4/1 1506/1/1 1319/7/1 
f 1226/4/1 1507/5/1 1169/7/1 
f 1320/4/1 1508/5/1 1215/7/1 
f 1450/4/1 1509/5/1 1510/7/1 
f 1511/4/1 1512/5/1 1266/7/1 
f 1291/4/1 1513/5/1 1514/7/1 
f 1515/4/1 1452/1/1 1451/7/1 
f 1292/4/1 1516/5/1 1517/7/1 
f 1518/4/1 1519/5/1 1458/7/1 
f 1520/4/1 1521/1/1 1165/7/1 
f 1395/7/1 1419/4/1 1166/1/1 
f 1522/4/1 1318/5/1 1259/7/1 
f 1523/4/1 1524/5/1 1281/7/1 
f 1525/4/1 1489/5/1 1146/7/1 
f 1364/4/1 1526/5/1 1527/7/1 
f 1414/4/1 1528/5/1 1529/7/1 
f 1530/4/1 1531/5/1 1121/7/1 
f 1532/4/1 1533/5/1 1430/7/1 
f 1342/4/1 1534/5/1 1443/7/1 
f 1535/4/1 1536/5/1 1532/7/1 
f 1537/4/1 1442/1/1 1441/7/1 
f 1538/4/1 1539/1/1 1175/7/1 
f 1540/4/1 1541/5/1 1495/7/1 
f 1502/4/1 1542/5/1 1494/7/1 
f 1313/4/1 1543/5/1 1544/7/1 
f 1545/4/1 1504/5/1 1466/7/1 
f 1546/4/1 1547/5/1 1332/7/1 
f 1462/1/1 1280/7/1 1279/5/1 
f 1138/1/1 1137/7/1 1325/5/1 
f 1516/1/1 1292/7/1 1294/5/1 
f 1147/1/1 1489/7/1 1488/5/1 
f 1548/1/1 1447/7/1 1446/5/1 
f 1439/1/1 1251/4/1 1549/5/1 
f 1445/1/1 1504/7/1 1503/5/1 
f 1219/1/1 1305/4/1 1550/5/1 
f 1551/1/1 1400/7/1 1396/5/1 
f 1317/1/1 1288/7/1 1287/5/1 
f 1552/1/1 1223/7/1 1222/5/1 
f 1553/1/1 1494/7/1 1493/5/1 
f 1367/1/1 1209/7/1 1158/5/1 
f 1518/1/1 1169/7/1 1507/5/1 
f 1252/1/1 1429/7/1 1500/5/1 
f 1384/1/1 1383/7/1 1417/5/1 
f 1543/1/1 1313/7/1 1312/5/1 
f 1554/1/1 1271/7/1 1270/5/1 
f 1555/1/1 1480/7/1 1479/5/1 
f 1556/1/1 1411/7/1 1410/5/1 
f 1485/1/1 1232/7/1 1442/5/1 
f 1557/1/1 1136/7/1 1135/5/1 
f 1360/1/1 1212/7/1 1211/5/1 
f 1442/1/1 1537/4/1 1268/5/1 
f 1342/1/1 1164/7/1 1163/5/1 
f 1558/1/1 1433/7/1 1432/5/1 
f 1559/1/1 1527/7/1 1526/5/1 
f 1560/1/1 1124/7/1 1123/5/1 
f 1151/1/1 1177/7/1 1539/5/1 
f 1410/1/1 1388/7/1 1387/5/1 
f 1561/1/1 1255/7/1 1456/5/1 
f 1523/1/1 1158/7/1 1157/5/1 
f 1496/1/1 1495/4/1 1562/5/1 
f 1563/1/1 1404/7/1 1465/5/1 
f 1320/1/1 1217/7/1 1375/5/1 
f 1564/1/1 1220/7/1 1219/5/1 
f 1485/1/1 1268/7/1 1267/5/1 
f 1565/1/1 1327/7/1 1136/5/1 
f 1132/1/1 1131/7/1 1150/5/1 
f 1426/1/1 1303/7/1 1302/5/1 
f 1191/1/1 1406/4/1 1566/5/1 
f 1227/1/1 1229/4/1 1567/5/1 
f 1567/1/1 1229/7/1 1340/5/1 
f 1206/1/1 1205/7/1 1323/5/1 
f 1157/1/1 1156/7/1 1240/5/1 
f 1568/1/1 1334/7/1 1333/5/1 
f 1569/1/1 1453/7/1 1452/5/1 
f 1455/1/1 1329/7/1 1554/5/1 
f 1492/1/1 1277/7/1 1276/5/1 
f 1570/1/1 1217/7/1 1216/5/1 
f 1470/1/1 1186/7/1 1185/5/1 
f 1369/1/1 1368/4/1 1514/5/1 
f 1333/1/1 1332/7/1 1547/5/1 
f 1571/1/1 1145/7/1 1572/14/1 
f 1573/1/1 1377/7/1 1574/15/1 
f 1575/1/1 1283/7/1 1282/5/1 
f 1507/1/1 1226/7/1 1225/5/1 
f 1457/1/1 1261/7/1 1576/16/1 
f 1421/1/1 1420/7/1 1475/5/1 
f 1282/1/1 1281/7/1 1524/5/1 
f 1577/1/1 1415/7/1 1477/5/1 
f 1578/1/1 1529/7/1 1528/5/1 
f 1258/1/1 1257/7/1 1265/5/1 
f 1557/1/1 1338/7/1 1565/5/1 
f 1579/1/1 1261/7/1 1331/5/1 
f 1256/1/1 1255/4/1 1561/5/1 
f 1262/1/1 1243/7/1 1242/5/1 
f 1389/12/1 1252/1/1 1390/7/1 
f 1262/1/1 1402/7/1 1421/5/1 
f 1285/1/1 1284/7/1 1454/5/1 
f 1580/1/1 1429/7/1 1428/5/1 
f 1581/1/1 1189/4/1 1582/5/1 
f 1479/1/1 1246/7/1 1245/5/1 
f 1509/1/1 1450/7/1 1449/5/1 
f 1583/1/1 1544/7/1 1543/5/1 
f 1584/1/1 1130/7/1 1585/14/1 
f 1342/1/1 1341/4/1 1586/5/1 
f 1587/1/1 1121/7/1 1531/5/1 
f 1588/1/1 1408/7/1 1407/5/1 
f 1589/1/1 1180/7/1 1285/5/1 
f 1590/1/1 1297/2/1 1581/5/1 
f 1405/1/1 1404/4/1 1563/5/1 
f 1483/1/1 1161/4/1 1591/5/1 
f 1592/1/1 1438/7/1 1560/5/1 
f 1350/1/1 1352/2/1 1593/5/1 
f 1594/1/1 1155/7/1 1459/5/1 
f 1595/1/1 1427/7/1 1426/5/1 
f 1372/1/1 1371/7/1 1482/5/1 
f 1204/1/1 1203/4/1 1596/5/1 
f 1147/1/1 1146/4/1 1597/5/1 
f 1375/1/1 1478/4/1 1321/5/1 
f 1598/1/1 1133/7/1 1599/15/1 
f 1445/1/1 1461/7/1 1467/5/1 
f 1457/1/1 1318/7/1 1317/5/1 
f 1356/1/1 1355/4/1 1600/5/1 
f 1488/1/1 1174/7/1 1173/5/1 
f 1601/1/1 1308/7/1 1369/5/1 
f 1182/1/1 1602/4/1 1603/5/1 
f 1315/1/1 1314/7/1 1491/5/1 
f 1523/1/1 1283/7/1 1367/5/1 
f 1535/1/1 1192/7/1 1191/5/1 
f 1604/1/1 1463/7/1 1462/5/1 
f 1549/1/1 1251/7/1 1250/5/1 
f 1247/1/1 1223/4/1 1552/5/1 
f 1151/1/1 1298/4/1 1605/5/1 
f 1606/1/1 1130/4/1 1584/5/1 
f 1503/1/1 1142/7/1 1141/5/1 
f 1607/1/1 1207/7/1 1206/5/1 
f 1376/1/1 1310/7/1 1127/5/1 
f 1366/12/1 1605/1/1 1298/7/1 
f 1608/1/1 1201/7/1 1609/5/1 
f 1432/1/1 1235/7/1 1610/5/1 
f 1263/1/1 1262/4/1 1611/5/1 
f 1513/1/1 1291/7/1 1290/5/1 
f 1612/1/1 1517/7/1 1516/5/1 
f 1613/1/1 1148/7/1 1258/5/1 
f 1320/1/1 1319/4/1 1506/5/1 
f 1231/1/1 1230/7/1 1614/14/1 
f 1518/1/1 1155/7/1 1154/5/1 
f 1260/1/1 1259/7/1 1318/5/1 
f 1416/1/1 1415/4/1 1577/5/1 
f 1586/1/1 1341/7/1 1435/5/1 
f 1126/1/1 1125/7/1 1615/14/1 
f 1267/1/1 1266/7/1 1512/5/1 
f 1163/1/1 1162/7/1 1343/5/1 
f 1216/1/1 1215/7/1 1508/5/1 
f 1526/1/1 1364/7/1 1363/5/1 
f 1444/5/1 1616/1/1 1164/7/1 
f 1398/1/1 1381/7/1 1409/5/1 
f 1394/1/1 1393/4/1 1487/5/1 
f 1455/1/1 1198/7/1 1197/5/1 
f 1344/1/1 1494/7/1 1542/5/1 
f 1154/1/1 1153/7/1 1169/5/1 
f 1573/1/1 1127/7/1 1126/5/1 
f 1521/1/1 1520/4/1 1617/5/1 
f 1396/1/1 1398/4/1 1618/5/1 
f 1416/1/1 1385/7/1 1384/5/1 
f 1528/1/1 1412/2/1 1619/5/1 
f 1487/1/1 1166/4/1 1620/5/1 
f 1621/1/1 1243/7/1 1263/5/1 
f 1467/1/1 1466/7/1 1504/5/1 
f 1622/1/1 1471/7/1 1470/5/1 
f 1428/1/1 1254/7/1 1253/5/1 
f 1431/1/1 1379/7/1 1192/5/1 
f 1533/1/1 1532/7/1 1536/5/1 
f 1135/1/1 1134/7/1 1214/5/1 
f 1493/1/1 1346/7/1 1345/5/1 
f 1459/1/1 1458/7/1 1519/5/1 
f 1500/1/1 1425/7/1 1390/5/1 
f 1591/1/1 1161/7/1 1160/5/1 
f 1535/1/1 1430/7/1 1431/5/1 
f 1195/1/1 1194/7/1 1499/5/1 
f 1152/1/1 1151/4/1 1623/5/1 
f 1166/1/1 1165/4/1 1521/5/1 
f 1331/1/1 1457/4/1 1624/5/1 
f 1399/1/1 1382/7/1 1381/5/1 
f 1305/1/1 1392/7/1 1492/5/1 
f 1625/1/1 1139/7/1 1138/5/1 
f 1542/1/1 1502/7/1 1361/5/1 
f 1344/1/1 1361/7/1 1360/5/1 
f 1179/1/1 1316/7/1 1315/5/1 
f 1601/1/1 1514/7/1 1513/5/1 
f 1597/1/1 1146/7/1 1489/5/1 
f 1237/1/1 1370/2/1 1626/5/1 
f 1506/1/1 1505/4/1 1627/5/1 
f 1628/1/1 1430/7/1 1533/5/1 
f 1179/1/1 1178/4/1 1472/5/1 
f 1398/1/1 1400/7/1 1629/16/1 
f 1630/1/1 1304/7/1 1392/5/1 
f 1588/1/1 1238/7/1 1237/5/1 
f 1197/1/1 1196/7/1 1329/5/1 
f 1609/1/1 1199/7/1 1469/5/1 
f 1407/1/1 1359/7/1 1238/5/1 
f 1631/1/1 1373/7/1 1372/5/1 
f 1166/1/1 1419/4/1 1632/5/1 
f 1444/1/1 1443/7/1 1534/5/1 
f 1633/1/1 1232/7/1 1231/5/1 
f 1569/1/1 1510/7/1 1509/5/1 
f 1634/1/1 1193/7/1 1195/5/1 
f 1635/1/1 1349/7/1 1204/5/1 
f 1452/1/1 1515/4/1 1510/5/1 
f 1539/1/1 1538/4/1 1636/5/1 
f 1632/1/1 1419/7/1 1167/5/1 
f 1242/1/1 1241/7/1 1402/5/1 
f 1472/1/1 1473/4/1 1316/5/1 
f 1637/1/1 1183/7/1 1182/5/1 
f 1409/1/1 1274/7/1 1273/5/1 
f 1600/1/1 1355/7/1 1354/5/1 
f 1562/1/1 1495/7/1 1541/5/1 
f 1119/1/1 1121/4/1 1587/5/1 
f 1305/1/1 1304/4/1 1630/5/1 
f 1638/1/1 1461/7/1 1548/5/1 
usemtl Material__3
f 1286/4/1 1217/1/1 1287/7/1 
f 1639/1/1 1435/7/1 1640/5/1 
f 1394/1/1 1641/7/1 1395/5/1 
f 1642/1/1 1643/7/1 1644/16/1 
f 1621/1/1 1645/7/1 1243/5/1 
f 1400/1/1 1627/7/1 1380/5/1 
f 1474/4/1 1430/1/1 1475/7/1 
f 1571/1/1 1646/7/1 1145/5/1 
f 1220/1/1 1617/7/1 1391/5/1 
f 1180/1/1 1225/7/1 1473/5/1 
f 1647/17/1 1638/1/1 1648/7/1 
f 1553/1/1 1649/7/1 1494/5/1 
f 1650/1/1 1651/7/1 1652/5/1 
f 1453/1/1 1477/7/1 1451/15/1 
f 1652/1/1 1491/7/1 1653/5/1 
f 1261/1/1 1211/7/1 1259/15/1 
f 1217/1/1 1287/7/1 1478/5/1 
f 1377/1/1 1290/7/1 1309/5/1 
f 1590/1/1 1654/7/1 1296/5/1 
f 1655/1/1 1656/7/1 1657/5/1 
f 1240/4/1 1580/1/1 1658/7/1 
f 1308/1/1 1449/7/1 1368/5/1 
f 1308/1/1 1449/7/1 1368/5/1 
f 1659/1/1 1626/7/1 1660/5/1 
f 1558/1/1 1661/7/1 1433/5/1 
f 1638/1/1 1648/7/1 1461/5/1 
f 1429/1/1 1240/7/1 1424/5/1 
f 1256/1/1 1662/7/1 1198/5/1 
f 1461/1/1 1636/7/1 1545/5/1 
f 1261/1/1 1211/7/1 1522/5/1 
f 1338/1/1 1663/7/1 1327/15/1 
f 1275/4/1 1243/1/1 1276/7/1 
f 1564/1/1 1664/7/1 1220/5/1 
f 1579/1/1 1665/7/1 1261/5/1 
f 1666/17/1 1633/1/1 1667/7/1 
f 1243/1/1 1276/7/1 1401/5/1 
f 1439/1/1 1668/7/1 1440/5/1 
f 1395/1/1 1669/7/1 1418/5/1 
f 1164/1/1 1270/7/1 1170/5/1 
f 1461/1/1 1636/7/1 1545/5/1 
f 1594/1/1 1670/7/1 1671/15/1 
f 1580/1/1 1658/7/1 1429/5/1 
f 1155/1/1 1273/7/1 1168/5/1 
f 1616/1/1 1672/7/1 1164/5/1 
f 1164/1/1 1270/7/1 1170/5/1 
f 1570/1/1 1673/7/1 1217/5/1 
f 1145/1/1 1512/7/1 1365/5/1 
f 1674/4/1 1283/1/1 1675/7/1 
f 1633/1/1 1667/7/1 1676/15/1 
f 1408/1/1 1677/7/1 1358/5/1 
f 1269/4/1 1164/1/1 1270/7/1 
f 1639/1/1 1435/7/1 1640/5/1 
f 1408/1/1 1677/7/1 1358/5/1 
f 1621/1/1 1645/7/1 1243/5/1 
f 1678/4/1 1395/1/1 1669/7/1 
f 1356/1/1 1679/7/1 1357/5/1 
f 1429/1/1 1240/7/1 1424/5/1 
f 1613/1/1 1680/7/1 1148/5/1 
f 1439/1/1 1668/7/1 1440/5/1 
f 1461/1/1 1636/7/1 1681/16/1 
f 1429/1/1 1240/7/1 1424/5/1 
f 1224/4/1 1180/1/1 1225/7/1 
f 1682/4/1 1494/1/1 1683/7/1 
f 1275/4/1 1243/1/1 1276/7/1 
f 1356/1/1 1679/7/1 1357/5/1 
f 1145/1/1 1512/7/1 1365/5/1 
f 1589/1/1 1684/7/1 1180/5/1 
f 1616/1/1 1672/7/1 1164/5/1 
f 1685/1/1 1686/7/1 1687/15/1 
f 1377/1/1 1290/7/1 1309/5/1 
f 1570/1/1 1673/7/1 1217/5/1 
f 1589/1/1 1684/7/1 1180/5/1 
f 1220/1/1 1617/7/1 1391/5/1 
f 1688/17/1 1689/11/1 1646/7/1 
f 1551/1/1 1690/7/1 1400/5/1 
f 1579/1/1 1665/7/1 1261/5/1 
f 1385/1/1 1214/7/1 1436/5/1 
f 1198/1/1 1566/7/1 1299/5/1 
f 1685/1/1 1686/7/1 1691/5/1 
f 1474/4/1 1430/1/1 1475/7/1 
f 1692/17/1 1256/1/1 1662/7/1 
f 1283/1/1 1675/7/1 1208/5/1 
f 1659/1/1 1626/7/1 1693/16/1 
f 1555/1/1 1694/7/1 1480/5/1 
f 1490/4/1 1652/1/1 1491/7/1 
f 1659/1/1 1626/7/1 1660/5/1 
f 1650/1/1 1651/7/1 1652/5/1 
f 1406/4/1 1198/1/1 1566/7/1 
f 1180/1/1 1225/7/1 1473/5/1 
f 1434/4/1 1639/1/1 1435/7/1 
f 1691/1/1 1141/7/1 1695/5/1 
f 1155/1/1 1273/7/1 1168/5/1 
f 1696/4/1 1148/1/1 1593/7/1 
f 1675/4/1 1575/1/1 1697/7/1 
f 1551/1/1 1690/7/1 1698/15/1 
f 1642/1/1 1643/7/1 1639/5/1 
f 1628/1/1 1699/7/1 1430/5/1 
f 1555/1/1 1694/7/1 1480/5/1 
f 1655/1/1 1656/7/1 1657/5/1 
f 1385/1/1 1214/7/1 1436/5/1 
f 1217/1/1 1287/7/1 1478/5/1 
f 1590/1/1 1654/7/1 1296/5/1 
f 1232/1/1 1173/7/1 1537/5/1 
f 1453/1/1 1477/7/1 1515/5/1 
f 1505/4/1 1400/1/1 1627/7/1 
f 1453/1/1 1477/7/1 1515/5/1 
f 1594/1/1 1670/7/1 1155/5/1 
f 1583/1/1 1700/7/1 1544/5/1 
f 1261/1/1 1211/7/1 1522/5/1 
f 1652/1/1 1491/7/1 1653/5/1 
f 1232/1/1 1173/7/1 1537/5/1 
f 1148/1/1 1593/7/1 1525/5/1 
f 1155/1/1 1273/7/1 1168/5/1 
f 1422/4/1 1408/1/1 1677/7/1 
f 1494/1/1 1683/7/1 1501/5/1 
f 1308/1/1 1449/7/1 1368/5/1 
f 1140/4/1 1691/1/1 1141/7/1 
f 1691/1/1 1141/7/1 1695/5/1 
f 1338/1/1 1663/7/1 1326/5/1 
f 1558/1/1 1661/7/1 1701/15/1 
f 1377/1/1 1290/7/1 1309/5/1 
f 1511/4/1 1145/1/1 1512/7/1 
f 1400/1/1 1627/7/1 1380/5/1 
f 1299/5/1 1198/1/1 1566/7/1 
f 1628/1/1 1699/7/1 1430/5/1 
f 1148/1/1 1593/7/1 1525/5/1 
f 1564/1/1 1664/7/1 1220/5/1 
f 1474/4/1 1430/1/1 1475/7/1 
f 1613/1/1 1680/7/1 1702/16/1 
f 1385/1/1 1214/7/1 1436/5/1 
f 1220/1/1 1617/7/1 1391/5/1 
f 1232/1/1 1173/7/1 1537/5/1 
f 1243/1/1 1275/4/1 1401/5/1 
f 1273/4/1 1155/5/1 1670/7/1 
f 1140/4/1 1695/5/1 1141/7/1 
f 1490/4/1 1653/5/1 1491/7/1 
f 1198/1/1 1406/4/1 1299/5/1 
f 1213/4/1 1436/5/1 1214/7/1 
f 1520/4/1 1391/5/1 1617/7/1 
f 1703/4/1 1660/5/1 1626/7/1 
f 1475/4/1 1430/5/1 1699/7/1 
f 1627/4/1 1400/5/1 1690/7/1 
f 1571/1/1 1688/17/1 1145/5/1 
f 1633/1/1 1666/17/1 1232/5/1 
f 1287/4/1 1217/5/1 1673/7/1 
f 1511/4/1 1365/5/1 1512/7/1 
f 1275/4/1 1401/5/1 1276/7/1 
f 1217/1/1 1286/4/1 1478/5/1 
f 1164/1/1 1269/4/1 1170/5/1 
f 1704/4/1 1440/5/1 1668/7/1 
f 1283/1/1 1674/4/1 1208/5/1 
f 1669/4/1 1395/5/1 1641/7/1 
f 1691/1/1 1140/4/1 1695/5/1 
f 1430/1/1 1474/4/1 1378/5/1 
f 1448/4/1 1368/5/1 1449/7/1 
f 1269/4/1 1170/5/1 1270/7/1 
f 1287/4/1 1217/5/1 1673/7/1 
f 1140/4/1 1695/5/1 1141/7/1 
f 1243/1/1 1275/4/1 1401/5/1 
f 1538/4/1 1545/5/1 1636/7/1 
f 1580/1/1 1240/4/1 1429/5/1 
f 1705/4/1 1433/5/1 1661/7/1 
f 1575/1/1 1675/4/1 1283/5/1 
f 1172/4/1 1537/5/1 1173/7/1 
f 1706/4/1 1296/5/1 1654/7/1 
f 1430/1/1 1474/4/1 1378/5/1 
f 1593/4/1 1148/5/1 1680/7/1 
f 1512/4/1 1145/5/1 1646/7/1 
f 1240/4/1 1429/5/1 1658/7/1 
f 1476/4/1 1515/5/1 1477/7/1 
f 1707/4/1 1326/5/1 1663/7/1 
f 1448/4/1 1368/5/1 1449/7/1 
f 1617/4/1 1220/5/1 1664/7/1 
f 1210/4/1 1522/5/1 1211/7/1 
f 1704/4/1 1440/5/1 1668/7/1 
f 1706/4/1 1296/5/1 1654/7/1 
f 1273/4/1 1671/15/1 1670/7/1 
f 1289/4/1 1309/5/1 1290/7/1 
f 1434/4/1 1640/5/1 1435/7/1 
f 1210/4/1 1522/5/1 1211/7/1 
f 1705/4/1 1708/10/1 1661/7/1 
f 1286/4/1 1478/5/1 1287/7/1 
f 1593/4/1 1148/5/1 1680/7/1 
f 1141/4/1 1691/5/1 1686/7/1 
f 1683/4/1 1494/5/1 1649/7/1 
f 1422/4/1 1358/5/1 1677/7/1 
f 1538/4/1 1545/5/1 1636/7/1 
f 1269/4/1 1170/5/1 1270/7/1 
f 1299/5/1 1566/7/1 1406/4/1 
f 1272/4/1 1168/5/1 1273/7/1 
f 1678/4/1 1418/5/1 1669/7/1 
f 1276/4/1 1243/5/1 1645/7/1 
f 1636/4/1 1461/5/1 1648/7/1 
f 1494/1/1 1682/4/1 1501/5/1 
f 1270/4/1 1164/5/1 1672/7/1 
f 1707/4/1 1709/12/1 1663/7/1 
f 1710/4/1 1357/5/1 1679/7/1 
f 1270/4/1 1164/5/1 1672/7/1 
f 1696/4/1 1525/5/1 1593/7/1 
f 1475/4/1 1430/5/1 1699/7/1 
f 1491/4/1 1711/8/1 1651/7/1 
f 1395/1/1 1678/4/1 1418/5/1 
f 1652/1/1 1490/4/1 1653/5/1 
f 1289/4/1 1309/5/1 1290/7/1 
f 1286/4/1 1478/5/1 1287/7/1 
f 1710/4/1 1712/8/1 1679/7/1 
f 1703/4/1 1660/5/1 1626/7/1 
f 1145/1/1 1511/4/1 1365/5/1 
f 1682/4/1 1501/5/1 1683/7/1 
f 1141/4/1 1691/5/1 1686/7/1 
f 1490/4/1 1653/5/1 1491/7/1 
f 1476/4/1 1515/5/1 1477/7/1 
f 1172/4/1 1713/10/1 1173/7/1 
f 1638/1/1 1647/17/1 1461/5/1 
f 1435/4/1 1639/5/1 1643/7/1 
f 1714/4/1 1544/5/1 1700/7/1 
f 1617/4/1 1220/5/1 1664/7/1 
f 1430/1/1 1474/4/1 1378/5/1 
f 1538/4/1 1681/16/1 1636/7/1 
f 1173/4/1 1232/5/1 1667/7/1 
f 1256/1/1 1692/17/1 1715/16/1 
f 1505/4/1 1380/5/1 1627/7/1 
f 1406/4/1 1299/5/1 1566/7/1 
f 1448/4/1 1368/5/1 1449/7/1 
f 1225/4/1 1180/5/1 1684/7/1 
f 1224/4/1 1473/5/1 1225/7/1 
f 1566/4/1 1198/5/1 1662/7/1 
f 1716/4/1 1480/5/1 1694/7/1 
f 1239/4/1 1424/5/1 1240/7/1 
f 1211/4/1 1261/5/1 1665/7/1 
f 1272/4/1 1168/5/1 1273/7/1 
f 1213/4/1 1436/5/1 1214/7/1 
f 1211/4/1 1261/5/1 1665/7/1 
f 1520/4/1 1391/5/1 1617/7/1 
f 1434/4/1 1640/5/1 1435/7/1 
f 1491/4/1 1652/5/1 1651/7/1 
f 1435/4/1 1639/5/1 1643/7/1 
f 1674/4/1 1208/5/1 1675/7/1 
f 1627/4/1 1400/5/1 1690/7/1 
f 1717/4/1 1657/5/1 1656/7/1 
f 1148/1/1 1696/4/1 1525/5/1 
f 1505/4/1 1380/5/1 1627/7/1 
f 1716/4/1 1480/5/1 1694/7/1 
f 1717/4/1 1657/5/1 1656/7/1 
f 1511/4/1 1365/5/1 1512/7/1 
f 1289/4/1 1309/5/1 1290/7/1 
f 1239/4/1 1424/5/1 1240/7/1 
f 1225/4/1 1180/5/1 1684/7/1 
f 1422/4/1 1358/5/1 1677/7/1 
f 1639/1/1 1434/4/1 1640/5/1 
f 1224/4/1 1473/5/1 1225/7/1 
f 1476/4/1 1515/5/1 1477/7/1 
f 1172/4/1 1537/5/1 1173/7/1 
f 1703/4/1 1660/5/1 1626/7/1 
f 1276/4/1 1243/5/1 1645/7/1 
f 1696/4/1 1525/5/1 1593/7/1 
f 1180/1/1 1224/4/1 1473/5/1 
f 1272/4/1 1168/5/1 1273/7/1 
f 1213/4/1 1436/5/1 1214/7/1 
f 1520/4/1 1391/5/1 1617/7/1 
f 1408/1/1 1422/4/1 1358/5/1 
f 1400/1/1 1505/4/1 1380/5/1 
f 1239/4/1 1424/5/1 1240/7/1 
f 1210/4/1 1522/5/1 1211/7/1 
f 1665/4/1 1579/5/1 1520/7/1 
f 1672/4/1 1127/1/1 1456/7/1 
f 1690/4/1 1378/1/1 1474/7/1 
f 1329/1/1 1519/7/1 1718/16/1 
f 1651/4/1 1650/5/1 1434/7/1 
f 1662/4/1 1256/5/1 1289/7/1 
f 1664/4/1 1564/5/1 1213/7/1 
f 1368/1/1 1448/7/1 1699/4/1 
f 1620/4/1 1326/1/1 1394/7/1 
f 1136/1/1 1620/7/1 1213/5/1 
f 1510/1/1 1611/7/1 1448/5/1 
f 1664/4/1 1436/1/1 1213/7/1 
f 1378/1/1 1551/7/1 1192/5/1 
f 1192/1/1 1618/7/1 1406/5/1 
f 1672/4/1 1616/5/1 1422/7/1 
f 1645/4/1 1621/5/1 1476/7/1 
f 1643/4/1 1642/5/1 1703/7/1 
f 1534/4/1 1358/1/1 1616/7/1 
f 1645/4/1 1417/1/1 1550/7/1 
f 1510/1/1 1611/7/1 1448/5/1 
f 1662/4/1 1256/5/1 1289/7/1 
f 1391/1/1 1520/7/1 1665/4/1 
f 1358/1/1 1616/7/1 1238/5/1 
f 1378/1/1 1551/7/1 1192/5/1 
f 1624/4/1 1391/1/1 1579/7/1 
f 1645/4/1 1417/1/1 1550/7/1 
f 1672/4/1 1616/5/1 1422/7/1 
f 1670/4/1 1594/5/1 1406/7/1 
f 1672/4/1 1616/5/1 1422/7/1 
f 1670/4/1 1594/5/1 1406/7/1 
f 1673/4/1 1570/5/1 1275/7/1 
f 1136/1/1 1620/7/1 1213/5/1 
f 1690/4/1 1402/1/1 1508/7/1 
f 1664/4/1 1564/5/1 1213/7/1 
f 1673/4/1 1401/1/1 1275/7/1 
f 1662/4/1 1309/1/1 1289/7/1 
f 1670/4/1 1299/1/1 1406/7/1 
f 1345/4/1 1418/1/1 1553/7/1 
f 1536/4/1 1368/1/1 1628/7/1 
f 1690/4/1 1551/5/1 1474/7/1 
f 1699/4/1 1628/5/1 1448/7/1 
f 1643/4/1 1642/5/1 1703/7/1 
f 1436/1/1 1564/7/1 1417/5/1 
f 1690/4/1 1378/1/1 1474/7/1 
f 1299/1/1 1594/7/1 1300/16/1 
f 1343/1/1 1454/7/1 1434/5/1 
f 1620/4/1 1326/1/1 1394/7/1 
f 1641/4/1 1326/1/1 1707/7/1 
f 1699/4/1 1628/5/1 1448/7/1 
f 1624/4/1 1391/1/1 1579/7/1 
f 1651/4/1 1650/5/1 1434/7/1 
f 1645/4/1 1621/5/1 1476/7/1 
f 1719/2/1 1720/13/1 1454/7/1 
f 1329/1/1 1519/7/1 1269/5/1 
f 1645/4/1 1621/5/1 1476/7/1 
f 1514/1/1 1536/7/1 1289/5/1 
f 1649/4/1 1553/5/1 1678/7/1 
f 1673/4/1 1392/1/1 1624/7/1 
f 1721/13/1 1703/7/1 1722/2/1 
f 1670/4/1 1192/1/1 1618/7/1 
f 1670/4/1 1299/1/1 1406/7/1 
f 1309/1/1 1256/7/1 1723/16/1 
f 1536/4/1 1368/1/1 1628/7/1 
f 1684/4/1 1589/5/1 1269/7/1 
f 1673/4/1 1392/1/1 1624/7/1 
f 1665/4/1 1579/5/1 1520/7/1 
f 1515/1/1 1621/7/1 1510/5/1 
f 1724/2/1 1127/1/1 1456/7/1 
f 1170/1/1 1589/7/1 1343/5/1 
f 1643/4/1 1660/1/1 1703/7/1 
f 1665/4/1 1167/1/1 1345/7/1 
f 1645/4/1 1621/5/1 1476/7/1 
f 1514/1/1 1536/7/1 1289/5/1 
f 1651/4/1 1650/5/1 1434/7/1 
f 1672/4/1 1616/5/1 1422/7/1 
f 1515/1/1 1621/7/1 1510/5/1 
f 1662/4/1 1256/5/1 1289/7/1 
f 1519/4/1 1299/1/1 1594/7/1 
f 1378/1/1 1474/7/1 1690/4/1 
f 1651/4/1 1725/10/1 1434/7/1 
f 1684/4/1 1170/1/1 1269/7/1 
f 1690/4/1 1402/1/1 1508/7/1 
f 1391/1/1 1520/7/1 1665/4/1 
f 1699/4/1 1368/1/1 1448/7/1 
f 1436/1/1 1564/7/1 1417/5/1 
f 1684/4/1 1170/1/1 1269/7/1 
f 1436/1/1 1213/7/1 1664/4/1 
f 1309/1/1 1256/7/1 1127/5/1 
f 1401/1/1 1570/7/1 1402/5/1 
f 1167/1/1 1345/7/1 1520/5/1 
f 1649/4/1 1553/5/1 1678/7/1 
f 1418/1/1 1553/7/1 1167/5/1 
f 1684/4/1 1589/5/1 1269/7/1 
f 1401/1/1 1570/7/1 1402/5/1 
f 1673/4/1 1570/5/1 1275/7/1 
f 1170/1/1 1589/7/1 1343/5/1 
f 1673/4/1 1570/5/1 1275/7/1 
f 1641/4/1 1326/1/1 1707/7/1 
f 1238/1/1 1534/7/1 1703/5/1 
f 1238/1/1 1534/7/1 1703/5/1 
f 1508/4/1 1402/5/1 1570/7/1 
f 1436/1/1 1664/4/1 1564/5/1 
f 1299/1/1 1406/7/1 1594/5/1 
f 1418/1/1 1678/7/1 1553/5/1 
f 1660/1/1 1643/4/1 1642/5/1 
f 1684/4/1 1269/5/1 1519/7/1 
f 1309/1/1 1662/4/1 1256/5/1 
f 1550/4/1 1417/5/1 1564/7/1 
f 1368/1/1 1448/7/1 1628/5/1 
f 1699/4/1 1448/5/1 1611/7/1 
f 1127/1/1 1672/4/1 1422/5/1 
f 1192/1/1 1670/4/1 1406/5/1 
f 1660/1/1 1703/7/1 1642/5/1 
f 1391/1/1 1624/4/1 1392/5/1 
f 1436/1/1 1213/7/1 1564/5/1 
f 1515/1/1 1476/7/1 1621/5/1 
f 1368/1/1 1448/7/1 1628/5/1 
f 1391/1/1 1624/4/1 1392/5/1 
f 1508/4/1 1402/5/1 1570/7/1 
f 1326/1/1 1620/4/1 1136/5/1 
f 1640/1/1 1434/7/1 1650/5/1 
f 1643/4/1 1703/5/1 1534/7/1 
f 1345/4/1 1167/5/1 1553/7/1 
f 1368/1/1 1699/4/1 1628/5/1 
f 1368/1/1 1699/4/1 1628/5/1 
f 1660/1/1 1703/7/1 1642/5/1 
f 1550/4/1 1417/5/1 1564/7/1 
f 1515/1/1 1476/7/1 1621/5/1 
f 1534/4/1 1238/5/1 1616/7/1 
f 1170/1/1 1684/4/1 1589/5/1 
f 1436/1/1 1664/4/1 1564/5/1 
f 1170/1/1 1684/4/1 1589/5/1 
f 1618/4/1 1192/5/1 1551/7/1 
f 1368/1/1 1536/4/1 1514/5/1 
f 1391/1/1 1520/7/1 1579/5/1 
f 1401/1/1 1275/7/1 1570/5/1 
f 1170/1/1 1269/7/1 1589/5/1 
f 1299/1/1 1670/4/1 1594/5/1 
f 1665/4/1 1520/5/1 1345/7/1 
f 1611/4/1 1510/5/1 1621/7/1 
f 1620/7/1 1664/4/1 1213/5/1 
f 1391/1/1 1520/7/1 1579/5/1 
f 1640/1/1 1434/7/1 1650/5/1 
f 1456/4/1 1127/5/1 1256/7/1 
f 1418/1/1 1678/7/1 1553/5/1 
f 1358/1/1 1534/4/1 1238/5/1 
f 1418/1/1 1345/4/1 1167/5/1 
f 1454/4/1 1726/10/1 1589/7/1 
f 1727/17/1 1723/16/1 1256/7/1 
f 1660/1/1 1722/2/1 1642/5/1 
f 1640/1/1 1434/7/1 1650/5/1 
f 1401/1/1 1673/4/1 1570/5/1 
f 1299/1/1 1406/7/1 1594/5/1 
f 1402/1/1 1690/4/1 1474/5/1 
f 1299/1/1 1670/4/1 1594/5/1 
f 1684/4/1 1269/5/1 1519/7/1 
f 1640/1/1 1434/7/1 1650/5/1 
f 1358/1/1 1422/7/1 1728/14/1 
f 1378/1/1 1690/4/1 1551/5/1 
f 1127/1/1 1724/2/1 1422/5/1 
f 1343/1/1 1719/2/1 1434/5/1 
f 1326/1/1 1641/4/1 1394/5/1 
f 1519/4/1 1329/5/1 1594/7/1 
f 1326/1/1 1641/4/1 1394/5/1 
f 1664/4/1 1213/5/1 1620/7/1 
f 1611/4/1 1510/5/1 1621/7/1 
f 1454/4/1 1343/5/1 1589/7/1 
f 1651/4/1 1434/5/1 1454/7/1 
f 1358/1/1 1422/7/1 1616/5/1 
f 1643/4/1 1703/5/1 1534/7/1 
f 1299/1/1 1519/4/1 1329/5/1 
f 1401/1/1 1275/7/1 1570/5/1 
f 1378/1/1 1690/4/1 1551/5/1 
f 1515/1/1 1476/7/1 1621/5/1 
f 1401/1/1 1275/7/1 1570/5/1 
f 1662/4/1 1289/5/1 1536/7/1 
f 1662/4/1 1289/5/1 1536/7/1 
f 1358/1/1 1422/7/1 1616/5/1 
f 1326/1/1 1620/4/1 1136/5/1 
f 1436/1/1 1213/7/1 1564/5/1 
f 1670/4/1 1406/5/1 1618/7/1 
f 1309/1/1 1289/7/1 1256/5/1 
f 1358/1/1 1422/7/1 1616/5/1 
f 1170/1/1 1269/7/1 1589/5/1 
f 1417/1/1 1645/4/1 1476/5/1 
f 1309/1/1 1289/7/1 1256/5/1 
f 1392/1/1 1673/4/1 1275/5/1 
f 1391/1/1 1665/4/1 1579/5/1 
f 1368/1/1 1536/4/1 1514/5/1 
f 1699/4/1 1448/5/1 1611/7/1 
f 1309/1/1 1289/7/1 1256/5/1 
f 1618/4/1 1192/5/1 1551/7/1 
f 1402/1/1 1690/4/1 1474/5/1 
f 1167/1/1 1665/4/1 1520/5/1 
f 1391/1/1 1665/4/1 1579/5/1 
f 1378/1/1 1690/4/1 1551/5/1 
f 1392/1/1 1673/4/1 1275/5/1 
f 1417/1/1 1645/4/1 1476/5/1 
f 1378/1/1 1474/7/1 1551/5/1 
f 1515/1/1 1476/7/1 1621/5/1 
f 1381/1/1 1486/7/1 1272/5/1 
f 1522/1/1 1580/7/1 1318/5/1 
f 1380/1/1 1633/7/1 1381/5/1 
f 1501/1/1 1575/7/1 1361/5/1 
f 1380/1/1 1633/7/1 1381/5/1 
f 1729/17/1 1501/1/1 1575/7/1 
f 1169/1/1 1623/7/1 1224/5/1 
f 1168/1/1 1571/7/1 1169/5/1 
f 1168/1/1 1571/7/1 1169/5/1 
f 1478/1/1 1613/7/1 1321/5/1 
f 1321/1/1 1730/9/1 1505/5/1 
f 1478/1/1 1731/2/1 1321/5/1 
f 1321/1/1 1732/2/1 1505/5/1 
f 1473/1/1 1638/7/1 1316/5/1 
f 1361/1/1 1524/7/1 1210/5/1 
f 1473/1/1 1638/7/1 1316/5/1 
f 1522/1/1 1580/7/1 1318/5/1 
f 1318/1/1 1253/7/1 1286/5/1 
f 1316/1/1 1446/7/1 1490/5/1 
f 1169/1/1 1623/7/1 1224/5/1 
f 1381/1/1 1486/7/1 1272/5/1 
f 1316/1/1 1446/7/1 1490/5/1 
f 1361/1/1 1524/7/1 1210/5/1 
f 1253/7/1 1733/17/1 1318/1/1 
f 1489/1/1 1245/7/1 1172/5/1 
f 1661/4/1 1558/5/1 1239/7/1 
f 1158/1/1 1312/7/1 1239/5/1 
f 1697/4/1 1575/5/1 1682/7/1 
f 1654/4/1 1590/5/1 1172/7/1 
f 1700/4/1 1208/1/1 1674/7/1 
f 1654/4/1 1590/5/1 1172/7/1 
f 1424/1/1 1558/7/1 1390/5/1 
f 1365/1/1 1356/7/1 1177/5/1 
f 1694/4/1 1555/5/1 1696/7/1 
f 1661/4/1 1558/5/1 1239/7/1 
f 1648/4/1 1638/5/1 1224/7/1 
f 1658/4/1 1580/5/1 1210/7/1 
f 1686/4/1 1685/5/1 1490/7/1 
f 1656/4/1 1655/5/1 1140/7/1 
f 1610/4/1 1424/1/1 1558/7/1 
f 1656/4/1 1655/5/1 1140/7/1 
f 1680/4/1 1613/5/1 1286/7/1 
f 1268/1/1 1582/7/1 1511/5/1 
f 1654/4/1 1590/5/1 1172/7/1 
f 1489/1/1 1245/7/1 1172/5/1 
f 1545/1/1 1439/7/1 1504/5/1 
f 1667/4/1 1633/5/1 1505/7/1 
f 1697/4/1 1575/5/1 1682/7/1 
f 1694/4/1 1555/5/1 1696/7/1 
f 1525/1/1 1555/7/1 1489/5/1 
f 1312/4/1 1208/1/1 1583/7/1 
f 1648/4/1 1638/5/1 1224/7/1 
f 1390/1/1 1610/7/1 1696/5/1 
f 1686/4/1 1734/10/1 1490/7/1 
f 1208/1/1 1583/7/1 1158/5/1 
f 1661/4/1 1558/5/1 1239/7/1 
f 1679/4/1 1735/12/1 1511/7/1 
f 1686/4/1 1685/5/1 1490/7/1 
f 1658/4/1 1580/5/1 1210/7/1 
f 1537/1/1 1590/7/1 1268/5/1 
f 1679/4/1 1356/5/1 1511/7/1 
f 1679/4/1 1356/5/1 1511/7/1 
f 1667/4/1 1380/1/1 1505/7/1 
f 1736/17/1 1380/1/1 1505/7/1 
f 1737/6/1 1286/7/1 1680/4/1 
f 1504/1/1 1250/7/1 1140/5/1 
f 1668/4/1 1439/5/1 1538/7/1 
f 1668/4/1 1738/8/1 1538/7/1 
f 1365/1/1 1356/7/1 1177/5/1 
f 1658/4/1 1522/1/1 1210/7/1 
f 1694/4/1 1525/1/1 1696/7/1 
f 1390/1/1 1610/7/1 1696/5/1 
f 1739/13/1 1286/7/1 1740/17/1 
f 1658/4/1 1741/12/1 1210/7/1 
f 1680/4/1 1739/13/1 1286/7/1 
f 1700/4/1 1583/5/1 1674/7/1 
f 1177/1/1 1354/7/1 1538/5/1 
f 1679/4/1 1356/5/1 1511/7/1 
f 1656/4/1 1655/5/1 1140/7/1 
f 1648/4/1 1473/1/1 1224/7/1 
f 1686/4/1 1685/5/1 1490/7/1 
f 1694/4/1 1742/10/1 1696/7/1 
f 1158/1/1 1312/7/1 1239/5/1 
f 1667/4/1 1380/1/1 1505/7/1 
f 1646/4/1 1168/1/1 1272/7/1 
f 1654/4/1 1590/5/1 1172/7/1 
f 1545/1/1 1439/7/1 1504/5/1 
f 1648/4/1 1638/5/1 1224/7/1 
f 1525/1/1 1555/7/1 1489/5/1 
f 1268/1/1 1582/7/1 1511/5/1 
f 1668/4/1 1439/5/1 1538/7/1 
f 1646/4/1 1571/5/1 1272/7/1 
f 1668/4/1 1439/5/1 1538/7/1 
f 1177/1/1 1354/7/1 1538/5/1 
f 1646/4/1 1571/5/1 1272/7/1 
f 1504/1/1 1250/7/1 1140/5/1 
f 1661/4/1 1558/5/1 1239/7/1 
f 1646/4/1 1571/5/1 1272/7/1 
f 1656/4/1 1655/5/1 1140/7/1 
f 1537/1/1 1590/7/1 1268/5/1 
f 1473/1/1 1224/7/1 1638/5/1 
f 1380/1/1 1505/7/1 1633/5/1 
f 1168/1/1 1272/7/1 1571/5/1 
f 1354/4/1 1177/5/1 1356/7/1 
f 1694/4/1 1696/5/1 1610/7/1 
f 1522/1/1 1210/7/1 1580/5/1 
f 1446/4/1 1316/5/1 1638/7/1 
f 1661/4/1 1239/5/1 1312/7/1 
f 1486/4/1 1381/5/1 1633/7/1 
f 1646/4/1 1272/5/1 1486/7/1 
f 1245/4/1 1489/5/1 1555/7/1 
f 1312/4/1 1158/5/1 1583/7/1 
f 1380/1/1 1667/4/1 1633/5/1 
f 1623/4/1 1169/5/1 1571/7/1 
f 1653/1/1 1490/7/1 1685/5/1 
f 1208/1/1 1674/7/1 1583/5/1 
f 1250/4/1 1504/5/1 1439/7/1 
f 1168/1/1 1646/4/1 1571/5/1 
f 1623/4/1 1169/5/1 1571/7/1 
f 1680/4/1 1286/5/1 1253/7/1 
f 1501/1/1 1682/7/1 1575/5/1 
f 1610/4/1 1390/5/1 1558/7/1 
f 1545/1/1 1538/7/1 1439/5/1 
f 1582/4/1 1268/5/1 1590/7/1 
f 1695/1/1 1140/7/1 1655/5/1 
f 1648/4/1 1224/5/1 1623/7/1 
f 1545/1/1 1538/7/1 1439/5/1 
f 1668/4/1 1538/5/1 1354/7/1 
f 1525/1/1 1696/7/1 1555/5/1 
f 1654/4/1 1172/5/1 1245/7/1 
f 1501/1/1 1682/7/1 1575/5/1 
f 1365/1/1 1511/7/1 1356/5/1 
f 1694/4/1 1696/5/1 1610/7/1 
f 1667/4/1 1633/5/1 1380/1/1 
f 1668/4/1 1538/5/1 1354/7/1 
f 1524/4/1 1361/5/1 1575/7/1 
f 1695/1/1 1140/7/1 1655/5/1 
f 1365/1/1 1511/7/1 1356/5/1 
f 1253/4/1 1318/5/1 1580/7/1 
f 1661/4/1 1239/5/1 1312/7/1 
f 1537/1/1 1172/7/1 1590/5/1 
f 1265/4/1 1321/5/1 1258/9/1 
f 1743/17/1 1210/5/1 1524/7/1 
f 1365/1/1 1511/7/1 1356/5/1 
f 1653/1/1 1490/7/1 1685/5/1 
f 1741/12/1 1522/1/1 1210/7/1 
f 1730/9/1 1744/17/1 1505/5/1 
f 1318/1/1 1733/17/1 1286/5/1 
f 1582/4/1 1745/10/1 1590/7/1 
f 1501/1/1 1729/17/1 1361/5/1 
f 1537/1/1 1172/7/1 1746/14/1 
f 1424/1/1 1610/4/1 1390/5/1 
f 1478/1/1 1680/4/1 1613/5/1 
f 1424/1/1 1239/7/1 1558/5/1 
f 1653/1/1 1490/7/1 1685/5/1 
f 1525/1/1 1694/4/1 1555/5/1 
f 1473/1/1 1224/7/1 1638/5/1 
f 1354/4/1 1747/12/1 1356/7/1 
f 1680/4/1 1613/5/1 1739/13/1 
f 1680/4/1 1613/5/1 1739/13/1 
f 1525/1/1 1696/7/1 1555/5/1 
f 1730/9/1 1744/17/1 1505/5/1 
f 1168/1/1 1272/7/1 1571/5/1 
f 1265/4/1 1321/5/1 1258/9/1 
f 1658/4/1 1210/5/1 1524/7/1 
f 1648/4/1 1224/5/1 1623/7/1 
f 1686/4/1 1490/5/1 1446/7/1 
f 1473/1/1 1648/4/1 1638/5/1 
f 1208/1/1 1700/4/1 1583/5/1 
f 1424/1/1 1239/7/1 1558/5/1 
f 1656/4/1 1140/5/1 1250/7/1 
f 1168/1/1 1272/7/1 1571/5/1 
f 1656/4/1 1140/5/1 1250/7/1 
f 1537/1/1 1172/7/1 1590/5/1 
f 1208/1/1 1312/4/1 1158/5/1 
f 1380/1/1 1667/4/1 1633/5/1 
f 1545/1/1 1538/7/1 1439/5/1 
f 1695/1/1 1140/7/1 1655/5/1 
f 1653/1/1 1490/7/1 1685/5/1 
f 1424/1/1 1239/7/1 1558/5/1 
f 1686/4/1 1490/5/1 1446/7/1 
f 1679/4/1 1511/5/1 1582/7/1 
f 1478/1/1 1286/7/1 1613/5/1 
f 1525/1/1 1696/7/1 1555/5/1 
f 1446/4/1 1316/5/1 1638/7/1 
f 1253/4/1 1318/5/1 1580/7/1 
f 1365/1/1 1511/7/1 1356/5/1 
f 1654/4/1 1172/5/1 1245/7/1 
f 1679/4/1 1511/5/1 1582/7/1 
f 1537/1/1 1172/7/1 1590/5/1 
f 1424/1/1 1239/7/1 1558/5/1 
f 1646/4/1 1272/5/1 1486/7/1 
f 1695/1/1 1140/7/1 1655/5/1 
f 1545/1/1 1538/7/1 1439/5/1 
f 1245/4/1 1489/5/1 1555/7/1 
f 1473/1/1 1224/7/1 1638/5/1 
f 1250/4/1 1504/5/1 1439/7/1 
f 1522/1/1 1210/7/1 1580/5/1 
f 1486/4/1 1381/5/1 1633/7/1 
f 1522/1/1 1658/4/1 1580/5/1 
f 1321/1/1 1265/7/1 1732/2/1 
f 1478/1/1 1613/7/1 1731/2/1 
f 1613/7/1 1731/2/1 1321/5/1 
f 1321/1/1 1265/7/1 1732/2/1 
f 1258/9/1 1321/5/1 1731/2/1 
f 1732/2/1 1730/9/1 1505/5/1 
f 1731/2/1 1258/9/1 1321/5/1 
f 1732/2/1 1730/9/1 1321/1/1 
f 1739/13/1 1740/17/1 1680/4/1 
f 1715/16/1 1692/17/1 1198/5/1 
f 1676/15/1 1667/7/1 1232/5/1 
f 1667/4/1 1505/5/1 1744/17/1 
f 1681/16/1 1538/4/1 1545/5/1 
usemtl Material__2
f 1171/8/1 1343/5/1 1162/7/1 
usemtl Material__3
f 1742/10/1 1555/5/1 1696/7/1 
f 1698/15/1 1690/7/1 1400/5/1 
f 1512/4/1 1145/5/1 1688/17/1 
f 1173/4/1 1232/5/1 1666/17/1 
f 1643/4/1 1642/5/1 1722/2/1 
usemtl Material__2
f 1423/8/1 1677/5/1 1125/7/1 
f 1615/14/1 1125/7/1 1677/5/1 
usemtl Material__3
f 1644/16/1 1643/7/1 1639/5/1 
f 1478/1/1 1739/13/1 1613/5/1 
f 1688/17/1 1571/1/1 1689/11/1 
usemtl Material__2
f 1188/4/1 1581/5/1 1297/2/1 
usemtl Material__3
f 1478/1/1 1739/13/1 1613/5/1 
usemtl Material__2
f 1328/12/1 1554/5/1 1329/7/1 
usemtl Material__3
f 1747/12/1 1748/10/1 1356/7/1 
f 1748/10/1 1177/5/1 1356/7/1 
f 1300/16/1 1594/7/1 1329/5/1 
f 1651/4/1 1434/5/1 1719/2/1 
usemtl Material__2
f 1749/4/1 1619/5/1 1412/2/1 
usemtl Material__3
f 1636/4/1 1461/5/1 1647/17/1 
f 1671/15/1 1273/4/1 1155/5/1 
usemtl Material__2
f 1614/14/1 1230/7/1 1486/5/1 
f 1337/8/1 1565/5/1 1338/7/1 
usemtl Material__3
f 1713/10/1 1537/5/1 1173/7/1 
f 1451/15/1 1477/7/1 1515/5/1 
f 1672/4/1 1422/5/1 1724/2/1 
f 1687/15/1 1686/7/1 1691/5/1 
f 1259/15/1 1211/7/1 1522/5/1 
f 1734/10/1 1685/5/1 1490/7/1 
f 1738/8/1 1439/5/1 1538/7/1 
f 1680/4/1 1478/1/1 1737/6/1 
f 1728/14/1 1422/7/1 1616/5/1 
usemtl Material__2
f 1234/10/1 1610/5/1 1235/7/1 
f 1200/10/1 1609/5/1 1201/7/1 
f 1348/2/1 1602/4/1 1347/13/1 
usemtl Material__3
f 1708/10/1 1433/5/1 1661/7/1 
usemtl Material__2
f 1307/12/1 1369/5/1 1308/7/1 
usemtl Material__3
f 1701/15/1 1661/7/1 1433/5/1 
f 1380/1/1 1736/17/1 1667/4/1 
f 1693/16/1 1626/7/1 1660/5/1 
f 1712/8/1 1357/5/1 1679/7/1 
f 1746/14/1 1172/7/1 1590/5/1 
f 1702/16/1 1680/7/1 1148/5/1 
usemtl Material__2
f 1189/4/1 1581/1/1 1187/11/1 
f 1576/16/1 1261/7/1 1260/5/1 
f 1605/1/1 1366/12/1 1177/5/1 
f 1297/2/1 1590/1/1 1295/11/1 
f 1585/14/1 1130/7/1 1129/5/1 
usemtl Material__3
f 1745/10/1 1268/5/1 1590/7/1 
f 1524/4/1 1361/5/1 1729/17/1 
usemtl Material__2
f 1144/10/1 1152/5/1 1145/7/1 
f 1572/14/1 1145/7/1 1152/5/1 
usemtl Material__3
f 1718/16/1 1519/7/1 1269/5/1 
f 1680/4/1 1286/5/1 1733/17/1 
f 1719/2/1 1343/1/1 1720/13/1 
usemtl Material__2
f 1130/4/1 1606/1/1 1335/6/1 
f 1176/10/1 1539/5/1 1177/7/1 
f 1696/4/1 1593/5/1 1352/2/1 
f 1437/8/1 1560/5/1 1438/7/1 
usemtl Material__3
f 1566/4/1 1198/5/1 1692/17/1 
usemtl Material__2
f 1629/16/1 1400/7/1 1399/5/1 
usemtl Material__3
f 1711/8/1 1652/5/1 1651/7/1 
f 1725/10/1 1650/5/1 1434/7/1 
f 1667/4/1 1505/5/1 1744/17/1 
f 1722/2/1 1660/1/1 1721/13/1 
usemtl Material__2
f 1703/4/1 1626/5/1 1370/2/1 
f 1252/1/1 1389/12/1 1350/5/1 
usemtl Material__3
f 1522/1/1 1741/12/1 1580/5/1 
usemtl Material__2
f 1460/10/1 1548/5/1 1461/7/1 
f 1599/15/1 1133/7/1 1132/5/1 
usemtl Material__3
f 1327/15/1 1663/7/1 1326/5/1 
usemtl Material__2
f 1602/4/1 1182/1/1 1347/13/1 
usemtl Material__3
f 1709/12/1 1326/5/1 1663/7/1 
usemtl Material__2
f 1574/15/1 1377/7/1 1376/5/1 
f 1412/2/1 1528/1/1 1413/13/1 
usemtl Material__3
f 1735/12/1 1356/5/1 1511/7/1 
f 1723/16/1 1727/17/1 1127/5/1 
f 1456/4/1 1127/5/1 1727/17/1 
f 1658/4/1 1210/5/1 1743/17/1 
f 1726/10/1 1343/5/1 1589/7/1 
usemtl Material__2
f 1300/8/1 1329/5/1 1196/7/1 
f 1750/1/1 1751/7/1 1752/4/1 
f 1753/4/1 1754/5/1 1755/7/1 
f 1756/4/1 1757/5/1 1758/7/1 
f 1759/4/1 1760/5/1 1761/7/1 
f 1762/4/1 1763/10/1 1764/7/1 
f 1765/4/1 1766/1/1 1767/7/1 
f 1768/4/1 1769/1/1 1762/7/1 
f 1770/4/1 1771/5/1 1772/7/1 
f 1773/4/1 1774/5/1 1775/7/1 
f 1776/4/1 1777/5/1 1778/7/1 
f 1779/4/1 1780/5/1 1770/7/1 
f 1781/4/1 1782/5/1 1783/7/1 
f 1784/4/1 1785/10/1 1786/7/1 
f 1787/4/1 1788/1/1 1789/7/1 
f 1790/4/1 1791/5/1 1792/7/1 
f 1793/4/1 1794/5/1 1795/7/1 
f 1796/11/1 1797/7/1 1601/4/1 
f 1798/7/1 1799/4/1 1800/5/1 
f 1801/4/1 1802/10/1 1803/7/1 
f 1804/7/1 1805/4/1 1806/1/1 
f 1807/4/1 1775/5/1 1808/7/1 
f 1809/4/1 1810/5/1 1811/7/1 
f 1812/4/1 1813/5/1 1814/7/1 
f 1815/4/1 1816/5/1 1817/7/1 
f 1818/1/1 1819/7/1 1820/4/1 
f 1821/4/1 1822/5/1 1823/7/1 
f 1416/4/1 1824/10/1 1825/7/1 
f 1826/4/1 1827/5/1 1773/7/1 
f 1569/4/1 1828/5/1 1829/7/1 
f 1588/4/1 1830/5/1 1831/7/1 
f 1832/4/1 1833/5/1 1834/7/1 
f 1835/4/1 1836/5/1 1767/7/1 
f 1837/4/1 1838/5/1 1839/7/1 
f 1766/4/1 1840/5/1 1835/7/1 
f 1841/4/1 1842/5/1 1843/7/1 
f 1844/4/1 1845/5/1 1846/7/1 
f 1847/4/1 1848/5/1 1849/7/1 
f 1850/4/1 1851/5/1 1852/7/1 
f 1853/4/1 1854/5/1 1789/7/1 
f 1855/4/1 1856/5/1 1857/7/1 
f 1858/7/1 1859/4/1 1860/5/1 
f 1861/11/1 1308/7/1 1862/2/1 
f 1863/4/1 1768/1/1 1764/7/1 
f 1864/4/1 1865/5/1 1866/7/1 
f 1557/4/1 1867/5/1 1868/7/1 
f 1869/4/1 1870/5/1 1871/7/1 
f 1857/4/1 1872/5/1 1873/7/1 
f 1874/4/1 1875/1/1 1876/7/1 
f 1877/4/1 1878/5/1 1839/7/1 
f 1879/4/1 1880/5/1 1881/7/1 
f 1758/4/1 1882/6/1 1883/7/1 
f 1884/4/1 1885/5/1 1820/7/1 
f 1886/4/1 1887/5/1 1888/7/1 
f 1889/13/1 1790/7/1 1890/2/1 
f 1804/4/1 1806/5/1 1891/7/1 
f 1892/1/1 1893/7/1 1894/2/1 
f 1573/4/1 1895/5/1 1896/7/1 
f 1896/4/1 1897/1/1 1377/7/1 
f 1811/4/1 1898/5/1 1899/7/1 
f 1900/4/1 1901/5/1 1902/7/1 
f 1903/4/1 1904/12/1 1863/7/1 
f 1808/4/1 1905/5/1 1852/7/1 
f 1906/4/1 1907/5/1 1908/7/1 
f 1909/4/1 1910/5/1 1814/7/1 
f 1911/4/1 1912/5/1 1913/7/1 
f 1893/4/1 1914/12/1 1915/7/1 
f 1916/1/1 1917/7/1 1918/4/1 
f 1913/4/1 1919/5/1 1920/7/1 
f 1921/7/1 1922/4/1 1923/1/1 
f 1846/4/1 1924/5/1 1912/7/1 
f 1925/2/1 1926/13/1 1927/7/1 
f 1928/4/1 1915/5/1 1929/7/1 
f 1866/4/1 1930/5/1 1931/7/1 
f 1834/4/1 1932/5/1 1933/7/1 
f 1825/4/1 1934/5/1 1385/7/1 
f 1755/4/1 1935/8/1 1936/7/1 
f 1917/4/1 1916/5/1 1920/7/1 
f 1831/4/1 1937/1/1 1408/7/1 
f 1938/4/1 1939/5/1 1823/7/1 
f 1940/4/1 1941/5/1 1942/7/1 
f 1788/4/1 1943/5/1 1853/7/1 
f 1944/4/1 1878/1/1 1877/7/1 
f 1945/4/1 1946/5/1 1772/7/1 
f 1942/4/1 1947/10/1 1948/7/1 
f 1849/4/1 1949/5/1 1950/7/1 
f 1922/7/1 1951/4/1 1952/5/1 
f 1953/4/1 1954/5/1 1948/7/1 
f 1955/4/1 1956/5/1 1801/7/1 
f 1795/4/1 1957/5/1 1958/7/1 
f 1959/1/1 1787/7/1 1960/4/1 
f 1961/4/1 1910/1/1 1909/7/1 
f 1829/4/1 1962/5/1 1453/7/1 
f 1963/4/1 1964/5/1 1906/7/1 
f 1965/1/1 1966/7/1 1778/4/1 
f 1967/4/1 1968/5/1 1821/7/1 
f 1783/4/1 1969/5/1 1970/7/1 
f 1971/4/1 1972/5/1 1869/7/1 
f 1888/4/1 1973/5/1 1974/7/1 
f 1975/4/1 1976/5/1 1799/7/1 
f 1929/4/1 1977/5/1 1933/7/1 
f 1978/4/1 1899/5/1 1979/7/1 
f 1761/4/1 1980/5/1 1981/7/1 
f 1982/4/1 1983/1/1 1874/7/1 
f 1817/4/1 1984/5/1 1780/7/1 
f 1875/4/1 1985/5/1 1812/7/1 
f 1986/4/1 1987/5/1 1841/7/1 
f 1858/4/1 1988/5/1 1989/7/1 
f 1990/4/1 1991/5/1 1945/7/1 
f 1992/4/1 1873/5/1 1837/7/1 
f 1993/4/1 1994/5/1 1850/7/1 
f 1995/4/1 1970/5/1 1765/7/1 
f 1902/4/1 1996/5/1 1997/7/1 
f 1927/4/1 1998/5/1 1999/7/1 
f 2000/4/1 2001/5/1 1752/7/1 
f 2002/4/1 1939/1/1 1938/7/1 
f 2003/4/1 2004/1/1 1784/7/1 
f 1979/4/1 2005/5/1 1974/7/1 
f 1868/4/1 2006/5/1 1338/7/1 
f 2007/4/1 1981/5/1 1953/7/1 
f 2008/4/1 2009/5/1 1879/7/1 
f 1949/1/1 1849/7/1 1848/5/1 
f 1988/1/1 1858/7/1 1860/5/1 
f 1766/1/1 1970/7/1 1969/5/1 
f 2010/1/1 1942/7/1 1941/5/1 
f 1937/1/1 1831/4/1 2011/5/1 
f 1940/1/1 1981/7/1 1980/5/1 
f 2012/1/1 1920/7/1 1916/5/1 
f 1872/1/1 1857/7/1 1856/5/1 
f 2013/1/1 1974/7/1 1973/5/1 
f 1905/1/1 1808/7/1 1775/5/1 
f 1990/1/1 1780/7/1 1984/5/1 
f 1832/1/1 1933/7/1 1977/5/1 
f 2006/1/1 1868/7/1 1867/5/1 
f 2014/1/1 1453/7/1 1962/5/1 
f 1967/1/1 1823/7/1 1939/5/1 
f 1898/1/1 1811/7/1 1810/5/1 
f 1939/1/1 2002/4/1 1843/5/1 
f 2015/1/1 1385/7/1 1934/5/1 
f 2016/1/1 1997/7/1 1996/5/1 
f 2017/1/1 1755/7/1 1754/5/1 
f 1768/1/1 1786/7/1 2004/5/1 
f 1993/1/1 1775/7/1 1774/5/1 
f 2018/1/1 1922/7/1 1952/5/1 
f 1875/1/1 1814/7/1 1910/5/1 
f 1967/1/1 1843/7/1 1842/5/1 
f 1930/1/1 1866/7/1 1865/5/1 
f 1818/1/1 1820/4/1 2019/5/1 
f 2019/1/1 1820/7/1 1885/5/1 
f 1774/1/1 1773/7/1 1827/5/1 
f 2020/1/1 1881/7/1 1880/5/1 
f 2021/1/1 1814/7/1 1813/5/1 
f 1957/1/1 1795/7/1 1794/5/1 
f 1880/1/1 1879/7/1 2009/5/1 
f 2022/1/1 1764/7/1 2023/14/1 
f 2024/1/1 1852/7/1 1851/5/1 
f 1984/1/1 1817/7/1 1816/5/1 
f 1944/1/1 1839/7/1 2025/16/1 
f 1851/1/1 1850/7/1 1994/5/1 
f 2026/1/1 1999/7/1 1998/5/1 
f 1836/1/1 1835/7/1 1840/5/1 
f 2027/1/1 1839/7/1 1878/5/1 
f 1914/12/1 1832/1/1 1915/7/1 
f 1854/1/1 1853/7/1 1943/5/1 
f 2028/1/1 1933/7/1 1932/5/1 
f 2029/1/1 1601/4/1 2030/5/1 
f 1962/1/1 1829/7/1 1828/5/1 
f 2031/1/1 1338/7/1 2006/5/1 
f 2032/1/1 1758/7/1 2033/14/1 
f 2034/1/1 1752/7/1 2001/5/1 
f 2035/1/1 1789/7/1 1854/5/1 
f 2036/1/1 1862/2/1 2029/5/1 
f 1923/1/1 1922/4/1 2018/5/1 
f 1965/1/1 1778/4/1 2037/5/1 
f 2038/1/1 1936/7/1 2017/5/1 
f 1892/1/1 1894/2/1 2039/5/1 
f 2040/1/1 1772/7/1 1946/5/1 
f 2041/1/1 1931/7/1 1930/5/1 
f 1907/1/1 1906/7/1 1964/5/1 
f 1806/1/1 1805/4/1 2042/5/1 
f 1766/1/1 1765/4/1 2043/5/1 
f 1910/1/1 1961/4/1 1876/5/1 
f 1940/1/1 1948/7/1 1954/5/1 
f 1944/1/1 1873/7/1 1872/5/1 
f 1897/1/1 1896/4/1 2044/5/1 
f 1969/1/1 1783/7/1 1782/5/1 
f 1791/1/1 2045/4/1 2046/5/1 
f 1870/1/1 1869/7/1 1972/5/1 
f 1993/1/1 1852/7/1 1905/5/1 
f 2047/1/1 1950/7/1 1949/5/1 
f 2011/1/1 1831/7/1 1830/5/1 
f 1768/1/1 1863/4/1 2048/5/1 
f 2049/1/1 1758/4/1 2032/5/1 
f 1980/1/1 1761/7/1 1760/5/1 
f 1904/12/1 2048/1/1 1863/7/1 
f 2050/1/1 1803/7/1 2051/5/1 
f 1934/1/1 1825/7/1 2052/5/1 
f 2053/1/1 1989/7/1 1988/5/1 
f 2054/1/1 1767/7/1 1836/5/1 
f 1875/1/1 1874/4/1 1983/5/1 
f 1822/1/1 1821/7/1 2055/14/1 
f 1990/1/1 1772/7/1 1771/5/1 
f 1838/1/1 1837/7/1 1873/5/1 
f 1842/1/1 1841/7/1 1987/5/1 
f 1813/1/1 1812/7/1 1985/5/1 
f 1996/1/1 1902/7/1 1901/5/1 
f 1918/1/1 1912/7/1 1924/5/1 
f 1886/1/1 1974/7/1 2005/5/1 
f 1771/1/1 1770/7/1 1780/5/1 
f 1916/1/1 1918/4/1 2056/5/1 
f 1998/1/1 1925/2/1 2057/5/1 
f 1954/1/1 1953/7/1 1981/5/1 
f 2058/1/1 1958/7/1 1957/5/1 
f 1932/1/1 1834/7/1 1833/5/1 
f 1973/1/1 1888/7/1 1887/5/1 
f 1946/1/1 1945/7/1 1991/5/1 
f 1977/1/1 1929/7/1 1915/5/1 
f 2037/1/1 1778/7/1 1777/5/1 
f 1800/1/1 1799/7/1 1976/5/1 
f 1769/1/1 1768/4/1 2059/5/1 
f 1878/1/1 1944/4/1 2060/5/1 
f 1919/1/1 1913/7/1 1912/5/1 
f 2005/1/1 1979/7/1 1899/5/1 
f 1886/1/1 1899/7/1 1898/5/1 
f 1788/1/1 1871/7/1 1870/5/1 
f 2043/1/1 1765/7/1 1970/5/1 
f 1983/1/1 1982/4/1 2061/5/1 
f 1788/1/1 1787/4/1 1959/5/1 
f 1918/1/1 1920/7/1 2062/16/1 
f 2051/1/1 1801/7/1 1956/5/1 
f 2063/1/1 1908/7/1 1907/5/1 
f 2064/1/1 1823/7/1 1822/5/1 
f 2065/1/1 1798/7/1 1800/5/1 
f 2066/1/1 1891/7/1 1806/5/1 
f 2004/1/1 2003/4/1 2067/5/1 
f 1959/1/1 1960/4/1 1871/5/1 
f 2068/1/1 1792/7/1 1791/5/1 
f 1924/1/1 1846/7/1 1845/5/1 
f 2044/1/1 1896/7/1 1895/5/1 
f 1750/1/1 1752/4/1 2034/5/1 
f 2069/1/1 1948/7/1 2010/5/1 
usemtl Material__3
f 1855/4/1 1814/1/1 1856/7/1 
f 1920/1/1 2061/7/1 1911/5/1 
f 2022/1/1 2070/7/1 1764/5/1 
f 1789/1/1 1816/7/1 1960/5/1 
f 2071/17/1 2069/1/1 2072/7/1 
f 2013/1/1 2073/7/1 1974/5/1 
f 2074/1/1 2075/7/1 2076/5/1 
f 2076/1/1 1972/7/1 2077/5/1 
f 1839/1/1 1810/7/1 1837/15/1 
f 1814/1/1 1856/7/1 1961/5/1 
f 2036/1/1 2078/7/1 1308/5/1 
f 2079/1/1 2080/7/1 1659/5/1 
f 1827/4/1 2028/1/1 2081/7/1 
f 2015/1/1 2082/7/1 1385/5/1 
f 2069/1/1 2072/7/1 1948/5/1 
f 1933/1/1 1827/7/1 1928/5/1 
f 1948/1/1 2067/7/1 2007/5/1 
f 1839/1/1 1810/7/1 1992/5/1 
f 2027/1/1 2083/7/1 1839/5/1 
f 2084/17/1 2064/1/1 2085/7/1 
f 1937/1/1 2086/7/1 1408/5/1 
f 1948/1/1 2067/7/1 2007/5/1 
f 2040/1/1 2087/7/1 2088/15/1 
f 2028/1/1 2081/7/1 1933/5/1 
f 1772/1/1 1845/7/1 1779/5/1 
f 2021/1/1 2089/7/1 1814/5/1 
f 1764/1/1 1987/7/1 1903/5/1 
f 2090/4/1 1852/1/1 2091/7/1 
f 2064/1/1 2085/7/1 2092/15/1 
f 1897/1/1 2093/7/1 1377/5/1 
f 1933/1/1 1827/7/1 1928/5/1 
f 2054/1/1 2094/7/1 1767/5/1 
f 1937/1/1 2086/7/1 1408/5/1 
f 1948/1/1 2067/7/1 2095/16/1 
f 1933/1/1 1827/7/1 1928/5/1 
f 1815/4/1 1789/1/1 1816/7/1 
f 2096/4/1 1974/1/1 2097/7/1 
f 1897/1/1 2093/7/1 1377/5/1 
f 1764/1/1 1987/7/1 1903/5/1 
f 2035/1/1 2098/7/1 1789/5/1 
f 2099/1/1 2100/7/1 2101/15/1 
f 2021/1/1 2089/7/1 1814/5/1 
f 2035/1/1 2098/7/1 1789/5/1 
f 2102/17/1 2103/11/1 2070/7/1 
f 2012/1/1 2104/7/1 1920/5/1 
f 2027/1/1 2083/7/1 1839/5/1 
f 2099/1/1 2100/7/1 2105/5/1 
f 1852/1/1 2091/7/1 1807/5/1 
f 2014/1/1 2106/7/1 1453/5/1 
f 1971/4/1 2076/1/1 1972/7/1 
f 2074/1/1 2075/7/1 2076/5/1 
f 1789/1/1 1816/7/1 1960/5/1 
f 2105/1/1 1760/7/1 2107/5/1 
f 1772/1/1 1845/7/1 1779/5/1 
f 2108/4/1 1767/1/1 2039/7/1 
f 2091/4/1 2024/1/1 2109/7/1 
f 2012/1/1 2104/7/1 2110/15/1 
f 2014/1/1 2106/7/1 1453/5/1 
f 2079/1/1 2080/7/1 1659/5/1 
f 1814/1/1 1856/7/1 1961/5/1 
f 2036/1/1 2078/7/1 1308/5/1 
f 1823/1/1 1782/7/1 2002/5/1 
f 1982/4/1 1920/1/1 2061/7/1 
f 2040/1/1 2087/7/1 1772/5/1 
f 2031/1/1 2111/7/1 1338/5/1 
f 1839/1/1 1810/7/1 1992/5/1 
f 2076/1/1 1972/7/1 2077/5/1 
f 1823/1/1 1782/7/1 2002/5/1 
f 1767/1/1 2039/7/1 1995/5/1 
f 1772/1/1 1845/7/1 1779/5/1 
f 1974/1/1 2097/7/1 1978/5/1 
f 1759/4/1 2105/1/1 1760/7/1 
f 2105/1/1 1760/7/1 2107/5/1 
f 2015/1/1 2082/7/1 2112/15/1 
f 1986/4/1 1764/1/1 1987/7/1 
f 1920/1/1 2061/7/1 1911/5/1 
f 1767/1/1 2039/7/1 1995/5/1 
f 2054/1/1 2094/7/1 2113/16/1 
f 1823/1/1 1782/7/1 2002/5/1 
f 1845/4/1 1772/5/1 2087/7/1 
f 1759/4/1 2107/5/1 1760/7/1 
f 1971/4/1 2077/5/1 1972/7/1 
f 2061/4/1 1920/5/1 2104/7/1 
f 2022/1/1 2102/17/1 1764/5/1 
f 2064/1/1 2084/17/1 1823/5/1 
f 1856/4/1 1814/5/1 2089/7/1 
f 1986/4/1 1903/5/1 1987/7/1 
f 1814/1/1 1855/4/1 1961/5/1 
f 1677/4/1 1408/5/1 2086/7/1 
f 1852/1/1 2090/4/1 1807/5/1 
f 2105/1/1 1759/4/1 2107/5/1 
f 1856/4/1 1814/5/1 2089/7/1 
f 1759/4/1 2107/5/1 1760/7/1 
f 2003/4/1 2007/5/1 2067/7/1 
f 2028/1/1 1827/4/1 1933/5/1 
f 1214/4/1 1385/5/1 2082/7/1 
f 2024/1/1 2091/4/1 1852/5/1 
f 1781/4/1 2002/5/1 1782/7/1 
f 1449/4/1 1308/5/1 2078/7/1 
f 2039/4/1 1767/5/1 2094/7/1 
f 1987/4/1 1764/5/1 2070/7/1 
f 1827/4/1 1933/5/1 2081/7/1 
f 1809/4/1 1992/5/1 1810/7/1 
f 1677/4/1 1408/5/1 2086/7/1 
f 1449/4/1 1308/5/1 2078/7/1 
f 1845/4/1 2088/15/1 2087/7/1 
f 1809/4/1 1992/5/1 1810/7/1 
f 1214/4/1 2114/10/1 2082/7/1 
f 1855/4/1 1961/5/1 1856/7/1 
f 2039/4/1 1767/5/1 2094/7/1 
f 1760/4/1 2105/5/1 2100/7/1 
f 2097/4/1 1974/5/1 2073/7/1 
f 2003/4/1 2007/5/1 2067/7/1 
f 1844/4/1 1779/5/1 1845/7/1 
f 2067/4/1 1948/5/1 2072/7/1 
f 1974/1/1 2096/4/1 1978/5/1 
f 1290/4/1 1377/5/1 2093/7/1 
f 2108/4/1 1995/5/1 2039/7/1 
f 1972/4/1 2115/8/1 2075/7/1 
f 2076/1/1 1971/4/1 2077/5/1 
f 1855/4/1 1961/5/1 1856/7/1 
f 1290/4/1 2116/8/1 2093/7/1 
f 1764/1/1 1986/4/1 1903/5/1 
f 2096/4/1 1978/5/1 2097/7/1 
f 1760/4/1 2105/5/1 2100/7/1 
f 1971/4/1 2077/5/1 1972/7/1 
f 1781/4/1 2117/10/1 1782/7/1 
f 2069/1/1 2071/17/1 1948/5/1 
f 1663/4/1 1338/5/1 2111/7/1 
f 2003/4/1 2095/16/1 2067/7/1 
f 1782/4/1 1823/5/1 2085/7/1 
f 1982/4/1 1911/5/1 2061/7/1 
f 1816/4/1 1789/5/1 2098/7/1 
f 1815/4/1 1960/5/1 1816/7/1 
f 1477/4/1 1453/5/1 2106/7/1 
f 1826/4/1 1928/5/1 1827/7/1 
f 1810/4/1 1839/5/1 2083/7/1 
f 1844/4/1 1779/5/1 1845/7/1 
f 1810/4/1 1839/5/1 2083/7/1 
f 1972/4/1 2076/5/1 2075/7/1 
f 2090/4/1 1807/5/1 2091/7/1 
f 2061/4/1 1920/5/1 2104/7/1 
f 1626/4/1 1659/5/1 2080/7/1 
f 1767/1/1 2108/4/1 1995/5/1 
f 1982/4/1 1911/5/1 2061/7/1 
f 1477/4/1 1453/5/1 2106/7/1 
f 1626/4/1 1659/5/1 2080/7/1 
f 1986/4/1 1903/5/1 1987/7/1 
f 1826/4/1 1928/5/1 1827/7/1 
f 1816/4/1 1789/5/1 2098/7/1 
f 1815/4/1 1960/5/1 1816/7/1 
f 1781/4/1 2002/5/1 1782/7/1 
f 2108/4/1 1995/5/1 2039/7/1 
f 1789/1/1 1815/4/1 1960/5/1 
f 1844/4/1 1779/5/1 1845/7/1 
f 1920/1/1 1982/4/1 1911/5/1 
f 1826/4/1 1928/5/1 1827/7/1 
f 1809/4/1 1992/5/1 1810/7/1 
f 2083/4/1 2027/5/1 2118/7/1 
f 2104/4/1 2119/1/1 2120/7/1 
f 2121/1/1 1991/7/1 2122/16/1 
f 2075/4/1 2074/5/1 2123/7/1 
f 2119/1/1 2012/7/1 2124/5/1 
f 2124/1/1 2056/7/1 2125/5/1 
f 2126/1/1 2118/7/1 2083/4/1 
f 2119/1/1 2012/7/1 2124/5/1 
f 2060/4/1 2126/1/1 2027/7/1 
f 2087/4/1 2040/5/1 2125/7/1 
f 2087/4/1 2040/5/1 2125/7/1 
f 2089/4/1 2021/5/1 2127/7/1 
f 2104/4/1 2128/1/1 1985/7/1 
f 2089/4/1 2129/1/1 2127/7/1 
f 2087/4/1 2130/1/1 2125/7/1 
f 1887/4/1 2131/1/1 2013/7/1 
f 2104/4/1 2012/5/1 2120/7/1 
f 2104/4/1 2119/1/1 2120/7/1 
f 2130/1/1 2040/7/1 2132/16/1 
f 2133/1/1 1943/7/1 2123/5/1 
f 2060/4/1 2126/1/1 2027/7/1 
f 2075/4/1 2074/5/1 2123/7/1 
f 2134/2/1 2135/13/1 1943/7/1 
f 2121/1/1 1991/7/1 2136/5/1 
f 2073/4/1 2013/5/1 2137/7/1 
f 2089/4/1 2138/1/1 2060/7/1 
f 2087/4/1 2124/1/1 2056/7/1 
f 2087/4/1 2130/1/1 2125/7/1 
f 2098/4/1 2035/5/1 2136/7/1 
f 2089/4/1 2138/1/1 2060/7/1 
f 2083/4/1 2027/5/1 2118/7/1 
f 2139/1/1 2035/7/1 2133/5/1 
f 2083/4/1 2140/1/1 1887/7/1 
f 2075/4/1 2074/5/1 2123/7/1 
f 1991/4/1 2130/1/1 2040/7/1 
f 2119/1/1 2120/7/1 2104/4/1 
f 2075/4/1 2141/10/1 2123/7/1 
f 2098/4/1 2139/1/1 2136/7/1 
f 2104/4/1 2128/1/1 1985/7/1 
f 2126/1/1 2118/7/1 2083/4/1 
f 2098/4/1 2139/1/1 2136/7/1 
f 2129/1/1 2021/7/1 2128/5/1 
f 2140/1/1 1887/7/1 2118/5/1 
f 2073/4/1 2013/5/1 2137/7/1 
f 2131/1/1 2013/7/1 2140/5/1 
f 2098/4/1 2035/5/1 2136/7/1 
f 2129/1/1 2021/7/1 2128/5/1 
f 2089/4/1 2021/5/1 2127/7/1 
f 2139/1/1 2035/7/1 2133/5/1 
f 2089/4/1 2021/5/1 2127/7/1 
f 1985/4/1 2128/5/1 2021/7/1 
f 2130/1/1 2125/7/1 2040/5/1 
f 2131/1/1 2137/7/1 2013/5/1 
f 2098/4/1 2136/5/1 1991/7/1 
f 2124/1/1 2087/4/1 2125/5/1 
f 2126/1/1 2060/4/1 2138/5/1 
f 2126/1/1 2060/4/1 2138/5/1 
f 1985/4/1 2128/5/1 2021/7/1 
f 2142/1/1 2123/7/1 2074/5/1 
f 1887/4/1 2140/5/1 2013/7/1 
f 2139/1/1 2098/4/1 2035/5/1 
f 2139/1/1 2098/4/1 2035/5/1 
f 2056/4/1 2124/5/1 2012/7/1 
f 2126/1/1 2118/7/1 2027/5/1 
f 2129/1/1 2127/7/1 2021/5/1 
f 2139/1/1 2136/7/1 2035/5/1 
f 2130/1/1 2087/4/1 2040/5/1 
f 2083/4/1 2118/5/1 1887/7/1 
f 2126/1/1 2118/7/1 2027/5/1 
f 2142/1/1 2123/7/1 2074/5/1 
f 2131/1/1 2137/7/1 2013/5/1 
f 2131/1/1 1887/4/1 2140/5/1 
f 1943/4/1 2143/10/1 2035/7/1 
f 2142/1/1 2123/7/1 2074/5/1 
f 2129/1/1 2089/4/1 2021/5/1 
f 2130/1/1 2125/7/1 2040/5/1 
f 2128/1/1 2104/4/1 2120/5/1 
f 2130/1/1 2087/4/1 2040/5/1 
f 2098/4/1 2136/5/1 1991/7/1 
f 2142/1/1 2123/7/1 2074/5/1 
f 2119/1/1 2104/4/1 2012/5/1 
f 2133/1/1 2134/2/1 2123/5/1 
f 1991/4/1 2121/5/1 2040/7/1 
f 1943/4/1 2133/5/1 2035/7/1 
f 2075/4/1 2123/5/1 1943/7/1 
f 2130/1/1 1991/4/1 2121/5/1 
f 2129/1/1 2127/7/1 2021/5/1 
f 2119/1/1 2104/4/1 2012/5/1 
f 2129/1/1 2127/7/1 2021/5/1 
f 2087/4/1 2125/5/1 2056/7/1 
f 2139/1/1 2136/7/1 2035/5/1 
f 2138/1/1 2089/4/1 2127/5/1 
f 2126/1/1 2083/4/1 2027/5/1 
f 2056/4/1 2124/5/1 2012/7/1 
f 2128/1/1 2104/4/1 2120/5/1 
f 2140/1/1 2083/4/1 2118/5/1 
f 2126/1/1 2083/4/1 2027/5/1 
f 2119/1/1 2104/4/1 2012/5/1 
f 2138/1/1 2089/4/1 2127/5/1 
f 2119/1/1 2120/7/1 2012/5/1 
f 1912/1/1 1968/7/1 1844/5/1 
f 1992/1/1 2028/7/1 1873/5/1 
f 1911/1/1 2064/7/1 1912/5/1 
f 1978/1/1 2024/7/1 1899/5/1 
f 1911/1/1 2064/7/1 1912/5/1 
f 2144/17/1 1978/1/1 2024/7/1 
f 1780/1/1 2059/7/1 1815/5/1 
f 1779/1/1 2022/7/1 1780/5/1 
f 1779/1/1 2022/7/1 1780/5/1 
f 1961/1/1 2054/7/1 1876/5/1 
f 1876/1/1 2145/9/1 1982/5/1 
f 1961/1/1 2146/2/1 1876/5/1 
f 1876/1/1 2147/2/1 1982/5/1 
f 1960/1/1 2069/7/1 1871/5/1 
f 1899/1/1 1994/7/1 1809/5/1 
f 1960/1/1 2069/7/1 1871/5/1 
f 1992/1/1 2028/7/1 1873/5/1 
f 1873/1/1 1833/7/1 1855/5/1 
f 1871/1/1 1941/7/1 1971/5/1 
f 1780/1/1 2059/7/1 1815/5/1 
f 1912/1/1 1968/7/1 1844/5/1 
f 1871/1/1 1941/7/1 1971/5/1 
f 1899/1/1 1994/7/1 1809/5/1 
f 1833/7/1 2148/17/1 1873/1/1 
f 1970/1/1 1828/7/1 1781/5/1 
f 2082/4/1 2015/5/1 1826/7/1 
f 1775/1/1 1867/7/1 1826/5/1 
f 2109/4/1 2024/5/1 2096/7/1 
f 2078/4/1 2036/5/1 1781/7/1 
f 2111/4/1 1807/1/1 2090/7/1 
f 2078/4/1 2036/5/1 1781/7/1 
f 1928/1/1 2015/7/1 1915/5/1 
f 1903/1/1 1897/7/1 1786/5/1 
f 2106/4/1 2014/5/1 2108/7/1 
f 2082/4/1 2015/5/1 1826/7/1 
f 2072/4/1 2069/5/1 1815/7/1 
f 2081/4/1 2028/5/1 1809/7/1 
f 2100/4/1 2099/5/1 1971/7/1 
f 2080/4/1 2079/5/1 1759/7/1 
f 2052/4/1 1928/1/1 2015/7/1 
f 2080/4/1 2079/5/1 1759/7/1 
f 2094/4/1 2054/5/1 1855/7/1 
f 1843/1/1 2030/7/1 1986/5/1 
f 2078/4/1 2036/5/1 1781/7/1 
f 1970/1/1 1828/7/1 1781/5/1 
f 2007/1/1 1937/7/1 1981/5/1 
f 2085/4/1 2064/5/1 1982/7/1 
f 2109/4/1 2024/5/1 2096/7/1 
f 2106/4/1 2014/5/1 2108/7/1 
f 1995/1/1 2014/7/1 1970/5/1 
f 1867/4/1 1807/1/1 2031/7/1 
f 2072/4/1 2069/5/1 1815/7/1 
f 1915/1/1 2052/7/1 2108/5/1 
f 2100/4/1 2149/10/1 1971/7/1 
f 1807/1/1 2031/7/1 1775/5/1 
f 2082/4/1 2015/5/1 1826/7/1 
f 2093/4/1 2150/12/1 1986/7/1 
f 2100/4/1 2099/5/1 1971/7/1 
f 2081/4/1 2028/5/1 1809/7/1 
f 2002/1/1 2036/7/1 1843/5/1 
f 2093/4/1 1897/5/1 1986/7/1 
f 2093/4/1 1897/5/1 1986/7/1 
f 2085/4/1 1911/1/1 1982/7/1 
f 2151/17/1 1911/1/1 1982/7/1 
f 2152/6/1 1855/7/1 2094/4/1 
f 1981/1/1 1830/7/1 1759/5/1 
f 2086/4/1 1937/5/1 2003/7/1 
f 2086/4/1 2153/8/1 2003/7/1 
f 1903/1/1 1897/7/1 1786/5/1 
f 2081/4/1 1992/1/1 1809/7/1 
f 2106/4/1 1995/1/1 2108/7/1 
f 1915/1/1 2052/7/1 2108/5/1 
f 2154/13/1 1855/7/1 2155/17/1 
f 2081/4/1 2156/12/1 1809/7/1 
f 2094/4/1 2154/13/1 1855/7/1 
f 2111/4/1 2031/5/1 2090/7/1 
f 1786/1/1 1895/7/1 2003/5/1 
f 2093/4/1 1897/5/1 1986/7/1 
f 2080/4/1 2079/5/1 1759/7/1 
f 2072/4/1 1960/1/1 1815/7/1 
f 2100/4/1 2099/5/1 1971/7/1 
f 2106/4/1 2157/10/1 2108/7/1 
f 1775/1/1 1867/7/1 1826/5/1 
f 2085/4/1 1911/1/1 1982/7/1 
f 2070/4/1 1779/1/1 1844/7/1 
f 2078/4/1 2036/5/1 1781/7/1 
f 2007/1/1 1937/7/1 1981/5/1 
f 2072/4/1 2069/5/1 1815/7/1 
f 1995/1/1 2014/7/1 1970/5/1 
f 1843/1/1 2030/7/1 1986/5/1 
f 2086/4/1 1937/5/1 2003/7/1 
f 2070/4/1 2022/5/1 1844/7/1 
f 2086/4/1 1937/5/1 2003/7/1 
f 1786/1/1 1895/7/1 2003/5/1 
f 2070/4/1 2022/5/1 1844/7/1 
f 1981/1/1 1830/7/1 1759/5/1 
f 2082/4/1 2015/5/1 1826/7/1 
f 2070/4/1 2022/5/1 1844/7/1 
f 2080/4/1 2079/5/1 1759/7/1 
f 2002/1/1 2036/7/1 1843/5/1 
f 1960/1/1 1815/7/1 2069/5/1 
f 1911/1/1 1982/7/1 2064/5/1 
f 1779/1/1 1844/7/1 2022/5/1 
f 1895/4/1 1786/5/1 1897/7/1 
f 2106/4/1 2108/5/1 2052/7/1 
f 1992/1/1 1809/7/1 2028/5/1 
f 1941/4/1 1871/5/1 2069/7/1 
f 2082/4/1 1826/5/1 1867/7/1 
f 1968/4/1 1912/5/1 2064/7/1 
f 2070/4/1 1844/5/1 1968/7/1 
f 1828/4/1 1970/5/1 2014/7/1 
f 1867/4/1 1775/5/1 2031/7/1 
f 1911/1/1 2085/4/1 2064/5/1 
f 2059/4/1 1780/5/1 2022/7/1 
f 2077/1/1 1971/7/1 2099/5/1 
f 1807/1/1 2090/7/1 2031/5/1 
f 1830/4/1 1981/5/1 1937/7/1 
f 1779/1/1 2070/4/1 2022/5/1 
f 2059/4/1 1780/5/1 2022/7/1 
f 2094/4/1 1855/5/1 1833/7/1 
f 1978/1/1 2096/7/1 2024/5/1 
f 2052/4/1 1915/5/1 2015/7/1 
f 2007/1/1 2003/7/1 1937/5/1 
f 2030/4/1 1843/5/1 2036/7/1 
f 2107/1/1 1759/7/1 2079/5/1 
f 2072/4/1 1815/5/1 2059/7/1 
f 2007/1/1 2003/7/1 1937/5/1 
f 2086/4/1 2003/5/1 1895/7/1 
f 1995/1/1 2108/7/1 2014/5/1 
f 2078/4/1 1781/5/1 1828/7/1 
f 1978/1/1 2096/7/1 2024/5/1 
f 1903/1/1 1986/7/1 1897/5/1 
f 2106/4/1 2108/5/1 2052/7/1 
f 2085/4/1 2064/5/1 1911/1/1 
f 2086/4/1 2003/5/1 1895/7/1 
f 1994/4/1 1899/5/1 2024/7/1 
f 2107/1/1 1759/7/1 2079/5/1 
f 1903/1/1 1986/7/1 1897/5/1 
f 1833/4/1 1873/5/1 2028/7/1 
f 2082/4/1 1826/5/1 1867/7/1 
f 2002/1/1 1781/7/1 2036/5/1 
f 1840/4/1 1876/5/1 1836/9/1 
f 2158/17/1 1809/5/1 1994/7/1 
f 1903/1/1 1986/7/1 1897/5/1 
f 2077/1/1 1971/7/1 2099/5/1 
f 2156/12/1 1992/1/1 1809/7/1 
f 2145/9/1 2159/17/1 1982/5/1 
f 1873/1/1 2148/17/1 1855/5/1 
f 2030/4/1 2160/10/1 2036/7/1 
f 1978/1/1 2144/17/1 1899/5/1 
f 2002/1/1 1781/7/1 2161/14/1 
f 1928/1/1 2052/4/1 1915/5/1 
f 1961/1/1 2094/4/1 2054/5/1 
f 1928/1/1 1826/7/1 2015/5/1 
f 2077/1/1 1971/7/1 2099/5/1 
f 1995/1/1 2106/4/1 2014/5/1 
f 1960/1/1 1815/7/1 2069/5/1 
f 1895/4/1 2162/12/1 1897/7/1 
f 2094/4/1 2054/5/1 2154/13/1 
f 2094/4/1 2054/5/1 2154/13/1 
f 1995/1/1 2108/7/1 2014/5/1 
f 2145/9/1 2159/17/1 1982/5/1 
f 1779/1/1 1844/7/1 2022/5/1 
f 1840/4/1 1876/5/1 1836/9/1 
f 2081/4/1 1809/5/1 1994/7/1 
f 2072/4/1 1815/5/1 2059/7/1 
f 2100/4/1 1971/5/1 1941/7/1 
f 1960/1/1 2072/4/1 2069/5/1 
f 1807/1/1 2111/4/1 2031/5/1 
f 1928/1/1 1826/7/1 2015/5/1 
f 2080/4/1 1759/5/1 1830/7/1 
f 1779/1/1 1844/7/1 2022/5/1 
f 2080/4/1 1759/5/1 1830/7/1 
f 2002/1/1 1781/7/1 2036/5/1 
f 1807/1/1 1867/4/1 1775/5/1 
f 1911/1/1 2085/4/1 2064/5/1 
f 2007/1/1 2003/7/1 1937/5/1 
f 2107/1/1 1759/7/1 2079/5/1 
f 2077/1/1 1971/7/1 2099/5/1 
f 1928/1/1 1826/7/1 2015/5/1 
f 2100/4/1 1971/5/1 1941/7/1 
f 2093/4/1 1986/5/1 2030/7/1 
f 1961/1/1 1855/7/1 2054/5/1 
f 1995/1/1 2108/7/1 2014/5/1 
f 1941/4/1 1871/5/1 2069/7/1 
f 1833/4/1 1873/5/1 2028/7/1 
f 1903/1/1 1986/7/1 1897/5/1 
f 2078/4/1 1781/5/1 1828/7/1 
f 2093/4/1 1986/5/1 2030/7/1 
f 2002/1/1 1781/7/1 2036/5/1 
f 1928/1/1 1826/7/1 2015/5/1 
f 2070/4/1 1844/5/1 1968/7/1 
f 2107/1/1 1759/7/1 2079/5/1 
f 2007/1/1 2003/7/1 1937/5/1 
f 1828/4/1 1970/5/1 2014/7/1 
f 1960/1/1 1815/7/1 2069/5/1 
f 1830/4/1 1981/5/1 1937/7/1 
f 1992/1/1 1809/7/1 2028/5/1 
f 1968/4/1 1912/5/1 2064/7/1 
f 1992/1/1 2081/4/1 2028/5/1 
f 1876/1/1 1840/7/1 2147/2/1 
f 1961/1/1 2054/7/1 2146/2/1 
f 2054/7/1 2146/2/1 1876/5/1 
f 1876/1/1 1840/7/1 2147/2/1 
f 1836/9/1 1876/5/1 2146/2/1 
f 2147/2/1 2145/9/1 1982/5/1 
f 2146/2/1 1836/9/1 1876/5/1 
f 2147/2/1 2145/9/1 1876/1/1 
f 2154/13/1 2155/17/1 2094/4/1 
f 2092/15/1 2085/7/1 1823/5/1 
f 2085/4/1 1982/5/1 2159/17/1 
f 2095/16/1 2003/4/1 2007/5/1 
f 2157/10/1 2014/5/1 2108/7/1 
f 2110/15/1 2104/7/1 1920/5/1 
f 1987/4/1 1764/5/1 2102/17/1 
f 1782/4/1 1823/5/1 2084/17/1 
f 1961/1/1 2154/13/1 2054/5/1 
f 2102/17/1 2022/1/1 2103/11/1 
usemtl Material__2
f 1797/4/1 2029/5/1 1862/2/1 
usemtl Material__3
f 1961/1/1 2154/13/1 2054/5/1 
f 2162/12/1 2163/10/1 1897/7/1 
f 2163/10/1 1786/5/1 1897/7/1 
f 2132/16/1 2040/7/1 2121/5/1 
f 2075/4/1 2123/5/1 2134/2/1 
usemtl Material__2
f 2164/4/1 2057/5/1 1925/2/1 
usemtl Material__3
f 2067/4/1 1948/5/1 2071/17/1 
f 2088/15/1 1845/4/1 1772/5/1 
usemtl Material__2
f 2055/14/1 1821/7/1 1968/5/1 
usemtl Material__3
f 2117/10/1 2002/5/1 1782/7/1 
f 2101/15/1 2100/7/1 2105/5/1 
f 1837/15/1 1810/7/1 1992/5/1 
f 2149/10/1 2099/5/1 1971/7/1 
f 2153/8/1 1937/5/1 2003/7/1 
f 2094/4/1 1961/1/1 2152/6/1 
usemtl Material__2
f 1824/10/1 2052/5/1 1825/7/1 
f 1802/10/1 2051/5/1 1803/7/1 
f 1890/2/1 2045/4/1 1889/13/1 
usemtl Material__3
f 2114/10/1 1385/5/1 2082/7/1 
f 2112/15/1 2082/7/1 1385/5/1 
f 1911/1/1 2151/17/1 2085/4/1 
f 2116/8/1 1377/5/1 2093/7/1 
f 2161/14/1 1781/7/1 2036/5/1 
f 2113/16/1 2094/7/1 1767/5/1 
usemtl Material__2
f 1601/4/1 2029/1/1 1796/11/1 
f 2025/16/1 1839/7/1 1838/5/1 
f 2048/1/1 1904/12/1 1786/5/1 
f 1862/2/1 2036/1/1 1861/11/1 
f 2033/14/1 1758/7/1 1757/5/1 
usemtl Material__3
f 2160/10/1 1843/5/1 2036/7/1 
f 1994/4/1 1899/5/1 2144/17/1 
usemtl Material__2
f 1763/10/1 1769/5/1 1764/7/1 
f 2023/14/1 1764/7/1 1769/5/1 
usemtl Material__3
f 2122/16/1 1991/7/1 2136/5/1 
f 2094/4/1 1855/5/1 2148/17/1 
f 2134/2/1 2133/1/1 2135/13/1 
usemtl Material__2
f 1758/4/1 2049/1/1 1882/6/1 
f 1785/10/1 2004/5/1 1786/7/1 
f 2108/4/1 2039/5/1 1894/2/1 
f 1935/8/1 2017/5/1 1936/7/1 
f 2062/16/1 1920/7/1 1919/5/1 
usemtl Material__3
f 2115/8/1 2076/5/1 2075/7/1 
f 2141/10/1 2074/5/1 2123/7/1 
f 2085/4/1 1982/5/1 2159/17/1 
usemtl Material__2
f 1832/1/1 1914/12/1 1892/5/1 
usemtl Material__3
f 1992/1/1 2156/12/1 2028/5/1 
usemtl Material__2
f 1947/10/1 2010/5/1 1948/7/1 
f 2045/4/1 1791/1/1 1889/13/1 
f 1925/2/1 1998/1/1 1926/13/1 
usemtl Material__3
f 2150/12/1 1897/5/1 1986/7/1 
f 2081/4/1 1809/5/1 2158/17/1 
f 2143/10/1 2133/5/1 2035/7/1 
usemtl Material__2
f 2165/1/1 2166/2/1 2167/3/1 
f 2168/1/1 2169/4/1 2170/5/1 
f 2171/1/1 2172/6/1 2173/5/1 
f 2174/1/1 2175/6/1 2176/5/1 
f 2177/4/1 2178/5/1 2179/7/1 
f 2180/1/1 2181/7/1 2182/4/1 
f 2183/4/1 2184/5/1 2185/7/1 
f 2186/4/1 2187/5/1 2188/7/1 
f 2189/4/1 2190/5/1 2191/7/1 
f 2192/4/1 2193/5/1 2194/7/1 
f 2195/4/1 2196/5/1 2197/7/1 
f 2198/4/1 2199/5/1 2200/7/1 
f 2201/4/1 2191/5/1 2202/7/1 
f 2203/4/1 2204/1/1 2205/7/1 
f 2179/6/1 2206/7/1 2207/4/1 
f 2208/4/1 2209/5/1 2210/7/1 
f 2211/4/1 2212/5/1 2213/7/1 
f 2214/4/1 2215/5/1 2216/7/1 
f 2217/4/1 2218/5/1 2219/7/1 
f 2220/4/1 2221/5/1 2222/7/1 
f 2223/4/1 2224/5/1 2225/7/1 
f 2226/4/1 2227/5/1 2228/7/1 
f 2229/4/1 2230/5/1 2231/7/1 
f 2232/4/1 2233/5/1 2234/7/1 
f 2235/4/1 2236/5/1 2237/7/1 
f 2238/4/1 2239/8/1 2235/7/1 
f 2240/4/1 2241/1/1 2242/7/1 
f 2243/4/1 2244/5/1 2245/7/1 
f 2246/4/1 2247/5/1 2248/7/1 
f 2249/4/1 2250/5/1 236/7/1 
f 2251/7/1 2252/4/1 2253/5/1 
f 2254/4/1 2255/1/1 2256/7/1 
f 2257/4/1 2258/5/1 2259/7/1 
f 2260/4/1 2261/5/1 2183/7/1 
f 2262/4/1 2263/5/1 209/7/1 
f 2264/6/1 2265/7/1 2266/9/1 
f 2267/7/1 2268/4/1 2194/5/1 
f 2269/4/1 2270/10/1 122/7/1 
f 2271/4/1 2272/10/1 2273/7/1 
f 2274/11/1 2275/7/1 2276/4/1 
f 2277/4/1 2278/5/1 2208/7/1 
f 2279/4/1 2280/12/1 2192/7/1 
f 2281/4/1 2282/5/1 2283/7/1 
f 262/4/1 2284/5/1 2269/7/1 
f 2285/1/1 2286/7/1 2287/4/1 
f 2288/4/1 2289/5/1 2290/7/1 
f 2291/4/1 2292/5/1 2293/7/1 
f 2294/4/1 2295/1/1 2296/7/1 
f 2297/4/1 2298/5/1 2299/7/1 
f 2300/4/1 2286/5/1 2301/7/1 
f 2179/4/1 2302/1/1 2206/7/1 
f 2303/4/1 2304/5/1 2305/7/1 
f 2306/4/1 2307/5/1 2308/7/1 
f 2309/4/1 2310/5/1 2311/7/1 
f 552/4/1 2312/5/1 2313/7/1 
f 2314/4/1 2310/1/1 2309/7/1 
f 2315/4/1 2316/12/1 2281/7/1 
f 2317/4/1 2318/5/1 2207/7/1 
f 2319/4/1 2320/5/1 2321/7/1 
f 2322/4/1 2323/5/1 2324/7/1 
f 2299/4/1 2325/1/1 2326/7/1 
f 2327/4/1 2328/5/1 2329/7/1 
f 2330/4/1 2331/1/1 2332/7/1 
f 2333/4/1 2334/5/1 2335/7/1 
f 2336/4/1 2337/5/1 2338/7/1 
f 2339/4/1 2340/1/1 2341/7/1 
f 2342/4/1 2343/5/1 2344/7/1 
f 2345/4/1 2346/5/1 2347/7/1 
f 2348/4/1 2349/5/1 2350/7/1 
f 474/4/1 2351/5/1 2249/7/1 
f 2352/4/1 2353/5/1 2219/7/1 
f 2256/4/1 2255/5/1 2354/7/1 
f 2355/4/1 2356/10/1 2357/7/1 
f 2358/4/1 2359/5/1 2242/7/1 
f 2325/4/1 2360/5/1 2361/7/1 
f 2362/4/1 2363/5/1 2364/7/1 
f 2365/4/1 2366/1/1 2367/7/1 
f 2228/4/1 2368/5/1 2369/7/1 
f 2370/4/1 2371/8/1 2372/7/1 
f 2373/4/1 2341/5/1 2374/7/1 
f 2267/4/1 2375/5/1 2376/7/1 
f 2377/4/1 2378/5/1 2379/7/1 
f 2380/4/1 2244/1/1 2243/7/1 
f 2381/4/1 2222/5/1 2382/7/1 
f 2383/4/1 2384/5/1 2385/7/1 
f 2386/4/1 2387/5/1 2388/7/1 
f 542/4/1 2389/6/1 2390/7/1 
f 2391/4/1 2392/5/1 2393/7/1 
f 2394/4/1 2395/8/1 2396/7/1 
f 2397/11/1 2398/7/1 2202/4/1 
f 2399/4/1 2400/8/1 2401/7/1 
f 2402/4/1 2403/5/1 2404/7/1 
f 2405/4/1 2406/5/1 2407/7/1 
f 2408/4/1 2409/5/1 2410/7/1 
f 2411/4/1 2412/5/1 2413/7/1 
f 2390/4/1 2414/5/1 151/7/1 
f 2415/4/1 2416/5/1 2417/7/1 
f 2413/4/1 2418/1/1 2419/7/1 
f 2420/4/1 2421/5/1 2304/7/1 
f 2422/4/1 2423/1/1 2424/7/1 
f 2425/4/1 2426/5/1 2427/7/1 
f 2293/4/1 2428/1/1 2429/7/1 
f 2430/4/1 2431/10/1 2432/7/1 
f 2382/4/1 2433/5/1 2434/7/1 
f 2188/4/1 2435/5/1 2298/7/1 
f 2436/4/1 2437/5/1 2438/7/1 
f 2372/4/1 2439/5/1 2440/7/1 
f 2441/4/1 2442/5/1 2443/7/1 
f 2285/4/1 2444/5/1 2445/7/1 
f 2428/4/1 2446/5/1 2352/7/1 
f 2321/4/1 2447/5/1 2448/7/1 
f 2449/4/1 2450/5/1 2345/7/1 
f 2451/4/1 2452/1/1 2453/7/1 
f 2454/4/1 2455/5/1 2220/7/1 
f 2456/4/1 2168/5/1 2457/7/1 
f 2458/1/1 2459/7/1 2404/4/1 
f 2460/4/1 2461/5/1 2294/7/1 
f 2462/4/1 2463/5/1 2464/7/1 
f 2465/4/1 2290/5/1 2466/7/1 
f 2467/4/1 2468/5/1 2469/7/1 
f 2470/4/1 2471/5/1 2472/7/1 
f 2473/4/1 2474/5/1 2399/7/1 
f 2475/2/1 2289/1/1 2288/7/1 
f 2476/13/1 2306/7/1 2477/2/1 
f 2478/4/1 2479/5/1 2480/7/1 
f 2357/4/1 2481/5/1 2482/7/1 
f 2445/4/1 2483/1/1 2484/7/1 
f 2485/4/1 2486/5/1 2324/7/1 
f 2487/4/1 2486/1/1 2485/7/1 
f 2248/4/1 2488/5/1 2489/7/1 
f 2490/1/1 2491/7/1 2492/2/1 
f 2493/4/1 2429/5/1 2217/7/1 
f 2301/4/1 2494/5/1 2484/7/1 
f 2495/4/1 2308/5/1 2365/7/1 
f 2496/4/1 2497/5/1 2391/7/1 
f 2498/4/1 2499/1/1 2376/7/1 
f 2491/4/1 2490/5/1 2500/7/1 
f 2501/4/1 2502/1/1 2503/7/1 
f 2466/4/1 2504/5/1 2505/7/1 
f 2225/4/1 2506/14/1 2234/7/1 
f 2507/11/1 2330/7/1 2508/2/1 
f 2361/4/1 2509/5/1 2326/7/1 
f 208/4/1 2510/5/1 2262/7/1 
f 2350/4/1 2511/5/1 2512/7/1 
f 2513/4/1 2514/1/1 2339/7/1 
f 2396/4/1 2515/5/1 2329/7/1 
f 2432/4/1 2516/5/1 2517/7/1 
f 2518/4/1 2519/5/1 2520/7/1 
f 2407/4/1 2521/5/1 2522/7/1 
f 2464/4/1 2523/5/1 2524/7/1 
f 2525/4/1 2401/5/1 2327/7/1 
f 2526/4/1 2527/5/1 2420/7/1 
f 2305/4/1 2528/5/1 2332/7/1 
f 2529/4/1 2530/5/1 2531/7/1 
f 2532/4/1 2533/5/1 2203/7/1 
f 2534/4/1 2535/8/1 2536/7/1 
f 2537/4/1 2538/5/1 2470/7/1 
f 2539/4/1 2540/8/1 2541/7/1 
f 2542/4/1 2543/5/1 2451/7/1 
f 2544/4/1 2190/1/1 2189/7/1 
f 2410/4/1 2545/5/1 2546/7/1 
f 2313/4/1 2547/1/1 349/7/1 
f 2548/4/1 2549/5/1 2436/7/1 
f 2550/4/1 2551/5/1 2237/7/1 
f 2552/4/1 2553/5/1 479/7/1 
f 2364/4/1 2554/5/1 2227/7/1 
f 2555/4/1 2556/5/1 2557/7/1 
f 2558/4/1 2559/1/1 2560/7/1 
f 2561/4/1 2562/5/1 2563/7/1 
f 2241/4/1 2564/5/1 2358/7/1 
f 2565/4/1 2566/5/1 2195/7/1 
f 2443/4/1 2567/5/1 2568/7/1 
f 2402/1/1 2378/7/1 2569/4/1 
f 2570/4/1 2571/12/1 2415/7/1 
f 2572/4/1 2573/5/1 278/7/1 
f 2200/4/1 2574/10/1 2398/7/1 
f 2469/4/1 2575/5/1 2385/7/1 
f 2503/4/1 2576/1/1 2577/7/1 
f 2557/4/1 2578/10/1 2579/7/1 
f 2580/4/1 2581/1/1 2417/7/1 
f 2582/4/1 2583/5/1 2584/7/1 
f 2585/4/1 2586/5/1 2579/7/1 
f 2344/4/1 2587/12/1 2588/7/1 
f 2589/4/1 2590/5/1 2229/7/1 
f 510/4/1 2591/14/1 2572/7/1 
f 2592/4/1 2593/1/1 2498/7/1 
f 2594/1/1 2240/7/1 2595/4/1 
f 2596/4/1 2597/5/1 2245/7/1 
f 2295/4/1 2598/5/1 2580/7/1 
f 2599/4/1 2600/5/1 2287/7/1 
f 2601/4/1 2602/5/1 2603/7/1 
f 2604/4/1 2605/5/1 2478/7/1 
f 2606/4/1 2323/1/1 2322/7/1 
f 2379/4/1 2607/10/1 2459/7/1 
f 2560/4/1 2608/12/1 2197/7/1 
f 2609/4/1 2610/5/1 2422/7/1 
f 2611/4/1 2472/5/1 2596/7/1 
f 2612/4/1 2613/5/1 2425/7/1 
f 181/4/1 2614/5/1 2552/7/1 
f 2615/4/1 2616/1/1 2617/7/1 
f 2536/4/1 2618/5/1 2500/7/1 
f 2619/4/1 2620/5/1 2252/7/1 
f 2621/4/1 2354/5/1 2383/7/1 
f 2265/4/1 2622/5/1 2369/7/1 
f 2623/4/1 2624/1/1 2497/7/1 
f 2213/4/1 2625/5/1 2626/7/1 
f 2627/4/1 2524/5/1 2232/7/1 
f 2563/4/1 2628/5/1 2347/7/1 
f 2374/4/1 2340/1/1 2629/7/1 
f 2630/4/1 2631/5/1 2582/7/1 
f 2216/4/1 2632/1/1 2633/7/1 
f 2388/4/1 2634/5/1 2562/7/1 
f 2635/4/1 2636/5/1 2336/7/1 
f 2637/4/1 2638/5/1 2518/7/1 
f 2639/4/1 2640/5/1 2182/7/1 
f 2641/4/1 2642/12/1 2539/7/1 
f 2531/4/1 2643/5/1 2318/7/1 
f 2452/4/1 2644/5/1 2550/7/1 
f 2645/4/1 2646/5/1 2257/7/1 
f 2647/4/1 2648/5/1 2615/7/1 
f 2649/4/1 2650/8/1 2276/7/1 
f 2651/4/1 2602/1/1 2601/7/1 
f 2652/4/1 2626/5/1 2585/7/1 
f 2335/4/1 2653/5/1 2654/7/1 
f 2593/1/1 2592/4/1 2655/5/1 
f 2656/1/1 2438/7/1 2437/5/1 
f 2449/1/1 2347/7/1 2628/5/1 
f 2384/1/1 2383/7/1 2354/5/1 
f 2657/1/1 2445/7/1 2444/5/1 
f 2658/1/1 2517/7/1 2516/5/1 
f 2659/1/1 2225/7/1 2224/5/1 
f 2660/1/1 2434/7/1 2433/5/1 
f 2661/1/1 2557/7/1 2556/5/1 
f 2628/1/1 2563/7/1 2562/5/1 
f 2458/1/1 2404/4/1 2662/5/1 
f 2523/1/1 2464/7/1 2463/5/1 
f 2547/1/1 2313/4/1 2663/5/1 
f 2664/1/1 2324/7/1 2323/5/1 
f 2555/1/1 2626/7/1 2625/5/1 
f 2435/1/1 2188/7/1 2187/5/1 
f 2375/1/1 2267/7/1 2194/5/1 
f 2488/1/1 2248/7/1 2247/5/1 
f 2198/1/1 2191/7/1 2190/5/1 
f 2583/1/1 2582/7/1 2631/5/1 
f 2665/1/1 2369/7/1 2368/5/1 
f 2597/1/1 2596/7/1 2472/5/1 
f 2479/1/1 2478/7/1 2605/5/1 
f 2353/1/1 2352/7/1 2446/5/1 
f 2602/1/1 2651/4/1 2666/5/1 
f 2416/1/1 2415/7/1 2296/5/1 
f 2667/1/1 2347/7/1 2346/5/1 
f 2624/1/1 2623/4/1 2171/5/1 
f 2668/1/1 2440/7/1 2439/5/1 
f 2669/1/1 2398/7/1 2670/5/1 
f 2592/1/1 2376/7/1 2375/5/1 
f 2671/1/1 2385/7/1 2575/5/1 
f 2337/1/1 2336/7/1 2636/5/1 
f 2221/1/1 2220/7/1 2455/5/1 
f 2672/1/1 2580/7/1 2598/5/1 
f 2340/1/1 2374/4/1 2673/5/1 
f 2346/1/1 2345/7/1 2450/5/1 
f 2653/1/1 2335/7/1 2334/5/1 
f 2452/1/1 2237/7/1 2236/5/1 
f 2233/1/1 2232/7/1 2524/5/1 
f 2295/1/1 2294/4/1 2674/5/1 
f 2190/1/1 2544/4/1 2675/5/1 
f 2674/1/1 2294/7/1 2461/5/1 
f 2676/1/1 2365/7/1 2308/5/1 
f 2483/1/1 2445/4/1 2657/5/1 
f 2677/1/1 2210/7/1 2209/5/1 
f 2616/1/1 2615/4/1 2678/5/1 
f 2366/1/1 2308/7/1 2307/5/1 
f 2665/1/1 2227/7/1 2554/5/1 
f 2519/1/1 2518/7/1 2638/5/1 
f 2428/1/1 2293/4/1 2679/5/1 
f 2521/1/1 2407/7/1 2406/5/1 
f 2223/1/1 2524/7/1 2523/5/1 
f 2680/1/1 2304/7/1 2421/5/1 
f 2423/1/1 2422/4/1 2681/5/1 
f 2682/1/1 2500/7/1 2618/5/1 
f 2683/1/1 278/7/1 2573/5/1 
f 2684/1/1 2482/7/1 2481/5/1 
f 2624/1/1 2393/7/1 2392/5/1 
f 2366/1/1 2365/4/1 2676/5/1 
f 2685/1/1 2369/7/1 2622/5/1 
f 2686/1/1 2338/7/1 2337/5/1 
f 2285/1/1 2484/7/1 2494/5/1 
f 2323/1/1 2606/4/1 2687/5/1 
f 2177/1/1 2207/4/1 2688/5/1 
f 2516/1/1 2432/7/1 2689/5/1 
f 2230/1/1 2229/7/1 2590/5/1 
f 2592/1/1 2194/7/1 2193/5/1 
f 2690/1/1 2413/7/1 2412/5/1 
f 2660/1/1 2222/7/1 2221/5/1 
f 2310/1/1 2314/4/1 2259/5/1 
f 2392/1/1 2391/7/1 2497/5/1 
f 2643/1/1 2531/7/1 2530/5/1 
f 2576/1/1 2503/4/1 2502/5/1 
f 2196/1/1 2195/7/1 2566/5/1 
f 2255/1/1 2254/4/1 2691/5/1 
f 2680/1/1 2332/7/1 2528/5/1 
f 2511/1/1 2350/7/1 2349/5/1 
f 2359/1/1 2358/7/1 2564/5/1 
f 2692/1/1 2259/7/1 2693/15/1 
f 2634/1/1 2388/7/1 2387/5/1 
f 2331/1/1 2330/4/1 2694/5/1 
f 2471/1/1 2470/7/1 2538/5/1 
f 2439/1/1 2372/7/1 2695/5/1 
f 2696/1/1 2326/7/1 2509/5/1 
f 2697/1/1 209/7/1 2263/5/1 
f 2682/1/1 2457/7/1 2168/5/1 
f 2394/1/1 2401/7/1 2698/5/1 
f 2481/1/1 2357/7/1 2699/5/1 
f 2452/1/1 2451/4/1 2700/5/1 
f 2701/1/1 2182/7/1 2640/5/1 
f 2606/1/1 2324/7/1 2486/5/1 
f 2702/1/1 2505/7/1 2504/5/1 
f 2703/1/1 2242/7/1 2359/5/1 
f 2704/1/1 2654/7/1 2653/5/1 
f 2575/1/1 2469/7/1 2468/5/1 
f 2490/1/1 2682/4/1 2705/5/1 
f 2218/1/1 2217/7/1 2429/5/1 
f 2559/1/1 2558/4/1 2541/5/1 
f 2565/1/1 2197/7/1 2559/5/1 
f 2706/1/1 2179/7/1 2707/14/1 
f 2193/1/1 2192/7/1 2708/5/1 
f 2299/4/1 2709/5/1 2325/1/1 
f 2710/1/1 2202/7/1 2191/5/1 
f 2565/1/1 2541/7/1 2711/5/1 
f 2712/1/1 2522/7/1 2521/5/1 
f 2679/1/1 2293/7/1 2292/5/1 
f 2433/1/1 2382/7/1 2222/5/1 
f 2328/1/1 2327/7/1 2401/5/1 
f 2553/1/1 2552/7/1 2614/5/1 
f 2713/1/1 2489/7/1 2488/5/1 
f 2618/1/1 2536/7/1 2457/5/1 
f 2486/1/1 2487/4/1 2273/5/1 
f 2714/1/1 2568/7/1 2715/14/1 
f 2555/1/1 2579/7/1 2586/5/1 
f 2716/1/1 2603/7/1 2602/5/1 
f 2418/1/1 2413/4/1 2690/5/1 
f 2694/1/1 2508/2/1 2717/5/1 
f 2718/1/1 2276/7/1 2719/5/1 
f 2428/1/1 2219/7/1 2218/5/1 
f 2426/1/1 2425/7/1 2613/5/1 
f 2573/1/1 2572/7/1 2591/14/1 
f 2720/1/1 2245/7/1 2244/5/1 
f 2258/1/1 2257/7/1 2646/5/1 
f 2663/1/1 2313/7/1 2312/5/1 
f 2528/1/1 2305/7/1 2304/5/1 
f 2285/1/1 2287/4/1 2721/5/1 
f 2554/1/1 2364/7/1 2363/5/1 
f 2722/1/1 2234/7/1 2506/14/1 
f 2625/1/1 2213/7/1 2212/5/1 
f 2723/1/1 2512/7/1 2511/5/1 
f 2724/1/1 2216/7/1 2215/5/1 
f 2698/1/1 2399/7/1 2474/5/1 
f 2307/1/1 2725/4/1 2726/5/1 
f 2607/10/1 2402/1/1 2459/7/1 
f 2282/1/1 2281/7/1 2419/5/1 
f 2711/1/1 2539/7/1 2727/5/1 
f 2402/1/1 2569/4/1 2174/5/1 
f 2728/1/1 2448/7/1 2447/5/1 
f 2587/12/1 2729/1/1 2588/7/1 
f 2449/1/1 2562/7/1 2634/5/1 
f 2295/1/1 2417/7/1 2416/5/1 
f 2302/1/1 2179/4/1 2706/5/1 
f 2730/1/1 2276/4/1 2718/5/1 
f 2700/1/1 2451/7/1 2543/5/1 
f 2494/1/1 2301/7/1 2286/5/1 
f 2198/1/1 2202/4/1 2710/5/1 
f 2606/1/1 2273/7/1 2165/5/1 
f 2731/1/1 2197/7/1 2732/14/1 
f 2515/1/1 2396/7/1 2733/5/1 
f 2236/1/1 2235/7/1 2453/5/1 
f 2442/5/1 2567/1/1 2443/7/1 
f 2414/1/1 542/4/1 2734/5/1 
f 2735/1/1 2520/7/1 2519/5/1 
f 2447/1/1 2321/7/1 2320/5/1 
f 2736/1/1 2379/7/1 2378/5/1 
f 2737/1/1 2546/7/1 2545/5/1 
f 2738/1/1 2231/7/1 2230/5/1 
f 2739/1/1 2269/7/1 2284/5/1 
f 2551/5/1 2740/1/1 2237/7/1 
f 2741/1/1 2203/7/1 2533/5/1 
f 2662/1/1 2404/7/1 2403/5/1 
f 2340/1/1 2339/4/1 2514/5/1 
f 2742/1/1 2584/7/1 2583/5/1 
f 2380/1/1 2245/7/1 2597/5/1 
f 2514/1/1 2513/4/1 2743/5/1 
f 2394/1/1 2329/7/1 2328/5/1 
f 2380/1/1 2472/7/1 2471/5/1 
f 2744/1/1 2500/7/1 2490/5/1 
f 2223/1/1 2234/7/1 2233/5/1 
f 2581/1/1 2580/4/1 2672/5/1 
f 2586/1/1 2585/7/1 2626/5/1 
f 2421/1/1 2420/7/1 2527/5/1 
f 2670/1/1 2200/7/1 2199/5/1 
f 2499/1/1 2498/4/1 2593/5/1 
f 2745/1/1 2219/7/1 2353/5/1 
f 2746/1/1 2329/7/1 2515/5/1 
f 2418/1/1 2283/7/1 2282/5/1 
f 2253/1/1 2252/7/1 2620/5/1 
f 2721/1/1 2287/7/1 2600/5/1 
f 2747/1/1 236/7/1 2250/5/1 
f 2748/1/1 2185/7/1 2184/5/1 
f 2209/1/1 2208/7/1 2278/5/1 
f 2749/1/1 122/7/1 2739/5/1 
f 2263/1/1 2262/7/1 2510/5/1 
f 2241/1/1 2427/7/1 2426/5/1 
f 2750/1/1 151/7/1 2414/5/1 
f 2709/1/1 2299/7/1 2298/5/1 
f 2632/1/1 2216/4/1 2724/5/1 
f 2177/1/1 2318/7/1 2643/5/1 
f 2509/1/1 2361/7/1 2360/5/1 
f 2289/1/1 2475/2/1 2751/5/1 
f 2368/1/1 2228/7/1 2227/5/1 
f 2241/1/1 2240/4/1 2594/5/1 
f 2702/1/1 2290/7/1 2289/5/1 
f 2504/1/1 2466/7/1 2290/5/1 
f 2622/1/1 2266/9/1 2752/16/1 
f 2467/1/1 2385/7/1 2384/5/1 
f 2325/1/1 2298/7/1 2435/5/1 
f 2551/1/1 2550/7/1 2644/5/1 
f 2502/1/1 2501/4/1 2753/5/1 
f 2754/1/1 479/7/1 2553/5/1 
f 2184/1/1 2183/7/1 2261/5/1 
f 2755/1/1 2251/7/1 2253/5/1 
f 2545/1/1 2410/7/1 2409/5/1 
f 2681/1/1 2422/7/1 2610/5/1 
f 2204/1/1 2203/4/1 2741/5/1 
f 2673/1/1 2374/7/1 2341/5/1 
f 2692/1/1 2311/7/1 2310/5/1 
f 2756/1/1 2480/7/1 2479/5/1 
f 2437/1/1 2436/7/1 2549/5/1 
f 2688/1/1 2207/7/1 2318/5/1 
f 2594/1/1 2595/4/1 2427/5/1 
f 2250/1/1 2249/7/1 2351/5/1 
f 2467/1/1 2354/7/1 2255/5/1 
f 2678/1/1 2615/7/1 2648/5/1 
f 2757/1/1 2344/7/1 2343/5/1 
f 2180/1/1 2182/4/1 2701/5/1 
f 2758/1/1 2579/7/1 2661/5/1 
f 2244/1/1 2380/4/1 2759/5/1 
f 2760/4/1 2176/5/1 2175/6/1 
f 2761/4/1 2173/5/1 2762/13/1 
f 2763/11/1 2764/6/1 2169/4/1 
f 2166/2/1 2165/1/1 2272/6/1 
usemtl Material__3
f 2454/4/1 2629/1/1 2455/7/1 
f 2219/1/1 2543/7/1 2493/5/1 
f 2745/1/1 2765/7/1 2766/16/1 
f 2767/17/1 2629/1/1 2455/7/1 
f 2206/1/1 2527/7/1 2207/15/1 
f 2499/1/1 2768/7/1 2376/5/1 
f 2393/1/1 2646/7/1 2496/5/1 
f 2302/1/1 2769/7/1 2206/5/1 
f 2347/1/1 2708/7/1 2561/5/1 
f 2242/1/1 2770/7/1 2595/5/1 
f 2771/17/1 2758/1/1 2772/7/1 
f 2720/1/1 2773/7/1 2245/5/1 
f 2685/1/1 2774/7/1 2369/5/1 
f 2245/1/1 2613/7/1 2611/5/1 
f 2747/1/1 2775/7/1 236/5/1 
f 2683/1/1 2776/7/1 278/5/1 
f 2434/1/1 2751/7/1 2381/5/1 
f 2417/1/1 2530/7/1 2570/5/1 
f 2324/1/1 2461/7/1 2487/5/1 
f 2758/1/1 2772/7/1 2579/5/1 
f 2376/1/1 2538/7/1 2268/5/1 
f 2579/1/1 2777/7/1 2652/5/1 
f 2206/1/1 2527/7/1 2317/5/1 
f 2459/1/1 2387/7/1 2377/5/1 
f 2393/1/1 2646/7/1 2496/5/1 
f 2513/4/1 2311/1/1 2743/7/1 
f 2547/1/1 2778/7/1 349/5/1 
f 2754/1/1 2779/7/1 479/5/1 
f 2237/1/1 2780/7/1 2238/5/1 
f 2579/1/1 2777/7/1 2652/5/1 
f 2599/4/1 2500/1/1 2600/7/1 
f 2740/1/1 2781/7/1 2237/5/1 
f 2237/1/1 2780/7/1 2238/5/1 
f 2484/1/1 2363/7/1 2300/5/1 
f 2369/1/1 2292/7/1 2226/5/1 
f 2387/4/1 2458/1/1 2782/7/1 
f 2505/1/1 2783/7/1 2465/5/1 
f 2784/4/1 2237/1/1 2780/7/1 
f 2219/1/1 2543/7/1 2493/5/1 
f 2505/1/1 2783/7/1 2465/5/1 
f 2369/1/1 2292/7/1 2226/5/1 
f 2754/1/1 2779/7/1 2785/15/1 
f 2459/1/1 2387/7/1 2379/15/1 
f 2206/1/1 2527/7/1 2317/5/1 
f 2483/1/1 2786/7/1 2484/5/1 
f 2417/1/1 2530/7/1 2570/5/1 
f 2376/1/1 2538/7/1 2268/5/1 
f 2667/1/1 2787/7/1 2347/5/1 
f 2302/1/1 2769/7/1 2206/5/1 
f 2484/1/1 2363/7/1 2300/5/1 
f 2311/1/1 2743/7/1 2314/5/1 
f 2547/1/1 2778/7/1 349/5/1 
f 2393/1/1 2646/7/1 2496/5/1 
f 2579/1/1 2777/7/1 2788/16/1 
f 2744/1/1 2789/7/1 2500/5/1 
f 2483/1/1 2786/7/1 2484/5/1 
f 2790/4/1 2242/1/1 2770/7/1 
f 2703/1/1 2791/7/1 2242/5/1 
f 2740/1/1 2781/7/1 2237/5/1 
f 2331/1/1 2792/7/1 2793/15/1 
f 2458/1/1 2782/7/1 2459/5/1 
f 2703/1/1 2791/7/1 2242/5/1 
f 2500/1/1 2600/7/1 2534/5/1 
f 2750/1/1 2794/7/1 2795/15/1 
f 2664/1/1 2796/7/1 2324/5/1 
f 2530/4/1 2581/1/1 2797/7/1 
f 2331/1/1 2792/7/1 2332/5/1 
f 2376/1/1 2538/7/1 2267/15/1 
f 2500/1/1 2600/7/1 2534/5/1 
f 2581/1/1 2797/7/1 2417/5/1 
f 2434/1/1 2751/7/1 2798/16/1 
f 2612/4/1 2245/1/1 2613/7/1 
f 2513/4/1 2311/1/1 2743/7/1 
f 2434/1/1 2751/7/1 2381/5/1 
f 2720/1/1 2773/7/1 2245/5/1 
f 2744/1/1 2789/7/1 2500/5/1 
f 2242/1/1 2770/7/1 2595/5/1 
f 2542/4/1 2219/1/1 2543/7/1 
f 2332/1/1 2212/7/1 2303/5/1 
f 2667/1/1 2787/7/1 2347/5/1 
f 2745/1/1 2765/7/1 2219/5/1 
f 2664/1/1 2796/7/1 2324/5/1 
f 2750/1/1 2794/7/1 151/5/1 
f 2683/1/1 2776/7/1 278/5/1 
f 2324/1/1 2461/7/1 2487/5/1 
f 2747/1/1 2775/7/1 236/5/1 
f 2245/1/1 2613/7/1 2611/5/1 
f 2484/1/1 2363/7/1 2300/5/1 
f 2799/4/1 2505/1/1 2783/7/1 
f 2767/17/1 2629/1/1 2455/7/1 
f 2459/1/1 2387/7/1 2377/5/1 
f 2211/4/1 2332/1/1 2212/7/1 
f 2332/1/1 2212/7/1 2303/5/1 
f 2292/4/1 2685/1/1 2774/7/1 
f 2347/1/1 2708/7/1 2561/5/1 
f 2324/1/1 2461/7/1 2487/5/1 
f 2499/1/1 2768/7/1 2376/5/1 
f 2417/1/1 2530/7/1 2570/5/1 
f 2347/1/1 2708/7/1 2561/5/1 
f 2369/1/1 2292/7/1 2228/15/1 
f 2581/1/1 2530/4/1 2417/5/1 
f 2363/4/1 2484/5/1 2786/7/1 
f 2211/4/1 2303/5/1 2212/7/1 
f 2612/4/1 2611/5/1 2613/7/1 
f 2538/4/1 2376/5/1 2768/7/1 
f 2599/4/1 2534/5/1 2600/7/1 
f 2279/4/1 2561/5/1 2708/7/1 
f 2291/4/1 2226/5/1 2292/7/1 
f 593/4/1 151/5/1 2794/7/1 
f 2800/4/1 2381/5/1 2751/7/1 
f 2292/4/1 2369/5/1 2774/7/1 
f 2311/1/1 2513/4/1 2314/5/1 
f 2527/4/1 2206/5/1 2769/7/1 
f 2600/4/1 2500/5/1 2789/7/1 
f 2237/1/1 2784/4/1 2238/5/1 
f 2526/4/1 2317/5/1 2527/7/1 
f 633/4/1 349/5/1 2778/7/1 
f 2362/4/1 2300/5/1 2363/7/1 
f 2332/1/1 2211/4/1 2303/5/1 
f 2526/4/1 2317/5/1 2527/7/1 
f 2386/4/1 2377/5/1 2387/7/1 
f 2784/4/1 2238/5/1 2780/7/1 
f 2211/4/1 2303/5/1 2212/7/1 
f 2599/4/1 2534/5/1 2600/7/1 
f 2801/4/1 2652/5/1 2777/7/1 
f 2386/4/1 2377/5/1 2387/7/1 
f 2530/4/1 2417/5/1 2797/7/1 
f 2513/4/1 2802/12/1 2743/7/1 
f 2291/4/1 2226/5/1 2292/7/1 
f 633/4/1 349/5/1 2778/7/1 
f 2362/4/1 2300/5/1 2363/7/1 
f 2529/4/1 2570/5/1 2530/7/1 
f 2708/4/1 2347/5/1 2787/7/1 
f 593/4/1 2803/8/1 2794/7/1 
f 2538/4/1 2376/5/1 2768/7/1 
f 2386/4/1 2377/5/1 2387/7/1 
f 2542/4/1 2493/5/1 2543/7/1 
f 2291/4/1 2228/15/1 2292/7/1 
f 2212/4/1 2332/5/1 2792/7/1 
f 2799/4/1 2465/5/1 2783/7/1 
f 2645/4/1 2496/5/1 2646/7/1 
f 2387/4/1 2459/5/1 2782/7/1 
f 2600/4/1 2500/5/1 2789/7/1 
f 2801/4/1 2652/5/1 2777/7/1 
f 2537/4/1 2268/5/1 2538/7/1 
f 2362/4/1 2300/5/1 2363/7/1 
f 2784/4/1 2238/5/1 2780/7/1 
f 2777/4/1 2579/5/1 2772/7/1 
f 2780/4/1 2237/5/1 2781/7/1 
f 2685/1/1 2292/4/1 2369/5/1 
f 2645/4/1 2496/5/1 2646/7/1 
f 2460/4/1 2804/10/1 2461/7/1 
f 2780/4/1 2237/5/1 2781/7/1 
f 2708/4/1 2805/10/1 2787/7/1 
f 2613/4/1 2806/8/1 2773/7/1 
f 299/4/1 479/5/1 2779/7/1 
f 2537/4/1 2268/5/1 2538/7/1 
f 2629/1/1 2767/17/1 2373/5/1 
f 2526/4/1 2807/8/1 2527/7/1 
f 2245/1/1 2612/4/1 2611/5/1 
f 496/4/1 236/5/1 2775/7/1 
f 2311/1/1 2513/4/1 2314/5/1 
f 2800/4/1 2381/5/1 2751/7/1 
f 2629/1/1 2767/17/1 2808/16/1 
f 2500/1/1 2599/4/1 2534/5/1 
f 2212/4/1 2332/5/1 2792/7/1 
f 2612/4/1 2611/5/1 2613/7/1 
f 2363/4/1 2484/5/1 2786/7/1 
f 2758/1/1 2771/17/1 2579/5/1 
f 2543/4/1 2219/5/1 2765/7/1 
f 2801/4/1 2788/16/1 2777/7/1 
f 2461/4/1 2809/12/1 2796/7/1 
f 2460/4/1 2487/5/1 2461/7/1 
f 2770/4/1 2242/5/1 2791/7/1 
f 2790/4/1 2595/5/1 2770/7/1 
f 299/4/1 479/5/1 2779/7/1 
f 2460/4/1 2487/5/1 2461/7/1 
f 2527/4/1 2206/5/1 2769/7/1 
f 2279/4/1 2561/5/1 2708/7/1 
f 2529/4/1 2570/5/1 2530/7/1 
f 496/4/1 236/5/1 2775/7/1 
f 2542/4/1 2493/5/1 2543/7/1 
f 2613/4/1 2245/5/1 2773/7/1 
f 2629/1/1 2454/4/1 2373/5/1 
f 2543/4/1 2219/5/1 2765/7/1 
f 2458/1/1 2387/4/1 2459/5/1 
f 601/4/1 278/5/1 2776/7/1 
f 601/4/1 278/5/1 2776/7/1 
f 2529/4/1 2570/5/1 2530/7/1 
f 2770/4/1 2242/5/1 2791/7/1 
f 2799/4/1 2465/5/1 2783/7/1 
f 2219/1/1 2542/4/1 2493/5/1 
f 2645/4/1 2496/5/1 2646/7/1 
f 2790/4/1 2595/5/1 2770/7/1 
f 2537/4/1 2268/5/1 2538/7/1 
f 2279/4/1 2561/5/1 2708/7/1 
f 2800/4/1 2381/5/1 2751/7/1 
f 2242/1/1 2790/4/1 2595/5/1 
f 2461/4/1 2324/5/1 2796/7/1 
f 2505/1/1 2799/4/1 2465/5/1 
f 2810/4/1 2419/1/1 2733/7/1 
f 2300/1/1 2667/7/1 2286/5/1 
f 2768/4/1 2811/10/1 2291/7/1 
f 2773/4/1 2720/5/1 2542/7/1 
f 2774/4/1 2685/5/1 2454/7/1 
f 2227/1/1 2655/7/1 2362/5/1 
f 2315/1/1 2746/7/1 2419/5/1 
f 2781/4/1 2740/5/1 2799/7/1 
f 2765/4/1 2745/5/1 2800/7/1 
f 2644/4/1 2465/1/1 2740/7/1 
f 2465/1/1 2740/7/1 2290/5/1 
f 2314/1/1 2483/7/1 2259/5/1 
f 2787/4/1 2667/5/1 2362/7/1 
f 2497/1/1 2705/7/1 2761/5/1 
f 2419/1/1 2733/7/1 2411/5/1 
f 2298/1/1 2224/7/1 2812/16/1 
f 2781/4/1 2740/5/1 2799/7/1 
f 2286/1/1 2450/7/1 2287/15/1 
f 2457/1/1 2403/7/1 2169/5/1 
f 2781/4/1 2740/5/1 2799/7/1 
f 2308/1/1 2360/7/1 2725/5/1 
f 2222/1/1 2446/7/1 2454/5/1 
f 2525/1/1 2671/7/1 2401/5/1 
f 2789/4/1 2744/5/1 2645/7/1 
f 2759/4/1 2493/1/1 2720/7/1 
f 2315/1/1 2746/7/1 2419/5/1 
f 2403/4/1 2534/1/1 2458/7/1 
f 2495/1/1 2696/7/1 2813/15/1 
f 2300/1/1 2667/7/1 2814/14/1 
f 2789/4/1 2259/1/1 2444/7/1 
f 2446/4/1 2381/1/1 2745/7/1 
f 2497/1/1 2705/7/1 2761/5/1 
f 2765/4/1 2745/5/1 2800/7/1 
f 2453/1/1 2564/7/1 2542/5/1 
f 2525/1/1 2671/7/1 2401/5/1 
f 2259/1/1 2444/7/1 2645/5/1 
f 2773/4/1 2720/5/1 2542/7/1 
f 2705/4/1 2496/1/1 2744/7/1 
f 2782/4/1 2815/13/1 2599/7/1 
f 2816/2/1 2314/1/1 2513/7/1 
f 2817/4/1 2373/1/1 2685/7/1 
f 2818/2/1 2819/13/1 2564/7/1 
f 2429/1/1 2759/7/1 2291/5/1 
f 2308/1/1 2360/7/1 2306/15/1 
f 2782/4/1 2458/5/1 2599/7/1 
f 2227/1/1 2655/7/1 2362/5/1 
f 2820/9/1 2821/11/1 2468/7/1 
f 2787/4/1 2667/5/1 2362/7/1 
f 2457/1/1 2403/7/1 2169/5/1 
f 2768/4/1 2499/5/1 2291/7/1 
f 2822/13/1 2800/7/1 2823/2/1 
f 2403/4/1 2534/1/1 2458/7/1 
f 2824/13/1 2291/7/1 2825/2/1 
f 2787/4/1 2667/5/1 2362/7/1 
f 2789/4/1 2744/5/1 2645/7/1 
f 2286/1/1 2450/7/1 2287/15/1 
f 2226/1/1 2499/7/1 2227/5/1 
f 2401/1/1 2468/7/1 2473/5/1 
f 2791/4/1 2703/5/1 2784/7/1 
f 2789/4/1 2744/5/1 2645/7/1 
f 2341/1/1 2817/7/1 2513/5/1 
f 2826/4/1 2298/1/1 2224/7/1 
f 2493/1/1 2720/7/1 2429/5/1 
f 2222/1/1 2446/7/1 2454/5/1 
f 2774/4/1 2685/5/1 2454/7/1 
f 2238/1/1 2703/7/1 2453/5/1 
f 2765/4/1 2381/1/1 2800/7/1 
f 2373/1/1 2685/7/1 2341/5/1 
f 2341/1/1 2817/7/1 2513/5/1 
f 2787/4/1 2667/5/1 2362/7/1 
f 2789/4/1 2496/1/1 2645/7/1 
f 2495/1/1 2696/7/1 2308/5/1 
f 2786/4/1 2483/5/1 2513/7/1 
f 2782/4/1 2458/5/1 2599/7/1 
f 2786/4/1 2314/1/1 2513/7/1 
f 2773/4/1 2720/5/1 2542/7/1 
f 2781/4/1 2740/5/1 2799/7/1 
f 2429/1/1 2759/7/1 2291/5/1 
f 2773/4/1 2827/10/1 2542/7/1 
f 2782/4/1 2534/1/1 2599/7/1 
f 2791/4/1 2238/1/1 2784/7/1 
f 2297/1/1 2722/7/1 2298/5/1 
f 2381/1/1 2745/7/1 2222/5/1 
f 2314/1/1 2483/7/1 2259/5/1 
f 2705/4/1 2496/1/1 2744/7/1 
f 2768/4/1 2226/1/1 2291/7/1 
f 2786/4/1 2483/5/1 2513/7/1 
f 2297/1/1 2722/7/1 2298/5/1 
f 2774/4/1 2685/5/1 2454/7/1 
f 2791/4/1 2238/1/1 2784/7/1 
f 2655/4/1 2226/1/1 2499/7/1 
f 2774/4/1 2685/5/1 2454/7/1 
f 2791/4/1 2703/5/1 2784/7/1 
f 2238/1/1 2703/7/1 2453/5/1 
f 2290/1/1 2644/7/1 2800/5/1 
f 2290/1/1 2644/7/1 2800/5/1 
f 2298/1/1 2826/4/1 2186/5/1 
f 2828/4/1 2169/5/1 2403/7/1 
f 2373/1/1 2817/4/1 2341/5/1 
f 2534/1/1 2403/4/1 2457/5/1 
f 2381/1/1 2765/4/1 2745/5/1 
f 2493/1/1 2759/4/1 2429/5/1 
f 2496/1/1 2705/4/1 2497/5/1 
f 2468/4/1 2401/5/1 2671/7/1 
f 2373/1/1 2454/7/1 2685/5/1 
f 2768/4/1 2291/5/1 2759/7/1 
f 2381/1/1 2800/7/1 2745/5/1 
f 2226/1/1 2768/4/1 2499/5/1 
f 2444/4/1 2259/5/1 2483/7/1 
f 2493/1/1 2542/7/1 2720/5/1 
f 2655/4/1 2227/5/1 2499/7/1 
f 2224/4/1 2298/5/1 2722/7/1 
f 2765/4/1 2800/5/1 2644/7/1 
f 2774/4/1 2454/5/1 2446/7/1 
f 2381/1/1 2800/7/1 2745/5/1 
f 2644/4/1 2290/5/1 2740/7/1 
f 2238/1/1 2791/4/1 2703/5/1 
f 2238/1/1 2791/4/1 2703/5/1 
f 2468/4/1 2401/5/1 2671/7/1 
f 2789/4/1 2645/5/1 2444/7/1 
f 2373/1/1 2454/7/1 2685/5/1 
f 2360/4/1 2308/5/1 2696/7/1 
f 2238/1/1 2784/7/1 2703/5/1 
f 2300/1/1 2362/7/1 2667/5/1 
f 2300/1/1 2362/7/1 2667/5/1 
f 2496/1/1 2645/7/1 2744/5/1 
f 2373/1/1 2454/7/1 2685/5/1 
f 2493/1/1 2542/7/1 2720/5/1 
f 2534/1/1 2599/7/1 2458/5/1 
f 2786/4/1 2483/5/1 2314/1/1 
f 2829/4/1 2761/5/1 2705/7/1 
f 2259/1/1 2789/4/1 2645/5/1 
f 2810/4/1 2411/5/1 2733/7/1 
f 2759/4/1 2429/5/1 2720/7/1 
f 2465/1/1 2644/4/1 2290/5/1 
f 2314/1/1 2786/4/1 2483/5/1 
f 2564/4/1 2830/10/1 2703/7/1 
f 2534/1/1 2782/4/1 2458/5/1 
f 2534/1/1 2599/7/1 2831/14/1 
f 2832/4/1 2725/5/1 2360/7/1 
f 2496/1/1 2789/4/1 2744/5/1 
f 2381/1/1 2823/2/1 2745/5/1 
f 2493/1/1 2542/7/1 2720/5/1 
f 2496/1/1 2645/7/1 2744/5/1 
f 2826/4/1 2186/5/1 2224/7/1 
f 2401/1/1 2820/9/1 2473/5/1 
f 2226/1/1 2291/7/1 2499/5/1 
f 2829/4/1 2833/8/1 2705/7/1 
f 2493/1/1 2542/7/1 2720/5/1 
f 2465/1/1 2799/7/1 2834/14/1 
f 2381/1/1 2446/4/1 2835/15/1 
f 2782/4/1 2599/5/1 2450/7/1 
f 2226/1/1 2825/2/1 2499/5/1 
f 2453/1/1 2818/2/1 2542/5/1 
f 2782/4/1 2599/5/1 2450/7/1 
f 2496/1/1 2705/4/1 2836/15/1 
f 2360/4/1 2308/5/1 2696/7/1 
f 2450/4/1 2837/10/1 2667/7/1 
f 2786/4/1 2513/5/1 2817/7/1 
f 2768/4/1 2291/5/1 2759/7/1 
f 2564/4/1 2453/5/1 2703/7/1 
f 2773/4/1 2542/5/1 2564/7/1 
f 2446/4/1 2222/5/1 2745/7/1 
f 2465/1/1 2799/7/1 2740/5/1 
f 2765/4/1 2800/5/1 2644/7/1 
f 2838/4/1 2473/5/1 2468/7/1 
f 2300/1/1 2362/7/1 2667/5/1 
f 2828/4/1 2169/5/1 2403/7/1 
f 2496/1/1 2645/7/1 2744/5/1 
f 2787/4/1 2362/5/1 2655/7/1 
f 2774/4/1 2454/5/1 2446/7/1 
f 2224/4/1 2298/5/1 2722/7/1 
f 2314/1/1 2513/7/1 2483/5/1 
f 2786/4/1 2513/5/1 2817/7/1 
f 2817/4/1 2341/5/1 2685/7/1 
f 2300/1/1 2362/7/1 2667/5/1 
f 2465/1/1 2799/7/1 2740/5/1 
f 2832/4/1 2725/5/1 2360/7/1 
f 2787/4/1 2362/5/1 2655/7/1 
f 2226/1/1 2291/7/1 2499/5/1 
f 2444/4/1 2259/5/1 2483/7/1 
f 2465/1/1 2799/7/1 2740/5/1 
f 2238/1/1 2784/7/1 2703/5/1 
f 2373/1/1 2454/7/1 2685/5/1 
f 2733/4/1 2419/5/1 2746/7/1 
f 2534/1/1 2782/4/1 2458/5/1 
f 2226/1/1 2655/4/1 2227/5/1 
f 2419/1/1 2810/4/1 2411/5/1 
f 2450/4/1 2286/5/1 2667/7/1 
f 2314/1/1 2513/7/1 2483/5/1 
f 2733/4/1 2419/5/1 2746/7/1 
f 2534/1/1 2403/4/1 2457/5/1 
f 2627/1/1 2731/7/1 2524/5/1 
f 2378/1/1 2687/7/1 2760/5/1 
f 2472/1/1 2717/7/1 2537/5/1 
f 2472/1/1 2717/7/1 2537/5/1 
f 2378/1/1 2687/7/1 2760/5/1 
f 2354/1/1 2199/7/1 2254/5/1 
f 2268/1/1 2302/7/1 2194/5/1 
f 2354/1/1 2199/7/1 2254/5/1 
f 2839/2/1 2524/1/1 2566/7/1 
f 2687/4/1 2377/1/1 2664/7/1 
f 2621/1/1 2669/7/1 2354/5/1 
f 2627/1/1 2731/7/1 2524/5/1 
f 2611/1/1 2331/7/1 2472/5/1 
f 2561/1/1 2581/7/1 2562/5/1 
f 2595/1/1 2758/7/1 2427/5/1 
f 2561/1/1 2581/7/1 2562/5/1 
f 2194/1/1 2178/7/1 2279/5/1 
f 2621/1/1 2669/7/1 2354/5/1 
f 2595/1/1 2758/7/1 2427/5/1 
f 2611/1/1 2331/7/1 2472/5/1 
f 2562/1/1 2598/7/1 2386/5/1 
f 2268/1/1 2302/7/1 2194/5/1 
f 2178/7/1 2797/4/1 2194/1/1 
f 2427/1/1 2556/7/1 2612/5/1 
f 2427/1/1 2556/7/1 2612/5/1 
f 2687/4/1 2377/1/1 2664/7/1 
f 2562/1/1 2598/7/1 2386/5/1 
f 2840/18/1 2524/1/1 2566/7/1 
f 2796/4/1 2664/5/1 2386/7/1 
f 2769/4/1 2302/5/1 2537/7/1 
f 2796/4/1 2664/5/1 2386/7/1 
f 2797/4/1 2581/5/1 2279/7/1 
f 2284/4/1 2201/1/1 2749/7/1 
f 2273/1/1 2351/7/1 2271/15/1 
f 2487/1/1 2747/7/1 2273/5/1 
f 2794/4/1 2750/5/1 2529/7/1 
f 2769/4/1 2302/5/1 2537/7/1 
f 2772/4/1 2758/5/1 2790/7/1 
f 2775/4/1 2747/5/1 2460/7/1 
f 2792/4/1 2331/5/1 2612/7/1 
f 2776/4/1 2683/5/1 2211/7/1 
f 2841/17/1 2570/1/1 2750/7/1 
f 2776/4/1 2683/5/1 2211/7/1 
f 2318/1/1 2614/7/1 2529/5/1 
f 2794/4/1 2318/1/1 2614/7/1 
f 2296/1/1 2734/7/1 2460/5/1 
f 2842/4/1 2191/1/1 2284/7/1 
f 2843/6/1 2529/7/1 2794/4/1 
f 2652/1/1 2547/7/1 2626/5/1 
f 2303/1/1 2683/7/1 2304/5/1 
f 2775/4/1 2747/5/1 2460/7/1 
f 2772/4/1 2758/5/1 2790/7/1 
f 2201/1/1 2749/7/1 2191/5/1 
f 2792/4/1 2844/10/1 2612/7/1 
f 2487/1/1 2747/7/1 2845/15/1 
f 2558/1/1 2697/7/1 2541/5/1 
f 2792/4/1 2331/5/1 2612/7/1 
f 2794/4/1 2750/5/1 2529/7/1 
f 2284/7/1 2846/2/1 2847/19/1 
f 2779/4/1 2754/5/1 2526/7/1 
f 2626/1/1 2312/7/1 2211/5/1 
f 2778/4/1 2547/5/1 2801/7/1 
f 2317/1/1 2754/7/1 2848/14/1 
f 2558/1/1 2697/7/1 2541/5/1 
f 2769/4/1 2268/1/1 2537/7/1 
f 2778/4/1 2849/8/1 2801/7/1 
f 2797/4/1 2581/5/1 2279/7/1 
f 2850/2/1 2851/13/1 2460/7/1 
f 2796/4/1 2664/5/1 2386/7/1 
f 2769/4/1 2302/5/1 2537/7/1 
f 2775/4/1 2747/5/1 2460/7/1 
f 2796/4/1 2664/5/1 2386/7/1 
f 2776/4/1 2683/5/1 2211/7/1 
f 2772/4/1 2595/1/1 2790/7/1 
f 2797/4/1 2581/5/1 2279/7/1 
f 2792/4/1 2331/5/1 2612/7/1 
f 2304/1/1 2852/7/1 2526/5/1 
f 2779/4/1 2853/10/1 2526/7/1 
f 2779/4/1 2754/5/1 2526/7/1 
f 2303/1/1 2683/7/1 2304/5/1 
f 2652/1/1 2547/7/1 2626/5/1 
f 2296/1/1 2734/7/1 2460/5/1 
f 2570/1/1 2750/7/1 2296/5/1 
f 2772/4/1 2758/5/1 2790/7/1 
f 2854/4/1 2541/1/1 2510/7/1 
f 2797/4/1 2561/1/1 2279/7/1 
f 2273/1/1 2351/7/1 2271/15/1 
f 2778/4/1 2547/5/1 2801/7/1 
f 2541/1/1 2510/7/1 2641/5/1 
f 2304/1/1 2852/7/1 2526/5/1 
f 2778/4/1 2547/5/1 2801/7/1 
f 2779/4/1 2754/5/1 2526/7/1 
f 2626/1/1 2312/7/1 2211/5/1 
f 2317/1/1 2754/7/1 2318/5/1 
f 2794/4/1 2750/5/1 2529/7/1 
f 2776/4/1 2683/5/1 2211/7/1 
f 2595/1/1 2790/7/1 2758/5/1 
f 2318/1/1 2794/4/1 2529/5/1 
f 2561/1/1 2279/7/1 2581/5/1 
f 2598/4/1 2562/5/1 2581/7/1 
f 2556/4/1 2427/5/1 2758/7/1 
f 2178/4/1 2194/5/1 2302/7/1 
f 2855/4/1 2760/5/1 2687/7/1 
f 2199/4/1 2354/5/1 2669/7/1 
f 2351/4/1 2273/5/1 2747/7/1 
f 2178/4/1 2194/5/1 2302/7/1 
f 2797/4/1 2279/5/1 2178/7/1 
f 2611/1/1 2612/7/1 2331/5/1 
f 2312/4/1 2626/5/1 2547/7/1 
f 2561/1/1 2797/4/1 2581/5/1 
f 2652/1/1 2801/7/1 2547/5/1 
f 2317/1/1 2526/7/1 2754/5/1 
f 2303/1/1 2211/7/1 2683/5/1 
f 2852/4/1 2304/5/1 2683/7/1 
f 2652/1/1 2801/7/1 2547/5/1 
f 2598/4/1 2562/5/1 2581/7/1 
f 2510/4/1 2541/5/1 2697/7/1 
f 2566/4/1 2524/5/1 2731/7/1 
f 2268/1/1 2769/4/1 2302/5/1 
f 2854/4/1 2641/5/1 2510/7/1 
f 2303/1/1 2211/7/1 2683/5/1 
f 2268/1/1 2537/7/1 2302/5/1 
f 2194/1/1 2797/4/1 2279/5/1 
f 2268/1/1 2537/7/1 2302/5/1 
f 2775/4/1 2460/5/1 2734/7/1 
f 2566/4/1 2524/5/1 2731/7/1 
f 2779/4/1 2526/5/1 2852/7/1 
f 2852/4/1 2304/5/1 2683/7/1 
f 2570/1/1 2841/17/1 2296/5/1 
f 2614/4/1 2318/5/1 2754/7/1 
f 2611/1/1 2612/7/1 2331/5/1 
f 2734/4/1 2856/8/1 2750/7/1 
f 2377/1/1 2386/7/1 2664/5/1 
f 2796/4/1 2857/10/1 2598/7/1 
f 2191/1/1 2842/4/1 2544/5/1 
f 2524/1/1 2840/18/1 2462/5/1 
f 2510/4/1 2541/5/1 2697/7/1 
f 2377/1/1 2386/7/1 2664/5/1 
f 2268/1/1 2537/7/1 2302/5/1 
f 2487/1/1 2460/7/1 2858/14/1 
f 2794/4/1 2859/10/1 2614/7/1 
f 2317/1/1 2526/7/1 2754/5/1 
f 2351/4/1 2845/15/1 2747/7/1 
f 2377/1/1 2386/7/1 2664/5/1 
f 2570/1/1 2794/4/1 2750/5/1 
f 2487/1/1 2850/2/1 2747/5/1 
f 2611/1/1 2612/7/1 2331/5/1 
f 2317/1/1 2526/7/1 2754/5/1 
f 2595/1/1 2790/7/1 2758/5/1 
f 2775/4/1 2460/5/1 2734/7/1 
f 2842/4/1 2544/5/1 2847/19/1 
f 2561/1/1 2279/7/1 2581/5/1 
f 2377/1/1 2687/4/1 2378/5/1 
f 2284/4/1 2860/12/1 2749/7/1 
f 2861/4/1 2862/5/1 2351/7/1 
f 2863/4/1 2462/5/1 2524/1/1 
f 2769/4/1 2537/5/1 2717/7/1 
f 2377/1/1 2386/7/1 2664/5/1 
f 2861/4/1 2862/5/1 2351/7/1 
f 2614/4/1 2318/5/1 2754/7/1 
f 2864/4/1 2254/5/1 2199/7/1 
f 2377/1/1 2687/4/1 2378/5/1 
f 2779/4/1 2526/5/1 2852/7/1 
f 2717/4/1 2472/5/1 2331/7/1 
f 2792/4/1 2612/5/1 2556/7/1 
f 2595/1/1 2772/4/1 2758/5/1 
f 2570/1/1 2529/7/1 2750/5/1 
f 2864/4/1 2254/5/1 2199/7/1 
f 2776/4/1 2211/5/1 2312/7/1 
f 2776/4/1 2211/5/1 2312/7/1 
f 2652/1/1 2801/7/1 2547/5/1 
f 2303/1/1 2211/7/1 2683/5/1 
f 2611/1/1 2612/7/1 2331/5/1 
f 2792/4/1 2612/5/1 2556/7/1 
f 2796/4/1 2386/5/1 2598/7/1 
f 2201/1/1 2284/4/1 2191/5/1 
f 2556/4/1 2427/5/1 2758/7/1 
f 2717/4/1 2472/5/1 2331/7/1 
f 2199/4/1 2354/5/1 2669/7/1 
f 2487/1/1 2460/7/1 2747/5/1 
f 2769/4/1 2537/5/1 2717/7/1 
f 2570/1/1 2529/7/1 2750/5/1 
f 2317/1/1 2526/7/1 2754/5/1 
f 2570/1/1 2529/7/1 2750/5/1 
f 2303/1/1 2211/7/1 2683/5/1 
f 2561/1/1 2279/7/1 2581/5/1 
f 2652/1/1 2801/7/1 2547/5/1 
f 2487/1/1 2460/7/1 2747/5/1 
f 2595/1/1 2790/7/1 2758/5/1 
f 2312/4/1 2626/5/1 2547/7/1 
f 2855/4/1 2760/5/1 2687/7/1 
f 2541/1/1 2854/4/1 2641/5/1 
f 2201/1/1 2641/7/1 2749/5/1 
f 2525/1/1 2186/7/1 2671/5/1 
f 2558/1/1 2862/7/1 2697/5/1 
f 2385/1/1 2463/7/1 2621/5/1 
f 2558/1/1 2862/7/1 2697/5/1 
f 2315/1/1 2725/7/1 2746/5/1 
f 2865/12/1 2234/1/1 2176/7/1 
f 2731/1/1 2855/7/1 2197/5/1 
f 2169/4/1 2326/1/1 2170/7/1 
f 2675/4/1 2866/1/1 2864/7/1 
f 2525/1/1 2186/7/1 2671/5/1 
f 2696/1/1 2829/7/1 2326/5/1 
f 2867/1/1 2691/7/1 2868/16/1 
f 2398/1/1 2727/7/1 2201/5/1 
f 2869/1/1 2254/7/1 2866/5/1 
f 2761/4/1 2367/1/1 2173/7/1 
f 2746/1/1 2832/7/1 2870/16/1 
f 2871/1/1 2675/7/1 2872/15/1 
f 2669/1/1 2863/7/1 2398/5/1 
f 2297/5/1 2326/1/1 2170/7/1 
f 2873/1/1 2544/7/1 2874/5/1 
f 2297/1/1 2169/7/1 2722/5/1 
f 2297/1/1 2169/7/1 2722/5/1 
f 2329/1/1 2187/7/1 2327/15/1 
f 2201/1/1 2641/7/1 2749/5/1 
f 2671/1/1 2826/7/1 2875/16/1 
f 2315/1/1 2725/7/1 2746/5/1 
f 2197/1/1 2876/7/1 2558/5/1 
f 2283/1/1 2726/7/1 2315/5/1 
f 2877/1/1 2838/7/1 2867/5/1 
f 2873/1/1 2544/7/1 2874/5/1 
f 2861/4/1 2558/1/1 2862/7/1 
f 2671/1/1 2826/7/1 2875/16/1 
f 2329/1/1 2187/7/1 2525/5/1 
f 2878/17/1 2879/1/1 2474/7/1 
f 2627/1/1 2760/7/1 2731/5/1 
f 2810/4/1 2880/1/1 2411/7/1 
f 2495/1/1 2761/7/1 2696/5/1 
f 2495/1/1 2761/7/1 2696/5/1 
f 2627/1/1 2760/7/1 2731/5/1 
f 2462/4/1 2385/1/1 2463/7/1 
f 2169/4/1 2326/1/1 2170/7/1 
f 2398/1/1 2727/7/1 2201/5/1 
f 2880/1/1 2411/7/1 2881/5/1 
f 2882/1/1 2412/7/1 2880/5/1 
f 2367/1/1 2173/7/1 2495/5/1 
f 2621/1/1 2462/7/1 2669/5/1 
f 2621/1/1 2462/7/1 2883/12/1 
f 2558/1/1 2862/7/1 2697/5/1 
f 2495/1/1 2761/7/1 2884/14/1 
f 2880/1/1 2411/7/1 2881/5/1 
f 2881/1/1 2810/7/1 2879/5/1 
f 2760/4/1 2234/1/1 2176/7/1 
f 2871/1/1 2675/7/1 2873/5/1 
f 2829/4/1 2495/1/1 2761/7/1 
f 2885/11/1 2544/7/1 2842/4/1 
f 2197/1/1 2876/7/1 2558/5/1 
f 2675/4/1 2866/1/1 2864/7/1 
f 2886/1/1 2473/7/1 2877/5/1 
f 2385/1/1 2463/7/1 2621/5/1 
f 2297/1/1 2169/7/1 2722/5/1 
f 2722/1/1 2828/7/1 2234/5/1 
f 2879/1/1 2474/7/1 2886/5/1 
f 2869/1/1 2254/7/1 2866/5/1 
f 2731/1/1 2855/7/1 2197/5/1 
f 2367/1/1 2173/7/1 2495/5/1 
f 2865/12/1 2234/1/1 2176/7/1 
f 2697/1/1 2861/7/1 209/5/1 
f 2886/1/1 2473/7/1 2877/5/1 
f 2186/4/1 2329/1/1 2187/7/1 
f 2621/1/1 2462/7/1 2669/5/1 
f 2749/1/1 2854/7/1 122/5/1 
f 2874/1/1 2842/7/1 737/5/1 
f 2297/1/1 2169/7/1 2722/5/1 
f 2880/1/1 2411/7/1 2881/5/1 
f 2855/4/1 2627/1/1 2760/7/1 
f 2201/1/1 2641/7/1 2749/5/1 
f 2627/1/1 2760/7/1 2731/5/1 
f 2525/1/1 2186/7/1 2671/5/1 
f 2315/1/1 2725/7/1 2746/5/1 
f 2749/1/1 2854/7/1 122/5/1 
f 2882/1/1 2412/7/1 2880/5/1 
f 2882/1/1 2412/7/1 2880/5/1 
f 2283/1/1 2726/7/1 2315/5/1 
f 2197/1/1 2876/7/1 2558/5/1 
f 2525/1/1 2186/7/1 2671/5/1 
f 2187/4/1 2746/1/1 2832/7/1 
f 2886/1/1 2473/7/1 2877/5/1 
f 2869/1/1 2254/7/1 2866/5/1 
f 2621/1/1 2462/7/1 2669/5/1 
f 2254/4/1 2867/1/1 2691/7/1 
f 2283/1/1 2726/7/1 2315/5/1 
f 2886/1/1 2473/7/1 2877/5/1 
f 2871/1/1 2675/7/1 2873/5/1 
f 2887/17/1 2696/1/1 2829/7/1 
f 2722/1/1 2828/7/1 2234/5/1 
f 2879/1/1 2474/7/1 2886/5/1 
f 2869/1/1 2254/7/1 2864/4/1 
f 2398/1/1 2727/7/1 2201/5/1 
f 2854/4/1 2201/1/1 2641/7/1 
f 2315/1/1 2725/7/1 2746/5/1 
f 2669/1/1 2863/7/1 2398/5/1 
f 2881/1/1 2810/7/1 2879/5/1 
f 2877/1/1 2838/7/1 2867/5/1 
f 2874/1/1 2842/7/1 737/5/1 
f 2867/1/1 2691/7/1 2869/5/1 
f 2873/1/1 2544/7/1 2874/5/1 
f 2697/1/1 2861/7/1 209/5/1 
f 2855/4/1 2731/5/1 2760/7/1 
f 9/4/1 209/5/1 2861/7/1 
f 2864/4/1 2866/5/1 2254/7/1 
f 2838/4/1 2877/5/1 2473/7/1 
f 2855/4/1 2731/5/1 2760/7/1 
f 2367/1/1 2761/4/1 2495/5/1 
f 2862/4/1 2558/5/1 2876/7/1 
f 2641/4/1 2201/5/1 2727/7/1 
f 2829/4/1 2696/5/1 2495/1/1 
f 2558/1/1 2861/4/1 2697/5/1 
f 255/4/1 737/5/1 2842/7/1 
f 2473/4/1 2886/5/1 2474/7/1 
f 2691/4/1 2867/5/1 2838/7/1 
f 2832/4/1 2746/5/1 2725/7/1 
f 2864/4/1 2866/5/1 2254/7/1 
f 2861/4/1 2697/5/1 2862/7/1 
f 2727/4/1 2398/5/1 2863/7/1 
f 2862/4/1 2558/5/1 2876/7/1 
f 2876/4/1 2197/5/1 2855/7/1 
f 2873/1/1 2842/4/1 2874/5/1 
f 9/4/1 209/5/1 2861/7/1 
f 2411/4/1 2880/5/1 2412/7/1 
f 2329/1/1 2186/4/1 2525/5/1 
f 2861/4/1 2697/5/1 2862/7/1 
f 2641/4/1 2201/5/1 2727/7/1 
f 2832/4/1 2746/5/1 2725/7/1 
f 2169/4/1 2297/5/1 2170/7/1 
f 2746/1/1 2187/4/1 2329/5/1 
f 2810/4/1 2881/5/1 2411/7/1 
f 2842/4/1 2874/5/1 2544/7/1 
f 2838/4/1 2877/5/1 2473/7/1 
f 2826/4/1 2671/5/1 2186/7/1 
f 2829/4/1 2696/5/1 2761/7/1 
f 2411/4/1 2880/5/1 2412/7/1 
f 2862/4/1 2558/5/1 2876/7/1 
f 2832/4/1 2746/5/1 2725/7/1 
f 2855/4/1 2731/5/1 2760/7/1 
f 2176/4/1 2234/5/1 2828/7/1 
f 2829/4/1 2884/14/1 2761/7/1 
f 2810/4/1 2881/5/1 2411/7/1 
f 2254/4/1 2888/10/1 2691/7/1 
f 2760/4/1 2865/12/1 2176/7/1 
f 2863/4/1 2883/12/1 2462/7/1 
f 2863/4/1 2669/5/1 2462/7/1 
f 2627/1/1 2855/4/1 2731/5/1 
f 2832/4/1 2746/5/1 2725/7/1 
f 2696/1/1 2887/17/1 2326/5/1 
f 2854/4/1 2749/5/1 2641/7/1 
f 2463/4/1 2385/5/1 2826/7/1 
f 2826/4/1 2889/8/1 2186/7/1 
f 2761/4/1 2890/10/1 2173/7/1 
f 2474/4/1 2879/5/1 2810/7/1 
f 2186/4/1 2525/5/1 2187/7/1 
f 2234/1/1 2760/4/1 2627/5/1 
f 2462/4/1 2621/5/1 2463/7/1 
f 2691/4/1 2867/5/1 2838/7/1 
f 2866/1/1 2675/4/1 2871/5/1 
f 2760/4/1 2865/12/1 2176/7/1 
f 2170/4/1 2891/10/1 2829/7/1 
f 2473/4/1 2886/5/1 2474/7/1 
f 2544/4/1 2873/5/1 2675/7/1 
f 2385/1/1 2462/4/1 2621/5/1 
f 2842/4/1 2892/12/1 2544/7/1 
f 2854/4/1 2749/5/1 2641/7/1 
f 2187/4/1 2329/5/1 2832/7/1 
f 2879/1/1 2878/17/1 2886/5/1 
f 2254/4/1 2869/5/1 2691/7/1 
f 2326/1/1 2169/4/1 2297/5/1 
f 2186/4/1 2525/5/1 2187/7/1 
f 2893/17/1 2875/16/1 2826/7/1 
f 2826/4/1 2894/10/1 2186/7/1 
f 2810/4/1 2881/5/1 2411/7/1 
f 2544/4/1 2873/5/1 2675/7/1 
f 2725/4/1 2315/5/1 2726/7/1 
f 2876/4/1 2197/5/1 2855/7/1 
f 2201/1/1 2854/4/1 2749/5/1 
f 2474/4/1 2879/5/1 2810/7/1 
f 2828/4/1 2722/5/1 2169/7/1 
f 2828/4/1 2722/5/1 2169/7/1 
f 2641/4/1 2201/5/1 2727/7/1 
f 2828/4/1 2722/5/1 2169/7/1 
f 2829/4/1 2696/5/1 2761/7/1 
f 2462/4/1 2621/5/1 2463/7/1 
f 2176/4/1 2234/5/1 2828/7/1 
f 2880/1/1 2810/4/1 2881/5/1 
f 2842/4/1 2874/5/1 2544/7/1 
f 2863/4/1 2669/5/1 2462/7/1 
f 2861/4/1 2697/5/1 2862/7/1 
f 2869/1/1 2864/4/1 2866/5/1 
f 2727/4/1 2398/5/1 2863/7/1 
f 2828/4/1 2722/5/1 2169/7/1 
f 2411/4/1 2880/5/1 2412/7/1 
f 576/4/1 122/5/1 2854/7/1 
f 2838/4/1 2877/5/1 2473/7/1 
f 2864/4/1 2866/5/1 2254/7/1 
f 2867/1/1 2254/4/1 2869/5/1 
f 2866/1/1 2675/4/1 2871/5/1 
f 2838/4/1 2877/5/1 2473/7/1 
f 255/4/1 737/5/1 2842/7/1 
f 2544/4/1 2873/5/1 2675/7/1 
f 2863/4/1 2669/5/1 2462/7/1 
f 576/4/1 122/5/1 2854/7/1 
f 2826/4/1 2671/5/1 2186/7/1 
f 2854/4/1 2749/5/1 2641/7/1 
f 2725/4/1 2315/5/1 2726/7/1 
f 2725/4/1 2315/5/1 2726/7/1 
f 2326/1/1 2169/4/1 2297/5/1 
f 2761/4/1 2495/5/1 2173/7/1 
usemtl Material__2
f 2272/6/1 2895/13/1 2166/2/1 
f 2896/13/1 2456/7/1 2169/4/1 
f 2895/13/1 2271/7/1 2166/2/1 
f 2762/13/1 2623/7/1 2761/4/1 
f 2896/13/1 2169/4/1 2764/6/1 
f 2762/13/1 2173/5/1 2172/6/1 
f 2897/13/1 2569/7/1 2760/4/1 
f 2175/6/1 2897/13/1 2760/4/1 
usemtl Material__3
f 2809/12/1 2898/10/1 2796/7/1 
f 2898/10/1 2324/5/1 2796/7/1 
f 2894/10/1 2671/5/1 2186/7/1 
f 2271/15/1 2351/7/1 2862/5/1 
f 2788/16/1 2801/4/1 2652/5/1 
f 2463/4/1 2385/5/1 2893/17/1 
usemtl Material__2
f 2574/10/1 2670/5/1 2398/7/1 
usemtl Material__3
f 2327/15/1 2187/7/1 2525/5/1 
usemtl Material__2
f 542/4/1 2414/1/1 2389/6/1 
f 2239/8/1 2453/5/1 2235/7/1 
usemtl Material__3
f 2837/10/1 2814/14/1 2667/7/1 
f 2814/14/1 2837/10/1 2286/5/1 
usemtl Material__2
f 2395/8/1 2733/5/1 2396/7/1 
usemtl Material__3
f 2899/9/1 2524/1/1 2839/2/1 
usemtl Material__2
f 2272/10/1 2165/5/1 2273/7/1 
usemtl Material__3
f 2524/1/1 2899/9/1 2863/4/1 
f 2768/4/1 2499/5/1 2825/2/1 
usemtl Material__2
f 2202/4/1 2198/1/1 2397/11/1 
usemtl Material__3
f 2473/4/1 2886/5/1 2878/17/1 
f 2271/15/1 2351/7/1 2862/5/1 
usemtl Material__2
f 2732/14/1 2197/7/1 2196/5/1 
usemtl Material__3
f 2860/12/1 2191/5/1 2749/7/1 
f 2765/4/1 2745/5/1 2823/2/1 
f 2836/15/1 2705/4/1 2497/5/1 
usemtl Material__2
f 2665/4/1 2817/5/1 2266/9/1 
f 2276/4/1 2730/1/1 2274/11/1 
usemtl Material__3
f 2287/15/1 2450/7/1 2599/5/1 
f 2766/16/1 2765/7/1 2219/5/1 
f 2870/16/1 2832/7/1 2329/5/1 
f 2842/4/1 2847/19/1 2846/2/1 
f 2207/15/1 2527/7/1 2317/5/1 
f 2892/12/1 2874/5/1 2544/7/1 
usemtl Material__2
f 2680/4/1 2717/5/1 2508/2/1 
usemtl Material__3
f 2775/4/1 2900/12/1 2850/2/1 
f 2802/12/1 2314/5/1 2743/7/1 
usemtl Material__2
f 2729/1/1 2587/12/1 2757/5/1 
usemtl Material__3
f 2773/4/1 2542/5/1 2818/2/1 
f 2777/4/1 2579/5/1 2771/17/1 
f 2825/2/1 2226/1/1 2824/13/1 
f 2803/8/1 151/5/1 2794/7/1 
f 2379/15/1 2387/7/1 2377/5/1 
f 2872/15/1 2675/7/1 2873/5/1 
f 2795/15/1 2794/7/1 151/5/1 
usemtl Material__2
f 2266/9/1 2622/1/1 2264/6/1 
usemtl Material__3
f 2287/15/1 2450/7/1 2599/5/1 
f 2793/15/1 2792/7/1 2332/5/1 
f 2234/1/1 2865/12/1 2627/5/1 
f 2820/9/1 2401/1/1 2821/11/1 
f 2891/10/1 2326/5/1 2829/7/1 
f 2835/15/1 2446/4/1 2222/5/1 
f 2853/10/1 2754/5/1 2526/7/1 
f 2844/10/1 2331/5/1 2612/7/1 
f 2454/4/1 2373/5/1 2767/17/1 
usemtl Material__2
f 2356/10/1 2699/5/1 2357/7/1 
usemtl Material__3
f 2900/12/1 2747/5/1 2850/2/1 
usemtl Material__2
f 2693/15/1 2259/7/1 2258/5/1 
usemtl Material__3
f 2849/8/1 2547/5/1 2801/7/1 
usemtl Material__2
f 2270/10/1 2739/5/1 122/7/1 
f 2642/12/1 2727/5/1 2539/7/1 
f 2316/12/1 2419/5/1 2281/7/1 
usemtl Material__3
f 2228/15/1 2291/4/1 2226/5/1 
f 2834/14/1 2799/7/1 2740/5/1 
f 2794/4/1 2570/1/1 2843/6/1 
usemtl Material__2
f 2207/4/1 2177/1/1 2179/6/1 
f 2402/1/1 2607/10/1 2736/5/1 
f 2169/4/1 2168/1/1 2763/11/1 
f 2506/14/1 2225/4/1 2659/5/1 
f 2725/4/1 2307/1/1 2476/13/1 
usemtl Material__3
f 2798/16/1 2751/7/1 2381/5/1 
usemtl Material__2
f 2490/1/1 2492/2/1 2682/4/1 
f 2371/8/1 2695/5/1 2372/7/1 
usemtl Material__3
f 2850/2/1 2487/1/1 2851/13/1 
f 2845/15/1 2351/4/1 2273/5/1 
f 2833/8/1 2761/5/1 2705/7/1 
f 2890/10/1 2495/5/1 2173/7/1 
f 2813/15/1 2696/7/1 2308/5/1 
f 2807/8/1 2317/5/1 2527/7/1 
f 2889/8/1 2671/5/1 2186/7/1 
f 2811/10/1 2499/5/1 2291/7/1 
f 2875/16/1 2826/7/1 2385/5/1 
usemtl Material__2
f 2400/8/1 2698/5/1 2401/7/1 
f 2571/12/1 2901/8/1 2415/7/1 
usemtl Material__3
f 2454/4/1 2373/5/1 2767/17/1 
f 2875/16/1 2893/17/1 2385/5/1 
usemtl Material__2
f 2901/8/1 2296/5/1 2415/7/1 
usemtl Material__3
f 2170/4/1 2326/5/1 2887/17/1 
f 2818/2/1 2453/1/1 2819/13/1 
f 2838/4/1 2473/5/1 2820/9/1 
f 2859/10/1 2529/5/1 2614/7/1 
usemtl Material__2
f 2167/3/1 2166/2/1 2862/4/1 
f 2280/12/1 2708/5/1 2192/7/1 
usemtl Material__3
f 2812/16/1 2224/7/1 2186/5/1 
usemtl Material__2
f 2650/8/1 2719/5/1 2276/7/1 
usemtl Material__3
f 2858/14/1 2460/7/1 2747/5/1 
usemtl Material__2
f 2165/1/1 2167/3/1 2876/5/1 
f 2862/4/1 2876/5/1 2167/3/1 
usemtl Material__3
f 2267/15/1 2538/7/1 2268/5/1 
usemtl Material__2
f 2608/12/1 2559/5/1 2197/7/1 
f 2178/5/1 2707/14/1 2179/7/1 
usemtl Material__3
f 2863/4/1 2462/5/1 2840/18/1 
f 2839/2/1 2840/18/1 2566/7/1 
f 2899/9/1 2840/18/1 2839/2/1 
usemtl Material__2
f 2540/8/1 2711/5/1 2541/7/1 
usemtl Material__3
f 2840/18/1 2899/9/1 2863/4/1 
f 2785/15/1 2779/7/1 479/5/1 
f 2806/8/1 2245/5/1 2773/7/1 
f 2314/1/1 2816/2/1 2786/4/1 
f 2805/10/1 2347/5/1 2787/7/1 
f 2827/10/1 2720/5/1 2542/7/1 
f 2621/1/1 2883/12/1 2669/5/1 
f 2823/2/1 2381/1/1 2822/13/1 
f 2234/1/1 2865/12/1 2627/5/1 
usemtl Material__2
f 2535/8/1 2457/5/1 2536/7/1 
f 2800/4/1 2751/5/1 2475/2/1 
usemtl Material__3
f 2857/10/1 2386/5/1 2598/7/1 
usemtl Material__2
f 2578/10/1 2661/5/1 2579/7/1 
f 2715/14/1 2568/7/1 2567/5/1 
f 2591/14/1 510/4/1 2852/5/1 
usemtl Material__3
f 2808/16/1 2767/17/1 2373/5/1 
f 2306/15/1 2360/7/1 2725/5/1 
f 2888/10/1 2869/5/1 2691/7/1 
f 2831/14/1 2599/7/1 2458/5/1 
f 2782/4/1 2534/1/1 2815/13/1 
usemtl Material__2
f 2752/16/1 2266/9/1 2817/5/1 
f 2508/2/1 2694/1/1 2507/11/1 
f 2431/10/1 2689/5/1 2432/7/1 
usemtl Material__3
f 2842/4/1 2873/1/1 2885/11/1 
f 2847/19/1 2191/1/1 2284/7/1 
f 2191/1/1 2847/19/1 2544/5/1 
f 2856/8/1 2296/5/1 2750/7/1 
f 2848/14/1 2754/7/1 2318/5/1 
f 2884/14/1 2829/4/1 2696/5/1 
f 2734/4/1 2296/5/1 2841/17/1 
f 2804/10/1 2487/5/1 2461/7/1 
f 2830/10/1 2453/5/1 2703/7/1 
f 2868/16/1 2691/7/1 2869/5/1 
usemtl Material__2
f 2477/2/1 2725/4/1 2476/13/1 
f 2902/1/1 2903/2/1 2904/3/1 
f 2905/1/1 2906/4/1 2907/5/1 
f 2908/1/1 2909/6/1 744/5/1 
f 2910/1/1 2911/6/1 2912/5/1 
f 2913/4/1 2914/5/1 2915/7/1 
f 2916/4/1 2917/5/1 2918/7/1 
f 2919/4/1 2920/5/1 2921/7/1 
f 2922/4/1 2923/5/1 2924/7/1 
f 2925/4/1 2918/5/1 2926/7/1 
f 2927/4/1 2928/5/1 2929/7/1 
f 2930/4/1 2931/5/1 2932/7/1 
f 2933/4/1 2934/5/1 2935/7/1 
f 2936/4/1 2937/5/1 863/7/1 
f 2938/4/1 2939/1/1 2940/7/1 
f 2941/4/1 2942/5/1 854/7/1 
f 2943/4/1 2944/10/1 816/7/1 
f 2945/4/1 2946/10/1 2947/7/1 
f 2948/11/1 2949/7/1 2950/4/1 
f 2951/4/1 2952/5/1 109/7/1 
f 881/4/1 2953/5/1 2943/7/1 
f 2954/4/1 2955/5/1 2956/7/1 
f 2957/4/1 2958/5/1 2959/7/1 
f 2960/4/1 2961/12/1 2951/7/1 
f 2962/4/1 2963/5/1 2964/7/1 
f 2965/4/1 2966/5/1 2967/7/1 
f 2956/4/1 2968/1/1 2969/7/1 
f 2970/4/1 2971/5/1 2972/7/1 
f 2973/4/1 2974/5/1 2975/7/1 
f 2976/4/1 2977/5/1 2978/7/1 
f 968/4/1 2979/5/1 2936/7/1 
f 2940/4/1 2939/5/1 2980/7/1 
f 2981/4/1 2982/10/1 2983/7/1 
f 2968/4/1 2984/5/1 2985/7/1 
f 2986/4/1 354/1/1 101/7/1 
f 2987/4/1 2988/5/1 2989/7/1 
f 2990/4/1 2991/5/1 2992/7/1 
f 2993/4/1 2994/5/1 87/7/1 
f 2995/4/1 2996/8/1 2997/7/1 
f 2998/11/1 2999/7/1 2926/4/1 
f 3000/4/1 3001/8/1 3002/7/1 
f 3003/4/1 3004/5/1 3005/7/1 
f 3006/4/1 3007/5/1 3008/7/1 
f 3009/4/1 745/5/1 3010/7/1 
f 3010/4/1 123/1/1 3011/7/1 
f 3012/4/1 3013/1/1 3014/7/1 
f 2915/4/1 3015/5/1 2955/7/1 
f 3016/4/1 3017/5/1 3018/7/1 
f 2964/4/1 3019/5/1 3020/7/1 
f 3021/4/1 2905/5/1 3022/7/1 
f 3023/1/1 3024/7/1 3005/4/1 
f 3025/4/1 3026/5/1 3027/7/1 
f 3028/4/1 3029/5/1 3030/7/1 
f 3031/4/1 3032/5/1 3000/7/1 
f 3033/13/1 2957/7/1 3034/2/1 
f 3035/4/1 3036/5/1 3037/7/1 
f 2983/4/1 3038/5/1 3039/7/1 
f 3040/4/1 3041/5/1 2967/7/1 
f 3042/4/1 3041/1/1 3040/7/1 
f 3043/1/1 3044/7/1 3045/2/1 
f 3046/4/1 2959/5/1 2986/7/1 
f 3047/4/1 3048/5/1 2993/7/1 
f 3044/4/1 3043/5/1 3049/7/1 
f 2929/4/1 3050/14/1 2935/7/1 
f 2985/4/1 3051/5/1 2969/7/1 
f 853/4/1 3052/5/1 2941/7/1 
f 2997/4/1 3053/5/1 2972/7/1 
f 3054/4/1 3055/5/1 3056/7/1 
f 3027/4/1 3057/5/1 3058/7/1 
f 3059/4/1 3002/5/1 2970/7/1 
f 3060/4/1 3061/8/1 3062/7/1 
f 3063/4/1 3064/8/1 3065/7/1 
f 3066/4/1 2917/1/1 2916/7/1 
f 3008/4/1 3067/5/1 3068/7/1 
f 3069/4/1 3070/1/1 3071/7/1 
f 3072/4/1 3073/5/1 2919/7/1 
f 3018/4/1 3074/5/1 3075/7/1 
f 3003/1/1 2988/7/1 3076/4/1 
f 2924/4/1 3077/10/1 2999/7/1 
f 3030/4/1 3078/5/1 2992/7/1 
f 3079/4/1 3080/5/1 3081/7/1 
f 2978/4/1 3082/12/1 3083/7/1 
f 3084/4/1 3085/5/1 2930/7/1 
f 3086/4/1 3087/5/1 3035/7/1 
f 3088/4/1 2966/1/1 2965/7/1 
f 2989/4/1 3089/10/1 3024/7/1 
f 3071/4/1 3090/12/1 2921/7/1 
f 3091/4/1 3092/5/1 3012/7/1 
f 3062/4/1 3093/5/1 3049/7/1 
f 3094/4/1 2980/5/1 2990/7/1 
f 3095/4/1 192/1/1 3048/7/1 
f 3096/4/1 3058/5/1 2933/7/1 
f 3097/4/1 3098/5/1 3079/7/1 
f 3099/4/1 3100/5/1 3054/7/1 
f 3101/4/1 3102/12/1 3063/7/1 
f 3103/4/1 3104/8/1 2950/7/1 
f 2975/4/1 3105/5/1 3106/7/1 
f 2991/1/1 2990/7/1 2980/5/1 
f 3107/1/1 2929/7/1 2928/5/1 
f 3023/1/1 3005/4/1 3108/5/1 
f 3057/1/1 3027/7/1 3026/5/1 
f 3109/1/1 2967/7/1 2966/5/1 
f 3015/1/1 2915/7/1 2914/5/1 
f 2922/1/1 2918/7/1 2917/5/1 
f 3080/1/1 3079/7/1 3098/5/1 
f 3036/1/1 3035/7/1 3087/5/1 
f 192/1/1 3095/4/1 2908/5/1 
f 3110/1/1 2999/7/1 3111/5/1 
f 3112/1/1 2992/7/1 3078/5/1 
f 3105/1/1 2975/7/1 2974/5/1 
f 2934/1/1 2933/7/1 3058/5/1 
f 2917/1/1 3066/4/1 3113/5/1 
f 3114/1/1 2986/7/1 2959/5/1 
f 354/1/1 2959/7/1 2958/5/1 
f 3055/1/1 3054/7/1 3100/5/1 
f 2927/1/1 3058/7/1 3057/5/1 
f 3013/1/1 3012/4/1 3115/5/1 
f 3116/1/1 3049/7/1 3093/5/1 
f 3117/1/1 3039/7/1 3038/5/1 
f 192/1/1 87/7/1 2994/5/1 
f 354/1/1 2986/4/1 3114/5/1 
f 2966/1/1 3088/4/1 3118/5/1 
f 2931/1/1 2930/7/1 3085/5/1 
f 3119/1/1 3010/7/1 745/5/1 
f 2994/1/1 2993/7/1 3048/5/1 
f 2920/1/1 2919/7/1 3073/5/1 
f 2939/1/1 2938/4/1 3120/5/1 
f 3121/1/1 2969/7/1 3051/5/1 
f 3122/1/1 854/7/1 2942/5/1 
f 3116/1/1 3022/7/1 2905/5/1 
f 2995/1/1 3002/7/1 3123/5/1 
f 3038/1/1 2983/7/1 3124/5/1 
f 3088/1/1 2967/7/1 3041/5/1 
f 3125/1/1 3106/7/1 3105/5/1 
f 3078/1/1 3030/7/1 3029/5/1 
f 3043/1/1 3116/4/1 3126/5/1 
f 3070/1/1 3069/4/1 3065/5/1 
f 3072/1/1 2921/7/1 3070/5/1 
f 2956/4/1 3127/5/1 2968/1/1 
f 3128/1/1 2926/7/1 2918/5/1 
f 3072/1/1 3065/7/1 3129/5/1 
f 2971/1/1 2970/7/1 3002/5/1 
f 3093/1/1 3062/7/1 3022/5/1 
f 3041/1/1 3042/4/1 2947/5/1 
f 3130/1/1 3075/7/1 3131/14/1 
f 123/1/1 3010/4/1 3119/5/1 
f 3132/1/1 2950/7/1 3133/5/1 
f 3134/1/1 2935/7/1 3050/14/1 
f 3123/1/1 3000/7/1 3032/5/1 
f 2958/1/1 3135/4/1 753/5/1 
f 3089/10/1 3003/1/1 3024/7/1 
f 2952/1/1 2951/7/1 3011/5/1 
f 3129/1/1 3063/7/1 3136/5/1 
f 3003/1/1 3076/4/1 2910/5/1 
f 3137/1/1 3020/7/1 3019/5/1 
f 3082/12/1 3138/1/1 3083/7/1 
f 3139/1/1 2950/4/1 3132/5/1 
f 2922/1/1 2926/4/1 3128/5/1 
f 3088/1/1 2947/7/1 2902/5/1 
f 3140/1/1 2921/7/1 3141/14/1 
f 3053/1/1 2997/7/1 3142/5/1 
f 3017/5/1 3074/1/1 3018/7/1 
f 3143/1/1 3056/7/1 3055/5/1 
f 3019/1/1 2964/7/1 2963/5/1 
f 3144/1/1 2989/7/1 2988/5/1 
f 3145/1/1 3068/7/1 3067/5/1 
f 3146/1/1 2932/7/1 2931/5/1 
f 3147/1/1 2943/7/1 2953/5/1 
f 3108/1/1 3005/7/1 3004/5/1 
f 3148/1/1 3081/7/1 3080/5/1 
f 2995/1/1 2972/7/1 2971/5/1 
f 3149/1/1 3049/7/1 3043/5/1 
f 2927/1/1 2935/7/1 2934/5/1 
f 3111/1/1 2924/7/1 2923/5/1 
f 3150/1/1 2972/7/1 3053/5/1 
f 123/1/1 109/7/1 2952/5/1 
f 3151/1/1 863/7/1 2937/5/1 
f 3152/1/1 816/7/1 3147/5/1 
f 2942/1/1 2941/7/1 3052/5/1 
f 3127/1/1 2956/7/1 2955/5/1 
f 3051/1/1 2985/7/1 2984/5/1 
f 3028/1/1 2992/7/1 2991/5/1 
f 2968/1/1 2955/7/1 3015/5/1 
f 3067/1/1 3008/7/1 3007/5/1 
f 3115/1/1 3012/7/1 3092/5/1 
f 3153/1/1 3037/7/1 3036/5/1 
f 2937/1/1 2936/7/1 2979/5/1 
f 3028/1/1 2980/7/1 2939/5/1 
f 3154/1/1 2978/7/1 2977/5/1 
f 3155/4/1 2912/5/1 2911/6/1 
f 3156/4/1 744/5/1 3157/13/1 
f 3158/11/1 3159/6/1 2906/4/1 
f 2903/2/1 2902/1/1 2946/6/1 
usemtl Material__3
f 87/1/1 661/7/1 3047/5/1 
f 3151/1/1 3160/7/1 863/5/1 
f 2967/1/1 3161/7/1 3042/5/1 
f 3024/1/1 3162/7/1 2987/5/1 
f 87/1/1 661/7/1 3047/5/1 
f 3163/4/1 3049/1/1 3164/7/1 
f 3162/4/1 3023/1/1 3165/7/1 
f 3024/1/1 3162/7/1 2989/15/1 
f 87/1/1 661/7/1 3047/5/1 
f 3149/1/1 3166/7/1 3049/5/1 
f 3023/1/1 3165/7/1 3024/5/1 
f 3049/1/1 3164/7/1 3060/5/1 
f 3109/1/1 3167/7/1 2967/5/1 
f 3049/1/1 3164/7/1 3060/5/1 
f 3149/1/1 3166/7/1 3049/5/1 
f 3109/1/1 3167/7/1 2967/5/1 
f 2967/1/1 3161/7/1 3042/5/1 
f 3151/1/1 3160/7/1 863/5/1 
f 3024/1/1 3162/7/1 2987/5/1 
f 2967/1/1 3161/7/1 3042/5/1 
f 3163/4/1 3060/5/1 3164/7/1 
f 3164/4/1 3049/5/1 3166/7/1 
f 3168/4/1 2987/5/1 3162/7/1 
f 3163/4/1 3060/5/1 3164/7/1 
f 3168/4/1 2987/5/1 3162/7/1 
f 3168/4/1 2987/5/1 3162/7/1 
f 3169/4/1 3047/5/1 661/7/1 
f 3162/4/1 3024/5/1 3165/7/1 
f 3164/4/1 3049/5/1 3166/7/1 
f 3169/4/1 3047/5/1 661/7/1 
f 3170/4/1 3171/10/1 3161/7/1 
f 1034/4/1 863/5/1 3160/7/1 
f 3049/1/1 3163/4/1 3060/5/1 
f 3161/4/1 3172/12/1 3167/7/1 
f 3170/4/1 3042/5/1 3161/7/1 
f 3170/4/1 3042/5/1 3161/7/1 
f 1034/4/1 863/5/1 3160/7/1 
f 3023/1/1 3162/4/1 3024/5/1 
f 3169/4/1 3047/5/1 661/7/1 
f 3161/4/1 2967/5/1 3167/7/1 
f 3173/4/1 3011/1/1 3142/7/1 
f 2960/1/1 3150/7/1 3011/5/1 
f 3048/1/1 3126/7/1 3156/5/1 
f 3011/1/1 3142/7/1 3009/5/1 
f 2955/1/1 2928/7/1 3174/16/1 
f 3022/1/1 3004/7/1 2906/5/1 
f 2959/1/1 2984/7/1 3135/5/1 
f 3059/1/1 3112/7/1 3002/5/1 
f 3166/4/1 3149/5/1 3169/7/1 
f 2960/1/1 3150/7/1 3011/5/1 
f 3004/4/1 3060/1/1 3023/7/1 
f 3046/1/1 3121/7/1 3175/15/1 
f 3048/1/1 3126/7/1 3156/5/1 
f 3059/1/1 3112/7/1 3002/5/1 
f 3126/4/1 3047/1/1 3149/7/1 
f 3165/4/1 3176/13/1 3163/7/1 
f 2959/1/1 2984/7/1 2957/15/1 
f 3165/4/1 3023/5/1 3163/7/1 
f 3177/9/1 3178/11/1 3029/7/1 
f 3022/1/1 3004/7/1 2906/5/1 
f 3004/4/1 3060/1/1 3023/7/1 
f 3166/4/1 3149/5/1 3169/7/1 
f 3002/1/1 3029/7/1 3031/5/1 
f 3166/4/1 3149/5/1 3169/7/1 
f 3179/4/1 2955/1/1 2928/7/1 
f 3166/4/1 3047/1/1 3169/7/1 
f 3046/1/1 3121/7/1 2959/5/1 
f 3165/4/1 3023/5/1 3163/7/1 
f 3165/4/1 3060/1/1 3163/7/1 
f 2954/1/1 3134/7/1 2955/5/1 
f 3126/4/1 3047/1/1 3149/7/1 
f 2954/1/1 3134/7/1 2955/5/1 
f 2955/1/1 3179/4/1 2913/5/1 
f 3180/4/1 2906/5/1 3004/7/1 
f 3060/1/1 3004/4/1 3022/5/1 
f 3047/1/1 3126/4/1 3048/5/1 
f 3029/4/1 3002/5/1 3112/7/1 
f 2928/4/1 2955/5/1 3134/7/1 
f 3029/4/1 3002/5/1 3112/7/1 
f 2984/4/1 2959/5/1 3121/7/1 
f 3047/1/1 3169/7/1 3149/5/1 
f 3060/1/1 3163/7/1 3023/5/1 
f 3181/4/1 3156/5/1 3126/7/1 
f 3173/4/1 3009/5/1 3142/7/1 
f 3060/1/1 3165/4/1 3023/5/1 
f 3060/1/1 3163/7/1 3182/14/1 
f 3183/4/1 3135/5/1 2984/7/1 
f 3047/1/1 3166/4/1 3149/5/1 
f 3047/1/1 3169/7/1 3149/5/1 
f 3179/4/1 2913/5/1 2928/7/1 
f 3002/1/1 3177/9/1 3031/5/1 
f 3181/4/1 3184/8/1 3126/7/1 
f 3047/1/1 3126/4/1 3185/15/1 
f 2984/4/1 2959/5/1 3121/7/1 
f 3186/4/1 3031/5/1 3029/7/1 
f 3180/4/1 2906/5/1 3004/7/1 
f 3047/1/1 3169/7/1 3149/5/1 
f 2928/4/1 2955/5/1 3134/7/1 
f 3183/4/1 3135/5/1 2984/7/1 
f 3142/4/1 3011/5/1 3150/7/1 
f 3060/1/1 3165/4/1 3023/5/1 
f 3011/1/1 3173/4/1 3009/5/1 
f 3142/4/1 3011/5/1 3150/7/1 
f 3060/1/1 3004/4/1 3022/5/1 
f 3096/1/1 3140/7/1 3058/5/1 
f 2988/1/1 3118/7/1 3155/5/1 
f 2988/1/1 3118/7/1 3155/5/1 
f 2980/1/1 2923/7/1 2938/5/1 
f 2980/1/1 2923/7/1 2938/5/1 
f 3187/2/1 3058/1/1 3073/7/1 
f 3118/4/1 2987/1/1 3109/7/1 
f 3094/1/1 3110/7/1 2980/5/1 
f 3096/1/1 3140/7/1 3058/5/1 
f 3094/1/1 3110/7/1 2980/5/1 
f 3118/4/1 2987/1/1 3109/7/1 
f 3188/18/1 3058/1/1 3073/7/1 
f 3167/4/1 3109/5/1 3168/7/1 
f 3167/4/1 3109/5/1 3168/7/1 
f 2953/4/1 2925/1/1 3152/7/1 
f 2947/1/1 2979/7/1 2945/15/1 
f 3042/1/1 3151/7/1 2947/5/1 
f 3160/4/1 3151/5/1 3170/7/1 
f 3189/4/1 2918/1/1 2953/7/1 
f 3160/4/1 3151/5/1 3170/7/1 
f 2925/1/1 3152/7/1 2918/5/1 
f 3042/1/1 3151/7/1 3190/15/1 
f 3069/1/1 3122/7/1 3065/5/1 
f 2953/7/1 3191/2/1 3192/19/1 
f 3069/1/1 3122/7/1 3065/5/1 
f 3193/2/1 3194/13/1 3170/7/1 
f 3167/4/1 3109/5/1 3168/7/1 
f 3160/4/1 3151/5/1 3170/7/1 
f 3167/4/1 3109/5/1 3168/7/1 
f 3195/4/1 3065/1/1 3052/7/1 
f 2947/1/1 2979/7/1 2945/15/1 
f 3065/1/1 3052/7/1 3101/5/1 
f 3196/4/1 3155/5/1 3118/7/1 
f 2923/4/1 2980/5/1 3110/7/1 
f 2979/4/1 2947/5/1 3151/7/1 
f 3052/4/1 3065/5/1 3122/7/1 
f 3073/4/1 3058/5/1 3140/7/1 
f 3195/4/1 3101/5/1 3052/7/1 
f 3073/4/1 3058/5/1 3140/7/1 
f 2987/1/1 3168/7/1 3109/5/1 
f 2918/1/1 3189/4/1 3066/5/1 
f 3058/1/1 3188/18/1 3025/5/1 
f 3052/4/1 3065/5/1 3122/7/1 
f 2987/1/1 3168/7/1 3109/5/1 
f 3042/1/1 3170/7/1 3197/14/1 
f 2979/4/1 3190/15/1 3151/7/1 
f 2987/1/1 3168/7/1 3109/5/1 
f 3042/1/1 3193/2/1 3151/5/1 
f 3189/4/1 3066/5/1 3192/19/1 
f 2987/1/1 3118/4/1 2988/5/1 
f 2953/4/1 3198/12/1 3152/7/1 
f 3199/4/1 3200/5/1 2979/7/1 
f 3201/4/1 3025/5/1 3058/1/1 
f 2987/1/1 3168/7/1 3109/5/1 
f 3199/4/1 3200/5/1 2979/7/1 
f 3202/4/1 2938/5/1 2923/7/1 
f 2987/1/1 3118/4/1 2988/5/1 
f 3202/4/1 2938/5/1 2923/7/1 
f 2925/1/1 2953/4/1 2918/5/1 
f 2923/4/1 2980/5/1 3110/7/1 
f 3042/1/1 3170/7/1 3151/5/1 
f 3042/1/1 3170/7/1 3151/5/1 
f 3196/4/1 3155/5/1 3118/7/1 
f 3065/1/1 3195/4/1 3101/5/1 
f 2925/1/1 3101/7/1 3152/5/1 
f 3059/1/1 2913/7/1 3112/5/1 
f 3069/1/1 3200/7/1 3122/5/1 
f 2992/1/1 3026/7/1 3094/5/1 
f 3069/1/1 3200/7/1 3122/5/1 
f 2960/1/1 3135/7/1 3150/5/1 
f 3203/12/1 2935/1/1 2912/7/1 
f 3140/1/1 3196/7/1 2921/5/1 
f 2906/4/1 2969/1/1 2907/7/1 
f 3113/4/1 3204/1/1 3202/7/1 
f 3059/1/1 2913/7/1 3112/5/1 
f 3121/1/1 3181/7/1 2969/5/1 
f 3205/1/1 3120/7/1 3206/16/1 
f 2999/1/1 3136/7/1 2925/5/1 
f 3207/1/1 2938/7/1 3204/5/1 
f 3156/4/1 101/1/1 744/7/1 
f 3150/1/1 3183/7/1 3208/16/1 
f 3209/1/1 3113/7/1 3210/15/1 
f 3110/1/1 3201/7/1 2999/5/1 
f 2954/5/1 2969/1/1 2907/7/1 
f 3211/1/1 3066/7/1 3212/5/1 
f 2954/1/1 2906/7/1 3134/5/1 
f 2954/1/1 2906/7/1 3134/5/1 
f 2972/1/1 2914/7/1 2970/15/1 
f 2925/1/1 3101/7/1 3152/5/1 
f 3112/1/1 3179/7/1 3213/16/1 
f 2960/1/1 3135/7/1 3150/5/1 
f 2921/1/1 3214/7/1 3069/5/1 
f 109/1/1 753/7/1 2960/5/1 
f 3215/1/1 3186/7/1 3205/5/1 
f 3211/1/1 3066/7/1 3212/5/1 
f 3199/4/1 3069/1/1 3200/7/1 
f 3112/1/1 3179/7/1 3213/16/1 
f 2972/1/1 2914/7/1 3059/5/1 
f 3216/17/1 3217/1/1 3032/7/1 
f 3096/1/1 3155/7/1 3140/5/1 
f 3173/4/1 3218/1/1 3009/7/1 
f 3046/1/1 3156/7/1 3121/5/1 
f 3046/1/1 3156/7/1 3121/5/1 
f 3096/1/1 3155/7/1 3140/5/1 
f 3025/4/1 2992/1/1 3026/7/1 
f 2906/4/1 2969/1/1 2907/7/1 
f 2999/1/1 3136/7/1 2925/5/1 
f 3218/1/1 3009/7/1 3219/5/1 
f 742/1/1 745/7/1 3218/5/1 
f 101/1/1 744/7/1 3046/5/1 
f 3094/1/1 3025/7/1 3110/5/1 
f 3094/1/1 3025/7/1 3220/12/1 
f 3069/1/1 3200/7/1 3122/5/1 
f 3046/1/1 3156/7/1 3221/14/1 
f 3218/1/1 3009/7/1 3219/5/1 
f 3219/1/1 3173/7/1 3217/5/1 
f 3155/4/1 2935/1/1 2912/7/1 
f 3209/1/1 3113/7/1 3211/5/1 
f 3181/4/1 3046/1/1 3156/7/1 
f 3222/11/1 3066/7/1 3189/4/1 
f 2921/1/1 3214/7/1 3069/5/1 
f 3113/4/1 3204/1/1 3202/7/1 
f 3223/1/1 3031/7/1 3215/5/1 
f 2992/1/1 3026/7/1 3094/5/1 
f 2954/1/1 2906/7/1 3134/5/1 
f 3134/1/1 3180/7/1 2935/5/1 
f 3217/1/1 3032/7/1 3223/5/1 
f 3207/1/1 2938/7/1 3204/5/1 
f 3140/1/1 3196/7/1 2921/5/1 
f 101/1/1 744/7/1 3046/5/1 
f 3203/12/1 2935/1/1 2912/7/1 
f 3122/1/1 3199/7/1 854/5/1 
f 3223/1/1 3031/7/1 3215/5/1 
f 2913/4/1 2972/1/1 2914/7/1 
f 3094/1/1 3025/7/1 3110/5/1 
f 3152/1/1 3195/7/1 816/5/1 
f 3212/1/1 3189/7/1 1096/5/1 
f 2954/1/1 2906/7/1 3134/5/1 
f 3218/1/1 3009/7/1 3219/5/1 
f 3196/4/1 3096/1/1 3155/7/1 
f 2925/1/1 3101/7/1 3152/5/1 
f 3096/1/1 3155/7/1 3140/5/1 
f 3059/1/1 2913/7/1 3112/5/1 
f 2960/1/1 3135/7/1 3150/5/1 
f 3152/1/1 3195/7/1 816/5/1 
f 742/1/1 745/7/1 3218/5/1 
f 742/1/1 745/7/1 3218/5/1 
f 109/1/1 753/7/1 2960/5/1 
f 2921/1/1 3214/7/1 3069/5/1 
f 3059/1/1 2913/7/1 3112/5/1 
f 2914/4/1 3150/1/1 3183/7/1 
f 3223/1/1 3031/7/1 3215/5/1 
f 3207/1/1 2938/7/1 3204/5/1 
f 3094/1/1 3025/7/1 3110/5/1 
f 2938/4/1 3205/1/1 3120/7/1 
f 109/1/1 753/7/1 2960/5/1 
f 3223/1/1 3031/7/1 3215/5/1 
f 3209/1/1 3113/7/1 3211/5/1 
f 3224/17/1 3121/1/1 3181/7/1 
f 3134/1/1 3180/7/1 2935/5/1 
f 3217/1/1 3032/7/1 3223/5/1 
f 3207/1/1 2938/7/1 3202/4/1 
f 2999/1/1 3136/7/1 2925/5/1 
f 3195/4/1 2925/1/1 3101/7/1 
f 2960/1/1 3135/7/1 3150/5/1 
f 3110/1/1 3201/7/1 2999/5/1 
f 3219/1/1 3173/7/1 3217/5/1 
f 3215/1/1 3186/7/1 3205/5/1 
f 3212/1/1 3189/7/1 1096/5/1 
f 3205/1/1 3120/7/1 3207/5/1 
f 3211/1/1 3066/7/1 3212/5/1 
f 3122/1/1 3199/7/1 854/5/1 
f 3196/4/1 3140/5/1 3155/7/1 
f 769/4/1 854/5/1 3199/7/1 
f 3202/4/1 3204/5/1 2938/7/1 
f 3186/4/1 3215/5/1 3031/7/1 
f 3196/4/1 3140/5/1 3155/7/1 
f 101/1/1 3156/4/1 3046/5/1 
f 3200/4/1 3069/5/1 3214/7/1 
f 3101/4/1 2925/5/1 3136/7/1 
f 3181/4/1 3121/5/1 3046/1/1 
f 3069/1/1 3199/4/1 3122/5/1 
f 879/4/1 1096/5/1 3189/7/1 
f 3031/4/1 3223/5/1 3032/7/1 
f 3120/4/1 3205/5/1 3186/7/1 
f 3183/4/1 3150/5/1 3135/7/1 
f 3202/4/1 3204/5/1 2938/7/1 
f 3199/4/1 3122/5/1 3200/7/1 
f 3136/4/1 2999/5/1 3201/7/1 
f 3200/4/1 3069/5/1 3214/7/1 
f 3214/4/1 2921/5/1 3196/7/1 
f 3211/1/1 3189/4/1 3212/5/1 
f 769/4/1 854/5/1 3199/7/1 
f 3009/4/1 3218/5/1 745/7/1 
f 2972/1/1 2913/4/1 3059/5/1 
f 3199/4/1 3122/5/1 3200/7/1 
f 3101/4/1 2925/5/1 3136/7/1 
f 3183/4/1 3150/5/1 3135/7/1 
f 2906/4/1 2954/5/1 2907/7/1 
f 3150/1/1 2914/4/1 2972/5/1 
f 3173/4/1 3219/5/1 3009/7/1 
f 3189/4/1 3212/5/1 3066/7/1 
f 3186/4/1 3215/5/1 3031/7/1 
f 3179/4/1 3112/5/1 2913/7/1 
f 3181/4/1 3121/5/1 3156/7/1 
f 3009/4/1 3218/5/1 745/7/1 
f 3200/4/1 3069/5/1 3214/7/1 
f 3183/4/1 3150/5/1 3135/7/1 
f 3196/4/1 3140/5/1 3155/7/1 
f 2912/4/1 2935/5/1 3180/7/1 
f 3181/4/1 3221/14/1 3156/7/1 
f 3173/4/1 3219/5/1 3009/7/1 
f 2938/4/1 3225/10/1 3120/7/1 
f 3155/4/1 3203/12/1 2912/7/1 
f 3201/4/1 3220/12/1 3025/7/1 
f 3201/4/1 3110/5/1 3025/7/1 
f 3096/1/1 3196/4/1 3140/5/1 
f 3183/4/1 3150/5/1 3135/7/1 
f 3121/1/1 3224/17/1 2969/5/1 
f 3195/4/1 3152/5/1 3101/7/1 
f 3026/4/1 2992/5/1 3179/7/1 
f 3179/4/1 3226/8/1 2913/7/1 
f 3156/4/1 3227/10/1 744/7/1 
f 3032/4/1 3217/5/1 3173/7/1 
f 2913/4/1 3059/5/1 2914/7/1 
f 2935/1/1 3155/4/1 3096/5/1 
f 3025/4/1 3094/5/1 3026/7/1 
f 3120/4/1 3205/5/1 3186/7/1 
f 3204/1/1 3113/4/1 3209/5/1 
f 3155/4/1 3203/12/1 2912/7/1 
f 2907/4/1 3228/10/1 3181/7/1 
f 3031/4/1 3223/5/1 3032/7/1 
f 3066/4/1 3211/5/1 3113/7/1 
f 2992/1/1 3025/4/1 3094/5/1 
f 3189/4/1 3229/12/1 3066/7/1 
f 3195/4/1 3152/5/1 3101/7/1 
f 2914/4/1 2972/5/1 3183/7/1 
f 3217/1/1 3216/17/1 3223/5/1 
f 2938/4/1 3207/5/1 3120/7/1 
f 2969/1/1 2906/4/1 2954/5/1 
f 2913/4/1 3059/5/1 2914/7/1 
f 3230/17/1 3213/16/1 3179/7/1 
f 3179/4/1 3231/10/1 2913/7/1 
f 3173/4/1 3219/5/1 3009/7/1 
f 3066/4/1 3211/5/1 3113/7/1 
f 3135/4/1 2960/5/1 753/7/1 
f 3214/4/1 2921/5/1 3196/7/1 
f 2925/1/1 3195/4/1 3152/5/1 
f 3032/4/1 3217/5/1 3173/7/1 
f 3180/4/1 3134/5/1 2906/7/1 
f 3180/4/1 3134/5/1 2906/7/1 
f 3101/4/1 2925/5/1 3136/7/1 
f 3180/4/1 3134/5/1 2906/7/1 
f 3181/4/1 3121/5/1 3156/7/1 
f 3025/4/1 3094/5/1 3026/7/1 
f 2912/4/1 2935/5/1 3180/7/1 
f 3218/1/1 3173/4/1 3219/5/1 
f 3189/4/1 3212/5/1 3066/7/1 
f 3201/4/1 3110/5/1 3025/7/1 
f 3199/4/1 3122/5/1 3200/7/1 
f 3207/1/1 3202/4/1 3204/5/1 
f 3136/4/1 2999/5/1 3201/7/1 
f 3180/4/1 3134/5/1 2906/7/1 
f 3009/4/1 3218/5/1 745/7/1 
f 1009/4/1 816/5/1 3195/7/1 
f 3186/4/1 3215/5/1 3031/7/1 
f 3202/4/1 3204/5/1 2938/7/1 
f 3205/1/1 2938/4/1 3207/5/1 
f 3204/1/1 3113/4/1 3209/5/1 
f 3186/4/1 3215/5/1 3031/7/1 
f 879/4/1 1096/5/1 3189/7/1 
f 3066/4/1 3211/5/1 3113/7/1 
f 3201/4/1 3110/5/1 3025/7/1 
f 1009/4/1 816/5/1 3195/7/1 
f 3179/4/1 3112/5/1 2913/7/1 
f 3195/4/1 3152/5/1 3101/7/1 
f 3135/4/1 2960/5/1 753/7/1 
f 3135/4/1 2960/5/1 753/7/1 
f 2969/1/1 2906/4/1 2954/5/1 
f 3156/4/1 3046/5/1 744/7/1 
usemtl Material__2
f 2946/6/1 3232/13/1 2903/2/1 
f 3233/13/1 3021/7/1 2906/4/1 
f 3232/13/1 2945/7/1 2903/2/1 
f 3157/13/1 3095/7/1 3156/4/1 
f 3233/13/1 2906/4/1 3159/6/1 
f 3157/13/1 744/5/1 2909/6/1 
f 3234/13/1 3076/7/1 3155/4/1 
f 2911/6/1 3234/13/1 3155/4/1 
usemtl Material__3
f 3172/12/1 3235/10/1 3167/7/1 
f 3235/10/1 2967/5/1 3167/7/1 
f 3231/10/1 3112/5/1 2913/7/1 
f 2945/15/1 2979/7/1 3200/5/1 
f 3026/4/1 2992/5/1 3230/17/1 
usemtl Material__2
f 3077/10/1 3111/5/1 2999/7/1 
usemtl Material__3
f 2970/15/1 2914/7/1 3059/5/1 
usemtl Material__2
f 2996/8/1 3142/5/1 2997/7/1 
usemtl Material__3
f 3236/9/1 3058/1/1 3187/2/1 
usemtl Material__2
f 2946/10/1 2902/5/1 2947/7/1 
usemtl Material__3
f 3058/1/1 3236/9/1 3201/4/1 
usemtl Material__2
f 2926/4/1 2922/1/1 2998/11/1 
usemtl Material__3
f 3031/4/1 3223/5/1 3216/17/1 
f 2945/15/1 2979/7/1 3200/5/1 
usemtl Material__2
f 3141/14/1 2921/7/1 2920/5/1 
usemtl Material__3
f 3198/12/1 2918/5/1 3152/7/1 
f 3185/15/1 3126/4/1 3048/5/1 
usemtl Material__2
f 2950/4/1 3139/1/1 2948/11/1 
usemtl Material__3
f 3208/16/1 3183/7/1 2972/5/1 
f 3189/4/1 3192/19/1 3191/2/1 
f 3229/12/1 3212/5/1 3066/7/1 
f 3160/4/1 3237/12/1 3193/2/1 
usemtl Material__2
f 3138/1/1 3082/12/1 3154/5/1 
usemtl Material__3
f 2989/15/1 3162/7/1 2987/5/1 
f 3210/15/1 3113/7/1 3211/5/1 
f 2935/1/1 3203/12/1 3096/5/1 
f 3177/9/1 3002/1/1 3178/11/1 
f 3228/10/1 2969/5/1 3181/7/1 
usemtl Material__2
f 2982/10/1 3124/5/1 2983/7/1 
usemtl Material__3
f 3237/12/1 3151/5/1 3193/2/1 
usemtl Material__2
f 2944/10/1 3147/5/1 816/7/1 
f 3102/12/1 3136/5/1 3063/7/1 
f 2961/12/1 3011/5/1 2951/7/1 
f 3003/1/1 3089/10/1 3144/5/1 
f 2906/4/1 2905/1/1 3158/11/1 
f 3050/14/1 2929/4/1 3107/5/1 
f 3135/4/1 2958/1/1 3033/13/1 
f 3043/1/1 3045/2/1 3116/4/1 
usemtl Material__3
f 3193/2/1 3042/1/1 3194/13/1 
f 3190/15/1 2979/4/1 2947/5/1 
f 3184/8/1 3156/5/1 3126/7/1 
f 3227/10/1 3046/5/1 744/7/1 
f 3175/15/1 3121/7/1 2959/5/1 
f 3226/8/1 3112/5/1 2913/7/1 
f 3213/16/1 3179/7/1 2992/5/1 
usemtl Material__2
f 3001/8/1 3123/5/1 3002/7/1 
usemtl Material__3
f 3213/16/1 3230/17/1 2992/5/1 
f 2907/4/1 2969/5/1 3224/17/1 
f 3186/4/1 3031/5/1 3177/9/1 
usemtl Material__2
f 2904/3/1 2903/2/1 3200/4/1 
usemtl Material__3
f 3174/16/1 2928/7/1 2913/5/1 
usemtl Material__2
f 3104/8/1 3133/5/1 2950/7/1 
usemtl Material__3
f 3197/14/1 3170/7/1 3151/5/1 
usemtl Material__2
f 2902/1/1 2904/3/1 3214/5/1 
f 3200/4/1 3214/5/1 2904/3/1 
f 3090/12/1 3070/5/1 2921/7/1 
usemtl Material__3
f 3201/4/1 3025/5/1 3188/18/1 
f 3187/2/1 3188/18/1 3073/7/1 
f 3236/9/1 3188/18/1 3187/2/1 
usemtl Material__2
f 3064/8/1 3129/5/1 3065/7/1 
usemtl Material__3
f 3188/18/1 3236/9/1 3201/4/1 
f 3094/1/1 3220/12/1 3110/5/1 
f 2935/1/1 3203/12/1 3096/5/1 
usemtl Material__2
f 3061/8/1 3022/5/1 3062/7/1 
f 3131/14/1 3075/7/1 3074/5/1 
usemtl Material__3
f 2957/15/1 2984/7/1 3135/5/1 
f 3225/10/1 3207/5/1 3120/7/1 
f 3182/14/1 3163/7/1 3023/5/1 
f 3165/4/1 3060/1/1 3176/13/1 
f 3189/4/1 3211/1/1 3222/11/1 
f 3192/19/1 2918/1/1 2953/7/1 
f 2918/1/1 3192/19/1 3066/5/1 
f 3221/14/1 3181/4/1 3121/5/1 
f 3171/10/1 3042/5/1 3161/7/1 
f 3206/16/1 3120/7/1 3207/5/1 
usemtl Material__2
f 3034/2/1 3135/4/1 3033/13/1 
# 0 polygons - 6017 triangles

